passage,samples,accelerator_mean_ms,device_call_mean_ms,application_e2e_mean_ms,passage_duration_ms,passage_throughput_inf_s
0,30,0.18120199999999997,0.5002516666666667,0.709619,22.14456,1354.7345262222414
1,30,0.17722499999999997,0.48839899999999997,0.6959040000000001,21.69167,1383.0193802505755
2,30,0.1784726666666666,0.48954633333333336,0.6983026666666666,21.74907,1379.3693247573344
3,30,0.18198466666666668,0.49488133333333334,0.7033186666666666,21.92068,1368.5706830262563
4,30,0.17926466666666668,0.4945786666666668,0.703583,21.92127,1368.5338486319451
5,30,0.17691066666666666,0.4911246666666667,0.698295,21.75117,1379.2361514346126
6,30,0.17695366666666662,0.489321,0.6968043333333335,21.70662,1382.0668533378298
7,30,0.1769166666666667,0.49029900000000004,0.6969983333333335,21.72134,1381.130261761015
8,30,0.18216233333333334,0.5015103333333333,0.7124626666666665,22.1879,1352.0883003799368
9,30,0.17625033333333334,0.4865756666666667,0.6934720000000001,21.61268,1388.0740380184227
10,30,0.17780800000000002,0.48754299999999995,0.6946096666666667,21.64359,1386.091678875824
11,30,0.175898,0.4873373333333333,0.6955086666666667,21.66667,1384.615171597666
12,30,0.1817446666666667,0.4931126666666667,0.7024849999999999,21.88814,1370.6052684239044
13,30,0.17826233333333336,0.49207999999999996,0.7000763333333333,21.84085,1373.5729149735473
14,30,0.17687766666666668,0.4889266666666667,0.6979216666666667,21.74819,1379.4251383678366
15,30,0.176447,0.4859796666666668,0.6926000000000001,21.58226,1390.030515803257
16,30,0.177669,0.48706733333333324,0.6949203333333334,21.6679,1384.5365725335635
17,30,0.18280233333333334,0.49690799999999996,0.705406,21.99719,1363.8105594396375
18,30,0.17782400000000004,0.48733800000000005,0.6946809999999999,21.67943,1383.8002198397282
19,30,0.17662933333333336,0.48627933333333334,0.692336,21.57638,1390.409327236543
20,30,0.17638000000000004,0.4880376666666667,0.6952763333333334,21.66727,1384.5768294759794
21,30,0.1805736666666667,0.4928763333333333,0.7014393333333333,21.85784,1372.5052429700281
22,30,0.178949,0.490685,0.6988106666666666,21.78289,1377.227723226808
23,30,0.17635466666666666,0.4851669999999999,0.6930706666666667,21.61756,1387.7606908457753
24,30,0.1780743333333333,0.4875123333333333,0.6937916666666667,21.63381,1386.7182895661929
25,30,0.1768106666666667,0.4885353333333333,0.6947186666666666,21.64856,1385.7734648401556
26,30,0.18286333333333332,0.5011873333333334,0.7099973333333335,22.1206,1356.2019113405604
27,30,0.17724199999999998,0.484765,0.6910823333333334,21.54006,1392.7537806301375
28,30,0.17618566666666663,0.48287933333333327,0.6887356666666665,21.47029,1397.279682761621
29,30,0.17718866666666663,0.48520066666666667,0.6911979999999999,21.54653,1392.3355640096108
30,30,0.17898499999999995,0.48772433333333337,0.6951640000000001,21.68455,1383.4734868835185
31,30,0.18015499999999998,0.49402700000000005,0.7019856666666667,21.89544,1370.1483048525174
32,30,0.17572800000000002,0.48212833333333344,0.6881456666666668,21.50816,1394.8194545698007
33,30,0.17625633333333332,0.4827903333333333,0.689254,21.48223,1396.503063229469
34,30,0.17646900000000001,0.48375166666666675,0.6867429999999999,21.40518,1401.5299100498105
35,30,0.18660866666666662,0.499458,0.7040803333333334,21.96092,1366.0629882536798
36,30,0.17493966666666666,0.4829266666666667,0.6861653333333334,21.3944,1402.236099166137
37,30,0.17571066666666665,0.48220766666666665,0.6847369999999999,21.34911,1405.2108026985668
38,30,0.17640533333333336,0.4821063333333333,0.6846816666666667,21.35995,1404.497669704283
39,30,0.17763166666666666,0.4837486666666667,0.686999,21.41758,1400.7184751965442
40,30,0.1824136666666667,0.49280066666666666,0.6987739999999999,21.78168,1377.304229976751
41,30,0.17549166666666668,0.48303,0.6860833333333333,21.41548,1400.8558295214489
42,30,0.176082,0.4824646666666667,0.6851613333333333,21.36103,1404.4266592013587
43,30,0.1774463333333333,0.48405166666666677,0.6868036666666667,21.42545,1400.2039630439501
44,30,0.184691,0.5020193333333333,0.7071406666666668,22.02998,1361.7806280350685
45,30,0.17621233333333333,0.48226833333333335,0.6863739999999997,21.4087,1401.2994717100992
46,30,0.17650533333333326,0.4839123333333333,0.6866170000000001,21.4082,1401.3321998112874
47,30,0.17615066666666662,0.48312633333333327,0.6857406666666666,21.39502,1402.1954641781124
48,30,0.17684466666666668,0.4833963333333334,0.6878836666666668,21.44486,1398.9366216426688
49,30,0.1833623333333333,0.5000196666666666,0.7060456666666667,22.0568,1360.1247687787893
50,30,0.17576300000000003,0.48246833333333333,0.6874566666666665,21.43393,1399.6499941914526
51,30,0.176253,0.48310533333333333,0.6858099999999999,21.38217,1403.0381387857267
52,30,0.17658699999999997,0.48333266666666663,0.686845,21.44064,1399.2119638219754
53,30,0.18460300000000004,0.5000146666666667,0.7063416666666666,22.00972,1363.0341503662928
54,30,0.17883333333333334,0.48595499999999997,0.6894543333333334,21.49867,1395.435159477307
55,30,0.17604733333333333,0.4837580000000001,0.6867639999999999,21.41179,1401.09724595655
56,30,0.17562399999999997,0.482941,0.6864176666666667,21.40242,1401.710647674422
57,30,0.17959300000000003,0.48796366666666663,0.692419,21.57893,1390.2450214167245
58,30,0.18326099999999998,0.505236,0.7108406666666666,22.15883,1353.8620947044585
59,30,0.17663533333333337,0.4846776666666667,0.6880750000000001,21.45402,1398.3393322090685
60,30,0.17771466666666666,0.48609966666666665,0.6894779999999998,21.49582,1395.6201717357142
61,30,0.17621033333333333,0.48307933333333325,0.6880403333333334,21.45451,1398.3073955079842
62,30,0.18432533333333334,0.49861133333333335,0.703607,21.92871,1368.0695307658316
63,30,0.17663299999999998,0.48347599999999996,0.6874816666666665,21.46897,1397.3655932259442
64,30,0.17611066666666672,0.48297266666666666,0.6863516666666666,21.42367,1400.3202999299374
65,30,0.17576233333333338,0.4820473333333333,0.6845630000000001,21.34726,1405.3325813242543
66,30,0.17629666666666668,0.48349033333333336,0.6872463333333333,21.42757,1400.0654297244157
67,30,0.1837183333333333,0.500895,0.7073806666666668,22.0935,1357.8654355353385
68,30,0.17855266666666667,0.4841006666666666,0.688381,21.46353,1397.7197599835627
69,30,0.17585766666666666,0.4826336666666666,0.6858283333333334,21.40588,1401.484078206549
70,30,0.17552566666666666,0.483176,0.6862516666666667,21.39627,1402.113545959179
71,30,0.184103,0.496422,0.7028993333333332,21.90712,1369.4177965885065
72,30,0.175707,0.4842303333333333,0.687897,21.45085,1398.5459783644937
73,30,0.17663800000000002,0.48289366666666667,0.6872503333333333,21.42763,1400.0615093689782
74,30,0.175643,0.48205166666666666,0.6853346666666664,21.38249,1403.0171415957636
75,30,0.17578133333333337,0.48200933333333323,0.686278,21.41083,1401.1600671249084
76,30,0.18377233333333332,0.5015703333333333,0.7076946666666668,22.05274,1360.37517333447
77,30,0.1762006666666667,0.48335500000000003,0.6877739999999999,21.44241,1399.0964635038692
78,30,0.1763116666666667,0.483187,0.6858746666666667,21.40127,1401.7859687766193
79,30,0.17719633333333334,0.4839696666666667,0.6863823333333333,21.41131,1401.128655836565
80,30,0.1807216666666667,0.4928179999999999,0.6973489999999999,21.73392,1380.3308376951788
81,30,0.18008933333333335,0.4872233333333334,0.6905813333333335,21.57225,1390.675520634148
82,30,0.17684899999999998,0.4847906666666667,0.68877,21.47436,1397.0148586500366
83,30,0.1769013333333333,0.48260999999999993,0.6855673333333335,21.37444,1403.5455431814821
84,30,0.17692299999999997,0.4827686666666667,0.6865426666666666,21.42019,1400.5478009298704
85,30,0.18277600000000002,0.4993776666666666,0.7043480000000001,21.9738,1365.262266881468
86,30,0.17658599999999997,0.48301433333333327,0.6875516666666666,21.45827,1398.0623787472148
87,30,0.17690266666666668,0.48321166666666665,0.6865216666666669,21.40535,1401.5187791837088
88,30,0.1755773333333333,0.4826476666666667,0.68606,21.39022,1402.5101191105093
89,30,0.1796,0.49221966666666667,0.6961726666666668,21.71671,1381.4247185692493
90,30,0.18097966666666668,0.49417933333333325,0.6991669999999999,21.79702,1376.3349301877045
91,30,0.17670400000000003,0.4838443333333332,0.6864003333333335,21.40224,1401.722436530008
92,30,0.17671233333333333,0.4838636666666666,0.686199,21.40711,1401.4035523711514
93,30,0.1770826666666666,0.48355699999999996,0.6859866666666665,21.40605,1401.47294806842
94,30,0.18555166666666664,0.500099,0.704766,21.96131,1366.0387290193526
95,30,0.1772863333333333,0.484636,0.687394,21.43227,1399.7584016998667
96,30,0.1763396666666667,0.48307033333333327,0.6863809999999998,21.40415,1401.597353784196
97,30,0.17586733333333332,0.48196066666666665,0.6848836666666664,21.35509,1404.8173058507364
98,30,0.17754266666666663,0.4848633333333333,0.6884576666666666,21.49131,1395.913045784552
99,30,0.1834686666666667,0.49495799999999995,0.7004723333333334,21.87398,1371.492522165605
100,30,0.17721533333333334,0.48398599999999997,0.6866070000000001,21.40991,1401.220276031053
101,30,0.17627833333333331,0.4837946666666666,0.6862210000000001,21.39882,1401.9464624684913
102,30,0.17694166666666664,0.48429066666666665,0.6867850000000001,21.41549,1400.8551753894028
103,30,0.180989,0.4957173333333333,0.7007013333333334,21.87353,1371.5207376221397
104,30,0.17735199999999998,0.48454499999999995,0.689301,21.51335,1394.4829605802909
105,30,0.17699033333333336,0.48297866666666667,0.6862813333333334,21.40154,1401.7682839646118
106,30,0.17752833333333332,0.4836366666666667,0.6871029999999999,21.42443,1400.2706256362478
107,30,0.176583,0.48286500000000004,0.686309,21.39594,1402.1351714390676
108,30,0.18279533333333337,0.499569,0.7068610000000001,22.04915,1360.5966669916982
109,30,0.17757000000000003,0.485176,0.6879923333333334,21.46386,1397.69827048816
110,30,0.17687233333333333,0.48299533333333333,0.68619,21.41191,1401.0893937065866
111,30,0.1758823333333333,0.48347799999999996,0.6871316666666668,21.42261,1400.3895883834882
112,30,0.18405500000000002,0.497053,0.7026066666666668,21.89745,1370.0225368707315
113,30,0.17580966666666667,0.48220166666666664,0.6867680000000003,21.41856,1400.6543857290126
114,30,0.177326,0.48342433333333334,0.6864290000000002,21.42026,1400.5432240318278
115,30,0.17745699999999998,0.483449,0.6871489999999999,21.44654,1398.8270369019897
116,30,0.175804,0.484384,0.687131,21.4257,1400.187625141769
117,30,0.18191133333333337,0.49555033333333326,0.7008023333333334,21.84596,1373.2516218101653
118,30,0.176499,0.48312200000000005,0.6870433333333333,21.42332,1400.3431774346834
119,30,0.17651200000000003,0.48320700000000005,0.6870313333333333,21.41972,1400.5785323057444
120,30,0.17642766666666665,0.4850063333333333,0.6879713333333333,21.44936,1398.6431296784613
121,30,0.18236033333333332,0.494254,0.7007393333333335,21.85542,1372.6572172943827
122,30,0.17579433333333333,0.4837449999999999,0.6866536666666667,21.41061,1401.1744644360904
123,30,0.17724066666666666,0.4838566666666667,0.6884336666666665,21.46244,1397.7907451342905
124,30,0.17621833333333334,0.483178,0.6863293333333332,21.39904,1401.9320492881923
125,30,0.1774396666666667,0.48438133333333333,0.6877000000000001,21.44183,1399.134308965233
126,30,0.181841,0.4972773333333334,0.7054416666666667,21.99852,1363.7281053452687
127,30,0.17761666666666667,0.48547,0.688829,21.47689,1396.850288845359
128,30,0.17673466666666662,0.48316933333333334,0.6866183333333332,21.40871,1401.2988171636684
129,30,0.17643966666666663,0.48400699999999997,0.6880463333333332,21.45038,1398.576621952618
130,30,0.18294200000000002,0.4954423333333333,0.70042,21.83196,1374.1322354932859
131,30,0.17564333333333332,0.4849613333333333,0.6887369999999999,21.47833,1396.7566379695256
132,30,0.177489,0.4840313333333334,0.6873286666666666,21.45643,1398.1822698370606
133,30,0.17669366666666667,0.4837086666666667,0.6870326666666667,21.42308,1400.3588652985472
134,30,0.1763006666666667,0.48491766666666664,0.6877590000000001,21.44266,1399.0801514364357
135,30,0.18531166666666665,0.5001026666666666,0.7052346666666666,21.98006,1364.873435286346
136,30,0.17607833333333334,0.4849959999999999,0.6879603333333333,21.45179,1398.4846952165765
137,30,0.17727033333333336,0.48384533333333335,0.6871133333333334,21.42417,1400.2876190769584
138,30,0.17671800000000001,0.48448499999999994,0.6876716666666667,21.46626,1397.5420031249039
139,30,0.1808836666666667,0.4941766666666666,0.700132,21.83571,1373.8962461032868
140,30,0.17946066666666666,0.4897926666666666,0.6943819999999999,21.65367,1385.4464393333785
141,30,0.17556299999999997,0.48403766666666664,0.6874166666666667,21.4374,1399.423437543732
142,30,0.17764033333333334,0.4838213333333333,0.6869,21.43359,1399.6721967715162
143,30,0.17642066666666667,0.48305633333333337,0.688047,21.47123,1397.2185105371234
144,30,0.18376533333333336,0.4987066666666667,0.7042783333333333,21.95175,1366.633639687041
145,30,0.17696666666666666,0.48441566666666663,0.6902493333333334,21.51997,1394.0539879934777
146,30,0.17675933333333338,0.4829616666666666,0.6864873333333333,21.40552,1401.507648494407
147,30,0.177182,0.48382400000000003,0.6872443333333333,21.42563,1400.1921997159477
148,30,0.18001133333333333,0.48989466666666664,0.696441,21.71106,1381.784215049841
149,30,0.17901499999999998,0.4905726666666667,0.6965716666666668,21.74665,1379.5228230555051
150,30,0.17694200000000002,0.48525700000000005,0.6950606666666667,21.66797,1384.532099684465
151,30,0.17729133333333336,0.4844993333333333,0.688882,21.49635,1395.5857622340536
152,30,0.1775906666666667,0.483661,0.6886579999999999,21.47218,1397.156692985994
153,30,0.18435200000000002,0.49806833333333334,0.7060390000000001,22.0076,1363.1654519347862
154,30,0.176241,0.48425,0.6885963333333334,21.47187,1397.1768644277372
155,30,0.17630333333333334,0.4823446666666667,0.6857583333333331,21.41214,1401.0743438068312
156,30,0.17703133333333332,0.48362466666666665,0.6876143333333335,21.43746,1399.4195207827795
157,30,0.18239099999999997,0.49076866666666674,0.6954643333333334,21.69322,1382.9205622770617
158,30,0.18351066666666666,0.4953640000000001,0.7005036666666666,21.85383,1372.7570865152697
159,30,0.177932,0.4855226666666666,0.6884473333333332,21.46795,1397.4319858207234
160,30,0.17654399999999995,0.48435666666666666,0.6881413333333335,21.49408,1395.7331507094048
161,30,0.17741400000000002,0.48511366666666667,0.688419,21.47913,1396.7046151310599
162,30,0.18196666666666664,0.49777466666666664,0.7051693333333333,21.97588,1365.1330458666503
163,30,0.17708533333333334,0.4853556666666667,0.6907436666666666,21.54206,1392.624475096625
164,30,0.17705266666666664,0.48522999999999994,0.6883103333333335,21.46209,1397.8135400606373
165,30,0.17691899999999997,0.48360633333333325,0.6864493333333332,21.40351,1401.6392638403702
166,30,0.17693199999999998,0.4836749999999999,0.6884729999999997,21.48839,1396.1027326849521
167,30,0.18389833333333336,0.49781166666666665,0.7050243333333334,21.97864,1364.9616172793221
168,30,0.17556966666666668,0.4837613333333334,0.6886533333333335,21.50259,1395.1807665960241
169,30,0.17622900000000005,0.48263700000000004,0.6855033333333334,21.39006,1402.5206100403645
170,30,0.17837333333333333,0.4847396666666667,0.6877723333333332,21.45667,1398.1666307027137
171,30,0.18270466666666665,0.49705799999999994,0.7031310000000001,21.91666,1368.821709147288
172,30,0.17724966666666658,0.48541433333333334,0.6893626666666669,21.52301,1393.8570859744991
173,30,0.17586166666666667,0.48380833333333334,0.6881370000000001,21.45921,1398.0011379729262
174,30,0.17611266666666667,0.4835693333333334,0.6870700000000001,21.42528,1400.2150730352182
175,30,0.17718999999999996,0.48437033333333335,0.6874003333333332,21.43417,1399.634322206085
176,30,0.18247800000000003,0.495964,0.7020540000000002,21.90355,1369.6409942680523
177,30,0.17758899999999997,0.4841553333333333,0.6873266666666666,21.47225,1397.1521382249184
178,30,0.17640200000000003,0.4830269999999999,0.6866796666666666,21.41299,1401.0187274173295
179,30,0.176393,0.48384966666666673,0.6875773333333334,21.44141,1399.1617155774736
180,30,0.18393933333333334,0.49671166666666655,0.7020470000000001,21.90101,1369.7998402813387
181,30,0.1774426666666666,0.48359633333333335,0.6867223333333333,21.45087,1398.5446744118071
182,30,0.1763366666666667,0.48412499999999997,0.6882206666666666,21.45955,1397.9789883758046
183,30,0.17652033333333333,0.4832483333333333,0.6864666666666664,21.42859,1399.9987866677182
184,30,0.17779033333333336,0.4846613333333333,0.6880873333333334,21.45628,1398.1920444736925
185,30,0.1826896666666667,0.49853699999999995,0.7064863333333335,22.05828,1360.0335112257167
186,30,0.17724200000000004,0.48507266666666676,0.6881233333333334,21.46832,1397.4079015032382
187,30,0.17590566666666665,0.48305166666666666,0.6865186666666667,21.40678,1401.4251559552627
188,30,0.17586633333333335,0.48249899999999996,0.6863006666666667,21.41717,1400.745289877234
189,30,0.18612466666666666,0.499151,0.7045606666666667,21.97685,1365.0727925066606
190,30,0.17656966666666665,0.4826276666666667,0.6863023333333336,21.40598,1401.477531045063
191,30,0.17684966666666668,0.48468100000000003,0.6882496666666665,21.47138,1397.2087495074838
192,30,0.1770683333333333,0.4830483333333333,0.6863213333333333,21.4036,1401.6333700872751
193,30,0.17671866666666666,0.48375033333333334,0.6871240000000002,21.4246,1400.2595147634029
194,30,0.18229166666666666,0.49476299999999995,0.7007573333333333,21.84802,1373.1221410452756
195,30,0.17639066666666667,0.48438233333333336,0.6897353333333334,21.5074,1394.8687428512978
196,30,0.17624033333333333,0.4825036666666668,0.6852186666666668,21.36769,1403.9889197194454
197,30,0.17654466666666666,0.48246433333333333,0.6863170000000002,21.39742,1402.0381896509018
198,30,0.184454,0.502756,0.7099320000000001,22.12345,1356.0272019056702
199,30,0.176263,0.4843526666666667,0.6878543333333335,21.45429,1398.3217342545477
200,30,0.17630266666666666,0.4840326666666668,0.6880963333333334,21.45508,1398.270246487079
201,30,0.17650699999999997,0.48235066666666654,0.6853596666666666,21.4157,1400.8414387575472
202,30,0.1760513333333333,0.4828403333333334,0.6864706666666668,21.40617,1401.4650916067658
203,30,0.18349533333333337,0.4967103333333334,0.7025183333333334,21.89838,1369.9643535275213
204,30,0.17690033333333333,0.48257366666666673,0.6866143333333333,21.44388,1399.0005540042196
205,30,0.17681500000000003,0.482926,0.6862793333333332,21.40082,1401.815444454932
206,30,0.17550366666666667,0.4818906666666667,0.6852736666666667,21.40112,1401.795793864994
207,30,0.18250866666666665,0.49802566666666664,0.7037456666666667,21.93301,1367.801318651658
208,30,0.18006233333333338,0.48941366666666664,0.6933609999999999,21.62251,1387.442993436007
209,30,0.176456,0.483791,0.6884643333333335,21.48246,1396.4881116967053
210,30,0.1766696666666667,0.4835369999999999,0.6871383333333334,21.42518,1400.2216084065572
211,30,0.17731366666666673,0.48585266666666654,0.6888133333333334,21.49748,1395.5124042445905
212,30,0.18234133333333336,0.49682699999999996,0.7038536666666667,21.93773,1367.507030125724
213,30,0.17784266666666665,0.4850033333333334,0.6880059999999999,21.4555,1398.2428747873507
214,30,0.17689500000000002,0.48290333333333335,0.6856726666666667,21.41579,1400.8355517120779
215,30,0.17598099999999997,0.48250600000000005,0.6870646666666667,21.42186,1400.4386173749617
216,30,0.1846513333333334,0.49676999999999993,0.7012603333333336,21.85562,1372.6446561570892
217,30,0.18094566666666664,0.49729600000000007,0.7013253333333334,21.86062,1372.3307024228955
218,30,0.17628666666666667,0.4833716666666667,0.6875136666666667,21.47804,1396.7754972055177
219,30,0.17650400000000002,0.4829506666666667,0.6864306666666667,21.40357,1401.6353346661328
220,30,0.17594100000000001,0.4829253333333333,0.6870076666666668,21.42129,1400.4758817046034
221,30,0.1819823333333333,0.4933276666666667,0.7013516666666667,21.86421,1372.1053722041638
222,30,0.17645633333333333,0.48400200000000004,0.6868986666666668,21.44891,1398.6724733331437
223,30,0.1763556666666667,0.48393900000000006,0.6875059999999998,21.49001,1395.9974890658495
224,30,0.17583066666666664,0.48267099999999996,0.6853516666666668,21.37333,1403.6184347502237
225,30,0.1773633333333334,0.48547000000000007,0.6900279999999999,21.51438,1394.4161997696424
226,30,0.18347833333333335,0.4936313333333333,0.700175,21.82925,1374.3028276280677
227,30,0.17627366666666663,0.4839603333333333,0.6881286666666665,21.45734,1398.12297330424
228,30,0.17668999999999996,0.483485,0.6863250000000002,21.4391,1399.3124711391804
229,30,0.17662433333333333,0.4830383333333333,0.6861213333333332,21.39434,1402.240031709321
230,30,0.18210266666666663,0.4968786666666666,0.703209,21.91952,1368.643108973189
231,30,0.17595966666666668,0.48243066666666673,0.6861686666666666,21.39944,1401.9058442650837
232,30,0.17748533333333333,0.483498,0.6875649999999999,21.45277,1398.4208099933016
233,30,0.17616366666666664,0.48337900000000006,0.6867436666666668,21.41198,1401.0848132680862
234,30,0.17565599999999998,0.4836163333333333,0.6872636666666666,21.42652,1400.1340394987146
235,30,0.18207,0.4942093333333332,0.7005619999999999,21.90496,1369.5528318700422
236,30,0.17610599999999996,0.484521,0.687863,21.48961,1396.0234736693687
237,30,0.17644366666666664,0.48335400000000006,0.686606,21.40801,1401.3446368905843
238,30,0.17728566666666667,0.48438200000000003,0.687189,21.42452,1400.2647433874831
239,30,0.1825193333333333,0.4941253333333334,0.6997099999999999,21.82972,1374.273238502372
240,30,0.17620433333333332,0.48769833333333323,0.6913823333333334,21.58469,1389.874026451156
241,30,0.17665366666666668,0.4842139999999999,0.6870790000000001,21.43893,1399.3235669877183
242,30,0.17621166666666663,0.48240600000000006,0.6871576666666667,21.42904,1399.9693873360636
243,30,0.17800366666666662,0.48539166666666667,0.689333,21.49233,1395.8467974389002
244,30,0.185073,0.4990913333333334,0.704664,21.96644,1365.7197069711797
245,30,0.17726499999999998,0.4855173333333333,0.6883596666666668,21.48902,1396.0618027252988
246,30,0.17780199999999996,0.4850316666666667,0.6879023333333334,21.44755,1398.7611638625392
247,30,0.17610566666666666,0.48266200000000004,0.6866466666666665,21.41023,1401.199333215944
248,30,0.1837253333333333,0.49915499999999996,0.7048519999999999,22.01062,1362.978416782444
249,30,0.17601133333333333,0.48290399999999994,0.6865566666666667,21.44611,1398.8550837424596
250,30,0.17728399999999997,0.485681,0.68877,21.47713,1396.8346794939548
251,30,0.17731333333333332,0.48347433333333334,0.6866656666666666,21.41019,1401.2019510335967
252,30,0.17646733333333334,0.4847773333333334,0.6887633333333331,21.49924,1395.3981629118052
253,30,0.18482600000000002,0.497702,0.7036516666666663,21.93447,1367.7102751969844
254,30,0.1761656666666667,0.48281266666666667,0.6885283333333334,21.47277,1397.1183037866099
255,30,0.17734733333333327,0.48420433333333335,0.687213,21.42725,1400.0863386575506
256,30,0.17771333333333333,0.4840893333333334,0.6875483333333333,21.45316,1398.395387905558
257,30,0.18299899999999997,0.49441933333333327,0.7022156666666665,21.92715,1368.1668616304444
258,30,0.17554533333333333,0.48440833333333344,0.6875163333333333,21.44109,1399.1825975265251
259,30,0.17598866666666668,0.4823456666666666,0.6873323333333332,21.43231,1399.7557892732982
260,30,0.17681833333333336,0.48408633333333323,0.6876009999999998,21.44369,1399.0129497302003
261,30,0.17644633333333337,0.4854083333333333,0.6896729999999999,21.50179,1395.2326759772093
262,30,0.18383733333333332,0.49719099999999994,0.7046710000000002,21.9642,1365.8589887180049
263,30,0.17669666666666667,0.4834346666666667,0.6879023333333334,21.4763,1396.888663317238
264,30,0.17620166666666667,0.483668,0.687188,21.42789,1400.044521415781
265,30,0.17672733333333332,0.4836883333333333,0.6865236666666666,21.40512,1401.533838633
266,30,0.1820006666666667,0.4959023333333334,0.7015070000000001,21.86796,1371.8700784160937
267,30,0.17698133333333335,0.4862833333333334,0.6896429999999999,21.50593,1394.9640866495893
268,30,0.1776886666666667,0.4854043333333333,0.6885016666666666,21.47007,1397.2940004387503
269,30,0.17636333333333332,0.48270799999999997,0.6862503333333335,21.42519,1400.2209548666779
270,30,0.17697133333333329,0.4859713333333333,0.6892743333333333,21.49149,1395.9013544430843
271,30,0.18293599999999996,0.49890600000000007,0.7069476666666668,22.03074,1361.7336503449271
272,30,0.175919,0.4839416666666666,0.6874726666666665,21.43907,1399.314429217312
273,30,0.17678333333333332,0.48273066666666675,0.6858243333333334,21.39944,1401.9058442650837
274,30,0.17679533333333336,0.4834513333333333,0.6868883333333334,21.44357,1399.020778722946
275,30,0.1819286666666667,0.49249433333333326,0.6967436666666667,21.7148,1381.54622653674
276,30,0.17971033333333336,0.49124666666666666,0.6960916666666667,21.707,1382.042659050076
277,30,0.17615966666666663,0.4829773333333333,0.6857340000000001,21.43531,1399.5598850681422
278,30,0.17661233333333334,0.482821,0.6865056666666668,21.40683,1401.4218826421286
279,30,0.17632766666666672,0.48259033333333334,0.6870993333333335,21.42458,1400.2608219157623
280,30,0.18454099999999998,0.49990399999999996,0.7081396666666666,22.09804,1357.5864646819357
281,30,0.17609666666666662,0.4836066666666667,0.6864690000000001,21.42471,1400.2523254690495
282,30,0.176809,0.483802,0.687857,21.44878,1398.6809506181703
283,30,0.17663933333333334,0.4828766666666667,0.6862036666666668,21.41038,1401.1895164868629
284,30,0.182419,0.49049366666666677,0.6943263333333334,21.64417,1386.0545357017618
285,30,0.183652,0.49505899999999997,0.7001743333333335,21.83188,1374.1372708168055
286,30,0.17526099999999997,0.4819693333333333,0.6856096666666666,21.40765,1401.3682024883628
287,30,0.1770093333333333,0.4830266666666666,0.6859726666666667,21.39934,1401.912395429018
288,30,0.17732233333333333,0.484227,0.6871233333333333,21.42548,1400.202002475557
289,30,0.18261566666666668,0.49719100000000005,0.7023050000000001,21.90536,1369.5278233272588
290,30,0.17636899999999997,0.4831226666666667,0.6860099999999999,21.40885,1401.2896535778427
291,30,0.17583800000000005,0.4824260000000001,0.687179,21.44632,1398.8413863077674
292,30,0.17587399999999997,0.4819716666666667,0.6851646666666666,21.36777,1403.9836632460945
293,30,0.17627666666666672,0.48364200000000007,0.6867503333333335,21.41301,1401.0174188495687
294,30,0.18331933333333333,0.49704533333333334,0.7022726666666664,21.89148,1370.396154120233
295,30,0.17584833333333333,0.4821983333333334,0.6868326666666665,21.41791,1400.6968933943604
296,30,0.17605566666666664,0.48261599999999993,0.6856319999999999,21.38116,1403.104415288974
297,30,0.17579899999999998,0.48224133333333336,0.6855173333333333,21.39971,1401.888156428288
298,30,0.18262700000000004,0.4982743333333334,0.7031076666666667,21.91185,1369.1221873096065
299,30,0.176654,0.48385733333333325,0.6873033333333335,21.46243,1397.7913964075829
300,30,0.17597766666666667,0.48279566666666673,0.686352,21.4031,1401.666113787255
301,30,0.17627766666666664,0.4828013333333333,0.6853443333333333,21.37132,1403.750446860559
302,30,0.17688,0.48389166666666666,0.6876186666666666,21.43905,1399.3157346057776
303,30,0.18236966666666662,0.4952079999999999,0.7005513333333333,21.90063,1369.8236078140217
304,30,0.1768676666666667,0.48282033333333335,0.6868803333333332,21.4557,1398.229841021267
305,30,0.17623033333333332,0.4831043333333333,0.6862963333333334,21.39757,1402.0283611643752
306,30,0.17543066666666668,0.48168466666666665,0.6848650000000001,21.35799,1404.626558959902
307,30,0.1825073333333333,0.499839,0.7055596666666666,21.98643,1364.4779984745135
308,30,0.17569599999999996,0.4834683333333333,0.6869433333333334,21.4464,1398.8361683079677
309,30,0.17629133333333336,0.48427233333333325,0.687348,21.4316,1399.8021612945372
310,30,0.17572033333333334,0.48184999999999995,0.6855499999999999,21.37629,1403.4240740558816
311,30,0.17689233333333335,0.4825606666666668,0.6869503333333333,21.42041,1400.5334164938952
312,30,0.1840696666666667,0.49870600000000004,0.7051823333333334,21.98039,1364.8529439195574
313,30,0.177041,0.4834550000000001,0.6889669999999999,21.48522,1396.3087182723752
314,30,0.1759096666666667,0.48248800000000003,0.6854533333333334,21.39677,1402.0807813515778
315,30,0.17647266666666667,0.4843729999999999,0.6871840000000001,21.4226,1400.390242080793
316,30,0.18245666666666663,0.49863733333333327,0.7042300000000001,21.99544,1363.9190668611311
317,30,0.1768393333333333,0.48546066666666665,0.6884116666666668,21.47056,1397.2621114679823
318,30,0.1771086666666667,0.484235,0.6883383333333334,21.46239,1397.7940015068218
319,30,0.17603699999999997,0.48324199999999995,0.6865153333333331,21.40339,1401.6471222549324
320,30,0.17642433333333335,0.484428,0.6873193333333334,21.4533,1398.3862622533595
321,30,0.182274,0.49595799999999995,0.702536,21.9358,1367.6273488999718
322,30,0.1760956666666667,0.4831663333333333,0.6871649999999999,21.43054,1399.8713984808594
323,30,0.17751699999999998,0.4838393333333333,0.6868236666666667,21.43318,1399.6989714078825
324,30,0.17572766666666667,0.4817390000000001,0.6857789999999999,21.38677,1402.7363645842734
325,30,0.179821,0.492021,0.6985443333333332,21.80143,1376.056524732552
326,30,0.1808386666666667,0.49336233333333335,0.6980066666666667,21.76421,1378.4097837688573
327,30,0.17743633333333333,0.48471833333333336,0.688159,21.4594,1397.9887601703683
328,30,0.17683833333333335,0.4828573333333333,0.6860916666666665,21.3948,1402.2098827752538
329,30,0.17717066666666667,0.484335,0.6875049999999999,21.4711,1397.2269702064636
330,30,0.18190833333333334,0.49880433333333335,0.7051346666666666,21.99319,1364.058601776277
331,30,0.17643233333333333,0.48345066666666664,0.6924673333333334,21.61792,1387.7375806738114
332,30,0.17652266666666666,0.48450799999999994,0.6882549999999998,21.45948,1397.983548529601
333,30,0.17562399999999997,0.48214433333333334,0.6867586666666664,21.41886,1400.634767676711
334,30,0.18169066666666664,0.494164,0.6995546666666664,21.81755,1375.039818861421
335,30,0.18035133333333336,0.48957566666666674,0.693737,21.63591,1386.5836934984477
336,30,0.17739566666666662,0.48342933333333343,0.6881003333333332,21.47246,1397.1384741198726
337,30,0.177272,0.48391133333333336,0.6874816666666669,21.46049,1397.9177549068079
338,30,0.1768213333333333,0.4842073333333333,0.6878503333333335,21.4754,1396.9472047086435
339,30,0.18215333333333336,0.4936086666666666,0.7017889999999998,21.87601,1371.3652535357223
340,30,0.1765,0.48372666666666664,0.6868786666666666,21.42276,1400.3797829971488
341,30,0.17785066666666663,0.4851523333333334,0.6880663333333332,21.45177,1398.4859990574205
342,30,0.17728533333333332,0.4833603333333333,0.6871596666666665,21.46552,1397.5901818358
343,30,0.18303300000000003,0.48940500000000003,0.6934923333333334,21.61789,1387.7395064920765
344,30,0.18168399999999998,0.49138766666666667,0.6973713333333333,21.74394,1379.6947563321091
345,30,0.17757900000000004,0.484976,0.6878946666666668,21.4471,1398.7905124702174
346,30,0.17637166666666668,0.482862,0.686474,21.41886,1400.634767676711
347,30,0.17620499999999997,0.48266633333333336,0.6855466666666666,21.37453,1403.5396333860908
348,30,0.18402133333333334,0.4998363333333334,0.7057266666666668,22.0353,1361.451852255245
349,30,0.17601233333333333,0.4826613333333334,0.6854790000000002,21.39328,1402.309510276124
350,30,0.178969,0.4850476666666666,0.6880136666666665,21.4637,1397.708689554923
351,30,0.17614066666666667,0.482948,0.6862336666666669,21.39489,1402.2039842224008
352,30,0.176948,0.48458500000000004,0.688085,21.4552,1398.2624258920914
353,30,0.18325833333333333,0.5001413333333333,0.705207,21.97958,1364.9032420091742
354,30,0.17659166666666665,0.485056,0.6884056666666666,21.48876,1396.0786941638328
355,30,0.1773693333333333,0.48339200000000004,0.6863146666666667,21.41938,1400.600764354524
356,30,0.17748266666666668,0.48344400000000004,0.6862043333333332,21.41324,1401.0023704960108
357,30,0.1825466666666667,0.4968789999999999,0.7026866666666667,21.90362,1369.6366171436503
358,30,0.17635566666666666,0.4830503333333334,0.6858206666666666,21.4296,1399.9328032254452
359,30,0.17844533333333334,0.484253,0.6876996666666667,21.44108,1399.1832500974763
360,30,0.1762986666666667,0.4839106666666667,0.6872476666666665,21.44546,1398.8974822643115
361,30,0.17693133333333325,0.48317499999999997,0.6862953333333334,21.39886,1401.9438418682118
362,30,0.18247166666666664,0.4956063333333334,0.7023986666666666,21.89523,1370.1614461231966
363,30,0.1779483333333333,0.48423266666666664,0.687939,21.4501,1398.5948783455556
364,30,0.17731433333333332,0.48476800000000003,0.6876073333333333,21.44261,1399.083413819493
365,30,0.17600266666666667,0.4827413333333334,0.6862393333333332,21.44024,1399.2380682305795
366,30,0.18234866666666666,0.49561733333333335,0.7009009999999999,21.88605,1370.7361538514258
367,30,0.17654533333333336,0.4835903333333333,0.6867056666666667,21.42591,1400.1739015985786
368,30,0.17707799999999999,0.4841256666666666,0.6892456666666666,21.48991,1396.0039851260428
369,30,0.1763556666666667,0.48386300000000004,0.6868259999999998,21.41601,1400.821161364792
370,30,0.179474,0.48557,0.6883346666666668,21.47547,1396.9426513133355
371,30,0.18401066666666666,0.49533166666666667,0.7009853333333332,21.87284,1371.5640035770389
372,30,0.17674333333333334,0.4831943333333332,0.6865443333333334,21.43144,1399.812611751707
373,30,0.17730366666666664,0.4836999999999999,0.687133,21.42485,1400.243175564823
374,30,0.17681600000000003,0.48402899999999993,0.6880763333333333,21.45294,1398.4097284567988
375,30,0.183347,0.49876533333333334,0.7050970000000001,21.98219,1364.7411836582253
376,30,0.1759826666666667,0.4833733333333334,0.6881696666666666,21.4622,1397.8063758608157
377,30,0.176964,0.4844493333333333,0.6871546666666665,21.44857,1398.6946449110594
378,30,0.1768733333333333,0.48378133333333334,0.6875173333333334,21.44247,1399.0925485729954
379,30,0.17646233333333333,0.48366033333333325,0.6868549999999999,21.41549,1400.8551753894028
380,30,0.18288833333333337,0.4949806666666667,0.7008879999999998,21.8538,1372.7589709798754
381,30,0.1775026666666667,0.48392866666666656,0.6867690000000002,21.42051,1400.5268782115832
382,30,0.17693233333333336,0.4843746666666667,0.6877446666666667,21.50703,1394.892739722779
383,30,0.17740466666666668,0.4841706666666666,0.6870096666666667,21.43819,1399.3718686139082
384,30,0.180679,0.4927373333333333,0.700899,21.84594,1373.2528790246608
385,30,0.177961,0.48585833333333334,0.6902969999999999,21.52675,1393.6149209704204
386,30,0.17709466666666665,0.4845126666666667,0.6881543333333332,21.46035,1397.9268744451979
387,30,0.17640966666666663,0.48287466666666673,0.6864046666666666,21.40226,1401.7211266473728
388,30,0.1766883333333333,0.48282433333333336,0.6871683333333335,21.44607,1398.857692808053
389,30,0.18377333333333332,0.5001566666666667,0.706527,22.01836,1362.4992960420304
390,30,0.17600033333333334,0.48350233333333337,0.6869336666666666,21.42359,1400.3255290079767
391,30,0.17624933333333334,0.48274433333333333,0.6875833333333332,21.43591,1399.5207108072389
392,30,0.17639433333333338,0.48318266666666665,0.6867036666666666,21.41309,1401.0121846029695
393,30,0.18119600000000002,0.4913683333333333,0.6953543333333333,21.67512,1384.0753822816207
394,30,0.18150266666666662,0.491253,0.6956906666666668,21.71677,1381.420901911288
395,30,0.17563833333333337,0.483016,0.687014,21.42231,1400.4091995681138
396,30,0.17651833333333336,0.4825306666666666,0.6853043333333332,21.38364,1402.9416881316745
397,30,0.17678899999999995,0.48283033333333336,0.6855610000000001,21.39132,1402.437998216099
398,30,0.18350599999999997,0.49688466666666664,0.7032533333333333,21.91952,1368.643108973189
399,30,0.20167400000000002,0.529285,0.7497879999999999,23.44242,1279.7313587931621
400,30,0.17631899999999998,0.4852283333333334,0.6884976666666666,21.47685,1396.8528904378436
401,30,0.17725566666666664,0.4839086666666666,0.6869273333333333,21.43458,1399.607550042968
402,30,0.18048233333333333,0.4884806666666667,0.6932036666666664,21.62771,1387.1094073297634
403,30,0.18340100000000004,0.49365333333333344,0.6994503333333334,21.80726,1375.6886468084483
404,30,0.17612233333333338,0.48345600000000005,0.6875943333333332,21.45471,1398.2943605390146
405,30,0.17613500000000004,0.4839006666666667,0.686873,21.43915,1399.3092076878047
406,30,0.17616666666666664,0.48334233333333343,0.6859786666666668,21.39278,1402.342285574853
407,30,0.18220266666666662,0.49661066666666664,0.7033710000000001,21.92514,1368.292289125634
408,30,0.17629800000000004,0.4836963333333334,0.6865633333333333,21.4135,1400.9853597029912
409,30,0.1758513333333334,0.48477800000000004,0.6874553333333334,21.43735,1399.4267015279406
410,30,0.17630500000000002,0.48293833333333336,0.6858576666666668,21.40508,1401.5364577006953
411,30,0.17786066666666667,0.4840116666666667,0.6881636666666666,21.49111,1395.926036393653
412,30,0.18377800000000005,0.49685866666666667,0.7029886666666666,21.91692,1368.805470841706
413,30,0.17572099999999996,0.4827343333333333,0.6873773333333333,21.43604,1399.5122233397587
414,30,0.1771443333333333,0.48386333333333337,0.6875236666666668,21.45078,1398.5505422180452
415,30,0.17702133333333336,0.48369266666666666,0.6866366666666667,21.42233,1400.407892138717
416,30,0.183862,0.49749533333333334,0.7035323333333334,21.98583,1364.5152354948618
417,30,0.17665133333333335,0.48481699999999994,0.6880616666666666,21.45842,1398.0526059234558
418,30,0.17622033333333334,0.4836006666666668,0.688899,21.47873,1396.73062606588
419,30,0.1768283333333333,0.483772,0.6870350000000001,21.43848,1399.3529392009136
420,30,0.17677500000000002,0.4844420000000001,0.6879003333333333,21.44624,1398.8466043464962
421,30,0.183685,0.505756,0.7108976666666665,22.15387,1354.165209058282
422,30,0.176653,0.483923,0.6880153333333335,21.48356,1396.4166087929561
423,30,0.1765366666666667,0.4842626666666667,0.6873213333333332,21.43535,1399.5572733825202
424,30,0.176309,0.4836026666666667,0.686496,21.42389,1400.3059201666924
425,30,0.185586,0.4985836666666666,0.7039536666666666,21.93747,1367.5232376386155
426,30,0.176838,0.4834303333333334,0.6867116666666667,21.41932,1400.6046877305164
427,30,0.17832266666666666,0.4852393333333333,0.6879816666666666,21.44827,1398.7142086517936
428,30,0.1772973333333333,0.483639,0.6863626666666666,21.46246,1397.789442589526
429,30,0.176624,0.4836773333333334,0.6869056666666666,21.41857,1400.6537317850818
430,30,0.18620866666666666,0.5048826666666666,0.7108193333333335,22.15327,1354.2018853198647
431,30,0.1762483333333333,0.4825053333333333,0.6864423333333333,21.40933,1401.2582364791424
432,30,0.17690966666666666,0.4850603333333333,0.6878063333333334,21.44578,1398.8766088246732
433,30,0.176539,0.4832560000000001,0.68582,21.40869,1401.3001262571413
434,30,0.18438533333333335,0.49886099999999994,0.7048423333333333,21.98079,1364.8281067240987
435,30,0.17763633333333326,0.48377099999999995,0.6869,21.42133,1400.4732665992262
436,30,0.17683466666666667,0.4864866666666666,0.6893743333333333,21.49423,1395.7234104222389
437,30,0.17622033333333334,0.48364433333333334,0.6863846666666668,21.40152,1401.769593935384
438,30,0.1770966666666667,0.4838733333333333,0.6879069999999999,21.45148,1398.5049050228704
439,30,0.18323366666666666,0.49900333333333335,0.7041179999999999,21.98506,1364.5630259821896
440,30,0.17779166666666668,0.4843930000000001,0.6873373333333334,21.4534,1398.3797440032815
441,30,0.1772273333333333,0.484586,0.6877806666666668,21.46315,1397.7445062816967
442,30,0.23006566666666667,0.5937513333333333,0.8743066666666667,27.28811,1099.3799130830241
443,30,0.18509499999999995,0.503796,0.7094566666666666,22.11324,1356.6532991094928
444,30,0.18021000000000006,0.486308,0.6889559999999999,21.50093,1395.2884828702759
445,30,0.17864,0.48739000000000005,0.6907363333333333,21.5659,1391.0849999304457
446,30,0.17875933333333333,0.48566933333333334,0.6887843333333331,21.47459,1396.999896156341
447,30,0.1787423333333333,0.48482266666666674,0.6896223333333334,21.49892,1395.4189326719668
448,30,0.18446700000000002,0.4961893333333333,0.7017353333333334,21.87834,1371.2192058446847
449,30,0.17874566666666666,0.48713866666666666,0.6912906666666668,21.55336,1391.894349651284
450,30,0.17943466666666666,0.4864633333333333,0.6892776666666667,21.51546,1394.3462050079338
451,30,0.1782193333333333,0.4862820000000001,0.6890013333333334,21.4815,1396.5505202150687
452,30,0.1843543333333333,0.49693399999999993,0.7041446666666666,21.94805,1366.864026644736
453,30,0.17921766666666666,0.4864353333333334,0.6892553333333332,21.49478,1395.6876971990407
454,30,0.17864933333333333,0.48694566666666667,0.6901660000000002,21.51691,1394.2522416090414
455,30,0.17975733333333335,0.48746033333333333,0.6902033333333332,21.52108,1393.9820864008682
456,30,0.1784126666666667,0.48602033333333333,0.6893586666666667,21.49092,1395.938377696255
457,30,0.18382400000000002,0.49702200000000013,0.7018126666666668,21.91454,1368.954128172437
458,30,0.17911333333333332,0.48626166666666665,0.6892430000000002,21.49283,1395.8143250563094
459,30,0.179611,0.4866553333333334,0.6895266666666665,21.49815,1395.468912441303
460,30,0.178986,0.48567033333333337,0.6889633333333333,21.48358,1396.4153088079363
461,30,0.188451,0.5001773333333335,0.704854,22.01574,1362.6614413142597
462,30,0.17844966666666667,0.4853626666666667,0.6888496666666665,21.50793,1394.8343703926876
463,30,0.17855400000000002,0.48541799999999996,0.6895979999999999,21.49944,1395.385182125674
464,30,0.180198,0.48667333333333335,0.6900326666666667,21.51332,1394.48490516573
465,30,0.179758,0.48720233333333335,0.6899796666666667,21.51171,1394.5892725403978
466,30,0.18515799999999996,0.49840999999999996,0.7049316666666667,21.98428,1364.6114405384212
467,30,0.17853566666666673,0.48561499999999996,0.6887193333333334,21.49954,1395.3786918231738
468,30,0.18085766666666664,0.4883246666666665,0.6916143333333333,21.56391,1391.2133745688977
469,30,0.17783766666666664,0.4847233333333333,0.6874860000000002,21.43686,1399.4586893789483
470,30,0.1855233333333333,0.5027466666666667,0.7083289999999999,22.07525,1358.9880069308388
471,30,0.17773766666666665,0.484491,0.6873593333333333,21.44802,1398.7305121871389
472,30,0.1788663333333333,0.48590500000000003,0.6885833333333333,21.51013,1394.691710370881
473,30,0.17857066666666668,0.4846053333333334,0.6876929999999999,21.44315,1399.0481808876027
474,30,0.17801233333333333,0.4851483333333333,0.6893293333333332,21.50929,1394.7461771169574
475,30,0.18414833333333333,0.4969200000000001,0.7030290000000001,21.91473,1368.9422593844415
476,30,0.17675433333333337,0.4837369999999999,0.6866233333333334,21.42802,1400.036027593777
477,30,0.1784396666666667,0.48649933333333323,0.6896906666666669,21.50174,1395.2359204417876
478,30,0.17862366666666668,0.48574633333333334,0.6886093333333333,21.46888,1397.3714511423045
479,30,0.18559200000000006,0.5019573333333334,0.7082183333333332,22.09177,1357.9717695775396
480,30,0.177648,0.4847643333333333,0.6878303333333332,21.45407,1398.3360732951837
481,30,0.17950066666666667,0.48565933333333333,0.6891386666666667,21.48878,1396.0773948078952
482,30,0.178492,0.4854906666666666,0.6889003333333332,21.47816,1396.7676933219607
483,30,0.177937,0.48575433333333323,0.688982,21.48138,1396.5583216720713
484,30,0.183045,0.4975476666666667,0.7037633333333334,21.95952,1366.1500797831648
485,30,0.17813999999999997,0.484334,0.687778,21.44978,1398.6157433782537
486,30,0.18015166666666663,0.4871633333333333,0.6899406666666665,21.51153,1394.6009419134762
487,30,0.17772966666666665,0.4847663333333333,0.6879903333333331,21.45116,1398.5257673710885
488,30,0.18293900000000005,0.49938166666666667,0.7045533333333334,21.95879,1366.1954961999272
489,30,0.1792173333333333,0.4875986666666667,0.6909253333333333,21.56113,1391.3927516785993
490,30,0.17771900000000002,0.48418,0.6888446666666667,21.48503,1396.321066342472
491,30,0.17831533333333333,0.48477833333333337,0.688594,21.49189,1395.8753743854077
492,30,0.177897,0.48486333333333337,0.6877449999999999,21.44434,1398.9705442088682
493,30,0.18554700000000002,0.49857233333333334,0.7058493333333333,21.99924,1363.6834727017842
494,30,0.17759466666666668,0.4841196666666667,0.6875646666666667,21.44241,1399.0964635038692
495,30,0.17827400000000002,0.48510900000000007,0.6892709999999997,21.51352,1394.4719413652438
496,30,0.1782533333333334,0.4849959999999999,0.6876999999999999,21.45949,1397.982897077237
497,30,0.18184666666666663,0.4938073333333334,0.698339,21.78521,1377.0810563680589
498,30,0.18077,0.4894329999999999,0.6940156666666667,21.64641,1385.9111048899101
499,30,0.1795193333333333,0.48635700000000004,0.689171,21.50191,1395.2248893237856
500,30,0.17778466666666665,0.4841313333333333,0.6875213333333333,21.439,1399.3189980875975
501,30,0.17829833333333336,0.4866966666666667,0.6893723333333334,21.52078,1394.001518532321
502,30,0.18523066666666665,0.49715633333333337,0.703088,21.91772,1368.7555092409245
503,30,0.1769233333333334,0.4832713333333334,0.6878356666666666,21.45031,1398.5811860061697
504,30,0.17907766666666666,0.4855133333333333,0.6885286666666668,21.48263,1396.4770607695614
505,30,0.17910966666666667,0.48602566666666663,0.689349333333333,21.49416,1395.727955872665
506,30,0.18153266666666665,0.4906856666666666,0.6955050000000002,21.68381,1383.520700467307
507,30,0.18397266666666667,0.4951739999999999,0.7001403333333333,21.8277,1374.4004178177272
508,30,0.17798799999999998,0.485052,0.6892659999999999,21.51671,1394.2652013249237
509,30,0.177802,0.48534333333333335,0.6883599999999999,21.47993,1396.6525961676782
510,30,0.1782496666666667,0.4846036666666667,0.6871883333333333,21.43849,1399.3522864716683
511,30,0.1844516666666666,0.49715233333333336,0.7039500000000001,21.94505,1367.0508839123172
512,30,0.17785700000000002,0.4850396666666666,0.6883713333333332,21.46777,1397.4437028158957
513,30,0.179351,0.49273833333333333,0.6957773333333335,21.71087,1381.796307563907
514,30,0.178103,0.4859956666666666,0.6900726666666664,21.52184,1393.9328607591171
515,30,0.178291,0.48629133333333324,0.6908116666666667,21.54096,1392.695590168683
516,30,0.18602100000000002,0.49846666666666656,0.7037126666666668,21.95785,1366.2539820610853
517,30,0.17769266666666664,0.4851356666666667,0.6903780000000002,21.52747,1393.5683106282345
518,30,0.17776733333333333,0.48539966666666673,0.6890653333333333,21.48589,1396.265176820695
519,30,0.17816766666666667,0.4851030000000001,0.6888723333333334,21.50144,1395.2553875461365
520,30,0.18807333333333334,0.508717,0.7156253333333332,22.29486,1345.6016319456592
521,30,0.17923266666666665,0.4866453333333333,0.6908036666666667,21.55077,1392.0616293524547
522,30,0.1773726666666667,0.48647233333333334,0.6904123333333332,21.52627,1393.6459962640997
523,30,0.17783066666666664,0.4854983333333333,0.6893313333333334,21.49703,1395.5416166791413
524,30,0.17843266666666663,0.4853563333333334,0.6906176666666667,21.53227,1393.2576546736595
525,30,0.18631066666666668,0.498051,0.7051996666666667,22.01124,1362.9400251871316
526,30,0.17919966666666662,0.4869223333333333,0.6899476666666667,21.53216,1393.2647723219593
527,30,0.17816333333333334,0.48572300000000007,0.6902103333333334,21.523,1393.8577335873251
528,30,0.17799333333333328,0.4852976666666667,0.6890653333333333,21.48986,1396.0072331788108
529,30,0.1845406666666666,0.49715533333333334,0.7037776666666669,21.94016,1367.3555707889095
530,30,0.17881500000000003,0.48607666666666666,0.6894196666666667,21.5414,1392.6671432683113
531,30,0.17721799999999996,0.48588533333333334,0.6898810000000001,21.51188,1394.5782516451375
532,30,0.17822666666666664,0.48507966666666663,0.6886820000000001,21.47374,1397.0551939252314
533,30,0.178356,0.485527,0.68982,21.50962,1394.724778959368
534,30,0.1844066666666667,0.49714766666666665,0.7033903333333333,21.92824,1368.0988533507475
535,30,0.17869366666666667,0.4858793333333333,0.6889336666666667,21.4826,1396.4790109204657
536,30,0.178075,0.48643,0.6897509999999999,21.51995,1394.055283585696
537,30,0.17765766666666663,0.48457833333333333,0.6883509999999998,21.46387,1397.697619301645
538,30,0.18577033333333332,0.5026573333333333,0.7082783333333332,22.07442,1359.039104991207
539,30,0.17920699999999998,0.4872689999999999,0.6905063333333332,21.53002,1393.4032574052417
540,30,0.17880933333333332,0.4862183333333334,0.689306,21.50956,1394.7286694846384
541,30,0.17806866666666668,0.4848406666666667,0.6884176666666667,21.46827,1397.4111560922236
542,30,0.17825133333333334,0.48476699999999995,0.6879566666666667,21.51657,1394.274273269392
543,30,0.18532966666666661,0.4975076666666666,0.7043963333333333,21.95859,1366.20793958082
544,30,0.1784786666666666,0.4845753333333334,0.6882686666666669,21.47905,1396.7098172405204
545,30,0.1790113333333333,0.487748,0.6910126666666666,21.5575,1391.6270439522207
546,30,0.17767166666666664,0.4849036666666667,0.6883530000000001,21.46565,1397.5817177676893
547,30,0.18477633333333335,0.4999383333333334,0.7072796666666666,22.0664,1359.5330457165646
548,30,0.17907033333333328,0.4858399999999999,0.6893966666666667,21.49941,1395.3871292281974
549,30,0.17999733333333331,0.487424,0.6905940000000002,21.53005,1393.4013158353093
550,30,0.17821066666666666,0.4853766666666666,0.6883373333333335,21.46193,1397.823960846019
551,30,0.17836133333333332,0.4851573333333334,0.6890043333333334,21.48139,1396.5576715473255
552,30,0.18475699999999998,0.4978433333333333,0.7031356666666667,21.94001,1367.364919159107
553,30,0.17860366666666666,0.48598299999999994,0.6902746666666667,21.54634,1392.3478419072567
554,30,0.17782733333333337,0.486178,0.6897306666666666,21.50597,1394.961492088011
555,30,0.17731033333333335,0.4858793333333333,0.6890953333333333,21.484,1396.3880096816235
556,30,0.18350266666666665,0.4958503333333332,0.7018783333333334,21.89936,1369.9030473949924
557,30,0.18017399999999997,0.48767366666666667,0.6908753333333332,21.54806,1392.2367025152148
558,30,0.178071,0.48512866666666665,0.6899073333333333,21.51186,1394.5795482120095
559,30,0.17791333333333334,0.4850136666666666,0.6886543333333334,21.49219,1395.8558899767775
560,30,0.17726733333333342,0.48442100000000005,0.6872373333333333,21.42908,1399.966774121894
561,30,0.18552333333333332,0.49767866666666666,0.7045333333333333,21.96357,1365.89816682807
562,30,0.17845733333333336,0.48584099999999997,0.6899886666666666,21.51736,1394.2230831291572
563,30,0.1790336666666667,0.4857053333333333,0.6907323333333333,21.53426,1393.1289025023382
564,30,0.17672066666666666,0.48342133333333337,0.6880293333333335,21.48117,1396.5719744315602
565,30,0.18469966666666665,0.4964186666666665,0.7030963333333331,21.9143,1368.969120619869
566,30,0.1798696666666667,0.48759066666666667,0.6907496666666667,21.54106,1392.6891248620077
567,30,0.179263,0.487986,0.6910139999999999,21.54102,1392.6917109774745
568,30,0.17989966666666662,0.4870086666666667,0.6901563333333333,21.52031,1394.031963294209
569,30,0.18148499999999998,0.4878383333333334,0.6918346666666667,21.56863,1390.9089265289451
570,30,0.18537533333333334,0.498651,0.7053893333333335,22.02103,1362.3340960890566
571,30,0.178602,0.48617833333333343,0.6899896666666667,21.5146,1394.401941007502
572,30,0.17873533333333333,0.48652766666666675,0.6921263333333333,21.57692,1390.37452982168
573,30,0.17915366666666666,0.486905,0.6902183333333334,21.52094,1393.99115466146
574,30,0.183504,0.4958160000000001,0.7023896666666667,21.89571,1370.1314093034664
575,30,0.1794526666666667,0.4872870000000001,0.6907803333333332,21.54461,1392.4596453590946
576,30,0.1783443333333333,0.48633899999999997,0.6899756666666668,21.5492,1392.1630501364318
577,30,0.17834266666666665,0.4856216666666667,0.6891363333333334,21.50776,1394.8453953363808
578,30,0.17871499999999998,0.4855413333333333,0.6884396666666668,21.478,1396.7780985194152
579,30,0.18391033333333331,0.4968419999999999,0.7029353333333334,21.94627,1366.974889126945
580,30,0.17791733333333334,0.4852216666666667,0.6881229999999999,21.45849,1398.0480453191253
581,30,0.17825700000000003,0.48518933333333336,0.6903389999999999,21.55,1392.1113689095127
582,30,0.17847033333333331,0.48496233333333333,0.6884846666666665,21.4671,1397.487317802591
583,30,0.1820413333333333,0.4916979999999999,0.6968146666666666,21.7241,1380.954792143288
584,30,0.18057733333333334,0.48964300000000005,0.6939350000000001,21.64135,1386.235147067997
585,30,0.1779163333333333,0.4839880000000001,0.6872866666666666,21.43206,1399.7721170993364
586,30,0.1791066666666667,0.485536,0.6884110000000001,21.48489,1396.3301650601888
587,30,0.1788003333333333,0.4856836666666666,0.6883516666666669,21.48791,1396.133919027025
588,30,0.18358866666666668,0.49548999999999993,0.7007196666666666,21.85994,1372.3733916927492
589,30,0.1775953333333333,0.4841183333333334,0.6874363333333331,21.45464,1398.29892275051
590,30,0.17984133333333333,0.48648899999999995,0.6896616666666666,21.50082,1395.2956212832812
591,30,0.1782293333333333,0.4857086666666667,0.688279,21.47212,1397.1605970905528
592,30,0.179463,0.49268933333333326,0.6968006666666667,21.71927,1381.2618932404266
593,30,0.183331,0.4980536666666667,0.7033510000000001,21.94772,1366.8845784436835
594,30,0.178005,0.48428533333333335,0.687756,21.4524,1398.4449292386867
595,30,0.17836400000000002,0.48739166666666667,0.6903370000000001,21.53569,1393.0363967906299
596,30,0.17804733333333334,0.48442100000000005,0.6879289999999999,21.4542,1398.3276001901727
597,30,0.1840233333333333,0.49602766666666664,0.703537,21.93189,1367.8711684218733
598,30,0.17801199999999998,0.485157,0.6881823333333333,21.49054,1395.9630609561232
599,30,0.1779476666666667,0.4843336666666667,0.6893326666666667,21.49376,1395.7539304430682
600,30,0.17926533333333336,0.485411,0.6884060000000001,21.48129,1396.5641728220232
601,30,0.1792756666666667,0.4869413333333333,0.6897490000000001,21.50613,1394.951113938212
602,30,0.18370266666666663,0.4954443333333333,0.7058843333333334,22.0047,1363.3451035460607
603,30,0.17881633333333333,0.4846646666666667,0.6877030000000001,21.45665,1398.1679339505467
604,30,0.18019666666666667,0.4867593333333333,0.689473,21.53729,1392.9329084578421
605,30,0.17822933333333332,0.49462333333333325,0.6990123333333333,21.78921,1376.8282558201972
606,30,0.1875283333333333,0.4994549999999999,0.7059736666666666,22.00377,1363.4027259874103
607,30,0.17800233333333332,0.48477533333333334,0.6878146666666668,21.46499,1397.624690251428
608,30,0.17797600000000002,0.48634,0.689286,21.48971,1396.0169774278015
609,30,0.17861266666666667,0.4854093333333333,0.6888489999999999,21.47794,1396.7820005084286
610,30,0.1794863333333333,0.48720766666666665,0.6902489999999999,21.55041,1392.0848837678727
611,30,0.18384699999999998,0.49919566666666676,0.7055906666666666,21.99202,1364.131171215741
612,30,0.17787999999999998,0.48437033333333335,0.6880073333333333,21.45734,1398.12297330424
613,30,0.17853933333333333,0.48666466666666663,0.6899053333333334,21.51016,1394.689765208627
614,30,0.17821466666666672,0.48587366666666665,0.6890529999999999,21.48129,1396.5641728220232
615,30,0.1852073333333333,0.5021393333333334,0.7081280000000001,22.11113,1356.7827605373402
616,30,0.17757833333333334,0.4860966666666667,0.6891870000000002,21.52085,1393.9969843198571
617,30,0.17815499999999998,0.4860843333333334,0.6895776666666666,21.50009,1395.3429962386203
618,30,0.17940666666666666,0.4862633333333333,0.6889426666666665,21.49361,1395.7636711562182
619,30,0.1777236666666667,0.48493400000000003,0.6885273333333333,21.46624,1397.5433052085507
620,30,0.18563766666666665,0.5014943333333334,0.7075523333333334,22.06664,1359.5182592365672
621,30,0.17862966666666663,0.48470566666666665,0.6882079999999999,21.47566,1396.93029224713
622,30,0.17925733333333327,0.486898,0.6900396666666667,21.50909,1394.7591460168699
623,30,0.178672,0.4854283333333333,0.6888506666666666,21.47201,1397.1677546722453
624,30,0.18398766666666663,0.4990343333333333,0.7050533333333332,21.97553,1365.154788075646
625,30,0.1786313333333334,0.486364,0.689757,21.52065,1394.0099392908671
626,30,0.17845533333333338,0.486245,0.6914293333333333,21.55717,1391.6483471624522
627,30,0.17874966666666667,0.48627600000000004,0.6903473333333334,21.55123,1392.0319165077817
628,30,0.17831899999999998,0.48685899999999993,0.6895579999999999,21.50104,1395.2813445303111
629,30,0.1855406666666667,0.4995840000000001,0.7048823333333333,21.96929,1365.5425368776143
630,30,0.17821233333333333,0.486111,0.6893433333333334,21.4963,1395.5890083409704
631,30,0.17892899999999998,0.48511766666666667,0.6885793333333334,21.46917,1397.3525758098706
632,30,0.17918766666666663,0.4855986666666666,0.6892386666666666,21.50355,1395.1184804369511
633,30,0.1887,0.5044146666666667,0.709407,22.12,1356.23869801085
634,30,0.179617,0.48613866666666666,0.6892313333333334,21.50872,1394.78313911753
635,30,0.17788000000000004,0.4863113333333333,0.6904396666666668,21.52502,1393.726928012146
636,30,0.177348,0.48405966666666667,0.6872636666666665,21.43152,1399.8073865036172
637,30,0.17840966666666672,0.48547100000000004,0.6891460000000003,21.48522,1396.3087182723752
638,30,0.18436333333333335,0.5015286666666667,0.7096276666666667,22.14273,1354.8464891185504
639,30,0.17853133333333335,0.486833,0.6896683333333333,21.50488,1395.0321973431146
640,30,0.178635,0.48540133333333324,0.6888899999999999,21.47919,1396.7007135743947
641,30,0.17805700000000002,0.4860303333333333,0.6888376666666666,21.47517,1396.9621660736564
642,30,0.18506833333333336,0.503117,0.7090956666666666,22.09745,1357.622712122892
643,30,0.18062966666666666,0.4878799999999999,0.691074,21.56453,1391.1733759094218
644,30,0.17821,0.48572033333333325,0.6901906666666665,21.53988,1392.765419305957
645,30,0.179453,0.4865319999999999,0.6894846666666666,21.51242,1394.5432452508828
646,30,0.17760900000000002,0.48403999999999997,0.6875396666666665,21.43728,1399.4312711314121
647,30,0.18814099999999997,0.5016793333333333,0.7082233333333332,22.07124,1359.2349138516913
648,30,0.178651,0.48576566666666665,0.6889099999999999,21.48445,1396.3587618021406
649,30,0.17794966666666667,0.485417,0.6883633333333333,21.46272,1397.7725097284965
650,30,0.17708833333333335,0.48432100000000006,0.6876880000000001,21.4729,1397.1098454330809
651,30,0.18370866666666663,0.5039076666666668,0.7097786666666666,22.11468,1356.5649604696969
652,30,0.17977700000000005,0.48761133333333334,0.6917063333333334,21.5717,1390.7109778088886
653,30,0.17799099999999995,0.48475299999999993,0.6883106666666665,21.46468,1397.644875208948
654,30,0.17805766666666667,0.4858913333333333,0.688751,21.52748,1393.567663284323
655,30,0.17756033333333335,0.4841800000000001,0.6874850000000002,21.45721,1398.1314439295695
656,30,0.18373166666666665,0.49937366666666655,0.7064039999999998,22.0368,1361.3591810063167
657,30,0.17821533333333334,0.48566866666666664,0.6888563333333332,21.48154,1396.5479197487703
658,30,0.17891499999999996,0.48545933333333324,0.689364,21.49392,1395.7435404988946
659,30,0.178067,0.48532700000000006,0.6881613333333334,21.45553,1398.2409197069474
660,30,0.18503666666666668,0.4959983333333334,0.7006896666666667,21.85642,1372.5944139067606
661,30,0.1814133333333333,0.4897826666666667,0.6939890000000001,21.66341,1384.8235342450703
662,30,0.17813233333333336,0.4847736666666667,0.6877246666666669,21.47613,1396.8997207597458
663,30,0.1773596666666667,0.4864823333333333,0.6893680000000002,21.49167,1395.8896632974543
664,30,0.17750366666666667,0.4850130000000001,0.6886249999999998,21.47066,1397.2556036935987
665,30,0.18435333333333334,0.49745233333333333,0.7034423333333333,21.92546,1368.2723190300226
666,30,0.1791393333333333,0.48672733333333335,0.6896206666666667,21.50732,1394.8739312940897
667,30,0.1783316666666667,0.4858133333333333,0.6903036666666665,21.54975,1392.1275188807294
668,30,0.17713199999999998,0.4840826666666667,0.6878146666666666,21.44825,1398.7155129206346
669,30,0.1837646666666667,0.49262466666666666,0.6967593333333333,21.71998,1381.21674145188
670,30,0.18323066666666668,0.4925743333333334,0.6972260000000001,21.74688,1379.508232905134
671,30,0.17801133333333338,0.48557399999999995,0.6885896666666668,21.46965,1397.3213350008034
672,30,0.17801933333333328,0.48651733333333336,0.6905460000000001,21.55519,1391.7761801218176
673,30,0.17774133333333336,0.484617,0.6881253333333333,21.45453,1398.306092000151
674,30,0.1866203333333333,0.501509,0.7076193333333334,22.07526,1358.9873913149834
675,30,0.17936733333333335,0.48682266666666674,0.690282,21.52404,1393.7903850764076
676,30,0.1788366666666667,0.4868136666666667,0.6905543333333335,21.53193,1393.279654912495
677,30,0.17748466666666668,0.48545066666666664,0.6885643333333332,21.46932,1397.3428129069762
678,30,0.17862833333333333,0.48740166666666673,0.690988,21.56397,1391.2095036303613
679,30,0.1841116666666667,0.49630933333333327,0.7019703333333334,21.88446,1370.835743719516
680,30,0.17873566666666665,0.4851683333333333,0.6887900000000001,21.47795,1396.7813501754126
681,30,0.17909599999999998,0.486143,0.6909463333333333,21.54194,1392.6322327515536
682,30,0.1780386666666667,0.4851556666666666,0.6881173333333331,21.45729,1398.1262312249123
683,30,0.18533899999999998,0.49719033333333335,0.7034303333333333,21.92654,1368.204924260736
684,30,0.17863133333333328,0.48526333333333327,0.6884819999999999,21.50032,1395.3280695357093
685,30,0.17987999999999998,0.48595499999999997,0.6899946666666668,21.51342,1394.4784232353575
686,30,0.17884266666666665,0.4861156666666666,0.6891316666666665,21.48613,1396.2495805433553
687,30,0.17717266666666667,0.4837620000000001,0.6884873333333332,21.46577,1397.5739048727346
688,30,0.18600866666666666,0.498585,0.7041640000000002,21.96077,1366.0723189578507
689,30,0.1793483333333333,0.48618066666666665,0.6890363333333334,21.5278,1393.5469485966983
690,30,0.17935000000000004,0.4872773333333334,0.6901543333333335,21.51925,1394.1006308305355
691,30,0.17849433333333334,0.4866113333333333,0.6896,21.50177,1395.23397376123
692,30,0.1843033333333333,0.495503,0.7029253333333333,21.91303,1369.0484611210773
693,30,0.17881033333333332,0.48487033333333335,0.688952,21.48452,1396.3542122421165
694,30,0.17798399999999998,0.48546599999999995,0.6886273333333333,21.53903,1392.8203823477659
695,30,0.179224,0.48639733333333335,0.6908383333333334,21.56277,1391.286926494138
696,30,0.17738766666666667,0.4838456666666667,0.6877536666666667,21.44748,1398.765729120624
697,30,0.1853213333333334,0.502704,0.709386,22.12281,1356.066430982321
698,30,0.17947733333333332,0.4860066666666667,0.6895413333333333,21.50302,1395.1528668996261
699,30,0.179446,0.48726600000000003,0.691528,21.55946,1391.5005292340347
700,30,0.17913566666666667,0.48624833333333334,0.6893006666666666,21.49284,1395.8136756240683
701,30,0.18307099999999998,0.49914966666666666,0.707493,22.07762,1358.8421215692633
702,30,0.17758066666666664,0.48423066666666664,0.6876666666666666,21.44629,1398.8433430677287
703,30,0.1787686666666667,0.4857646666666667,0.6900203333333333,21.51423,1394.4259218201164
704,30,0.17825133333333337,0.48547799999999997,0.6889243333333332,21.47956,1396.676654456609
705,30,0.179396,0.4855363333333334,0.6888259999999999,21.47573,1396.925738962075
706,30,0.18545866666666672,0.49864899999999995,0.7045289999999998,22.02149,1362.3056387192692
707,30,0.17791600000000002,0.48433299999999996,0.6879253333333332,21.45358,1398.3680113062715
708,30,0.177743,0.48614333333333326,0.6902716666666666,21.52034,1394.0300199718035
709,30,0.17893266666666666,0.4855849999999999,0.6888743333333334,21.48153,1396.548569864437
710,30,0.18363733333333337,0.4975206666666666,0.7040839999999999,21.96106,1366.0542797114529
711,30,0.17786766666666667,0.48434666666666665,0.6876266666666666,21.44695,1398.8002956131293
712,30,0.178529,0.4858316666666667,0.6888416666666667,21.48021,1396.6343904459036
713,30,0.17836333333333332,0.48576266666666673,0.6886443333333333,21.48893,1396.0676497154582
714,30,0.178601,0.4852363333333333,0.6887096666666667,21.48917,1396.052057850536
715,30,0.184352,0.504463,0.7110416666666667,22.15645,1354.0075237684737
716,30,0.177669,0.48422300000000007,0.6880993333333334,21.46222,1397.8050732869199
717,30,0.178387,0.4853766666666666,0.6899336666666668,21.51141,1394.608721604023
718,30,0.17875866666666668,0.4860243333333333,0.6893719999999999,21.51255,1394.5348180480696
719,30,0.185001,0.4979990000000001,0.7045463333333333,21.9599,1366.1264395557357
720,30,0.17801666666666666,0.4867853333333333,0.6898283333333334,21.51485,1394.3857382226695
721,30,0.17776833333333333,0.48418866666666666,0.6876883333333335,21.44455,1398.9568445129416
722,30,0.17967933333333333,0.4860303333333333,0.6901886666666665,21.5381,1392.8805233516418
723,30,0.17828799999999997,0.48602833333333334,0.6890296666666667,21.50808,1394.8246426459266
724,30,0.18823066666666666,0.5055566666666667,0.710252,22.16785,1353.3112142133766
725,30,0.17861433333333332,0.4849383333333334,0.6878696666666666,21.46731,1397.473647140699
726,30,0.17808033333333334,0.48670500000000005,0.6896090000000001,21.5053,1395.0049522675804
727,30,0.178291,0.485005,0.6887279999999999,21.47566,1396.93029224713
728,30,0.18691266666666667,0.5016136666666666,0.7068506666666666,22.04606,1360.7873697159494
729,30,0.1789883333333333,0.4869466666666667,0.6923180000000001,21.59281,1389.3513627915959
730,30,0.17776199999999998,0.48516833333333337,0.6881563333333336,21.47585,1396.9179333996092
731,30,0.18065566666666666,0.4867976666666667,0.6909076666666667,21.53815,1392.877289832228
732,30,0.17843300000000006,0.4853373333333334,0.6885786666666666,21.47188,1397.176213726977
733,30,0.18452633333333332,0.4963723333333333,0.7041226666666667,21.94965,1366.7643903205744
734,30,0.1775223333333333,0.48555466666666675,0.688674,21.4781,1396.771595252839
735,30,0.17853633333333335,0.4867563333333334,0.6898683333333332,21.55232,1391.961515048032
736,30,0.17945666666666665,0.48582733333333333,0.6886416666666668,21.48723,1396.1781020634116
737,30,0.1838096666666667,0.49772866666666665,0.702912,21.90855,1369.3284128799032
738,30,0.1810073333333334,0.48989466666666664,0.6939796666666663,21.64284,1386.139711793831
739,30,0.17771766666666666,0.48401266666666665,0.6888296666666667,21.48497,1396.3249657784024
740,30,0.1775263333333333,0.4836943333333333,0.6877876666666666,21.48501,1396.322366152029
741,30,0.17830000000000001,0.485165,0.6893343333333334,21.49494,1395.677308240916
742,30,0.18510366666666664,0.49733266666666665,0.7035199999999999,21.93133,1367.906095982323
743,30,0.17824866666666664,0.48526499999999995,0.6885659999999999,21.47721,1396.8294764543439
744,30,0.17964800000000006,0.48638099999999995,0.6894756666666666,21.4973,1395.524089071651
745,30,0.1784656666666666,0.48488666666666663,0.6879626666666666,21.4541,1398.334117954144
746,30,0.17928500000000003,0.48985699999999993,0.6938633333333333,21.63244,1386.8061115620799
747,30,0.18386966666666674,0.49525166666666665,0.7006189999999999,21.86272,1372.1988846767467
748,30,0.1782196666666667,0.484305,0.6875863333333334,21.44463,1398.9516256517365
749,30,0.17801466666666663,0.4864623333333333,0.6896356666666666,21.52059,1394.0138258291247
750,30,0.1787693333333333,0.48590599999999995,0.6890023333333334,21.48266,1396.4751106241033
751,30,0.18552733333333332,0.5008546666666667,0.7071906666666667,22.04112,1361.0923582830635
752,30,0.17882066666666668,0.48514966666666665,0.6882140000000001,21.50019,1395.3365063285487
753,30,0.17777500000000004,0.484407,0.6888699999999999,21.48307,1396.4484591820442
754,30,0.17732633333333336,0.48385799999999995,0.6874276666666667,21.43605,1399.5115704619086
755,30,0.17941266666666664,0.486976,0.6902273333333332,21.52258,1393.8849338694524
756,30,0.1844186666666667,0.49674799999999997,0.7020289999999999,21.88783,1370.6246804731213
757,30,0.1783986666666667,0.4850426666666667,0.6882966666666666,21.48704,1396.1904478234324
758,30,0.17793266666666666,0.4847523333333334,0.6888466666666667,21.49274,1395.8201699736749
759,30,0.17727199999999999,0.48362433333333327,0.6869916666666668,21.42264,1400.3876272952352
760,30,0.18435066666666666,0.4979343333333333,0.7039966666666665,21.94668,1366.9493517926173
761,30,0.17884333333333335,0.4857976666666666,0.6886373333333334,21.47455,1397.0024983061346
762,30,0.178491,0.4848393333333333,0.6895843333333331,21.49833,1395.4572285382167
763,30,0.17812133333333333,0.48431233333333323,0.6870076666666668,21.42126,1400.4778430400452
764,30,0.1776936666666667,0.48417733333333324,0.6879426666666667,21.46537,1397.5999481956285
765,30,0.1851346666666667,0.49813633333333324,0.7044046666666667,21.95909,1366.1768315535844
766,30,0.1796986666666667,0.4857756666666667,0.6886689999999999,21.49147,1395.9026534713541
767,30,0.17879666666666666,0.4863006666666667,0.6893239999999999,21.48872,1396.0812928829637
768,30,0.17841766666666672,0.4845413333333334,0.6872476666666667,21.47159,1397.1950842951082
769,30,0.1839356666666667,0.49770900000000007,0.7034993333333334,21.95043,1366.7158228790963
770,30,0.17963566666666664,0.4864839999999999,0.6898009999999999,21.51595,1394.3144504425786
771,30,0.17847500000000002,0.48618966666666663,0.6902086666666667,21.51849,1394.1498683225448
772,30,0.1773193333333333,0.48440533333333335,0.6876779999999999,21.44246,1399.0932010599531
773,30,0.17786899999999994,0.48477366666666666,0.6879673333333333,21.4493,1398.6470420946137
774,30,0.18612399999999996,0.507979,0.7138320000000001,22.24352,1348.7073988289624
775,30,0.17803599999999997,0.484726,0.68823,21.48558,1396.2853225279466
776,30,0.179023,0.486926,0.6897773333333334,21.5053,1395.0049522675804
777,30,0.17802799999999996,0.48483499999999996,0.688163,21.45694,1398.1490370947581
778,30,0.18472366666666665,0.4964916666666667,0.7040353333333335,21.96752,1365.652563420905
779,30,0.17973000000000003,0.4868203333333333,0.690547,21.53283,1393.221420500696
780,30,0.1784916666666666,0.48583466666666664,0.6895246666666668,21.51551,1394.3429646798982
781,30,0.17797600000000002,0.4871693333333333,0.6909513333333333,21.55637,1391.6999940156902
782,30,0.17794499999999996,0.48499233333333325,0.6883199999999999,21.47791,1396.7839515111107
783,30,0.18711166666666668,0.4985320000000001,0.7041613333333333,21.95024,1366.7276530917202
784,30,0.179383,0.485869,0.6897656666666666,21.51292,1394.5108334898284
785,30,0.17932666666666666,0.48693166666666676,0.690066,21.5487,1392.195352851912
786,30,0.17732533333333328,0.4843296666666667,0.6873879999999999,21.47438,1397.0135575509048
787,30,0.18544533333333332,0.5044923333333332,0.710222,22.14951,1354.4317684680157
788,30,0.17919133333333334,0.4864013333333333,0.6895966666666665,21.50707,1394.890145426597
789,30,0.17835966666666667,0.4869243333333333,0.6901780000000001,21.52024,1394.036497734226
790,30,0.17775233333333335,0.48671699999999996,0.6903119999999999,21.52338,1393.8331247229755
791,30,0.1783203333333333,0.48530799999999996,0.6890660000000002,21.48463,1396.347062993405
792,30,0.18927333333333332,0.5051113333333334,0.7116939999999999,22.20751,1350.8943596107804
793,30,0.17918033333333333,0.48535999999999996,0.6892473333333334,21.50874,1394.781842172066
794,30,0.17894200000000002,0.48655199999999993,0.6896840000000001,21.51949,1394.0850828713878
795,30,0.17716500000000002,0.48367000000000004,0.6879173333333334,21.45129,1398.5172919670565
796,30,0.18534000000000003,0.4976273333333333,0.7027333333333333,21.90674,1369.4415508651675
797,30,0.1791743333333333,0.4868686666666667,0.6899263333333331,21.53146,1393.31006815144
798,30,0.17844133333333334,0.4859296666666667,0.689152,21.50368,1395.1100462804507
799,30,0.17887366666666668,0.4879233333333334,0.6910843333333333,21.56109,1391.3953329817741
800,30,0.1769123333333333,0.4836413333333333,0.6878323333333332,21.44881,1398.678994312505
801,30,0.18444533333333332,0.49893166666666666,0.7052273333333332,21.98124,1364.8001659597003
802,30,0.1783903333333333,0.4854403333333333,0.6887030000000001,21.47857,1396.7410307110763
803,30,0.17841966666666667,0.486627,0.6905293333333334,21.5488,1392.1888921888922
804,30,0.17845766666666665,0.4848106666666666,0.6885060000000001,21.48412,1396.380210127294
805,30,0.1860156666666666,0.4997163333333333,0.7052513333333333,21.98008,1364.872193367813
806,30,0.20859533333333333,0.5289626666666667,0.7388266666666667,23.04421,1301.845452718926
807,30,0.17811999999999995,0.48446199999999995,0.6880133333333335,21.47242,1397.1410767859422
808,30,0.17792900000000003,0.48664133333333326,0.689334,21.49662,1395.5682335176414
809,30,0.17760633333333328,0.48427400000000004,0.6878896666666667,21.48951,1396.0299699713953
810,30,0.18675633333333333,0.5044713333333334,0.7099770000000001,22.1664,1353.39974014725
811,30,0.17784233333333332,0.4846756666666667,0.6880616666666667,21.46099,1397.8851860981251
812,30,0.17829399999999998,0.4848583333333333,0.6883633333333333,21.47809,1396.7722455767716
813,30,0.17778499999999997,0.4850609999999999,0.6882856666666667,21.46309,1397.7484136720295
814,30,0.183915,0.49568166666666674,0.7023366666666665,21.91162,1369.1365585931119
815,30,0.17879699999999998,0.48574466666666666,0.6889339999999999,21.5076,1394.855771913184
816,30,0.177536,0.4845776666666667,0.6875406666666668,21.43974,1399.270700111102
817,30,0.178637,0.48610666666666663,0.6886793333333333,21.48681,1396.205392982951
818,30,0.17756733333333333,0.48465633333333324,0.6884036666666664,21.46237,1397.7953040600828
819,30,0.183234,0.4962556666666667,0.7032430000000001,21.94326,1367.162399752817
820,30,0.177791,0.484989,0.6879096666666668,21.4791,1396.7065659175664
821,30,0.17767266666666665,0.4863763333333334,0.6895846666666666,21.50244,1395.1904993107757
822,30,0.17775833333333332,0.4844403333333333,0.6872609999999999,21.44491,1398.9333599441545
823,30,0.1820413333333333,0.5005763333333334,0.7071903333333331,22.03835,1361.263433968514
824,30,0.17983100000000002,0.48847133333333337,0.6916526666666667,21.5877,1389.6802345780236
825,30,0.1774243333333333,0.4848893333333334,0.688206666666667,21.45944,1397.9861543451275
826,30,0.177543,0.48543566666666665,0.6898193333333332,21.534,1393.1457230426302
827,30,0.17751800000000004,0.48430866666666655,0.6876979999999998,21.44495,1398.9307505962943
828,30,0.18548866666666664,0.49830566666666665,0.7047510000000001,22.00631,1363.245360080813
829,30,0.17788066666666666,0.48568199999999995,0.6892210000000001,21.4952,1395.6604265138265
830,30,0.17890933333333334,0.4862300000000001,0.6907463333333335,21.53819,1392.874703027506
831,30,0.17898399999999998,0.486246,0.6899926666666666,21.51738,1394.2217872250246
832,30,0.17998666666666666,0.488329,0.692141,21.61793,1387.7369387355773
833,30,0.18252966666666667,0.4958013333333333,0.7020373333333333,21.8865,1370.7079706668494
834,30,0.17769833333333332,0.48472633333333337,0.6878136666666668,21.45405,1398.337376858915
835,30,0.17792166666666667,0.4855939999999999,0.6883136666666666,21.47572,1396.9263894295511
836,30,0.177878,0.48536700000000005,0.6882903333333332,21.46192,1397.8246121502643
837,30,0.18581000000000003,0.49940433333333334,0.7054449999999999,22.01751,1362.5518961953462
838,30,0.177963,0.4842943333333333,0.6875053333333335,21.4448,1398.9405357009625
839,30,0.17759733333333333,0.48446266666666654,0.6887603333333333,21.47863,1396.737128950962
840,30,0.17759166666666668,0.48430066666666666,0.6881556666666666,21.45929,1397.995926239871
841,30,0.17812100000000003,0.48529866666666666,0.6885806666666666,21.47058,1397.2608099082559
842,30,0.1840846666666667,0.49594333333333335,0.7007086666666668,21.85724,1372.5429194170902
843,30,0.17816766666666664,0.484334,0.6877406666666668,21.48639,1396.2326849694155
844,30,0.17758766666666664,0.4839779999999999,0.6881276666666667,21.45928,1397.9965777043778
845,30,0.17779533333333333,0.4857026666666667,0.6882909999999999,21.46238,1397.7946527831489
846,30,0.18345666666666668,0.496237,0.7028380000000001,21.90782,1369.3740408675988
847,30,0.17864133333333332,0.48521166666666665,0.6881333333333333,21.478,1396.7780985194152
848,30,0.17745700000000006,0.4839263333333334,0.6875976666666668,21.44481,1398.9398833563923
849,30,0.17782933333333334,0.4850006666666667,0.6878333333333335,21.48663,1396.217089417931
850,30,0.1775246666666667,0.48479266666666665,0.6878083333333334,21.46202,1397.8180991351235
851,30,0.1838126666666667,0.49699433333333337,0.703761,21.93728,1367.5350818332993
852,30,0.17800233333333335,0.48455600000000004,0.6872703333333334,21.44928,1398.6483462381952
853,30,0.177609,0.4839846666666666,0.6883956666666667,21.46638,1397.5341906739748
854,30,0.1776386666666667,0.48454,0.6883476666666667,21.48704,1396.1904478234324
855,30,0.18351766666666663,0.4948599999999999,0.7002626666666666,21.86685,1371.9397169688364
856,30,0.17801866666666666,0.4856480000000001,0.6884783333333334,21.47663,1396.8671993697335
857,30,0.17771399999999998,0.48430033333333333,0.6874380000000001,21.43847,1399.3535919307674
858,30,0.1775453333333333,0.48497100000000004,0.6889063333333335,21.48495,1396.326265595219
859,30,0.17883700000000002,0.4850156666666667,0.6877496666666666,21.45778,1398.094304257011
860,30,0.18383466666666665,0.49791466666666667,0.7034836666666666,21.95503,1366.4294696932775
861,30,0.17784666666666663,0.4851653333333334,0.6879253333333331,21.45507,1398.270898207277
862,30,0.17818166666666665,0.4849893333333333,0.6885786666666667,21.48156,1396.5466195192528
863,30,0.17760599999999996,0.48397166666666663,0.6865526666666668,21.40902,1401.2785265276038
864,30,0.18333766666666668,0.4949726666666667,0.7030180000000001,21.91446,1368.9591256184274
865,30,0.17789366666666667,0.48403066666666666,0.6872706666666666,21.4364,1399.4887201209158
866,30,0.17785299999999998,0.48604433333333324,0.6886133333333334,21.48732,1396.1722541480278
867,30,0.17731233333333332,0.4838556666666667,0.6883136666666668,21.46566,1397.5810666897733
868,30,0.1780443333333333,0.4849306666666667,0.6875213333333333,21.43993,1399.2582998172102
869,30,0.18443733333333331,0.49794066666666664,0.7028303333333334,21.91223,1369.0984441108915
870,30,0.17804,0.48525833333333335,0.6881416666666668,21.46081,1397.896910694424
871,30,0.17787433333333333,0.4842236666666666,0.6885999999999999,21.47109,1397.227620954502
872,30,0.1775163333333333,0.48520166666666664,0.6881503333333334,21.48397,1396.3899595838197
873,30,0.1833763333333333,0.4956186666666666,0.700668,21.84099,1373.5641104180716
874,30,0.17787366666666668,0.48595533333333335,0.6894790000000001,21.50611,1394.952411198492
875,30,0.18349933333333338,0.4895016666666666,0.6937263333333333,21.62925,1387.0106453067028
876,30,0.17859766666666668,0.48615166666666665,0.6894563333333331,21.50022,1395.3345593672996
877,30,0.177435,0.48410133333333333,0.6867730000000001,21.43412,1399.6375871740943
878,30,0.18620733333333336,0.5031443333333334,0.7087353333333333,22.0875,1358.2342954159592
879,30,0.17767966666666668,0.484059,0.6869503333333334,21.43747,1399.4188679914187
880,30,0.17793000000000003,0.48528099999999996,0.6892169999999997,21.49125,1395.916942941895
881,30,0.17761066666666667,0.4839213333333333,0.6868456666666668,21.41653,1400.7871489919235
882,30,0.18230866666666667,0.49567566666666657,0.7005383333333334,21.83688,1373.8226340026597
883,30,0.18103366666666665,0.4893216666666667,0.693287,21.64496,1386.003947339242
884,30,0.17783900000000002,0.4840206666666667,0.6865363333333333,21.43923,1399.3039861972654
885,30,0.17779,0.48594866666666664,0.6886333333333333,21.47621,1396.894517235583
886,30,0.17750166666666667,0.48464833333333324,0.6871259999999998,21.42787,1400.0458281667752
887,30,0.18388,0.5006226666666667,0.706447,22.01856,1362.4869201255667
888,30,0.17771299999999995,0.4846980000000001,0.6873633333333333,21.43747,1399.4188679914187
889,30,0.1782863333333333,0.4842936666666667,0.6885100000000001,21.49428,1395.7201636900606
890,30,0.17767566666666668,0.4846163333333333,0.6872706666666667,21.43043,1399.8785838641595
891,30,0.18006566666666665,0.4951893333333333,0.6993963333333333,21.79809,1376.2673702145464
892,30,0.18258433333333335,0.4914536666666667,0.6969299999999999,21.7438,1379.7036396582014
893,30,0.17779200000000003,0.48440966666666674,0.6871503333333333,21.42781,1400.0497484343944
894,30,0.1782853333333333,0.4858606666666666,0.6885413333333334,21.50498,1395.0257103238412
895,30,0.1777476666666667,0.4840856666666667,0.6870733333333331,21.42298,1400.3654020122317
896,30,0.1843233333333333,0.4967676666666667,0.7031736666666667,21.93256,1367.8293824341526
897,30,0.17768599999999998,0.48494633333333326,0.6880066666666667,21.45765,1398.1027745349559
898,30,0.1774603333333333,0.48374100000000003,0.6869296666666667,21.42026,1400.5432240318278
899,30,0.1775236666666667,0.485218,0.6891666666666667,21.48646,1396.2281362309102
900,30,0.17809466666666665,0.48562866666666665,0.6889393333333333,21.53058,1393.3670156586584
901,30,0.18270299999999998,0.4936516666666667,0.7006153333333334,21.86217,1372.2334059244804
902,30,0.17734233333333332,0.4843086666666666,0.6873013333333334,21.43434,1399.6232214287913
903,30,0.17613699999999996,0.4832196666666666,0.6868956666666667,21.41635,1400.7989223186958
904,30,0.17591966666666667,0.48218066666666665,0.6856006666666666,21.3811,1403.1083527040237
905,30,0.18209333333333338,0.4955126666666667,0.7026836666666665,21.92082,1368.5619424820786
906,30,0.17643166666666665,0.4836096666666666,0.6872366666666667,21.45488,1398.2832810064658
907,30,0.17615166666666668,0.483047,0.6866156666666666,21.41012,1401.2065322380256
908,30,0.17568766666666666,0.48304233333333335,0.6870969999999998,21.4248,1400.2464433740338
909,30,0.17558700000000002,0.481937,0.6848196666666666,21.36869,1403.923216631436
910,30,0.18229633333333334,0.4945133333333333,0.7043,21.98972,1364.2738515997476
911,30,0.176452,0.4826586666666666,0.6864206666666667,21.43624,1399.4991658984973
912,30,0.17607833333333334,0.48313999999999996,0.6869633333333334,21.42037,1400.5360318239134
913,30,0.17558000000000004,0.48270700000000005,0.6854580000000001,21.37448,1403.5429165996084
914,30,0.18217099999999997,0.497747,0.7048086666666667,21.96569,1365.7663383212637
915,30,0.17730699999999996,0.484434,0.6874100000000001,21.44127,1399.170851353488
916,30,0.17659500000000003,0.4835996666666667,0.6864406666666667,21.40582,1401.4880065328027
917,30,0.17596200000000004,0.4833953333333333,0.6866973333333332,21.46872,1397.3818653371045
918,30,0.1763646666666667,0.48246366666666674,0.6858146666666667,21.40158,1401.7656640304126
919,30,0.184832,0.4986716666666667,0.7049176666666666,21.97474,1365.2038658932938
920,30,0.17683633333333332,0.4828713333333334,0.6858286666666669,21.43055,1399.8707452678536
921,30,0.17570799999999995,0.482137,0.6876613333333331,21.44427,1398.975110833803
922,30,0.17518633333333333,0.48250399999999993,0.6856176666666667,21.38106,1403.110977659667
923,30,0.18159733333333336,0.4941806666666666,0.6998806666666666,21.84339,1373.4131927324468
924,30,0.178235,0.48523466666666676,0.6880106666666667,21.45956,1397.978336927691
925,30,0.1762356666666667,0.48312733333333324,0.6863343333333333,21.41791,1400.6968933943604
926,30,0.17598033333333335,0.4834553333333334,0.6868640000000001,21.41978,1400.5746090762837
927,30,0.17621799999999999,0.48256200000000005,0.6854589999999999,21.39211,1402.3862068772085
928,30,0.18537499999999998,0.49929066666666677,0.7045416666666668,21.98662,1364.466207175091
929,30,0.1769496666666667,0.48401266666666665,0.6871686666666666,21.43082,1399.8531087471222
930,30,0.1766443333333333,0.484478,0.6878283333333334,21.45059,1398.562929970691
931,30,0.176225,0.482154,0.685425,21.37227,1403.6880499825243
932,30,0.18171166666666663,0.4945416666666667,0.700028,21.85285,1372.8186483685195
933,30,0.17667333333333335,0.48632699999999995,0.6893586666666668,21.49962,1395.3734996246444
934,30,0.17655533333333331,0.48394733333333334,0.6874939999999999,21.46036,1397.9262230456525
935,30,0.17739333333333332,0.4857323333333334,0.6894493333333334,21.49386,1395.7474367098325
936,30,0.17557733333333334,0.482511,0.685772,21.38854,1402.6202817022572
937,30,0.18316499999999997,0.495571,0.7011743333333332,21.87703,1371.3013146665705
938,30,0.176767,0.48356266666666675,0.686552,21.41473,1400.9048911660338
939,30,0.17622199999999996,0.4828303333333333,0.6869510000000001,21.42063,1400.5190323533902
940,30,0.17712966666666666,0.48356000000000005,0.6869013333333331,21.46262,1397.7790223188035
941,30,0.17926900000000004,0.4881896666666667,0.6938549999999999,21.65187,1385.5616166178718
942,30,0.1783846666666667,0.48717366666666667,0.6929653333333333,21.61232,1388.097159397973
943,30,0.175801,0.4826526666666667,0.6860943333333334,21.3964,1402.1050270138903
944,30,0.17560199999999998,0.48357466666666665,0.6865916666666667,21.4114,1401.12276637679
945,30,0.17625566666666667,0.48277733333333334,0.685745,21.41158,1401.1109876057722
946,30,0.18117733333333333,0.49494966666666673,0.7030403333333333,21.91687,1368.808593562858
947,30,0.17545133333333332,0.4820413333333333,0.6850459999999998,21.36602,1404.0986575880768
948,30,0.17599700000000004,0.4823246666666667,0.6854479999999997,21.37664,1403.4010957755756
949,30,0.17620133333333332,0.48411733333333323,0.6871423333333334,21.42649,1400.135999876788
950,30,0.176441,0.48338933333333334,0.686831,21.42116,1400.4843808645282
951,30,0.18283333333333335,0.4968310000000001,0.7023109999999999,21.91681,1368.8123408470485
952,30,0.17569233333333328,0.48227499999999995,0.6850213333333334,21.36372,1404.2498216602728
953,30,0.17636966666666662,0.48426166666666676,0.6869519999999999,21.42228,1400.4111607167865
954,30,0.17619900000000002,0.48354500000000006,0.686443,21.40618,1401.4644369056039
955,30,0.18205466666666664,0.4964449999999999,0.7022453333333334,21.89674,1370.0669597392123
956,30,0.17556800000000003,0.482644,0.6854486666666666,21.38367,1402.9397198890556
957,30,0.17614100000000005,0.48215300000000005,0.6854643333333333,21.40687,1401.4192640026308
958,30,0.17716466666666672,0.4839596666666666,0.6869486666666665,21.42407,1400.29415512552
959,30,0.17604133333333338,0.4830716666666667,0.6858970000000001,21.39067,1402.48061421171
960,30,0.1940903333333333,0.5075320000000001,0.7139356666666667,22.24748,1348.4673320304141
961,30,0.1759693333333333,0.48227733333333334,0.6854680000000001,21.38169,1403.069635749092
962,30,0.17690500000000003,0.4838619999999999,0.6866886666666667,21.44736,1398.773555346672
963,30,0.17621100000000003,0.481904,0.68549,21.39041,1402.4976613351498
964,30,0.185946,0.4987316666666667,0.703852,21.93994,1367.369281775611
965,30,0.177784,0.4846726666666667,0.6915776666666666,21.56698,1391.015339189817
966,30,0.17517866666666668,0.48190233333333327,0.6852066666666665,21.37572,1403.4614974372791
967,30,0.17662866666666666,0.48424599999999995,0.6878186666666666,21.44715,1398.7872514529902
968,30,0.176624,0.48510366666666666,0.6877196666666667,21.44652,1398.828341381259
969,30,0.18232899999999994,0.4978053333333333,0.703797,21.96339,1365.9093609866236
970,30,0.17634200000000003,0.48307866666666666,0.6863736666666667,21.40763,1401.3695117114785
971,30,0.17590433333333333,0.4825480000000001,0.685995,21.42426,1400.281736685421
972,30,0.176078,0.48219700000000004,0.6855806666666668,21.38306,1402.9797419078468
973,30,0.18256599999999998,0.49428233333333327,0.700821,21.84864,1373.0831758864626
974,30,0.17633166666666672,0.4832306666666666,0.6870883333333332,21.4553,1398.255908796428
975,30,0.17629599999999998,0.483207,0.6861283333333333,21.39848,1401.968737966435
976,30,0.1771916666666667,0.48394466666666675,0.6867703333333333,21.41601,1400.821161364792
977,30,0.17605366666666666,0.48272966666666667,0.6864976666666668,21.40924,1401.2641270778413
978,30,0.1826896666666667,0.49412433333333333,0.7008743333333334,21.84954,1373.0266174940066
979,30,0.17666833333333334,0.4835780000000001,0.6871226666666668,21.45604,1398.207684176577
980,30,0.17620566666666668,0.48223433333333326,0.685103,21.38217,1403.0381387857267
981,30,0.17689966666666662,0.4829996666666666,0.6862860000000001,21.41544,1400.858446055743
982,30,0.18255899999999997,0.49565600000000004,0.7016143333333335,21.89029,1370.4706515994078
983,30,0.176486,0.4845373333333333,0.6890689999999999,21.51181,1394.5827896397375
984,30,0.17737166666666665,0.4840543333333334,0.687052,21.44435,1398.969891836311
985,30,0.17591033333333336,0.4826666666666667,0.6872736666666666,21.44322,1399.0436137856161
986,30,0.177418,0.486144,0.6905553333333335,21.56469,1391.1630540480758
987,30,0.1834063333333333,0.4973686666666666,0.7044933333333333,21.9727,1365.3306148083757
988,30,0.17567166666666667,0.48228,0.6851576666666667,21.38847,1402.6248721858085
989,30,0.176849,0.48390500000000003,0.6871743333333334,21.42804,1400.0347208610774
990,30,0.17707366666666668,0.48335700000000004,0.6882916666666667,21.46419,1397.6767816535355
991,30,0.18282766666666667,0.4978853333333333,0.702953,21.92678,1368.1899485469366
992,30,0.181298,0.49069833333333335,0.694826,21.68108,1383.6949081872306
993,30,0.175628,0.48198933333333327,0.6863113333333334,21.40291,1401.6785567943798
994,30,0.17703466666666662,0.48506599999999994,0.6882050000000001,21.45802,1398.0786670904397
995,30,0.1771253333333333,0.48385399999999995,0.6873443333333333,21.43057,1399.8694388436707
996,30,0.18456466666666663,0.49636233333333324,0.7018169999999999,21.92074,1368.5669370650808
997,30,0.17712333333333335,0.4834843333333334,0.6877570000000001,21.45289,1398.4129877140097
998,30,0.17589700000000003,0.48364633333333334,0.6867273333333334,21.4169,1400.76294888616
999,30,0.17826533333333336,0.485666,0.6887030000000001,21.47209,1397.1625491510142
1000,30,0.1789376666666667,0.4859236666666666,0.6905616666666666,21.53468,1393.101731718326
1001,30,0.18166000000000002,0.493068,0.6993709999999999,21.80561,1375.7927432435965
1002,30,0.17639400000000002,0.48317233333333337,0.6865236666666666,21.40867,1401.3014353530602
1003,30,0.1765846666666667,0.48505733333333334,0.6893596666666666,21.51529,1394.3572222359076
1004,30,0.17600766666666667,0.48253666666666667,0.6856953333333332,21.39653,1402.0965081721195
1005,30,0.18467366666666668,0.49701266666666655,0.7030949999999999,21.91873,1368.6924379286572
1006,30,0.17666033333333334,0.48382500000000006,0.687248,21.43751,1399.416256832067
1007,30,0.17598300000000003,0.48378,0.6875660000000002,21.43851,1399.3509810150051
1008,30,0.17745933333333333,0.4843276666666666,0.6874896666666666,21.47622,1396.8938667977884
1009,30,0.17681566666666668,0.48307333333333335,0.6866226666666666,21.42631,1400.1477622605105
1010,30,0.1852493333333333,0.4994123333333334,0.7057743333333334,21.99874,1363.7144672831262
1011,30,0.17856466666666668,0.4849743333333333,0.6881470000000001,21.47431,1397.018111408469
1012,30,0.176346,0.4842426666666667,0.6878563333333333,21.44892,1398.671821238552
1013,30,0.17622733333333335,0.483375,0.6871506666666666,21.45331,1398.3856104256174
1014,30,0.18289433333333335,0.4942803333333333,0.6994330000000002,21.80575,1375.7839102071703
1015,30,0.17806899999999998,0.48606999999999995,0.6890693333333334,21.48952,1396.029320338472
1016,30,0.17647133333333334,0.48321300000000006,0.686168,21.39831,1401.9798759808602
1017,30,0.17843466666666666,0.48475900000000005,0.6877326666666665,21.46169,1397.8395923154235
1018,30,0.17657566666666666,0.48280233333333344,0.6857386666666667,21.39689,1402.072918073608
1019,30,0.18327600000000002,0.501221,0.7068720000000001,22.02842,1361.877066080999
1020,30,0.17723966666666663,0.4831513333333334,0.6858780000000001,21.43373,1399.6630544473592
1021,30,0.17689733333333332,0.4841180000000001,0.6874256666666666,21.43254,1399.7407680097647
1022,30,0.17633099999999996,0.48296799999999995,0.6862533333333334,21.403,1401.672662710835
1023,30,0.18217566666666662,0.49560233333333337,0.7024013333333335,21.89587,1370.1213973228741
1024,30,0.1766096666666667,0.4843043333333332,0.6876886666666665,21.45089,1398.5433704615518
1025,30,0.17664566666666665,0.484768,0.6878220000000002,21.47315,1397.0935796564547
1026,30,0.17683599999999997,0.483511,0.6873303333333333,21.43655,1399.4789273460515
1027,30,0.17644400000000002,0.4830913333333333,0.6865349999999998,21.40835,1401.3223812204117
1028,30,0.18333333333333332,0.49834833333333334,0.7040340000000002,21.94623,1366.9773806252826
1029,30,0.17671066666666665,0.4841713333333333,0.6870983333333333,21.42756,1400.0660831191233
1030,30,0.176353,0.4830076666666666,0.6858256666666666,21.38806,1402.651759907163
1031,30,0.17658933333333332,0.48364566666666675,0.6866716666666667,21.45038,1398.576621952618
1032,30,0.182436,0.4969326666666667,0.7017756666666668,21.89017,1370.4781643998197
1033,30,0.17736766666666665,0.48636833333333335,0.6905983333333333,21.53737,1392.9277344448278
1034,30,0.1761103333333333,0.4838696666666666,0.6870123333333333,21.42565,1400.1908926917035
1035,30,0.17743733333333336,0.4843179999999999,0.6877803333333335,21.4471,1398.7905124702174
1036,30,0.1762323333333333,0.48315100000000005,0.6862879999999999,21.40359,1401.6340249462824
1037,30,0.18652933333333335,0.50293,0.7079846666666666,22.10114,1357.3960438239837
1038,30,0.17671266666666666,0.48315800000000003,0.686536,21.41269,1401.0383562270783
1039,30,0.17697233333333337,0.48386100000000004,0.6867560000000001,21.41541,1400.860408462878
1040,30,0.1760276666666667,0.48349433333333336,0.686419,21.40714,1401.401588441987
1041,30,0.1810146666666666,0.494174,0.6998023333333332,21.83412,1373.9962957059868
1042,30,0.17886933333333335,0.487902,0.6909873333333333,21.57316,1390.6168590971374
1043,30,0.17652533333333334,0.48294966666666667,0.6870863333333331,21.42592,1400.1732481032318
1044,30,0.17751933333333333,0.48455366666666666,0.6875033333333335,21.43959,1399.2804899720563
1045,30,0.17648766666666663,0.4829306666666667,0.6863426666666668,21.40334,1401.6503966203406
1046,30,0.18199500000000002,0.49992066666666674,0.7055766666666666,21.99142,1364.1683893081938
1047,30,0.1773626666666667,0.4835356666666666,0.6866153333333334,21.43044,1399.8779306444478
1048,30,0.176981,0.4836916666666667,0.6871529999999999,21.44573,1398.879870258555
1049,30,0.17768633333333334,0.48430433333333334,0.6877893333333334,21.44611,1398.8550837424596
1050,30,0.18061133333333332,0.49139733333333335,0.6957519999999999,21.68898,1383.190910775887
1051,30,0.1801656666666666,0.48969366666666664,0.6941816666666667,21.64573,1385.954643248345
1052,30,0.176765,0.4831263333333334,0.6861743333333333,21.41452,1400.9186290423506
1053,30,0.1762413333333334,0.483846,0.6877696666666667,21.44677,1398.8120355652622
1054,30,0.17604533333333328,0.48318,0.6861633333333333,21.42273,1400.3817440634316
1055,30,0.182115,0.4970083333333333,0.7018306666666665,21.89746,1370.0219112171
1056,30,0.17692999999999998,0.48300466666666664,0.6866083333333334,21.59019,1389.519962538542
1057,30,0.1770183333333333,0.48423,0.6872163333333333,21.42691,1400.108555083304
1058,30,0.1769363333333334,0.48660466666666674,0.6899026666666668,21.5423,1392.6089600460489
1059,30,0.17600766666666667,0.48441999999999996,0.6881413333333334,21.47677,1396.8580936518854
1060,30,0.1827663333333333,0.4949449999999999,0.7011179999999998,21.85692,1372.5630143679898
1061,30,0.17759966666666666,0.4832989999999999,0.6862320000000001,21.41067,1401.1705378673344
1062,30,0.17640333333333336,0.4835426666666666,0.688832,21.47882,1396.724773521078
1063,30,0.17711099999999996,0.4842376666666666,0.6875663333333334,21.43503,1399.5781671404238
1064,30,0.18172000000000002,0.5015876666666668,0.706859,22.04373,1360.9312035667285
1065,30,0.17628866666666665,0.4836626666666667,0.6866279999999999,21.46537,1397.5999481956285
1066,30,0.1769633333333333,0.48356133333333334,0.6871556666666667,21.42374,1400.315724518688
1067,30,0.17669933333333337,0.48301366666666673,0.687663,21.44026,1399.2367629870162
1068,30,0.1759,0.4829076666666667,0.6864840000000001,21.40293,1401.6772469937528
1069,30,0.18446600000000002,0.5015280000000001,0.7079350000000002,22.06033,1359.9071274092455
1070,30,0.1757133333333333,0.483508,0.6866303333333333,21.41006,1401.210459008522
1071,30,0.175914,0.4824963333333334,0.6871546666666666,21.44997,1398.6033546900067
1072,30,0.17697066666666667,0.4845733333333333,0.6876650000000001,21.44184,1399.1336564399323
1073,30,0.18272200000000002,0.49407133333333336,0.700015,21.84101,1373.5628526336466
1074,30,0.17688033333333336,0.486047,0.6892113333333332,21.4935,1395.7708144322703
1075,30,0.17647666666666667,0.4823246666666667,0.6856766666666668,21.38376,1402.9338151943343
1076,30,0.17794566666666667,0.4840253333333334,0.6869216666666668,21.49297,1395.8052330599262
1077,30,0.17695133333333335,0.4832493333333333,0.6868426666666668,21.41822,1400.6766201859912
1078,30,0.18253233333333332,0.4961386666666666,0.7028156666666666,21.912,1369.1128148959474
1079,30,0.1761643333333333,0.48308233333333334,0.6861606666666665,21.4006,1401.8298552377037
1080,30,0.17676566666666674,0.4840856666666666,0.6872086666666667,21.42881,1399.984413506863
1081,30,0.17649500000000004,0.4841193333333333,0.6870363333333332,21.45495,1398.2787188970376
1082,30,0.18212033333333333,0.494385,0.6998136666666664,21.83767,1373.7729345667371
1083,30,0.17781799999999995,0.4846316666666667,0.6875883333333331,21.44355,1399.0220835635891
1084,30,0.17601100000000003,0.48340599999999995,0.686374,21.4033,1401.653016123682
1085,30,0.17665866666666669,0.4840186666666667,0.6868816666666667,21.43326,1399.6937470081546
1086,30,0.17642399999999997,0.48313633333333333,0.6865426666666667,21.42299,1400.3647483381171
1087,30,0.18208133333333335,0.4957373333333333,0.7020223333333334,21.88482,1370.8131938028278
1088,30,0.17654933333333328,0.48493066666666673,0.6887683333333332,21.50463,1395.048415155248
1089,30,0.17582799999999998,0.48335666666666666,0.6866353333333333,21.4092,1401.2667451376044
1090,30,0.179274,0.485867,0.689368,21.49205,1395.8649826331132
1091,30,0.18434833333333336,0.4999226666666666,0.7051813333333332,21.97529,1365.1696974192375
1092,30,0.17773766666666668,0.48419700000000004,0.6882240000000001,21.4639,1397.6956657457404
1093,30,0.17632399999999998,0.4830613333333333,0.6861703333333332,21.42032,1400.539301000172
1094,30,0.17615466666666668,0.4846526666666667,0.6874896666666664,21.43892,1399.324219690171
1095,30,0.17674866666666667,0.48330933333333337,0.6860160000000001,21.39334,1402.3055773432293
1096,30,0.18427166666666664,0.49802666666666673,0.7034849999999999,21.93182,1367.8755342693858
1097,30,0.176104,0.48309300000000005,0.6865003333333334,21.40914,1401.2706722455923
1098,30,0.17606100000000005,0.48349200000000003,0.6863119999999999,21.40366,1401.629440946081
1099,30,0.178406,0.48494166666666666,0.6878879999999998,21.47248,1397.1371727904743
1100,30,0.181489,0.49272533333333335,0.6979933333333334,21.75918,1378.7284263469487
1101,30,0.179201,0.4878616666666667,0.6911470000000002,21.57183,1390.7025968589592
1102,30,0.17664866666666665,0.483205,0.6873653333333333,21.43717,1399.438451997162
1103,30,0.17720900000000003,0.4835936666666667,0.6869096666666668,21.41678,1400.770797477492
1104,30,0.17725100000000002,0.48453399999999996,0.6873406666666667,21.43282,1399.722481689297
1105,30,0.18186466666666667,0.49516399999999994,0.7015116666666668,21.89355,1370.2665853641824
1106,30,0.17669266666666664,0.4825493333333334,0.6874659999999999,21.45291,1398.4116840093022
1107,30,0.17648666666666665,0.482884,0.6857766666666664,21.39916,1401.924187678395
1108,30,0.176274,0.48454166666666665,0.6878733333333334,21.45223,1398.4560113330876
1109,30,0.17774933333333334,0.4858976666666666,0.6895276666666665,21.50171,1395.2378671277772
1110,30,0.18155399999999997,0.4931476666666666,0.6992093333333336,21.85076,1372.9499568893714
1111,30,0.17721833333333334,0.4838236666666667,0.686662,21.41301,1401.0174188495687
1112,30,0.1769513333333333,0.483199,0.6866936666666664,21.41448,1400.9212458112454
1113,30,0.17796499999999996,0.4868286666666667,0.6920810000000001,21.58845,1389.6319559764597
1114,30,0.1845433333333334,0.49680966666666665,0.703171,21.93719,1367.5406923129171
1115,30,0.17710366666666666,0.4849133333333333,0.6884903333333333,21.47081,1397.2458421456852
1116,30,0.1760256666666666,0.48209433333333335,0.6859139999999999,21.41762,1400.715859185101
1117,30,0.17649299999999998,0.48241166666666674,0.685753,21.3888,1402.6032315978457
1118,30,0.17684800000000003,0.4824576666666666,0.6855376666666666,21.38972,1402.542903787427
1119,30,0.1836916666666667,0.4944656666666667,0.7015083333333332,21.86971,1371.76030226281
1120,30,0.1769476666666667,0.48384,0.6865366666666668,21.40995,1401.217658144928
1121,30,0.17746199999999998,0.4846873333333334,0.6871636666666666,21.43067,1399.8629067593315
1122,30,0.17647233333333334,0.483136,0.686936,21.43705,1399.4462857529372
1123,30,0.18476066666666666,0.4994196666666667,0.704404,21.97464,1365.2100785268838
1124,30,0.17726100000000006,0.4846116666666667,0.6886576666666666,21.47344,1397.074711830056
1125,30,0.17541533333333337,0.48192066666666666,0.6858616666666667,21.38976,1402.540280956869
1126,30,0.17638666666666666,0.48337199999999997,0.6876193333333335,21.44234,1399.101030950913
1127,30,0.175797,0.48290400000000006,0.6856923333333335,21.38213,1403.0407634786618
1128,30,0.18324966666666667,0.49728399999999995,0.704062,21.96641,1365.721572164045
1129,30,0.17631466666666668,0.48253133333333337,0.6855726666666667,21.38006,1403.1766047429242
1130,30,0.1760406666666667,0.48294633333333337,0.6861393333333333,21.396,1402.1312394840159
1131,30,0.17639899999999997,0.4841333333333333,0.6871186666666667,21.42742,1400.0752307090636
1132,30,0.183051,0.49915133333333334,0.705016,21.97314,1365.303274816435
1133,30,0.17623733333333333,0.48394800000000004,0.6875766666666667,21.47095,1397.2367314906887
1134,30,0.17692100000000002,0.4837666666666667,0.6864236666666667,21.40748,1401.3793309628225
1135,30,0.17564100000000002,0.48255166666666666,0.6869933333333333,21.42213,1400.4209665425426
1136,30,0.17611000000000004,0.4828366666666667,0.686042,21.39395,1402.2655937776804
1137,30,0.18325566666666668,0.49962666666666666,0.705767,22.03605,1361.4055150537413
1138,30,0.17734000000000003,0.4834516666666668,0.6868496666666668,21.42303,1400.3621336477613
1139,30,0.17594066666666663,0.48210800000000004,0.6852363333333334,21.3932,1402.3147542209674
1140,30,0.17631433333333338,0.483638,0.6877139999999998,21.44558,1398.8896546514482
1141,30,0.18155799999999997,0.4971123333333333,0.7024989999999999,21.89741,1370.0250394909717
1142,30,0.17746966666666666,0.48595599999999994,0.6889673333333332,21.50239,1395.1937435792022
1143,30,0.17649600000000001,0.4846126666666667,0.6876273333333335,21.4436,1399.0188214665448
1144,30,0.17608166666666664,0.4834203333333333,0.6879006666666666,21.45006,1398.5974864405973
1145,30,0.17603266666666667,0.48227166666666665,0.685393,21.3941,1402.2557621026358
1146,30,0.18326066666666663,0.49586399999999997,0.7021463333333333,21.88901,1370.5507923839407
1147,30,0.17659333333333338,0.4841343333333333,0.6905293333333334,21.53669,1392.9717147806834
1148,30,0.17596433333333336,0.48356566666666656,0.6863693333333334,21.40775,1401.361656409478
1149,30,0.17671133333333336,0.4838693333333333,0.6867139999999999,21.42767,1400.0588958108838
1150,30,0.18198699999999998,0.4961236666666667,0.7016096666666667,21.8967,1370.0694625217498
1151,30,0.17863633333333334,0.486518,0.6897750000000001,21.55129,1392.028041012858
1152,30,0.17642366666666667,0.4828553333333333,0.6870073333333333,21.42479,1400.2470969377064
1153,30,0.17637000000000003,0.48348566666666665,0.6877480000000002,21.44672,1398.81529669805
1154,30,0.17699966666666667,0.48356866666666665,0.6872363333333333,21.44339,1399.0325223763593
1155,30,0.18282933333333332,0.49423266666666665,0.699311,21.83394,1374.0076229942924
1156,30,0.177759,0.4850036666666667,0.6879356666666666,21.50538,1394.9997628500403
1157,30,0.1763026666666666,0.483904,0.6868756666666667,21.42115,1400.485034650334
1158,30,0.174936,0.4829679999999999,0.6868130000000001,21.41397,1400.9546104715753
1159,30,0.18006833333333336,0.4905453333333334,0.6948710000000001,21.65981,1385.0537008404044
1160,30,0.18070200000000003,0.49198866666666663,0.6979903333333332,21.78176,1377.2991714168184
1161,30,0.17697833333333335,0.483487,0.6863116666666669,21.40514,1401.532529102823
1162,30,0.17665399999999998,0.48321266666666673,0.6875953333333332,21.46676,1397.509451822259
1163,30,0.176187,0.48304466666666657,0.6859323333333335,21.38937,1402.5658539732585
1164,30,0.18343566666666666,0.4959490000000001,0.7013976666666667,21.86758,1371.8939178455046
1165,30,0.1774193333333333,0.4844446666666667,0.687906,21.4524,1398.4449292386867
1166,30,0.17667266666666667,0.4837343333333334,0.6871533333333334,21.43045,1399.8772774253457
1167,30,0.17692800000000003,0.48403933333333343,0.6870826666666665,21.48067,1396.6044820762108
1168,30,0.17797266666666667,0.48500933333333335,0.6887353333333334,21.47815,1396.7683436422597
1169,30,0.18412499999999998,0.49676700000000007,0.702205,21.9012,1369.7879568242836
1170,30,0.1773006666666666,0.4841756666666666,0.6869873333333333,21.42622,1400.153643526483
1171,30,0.17648266666666665,0.4834033333333334,0.6861209999999998,21.4086,1401.306017208038
1172,30,0.17699766666666664,0.4849226666666667,0.6881210000000001,21.45706,1398.1412178555684
1173,30,0.18227233333333331,0.49447266666666667,0.7007936666666669,21.8711,1371.6731211507422
1174,30,0.17670566666666662,0.48386566666666675,0.6873553333333333,21.4401,1399.247205003708
1175,30,0.17694400000000005,0.48336300000000004,0.6867683333333332,21.4137,1400.9722747586825
1176,30,0.176621,0.48414300000000005,0.6866570000000001,21.44135,1399.1656308954425
1177,30,0.17646033333333333,0.48361866666666664,0.6862670000000001,21.3997,1401.888811525395
1178,30,0.18320933333333336,0.49866633333333327,0.7037399999999999,21.97966,1364.8982741316288
1179,30,0.17713033333333333,0.48418166666666657,0.6870759999999999,21.44659,1398.823775714461
1180,30,0.17715366666666668,0.48325366666666664,0.6859153333333333,21.40707,1401.406170951933
1181,30,0.17713133333333334,0.48449366666666666,0.687802,21.44549,1398.895525352883
1182,30,0.18289666666666662,0.49447800000000003,0.7003809999999999,21.83311,1374.0598567954817
1183,30,0.17628300000000002,0.4842566666666667,0.6872376666666665,21.43486,1399.5892672030516
1184,30,0.17703933333333335,0.48312666666666665,0.6859436666666667,21.43528,1399.5618438387555
1185,30,0.1768043333333333,0.4851093333333333,0.6881746666666667,21.45757,1398.107987064705
1186,30,0.17721133333333333,0.4845886666666667,0.6872656666666667,21.42817,1400.0262271579888
1187,30,0.1832353333333333,0.5018186666666666,0.7081959999999999,22.07231,1359.1690221820913
1188,30,0.17686966666666668,0.48364,0.6864959999999999,21.40791,1401.3511828104658
1189,30,0.177155,0.48333700000000007,0.6870293333333332,21.43887,1399.3274832115685
1190,30,0.17688233333333334,0.48480399999999996,0.6883126666666668,21.4852,1396.310018058943
1191,30,0.18311133333333335,0.49470266666666673,0.7008016666666667,21.84472,1373.3295734621454
1192,30,0.17700733333333338,0.4860353333333333,0.6892816666666666,21.51763,1394.2055886266285
1193,30,0.1756886666666667,0.4831873333333333,0.6869026666666668,21.43256,1399.7394618281717
1194,30,0.1766926666666667,0.4841466666666666,0.6883323333333333,21.46446,1397.6592003712183
1195,30,0.17692000000000005,0.48353299999999994,0.6880553333333334,21.47391,1397.044134021238
1196,30,0.1832683333333333,0.496758,0.701649,21.93905,1367.4247517554313
1197,30,0.17725933333333332,0.48449033333333336,0.6879553333333334,21.45663,1398.1692372008092
1198,30,0.17712933333333336,0.48305466666666663,0.6858246666666666,21.40656,1401.4395587147117
1199,30,0.17692199999999994,0.48359233333333324,0.6872959999999999,21.46155,1397.8487108340264
1200,30,0.1825226666666667,0.4942273333333333,0.7003266666666667,21.83163,1374.153006440655
1201,30,0.1768693333333333,0.48557399999999995,0.6882073333333333,21.50084,1395.2943233845747
1202,30,0.17568666666666669,0.48250766666666667,0.6857570000000002,21.38671,1402.740299933931
1203,30,0.176115,0.4827693333333334,0.686876,21.45121,1398.5225075881501
1204,30,0.17661566666666667,0.48335500000000003,0.6866833333333332,21.41382,1400.9644239094193
1205,30,0.18232700000000004,0.494254,0.6998033333333333,21.81753,1375.0410793522456
1206,30,0.17704300000000003,0.4845133333333333,0.6878330000000001,21.4536,1398.3667076854235
1207,30,0.175933,0.48297399999999996,0.6861736666666666,21.41503,1400.8852660958214
1208,30,0.17689233333333332,0.484706,0.6875539999999999,21.43924,1399.3033335136881
1209,30,0.180013,0.48916333333333345,0.6943329999999999,21.66192,1384.9187883622503
1210,30,0.17940233333333333,0.48821900000000007,0.6931466666666667,21.61699,1387.7972835255973
1211,30,0.17695266666666665,0.483766,0.686833,21.42034,1400.537993327837
1212,30,0.17590766666666668,0.48367800000000005,0.686512,21.4026,1401.6988590171286
1213,30,0.1769296666666667,0.48269300000000004,0.6858086666666667,21.40552,1401.507648494407
1214,30,0.18275533333333335,0.4936596666666666,0.7000186666666667,21.82047,1374.8558119967167
1215,30,0.175592,0.482064,0.6869423333333332,21.42303,1400.3621336477613
1216,30,0.17595699999999997,0.482755,0.6855243333333333,21.37644,1403.4142261293275
1217,30,0.176472,0.4829776666666667,0.6874056666666667,21.43244,1399.7472989542955
1218,30,0.17690699999999998,0.48437566666666665,0.6883826666666667,21.48114,1396.573924847564
1219,30,0.1825233333333333,0.49697566666666665,0.7033643333333334,21.92209,1368.4826583596728
1220,30,0.17600066666666672,0.48261,0.6859460000000001,21.39236,1402.3698180097942
1221,30,0.17585033333333333,0.48166233333333336,0.685053,21.36061,1404.4542735436864
1222,30,0.17721033333333336,0.48438566666666666,0.6876866666666667,21.44034,1399.2315420371133
1223,30,0.181817,0.495378,0.7021123333333332,21.88622,1370.7255067343742
1224,30,0.17708766666666664,0.483958,0.6866976666666667,21.43226,1399.7590548080323
1225,30,0.17636466666666667,0.48267233333333337,0.6873156666666668,21.45537,1398.2513468656098
1226,30,0.17657066666666668,0.4831706666666667,0.6864646666666666,21.40544,1401.5128864438198
1227,30,0.17634833333333333,0.48295500000000013,0.686105,21.39293,1402.3324528243677
1228,30,0.18266400000000002,0.499108,0.7063383333333334,22.01547,1362.6781531350455
1229,30,0.17591433333333337,0.482741,0.6862250000000002,21.40098,1401.8049640717388
1230,30,0.17664833333333332,0.48330766666666664,0.6864696666666666,21.42664,1400.1261980413167
1231,30,0.176038,0.48247000000000007,0.6853156666666668,21.36933,1403.8811698822565
1232,30,0.18234600000000004,0.49840166666666674,0.7050473333333332,21.97457,1365.2144274040402
1233,30,0.176411,0.48346933333333336,0.6865763333333335,21.41115,1401.139126109527
1234,30,0.1758793333333333,0.48270833333333324,0.6860789999999999,21.39426,1402.2452751345456
1235,30,0.17572033333333337,0.4827616666666667,0.6856663333333335,21.40457,1401.5698516718626
1236,30,0.17604199999999998,0.48277699999999996,0.6853846666666666,21.37473,1403.5265006856225
1237,30,0.18283400000000002,0.4951556666666666,0.7019733333333332,21.88275,1370.9428659560613
1238,30,0.18266433333333335,0.488659,0.6920893333333333,21.5937,1389.2940996679588
1239,30,0.17602700000000002,0.4817409999999999,0.6848906666666665,21.37208,1403.7005289143592
1240,30,0.17596166666666668,0.48199800000000004,0.6854353333333332,21.40045,1401.8396809412886
1241,30,0.1871273333333333,0.5036403333333334,0.708668,22.08585,1358.3357670182493
1242,30,0.17657333333333333,0.4841876666666666,0.6879899999999999,21.48133,1396.5615723048807
1243,30,0.17800666666666662,0.4848706666666667,0.6879686666666667,21.467,1397.493827735594
1244,30,0.17628766666666665,0.4833086666666667,0.6866736666666667,21.41294,1401.021998847426
1245,30,0.17647300000000002,0.48253500000000005,0.686317,21.4014,1401.777453811433
1246,30,0.18172366666666664,0.493559,0.6995966666666665,21.81266,1375.3480776759918
1247,30,0.17718599999999995,0.48445666666666665,0.6874210000000001,21.48978,1396.0124300946775
1248,30,0.175984,0.4830273333333333,0.6861309999999998,21.39943,1401.9064993787217
1249,30,0.17629799999999998,0.48196999999999995,0.6852116666666667,21.37902,1403.2448634221776
1250,30,0.182194,0.4933276666666667,0.6990383333333334,21.79623,1376.3848151721652
1251,30,0.17584666666666662,0.48394200000000004,0.6872500000000001,21.43744,1399.4208263673274
1252,30,0.17663733333333334,0.4834453333333333,0.686259,21.42582,1400.1797830841479
1253,30,0.175917,0.4822866666666667,0.6851106666666669,21.38137,1403.0906345103238
1254,30,0.17575433333333335,0.482805,0.6853043333333333,21.37077,1403.7865739044498
1255,30,0.183151,0.4979106666666667,0.7029023333333335,21.90955,1369.2659137225548
1256,30,0.17619166666666664,0.4823203333333333,0.6861443333333332,21.40176,1401.753874447709
1257,30,0.17664066666666667,0.48297999999999985,0.6862809999999999,21.40091,1401.8095492201032
1258,30,0.17566199999999996,0.4823186666666666,0.6856503333333331,21.38334,1402.9613708616146
1259,30,0.17946399999999998,0.48780200000000007,0.6919320000000001,21.61468,1387.945599934859
1260,30,0.17923799999999998,0.488451,0.6925976666666666,21.63687,1386.5221725693227
1261,30,0.175517,0.4821353333333333,0.6859233333333333,21.39214,1402.3842401928932
1262,30,0.1749843333333333,0.48228733333333346,0.6851499999999999,21.3809,1403.1214775804572
1263,30,0.17666400000000004,0.4836823333333333,0.6871690000000001,21.43065,1399.8642131713225
1264,30,0.185724,0.49829733333333337,0.7031166666666668,21.94008,1367.3605565704408
1265,30,0.17519033333333328,0.48191200000000006,0.6847420000000001,21.35993,1404.4989847813172
1266,30,0.17591866666666664,0.48272433333333337,0.685392,21.37717,1403.3663015263478
1267,30,0.1765206666666667,0.4821936666666666,0.6851006666666667,21.38177,1403.0643861569924
1268,30,0.17625,0.4828073333333334,0.6859850000000001,21.39617,1402.1200990644588
1269,30,0.18222633333333335,0.49296766666666675,0.6978516666666666,21.8054,1375.8059930109057
1270,30,0.1756536666666667,0.4826513333333333,0.6858749999999999,21.39353,1402.2931232012668
1271,30,0.17594,0.483255,0.6861083333333331,21.39567,1402.1528655097036
1272,30,0.17524966666666666,0.4831906666666666,0.6860313333333331,21.39477,1402.211848970566
1273,30,0.1816636666666667,0.49663999999999997,0.7029106666666666,21.9124,1369.0878224201822
1274,30,0.17586933333333335,0.48245599999999994,0.685745,21.39571,1402.1502441377268
1275,30,0.17520833333333333,0.4812313333333334,0.6852056666666666,21.37001,1403.8364979707544
1276,30,0.17591,0.482708,0.6859563333333335,21.41706,1400.7524842345306
1277,30,0.17595166666666665,0.482907,0.68603,21.39863,1401.9589104536133
1278,30,0.18112166666666665,0.49567566666666657,0.7022923333333332,21.90018,1369.8517546431124
1279,30,0.1759643333333333,0.4826573333333333,0.6855616666666665,21.38458,1402.8800191539885
1280,30,0.17576,0.48366966666666666,0.6868740000000001,21.43631,1399.4945958516182
1281,30,0.17566066666666666,0.482841,0.685999,21.41549,1400.8551753894028
1282,30,0.18320766666666666,0.4957783333333333,0.7018456666666666,21.8808,1371.0650433256556
1283,30,0.17659366666666665,0.48424400000000006,0.687123,21.43193,1399.7806077194168
1284,30,0.17603000000000002,0.483284,0.6859349999999999,21.4063,1401.456580539374
1285,30,0.17548566666666668,0.48221866666666663,0.6852483333333332,21.37381,1403.586913142767
1286,30,0.17661466666666667,0.48286866666666667,0.6858533333333334,21.3885,1402.6229048320358
1287,30,0.182909,0.4936303333333333,0.6998883333333333,21.85661,1372.5824819127945
1288,30,0.176133,0.482606,0.6857786666666666,21.39131,1402.438653827185
1289,30,0.17532066666666665,0.48212366666666656,0.685229,21.36796,1403.9711792796318
1290,30,0.17601333333333327,0.48290466666666665,0.686171,21.39756,1402.0290163925233
1291,30,0.18163666666666664,0.4948563333333334,0.7005183333333332,21.83801,1373.7515460428856
1292,30,0.17581300000000005,0.4827113333333333,0.686359,21.43867,1399.3405374493848
1293,30,0.175775,0.48300299999999996,0.6860510000000001,21.41349,1400.9860139566226
1294,30,0.17553766666666665,0.48351066666666664,0.6872093333333334,21.42836,1400.0138134696263
1295,30,0.17683733333333332,0.48505133333333333,0.6888569999999999,21.49185,1395.8779723476573
1296,30,0.18140566666666666,0.4940023333333333,0.698801,21.81825,1374.9957031384276
1297,30,0.17614099999999996,0.4836193333333333,0.6861963333333334,21.40558,1401.503720058041
1298,30,0.17542333333333332,0.4819766666666666,0.6855706666666664,21.40088,1401.8115142928702
1299,30,0.1754923333333333,0.4818166666666668,0.6854463333333332,21.37663,1403.4017522874278
1300,30,0.18024199999999999,0.49178266666666665,0.6973943333333334,21.74678,1379.5145764108524
1301,30,0.17835499999999999,0.48632400000000003,0.6898786666666668,21.52044,1394.0235422695819
1302,30,0.17622566666666667,0.4827599999999999,0.6858320000000001,21.38995,1402.5278226456817
1303,30,0.17629766666666666,0.48286366666666675,0.6856826666666668,21.39504,1402.194153411258
1304,30,0.1774756666666667,0.4832220000000001,0.6863380000000002,21.42385,1400.308534647134
1305,30,0.1818983333333333,0.4952916666666666,0.7000636666666666,21.83872,1373.7068839199367
1306,30,0.17545666666666668,0.48222566666666666,0.6855533333333332,21.38285,1402.993520508258
1307,30,0.17561233333333331,0.4820536666666666,0.6850653333333334,21.37815,1403.3019695343144
1308,30,0.17681966666666668,0.48357966666666663,0.6862486666666666,21.40001,1401.8685037997645
1309,30,0.1787583333333333,0.4855906666666667,0.6890073333333332,21.48962,1396.022824042491
1310,30,0.18074666666666672,0.49097499999999994,0.6953256666666667,21.75055,1379.2754665973964
1311,30,0.17566866666666667,0.482274,0.6856786666666667,21.38602,1402.7855580421228
1312,30,0.175252,0.48226299999999994,0.6855436666666669,21.38245,1403.0197662101396
1313,30,0.17616999999999994,0.48311933333333335,0.6864319999999998,21.40521,1401.5279457664747
1314,30,0.18230166666666667,0.5003656666666667,0.7064880000000001,22.0409,1361.1059439496573
1315,30,0.17628833333333335,0.48350999999999994,0.6868510000000001,21.43695,1399.4528139497456
1316,30,0.175968,0.48249633333333325,0.6853866666666666,21.38892,1402.5953624586937
1317,30,0.17601566666666668,0.482213,0.6849563333333334,21.36439,1404.2057835491676
1318,30,0.17711133333333332,0.4832033333333334,0.6857823333333335,21.4186,1400.6517699569533
1319,30,0.18207666666666666,0.49487800000000004,0.7012886666666668,21.86559,1372.018774704913
1320,30,0.17580600000000002,0.48259599999999997,0.6858236666666667,21.39014,1402.515364555819
1321,30,0.17508366666666664,0.4816963333333332,0.6844273333333334,21.37,1403.8371548900327
1322,30,0.17479466666666668,0.48215166666666676,0.6854163333333333,21.37413,1403.5658995243314
1323,30,0.18170166666666662,0.4933953333333333,0.6990546666666666,21.79197,1376.6538775521442
1324,30,0.17548033333333332,0.4827393333333333,0.6861526666666667,21.41897,1400.6275745285604
1325,30,0.1762563333333333,0.4818033333333333,0.685086,21.36811,1403.9613236734556
1326,30,0.17577166666666663,0.48214133333333337,0.6853729999999999,21.37547,1403.4779118307106
1327,30,0.17629466666666668,0.481999,0.6847126666666666,21.40135,1401.7807287858009
1328,30,0.1822663333333333,0.4931563333333334,0.6991056666666666,21.84158,1373.5270067458491
1329,30,0.17603566666666673,0.4824300000000001,0.6865613333333334,21.4156,1400.8479799772128
1330,30,0.18075900000000003,0.48665666666666657,0.6902153333333333,21.52306,1393.8538479193944
1331,30,0.1759396666666667,0.4835203333333334,0.6865483333333332,21.4107,1401.1685745912089
1332,30,0.18317,0.49811633333333344,0.7037886666666665,21.95819,1366.232827022628
1333,30,0.17641966666666667,0.483577,0.6865053333333333,21.41665,1400.7793002173544
1334,30,0.17690666666666666,0.4828256666666667,0.6860793333333334,21.397,1402.0657101462823
1335,30,0.1760206666666667,0.4829733333333333,0.6858156666666666,21.39767,1402.0218089165783
1336,30,0.17532799999999998,0.481795,0.685058,21.36448,1404.199868192439
1337,30,0.18272633333333335,0.4958463333333334,0.7015319999999999,21.86986,1371.7508936957072
1338,30,0.175638,0.48281299999999994,0.6865616666666664,21.4361,1399.5083060817967
1339,30,0.176932,0.4827976666666666,0.6860456666666667,21.40893,1401.2844172968944
1340,30,0.17659899999999998,0.4827166666666666,0.6856263333333334,21.39805,1401.996910933473
1341,30,0.182003,0.4945126666666667,0.6992003333333334,21.80865,1375.600965671878
1342,30,0.17903733333333333,0.48647166666666664,0.6909859999999999,21.5673,1390.9947003101918
1343,30,0.17591800000000005,0.4821753333333334,0.6856740000000001,21.38365,1402.941032050188
1344,30,0.17535733333333334,0.48175400000000007,0.6852533333333334,21.39413,1402.2537957841707
1345,30,0.17562200000000003,0.482156,0.6854936666666667,21.37624,1403.4273567287792
1346,30,0.18270933333333333,0.49490199999999995,0.7012606666666666,21.88002,1371.113920371188
1347,30,0.17685133333333336,0.4826040000000001,0.6858719999999999,21.39336,1402.3042663705
1348,30,0.1763026666666666,0.4826386666666666,0.6856493333333332,21.39294,1402.3317973125713
1349,30,0.176495,0.4833043333333333,0.6863896666666666,21.44024,1399.2380682305795
1350,30,0.183144,0.49375033333333324,0.6986710000000002,21.77941,1377.4477821024536
1351,30,0.181085,0.49470033333333324,0.698815,21.78767,1376.9255730420005
1352,30,0.17587766666666665,0.48281533333333326,0.6865943333333334,21.41475,1400.9035828109131
1353,30,0.17675133333333334,0.48286033333333334,0.6863373333333332,21.403,1401.672662710835
1354,30,0.17606533333333332,0.48254033333333335,0.6857779999999999,21.38603,1402.7849021066556
1355,30,0.18225566666666665,0.49498566666666666,0.7002346666666666,21.85412,1372.7388702908192
1356,30,0.17698500000000003,0.48384166666666667,0.6867766666666666,21.45525,1398.259167336666
1357,30,0.17590799999999998,0.4825296666666666,0.6859826666666665,21.39255,1402.3573627267438
1358,30,0.17560000000000003,0.4821463333333334,0.6854943333333333,21.37952,1403.212045920582
1359,30,0.17650666666666662,0.48343366666666665,0.6870726666666667,21.42812,1400.0294939546727
1360,30,0.18245233333333336,0.493405,0.6995096666666664,21.80832,1375.6217810450323
1361,30,0.17706266666666667,0.4835693333333334,0.6866599999999999,21.45439,1398.3152166060186
1362,30,0.17562366666666665,0.48244366666666666,0.6865966666666665,21.40895,1401.2831082327718
1363,30,0.17576166666666665,0.48239066666666663,0.6857326666666667,21.38464,1402.8760830203362
1364,30,0.18229633333333334,0.4953076666666668,0.7011023333333333,21.85409,1372.7407547054122
1365,30,0.17629466666666666,0.48379633333333333,0.6869006666666667,21.4228,1400.377168250649
1366,30,0.17708333333333334,0.4838593333333333,0.6865889999999998,21.45498,1398.276763716396
1367,30,0.17620966666666665,0.483197,0.6865433333333333,21.40857,1401.3079808693435
1368,30,0.17491566666666664,0.4818773333333334,0.6844626666666664,21.34403,1405.5452508265778
1369,30,0.185264,0.5007656666666667,0.7061566666666667,22.00731,1363.1834149653002
1370,30,0.17688066666666666,0.4846383333333334,0.6875896666666669,21.44363,1399.01686421562
1371,30,0.17550866666666665,0.482892,0.6856993333333333,21.38265,1403.0066432364558
1372,30,0.17706366666666665,0.48344533333333334,0.6861973333333332,21.42397,1400.300691235098
1373,30,0.18206966666666666,0.49844133333333335,0.7043616666666669,21.95253,1366.5850815372987
1374,30,0.17727400000000001,0.4837006666666666,0.6870866666666667,21.43015,1399.896874263596
1375,30,0.17596366666666666,0.48341433333333333,0.6860480000000001,21.39591,1402.1371374248629
1376,30,0.17572266666666667,0.4818243333333333,0.6854543333333332,21.37795,1403.315098033254
1377,30,0.17623200000000003,0.482086,0.6847453333333335,21.37023,1403.8220459021732
1378,30,0.18322566666666668,0.5005456666666667,0.7060583333333332,22.03032,1361.7596112993367
1379,30,0.1768843333333333,0.48353599999999997,0.686731,21.41759,1400.7178211927671
1380,30,0.176739,0.48285533333333336,0.6859026666666667,21.38941,1402.563231056864
1381,30,0.17584366666666668,0.483138,0.686326,21.40341,1401.6458125130528
1382,30,0.18203133333333332,0.497262,0.7035456666666667,21.9286,1368.0763933858068
1383,30,0.17651633333333333,0.48369866666666667,0.6869586666666668,21.4281,1400.030800677615
1384,30,0.17559133333333335,0.4819590000000001,0.685736,21.40519,1401.5292552880867
1385,30,0.17504499999999998,0.48114933333333326,0.6849223333333334,21.35976,1404.5101630355398
1386,30,0.17627466666666666,0.4825013333333334,0.6856666666666665,21.38539,1402.8268832132592
1387,30,0.18242700000000003,0.496964,0.70287,21.93108,1367.9216892191357
1388,30,0.17528500000000005,0.48239133333333334,0.6857746666666666,21.39302,1402.3265532402625
1389,30,0.17580333333333334,0.48245566666666667,0.685549,21.40196,1401.7407751439587
1390,30,0.17587633333333336,0.48250466666666664,0.6850919999999999,21.3683,1403.9488401042665
1391,30,0.180482,0.49201466666666666,0.6974336666666666,21.75994,1378.6802720963385
1392,30,0.17794733333333337,0.48526633333333336,0.6882966666666667,21.47034,1397.2764287850123
1393,30,0.17556,0.48284866666666665,0.6856953333333331,21.38682,1402.7330851430927
1394,30,0.17597100000000004,0.48221333333333327,0.6854539999999998,21.37993,1403.1851367146667
1395,30,0.17556366666666667,0.4824216666666667,0.6856853333333331,21.41057,1401.1770821608206
1396,30,0.18208599999999997,0.4995436666666667,0.706195,22.03126,1361.7015095822935
1397,30,0.17603533333333335,0.4829299999999999,0.6864583333333333,21.41304,1401.0154560025105
1398,30,0.1750746666666667,0.4822723333333333,0.6857530000000001,21.38767,1402.677336989022
1399,30,0.176197,0.48426,0.6877823333333334,21.44482,1398.939231012431
1400,30,0.1791273333333333,0.4883346666666667,0.6924180000000001,21.59092,1389.4729821610197
1401,30,0.17986366666666667,0.4907363333333334,0.6956776666666666,21.71862,1381.3032319733022
1402,30,0.17584866666666668,0.482817,0.6853923333333332,21.37815,1403.3019695343144
1403,30,0.1751576666666667,0.48236666666666667,0.6863933333333333,21.40459,1401.5685420743869
1404,30,0.17589299999999997,0.48205566666666677,0.6852643333333333,21.37124,1403.7557015877412
1405,30,0.1835123333333333,0.4992750000000001,0.7051086666666666,21.98049,1364.8467345359454
1406,30,0.17646566666666666,0.4831353333333333,0.6859756666666667,21.43566,1399.5370331494341
1407,30,0.17601666666666665,0.4827966666666666,0.6856013333333333,21.38223,1403.0342017647365
1408,30,0.17662333333333327,0.48224999999999996,0.6857709999999998,21.3894,1402.563886785043
1409,30,0.1757776666666667,0.4826096666666666,0.6855646666666666,21.39763,1402.0244298083478
1410,30,0.18231099999999997,0.49883666666666665,0.704594,21.96549,1365.7787738857635
1411,30,0.17602666666666666,0.48224133333333336,0.6850550000000001,21.37006,1403.8332133835843
1412,30,0.17561466666666667,0.4813486666666667,0.6852079999999999,21.39286,1402.3370414241012
1413,30,0.17679433333333336,0.48278533333333334,0.6856819999999999,21.39842,1401.9726690101418
1414,30,0.18127199999999996,0.4943613333333333,0.6997903333333333,21.81815,1375.0020052112575
1415,30,0.17579833333333333,0.4825926666666666,0.6853996666666669,21.39405,1402.259039312332
1416,30,0.17582133333333338,0.482587,0.6851113333333334,21.36733,1404.0125743366157
1417,30,0.17513866666666666,0.481946,0.6857770000000001,21.38489,1402.859682701197
1418,30,0.176313,0.4835073333333334,0.6863536666666666,21.42929,1399.9530549075587
1419,30,0.18249866666666667,0.49991933333333327,0.7048756666666666,22.01831,1362.502390056276
1420,30,0.17631100000000002,0.48429366666666673,0.6925229999999999,21.59458,1389.237484591041
1421,30,0.17606966666666668,0.48310566666666677,0.6861409999999999,21.39604,1402.1286181928992
1422,30,0.17681700000000003,0.4842483333333334,0.6875686666666664,21.45729,1398.1262312249123
1423,30,0.18221999999999997,0.495726,0.7018556666666667,21.89856,1369.9530928061022
1424,30,0.176321,0.4827119999999999,0.6856863333333333,21.40396,1401.6097955705393
1425,30,0.1758933333333333,0.4829186666666666,0.6856990000000001,21.38386,1402.9272544807156
1426,30,0.1754013333333333,0.48177533333333333,0.6856386666666668,21.38153,1403.08013505114
1427,30,0.17748866666666666,0.48475266666666667,0.687889,21.44936,1398.6431296784613
1428,30,0.181934,0.49606466666666665,0.7020743333333334,21.89237,1370.3404428118106
1429,30,0.17609833333333336,0.48344566666666666,0.6865570000000001,21.43967,1399.2752686958333
1430,30,0.1759266666666667,0.48265466666666673,0.6857323333333333,21.39685,1402.0755391564646
1431,30,0.17710900000000002,0.4839386666666667,0.686938,21.43586,1399.5239752452198
1432,30,0.183066,0.49568833333333334,0.7011843333333335,21.8582,1372.482638094628
1433,30,0.17580533333333334,0.483662,0.6874293333333333,21.44457,1398.9555397939898
1434,30,0.1758946666666667,0.48305766666666666,0.6860296666666664,21.39693,1402.070297000551
1435,30,0.17612066666666665,0.48297333333333337,0.685744,21.42409,1400.2928479109264
1436,30,0.176818,0.483547,0.686211,21.4121,1401.0769611574765
1437,30,0.18214466666666668,0.4958226666666666,0.7025080000000001,21.8995,1369.8942898239686
1438,30,0.17620833333333338,0.4832003333333334,0.6862123333333333,21.40211,1401.730950826811
1439,30,0.176329,0.48310766666666666,0.6859493333333334,21.39067,1402.48061421171
1440,30,0.17590566666666668,0.48279600000000006,0.6857966666666666,21.41478,1400.9016202828138
1441,30,0.18131999999999995,0.49077266666666663,0.6964426666666668,21.74606,1379.560251374272
1442,30,0.17812666666666668,0.4882113333333333,0.6919203333333335,21.58068,1390.1322849882395
1443,30,0.17745699999999998,0.48369433333333334,0.6866723333333334,21.42764,1400.0608559785398
1444,30,0.17616833333333334,0.48235466666666665,0.6853476666666666,21.37276,1403.655868498032
1445,30,0.17665000000000003,0.48328566666666667,0.6866406666666667,21.41275,1401.0344304211276
1446,30,0.18235599999999996,0.4974753333333333,0.7040306666666666,21.96367,1365.8919479303777
1447,30,0.17597133333333334,0.482606,0.686916,21.42235,1400.4065847117613
1448,30,0.17603499999999997,0.48264499999999994,0.6860673333333335,21.39495,1402.200051881402
1449,30,0.176414,0.4825933333333333,0.686008,21.40423,1401.5921152033968
1450,30,0.17765699999999998,0.48846933333333337,0.693214,21.60924,1388.2950071358364
1451,30,0.180285,0.491402,0.6966943333333334,21.76095,1378.6162828369165
1452,30,0.17756866666666665,0.484332,0.6870753333333333,21.46114,1397.8754157514466
1453,30,0.17544833333333335,0.48243899999999995,0.6858736666666668,21.38691,1402.7271821876093
1454,30,0.17596799999999999,0.48245033333333337,0.6856993333333333,21.381,1403.1149151115476
1455,30,0.1824573333333333,0.49468933333333337,0.7007806666666666,21.86387,1372.126709498364
1456,30,0.17516766666666667,0.48205899999999996,0.685417,21.37907,1403.2415816029416
1457,30,0.17635033333333333,0.48285466666666665,0.6869816666666667,21.44566,1398.8844362915388
1458,30,0.1760433333333333,0.48300999999999994,0.6858916666666667,21.38889,1402.5973297352036
1459,30,0.17659433333333327,0.4828186666666667,0.6860149999999999,21.39081,1402.4714351630444
1460,30,0.18205466666666664,0.494837,0.7009170000000001,21.85346,1372.7803286070032
1461,30,0.1758626666666667,0.482331,0.6863253333333332,21.40239,1401.7126124699157
1462,30,0.17673066666666667,0.48277333333333333,0.6857003333333331,21.39838,1401.9752897181936
1463,30,0.17697699999999997,0.48394333333333334,0.6868943333333332,21.44451,1398.959453958146
1464,30,0.182036,0.49804699999999996,0.704424,21.95694,1366.310606122711
1465,30,0.1763016666666667,0.48405400000000004,0.6877776666666666,21.47058,1397.2608099082559
1466,30,0.17634233333333335,0.48267533333333323,0.6855416666666667,21.37725,1403.361049714065
1467,30,0.1757006666666667,0.4822003333333333,0.6854866666666667,21.37843,1403.283590048474
1468,30,0.17567299999999994,0.48209166666666664,0.6853366666666666,21.36946,1403.8726294440758
1469,30,0.18290300000000004,0.49376899999999996,0.699876,21.86328,1372.163737554475
1470,30,0.176671,0.4839636666666667,0.6867686666666667,21.41627,1400.8041549718976
1471,30,0.17681366666666667,0.48346666666666666,0.6861826666666667,21.3945,1402.2295449765127
1472,30,0.175831,0.48195266666666664,0.6851516666666668,21.36774,1403.9856344189886
1473,30,0.18230200000000002,0.4952216666666666,0.7007969999999998,21.84241,1373.4748134477834
1474,30,0.17553699999999997,0.48411100000000007,0.6869983333333335,21.44099,1399.1891232634314
1475,30,0.17573733333333336,0.483354,0.6860116666666667,21.39085,1402.4688125997798
1476,30,0.1764423333333334,0.4826116666666666,0.6853546666666666,21.37571,1403.4621540056448
1477,30,0.17501699999999998,0.48120399999999997,0.6843036666666666,21.35559,1404.784414759789
1478,30,0.182974,0.49654299999999996,0.7025193333333333,21.9032,1369.6628803097265
1479,30,0.17641133333333328,0.483409,0.6871943333333331,21.4362,1399.5017773672573
1480,30,0.17634066666666662,0.48340866666666665,0.6868473333333334,21.42362,1400.3235680991354
1481,30,0.17634933333333336,0.4823626666666666,0.6854790000000002,21.41585,1400.8316270425876
1482,30,0.18205399999999997,0.49771333333333334,0.7029036666666666,21.92532,1368.281055875125
1483,30,0.17747300000000002,0.48460833333333325,0.6875523333333332,21.44524,1398.9118331154139
1484,30,0.17722633333333335,0.48405499999999996,0.6871366666666667,21.43023,1399.8916483864148
1485,30,0.17635099999999998,0.48227266666666674,0.685601,21.39424,1402.2465859969786
1486,30,0.17638899999999993,0.48242733333333343,0.6856866666666667,21.40409,1401.601282745494
1487,30,0.18235266666666664,0.5033773333333333,0.7099763333333333,22.12632,1355.8513119217293
1488,30,0.17588700000000002,0.48264700000000005,0.686683,21.41988,1400.5680704093581
1489,30,0.17654299999999998,0.4832090000000001,0.6872093333333332,21.43181,1399.7884453062995
1490,30,0.17635699999999999,0.4833203333333334,0.686135,21.40063,1401.8278901135154
1491,30,0.17991233333333334,0.4883690000000001,0.6937196666666667,21.67032,1384.3819565193314
1492,30,0.17874500000000001,0.4876896666666667,0.6918789999999999,21.58721,1389.7117784095306
1493,30,0.17662233333333333,0.4839213333333332,0.6869726666666666,21.42456,1400.2621290705622
1494,30,0.175618,0.48223466666666664,0.6851740000000002,21.37213,1403.6972449634172
1495,30,0.17599499999999998,0.4831843333333332,0.6864673333333333,21.40613,1401.46771041753
1496,30,0.18195,0.49246033333333333,0.6976103333333333,21.7893,1376.822568875549
1497,30,0.17594066666666666,0.48291466666666666,0.6870649999999999,21.42927,1399.9543614878155
1498,30,0.17719300000000002,0.48364633333333334,0.6866066666666666,21.45666,1398.1672823263268
1499,30,0.17584133333333335,0.48346866666666677,0.6870036666666667,21.42334,1400.3418701285607
1500,30,0.17651899999999998,0.48327800000000004,0.6873783333333332,21.44397,1398.9946824212122
1501,30,0.18278166666666668,0.4959513333333333,0.7014196666666668,21.86541,1372.0300694110013
1502,30,0.17662033333333332,0.48355866666666664,0.688109,21.46008,1397.9444624623952
1503,30,0.17694400000000005,0.4833363333333333,0.6859806666666667,21.42566,1400.1902391804967
1504,30,0.17630766666666667,0.4831976666666666,0.6862806666666665,21.43372,1399.6637074665528
1505,30,0.18289233333333335,0.4978826666666667,0.7042400000000001,21.95224,1366.6031348053775
1506,30,0.176528,0.4832283333333333,0.6867400000000001,21.4199,1400.5667626832992
1507,30,0.1754633333333334,0.48164266666666666,0.6858303333333333,21.38936,1402.5665097038902
1508,30,0.17550333333333332,0.48241833333333334,0.6858299999999999,21.4128,1401.0311589329747
1509,30,0.17630966666666667,0.48295466666666675,0.6863286666666666,21.40244,1401.7093378138195
1510,30,0.18266699999999997,0.5005593333333335,0.706464333333333,22.02064,1362.3582239208306
1511,30,0.176115,0.4825570000000001,0.687193,21.42925,1399.9556680705111
1512,30,0.17568733333333333,0.48278966666666673,0.6858406666666668,21.38955,1402.5540509267375
1513,30,0.17591833333333334,0.483382,0.6870633333333334,21.43063,1399.8655195857518
1514,30,0.1849376666666667,0.49695800000000007,0.7027553333333335,21.91798,1368.7392725059517
1515,30,0.17656466666666668,0.4839093333333333,0.6870286666666667,21.46632,1397.538096888521
1516,30,0.17645966666666668,0.483532,0.6868689999999998,21.42211,1400.4222739963523
1517,30,0.17596533333333336,0.48248166666666664,0.6865776666666666,21.41096,1401.1515597619164
1518,30,0.17648900000000003,0.4827483333333333,0.6861430000000002,21.39822,1401.9857726483792
1519,30,0.18279399999999998,0.49414233333333335,0.7004873333333331,21.83857,1373.7163193377587
1520,30,0.17619333333333334,0.4837263333333333,0.686395,21.43268,1399.731624789807
1521,30,0.17651133333333333,0.48355333333333334,0.6870806666666667,21.44189,1399.1303938225594
1522,30,0.17639133333333337,0.48276700000000006,0.6862803333333335,21.40279,1401.6864156495485
1523,30,0.18569099999999997,0.49942833333333336,0.7048173333333332,21.96584,1365.7570117964985
1524,30,0.17636400000000005,0.4828043333333333,0.6861719999999999,21.40815,1401.3354727054882
1525,30,0.17618099999999998,0.482728,0.6865883333333334,21.45318,1398.394084233666
1526,30,0.175918,0.48239,0.6859463333333334,21.41008,1401.209150082578
1527,30,0.17588266666666666,0.4836770000000001,0.6865536666666666,21.42202,1400.4281575687073
1528,30,0.18536266666666668,0.4976406666666667,0.7032139999999999,21.92466,1368.3222453620717
1529,30,0.17609366666666668,0.4830683333333333,0.6870790000000001,21.42979,1399.920391193754
1530,30,0.17576599999999995,0.4826606666666667,0.6858193333333334,21.39101,1402.458322444803
1531,30,0.17633233333333334,0.4825046666666665,0.685753,21.40133,1401.7820387798329
1532,30,0.1817936666666667,0.494719,0.7000070000000002,21.86091,1372.3124975126836
1533,30,0.17679199999999998,0.483116,0.6874296666666666,21.46808,1397.423523668628
1534,30,0.17630899999999997,0.4835036666666668,0.6865749999999999,21.41332,1400.9971363618533
1535,30,0.17555933333333332,0.481911,0.6857273333333331,21.38538,1402.8275391879874
1536,30,0.17620833333333333,0.4823756666666667,0.6860553333333335,21.39688,1402.0735733434033
1537,30,0.1852843333333333,0.49974100000000005,0.7052576666666667,22.00482,1363.3376687471198
1538,30,0.176196,0.48379966666666674,0.6870653333333333,21.4305,1399.8740113389795
1539,30,0.17646266666666666,0.48279633333333344,0.686255666666667,21.40303,1401.6706980273354
1540,30,0.17667166666666667,0.48273166666666667,0.6861746666666667,21.40016,1401.8586776921293
1541,30,0.17980400000000002,0.493044,0.6991183333333332,21.79439,1376.5010170048347
1542,30,0.180284,0.49118466666666655,0.6961663333333334,21.71021,1381.8383147836894
1543,30,0.176362,0.48355433333333325,0.6867150000000001,21.44138,1399.1636732337192
1544,30,0.17611533333333332,0.48248199999999997,0.6855583333333334,21.38122,1403.1004778960228
1545,30,0.1774243333333333,0.48488033333333325,0.6880616666666667,21.45421,1398.3269484171171
1546,30,0.18289666666666668,0.5018513333333333,0.7089826666666668,22.09419,1357.8230294932741
1547,30,0.17597733333333337,0.4832393333333333,0.6867043333333334,21.41946,1400.5955332207254
1548,30,0.17542999999999997,0.48289200000000004,0.6864673333333333,21.40946,1401.249727924011
1549,30,0.1748243333333334,0.4822513333333333,0.6855986666666668,21.39831,1401.9798759808602
1550,30,0.18039900000000006,0.4883856666666668,0.6923793333333332,21.59055,1389.4967937361484
1551,30,0.181398,0.4970506666666666,0.7025406666666668,21.90663,1369.4484272569537
1552,30,0.176377,0.4826206666666667,0.6859769999999997,21.41129,1401.1299646121277
1553,30,0.17631266666666667,0.48272233333333325,0.6857589999999998,21.399,1401.934669844385
1554,30,0.17596466666666669,0.48370599999999997,0.6867939999999998,21.43772,1399.402548405334
1555,30,0.18294433333333332,0.4994706666666666,0.7055083333333332,22.00813,1363.1326241711586
1556,30,0.17603566666666665,0.483467,0.6869696666666667,21.43024,1399.8909951545106
1557,30,0.180204,0.4872143333333333,0.690846,21.54469,1392.4544748613232
1558,30,0.17617233333333332,0.48202000000000006,0.6853043333333335,21.37213,1403.6972449634172
1559,30,0.17687833333333336,0.48552599999999996,0.6883776666666666,21.46556,1397.587577496231
1560,30,0.18201599999999998,0.498574,0.705665,22.01803,1362.5197167957351
1561,30,0.17626866666666663,0.482441,0.6859906666666665,21.40941,1401.2530004329872
1562,30,0.17538166666666663,0.48221499999999995,0.6853053333333334,21.37206,1403.7018424990385
1563,30,0.17546566666666666,0.4830693333333333,0.686438,21.40642,1401.4487242612263
1564,30,0.1821393333333333,0.4943986666666666,0.7003176666666666,21.83518,1373.929594351867
1565,30,0.17593633333333336,0.4823660000000001,0.686441,21.41072,1401.1672657435154
1566,30,0.17631266666666662,0.4822913333333333,0.685771,21.41147,1401.1181857200838
1567,30,0.17627266666666666,0.48263199999999995,0.6860633333333335,21.39529,1402.1777690323431
1568,30,0.1755056666666667,0.4824739999999999,0.6855530000000001,21.39659,1402.0925764339083
1569,30,0.18245433333333336,0.4995193333333333,0.705994,22.00577,1363.2788127841015
1570,30,0.17627600000000002,0.482111,0.6854219999999999,21.37607,1403.4385179315
1571,30,0.175878,0.48226366666666676,0.685626,21.41708,1400.7511761640708
1572,30,0.17566033333333333,0.4822223333333333,0.6856126666666665,21.38033,1403.1588848254448
1573,30,0.1817796666666667,0.4944033333333333,0.7016933333333334,21.8723,1371.5978657937208
1574,30,0.17502299999999998,0.4819763333333334,0.6847473333333334,21.36019,1404.4818889719613
1575,30,0.17706033333333332,0.48362766666666673,0.6865426666666666,21.40853,1401.3105990929785
1576,30,0.17591200000000004,0.4821910000000001,0.6846099999999999,21.35003,1405.1502503743554
1577,30,0.1758286666666667,0.481378,0.684719,21.37869,1403.2665238141346
1578,30,0.18093100000000004,0.49361233333333343,0.6988096666666668,21.82312,1374.6888620875475
1579,30,0.17519133333333334,0.48204600000000003,0.6858823333333334,21.39228,1402.3750624056904
1580,30,0.17661933333333335,0.4836723333333333,0.6870876666666665,21.42851,1400.004013344838
1581,30,0.17564266666666667,0.4819606666666667,0.6849136666666668,21.37123,1403.756358431405
1582,30,0.18048833333333333,0.4963993333333334,0.70107,21.85332,1372.7891231172198
1583,30,0.1774026666666667,0.48448700000000006,0.688626,21.50834,1394.807781539626
1584,30,0.1760176666666667,0.4827516666666666,0.6861913333333334,21.39987,1401.8776749578385
1585,30,0.17628966666666665,0.4822106666666666,0.6856410000000001,21.38283,1402.994832770031
1586,30,0.175958,0.4825916666666667,0.685135,21.36907,1403.8982510703554
1587,30,0.18408966666666662,0.5001339999999999,0.7053130000000002,22.00323,1363.4361864144491
1588,30,0.17693166666666663,0.48338866666666674,0.6858253333333334,21.41022,1401.1999876694401
1589,30,0.1766626666666667,0.4825666666666667,0.6857296666666668,21.38623,1402.7717835261287
1590,30,0.1761676666666667,0.4826843333333333,0.685821,21.39,1402.5245441795232
1591,30,0.18039666666666665,0.48972366666666656,0.6939603333333335,21.65072,1385.6352121315135
1592,30,0.177848,0.48760099999999995,0.6915836666666666,21.57153,1390.7219376650614
1593,30,0.17545266666666662,0.48203433333333334,0.6847876666666667,21.35529,1404.8041492295351
1594,30,0.17607766666666666,0.482929,0.6857576666666664,21.41127,1401.1312733901352
1595,30,0.17567800000000003,0.4820203333333334,0.685391,21.37417,1403.5632728662679
1596,30,0.18454900000000005,0.4978306666666667,0.7024516666666667,21.89561,1370.1376668656412
1597,30,0.17585266666666663,0.48319733333333326,0.6864023333333336,21.40872,1401.2981626178491
1598,30,0.17578033333333334,0.48205899999999996,0.6848673333333335,21.38883,1402.6012643047795
1599,30,0.17615266666666668,0.482481,0.6848720000000001,21.35627,1404.7396853476755
1600,30,0.17680500000000005,0.4840363333333333,0.687122,21.46858,1397.3909778848904
1601,30,0.184013,0.4967983333333333,0.7019923333333333,21.91246,1369.0840736275159
1602,30,0.17622366666666664,0.489068,0.6918880000000002,21.57286,1390.636197518549
1603,30,0.17602133333333336,0.48285666666666666,0.6856766666666669,21.38362,1402.9430002964887
1604,30,0.17636600000000005,0.4833793333333333,0.6862523333333335,21.40379,1401.6209278823985
1605,30,0.18302766666666667,0.4997166666666667,0.7062003333333334,22.03427,1361.5154938194003
1606,30,0.175859,0.4833016666666668,0.6867043333333334,21.41536,1400.8636791536542
1607,30,0.176899,0.48438966666666666,0.6874153333333335,21.45024,1398.5857500895095
1608,30,0.17604800000000004,0.482013,0.6859526666666667,21.39225,1402.3770290642638
1609,30,0.17592700000000006,0.48266666666666663,0.686065,21.39461,1402.2223354386922
1610,30,0.18260799999999996,0.4965253333333333,0.7021466666666665,21.90941,1369.2746632611284
1611,30,0.177248,0.4832826666666667,0.6860940000000001,21.46157,1397.8474081812283
1612,30,0.17695433333333332,0.4834899999999999,0.6869336666666667,21.41911,1400.6184197195867
1613,30,0.17603733333333332,0.4824823333333334,0.6856023333333334,21.38014,1403.1713543503458
1614,30,0.1820446666666667,0.4957103333333333,0.701804,21.87833,1371.2198325923414
1615,30,0.17618599999999995,0.48222733333333334,0.6858456666666667,21.3906,1402.4852037811002
1616,30,0.17700233333333332,0.48374533333333336,0.6873293333333331,21.43199,1399.776688958888
1617,30,0.1756336666666667,0.48279533333333335,0.6860653333333333,21.41811,1400.6838138379155
1618,30,0.17662533333333336,0.483296,0.6867006666666667,21.41162,1401.108370127996
1619,30,0.18226766666666666,0.495941,0.7017796666666666,21.87394,1371.4950301591757
1620,30,0.17610033333333333,0.48266,0.6866559999999999,21.41523,1400.8721830211489
1621,30,0.17606866666666665,0.4828023333333334,0.6861020000000002,21.39587,1402.139758747833
1622,30,0.1755023333333333,0.4818766666666667,0.6855986666666668,21.40561,1401.5017558481165
1623,30,0.18182066666666669,0.49434333333333336,0.7004466666666668,21.8314,1374.167483532893
1624,30,0.17629666666666666,0.483083,0.6860626666666666,21.4135,1400.9853597029912
1625,30,0.17613400000000004,0.48316633333333336,0.6860593333333332,21.40691,1401.4166453729192
1626,30,0.17666833333333332,0.4827033333333334,0.6854953333333333,21.38842,1402.6281511210273
1627,30,0.175942,0.4825523333333333,0.6861613333333332,21.40629,1401.4572352331954
1628,30,0.18251066666666665,0.49577933333333335,0.7016366666666666,21.92221,1368.4751674215327
1629,30,0.1756403333333333,0.48190666666666665,0.6847386666666665,21.37398,1403.575749579629
1630,30,0.17621366666666666,0.4831826666666667,0.6860563333333333,21.39432,1402.241342561951
1631,30,0.175103,0.481698,0.6851200000000001,21.36307,1404.2925478407362
1632,30,0.18127666666666664,0.4933366666666667,0.6989629999999999,21.8044,1375.8690906422555
1633,30,0.178096,0.48563666666666666,0.6883686666666669,21.48601,1396.2573786384721
1634,30,0.17547066666666666,0.481628,0.6844136666666666,21.39802,1401.998876531567
1635,30,0.17596833333333337,0.48207099999999997,0.6850416666666665,21.3651,1404.1591193114002
1636,30,0.17602599999999996,0.4823733333333333,0.6856083333333334,21.38298,1402.9849908665678
1637,30,0.18263866666666662,0.4967063333333333,0.7014226666666666,21.864,1372.11855104281
1638,30,0.176389,0.48418300000000003,0.6871299999999999,21.43037,1399.8825031952317
1639,30,0.17521733333333334,0.48227099999999995,0.6856793333333334,21.38315,1402.9738368762319
1640,30,0.1760216666666667,0.4832436666666666,0.6861079999999998,21.41828,1400.6726964069944
1641,30,0.1808766666666667,0.48888366666666677,0.692848,21.61969,1387.623966856139
1642,30,0.18203599999999995,0.4933376666666668,0.697391,21.74525,1379.6116393235304
1643,30,0.17657066666666668,0.4825996666666667,0.6858856666666667,21.39035,1402.5015953455647
1644,30,0.17627433333333334,0.48360333333333333,0.6869823333333334,21.42237,1400.405277287247
1645,30,0.17561166666666667,0.4820093333333333,0.6853250000000001,21.38549,1402.8203234997188
1646,30,0.18208366666666667,0.4951973333333334,0.7015689999999999,21.86653,1371.9597942609093
1647,30,0.17513633333333328,0.48217733333333335,0.6858573333333333,21.39155,1402.4229193302963
1648,30,0.17668999999999996,0.48361066666666663,0.6864533333333332,21.40425,1401.5908055643156
1649,30,0.17583366666666672,0.481852,0.684336,21.34071,1405.76391319689
1650,30,0.17575533333333335,0.48232933333333333,0.6862453333333333,21.39907,1401.930083877477
1651,30,0.18281333333333336,0.4944956666666667,0.7005026666666667,21.86669,1371.9497555414193
1652,30,0.17615466666666668,0.4832143333333333,0.6864683333333333,21.4082,1401.3321998112874
1653,30,0.17542433333333338,0.483165,0.6862783333333333,21.39924,1401.9189466541802
1654,30,0.176621,0.48338999999999993,0.6865746666666667,21.42358,1400.3261826454775
1655,30,0.18312633333333336,0.49563833333333324,0.7016013333333333,21.90479,1369.5634607773002
1656,30,0.17624666666666663,0.485165,0.6880686666666667,21.47096,1397.2360807341636
1657,30,0.1761093333333333,0.48299000000000003,0.6860933333333334,21.41273,1401.0357390206666
1658,30,0.17521166666666665,0.48159633333333324,0.6855203333333334,21.39172,1402.4117742752803
1659,30,0.1766863333333334,0.4833013333333333,0.6865183333333335,21.40666,1401.4330119691722
1660,30,0.18216333333333334,0.4996283333333332,0.7054253333333335,21.98821,1364.3675406047148
1661,30,0.175836,0.48214399999999996,0.685362,21.37549,1403.4765986651066
1662,30,0.17584466666666668,0.4823510000000001,0.6859243333333332,21.41658,1400.7838786584973
1663,30,0.17641933333333334,0.4820643333333334,0.6853926666666669,21.36946,1403.8726294440758
1664,30,0.1857023333333333,0.49753133333333327,0.7038289999999999,21.93431,1367.7202519705431
1665,30,0.1763436666666667,0.48278499999999996,0.6856856666666665,21.39827,1401.9824967158559
1666,30,0.1757266666666667,0.48214333333333326,0.6850606666666667,21.36565,1404.1229730899831
1667,30,0.1752803333333333,0.4814253333333333,0.6840360000000001,21.34761,1405.3095405059396
1668,30,0.17676666666666666,0.4832483333333333,0.6858263333333331,21.40758,1401.3727847799705
1669,30,0.1819246666666667,0.49389799999999995,0.7004569999999999,21.8564,1372.5956699181932
1670,30,0.1758156666666667,0.482817,0.6853456666666666,21.37702,1403.3761487803258
1671,30,0.17546600000000004,0.4815726666666666,0.6848703333333334,21.35884,1404.570660204393
1672,30,0.17549266666666663,0.483026,0.686056,21.39468,1402.2177475895878
1673,30,0.18113633333333332,0.49432233333333336,0.7005816666666667,21.83856,1373.7169483702223
1674,30,0.17732133333333333,0.48466700000000007,0.6881906666666667,21.49328,1395.7851012037252
1675,30,0.17525233333333332,0.48152999999999996,0.6843856666666667,21.34262,1405.6381081610411
1676,30,0.175655,0.48223866666666665,0.6859523333333333,21.39003,1402.5225771071848
1677,30,0.17547300000000005,0.48261299999999996,0.6852903333333332,21.37236,1403.6821389869906
1678,30,0.18255033333333331,0.4953536666666667,0.7004339999999999,21.83263,1374.0900661074731
1679,30,0.17652400000000004,0.482318,0.685276,21.41081,1401.1613759591535
1680,30,0.17603133333333335,0.4817856666666666,0.685096,21.37847,1403.2809644469412
1681,30,0.17591999999999997,0.48169799999999996,0.685075,21.36554,1404.1302021853883
1682,30,0.17974533333333334,0.48950033333333326,0.6936973333333334,21.63205,1386.83111401832
1683,30,0.1786626666666666,0.4877553333333333,0.6922836666666666,21.5896,1389.5579353021826
1684,30,0.17603,0.4819693333333334,0.6850216666666665,21.36503,1404.1637198730823
1685,30,0.1756376666666667,0.4820969999999999,0.6846853333333333,21.37974,1403.1976067061619
1686,30,0.17624333333333336,0.48246433333333333,0.6850736666666667,21.36385,1404.2412767361689
1687,30,0.1867,0.5026630000000001,0.7071493333333333,22.06792,1359.439403441738
1688,30,0.1759673333333333,0.48241866666666666,0.6856553333333333,21.40339,1401.6471222549324
1689,30,0.17714733333333338,0.48294099999999995,0.685652,21.39735,1402.0427763251057
1690,30,0.176127,0.48283533333333334,0.6852293333333334,21.36967,1403.8588335711313
1691,30,0.17601366666666665,0.4841246666666667,0.6870563333333334,21.44988,1398.6092229886601
1692,30,0.18323866666666663,0.496538,0.7012820000000001,21.86333,1372.1605995061136
1693,30,0.17679399999999998,0.484075,0.6866880000000001,21.41698,1400.7577165408009
1694,30,0.1751583333333334,0.48157266666666665,0.6846813333333333,21.35096,1405.089045176423
1695,30,0.17593699999999998,0.4832616666666667,0.6865776666666665,21.41141,1401.1221119954268
1696,30,0.182399,0.4961406666666667,0.7017953333333333,21.9267,1368.1949404151103
1697,30,0.17592800000000003,0.4840693333333333,0.6867286666666668,21.41577,1400.836859940128
1698,30,0.17657166666666668,0.4840646666666667,0.68676,21.41287,1401.0265788752279
1699,30,0.17613200000000004,0.4824303333333333,0.6854713333333334,21.37563,1403.4674065746835
1700,30,0.17571899999999996,0.4825806666666667,0.685351,21.37319,1403.6276288190952
1701,30,0.18364799999999998,0.49836733333333333,0.7036983333333334,21.9373,1367.5338350663026
1702,30,0.1755183333333333,0.48192266666666667,0.6855763333333333,21.40713,1401.4022430844302
1703,30,0.17702133333333334,0.483269,0.6864089999999999,21.40215,1401.7283310321625
1704,30,0.17573466666666665,0.48244433333333325,0.6852143333333335,21.36846,1403.9383277971367
1705,30,0.18291233333333332,0.49961566666666674,0.7048906666666667,21.97152,1365.4039411019355
1706,30,0.17634066666666665,0.4847146666666667,0.6878743333333333,21.4525,1398.4384104416736
1707,30,0.17709266666666668,0.48378166666666667,0.6868239999999999,21.4303,1399.8870757758875
1708,30,0.17627600000000004,0.48402699999999993,0.6869926666666667,21.44294,1399.061882372473
1709,30,0.17635866666666664,0.4835126666666667,0.6860800000000001,21.39503,1402.194808794379
1710,30,0.18212533333333336,0.49691499999999994,0.7023676666666667,21.89192,1370.3686108847467
1711,30,0.17635533333333334,0.4841730000000001,0.6871306666666667,21.42925,1399.9556680705111
1712,30,0.17585766666666666,0.4835896666666667,0.686531,21.40974,1401.231402156215
1713,30,0.17619300000000002,0.4831103333333333,0.6859260000000001,21.411,1401.1489421325487
1714,30,0.18223433333333328,0.495471,0.7013496666666666,21.86206,1372.2403103824618
1715,30,0.17552466666666666,0.48239433333333337,0.6866196666666666,21.41776,1400.7067032219989
1716,30,0.17645,0.4832146666666667,0.6860083333333333,21.39551,1402.1633510956271
1717,30,0.176001,0.4832626666666667,0.6861236666666667,21.39549,1402.1646618048944
1718,30,0.1759166666666667,0.4825433333333333,0.6858310000000002,21.38642,1402.7593211018955
1719,30,0.182692,0.49787699999999996,0.7036066666666667,21.95223,1366.6037573403705
1720,30,0.17659199999999997,0.483455,0.6864489999999999,21.40951,1401.2464554303206
1721,30,0.17559133333333335,0.4828896666666667,0.6857763333333333,21.40048,1401.8377157895525
1722,30,0.17608200000000004,0.48295066666666664,0.6857726666666667,21.38549,1402.8203234997188
1723,30,0.18069566666666667,0.49144099999999996,0.6977499999999999,21.7546,1379.0186902999826
1724,30,0.17755633333333334,0.48505000000000004,0.6882263333333332,21.52388,1393.8007459621592
1725,30,0.17678999999999995,0.48356233333333337,0.6862853333333334,21.41962,1400.585071070355
1726,30,0.17565033333333332,0.4832073333333334,0.6860396666666665,21.39185,1402.403251705673
1727,30,0.17586133333333331,0.48342233333333334,0.6863170000000001,21.40135,1401.7807287858009
1728,30,0.1825856666666667,0.49519300000000005,0.7004893333333332,21.83741,1373.7892909461332
1729,30,0.17571199999999998,0.48286500000000004,0.6865789999999999,21.41634,1400.7995763982083
1730,30,0.17655200000000001,0.4833163333333333,0.6867943333333332,21.43353,1399.6761149470012
1731,30,0.17586266666666664,0.48308433333333334,0.6872313333333332,21.43135,1399.8184902024373
1732,30,0.1795983333333334,0.4891063333333333,0.6937913333333334,21.63266,1386.7920080101105
1733,30,0.18011866666666668,0.49027066666666663,0.6952383333333335,21.68194,1383.6400248317264
1734,30,0.17694866666666664,0.48409100000000005,0.6871530000000001,21.43067,1399.8629067593315
1735,30,0.17685600000000004,0.48416999999999993,0.6871149999999999,21.43827,1399.3666466557238
1736,30,0.17678566666666667,0.48307666666666665,0.6859806666666667,21.40582,1401.4880065328027
1737,30,0.18179800000000002,0.4956253333333334,0.701755,21.91466,1368.9466320718643
1738,30,0.17565166666666668,0.4824333333333333,0.6855623333333334,21.40616,1401.465746308539
1739,30,0.17630166666666663,0.4847253333333333,0.6879976666666666,21.45374,1398.357582407543
1740,30,0.17527299999999998,0.4828766666666666,0.6868166666666669,21.41595,1400.8250859756397
1741,30,0.17672233333333331,0.4832656666666667,0.686308,21.40294,1401.6765920943571
1742,30,0.18348,0.49585633333333334,0.7007486666666668,21.88773,1370.63094254178
1743,30,0.176015,0.4826963333333334,0.6859363333333336,21.39227,1402.3757179579352
1744,30,0.17642566666666668,0.4830536666666667,0.6864213333333335,21.40552,1401.507648494407
1745,30,0.17556000000000002,0.4828140000000001,0.6869003333333333,21.41843,1400.6628870556806
1746,30,0.18284033333333333,0.4936623333333332,0.69892,21.81192,1375.3947382898893
1747,30,0.1759236666666667,0.4832393333333333,0.6864936666666668,21.43329,1399.6917878683114
1748,30,0.1766636666666667,0.4837173333333333,0.6864223333333332,21.40571,1401.4952085214645
1749,30,0.17665466666666668,0.48293466666666673,0.6864220000000001,21.40317,1401.6615295771608
1750,30,0.17603366666666667,0.48351366666666656,0.6864883333333333,21.40592,1401.481459334614
1751,30,0.18299233333333337,0.4965543333333334,0.7017823333333334,21.88975,1370.5044598499298
1752,30,0.17534966666666665,0.48190366666666673,0.6852540000000003,21.37581,1403.4555883496346
1753,30,0.17566900000000002,0.48251700000000003,0.6865063333333333,21.40466,1401.5639585024944
1754,30,0.17519233333333334,0.4827753333333334,0.6857023333333332,21.40709,1401.404861660319
1755,30,0.18228900000000003,0.49458633333333335,0.7000063333333332,21.8188,1374.961042770455
1756,30,0.17581699999999997,0.4820626666666666,0.6852036666666667,21.37376,1403.5901965774858
1757,30,0.17522233333333334,0.48222333333333334,0.6856949999999998,21.38369,1402.9384077303778
1758,30,0.17621633333333334,0.4822076666666667,0.6854530000000001,21.37874,1403.263241893582
1759,30,0.17584099999999997,0.4832863333333333,0.686486,21.44748,1398.765729120624
1760,30,0.182483,0.4956426666666667,0.7016083333333332,21.87742,1371.2768690275177
1761,30,0.17640066666666668,0.4839766666666667,0.6866650000000001,21.43204,1399.773423341875
1762,30,0.17587866666666666,0.48240766666666673,0.6862356666666667,21.40264,1401.6962393424362
1763,30,0.176004,0.48248533333333327,0.6856736666666666,21.38188,1403.0571680319972
1764,30,0.18223233333333336,0.4948953333333333,0.699718,21.83581,1373.8899541624514
1765,30,0.17617033333333337,0.4839803333333333,0.6872376666666665,21.43685,1399.4593422074604
1766,30,0.17565633333333336,0.48280700000000004,0.685763,21.38628,1402.7685039193352
1767,30,0.17586800000000002,0.48221533333333333,0.685983,21.39046,1402.494383009996
1768,30,0.1760336666666667,0.48226433333333324,0.6850863333333331,21.3795,1403.2133585911738
1769,30,0.18232266666666666,0.49392899999999995,0.7014076666666667,21.86596,1371.9955583930457
1770,30,0.17600966666666668,0.48280399999999996,0.6866286666666664,21.41619,1400.8093876641922
1771,30,0.17601466666666665,0.48352366666666674,0.6868750000000001,21.44019,1399.2413313501418
1772,30,0.20125666666666667,0.5284143333333333,0.7474080000000001,23.33828,1285.4417720586093
1773,30,0.18406966666666666,0.49584833333333334,0.7026999999999999,21.91261,1369.0747017356673
1774,30,0.1784653333333333,0.48666199999999993,0.6900760000000001,21.53827,1392.8695294468866
1775,30,0.17596033333333327,0.4824143333333334,0.6861026666666667,21.39678,1402.080126075045
1776,30,0.17577700000000004,0.482175,0.6864096666666668,21.44747,1398.766381302783
1777,30,0.17624766666666672,0.48293200000000003,0.6859856666666667,21.39897,1401.9366352679592
1778,30,0.1833113333333333,0.5004253333333334,0.7068263333333333,22.03206,1361.6520652176873
1779,30,0.1761723333333333,0.48368699999999987,0.6871763333333334,21.43089,1399.8485363883626
1780,30,0.1759936666666667,0.48296533333333325,0.6865003333333333,21.4101,1401.207841159079
1781,30,0.17559633333333333,0.4819543333333334,0.6853703333333333,21.39659,1402.0925764339083
1782,30,0.182864,0.49520733333333333,0.700237,21.82887,1374.3267516825194
1783,30,0.178267,0.4867410000000001,0.6914256666666666,21.58021,1390.1625609760054
1784,30,0.17521466666666663,0.48350399999999993,0.6872803333333333,21.43788,1399.392104069992
1785,30,0.17887533333333336,0.4859683333333333,0.6889953333333333,21.48726,1396.1761527528404
1786,30,0.17648033333333332,0.4829160000000001,0.686633,21.41172,1401.101826476341
1787,30,0.18244900000000003,0.497076,0.702461,21.95264,1366.5782338707327
1788,30,0.17671366666666669,0.48315433333333335,0.6864949999999997,21.43781,1399.396673447521
1789,30,0.1756643333333333,0.48232099999999994,0.6852699999999999,21.37312,1403.632225898699
1790,30,0.17552966666666667,0.4828336666666667,0.6861193333333333,21.39598,1402.1325501332494
1791,30,0.1777356666666666,0.48544500000000007,0.6895953333333332,21.50334,1395.1321050590282
1792,30,0.181438,0.4929733333333334,0.6985036666666667,21.7984,1376.2477980035233
1793,30,0.17569699999999996,0.48338766666666666,0.6863290000000002,21.41797,1400.6929695017782
1794,30,0.1758893333333333,0.48311933333333335,0.6862313333333332,21.40131,1401.7833487763132
1795,30,0.17530400000000004,0.48222499999999996,0.6856819999999999,21.38311,1402.9764613285906
1796,30,0.18223133333333338,0.4990346666666666,0.7052130000000001,21.98055,1364.8430089328974
1797,30,0.17677299999999996,0.483684,0.6863069999999999,21.42444,1400.2699720506114
1798,30,0.1757526666666667,0.48292233333333334,0.6862936666666667,21.40548,1401.5102674642194
1799,30,0.17584766666666668,0.4825063333333333,0.6856873333333334,21.40448,1401.575744890789
1800,30,0.17680100000000004,0.48272400000000004,0.6862580000000001,21.41689,1400.7636029320784
1801,30,0.1831366666666667,0.4978613333333333,0.7038126666666666,21.94214,1367.232184281023
1802,30,0.175811,0.48299833333333325,0.686327,21.40723,1401.395696687521
1803,30,0.17584133333333332,0.48212600000000005,0.6854083333333333,21.37542,1403.4811947554715
1804,30,0.17531000000000002,0.482829,0.6857593333333334,21.40124,1401.7879337832762
1805,30,0.1827433333333333,0.4954503333333334,0.7012623333333333,21.88328,1370.9096625368775
1806,30,0.17668799999999998,0.4835433333333334,0.6869890000000001,21.45558,1398.2376612517585
1807,30,0.17668733333333334,0.48339733333333335,0.6866869999999999,21.41956,1400.5889943584275
1808,30,0.17605933333333332,0.4825056666666667,0.6856936666666669,21.38924,1402.5743785192928
1809,30,0.17605200000000001,0.482418,0.6852863333333333,21.40143,1401.7754888341574
1810,30,0.18243600000000001,0.49516366666666667,0.7007796666666667,21.86674,1371.9466184717064
1811,30,0.17650966666666668,0.483419,0.6862880000000001,21.40363,1401.6314055139246
1812,30,0.17627833333333331,0.4824326666666668,0.6854346666666665,21.37556,1403.4720026048442
1813,30,0.17580199999999999,0.4827376666666667,0.685533,21.38039,1403.154947126783
1814,30,0.18214,0.4969146666666667,0.7029196666666665,21.90917,1369.2896627302632
1815,30,0.17605366666666666,0.4836693333333334,0.6871173333333335,21.43178,1399.7904047167337
1816,30,0.175624,0.48346133333333335,0.686878,21.43747,1399.4188679914187
1817,30,0.17655266666666664,0.4830756666666666,0.6858989999999999,21.39168,1402.41439662523
1818,30,0.176131,0.4825710000000001,0.6854566666666667,21.39017,1402.5133975092297
1819,30,0.1824503333333333,0.4991186666666667,0.7045343333333333,21.96208,1365.9908351121571
1820,30,0.17615966666666666,0.48354766666666654,0.6864773333333333,21.41288,1401.0259245837085
1821,30,0.17663466666666663,0.4833483333333334,0.6862903333333333,21.402,1401.7381553125877
1822,30,0.17651566666666665,0.4825593333333334,0.6859563333333334,21.43063,1399.8655195857518
1823,30,0.18193166666666663,0.49378399999999995,0.6994193333333334,21.80638,1375.7441629468074
1824,30,0.17612433333333327,0.48394066666666663,0.6871903333333336,21.43611,1399.5076532076014
1825,30,0.17665066666666668,0.4846653333333334,0.6878466666666668,21.45446,1398.3106542881992
1826,30,0.17708800000000002,0.48307833333333333,0.686377,21.41808,1400.68577575581
1827,30,0.17617066666666664,0.4825516666666667,0.6857359999999999,21.40479,1401.5554462342307
1828,30,0.1818743333333334,0.4960583333333333,0.7017609999999999,21.87616,1371.3558503869053
1829,30,0.17673733333333336,0.48331566666666664,0.6860983333333333,21.40322,1401.6582551597376
1830,30,0.1758333333333333,0.48228199999999993,0.6850386666666666,21.38216,1403.0387949580397
1831,30,0.17663333333333334,0.4837893333333334,0.6874186666666666,21.43449,1399.6134267715256
1832,30,0.18015666666666663,0.4903926666666667,0.6953996666666667,21.70128,1382.406936365044
1833,30,0.1784686666666667,0.48756833333333327,0.6920543333333332,21.62705,1387.151738216724
1834,30,0.17634699999999998,0.48296666666666666,0.686919,21.42271,1400.3830514440049
1835,30,0.17579366666666668,0.482772,0.6863156666666668,21.40037,1401.844921372855
1836,30,0.175817,0.48370599999999997,0.6866876666666665,21.41521,1400.8734913176195
1837,30,0.18294666666666665,0.4958889999999999,0.7010403333333334,21.85479,1372.6967863795535
1838,30,0.17615366666666668,0.48215066666666667,0.6852406666666668,21.37259,1403.6670333356883
1839,30,0.17702366666666666,0.4830070000000001,0.6865606666666666,21.43569,1399.5350744482682
1840,30,0.17612533333333336,0.4828183333333334,0.6862429999999998,21.40127,1401.7859687766193
1841,30,0.17588233333333333,0.4831156666666666,0.6867846666666664,21.41758,1400.7184751965442
1842,30,0.18297666666666673,0.4961296666666667,0.7012123333333332,21.86172,1372.2616518736859
1843,30,0.17632400000000004,0.4828643333333334,0.686317,21.40285,1401.6824862109486
1844,30,0.1755126666666667,0.4824333333333334,0.6860333333333334,21.41845,1400.6615791525533
1845,30,0.17580533333333334,0.482266,0.6857673333333333,21.38569,1402.8072042566782
1846,30,0.18150499999999997,0.49391300000000005,0.6989330000000001,21.78962,1376.802349008381
1847,30,0.17528966666666665,0.4817406666666667,0.6851883333333334,21.38732,1402.7002915746339
1848,30,0.17649566666666663,0.48428699999999997,0.686943,21.41965,1400.5831094345613
1849,30,0.17558066666666666,0.48282566666666665,0.6854883333333336,21.37571,1403.4621540056448
1850,30,0.17571599999999998,0.4827986666666667,0.685617,21.39979,1401.8829156734716
1851,30,0.18375033333333335,0.496429,0.7031026666666665,21.91865,1368.697433464196
1852,30,0.1762496666666667,0.4825366666666666,0.6863013333333332,21.40474,1401.5587201713267
1853,30,0.17657666666666663,0.48345099999999996,0.6862516666666666,21.40124,1401.7879337832762
1854,30,0.175757,0.4825983333333333,0.6858056666666666,21.38818,1402.6438902234786
1855,30,0.18349033333333334,0.496534,0.7016826666666667,21.87101,1371.6787656354234
1856,30,0.17603266666666662,0.48263700000000004,0.6857083333333333,21.41268,1401.0390105302092
1857,30,0.17603866666666662,0.48284166666666667,0.685963,21.39686,1402.0748838848317
1858,30,0.17639899999999997,0.482259,0.6855086666666668,21.37801,1403.3111594577792
1859,30,0.17658066666666666,0.4831013333333333,0.6864640000000001,21.40701,1401.4100988414543
1860,30,0.18177233333333337,0.495805,0.7014283333333335,21.88745,1370.648476638439
1861,30,0.17596299999999995,0.4831079999999999,0.6857476666666666,21.40814,1401.3361272861632
1862,30,0.17699799999999996,0.48315800000000003,0.6863866666666666,21.40515,1401.531874338652
1863,30,0.17590699999999998,0.48322633333333326,0.6864409999999999,21.40372,1401.625511826916
1864,30,0.18634866666666666,0.5032186666666666,0.7087113333333334,22.08437,1358.426796870366
1865,30,0.176179,0.48359399999999997,0.686942,21.42499,1400.2340257801752
1866,30,0.1764246666666667,0.48348066666666667,0.6860946666666666,21.39874,1401.951703698442
1867,30,0.17691366666666666,0.48424,0.6870376666666667,21.46139,1397.8591321438173
1868,30,0.1757203333333334,0.48327166666666665,0.6859793333333334,21.40587,1401.484732926062
1869,30,0.1831513333333334,0.49987799999999993,0.7045103333333332,21.99288,1364.0778288246015
1870,30,0.17585,0.48254433333333335,0.6853816666666667,21.39059,1402.4858594363222
1871,30,0.1761586666666667,0.48351633333333327,0.6867876666666667,21.41513,1400.8787245279389
1872,30,0.17621833333333334,0.4828273333333334,0.6858756666666668,21.38963,1402.5488051920486
1873,30,0.18028733333333333,0.492727,0.6980203333333334,21.80186,1376.0293846488328
1874,30,0.17848166666666662,0.4910223333333333,0.6948546666666666,21.69271,1382.9530750192114
1875,30,0.17591599999999996,0.48267233333333326,0.6855773333333334,21.37559,1403.4700328739464
1876,30,0.17586000000000004,0.4832113333333333,0.6861953333333333,21.402,1401.7381553125877
1877,30,0.1765106666666667,0.482827,0.6863453333333335,21.42339,1400.3386018739332
1878,30,0.18306200000000003,0.4954063333333333,0.702057,21.90466,1369.5715888765221
1879,30,0.175783,0.48316166666666666,0.6860873333333333,21.39849,1401.9680827946272
1880,30,0.17546000000000003,0.48244000000000004,0.685378,21.37644,1403.4142261293275
1881,30,0.17633433333333332,0.4828453333333333,0.6856656666666667,21.39787,1402.0087046047106
1882,30,0.17842966666666668,0.48780733333333337,0.6919053333333333,21.57527,1390.4808607261925
1883,30,0.18005900000000005,0.49132833333333326,0.696237,21.71205,1381.7212101114358
1884,30,0.17592766666666665,0.4830413333333334,0.6858006666666667,21.40825,1401.328926932374
1885,30,0.17549599999999999,0.4828009999999999,0.6860763333333334,21.39557,1402.1594189825278
1886,30,0.17561066666666666,0.48262633333333327,0.685514,21.37708,1403.3722098621515
1887,30,0.1824466666666667,0.49368166666666663,0.6997226666666667,21.83017,1374.244909682334
1888,30,0.17589733333333335,0.4827456666666666,0.6856406666666666,21.38444,1402.8892035517413
1889,30,0.17609766666666668,0.4841966666666666,0.6870533333333333,21.42774,1400.0543221076978
1890,30,0.17570133333333338,0.48275399999999996,0.6860413333333335,21.40979,1401.2281297481197
1891,30,0.1762573333333333,0.48247066666666666,0.6861463333333334,21.3942,1402.2492077291977
1892,30,0.1826596666666667,0.5010916666666667,0.7066513333333334,22.02413,1362.1423411503656
1893,30,0.17522433333333332,0.482368,0.6851763333333332,21.37149,1403.7392806959178
1894,30,0.1755306666666666,0.4820103333333334,0.6849466666666668,21.37623,1403.4280132652016
1895,30,0.17697633333333335,0.48347066666666666,0.6864293333333332,21.41672,1400.7747218061402
1896,30,0.18268366666666663,0.49912433333333334,0.7054753333333335,22.01027,1363.0000904123394
1897,30,0.17599899999999996,0.4833730000000001,0.686031,21.39725,1402.049328768884
1898,30,0.17565366666666668,0.482076,0.685036,21.36245,1404.3333044664819
1899,30,0.17572633333333332,0.48314033333333334,0.6856686666666667,21.37894,1403.2501143648844
1900,30,0.176384,0.48293233333333335,0.686061,21.39396,1402.264938328388
1901,30,0.1825493333333333,0.4939536666666667,0.6995796666666666,21.83116,1374.1825903891502
1902,30,0.17575899999999997,0.48240900000000003,0.6858199999999999,21.38762,1402.680616169541
1903,30,0.17549033333333336,0.48258066666666666,0.68587,21.38604,1402.784246171802
1904,30,0.1754003333333333,0.48167433333333337,0.6854723333333332,21.37374,1403.5915099556746
1905,30,0.1827813333333333,0.4947833333333333,0.699882,21.82872,1374.3361956175168
1906,30,0.1759786666666667,0.48240666666666665,0.6849569999999999,21.36392,1404.2366756662634
1907,30,0.17579299999999998,0.48229700000000003,0.6857026666666666,21.40382,1401.6189633439265
1908,30,0.1764196666666666,0.48226166666666676,0.6854083333333333,21.37434,1403.552109679176
1909,30,0.17590866666666669,0.483321,0.6859519999999999,21.38726,1402.7042267218894
1910,30,0.18310566666666667,0.498341,0.7039866666666666,21.94175,1367.256485922955
1911,30,0.17641466666666666,0.4827406666666667,0.6854680000000001,21.39587,1402.139758747833
1912,30,0.1754693333333333,0.48195866666666665,0.6849416666666668,21.37874,1403.263241893582
1913,30,0.17643666666666666,0.4830403333333333,0.6857853333333331,21.40817,1401.3341635459733
1914,30,0.18377433333333335,0.4973149999999999,0.7021516666666668,21.8893,1370.5326346662525
1915,30,0.17637999999999998,0.484738,0.6885350000000001,21.4723,1397.1488848423317
1916,30,0.17682233333333336,0.48386566666666664,0.6870276666666667,21.44032,1399.2328472709364
1917,30,0.1765663333333333,0.48491100000000004,0.6884370000000002,21.46613,1397.5504667119783
1918,30,0.17616566666666664,0.4833066666666666,0.6864496666666667,21.42668,1400.1235842417025
1919,30,0.1856543333333333,0.5032393333333334,0.7088550000000001,22.08491,1358.3935818620046
1920,30,0.176392,0.48377733333333334,0.6865736666666666,21.41473,1400.9048911660338
1921,30,0.17680833333333335,0.48425233333333334,0.6872966666666667,21.43113,1399.8328599565211
1922,30,0.17677400000000001,0.48276800000000003,0.6867336666666668,21.41583,1400.8329352633075
1923,30,0.18093700000000001,0.4931106666666667,0.6982823333333333,21.76841,1378.1438331968207
1924,30,0.17960533333333334,0.4869703333333332,0.6908006666666666,21.57069,1390.7760947841723
1925,30,0.17617400000000003,0.48281599999999997,0.6870550000000001,21.42446,1400.2686648811687
1926,30,0.17554466666666668,0.4819436666666667,0.6851396666666666,21.36796,1403.9711792796318
1927,30,0.17592166666666664,0.4825716666666666,0.6858746666666669,21.38525,1402.8360669152803
1928,30,0.18230133333333334,0.49981299999999995,0.7061503333333334,22.00849,1363.1103269692742
1929,30,0.17531333333333332,0.4830106666666667,0.6873466666666668,21.43494,1399.5840436222354
1930,30,0.17687233333333335,0.48348100000000005,0.6867106666666668,21.43924,1399.3033335136881
1931,30,0.17602299999999996,0.4831323333333334,0.6862706666666667,21.39797,1402.0021525406382
1932,30,0.17728833333333333,0.4857446666666666,0.6890193333333333,21.49942,1395.386480193419
1933,30,0.181829,0.4942303333333334,0.6987236666666667,21.78283,1377.2315167496602
1934,30,0.175382,0.4836746666666667,0.6877370000000002,21.44506,1398.9235749398697
1935,30,0.17572466666666667,0.4828746666666667,0.6860716666666667,21.41079,1401.1626847958437
1936,30,0.1758066666666667,0.4823916666666666,0.6857953333333332,21.38592,1402.7921174305338
1937,30,0.18186666666666665,0.49844366666666673,0.705444,21.98875,1364.3340344494343
1938,30,0.17553033333333332,0.4822353333333334,0.6849426666666666,21.3627,1404.3168700585602
1939,30,0.17557166666666663,0.48262866666666665,0.6866183333333332,21.40859,1401.3066717611948
1940,30,0.17585166666666668,0.48244866666666664,0.6858343333333334,21.38738,1402.6963564494574
1941,30,0.176567,0.4824373333333334,0.6852109999999999,21.40608,1401.4709839447482
1942,30,0.18199033333333334,0.4976149999999999,0.7025713333333333,21.91999,1368.613763053724
1943,30,0.17576899999999998,0.48313766666666663,0.6863916666666665,21.40415,1401.597353784196
1944,30,0.17622733333333337,0.48252366666666663,0.68545,21.38904,1402.5874934078388
1945,30,0.17602933333333332,0.48288033333333324,0.6857076666666668,21.37936,1403.2225473540836
1946,30,0.18250033333333335,0.49452899999999994,0.6996910000000001,21.81322,1375.3127690455603
1947,30,0.17613033333333336,0.4832086666666667,0.6866016666666669,21.43743,1399.421479160515
1948,30,0.17534233333333338,0.48229133333333335,0.6853596666666666,21.37017,1403.8259873459126
1949,30,0.1769726666666667,0.4828673333333333,0.6864803333333334,21.40394,1401.611105245109
1950,30,0.17557199999999998,0.482426,0.6849819999999999,21.35896,1404.5627689737703
1951,30,0.1826663333333333,0.49593366666666666,0.701668,21.87464,1371.4511415959303
1952,30,0.17571733333333334,0.48325866666666667,0.6864576666666667,21.42153,1400.4601912188343
1953,30,0.17564299999999997,0.48291133333333336,0.6868506666666665,21.41792,1400.6962394107363
1954,30,0.1763466666666667,0.4829446666666666,0.6861149999999998,21.39367,1402.2839466066364
1955,30,0.18532566666666664,0.4987123333333333,0.7037526666666665,21.92984,1367.9990369286782
1956,30,0.17572866666666667,0.48211800000000005,0.6861923333333333,21.40057,1401.8318203674014
1957,30,0.17626133333333333,0.4824686666666666,0.6856310000000002,21.39548,1402.1653171604469
1958,30,0.17593133333333333,0.4817196666666666,0.6852736666666666,21.3945,1402.2295449765127
1959,30,0.175914,0.4820823333333334,0.6851703333333332,21.36536,1404.1420317747982
1960,30,0.18273266666666668,0.497718,0.7035376666666667,21.92537,1368.2779355604946
1961,30,0.17656733333333335,0.48238500000000006,0.6856530000000001,21.38478,1402.8668987943763
1962,30,0.17759299999999997,0.48348566666666665,0.6869053333333334,21.41887,1400.634113751099
1963,30,0.17562533333333333,0.48234200000000005,0.6857563333333334,21.38167,1403.0709481532547
1964,30,0.186011,0.49813966666666665,0.7035416666666667,21.93921,1367.4147792924175
1965,30,0.17601566666666668,0.48356833333333327,0.6880590000000002,21.45952,1397.9809427237888
1966,30,0.1827986666666667,0.48915633333333325,0.693005,21.61897,1387.670180401749
1967,30,0.17635300000000004,0.4830493333333334,0.6878693333333333,21.44822,1398.7174693284571
1968,30,0.17585833333333334,0.48250800000000005,0.6855386666666667,21.37738,1403.352515602941
1969,30,0.18319833333333335,0.4971113333333333,0.702311,21.93215,1367.85495266082
1970,30,0.175695,0.48285500000000003,0.6860793333333334,21.39742,1402.0381896509018
1971,30,0.17646533333333334,0.483035,0.68711,21.42865,1399.994866685489
1972,30,0.17591733333333334,0.4824949999999999,0.6858803333333334,21.38906,1402.5861819079473
1973,30,0.17861133333333332,0.48980799999999997,0.6944526666666666,21.67101,1384.337878114587
1974,30,0.17914866666666665,0.4890996666666666,0.6935403333333332,21.63006,1386.9587046915265
1975,30,0.17577066666666666,0.48267000000000004,0.6863363333333332,21.42331,1400.34383108866
1976,30,0.17658800000000005,0.483606,0.6864453333333332,21.40267,1401.694274592843
1977,30,0.1757153333333333,0.483023,0.6860106666666665,21.39314,1402.3186872053377
1978,30,0.1828683333333333,0.4960966666666666,0.7016236666666665,21.87269,1371.573409580623
1979,30,0.17604000000000003,0.48168233333333343,0.685029,21.36626,1404.0828858209156
1980,30,0.17675033333333331,0.48277633333333336,0.6867703333333334,21.41512,1400.879378681978
1981,30,0.1760203333333333,0.48254066666666673,0.6863016666666666,21.42862,1399.9968266738597
1982,30,0.1766256666666667,0.483601,0.6873323333333334,21.43296,1399.7133387082324
1983,30,0.1816566666666666,0.49319966666666676,0.6982203333333332,21.76818,1378.1583945005966
1984,30,0.1754253333333334,0.481899,0.6848540000000002,21.37628,1403.4247305892325
1985,30,0.17710333333333333,0.4849583333333334,0.6881000000000003,21.45351,1398.3725739983809
1986,30,0.17626799999999998,0.48347999999999997,0.6869346666666669,21.4337,1399.6650135067673
1987,30,0.18169200000000002,0.5000010000000001,0.7058679999999999,21.99853,1363.7274854274356
1988,30,0.176149,0.4832390000000001,0.6863026666666664,21.40984,1401.2248573553095
1989,30,0.17587,0.4833369999999999,0.6864286666666666,21.40727,1401.3930781458823
1990,30,0.176562,0.4833566666666666,0.6862306666666668,21.39608,1402.1259969115838
1991,30,0.176606,0.48370700000000005,0.6865479999999998,21.40834,1401.323035788856
1992,30,0.182419,0.49452966666666665,0.699817,21.81778,1375.025323383039
1993,30,0.17593933333333334,0.4823969999999999,0.6858810000000002,21.41669,1400.7766839787103
1994,30,0.174934,0.4814623333333333,0.6856459999999999,21.38359,1402.944968548312
1995,30,0.17536600000000002,0.481834,0.6848883333333333,21.35914,1404.5509322940907
1996,30,0.18243566666666666,0.49609899999999996,0.7019430000000001,21.88042,1371.088854784323
1997,30,0.17594733333333334,0.48297000000000007,0.685995,21.42475,1400.2497111984972
1998,30,0.176295,0.48221,0.6851783333333332,21.40184,1401.7486346968299
1999,30,0.17558000000000004,0.48183433333333336,0.6853173333333334,21.38728,1402.7029150036844
2000,30,0.175701,0.48421133333333327,0.6872086666666666,21.4342,1399.632363232591
2001,30,0.185439,0.4978223333333333,0.7032083333333333,21.92671,1368.1943164295967
2002,30,0.17537933333333336,0.48206266666666664,0.6848749999999999,21.3787,1403.265867428796
2003,30,0.17630800000000005,0.4838143333333333,0.6874863333333334,21.45339,1398.3803958255548
2004,30,0.17632166666666663,0.4833266666666666,0.6866436666666665,21.41324,1401.0023704960108
2005,30,0.18180500000000002,0.49812399999999996,0.7045673333333333,21.96255,1365.9616028193448
2006,30,0.17651866666666666,0.4842573333333334,0.6873959999999999,21.44429,1398.9738060807795
2007,30,0.1763546666666667,0.4827696666666667,0.685651,21.38198,1403.0506061646304
2008,30,0.17625399999999997,0.48277266666666674,0.6862483333333333,21.41558,1400.8492882284766
2009,30,0.17600233333333337,0.48254100000000005,0.685419,21.38899,1402.5907721682977
2010,30,0.18230233333333334,0.49394700000000014,0.699171,21.85149,1372.904090293156
2011,30,0.17621166666666668,0.48281666666666667,0.6871256666666665,21.45384,1398.3510644248304
2012,30,0.1759243333333333,0.48343633333333336,0.6863373333333332,21.40496,1401.5443149625132
2013,30,0.17520566666666665,0.48250333333333334,0.6853869999999999,21.37137,1403.7471626760473
2014,30,0.18082866666666667,0.4930463333333333,0.6983916666666669,21.77027,1378.0260878712115
2015,30,0.17890733333333333,0.48838166666666677,0.693148,21.63152,1386.865093160351
2016,30,0.1756293333333333,0.48248066666666667,0.6857263333333332,21.40451,1401.5737804789737
2017,30,0.17514899999999997,0.48265133333333327,0.6862763333333333,21.40175,1401.754529419323
2018,30,0.17569833333333337,0.48355533333333334,0.687159,21.42908,1399.966774121894
2019,30,0.18297400000000003,0.4977230000000001,0.7032526666666666,21.93799,1367.490822997002
2020,30,0.17650300000000002,0.48455166666666666,0.6872829999999998,21.44847,1398.701166097162
2021,30,0.17564833333333335,0.4824063333333334,0.6851860000000001,21.36589,1404.107200776565
2022,30,0.17548366666666665,0.4822596666666666,0.686097,21.39198,1402.3947292396495
2023,30,0.17794899999999997,0.4861746666666667,0.6905066666666666,21.52961,1393.4297927366079
2024,30,0.18124866666666667,0.4925873333333333,0.6973916666666666,21.74288,1379.7620186470238
2025,30,0.17571366666666666,0.48182300000000006,0.6848993333333333,21.35796,1404.6285319384435
2026,30,0.17614566666666664,0.4827313333333334,0.6858103333333332,21.38621,1402.77309537314
2027,30,0.17549966666666666,0.4823286666666667,0.6849533333333332,21.39905,1401.931394150675
2028,30,0.1828653333333333,0.496972,0.7019076666666667,21.89511,1370.168955533907
2029,30,0.17543366666666668,0.48302133333333325,0.6858366666666667,21.39224,1402.3776846183475
2030,30,0.1760863333333333,0.48260333333333333,0.6856196666666666,21.3826,1403.009923956862
2031,30,0.17600033333333334,0.48184,0.6846726666666668,21.36479,1404.1794934562895
2032,30,0.17665933333333333,0.4826406666666667,0.6858710000000001,21.43151,1399.8080396574949
2033,30,0.18173933333333334,0.493369,0.7001543333333333,21.82861,1374.3431212523383
2034,30,0.17529433333333336,0.48211166666666666,0.6853379999999999,21.376,1403.443113772455
2035,30,0.17540600000000003,0.48269199999999995,0.6855893333333332,21.37726,1403.3603932402937
2036,30,0.1755243333333333,0.482854,0.6859743333333334,21.38967,1402.546182339419
2037,30,0.18305699999999997,0.4976383333333333,0.7033936666666666,21.94655,1366.9574488928786
2038,30,0.17580466666666664,0.483718,0.686765,21.41952,1400.59160989602
2039,30,0.17550233333333332,0.4822143333333333,0.6848196666666667,21.35576,1404.773232139713
2040,30,0.17596166666666666,0.4828126666666666,0.6862723333333332,21.39948,1401.9032238166535
2041,30,0.17556400000000003,0.48280833333333345,0.6856776666666666,21.37991,1403.186449334913
2042,30,0.1827133333333333,0.496134,0.7026453333333332,21.90313,1369.6672576019957
2043,30,0.17570433333333335,0.4822776666666667,0.6855203333333334,21.37806,1403.3078773284385
2044,30,0.17596066666666665,0.48260400000000003,0.6859036666666666,21.415,1400.8872285780994
2045,30,0.17550066666666667,0.48159433333333335,0.6844783333333333,21.34397,1405.5492019525889
2046,30,0.182206,0.49663666666666667,0.7024299999999999,21.92388,1368.3709270439356
2047,30,0.17673366666666668,0.482685,0.6858793333333334,21.3911,1402.4524218015904
2048,30,0.17724866666666667,0.4831123333333334,0.6864109999999999,21.405,1401.5416958654519
2049,30,0.17567566666666665,0.482622,0.6857206666666666,21.39751,1402.03229254245
2050,30,0.175894,0.48268833333333333,0.6858413333333332,21.38498,1402.8537786801764
2051,30,0.18248566666666666,0.49745433333333333,0.7036713333333332,21.93145,1367.8986113549263
2052,30,0.17690899999999996,0.4838806666666667,0.6872316666666666,21.43088,1399.8491895806426
2053,30,0.1764923333333333,0.48300000000000004,0.6856369999999999,21.39312,1402.3199982050303
2054,30,0.17575266666666664,0.4828513333333334,0.6859433333333331,21.38955,1402.5540509267375
2055,30,0.18071133333333336,0.49616266666666664,0.7023136666666666,21.92647,1368.2092922390152
2056,30,0.178255,0.4902266666666667,0.6934486666666666,21.62366,1387.3692057681262
2057,30,0.17482899999999998,0.48150933333333334,0.6848723333333333,21.35897,1404.5621113752206
2058,30,0.17614933333333335,0.48306533333333335,0.6865883333333334,21.40948,1401.2484189247004
2059,30,0.1759093333333333,0.4822429999999999,0.6864026666666664,21.40495,1401.5449697383083
2060,30,0.18279800000000002,0.49843933333333335,0.7043623333333332,21.95594,1366.3728357792925
2061,30,0.1763106666666667,0.48362533333333335,0.6863053333333333,21.4301,1399.9001404566475
2062,30,0.1768333333333333,0.48450266666666664,0.6874616666666665,21.43567,1399.5363802484364
2063,30,0.17703233333333335,0.4834653333333333,0.6863010000000002,21.41212,1401.0756524809315
2064,30,0.18033866666666667,0.4917666666666667,0.696296,21.72241,1381.0622302037389
2065,30,0.180187,0.48880866666666667,0.6930796666666666,21.63734,1386.492054938361
2066,30,0.175412,0.48338066666666674,0.6868809999999999,21.45381,1398.353019813264
2067,30,0.17662933333333336,0.4840353333333333,0.6871506666666666,21.42544,1400.2046165679678
2068,30,0.1765243333333334,0.48374966666666663,0.6866106666666666,21.41223,1401.0684548036331
2069,30,0.183029,0.4993843333333333,0.7042953333333332,21.95064,1366.7027476192038
2070,30,0.17625733333333335,0.4850113333333333,0.6882769999999999,21.46571,1397.5778113092929
2071,30,0.17618366666666663,0.4835383333333334,0.6870106666666668,21.41967,1400.5818016804183
2072,30,0.17768233333333333,0.48469933333333326,0.68768,21.47877,1396.7280249288017
2073,30,0.1779583333333333,0.48600666666666675,0.6902676666666667,21.52663,1393.6226896639184
2074,30,0.18164033333333326,0.4945293333333333,0.6993140000000001,21.80091,1376.0893467291044
2075,30,0.17642399999999997,0.482875,0.6863759999999999,21.40098,1401.8049640717388
2076,30,0.177081,0.4837476666666667,0.6869993333333333,21.42112,1400.486996011413
2077,30,0.1757203333333334,0.48257000000000005,0.6859403333333335,21.39056,1402.4878264056667
2078,30,0.18247000000000005,0.49711133333333335,0.7033450000000001,21.94719,1366.9175871717518
2079,30,0.175904,0.4836773333333334,0.6867506666666667,21.44276,1399.0736267159637
2080,30,0.17660600000000004,0.4842923333333333,0.6872463333333333,21.42935,1399.9491351814218
2081,30,0.17623999999999995,0.4840926666666666,0.6871436666666665,21.44036,1399.2302368057253
2082,30,0.17586333333333334,0.48287366666666665,0.6858190000000002,21.38691,1402.7271821876093
2083,30,0.18262299999999998,0.49498733333333333,0.7002960000000001,21.85413,1372.7382421537714
2084,30,0.17537633333333336,0.4828743333333333,0.6868786666666667,21.42171,1400.448423585232
2085,30,0.17652666666666672,0.48303133333333326,0.6871063333333333,21.42329,1400.3451383984439
2086,30,0.17597633333333335,0.48317933333333335,0.6868389999999999,21.42028,1400.5419163521672
2087,30,0.18225566666666662,0.49448333333333333,0.6999273333333333,21.82407,1374.6290219926896
2088,30,0.1769963333333333,0.48360333333333333,0.6870553333333335,21.42938,1399.9471753265843
2089,30,0.17639566666666667,0.4836536666666666,0.6871600000000002,21.4511,1398.529679130674
2090,30,0.1756916666666667,0.48308833333333323,0.6865110000000002,21.40619,1401.4637822050538
2091,30,0.176133,0.48337733333333327,0.6864319999999998,21.40485,1401.5515175299056
2092,30,0.18377799999999997,0.4976526666666667,0.7032016666666666,21.91948,1368.6456065563598
2093,30,0.175721,0.4831426666666666,0.6868003333333335,21.41773,1400.7086652040157
2094,30,0.17694666666666667,0.484422,0.6875549999999999,21.43796,1399.3868819607837
2095,30,0.175894,0.4834923333333333,0.6865923333333332,21.43098,1399.8426576852762
2096,30,0.18302700000000002,0.49626766666666655,0.7022326666666667,21.88886,1370.560184495675
2097,30,0.17628166666666667,0.4827660000000001,0.6859256666666665,21.39305,1402.3245867232583
2098,30,0.17598333333333335,0.48298633333333335,0.6871303333333334,21.42639,1400.142534510013
2099,30,0.176837,0.483872,0.6869723333333333,21.42082,1400.5066099243634
2100,30,0.17639833333333332,0.48243966666666666,0.6853253333333332,21.4288,1399.9850668259537
2101,30,0.18283033333333334,0.49472833333333327,0.7007226666666668,21.84572,1373.2667085360429
2102,30,0.1768853333333333,0.48508300000000004,0.688306,21.46043,1397.921663265834
2103,30,0.17737100000000003,0.4838126666666667,0.6866140000000001,21.40973,1401.2320566396681
2104,30,0.17765833333333333,0.48385266666666665,0.6873676666666667,21.44548,1398.8961776560843
2105,30,0.18110600000000004,0.49360533333333334,0.6991236666666668,21.8116,1375.4149168332447
2106,30,0.17781200000000003,0.48606333333333335,0.6892526666666667,21.5361,1393.009876440024
2107,30,0.176372,0.483083,0.686534,21.40885,1401.2896535778427
2108,30,0.17632266666666668,0.48267633333333326,0.6859006666666668,21.38954,1402.5547066463328
2109,30,0.17564033333333331,0.48305633333333337,0.6860396666666667,21.39606,1402.1273075510162
2110,30,0.1821293333333334,0.4970303333333333,0.7022276666666668,21.89965,1369.8849068364107
2111,30,0.17628099999999997,0.4827343333333333,0.6861163333333331,21.39845,1401.9707034855328
2112,30,0.175194,0.4819063333333334,0.6862316666666668,21.42449,1400.2667041315801
2113,30,0.17605033333333336,0.4824273333333332,0.6854216666666666,21.37481,1403.5212476742483
2114,30,0.17917633333333333,0.4926466666666666,0.6986736666666667,21.78032,1377.3902311811764
2115,30,0.17918833333333337,0.48799000000000003,0.692012,21.57744,1390.3410228460837
2116,30,0.17605733333333334,0.483051,0.6867143333333333,21.41561,1400.8473258524973
2117,30,0.17608266666666672,0.4829359999999999,0.6858559999999999,21.4113,1401.1293102240404
2118,30,0.175534,0.4824983333333333,0.6852610000000001,21.3702,1403.8240166212763
2119,30,0.18277866666666667,0.4967059999999999,0.7026030000000001,21.92,1368.6131386861314
2120,30,0.17582900000000004,0.48338666666666674,0.6871279999999999,21.42826,1400.0203469623757
2121,30,0.17586100000000007,0.4831923333333334,0.6863720000000001,21.40318,1401.6608746924521
2122,30,0.17577033333333333,0.4833280000000001,0.6862820000000001,21.41386,1400.9618069792182
2123,30,0.17605233333333334,0.48416966666666666,0.6872023333333332,21.47009,1397.2926988196136
2124,30,0.18317733333333333,0.4956013333333333,0.7004396666666665,21.84153,1373.5301510471106
2125,30,0.17576833333333333,0.4829473333333334,0.6856690000000001,21.38292,1402.9889276113834
2126,30,0.175572,0.4829736666666667,0.6858043333333333,21.388,1402.6556947821207
2127,30,0.17609466666666665,0.4830183333333334,0.6856843333333332,21.38128,1403.0965405251698
2128,30,0.18248299999999998,0.4954733333333333,0.701024,21.85186,1372.8808440105327
2129,30,0.17624399999999998,0.48266499999999996,0.6858723333333334,21.41791,1400.6968933943604
2130,30,0.17581733333333333,0.482582,0.6861016666666667,21.39726,1402.0486735217498
2131,30,0.1758893333333333,0.48246700000000003,0.6859733333333332,21.39144,1402.4301309308769
2132,30,0.175961,0.48286233333333334,0.6857283333333334,21.38231,1403.028952437786
2133,30,0.1846829999999999,0.5039546666666667,0.7088283333333333,22.12915,1355.677918040232
2134,30,0.17564300000000002,0.4832736666666667,0.6860793333333333,21.41016,1401.203914403255
2135,30,0.17595866666666662,0.4824456666666667,0.6854366666666665,21.38892,1402.5953624586937
2136,30,0.17531133333333332,0.48292866666666673,0.685568,21.38164,1403.0729167641023
2137,30,0.18243133333333333,0.49722066666666664,0.7024856666666667,21.89672,1370.068211129338
2138,30,0.176148,0.48256633333333343,0.68603,21.39661,1402.0912658594048
2139,30,0.17563066666666666,0.48208633333333334,0.6847783333333333,21.36551,1404.1321737697813
2140,30,0.17509700000000003,0.48165966666666665,0.6845596666666667,21.38665,1402.7442353056697
2141,30,0.1759963333333333,0.48270033333333323,0.6858053333333332,21.39857,1401.9628414422086
2142,30,0.18204066666666666,0.4961396666666667,0.7019130000000001,21.881,1371.0525113111833
2143,30,0.17730233333333334,0.48363233333333333,0.6865420000000001,21.42752,1400.0686967040517
2144,30,0.17592200000000002,0.48267866666666664,0.6853610000000001,21.37303,1403.6381364738645
2145,30,0.176844,0.4840526666666667,0.6870569999999998,21.43796,1399.3868819607837
2146,30,0.182329,0.49646433333333334,0.7024483333333332,21.9135,1369.0190978164146
2147,30,0.17536633333333335,0.4824993333333334,0.6863073333333333,21.42864,1399.995520014336
2148,30,0.17652833333333331,0.48832066666666674,0.691059,21.54507,1392.429915521277
2149,30,0.17634466666666665,0.484322,0.6872003333333334,21.43071,1399.8602939426646
2150,30,0.176306,0.4828803333333333,0.6862640000000002,21.40226,1401.7211266473728
2151,30,0.18336266666666667,0.4960139999999999,0.7021536666666666,21.88589,1370.7461748185701
2152,30,0.1762386666666667,0.4834613333333333,0.6867940000000001,21.45045,1398.5720579288547
2153,30,0.17646799999999999,0.4829319999999999,0.6858303333333333,21.40142,1401.7761438259704
2154,30,0.17625,0.48292599999999997,0.6860663333333333,21.3951,1402.1902211253978
2155,30,0.18164866666666668,0.49290100000000003,0.6983070000000001,21.7709,1377.9862109513158
2156,30,0.17903699999999995,0.48743300000000006,0.6910586666666667,21.55216,1391.9718487613306
2157,30,0.17561566666666667,0.48250800000000005,0.6853156666666667,21.39151,1402.4255417219263
2158,30,0.175983,0.48349633333333325,0.6863663333333334,21.4036,1401.6333700872751
2159,30,0.17545199999999997,0.4820016666666668,0.6846856666666665,21.3814,1403.0886658497573
2160,30,0.18320433333333333,0.495668,0.7020336666666666,21.88436,1370.8420077169267
2161,30,0.17714966666666668,0.4830803333333334,0.6866526666666667,21.41693,1400.7609867520694
2162,30,0.17607699999999998,0.4825646666666667,0.6859116666666666,21.39016,1402.514053190813
2163,30,0.17617100000000005,0.4828353333333333,0.6860213333333334,21.41639,1400.7963060067545
2164,30,0.17860733333333334,0.4922706666666668,0.6977236666666665,21.75021,1379.2970274769762
2165,30,0.181096,0.49044566666666667,0.6952649999999999,21.68168,1383.6566170149179
2166,30,0.17575599999999997,0.48386266666666666,0.687645,21.44698,1398.7983389735991
2167,30,0.17641833333333332,0.483977,0.6871606666666668,21.42816,1400.0268805161058
2168,30,0.17690633333333333,0.4830243333333334,0.6861946666666667,21.4131,1401.0115303248945
2169,30,0.18444133333333335,0.49957466666666667,0.7044613333333334,21.97746,1365.0349039424937
2170,30,0.17682833333333334,0.4847723333333333,0.6879550000000001,21.45534,1398.2533019751727
2171,30,0.17682833333333337,0.48420066666666667,0.688162,21.45682,1398.156856421408
2172,30,0.176312,0.48402933333333326,0.6871860000000001,21.43453,1399.610814886074
2173,30,0.17665866666666666,0.48612866666666665,0.691598,21.56766,1390.97148230267
2174,30,0.18279600000000001,0.49576266666666663,0.7015290000000001,21.89338,1370.2772253530518
2175,30,0.17701200000000003,0.48407966666666663,0.6869939999999999,21.4382,1399.3712158670037
2176,30,0.17667699999999995,0.48383499999999996,0.6881323333333333,21.4563,1398.1907411809118
2177,30,0.176055,0.4835923333333333,0.687086,21.42613,1400.1595248418635
2178,30,0.18191633333333332,0.49692566666666665,0.7029569999999999,21.95241,1366.5925517972744
2179,30,0.1764956666666667,0.48396433333333333,0.6869826666666667,21.42566,1400.1902391804967
2180,30,0.17617766666666665,0.48373666666666665,0.6873763333333334,21.46098,1397.8858374594263
2181,30,0.17636699999999997,0.48298433333333335,0.686493,21.40645,1401.4467602054522
2182,30,0.1760943333333333,0.48308133333333336,0.6864713333333332,21.40618,1401.4644369056039
2183,30,0.18256833333333333,0.4986906666666666,0.7051123333333333,21.97529,1365.1696974192375
2184,30,0.17669700000000002,0.483915,0.6871029999999999,21.43055,1399.8707452678536
2185,30,0.1770666666666667,0.48353233333333345,0.68625,21.39848,1401.968737966435
2186,30,0.176298,0.48274399999999995,0.6861863333333336,21.44895,1398.6698649584243
2187,30,0.18551599999999996,0.498188,0.7035346666666665,21.92615,1368.2292604948886
2188,30,0.17594166666666664,0.4842276666666666,0.6875873333333333,21.44799,1398.732468636921
2189,30,0.17572700000000002,0.4822053333333332,0.6861516666666666,21.39806,1401.996255735333
2190,30,0.17684566666666665,0.48386399999999996,0.6874733333333334,21.4386,1399.3451064901626
2191,30,0.17594,0.4830473333333333,0.6859599999999999,21.41116,1401.1384717128826
2192,30,0.18269766666666662,0.4966096666666668,0.7024436666666667,21.91118,1369.1640523239735
2193,30,0.17667333333333335,0.4847386666666667,0.6876253333333332,21.44694,1398.8009478275221
2194,30,0.17525266666666667,0.4824333333333334,0.6858916666666668,21.40815,1401.3354727054882
2195,30,0.17705433333333337,0.4833360000000001,0.686731,21.41627,1400.8041549718976
2196,30,0.18216966666666667,0.4927126666666667,0.6988146666666666,21.80161,1376.0451636369976
2197,30,0.17695466666666665,0.4830116666666667,0.6863916666666667,21.43897,1399.3209561839956
2198,30,0.17604433333333333,0.48292,0.6865583333333334,21.41275,1401.0344304211276
2199,30,0.17590400000000003,0.48194900000000007,0.6852863333333333,21.36884,1403.9133616986228
2200,30,0.17553066666666664,0.481815,0.6850173333333335,21.36469,1404.1860658872188
2201,30,0.182734,0.497338,0.7030626666666666,21.91579,1368.876047817578
2202,30,0.17609500000000003,0.482523,0.6857909999999999,21.38981,1402.5370024324668
2203,30,0.17662266666666665,0.48254800000000003,0.6859153333333334,21.41122,1401.1345453458512
2204,30,0.17595266666666667,0.4828986666666666,0.686378,21.40684,1401.4212279813369
2205,30,0.18098366666666665,0.492713,0.6978066666666666,21.75469,1379.0129852459402
2206,30,0.177064,0.48495966666666673,0.6879753333333334,21.45724,1398.1294891607681
2207,30,0.17558099999999996,0.4832143333333334,0.6859696666666667,21.39073,1402.476680318998
2208,30,0.17628433333333332,0.48303466666666667,0.6864626666666668,21.43027,1399.8890354624557
2209,30,0.17570800000000003,0.4828983333333333,0.6856926666666666,21.38195,1403.0525747183956
2210,30,0.18175766666666665,0.49313866666666667,0.6995540000000001,21.8099,1375.522125273385
2211,30,0.17569133333333334,0.48199299999999995,0.6856516666666665,21.3824,1403.0230469919186
2212,30,0.17627233333333334,0.4828673333333333,0.6854273333333332,21.37296,1403.6427336222966
2213,30,0.17578466666666667,0.4827926666666667,0.6861826666666667,21.39974,1401.88619114064
2214,30,0.17777200000000004,0.4865193333333334,0.6903213333333335,21.57015,1390.810912302418
2215,30,0.180689,0.491902,0.6972203333333333,21.73892,1380.0133585293106
2216,30,0.17495666666666665,0.4817203333333333,0.6846403333333332,21.37622,1403.4286698022381
2217,30,0.176605,0.48407399999999995,0.6870456666666664,21.42262,1400.3889346867936
2218,30,0.17551633333333339,0.48198666666666673,0.6857706666666666,21.38961,1402.5501166220422
2219,30,0.18222100000000002,0.4954786666666667,0.701947,21.88286,1370.9359745481165
2220,30,0.17652733333333331,0.48259633333333335,0.6860250000000001,21.4244,1400.2725863968185
2221,30,0.17568333333333333,0.4834186666666667,0.6869083333333335,21.42012,1400.552377857827
2222,30,0.17622500000000002,0.4826579999999999,0.6860413333333335,21.39322,1402.3134432310796
2223,30,0.17652933333333334,0.4827563333333333,0.6855946666666666,21.39584,1402.1417247464929
2224,30,0.1820253333333333,0.49638433333333326,0.7020446666666665,21.88899,1370.5520446580679
2225,30,0.17645166666666665,0.48359033333333323,0.6864293333333333,21.4521,1398.464485994378
2226,30,0.17639666666666667,0.48400366666666655,0.6872606666666667,21.43011,1399.899487216818
2227,30,0.1767853333333333,0.4846763333333333,0.6882086666666666,21.45685,1398.1549015815463
2228,30,0.18239733333333336,0.494785,0.6997353333333335,21.81685,1375.0839374153466
2229,30,0.17537866666666668,0.482287,0.6852763333333333,21.38828,1402.6373322211978
2230,30,0.1760486666666667,0.4837466666666667,0.6864886666666667,21.42173,1400.4471160825947
2231,30,0.17742500000000003,0.4835610000000001,0.6862976666666666,21.43254,1399.7407680097647
2232,30,0.17587933333333336,0.48202799999999996,0.6852376666666665,21.36983,1403.8483226118317
2233,30,0.18244066666666664,0.49433466666666664,0.6998603333333334,21.81975,1374.901178977761
2234,30,0.17606399999999997,0.48232933333333333,0.6857353333333335,21.38646,1402.7566974618521
2235,30,0.17565133333333333,0.4825443333333333,0.685832,21.40055,1401.8331304569274
2236,30,0.17629099999999998,0.4825006666666666,0.6849316666666667,21.37283,1403.6512712635622
2237,30,0.181528,0.4949816666666667,0.700518,21.85998,1372.3708804857094
2238,30,0.1756986666666667,0.48220266666666667,0.6889223333333333,21.48622,1396.2437320291797
2239,30,0.17582933333333337,0.48216300000000006,0.6852829999999999,21.38436,1402.8944518330218
2240,30,0.17650966666666665,0.48287133333333343,0.6855453333333335,21.39431,1402.241997989185
2241,30,0.1772843333333333,0.4854826666666666,0.688929,21.47731,1396.8229727093385
2242,30,0.18535866666666667,0.5000773333333333,0.7057,22.02137,1362.313062266335
2243,30,0.1769683333333333,0.48348833333333324,0.6861619999999999,21.41264,1401.0416277488437
2244,30,0.17583499999999994,0.48286166666666663,0.6862569999999999,21.40235,1401.7152322058091
2245,30,0.17627199999999996,0.48245733333333335,0.686305,21.4013,1401.7840037754715
2246,30,0.18194033333333337,0.49384633333333333,0.7001143333333332,21.82483,1374.5811536676345
2247,30,0.17708833333333332,0.48468999999999995,0.6881683333333334,21.46333,1397.7327842417742
2248,30,0.1759946666666667,0.48295633333333327,0.6855043333333334,21.37821,1403.2980310325327
2249,30,0.17658066666666666,0.483164,0.6858843333333334,21.42796,1400.0399478065108
2250,30,0.17594266666666664,0.4823846666666665,0.685292,21.38604,1402.784246171802
2251,30,0.184047,0.5017926666666667,0.7066649999999999,22.02321,1362.1992434345402
2252,30,0.17591366666666672,0.4822116666666666,0.6848940000000001,21.37535,1403.4857908759388
2253,30,0.17664366666666667,0.48302100000000003,0.68624,21.39989,1401.8763647850526
2254,30,0.17652833333333334,0.48309533333333327,0.686097,21.42162,1400.4543073773132
2255,30,0.18002999999999994,0.49389933333333325,0.6995376666666666,21.80649,1375.7372231844738
2256,30,0.17910066666666669,0.48732099999999995,0.6912323333333333,21.56144,1391.3727469037317
2257,30,0.176119,0.4827643333333334,0.6859583333333333,21.39305,1402.3245867232583
2258,30,0.17619666666666667,0.4830576666666667,0.6858456666666668,21.39282,1402.3396634945743
2259,30,0.17569266666666666,0.4825956666666667,0.6863,21.42684,1400.1131291408346
2260,30,0.1821036666666667,0.4984296666666666,0.7048059999999999,21.98395,1364.6319246541227
2261,30,0.17703866666666668,0.4841053333333332,0.687718,21.45047,1398.5707539275363
2262,30,0.17573333333333335,0.48266033333333325,0.6859400000000001,21.39217,1402.3822735140943
2263,30,0.17597466666666667,0.48361533333333334,0.6869303333333332,21.42148,1400.463460041043
2264,30,0.17816,0.4859393333333333,0.690182,21.52149,1393.9555300306808
2265,30,0.1822546666666667,0.4972579999999999,0.7026446666666667,21.92545,1368.272943086687
2266,30,0.1766293333333334,0.48347199999999996,0.6864113333333333,21.43131,1399.8211028630542
2267,30,0.17635833333333337,0.483328,0.6864943333333333,21.40759,1401.372130165049
2268,30,0.17591733333333337,0.48221400000000003,0.68606,21.39367,1402.2839466066364
2269,30,0.18264066666666665,0.49383966666666673,0.7004013333333334,21.8354,1373.9157514861188
2270,30,0.176665,0.4834666666666666,0.686276,21.45864,1398.0382726957532
2271,30,0.176053,0.482622,0.6863543333333334,21.42156,1400.458229932834
2272,30,0.17628333333333332,0.48268933333333336,0.6859453333333333,21.39231,1402.3730957526325
2273,30,0.17580833333333334,0.48310433333333336,0.6863276666666667,21.4027,1401.6923098487573
2274,30,0.18300666666666665,0.49617633333333333,0.7026796666666666,21.90728,1369.4077950343446
2275,30,0.17661200000000002,0.484477,0.6889416666666667,21.48568,1396.278823849187
2276,30,0.175791,0.48329066666666665,0.6865886666666667,21.43289,1399.7179101838344
2277,30,0.17620766666666668,0.4841683333333334,0.687868,21.44855,1398.6959491434152
2278,30,0.18264166666666665,0.4975436666666667,0.7036666666666668,21.93632,1367.594929322694
2279,30,0.176703,0.4855763333333334,0.6885130000000002,21.47546,1396.9433017965623
2280,30,0.17659366666666665,0.48365899999999995,0.686557,21.4116,1401.1096788656616
2281,30,0.176528,0.4831456666666666,0.6866003333333334,21.41356,1400.981434194034
2282,30,0.17691,0.4828833333333332,0.686174,21.39552,1402.1626957419123
2283,30,0.184569,0.4986393333333333,0.7045236666666667,21.98189,1364.759809097398
2284,30,0.175416,0.4817136666666667,0.6857113333333333,21.41124,1401.133236561731
2285,30,0.17614733333333335,0.48303733333333326,0.6870296666666668,21.42223,1400.4144293101137
2286,30,0.17587633333333333,0.48226,0.6854276666666668,21.37279,1403.6538982510006
2287,30,0.18522900000000003,0.49812799999999996,0.7033283333333334,21.91851,1368.7061757391357
2288,30,0.1765466666666666,0.48269366666666674,0.685691,21.4142,1400.939563467232
2289,30,0.17545566666666665,0.4817479999999999,0.6862413333333333,21.40125,1401.7872787804451
2290,30,0.17626033333333335,0.4826696666666666,0.6860069999999999,21.39453,1402.227578731573
2291,30,0.17622999999999997,0.482557,0.6857463333333331,21.38397,1402.9200377666075
2292,30,0.18183466666666662,0.4999583333333334,0.7063413333333334,22.01287,1362.8391027612483
2293,30,0.17621433333333333,0.482596,0.6867386666666667,21.45763,1398.1040776637496
2294,30,0.17637500000000006,0.48355933333333334,0.6872229999999998,21.42999,1399.90732613501
2295,30,0.17575366666666667,0.48358333333333337,0.6865159999999998,21.40629,1401.4572352331954
2296,30,0.18138266666666666,0.49532933333333334,0.7007196666666666,21.84236,1373.4779575100858
2297,30,0.17588733333333334,0.48246399999999995,0.6870523333333333,21.43065,1399.8642131713225
2298,30,0.1751906666666667,0.48238600000000004,0.6852129999999998,21.38181,1403.061761375674
2299,30,0.17609066666666667,0.48339166666666666,0.6863116666666665,21.41834,1400.6687726499813
2300,30,0.17577033333333336,0.4824099999999999,0.6853523333333336,21.41019,1401.2019510335967
2301,30,0.18507833333333334,0.49962033333333333,0.7048893333333334,21.97192,1365.3790838488399
2302,30,0.17545333333333335,0.48247233333333334,0.6856639999999999,21.38653,1402.7521061153914
2303,30,0.1753023333333333,0.48302533333333336,0.6865436666666667,21.40571,1401.4952085214645
2304,30,0.1759143333333333,0.482265,0.685613,21.38114,1403.105727758202
2305,30,0.17984233333333335,0.49109933333333333,0.6963503333333332,21.73711,1380.128269121332
2306,30,0.17861166666666664,0.48750933333333335,0.6927873333333334,21.60648,1388.4723471847335
2307,30,0.17556733333333335,0.4832640000000001,0.6860446666666667,21.39351,1402.2944341531613
2308,30,0.17583199999999996,0.48304433333333324,0.686205,21.39929,1401.9156710339455
2309,30,0.176389,0.4828463333333334,0.6861879999999999,21.39805,1401.996910933473
2310,30,0.184931,0.4983229999999999,0.7031496666666668,21.92016,1368.603148882125
2311,30,0.1751603333333333,0.4826283333333333,0.6868006666666667,21.44237,1399.099073469957
2312,30,0.17600200000000002,0.482887,0.6854439999999999,21.37513,1403.5002360219564
2313,30,0.17700666666666665,0.4858833333333333,0.6888383333333332,21.47805,1396.7748468785576
2314,30,0.1776273333333333,0.48579233333333327,0.6897443333333334,21.50886,1394.7740605499314
2315,30,0.18174100000000004,0.49861,0.7040956666666667,21.94628,1366.9742662537797
2316,30,0.1757763333333333,0.48240266666666665,0.6854313333333334,21.39345,1402.2983670235515
2317,30,0.17576133333333332,0.4828713333333334,0.6859879999999999,21.44775,1398.748120432213
2318,30,0.17641066666666663,0.4832206666666667,0.6866513333333333,21.41322,1401.0036790356612
2319,30,0.18198166666666668,0.49559000000000003,0.7017786666666666,21.8945,1370.2071296444312
2320,30,0.17547000000000004,0.48284433333333326,0.6857363333333333,21.40111,1401.7964488757825
2321,30,0.175874,0.4830736666666667,0.6859556666666666,21.40625,1401.4598540145985
2322,30,0.17576566666666663,0.48206466666666675,0.6855606666666667,21.41468,1400.9081620645277
2323,30,0.17600566666666664,0.48308633333333334,0.6861420000000001,21.39479,1402.2105381730785
2324,30,0.183111,0.5019196666666667,0.708772,22.09807,1357.5846216434286
2325,30,0.17501033333333332,0.48228600000000005,0.6857969999999999,21.40494,1401.5456245147147
2326,30,0.1761543333333333,0.4841613333333333,0.6872716666666666,21.43103,1399.839391760452
2327,30,0.1762466666666667,0.48445266666666664,0.6874056666666667,21.43516,1399.5696789760375
2328,30,0.18220100000000003,0.4957533333333334,0.7026853333333333,21.9255,1368.2698228090578
2329,30,0.17604199999999998,0.4828660000000001,0.686152,21.39953,1401.8999482698919
2330,30,0.175932,0.4834636666666667,0.6884199999999999,21.46534,1397.6019014839737
2331,30,0.17617333333333335,0.48327033333333336,0.6860746666666665,21.40914,1401.2706722455923
2332,30,0.17544566666666664,0.48318,0.6863723333333334,21.40509,1401.5358029328538
2333,30,0.18430133333333332,0.49908733333333327,0.7052186666666667,21.98282,1364.7020718906856
2334,30,0.175711,0.483095,0.6859573333333333,21.41863,1400.6498081343204
2335,30,0.1770056666666667,0.4837883333333333,0.6871146666666667,21.42464,1400.2569004660056
2336,30,0.17651766666666666,0.48342,0.6868996666666667,21.4212,1400.4817657274102
2337,30,0.18506766666666666,0.4989456666666666,0.7040993333333334,21.94665,1366.9512203457018
2338,30,0.17588866666666664,0.4828103333333333,0.6862936666666667,21.40767,1401.3668932676933
2339,30,0.17541733333333334,0.48201099999999997,0.6863410000000001,21.42599,1400.1686736528861
2340,30,0.17655533333333337,0.48302766666666663,0.6862073333333334,21.39999,1401.8698139578569
2341,30,0.1757186666666667,0.4820189999999999,0.6860276666666666,21.39092,1402.4642231376677
2342,30,0.18145899999999998,0.49919166666666664,0.7054203333333333,21.98762,1364.4041510631891
2343,30,0.17623733333333333,0.48287766666666665,0.6863726666666666,21.41789,1400.6982013634397
2344,30,0.176367,0.4834356666666667,0.6864203333333332,21.40728,1401.3924235120014
2345,30,0.17624500000000004,0.4837853333333333,0.687012,21.4458,1398.8753042553785
2346,30,0.1813483333333333,0.4952946666666666,0.7007753333333331,21.84322,1373.4238816438235
2347,30,0.1767706666666667,0.4841956666666666,0.6884053333333333,21.47276,1397.1189544334309
2348,30,0.17553200000000002,0.4821516666666667,0.6853593333333332,21.37348,1403.6085840958046
2349,30,0.176551,0.484362,0.6876493333333332,21.44245,1399.093853547519
2350,30,0.17575900000000003,0.4824356666666667,0.6862266666666665,21.3994,1401.90846472331
2351,30,0.18471266666666666,0.49763500000000005,0.703284,21.94128,1367.2857736649821
2352,30,0.17550199999999994,0.4818550000000001,0.6851200000000001,21.39192,1402.3986626726353
2353,30,0.17597333333333334,0.483091,0.6865589999999997,21.40978,1401.2287842285161
2354,30,0.17643233333333333,0.48281399999999997,0.6859073333333334,21.3898,1402.5376581361209
2355,30,0.1801466666666667,0.4919549999999999,0.6970753333333334,21.72857,1380.6707022137214
2356,30,0.17861133333333334,0.487397,0.6913403333333333,21.5854,1389.8283098761199
2357,30,0.17604133333333333,0.48296033333333344,0.6862013333333331,21.40144,1401.7748338429562
2358,30,0.17558900000000002,0.4833610000000001,0.6867793333333334,21.42024,1400.5445317139304
2359,30,0.17593133333333333,0.4822793333333334,0.6852156666666666,21.38071,1403.1339464405064
2360,30,0.18672366666666665,0.4998216666666666,0.7048313333333333,21.96926,1365.5444015865805
2361,30,0.17613633333333328,0.4835953333333333,0.6867093333333335,21.41717,1400.745289877234
2362,30,0.176008,0.48327166666666665,0.6858936666666668,21.41616,1400.8113499338817
2363,30,0.17539633333333332,0.48285766666666674,0.6858106666666667,21.38473,1402.8701788612716
2364,30,0.177142,0.4846196666666666,0.6879629999999999,21.45386,1398.3497608355792
2365,30,0.18222633333333335,0.49477066666666664,0.6999196666666666,21.83743,1373.7880327492749
2366,30,0.17562299999999997,0.48210800000000004,0.6852106666666666,21.37099,1403.7721228637513
2367,30,0.175421,0.48266633333333336,0.685697,21.3971,1402.0591575493877
2368,30,0.17620966666666663,0.48237466666666673,0.6853613333333332,21.40792,1401.3505282157257
2369,30,0.18570533333333333,0.504539,0.7101593333333334,22.14602,1354.6452139029948
2370,30,0.1767866666666667,0.48417833333333343,0.6873503333333333,21.43684,1399.4599950365819
2371,30,0.175783,0.4833466666666666,0.686289,21.39934,1401.912395429018
2372,30,0.17550933333333335,0.48311400000000015,0.6860376666666668,21.39211,1402.3862068772085
2373,30,0.17592099999999997,0.48327266666666663,0.6861576666666664,21.41702,1400.7551003827798
2374,30,0.18240566666666663,0.49525,0.7008563333333332,21.84933,1373.0398140354876
2375,30,0.17654466666666666,0.48344066666666663,0.6875163333333334,21.4396,1399.2798373103976
2376,30,0.1753236666666667,0.48216966666666666,0.6856953333333332,21.38199,1403.0499499812693
2377,30,0.17521866666666672,0.482314,0.6860280000000001,21.39599,1402.1318948083263
2378,30,0.182231,0.49689633333333344,0.7026896666666667,21.90498,1369.551581421211
2379,30,0.176668,0.485602,0.6890493333333334,21.50384,1395.0996659201332
2380,30,0.176147,0.48327100000000006,0.6861793333333333,21.41286,1401.0272331673584
2381,30,0.17601533333333336,0.4832246666666667,0.6863386666666667,21.41357,1400.9807799446799
2382,30,0.17620733333333333,0.483873,0.6871046666666668,21.42723,1400.0876454866075
2383,30,0.182785,0.49433366666666667,0.7006549999999999,21.84511,1373.305055456347
2384,30,0.176094,0.48313833333333334,0.6857636666666667,21.39078,1402.4734020919293
2385,30,0.23084933333333335,0.5842596666666666,0.8537629999999999,26.65805,1125.3636331239532
2386,30,0.21761700000000006,0.5560416666666667,0.78138,24.40102,1229.4568013960072
2387,30,0.2051913333333333,0.5168083333333334,0.7218016666666667,22.49823,1333.4382304741305
2388,30,0.17425566666666667,0.48092433333333334,0.6850173333333334,21.3702,1403.8240166212763
2389,30,0.17544633333333332,0.4831309999999999,0.685977,21.38964,1402.5481494779715
2390,30,0.17676699999999998,0.48424866666666666,0.6870480000000002,21.45275,1398.4221137150248
2391,30,0.2062083333333333,0.516746,0.7216043333333334,22.46957,1335.1390347033787
2392,30,0.17331266666666664,0.48015233333333324,0.6833546666666668,21.3187,1407.2152617185852
2393,30,0.17625733333333335,0.48320366666666664,0.6861653333333334,21.39843,1401.97201383466
2394,30,0.17680499999999996,0.48380000000000006,0.6866446666666668,21.41041,1401.1875531575527
2395,30,0.17611566666666664,0.4831783333333333,0.6866776666666667,21.41034,1401.1921342678352
2396,30,0.205065,0.5149853333333334,0.7211233333333332,22.47991,1334.524915802599
2397,30,0.17588800000000002,0.48215366666666665,0.6852373333333334,21.37301,1403.6394499417722
2398,30,0.17623366666666665,0.48347833333333323,0.6867810000000001,21.41554,1400.851904738335
2399,30,0.17646866666666663,0.4836789999999999,0.6867653333333334,21.41141,1401.1221119954268
2400,30,0.20537533333333335,0.5151896666666667,0.7215916666666667,22.46962,1335.1360637162534
2401,30,0.17409966666666668,0.48204166666666665,0.6847740000000001,21.36144,1404.3997033907826
2402,30,0.17722733333333332,0.4832946666666667,0.6863256666666667,21.44002,1399.2524260704981
2403,30,0.17674,0.4827356666666667,0.6860446666666667,21.38943,1402.5619196023456
2404,30,0.17688833333333331,0.4834033333333334,0.6866183333333333,21.40932,1401.2588909876633
2405,30,0.20410233333333333,0.5148816666666667,0.7199803333333332,22.45608,1335.9410903416804
2406,30,0.17714666666666665,0.4843679999999999,0.6873423333333333,21.47766,1396.8002100787517
2407,30,0.17598633333333333,0.4829356666666667,0.6861846666666668,21.39618,1402.1194437511742
2408,30,0.17633733333333332,0.48329233333333327,0.6862333333333335,21.41547,1400.8564836541061
2409,30,0.17749366666666672,0.485532,0.6895943333333334,21.50526,1395.0075469908293
2410,30,0.18290700000000004,0.4943406666666667,0.7000716666666666,21.82797,1374.383417239441
2411,30,0.175955,0.4837726666666667,0.6871650000000001,21.42911,1399.9648142176693
2412,30,0.17742966666666668,0.4835519999999999,0.686601,21.42621,1400.1542970035298
2413,30,0.17645100000000005,0.4824943333333333,0.6851426666666665,21.39877,1401.949738232618
2414,30,0.18236166666666664,0.4954653333333334,0.7006856666666667,21.85697,1372.559874493125
2415,30,0.176402,0.48314766666666664,0.6859376666666666,21.39316,1402.3173762080962
2416,30,0.176309,0.48462133333333335,0.6872373333333333,21.42927,1399.9543614878155
2417,30,0.17638299999999998,0.48301966666666657,0.6857086666666666,21.38032,1403.1595411107037
2418,30,0.17639999999999997,0.48305566666666666,0.6866209999999999,21.40865,1401.3027444514248
2419,30,0.18678166666666665,0.5024526666666668,0.7089459999999999,22.11857,1356.3263809550074
2420,30,0.176502,0.483243,0.6859793333333335,21.42719,1400.09025915204
2421,30,0.1760523333333333,0.4833293333333332,0.68688,21.42146,1400.464767574199
2422,30,0.17682266666666666,0.48480733333333326,0.6877376666666666,21.4478,1398.744859612641
2423,30,0.18380533333333338,0.49772800000000006,0.7033956666666666,21.9236,1368.3884033644108
2424,30,0.17618966666666666,0.48454033333333324,0.6873486666666667,21.4368,1399.4626063591581
2425,30,0.177041,0.48299099999999995,0.6862333333333334,21.423,1400.3640946646128
2426,30,0.17709433333333335,0.4839996666666667,0.6872083333333332,21.43182,1399.7877921707068
2427,30,0.17600500000000002,0.4827096666666666,0.686012,21.3901,1402.5179872931872
2428,30,0.1810486666666667,0.5014143333333333,0.7085313333333332,22.07971,1358.7134975957565
2429,30,0.1762953333333333,0.48282766666666677,0.68616,21.39814,1401.9910141722598
2430,30,0.17614733333333332,0.484081,0.6876270000000001,21.46341,1397.7275745093627
2431,30,0.17653499999999997,0.4836956666666667,0.6863436666666668,21.4003,1401.8495067826152
2432,30,0.18312166666666668,0.4957683333333334,0.7018913333333333,21.87921,1371.1646809916813
2433,30,0.17611433333333337,0.48380966666666664,0.6868243333333334,21.42089,1400.5020332955353
2434,30,0.176641,0.4845286666666667,0.6874433333333332,21.4379,1399.390798539036
2435,30,0.1762446666666667,0.4835936666666667,0.6865116666666667,21.42136,1400.4713052766024
2436,30,0.177412,0.4837099999999999,0.686888,21.43882,1399.3307467481884
2437,30,0.18321433333333334,0.49759499999999995,0.7032323333333333,21.92041,1368.5875401053172
2438,30,0.1762463333333333,0.483529,0.6865373333333334,21.42701,1400.1020207672466
2439,30,0.17574733333333337,0.482155,0.6855223333333333,21.37607,1403.4385179315
2440,30,0.176464,0.48444133333333345,0.6878816666666666,21.45308,1398.4006026174332
2441,30,0.18550066666666667,0.4986196666666667,0.7039596666666665,21.93981,1367.3773838515465
2442,30,0.17645433333333335,0.48313533333333336,0.6862743333333333,21.4459,1398.8687814454045
2443,30,0.17616233333333334,0.4832653333333334,0.6874409999999999,21.43671,1399.4684818705855
2444,30,0.17647933333333335,0.48357899999999987,0.6869743333333332,21.42126,1400.4778430400452
2445,30,0.17631733333333333,0.48295433333333343,0.6866326666666666,21.41158,1401.1109876057722
2446,30,0.18472100000000005,0.4984950000000001,0.7042699999999998,21.95217,1366.6074925622388
2447,30,0.1760736666666667,0.483843,0.6869359999999999,21.44504,1398.924879599199
2448,30,0.1771146666666667,0.483898,0.6870113333333335,21.43705,1399.4462857529372
2449,30,0.17667266666666667,0.48344966666666667,0.6868406666666668,21.41458,1400.914703907338
2450,30,0.18082966666666664,0.49267133333333335,0.6980513333333332,21.76091,1378.6188169520483
2451,30,0.1782476666666666,0.487376,0.6906406666666667,21.54085,1392.7027020753592
2452,30,0.17622899999999994,0.48249033333333335,0.6862703333333331,21.41852,1400.657001510842
2453,30,0.17632399999999998,0.482893,0.6863583333333333,21.42163,1400.453653620196
2454,30,0.17609266666666662,0.48350333333333334,0.6874230000000001,21.43434,1399.6232214287913
2455,30,0.1827156666666667,0.4952600000000001,0.7005813333333333,21.83786,1373.760982074251
2456,30,0.17703666666666668,0.483851,0.6866376666666667,21.4172,1400.7433277926152
2457,30,0.17701466666666663,0.48321000000000003,0.686692,21.41294,1401.021998847426
2458,30,0.17703900000000003,0.48373466666666676,0.6870439999999999,21.42428,1400.2804294940133
2459,30,0.17899966666666664,0.48936766666666676,0.6938353333333332,21.65178,1385.567375984792
2460,30,0.18046166666666666,0.49189,0.6965296666666666,21.72013,1381.2072027193208
2461,30,0.176035,0.4831393333333334,0.68596,21.39196,1402.3960403815265
2462,30,0.177515,0.485005,0.6879803333333332,21.46577,1397.5739048727346
2463,30,0.17636900000000003,0.48285300000000003,0.6867713333333333,21.4133,1400.9984448917262
2464,30,0.18315333333333336,0.49771966666666667,0.7044339999999998,21.98557,1364.5313721681994
2465,30,0.1764293333333333,0.4835263333333334,0.6861443333333335,21.39832,1401.9792207986422
2466,30,0.17652266666666666,0.48478366666666667,0.687743,21.44292,1399.0631872897907
2467,30,0.176931,0.482983,0.6861523333333335,21.39251,1402.3599848732104
2468,30,0.177181,0.48394133333333333,0.6878723333333333,21.46221,1397.8057245735645
2469,30,0.1823246666666667,0.4977126666666667,0.7041063333333333,21.94676,1366.9443690093663
2470,30,0.176551,0.483883,0.6866509999999999,21.43972,1399.2720054179813
2471,30,0.176107,0.4837976666666667,0.6865149999999999,21.40902,1401.2785265276038
2472,30,0.17672466666666667,0.48379600000000006,0.686456,21.41794,1400.6949314453211
2473,30,0.1908153333333333,0.5035906666666666,0.7091223333333333,22.09926,1357.5115184852343
2474,30,0.1763816666666667,0.4828803333333333,0.6862213333333333,21.40409,1401.601282745494
2475,30,0.17612333333333335,0.48314200000000007,0.6866476666666667,21.41038,1401.1895164868629
2476,30,0.17581866666666668,0.48230799999999996,0.6855126666666667,21.40067,1401.8252699565014
2477,30,0.17637233333333333,0.48301999999999995,0.6862146666666668,21.39829,1401.9811863471334
2478,30,0.184815,0.49826033333333336,0.7045159999999999,21.9613,1366.039351040239
2479,30,0.176121,0.4831383333333333,0.686056,21.39287,1402.336385908015
2480,30,0.1758176666666667,0.48306266666666675,0.6866956666666666,21.41506,1400.883303619042
2481,30,0.1760916666666667,0.48299699999999995,0.6859206666666667,21.41206,1401.0795785179007
2482,30,0.1822176666666667,0.4951603333333334,0.7008993333333334,21.85178,1372.8858701670983
2483,30,0.177035,0.4830783333333333,0.6857130000000001,21.40224,1401.722436530008
2484,30,0.17618499999999998,0.482376,0.6851823333333334,21.38258,1403.0112362493205
2485,30,0.1758323333333333,0.48244533333333334,0.6861423333333333,21.39494,1402.2007072700367
2486,30,0.17651200000000003,0.4836803333333333,0.6872213333333332,21.42862,1399.9968266738597
2487,30,0.181833,0.4992606666666666,0.7054743333333333,22.00845,1363.1128044001282
2488,30,0.17701099999999997,0.48330066666666677,0.6862506666666665,21.41833,1400.669426607957
2489,30,0.17623733333333336,0.48285466666666665,0.6862973333333333,21.42088,1400.5026870978222
2490,30,0.1769566666666667,0.4832373333333333,0.6864826666666667,21.40713,1401.4022430844302
2491,30,0.1821576666666667,0.493747,0.6988943333333334,21.80182,1376.0319092626212
2492,30,0.17607366666666666,0.482901,0.6863763333333334,21.41153,1401.1142594667451
2493,30,0.1757206666666667,0.4825823333333333,0.6857520000000001,21.4121,1401.0769611574765
2494,30,0.17612833333333333,0.4836076666666667,0.6864953333333333,21.40617,1401.4650916067658
2495,30,0.17621766666666666,0.48373000000000005,0.6866046666666665,21.41319,1401.0056418497197
2496,30,0.183892,0.4969093333333333,0.7026083333333335,21.92158,1368.5144957617106
2497,30,0.17659866666666665,0.48384566666666673,0.6868283333333334,21.42165,1400.452346107793
2498,30,0.17616733333333331,0.4840070000000001,0.686928,21.44249,1399.0912436009064
2499,30,0.175701,0.48295066666666675,0.6857143333333332,21.39327,1402.3101657670848
2500,30,0.18140833333333334,0.49661366666666656,0.7017636666666665,21.87331,1371.5345322678643
2501,30,0.17734766666666665,0.484898,0.6894073333333334,21.50336,1395.1308074645078
2502,30,0.17671199999999995,0.48490066666666665,0.6876723333333334,21.44336,1399.0344796710963
2503,30,0.17581800000000003,0.48274566666666663,0.686059,21.39105,1402.4556999305782
2504,30,0.17640333333333333,0.48370833333333335,0.6866876666666666,21.4124,1401.0573312659953
2505,30,0.18335433333333334,0.4963263333333333,0.7012393333333331,21.89337,1370.2778512398959
2506,30,0.17526733333333333,0.483933,0.6868816666666667,21.42333,1400.342523781317
2507,30,0.176267,0.48442033333333334,0.687496,21.43438,1399.620609506783
2508,30,0.17628233333333337,0.48271766666666666,0.6855583333333334,21.39387,1402.2708373940761
2509,30,0.17750433333333326,0.4869493333333333,0.6906859999999999,21.53274,1393.2272437228146
2510,30,0.18235166666666663,0.493252,0.6986769999999998,21.80315,1375.94797082073
2511,30,0.17652,0.48358499999999993,0.6872176666666668,21.43353,1399.6761149470012
2512,30,0.17793399999999998,0.4845863333333334,0.6879230000000001,21.45159,1398.4977337344226
2513,30,0.1755696666666667,0.4814590000000001,0.6847546666666666,21.3536,1404.9153304360857
2514,30,0.18333566666666673,0.49964499999999995,0.7065653333333335,22.04183,1361.0485154817002
2515,30,0.1756433333333333,0.48272766666666667,0.6854266666666667,21.41598,1400.823123667467
2516,30,0.17610299999999998,0.484747,0.6878479999999999,21.44731,1398.7768163000394
2517,30,0.17578033333333334,0.48218666666666665,0.6853533333333333,21.37208,1403.7005289143592
2518,30,0.17593866666666666,0.4832116666666667,0.6904186666666667,21.55523,1391.7735974053628
2519,30,0.18329399999999998,0.4958003333333333,0.7021456666666667,21.88681,1370.6885562583127
2520,30,0.17564899999999997,0.4824116666666667,0.6853626666666666,21.38887,1402.5986412559428
2521,30,0.17601133333333333,0.48195633333333315,0.6851763333333333,21.36837,1403.9442409505264
2522,30,0.1769843333333333,0.48350433333333337,0.6869343333333333,21.441,1399.1884706870014
2523,30,0.18232600000000002,0.495694,0.7020270000000001,21.88156,1371.01742288941
2524,30,0.17708933333333335,0.48372666666666664,0.6869226666666666,21.43875,1399.3353157250306
2525,30,0.17606866666666662,0.482374,0.686373,21.40107,1401.7990689250582
2526,30,0.17707033333333336,0.4830663333333334,0.6865233333333333,21.40671,1401.4297386193396
2527,30,0.176684,0.4828953333333333,0.6859483333333333,21.42547,1400.2026559977448
2528,30,0.18269566666666665,0.5011513333333333,0.708653,22.08116,1358.6242751739492
2529,30,0.1761723333333334,0.4829979999999999,0.6863193333333333,21.40406,1401.6032472344032
2530,30,0.176023,0.4834616666666667,0.6871483333333332,21.42527,1400.2157265696069
2531,30,0.17560433333333333,0.4821533333333334,0.6856466666666667,21.38107,1403.1103214198356
2532,30,0.18198533333333336,0.4980366666666667,0.704957,21.99232,1364.1125629310595
2533,30,0.1767953333333333,0.48439833333333326,0.6875983333333333,21.44215,1399.1134284575007
2534,30,0.17619633333333334,0.48330000000000006,0.6870353333333333,21.43916,1399.3085549993564
2535,30,0.17695,0.48358399999999996,0.6873073333333334,21.42827,1400.0196936103569
2536,30,0.17612633333333336,0.4828736666666666,0.6861193333333333,21.39786,1402.009359814486
2537,30,0.1820913333333333,0.49861800000000006,0.7043753333333332,21.95403,1366.4917101780402
2538,30,0.17651166666666668,0.4830243333333334,0.6866366666666666,21.41145,1401.1194944760864
2539,30,0.175743,0.48309,0.6863739999999999,21.42464,1400.2569004660056
2540,30,0.17622466666666667,0.48394266666666663,0.6868059999999999,21.41798,1400.6923155218185
2541,30,0.18400466666666665,0.4970273333333334,0.7021976666666667,21.88346,1370.8983862698128
2542,30,0.17581366666666665,0.48380333333333336,0.6871113333333334,21.43062,1399.8661727938809
2543,30,0.17588900000000002,0.48303233333333334,0.6862983333333332,21.42194,1400.4333874523036
2544,30,0.17678966666666665,0.48396800000000006,0.6873493333333334,21.46528,1397.6058080770435
2545,30,0.17604099999999998,0.4828366666666667,0.686404,21.40365,1401.6300958014172
2546,30,0.18540166666666666,0.49885399999999996,0.7041160000000001,21.94595,1366.9948213679518
2547,30,0.175064,0.4817983333333332,0.6859813333333334,21.39401,1402.2616610911184
2548,30,0.17553433333333335,0.48262266666666664,0.6858026666666667,21.38534,1402.8301630930348
2549,30,0.176891,0.482868,0.6858123333333334,21.43758,1399.4116873266478
2550,30,0.180348,0.49297,0.6983706666666667,21.77103,1377.977982667793
2551,30,0.17738799999999996,0.4854783333333333,0.689065,21.50677,1394.909602883185
2552,30,0.17613600000000004,0.48332566666666676,0.6865936666666668,21.40808,1401.3400547830538
2553,30,0.17579999999999998,0.4823333333333332,0.6852060000000001,21.38354,1402.9482489802904
2554,30,0.17706600000000003,0.4846396666666667,0.6882640000000001,21.4603,1397.9301314520299
2555,30,0.1850106666666666,0.5002376666666666,0.7049316666666667,21.96772,1365.6401301546086
2556,30,0.175369,0.4826586666666667,0.6867246666666669,21.43882,1399.3307467481884
2557,30,0.17587300000000003,0.4815296666666667,0.684365,21.37407,1403.5698395298602
2558,30,0.176424,0.48469933333333337,0.6877426666666667,21.44346,1399.0279553766043
2559,30,0.17986833333333338,0.490149,0.6942586666666667,21.65857,1385.1329981619285
2560,30,0.181024,0.4922396666666667,0.6967059999999999,21.73275,1380.4051489112055
2561,30,0.177267,0.4834216666666667,0.6864649999999999,21.44464,1398.9509732968238
2562,30,0.17605633333333334,0.4839469999999999,0.6875706666666669,21.43652,1399.4808858900606
2563,30,0.17597000000000002,0.482554,0.686017,21.39179,1402.4071851864664
2564,30,0.18317866666666666,0.4945373333333333,0.6998913333333334,21.83089,1374.1995859994715
2565,30,0.175384,0.4814616666666666,0.6848413333333334,21.35999,1404.495039557603
2566,30,0.17815533333333333,0.48617933333333335,0.6892876666666667,21.49383,1395.7493848234587
2567,30,0.175533,0.4830153333333333,0.685997,21.41536,1400.8636791536542
2568,30,0.17688133333333333,0.4837063333333334,0.6867233333333336,21.41404,1400.9500309142975
2569,30,0.1827966666666667,0.49673833333333334,0.7022063333333332,21.88546,1370.7731068938008
2570,30,0.17548800000000003,0.4834836666666666,0.6862726666666664,21.3966,1402.0919211463502
2571,30,0.176141,0.48346433333333333,0.6863453333333336,21.39807,1401.9956005378053
2572,30,0.17644533333333332,0.4832309999999999,0.6868203333333334,21.4125,1401.0507880910682
2573,30,0.1825393333333333,0.4946723333333333,0.7001333333333334,21.84001,1373.6257446768568
2574,30,0.17658800000000005,0.48314633333333323,0.6862286666666666,21.40069,1401.8239598816674
2575,30,0.17587966666666668,0.48205266666666663,0.6849770000000002,21.35894,1404.5640841727165
2576,30,0.17643133333333333,0.48269133333333336,0.686063,21.40697,1401.4127174467008
2577,30,0.17544733333333332,0.48223666666666676,0.6856173333333334,21.37633,1403.4214479286202
2578,30,0.18232666666666664,0.49601599999999996,0.7016456666666666,21.90021,1369.8498781518533
2579,30,0.17580133333333334,0.4822369999999999,0.6857213333333334,21.38433,1402.8964199486259
2580,30,0.17675433333333332,0.482525,0.6858773333333333,21.40261,1401.6982040975377
2581,30,0.17725,0.48309033333333334,0.686176,21.39741,1402.0388448882366
2582,30,0.185495,0.49751033333333333,0.7031613333333333,21.91763,1368.7611297389362
2583,30,0.17665766666666666,0.4832919999999999,0.6862526666666665,21.41345,1400.9886309772596
2584,30,0.17591566666666666,0.48261033333333336,0.686851,21.44235,1399.1003784566524
2585,30,0.17633799999999997,0.48253533333333326,0.6857156666666666,21.38394,1402.922005954001
2586,30,0.17587166666666665,0.4860546666666667,0.6900436666666667,21.51219,1394.5581551669077
2587,30,0.1853736666666667,0.4996873333333334,0.704959,21.96807,1365.618372483336
2588,30,0.1758,0.48397500000000004,0.687312,21.43359,1399.6721967715162
2589,30,0.17627699999999996,0.48282366666666665,0.6857476666666666,21.37958,1403.208107923542
2590,30,0.17598100000000005,0.4829626666666667,0.6861790000000002,21.41259,1401.0448992858876
2591,30,0.18095999999999995,0.49279700000000004,0.6988503333333332,21.78323,1377.2062269920484
2592,30,0.1755723333333333,0.4830426666666667,0.6870523333333333,21.42592,1400.1732481032318
2593,30,0.17596599999999998,0.48248699999999994,0.6858020000000001,21.38489,1402.859682701197
2594,30,0.17665400000000003,0.483246,0.6866116666666667,21.40868,1401.300780804795
2595,30,0.17624666666666663,0.4825376666666667,0.685855,21.40638,1401.451343010822
2596,30,0.18301000000000003,0.4943386666666667,0.7009489999999999,21.85133,1372.9141429835165
2597,30,0.17602266666666663,0.48233533333333334,0.6852913333333333,21.38831,1402.6353648324716
2598,30,0.17622333333333334,0.4833403333333333,0.6864963333333332,21.40719,1401.3983152389455
2599,30,0.17695166666666665,0.48403933333333327,0.6868996666666668,21.41599,1400.8224695659646
2600,30,0.18026200000000003,0.49142033333333324,0.6962003333333333,21.70263,1382.320944512255
2601,30,0.178527,0.48829399999999995,0.6964290000000001,21.7377,1380.0908099752965
2602,30,0.17602366666666663,0.483307,0.686108,21.39382,1402.2741146742376
2603,30,0.17536266666666667,0.482702,0.686881,21.41721,1400.7426737656306
2604,30,0.17604000000000003,0.48220500000000005,0.685416,21.37379,1403.588226514811
2605,30,0.184833,0.4984663333333333,0.7042486666666666,21.95045,1366.7145776054706
2606,30,0.17672000000000002,0.48477166666666666,0.688511,21.47211,1397.1612477767671
2607,30,0.17553633333333332,0.4824623333333333,0.6860886666666667,21.40844,1401.3164901319292
2608,30,0.17603033333333334,0.483188,0.6869373333333334,21.41598,1400.823123667467
2609,30,0.177575,0.485043,0.6885583333333333,21.48356,1396.4166087929561
2610,30,0.18236433333333338,0.4931993333333333,0.6991490000000001,21.79857,1376.2370650918845
2611,30,0.1758023333333333,0.482278,0.6859376666666667,21.39483,1402.2079165854555
2612,30,0.17697,0.48303166666666664,0.6857859999999999,21.42356,1400.3274899223097
2613,30,0.17572166666666666,0.482234,0.6850470000000001,21.37764,1403.3354476920745
2614,30,0.18519633333333335,0.5021116666666666,0.7076416666666667,22.05305,1360.3560505236237
2615,30,0.17638766666666666,0.4830056666666666,0.6858653333333333,21.40819,1401.3328543889045
2616,30,0.17670533333333335,0.4832276666666667,0.6867186666666668,21.4146,1400.9133955338882
2617,30,0.17639899999999997,0.4825723333333333,0.6855603333333333,21.39517,1402.1856334864362
2618,30,0.17601233333333333,0.4825996666666666,0.687465,21.46075,1397.9008189368965
2619,30,0.18464866666666663,0.5022646666666667,0.707486,22.04683,1360.7398433244146
2620,30,0.1770173333333334,0.4842686666666666,0.6878713333333334,21.44912,1398.6587794744028
2621,30,0.17620566666666668,0.48305633333333337,0.6865643333333332,21.40559,1401.5030653207878
2622,30,0.17613066666666674,0.48280333333333336,0.6867803333333333,21.41579,1400.8355517120779
2623,30,0.18268766666666666,0.499817,0.7049766666666668,21.96798,1365.6239672468746
2624,30,0.17644033333333334,0.4844003333333333,0.6872063333333333,21.48176,1396.533617357237
2625,30,0.17645400000000003,0.483104,0.6864843333333333,21.4206,1400.520993809697
2626,30,0.1763533333333333,0.48400266666666675,0.6875320000000003,21.44064,1399.2119638219754
2627,30,0.17654833333333336,0.48395300000000013,0.6869273333333332,21.41686,1400.7655650734982
2628,30,0.18324766666666664,0.49552366666666664,0.7013079999999998,21.86328,1372.163737554475
2629,30,0.17662366666666668,0.4825026666666667,0.6867669999999999,21.45406,1398.3367250767453
2630,30,0.17600666666666667,0.48315366666666665,0.6865683333333334,21.4093,1401.2602000065392
2631,30,0.17605800000000002,0.48254299999999994,0.6857219999999999,21.37964,1403.2041699486053
2632,30,0.18144966666666668,0.49689099999999997,0.7031876666666667,21.918,1368.738023542294
2633,30,0.17636733333333332,0.4838453333333333,0.6873403333333334,21.43419,1399.6330162231463
2634,30,0.17588866666666667,0.4841853333333333,0.6873913333333335,21.43414,1399.6362811850627
2635,30,0.17600799999999997,0.4837306666666667,0.6867376666666668,21.43939,1399.2935433330892
2636,30,0.17579566666666668,0.4834163333333334,0.6861813333333333,21.39442,1402.2347883233103
2637,30,0.18258033333333337,0.4971573333333333,0.70327,21.91956,1368.6406113991338
2638,30,0.17603933333333333,0.4832406666666666,0.686011,21.42271,1400.3830514440049
2639,30,0.17610166666666666,0.48326333333333327,0.686117,21.39121,1402.4452099717594
2640,30,0.17632133333333336,0.4838236666666667,0.6868353333333334,21.42874,1399.988986753304
2641,30,0.18291600000000005,0.4951423333333333,0.7004769999999998,21.85088,1372.9424169644426
2642,30,0.17669033333333334,0.48466700000000007,0.687496,21.44318,1399.0462235545288
2643,30,0.17564366666666664,0.4827986666666666,0.6862563333333332,21.396,1402.1312394840159
2644,30,0.17662866666666666,0.48364,0.6866203333333333,21.40809,1401.3394001987099
2645,30,0.17628099999999994,0.4833516666666667,0.686205,21.39567,1402.1528655097036
2646,30,0.18182466666666666,0.5006646666666666,0.7068973333333334,22.05506,1360.2320737282057
2647,30,0.17628966666666662,0.483314,0.6863386666666668,21.40375,1401.6235472755943
2648,30,0.17545200000000005,0.4832469999999999,0.6860456666666666,21.39216,1402.382929073081
2649,30,0.1762413333333334,0.4824340000000001,0.685575,21.37945,1403.216640278398
2650,30,0.18030500000000002,0.4892520000000001,0.694384,21.64983,1385.6921740263087
2651,30,0.17950066666666667,0.4895046666666667,0.6935733333333333,21.64058,1386.2844711186115
2652,30,0.176124,0.4830399999999999,0.6863949999999999,21.43225,1399.7597079168077
2653,30,0.17626766666666668,0.4827136666666666,0.6859313333333333,21.3904,1402.4983170020196
2654,30,0.17577533333333334,0.48184666666666676,0.685304,21.38363,1402.9423442137747
2655,30,0.18163600000000002,0.49463700000000005,0.7021956666666666,21.88333,1370.906530221863
2656,30,0.17681766666666668,0.48388866666666674,0.6866553333333335,21.42627,1400.1503761503984
2657,30,0.17566066666666666,0.482869,0.6862620000000003,21.3968,1402.0788155238165
2658,30,0.176777,0.48254100000000005,0.6856559999999997,21.39328,1402.309510276124
2659,30,0.17630866666666664,0.4827016666666666,0.6865593333333335,21.40817,1401.3341635459733
2660,30,0.18291933333333335,0.4949833333333334,0.7006423333333331,21.84279,1373.4509190446825
2661,30,0.17631033333333332,0.4829946666666667,0.6859740000000001,21.39049,1402.4924160222602
2662,30,0.17527433333333334,0.4827946666666667,0.6855486666666668,21.3777,1403.3315090023716
2663,30,0.17577633333333337,0.4826466666666667,0.6855306666666667,21.37625,1403.426700192971
2664,30,0.18219533333333335,0.49665599999999993,0.7024503333333333,21.92094,1368.554450675929
2665,30,0.1755996666666667,0.482487,0.6855399999999998,21.37915,1403.2363307240935
2666,30,0.17540866666666668,0.48179166666666656,0.6845666666666665,21.3593,1404.5404109685242
2667,30,0.17611799999999994,0.483929,0.6863943333333332,21.39766,1402.0224641386021
2668,30,0.1760846666666667,0.48219533333333325,0.6849763333333333,21.35969,1404.5147658978196
2669,30,0.18211000000000002,0.49638933333333335,0.7020873333333333,21.91187,1369.1209376470379
2670,30,0.175784,0.4829403333333333,0.6862663333333334,21.40237,1401.7139223366385
2671,30,0.17509800000000003,0.48183099999999995,0.685297,21.36601,1404.099314752731
2672,30,0.17611066666666667,0.48247399999999996,0.6856466666666668,21.37946,1403.2159839397254
2673,30,0.18185266666666672,0.4940036666666666,0.6991106666666667,21.80692,1375.7100956943943
2674,30,0.17524166666666663,0.482573,0.6852536666666665,21.40745,1401.3812948296036
2675,30,0.17604633333333333,0.48181966666666665,0.6847183333333333,21.38508,1402.8472187151042
2676,30,0.175689,0.4821203333333334,0.6854890000000001,21.37324,1403.6243452092428
2677,30,0.17666733333333332,0.4828473333333333,0.6859196666666666,21.39105,1402.4556999305782
2678,30,0.1822986666666667,0.4953103333333333,0.7005440000000002,21.8628,1372.1938635490421
2679,30,0.17561366666666667,0.4829259999999999,0.686183,21.39997,1401.8711241183983
2680,30,0.175896,0.48264866666666667,0.6853413333333334,21.39736,1402.0421210840964
2681,30,0.17635966666666664,0.4833443333333333,0.6860653333333334,21.40853,1401.3105990929785
2682,30,0.18226333333333333,0.49894866666666665,0.7042546666666667,21.94722,1366.9157187106157
2683,30,0.1761863333333333,0.483806,0.6865829999999999,21.41203,1401.0815415446364
2684,30,0.17546399999999995,0.48165699999999995,0.6854226666666668,21.37159,1403.7327124467577
2685,30,0.17614666666666665,0.4826559999999999,0.6853056666666667,21.38533,1402.8308190708303
2686,30,0.1765083333333333,0.4824953333333334,0.6850450000000002,21.40432,1401.5862218468046
2687,30,0.1835016666666667,0.5005329999999998,0.7068916666666666,22.02742,1361.9388925257701
2688,30,0.17587433333333333,0.4837926666666667,0.6866520000000003,21.42968,1399.9275770800125
2689,30,0.17626566666666668,0.4839616666666667,0.6874966666666665,21.44009,1399.247857634926
2690,30,0.17578866666666665,0.483816,0.6872139999999999,21.42667,1400.1242376906912
2691,30,0.1841336666666667,0.4953010000000001,0.7002563333333334,21.82391,1374.6390999596315
2692,30,0.17710033333333333,0.48498033333333324,0.6885003333333333,21.48813,1396.1196251139581
2693,30,0.1762453333333333,0.48366333333333333,0.6876636666666667,21.46225,1397.8031194306284
2694,30,0.1748473333333333,0.48153999999999997,0.6844076666666666,21.35701,1404.6910124591411
2695,30,0.17636899999999997,0.48495866666666665,0.688816,21.47542,1396.9459037355266
2696,30,0.18577000000000002,0.5003146666666667,0.7051840000000001,21.98003,1364.8752981683829
2697,30,0.17647933333333332,0.4840073333333334,0.6869193333333334,21.42089,1400.5020332955353
2698,30,0.17626099999999997,0.4832353333333333,0.6863406666666666,21.44022,1399.239373476578
2699,30,0.177271,0.48416200000000004,0.6874879999999999,21.43226,1399.7590548080323
2700,30,0.17743300000000004,0.4863806666666666,0.6907103333333333,21.5345,1393.1133762102672
2701,30,0.1811003333333333,0.49285366666666663,0.6975063333333333,21.74534,1379.605929362337
2702,30,0.1766073333333333,0.48286899999999994,0.6861883333333333,21.39826,1401.983151901136
2703,30,0.17683699999999997,0.4831123333333334,0.6861089999999999,21.44929,1398.6476941661006
2704,30,0.17603133333333332,0.4824313333333333,0.6861569999999999,21.39448,1402.2308558095358
2705,30,0.18140366666666666,0.49346199999999996,0.6992250000000001,21.79857,1376.2370650918845
2706,30,0.1763033333333333,0.48292133333333337,0.6865273333333334,21.41195,1401.0867763094907
2707,30,0.17646766666666663,0.48324500000000004,0.686398,21.40189,1401.7453598724226
2708,30,0.1765863333333333,0.4825933333333333,0.6853233333333333,21.38466,1402.8747709806937
2709,30,0.17576766666666668,0.4831323333333332,0.6872683333333334,21.45572,1398.228537658023
2710,30,0.18443233333333334,0.4964783333333333,0.7027033333333333,21.90751,1369.3934180561826
2711,30,0.17581766666666665,0.48210900000000007,0.6859366666666666,21.39132,1402.437998216099
2712,30,0.1759713333333333,0.4816646666666667,0.6845519999999999,21.35914,1404.5509322940907
2713,30,0.17688366666666663,0.48308133333333336,0.6863356666666666,21.39923,1401.9196017800639
2714,30,0.183417,0.500772,0.7065460000000001,22.01818,1362.510434559078
2715,30,0.17658866666666667,0.483563,0.686521,21.43536,1399.5566204626375
2716,30,0.17614133333333334,0.48286433333333334,0.6854556666666667,21.38874,1402.6071662005336
2717,30,0.1757123333333333,0.48346999999999996,0.6866923333333332,21.41009,1401.2084956205229
2718,30,0.17597766666666664,0.4830400000000001,0.6858790000000001,21.38699,1402.7219351577758
2719,30,0.18380500000000002,0.49663633333333335,0.7020630000000001,21.88322,1370.9134213337893
2720,30,0.1753873333333333,0.48283000000000004,0.6858963333333336,21.40322,1401.6582551597376
2721,30,0.175997,0.48235333333333336,0.6855289999999999,21.37701,1403.376805268838
2722,30,0.1768323333333333,0.482872,0.6865136666666667,21.40796,1401.3479098428809
2723,30,0.1870276666666667,0.5037696666666667,0.7090123333333334,22.09304,1357.893707701611
2724,30,0.1769946666666667,0.483742,0.6867926666666665,21.41864,1400.649154194664
2725,30,0.17581566666666668,0.48247699999999993,0.6862630000000001,21.39992,1401.8743995304656
2726,30,0.17542766666666668,0.4834913333333332,0.6867530000000001,21.4286,1399.9981333358223
2727,30,0.17623366666666665,0.48387833333333335,0.6865823333333334,21.40643,1401.4480695753566
2728,30,0.1828216666666667,0.49701666666666683,0.7024399999999998,21.89723,1370.0363013951992
2729,30,0.17675233333333337,0.48300699999999996,0.6869723333333333,21.42422,1400.2843510755583
2730,30,0.1758873333333333,0.4823693333333333,0.6856186666666666,21.38307,1402.979085790768
2731,30,0.17565433333333338,0.483541,0.6872656666666668,21.43,1399.906672888474
2732,30,0.18192066666666665,0.4935626666666666,0.6991596666666666,21.81384,1375.2736794622128
2733,30,0.17657433333333336,0.4838656666666666,0.6876496666666666,21.44676,1398.8126877906034
2734,30,0.17650733333333335,0.4833203333333333,0.6859796666666667,21.40602,1401.4749121975967
2735,30,0.17645999999999998,0.4837430000000001,0.6864706666666667,21.4044,1401.5809833492178
2736,30,0.1759393333333333,0.48302000000000006,0.6863260000000001,21.40415,1401.597353784196
2737,30,0.18428366666666665,0.5019086666666667,0.7080046666666665,22.08514,1358.3794352220543
2738,30,0.17717800000000003,0.4835063333333333,0.6874063333333333,21.45323,1398.3908250645707
2739,30,0.175797,0.48284366666666667,0.686327,21.41754,1400.721091217759
2740,30,0.1759073333333333,0.48216133333333333,0.6855570000000001,21.37818,1403.30000028066
2741,30,0.180062,0.4931343333333333,0.6990276666666667,21.79141,1376.689255078033
2742,30,0.179772,0.4907153333333333,0.6944160000000001,21.65134,1385.595533578984
2743,30,0.1771736666666667,0.484958,0.689243,21.50198,1395.2203471494254
2744,30,0.17675566666666667,0.48362200000000005,0.6865656666666666,21.41128,1401.1306190008256
2745,30,0.17669300000000002,0.48347699999999993,0.6867966666666666,21.41624,1400.806117226927
2746,30,0.182492,0.4950893333333333,0.7021533333333334,21.8871,1370.6703948901409
2747,30,0.1767966666666667,0.484057,0.687713,21.44564,1398.8857408778663
2748,30,0.17672233333333326,0.48304233333333335,0.685804,21.40282,1401.6844509274947
2749,30,0.17621833333333334,0.48322966666666667,0.6865333333333333,21.44511,1398.9203133021933
2750,30,0.17796366666666666,0.4858606666666667,0.6901933333333333,21.51909,1394.1109963293056
2751,30,0.18147666666666665,0.4928476666666667,0.6982446666666665,21.76837,1378.146365575374
2752,30,0.17653400000000002,0.48494666666666664,0.6881346666666668,21.45809,1398.0741063160795
2753,30,0.17619400000000005,0.4833193333333334,0.6869936666666666,21.42329,1400.3451383984439
2754,30,0.17611866666666667,0.4832086666666667,0.6861240000000001,21.41511,1400.8800328366278
2755,30,0.18191933333333335,0.49549666666666664,0.7018183333333334,21.87657,1371.330149104727
2756,30,0.17638300000000004,0.4830166666666667,0.6866850000000001,21.4196,1400.5863788306037
2757,30,0.17579066666666668,0.4828180000000001,0.6863720000000001,21.40401,1401.6065213948227
2758,30,0.17569533333333337,0.48216,0.6857386666666666,21.3826,1403.009923956862
2759,30,0.17659899999999995,0.48328466666666664,0.6864903333333332,21.4045,1401.5744352823006
2760,30,0.18213866666666664,0.4940840000000001,0.7003383333333332,21.83734,1373.7936946532866
2761,30,0.17617633333333332,0.4834673333333334,0.6870736666666666,21.46547,1397.59343727391
2762,30,0.1762356666666667,0.48209799999999997,0.6857966666666666,21.39729,1402.046707784023
2763,30,0.17619966666666667,0.48325133333333337,0.6863366666666668,21.40147,1401.772868873026
2764,30,0.18155666666666667,0.4980663333333333,0.7043406666666666,21.96834,1365.6015884677677
2765,30,0.17648566666666665,0.4829996666666666,0.6872620000000002,21.43719,1399.437146379726
2766,30,0.17494800000000002,0.4814813333333333,0.6848373333333335,21.38268,1403.0046748115765
2767,30,0.17619866666666664,0.4825383333333333,0.6862603333333333,21.39855,1401.9641517766393
2768,30,0.175806,0.4824710000000001,0.686014,21.39503,1402.194808794379
2769,30,0.18212800000000004,0.49494333333333335,0.7015576666666665,21.87151,1371.6474079750324
2770,30,0.17693799999999998,0.4833203333333333,0.6870126666666666,21.42625,1400.1516830990024
2771,30,0.17605766666666664,0.483977,0.6876369999999998,21.46884,1397.374054676452
2772,30,0.17639666666666665,0.483106,0.6869229999999998,21.42286,1400.373246149207
2773,30,0.18249300000000002,0.49442600000000003,0.7008173333333333,21.84675,1373.201963678808
2774,30,0.176485,0.4840773333333333,0.6871786666666666,21.4732,1397.0903265465788
2775,30,0.17649866666666666,0.48337899999999995,0.6875443333333333,21.43792,1399.389493010516
2776,30,0.17646666666666674,0.4834866666666667,0.6866653333333333,21.41092,1401.1541774010645
2777,30,0.17641099999999998,0.482991,0.686291333333333,21.39994,1401.873089363802
2778,30,0.18349633333333332,0.49506866666666666,0.7013149999999999,21.88492,1370.8069300687414
2779,30,0.17736300000000002,0.4850593333333334,0.6884146666666667,21.4682,1397.4157125422719
2780,30,0.17671833333333337,0.483227,0.6861136666666668,21.41524,1400.8715288738301
2781,30,0.17731566666666668,0.483732,0.6867146666666667,21.42779,1400.0510551951463
2782,30,0.18103999999999995,0.493714,0.6993616666666667,21.80686,1375.7138808613436
2783,30,0.178811,0.48606499999999997,0.6944043333333333,21.69414,1382.861915706269
2784,30,0.17632799999999998,0.4836673333333333,0.6866800000000001,21.41372,1400.9709662776947
2785,30,0.17593266666666665,0.48319733333333326,0.6867003333333332,21.41412,1400.9447971712125
2786,30,0.17627199999999998,0.48258899999999993,0.6858843333333333,21.38839,1402.630118489517
2787,30,0.18387600000000007,0.4968213333333332,0.7025056666666669,21.89993,1369.8673922702035
2788,30,0.17557466666666663,0.4822883333333333,0.685795,21.41391,1400.958535830215
2789,30,0.1757526666666667,0.4838713333333333,0.6871249999999999,21.42717,1400.0915659884158
2790,30,0.1761,0.48362933333333324,0.6869440000000001,21.41866,1400.6478463171834
2791,30,0.18197133333333332,0.49399,0.6986136666666667,21.77341,1377.82735915045
2792,30,0.17877733333333332,0.48844066666666663,0.6932873333333334,21.61942,1387.6412965750237
2793,30,0.17595900000000003,0.483823,0.6866960000000001,21.41215,1401.0736894706977
2794,30,0.17552633333333334,0.48241166666666674,0.6858720000000001,21.39086,1402.4681569604961
2795,30,0.17757633333333328,0.4844396666666667,0.6871866666666665,21.45585,1398.220065856165
2796,30,0.18202633333333337,0.49485066666666666,0.6998130000000001,21.81536,1375.1778563360863
2797,30,0.17642300000000002,0.48377433333333325,0.6872186666666666,21.43106,1399.8374322128725
2798,30,0.17612499999999998,0.48273133333333335,0.6862886666666665,21.39741,1402.0388448882366
2799,30,0.17646766666666666,0.48321633333333325,0.6872883333333332,21.43086,1399.8504959670308
2800,30,0.17802333333333334,0.4859076666666667,0.6900963333333333,21.54276,1392.5792238320437
2801,30,0.18267666666666663,0.49742533333333333,0.7023516666666666,21.90523,1369.5359510034818
2802,30,0.17562866666666668,0.4828470000000001,0.6863460000000001,21.40499,1401.5423506387997
2803,30,0.1762246666666667,0.48310866666666663,0.6867533333333334,21.41154,1401.1136050933283
2804,30,0.17618633333333333,0.4832296666666666,0.6869853333333336,21.42121,1400.4811119446567
2805,30,0.18125299999999997,0.499635,0.7062176666666666,22.02865,1361.8628467926994
2806,30,0.17616166666666666,0.4834393333333333,0.686349,21.40641,1401.4493789477076
2807,30,0.17578,0.48246833333333333,0.6862676666666666,21.39941,1401.907809607835
2808,30,0.176734,0.4831620000000001,0.6864586666666668,21.40847,1401.3145264467755
2809,30,0.17650166666666667,0.4830756666666666,0.6865533333333335,21.41096,1401.1515597619164
2810,30,0.18198233333333333,0.4941373333333333,0.6998093333333333,21.82579,1374.520693179949
2811,30,0.17536733333333335,0.483311,0.6863433333333333,21.40405,1401.6039020652634
2812,30,0.17617866666666665,0.4832606666666666,0.686444,21.43021,1399.8929548520523
2813,30,0.17681399999999994,0.48346833333333333,0.6865253333333335,21.4073,1401.391114246075
2814,30,0.18375366666666665,0.4954893333333333,0.7009356666666666,21.85101,1372.9342488058903
2815,30,0.176278,0.4828556666666667,0.6863866666666667,21.40923,1401.2647815918647
2816,30,0.17579666666666668,0.48427533333333334,0.6873646666666668,21.45018,1398.589662184653
2817,30,0.176842,0.4838393333333333,0.6868523333333333,21.43586,1399.5239752452198
2818,30,0.17655000000000004,0.4836253333333333,0.6868966666666666,21.42051,1400.5268782115832
2819,30,0.18218999999999996,0.49868500000000004,0.7042016666666665,21.94737,1366.9063764815555
2820,30,0.17622833333333338,0.48247333333333325,0.6853476666666667,21.38678,1402.7357086948105
2821,30,0.17615533333333333,0.4829796666666667,0.6864723333333334,21.40325,1401.6562905166272
2822,30,0.17677333333333334,0.48296366666666674,0.6857233333333334,21.38588,1402.7947412030742
2823,30,0.182141,0.4940016666666667,0.700573,21.86235,1372.22210787038
2824,30,0.17581733333333335,0.48231533333333326,0.686135,21.40107,1401.7990689250582
2825,30,0.17587433333333333,0.482737,0.6863596666666667,21.40132,1401.7826937777668
2826,30,0.17568766666666663,0.482261,0.6862416666666665,21.40248,1401.7067180999584
2827,30,0.17640466666666665,0.4838133333333333,0.6872126666666668,21.42531,1400.2131124357127
2828,30,0.1837403333333333,0.5018589999999999,0.7068139999999999,22.02758,1361.9289999173761
2829,30,0.1762343333333333,0.48306133333333345,0.686657333333333,21.44153,1399.1538850072732
2830,30,0.17586600000000002,0.48283033333333325,0.686225,21.42716,1400.0922194075183
2831,30,0.17634333333333332,0.48320233333333323,0.6865023333333334,21.40459,1401.5685420743869
2832,30,0.18125299999999994,0.4948086666666666,0.7014043333333334,21.86292,1372.1863319263848
2833,30,0.17933333333333332,0.48627133333333333,0.6898783333333333,21.5154,1394.3500934214562
2834,30,0.17571699999999998,0.4825216666666667,0.6859010000000001,21.41348,1400.9866682108654
2835,30,0.176395,0.48332733333333333,0.6867363333333334,21.41246,1401.053405353705
2836,30,0.17628100000000002,0.4832336666666667,0.6860983333333334,21.395,1402.1967749474177
2837,30,0.181489,0.4953376666666667,0.7022513333333332,21.89241,1370.3379390391465
2838,30,0.17619999999999997,0.482874,0.686539,21.41049,1401.1823176396242
2839,30,0.17597966666666665,0.48261800000000005,0.6866653333333333,21.41065,1401.171846721141
2840,30,0.17584100000000005,0.48317633333333343,0.6865716666666668,21.43205,1399.7727702203008
2841,30,0.179373,0.488867,0.69443,21.65132,1385.5968134968214
2842,30,0.17984333333333333,0.49118833333333345,0.696319,21.71439,1381.572312185606
2843,30,0.177232,0.4841446666666667,0.6875959999999999,21.45541,1398.2487400613645
2844,30,0.1758293333333333,0.482566,0.6863313333333332,21.40411,1401.5999730892804
2845,30,0.176447,0.48369033333333333,0.6879663333333335,21.44797,1398.7337729398166
2846,30,0.182687,0.49948933333333334,0.7064533333333334,22.03839,1361.2609632554827
2847,30,0.17677400000000004,0.4851573333333333,0.6882176666666666,21.46064,1397.9079841048542
2848,30,0.17560999999999996,0.4832696666666667,0.686303,21.40293,1401.6772469937528
2849,30,0.17606133333333332,0.4837923333333333,0.6867496666666667,21.41672,1400.7747218061402
2850,30,0.179148,0.48647066666666655,0.6903033333333334,21.52088,1393.9950410949739
2851,30,0.18097133333333337,0.491995,0.697458,21.77019,1378.031151772217
2852,30,0.17610733333333334,0.4832509999999999,0.6863703333333333,21.40299,1401.6733176065586
2853,30,0.17635699999999999,0.48335166666666673,0.6864253333333333,21.40375,1401.6235472755943
2854,30,0.17636,0.4829573333333333,0.686517,21.40543,1401.5135411902495
2855,30,0.18314599999999995,0.49506033333333327,0.7006993333333331,21.85694,1372.5617584163201
2856,30,0.17589833333333335,0.48307500000000003,0.6867933333333335,21.42272,1400.3823977534132
2857,30,0.17493533333333333,0.48203833333333335,0.6854353333333332,21.40155,1401.767628980144
2858,30,0.17582233333333333,0.482926,0.6858299999999999,21.38649,1402.75472973826
2859,30,0.17607166666666665,0.48323099999999997,0.6871989999999999,21.42883,1399.9831068705105
2860,30,0.18141799999999997,0.49538633333333326,0.7027973333333333,21.91422,1368.9741181753216
2861,30,0.1739133333333333,0.4806503333333333,0.6840893333333332,21.34034,1405.7882864096823
2862,30,0.1758886666666667,0.4823656666666666,0.6857073333333333,21.38297,1402.9856469891693
2863,30,0.17571833333333337,0.48218366666666673,0.6858776666666666,21.40913,1401.2713267657305
2864,30,0.18312066666666663,0.4997643333333333,0.7055926666666664,21.99183,1364.142956725293
2865,30,0.17713033333333336,0.483708,0.6868040000000001,21.43531,1399.5598850681422
2866,30,0.17683400000000005,0.4837206666666667,0.6874166666666665,21.43583,1399.5259339153185
2867,30,0.17604466666666668,0.48193100000000005,0.6856196666666668,21.39504,1402.194153411258
2868,30,0.17558333333333334,0.48219466666666666,0.6863816666666666,21.42883,1399.9831068705105
2869,30,0.18428600000000003,0.4978876666666667,0.7037903333333333,21.94175,1367.256485922955
2870,30,0.17590933333333333,0.4836116666666666,0.6866389999999999,21.41546,1400.857137787374
2871,30,0.17619866666666664,0.4830486666666666,0.6868970000000001,21.41789,1400.6982013634397
2872,30,0.17599266666666663,0.482978,0.6860959999999999,21.3956,1402.157452934248
2873,30,0.18300999999999995,0.49435933333333343,0.7003533333333334,21.83398,1374.0051058029733
2874,30,0.17638299999999996,0.4832633333333333,0.6868639999999999,21.45757,1398.107987064705
2875,30,0.18163800000000002,0.487628,0.6923033333333334,21.58761,1389.6860282356406
2876,30,0.18044233333333334,0.48654366666666665,0.6905673333333335,21.53024,1393.3890193513867
2877,30,0.17596099999999998,0.4821483333333333,0.6857199999999999,21.39729,1402.046707784023
2878,30,0.18248133333333333,0.494983,0.7011249999999999,21.87271,1371.572155439358
2879,30,0.17666099999999998,0.4836433333333333,0.6875006666666665,21.44052,1399.2197950422844
2880,30,0.17595433333333332,0.4836770000000001,0.6867256666666666,21.42825,1400.0210003150048
2881,30,0.17551166666666668,0.48214766666666675,0.685789,21.40253,1401.7034434714028
2882,30,0.180907,0.49619633333333335,0.7027773333333334,21.90459,1369.575965585295
2883,30,0.17814599999999997,0.48636699999999994,0.6898673333333335,21.5169,1394.2528895891137
2884,30,0.17606200000000002,0.4827746666666667,0.6859339999999998,21.39026,1402.5074964025682
2885,30,0.17701166666666668,0.4836646666666667,0.6866386666666666,21.44314,1399.048833333178
2886,30,0.17600866666666667,0.48189933333333346,0.6845496666666667,21.36152,1404.3944438410751
2887,30,0.18274266666666666,0.4992586666666667,0.7053036666666668,22.02175,1362.2895546448399
2888,30,0.176864,0.4835633333333333,0.6868540000000001,21.43172,1399.794323554059
2889,30,0.17679733333333336,0.48262,0.6856749999999999,21.41272,1401.036393321353
2890,30,0.1770856666666667,0.483385,0.6871033333333334,21.42615,1400.1582178786202
2891,30,0.18265866666666664,0.4975036666666667,0.7029036666666669,21.92737,1368.1531346440543
2892,30,0.17972299999999997,0.4902066666666666,0.6943736666666667,21.65707,1385.2289344772862
2893,30,0.17661799999999997,0.48371400000000003,0.688721,21.47212,1397.1605970905528
2894,30,0.17617333333333332,0.48373533333333335,0.6870156666666668,21.42204,1400.4268501039116
2895,30,0.17633333333333334,0.4840716666666667,0.6873793333333332,21.4444,1398.9666299826529
2896,30,0.1816786666666667,0.4954766666666667,0.7019916666666667,21.88564,1370.7618328730618
2897,30,0.17695833333333333,0.4829506666666667,0.6878646666666666,21.48481,1396.335364380695
2898,30,0.17607499999999998,0.483702,0.6866900000000001,21.4232,1400.3510213226782
2899,30,0.17680033333333334,0.4845613333333334,0.6878443333333333,21.44511,1398.9203133021933
2900,30,0.17822433333333337,0.48588733333333334,0.6899716666666666,21.52935,1393.4466205435835
2901,30,0.18048766666666663,0.49304200000000004,0.6982566666666667,21.76931,1378.0868571397073
2902,30,0.1771866666666667,0.4836936666666666,0.6865683333333334,21.42968,1399.9275770800125
2903,30,0.17631433333333335,0.48316366666666666,0.68665,21.41095,1401.1522141707862
2904,30,0.17606666666666668,0.48245666666666664,0.6856336666666666,21.38034,1403.1582285407997
2905,30,0.181822,0.49629933333333326,0.7022686666666668,21.89166,1370.384886299166
2906,30,0.17610000000000003,0.483156,0.6864616666666666,21.40812,1401.3374364493473
2907,30,0.17616099999999996,0.48386999999999997,0.686841,21.41408,1400.9474140378668
2908,30,0.17598699999999998,0.4838990000000001,0.6868940000000001,21.44406,1398.9888108874904
2909,30,0.17732566666666666,0.4835133333333334,0.6864546666666668,21.42231,1400.4091995681138
2910,30,0.18201266666666666,0.49751066666666666,0.7036206666666669,21.93154,1367.8929979381294
2911,30,0.17677199999999998,0.4831656666666666,0.6866733333333334,21.41203,1401.0815415446364
2912,30,0.17680566666666667,0.48354833333333336,0.686878,21.42049,1400.5281858631618
2913,30,0.17666633333333334,0.48305366666666677,0.6863189999999998,21.40023,1401.8540922223733
2914,30,0.18251,0.49493899999999996,0.7011093333333331,21.8765,1371.3345370603158
2915,30,0.17581,0.48422400000000004,0.6870706666666667,21.44372,1399.010992495705
2916,30,0.17643233333333327,0.4824176666666666,0.6856240000000001,21.3825,1403.0164854437041
2917,30,0.17598700000000003,0.48265299999999994,0.6854149999999998,21.38879,1402.6038873634272
2918,30,0.1770026666666667,0.4840153333333334,0.6869519999999999,21.4226,1400.390242080793
2919,30,0.183139,0.4968363333333334,0.7026496666666665,21.9034,1369.6503739145521
2920,30,0.17751599999999998,0.4835183333333334,0.6868563333333332,21.46318,1397.7425525947228
2921,30,0.17638866666666667,0.482454,0.6856193333333332,21.37951,1403.2127022555708
2922,30,0.17561100000000002,0.4826206666666666,0.6851336666666666,21.36122,1404.4141673556098
2923,30,0.18304633333333337,0.497693,0.703773,21.9315,1367.8954927843513
2924,30,0.17580866666666667,0.482519,0.6851766666666665,21.37321,1403.6263153733107
2925,30,0.17614999999999997,0.48210233333333335,0.6858166666666666,21.40988,1401.222239452066
2926,30,0.17642466666666667,0.48203033333333334,0.6843373333333334,21.35717,1404.6804890348299
2927,30,0.17577633333333334,0.48121733333333344,0.6849236666666665,21.35551,1404.789677230841
2928,30,0.18258000000000002,0.49467233333333327,0.6998243333333332,21.83612,1373.8704495120928
2929,30,0.17595100000000002,0.4820893333333333,0.6856880000000001,21.38564,1402.8104840444335
2930,30,0.17595033333333332,0.48174600000000006,0.6849476666666665,21.37983,1403.1916998404572
2931,30,0.1759893333333333,0.48322466666666664,0.6857716666666664,21.40804,1401.342673126545
2932,30,0.18047266666666667,0.49592,0.7007516666666667,21.8436,1373.3999890128
2933,30,0.17719300000000002,0.4850953333333334,0.6890613333333334,21.49179,1395.8818693091641
2934,30,0.17577799999999996,0.4833839999999999,0.686175,21.39736,1402.0421210840964
2935,30,0.17612100000000003,0.4827639999999999,0.6856203333333336,21.38002,1403.1792299539477
2936,30,0.17574366666666663,0.482578,0.6857973333333334,21.38441,1402.89117165262
2937,30,0.18448066666666668,0.49978199999999995,0.7047356666666666,22.00114,1363.5657061406819
2938,30,0.17542666666666668,0.4826716666666667,0.6851109999999998,21.36958,1403.8647460549062
2939,30,0.17534999999999995,0.48207433333333327,0.6851586666666667,21.36534,1404.1433461859253
2940,30,0.176103,0.4824333333333334,0.6856123333333335,21.38033,1403.1588848254448
2941,30,0.17987633333333336,0.49002133333333325,0.6939569999999998,21.63483,1386.6529110697888
2942,30,0.18009299999999998,0.4886760000000001,0.6927299999999998,21.64518,1385.9898600981835
2943,30,0.17612466666666665,0.4830023333333333,0.6863013333333332,21.40003,1401.867193644121
2944,30,0.1756093333333334,0.48385100000000014,0.6867713333333332,21.41472,1400.9055453445105
2945,30,0.1762933333333333,0.4833696666666666,0.6861383333333334,21.39722,1402.05129451396
2946,30,0.18456733333333333,0.501729,0.706618,22.02333,1362.1918211278676
2947,30,0.1765543333333333,0.483168,0.6870366666666664,21.427,1400.1026741961075
2948,30,0.17566133333333336,0.4824963333333334,0.6859759999999999,21.41663,1400.7806083403411
2949,30,0.176319,0.4841810000000001,0.6871473333333332,21.42592,1400.1732481032318
2950,30,0.17610033333333333,0.4852593333333334,0.6881949999999999,21.46244,1397.7907451342905
2951,30,0.18270233333333333,0.4949296666666666,0.6998716666666666,21.83593,1373.8824039095198
2952,30,0.176055,0.4826986666666667,0.6857770000000001,21.39036,1402.5009396756295
2953,30,0.17587999999999995,0.48215966666666665,0.6859056666666667,21.41066,1401.1711922939319
2954,30,0.176961,0.48390633333333344,0.6866916666666666,21.42733,1400.0811113657185
2955,30,0.18167533333333336,0.4979573333333334,0.7046326666666667,21.95949,1366.1519461517548
2956,30,0.17670566666666668,0.4830796666666667,0.6854566666666666,21.39031,1402.5042180314358
2957,30,0.17585366666666666,0.4822753333333333,0.6849919999999999,21.359,1404.560138583267
2958,30,0.17599766666666666,0.48217233333333337,0.6852016666666665,21.36607,1404.0953717740324
2959,30,0.176098,0.482697,0.6852536666666665,21.39108,1402.4537330513467
2960,30,0.18321366666666664,0.49632066666666663,0.7014353333333333,21.86577,1372.007480184782
2961,30,0.17610733333333337,0.48220033333333334,0.684748,21.36446,1404.2011827118497
2962,30,0.17641166666666666,0.483341,0.6861116666666668,21.39548,1402.1653171604469
2963,30,0.17595466666666665,0.4815993333333334,0.684807,21.35648,1404.7258724284152
2964,30,0.18666333333333335,0.501723,0.706756,22.02321,1362.1992434345402
2965,30,0.17662666666666665,0.4880940000000001,0.6901613333333334,21.53834,1392.8650025953718
2966,30,0.17606033333333335,0.48300099999999996,0.685939,21.40843,1401.3171446948702
2967,30,0.1761853333333333,0.48285566666666674,0.6853303333333334,21.36811,1403.9613236734556
2968,30,0.1770066666666667,0.4830810000000001,0.685724,21.38401,1402.9174135253397
2969,30,0.18303066666666667,0.495405,0.7012526666666666,21.862,1372.2440764797366
2970,30,0.177597,0.4857033333333333,0.688689,21.47848,1396.7468833921207
2971,30,0.175944,0.48252566666666663,0.6857326666666665,21.40823,1401.3302360821049
2972,30,0.176368,0.482596,0.6852343333333334,21.38113,1403.1063839937365
2973,30,0.18247966666666665,0.49678566666666674,0.7027799999999998,21.90819,1369.3509139732676
2974,30,0.17544866666666664,0.4822516666666667,0.685605,21.39506,1402.192842646854
2975,30,0.17656900000000006,0.4829756666666667,0.6857113333333335,21.37992,1403.1857930244828
2976,30,0.17645766666666665,0.48353166666666664,0.6862833333333334,21.43388,1399.6532592325796
2977,30,0.176175,0.48246533333333336,0.6856926666666664,21.38058,1403.1424778934902
2978,30,0.18243866666666672,0.495061,0.7008913333333333,21.8493,1373.0416992764071
2979,30,0.17578433333333335,0.48346633333333333,0.6862509999999998,21.40101,1401.802999017336
2980,30,0.17621933333333334,0.483438,0.686256,21.39716,1402.0552260206496
2981,30,0.17608166666666666,0.48255233333333325,0.6857476666666668,21.38214,1403.0401073045073
2982,30,0.1810786666666666,0.49191533333333326,0.6969126666666665,21.76602,1378.295159151742
2983,30,0.17788733333333334,0.486337,0.6895596666666665,21.50402,1395.0879881994158
2984,30,0.17591433333333337,0.4837046666666667,0.6864106666666668,21.42248,1400.3980864960545
2985,30,0.175694,0.48255133333333333,0.6852466666666668,21.36666,1404.0566003296726
2986,30,0.17625733333333335,0.48260433333333336,0.6862176666666665,21.39765,1402.0231193612383
2987,30,0.183115,0.49664733333333333,0.7022906666666667,21.88822,1370.6002589520756
2988,30,0.17554999999999998,0.4830633333333333,0.6861653333333332,21.4245,1400.2660505496044
2989,30,0.17618,0.482306,0.6854786666666666,21.37628,1403.4247305892325
2990,30,0.17548466666666668,0.48235133333333324,0.6854410000000001,21.37424,1403.5586762383132
2991,30,0.17736466666666667,0.48513333333333336,0.6890376666666668,21.4986,1395.4397030504313
2992,30,0.18069400000000002,0.4924836666666667,0.6975416666666667,21.74951,1379.3414196457759
2993,30,0.17604133333333338,0.48332033333333324,0.6860086666666666,21.4192,1400.6125345484425
2994,30,0.17643833333333334,0.48260099999999995,0.68583,21.40359,1401.6340249462824
2995,30,0.17624133333333336,0.483038,0.6857,21.38304,1402.9810541438449
2996,30,0.18204833333333334,0.4965686666666667,0.7025813333333334,21.92141,1368.5251085582543
2997,30,0.176122,0.48434499999999997,0.6875073333333334,21.44143,1399.1604104763535
2998,30,0.17618866666666663,0.48339799999999994,0.6878666666666666,21.46359,1397.7158527534302
2999,30,0.1760796666666667,0.4833703333333333,0.6871946666666666,21.44218,1399.1114709418537
3000,30,0.17582166666666665,0.48341700000000004,0.6863406666666666,21.40009,1401.8632631918838
3001,30,0.18243700000000002,0.495792,0.7032573333333334,21.92059,1368.5763020064696
3002,30,0.17676999999999998,0.485529,0.688384,21.46468,1397.644875208948
3003,30,0.17656066666666664,0.48299800000000004,0.6858053333333333,21.38413,1402.9095408604417
3004,30,0.17616233333333334,0.48312866666666665,0.68594,21.40746,1401.3806402067316
3005,30,0.185059,0.500118,0.7056910000000001,22.01421,1362.7561470522903
3006,30,0.176812,0.48370066666666667,0.6865986666666667,21.41325,1401.0017162271022
3007,30,0.17583433333333331,0.4824953333333333,0.6862966666666668,21.39852,1401.9661172828773
3008,30,0.17640933333333336,0.48419733333333337,0.6876,21.43951,1399.285711287245
3009,30,0.17628399999999997,0.48335733333333336,0.6862666666666666,21.39631,1402.110924734218
3010,30,0.18440233333333333,0.49654633333333326,0.7024263333333333,21.93404,1367.737088105976
3011,30,0.17675566666666664,0.4837443333333333,0.6868249999999999,21.41599,1400.8224695659646
3012,30,0.17621799999999999,0.4825233333333332,0.6867440000000001,21.4318,1399.7890984425012
3013,30,0.1759593333333333,0.4823143333333333,0.685122,21.36306,1404.2932051868975
3014,30,0.18478333333333338,0.500833,0.7058846666666666,21.99727,1363.8055995130305
3015,30,0.17621266666666666,0.4829863333333334,0.6858403333333334,21.42103,1400.4928801276128
3016,30,0.17611199999999996,0.48240999999999995,0.686656,21.4105,1401.1816632026344
3017,30,0.1759586666666667,0.48277233333333336,0.6856966666666666,21.40728,1401.3924235120014
3018,30,0.17621699999999998,0.48308166666666674,0.6865953333333333,21.41062,1401.173810006436
3019,30,0.18302099999999996,0.49572999999999995,0.700935,21.8518,1372.8846136245068
3020,30,0.176691,0.4822539999999999,0.6862143333333334,21.41648,1400.7904193406198
3021,30,0.17582833333333334,0.48257866666666666,0.6855840000000001,21.40147,1401.772868873026
3022,30,0.176936,0.4834589999999999,0.686792,21.4361,1399.5083060817967
3023,30,0.18235,0.4949679999999999,0.700133,21.83859,1373.7150612745602
3024,30,0.17619866666666664,0.48376933333333333,0.6872896666666667,21.4376,1399.410381759152
3025,30,0.17655099999999999,0.4830263333333334,0.6862463333333333,21.39737,1402.0414658436996
3026,30,0.1761026666666666,0.4833253333333333,0.68655,21.4091,1401.273290329813
3027,30,0.176586,0.4835196666666667,0.6865606666666667,21.43434,1399.6232214287913
3028,30,0.18351466666666663,0.49548666666666663,0.7011843333333333,21.85909,1372.4267570150448
3029,30,0.17621766666666663,0.48404066666666673,0.6873836666666666,21.43743,1399.421479160515
3030,30,0.17667099999999997,0.4830656666666667,0.6862619999999999,21.40046,1401.8390258900977
3031,30,0.17613566666666666,0.48271600000000003,0.6861176666666665,21.39587,1402.139758747833
3032,30,0.18279633333333328,0.49420800000000004,0.6986819999999998,21.78195,1377.2871574859
3033,30,0.17844266666666664,0.4864273333333333,0.6904303333333334,21.53432,1393.1250208968754
3034,30,0.17569566666666664,0.4832266666666667,0.6868646666666668,21.44532,1398.9066145900365
3035,30,0.17590166666666668,0.4831843333333333,0.6861086666666665,21.42541,1400.2065771436814
3036,30,0.17705199999999993,0.48372033333333336,0.6863019999999999,21.41717,1400.745289877234
3037,30,0.18556066666666665,0.498005,0.7031139999999999,21.91617,1368.8523131550814
3038,30,0.17608100000000004,0.4834486666666667,0.6864116666666666,21.41075,1401.1653024765596
3039,30,0.17589666666666667,0.4821836666666667,0.685585,21.40137,1401.7794187942175
3040,30,0.17616,0.4825726666666666,0.6853776666666668,21.39021,1402.5107747890274
3041,30,0.1793226666666667,0.48633400000000004,0.6899113333333334,21.51401,1394.4401810727056
3042,30,0.18158366666666667,0.49201733333333336,0.697041,21.73613,1380.190493891967
3043,30,0.17564799999999994,0.48257966666666674,0.6862720000000002,21.40057,1401.8318203674014
3044,30,0.17535699999999999,0.48232866666666663,0.6857086666666666,21.40814,1401.3361272861632
3045,30,0.17548666666666665,0.48275533333333337,0.685769,21.37909,1403.2402688795453
3046,30,0.18306066666666668,0.4949663333333333,0.701064,21.85582,1372.6320952496862
3047,30,0.1764386666666667,0.4830416666666667,0.6859353333333333,21.41029,1401.1954065078055
3048,30,0.17561166666666664,0.4828809999999999,0.6860579999999997,21.39532,1402.175802932604
3049,30,0.17608133333333334,0.4827826666666667,0.685622,21.38026,1403.1634788351496
3050,30,0.17629199999999998,0.4840926666666666,0.6870263333333335,21.42336,1400.340562824879
3051,30,0.1832193333333333,0.49657833333333323,0.703033,21.93749,1367.5219908932152
3052,30,0.17665033333333338,0.48317866666666665,0.6869563333333334,21.42246,1400.3993939071422
3053,30,0.17545933333333336,0.48357733333333325,0.6877466666666666,21.44401,1398.9920728445845
3054,30,0.176956,0.4839786666666666,0.6868026666666667,21.41448,1400.9212458112454
3055,30,0.1816793333333333,0.49446166666666674,0.7009513333333334,21.84931,1373.0410708621919
3056,30,0.17653566666666665,0.4828496666666667,0.6864123333333332,21.46561,1397.5843220854194
3057,30,0.17603366666666667,0.48822766666666656,0.6919223333333331,21.56946,1390.8554038905008
3058,30,0.17628799999999997,0.4834353333333333,0.6871036666666668,21.42712,1400.0948330900278
3059,30,0.1759213333333333,0.48349400000000003,0.6865823333333334,21.41054,1401.1790454607872
3060,30,0.18624233333333332,0.5015566666666668,0.7072433333333332,22.04491,1360.8583568724027
3061,30,0.1762956666666666,0.4842343333333334,0.687406,21.45382,1398.352368016512
3062,30,0.1772983333333333,0.4836416666666667,0.6873343333333335,21.4324,1399.7499113491722
3063,30,0.17664333333333332,0.4833926666666665,0.6870296666666665,21.42259,1400.3908957787085
3064,30,0.1821833333333334,0.4946183333333333,0.7006359999999999,21.84187,1373.5087700824151
3065,30,0.17604866666666666,0.48325733333333337,0.6862256666666668,21.40177,1401.7532194767068
3066,30,0.17636666666666667,0.483629,0.6866073333333333,21.41077,1401.163993634979
3067,30,0.17638700000000004,0.4836463333333334,0.6864166666666667,21.40372,1401.625511826916
3068,30,0.17686733333333338,0.4829163333333334,0.6859206666666667,21.43623,1399.4998187647734
3069,30,0.182546,0.49460066666666663,0.7011220000000001,21.85597,1372.6226747199964
3070,30,0.17648433333333335,0.48453666666666667,0.687511,21.43849,1399.3522864716683
3071,30,0.17646599999999998,0.48281,0.6860940000000001,21.39132,1402.437998216099
3072,30,0.17714166666666667,0.48410900000000007,0.6871496666666664,21.47255,1397.1326181566699
3073,30,0.18195733333333333,0.49348333333333333,0.7007063333333333,21.85713,1372.5498269900943
3074,30,0.17698200000000006,0.48399800000000004,0.6873733333333335,21.43703,1399.4475913874264
3075,30,0.17640266666666668,0.48323266666666664,0.6863056666666666,21.39755,1402.0296716212836
3076,30,0.176875,0.48258399999999996,0.6862526666666667,21.41101,1401.148287726735
3077,30,0.177145,0.48321833333333336,0.6869346666666666,21.41685,1400.7662191218596
3078,30,0.18214866666666665,0.495232,0.7011356666666667,21.85402,1372.7451516929152
3079,30,0.17716466666666664,0.48405433333333325,0.686831,21.44482,1398.939231012431
3080,30,0.17634933333333333,0.482635,0.6864343333333334,21.40279,1401.6864156495485
3081,30,0.17652700000000002,0.4831603333333334,0.6865320000000001,21.40672,1401.4290839512078
3082,30,0.1802713333333333,0.4903456666666667,0.6953093333333332,21.6765,1383.9872673171405
3083,30,0.17879033333333333,0.4894526666666667,0.6935686666666665,21.6405,1386.2895958965828
3084,30,0.176081,0.48224266666666665,0.6862503333333335,21.39941,1401.907809607835
3085,30,0.17646166666666663,0.482897,0.6861723333333334,21.41686,1400.7655650734982
3086,30,0.17594133333333334,0.48253966666666664,0.6864596666666666,21.40137,1401.7794187942175
3087,30,0.18231933333333336,0.49584399999999995,0.7011029999999998,21.85148,1372.904718581991
3088,30,0.1768223333333333,0.48375,0.6872893333333335,21.45144,1398.5075127823588
3089,30,0.17623466666666668,0.4828863333333333,0.6862359999999998,21.41553,1400.8525588673267
3090,30,0.17525266666666667,0.4818393333333334,0.6851123333333333,21.38191,1403.0551994653424
3091,30,0.1767573333333333,0.4839053333333333,0.6880350000000001,21.45511,1398.2682913301308
3092,30,0.18214799999999995,0.4938566666666666,0.6997246666666669,21.81321,1375.3133995409205
3093,30,0.17661066666666667,0.483848,0.687255,21.43147,1399.8106522791015
3094,30,0.17587866666666666,0.48228366666666667,0.6859126666666666,21.38814,1402.6465134415616
3095,30,0.17556066666666667,0.4826406666666666,0.6859766666666667,21.38921,1402.5763457369394
3096,30,0.18248599999999998,0.49621599999999993,0.7014923333333333,21.88647,1370.7098495097655
3097,30,0.17663666666666664,0.4827293333333333,0.6860560000000001,21.39727,1402.0480182752285
3098,30,0.17633466666666667,0.4828713333333333,0.6862523333333335,21.39632,1402.1102694295093
3099,30,0.17561499999999997,0.48235599999999995,0.685794,21.38293,1402.988271485713
3100,30,0.1757433333333333,0.48220300000000005,0.6862016666666667,21.39544,1402.1679385887833
3101,30,0.1849203333333333,0.5035196666666667,0.7086126666666667,22.08497,1358.3898914057843
3102,30,0.17639,0.4855163333333333,0.6887013333333333,21.50197,1395.2209960296661
3103,30,0.177178,0.48374900000000004,0.6876603333333334,21.46196,1397.8220069369247
3104,30,0.17709366666666665,0.4848593333333333,0.6879893333333332,21.45204,1398.4683974111554
3105,30,0.18269966666666665,0.49589433333333327,0.7013266666666669,21.88065,1371.0744424868547
3106,30,0.17653166666666664,0.48410566666666666,0.6874953333333333,21.44066,1399.2106586271132
3107,30,0.1766966666666666,0.48327966666666666,0.686238,21.43785,1399.3940623709932
3108,30,0.176355,0.48306433333333326,0.6864703333333334,21.40825,1401.328926932374
3109,30,0.17649000000000006,0.4830433333333333,0.686329,21.40216,1401.7276760850307
3110,30,0.18366133333333334,0.49871833333333343,0.7047926666666666,21.97298,1365.3132165049985
3111,30,0.17605966666666667,0.48297633333333334,0.6867110000000001,21.41505,1400.8839577773574
3112,30,0.17731733333333335,0.48377666666666663,0.6865733333333334,21.42584,1400.1784760830847
3113,30,0.17660066666666666,0.48277899999999996,0.6857263333333335,21.42519,1400.2209548666779
3114,30,0.18573333333333333,0.4996983333333334,0.704889,21.97112,1365.4287992601196
3115,30,0.17726900000000004,0.4852713333333333,0.6884573333333335,21.47172,1397.186625011876
3116,30,0.17663100000000004,0.48294666666666664,0.6861236666666667,21.4116,1401.1096788656616
3117,30,0.1769186666666666,0.48314533333333326,0.6860346666666666,21.40683,1401.4218826421286
3118,30,0.17635333333333333,0.4829873333333334,0.685864,21.40568,1401.497172713037
3119,30,0.18549233333333331,0.500557,0.705982,22.04185,1361.0472805141128
3120,30,0.1767266666666667,0.4838363333333333,0.6869056666666667,21.43929,1399.3000701049336
3121,30,0.176272,0.48262266666666664,0.685631,21.39246,1402.3632625700832
3122,30,0.17630600000000002,0.4838233333333334,0.6877770000000001,21.44758,1398.7592073324822
3123,30,0.18173199999999998,0.49321600000000004,0.69984,21.81626,1375.1211252524492
3124,30,0.17780066666666663,0.4849590000000001,0.6880056666666666,21.48442,1396.360711622655
3125,30,0.176371,0.4837856666666666,0.6873203333333332,21.43502,1399.5788200804104
3126,30,0.17631766666666668,0.4834033333333334,0.6866876666666667,21.4157,1400.8414387575472
3127,30,0.1763626666666666,0.4837493333333334,0.6865943333333334,21.41305,1401.0148017213803
3128,30,0.18288433333333334,0.4965213333333334,0.7021486666666666,21.89076,1370.441227257528
3129,30,0.17651233333333333,0.48319333333333336,0.6864819999999999,21.41196,1401.0861219617448
3130,30,0.17590833333333328,0.48392366666666664,0.6872503333333334,21.4565,1398.177708386736
3131,30,0.17638100000000004,0.4829193333333334,0.6859573333333333,21.40434,1401.584912218737
3132,30,0.17923166666666665,0.4897943333333334,0.6944306666666668,21.6525,1385.5213023900242
3133,30,0.1803986666666667,0.491898,0.6969019999999999,21.73012,1380.5722195735689
3134,30,0.1768183333333333,0.48431099999999994,0.6874103333333333,21.439,1399.3189980875975
3135,30,0.17572466666666664,0.4833699999999999,0.6863686666666666,21.40317,1401.6615295771608
3136,30,0.17601533333333333,0.4833883333333333,0.6864556666666669,21.44021,1399.2400261004905
3137,30,0.18231933333333333,0.4949373333333334,0.7017856666666665,21.87876,1371.1928829604603
3138,30,0.176627,0.48421299999999995,0.6871553333333331,21.4304,1399.8805435269524
3139,30,0.1767603333333333,0.48379633333333333,0.6865869999999998,21.44155,1399.1525799207614
3140,30,0.17600200000000002,0.48176299999999994,0.685322,21.37406,1403.570496199599
3141,30,0.17690233333333333,0.4831596666666667,0.6870813333333334,21.44602,1398.8609541537312
3142,30,0.18250733333333338,0.49392899999999995,0.7010439999999999,21.85829,1372.4769869921206
3143,30,0.17691533333333334,0.48375133333333337,0.6873549999999998,21.43687,1399.4580365510449
3144,30,0.17540466666666668,0.4817173333333333,0.6860746666666666,21.39994,1401.873089363802
3145,30,0.17662233333333327,0.483048,0.6864599999999998,21.40897,1401.2817991710951
3146,30,0.18291233333333334,0.49798266666666663,0.7036586666666668,21.9556,1366.393995153856
3147,30,0.20111400000000001,0.5283256666666667,0.749118,23.54724,1274.0346639351362
3148,30,0.17614133333333334,0.48289200000000004,0.6865366666666666,21.42064,1400.518378535842
3149,30,0.17572266666666667,0.48309,0.686279,21.40449,1401.5750900862388
3150,30,0.18218800000000002,0.489687,0.6930346666666668,21.60777,1388.3894543490605
3151,30,0.1834353333333333,0.5012446666666667,0.7061453333333333,22.01265,1362.8527233204543
3152,30,0.17750066666666667,0.4833433333333332,0.6861829999999999,21.41796,1400.6936234823486
3153,30,0.17618866666666666,0.483697,0.6869263333333334,21.44531,1398.9072669035795
3154,30,0.17642399999999997,0.4827350000000001,0.6857406666666666,21.38493,1402.8570586857193
3155,30,0.182371,0.4982953333333333,0.7048936666666666,21.97027,1365.4816258516623
3156,30,0.1756966666666667,0.48366766666666655,0.686753,21.41937,1400.6014182489962
3157,30,0.17576599999999995,0.4840096666666666,0.6868103333333334,21.41866,1400.6478463171834
3158,30,0.17547833333333335,0.4820553333333334,0.6855060000000002,21.41159,1401.1103332354112
3159,30,0.17750333333333332,0.48395266666666653,0.6868633333333334,21.43222,1399.7616672467902
3160,30,0.18185500000000004,0.49612866666666666,0.7017626666666666,21.88181,1371.0017589952568
3161,30,0.17585700000000007,0.482879,0.6857373333333333,21.39982,1401.8809504005173
3162,30,0.17547133333333334,0.482407,0.6850310000000002,21.36132,1404.4075927892097
3163,30,0.1756716666666667,0.4823483333333333,0.6861646666666666,21.4001,1401.8626081186537
3164,30,0.1831193333333333,0.4942486666666666,0.6991703333333333,21.84215,1373.4911627289437
3165,30,0.17593399999999995,0.482757,0.6859556666666665,21.40062,1401.8285451542993
3166,30,0.17602900000000002,0.4826473333333333,0.686019,21.39705,1402.0624338401788
3167,30,0.17609633333333333,0.4828516666666666,0.686338,21.40831,1401.3249994978585
3168,30,0.17587166666666665,0.4844253333333333,0.6871196666666666,21.42872,1399.9902934006325
3169,30,0.18316533333333332,0.49565666666666675,0.700839,21.86832,1371.847494457736
3170,30,0.17609966666666668,0.4826386666666666,0.6860713333333334,21.42251,1400.3961253840005
3171,30,0.17581366666666667,0.48394133333333333,0.6869519999999999,21.43677,1399.4645648574856
3172,30,0.1763703333333333,0.4832156666666666,0.6859376666666666,21.39147,1402.4281641233633
3173,30,0.18249266666666664,0.49597366666666665,0.7012319999999999,21.878,1371.2405155864337
3174,30,0.17633266666666664,0.48363200000000006,0.6872059999999999,21.43851,1399.3509810150051
3175,30,0.176417,0.482886,0.686719,21.41304,1401.0154560025105
3176,30,0.17707566666666666,0.48352466666666666,0.6863833333333332,21.42681,1400.1150894603536
3177,30,0.1760856666666667,0.48191100000000003,0.6857566666666667,21.38464,1402.8760830203362
3178,30,0.18327599999999997,0.5006996666666665,0.7055486666666667,22.00585,1363.273856724462
3179,30,0.17637566666666674,0.4826446666666666,0.6858766666666668,21.39286,1402.3370414241012
3180,30,0.17678033333333332,0.48254266666666673,0.6854926666666666,21.39435,1402.2393762839254
3181,30,0.17584699999999998,0.4821316666666666,0.6854756666666668,21.41587,1400.8303188243112
3182,30,0.18086466666666665,0.4928133333333334,0.6985370000000001,21.7784,1377.5116629320794
3183,30,0.17803466666666665,0.48475700000000005,0.6880253333333335,21.4594,1397.9887601703683
3184,30,0.1762123333333333,0.4824236666666666,0.6853066666666667,21.37406,1403.570496199599
3185,30,0.1757176666666667,0.4828349999999999,0.6856720000000001,21.38358,1402.9456246334805
3186,30,0.17600300000000002,0.482781,0.6854826666666668,21.38203,1403.0473252539632
3187,30,0.18403266666666665,0.499781,0.7048063333333333,21.99034,1364.2353869926521
3188,30,0.17658933333333332,0.48291166666666663,0.6856273333333334,21.39259,1402.3547405900829
3189,30,0.17666933333333332,0.4834613333333334,0.6867166666666666,21.41786,1400.700163321639
3190,30,0.17655733333333332,0.48265166666666665,0.6864283333333334,21.40623,1401.4611634089704
3191,30,0.17952200000000001,0.490343,0.6952226666666665,21.6751,1384.076659392575
3192,30,0.180598,0.4900536666666667,0.6945726666666666,21.66577,1384.6726887620425
3193,30,0.1755233333333333,0.48235300000000003,0.6858950000000001,21.41711,1400.7492140629618
3194,30,0.17615266666666668,0.48361033333333336,0.6864149999999997,21.40594,1401.480149902317
3195,30,0.17650466666666667,0.48331166666666664,0.6860386666666667,21.39419,1402.249863163784
3196,30,0.18247466666666667,0.4953746666666666,0.7005556666666666,21.84285,1373.4471463201917
3197,30,0.17648833333333336,0.4830203333333332,0.6877063333333332,21.45038,1398.576621952618
3198,30,0.176399,0.48357066666666665,0.6866336666666667,21.44046,1399.2237106853117
3199,30,0.17603299999999997,0.48364766666666664,0.6866953333333334,21.4115,1401.116222590664
3200,30,0.17714166666666664,0.4849906666666667,0.6892129999999999,21.49222,1395.8539415658317
3201,30,0.18296833333333332,0.49516899999999997,0.7007803333333331,21.85079,1372.9480719003752
3202,30,0.17619233333333334,0.4830583333333333,0.6864653333333333,21.41068,1401.1698834413478
3203,30,0.17605700000000002,0.48229833333333333,0.685848,21.38826,1402.638643816748
3204,30,0.176329,0.48263033333333333,0.686346,21.4287,1399.9916000503997
3205,30,0.18254166666666666,0.49848233333333336,0.7051296666666665,21.98227,1364.7362169603048
3206,30,0.17673433333333338,0.48350066666666663,0.6865990000000001,21.41602,1400.820507265122
3207,30,0.1767493333333333,0.48267033333333337,0.686059,21.39359,1402.2891903602901
3208,30,0.176079,0.48293866666666674,0.6862123333333332,21.39892,1401.939910986162
3209,30,0.1767153333333333,0.4842106666666667,0.6876173333333334,21.44086,1399.1976068124134
3210,30,0.18386233333333332,0.4957606666666666,0.7019253333333333,21.90584,1369.4978142814884
3211,30,0.1764973333333333,0.48322566666666666,0.6871776666666668,21.42971,1399.9256172855348
3212,30,0.1761996666666667,0.48280499999999993,0.6862486666666665,21.40015,1401.8593327616863
3213,30,0.17590166666666657,0.48229500000000003,0.6864503333333334,21.40778,1401.3596925977376
3214,30,0.18256566666666665,0.49429699999999993,0.7004753333333336,21.83789,1373.7590948576076
3215,30,0.17669299999999996,0.48373099999999997,0.6877646666666667,21.4799,1396.654546808877
3216,30,0.17719066666666664,0.4842383333333334,0.6871163333333336,21.42847,1400.006626698033
3217,30,0.17614800000000005,0.4834033333333333,0.6863569999999999,21.40425,1401.5908055643156
3218,30,0.17663933333333331,0.4833976666666666,0.6864056666666667,21.42248,1400.3980864960545
3219,30,0.18302066666666666,0.500459,0.706875,22.03248,1361.6261083636523
3220,30,0.177117,0.4837493333333335,0.687085,21.43277,1399.7257470686243
3221,30,0.176246,0.483808,0.687928,21.47879,1396.7267243638958
3222,30,0.17662500000000003,0.483642,0.6868243333333335,21.42033,1400.5386471636991
3223,30,0.182117,0.496084,0.702158,21.88461,1370.8263478307358
3224,30,0.17638766666666666,0.4838516666666666,0.6874049999999999,21.4426,1399.0840662979303
3225,30,0.17702999999999997,0.48414766666666675,0.6881213333333333,21.45974,1397.9666109654636
3226,30,0.17650000000000002,0.4829870000000001,0.6865326666666667,21.41022,1401.1999876694401
3227,30,0.17575600000000005,0.483109,0.6858126666666668,21.40647,1401.4454508379943
3228,30,0.18295066666666665,0.49600266666666665,0.7012660000000001,21.86509,1372.0501493476588
3229,30,0.17634333333333335,0.483085,0.6872066666666666,21.43265,1399.7335840411708
3230,30,0.17641199999999999,0.482901,0.6864436666666667,21.40738,1401.3858772068324
3231,30,0.1762133333333333,0.48329566666666673,0.6862606666666665,21.39966,1401.8914319199464
3232,30,0.18170833333333333,0.4981683333333333,0.7046593333333333,21.97907,1364.9349130786698
3233,30,0.1777133333333333,0.4844283333333333,0.6874966666666668,21.46068,1397.9053785807346
3234,30,0.1762493333333333,0.483631,0.6874449999999999,21.43859,1399.3457592127095
3235,30,0.176956,0.4840886666666667,0.6878446666666667,21.44915,1398.6568232307575
3236,30,0.17634766666666668,0.4828893333333334,0.6860976666666667,21.40982,1401.2261663105996
3237,30,0.1824303333333334,0.49877499999999997,0.7060979999999998,22.00931,1363.0595416212502
3238,30,0.1763236666666667,0.48321633333333325,0.691544,21.59164,1389.42664846209
3239,30,0.17769266666666667,0.4838693333333333,0.6873983333333334,21.43444,1399.616691642049
3240,30,0.17569166666666666,0.48237633333333346,0.6866026666666667,21.4366,1399.4756631182183
3241,30,0.18398766666666663,0.4986180000000001,0.7033506666666668,21.92399,1368.364061468738
3242,30,0.1788443333333334,0.4887519999999999,0.692502,21.61411,1387.9822023668798
3243,30,0.17653433333333332,0.4838903333333333,0.6875963333333335,21.44316,1399.0475284426363
3244,30,0.176149,0.4829346666666668,0.6858293333333332,21.4225,1400.396779087408
3245,30,0.17632433333333333,0.4832316666666666,0.6861313333333334,21.40751,1401.3773671015451
3246,30,0.18255266666666664,0.495164,0.7003050000000001,21.85362,1372.7702778761595
3247,30,0.17681966666666668,0.48376366666666665,0.6872856666666666,21.43393,1399.6499941914526
3248,30,0.17579566666666666,0.4835396666666666,0.6863813333333335,21.40632,1401.455271153566
3249,30,0.17645566666666668,0.4838050000000001,0.6866503333333331,21.43712,1399.44171605141
3250,30,0.17801299999999998,0.48590933333333336,0.6894973333333334,21.51751,1394.2133639068832
3251,30,0.18157733333333334,0.4947986666666668,0.6997263333333336,21.81457,1375.2276574784653
3252,30,0.176606,0.48304100000000005,0.6866206666666667,21.41394,1400.9565731481457
3253,30,0.1750236666666667,0.48291633333333334,0.6870233333333334,21.42225,1400.413121870952
3254,30,0.17605633333333334,0.48321200000000003,0.6861186666666668,21.39616,1402.1207543783557
3255,30,0.18303766666666663,0.4972506666666667,0.7034956666666666,21.94739,1366.9051308606627
3256,30,0.17670500000000003,0.48494766666666667,0.6882793333333334,21.46887,1397.3721020249318
3257,30,0.1766923333333333,0.4836773333333333,0.6886196666666665,21.47031,1397.2783811691588
3258,30,0.17595233333333338,0.4828516666666667,0.6866423333333332,21.41308,1401.0128388816554
3259,30,0.17613700000000002,0.48303100000000004,0.6863539999999998,21.4042,1401.5940796666073
3260,30,0.1814626666666667,0.4950836666666666,0.7012759999999999,21.86515,1372.0463843147656
3261,30,0.17664033333333334,0.48363733333333336,0.6876803333333332,21.47816,1396.7676933219607
3262,30,0.1762613333333333,0.4836463333333334,0.6865136666666665,21.40965,1401.2372925293034
3263,30,0.17642200000000002,0.4840903333333333,0.6868809999999999,21.41829,1400.6720424459656
3264,30,0.18245566666666665,0.49515500000000007,0.7005923333333334,21.84563,1373.2723661437092
3265,30,0.17706899999999998,0.48341566666666663,0.6870956666666667,21.43147,1399.8106522791015
3266,30,0.17676100000000003,0.4835833333333334,0.686727,21.43815,1399.3744796076155
3267,30,0.17646599999999998,0.4835536666666666,0.6865546666666666,21.42372,1400.317031775994
3268,30,0.17669833333333332,0.48309133333333343,0.6859993333333333,21.40649,1401.4441414729831
3269,30,0.1827463333333333,0.4976093333333334,0.7039173333333334,21.94105,1367.300106421525
3270,30,0.17628366666666662,0.4827823333333334,0.6858056666666665,21.42122,1400.4804581625135
3271,30,0.17692499999999997,0.48399899999999996,0.6873236666666667,21.42976,1399.9223509735994
3272,30,0.17618333333333333,0.4837893333333333,0.6867966666666665,21.41533,1400.8656415754508
3273,30,0.18419566666666667,0.4969016666666667,0.7025556666666667,21.92687,1368.1843327387812
3274,30,0.1766423333333333,0.4844823333333333,0.6875243333333335,21.4464,1398.8361683079677
3275,30,0.17601033333333332,0.4834556666666667,0.686302,21.42028,1400.5419163521672
3276,30,0.17601466666666665,0.48198566666666665,0.6847350000000001,21.36827,1403.9508111793793
3277,30,0.17810333333333336,0.4851526666666667,0.6879923333333335,21.45337,1398.3816994719245
3278,30,0.18270566666666668,0.5006266666666667,0.7069120000000002,22.05494,1360.2394746936516
3279,30,0.17630733333333332,0.48277500000000007,0.687398,21.44139,1399.1630206810285
3280,30,0.17643100000000003,0.48318333333333335,0.686875,21.4186,1400.6517699569533
3281,30,0.1755103333333333,0.4823603333333333,0.686215,21.39786,1402.009359814486
3282,30,0.18270700000000004,0.4952196666666666,0.7008856666666666,21.85123,1372.92042598975
3283,30,0.17637433333333333,0.4834556666666667,0.6879479999999999,21.48092,1396.5882280647197
3284,30,0.17690699999999995,0.48331966666666665,0.6866996666666668,21.41908,1400.620381454292
3285,30,0.17564400000000002,0.483369,0.6861183333333334,21.39743,1402.0375344141798
3286,30,0.17574233333333333,0.482644,0.686365,21.40602,1401.4749121975967
3287,30,0.18473699999999998,0.4968943333333334,0.7025646666666666,21.90378,1369.6266123929295
3288,30,0.17637933333333333,0.48340966666666674,0.686766,21.42063,1400.5190323533902
3289,30,0.17551599999999995,0.48357700000000003,0.686508,21.41024,1401.1986787630592
3290,30,0.17659666666666668,0.4837946666666667,0.6864860000000002,21.43314,1399.7015836223718
3291,30,0.18109166666666665,0.4926446666666667,0.6975690000000001,21.76422,1378.4091504313042
3292,30,0.17859433333333333,0.4872356666666666,0.6905819999999999,21.542,1392.6283539132858
3293,30,0.17638333333333334,0.4829366666666667,0.6858693333333333,21.40805,1401.342018539755
3294,30,0.17635166666666666,0.4841196666666666,0.6868289999999998,21.42179,1400.4431935893313
3295,30,0.17638833333333334,0.4825083333333333,0.6856670000000001,21.42781,1400.0497484343944
3296,30,0.18304499999999999,0.4955643333333334,0.7007916666666666,21.84783,1373.1340824237466
3297,30,0.17556333333333335,0.4828226666666667,0.68593,21.39698,1402.0670206730108
3298,30,0.17611966666666665,0.4832103333333334,0.6860566666666664,21.39644,1402.1024058207815
3299,30,0.17621966666666664,0.4831096666666666,0.6859823333333334,21.3911,1402.4524218015904
3300,30,0.177323,0.484909,0.6889196666666667,21.51878,1394.131079921817
3301,30,0.18210099999999999,0.4930143333333333,0.6978283333333332,21.77705,1377.5970574526852
3302,30,0.176121,0.48274500000000004,0.6860210000000001,21.39782,1402.011980659712
3303,30,0.1762213333333333,0.4832813333333333,0.6865753333333333,21.41027,1401.196715408073
3304,30,0.17620633333333333,0.4828143333333333,0.686042,21.39259,1402.3547405900829
3305,30,0.18473233333333336,0.4959753333333333,0.7019549999999999,21.88225,1370.9741914108467
3306,30,0.17620966666666668,0.48350600000000005,0.687215,21.46201,1397.8187504339062
3307,30,0.17706033333333332,0.4840486666666666,0.687356,21.47723,1396.8281757004977
3308,30,0.17621233333333336,0.4838016666666667,0.6868893333333332,21.41727,1400.738749616548
3309,30,0.17665266666666665,0.4865126666666667,0.6909283333333334,21.53839,1392.861769148019
3310,30,0.18300500000000003,0.4961853333333334,0.701972,21.88625,1370.723627848535
3311,30,0.17565333333333338,0.48389433333333337,0.6868176666666668,21.41942,1400.59814878274
3312,30,0.17588233333333333,0.48283266666666663,0.6857966666666668,21.40371,1401.6261666785806
3313,30,0.17719866666666664,0.484026,0.6867099999999999,21.41036,1401.1908253761264
3314,30,0.18322666666666665,0.496903,0.7023846666666668,21.89458,1370.2021230825162
3315,30,0.17677900000000005,0.48423566666666673,0.6872733333333333,21.43393,1399.6499941914526
3316,30,0.17625133333333334,0.48321000000000003,0.6861983333333332,21.39994,1401.873089363802
3317,30,0.17623299999999995,0.4843796666666667,0.6870259999999999,21.42333,1400.342523781317
3318,30,0.17722033333333334,0.48376966666666665,0.6864356666666666,21.40387,1401.615689125378
3319,30,0.18306866666666669,0.4958806666666667,0.7018316666666667,21.87884,1371.1878691923337
3320,30,0.17657733333333334,0.4830436666666666,0.6861543333333334,21.39858,1401.9621862759118
3321,30,0.17591333333333334,0.48283933333333334,0.6860636666666668,21.39419,1402.249863163784
3322,30,0.17593499999999998,0.4828946666666667,0.6860236666666666,21.39474,1402.2138151713928
3323,30,0.18153,0.4997153333333333,0.7049833333333332,21.96832,1365.602831714032
3324,30,0.17578166666666667,0.4834096666666667,0.6861086666666665,21.40168,1401.7591142377607
3325,30,0.17671033333333333,0.48388433333333336,0.6867923333333333,21.42113,1400.4863422237763
3326,30,0.17705299999999993,0.4836920000000001,0.6865070000000002,21.40688,1401.4186093442856
3327,30,0.17715966666666672,0.4830413333333334,0.6862766666666666,21.40161,1401.7636990861902
3328,30,0.18248433333333336,0.49462600000000007,0.7009500000000002,21.85308,1372.8041996826075
3329,30,0.176233,0.4879153333333333,0.691114,21.55411,1391.8459170895944
3330,30,0.1758306666666667,0.48264266666666666,0.6856333333333333,21.38438,1402.8931397590202
3331,30,0.17562966666666668,0.4816603333333334,0.6849426666666666,21.39186,1402.4025961276861
3332,30,0.18322433333333332,0.497616,0.7038286666666668,21.93509,1367.671616574174
3333,10,0.17973600000000003,0.48674399999999995,0.689484,7.18747,1391.3101550336905
