Copyright 1986-2022 Xilinx, Inc. All Rights Reserved. Copyright 2022-2024 Advanced Micro Devices, Inc. All Rights Reserved.
------------------------------------------------------------------------------------------------------------------------------------------------------------------------------------------
| Tool Version      : Vivado v.2024.2 (lin64) Build 5239630 Fri Nov 08 22:34:34 MST 2024
| Date              : Thu Sep 10 09:04:18 2026
| Host              : ubuntu running 64-bit Ubuntu 24.04.3 LTS
| Command           : report_timing_summary -delay_type max -max_paths 10 -report_unconstrained -file {/home/miguel/Downloads/Plano testes TCC/H1/MLP/RF16/vivado_ooc/timing_summary.rpt}
| Design            : mlp_iris
| Device            : xczu7ev-ffvc1156
| Speed File        : -2  PRODUCTION 1.30 05-15-2022
| Design State      : Optimized
| Temperature Grade : E
------------------------------------------------------------------------------------------------------------------------------------------------------------------------------------------

Timing Summary Report

------------------------------------------------------------------------------------------------
| Timer Settings
| --------------
------------------------------------------------------------------------------------------------

  Enable Multi Corner Analysis               :  Yes
  Enable Pessimism Removal                   :  Yes
  Pessimism Removal Resolution               :  Nearest Common Node
  Enable Input Delay Default Clock           :  No
  Enable Preset / Clear Arcs                 :  No
  Disable Flight Delays                      :  No
  Ignore I/O Paths                           :  No
  Timing Early Launch at Borrowing Latches   :  No
  Borrow Time for Max Delay Exceptions       :  Yes
  Merge Timing Exceptions                    :  Yes
  Inter-SLR Compensation                     :  Conservative

  Corner  Analyze    Analyze    
  Name    Max Paths  Min Paths  
  ------  ---------  ---------  
  Slow    Yes        Yes        
  Fast    Yes        Yes        


------------------------------------------------------------------------------------------------
| Report Methodology
| ------------------
------------------------------------------------------------------------------------------------

No report available as report_methodology has not been run prior. Run report_methodology on the current design for the summary of methodology violations.



check_timing report

Table of Contents
-----------------
1. checking no_clock (0)
2. checking constant_clock (0)
3. checking pulse_width_clock (0)
4. checking unconstrained_internal_endpoints (0)
5. checking no_input_delay (67)
6. checking no_output_delay (54)
7. checking multiple_clock (0)
8. checking generated_clocks (0)
9. checking loops (0)
10. checking partial_input_delay (0)
11. checking partial_output_delay (0)
12. checking latch_loops (0)

1. checking no_clock (0)
------------------------
 There are 0 register/latch pins with no clock.


2. checking constant_clock (0)
------------------------------
 There are 0 register/latch pins with constant_clock.


3. checking pulse_width_clock (0)
---------------------------------
 There are 0 register/latch pins which need pulse_width check


4. checking unconstrained_internal_endpoints (0)
------------------------------------------------
 There are 0 pins that are not constrained for maximum delay.

 There are 0 pins that are not constrained for maximum delay due to constant clock.


5. checking no_input_delay (67)
-------------------------------
 There are 67 input ports with no input delay specified. (HIGH)

 There are 0 input ports with no input delay but user has a false path constraint.


6. checking no_output_delay (54)
--------------------------------
 There are 54 ports with no output delay specified. (HIGH)

 There are 0 ports with no output delay but user has a false path constraint

 There are 0 ports with no output delay but with a timing clock defined on it or propagating through it


7. checking multiple_clock (0)
------------------------------
 There are 0 register/latch pins with multiple clocks.


8. checking generated_clocks (0)
--------------------------------
 There are 0 generated clocks that are not connected to a clock source.


9. checking loops (0)
---------------------
 There are 0 combinational loops in the design.


10. checking partial_input_delay (0)
------------------------------------
 There are 0 input ports with partial input delay specified.


11. checking partial_output_delay (0)
-------------------------------------
 There are 0 ports with partial output delay specified.


12. checking latch_loops (0)
----------------------------
 There are 0 combinational latch loops in the design through latch input



------------------------------------------------------------------------------------------------
| Design Timing Summary
| ---------------------
------------------------------------------------------------------------------------------------

    WNS(ns)      TNS(ns)  TNS Failing Endpoints  TNS Total Endpoints     WPWS(ns)     TPWS(ns)  TPWS Failing Endpoints  TPWS Total Endpoints  
    -------      -------  ---------------------  -------------------     --------     --------  ----------------------  --------------------  
      4.594        0.000                      0                 5115        4.458        0.000                       0                  2457  


All user specified timing constraints are met.


------------------------------------------------------------------------------------------------
| Clock Summary
| -------------
------------------------------------------------------------------------------------------------

Clock   Waveform(ns)       Period(ns)      Frequency(MHz)
-----   ------------       ----------      --------------
ap_clk  {0.000 5.000}      10.000          100.000         


------------------------------------------------------------------------------------------------
| Intra Clock Table
| -----------------
------------------------------------------------------------------------------------------------

Clock             WNS(ns)      TNS(ns)  TNS Failing Endpoints  TNS Total Endpoints     WPWS(ns)     TPWS(ns)  TPWS Failing Endpoints  TPWS Total Endpoints  
-----             -------      -------  ---------------------  -------------------     --------     --------  ----------------------  --------------------  
ap_clk              4.594        0.000                      0                 5115        4.458        0.000                       0                  2457  


------------------------------------------------------------------------------------------------
| Inter Clock Table
| -----------------
------------------------------------------------------------------------------------------------

From Clock    To Clock          WNS(ns)      TNS(ns)  TNS Failing Endpoints  TNS Total Endpoints  
----------    --------          -------      -------  ---------------------  -------------------  


------------------------------------------------------------------------------------------------
| Other Path Groups Table
| -----------------------
------------------------------------------------------------------------------------------------

Path Group    From Clock    To Clock          WNS(ns)      TNS(ns)  TNS Failing Endpoints  TNS Total Endpoints  
----------    ----------    --------          -------      -------  ---------------------  -------------------  


------------------------------------------------------------------------------------------------
| User Ignored Path Table
| -----------------------
------------------------------------------------------------------------------------------------

Path Group    From Clock    To Clock    
----------    ----------    --------    


------------------------------------------------------------------------------------------------
| Unconstrained Path Table
| ------------------------
------------------------------------------------------------------------------------------------

Path Group    From Clock    To Clock    
----------    ----------    --------    
(none)                                    
(none)        ap_clk                      
(none)                      ap_clk        


------------------------------------------------------------------------------------------------
| Timing Details
| --------------
------------------------------------------------------------------------------------------------


---------------------------------------------------------------------------------------------------
From Clock:  ap_clk
  To Clock:  ap_clk

Setup :            0  Failing Endpoints,  Worst Slack        4.594ns,  Total Violation        0.000ns
Hold  :           NA  Failing Endpoints,  Worst Slack           NA  ,  Total Violation           NA
PW    :            0  Failing Endpoints,  Worst Slack        4.458ns,  Total Violation        0.000ns
---------------------------------------------------------------------------------------------------


Max Delay Paths
--------------------------------------------------------------------------------------
Slack (MET) :             4.594ns  (required time - arrival time)
  Source:                 layer2_out_reg_309_reg[1]/C
                            (rising edge-triggered cell FDRE clocked by ap_clk  {rise@0.000ns fall@5.000ns period=10.000ns})
  Destination:            layer4_out_6_reg_414_reg[15]/D
                            (rising edge-triggered cell FDRE clocked by ap_clk  {rise@0.000ns fall@5.000ns period=10.000ns})
  Path Group:             ap_clk
  Path Type:              Setup (Max at Slow Process Corner)
  Requirement:            10.000ns  (ap_clk rise@10.000ns - ap_clk rise@0.000ns)
  Data Path Delay:        5.387ns  (logic 2.697ns (50.065%)  route 2.690ns (49.935%))
  Logic Levels:           21  (CARRY8=4 DSP_A_B_DATA=1 DSP_ALU=1 DSP_M_DATA=1 DSP_MULTIPLIER=1 DSP_OUTPUT=1 DSP_PREADD_DATA=1 LUT2=1 LUT3=3 LUT4=1 LUT5=2 LUT6=4)
  Clock Path Skew:        -0.009ns (DCD - SCD + CPR)
    Destination Clock Delay (DCD):    0.021ns = ( 10.021 - 10.000 ) 
    Source Clock Delay      (SCD):    0.030ns
    Clock Pessimism Removal (CPR):    0.000ns
  Clock Uncertainty:      0.035ns  ((TSJ^2 + TIJ^2)^1/2 + DJ) / 2 + PE
    Total System Jitter     (TSJ):    0.071ns
    Total Input Jitter      (TIJ):    0.000ns
    Discrete Jitter          (DJ):    0.000ns
    Phase Error              (PE):    0.000ns

    Location             Delay type                Incr(ns)  Path(ns)    Netlist Resource(s)
  -------------------------------------------------------------------    -------------------
                         (clock ap_clk rise edge)     0.000     0.000 r  
                                                      0.000     0.000 r  ap_clk (IN)
                         net (fo=2474, unset)         0.030     0.030    ap_clk
                         FDRE                                         r  layer2_out_reg_309_reg[1]/C
  -------------------------------------------------------------------    -------------------
                         FDRE (Prop_FDRE_C_Q)         0.077     0.107 f  layer2_out_reg_309_reg[1]/Q
                         net (fo=6, unplaced)         0.159     0.266    grp_dense_latency_ap_fixed_16_6_5_3_0_ap_fixed_16_6_5_3_0_config4_s_fu_91/mul_16s_12s_26_1_1_U13/Q[1]
                         LUT2 (Prop_LUT2_I1_O)        0.070     0.336 f  grp_dense_latency_ap_fixed_16_6_5_3_0_ap_fixed_16_6_5_3_0_config4_s_fu_91/mul_16s_12s_26_1_1_U13/icmp_ln45_fu_112_p2_carry_i_8/O
                         net (fo=1, unplaced)         0.260     0.596    call_ret2_relu_ap_fixed_16_6_5_3_0_ap_fixed_16_6_5_3_0_relu_config3_s_fu_79/DI[0]
                         CARRY8 (Prop_CARRY8_DI[0]_CO[7])
                                                      0.140     0.736 f  call_ret2_relu_ap_fixed_16_6_5_3_0_ap_fixed_16_6_5_3_0_relu_config3_s_fu_79/icmp_ln45_fu_112_p2_carry/CO[7]
                         net (fo=46, unplaced)        0.183     0.919    call_ret2_relu_ap_fixed_16_6_5_3_0_ap_fixed_16_6_5_3_0_relu_config3_s_fu_79/CO[0]
                         LUT3 (Prop_LUT3_I1_O)        0.038     0.957 f  call_ret2_relu_ap_fixed_16_6_5_3_0_ap_fixed_16_6_5_3_0_relu_config3_s_fu_79/tmp_product_i_126__1/O
                         net (fo=1, unplaced)         0.186     1.143    grp_dense_latency_ap_fixed_16_6_5_3_0_ap_fixed_16_6_5_3_0_config4_s_fu_91/mul_16s_12s_26_1_1_U13/tmp_product_i_58__0
                         LUT6 (Prop_LUT6_I0_O)        0.038     1.181 f  grp_dense_latency_ap_fixed_16_6_5_3_0_ap_fixed_16_6_5_3_0_config4_s_fu_91/mul_16s_12s_26_1_1_U13/tmp_product_i_102__1/O
                         net (fo=2, unplaced)         0.186     1.367    grp_dense_latency_ap_fixed_16_6_5_3_0_ap_fixed_16_6_5_3_0_config4_s_fu_91/mul_16s_12s_26_1_1_U13/data_0_val_read_reg_1922_reg[8]
                         LUT6 (Prop_LUT6_I2_O)        0.038     1.405 f  grp_dense_latency_ap_fixed_16_6_5_3_0_ap_fixed_16_6_5_3_0_config4_s_fu_91/mul_16s_12s_26_1_1_U13/tmp_product_i_68__5/O
                         net (fo=1, unplaced)         0.186     1.591    grp_dense_latency_ap_fixed_16_6_5_3_0_ap_fixed_16_6_5_3_0_config4_s_fu_91/mul_16s_12s_26_1_1_U13/tmp_product_i_68__5_n_0
                         LUT6 (Prop_LUT6_I3_O)        0.038     1.629 f  grp_dense_latency_ap_fixed_16_6_5_3_0_ap_fixed_16_6_5_3_0_config4_s_fu_91/mul_16s_12s_26_1_1_U13/tmp_product_i_18__1/O
                         net (fo=1, unplaced)         0.228     1.857    grp_dense_latency_ap_fixed_16_6_5_3_0_ap_fixed_16_6_5_3_0_config4_s_fu_91/mul_16s_12s_26_1_1_U13/tmp_product/A[8]
                         DSP_A_B_DATA (Prop_DSP_A_B_DATA_A[8]_A2_DATA[8])
                                                      0.192     2.049 r  grp_dense_latency_ap_fixed_16_6_5_3_0_ap_fixed_16_6_5_3_0_config4_s_fu_91/mul_16s_12s_26_1_1_U13/tmp_product/DSP_A_B_DATA_INST/A2_DATA[8]
                         net (fo=1, unplaced)         0.000     2.049    grp_dense_latency_ap_fixed_16_6_5_3_0_ap_fixed_16_6_5_3_0_config4_s_fu_91/mul_16s_12s_26_1_1_U13/tmp_product/DSP_A_B_DATA.A2_DATA<8>
                         DSP_PREADD_DATA (Prop_DSP_PREADD_DATA_A2_DATA[8]_A2A1[8])
                                                      0.076     2.125 r  grp_dense_latency_ap_fixed_16_6_5_3_0_ap_fixed_16_6_5_3_0_config4_s_fu_91/mul_16s_12s_26_1_1_U13/tmp_product/DSP_PREADD_DATA_INST/A2A1[8]
                         net (fo=1, unplaced)         0.000     2.125    grp_dense_latency_ap_fixed_16_6_5_3_0_ap_fixed_16_6_5_3_0_config4_s_fu_91/mul_16s_12s_26_1_1_U13/tmp_product/DSP_PREADD_DATA.A2A1<8>
                         DSP_MULTIPLIER (Prop_DSP_MULTIPLIER_A2A1[8]_U[10])
                                                      0.505     2.630 f  grp_dense_latency_ap_fixed_16_6_5_3_0_ap_fixed_16_6_5_3_0_config4_s_fu_91/mul_16s_12s_26_1_1_U13/tmp_product/DSP_MULTIPLIER_INST/U[10]
                         net (fo=1, unplaced)         0.000     2.630    grp_dense_latency_ap_fixed_16_6_5_3_0_ap_fixed_16_6_5_3_0_config4_s_fu_91/mul_16s_12s_26_1_1_U13/tmp_product/DSP_MULTIPLIER.U<10>
                         DSP_M_DATA (Prop_DSP_M_DATA_U[10]_U_DATA[10])
                                                      0.047     2.677 r  grp_dense_latency_ap_fixed_16_6_5_3_0_ap_fixed_16_6_5_3_0_config4_s_fu_91/mul_16s_12s_26_1_1_U13/tmp_product/DSP_M_DATA_INST/U_DATA[10]
                         net (fo=1, unplaced)         0.000     2.677    grp_dense_latency_ap_fixed_16_6_5_3_0_ap_fixed_16_6_5_3_0_config4_s_fu_91/mul_16s_12s_26_1_1_U13/tmp_product/DSP_M_DATA.U_DATA<10>
                         DSP_ALU (Prop_DSP_ALU_U_DATA[10]_ALU_OUT[10])
                                                      0.585     3.262 f  grp_dense_latency_ap_fixed_16_6_5_3_0_ap_fixed_16_6_5_3_0_config4_s_fu_91/mul_16s_12s_26_1_1_U13/tmp_product/DSP_ALU_INST/ALU_OUT[10]
                         net (fo=1, unplaced)         0.000     3.262    grp_dense_latency_ap_fixed_16_6_5_3_0_ap_fixed_16_6_5_3_0_config4_s_fu_91/mul_16s_12s_26_1_1_U13/tmp_product/DSP_ALU.ALU_OUT<10>
                         DSP_OUTPUT (Prop_DSP_OUTPUT_ALU_OUT[10]_P[10])
                                                      0.109     3.371 r  grp_dense_latency_ap_fixed_16_6_5_3_0_ap_fixed_16_6_5_3_0_config4_s_fu_91/mul_16s_12s_26_1_1_U13/tmp_product/DSP_OUTPUT_INST/P[10]
                         net (fo=13, unplaced)        0.246     3.617    grp_dense_latency_ap_fixed_16_6_5_3_0_ap_fixed_16_6_5_3_0_config4_s_fu_91/mul_16s_12s_26_1_1_U13/P[0]
                         LUT3 (Prop_LUT3_I2_O)        0.070     3.687 r  grp_dense_latency_ap_fixed_16_6_5_3_0_ap_fixed_16_6_5_3_0_config4_s_fu_91/mul_16s_12s_26_1_1_U13/layer4_out_6_reg_414[15]_i_52/O
                         net (fo=2, unplaced)         0.219     3.906    grp_dense_latency_ap_fixed_16_6_5_3_0_ap_fixed_16_6_5_3_0_config4_s_fu_91/mul_16s_12s_26_1_1_U13/layer4_out_6_reg_414[15]_i_52_n_0
                         LUT4 (Prop_LUT4_I3_O)        0.037     3.943 r  grp_dense_latency_ap_fixed_16_6_5_3_0_ap_fixed_16_6_5_3_0_config4_s_fu_91/mul_16s_12s_26_1_1_U13/layer4_out_6_reg_414[15]_i_59/O
                         net (fo=1, unplaced)         0.023     3.966    grp_dense_latency_ap_fixed_16_6_5_3_0_ap_fixed_16_6_5_3_0_config4_s_fu_91/mul_16s_12s_26_1_1_U13/layer4_out_6_reg_414[15]_i_59_n_0
                         CARRY8 (Prop_CARRY8_S[1]_O[4])
                                                      0.204     4.170 r  grp_dense_latency_ap_fixed_16_6_5_3_0_ap_fixed_16_6_5_3_0_config4_s_fu_91/mul_16s_12s_26_1_1_U13/layer4_out_6_reg_414_reg[15]_i_23/O[4]
                         net (fo=4, unplaced)         0.196     4.366    grp_dense_latency_ap_fixed_16_6_5_3_0_ap_fixed_16_6_5_3_0_config4_s_fu_91/mul_16s_12s_26_1_1_U13/layer4_out_6_reg_414_reg[15]_i_23_n_11
                         LUT3 (Prop_LUT3_I1_O)        0.038     4.404 r  grp_dense_latency_ap_fixed_16_6_5_3_0_ap_fixed_16_6_5_3_0_config4_s_fu_91/mul_16s_12s_26_1_1_U13/layer4_out_6_reg_414[7]_i_23/O
                         net (fo=2, unplaced)         0.186     4.590    grp_dense_latency_ap_fixed_16_6_5_3_0_ap_fixed_16_6_5_3_0_config4_s_fu_91/mul_16s_12s_26_1_1_U13/layer4_out_6_reg_414[7]_i_23_n_0
                         LUT6 (Prop_LUT6_I5_O)        0.038     4.628 r  grp_dense_latency_ap_fixed_16_6_5_3_0_ap_fixed_16_6_5_3_0_config4_s_fu_91/mul_16s_12s_26_1_1_U13/layer4_out_6_reg_414[7]_i_19/O
                         net (fo=2, unplaced)         0.186     4.814    grp_dense_latency_ap_fixed_16_6_5_3_0_ap_fixed_16_6_5_3_0_config4_s_fu_91/mul_16s_12s_26_1_1_U13/layer4_out_6_reg_414[7]_i_19_n_0
                         LUT5 (Prop_LUT5_I0_O)        0.038     4.852 r  grp_dense_latency_ap_fixed_16_6_5_3_0_ap_fixed_16_6_5_3_0_config4_s_fu_91/mul_16s_12s_26_1_1_U13/layer4_out_6_reg_414[7]_i_4/O
                         net (fo=2, unplaced)         0.186     5.038    grp_dense_latency_ap_fixed_16_6_5_3_0_ap_fixed_16_6_5_3_0_config4_s_fu_91/mul_16s_12s_26_1_1_U13/layer4_out_6_reg_414[7]_i_4_n_0
                         LUT5 (Prop_LUT5_I0_O)        0.037     5.075 r  grp_dense_latency_ap_fixed_16_6_5_3_0_ap_fixed_16_6_5_3_0_config4_s_fu_91/mul_16s_12s_26_1_1_U13/layer4_out_6_reg_414[7]_i_11/O
                         net (fo=1, unplaced)         0.029     5.104    grp_dense_latency_ap_fixed_16_6_5_3_0_ap_fixed_16_6_5_3_0_config4_s_fu_91/mul_16s_12s_26_1_1_U13/layer4_out_6_reg_414[7]_i_11_n_0
                         CARRY8 (Prop_CARRY8_S[5]_CO[7])
                                                      0.166     5.270 r  grp_dense_latency_ap_fixed_16_6_5_3_0_ap_fixed_16_6_5_3_0_config4_s_fu_91/mul_16s_12s_26_1_1_U13/layer4_out_6_reg_414_reg[7]_i_1/CO[7]
                         net (fo=1, unplaced)         0.005     5.275    grp_dense_latency_ap_fixed_16_6_5_3_0_ap_fixed_16_6_5_3_0_config4_s_fu_91/mul_16s_12s_26_1_1_U13/layer4_out_6_reg_414_reg[7]_i_1_n_0
                         CARRY8 (Prop_CARRY8_CI_O[7])
                                                      0.116     5.391 r  grp_dense_latency_ap_fixed_16_6_5_3_0_ap_fixed_16_6_5_3_0_config4_s_fu_91/mul_16s_12s_26_1_1_U13/layer4_out_6_reg_414_reg[15]_i_1/O[7]
                         net (fo=1, unplaced)         0.026     5.417    grp_dense_latency_ap_fixed_16_6_5_3_0_ap_fixed_16_6_5_3_0_config4_s_fu_91_ap_return_6[15]
                         FDRE                                         r  layer4_out_6_reg_414_reg[15]/D
  -------------------------------------------------------------------    -------------------

                         (clock ap_clk rise edge)    10.000    10.000 r  
                                                      0.000    10.000 r  ap_clk (IN)
                         net (fo=2474, unset)         0.021    10.021    ap_clk
                         FDRE                                         r  layer4_out_6_reg_414_reg[15]/C
                         clock pessimism              0.000    10.021    
                         clock uncertainty           -0.035     9.986    
                         FDRE (Setup_FDRE_C_D)        0.025    10.011    layer4_out_6_reg_414_reg[15]
  -------------------------------------------------------------------
                         required time                         10.011    
                         arrival time                          -5.417    
  -------------------------------------------------------------------
                         slack                                  4.594    

Slack (MET) :             4.595ns  (required time - arrival time)
  Source:                 layer2_out_reg_309_reg[1]/C
                            (rising edge-triggered cell FDRE clocked by ap_clk  {rise@0.000ns fall@5.000ns period=10.000ns})
  Destination:            layer4_out_6_reg_414_reg[13]/D
                            (rising edge-triggered cell FDRE clocked by ap_clk  {rise@0.000ns fall@5.000ns period=10.000ns})
  Path Group:             ap_clk
  Path Type:              Setup (Max at Slow Process Corner)
  Requirement:            10.000ns  (ap_clk rise@10.000ns - ap_clk rise@0.000ns)
  Data Path Delay:        5.386ns  (logic 2.697ns (50.074%)  route 2.689ns (49.926%))
  Logic Levels:           21  (CARRY8=4 DSP_A_B_DATA=1 DSP_ALU=1 DSP_M_DATA=1 DSP_MULTIPLIER=1 DSP_OUTPUT=1 DSP_PREADD_DATA=1 LUT2=1 LUT3=3 LUT4=1 LUT5=2 LUT6=4)
  Clock Path Skew:        -0.009ns (DCD - SCD + CPR)
    Destination Clock Delay (DCD):    0.021ns = ( 10.021 - 10.000 ) 
    Source Clock Delay      (SCD):    0.030ns
    Clock Pessimism Removal (CPR):    0.000ns
  Clock Uncertainty:      0.035ns  ((TSJ^2 + TIJ^2)^1/2 + DJ) / 2 + PE
    Total System Jitter     (TSJ):    0.071ns
    Total Input Jitter      (TIJ):    0.000ns
    Discrete Jitter          (DJ):    0.000ns
    Phase Error              (PE):    0.000ns

    Location             Delay type                Incr(ns)  Path(ns)    Netlist Resource(s)
  -------------------------------------------------------------------    -------------------
                         (clock ap_clk rise edge)     0.000     0.000 r  
                                                      0.000     0.000 r  ap_clk (IN)
                         net (fo=2474, unset)         0.030     0.030    ap_clk
                         FDRE                                         r  layer2_out_reg_309_reg[1]/C
  -------------------------------------------------------------------    -------------------
                         FDRE (Prop_FDRE_C_Q)         0.077     0.107 f  layer2_out_reg_309_reg[1]/Q
                         net (fo=6, unplaced)         0.159     0.266    grp_dense_latency_ap_fixed_16_6_5_3_0_ap_fixed_16_6_5_3_0_config4_s_fu_91/mul_16s_12s_26_1_1_U13/Q[1]
                         LUT2 (Prop_LUT2_I1_O)        0.070     0.336 f  grp_dense_latency_ap_fixed_16_6_5_3_0_ap_fixed_16_6_5_3_0_config4_s_fu_91/mul_16s_12s_26_1_1_U13/icmp_ln45_fu_112_p2_carry_i_8/O
                         net (fo=1, unplaced)         0.260     0.596    call_ret2_relu_ap_fixed_16_6_5_3_0_ap_fixed_16_6_5_3_0_relu_config3_s_fu_79/DI[0]
                         CARRY8 (Prop_CARRY8_DI[0]_CO[7])
                                                      0.140     0.736 f  call_ret2_relu_ap_fixed_16_6_5_3_0_ap_fixed_16_6_5_3_0_relu_config3_s_fu_79/icmp_ln45_fu_112_p2_carry/CO[7]
                         net (fo=46, unplaced)        0.183     0.919    call_ret2_relu_ap_fixed_16_6_5_3_0_ap_fixed_16_6_5_3_0_relu_config3_s_fu_79/CO[0]
                         LUT3 (Prop_LUT3_I1_O)        0.038     0.957 f  call_ret2_relu_ap_fixed_16_6_5_3_0_ap_fixed_16_6_5_3_0_relu_config3_s_fu_79/tmp_product_i_126__1/O
                         net (fo=1, unplaced)         0.186     1.143    grp_dense_latency_ap_fixed_16_6_5_3_0_ap_fixed_16_6_5_3_0_config4_s_fu_91/mul_16s_12s_26_1_1_U13/tmp_product_i_58__0
                         LUT6 (Prop_LUT6_I0_O)        0.038     1.181 f  grp_dense_latency_ap_fixed_16_6_5_3_0_ap_fixed_16_6_5_3_0_config4_s_fu_91/mul_16s_12s_26_1_1_U13/tmp_product_i_102__1/O
                         net (fo=2, unplaced)         0.186     1.367    grp_dense_latency_ap_fixed_16_6_5_3_0_ap_fixed_16_6_5_3_0_config4_s_fu_91/mul_16s_12s_26_1_1_U13/data_0_val_read_reg_1922_reg[8]
                         LUT6 (Prop_LUT6_I2_O)        0.038     1.405 f  grp_dense_latency_ap_fixed_16_6_5_3_0_ap_fixed_16_6_5_3_0_config4_s_fu_91/mul_16s_12s_26_1_1_U13/tmp_product_i_68__5/O
                         net (fo=1, unplaced)         0.186     1.591    grp_dense_latency_ap_fixed_16_6_5_3_0_ap_fixed_16_6_5_3_0_config4_s_fu_91/mul_16s_12s_26_1_1_U13/tmp_product_i_68__5_n_0
                         LUT6 (Prop_LUT6_I3_O)        0.038     1.629 f  grp_dense_latency_ap_fixed_16_6_5_3_0_ap_fixed_16_6_5_3_0_config4_s_fu_91/mul_16s_12s_26_1_1_U13/tmp_product_i_18__1/O
                         net (fo=1, unplaced)         0.228     1.857    grp_dense_latency_ap_fixed_16_6_5_3_0_ap_fixed_16_6_5_3_0_config4_s_fu_91/mul_16s_12s_26_1_1_U13/tmp_product/A[8]
                         DSP_A_B_DATA (Prop_DSP_A_B_DATA_A[8]_A2_DATA[8])
                                                      0.192     2.049 r  grp_dense_latency_ap_fixed_16_6_5_3_0_ap_fixed_16_6_5_3_0_config4_s_fu_91/mul_16s_12s_26_1_1_U13/tmp_product/DSP_A_B_DATA_INST/A2_DATA[8]
                         net (fo=1, unplaced)         0.000     2.049    grp_dense_latency_ap_fixed_16_6_5_3_0_ap_fixed_16_6_5_3_0_config4_s_fu_91/mul_16s_12s_26_1_1_U13/tmp_product/DSP_A_B_DATA.A2_DATA<8>
                         DSP_PREADD_DATA (Prop_DSP_PREADD_DATA_A2_DATA[8]_A2A1[8])
                                                      0.076     2.125 r  grp_dense_latency_ap_fixed_16_6_5_3_0_ap_fixed_16_6_5_3_0_config4_s_fu_91/mul_16s_12s_26_1_1_U13/tmp_product/DSP_PREADD_DATA_INST/A2A1[8]
                         net (fo=1, unplaced)         0.000     2.125    grp_dense_latency_ap_fixed_16_6_5_3_0_ap_fixed_16_6_5_3_0_config4_s_fu_91/mul_16s_12s_26_1_1_U13/tmp_product/DSP_PREADD_DATA.A2A1<8>
                         DSP_MULTIPLIER (Prop_DSP_MULTIPLIER_A2A1[8]_U[10])
                                                      0.505     2.630 f  grp_dense_latency_ap_fixed_16_6_5_3_0_ap_fixed_16_6_5_3_0_config4_s_fu_91/mul_16s_12s_26_1_1_U13/tmp_product/DSP_MULTIPLIER_INST/U[10]
                         net (fo=1, unplaced)         0.000     2.630    grp_dense_latency_ap_fixed_16_6_5_3_0_ap_fixed_16_6_5_3_0_config4_s_fu_91/mul_16s_12s_26_1_1_U13/tmp_product/DSP_MULTIPLIER.U<10>
                         DSP_M_DATA (Prop_DSP_M_DATA_U[10]_U_DATA[10])
                                                      0.047     2.677 r  grp_dense_latency_ap_fixed_16_6_5_3_0_ap_fixed_16_6_5_3_0_config4_s_fu_91/mul_16s_12s_26_1_1_U13/tmp_product/DSP_M_DATA_INST/U_DATA[10]
                         net (fo=1, unplaced)         0.000     2.677    grp_dense_latency_ap_fixed_16_6_5_3_0_ap_fixed_16_6_5_3_0_config4_s_fu_91/mul_16s_12s_26_1_1_U13/tmp_product/DSP_M_DATA.U_DATA<10>
                         DSP_ALU (Prop_DSP_ALU_U_DATA[10]_ALU_OUT[10])
                                                      0.585     3.262 f  grp_dense_latency_ap_fixed_16_6_5_3_0_ap_fixed_16_6_5_3_0_config4_s_fu_91/mul_16s_12s_26_1_1_U13/tmp_product/DSP_ALU_INST/ALU_OUT[10]
                         net (fo=1, unplaced)         0.000     3.262    grp_dense_latency_ap_fixed_16_6_5_3_0_ap_fixed_16_6_5_3_0_config4_s_fu_91/mul_16s_12s_26_1_1_U13/tmp_product/DSP_ALU.ALU_OUT<10>
                         DSP_OUTPUT (Prop_DSP_OUTPUT_ALU_OUT[10]_P[10])
                                                      0.109     3.371 r  grp_dense_latency_ap_fixed_16_6_5_3_0_ap_fixed_16_6_5_3_0_config4_s_fu_91/mul_16s_12s_26_1_1_U13/tmp_product/DSP_OUTPUT_INST/P[10]
                         net (fo=13, unplaced)        0.246     3.617    grp_dense_latency_ap_fixed_16_6_5_3_0_ap_fixed_16_6_5_3_0_config4_s_fu_91/mul_16s_12s_26_1_1_U13/P[0]
                         LUT3 (Prop_LUT3_I2_O)        0.070     3.687 r  grp_dense_latency_ap_fixed_16_6_5_3_0_ap_fixed_16_6_5_3_0_config4_s_fu_91/mul_16s_12s_26_1_1_U13/layer4_out_6_reg_414[15]_i_52/O
                         net (fo=2, unplaced)         0.219     3.906    grp_dense_latency_ap_fixed_16_6_5_3_0_ap_fixed_16_6_5_3_0_config4_s_fu_91/mul_16s_12s_26_1_1_U13/layer4_out_6_reg_414[15]_i_52_n_0
                         LUT4 (Prop_LUT4_I3_O)        0.037     3.943 r  grp_dense_latency_ap_fixed_16_6_5_3_0_ap_fixed_16_6_5_3_0_config4_s_fu_91/mul_16s_12s_26_1_1_U13/layer4_out_6_reg_414[15]_i_59/O
                         net (fo=1, unplaced)         0.023     3.966    grp_dense_latency_ap_fixed_16_6_5_3_0_ap_fixed_16_6_5_3_0_config4_s_fu_91/mul_16s_12s_26_1_1_U13/layer4_out_6_reg_414[15]_i_59_n_0
                         CARRY8 (Prop_CARRY8_S[1]_O[4])
                                                      0.204     4.170 r  grp_dense_latency_ap_fixed_16_6_5_3_0_ap_fixed_16_6_5_3_0_config4_s_fu_91/mul_16s_12s_26_1_1_U13/layer4_out_6_reg_414_reg[15]_i_23/O[4]
                         net (fo=4, unplaced)         0.196     4.366    grp_dense_latency_ap_fixed_16_6_5_3_0_ap_fixed_16_6_5_3_0_config4_s_fu_91/mul_16s_12s_26_1_1_U13/layer4_out_6_reg_414_reg[15]_i_23_n_11
                         LUT3 (Prop_LUT3_I1_O)        0.038     4.404 r  grp_dense_latency_ap_fixed_16_6_5_3_0_ap_fixed_16_6_5_3_0_config4_s_fu_91/mul_16s_12s_26_1_1_U13/layer4_out_6_reg_414[7]_i_23/O
                         net (fo=2, unplaced)         0.186     4.590    grp_dense_latency_ap_fixed_16_6_5_3_0_ap_fixed_16_6_5_3_0_config4_s_fu_91/mul_16s_12s_26_1_1_U13/layer4_out_6_reg_414[7]_i_23_n_0
                         LUT6 (Prop_LUT6_I5_O)        0.038     4.628 r  grp_dense_latency_ap_fixed_16_6_5_3_0_ap_fixed_16_6_5_3_0_config4_s_fu_91/mul_16s_12s_26_1_1_U13/layer4_out_6_reg_414[7]_i_19/O
                         net (fo=2, unplaced)         0.186     4.814    grp_dense_latency_ap_fixed_16_6_5_3_0_ap_fixed_16_6_5_3_0_config4_s_fu_91/mul_16s_12s_26_1_1_U13/layer4_out_6_reg_414[7]_i_19_n_0
                         LUT5 (Prop_LUT5_I0_O)        0.038     4.852 r  grp_dense_latency_ap_fixed_16_6_5_3_0_ap_fixed_16_6_5_3_0_config4_s_fu_91/mul_16s_12s_26_1_1_U13/layer4_out_6_reg_414[7]_i_4/O
                         net (fo=2, unplaced)         0.186     5.038    grp_dense_latency_ap_fixed_16_6_5_3_0_ap_fixed_16_6_5_3_0_config4_s_fu_91/mul_16s_12s_26_1_1_U13/layer4_out_6_reg_414[7]_i_4_n_0
                         LUT5 (Prop_LUT5_I0_O)        0.037     5.075 r  grp_dense_latency_ap_fixed_16_6_5_3_0_ap_fixed_16_6_5_3_0_config4_s_fu_91/mul_16s_12s_26_1_1_U13/layer4_out_6_reg_414[7]_i_11/O
                         net (fo=1, unplaced)         0.029     5.104    grp_dense_latency_ap_fixed_16_6_5_3_0_ap_fixed_16_6_5_3_0_config4_s_fu_91/mul_16s_12s_26_1_1_U13/layer4_out_6_reg_414[7]_i_11_n_0
                         CARRY8 (Prop_CARRY8_S[5]_CO[7])
                                                      0.166     5.270 r  grp_dense_latency_ap_fixed_16_6_5_3_0_ap_fixed_16_6_5_3_0_config4_s_fu_91/mul_16s_12s_26_1_1_U13/layer4_out_6_reg_414_reg[7]_i_1/CO[7]
                         net (fo=1, unplaced)         0.005     5.275    grp_dense_latency_ap_fixed_16_6_5_3_0_ap_fixed_16_6_5_3_0_config4_s_fu_91/mul_16s_12s_26_1_1_U13/layer4_out_6_reg_414_reg[7]_i_1_n_0
                         CARRY8 (Prop_CARRY8_CI_O[5])
                                                      0.116     5.391 r  grp_dense_latency_ap_fixed_16_6_5_3_0_ap_fixed_16_6_5_3_0_config4_s_fu_91/mul_16s_12s_26_1_1_U13/layer4_out_6_reg_414_reg[15]_i_1/O[5]
                         net (fo=1, unplaced)         0.025     5.416    grp_dense_latency_ap_fixed_16_6_5_3_0_ap_fixed_16_6_5_3_0_config4_s_fu_91_ap_return_6[13]
                         FDRE                                         r  layer4_out_6_reg_414_reg[13]/D
  -------------------------------------------------------------------    -------------------

                         (clock ap_clk rise edge)    10.000    10.000 r  
                                                      0.000    10.000 r  ap_clk (IN)
                         net (fo=2474, unset)         0.021    10.021    ap_clk
                         FDRE                                         r  layer4_out_6_reg_414_reg[13]/C
                         clock pessimism              0.000    10.021    
                         clock uncertainty           -0.035     9.986    
                         FDRE (Setup_FDRE_C_D)        0.025    10.011    layer4_out_6_reg_414_reg[13]
  -------------------------------------------------------------------
                         required time                         10.011    
                         arrival time                          -5.416    
  -------------------------------------------------------------------
                         slack                                  4.595    

Slack (MET) :             4.600ns  (required time - arrival time)
  Source:                 layer2_out_reg_309_reg[1]/C
                            (rising edge-triggered cell FDRE clocked by ap_clk  {rise@0.000ns fall@5.000ns period=10.000ns})
  Destination:            grp_dense_latency_ap_fixed_16_6_5_3_0_ap_fixed_16_6_5_3_0_config4_s_fu_91/add_ln58_38_reg_2200_reg[15]/D
                            (rising edge-triggered cell FDRE clocked by ap_clk  {rise@0.000ns fall@5.000ns period=10.000ns})
  Path Group:             ap_clk
  Path Type:              Setup (Max at Slow Process Corner)
  Requirement:            10.000ns  (ap_clk rise@10.000ns - ap_clk rise@0.000ns)
  Data Path Delay:        5.381ns  (logic 2.687ns (49.935%)  route 2.694ns (50.065%))
  Logic Levels:           21  (CARRY8=4 DSP_A_B_DATA=1 DSP_ALU=1 DSP_M_DATA=1 DSP_MULTIPLIER=1 DSP_OUTPUT=1 DSP_PREADD_DATA=1 LUT2=1 LUT3=3 LUT4=1 LUT6=6)
  Clock Path Skew:        -0.009ns (DCD - SCD + CPR)
    Destination Clock Delay (DCD):    0.021ns = ( 10.021 - 10.000 ) 
    Source Clock Delay      (SCD):    0.030ns
    Clock Pessimism Removal (CPR):    0.000ns
  Clock Uncertainty:      0.035ns  ((TSJ^2 + TIJ^2)^1/2 + DJ) / 2 + PE
    Total System Jitter     (TSJ):    0.071ns
    Total Input Jitter      (TIJ):    0.000ns
    Discrete Jitter          (DJ):    0.000ns
    Phase Error              (PE):    0.000ns

    Location             Delay type                Incr(ns)  Path(ns)    Netlist Resource(s)
  -------------------------------------------------------------------    -------------------
                         (clock ap_clk rise edge)     0.000     0.000 r  
                                                      0.000     0.000 r  ap_clk (IN)
                         net (fo=2474, unset)         0.030     0.030    ap_clk
                         FDRE                                         r  layer2_out_reg_309_reg[1]/C
  -------------------------------------------------------------------    -------------------
                         FDRE (Prop_FDRE_C_Q)         0.077     0.107 f  layer2_out_reg_309_reg[1]/Q
                         net (fo=6, unplaced)         0.159     0.266    grp_dense_latency_ap_fixed_16_6_5_3_0_ap_fixed_16_6_5_3_0_config4_s_fu_91/mul_16s_12s_26_1_1_U13/Q[1]
                         LUT2 (Prop_LUT2_I1_O)        0.070     0.336 f  grp_dense_latency_ap_fixed_16_6_5_3_0_ap_fixed_16_6_5_3_0_config4_s_fu_91/mul_16s_12s_26_1_1_U13/icmp_ln45_fu_112_p2_carry_i_8/O
                         net (fo=1, unplaced)         0.260     0.596    call_ret2_relu_ap_fixed_16_6_5_3_0_ap_fixed_16_6_5_3_0_relu_config3_s_fu_79/DI[0]
                         CARRY8 (Prop_CARRY8_DI[0]_CO[7])
                                                      0.140     0.736 f  call_ret2_relu_ap_fixed_16_6_5_3_0_ap_fixed_16_6_5_3_0_relu_config3_s_fu_79/icmp_ln45_fu_112_p2_carry/CO[7]
                         net (fo=46, unplaced)        0.183     0.919    call_ret2_relu_ap_fixed_16_6_5_3_0_ap_fixed_16_6_5_3_0_relu_config3_s_fu_79/CO[0]
                         LUT3 (Prop_LUT3_I1_O)        0.038     0.957 f  call_ret2_relu_ap_fixed_16_6_5_3_0_ap_fixed_16_6_5_3_0_relu_config3_s_fu_79/tmp_product_i_126__1/O
                         net (fo=1, unplaced)         0.186     1.143    grp_dense_latency_ap_fixed_16_6_5_3_0_ap_fixed_16_6_5_3_0_config4_s_fu_91/mul_16s_12s_26_1_1_U13/tmp_product_i_58__0
                         LUT6 (Prop_LUT6_I0_O)        0.038     1.181 f  grp_dense_latency_ap_fixed_16_6_5_3_0_ap_fixed_16_6_5_3_0_config4_s_fu_91/mul_16s_12s_26_1_1_U13/tmp_product_i_102__1/O
                         net (fo=2, unplaced)         0.186     1.367    grp_dense_latency_ap_fixed_16_6_5_3_0_ap_fixed_16_6_5_3_0_config4_s_fu_91/mul_16s_12s_26_1_1_U14/tmp_product_16
                         LUT6 (Prop_LUT6_I2_O)        0.038     1.405 f  grp_dense_latency_ap_fixed_16_6_5_3_0_ap_fixed_16_6_5_3_0_config4_s_fu_91/mul_16s_12s_26_1_1_U14/tmp_product_i_58__0/O
                         net (fo=1, unplaced)         0.186     1.591    grp_dense_latency_ap_fixed_16_6_5_3_0_ap_fixed_16_6_5_3_0_config4_s_fu_91/mul_16s_12s_26_1_1_U14/tmp_product_i_58__0_n_0
                         LUT6 (Prop_LUT6_I3_O)        0.038     1.629 f  grp_dense_latency_ap_fixed_16_6_5_3_0_ap_fixed_16_6_5_3_0_config4_s_fu_91/mul_16s_12s_26_1_1_U14/tmp_product_i_18__2/O
                         net (fo=1, unplaced)         0.228     1.857    grp_dense_latency_ap_fixed_16_6_5_3_0_ap_fixed_16_6_5_3_0_config4_s_fu_91/mul_16s_12s_26_1_1_U14/tmp_product/A[8]
                         DSP_A_B_DATA (Prop_DSP_A_B_DATA_A[8]_A2_DATA[8])
                                                      0.192     2.049 r  grp_dense_latency_ap_fixed_16_6_5_3_0_ap_fixed_16_6_5_3_0_config4_s_fu_91/mul_16s_12s_26_1_1_U14/tmp_product/DSP_A_B_DATA_INST/A2_DATA[8]
                         net (fo=1, unplaced)         0.000     2.049    grp_dense_latency_ap_fixed_16_6_5_3_0_ap_fixed_16_6_5_3_0_config4_s_fu_91/mul_16s_12s_26_1_1_U14/tmp_product/DSP_A_B_DATA.A2_DATA<8>
                         DSP_PREADD_DATA (Prop_DSP_PREADD_DATA_A2_DATA[8]_A2A1[8])
                                                      0.076     2.125 r  grp_dense_latency_ap_fixed_16_6_5_3_0_ap_fixed_16_6_5_3_0_config4_s_fu_91/mul_16s_12s_26_1_1_U14/tmp_product/DSP_PREADD_DATA_INST/A2A1[8]
                         net (fo=1, unplaced)         0.000     2.125    grp_dense_latency_ap_fixed_16_6_5_3_0_ap_fixed_16_6_5_3_0_config4_s_fu_91/mul_16s_12s_26_1_1_U14/tmp_product/DSP_PREADD_DATA.A2A1<8>
                         DSP_MULTIPLIER (Prop_DSP_MULTIPLIER_A2A1[8]_U[10])
                                                      0.505     2.630 f  grp_dense_latency_ap_fixed_16_6_5_3_0_ap_fixed_16_6_5_3_0_config4_s_fu_91/mul_16s_12s_26_1_1_U14/tmp_product/DSP_MULTIPLIER_INST/U[10]
                         net (fo=1, unplaced)         0.000     2.630    grp_dense_latency_ap_fixed_16_6_5_3_0_ap_fixed_16_6_5_3_0_config4_s_fu_91/mul_16s_12s_26_1_1_U14/tmp_product/DSP_MULTIPLIER.U<10>
                         DSP_M_DATA (Prop_DSP_M_DATA_U[10]_U_DATA[10])
                                                      0.047     2.677 r  grp_dense_latency_ap_fixed_16_6_5_3_0_ap_fixed_16_6_5_3_0_config4_s_fu_91/mul_16s_12s_26_1_1_U14/tmp_product/DSP_M_DATA_INST/U_DATA[10]
                         net (fo=1, unplaced)         0.000     2.677    grp_dense_latency_ap_fixed_16_6_5_3_0_ap_fixed_16_6_5_3_0_config4_s_fu_91/mul_16s_12s_26_1_1_U14/tmp_product/DSP_M_DATA.U_DATA<10>
                         DSP_ALU (Prop_DSP_ALU_U_DATA[10]_ALU_OUT[10])
                                                      0.585     3.262 f  grp_dense_latency_ap_fixed_16_6_5_3_0_ap_fixed_16_6_5_3_0_config4_s_fu_91/mul_16s_12s_26_1_1_U14/tmp_product/DSP_ALU_INST/ALU_OUT[10]
                         net (fo=1, unplaced)         0.000     3.262    grp_dense_latency_ap_fixed_16_6_5_3_0_ap_fixed_16_6_5_3_0_config4_s_fu_91/mul_16s_12s_26_1_1_U14/tmp_product/DSP_ALU.ALU_OUT<10>
                         DSP_OUTPUT (Prop_DSP_OUTPUT_ALU_OUT[10]_P[10])
                                                      0.109     3.371 r  grp_dense_latency_ap_fixed_16_6_5_3_0_ap_fixed_16_6_5_3_0_config4_s_fu_91/mul_16s_12s_26_1_1_U14/tmp_product/DSP_OUTPUT_INST/P[10]
                         net (fo=11, unplaced)        0.243     3.614    grp_dense_latency_ap_fixed_16_6_5_3_0_ap_fixed_16_6_5_3_0_config4_s_fu_91/mul_16s_12s_26_1_1_U14/P[0]
                         LUT3 (Prop_LUT3_I2_O)        0.070     3.684 r  grp_dense_latency_ap_fixed_16_6_5_3_0_ap_fixed_16_6_5_3_0_config4_s_fu_91/mul_16s_12s_26_1_1_U14/add_ln58_38_reg_2200[15]_i_60/O
                         net (fo=2, unplaced)         0.219     3.903    grp_dense_latency_ap_fixed_16_6_5_3_0_ap_fixed_16_6_5_3_0_config4_s_fu_91/mul_16s_12s_26_1_1_U14/add_ln58_38_reg_2200[15]_i_60_n_0
                         LUT4 (Prop_LUT4_I3_O)        0.037     3.940 r  grp_dense_latency_ap_fixed_16_6_5_3_0_ap_fixed_16_6_5_3_0_config4_s_fu_91/mul_16s_12s_26_1_1_U14/add_ln58_38_reg_2200[15]_i_67/O
                         net (fo=1, unplaced)         0.023     3.963    grp_dense_latency_ap_fixed_16_6_5_3_0_ap_fixed_16_6_5_3_0_config4_s_fu_91/mul_16s_12s_26_1_1_U14/add_ln58_38_reg_2200[15]_i_67_n_0
                         CARRY8 (Prop_CARRY8_S[1]_O[4])
                                                      0.204     4.167 r  grp_dense_latency_ap_fixed_16_6_5_3_0_ap_fixed_16_6_5_3_0_config4_s_fu_91/mul_16s_12s_26_1_1_U14/add_ln58_38_reg_2200_reg[15]_i_28/O[4]
                         net (fo=7, unplaced)         0.209     4.376    grp_dense_latency_ap_fixed_16_6_5_3_0_ap_fixed_16_6_5_3_0_config4_s_fu_91/mul_16s_12s_26_1_1_U14/add_ln58_38_reg_2200_reg[15]_i_28_n_11
                         LUT3 (Prop_LUT3_I1_O)        0.070     4.446 r  grp_dense_latency_ap_fixed_16_6_5_3_0_ap_fixed_16_6_5_3_0_config4_s_fu_91/mul_16s_12s_26_1_1_U14/add_ln58_38_reg_2200[7]_i_25/O
                         net (fo=2, unplaced)         0.186     4.632    grp_dense_latency_ap_fixed_16_6_5_3_0_ap_fixed_16_6_5_3_0_config4_s_fu_91/mul_16s_12s_26_1_1_U14/add_ln58_38_reg_2200[7]_i_25_n_0
                         LUT6 (Prop_LUT6_I5_O)        0.038     4.670 r  grp_dense_latency_ap_fixed_16_6_5_3_0_ap_fixed_16_6_5_3_0_config4_s_fu_91/mul_16s_12s_26_1_1_U14/add_ln58_38_reg_2200[7]_i_20/O
                         net (fo=2, unplaced)         0.186     4.856    grp_dense_latency_ap_fixed_16_6_5_3_0_ap_fixed_16_6_5_3_0_config4_s_fu_91/mul_16s_12s_26_1_1_U14/add_ln58_38_reg_2200[7]_i_20_n_0
                         LUT6 (Prop_LUT6_I5_O)        0.038     4.894 r  grp_dense_latency_ap_fixed_16_6_5_3_0_ap_fixed_16_6_5_3_0_config4_s_fu_91/mul_16s_12s_26_1_1_U14/add_ln58_38_reg_2200[7]_i_3/O
                         net (fo=2, unplaced)         0.186     5.080    grp_dense_latency_ap_fixed_16_6_5_3_0_ap_fixed_16_6_5_3_0_config4_s_fu_91/mul_16s_12s_26_1_1_U14/add_ln58_38_reg_2200[7]_i_3_n_0
                         LUT6 (Prop_LUT6_I0_O)        0.037     5.117 r  grp_dense_latency_ap_fixed_16_6_5_3_0_ap_fixed_16_6_5_3_0_config4_s_fu_91/mul_16s_12s_26_1_1_U14/add_ln58_38_reg_2200[7]_i_10/O
                         net (fo=1, unplaced)         0.023     5.140    grp_dense_latency_ap_fixed_16_6_5_3_0_ap_fixed_16_6_5_3_0_config4_s_fu_91/mul_16s_12s_26_1_1_U14/add_ln58_38_reg_2200[7]_i_10_n_0
                         CARRY8 (Prop_CARRY8_S[6]_CO[7])
                                                      0.124     5.264 r  grp_dense_latency_ap_fixed_16_6_5_3_0_ap_fixed_16_6_5_3_0_config4_s_fu_91/mul_16s_12s_26_1_1_U14/add_ln58_38_reg_2200_reg[7]_i_1/CO[7]
                         net (fo=1, unplaced)         0.005     5.269    grp_dense_latency_ap_fixed_16_6_5_3_0_ap_fixed_16_6_5_3_0_config4_s_fu_91/mul_16s_12s_26_1_1_U14/add_ln58_38_reg_2200_reg[7]_i_1_n_0
                         CARRY8 (Prop_CARRY8_CI_O[7])
                                                      0.116     5.385 r  grp_dense_latency_ap_fixed_16_6_5_3_0_ap_fixed_16_6_5_3_0_config4_s_fu_91/mul_16s_12s_26_1_1_U14/add_ln58_38_reg_2200_reg[15]_i_1/O[7]
                         net (fo=1, unplaced)         0.026     5.411    grp_dense_latency_ap_fixed_16_6_5_3_0_ap_fixed_16_6_5_3_0_config4_s_fu_91/add_ln58_38_fu_1682_p2[15]
                         FDRE                                         r  grp_dense_latency_ap_fixed_16_6_5_3_0_ap_fixed_16_6_5_3_0_config4_s_fu_91/add_ln58_38_reg_2200_reg[15]/D
  -------------------------------------------------------------------    -------------------

                         (clock ap_clk rise edge)    10.000    10.000 r  
                                                      0.000    10.000 r  ap_clk (IN)
                         net (fo=2474, unset)         0.021    10.021    grp_dense_latency_ap_fixed_16_6_5_3_0_ap_fixed_16_6_5_3_0_config4_s_fu_91/ap_clk
                         FDRE                                         r  grp_dense_latency_ap_fixed_16_6_5_3_0_ap_fixed_16_6_5_3_0_config4_s_fu_91/add_ln58_38_reg_2200_reg[15]/C
                         clock pessimism              0.000    10.021    
                         clock uncertainty           -0.035     9.986    
                         FDRE (Setup_FDRE_C_D)        0.025    10.011    grp_dense_latency_ap_fixed_16_6_5_3_0_ap_fixed_16_6_5_3_0_config4_s_fu_91/add_ln58_38_reg_2200_reg[15]
  -------------------------------------------------------------------
                         required time                         10.011    
                         arrival time                          -5.411    
  -------------------------------------------------------------------
                         slack                                  4.600    

Slack (MET) :             4.601ns  (required time - arrival time)
  Source:                 layer2_out_reg_309_reg[1]/C
                            (rising edge-triggered cell FDRE clocked by ap_clk  {rise@0.000ns fall@5.000ns period=10.000ns})
  Destination:            grp_dense_latency_ap_fixed_16_6_5_3_0_ap_fixed_16_6_5_3_0_config4_s_fu_91/add_ln58_38_reg_2200_reg[13]/D
                            (rising edge-triggered cell FDRE clocked by ap_clk  {rise@0.000ns fall@5.000ns period=10.000ns})
  Path Group:             ap_clk
  Path Type:              Setup (Max at Slow Process Corner)
  Requirement:            10.000ns  (ap_clk rise@10.000ns - ap_clk rise@0.000ns)
  Data Path Delay:        5.380ns  (logic 2.687ns (49.944%)  route 2.693ns (50.056%))
  Logic Levels:           21  (CARRY8=4 DSP_A_B_DATA=1 DSP_ALU=1 DSP_M_DATA=1 DSP_MULTIPLIER=1 DSP_OUTPUT=1 DSP_PREADD_DATA=1 LUT2=1 LUT3=3 LUT4=1 LUT6=6)
  Clock Path Skew:        -0.009ns (DCD - SCD + CPR)
    Destination Clock Delay (DCD):    0.021ns = ( 10.021 - 10.000 ) 
    Source Clock Delay      (SCD):    0.030ns
    Clock Pessimism Removal (CPR):    0.000ns
  Clock Uncertainty:      0.035ns  ((TSJ^2 + TIJ^2)^1/2 + DJ) / 2 + PE
    Total System Jitter     (TSJ):    0.071ns
    Total Input Jitter      (TIJ):    0.000ns
    Discrete Jitter          (DJ):    0.000ns
    Phase Error              (PE):    0.000ns

    Location             Delay type                Incr(ns)  Path(ns)    Netlist Resource(s)
  -------------------------------------------------------------------    -------------------
                         (clock ap_clk rise edge)     0.000     0.000 r  
                                                      0.000     0.000 r  ap_clk (IN)
                         net (fo=2474, unset)         0.030     0.030    ap_clk
                         FDRE                                         r  layer2_out_reg_309_reg[1]/C
  -------------------------------------------------------------------    -------------------
                         FDRE (Prop_FDRE_C_Q)         0.077     0.107 f  layer2_out_reg_309_reg[1]/Q
                         net (fo=6, unplaced)         0.159     0.266    grp_dense_latency_ap_fixed_16_6_5_3_0_ap_fixed_16_6_5_3_0_config4_s_fu_91/mul_16s_12s_26_1_1_U13/Q[1]
                         LUT2 (Prop_LUT2_I1_O)        0.070     0.336 f  grp_dense_latency_ap_fixed_16_6_5_3_0_ap_fixed_16_6_5_3_0_config4_s_fu_91/mul_16s_12s_26_1_1_U13/icmp_ln45_fu_112_p2_carry_i_8/O
                         net (fo=1, unplaced)         0.260     0.596    call_ret2_relu_ap_fixed_16_6_5_3_0_ap_fixed_16_6_5_3_0_relu_config3_s_fu_79/DI[0]
                         CARRY8 (Prop_CARRY8_DI[0]_CO[7])
                                                      0.140     0.736 f  call_ret2_relu_ap_fixed_16_6_5_3_0_ap_fixed_16_6_5_3_0_relu_config3_s_fu_79/icmp_ln45_fu_112_p2_carry/CO[7]
                         net (fo=46, unplaced)        0.183     0.919    call_ret2_relu_ap_fixed_16_6_5_3_0_ap_fixed_16_6_5_3_0_relu_config3_s_fu_79/CO[0]
                         LUT3 (Prop_LUT3_I1_O)        0.038     0.957 f  call_ret2_relu_ap_fixed_16_6_5_3_0_ap_fixed_16_6_5_3_0_relu_config3_s_fu_79/tmp_product_i_126__1/O
                         net (fo=1, unplaced)         0.186     1.143    grp_dense_latency_ap_fixed_16_6_5_3_0_ap_fixed_16_6_5_3_0_config4_s_fu_91/mul_16s_12s_26_1_1_U13/tmp_product_i_58__0
                         LUT6 (Prop_LUT6_I0_O)        0.038     1.181 f  grp_dense_latency_ap_fixed_16_6_5_3_0_ap_fixed_16_6_5_3_0_config4_s_fu_91/mul_16s_12s_26_1_1_U13/tmp_product_i_102__1/O
                         net (fo=2, unplaced)         0.186     1.367    grp_dense_latency_ap_fixed_16_6_5_3_0_ap_fixed_16_6_5_3_0_config4_s_fu_91/mul_16s_12s_26_1_1_U14/tmp_product_16
                         LUT6 (Prop_LUT6_I2_O)        0.038     1.405 f  grp_dense_latency_ap_fixed_16_6_5_3_0_ap_fixed_16_6_5_3_0_config4_s_fu_91/mul_16s_12s_26_1_1_U14/tmp_product_i_58__0/O
                         net (fo=1, unplaced)         0.186     1.591    grp_dense_latency_ap_fixed_16_6_5_3_0_ap_fixed_16_6_5_3_0_config4_s_fu_91/mul_16s_12s_26_1_1_U14/tmp_product_i_58__0_n_0
                         LUT6 (Prop_LUT6_I3_O)        0.038     1.629 f  grp_dense_latency_ap_fixed_16_6_5_3_0_ap_fixed_16_6_5_3_0_config4_s_fu_91/mul_16s_12s_26_1_1_U14/tmp_product_i_18__2/O
                         net (fo=1, unplaced)         0.228     1.857    grp_dense_latency_ap_fixed_16_6_5_3_0_ap_fixed_16_6_5_3_0_config4_s_fu_91/mul_16s_12s_26_1_1_U14/tmp_product/A[8]
                         DSP_A_B_DATA (Prop_DSP_A_B_DATA_A[8]_A2_DATA[8])
                                                      0.192     2.049 r  grp_dense_latency_ap_fixed_16_6_5_3_0_ap_fixed_16_6_5_3_0_config4_s_fu_91/mul_16s_12s_26_1_1_U14/tmp_product/DSP_A_B_DATA_INST/A2_DATA[8]
                         net (fo=1, unplaced)         0.000     2.049    grp_dense_latency_ap_fixed_16_6_5_3_0_ap_fixed_16_6_5_3_0_config4_s_fu_91/mul_16s_12s_26_1_1_U14/tmp_product/DSP_A_B_DATA.A2_DATA<8>
                         DSP_PREADD_DATA (Prop_DSP_PREADD_DATA_A2_DATA[8]_A2A1[8])
                                                      0.076     2.125 r  grp_dense_latency_ap_fixed_16_6_5_3_0_ap_fixed_16_6_5_3_0_config4_s_fu_91/mul_16s_12s_26_1_1_U14/tmp_product/DSP_PREADD_DATA_INST/A2A1[8]
                         net (fo=1, unplaced)         0.000     2.125    grp_dense_latency_ap_fixed_16_6_5_3_0_ap_fixed_16_6_5_3_0_config4_s_fu_91/mul_16s_12s_26_1_1_U14/tmp_product/DSP_PREADD_DATA.A2A1<8>
                         DSP_MULTIPLIER (Prop_DSP_MULTIPLIER_A2A1[8]_U[10])
                                                      0.505     2.630 f  grp_dense_latency_ap_fixed_16_6_5_3_0_ap_fixed_16_6_5_3_0_config4_s_fu_91/mul_16s_12s_26_1_1_U14/tmp_product/DSP_MULTIPLIER_INST/U[10]
                         net (fo=1, unplaced)         0.000     2.630    grp_dense_latency_ap_fixed_16_6_5_3_0_ap_fixed_16_6_5_3_0_config4_s_fu_91/mul_16s_12s_26_1_1_U14/tmp_product/DSP_MULTIPLIER.U<10>
                         DSP_M_DATA (Prop_DSP_M_DATA_U[10]_U_DATA[10])
                                                      0.047     2.677 r  grp_dense_latency_ap_fixed_16_6_5_3_0_ap_fixed_16_6_5_3_0_config4_s_fu_91/mul_16s_12s_26_1_1_U14/tmp_product/DSP_M_DATA_INST/U_DATA[10]
                         net (fo=1, unplaced)         0.000     2.677    grp_dense_latency_ap_fixed_16_6_5_3_0_ap_fixed_16_6_5_3_0_config4_s_fu_91/mul_16s_12s_26_1_1_U14/tmp_product/DSP_M_DATA.U_DATA<10>
                         DSP_ALU (Prop_DSP_ALU_U_DATA[10]_ALU_OUT[10])
                                                      0.585     3.262 f  grp_dense_latency_ap_fixed_16_6_5_3_0_ap_fixed_16_6_5_3_0_config4_s_fu_91/mul_16s_12s_26_1_1_U14/tmp_product/DSP_ALU_INST/ALU_OUT[10]
                         net (fo=1, unplaced)         0.000     3.262    grp_dense_latency_ap_fixed_16_6_5_3_0_ap_fixed_16_6_5_3_0_config4_s_fu_91/mul_16s_12s_26_1_1_U14/tmp_product/DSP_ALU.ALU_OUT<10>
                         DSP_OUTPUT (Prop_DSP_OUTPUT_ALU_OUT[10]_P[10])
                                                      0.109     3.371 r  grp_dense_latency_ap_fixed_16_6_5_3_0_ap_fixed_16_6_5_3_0_config4_s_fu_91/mul_16s_12s_26_1_1_U14/tmp_product/DSP_OUTPUT_INST/P[10]
                         net (fo=11, unplaced)        0.243     3.614    grp_dense_latency_ap_fixed_16_6_5_3_0_ap_fixed_16_6_5_3_0_config4_s_fu_91/mul_16s_12s_26_1_1_U14/P[0]
                         LUT3 (Prop_LUT3_I2_O)        0.070     3.684 r  grp_dense_latency_ap_fixed_16_6_5_3_0_ap_fixed_16_6_5_3_0_config4_s_fu_91/mul_16s_12s_26_1_1_U14/add_ln58_38_reg_2200[15]_i_60/O
                         net (fo=2, unplaced)         0.219     3.903    grp_dense_latency_ap_fixed_16_6_5_3_0_ap_fixed_16_6_5_3_0_config4_s_fu_91/mul_16s_12s_26_1_1_U14/add_ln58_38_reg_2200[15]_i_60_n_0
                         LUT4 (Prop_LUT4_I3_O)        0.037     3.940 r  grp_dense_latency_ap_fixed_16_6_5_3_0_ap_fixed_16_6_5_3_0_config4_s_fu_91/mul_16s_12s_26_1_1_U14/add_ln58_38_reg_2200[15]_i_67/O
                         net (fo=1, unplaced)         0.023     3.963    grp_dense_latency_ap_fixed_16_6_5_3_0_ap_fixed_16_6_5_3_0_config4_s_fu_91/mul_16s_12s_26_1_1_U14/add_ln58_38_reg_2200[15]_i_67_n_0
                         CARRY8 (Prop_CARRY8_S[1]_O[4])
                                                      0.204     4.167 r  grp_dense_latency_ap_fixed_16_6_5_3_0_ap_fixed_16_6_5_3_0_config4_s_fu_91/mul_16s_12s_26_1_1_U14/add_ln58_38_reg_2200_reg[15]_i_28/O[4]
                         net (fo=7, unplaced)         0.209     4.376    grp_dense_latency_ap_fixed_16_6_5_3_0_ap_fixed_16_6_5_3_0_config4_s_fu_91/mul_16s_12s_26_1_1_U14/add_ln58_38_reg_2200_reg[15]_i_28_n_11
                         LUT3 (Prop_LUT3_I1_O)        0.070     4.446 r  grp_dense_latency_ap_fixed_16_6_5_3_0_ap_fixed_16_6_5_3_0_config4_s_fu_91/mul_16s_12s_26_1_1_U14/add_ln58_38_reg_2200[7]_i_25/O
                         net (fo=2, unplaced)         0.186     4.632    grp_dense_latency_ap_fixed_16_6_5_3_0_ap_fixed_16_6_5_3_0_config4_s_fu_91/mul_16s_12s_26_1_1_U14/add_ln58_38_reg_2200[7]_i_25_n_0
                         LUT6 (Prop_LUT6_I5_O)        0.038     4.670 r  grp_dense_latency_ap_fixed_16_6_5_3_0_ap_fixed_16_6_5_3_0_config4_s_fu_91/mul_16s_12s_26_1_1_U14/add_ln58_38_reg_2200[7]_i_20/O
                         net (fo=2, unplaced)         0.186     4.856    grp_dense_latency_ap_fixed_16_6_5_3_0_ap_fixed_16_6_5_3_0_config4_s_fu_91/mul_16s_12s_26_1_1_U14/add_ln58_38_reg_2200[7]_i_20_n_0
                         LUT6 (Prop_LUT6_I5_O)        0.038     4.894 r  grp_dense_latency_ap_fixed_16_6_5_3_0_ap_fixed_16_6_5_3_0_config4_s_fu_91/mul_16s_12s_26_1_1_U14/add_ln58_38_reg_2200[7]_i_3/O
                         net (fo=2, unplaced)         0.186     5.080    grp_dense_latency_ap_fixed_16_6_5_3_0_ap_fixed_16_6_5_3_0_config4_s_fu_91/mul_16s_12s_26_1_1_U14/add_ln58_38_reg_2200[7]_i_3_n_0
                         LUT6 (Prop_LUT6_I0_O)        0.037     5.117 r  grp_dense_latency_ap_fixed_16_6_5_3_0_ap_fixed_16_6_5_3_0_config4_s_fu_91/mul_16s_12s_26_1_1_U14/add_ln58_38_reg_2200[7]_i_10/O
                         net (fo=1, unplaced)         0.023     5.140    grp_dense_latency_ap_fixed_16_6_5_3_0_ap_fixed_16_6_5_3_0_config4_s_fu_91/mul_16s_12s_26_1_1_U14/add_ln58_38_reg_2200[7]_i_10_n_0
                         CARRY8 (Prop_CARRY8_S[6]_CO[7])
                                                      0.124     5.264 r  grp_dense_latency_ap_fixed_16_6_5_3_0_ap_fixed_16_6_5_3_0_config4_s_fu_91/mul_16s_12s_26_1_1_U14/add_ln58_38_reg_2200_reg[7]_i_1/CO[7]
                         net (fo=1, unplaced)         0.005     5.269    grp_dense_latency_ap_fixed_16_6_5_3_0_ap_fixed_16_6_5_3_0_config4_s_fu_91/mul_16s_12s_26_1_1_U14/add_ln58_38_reg_2200_reg[7]_i_1_n_0
                         CARRY8 (Prop_CARRY8_CI_O[5])
                                                      0.116     5.385 r  grp_dense_latency_ap_fixed_16_6_5_3_0_ap_fixed_16_6_5_3_0_config4_s_fu_91/mul_16s_12s_26_1_1_U14/add_ln58_38_reg_2200_reg[15]_i_1/O[5]
                         net (fo=1, unplaced)         0.025     5.410    grp_dense_latency_ap_fixed_16_6_5_3_0_ap_fixed_16_6_5_3_0_config4_s_fu_91/add_ln58_38_fu_1682_p2[13]
                         FDRE                                         r  grp_dense_latency_ap_fixed_16_6_5_3_0_ap_fixed_16_6_5_3_0_config4_s_fu_91/add_ln58_38_reg_2200_reg[13]/D
  -------------------------------------------------------------------    -------------------

                         (clock ap_clk rise edge)    10.000    10.000 r  
                                                      0.000    10.000 r  ap_clk (IN)
                         net (fo=2474, unset)         0.021    10.021    grp_dense_latency_ap_fixed_16_6_5_3_0_ap_fixed_16_6_5_3_0_config4_s_fu_91/ap_clk
                         FDRE                                         r  grp_dense_latency_ap_fixed_16_6_5_3_0_ap_fixed_16_6_5_3_0_config4_s_fu_91/add_ln58_38_reg_2200_reg[13]/C
                         clock pessimism              0.000    10.021    
                         clock uncertainty           -0.035     9.986    
                         FDRE (Setup_FDRE_C_D)        0.025    10.011    grp_dense_latency_ap_fixed_16_6_5_3_0_ap_fixed_16_6_5_3_0_config4_s_fu_91/add_ln58_38_reg_2200_reg[13]
  -------------------------------------------------------------------
                         required time                         10.011    
                         arrival time                          -5.410    
  -------------------------------------------------------------------
                         slack                                  4.601    

Slack (MET) :             4.607ns  (required time - arrival time)
  Source:                 layer2_out_reg_309_reg[1]/C
                            (rising edge-triggered cell FDRE clocked by ap_clk  {rise@0.000ns fall@5.000ns period=10.000ns})
  Destination:            layer4_out_6_reg_414_reg[14]/D
                            (rising edge-triggered cell FDRE clocked by ap_clk  {rise@0.000ns fall@5.000ns period=10.000ns})
  Path Group:             ap_clk
  Path Type:              Setup (Max at Slow Process Corner)
  Requirement:            10.000ns  (ap_clk rise@10.000ns - ap_clk rise@0.000ns)
  Data Path Delay:        5.374ns  (logic 2.684ns (49.944%)  route 2.690ns (50.056%))
  Logic Levels:           21  (CARRY8=4 DSP_A_B_DATA=1 DSP_ALU=1 DSP_M_DATA=1 DSP_MULTIPLIER=1 DSP_OUTPUT=1 DSP_PREADD_DATA=1 LUT2=1 LUT3=3 LUT4=1 LUT5=2 LUT6=4)
  Clock Path Skew:        -0.009ns (DCD - SCD + CPR)
    Destination Clock Delay (DCD):    0.021ns = ( 10.021 - 10.000 ) 
    Source Clock Delay      (SCD):    0.030ns
    Clock Pessimism Removal (CPR):    0.000ns
  Clock Uncertainty:      0.035ns  ((TSJ^2 + TIJ^2)^1/2 + DJ) / 2 + PE
    Total System Jitter     (TSJ):    0.071ns
    Total Input Jitter      (TIJ):    0.000ns
    Discrete Jitter          (DJ):    0.000ns
    Phase Error              (PE):    0.000ns

    Location             Delay type                Incr(ns)  Path(ns)    Netlist Resource(s)
  -------------------------------------------------------------------    -------------------
                         (clock ap_clk rise edge)     0.000     0.000 r  
                                                      0.000     0.000 r  ap_clk (IN)
                         net (fo=2474, unset)         0.030     0.030    ap_clk
                         FDRE                                         r  layer2_out_reg_309_reg[1]/C
  -------------------------------------------------------------------    -------------------
                         FDRE (Prop_FDRE_C_Q)         0.077     0.107 f  layer2_out_reg_309_reg[1]/Q
                         net (fo=6, unplaced)         0.159     0.266    grp_dense_latency_ap_fixed_16_6_5_3_0_ap_fixed_16_6_5_3_0_config4_s_fu_91/mul_16s_12s_26_1_1_U13/Q[1]
                         LUT2 (Prop_LUT2_I1_O)        0.070     0.336 f  grp_dense_latency_ap_fixed_16_6_5_3_0_ap_fixed_16_6_5_3_0_config4_s_fu_91/mul_16s_12s_26_1_1_U13/icmp_ln45_fu_112_p2_carry_i_8/O
                         net (fo=1, unplaced)         0.260     0.596    call_ret2_relu_ap_fixed_16_6_5_3_0_ap_fixed_16_6_5_3_0_relu_config3_s_fu_79/DI[0]
                         CARRY8 (Prop_CARRY8_DI[0]_CO[7])
                                                      0.140     0.736 f  call_ret2_relu_ap_fixed_16_6_5_3_0_ap_fixed_16_6_5_3_0_relu_config3_s_fu_79/icmp_ln45_fu_112_p2_carry/CO[7]
                         net (fo=46, unplaced)        0.183     0.919    call_ret2_relu_ap_fixed_16_6_5_3_0_ap_fixed_16_6_5_3_0_relu_config3_s_fu_79/CO[0]
                         LUT3 (Prop_LUT3_I1_O)        0.038     0.957 f  call_ret2_relu_ap_fixed_16_6_5_3_0_ap_fixed_16_6_5_3_0_relu_config3_s_fu_79/tmp_product_i_126__1/O
                         net (fo=1, unplaced)         0.186     1.143    grp_dense_latency_ap_fixed_16_6_5_3_0_ap_fixed_16_6_5_3_0_config4_s_fu_91/mul_16s_12s_26_1_1_U13/tmp_product_i_58__0
                         LUT6 (Prop_LUT6_I0_O)        0.038     1.181 f  grp_dense_latency_ap_fixed_16_6_5_3_0_ap_fixed_16_6_5_3_0_config4_s_fu_91/mul_16s_12s_26_1_1_U13/tmp_product_i_102__1/O
                         net (fo=2, unplaced)         0.186     1.367    grp_dense_latency_ap_fixed_16_6_5_3_0_ap_fixed_16_6_5_3_0_config4_s_fu_91/mul_16s_12s_26_1_1_U13/data_0_val_read_reg_1922_reg[8]
                         LUT6 (Prop_LUT6_I2_O)        0.038     1.405 f  grp_dense_latency_ap_fixed_16_6_5_3_0_ap_fixed_16_6_5_3_0_config4_s_fu_91/mul_16s_12s_26_1_1_U13/tmp_product_i_68__5/O
                         net (fo=1, unplaced)         0.186     1.591    grp_dense_latency_ap_fixed_16_6_5_3_0_ap_fixed_16_6_5_3_0_config4_s_fu_91/mul_16s_12s_26_1_1_U13/tmp_product_i_68__5_n_0
                         LUT6 (Prop_LUT6_I3_O)        0.038     1.629 f  grp_dense_latency_ap_fixed_16_6_5_3_0_ap_fixed_16_6_5_3_0_config4_s_fu_91/mul_16s_12s_26_1_1_U13/tmp_product_i_18__1/O
                         net (fo=1, unplaced)         0.228     1.857    grp_dense_latency_ap_fixed_16_6_5_3_0_ap_fixed_16_6_5_3_0_config4_s_fu_91/mul_16s_12s_26_1_1_U13/tmp_product/A[8]
                         DSP_A_B_DATA (Prop_DSP_A_B_DATA_A[8]_A2_DATA[8])
                                                      0.192     2.049 r  grp_dense_latency_ap_fixed_16_6_5_3_0_ap_fixed_16_6_5_3_0_config4_s_fu_91/mul_16s_12s_26_1_1_U13/tmp_product/DSP_A_B_DATA_INST/A2_DATA[8]
                         net (fo=1, unplaced)         0.000     2.049    grp_dense_latency_ap_fixed_16_6_5_3_0_ap_fixed_16_6_5_3_0_config4_s_fu_91/mul_16s_12s_26_1_1_U13/tmp_product/DSP_A_B_DATA.A2_DATA<8>
                         DSP_PREADD_DATA (Prop_DSP_PREADD_DATA_A2_DATA[8]_A2A1[8])
                                                      0.076     2.125 r  grp_dense_latency_ap_fixed_16_6_5_3_0_ap_fixed_16_6_5_3_0_config4_s_fu_91/mul_16s_12s_26_1_1_U13/tmp_product/DSP_PREADD_DATA_INST/A2A1[8]
                         net (fo=1, unplaced)         0.000     2.125    grp_dense_latency_ap_fixed_16_6_5_3_0_ap_fixed_16_6_5_3_0_config4_s_fu_91/mul_16s_12s_26_1_1_U13/tmp_product/DSP_PREADD_DATA.A2A1<8>
                         DSP_MULTIPLIER (Prop_DSP_MULTIPLIER_A2A1[8]_U[10])
                                                      0.505     2.630 f  grp_dense_latency_ap_fixed_16_6_5_3_0_ap_fixed_16_6_5_3_0_config4_s_fu_91/mul_16s_12s_26_1_1_U13/tmp_product/DSP_MULTIPLIER_INST/U[10]
                         net (fo=1, unplaced)         0.000     2.630    grp_dense_latency_ap_fixed_16_6_5_3_0_ap_fixed_16_6_5_3_0_config4_s_fu_91/mul_16s_12s_26_1_1_U13/tmp_product/DSP_MULTIPLIER.U<10>
                         DSP_M_DATA (Prop_DSP_M_DATA_U[10]_U_DATA[10])
                                                      0.047     2.677 r  grp_dense_latency_ap_fixed_16_6_5_3_0_ap_fixed_16_6_5_3_0_config4_s_fu_91/mul_16s_12s_26_1_1_U13/tmp_product/DSP_M_DATA_INST/U_DATA[10]
                         net (fo=1, unplaced)         0.000     2.677    grp_dense_latency_ap_fixed_16_6_5_3_0_ap_fixed_16_6_5_3_0_config4_s_fu_91/mul_16s_12s_26_1_1_U13/tmp_product/DSP_M_DATA.U_DATA<10>
                         DSP_ALU (Prop_DSP_ALU_U_DATA[10]_ALU_OUT[10])
                                                      0.585     3.262 f  grp_dense_latency_ap_fixed_16_6_5_3_0_ap_fixed_16_6_5_3_0_config4_s_fu_91/mul_16s_12s_26_1_1_U13/tmp_product/DSP_ALU_INST/ALU_OUT[10]
                         net (fo=1, unplaced)         0.000     3.262    grp_dense_latency_ap_fixed_16_6_5_3_0_ap_fixed_16_6_5_3_0_config4_s_fu_91/mul_16s_12s_26_1_1_U13/tmp_product/DSP_ALU.ALU_OUT<10>
                         DSP_OUTPUT (Prop_DSP_OUTPUT_ALU_OUT[10]_P[10])
                                                      0.109     3.371 r  grp_dense_latency_ap_fixed_16_6_5_3_0_ap_fixed_16_6_5_3_0_config4_s_fu_91/mul_16s_12s_26_1_1_U13/tmp_product/DSP_OUTPUT_INST/P[10]
                         net (fo=13, unplaced)        0.246     3.617    grp_dense_latency_ap_fixed_16_6_5_3_0_ap_fixed_16_6_5_3_0_config4_s_fu_91/mul_16s_12s_26_1_1_U13/P[0]
                         LUT3 (Prop_LUT3_I2_O)        0.070     3.687 r  grp_dense_latency_ap_fixed_16_6_5_3_0_ap_fixed_16_6_5_3_0_config4_s_fu_91/mul_16s_12s_26_1_1_U13/layer4_out_6_reg_414[15]_i_52/O
                         net (fo=2, unplaced)         0.219     3.906    grp_dense_latency_ap_fixed_16_6_5_3_0_ap_fixed_16_6_5_3_0_config4_s_fu_91/mul_16s_12s_26_1_1_U13/layer4_out_6_reg_414[15]_i_52_n_0
                         LUT4 (Prop_LUT4_I3_O)        0.037     3.943 r  grp_dense_latency_ap_fixed_16_6_5_3_0_ap_fixed_16_6_5_3_0_config4_s_fu_91/mul_16s_12s_26_1_1_U13/layer4_out_6_reg_414[15]_i_59/O
                         net (fo=1, unplaced)         0.023     3.966    grp_dense_latency_ap_fixed_16_6_5_3_0_ap_fixed_16_6_5_3_0_config4_s_fu_91/mul_16s_12s_26_1_1_U13/layer4_out_6_reg_414[15]_i_59_n_0
                         CARRY8 (Prop_CARRY8_S[1]_O[4])
                                                      0.204     4.170 r  grp_dense_latency_ap_fixed_16_6_5_3_0_ap_fixed_16_6_5_3_0_config4_s_fu_91/mul_16s_12s_26_1_1_U13/layer4_out_6_reg_414_reg[15]_i_23/O[4]
                         net (fo=4, unplaced)         0.196     4.366    grp_dense_latency_ap_fixed_16_6_5_3_0_ap_fixed_16_6_5_3_0_config4_s_fu_91/mul_16s_12s_26_1_1_U13/layer4_out_6_reg_414_reg[15]_i_23_n_11
                         LUT3 (Prop_LUT3_I1_O)        0.038     4.404 r  grp_dense_latency_ap_fixed_16_6_5_3_0_ap_fixed_16_6_5_3_0_config4_s_fu_91/mul_16s_12s_26_1_1_U13/layer4_out_6_reg_414[7]_i_23/O
                         net (fo=2, unplaced)         0.186     4.590    grp_dense_latency_ap_fixed_16_6_5_3_0_ap_fixed_16_6_5_3_0_config4_s_fu_91/mul_16s_12s_26_1_1_U13/layer4_out_6_reg_414[7]_i_23_n_0
                         LUT6 (Prop_LUT6_I5_O)        0.038     4.628 r  grp_dense_latency_ap_fixed_16_6_5_3_0_ap_fixed_16_6_5_3_0_config4_s_fu_91/mul_16s_12s_26_1_1_U13/layer4_out_6_reg_414[7]_i_19/O
                         net (fo=2, unplaced)         0.186     4.814    grp_dense_latency_ap_fixed_16_6_5_3_0_ap_fixed_16_6_5_3_0_config4_s_fu_91/mul_16s_12s_26_1_1_U13/layer4_out_6_reg_414[7]_i_19_n_0
                         LUT5 (Prop_LUT5_I0_O)        0.038     4.852 r  grp_dense_latency_ap_fixed_16_6_5_3_0_ap_fixed_16_6_5_3_0_config4_s_fu_91/mul_16s_12s_26_1_1_U13/layer4_out_6_reg_414[7]_i_4/O
                         net (fo=2, unplaced)         0.186     5.038    grp_dense_latency_ap_fixed_16_6_5_3_0_ap_fixed_16_6_5_3_0_config4_s_fu_91/mul_16s_12s_26_1_1_U13/layer4_out_6_reg_414[7]_i_4_n_0
                         LUT5 (Prop_LUT5_I0_O)        0.037     5.075 r  grp_dense_latency_ap_fixed_16_6_5_3_0_ap_fixed_16_6_5_3_0_config4_s_fu_91/mul_16s_12s_26_1_1_U13/layer4_out_6_reg_414[7]_i_11/O
                         net (fo=1, unplaced)         0.029     5.104    grp_dense_latency_ap_fixed_16_6_5_3_0_ap_fixed_16_6_5_3_0_config4_s_fu_91/mul_16s_12s_26_1_1_U13/layer4_out_6_reg_414[7]_i_11_n_0
                         CARRY8 (Prop_CARRY8_S[5]_CO[7])
                                                      0.166     5.270 r  grp_dense_latency_ap_fixed_16_6_5_3_0_ap_fixed_16_6_5_3_0_config4_s_fu_91/mul_16s_12s_26_1_1_U13/layer4_out_6_reg_414_reg[7]_i_1/CO[7]
                         net (fo=1, unplaced)         0.005     5.275    grp_dense_latency_ap_fixed_16_6_5_3_0_ap_fixed_16_6_5_3_0_config4_s_fu_91/mul_16s_12s_26_1_1_U13/layer4_out_6_reg_414_reg[7]_i_1_n_0
                         CARRY8 (Prop_CARRY8_CI_O[6])
                                                      0.103     5.378 r  grp_dense_latency_ap_fixed_16_6_5_3_0_ap_fixed_16_6_5_3_0_config4_s_fu_91/mul_16s_12s_26_1_1_U13/layer4_out_6_reg_414_reg[15]_i_1/O[6]
                         net (fo=1, unplaced)         0.026     5.404    grp_dense_latency_ap_fixed_16_6_5_3_0_ap_fixed_16_6_5_3_0_config4_s_fu_91_ap_return_6[14]
                         FDRE                                         r  layer4_out_6_reg_414_reg[14]/D
  -------------------------------------------------------------------    -------------------

                         (clock ap_clk rise edge)    10.000    10.000 r  
                                                      0.000    10.000 r  ap_clk (IN)
                         net (fo=2474, unset)         0.021    10.021    ap_clk
                         FDRE                                         r  layer4_out_6_reg_414_reg[14]/C
                         clock pessimism              0.000    10.021    
                         clock uncertainty           -0.035     9.986    
                         FDRE (Setup_FDRE_C_D)        0.025    10.011    layer4_out_6_reg_414_reg[14]
  -------------------------------------------------------------------
                         required time                         10.011    
                         arrival time                          -5.404    
  -------------------------------------------------------------------
                         slack                                  4.607    

Slack (MET) :             4.611ns  (required time - arrival time)
  Source:                 layer2_out_reg_309_reg[1]/C
                            (rising edge-triggered cell FDRE clocked by ap_clk  {rise@0.000ns fall@5.000ns period=10.000ns})
  Destination:            grp_dense_latency_ap_fixed_16_6_5_3_0_ap_fixed_16_6_5_3_0_config4_s_fu_91/add_ln58_54_reg_2210_reg[15]/D
                            (rising edge-triggered cell FDRE clocked by ap_clk  {rise@0.000ns fall@5.000ns period=10.000ns})
  Path Group:             ap_clk
  Path Type:              Setup (Max at Slow Process Corner)
  Requirement:            10.000ns  (ap_clk rise@10.000ns - ap_clk rise@0.000ns)
  Data Path Delay:        5.370ns  (logic 2.671ns (49.739%)  route 2.699ns (50.261%))
  Logic Levels:           21  (CARRY8=4 DSP_A_B_DATA=1 DSP_ALU=1 DSP_M_DATA=1 DSP_MULTIPLIER=1 DSP_OUTPUT=1 DSP_PREADD_DATA=1 LUT2=1 LUT3=4 LUT4=1 LUT5=1 LUT6=4)
  Clock Path Skew:        -0.009ns (DCD - SCD + CPR)
    Destination Clock Delay (DCD):    0.021ns = ( 10.021 - 10.000 ) 
    Source Clock Delay      (SCD):    0.030ns
    Clock Pessimism Removal (CPR):    0.000ns
  Clock Uncertainty:      0.035ns  ((TSJ^2 + TIJ^2)^1/2 + DJ) / 2 + PE
    Total System Jitter     (TSJ):    0.071ns
    Total Input Jitter      (TIJ):    0.000ns
    Discrete Jitter          (DJ):    0.000ns
    Phase Error              (PE):    0.000ns

    Location             Delay type                Incr(ns)  Path(ns)    Netlist Resource(s)
  -------------------------------------------------------------------    -------------------
                         (clock ap_clk rise edge)     0.000     0.000 r  
                                                      0.000     0.000 r  ap_clk (IN)
                         net (fo=2474, unset)         0.030     0.030    ap_clk
                         FDRE                                         r  layer2_out_reg_309_reg[1]/C
  -------------------------------------------------------------------    -------------------
                         FDRE (Prop_FDRE_C_Q)         0.077     0.107 f  layer2_out_reg_309_reg[1]/Q
                         net (fo=6, unplaced)         0.159     0.266    grp_dense_latency_ap_fixed_16_6_5_3_0_ap_fixed_16_6_5_3_0_config4_s_fu_91/mul_16s_12s_26_1_1_U13/Q[1]
                         LUT2 (Prop_LUT2_I1_O)        0.070     0.336 f  grp_dense_latency_ap_fixed_16_6_5_3_0_ap_fixed_16_6_5_3_0_config4_s_fu_91/mul_16s_12s_26_1_1_U13/icmp_ln45_fu_112_p2_carry_i_8/O
                         net (fo=1, unplaced)         0.260     0.596    call_ret2_relu_ap_fixed_16_6_5_3_0_ap_fixed_16_6_5_3_0_relu_config3_s_fu_79/DI[0]
                         CARRY8 (Prop_CARRY8_DI[0]_CO[7])
                                                      0.140     0.736 f  call_ret2_relu_ap_fixed_16_6_5_3_0_ap_fixed_16_6_5_3_0_relu_config3_s_fu_79/icmp_ln45_fu_112_p2_carry/CO[7]
                         net (fo=46, unplaced)        0.183     0.919    call_ret2_relu_ap_fixed_16_6_5_3_0_ap_fixed_16_6_5_3_0_relu_config3_s_fu_79/CO[0]
                         LUT3 (Prop_LUT3_I1_O)        0.038     0.957 f  call_ret2_relu_ap_fixed_16_6_5_3_0_ap_fixed_16_6_5_3_0_relu_config3_s_fu_79/tmp_product_i_126__1/O
                         net (fo=1, unplaced)         0.186     1.143    grp_dense_latency_ap_fixed_16_6_5_3_0_ap_fixed_16_6_5_3_0_config4_s_fu_91/mul_16s_12s_26_1_1_U13/tmp_product_i_58__0
                         LUT6 (Prop_LUT6_I0_O)        0.038     1.181 f  grp_dense_latency_ap_fixed_16_6_5_3_0_ap_fixed_16_6_5_3_0_config4_s_fu_91/mul_16s_12s_26_1_1_U13/tmp_product_i_102__1/O
                         net (fo=2, unplaced)         0.186     1.367    grp_dense_latency_ap_fixed_16_6_5_3_0_ap_fixed_16_6_5_3_0_config4_s_fu_91/mul_16s_12s_26_1_1_U13/data_0_val_read_reg_1922_reg[8]
                         LUT6 (Prop_LUT6_I2_O)        0.038     1.405 f  grp_dense_latency_ap_fixed_16_6_5_3_0_ap_fixed_16_6_5_3_0_config4_s_fu_91/mul_16s_12s_26_1_1_U13/tmp_product_i_68__5/O
                         net (fo=1, unplaced)         0.186     1.591    grp_dense_latency_ap_fixed_16_6_5_3_0_ap_fixed_16_6_5_3_0_config4_s_fu_91/mul_16s_12s_26_1_1_U13/tmp_product_i_68__5_n_0
                         LUT6 (Prop_LUT6_I3_O)        0.038     1.629 f  grp_dense_latency_ap_fixed_16_6_5_3_0_ap_fixed_16_6_5_3_0_config4_s_fu_91/mul_16s_12s_26_1_1_U13/tmp_product_i_18__1/O
                         net (fo=1, unplaced)         0.228     1.857    grp_dense_latency_ap_fixed_16_6_5_3_0_ap_fixed_16_6_5_3_0_config4_s_fu_91/mul_16s_12s_26_1_1_U13/tmp_product/A[8]
                         DSP_A_B_DATA (Prop_DSP_A_B_DATA_A[8]_A2_DATA[8])
                                                      0.192     2.049 r  grp_dense_latency_ap_fixed_16_6_5_3_0_ap_fixed_16_6_5_3_0_config4_s_fu_91/mul_16s_12s_26_1_1_U13/tmp_product/DSP_A_B_DATA_INST/A2_DATA[8]
                         net (fo=1, unplaced)         0.000     2.049    grp_dense_latency_ap_fixed_16_6_5_3_0_ap_fixed_16_6_5_3_0_config4_s_fu_91/mul_16s_12s_26_1_1_U13/tmp_product/DSP_A_B_DATA.A2_DATA<8>
                         DSP_PREADD_DATA (Prop_DSP_PREADD_DATA_A2_DATA[8]_A2A1[8])
                                                      0.076     2.125 r  grp_dense_latency_ap_fixed_16_6_5_3_0_ap_fixed_16_6_5_3_0_config4_s_fu_91/mul_16s_12s_26_1_1_U13/tmp_product/DSP_PREADD_DATA_INST/A2A1[8]
                         net (fo=1, unplaced)         0.000     2.125    grp_dense_latency_ap_fixed_16_6_5_3_0_ap_fixed_16_6_5_3_0_config4_s_fu_91/mul_16s_12s_26_1_1_U13/tmp_product/DSP_PREADD_DATA.A2A1<8>
                         DSP_MULTIPLIER (Prop_DSP_MULTIPLIER_A2A1[8]_U[10])
                                                      0.505     2.630 f  grp_dense_latency_ap_fixed_16_6_5_3_0_ap_fixed_16_6_5_3_0_config4_s_fu_91/mul_16s_12s_26_1_1_U13/tmp_product/DSP_MULTIPLIER_INST/U[10]
                         net (fo=1, unplaced)         0.000     2.630    grp_dense_latency_ap_fixed_16_6_5_3_0_ap_fixed_16_6_5_3_0_config4_s_fu_91/mul_16s_12s_26_1_1_U13/tmp_product/DSP_MULTIPLIER.U<10>
                         DSP_M_DATA (Prop_DSP_M_DATA_U[10]_U_DATA[10])
                                                      0.047     2.677 r  grp_dense_latency_ap_fixed_16_6_5_3_0_ap_fixed_16_6_5_3_0_config4_s_fu_91/mul_16s_12s_26_1_1_U13/tmp_product/DSP_M_DATA_INST/U_DATA[10]
                         net (fo=1, unplaced)         0.000     2.677    grp_dense_latency_ap_fixed_16_6_5_3_0_ap_fixed_16_6_5_3_0_config4_s_fu_91/mul_16s_12s_26_1_1_U13/tmp_product/DSP_M_DATA.U_DATA<10>
                         DSP_ALU (Prop_DSP_ALU_U_DATA[10]_ALU_OUT[10])
                                                      0.585     3.262 f  grp_dense_latency_ap_fixed_16_6_5_3_0_ap_fixed_16_6_5_3_0_config4_s_fu_91/mul_16s_12s_26_1_1_U13/tmp_product/DSP_ALU_INST/ALU_OUT[10]
                         net (fo=1, unplaced)         0.000     3.262    grp_dense_latency_ap_fixed_16_6_5_3_0_ap_fixed_16_6_5_3_0_config4_s_fu_91/mul_16s_12s_26_1_1_U13/tmp_product/DSP_ALU.ALU_OUT<10>
                         DSP_OUTPUT (Prop_DSP_OUTPUT_ALU_OUT[10]_P[10])
                                                      0.109     3.371 r  grp_dense_latency_ap_fixed_16_6_5_3_0_ap_fixed_16_6_5_3_0_config4_s_fu_91/mul_16s_12s_26_1_1_U13/tmp_product/DSP_OUTPUT_INST/P[10]
                         net (fo=13, unplaced)        0.246     3.617    grp_dense_latency_ap_fixed_16_6_5_3_0_ap_fixed_16_6_5_3_0_config4_s_fu_91/mul_16s_12s_26_1_1_U13/P[0]
                         LUT3 (Prop_LUT3_I2_O)        0.070     3.687 r  grp_dense_latency_ap_fixed_16_6_5_3_0_ap_fixed_16_6_5_3_0_config4_s_fu_91/mul_16s_12s_26_1_1_U13/add_ln58_54_reg_2210[15]_i_64/O
                         net (fo=2, unplaced)         0.219     3.906    grp_dense_latency_ap_fixed_16_6_5_3_0_ap_fixed_16_6_5_3_0_config4_s_fu_91/mul_16s_12s_26_1_1_U13/add_ln58_54_reg_2210[15]_i_64_n_0
                         LUT4 (Prop_LUT4_I3_O)        0.037     3.943 r  grp_dense_latency_ap_fixed_16_6_5_3_0_ap_fixed_16_6_5_3_0_config4_s_fu_91/mul_16s_12s_26_1_1_U13/add_ln58_54_reg_2210[15]_i_71/O
                         net (fo=1, unplaced)         0.023     3.966    grp_dense_latency_ap_fixed_16_6_5_3_0_ap_fixed_16_6_5_3_0_config4_s_fu_91/mul_16s_12s_26_1_1_U13/add_ln58_54_reg_2210[15]_i_71_n_0
                         CARRY8 (Prop_CARRY8_S[1]_CO[7])
                                                      0.197     4.163 r  grp_dense_latency_ap_fixed_16_6_5_3_0_ap_fixed_16_6_5_3_0_config4_s_fu_91/mul_16s_12s_26_1_1_U13/add_ln58_54_reg_2210_reg[15]_i_29/CO[7]
                         net (fo=1, unplaced)         0.005     4.168    grp_dense_latency_ap_fixed_16_6_5_3_0_ap_fixed_16_6_5_3_0_config4_s_fu_91/mul_16s_12s_26_1_1_U13/add_ln58_54_reg_2210_reg[15]_i_29_n_0
                         CARRY8 (Prop_CARRY8_CI_O[1])
                                                      0.076     4.244 r  grp_dense_latency_ap_fixed_16_6_5_3_0_ap_fixed_16_6_5_3_0_config4_s_fu_91/mul_16s_12s_26_1_1_U13/add_ln58_54_reg_2210_reg[15]_i_18/O[1]
                         net (fo=4, unplaced)         0.196     4.440    grp_dense_latency_ap_fixed_16_6_5_3_0_ap_fixed_16_6_5_3_0_config4_s_fu_91/mul_16s_12s_26_1_1_U13/add_ln58_54_reg_2210_reg[15]_i_18_n_14
                         LUT3 (Prop_LUT3_I1_O)        0.038     4.478 r  grp_dense_latency_ap_fixed_16_6_5_3_0_ap_fixed_16_6_5_3_0_config4_s_fu_91/mul_16s_12s_26_1_1_U13/add_ln58_54_reg_2210[15]_i_26/O
                         net (fo=3, unplaced)         0.192     4.670    grp_dense_latency_ap_fixed_16_6_5_3_0_ap_fixed_16_6_5_3_0_config4_s_fu_91/mul_16s_12s_26_1_1_U13/add_ln58_54_reg_2210[15]_i_26_n_0
                         LUT5 (Prop_LUT5_I1_O)        0.038     4.708 r  grp_dense_latency_ap_fixed_16_6_5_3_0_ap_fixed_16_6_5_3_0_config4_s_fu_91/mul_16s_12s_26_1_1_U13/add_ln58_54_reg_2210[15]_i_25/O
                         net (fo=2, unplaced)         0.186     4.894    grp_dense_latency_ap_fixed_16_6_5_3_0_ap_fixed_16_6_5_3_0_config4_s_fu_91/mul_16s_12s_26_1_1_U13/add_ln58_54_reg_2210[15]_i_25_n_0
                         LUT6 (Prop_LUT6_I5_O)        0.038     4.932 r  grp_dense_latency_ap_fixed_16_6_5_3_0_ap_fixed_16_6_5_3_0_config4_s_fu_91/mul_16s_12s_26_1_1_U13/add_ln58_54_reg_2210[15]_i_5/O
                         net (fo=2, unplaced)         0.186     5.118    grp_dense_latency_ap_fixed_16_6_5_3_0_ap_fixed_16_6_5_3_0_config4_s_fu_91/mul_16s_12s_26_1_1_U13/add_ln58_54_reg_2210[15]_i_5_n_0
                         LUT3 (Prop_LUT3_I0_O)        0.037     5.155 r  grp_dense_latency_ap_fixed_16_6_5_3_0_ap_fixed_16_6_5_3_0_config4_s_fu_91/mul_16s_12s_26_1_1_U13/add_ln58_54_reg_2210[15]_i_13/O
                         net (fo=1, unplaced)         0.032     5.187    grp_dense_latency_ap_fixed_16_6_5_3_0_ap_fixed_16_6_5_3_0_config4_s_fu_91/mul_16s_12s_26_1_1_U13/add_ln58_54_reg_2210[15]_i_13_n_0
                         CARRY8 (Prop_CARRY8_S[3]_O[7])
                                                      0.187     5.374 r  grp_dense_latency_ap_fixed_16_6_5_3_0_ap_fixed_16_6_5_3_0_config4_s_fu_91/mul_16s_12s_26_1_1_U13/add_ln58_54_reg_2210_reg[15]_i_1/O[7]
                         net (fo=1, unplaced)         0.026     5.400    grp_dense_latency_ap_fixed_16_6_5_3_0_ap_fixed_16_6_5_3_0_config4_s_fu_91/add_ln58_54_fu_1752_p2[15]
                         FDRE                                         r  grp_dense_latency_ap_fixed_16_6_5_3_0_ap_fixed_16_6_5_3_0_config4_s_fu_91/add_ln58_54_reg_2210_reg[15]/D
  -------------------------------------------------------------------    -------------------

                         (clock ap_clk rise edge)    10.000    10.000 r  
                                                      0.000    10.000 r  ap_clk (IN)
                         net (fo=2474, unset)         0.021    10.021    grp_dense_latency_ap_fixed_16_6_5_3_0_ap_fixed_16_6_5_3_0_config4_s_fu_91/ap_clk
                         FDRE                                         r  grp_dense_latency_ap_fixed_16_6_5_3_0_ap_fixed_16_6_5_3_0_config4_s_fu_91/add_ln58_54_reg_2210_reg[15]/C
                         clock pessimism              0.000    10.021    
                         clock uncertainty           -0.035     9.986    
                         FDRE (Setup_FDRE_C_D)        0.025    10.011    grp_dense_latency_ap_fixed_16_6_5_3_0_ap_fixed_16_6_5_3_0_config4_s_fu_91/add_ln58_54_reg_2210_reg[15]
  -------------------------------------------------------------------
                         required time                         10.011    
                         arrival time                          -5.400    
  -------------------------------------------------------------------
                         slack                                  4.611    

Slack (MET) :             4.613ns  (required time - arrival time)
  Source:                 layer2_out_reg_309_reg[1]/C
                            (rising edge-triggered cell FDRE clocked by ap_clk  {rise@0.000ns fall@5.000ns period=10.000ns})
  Destination:            grp_dense_latency_ap_fixed_16_6_5_3_0_ap_fixed_16_6_5_3_0_config4_s_fu_91/add_ln58_38_reg_2200_reg[14]/D
                            (rising edge-triggered cell FDRE clocked by ap_clk  {rise@0.000ns fall@5.000ns period=10.000ns})
  Path Group:             ap_clk
  Path Type:              Setup (Max at Slow Process Corner)
  Requirement:            10.000ns  (ap_clk rise@10.000ns - ap_clk rise@0.000ns)
  Data Path Delay:        5.368ns  (logic 2.674ns (49.814%)  route 2.694ns (50.186%))
  Logic Levels:           21  (CARRY8=4 DSP_A_B_DATA=1 DSP_ALU=1 DSP_M_DATA=1 DSP_MULTIPLIER=1 DSP_OUTPUT=1 DSP_PREADD_DATA=1 LUT2=1 LUT3=3 LUT4=1 LUT6=6)
  Clock Path Skew:        -0.009ns (DCD - SCD + CPR)
    Destination Clock Delay (DCD):    0.021ns = ( 10.021 - 10.000 ) 
    Source Clock Delay      (SCD):    0.030ns
    Clock Pessimism Removal (CPR):    0.000ns
  Clock Uncertainty:      0.035ns  ((TSJ^2 + TIJ^2)^1/2 + DJ) / 2 + PE
    Total System Jitter     (TSJ):    0.071ns
    Total Input Jitter      (TIJ):    0.000ns
    Discrete Jitter          (DJ):    0.000ns
    Phase Error              (PE):    0.000ns

    Location             Delay type                Incr(ns)  Path(ns)    Netlist Resource(s)
  -------------------------------------------------------------------    -------------------
                         (clock ap_clk rise edge)     0.000     0.000 r  
                                                      0.000     0.000 r  ap_clk (IN)
                         net (fo=2474, unset)         0.030     0.030    ap_clk
                         FDRE                                         r  layer2_out_reg_309_reg[1]/C
  -------------------------------------------------------------------    -------------------
                         FDRE (Prop_FDRE_C_Q)         0.077     0.107 f  layer2_out_reg_309_reg[1]/Q
                         net (fo=6, unplaced)         0.159     0.266    grp_dense_latency_ap_fixed_16_6_5_3_0_ap_fixed_16_6_5_3_0_config4_s_fu_91/mul_16s_12s_26_1_1_U13/Q[1]
                         LUT2 (Prop_LUT2_I1_O)        0.070     0.336 f  grp_dense_latency_ap_fixed_16_6_5_3_0_ap_fixed_16_6_5_3_0_config4_s_fu_91/mul_16s_12s_26_1_1_U13/icmp_ln45_fu_112_p2_carry_i_8/O
                         net (fo=1, unplaced)         0.260     0.596    call_ret2_relu_ap_fixed_16_6_5_3_0_ap_fixed_16_6_5_3_0_relu_config3_s_fu_79/DI[0]
                         CARRY8 (Prop_CARRY8_DI[0]_CO[7])
                                                      0.140     0.736 f  call_ret2_relu_ap_fixed_16_6_5_3_0_ap_fixed_16_6_5_3_0_relu_config3_s_fu_79/icmp_ln45_fu_112_p2_carry/CO[7]
                         net (fo=46, unplaced)        0.183     0.919    call_ret2_relu_ap_fixed_16_6_5_3_0_ap_fixed_16_6_5_3_0_relu_config3_s_fu_79/CO[0]
                         LUT3 (Prop_LUT3_I1_O)        0.038     0.957 f  call_ret2_relu_ap_fixed_16_6_5_3_0_ap_fixed_16_6_5_3_0_relu_config3_s_fu_79/tmp_product_i_126__1/O
                         net (fo=1, unplaced)         0.186     1.143    grp_dense_latency_ap_fixed_16_6_5_3_0_ap_fixed_16_6_5_3_0_config4_s_fu_91/mul_16s_12s_26_1_1_U13/tmp_product_i_58__0
                         LUT6 (Prop_LUT6_I0_O)        0.038     1.181 f  grp_dense_latency_ap_fixed_16_6_5_3_0_ap_fixed_16_6_5_3_0_config4_s_fu_91/mul_16s_12s_26_1_1_U13/tmp_product_i_102__1/O
                         net (fo=2, unplaced)         0.186     1.367    grp_dense_latency_ap_fixed_16_6_5_3_0_ap_fixed_16_6_5_3_0_config4_s_fu_91/mul_16s_12s_26_1_1_U14/tmp_product_16
                         LUT6 (Prop_LUT6_I2_O)        0.038     1.405 f  grp_dense_latency_ap_fixed_16_6_5_3_0_ap_fixed_16_6_5_3_0_config4_s_fu_91/mul_16s_12s_26_1_1_U14/tmp_product_i_58__0/O
                         net (fo=1, unplaced)         0.186     1.591    grp_dense_latency_ap_fixed_16_6_5_3_0_ap_fixed_16_6_5_3_0_config4_s_fu_91/mul_16s_12s_26_1_1_U14/tmp_product_i_58__0_n_0
                         LUT6 (Prop_LUT6_I3_O)        0.038     1.629 f  grp_dense_latency_ap_fixed_16_6_5_3_0_ap_fixed_16_6_5_3_0_config4_s_fu_91/mul_16s_12s_26_1_1_U14/tmp_product_i_18__2/O
                         net (fo=1, unplaced)         0.228     1.857    grp_dense_latency_ap_fixed_16_6_5_3_0_ap_fixed_16_6_5_3_0_config4_s_fu_91/mul_16s_12s_26_1_1_U14/tmp_product/A[8]
                         DSP_A_B_DATA (Prop_DSP_A_B_DATA_A[8]_A2_DATA[8])
                                                      0.192     2.049 r  grp_dense_latency_ap_fixed_16_6_5_3_0_ap_fixed_16_6_5_3_0_config4_s_fu_91/mul_16s_12s_26_1_1_U14/tmp_product/DSP_A_B_DATA_INST/A2_DATA[8]
                         net (fo=1, unplaced)         0.000     2.049    grp_dense_latency_ap_fixed_16_6_5_3_0_ap_fixed_16_6_5_3_0_config4_s_fu_91/mul_16s_12s_26_1_1_U14/tmp_product/DSP_A_B_DATA.A2_DATA<8>
                         DSP_PREADD_DATA (Prop_DSP_PREADD_DATA_A2_DATA[8]_A2A1[8])
                                                      0.076     2.125 r  grp_dense_latency_ap_fixed_16_6_5_3_0_ap_fixed_16_6_5_3_0_config4_s_fu_91/mul_16s_12s_26_1_1_U14/tmp_product/DSP_PREADD_DATA_INST/A2A1[8]
                         net (fo=1, unplaced)         0.000     2.125    grp_dense_latency_ap_fixed_16_6_5_3_0_ap_fixed_16_6_5_3_0_config4_s_fu_91/mul_16s_12s_26_1_1_U14/tmp_product/DSP_PREADD_DATA.A2A1<8>
                         DSP_MULTIPLIER (Prop_DSP_MULTIPLIER_A2A1[8]_U[10])
                                                      0.505     2.630 f  grp_dense_latency_ap_fixed_16_6_5_3_0_ap_fixed_16_6_5_3_0_config4_s_fu_91/mul_16s_12s_26_1_1_U14/tmp_product/DSP_MULTIPLIER_INST/U[10]
                         net (fo=1, unplaced)         0.000     2.630    grp_dense_latency_ap_fixed_16_6_5_3_0_ap_fixed_16_6_5_3_0_config4_s_fu_91/mul_16s_12s_26_1_1_U14/tmp_product/DSP_MULTIPLIER.U<10>
                         DSP_M_DATA (Prop_DSP_M_DATA_U[10]_U_DATA[10])
                                                      0.047     2.677 r  grp_dense_latency_ap_fixed_16_6_5_3_0_ap_fixed_16_6_5_3_0_config4_s_fu_91/mul_16s_12s_26_1_1_U14/tmp_product/DSP_M_DATA_INST/U_DATA[10]
                         net (fo=1, unplaced)         0.000     2.677    grp_dense_latency_ap_fixed_16_6_5_3_0_ap_fixed_16_6_5_3_0_config4_s_fu_91/mul_16s_12s_26_1_1_U14/tmp_product/DSP_M_DATA.U_DATA<10>
                         DSP_ALU (Prop_DSP_ALU_U_DATA[10]_ALU_OUT[10])
                                                      0.585     3.262 f  grp_dense_latency_ap_fixed_16_6_5_3_0_ap_fixed_16_6_5_3_0_config4_s_fu_91/mul_16s_12s_26_1_1_U14/tmp_product/DSP_ALU_INST/ALU_OUT[10]
                         net (fo=1, unplaced)         0.000     3.262    grp_dense_latency_ap_fixed_16_6_5_3_0_ap_fixed_16_6_5_3_0_config4_s_fu_91/mul_16s_12s_26_1_1_U14/tmp_product/DSP_ALU.ALU_OUT<10>
                         DSP_OUTPUT (Prop_DSP_OUTPUT_ALU_OUT[10]_P[10])
                                                      0.109     3.371 r  grp_dense_latency_ap_fixed_16_6_5_3_0_ap_fixed_16_6_5_3_0_config4_s_fu_91/mul_16s_12s_26_1_1_U14/tmp_product/DSP_OUTPUT_INST/P[10]
                         net (fo=11, unplaced)        0.243     3.614    grp_dense_latency_ap_fixed_16_6_5_3_0_ap_fixed_16_6_5_3_0_config4_s_fu_91/mul_16s_12s_26_1_1_U14/P[0]
                         LUT3 (Prop_LUT3_I2_O)        0.070     3.684 r  grp_dense_latency_ap_fixed_16_6_5_3_0_ap_fixed_16_6_5_3_0_config4_s_fu_91/mul_16s_12s_26_1_1_U14/add_ln58_38_reg_2200[15]_i_60/O
                         net (fo=2, unplaced)         0.219     3.903    grp_dense_latency_ap_fixed_16_6_5_3_0_ap_fixed_16_6_5_3_0_config4_s_fu_91/mul_16s_12s_26_1_1_U14/add_ln58_38_reg_2200[15]_i_60_n_0
                         LUT4 (Prop_LUT4_I3_O)        0.037     3.940 r  grp_dense_latency_ap_fixed_16_6_5_3_0_ap_fixed_16_6_5_3_0_config4_s_fu_91/mul_16s_12s_26_1_1_U14/add_ln58_38_reg_2200[15]_i_67/O
                         net (fo=1, unplaced)         0.023     3.963    grp_dense_latency_ap_fixed_16_6_5_3_0_ap_fixed_16_6_5_3_0_config4_s_fu_91/mul_16s_12s_26_1_1_U14/add_ln58_38_reg_2200[15]_i_67_n_0
                         CARRY8 (Prop_CARRY8_S[1]_O[4])
                                                      0.204     4.167 r  grp_dense_latency_ap_fixed_16_6_5_3_0_ap_fixed_16_6_5_3_0_config4_s_fu_91/mul_16s_12s_26_1_1_U14/add_ln58_38_reg_2200_reg[15]_i_28/O[4]
                         net (fo=7, unplaced)         0.209     4.376    grp_dense_latency_ap_fixed_16_6_5_3_0_ap_fixed_16_6_5_3_0_config4_s_fu_91/mul_16s_12s_26_1_1_U14/add_ln58_38_reg_2200_reg[15]_i_28_n_11
                         LUT3 (Prop_LUT3_I1_O)        0.070     4.446 r  grp_dense_latency_ap_fixed_16_6_5_3_0_ap_fixed_16_6_5_3_0_config4_s_fu_91/mul_16s_12s_26_1_1_U14/add_ln58_38_reg_2200[7]_i_25/O
                         net (fo=2, unplaced)         0.186     4.632    grp_dense_latency_ap_fixed_16_6_5_3_0_ap_fixed_16_6_5_3_0_config4_s_fu_91/mul_16s_12s_26_1_1_U14/add_ln58_38_reg_2200[7]_i_25_n_0
                         LUT6 (Prop_LUT6_I5_O)        0.038     4.670 r  grp_dense_latency_ap_fixed_16_6_5_3_0_ap_fixed_16_6_5_3_0_config4_s_fu_91/mul_16s_12s_26_1_1_U14/add_ln58_38_reg_2200[7]_i_20/O
                         net (fo=2, unplaced)         0.186     4.856    grp_dense_latency_ap_fixed_16_6_5_3_0_ap_fixed_16_6_5_3_0_config4_s_fu_91/mul_16s_12s_26_1_1_U14/add_ln58_38_reg_2200[7]_i_20_n_0
                         LUT6 (Prop_LUT6_I5_O)        0.038     4.894 r  grp_dense_latency_ap_fixed_16_6_5_3_0_ap_fixed_16_6_5_3_0_config4_s_fu_91/mul_16s_12s_26_1_1_U14/add_ln58_38_reg_2200[7]_i_3/O
                         net (fo=2, unplaced)         0.186     5.080    grp_dense_latency_ap_fixed_16_6_5_3_0_ap_fixed_16_6_5_3_0_config4_s_fu_91/mul_16s_12s_26_1_1_U14/add_ln58_38_reg_2200[7]_i_3_n_0
                         LUT6 (Prop_LUT6_I0_O)        0.037     5.117 r  grp_dense_latency_ap_fixed_16_6_5_3_0_ap_fixed_16_6_5_3_0_config4_s_fu_91/mul_16s_12s_26_1_1_U14/add_ln58_38_reg_2200[7]_i_10/O
                         net (fo=1, unplaced)         0.023     5.140    grp_dense_latency_ap_fixed_16_6_5_3_0_ap_fixed_16_6_5_3_0_config4_s_fu_91/mul_16s_12s_26_1_1_U14/add_ln58_38_reg_2200[7]_i_10_n_0
                         CARRY8 (Prop_CARRY8_S[6]_CO[7])
                                                      0.124     5.264 r  grp_dense_latency_ap_fixed_16_6_5_3_0_ap_fixed_16_6_5_3_0_config4_s_fu_91/mul_16s_12s_26_1_1_U14/add_ln58_38_reg_2200_reg[7]_i_1/CO[7]
                         net (fo=1, unplaced)         0.005     5.269    grp_dense_latency_ap_fixed_16_6_5_3_0_ap_fixed_16_6_5_3_0_config4_s_fu_91/mul_16s_12s_26_1_1_U14/add_ln58_38_reg_2200_reg[7]_i_1_n_0
                         CARRY8 (Prop_CARRY8_CI_O[6])
                                                      0.103     5.372 r  grp_dense_latency_ap_fixed_16_6_5_3_0_ap_fixed_16_6_5_3_0_config4_s_fu_91/mul_16s_12s_26_1_1_U14/add_ln58_38_reg_2200_reg[15]_i_1/O[6]
                         net (fo=1, unplaced)         0.026     5.398    grp_dense_latency_ap_fixed_16_6_5_3_0_ap_fixed_16_6_5_3_0_config4_s_fu_91/add_ln58_38_fu_1682_p2[14]
                         FDRE                                         r  grp_dense_latency_ap_fixed_16_6_5_3_0_ap_fixed_16_6_5_3_0_config4_s_fu_91/add_ln58_38_reg_2200_reg[14]/D
  -------------------------------------------------------------------    -------------------

                         (clock ap_clk rise edge)    10.000    10.000 r  
                                                      0.000    10.000 r  ap_clk (IN)
                         net (fo=2474, unset)         0.021    10.021    grp_dense_latency_ap_fixed_16_6_5_3_0_ap_fixed_16_6_5_3_0_config4_s_fu_91/ap_clk
                         FDRE                                         r  grp_dense_latency_ap_fixed_16_6_5_3_0_ap_fixed_16_6_5_3_0_config4_s_fu_91/add_ln58_38_reg_2200_reg[14]/C
                         clock pessimism              0.000    10.021    
                         clock uncertainty           -0.035     9.986    
                         FDRE (Setup_FDRE_C_D)        0.025    10.011    grp_dense_latency_ap_fixed_16_6_5_3_0_ap_fixed_16_6_5_3_0_config4_s_fu_91/add_ln58_38_reg_2200_reg[14]
  -------------------------------------------------------------------
                         required time                         10.011    
                         arrival time                          -5.398    
  -------------------------------------------------------------------
                         slack                                  4.613    

Slack (MET) :             4.615ns  (required time - arrival time)
  Source:                 layer2_out_reg_309_reg[1]/C
                            (rising edge-triggered cell FDRE clocked by ap_clk  {rise@0.000ns fall@5.000ns period=10.000ns})
  Destination:            grp_dense_latency_ap_fixed_16_6_5_3_0_ap_fixed_16_6_5_3_0_config4_s_fu_91/add_ln58_54_reg_2210_reg[13]/D
                            (rising edge-triggered cell FDRE clocked by ap_clk  {rise@0.000ns fall@5.000ns period=10.000ns})
  Path Group:             ap_clk
  Path Type:              Setup (Max at Slow Process Corner)
  Requirement:            10.000ns  (ap_clk rise@10.000ns - ap_clk rise@0.000ns)
  Data Path Delay:        5.366ns  (logic 2.668ns (49.720%)  route 2.698ns (50.280%))
  Logic Levels:           21  (CARRY8=4 DSP_A_B_DATA=1 DSP_ALU=1 DSP_M_DATA=1 DSP_MULTIPLIER=1 DSP_OUTPUT=1 DSP_PREADD_DATA=1 LUT2=1 LUT3=4 LUT4=1 LUT5=1 LUT6=4)
  Clock Path Skew:        -0.009ns (DCD - SCD + CPR)
    Destination Clock Delay (DCD):    0.021ns = ( 10.021 - 10.000 ) 
    Source Clock Delay      (SCD):    0.030ns
    Clock Pessimism Removal (CPR):    0.000ns
  Clock Uncertainty:      0.035ns  ((TSJ^2 + TIJ^2)^1/2 + DJ) / 2 + PE
    Total System Jitter     (TSJ):    0.071ns
    Total Input Jitter      (TIJ):    0.000ns
    Discrete Jitter          (DJ):    0.000ns
    Phase Error              (PE):    0.000ns

    Location             Delay type                Incr(ns)  Path(ns)    Netlist Resource(s)
  -------------------------------------------------------------------    -------------------
                         (clock ap_clk rise edge)     0.000     0.000 r  
                                                      0.000     0.000 r  ap_clk (IN)
                         net (fo=2474, unset)         0.030     0.030    ap_clk
                         FDRE                                         r  layer2_out_reg_309_reg[1]/C
  -------------------------------------------------------------------    -------------------
                         FDRE (Prop_FDRE_C_Q)         0.077     0.107 f  layer2_out_reg_309_reg[1]/Q
                         net (fo=6, unplaced)         0.159     0.266    grp_dense_latency_ap_fixed_16_6_5_3_0_ap_fixed_16_6_5_3_0_config4_s_fu_91/mul_16s_12s_26_1_1_U13/Q[1]
                         LUT2 (Prop_LUT2_I1_O)        0.070     0.336 f  grp_dense_latency_ap_fixed_16_6_5_3_0_ap_fixed_16_6_5_3_0_config4_s_fu_91/mul_16s_12s_26_1_1_U13/icmp_ln45_fu_112_p2_carry_i_8/O
                         net (fo=1, unplaced)         0.260     0.596    call_ret2_relu_ap_fixed_16_6_5_3_0_ap_fixed_16_6_5_3_0_relu_config3_s_fu_79/DI[0]
                         CARRY8 (Prop_CARRY8_DI[0]_CO[7])
                                                      0.140     0.736 f  call_ret2_relu_ap_fixed_16_6_5_3_0_ap_fixed_16_6_5_3_0_relu_config3_s_fu_79/icmp_ln45_fu_112_p2_carry/CO[7]
                         net (fo=46, unplaced)        0.183     0.919    call_ret2_relu_ap_fixed_16_6_5_3_0_ap_fixed_16_6_5_3_0_relu_config3_s_fu_79/CO[0]
                         LUT3 (Prop_LUT3_I1_O)        0.038     0.957 f  call_ret2_relu_ap_fixed_16_6_5_3_0_ap_fixed_16_6_5_3_0_relu_config3_s_fu_79/tmp_product_i_126__1/O
                         net (fo=1, unplaced)         0.186     1.143    grp_dense_latency_ap_fixed_16_6_5_3_0_ap_fixed_16_6_5_3_0_config4_s_fu_91/mul_16s_12s_26_1_1_U13/tmp_product_i_58__0
                         LUT6 (Prop_LUT6_I0_O)        0.038     1.181 f  grp_dense_latency_ap_fixed_16_6_5_3_0_ap_fixed_16_6_5_3_0_config4_s_fu_91/mul_16s_12s_26_1_1_U13/tmp_product_i_102__1/O
                         net (fo=2, unplaced)         0.186     1.367    grp_dense_latency_ap_fixed_16_6_5_3_0_ap_fixed_16_6_5_3_0_config4_s_fu_91/mul_16s_12s_26_1_1_U13/data_0_val_read_reg_1922_reg[8]
                         LUT6 (Prop_LUT6_I2_O)        0.038     1.405 f  grp_dense_latency_ap_fixed_16_6_5_3_0_ap_fixed_16_6_5_3_0_config4_s_fu_91/mul_16s_12s_26_1_1_U13/tmp_product_i_68__5/O
                         net (fo=1, unplaced)         0.186     1.591    grp_dense_latency_ap_fixed_16_6_5_3_0_ap_fixed_16_6_5_3_0_config4_s_fu_91/mul_16s_12s_26_1_1_U13/tmp_product_i_68__5_n_0
                         LUT6 (Prop_LUT6_I3_O)        0.038     1.629 f  grp_dense_latency_ap_fixed_16_6_5_3_0_ap_fixed_16_6_5_3_0_config4_s_fu_91/mul_16s_12s_26_1_1_U13/tmp_product_i_18__1/O
                         net (fo=1, unplaced)         0.228     1.857    grp_dense_latency_ap_fixed_16_6_5_3_0_ap_fixed_16_6_5_3_0_config4_s_fu_91/mul_16s_12s_26_1_1_U13/tmp_product/A[8]
                         DSP_A_B_DATA (Prop_DSP_A_B_DATA_A[8]_A2_DATA[8])
                                                      0.192     2.049 r  grp_dense_latency_ap_fixed_16_6_5_3_0_ap_fixed_16_6_5_3_0_config4_s_fu_91/mul_16s_12s_26_1_1_U13/tmp_product/DSP_A_B_DATA_INST/A2_DATA[8]
                         net (fo=1, unplaced)         0.000     2.049    grp_dense_latency_ap_fixed_16_6_5_3_0_ap_fixed_16_6_5_3_0_config4_s_fu_91/mul_16s_12s_26_1_1_U13/tmp_product/DSP_A_B_DATA.A2_DATA<8>
                         DSP_PREADD_DATA (Prop_DSP_PREADD_DATA_A2_DATA[8]_A2A1[8])
                                                      0.076     2.125 r  grp_dense_latency_ap_fixed_16_6_5_3_0_ap_fixed_16_6_5_3_0_config4_s_fu_91/mul_16s_12s_26_1_1_U13/tmp_product/DSP_PREADD_DATA_INST/A2A1[8]
                         net (fo=1, unplaced)         0.000     2.125    grp_dense_latency_ap_fixed_16_6_5_3_0_ap_fixed_16_6_5_3_0_config4_s_fu_91/mul_16s_12s_26_1_1_U13/tmp_product/DSP_PREADD_DATA.A2A1<8>
                         DSP_MULTIPLIER (Prop_DSP_MULTIPLIER_A2A1[8]_U[10])
                                                      0.505     2.630 f  grp_dense_latency_ap_fixed_16_6_5_3_0_ap_fixed_16_6_5_3_0_config4_s_fu_91/mul_16s_12s_26_1_1_U13/tmp_product/DSP_MULTIPLIER_INST/U[10]
                         net (fo=1, unplaced)         0.000     2.630    grp_dense_latency_ap_fixed_16_6_5_3_0_ap_fixed_16_6_5_3_0_config4_s_fu_91/mul_16s_12s_26_1_1_U13/tmp_product/DSP_MULTIPLIER.U<10>
                         DSP_M_DATA (Prop_DSP_M_DATA_U[10]_U_DATA[10])
                                                      0.047     2.677 r  grp_dense_latency_ap_fixed_16_6_5_3_0_ap_fixed_16_6_5_3_0_config4_s_fu_91/mul_16s_12s_26_1_1_U13/tmp_product/DSP_M_DATA_INST/U_DATA[10]
                         net (fo=1, unplaced)         0.000     2.677    grp_dense_latency_ap_fixed_16_6_5_3_0_ap_fixed_16_6_5_3_0_config4_s_fu_91/mul_16s_12s_26_1_1_U13/tmp_product/DSP_M_DATA.U_DATA<10>
                         DSP_ALU (Prop_DSP_ALU_U_DATA[10]_ALU_OUT[10])
                                                      0.585     3.262 f  grp_dense_latency_ap_fixed_16_6_5_3_0_ap_fixed_16_6_5_3_0_config4_s_fu_91/mul_16s_12s_26_1_1_U13/tmp_product/DSP_ALU_INST/ALU_OUT[10]
                         net (fo=1, unplaced)         0.000     3.262    grp_dense_latency_ap_fixed_16_6_5_3_0_ap_fixed_16_6_5_3_0_config4_s_fu_91/mul_16s_12s_26_1_1_U13/tmp_product/DSP_ALU.ALU_OUT<10>
                         DSP_OUTPUT (Prop_DSP_OUTPUT_ALU_OUT[10]_P[10])
                                                      0.109     3.371 r  grp_dense_latency_ap_fixed_16_6_5_3_0_ap_fixed_16_6_5_3_0_config4_s_fu_91/mul_16s_12s_26_1_1_U13/tmp_product/DSP_OUTPUT_INST/P[10]
                         net (fo=13, unplaced)        0.246     3.617    grp_dense_latency_ap_fixed_16_6_5_3_0_ap_fixed_16_6_5_3_0_config4_s_fu_91/mul_16s_12s_26_1_1_U13/P[0]
                         LUT3 (Prop_LUT3_I2_O)        0.070     3.687 r  grp_dense_latency_ap_fixed_16_6_5_3_0_ap_fixed_16_6_5_3_0_config4_s_fu_91/mul_16s_12s_26_1_1_U13/add_ln58_54_reg_2210[15]_i_64/O
                         net (fo=2, unplaced)         0.219     3.906    grp_dense_latency_ap_fixed_16_6_5_3_0_ap_fixed_16_6_5_3_0_config4_s_fu_91/mul_16s_12s_26_1_1_U13/add_ln58_54_reg_2210[15]_i_64_n_0
                         LUT4 (Prop_LUT4_I3_O)        0.037     3.943 r  grp_dense_latency_ap_fixed_16_6_5_3_0_ap_fixed_16_6_5_3_0_config4_s_fu_91/mul_16s_12s_26_1_1_U13/add_ln58_54_reg_2210[15]_i_71/O
                         net (fo=1, unplaced)         0.023     3.966    grp_dense_latency_ap_fixed_16_6_5_3_0_ap_fixed_16_6_5_3_0_config4_s_fu_91/mul_16s_12s_26_1_1_U13/add_ln58_54_reg_2210[15]_i_71_n_0
                         CARRY8 (Prop_CARRY8_S[1]_CO[7])
                                                      0.197     4.163 r  grp_dense_latency_ap_fixed_16_6_5_3_0_ap_fixed_16_6_5_3_0_config4_s_fu_91/mul_16s_12s_26_1_1_U13/add_ln58_54_reg_2210_reg[15]_i_29/CO[7]
                         net (fo=1, unplaced)         0.005     4.168    grp_dense_latency_ap_fixed_16_6_5_3_0_ap_fixed_16_6_5_3_0_config4_s_fu_91/mul_16s_12s_26_1_1_U13/add_ln58_54_reg_2210_reg[15]_i_29_n_0
                         CARRY8 (Prop_CARRY8_CI_O[1])
                                                      0.076     4.244 r  grp_dense_latency_ap_fixed_16_6_5_3_0_ap_fixed_16_6_5_3_0_config4_s_fu_91/mul_16s_12s_26_1_1_U13/add_ln58_54_reg_2210_reg[15]_i_18/O[1]
                         net (fo=4, unplaced)         0.196     4.440    grp_dense_latency_ap_fixed_16_6_5_3_0_ap_fixed_16_6_5_3_0_config4_s_fu_91/mul_16s_12s_26_1_1_U13/add_ln58_54_reg_2210_reg[15]_i_18_n_14
                         LUT3 (Prop_LUT3_I1_O)        0.038     4.478 r  grp_dense_latency_ap_fixed_16_6_5_3_0_ap_fixed_16_6_5_3_0_config4_s_fu_91/mul_16s_12s_26_1_1_U13/add_ln58_54_reg_2210[15]_i_26/O
                         net (fo=3, unplaced)         0.192     4.670    grp_dense_latency_ap_fixed_16_6_5_3_0_ap_fixed_16_6_5_3_0_config4_s_fu_91/mul_16s_12s_26_1_1_U13/add_ln58_54_reg_2210[15]_i_26_n_0
                         LUT5 (Prop_LUT5_I1_O)        0.038     4.708 r  grp_dense_latency_ap_fixed_16_6_5_3_0_ap_fixed_16_6_5_3_0_config4_s_fu_91/mul_16s_12s_26_1_1_U13/add_ln58_54_reg_2210[15]_i_25/O
                         net (fo=2, unplaced)         0.186     4.894    grp_dense_latency_ap_fixed_16_6_5_3_0_ap_fixed_16_6_5_3_0_config4_s_fu_91/mul_16s_12s_26_1_1_U13/add_ln58_54_reg_2210[15]_i_25_n_0
                         LUT6 (Prop_LUT6_I5_O)        0.038     4.932 r  grp_dense_latency_ap_fixed_16_6_5_3_0_ap_fixed_16_6_5_3_0_config4_s_fu_91/mul_16s_12s_26_1_1_U13/add_ln58_54_reg_2210[15]_i_5/O
                         net (fo=2, unplaced)         0.186     5.118    grp_dense_latency_ap_fixed_16_6_5_3_0_ap_fixed_16_6_5_3_0_config4_s_fu_91/mul_16s_12s_26_1_1_U13/add_ln58_54_reg_2210[15]_i_5_n_0
                         LUT3 (Prop_LUT3_I0_O)        0.037     5.155 r  grp_dense_latency_ap_fixed_16_6_5_3_0_ap_fixed_16_6_5_3_0_config4_s_fu_91/mul_16s_12s_26_1_1_U13/add_ln58_54_reg_2210[15]_i_13/O
                         net (fo=1, unplaced)         0.032     5.187    grp_dense_latency_ap_fixed_16_6_5_3_0_ap_fixed_16_6_5_3_0_config4_s_fu_91/mul_16s_12s_26_1_1_U13/add_ln58_54_reg_2210[15]_i_13_n_0
                         CARRY8 (Prop_CARRY8_S[3]_O[5])
                                                      0.184     5.371 r  grp_dense_latency_ap_fixed_16_6_5_3_0_ap_fixed_16_6_5_3_0_config4_s_fu_91/mul_16s_12s_26_1_1_U13/add_ln58_54_reg_2210_reg[15]_i_1/O[5]
                         net (fo=1, unplaced)         0.025     5.396    grp_dense_latency_ap_fixed_16_6_5_3_0_ap_fixed_16_6_5_3_0_config4_s_fu_91/add_ln58_54_fu_1752_p2[13]
                         FDRE                                         r  grp_dense_latency_ap_fixed_16_6_5_3_0_ap_fixed_16_6_5_3_0_config4_s_fu_91/add_ln58_54_reg_2210_reg[13]/D
  -------------------------------------------------------------------    -------------------

                         (clock ap_clk rise edge)    10.000    10.000 r  
                                                      0.000    10.000 r  ap_clk (IN)
                         net (fo=2474, unset)         0.021    10.021    grp_dense_latency_ap_fixed_16_6_5_3_0_ap_fixed_16_6_5_3_0_config4_s_fu_91/ap_clk
                         FDRE                                         r  grp_dense_latency_ap_fixed_16_6_5_3_0_ap_fixed_16_6_5_3_0_config4_s_fu_91/add_ln58_54_reg_2210_reg[13]/C
                         clock pessimism              0.000    10.021    
                         clock uncertainty           -0.035     9.986    
                         FDRE (Setup_FDRE_C_D)        0.025    10.011    grp_dense_latency_ap_fixed_16_6_5_3_0_ap_fixed_16_6_5_3_0_config4_s_fu_91/add_ln58_54_reg_2210_reg[13]
  -------------------------------------------------------------------
                         required time                         10.011    
                         arrival time                          -5.396    
  -------------------------------------------------------------------
                         slack                                  4.615    

Slack (MET) :             4.625ns  (required time - arrival time)
  Source:                 layer2_out_reg_309_reg[1]/C
                            (rising edge-triggered cell FDRE clocked by ap_clk  {rise@0.000ns fall@5.000ns period=10.000ns})
  Destination:            layer4_out_6_reg_414_reg[12]/D
                            (rising edge-triggered cell FDRE clocked by ap_clk  {rise@0.000ns fall@5.000ns period=10.000ns})
  Path Group:             ap_clk
  Path Type:              Setup (Max at Slow Process Corner)
  Requirement:            10.000ns  (ap_clk rise@10.000ns - ap_clk rise@0.000ns)
  Data Path Delay:        5.356ns  (logic 2.667ns (49.795%)  route 2.689ns (50.205%))
  Logic Levels:           21  (CARRY8=4 DSP_A_B_DATA=1 DSP_ALU=1 DSP_M_DATA=1 DSP_MULTIPLIER=1 DSP_OUTPUT=1 DSP_PREADD_DATA=1 LUT2=1 LUT3=3 LUT4=1 LUT5=2 LUT6=4)
  Clock Path Skew:        -0.009ns (DCD - SCD + CPR)
    Destination Clock Delay (DCD):    0.021ns = ( 10.021 - 10.000 ) 
    Source Clock Delay      (SCD):    0.030ns
    Clock Pessimism Removal (CPR):    0.000ns
  Clock Uncertainty:      0.035ns  ((TSJ^2 + TIJ^2)^1/2 + DJ) / 2 + PE
    Total System Jitter     (TSJ):    0.071ns
    Total Input Jitter      (TIJ):    0.000ns
    Discrete Jitter          (DJ):    0.000ns
    Phase Error              (PE):    0.000ns

    Location             Delay type                Incr(ns)  Path(ns)    Netlist Resource(s)
  -------------------------------------------------------------------    -------------------
                         (clock ap_clk rise edge)     0.000     0.000 r  
                                                      0.000     0.000 r  ap_clk (IN)
                         net (fo=2474, unset)         0.030     0.030    ap_clk
                         FDRE                                         r  layer2_out_reg_309_reg[1]/C
  -------------------------------------------------------------------    -------------------
                         FDRE (Prop_FDRE_C_Q)         0.077     0.107 f  layer2_out_reg_309_reg[1]/Q
                         net (fo=6, unplaced)         0.159     0.266    grp_dense_latency_ap_fixed_16_6_5_3_0_ap_fixed_16_6_5_3_0_config4_s_fu_91/mul_16s_12s_26_1_1_U13/Q[1]
                         LUT2 (Prop_LUT2_I1_O)        0.070     0.336 f  grp_dense_latency_ap_fixed_16_6_5_3_0_ap_fixed_16_6_5_3_0_config4_s_fu_91/mul_16s_12s_26_1_1_U13/icmp_ln45_fu_112_p2_carry_i_8/O
                         net (fo=1, unplaced)         0.260     0.596    call_ret2_relu_ap_fixed_16_6_5_3_0_ap_fixed_16_6_5_3_0_relu_config3_s_fu_79/DI[0]
                         CARRY8 (Prop_CARRY8_DI[0]_CO[7])
                                                      0.140     0.736 f  call_ret2_relu_ap_fixed_16_6_5_3_0_ap_fixed_16_6_5_3_0_relu_config3_s_fu_79/icmp_ln45_fu_112_p2_carry/CO[7]
                         net (fo=46, unplaced)        0.183     0.919    call_ret2_relu_ap_fixed_16_6_5_3_0_ap_fixed_16_6_5_3_0_relu_config3_s_fu_79/CO[0]
                         LUT3 (Prop_LUT3_I1_O)        0.038     0.957 f  call_ret2_relu_ap_fixed_16_6_5_3_0_ap_fixed_16_6_5_3_0_relu_config3_s_fu_79/tmp_product_i_126__1/O
                         net (fo=1, unplaced)         0.186     1.143    grp_dense_latency_ap_fixed_16_6_5_3_0_ap_fixed_16_6_5_3_0_config4_s_fu_91/mul_16s_12s_26_1_1_U13/tmp_product_i_58__0
                         LUT6 (Prop_LUT6_I0_O)        0.038     1.181 f  grp_dense_latency_ap_fixed_16_6_5_3_0_ap_fixed_16_6_5_3_0_config4_s_fu_91/mul_16s_12s_26_1_1_U13/tmp_product_i_102__1/O
                         net (fo=2, unplaced)         0.186     1.367    grp_dense_latency_ap_fixed_16_6_5_3_0_ap_fixed_16_6_5_3_0_config4_s_fu_91/mul_16s_12s_26_1_1_U13/data_0_val_read_reg_1922_reg[8]
                         LUT6 (Prop_LUT6_I2_O)        0.038     1.405 f  grp_dense_latency_ap_fixed_16_6_5_3_0_ap_fixed_16_6_5_3_0_config4_s_fu_91/mul_16s_12s_26_1_1_U13/tmp_product_i_68__5/O
                         net (fo=1, unplaced)         0.186     1.591    grp_dense_latency_ap_fixed_16_6_5_3_0_ap_fixed_16_6_5_3_0_config4_s_fu_91/mul_16s_12s_26_1_1_U13/tmp_product_i_68__5_n_0
                         LUT6 (Prop_LUT6_I3_O)        0.038     1.629 f  grp_dense_latency_ap_fixed_16_6_5_3_0_ap_fixed_16_6_5_3_0_config4_s_fu_91/mul_16s_12s_26_1_1_U13/tmp_product_i_18__1/O
                         net (fo=1, unplaced)         0.228     1.857    grp_dense_latency_ap_fixed_16_6_5_3_0_ap_fixed_16_6_5_3_0_config4_s_fu_91/mul_16s_12s_26_1_1_U13/tmp_product/A[8]
                         DSP_A_B_DATA (Prop_DSP_A_B_DATA_A[8]_A2_DATA[8])
                                                      0.192     2.049 r  grp_dense_latency_ap_fixed_16_6_5_3_0_ap_fixed_16_6_5_3_0_config4_s_fu_91/mul_16s_12s_26_1_1_U13/tmp_product/DSP_A_B_DATA_INST/A2_DATA[8]
                         net (fo=1, unplaced)         0.000     2.049    grp_dense_latency_ap_fixed_16_6_5_3_0_ap_fixed_16_6_5_3_0_config4_s_fu_91/mul_16s_12s_26_1_1_U13/tmp_product/DSP_A_B_DATA.A2_DATA<8>
                         DSP_PREADD_DATA (Prop_DSP_PREADD_DATA_A2_DATA[8]_A2A1[8])
                                                      0.076     2.125 r  grp_dense_latency_ap_fixed_16_6_5_3_0_ap_fixed_16_6_5_3_0_config4_s_fu_91/mul_16s_12s_26_1_1_U13/tmp_product/DSP_PREADD_DATA_INST/A2A1[8]
                         net (fo=1, unplaced)         0.000     2.125    grp_dense_latency_ap_fixed_16_6_5_3_0_ap_fixed_16_6_5_3_0_config4_s_fu_91/mul_16s_12s_26_1_1_U13/tmp_product/DSP_PREADD_DATA.A2A1<8>
                         DSP_MULTIPLIER (Prop_DSP_MULTIPLIER_A2A1[8]_U[10])
                                                      0.505     2.630 f  grp_dense_latency_ap_fixed_16_6_5_3_0_ap_fixed_16_6_5_3_0_config4_s_fu_91/mul_16s_12s_26_1_1_U13/tmp_product/DSP_MULTIPLIER_INST/U[10]
                         net (fo=1, unplaced)         0.000     2.630    grp_dense_latency_ap_fixed_16_6_5_3_0_ap_fixed_16_6_5_3_0_config4_s_fu_91/mul_16s_12s_26_1_1_U13/tmp_product/DSP_MULTIPLIER.U<10>
                         DSP_M_DATA (Prop_DSP_M_DATA_U[10]_U_DATA[10])
                                                      0.047     2.677 r  grp_dense_latency_ap_fixed_16_6_5_3_0_ap_fixed_16_6_5_3_0_config4_s_fu_91/mul_16s_12s_26_1_1_U13/tmp_product/DSP_M_DATA_INST/U_DATA[10]
                         net (fo=1, unplaced)         0.000     2.677    grp_dense_latency_ap_fixed_16_6_5_3_0_ap_fixed_16_6_5_3_0_config4_s_fu_91/mul_16s_12s_26_1_1_U13/tmp_product/DSP_M_DATA.U_DATA<10>
                         DSP_ALU (Prop_DSP_ALU_U_DATA[10]_ALU_OUT[10])
                                                      0.585     3.262 f  grp_dense_latency_ap_fixed_16_6_5_3_0_ap_fixed_16_6_5_3_0_config4_s_fu_91/mul_16s_12s_26_1_1_U13/tmp_product/DSP_ALU_INST/ALU_OUT[10]
                         net (fo=1, unplaced)         0.000     3.262    grp_dense_latency_ap_fixed_16_6_5_3_0_ap_fixed_16_6_5_3_0_config4_s_fu_91/mul_16s_12s_26_1_1_U13/tmp_product/DSP_ALU.ALU_OUT<10>
                         DSP_OUTPUT (Prop_DSP_OUTPUT_ALU_OUT[10]_P[10])
                                                      0.109     3.371 r  grp_dense_latency_ap_fixed_16_6_5_3_0_ap_fixed_16_6_5_3_0_config4_s_fu_91/mul_16s_12s_26_1_1_U13/tmp_product/DSP_OUTPUT_INST/P[10]
                         net (fo=13, unplaced)        0.246     3.617    grp_dense_latency_ap_fixed_16_6_5_3_0_ap_fixed_16_6_5_3_0_config4_s_fu_91/mul_16s_12s_26_1_1_U13/P[0]
                         LUT3 (Prop_LUT3_I2_O)        0.070     3.687 r  grp_dense_latency_ap_fixed_16_6_5_3_0_ap_fixed_16_6_5_3_0_config4_s_fu_91/mul_16s_12s_26_1_1_U13/layer4_out_6_reg_414[15]_i_52/O
                         net (fo=2, unplaced)         0.219     3.906    grp_dense_latency_ap_fixed_16_6_5_3_0_ap_fixed_16_6_5_3_0_config4_s_fu_91/mul_16s_12s_26_1_1_U13/layer4_out_6_reg_414[15]_i_52_n_0
                         LUT4 (Prop_LUT4_I3_O)        0.037     3.943 r  grp_dense_latency_ap_fixed_16_6_5_3_0_ap_fixed_16_6_5_3_0_config4_s_fu_91/mul_16s_12s_26_1_1_U13/layer4_out_6_reg_414[15]_i_59/O
                         net (fo=1, unplaced)         0.023     3.966    grp_dense_latency_ap_fixed_16_6_5_3_0_ap_fixed_16_6_5_3_0_config4_s_fu_91/mul_16s_12s_26_1_1_U13/layer4_out_6_reg_414[15]_i_59_n_0
                         CARRY8 (Prop_CARRY8_S[1]_O[4])
                                                      0.204     4.170 r  grp_dense_latency_ap_fixed_16_6_5_3_0_ap_fixed_16_6_5_3_0_config4_s_fu_91/mul_16s_12s_26_1_1_U13/layer4_out_6_reg_414_reg[15]_i_23/O[4]
                         net (fo=4, unplaced)         0.196     4.366    grp_dense_latency_ap_fixed_16_6_5_3_0_ap_fixed_16_6_5_3_0_config4_s_fu_91/mul_16s_12s_26_1_1_U13/layer4_out_6_reg_414_reg[15]_i_23_n_11
                         LUT3 (Prop_LUT3_I1_O)        0.038     4.404 r  grp_dense_latency_ap_fixed_16_6_5_3_0_ap_fixed_16_6_5_3_0_config4_s_fu_91/mul_16s_12s_26_1_1_U13/layer4_out_6_reg_414[7]_i_23/O
                         net (fo=2, unplaced)         0.186     4.590    grp_dense_latency_ap_fixed_16_6_5_3_0_ap_fixed_16_6_5_3_0_config4_s_fu_91/mul_16s_12s_26_1_1_U13/layer4_out_6_reg_414[7]_i_23_n_0
                         LUT6 (Prop_LUT6_I5_O)        0.038     4.628 r  grp_dense_latency_ap_fixed_16_6_5_3_0_ap_fixed_16_6_5_3_0_config4_s_fu_91/mul_16s_12s_26_1_1_U13/layer4_out_6_reg_414[7]_i_19/O
                         net (fo=2, unplaced)         0.186     4.814    grp_dense_latency_ap_fixed_16_6_5_3_0_ap_fixed_16_6_5_3_0_config4_s_fu_91/mul_16s_12s_26_1_1_U13/layer4_out_6_reg_414[7]_i_19_n_0
                         LUT5 (Prop_LUT5_I0_O)        0.038     4.852 r  grp_dense_latency_ap_fixed_16_6_5_3_0_ap_fixed_16_6_5_3_0_config4_s_fu_91/mul_16s_12s_26_1_1_U13/layer4_out_6_reg_414[7]_i_4/O
                         net (fo=2, unplaced)         0.186     5.038    grp_dense_latency_ap_fixed_16_6_5_3_0_ap_fixed_16_6_5_3_0_config4_s_fu_91/mul_16s_12s_26_1_1_U13/layer4_out_6_reg_414[7]_i_4_n_0
                         LUT5 (Prop_LUT5_I0_O)        0.037     5.075 r  grp_dense_latency_ap_fixed_16_6_5_3_0_ap_fixed_16_6_5_3_0_config4_s_fu_91/mul_16s_12s_26_1_1_U13/layer4_out_6_reg_414[7]_i_11/O
                         net (fo=1, unplaced)         0.029     5.104    grp_dense_latency_ap_fixed_16_6_5_3_0_ap_fixed_16_6_5_3_0_config4_s_fu_91/mul_16s_12s_26_1_1_U13/layer4_out_6_reg_414[7]_i_11_n_0
                         CARRY8 (Prop_CARRY8_S[5]_CO[7])
                                                      0.166     5.270 r  grp_dense_latency_ap_fixed_16_6_5_3_0_ap_fixed_16_6_5_3_0_config4_s_fu_91/mul_16s_12s_26_1_1_U13/layer4_out_6_reg_414_reg[7]_i_1/CO[7]
                         net (fo=1, unplaced)         0.005     5.275    grp_dense_latency_ap_fixed_16_6_5_3_0_ap_fixed_16_6_5_3_0_config4_s_fu_91/mul_16s_12s_26_1_1_U13/layer4_out_6_reg_414_reg[7]_i_1_n_0
                         CARRY8 (Prop_CARRY8_CI_O[4])
                                                      0.086     5.361 r  grp_dense_latency_ap_fixed_16_6_5_3_0_ap_fixed_16_6_5_3_0_config4_s_fu_91/mul_16s_12s_26_1_1_U13/layer4_out_6_reg_414_reg[15]_i_1/O[4]
                         net (fo=1, unplaced)         0.025     5.386    grp_dense_latency_ap_fixed_16_6_5_3_0_ap_fixed_16_6_5_3_0_config4_s_fu_91_ap_return_6[12]
                         FDRE                                         r  layer4_out_6_reg_414_reg[12]/D
  -------------------------------------------------------------------    -------------------

                         (clock ap_clk rise edge)    10.000    10.000 r  
                                                      0.000    10.000 r  ap_clk (IN)
                         net (fo=2474, unset)         0.021    10.021    ap_clk
                         FDRE                                         r  layer4_out_6_reg_414_reg[12]/C
                         clock pessimism              0.000    10.021    
                         clock uncertainty           -0.035     9.986    
                         FDRE (Setup_FDRE_C_D)        0.025    10.011    layer4_out_6_reg_414_reg[12]
  -------------------------------------------------------------------
                         required time                         10.011    
                         arrival time                          -5.386    
  -------------------------------------------------------------------
                         slack                                  4.625    

Slack (MET) :             4.626ns  (required time - arrival time)
  Source:                 layer2_out_reg_309_reg[1]/C
                            (rising edge-triggered cell FDRE clocked by ap_clk  {rise@0.000ns fall@5.000ns period=10.000ns})
  Destination:            grp_dense_latency_ap_fixed_16_6_5_3_0_ap_fixed_16_6_5_3_0_config4_s_fu_91/add_ln58_54_reg_2210_reg[14]/D
                            (rising edge-triggered cell FDRE clocked by ap_clk  {rise@0.000ns fall@5.000ns period=10.000ns})
  Path Group:             ap_clk
  Path Type:              Setup (Max at Slow Process Corner)
  Requirement:            10.000ns  (ap_clk rise@10.000ns - ap_clk rise@0.000ns)
  Data Path Delay:        5.355ns  (logic 2.656ns (49.598%)  route 2.699ns (50.401%))
  Logic Levels:           21  (CARRY8=4 DSP_A_B_DATA=1 DSP_ALU=1 DSP_M_DATA=1 DSP_MULTIPLIER=1 DSP_OUTPUT=1 DSP_PREADD_DATA=1 LUT2=1 LUT3=4 LUT4=1 LUT5=1 LUT6=4)
  Clock Path Skew:        -0.009ns (DCD - SCD + CPR)
    Destination Clock Delay (DCD):    0.021ns = ( 10.021 - 10.000 ) 
    Source Clock Delay      (SCD):    0.030ns
    Clock Pessimism Removal (CPR):    0.000ns
  Clock Uncertainty:      0.035ns  ((TSJ^2 + TIJ^2)^1/2 + DJ) / 2 + PE
    Total System Jitter     (TSJ):    0.071ns
    Total Input Jitter      (TIJ):    0.000ns
    Discrete Jitter          (DJ):    0.000ns
    Phase Error              (PE):    0.000ns

    Location             Delay type                Incr(ns)  Path(ns)    Netlist Resource(s)
  -------------------------------------------------------------------    -------------------
                         (clock ap_clk rise edge)     0.000     0.000 r  
                                                      0.000     0.000 r  ap_clk (IN)
                         net (fo=2474, unset)         0.030     0.030    ap_clk
                         FDRE                                         r  layer2_out_reg_309_reg[1]/C
  -------------------------------------------------------------------    -------------------
                         FDRE (Prop_FDRE_C_Q)         0.077     0.107 f  layer2_out_reg_309_reg[1]/Q
                         net (fo=6, unplaced)         0.159     0.266    grp_dense_latency_ap_fixed_16_6_5_3_0_ap_fixed_16_6_5_3_0_config4_s_fu_91/mul_16s_12s_26_1_1_U13/Q[1]
                         LUT2 (Prop_LUT2_I1_O)        0.070     0.336 f  grp_dense_latency_ap_fixed_16_6_5_3_0_ap_fixed_16_6_5_3_0_config4_s_fu_91/mul_16s_12s_26_1_1_U13/icmp_ln45_fu_112_p2_carry_i_8/O
                         net (fo=1, unplaced)         0.260     0.596    call_ret2_relu_ap_fixed_16_6_5_3_0_ap_fixed_16_6_5_3_0_relu_config3_s_fu_79/DI[0]
                         CARRY8 (Prop_CARRY8_DI[0]_CO[7])
                                                      0.140     0.736 f  call_ret2_relu_ap_fixed_16_6_5_3_0_ap_fixed_16_6_5_3_0_relu_config3_s_fu_79/icmp_ln45_fu_112_p2_carry/CO[7]
                         net (fo=46, unplaced)        0.183     0.919    call_ret2_relu_ap_fixed_16_6_5_3_0_ap_fixed_16_6_5_3_0_relu_config3_s_fu_79/CO[0]
                         LUT3 (Prop_LUT3_I1_O)        0.038     0.957 f  call_ret2_relu_ap_fixed_16_6_5_3_0_ap_fixed_16_6_5_3_0_relu_config3_s_fu_79/tmp_product_i_126__1/O
                         net (fo=1, unplaced)         0.186     1.143    grp_dense_latency_ap_fixed_16_6_5_3_0_ap_fixed_16_6_5_3_0_config4_s_fu_91/mul_16s_12s_26_1_1_U13/tmp_product_i_58__0
                         LUT6 (Prop_LUT6_I0_O)        0.038     1.181 f  grp_dense_latency_ap_fixed_16_6_5_3_0_ap_fixed_16_6_5_3_0_config4_s_fu_91/mul_16s_12s_26_1_1_U13/tmp_product_i_102__1/O
                         net (fo=2, unplaced)         0.186     1.367    grp_dense_latency_ap_fixed_16_6_5_3_0_ap_fixed_16_6_5_3_0_config4_s_fu_91/mul_16s_12s_26_1_1_U13/data_0_val_read_reg_1922_reg[8]
                         LUT6 (Prop_LUT6_I2_O)        0.038     1.405 f  grp_dense_latency_ap_fixed_16_6_5_3_0_ap_fixed_16_6_5_3_0_config4_s_fu_91/mul_16s_12s_26_1_1_U13/tmp_product_i_68__5/O
                         net (fo=1, unplaced)         0.186     1.591    grp_dense_latency_ap_fixed_16_6_5_3_0_ap_fixed_16_6_5_3_0_config4_s_fu_91/mul_16s_12s_26_1_1_U13/tmp_product_i_68__5_n_0
                         LUT6 (Prop_LUT6_I3_O)        0.038     1.629 f  grp_dense_latency_ap_fixed_16_6_5_3_0_ap_fixed_16_6_5_3_0_config4_s_fu_91/mul_16s_12s_26_1_1_U13/tmp_product_i_18__1/O
                         net (fo=1, unplaced)         0.228     1.857    grp_dense_latency_ap_fixed_16_6_5_3_0_ap_fixed_16_6_5_3_0_config4_s_fu_91/mul_16s_12s_26_1_1_U13/tmp_product/A[8]
                         DSP_A_B_DATA (Prop_DSP_A_B_DATA_A[8]_A2_DATA[8])
                                                      0.192     2.049 r  grp_dense_latency_ap_fixed_16_6_5_3_0_ap_fixed_16_6_5_3_0_config4_s_fu_91/mul_16s_12s_26_1_1_U13/tmp_product/DSP_A_B_DATA_INST/A2_DATA[8]
                         net (fo=1, unplaced)         0.000     2.049    grp_dense_latency_ap_fixed_16_6_5_3_0_ap_fixed_16_6_5_3_0_config4_s_fu_91/mul_16s_12s_26_1_1_U13/tmp_product/DSP_A_B_DATA.A2_DATA<8>
                         DSP_PREADD_DATA (Prop_DSP_PREADD_DATA_A2_DATA[8]_A2A1[8])
                                                      0.076     2.125 r  grp_dense_latency_ap_fixed_16_6_5_3_0_ap_fixed_16_6_5_3_0_config4_s_fu_91/mul_16s_12s_26_1_1_U13/tmp_product/DSP_PREADD_DATA_INST/A2A1[8]
                         net (fo=1, unplaced)         0.000     2.125    grp_dense_latency_ap_fixed_16_6_5_3_0_ap_fixed_16_6_5_3_0_config4_s_fu_91/mul_16s_12s_26_1_1_U13/tmp_product/DSP_PREADD_DATA.A2A1<8>
                         DSP_MULTIPLIER (Prop_DSP_MULTIPLIER_A2A1[8]_U[10])
                                                      0.505     2.630 f  grp_dense_latency_ap_fixed_16_6_5_3_0_ap_fixed_16_6_5_3_0_config4_s_fu_91/mul_16s_12s_26_1_1_U13/tmp_product/DSP_MULTIPLIER_INST/U[10]
                         net (fo=1, unplaced)         0.000     2.630    grp_dense_latency_ap_fixed_16_6_5_3_0_ap_fixed_16_6_5_3_0_config4_s_fu_91/mul_16s_12s_26_1_1_U13/tmp_product/DSP_MULTIPLIER.U<10>
                         DSP_M_DATA (Prop_DSP_M_DATA_U[10]_U_DATA[10])
                                                      0.047     2.677 r  grp_dense_latency_ap_fixed_16_6_5_3_0_ap_fixed_16_6_5_3_0_config4_s_fu_91/mul_16s_12s_26_1_1_U13/tmp_product/DSP_M_DATA_INST/U_DATA[10]
                         net (fo=1, unplaced)         0.000     2.677    grp_dense_latency_ap_fixed_16_6_5_3_0_ap_fixed_16_6_5_3_0_config4_s_fu_91/mul_16s_12s_26_1_1_U13/tmp_product/DSP_M_DATA.U_DATA<10>
                         DSP_ALU (Prop_DSP_ALU_U_DATA[10]_ALU_OUT[10])
                                                      0.585     3.262 f  grp_dense_latency_ap_fixed_16_6_5_3_0_ap_fixed_16_6_5_3_0_config4_s_fu_91/mul_16s_12s_26_1_1_U13/tmp_product/DSP_ALU_INST/ALU_OUT[10]
                         net (fo=1, unplaced)         0.000     3.262    grp_dense_latency_ap_fixed_16_6_5_3_0_ap_fixed_16_6_5_3_0_config4_s_fu_91/mul_16s_12s_26_1_1_U13/tmp_product/DSP_ALU.ALU_OUT<10>
                         DSP_OUTPUT (Prop_DSP_OUTPUT_ALU_OUT[10]_P[10])
                                                      0.109     3.371 r  grp_dense_latency_ap_fixed_16_6_5_3_0_ap_fixed_16_6_5_3_0_config4_s_fu_91/mul_16s_12s_26_1_1_U13/tmp_product/DSP_OUTPUT_INST/P[10]
                         net (fo=13, unplaced)        0.246     3.617    grp_dense_latency_ap_fixed_16_6_5_3_0_ap_fixed_16_6_5_3_0_config4_s_fu_91/mul_16s_12s_26_1_1_U13/P[0]
                         LUT3 (Prop_LUT3_I2_O)        0.070     3.687 r  grp_dense_latency_ap_fixed_16_6_5_3_0_ap_fixed_16_6_5_3_0_config4_s_fu_91/mul_16s_12s_26_1_1_U13/add_ln58_54_reg_2210[15]_i_64/O
                         net (fo=2, unplaced)         0.219     3.906    grp_dense_latency_ap_fixed_16_6_5_3_0_ap_fixed_16_6_5_3_0_config4_s_fu_91/mul_16s_12s_26_1_1_U13/add_ln58_54_reg_2210[15]_i_64_n_0
                         LUT4 (Prop_LUT4_I3_O)        0.037     3.943 r  grp_dense_latency_ap_fixed_16_6_5_3_0_ap_fixed_16_6_5_3_0_config4_s_fu_91/mul_16s_12s_26_1_1_U13/add_ln58_54_reg_2210[15]_i_71/O
                         net (fo=1, unplaced)         0.023     3.966    grp_dense_latency_ap_fixed_16_6_5_3_0_ap_fixed_16_6_5_3_0_config4_s_fu_91/mul_16s_12s_26_1_1_U13/add_ln58_54_reg_2210[15]_i_71_n_0
                         CARRY8 (Prop_CARRY8_S[1]_CO[7])
                                                      0.197     4.163 r  grp_dense_latency_ap_fixed_16_6_5_3_0_ap_fixed_16_6_5_3_0_config4_s_fu_91/mul_16s_12s_26_1_1_U13/add_ln58_54_reg_2210_reg[15]_i_29/CO[7]
                         net (fo=1, unplaced)         0.005     4.168    grp_dense_latency_ap_fixed_16_6_5_3_0_ap_fixed_16_6_5_3_0_config4_s_fu_91/mul_16s_12s_26_1_1_U13/add_ln58_54_reg_2210_reg[15]_i_29_n_0
                         CARRY8 (Prop_CARRY8_CI_O[1])
                                                      0.076     4.244 r  grp_dense_latency_ap_fixed_16_6_5_3_0_ap_fixed_16_6_5_3_0_config4_s_fu_91/mul_16s_12s_26_1_1_U13/add_ln58_54_reg_2210_reg[15]_i_18/O[1]
                         net (fo=4, unplaced)         0.196     4.440    grp_dense_latency_ap_fixed_16_6_5_3_0_ap_fixed_16_6_5_3_0_config4_s_fu_91/mul_16s_12s_26_1_1_U13/add_ln58_54_reg_2210_reg[15]_i_18_n_14
                         LUT3 (Prop_LUT3_I1_O)        0.038     4.478 r  grp_dense_latency_ap_fixed_16_6_5_3_0_ap_fixed_16_6_5_3_0_config4_s_fu_91/mul_16s_12s_26_1_1_U13/add_ln58_54_reg_2210[15]_i_26/O
                         net (fo=3, unplaced)         0.192     4.670    grp_dense_latency_ap_fixed_16_6_5_3_0_ap_fixed_16_6_5_3_0_config4_s_fu_91/mul_16s_12s_26_1_1_U13/add_ln58_54_reg_2210[15]_i_26_n_0
                         LUT5 (Prop_LUT5_I1_O)        0.038     4.708 r  grp_dense_latency_ap_fixed_16_6_5_3_0_ap_fixed_16_6_5_3_0_config4_s_fu_91/mul_16s_12s_26_1_1_U13/add_ln58_54_reg_2210[15]_i_25/O
                         net (fo=2, unplaced)         0.186     4.894    grp_dense_latency_ap_fixed_16_6_5_3_0_ap_fixed_16_6_5_3_0_config4_s_fu_91/mul_16s_12s_26_1_1_U13/add_ln58_54_reg_2210[15]_i_25_n_0
                         LUT6 (Prop_LUT6_I5_O)        0.038     4.932 r  grp_dense_latency_ap_fixed_16_6_5_3_0_ap_fixed_16_6_5_3_0_config4_s_fu_91/mul_16s_12s_26_1_1_U13/add_ln58_54_reg_2210[15]_i_5/O
                         net (fo=2, unplaced)         0.186     5.118    grp_dense_latency_ap_fixed_16_6_5_3_0_ap_fixed_16_6_5_3_0_config4_s_fu_91/mul_16s_12s_26_1_1_U13/add_ln58_54_reg_2210[15]_i_5_n_0
                         LUT3 (Prop_LUT3_I0_O)        0.037     5.155 r  grp_dense_latency_ap_fixed_16_6_5_3_0_ap_fixed_16_6_5_3_0_config4_s_fu_91/mul_16s_12s_26_1_1_U13/add_ln58_54_reg_2210[15]_i_13/O
                         net (fo=1, unplaced)         0.032     5.187    grp_dense_latency_ap_fixed_16_6_5_3_0_ap_fixed_16_6_5_3_0_config4_s_fu_91/mul_16s_12s_26_1_1_U13/add_ln58_54_reg_2210[15]_i_13_n_0
                         CARRY8 (Prop_CARRY8_S[3]_O[6])
                                                      0.172     5.359 r  grp_dense_latency_ap_fixed_16_6_5_3_0_ap_fixed_16_6_5_3_0_config4_s_fu_91/mul_16s_12s_26_1_1_U13/add_ln58_54_reg_2210_reg[15]_i_1/O[6]
                         net (fo=1, unplaced)         0.026     5.385    grp_dense_latency_ap_fixed_16_6_5_3_0_ap_fixed_16_6_5_3_0_config4_s_fu_91/add_ln58_54_fu_1752_p2[14]
                         FDRE                                         r  grp_dense_latency_ap_fixed_16_6_5_3_0_ap_fixed_16_6_5_3_0_config4_s_fu_91/add_ln58_54_reg_2210_reg[14]/D
  -------------------------------------------------------------------    -------------------

                         (clock ap_clk rise edge)    10.000    10.000 r  
                                                      0.000    10.000 r  ap_clk (IN)
                         net (fo=2474, unset)         0.021    10.021    grp_dense_latency_ap_fixed_16_6_5_3_0_ap_fixed_16_6_5_3_0_config4_s_fu_91/ap_clk
                         FDRE                                         r  grp_dense_latency_ap_fixed_16_6_5_3_0_ap_fixed_16_6_5_3_0_config4_s_fu_91/add_ln58_54_reg_2210_reg[14]/C
                         clock pessimism              0.000    10.021    
                         clock uncertainty           -0.035     9.986    
                         FDRE (Setup_FDRE_C_D)        0.025    10.011    grp_dense_latency_ap_fixed_16_6_5_3_0_ap_fixed_16_6_5_3_0_config4_s_fu_91/add_ln58_54_reg_2210_reg[14]
  -------------------------------------------------------------------
                         required time                         10.011    
                         arrival time                          -5.385    
  -------------------------------------------------------------------
                         slack                                  4.626    





Pulse Width Checks
--------------------------------------------------------------------------------------
Clock Name:         ap_clk
Waveform(ns):       { 0.000 5.000 }
Period(ns):         10.000
Sources:            { ap_clk }

Check Type        Corner  Lib Pin             Reference Pin  Required(ns)  Actual(ns)  Slack(ns)  Location  Pin
Min Period        n/a     RAMB18E2/CLKARDCLK  n/a            1.355         10.000      8.645                grp_softmax_stable_ap_fixed_ap_fixed_16_6_5_3_0_softmax_config7_s_fu_127/exp_table_U/q0_reg/CLKARDCLK
Min Period        n/a     RAMB18E2/CLKBWRCLK  n/a            1.355         10.000      8.645                grp_softmax_stable_ap_fixed_ap_fixed_16_6_5_3_0_softmax_config7_s_fu_127/exp_table_U/q0_reg/CLKBWRCLK
Min Period        n/a     RAMB18E2/CLKARDCLK  n/a            1.355         10.000      8.645                grp_softmax_stable_ap_fixed_ap_fixed_16_6_5_3_0_softmax_config7_s_fu_127/exp_table_U/q2_reg/CLKARDCLK
Min Period        n/a     RAMB18E2/CLKARDCLK  n/a            1.355         10.000      8.645                grp_softmax_stable_ap_fixed_ap_fixed_16_6_5_3_0_softmax_config7_s_fu_127/invert_table_U/q0_reg/CLKARDCLK
Min Period        n/a     FDSE/C              n/a            0.550         10.000      9.450                ap_CS_fsm_reg[0]/C
Min Period        n/a     FDRE/C              n/a            0.550         10.000      9.450                ap_CS_fsm_reg[10]/C
Min Period        n/a     FDRE/C              n/a            0.550         10.000      9.450                ap_CS_fsm_reg[11]/C
Min Period        n/a     FDRE/C              n/a            0.550         10.000      9.450                ap_CS_fsm_reg[12]/C
Min Period        n/a     FDRE/C              n/a            0.550         10.000      9.450                ap_CS_fsm_reg[13]/C
Min Period        n/a     FDRE/C              n/a            0.550         10.000      9.450                ap_CS_fsm_reg[1]/C
Low Pulse Width   Slow    RAMB18E2/CLKARDCLK  n/a            0.542         5.000       4.458                grp_softmax_stable_ap_fixed_ap_fixed_16_6_5_3_0_softmax_config7_s_fu_127/exp_table_U/q0_reg/CLKARDCLK
Low Pulse Width   Fast    RAMB18E2/CLKARDCLK  n/a            0.542         5.000       4.458                grp_softmax_stable_ap_fixed_ap_fixed_16_6_5_3_0_softmax_config7_s_fu_127/exp_table_U/q0_reg/CLKARDCLK
Low Pulse Width   Slow    RAMB18E2/CLKBWRCLK  n/a            0.542         5.000       4.458                grp_softmax_stable_ap_fixed_ap_fixed_16_6_5_3_0_softmax_config7_s_fu_127/exp_table_U/q0_reg/CLKBWRCLK
Low Pulse Width   Fast    RAMB18E2/CLKBWRCLK  n/a            0.542         5.000       4.458                grp_softmax_stable_ap_fixed_ap_fixed_16_6_5_3_0_softmax_config7_s_fu_127/exp_table_U/q0_reg/CLKBWRCLK
Low Pulse Width   Slow    RAMB18E2/CLKARDCLK  n/a            0.542         5.000       4.458                grp_softmax_stable_ap_fixed_ap_fixed_16_6_5_3_0_softmax_config7_s_fu_127/exp_table_U/q2_reg/CLKARDCLK
Low Pulse Width   Fast    RAMB18E2/CLKARDCLK  n/a            0.542         5.000       4.458                grp_softmax_stable_ap_fixed_ap_fixed_16_6_5_3_0_softmax_config7_s_fu_127/exp_table_U/q2_reg/CLKARDCLK
Low Pulse Width   Slow    RAMB18E2/CLKARDCLK  n/a            0.542         5.000       4.458                grp_softmax_stable_ap_fixed_ap_fixed_16_6_5_3_0_softmax_config7_s_fu_127/invert_table_U/q0_reg/CLKARDCLK
Low Pulse Width   Fast    RAMB18E2/CLKARDCLK  n/a            0.542         5.000       4.458                grp_softmax_stable_ap_fixed_ap_fixed_16_6_5_3_0_softmax_config7_s_fu_127/invert_table_U/q0_reg/CLKARDCLK
Low Pulse Width   Slow    FDSE/C              n/a            0.275         5.000       4.725                ap_CS_fsm_reg[0]/C
Low Pulse Width   Fast    FDSE/C              n/a            0.275         5.000       4.725                ap_CS_fsm_reg[0]/C
High Pulse Width  Slow    RAMB18E2/CLKARDCLK  n/a            0.542         5.000       4.458                grp_softmax_stable_ap_fixed_ap_fixed_16_6_5_3_0_softmax_config7_s_fu_127/exp_table_U/q0_reg/CLKARDCLK
High Pulse Width  Fast    RAMB18E2/CLKARDCLK  n/a            0.542         5.000       4.458                grp_softmax_stable_ap_fixed_ap_fixed_16_6_5_3_0_softmax_config7_s_fu_127/exp_table_U/q0_reg/CLKARDCLK
High Pulse Width  Slow    RAMB18E2/CLKBWRCLK  n/a            0.542         5.000       4.458                grp_softmax_stable_ap_fixed_ap_fixed_16_6_5_3_0_softmax_config7_s_fu_127/exp_table_U/q0_reg/CLKBWRCLK
High Pulse Width  Fast    RAMB18E2/CLKBWRCLK  n/a            0.542         5.000       4.458                grp_softmax_stable_ap_fixed_ap_fixed_16_6_5_3_0_softmax_config7_s_fu_127/exp_table_U/q0_reg/CLKBWRCLK
High Pulse Width  Slow    RAMB18E2/CLKARDCLK  n/a            0.542         5.000       4.458                grp_softmax_stable_ap_fixed_ap_fixed_16_6_5_3_0_softmax_config7_s_fu_127/exp_table_U/q2_reg/CLKARDCLK
High Pulse Width  Fast    RAMB18E2/CLKARDCLK  n/a            0.542         5.000       4.458                grp_softmax_stable_ap_fixed_ap_fixed_16_6_5_3_0_softmax_config7_s_fu_127/exp_table_U/q2_reg/CLKARDCLK
High Pulse Width  Slow    RAMB18E2/CLKARDCLK  n/a            0.542         5.000       4.458                grp_softmax_stable_ap_fixed_ap_fixed_16_6_5_3_0_softmax_config7_s_fu_127/invert_table_U/q0_reg/CLKARDCLK
High Pulse Width  Fast    RAMB18E2/CLKARDCLK  n/a            0.542         5.000       4.458                grp_softmax_stable_ap_fixed_ap_fixed_16_6_5_3_0_softmax_config7_s_fu_127/invert_table_U/q0_reg/CLKARDCLK
High Pulse Width  Slow    FDSE/C              n/a            0.275         5.000       4.725                ap_CS_fsm_reg[0]/C
High Pulse Width  Fast    FDSE/C              n/a            0.275         5.000       4.725                ap_CS_fsm_reg[0]/C



--------------------------------------------------------------------------------------
Path Group:  (none)
From Clock:  
  To Clock:  

Max Delay             2 Endpoints
Min Delay             0 Endpoints
--------------------------------------------------------------------------------------


Max Delay Paths
--------------------------------------------------------------------------------------
Slack:                    inf
  Source:                 ap_start
                            (input port)
  Destination:            ap_idle
                            (output port)
  Path Group:             (none)
  Path Type:              Max at Slow Process Corner
  Data Path Delay:        0.125ns  (logic 0.125ns (100.000%)  route 0.000ns (0.000%))
  Logic Levels:           1  (LUT5=1)

    Location             Delay type                Incr(ns)  Path(ns)    Netlist Resource(s)
  -------------------------------------------------------------------    -------------------
                                                      0.000     0.000 f  ap_start (IN)
                         net (fo=10, unset)           0.000     0.000    ap_start
                         LUT5 (Prop_LUT5_I0_O)        0.125     0.125 r  ap_idle_INST_0/O
                         net (fo=0)                   0.000     0.125    ap_idle
                                                                      r  ap_idle (OUT)
  -------------------------------------------------------------------    -------------------

Slack:                    inf
  Source:                 ap_start
                            (input port)
  Destination:            ap_done
                            (output port)
  Path Group:             (none)
  Path Type:              Max at Slow Process Corner
  Data Path Delay:        0.090ns  (logic 0.090ns (100.000%)  route 0.000ns (0.000%))
  Logic Levels:           1  (LUT5=1)

    Location             Delay type                Incr(ns)  Path(ns)    Netlist Resource(s)
  -------------------------------------------------------------------    -------------------
                                                      0.000     0.000 f  ap_start (IN)
                         net (fo=10, unset)           0.000     0.000    ap_start
                         LUT5 (Prop_LUT5_I2_O)        0.090     0.090 r  ap_done_INST_0/O
                         net (fo=0)                   0.000     0.090    ap_done
                                                                      r  ap_done (OUT)
  -------------------------------------------------------------------    -------------------





--------------------------------------------------------------------------------------
Path Group:  (none)
From Clock:  ap_clk
  To Clock:  

Max Delay            54 Endpoints
Min Delay             0 Endpoints
--------------------------------------------------------------------------------------


Max Delay Paths
--------------------------------------------------------------------------------------
Slack:                    inf
  Source:                 grp_softmax_stable_ap_fixed_ap_fixed_16_6_5_3_0_softmax_config7_s_fu_127/invert_table_U/q0_reg/CLKARDCLK
                            (rising edge-triggered cell RAMB18E2 clocked by ap_clk  {rise@0.000ns fall@5.000ns period=10.000ns})
  Destination:            layer7_out_0[11]
                            (output port)
  Path Group:             (none)
  Path Type:              Max at Slow Process Corner
  Data Path Delay:        2.770ns  (logic 2.394ns (86.426%)  route 0.376ns (13.574%))
  Logic Levels:           6  (DSP_A_B_DATA=1 DSP_ALU=1 DSP_M_DATA=1 DSP_MULTIPLIER=1 DSP_OUTPUT=1 DSP_PREADD_DATA=1)
  Clock Uncertainty:      0.025ns  ((TSJ^2 + TIJ^2)^1/2 + DJ) / 2 + PE
    Total System Jitter     (TSJ):    0.050ns
    Total Input Jitter      (TIJ):    0.000ns
    Discrete Jitter          (DJ):    0.000ns
    Phase Error              (PE):    0.000ns

    Location             Delay type                Incr(ns)  Path(ns)    Netlist Resource(s)
  -------------------------------------------------------------------    -------------------
                         (clock ap_clk rise edge)     0.000     0.000 r  
                                                      0.000     0.000 r  ap_clk (IN)
                         net (fo=2474, unset)         0.076     0.076    grp_softmax_stable_ap_fixed_ap_fixed_16_6_5_3_0_softmax_config7_s_fu_127/invert_table_U/ap_clk
                         RAMB18E2                                     r  grp_softmax_stable_ap_fixed_ap_fixed_16_6_5_3_0_softmax_config7_s_fu_127/invert_table_U/q0_reg/CLKARDCLK
  -------------------------------------------------------------------    -------------------
                         RAMB18E2 (Prop_RAMB18E2_CLKARDCLK_DOUTADOUT[14])
                                                      0.880     0.956 f  grp_softmax_stable_ap_fixed_ap_fixed_16_6_5_3_0_softmax_config7_s_fu_127/invert_table_U/q0_reg/DOUTADOUT[14]
                         net (fo=39, unplaced)        0.376     1.332    grp_softmax_stable_ap_fixed_ap_fixed_16_6_5_3_0_softmax_config7_s_fu_127/mul_18s_11ns_26_1_1_U44/tmp_product/A[20]
                         DSP_A_B_DATA (Prop_DSP_A_B_DATA_A[20]_A2_DATA[20])
                                                      0.192     1.524 r  grp_softmax_stable_ap_fixed_ap_fixed_16_6_5_3_0_softmax_config7_s_fu_127/mul_18s_11ns_26_1_1_U44/tmp_product/DSP_A_B_DATA_INST/A2_DATA[20]
                         net (fo=1, unplaced)         0.000     1.524    grp_softmax_stable_ap_fixed_ap_fixed_16_6_5_3_0_softmax_config7_s_fu_127/mul_18s_11ns_26_1_1_U44/tmp_product/DSP_A_B_DATA.A2_DATA<20>
                         DSP_PREADD_DATA (Prop_DSP_PREADD_DATA_A2_DATA[20]_A2A1[20])
                                                      0.076     1.600 r  grp_softmax_stable_ap_fixed_ap_fixed_16_6_5_3_0_softmax_config7_s_fu_127/mul_18s_11ns_26_1_1_U44/tmp_product/DSP_PREADD_DATA_INST/A2A1[20]
                         net (fo=1, unplaced)         0.000     1.600    grp_softmax_stable_ap_fixed_ap_fixed_16_6_5_3_0_softmax_config7_s_fu_127/mul_18s_11ns_26_1_1_U44/tmp_product/DSP_PREADD_DATA.A2A1<20>
                         DSP_MULTIPLIER (Prop_DSP_MULTIPLIER_A2A1[20]_U[21])
                                                      0.505     2.105 f  grp_softmax_stable_ap_fixed_ap_fixed_16_6_5_3_0_softmax_config7_s_fu_127/mul_18s_11ns_26_1_1_U44/tmp_product/DSP_MULTIPLIER_INST/U[21]
                         net (fo=1, unplaced)         0.000     2.105    grp_softmax_stable_ap_fixed_ap_fixed_16_6_5_3_0_softmax_config7_s_fu_127/mul_18s_11ns_26_1_1_U44/tmp_product/DSP_MULTIPLIER.U<21>
                         DSP_M_DATA (Prop_DSP_M_DATA_U[21]_U_DATA[21])
                                                      0.047     2.152 r  grp_softmax_stable_ap_fixed_ap_fixed_16_6_5_3_0_softmax_config7_s_fu_127/mul_18s_11ns_26_1_1_U44/tmp_product/DSP_M_DATA_INST/U_DATA[21]
                         net (fo=1, unplaced)         0.000     2.152    grp_softmax_stable_ap_fixed_ap_fixed_16_6_5_3_0_softmax_config7_s_fu_127/mul_18s_11ns_26_1_1_U44/tmp_product/DSP_M_DATA.U_DATA<21>
                         DSP_ALU (Prop_DSP_ALU_U_DATA[21]_ALU_OUT[21])
                                                      0.585     2.737 f  grp_softmax_stable_ap_fixed_ap_fixed_16_6_5_3_0_softmax_config7_s_fu_127/mul_18s_11ns_26_1_1_U44/tmp_product/DSP_ALU_INST/ALU_OUT[21]
                         net (fo=1, unplaced)         0.000     2.737    grp_softmax_stable_ap_fixed_ap_fixed_16_6_5_3_0_softmax_config7_s_fu_127/mul_18s_11ns_26_1_1_U44/tmp_product/DSP_ALU.ALU_OUT<21>
                         DSP_OUTPUT (Prop_DSP_OUTPUT_ALU_OUT[21]_P[21])
                                                      0.109     2.846 r  grp_softmax_stable_ap_fixed_ap_fixed_16_6_5_3_0_softmax_config7_s_fu_127/mul_18s_11ns_26_1_1_U44/tmp_product/DSP_OUTPUT_INST/P[21]
                         net (fo=0)                   0.000     2.846    layer7_out_0[11]
                                                                      r  layer7_out_0[11] (OUT)
  -------------------------------------------------------------------    -------------------

Slack:                    inf
  Source:                 grp_softmax_stable_ap_fixed_ap_fixed_16_6_5_3_0_softmax_config7_s_fu_127/invert_table_U/q0_reg/CLKARDCLK
                            (rising edge-triggered cell RAMB18E2 clocked by ap_clk  {rise@0.000ns fall@5.000ns period=10.000ns})
  Destination:            layer7_out_0[12]
                            (output port)
  Path Group:             (none)
  Path Type:              Max at Slow Process Corner
  Data Path Delay:        2.770ns  (logic 2.394ns (86.426%)  route 0.376ns (13.574%))
  Logic Levels:           6  (DSP_A_B_DATA=1 DSP_ALU=1 DSP_M_DATA=1 DSP_MULTIPLIER=1 DSP_OUTPUT=1 DSP_PREADD_DATA=1)
  Clock Uncertainty:      0.025ns  ((TSJ^2 + TIJ^2)^1/2 + DJ) / 2 + PE
    Total System Jitter     (TSJ):    0.050ns
    Total Input Jitter      (TIJ):    0.000ns
    Discrete Jitter          (DJ):    0.000ns
    Phase Error              (PE):    0.000ns

    Location             Delay type                Incr(ns)  Path(ns)    Netlist Resource(s)
  -------------------------------------------------------------------    -------------------
                         (clock ap_clk rise edge)     0.000     0.000 r  
                                                      0.000     0.000 r  ap_clk (IN)
                         net (fo=2474, unset)         0.076     0.076    grp_softmax_stable_ap_fixed_ap_fixed_16_6_5_3_0_softmax_config7_s_fu_127/invert_table_U/ap_clk
                         RAMB18E2                                     r  grp_softmax_stable_ap_fixed_ap_fixed_16_6_5_3_0_softmax_config7_s_fu_127/invert_table_U/q0_reg/CLKARDCLK
  -------------------------------------------------------------------    -------------------
                         RAMB18E2 (Prop_RAMB18E2_CLKARDCLK_DOUTADOUT[14])
                                                      0.880     0.956 f  grp_softmax_stable_ap_fixed_ap_fixed_16_6_5_3_0_softmax_config7_s_fu_127/invert_table_U/q0_reg/DOUTADOUT[14]
                         net (fo=39, unplaced)        0.376     1.332    grp_softmax_stable_ap_fixed_ap_fixed_16_6_5_3_0_softmax_config7_s_fu_127/mul_18s_11ns_26_1_1_U44/tmp_product/A[20]
                         DSP_A_B_DATA (Prop_DSP_A_B_DATA_A[20]_A2_DATA[20])
                                                      0.192     1.524 r  grp_softmax_stable_ap_fixed_ap_fixed_16_6_5_3_0_softmax_config7_s_fu_127/mul_18s_11ns_26_1_1_U44/tmp_product/DSP_A_B_DATA_INST/A2_DATA[20]
                         net (fo=1, unplaced)         0.000     1.524    grp_softmax_stable_ap_fixed_ap_fixed_16_6_5_3_0_softmax_config7_s_fu_127/mul_18s_11ns_26_1_1_U44/tmp_product/DSP_A_B_DATA.A2_DATA<20>
                         DSP_PREADD_DATA (Prop_DSP_PREADD_DATA_A2_DATA[20]_A2A1[20])
                                                      0.076     1.600 r  grp_softmax_stable_ap_fixed_ap_fixed_16_6_5_3_0_softmax_config7_s_fu_127/mul_18s_11ns_26_1_1_U44/tmp_product/DSP_PREADD_DATA_INST/A2A1[20]
                         net (fo=1, unplaced)         0.000     1.600    grp_softmax_stable_ap_fixed_ap_fixed_16_6_5_3_0_softmax_config7_s_fu_127/mul_18s_11ns_26_1_1_U44/tmp_product/DSP_PREADD_DATA.A2A1<20>
                         DSP_MULTIPLIER (Prop_DSP_MULTIPLIER_A2A1[20]_U[22])
                                                      0.505     2.105 f  grp_softmax_stable_ap_fixed_ap_fixed_16_6_5_3_0_softmax_config7_s_fu_127/mul_18s_11ns_26_1_1_U44/tmp_product/DSP_MULTIPLIER_INST/U[22]
                         net (fo=1, unplaced)         0.000     2.105    grp_softmax_stable_ap_fixed_ap_fixed_16_6_5_3_0_softmax_config7_s_fu_127/mul_18s_11ns_26_1_1_U44/tmp_product/DSP_MULTIPLIER.U<22>
                         DSP_M_DATA (Prop_DSP_M_DATA_U[22]_U_DATA[22])
                                                      0.047     2.152 r  grp_softmax_stable_ap_fixed_ap_fixed_16_6_5_3_0_softmax_config7_s_fu_127/mul_18s_11ns_26_1_1_U44/tmp_product/DSP_M_DATA_INST/U_DATA[22]
                         net (fo=1, unplaced)         0.000     2.152    grp_softmax_stable_ap_fixed_ap_fixed_16_6_5_3_0_softmax_config7_s_fu_127/mul_18s_11ns_26_1_1_U44/tmp_product/DSP_M_DATA.U_DATA<22>
                         DSP_ALU (Prop_DSP_ALU_U_DATA[22]_ALU_OUT[22])
                                                      0.585     2.737 f  grp_softmax_stable_ap_fixed_ap_fixed_16_6_5_3_0_softmax_config7_s_fu_127/mul_18s_11ns_26_1_1_U44/tmp_product/DSP_ALU_INST/ALU_OUT[22]
                         net (fo=1, unplaced)         0.000     2.737    grp_softmax_stable_ap_fixed_ap_fixed_16_6_5_3_0_softmax_config7_s_fu_127/mul_18s_11ns_26_1_1_U44/tmp_product/DSP_ALU.ALU_OUT<22>
                         DSP_OUTPUT (Prop_DSP_OUTPUT_ALU_OUT[22]_P[22])
                                                      0.109     2.846 r  grp_softmax_stable_ap_fixed_ap_fixed_16_6_5_3_0_softmax_config7_s_fu_127/mul_18s_11ns_26_1_1_U44/tmp_product/DSP_OUTPUT_INST/P[22]
                         net (fo=0)                   0.000     2.846    layer7_out_0[12]
                                                                      r  layer7_out_0[12] (OUT)
  -------------------------------------------------------------------    -------------------

Slack:                    inf
  Source:                 grp_softmax_stable_ap_fixed_ap_fixed_16_6_5_3_0_softmax_config7_s_fu_127/invert_table_U/q0_reg/CLKARDCLK
                            (rising edge-triggered cell RAMB18E2 clocked by ap_clk  {rise@0.000ns fall@5.000ns period=10.000ns})
  Destination:            layer7_out_0[13]
                            (output port)
  Path Group:             (none)
  Path Type:              Max at Slow Process Corner
  Data Path Delay:        2.770ns  (logic 2.394ns (86.426%)  route 0.376ns (13.574%))
  Logic Levels:           6  (DSP_A_B_DATA=1 DSP_ALU=1 DSP_M_DATA=1 DSP_MULTIPLIER=1 DSP_OUTPUT=1 DSP_PREADD_DATA=1)
  Clock Uncertainty:      0.025ns  ((TSJ^2 + TIJ^2)^1/2 + DJ) / 2 + PE
    Total System Jitter     (TSJ):    0.050ns
    Total Input Jitter      (TIJ):    0.000ns
    Discrete Jitter          (DJ):    0.000ns
    Phase Error              (PE):    0.000ns

    Location             Delay type                Incr(ns)  Path(ns)    Netlist Resource(s)
  -------------------------------------------------------------------    -------------------
                         (clock ap_clk rise edge)     0.000     0.000 r  
                                                      0.000     0.000 r  ap_clk (IN)
                         net (fo=2474, unset)         0.076     0.076    grp_softmax_stable_ap_fixed_ap_fixed_16_6_5_3_0_softmax_config7_s_fu_127/invert_table_U/ap_clk
                         RAMB18E2                                     r  grp_softmax_stable_ap_fixed_ap_fixed_16_6_5_3_0_softmax_config7_s_fu_127/invert_table_U/q0_reg/CLKARDCLK
  -------------------------------------------------------------------    -------------------
                         RAMB18E2 (Prop_RAMB18E2_CLKARDCLK_DOUTADOUT[14])
                                                      0.880     0.956 f  grp_softmax_stable_ap_fixed_ap_fixed_16_6_5_3_0_softmax_config7_s_fu_127/invert_table_U/q0_reg/DOUTADOUT[14]
                         net (fo=39, unplaced)        0.376     1.332    grp_softmax_stable_ap_fixed_ap_fixed_16_6_5_3_0_softmax_config7_s_fu_127/mul_18s_11ns_26_1_1_U44/tmp_product/A[20]
                         DSP_A_B_DATA (Prop_DSP_A_B_DATA_A[20]_A2_DATA[20])
                                                      0.192     1.524 r  grp_softmax_stable_ap_fixed_ap_fixed_16_6_5_3_0_softmax_config7_s_fu_127/mul_18s_11ns_26_1_1_U44/tmp_product/DSP_A_B_DATA_INST/A2_DATA[20]
                         net (fo=1, unplaced)         0.000     1.524    grp_softmax_stable_ap_fixed_ap_fixed_16_6_5_3_0_softmax_config7_s_fu_127/mul_18s_11ns_26_1_1_U44/tmp_product/DSP_A_B_DATA.A2_DATA<20>
                         DSP_PREADD_DATA (Prop_DSP_PREADD_DATA_A2_DATA[20]_A2A1[20])
                                                      0.076     1.600 r  grp_softmax_stable_ap_fixed_ap_fixed_16_6_5_3_0_softmax_config7_s_fu_127/mul_18s_11ns_26_1_1_U44/tmp_product/DSP_PREADD_DATA_INST/A2A1[20]
                         net (fo=1, unplaced)         0.000     1.600    grp_softmax_stable_ap_fixed_ap_fixed_16_6_5_3_0_softmax_config7_s_fu_127/mul_18s_11ns_26_1_1_U44/tmp_product/DSP_PREADD_DATA.A2A1<20>
                         DSP_MULTIPLIER (Prop_DSP_MULTIPLIER_A2A1[20]_U[23])
                                                      0.505     2.105 f  grp_softmax_stable_ap_fixed_ap_fixed_16_6_5_3_0_softmax_config7_s_fu_127/mul_18s_11ns_26_1_1_U44/tmp_product/DSP_MULTIPLIER_INST/U[23]
                         net (fo=1, unplaced)         0.000     2.105    grp_softmax_stable_ap_fixed_ap_fixed_16_6_5_3_0_softmax_config7_s_fu_127/mul_18s_11ns_26_1_1_U44/tmp_product/DSP_MULTIPLIER.U<23>
                         DSP_M_DATA (Prop_DSP_M_DATA_U[23]_U_DATA[23])
                                                      0.047     2.152 r  grp_softmax_stable_ap_fixed_ap_fixed_16_6_5_3_0_softmax_config7_s_fu_127/mul_18s_11ns_26_1_1_U44/tmp_product/DSP_M_DATA_INST/U_DATA[23]
                         net (fo=1, unplaced)         0.000     2.152    grp_softmax_stable_ap_fixed_ap_fixed_16_6_5_3_0_softmax_config7_s_fu_127/mul_18s_11ns_26_1_1_U44/tmp_product/DSP_M_DATA.U_DATA<23>
                         DSP_ALU (Prop_DSP_ALU_U_DATA[23]_ALU_OUT[23])
                                                      0.585     2.737 f  grp_softmax_stable_ap_fixed_ap_fixed_16_6_5_3_0_softmax_config7_s_fu_127/mul_18s_11ns_26_1_1_U44/tmp_product/DSP_ALU_INST/ALU_OUT[23]
                         net (fo=1, unplaced)         0.000     2.737    grp_softmax_stable_ap_fixed_ap_fixed_16_6_5_3_0_softmax_config7_s_fu_127/mul_18s_11ns_26_1_1_U44/tmp_product/DSP_ALU.ALU_OUT<23>
                         DSP_OUTPUT (Prop_DSP_OUTPUT_ALU_OUT[23]_P[23])
                                                      0.109     2.846 r  grp_softmax_stable_ap_fixed_ap_fixed_16_6_5_3_0_softmax_config7_s_fu_127/mul_18s_11ns_26_1_1_U44/tmp_product/DSP_OUTPUT_INST/P[23]
                         net (fo=0)                   0.000     2.846    layer7_out_0[13]
                                                                      r  layer7_out_0[13] (OUT)
  -------------------------------------------------------------------    -------------------

Slack:                    inf
  Source:                 grp_softmax_stable_ap_fixed_ap_fixed_16_6_5_3_0_softmax_config7_s_fu_127/invert_table_U/q0_reg/CLKARDCLK
                            (rising edge-triggered cell RAMB18E2 clocked by ap_clk  {rise@0.000ns fall@5.000ns period=10.000ns})
  Destination:            layer7_out_0[14]
                            (output port)
  Path Group:             (none)
  Path Type:              Max at Slow Process Corner
  Data Path Delay:        2.770ns  (logic 2.394ns (86.426%)  route 0.376ns (13.574%))
  Logic Levels:           6  (DSP_A_B_DATA=1 DSP_ALU=1 DSP_M_DATA=1 DSP_MULTIPLIER=1 DSP_OUTPUT=1 DSP_PREADD_DATA=1)
  Clock Uncertainty:      0.025ns  ((TSJ^2 + TIJ^2)^1/2 + DJ) / 2 + PE
    Total System Jitter     (TSJ):    0.050ns
    Total Input Jitter      (TIJ):    0.000ns
    Discrete Jitter          (DJ):    0.000ns
    Phase Error              (PE):    0.000ns

    Location             Delay type                Incr(ns)  Path(ns)    Netlist Resource(s)
  -------------------------------------------------------------------    -------------------
                         (clock ap_clk rise edge)     0.000     0.000 r  
                                                      0.000     0.000 r  ap_clk (IN)
                         net (fo=2474, unset)         0.076     0.076    grp_softmax_stable_ap_fixed_ap_fixed_16_6_5_3_0_softmax_config7_s_fu_127/invert_table_U/ap_clk
                         RAMB18E2                                     r  grp_softmax_stable_ap_fixed_ap_fixed_16_6_5_3_0_softmax_config7_s_fu_127/invert_table_U/q0_reg/CLKARDCLK
  -------------------------------------------------------------------    -------------------
                         RAMB18E2 (Prop_RAMB18E2_CLKARDCLK_DOUTADOUT[14])
                                                      0.880     0.956 f  grp_softmax_stable_ap_fixed_ap_fixed_16_6_5_3_0_softmax_config7_s_fu_127/invert_table_U/q0_reg/DOUTADOUT[14]
                         net (fo=39, unplaced)        0.376     1.332    grp_softmax_stable_ap_fixed_ap_fixed_16_6_5_3_0_softmax_config7_s_fu_127/mul_18s_11ns_26_1_1_U44/tmp_product/A[20]
                         DSP_A_B_DATA (Prop_DSP_A_B_DATA_A[20]_A2_DATA[20])
                                                      0.192     1.524 r  grp_softmax_stable_ap_fixed_ap_fixed_16_6_5_3_0_softmax_config7_s_fu_127/mul_18s_11ns_26_1_1_U44/tmp_product/DSP_A_B_DATA_INST/A2_DATA[20]
                         net (fo=1, unplaced)         0.000     1.524    grp_softmax_stable_ap_fixed_ap_fixed_16_6_5_3_0_softmax_config7_s_fu_127/mul_18s_11ns_26_1_1_U44/tmp_product/DSP_A_B_DATA.A2_DATA<20>
                         DSP_PREADD_DATA (Prop_DSP_PREADD_DATA_A2_DATA[20]_A2A1[20])
                                                      0.076     1.600 r  grp_softmax_stable_ap_fixed_ap_fixed_16_6_5_3_0_softmax_config7_s_fu_127/mul_18s_11ns_26_1_1_U44/tmp_product/DSP_PREADD_DATA_INST/A2A1[20]
                         net (fo=1, unplaced)         0.000     1.600    grp_softmax_stable_ap_fixed_ap_fixed_16_6_5_3_0_softmax_config7_s_fu_127/mul_18s_11ns_26_1_1_U44/tmp_product/DSP_PREADD_DATA.A2A1<20>
                         DSP_MULTIPLIER (Prop_DSP_MULTIPLIER_A2A1[20]_U[24])
                                                      0.505     2.105 f  grp_softmax_stable_ap_fixed_ap_fixed_16_6_5_3_0_softmax_config7_s_fu_127/mul_18s_11ns_26_1_1_U44/tmp_product/DSP_MULTIPLIER_INST/U[24]
                         net (fo=1, unplaced)         0.000     2.105    grp_softmax_stable_ap_fixed_ap_fixed_16_6_5_3_0_softmax_config7_s_fu_127/mul_18s_11ns_26_1_1_U44/tmp_product/DSP_MULTIPLIER.U<24>
                         DSP_M_DATA (Prop_DSP_M_DATA_U[24]_U_DATA[24])
                                                      0.047     2.152 r  grp_softmax_stable_ap_fixed_ap_fixed_16_6_5_3_0_softmax_config7_s_fu_127/mul_18s_11ns_26_1_1_U44/tmp_product/DSP_M_DATA_INST/U_DATA[24]
                         net (fo=1, unplaced)         0.000     2.152    grp_softmax_stable_ap_fixed_ap_fixed_16_6_5_3_0_softmax_config7_s_fu_127/mul_18s_11ns_26_1_1_U44/tmp_product/DSP_M_DATA.U_DATA<24>
                         DSP_ALU (Prop_DSP_ALU_U_DATA[24]_ALU_OUT[24])
                                                      0.585     2.737 f  grp_softmax_stable_ap_fixed_ap_fixed_16_6_5_3_0_softmax_config7_s_fu_127/mul_18s_11ns_26_1_1_U44/tmp_product/DSP_ALU_INST/ALU_OUT[24]
                         net (fo=1, unplaced)         0.000     2.737    grp_softmax_stable_ap_fixed_ap_fixed_16_6_5_3_0_softmax_config7_s_fu_127/mul_18s_11ns_26_1_1_U44/tmp_product/DSP_ALU.ALU_OUT<24>
                         DSP_OUTPUT (Prop_DSP_OUTPUT_ALU_OUT[24]_P[24])
                                                      0.109     2.846 r  grp_softmax_stable_ap_fixed_ap_fixed_16_6_5_3_0_softmax_config7_s_fu_127/mul_18s_11ns_26_1_1_U44/tmp_product/DSP_OUTPUT_INST/P[24]
                         net (fo=0)                   0.000     2.846    layer7_out_0[14]
                                                                      r  layer7_out_0[14] (OUT)
  -------------------------------------------------------------------    -------------------

Slack:                    inf
  Source:                 grp_softmax_stable_ap_fixed_ap_fixed_16_6_5_3_0_softmax_config7_s_fu_127/invert_table_U/q0_reg/CLKARDCLK
                            (rising edge-triggered cell RAMB18E2 clocked by ap_clk  {rise@0.000ns fall@5.000ns period=10.000ns})
  Destination:            layer7_out_0[15]
                            (output port)
  Path Group:             (none)
  Path Type:              Max at Slow Process Corner
  Data Path Delay:        2.770ns  (logic 2.394ns (86.426%)  route 0.376ns (13.574%))
  Logic Levels:           6  (DSP_A_B_DATA=1 DSP_ALU=1 DSP_M_DATA=1 DSP_MULTIPLIER=1 DSP_OUTPUT=1 DSP_PREADD_DATA=1)
  Clock Uncertainty:      0.025ns  ((TSJ^2 + TIJ^2)^1/2 + DJ) / 2 + PE
    Total System Jitter     (TSJ):    0.050ns
    Total Input Jitter      (TIJ):    0.000ns
    Discrete Jitter          (DJ):    0.000ns
    Phase Error              (PE):    0.000ns

    Location             Delay type                Incr(ns)  Path(ns)    Netlist Resource(s)
  -------------------------------------------------------------------    -------------------
                         (clock ap_clk rise edge)     0.000     0.000 r  
                                                      0.000     0.000 r  ap_clk (IN)
                         net (fo=2474, unset)         0.076     0.076    grp_softmax_stable_ap_fixed_ap_fixed_16_6_5_3_0_softmax_config7_s_fu_127/invert_table_U/ap_clk
                         RAMB18E2                                     r  grp_softmax_stable_ap_fixed_ap_fixed_16_6_5_3_0_softmax_config7_s_fu_127/invert_table_U/q0_reg/CLKARDCLK
  -------------------------------------------------------------------    -------------------
                         RAMB18E2 (Prop_RAMB18E2_CLKARDCLK_DOUTADOUT[14])
                                                      0.880     0.956 f  grp_softmax_stable_ap_fixed_ap_fixed_16_6_5_3_0_softmax_config7_s_fu_127/invert_table_U/q0_reg/DOUTADOUT[14]
                         net (fo=39, unplaced)        0.376     1.332    grp_softmax_stable_ap_fixed_ap_fixed_16_6_5_3_0_softmax_config7_s_fu_127/mul_18s_11ns_26_1_1_U44/tmp_product/A[20]
                         DSP_A_B_DATA (Prop_DSP_A_B_DATA_A[20]_A2_DATA[20])
                                                      0.192     1.524 r  grp_softmax_stable_ap_fixed_ap_fixed_16_6_5_3_0_softmax_config7_s_fu_127/mul_18s_11ns_26_1_1_U44/tmp_product/DSP_A_B_DATA_INST/A2_DATA[20]
                         net (fo=1, unplaced)         0.000     1.524    grp_softmax_stable_ap_fixed_ap_fixed_16_6_5_3_0_softmax_config7_s_fu_127/mul_18s_11ns_26_1_1_U44/tmp_product/DSP_A_B_DATA.A2_DATA<20>
                         DSP_PREADD_DATA (Prop_DSP_PREADD_DATA_A2_DATA[20]_A2A1[20])
                                                      0.076     1.600 r  grp_softmax_stable_ap_fixed_ap_fixed_16_6_5_3_0_softmax_config7_s_fu_127/mul_18s_11ns_26_1_1_U44/tmp_product/DSP_PREADD_DATA_INST/A2A1[20]
                         net (fo=1, unplaced)         0.000     1.600    grp_softmax_stable_ap_fixed_ap_fixed_16_6_5_3_0_softmax_config7_s_fu_127/mul_18s_11ns_26_1_1_U44/tmp_product/DSP_PREADD_DATA.A2A1<20>
                         DSP_MULTIPLIER (Prop_DSP_MULTIPLIER_A2A1[20]_U[25])
                                                      0.505     2.105 f  grp_softmax_stable_ap_fixed_ap_fixed_16_6_5_3_0_softmax_config7_s_fu_127/mul_18s_11ns_26_1_1_U44/tmp_product/DSP_MULTIPLIER_INST/U[25]
                         net (fo=1, unplaced)         0.000     2.105    grp_softmax_stable_ap_fixed_ap_fixed_16_6_5_3_0_softmax_config7_s_fu_127/mul_18s_11ns_26_1_1_U44/tmp_product/DSP_MULTIPLIER.U<25>
                         DSP_M_DATA (Prop_DSP_M_DATA_U[25]_U_DATA[25])
                                                      0.047     2.152 r  grp_softmax_stable_ap_fixed_ap_fixed_16_6_5_3_0_softmax_config7_s_fu_127/mul_18s_11ns_26_1_1_U44/tmp_product/DSP_M_DATA_INST/U_DATA[25]
                         net (fo=1, unplaced)         0.000     2.152    grp_softmax_stable_ap_fixed_ap_fixed_16_6_5_3_0_softmax_config7_s_fu_127/mul_18s_11ns_26_1_1_U44/tmp_product/DSP_M_DATA.U_DATA<25>
                         DSP_ALU (Prop_DSP_ALU_U_DATA[25]_ALU_OUT[25])
                                                      0.585     2.737 f  grp_softmax_stable_ap_fixed_ap_fixed_16_6_5_3_0_softmax_config7_s_fu_127/mul_18s_11ns_26_1_1_U44/tmp_product/DSP_ALU_INST/ALU_OUT[25]
                         net (fo=1, unplaced)         0.000     2.737    grp_softmax_stable_ap_fixed_ap_fixed_16_6_5_3_0_softmax_config7_s_fu_127/mul_18s_11ns_26_1_1_U44/tmp_product/DSP_ALU.ALU_OUT<25>
                         DSP_OUTPUT (Prop_DSP_OUTPUT_ALU_OUT[25]_P[25])
                                                      0.109     2.846 r  grp_softmax_stable_ap_fixed_ap_fixed_16_6_5_3_0_softmax_config7_s_fu_127/mul_18s_11ns_26_1_1_U44/tmp_product/DSP_OUTPUT_INST/P[25]
                         net (fo=0)                   0.000     2.846    layer7_out_0[15]
                                                                      r  layer7_out_0[15] (OUT)
  -------------------------------------------------------------------    -------------------

Slack:                    inf
  Source:                 grp_softmax_stable_ap_fixed_ap_fixed_16_6_5_3_0_softmax_config7_s_fu_127/invert_table_U/q0_reg/CLKARDCLK
                            (rising edge-triggered cell RAMB18E2 clocked by ap_clk  {rise@0.000ns fall@5.000ns period=10.000ns})
  Destination:            layer7_out_1[11]
                            (output port)
  Path Group:             (none)
  Path Type:              Max at Slow Process Corner
  Data Path Delay:        2.770ns  (logic 2.394ns (86.426%)  route 0.376ns (13.574%))
  Logic Levels:           6  (DSP_A_B_DATA=1 DSP_ALU=1 DSP_M_DATA=1 DSP_MULTIPLIER=1 DSP_OUTPUT=1 DSP_PREADD_DATA=1)
  Clock Uncertainty:      0.025ns  ((TSJ^2 + TIJ^2)^1/2 + DJ) / 2 + PE
    Total System Jitter     (TSJ):    0.050ns
    Total Input Jitter      (TIJ):    0.000ns
    Discrete Jitter          (DJ):    0.000ns
    Phase Error              (PE):    0.000ns

    Location             Delay type                Incr(ns)  Path(ns)    Netlist Resource(s)
  -------------------------------------------------------------------    -------------------
                         (clock ap_clk rise edge)     0.000     0.000 r  
                                                      0.000     0.000 r  ap_clk (IN)
                         net (fo=2474, unset)         0.076     0.076    grp_softmax_stable_ap_fixed_ap_fixed_16_6_5_3_0_softmax_config7_s_fu_127/invert_table_U/ap_clk
                         RAMB18E2                                     r  grp_softmax_stable_ap_fixed_ap_fixed_16_6_5_3_0_softmax_config7_s_fu_127/invert_table_U/q0_reg/CLKARDCLK
  -------------------------------------------------------------------    -------------------
                         RAMB18E2 (Prop_RAMB18E2_CLKARDCLK_DOUTADOUT[14])
                                                      0.880     0.956 f  grp_softmax_stable_ap_fixed_ap_fixed_16_6_5_3_0_softmax_config7_s_fu_127/invert_table_U/q0_reg/DOUTADOUT[14]
                         net (fo=39, unplaced)        0.376     1.332    grp_softmax_stable_ap_fixed_ap_fixed_16_6_5_3_0_softmax_config7_s_fu_127/mul_18s_11ns_26_1_1_U45/tmp_product/A[20]
                         DSP_A_B_DATA (Prop_DSP_A_B_DATA_A[20]_A2_DATA[20])
                                                      0.192     1.524 r  grp_softmax_stable_ap_fixed_ap_fixed_16_6_5_3_0_softmax_config7_s_fu_127/mul_18s_11ns_26_1_1_U45/tmp_product/DSP_A_B_DATA_INST/A2_DATA[20]
                         net (fo=1, unplaced)         0.000     1.524    grp_softmax_stable_ap_fixed_ap_fixed_16_6_5_3_0_softmax_config7_s_fu_127/mul_18s_11ns_26_1_1_U45/tmp_product/DSP_A_B_DATA.A2_DATA<20>
                         DSP_PREADD_DATA (Prop_DSP_PREADD_DATA_A2_DATA[20]_A2A1[20])
                                                      0.076     1.600 r  grp_softmax_stable_ap_fixed_ap_fixed_16_6_5_3_0_softmax_config7_s_fu_127/mul_18s_11ns_26_1_1_U45/tmp_product/DSP_PREADD_DATA_INST/A2A1[20]
                         net (fo=1, unplaced)         0.000     1.600    grp_softmax_stable_ap_fixed_ap_fixed_16_6_5_3_0_softmax_config7_s_fu_127/mul_18s_11ns_26_1_1_U45/tmp_product/DSP_PREADD_DATA.A2A1<20>
                         DSP_MULTIPLIER (Prop_DSP_MULTIPLIER_A2A1[20]_U[21])
                                                      0.505     2.105 f  grp_softmax_stable_ap_fixed_ap_fixed_16_6_5_3_0_softmax_config7_s_fu_127/mul_18s_11ns_26_1_1_U45/tmp_product/DSP_MULTIPLIER_INST/U[21]
                         net (fo=1, unplaced)         0.000     2.105    grp_softmax_stable_ap_fixed_ap_fixed_16_6_5_3_0_softmax_config7_s_fu_127/mul_18s_11ns_26_1_1_U45/tmp_product/DSP_MULTIPLIER.U<21>
                         DSP_M_DATA (Prop_DSP_M_DATA_U[21]_U_DATA[21])
                                                      0.047     2.152 r  grp_softmax_stable_ap_fixed_ap_fixed_16_6_5_3_0_softmax_config7_s_fu_127/mul_18s_11ns_26_1_1_U45/tmp_product/DSP_M_DATA_INST/U_DATA[21]
                         net (fo=1, unplaced)         0.000     2.152    grp_softmax_stable_ap_fixed_ap_fixed_16_6_5_3_0_softmax_config7_s_fu_127/mul_18s_11ns_26_1_1_U45/tmp_product/DSP_M_DATA.U_DATA<21>
                         DSP_ALU (Prop_DSP_ALU_U_DATA[21]_ALU_OUT[21])
                                                      0.585     2.737 f  grp_softmax_stable_ap_fixed_ap_fixed_16_6_5_3_0_softmax_config7_s_fu_127/mul_18s_11ns_26_1_1_U45/tmp_product/DSP_ALU_INST/ALU_OUT[21]
                         net (fo=1, unplaced)         0.000     2.737    grp_softmax_stable_ap_fixed_ap_fixed_16_6_5_3_0_softmax_config7_s_fu_127/mul_18s_11ns_26_1_1_U45/tmp_product/DSP_ALU.ALU_OUT<21>
                         DSP_OUTPUT (Prop_DSP_OUTPUT_ALU_OUT[21]_P[21])
                                                      0.109     2.846 r  grp_softmax_stable_ap_fixed_ap_fixed_16_6_5_3_0_softmax_config7_s_fu_127/mul_18s_11ns_26_1_1_U45/tmp_product/DSP_OUTPUT_INST/P[21]
                         net (fo=0)                   0.000     2.846    layer7_out_1[11]
                                                                      r  layer7_out_1[11] (OUT)
  -------------------------------------------------------------------    -------------------

Slack:                    inf
  Source:                 grp_softmax_stable_ap_fixed_ap_fixed_16_6_5_3_0_softmax_config7_s_fu_127/invert_table_U/q0_reg/CLKARDCLK
                            (rising edge-triggered cell RAMB18E2 clocked by ap_clk  {rise@0.000ns fall@5.000ns period=10.000ns})
  Destination:            layer7_out_1[12]
                            (output port)
  Path Group:             (none)
  Path Type:              Max at Slow Process Corner
  Data Path Delay:        2.770ns  (logic 2.394ns (86.426%)  route 0.376ns (13.574%))
  Logic Levels:           6  (DSP_A_B_DATA=1 DSP_ALU=1 DSP_M_DATA=1 DSP_MULTIPLIER=1 DSP_OUTPUT=1 DSP_PREADD_DATA=1)
  Clock Uncertainty:      0.025ns  ((TSJ^2 + TIJ^2)^1/2 + DJ) / 2 + PE
    Total System Jitter     (TSJ):    0.050ns
    Total Input Jitter      (TIJ):    0.000ns
    Discrete Jitter          (DJ):    0.000ns
    Phase Error              (PE):    0.000ns

    Location             Delay type                Incr(ns)  Path(ns)    Netlist Resource(s)
  -------------------------------------------------------------------    -------------------
                         (clock ap_clk rise edge)     0.000     0.000 r  
                                                      0.000     0.000 r  ap_clk (IN)
                         net (fo=2474, unset)         0.076     0.076    grp_softmax_stable_ap_fixed_ap_fixed_16_6_5_3_0_softmax_config7_s_fu_127/invert_table_U/ap_clk
                         RAMB18E2                                     r  grp_softmax_stable_ap_fixed_ap_fixed_16_6_5_3_0_softmax_config7_s_fu_127/invert_table_U/q0_reg/CLKARDCLK
  -------------------------------------------------------------------    -------------------
                         RAMB18E2 (Prop_RAMB18E2_CLKARDCLK_DOUTADOUT[14])
                                                      0.880     0.956 f  grp_softmax_stable_ap_fixed_ap_fixed_16_6_5_3_0_softmax_config7_s_fu_127/invert_table_U/q0_reg/DOUTADOUT[14]
                         net (fo=39, unplaced)        0.376     1.332    grp_softmax_stable_ap_fixed_ap_fixed_16_6_5_3_0_softmax_config7_s_fu_127/mul_18s_11ns_26_1_1_U45/tmp_product/A[20]
                         DSP_A_B_DATA (Prop_DSP_A_B_DATA_A[20]_A2_DATA[20])
                                                      0.192     1.524 r  grp_softmax_stable_ap_fixed_ap_fixed_16_6_5_3_0_softmax_config7_s_fu_127/mul_18s_11ns_26_1_1_U45/tmp_product/DSP_A_B_DATA_INST/A2_DATA[20]
                         net (fo=1, unplaced)         0.000     1.524    grp_softmax_stable_ap_fixed_ap_fixed_16_6_5_3_0_softmax_config7_s_fu_127/mul_18s_11ns_26_1_1_U45/tmp_product/DSP_A_B_DATA.A2_DATA<20>
                         DSP_PREADD_DATA (Prop_DSP_PREADD_DATA_A2_DATA[20]_A2A1[20])
                                                      0.076     1.600 r  grp_softmax_stable_ap_fixed_ap_fixed_16_6_5_3_0_softmax_config7_s_fu_127/mul_18s_11ns_26_1_1_U45/tmp_product/DSP_PREADD_DATA_INST/A2A1[20]
                         net (fo=1, unplaced)         0.000     1.600    grp_softmax_stable_ap_fixed_ap_fixed_16_6_5_3_0_softmax_config7_s_fu_127/mul_18s_11ns_26_1_1_U45/tmp_product/DSP_PREADD_DATA.A2A1<20>
                         DSP_MULTIPLIER (Prop_DSP_MULTIPLIER_A2A1[20]_U[22])
                                                      0.505     2.105 f  grp_softmax_stable_ap_fixed_ap_fixed_16_6_5_3_0_softmax_config7_s_fu_127/mul_18s_11ns_26_1_1_U45/tmp_product/DSP_MULTIPLIER_INST/U[22]
                         net (fo=1, unplaced)         0.000     2.105    grp_softmax_stable_ap_fixed_ap_fixed_16_6_5_3_0_softmax_config7_s_fu_127/mul_18s_11ns_26_1_1_U45/tmp_product/DSP_MULTIPLIER.U<22>
                         DSP_M_DATA (Prop_DSP_M_DATA_U[22]_U_DATA[22])
                                                      0.047     2.152 r  grp_softmax_stable_ap_fixed_ap_fixed_16_6_5_3_0_softmax_config7_s_fu_127/mul_18s_11ns_26_1_1_U45/tmp_product/DSP_M_DATA_INST/U_DATA[22]
                         net (fo=1, unplaced)         0.000     2.152    grp_softmax_stable_ap_fixed_ap_fixed_16_6_5_3_0_softmax_config7_s_fu_127/mul_18s_11ns_26_1_1_U45/tmp_product/DSP_M_DATA.U_DATA<22>
                         DSP_ALU (Prop_DSP_ALU_U_DATA[22]_ALU_OUT[22])
                                                      0.585     2.737 f  grp_softmax_stable_ap_fixed_ap_fixed_16_6_5_3_0_softmax_config7_s_fu_127/mul_18s_11ns_26_1_1_U45/tmp_product/DSP_ALU_INST/ALU_OUT[22]
                         net (fo=1, unplaced)         0.000     2.737    grp_softmax_stable_ap_fixed_ap_fixed_16_6_5_3_0_softmax_config7_s_fu_127/mul_18s_11ns_26_1_1_U45/tmp_product/DSP_ALU.ALU_OUT<22>
                         DSP_OUTPUT (Prop_DSP_OUTPUT_ALU_OUT[22]_P[22])
                                                      0.109     2.846 r  grp_softmax_stable_ap_fixed_ap_fixed_16_6_5_3_0_softmax_config7_s_fu_127/mul_18s_11ns_26_1_1_U45/tmp_product/DSP_OUTPUT_INST/P[22]
                         net (fo=0)                   0.000     2.846    layer7_out_1[12]
                                                                      r  layer7_out_1[12] (OUT)
  -------------------------------------------------------------------    -------------------

Slack:                    inf
  Source:                 grp_softmax_stable_ap_fixed_ap_fixed_16_6_5_3_0_softmax_config7_s_fu_127/invert_table_U/q0_reg/CLKARDCLK
                            (rising edge-triggered cell RAMB18E2 clocked by ap_clk  {rise@0.000ns fall@5.000ns period=10.000ns})
  Destination:            layer7_out_1[13]
                            (output port)
  Path Group:             (none)
  Path Type:              Max at Slow Process Corner
  Data Path Delay:        2.770ns  (logic 2.394ns (86.426%)  route 0.376ns (13.574%))
  Logic Levels:           6  (DSP_A_B_DATA=1 DSP_ALU=1 DSP_M_DATA=1 DSP_MULTIPLIER=1 DSP_OUTPUT=1 DSP_PREADD_DATA=1)
  Clock Uncertainty:      0.025ns  ((TSJ^2 + TIJ^2)^1/2 + DJ) / 2 + PE
    Total System Jitter     (TSJ):    0.050ns
    Total Input Jitter      (TIJ):    0.000ns
    Discrete Jitter          (DJ):    0.000ns
    Phase Error              (PE):    0.000ns

    Location             Delay type                Incr(ns)  Path(ns)    Netlist Resource(s)
  -------------------------------------------------------------------    -------------------
                         (clock ap_clk rise edge)     0.000     0.000 r  
                                                      0.000     0.000 r  ap_clk (IN)
                         net (fo=2474, unset)         0.076     0.076    grp_softmax_stable_ap_fixed_ap_fixed_16_6_5_3_0_softmax_config7_s_fu_127/invert_table_U/ap_clk
                         RAMB18E2                                     r  grp_softmax_stable_ap_fixed_ap_fixed_16_6_5_3_0_softmax_config7_s_fu_127/invert_table_U/q0_reg/CLKARDCLK
  -------------------------------------------------------------------    -------------------
                         RAMB18E2 (Prop_RAMB18E2_CLKARDCLK_DOUTADOUT[14])
                                                      0.880     0.956 f  grp_softmax_stable_ap_fixed_ap_fixed_16_6_5_3_0_softmax_config7_s_fu_127/invert_table_U/q0_reg/DOUTADOUT[14]
                         net (fo=39, unplaced)        0.376     1.332    grp_softmax_stable_ap_fixed_ap_fixed_16_6_5_3_0_softmax_config7_s_fu_127/mul_18s_11ns_26_1_1_U45/tmp_product/A[20]
                         DSP_A_B_DATA (Prop_DSP_A_B_DATA_A[20]_A2_DATA[20])
                                                      0.192     1.524 r  grp_softmax_stable_ap_fixed_ap_fixed_16_6_5_3_0_softmax_config7_s_fu_127/mul_18s_11ns_26_1_1_U45/tmp_product/DSP_A_B_DATA_INST/A2_DATA[20]
                         net (fo=1, unplaced)         0.000     1.524    grp_softmax_stable_ap_fixed_ap_fixed_16_6_5_3_0_softmax_config7_s_fu_127/mul_18s_11ns_26_1_1_U45/tmp_product/DSP_A_B_DATA.A2_DATA<20>
                         DSP_PREADD_DATA (Prop_DSP_PREADD_DATA_A2_DATA[20]_A2A1[20])
                                                      0.076     1.600 r  grp_softmax_stable_ap_fixed_ap_fixed_16_6_5_3_0_softmax_config7_s_fu_127/mul_18s_11ns_26_1_1_U45/tmp_product/DSP_PREADD_DATA_INST/A2A1[20]
                         net (fo=1, unplaced)         0.000     1.600    grp_softmax_stable_ap_fixed_ap_fixed_16_6_5_3_0_softmax_config7_s_fu_127/mul_18s_11ns_26_1_1_U45/tmp_product/DSP_PREADD_DATA.A2A1<20>
                         DSP_MULTIPLIER (Prop_DSP_MULTIPLIER_A2A1[20]_U[23])
                                                      0.505     2.105 f  grp_softmax_stable_ap_fixed_ap_fixed_16_6_5_3_0_softmax_config7_s_fu_127/mul_18s_11ns_26_1_1_U45/tmp_product/DSP_MULTIPLIER_INST/U[23]
                         net (fo=1, unplaced)         0.000     2.105    grp_softmax_stable_ap_fixed_ap_fixed_16_6_5_3_0_softmax_config7_s_fu_127/mul_18s_11ns_26_1_1_U45/tmp_product/DSP_MULTIPLIER.U<23>
                         DSP_M_DATA (Prop_DSP_M_DATA_U[23]_U_DATA[23])
                                                      0.047     2.152 r  grp_softmax_stable_ap_fixed_ap_fixed_16_6_5_3_0_softmax_config7_s_fu_127/mul_18s_11ns_26_1_1_U45/tmp_product/DSP_M_DATA_INST/U_DATA[23]
                         net (fo=1, unplaced)         0.000     2.152    grp_softmax_stable_ap_fixed_ap_fixed_16_6_5_3_0_softmax_config7_s_fu_127/mul_18s_11ns_26_1_1_U45/tmp_product/DSP_M_DATA.U_DATA<23>
                         DSP_ALU (Prop_DSP_ALU_U_DATA[23]_ALU_OUT[23])
                                                      0.585     2.737 f  grp_softmax_stable_ap_fixed_ap_fixed_16_6_5_3_0_softmax_config7_s_fu_127/mul_18s_11ns_26_1_1_U45/tmp_product/DSP_ALU_INST/ALU_OUT[23]
                         net (fo=1, unplaced)         0.000     2.737    grp_softmax_stable_ap_fixed_ap_fixed_16_6_5_3_0_softmax_config7_s_fu_127/mul_18s_11ns_26_1_1_U45/tmp_product/DSP_ALU.ALU_OUT<23>
                         DSP_OUTPUT (Prop_DSP_OUTPUT_ALU_OUT[23]_P[23])
                                                      0.109     2.846 r  grp_softmax_stable_ap_fixed_ap_fixed_16_6_5_3_0_softmax_config7_s_fu_127/mul_18s_11ns_26_1_1_U45/tmp_product/DSP_OUTPUT_INST/P[23]
                         net (fo=0)                   0.000     2.846    layer7_out_1[13]
                                                                      r  layer7_out_1[13] (OUT)
  -------------------------------------------------------------------    -------------------

Slack:                    inf
  Source:                 grp_softmax_stable_ap_fixed_ap_fixed_16_6_5_3_0_softmax_config7_s_fu_127/invert_table_U/q0_reg/CLKARDCLK
                            (rising edge-triggered cell RAMB18E2 clocked by ap_clk  {rise@0.000ns fall@5.000ns period=10.000ns})
  Destination:            layer7_out_1[14]
                            (output port)
  Path Group:             (none)
  Path Type:              Max at Slow Process Corner
  Data Path Delay:        2.770ns  (logic 2.394ns (86.426%)  route 0.376ns (13.574%))
  Logic Levels:           6  (DSP_A_B_DATA=1 DSP_ALU=1 DSP_M_DATA=1 DSP_MULTIPLIER=1 DSP_OUTPUT=1 DSP_PREADD_DATA=1)
  Clock Uncertainty:      0.025ns  ((TSJ^2 + TIJ^2)^1/2 + DJ) / 2 + PE
    Total System Jitter     (TSJ):    0.050ns
    Total Input Jitter      (TIJ):    0.000ns
    Discrete Jitter          (DJ):    0.000ns
    Phase Error              (PE):    0.000ns

    Location             Delay type                Incr(ns)  Path(ns)    Netlist Resource(s)
  -------------------------------------------------------------------    -------------------
                         (clock ap_clk rise edge)     0.000     0.000 r  
                                                      0.000     0.000 r  ap_clk (IN)
                         net (fo=2474, unset)         0.076     0.076    grp_softmax_stable_ap_fixed_ap_fixed_16_6_5_3_0_softmax_config7_s_fu_127/invert_table_U/ap_clk
                         RAMB18E2                                     r  grp_softmax_stable_ap_fixed_ap_fixed_16_6_5_3_0_softmax_config7_s_fu_127/invert_table_U/q0_reg/CLKARDCLK
  -------------------------------------------------------------------    -------------------
                         RAMB18E2 (Prop_RAMB18E2_CLKARDCLK_DOUTADOUT[14])
                                                      0.880     0.956 f  grp_softmax_stable_ap_fixed_ap_fixed_16_6_5_3_0_softmax_config7_s_fu_127/invert_table_U/q0_reg/DOUTADOUT[14]
                         net (fo=39, unplaced)        0.376     1.332    grp_softmax_stable_ap_fixed_ap_fixed_16_6_5_3_0_softmax_config7_s_fu_127/mul_18s_11ns_26_1_1_U45/tmp_product/A[20]
                         DSP_A_B_DATA (Prop_DSP_A_B_DATA_A[20]_A2_DATA[20])
                                                      0.192     1.524 r  grp_softmax_stable_ap_fixed_ap_fixed_16_6_5_3_0_softmax_config7_s_fu_127/mul_18s_11ns_26_1_1_U45/tmp_product/DSP_A_B_DATA_INST/A2_DATA[20]
                         net (fo=1, unplaced)         0.000     1.524    grp_softmax_stable_ap_fixed_ap_fixed_16_6_5_3_0_softmax_config7_s_fu_127/mul_18s_11ns_26_1_1_U45/tmp_product/DSP_A_B_DATA.A2_DATA<20>
                         DSP_PREADD_DATA (Prop_DSP_PREADD_DATA_A2_DATA[20]_A2A1[20])
                                                      0.076     1.600 r  grp_softmax_stable_ap_fixed_ap_fixed_16_6_5_3_0_softmax_config7_s_fu_127/mul_18s_11ns_26_1_1_U45/tmp_product/DSP_PREADD_DATA_INST/A2A1[20]
                         net (fo=1, unplaced)         0.000     1.600    grp_softmax_stable_ap_fixed_ap_fixed_16_6_5_3_0_softmax_config7_s_fu_127/mul_18s_11ns_26_1_1_U45/tmp_product/DSP_PREADD_DATA.A2A1<20>
                         DSP_MULTIPLIER (Prop_DSP_MULTIPLIER_A2A1[20]_U[24])
                                                      0.505     2.105 f  grp_softmax_stable_ap_fixed_ap_fixed_16_6_5_3_0_softmax_config7_s_fu_127/mul_18s_11ns_26_1_1_U45/tmp_product/DSP_MULTIPLIER_INST/U[24]
                         net (fo=1, unplaced)         0.000     2.105    grp_softmax_stable_ap_fixed_ap_fixed_16_6_5_3_0_softmax_config7_s_fu_127/mul_18s_11ns_26_1_1_U45/tmp_product/DSP_MULTIPLIER.U<24>
                         DSP_M_DATA (Prop_DSP_M_DATA_U[24]_U_DATA[24])
                                                      0.047     2.152 r  grp_softmax_stable_ap_fixed_ap_fixed_16_6_5_3_0_softmax_config7_s_fu_127/mul_18s_11ns_26_1_1_U45/tmp_product/DSP_M_DATA_INST/U_DATA[24]
                         net (fo=1, unplaced)         0.000     2.152    grp_softmax_stable_ap_fixed_ap_fixed_16_6_5_3_0_softmax_config7_s_fu_127/mul_18s_11ns_26_1_1_U45/tmp_product/DSP_M_DATA.U_DATA<24>
                         DSP_ALU (Prop_DSP_ALU_U_DATA[24]_ALU_OUT[24])
                                                      0.585     2.737 f  grp_softmax_stable_ap_fixed_ap_fixed_16_6_5_3_0_softmax_config7_s_fu_127/mul_18s_11ns_26_1_1_U45/tmp_product/DSP_ALU_INST/ALU_OUT[24]
                         net (fo=1, unplaced)         0.000     2.737    grp_softmax_stable_ap_fixed_ap_fixed_16_6_5_3_0_softmax_config7_s_fu_127/mul_18s_11ns_26_1_1_U45/tmp_product/DSP_ALU.ALU_OUT<24>
                         DSP_OUTPUT (Prop_DSP_OUTPUT_ALU_OUT[24]_P[24])
                                                      0.109     2.846 r  grp_softmax_stable_ap_fixed_ap_fixed_16_6_5_3_0_softmax_config7_s_fu_127/mul_18s_11ns_26_1_1_U45/tmp_product/DSP_OUTPUT_INST/P[24]
                         net (fo=0)                   0.000     2.846    layer7_out_1[14]
                                                                      r  layer7_out_1[14] (OUT)
  -------------------------------------------------------------------    -------------------

Slack:                    inf
  Source:                 grp_softmax_stable_ap_fixed_ap_fixed_16_6_5_3_0_softmax_config7_s_fu_127/invert_table_U/q0_reg/CLKARDCLK
                            (rising edge-triggered cell RAMB18E2 clocked by ap_clk  {rise@0.000ns fall@5.000ns period=10.000ns})
  Destination:            layer7_out_1[15]
                            (output port)
  Path Group:             (none)
  Path Type:              Max at Slow Process Corner
  Data Path Delay:        2.770ns  (logic 2.394ns (86.426%)  route 0.376ns (13.574%))
  Logic Levels:           6  (DSP_A_B_DATA=1 DSP_ALU=1 DSP_M_DATA=1 DSP_MULTIPLIER=1 DSP_OUTPUT=1 DSP_PREADD_DATA=1)
  Clock Uncertainty:      0.025ns  ((TSJ^2 + TIJ^2)^1/2 + DJ) / 2 + PE
    Total System Jitter     (TSJ):    0.050ns
    Total Input Jitter      (TIJ):    0.000ns
    Discrete Jitter          (DJ):    0.000ns
    Phase Error              (PE):    0.000ns

    Location             Delay type                Incr(ns)  Path(ns)    Netlist Resource(s)
  -------------------------------------------------------------------    -------------------
                         (clock ap_clk rise edge)     0.000     0.000 r  
                                                      0.000     0.000 r  ap_clk (IN)
                         net (fo=2474, unset)         0.076     0.076    grp_softmax_stable_ap_fixed_ap_fixed_16_6_5_3_0_softmax_config7_s_fu_127/invert_table_U/ap_clk
                         RAMB18E2                                     r  grp_softmax_stable_ap_fixed_ap_fixed_16_6_5_3_0_softmax_config7_s_fu_127/invert_table_U/q0_reg/CLKARDCLK
  -------------------------------------------------------------------    -------------------
                         RAMB18E2 (Prop_RAMB18E2_CLKARDCLK_DOUTADOUT[14])
                                                      0.880     0.956 f  grp_softmax_stable_ap_fixed_ap_fixed_16_6_5_3_0_softmax_config7_s_fu_127/invert_table_U/q0_reg/DOUTADOUT[14]
                         net (fo=39, unplaced)        0.376     1.332    grp_softmax_stable_ap_fixed_ap_fixed_16_6_5_3_0_softmax_config7_s_fu_127/mul_18s_11ns_26_1_1_U45/tmp_product/A[20]
                         DSP_A_B_DATA (Prop_DSP_A_B_DATA_A[20]_A2_DATA[20])
                                                      0.192     1.524 r  grp_softmax_stable_ap_fixed_ap_fixed_16_6_5_3_0_softmax_config7_s_fu_127/mul_18s_11ns_26_1_1_U45/tmp_product/DSP_A_B_DATA_INST/A2_DATA[20]
                         net (fo=1, unplaced)         0.000     1.524    grp_softmax_stable_ap_fixed_ap_fixed_16_6_5_3_0_softmax_config7_s_fu_127/mul_18s_11ns_26_1_1_U45/tmp_product/DSP_A_B_DATA.A2_DATA<20>
                         DSP_PREADD_DATA (Prop_DSP_PREADD_DATA_A2_DATA[20]_A2A1[20])
                                                      0.076     1.600 r  grp_softmax_stable_ap_fixed_ap_fixed_16_6_5_3_0_softmax_config7_s_fu_127/mul_18s_11ns_26_1_1_U45/tmp_product/DSP_PREADD_DATA_INST/A2A1[20]
                         net (fo=1, unplaced)         0.000     1.600    grp_softmax_stable_ap_fixed_ap_fixed_16_6_5_3_0_softmax_config7_s_fu_127/mul_18s_11ns_26_1_1_U45/tmp_product/DSP_PREADD_DATA.A2A1<20>
                         DSP_MULTIPLIER (Prop_DSP_MULTIPLIER_A2A1[20]_U[25])
                                                      0.505     2.105 f  grp_softmax_stable_ap_fixed_ap_fixed_16_6_5_3_0_softmax_config7_s_fu_127/mul_18s_11ns_26_1_1_U45/tmp_product/DSP_MULTIPLIER_INST/U[25]
                         net (fo=1, unplaced)         0.000     2.105    grp_softmax_stable_ap_fixed_ap_fixed_16_6_5_3_0_softmax_config7_s_fu_127/mul_18s_11ns_26_1_1_U45/tmp_product/DSP_MULTIPLIER.U<25>
                         DSP_M_DATA (Prop_DSP_M_DATA_U[25]_U_DATA[25])
                                                      0.047     2.152 r  grp_softmax_stable_ap_fixed_ap_fixed_16_6_5_3_0_softmax_config7_s_fu_127/mul_18s_11ns_26_1_1_U45/tmp_product/DSP_M_DATA_INST/U_DATA[25]
                         net (fo=1, unplaced)         0.000     2.152    grp_softmax_stable_ap_fixed_ap_fixed_16_6_5_3_0_softmax_config7_s_fu_127/mul_18s_11ns_26_1_1_U45/tmp_product/DSP_M_DATA.U_DATA<25>
                         DSP_ALU (Prop_DSP_ALU_U_DATA[25]_ALU_OUT[25])
                                                      0.585     2.737 f  grp_softmax_stable_ap_fixed_ap_fixed_16_6_5_3_0_softmax_config7_s_fu_127/mul_18s_11ns_26_1_1_U45/tmp_product/DSP_ALU_INST/ALU_OUT[25]
                         net (fo=1, unplaced)         0.000     2.737    grp_softmax_stable_ap_fixed_ap_fixed_16_6_5_3_0_softmax_config7_s_fu_127/mul_18s_11ns_26_1_1_U45/tmp_product/DSP_ALU.ALU_OUT<25>
                         DSP_OUTPUT (Prop_DSP_OUTPUT_ALU_OUT[25]_P[25])
                                                      0.109     2.846 r  grp_softmax_stable_ap_fixed_ap_fixed_16_6_5_3_0_softmax_config7_s_fu_127/mul_18s_11ns_26_1_1_U45/tmp_product/DSP_OUTPUT_INST/P[25]
                         net (fo=0)                   0.000     2.846    layer7_out_1[15]
                                                                      r  layer7_out_1[15] (OUT)
  -------------------------------------------------------------------    -------------------





--------------------------------------------------------------------------------------
Path Group:  (none)
From Clock:  
  To Clock:  ap_clk

Max Delay           785 Endpoints
Min Delay             0 Endpoints
--------------------------------------------------------------------------------------


Max Delay Paths
--------------------------------------------------------------------------------------
Slack:                    inf
  Source:                 features[8]
                            (input port)
  Destination:            grp_dense_latency_ap_fixed_16_6_5_3_0_ap_fixed_16_6_5_3_0_config2_s_fu_73/add_ln58_104_reg_1017_reg[15]/D
                            (rising edge-triggered cell FDRE clocked by ap_clk  {rise@0.000ns fall@5.000ns period=10.000ns})
  Path Group:             (none)
  Path Type:              Setup (Max at Slow Process Corner)
  Data Path Delay:        3.635ns  (logic 2.318ns (63.769%)  route 1.317ns (36.231%))
  Logic Levels:           15  (CARRY8=3 DSP_A_B_DATA=1 DSP_ALU=1 DSP_M_DATA=1 DSP_MULTIPLIER=1 DSP_OUTPUT=1 DSP_PREADD_DATA=1 LUT1=1 LUT3=1 LUT5=1 LUT6=3)
  Clock Path Skew:        0.021ns (DCD - SCD + CPR)
    Destination Clock Delay (DCD):    0.021ns
    Source Clock Delay      (SCD):    0.000ns
    Clock Pessimism Removal (CPR):    0.000ns
  Clock Uncertainty:      0.025ns  ((TSJ^2 + TIJ^2)^1/2 + DJ) / 2 + PE
    Total System Jitter     (TSJ):    0.050ns
    Total Input Jitter      (TIJ):    0.000ns
    Discrete Jitter          (DJ):    0.000ns
    Phase Error              (PE):    0.000ns

    Location             Delay type                Incr(ns)  Path(ns)    Netlist Resource(s)
  -------------------------------------------------------------------    -------------------
                                                      0.000     0.000 f  features[8] (IN)
                         net (fo=2, unset)            0.000     0.000    grp_dense_latency_ap_fixed_16_6_5_3_0_ap_fixed_16_6_5_3_0_config2_s_fu_73/mul_16s_12s_26_1_1_U1/features[8]
                         LUT3 (Prop_LUT3_I0_O)        0.090     0.090 f  grp_dense_latency_ap_fixed_16_6_5_3_0_ap_fixed_16_6_5_3_0_config2_s_fu_73/mul_16s_12s_26_1_1_U1/a_reg_831[8]_i_1/O
                         net (fo=2, unplaced)         0.141     0.231    grp_dense_latency_ap_fixed_16_6_5_3_0_ap_fixed_16_6_5_3_0_config2_s_fu_73/mul_16s_12s_26_1_1_U1/D[8]
                         LUT6 (Prop_LUT6_I1_O)        0.100     0.331 f  grp_dense_latency_ap_fixed_16_6_5_3_0_ap_fixed_16_6_5_3_0_config2_s_fu_73/mul_16s_12s_26_1_1_U1/tmp_product_i_58/O
                         net (fo=1, unplaced)         0.186     0.517    grp_dense_latency_ap_fixed_16_6_5_3_0_ap_fixed_16_6_5_3_0_config2_s_fu_73/mul_16s_12s_26_1_1_U1/tmp_product_i_58_n_0
                         LUT6 (Prop_LUT6_I5_O)        0.038     0.555 f  grp_dense_latency_ap_fixed_16_6_5_3_0_ap_fixed_16_6_5_3_0_config2_s_fu_73/mul_16s_12s_26_1_1_U1/tmp_product_i_19/O
                         net (fo=1, unplaced)         0.228     0.783    grp_dense_latency_ap_fixed_16_6_5_3_0_ap_fixed_16_6_5_3_0_config2_s_fu_73/mul_16s_12s_26_1_1_U1/tmp_product/A[8]
                         DSP_A_B_DATA (Prop_DSP_A_B_DATA_A[8]_A2_DATA[8])
                                                      0.192     0.975 r  grp_dense_latency_ap_fixed_16_6_5_3_0_ap_fixed_16_6_5_3_0_config2_s_fu_73/mul_16s_12s_26_1_1_U1/tmp_product/DSP_A_B_DATA_INST/A2_DATA[8]
                         net (fo=1, unplaced)         0.000     0.975    grp_dense_latency_ap_fixed_16_6_5_3_0_ap_fixed_16_6_5_3_0_config2_s_fu_73/mul_16s_12s_26_1_1_U1/tmp_product/DSP_A_B_DATA.A2_DATA<8>
                         DSP_PREADD_DATA (Prop_DSP_PREADD_DATA_A2_DATA[8]_A2A1[8])
                                                      0.076     1.051 r  grp_dense_latency_ap_fixed_16_6_5_3_0_ap_fixed_16_6_5_3_0_config2_s_fu_73/mul_16s_12s_26_1_1_U1/tmp_product/DSP_PREADD_DATA_INST/A2A1[8]
                         net (fo=1, unplaced)         0.000     1.051    grp_dense_latency_ap_fixed_16_6_5_3_0_ap_fixed_16_6_5_3_0_config2_s_fu_73/mul_16s_12s_26_1_1_U1/tmp_product/DSP_PREADD_DATA.A2A1<8>
                         DSP_MULTIPLIER (Prop_DSP_MULTIPLIER_A2A1[8]_U[13])
                                                      0.505     1.556 f  grp_dense_latency_ap_fixed_16_6_5_3_0_ap_fixed_16_6_5_3_0_config2_s_fu_73/mul_16s_12s_26_1_1_U1/tmp_product/DSP_MULTIPLIER_INST/U[13]
                         net (fo=1, unplaced)         0.000     1.556    grp_dense_latency_ap_fixed_16_6_5_3_0_ap_fixed_16_6_5_3_0_config2_s_fu_73/mul_16s_12s_26_1_1_U1/tmp_product/DSP_MULTIPLIER.U<13>
                         DSP_M_DATA (Prop_DSP_M_DATA_U[13]_U_DATA[13])
                                                      0.047     1.603 r  grp_dense_latency_ap_fixed_16_6_5_3_0_ap_fixed_16_6_5_3_0_config2_s_fu_73/mul_16s_12s_26_1_1_U1/tmp_product/DSP_M_DATA_INST/U_DATA[13]
                         net (fo=1, unplaced)         0.000     1.603    grp_dense_latency_ap_fixed_16_6_5_3_0_ap_fixed_16_6_5_3_0_config2_s_fu_73/mul_16s_12s_26_1_1_U1/tmp_product/DSP_M_DATA.U_DATA<13>
                         DSP_ALU (Prop_DSP_ALU_U_DATA[13]_ALU_OUT[13])
                                                      0.585     2.188 r  grp_dense_latency_ap_fixed_16_6_5_3_0_ap_fixed_16_6_5_3_0_config2_s_fu_73/mul_16s_12s_26_1_1_U1/tmp_product/DSP_ALU_INST/ALU_OUT[13]
                         net (fo=1, unplaced)         0.000     2.188    grp_dense_latency_ap_fixed_16_6_5_3_0_ap_fixed_16_6_5_3_0_config2_s_fu_73/mul_16s_12s_26_1_1_U1/tmp_product/DSP_ALU.ALU_OUT<13>
                         DSP_OUTPUT (Prop_DSP_OUTPUT_ALU_OUT[13]_P[13])
                                                      0.109     2.297 f  grp_dense_latency_ap_fixed_16_6_5_3_0_ap_fixed_16_6_5_3_0_config2_s_fu_73/mul_16s_12s_26_1_1_U1/tmp_product/DSP_OUTPUT_INST/P[13]
                         net (fo=24, unplaced)        0.304     2.601    grp_dense_latency_ap_fixed_16_6_5_3_0_ap_fixed_16_6_5_3_0_config2_s_fu_73/mul_16s_12s_26_1_1_U1/P[3]
                         LUT1 (Prop_LUT1_I0_O)        0.037     2.638 r  grp_dense_latency_ap_fixed_16_6_5_3_0_ap_fixed_16_6_5_3_0_config2_s_fu_73/mul_16s_12s_26_1_1_U1/add_ln58_104_reg_1017[7]_i_25/O
                         net (fo=1, unplaced)         0.032     2.670    grp_dense_latency_ap_fixed_16_6_5_3_0_ap_fixed_16_6_5_3_0_config2_s_fu_73/mul_16s_12s_26_1_1_U1/add_ln58_104_reg_1017[7]_i_25_n_0
                         CARRY8 (Prop_CARRY8_S[3]_CO[7])
                                                      0.170     2.840 r  grp_dense_latency_ap_fixed_16_6_5_3_0_ap_fixed_16_6_5_3_0_config2_s_fu_73/mul_16s_12s_26_1_1_U1/add_ln58_104_reg_1017_reg[7]_i_9/CO[7]
                         net (fo=1, unplaced)         0.005     2.845    grp_dense_latency_ap_fixed_16_6_5_3_0_ap_fixed_16_6_5_3_0_config2_s_fu_73/mul_16s_12s_26_1_1_U1/add_ln58_104_reg_1017_reg[7]_i_9_n_0
                         CARRY8 (Prop_CARRY8_CI_O[0])
                                                      0.056     2.901 r  grp_dense_latency_ap_fixed_16_6_5_3_0_ap_fixed_16_6_5_3_0_config2_s_fu_73/mul_16s_12s_26_1_1_U1/add_ln58_104_reg_1017_reg[15]_i_17/O[0]
                         net (fo=2, unplaced)         0.186     3.087    grp_dense_latency_ap_fixed_16_6_5_3_0_ap_fixed_16_6_5_3_0_config2_s_fu_73/mul_16s_12s_26_1_1_U1/sext_ln58_6_fu_706_p1[8]
                         LUT5 (Prop_LUT5_I3_O)        0.038     3.125 r  grp_dense_latency_ap_fixed_16_6_5_3_0_ap_fixed_16_6_5_3_0_config2_s_fu_73/mul_16s_12s_26_1_1_U1/add_ln58_104_reg_1017[15]_i_7/O
                         net (fo=2, unplaced)         0.186     3.311    grp_dense_latency_ap_fixed_16_6_5_3_0_ap_fixed_16_6_5_3_0_config2_s_fu_73/mul_16s_12s_26_1_1_U1/add_ln58_104_reg_1017[15]_i_7_n_0
                         LUT6 (Prop_LUT6_I0_O)        0.037     3.348 r  grp_dense_latency_ap_fixed_16_6_5_3_0_ap_fixed_16_6_5_3_0_config2_s_fu_73/mul_16s_12s_26_1_1_U1/add_ln58_104_reg_1017[15]_i_15/O
                         net (fo=1, unplaced)         0.023     3.371    grp_dense_latency_ap_fixed_16_6_5_3_0_ap_fixed_16_6_5_3_0_config2_s_fu_73/mul_16s_12s_26_1_1_U1/add_ln58_104_reg_1017[15]_i_15_n_0
                         CARRY8 (Prop_CARRY8_S[1]_O[7])
                                                      0.238     3.609 r  grp_dense_latency_ap_fixed_16_6_5_3_0_ap_fixed_16_6_5_3_0_config2_s_fu_73/mul_16s_12s_26_1_1_U1/add_ln58_104_reg_1017_reg[15]_i_1/O[7]
                         net (fo=1, unplaced)         0.026     3.635    grp_dense_latency_ap_fixed_16_6_5_3_0_ap_fixed_16_6_5_3_0_config2_s_fu_73/add_ln58_104_fu_715_p2[15]
                         FDRE                                         r  grp_dense_latency_ap_fixed_16_6_5_3_0_ap_fixed_16_6_5_3_0_config2_s_fu_73/add_ln58_104_reg_1017_reg[15]/D
  -------------------------------------------------------------------    -------------------

                         (clock ap_clk rise edge)     0.000     0.000 r  
                                                      0.000     0.000 r  ap_clk (IN)
                         net (fo=2474, unset)         0.021     0.021    grp_dense_latency_ap_fixed_16_6_5_3_0_ap_fixed_16_6_5_3_0_config2_s_fu_73/ap_clk
                         FDRE                                         r  grp_dense_latency_ap_fixed_16_6_5_3_0_ap_fixed_16_6_5_3_0_config2_s_fu_73/add_ln58_104_reg_1017_reg[15]/C

Slack:                    inf
  Source:                 features[8]
                            (input port)
  Destination:            grp_dense_latency_ap_fixed_16_6_5_3_0_ap_fixed_16_6_5_3_0_config2_s_fu_73/add_ln58_104_reg_1017_reg[13]/D
                            (rising edge-triggered cell FDRE clocked by ap_clk  {rise@0.000ns fall@5.000ns period=10.000ns})
  Path Group:             (none)
  Path Type:              Setup (Max at Slow Process Corner)
  Data Path Delay:        3.633ns  (logic 2.317ns (63.776%)  route 1.316ns (36.224%))
  Logic Levels:           15  (CARRY8=3 DSP_A_B_DATA=1 DSP_ALU=1 DSP_M_DATA=1 DSP_MULTIPLIER=1 DSP_OUTPUT=1 DSP_PREADD_DATA=1 LUT1=1 LUT3=1 LUT5=1 LUT6=3)
  Clock Path Skew:        0.021ns (DCD - SCD + CPR)
    Destination Clock Delay (DCD):    0.021ns
    Source Clock Delay      (SCD):    0.000ns
    Clock Pessimism Removal (CPR):    0.000ns
  Clock Uncertainty:      0.025ns  ((TSJ^2 + TIJ^2)^1/2 + DJ) / 2 + PE
    Total System Jitter     (TSJ):    0.050ns
    Total Input Jitter      (TIJ):    0.000ns
    Discrete Jitter          (DJ):    0.000ns
    Phase Error              (PE):    0.000ns

    Location             Delay type                Incr(ns)  Path(ns)    Netlist Resource(s)
  -------------------------------------------------------------------    -------------------
                                                      0.000     0.000 f  features[8] (IN)
                         net (fo=2, unset)            0.000     0.000    grp_dense_latency_ap_fixed_16_6_5_3_0_ap_fixed_16_6_5_3_0_config2_s_fu_73/mul_16s_12s_26_1_1_U1/features[8]
                         LUT3 (Prop_LUT3_I0_O)        0.090     0.090 f  grp_dense_latency_ap_fixed_16_6_5_3_0_ap_fixed_16_6_5_3_0_config2_s_fu_73/mul_16s_12s_26_1_1_U1/a_reg_831[8]_i_1/O
                         net (fo=2, unplaced)         0.141     0.231    grp_dense_latency_ap_fixed_16_6_5_3_0_ap_fixed_16_6_5_3_0_config2_s_fu_73/mul_16s_12s_26_1_1_U1/D[8]
                         LUT6 (Prop_LUT6_I1_O)        0.100     0.331 f  grp_dense_latency_ap_fixed_16_6_5_3_0_ap_fixed_16_6_5_3_0_config2_s_fu_73/mul_16s_12s_26_1_1_U1/tmp_product_i_58/O
                         net (fo=1, unplaced)         0.186     0.517    grp_dense_latency_ap_fixed_16_6_5_3_0_ap_fixed_16_6_5_3_0_config2_s_fu_73/mul_16s_12s_26_1_1_U1/tmp_product_i_58_n_0
                         LUT6 (Prop_LUT6_I5_O)        0.038     0.555 f  grp_dense_latency_ap_fixed_16_6_5_3_0_ap_fixed_16_6_5_3_0_config2_s_fu_73/mul_16s_12s_26_1_1_U1/tmp_product_i_19/O
                         net (fo=1, unplaced)         0.228     0.783    grp_dense_latency_ap_fixed_16_6_5_3_0_ap_fixed_16_6_5_3_0_config2_s_fu_73/mul_16s_12s_26_1_1_U1/tmp_product/A[8]
                         DSP_A_B_DATA (Prop_DSP_A_B_DATA_A[8]_A2_DATA[8])
                                                      0.192     0.975 r  grp_dense_latency_ap_fixed_16_6_5_3_0_ap_fixed_16_6_5_3_0_config2_s_fu_73/mul_16s_12s_26_1_1_U1/tmp_product/DSP_A_B_DATA_INST/A2_DATA[8]
                         net (fo=1, unplaced)         0.000     0.975    grp_dense_latency_ap_fixed_16_6_5_3_0_ap_fixed_16_6_5_3_0_config2_s_fu_73/mul_16s_12s_26_1_1_U1/tmp_product/DSP_A_B_DATA.A2_DATA<8>
                         DSP_PREADD_DATA (Prop_DSP_PREADD_DATA_A2_DATA[8]_A2A1[8])
                                                      0.076     1.051 r  grp_dense_latency_ap_fixed_16_6_5_3_0_ap_fixed_16_6_5_3_0_config2_s_fu_73/mul_16s_12s_26_1_1_U1/tmp_product/DSP_PREADD_DATA_INST/A2A1[8]
                         net (fo=1, unplaced)         0.000     1.051    grp_dense_latency_ap_fixed_16_6_5_3_0_ap_fixed_16_6_5_3_0_config2_s_fu_73/mul_16s_12s_26_1_1_U1/tmp_product/DSP_PREADD_DATA.A2A1<8>
                         DSP_MULTIPLIER (Prop_DSP_MULTIPLIER_A2A1[8]_U[13])
                                                      0.505     1.556 f  grp_dense_latency_ap_fixed_16_6_5_3_0_ap_fixed_16_6_5_3_0_config2_s_fu_73/mul_16s_12s_26_1_1_U1/tmp_product/DSP_MULTIPLIER_INST/U[13]
                         net (fo=1, unplaced)         0.000     1.556    grp_dense_latency_ap_fixed_16_6_5_3_0_ap_fixed_16_6_5_3_0_config2_s_fu_73/mul_16s_12s_26_1_1_U1/tmp_product/DSP_MULTIPLIER.U<13>
                         DSP_M_DATA (Prop_DSP_M_DATA_U[13]_U_DATA[13])
                                                      0.047     1.603 r  grp_dense_latency_ap_fixed_16_6_5_3_0_ap_fixed_16_6_5_3_0_config2_s_fu_73/mul_16s_12s_26_1_1_U1/tmp_product/DSP_M_DATA_INST/U_DATA[13]
                         net (fo=1, unplaced)         0.000     1.603    grp_dense_latency_ap_fixed_16_6_5_3_0_ap_fixed_16_6_5_3_0_config2_s_fu_73/mul_16s_12s_26_1_1_U1/tmp_product/DSP_M_DATA.U_DATA<13>
                         DSP_ALU (Prop_DSP_ALU_U_DATA[13]_ALU_OUT[13])
                                                      0.585     2.188 r  grp_dense_latency_ap_fixed_16_6_5_3_0_ap_fixed_16_6_5_3_0_config2_s_fu_73/mul_16s_12s_26_1_1_U1/tmp_product/DSP_ALU_INST/ALU_OUT[13]
                         net (fo=1, unplaced)         0.000     2.188    grp_dense_latency_ap_fixed_16_6_5_3_0_ap_fixed_16_6_5_3_0_config2_s_fu_73/mul_16s_12s_26_1_1_U1/tmp_product/DSP_ALU.ALU_OUT<13>
                         DSP_OUTPUT (Prop_DSP_OUTPUT_ALU_OUT[13]_P[13])
                                                      0.109     2.297 f  grp_dense_latency_ap_fixed_16_6_5_3_0_ap_fixed_16_6_5_3_0_config2_s_fu_73/mul_16s_12s_26_1_1_U1/tmp_product/DSP_OUTPUT_INST/P[13]
                         net (fo=24, unplaced)        0.304     2.601    grp_dense_latency_ap_fixed_16_6_5_3_0_ap_fixed_16_6_5_3_0_config2_s_fu_73/mul_16s_12s_26_1_1_U1/P[3]
                         LUT1 (Prop_LUT1_I0_O)        0.037     2.638 r  grp_dense_latency_ap_fixed_16_6_5_3_0_ap_fixed_16_6_5_3_0_config2_s_fu_73/mul_16s_12s_26_1_1_U1/add_ln58_104_reg_1017[7]_i_25/O
                         net (fo=1, unplaced)         0.032     2.670    grp_dense_latency_ap_fixed_16_6_5_3_0_ap_fixed_16_6_5_3_0_config2_s_fu_73/mul_16s_12s_26_1_1_U1/add_ln58_104_reg_1017[7]_i_25_n_0
                         CARRY8 (Prop_CARRY8_S[3]_CO[7])
                                                      0.170     2.840 r  grp_dense_latency_ap_fixed_16_6_5_3_0_ap_fixed_16_6_5_3_0_config2_s_fu_73/mul_16s_12s_26_1_1_U1/add_ln58_104_reg_1017_reg[7]_i_9/CO[7]
                         net (fo=1, unplaced)         0.005     2.845    grp_dense_latency_ap_fixed_16_6_5_3_0_ap_fixed_16_6_5_3_0_config2_s_fu_73/mul_16s_12s_26_1_1_U1/add_ln58_104_reg_1017_reg[7]_i_9_n_0
                         CARRY8 (Prop_CARRY8_CI_O[0])
                                                      0.056     2.901 r  grp_dense_latency_ap_fixed_16_6_5_3_0_ap_fixed_16_6_5_3_0_config2_s_fu_73/mul_16s_12s_26_1_1_U1/add_ln58_104_reg_1017_reg[15]_i_17/O[0]
                         net (fo=2, unplaced)         0.186     3.087    grp_dense_latency_ap_fixed_16_6_5_3_0_ap_fixed_16_6_5_3_0_config2_s_fu_73/mul_16s_12s_26_1_1_U1/sext_ln58_6_fu_706_p1[8]
                         LUT5 (Prop_LUT5_I3_O)        0.038     3.125 r  grp_dense_latency_ap_fixed_16_6_5_3_0_ap_fixed_16_6_5_3_0_config2_s_fu_73/mul_16s_12s_26_1_1_U1/add_ln58_104_reg_1017[15]_i_7/O
                         net (fo=2, unplaced)         0.186     3.311    grp_dense_latency_ap_fixed_16_6_5_3_0_ap_fixed_16_6_5_3_0_config2_s_fu_73/mul_16s_12s_26_1_1_U1/add_ln58_104_reg_1017[15]_i_7_n_0
                         LUT6 (Prop_LUT6_I0_O)        0.037     3.348 r  grp_dense_latency_ap_fixed_16_6_5_3_0_ap_fixed_16_6_5_3_0_config2_s_fu_73/mul_16s_12s_26_1_1_U1/add_ln58_104_reg_1017[15]_i_15/O
                         net (fo=1, unplaced)         0.023     3.371    grp_dense_latency_ap_fixed_16_6_5_3_0_ap_fixed_16_6_5_3_0_config2_s_fu_73/mul_16s_12s_26_1_1_U1/add_ln58_104_reg_1017[15]_i_15_n_0
                         CARRY8 (Prop_CARRY8_S[1]_O[5])
                                                      0.237     3.608 r  grp_dense_latency_ap_fixed_16_6_5_3_0_ap_fixed_16_6_5_3_0_config2_s_fu_73/mul_16s_12s_26_1_1_U1/add_ln58_104_reg_1017_reg[15]_i_1/O[5]
                         net (fo=1, unplaced)         0.025     3.633    grp_dense_latency_ap_fixed_16_6_5_3_0_ap_fixed_16_6_5_3_0_config2_s_fu_73/add_ln58_104_fu_715_p2[13]
                         FDRE                                         r  grp_dense_latency_ap_fixed_16_6_5_3_0_ap_fixed_16_6_5_3_0_config2_s_fu_73/add_ln58_104_reg_1017_reg[13]/D
  -------------------------------------------------------------------    -------------------

                         (clock ap_clk rise edge)     0.000     0.000 r  
                                                      0.000     0.000 r  ap_clk (IN)
                         net (fo=2474, unset)         0.021     0.021    grp_dense_latency_ap_fixed_16_6_5_3_0_ap_fixed_16_6_5_3_0_config2_s_fu_73/ap_clk
                         FDRE                                         r  grp_dense_latency_ap_fixed_16_6_5_3_0_ap_fixed_16_6_5_3_0_config2_s_fu_73/add_ln58_104_reg_1017_reg[13]/C

Slack:                    inf
  Source:                 features[8]
                            (input port)
  Destination:            grp_dense_latency_ap_fixed_16_6_5_3_0_ap_fixed_16_6_5_3_0_config2_s_fu_73/add_ln58_104_reg_1017_reg[14]/D
                            (rising edge-triggered cell FDRE clocked by ap_clk  {rise@0.000ns fall@5.000ns period=10.000ns})
  Path Group:             (none)
  Path Type:              Setup (Max at Slow Process Corner)
  Data Path Delay:        3.621ns  (logic 2.304ns (63.629%)  route 1.317ns (36.371%))
  Logic Levels:           15  (CARRY8=3 DSP_A_B_DATA=1 DSP_ALU=1 DSP_M_DATA=1 DSP_MULTIPLIER=1 DSP_OUTPUT=1 DSP_PREADD_DATA=1 LUT1=1 LUT3=1 LUT5=1 LUT6=3)
  Clock Path Skew:        0.021ns (DCD - SCD + CPR)
    Destination Clock Delay (DCD):    0.021ns
    Source Clock Delay      (SCD):    0.000ns
    Clock Pessimism Removal (CPR):    0.000ns
  Clock Uncertainty:      0.025ns  ((TSJ^2 + TIJ^2)^1/2 + DJ) / 2 + PE
    Total System Jitter     (TSJ):    0.050ns
    Total Input Jitter      (TIJ):    0.000ns
    Discrete Jitter          (DJ):    0.000ns
    Phase Error              (PE):    0.000ns

    Location             Delay type                Incr(ns)  Path(ns)    Netlist Resource(s)
  -------------------------------------------------------------------    -------------------
                                                      0.000     0.000 f  features[8] (IN)
                         net (fo=2, unset)            0.000     0.000    grp_dense_latency_ap_fixed_16_6_5_3_0_ap_fixed_16_6_5_3_0_config2_s_fu_73/mul_16s_12s_26_1_1_U1/features[8]
                         LUT3 (Prop_LUT3_I0_O)        0.090     0.090 f  grp_dense_latency_ap_fixed_16_6_5_3_0_ap_fixed_16_6_5_3_0_config2_s_fu_73/mul_16s_12s_26_1_1_U1/a_reg_831[8]_i_1/O
                         net (fo=2, unplaced)         0.141     0.231    grp_dense_latency_ap_fixed_16_6_5_3_0_ap_fixed_16_6_5_3_0_config2_s_fu_73/mul_16s_12s_26_1_1_U1/D[8]
                         LUT6 (Prop_LUT6_I1_O)        0.100     0.331 f  grp_dense_latency_ap_fixed_16_6_5_3_0_ap_fixed_16_6_5_3_0_config2_s_fu_73/mul_16s_12s_26_1_1_U1/tmp_product_i_58/O
                         net (fo=1, unplaced)         0.186     0.517    grp_dense_latency_ap_fixed_16_6_5_3_0_ap_fixed_16_6_5_3_0_config2_s_fu_73/mul_16s_12s_26_1_1_U1/tmp_product_i_58_n_0
                         LUT6 (Prop_LUT6_I5_O)        0.038     0.555 f  grp_dense_latency_ap_fixed_16_6_5_3_0_ap_fixed_16_6_5_3_0_config2_s_fu_73/mul_16s_12s_26_1_1_U1/tmp_product_i_19/O
                         net (fo=1, unplaced)         0.228     0.783    grp_dense_latency_ap_fixed_16_6_5_3_0_ap_fixed_16_6_5_3_0_config2_s_fu_73/mul_16s_12s_26_1_1_U1/tmp_product/A[8]
                         DSP_A_B_DATA (Prop_DSP_A_B_DATA_A[8]_A2_DATA[8])
                                                      0.192     0.975 r  grp_dense_latency_ap_fixed_16_6_5_3_0_ap_fixed_16_6_5_3_0_config2_s_fu_73/mul_16s_12s_26_1_1_U1/tmp_product/DSP_A_B_DATA_INST/A2_DATA[8]
                         net (fo=1, unplaced)         0.000     0.975    grp_dense_latency_ap_fixed_16_6_5_3_0_ap_fixed_16_6_5_3_0_config2_s_fu_73/mul_16s_12s_26_1_1_U1/tmp_product/DSP_A_B_DATA.A2_DATA<8>
                         DSP_PREADD_DATA (Prop_DSP_PREADD_DATA_A2_DATA[8]_A2A1[8])
                                                      0.076     1.051 r  grp_dense_latency_ap_fixed_16_6_5_3_0_ap_fixed_16_6_5_3_0_config2_s_fu_73/mul_16s_12s_26_1_1_U1/tmp_product/DSP_PREADD_DATA_INST/A2A1[8]
                         net (fo=1, unplaced)         0.000     1.051    grp_dense_latency_ap_fixed_16_6_5_3_0_ap_fixed_16_6_5_3_0_config2_s_fu_73/mul_16s_12s_26_1_1_U1/tmp_product/DSP_PREADD_DATA.A2A1<8>
                         DSP_MULTIPLIER (Prop_DSP_MULTIPLIER_A2A1[8]_U[13])
                                                      0.505     1.556 f  grp_dense_latency_ap_fixed_16_6_5_3_0_ap_fixed_16_6_5_3_0_config2_s_fu_73/mul_16s_12s_26_1_1_U1/tmp_product/DSP_MULTIPLIER_INST/U[13]
                         net (fo=1, unplaced)         0.000     1.556    grp_dense_latency_ap_fixed_16_6_5_3_0_ap_fixed_16_6_5_3_0_config2_s_fu_73/mul_16s_12s_26_1_1_U1/tmp_product/DSP_MULTIPLIER.U<13>
                         DSP_M_DATA (Prop_DSP_M_DATA_U[13]_U_DATA[13])
                                                      0.047     1.603 r  grp_dense_latency_ap_fixed_16_6_5_3_0_ap_fixed_16_6_5_3_0_config2_s_fu_73/mul_16s_12s_26_1_1_U1/tmp_product/DSP_M_DATA_INST/U_DATA[13]
                         net (fo=1, unplaced)         0.000     1.603    grp_dense_latency_ap_fixed_16_6_5_3_0_ap_fixed_16_6_5_3_0_config2_s_fu_73/mul_16s_12s_26_1_1_U1/tmp_product/DSP_M_DATA.U_DATA<13>
                         DSP_ALU (Prop_DSP_ALU_U_DATA[13]_ALU_OUT[13])
                                                      0.585     2.188 r  grp_dense_latency_ap_fixed_16_6_5_3_0_ap_fixed_16_6_5_3_0_config2_s_fu_73/mul_16s_12s_26_1_1_U1/tmp_product/DSP_ALU_INST/ALU_OUT[13]
                         net (fo=1, unplaced)         0.000     2.188    grp_dense_latency_ap_fixed_16_6_5_3_0_ap_fixed_16_6_5_3_0_config2_s_fu_73/mul_16s_12s_26_1_1_U1/tmp_product/DSP_ALU.ALU_OUT<13>
                         DSP_OUTPUT (Prop_DSP_OUTPUT_ALU_OUT[13]_P[13])
                                                      0.109     2.297 f  grp_dense_latency_ap_fixed_16_6_5_3_0_ap_fixed_16_6_5_3_0_config2_s_fu_73/mul_16s_12s_26_1_1_U1/tmp_product/DSP_OUTPUT_INST/P[13]
                         net (fo=24, unplaced)        0.304     2.601    grp_dense_latency_ap_fixed_16_6_5_3_0_ap_fixed_16_6_5_3_0_config2_s_fu_73/mul_16s_12s_26_1_1_U1/P[3]
                         LUT1 (Prop_LUT1_I0_O)        0.037     2.638 r  grp_dense_latency_ap_fixed_16_6_5_3_0_ap_fixed_16_6_5_3_0_config2_s_fu_73/mul_16s_12s_26_1_1_U1/add_ln58_104_reg_1017[7]_i_25/O
                         net (fo=1, unplaced)         0.032     2.670    grp_dense_latency_ap_fixed_16_6_5_3_0_ap_fixed_16_6_5_3_0_config2_s_fu_73/mul_16s_12s_26_1_1_U1/add_ln58_104_reg_1017[7]_i_25_n_0
                         CARRY8 (Prop_CARRY8_S[3]_CO[7])
                                                      0.170     2.840 r  grp_dense_latency_ap_fixed_16_6_5_3_0_ap_fixed_16_6_5_3_0_config2_s_fu_73/mul_16s_12s_26_1_1_U1/add_ln58_104_reg_1017_reg[7]_i_9/CO[7]
                         net (fo=1, unplaced)         0.005     2.845    grp_dense_latency_ap_fixed_16_6_5_3_0_ap_fixed_16_6_5_3_0_config2_s_fu_73/mul_16s_12s_26_1_1_U1/add_ln58_104_reg_1017_reg[7]_i_9_n_0
                         CARRY8 (Prop_CARRY8_CI_O[0])
                                                      0.056     2.901 r  grp_dense_latency_ap_fixed_16_6_5_3_0_ap_fixed_16_6_5_3_0_config2_s_fu_73/mul_16s_12s_26_1_1_U1/add_ln58_104_reg_1017_reg[15]_i_17/O[0]
                         net (fo=2, unplaced)         0.186     3.087    grp_dense_latency_ap_fixed_16_6_5_3_0_ap_fixed_16_6_5_3_0_config2_s_fu_73/mul_16s_12s_26_1_1_U1/sext_ln58_6_fu_706_p1[8]
                         LUT5 (Prop_LUT5_I3_O)        0.038     3.125 r  grp_dense_latency_ap_fixed_16_6_5_3_0_ap_fixed_16_6_5_3_0_config2_s_fu_73/mul_16s_12s_26_1_1_U1/add_ln58_104_reg_1017[15]_i_7/O
                         net (fo=2, unplaced)         0.186     3.311    grp_dense_latency_ap_fixed_16_6_5_3_0_ap_fixed_16_6_5_3_0_config2_s_fu_73/mul_16s_12s_26_1_1_U1/add_ln58_104_reg_1017[15]_i_7_n_0
                         LUT6 (Prop_LUT6_I0_O)        0.037     3.348 r  grp_dense_latency_ap_fixed_16_6_5_3_0_ap_fixed_16_6_5_3_0_config2_s_fu_73/mul_16s_12s_26_1_1_U1/add_ln58_104_reg_1017[15]_i_15/O
                         net (fo=1, unplaced)         0.023     3.371    grp_dense_latency_ap_fixed_16_6_5_3_0_ap_fixed_16_6_5_3_0_config2_s_fu_73/mul_16s_12s_26_1_1_U1/add_ln58_104_reg_1017[15]_i_15_n_0
                         CARRY8 (Prop_CARRY8_S[1]_O[6])
                                                      0.224     3.595 r  grp_dense_latency_ap_fixed_16_6_5_3_0_ap_fixed_16_6_5_3_0_config2_s_fu_73/mul_16s_12s_26_1_1_U1/add_ln58_104_reg_1017_reg[15]_i_1/O[6]
                         net (fo=1, unplaced)         0.026     3.621    grp_dense_latency_ap_fixed_16_6_5_3_0_ap_fixed_16_6_5_3_0_config2_s_fu_73/add_ln58_104_fu_715_p2[14]
                         FDRE                                         r  grp_dense_latency_ap_fixed_16_6_5_3_0_ap_fixed_16_6_5_3_0_config2_s_fu_73/add_ln58_104_reg_1017_reg[14]/D
  -------------------------------------------------------------------    -------------------

                         (clock ap_clk rise edge)     0.000     0.000 r  
                                                      0.000     0.000 r  ap_clk (IN)
                         net (fo=2474, unset)         0.021     0.021    grp_dense_latency_ap_fixed_16_6_5_3_0_ap_fixed_16_6_5_3_0_config2_s_fu_73/ap_clk
                         FDRE                                         r  grp_dense_latency_ap_fixed_16_6_5_3_0_ap_fixed_16_6_5_3_0_config2_s_fu_73/add_ln58_104_reg_1017_reg[14]/C

Slack:                    inf
  Source:                 features[8]
                            (input port)
  Destination:            grp_dense_latency_ap_fixed_16_6_5_3_0_ap_fixed_16_6_5_3_0_config2_s_fu_73/add_ln58_104_reg_1017_reg[12]/D
                            (rising edge-triggered cell FDRE clocked by ap_clk  {rise@0.000ns fall@5.000ns period=10.000ns})
  Path Group:             (none)
  Path Type:              Setup (Max at Slow Process Corner)
  Data Path Delay:        3.600ns  (logic 2.284ns (63.444%)  route 1.316ns (36.556%))
  Logic Levels:           15  (CARRY8=3 DSP_A_B_DATA=1 DSP_ALU=1 DSP_M_DATA=1 DSP_MULTIPLIER=1 DSP_OUTPUT=1 DSP_PREADD_DATA=1 LUT1=1 LUT3=1 LUT5=1 LUT6=3)
  Clock Path Skew:        0.021ns (DCD - SCD + CPR)
    Destination Clock Delay (DCD):    0.021ns
    Source Clock Delay      (SCD):    0.000ns
    Clock Pessimism Removal (CPR):    0.000ns
  Clock Uncertainty:      0.025ns  ((TSJ^2 + TIJ^2)^1/2 + DJ) / 2 + PE
    Total System Jitter     (TSJ):    0.050ns
    Total Input Jitter      (TIJ):    0.000ns
    Discrete Jitter          (DJ):    0.000ns
    Phase Error              (PE):    0.000ns

    Location             Delay type                Incr(ns)  Path(ns)    Netlist Resource(s)
  -------------------------------------------------------------------    -------------------
                                                      0.000     0.000 f  features[8] (IN)
                         net (fo=2, unset)            0.000     0.000    grp_dense_latency_ap_fixed_16_6_5_3_0_ap_fixed_16_6_5_3_0_config2_s_fu_73/mul_16s_12s_26_1_1_U1/features[8]
                         LUT3 (Prop_LUT3_I0_O)        0.090     0.090 f  grp_dense_latency_ap_fixed_16_6_5_3_0_ap_fixed_16_6_5_3_0_config2_s_fu_73/mul_16s_12s_26_1_1_U1/a_reg_831[8]_i_1/O
                         net (fo=2, unplaced)         0.141     0.231    grp_dense_latency_ap_fixed_16_6_5_3_0_ap_fixed_16_6_5_3_0_config2_s_fu_73/mul_16s_12s_26_1_1_U1/D[8]
                         LUT6 (Prop_LUT6_I1_O)        0.100     0.331 f  grp_dense_latency_ap_fixed_16_6_5_3_0_ap_fixed_16_6_5_3_0_config2_s_fu_73/mul_16s_12s_26_1_1_U1/tmp_product_i_58/O
                         net (fo=1, unplaced)         0.186     0.517    grp_dense_latency_ap_fixed_16_6_5_3_0_ap_fixed_16_6_5_3_0_config2_s_fu_73/mul_16s_12s_26_1_1_U1/tmp_product_i_58_n_0
                         LUT6 (Prop_LUT6_I5_O)        0.038     0.555 f  grp_dense_latency_ap_fixed_16_6_5_3_0_ap_fixed_16_6_5_3_0_config2_s_fu_73/mul_16s_12s_26_1_1_U1/tmp_product_i_19/O
                         net (fo=1, unplaced)         0.228     0.783    grp_dense_latency_ap_fixed_16_6_5_3_0_ap_fixed_16_6_5_3_0_config2_s_fu_73/mul_16s_12s_26_1_1_U1/tmp_product/A[8]
                         DSP_A_B_DATA (Prop_DSP_A_B_DATA_A[8]_A2_DATA[8])
                                                      0.192     0.975 r  grp_dense_latency_ap_fixed_16_6_5_3_0_ap_fixed_16_6_5_3_0_config2_s_fu_73/mul_16s_12s_26_1_1_U1/tmp_product/DSP_A_B_DATA_INST/A2_DATA[8]
                         net (fo=1, unplaced)         0.000     0.975    grp_dense_latency_ap_fixed_16_6_5_3_0_ap_fixed_16_6_5_3_0_config2_s_fu_73/mul_16s_12s_26_1_1_U1/tmp_product/DSP_A_B_DATA.A2_DATA<8>
                         DSP_PREADD_DATA (Prop_DSP_PREADD_DATA_A2_DATA[8]_A2A1[8])
                                                      0.076     1.051 r  grp_dense_latency_ap_fixed_16_6_5_3_0_ap_fixed_16_6_5_3_0_config2_s_fu_73/mul_16s_12s_26_1_1_U1/tmp_product/DSP_PREADD_DATA_INST/A2A1[8]
                         net (fo=1, unplaced)         0.000     1.051    grp_dense_latency_ap_fixed_16_6_5_3_0_ap_fixed_16_6_5_3_0_config2_s_fu_73/mul_16s_12s_26_1_1_U1/tmp_product/DSP_PREADD_DATA.A2A1<8>
                         DSP_MULTIPLIER (Prop_DSP_MULTIPLIER_A2A1[8]_U[13])
                                                      0.505     1.556 f  grp_dense_latency_ap_fixed_16_6_5_3_0_ap_fixed_16_6_5_3_0_config2_s_fu_73/mul_16s_12s_26_1_1_U1/tmp_product/DSP_MULTIPLIER_INST/U[13]
                         net (fo=1, unplaced)         0.000     1.556    grp_dense_latency_ap_fixed_16_6_5_3_0_ap_fixed_16_6_5_3_0_config2_s_fu_73/mul_16s_12s_26_1_1_U1/tmp_product/DSP_MULTIPLIER.U<13>
                         DSP_M_DATA (Prop_DSP_M_DATA_U[13]_U_DATA[13])
                                                      0.047     1.603 r  grp_dense_latency_ap_fixed_16_6_5_3_0_ap_fixed_16_6_5_3_0_config2_s_fu_73/mul_16s_12s_26_1_1_U1/tmp_product/DSP_M_DATA_INST/U_DATA[13]
                         net (fo=1, unplaced)         0.000     1.603    grp_dense_latency_ap_fixed_16_6_5_3_0_ap_fixed_16_6_5_3_0_config2_s_fu_73/mul_16s_12s_26_1_1_U1/tmp_product/DSP_M_DATA.U_DATA<13>
                         DSP_ALU (Prop_DSP_ALU_U_DATA[13]_ALU_OUT[13])
                                                      0.585     2.188 r  grp_dense_latency_ap_fixed_16_6_5_3_0_ap_fixed_16_6_5_3_0_config2_s_fu_73/mul_16s_12s_26_1_1_U1/tmp_product/DSP_ALU_INST/ALU_OUT[13]
                         net (fo=1, unplaced)         0.000     2.188    grp_dense_latency_ap_fixed_16_6_5_3_0_ap_fixed_16_6_5_3_0_config2_s_fu_73/mul_16s_12s_26_1_1_U1/tmp_product/DSP_ALU.ALU_OUT<13>
                         DSP_OUTPUT (Prop_DSP_OUTPUT_ALU_OUT[13]_P[13])
                                                      0.109     2.297 f  grp_dense_latency_ap_fixed_16_6_5_3_0_ap_fixed_16_6_5_3_0_config2_s_fu_73/mul_16s_12s_26_1_1_U1/tmp_product/DSP_OUTPUT_INST/P[13]
                         net (fo=24, unplaced)        0.304     2.601    grp_dense_latency_ap_fixed_16_6_5_3_0_ap_fixed_16_6_5_3_0_config2_s_fu_73/mul_16s_12s_26_1_1_U1/P[3]
                         LUT1 (Prop_LUT1_I0_O)        0.037     2.638 r  grp_dense_latency_ap_fixed_16_6_5_3_0_ap_fixed_16_6_5_3_0_config2_s_fu_73/mul_16s_12s_26_1_1_U1/add_ln58_104_reg_1017[7]_i_25/O
                         net (fo=1, unplaced)         0.032     2.670    grp_dense_latency_ap_fixed_16_6_5_3_0_ap_fixed_16_6_5_3_0_config2_s_fu_73/mul_16s_12s_26_1_1_U1/add_ln58_104_reg_1017[7]_i_25_n_0
                         CARRY8 (Prop_CARRY8_S[3]_CO[7])
                                                      0.170     2.840 r  grp_dense_latency_ap_fixed_16_6_5_3_0_ap_fixed_16_6_5_3_0_config2_s_fu_73/mul_16s_12s_26_1_1_U1/add_ln58_104_reg_1017_reg[7]_i_9/CO[7]
                         net (fo=1, unplaced)         0.005     2.845    grp_dense_latency_ap_fixed_16_6_5_3_0_ap_fixed_16_6_5_3_0_config2_s_fu_73/mul_16s_12s_26_1_1_U1/add_ln58_104_reg_1017_reg[7]_i_9_n_0
                         CARRY8 (Prop_CARRY8_CI_O[0])
                                                      0.056     2.901 r  grp_dense_latency_ap_fixed_16_6_5_3_0_ap_fixed_16_6_5_3_0_config2_s_fu_73/mul_16s_12s_26_1_1_U1/add_ln58_104_reg_1017_reg[15]_i_17/O[0]
                         net (fo=2, unplaced)         0.186     3.087    grp_dense_latency_ap_fixed_16_6_5_3_0_ap_fixed_16_6_5_3_0_config2_s_fu_73/mul_16s_12s_26_1_1_U1/sext_ln58_6_fu_706_p1[8]
                         LUT5 (Prop_LUT5_I3_O)        0.038     3.125 r  grp_dense_latency_ap_fixed_16_6_5_3_0_ap_fixed_16_6_5_3_0_config2_s_fu_73/mul_16s_12s_26_1_1_U1/add_ln58_104_reg_1017[15]_i_7/O
                         net (fo=2, unplaced)         0.186     3.311    grp_dense_latency_ap_fixed_16_6_5_3_0_ap_fixed_16_6_5_3_0_config2_s_fu_73/mul_16s_12s_26_1_1_U1/add_ln58_104_reg_1017[15]_i_7_n_0
                         LUT6 (Prop_LUT6_I0_O)        0.037     3.348 r  grp_dense_latency_ap_fixed_16_6_5_3_0_ap_fixed_16_6_5_3_0_config2_s_fu_73/mul_16s_12s_26_1_1_U1/add_ln58_104_reg_1017[15]_i_15/O
                         net (fo=1, unplaced)         0.023     3.371    grp_dense_latency_ap_fixed_16_6_5_3_0_ap_fixed_16_6_5_3_0_config2_s_fu_73/mul_16s_12s_26_1_1_U1/add_ln58_104_reg_1017[15]_i_15_n_0
                         CARRY8 (Prop_CARRY8_S[1]_O[4])
                                                      0.204     3.575 r  grp_dense_latency_ap_fixed_16_6_5_3_0_ap_fixed_16_6_5_3_0_config2_s_fu_73/mul_16s_12s_26_1_1_U1/add_ln58_104_reg_1017_reg[15]_i_1/O[4]
                         net (fo=1, unplaced)         0.025     3.600    grp_dense_latency_ap_fixed_16_6_5_3_0_ap_fixed_16_6_5_3_0_config2_s_fu_73/add_ln58_104_fu_715_p2[12]
                         FDRE                                         r  grp_dense_latency_ap_fixed_16_6_5_3_0_ap_fixed_16_6_5_3_0_config2_s_fu_73/add_ln58_104_reg_1017_reg[12]/D
  -------------------------------------------------------------------    -------------------

                         (clock ap_clk rise edge)     0.000     0.000 r  
                                                      0.000     0.000 r  ap_clk (IN)
                         net (fo=2474, unset)         0.021     0.021    grp_dense_latency_ap_fixed_16_6_5_3_0_ap_fixed_16_6_5_3_0_config2_s_fu_73/ap_clk
                         FDRE                                         r  grp_dense_latency_ap_fixed_16_6_5_3_0_ap_fixed_16_6_5_3_0_config2_s_fu_73/add_ln58_104_reg_1017_reg[12]/C

Slack:                    inf
  Source:                 features[8]
                            (input port)
  Destination:            grp_dense_latency_ap_fixed_16_6_5_3_0_ap_fixed_16_6_5_3_0_config2_s_fu_73/add_ln58_104_reg_1017_reg[11]/D
                            (rising edge-triggered cell FDRE clocked by ap_clk  {rise@0.000ns fall@5.000ns period=10.000ns})
  Path Group:             (none)
  Path Type:              Setup (Max at Slow Process Corner)
  Data Path Delay:        3.572ns  (logic 2.251ns (63.018%)  route 1.321ns (36.982%))
  Logic Levels:           15  (CARRY8=3 DSP_A_B_DATA=1 DSP_ALU=1 DSP_M_DATA=1 DSP_MULTIPLIER=1 DSP_OUTPUT=1 DSP_PREADD_DATA=1 LUT1=1 LUT3=1 LUT5=1 LUT6=3)
  Clock Path Skew:        0.021ns (DCD - SCD + CPR)
    Destination Clock Delay (DCD):    0.021ns
    Source Clock Delay      (SCD):    0.000ns
    Clock Pessimism Removal (CPR):    0.000ns
  Clock Uncertainty:      0.025ns  ((TSJ^2 + TIJ^2)^1/2 + DJ) / 2 + PE
    Total System Jitter     (TSJ):    0.050ns
    Total Input Jitter      (TIJ):    0.000ns
    Discrete Jitter          (DJ):    0.000ns
    Phase Error              (PE):    0.000ns

    Location             Delay type                Incr(ns)  Path(ns)    Netlist Resource(s)
  -------------------------------------------------------------------    -------------------
                                                      0.000     0.000 f  features[8] (IN)
                         net (fo=2, unset)            0.000     0.000    grp_dense_latency_ap_fixed_16_6_5_3_0_ap_fixed_16_6_5_3_0_config2_s_fu_73/mul_16s_12s_26_1_1_U1/features[8]
                         LUT3 (Prop_LUT3_I0_O)        0.090     0.090 f  grp_dense_latency_ap_fixed_16_6_5_3_0_ap_fixed_16_6_5_3_0_config2_s_fu_73/mul_16s_12s_26_1_1_U1/a_reg_831[8]_i_1/O
                         net (fo=2, unplaced)         0.141     0.231    grp_dense_latency_ap_fixed_16_6_5_3_0_ap_fixed_16_6_5_3_0_config2_s_fu_73/mul_16s_12s_26_1_1_U1/D[8]
                         LUT6 (Prop_LUT6_I1_O)        0.100     0.331 f  grp_dense_latency_ap_fixed_16_6_5_3_0_ap_fixed_16_6_5_3_0_config2_s_fu_73/mul_16s_12s_26_1_1_U1/tmp_product_i_58/O
                         net (fo=1, unplaced)         0.186     0.517    grp_dense_latency_ap_fixed_16_6_5_3_0_ap_fixed_16_6_5_3_0_config2_s_fu_73/mul_16s_12s_26_1_1_U1/tmp_product_i_58_n_0
                         LUT6 (Prop_LUT6_I5_O)        0.038     0.555 f  grp_dense_latency_ap_fixed_16_6_5_3_0_ap_fixed_16_6_5_3_0_config2_s_fu_73/mul_16s_12s_26_1_1_U1/tmp_product_i_19/O
                         net (fo=1, unplaced)         0.228     0.783    grp_dense_latency_ap_fixed_16_6_5_3_0_ap_fixed_16_6_5_3_0_config2_s_fu_73/mul_16s_12s_26_1_1_U1/tmp_product/A[8]
                         DSP_A_B_DATA (Prop_DSP_A_B_DATA_A[8]_A2_DATA[8])
                                                      0.192     0.975 r  grp_dense_latency_ap_fixed_16_6_5_3_0_ap_fixed_16_6_5_3_0_config2_s_fu_73/mul_16s_12s_26_1_1_U1/tmp_product/DSP_A_B_DATA_INST/A2_DATA[8]
                         net (fo=1, unplaced)         0.000     0.975    grp_dense_latency_ap_fixed_16_6_5_3_0_ap_fixed_16_6_5_3_0_config2_s_fu_73/mul_16s_12s_26_1_1_U1/tmp_product/DSP_A_B_DATA.A2_DATA<8>
                         DSP_PREADD_DATA (Prop_DSP_PREADD_DATA_A2_DATA[8]_A2A1[8])
                                                      0.076     1.051 r  grp_dense_latency_ap_fixed_16_6_5_3_0_ap_fixed_16_6_5_3_0_config2_s_fu_73/mul_16s_12s_26_1_1_U1/tmp_product/DSP_PREADD_DATA_INST/A2A1[8]
                         net (fo=1, unplaced)         0.000     1.051    grp_dense_latency_ap_fixed_16_6_5_3_0_ap_fixed_16_6_5_3_0_config2_s_fu_73/mul_16s_12s_26_1_1_U1/tmp_product/DSP_PREADD_DATA.A2A1<8>
                         DSP_MULTIPLIER (Prop_DSP_MULTIPLIER_A2A1[8]_U[13])
                                                      0.505     1.556 f  grp_dense_latency_ap_fixed_16_6_5_3_0_ap_fixed_16_6_5_3_0_config2_s_fu_73/mul_16s_12s_26_1_1_U1/tmp_product/DSP_MULTIPLIER_INST/U[13]
                         net (fo=1, unplaced)         0.000     1.556    grp_dense_latency_ap_fixed_16_6_5_3_0_ap_fixed_16_6_5_3_0_config2_s_fu_73/mul_16s_12s_26_1_1_U1/tmp_product/DSP_MULTIPLIER.U<13>
                         DSP_M_DATA (Prop_DSP_M_DATA_U[13]_U_DATA[13])
                                                      0.047     1.603 r  grp_dense_latency_ap_fixed_16_6_5_3_0_ap_fixed_16_6_5_3_0_config2_s_fu_73/mul_16s_12s_26_1_1_U1/tmp_product/DSP_M_DATA_INST/U_DATA[13]
                         net (fo=1, unplaced)         0.000     1.603    grp_dense_latency_ap_fixed_16_6_5_3_0_ap_fixed_16_6_5_3_0_config2_s_fu_73/mul_16s_12s_26_1_1_U1/tmp_product/DSP_M_DATA.U_DATA<13>
                         DSP_ALU (Prop_DSP_ALU_U_DATA[13]_ALU_OUT[13])
                                                      0.585     2.188 r  grp_dense_latency_ap_fixed_16_6_5_3_0_ap_fixed_16_6_5_3_0_config2_s_fu_73/mul_16s_12s_26_1_1_U1/tmp_product/DSP_ALU_INST/ALU_OUT[13]
                         net (fo=1, unplaced)         0.000     2.188    grp_dense_latency_ap_fixed_16_6_5_3_0_ap_fixed_16_6_5_3_0_config2_s_fu_73/mul_16s_12s_26_1_1_U1/tmp_product/DSP_ALU.ALU_OUT<13>
                         DSP_OUTPUT (Prop_DSP_OUTPUT_ALU_OUT[13]_P[13])
                                                      0.109     2.297 f  grp_dense_latency_ap_fixed_16_6_5_3_0_ap_fixed_16_6_5_3_0_config2_s_fu_73/mul_16s_12s_26_1_1_U1/tmp_product/DSP_OUTPUT_INST/P[13]
                         net (fo=24, unplaced)        0.304     2.601    grp_dense_latency_ap_fixed_16_6_5_3_0_ap_fixed_16_6_5_3_0_config2_s_fu_73/mul_16s_12s_26_1_1_U1/P[3]
                         LUT1 (Prop_LUT1_I0_O)        0.037     2.638 r  grp_dense_latency_ap_fixed_16_6_5_3_0_ap_fixed_16_6_5_3_0_config2_s_fu_73/mul_16s_12s_26_1_1_U1/add_ln58_104_reg_1017[7]_i_25/O
                         net (fo=1, unplaced)         0.032     2.670    grp_dense_latency_ap_fixed_16_6_5_3_0_ap_fixed_16_6_5_3_0_config2_s_fu_73/mul_16s_12s_26_1_1_U1/add_ln58_104_reg_1017[7]_i_25_n_0
                         CARRY8 (Prop_CARRY8_S[3]_O[4])
                                                      0.149     2.819 r  grp_dense_latency_ap_fixed_16_6_5_3_0_ap_fixed_16_6_5_3_0_config2_s_fu_73/mul_16s_12s_26_1_1_U1/add_ln58_104_reg_1017_reg[7]_i_9/O[4]
                         net (fo=2, unplaced)         0.184     3.003    grp_dense_latency_ap_fixed_16_6_5_3_0_ap_fixed_16_6_5_3_0_config2_s_fu_73/mul_16s_12s_26_1_1_U1/sext_ln58_6_fu_706_p1[4]
                         LUT5 (Prop_LUT5_I3_O)        0.038     3.041 r  grp_dense_latency_ap_fixed_16_6_5_3_0_ap_fixed_16_6_5_3_0_config2_s_fu_73/mul_16s_12s_26_1_1_U1/add_ln58_104_reg_1017[7]_i_4/O
                         net (fo=2, unplaced)         0.186     3.227    grp_dense_latency_ap_fixed_16_6_5_3_0_ap_fixed_16_6_5_3_0_config2_s_fu_73/mul_16s_12s_26_1_1_U1/add_ln58_104_reg_1017[7]_i_4_n_0
                         LUT6 (Prop_LUT6_I0_O)        0.037     3.264 r  grp_dense_latency_ap_fixed_16_6_5_3_0_ap_fixed_16_6_5_3_0_config2_s_fu_73/mul_16s_12s_26_1_1_U1/add_ln58_104_reg_1017[7]_i_12/O
                         net (fo=1, unplaced)         0.029     3.293    grp_dense_latency_ap_fixed_16_6_5_3_0_ap_fixed_16_6_5_3_0_config2_s_fu_73/mul_16s_12s_26_1_1_U1/add_ln58_104_reg_1017[7]_i_12_n_0
                         CARRY8 (Prop_CARRY8_S[5]_CO[7])
                                                      0.166     3.459 r  grp_dense_latency_ap_fixed_16_6_5_3_0_ap_fixed_16_6_5_3_0_config2_s_fu_73/mul_16s_12s_26_1_1_U1/add_ln58_104_reg_1017_reg[7]_i_1/CO[7]
                         net (fo=1, unplaced)         0.005     3.464    grp_dense_latency_ap_fixed_16_6_5_3_0_ap_fixed_16_6_5_3_0_config2_s_fu_73/mul_16s_12s_26_1_1_U1/add_ln58_104_reg_1017_reg[7]_i_1_n_0
                         CARRY8 (Prop_CARRY8_CI_O[3])
                                                      0.082     3.546 r  grp_dense_latency_ap_fixed_16_6_5_3_0_ap_fixed_16_6_5_3_0_config2_s_fu_73/mul_16s_12s_26_1_1_U1/add_ln58_104_reg_1017_reg[15]_i_1/O[3]
                         net (fo=1, unplaced)         0.026     3.572    grp_dense_latency_ap_fixed_16_6_5_3_0_ap_fixed_16_6_5_3_0_config2_s_fu_73/add_ln58_104_fu_715_p2[11]
                         FDRE                                         r  grp_dense_latency_ap_fixed_16_6_5_3_0_ap_fixed_16_6_5_3_0_config2_s_fu_73/add_ln58_104_reg_1017_reg[11]/D
  -------------------------------------------------------------------    -------------------

                         (clock ap_clk rise edge)     0.000     0.000 r  
                                                      0.000     0.000 r  ap_clk (IN)
                         net (fo=2474, unset)         0.021     0.021    grp_dense_latency_ap_fixed_16_6_5_3_0_ap_fixed_16_6_5_3_0_config2_s_fu_73/ap_clk
                         FDRE                                         r  grp_dense_latency_ap_fixed_16_6_5_3_0_ap_fixed_16_6_5_3_0_config2_s_fu_73/add_ln58_104_reg_1017_reg[11]/C

Slack:                    inf
  Source:                 features[8]
                            (input port)
  Destination:            grp_dense_latency_ap_fixed_16_6_5_3_0_ap_fixed_16_6_5_3_0_config2_s_fu_73/add_ln58_104_reg_1017_reg[9]/D
                            (rising edge-triggered cell FDRE clocked by ap_clk  {rise@0.000ns fall@5.000ns period=10.000ns})
  Path Group:             (none)
  Path Type:              Setup (Max at Slow Process Corner)
  Data Path Delay:        3.565ns  (logic 2.245ns (62.973%)  route 1.320ns (37.027%))
  Logic Levels:           15  (CARRY8=3 DSP_A_B_DATA=1 DSP_ALU=1 DSP_M_DATA=1 DSP_MULTIPLIER=1 DSP_OUTPUT=1 DSP_PREADD_DATA=1 LUT1=1 LUT3=1 LUT5=1 LUT6=3)
  Clock Path Skew:        0.021ns (DCD - SCD + CPR)
    Destination Clock Delay (DCD):    0.021ns
    Source Clock Delay      (SCD):    0.000ns
    Clock Pessimism Removal (CPR):    0.000ns
  Clock Uncertainty:      0.025ns  ((TSJ^2 + TIJ^2)^1/2 + DJ) / 2 + PE
    Total System Jitter     (TSJ):    0.050ns
    Total Input Jitter      (TIJ):    0.000ns
    Discrete Jitter          (DJ):    0.000ns
    Phase Error              (PE):    0.000ns

    Location             Delay type                Incr(ns)  Path(ns)    Netlist Resource(s)
  -------------------------------------------------------------------    -------------------
                                                      0.000     0.000 f  features[8] (IN)
                         net (fo=2, unset)            0.000     0.000    grp_dense_latency_ap_fixed_16_6_5_3_0_ap_fixed_16_6_5_3_0_config2_s_fu_73/mul_16s_12s_26_1_1_U1/features[8]
                         LUT3 (Prop_LUT3_I0_O)        0.090     0.090 f  grp_dense_latency_ap_fixed_16_6_5_3_0_ap_fixed_16_6_5_3_0_config2_s_fu_73/mul_16s_12s_26_1_1_U1/a_reg_831[8]_i_1/O
                         net (fo=2, unplaced)         0.141     0.231    grp_dense_latency_ap_fixed_16_6_5_3_0_ap_fixed_16_6_5_3_0_config2_s_fu_73/mul_16s_12s_26_1_1_U1/D[8]
                         LUT6 (Prop_LUT6_I1_O)        0.100     0.331 f  grp_dense_latency_ap_fixed_16_6_5_3_0_ap_fixed_16_6_5_3_0_config2_s_fu_73/mul_16s_12s_26_1_1_U1/tmp_product_i_58/O
                         net (fo=1, unplaced)         0.186     0.517    grp_dense_latency_ap_fixed_16_6_5_3_0_ap_fixed_16_6_5_3_0_config2_s_fu_73/mul_16s_12s_26_1_1_U1/tmp_product_i_58_n_0
                         LUT6 (Prop_LUT6_I5_O)        0.038     0.555 f  grp_dense_latency_ap_fixed_16_6_5_3_0_ap_fixed_16_6_5_3_0_config2_s_fu_73/mul_16s_12s_26_1_1_U1/tmp_product_i_19/O
                         net (fo=1, unplaced)         0.228     0.783    grp_dense_latency_ap_fixed_16_6_5_3_0_ap_fixed_16_6_5_3_0_config2_s_fu_73/mul_16s_12s_26_1_1_U1/tmp_product/A[8]
                         DSP_A_B_DATA (Prop_DSP_A_B_DATA_A[8]_A2_DATA[8])
                                                      0.192     0.975 r  grp_dense_latency_ap_fixed_16_6_5_3_0_ap_fixed_16_6_5_3_0_config2_s_fu_73/mul_16s_12s_26_1_1_U1/tmp_product/DSP_A_B_DATA_INST/A2_DATA[8]
                         net (fo=1, unplaced)         0.000     0.975    grp_dense_latency_ap_fixed_16_6_5_3_0_ap_fixed_16_6_5_3_0_config2_s_fu_73/mul_16s_12s_26_1_1_U1/tmp_product/DSP_A_B_DATA.A2_DATA<8>
                         DSP_PREADD_DATA (Prop_DSP_PREADD_DATA_A2_DATA[8]_A2A1[8])
                                                      0.076     1.051 r  grp_dense_latency_ap_fixed_16_6_5_3_0_ap_fixed_16_6_5_3_0_config2_s_fu_73/mul_16s_12s_26_1_1_U1/tmp_product/DSP_PREADD_DATA_INST/A2A1[8]
                         net (fo=1, unplaced)         0.000     1.051    grp_dense_latency_ap_fixed_16_6_5_3_0_ap_fixed_16_6_5_3_0_config2_s_fu_73/mul_16s_12s_26_1_1_U1/tmp_product/DSP_PREADD_DATA.A2A1<8>
                         DSP_MULTIPLIER (Prop_DSP_MULTIPLIER_A2A1[8]_U[13])
                                                      0.505     1.556 f  grp_dense_latency_ap_fixed_16_6_5_3_0_ap_fixed_16_6_5_3_0_config2_s_fu_73/mul_16s_12s_26_1_1_U1/tmp_product/DSP_MULTIPLIER_INST/U[13]
                         net (fo=1, unplaced)         0.000     1.556    grp_dense_latency_ap_fixed_16_6_5_3_0_ap_fixed_16_6_5_3_0_config2_s_fu_73/mul_16s_12s_26_1_1_U1/tmp_product/DSP_MULTIPLIER.U<13>
                         DSP_M_DATA (Prop_DSP_M_DATA_U[13]_U_DATA[13])
                                                      0.047     1.603 r  grp_dense_latency_ap_fixed_16_6_5_3_0_ap_fixed_16_6_5_3_0_config2_s_fu_73/mul_16s_12s_26_1_1_U1/tmp_product/DSP_M_DATA_INST/U_DATA[13]
                         net (fo=1, unplaced)         0.000     1.603    grp_dense_latency_ap_fixed_16_6_5_3_0_ap_fixed_16_6_5_3_0_config2_s_fu_73/mul_16s_12s_26_1_1_U1/tmp_product/DSP_M_DATA.U_DATA<13>
                         DSP_ALU (Prop_DSP_ALU_U_DATA[13]_ALU_OUT[13])
                                                      0.585     2.188 r  grp_dense_latency_ap_fixed_16_6_5_3_0_ap_fixed_16_6_5_3_0_config2_s_fu_73/mul_16s_12s_26_1_1_U1/tmp_product/DSP_ALU_INST/ALU_OUT[13]
                         net (fo=1, unplaced)         0.000     2.188    grp_dense_latency_ap_fixed_16_6_5_3_0_ap_fixed_16_6_5_3_0_config2_s_fu_73/mul_16s_12s_26_1_1_U1/tmp_product/DSP_ALU.ALU_OUT<13>
                         DSP_OUTPUT (Prop_DSP_OUTPUT_ALU_OUT[13]_P[13])
                                                      0.109     2.297 f  grp_dense_latency_ap_fixed_16_6_5_3_0_ap_fixed_16_6_5_3_0_config2_s_fu_73/mul_16s_12s_26_1_1_U1/tmp_product/DSP_OUTPUT_INST/P[13]
                         net (fo=24, unplaced)        0.304     2.601    grp_dense_latency_ap_fixed_16_6_5_3_0_ap_fixed_16_6_5_3_0_config2_s_fu_73/mul_16s_12s_26_1_1_U1/P[3]
                         LUT1 (Prop_LUT1_I0_O)        0.037     2.638 r  grp_dense_latency_ap_fixed_16_6_5_3_0_ap_fixed_16_6_5_3_0_config2_s_fu_73/mul_16s_12s_26_1_1_U1/add_ln58_104_reg_1017[7]_i_25/O
                         net (fo=1, unplaced)         0.032     2.670    grp_dense_latency_ap_fixed_16_6_5_3_0_ap_fixed_16_6_5_3_0_config2_s_fu_73/mul_16s_12s_26_1_1_U1/add_ln58_104_reg_1017[7]_i_25_n_0
                         CARRY8 (Prop_CARRY8_S[3]_O[4])
                                                      0.149     2.819 r  grp_dense_latency_ap_fixed_16_6_5_3_0_ap_fixed_16_6_5_3_0_config2_s_fu_73/mul_16s_12s_26_1_1_U1/add_ln58_104_reg_1017_reg[7]_i_9/O[4]
                         net (fo=2, unplaced)         0.184     3.003    grp_dense_latency_ap_fixed_16_6_5_3_0_ap_fixed_16_6_5_3_0_config2_s_fu_73/mul_16s_12s_26_1_1_U1/sext_ln58_6_fu_706_p1[4]
                         LUT5 (Prop_LUT5_I3_O)        0.038     3.041 r  grp_dense_latency_ap_fixed_16_6_5_3_0_ap_fixed_16_6_5_3_0_config2_s_fu_73/mul_16s_12s_26_1_1_U1/add_ln58_104_reg_1017[7]_i_4/O
                         net (fo=2, unplaced)         0.186     3.227    grp_dense_latency_ap_fixed_16_6_5_3_0_ap_fixed_16_6_5_3_0_config2_s_fu_73/mul_16s_12s_26_1_1_U1/add_ln58_104_reg_1017[7]_i_4_n_0
                         LUT6 (Prop_LUT6_I0_O)        0.037     3.264 r  grp_dense_latency_ap_fixed_16_6_5_3_0_ap_fixed_16_6_5_3_0_config2_s_fu_73/mul_16s_12s_26_1_1_U1/add_ln58_104_reg_1017[7]_i_12/O
                         net (fo=1, unplaced)         0.029     3.293    grp_dense_latency_ap_fixed_16_6_5_3_0_ap_fixed_16_6_5_3_0_config2_s_fu_73/mul_16s_12s_26_1_1_U1/add_ln58_104_reg_1017[7]_i_12_n_0
                         CARRY8 (Prop_CARRY8_S[5]_CO[7])
                                                      0.166     3.459 r  grp_dense_latency_ap_fixed_16_6_5_3_0_ap_fixed_16_6_5_3_0_config2_s_fu_73/mul_16s_12s_26_1_1_U1/add_ln58_104_reg_1017_reg[7]_i_1/CO[7]
                         net (fo=1, unplaced)         0.005     3.464    grp_dense_latency_ap_fixed_16_6_5_3_0_ap_fixed_16_6_5_3_0_config2_s_fu_73/mul_16s_12s_26_1_1_U1/add_ln58_104_reg_1017_reg[7]_i_1_n_0
                         CARRY8 (Prop_CARRY8_CI_O[1])
                                                      0.076     3.540 r  grp_dense_latency_ap_fixed_16_6_5_3_0_ap_fixed_16_6_5_3_0_config2_s_fu_73/mul_16s_12s_26_1_1_U1/add_ln58_104_reg_1017_reg[15]_i_1/O[1]
                         net (fo=1, unplaced)         0.025     3.565    grp_dense_latency_ap_fixed_16_6_5_3_0_ap_fixed_16_6_5_3_0_config2_s_fu_73/add_ln58_104_fu_715_p2[9]
                         FDRE                                         r  grp_dense_latency_ap_fixed_16_6_5_3_0_ap_fixed_16_6_5_3_0_config2_s_fu_73/add_ln58_104_reg_1017_reg[9]/D
  -------------------------------------------------------------------    -------------------

                         (clock ap_clk rise edge)     0.000     0.000 r  
                                                      0.000     0.000 r  ap_clk (IN)
                         net (fo=2474, unset)         0.021     0.021    grp_dense_latency_ap_fixed_16_6_5_3_0_ap_fixed_16_6_5_3_0_config2_s_fu_73/ap_clk
                         FDRE                                         r  grp_dense_latency_ap_fixed_16_6_5_3_0_ap_fixed_16_6_5_3_0_config2_s_fu_73/add_ln58_104_reg_1017_reg[9]/C

Slack:                    inf
  Source:                 features[8]
                            (input port)
  Destination:            grp_dense_latency_ap_fixed_16_6_5_3_0_ap_fixed_16_6_5_3_0_config2_s_fu_73/add_ln58_104_reg_1017_reg[10]/D
                            (rising edge-triggered cell FDRE clocked by ap_clk  {rise@0.000ns fall@5.000ns period=10.000ns})
  Path Group:             (none)
  Path Type:              Setup (Max at Slow Process Corner)
  Data Path Delay:        3.557ns  (logic 2.236ns (62.862%)  route 1.321ns (37.138%))
  Logic Levels:           15  (CARRY8=3 DSP_A_B_DATA=1 DSP_ALU=1 DSP_M_DATA=1 DSP_MULTIPLIER=1 DSP_OUTPUT=1 DSP_PREADD_DATA=1 LUT1=1 LUT3=1 LUT5=1 LUT6=3)
  Clock Path Skew:        0.021ns (DCD - SCD + CPR)
    Destination Clock Delay (DCD):    0.021ns
    Source Clock Delay      (SCD):    0.000ns
    Clock Pessimism Removal (CPR):    0.000ns
  Clock Uncertainty:      0.025ns  ((TSJ^2 + TIJ^2)^1/2 + DJ) / 2 + PE
    Total System Jitter     (TSJ):    0.050ns
    Total Input Jitter      (TIJ):    0.000ns
    Discrete Jitter          (DJ):    0.000ns
    Phase Error              (PE):    0.000ns

    Location             Delay type                Incr(ns)  Path(ns)    Netlist Resource(s)
  -------------------------------------------------------------------    -------------------
                                                      0.000     0.000 f  features[8] (IN)
                         net (fo=2, unset)            0.000     0.000    grp_dense_latency_ap_fixed_16_6_5_3_0_ap_fixed_16_6_5_3_0_config2_s_fu_73/mul_16s_12s_26_1_1_U1/features[8]
                         LUT3 (Prop_LUT3_I0_O)        0.090     0.090 f  grp_dense_latency_ap_fixed_16_6_5_3_0_ap_fixed_16_6_5_3_0_config2_s_fu_73/mul_16s_12s_26_1_1_U1/a_reg_831[8]_i_1/O
                         net (fo=2, unplaced)         0.141     0.231    grp_dense_latency_ap_fixed_16_6_5_3_0_ap_fixed_16_6_5_3_0_config2_s_fu_73/mul_16s_12s_26_1_1_U1/D[8]
                         LUT6 (Prop_LUT6_I1_O)        0.100     0.331 f  grp_dense_latency_ap_fixed_16_6_5_3_0_ap_fixed_16_6_5_3_0_config2_s_fu_73/mul_16s_12s_26_1_1_U1/tmp_product_i_58/O
                         net (fo=1, unplaced)         0.186     0.517    grp_dense_latency_ap_fixed_16_6_5_3_0_ap_fixed_16_6_5_3_0_config2_s_fu_73/mul_16s_12s_26_1_1_U1/tmp_product_i_58_n_0
                         LUT6 (Prop_LUT6_I5_O)        0.038     0.555 f  grp_dense_latency_ap_fixed_16_6_5_3_0_ap_fixed_16_6_5_3_0_config2_s_fu_73/mul_16s_12s_26_1_1_U1/tmp_product_i_19/O
                         net (fo=1, unplaced)         0.228     0.783    grp_dense_latency_ap_fixed_16_6_5_3_0_ap_fixed_16_6_5_3_0_config2_s_fu_73/mul_16s_12s_26_1_1_U1/tmp_product/A[8]
                         DSP_A_B_DATA (Prop_DSP_A_B_DATA_A[8]_A2_DATA[8])
                                                      0.192     0.975 r  grp_dense_latency_ap_fixed_16_6_5_3_0_ap_fixed_16_6_5_3_0_config2_s_fu_73/mul_16s_12s_26_1_1_U1/tmp_product/DSP_A_B_DATA_INST/A2_DATA[8]
                         net (fo=1, unplaced)         0.000     0.975    grp_dense_latency_ap_fixed_16_6_5_3_0_ap_fixed_16_6_5_3_0_config2_s_fu_73/mul_16s_12s_26_1_1_U1/tmp_product/DSP_A_B_DATA.A2_DATA<8>
                         DSP_PREADD_DATA (Prop_DSP_PREADD_DATA_A2_DATA[8]_A2A1[8])
                                                      0.076     1.051 r  grp_dense_latency_ap_fixed_16_6_5_3_0_ap_fixed_16_6_5_3_0_config2_s_fu_73/mul_16s_12s_26_1_1_U1/tmp_product/DSP_PREADD_DATA_INST/A2A1[8]
                         net (fo=1, unplaced)         0.000     1.051    grp_dense_latency_ap_fixed_16_6_5_3_0_ap_fixed_16_6_5_3_0_config2_s_fu_73/mul_16s_12s_26_1_1_U1/tmp_product/DSP_PREADD_DATA.A2A1<8>
                         DSP_MULTIPLIER (Prop_DSP_MULTIPLIER_A2A1[8]_U[13])
                                                      0.505     1.556 f  grp_dense_latency_ap_fixed_16_6_5_3_0_ap_fixed_16_6_5_3_0_config2_s_fu_73/mul_16s_12s_26_1_1_U1/tmp_product/DSP_MULTIPLIER_INST/U[13]
                         net (fo=1, unplaced)         0.000     1.556    grp_dense_latency_ap_fixed_16_6_5_3_0_ap_fixed_16_6_5_3_0_config2_s_fu_73/mul_16s_12s_26_1_1_U1/tmp_product/DSP_MULTIPLIER.U<13>
                         DSP_M_DATA (Prop_DSP_M_DATA_U[13]_U_DATA[13])
                                                      0.047     1.603 r  grp_dense_latency_ap_fixed_16_6_5_3_0_ap_fixed_16_6_5_3_0_config2_s_fu_73/mul_16s_12s_26_1_1_U1/tmp_product/DSP_M_DATA_INST/U_DATA[13]
                         net (fo=1, unplaced)         0.000     1.603    grp_dense_latency_ap_fixed_16_6_5_3_0_ap_fixed_16_6_5_3_0_config2_s_fu_73/mul_16s_12s_26_1_1_U1/tmp_product/DSP_M_DATA.U_DATA<13>
                         DSP_ALU (Prop_DSP_ALU_U_DATA[13]_ALU_OUT[13])
                                                      0.585     2.188 r  grp_dense_latency_ap_fixed_16_6_5_3_0_ap_fixed_16_6_5_3_0_config2_s_fu_73/mul_16s_12s_26_1_1_U1/tmp_product/DSP_ALU_INST/ALU_OUT[13]
                         net (fo=1, unplaced)         0.000     2.188    grp_dense_latency_ap_fixed_16_6_5_3_0_ap_fixed_16_6_5_3_0_config2_s_fu_73/mul_16s_12s_26_1_1_U1/tmp_product/DSP_ALU.ALU_OUT<13>
                         DSP_OUTPUT (Prop_DSP_OUTPUT_ALU_OUT[13]_P[13])
                                                      0.109     2.297 f  grp_dense_latency_ap_fixed_16_6_5_3_0_ap_fixed_16_6_5_3_0_config2_s_fu_73/mul_16s_12s_26_1_1_U1/tmp_product/DSP_OUTPUT_INST/P[13]
                         net (fo=24, unplaced)        0.304     2.601    grp_dense_latency_ap_fixed_16_6_5_3_0_ap_fixed_16_6_5_3_0_config2_s_fu_73/mul_16s_12s_26_1_1_U1/P[3]
                         LUT1 (Prop_LUT1_I0_O)        0.037     2.638 r  grp_dense_latency_ap_fixed_16_6_5_3_0_ap_fixed_16_6_5_3_0_config2_s_fu_73/mul_16s_12s_26_1_1_U1/add_ln58_104_reg_1017[7]_i_25/O
                         net (fo=1, unplaced)         0.032     2.670    grp_dense_latency_ap_fixed_16_6_5_3_0_ap_fixed_16_6_5_3_0_config2_s_fu_73/mul_16s_12s_26_1_1_U1/add_ln58_104_reg_1017[7]_i_25_n_0
                         CARRY8 (Prop_CARRY8_S[3]_O[4])
                                                      0.149     2.819 r  grp_dense_latency_ap_fixed_16_6_5_3_0_ap_fixed_16_6_5_3_0_config2_s_fu_73/mul_16s_12s_26_1_1_U1/add_ln58_104_reg_1017_reg[7]_i_9/O[4]
                         net (fo=2, unplaced)         0.184     3.003    grp_dense_latency_ap_fixed_16_6_5_3_0_ap_fixed_16_6_5_3_0_config2_s_fu_73/mul_16s_12s_26_1_1_U1/sext_ln58_6_fu_706_p1[4]
                         LUT5 (Prop_LUT5_I3_O)        0.038     3.041 r  grp_dense_latency_ap_fixed_16_6_5_3_0_ap_fixed_16_6_5_3_0_config2_s_fu_73/mul_16s_12s_26_1_1_U1/add_ln58_104_reg_1017[7]_i_4/O
                         net (fo=2, unplaced)         0.186     3.227    grp_dense_latency_ap_fixed_16_6_5_3_0_ap_fixed_16_6_5_3_0_config2_s_fu_73/mul_16s_12s_26_1_1_U1/add_ln58_104_reg_1017[7]_i_4_n_0
                         LUT6 (Prop_LUT6_I0_O)        0.037     3.264 r  grp_dense_latency_ap_fixed_16_6_5_3_0_ap_fixed_16_6_5_3_0_config2_s_fu_73/mul_16s_12s_26_1_1_U1/add_ln58_104_reg_1017[7]_i_12/O
                         net (fo=1, unplaced)         0.029     3.293    grp_dense_latency_ap_fixed_16_6_5_3_0_ap_fixed_16_6_5_3_0_config2_s_fu_73/mul_16s_12s_26_1_1_U1/add_ln58_104_reg_1017[7]_i_12_n_0
                         CARRY8 (Prop_CARRY8_S[5]_CO[7])
                                                      0.166     3.459 r  grp_dense_latency_ap_fixed_16_6_5_3_0_ap_fixed_16_6_5_3_0_config2_s_fu_73/mul_16s_12s_26_1_1_U1/add_ln58_104_reg_1017_reg[7]_i_1/CO[7]
                         net (fo=1, unplaced)         0.005     3.464    grp_dense_latency_ap_fixed_16_6_5_3_0_ap_fixed_16_6_5_3_0_config2_s_fu_73/mul_16s_12s_26_1_1_U1/add_ln58_104_reg_1017_reg[7]_i_1_n_0
                         CARRY8 (Prop_CARRY8_CI_O[2])
                                                      0.067     3.531 r  grp_dense_latency_ap_fixed_16_6_5_3_0_ap_fixed_16_6_5_3_0_config2_s_fu_73/mul_16s_12s_26_1_1_U1/add_ln58_104_reg_1017_reg[15]_i_1/O[2]
                         net (fo=1, unplaced)         0.026     3.557    grp_dense_latency_ap_fixed_16_6_5_3_0_ap_fixed_16_6_5_3_0_config2_s_fu_73/add_ln58_104_fu_715_p2[10]
                         FDRE                                         r  grp_dense_latency_ap_fixed_16_6_5_3_0_ap_fixed_16_6_5_3_0_config2_s_fu_73/add_ln58_104_reg_1017_reg[10]/D
  -------------------------------------------------------------------    -------------------

                         (clock ap_clk rise edge)     0.000     0.000 r  
                                                      0.000     0.000 r  ap_clk (IN)
                         net (fo=2474, unset)         0.021     0.021    grp_dense_latency_ap_fixed_16_6_5_3_0_ap_fixed_16_6_5_3_0_config2_s_fu_73/ap_clk
                         FDRE                                         r  grp_dense_latency_ap_fixed_16_6_5_3_0_ap_fixed_16_6_5_3_0_config2_s_fu_73/add_ln58_104_reg_1017_reg[10]/C

Slack:                    inf
  Source:                 features[8]
                            (input port)
  Destination:            grp_dense_latency_ap_fixed_16_6_5_3_0_ap_fixed_16_6_5_3_0_config2_s_fu_73/add_ln58_104_reg_1017_reg[8]/D
                            (rising edge-triggered cell FDRE clocked by ap_clk  {rise@0.000ns fall@5.000ns period=10.000ns})
  Path Group:             (none)
  Path Type:              Setup (Max at Slow Process Corner)
  Data Path Delay:        3.545ns  (logic 2.225ns (62.764%)  route 1.320ns (37.236%))
  Logic Levels:           15  (CARRY8=3 DSP_A_B_DATA=1 DSP_ALU=1 DSP_M_DATA=1 DSP_MULTIPLIER=1 DSP_OUTPUT=1 DSP_PREADD_DATA=1 LUT1=1 LUT3=1 LUT5=1 LUT6=3)
  Clock Path Skew:        0.021ns (DCD - SCD + CPR)
    Destination Clock Delay (DCD):    0.021ns
    Source Clock Delay      (SCD):    0.000ns
    Clock Pessimism Removal (CPR):    0.000ns
  Clock Uncertainty:      0.025ns  ((TSJ^2 + TIJ^2)^1/2 + DJ) / 2 + PE
    Total System Jitter     (TSJ):    0.050ns
    Total Input Jitter      (TIJ):    0.000ns
    Discrete Jitter          (DJ):    0.000ns
    Phase Error              (PE):    0.000ns

    Location             Delay type                Incr(ns)  Path(ns)    Netlist Resource(s)
  -------------------------------------------------------------------    -------------------
                                                      0.000     0.000 f  features[8] (IN)
                         net (fo=2, unset)            0.000     0.000    grp_dense_latency_ap_fixed_16_6_5_3_0_ap_fixed_16_6_5_3_0_config2_s_fu_73/mul_16s_12s_26_1_1_U1/features[8]
                         LUT3 (Prop_LUT3_I0_O)        0.090     0.090 f  grp_dense_latency_ap_fixed_16_6_5_3_0_ap_fixed_16_6_5_3_0_config2_s_fu_73/mul_16s_12s_26_1_1_U1/a_reg_831[8]_i_1/O
                         net (fo=2, unplaced)         0.141     0.231    grp_dense_latency_ap_fixed_16_6_5_3_0_ap_fixed_16_6_5_3_0_config2_s_fu_73/mul_16s_12s_26_1_1_U1/D[8]
                         LUT6 (Prop_LUT6_I1_O)        0.100     0.331 f  grp_dense_latency_ap_fixed_16_6_5_3_0_ap_fixed_16_6_5_3_0_config2_s_fu_73/mul_16s_12s_26_1_1_U1/tmp_product_i_58/O
                         net (fo=1, unplaced)         0.186     0.517    grp_dense_latency_ap_fixed_16_6_5_3_0_ap_fixed_16_6_5_3_0_config2_s_fu_73/mul_16s_12s_26_1_1_U1/tmp_product_i_58_n_0
                         LUT6 (Prop_LUT6_I5_O)        0.038     0.555 f  grp_dense_latency_ap_fixed_16_6_5_3_0_ap_fixed_16_6_5_3_0_config2_s_fu_73/mul_16s_12s_26_1_1_U1/tmp_product_i_19/O
                         net (fo=1, unplaced)         0.228     0.783    grp_dense_latency_ap_fixed_16_6_5_3_0_ap_fixed_16_6_5_3_0_config2_s_fu_73/mul_16s_12s_26_1_1_U1/tmp_product/A[8]
                         DSP_A_B_DATA (Prop_DSP_A_B_DATA_A[8]_A2_DATA[8])
                                                      0.192     0.975 r  grp_dense_latency_ap_fixed_16_6_5_3_0_ap_fixed_16_6_5_3_0_config2_s_fu_73/mul_16s_12s_26_1_1_U1/tmp_product/DSP_A_B_DATA_INST/A2_DATA[8]
                         net (fo=1, unplaced)         0.000     0.975    grp_dense_latency_ap_fixed_16_6_5_3_0_ap_fixed_16_6_5_3_0_config2_s_fu_73/mul_16s_12s_26_1_1_U1/tmp_product/DSP_A_B_DATA.A2_DATA<8>
                         DSP_PREADD_DATA (Prop_DSP_PREADD_DATA_A2_DATA[8]_A2A1[8])
                                                      0.076     1.051 r  grp_dense_latency_ap_fixed_16_6_5_3_0_ap_fixed_16_6_5_3_0_config2_s_fu_73/mul_16s_12s_26_1_1_U1/tmp_product/DSP_PREADD_DATA_INST/A2A1[8]
                         net (fo=1, unplaced)         0.000     1.051    grp_dense_latency_ap_fixed_16_6_5_3_0_ap_fixed_16_6_5_3_0_config2_s_fu_73/mul_16s_12s_26_1_1_U1/tmp_product/DSP_PREADD_DATA.A2A1<8>
                         DSP_MULTIPLIER (Prop_DSP_MULTIPLIER_A2A1[8]_U[13])
                                                      0.505     1.556 f  grp_dense_latency_ap_fixed_16_6_5_3_0_ap_fixed_16_6_5_3_0_config2_s_fu_73/mul_16s_12s_26_1_1_U1/tmp_product/DSP_MULTIPLIER_INST/U[13]
                         net (fo=1, unplaced)         0.000     1.556    grp_dense_latency_ap_fixed_16_6_5_3_0_ap_fixed_16_6_5_3_0_config2_s_fu_73/mul_16s_12s_26_1_1_U1/tmp_product/DSP_MULTIPLIER.U<13>
                         DSP_M_DATA (Prop_DSP_M_DATA_U[13]_U_DATA[13])
                                                      0.047     1.603 r  grp_dense_latency_ap_fixed_16_6_5_3_0_ap_fixed_16_6_5_3_0_config2_s_fu_73/mul_16s_12s_26_1_1_U1/tmp_product/DSP_M_DATA_INST/U_DATA[13]
                         net (fo=1, unplaced)         0.000     1.603    grp_dense_latency_ap_fixed_16_6_5_3_0_ap_fixed_16_6_5_3_0_config2_s_fu_73/mul_16s_12s_26_1_1_U1/tmp_product/DSP_M_DATA.U_DATA<13>
                         DSP_ALU (Prop_DSP_ALU_U_DATA[13]_ALU_OUT[13])
                                                      0.585     2.188 r  grp_dense_latency_ap_fixed_16_6_5_3_0_ap_fixed_16_6_5_3_0_config2_s_fu_73/mul_16s_12s_26_1_1_U1/tmp_product/DSP_ALU_INST/ALU_OUT[13]
                         net (fo=1, unplaced)         0.000     2.188    grp_dense_latency_ap_fixed_16_6_5_3_0_ap_fixed_16_6_5_3_0_config2_s_fu_73/mul_16s_12s_26_1_1_U1/tmp_product/DSP_ALU.ALU_OUT<13>
                         DSP_OUTPUT (Prop_DSP_OUTPUT_ALU_OUT[13]_P[13])
                                                      0.109     2.297 f  grp_dense_latency_ap_fixed_16_6_5_3_0_ap_fixed_16_6_5_3_0_config2_s_fu_73/mul_16s_12s_26_1_1_U1/tmp_product/DSP_OUTPUT_INST/P[13]
                         net (fo=24, unplaced)        0.304     2.601    grp_dense_latency_ap_fixed_16_6_5_3_0_ap_fixed_16_6_5_3_0_config2_s_fu_73/mul_16s_12s_26_1_1_U1/P[3]
                         LUT1 (Prop_LUT1_I0_O)        0.037     2.638 r  grp_dense_latency_ap_fixed_16_6_5_3_0_ap_fixed_16_6_5_3_0_config2_s_fu_73/mul_16s_12s_26_1_1_U1/add_ln58_104_reg_1017[7]_i_25/O
                         net (fo=1, unplaced)         0.032     2.670    grp_dense_latency_ap_fixed_16_6_5_3_0_ap_fixed_16_6_5_3_0_config2_s_fu_73/mul_16s_12s_26_1_1_U1/add_ln58_104_reg_1017[7]_i_25_n_0
                         CARRY8 (Prop_CARRY8_S[3]_O[4])
                                                      0.149     2.819 r  grp_dense_latency_ap_fixed_16_6_5_3_0_ap_fixed_16_6_5_3_0_config2_s_fu_73/mul_16s_12s_26_1_1_U1/add_ln58_104_reg_1017_reg[7]_i_9/O[4]
                         net (fo=2, unplaced)         0.184     3.003    grp_dense_latency_ap_fixed_16_6_5_3_0_ap_fixed_16_6_5_3_0_config2_s_fu_73/mul_16s_12s_26_1_1_U1/sext_ln58_6_fu_706_p1[4]
                         LUT5 (Prop_LUT5_I3_O)        0.038     3.041 r  grp_dense_latency_ap_fixed_16_6_5_3_0_ap_fixed_16_6_5_3_0_config2_s_fu_73/mul_16s_12s_26_1_1_U1/add_ln58_104_reg_1017[7]_i_4/O
                         net (fo=2, unplaced)         0.186     3.227    grp_dense_latency_ap_fixed_16_6_5_3_0_ap_fixed_16_6_5_3_0_config2_s_fu_73/mul_16s_12s_26_1_1_U1/add_ln58_104_reg_1017[7]_i_4_n_0
                         LUT6 (Prop_LUT6_I0_O)        0.037     3.264 r  grp_dense_latency_ap_fixed_16_6_5_3_0_ap_fixed_16_6_5_3_0_config2_s_fu_73/mul_16s_12s_26_1_1_U1/add_ln58_104_reg_1017[7]_i_12/O
                         net (fo=1, unplaced)         0.029     3.293    grp_dense_latency_ap_fixed_16_6_5_3_0_ap_fixed_16_6_5_3_0_config2_s_fu_73/mul_16s_12s_26_1_1_U1/add_ln58_104_reg_1017[7]_i_12_n_0
                         CARRY8 (Prop_CARRY8_S[5]_CO[7])
                                                      0.166     3.459 r  grp_dense_latency_ap_fixed_16_6_5_3_0_ap_fixed_16_6_5_3_0_config2_s_fu_73/mul_16s_12s_26_1_1_U1/add_ln58_104_reg_1017_reg[7]_i_1/CO[7]
                         net (fo=1, unplaced)         0.005     3.464    grp_dense_latency_ap_fixed_16_6_5_3_0_ap_fixed_16_6_5_3_0_config2_s_fu_73/mul_16s_12s_26_1_1_U1/add_ln58_104_reg_1017_reg[7]_i_1_n_0
                         CARRY8 (Prop_CARRY8_CI_O[0])
                                                      0.056     3.520 r  grp_dense_latency_ap_fixed_16_6_5_3_0_ap_fixed_16_6_5_3_0_config2_s_fu_73/mul_16s_12s_26_1_1_U1/add_ln58_104_reg_1017_reg[15]_i_1/O[0]
                         net (fo=1, unplaced)         0.025     3.545    grp_dense_latency_ap_fixed_16_6_5_3_0_ap_fixed_16_6_5_3_0_config2_s_fu_73/add_ln58_104_fu_715_p2[8]
                         FDRE                                         r  grp_dense_latency_ap_fixed_16_6_5_3_0_ap_fixed_16_6_5_3_0_config2_s_fu_73/add_ln58_104_reg_1017_reg[8]/D
  -------------------------------------------------------------------    -------------------

                         (clock ap_clk rise edge)     0.000     0.000 r  
                                                      0.000     0.000 r  ap_clk (IN)
                         net (fo=2474, unset)         0.021     0.021    grp_dense_latency_ap_fixed_16_6_5_3_0_ap_fixed_16_6_5_3_0_config2_s_fu_73/ap_clk
                         FDRE                                         r  grp_dense_latency_ap_fixed_16_6_5_3_0_ap_fixed_16_6_5_3_0_config2_s_fu_73/add_ln58_104_reg_1017_reg[8]/C

Slack:                    inf
  Source:                 features[15]
                            (input port)
  Destination:            grp_dense_latency_ap_fixed_16_6_5_3_0_ap_fixed_16_6_5_3_0_config2_s_fu_73/add_ln58_89_reg_997_reg[15]/D
                            (rising edge-triggered cell FDRE clocked by ap_clk  {rise@0.000ns fall@5.000ns period=10.000ns})
  Path Group:             (none)
  Path Type:              Setup (Max at Slow Process Corner)
  Data Path Delay:        3.518ns  (logic 2.279ns (64.781%)  route 1.239ns (35.219%))
  Logic Levels:           13  (CARRY8=1 DSP_A_B_DATA=1 DSP_ALU=1 DSP_M_DATA=1 DSP_MULTIPLIER=1 DSP_OUTPUT=1 DSP_PREADD_DATA=1 LUT3=2 LUT6=4)
  Clock Path Skew:        0.021ns (DCD - SCD + CPR)
    Destination Clock Delay (DCD):    0.021ns
    Source Clock Delay      (SCD):    0.000ns
    Clock Pessimism Removal (CPR):    0.000ns
  Clock Uncertainty:      0.025ns  ((TSJ^2 + TIJ^2)^1/2 + DJ) / 2 + PE
    Total System Jitter     (TSJ):    0.050ns
    Total Input Jitter      (TIJ):    0.000ns
    Discrete Jitter          (DJ):    0.000ns
    Phase Error              (PE):    0.000ns

    Location             Delay type                Incr(ns)  Path(ns)    Netlist Resource(s)
  -------------------------------------------------------------------    -------------------
                                                      0.000     0.000 f  features[15] (IN)
                         net (fo=2, unset)            0.000     0.000    grp_dense_latency_ap_fixed_16_6_5_3_0_ap_fixed_16_6_5_3_0_config2_s_fu_73/mul_16s_12s_26_1_1_U1/features[15]
                         LUT3 (Prop_LUT3_I0_O)        0.112     0.112 f  grp_dense_latency_ap_fixed_16_6_5_3_0_ap_fixed_16_6_5_3_0_config2_s_fu_73/mul_16s_12s_26_1_1_U1/a_reg_831[15]_i_1/O
                         net (fo=2, unplaced)         0.141     0.253    grp_dense_latency_ap_fixed_16_6_5_3_0_ap_fixed_16_6_5_3_0_config2_s_fu_73/mul_16s_12s_26_1_1_U1/D[15]
                         LUT6 (Prop_LUT6_I1_O)        0.100     0.353 f  grp_dense_latency_ap_fixed_16_6_5_3_0_ap_fixed_16_6_5_3_0_config2_s_fu_73/mul_16s_12s_26_1_1_U1/tmp_product_i_44/O
                         net (fo=1, unplaced)         0.186     0.539    grp_dense_latency_ap_fixed_16_6_5_3_0_ap_fixed_16_6_5_3_0_config2_s_fu_73/mul_16s_12s_26_1_1_U1/tmp_product_i_44_n_0
                         LUT6 (Prop_LUT6_I5_O)        0.038     0.577 f  grp_dense_latency_ap_fixed_16_6_5_3_0_ap_fixed_16_6_5_3_0_config2_s_fu_73/mul_16s_12s_26_1_1_U1/tmp_product_i_12/O
                         net (fo=15, unplaced)        0.262     0.839    grp_dense_latency_ap_fixed_16_6_5_3_0_ap_fixed_16_6_5_3_0_config2_s_fu_73/mul_16s_12s_26_1_1_U1/tmp_product/A[16]
                         DSP_A_B_DATA (Prop_DSP_A_B_DATA_A[16]_A2_DATA[16])
                                                      0.192     1.031 r  grp_dense_latency_ap_fixed_16_6_5_3_0_ap_fixed_16_6_5_3_0_config2_s_fu_73/mul_16s_12s_26_1_1_U1/tmp_product/DSP_A_B_DATA_INST/A2_DATA[16]
                         net (fo=1, unplaced)         0.000     1.031    grp_dense_latency_ap_fixed_16_6_5_3_0_ap_fixed_16_6_5_3_0_config2_s_fu_73/mul_16s_12s_26_1_1_U1/tmp_product/DSP_A_B_DATA.A2_DATA<16>
                         DSP_PREADD_DATA (Prop_DSP_PREADD_DATA_A2_DATA[16]_A2A1[16])
                                                      0.076     1.107 r  grp_dense_latency_ap_fixed_16_6_5_3_0_ap_fixed_16_6_5_3_0_config2_s_fu_73/mul_16s_12s_26_1_1_U1/tmp_product/DSP_PREADD_DATA_INST/A2A1[16]
                         net (fo=1, unplaced)         0.000     1.107    grp_dense_latency_ap_fixed_16_6_5_3_0_ap_fixed_16_6_5_3_0_config2_s_fu_73/mul_16s_12s_26_1_1_U1/tmp_product/DSP_PREADD_DATA.A2A1<16>
                         DSP_MULTIPLIER (Prop_DSP_MULTIPLIER_A2A1[16]_U[17])
                                                      0.505     1.612 f  grp_dense_latency_ap_fixed_16_6_5_3_0_ap_fixed_16_6_5_3_0_config2_s_fu_73/mul_16s_12s_26_1_1_U1/tmp_product/DSP_MULTIPLIER_INST/U[17]
                         net (fo=1, unplaced)         0.000     1.612    grp_dense_latency_ap_fixed_16_6_5_3_0_ap_fixed_16_6_5_3_0_config2_s_fu_73/mul_16s_12s_26_1_1_U1/tmp_product/DSP_MULTIPLIER.U<17>
                         DSP_M_DATA (Prop_DSP_M_DATA_U[17]_U_DATA[17])
                                                      0.047     1.659 r  grp_dense_latency_ap_fixed_16_6_5_3_0_ap_fixed_16_6_5_3_0_config2_s_fu_73/mul_16s_12s_26_1_1_U1/tmp_product/DSP_M_DATA_INST/U_DATA[17]
                         net (fo=1, unplaced)         0.000     1.659    grp_dense_latency_ap_fixed_16_6_5_3_0_ap_fixed_16_6_5_3_0_config2_s_fu_73/mul_16s_12s_26_1_1_U1/tmp_product/DSP_M_DATA.U_DATA<17>
                         DSP_ALU (Prop_DSP_ALU_U_DATA[17]_ALU_OUT[17])
                                                      0.585     2.244 f  grp_dense_latency_ap_fixed_16_6_5_3_0_ap_fixed_16_6_5_3_0_config2_s_fu_73/mul_16s_12s_26_1_1_U1/tmp_product/DSP_ALU_INST/ALU_OUT[17]
                         net (fo=1, unplaced)         0.000     2.244    grp_dense_latency_ap_fixed_16_6_5_3_0_ap_fixed_16_6_5_3_0_config2_s_fu_73/mul_16s_12s_26_1_1_U1/tmp_product/DSP_ALU.ALU_OUT<17>
                         DSP_OUTPUT (Prop_DSP_OUTPUT_ALU_OUT[17]_P[17])
                                                      0.109     2.353 r  grp_dense_latency_ap_fixed_16_6_5_3_0_ap_fixed_16_6_5_3_0_config2_s_fu_73/mul_16s_12s_26_1_1_U1/tmp_product/DSP_OUTPUT_INST/P[17]
                         net (fo=22, unplaced)        0.275     2.628    grp_dense_latency_ap_fixed_16_6_5_3_0_ap_fixed_16_6_5_3_0_config2_s_fu_73/mul_16s_12s_26_1_1_U1/P[7]
                         LUT6 (Prop_LUT6_I0_O)        0.150     2.778 r  grp_dense_latency_ap_fixed_16_6_5_3_0_ap_fixed_16_6_5_3_0_config2_s_fu_73/mul_16s_12s_26_1_1_U1/add_ln58_89_reg_997[15]_i_28/O
                         net (fo=1, unplaced)         0.186     2.964    grp_dense_latency_ap_fixed_16_6_5_3_0_ap_fixed_16_6_5_3_0_config2_s_fu_73/mul_16s_12s_26_1_1_U1/add_ln58_89_reg_997[15]_i_28_n_0
                         LUT6 (Prop_LUT6_I5_O)        0.038     3.002 r  grp_dense_latency_ap_fixed_16_6_5_3_0_ap_fixed_16_6_5_3_0_config2_s_fu_73/mul_16s_12s_26_1_1_U1/add_ln58_89_reg_997[15]_i_7/O
                         net (fo=2, unplaced)         0.140     3.142    grp_dense_latency_ap_fixed_16_6_5_3_0_ap_fixed_16_6_5_3_0_config2_s_fu_73/mul_16s_12s_26_1_1_U1/add_ln58_89_reg_997[15]_i_7_n_0
                         LUT3 (Prop_LUT3_I0_O)        0.089     3.231 r  grp_dense_latency_ap_fixed_16_6_5_3_0_ap_fixed_16_6_5_3_0_config2_s_fu_73/mul_16s_12s_26_1_1_U1/add_ln58_89_reg_997[15]_i_15/O
                         net (fo=1, unplaced)         0.023     3.254    grp_dense_latency_ap_fixed_16_6_5_3_0_ap_fixed_16_6_5_3_0_config2_s_fu_73/mul_16s_12s_26_1_1_U1/add_ln58_89_reg_997[15]_i_15_n_0
                         CARRY8 (Prop_CARRY8_S[1]_O[7])
                                                      0.238     3.492 r  grp_dense_latency_ap_fixed_16_6_5_3_0_ap_fixed_16_6_5_3_0_config2_s_fu_73/mul_16s_12s_26_1_1_U1/add_ln58_89_reg_997_reg[15]_i_1/O[7]
                         net (fo=1, unplaced)         0.026     3.518    grp_dense_latency_ap_fixed_16_6_5_3_0_ap_fixed_16_6_5_3_0_config2_s_fu_73/add_ln58_89_fu_553_p2[15]
                         FDRE                                         r  grp_dense_latency_ap_fixed_16_6_5_3_0_ap_fixed_16_6_5_3_0_config2_s_fu_73/add_ln58_89_reg_997_reg[15]/D
  -------------------------------------------------------------------    -------------------

                         (clock ap_clk rise edge)     0.000     0.000 r  
                                                      0.000     0.000 r  ap_clk (IN)
                         net (fo=2474, unset)         0.021     0.021    grp_dense_latency_ap_fixed_16_6_5_3_0_ap_fixed_16_6_5_3_0_config2_s_fu_73/ap_clk
                         FDRE                                         r  grp_dense_latency_ap_fixed_16_6_5_3_0_ap_fixed_16_6_5_3_0_config2_s_fu_73/add_ln58_89_reg_997_reg[15]/C

Slack:                    inf
  Source:                 features[15]
                            (input port)
  Destination:            grp_dense_latency_ap_fixed_16_6_5_3_0_ap_fixed_16_6_5_3_0_config2_s_fu_73/add_ln58_89_reg_997_reg[13]/D
                            (rising edge-triggered cell FDRE clocked by ap_clk  {rise@0.000ns fall@5.000ns period=10.000ns})
  Path Group:             (none)
  Path Type:              Setup (Max at Slow Process Corner)
  Data Path Delay:        3.516ns  (logic 2.278ns (64.790%)  route 1.238ns (35.210%))
  Logic Levels:           13  (CARRY8=1 DSP_A_B_DATA=1 DSP_ALU=1 DSP_M_DATA=1 DSP_MULTIPLIER=1 DSP_OUTPUT=1 DSP_PREADD_DATA=1 LUT3=2 LUT6=4)
  Clock Path Skew:        0.021ns (DCD - SCD + CPR)
    Destination Clock Delay (DCD):    0.021ns
    Source Clock Delay      (SCD):    0.000ns
    Clock Pessimism Removal (CPR):    0.000ns
  Clock Uncertainty:      0.025ns  ((TSJ^2 + TIJ^2)^1/2 + DJ) / 2 + PE
    Total System Jitter     (TSJ):    0.050ns
    Total Input Jitter      (TIJ):    0.000ns
    Discrete Jitter          (DJ):    0.000ns
    Phase Error              (PE):    0.000ns

    Location             Delay type                Incr(ns)  Path(ns)    Netlist Resource(s)
  -------------------------------------------------------------------    -------------------
                                                      0.000     0.000 f  features[15] (IN)
                         net (fo=2, unset)            0.000     0.000    grp_dense_latency_ap_fixed_16_6_5_3_0_ap_fixed_16_6_5_3_0_config2_s_fu_73/mul_16s_12s_26_1_1_U1/features[15]
                         LUT3 (Prop_LUT3_I0_O)        0.112     0.112 f  grp_dense_latency_ap_fixed_16_6_5_3_0_ap_fixed_16_6_5_3_0_config2_s_fu_73/mul_16s_12s_26_1_1_U1/a_reg_831[15]_i_1/O
                         net (fo=2, unplaced)         0.141     0.253    grp_dense_latency_ap_fixed_16_6_5_3_0_ap_fixed_16_6_5_3_0_config2_s_fu_73/mul_16s_12s_26_1_1_U1/D[15]
                         LUT6 (Prop_LUT6_I1_O)        0.100     0.353 f  grp_dense_latency_ap_fixed_16_6_5_3_0_ap_fixed_16_6_5_3_0_config2_s_fu_73/mul_16s_12s_26_1_1_U1/tmp_product_i_44/O
                         net (fo=1, unplaced)         0.186     0.539    grp_dense_latency_ap_fixed_16_6_5_3_0_ap_fixed_16_6_5_3_0_config2_s_fu_73/mul_16s_12s_26_1_1_U1/tmp_product_i_44_n_0
                         LUT6 (Prop_LUT6_I5_O)        0.038     0.577 f  grp_dense_latency_ap_fixed_16_6_5_3_0_ap_fixed_16_6_5_3_0_config2_s_fu_73/mul_16s_12s_26_1_1_U1/tmp_product_i_12/O
                         net (fo=15, unplaced)        0.262     0.839    grp_dense_latency_ap_fixed_16_6_5_3_0_ap_fixed_16_6_5_3_0_config2_s_fu_73/mul_16s_12s_26_1_1_U1/tmp_product/A[16]
                         DSP_A_B_DATA (Prop_DSP_A_B_DATA_A[16]_A2_DATA[16])
                                                      0.192     1.031 r  grp_dense_latency_ap_fixed_16_6_5_3_0_ap_fixed_16_6_5_3_0_config2_s_fu_73/mul_16s_12s_26_1_1_U1/tmp_product/DSP_A_B_DATA_INST/A2_DATA[16]
                         net (fo=1, unplaced)         0.000     1.031    grp_dense_latency_ap_fixed_16_6_5_3_0_ap_fixed_16_6_5_3_0_config2_s_fu_73/mul_16s_12s_26_1_1_U1/tmp_product/DSP_A_B_DATA.A2_DATA<16>
                         DSP_PREADD_DATA (Prop_DSP_PREADD_DATA_A2_DATA[16]_A2A1[16])
                                                      0.076     1.107 r  grp_dense_latency_ap_fixed_16_6_5_3_0_ap_fixed_16_6_5_3_0_config2_s_fu_73/mul_16s_12s_26_1_1_U1/tmp_product/DSP_PREADD_DATA_INST/A2A1[16]
                         net (fo=1, unplaced)         0.000     1.107    grp_dense_latency_ap_fixed_16_6_5_3_0_ap_fixed_16_6_5_3_0_config2_s_fu_73/mul_16s_12s_26_1_1_U1/tmp_product/DSP_PREADD_DATA.A2A1<16>
                         DSP_MULTIPLIER (Prop_DSP_MULTIPLIER_A2A1[16]_U[17])
                                                      0.505     1.612 f  grp_dense_latency_ap_fixed_16_6_5_3_0_ap_fixed_16_6_5_3_0_config2_s_fu_73/mul_16s_12s_26_1_1_U1/tmp_product/DSP_MULTIPLIER_INST/U[17]
                         net (fo=1, unplaced)         0.000     1.612    grp_dense_latency_ap_fixed_16_6_5_3_0_ap_fixed_16_6_5_3_0_config2_s_fu_73/mul_16s_12s_26_1_1_U1/tmp_product/DSP_MULTIPLIER.U<17>
                         DSP_M_DATA (Prop_DSP_M_DATA_U[17]_U_DATA[17])
                                                      0.047     1.659 r  grp_dense_latency_ap_fixed_16_6_5_3_0_ap_fixed_16_6_5_3_0_config2_s_fu_73/mul_16s_12s_26_1_1_U1/tmp_product/DSP_M_DATA_INST/U_DATA[17]
                         net (fo=1, unplaced)         0.000     1.659    grp_dense_latency_ap_fixed_16_6_5_3_0_ap_fixed_16_6_5_3_0_config2_s_fu_73/mul_16s_12s_26_1_1_U1/tmp_product/DSP_M_DATA.U_DATA<17>
                         DSP_ALU (Prop_DSP_ALU_U_DATA[17]_ALU_OUT[17])
                                                      0.585     2.244 f  grp_dense_latency_ap_fixed_16_6_5_3_0_ap_fixed_16_6_5_3_0_config2_s_fu_73/mul_16s_12s_26_1_1_U1/tmp_product/DSP_ALU_INST/ALU_OUT[17]
                         net (fo=1, unplaced)         0.000     2.244    grp_dense_latency_ap_fixed_16_6_5_3_0_ap_fixed_16_6_5_3_0_config2_s_fu_73/mul_16s_12s_26_1_1_U1/tmp_product/DSP_ALU.ALU_OUT<17>
                         DSP_OUTPUT (Prop_DSP_OUTPUT_ALU_OUT[17]_P[17])
                                                      0.109     2.353 r  grp_dense_latency_ap_fixed_16_6_5_3_0_ap_fixed_16_6_5_3_0_config2_s_fu_73/mul_16s_12s_26_1_1_U1/tmp_product/DSP_OUTPUT_INST/P[17]
                         net (fo=22, unplaced)        0.275     2.628    grp_dense_latency_ap_fixed_16_6_5_3_0_ap_fixed_16_6_5_3_0_config2_s_fu_73/mul_16s_12s_26_1_1_U1/P[7]
                         LUT6 (Prop_LUT6_I0_O)        0.150     2.778 r  grp_dense_latency_ap_fixed_16_6_5_3_0_ap_fixed_16_6_5_3_0_config2_s_fu_73/mul_16s_12s_26_1_1_U1/add_ln58_89_reg_997[15]_i_28/O
                         net (fo=1, unplaced)         0.186     2.964    grp_dense_latency_ap_fixed_16_6_5_3_0_ap_fixed_16_6_5_3_0_config2_s_fu_73/mul_16s_12s_26_1_1_U1/add_ln58_89_reg_997[15]_i_28_n_0
                         LUT6 (Prop_LUT6_I5_O)        0.038     3.002 r  grp_dense_latency_ap_fixed_16_6_5_3_0_ap_fixed_16_6_5_3_0_config2_s_fu_73/mul_16s_12s_26_1_1_U1/add_ln58_89_reg_997[15]_i_7/O
                         net (fo=2, unplaced)         0.140     3.142    grp_dense_latency_ap_fixed_16_6_5_3_0_ap_fixed_16_6_5_3_0_config2_s_fu_73/mul_16s_12s_26_1_1_U1/add_ln58_89_reg_997[15]_i_7_n_0
                         LUT3 (Prop_LUT3_I0_O)        0.089     3.231 r  grp_dense_latency_ap_fixed_16_6_5_3_0_ap_fixed_16_6_5_3_0_config2_s_fu_73/mul_16s_12s_26_1_1_U1/add_ln58_89_reg_997[15]_i_15/O
                         net (fo=1, unplaced)         0.023     3.254    grp_dense_latency_ap_fixed_16_6_5_3_0_ap_fixed_16_6_5_3_0_config2_s_fu_73/mul_16s_12s_26_1_1_U1/add_ln58_89_reg_997[15]_i_15_n_0
                         CARRY8 (Prop_CARRY8_S[1]_O[5])
                                                      0.237     3.491 r  grp_dense_latency_ap_fixed_16_6_5_3_0_ap_fixed_16_6_5_3_0_config2_s_fu_73/mul_16s_12s_26_1_1_U1/add_ln58_89_reg_997_reg[15]_i_1/O[5]
                         net (fo=1, unplaced)         0.025     3.516    grp_dense_latency_ap_fixed_16_6_5_3_0_ap_fixed_16_6_5_3_0_config2_s_fu_73/add_ln58_89_fu_553_p2[13]
                         FDRE                                         r  grp_dense_latency_ap_fixed_16_6_5_3_0_ap_fixed_16_6_5_3_0_config2_s_fu_73/add_ln58_89_reg_997_reg[13]/D
  -------------------------------------------------------------------    -------------------

                         (clock ap_clk rise edge)     0.000     0.000 r  
                                                      0.000     0.000 r  ap_clk (IN)
                         net (fo=2474, unset)         0.021     0.021    grp_dense_latency_ap_fixed_16_6_5_3_0_ap_fixed_16_6_5_3_0_config2_s_fu_73/ap_clk
                         FDRE                                         r  grp_dense_latency_ap_fixed_16_6_5_3_0_ap_fixed_16_6_5_3_0_config2_s_fu_73/add_ln58_89_reg_997_reg[13]/C





