Copyright 1986-2022 Xilinx, Inc. All Rights Reserved. Copyright 2022-2024 Advanced Micro Devices, Inc. All Rights Reserved.
------------------------------------------------------------------------------------------------------------------------------------------------------------------------------------------------------------------------------------
| Tool Version      : Vivado v.2024.2 (lin64) Build 5239630 Fri Nov 08 22:34:34 MST 2024
| Date              : Thu Sep  3 14:55:09 2026
| Host              : ubuntu running 64-bit Ubuntu 24.04.3 LTS
| Command           : report_timing_summary -delay_type min_max -max_paths 10 -report_unconstrained -file {/home/miguel/Downloads/Plano testes TCC/MLP/hls4ml/mlp_iris_apfixed16_6_rf1_100mhz/reports/vivado/timing_post_route.rpt}
| Design            : mlp_iris
| Device            : xczu7ev-ffvc1156
| Speed File        : -2  PRODUCTION 1.30 05-15-2022
| Design State      : Routed
| Temperature Grade : E
------------------------------------------------------------------------------------------------------------------------------------------------------------------------------------------------------------------------------------

Timing Summary Report

------------------------------------------------------------------------------------------------
| Timer Settings
| --------------
------------------------------------------------------------------------------------------------

  Enable Multi Corner Analysis               :  Yes
  Enable Pessimism Removal                   :  Yes
  Pessimism Removal Resolution               :  Nearest Common Node
  Enable Input Delay Default Clock           :  No
  Enable Preset / Clear Arcs                 :  No
  Disable Flight Delays                      :  No
  Ignore I/O Paths                           :  No
  Timing Early Launch at Borrowing Latches   :  No
  Borrow Time for Max Delay Exceptions       :  Yes
  Merge Timing Exceptions                    :  Yes
  Inter-SLR Compensation                     :  Conservative

  Corner  Analyze    Analyze    
  Name    Max Paths  Min Paths  
  ------  ---------  ---------  
  Slow    Yes        Yes        
  Fast    Yes        Yes        


------------------------------------------------------------------------------------------------
| Report Methodology
| ------------------
------------------------------------------------------------------------------------------------

No report available as report_methodology has not been run prior. Run report_methodology on the current design for the summary of methodology violations.



check_timing report

Table of Contents
-----------------
1. checking no_clock (0)
2. checking constant_clock (0)
3. checking pulse_width_clock (0)
4. checking unconstrained_internal_endpoints (0)
5. checking no_input_delay (67)
6. checking no_output_delay (54)
7. checking multiple_clock (0)
8. checking generated_clocks (0)
9. checking loops (0)
10. checking partial_input_delay (0)
11. checking partial_output_delay (0)
12. checking latch_loops (0)

1. checking no_clock (0)
------------------------
 There are 0 register/latch pins with no clock.


2. checking constant_clock (0)
------------------------------
 There are 0 register/latch pins with constant_clock.


3. checking pulse_width_clock (0)
---------------------------------
 There are 0 register/latch pins which need pulse_width check


4. checking unconstrained_internal_endpoints (0)
------------------------------------------------
 There are 0 pins that are not constrained for maximum delay.

 There are 0 pins that are not constrained for maximum delay due to constant clock.


5. checking no_input_delay (67)
-------------------------------
 There are 67 input ports with no input delay specified. (HIGH)

 There are 0 input ports with no input delay but user has a false path constraint.


6. checking no_output_delay (54)
--------------------------------
 There are 54 ports with no output delay specified. (HIGH)

 There are 0 ports with no output delay but user has a false path constraint

 There are 0 ports with no output delay but with a timing clock defined on it or propagating through it


7. checking multiple_clock (0)
------------------------------
 There are 0 register/latch pins with multiple clocks.


8. checking generated_clocks (0)
--------------------------------
 There are 0 generated clocks that are not connected to a clock source.


9. checking loops (0)
---------------------
 There are 0 combinational loops in the design.


10. checking partial_input_delay (0)
------------------------------------
 There are 0 input ports with partial input delay specified.


11. checking partial_output_delay (0)
-------------------------------------
 There are 0 ports with partial output delay specified.


12. checking latch_loops (0)
----------------------------
 There are 0 combinational latch loops in the design through latch input



------------------------------------------------------------------------------------------------
| Design Timing Summary
| ---------------------
------------------------------------------------------------------------------------------------

    WNS(ns)      TNS(ns)  TNS Failing Endpoints  TNS Total Endpoints      WHS(ns)      THS(ns)  THS Failing Endpoints  THS Total Endpoints     WPWS(ns)     TPWS(ns)  TPWS Failing Endpoints  TPWS Total Endpoints  
    -------      -------  ---------------------  -------------------      -------      -------  ---------------------  -------------------     --------     --------  ----------------------  --------------------  
      2.886        0.000                      0                  695        0.064        0.000                      0                  695        4.458        0.000                       0                   381  


All user specified timing constraints are met.


------------------------------------------------------------------------------------------------
| Clock Summary
| -------------
------------------------------------------------------------------------------------------------

Clock   Waveform(ns)       Period(ns)      Frequency(MHz)
-----   ------------       ----------      --------------
ap_clk  {0.000 5.000}      10.000          100.000         


------------------------------------------------------------------------------------------------
| Intra Clock Table
| -----------------
------------------------------------------------------------------------------------------------

Clock             WNS(ns)      TNS(ns)  TNS Failing Endpoints  TNS Total Endpoints      WHS(ns)      THS(ns)  THS Failing Endpoints  THS Total Endpoints     WPWS(ns)     TPWS(ns)  TPWS Failing Endpoints  TPWS Total Endpoints  
-----             -------      -------  ---------------------  -------------------      -------      -------  ---------------------  -------------------     --------     --------  ----------------------  --------------------  
ap_clk              2.886        0.000                      0                  695        0.064        0.000                      0                  695        4.458        0.000                       0                   381  


------------------------------------------------------------------------------------------------
| Inter Clock Table
| -----------------
------------------------------------------------------------------------------------------------

From Clock    To Clock          WNS(ns)      TNS(ns)  TNS Failing Endpoints  TNS Total Endpoints      WHS(ns)      THS(ns)  THS Failing Endpoints  THS Total Endpoints  
----------    --------          -------      -------  ---------------------  -------------------      -------      -------  ---------------------  -------------------  


------------------------------------------------------------------------------------------------
| Other Path Groups Table
| -----------------------
------------------------------------------------------------------------------------------------

Path Group    From Clock    To Clock          WNS(ns)      TNS(ns)  TNS Failing Endpoints  TNS Total Endpoints      WHS(ns)      THS(ns)  THS Failing Endpoints  THS Total Endpoints  
----------    ----------    --------          -------      -------  ---------------------  -------------------      -------      -------  ---------------------  -------------------  


------------------------------------------------------------------------------------------------
| User Ignored Path Table
| -----------------------
------------------------------------------------------------------------------------------------

Path Group    From Clock    To Clock    
----------    ----------    --------    


------------------------------------------------------------------------------------------------
| Unconstrained Path Table
| ------------------------
------------------------------------------------------------------------------------------------

Path Group    From Clock    To Clock    
----------    ----------    --------    
(none)                                    
(none)        ap_clk                      
(none)                      ap_clk        


------------------------------------------------------------------------------------------------
| Timing Details
| --------------
------------------------------------------------------------------------------------------------


---------------------------------------------------------------------------------------------------
From Clock:  ap_clk
  To Clock:  ap_clk

Setup :            0  Failing Endpoints,  Worst Slack        2.886ns,  Total Violation        0.000ns
Hold  :            0  Failing Endpoints,  Worst Slack        0.064ns,  Total Violation        0.000ns
PW    :            0  Failing Endpoints,  Worst Slack        4.458ns,  Total Violation        0.000ns
---------------------------------------------------------------------------------------------------


Max Delay Paths
--------------------------------------------------------------------------------------
Slack (MET) :             2.886ns  (required time - arrival time)
  Source:                 layer2_out_5_reg_334_reg[0]/C
                            (rising edge-triggered cell FDRE clocked by ap_clk  {rise@0.000ns fall@5.000ns period=10.000ns})
  Destination:            layer4_out_reg_349_reg[15]/D
                            (rising edge-triggered cell FDRE clocked by ap_clk  {rise@0.000ns fall@5.000ns period=10.000ns})
  Path Group:             ap_clk
  Path Type:              Setup (Max at Slow Process Corner)
  Requirement:            10.000ns  (ap_clk rise@10.000ns - ap_clk rise@0.000ns)
  Data Path Delay:        7.094ns  (logic 2.864ns (40.374%)  route 4.230ns (59.626%))
  Logic Levels:           16  (CARRY8=3 DSP_A_B_DATA=1 DSP_ALU=1 DSP_M_DATA=1 DSP_MULTIPLIER=1 DSP_OUTPUT=1 DSP_PREADD_DATA=1 LUT2=2 LUT3=1 LUT4=2 LUT6=2)
  Clock Path Skew:        -0.010ns (DCD - SCD + CPR)
    Destination Clock Delay (DCD):    0.020ns = ( 10.020 - 10.000 ) 
    Source Clock Delay      (SCD):    0.030ns
    Clock Pessimism Removal (CPR):    0.000ns
  Clock Uncertainty:      0.035ns  ((TSJ^2 + TIJ^2)^1/2 + DJ) / 2 + PE
    Total System Jitter     (TSJ):    0.071ns
    Total Input Jitter      (TIJ):    0.000ns
    Discrete Jitter          (DJ):    0.000ns
    Phase Error              (PE):    0.000ns

    Location             Delay type                Incr(ns)  Path(ns)    Netlist Resource(s)
  -------------------------------------------------------------------    -------------------
                         (clock ap_clk rise edge)     0.000     0.000 r  
                                                      0.000     0.000 r  ap_clk (IN)
                         net (fo=398, unset)          0.030     0.030    ap_clk
    SLICE_X70Y181        FDRE                                         r  layer2_out_5_reg_334_reg[0]/C
  -------------------------------------------------------------------    -------------------
    SLICE_X70Y181        FDRE (Prop_AFF_SLICEM_C_Q)
                                                      0.077     0.107 f  layer2_out_5_reg_334_reg[0]/Q
                         net (fo=6, routed)           0.156     0.263    call_ret3_dense_latency_ap_fixed_16_6_5_3_0_ap_fixed_16_6_5_3_0_config4_s_fu_91/mul_16s_11s_26_1_1_U91/tmp_product_i_16__4_0[0]
    SLICE_X70Y184        LUT2 (Prop_A6LUT_SLICEM_I0_O)
                                                      0.125     0.388 r  call_ret3_dense_latency_ap_fixed_16_6_5_3_0_ap_fixed_16_6_5_3_0_config4_s_fu_91/mul_16s_11s_26_1_1_U91/tmp_product_i_32__4/O
                         net (fo=1, routed)           0.013     0.401    call_ret3_dense_latency_ap_fixed_16_6_5_3_0_ap_fixed_16_6_5_3_0_config4_s_fu_91/mul_16s_11s_26_1_1_U91/tmp_product_i_32__4_n_0
    SLICE_X70Y184        CARRY8 (Prop_CARRY8_SLICEM_S[0]_CO[7])
                                                      0.199     0.600 f  call_ret3_dense_latency_ap_fixed_16_6_5_3_0_ap_fixed_16_6_5_3_0_config4_s_fu_91/mul_16s_11s_26_1_1_U91/tmp_product_i_16__4/CO[7]
                         net (fo=53, routed)          0.331     0.931    call_ret3_dense_latency_ap_fixed_16_6_5_3_0_ap_fixed_16_6_5_3_0_config4_s_fu_91/mul_16s_11s_26_1_1_U91/CO[0]
    SLICE_X70Y202        LUT2 (Prop_H6LUT_SLICEM_I0_O)
                                                      0.101     1.032 f  call_ret3_dense_latency_ap_fixed_16_6_5_3_0_ap_fixed_16_6_5_3_0_config4_s_fu_91/mul_16s_11s_26_1_1_U91/tmp_product_i_13__8/O
                         net (fo=7, routed)           1.468     2.500    call_ret3_dense_latency_ap_fixed_16_6_5_3_0_ap_fixed_16_6_5_3_0_config4_s_fu_91/mul_16s_8s_24_1_1_U82/tmp_product/A[2]
    DSP48E2_X6Y87        DSP_A_B_DATA (Prop_DSP_A_B_DATA_DSP48E2_A[2]_A2_DATA[2])
                                                      0.192     2.692 r  call_ret3_dense_latency_ap_fixed_16_6_5_3_0_ap_fixed_16_6_5_3_0_config4_s_fu_91/mul_16s_8s_24_1_1_U82/tmp_product/DSP_A_B_DATA_INST/A2_DATA[2]
                         net (fo=1, routed)           0.000     2.692    call_ret3_dense_latency_ap_fixed_16_6_5_3_0_ap_fixed_16_6_5_3_0_config4_s_fu_91/mul_16s_8s_24_1_1_U82/tmp_product/DSP_A_B_DATA.A2_DATA<2>
    DSP48E2_X6Y87        DSP_PREADD_DATA (Prop_DSP_PREADD_DATA_DSP48E2_A2_DATA[2]_A2A1[2])
                                                      0.076     2.768 r  call_ret3_dense_latency_ap_fixed_16_6_5_3_0_ap_fixed_16_6_5_3_0_config4_s_fu_91/mul_16s_8s_24_1_1_U82/tmp_product/DSP_PREADD_DATA_INST/A2A1[2]
                         net (fo=1, routed)           0.000     2.768    call_ret3_dense_latency_ap_fixed_16_6_5_3_0_ap_fixed_16_6_5_3_0_config4_s_fu_91/mul_16s_8s_24_1_1_U82/tmp_product/DSP_PREADD_DATA.A2A1<2>
    DSP48E2_X6Y87        DSP_MULTIPLIER (Prop_DSP_MULTIPLIER_DSP48E2_A2A1[2]_U[17])
                                                      0.505     3.273 f  call_ret3_dense_latency_ap_fixed_16_6_5_3_0_ap_fixed_16_6_5_3_0_config4_s_fu_91/mul_16s_8s_24_1_1_U82/tmp_product/DSP_MULTIPLIER_INST/U[17]
                         net (fo=1, routed)           0.000     3.273    call_ret3_dense_latency_ap_fixed_16_6_5_3_0_ap_fixed_16_6_5_3_0_config4_s_fu_91/mul_16s_8s_24_1_1_U82/tmp_product/DSP_MULTIPLIER.U<17>
    DSP48E2_X6Y87        DSP_M_DATA (Prop_DSP_M_DATA_DSP48E2_U[17]_U_DATA[17])
                                                      0.047     3.320 r  call_ret3_dense_latency_ap_fixed_16_6_5_3_0_ap_fixed_16_6_5_3_0_config4_s_fu_91/mul_16s_8s_24_1_1_U82/tmp_product/DSP_M_DATA_INST/U_DATA[17]
                         net (fo=1, routed)           0.000     3.320    call_ret3_dense_latency_ap_fixed_16_6_5_3_0_ap_fixed_16_6_5_3_0_config4_s_fu_91/mul_16s_8s_24_1_1_U82/tmp_product/DSP_M_DATA.U_DATA<17>
    DSP48E2_X6Y87        DSP_ALU (Prop_DSP_ALU_DSP48E2_U_DATA[17]_ALU_OUT[17])
                                                      0.585     3.905 f  call_ret3_dense_latency_ap_fixed_16_6_5_3_0_ap_fixed_16_6_5_3_0_config4_s_fu_91/mul_16s_8s_24_1_1_U82/tmp_product/DSP_ALU_INST/ALU_OUT[17]
                         net (fo=1, routed)           0.000     3.905    call_ret3_dense_latency_ap_fixed_16_6_5_3_0_ap_fixed_16_6_5_3_0_config4_s_fu_91/mul_16s_8s_24_1_1_U82/tmp_product/DSP_ALU.ALU_OUT<17>
    DSP48E2_X6Y87        DSP_OUTPUT (Prop_DSP_OUTPUT_DSP48E2_ALU_OUT[17]_P[17])
                                                      0.109     4.014 r  call_ret3_dense_latency_ap_fixed_16_6_5_3_0_ap_fixed_16_6_5_3_0_config4_s_fu_91/mul_16s_8s_24_1_1_U82/tmp_product/DSP_OUTPUT_INST/P[17]
                         net (fo=2, routed)           0.326     4.340    call_ret3_dense_latency_ap_fixed_16_6_5_3_0_ap_fixed_16_6_5_3_0_config4_s_fu_91/tmp_product__0_4[17]
    SLICE_X63Y222        LUT3 (Prop_H5LUT_SLICEM_I1_O)
                                                      0.161     4.501 r  call_ret3_dense_latency_ap_fixed_16_6_5_3_0_ap_fixed_16_6_5_3_0_config4_s_fu_91/layer4_out_reg_349[15]_i_64/O
                         net (fo=2, routed)           0.246     4.747    call_ret3_dense_latency_ap_fixed_16_6_5_3_0_ap_fixed_16_6_5_3_0_config4_s_fu_91/layer4_out_reg_349[15]_i_64_n_0
    SLICE_X63Y223        LUT4 (Prop_A6LUT_SLICEM_I3_O)
                                                      0.100     4.847 r  call_ret3_dense_latency_ap_fixed_16_6_5_3_0_ap_fixed_16_6_5_3_0_config4_s_fu_91/layer4_out_reg_349[15]_i_72/O
                         net (fo=1, routed)           0.013     4.860    call_ret3_dense_latency_ap_fixed_16_6_5_3_0_ap_fixed_16_6_5_3_0_config4_s_fu_91/layer4_out_reg_349[15]_i_72_n_0
    SLICE_X63Y223        CARRY8 (Prop_CARRY8_SLICEM_S[0]_O[5])
                                                      0.240     5.100 r  call_ret3_dense_latency_ap_fixed_16_6_5_3_0_ap_fixed_16_6_5_3_0_config4_s_fu_91/layer4_out_reg_349_reg[15]_i_19/O[5]
                         net (fo=5, routed)           1.267     6.366    call_ret3_dense_latency_ap_fixed_16_6_5_3_0_ap_fixed_16_6_5_3_0_config4_s_fu_91/mul_16s_9ns_25_1_1_U100/O[2]
    SLICE_X73Y226        LUT4 (Prop_B5LUT_SLICEM_I0_O)
                                                      0.116     6.482 f  call_ret3_dense_latency_ap_fixed_16_6_5_3_0_ap_fixed_16_6_5_3_0_config4_s_fu_91/mul_16s_9ns_25_1_1_U100/layer4_out_reg_349[15]_i_17/O
                         net (fo=2, routed)           0.218     6.700    call_ret3_dense_latency_ap_fixed_16_6_5_3_0_ap_fixed_16_6_5_3_0_config4_s_fu_91/mul_16s_9ns_25_1_1_U100/tmp_product_0
    SLICE_X73Y226        LUT6 (Prop_A6LUT_SLICEM_I0_O)
                                                      0.100     6.800 r  call_ret3_dense_latency_ap_fixed_16_6_5_3_0_ap_fixed_16_6_5_3_0_config4_s_fu_91/mul_16s_9ns_25_1_1_U100/layer4_out_reg_349[15]_i_2/O
                         net (fo=2, routed)           0.158     6.959    call_ret3_dense_latency_ap_fixed_16_6_5_3_0_ap_fixed_16_6_5_3_0_config4_s_fu_91/mul_16s_9ns_25_1_1_U100_n_17
    SLICE_X72Y226        LUT6 (Prop_G6LUT_SLICEL_I0_O)
                                                      0.050     7.009 r  call_ret3_dense_latency_ap_fixed_16_6_5_3_0_ap_fixed_16_6_5_3_0_config4_s_fu_91/layer4_out_reg_349[15]_i_10/O
                         net (fo=1, routed)           0.008     7.017    call_ret3_dense_latency_ap_fixed_16_6_5_3_0_ap_fixed_16_6_5_3_0_config4_s_fu_91/layer4_out_reg_349[15]_i_10_n_0
    SLICE_X72Y226        CARRY8 (Prop_CARRY8_SLICEL_S[6]_O[7])
                                                      0.081     7.098 r  call_ret3_dense_latency_ap_fixed_16_6_5_3_0_ap_fixed_16_6_5_3_0_config4_s_fu_91/layer4_out_reg_349_reg[15]_i_1/O[7]
                         net (fo=1, routed)           0.026     7.124    call_ret3_dense_latency_ap_fixed_16_6_5_3_0_ap_fixed_16_6_5_3_0_config4_s_fu_91_ap_return_0[15]
    SLICE_X72Y226        FDRE                                         r  layer4_out_reg_349_reg[15]/D
  -------------------------------------------------------------------    -------------------

                         (clock ap_clk rise edge)    10.000    10.000 r  
                                                      0.000    10.000 r  ap_clk (IN)
                         net (fo=398, unset)          0.020    10.020    ap_clk
    SLICE_X72Y226        FDRE                                         r  layer4_out_reg_349_reg[15]/C
                         clock pessimism              0.000    10.020    
                         clock uncertainty           -0.035     9.985    
    SLICE_X72Y226        FDRE (Setup_HFF_SLICEL_C_D)
                                                      0.025    10.010    layer4_out_reg_349_reg[15]
  -------------------------------------------------------------------
                         required time                         10.010    
                         arrival time                          -7.124    
  -------------------------------------------------------------------
                         slack                                  2.886    

Slack (MET) :             2.914ns  (required time - arrival time)
  Source:                 layer2_out_5_reg_334_reg[0]/C
                            (rising edge-triggered cell FDRE clocked by ap_clk  {rise@0.000ns fall@5.000ns period=10.000ns})
  Destination:            layer4_out_reg_349_reg[14]/D
                            (rising edge-triggered cell FDRE clocked by ap_clk  {rise@0.000ns fall@5.000ns period=10.000ns})
  Path Group:             ap_clk
  Path Type:              Setup (Max at Slow Process Corner)
  Requirement:            10.000ns  (ap_clk rise@10.000ns - ap_clk rise@0.000ns)
  Data Path Delay:        7.066ns  (logic 2.836ns (40.138%)  route 4.230ns (59.862%))
  Logic Levels:           16  (CARRY8=3 DSP_A_B_DATA=1 DSP_ALU=1 DSP_M_DATA=1 DSP_MULTIPLIER=1 DSP_OUTPUT=1 DSP_PREADD_DATA=1 LUT2=2 LUT3=1 LUT4=2 LUT6=2)
  Clock Path Skew:        -0.010ns (DCD - SCD + CPR)
    Destination Clock Delay (DCD):    0.020ns = ( 10.020 - 10.000 ) 
    Source Clock Delay      (SCD):    0.030ns
    Clock Pessimism Removal (CPR):    0.000ns
  Clock Uncertainty:      0.035ns  ((TSJ^2 + TIJ^2)^1/2 + DJ) / 2 + PE
    Total System Jitter     (TSJ):    0.071ns
    Total Input Jitter      (TIJ):    0.000ns
    Discrete Jitter          (DJ):    0.000ns
    Phase Error              (PE):    0.000ns

    Location             Delay type                Incr(ns)  Path(ns)    Netlist Resource(s)
  -------------------------------------------------------------------    -------------------
                         (clock ap_clk rise edge)     0.000     0.000 r  
                                                      0.000     0.000 r  ap_clk (IN)
                         net (fo=398, unset)          0.030     0.030    ap_clk
    SLICE_X70Y181        FDRE                                         r  layer2_out_5_reg_334_reg[0]/C
  -------------------------------------------------------------------    -------------------
    SLICE_X70Y181        FDRE (Prop_AFF_SLICEM_C_Q)
                                                      0.077     0.107 f  layer2_out_5_reg_334_reg[0]/Q
                         net (fo=6, routed)           0.156     0.263    call_ret3_dense_latency_ap_fixed_16_6_5_3_0_ap_fixed_16_6_5_3_0_config4_s_fu_91/mul_16s_11s_26_1_1_U91/tmp_product_i_16__4_0[0]
    SLICE_X70Y184        LUT2 (Prop_A6LUT_SLICEM_I0_O)
                                                      0.125     0.388 r  call_ret3_dense_latency_ap_fixed_16_6_5_3_0_ap_fixed_16_6_5_3_0_config4_s_fu_91/mul_16s_11s_26_1_1_U91/tmp_product_i_32__4/O
                         net (fo=1, routed)           0.013     0.401    call_ret3_dense_latency_ap_fixed_16_6_5_3_0_ap_fixed_16_6_5_3_0_config4_s_fu_91/mul_16s_11s_26_1_1_U91/tmp_product_i_32__4_n_0
    SLICE_X70Y184        CARRY8 (Prop_CARRY8_SLICEM_S[0]_CO[7])
                                                      0.199     0.600 f  call_ret3_dense_latency_ap_fixed_16_6_5_3_0_ap_fixed_16_6_5_3_0_config4_s_fu_91/mul_16s_11s_26_1_1_U91/tmp_product_i_16__4/CO[7]
                         net (fo=53, routed)          0.331     0.931    call_ret3_dense_latency_ap_fixed_16_6_5_3_0_ap_fixed_16_6_5_3_0_config4_s_fu_91/mul_16s_11s_26_1_1_U91/CO[0]
    SLICE_X70Y202        LUT2 (Prop_H6LUT_SLICEM_I0_O)
                                                      0.101     1.032 f  call_ret3_dense_latency_ap_fixed_16_6_5_3_0_ap_fixed_16_6_5_3_0_config4_s_fu_91/mul_16s_11s_26_1_1_U91/tmp_product_i_13__8/O
                         net (fo=7, routed)           1.468     2.500    call_ret3_dense_latency_ap_fixed_16_6_5_3_0_ap_fixed_16_6_5_3_0_config4_s_fu_91/mul_16s_8s_24_1_1_U82/tmp_product/A[2]
    DSP48E2_X6Y87        DSP_A_B_DATA (Prop_DSP_A_B_DATA_DSP48E2_A[2]_A2_DATA[2])
                                                      0.192     2.692 r  call_ret3_dense_latency_ap_fixed_16_6_5_3_0_ap_fixed_16_6_5_3_0_config4_s_fu_91/mul_16s_8s_24_1_1_U82/tmp_product/DSP_A_B_DATA_INST/A2_DATA[2]
                         net (fo=1, routed)           0.000     2.692    call_ret3_dense_latency_ap_fixed_16_6_5_3_0_ap_fixed_16_6_5_3_0_config4_s_fu_91/mul_16s_8s_24_1_1_U82/tmp_product/DSP_A_B_DATA.A2_DATA<2>
    DSP48E2_X6Y87        DSP_PREADD_DATA (Prop_DSP_PREADD_DATA_DSP48E2_A2_DATA[2]_A2A1[2])
                                                      0.076     2.768 r  call_ret3_dense_latency_ap_fixed_16_6_5_3_0_ap_fixed_16_6_5_3_0_config4_s_fu_91/mul_16s_8s_24_1_1_U82/tmp_product/DSP_PREADD_DATA_INST/A2A1[2]
                         net (fo=1, routed)           0.000     2.768    call_ret3_dense_latency_ap_fixed_16_6_5_3_0_ap_fixed_16_6_5_3_0_config4_s_fu_91/mul_16s_8s_24_1_1_U82/tmp_product/DSP_PREADD_DATA.A2A1<2>
    DSP48E2_X6Y87        DSP_MULTIPLIER (Prop_DSP_MULTIPLIER_DSP48E2_A2A1[2]_U[17])
                                                      0.505     3.273 f  call_ret3_dense_latency_ap_fixed_16_6_5_3_0_ap_fixed_16_6_5_3_0_config4_s_fu_91/mul_16s_8s_24_1_1_U82/tmp_product/DSP_MULTIPLIER_INST/U[17]
                         net (fo=1, routed)           0.000     3.273    call_ret3_dense_latency_ap_fixed_16_6_5_3_0_ap_fixed_16_6_5_3_0_config4_s_fu_91/mul_16s_8s_24_1_1_U82/tmp_product/DSP_MULTIPLIER.U<17>
    DSP48E2_X6Y87        DSP_M_DATA (Prop_DSP_M_DATA_DSP48E2_U[17]_U_DATA[17])
                                                      0.047     3.320 r  call_ret3_dense_latency_ap_fixed_16_6_5_3_0_ap_fixed_16_6_5_3_0_config4_s_fu_91/mul_16s_8s_24_1_1_U82/tmp_product/DSP_M_DATA_INST/U_DATA[17]
                         net (fo=1, routed)           0.000     3.320    call_ret3_dense_latency_ap_fixed_16_6_5_3_0_ap_fixed_16_6_5_3_0_config4_s_fu_91/mul_16s_8s_24_1_1_U82/tmp_product/DSP_M_DATA.U_DATA<17>
    DSP48E2_X6Y87        DSP_ALU (Prop_DSP_ALU_DSP48E2_U_DATA[17]_ALU_OUT[17])
                                                      0.585     3.905 f  call_ret3_dense_latency_ap_fixed_16_6_5_3_0_ap_fixed_16_6_5_3_0_config4_s_fu_91/mul_16s_8s_24_1_1_U82/tmp_product/DSP_ALU_INST/ALU_OUT[17]
                         net (fo=1, routed)           0.000     3.905    call_ret3_dense_latency_ap_fixed_16_6_5_3_0_ap_fixed_16_6_5_3_0_config4_s_fu_91/mul_16s_8s_24_1_1_U82/tmp_product/DSP_ALU.ALU_OUT<17>
    DSP48E2_X6Y87        DSP_OUTPUT (Prop_DSP_OUTPUT_DSP48E2_ALU_OUT[17]_P[17])
                                                      0.109     4.014 r  call_ret3_dense_latency_ap_fixed_16_6_5_3_0_ap_fixed_16_6_5_3_0_config4_s_fu_91/mul_16s_8s_24_1_1_U82/tmp_product/DSP_OUTPUT_INST/P[17]
                         net (fo=2, routed)           0.326     4.340    call_ret3_dense_latency_ap_fixed_16_6_5_3_0_ap_fixed_16_6_5_3_0_config4_s_fu_91/tmp_product__0_4[17]
    SLICE_X63Y222        LUT3 (Prop_H5LUT_SLICEM_I1_O)
                                                      0.161     4.501 r  call_ret3_dense_latency_ap_fixed_16_6_5_3_0_ap_fixed_16_6_5_3_0_config4_s_fu_91/layer4_out_reg_349[15]_i_64/O
                         net (fo=2, routed)           0.246     4.747    call_ret3_dense_latency_ap_fixed_16_6_5_3_0_ap_fixed_16_6_5_3_0_config4_s_fu_91/layer4_out_reg_349[15]_i_64_n_0
    SLICE_X63Y223        LUT4 (Prop_A6LUT_SLICEM_I3_O)
                                                      0.100     4.847 r  call_ret3_dense_latency_ap_fixed_16_6_5_3_0_ap_fixed_16_6_5_3_0_config4_s_fu_91/layer4_out_reg_349[15]_i_72/O
                         net (fo=1, routed)           0.013     4.860    call_ret3_dense_latency_ap_fixed_16_6_5_3_0_ap_fixed_16_6_5_3_0_config4_s_fu_91/layer4_out_reg_349[15]_i_72_n_0
    SLICE_X63Y223        CARRY8 (Prop_CARRY8_SLICEM_S[0]_O[5])
                                                      0.240     5.100 r  call_ret3_dense_latency_ap_fixed_16_6_5_3_0_ap_fixed_16_6_5_3_0_config4_s_fu_91/layer4_out_reg_349_reg[15]_i_19/O[5]
                         net (fo=5, routed)           1.267     6.366    call_ret3_dense_latency_ap_fixed_16_6_5_3_0_ap_fixed_16_6_5_3_0_config4_s_fu_91/mul_16s_9ns_25_1_1_U100/O[2]
    SLICE_X73Y226        LUT4 (Prop_B5LUT_SLICEM_I0_O)
                                                      0.116     6.482 f  call_ret3_dense_latency_ap_fixed_16_6_5_3_0_ap_fixed_16_6_5_3_0_config4_s_fu_91/mul_16s_9ns_25_1_1_U100/layer4_out_reg_349[15]_i_17/O
                         net (fo=2, routed)           0.218     6.700    call_ret3_dense_latency_ap_fixed_16_6_5_3_0_ap_fixed_16_6_5_3_0_config4_s_fu_91/mul_16s_9ns_25_1_1_U100/tmp_product_0
    SLICE_X73Y226        LUT6 (Prop_A6LUT_SLICEM_I0_O)
                                                      0.100     6.800 r  call_ret3_dense_latency_ap_fixed_16_6_5_3_0_ap_fixed_16_6_5_3_0_config4_s_fu_91/mul_16s_9ns_25_1_1_U100/layer4_out_reg_349[15]_i_2/O
                         net (fo=2, routed)           0.158     6.959    call_ret3_dense_latency_ap_fixed_16_6_5_3_0_ap_fixed_16_6_5_3_0_config4_s_fu_91/mul_16s_9ns_25_1_1_U100_n_17
    SLICE_X72Y226        LUT6 (Prop_G6LUT_SLICEL_I0_O)
                                                      0.050     7.009 r  call_ret3_dense_latency_ap_fixed_16_6_5_3_0_ap_fixed_16_6_5_3_0_config4_s_fu_91/layer4_out_reg_349[15]_i_10/O
                         net (fo=1, routed)           0.008     7.017    call_ret3_dense_latency_ap_fixed_16_6_5_3_0_ap_fixed_16_6_5_3_0_config4_s_fu_91/layer4_out_reg_349[15]_i_10_n_0
    SLICE_X72Y226        CARRY8 (Prop_CARRY8_SLICEL_S[6]_O[6])
                                                      0.053     7.070 r  call_ret3_dense_latency_ap_fixed_16_6_5_3_0_ap_fixed_16_6_5_3_0_config4_s_fu_91/layer4_out_reg_349_reg[15]_i_1/O[6]
                         net (fo=1, routed)           0.026     7.096    call_ret3_dense_latency_ap_fixed_16_6_5_3_0_ap_fixed_16_6_5_3_0_config4_s_fu_91_ap_return_0[14]
    SLICE_X72Y226        FDRE                                         r  layer4_out_reg_349_reg[14]/D
  -------------------------------------------------------------------    -------------------

                         (clock ap_clk rise edge)    10.000    10.000 r  
                                                      0.000    10.000 r  ap_clk (IN)
                         net (fo=398, unset)          0.020    10.020    ap_clk
    SLICE_X72Y226        FDRE                                         r  layer4_out_reg_349_reg[14]/C
                         clock pessimism              0.000    10.020    
                         clock uncertainty           -0.035     9.985    
    SLICE_X72Y226        FDRE (Setup_GFF_SLICEL_C_D)
                                                      0.025    10.010    layer4_out_reg_349_reg[14]
  -------------------------------------------------------------------
                         required time                         10.010    
                         arrival time                          -7.096    
  -------------------------------------------------------------------
                         slack                                  2.914    

Slack (MET) :             2.957ns  (required time - arrival time)
  Source:                 layer2_out_5_reg_334_reg[0]/C
                            (rising edge-triggered cell FDRE clocked by ap_clk  {rise@0.000ns fall@5.000ns period=10.000ns})
  Destination:            layer4_out_reg_349_reg[13]/D
                            (rising edge-triggered cell FDRE clocked by ap_clk  {rise@0.000ns fall@5.000ns period=10.000ns})
  Path Group:             ap_clk
  Path Type:              Setup (Max at Slow Process Corner)
  Requirement:            10.000ns  (ap_clk rise@10.000ns - ap_clk rise@0.000ns)
  Data Path Delay:        7.023ns  (logic 3.116ns (44.371%)  route 3.907ns (55.629%))
  Logic Levels:           17  (CARRY8=4 DSP_A_B_DATA=1 DSP_ALU=1 DSP_M_DATA=1 DSP_MULTIPLIER=1 DSP_OUTPUT=1 DSP_PREADD_DATA=1 LUT2=2 LUT3=1 LUT4=1 LUT5=1 LUT6=2)
  Clock Path Skew:        -0.010ns (DCD - SCD + CPR)
    Destination Clock Delay (DCD):    0.020ns = ( 10.020 - 10.000 ) 
    Source Clock Delay      (SCD):    0.030ns
    Clock Pessimism Removal (CPR):    0.000ns
  Clock Uncertainty:      0.035ns  ((TSJ^2 + TIJ^2)^1/2 + DJ) / 2 + PE
    Total System Jitter     (TSJ):    0.071ns
    Total Input Jitter      (TIJ):    0.000ns
    Discrete Jitter          (DJ):    0.000ns
    Phase Error              (PE):    0.000ns

    Location             Delay type                Incr(ns)  Path(ns)    Netlist Resource(s)
  -------------------------------------------------------------------    -------------------
                         (clock ap_clk rise edge)     0.000     0.000 r  
                                                      0.000     0.000 r  ap_clk (IN)
                         net (fo=398, unset)          0.030     0.030    ap_clk
    SLICE_X70Y181        FDRE                                         r  layer2_out_5_reg_334_reg[0]/C
  -------------------------------------------------------------------    -------------------
    SLICE_X70Y181        FDRE (Prop_AFF_SLICEM_C_Q)
                                                      0.077     0.107 f  layer2_out_5_reg_334_reg[0]/Q
                         net (fo=6, routed)           0.156     0.263    call_ret3_dense_latency_ap_fixed_16_6_5_3_0_ap_fixed_16_6_5_3_0_config4_s_fu_91/mul_16s_11s_26_1_1_U91/tmp_product_i_16__4_0[0]
    SLICE_X70Y184        LUT2 (Prop_A6LUT_SLICEM_I0_O)
                                                      0.125     0.388 r  call_ret3_dense_latency_ap_fixed_16_6_5_3_0_ap_fixed_16_6_5_3_0_config4_s_fu_91/mul_16s_11s_26_1_1_U91/tmp_product_i_32__4/O
                         net (fo=1, routed)           0.013     0.401    call_ret3_dense_latency_ap_fixed_16_6_5_3_0_ap_fixed_16_6_5_3_0_config4_s_fu_91/mul_16s_11s_26_1_1_U91/tmp_product_i_32__4_n_0
    SLICE_X70Y184        CARRY8 (Prop_CARRY8_SLICEM_S[0]_CO[7])
                                                      0.199     0.600 f  call_ret3_dense_latency_ap_fixed_16_6_5_3_0_ap_fixed_16_6_5_3_0_config4_s_fu_91/mul_16s_11s_26_1_1_U91/tmp_product_i_16__4/CO[7]
                         net (fo=53, routed)          0.331     0.931    call_ret3_dense_latency_ap_fixed_16_6_5_3_0_ap_fixed_16_6_5_3_0_config4_s_fu_91/mul_16s_11s_26_1_1_U91/CO[0]
    SLICE_X70Y202        LUT2 (Prop_H6LUT_SLICEM_I0_O)
                                                      0.101     1.032 f  call_ret3_dense_latency_ap_fixed_16_6_5_3_0_ap_fixed_16_6_5_3_0_config4_s_fu_91/mul_16s_11s_26_1_1_U91/tmp_product_i_13__8/O
                         net (fo=7, routed)           1.468     2.500    call_ret3_dense_latency_ap_fixed_16_6_5_3_0_ap_fixed_16_6_5_3_0_config4_s_fu_91/mul_16s_8s_24_1_1_U82/tmp_product/A[2]
    DSP48E2_X6Y87        DSP_A_B_DATA (Prop_DSP_A_B_DATA_DSP48E2_A[2]_A2_DATA[2])
                                                      0.192     2.692 r  call_ret3_dense_latency_ap_fixed_16_6_5_3_0_ap_fixed_16_6_5_3_0_config4_s_fu_91/mul_16s_8s_24_1_1_U82/tmp_product/DSP_A_B_DATA_INST/A2_DATA[2]
                         net (fo=1, routed)           0.000     2.692    call_ret3_dense_latency_ap_fixed_16_6_5_3_0_ap_fixed_16_6_5_3_0_config4_s_fu_91/mul_16s_8s_24_1_1_U82/tmp_product/DSP_A_B_DATA.A2_DATA<2>
    DSP48E2_X6Y87        DSP_PREADD_DATA (Prop_DSP_PREADD_DATA_DSP48E2_A2_DATA[2]_A2A1[2])
                                                      0.076     2.768 r  call_ret3_dense_latency_ap_fixed_16_6_5_3_0_ap_fixed_16_6_5_3_0_config4_s_fu_91/mul_16s_8s_24_1_1_U82/tmp_product/DSP_PREADD_DATA_INST/A2A1[2]
                         net (fo=1, routed)           0.000     2.768    call_ret3_dense_latency_ap_fixed_16_6_5_3_0_ap_fixed_16_6_5_3_0_config4_s_fu_91/mul_16s_8s_24_1_1_U82/tmp_product/DSP_PREADD_DATA.A2A1<2>
    DSP48E2_X6Y87        DSP_MULTIPLIER (Prop_DSP_MULTIPLIER_DSP48E2_A2A1[2]_U[11])
                                                      0.505     3.273 f  call_ret3_dense_latency_ap_fixed_16_6_5_3_0_ap_fixed_16_6_5_3_0_config4_s_fu_91/mul_16s_8s_24_1_1_U82/tmp_product/DSP_MULTIPLIER_INST/U[11]
                         net (fo=1, routed)           0.000     3.273    call_ret3_dense_latency_ap_fixed_16_6_5_3_0_ap_fixed_16_6_5_3_0_config4_s_fu_91/mul_16s_8s_24_1_1_U82/tmp_product/DSP_MULTIPLIER.U<11>
    DSP48E2_X6Y87        DSP_M_DATA (Prop_DSP_M_DATA_DSP48E2_U[11]_U_DATA[11])
                                                      0.047     3.320 r  call_ret3_dense_latency_ap_fixed_16_6_5_3_0_ap_fixed_16_6_5_3_0_config4_s_fu_91/mul_16s_8s_24_1_1_U82/tmp_product/DSP_M_DATA_INST/U_DATA[11]
                         net (fo=1, routed)           0.000     3.320    call_ret3_dense_latency_ap_fixed_16_6_5_3_0_ap_fixed_16_6_5_3_0_config4_s_fu_91/mul_16s_8s_24_1_1_U82/tmp_product/DSP_M_DATA.U_DATA<11>
    DSP48E2_X6Y87        DSP_ALU (Prop_DSP_ALU_DSP48E2_U_DATA[11]_ALU_OUT[11])
                                                      0.585     3.905 f  call_ret3_dense_latency_ap_fixed_16_6_5_3_0_ap_fixed_16_6_5_3_0_config4_s_fu_91/mul_16s_8s_24_1_1_U82/tmp_product/DSP_ALU_INST/ALU_OUT[11]
                         net (fo=1, routed)           0.000     3.905    call_ret3_dense_latency_ap_fixed_16_6_5_3_0_ap_fixed_16_6_5_3_0_config4_s_fu_91/mul_16s_8s_24_1_1_U82/tmp_product/DSP_ALU.ALU_OUT<11>
    DSP48E2_X6Y87        DSP_OUTPUT (Prop_DSP_OUTPUT_DSP48E2_ALU_OUT[11]_P[11])
                                                      0.109     4.014 r  call_ret3_dense_latency_ap_fixed_16_6_5_3_0_ap_fixed_16_6_5_3_0_config4_s_fu_91/mul_16s_8s_24_1_1_U82/tmp_product/DSP_OUTPUT_INST/P[11]
                         net (fo=2, routed)           0.387     4.401    call_ret3_dense_latency_ap_fixed_16_6_5_3_0_ap_fixed_16_6_5_3_0_config4_s_fu_91/tmp_product__0_4[11]
    SLICE_X63Y222        LUT3 (Prop_B5LUT_SLICEM_I1_O)
                                                      0.072     4.473 r  call_ret3_dense_latency_ap_fixed_16_6_5_3_0_ap_fixed_16_6_5_3_0_config4_s_fu_91/layer4_out_reg_349[15]_i_78/O
                         net (fo=2, routed)           0.174     4.647    call_ret3_dense_latency_ap_fixed_16_6_5_3_0_ap_fixed_16_6_5_3_0_config4_s_fu_91/layer4_out_reg_349[15]_i_78_n_0
    SLICE_X63Y222        LUT4 (Prop_C6LUT_SLICEM_I3_O)
                                                      0.123     4.770 r  call_ret3_dense_latency_ap_fixed_16_6_5_3_0_ap_fixed_16_6_5_3_0_config4_s_fu_91/layer4_out_reg_349[15]_i_85/O
                         net (fo=1, routed)           0.021     4.791    call_ret3_dense_latency_ap_fixed_16_6_5_3_0_ap_fixed_16_6_5_3_0_config4_s_fu_91/layer4_out_reg_349[15]_i_85_n_0
    SLICE_X63Y222        CARRY8 (Prop_CARRY8_SLICEM_S[2]_CO[7])
                                                      0.161     4.952 r  call_ret3_dense_latency_ap_fixed_16_6_5_3_0_ap_fixed_16_6_5_3_0_config4_s_fu_91/layer4_out_reg_349_reg[15]_i_40/CO[7]
                         net (fo=1, routed)           0.026     4.978    call_ret3_dense_latency_ap_fixed_16_6_5_3_0_ap_fixed_16_6_5_3_0_config4_s_fu_91/layer4_out_reg_349_reg[15]_i_40_n_0
    SLICE_X63Y223        CARRY8 (Prop_CARRY8_SLICEM_CI_O[0])
                                                      0.056     5.034 r  call_ret3_dense_latency_ap_fixed_16_6_5_3_0_ap_fixed_16_6_5_3_0_config4_s_fu_91/layer4_out_reg_349_reg[15]_i_19/O[0]
                         net (fo=6, routed)           0.989     6.023    call_ret3_dense_latency_ap_fixed_16_6_5_3_0_ap_fixed_16_6_5_3_0_config4_s_fu_91/mul_16s_8s_24_1_1_U51/layer4_out_reg_349[15]_i_9_1[0]
    SLICE_X73Y225        LUT6 (Prop_F6LUT_SLICEM_I4_O)
                                                      0.148     6.171 r  call_ret3_dense_latency_ap_fixed_16_6_5_3_0_ap_fixed_16_6_5_3_0_config4_s_fu_91/mul_16s_8s_24_1_1_U51/layer4_out_reg_349[15]_i_29/O
                         net (fo=2, routed)           0.156     6.327    call_ret3_dense_latency_ap_fixed_16_6_5_3_0_ap_fixed_16_6_5_3_0_config4_s_fu_91/mul_16s_8s_24_1_1_U51/tmp_product_1
    SLICE_X73Y226        LUT5 (Prop_C5LUT_SLICEM_I4_O)
                                                      0.159     6.486 r  call_ret3_dense_latency_ap_fixed_16_6_5_3_0_ap_fixed_16_6_5_3_0_config4_s_fu_91/mul_16s_8s_24_1_1_U51/layer4_out_reg_349[15]_i_7/O
                         net (fo=2, routed)           0.152     6.638    call_ret3_dense_latency_ap_fixed_16_6_5_3_0_ap_fixed_16_6_5_3_0_config4_s_fu_91/mul_16s_8s_24_1_1_U51_n_15
    SLICE_X72Y226        LUT6 (Prop_B6LUT_SLICEL_I0_O)
                                                      0.148     6.786 r  call_ret3_dense_latency_ap_fixed_16_6_5_3_0_ap_fixed_16_6_5_3_0_config4_s_fu_91/layer4_out_reg_349[15]_i_15/O
                         net (fo=1, routed)           0.009     6.795    call_ret3_dense_latency_ap_fixed_16_6_5_3_0_ap_fixed_16_6_5_3_0_config4_s_fu_91/layer4_out_reg_349[15]_i_15_n_0
    SLICE_X72Y226        CARRY8 (Prop_CARRY8_SLICEL_S[1]_O[5])
                                                      0.233     7.028 r  call_ret3_dense_latency_ap_fixed_16_6_5_3_0_ap_fixed_16_6_5_3_0_config4_s_fu_91/layer4_out_reg_349_reg[15]_i_1/O[5]
                         net (fo=1, routed)           0.025     7.053    call_ret3_dense_latency_ap_fixed_16_6_5_3_0_ap_fixed_16_6_5_3_0_config4_s_fu_91_ap_return_0[13]
    SLICE_X72Y226        FDRE                                         r  layer4_out_reg_349_reg[13]/D
  -------------------------------------------------------------------    -------------------

                         (clock ap_clk rise edge)    10.000    10.000 r  
                                                      0.000    10.000 r  ap_clk (IN)
                         net (fo=398, unset)          0.020    10.020    ap_clk
    SLICE_X72Y226        FDRE                                         r  layer4_out_reg_349_reg[13]/C
                         clock pessimism              0.000    10.020    
                         clock uncertainty           -0.035     9.985    
    SLICE_X72Y226        FDRE (Setup_FFF_SLICEL_C_D)
                                                      0.025    10.010    layer4_out_reg_349_reg[13]
  -------------------------------------------------------------------
                         required time                         10.010    
                         arrival time                          -7.053    
  -------------------------------------------------------------------
                         slack                                  2.957    

Slack (MET) :             2.990ns  (required time - arrival time)
  Source:                 layer2_out_5_reg_334_reg[0]/C
                            (rising edge-triggered cell FDRE clocked by ap_clk  {rise@0.000ns fall@5.000ns period=10.000ns})
  Destination:            layer4_out_reg_349_reg[12]/D
                            (rising edge-triggered cell FDRE clocked by ap_clk  {rise@0.000ns fall@5.000ns period=10.000ns})
  Path Group:             ap_clk
  Path Type:              Setup (Max at Slow Process Corner)
  Requirement:            10.000ns  (ap_clk rise@10.000ns - ap_clk rise@0.000ns)
  Data Path Delay:        6.990ns  (logic 3.083ns (44.109%)  route 3.907ns (55.891%))
  Logic Levels:           17  (CARRY8=4 DSP_A_B_DATA=1 DSP_ALU=1 DSP_M_DATA=1 DSP_MULTIPLIER=1 DSP_OUTPUT=1 DSP_PREADD_DATA=1 LUT2=2 LUT3=1 LUT4=1 LUT5=1 LUT6=2)
  Clock Path Skew:        -0.010ns (DCD - SCD + CPR)
    Destination Clock Delay (DCD):    0.020ns = ( 10.020 - 10.000 ) 
    Source Clock Delay      (SCD):    0.030ns
    Clock Pessimism Removal (CPR):    0.000ns
  Clock Uncertainty:      0.035ns  ((TSJ^2 + TIJ^2)^1/2 + DJ) / 2 + PE
    Total System Jitter     (TSJ):    0.071ns
    Total Input Jitter      (TIJ):    0.000ns
    Discrete Jitter          (DJ):    0.000ns
    Phase Error              (PE):    0.000ns

    Location             Delay type                Incr(ns)  Path(ns)    Netlist Resource(s)
  -------------------------------------------------------------------    -------------------
                         (clock ap_clk rise edge)     0.000     0.000 r  
                                                      0.000     0.000 r  ap_clk (IN)
                         net (fo=398, unset)          0.030     0.030    ap_clk
    SLICE_X70Y181        FDRE                                         r  layer2_out_5_reg_334_reg[0]/C
  -------------------------------------------------------------------    -------------------
    SLICE_X70Y181        FDRE (Prop_AFF_SLICEM_C_Q)
                                                      0.077     0.107 f  layer2_out_5_reg_334_reg[0]/Q
                         net (fo=6, routed)           0.156     0.263    call_ret3_dense_latency_ap_fixed_16_6_5_3_0_ap_fixed_16_6_5_3_0_config4_s_fu_91/mul_16s_11s_26_1_1_U91/tmp_product_i_16__4_0[0]
    SLICE_X70Y184        LUT2 (Prop_A6LUT_SLICEM_I0_O)
                                                      0.125     0.388 r  call_ret3_dense_latency_ap_fixed_16_6_5_3_0_ap_fixed_16_6_5_3_0_config4_s_fu_91/mul_16s_11s_26_1_1_U91/tmp_product_i_32__4/O
                         net (fo=1, routed)           0.013     0.401    call_ret3_dense_latency_ap_fixed_16_6_5_3_0_ap_fixed_16_6_5_3_0_config4_s_fu_91/mul_16s_11s_26_1_1_U91/tmp_product_i_32__4_n_0
    SLICE_X70Y184        CARRY8 (Prop_CARRY8_SLICEM_S[0]_CO[7])
                                                      0.199     0.600 f  call_ret3_dense_latency_ap_fixed_16_6_5_3_0_ap_fixed_16_6_5_3_0_config4_s_fu_91/mul_16s_11s_26_1_1_U91/tmp_product_i_16__4/CO[7]
                         net (fo=53, routed)          0.331     0.931    call_ret3_dense_latency_ap_fixed_16_6_5_3_0_ap_fixed_16_6_5_3_0_config4_s_fu_91/mul_16s_11s_26_1_1_U91/CO[0]
    SLICE_X70Y202        LUT2 (Prop_H6LUT_SLICEM_I0_O)
                                                      0.101     1.032 f  call_ret3_dense_latency_ap_fixed_16_6_5_3_0_ap_fixed_16_6_5_3_0_config4_s_fu_91/mul_16s_11s_26_1_1_U91/tmp_product_i_13__8/O
                         net (fo=7, routed)           1.468     2.500    call_ret3_dense_latency_ap_fixed_16_6_5_3_0_ap_fixed_16_6_5_3_0_config4_s_fu_91/mul_16s_8s_24_1_1_U82/tmp_product/A[2]
    DSP48E2_X6Y87        DSP_A_B_DATA (Prop_DSP_A_B_DATA_DSP48E2_A[2]_A2_DATA[2])
                                                      0.192     2.692 r  call_ret3_dense_latency_ap_fixed_16_6_5_3_0_ap_fixed_16_6_5_3_0_config4_s_fu_91/mul_16s_8s_24_1_1_U82/tmp_product/DSP_A_B_DATA_INST/A2_DATA[2]
                         net (fo=1, routed)           0.000     2.692    call_ret3_dense_latency_ap_fixed_16_6_5_3_0_ap_fixed_16_6_5_3_0_config4_s_fu_91/mul_16s_8s_24_1_1_U82/tmp_product/DSP_A_B_DATA.A2_DATA<2>
    DSP48E2_X6Y87        DSP_PREADD_DATA (Prop_DSP_PREADD_DATA_DSP48E2_A2_DATA[2]_A2A1[2])
                                                      0.076     2.768 r  call_ret3_dense_latency_ap_fixed_16_6_5_3_0_ap_fixed_16_6_5_3_0_config4_s_fu_91/mul_16s_8s_24_1_1_U82/tmp_product/DSP_PREADD_DATA_INST/A2A1[2]
                         net (fo=1, routed)           0.000     2.768    call_ret3_dense_latency_ap_fixed_16_6_5_3_0_ap_fixed_16_6_5_3_0_config4_s_fu_91/mul_16s_8s_24_1_1_U82/tmp_product/DSP_PREADD_DATA.A2A1<2>
    DSP48E2_X6Y87        DSP_MULTIPLIER (Prop_DSP_MULTIPLIER_DSP48E2_A2A1[2]_U[11])
                                                      0.505     3.273 f  call_ret3_dense_latency_ap_fixed_16_6_5_3_0_ap_fixed_16_6_5_3_0_config4_s_fu_91/mul_16s_8s_24_1_1_U82/tmp_product/DSP_MULTIPLIER_INST/U[11]
                         net (fo=1, routed)           0.000     3.273    call_ret3_dense_latency_ap_fixed_16_6_5_3_0_ap_fixed_16_6_5_3_0_config4_s_fu_91/mul_16s_8s_24_1_1_U82/tmp_product/DSP_MULTIPLIER.U<11>
    DSP48E2_X6Y87        DSP_M_DATA (Prop_DSP_M_DATA_DSP48E2_U[11]_U_DATA[11])
                                                      0.047     3.320 r  call_ret3_dense_latency_ap_fixed_16_6_5_3_0_ap_fixed_16_6_5_3_0_config4_s_fu_91/mul_16s_8s_24_1_1_U82/tmp_product/DSP_M_DATA_INST/U_DATA[11]
                         net (fo=1, routed)           0.000     3.320    call_ret3_dense_latency_ap_fixed_16_6_5_3_0_ap_fixed_16_6_5_3_0_config4_s_fu_91/mul_16s_8s_24_1_1_U82/tmp_product/DSP_M_DATA.U_DATA<11>
    DSP48E2_X6Y87        DSP_ALU (Prop_DSP_ALU_DSP48E2_U_DATA[11]_ALU_OUT[11])
                                                      0.585     3.905 f  call_ret3_dense_latency_ap_fixed_16_6_5_3_0_ap_fixed_16_6_5_3_0_config4_s_fu_91/mul_16s_8s_24_1_1_U82/tmp_product/DSP_ALU_INST/ALU_OUT[11]
                         net (fo=1, routed)           0.000     3.905    call_ret3_dense_latency_ap_fixed_16_6_5_3_0_ap_fixed_16_6_5_3_0_config4_s_fu_91/mul_16s_8s_24_1_1_U82/tmp_product/DSP_ALU.ALU_OUT<11>
    DSP48E2_X6Y87        DSP_OUTPUT (Prop_DSP_OUTPUT_DSP48E2_ALU_OUT[11]_P[11])
                                                      0.109     4.014 r  call_ret3_dense_latency_ap_fixed_16_6_5_3_0_ap_fixed_16_6_5_3_0_config4_s_fu_91/mul_16s_8s_24_1_1_U82/tmp_product/DSP_OUTPUT_INST/P[11]
                         net (fo=2, routed)           0.387     4.401    call_ret3_dense_latency_ap_fixed_16_6_5_3_0_ap_fixed_16_6_5_3_0_config4_s_fu_91/tmp_product__0_4[11]
    SLICE_X63Y222        LUT3 (Prop_B5LUT_SLICEM_I1_O)
                                                      0.072     4.473 r  call_ret3_dense_latency_ap_fixed_16_6_5_3_0_ap_fixed_16_6_5_3_0_config4_s_fu_91/layer4_out_reg_349[15]_i_78/O
                         net (fo=2, routed)           0.174     4.647    call_ret3_dense_latency_ap_fixed_16_6_5_3_0_ap_fixed_16_6_5_3_0_config4_s_fu_91/layer4_out_reg_349[15]_i_78_n_0
    SLICE_X63Y222        LUT4 (Prop_C6LUT_SLICEM_I3_O)
                                                      0.123     4.770 r  call_ret3_dense_latency_ap_fixed_16_6_5_3_0_ap_fixed_16_6_5_3_0_config4_s_fu_91/layer4_out_reg_349[15]_i_85/O
                         net (fo=1, routed)           0.021     4.791    call_ret3_dense_latency_ap_fixed_16_6_5_3_0_ap_fixed_16_6_5_3_0_config4_s_fu_91/layer4_out_reg_349[15]_i_85_n_0
    SLICE_X63Y222        CARRY8 (Prop_CARRY8_SLICEM_S[2]_CO[7])
                                                      0.161     4.952 r  call_ret3_dense_latency_ap_fixed_16_6_5_3_0_ap_fixed_16_6_5_3_0_config4_s_fu_91/layer4_out_reg_349_reg[15]_i_40/CO[7]
                         net (fo=1, routed)           0.026     4.978    call_ret3_dense_latency_ap_fixed_16_6_5_3_0_ap_fixed_16_6_5_3_0_config4_s_fu_91/layer4_out_reg_349_reg[15]_i_40_n_0
    SLICE_X63Y223        CARRY8 (Prop_CARRY8_SLICEM_CI_O[0])
                                                      0.056     5.034 r  call_ret3_dense_latency_ap_fixed_16_6_5_3_0_ap_fixed_16_6_5_3_0_config4_s_fu_91/layer4_out_reg_349_reg[15]_i_19/O[0]
                         net (fo=6, routed)           0.989     6.023    call_ret3_dense_latency_ap_fixed_16_6_5_3_0_ap_fixed_16_6_5_3_0_config4_s_fu_91/mul_16s_8s_24_1_1_U51/layer4_out_reg_349[15]_i_9_1[0]
    SLICE_X73Y225        LUT6 (Prop_F6LUT_SLICEM_I4_O)
                                                      0.148     6.171 r  call_ret3_dense_latency_ap_fixed_16_6_5_3_0_ap_fixed_16_6_5_3_0_config4_s_fu_91/mul_16s_8s_24_1_1_U51/layer4_out_reg_349[15]_i_29/O
                         net (fo=2, routed)           0.156     6.327    call_ret3_dense_latency_ap_fixed_16_6_5_3_0_ap_fixed_16_6_5_3_0_config4_s_fu_91/mul_16s_8s_24_1_1_U51/tmp_product_1
    SLICE_X73Y226        LUT5 (Prop_C5LUT_SLICEM_I4_O)
                                                      0.159     6.486 r  call_ret3_dense_latency_ap_fixed_16_6_5_3_0_ap_fixed_16_6_5_3_0_config4_s_fu_91/mul_16s_8s_24_1_1_U51/layer4_out_reg_349[15]_i_7/O
                         net (fo=2, routed)           0.152     6.638    call_ret3_dense_latency_ap_fixed_16_6_5_3_0_ap_fixed_16_6_5_3_0_config4_s_fu_91/mul_16s_8s_24_1_1_U51_n_15
    SLICE_X72Y226        LUT6 (Prop_B6LUT_SLICEL_I0_O)
                                                      0.148     6.786 r  call_ret3_dense_latency_ap_fixed_16_6_5_3_0_ap_fixed_16_6_5_3_0_config4_s_fu_91/layer4_out_reg_349[15]_i_15/O
                         net (fo=1, routed)           0.009     6.795    call_ret3_dense_latency_ap_fixed_16_6_5_3_0_ap_fixed_16_6_5_3_0_config4_s_fu_91/layer4_out_reg_349[15]_i_15_n_0
    SLICE_X72Y226        CARRY8 (Prop_CARRY8_SLICEL_S[1]_O[4])
                                                      0.200     6.995 r  call_ret3_dense_latency_ap_fixed_16_6_5_3_0_ap_fixed_16_6_5_3_0_config4_s_fu_91/layer4_out_reg_349_reg[15]_i_1/O[4]
                         net (fo=1, routed)           0.025     7.020    call_ret3_dense_latency_ap_fixed_16_6_5_3_0_ap_fixed_16_6_5_3_0_config4_s_fu_91_ap_return_0[12]
    SLICE_X72Y226        FDRE                                         r  layer4_out_reg_349_reg[12]/D
  -------------------------------------------------------------------    -------------------

                         (clock ap_clk rise edge)    10.000    10.000 r  
                                                      0.000    10.000 r  ap_clk (IN)
                         net (fo=398, unset)          0.020    10.020    ap_clk
    SLICE_X72Y226        FDRE                                         r  layer4_out_reg_349_reg[12]/C
                         clock pessimism              0.000    10.020    
                         clock uncertainty           -0.035     9.985    
    SLICE_X72Y226        FDRE (Setup_EFF_SLICEL_C_D)
                                                      0.025    10.010    layer4_out_reg_349_reg[12]
  -------------------------------------------------------------------
                         required time                         10.010    
                         arrival time                          -7.020    
  -------------------------------------------------------------------
                         slack                                  2.990    

Slack (MET) :             3.069ns  (required time - arrival time)
  Source:                 layer2_out_5_reg_334_reg[0]/C
                            (rising edge-triggered cell FDRE clocked by ap_clk  {rise@0.000ns fall@5.000ns period=10.000ns})
  Destination:            layer4_out_reg_349_reg[11]/D
                            (rising edge-triggered cell FDRE clocked by ap_clk  {rise@0.000ns fall@5.000ns period=10.000ns})
  Path Group:             ap_clk
  Path Type:              Setup (Max at Slow Process Corner)
  Requirement:            10.000ns  (ap_clk rise@10.000ns - ap_clk rise@0.000ns)
  Data Path Delay:        6.911ns  (logic 3.003ns (43.455%)  route 3.908ns (56.545%))
  Logic Levels:           17  (CARRY8=4 DSP_A_B_DATA=1 DSP_ALU=1 DSP_M_DATA=1 DSP_MULTIPLIER=1 DSP_OUTPUT=1 DSP_PREADD_DATA=1 LUT2=2 LUT3=1 LUT4=1 LUT5=1 LUT6=2)
  Clock Path Skew:        -0.010ns (DCD - SCD + CPR)
    Destination Clock Delay (DCD):    0.020ns = ( 10.020 - 10.000 ) 
    Source Clock Delay      (SCD):    0.030ns
    Clock Pessimism Removal (CPR):    0.000ns
  Clock Uncertainty:      0.035ns  ((TSJ^2 + TIJ^2)^1/2 + DJ) / 2 + PE
    Total System Jitter     (TSJ):    0.071ns
    Total Input Jitter      (TIJ):    0.000ns
    Discrete Jitter          (DJ):    0.000ns
    Phase Error              (PE):    0.000ns

    Location             Delay type                Incr(ns)  Path(ns)    Netlist Resource(s)
  -------------------------------------------------------------------    -------------------
                         (clock ap_clk rise edge)     0.000     0.000 r  
                                                      0.000     0.000 r  ap_clk (IN)
                         net (fo=398, unset)          0.030     0.030    ap_clk
    SLICE_X70Y181        FDRE                                         r  layer2_out_5_reg_334_reg[0]/C
  -------------------------------------------------------------------    -------------------
    SLICE_X70Y181        FDRE (Prop_AFF_SLICEM_C_Q)
                                                      0.077     0.107 f  layer2_out_5_reg_334_reg[0]/Q
                         net (fo=6, routed)           0.156     0.263    call_ret3_dense_latency_ap_fixed_16_6_5_3_0_ap_fixed_16_6_5_3_0_config4_s_fu_91/mul_16s_11s_26_1_1_U91/tmp_product_i_16__4_0[0]
    SLICE_X70Y184        LUT2 (Prop_A6LUT_SLICEM_I0_O)
                                                      0.125     0.388 r  call_ret3_dense_latency_ap_fixed_16_6_5_3_0_ap_fixed_16_6_5_3_0_config4_s_fu_91/mul_16s_11s_26_1_1_U91/tmp_product_i_32__4/O
                         net (fo=1, routed)           0.013     0.401    call_ret3_dense_latency_ap_fixed_16_6_5_3_0_ap_fixed_16_6_5_3_0_config4_s_fu_91/mul_16s_11s_26_1_1_U91/tmp_product_i_32__4_n_0
    SLICE_X70Y184        CARRY8 (Prop_CARRY8_SLICEM_S[0]_CO[7])
                                                      0.199     0.600 f  call_ret3_dense_latency_ap_fixed_16_6_5_3_0_ap_fixed_16_6_5_3_0_config4_s_fu_91/mul_16s_11s_26_1_1_U91/tmp_product_i_16__4/CO[7]
                         net (fo=53, routed)          0.331     0.931    call_ret3_dense_latency_ap_fixed_16_6_5_3_0_ap_fixed_16_6_5_3_0_config4_s_fu_91/mul_16s_11s_26_1_1_U91/CO[0]
    SLICE_X70Y202        LUT2 (Prop_H6LUT_SLICEM_I0_O)
                                                      0.101     1.032 f  call_ret3_dense_latency_ap_fixed_16_6_5_3_0_ap_fixed_16_6_5_3_0_config4_s_fu_91/mul_16s_11s_26_1_1_U91/tmp_product_i_13__8/O
                         net (fo=7, routed)           1.468     2.500    call_ret3_dense_latency_ap_fixed_16_6_5_3_0_ap_fixed_16_6_5_3_0_config4_s_fu_91/mul_16s_8s_24_1_1_U82/tmp_product/A[2]
    DSP48E2_X6Y87        DSP_A_B_DATA (Prop_DSP_A_B_DATA_DSP48E2_A[2]_A2_DATA[2])
                                                      0.192     2.692 r  call_ret3_dense_latency_ap_fixed_16_6_5_3_0_ap_fixed_16_6_5_3_0_config4_s_fu_91/mul_16s_8s_24_1_1_U82/tmp_product/DSP_A_B_DATA_INST/A2_DATA[2]
                         net (fo=1, routed)           0.000     2.692    call_ret3_dense_latency_ap_fixed_16_6_5_3_0_ap_fixed_16_6_5_3_0_config4_s_fu_91/mul_16s_8s_24_1_1_U82/tmp_product/DSP_A_B_DATA.A2_DATA<2>
    DSP48E2_X6Y87        DSP_PREADD_DATA (Prop_DSP_PREADD_DATA_DSP48E2_A2_DATA[2]_A2A1[2])
                                                      0.076     2.768 r  call_ret3_dense_latency_ap_fixed_16_6_5_3_0_ap_fixed_16_6_5_3_0_config4_s_fu_91/mul_16s_8s_24_1_1_U82/tmp_product/DSP_PREADD_DATA_INST/A2A1[2]
                         net (fo=1, routed)           0.000     2.768    call_ret3_dense_latency_ap_fixed_16_6_5_3_0_ap_fixed_16_6_5_3_0_config4_s_fu_91/mul_16s_8s_24_1_1_U82/tmp_product/DSP_PREADD_DATA.A2A1<2>
    DSP48E2_X6Y87        DSP_MULTIPLIER (Prop_DSP_MULTIPLIER_DSP48E2_A2A1[2]_U[11])
                                                      0.505     3.273 f  call_ret3_dense_latency_ap_fixed_16_6_5_3_0_ap_fixed_16_6_5_3_0_config4_s_fu_91/mul_16s_8s_24_1_1_U82/tmp_product/DSP_MULTIPLIER_INST/U[11]
                         net (fo=1, routed)           0.000     3.273    call_ret3_dense_latency_ap_fixed_16_6_5_3_0_ap_fixed_16_6_5_3_0_config4_s_fu_91/mul_16s_8s_24_1_1_U82/tmp_product/DSP_MULTIPLIER.U<11>
    DSP48E2_X6Y87        DSP_M_DATA (Prop_DSP_M_DATA_DSP48E2_U[11]_U_DATA[11])
                                                      0.047     3.320 r  call_ret3_dense_latency_ap_fixed_16_6_5_3_0_ap_fixed_16_6_5_3_0_config4_s_fu_91/mul_16s_8s_24_1_1_U82/tmp_product/DSP_M_DATA_INST/U_DATA[11]
                         net (fo=1, routed)           0.000     3.320    call_ret3_dense_latency_ap_fixed_16_6_5_3_0_ap_fixed_16_6_5_3_0_config4_s_fu_91/mul_16s_8s_24_1_1_U82/tmp_product/DSP_M_DATA.U_DATA<11>
    DSP48E2_X6Y87        DSP_ALU (Prop_DSP_ALU_DSP48E2_U_DATA[11]_ALU_OUT[11])
                                                      0.585     3.905 f  call_ret3_dense_latency_ap_fixed_16_6_5_3_0_ap_fixed_16_6_5_3_0_config4_s_fu_91/mul_16s_8s_24_1_1_U82/tmp_product/DSP_ALU_INST/ALU_OUT[11]
                         net (fo=1, routed)           0.000     3.905    call_ret3_dense_latency_ap_fixed_16_6_5_3_0_ap_fixed_16_6_5_3_0_config4_s_fu_91/mul_16s_8s_24_1_1_U82/tmp_product/DSP_ALU.ALU_OUT<11>
    DSP48E2_X6Y87        DSP_OUTPUT (Prop_DSP_OUTPUT_DSP48E2_ALU_OUT[11]_P[11])
                                                      0.109     4.014 r  call_ret3_dense_latency_ap_fixed_16_6_5_3_0_ap_fixed_16_6_5_3_0_config4_s_fu_91/mul_16s_8s_24_1_1_U82/tmp_product/DSP_OUTPUT_INST/P[11]
                         net (fo=2, routed)           0.387     4.401    call_ret3_dense_latency_ap_fixed_16_6_5_3_0_ap_fixed_16_6_5_3_0_config4_s_fu_91/tmp_product__0_4[11]
    SLICE_X63Y222        LUT3 (Prop_B5LUT_SLICEM_I1_O)
                                                      0.072     4.473 r  call_ret3_dense_latency_ap_fixed_16_6_5_3_0_ap_fixed_16_6_5_3_0_config4_s_fu_91/layer4_out_reg_349[15]_i_78/O
                         net (fo=2, routed)           0.174     4.647    call_ret3_dense_latency_ap_fixed_16_6_5_3_0_ap_fixed_16_6_5_3_0_config4_s_fu_91/layer4_out_reg_349[15]_i_78_n_0
    SLICE_X63Y222        LUT4 (Prop_C6LUT_SLICEM_I3_O)
                                                      0.123     4.770 r  call_ret3_dense_latency_ap_fixed_16_6_5_3_0_ap_fixed_16_6_5_3_0_config4_s_fu_91/layer4_out_reg_349[15]_i_85/O
                         net (fo=1, routed)           0.021     4.791    call_ret3_dense_latency_ap_fixed_16_6_5_3_0_ap_fixed_16_6_5_3_0_config4_s_fu_91/layer4_out_reg_349[15]_i_85_n_0
    SLICE_X63Y222        CARRY8 (Prop_CARRY8_SLICEM_S[2]_CO[7])
                                                      0.161     4.952 r  call_ret3_dense_latency_ap_fixed_16_6_5_3_0_ap_fixed_16_6_5_3_0_config4_s_fu_91/layer4_out_reg_349_reg[15]_i_40/CO[7]
                         net (fo=1, routed)           0.026     4.978    call_ret3_dense_latency_ap_fixed_16_6_5_3_0_ap_fixed_16_6_5_3_0_config4_s_fu_91/layer4_out_reg_349_reg[15]_i_40_n_0
    SLICE_X63Y223        CARRY8 (Prop_CARRY8_SLICEM_CI_O[0])
                                                      0.056     5.034 r  call_ret3_dense_latency_ap_fixed_16_6_5_3_0_ap_fixed_16_6_5_3_0_config4_s_fu_91/layer4_out_reg_349_reg[15]_i_19/O[0]
                         net (fo=6, routed)           0.989     6.023    call_ret3_dense_latency_ap_fixed_16_6_5_3_0_ap_fixed_16_6_5_3_0_config4_s_fu_91/mul_16s_8s_24_1_1_U51/layer4_out_reg_349[15]_i_9_1[0]
    SLICE_X73Y225        LUT6 (Prop_F6LUT_SLICEM_I4_O)
                                                      0.148     6.171 r  call_ret3_dense_latency_ap_fixed_16_6_5_3_0_ap_fixed_16_6_5_3_0_config4_s_fu_91/mul_16s_8s_24_1_1_U51/layer4_out_reg_349[15]_i_29/O
                         net (fo=2, routed)           0.156     6.327    call_ret3_dense_latency_ap_fixed_16_6_5_3_0_ap_fixed_16_6_5_3_0_config4_s_fu_91/mul_16s_8s_24_1_1_U51/tmp_product_1
    SLICE_X73Y226        LUT5 (Prop_C5LUT_SLICEM_I4_O)
                                                      0.159     6.486 r  call_ret3_dense_latency_ap_fixed_16_6_5_3_0_ap_fixed_16_6_5_3_0_config4_s_fu_91/mul_16s_8s_24_1_1_U51/layer4_out_reg_349[15]_i_7/O
                         net (fo=2, routed)           0.152     6.638    call_ret3_dense_latency_ap_fixed_16_6_5_3_0_ap_fixed_16_6_5_3_0_config4_s_fu_91/mul_16s_8s_24_1_1_U51_n_15
    SLICE_X72Y226        LUT6 (Prop_B6LUT_SLICEL_I0_O)
                                                      0.148     6.786 r  call_ret3_dense_latency_ap_fixed_16_6_5_3_0_ap_fixed_16_6_5_3_0_config4_s_fu_91/layer4_out_reg_349[15]_i_15/O
                         net (fo=1, routed)           0.009     6.795    call_ret3_dense_latency_ap_fixed_16_6_5_3_0_ap_fixed_16_6_5_3_0_config4_s_fu_91/layer4_out_reg_349[15]_i_15_n_0
    SLICE_X72Y226        CARRY8 (Prop_CARRY8_SLICEL_S[1]_O[3])
                                                      0.120     6.915 r  call_ret3_dense_latency_ap_fixed_16_6_5_3_0_ap_fixed_16_6_5_3_0_config4_s_fu_91/layer4_out_reg_349_reg[15]_i_1/O[3]
                         net (fo=1, routed)           0.026     6.941    call_ret3_dense_latency_ap_fixed_16_6_5_3_0_ap_fixed_16_6_5_3_0_config4_s_fu_91_ap_return_0[11]
    SLICE_X72Y226        FDRE                                         r  layer4_out_reg_349_reg[11]/D
  -------------------------------------------------------------------    -------------------

                         (clock ap_clk rise edge)    10.000    10.000 r  
                                                      0.000    10.000 r  ap_clk (IN)
                         net (fo=398, unset)          0.020    10.020    ap_clk
    SLICE_X72Y226        FDRE                                         r  layer4_out_reg_349_reg[11]/C
                         clock pessimism              0.000    10.020    
                         clock uncertainty           -0.035     9.985    
    SLICE_X72Y226        FDRE (Setup_DFF_SLICEL_C_D)
                                                      0.025    10.010    layer4_out_reg_349_reg[11]
  -------------------------------------------------------------------
                         required time                         10.010    
                         arrival time                          -6.941    
  -------------------------------------------------------------------
                         slack                                  3.069    

Slack (MET) :             3.075ns  (required time - arrival time)
  Source:                 layer2_out_5_reg_334_reg[0]/C
                            (rising edge-triggered cell FDRE clocked by ap_clk  {rise@0.000ns fall@5.000ns period=10.000ns})
  Destination:            layer4_out_reg_349_reg[10]/D
                            (rising edge-triggered cell FDRE clocked by ap_clk  {rise@0.000ns fall@5.000ns period=10.000ns})
  Path Group:             ap_clk
  Path Type:              Setup (Max at Slow Process Corner)
  Requirement:            10.000ns  (ap_clk rise@10.000ns - ap_clk rise@0.000ns)
  Data Path Delay:        6.905ns  (logic 2.997ns (43.406%)  route 3.908ns (56.594%))
  Logic Levels:           17  (CARRY8=4 DSP_A_B_DATA=1 DSP_ALU=1 DSP_M_DATA=1 DSP_MULTIPLIER=1 DSP_OUTPUT=1 DSP_PREADD_DATA=1 LUT2=2 LUT3=1 LUT4=1 LUT5=1 LUT6=2)
  Clock Path Skew:        -0.010ns (DCD - SCD + CPR)
    Destination Clock Delay (DCD):    0.020ns = ( 10.020 - 10.000 ) 
    Source Clock Delay      (SCD):    0.030ns
    Clock Pessimism Removal (CPR):    0.000ns
  Clock Uncertainty:      0.035ns  ((TSJ^2 + TIJ^2)^1/2 + DJ) / 2 + PE
    Total System Jitter     (TSJ):    0.071ns
    Total Input Jitter      (TIJ):    0.000ns
    Discrete Jitter          (DJ):    0.000ns
    Phase Error              (PE):    0.000ns

    Location             Delay type                Incr(ns)  Path(ns)    Netlist Resource(s)
  -------------------------------------------------------------------    -------------------
                         (clock ap_clk rise edge)     0.000     0.000 r  
                                                      0.000     0.000 r  ap_clk (IN)
                         net (fo=398, unset)          0.030     0.030    ap_clk
    SLICE_X70Y181        FDRE                                         r  layer2_out_5_reg_334_reg[0]/C
  -------------------------------------------------------------------    -------------------
    SLICE_X70Y181        FDRE (Prop_AFF_SLICEM_C_Q)
                                                      0.077     0.107 f  layer2_out_5_reg_334_reg[0]/Q
                         net (fo=6, routed)           0.156     0.263    call_ret3_dense_latency_ap_fixed_16_6_5_3_0_ap_fixed_16_6_5_3_0_config4_s_fu_91/mul_16s_11s_26_1_1_U91/tmp_product_i_16__4_0[0]
    SLICE_X70Y184        LUT2 (Prop_A6LUT_SLICEM_I0_O)
                                                      0.125     0.388 r  call_ret3_dense_latency_ap_fixed_16_6_5_3_0_ap_fixed_16_6_5_3_0_config4_s_fu_91/mul_16s_11s_26_1_1_U91/tmp_product_i_32__4/O
                         net (fo=1, routed)           0.013     0.401    call_ret3_dense_latency_ap_fixed_16_6_5_3_0_ap_fixed_16_6_5_3_0_config4_s_fu_91/mul_16s_11s_26_1_1_U91/tmp_product_i_32__4_n_0
    SLICE_X70Y184        CARRY8 (Prop_CARRY8_SLICEM_S[0]_CO[7])
                                                      0.199     0.600 f  call_ret3_dense_latency_ap_fixed_16_6_5_3_0_ap_fixed_16_6_5_3_0_config4_s_fu_91/mul_16s_11s_26_1_1_U91/tmp_product_i_16__4/CO[7]
                         net (fo=53, routed)          0.331     0.931    call_ret3_dense_latency_ap_fixed_16_6_5_3_0_ap_fixed_16_6_5_3_0_config4_s_fu_91/mul_16s_11s_26_1_1_U91/CO[0]
    SLICE_X70Y202        LUT2 (Prop_H6LUT_SLICEM_I0_O)
                                                      0.101     1.032 f  call_ret3_dense_latency_ap_fixed_16_6_5_3_0_ap_fixed_16_6_5_3_0_config4_s_fu_91/mul_16s_11s_26_1_1_U91/tmp_product_i_13__8/O
                         net (fo=7, routed)           1.468     2.500    call_ret3_dense_latency_ap_fixed_16_6_5_3_0_ap_fixed_16_6_5_3_0_config4_s_fu_91/mul_16s_8s_24_1_1_U82/tmp_product/A[2]
    DSP48E2_X6Y87        DSP_A_B_DATA (Prop_DSP_A_B_DATA_DSP48E2_A[2]_A2_DATA[2])
                                                      0.192     2.692 r  call_ret3_dense_latency_ap_fixed_16_6_5_3_0_ap_fixed_16_6_5_3_0_config4_s_fu_91/mul_16s_8s_24_1_1_U82/tmp_product/DSP_A_B_DATA_INST/A2_DATA[2]
                         net (fo=1, routed)           0.000     2.692    call_ret3_dense_latency_ap_fixed_16_6_5_3_0_ap_fixed_16_6_5_3_0_config4_s_fu_91/mul_16s_8s_24_1_1_U82/tmp_product/DSP_A_B_DATA.A2_DATA<2>
    DSP48E2_X6Y87        DSP_PREADD_DATA (Prop_DSP_PREADD_DATA_DSP48E2_A2_DATA[2]_A2A1[2])
                                                      0.076     2.768 r  call_ret3_dense_latency_ap_fixed_16_6_5_3_0_ap_fixed_16_6_5_3_0_config4_s_fu_91/mul_16s_8s_24_1_1_U82/tmp_product/DSP_PREADD_DATA_INST/A2A1[2]
                         net (fo=1, routed)           0.000     2.768    call_ret3_dense_latency_ap_fixed_16_6_5_3_0_ap_fixed_16_6_5_3_0_config4_s_fu_91/mul_16s_8s_24_1_1_U82/tmp_product/DSP_PREADD_DATA.A2A1<2>
    DSP48E2_X6Y87        DSP_MULTIPLIER (Prop_DSP_MULTIPLIER_DSP48E2_A2A1[2]_U[11])
                                                      0.505     3.273 f  call_ret3_dense_latency_ap_fixed_16_6_5_3_0_ap_fixed_16_6_5_3_0_config4_s_fu_91/mul_16s_8s_24_1_1_U82/tmp_product/DSP_MULTIPLIER_INST/U[11]
                         net (fo=1, routed)           0.000     3.273    call_ret3_dense_latency_ap_fixed_16_6_5_3_0_ap_fixed_16_6_5_3_0_config4_s_fu_91/mul_16s_8s_24_1_1_U82/tmp_product/DSP_MULTIPLIER.U<11>
    DSP48E2_X6Y87        DSP_M_DATA (Prop_DSP_M_DATA_DSP48E2_U[11]_U_DATA[11])
                                                      0.047     3.320 r  call_ret3_dense_latency_ap_fixed_16_6_5_3_0_ap_fixed_16_6_5_3_0_config4_s_fu_91/mul_16s_8s_24_1_1_U82/tmp_product/DSP_M_DATA_INST/U_DATA[11]
                         net (fo=1, routed)           0.000     3.320    call_ret3_dense_latency_ap_fixed_16_6_5_3_0_ap_fixed_16_6_5_3_0_config4_s_fu_91/mul_16s_8s_24_1_1_U82/tmp_product/DSP_M_DATA.U_DATA<11>
    DSP48E2_X6Y87        DSP_ALU (Prop_DSP_ALU_DSP48E2_U_DATA[11]_ALU_OUT[11])
                                                      0.585     3.905 f  call_ret3_dense_latency_ap_fixed_16_6_5_3_0_ap_fixed_16_6_5_3_0_config4_s_fu_91/mul_16s_8s_24_1_1_U82/tmp_product/DSP_ALU_INST/ALU_OUT[11]
                         net (fo=1, routed)           0.000     3.905    call_ret3_dense_latency_ap_fixed_16_6_5_3_0_ap_fixed_16_6_5_3_0_config4_s_fu_91/mul_16s_8s_24_1_1_U82/tmp_product/DSP_ALU.ALU_OUT<11>
    DSP48E2_X6Y87        DSP_OUTPUT (Prop_DSP_OUTPUT_DSP48E2_ALU_OUT[11]_P[11])
                                                      0.109     4.014 r  call_ret3_dense_latency_ap_fixed_16_6_5_3_0_ap_fixed_16_6_5_3_0_config4_s_fu_91/mul_16s_8s_24_1_1_U82/tmp_product/DSP_OUTPUT_INST/P[11]
                         net (fo=2, routed)           0.387     4.401    call_ret3_dense_latency_ap_fixed_16_6_5_3_0_ap_fixed_16_6_5_3_0_config4_s_fu_91/tmp_product__0_4[11]
    SLICE_X63Y222        LUT3 (Prop_B5LUT_SLICEM_I1_O)
                                                      0.072     4.473 r  call_ret3_dense_latency_ap_fixed_16_6_5_3_0_ap_fixed_16_6_5_3_0_config4_s_fu_91/layer4_out_reg_349[15]_i_78/O
                         net (fo=2, routed)           0.174     4.647    call_ret3_dense_latency_ap_fixed_16_6_5_3_0_ap_fixed_16_6_5_3_0_config4_s_fu_91/layer4_out_reg_349[15]_i_78_n_0
    SLICE_X63Y222        LUT4 (Prop_C6LUT_SLICEM_I3_O)
                                                      0.123     4.770 r  call_ret3_dense_latency_ap_fixed_16_6_5_3_0_ap_fixed_16_6_5_3_0_config4_s_fu_91/layer4_out_reg_349[15]_i_85/O
                         net (fo=1, routed)           0.021     4.791    call_ret3_dense_latency_ap_fixed_16_6_5_3_0_ap_fixed_16_6_5_3_0_config4_s_fu_91/layer4_out_reg_349[15]_i_85_n_0
    SLICE_X63Y222        CARRY8 (Prop_CARRY8_SLICEM_S[2]_CO[7])
                                                      0.161     4.952 r  call_ret3_dense_latency_ap_fixed_16_6_5_3_0_ap_fixed_16_6_5_3_0_config4_s_fu_91/layer4_out_reg_349_reg[15]_i_40/CO[7]
                         net (fo=1, routed)           0.026     4.978    call_ret3_dense_latency_ap_fixed_16_6_5_3_0_ap_fixed_16_6_5_3_0_config4_s_fu_91/layer4_out_reg_349_reg[15]_i_40_n_0
    SLICE_X63Y223        CARRY8 (Prop_CARRY8_SLICEM_CI_O[0])
                                                      0.056     5.034 r  call_ret3_dense_latency_ap_fixed_16_6_5_3_0_ap_fixed_16_6_5_3_0_config4_s_fu_91/layer4_out_reg_349_reg[15]_i_19/O[0]
                         net (fo=6, routed)           0.989     6.023    call_ret3_dense_latency_ap_fixed_16_6_5_3_0_ap_fixed_16_6_5_3_0_config4_s_fu_91/mul_16s_8s_24_1_1_U51/layer4_out_reg_349[15]_i_9_1[0]
    SLICE_X73Y225        LUT6 (Prop_F6LUT_SLICEM_I4_O)
                                                      0.148     6.171 r  call_ret3_dense_latency_ap_fixed_16_6_5_3_0_ap_fixed_16_6_5_3_0_config4_s_fu_91/mul_16s_8s_24_1_1_U51/layer4_out_reg_349[15]_i_29/O
                         net (fo=2, routed)           0.156     6.327    call_ret3_dense_latency_ap_fixed_16_6_5_3_0_ap_fixed_16_6_5_3_0_config4_s_fu_91/mul_16s_8s_24_1_1_U51/tmp_product_1
    SLICE_X73Y226        LUT5 (Prop_C5LUT_SLICEM_I4_O)
                                                      0.159     6.486 r  call_ret3_dense_latency_ap_fixed_16_6_5_3_0_ap_fixed_16_6_5_3_0_config4_s_fu_91/mul_16s_8s_24_1_1_U51/layer4_out_reg_349[15]_i_7/O
                         net (fo=2, routed)           0.152     6.638    call_ret3_dense_latency_ap_fixed_16_6_5_3_0_ap_fixed_16_6_5_3_0_config4_s_fu_91/mul_16s_8s_24_1_1_U51_n_15
    SLICE_X72Y226        LUT6 (Prop_B6LUT_SLICEL_I0_O)
                                                      0.148     6.786 r  call_ret3_dense_latency_ap_fixed_16_6_5_3_0_ap_fixed_16_6_5_3_0_config4_s_fu_91/layer4_out_reg_349[15]_i_15/O
                         net (fo=1, routed)           0.009     6.795    call_ret3_dense_latency_ap_fixed_16_6_5_3_0_ap_fixed_16_6_5_3_0_config4_s_fu_91/layer4_out_reg_349[15]_i_15_n_0
    SLICE_X72Y226        CARRY8 (Prop_CARRY8_SLICEL_S[1]_O[2])
                                                      0.114     6.909 r  call_ret3_dense_latency_ap_fixed_16_6_5_3_0_ap_fixed_16_6_5_3_0_config4_s_fu_91/layer4_out_reg_349_reg[15]_i_1/O[2]
                         net (fo=1, routed)           0.026     6.935    call_ret3_dense_latency_ap_fixed_16_6_5_3_0_ap_fixed_16_6_5_3_0_config4_s_fu_91_ap_return_0[10]
    SLICE_X72Y226        FDRE                                         r  layer4_out_reg_349_reg[10]/D
  -------------------------------------------------------------------    -------------------

                         (clock ap_clk rise edge)    10.000    10.000 r  
                                                      0.000    10.000 r  ap_clk (IN)
                         net (fo=398, unset)          0.020    10.020    ap_clk
    SLICE_X72Y226        FDRE                                         r  layer4_out_reg_349_reg[10]/C
                         clock pessimism              0.000    10.020    
                         clock uncertainty           -0.035     9.985    
    SLICE_X72Y226        FDRE (Setup_CFF_SLICEL_C_D)
                                                      0.025    10.010    layer4_out_reg_349_reg[10]
  -------------------------------------------------------------------
                         required time                         10.010    
                         arrival time                          -6.935    
  -------------------------------------------------------------------
                         slack                                  3.075    

Slack (MET) :             3.123ns  (required time - arrival time)
  Source:                 layer4_out_2_reg_359_reg[2]/C
                            (rising edge-triggered cell FDRE clocked by ap_clk  {rise@0.000ns fall@5.000ns period=10.000ns})
  Destination:            layer6_out_2_reg_399_reg[15]/D
                            (rising edge-triggered cell FDRE clocked by ap_clk  {rise@0.000ns fall@5.000ns period=10.000ns})
  Path Group:             ap_clk
  Path Type:              Setup (Max at Slow Process Corner)
  Requirement:            10.000ns  (ap_clk rise@10.000ns - ap_clk rise@0.000ns)
  Data Path Delay:        6.857ns  (logic 2.752ns (40.133%)  route 4.105ns (59.867%))
  Logic Levels:           16  (CARRY8=3 DSP_A_B_DATA=1 DSP_ALU=1 DSP_M_DATA=1 DSP_MULTIPLIER=1 DSP_OUTPUT=1 DSP_PREADD_DATA=1 LUT2=2 LUT3=1 LUT4=2 LUT5=1 LUT6=1)
  Clock Path Skew:        -0.009ns (DCD - SCD + CPR)
    Destination Clock Delay (DCD):    0.021ns = ( 10.021 - 10.000 ) 
    Source Clock Delay      (SCD):    0.030ns
    Clock Pessimism Removal (CPR):    0.000ns
  Clock Uncertainty:      0.035ns  ((TSJ^2 + TIJ^2)^1/2 + DJ) / 2 + PE
    Total System Jitter     (TSJ):    0.071ns
    Total Input Jitter      (TIJ):    0.000ns
    Discrete Jitter          (DJ):    0.000ns
    Phase Error              (PE):    0.000ns

    Location             Delay type                Incr(ns)  Path(ns)    Netlist Resource(s)
  -------------------------------------------------------------------    -------------------
                         (clock ap_clk rise edge)     0.000     0.000 r  
                                                      0.000     0.000 r  ap_clk (IN)
                         net (fo=398, unset)          0.030     0.030    ap_clk
    SLICE_X70Y206        FDRE                                         r  layer4_out_2_reg_359_reg[2]/C
  -------------------------------------------------------------------    -------------------
    SLICE_X70Y206        FDRE (Prop_CFF_SLICEM_C_Q)
                                                      0.078     0.108 f  layer4_out_2_reg_359_reg[2]/Q
                         net (fo=3, routed)           0.249     0.357    call_ret5_dense_latency_ap_fixed_16_6_5_3_0_ap_fixed_16_6_5_3_0_config6_s_fu_115/mul_16s_10ns_26_1_1_U136/tmp_product_i_16__9_0[2]
    SLICE_X69Y208        LUT2 (Prop_B6LUT_SLICEL_I0_O)
                                                      0.090     0.447 r  call_ret5_dense_latency_ap_fixed_16_6_5_3_0_ap_fixed_16_6_5_3_0_config6_s_fu_115/mul_16s_10ns_26_1_1_U136/tmp_product_i_31__9/O
                         net (fo=1, routed)           0.009     0.456    call_ret5_dense_latency_ap_fixed_16_6_5_3_0_ap_fixed_16_6_5_3_0_config6_s_fu_115/mul_16s_10ns_26_1_1_U136/tmp_product_i_31__9_n_0
    SLICE_X69Y208        CARRY8 (Prop_CARRY8_SLICEL_S[1]_CO[7])
                                                      0.193     0.649 f  call_ret5_dense_latency_ap_fixed_16_6_5_3_0_ap_fixed_16_6_5_3_0_config6_s_fu_115/mul_16s_10ns_26_1_1_U136/tmp_product_i_16__9/CO[7]
                         net (fo=15, routed)          0.208     0.857    call_ret5_dense_latency_ap_fixed_16_6_5_3_0_ap_fixed_16_6_5_3_0_config6_s_fu_115/mul_16s_10ns_26_1_1_U136/call_ret4_relu_ap_fixed_16_6_5_3_0_ap_fixed_16_6_5_3_0_relu_config5_s_fu_103/icmp_ln45_2_fu_148_p2
    SLICE_X69Y212        LUT2 (Prop_D6LUT_SLICEL_I0_O)
                                                      0.050     0.907 f  call_ret5_dense_latency_ap_fixed_16_6_5_3_0_ap_fixed_16_6_5_3_0_config6_s_fu_115/mul_16s_10ns_26_1_1_U136/tmp_product_i_7__13/O
                         net (fo=3, routed)           1.498     2.405    call_ret5_dense_latency_ap_fixed_16_6_5_3_0_ap_fixed_16_6_5_3_0_config6_s_fu_115/mul_16s_11ns_26_1_1_U138/tmp_product/A[8]
    DSP48E2_X6Y97        DSP_A_B_DATA (Prop_DSP_A_B_DATA_DSP48E2_A[8]_A2_DATA[8])
                                                      0.192     2.597 r  call_ret5_dense_latency_ap_fixed_16_6_5_3_0_ap_fixed_16_6_5_3_0_config6_s_fu_115/mul_16s_11ns_26_1_1_U138/tmp_product/DSP_A_B_DATA_INST/A2_DATA[8]
                         net (fo=1, routed)           0.000     2.597    call_ret5_dense_latency_ap_fixed_16_6_5_3_0_ap_fixed_16_6_5_3_0_config6_s_fu_115/mul_16s_11ns_26_1_1_U138/tmp_product/DSP_A_B_DATA.A2_DATA<8>
    DSP48E2_X6Y97        DSP_PREADD_DATA (Prop_DSP_PREADD_DATA_DSP48E2_A2_DATA[8]_A2A1[8])
                                                      0.076     2.673 r  call_ret5_dense_latency_ap_fixed_16_6_5_3_0_ap_fixed_16_6_5_3_0_config6_s_fu_115/mul_16s_11ns_26_1_1_U138/tmp_product/DSP_PREADD_DATA_INST/A2A1[8]
                         net (fo=1, routed)           0.000     2.673    call_ret5_dense_latency_ap_fixed_16_6_5_3_0_ap_fixed_16_6_5_3_0_config6_s_fu_115/mul_16s_11ns_26_1_1_U138/tmp_product/DSP_PREADD_DATA.A2A1<8>
    DSP48E2_X6Y97        DSP_MULTIPLIER (Prop_DSP_MULTIPLIER_DSP48E2_A2A1[8]_U[18])
                                                      0.505     3.178 f  call_ret5_dense_latency_ap_fixed_16_6_5_3_0_ap_fixed_16_6_5_3_0_config6_s_fu_115/mul_16s_11ns_26_1_1_U138/tmp_product/DSP_MULTIPLIER_INST/U[18]
                         net (fo=1, routed)           0.000     3.178    call_ret5_dense_latency_ap_fixed_16_6_5_3_0_ap_fixed_16_6_5_3_0_config6_s_fu_115/mul_16s_11ns_26_1_1_U138/tmp_product/DSP_MULTIPLIER.U<18>
    DSP48E2_X6Y97        DSP_M_DATA (Prop_DSP_M_DATA_DSP48E2_U[18]_U_DATA[18])
                                                      0.047     3.225 r  call_ret5_dense_latency_ap_fixed_16_6_5_3_0_ap_fixed_16_6_5_3_0_config6_s_fu_115/mul_16s_11ns_26_1_1_U138/tmp_product/DSP_M_DATA_INST/U_DATA[18]
                         net (fo=1, routed)           0.000     3.225    call_ret5_dense_latency_ap_fixed_16_6_5_3_0_ap_fixed_16_6_5_3_0_config6_s_fu_115/mul_16s_11ns_26_1_1_U138/tmp_product/DSP_M_DATA.U_DATA<18>
    DSP48E2_X6Y97        DSP_ALU (Prop_DSP_ALU_DSP48E2_U_DATA[18]_ALU_OUT[18])
                                                      0.585     3.810 f  call_ret5_dense_latency_ap_fixed_16_6_5_3_0_ap_fixed_16_6_5_3_0_config6_s_fu_115/mul_16s_11ns_26_1_1_U138/tmp_product/DSP_ALU_INST/ALU_OUT[18]
                         net (fo=1, routed)           0.000     3.810    call_ret5_dense_latency_ap_fixed_16_6_5_3_0_ap_fixed_16_6_5_3_0_config6_s_fu_115/mul_16s_11ns_26_1_1_U138/tmp_product/DSP_ALU.ALU_OUT<18>
    DSP48E2_X6Y97        DSP_OUTPUT (Prop_DSP_OUTPUT_DSP48E2_ALU_OUT[18]_P[18])
                                                      0.109     3.919 r  call_ret5_dense_latency_ap_fixed_16_6_5_3_0_ap_fixed_16_6_5_3_0_config6_s_fu_115/mul_16s_11ns_26_1_1_U138/tmp_product/DSP_OUTPUT_INST/P[18]
                         net (fo=2, routed)           0.266     4.185    call_ret5_dense_latency_ap_fixed_16_6_5_3_0_ap_fixed_16_6_5_3_0_config6_s_fu_115/trunc_ln42_8_fu_2667_p4[8]
    SLICE_X63Y243        LUT3 (Prop_A5LUT_SLICEM_I2_O)
                                                      0.163     4.348 r  call_ret5_dense_latency_ap_fixed_16_6_5_3_0_ap_fixed_16_6_5_3_0_config6_s_fu_115/layer6_out_2_reg_399[15]_i_42/O
                         net (fo=2, routed)           0.334     4.682    call_ret5_dense_latency_ap_fixed_16_6_5_3_0_ap_fixed_16_6_5_3_0_config6_s_fu_115/layer6_out_2_reg_399[15]_i_42_n_0
    SLICE_X63Y243        LUT4 (Prop_B6LUT_SLICEM_I3_O)
                                                      0.100     4.782 r  call_ret5_dense_latency_ap_fixed_16_6_5_3_0_ap_fixed_16_6_5_3_0_config6_s_fu_115/layer6_out_2_reg_399[15]_i_50/O
                         net (fo=1, routed)           0.016     4.798    call_ret5_dense_latency_ap_fixed_16_6_5_3_0_ap_fixed_16_6_5_3_0_config6_s_fu_115/layer6_out_2_reg_399[15]_i_50_n_0
    SLICE_X63Y243        CARRY8 (Prop_CARRY8_SLICEM_S[1]_O[2])
                                                      0.117     4.915 r  call_ret5_dense_latency_ap_fixed_16_6_5_3_0_ap_fixed_16_6_5_3_0_config6_s_fu_115/layer6_out_2_reg_399_reg[15]_i_17/O[2]
                         net (fo=3, routed)           1.192     6.107    call_ret5_dense_latency_ap_fixed_16_6_5_3_0_ap_fixed_16_6_5_3_0_config6_s_fu_115/mul_16s_11ns_26_1_1_U132/layer6_out_2_reg_399[15]_i_10[1]
    SLICE_X70Y252        LUT4 (Prop_C6LUT_SLICEM_I1_O)
                                                      0.088     6.195 r  call_ret5_dense_latency_ap_fixed_16_6_5_3_0_ap_fixed_16_6_5_3_0_config6_s_fu_115/mul_16s_11ns_26_1_1_U132/layer6_out_2_reg_399[15]_i_22/O
                         net (fo=2, routed)           0.150     6.345    call_ret5_dense_latency_ap_fixed_16_6_5_3_0_ap_fixed_16_6_5_3_0_config6_s_fu_115/mul_16s_11ns_26_1_1_U132/tmp_product_1
    SLICE_X70Y252        LUT5 (Prop_D5LUT_SLICEM_I4_O)
                                                      0.135     6.480 r  call_ret5_dense_latency_ap_fixed_16_6_5_3_0_ap_fixed_16_6_5_3_0_config6_s_fu_115/mul_16s_11ns_26_1_1_U132/layer6_out_2_reg_399[15]_i_5/O
                         net (fo=2, routed)           0.133     6.612    call_ret5_dense_latency_ap_fixed_16_6_5_3_0_ap_fixed_16_6_5_3_0_config6_s_fu_115/mul_16s_11ns_26_1_1_U132_n_20
    SLICE_X70Y251        LUT6 (Prop_D6LUT_SLICEM_I0_O)
                                                      0.037     6.649 r  call_ret5_dense_latency_ap_fixed_16_6_5_3_0_ap_fixed_16_6_5_3_0_config6_s_fu_115/layer6_out_2_reg_399[15]_i_13/O
                         net (fo=1, routed)           0.025     6.674    call_ret5_dense_latency_ap_fixed_16_6_5_3_0_ap_fixed_16_6_5_3_0_config6_s_fu_115/layer6_out_2_reg_399[15]_i_13_n_0
    SLICE_X70Y251        CARRY8 (Prop_CARRY8_SLICEM_S[3]_O[7])
                                                      0.187     6.861 r  call_ret5_dense_latency_ap_fixed_16_6_5_3_0_ap_fixed_16_6_5_3_0_config6_s_fu_115/layer6_out_2_reg_399_reg[15]_i_1/O[7]
                         net (fo=1, routed)           0.026     6.887    call_ret5_dense_latency_ap_fixed_16_6_5_3_0_ap_fixed_16_6_5_3_0_config6_s_fu_115_ap_return_2[15]
    SLICE_X70Y251        FDRE                                         r  layer6_out_2_reg_399_reg[15]/D
  -------------------------------------------------------------------    -------------------

                         (clock ap_clk rise edge)    10.000    10.000 r  
                                                      0.000    10.000 r  ap_clk (IN)
                         net (fo=398, unset)          0.021    10.021    ap_clk
    SLICE_X70Y251        FDRE                                         r  layer6_out_2_reg_399_reg[15]/C
                         clock pessimism              0.000    10.021    
                         clock uncertainty           -0.035     9.986    
    SLICE_X70Y251        FDRE (Setup_HFF_SLICEM_C_D)
                                                      0.025    10.011    layer6_out_2_reg_399_reg[15]
  -------------------------------------------------------------------
                         required time                         10.011    
                         arrival time                          -6.887    
  -------------------------------------------------------------------
                         slack                                  3.123    

Slack (MET) :             3.127ns  (required time - arrival time)
  Source:                 layer4_out_2_reg_359_reg[2]/C
                            (rising edge-triggered cell FDRE clocked by ap_clk  {rise@0.000ns fall@5.000ns period=10.000ns})
  Destination:            layer6_out_2_reg_399_reg[13]/D
                            (rising edge-triggered cell FDRE clocked by ap_clk  {rise@0.000ns fall@5.000ns period=10.000ns})
  Path Group:             ap_clk
  Path Type:              Setup (Max at Slow Process Corner)
  Requirement:            10.000ns  (ap_clk rise@10.000ns - ap_clk rise@0.000ns)
  Data Path Delay:        6.853ns  (logic 2.749ns (40.112%)  route 4.104ns (59.888%))
  Logic Levels:           16  (CARRY8=3 DSP_A_B_DATA=1 DSP_ALU=1 DSP_M_DATA=1 DSP_MULTIPLIER=1 DSP_OUTPUT=1 DSP_PREADD_DATA=1 LUT2=2 LUT3=1 LUT4=2 LUT5=1 LUT6=1)
  Clock Path Skew:        -0.009ns (DCD - SCD + CPR)
    Destination Clock Delay (DCD):    0.021ns = ( 10.021 - 10.000 ) 
    Source Clock Delay      (SCD):    0.030ns
    Clock Pessimism Removal (CPR):    0.000ns
  Clock Uncertainty:      0.035ns  ((TSJ^2 + TIJ^2)^1/2 + DJ) / 2 + PE
    Total System Jitter     (TSJ):    0.071ns
    Total Input Jitter      (TIJ):    0.000ns
    Discrete Jitter          (DJ):    0.000ns
    Phase Error              (PE):    0.000ns

    Location             Delay type                Incr(ns)  Path(ns)    Netlist Resource(s)
  -------------------------------------------------------------------    -------------------
                         (clock ap_clk rise edge)     0.000     0.000 r  
                                                      0.000     0.000 r  ap_clk (IN)
                         net (fo=398, unset)          0.030     0.030    ap_clk
    SLICE_X70Y206        FDRE                                         r  layer4_out_2_reg_359_reg[2]/C
  -------------------------------------------------------------------    -------------------
    SLICE_X70Y206        FDRE (Prop_CFF_SLICEM_C_Q)
                                                      0.078     0.108 f  layer4_out_2_reg_359_reg[2]/Q
                         net (fo=3, routed)           0.249     0.357    call_ret5_dense_latency_ap_fixed_16_6_5_3_0_ap_fixed_16_6_5_3_0_config6_s_fu_115/mul_16s_10ns_26_1_1_U136/tmp_product_i_16__9_0[2]
    SLICE_X69Y208        LUT2 (Prop_B6LUT_SLICEL_I0_O)
                                                      0.090     0.447 r  call_ret5_dense_latency_ap_fixed_16_6_5_3_0_ap_fixed_16_6_5_3_0_config6_s_fu_115/mul_16s_10ns_26_1_1_U136/tmp_product_i_31__9/O
                         net (fo=1, routed)           0.009     0.456    call_ret5_dense_latency_ap_fixed_16_6_5_3_0_ap_fixed_16_6_5_3_0_config6_s_fu_115/mul_16s_10ns_26_1_1_U136/tmp_product_i_31__9_n_0
    SLICE_X69Y208        CARRY8 (Prop_CARRY8_SLICEL_S[1]_CO[7])
                                                      0.193     0.649 f  call_ret5_dense_latency_ap_fixed_16_6_5_3_0_ap_fixed_16_6_5_3_0_config6_s_fu_115/mul_16s_10ns_26_1_1_U136/tmp_product_i_16__9/CO[7]
                         net (fo=15, routed)          0.208     0.857    call_ret5_dense_latency_ap_fixed_16_6_5_3_0_ap_fixed_16_6_5_3_0_config6_s_fu_115/mul_16s_10ns_26_1_1_U136/call_ret4_relu_ap_fixed_16_6_5_3_0_ap_fixed_16_6_5_3_0_relu_config5_s_fu_103/icmp_ln45_2_fu_148_p2
    SLICE_X69Y212        LUT2 (Prop_D6LUT_SLICEL_I0_O)
                                                      0.050     0.907 f  call_ret5_dense_latency_ap_fixed_16_6_5_3_0_ap_fixed_16_6_5_3_0_config6_s_fu_115/mul_16s_10ns_26_1_1_U136/tmp_product_i_7__13/O
                         net (fo=3, routed)           1.498     2.405    call_ret5_dense_latency_ap_fixed_16_6_5_3_0_ap_fixed_16_6_5_3_0_config6_s_fu_115/mul_16s_11ns_26_1_1_U138/tmp_product/A[8]
    DSP48E2_X6Y97        DSP_A_B_DATA (Prop_DSP_A_B_DATA_DSP48E2_A[8]_A2_DATA[8])
                                                      0.192     2.597 r  call_ret5_dense_latency_ap_fixed_16_6_5_3_0_ap_fixed_16_6_5_3_0_config6_s_fu_115/mul_16s_11ns_26_1_1_U138/tmp_product/DSP_A_B_DATA_INST/A2_DATA[8]
                         net (fo=1, routed)           0.000     2.597    call_ret5_dense_latency_ap_fixed_16_6_5_3_0_ap_fixed_16_6_5_3_0_config6_s_fu_115/mul_16s_11ns_26_1_1_U138/tmp_product/DSP_A_B_DATA.A2_DATA<8>
    DSP48E2_X6Y97        DSP_PREADD_DATA (Prop_DSP_PREADD_DATA_DSP48E2_A2_DATA[8]_A2A1[8])
                                                      0.076     2.673 r  call_ret5_dense_latency_ap_fixed_16_6_5_3_0_ap_fixed_16_6_5_3_0_config6_s_fu_115/mul_16s_11ns_26_1_1_U138/tmp_product/DSP_PREADD_DATA_INST/A2A1[8]
                         net (fo=1, routed)           0.000     2.673    call_ret5_dense_latency_ap_fixed_16_6_5_3_0_ap_fixed_16_6_5_3_0_config6_s_fu_115/mul_16s_11ns_26_1_1_U138/tmp_product/DSP_PREADD_DATA.A2A1<8>
    DSP48E2_X6Y97        DSP_MULTIPLIER (Prop_DSP_MULTIPLIER_DSP48E2_A2A1[8]_U[18])
                                                      0.505     3.178 f  call_ret5_dense_latency_ap_fixed_16_6_5_3_0_ap_fixed_16_6_5_3_0_config6_s_fu_115/mul_16s_11ns_26_1_1_U138/tmp_product/DSP_MULTIPLIER_INST/U[18]
                         net (fo=1, routed)           0.000     3.178    call_ret5_dense_latency_ap_fixed_16_6_5_3_0_ap_fixed_16_6_5_3_0_config6_s_fu_115/mul_16s_11ns_26_1_1_U138/tmp_product/DSP_MULTIPLIER.U<18>
    DSP48E2_X6Y97        DSP_M_DATA (Prop_DSP_M_DATA_DSP48E2_U[18]_U_DATA[18])
                                                      0.047     3.225 r  call_ret5_dense_latency_ap_fixed_16_6_5_3_0_ap_fixed_16_6_5_3_0_config6_s_fu_115/mul_16s_11ns_26_1_1_U138/tmp_product/DSP_M_DATA_INST/U_DATA[18]
                         net (fo=1, routed)           0.000     3.225    call_ret5_dense_latency_ap_fixed_16_6_5_3_0_ap_fixed_16_6_5_3_0_config6_s_fu_115/mul_16s_11ns_26_1_1_U138/tmp_product/DSP_M_DATA.U_DATA<18>
    DSP48E2_X6Y97        DSP_ALU (Prop_DSP_ALU_DSP48E2_U_DATA[18]_ALU_OUT[18])
                                                      0.585     3.810 f  call_ret5_dense_latency_ap_fixed_16_6_5_3_0_ap_fixed_16_6_5_3_0_config6_s_fu_115/mul_16s_11ns_26_1_1_U138/tmp_product/DSP_ALU_INST/ALU_OUT[18]
                         net (fo=1, routed)           0.000     3.810    call_ret5_dense_latency_ap_fixed_16_6_5_3_0_ap_fixed_16_6_5_3_0_config6_s_fu_115/mul_16s_11ns_26_1_1_U138/tmp_product/DSP_ALU.ALU_OUT<18>
    DSP48E2_X6Y97        DSP_OUTPUT (Prop_DSP_OUTPUT_DSP48E2_ALU_OUT[18]_P[18])
                                                      0.109     3.919 r  call_ret5_dense_latency_ap_fixed_16_6_5_3_0_ap_fixed_16_6_5_3_0_config6_s_fu_115/mul_16s_11ns_26_1_1_U138/tmp_product/DSP_OUTPUT_INST/P[18]
                         net (fo=2, routed)           0.266     4.185    call_ret5_dense_latency_ap_fixed_16_6_5_3_0_ap_fixed_16_6_5_3_0_config6_s_fu_115/trunc_ln42_8_fu_2667_p4[8]
    SLICE_X63Y243        LUT3 (Prop_A5LUT_SLICEM_I2_O)
                                                      0.163     4.348 r  call_ret5_dense_latency_ap_fixed_16_6_5_3_0_ap_fixed_16_6_5_3_0_config6_s_fu_115/layer6_out_2_reg_399[15]_i_42/O
                         net (fo=2, routed)           0.334     4.682    call_ret5_dense_latency_ap_fixed_16_6_5_3_0_ap_fixed_16_6_5_3_0_config6_s_fu_115/layer6_out_2_reg_399[15]_i_42_n_0
    SLICE_X63Y243        LUT4 (Prop_B6LUT_SLICEM_I3_O)
                                                      0.100     4.782 r  call_ret5_dense_latency_ap_fixed_16_6_5_3_0_ap_fixed_16_6_5_3_0_config6_s_fu_115/layer6_out_2_reg_399[15]_i_50/O
                         net (fo=1, routed)           0.016     4.798    call_ret5_dense_latency_ap_fixed_16_6_5_3_0_ap_fixed_16_6_5_3_0_config6_s_fu_115/layer6_out_2_reg_399[15]_i_50_n_0
    SLICE_X63Y243        CARRY8 (Prop_CARRY8_SLICEM_S[1]_O[2])
                                                      0.117     4.915 r  call_ret5_dense_latency_ap_fixed_16_6_5_3_0_ap_fixed_16_6_5_3_0_config6_s_fu_115/layer6_out_2_reg_399_reg[15]_i_17/O[2]
                         net (fo=3, routed)           1.192     6.107    call_ret5_dense_latency_ap_fixed_16_6_5_3_0_ap_fixed_16_6_5_3_0_config6_s_fu_115/mul_16s_11ns_26_1_1_U132/layer6_out_2_reg_399[15]_i_10[1]
    SLICE_X70Y252        LUT4 (Prop_C6LUT_SLICEM_I1_O)
                                                      0.088     6.195 r  call_ret5_dense_latency_ap_fixed_16_6_5_3_0_ap_fixed_16_6_5_3_0_config6_s_fu_115/mul_16s_11ns_26_1_1_U132/layer6_out_2_reg_399[15]_i_22/O
                         net (fo=2, routed)           0.150     6.345    call_ret5_dense_latency_ap_fixed_16_6_5_3_0_ap_fixed_16_6_5_3_0_config6_s_fu_115/mul_16s_11ns_26_1_1_U132/tmp_product_1
    SLICE_X70Y252        LUT5 (Prop_D5LUT_SLICEM_I4_O)
                                                      0.135     6.480 r  call_ret5_dense_latency_ap_fixed_16_6_5_3_0_ap_fixed_16_6_5_3_0_config6_s_fu_115/mul_16s_11ns_26_1_1_U132/layer6_out_2_reg_399[15]_i_5/O
                         net (fo=2, routed)           0.133     6.612    call_ret5_dense_latency_ap_fixed_16_6_5_3_0_ap_fixed_16_6_5_3_0_config6_s_fu_115/mul_16s_11ns_26_1_1_U132_n_20
    SLICE_X70Y251        LUT6 (Prop_D6LUT_SLICEM_I0_O)
                                                      0.037     6.649 r  call_ret5_dense_latency_ap_fixed_16_6_5_3_0_ap_fixed_16_6_5_3_0_config6_s_fu_115/layer6_out_2_reg_399[15]_i_13/O
                         net (fo=1, routed)           0.025     6.674    call_ret5_dense_latency_ap_fixed_16_6_5_3_0_ap_fixed_16_6_5_3_0_config6_s_fu_115/layer6_out_2_reg_399[15]_i_13_n_0
    SLICE_X70Y251        CARRY8 (Prop_CARRY8_SLICEM_S[3]_O[5])
                                                      0.184     6.858 r  call_ret5_dense_latency_ap_fixed_16_6_5_3_0_ap_fixed_16_6_5_3_0_config6_s_fu_115/layer6_out_2_reg_399_reg[15]_i_1/O[5]
                         net (fo=1, routed)           0.025     6.883    call_ret5_dense_latency_ap_fixed_16_6_5_3_0_ap_fixed_16_6_5_3_0_config6_s_fu_115_ap_return_2[13]
    SLICE_X70Y251        FDRE                                         r  layer6_out_2_reg_399_reg[13]/D
  -------------------------------------------------------------------    -------------------

                         (clock ap_clk rise edge)    10.000    10.000 r  
                                                      0.000    10.000 r  ap_clk (IN)
                         net (fo=398, unset)          0.021    10.021    ap_clk
    SLICE_X70Y251        FDRE                                         r  layer6_out_2_reg_399_reg[13]/C
                         clock pessimism              0.000    10.021    
                         clock uncertainty           -0.035     9.986    
    SLICE_X70Y251        FDRE (Setup_FFF_SLICEM_C_D)
                                                      0.025    10.011    layer6_out_2_reg_399_reg[13]
  -------------------------------------------------------------------
                         required time                         10.011    
                         arrival time                          -6.883    
  -------------------------------------------------------------------
                         slack                                  3.127    

Slack (MET) :             3.134ns  (required time - arrival time)
  Source:                 layer2_out_6_reg_339_reg[0]/C
                            (rising edge-triggered cell FDRE clocked by ap_clk  {rise@0.000ns fall@5.000ns period=10.000ns})
  Destination:            layer4_out_7_reg_384_reg[15]/D
                            (rising edge-triggered cell FDRE clocked by ap_clk  {rise@0.000ns fall@5.000ns period=10.000ns})
  Path Group:             ap_clk
  Path Type:              Setup (Max at Slow Process Corner)
  Requirement:            10.000ns  (ap_clk rise@10.000ns - ap_clk rise@0.000ns)
  Data Path Delay:        6.849ns  (logic 3.021ns (44.110%)  route 3.828ns (55.890%))
  Logic Levels:           15  (CARRY8=3 DSP_A_B_DATA=1 DSP_ALU=1 DSP_M_DATA=1 DSP_MULTIPLIER=1 DSP_OUTPUT=1 DSP_PREADD_DATA=1 LUT2=2 LUT3=2 LUT4=1 LUT5=1)
  Clock Path Skew:        -0.007ns (DCD - SCD + CPR)
    Destination Clock Delay (DCD):    0.021ns = ( 10.021 - 10.000 ) 
    Source Clock Delay      (SCD):    0.028ns
    Clock Pessimism Removal (CPR):    0.000ns
  Clock Uncertainty:      0.035ns  ((TSJ^2 + TIJ^2)^1/2 + DJ) / 2 + PE
    Total System Jitter     (TSJ):    0.071ns
    Total Input Jitter      (TIJ):    0.000ns
    Discrete Jitter          (DJ):    0.000ns
    Phase Error              (PE):    0.000ns

    Location             Delay type                Incr(ns)  Path(ns)    Netlist Resource(s)
  -------------------------------------------------------------------    -------------------
                         (clock ap_clk rise edge)     0.000     0.000 r  
                                                      0.000     0.000 r  ap_clk (IN)
                         net (fo=398, unset)          0.028     0.028    ap_clk
    SLICE_X77Y187        FDRE                                         r  layer2_out_6_reg_339_reg[0]/C
  -------------------------------------------------------------------    -------------------
    SLICE_X77Y187        FDRE (Prop_AFF_SLICEL_C_Q)
                                                      0.079     0.107 f  layer2_out_6_reg_339_reg[0]/Q
                         net (fo=3, routed)           0.152     0.259    call_ret3_dense_latency_ap_fixed_16_6_5_3_0_ap_fixed_16_6_5_3_0_config4_s_fu_91/mul_16s_9s_25_1_1_U77/tmp_product_i_16__5_0[0]
    SLICE_X77Y190        LUT2 (Prop_A6LUT_SLICEL_I0_O)
                                                      0.124     0.383 r  call_ret3_dense_latency_ap_fixed_16_6_5_3_0_ap_fixed_16_6_5_3_0_config4_s_fu_91/mul_16s_9s_25_1_1_U77/tmp_product_i_32__5/O
                         net (fo=1, routed)           0.009     0.392    call_ret3_dense_latency_ap_fixed_16_6_5_3_0_ap_fixed_16_6_5_3_0_config4_s_fu_91/mul_16s_9s_25_1_1_U77/tmp_product_i_32__5_n_0
    SLICE_X77Y190        CARRY8 (Prop_CARRY8_SLICEL_S[0]_CO[7])
                                                      0.197     0.589 f  call_ret3_dense_latency_ap_fixed_16_6_5_3_0_ap_fixed_16_6_5_3_0_config4_s_fu_91/mul_16s_9s_25_1_1_U77/tmp_product_i_16__5/CO[7]
                         net (fo=15, routed)          0.363     0.952    call_ret3_dense_latency_ap_fixed_16_6_5_3_0_ap_fixed_16_6_5_3_0_config4_s_fu_91/mul_16s_9s_25_1_1_U77/call_ret2_relu_ap_fixed_16_6_5_3_0_ap_fixed_16_6_5_3_0_relu_config3_s_fu_79/icmp_ln45_13_fu_220_p2
    SLICE_X77Y194        LUT2 (Prop_B5LUT_SLICEL_I0_O)
                                                      0.165     1.117 f  call_ret3_dense_latency_ap_fixed_16_6_5_3_0_ap_fixed_16_6_5_3_0_config4_s_fu_91/mul_16s_9s_25_1_1_U77/tmp_product_i_6__9/O
                         net (fo=8, routed)           1.304     2.421    call_ret3_dense_latency_ap_fixed_16_6_5_3_0_ap_fixed_16_6_5_3_0_config4_s_fu_91/mul_16s_9ns_25_1_1_U69/tmp_product/A[9]
    DSP48E2_X6Y85        DSP_A_B_DATA (Prop_DSP_A_B_DATA_DSP48E2_A[9]_A2_DATA[9])
                                                      0.192     2.613 r  call_ret3_dense_latency_ap_fixed_16_6_5_3_0_ap_fixed_16_6_5_3_0_config4_s_fu_91/mul_16s_9ns_25_1_1_U69/tmp_product/DSP_A_B_DATA_INST/A2_DATA[9]
                         net (fo=1, routed)           0.000     2.613    call_ret3_dense_latency_ap_fixed_16_6_5_3_0_ap_fixed_16_6_5_3_0_config4_s_fu_91/mul_16s_9ns_25_1_1_U69/tmp_product/DSP_A_B_DATA.A2_DATA<9>
    DSP48E2_X6Y85        DSP_PREADD_DATA (Prop_DSP_PREADD_DATA_DSP48E2_A2_DATA[9]_A2A1[9])
                                                      0.076     2.689 r  call_ret3_dense_latency_ap_fixed_16_6_5_3_0_ap_fixed_16_6_5_3_0_config4_s_fu_91/mul_16s_9ns_25_1_1_U69/tmp_product/DSP_PREADD_DATA_INST/A2A1[9]
                         net (fo=1, routed)           0.000     2.689    call_ret3_dense_latency_ap_fixed_16_6_5_3_0_ap_fixed_16_6_5_3_0_config4_s_fu_91/mul_16s_9ns_25_1_1_U69/tmp_product/DSP_PREADD_DATA.A2A1<9>
    DSP48E2_X6Y85        DSP_MULTIPLIER (Prop_DSP_MULTIPLIER_DSP48E2_A2A1[9]_U[11])
                                                      0.505     3.194 f  call_ret3_dense_latency_ap_fixed_16_6_5_3_0_ap_fixed_16_6_5_3_0_config4_s_fu_91/mul_16s_9ns_25_1_1_U69/tmp_product/DSP_MULTIPLIER_INST/U[11]
                         net (fo=1, routed)           0.000     3.194    call_ret3_dense_latency_ap_fixed_16_6_5_3_0_ap_fixed_16_6_5_3_0_config4_s_fu_91/mul_16s_9ns_25_1_1_U69/tmp_product/DSP_MULTIPLIER.U<11>
    DSP48E2_X6Y85        DSP_M_DATA (Prop_DSP_M_DATA_DSP48E2_U[11]_U_DATA[11])
                                                      0.047     3.241 r  call_ret3_dense_latency_ap_fixed_16_6_5_3_0_ap_fixed_16_6_5_3_0_config4_s_fu_91/mul_16s_9ns_25_1_1_U69/tmp_product/DSP_M_DATA_INST/U_DATA[11]
                         net (fo=1, routed)           0.000     3.241    call_ret3_dense_latency_ap_fixed_16_6_5_3_0_ap_fixed_16_6_5_3_0_config4_s_fu_91/mul_16s_9ns_25_1_1_U69/tmp_product/DSP_M_DATA.U_DATA<11>
    DSP48E2_X6Y85        DSP_ALU (Prop_DSP_ALU_DSP48E2_U_DATA[11]_ALU_OUT[11])
                                                      0.585     3.826 f  call_ret3_dense_latency_ap_fixed_16_6_5_3_0_ap_fixed_16_6_5_3_0_config4_s_fu_91/mul_16s_9ns_25_1_1_U69/tmp_product/DSP_ALU_INST/ALU_OUT[11]
                         net (fo=1, routed)           0.000     3.826    call_ret3_dense_latency_ap_fixed_16_6_5_3_0_ap_fixed_16_6_5_3_0_config4_s_fu_91/mul_16s_9ns_25_1_1_U69/tmp_product/DSP_ALU.ALU_OUT<11>
    DSP48E2_X6Y85        DSP_OUTPUT (Prop_DSP_OUTPUT_DSP48E2_ALU_OUT[11]_P[11])
                                                      0.109     3.935 r  call_ret3_dense_latency_ap_fixed_16_6_5_3_0_ap_fixed_16_6_5_3_0_config4_s_fu_91/mul_16s_9ns_25_1_1_U69/tmp_product/DSP_OUTPUT_INST/P[11]
                         net (fo=2, routed)           0.269     4.204    call_ret3_dense_latency_ap_fixed_16_6_5_3_0_ap_fixed_16_6_5_3_0_config4_s_fu_91/sext_ln42_30_fu_15552_p1[1]
    SLICE_X64Y214        LUT3 (Prop_B5LUT_SLICEM_I2_O)
                                                      0.143     4.347 r  call_ret3_dense_latency_ap_fixed_16_6_5_3_0_ap_fixed_16_6_5_3_0_config4_s_fu_91/layer4_out_7_reg_384[15]_i_82/O
                         net (fo=2, routed)           0.212     4.559    call_ret3_dense_latency_ap_fixed_16_6_5_3_0_ap_fixed_16_6_5_3_0_config4_s_fu_91/layer4_out_7_reg_384[15]_i_82_n_0
    SLICE_X64Y214        LUT4 (Prop_C6LUT_SLICEM_I3_O)
                                                      0.123     4.682 r  call_ret3_dense_latency_ap_fixed_16_6_5_3_0_ap_fixed_16_6_5_3_0_config4_s_fu_91/layer4_out_7_reg_384[15]_i_89/O
                         net (fo=1, routed)           0.021     4.703    call_ret3_dense_latency_ap_fixed_16_6_5_3_0_ap_fixed_16_6_5_3_0_config4_s_fu_91/layer4_out_7_reg_384[15]_i_89_n_0
    SLICE_X64Y214        CARRY8 (Prop_CARRY8_SLICEM_S[2]_O[7])
                                                      0.202     4.905 r  call_ret3_dense_latency_ap_fixed_16_6_5_3_0_ap_fixed_16_6_5_3_0_config4_s_fu_91/layer4_out_7_reg_384_reg[15]_i_26/O[7]
                         net (fo=3, routed)           0.981     5.886    call_ret3_dense_latency_ap_fixed_16_6_5_3_0_ap_fixed_16_6_5_3_0_config4_s_fu_91/mul_16s_8ns_24_1_1_U56/layer4_out_7_reg_384_reg[15]_0[6]
    SLICE_X72Y216        LUT3 (Prop_D6LUT_SLICEL_I1_O)
                                                      0.146     6.032 r  call_ret3_dense_latency_ap_fixed_16_6_5_3_0_ap_fixed_16_6_5_3_0_config4_s_fu_91/mul_16s_8ns_24_1_1_U56/layer4_out_7_reg_384[15]_i_27/O
                         net (fo=2, routed)           0.176     6.208    call_ret3_dense_latency_ap_fixed_16_6_5_3_0_ap_fixed_16_6_5_3_0_config4_s_fu_91/mul_16s_8ns_24_1_1_U56/tmp_product_6
    SLICE_X71Y214        LUT5 (Prop_F5LUT_SLICEM_I1_O)
                                                      0.117     6.325 r  call_ret3_dense_latency_ap_fixed_16_6_5_3_0_ap_fixed_16_6_5_3_0_config4_s_fu_91/mul_16s_8ns_24_1_1_U56/layer4_out_7_reg_384[15]_i_8/O
                         net (fo=2, routed)           0.315     6.640    call_ret3_dense_latency_ap_fixed_16_6_5_3_0_ap_fixed_16_6_5_3_0_config4_s_fu_91/mul_16s_8ns_24_1_1_U56_n_29
    SLICE_X71Y216        CARRY8 (Prop_CARRY8_SLICEM_DI[0]_O[7])
                                                      0.211     6.851 r  call_ret3_dense_latency_ap_fixed_16_6_5_3_0_ap_fixed_16_6_5_3_0_config4_s_fu_91/layer4_out_7_reg_384_reg[15]_i_1/O[7]
                         net (fo=1, routed)           0.026     6.877    call_ret3_dense_latency_ap_fixed_16_6_5_3_0_ap_fixed_16_6_5_3_0_config4_s_fu_91_ap_return_7[15]
    SLICE_X71Y216        FDRE                                         r  layer4_out_7_reg_384_reg[15]/D
  -------------------------------------------------------------------    -------------------

                         (clock ap_clk rise edge)    10.000    10.000 r  
                                                      0.000    10.000 r  ap_clk (IN)
                         net (fo=398, unset)          0.021    10.021    ap_clk
    SLICE_X71Y216        FDRE                                         r  layer4_out_7_reg_384_reg[15]/C
                         clock pessimism              0.000    10.021    
                         clock uncertainty           -0.035     9.986    
    SLICE_X71Y216        FDRE (Setup_HFF_SLICEM_C_D)
                                                      0.025    10.011    layer4_out_7_reg_384_reg[15]
  -------------------------------------------------------------------
                         required time                         10.011    
                         arrival time                          -6.877    
  -------------------------------------------------------------------
                         slack                                  3.134    

Slack (MET) :             3.137ns  (required time - arrival time)
  Source:                 layer2_out_5_reg_334_reg[0]/C
                            (rising edge-triggered cell FDRE clocked by ap_clk  {rise@0.000ns fall@5.000ns period=10.000ns})
  Destination:            layer4_out_reg_349_reg[9]/D
                            (rising edge-triggered cell FDRE clocked by ap_clk  {rise@0.000ns fall@5.000ns period=10.000ns})
  Path Group:             ap_clk
  Path Type:              Setup (Max at Slow Process Corner)
  Requirement:            10.000ns  (ap_clk rise@10.000ns - ap_clk rise@0.000ns)
  Data Path Delay:        6.843ns  (logic 2.936ns (42.908%)  route 3.907ns (57.092%))
  Logic Levels:           17  (CARRY8=4 DSP_A_B_DATA=1 DSP_ALU=1 DSP_M_DATA=1 DSP_MULTIPLIER=1 DSP_OUTPUT=1 DSP_PREADD_DATA=1 LUT2=2 LUT3=1 LUT4=1 LUT5=1 LUT6=2)
  Clock Path Skew:        -0.010ns (DCD - SCD + CPR)
    Destination Clock Delay (DCD):    0.020ns = ( 10.020 - 10.000 ) 
    Source Clock Delay      (SCD):    0.030ns
    Clock Pessimism Removal (CPR):    0.000ns
  Clock Uncertainty:      0.035ns  ((TSJ^2 + TIJ^2)^1/2 + DJ) / 2 + PE
    Total System Jitter     (TSJ):    0.071ns
    Total Input Jitter      (TIJ):    0.000ns
    Discrete Jitter          (DJ):    0.000ns
    Phase Error              (PE):    0.000ns

    Location             Delay type                Incr(ns)  Path(ns)    Netlist Resource(s)
  -------------------------------------------------------------------    -------------------
                         (clock ap_clk rise edge)     0.000     0.000 r  
                                                      0.000     0.000 r  ap_clk (IN)
                         net (fo=398, unset)          0.030     0.030    ap_clk
    SLICE_X70Y181        FDRE                                         r  layer2_out_5_reg_334_reg[0]/C
  -------------------------------------------------------------------    -------------------
    SLICE_X70Y181        FDRE (Prop_AFF_SLICEM_C_Q)
                                                      0.077     0.107 f  layer2_out_5_reg_334_reg[0]/Q
                         net (fo=6, routed)           0.156     0.263    call_ret3_dense_latency_ap_fixed_16_6_5_3_0_ap_fixed_16_6_5_3_0_config4_s_fu_91/mul_16s_11s_26_1_1_U91/tmp_product_i_16__4_0[0]
    SLICE_X70Y184        LUT2 (Prop_A6LUT_SLICEM_I0_O)
                                                      0.125     0.388 r  call_ret3_dense_latency_ap_fixed_16_6_5_3_0_ap_fixed_16_6_5_3_0_config4_s_fu_91/mul_16s_11s_26_1_1_U91/tmp_product_i_32__4/O
                         net (fo=1, routed)           0.013     0.401    call_ret3_dense_latency_ap_fixed_16_6_5_3_0_ap_fixed_16_6_5_3_0_config4_s_fu_91/mul_16s_11s_26_1_1_U91/tmp_product_i_32__4_n_0
    SLICE_X70Y184        CARRY8 (Prop_CARRY8_SLICEM_S[0]_CO[7])
                                                      0.199     0.600 f  call_ret3_dense_latency_ap_fixed_16_6_5_3_0_ap_fixed_16_6_5_3_0_config4_s_fu_91/mul_16s_11s_26_1_1_U91/tmp_product_i_16__4/CO[7]
                         net (fo=53, routed)          0.331     0.931    call_ret3_dense_latency_ap_fixed_16_6_5_3_0_ap_fixed_16_6_5_3_0_config4_s_fu_91/mul_16s_11s_26_1_1_U91/CO[0]
    SLICE_X70Y202        LUT2 (Prop_H6LUT_SLICEM_I0_O)
                                                      0.101     1.032 f  call_ret3_dense_latency_ap_fixed_16_6_5_3_0_ap_fixed_16_6_5_3_0_config4_s_fu_91/mul_16s_11s_26_1_1_U91/tmp_product_i_13__8/O
                         net (fo=7, routed)           1.468     2.500    call_ret3_dense_latency_ap_fixed_16_6_5_3_0_ap_fixed_16_6_5_3_0_config4_s_fu_91/mul_16s_8s_24_1_1_U82/tmp_product/A[2]
    DSP48E2_X6Y87        DSP_A_B_DATA (Prop_DSP_A_B_DATA_DSP48E2_A[2]_A2_DATA[2])
                                                      0.192     2.692 r  call_ret3_dense_latency_ap_fixed_16_6_5_3_0_ap_fixed_16_6_5_3_0_config4_s_fu_91/mul_16s_8s_24_1_1_U82/tmp_product/DSP_A_B_DATA_INST/A2_DATA[2]
                         net (fo=1, routed)           0.000     2.692    call_ret3_dense_latency_ap_fixed_16_6_5_3_0_ap_fixed_16_6_5_3_0_config4_s_fu_91/mul_16s_8s_24_1_1_U82/tmp_product/DSP_A_B_DATA.A2_DATA<2>
    DSP48E2_X6Y87        DSP_PREADD_DATA (Prop_DSP_PREADD_DATA_DSP48E2_A2_DATA[2]_A2A1[2])
                                                      0.076     2.768 r  call_ret3_dense_latency_ap_fixed_16_6_5_3_0_ap_fixed_16_6_5_3_0_config4_s_fu_91/mul_16s_8s_24_1_1_U82/tmp_product/DSP_PREADD_DATA_INST/A2A1[2]
                         net (fo=1, routed)           0.000     2.768    call_ret3_dense_latency_ap_fixed_16_6_5_3_0_ap_fixed_16_6_5_3_0_config4_s_fu_91/mul_16s_8s_24_1_1_U82/tmp_product/DSP_PREADD_DATA.A2A1<2>
    DSP48E2_X6Y87        DSP_MULTIPLIER (Prop_DSP_MULTIPLIER_DSP48E2_A2A1[2]_U[11])
                                                      0.505     3.273 f  call_ret3_dense_latency_ap_fixed_16_6_5_3_0_ap_fixed_16_6_5_3_0_config4_s_fu_91/mul_16s_8s_24_1_1_U82/tmp_product/DSP_MULTIPLIER_INST/U[11]
                         net (fo=1, routed)           0.000     3.273    call_ret3_dense_latency_ap_fixed_16_6_5_3_0_ap_fixed_16_6_5_3_0_config4_s_fu_91/mul_16s_8s_24_1_1_U82/tmp_product/DSP_MULTIPLIER.U<11>
    DSP48E2_X6Y87        DSP_M_DATA (Prop_DSP_M_DATA_DSP48E2_U[11]_U_DATA[11])
                                                      0.047     3.320 r  call_ret3_dense_latency_ap_fixed_16_6_5_3_0_ap_fixed_16_6_5_3_0_config4_s_fu_91/mul_16s_8s_24_1_1_U82/tmp_product/DSP_M_DATA_INST/U_DATA[11]
                         net (fo=1, routed)           0.000     3.320    call_ret3_dense_latency_ap_fixed_16_6_5_3_0_ap_fixed_16_6_5_3_0_config4_s_fu_91/mul_16s_8s_24_1_1_U82/tmp_product/DSP_M_DATA.U_DATA<11>
    DSP48E2_X6Y87        DSP_ALU (Prop_DSP_ALU_DSP48E2_U_DATA[11]_ALU_OUT[11])
                                                      0.585     3.905 f  call_ret3_dense_latency_ap_fixed_16_6_5_3_0_ap_fixed_16_6_5_3_0_config4_s_fu_91/mul_16s_8s_24_1_1_U82/tmp_product/DSP_ALU_INST/ALU_OUT[11]
                         net (fo=1, routed)           0.000     3.905    call_ret3_dense_latency_ap_fixed_16_6_5_3_0_ap_fixed_16_6_5_3_0_config4_s_fu_91/mul_16s_8s_24_1_1_U82/tmp_product/DSP_ALU.ALU_OUT<11>
    DSP48E2_X6Y87        DSP_OUTPUT (Prop_DSP_OUTPUT_DSP48E2_ALU_OUT[11]_P[11])
                                                      0.109     4.014 r  call_ret3_dense_latency_ap_fixed_16_6_5_3_0_ap_fixed_16_6_5_3_0_config4_s_fu_91/mul_16s_8s_24_1_1_U82/tmp_product/DSP_OUTPUT_INST/P[11]
                         net (fo=2, routed)           0.387     4.401    call_ret3_dense_latency_ap_fixed_16_6_5_3_0_ap_fixed_16_6_5_3_0_config4_s_fu_91/tmp_product__0_4[11]
    SLICE_X63Y222        LUT3 (Prop_B5LUT_SLICEM_I1_O)
                                                      0.072     4.473 r  call_ret3_dense_latency_ap_fixed_16_6_5_3_0_ap_fixed_16_6_5_3_0_config4_s_fu_91/layer4_out_reg_349[15]_i_78/O
                         net (fo=2, routed)           0.174     4.647    call_ret3_dense_latency_ap_fixed_16_6_5_3_0_ap_fixed_16_6_5_3_0_config4_s_fu_91/layer4_out_reg_349[15]_i_78_n_0
    SLICE_X63Y222        LUT4 (Prop_C6LUT_SLICEM_I3_O)
                                                      0.123     4.770 r  call_ret3_dense_latency_ap_fixed_16_6_5_3_0_ap_fixed_16_6_5_3_0_config4_s_fu_91/layer4_out_reg_349[15]_i_85/O
                         net (fo=1, routed)           0.021     4.791    call_ret3_dense_latency_ap_fixed_16_6_5_3_0_ap_fixed_16_6_5_3_0_config4_s_fu_91/layer4_out_reg_349[15]_i_85_n_0
    SLICE_X63Y222        CARRY8 (Prop_CARRY8_SLICEM_S[2]_CO[7])
                                                      0.161     4.952 r  call_ret3_dense_latency_ap_fixed_16_6_5_3_0_ap_fixed_16_6_5_3_0_config4_s_fu_91/layer4_out_reg_349_reg[15]_i_40/CO[7]
                         net (fo=1, routed)           0.026     4.978    call_ret3_dense_latency_ap_fixed_16_6_5_3_0_ap_fixed_16_6_5_3_0_config4_s_fu_91/layer4_out_reg_349_reg[15]_i_40_n_0
    SLICE_X63Y223        CARRY8 (Prop_CARRY8_SLICEM_CI_O[0])
                                                      0.056     5.034 r  call_ret3_dense_latency_ap_fixed_16_6_5_3_0_ap_fixed_16_6_5_3_0_config4_s_fu_91/layer4_out_reg_349_reg[15]_i_19/O[0]
                         net (fo=6, routed)           0.989     6.023    call_ret3_dense_latency_ap_fixed_16_6_5_3_0_ap_fixed_16_6_5_3_0_config4_s_fu_91/mul_16s_8s_24_1_1_U51/layer4_out_reg_349[15]_i_9_1[0]
    SLICE_X73Y225        LUT6 (Prop_F6LUT_SLICEM_I4_O)
                                                      0.148     6.171 r  call_ret3_dense_latency_ap_fixed_16_6_5_3_0_ap_fixed_16_6_5_3_0_config4_s_fu_91/mul_16s_8s_24_1_1_U51/layer4_out_reg_349[15]_i_29/O
                         net (fo=2, routed)           0.156     6.327    call_ret3_dense_latency_ap_fixed_16_6_5_3_0_ap_fixed_16_6_5_3_0_config4_s_fu_91/mul_16s_8s_24_1_1_U51/tmp_product_1
    SLICE_X73Y226        LUT5 (Prop_C5LUT_SLICEM_I4_O)
                                                      0.159     6.486 r  call_ret3_dense_latency_ap_fixed_16_6_5_3_0_ap_fixed_16_6_5_3_0_config4_s_fu_91/mul_16s_8s_24_1_1_U51/layer4_out_reg_349[15]_i_7/O
                         net (fo=2, routed)           0.152     6.638    call_ret3_dense_latency_ap_fixed_16_6_5_3_0_ap_fixed_16_6_5_3_0_config4_s_fu_91/mul_16s_8s_24_1_1_U51_n_15
    SLICE_X72Y226        LUT6 (Prop_B6LUT_SLICEL_I0_O)
                                                      0.148     6.786 r  call_ret3_dense_latency_ap_fixed_16_6_5_3_0_ap_fixed_16_6_5_3_0_config4_s_fu_91/layer4_out_reg_349[15]_i_15/O
                         net (fo=1, routed)           0.009     6.795    call_ret3_dense_latency_ap_fixed_16_6_5_3_0_ap_fixed_16_6_5_3_0_config4_s_fu_91/layer4_out_reg_349[15]_i_15_n_0
    SLICE_X72Y226        CARRY8 (Prop_CARRY8_SLICEL_S[1]_O[1])
                                                      0.053     6.848 r  call_ret3_dense_latency_ap_fixed_16_6_5_3_0_ap_fixed_16_6_5_3_0_config4_s_fu_91/layer4_out_reg_349_reg[15]_i_1/O[1]
                         net (fo=1, routed)           0.025     6.873    call_ret3_dense_latency_ap_fixed_16_6_5_3_0_ap_fixed_16_6_5_3_0_config4_s_fu_91_ap_return_0[9]
    SLICE_X72Y226        FDRE                                         r  layer4_out_reg_349_reg[9]/D
  -------------------------------------------------------------------    -------------------

                         (clock ap_clk rise edge)    10.000    10.000 r  
                                                      0.000    10.000 r  ap_clk (IN)
                         net (fo=398, unset)          0.020    10.020    ap_clk
    SLICE_X72Y226        FDRE                                         r  layer4_out_reg_349_reg[9]/C
                         clock pessimism              0.000    10.020    
                         clock uncertainty           -0.035     9.985    
    SLICE_X72Y226        FDRE (Setup_BFF_SLICEL_C_D)
                                                      0.025    10.010    layer4_out_reg_349_reg[9]
  -------------------------------------------------------------------
                         required time                         10.010    
                         arrival time                          -6.873    
  -------------------------------------------------------------------
                         slack                                  3.137    





Min Delay Paths
--------------------------------------------------------------------------------------
Slack (MET) :             0.064ns  (arrival time - required time)
  Source:                 grp_softmax_stable_ap_fixed_ap_fixed_16_6_5_3_0_softmax_config7_s_fu_127_ap_start_reg_reg/C
                            (rising edge-triggered cell FDRE clocked by ap_clk  {rise@0.000ns fall@5.000ns period=10.000ns})
  Destination:            grp_softmax_stable_ap_fixed_ap_fixed_16_6_5_3_0_softmax_config7_s_fu_127_ap_start_reg_reg/D
                            (rising edge-triggered cell FDRE clocked by ap_clk  {rise@0.000ns fall@5.000ns period=10.000ns})
  Path Group:             ap_clk
  Path Type:              Hold (Min at Fast Process Corner)
  Requirement:            0.000ns  (ap_clk rise@0.000ns - ap_clk rise@0.000ns)
  Data Path Delay:        0.116ns  (logic 0.053ns (45.548%)  route 0.063ns (54.452%))
  Logic Levels:           1  (LUT6=1)
  Clock Path Skew:        0.006ns (DCD - SCD - CPR)
    Destination Clock Delay (DCD):    0.019ns
    Source Clock Delay      (SCD):    0.013ns
    Clock Pessimism Removal (CPR):    -0.000ns

    Location             Delay type                Incr(ns)  Path(ns)    Netlist Resource(s)
  -------------------------------------------------------------------    -------------------
                         (clock ap_clk rise edge)     0.000     0.000 r  
                                                      0.000     0.000 r  ap_clk (IN)
                         net (fo=398, unset)          0.013     0.013    ap_clk
    SLICE_X69Y244        FDRE                                         r  grp_softmax_stable_ap_fixed_ap_fixed_16_6_5_3_0_softmax_config7_s_fu_127_ap_start_reg_reg/C
  -------------------------------------------------------------------    -------------------
    SLICE_X69Y244        FDRE (Prop_GFF_SLICEL_C_Q)
                                                      0.039     0.052 r  grp_softmax_stable_ap_fixed_ap_fixed_16_6_5_3_0_softmax_config7_s_fu_127_ap_start_reg_reg/Q
                         net (fo=3, routed)           0.047     0.099    grp_softmax_stable_ap_fixed_ap_fixed_16_6_5_3_0_softmax_config7_s_fu_127_ap_start_reg
    SLICE_X69Y244        LUT6 (Prop_G6LUT_SLICEL_I1_O)
                                                      0.014     0.113 r  grp_softmax_stable_ap_fixed_ap_fixed_16_6_5_3_0_softmax_config7_s_fu_127_ap_start_reg_i_1/O
                         net (fo=1, routed)           0.016     0.129    grp_softmax_stable_ap_fixed_ap_fixed_16_6_5_3_0_softmax_config7_s_fu_127_ap_start_reg_i_1_n_0
    SLICE_X69Y244        FDRE                                         r  grp_softmax_stable_ap_fixed_ap_fixed_16_6_5_3_0_softmax_config7_s_fu_127_ap_start_reg_reg/D
  -------------------------------------------------------------------    -------------------

                         (clock ap_clk rise edge)     0.000     0.000 r  
                                                      0.000     0.000 r  ap_clk (IN)
                         net (fo=398, unset)          0.019     0.019    ap_clk
    SLICE_X69Y244        FDRE                                         r  grp_softmax_stable_ap_fixed_ap_fixed_16_6_5_3_0_softmax_config7_s_fu_127_ap_start_reg_reg/C
                         clock pessimism              0.000     0.019    
    SLICE_X69Y244        FDRE (Hold_GFF_SLICEL_C_D)
                                                      0.046     0.065    grp_softmax_stable_ap_fixed_ap_fixed_16_6_5_3_0_softmax_config7_s_fu_127_ap_start_reg_reg
  -------------------------------------------------------------------
                         required time                         -0.065    
                         arrival time                           0.129    
  -------------------------------------------------------------------
                         slack                                  0.064    

Slack (MET) :             0.076ns  (arrival time - required time)
  Source:                 ap_enable_reg_pp0_iter4_reg/C
                            (rising edge-triggered cell FDRE clocked by ap_clk  {rise@0.000ns fall@5.000ns period=10.000ns})
  Destination:            ap_enable_reg_pp0_iter5_reg/D
                            (rising edge-triggered cell FDRE clocked by ap_clk  {rise@0.000ns fall@5.000ns period=10.000ns})
  Path Group:             ap_clk
  Path Type:              Hold (Min at Fast Process Corner)
  Requirement:            0.000ns  (ap_clk rise@0.000ns - ap_clk rise@0.000ns)
  Data Path Delay:        0.128ns  (logic 0.040ns (31.293%)  route 0.088ns (68.707%))
  Logic Levels:           0  
  Clock Path Skew:        0.006ns (DCD - SCD - CPR)
    Destination Clock Delay (DCD):    0.018ns
    Source Clock Delay      (SCD):    0.012ns
    Clock Pessimism Removal (CPR):    -0.000ns

    Location             Delay type                Incr(ns)  Path(ns)    Netlist Resource(s)
  -------------------------------------------------------------------    -------------------
                         (clock ap_clk rise edge)     0.000     0.000 r  
                                                      0.000     0.000 r  ap_clk (IN)
                         net (fo=398, unset)          0.012     0.012    ap_clk
    SLICE_X69Y244        FDRE                                         r  ap_enable_reg_pp0_iter4_reg/C
  -------------------------------------------------------------------    -------------------
    SLICE_X69Y244        FDRE (Prop_BFF2_SLICEL_C_Q)
                                                      0.040     0.052 r  ap_enable_reg_pp0_iter4_reg/Q
                         net (fo=2, routed)           0.088     0.140    ap_enable_reg_pp0_iter4
    SLICE_X69Y244        FDRE                                         r  ap_enable_reg_pp0_iter5_reg/D
  -------------------------------------------------------------------    -------------------

                         (clock ap_clk rise edge)     0.000     0.000 r  
                                                      0.000     0.000 r  ap_clk (IN)
                         net (fo=398, unset)          0.018     0.018    ap_clk
    SLICE_X69Y244        FDRE                                         r  ap_enable_reg_pp0_iter5_reg/C
                         clock pessimism              0.000     0.018    
    SLICE_X69Y244        FDRE (Hold_CFF_SLICEL_C_D)
                                                      0.046     0.064    ap_enable_reg_pp0_iter5_reg
  -------------------------------------------------------------------
                         required time                         -0.064    
                         arrival time                           0.140    
  -------------------------------------------------------------------
                         slack                                  0.076    

Slack (MET) :             0.089ns  (arrival time - required time)
  Source:                 grp_softmax_stable_ap_fixed_ap_fixed_16_6_5_3_0_softmax_config7_s_fu_127_ap_start_reg_reg/C
                            (rising edge-triggered cell FDRE clocked by ap_clk  {rise@0.000ns fall@5.000ns period=10.000ns})
  Destination:            grp_softmax_stable_ap_fixed_ap_fixed_16_6_5_3_0_softmax_config7_s_fu_127/ap_enable_reg_pp0_iter1_reg/D
                            (rising edge-triggered cell FDRE clocked by ap_clk  {rise@0.000ns fall@5.000ns period=10.000ns})
  Path Group:             ap_clk
  Path Type:              Hold (Min at Fast Process Corner)
  Requirement:            0.000ns  (ap_clk rise@0.000ns - ap_clk rise@0.000ns)
  Data Path Delay:        0.142ns  (logic 0.086ns (60.410%)  route 0.056ns (39.590%))
  Logic Levels:           1  (LUT3=1)
  Clock Path Skew:        0.006ns (DCD - SCD - CPR)
    Destination Clock Delay (DCD):    0.019ns
    Source Clock Delay      (SCD):    0.013ns
    Clock Pessimism Removal (CPR):    -0.000ns

    Location             Delay type                Incr(ns)  Path(ns)    Netlist Resource(s)
  -------------------------------------------------------------------    -------------------
                         (clock ap_clk rise edge)     0.000     0.000 r  
                                                      0.000     0.000 r  ap_clk (IN)
                         net (fo=398, unset)          0.013     0.013    ap_clk
    SLICE_X69Y244        FDRE                                         r  grp_softmax_stable_ap_fixed_ap_fixed_16_6_5_3_0_softmax_config7_s_fu_127_ap_start_reg_reg/C
  -------------------------------------------------------------------    -------------------
    SLICE_X69Y244        FDRE (Prop_GFF_SLICEL_C_Q)
                                                      0.039     0.052 r  grp_softmax_stable_ap_fixed_ap_fixed_16_6_5_3_0_softmax_config7_s_fu_127_ap_start_reg_reg/Q
                         net (fo=3, routed)           0.050     0.102    grp_softmax_stable_ap_fixed_ap_fixed_16_6_5_3_0_softmax_config7_s_fu_127/grp_softmax_stable_ap_fixed_ap_fixed_16_6_5_3_0_softmax_config7_s_fu_127_ap_start_reg
    SLICE_X69Y244        LUT3 (Prop_H5LUT_SLICEL_I0_O)
                                                      0.047     0.149 r  grp_softmax_stable_ap_fixed_ap_fixed_16_6_5_3_0_softmax_config7_s_fu_127/ap_enable_reg_pp0_iter1_i_1/O
                         net (fo=1, routed)           0.006     0.155    grp_softmax_stable_ap_fixed_ap_fixed_16_6_5_3_0_softmax_config7_s_fu_127/ap_enable_reg_pp0_iter1_i_1_n_0
    SLICE_X69Y244        FDRE                                         r  grp_softmax_stable_ap_fixed_ap_fixed_16_6_5_3_0_softmax_config7_s_fu_127/ap_enable_reg_pp0_iter1_reg/D
  -------------------------------------------------------------------    -------------------

                         (clock ap_clk rise edge)     0.000     0.000 r  
                                                      0.000     0.000 r  ap_clk (IN)
                         net (fo=398, unset)          0.019     0.019    grp_softmax_stable_ap_fixed_ap_fixed_16_6_5_3_0_softmax_config7_s_fu_127/ap_clk
    SLICE_X69Y244        FDRE                                         r  grp_softmax_stable_ap_fixed_ap_fixed_16_6_5_3_0_softmax_config7_s_fu_127/ap_enable_reg_pp0_iter1_reg/C
                         clock pessimism              0.000     0.019    
    SLICE_X69Y244        FDRE (Hold_HFF2_SLICEL_C_D)
                                                      0.047     0.066    grp_softmax_stable_ap_fixed_ap_fixed_16_6_5_3_0_softmax_config7_s_fu_127/ap_enable_reg_pp0_iter1_reg
  -------------------------------------------------------------------
                         required time                         -0.066    
                         arrival time                           0.155    
  -------------------------------------------------------------------
                         slack                                  0.089    

Slack (MET) :             0.090ns  (arrival time - required time)
  Source:                 ap_enable_reg_pp0_iter1_reg/C
                            (rising edge-triggered cell FDRE clocked by ap_clk  {rise@0.000ns fall@5.000ns period=10.000ns})
  Destination:            ap_enable_reg_pp0_iter2_reg/D
                            (rising edge-triggered cell FDRE clocked by ap_clk  {rise@0.000ns fall@5.000ns period=10.000ns})
  Path Group:             ap_clk
  Path Type:              Hold (Min at Fast Process Corner)
  Requirement:            0.000ns  (ap_clk rise@0.000ns - ap_clk rise@0.000ns)
  Data Path Delay:        0.143ns  (logic 0.039ns (27.255%)  route 0.104ns (72.745%))
  Logic Levels:           0  
  Clock Path Skew:        0.006ns (DCD - SCD - CPR)
    Destination Clock Delay (DCD):    0.018ns
    Source Clock Delay      (SCD):    0.012ns
    Clock Pessimism Removal (CPR):    -0.000ns

    Location             Delay type                Incr(ns)  Path(ns)    Netlist Resource(s)
  -------------------------------------------------------------------    -------------------
                         (clock ap_clk rise edge)     0.000     0.000 r  
                                                      0.000     0.000 r  ap_clk (IN)
                         net (fo=398, unset)          0.012     0.012    ap_clk
    SLICE_X69Y244        FDRE                                         r  ap_enable_reg_pp0_iter1_reg/C
  -------------------------------------------------------------------    -------------------
    SLICE_X69Y244        FDRE (Prop_AFF_SLICEL_C_Q)
                                                      0.039     0.051 r  ap_enable_reg_pp0_iter1_reg/Q
                         net (fo=2, routed)           0.104     0.155    ap_enable_reg_pp0_iter1
    SLICE_X69Y244        FDRE                                         r  ap_enable_reg_pp0_iter2_reg/D
  -------------------------------------------------------------------    -------------------

                         (clock ap_clk rise edge)     0.000     0.000 r  
                                                      0.000     0.000 r  ap_clk (IN)
                         net (fo=398, unset)          0.018     0.018    ap_clk
    SLICE_X69Y244        FDRE                                         r  ap_enable_reg_pp0_iter2_reg/C
                         clock pessimism              0.000     0.018    
    SLICE_X69Y244        FDRE (Hold_AFF2_SLICEL_C_D)
                                                      0.047     0.065    ap_enable_reg_pp0_iter2_reg
  -------------------------------------------------------------------
                         required time                         -0.065    
                         arrival time                           0.155    
  -------------------------------------------------------------------
                         slack                                  0.090    

Slack (MET) :             0.114ns  (arrival time - required time)
  Source:                 ap_enable_reg_pp0_iter3_reg/C
                            (rising edge-triggered cell FDRE clocked by ap_clk  {rise@0.000ns fall@5.000ns period=10.000ns})
  Destination:            ap_enable_reg_pp0_iter4_reg/D
                            (rising edge-triggered cell FDRE clocked by ap_clk  {rise@0.000ns fall@5.000ns period=10.000ns})
  Path Group:             ap_clk
  Path Type:              Hold (Min at Fast Process Corner)
  Requirement:            0.000ns  (ap_clk rise@0.000ns - ap_clk rise@0.000ns)
  Data Path Delay:        0.167ns  (logic 0.039ns (23.340%)  route 0.128ns (76.660%))
  Logic Levels:           0  
  Clock Path Skew:        0.006ns (DCD - SCD - CPR)
    Destination Clock Delay (DCD):    0.018ns
    Source Clock Delay      (SCD):    0.012ns
    Clock Pessimism Removal (CPR):    -0.000ns

    Location             Delay type                Incr(ns)  Path(ns)    Netlist Resource(s)
  -------------------------------------------------------------------    -------------------
                         (clock ap_clk rise edge)     0.000     0.000 r  
                                                      0.000     0.000 r  ap_clk (IN)
                         net (fo=398, unset)          0.012     0.012    ap_clk
    SLICE_X69Y244        FDRE                                         r  ap_enable_reg_pp0_iter3_reg/C
  -------------------------------------------------------------------    -------------------
    SLICE_X69Y244        FDRE (Prop_BFF_SLICEL_C_Q)
                                                      0.039     0.051 r  ap_enable_reg_pp0_iter3_reg/Q
                         net (fo=2, routed)           0.128     0.179    ap_enable_reg_pp0_iter3
    SLICE_X69Y244        FDRE                                         r  ap_enable_reg_pp0_iter4_reg/D
  -------------------------------------------------------------------    -------------------

                         (clock ap_clk rise edge)     0.000     0.000 r  
                                                      0.000     0.000 r  ap_clk (IN)
                         net (fo=398, unset)          0.018     0.018    ap_clk
    SLICE_X69Y244        FDRE                                         r  ap_enable_reg_pp0_iter4_reg/C
                         clock pessimism              0.000     0.018    
    SLICE_X69Y244        FDRE (Hold_BFF2_SLICEL_C_D)
                                                      0.047     0.065    ap_enable_reg_pp0_iter4_reg
  -------------------------------------------------------------------
                         required time                         -0.065    
                         arrival time                           0.179    
  -------------------------------------------------------------------
                         slack                                  0.114    

Slack (MET) :             0.119ns  (arrival time - required time)
  Source:                 ap_enable_reg_pp0_iter2_reg/C
                            (rising edge-triggered cell FDRE clocked by ap_clk  {rise@0.000ns fall@5.000ns period=10.000ns})
  Destination:            ap_enable_reg_pp0_iter3_reg/D
                            (rising edge-triggered cell FDRE clocked by ap_clk  {rise@0.000ns fall@5.000ns period=10.000ns})
  Path Group:             ap_clk
  Path Type:              Hold (Min at Fast Process Corner)
  Requirement:            0.000ns  (ap_clk rise@0.000ns - ap_clk rise@0.000ns)
  Data Path Delay:        0.171ns  (logic 0.040ns (23.353%)  route 0.131ns (76.647%))
  Logic Levels:           0  
  Clock Path Skew:        0.006ns (DCD - SCD - CPR)
    Destination Clock Delay (DCD):    0.018ns
    Source Clock Delay      (SCD):    0.012ns
    Clock Pessimism Removal (CPR):    -0.000ns

    Location             Delay type                Incr(ns)  Path(ns)    Netlist Resource(s)
  -------------------------------------------------------------------    -------------------
                         (clock ap_clk rise edge)     0.000     0.000 r  
                                                      0.000     0.000 r  ap_clk (IN)
                         net (fo=398, unset)          0.012     0.012    ap_clk
    SLICE_X69Y244        FDRE                                         r  ap_enable_reg_pp0_iter2_reg/C
  -------------------------------------------------------------------    -------------------
    SLICE_X69Y244        FDRE (Prop_AFF2_SLICEL_C_Q)
                                                      0.040     0.052 r  ap_enable_reg_pp0_iter2_reg/Q
                         net (fo=3, routed)           0.131     0.183    ap_enable_reg_pp0_iter2
    SLICE_X69Y244        FDRE                                         r  ap_enable_reg_pp0_iter3_reg/D
  -------------------------------------------------------------------    -------------------

                         (clock ap_clk rise edge)     0.000     0.000 r  
                                                      0.000     0.000 r  ap_clk (IN)
                         net (fo=398, unset)          0.018     0.018    ap_clk
    SLICE_X69Y244        FDRE                                         r  ap_enable_reg_pp0_iter3_reg/C
                         clock pessimism              0.000     0.018    
    SLICE_X69Y244        FDRE (Hold_BFF_SLICEL_C_D)
                                                      0.046     0.064    ap_enable_reg_pp0_iter3_reg
  -------------------------------------------------------------------
                         required time                         -0.064    
                         arrival time                           0.183    
  -------------------------------------------------------------------
                         slack                                  0.119    

Slack (MET) :             0.131ns  (arrival time - required time)
  Source:                 features_ap_vld_preg_reg/C
                            (rising edge-triggered cell FDRE clocked by ap_clk  {rise@0.000ns fall@5.000ns period=10.000ns})
  Destination:            features_ap_vld_preg_reg/D
                            (rising edge-triggered cell FDRE clocked by ap_clk  {rise@0.000ns fall@5.000ns period=10.000ns})
  Path Group:             ap_clk
  Path Type:              Hold (Min at Fast Process Corner)
  Requirement:            0.000ns  (ap_clk rise@0.000ns - ap_clk rise@0.000ns)
  Data Path Delay:        0.184ns  (logic 0.092ns (50.036%)  route 0.092ns (49.964%))
  Logic Levels:           1  (LUT3=1)
  Clock Path Skew:        0.006ns (DCD - SCD - CPR)
    Destination Clock Delay (DCD):    0.019ns
    Source Clock Delay      (SCD):    0.013ns
    Clock Pessimism Removal (CPR):    -0.000ns

    Location             Delay type                Incr(ns)  Path(ns)    Netlist Resource(s)
  -------------------------------------------------------------------    -------------------
                         (clock ap_clk rise edge)     0.000     0.000 r  
                                                      0.000     0.000 r  ap_clk (IN)
                         net (fo=398, unset)          0.013     0.013    ap_clk
    SLICE_X70Y243        FDRE                                         r  features_ap_vld_preg_reg/C
  -------------------------------------------------------------------    -------------------
    SLICE_X70Y243        FDRE (Prop_DFF2_SLICEM_C_Q)
                                                      0.041     0.054 r  features_ap_vld_preg_reg/Q
                         net (fo=6, routed)           0.083     0.137    features_ap_vld_preg
    SLICE_X70Y243        LUT3 (Prop_D5LUT_SLICEM_I1_O)
                                                      0.051     0.188 r  features_ap_vld_preg_i_1/O
                         net (fo=1, routed)           0.009     0.197    features_ap_vld_preg_i_1_n_0
    SLICE_X70Y243        FDRE                                         r  features_ap_vld_preg_reg/D
  -------------------------------------------------------------------    -------------------

                         (clock ap_clk rise edge)     0.000     0.000 r  
                                                      0.000     0.000 r  ap_clk (IN)
                         net (fo=398, unset)          0.019     0.019    ap_clk
    SLICE_X70Y243        FDRE                                         r  features_ap_vld_preg_reg/C
                         clock pessimism              0.000     0.019    
    SLICE_X70Y243        FDRE (Hold_DFF2_SLICEM_C_D)
                                                      0.047     0.066    features_ap_vld_preg_reg
  -------------------------------------------------------------------
                         required time                         -0.066    
                         arrival time                           0.197    
  -------------------------------------------------------------------
                         slack                                  0.131    

Slack (MET) :             0.199ns  (arrival time - required time)
  Source:                 features_preg_reg[40]/C
                            (rising edge-triggered cell FDRE clocked by ap_clk  {rise@0.000ns fall@5.000ns period=10.000ns})
  Destination:            layer2_out_1_reg_314_reg[7]/D
                            (rising edge-triggered cell FDRE clocked by ap_clk  {rise@0.000ns fall@5.000ns period=10.000ns})
  Path Group:             ap_clk
  Path Type:              Hold (Min at Fast Process Corner)
  Requirement:            0.000ns  (ap_clk rise@0.000ns - ap_clk rise@0.000ns)
  Data Path Delay:        0.251ns  (logic 0.085ns (33.834%)  route 0.166ns (66.166%))
  Logic Levels:           3  (CARRY8=1 LUT6=2)
  Clock Path Skew:        0.006ns (DCD - SCD - CPR)
    Destination Clock Delay (DCD):    0.019ns
    Source Clock Delay      (SCD):    0.013ns
    Clock Pessimism Removal (CPR):    -0.000ns

    Location             Delay type                Incr(ns)  Path(ns)    Netlist Resource(s)
  -------------------------------------------------------------------    -------------------
                         (clock ap_clk rise edge)     0.000     0.000 r  
                                                      0.000     0.000 r  ap_clk (IN)
                         net (fo=398, unset)          0.013     0.013    ap_clk
    SLICE_X74Y182        FDRE                                         r  features_preg_reg[40]/C
  -------------------------------------------------------------------    -------------------
    SLICE_X74Y182        FDRE (Prop_EFF_SLICEM_C_Q)
                                                      0.038     0.051 r  features_preg_reg[40]/Q
                         net (fo=9, routed)           0.064     0.115    call_ret1_dense_latency_ap_fixed_16_6_5_3_0_ap_fixed_16_6_5_3_0_config2_s_fu_73/mul_16s_12s_26_1_1_U23/Q[5]
    SLICE_X74Y182        LUT6 (Prop_A6LUT_SLICEM_I2_O)
                                                      0.014     0.129 r  call_ret1_dense_latency_ap_fixed_16_6_5_3_0_ap_fixed_16_6_5_3_0_config2_s_fu_73/mul_16s_12s_26_1_1_U23/layer2_out_1_reg_314[15]_i_35/O
                         net (fo=2, routed)           0.083     0.212    call_ret1_dense_latency_ap_fixed_16_6_5_3_0_ap_fixed_16_6_5_3_0_config2_s_fu_73/mul_16s_12s_26_1_1_U23/layer2_out_1_reg_314[15]_i_35_n_0
    SLICE_X74Y180        LUT6 (Prop_H6LUT_SLICEM_I5_O)
                                                      0.015     0.227 r  call_ret1_dense_latency_ap_fixed_16_6_5_3_0_ap_fixed_16_6_5_3_0_config2_s_fu_73/mul_16s_12s_26_1_1_U23/layer2_out_1_reg_314[7]_i_10/O
                         net (fo=1, routed)           0.012     0.239    call_ret1_dense_latency_ap_fixed_16_6_5_3_0_ap_fixed_16_6_5_3_0_config2_s_fu_73/mul_16s_8s_24_1_1_U26/S[3]
    SLICE_X74Y180        CARRY8 (Prop_CARRY8_SLICEM_S[7]_O[7])
                                                      0.018     0.257 r  call_ret1_dense_latency_ap_fixed_16_6_5_3_0_ap_fixed_16_6_5_3_0_config2_s_fu_73/mul_16s_8s_24_1_1_U26/layer2_out_1_reg_314_reg[7]_i_1/O[7]
                         net (fo=1, routed)           0.007     0.264    call_ret1_dense_latency_ap_fixed_16_6_5_3_0_ap_fixed_16_6_5_3_0_config2_s_fu_73_ap_return_1[7]
    SLICE_X74Y180        FDRE                                         r  layer2_out_1_reg_314_reg[7]/D
  -------------------------------------------------------------------    -------------------

                         (clock ap_clk rise edge)     0.000     0.000 r  
                                                      0.000     0.000 r  ap_clk (IN)
                         net (fo=398, unset)          0.019     0.019    ap_clk
    SLICE_X74Y180        FDRE                                         r  layer2_out_1_reg_314_reg[7]/C
                         clock pessimism              0.000     0.019    
    SLICE_X74Y180        FDRE (Hold_HFF_SLICEM_C_D)
                                                      0.046     0.065    layer2_out_1_reg_314_reg[7]
  -------------------------------------------------------------------
                         required time                         -0.065    
                         arrival time                           0.264    
  -------------------------------------------------------------------
                         slack                                  0.199    

Slack (MET) :             0.205ns  (arrival time - required time)
  Source:                 features_ap_vld_preg_reg/C
                            (rising edge-triggered cell FDRE clocked by ap_clk  {rise@0.000ns fall@5.000ns period=10.000ns})
  Destination:            ap_block_pp0_stage0_subdone_grp0_done_reg_reg_inv/D
                            (rising edge-triggered cell FDSE clocked by ap_clk  {rise@0.000ns fall@5.000ns period=10.000ns})
  Path Group:             ap_clk
  Path Type:              Hold (Min at Fast Process Corner)
  Requirement:            0.000ns  (ap_clk rise@0.000ns - ap_clk rise@0.000ns)
  Data Path Delay:        0.257ns  (logic 0.091ns (35.389%)  route 0.166ns (64.611%))
  Logic Levels:           1  (LUT3=1)
  Clock Path Skew:        0.006ns (DCD - SCD - CPR)
    Destination Clock Delay (DCD):    0.019ns
    Source Clock Delay      (SCD):    0.013ns
    Clock Pessimism Removal (CPR):    -0.000ns

    Location             Delay type                Incr(ns)  Path(ns)    Netlist Resource(s)
  -------------------------------------------------------------------    -------------------
                         (clock ap_clk rise edge)     0.000     0.000 r  
                                                      0.000     0.000 r  ap_clk (IN)
                         net (fo=398, unset)          0.013     0.013    ap_clk
    SLICE_X70Y243        FDRE                                         r  features_ap_vld_preg_reg/C
  -------------------------------------------------------------------    -------------------
    SLICE_X70Y243        FDRE (Prop_DFF2_SLICEM_C_Q)
                                                      0.041     0.054 r  features_ap_vld_preg_reg/Q
                         net (fo=6, routed)           0.083     0.137    features_ap_vld_preg
    SLICE_X69Y244        LUT3 (Prop_D6LUT_SLICEL_I2_O)
                                                      0.050     0.187 r  ap_block_pp0_stage0_subdone_grp0_done_reg_inv_i_1/O
                         net (fo=1, routed)           0.083     0.270    ap_block_pp0_stage0_11001
    SLICE_X69Y244        FDSE                                         r  ap_block_pp0_stage0_subdone_grp0_done_reg_reg_inv/D
  -------------------------------------------------------------------    -------------------

                         (clock ap_clk rise edge)     0.000     0.000 r  
                                                      0.000     0.000 r  ap_clk (IN)
                         net (fo=398, unset)          0.019     0.019    ap_clk
    SLICE_X69Y244        FDSE                                         r  ap_block_pp0_stage0_subdone_grp0_done_reg_reg_inv/C
                         clock pessimism              0.000     0.019    
    SLICE_X69Y244        FDSE (Hold_EFF_SLICEL_C_D)
                                                      0.046     0.065    ap_block_pp0_stage0_subdone_grp0_done_reg_reg_inv
  -------------------------------------------------------------------
                         required time                         -0.065    
                         arrival time                           0.270    
  -------------------------------------------------------------------
                         slack                                  0.205    

Slack (MET) :             0.232ns  (arrival time - required time)
  Source:                 features_preg_reg[40]/C
                            (rising edge-triggered cell FDRE clocked by ap_clk  {rise@0.000ns fall@5.000ns period=10.000ns})
  Destination:            layer2_out_1_reg_314_reg[8]/D
                            (rising edge-triggered cell FDRE clocked by ap_clk  {rise@0.000ns fall@5.000ns period=10.000ns})
  Path Group:             ap_clk
  Path Type:              Hold (Min at Fast Process Corner)
  Requirement:            0.000ns  (ap_clk rise@0.000ns - ap_clk rise@0.000ns)
  Data Path Delay:        0.284ns  (logic 0.115ns (40.461%)  route 0.169ns (59.539%))
  Logic Levels:           4  (CARRY8=2 LUT6=2)
  Clock Path Skew:        0.006ns (DCD - SCD - CPR)
    Destination Clock Delay (DCD):    0.019ns
    Source Clock Delay      (SCD):    0.013ns
    Clock Pessimism Removal (CPR):    -0.000ns

    Location             Delay type                Incr(ns)  Path(ns)    Netlist Resource(s)
  -------------------------------------------------------------------    -------------------
                         (clock ap_clk rise edge)     0.000     0.000 r  
                                                      0.000     0.000 r  ap_clk (IN)
                         net (fo=398, unset)          0.013     0.013    ap_clk
    SLICE_X74Y182        FDRE                                         r  features_preg_reg[40]/C
  -------------------------------------------------------------------    -------------------
    SLICE_X74Y182        FDRE (Prop_EFF_SLICEM_C_Q)
                                                      0.038     0.051 r  features_preg_reg[40]/Q
                         net (fo=9, routed)           0.064     0.115    call_ret1_dense_latency_ap_fixed_16_6_5_3_0_ap_fixed_16_6_5_3_0_config2_s_fu_73/mul_16s_12s_26_1_1_U23/Q[5]
    SLICE_X74Y182        LUT6 (Prop_A6LUT_SLICEM_I2_O)
                                                      0.014     0.129 r  call_ret1_dense_latency_ap_fixed_16_6_5_3_0_ap_fixed_16_6_5_3_0_config2_s_fu_73/mul_16s_12s_26_1_1_U23/layer2_out_1_reg_314[15]_i_35/O
                         net (fo=2, routed)           0.083     0.212    call_ret1_dense_latency_ap_fixed_16_6_5_3_0_ap_fixed_16_6_5_3_0_config2_s_fu_73/mul_16s_12s_26_1_1_U23/layer2_out_1_reg_314[15]_i_35_n_0
    SLICE_X74Y180        LUT6 (Prop_H6LUT_SLICEM_I5_O)
                                                      0.015     0.227 r  call_ret1_dense_latency_ap_fixed_16_6_5_3_0_ap_fixed_16_6_5_3_0_config2_s_fu_73/mul_16s_12s_26_1_1_U23/layer2_out_1_reg_314[7]_i_10/O
                         net (fo=1, routed)           0.012     0.239    call_ret1_dense_latency_ap_fixed_16_6_5_3_0_ap_fixed_16_6_5_3_0_config2_s_fu_73/mul_16s_8s_24_1_1_U26/S[3]
    SLICE_X74Y180        CARRY8 (Prop_CARRY8_SLICEM_S[7]_CO[7])
                                                      0.029     0.268 r  call_ret1_dense_latency_ap_fixed_16_6_5_3_0_ap_fixed_16_6_5_3_0_config2_s_fu_73/mul_16s_8s_24_1_1_U26/layer2_out_1_reg_314_reg[7]_i_1/CO[7]
                         net (fo=1, routed)           0.003     0.271    call_ret1_dense_latency_ap_fixed_16_6_5_3_0_ap_fixed_16_6_5_3_0_config2_s_fu_73/mul_16s_12s_26_1_1_U23/CO[0]
    SLICE_X74Y181        CARRY8 (Prop_CARRY8_SLICEM_CI_O[0])
                                                      0.019     0.290 r  call_ret1_dense_latency_ap_fixed_16_6_5_3_0_ap_fixed_16_6_5_3_0_config2_s_fu_73/mul_16s_12s_26_1_1_U23/layer2_out_1_reg_314_reg[15]_i_1/O[0]
                         net (fo=1, routed)           0.007     0.297    call_ret1_dense_latency_ap_fixed_16_6_5_3_0_ap_fixed_16_6_5_3_0_config2_s_fu_73_ap_return_1[8]
    SLICE_X74Y181        FDRE                                         r  layer2_out_1_reg_314_reg[8]/D
  -------------------------------------------------------------------    -------------------

                         (clock ap_clk rise edge)     0.000     0.000 r  
                                                      0.000     0.000 r  ap_clk (IN)
                         net (fo=398, unset)          0.019     0.019    ap_clk
    SLICE_X74Y181        FDRE                                         r  layer2_out_1_reg_314_reg[8]/C
                         clock pessimism              0.000     0.019    
    SLICE_X74Y181        FDRE (Hold_AFF_SLICEM_C_D)
                                                      0.046     0.065    layer2_out_1_reg_314_reg[8]
  -------------------------------------------------------------------
                         required time                         -0.065    
                         arrival time                           0.297    
  -------------------------------------------------------------------
                         slack                                  0.232    





Pulse Width Checks
--------------------------------------------------------------------------------------
Clock Name:         ap_clk
Waveform(ns):       { 0.000 5.000 }
Period(ns):         10.000
Sources:            { ap_clk }

Check Type        Corner  Lib Pin             Reference Pin  Required(ns)  Actual(ns)  Slack(ns)  Location       Pin
Min Period        n/a     RAMB18E2/CLKARDCLK  n/a            1.355         10.000      8.645      RAMB18_X1Y98   grp_softmax_stable_ap_fixed_ap_fixed_16_6_5_3_0_softmax_config7_s_fu_127/exp_table_U/q0_reg/CLKARDCLK
Min Period        n/a     RAMB18E2/CLKBWRCLK  n/a            1.355         10.000      8.645      RAMB18_X1Y98   grp_softmax_stable_ap_fixed_ap_fixed_16_6_5_3_0_softmax_config7_s_fu_127/exp_table_U/q0_reg/CLKBWRCLK
Min Period        n/a     RAMB18E2/CLKARDCLK  n/a            1.355         10.000      8.645      RAMB18_X1Y99   grp_softmax_stable_ap_fixed_ap_fixed_16_6_5_3_0_softmax_config7_s_fu_127/exp_table_U/q2_reg/CLKARDCLK
Min Period        n/a     RAMB18E2/CLKARDCLK  n/a            1.355         10.000      8.645      RAMB18_X1Y100  grp_softmax_stable_ap_fixed_ap_fixed_16_6_5_3_0_softmax_config7_s_fu_127/invert_table_U/q0_reg/CLKARDCLK
Min Period        n/a     FDSE/C              n/a            0.550         10.000      9.450      SLICE_X69Y244  ap_block_pp0_stage0_subdone_grp0_done_reg_reg_inv/C
Min Period        n/a     FDRE/C              n/a            0.550         10.000      9.450      SLICE_X69Y244  ap_enable_reg_pp0_iter1_reg/C
Min Period        n/a     FDRE/C              n/a            0.550         10.000      9.450      SLICE_X69Y244  ap_enable_reg_pp0_iter2_reg/C
Min Period        n/a     FDRE/C              n/a            0.550         10.000      9.450      SLICE_X69Y244  ap_enable_reg_pp0_iter3_reg/C
Min Period        n/a     FDRE/C              n/a            0.550         10.000      9.450      SLICE_X69Y244  ap_enable_reg_pp0_iter4_reg/C
Min Period        n/a     FDRE/C              n/a            0.550         10.000      9.450      SLICE_X69Y244  ap_enable_reg_pp0_iter5_reg/C
Low Pulse Width   Slow    RAMB18E2/CLKARDCLK  n/a            0.542         5.000       4.458      RAMB18_X1Y98   grp_softmax_stable_ap_fixed_ap_fixed_16_6_5_3_0_softmax_config7_s_fu_127/exp_table_U/q0_reg/CLKARDCLK
Low Pulse Width   Fast    RAMB18E2/CLKARDCLK  n/a            0.542         5.000       4.458      RAMB18_X1Y98   grp_softmax_stable_ap_fixed_ap_fixed_16_6_5_3_0_softmax_config7_s_fu_127/exp_table_U/q0_reg/CLKARDCLK
Low Pulse Width   Slow    RAMB18E2/CLKBWRCLK  n/a            0.542         5.000       4.458      RAMB18_X1Y98   grp_softmax_stable_ap_fixed_ap_fixed_16_6_5_3_0_softmax_config7_s_fu_127/exp_table_U/q0_reg/CLKBWRCLK
Low Pulse Width   Fast    RAMB18E2/CLKBWRCLK  n/a            0.542         5.000       4.458      RAMB18_X1Y98   grp_softmax_stable_ap_fixed_ap_fixed_16_6_5_3_0_softmax_config7_s_fu_127/exp_table_U/q0_reg/CLKBWRCLK
Low Pulse Width   Slow    RAMB18E2/CLKARDCLK  n/a            0.542         5.000       4.458      RAMB18_X1Y99   grp_softmax_stable_ap_fixed_ap_fixed_16_6_5_3_0_softmax_config7_s_fu_127/exp_table_U/q2_reg/CLKARDCLK
Low Pulse Width   Fast    RAMB18E2/CLKARDCLK  n/a            0.542         5.000       4.458      RAMB18_X1Y99   grp_softmax_stable_ap_fixed_ap_fixed_16_6_5_3_0_softmax_config7_s_fu_127/exp_table_U/q2_reg/CLKARDCLK
Low Pulse Width   Slow    RAMB18E2/CLKARDCLK  n/a            0.542         5.000       4.458      RAMB18_X1Y100  grp_softmax_stable_ap_fixed_ap_fixed_16_6_5_3_0_softmax_config7_s_fu_127/invert_table_U/q0_reg/CLKARDCLK
Low Pulse Width   Fast    RAMB18E2/CLKARDCLK  n/a            0.542         5.000       4.458      RAMB18_X1Y100  grp_softmax_stable_ap_fixed_ap_fixed_16_6_5_3_0_softmax_config7_s_fu_127/invert_table_U/q0_reg/CLKARDCLK
Low Pulse Width   Slow    FDSE/C              n/a            0.275         5.000       4.725      SLICE_X69Y244  ap_block_pp0_stage0_subdone_grp0_done_reg_reg_inv/C
Low Pulse Width   Fast    FDSE/C              n/a            0.275         5.000       4.725      SLICE_X69Y244  ap_block_pp0_stage0_subdone_grp0_done_reg_reg_inv/C
High Pulse Width  Slow    RAMB18E2/CLKARDCLK  n/a            0.542         5.000       4.458      RAMB18_X1Y98   grp_softmax_stable_ap_fixed_ap_fixed_16_6_5_3_0_softmax_config7_s_fu_127/exp_table_U/q0_reg/CLKARDCLK
High Pulse Width  Fast    RAMB18E2/CLKARDCLK  n/a            0.542         5.000       4.458      RAMB18_X1Y98   grp_softmax_stable_ap_fixed_ap_fixed_16_6_5_3_0_softmax_config7_s_fu_127/exp_table_U/q0_reg/CLKARDCLK
High Pulse Width  Slow    RAMB18E2/CLKBWRCLK  n/a            0.542         5.000       4.458      RAMB18_X1Y98   grp_softmax_stable_ap_fixed_ap_fixed_16_6_5_3_0_softmax_config7_s_fu_127/exp_table_U/q0_reg/CLKBWRCLK
High Pulse Width  Fast    RAMB18E2/CLKBWRCLK  n/a            0.542         5.000       4.458      RAMB18_X1Y98   grp_softmax_stable_ap_fixed_ap_fixed_16_6_5_3_0_softmax_config7_s_fu_127/exp_table_U/q0_reg/CLKBWRCLK
High Pulse Width  Slow    RAMB18E2/CLKARDCLK  n/a            0.542         5.000       4.458      RAMB18_X1Y99   grp_softmax_stable_ap_fixed_ap_fixed_16_6_5_3_0_softmax_config7_s_fu_127/exp_table_U/q2_reg/CLKARDCLK
High Pulse Width  Fast    RAMB18E2/CLKARDCLK  n/a            0.542         5.000       4.458      RAMB18_X1Y99   grp_softmax_stable_ap_fixed_ap_fixed_16_6_5_3_0_softmax_config7_s_fu_127/exp_table_U/q2_reg/CLKARDCLK
High Pulse Width  Slow    RAMB18E2/CLKARDCLK  n/a            0.542         5.000       4.458      RAMB18_X1Y100  grp_softmax_stable_ap_fixed_ap_fixed_16_6_5_3_0_softmax_config7_s_fu_127/invert_table_U/q0_reg/CLKARDCLK
High Pulse Width  Fast    RAMB18E2/CLKARDCLK  n/a            0.542         5.000       4.458      RAMB18_X1Y100  grp_softmax_stable_ap_fixed_ap_fixed_16_6_5_3_0_softmax_config7_s_fu_127/invert_table_U/q0_reg/CLKARDCLK
High Pulse Width  Slow    FDSE/C              n/a            0.275         5.000       4.725      SLICE_X69Y244  ap_block_pp0_stage0_subdone_grp0_done_reg_reg_inv/C
High Pulse Width  Fast    FDSE/C              n/a            0.275         5.000       4.725      SLICE_X69Y244  ap_block_pp0_stage0_subdone_grp0_done_reg_reg_inv/C



--------------------------------------------------------------------------------------
Path Group:  (none)
From Clock:  
  To Clock:  

Max Delay             3 Endpoints
Min Delay             3 Endpoints
--------------------------------------------------------------------------------------


Max Delay Paths
--------------------------------------------------------------------------------------
Slack:                    inf
  Source:                 features_ap_vld
                            (input port)
  Destination:            ap_ready
                            (output port)
  Path Group:             (none)
  Path Type:              Max at Slow Process Corner
  Data Path Delay:        0.133ns  (logic 0.099ns (74.436%)  route 0.034ns (25.564%))
  Logic Levels:           1  (LUT3=1)

    Location             Delay type                Incr(ns)  Path(ns)    Netlist Resource(s)
  -------------------------------------------------------------------    -------------------
                                                      0.000     0.000 r  features_ap_vld (IN)
                         net (fo=164, unset)          0.000     0.000    features_ap_vld
    SLICE_X70Y243        LUT3 (Prop_C5LUT_SLICEM_I1_O)
                                                      0.099     0.099 r  ap_ready_INST_0/O
                         net (fo=0)                   0.034     0.133    ap_ready
                                                                      r  ap_ready (OUT)
  -------------------------------------------------------------------    -------------------

Slack:                    inf
  Source:                 ap_start
                            (input port)
  Destination:            ap_done
                            (output port)
  Path Group:             (none)
  Path Type:              Max at Slow Process Corner
  Data Path Delay:        0.131ns  (logic 0.110ns (83.969%)  route 0.021ns (16.031%))
  Logic Levels:           1  (LUT4=1)

    Location             Delay type                Incr(ns)  Path(ns)    Netlist Resource(s)
  -------------------------------------------------------------------    -------------------
                                                      0.000     0.000 f  ap_start (IN)
                         net (fo=8, unset)            0.000     0.000    ap_start
    SLICE_X69Y244        LUT4 (Prop_D5LUT_SLICEL_I3_O)
                                                      0.110     0.110 r  ap_done_INST_0/O
                         net (fo=0)                   0.021     0.131    ap_done
                                                                      r  ap_done (OUT)
  -------------------------------------------------------------------    -------------------

Slack:                    inf
  Source:                 ap_start
                            (input port)
  Destination:            ap_idle
                            (output port)
  Path Group:             (none)
  Path Type:              Max at Slow Process Corner
  Data Path Delay:        0.035ns  (logic 0.035ns (100.000%)  route 0.000ns (0.000%))
  Logic Levels:           1  (LUT6=1)

    Location             Delay type                Incr(ns)  Path(ns)    Netlist Resource(s)
  -------------------------------------------------------------------    -------------------
                                                      0.000     0.000 f  ap_start (IN)
                         net (fo=8, unset)            0.000     0.000    ap_start
    SLICE_X69Y244        LUT6 (Prop_C6LUT_SLICEL_I5_O)
                                                      0.035     0.035 r  ap_idle_INST_0/O
                         net (fo=0)                   0.000     0.035    ap_idle
                                                                      r  ap_idle (OUT)
  -------------------------------------------------------------------    -------------------





Min Delay Paths
--------------------------------------------------------------------------------------
Slack:                    inf
  Source:                 ap_start
                            (input port)
  Destination:            ap_idle
                            (output port)
  Path Group:             (none)
  Path Type:              Min at Fast Process Corner
  Data Path Delay:        0.014ns  (logic 0.014ns (100.000%)  route 0.000ns (0.000%))
  Logic Levels:           1  (LUT6=1)

    Location             Delay type                Incr(ns)  Path(ns)    Netlist Resource(s)
  -------------------------------------------------------------------    -------------------
                                                      0.000     0.000 f  ap_start (IN)
                         net (fo=8, unset)            0.000     0.000    ap_start
    SLICE_X69Y244        LUT6 (Prop_C6LUT_SLICEL_I5_O)
                                                      0.014     0.014 r  ap_idle_INST_0/O
                         net (fo=0)                   0.000     0.014    ap_idle
                                                                      r  ap_idle (OUT)
  -------------------------------------------------------------------    -------------------

Slack:                    inf
  Source:                 ap_start
                            (input port)
  Destination:            ap_ready
                            (output port)
  Path Group:             (none)
  Path Type:              Min at Fast Process Corner
  Data Path Delay:        0.040ns  (logic 0.023ns (57.500%)  route 0.017ns (42.500%))
  Logic Levels:           1  (LUT3=1)

    Location             Delay type                Incr(ns)  Path(ns)    Netlist Resource(s)
  -------------------------------------------------------------------    -------------------
                                                      0.000     0.000 r  ap_start (IN)
                         net (fo=8, unset)            0.000     0.000    ap_start
    SLICE_X70Y243        LUT3 (Prop_C5LUT_SLICEM_I2_O)
                                                      0.023     0.023 r  ap_ready_INST_0/O
                         net (fo=0)                   0.017     0.040    ap_ready
                                                                      r  ap_ready (OUT)
  -------------------------------------------------------------------    -------------------

Slack:                    inf
  Source:                 features_ap_vld
                            (input port)
  Destination:            ap_done
                            (output port)
  Path Group:             (none)
  Path Type:              Min at Fast Process Corner
  Data Path Delay:        0.047ns  (logic 0.033ns (70.213%)  route 0.014ns (29.787%))
  Logic Levels:           1  (LUT4=1)

    Location             Delay type                Incr(ns)  Path(ns)    Netlist Resource(s)
  -------------------------------------------------------------------    -------------------
                                                      0.000     0.000 r  features_ap_vld (IN)
                         net (fo=164, unset)          0.000     0.000    features_ap_vld
    SLICE_X69Y244        LUT4 (Prop_D5LUT_SLICEL_I2_O)
                                                      0.033     0.033 r  ap_done_INST_0/O
                         net (fo=0)                   0.014     0.047    ap_done
                                                                      r  ap_done (OUT)
  -------------------------------------------------------------------    -------------------





--------------------------------------------------------------------------------------
Path Group:  (none)
From Clock:  ap_clk
  To Clock:  

Max Delay            54 Endpoints
Min Delay            54 Endpoints
--------------------------------------------------------------------------------------


Max Delay Paths
--------------------------------------------------------------------------------------
Slack:                    inf
  Source:                 grp_softmax_stable_ap_fixed_ap_fixed_16_6_5_3_0_softmax_config7_s_fu_127/invert_table_U/q0_reg/CLKARDCLK
                            (rising edge-triggered cell RAMB18E2 clocked by ap_clk  {rise@0.000ns fall@5.000ns period=10.000ns})
  Destination:            layer7_out_1[10]
                            (output port)
  Path Group:             (none)
  Path Type:              Max at Slow Process Corner
  Data Path Delay:        3.066ns  (logic 2.380ns (77.613%)  route 0.686ns (22.387%))
  Logic Levels:           6  (DSP_A_B_DATA=1 DSP_ALU=1 DSP_M_DATA=1 DSP_MULTIPLIER=1 DSP_OUTPUT=1 DSP_PREADD_DATA=1)
  Clock Uncertainty:      0.025ns  ((TSJ^2 + TIJ^2)^1/2 + DJ) / 2 + PE
    Total System Jitter     (TSJ):    0.050ns
    Total Input Jitter      (TIJ):    0.000ns
    Discrete Jitter          (DJ):    0.000ns
    Phase Error              (PE):    0.000ns

    Location             Delay type                Incr(ns)  Path(ns)    Netlist Resource(s)
  -------------------------------------------------------------------    -------------------
                         (clock ap_clk rise edge)     0.000     0.000 r  
                                                      0.000     0.000 r  ap_clk (IN)
                         net (fo=398, unset)          0.076     0.076    grp_softmax_stable_ap_fixed_ap_fixed_16_6_5_3_0_softmax_config7_s_fu_127/invert_table_U/ap_clk
    RAMB18_X1Y100        RAMB18E2                                     r  grp_softmax_stable_ap_fixed_ap_fixed_16_6_5_3_0_softmax_config7_s_fu_127/invert_table_U/q0_reg/CLKARDCLK
  -------------------------------------------------------------------    -------------------
    RAMB18_X1Y100        RAMB18E2 (Prop_RAMB18E2_L_RAMB180_CLKARDCLK_DOUTADOUT[14])
                                                      0.866     0.942 f  grp_softmax_stable_ap_fixed_ap_fixed_16_6_5_3_0_softmax_config7_s_fu_127/invert_table_U/q0_reg/DOUTADOUT[14]
                         net (fo=39, routed)          0.686     1.628    grp_softmax_stable_ap_fixed_ap_fixed_16_6_5_3_0_softmax_config7_s_fu_127/mul_18s_11ns_26_1_1_U151/tmp_product/A[18]
    DSP48E2_X4Y98        DSP_A_B_DATA (Prop_DSP_A_B_DATA_DSP48E2_A[18]_A2_DATA[18])
                                                      0.192     1.820 r  grp_softmax_stable_ap_fixed_ap_fixed_16_6_5_3_0_softmax_config7_s_fu_127/mul_18s_11ns_26_1_1_U151/tmp_product/DSP_A_B_DATA_INST/A2_DATA[18]
                         net (fo=1, routed)           0.000     1.820    grp_softmax_stable_ap_fixed_ap_fixed_16_6_5_3_0_softmax_config7_s_fu_127/mul_18s_11ns_26_1_1_U151/tmp_product/DSP_A_B_DATA.A2_DATA<18>
    DSP48E2_X4Y98        DSP_PREADD_DATA (Prop_DSP_PREADD_DATA_DSP48E2_A2_DATA[18]_A2A1[18])
                                                      0.076     1.896 r  grp_softmax_stable_ap_fixed_ap_fixed_16_6_5_3_0_softmax_config7_s_fu_127/mul_18s_11ns_26_1_1_U151/tmp_product/DSP_PREADD_DATA_INST/A2A1[18]
                         net (fo=1, routed)           0.000     1.896    grp_softmax_stable_ap_fixed_ap_fixed_16_6_5_3_0_softmax_config7_s_fu_127/mul_18s_11ns_26_1_1_U151/tmp_product/DSP_PREADD_DATA.A2A1<18>
    DSP48E2_X4Y98        DSP_MULTIPLIER (Prop_DSP_MULTIPLIER_DSP48E2_A2A1[18]_U[20])
                                                      0.505     2.401 f  grp_softmax_stable_ap_fixed_ap_fixed_16_6_5_3_0_softmax_config7_s_fu_127/mul_18s_11ns_26_1_1_U151/tmp_product/DSP_MULTIPLIER_INST/U[20]
                         net (fo=1, routed)           0.000     2.401    grp_softmax_stable_ap_fixed_ap_fixed_16_6_5_3_0_softmax_config7_s_fu_127/mul_18s_11ns_26_1_1_U151/tmp_product/DSP_MULTIPLIER.U<20>
    DSP48E2_X4Y98        DSP_M_DATA (Prop_DSP_M_DATA_DSP48E2_U[20]_U_DATA[20])
                                                      0.047     2.448 r  grp_softmax_stable_ap_fixed_ap_fixed_16_6_5_3_0_softmax_config7_s_fu_127/mul_18s_11ns_26_1_1_U151/tmp_product/DSP_M_DATA_INST/U_DATA[20]
                         net (fo=1, routed)           0.000     2.448    grp_softmax_stable_ap_fixed_ap_fixed_16_6_5_3_0_softmax_config7_s_fu_127/mul_18s_11ns_26_1_1_U151/tmp_product/DSP_M_DATA.U_DATA<20>
    DSP48E2_X4Y98        DSP_ALU (Prop_DSP_ALU_DSP48E2_U_DATA[20]_ALU_OUT[20])
                                                      0.585     3.033 f  grp_softmax_stable_ap_fixed_ap_fixed_16_6_5_3_0_softmax_config7_s_fu_127/mul_18s_11ns_26_1_1_U151/tmp_product/DSP_ALU_INST/ALU_OUT[20]
                         net (fo=1, routed)           0.000     3.033    grp_softmax_stable_ap_fixed_ap_fixed_16_6_5_3_0_softmax_config7_s_fu_127/mul_18s_11ns_26_1_1_U151/tmp_product/DSP_ALU.ALU_OUT<20>
    DSP48E2_X4Y98        DSP_OUTPUT (Prop_DSP_OUTPUT_DSP48E2_ALU_OUT[20]_P[20])
                                                      0.109     3.142 r  grp_softmax_stable_ap_fixed_ap_fixed_16_6_5_3_0_softmax_config7_s_fu_127/mul_18s_11ns_26_1_1_U151/tmp_product/DSP_OUTPUT_INST/P[20]
                         net (fo=0)                   0.000     3.142    layer7_out_1[10]
                                                                      r  layer7_out_1[10] (OUT)
  -------------------------------------------------------------------    -------------------

Slack:                    inf
  Source:                 grp_softmax_stable_ap_fixed_ap_fixed_16_6_5_3_0_softmax_config7_s_fu_127/invert_table_U/q0_reg/CLKARDCLK
                            (rising edge-triggered cell RAMB18E2 clocked by ap_clk  {rise@0.000ns fall@5.000ns period=10.000ns})
  Destination:            layer7_out_1[11]
                            (output port)
  Path Group:             (none)
  Path Type:              Max at Slow Process Corner
  Data Path Delay:        3.066ns  (logic 2.380ns (77.613%)  route 0.686ns (22.387%))
  Logic Levels:           6  (DSP_A_B_DATA=1 DSP_ALU=1 DSP_M_DATA=1 DSP_MULTIPLIER=1 DSP_OUTPUT=1 DSP_PREADD_DATA=1)
  Clock Uncertainty:      0.025ns  ((TSJ^2 + TIJ^2)^1/2 + DJ) / 2 + PE
    Total System Jitter     (TSJ):    0.050ns
    Total Input Jitter      (TIJ):    0.000ns
    Discrete Jitter          (DJ):    0.000ns
    Phase Error              (PE):    0.000ns

    Location             Delay type                Incr(ns)  Path(ns)    Netlist Resource(s)
  -------------------------------------------------------------------    -------------------
                         (clock ap_clk rise edge)     0.000     0.000 r  
                                                      0.000     0.000 r  ap_clk (IN)
                         net (fo=398, unset)          0.076     0.076    grp_softmax_stable_ap_fixed_ap_fixed_16_6_5_3_0_softmax_config7_s_fu_127/invert_table_U/ap_clk
    RAMB18_X1Y100        RAMB18E2                                     r  grp_softmax_stable_ap_fixed_ap_fixed_16_6_5_3_0_softmax_config7_s_fu_127/invert_table_U/q0_reg/CLKARDCLK
  -------------------------------------------------------------------    -------------------
    RAMB18_X1Y100        RAMB18E2 (Prop_RAMB18E2_L_RAMB180_CLKARDCLK_DOUTADOUT[14])
                                                      0.866     0.942 f  grp_softmax_stable_ap_fixed_ap_fixed_16_6_5_3_0_softmax_config7_s_fu_127/invert_table_U/q0_reg/DOUTADOUT[14]
                         net (fo=39, routed)          0.686     1.628    grp_softmax_stable_ap_fixed_ap_fixed_16_6_5_3_0_softmax_config7_s_fu_127/mul_18s_11ns_26_1_1_U151/tmp_product/A[18]
    DSP48E2_X4Y98        DSP_A_B_DATA (Prop_DSP_A_B_DATA_DSP48E2_A[18]_A2_DATA[18])
                                                      0.192     1.820 r  grp_softmax_stable_ap_fixed_ap_fixed_16_6_5_3_0_softmax_config7_s_fu_127/mul_18s_11ns_26_1_1_U151/tmp_product/DSP_A_B_DATA_INST/A2_DATA[18]
                         net (fo=1, routed)           0.000     1.820    grp_softmax_stable_ap_fixed_ap_fixed_16_6_5_3_0_softmax_config7_s_fu_127/mul_18s_11ns_26_1_1_U151/tmp_product/DSP_A_B_DATA.A2_DATA<18>
    DSP48E2_X4Y98        DSP_PREADD_DATA (Prop_DSP_PREADD_DATA_DSP48E2_A2_DATA[18]_A2A1[18])
                                                      0.076     1.896 r  grp_softmax_stable_ap_fixed_ap_fixed_16_6_5_3_0_softmax_config7_s_fu_127/mul_18s_11ns_26_1_1_U151/tmp_product/DSP_PREADD_DATA_INST/A2A1[18]
                         net (fo=1, routed)           0.000     1.896    grp_softmax_stable_ap_fixed_ap_fixed_16_6_5_3_0_softmax_config7_s_fu_127/mul_18s_11ns_26_1_1_U151/tmp_product/DSP_PREADD_DATA.A2A1<18>
    DSP48E2_X4Y98        DSP_MULTIPLIER (Prop_DSP_MULTIPLIER_DSP48E2_A2A1[18]_U[21])
                                                      0.505     2.401 f  grp_softmax_stable_ap_fixed_ap_fixed_16_6_5_3_0_softmax_config7_s_fu_127/mul_18s_11ns_26_1_1_U151/tmp_product/DSP_MULTIPLIER_INST/U[21]
                         net (fo=1, routed)           0.000     2.401    grp_softmax_stable_ap_fixed_ap_fixed_16_6_5_3_0_softmax_config7_s_fu_127/mul_18s_11ns_26_1_1_U151/tmp_product/DSP_MULTIPLIER.U<21>
    DSP48E2_X4Y98        DSP_M_DATA (Prop_DSP_M_DATA_DSP48E2_U[21]_U_DATA[21])
                                                      0.047     2.448 r  grp_softmax_stable_ap_fixed_ap_fixed_16_6_5_3_0_softmax_config7_s_fu_127/mul_18s_11ns_26_1_1_U151/tmp_product/DSP_M_DATA_INST/U_DATA[21]
                         net (fo=1, routed)           0.000     2.448    grp_softmax_stable_ap_fixed_ap_fixed_16_6_5_3_0_softmax_config7_s_fu_127/mul_18s_11ns_26_1_1_U151/tmp_product/DSP_M_DATA.U_DATA<21>
    DSP48E2_X4Y98        DSP_ALU (Prop_DSP_ALU_DSP48E2_U_DATA[21]_ALU_OUT[21])
                                                      0.585     3.033 f  grp_softmax_stable_ap_fixed_ap_fixed_16_6_5_3_0_softmax_config7_s_fu_127/mul_18s_11ns_26_1_1_U151/tmp_product/DSP_ALU_INST/ALU_OUT[21]
                         net (fo=1, routed)           0.000     3.033    grp_softmax_stable_ap_fixed_ap_fixed_16_6_5_3_0_softmax_config7_s_fu_127/mul_18s_11ns_26_1_1_U151/tmp_product/DSP_ALU.ALU_OUT<21>
    DSP48E2_X4Y98        DSP_OUTPUT (Prop_DSP_OUTPUT_DSP48E2_ALU_OUT[21]_P[21])
                                                      0.109     3.142 r  grp_softmax_stable_ap_fixed_ap_fixed_16_6_5_3_0_softmax_config7_s_fu_127/mul_18s_11ns_26_1_1_U151/tmp_product/DSP_OUTPUT_INST/P[21]
                         net (fo=0)                   0.000     3.142    layer7_out_1[11]
                                                                      r  layer7_out_1[11] (OUT)
  -------------------------------------------------------------------    -------------------

Slack:                    inf
  Source:                 grp_softmax_stable_ap_fixed_ap_fixed_16_6_5_3_0_softmax_config7_s_fu_127/invert_table_U/q0_reg/CLKARDCLK
                            (rising edge-triggered cell RAMB18E2 clocked by ap_clk  {rise@0.000ns fall@5.000ns period=10.000ns})
  Destination:            layer7_out_1[12]
                            (output port)
  Path Group:             (none)
  Path Type:              Max at Slow Process Corner
  Data Path Delay:        3.066ns  (logic 2.380ns (77.613%)  route 0.686ns (22.387%))
  Logic Levels:           6  (DSP_A_B_DATA=1 DSP_ALU=1 DSP_M_DATA=1 DSP_MULTIPLIER=1 DSP_OUTPUT=1 DSP_PREADD_DATA=1)
  Clock Uncertainty:      0.025ns  ((TSJ^2 + TIJ^2)^1/2 + DJ) / 2 + PE
    Total System Jitter     (TSJ):    0.050ns
    Total Input Jitter      (TIJ):    0.000ns
    Discrete Jitter          (DJ):    0.000ns
    Phase Error              (PE):    0.000ns

    Location             Delay type                Incr(ns)  Path(ns)    Netlist Resource(s)
  -------------------------------------------------------------------    -------------------
                         (clock ap_clk rise edge)     0.000     0.000 r  
                                                      0.000     0.000 r  ap_clk (IN)
                         net (fo=398, unset)          0.076     0.076    grp_softmax_stable_ap_fixed_ap_fixed_16_6_5_3_0_softmax_config7_s_fu_127/invert_table_U/ap_clk
    RAMB18_X1Y100        RAMB18E2                                     r  grp_softmax_stable_ap_fixed_ap_fixed_16_6_5_3_0_softmax_config7_s_fu_127/invert_table_U/q0_reg/CLKARDCLK
  -------------------------------------------------------------------    -------------------
    RAMB18_X1Y100        RAMB18E2 (Prop_RAMB18E2_L_RAMB180_CLKARDCLK_DOUTADOUT[14])
                                                      0.866     0.942 f  grp_softmax_stable_ap_fixed_ap_fixed_16_6_5_3_0_softmax_config7_s_fu_127/invert_table_U/q0_reg/DOUTADOUT[14]
                         net (fo=39, routed)          0.686     1.628    grp_softmax_stable_ap_fixed_ap_fixed_16_6_5_3_0_softmax_config7_s_fu_127/mul_18s_11ns_26_1_1_U151/tmp_product/A[18]
    DSP48E2_X4Y98        DSP_A_B_DATA (Prop_DSP_A_B_DATA_DSP48E2_A[18]_A2_DATA[18])
                                                      0.192     1.820 r  grp_softmax_stable_ap_fixed_ap_fixed_16_6_5_3_0_softmax_config7_s_fu_127/mul_18s_11ns_26_1_1_U151/tmp_product/DSP_A_B_DATA_INST/A2_DATA[18]
                         net (fo=1, routed)           0.000     1.820    grp_softmax_stable_ap_fixed_ap_fixed_16_6_5_3_0_softmax_config7_s_fu_127/mul_18s_11ns_26_1_1_U151/tmp_product/DSP_A_B_DATA.A2_DATA<18>
    DSP48E2_X4Y98        DSP_PREADD_DATA (Prop_DSP_PREADD_DATA_DSP48E2_A2_DATA[18]_A2A1[18])
                                                      0.076     1.896 r  grp_softmax_stable_ap_fixed_ap_fixed_16_6_5_3_0_softmax_config7_s_fu_127/mul_18s_11ns_26_1_1_U151/tmp_product/DSP_PREADD_DATA_INST/A2A1[18]
                         net (fo=1, routed)           0.000     1.896    grp_softmax_stable_ap_fixed_ap_fixed_16_6_5_3_0_softmax_config7_s_fu_127/mul_18s_11ns_26_1_1_U151/tmp_product/DSP_PREADD_DATA.A2A1<18>
    DSP48E2_X4Y98        DSP_MULTIPLIER (Prop_DSP_MULTIPLIER_DSP48E2_A2A1[18]_U[22])
                                                      0.505     2.401 f  grp_softmax_stable_ap_fixed_ap_fixed_16_6_5_3_0_softmax_config7_s_fu_127/mul_18s_11ns_26_1_1_U151/tmp_product/DSP_MULTIPLIER_INST/U[22]
                         net (fo=1, routed)           0.000     2.401    grp_softmax_stable_ap_fixed_ap_fixed_16_6_5_3_0_softmax_config7_s_fu_127/mul_18s_11ns_26_1_1_U151/tmp_product/DSP_MULTIPLIER.U<22>
    DSP48E2_X4Y98        DSP_M_DATA (Prop_DSP_M_DATA_DSP48E2_U[22]_U_DATA[22])
                                                      0.047     2.448 r  grp_softmax_stable_ap_fixed_ap_fixed_16_6_5_3_0_softmax_config7_s_fu_127/mul_18s_11ns_26_1_1_U151/tmp_product/DSP_M_DATA_INST/U_DATA[22]
                         net (fo=1, routed)           0.000     2.448    grp_softmax_stable_ap_fixed_ap_fixed_16_6_5_3_0_softmax_config7_s_fu_127/mul_18s_11ns_26_1_1_U151/tmp_product/DSP_M_DATA.U_DATA<22>
    DSP48E2_X4Y98        DSP_ALU (Prop_DSP_ALU_DSP48E2_U_DATA[22]_ALU_OUT[22])
                                                      0.585     3.033 f  grp_softmax_stable_ap_fixed_ap_fixed_16_6_5_3_0_softmax_config7_s_fu_127/mul_18s_11ns_26_1_1_U151/tmp_product/DSP_ALU_INST/ALU_OUT[22]
                         net (fo=1, routed)           0.000     3.033    grp_softmax_stable_ap_fixed_ap_fixed_16_6_5_3_0_softmax_config7_s_fu_127/mul_18s_11ns_26_1_1_U151/tmp_product/DSP_ALU.ALU_OUT<22>
    DSP48E2_X4Y98        DSP_OUTPUT (Prop_DSP_OUTPUT_DSP48E2_ALU_OUT[22]_P[22])
                                                      0.109     3.142 r  grp_softmax_stable_ap_fixed_ap_fixed_16_6_5_3_0_softmax_config7_s_fu_127/mul_18s_11ns_26_1_1_U151/tmp_product/DSP_OUTPUT_INST/P[22]
                         net (fo=0)                   0.000     3.142    layer7_out_1[12]
                                                                      r  layer7_out_1[12] (OUT)
  -------------------------------------------------------------------    -------------------

Slack:                    inf
  Source:                 grp_softmax_stable_ap_fixed_ap_fixed_16_6_5_3_0_softmax_config7_s_fu_127/invert_table_U/q0_reg/CLKARDCLK
                            (rising edge-triggered cell RAMB18E2 clocked by ap_clk  {rise@0.000ns fall@5.000ns period=10.000ns})
  Destination:            layer7_out_1[13]
                            (output port)
  Path Group:             (none)
  Path Type:              Max at Slow Process Corner
  Data Path Delay:        3.066ns  (logic 2.380ns (77.613%)  route 0.686ns (22.387%))
  Logic Levels:           6  (DSP_A_B_DATA=1 DSP_ALU=1 DSP_M_DATA=1 DSP_MULTIPLIER=1 DSP_OUTPUT=1 DSP_PREADD_DATA=1)
  Clock Uncertainty:      0.025ns  ((TSJ^2 + TIJ^2)^1/2 + DJ) / 2 + PE
    Total System Jitter     (TSJ):    0.050ns
    Total Input Jitter      (TIJ):    0.000ns
    Discrete Jitter          (DJ):    0.000ns
    Phase Error              (PE):    0.000ns

    Location             Delay type                Incr(ns)  Path(ns)    Netlist Resource(s)
  -------------------------------------------------------------------    -------------------
                         (clock ap_clk rise edge)     0.000     0.000 r  
                                                      0.000     0.000 r  ap_clk (IN)
                         net (fo=398, unset)          0.076     0.076    grp_softmax_stable_ap_fixed_ap_fixed_16_6_5_3_0_softmax_config7_s_fu_127/invert_table_U/ap_clk
    RAMB18_X1Y100        RAMB18E2                                     r  grp_softmax_stable_ap_fixed_ap_fixed_16_6_5_3_0_softmax_config7_s_fu_127/invert_table_U/q0_reg/CLKARDCLK
  -------------------------------------------------------------------    -------------------
    RAMB18_X1Y100        RAMB18E2 (Prop_RAMB18E2_L_RAMB180_CLKARDCLK_DOUTADOUT[14])
                                                      0.866     0.942 f  grp_softmax_stable_ap_fixed_ap_fixed_16_6_5_3_0_softmax_config7_s_fu_127/invert_table_U/q0_reg/DOUTADOUT[14]
                         net (fo=39, routed)          0.686     1.628    grp_softmax_stable_ap_fixed_ap_fixed_16_6_5_3_0_softmax_config7_s_fu_127/mul_18s_11ns_26_1_1_U151/tmp_product/A[18]
    DSP48E2_X4Y98        DSP_A_B_DATA (Prop_DSP_A_B_DATA_DSP48E2_A[18]_A2_DATA[18])
                                                      0.192     1.820 r  grp_softmax_stable_ap_fixed_ap_fixed_16_6_5_3_0_softmax_config7_s_fu_127/mul_18s_11ns_26_1_1_U151/tmp_product/DSP_A_B_DATA_INST/A2_DATA[18]
                         net (fo=1, routed)           0.000     1.820    grp_softmax_stable_ap_fixed_ap_fixed_16_6_5_3_0_softmax_config7_s_fu_127/mul_18s_11ns_26_1_1_U151/tmp_product/DSP_A_B_DATA.A2_DATA<18>
    DSP48E2_X4Y98        DSP_PREADD_DATA (Prop_DSP_PREADD_DATA_DSP48E2_A2_DATA[18]_A2A1[18])
                                                      0.076     1.896 r  grp_softmax_stable_ap_fixed_ap_fixed_16_6_5_3_0_softmax_config7_s_fu_127/mul_18s_11ns_26_1_1_U151/tmp_product/DSP_PREADD_DATA_INST/A2A1[18]
                         net (fo=1, routed)           0.000     1.896    grp_softmax_stable_ap_fixed_ap_fixed_16_6_5_3_0_softmax_config7_s_fu_127/mul_18s_11ns_26_1_1_U151/tmp_product/DSP_PREADD_DATA.A2A1<18>
    DSP48E2_X4Y98        DSP_MULTIPLIER (Prop_DSP_MULTIPLIER_DSP48E2_A2A1[18]_U[23])
                                                      0.505     2.401 f  grp_softmax_stable_ap_fixed_ap_fixed_16_6_5_3_0_softmax_config7_s_fu_127/mul_18s_11ns_26_1_1_U151/tmp_product/DSP_MULTIPLIER_INST/U[23]
                         net (fo=1, routed)           0.000     2.401    grp_softmax_stable_ap_fixed_ap_fixed_16_6_5_3_0_softmax_config7_s_fu_127/mul_18s_11ns_26_1_1_U151/tmp_product/DSP_MULTIPLIER.U<23>
    DSP48E2_X4Y98        DSP_M_DATA (Prop_DSP_M_DATA_DSP48E2_U[23]_U_DATA[23])
                                                      0.047     2.448 r  grp_softmax_stable_ap_fixed_ap_fixed_16_6_5_3_0_softmax_config7_s_fu_127/mul_18s_11ns_26_1_1_U151/tmp_product/DSP_M_DATA_INST/U_DATA[23]
                         net (fo=1, routed)           0.000     2.448    grp_softmax_stable_ap_fixed_ap_fixed_16_6_5_3_0_softmax_config7_s_fu_127/mul_18s_11ns_26_1_1_U151/tmp_product/DSP_M_DATA.U_DATA<23>
    DSP48E2_X4Y98        DSP_ALU (Prop_DSP_ALU_DSP48E2_U_DATA[23]_ALU_OUT[23])
                                                      0.585     3.033 f  grp_softmax_stable_ap_fixed_ap_fixed_16_6_5_3_0_softmax_config7_s_fu_127/mul_18s_11ns_26_1_1_U151/tmp_product/DSP_ALU_INST/ALU_OUT[23]
                         net (fo=1, routed)           0.000     3.033    grp_softmax_stable_ap_fixed_ap_fixed_16_6_5_3_0_softmax_config7_s_fu_127/mul_18s_11ns_26_1_1_U151/tmp_product/DSP_ALU.ALU_OUT<23>
    DSP48E2_X4Y98        DSP_OUTPUT (Prop_DSP_OUTPUT_DSP48E2_ALU_OUT[23]_P[23])
                                                      0.109     3.142 r  grp_softmax_stable_ap_fixed_ap_fixed_16_6_5_3_0_softmax_config7_s_fu_127/mul_18s_11ns_26_1_1_U151/tmp_product/DSP_OUTPUT_INST/P[23]
                         net (fo=0)                   0.000     3.142    layer7_out_1[13]
                                                                      r  layer7_out_1[13] (OUT)
  -------------------------------------------------------------------    -------------------

Slack:                    inf
  Source:                 grp_softmax_stable_ap_fixed_ap_fixed_16_6_5_3_0_softmax_config7_s_fu_127/invert_table_U/q0_reg/CLKARDCLK
                            (rising edge-triggered cell RAMB18E2 clocked by ap_clk  {rise@0.000ns fall@5.000ns period=10.000ns})
  Destination:            layer7_out_1[14]
                            (output port)
  Path Group:             (none)
  Path Type:              Max at Slow Process Corner
  Data Path Delay:        3.066ns  (logic 2.380ns (77.613%)  route 0.686ns (22.387%))
  Logic Levels:           6  (DSP_A_B_DATA=1 DSP_ALU=1 DSP_M_DATA=1 DSP_MULTIPLIER=1 DSP_OUTPUT=1 DSP_PREADD_DATA=1)
  Clock Uncertainty:      0.025ns  ((TSJ^2 + TIJ^2)^1/2 + DJ) / 2 + PE
    Total System Jitter     (TSJ):    0.050ns
    Total Input Jitter      (TIJ):    0.000ns
    Discrete Jitter          (DJ):    0.000ns
    Phase Error              (PE):    0.000ns

    Location             Delay type                Incr(ns)  Path(ns)    Netlist Resource(s)
  -------------------------------------------------------------------    -------------------
                         (clock ap_clk rise edge)     0.000     0.000 r  
                                                      0.000     0.000 r  ap_clk (IN)
                         net (fo=398, unset)          0.076     0.076    grp_softmax_stable_ap_fixed_ap_fixed_16_6_5_3_0_softmax_config7_s_fu_127/invert_table_U/ap_clk
    RAMB18_X1Y100        RAMB18E2                                     r  grp_softmax_stable_ap_fixed_ap_fixed_16_6_5_3_0_softmax_config7_s_fu_127/invert_table_U/q0_reg/CLKARDCLK
  -------------------------------------------------------------------    -------------------
    RAMB18_X1Y100        RAMB18E2 (Prop_RAMB18E2_L_RAMB180_CLKARDCLK_DOUTADOUT[14])
                                                      0.866     0.942 f  grp_softmax_stable_ap_fixed_ap_fixed_16_6_5_3_0_softmax_config7_s_fu_127/invert_table_U/q0_reg/DOUTADOUT[14]
                         net (fo=39, routed)          0.686     1.628    grp_softmax_stable_ap_fixed_ap_fixed_16_6_5_3_0_softmax_config7_s_fu_127/mul_18s_11ns_26_1_1_U151/tmp_product/A[18]
    DSP48E2_X4Y98        DSP_A_B_DATA (Prop_DSP_A_B_DATA_DSP48E2_A[18]_A2_DATA[18])
                                                      0.192     1.820 r  grp_softmax_stable_ap_fixed_ap_fixed_16_6_5_3_0_softmax_config7_s_fu_127/mul_18s_11ns_26_1_1_U151/tmp_product/DSP_A_B_DATA_INST/A2_DATA[18]
                         net (fo=1, routed)           0.000     1.820    grp_softmax_stable_ap_fixed_ap_fixed_16_6_5_3_0_softmax_config7_s_fu_127/mul_18s_11ns_26_1_1_U151/tmp_product/DSP_A_B_DATA.A2_DATA<18>
    DSP48E2_X4Y98        DSP_PREADD_DATA (Prop_DSP_PREADD_DATA_DSP48E2_A2_DATA[18]_A2A1[18])
                                                      0.076     1.896 r  grp_softmax_stable_ap_fixed_ap_fixed_16_6_5_3_0_softmax_config7_s_fu_127/mul_18s_11ns_26_1_1_U151/tmp_product/DSP_PREADD_DATA_INST/A2A1[18]
                         net (fo=1, routed)           0.000     1.896    grp_softmax_stable_ap_fixed_ap_fixed_16_6_5_3_0_softmax_config7_s_fu_127/mul_18s_11ns_26_1_1_U151/tmp_product/DSP_PREADD_DATA.A2A1<18>
    DSP48E2_X4Y98        DSP_MULTIPLIER (Prop_DSP_MULTIPLIER_DSP48E2_A2A1[18]_U[24])
                                                      0.505     2.401 f  grp_softmax_stable_ap_fixed_ap_fixed_16_6_5_3_0_softmax_config7_s_fu_127/mul_18s_11ns_26_1_1_U151/tmp_product/DSP_MULTIPLIER_INST/U[24]
                         net (fo=1, routed)           0.000     2.401    grp_softmax_stable_ap_fixed_ap_fixed_16_6_5_3_0_softmax_config7_s_fu_127/mul_18s_11ns_26_1_1_U151/tmp_product/DSP_MULTIPLIER.U<24>
    DSP48E2_X4Y98        DSP_M_DATA (Prop_DSP_M_DATA_DSP48E2_U[24]_U_DATA[24])
                                                      0.047     2.448 r  grp_softmax_stable_ap_fixed_ap_fixed_16_6_5_3_0_softmax_config7_s_fu_127/mul_18s_11ns_26_1_1_U151/tmp_product/DSP_M_DATA_INST/U_DATA[24]
                         net (fo=1, routed)           0.000     2.448    grp_softmax_stable_ap_fixed_ap_fixed_16_6_5_3_0_softmax_config7_s_fu_127/mul_18s_11ns_26_1_1_U151/tmp_product/DSP_M_DATA.U_DATA<24>
    DSP48E2_X4Y98        DSP_ALU (Prop_DSP_ALU_DSP48E2_U_DATA[24]_ALU_OUT[24])
                                                      0.585     3.033 f  grp_softmax_stable_ap_fixed_ap_fixed_16_6_5_3_0_softmax_config7_s_fu_127/mul_18s_11ns_26_1_1_U151/tmp_product/DSP_ALU_INST/ALU_OUT[24]
                         net (fo=1, routed)           0.000     3.033    grp_softmax_stable_ap_fixed_ap_fixed_16_6_5_3_0_softmax_config7_s_fu_127/mul_18s_11ns_26_1_1_U151/tmp_product/DSP_ALU.ALU_OUT<24>
    DSP48E2_X4Y98        DSP_OUTPUT (Prop_DSP_OUTPUT_DSP48E2_ALU_OUT[24]_P[24])
                                                      0.109     3.142 r  grp_softmax_stable_ap_fixed_ap_fixed_16_6_5_3_0_softmax_config7_s_fu_127/mul_18s_11ns_26_1_1_U151/tmp_product/DSP_OUTPUT_INST/P[24]
                         net (fo=0)                   0.000     3.142    layer7_out_1[14]
                                                                      r  layer7_out_1[14] (OUT)
  -------------------------------------------------------------------    -------------------

Slack:                    inf
  Source:                 grp_softmax_stable_ap_fixed_ap_fixed_16_6_5_3_0_softmax_config7_s_fu_127/invert_table_U/q0_reg/CLKARDCLK
                            (rising edge-triggered cell RAMB18E2 clocked by ap_clk  {rise@0.000ns fall@5.000ns period=10.000ns})
  Destination:            layer7_out_1[15]
                            (output port)
  Path Group:             (none)
  Path Type:              Max at Slow Process Corner
  Data Path Delay:        3.066ns  (logic 2.380ns (77.613%)  route 0.686ns (22.387%))
  Logic Levels:           6  (DSP_A_B_DATA=1 DSP_ALU=1 DSP_M_DATA=1 DSP_MULTIPLIER=1 DSP_OUTPUT=1 DSP_PREADD_DATA=1)
  Clock Uncertainty:      0.025ns  ((TSJ^2 + TIJ^2)^1/2 + DJ) / 2 + PE
    Total System Jitter     (TSJ):    0.050ns
    Total Input Jitter      (TIJ):    0.000ns
    Discrete Jitter          (DJ):    0.000ns
    Phase Error              (PE):    0.000ns

    Location             Delay type                Incr(ns)  Path(ns)    Netlist Resource(s)
  -------------------------------------------------------------------    -------------------
                         (clock ap_clk rise edge)     0.000     0.000 r  
                                                      0.000     0.000 r  ap_clk (IN)
                         net (fo=398, unset)          0.076     0.076    grp_softmax_stable_ap_fixed_ap_fixed_16_6_5_3_0_softmax_config7_s_fu_127/invert_table_U/ap_clk
    RAMB18_X1Y100        RAMB18E2                                     r  grp_softmax_stable_ap_fixed_ap_fixed_16_6_5_3_0_softmax_config7_s_fu_127/invert_table_U/q0_reg/CLKARDCLK
  -------------------------------------------------------------------    -------------------
    RAMB18_X1Y100        RAMB18E2 (Prop_RAMB18E2_L_RAMB180_CLKARDCLK_DOUTADOUT[14])
                                                      0.866     0.942 f  grp_softmax_stable_ap_fixed_ap_fixed_16_6_5_3_0_softmax_config7_s_fu_127/invert_table_U/q0_reg/DOUTADOUT[14]
                         net (fo=39, routed)          0.686     1.628    grp_softmax_stable_ap_fixed_ap_fixed_16_6_5_3_0_softmax_config7_s_fu_127/mul_18s_11ns_26_1_1_U151/tmp_product/A[18]
    DSP48E2_X4Y98        DSP_A_B_DATA (Prop_DSP_A_B_DATA_DSP48E2_A[18]_A2_DATA[18])
                                                      0.192     1.820 r  grp_softmax_stable_ap_fixed_ap_fixed_16_6_5_3_0_softmax_config7_s_fu_127/mul_18s_11ns_26_1_1_U151/tmp_product/DSP_A_B_DATA_INST/A2_DATA[18]
                         net (fo=1, routed)           0.000     1.820    grp_softmax_stable_ap_fixed_ap_fixed_16_6_5_3_0_softmax_config7_s_fu_127/mul_18s_11ns_26_1_1_U151/tmp_product/DSP_A_B_DATA.A2_DATA<18>
    DSP48E2_X4Y98        DSP_PREADD_DATA (Prop_DSP_PREADD_DATA_DSP48E2_A2_DATA[18]_A2A1[18])
                                                      0.076     1.896 r  grp_softmax_stable_ap_fixed_ap_fixed_16_6_5_3_0_softmax_config7_s_fu_127/mul_18s_11ns_26_1_1_U151/tmp_product/DSP_PREADD_DATA_INST/A2A1[18]
                         net (fo=1, routed)           0.000     1.896    grp_softmax_stable_ap_fixed_ap_fixed_16_6_5_3_0_softmax_config7_s_fu_127/mul_18s_11ns_26_1_1_U151/tmp_product/DSP_PREADD_DATA.A2A1<18>
    DSP48E2_X4Y98        DSP_MULTIPLIER (Prop_DSP_MULTIPLIER_DSP48E2_A2A1[18]_U[25])
                                                      0.505     2.401 f  grp_softmax_stable_ap_fixed_ap_fixed_16_6_5_3_0_softmax_config7_s_fu_127/mul_18s_11ns_26_1_1_U151/tmp_product/DSP_MULTIPLIER_INST/U[25]
                         net (fo=1, routed)           0.000     2.401    grp_softmax_stable_ap_fixed_ap_fixed_16_6_5_3_0_softmax_config7_s_fu_127/mul_18s_11ns_26_1_1_U151/tmp_product/DSP_MULTIPLIER.U<25>
    DSP48E2_X4Y98        DSP_M_DATA (Prop_DSP_M_DATA_DSP48E2_U[25]_U_DATA[25])
                                                      0.047     2.448 r  grp_softmax_stable_ap_fixed_ap_fixed_16_6_5_3_0_softmax_config7_s_fu_127/mul_18s_11ns_26_1_1_U151/tmp_product/DSP_M_DATA_INST/U_DATA[25]
                         net (fo=1, routed)           0.000     2.448    grp_softmax_stable_ap_fixed_ap_fixed_16_6_5_3_0_softmax_config7_s_fu_127/mul_18s_11ns_26_1_1_U151/tmp_product/DSP_M_DATA.U_DATA<25>
    DSP48E2_X4Y98        DSP_ALU (Prop_DSP_ALU_DSP48E2_U_DATA[25]_ALU_OUT[25])
                                                      0.585     3.033 f  grp_softmax_stable_ap_fixed_ap_fixed_16_6_5_3_0_softmax_config7_s_fu_127/mul_18s_11ns_26_1_1_U151/tmp_product/DSP_ALU_INST/ALU_OUT[25]
                         net (fo=1, routed)           0.000     3.033    grp_softmax_stable_ap_fixed_ap_fixed_16_6_5_3_0_softmax_config7_s_fu_127/mul_18s_11ns_26_1_1_U151/tmp_product/DSP_ALU.ALU_OUT<25>
    DSP48E2_X4Y98        DSP_OUTPUT (Prop_DSP_OUTPUT_DSP48E2_ALU_OUT[25]_P[25])
                                                      0.109     3.142 r  grp_softmax_stable_ap_fixed_ap_fixed_16_6_5_3_0_softmax_config7_s_fu_127/mul_18s_11ns_26_1_1_U151/tmp_product/DSP_OUTPUT_INST/P[25]
                         net (fo=0)                   0.000     3.142    layer7_out_1[15]
                                                                      r  layer7_out_1[15] (OUT)
  -------------------------------------------------------------------    -------------------

Slack:                    inf
  Source:                 grp_softmax_stable_ap_fixed_ap_fixed_16_6_5_3_0_softmax_config7_s_fu_127/invert_table_U/q0_reg/CLKARDCLK
                            (rising edge-triggered cell RAMB18E2 clocked by ap_clk  {rise@0.000ns fall@5.000ns period=10.000ns})
  Destination:            layer7_out_1[9]
                            (output port)
  Path Group:             (none)
  Path Type:              Max at Slow Process Corner
  Data Path Delay:        3.066ns  (logic 2.380ns (77.613%)  route 0.686ns (22.387%))
  Logic Levels:           6  (DSP_A_B_DATA=1 DSP_ALU=1 DSP_M_DATA=1 DSP_MULTIPLIER=1 DSP_OUTPUT=1 DSP_PREADD_DATA=1)
  Clock Uncertainty:      0.025ns  ((TSJ^2 + TIJ^2)^1/2 + DJ) / 2 + PE
    Total System Jitter     (TSJ):    0.050ns
    Total Input Jitter      (TIJ):    0.000ns
    Discrete Jitter          (DJ):    0.000ns
    Phase Error              (PE):    0.000ns

    Location             Delay type                Incr(ns)  Path(ns)    Netlist Resource(s)
  -------------------------------------------------------------------    -------------------
                         (clock ap_clk rise edge)     0.000     0.000 r  
                                                      0.000     0.000 r  ap_clk (IN)
                         net (fo=398, unset)          0.076     0.076    grp_softmax_stable_ap_fixed_ap_fixed_16_6_5_3_0_softmax_config7_s_fu_127/invert_table_U/ap_clk
    RAMB18_X1Y100        RAMB18E2                                     r  grp_softmax_stable_ap_fixed_ap_fixed_16_6_5_3_0_softmax_config7_s_fu_127/invert_table_U/q0_reg/CLKARDCLK
  -------------------------------------------------------------------    -------------------
    RAMB18_X1Y100        RAMB18E2 (Prop_RAMB18E2_L_RAMB180_CLKARDCLK_DOUTADOUT[14])
                                                      0.866     0.942 f  grp_softmax_stable_ap_fixed_ap_fixed_16_6_5_3_0_softmax_config7_s_fu_127/invert_table_U/q0_reg/DOUTADOUT[14]
                         net (fo=39, routed)          0.686     1.628    grp_softmax_stable_ap_fixed_ap_fixed_16_6_5_3_0_softmax_config7_s_fu_127/mul_18s_11ns_26_1_1_U151/tmp_product/A[18]
    DSP48E2_X4Y98        DSP_A_B_DATA (Prop_DSP_A_B_DATA_DSP48E2_A[18]_A2_DATA[18])
                                                      0.192     1.820 r  grp_softmax_stable_ap_fixed_ap_fixed_16_6_5_3_0_softmax_config7_s_fu_127/mul_18s_11ns_26_1_1_U151/tmp_product/DSP_A_B_DATA_INST/A2_DATA[18]
                         net (fo=1, routed)           0.000     1.820    grp_softmax_stable_ap_fixed_ap_fixed_16_6_5_3_0_softmax_config7_s_fu_127/mul_18s_11ns_26_1_1_U151/tmp_product/DSP_A_B_DATA.A2_DATA<18>
    DSP48E2_X4Y98        DSP_PREADD_DATA (Prop_DSP_PREADD_DATA_DSP48E2_A2_DATA[18]_A2A1[18])
                                                      0.076     1.896 r  grp_softmax_stable_ap_fixed_ap_fixed_16_6_5_3_0_softmax_config7_s_fu_127/mul_18s_11ns_26_1_1_U151/tmp_product/DSP_PREADD_DATA_INST/A2A1[18]
                         net (fo=1, routed)           0.000     1.896    grp_softmax_stable_ap_fixed_ap_fixed_16_6_5_3_0_softmax_config7_s_fu_127/mul_18s_11ns_26_1_1_U151/tmp_product/DSP_PREADD_DATA.A2A1<18>
    DSP48E2_X4Y98        DSP_MULTIPLIER (Prop_DSP_MULTIPLIER_DSP48E2_A2A1[18]_U[19])
                                                      0.505     2.401 f  grp_softmax_stable_ap_fixed_ap_fixed_16_6_5_3_0_softmax_config7_s_fu_127/mul_18s_11ns_26_1_1_U151/tmp_product/DSP_MULTIPLIER_INST/U[19]
                         net (fo=1, routed)           0.000     2.401    grp_softmax_stable_ap_fixed_ap_fixed_16_6_5_3_0_softmax_config7_s_fu_127/mul_18s_11ns_26_1_1_U151/tmp_product/DSP_MULTIPLIER.U<19>
    DSP48E2_X4Y98        DSP_M_DATA (Prop_DSP_M_DATA_DSP48E2_U[19]_U_DATA[19])
                                                      0.047     2.448 r  grp_softmax_stable_ap_fixed_ap_fixed_16_6_5_3_0_softmax_config7_s_fu_127/mul_18s_11ns_26_1_1_U151/tmp_product/DSP_M_DATA_INST/U_DATA[19]
                         net (fo=1, routed)           0.000     2.448    grp_softmax_stable_ap_fixed_ap_fixed_16_6_5_3_0_softmax_config7_s_fu_127/mul_18s_11ns_26_1_1_U151/tmp_product/DSP_M_DATA.U_DATA<19>
    DSP48E2_X4Y98        DSP_ALU (Prop_DSP_ALU_DSP48E2_U_DATA[19]_ALU_OUT[19])
                                                      0.585     3.033 f  grp_softmax_stable_ap_fixed_ap_fixed_16_6_5_3_0_softmax_config7_s_fu_127/mul_18s_11ns_26_1_1_U151/tmp_product/DSP_ALU_INST/ALU_OUT[19]
                         net (fo=1, routed)           0.000     3.033    grp_softmax_stable_ap_fixed_ap_fixed_16_6_5_3_0_softmax_config7_s_fu_127/mul_18s_11ns_26_1_1_U151/tmp_product/DSP_ALU.ALU_OUT<19>
    DSP48E2_X4Y98        DSP_OUTPUT (Prop_DSP_OUTPUT_DSP48E2_ALU_OUT[19]_P[19])
                                                      0.109     3.142 r  grp_softmax_stable_ap_fixed_ap_fixed_16_6_5_3_0_softmax_config7_s_fu_127/mul_18s_11ns_26_1_1_U151/tmp_product/DSP_OUTPUT_INST/P[19]
                         net (fo=0)                   0.000     3.142    layer7_out_1[9]
                                                                      r  layer7_out_1[9] (OUT)
  -------------------------------------------------------------------    -------------------

Slack:                    inf
  Source:                 grp_softmax_stable_ap_fixed_ap_fixed_16_6_5_3_0_softmax_config7_s_fu_127/invert_table_U/q0_reg/CLKARDCLK
                            (rising edge-triggered cell RAMB18E2 clocked by ap_clk  {rise@0.000ns fall@5.000ns period=10.000ns})
  Destination:            layer7_out_1[8]
                            (output port)
  Path Group:             (none)
  Path Type:              Max at Slow Process Corner
  Data Path Delay:        3.053ns  (logic 2.367ns (77.518%)  route 0.686ns (22.482%))
  Logic Levels:           6  (DSP_A_B_DATA=1 DSP_ALU=1 DSP_M_DATA=1 DSP_MULTIPLIER=1 DSP_OUTPUT=1 DSP_PREADD_DATA=1)
  Clock Uncertainty:      0.025ns  ((TSJ^2 + TIJ^2)^1/2 + DJ) / 2 + PE
    Total System Jitter     (TSJ):    0.050ns
    Total Input Jitter      (TIJ):    0.000ns
    Discrete Jitter          (DJ):    0.000ns
    Phase Error              (PE):    0.000ns

    Location             Delay type                Incr(ns)  Path(ns)    Netlist Resource(s)
  -------------------------------------------------------------------    -------------------
                         (clock ap_clk rise edge)     0.000     0.000 r  
                                                      0.000     0.000 r  ap_clk (IN)
                         net (fo=398, unset)          0.076     0.076    grp_softmax_stable_ap_fixed_ap_fixed_16_6_5_3_0_softmax_config7_s_fu_127/invert_table_U/ap_clk
    RAMB18_X1Y100        RAMB18E2                                     r  grp_softmax_stable_ap_fixed_ap_fixed_16_6_5_3_0_softmax_config7_s_fu_127/invert_table_U/q0_reg/CLKARDCLK
  -------------------------------------------------------------------    -------------------
    RAMB18_X1Y100        RAMB18E2 (Prop_RAMB18E2_L_RAMB180_CLKARDCLK_DOUTADOUT[14])
                                                      0.866     0.942 f  grp_softmax_stable_ap_fixed_ap_fixed_16_6_5_3_0_softmax_config7_s_fu_127/invert_table_U/q0_reg/DOUTADOUT[14]
                         net (fo=39, routed)          0.686     1.628    grp_softmax_stable_ap_fixed_ap_fixed_16_6_5_3_0_softmax_config7_s_fu_127/mul_18s_11ns_26_1_1_U151/tmp_product/A[18]
    DSP48E2_X4Y98        DSP_A_B_DATA (Prop_DSP_A_B_DATA_DSP48E2_A[18]_A2_DATA[18])
                                                      0.192     1.820 r  grp_softmax_stable_ap_fixed_ap_fixed_16_6_5_3_0_softmax_config7_s_fu_127/mul_18s_11ns_26_1_1_U151/tmp_product/DSP_A_B_DATA_INST/A2_DATA[18]
                         net (fo=1, routed)           0.000     1.820    grp_softmax_stable_ap_fixed_ap_fixed_16_6_5_3_0_softmax_config7_s_fu_127/mul_18s_11ns_26_1_1_U151/tmp_product/DSP_A_B_DATA.A2_DATA<18>
    DSP48E2_X4Y98        DSP_PREADD_DATA (Prop_DSP_PREADD_DATA_DSP48E2_A2_DATA[18]_A2A1[18])
                                                      0.076     1.896 r  grp_softmax_stable_ap_fixed_ap_fixed_16_6_5_3_0_softmax_config7_s_fu_127/mul_18s_11ns_26_1_1_U151/tmp_product/DSP_PREADD_DATA_INST/A2A1[18]
                         net (fo=1, routed)           0.000     1.896    grp_softmax_stable_ap_fixed_ap_fixed_16_6_5_3_0_softmax_config7_s_fu_127/mul_18s_11ns_26_1_1_U151/tmp_product/DSP_PREADD_DATA.A2A1<18>
    DSP48E2_X4Y98        DSP_MULTIPLIER (Prop_DSP_MULTIPLIER_DSP48E2_A2A1[18]_V[18])
                                                      0.507     2.403 f  grp_softmax_stable_ap_fixed_ap_fixed_16_6_5_3_0_softmax_config7_s_fu_127/mul_18s_11ns_26_1_1_U151/tmp_product/DSP_MULTIPLIER_INST/V[18]
                         net (fo=1, routed)           0.000     2.403    grp_softmax_stable_ap_fixed_ap_fixed_16_6_5_3_0_softmax_config7_s_fu_127/mul_18s_11ns_26_1_1_U151/tmp_product/DSP_MULTIPLIER.V<18>
    DSP48E2_X4Y98        DSP_M_DATA (Prop_DSP_M_DATA_DSP48E2_V[18]_V_DATA[18])
                                                      0.046     2.449 r  grp_softmax_stable_ap_fixed_ap_fixed_16_6_5_3_0_softmax_config7_s_fu_127/mul_18s_11ns_26_1_1_U151/tmp_product/DSP_M_DATA_INST/V_DATA[18]
                         net (fo=1, routed)           0.000     2.449    grp_softmax_stable_ap_fixed_ap_fixed_16_6_5_3_0_softmax_config7_s_fu_127/mul_18s_11ns_26_1_1_U151/tmp_product/DSP_M_DATA.V_DATA<18>
    DSP48E2_X4Y98        DSP_ALU (Prop_DSP_ALU_DSP48E2_V_DATA[18]_ALU_OUT[18])
                                                      0.571     3.020 f  grp_softmax_stable_ap_fixed_ap_fixed_16_6_5_3_0_softmax_config7_s_fu_127/mul_18s_11ns_26_1_1_U151/tmp_product/DSP_ALU_INST/ALU_OUT[18]
                         net (fo=1, routed)           0.000     3.020    grp_softmax_stable_ap_fixed_ap_fixed_16_6_5_3_0_softmax_config7_s_fu_127/mul_18s_11ns_26_1_1_U151/tmp_product/DSP_ALU.ALU_OUT<18>
    DSP48E2_X4Y98        DSP_OUTPUT (Prop_DSP_OUTPUT_DSP48E2_ALU_OUT[18]_P[18])
                                                      0.109     3.129 r  grp_softmax_stable_ap_fixed_ap_fixed_16_6_5_3_0_softmax_config7_s_fu_127/mul_18s_11ns_26_1_1_U151/tmp_product/DSP_OUTPUT_INST/P[18]
                         net (fo=0)                   0.000     3.129    layer7_out_1[8]
                                                                      r  layer7_out_1[8] (OUT)
  -------------------------------------------------------------------    -------------------

Slack:                    inf
  Source:                 grp_softmax_stable_ap_fixed_ap_fixed_16_6_5_3_0_softmax_config7_s_fu_127/invert_table_U/q0_reg/CLKARDCLK
                            (rising edge-triggered cell RAMB18E2 clocked by ap_clk  {rise@0.000ns fall@5.000ns period=10.000ns})
  Destination:            layer7_out_1[5]
                            (output port)
  Path Group:             (none)
  Path Type:              Max at Slow Process Corner
  Data Path Delay:        3.027ns  (logic 2.389ns (78.920%)  route 0.638ns (21.080%))
  Logic Levels:           6  (DSP_A_B_DATA=1 DSP_ALU=1 DSP_M_DATA=1 DSP_MULTIPLIER=1 DSP_OUTPUT=1 DSP_PREADD_DATA=1)
  Clock Uncertainty:      0.025ns  ((TSJ^2 + TIJ^2)^1/2 + DJ) / 2 + PE
    Total System Jitter     (TSJ):    0.050ns
    Total Input Jitter      (TIJ):    0.000ns
    Discrete Jitter          (DJ):    0.000ns
    Phase Error              (PE):    0.000ns

    Location             Delay type                Incr(ns)  Path(ns)    Netlist Resource(s)
  -------------------------------------------------------------------    -------------------
                         (clock ap_clk rise edge)     0.000     0.000 r  
                                                      0.000     0.000 r  ap_clk (IN)
                         net (fo=398, unset)          0.076     0.076    grp_softmax_stable_ap_fixed_ap_fixed_16_6_5_3_0_softmax_config7_s_fu_127/invert_table_U/ap_clk
    RAMB18_X1Y100        RAMB18E2                                     r  grp_softmax_stable_ap_fixed_ap_fixed_16_6_5_3_0_softmax_config7_s_fu_127/invert_table_U/q0_reg/CLKARDCLK
  -------------------------------------------------------------------    -------------------
    RAMB18_X1Y100        RAMB18E2 (Prop_RAMB18E2_L_RAMB180_CLKARDCLK_DOUTADOUT[13])
                                                      0.875     0.951 f  grp_softmax_stable_ap_fixed_ap_fixed_16_6_5_3_0_softmax_config7_s_fu_127/invert_table_U/q0_reg/DOUTADOUT[13]
                         net (fo=12, routed)          0.638     1.589    grp_softmax_stable_ap_fixed_ap_fixed_16_6_5_3_0_softmax_config7_s_fu_127/mul_18s_11ns_26_1_1_U151/tmp_product/A[14]
    DSP48E2_X4Y98        DSP_A_B_DATA (Prop_DSP_A_B_DATA_DSP48E2_A[14]_A2_DATA[14])
                                                      0.192     1.781 r  grp_softmax_stable_ap_fixed_ap_fixed_16_6_5_3_0_softmax_config7_s_fu_127/mul_18s_11ns_26_1_1_U151/tmp_product/DSP_A_B_DATA_INST/A2_DATA[14]
                         net (fo=1, routed)           0.000     1.781    grp_softmax_stable_ap_fixed_ap_fixed_16_6_5_3_0_softmax_config7_s_fu_127/mul_18s_11ns_26_1_1_U151/tmp_product/DSP_A_B_DATA.A2_DATA<14>
    DSP48E2_X4Y98        DSP_PREADD_DATA (Prop_DSP_PREADD_DATA_DSP48E2_A2_DATA[14]_A2A1[14])
                                                      0.076     1.857 r  grp_softmax_stable_ap_fixed_ap_fixed_16_6_5_3_0_softmax_config7_s_fu_127/mul_18s_11ns_26_1_1_U151/tmp_product/DSP_PREADD_DATA_INST/A2A1[14]
                         net (fo=1, routed)           0.000     1.857    grp_softmax_stable_ap_fixed_ap_fixed_16_6_5_3_0_softmax_config7_s_fu_127/mul_18s_11ns_26_1_1_U151/tmp_product/DSP_PREADD_DATA.A2A1<14>
    DSP48E2_X4Y98        DSP_MULTIPLIER (Prop_DSP_MULTIPLIER_DSP48E2_A2A1[14]_U[15])
                                                      0.505     2.362 f  grp_softmax_stable_ap_fixed_ap_fixed_16_6_5_3_0_softmax_config7_s_fu_127/mul_18s_11ns_26_1_1_U151/tmp_product/DSP_MULTIPLIER_INST/U[15]
                         net (fo=1, routed)           0.000     2.362    grp_softmax_stable_ap_fixed_ap_fixed_16_6_5_3_0_softmax_config7_s_fu_127/mul_18s_11ns_26_1_1_U151/tmp_product/DSP_MULTIPLIER.U<15>
    DSP48E2_X4Y98        DSP_M_DATA (Prop_DSP_M_DATA_DSP48E2_U[15]_U_DATA[15])
                                                      0.047     2.409 r  grp_softmax_stable_ap_fixed_ap_fixed_16_6_5_3_0_softmax_config7_s_fu_127/mul_18s_11ns_26_1_1_U151/tmp_product/DSP_M_DATA_INST/U_DATA[15]
                         net (fo=1, routed)           0.000     2.409    grp_softmax_stable_ap_fixed_ap_fixed_16_6_5_3_0_softmax_config7_s_fu_127/mul_18s_11ns_26_1_1_U151/tmp_product/DSP_M_DATA.U_DATA<15>
    DSP48E2_X4Y98        DSP_ALU (Prop_DSP_ALU_DSP48E2_U_DATA[15]_ALU_OUT[15])
                                                      0.585     2.994 f  grp_softmax_stable_ap_fixed_ap_fixed_16_6_5_3_0_softmax_config7_s_fu_127/mul_18s_11ns_26_1_1_U151/tmp_product/DSP_ALU_INST/ALU_OUT[15]
                         net (fo=1, routed)           0.000     2.994    grp_softmax_stable_ap_fixed_ap_fixed_16_6_5_3_0_softmax_config7_s_fu_127/mul_18s_11ns_26_1_1_U151/tmp_product/DSP_ALU.ALU_OUT<15>
    DSP48E2_X4Y98        DSP_OUTPUT (Prop_DSP_OUTPUT_DSP48E2_ALU_OUT[15]_P[15])
                                                      0.109     3.103 r  grp_softmax_stable_ap_fixed_ap_fixed_16_6_5_3_0_softmax_config7_s_fu_127/mul_18s_11ns_26_1_1_U151/tmp_product/DSP_OUTPUT_INST/P[15]
                         net (fo=0)                   0.000     3.103    layer7_out_1[5]
                                                                      r  layer7_out_1[5] (OUT)
  -------------------------------------------------------------------    -------------------

Slack:                    inf
  Source:                 grp_softmax_stable_ap_fixed_ap_fixed_16_6_5_3_0_softmax_config7_s_fu_127/invert_table_U/q0_reg/CLKARDCLK
                            (rising edge-triggered cell RAMB18E2 clocked by ap_clk  {rise@0.000ns fall@5.000ns period=10.000ns})
  Destination:            layer7_out_1[6]
                            (output port)
  Path Group:             (none)
  Path Type:              Max at Slow Process Corner
  Data Path Delay:        3.027ns  (logic 2.389ns (78.920%)  route 0.638ns (21.080%))
  Logic Levels:           6  (DSP_A_B_DATA=1 DSP_ALU=1 DSP_M_DATA=1 DSP_MULTIPLIER=1 DSP_OUTPUT=1 DSP_PREADD_DATA=1)
  Clock Uncertainty:      0.025ns  ((TSJ^2 + TIJ^2)^1/2 + DJ) / 2 + PE
    Total System Jitter     (TSJ):    0.050ns
    Total Input Jitter      (TIJ):    0.000ns
    Discrete Jitter          (DJ):    0.000ns
    Phase Error              (PE):    0.000ns

    Location             Delay type                Incr(ns)  Path(ns)    Netlist Resource(s)
  -------------------------------------------------------------------    -------------------
                         (clock ap_clk rise edge)     0.000     0.000 r  
                                                      0.000     0.000 r  ap_clk (IN)
                         net (fo=398, unset)          0.076     0.076    grp_softmax_stable_ap_fixed_ap_fixed_16_6_5_3_0_softmax_config7_s_fu_127/invert_table_U/ap_clk
    RAMB18_X1Y100        RAMB18E2                                     r  grp_softmax_stable_ap_fixed_ap_fixed_16_6_5_3_0_softmax_config7_s_fu_127/invert_table_U/q0_reg/CLKARDCLK
  -------------------------------------------------------------------    -------------------
    RAMB18_X1Y100        RAMB18E2 (Prop_RAMB18E2_L_RAMB180_CLKARDCLK_DOUTADOUT[13])
                                                      0.875     0.951 f  grp_softmax_stable_ap_fixed_ap_fixed_16_6_5_3_0_softmax_config7_s_fu_127/invert_table_U/q0_reg/DOUTADOUT[13]
                         net (fo=12, routed)          0.638     1.589    grp_softmax_stable_ap_fixed_ap_fixed_16_6_5_3_0_softmax_config7_s_fu_127/mul_18s_11ns_26_1_1_U151/tmp_product/A[14]
    DSP48E2_X4Y98        DSP_A_B_DATA (Prop_DSP_A_B_DATA_DSP48E2_A[14]_A2_DATA[14])
                                                      0.192     1.781 r  grp_softmax_stable_ap_fixed_ap_fixed_16_6_5_3_0_softmax_config7_s_fu_127/mul_18s_11ns_26_1_1_U151/tmp_product/DSP_A_B_DATA_INST/A2_DATA[14]
                         net (fo=1, routed)           0.000     1.781    grp_softmax_stable_ap_fixed_ap_fixed_16_6_5_3_0_softmax_config7_s_fu_127/mul_18s_11ns_26_1_1_U151/tmp_product/DSP_A_B_DATA.A2_DATA<14>
    DSP48E2_X4Y98        DSP_PREADD_DATA (Prop_DSP_PREADD_DATA_DSP48E2_A2_DATA[14]_A2A1[14])
                                                      0.076     1.857 r  grp_softmax_stable_ap_fixed_ap_fixed_16_6_5_3_0_softmax_config7_s_fu_127/mul_18s_11ns_26_1_1_U151/tmp_product/DSP_PREADD_DATA_INST/A2A1[14]
                         net (fo=1, routed)           0.000     1.857    grp_softmax_stable_ap_fixed_ap_fixed_16_6_5_3_0_softmax_config7_s_fu_127/mul_18s_11ns_26_1_1_U151/tmp_product/DSP_PREADD_DATA.A2A1<14>
    DSP48E2_X4Y98        DSP_MULTIPLIER (Prop_DSP_MULTIPLIER_DSP48E2_A2A1[14]_U[16])
                                                      0.505     2.362 f  grp_softmax_stable_ap_fixed_ap_fixed_16_6_5_3_0_softmax_config7_s_fu_127/mul_18s_11ns_26_1_1_U151/tmp_product/DSP_MULTIPLIER_INST/U[16]
                         net (fo=1, routed)           0.000     2.362    grp_softmax_stable_ap_fixed_ap_fixed_16_6_5_3_0_softmax_config7_s_fu_127/mul_18s_11ns_26_1_1_U151/tmp_product/DSP_MULTIPLIER.U<16>
    DSP48E2_X4Y98        DSP_M_DATA (Prop_DSP_M_DATA_DSP48E2_U[16]_U_DATA[16])
                                                      0.047     2.409 r  grp_softmax_stable_ap_fixed_ap_fixed_16_6_5_3_0_softmax_config7_s_fu_127/mul_18s_11ns_26_1_1_U151/tmp_product/DSP_M_DATA_INST/U_DATA[16]
                         net (fo=1, routed)           0.000     2.409    grp_softmax_stable_ap_fixed_ap_fixed_16_6_5_3_0_softmax_config7_s_fu_127/mul_18s_11ns_26_1_1_U151/tmp_product/DSP_M_DATA.U_DATA<16>
    DSP48E2_X4Y98        DSP_ALU (Prop_DSP_ALU_DSP48E2_U_DATA[16]_ALU_OUT[16])
                                                      0.585     2.994 f  grp_softmax_stable_ap_fixed_ap_fixed_16_6_5_3_0_softmax_config7_s_fu_127/mul_18s_11ns_26_1_1_U151/tmp_product/DSP_ALU_INST/ALU_OUT[16]
                         net (fo=1, routed)           0.000     2.994    grp_softmax_stable_ap_fixed_ap_fixed_16_6_5_3_0_softmax_config7_s_fu_127/mul_18s_11ns_26_1_1_U151/tmp_product/DSP_ALU.ALU_OUT<16>
    DSP48E2_X4Y98        DSP_OUTPUT (Prop_DSP_OUTPUT_DSP48E2_ALU_OUT[16]_P[16])
                                                      0.109     3.103 r  grp_softmax_stable_ap_fixed_ap_fixed_16_6_5_3_0_softmax_config7_s_fu_127/mul_18s_11ns_26_1_1_U151/tmp_product/DSP_OUTPUT_INST/P[16]
                         net (fo=0)                   0.000     3.103    layer7_out_1[6]
                                                                      r  layer7_out_1[6] (OUT)
  -------------------------------------------------------------------    -------------------





Min Delay Paths
--------------------------------------------------------------------------------------
Slack:                    inf
  Source:                 ap_enable_reg_pp0_iter3_reg/C
                            (rising edge-triggered cell FDRE clocked by ap_clk  {rise@0.000ns fall@5.000ns period=10.000ns})
  Destination:            ap_idle
                            (output port)
  Path Group:             (none)
  Path Type:              Min at Fast Process Corner
  Data Path Delay:        0.101ns  (logic 0.074ns (73.498%)  route 0.027ns (26.502%))
  Logic Levels:           1  (LUT6=1)
  Clock Uncertainty:      0.025ns  ((TSJ^2 + TIJ^2)^1/2 + DJ) / 2 + PE
    Total System Jitter     (TSJ):    0.050ns
    Total Input Jitter      (TIJ):    0.000ns
    Discrete Jitter          (DJ):    0.000ns
    Phase Error              (PE):    0.000ns

    Location             Delay type                Incr(ns)  Path(ns)    Netlist Resource(s)
  -------------------------------------------------------------------    -------------------
                         (clock ap_clk rise edge)     0.000     0.000 r  
                                                      0.000     0.000 r  ap_clk (IN)
                         net (fo=398, unset)          0.012     0.012    ap_clk
    SLICE_X69Y244        FDRE                                         r  ap_enable_reg_pp0_iter3_reg/C
  -------------------------------------------------------------------    -------------------
    SLICE_X69Y244        FDRE (Prop_BFF_SLICEL_C_Q)
                                                      0.039     0.051 f  ap_enable_reg_pp0_iter3_reg/Q
                         net (fo=2, routed)           0.027     0.078    ap_enable_reg_pp0_iter3
    SLICE_X69Y244        LUT6 (Prop_C6LUT_SLICEL_I3_O)
                                                      0.035     0.113 r  ap_idle_INST_0/O
                         net (fo=0)                   0.000     0.113    ap_idle
                                                                      r  ap_idle (OUT)
  -------------------------------------------------------------------    -------------------

Slack:                    inf
  Source:                 ap_enable_reg_pp0_iter5_reg/C
                            (rising edge-triggered cell FDRE clocked by ap_clk  {rise@0.000ns fall@5.000ns period=10.000ns})
  Destination:            layer7_out_0_ap_vld
                            (output port)
  Path Group:             (none)
  Path Type:              Min at Fast Process Corner
  Data Path Delay:        0.119ns  (logic 0.074ns (62.278%)  route 0.045ns (37.722%))
  Logic Levels:           1  (LUT2=1)
  Clock Uncertainty:      0.025ns  ((TSJ^2 + TIJ^2)^1/2 + DJ) / 2 + PE
    Total System Jitter     (TSJ):    0.050ns
    Total Input Jitter      (TIJ):    0.000ns
    Discrete Jitter          (DJ):    0.000ns
    Phase Error              (PE):    0.000ns

    Location             Delay type                Incr(ns)  Path(ns)    Netlist Resource(s)
  -------------------------------------------------------------------    -------------------
                         (clock ap_clk rise edge)     0.000     0.000 r  
                                                      0.000     0.000 r  ap_clk (IN)
                         net (fo=398, unset)          0.012     0.012    ap_clk
    SLICE_X69Y244        FDRE                                         r  ap_enable_reg_pp0_iter5_reg/C
  -------------------------------------------------------------------    -------------------
    SLICE_X69Y244        FDRE (Prop_CFF_SLICEL_C_Q)
                                                      0.039     0.051 r  ap_enable_reg_pp0_iter5_reg/Q
                         net (fo=3, routed)           0.045     0.096    ap_enable_reg_pp0_iter5
    SLICE_X69Y244        LUT2 (Prop_H6LUT_SLICEL_I0_O)
                                                      0.035     0.131 r  layer7_out_2_ap_vld_INST_0/O
                         net (fo=0)                   0.000     0.131    layer7_out_2_ap_vld
                                                                      r  layer7_out_0_ap_vld (OUT)
  -------------------------------------------------------------------    -------------------

Slack:                    inf
  Source:                 ap_enable_reg_pp0_iter5_reg/C
                            (rising edge-triggered cell FDRE clocked by ap_clk  {rise@0.000ns fall@5.000ns period=10.000ns})
  Destination:            layer7_out_1_ap_vld
                            (output port)
  Path Group:             (none)
  Path Type:              Min at Fast Process Corner
  Data Path Delay:        0.119ns  (logic 0.074ns (62.278%)  route 0.045ns (37.722%))
  Logic Levels:           1  (LUT2=1)
  Clock Uncertainty:      0.025ns  ((TSJ^2 + TIJ^2)^1/2 + DJ) / 2 + PE
    Total System Jitter     (TSJ):    0.050ns
    Total Input Jitter      (TIJ):    0.000ns
    Discrete Jitter          (DJ):    0.000ns
    Phase Error              (PE):    0.000ns

    Location             Delay type                Incr(ns)  Path(ns)    Netlist Resource(s)
  -------------------------------------------------------------------    -------------------
                         (clock ap_clk rise edge)     0.000     0.000 r  
                                                      0.000     0.000 r  ap_clk (IN)
                         net (fo=398, unset)          0.012     0.012    ap_clk
    SLICE_X69Y244        FDRE                                         r  ap_enable_reg_pp0_iter5_reg/C
  -------------------------------------------------------------------    -------------------
    SLICE_X69Y244        FDRE (Prop_CFF_SLICEL_C_Q)
                                                      0.039     0.051 r  ap_enable_reg_pp0_iter5_reg/Q
                         net (fo=3, routed)           0.045     0.096    ap_enable_reg_pp0_iter5
    SLICE_X69Y244        LUT2 (Prop_H6LUT_SLICEL_I0_O)
                                                      0.035     0.131 r  layer7_out_2_ap_vld_INST_0/O
                         net (fo=0)                   0.000     0.131    layer7_out_2_ap_vld
                                                                      r  layer7_out_1_ap_vld (OUT)
  -------------------------------------------------------------------    -------------------

Slack:                    inf
  Source:                 ap_enable_reg_pp0_iter5_reg/C
                            (rising edge-triggered cell FDRE clocked by ap_clk  {rise@0.000ns fall@5.000ns period=10.000ns})
  Destination:            layer7_out_2_ap_vld
                            (output port)
  Path Group:             (none)
  Path Type:              Min at Fast Process Corner
  Data Path Delay:        0.119ns  (logic 0.074ns (62.278%)  route 0.045ns (37.722%))
  Logic Levels:           1  (LUT2=1)
  Clock Uncertainty:      0.025ns  ((TSJ^2 + TIJ^2)^1/2 + DJ) / 2 + PE
    Total System Jitter     (TSJ):    0.050ns
    Total Input Jitter      (TIJ):    0.000ns
    Discrete Jitter          (DJ):    0.000ns
    Phase Error              (PE):    0.000ns

    Location             Delay type                Incr(ns)  Path(ns)    Netlist Resource(s)
  -------------------------------------------------------------------    -------------------
                         (clock ap_clk rise edge)     0.000     0.000 r  
                                                      0.000     0.000 r  ap_clk (IN)
                         net (fo=398, unset)          0.012     0.012    ap_clk
    SLICE_X69Y244        FDRE                                         r  ap_enable_reg_pp0_iter5_reg/C
  -------------------------------------------------------------------    -------------------
    SLICE_X69Y244        FDRE (Prop_CFF_SLICEL_C_Q)
                                                      0.039     0.051 r  ap_enable_reg_pp0_iter5_reg/Q
                         net (fo=3, routed)           0.045     0.096    ap_enable_reg_pp0_iter5
    SLICE_X69Y244        LUT2 (Prop_H6LUT_SLICEL_I0_O)
                                                      0.035     0.131 r  layer7_out_2_ap_vld_INST_0/O
                         net (fo=0)                   0.000     0.131    layer7_out_2_ap_vld
                                                                      r  layer7_out_2_ap_vld (OUT)
  -------------------------------------------------------------------    -------------------

Slack:                    inf
  Source:                 ap_enable_reg_pp0_iter5_reg/C
                            (rising edge-triggered cell FDRE clocked by ap_clk  {rise@0.000ns fall@5.000ns period=10.000ns})
  Destination:            ap_done
                            (output port)
  Path Group:             (none)
  Path Type:              Min at Fast Process Corner
  Data Path Delay:        0.162ns  (logic 0.096ns (59.137%)  route 0.066ns (40.863%))
  Logic Levels:           1  (LUT4=1)
  Clock Uncertainty:      0.025ns  ((TSJ^2 + TIJ^2)^1/2 + DJ) / 2 + PE
    Total System Jitter     (TSJ):    0.050ns
    Total Input Jitter      (TIJ):    0.000ns
    Discrete Jitter          (DJ):    0.000ns
    Phase Error              (PE):    0.000ns

    Location             Delay type                Incr(ns)  Path(ns)    Netlist Resource(s)
  -------------------------------------------------------------------    -------------------
                         (clock ap_clk rise edge)     0.000     0.000 r  
                                                      0.000     0.000 r  ap_clk (IN)
                         net (fo=398, unset)          0.012     0.012    ap_clk
    SLICE_X69Y244        FDRE                                         r  ap_enable_reg_pp0_iter5_reg/C
  -------------------------------------------------------------------    -------------------
    SLICE_X69Y244        FDRE (Prop_CFF_SLICEL_C_Q)
                                                      0.039     0.051 r  ap_enable_reg_pp0_iter5_reg/Q
                         net (fo=3, routed)           0.052     0.103    ap_enable_reg_pp0_iter5
    SLICE_X69Y244        LUT4 (Prop_D5LUT_SLICEL_I0_O)
                                                      0.057     0.160 r  ap_done_INST_0/O
                         net (fo=0)                   0.014     0.174    ap_done
                                                                      r  ap_done (OUT)
  -------------------------------------------------------------------    -------------------

Slack:                    inf
  Source:                 features_ap_vld_preg_reg/C
                            (rising edge-triggered cell FDRE clocked by ap_clk  {rise@0.000ns fall@5.000ns period=10.000ns})
  Destination:            ap_ready
                            (output port)
  Path Group:             (none)
  Path Type:              Min at Fast Process Corner
  Data Path Delay:        0.214ns  (logic 0.091ns (42.550%)  route 0.123ns (57.450%))
  Logic Levels:           1  (LUT3=1)
  Clock Uncertainty:      0.025ns  ((TSJ^2 + TIJ^2)^1/2 + DJ) / 2 + PE
    Total System Jitter     (TSJ):    0.050ns
    Total Input Jitter      (TIJ):    0.000ns
    Discrete Jitter          (DJ):    0.000ns
    Phase Error              (PE):    0.000ns

    Location             Delay type                Incr(ns)  Path(ns)    Netlist Resource(s)
  -------------------------------------------------------------------    -------------------
                         (clock ap_clk rise edge)     0.000     0.000 r  
                                                      0.000     0.000 r  ap_clk (IN)
                         net (fo=398, unset)          0.013     0.013    ap_clk
    SLICE_X70Y243        FDRE                                         r  features_ap_vld_preg_reg/C
  -------------------------------------------------------------------    -------------------
    SLICE_X70Y243        FDRE (Prop_DFF2_SLICEM_C_Q)
                                                      0.041     0.054 r  features_ap_vld_preg_reg/Q
                         net (fo=6, routed)           0.106     0.160    features_ap_vld_preg
    SLICE_X70Y243        LUT3 (Prop_C5LUT_SLICEM_I0_O)
                                                      0.050     0.210 r  ap_ready_INST_0/O
                         net (fo=0)                   0.017     0.227    ap_ready
                                                                      r  ap_ready (OUT)
  -------------------------------------------------------------------    -------------------

Slack:                    inf
  Source:                 grp_softmax_stable_ap_fixed_ap_fixed_16_6_5_3_0_softmax_config7_s_fu_127/mul_18s_11ns_26_1_1_U150/tmp_product/DSP_A_B_DATA_INST/CLK
                            (rising edge-triggered cell DSP_A_B_DATA clocked by ap_clk  {rise@0.000ns fall@5.000ns period=10.000ns})
  Destination:            layer7_out_0[0]
                            (output port)
  Path Group:             (none)
  Path Type:              Min at Fast Process Corner
  Data Path Delay:        0.340ns  (logic 0.340ns (100.000%)  route 0.000ns (0.000%))
  Logic Levels:           5  (DSP_ALU=1 DSP_M_DATA=1 DSP_MULTIPLIER=1 DSP_OUTPUT=1 DSP_PREADD_DATA=1)
  Clock Uncertainty:      0.025ns  ((TSJ^2 + TIJ^2)^1/2 + DJ) / 2 + PE
    Total System Jitter     (TSJ):    0.050ns
    Total Input Jitter      (TIJ):    0.000ns
    Discrete Jitter          (DJ):    0.000ns
    Phase Error              (PE):    0.000ns

    Location             Delay type                Incr(ns)  Path(ns)    Netlist Resource(s)
  -------------------------------------------------------------------    -------------------
                         (clock ap_clk rise edge)     0.000     0.000 r  
                                                      0.000     0.000 r  ap_clk (IN)
                         net (fo=398, unset)          0.030     0.030    grp_softmax_stable_ap_fixed_ap_fixed_16_6_5_3_0_softmax_config7_s_fu_127/mul_18s_11ns_26_1_1_U150/tmp_product/CLK
    DSP48E2_X4Y100       DSP_A_B_DATA                                 r  grp_softmax_stable_ap_fixed_ap_fixed_16_6_5_3_0_softmax_config7_s_fu_127/mul_18s_11ns_26_1_1_U150/tmp_product/DSP_A_B_DATA_INST/CLK
  -------------------------------------------------------------------    -------------------
    DSP48E2_X4Y100       DSP_A_B_DATA (Prop_DSP_A_B_DATA_DSP48E2_CLK_B2_DATA[9])
                                                      0.090     0.120 r  grp_softmax_stable_ap_fixed_ap_fixed_16_6_5_3_0_softmax_config7_s_fu_127/mul_18s_11ns_26_1_1_U150/tmp_product/DSP_A_B_DATA_INST/B2_DATA[9]
                         net (fo=1, routed)           0.000     0.120    grp_softmax_stable_ap_fixed_ap_fixed_16_6_5_3_0_softmax_config7_s_fu_127/mul_18s_11ns_26_1_1_U150/tmp_product/DSP_A_B_DATA.B2_DATA<9>
    DSP48E2_X4Y100       DSP_PREADD_DATA (Prop_DSP_PREADD_DATA_DSP48E2_B2_DATA[9]_B2B1[9])
                                                      0.020     0.140 r  grp_softmax_stable_ap_fixed_ap_fixed_16_6_5_3_0_softmax_config7_s_fu_127/mul_18s_11ns_26_1_1_U150/tmp_product/DSP_PREADD_DATA_INST/B2B1[9]
                         net (fo=1, routed)           0.000     0.140    grp_softmax_stable_ap_fixed_ap_fixed_16_6_5_3_0_softmax_config7_s_fu_127/mul_18s_11ns_26_1_1_U150/tmp_product/DSP_PREADD_DATA.B2B1<9>
    DSP48E2_X4Y100       DSP_MULTIPLIER (Prop_DSP_MULTIPLIER_DSP48E2_B2B1[9]_U[10])
                                                      0.075     0.215 f  grp_softmax_stable_ap_fixed_ap_fixed_16_6_5_3_0_softmax_config7_s_fu_127/mul_18s_11ns_26_1_1_U150/tmp_product/DSP_MULTIPLIER_INST/U[10]
                         net (fo=1, routed)           0.000     0.215    grp_softmax_stable_ap_fixed_ap_fixed_16_6_5_3_0_softmax_config7_s_fu_127/mul_18s_11ns_26_1_1_U150/tmp_product/DSP_MULTIPLIER.U<10>
    DSP48E2_X4Y100       DSP_M_DATA (Prop_DSP_M_DATA_DSP48E2_U[10]_U_DATA[10])
                                                      0.012     0.227 r  grp_softmax_stable_ap_fixed_ap_fixed_16_6_5_3_0_softmax_config7_s_fu_127/mul_18s_11ns_26_1_1_U150/tmp_product/DSP_M_DATA_INST/U_DATA[10]
                         net (fo=1, routed)           0.000     0.227    grp_softmax_stable_ap_fixed_ap_fixed_16_6_5_3_0_softmax_config7_s_fu_127/mul_18s_11ns_26_1_1_U150/tmp_product/DSP_M_DATA.U_DATA<10>
    DSP48E2_X4Y100       DSP_ALU (Prop_DSP_ALU_DSP48E2_U_DATA[10]_ALU_OUT[10])
                                                      0.113     0.340 f  grp_softmax_stable_ap_fixed_ap_fixed_16_6_5_3_0_softmax_config7_s_fu_127/mul_18s_11ns_26_1_1_U150/tmp_product/DSP_ALU_INST/ALU_OUT[10]
                         net (fo=1, routed)           0.000     0.340    grp_softmax_stable_ap_fixed_ap_fixed_16_6_5_3_0_softmax_config7_s_fu_127/mul_18s_11ns_26_1_1_U150/tmp_product/DSP_ALU.ALU_OUT<10>
    DSP48E2_X4Y100       DSP_OUTPUT (Prop_DSP_OUTPUT_DSP48E2_ALU_OUT[10]_P[10])
                                                      0.030     0.370 r  grp_softmax_stable_ap_fixed_ap_fixed_16_6_5_3_0_softmax_config7_s_fu_127/mul_18s_11ns_26_1_1_U150/tmp_product/DSP_OUTPUT_INST/P[10]
                         net (fo=0)                   0.000     0.370    layer7_out_0[0]
                                                                      r  layer7_out_0[0] (OUT)
  -------------------------------------------------------------------    -------------------

Slack:                    inf
  Source:                 grp_softmax_stable_ap_fixed_ap_fixed_16_6_5_3_0_softmax_config7_s_fu_127/mul_18s_11ns_26_1_1_U150/tmp_product/DSP_A_B_DATA_INST/CLK
                            (rising edge-triggered cell DSP_A_B_DATA clocked by ap_clk  {rise@0.000ns fall@5.000ns period=10.000ns})
  Destination:            layer7_out_0[10]
                            (output port)
  Path Group:             (none)
  Path Type:              Min at Fast Process Corner
  Data Path Delay:        0.340ns  (logic 0.340ns (100.000%)  route 0.000ns (0.000%))
  Logic Levels:           5  (DSP_ALU=1 DSP_M_DATA=1 DSP_MULTIPLIER=1 DSP_OUTPUT=1 DSP_PREADD_DATA=1)
  Clock Uncertainty:      0.025ns  ((TSJ^2 + TIJ^2)^1/2 + DJ) / 2 + PE
    Total System Jitter     (TSJ):    0.050ns
    Total Input Jitter      (TIJ):    0.000ns
    Discrete Jitter          (DJ):    0.000ns
    Phase Error              (PE):    0.000ns

    Location             Delay type                Incr(ns)  Path(ns)    Netlist Resource(s)
  -------------------------------------------------------------------    -------------------
                         (clock ap_clk rise edge)     0.000     0.000 r  
                                                      0.000     0.000 r  ap_clk (IN)
                         net (fo=398, unset)          0.030     0.030    grp_softmax_stable_ap_fixed_ap_fixed_16_6_5_3_0_softmax_config7_s_fu_127/mul_18s_11ns_26_1_1_U150/tmp_product/CLK
    DSP48E2_X4Y100       DSP_A_B_DATA                                 r  grp_softmax_stable_ap_fixed_ap_fixed_16_6_5_3_0_softmax_config7_s_fu_127/mul_18s_11ns_26_1_1_U150/tmp_product/DSP_A_B_DATA_INST/CLK
  -------------------------------------------------------------------    -------------------
    DSP48E2_X4Y100       DSP_A_B_DATA (Prop_DSP_A_B_DATA_DSP48E2_CLK_B2_DATA[17])
                                                      0.090     0.120 r  grp_softmax_stable_ap_fixed_ap_fixed_16_6_5_3_0_softmax_config7_s_fu_127/mul_18s_11ns_26_1_1_U150/tmp_product/DSP_A_B_DATA_INST/B2_DATA[17]
                         net (fo=1, routed)           0.000     0.120    grp_softmax_stable_ap_fixed_ap_fixed_16_6_5_3_0_softmax_config7_s_fu_127/mul_18s_11ns_26_1_1_U150/tmp_product/DSP_A_B_DATA.B2_DATA<17>
    DSP48E2_X4Y100       DSP_PREADD_DATA (Prop_DSP_PREADD_DATA_DSP48E2_B2_DATA[17]_B2B1[17])
                                                      0.020     0.140 r  grp_softmax_stable_ap_fixed_ap_fixed_16_6_5_3_0_softmax_config7_s_fu_127/mul_18s_11ns_26_1_1_U150/tmp_product/DSP_PREADD_DATA_INST/B2B1[17]
                         net (fo=1, routed)           0.000     0.140    grp_softmax_stable_ap_fixed_ap_fixed_16_6_5_3_0_softmax_config7_s_fu_127/mul_18s_11ns_26_1_1_U150/tmp_product/DSP_PREADD_DATA.B2B1<17>
    DSP48E2_X4Y100       DSP_MULTIPLIER (Prop_DSP_MULTIPLIER_DSP48E2_B2B1[17]_U[20])
                                                      0.075     0.215 f  grp_softmax_stable_ap_fixed_ap_fixed_16_6_5_3_0_softmax_config7_s_fu_127/mul_18s_11ns_26_1_1_U150/tmp_product/DSP_MULTIPLIER_INST/U[20]
                         net (fo=1, routed)           0.000     0.215    grp_softmax_stable_ap_fixed_ap_fixed_16_6_5_3_0_softmax_config7_s_fu_127/mul_18s_11ns_26_1_1_U150/tmp_product/DSP_MULTIPLIER.U<20>
    DSP48E2_X4Y100       DSP_M_DATA (Prop_DSP_M_DATA_DSP48E2_U[20]_U_DATA[20])
                                                      0.012     0.227 r  grp_softmax_stable_ap_fixed_ap_fixed_16_6_5_3_0_softmax_config7_s_fu_127/mul_18s_11ns_26_1_1_U150/tmp_product/DSP_M_DATA_INST/U_DATA[20]
                         net (fo=1, routed)           0.000     0.227    grp_softmax_stable_ap_fixed_ap_fixed_16_6_5_3_0_softmax_config7_s_fu_127/mul_18s_11ns_26_1_1_U150/tmp_product/DSP_M_DATA.U_DATA<20>
    DSP48E2_X4Y100       DSP_ALU (Prop_DSP_ALU_DSP48E2_U_DATA[20]_ALU_OUT[20])
                                                      0.113     0.340 f  grp_softmax_stable_ap_fixed_ap_fixed_16_6_5_3_0_softmax_config7_s_fu_127/mul_18s_11ns_26_1_1_U150/tmp_product/DSP_ALU_INST/ALU_OUT[20]
                         net (fo=1, routed)           0.000     0.340    grp_softmax_stable_ap_fixed_ap_fixed_16_6_5_3_0_softmax_config7_s_fu_127/mul_18s_11ns_26_1_1_U150/tmp_product/DSP_ALU.ALU_OUT<20>
    DSP48E2_X4Y100       DSP_OUTPUT (Prop_DSP_OUTPUT_DSP48E2_ALU_OUT[20]_P[20])
                                                      0.030     0.370 r  grp_softmax_stable_ap_fixed_ap_fixed_16_6_5_3_0_softmax_config7_s_fu_127/mul_18s_11ns_26_1_1_U150/tmp_product/DSP_OUTPUT_INST/P[20]
                         net (fo=0)                   0.000     0.370    layer7_out_0[10]
                                                                      r  layer7_out_0[10] (OUT)
  -------------------------------------------------------------------    -------------------

Slack:                    inf
  Source:                 grp_softmax_stable_ap_fixed_ap_fixed_16_6_5_3_0_softmax_config7_s_fu_127/mul_18s_11ns_26_1_1_U150/tmp_product/DSP_A_B_DATA_INST/CLK
                            (rising edge-triggered cell DSP_A_B_DATA clocked by ap_clk  {rise@0.000ns fall@5.000ns period=10.000ns})
  Destination:            layer7_out_0[11]
                            (output port)
  Path Group:             (none)
  Path Type:              Min at Fast Process Corner
  Data Path Delay:        0.340ns  (logic 0.340ns (100.000%)  route 0.000ns (0.000%))
  Logic Levels:           5  (DSP_ALU=1 DSP_M_DATA=1 DSP_MULTIPLIER=1 DSP_OUTPUT=1 DSP_PREADD_DATA=1)
  Clock Uncertainty:      0.025ns  ((TSJ^2 + TIJ^2)^1/2 + DJ) / 2 + PE
    Total System Jitter     (TSJ):    0.050ns
    Total Input Jitter      (TIJ):    0.000ns
    Discrete Jitter          (DJ):    0.000ns
    Phase Error              (PE):    0.000ns

    Location             Delay type                Incr(ns)  Path(ns)    Netlist Resource(s)
  -------------------------------------------------------------------    -------------------
                         (clock ap_clk rise edge)     0.000     0.000 r  
                                                      0.000     0.000 r  ap_clk (IN)
                         net (fo=398, unset)          0.030     0.030    grp_softmax_stable_ap_fixed_ap_fixed_16_6_5_3_0_softmax_config7_s_fu_127/mul_18s_11ns_26_1_1_U150/tmp_product/CLK
    DSP48E2_X4Y100       DSP_A_B_DATA                                 r  grp_softmax_stable_ap_fixed_ap_fixed_16_6_5_3_0_softmax_config7_s_fu_127/mul_18s_11ns_26_1_1_U150/tmp_product/DSP_A_B_DATA_INST/CLK
  -------------------------------------------------------------------    -------------------
    DSP48E2_X4Y100       DSP_A_B_DATA (Prop_DSP_A_B_DATA_DSP48E2_CLK_B2_DATA[17])
                                                      0.090     0.120 r  grp_softmax_stable_ap_fixed_ap_fixed_16_6_5_3_0_softmax_config7_s_fu_127/mul_18s_11ns_26_1_1_U150/tmp_product/DSP_A_B_DATA_INST/B2_DATA[17]
                         net (fo=1, routed)           0.000     0.120    grp_softmax_stable_ap_fixed_ap_fixed_16_6_5_3_0_softmax_config7_s_fu_127/mul_18s_11ns_26_1_1_U150/tmp_product/DSP_A_B_DATA.B2_DATA<17>
    DSP48E2_X4Y100       DSP_PREADD_DATA (Prop_DSP_PREADD_DATA_DSP48E2_B2_DATA[17]_B2B1[17])
                                                      0.020     0.140 r  grp_softmax_stable_ap_fixed_ap_fixed_16_6_5_3_0_softmax_config7_s_fu_127/mul_18s_11ns_26_1_1_U150/tmp_product/DSP_PREADD_DATA_INST/B2B1[17]
                         net (fo=1, routed)           0.000     0.140    grp_softmax_stable_ap_fixed_ap_fixed_16_6_5_3_0_softmax_config7_s_fu_127/mul_18s_11ns_26_1_1_U150/tmp_product/DSP_PREADD_DATA.B2B1<17>
    DSP48E2_X4Y100       DSP_MULTIPLIER (Prop_DSP_MULTIPLIER_DSP48E2_B2B1[17]_U[21])
                                                      0.075     0.215 f  grp_softmax_stable_ap_fixed_ap_fixed_16_6_5_3_0_softmax_config7_s_fu_127/mul_18s_11ns_26_1_1_U150/tmp_product/DSP_MULTIPLIER_INST/U[21]
                         net (fo=1, routed)           0.000     0.215    grp_softmax_stable_ap_fixed_ap_fixed_16_6_5_3_0_softmax_config7_s_fu_127/mul_18s_11ns_26_1_1_U150/tmp_product/DSP_MULTIPLIER.U<21>
    DSP48E2_X4Y100       DSP_M_DATA (Prop_DSP_M_DATA_DSP48E2_U[21]_U_DATA[21])
                                                      0.012     0.227 r  grp_softmax_stable_ap_fixed_ap_fixed_16_6_5_3_0_softmax_config7_s_fu_127/mul_18s_11ns_26_1_1_U150/tmp_product/DSP_M_DATA_INST/U_DATA[21]
                         net (fo=1, routed)           0.000     0.227    grp_softmax_stable_ap_fixed_ap_fixed_16_6_5_3_0_softmax_config7_s_fu_127/mul_18s_11ns_26_1_1_U150/tmp_product/DSP_M_DATA.U_DATA<21>
    DSP48E2_X4Y100       DSP_ALU (Prop_DSP_ALU_DSP48E2_U_DATA[21]_ALU_OUT[21])
                                                      0.113     0.340 f  grp_softmax_stable_ap_fixed_ap_fixed_16_6_5_3_0_softmax_config7_s_fu_127/mul_18s_11ns_26_1_1_U150/tmp_product/DSP_ALU_INST/ALU_OUT[21]
                         net (fo=1, routed)           0.000     0.340    grp_softmax_stable_ap_fixed_ap_fixed_16_6_5_3_0_softmax_config7_s_fu_127/mul_18s_11ns_26_1_1_U150/tmp_product/DSP_ALU.ALU_OUT<21>
    DSP48E2_X4Y100       DSP_OUTPUT (Prop_DSP_OUTPUT_DSP48E2_ALU_OUT[21]_P[21])
                                                      0.030     0.370 r  grp_softmax_stable_ap_fixed_ap_fixed_16_6_5_3_0_softmax_config7_s_fu_127/mul_18s_11ns_26_1_1_U150/tmp_product/DSP_OUTPUT_INST/P[21]
                         net (fo=0)                   0.000     0.370    layer7_out_0[11]
                                                                      r  layer7_out_0[11] (OUT)
  -------------------------------------------------------------------    -------------------

Slack:                    inf
  Source:                 grp_softmax_stable_ap_fixed_ap_fixed_16_6_5_3_0_softmax_config7_s_fu_127/mul_18s_11ns_26_1_1_U150/tmp_product/DSP_A_B_DATA_INST/CLK
                            (rising edge-triggered cell DSP_A_B_DATA clocked by ap_clk  {rise@0.000ns fall@5.000ns period=10.000ns})
  Destination:            layer7_out_0[12]
                            (output port)
  Path Group:             (none)
  Path Type:              Min at Fast Process Corner
  Data Path Delay:        0.340ns  (logic 0.340ns (100.000%)  route 0.000ns (0.000%))
  Logic Levels:           5  (DSP_ALU=1 DSP_M_DATA=1 DSP_MULTIPLIER=1 DSP_OUTPUT=1 DSP_PREADD_DATA=1)
  Clock Uncertainty:      0.025ns  ((TSJ^2 + TIJ^2)^1/2 + DJ) / 2 + PE
    Total System Jitter     (TSJ):    0.050ns
    Total Input Jitter      (TIJ):    0.000ns
    Discrete Jitter          (DJ):    0.000ns
    Phase Error              (PE):    0.000ns

    Location             Delay type                Incr(ns)  Path(ns)    Netlist Resource(s)
  -------------------------------------------------------------------    -------------------
                         (clock ap_clk rise edge)     0.000     0.000 r  
                                                      0.000     0.000 r  ap_clk (IN)
                         net (fo=398, unset)          0.030     0.030    grp_softmax_stable_ap_fixed_ap_fixed_16_6_5_3_0_softmax_config7_s_fu_127/mul_18s_11ns_26_1_1_U150/tmp_product/CLK
    DSP48E2_X4Y100       DSP_A_B_DATA                                 r  grp_softmax_stable_ap_fixed_ap_fixed_16_6_5_3_0_softmax_config7_s_fu_127/mul_18s_11ns_26_1_1_U150/tmp_product/DSP_A_B_DATA_INST/CLK
  -------------------------------------------------------------------    -------------------
    DSP48E2_X4Y100       DSP_A_B_DATA (Prop_DSP_A_B_DATA_DSP48E2_CLK_B2_DATA[17])
                                                      0.090     0.120 r  grp_softmax_stable_ap_fixed_ap_fixed_16_6_5_3_0_softmax_config7_s_fu_127/mul_18s_11ns_26_1_1_U150/tmp_product/DSP_A_B_DATA_INST/B2_DATA[17]
                         net (fo=1, routed)           0.000     0.120    grp_softmax_stable_ap_fixed_ap_fixed_16_6_5_3_0_softmax_config7_s_fu_127/mul_18s_11ns_26_1_1_U150/tmp_product/DSP_A_B_DATA.B2_DATA<17>
    DSP48E2_X4Y100       DSP_PREADD_DATA (Prop_DSP_PREADD_DATA_DSP48E2_B2_DATA[17]_B2B1[17])
                                                      0.020     0.140 r  grp_softmax_stable_ap_fixed_ap_fixed_16_6_5_3_0_softmax_config7_s_fu_127/mul_18s_11ns_26_1_1_U150/tmp_product/DSP_PREADD_DATA_INST/B2B1[17]
                         net (fo=1, routed)           0.000     0.140    grp_softmax_stable_ap_fixed_ap_fixed_16_6_5_3_0_softmax_config7_s_fu_127/mul_18s_11ns_26_1_1_U150/tmp_product/DSP_PREADD_DATA.B2B1<17>
    DSP48E2_X4Y100       DSP_MULTIPLIER (Prop_DSP_MULTIPLIER_DSP48E2_B2B1[17]_U[22])
                                                      0.075     0.215 f  grp_softmax_stable_ap_fixed_ap_fixed_16_6_5_3_0_softmax_config7_s_fu_127/mul_18s_11ns_26_1_1_U150/tmp_product/DSP_MULTIPLIER_INST/U[22]
                         net (fo=1, routed)           0.000     0.215    grp_softmax_stable_ap_fixed_ap_fixed_16_6_5_3_0_softmax_config7_s_fu_127/mul_18s_11ns_26_1_1_U150/tmp_product/DSP_MULTIPLIER.U<22>
    DSP48E2_X4Y100       DSP_M_DATA (Prop_DSP_M_DATA_DSP48E2_U[22]_U_DATA[22])
                                                      0.012     0.227 r  grp_softmax_stable_ap_fixed_ap_fixed_16_6_5_3_0_softmax_config7_s_fu_127/mul_18s_11ns_26_1_1_U150/tmp_product/DSP_M_DATA_INST/U_DATA[22]
                         net (fo=1, routed)           0.000     0.227    grp_softmax_stable_ap_fixed_ap_fixed_16_6_5_3_0_softmax_config7_s_fu_127/mul_18s_11ns_26_1_1_U150/tmp_product/DSP_M_DATA.U_DATA<22>
    DSP48E2_X4Y100       DSP_ALU (Prop_DSP_ALU_DSP48E2_U_DATA[22]_ALU_OUT[22])
                                                      0.113     0.340 f  grp_softmax_stable_ap_fixed_ap_fixed_16_6_5_3_0_softmax_config7_s_fu_127/mul_18s_11ns_26_1_1_U150/tmp_product/DSP_ALU_INST/ALU_OUT[22]
                         net (fo=1, routed)           0.000     0.340    grp_softmax_stable_ap_fixed_ap_fixed_16_6_5_3_0_softmax_config7_s_fu_127/mul_18s_11ns_26_1_1_U150/tmp_product/DSP_ALU.ALU_OUT<22>
    DSP48E2_X4Y100       DSP_OUTPUT (Prop_DSP_OUTPUT_DSP48E2_ALU_OUT[22]_P[22])
                                                      0.030     0.370 r  grp_softmax_stable_ap_fixed_ap_fixed_16_6_5_3_0_softmax_config7_s_fu_127/mul_18s_11ns_26_1_1_U150/tmp_product/DSP_OUTPUT_INST/P[22]
                         net (fo=0)                   0.000     0.370    layer7_out_0[12]
                                                                      r  layer7_out_0[12] (OUT)
  -------------------------------------------------------------------    -------------------





--------------------------------------------------------------------------------------
Path Group:  (none)
From Clock:  
  To Clock:  ap_clk

Max Delay           465 Endpoints
Min Delay           465 Endpoints
--------------------------------------------------------------------------------------


Max Delay Paths
--------------------------------------------------------------------------------------
Slack:                    inf
  Source:                 features[50]
                            (input port)
  Destination:            layer2_out_1_reg_314_reg[15]/D
                            (rising edge-triggered cell FDRE clocked by ap_clk  {rise@0.000ns fall@5.000ns period=10.000ns})
  Path Group:             (none)
  Path Type:              Setup (Max at Slow Process Corner)
  Data Path Delay:        4.759ns  (logic 2.282ns (47.948%)  route 2.477ns (52.052%))
  Logic Levels:           12  (CARRY8=1 DSP_A_B_DATA=1 DSP_ALU=1 DSP_M_DATA=1 DSP_MULTIPLIER=1 DSP_OUTPUT=1 DSP_PREADD_DATA=1 LUT3=1 LUT4=1 LUT5=2 LUT6=1)
  Clock Path Skew:        0.021ns (DCD - SCD + CPR)
    Destination Clock Delay (DCD):    0.021ns
    Source Clock Delay      (SCD):    0.000ns
    Clock Pessimism Removal (CPR):    0.000ns
  Clock Uncertainty:      0.025ns  ((TSJ^2 + TIJ^2)^1/2 + DJ) / 2 + PE
    Total System Jitter     (TSJ):    0.050ns
    Total Input Jitter      (TIJ):    0.000ns
    Discrete Jitter          (DJ):    0.000ns
    Phase Error              (PE):    0.000ns

    Location             Delay type                Incr(ns)  Path(ns)    Netlist Resource(s)
  -------------------------------------------------------------------    -------------------
                                                      0.000     0.000 f  features[50] (IN)
                         net (fo=1, unset)            0.000     0.000    call_ret1_dense_latency_ap_fixed_16_6_5_3_0_ap_fixed_16_6_5_3_0_config2_s_fu_73/mul_16s_10s_26_1_1_U22/features[2]
    SLICE_X76Y194        LUT3 (Prop_D5LUT_SLICEL_I0_O)
                                                      0.157     0.157 f  call_ret1_dense_latency_ap_fixed_16_6_5_3_0_ap_fixed_16_6_5_3_0_config2_s_fu_73/mul_16s_10s_26_1_1_U22/tmp_product_i_14__2/O
                         net (fo=8, routed)           1.024     1.181    call_ret1_dense_latency_ap_fixed_16_6_5_3_0_ap_fixed_16_6_5_3_0_config2_s_fu_73/mul_16s_8s_24_1_1_U26/tmp_product/A[2]
    DSP48E2_X9Y72        DSP_A_B_DATA (Prop_DSP_A_B_DATA_DSP48E2_A[2]_A2_DATA[2])
                                                      0.192     1.373 r  call_ret1_dense_latency_ap_fixed_16_6_5_3_0_ap_fixed_16_6_5_3_0_config2_s_fu_73/mul_16s_8s_24_1_1_U26/tmp_product/DSP_A_B_DATA_INST/A2_DATA[2]
                         net (fo=1, routed)           0.000     1.373    call_ret1_dense_latency_ap_fixed_16_6_5_3_0_ap_fixed_16_6_5_3_0_config2_s_fu_73/mul_16s_8s_24_1_1_U26/tmp_product/DSP_A_B_DATA.A2_DATA<2>
    DSP48E2_X9Y72        DSP_PREADD_DATA (Prop_DSP_PREADD_DATA_DSP48E2_A2_DATA[2]_A2A1[2])
                                                      0.076     1.449 r  call_ret1_dense_latency_ap_fixed_16_6_5_3_0_ap_fixed_16_6_5_3_0_config2_s_fu_73/mul_16s_8s_24_1_1_U26/tmp_product/DSP_PREADD_DATA_INST/A2A1[2]
                         net (fo=1, routed)           0.000     1.449    call_ret1_dense_latency_ap_fixed_16_6_5_3_0_ap_fixed_16_6_5_3_0_config2_s_fu_73/mul_16s_8s_24_1_1_U26/tmp_product/DSP_PREADD_DATA.A2A1<2>
    DSP48E2_X9Y72        DSP_MULTIPLIER (Prop_DSP_MULTIPLIER_DSP48E2_A2A1[2]_U[15])
                                                      0.505     1.954 f  call_ret1_dense_latency_ap_fixed_16_6_5_3_0_ap_fixed_16_6_5_3_0_config2_s_fu_73/mul_16s_8s_24_1_1_U26/tmp_product/DSP_MULTIPLIER_INST/U[15]
                         net (fo=1, routed)           0.000     1.954    call_ret1_dense_latency_ap_fixed_16_6_5_3_0_ap_fixed_16_6_5_3_0_config2_s_fu_73/mul_16s_8s_24_1_1_U26/tmp_product/DSP_MULTIPLIER.U<15>
    DSP48E2_X9Y72        DSP_M_DATA (Prop_DSP_M_DATA_DSP48E2_U[15]_U_DATA[15])
                                                      0.047     2.001 r  call_ret1_dense_latency_ap_fixed_16_6_5_3_0_ap_fixed_16_6_5_3_0_config2_s_fu_73/mul_16s_8s_24_1_1_U26/tmp_product/DSP_M_DATA_INST/U_DATA[15]
                         net (fo=1, routed)           0.000     2.001    call_ret1_dense_latency_ap_fixed_16_6_5_3_0_ap_fixed_16_6_5_3_0_config2_s_fu_73/mul_16s_8s_24_1_1_U26/tmp_product/DSP_M_DATA.U_DATA<15>
    DSP48E2_X9Y72        DSP_ALU (Prop_DSP_ALU_DSP48E2_U_DATA[15]_ALU_OUT[15])
                                                      0.585     2.586 r  call_ret1_dense_latency_ap_fixed_16_6_5_3_0_ap_fixed_16_6_5_3_0_config2_s_fu_73/mul_16s_8s_24_1_1_U26/tmp_product/DSP_ALU_INST/ALU_OUT[15]
                         net (fo=1, routed)           0.000     2.586    call_ret1_dense_latency_ap_fixed_16_6_5_3_0_ap_fixed_16_6_5_3_0_config2_s_fu_73/mul_16s_8s_24_1_1_U26/tmp_product/DSP_ALU.ALU_OUT<15>
    DSP48E2_X9Y72        DSP_OUTPUT (Prop_DSP_OUTPUT_DSP48E2_ALU_OUT[15]_P[15])
                                                      0.109     2.695 f  call_ret1_dense_latency_ap_fixed_16_6_5_3_0_ap_fixed_16_6_5_3_0_config2_s_fu_73/mul_16s_8s_24_1_1_U26/tmp_product/DSP_OUTPUT_INST/P[15]
                         net (fo=2, routed)           0.440     3.135    call_ret1_dense_latency_ap_fixed_16_6_5_3_0_ap_fixed_16_6_5_3_0_config2_s_fu_73/mul_16s_8s_24_1_1_U26/sext_ln42_36_fu_4411_p1[5]
    SLICE_X76Y181        LUT6 (Prop_F6LUT_SLICEL_I0_O)
                                                      0.148     3.283 r  call_ret1_dense_latency_ap_fixed_16_6_5_3_0_ap_fixed_16_6_5_3_0_config2_s_fu_73/mul_16s_8s_24_1_1_U26/layer2_out_1_reg_314[7]_i_19/O
                         net (fo=9, routed)           0.105     3.388    call_ret1_dense_latency_ap_fixed_16_6_5_3_0_ap_fixed_16_6_5_3_0_config2_s_fu_73/mul_16s_8s_24_1_1_U26/tmp_product_1
    SLICE_X75Y181        LUT5 (Prop_C5LUT_SLICEL_I2_O)
                                                      0.136     3.524 r  call_ret1_dense_latency_ap_fixed_16_6_5_3_0_ap_fixed_16_6_5_3_0_config2_s_fu_73/mul_16s_8s_24_1_1_U26/layer2_out_1_reg_314[15]_i_50/O
                         net (fo=4, routed)           0.265     3.790    call_ret1_dense_latency_ap_fixed_16_6_5_3_0_ap_fixed_16_6_5_3_0_config2_s_fu_73/mul_16s_8s_24_1_1_U26/layer2_out_1_reg_314[15]_i_50_n_0
    SLICE_X75Y182        LUT4 (Prop_D5LUT_SLICEL_I2_O)
                                                      0.110     3.900 f  call_ret1_dense_latency_ap_fixed_16_6_5_3_0_ap_fixed_16_6_5_3_0_config2_s_fu_73/mul_16s_8s_24_1_1_U26/layer2_out_1_reg_314[15]_i_22/O
                         net (fo=2, routed)           0.115     4.015    call_ret1_dense_latency_ap_fixed_16_6_5_3_0_ap_fixed_16_6_5_3_0_config2_s_fu_73/mul_16s_12s_26_1_1_U23/layer2_out_1_reg_314_reg[15]
    SLICE_X74Y182        LUT5 (Prop_D5LUT_SLICEM_I4_O)
                                                      0.110     4.125 r  call_ret1_dense_latency_ap_fixed_16_6_5_3_0_ap_fixed_16_6_5_3_0_config2_s_fu_73/mul_16s_12s_26_1_1_U23/layer2_out_1_reg_314[15]_i_3/O
                         net (fo=2, routed)           0.502     4.626    call_ret1_dense_latency_ap_fixed_16_6_5_3_0_ap_fixed_16_6_5_3_0_config2_s_fu_73/mul_16s_12s_26_1_1_U23/layer2_out_1_reg_314[15]_i_3_n_0
    SLICE_X74Y181        CARRY8 (Prop_CARRY8_SLICEM_DI[5]_O[7])
                                                      0.107     4.733 r  call_ret1_dense_latency_ap_fixed_16_6_5_3_0_ap_fixed_16_6_5_3_0_config2_s_fu_73/mul_16s_12s_26_1_1_U23/layer2_out_1_reg_314_reg[15]_i_1/O[7]
                         net (fo=1, routed)           0.026     4.759    call_ret1_dense_latency_ap_fixed_16_6_5_3_0_ap_fixed_16_6_5_3_0_config2_s_fu_73_ap_return_1[15]
    SLICE_X74Y181        FDRE                                         r  layer2_out_1_reg_314_reg[15]/D
  -------------------------------------------------------------------    -------------------

                         (clock ap_clk rise edge)     0.000     0.000 r  
                                                      0.000     0.000 r  ap_clk (IN)
                         net (fo=398, unset)          0.021     0.021    ap_clk
    SLICE_X74Y181        FDRE                                         r  layer2_out_1_reg_314_reg[15]/C

Slack:                    inf
  Source:                 features[50]
                            (input port)
  Destination:            layer2_out_1_reg_314_reg[14]/D
                            (rising edge-triggered cell FDRE clocked by ap_clk  {rise@0.000ns fall@5.000ns period=10.000ns})
  Path Group:             (none)
  Path Type:              Setup (Max at Slow Process Corner)
  Data Path Delay:        4.754ns  (logic 2.277ns (47.893%)  route 2.477ns (52.107%))
  Logic Levels:           12  (CARRY8=1 DSP_A_B_DATA=1 DSP_ALU=1 DSP_M_DATA=1 DSP_MULTIPLIER=1 DSP_OUTPUT=1 DSP_PREADD_DATA=1 LUT3=1 LUT4=1 LUT5=2 LUT6=1)
  Clock Path Skew:        0.021ns (DCD - SCD + CPR)
    Destination Clock Delay (DCD):    0.021ns
    Source Clock Delay      (SCD):    0.000ns
    Clock Pessimism Removal (CPR):    0.000ns
  Clock Uncertainty:      0.025ns  ((TSJ^2 + TIJ^2)^1/2 + DJ) / 2 + PE
    Total System Jitter     (TSJ):    0.050ns
    Total Input Jitter      (TIJ):    0.000ns
    Discrete Jitter          (DJ):    0.000ns
    Phase Error              (PE):    0.000ns

    Location             Delay type                Incr(ns)  Path(ns)    Netlist Resource(s)
  -------------------------------------------------------------------    -------------------
                                                      0.000     0.000 f  features[50] (IN)
                         net (fo=1, unset)            0.000     0.000    call_ret1_dense_latency_ap_fixed_16_6_5_3_0_ap_fixed_16_6_5_3_0_config2_s_fu_73/mul_16s_10s_26_1_1_U22/features[2]
    SLICE_X76Y194        LUT3 (Prop_D5LUT_SLICEL_I0_O)
                                                      0.157     0.157 f  call_ret1_dense_latency_ap_fixed_16_6_5_3_0_ap_fixed_16_6_5_3_0_config2_s_fu_73/mul_16s_10s_26_1_1_U22/tmp_product_i_14__2/O
                         net (fo=8, routed)           1.024     1.181    call_ret1_dense_latency_ap_fixed_16_6_5_3_0_ap_fixed_16_6_5_3_0_config2_s_fu_73/mul_16s_8s_24_1_1_U26/tmp_product/A[2]
    DSP48E2_X9Y72        DSP_A_B_DATA (Prop_DSP_A_B_DATA_DSP48E2_A[2]_A2_DATA[2])
                                                      0.192     1.373 r  call_ret1_dense_latency_ap_fixed_16_6_5_3_0_ap_fixed_16_6_5_3_0_config2_s_fu_73/mul_16s_8s_24_1_1_U26/tmp_product/DSP_A_B_DATA_INST/A2_DATA[2]
                         net (fo=1, routed)           0.000     1.373    call_ret1_dense_latency_ap_fixed_16_6_5_3_0_ap_fixed_16_6_5_3_0_config2_s_fu_73/mul_16s_8s_24_1_1_U26/tmp_product/DSP_A_B_DATA.A2_DATA<2>
    DSP48E2_X9Y72        DSP_PREADD_DATA (Prop_DSP_PREADD_DATA_DSP48E2_A2_DATA[2]_A2A1[2])
                                                      0.076     1.449 r  call_ret1_dense_latency_ap_fixed_16_6_5_3_0_ap_fixed_16_6_5_3_0_config2_s_fu_73/mul_16s_8s_24_1_1_U26/tmp_product/DSP_PREADD_DATA_INST/A2A1[2]
                         net (fo=1, routed)           0.000     1.449    call_ret1_dense_latency_ap_fixed_16_6_5_3_0_ap_fixed_16_6_5_3_0_config2_s_fu_73/mul_16s_8s_24_1_1_U26/tmp_product/DSP_PREADD_DATA.A2A1<2>
    DSP48E2_X9Y72        DSP_MULTIPLIER (Prop_DSP_MULTIPLIER_DSP48E2_A2A1[2]_U[15])
                                                      0.505     1.954 f  call_ret1_dense_latency_ap_fixed_16_6_5_3_0_ap_fixed_16_6_5_3_0_config2_s_fu_73/mul_16s_8s_24_1_1_U26/tmp_product/DSP_MULTIPLIER_INST/U[15]
                         net (fo=1, routed)           0.000     1.954    call_ret1_dense_latency_ap_fixed_16_6_5_3_0_ap_fixed_16_6_5_3_0_config2_s_fu_73/mul_16s_8s_24_1_1_U26/tmp_product/DSP_MULTIPLIER.U<15>
    DSP48E2_X9Y72        DSP_M_DATA (Prop_DSP_M_DATA_DSP48E2_U[15]_U_DATA[15])
                                                      0.047     2.001 r  call_ret1_dense_latency_ap_fixed_16_6_5_3_0_ap_fixed_16_6_5_3_0_config2_s_fu_73/mul_16s_8s_24_1_1_U26/tmp_product/DSP_M_DATA_INST/U_DATA[15]
                         net (fo=1, routed)           0.000     2.001    call_ret1_dense_latency_ap_fixed_16_6_5_3_0_ap_fixed_16_6_5_3_0_config2_s_fu_73/mul_16s_8s_24_1_1_U26/tmp_product/DSP_M_DATA.U_DATA<15>
    DSP48E2_X9Y72        DSP_ALU (Prop_DSP_ALU_DSP48E2_U_DATA[15]_ALU_OUT[15])
                                                      0.585     2.586 r  call_ret1_dense_latency_ap_fixed_16_6_5_3_0_ap_fixed_16_6_5_3_0_config2_s_fu_73/mul_16s_8s_24_1_1_U26/tmp_product/DSP_ALU_INST/ALU_OUT[15]
                         net (fo=1, routed)           0.000     2.586    call_ret1_dense_latency_ap_fixed_16_6_5_3_0_ap_fixed_16_6_5_3_0_config2_s_fu_73/mul_16s_8s_24_1_1_U26/tmp_product/DSP_ALU.ALU_OUT<15>
    DSP48E2_X9Y72        DSP_OUTPUT (Prop_DSP_OUTPUT_DSP48E2_ALU_OUT[15]_P[15])
                                                      0.109     2.695 f  call_ret1_dense_latency_ap_fixed_16_6_5_3_0_ap_fixed_16_6_5_3_0_config2_s_fu_73/mul_16s_8s_24_1_1_U26/tmp_product/DSP_OUTPUT_INST/P[15]
                         net (fo=2, routed)           0.440     3.135    call_ret1_dense_latency_ap_fixed_16_6_5_3_0_ap_fixed_16_6_5_3_0_config2_s_fu_73/mul_16s_8s_24_1_1_U26/sext_ln42_36_fu_4411_p1[5]
    SLICE_X76Y181        LUT6 (Prop_F6LUT_SLICEL_I0_O)
                                                      0.148     3.283 r  call_ret1_dense_latency_ap_fixed_16_6_5_3_0_ap_fixed_16_6_5_3_0_config2_s_fu_73/mul_16s_8s_24_1_1_U26/layer2_out_1_reg_314[7]_i_19/O
                         net (fo=9, routed)           0.105     3.388    call_ret1_dense_latency_ap_fixed_16_6_5_3_0_ap_fixed_16_6_5_3_0_config2_s_fu_73/mul_16s_8s_24_1_1_U26/tmp_product_1
    SLICE_X75Y181        LUT5 (Prop_C5LUT_SLICEL_I2_O)
                                                      0.136     3.524 r  call_ret1_dense_latency_ap_fixed_16_6_5_3_0_ap_fixed_16_6_5_3_0_config2_s_fu_73/mul_16s_8s_24_1_1_U26/layer2_out_1_reg_314[15]_i_50/O
                         net (fo=4, routed)           0.265     3.790    call_ret1_dense_latency_ap_fixed_16_6_5_3_0_ap_fixed_16_6_5_3_0_config2_s_fu_73/mul_16s_8s_24_1_1_U26/layer2_out_1_reg_314[15]_i_50_n_0
    SLICE_X75Y182        LUT4 (Prop_D5LUT_SLICEL_I2_O)
                                                      0.110     3.900 f  call_ret1_dense_latency_ap_fixed_16_6_5_3_0_ap_fixed_16_6_5_3_0_config2_s_fu_73/mul_16s_8s_24_1_1_U26/layer2_out_1_reg_314[15]_i_22/O
                         net (fo=2, routed)           0.115     4.015    call_ret1_dense_latency_ap_fixed_16_6_5_3_0_ap_fixed_16_6_5_3_0_config2_s_fu_73/mul_16s_12s_26_1_1_U23/layer2_out_1_reg_314_reg[15]
    SLICE_X74Y182        LUT5 (Prop_D5LUT_SLICEM_I4_O)
                                                      0.110     4.125 r  call_ret1_dense_latency_ap_fixed_16_6_5_3_0_ap_fixed_16_6_5_3_0_config2_s_fu_73/mul_16s_12s_26_1_1_U23/layer2_out_1_reg_314[15]_i_3/O
                         net (fo=2, routed)           0.502     4.626    call_ret1_dense_latency_ap_fixed_16_6_5_3_0_ap_fixed_16_6_5_3_0_config2_s_fu_73/mul_16s_12s_26_1_1_U23/layer2_out_1_reg_314[15]_i_3_n_0
    SLICE_X74Y181        CARRY8 (Prop_CARRY8_SLICEM_DI[5]_O[6])
                                                      0.102     4.728 r  call_ret1_dense_latency_ap_fixed_16_6_5_3_0_ap_fixed_16_6_5_3_0_config2_s_fu_73/mul_16s_12s_26_1_1_U23/layer2_out_1_reg_314_reg[15]_i_1/O[6]
                         net (fo=1, routed)           0.026     4.754    call_ret1_dense_latency_ap_fixed_16_6_5_3_0_ap_fixed_16_6_5_3_0_config2_s_fu_73_ap_return_1[14]
    SLICE_X74Y181        FDRE                                         r  layer2_out_1_reg_314_reg[14]/D
  -------------------------------------------------------------------    -------------------

                         (clock ap_clk rise edge)     0.000     0.000 r  
                                                      0.000     0.000 r  ap_clk (IN)
                         net (fo=398, unset)          0.021     0.021    ap_clk
    SLICE_X74Y181        FDRE                                         r  layer2_out_1_reg_314_reg[14]/C

Slack:                    inf
  Source:                 features[50]
                            (input port)
  Destination:            layer2_out_1_reg_314_reg[13]/D
                            (rising edge-triggered cell FDRE clocked by ap_clk  {rise@0.000ns fall@5.000ns period=10.000ns})
  Path Group:             (none)
  Path Type:              Setup (Max at Slow Process Corner)
  Data Path Delay:        4.492ns  (logic 2.356ns (52.452%)  route 2.136ns (47.548%))
  Logic Levels:           13  (CARRY8=1 DSP_A_B_DATA=1 DSP_ALU=1 DSP_M_DATA=1 DSP_MULTIPLIER=1 DSP_OUTPUT=1 DSP_PREADD_DATA=1 LUT3=1 LUT4=1 LUT5=2 LUT6=2)
  Clock Path Skew:        0.021ns (DCD - SCD + CPR)
    Destination Clock Delay (DCD):    0.021ns
    Source Clock Delay      (SCD):    0.000ns
    Clock Pessimism Removal (CPR):    0.000ns
  Clock Uncertainty:      0.025ns  ((TSJ^2 + TIJ^2)^1/2 + DJ) / 2 + PE
    Total System Jitter     (TSJ):    0.050ns
    Total Input Jitter      (TIJ):    0.000ns
    Discrete Jitter          (DJ):    0.000ns
    Phase Error              (PE):    0.000ns

    Location             Delay type                Incr(ns)  Path(ns)    Netlist Resource(s)
  -------------------------------------------------------------------    -------------------
                                                      0.000     0.000 f  features[50] (IN)
                         net (fo=1, unset)            0.000     0.000    call_ret1_dense_latency_ap_fixed_16_6_5_3_0_ap_fixed_16_6_5_3_0_config2_s_fu_73/mul_16s_10s_26_1_1_U22/features[2]
    SLICE_X76Y194        LUT3 (Prop_D5LUT_SLICEL_I0_O)
                                                      0.157     0.157 f  call_ret1_dense_latency_ap_fixed_16_6_5_3_0_ap_fixed_16_6_5_3_0_config2_s_fu_73/mul_16s_10s_26_1_1_U22/tmp_product_i_14__2/O
                         net (fo=8, routed)           1.024     1.181    call_ret1_dense_latency_ap_fixed_16_6_5_3_0_ap_fixed_16_6_5_3_0_config2_s_fu_73/mul_16s_8s_24_1_1_U26/tmp_product/A[2]
    DSP48E2_X9Y72        DSP_A_B_DATA (Prop_DSP_A_B_DATA_DSP48E2_A[2]_A2_DATA[2])
                                                      0.192     1.373 r  call_ret1_dense_latency_ap_fixed_16_6_5_3_0_ap_fixed_16_6_5_3_0_config2_s_fu_73/mul_16s_8s_24_1_1_U26/tmp_product/DSP_A_B_DATA_INST/A2_DATA[2]
                         net (fo=1, routed)           0.000     1.373    call_ret1_dense_latency_ap_fixed_16_6_5_3_0_ap_fixed_16_6_5_3_0_config2_s_fu_73/mul_16s_8s_24_1_1_U26/tmp_product/DSP_A_B_DATA.A2_DATA<2>
    DSP48E2_X9Y72        DSP_PREADD_DATA (Prop_DSP_PREADD_DATA_DSP48E2_A2_DATA[2]_A2A1[2])
                                                      0.076     1.449 r  call_ret1_dense_latency_ap_fixed_16_6_5_3_0_ap_fixed_16_6_5_3_0_config2_s_fu_73/mul_16s_8s_24_1_1_U26/tmp_product/DSP_PREADD_DATA_INST/A2A1[2]
                         net (fo=1, routed)           0.000     1.449    call_ret1_dense_latency_ap_fixed_16_6_5_3_0_ap_fixed_16_6_5_3_0_config2_s_fu_73/mul_16s_8s_24_1_1_U26/tmp_product/DSP_PREADD_DATA.A2A1<2>
    DSP48E2_X9Y72        DSP_MULTIPLIER (Prop_DSP_MULTIPLIER_DSP48E2_A2A1[2]_U[15])
                                                      0.505     1.954 f  call_ret1_dense_latency_ap_fixed_16_6_5_3_0_ap_fixed_16_6_5_3_0_config2_s_fu_73/mul_16s_8s_24_1_1_U26/tmp_product/DSP_MULTIPLIER_INST/U[15]
                         net (fo=1, routed)           0.000     1.954    call_ret1_dense_latency_ap_fixed_16_6_5_3_0_ap_fixed_16_6_5_3_0_config2_s_fu_73/mul_16s_8s_24_1_1_U26/tmp_product/DSP_MULTIPLIER.U<15>
    DSP48E2_X9Y72        DSP_M_DATA (Prop_DSP_M_DATA_DSP48E2_U[15]_U_DATA[15])
                                                      0.047     2.001 r  call_ret1_dense_latency_ap_fixed_16_6_5_3_0_ap_fixed_16_6_5_3_0_config2_s_fu_73/mul_16s_8s_24_1_1_U26/tmp_product/DSP_M_DATA_INST/U_DATA[15]
                         net (fo=1, routed)           0.000     2.001    call_ret1_dense_latency_ap_fixed_16_6_5_3_0_ap_fixed_16_6_5_3_0_config2_s_fu_73/mul_16s_8s_24_1_1_U26/tmp_product/DSP_M_DATA.U_DATA<15>
    DSP48E2_X9Y72        DSP_ALU (Prop_DSP_ALU_DSP48E2_U_DATA[15]_ALU_OUT[15])
                                                      0.585     2.586 r  call_ret1_dense_latency_ap_fixed_16_6_5_3_0_ap_fixed_16_6_5_3_0_config2_s_fu_73/mul_16s_8s_24_1_1_U26/tmp_product/DSP_ALU_INST/ALU_OUT[15]
                         net (fo=1, routed)           0.000     2.586    call_ret1_dense_latency_ap_fixed_16_6_5_3_0_ap_fixed_16_6_5_3_0_config2_s_fu_73/mul_16s_8s_24_1_1_U26/tmp_product/DSP_ALU.ALU_OUT<15>
    DSP48E2_X9Y72        DSP_OUTPUT (Prop_DSP_OUTPUT_DSP48E2_ALU_OUT[15]_P[15])
                                                      0.109     2.695 f  call_ret1_dense_latency_ap_fixed_16_6_5_3_0_ap_fixed_16_6_5_3_0_config2_s_fu_73/mul_16s_8s_24_1_1_U26/tmp_product/DSP_OUTPUT_INST/P[15]
                         net (fo=2, routed)           0.440     3.135    call_ret1_dense_latency_ap_fixed_16_6_5_3_0_ap_fixed_16_6_5_3_0_config2_s_fu_73/mul_16s_8s_24_1_1_U26/sext_ln42_36_fu_4411_p1[5]
    SLICE_X76Y181        LUT6 (Prop_F6LUT_SLICEL_I0_O)
                                                      0.148     3.283 r  call_ret1_dense_latency_ap_fixed_16_6_5_3_0_ap_fixed_16_6_5_3_0_config2_s_fu_73/mul_16s_8s_24_1_1_U26/layer2_out_1_reg_314[7]_i_19/O
                         net (fo=9, routed)           0.105     3.388    call_ret1_dense_latency_ap_fixed_16_6_5_3_0_ap_fixed_16_6_5_3_0_config2_s_fu_73/mul_16s_8s_24_1_1_U26/tmp_product_1
    SLICE_X75Y181        LUT5 (Prop_C5LUT_SLICEL_I2_O)
                                                      0.136     3.524 r  call_ret1_dense_latency_ap_fixed_16_6_5_3_0_ap_fixed_16_6_5_3_0_config2_s_fu_73/mul_16s_8s_24_1_1_U26/layer2_out_1_reg_314[15]_i_50/O
                         net (fo=4, routed)           0.265     3.790    call_ret1_dense_latency_ap_fixed_16_6_5_3_0_ap_fixed_16_6_5_3_0_config2_s_fu_73/mul_16s_8s_24_1_1_U26/layer2_out_1_reg_314[15]_i_50_n_0
    SLICE_X75Y182        LUT4 (Prop_D5LUT_SLICEL_I2_O)
                                                      0.110     3.900 f  call_ret1_dense_latency_ap_fixed_16_6_5_3_0_ap_fixed_16_6_5_3_0_config2_s_fu_73/mul_16s_8s_24_1_1_U26/layer2_out_1_reg_314[15]_i_22/O
                         net (fo=2, routed)           0.115     4.015    call_ret1_dense_latency_ap_fixed_16_6_5_3_0_ap_fixed_16_6_5_3_0_config2_s_fu_73/mul_16s_12s_26_1_1_U23/layer2_out_1_reg_314_reg[15]
    SLICE_X74Y182        LUT5 (Prop_D5LUT_SLICEM_I4_O)
                                                      0.110     4.125 r  call_ret1_dense_latency_ap_fixed_16_6_5_3_0_ap_fixed_16_6_5_3_0_config2_s_fu_73/mul_16s_12s_26_1_1_U23/layer2_out_1_reg_314[15]_i_3/O
                         net (fo=2, routed)           0.139     4.264    call_ret1_dense_latency_ap_fixed_16_6_5_3_0_ap_fixed_16_6_5_3_0_config2_s_fu_73/mul_16s_12s_26_1_1_U23/layer2_out_1_reg_314[15]_i_3_n_0
    SLICE_X74Y181        LUT6 (Prop_F6LUT_SLICEM_I0_O)
                                                      0.123     4.387 r  call_ret1_dense_latency_ap_fixed_16_6_5_3_0_ap_fixed_16_6_5_3_0_config2_s_fu_73/mul_16s_12s_26_1_1_U23/layer2_out_1_reg_314[15]_i_11/O
                         net (fo=1, routed)           0.022     4.409    call_ret1_dense_latency_ap_fixed_16_6_5_3_0_ap_fixed_16_6_5_3_0_config2_s_fu_73/mul_16s_12s_26_1_1_U23/layer2_out_1_reg_314[15]_i_11_n_0
    SLICE_X74Y181        CARRY8 (Prop_CARRY8_SLICEM_S[5]_O[5])
                                                      0.058     4.467 r  call_ret1_dense_latency_ap_fixed_16_6_5_3_0_ap_fixed_16_6_5_3_0_config2_s_fu_73/mul_16s_12s_26_1_1_U23/layer2_out_1_reg_314_reg[15]_i_1/O[5]
                         net (fo=1, routed)           0.025     4.492    call_ret1_dense_latency_ap_fixed_16_6_5_3_0_ap_fixed_16_6_5_3_0_config2_s_fu_73_ap_return_1[13]
    SLICE_X74Y181        FDRE                                         r  layer2_out_1_reg_314_reg[13]/D
  -------------------------------------------------------------------    -------------------

                         (clock ap_clk rise edge)     0.000     0.000 r  
                                                      0.000     0.000 r  ap_clk (IN)
                         net (fo=398, unset)          0.021     0.021    ap_clk
    SLICE_X74Y181        FDRE                                         r  layer2_out_1_reg_314_reg[13]/C

Slack:                    inf
  Source:                 features[50]
                            (input port)
  Destination:            layer2_out_1_reg_314_reg[12]/D
                            (rising edge-triggered cell FDRE clocked by ap_clk  {rise@0.000ns fall@5.000ns period=10.000ns})
  Path Group:             (none)
  Path Type:              Setup (Max at Slow Process Corner)
  Data Path Delay:        4.445ns  (logic 2.261ns (50.868%)  route 2.184ns (49.132%))
  Logic Levels:           12  (CARRY8=1 DSP_A_B_DATA=1 DSP_ALU=1 DSP_M_DATA=1 DSP_MULTIPLIER=1 DSP_OUTPUT=1 DSP_PREADD_DATA=1 LUT3=2 LUT5=1 LUT6=2)
  Clock Path Skew:        0.021ns (DCD - SCD + CPR)
    Destination Clock Delay (DCD):    0.021ns
    Source Clock Delay      (SCD):    0.000ns
    Clock Pessimism Removal (CPR):    0.000ns
  Clock Uncertainty:      0.025ns  ((TSJ^2 + TIJ^2)^1/2 + DJ) / 2 + PE
    Total System Jitter     (TSJ):    0.050ns
    Total Input Jitter      (TIJ):    0.000ns
    Discrete Jitter          (DJ):    0.000ns
    Phase Error              (PE):    0.000ns

    Location             Delay type                Incr(ns)  Path(ns)    Netlist Resource(s)
  -------------------------------------------------------------------    -------------------
                                                      0.000     0.000 f  features[50] (IN)
                         net (fo=1, unset)            0.000     0.000    call_ret1_dense_latency_ap_fixed_16_6_5_3_0_ap_fixed_16_6_5_3_0_config2_s_fu_73/mul_16s_10s_26_1_1_U22/features[2]
    SLICE_X76Y194        LUT3 (Prop_D5LUT_SLICEL_I0_O)
                                                      0.157     0.157 f  call_ret1_dense_latency_ap_fixed_16_6_5_3_0_ap_fixed_16_6_5_3_0_config2_s_fu_73/mul_16s_10s_26_1_1_U22/tmp_product_i_14__2/O
                         net (fo=8, routed)           1.024     1.181    call_ret1_dense_latency_ap_fixed_16_6_5_3_0_ap_fixed_16_6_5_3_0_config2_s_fu_73/mul_16s_8s_24_1_1_U26/tmp_product/A[2]
    DSP48E2_X9Y72        DSP_A_B_DATA (Prop_DSP_A_B_DATA_DSP48E2_A[2]_A2_DATA[2])
                                                      0.192     1.373 r  call_ret1_dense_latency_ap_fixed_16_6_5_3_0_ap_fixed_16_6_5_3_0_config2_s_fu_73/mul_16s_8s_24_1_1_U26/tmp_product/DSP_A_B_DATA_INST/A2_DATA[2]
                         net (fo=1, routed)           0.000     1.373    call_ret1_dense_latency_ap_fixed_16_6_5_3_0_ap_fixed_16_6_5_3_0_config2_s_fu_73/mul_16s_8s_24_1_1_U26/tmp_product/DSP_A_B_DATA.A2_DATA<2>
    DSP48E2_X9Y72        DSP_PREADD_DATA (Prop_DSP_PREADD_DATA_DSP48E2_A2_DATA[2]_A2A1[2])
                                                      0.076     1.449 r  call_ret1_dense_latency_ap_fixed_16_6_5_3_0_ap_fixed_16_6_5_3_0_config2_s_fu_73/mul_16s_8s_24_1_1_U26/tmp_product/DSP_PREADD_DATA_INST/A2A1[2]
                         net (fo=1, routed)           0.000     1.449    call_ret1_dense_latency_ap_fixed_16_6_5_3_0_ap_fixed_16_6_5_3_0_config2_s_fu_73/mul_16s_8s_24_1_1_U26/tmp_product/DSP_PREADD_DATA.A2A1<2>
    DSP48E2_X9Y72        DSP_MULTIPLIER (Prop_DSP_MULTIPLIER_DSP48E2_A2A1[2]_U[15])
                                                      0.505     1.954 f  call_ret1_dense_latency_ap_fixed_16_6_5_3_0_ap_fixed_16_6_5_3_0_config2_s_fu_73/mul_16s_8s_24_1_1_U26/tmp_product/DSP_MULTIPLIER_INST/U[15]
                         net (fo=1, routed)           0.000     1.954    call_ret1_dense_latency_ap_fixed_16_6_5_3_0_ap_fixed_16_6_5_3_0_config2_s_fu_73/mul_16s_8s_24_1_1_U26/tmp_product/DSP_MULTIPLIER.U<15>
    DSP48E2_X9Y72        DSP_M_DATA (Prop_DSP_M_DATA_DSP48E2_U[15]_U_DATA[15])
                                                      0.047     2.001 r  call_ret1_dense_latency_ap_fixed_16_6_5_3_0_ap_fixed_16_6_5_3_0_config2_s_fu_73/mul_16s_8s_24_1_1_U26/tmp_product/DSP_M_DATA_INST/U_DATA[15]
                         net (fo=1, routed)           0.000     2.001    call_ret1_dense_latency_ap_fixed_16_6_5_3_0_ap_fixed_16_6_5_3_0_config2_s_fu_73/mul_16s_8s_24_1_1_U26/tmp_product/DSP_M_DATA.U_DATA<15>
    DSP48E2_X9Y72        DSP_ALU (Prop_DSP_ALU_DSP48E2_U_DATA[15]_ALU_OUT[15])
                                                      0.585     2.586 r  call_ret1_dense_latency_ap_fixed_16_6_5_3_0_ap_fixed_16_6_5_3_0_config2_s_fu_73/mul_16s_8s_24_1_1_U26/tmp_product/DSP_ALU_INST/ALU_OUT[15]
                         net (fo=1, routed)           0.000     2.586    call_ret1_dense_latency_ap_fixed_16_6_5_3_0_ap_fixed_16_6_5_3_0_config2_s_fu_73/mul_16s_8s_24_1_1_U26/tmp_product/DSP_ALU.ALU_OUT<15>
    DSP48E2_X9Y72        DSP_OUTPUT (Prop_DSP_OUTPUT_DSP48E2_ALU_OUT[15]_P[15])
                                                      0.109     2.695 f  call_ret1_dense_latency_ap_fixed_16_6_5_3_0_ap_fixed_16_6_5_3_0_config2_s_fu_73/mul_16s_8s_24_1_1_U26/tmp_product/DSP_OUTPUT_INST/P[15]
                         net (fo=2, routed)           0.440     3.135    call_ret1_dense_latency_ap_fixed_16_6_5_3_0_ap_fixed_16_6_5_3_0_config2_s_fu_73/mul_16s_8s_24_1_1_U26/sext_ln42_36_fu_4411_p1[5]
    SLICE_X76Y181        LUT6 (Prop_F6LUT_SLICEL_I0_O)
                                                      0.148     3.283 r  call_ret1_dense_latency_ap_fixed_16_6_5_3_0_ap_fixed_16_6_5_3_0_config2_s_fu_73/mul_16s_8s_24_1_1_U26/layer2_out_1_reg_314[7]_i_19/O
                         net (fo=9, routed)           0.105     3.388    call_ret1_dense_latency_ap_fixed_16_6_5_3_0_ap_fixed_16_6_5_3_0_config2_s_fu_73/mul_16s_8s_24_1_1_U26/tmp_product_1
    SLICE_X75Y181        LUT5 (Prop_C5LUT_SLICEL_I2_O)
                                                      0.136     3.524 r  call_ret1_dense_latency_ap_fixed_16_6_5_3_0_ap_fixed_16_6_5_3_0_config2_s_fu_73/mul_16s_8s_24_1_1_U26/layer2_out_1_reg_314[15]_i_50/O
                         net (fo=4, routed)           0.262     3.787    call_ret1_dense_latency_ap_fixed_16_6_5_3_0_ap_fixed_16_6_5_3_0_config2_s_fu_73/mul_16s_8s_24_1_1_U26/layer2_out_1_reg_314[15]_i_50_n_0
    SLICE_X75Y182        LUT3 (Prop_A6LUT_SLICEL_I1_O)
                                                      0.035     3.822 r  call_ret1_dense_latency_ap_fixed_16_6_5_3_0_ap_fixed_16_6_5_3_0_config2_s_fu_73/mul_16s_8s_24_1_1_U26/layer2_out_1_reg_314[15]_i_24/O
                         net (fo=2, routed)           0.302     4.124    call_ret1_dense_latency_ap_fixed_16_6_5_3_0_ap_fixed_16_6_5_3_0_config2_s_fu_73/mul_16s_12s_26_1_1_U23/layer2_out_1_reg_314_reg[15]_0
    SLICE_X74Y181        LUT6 (Prop_D6LUT_SLICEM_I4_O)
                                                      0.122     4.246 r  call_ret1_dense_latency_ap_fixed_16_6_5_3_0_ap_fixed_16_6_5_3_0_config2_s_fu_73/mul_16s_12s_26_1_1_U23/layer2_out_1_reg_314[15]_i_13/O
                         net (fo=1, routed)           0.025     4.271    call_ret1_dense_latency_ap_fixed_16_6_5_3_0_ap_fixed_16_6_5_3_0_config2_s_fu_73/mul_16s_12s_26_1_1_U23/layer2_out_1_reg_314[15]_i_13_n_0
    SLICE_X74Y181        CARRY8 (Prop_CARRY8_SLICEM_S[3]_O[4])
                                                      0.149     4.420 r  call_ret1_dense_latency_ap_fixed_16_6_5_3_0_ap_fixed_16_6_5_3_0_config2_s_fu_73/mul_16s_12s_26_1_1_U23/layer2_out_1_reg_314_reg[15]_i_1/O[4]
                         net (fo=1, routed)           0.025     4.445    call_ret1_dense_latency_ap_fixed_16_6_5_3_0_ap_fixed_16_6_5_3_0_config2_s_fu_73_ap_return_1[12]
    SLICE_X74Y181        FDRE                                         r  layer2_out_1_reg_314_reg[12]/D
  -------------------------------------------------------------------    -------------------

                         (clock ap_clk rise edge)     0.000     0.000 r  
                                                      0.000     0.000 r  ap_clk (IN)
                         net (fo=398, unset)          0.021     0.021    ap_clk
    SLICE_X74Y181        FDRE                                         r  layer2_out_1_reg_314_reg[12]/C

Slack:                    inf
  Source:                 features[50]
                            (input port)
  Destination:            layer2_out_1_reg_314_reg[11]/D
                            (rising edge-triggered cell FDRE clocked by ap_clk  {rise@0.000ns fall@5.000ns period=10.000ns})
  Path Group:             (none)
  Path Type:              Setup (Max at Slow Process Corner)
  Data Path Delay:        4.358ns  (logic 2.173ns (49.864%)  route 2.185ns (50.136%))
  Logic Levels:           12  (CARRY8=1 DSP_A_B_DATA=1 DSP_ALU=1 DSP_M_DATA=1 DSP_MULTIPLIER=1 DSP_OUTPUT=1 DSP_PREADD_DATA=1 LUT3=2 LUT5=1 LUT6=2)
  Clock Path Skew:        0.021ns (DCD - SCD + CPR)
    Destination Clock Delay (DCD):    0.021ns
    Source Clock Delay      (SCD):    0.000ns
    Clock Pessimism Removal (CPR):    0.000ns
  Clock Uncertainty:      0.025ns  ((TSJ^2 + TIJ^2)^1/2 + DJ) / 2 + PE
    Total System Jitter     (TSJ):    0.050ns
    Total Input Jitter      (TIJ):    0.000ns
    Discrete Jitter          (DJ):    0.000ns
    Phase Error              (PE):    0.000ns

    Location             Delay type                Incr(ns)  Path(ns)    Netlist Resource(s)
  -------------------------------------------------------------------    -------------------
                                                      0.000     0.000 f  features[50] (IN)
                         net (fo=1, unset)            0.000     0.000    call_ret1_dense_latency_ap_fixed_16_6_5_3_0_ap_fixed_16_6_5_3_0_config2_s_fu_73/mul_16s_10s_26_1_1_U22/features[2]
    SLICE_X76Y194        LUT3 (Prop_D5LUT_SLICEL_I0_O)
                                                      0.157     0.157 f  call_ret1_dense_latency_ap_fixed_16_6_5_3_0_ap_fixed_16_6_5_3_0_config2_s_fu_73/mul_16s_10s_26_1_1_U22/tmp_product_i_14__2/O
                         net (fo=8, routed)           1.024     1.181    call_ret1_dense_latency_ap_fixed_16_6_5_3_0_ap_fixed_16_6_5_3_0_config2_s_fu_73/mul_16s_8s_24_1_1_U26/tmp_product/A[2]
    DSP48E2_X9Y72        DSP_A_B_DATA (Prop_DSP_A_B_DATA_DSP48E2_A[2]_A2_DATA[2])
                                                      0.192     1.373 r  call_ret1_dense_latency_ap_fixed_16_6_5_3_0_ap_fixed_16_6_5_3_0_config2_s_fu_73/mul_16s_8s_24_1_1_U26/tmp_product/DSP_A_B_DATA_INST/A2_DATA[2]
                         net (fo=1, routed)           0.000     1.373    call_ret1_dense_latency_ap_fixed_16_6_5_3_0_ap_fixed_16_6_5_3_0_config2_s_fu_73/mul_16s_8s_24_1_1_U26/tmp_product/DSP_A_B_DATA.A2_DATA<2>
    DSP48E2_X9Y72        DSP_PREADD_DATA (Prop_DSP_PREADD_DATA_DSP48E2_A2_DATA[2]_A2A1[2])
                                                      0.076     1.449 r  call_ret1_dense_latency_ap_fixed_16_6_5_3_0_ap_fixed_16_6_5_3_0_config2_s_fu_73/mul_16s_8s_24_1_1_U26/tmp_product/DSP_PREADD_DATA_INST/A2A1[2]
                         net (fo=1, routed)           0.000     1.449    call_ret1_dense_latency_ap_fixed_16_6_5_3_0_ap_fixed_16_6_5_3_0_config2_s_fu_73/mul_16s_8s_24_1_1_U26/tmp_product/DSP_PREADD_DATA.A2A1<2>
    DSP48E2_X9Y72        DSP_MULTIPLIER (Prop_DSP_MULTIPLIER_DSP48E2_A2A1[2]_U[15])
                                                      0.505     1.954 f  call_ret1_dense_latency_ap_fixed_16_6_5_3_0_ap_fixed_16_6_5_3_0_config2_s_fu_73/mul_16s_8s_24_1_1_U26/tmp_product/DSP_MULTIPLIER_INST/U[15]
                         net (fo=1, routed)           0.000     1.954    call_ret1_dense_latency_ap_fixed_16_6_5_3_0_ap_fixed_16_6_5_3_0_config2_s_fu_73/mul_16s_8s_24_1_1_U26/tmp_product/DSP_MULTIPLIER.U<15>
    DSP48E2_X9Y72        DSP_M_DATA (Prop_DSP_M_DATA_DSP48E2_U[15]_U_DATA[15])
                                                      0.047     2.001 r  call_ret1_dense_latency_ap_fixed_16_6_5_3_0_ap_fixed_16_6_5_3_0_config2_s_fu_73/mul_16s_8s_24_1_1_U26/tmp_product/DSP_M_DATA_INST/U_DATA[15]
                         net (fo=1, routed)           0.000     2.001    call_ret1_dense_latency_ap_fixed_16_6_5_3_0_ap_fixed_16_6_5_3_0_config2_s_fu_73/mul_16s_8s_24_1_1_U26/tmp_product/DSP_M_DATA.U_DATA<15>
    DSP48E2_X9Y72        DSP_ALU (Prop_DSP_ALU_DSP48E2_U_DATA[15]_ALU_OUT[15])
                                                      0.585     2.586 r  call_ret1_dense_latency_ap_fixed_16_6_5_3_0_ap_fixed_16_6_5_3_0_config2_s_fu_73/mul_16s_8s_24_1_1_U26/tmp_product/DSP_ALU_INST/ALU_OUT[15]
                         net (fo=1, routed)           0.000     2.586    call_ret1_dense_latency_ap_fixed_16_6_5_3_0_ap_fixed_16_6_5_3_0_config2_s_fu_73/mul_16s_8s_24_1_1_U26/tmp_product/DSP_ALU.ALU_OUT<15>
    DSP48E2_X9Y72        DSP_OUTPUT (Prop_DSP_OUTPUT_DSP48E2_ALU_OUT[15]_P[15])
                                                      0.109     2.695 f  call_ret1_dense_latency_ap_fixed_16_6_5_3_0_ap_fixed_16_6_5_3_0_config2_s_fu_73/mul_16s_8s_24_1_1_U26/tmp_product/DSP_OUTPUT_INST/P[15]
                         net (fo=2, routed)           0.440     3.135    call_ret1_dense_latency_ap_fixed_16_6_5_3_0_ap_fixed_16_6_5_3_0_config2_s_fu_73/mul_16s_8s_24_1_1_U26/sext_ln42_36_fu_4411_p1[5]
    SLICE_X76Y181        LUT6 (Prop_F6LUT_SLICEL_I0_O)
                                                      0.148     3.283 r  call_ret1_dense_latency_ap_fixed_16_6_5_3_0_ap_fixed_16_6_5_3_0_config2_s_fu_73/mul_16s_8s_24_1_1_U26/layer2_out_1_reg_314[7]_i_19/O
                         net (fo=9, routed)           0.105     3.388    call_ret1_dense_latency_ap_fixed_16_6_5_3_0_ap_fixed_16_6_5_3_0_config2_s_fu_73/mul_16s_8s_24_1_1_U26/tmp_product_1
    SLICE_X75Y181        LUT5 (Prop_C5LUT_SLICEL_I2_O)
                                                      0.136     3.524 r  call_ret1_dense_latency_ap_fixed_16_6_5_3_0_ap_fixed_16_6_5_3_0_config2_s_fu_73/mul_16s_8s_24_1_1_U26/layer2_out_1_reg_314[15]_i_50/O
                         net (fo=4, routed)           0.262     3.787    call_ret1_dense_latency_ap_fixed_16_6_5_3_0_ap_fixed_16_6_5_3_0_config2_s_fu_73/mul_16s_8s_24_1_1_U26/layer2_out_1_reg_314[15]_i_50_n_0
    SLICE_X75Y182        LUT3 (Prop_A6LUT_SLICEL_I1_O)
                                                      0.035     3.822 r  call_ret1_dense_latency_ap_fixed_16_6_5_3_0_ap_fixed_16_6_5_3_0_config2_s_fu_73/mul_16s_8s_24_1_1_U26/layer2_out_1_reg_314[15]_i_24/O
                         net (fo=2, routed)           0.302     4.124    call_ret1_dense_latency_ap_fixed_16_6_5_3_0_ap_fixed_16_6_5_3_0_config2_s_fu_73/mul_16s_12s_26_1_1_U23/layer2_out_1_reg_314_reg[15]_0
    SLICE_X74Y181        LUT6 (Prop_D6LUT_SLICEM_I4_O)
                                                      0.122     4.246 r  call_ret1_dense_latency_ap_fixed_16_6_5_3_0_ap_fixed_16_6_5_3_0_config2_s_fu_73/mul_16s_12s_26_1_1_U23/layer2_out_1_reg_314[15]_i_13/O
                         net (fo=1, routed)           0.025     4.271    call_ret1_dense_latency_ap_fixed_16_6_5_3_0_ap_fixed_16_6_5_3_0_config2_s_fu_73/mul_16s_12s_26_1_1_U23/layer2_out_1_reg_314[15]_i_13_n_0
    SLICE_X74Y181        CARRY8 (Prop_CARRY8_SLICEM_S[3]_O[3])
                                                      0.061     4.332 r  call_ret1_dense_latency_ap_fixed_16_6_5_3_0_ap_fixed_16_6_5_3_0_config2_s_fu_73/mul_16s_12s_26_1_1_U23/layer2_out_1_reg_314_reg[15]_i_1/O[3]
                         net (fo=1, routed)           0.026     4.358    call_ret1_dense_latency_ap_fixed_16_6_5_3_0_ap_fixed_16_6_5_3_0_config2_s_fu_73_ap_return_1[11]
    SLICE_X74Y181        FDRE                                         r  layer2_out_1_reg_314_reg[11]/D
  -------------------------------------------------------------------    -------------------

                         (clock ap_clk rise edge)     0.000     0.000 r  
                                                      0.000     0.000 r  ap_clk (IN)
                         net (fo=398, unset)          0.021     0.021    ap_clk
    SLICE_X74Y181        FDRE                                         r  layer2_out_1_reg_314_reg[11]/C

Slack:                    inf
  Source:                 features[50]
                            (input port)
  Destination:            layer2_out_1_reg_314_reg[10]/D
                            (rising edge-triggered cell FDRE clocked by ap_clk  {rise@0.000ns fall@5.000ns period=10.000ns})
  Path Group:             (none)
  Path Type:              Setup (Max at Slow Process Corner)
  Data Path Delay:        4.343ns  (logic 2.113ns (48.656%)  route 2.230ns (51.344%))
  Logic Levels:           11  (CARRY8=1 DSP_A_B_DATA=1 DSP_ALU=1 DSP_M_DATA=1 DSP_MULTIPLIER=1 DSP_OUTPUT=1 DSP_PREADD_DATA=1 LUT3=1 LUT4=1 LUT5=1 LUT6=1)
  Clock Path Skew:        0.021ns (DCD - SCD + CPR)
    Destination Clock Delay (DCD):    0.021ns
    Source Clock Delay      (SCD):    0.000ns
    Clock Pessimism Removal (CPR):    0.000ns
  Clock Uncertainty:      0.025ns  ((TSJ^2 + TIJ^2)^1/2 + DJ) / 2 + PE
    Total System Jitter     (TSJ):    0.050ns
    Total Input Jitter      (TIJ):    0.000ns
    Discrete Jitter          (DJ):    0.000ns
    Phase Error              (PE):    0.000ns

    Location             Delay type                Incr(ns)  Path(ns)    Netlist Resource(s)
  -------------------------------------------------------------------    -------------------
                                                      0.000     0.000 f  features[50] (IN)
                         net (fo=1, unset)            0.000     0.000    call_ret1_dense_latency_ap_fixed_16_6_5_3_0_ap_fixed_16_6_5_3_0_config2_s_fu_73/mul_16s_10s_26_1_1_U22/features[2]
    SLICE_X76Y194        LUT3 (Prop_D5LUT_SLICEL_I0_O)
                                                      0.157     0.157 f  call_ret1_dense_latency_ap_fixed_16_6_5_3_0_ap_fixed_16_6_5_3_0_config2_s_fu_73/mul_16s_10s_26_1_1_U22/tmp_product_i_14__2/O
                         net (fo=8, routed)           1.024     1.181    call_ret1_dense_latency_ap_fixed_16_6_5_3_0_ap_fixed_16_6_5_3_0_config2_s_fu_73/mul_16s_8s_24_1_1_U26/tmp_product/A[2]
    DSP48E2_X9Y72        DSP_A_B_DATA (Prop_DSP_A_B_DATA_DSP48E2_A[2]_A2_DATA[2])
                                                      0.192     1.373 r  call_ret1_dense_latency_ap_fixed_16_6_5_3_0_ap_fixed_16_6_5_3_0_config2_s_fu_73/mul_16s_8s_24_1_1_U26/tmp_product/DSP_A_B_DATA_INST/A2_DATA[2]
                         net (fo=1, routed)           0.000     1.373    call_ret1_dense_latency_ap_fixed_16_6_5_3_0_ap_fixed_16_6_5_3_0_config2_s_fu_73/mul_16s_8s_24_1_1_U26/tmp_product/DSP_A_B_DATA.A2_DATA<2>
    DSP48E2_X9Y72        DSP_PREADD_DATA (Prop_DSP_PREADD_DATA_DSP48E2_A2_DATA[2]_A2A1[2])
                                                      0.076     1.449 r  call_ret1_dense_latency_ap_fixed_16_6_5_3_0_ap_fixed_16_6_5_3_0_config2_s_fu_73/mul_16s_8s_24_1_1_U26/tmp_product/DSP_PREADD_DATA_INST/A2A1[2]
                         net (fo=1, routed)           0.000     1.449    call_ret1_dense_latency_ap_fixed_16_6_5_3_0_ap_fixed_16_6_5_3_0_config2_s_fu_73/mul_16s_8s_24_1_1_U26/tmp_product/DSP_PREADD_DATA.A2A1<2>
    DSP48E2_X9Y72        DSP_MULTIPLIER (Prop_DSP_MULTIPLIER_DSP48E2_A2A1[2]_U[15])
                                                      0.505     1.954 f  call_ret1_dense_latency_ap_fixed_16_6_5_3_0_ap_fixed_16_6_5_3_0_config2_s_fu_73/mul_16s_8s_24_1_1_U26/tmp_product/DSP_MULTIPLIER_INST/U[15]
                         net (fo=1, routed)           0.000     1.954    call_ret1_dense_latency_ap_fixed_16_6_5_3_0_ap_fixed_16_6_5_3_0_config2_s_fu_73/mul_16s_8s_24_1_1_U26/tmp_product/DSP_MULTIPLIER.U<15>
    DSP48E2_X9Y72        DSP_M_DATA (Prop_DSP_M_DATA_DSP48E2_U[15]_U_DATA[15])
                                                      0.047     2.001 r  call_ret1_dense_latency_ap_fixed_16_6_5_3_0_ap_fixed_16_6_5_3_0_config2_s_fu_73/mul_16s_8s_24_1_1_U26/tmp_product/DSP_M_DATA_INST/U_DATA[15]
                         net (fo=1, routed)           0.000     2.001    call_ret1_dense_latency_ap_fixed_16_6_5_3_0_ap_fixed_16_6_5_3_0_config2_s_fu_73/mul_16s_8s_24_1_1_U26/tmp_product/DSP_M_DATA.U_DATA<15>
    DSP48E2_X9Y72        DSP_ALU (Prop_DSP_ALU_DSP48E2_U_DATA[15]_ALU_OUT[15])
                                                      0.585     2.586 r  call_ret1_dense_latency_ap_fixed_16_6_5_3_0_ap_fixed_16_6_5_3_0_config2_s_fu_73/mul_16s_8s_24_1_1_U26/tmp_product/DSP_ALU_INST/ALU_OUT[15]
                         net (fo=1, routed)           0.000     2.586    call_ret1_dense_latency_ap_fixed_16_6_5_3_0_ap_fixed_16_6_5_3_0_config2_s_fu_73/mul_16s_8s_24_1_1_U26/tmp_product/DSP_ALU.ALU_OUT<15>
    DSP48E2_X9Y72        DSP_OUTPUT (Prop_DSP_OUTPUT_DSP48E2_ALU_OUT[15]_P[15])
                                                      0.109     2.695 f  call_ret1_dense_latency_ap_fixed_16_6_5_3_0_ap_fixed_16_6_5_3_0_config2_s_fu_73/mul_16s_8s_24_1_1_U26/tmp_product/DSP_OUTPUT_INST/P[15]
                         net (fo=2, routed)           0.440     3.135    call_ret1_dense_latency_ap_fixed_16_6_5_3_0_ap_fixed_16_6_5_3_0_config2_s_fu_73/mul_16s_8s_24_1_1_U26/sext_ln42_36_fu_4411_p1[5]
    SLICE_X76Y181        LUT6 (Prop_F6LUT_SLICEL_I0_O)
                                                      0.148     3.283 r  call_ret1_dense_latency_ap_fixed_16_6_5_3_0_ap_fixed_16_6_5_3_0_config2_s_fu_73/mul_16s_8s_24_1_1_U26/layer2_out_1_reg_314[7]_i_19/O
                         net (fo=9, routed)           0.102     3.385    call_ret1_dense_latency_ap_fixed_16_6_5_3_0_ap_fixed_16_6_5_3_0_config2_s_fu_73/mul_16s_8s_24_1_1_U26/tmp_product_1
    SLICE_X75Y181        LUT4 (Prop_D6LUT_SLICEL_I2_O)
                                                      0.122     3.507 r  call_ret1_dense_latency_ap_fixed_16_6_5_3_0_ap_fixed_16_6_5_3_0_config2_s_fu_73/mul_16s_8s_24_1_1_U26/layer2_out_1_reg_314[15]_i_33/O
                         net (fo=2, routed)           0.041     3.548    call_ret1_dense_latency_ap_fixed_16_6_5_3_0_ap_fixed_16_6_5_3_0_config2_s_fu_73/mul_16s_11ns_26_1_1_U12/layer2_out_1_reg_314_reg[15]_1
    SLICE_X75Y181        LUT5 (Prop_B5LUT_SLICEL_I1_O)
                                                      0.073     3.621 r  call_ret1_dense_latency_ap_fixed_16_6_5_3_0_ap_fixed_16_6_5_3_0_config2_s_fu_73/mul_16s_11ns_26_1_1_U12/layer2_out_1_reg_314[15]_i_7/O
                         net (fo=2, routed)           0.596     4.218    call_ret1_dense_latency_ap_fixed_16_6_5_3_0_ap_fixed_16_6_5_3_0_config2_s_fu_73/mul_16s_12s_26_1_1_U23/layer2_out_1_reg_314_reg[15]_2[0]
    SLICE_X74Y181        CARRY8 (Prop_CARRY8_SLICEM_DI[1]_O[2])
                                                      0.099     4.317 r  call_ret1_dense_latency_ap_fixed_16_6_5_3_0_ap_fixed_16_6_5_3_0_config2_s_fu_73/mul_16s_12s_26_1_1_U23/layer2_out_1_reg_314_reg[15]_i_1/O[2]
                         net (fo=1, routed)           0.026     4.343    call_ret1_dense_latency_ap_fixed_16_6_5_3_0_ap_fixed_16_6_5_3_0_config2_s_fu_73_ap_return_1[10]
    SLICE_X74Y181        FDRE                                         r  layer2_out_1_reg_314_reg[10]/D
  -------------------------------------------------------------------    -------------------

                         (clock ap_clk rise edge)     0.000     0.000 r  
                                                      0.000     0.000 r  ap_clk (IN)
                         net (fo=398, unset)          0.021     0.021    ap_clk
    SLICE_X74Y181        FDRE                                         r  layer2_out_1_reg_314_reg[10]/C

Slack:                    inf
  Source:                 features[63]
                            (input port)
  Destination:            layer2_out_4_reg_329_reg[15]/D
                            (rising edge-triggered cell FDRE clocked by ap_clk  {rise@0.000ns fall@5.000ns period=10.000ns})
  Path Group:             (none)
  Path Type:              Setup (Max at Slow Process Corner)
  Data Path Delay:        4.257ns  (logic 2.381ns (55.932%)  route 1.876ns (44.068%))
  Logic Levels:           13  (CARRY8=1 DSP_A_B_DATA=1 DSP_ALU=1 DSP_M_DATA=1 DSP_MULTIPLIER=1 DSP_OUTPUT=1 DSP_PREADD_DATA=1 LUT2=1 LUT3=1 LUT5=2 LUT6=2)
  Clock Path Skew:        0.020ns (DCD - SCD + CPR)
    Destination Clock Delay (DCD):    0.020ns
    Source Clock Delay      (SCD):    0.000ns
    Clock Pessimism Removal (CPR):    0.000ns
  Clock Uncertainty:      0.025ns  ((TSJ^2 + TIJ^2)^1/2 + DJ) / 2 + PE
    Total System Jitter     (TSJ):    0.050ns
    Total Input Jitter      (TIJ):    0.000ns
    Discrete Jitter          (DJ):    0.000ns
    Phase Error              (PE):    0.000ns

    Location             Delay type                Incr(ns)  Path(ns)    Netlist Resource(s)
  -------------------------------------------------------------------    -------------------
                                                      0.000     0.000 f  features[63] (IN)
                         net (fo=1, unset)            0.000     0.000    call_ret1_dense_latency_ap_fixed_16_6_5_3_0_ap_fixed_16_6_5_3_0_config2_s_fu_73/mul_16s_10s_26_1_1_U22/features[15]
    SLICE_X75Y195        LUT3 (Prop_C6LUT_SLICEL_I0_O)
                                                      0.096     0.096 f  call_ret1_dense_latency_ap_fixed_16_6_5_3_0_ap_fixed_16_6_5_3_0_config2_s_fu_73/mul_16s_10s_26_1_1_U22/tmp_product_i_1__2/O
                         net (fo=120, routed)         0.942     1.038    call_ret1_dense_latency_ap_fixed_16_6_5_3_0_ap_fixed_16_6_5_3_0_config2_s_fu_73/mul_16s_7s_23_1_1_U28/tmp_product/A[15]
    DSP48E2_X9Y76        DSP_A_B_DATA (Prop_DSP_A_B_DATA_DSP48E2_A[15]_A2_DATA[15])
                                                      0.192     1.230 r  call_ret1_dense_latency_ap_fixed_16_6_5_3_0_ap_fixed_16_6_5_3_0_config2_s_fu_73/mul_16s_7s_23_1_1_U28/tmp_product/DSP_A_B_DATA_INST/A2_DATA[15]
                         net (fo=1, routed)           0.000     1.230    call_ret1_dense_latency_ap_fixed_16_6_5_3_0_ap_fixed_16_6_5_3_0_config2_s_fu_73/mul_16s_7s_23_1_1_U28/tmp_product/DSP_A_B_DATA.A2_DATA<15>
    DSP48E2_X9Y76        DSP_PREADD_DATA (Prop_DSP_PREADD_DATA_DSP48E2_A2_DATA[15]_A2A1[15])
                                                      0.076     1.306 r  call_ret1_dense_latency_ap_fixed_16_6_5_3_0_ap_fixed_16_6_5_3_0_config2_s_fu_73/mul_16s_7s_23_1_1_U28/tmp_product/DSP_PREADD_DATA_INST/A2A1[15]
                         net (fo=1, routed)           0.000     1.306    call_ret1_dense_latency_ap_fixed_16_6_5_3_0_ap_fixed_16_6_5_3_0_config2_s_fu_73/mul_16s_7s_23_1_1_U28/tmp_product/DSP_PREADD_DATA.A2A1<15>
    DSP48E2_X9Y76        DSP_MULTIPLIER (Prop_DSP_MULTIPLIER_DSP48E2_A2A1[15]_V[15])
                                                      0.507     1.813 f  call_ret1_dense_latency_ap_fixed_16_6_5_3_0_ap_fixed_16_6_5_3_0_config2_s_fu_73/mul_16s_7s_23_1_1_U28/tmp_product/DSP_MULTIPLIER_INST/V[15]
                         net (fo=1, routed)           0.000     1.813    call_ret1_dense_latency_ap_fixed_16_6_5_3_0_ap_fixed_16_6_5_3_0_config2_s_fu_73/mul_16s_7s_23_1_1_U28/tmp_product/DSP_MULTIPLIER.V<15>
    DSP48E2_X9Y76        DSP_M_DATA (Prop_DSP_M_DATA_DSP48E2_V[15]_V_DATA[15])
                                                      0.046     1.859 r  call_ret1_dense_latency_ap_fixed_16_6_5_3_0_ap_fixed_16_6_5_3_0_config2_s_fu_73/mul_16s_7s_23_1_1_U28/tmp_product/DSP_M_DATA_INST/V_DATA[15]
                         net (fo=1, routed)           0.000     1.859    call_ret1_dense_latency_ap_fixed_16_6_5_3_0_ap_fixed_16_6_5_3_0_config2_s_fu_73/mul_16s_7s_23_1_1_U28/tmp_product/DSP_M_DATA.V_DATA<15>
    DSP48E2_X9Y76        DSP_ALU (Prop_DSP_ALU_DSP48E2_V_DATA[15]_ALU_OUT[15])
                                                      0.571     2.430 f  call_ret1_dense_latency_ap_fixed_16_6_5_3_0_ap_fixed_16_6_5_3_0_config2_s_fu_73/mul_16s_7s_23_1_1_U28/tmp_product/DSP_ALU_INST/ALU_OUT[15]
                         net (fo=1, routed)           0.000     2.430    call_ret1_dense_latency_ap_fixed_16_6_5_3_0_ap_fixed_16_6_5_3_0_config2_s_fu_73/mul_16s_7s_23_1_1_U28/tmp_product/DSP_ALU.ALU_OUT<15>
    DSP48E2_X9Y76        DSP_OUTPUT (Prop_DSP_OUTPUT_DSP48E2_ALU_OUT[15]_P[15])
                                                      0.109     2.539 r  call_ret1_dense_latency_ap_fixed_16_6_5_3_0_ap_fixed_16_6_5_3_0_config2_s_fu_73/mul_16s_7s_23_1_1_U28/tmp_product/DSP_OUTPUT_INST/P[15]
                         net (fo=3, routed)           0.345     2.884    call_ret1_dense_latency_ap_fixed_16_6_5_3_0_ap_fixed_16_6_5_3_0_config2_s_fu_73/mul_16s_7s_23_1_1_U28/sext_ln73_26_fu_4445_p1[5]
    SLICE_X78Y190        LUT6 (Prop_H6LUT_SLICEM_I4_O)
                                                      0.125     3.009 r  call_ret1_dense_latency_ap_fixed_16_6_5_3_0_ap_fixed_16_6_5_3_0_config2_s_fu_73/mul_16s_7s_23_1_1_U28/layer2_out_4_reg_329[15]_i_28/O
                         net (fo=7, routed)           0.178     3.187    call_ret1_dense_latency_ap_fixed_16_6_5_3_0_ap_fixed_16_6_5_3_0_config2_s_fu_73/mul_16s_7s_23_1_1_U28/tmp_product_3
    SLICE_X78Y192        LUT6 (Prop_F6LUT_SLICEM_I2_O)
                                                      0.148     3.335 r  call_ret1_dense_latency_ap_fixed_16_6_5_3_0_ap_fixed_16_6_5_3_0_config2_s_fu_73/mul_16s_7s_23_1_1_U28/layer2_out_4_reg_329[15]_i_35/O
                         net (fo=4, routed)           0.144     3.479    call_ret1_dense_latency_ap_fixed_16_6_5_3_0_ap_fixed_16_6_5_3_0_config2_s_fu_73/mul_16s_7s_23_1_1_U28/tmp_product_1
    SLICE_X77Y193        LUT2 (Prop_F6LUT_SLICEL_I0_O)
                                                      0.089     3.568 r  call_ret1_dense_latency_ap_fixed_16_6_5_3_0_ap_fixed_16_6_5_3_0_config2_s_fu_73/mul_16s_7s_23_1_1_U28/layer2_out_4_reg_329[15]_i_18/O
                         net (fo=2, routed)           0.062     3.630    call_ret1_dense_latency_ap_fixed_16_6_5_3_0_ap_fixed_16_6_5_3_0_config2_s_fu_73/mul_16s_10ns_26_1_1_U17/sext_ln58_6_fu_4585_p1[8]
    SLICE_X77Y193        LUT5 (Prop_B5LUT_SLICEL_I3_O)
                                                      0.165     3.795 r  call_ret1_dense_latency_ap_fixed_16_6_5_3_0_ap_fixed_16_6_5_3_0_config2_s_fu_73/mul_16s_10ns_26_1_1_U17/layer2_out_4_reg_329[15]_i_3/O
                         net (fo=2, routed)           0.168     3.963    call_ret1_dense_latency_ap_fixed_16_6_5_3_0_ap_fixed_16_6_5_3_0_config2_s_fu_73/mul_16s_10ns_26_1_1_U17_n_23
    SLICE_X77Y192        LUT5 (Prop_F6LUT_SLICEL_I0_O)
                                                      0.123     4.086 r  call_ret1_dense_latency_ap_fixed_16_6_5_3_0_ap_fixed_16_6_5_3_0_config2_s_fu_73/layer2_out_4_reg_329[15]_i_11/O
                         net (fo=1, routed)           0.011     4.097    call_ret1_dense_latency_ap_fixed_16_6_5_3_0_ap_fixed_16_6_5_3_0_config2_s_fu_73/layer2_out_4_reg_329[15]_i_11_n_0
    SLICE_X77Y192        CARRY8 (Prop_CARRY8_SLICEL_S[5]_O[7])
                                                      0.134     4.231 r  call_ret1_dense_latency_ap_fixed_16_6_5_3_0_ap_fixed_16_6_5_3_0_config2_s_fu_73/layer2_out_4_reg_329_reg[15]_i_1/O[7]
                         net (fo=1, routed)           0.026     4.257    call_ret1_dense_latency_ap_fixed_16_6_5_3_0_ap_fixed_16_6_5_3_0_config2_s_fu_73_ap_return_4[15]
    SLICE_X77Y192        FDRE                                         r  layer2_out_4_reg_329_reg[15]/D
  -------------------------------------------------------------------    -------------------

                         (clock ap_clk rise edge)     0.000     0.000 r  
                                                      0.000     0.000 r  ap_clk (IN)
                         net (fo=398, unset)          0.020     0.020    ap_clk
    SLICE_X77Y192        FDRE                                         r  layer2_out_4_reg_329_reg[15]/C

Slack:                    inf
  Source:                 features[63]
                            (input port)
  Destination:            layer2_out_4_reg_329_reg[14]/D
                            (rising edge-triggered cell FDRE clocked by ap_clk  {rise@0.000ns fall@5.000ns period=10.000ns})
  Path Group:             (none)
  Path Type:              Setup (Max at Slow Process Corner)
  Data Path Delay:        4.250ns  (logic 2.374ns (55.860%)  route 1.876ns (44.140%))
  Logic Levels:           13  (CARRY8=1 DSP_A_B_DATA=1 DSP_ALU=1 DSP_M_DATA=1 DSP_MULTIPLIER=1 DSP_OUTPUT=1 DSP_PREADD_DATA=1 LUT2=1 LUT3=1 LUT5=2 LUT6=2)
  Clock Path Skew:        0.020ns (DCD - SCD + CPR)
    Destination Clock Delay (DCD):    0.020ns
    Source Clock Delay      (SCD):    0.000ns
    Clock Pessimism Removal (CPR):    0.000ns
  Clock Uncertainty:      0.025ns  ((TSJ^2 + TIJ^2)^1/2 + DJ) / 2 + PE
    Total System Jitter     (TSJ):    0.050ns
    Total Input Jitter      (TIJ):    0.000ns
    Discrete Jitter          (DJ):    0.000ns
    Phase Error              (PE):    0.000ns

    Location             Delay type                Incr(ns)  Path(ns)    Netlist Resource(s)
  -------------------------------------------------------------------    -------------------
                                                      0.000     0.000 f  features[63] (IN)
                         net (fo=1, unset)            0.000     0.000    call_ret1_dense_latency_ap_fixed_16_6_5_3_0_ap_fixed_16_6_5_3_0_config2_s_fu_73/mul_16s_10s_26_1_1_U22/features[15]
    SLICE_X75Y195        LUT3 (Prop_C6LUT_SLICEL_I0_O)
                                                      0.096     0.096 f  call_ret1_dense_latency_ap_fixed_16_6_5_3_0_ap_fixed_16_6_5_3_0_config2_s_fu_73/mul_16s_10s_26_1_1_U22/tmp_product_i_1__2/O
                         net (fo=120, routed)         0.942     1.038    call_ret1_dense_latency_ap_fixed_16_6_5_3_0_ap_fixed_16_6_5_3_0_config2_s_fu_73/mul_16s_7s_23_1_1_U28/tmp_product/A[15]
    DSP48E2_X9Y76        DSP_A_B_DATA (Prop_DSP_A_B_DATA_DSP48E2_A[15]_A2_DATA[15])
                                                      0.192     1.230 r  call_ret1_dense_latency_ap_fixed_16_6_5_3_0_ap_fixed_16_6_5_3_0_config2_s_fu_73/mul_16s_7s_23_1_1_U28/tmp_product/DSP_A_B_DATA_INST/A2_DATA[15]
                         net (fo=1, routed)           0.000     1.230    call_ret1_dense_latency_ap_fixed_16_6_5_3_0_ap_fixed_16_6_5_3_0_config2_s_fu_73/mul_16s_7s_23_1_1_U28/tmp_product/DSP_A_B_DATA.A2_DATA<15>
    DSP48E2_X9Y76        DSP_PREADD_DATA (Prop_DSP_PREADD_DATA_DSP48E2_A2_DATA[15]_A2A1[15])
                                                      0.076     1.306 r  call_ret1_dense_latency_ap_fixed_16_6_5_3_0_ap_fixed_16_6_5_3_0_config2_s_fu_73/mul_16s_7s_23_1_1_U28/tmp_product/DSP_PREADD_DATA_INST/A2A1[15]
                         net (fo=1, routed)           0.000     1.306    call_ret1_dense_latency_ap_fixed_16_6_5_3_0_ap_fixed_16_6_5_3_0_config2_s_fu_73/mul_16s_7s_23_1_1_U28/tmp_product/DSP_PREADD_DATA.A2A1<15>
    DSP48E2_X9Y76        DSP_MULTIPLIER (Prop_DSP_MULTIPLIER_DSP48E2_A2A1[15]_V[15])
                                                      0.507     1.813 f  call_ret1_dense_latency_ap_fixed_16_6_5_3_0_ap_fixed_16_6_5_3_0_config2_s_fu_73/mul_16s_7s_23_1_1_U28/tmp_product/DSP_MULTIPLIER_INST/V[15]
                         net (fo=1, routed)           0.000     1.813    call_ret1_dense_latency_ap_fixed_16_6_5_3_0_ap_fixed_16_6_5_3_0_config2_s_fu_73/mul_16s_7s_23_1_1_U28/tmp_product/DSP_MULTIPLIER.V<15>
    DSP48E2_X9Y76        DSP_M_DATA (Prop_DSP_M_DATA_DSP48E2_V[15]_V_DATA[15])
                                                      0.046     1.859 r  call_ret1_dense_latency_ap_fixed_16_6_5_3_0_ap_fixed_16_6_5_3_0_config2_s_fu_73/mul_16s_7s_23_1_1_U28/tmp_product/DSP_M_DATA_INST/V_DATA[15]
                         net (fo=1, routed)           0.000     1.859    call_ret1_dense_latency_ap_fixed_16_6_5_3_0_ap_fixed_16_6_5_3_0_config2_s_fu_73/mul_16s_7s_23_1_1_U28/tmp_product/DSP_M_DATA.V_DATA<15>
    DSP48E2_X9Y76        DSP_ALU (Prop_DSP_ALU_DSP48E2_V_DATA[15]_ALU_OUT[15])
                                                      0.571     2.430 f  call_ret1_dense_latency_ap_fixed_16_6_5_3_0_ap_fixed_16_6_5_3_0_config2_s_fu_73/mul_16s_7s_23_1_1_U28/tmp_product/DSP_ALU_INST/ALU_OUT[15]
                         net (fo=1, routed)           0.000     2.430    call_ret1_dense_latency_ap_fixed_16_6_5_3_0_ap_fixed_16_6_5_3_0_config2_s_fu_73/mul_16s_7s_23_1_1_U28/tmp_product/DSP_ALU.ALU_OUT<15>
    DSP48E2_X9Y76        DSP_OUTPUT (Prop_DSP_OUTPUT_DSP48E2_ALU_OUT[15]_P[15])
                                                      0.109     2.539 r  call_ret1_dense_latency_ap_fixed_16_6_5_3_0_ap_fixed_16_6_5_3_0_config2_s_fu_73/mul_16s_7s_23_1_1_U28/tmp_product/DSP_OUTPUT_INST/P[15]
                         net (fo=3, routed)           0.345     2.884    call_ret1_dense_latency_ap_fixed_16_6_5_3_0_ap_fixed_16_6_5_3_0_config2_s_fu_73/mul_16s_7s_23_1_1_U28/sext_ln73_26_fu_4445_p1[5]
    SLICE_X78Y190        LUT6 (Prop_H6LUT_SLICEM_I4_O)
                                                      0.125     3.009 r  call_ret1_dense_latency_ap_fixed_16_6_5_3_0_ap_fixed_16_6_5_3_0_config2_s_fu_73/mul_16s_7s_23_1_1_U28/layer2_out_4_reg_329[15]_i_28/O
                         net (fo=7, routed)           0.178     3.187    call_ret1_dense_latency_ap_fixed_16_6_5_3_0_ap_fixed_16_6_5_3_0_config2_s_fu_73/mul_16s_7s_23_1_1_U28/tmp_product_3
    SLICE_X78Y192        LUT6 (Prop_F6LUT_SLICEM_I2_O)
                                                      0.148     3.335 r  call_ret1_dense_latency_ap_fixed_16_6_5_3_0_ap_fixed_16_6_5_3_0_config2_s_fu_73/mul_16s_7s_23_1_1_U28/layer2_out_4_reg_329[15]_i_35/O
                         net (fo=4, routed)           0.144     3.479    call_ret1_dense_latency_ap_fixed_16_6_5_3_0_ap_fixed_16_6_5_3_0_config2_s_fu_73/mul_16s_7s_23_1_1_U28/tmp_product_1
    SLICE_X77Y193        LUT2 (Prop_F6LUT_SLICEL_I0_O)
                                                      0.089     3.568 r  call_ret1_dense_latency_ap_fixed_16_6_5_3_0_ap_fixed_16_6_5_3_0_config2_s_fu_73/mul_16s_7s_23_1_1_U28/layer2_out_4_reg_329[15]_i_18/O
                         net (fo=2, routed)           0.062     3.630    call_ret1_dense_latency_ap_fixed_16_6_5_3_0_ap_fixed_16_6_5_3_0_config2_s_fu_73/mul_16s_10ns_26_1_1_U17/sext_ln58_6_fu_4585_p1[8]
    SLICE_X77Y193        LUT5 (Prop_B5LUT_SLICEL_I3_O)
                                                      0.165     3.795 r  call_ret1_dense_latency_ap_fixed_16_6_5_3_0_ap_fixed_16_6_5_3_0_config2_s_fu_73/mul_16s_10ns_26_1_1_U17/layer2_out_4_reg_329[15]_i_3/O
                         net (fo=2, routed)           0.168     3.963    call_ret1_dense_latency_ap_fixed_16_6_5_3_0_ap_fixed_16_6_5_3_0_config2_s_fu_73/mul_16s_10ns_26_1_1_U17_n_23
    SLICE_X77Y192        LUT5 (Prop_F6LUT_SLICEL_I0_O)
                                                      0.123     4.086 r  call_ret1_dense_latency_ap_fixed_16_6_5_3_0_ap_fixed_16_6_5_3_0_config2_s_fu_73/layer2_out_4_reg_329[15]_i_11/O
                         net (fo=1, routed)           0.011     4.097    call_ret1_dense_latency_ap_fixed_16_6_5_3_0_ap_fixed_16_6_5_3_0_config2_s_fu_73/layer2_out_4_reg_329[15]_i_11_n_0
    SLICE_X77Y192        CARRY8 (Prop_CARRY8_SLICEL_S[5]_O[6])
                                                      0.127     4.224 r  call_ret1_dense_latency_ap_fixed_16_6_5_3_0_ap_fixed_16_6_5_3_0_config2_s_fu_73/layer2_out_4_reg_329_reg[15]_i_1/O[6]
                         net (fo=1, routed)           0.026     4.250    call_ret1_dense_latency_ap_fixed_16_6_5_3_0_ap_fixed_16_6_5_3_0_config2_s_fu_73_ap_return_4[14]
    SLICE_X77Y192        FDRE                                         r  layer2_out_4_reg_329_reg[14]/D
  -------------------------------------------------------------------    -------------------

                         (clock ap_clk rise edge)     0.000     0.000 r  
                                                      0.000     0.000 r  ap_clk (IN)
                         net (fo=398, unset)          0.020     0.020    ap_clk
    SLICE_X77Y192        FDRE                                         r  layer2_out_4_reg_329_reg[14]/C

Slack:                    inf
  Source:                 features[45]
                            (input port)
  Destination:            layer2_out_6_reg_339_reg[15]/D
                            (rising edge-triggered cell FDRE clocked by ap_clk  {rise@0.000ns fall@5.000ns period=10.000ns})
  Path Group:             (none)
  Path Type:              Setup (Max at Slow Process Corner)
  Data Path Delay:        4.224ns  (logic 2.279ns (53.950%)  route 1.945ns (46.050%))
  Logic Levels:           13  (CARRY8=2 DSP_A_B_DATA=1 DSP_ALU=1 DSP_M_DATA=1 DSP_MULTIPLIER=1 DSP_OUTPUT=1 DSP_PREADD_DATA=1 LUT3=3 LUT5=1 LUT6=1)
  Clock Path Skew:        0.020ns (DCD - SCD + CPR)
    Destination Clock Delay (DCD):    0.020ns
    Source Clock Delay      (SCD):    0.000ns
    Clock Pessimism Removal (CPR):    0.000ns
  Clock Uncertainty:      0.025ns  ((TSJ^2 + TIJ^2)^1/2 + DJ) / 2 + PE
    Total System Jitter     (TSJ):    0.050ns
    Total Input Jitter      (TIJ):    0.000ns
    Discrete Jitter          (DJ):    0.000ns
    Phase Error              (PE):    0.000ns

    Location             Delay type                Incr(ns)  Path(ns)    Netlist Resource(s)
  -------------------------------------------------------------------    -------------------
                                                      0.000     0.000 f  features[45] (IN)
                         net (fo=8, unset)            0.000     0.000    call_ret1_dense_latency_ap_fixed_16_6_5_3_0_ap_fixed_16_6_5_3_0_config2_s_fu_73/mul_16s_10s_26_1_1_U21/features[13]
    SLICE_X73Y183        LUT3 (Prop_D5LUT_SLICEM_I0_O)
                                                      0.158     0.158 f  call_ret1_dense_latency_ap_fixed_16_6_5_3_0_ap_fixed_16_6_5_3_0_config2_s_fu_73/mul_16s_10s_26_1_1_U21/tmp_product_i_3__1/O
                         net (fo=10, routed)          1.129     1.287    call_ret1_dense_latency_ap_fixed_16_6_5_3_0_ap_fixed_16_6_5_3_0_config2_s_fu_73/mul_16s_10ns_26_1_1_U13/tmp_product/A[13]
    DSP48E2_X9Y74        DSP_A_B_DATA (Prop_DSP_A_B_DATA_DSP48E2_A[13]_A2_DATA[13])
                                                      0.192     1.479 r  call_ret1_dense_latency_ap_fixed_16_6_5_3_0_ap_fixed_16_6_5_3_0_config2_s_fu_73/mul_16s_10ns_26_1_1_U13/tmp_product/DSP_A_B_DATA_INST/A2_DATA[13]
                         net (fo=1, routed)           0.000     1.479    call_ret1_dense_latency_ap_fixed_16_6_5_3_0_ap_fixed_16_6_5_3_0_config2_s_fu_73/mul_16s_10ns_26_1_1_U13/tmp_product/DSP_A_B_DATA.A2_DATA<13>
    DSP48E2_X9Y74        DSP_PREADD_DATA (Prop_DSP_PREADD_DATA_DSP48E2_A2_DATA[13]_A2A1[13])
                                                      0.076     1.555 r  call_ret1_dense_latency_ap_fixed_16_6_5_3_0_ap_fixed_16_6_5_3_0_config2_s_fu_73/mul_16s_10ns_26_1_1_U13/tmp_product/DSP_PREADD_DATA_INST/A2A1[13]
                         net (fo=1, routed)           0.000     1.555    call_ret1_dense_latency_ap_fixed_16_6_5_3_0_ap_fixed_16_6_5_3_0_config2_s_fu_73/mul_16s_10ns_26_1_1_U13/tmp_product/DSP_PREADD_DATA.A2A1<13>
    DSP48E2_X9Y74        DSP_MULTIPLIER (Prop_DSP_MULTIPLIER_DSP48E2_A2A1[13]_U[15])
                                                      0.505     2.060 f  call_ret1_dense_latency_ap_fixed_16_6_5_3_0_ap_fixed_16_6_5_3_0_config2_s_fu_73/mul_16s_10ns_26_1_1_U13/tmp_product/DSP_MULTIPLIER_INST/U[15]
                         net (fo=1, routed)           0.000     2.060    call_ret1_dense_latency_ap_fixed_16_6_5_3_0_ap_fixed_16_6_5_3_0_config2_s_fu_73/mul_16s_10ns_26_1_1_U13/tmp_product/DSP_MULTIPLIER.U<15>
    DSP48E2_X9Y74        DSP_M_DATA (Prop_DSP_M_DATA_DSP48E2_U[15]_U_DATA[15])
                                                      0.047     2.107 r  call_ret1_dense_latency_ap_fixed_16_6_5_3_0_ap_fixed_16_6_5_3_0_config2_s_fu_73/mul_16s_10ns_26_1_1_U13/tmp_product/DSP_M_DATA_INST/U_DATA[15]
                         net (fo=1, routed)           0.000     2.107    call_ret1_dense_latency_ap_fixed_16_6_5_3_0_ap_fixed_16_6_5_3_0_config2_s_fu_73/mul_16s_10ns_26_1_1_U13/tmp_product/DSP_M_DATA.U_DATA<15>
    DSP48E2_X9Y74        DSP_ALU (Prop_DSP_ALU_DSP48E2_U_DATA[15]_ALU_OUT[15])
                                                      0.585     2.692 f  call_ret1_dense_latency_ap_fixed_16_6_5_3_0_ap_fixed_16_6_5_3_0_config2_s_fu_73/mul_16s_10ns_26_1_1_U13/tmp_product/DSP_ALU_INST/ALU_OUT[15]
                         net (fo=1, routed)           0.000     2.692    call_ret1_dense_latency_ap_fixed_16_6_5_3_0_ap_fixed_16_6_5_3_0_config2_s_fu_73/mul_16s_10ns_26_1_1_U13/tmp_product/DSP_ALU.ALU_OUT<15>
    DSP48E2_X9Y74        DSP_OUTPUT (Prop_DSP_OUTPUT_DSP48E2_ALU_OUT[15]_P[15])
                                                      0.109     2.801 r  call_ret1_dense_latency_ap_fixed_16_6_5_3_0_ap_fixed_16_6_5_3_0_config2_s_fu_73/mul_16s_10ns_26_1_1_U13/tmp_product/DSP_OUTPUT_INST/P[15]
                         net (fo=4, routed)           0.273     3.074    call_ret1_dense_latency_ap_fixed_16_6_5_3_0_ap_fixed_16_6_5_3_0_config2_s_fu_73/mul_16s_10s_26_1_1_U11/layer2_out_6_reg_339_reg[15][4]
    SLICE_X77Y186        LUT3 (Prop_A6LUT_SLICEL_I2_O)
                                                      0.124     3.198 r  call_ret1_dense_latency_ap_fixed_16_6_5_3_0_ap_fixed_16_6_5_3_0_config2_s_fu_73/mul_16s_10s_26_1_1_U11/layer2_out_6_reg_339[7]_i_21/O
                         net (fo=3, routed)           0.163     3.361    call_ret1_dense_latency_ap_fixed_16_6_5_3_0_ap_fixed_16_6_5_3_0_config2_s_fu_73/mul_16s_10s_26_1_1_U11/tmp_product_4
    SLICE_X77Y186        LUT5 (Prop_D5LUT_SLICEL_I4_O)
                                                      0.066     3.427 r  call_ret1_dense_latency_ap_fixed_16_6_5_3_0_ap_fixed_16_6_5_3_0_config2_s_fu_73/mul_16s_10s_26_1_1_U11/layer2_out_6_reg_339[7]_i_19/O
                         net (fo=2, routed)           0.180     3.606    call_ret1_dense_latency_ap_fixed_16_6_5_3_0_ap_fixed_16_6_5_3_0_config2_s_fu_73/mul_16s_10s_26_1_1_U11/tmp_product_7
    SLICE_X77Y186        LUT6 (Prop_C6LUT_SLICEL_I5_O)
                                                      0.096     3.702 r  call_ret1_dense_latency_ap_fixed_16_6_5_3_0_ap_fixed_16_6_5_3_0_config2_s_fu_73/mul_16s_10s_26_1_1_U11/layer2_out_6_reg_339[7]_i_2/O
                         net (fo=2, routed)           0.139     3.841    call_ret1_dense_latency_ap_fixed_16_6_5_3_0_ap_fixed_16_6_5_3_0_config2_s_fu_73/mul_16s_10s_26_1_1_U11_n_12
    SLICE_X77Y187        LUT3 (Prop_H6LUT_SLICEL_I0_O)
                                                      0.090     3.931 r  call_ret1_dense_latency_ap_fixed_16_6_5_3_0_ap_fixed_16_6_5_3_0_config2_s_fu_73/layer2_out_6_reg_339[7]_i_10/O
                         net (fo=1, routed)           0.010     3.941    call_ret1_dense_latency_ap_fixed_16_6_5_3_0_ap_fixed_16_6_5_3_0_config2_s_fu_73/layer2_out_6_reg_339[7]_i_10_n_0
    SLICE_X77Y187        CARRY8 (Prop_CARRY8_SLICEL_S[7]_CO[7])
                                                      0.115     4.056 r  call_ret1_dense_latency_ap_fixed_16_6_5_3_0_ap_fixed_16_6_5_3_0_config2_s_fu_73/layer2_out_6_reg_339_reg[7]_i_1/CO[7]
                         net (fo=1, routed)           0.026     4.082    call_ret1_dense_latency_ap_fixed_16_6_5_3_0_ap_fixed_16_6_5_3_0_config2_s_fu_73/layer2_out_6_reg_339_reg[7]_i_1_n_0
    SLICE_X77Y188        CARRY8 (Prop_CARRY8_SLICEL_CI_O[7])
                                                      0.116     4.198 r  call_ret1_dense_latency_ap_fixed_16_6_5_3_0_ap_fixed_16_6_5_3_0_config2_s_fu_73/layer2_out_6_reg_339_reg[15]_i_1/O[7]
                         net (fo=1, routed)           0.026     4.224    call_ret1_dense_latency_ap_fixed_16_6_5_3_0_ap_fixed_16_6_5_3_0_config2_s_fu_73_ap_return_6[15]
    SLICE_X77Y188        FDRE                                         r  layer2_out_6_reg_339_reg[15]/D
  -------------------------------------------------------------------    -------------------

                         (clock ap_clk rise edge)     0.000     0.000 r  
                                                      0.000     0.000 r  ap_clk (IN)
                         net (fo=398, unset)          0.020     0.020    ap_clk
    SLICE_X77Y188        FDRE                                         r  layer2_out_6_reg_339_reg[15]/C

Slack:                    inf
  Source:                 features[45]
                            (input port)
  Destination:            layer2_out_6_reg_339_reg[13]/D
                            (rising edge-triggered cell FDRE clocked by ap_clk  {rise@0.000ns fall@5.000ns period=10.000ns})
  Path Group:             (none)
  Path Type:              Setup (Max at Slow Process Corner)
  Data Path Delay:        4.223ns  (logic 2.279ns (53.963%)  route 1.944ns (46.037%))
  Logic Levels:           13  (CARRY8=2 DSP_A_B_DATA=1 DSP_ALU=1 DSP_M_DATA=1 DSP_MULTIPLIER=1 DSP_OUTPUT=1 DSP_PREADD_DATA=1 LUT3=3 LUT5=1 LUT6=1)
  Clock Path Skew:        0.020ns (DCD - SCD + CPR)
    Destination Clock Delay (DCD):    0.020ns
    Source Clock Delay      (SCD):    0.000ns
    Clock Pessimism Removal (CPR):    0.000ns
  Clock Uncertainty:      0.025ns  ((TSJ^2 + TIJ^2)^1/2 + DJ) / 2 + PE
    Total System Jitter     (TSJ):    0.050ns
    Total Input Jitter      (TIJ):    0.000ns
    Discrete Jitter          (DJ):    0.000ns
    Phase Error              (PE):    0.000ns

    Location             Delay type                Incr(ns)  Path(ns)    Netlist Resource(s)
  -------------------------------------------------------------------    -------------------
                                                      0.000     0.000 f  features[45] (IN)
                         net (fo=8, unset)            0.000     0.000    call_ret1_dense_latency_ap_fixed_16_6_5_3_0_ap_fixed_16_6_5_3_0_config2_s_fu_73/mul_16s_10s_26_1_1_U21/features[13]
    SLICE_X73Y183        LUT3 (Prop_D5LUT_SLICEM_I0_O)
                                                      0.158     0.158 f  call_ret1_dense_latency_ap_fixed_16_6_5_3_0_ap_fixed_16_6_5_3_0_config2_s_fu_73/mul_16s_10s_26_1_1_U21/tmp_product_i_3__1/O
                         net (fo=10, routed)          1.129     1.287    call_ret1_dense_latency_ap_fixed_16_6_5_3_0_ap_fixed_16_6_5_3_0_config2_s_fu_73/mul_16s_10ns_26_1_1_U13/tmp_product/A[13]
    DSP48E2_X9Y74        DSP_A_B_DATA (Prop_DSP_A_B_DATA_DSP48E2_A[13]_A2_DATA[13])
                                                      0.192     1.479 r  call_ret1_dense_latency_ap_fixed_16_6_5_3_0_ap_fixed_16_6_5_3_0_config2_s_fu_73/mul_16s_10ns_26_1_1_U13/tmp_product/DSP_A_B_DATA_INST/A2_DATA[13]
                         net (fo=1, routed)           0.000     1.479    call_ret1_dense_latency_ap_fixed_16_6_5_3_0_ap_fixed_16_6_5_3_0_config2_s_fu_73/mul_16s_10ns_26_1_1_U13/tmp_product/DSP_A_B_DATA.A2_DATA<13>
    DSP48E2_X9Y74        DSP_PREADD_DATA (Prop_DSP_PREADD_DATA_DSP48E2_A2_DATA[13]_A2A1[13])
                                                      0.076     1.555 r  call_ret1_dense_latency_ap_fixed_16_6_5_3_0_ap_fixed_16_6_5_3_0_config2_s_fu_73/mul_16s_10ns_26_1_1_U13/tmp_product/DSP_PREADD_DATA_INST/A2A1[13]
                         net (fo=1, routed)           0.000     1.555    call_ret1_dense_latency_ap_fixed_16_6_5_3_0_ap_fixed_16_6_5_3_0_config2_s_fu_73/mul_16s_10ns_26_1_1_U13/tmp_product/DSP_PREADD_DATA.A2A1<13>
    DSP48E2_X9Y74        DSP_MULTIPLIER (Prop_DSP_MULTIPLIER_DSP48E2_A2A1[13]_U[15])
                                                      0.505     2.060 f  call_ret1_dense_latency_ap_fixed_16_6_5_3_0_ap_fixed_16_6_5_3_0_config2_s_fu_73/mul_16s_10ns_26_1_1_U13/tmp_product/DSP_MULTIPLIER_INST/U[15]
                         net (fo=1, routed)           0.000     2.060    call_ret1_dense_latency_ap_fixed_16_6_5_3_0_ap_fixed_16_6_5_3_0_config2_s_fu_73/mul_16s_10ns_26_1_1_U13/tmp_product/DSP_MULTIPLIER.U<15>
    DSP48E2_X9Y74        DSP_M_DATA (Prop_DSP_M_DATA_DSP48E2_U[15]_U_DATA[15])
                                                      0.047     2.107 r  call_ret1_dense_latency_ap_fixed_16_6_5_3_0_ap_fixed_16_6_5_3_0_config2_s_fu_73/mul_16s_10ns_26_1_1_U13/tmp_product/DSP_M_DATA_INST/U_DATA[15]
                         net (fo=1, routed)           0.000     2.107    call_ret1_dense_latency_ap_fixed_16_6_5_3_0_ap_fixed_16_6_5_3_0_config2_s_fu_73/mul_16s_10ns_26_1_1_U13/tmp_product/DSP_M_DATA.U_DATA<15>
    DSP48E2_X9Y74        DSP_ALU (Prop_DSP_ALU_DSP48E2_U_DATA[15]_ALU_OUT[15])
                                                      0.585     2.692 f  call_ret1_dense_latency_ap_fixed_16_6_5_3_0_ap_fixed_16_6_5_3_0_config2_s_fu_73/mul_16s_10ns_26_1_1_U13/tmp_product/DSP_ALU_INST/ALU_OUT[15]
                         net (fo=1, routed)           0.000     2.692    call_ret1_dense_latency_ap_fixed_16_6_5_3_0_ap_fixed_16_6_5_3_0_config2_s_fu_73/mul_16s_10ns_26_1_1_U13/tmp_product/DSP_ALU.ALU_OUT<15>
    DSP48E2_X9Y74        DSP_OUTPUT (Prop_DSP_OUTPUT_DSP48E2_ALU_OUT[15]_P[15])
                                                      0.109     2.801 r  call_ret1_dense_latency_ap_fixed_16_6_5_3_0_ap_fixed_16_6_5_3_0_config2_s_fu_73/mul_16s_10ns_26_1_1_U13/tmp_product/DSP_OUTPUT_INST/P[15]
                         net (fo=4, routed)           0.273     3.074    call_ret1_dense_latency_ap_fixed_16_6_5_3_0_ap_fixed_16_6_5_3_0_config2_s_fu_73/mul_16s_10s_26_1_1_U11/layer2_out_6_reg_339_reg[15][4]
    SLICE_X77Y186        LUT3 (Prop_A6LUT_SLICEL_I2_O)
                                                      0.124     3.198 r  call_ret1_dense_latency_ap_fixed_16_6_5_3_0_ap_fixed_16_6_5_3_0_config2_s_fu_73/mul_16s_10s_26_1_1_U11/layer2_out_6_reg_339[7]_i_21/O
                         net (fo=3, routed)           0.163     3.361    call_ret1_dense_latency_ap_fixed_16_6_5_3_0_ap_fixed_16_6_5_3_0_config2_s_fu_73/mul_16s_10s_26_1_1_U11/tmp_product_4
    SLICE_X77Y186        LUT5 (Prop_D5LUT_SLICEL_I4_O)
                                                      0.066     3.427 r  call_ret1_dense_latency_ap_fixed_16_6_5_3_0_ap_fixed_16_6_5_3_0_config2_s_fu_73/mul_16s_10s_26_1_1_U11/layer2_out_6_reg_339[7]_i_19/O
                         net (fo=2, routed)           0.180     3.606    call_ret1_dense_latency_ap_fixed_16_6_5_3_0_ap_fixed_16_6_5_3_0_config2_s_fu_73/mul_16s_10s_26_1_1_U11/tmp_product_7
    SLICE_X77Y186        LUT6 (Prop_C6LUT_SLICEL_I5_O)
                                                      0.096     3.702 r  call_ret1_dense_latency_ap_fixed_16_6_5_3_0_ap_fixed_16_6_5_3_0_config2_s_fu_73/mul_16s_10s_26_1_1_U11/layer2_out_6_reg_339[7]_i_2/O
                         net (fo=2, routed)           0.139     3.841    call_ret1_dense_latency_ap_fixed_16_6_5_3_0_ap_fixed_16_6_5_3_0_config2_s_fu_73/mul_16s_10s_26_1_1_U11_n_12
    SLICE_X77Y187        LUT3 (Prop_H6LUT_SLICEL_I0_O)
                                                      0.090     3.931 r  call_ret1_dense_latency_ap_fixed_16_6_5_3_0_ap_fixed_16_6_5_3_0_config2_s_fu_73/layer2_out_6_reg_339[7]_i_10/O
                         net (fo=1, routed)           0.010     3.941    call_ret1_dense_latency_ap_fixed_16_6_5_3_0_ap_fixed_16_6_5_3_0_config2_s_fu_73/layer2_out_6_reg_339[7]_i_10_n_0
    SLICE_X77Y187        CARRY8 (Prop_CARRY8_SLICEL_S[7]_CO[7])
                                                      0.115     4.056 r  call_ret1_dense_latency_ap_fixed_16_6_5_3_0_ap_fixed_16_6_5_3_0_config2_s_fu_73/layer2_out_6_reg_339_reg[7]_i_1/CO[7]
                         net (fo=1, routed)           0.026     4.082    call_ret1_dense_latency_ap_fixed_16_6_5_3_0_ap_fixed_16_6_5_3_0_config2_s_fu_73/layer2_out_6_reg_339_reg[7]_i_1_n_0
    SLICE_X77Y188        CARRY8 (Prop_CARRY8_SLICEL_CI_O[5])
                                                      0.116     4.198 r  call_ret1_dense_latency_ap_fixed_16_6_5_3_0_ap_fixed_16_6_5_3_0_config2_s_fu_73/layer2_out_6_reg_339_reg[15]_i_1/O[5]
                         net (fo=1, routed)           0.025     4.223    call_ret1_dense_latency_ap_fixed_16_6_5_3_0_ap_fixed_16_6_5_3_0_config2_s_fu_73_ap_return_6[13]
    SLICE_X77Y188        FDRE                                         r  layer2_out_6_reg_339_reg[13]/D
  -------------------------------------------------------------------    -------------------

                         (clock ap_clk rise edge)     0.000     0.000 r  
                                                      0.000     0.000 r  ap_clk (IN)
                         net (fo=398, unset)          0.020     0.020    ap_clk
    SLICE_X77Y188        FDRE                                         r  layer2_out_6_reg_339_reg[13]/C





Min Delay Paths
--------------------------------------------------------------------------------------
Slack:                    inf
  Source:                 features[31]
                            (input port)
  Destination:            features_preg_reg[31]/D
                            (rising edge-triggered cell FDRE clocked by ap_clk  {rise@0.000ns fall@5.000ns period=10.000ns})
  Path Group:             (none)
  Path Type:              Hold (Min at Fast Process Corner)
  Data Path Delay:        0.007ns  (logic 0.000ns (0.000%)  route 0.007ns (100.000%))
  Logic Levels:           0  
  Clock Path Skew:        0.019ns (DCD - SCD - CPR)
    Destination Clock Delay (DCD):    0.019ns
    Source Clock Delay      (SCD):    0.000ns
    Clock Pessimism Removal (CPR):    -0.000ns

    Location             Delay type                Incr(ns)  Path(ns)    Netlist Resource(s)
  -------------------------------------------------------------------    -------------------
                                                      0.000     0.000 r  features[31] (IN)
                         net (fo=1, unset)            0.007     0.007    features[31]
    SLICE_X76Y196        FDRE                                         r  features_preg_reg[31]/D
  -------------------------------------------------------------------    -------------------

                         (clock ap_clk rise edge)     0.000     0.000 r  
                                                      0.000     0.000 r  ap_clk (IN)
                         net (fo=398, unset)          0.019     0.019    ap_clk
    SLICE_X76Y196        FDRE                                         r  features_preg_reg[31]/C

Slack:                    inf
  Source:                 features[49]
                            (input port)
  Destination:            features_preg_reg[49]/D
                            (rising edge-triggered cell FDRE clocked by ap_clk  {rise@0.000ns fall@5.000ns period=10.000ns})
  Path Group:             (none)
  Path Type:              Hold (Min at Fast Process Corner)
  Data Path Delay:        0.007ns  (logic 0.000ns (0.000%)  route 0.007ns (100.000%))
  Logic Levels:           0  
  Clock Path Skew:        0.019ns (DCD - SCD - CPR)
    Destination Clock Delay (DCD):    0.019ns
    Source Clock Delay      (SCD):    0.000ns
    Clock Pessimism Removal (CPR):    -0.000ns

    Location             Delay type                Incr(ns)  Path(ns)    Netlist Resource(s)
  -------------------------------------------------------------------    -------------------
                                                      0.000     0.000 r  features[49] (IN)
                         net (fo=1, unset)            0.007     0.007    features[49]
    SLICE_X76Y194        FDRE                                         r  features_preg_reg[49]/D
  -------------------------------------------------------------------    -------------------

                         (clock ap_clk rise edge)     0.000     0.000 r  
                                                      0.000     0.000 r  ap_clk (IN)
                         net (fo=398, unset)          0.019     0.019    ap_clk
    SLICE_X76Y194        FDRE                                         r  features_preg_reg[49]/C

Slack:                    inf
  Source:                 features[51]
                            (input port)
  Destination:            features_preg_reg[51]/D
                            (rising edge-triggered cell FDRE clocked by ap_clk  {rise@0.000ns fall@5.000ns period=10.000ns})
  Path Group:             (none)
  Path Type:              Hold (Min at Fast Process Corner)
  Data Path Delay:        0.007ns  (logic 0.000ns (0.000%)  route 0.007ns (100.000%))
  Logic Levels:           0  
  Clock Path Skew:        0.019ns (DCD - SCD - CPR)
    Destination Clock Delay (DCD):    0.019ns
    Source Clock Delay      (SCD):    0.000ns
    Clock Pessimism Removal (CPR):    -0.000ns

    Location             Delay type                Incr(ns)  Path(ns)    Netlist Resource(s)
  -------------------------------------------------------------------    -------------------
                                                      0.000     0.000 r  features[51] (IN)
                         net (fo=1, unset)            0.007     0.007    features[51]
    SLICE_X76Y194        FDRE                                         r  features_preg_reg[51]/D
  -------------------------------------------------------------------    -------------------

                         (clock ap_clk rise edge)     0.000     0.000 r  
                                                      0.000     0.000 r  ap_clk (IN)
                         net (fo=398, unset)          0.019     0.019    ap_clk
    SLICE_X76Y194        FDRE                                         r  features_preg_reg[51]/C

Slack:                    inf
  Source:                 features[53]
                            (input port)
  Destination:            features_preg_reg[53]/D
                            (rising edge-triggered cell FDRE clocked by ap_clk  {rise@0.000ns fall@5.000ns period=10.000ns})
  Path Group:             (none)
  Path Type:              Hold (Min at Fast Process Corner)
  Data Path Delay:        0.007ns  (logic 0.000ns (0.000%)  route 0.007ns (100.000%))
  Logic Levels:           0  
  Clock Path Skew:        0.019ns (DCD - SCD - CPR)
    Destination Clock Delay (DCD):    0.019ns
    Source Clock Delay      (SCD):    0.000ns
    Clock Pessimism Removal (CPR):    -0.000ns

    Location             Delay type                Incr(ns)  Path(ns)    Netlist Resource(s)
  -------------------------------------------------------------------    -------------------
                                                      0.000     0.000 r  features[53] (IN)
                         net (fo=1, unset)            0.007     0.007    features[53]
    SLICE_X75Y195        FDRE                                         r  features_preg_reg[53]/D
  -------------------------------------------------------------------    -------------------

                         (clock ap_clk rise edge)     0.000     0.000 r  
                                                      0.000     0.000 r  ap_clk (IN)
                         net (fo=398, unset)          0.019     0.019    ap_clk
    SLICE_X75Y195        FDRE                                         r  features_preg_reg[53]/C

Slack:                    inf
  Source:                 features[5]
                            (input port)
  Destination:            features_preg_reg[5]/D
                            (rising edge-triggered cell FDRE clocked by ap_clk  {rise@0.000ns fall@5.000ns period=10.000ns})
  Path Group:             (none)
  Path Type:              Hold (Min at Fast Process Corner)
  Data Path Delay:        0.007ns  (logic 0.000ns (0.000%)  route 0.007ns (100.000%))
  Logic Levels:           0  
  Clock Path Skew:        0.019ns (DCD - SCD - CPR)
    Destination Clock Delay (DCD):    0.019ns
    Source Clock Delay      (SCD):    0.000ns
    Clock Pessimism Removal (CPR):    -0.000ns

    Location             Delay type                Incr(ns)  Path(ns)    Netlist Resource(s)
  -------------------------------------------------------------------    -------------------
                                                      0.000     0.000 r  features[5] (IN)
                         net (fo=4, unset)            0.007     0.007    features[5]
    SLICE_X71Y193        FDRE                                         r  features_preg_reg[5]/D
  -------------------------------------------------------------------    -------------------

                         (clock ap_clk rise edge)     0.000     0.000 r  
                                                      0.000     0.000 r  ap_clk (IN)
                         net (fo=398, unset)          0.019     0.019    ap_clk
    SLICE_X71Y193        FDRE                                         r  features_preg_reg[5]/C

Slack:                    inf
  Source:                 features[63]
                            (input port)
  Destination:            features_preg_reg[63]/D
                            (rising edge-triggered cell FDRE clocked by ap_clk  {rise@0.000ns fall@5.000ns period=10.000ns})
  Path Group:             (none)
  Path Type:              Hold (Min at Fast Process Corner)
  Data Path Delay:        0.007ns  (logic 0.000ns (0.000%)  route 0.007ns (100.000%))
  Logic Levels:           0  
  Clock Path Skew:        0.019ns (DCD - SCD - CPR)
    Destination Clock Delay (DCD):    0.019ns
    Source Clock Delay      (SCD):    0.000ns
    Clock Pessimism Removal (CPR):    -0.000ns

    Location             Delay type                Incr(ns)  Path(ns)    Netlist Resource(s)
  -------------------------------------------------------------------    -------------------
                                                      0.000     0.000 r  features[63] (IN)
                         net (fo=1, unset)            0.007     0.007    features[63]
    SLICE_X75Y195        FDRE                                         r  features_preg_reg[63]/D
  -------------------------------------------------------------------    -------------------

                         (clock ap_clk rise edge)     0.000     0.000 r  
                                                      0.000     0.000 r  ap_clk (IN)
                         net (fo=398, unset)          0.019     0.019    ap_clk
    SLICE_X75Y195        FDRE                                         r  features_preg_reg[63]/C

Slack:                    inf
  Source:                 ap_start
                            (input port)
  Destination:            ap_enable_reg_pp0_iter1_reg/D
                            (rising edge-triggered cell FDRE clocked by ap_clk  {rise@0.000ns fall@5.000ns period=10.000ns})
  Path Group:             (none)
  Path Type:              Hold (Min at Fast Process Corner)
  Data Path Delay:        0.008ns  (logic 0.000ns (0.000%)  route 0.008ns (100.000%))
  Logic Levels:           0  
  Clock Path Skew:        0.018ns (DCD - SCD - CPR)
    Destination Clock Delay (DCD):    0.018ns
    Source Clock Delay      (SCD):    0.000ns
    Clock Pessimism Removal (CPR):    -0.000ns

    Location             Delay type                Incr(ns)  Path(ns)    Netlist Resource(s)
  -------------------------------------------------------------------    -------------------
                                                      0.000     0.000 r  ap_start (IN)
                         net (fo=8, unset)            0.008     0.008    ap_start
    SLICE_X69Y244        FDRE                                         r  ap_enable_reg_pp0_iter1_reg/D
  -------------------------------------------------------------------    -------------------

                         (clock ap_clk rise edge)     0.000     0.000 r  
                                                      0.000     0.000 r  ap_clk (IN)
                         net (fo=398, unset)          0.018     0.018    ap_clk
    SLICE_X69Y244        FDRE                                         r  ap_enable_reg_pp0_iter1_reg/C

Slack:                    inf
  Source:                 features[10]
                            (input port)
  Destination:            features_preg_reg[10]/D
                            (rising edge-triggered cell FDRE clocked by ap_clk  {rise@0.000ns fall@5.000ns period=10.000ns})
  Path Group:             (none)
  Path Type:              Hold (Min at Fast Process Corner)
  Data Path Delay:        0.008ns  (logic 0.000ns (0.000%)  route 0.008ns (100.000%))
  Logic Levels:           0  
  Clock Path Skew:        0.019ns (DCD - SCD - CPR)
    Destination Clock Delay (DCD):    0.019ns
    Source Clock Delay      (SCD):    0.000ns
    Clock Pessimism Removal (CPR):    -0.000ns

    Location             Delay type                Incr(ns)  Path(ns)    Netlist Resource(s)
  -------------------------------------------------------------------    -------------------
                                                      0.000     0.000 r  features[10] (IN)
                         net (fo=4, unset)            0.008     0.008    features[10]
    SLICE_X72Y195        FDRE                                         r  features_preg_reg[10]/D
  -------------------------------------------------------------------    -------------------

                         (clock ap_clk rise edge)     0.000     0.000 r  
                                                      0.000     0.000 r  ap_clk (IN)
                         net (fo=398, unset)          0.019     0.019    ap_clk
    SLICE_X72Y195        FDRE                                         r  features_preg_reg[10]/C

Slack:                    inf
  Source:                 features[11]
                            (input port)
  Destination:            features_preg_reg[11]/D
                            (rising edge-triggered cell FDRE clocked by ap_clk  {rise@0.000ns fall@5.000ns period=10.000ns})
  Path Group:             (none)
  Path Type:              Hold (Min at Fast Process Corner)
  Data Path Delay:        0.008ns  (logic 0.000ns (0.000%)  route 0.008ns (100.000%))
  Logic Levels:           0  
  Clock Path Skew:        0.019ns (DCD - SCD - CPR)
    Destination Clock Delay (DCD):    0.019ns
    Source Clock Delay      (SCD):    0.000ns
    Clock Pessimism Removal (CPR):    -0.000ns

    Location             Delay type                Incr(ns)  Path(ns)    Netlist Resource(s)
  -------------------------------------------------------------------    -------------------
                                                      0.000     0.000 r  features[11] (IN)
                         net (fo=4, unset)            0.008     0.008    features[11]
    SLICE_X72Y195        FDRE                                         r  features_preg_reg[11]/D
  -------------------------------------------------------------------    -------------------

                         (clock ap_clk rise edge)     0.000     0.000 r  
                                                      0.000     0.000 r  ap_clk (IN)
                         net (fo=398, unset)          0.019     0.019    ap_clk
    SLICE_X72Y195        FDRE                                         r  features_preg_reg[11]/C

Slack:                    inf
  Source:                 features[13]
                            (input port)
  Destination:            features_preg_reg[13]/D
                            (rising edge-triggered cell FDRE clocked by ap_clk  {rise@0.000ns fall@5.000ns period=10.000ns})
  Path Group:             (none)
  Path Type:              Hold (Min at Fast Process Corner)
  Data Path Delay:        0.008ns  (logic 0.000ns (0.000%)  route 0.008ns (100.000%))
  Logic Levels:           0  
  Clock Path Skew:        0.019ns (DCD - SCD - CPR)
    Destination Clock Delay (DCD):    0.019ns
    Source Clock Delay      (SCD):    0.000ns
    Clock Pessimism Removal (CPR):    -0.000ns

    Location             Delay type                Incr(ns)  Path(ns)    Netlist Resource(s)
  -------------------------------------------------------------------    -------------------
                                                      0.000     0.000 r  features[13] (IN)
                         net (fo=5, unset)            0.008     0.008    features[13]
    SLICE_X72Y195        FDRE                                         r  features_preg_reg[13]/D
  -------------------------------------------------------------------    -------------------

                         (clock ap_clk rise edge)     0.000     0.000 r  
                                                      0.000     0.000 r  ap_clk (IN)
                         net (fo=398, unset)          0.019     0.019    ap_clk
    SLICE_X72Y195        FDRE                                         r  features_preg_reg[13]/C





