Copyright 1986-2022 Xilinx, Inc. All Rights Reserved. Copyright 2022-2024 Advanced Micro Devices, Inc. All Rights Reserved.
--------------------------------------------------------------------------------------------------------------------------------------------------------------------------------------------------------------
| Tool Version      : Vivado v.2024.2 (lin64) Build 5239630 Fri Nov 08 22:34:34 MST 2024
| Date              : Thu Sep  3 14:54:28 2026
| Host              : ubuntu running 64-bit Ubuntu 24.04.3 LTS
| Command           : report_timing_summary -delay_type max -max_paths 10 -file {/home/miguel/Downloads/Plano testes TCC/MLP/hls4ml/mlp_iris_apfixed16_6_rf1_100mhz/reports/vivado/timing_post_synth_ooc.rpt}
| Design            : mlp_iris
| Device            : xczu7ev-ffvc1156
| Speed File        : -2  PRODUCTION 1.30 05-15-2022
| Design State      : Optimized
| Temperature Grade : E
--------------------------------------------------------------------------------------------------------------------------------------------------------------------------------------------------------------

Timing Summary Report

------------------------------------------------------------------------------------------------
| Timer Settings
| --------------
------------------------------------------------------------------------------------------------

  Enable Multi Corner Analysis               :  Yes
  Enable Pessimism Removal                   :  Yes
  Pessimism Removal Resolution               :  Nearest Common Node
  Enable Input Delay Default Clock           :  No
  Enable Preset / Clear Arcs                 :  No
  Disable Flight Delays                      :  No
  Ignore I/O Paths                           :  No
  Timing Early Launch at Borrowing Latches   :  No
  Borrow Time for Max Delay Exceptions       :  Yes
  Merge Timing Exceptions                    :  Yes
  Inter-SLR Compensation                     :  Conservative

  Corner  Analyze    Analyze    
  Name    Max Paths  Min Paths  
  ------  ---------  ---------  
  Slow    Yes        Yes        
  Fast    Yes        Yes        


------------------------------------------------------------------------------------------------
| Report Methodology
| ------------------
------------------------------------------------------------------------------------------------

No report available as report_methodology has not been run prior. Run report_methodology on the current design for the summary of methodology violations.



check_timing report

Table of Contents
-----------------
1. checking no_clock (0)
2. checking constant_clock (0)
3. checking pulse_width_clock (0)
4. checking unconstrained_internal_endpoints (0)
5. checking no_input_delay (67)
6. checking no_output_delay (54)
7. checking multiple_clock (0)
8. checking generated_clocks (0)
9. checking loops (0)
10. checking partial_input_delay (0)
11. checking partial_output_delay (0)
12. checking latch_loops (0)

1. checking no_clock (0)
------------------------
 There are 0 register/latch pins with no clock.


2. checking constant_clock (0)
------------------------------
 There are 0 register/latch pins with constant_clock.


3. checking pulse_width_clock (0)
---------------------------------
 There are 0 register/latch pins which need pulse_width check


4. checking unconstrained_internal_endpoints (0)
------------------------------------------------
 There are 0 pins that are not constrained for maximum delay.

 There are 0 pins that are not constrained for maximum delay due to constant clock.


5. checking no_input_delay (67)
-------------------------------
 There are 67 input ports with no input delay specified. (HIGH)

 There are 0 input ports with no input delay but user has a false path constraint.


6. checking no_output_delay (54)
--------------------------------
 There are 54 ports with no output delay specified. (HIGH)

 There are 0 ports with no output delay but user has a false path constraint

 There are 0 ports with no output delay but with a timing clock defined on it or propagating through it


7. checking multiple_clock (0)
------------------------------
 There are 0 register/latch pins with multiple clocks.


8. checking generated_clocks (0)
--------------------------------
 There are 0 generated clocks that are not connected to a clock source.


9. checking loops (0)
---------------------
 There are 0 combinational loops in the design.


10. checking partial_input_delay (0)
------------------------------------
 There are 0 input ports with partial input delay specified.


11. checking partial_output_delay (0)
-------------------------------------
 There are 0 ports with partial output delay specified.


12. checking latch_loops (0)
----------------------------
 There are 0 combinational latch loops in the design through latch input



------------------------------------------------------------------------------------------------
| Design Timing Summary
| ---------------------
------------------------------------------------------------------------------------------------

    WNS(ns)      TNS(ns)  TNS Failing Endpoints  TNS Total Endpoints     WPWS(ns)     TPWS(ns)  TPWS Failing Endpoints  TPWS Total Endpoints  
    -------      -------  ---------------------  -------------------     --------     --------  ----------------------  --------------------  
      5.096        0.000                      0                  695        4.458        0.000                       0                   381  


All user specified timing constraints are met.


------------------------------------------------------------------------------------------------
| Clock Summary
| -------------
------------------------------------------------------------------------------------------------

Clock   Waveform(ns)       Period(ns)      Frequency(MHz)
-----   ------------       ----------      --------------
ap_clk  {0.000 5.000}      10.000          100.000         


------------------------------------------------------------------------------------------------
| Intra Clock Table
| -----------------
------------------------------------------------------------------------------------------------

Clock             WNS(ns)      TNS(ns)  TNS Failing Endpoints  TNS Total Endpoints     WPWS(ns)     TPWS(ns)  TPWS Failing Endpoints  TPWS Total Endpoints  
-----             -------      -------  ---------------------  -------------------     --------     --------  ----------------------  --------------------  
ap_clk              5.096        0.000                      0                  695        4.458        0.000                       0                   381  


------------------------------------------------------------------------------------------------
| Inter Clock Table
| -----------------
------------------------------------------------------------------------------------------------

From Clock    To Clock          WNS(ns)      TNS(ns)  TNS Failing Endpoints  TNS Total Endpoints  
----------    --------          -------      -------  ---------------------  -------------------  


------------------------------------------------------------------------------------------------
| Other Path Groups Table
| -----------------------
------------------------------------------------------------------------------------------------

Path Group    From Clock    To Clock          WNS(ns)      TNS(ns)  TNS Failing Endpoints  TNS Total Endpoints  
----------    ----------    --------          -------      -------  ---------------------  -------------------  


------------------------------------------------------------------------------------------------
| Timing Details
| --------------
------------------------------------------------------------------------------------------------


---------------------------------------------------------------------------------------------------
From Clock:  ap_clk
  To Clock:  ap_clk

Setup :            0  Failing Endpoints,  Worst Slack        5.096ns,  Total Violation        0.000ns
Hold  :           NA  Failing Endpoints,  Worst Slack           NA  ,  Total Violation           NA
PW    :            0  Failing Endpoints,  Worst Slack        4.458ns,  Total Violation        0.000ns
---------------------------------------------------------------------------------------------------


Max Delay Paths
--------------------------------------------------------------------------------------
Slack (MET) :             5.096ns  (required time - arrival time)
  Source:                 layer2_out_7_reg_344_reg[1]/C
                            (rising edge-triggered cell FDRE clocked by ap_clk  {rise@0.000ns fall@5.000ns period=10.000ns})
  Destination:            layer4_out_5_reg_374_reg[15]/D
                            (rising edge-triggered cell FDRE clocked by ap_clk  {rise@0.000ns fall@5.000ns period=10.000ns})
  Path Group:             ap_clk
  Path Type:              Setup (Max at Slow Process Corner)
  Requirement:            10.000ns  (ap_clk rise@10.000ns - ap_clk rise@0.000ns)
  Data Path Delay:        4.885ns  (logic 2.537ns (51.934%)  route 2.348ns (48.066%))
  Logic Levels:           17  (CARRY8=3 DSP_A_B_DATA=1 DSP_ALU=1 DSP_M_DATA=1 DSP_MULTIPLIER=1 DSP_OUTPUT=1 DSP_PREADD_DATA=1 LUT2=3 LUT4=2 LUT5=2 LUT6=1)
  Clock Path Skew:        -0.009ns (DCD - SCD + CPR)
    Destination Clock Delay (DCD):    0.021ns = ( 10.021 - 10.000 ) 
    Source Clock Delay      (SCD):    0.030ns
    Clock Pessimism Removal (CPR):    0.000ns
  Clock Uncertainty:      0.035ns  ((TSJ^2 + TIJ^2)^1/2 + DJ) / 2 + PE
    Total System Jitter     (TSJ):    0.071ns
    Total Input Jitter      (TIJ):    0.000ns
    Discrete Jitter          (DJ):    0.000ns
    Phase Error              (PE):    0.000ns

    Location             Delay type                Incr(ns)  Path(ns)    Netlist Resource(s)
  -------------------------------------------------------------------    -------------------
                         (clock ap_clk rise edge)     0.000     0.000 r  
                                                      0.000     0.000 r  ap_clk (IN)
                         net (fo=398, unset)          0.030     0.030    ap_clk
                         FDRE                                         r  layer2_out_7_reg_344_reg[1]/C
  -------------------------------------------------------------------    -------------------
                         FDRE (Prop_FDRE_C_Q)         0.078     0.108 f  layer2_out_7_reg_344_reg[1]/Q
                         net (fo=6, unplaced)         0.159     0.267    call_ret3_dense_latency_ap_fixed_16_6_5_3_0_ap_fixed_16_6_5_3_0_config4_s_fu_91/mul_16s_10ns_26_1_1_U50/tmp_product_i_16__6_0[1]
                         LUT2 (Prop_LUT2_I1_O)        0.070     0.337 f  call_ret3_dense_latency_ap_fixed_16_6_5_3_0_ap_fixed_16_6_5_3_0_config4_s_fu_91/mul_16s_10ns_26_1_1_U50/tmp_product_i_24__6/O
                         net (fo=1, unplaced)         0.260     0.597    call_ret3_dense_latency_ap_fixed_16_6_5_3_0_ap_fixed_16_6_5_3_0_config4_s_fu_91/mul_16s_10ns_26_1_1_U50/tmp_product_i_24__6_n_0
                         CARRY8 (Prop_CARRY8_DI[0]_CO[7])
                                                      0.140     0.737 f  call_ret3_dense_latency_ap_fixed_16_6_5_3_0_ap_fixed_16_6_5_3_0_config4_s_fu_91/mul_16s_10ns_26_1_1_U50/tmp_product_i_16__6/CO[7]
                         net (fo=50, unplaced)        0.185     0.922    call_ret3_dense_latency_ap_fixed_16_6_5_3_0_ap_fixed_16_6_5_3_0_config4_s_fu_91/mul_16s_10ns_26_1_1_U50/CO[0]
                         LUT2 (Prop_LUT2_I0_O)        0.038     0.960 f  call_ret3_dense_latency_ap_fixed_16_6_5_3_0_ap_fixed_16_6_5_3_0_config4_s_fu_91/mul_16s_10ns_26_1_1_U50/tmp_product_i_7__10/O
                         net (fo=7, unplaced)         0.253     1.213    call_ret3_dense_latency_ap_fixed_16_6_5_3_0_ap_fixed_16_6_5_3_0_config4_s_fu_91/mul_16s_8ns_24_1_1_U55/tmp_product/A[8]
                         DSP_A_B_DATA (Prop_DSP_A_B_DATA_A[8]_A2_DATA[8])
                                                      0.192     1.405 r  call_ret3_dense_latency_ap_fixed_16_6_5_3_0_ap_fixed_16_6_5_3_0_config4_s_fu_91/mul_16s_8ns_24_1_1_U55/tmp_product/DSP_A_B_DATA_INST/A2_DATA[8]
                         net (fo=1, unplaced)         0.000     1.405    call_ret3_dense_latency_ap_fixed_16_6_5_3_0_ap_fixed_16_6_5_3_0_config4_s_fu_91/mul_16s_8ns_24_1_1_U55/tmp_product/DSP_A_B_DATA.A2_DATA<8>
                         DSP_PREADD_DATA (Prop_DSP_PREADD_DATA_A2_DATA[8]_A2A1[8])
                                                      0.076     1.481 r  call_ret3_dense_latency_ap_fixed_16_6_5_3_0_ap_fixed_16_6_5_3_0_config4_s_fu_91/mul_16s_8ns_24_1_1_U55/tmp_product/DSP_PREADD_DATA_INST/A2A1[8]
                         net (fo=1, unplaced)         0.000     1.481    call_ret3_dense_latency_ap_fixed_16_6_5_3_0_ap_fixed_16_6_5_3_0_config4_s_fu_91/mul_16s_8ns_24_1_1_U55/tmp_product/DSP_PREADD_DATA.A2A1<8>
                         DSP_MULTIPLIER (Prop_DSP_MULTIPLIER_A2A1[8]_U[15])
                                                      0.505     1.986 f  call_ret3_dense_latency_ap_fixed_16_6_5_3_0_ap_fixed_16_6_5_3_0_config4_s_fu_91/mul_16s_8ns_24_1_1_U55/tmp_product/DSP_MULTIPLIER_INST/U[15]
                         net (fo=1, unplaced)         0.000     1.986    call_ret3_dense_latency_ap_fixed_16_6_5_3_0_ap_fixed_16_6_5_3_0_config4_s_fu_91/mul_16s_8ns_24_1_1_U55/tmp_product/DSP_MULTIPLIER.U<15>
                         DSP_M_DATA (Prop_DSP_M_DATA_U[15]_U_DATA[15])
                                                      0.047     2.033 r  call_ret3_dense_latency_ap_fixed_16_6_5_3_0_ap_fixed_16_6_5_3_0_config4_s_fu_91/mul_16s_8ns_24_1_1_U55/tmp_product/DSP_M_DATA_INST/U_DATA[15]
                         net (fo=1, unplaced)         0.000     2.033    call_ret3_dense_latency_ap_fixed_16_6_5_3_0_ap_fixed_16_6_5_3_0_config4_s_fu_91/mul_16s_8ns_24_1_1_U55/tmp_product/DSP_M_DATA.U_DATA<15>
                         DSP_ALU (Prop_DSP_ALU_U_DATA[15]_ALU_OUT[15])
                                                      0.585     2.618 f  call_ret3_dense_latency_ap_fixed_16_6_5_3_0_ap_fixed_16_6_5_3_0_config4_s_fu_91/mul_16s_8ns_24_1_1_U55/tmp_product/DSP_ALU_INST/ALU_OUT[15]
                         net (fo=1, unplaced)         0.000     2.618    call_ret3_dense_latency_ap_fixed_16_6_5_3_0_ap_fixed_16_6_5_3_0_config4_s_fu_91/mul_16s_8ns_24_1_1_U55/tmp_product/DSP_ALU.ALU_OUT<15>
                         DSP_OUTPUT (Prop_DSP_OUTPUT_ALU_OUT[15]_P[15])
                                                      0.109     2.727 r  call_ret3_dense_latency_ap_fixed_16_6_5_3_0_ap_fixed_16_6_5_3_0_config4_s_fu_91/mul_16s_8ns_24_1_1_U55/tmp_product/DSP_OUTPUT_INST/P[15]
                         net (fo=3, unplaced)         0.221     2.948    call_ret3_dense_latency_ap_fixed_16_6_5_3_0_ap_fixed_16_6_5_3_0_config4_s_fu_91/mul_16s_8ns_24_1_1_U55/sext_ln73_21_fu_15669_p1[5]
                         LUT5 (Prop_LUT5_I0_O)        0.163     3.111 r  call_ret3_dense_latency_ap_fixed_16_6_5_3_0_ap_fixed_16_6_5_3_0_config4_s_fu_91/mul_16s_8ns_24_1_1_U55/layer4_out_5_reg_374[15]_i_99/O
                         net (fo=8, unplaced)         0.214     3.325    call_ret3_dense_latency_ap_fixed_16_6_5_3_0_ap_fixed_16_6_5_3_0_config4_s_fu_91/mul_16s_8ns_24_1_1_U55/layer4_out_5_reg_374[15]_i_99_n_0
                         LUT5 (Prop_LUT5_I0_O)        0.038     3.363 r  call_ret3_dense_latency_ap_fixed_16_6_5_3_0_ap_fixed_16_6_5_3_0_config4_s_fu_91/mul_16s_8ns_24_1_1_U55/layer4_out_5_reg_374[15]_i_95/O
                         net (fo=9, unplaced)         0.168     3.531    call_ret3_dense_latency_ap_fixed_16_6_5_3_0_ap_fixed_16_6_5_3_0_config4_s_fu_91/mul_16s_8ns_24_1_1_U55/layer4_out_5_reg_374[15]_i_95_n_0
                         LUT4 (Prop_LUT4_I0_O)        0.099     3.630 r  call_ret3_dense_latency_ap_fixed_16_6_5_3_0_ap_fixed_16_6_5_3_0_config4_s_fu_91/mul_16s_8ns_24_1_1_U55/layer4_out_5_reg_374[15]_i_37/O
                         net (fo=2, unplaced)         0.259     3.889    call_ret3_dense_latency_ap_fixed_16_6_5_3_0_ap_fixed_16_6_5_3_0_config4_s_fu_91/mul_16s_8ns_24_1_1_U55/layer4_out_5_reg_374[15]_i_37_n_0
                         CARRY8 (Prop_CARRY8_DI[3]_O[4])
                                                      0.146     4.035 r  call_ret3_dense_latency_ap_fixed_16_6_5_3_0_ap_fixed_16_6_5_3_0_config4_s_fu_91/mul_16s_8ns_24_1_1_U55/layer4_out_5_reg_374_reg[15]_i_18/O[4]
                         net (fo=5, unplaced)         0.202     4.237    call_ret3_dense_latency_ap_fixed_16_6_5_3_0_ap_fixed_16_6_5_3_0_config4_s_fu_91/mul_16s_8ns_24_1_1_U55/tmp_product_3[4]
                         LUT2 (Prop_LUT2_I0_O)        0.038     4.275 f  call_ret3_dense_latency_ap_fixed_16_6_5_3_0_ap_fixed_16_6_5_3_0_config4_s_fu_91/mul_16s_8ns_24_1_1_U55/layer4_out_5_reg_374[15]_i_21/O
                         net (fo=1, unplaced)         0.186     4.461    call_ret3_dense_latency_ap_fixed_16_6_5_3_0_ap_fixed_16_6_5_3_0_config4_s_fu_91/mul_16s_10s_26_1_1_U62/layer4_out_5_reg_374_reg[15]_2
                         LUT6 (Prop_LUT6_I2_O)        0.038     4.499 r  call_ret3_dense_latency_ap_fixed_16_6_5_3_0_ap_fixed_16_6_5_3_0_config4_s_fu_91/mul_16s_10s_26_1_1_U62/layer4_out_5_reg_374[15]_i_3/O
                         net (fo=2, unplaced)         0.186     4.685    call_ret3_dense_latency_ap_fixed_16_6_5_3_0_ap_fixed_16_6_5_3_0_config4_s_fu_91/mul_16s_10s_26_1_1_U62/layer4_out_5_reg_374[15]_i_3_n_0
                         LUT4 (Prop_LUT4_I0_O)        0.037     4.722 r  call_ret3_dense_latency_ap_fixed_16_6_5_3_0_ap_fixed_16_6_5_3_0_config4_s_fu_91/mul_16s_10s_26_1_1_U62/layer4_out_5_reg_374[15]_i_11/O
                         net (fo=1, unplaced)         0.029     4.751    call_ret3_dense_latency_ap_fixed_16_6_5_3_0_ap_fixed_16_6_5_3_0_config4_s_fu_91/mul_16s_10s_26_1_1_U62/layer4_out_5_reg_374[15]_i_11_n_0
                         CARRY8 (Prop_CARRY8_S[5]_O[7])
                                                      0.138     4.889 r  call_ret3_dense_latency_ap_fixed_16_6_5_3_0_ap_fixed_16_6_5_3_0_config4_s_fu_91/mul_16s_10s_26_1_1_U62/layer4_out_5_reg_374_reg[15]_i_1/O[7]
                         net (fo=1, unplaced)         0.026     4.915    call_ret3_dense_latency_ap_fixed_16_6_5_3_0_ap_fixed_16_6_5_3_0_config4_s_fu_91_ap_return_5[15]
                         FDRE                                         r  layer4_out_5_reg_374_reg[15]/D
  -------------------------------------------------------------------    -------------------

                         (clock ap_clk rise edge)    10.000    10.000 r  
                                                      0.000    10.000 r  ap_clk (IN)
                         net (fo=398, unset)          0.021    10.021    ap_clk
                         FDRE                                         r  layer4_out_5_reg_374_reg[15]/C
                         clock pessimism              0.000    10.021    
                         clock uncertainty           -0.035     9.986    
                         FDRE (Setup_FDRE_C_D)        0.025    10.011    layer4_out_5_reg_374_reg[15]
  -------------------------------------------------------------------
                         required time                         10.011    
                         arrival time                          -4.915    
  -------------------------------------------------------------------
                         slack                                  5.096    

Slack (MET) :             5.103ns  (required time - arrival time)
  Source:                 layer2_out_7_reg_344_reg[1]/C
                            (rising edge-triggered cell FDRE clocked by ap_clk  {rise@0.000ns fall@5.000ns period=10.000ns})
  Destination:            layer4_out_5_reg_374_reg[14]/D
                            (rising edge-triggered cell FDRE clocked by ap_clk  {rise@0.000ns fall@5.000ns period=10.000ns})
  Path Group:             ap_clk
  Path Type:              Setup (Max at Slow Process Corner)
  Requirement:            10.000ns  (ap_clk rise@10.000ns - ap_clk rise@0.000ns)
  Data Path Delay:        4.878ns  (logic 2.530ns (51.866%)  route 2.348ns (48.134%))
  Logic Levels:           17  (CARRY8=3 DSP_A_B_DATA=1 DSP_ALU=1 DSP_M_DATA=1 DSP_MULTIPLIER=1 DSP_OUTPUT=1 DSP_PREADD_DATA=1 LUT2=3 LUT4=2 LUT5=2 LUT6=1)
  Clock Path Skew:        -0.009ns (DCD - SCD + CPR)
    Destination Clock Delay (DCD):    0.021ns = ( 10.021 - 10.000 ) 
    Source Clock Delay      (SCD):    0.030ns
    Clock Pessimism Removal (CPR):    0.000ns
  Clock Uncertainty:      0.035ns  ((TSJ^2 + TIJ^2)^1/2 + DJ) / 2 + PE
    Total System Jitter     (TSJ):    0.071ns
    Total Input Jitter      (TIJ):    0.000ns
    Discrete Jitter          (DJ):    0.000ns
    Phase Error              (PE):    0.000ns

    Location             Delay type                Incr(ns)  Path(ns)    Netlist Resource(s)
  -------------------------------------------------------------------    -------------------
                         (clock ap_clk rise edge)     0.000     0.000 r  
                                                      0.000     0.000 r  ap_clk (IN)
                         net (fo=398, unset)          0.030     0.030    ap_clk
                         FDRE                                         r  layer2_out_7_reg_344_reg[1]/C
  -------------------------------------------------------------------    -------------------
                         FDRE (Prop_FDRE_C_Q)         0.078     0.108 f  layer2_out_7_reg_344_reg[1]/Q
                         net (fo=6, unplaced)         0.159     0.267    call_ret3_dense_latency_ap_fixed_16_6_5_3_0_ap_fixed_16_6_5_3_0_config4_s_fu_91/mul_16s_10ns_26_1_1_U50/tmp_product_i_16__6_0[1]
                         LUT2 (Prop_LUT2_I1_O)        0.070     0.337 f  call_ret3_dense_latency_ap_fixed_16_6_5_3_0_ap_fixed_16_6_5_3_0_config4_s_fu_91/mul_16s_10ns_26_1_1_U50/tmp_product_i_24__6/O
                         net (fo=1, unplaced)         0.260     0.597    call_ret3_dense_latency_ap_fixed_16_6_5_3_0_ap_fixed_16_6_5_3_0_config4_s_fu_91/mul_16s_10ns_26_1_1_U50/tmp_product_i_24__6_n_0
                         CARRY8 (Prop_CARRY8_DI[0]_CO[7])
                                                      0.140     0.737 f  call_ret3_dense_latency_ap_fixed_16_6_5_3_0_ap_fixed_16_6_5_3_0_config4_s_fu_91/mul_16s_10ns_26_1_1_U50/tmp_product_i_16__6/CO[7]
                         net (fo=50, unplaced)        0.185     0.922    call_ret3_dense_latency_ap_fixed_16_6_5_3_0_ap_fixed_16_6_5_3_0_config4_s_fu_91/mul_16s_10ns_26_1_1_U50/CO[0]
                         LUT2 (Prop_LUT2_I0_O)        0.038     0.960 f  call_ret3_dense_latency_ap_fixed_16_6_5_3_0_ap_fixed_16_6_5_3_0_config4_s_fu_91/mul_16s_10ns_26_1_1_U50/tmp_product_i_7__10/O
                         net (fo=7, unplaced)         0.253     1.213    call_ret3_dense_latency_ap_fixed_16_6_5_3_0_ap_fixed_16_6_5_3_0_config4_s_fu_91/mul_16s_8ns_24_1_1_U55/tmp_product/A[8]
                         DSP_A_B_DATA (Prop_DSP_A_B_DATA_A[8]_A2_DATA[8])
                                                      0.192     1.405 r  call_ret3_dense_latency_ap_fixed_16_6_5_3_0_ap_fixed_16_6_5_3_0_config4_s_fu_91/mul_16s_8ns_24_1_1_U55/tmp_product/DSP_A_B_DATA_INST/A2_DATA[8]
                         net (fo=1, unplaced)         0.000     1.405    call_ret3_dense_latency_ap_fixed_16_6_5_3_0_ap_fixed_16_6_5_3_0_config4_s_fu_91/mul_16s_8ns_24_1_1_U55/tmp_product/DSP_A_B_DATA.A2_DATA<8>
                         DSP_PREADD_DATA (Prop_DSP_PREADD_DATA_A2_DATA[8]_A2A1[8])
                                                      0.076     1.481 r  call_ret3_dense_latency_ap_fixed_16_6_5_3_0_ap_fixed_16_6_5_3_0_config4_s_fu_91/mul_16s_8ns_24_1_1_U55/tmp_product/DSP_PREADD_DATA_INST/A2A1[8]
                         net (fo=1, unplaced)         0.000     1.481    call_ret3_dense_latency_ap_fixed_16_6_5_3_0_ap_fixed_16_6_5_3_0_config4_s_fu_91/mul_16s_8ns_24_1_1_U55/tmp_product/DSP_PREADD_DATA.A2A1<8>
                         DSP_MULTIPLIER (Prop_DSP_MULTIPLIER_A2A1[8]_U[15])
                                                      0.505     1.986 f  call_ret3_dense_latency_ap_fixed_16_6_5_3_0_ap_fixed_16_6_5_3_0_config4_s_fu_91/mul_16s_8ns_24_1_1_U55/tmp_product/DSP_MULTIPLIER_INST/U[15]
                         net (fo=1, unplaced)         0.000     1.986    call_ret3_dense_latency_ap_fixed_16_6_5_3_0_ap_fixed_16_6_5_3_0_config4_s_fu_91/mul_16s_8ns_24_1_1_U55/tmp_product/DSP_MULTIPLIER.U<15>
                         DSP_M_DATA (Prop_DSP_M_DATA_U[15]_U_DATA[15])
                                                      0.047     2.033 r  call_ret3_dense_latency_ap_fixed_16_6_5_3_0_ap_fixed_16_6_5_3_0_config4_s_fu_91/mul_16s_8ns_24_1_1_U55/tmp_product/DSP_M_DATA_INST/U_DATA[15]
                         net (fo=1, unplaced)         0.000     2.033    call_ret3_dense_latency_ap_fixed_16_6_5_3_0_ap_fixed_16_6_5_3_0_config4_s_fu_91/mul_16s_8ns_24_1_1_U55/tmp_product/DSP_M_DATA.U_DATA<15>
                         DSP_ALU (Prop_DSP_ALU_U_DATA[15]_ALU_OUT[15])
                                                      0.585     2.618 f  call_ret3_dense_latency_ap_fixed_16_6_5_3_0_ap_fixed_16_6_5_3_0_config4_s_fu_91/mul_16s_8ns_24_1_1_U55/tmp_product/DSP_ALU_INST/ALU_OUT[15]
                         net (fo=1, unplaced)         0.000     2.618    call_ret3_dense_latency_ap_fixed_16_6_5_3_0_ap_fixed_16_6_5_3_0_config4_s_fu_91/mul_16s_8ns_24_1_1_U55/tmp_product/DSP_ALU.ALU_OUT<15>
                         DSP_OUTPUT (Prop_DSP_OUTPUT_ALU_OUT[15]_P[15])
                                                      0.109     2.727 r  call_ret3_dense_latency_ap_fixed_16_6_5_3_0_ap_fixed_16_6_5_3_0_config4_s_fu_91/mul_16s_8ns_24_1_1_U55/tmp_product/DSP_OUTPUT_INST/P[15]
                         net (fo=3, unplaced)         0.221     2.948    call_ret3_dense_latency_ap_fixed_16_6_5_3_0_ap_fixed_16_6_5_3_0_config4_s_fu_91/mul_16s_8ns_24_1_1_U55/sext_ln73_21_fu_15669_p1[5]
                         LUT5 (Prop_LUT5_I0_O)        0.163     3.111 r  call_ret3_dense_latency_ap_fixed_16_6_5_3_0_ap_fixed_16_6_5_3_0_config4_s_fu_91/mul_16s_8ns_24_1_1_U55/layer4_out_5_reg_374[15]_i_99/O
                         net (fo=8, unplaced)         0.214     3.325    call_ret3_dense_latency_ap_fixed_16_6_5_3_0_ap_fixed_16_6_5_3_0_config4_s_fu_91/mul_16s_8ns_24_1_1_U55/layer4_out_5_reg_374[15]_i_99_n_0
                         LUT5 (Prop_LUT5_I0_O)        0.038     3.363 r  call_ret3_dense_latency_ap_fixed_16_6_5_3_0_ap_fixed_16_6_5_3_0_config4_s_fu_91/mul_16s_8ns_24_1_1_U55/layer4_out_5_reg_374[15]_i_95/O
                         net (fo=9, unplaced)         0.168     3.531    call_ret3_dense_latency_ap_fixed_16_6_5_3_0_ap_fixed_16_6_5_3_0_config4_s_fu_91/mul_16s_8ns_24_1_1_U55/layer4_out_5_reg_374[15]_i_95_n_0
                         LUT4 (Prop_LUT4_I0_O)        0.099     3.630 r  call_ret3_dense_latency_ap_fixed_16_6_5_3_0_ap_fixed_16_6_5_3_0_config4_s_fu_91/mul_16s_8ns_24_1_1_U55/layer4_out_5_reg_374[15]_i_37/O
                         net (fo=2, unplaced)         0.259     3.889    call_ret3_dense_latency_ap_fixed_16_6_5_3_0_ap_fixed_16_6_5_3_0_config4_s_fu_91/mul_16s_8ns_24_1_1_U55/layer4_out_5_reg_374[15]_i_37_n_0
                         CARRY8 (Prop_CARRY8_DI[3]_O[4])
                                                      0.146     4.035 r  call_ret3_dense_latency_ap_fixed_16_6_5_3_0_ap_fixed_16_6_5_3_0_config4_s_fu_91/mul_16s_8ns_24_1_1_U55/layer4_out_5_reg_374_reg[15]_i_18/O[4]
                         net (fo=5, unplaced)         0.202     4.237    call_ret3_dense_latency_ap_fixed_16_6_5_3_0_ap_fixed_16_6_5_3_0_config4_s_fu_91/mul_16s_8ns_24_1_1_U55/tmp_product_3[4]
                         LUT2 (Prop_LUT2_I0_O)        0.038     4.275 f  call_ret3_dense_latency_ap_fixed_16_6_5_3_0_ap_fixed_16_6_5_3_0_config4_s_fu_91/mul_16s_8ns_24_1_1_U55/layer4_out_5_reg_374[15]_i_21/O
                         net (fo=1, unplaced)         0.186     4.461    call_ret3_dense_latency_ap_fixed_16_6_5_3_0_ap_fixed_16_6_5_3_0_config4_s_fu_91/mul_16s_10s_26_1_1_U62/layer4_out_5_reg_374_reg[15]_2
                         LUT6 (Prop_LUT6_I2_O)        0.038     4.499 r  call_ret3_dense_latency_ap_fixed_16_6_5_3_0_ap_fixed_16_6_5_3_0_config4_s_fu_91/mul_16s_10s_26_1_1_U62/layer4_out_5_reg_374[15]_i_3/O
                         net (fo=2, unplaced)         0.186     4.685    call_ret3_dense_latency_ap_fixed_16_6_5_3_0_ap_fixed_16_6_5_3_0_config4_s_fu_91/mul_16s_10s_26_1_1_U62/layer4_out_5_reg_374[15]_i_3_n_0
                         LUT4 (Prop_LUT4_I0_O)        0.037     4.722 r  call_ret3_dense_latency_ap_fixed_16_6_5_3_0_ap_fixed_16_6_5_3_0_config4_s_fu_91/mul_16s_10s_26_1_1_U62/layer4_out_5_reg_374[15]_i_11/O
                         net (fo=1, unplaced)         0.029     4.751    call_ret3_dense_latency_ap_fixed_16_6_5_3_0_ap_fixed_16_6_5_3_0_config4_s_fu_91/mul_16s_10s_26_1_1_U62/layer4_out_5_reg_374[15]_i_11_n_0
                         CARRY8 (Prop_CARRY8_S[5]_O[6])
                                                      0.131     4.882 r  call_ret3_dense_latency_ap_fixed_16_6_5_3_0_ap_fixed_16_6_5_3_0_config4_s_fu_91/mul_16s_10s_26_1_1_U62/layer4_out_5_reg_374_reg[15]_i_1/O[6]
                         net (fo=1, unplaced)         0.026     4.908    call_ret3_dense_latency_ap_fixed_16_6_5_3_0_ap_fixed_16_6_5_3_0_config4_s_fu_91_ap_return_5[14]
                         FDRE                                         r  layer4_out_5_reg_374_reg[14]/D
  -------------------------------------------------------------------    -------------------

                         (clock ap_clk rise edge)    10.000    10.000 r  
                                                      0.000    10.000 r  ap_clk (IN)
                         net (fo=398, unset)          0.021    10.021    ap_clk
                         FDRE                                         r  layer4_out_5_reg_374_reg[14]/C
                         clock pessimism              0.000    10.021    
                         clock uncertainty           -0.035     9.986    
                         FDRE (Setup_FDRE_C_D)        0.025    10.011    layer4_out_5_reg_374_reg[14]
  -------------------------------------------------------------------
                         required time                         10.011    
                         arrival time                          -4.908    
  -------------------------------------------------------------------
                         slack                                  5.103    

Slack (MET) :             5.154ns  (required time - arrival time)
  Source:                 layer2_out_7_reg_344_reg[1]/C
                            (rising edge-triggered cell FDRE clocked by ap_clk  {rise@0.000ns fall@5.000ns period=10.000ns})
  Destination:            layer4_out_7_reg_384_reg[15]/D
                            (rising edge-triggered cell FDRE clocked by ap_clk  {rise@0.000ns fall@5.000ns period=10.000ns})
  Path Group:             ap_clk
  Path Type:              Setup (Max at Slow Process Corner)
  Requirement:            10.000ns  (ap_clk rise@10.000ns - ap_clk rise@0.000ns)
  Data Path Delay:        4.827ns  (logic 2.483ns (51.440%)  route 2.344ns (48.560%))
  Logic Levels:           18  (CARRY8=3 DSP_A_B_DATA=1 DSP_ALU=1 DSP_M_DATA=1 DSP_MULTIPLIER=1 DSP_OUTPUT=1 DSP_PREADD_DATA=1 LUT2=2 LUT3=2 LUT5=2 LUT6=3)
  Clock Path Skew:        -0.009ns (DCD - SCD + CPR)
    Destination Clock Delay (DCD):    0.021ns = ( 10.021 - 10.000 ) 
    Source Clock Delay      (SCD):    0.030ns
    Clock Pessimism Removal (CPR):    0.000ns
  Clock Uncertainty:      0.035ns  ((TSJ^2 + TIJ^2)^1/2 + DJ) / 2 + PE
    Total System Jitter     (TSJ):    0.071ns
    Total Input Jitter      (TIJ):    0.000ns
    Discrete Jitter          (DJ):    0.000ns
    Phase Error              (PE):    0.000ns

    Location             Delay type                Incr(ns)  Path(ns)    Netlist Resource(s)
  -------------------------------------------------------------------    -------------------
                         (clock ap_clk rise edge)     0.000     0.000 r  
                                                      0.000     0.000 r  ap_clk (IN)
                         net (fo=398, unset)          0.030     0.030    ap_clk
                         FDRE                                         r  layer2_out_7_reg_344_reg[1]/C
  -------------------------------------------------------------------    -------------------
                         FDRE (Prop_FDRE_C_Q)         0.078     0.108 f  layer2_out_7_reg_344_reg[1]/Q
                         net (fo=6, unplaced)         0.159     0.267    call_ret3_dense_latency_ap_fixed_16_6_5_3_0_ap_fixed_16_6_5_3_0_config4_s_fu_91/mul_16s_10ns_26_1_1_U50/tmp_product_i_16__6_0[1]
                         LUT2 (Prop_LUT2_I1_O)        0.070     0.337 f  call_ret3_dense_latency_ap_fixed_16_6_5_3_0_ap_fixed_16_6_5_3_0_config4_s_fu_91/mul_16s_10ns_26_1_1_U50/tmp_product_i_24__6/O
                         net (fo=1, unplaced)         0.260     0.597    call_ret3_dense_latency_ap_fixed_16_6_5_3_0_ap_fixed_16_6_5_3_0_config4_s_fu_91/mul_16s_10ns_26_1_1_U50/tmp_product_i_24__6_n_0
                         CARRY8 (Prop_CARRY8_DI[0]_CO[7])
                                                      0.140     0.737 f  call_ret3_dense_latency_ap_fixed_16_6_5_3_0_ap_fixed_16_6_5_3_0_config4_s_fu_91/mul_16s_10ns_26_1_1_U50/tmp_product_i_16__6/CO[7]
                         net (fo=50, unplaced)        0.185     0.922    call_ret3_dense_latency_ap_fixed_16_6_5_3_0_ap_fixed_16_6_5_3_0_config4_s_fu_91/mul_16s_10ns_26_1_1_U50/CO[0]
                         LUT2 (Prop_LUT2_I0_O)        0.038     0.960 f  call_ret3_dense_latency_ap_fixed_16_6_5_3_0_ap_fixed_16_6_5_3_0_config4_s_fu_91/mul_16s_10ns_26_1_1_U50/tmp_product_i_7__10/O
                         net (fo=7, unplaced)         0.253     1.213    call_ret3_dense_latency_ap_fixed_16_6_5_3_0_ap_fixed_16_6_5_3_0_config4_s_fu_91/mul_16s_8ns_24_1_1_U81/tmp_product/A[8]
                         DSP_A_B_DATA (Prop_DSP_A_B_DATA_A[8]_A2_DATA[8])
                                                      0.192     1.405 r  call_ret3_dense_latency_ap_fixed_16_6_5_3_0_ap_fixed_16_6_5_3_0_config4_s_fu_91/mul_16s_8ns_24_1_1_U81/tmp_product/DSP_A_B_DATA_INST/A2_DATA[8]
                         net (fo=1, unplaced)         0.000     1.405    call_ret3_dense_latency_ap_fixed_16_6_5_3_0_ap_fixed_16_6_5_3_0_config4_s_fu_91/mul_16s_8ns_24_1_1_U81/tmp_product/DSP_A_B_DATA.A2_DATA<8>
                         DSP_PREADD_DATA (Prop_DSP_PREADD_DATA_A2_DATA[8]_A2A1[8])
                                                      0.076     1.481 r  call_ret3_dense_latency_ap_fixed_16_6_5_3_0_ap_fixed_16_6_5_3_0_config4_s_fu_91/mul_16s_8ns_24_1_1_U81/tmp_product/DSP_PREADD_DATA_INST/A2A1[8]
                         net (fo=1, unplaced)         0.000     1.481    call_ret3_dense_latency_ap_fixed_16_6_5_3_0_ap_fixed_16_6_5_3_0_config4_s_fu_91/mul_16s_8ns_24_1_1_U81/tmp_product/DSP_PREADD_DATA.A2A1<8>
                         DSP_MULTIPLIER (Prop_DSP_MULTIPLIER_A2A1[8]_U[13])
                                                      0.505     1.986 f  call_ret3_dense_latency_ap_fixed_16_6_5_3_0_ap_fixed_16_6_5_3_0_config4_s_fu_91/mul_16s_8ns_24_1_1_U81/tmp_product/DSP_MULTIPLIER_INST/U[13]
                         net (fo=1, unplaced)         0.000     1.986    call_ret3_dense_latency_ap_fixed_16_6_5_3_0_ap_fixed_16_6_5_3_0_config4_s_fu_91/mul_16s_8ns_24_1_1_U81/tmp_product/DSP_MULTIPLIER.U<13>
                         DSP_M_DATA (Prop_DSP_M_DATA_U[13]_U_DATA[13])
                                                      0.047     2.033 r  call_ret3_dense_latency_ap_fixed_16_6_5_3_0_ap_fixed_16_6_5_3_0_config4_s_fu_91/mul_16s_8ns_24_1_1_U81/tmp_product/DSP_M_DATA_INST/U_DATA[13]
                         net (fo=1, unplaced)         0.000     2.033    call_ret3_dense_latency_ap_fixed_16_6_5_3_0_ap_fixed_16_6_5_3_0_config4_s_fu_91/mul_16s_8ns_24_1_1_U81/tmp_product/DSP_M_DATA.U_DATA<13>
                         DSP_ALU (Prop_DSP_ALU_U_DATA[13]_ALU_OUT[13])
                                                      0.585     2.618 f  call_ret3_dense_latency_ap_fixed_16_6_5_3_0_ap_fixed_16_6_5_3_0_config4_s_fu_91/mul_16s_8ns_24_1_1_U81/tmp_product/DSP_ALU_INST/ALU_OUT[13]
                         net (fo=1, unplaced)         0.000     2.618    call_ret3_dense_latency_ap_fixed_16_6_5_3_0_ap_fixed_16_6_5_3_0_config4_s_fu_91/mul_16s_8ns_24_1_1_U81/tmp_product/DSP_ALU.ALU_OUT<13>
                         DSP_OUTPUT (Prop_DSP_OUTPUT_ALU_OUT[13]_P[13])
                                                      0.109     2.727 r  call_ret3_dense_latency_ap_fixed_16_6_5_3_0_ap_fixed_16_6_5_3_0_config4_s_fu_91/mul_16s_8ns_24_1_1_U81/tmp_product/DSP_OUTPUT_INST/P[13]
                         net (fo=5, unplaced)         0.229     2.956    call_ret3_dense_latency_ap_fixed_16_6_5_3_0_ap_fixed_16_6_5_3_0_config4_s_fu_91/mul_16s_8ns_24_1_1_U81/sext_ln58_fu_15693_p1[3]
                         LUT6 (Prop_LUT6_I2_O)        0.100     3.056 r  call_ret3_dense_latency_ap_fixed_16_6_5_3_0_ap_fixed_16_6_5_3_0_config4_s_fu_91/mul_16s_8ns_24_1_1_U81/layer4_out_7_reg_384[15]_i_95/O
                         net (fo=9, unplaced)         0.217     3.273    call_ret3_dense_latency_ap_fixed_16_6_5_3_0_ap_fixed_16_6_5_3_0_config4_s_fu_91/mul_16s_8ns_24_1_1_U81/tmp_product_3
                         LUT6 (Prop_LUT6_I2_O)        0.038     3.311 f  call_ret3_dense_latency_ap_fixed_16_6_5_3_0_ap_fixed_16_6_5_3_0_config4_s_fu_91/mul_16s_8ns_24_1_1_U81/layer4_out_7_reg_384[15]_i_93/O
                         net (fo=2, unplaced)         0.186     3.497    call_ret3_dense_latency_ap_fixed_16_6_5_3_0_ap_fixed_16_6_5_3_0_config4_s_fu_91/mul_16s_8ns_24_1_1_U81_n_17
                         LUT3 (Prop_LUT3_I2_O)        0.068     3.565 r  call_ret3_dense_latency_ap_fixed_16_6_5_3_0_ap_fixed_16_6_5_3_0_config4_s_fu_91/layer4_out_7_reg_384[15]_i_50/O
                         net (fo=2, unplaced)         0.212     3.777    call_ret3_dense_latency_ap_fixed_16_6_5_3_0_ap_fixed_16_6_5_3_0_config4_s_fu_91/mul_16s_8ns_24_1_1_U81/layer4_out_7_reg_384_reg[15]_i_18_1[0]
                         LUT5 (Prop_LUT5_I4_O)        0.037     3.814 r  call_ret3_dense_latency_ap_fixed_16_6_5_3_0_ap_fixed_16_6_5_3_0_config4_s_fu_91/mul_16s_8ns_24_1_1_U81/layer4_out_7_reg_384[15]_i_58/O
                         net (fo=1, unplaced)         0.032     3.846    call_ret3_dense_latency_ap_fixed_16_6_5_3_0_ap_fixed_16_6_5_3_0_config4_s_fu_91/mul_16s_8ns_24_1_1_U81_n_13
                         CARRY8 (Prop_CARRY8_S[3]_O[4])
                                                      0.149     3.995 r  call_ret3_dense_latency_ap_fixed_16_6_5_3_0_ap_fixed_16_6_5_3_0_config4_s_fu_91/layer4_out_7_reg_384_reg[15]_i_18/O[4]
                         net (fo=2, unplaced)         0.184     4.179    call_ret3_dense_latency_ap_fixed_16_6_5_3_0_ap_fixed_16_6_5_3_0_config4_s_fu_91/mul_16s_8ns_24_1_1_U56/layer4_out_7_reg_384[15]_i_12_0[4]
                         LUT3 (Prop_LUT3_I2_O)        0.038     4.217 r  call_ret3_dense_latency_ap_fixed_16_6_5_3_0_ap_fixed_16_6_5_3_0_config4_s_fu_91/mul_16s_8ns_24_1_1_U56/layer4_out_7_reg_384[15]_i_20/O
                         net (fo=2, unplaced)         0.186     4.403    call_ret3_dense_latency_ap_fixed_16_6_5_3_0_ap_fixed_16_6_5_3_0_config4_s_fu_91/mul_16s_8ns_24_1_1_U56/tmp_product_11
                         LUT5 (Prop_LUT5_I1_O)        0.038     4.441 r  call_ret3_dense_latency_ap_fixed_16_6_5_3_0_ap_fixed_16_6_5_3_0_config4_s_fu_91/mul_16s_8ns_24_1_1_U56/layer4_out_7_reg_384[15]_i_3/O
                         net (fo=2, unplaced)         0.186     4.627    call_ret3_dense_latency_ap_fixed_16_6_5_3_0_ap_fixed_16_6_5_3_0_config4_s_fu_91/mul_16s_8ns_24_1_1_U56_n_24
                         LUT6 (Prop_LUT6_I0_O)        0.037     4.664 r  call_ret3_dense_latency_ap_fixed_16_6_5_3_0_ap_fixed_16_6_5_3_0_config4_s_fu_91/layer4_out_7_reg_384[15]_i_11/O
                         net (fo=1, unplaced)         0.029     4.693    call_ret3_dense_latency_ap_fixed_16_6_5_3_0_ap_fixed_16_6_5_3_0_config4_s_fu_91/layer4_out_7_reg_384[15]_i_11_n_0
                         CARRY8 (Prop_CARRY8_S[5]_O[7])
                                                      0.138     4.831 r  call_ret3_dense_latency_ap_fixed_16_6_5_3_0_ap_fixed_16_6_5_3_0_config4_s_fu_91/layer4_out_7_reg_384_reg[15]_i_1/O[7]
                         net (fo=1, unplaced)         0.026     4.857    call_ret3_dense_latency_ap_fixed_16_6_5_3_0_ap_fixed_16_6_5_3_0_config4_s_fu_91_ap_return_7[15]
                         FDRE                                         r  layer4_out_7_reg_384_reg[15]/D
  -------------------------------------------------------------------    -------------------

                         (clock ap_clk rise edge)    10.000    10.000 r  
                                                      0.000    10.000 r  ap_clk (IN)
                         net (fo=398, unset)          0.021    10.021    ap_clk
                         FDRE                                         r  layer4_out_7_reg_384_reg[15]/C
                         clock pessimism              0.000    10.021    
                         clock uncertainty           -0.035     9.986    
                         FDRE (Setup_FDRE_C_D)        0.025    10.011    layer4_out_7_reg_384_reg[15]
  -------------------------------------------------------------------
                         required time                         10.011    
                         arrival time                          -4.857    
  -------------------------------------------------------------------
                         slack                                  5.154    

Slack (MET) :             5.161ns  (required time - arrival time)
  Source:                 layer2_out_7_reg_344_reg[1]/C
                            (rising edge-triggered cell FDRE clocked by ap_clk  {rise@0.000ns fall@5.000ns period=10.000ns})
  Destination:            layer4_out_7_reg_384_reg[14]/D
                            (rising edge-triggered cell FDRE clocked by ap_clk  {rise@0.000ns fall@5.000ns period=10.000ns})
  Path Group:             ap_clk
  Path Type:              Setup (Max at Slow Process Corner)
  Requirement:            10.000ns  (ap_clk rise@10.000ns - ap_clk rise@0.000ns)
  Data Path Delay:        4.820ns  (logic 2.476ns (51.369%)  route 2.344ns (48.631%))
  Logic Levels:           18  (CARRY8=3 DSP_A_B_DATA=1 DSP_ALU=1 DSP_M_DATA=1 DSP_MULTIPLIER=1 DSP_OUTPUT=1 DSP_PREADD_DATA=1 LUT2=2 LUT3=2 LUT5=2 LUT6=3)
  Clock Path Skew:        -0.009ns (DCD - SCD + CPR)
    Destination Clock Delay (DCD):    0.021ns = ( 10.021 - 10.000 ) 
    Source Clock Delay      (SCD):    0.030ns
    Clock Pessimism Removal (CPR):    0.000ns
  Clock Uncertainty:      0.035ns  ((TSJ^2 + TIJ^2)^1/2 + DJ) / 2 + PE
    Total System Jitter     (TSJ):    0.071ns
    Total Input Jitter      (TIJ):    0.000ns
    Discrete Jitter          (DJ):    0.000ns
    Phase Error              (PE):    0.000ns

    Location             Delay type                Incr(ns)  Path(ns)    Netlist Resource(s)
  -------------------------------------------------------------------    -------------------
                         (clock ap_clk rise edge)     0.000     0.000 r  
                                                      0.000     0.000 r  ap_clk (IN)
                         net (fo=398, unset)          0.030     0.030    ap_clk
                         FDRE                                         r  layer2_out_7_reg_344_reg[1]/C
  -------------------------------------------------------------------    -------------------
                         FDRE (Prop_FDRE_C_Q)         0.078     0.108 f  layer2_out_7_reg_344_reg[1]/Q
                         net (fo=6, unplaced)         0.159     0.267    call_ret3_dense_latency_ap_fixed_16_6_5_3_0_ap_fixed_16_6_5_3_0_config4_s_fu_91/mul_16s_10ns_26_1_1_U50/tmp_product_i_16__6_0[1]
                         LUT2 (Prop_LUT2_I1_O)        0.070     0.337 f  call_ret3_dense_latency_ap_fixed_16_6_5_3_0_ap_fixed_16_6_5_3_0_config4_s_fu_91/mul_16s_10ns_26_1_1_U50/tmp_product_i_24__6/O
                         net (fo=1, unplaced)         0.260     0.597    call_ret3_dense_latency_ap_fixed_16_6_5_3_0_ap_fixed_16_6_5_3_0_config4_s_fu_91/mul_16s_10ns_26_1_1_U50/tmp_product_i_24__6_n_0
                         CARRY8 (Prop_CARRY8_DI[0]_CO[7])
                                                      0.140     0.737 f  call_ret3_dense_latency_ap_fixed_16_6_5_3_0_ap_fixed_16_6_5_3_0_config4_s_fu_91/mul_16s_10ns_26_1_1_U50/tmp_product_i_16__6/CO[7]
                         net (fo=50, unplaced)        0.185     0.922    call_ret3_dense_latency_ap_fixed_16_6_5_3_0_ap_fixed_16_6_5_3_0_config4_s_fu_91/mul_16s_10ns_26_1_1_U50/CO[0]
                         LUT2 (Prop_LUT2_I0_O)        0.038     0.960 f  call_ret3_dense_latency_ap_fixed_16_6_5_3_0_ap_fixed_16_6_5_3_0_config4_s_fu_91/mul_16s_10ns_26_1_1_U50/tmp_product_i_7__10/O
                         net (fo=7, unplaced)         0.253     1.213    call_ret3_dense_latency_ap_fixed_16_6_5_3_0_ap_fixed_16_6_5_3_0_config4_s_fu_91/mul_16s_8ns_24_1_1_U81/tmp_product/A[8]
                         DSP_A_B_DATA (Prop_DSP_A_B_DATA_A[8]_A2_DATA[8])
                                                      0.192     1.405 r  call_ret3_dense_latency_ap_fixed_16_6_5_3_0_ap_fixed_16_6_5_3_0_config4_s_fu_91/mul_16s_8ns_24_1_1_U81/tmp_product/DSP_A_B_DATA_INST/A2_DATA[8]
                         net (fo=1, unplaced)         0.000     1.405    call_ret3_dense_latency_ap_fixed_16_6_5_3_0_ap_fixed_16_6_5_3_0_config4_s_fu_91/mul_16s_8ns_24_1_1_U81/tmp_product/DSP_A_B_DATA.A2_DATA<8>
                         DSP_PREADD_DATA (Prop_DSP_PREADD_DATA_A2_DATA[8]_A2A1[8])
                                                      0.076     1.481 r  call_ret3_dense_latency_ap_fixed_16_6_5_3_0_ap_fixed_16_6_5_3_0_config4_s_fu_91/mul_16s_8ns_24_1_1_U81/tmp_product/DSP_PREADD_DATA_INST/A2A1[8]
                         net (fo=1, unplaced)         0.000     1.481    call_ret3_dense_latency_ap_fixed_16_6_5_3_0_ap_fixed_16_6_5_3_0_config4_s_fu_91/mul_16s_8ns_24_1_1_U81/tmp_product/DSP_PREADD_DATA.A2A1<8>
                         DSP_MULTIPLIER (Prop_DSP_MULTIPLIER_A2A1[8]_U[13])
                                                      0.505     1.986 f  call_ret3_dense_latency_ap_fixed_16_6_5_3_0_ap_fixed_16_6_5_3_0_config4_s_fu_91/mul_16s_8ns_24_1_1_U81/tmp_product/DSP_MULTIPLIER_INST/U[13]
                         net (fo=1, unplaced)         0.000     1.986    call_ret3_dense_latency_ap_fixed_16_6_5_3_0_ap_fixed_16_6_5_3_0_config4_s_fu_91/mul_16s_8ns_24_1_1_U81/tmp_product/DSP_MULTIPLIER.U<13>
                         DSP_M_DATA (Prop_DSP_M_DATA_U[13]_U_DATA[13])
                                                      0.047     2.033 r  call_ret3_dense_latency_ap_fixed_16_6_5_3_0_ap_fixed_16_6_5_3_0_config4_s_fu_91/mul_16s_8ns_24_1_1_U81/tmp_product/DSP_M_DATA_INST/U_DATA[13]
                         net (fo=1, unplaced)         0.000     2.033    call_ret3_dense_latency_ap_fixed_16_6_5_3_0_ap_fixed_16_6_5_3_0_config4_s_fu_91/mul_16s_8ns_24_1_1_U81/tmp_product/DSP_M_DATA.U_DATA<13>
                         DSP_ALU (Prop_DSP_ALU_U_DATA[13]_ALU_OUT[13])
                                                      0.585     2.618 f  call_ret3_dense_latency_ap_fixed_16_6_5_3_0_ap_fixed_16_6_5_3_0_config4_s_fu_91/mul_16s_8ns_24_1_1_U81/tmp_product/DSP_ALU_INST/ALU_OUT[13]
                         net (fo=1, unplaced)         0.000     2.618    call_ret3_dense_latency_ap_fixed_16_6_5_3_0_ap_fixed_16_6_5_3_0_config4_s_fu_91/mul_16s_8ns_24_1_1_U81/tmp_product/DSP_ALU.ALU_OUT<13>
                         DSP_OUTPUT (Prop_DSP_OUTPUT_ALU_OUT[13]_P[13])
                                                      0.109     2.727 r  call_ret3_dense_latency_ap_fixed_16_6_5_3_0_ap_fixed_16_6_5_3_0_config4_s_fu_91/mul_16s_8ns_24_1_1_U81/tmp_product/DSP_OUTPUT_INST/P[13]
                         net (fo=5, unplaced)         0.229     2.956    call_ret3_dense_latency_ap_fixed_16_6_5_3_0_ap_fixed_16_6_5_3_0_config4_s_fu_91/mul_16s_8ns_24_1_1_U81/sext_ln58_fu_15693_p1[3]
                         LUT6 (Prop_LUT6_I2_O)        0.100     3.056 r  call_ret3_dense_latency_ap_fixed_16_6_5_3_0_ap_fixed_16_6_5_3_0_config4_s_fu_91/mul_16s_8ns_24_1_1_U81/layer4_out_7_reg_384[15]_i_95/O
                         net (fo=9, unplaced)         0.217     3.273    call_ret3_dense_latency_ap_fixed_16_6_5_3_0_ap_fixed_16_6_5_3_0_config4_s_fu_91/mul_16s_8ns_24_1_1_U81/tmp_product_3
                         LUT6 (Prop_LUT6_I2_O)        0.038     3.311 f  call_ret3_dense_latency_ap_fixed_16_6_5_3_0_ap_fixed_16_6_5_3_0_config4_s_fu_91/mul_16s_8ns_24_1_1_U81/layer4_out_7_reg_384[15]_i_93/O
                         net (fo=2, unplaced)         0.186     3.497    call_ret3_dense_latency_ap_fixed_16_6_5_3_0_ap_fixed_16_6_5_3_0_config4_s_fu_91/mul_16s_8ns_24_1_1_U81_n_17
                         LUT3 (Prop_LUT3_I2_O)        0.068     3.565 r  call_ret3_dense_latency_ap_fixed_16_6_5_3_0_ap_fixed_16_6_5_3_0_config4_s_fu_91/layer4_out_7_reg_384[15]_i_50/O
                         net (fo=2, unplaced)         0.212     3.777    call_ret3_dense_latency_ap_fixed_16_6_5_3_0_ap_fixed_16_6_5_3_0_config4_s_fu_91/mul_16s_8ns_24_1_1_U81/layer4_out_7_reg_384_reg[15]_i_18_1[0]
                         LUT5 (Prop_LUT5_I4_O)        0.037     3.814 r  call_ret3_dense_latency_ap_fixed_16_6_5_3_0_ap_fixed_16_6_5_3_0_config4_s_fu_91/mul_16s_8ns_24_1_1_U81/layer4_out_7_reg_384[15]_i_58/O
                         net (fo=1, unplaced)         0.032     3.846    call_ret3_dense_latency_ap_fixed_16_6_5_3_0_ap_fixed_16_6_5_3_0_config4_s_fu_91/mul_16s_8ns_24_1_1_U81_n_13
                         CARRY8 (Prop_CARRY8_S[3]_O[4])
                                                      0.149     3.995 r  call_ret3_dense_latency_ap_fixed_16_6_5_3_0_ap_fixed_16_6_5_3_0_config4_s_fu_91/layer4_out_7_reg_384_reg[15]_i_18/O[4]
                         net (fo=2, unplaced)         0.184     4.179    call_ret3_dense_latency_ap_fixed_16_6_5_3_0_ap_fixed_16_6_5_3_0_config4_s_fu_91/mul_16s_8ns_24_1_1_U56/layer4_out_7_reg_384[15]_i_12_0[4]
                         LUT3 (Prop_LUT3_I2_O)        0.038     4.217 r  call_ret3_dense_latency_ap_fixed_16_6_5_3_0_ap_fixed_16_6_5_3_0_config4_s_fu_91/mul_16s_8ns_24_1_1_U56/layer4_out_7_reg_384[15]_i_20/O
                         net (fo=2, unplaced)         0.186     4.403    call_ret3_dense_latency_ap_fixed_16_6_5_3_0_ap_fixed_16_6_5_3_0_config4_s_fu_91/mul_16s_8ns_24_1_1_U56/tmp_product_11
                         LUT5 (Prop_LUT5_I1_O)        0.038     4.441 r  call_ret3_dense_latency_ap_fixed_16_6_5_3_0_ap_fixed_16_6_5_3_0_config4_s_fu_91/mul_16s_8ns_24_1_1_U56/layer4_out_7_reg_384[15]_i_3/O
                         net (fo=2, unplaced)         0.186     4.627    call_ret3_dense_latency_ap_fixed_16_6_5_3_0_ap_fixed_16_6_5_3_0_config4_s_fu_91/mul_16s_8ns_24_1_1_U56_n_24
                         LUT6 (Prop_LUT6_I0_O)        0.037     4.664 r  call_ret3_dense_latency_ap_fixed_16_6_5_3_0_ap_fixed_16_6_5_3_0_config4_s_fu_91/layer4_out_7_reg_384[15]_i_11/O
                         net (fo=1, unplaced)         0.029     4.693    call_ret3_dense_latency_ap_fixed_16_6_5_3_0_ap_fixed_16_6_5_3_0_config4_s_fu_91/layer4_out_7_reg_384[15]_i_11_n_0
                         CARRY8 (Prop_CARRY8_S[5]_O[6])
                                                      0.131     4.824 r  call_ret3_dense_latency_ap_fixed_16_6_5_3_0_ap_fixed_16_6_5_3_0_config4_s_fu_91/layer4_out_7_reg_384_reg[15]_i_1/O[6]
                         net (fo=1, unplaced)         0.026     4.850    call_ret3_dense_latency_ap_fixed_16_6_5_3_0_ap_fixed_16_6_5_3_0_config4_s_fu_91_ap_return_7[14]
                         FDRE                                         r  layer4_out_7_reg_384_reg[14]/D
  -------------------------------------------------------------------    -------------------

                         (clock ap_clk rise edge)    10.000    10.000 r  
                                                      0.000    10.000 r  ap_clk (IN)
                         net (fo=398, unset)          0.021    10.021    ap_clk
                         FDRE                                         r  layer4_out_7_reg_384_reg[14]/C
                         clock pessimism              0.000    10.021    
                         clock uncertainty           -0.035     9.986    
                         FDRE (Setup_FDRE_C_D)        0.025    10.011    layer4_out_7_reg_384_reg[14]
  -------------------------------------------------------------------
                         required time                         10.011    
                         arrival time                          -4.850    
  -------------------------------------------------------------------
                         slack                                  5.161    

Slack (MET) :             5.171ns  (required time - arrival time)
  Source:                 layer2_out_7_reg_344_reg[1]/C
                            (rising edge-triggered cell FDRE clocked by ap_clk  {rise@0.000ns fall@5.000ns period=10.000ns})
  Destination:            layer4_out_2_reg_359_reg[15]/D
                            (rising edge-triggered cell FDRE clocked by ap_clk  {rise@0.000ns fall@5.000ns period=10.000ns})
  Path Group:             ap_clk
  Path Type:              Setup (Max at Slow Process Corner)
  Requirement:            10.000ns  (ap_clk rise@10.000ns - ap_clk rise@0.000ns)
  Data Path Delay:        4.810ns  (logic 2.563ns (53.285%)  route 2.247ns (46.715%))
  Logic Levels:           18  (CARRY8=3 DSP_A_B_DATA=1 DSP_ALU=1 DSP_M_DATA=1 DSP_MULTIPLIER=1 DSP_OUTPUT=1 DSP_PREADD_DATA=1 LUT2=2 LUT3=1 LUT5=1 LUT6=5)
  Clock Path Skew:        -0.009ns (DCD - SCD + CPR)
    Destination Clock Delay (DCD):    0.021ns = ( 10.021 - 10.000 ) 
    Source Clock Delay      (SCD):    0.030ns
    Clock Pessimism Removal (CPR):    0.000ns
  Clock Uncertainty:      0.035ns  ((TSJ^2 + TIJ^2)^1/2 + DJ) / 2 + PE
    Total System Jitter     (TSJ):    0.071ns
    Total Input Jitter      (TIJ):    0.000ns
    Discrete Jitter          (DJ):    0.000ns
    Phase Error              (PE):    0.000ns

    Location             Delay type                Incr(ns)  Path(ns)    Netlist Resource(s)
  -------------------------------------------------------------------    -------------------
                         (clock ap_clk rise edge)     0.000     0.000 r  
                                                      0.000     0.000 r  ap_clk (IN)
                         net (fo=398, unset)          0.030     0.030    ap_clk
                         FDRE                                         r  layer2_out_7_reg_344_reg[1]/C
  -------------------------------------------------------------------    -------------------
                         FDRE (Prop_FDRE_C_Q)         0.078     0.108 f  layer2_out_7_reg_344_reg[1]/Q
                         net (fo=6, unplaced)         0.159     0.267    call_ret3_dense_latency_ap_fixed_16_6_5_3_0_ap_fixed_16_6_5_3_0_config4_s_fu_91/mul_16s_10ns_26_1_1_U50/tmp_product_i_16__6_0[1]
                         LUT2 (Prop_LUT2_I1_O)        0.070     0.337 f  call_ret3_dense_latency_ap_fixed_16_6_5_3_0_ap_fixed_16_6_5_3_0_config4_s_fu_91/mul_16s_10ns_26_1_1_U50/tmp_product_i_24__6/O
                         net (fo=1, unplaced)         0.260     0.597    call_ret3_dense_latency_ap_fixed_16_6_5_3_0_ap_fixed_16_6_5_3_0_config4_s_fu_91/mul_16s_10ns_26_1_1_U50/tmp_product_i_24__6_n_0
                         CARRY8 (Prop_CARRY8_DI[0]_CO[7])
                                                      0.140     0.737 f  call_ret3_dense_latency_ap_fixed_16_6_5_3_0_ap_fixed_16_6_5_3_0_config4_s_fu_91/mul_16s_10ns_26_1_1_U50/tmp_product_i_16__6/CO[7]
                         net (fo=50, unplaced)        0.185     0.922    call_ret3_dense_latency_ap_fixed_16_6_5_3_0_ap_fixed_16_6_5_3_0_config4_s_fu_91/mul_16s_10ns_26_1_1_U50/CO[0]
                         LUT2 (Prop_LUT2_I0_O)        0.038     0.960 f  call_ret3_dense_latency_ap_fixed_16_6_5_3_0_ap_fixed_16_6_5_3_0_config4_s_fu_91/mul_16s_10ns_26_1_1_U50/tmp_product_i_7__10/O
                         net (fo=7, unplaced)         0.253     1.213    call_ret3_dense_latency_ap_fixed_16_6_5_3_0_ap_fixed_16_6_5_3_0_config4_s_fu_91/mul_16s_8s_24_1_1_U75/tmp_product/A[8]
                         DSP_A_B_DATA (Prop_DSP_A_B_DATA_A[8]_A2_DATA[8])
                                                      0.192     1.405 r  call_ret3_dense_latency_ap_fixed_16_6_5_3_0_ap_fixed_16_6_5_3_0_config4_s_fu_91/mul_16s_8s_24_1_1_U75/tmp_product/DSP_A_B_DATA_INST/A2_DATA[8]
                         net (fo=1, unplaced)         0.000     1.405    call_ret3_dense_latency_ap_fixed_16_6_5_3_0_ap_fixed_16_6_5_3_0_config4_s_fu_91/mul_16s_8s_24_1_1_U75/tmp_product/DSP_A_B_DATA.A2_DATA<8>
                         DSP_PREADD_DATA (Prop_DSP_PREADD_DATA_A2_DATA[8]_A2A1[8])
                                                      0.076     1.481 r  call_ret3_dense_latency_ap_fixed_16_6_5_3_0_ap_fixed_16_6_5_3_0_config4_s_fu_91/mul_16s_8s_24_1_1_U75/tmp_product/DSP_PREADD_DATA_INST/A2A1[8]
                         net (fo=1, unplaced)         0.000     1.481    call_ret3_dense_latency_ap_fixed_16_6_5_3_0_ap_fixed_16_6_5_3_0_config4_s_fu_91/mul_16s_8s_24_1_1_U75/tmp_product/DSP_PREADD_DATA.A2A1<8>
                         DSP_MULTIPLIER (Prop_DSP_MULTIPLIER_A2A1[8]_U[15])
                                                      0.505     1.986 f  call_ret3_dense_latency_ap_fixed_16_6_5_3_0_ap_fixed_16_6_5_3_0_config4_s_fu_91/mul_16s_8s_24_1_1_U75/tmp_product/DSP_MULTIPLIER_INST/U[15]
                         net (fo=1, unplaced)         0.000     1.986    call_ret3_dense_latency_ap_fixed_16_6_5_3_0_ap_fixed_16_6_5_3_0_config4_s_fu_91/mul_16s_8s_24_1_1_U75/tmp_product/DSP_MULTIPLIER.U<15>
                         DSP_M_DATA (Prop_DSP_M_DATA_U[15]_U_DATA[15])
                                                      0.047     2.033 r  call_ret3_dense_latency_ap_fixed_16_6_5_3_0_ap_fixed_16_6_5_3_0_config4_s_fu_91/mul_16s_8s_24_1_1_U75/tmp_product/DSP_M_DATA_INST/U_DATA[15]
                         net (fo=1, unplaced)         0.000     2.033    call_ret3_dense_latency_ap_fixed_16_6_5_3_0_ap_fixed_16_6_5_3_0_config4_s_fu_91/mul_16s_8s_24_1_1_U75/tmp_product/DSP_M_DATA.U_DATA<15>
                         DSP_ALU (Prop_DSP_ALU_U_DATA[15]_ALU_OUT[15])
                                                      0.585     2.618 f  call_ret3_dense_latency_ap_fixed_16_6_5_3_0_ap_fixed_16_6_5_3_0_config4_s_fu_91/mul_16s_8s_24_1_1_U75/tmp_product/DSP_ALU_INST/ALU_OUT[15]
                         net (fo=1, unplaced)         0.000     2.618    call_ret3_dense_latency_ap_fixed_16_6_5_3_0_ap_fixed_16_6_5_3_0_config4_s_fu_91/mul_16s_8s_24_1_1_U75/tmp_product/DSP_ALU.ALU_OUT<15>
                         DSP_OUTPUT (Prop_DSP_OUTPUT_ALU_OUT[15]_P[15])
                                                      0.109     2.727 r  call_ret3_dense_latency_ap_fixed_16_6_5_3_0_ap_fixed_16_6_5_3_0_config4_s_fu_91/mul_16s_8s_24_1_1_U75/tmp_product/DSP_OUTPUT_INST/P[15]
                         net (fo=2, unplaced)         0.173     2.900    call_ret3_dense_latency_ap_fixed_16_6_5_3_0_ap_fixed_16_6_5_3_0_config4_s_fu_91/mul_16s_8s_24_1_1_U75/sext_ln42_31_fu_15601_p1[5]
                         LUT6 (Prop_LUT6_I0_O)        0.150     3.050 r  call_ret3_dense_latency_ap_fixed_16_6_5_3_0_ap_fixed_16_6_5_3_0_config4_s_fu_91/mul_16s_8s_24_1_1_U75/layer4_out_2_reg_359[15]_i_110/O
                         net (fo=9, unplaced)         0.217     3.267    call_ret3_dense_latency_ap_fixed_16_6_5_3_0_ap_fixed_16_6_5_3_0_config4_s_fu_91/mul_16s_8s_24_1_1_U75/tmp_product_2
                         LUT6 (Prop_LUT6_I1_O)        0.038     3.305 f  call_ret3_dense_latency_ap_fixed_16_6_5_3_0_ap_fixed_16_6_5_3_0_config4_s_fu_91/mul_16s_8s_24_1_1_U75/layer4_out_2_reg_359[15]_i_108/O
                         net (fo=2, unplaced)         0.137     3.442    call_ret3_dense_latency_ap_fixed_16_6_5_3_0_ap_fixed_16_6_5_3_0_config4_s_fu_91/mul_16s_9ns_25_1_1_U84/layer4_out_2_reg_359_reg[15]_i_19_2
                         LUT3 (Prop_LUT3_I2_O)        0.099     3.541 r  call_ret3_dense_latency_ap_fixed_16_6_5_3_0_ap_fixed_16_6_5_3_0_config4_s_fu_91/mul_16s_9ns_25_1_1_U84/layer4_out_2_reg_359[15]_i_51/O
                         net (fo=2, unplaced)         0.212     3.753    call_ret3_dense_latency_ap_fixed_16_6_5_3_0_ap_fixed_16_6_5_3_0_config4_s_fu_91/mul_16s_8s_24_1_1_U75/DI[1]
                         LUT5 (Prop_LUT5_I4_O)        0.037     3.790 r  call_ret3_dense_latency_ap_fixed_16_6_5_3_0_ap_fixed_16_6_5_3_0_config4_s_fu_91/mul_16s_8s_24_1_1_U75/layer4_out_2_reg_359[15]_i_59/O
                         net (fo=1, unplaced)         0.032     3.822    call_ret3_dense_latency_ap_fixed_16_6_5_3_0_ap_fixed_16_6_5_3_0_config4_s_fu_91/mul_16s_8s_24_1_1_U75/layer4_out_2_reg_359[15]_i_59_n_0
                         CARRY8 (Prop_CARRY8_S[3]_O[4])
                                                      0.149     3.971 r  call_ret3_dense_latency_ap_fixed_16_6_5_3_0_ap_fixed_16_6_5_3_0_config4_s_fu_91/mul_16s_8s_24_1_1_U75/layer4_out_2_reg_359_reg[15]_i_19/O[4]
                         net (fo=4, unplaced)         0.198     4.169    call_ret3_dense_latency_ap_fixed_16_6_5_3_0_ap_fixed_16_6_5_3_0_config4_s_fu_91/mul_16s_11ns_26_1_1_U60/layer4_out_2_reg_359[15]_i_9_0[4]
                         LUT6 (Prop_LUT6_I1_O)        0.090     4.259 r  call_ret3_dense_latency_ap_fixed_16_6_5_3_0_ap_fixed_16_6_5_3_0_config4_s_fu_91/mul_16s_11ns_26_1_1_U60/layer4_out_2_reg_359[15]_i_17/O
                         net (fo=2, unplaced)         0.186     4.445    call_ret3_dense_latency_ap_fixed_16_6_5_3_0_ap_fixed_16_6_5_3_0_config4_s_fu_91/mul_16s_11ns_26_1_1_U60/layer4_out_2_reg_359[15]_i_17_n_0
                         LUT6 (Prop_LUT6_I0_O)        0.038     4.483 r  call_ret3_dense_latency_ap_fixed_16_6_5_3_0_ap_fixed_16_6_5_3_0_config4_s_fu_91/mul_16s_11ns_26_1_1_U60/layer4_out_2_reg_359[15]_i_2/O
                         net (fo=2, unplaced)         0.186     4.669    call_ret3_dense_latency_ap_fixed_16_6_5_3_0_ap_fixed_16_6_5_3_0_config4_s_fu_91/mul_16s_11ns_26_1_1_U60/layer4_out_2_reg_359[15]_i_2_n_0
                         LUT6 (Prop_LUT6_I0_O)        0.037     4.706 r  call_ret3_dense_latency_ap_fixed_16_6_5_3_0_ap_fixed_16_6_5_3_0_config4_s_fu_91/mul_16s_11ns_26_1_1_U60/layer4_out_2_reg_359[15]_i_10/O
                         net (fo=1, unplaced)         0.023     4.729    call_ret3_dense_latency_ap_fixed_16_6_5_3_0_ap_fixed_16_6_5_3_0_config4_s_fu_91/mul_16s_11ns_26_1_1_U60/layer4_out_2_reg_359[15]_i_10_n_0
                         CARRY8 (Prop_CARRY8_S[6]_O[7])
                                                      0.085     4.814 r  call_ret3_dense_latency_ap_fixed_16_6_5_3_0_ap_fixed_16_6_5_3_0_config4_s_fu_91/mul_16s_11ns_26_1_1_U60/layer4_out_2_reg_359_reg[15]_i_1/O[7]
                         net (fo=1, unplaced)         0.026     4.840    call_ret3_dense_latency_ap_fixed_16_6_5_3_0_ap_fixed_16_6_5_3_0_config4_s_fu_91_ap_return_2[15]
                         FDRE                                         r  layer4_out_2_reg_359_reg[15]/D
  -------------------------------------------------------------------    -------------------

                         (clock ap_clk rise edge)    10.000    10.000 r  
                                                      0.000    10.000 r  ap_clk (IN)
                         net (fo=398, unset)          0.021    10.021    ap_clk
                         FDRE                                         r  layer4_out_2_reg_359_reg[15]/C
                         clock pessimism              0.000    10.021    
                         clock uncertainty           -0.035     9.986    
                         FDRE (Setup_FDRE_C_D)        0.025    10.011    layer4_out_2_reg_359_reg[15]
  -------------------------------------------------------------------
                         required time                         10.011    
                         arrival time                          -4.840    
  -------------------------------------------------------------------
                         slack                                  5.171    

Slack (MET) :             5.177ns  (required time - arrival time)
  Source:                 layer2_out_7_reg_344_reg[1]/C
                            (rising edge-triggered cell FDRE clocked by ap_clk  {rise@0.000ns fall@5.000ns period=10.000ns})
  Destination:            layer4_out_5_reg_374_reg[13]/D
                            (rising edge-triggered cell FDRE clocked by ap_clk  {rise@0.000ns fall@5.000ns period=10.000ns})
  Path Group:             ap_clk
  Path Type:              Setup (Max at Slow Process Corner)
  Requirement:            10.000ns  (ap_clk rise@10.000ns - ap_clk rise@0.000ns)
  Data Path Delay:        4.804ns  (logic 2.457ns (51.145%)  route 2.347ns (48.855%))
  Logic Levels:           17  (CARRY8=3 DSP_A_B_DATA=1 DSP_ALU=1 DSP_M_DATA=1 DSP_MULTIPLIER=1 DSP_OUTPUT=1 DSP_PREADD_DATA=1 LUT2=3 LUT4=2 LUT5=2 LUT6=1)
  Clock Path Skew:        -0.009ns (DCD - SCD + CPR)
    Destination Clock Delay (DCD):    0.021ns = ( 10.021 - 10.000 ) 
    Source Clock Delay      (SCD):    0.030ns
    Clock Pessimism Removal (CPR):    0.000ns
  Clock Uncertainty:      0.035ns  ((TSJ^2 + TIJ^2)^1/2 + DJ) / 2 + PE
    Total System Jitter     (TSJ):    0.071ns
    Total Input Jitter      (TIJ):    0.000ns
    Discrete Jitter          (DJ):    0.000ns
    Phase Error              (PE):    0.000ns

    Location             Delay type                Incr(ns)  Path(ns)    Netlist Resource(s)
  -------------------------------------------------------------------    -------------------
                         (clock ap_clk rise edge)     0.000     0.000 r  
                                                      0.000     0.000 r  ap_clk (IN)
                         net (fo=398, unset)          0.030     0.030    ap_clk
                         FDRE                                         r  layer2_out_7_reg_344_reg[1]/C
  -------------------------------------------------------------------    -------------------
                         FDRE (Prop_FDRE_C_Q)         0.078     0.108 f  layer2_out_7_reg_344_reg[1]/Q
                         net (fo=6, unplaced)         0.159     0.267    call_ret3_dense_latency_ap_fixed_16_6_5_3_0_ap_fixed_16_6_5_3_0_config4_s_fu_91/mul_16s_10ns_26_1_1_U50/tmp_product_i_16__6_0[1]
                         LUT2 (Prop_LUT2_I1_O)        0.070     0.337 f  call_ret3_dense_latency_ap_fixed_16_6_5_3_0_ap_fixed_16_6_5_3_0_config4_s_fu_91/mul_16s_10ns_26_1_1_U50/tmp_product_i_24__6/O
                         net (fo=1, unplaced)         0.260     0.597    call_ret3_dense_latency_ap_fixed_16_6_5_3_0_ap_fixed_16_6_5_3_0_config4_s_fu_91/mul_16s_10ns_26_1_1_U50/tmp_product_i_24__6_n_0
                         CARRY8 (Prop_CARRY8_DI[0]_CO[7])
                                                      0.140     0.737 f  call_ret3_dense_latency_ap_fixed_16_6_5_3_0_ap_fixed_16_6_5_3_0_config4_s_fu_91/mul_16s_10ns_26_1_1_U50/tmp_product_i_16__6/CO[7]
                         net (fo=50, unplaced)        0.185     0.922    call_ret3_dense_latency_ap_fixed_16_6_5_3_0_ap_fixed_16_6_5_3_0_config4_s_fu_91/mul_16s_10ns_26_1_1_U50/CO[0]
                         LUT2 (Prop_LUT2_I0_O)        0.038     0.960 f  call_ret3_dense_latency_ap_fixed_16_6_5_3_0_ap_fixed_16_6_5_3_0_config4_s_fu_91/mul_16s_10ns_26_1_1_U50/tmp_product_i_7__10/O
                         net (fo=7, unplaced)         0.253     1.213    call_ret3_dense_latency_ap_fixed_16_6_5_3_0_ap_fixed_16_6_5_3_0_config4_s_fu_91/mul_16s_8ns_24_1_1_U55/tmp_product/A[8]
                         DSP_A_B_DATA (Prop_DSP_A_B_DATA_A[8]_A2_DATA[8])
                                                      0.192     1.405 r  call_ret3_dense_latency_ap_fixed_16_6_5_3_0_ap_fixed_16_6_5_3_0_config4_s_fu_91/mul_16s_8ns_24_1_1_U55/tmp_product/DSP_A_B_DATA_INST/A2_DATA[8]
                         net (fo=1, unplaced)         0.000     1.405    call_ret3_dense_latency_ap_fixed_16_6_5_3_0_ap_fixed_16_6_5_3_0_config4_s_fu_91/mul_16s_8ns_24_1_1_U55/tmp_product/DSP_A_B_DATA.A2_DATA<8>
                         DSP_PREADD_DATA (Prop_DSP_PREADD_DATA_A2_DATA[8]_A2A1[8])
                                                      0.076     1.481 r  call_ret3_dense_latency_ap_fixed_16_6_5_3_0_ap_fixed_16_6_5_3_0_config4_s_fu_91/mul_16s_8ns_24_1_1_U55/tmp_product/DSP_PREADD_DATA_INST/A2A1[8]
                         net (fo=1, unplaced)         0.000     1.481    call_ret3_dense_latency_ap_fixed_16_6_5_3_0_ap_fixed_16_6_5_3_0_config4_s_fu_91/mul_16s_8ns_24_1_1_U55/tmp_product/DSP_PREADD_DATA.A2A1<8>
                         DSP_MULTIPLIER (Prop_DSP_MULTIPLIER_A2A1[8]_U[15])
                                                      0.505     1.986 f  call_ret3_dense_latency_ap_fixed_16_6_5_3_0_ap_fixed_16_6_5_3_0_config4_s_fu_91/mul_16s_8ns_24_1_1_U55/tmp_product/DSP_MULTIPLIER_INST/U[15]
                         net (fo=1, unplaced)         0.000     1.986    call_ret3_dense_latency_ap_fixed_16_6_5_3_0_ap_fixed_16_6_5_3_0_config4_s_fu_91/mul_16s_8ns_24_1_1_U55/tmp_product/DSP_MULTIPLIER.U<15>
                         DSP_M_DATA (Prop_DSP_M_DATA_U[15]_U_DATA[15])
                                                      0.047     2.033 r  call_ret3_dense_latency_ap_fixed_16_6_5_3_0_ap_fixed_16_6_5_3_0_config4_s_fu_91/mul_16s_8ns_24_1_1_U55/tmp_product/DSP_M_DATA_INST/U_DATA[15]
                         net (fo=1, unplaced)         0.000     2.033    call_ret3_dense_latency_ap_fixed_16_6_5_3_0_ap_fixed_16_6_5_3_0_config4_s_fu_91/mul_16s_8ns_24_1_1_U55/tmp_product/DSP_M_DATA.U_DATA<15>
                         DSP_ALU (Prop_DSP_ALU_U_DATA[15]_ALU_OUT[15])
                                                      0.585     2.618 f  call_ret3_dense_latency_ap_fixed_16_6_5_3_0_ap_fixed_16_6_5_3_0_config4_s_fu_91/mul_16s_8ns_24_1_1_U55/tmp_product/DSP_ALU_INST/ALU_OUT[15]
                         net (fo=1, unplaced)         0.000     2.618    call_ret3_dense_latency_ap_fixed_16_6_5_3_0_ap_fixed_16_6_5_3_0_config4_s_fu_91/mul_16s_8ns_24_1_1_U55/tmp_product/DSP_ALU.ALU_OUT<15>
                         DSP_OUTPUT (Prop_DSP_OUTPUT_ALU_OUT[15]_P[15])
                                                      0.109     2.727 r  call_ret3_dense_latency_ap_fixed_16_6_5_3_0_ap_fixed_16_6_5_3_0_config4_s_fu_91/mul_16s_8ns_24_1_1_U55/tmp_product/DSP_OUTPUT_INST/P[15]
                         net (fo=3, unplaced)         0.221     2.948    call_ret3_dense_latency_ap_fixed_16_6_5_3_0_ap_fixed_16_6_5_3_0_config4_s_fu_91/mul_16s_8ns_24_1_1_U55/sext_ln73_21_fu_15669_p1[5]
                         LUT5 (Prop_LUT5_I0_O)        0.163     3.111 r  call_ret3_dense_latency_ap_fixed_16_6_5_3_0_ap_fixed_16_6_5_3_0_config4_s_fu_91/mul_16s_8ns_24_1_1_U55/layer4_out_5_reg_374[15]_i_99/O
                         net (fo=8, unplaced)         0.214     3.325    call_ret3_dense_latency_ap_fixed_16_6_5_3_0_ap_fixed_16_6_5_3_0_config4_s_fu_91/mul_16s_8ns_24_1_1_U55/layer4_out_5_reg_374[15]_i_99_n_0
                         LUT5 (Prop_LUT5_I0_O)        0.038     3.363 r  call_ret3_dense_latency_ap_fixed_16_6_5_3_0_ap_fixed_16_6_5_3_0_config4_s_fu_91/mul_16s_8ns_24_1_1_U55/layer4_out_5_reg_374[15]_i_95/O
                         net (fo=9, unplaced)         0.168     3.531    call_ret3_dense_latency_ap_fixed_16_6_5_3_0_ap_fixed_16_6_5_3_0_config4_s_fu_91/mul_16s_8ns_24_1_1_U55/layer4_out_5_reg_374[15]_i_95_n_0
                         LUT4 (Prop_LUT4_I0_O)        0.099     3.630 r  call_ret3_dense_latency_ap_fixed_16_6_5_3_0_ap_fixed_16_6_5_3_0_config4_s_fu_91/mul_16s_8ns_24_1_1_U55/layer4_out_5_reg_374[15]_i_37/O
                         net (fo=2, unplaced)         0.259     3.889    call_ret3_dense_latency_ap_fixed_16_6_5_3_0_ap_fixed_16_6_5_3_0_config4_s_fu_91/mul_16s_8ns_24_1_1_U55/layer4_out_5_reg_374[15]_i_37_n_0
                         CARRY8 (Prop_CARRY8_DI[3]_O[4])
                                                      0.146     4.035 r  call_ret3_dense_latency_ap_fixed_16_6_5_3_0_ap_fixed_16_6_5_3_0_config4_s_fu_91/mul_16s_8ns_24_1_1_U55/layer4_out_5_reg_374_reg[15]_i_18/O[4]
                         net (fo=5, unplaced)         0.202     4.237    call_ret3_dense_latency_ap_fixed_16_6_5_3_0_ap_fixed_16_6_5_3_0_config4_s_fu_91/mul_16s_8ns_24_1_1_U55/tmp_product_3[4]
                         LUT2 (Prop_LUT2_I0_O)        0.038     4.275 f  call_ret3_dense_latency_ap_fixed_16_6_5_3_0_ap_fixed_16_6_5_3_0_config4_s_fu_91/mul_16s_8ns_24_1_1_U55/layer4_out_5_reg_374[15]_i_21/O
                         net (fo=1, unplaced)         0.186     4.461    call_ret3_dense_latency_ap_fixed_16_6_5_3_0_ap_fixed_16_6_5_3_0_config4_s_fu_91/mul_16s_10s_26_1_1_U62/layer4_out_5_reg_374_reg[15]_2
                         LUT6 (Prop_LUT6_I2_O)        0.038     4.499 r  call_ret3_dense_latency_ap_fixed_16_6_5_3_0_ap_fixed_16_6_5_3_0_config4_s_fu_91/mul_16s_10s_26_1_1_U62/layer4_out_5_reg_374[15]_i_3/O
                         net (fo=2, unplaced)         0.186     4.685    call_ret3_dense_latency_ap_fixed_16_6_5_3_0_ap_fixed_16_6_5_3_0_config4_s_fu_91/mul_16s_10s_26_1_1_U62/layer4_out_5_reg_374[15]_i_3_n_0
                         LUT4 (Prop_LUT4_I0_O)        0.037     4.722 r  call_ret3_dense_latency_ap_fixed_16_6_5_3_0_ap_fixed_16_6_5_3_0_config4_s_fu_91/mul_16s_10s_26_1_1_U62/layer4_out_5_reg_374[15]_i_11/O
                         net (fo=1, unplaced)         0.029     4.751    call_ret3_dense_latency_ap_fixed_16_6_5_3_0_ap_fixed_16_6_5_3_0_config4_s_fu_91/mul_16s_10s_26_1_1_U62/layer4_out_5_reg_374[15]_i_11_n_0
                         CARRY8 (Prop_CARRY8_S[5]_O[5])
                                                      0.058     4.809 r  call_ret3_dense_latency_ap_fixed_16_6_5_3_0_ap_fixed_16_6_5_3_0_config4_s_fu_91/mul_16s_10s_26_1_1_U62/layer4_out_5_reg_374_reg[15]_i_1/O[5]
                         net (fo=1, unplaced)         0.025     4.834    call_ret3_dense_latency_ap_fixed_16_6_5_3_0_ap_fixed_16_6_5_3_0_config4_s_fu_91_ap_return_5[13]
                         FDRE                                         r  layer4_out_5_reg_374_reg[13]/D
  -------------------------------------------------------------------    -------------------

                         (clock ap_clk rise edge)    10.000    10.000 r  
                                                      0.000    10.000 r  ap_clk (IN)
                         net (fo=398, unset)          0.021    10.021    ap_clk
                         FDRE                                         r  layer4_out_5_reg_374_reg[13]/C
                         clock pessimism              0.000    10.021    
                         clock uncertainty           -0.035     9.986    
                         FDRE (Setup_FDRE_C_D)        0.025    10.011    layer4_out_5_reg_374_reg[13]
  -------------------------------------------------------------------
                         required time                         10.011    
                         arrival time                          -4.834    
  -------------------------------------------------------------------
                         slack                                  5.177    

Slack (MET) :             5.200ns  (required time - arrival time)
  Source:                 layer2_out_7_reg_344_reg[1]/C
                            (rising edge-triggered cell FDRE clocked by ap_clk  {rise@0.000ns fall@5.000ns period=10.000ns})
  Destination:            layer4_out_2_reg_359_reg[14]/D
                            (rising edge-triggered cell FDRE clocked by ap_clk  {rise@0.000ns fall@5.000ns period=10.000ns})
  Path Group:             ap_clk
  Path Type:              Setup (Max at Slow Process Corner)
  Requirement:            10.000ns  (ap_clk rise@10.000ns - ap_clk rise@0.000ns)
  Data Path Delay:        4.781ns  (logic 2.534ns (53.001%)  route 2.247ns (46.999%))
  Logic Levels:           18  (CARRY8=3 DSP_A_B_DATA=1 DSP_ALU=1 DSP_M_DATA=1 DSP_MULTIPLIER=1 DSP_OUTPUT=1 DSP_PREADD_DATA=1 LUT2=2 LUT3=1 LUT5=1 LUT6=5)
  Clock Path Skew:        -0.009ns (DCD - SCD + CPR)
    Destination Clock Delay (DCD):    0.021ns = ( 10.021 - 10.000 ) 
    Source Clock Delay      (SCD):    0.030ns
    Clock Pessimism Removal (CPR):    0.000ns
  Clock Uncertainty:      0.035ns  ((TSJ^2 + TIJ^2)^1/2 + DJ) / 2 + PE
    Total System Jitter     (TSJ):    0.071ns
    Total Input Jitter      (TIJ):    0.000ns
    Discrete Jitter          (DJ):    0.000ns
    Phase Error              (PE):    0.000ns

    Location             Delay type                Incr(ns)  Path(ns)    Netlist Resource(s)
  -------------------------------------------------------------------    -------------------
                         (clock ap_clk rise edge)     0.000     0.000 r  
                                                      0.000     0.000 r  ap_clk (IN)
                         net (fo=398, unset)          0.030     0.030    ap_clk
                         FDRE                                         r  layer2_out_7_reg_344_reg[1]/C
  -------------------------------------------------------------------    -------------------
                         FDRE (Prop_FDRE_C_Q)         0.078     0.108 f  layer2_out_7_reg_344_reg[1]/Q
                         net (fo=6, unplaced)         0.159     0.267    call_ret3_dense_latency_ap_fixed_16_6_5_3_0_ap_fixed_16_6_5_3_0_config4_s_fu_91/mul_16s_10ns_26_1_1_U50/tmp_product_i_16__6_0[1]
                         LUT2 (Prop_LUT2_I1_O)        0.070     0.337 f  call_ret3_dense_latency_ap_fixed_16_6_5_3_0_ap_fixed_16_6_5_3_0_config4_s_fu_91/mul_16s_10ns_26_1_1_U50/tmp_product_i_24__6/O
                         net (fo=1, unplaced)         0.260     0.597    call_ret3_dense_latency_ap_fixed_16_6_5_3_0_ap_fixed_16_6_5_3_0_config4_s_fu_91/mul_16s_10ns_26_1_1_U50/tmp_product_i_24__6_n_0
                         CARRY8 (Prop_CARRY8_DI[0]_CO[7])
                                                      0.140     0.737 f  call_ret3_dense_latency_ap_fixed_16_6_5_3_0_ap_fixed_16_6_5_3_0_config4_s_fu_91/mul_16s_10ns_26_1_1_U50/tmp_product_i_16__6/CO[7]
                         net (fo=50, unplaced)        0.185     0.922    call_ret3_dense_latency_ap_fixed_16_6_5_3_0_ap_fixed_16_6_5_3_0_config4_s_fu_91/mul_16s_10ns_26_1_1_U50/CO[0]
                         LUT2 (Prop_LUT2_I0_O)        0.038     0.960 f  call_ret3_dense_latency_ap_fixed_16_6_5_3_0_ap_fixed_16_6_5_3_0_config4_s_fu_91/mul_16s_10ns_26_1_1_U50/tmp_product_i_7__10/O
                         net (fo=7, unplaced)         0.253     1.213    call_ret3_dense_latency_ap_fixed_16_6_5_3_0_ap_fixed_16_6_5_3_0_config4_s_fu_91/mul_16s_8s_24_1_1_U75/tmp_product/A[8]
                         DSP_A_B_DATA (Prop_DSP_A_B_DATA_A[8]_A2_DATA[8])
                                                      0.192     1.405 r  call_ret3_dense_latency_ap_fixed_16_6_5_3_0_ap_fixed_16_6_5_3_0_config4_s_fu_91/mul_16s_8s_24_1_1_U75/tmp_product/DSP_A_B_DATA_INST/A2_DATA[8]
                         net (fo=1, unplaced)         0.000     1.405    call_ret3_dense_latency_ap_fixed_16_6_5_3_0_ap_fixed_16_6_5_3_0_config4_s_fu_91/mul_16s_8s_24_1_1_U75/tmp_product/DSP_A_B_DATA.A2_DATA<8>
                         DSP_PREADD_DATA (Prop_DSP_PREADD_DATA_A2_DATA[8]_A2A1[8])
                                                      0.076     1.481 r  call_ret3_dense_latency_ap_fixed_16_6_5_3_0_ap_fixed_16_6_5_3_0_config4_s_fu_91/mul_16s_8s_24_1_1_U75/tmp_product/DSP_PREADD_DATA_INST/A2A1[8]
                         net (fo=1, unplaced)         0.000     1.481    call_ret3_dense_latency_ap_fixed_16_6_5_3_0_ap_fixed_16_6_5_3_0_config4_s_fu_91/mul_16s_8s_24_1_1_U75/tmp_product/DSP_PREADD_DATA.A2A1<8>
                         DSP_MULTIPLIER (Prop_DSP_MULTIPLIER_A2A1[8]_U[15])
                                                      0.505     1.986 f  call_ret3_dense_latency_ap_fixed_16_6_5_3_0_ap_fixed_16_6_5_3_0_config4_s_fu_91/mul_16s_8s_24_1_1_U75/tmp_product/DSP_MULTIPLIER_INST/U[15]
                         net (fo=1, unplaced)         0.000     1.986    call_ret3_dense_latency_ap_fixed_16_6_5_3_0_ap_fixed_16_6_5_3_0_config4_s_fu_91/mul_16s_8s_24_1_1_U75/tmp_product/DSP_MULTIPLIER.U<15>
                         DSP_M_DATA (Prop_DSP_M_DATA_U[15]_U_DATA[15])
                                                      0.047     2.033 r  call_ret3_dense_latency_ap_fixed_16_6_5_3_0_ap_fixed_16_6_5_3_0_config4_s_fu_91/mul_16s_8s_24_1_1_U75/tmp_product/DSP_M_DATA_INST/U_DATA[15]
                         net (fo=1, unplaced)         0.000     2.033    call_ret3_dense_latency_ap_fixed_16_6_5_3_0_ap_fixed_16_6_5_3_0_config4_s_fu_91/mul_16s_8s_24_1_1_U75/tmp_product/DSP_M_DATA.U_DATA<15>
                         DSP_ALU (Prop_DSP_ALU_U_DATA[15]_ALU_OUT[15])
                                                      0.585     2.618 f  call_ret3_dense_latency_ap_fixed_16_6_5_3_0_ap_fixed_16_6_5_3_0_config4_s_fu_91/mul_16s_8s_24_1_1_U75/tmp_product/DSP_ALU_INST/ALU_OUT[15]
                         net (fo=1, unplaced)         0.000     2.618    call_ret3_dense_latency_ap_fixed_16_6_5_3_0_ap_fixed_16_6_5_3_0_config4_s_fu_91/mul_16s_8s_24_1_1_U75/tmp_product/DSP_ALU.ALU_OUT<15>
                         DSP_OUTPUT (Prop_DSP_OUTPUT_ALU_OUT[15]_P[15])
                                                      0.109     2.727 r  call_ret3_dense_latency_ap_fixed_16_6_5_3_0_ap_fixed_16_6_5_3_0_config4_s_fu_91/mul_16s_8s_24_1_1_U75/tmp_product/DSP_OUTPUT_INST/P[15]
                         net (fo=2, unplaced)         0.173     2.900    call_ret3_dense_latency_ap_fixed_16_6_5_3_0_ap_fixed_16_6_5_3_0_config4_s_fu_91/mul_16s_8s_24_1_1_U75/sext_ln42_31_fu_15601_p1[5]
                         LUT6 (Prop_LUT6_I0_O)        0.150     3.050 r  call_ret3_dense_latency_ap_fixed_16_6_5_3_0_ap_fixed_16_6_5_3_0_config4_s_fu_91/mul_16s_8s_24_1_1_U75/layer4_out_2_reg_359[15]_i_110/O
                         net (fo=9, unplaced)         0.217     3.267    call_ret3_dense_latency_ap_fixed_16_6_5_3_0_ap_fixed_16_6_5_3_0_config4_s_fu_91/mul_16s_8s_24_1_1_U75/tmp_product_2
                         LUT6 (Prop_LUT6_I1_O)        0.038     3.305 f  call_ret3_dense_latency_ap_fixed_16_6_5_3_0_ap_fixed_16_6_5_3_0_config4_s_fu_91/mul_16s_8s_24_1_1_U75/layer4_out_2_reg_359[15]_i_108/O
                         net (fo=2, unplaced)         0.137     3.442    call_ret3_dense_latency_ap_fixed_16_6_5_3_0_ap_fixed_16_6_5_3_0_config4_s_fu_91/mul_16s_9ns_25_1_1_U84/layer4_out_2_reg_359_reg[15]_i_19_2
                         LUT3 (Prop_LUT3_I2_O)        0.099     3.541 r  call_ret3_dense_latency_ap_fixed_16_6_5_3_0_ap_fixed_16_6_5_3_0_config4_s_fu_91/mul_16s_9ns_25_1_1_U84/layer4_out_2_reg_359[15]_i_51/O
                         net (fo=2, unplaced)         0.212     3.753    call_ret3_dense_latency_ap_fixed_16_6_5_3_0_ap_fixed_16_6_5_3_0_config4_s_fu_91/mul_16s_8s_24_1_1_U75/DI[1]
                         LUT5 (Prop_LUT5_I4_O)        0.037     3.790 r  call_ret3_dense_latency_ap_fixed_16_6_5_3_0_ap_fixed_16_6_5_3_0_config4_s_fu_91/mul_16s_8s_24_1_1_U75/layer4_out_2_reg_359[15]_i_59/O
                         net (fo=1, unplaced)         0.032     3.822    call_ret3_dense_latency_ap_fixed_16_6_5_3_0_ap_fixed_16_6_5_3_0_config4_s_fu_91/mul_16s_8s_24_1_1_U75/layer4_out_2_reg_359[15]_i_59_n_0
                         CARRY8 (Prop_CARRY8_S[3]_O[4])
                                                      0.149     3.971 r  call_ret3_dense_latency_ap_fixed_16_6_5_3_0_ap_fixed_16_6_5_3_0_config4_s_fu_91/mul_16s_8s_24_1_1_U75/layer4_out_2_reg_359_reg[15]_i_19/O[4]
                         net (fo=4, unplaced)         0.198     4.169    call_ret3_dense_latency_ap_fixed_16_6_5_3_0_ap_fixed_16_6_5_3_0_config4_s_fu_91/mul_16s_11ns_26_1_1_U60/layer4_out_2_reg_359[15]_i_9_0[4]
                         LUT6 (Prop_LUT6_I1_O)        0.090     4.259 r  call_ret3_dense_latency_ap_fixed_16_6_5_3_0_ap_fixed_16_6_5_3_0_config4_s_fu_91/mul_16s_11ns_26_1_1_U60/layer4_out_2_reg_359[15]_i_17/O
                         net (fo=2, unplaced)         0.186     4.445    call_ret3_dense_latency_ap_fixed_16_6_5_3_0_ap_fixed_16_6_5_3_0_config4_s_fu_91/mul_16s_11ns_26_1_1_U60/layer4_out_2_reg_359[15]_i_17_n_0
                         LUT6 (Prop_LUT6_I0_O)        0.038     4.483 r  call_ret3_dense_latency_ap_fixed_16_6_5_3_0_ap_fixed_16_6_5_3_0_config4_s_fu_91/mul_16s_11ns_26_1_1_U60/layer4_out_2_reg_359[15]_i_2/O
                         net (fo=2, unplaced)         0.186     4.669    call_ret3_dense_latency_ap_fixed_16_6_5_3_0_ap_fixed_16_6_5_3_0_config4_s_fu_91/mul_16s_11ns_26_1_1_U60/layer4_out_2_reg_359[15]_i_2_n_0
                         LUT6 (Prop_LUT6_I0_O)        0.037     4.706 r  call_ret3_dense_latency_ap_fixed_16_6_5_3_0_ap_fixed_16_6_5_3_0_config4_s_fu_91/mul_16s_11ns_26_1_1_U60/layer4_out_2_reg_359[15]_i_10/O
                         net (fo=1, unplaced)         0.023     4.729    call_ret3_dense_latency_ap_fixed_16_6_5_3_0_ap_fixed_16_6_5_3_0_config4_s_fu_91/mul_16s_11ns_26_1_1_U60/layer4_out_2_reg_359[15]_i_10_n_0
                         CARRY8 (Prop_CARRY8_S[6]_O[6])
                                                      0.056     4.785 r  call_ret3_dense_latency_ap_fixed_16_6_5_3_0_ap_fixed_16_6_5_3_0_config4_s_fu_91/mul_16s_11ns_26_1_1_U60/layer4_out_2_reg_359_reg[15]_i_1/O[6]
                         net (fo=1, unplaced)         0.026     4.811    call_ret3_dense_latency_ap_fixed_16_6_5_3_0_ap_fixed_16_6_5_3_0_config4_s_fu_91_ap_return_2[14]
                         FDRE                                         r  layer4_out_2_reg_359_reg[14]/D
  -------------------------------------------------------------------    -------------------

                         (clock ap_clk rise edge)    10.000    10.000 r  
                                                      0.000    10.000 r  ap_clk (IN)
                         net (fo=398, unset)          0.021    10.021    ap_clk
                         FDRE                                         r  layer4_out_2_reg_359_reg[14]/C
                         clock pessimism              0.000    10.021    
                         clock uncertainty           -0.035     9.986    
                         FDRE (Setup_FDRE_C_D)        0.025    10.011    layer4_out_2_reg_359_reg[14]
  -------------------------------------------------------------------
                         required time                         10.011    
                         arrival time                          -4.811    
  -------------------------------------------------------------------
                         slack                                  5.200    

Slack (MET) :             5.234ns  (required time - arrival time)
  Source:                 layer2_out_7_reg_344_reg[1]/C
                            (rising edge-triggered cell FDRE clocked by ap_clk  {rise@0.000ns fall@5.000ns period=10.000ns})
  Destination:            layer4_out_5_reg_374_reg[12]/D
                            (rising edge-triggered cell FDRE clocked by ap_clk  {rise@0.000ns fall@5.000ns period=10.000ns})
  Path Group:             ap_clk
  Path Type:              Setup (Max at Slow Process Corner)
  Requirement:            10.000ns  (ap_clk rise@10.000ns - ap_clk rise@0.000ns)
  Data Path Delay:        4.747ns  (logic 2.483ns (52.307%)  route 2.264ns (47.693%))
  Logic Levels:           18  (CARRY8=3 DSP_A_B_DATA=1 DSP_ALU=1 DSP_M_DATA=1 DSP_MULTIPLIER=1 DSP_OUTPUT=1 DSP_PREADD_DATA=1 LUT2=2 LUT3=2 LUT5=4 LUT6=1)
  Clock Path Skew:        -0.009ns (DCD - SCD + CPR)
    Destination Clock Delay (DCD):    0.021ns = ( 10.021 - 10.000 ) 
    Source Clock Delay      (SCD):    0.030ns
    Clock Pessimism Removal (CPR):    0.000ns
  Clock Uncertainty:      0.035ns  ((TSJ^2 + TIJ^2)^1/2 + DJ) / 2 + PE
    Total System Jitter     (TSJ):    0.071ns
    Total Input Jitter      (TIJ):    0.000ns
    Discrete Jitter          (DJ):    0.000ns
    Phase Error              (PE):    0.000ns

    Location             Delay type                Incr(ns)  Path(ns)    Netlist Resource(s)
  -------------------------------------------------------------------    -------------------
                         (clock ap_clk rise edge)     0.000     0.000 r  
                                                      0.000     0.000 r  ap_clk (IN)
                         net (fo=398, unset)          0.030     0.030    ap_clk
                         FDRE                                         r  layer2_out_7_reg_344_reg[1]/C
  -------------------------------------------------------------------    -------------------
                         FDRE (Prop_FDRE_C_Q)         0.078     0.108 f  layer2_out_7_reg_344_reg[1]/Q
                         net (fo=6, unplaced)         0.159     0.267    call_ret3_dense_latency_ap_fixed_16_6_5_3_0_ap_fixed_16_6_5_3_0_config4_s_fu_91/mul_16s_10ns_26_1_1_U50/tmp_product_i_16__6_0[1]
                         LUT2 (Prop_LUT2_I1_O)        0.070     0.337 f  call_ret3_dense_latency_ap_fixed_16_6_5_3_0_ap_fixed_16_6_5_3_0_config4_s_fu_91/mul_16s_10ns_26_1_1_U50/tmp_product_i_24__6/O
                         net (fo=1, unplaced)         0.260     0.597    call_ret3_dense_latency_ap_fixed_16_6_5_3_0_ap_fixed_16_6_5_3_0_config4_s_fu_91/mul_16s_10ns_26_1_1_U50/tmp_product_i_24__6_n_0
                         CARRY8 (Prop_CARRY8_DI[0]_CO[7])
                                                      0.140     0.737 f  call_ret3_dense_latency_ap_fixed_16_6_5_3_0_ap_fixed_16_6_5_3_0_config4_s_fu_91/mul_16s_10ns_26_1_1_U50/tmp_product_i_16__6/CO[7]
                         net (fo=50, unplaced)        0.185     0.922    call_ret3_dense_latency_ap_fixed_16_6_5_3_0_ap_fixed_16_6_5_3_0_config4_s_fu_91/mul_16s_10ns_26_1_1_U50/CO[0]
                         LUT2 (Prop_LUT2_I0_O)        0.038     0.960 f  call_ret3_dense_latency_ap_fixed_16_6_5_3_0_ap_fixed_16_6_5_3_0_config4_s_fu_91/mul_16s_10ns_26_1_1_U50/tmp_product_i_7__10/O
                         net (fo=7, unplaced)         0.253     1.213    call_ret3_dense_latency_ap_fixed_16_6_5_3_0_ap_fixed_16_6_5_3_0_config4_s_fu_91/mul_16s_8ns_24_1_1_U55/tmp_product/A[8]
                         DSP_A_B_DATA (Prop_DSP_A_B_DATA_A[8]_A2_DATA[8])
                                                      0.192     1.405 r  call_ret3_dense_latency_ap_fixed_16_6_5_3_0_ap_fixed_16_6_5_3_0_config4_s_fu_91/mul_16s_8ns_24_1_1_U55/tmp_product/DSP_A_B_DATA_INST/A2_DATA[8]
                         net (fo=1, unplaced)         0.000     1.405    call_ret3_dense_latency_ap_fixed_16_6_5_3_0_ap_fixed_16_6_5_3_0_config4_s_fu_91/mul_16s_8ns_24_1_1_U55/tmp_product/DSP_A_B_DATA.A2_DATA<8>
                         DSP_PREADD_DATA (Prop_DSP_PREADD_DATA_A2_DATA[8]_A2A1[8])
                                                      0.076     1.481 r  call_ret3_dense_latency_ap_fixed_16_6_5_3_0_ap_fixed_16_6_5_3_0_config4_s_fu_91/mul_16s_8ns_24_1_1_U55/tmp_product/DSP_PREADD_DATA_INST/A2A1[8]
                         net (fo=1, unplaced)         0.000     1.481    call_ret3_dense_latency_ap_fixed_16_6_5_3_0_ap_fixed_16_6_5_3_0_config4_s_fu_91/mul_16s_8ns_24_1_1_U55/tmp_product/DSP_PREADD_DATA.A2A1<8>
                         DSP_MULTIPLIER (Prop_DSP_MULTIPLIER_A2A1[8]_U[15])
                                                      0.505     1.986 f  call_ret3_dense_latency_ap_fixed_16_6_5_3_0_ap_fixed_16_6_5_3_0_config4_s_fu_91/mul_16s_8ns_24_1_1_U55/tmp_product/DSP_MULTIPLIER_INST/U[15]
                         net (fo=1, unplaced)         0.000     1.986    call_ret3_dense_latency_ap_fixed_16_6_5_3_0_ap_fixed_16_6_5_3_0_config4_s_fu_91/mul_16s_8ns_24_1_1_U55/tmp_product/DSP_MULTIPLIER.U<15>
                         DSP_M_DATA (Prop_DSP_M_DATA_U[15]_U_DATA[15])
                                                      0.047     2.033 r  call_ret3_dense_latency_ap_fixed_16_6_5_3_0_ap_fixed_16_6_5_3_0_config4_s_fu_91/mul_16s_8ns_24_1_1_U55/tmp_product/DSP_M_DATA_INST/U_DATA[15]
                         net (fo=1, unplaced)         0.000     2.033    call_ret3_dense_latency_ap_fixed_16_6_5_3_0_ap_fixed_16_6_5_3_0_config4_s_fu_91/mul_16s_8ns_24_1_1_U55/tmp_product/DSP_M_DATA.U_DATA<15>
                         DSP_ALU (Prop_DSP_ALU_U_DATA[15]_ALU_OUT[15])
                                                      0.585     2.618 f  call_ret3_dense_latency_ap_fixed_16_6_5_3_0_ap_fixed_16_6_5_3_0_config4_s_fu_91/mul_16s_8ns_24_1_1_U55/tmp_product/DSP_ALU_INST/ALU_OUT[15]
                         net (fo=1, unplaced)         0.000     2.618    call_ret3_dense_latency_ap_fixed_16_6_5_3_0_ap_fixed_16_6_5_3_0_config4_s_fu_91/mul_16s_8ns_24_1_1_U55/tmp_product/DSP_ALU.ALU_OUT<15>
                         DSP_OUTPUT (Prop_DSP_OUTPUT_ALU_OUT[15]_P[15])
                                                      0.109     2.727 r  call_ret3_dense_latency_ap_fixed_16_6_5_3_0_ap_fixed_16_6_5_3_0_config4_s_fu_91/mul_16s_8ns_24_1_1_U55/tmp_product/DSP_OUTPUT_INST/P[15]
                         net (fo=3, unplaced)         0.221     2.948    call_ret3_dense_latency_ap_fixed_16_6_5_3_0_ap_fixed_16_6_5_3_0_config4_s_fu_91/mul_16s_8ns_24_1_1_U55/sext_ln73_21_fu_15669_p1[5]
                         LUT5 (Prop_LUT5_I0_O)        0.163     3.111 r  call_ret3_dense_latency_ap_fixed_16_6_5_3_0_ap_fixed_16_6_5_3_0_config4_s_fu_91/mul_16s_8ns_24_1_1_U55/layer4_out_5_reg_374[15]_i_99/O
                         net (fo=8, unplaced)         0.214     3.325    call_ret3_dense_latency_ap_fixed_16_6_5_3_0_ap_fixed_16_6_5_3_0_config4_s_fu_91/mul_16s_8ns_24_1_1_U55/layer4_out_5_reg_374[15]_i_99_n_0
                         LUT5 (Prop_LUT5_I3_O)        0.070     3.395 f  call_ret3_dense_latency_ap_fixed_16_6_5_3_0_ap_fixed_16_6_5_3_0_config4_s_fu_91/mul_16s_8ns_24_1_1_U55/layer4_out_5_reg_374[15]_i_98/O
                         net (fo=2, unplaced)         0.137     3.532    call_ret3_dense_latency_ap_fixed_16_6_5_3_0_ap_fixed_16_6_5_3_0_config4_s_fu_91/mul_16s_10ns_26_1_1_U87/layer4_out_5_reg_374[15]_i_46_0
                         LUT3 (Prop_LUT3_I2_O)        0.053     3.585 r  call_ret3_dense_latency_ap_fixed_16_6_5_3_0_ap_fixed_16_6_5_3_0_config4_s_fu_91/mul_16s_10ns_26_1_1_U87/layer4_out_5_reg_374[15]_i_38/O
                         net (fo=2, unplaced)         0.186     3.771    call_ret3_dense_latency_ap_fixed_16_6_5_3_0_ap_fixed_16_6_5_3_0_config4_s_fu_91/mul_16s_8ns_24_1_1_U55/layer4_out_5_reg_374_reg[15]_i_18_0[0]
                         LUT5 (Prop_LUT5_I4_O)        0.037     3.808 r  call_ret3_dense_latency_ap_fixed_16_6_5_3_0_ap_fixed_16_6_5_3_0_config4_s_fu_91/mul_16s_8ns_24_1_1_U55/layer4_out_5_reg_374[15]_i_46/O
                         net (fo=1, unplaced)         0.028     3.836    call_ret3_dense_latency_ap_fixed_16_6_5_3_0_ap_fixed_16_6_5_3_0_config4_s_fu_91/mul_16s_8ns_24_1_1_U55/layer4_out_5_reg_374[15]_i_46_n_0
                         CARRY8 (Prop_CARRY8_S[2]_O[2])
                                                      0.058     3.894 r  call_ret3_dense_latency_ap_fixed_16_6_5_3_0_ap_fixed_16_6_5_3_0_config4_s_fu_91/mul_16s_8ns_24_1_1_U55/layer4_out_5_reg_374_reg[15]_i_18/O[2]
                         net (fo=3, unplaced)         0.192     4.086    call_ret3_dense_latency_ap_fixed_16_6_5_3_0_ap_fixed_16_6_5_3_0_config4_s_fu_91/mul_16s_10s_26_1_1_U62/layer4_out_5_reg_374[15]_i_2[2]
                         LUT3 (Prop_LUT3_I2_O)        0.038     4.124 r  call_ret3_dense_latency_ap_fixed_16_6_5_3_0_ap_fixed_16_6_5_3_0_config4_s_fu_91/mul_16s_10s_26_1_1_U62/layer4_out_5_reg_374[15]_i_23/O
                         net (fo=2, unplaced)         0.186     4.310    call_ret3_dense_latency_ap_fixed_16_6_5_3_0_ap_fixed_16_6_5_3_0_config4_s_fu_91/mul_16s_10s_26_1_1_U62/layer4_out_5_reg_374[15]_i_23_n_0
                         LUT5 (Prop_LUT5_I0_O)        0.038     4.348 r  call_ret3_dense_latency_ap_fixed_16_6_5_3_0_ap_fixed_16_6_5_3_0_config4_s_fu_91/mul_16s_10s_26_1_1_U62/layer4_out_5_reg_374[15]_i_5/O
                         net (fo=2, unplaced)         0.186     4.534    call_ret3_dense_latency_ap_fixed_16_6_5_3_0_ap_fixed_16_6_5_3_0_config4_s_fu_91/mul_16s_10s_26_1_1_U62/layer4_out_5_reg_374[15]_i_5_n_0
                         LUT6 (Prop_LUT6_I0_O)        0.037     4.571 r  call_ret3_dense_latency_ap_fixed_16_6_5_3_0_ap_fixed_16_6_5_3_0_config4_s_fu_91/mul_16s_10s_26_1_1_U62/layer4_out_5_reg_374[15]_i_13/O
                         net (fo=1, unplaced)         0.032     4.603    call_ret3_dense_latency_ap_fixed_16_6_5_3_0_ap_fixed_16_6_5_3_0_config4_s_fu_91/mul_16s_10s_26_1_1_U62/layer4_out_5_reg_374[15]_i_13_n_0
                         CARRY8 (Prop_CARRY8_S[3]_O[4])
                                                      0.149     4.752 r  call_ret3_dense_latency_ap_fixed_16_6_5_3_0_ap_fixed_16_6_5_3_0_config4_s_fu_91/mul_16s_10s_26_1_1_U62/layer4_out_5_reg_374_reg[15]_i_1/O[4]
                         net (fo=1, unplaced)         0.025     4.777    call_ret3_dense_latency_ap_fixed_16_6_5_3_0_ap_fixed_16_6_5_3_0_config4_s_fu_91_ap_return_5[12]
                         FDRE                                         r  layer4_out_5_reg_374_reg[12]/D
  -------------------------------------------------------------------    -------------------

                         (clock ap_clk rise edge)    10.000    10.000 r  
                                                      0.000    10.000 r  ap_clk (IN)
                         net (fo=398, unset)          0.021    10.021    ap_clk
                         FDRE                                         r  layer4_out_5_reg_374_reg[12]/C
                         clock pessimism              0.000    10.021    
                         clock uncertainty           -0.035     9.986    
                         FDRE (Setup_FDRE_C_D)        0.025    10.011    layer4_out_5_reg_374_reg[12]
  -------------------------------------------------------------------
                         required time                         10.011    
                         arrival time                          -4.777    
  -------------------------------------------------------------------
                         slack                                  5.234    

Slack (MET) :             5.234ns  (required time - arrival time)
  Source:                 layer2_out_7_reg_344_reg[1]/C
                            (rising edge-triggered cell FDRE clocked by ap_clk  {rise@0.000ns fall@5.000ns period=10.000ns})
  Destination:            layer4_out_7_reg_384_reg[13]/D
                            (rising edge-triggered cell FDRE clocked by ap_clk  {rise@0.000ns fall@5.000ns period=10.000ns})
  Path Group:             ap_clk
  Path Type:              Setup (Max at Slow Process Corner)
  Requirement:            10.000ns  (ap_clk rise@10.000ns - ap_clk rise@0.000ns)
  Data Path Delay:        4.747ns  (logic 2.442ns (51.443%)  route 2.305ns (48.557%))
  Logic Levels:           18  (CARRY8=3 DSP_A_B_DATA=1 DSP_ALU=1 DSP_M_DATA=1 DSP_MULTIPLIER=1 DSP_OUTPUT=1 DSP_PREADD_DATA=1 LUT2=2 LUT3=2 LUT4=1 LUT5=2 LUT6=2)
  Clock Path Skew:        -0.009ns (DCD - SCD + CPR)
    Destination Clock Delay (DCD):    0.021ns = ( 10.021 - 10.000 ) 
    Source Clock Delay      (SCD):    0.030ns
    Clock Pessimism Removal (CPR):    0.000ns
  Clock Uncertainty:      0.035ns  ((TSJ^2 + TIJ^2)^1/2 + DJ) / 2 + PE
    Total System Jitter     (TSJ):    0.071ns
    Total Input Jitter      (TIJ):    0.000ns
    Discrete Jitter          (DJ):    0.000ns
    Phase Error              (PE):    0.000ns

    Location             Delay type                Incr(ns)  Path(ns)    Netlist Resource(s)
  -------------------------------------------------------------------    -------------------
                         (clock ap_clk rise edge)     0.000     0.000 r  
                                                      0.000     0.000 r  ap_clk (IN)
                         net (fo=398, unset)          0.030     0.030    ap_clk
                         FDRE                                         r  layer2_out_7_reg_344_reg[1]/C
  -------------------------------------------------------------------    -------------------
                         FDRE (Prop_FDRE_C_Q)         0.078     0.108 f  layer2_out_7_reg_344_reg[1]/Q
                         net (fo=6, unplaced)         0.159     0.267    call_ret3_dense_latency_ap_fixed_16_6_5_3_0_ap_fixed_16_6_5_3_0_config4_s_fu_91/mul_16s_10ns_26_1_1_U50/tmp_product_i_16__6_0[1]
                         LUT2 (Prop_LUT2_I1_O)        0.070     0.337 f  call_ret3_dense_latency_ap_fixed_16_6_5_3_0_ap_fixed_16_6_5_3_0_config4_s_fu_91/mul_16s_10ns_26_1_1_U50/tmp_product_i_24__6/O
                         net (fo=1, unplaced)         0.260     0.597    call_ret3_dense_latency_ap_fixed_16_6_5_3_0_ap_fixed_16_6_5_3_0_config4_s_fu_91/mul_16s_10ns_26_1_1_U50/tmp_product_i_24__6_n_0
                         CARRY8 (Prop_CARRY8_DI[0]_CO[7])
                                                      0.140     0.737 f  call_ret3_dense_latency_ap_fixed_16_6_5_3_0_ap_fixed_16_6_5_3_0_config4_s_fu_91/mul_16s_10ns_26_1_1_U50/tmp_product_i_16__6/CO[7]
                         net (fo=50, unplaced)        0.185     0.922    call_ret3_dense_latency_ap_fixed_16_6_5_3_0_ap_fixed_16_6_5_3_0_config4_s_fu_91/mul_16s_10ns_26_1_1_U50/CO[0]
                         LUT2 (Prop_LUT2_I0_O)        0.038     0.960 f  call_ret3_dense_latency_ap_fixed_16_6_5_3_0_ap_fixed_16_6_5_3_0_config4_s_fu_91/mul_16s_10ns_26_1_1_U50/tmp_product_i_7__10/O
                         net (fo=7, unplaced)         0.253     1.213    call_ret3_dense_latency_ap_fixed_16_6_5_3_0_ap_fixed_16_6_5_3_0_config4_s_fu_91/mul_16s_8ns_24_1_1_U81/tmp_product/A[8]
                         DSP_A_B_DATA (Prop_DSP_A_B_DATA_A[8]_A2_DATA[8])
                                                      0.192     1.405 r  call_ret3_dense_latency_ap_fixed_16_6_5_3_0_ap_fixed_16_6_5_3_0_config4_s_fu_91/mul_16s_8ns_24_1_1_U81/tmp_product/DSP_A_B_DATA_INST/A2_DATA[8]
                         net (fo=1, unplaced)         0.000     1.405    call_ret3_dense_latency_ap_fixed_16_6_5_3_0_ap_fixed_16_6_5_3_0_config4_s_fu_91/mul_16s_8ns_24_1_1_U81/tmp_product/DSP_A_B_DATA.A2_DATA<8>
                         DSP_PREADD_DATA (Prop_DSP_PREADD_DATA_A2_DATA[8]_A2A1[8])
                                                      0.076     1.481 r  call_ret3_dense_latency_ap_fixed_16_6_5_3_0_ap_fixed_16_6_5_3_0_config4_s_fu_91/mul_16s_8ns_24_1_1_U81/tmp_product/DSP_PREADD_DATA_INST/A2A1[8]
                         net (fo=1, unplaced)         0.000     1.481    call_ret3_dense_latency_ap_fixed_16_6_5_3_0_ap_fixed_16_6_5_3_0_config4_s_fu_91/mul_16s_8ns_24_1_1_U81/tmp_product/DSP_PREADD_DATA.A2A1<8>
                         DSP_MULTIPLIER (Prop_DSP_MULTIPLIER_A2A1[8]_U[13])
                                                      0.505     1.986 f  call_ret3_dense_latency_ap_fixed_16_6_5_3_0_ap_fixed_16_6_5_3_0_config4_s_fu_91/mul_16s_8ns_24_1_1_U81/tmp_product/DSP_MULTIPLIER_INST/U[13]
                         net (fo=1, unplaced)         0.000     1.986    call_ret3_dense_latency_ap_fixed_16_6_5_3_0_ap_fixed_16_6_5_3_0_config4_s_fu_91/mul_16s_8ns_24_1_1_U81/tmp_product/DSP_MULTIPLIER.U<13>
                         DSP_M_DATA (Prop_DSP_M_DATA_U[13]_U_DATA[13])
                                                      0.047     2.033 r  call_ret3_dense_latency_ap_fixed_16_6_5_3_0_ap_fixed_16_6_5_3_0_config4_s_fu_91/mul_16s_8ns_24_1_1_U81/tmp_product/DSP_M_DATA_INST/U_DATA[13]
                         net (fo=1, unplaced)         0.000     2.033    call_ret3_dense_latency_ap_fixed_16_6_5_3_0_ap_fixed_16_6_5_3_0_config4_s_fu_91/mul_16s_8ns_24_1_1_U81/tmp_product/DSP_M_DATA.U_DATA<13>
                         DSP_ALU (Prop_DSP_ALU_U_DATA[13]_ALU_OUT[13])
                                                      0.585     2.618 f  call_ret3_dense_latency_ap_fixed_16_6_5_3_0_ap_fixed_16_6_5_3_0_config4_s_fu_91/mul_16s_8ns_24_1_1_U81/tmp_product/DSP_ALU_INST/ALU_OUT[13]
                         net (fo=1, unplaced)         0.000     2.618    call_ret3_dense_latency_ap_fixed_16_6_5_3_0_ap_fixed_16_6_5_3_0_config4_s_fu_91/mul_16s_8ns_24_1_1_U81/tmp_product/DSP_ALU.ALU_OUT<13>
                         DSP_OUTPUT (Prop_DSP_OUTPUT_ALU_OUT[13]_P[13])
                                                      0.109     2.727 r  call_ret3_dense_latency_ap_fixed_16_6_5_3_0_ap_fixed_16_6_5_3_0_config4_s_fu_91/mul_16s_8ns_24_1_1_U81/tmp_product/DSP_OUTPUT_INST/P[13]
                         net (fo=5, unplaced)         0.229     2.956    call_ret3_dense_latency_ap_fixed_16_6_5_3_0_ap_fixed_16_6_5_3_0_config4_s_fu_91/mul_16s_8ns_24_1_1_U81/sext_ln58_fu_15693_p1[3]
                         LUT6 (Prop_LUT6_I2_O)        0.100     3.056 r  call_ret3_dense_latency_ap_fixed_16_6_5_3_0_ap_fixed_16_6_5_3_0_config4_s_fu_91/mul_16s_8ns_24_1_1_U81/layer4_out_7_reg_384[15]_i_95/O
                         net (fo=9, unplaced)         0.217     3.273    call_ret3_dense_latency_ap_fixed_16_6_5_3_0_ap_fixed_16_6_5_3_0_config4_s_fu_91/mul_16s_8ns_24_1_1_U81/tmp_product_3
                         LUT5 (Prop_LUT5_I2_O)        0.038     3.311 f  call_ret3_dense_latency_ap_fixed_16_6_5_3_0_ap_fixed_16_6_5_3_0_config4_s_fu_91/mul_16s_8ns_24_1_1_U81/layer4_out_7_reg_384[15]_i_94/O
                         net (fo=2, unplaced)         0.186     3.497    call_ret3_dense_latency_ap_fixed_16_6_5_3_0_ap_fixed_16_6_5_3_0_config4_s_fu_91/mul_16s_8ns_24_1_1_U81_n_18
                         LUT3 (Prop_LUT3_I2_O)        0.072     3.569 r  call_ret3_dense_latency_ap_fixed_16_6_5_3_0_ap_fixed_16_6_5_3_0_config4_s_fu_91/layer4_out_7_reg_384[15]_i_51/O
                         net (fo=2, unplaced)         0.167     3.736    call_ret3_dense_latency_ap_fixed_16_6_5_3_0_ap_fixed_16_6_5_3_0_config4_s_fu_91/layer4_out_7_reg_384[15]_i_51_n_0
                         LUT4 (Prop_LUT4_I3_O)        0.037     3.773 r  call_ret3_dense_latency_ap_fixed_16_6_5_3_0_ap_fixed_16_6_5_3_0_config4_s_fu_91/layer4_out_7_reg_384[15]_i_59/O
                         net (fo=1, unplaced)         0.028     3.801    call_ret3_dense_latency_ap_fixed_16_6_5_3_0_ap_fixed_16_6_5_3_0_config4_s_fu_91/layer4_out_7_reg_384[15]_i_59_n_0
                         CARRY8 (Prop_CARRY8_S[2]_O[2])
                                                      0.058     3.859 r  call_ret3_dense_latency_ap_fixed_16_6_5_3_0_ap_fixed_16_6_5_3_0_config4_s_fu_91/layer4_out_7_reg_384_reg[15]_i_18/O[2]
                         net (fo=3, unplaced)         0.192     4.051    call_ret3_dense_latency_ap_fixed_16_6_5_3_0_ap_fixed_16_6_5_3_0_config4_s_fu_91/mul_16s_8ns_24_1_1_U56/layer4_out_7_reg_384[15]_i_12_0[2]
                         LUT3 (Prop_LUT3_I2_O)        0.038     4.089 r  call_ret3_dense_latency_ap_fixed_16_6_5_3_0_ap_fixed_16_6_5_3_0_config4_s_fu_91/mul_16s_8ns_24_1_1_U56/layer4_out_7_reg_384[15]_i_22/O
                         net (fo=2, unplaced)         0.186     4.275    call_ret3_dense_latency_ap_fixed_16_6_5_3_0_ap_fixed_16_6_5_3_0_config4_s_fu_91/mul_16s_8ns_24_1_1_U56/tmp_product_9
                         LUT5 (Prop_LUT5_I1_O)        0.038     4.313 r  call_ret3_dense_latency_ap_fixed_16_6_5_3_0_ap_fixed_16_6_5_3_0_config4_s_fu_91/mul_16s_8ns_24_1_1_U56/layer4_out_7_reg_384[15]_i_5/O
                         net (fo=2, unplaced)         0.186     4.499    call_ret3_dense_latency_ap_fixed_16_6_5_3_0_ap_fixed_16_6_5_3_0_config4_s_fu_91/mul_16s_8ns_24_1_1_U56_n_26
                         LUT6 (Prop_LUT6_I0_O)        0.037     4.536 r  call_ret3_dense_latency_ap_fixed_16_6_5_3_0_ap_fixed_16_6_5_3_0_config4_s_fu_91/layer4_out_7_reg_384[15]_i_13/O
                         net (fo=1, unplaced)         0.032     4.568    call_ret3_dense_latency_ap_fixed_16_6_5_3_0_ap_fixed_16_6_5_3_0_config4_s_fu_91/layer4_out_7_reg_384[15]_i_13_n_0
                         CARRY8 (Prop_CARRY8_S[3]_O[5])
                                                      0.184     4.752 r  call_ret3_dense_latency_ap_fixed_16_6_5_3_0_ap_fixed_16_6_5_3_0_config4_s_fu_91/layer4_out_7_reg_384_reg[15]_i_1/O[5]
                         net (fo=1, unplaced)         0.025     4.777    call_ret3_dense_latency_ap_fixed_16_6_5_3_0_ap_fixed_16_6_5_3_0_config4_s_fu_91_ap_return_7[13]
                         FDRE                                         r  layer4_out_7_reg_384_reg[13]/D
  -------------------------------------------------------------------    -------------------

                         (clock ap_clk rise edge)    10.000    10.000 r  
                                                      0.000    10.000 r  ap_clk (IN)
                         net (fo=398, unset)          0.021    10.021    ap_clk
                         FDRE                                         r  layer4_out_7_reg_384_reg[13]/C
                         clock pessimism              0.000    10.021    
                         clock uncertainty           -0.035     9.986    
                         FDRE (Setup_FDRE_C_D)        0.025    10.011    layer4_out_7_reg_384_reg[13]
  -------------------------------------------------------------------
                         required time                         10.011    
                         arrival time                          -4.777    
  -------------------------------------------------------------------
                         slack                                  5.234    

Slack (MET) :             5.238ns  (required time - arrival time)
  Source:                 layer4_out_7_reg_384_reg[1]/C
                            (rising edge-triggered cell FDRE clocked by ap_clk  {rise@0.000ns fall@5.000ns period=10.000ns})
  Destination:            layer6_out_1_reg_394_reg[15]/D
                            (rising edge-triggered cell FDRE clocked by ap_clk  {rise@0.000ns fall@5.000ns period=10.000ns})
  Path Group:             ap_clk
  Path Type:              Setup (Max at Slow Process Corner)
  Requirement:            10.000ns  (ap_clk rise@10.000ns - ap_clk rise@0.000ns)
  Data Path Delay:        4.743ns  (logic 2.443ns (51.507%)  route 2.300ns (48.493%))
  Logic Levels:           18  (CARRY8=3 DSP_A_B_DATA=1 DSP_ALU=1 DSP_M_DATA=1 DSP_MULTIPLIER=1 DSP_OUTPUT=1 DSP_PREADD_DATA=1 LUT2=3 LUT3=1 LUT4=1 LUT5=1 LUT6=3)
  Clock Path Skew:        -0.009ns (DCD - SCD + CPR)
    Destination Clock Delay (DCD):    0.021ns = ( 10.021 - 10.000 ) 
    Source Clock Delay      (SCD):    0.030ns
    Clock Pessimism Removal (CPR):    0.000ns
  Clock Uncertainty:      0.035ns  ((TSJ^2 + TIJ^2)^1/2 + DJ) / 2 + PE
    Total System Jitter     (TSJ):    0.071ns
    Total Input Jitter      (TIJ):    0.000ns
    Discrete Jitter          (DJ):    0.000ns
    Phase Error              (PE):    0.000ns

    Location             Delay type                Incr(ns)  Path(ns)    Netlist Resource(s)
  -------------------------------------------------------------------    -------------------
                         (clock ap_clk rise edge)     0.000     0.000 r  
                                                      0.000     0.000 r  ap_clk (IN)
                         net (fo=398, unset)          0.030     0.030    ap_clk
                         FDRE                                         r  layer4_out_7_reg_384_reg[1]/C
  -------------------------------------------------------------------    -------------------
                         FDRE (Prop_FDRE_C_Q)         0.078     0.108 f  layer4_out_7_reg_384_reg[1]/Q
                         net (fo=3, unplaced)         0.143     0.251    call_ret5_dense_latency_ap_fixed_16_6_5_3_0_ap_fixed_16_6_5_3_0_config6_s_fu_115/mul_16s_8ns_24_1_1_U126/tmp_product_i_16__14_0[1]
                         LUT2 (Prop_LUT2_I1_O)        0.070     0.321 f  call_ret5_dense_latency_ap_fixed_16_6_5_3_0_ap_fixed_16_6_5_3_0_config6_s_fu_115/mul_16s_8ns_24_1_1_U126/tmp_product_i_24__14/O
                         net (fo=1, unplaced)         0.260     0.581    call_ret5_dense_latency_ap_fixed_16_6_5_3_0_ap_fixed_16_6_5_3_0_config6_s_fu_115/mul_16s_8ns_24_1_1_U126/tmp_product_i_24__14_n_0
                         CARRY8 (Prop_CARRY8_DI[0]_CO[7])
                                                      0.140     0.721 f  call_ret5_dense_latency_ap_fixed_16_6_5_3_0_ap_fixed_16_6_5_3_0_config6_s_fu_115/mul_16s_8ns_24_1_1_U126/tmp_product_i_16__14/CO[7]
                         net (fo=15, unplaced)        0.158     0.879    call_ret5_dense_latency_ap_fixed_16_6_5_3_0_ap_fixed_16_6_5_3_0_config6_s_fu_115/mul_16s_8ns_24_1_1_U126/call_ret4_relu_ap_fixed_16_6_5_3_0_ap_fixed_16_6_5_3_0_relu_config5_s_fu_103/icmp_ln45_7_fu_238_p2
                         LUT2 (Prop_LUT2_I0_O)        0.038     0.917 f  call_ret5_dense_latency_ap_fixed_16_6_5_3_0_ap_fixed_16_6_5_3_0_config6_s_fu_115/mul_16s_8ns_24_1_1_U126/tmp_product_i_7__18/O
                         net (fo=3, unplaced)         0.234     1.151    call_ret5_dense_latency_ap_fixed_16_6_5_3_0_ap_fixed_16_6_5_3_0_config6_s_fu_115/mul_16s_8ns_24_1_1_U126/tmp_product/A[8]
                         DSP_A_B_DATA (Prop_DSP_A_B_DATA_A[8]_A2_DATA[8])
                                                      0.192     1.343 r  call_ret5_dense_latency_ap_fixed_16_6_5_3_0_ap_fixed_16_6_5_3_0_config6_s_fu_115/mul_16s_8ns_24_1_1_U126/tmp_product/DSP_A_B_DATA_INST/A2_DATA[8]
                         net (fo=1, unplaced)         0.000     1.343    call_ret5_dense_latency_ap_fixed_16_6_5_3_0_ap_fixed_16_6_5_3_0_config6_s_fu_115/mul_16s_8ns_24_1_1_U126/tmp_product/DSP_A_B_DATA.A2_DATA<8>
                         DSP_PREADD_DATA (Prop_DSP_PREADD_DATA_A2_DATA[8]_A2A1[8])
                                                      0.076     1.419 r  call_ret5_dense_latency_ap_fixed_16_6_5_3_0_ap_fixed_16_6_5_3_0_config6_s_fu_115/mul_16s_8ns_24_1_1_U126/tmp_product/DSP_PREADD_DATA_INST/A2A1[8]
                         net (fo=1, unplaced)         0.000     1.419    call_ret5_dense_latency_ap_fixed_16_6_5_3_0_ap_fixed_16_6_5_3_0_config6_s_fu_115/mul_16s_8ns_24_1_1_U126/tmp_product/DSP_PREADD_DATA.A2A1<8>
                         DSP_MULTIPLIER (Prop_DSP_MULTIPLIER_A2A1[8]_U[13])
                                                      0.505     1.924 f  call_ret5_dense_latency_ap_fixed_16_6_5_3_0_ap_fixed_16_6_5_3_0_config6_s_fu_115/mul_16s_8ns_24_1_1_U126/tmp_product/DSP_MULTIPLIER_INST/U[13]
                         net (fo=1, unplaced)         0.000     1.924    call_ret5_dense_latency_ap_fixed_16_6_5_3_0_ap_fixed_16_6_5_3_0_config6_s_fu_115/mul_16s_8ns_24_1_1_U126/tmp_product/DSP_MULTIPLIER.U<13>
                         DSP_M_DATA (Prop_DSP_M_DATA_U[13]_U_DATA[13])
                                                      0.047     1.971 r  call_ret5_dense_latency_ap_fixed_16_6_5_3_0_ap_fixed_16_6_5_3_0_config6_s_fu_115/mul_16s_8ns_24_1_1_U126/tmp_product/DSP_M_DATA_INST/U_DATA[13]
                         net (fo=1, unplaced)         0.000     1.971    call_ret5_dense_latency_ap_fixed_16_6_5_3_0_ap_fixed_16_6_5_3_0_config6_s_fu_115/mul_16s_8ns_24_1_1_U126/tmp_product/DSP_M_DATA.U_DATA<13>
                         DSP_ALU (Prop_DSP_ALU_U_DATA[13]_ALU_OUT[13])
                                                      0.585     2.556 f  call_ret5_dense_latency_ap_fixed_16_6_5_3_0_ap_fixed_16_6_5_3_0_config6_s_fu_115/mul_16s_8ns_24_1_1_U126/tmp_product/DSP_ALU_INST/ALU_OUT[13]
                         net (fo=1, unplaced)         0.000     2.556    call_ret5_dense_latency_ap_fixed_16_6_5_3_0_ap_fixed_16_6_5_3_0_config6_s_fu_115/mul_16s_8ns_24_1_1_U126/tmp_product/DSP_ALU.ALU_OUT<13>
                         DSP_OUTPUT (Prop_DSP_OUTPUT_ALU_OUT[13]_P[13])
                                                      0.109     2.665 r  call_ret5_dense_latency_ap_fixed_16_6_5_3_0_ap_fixed_16_6_5_3_0_config6_s_fu_115/mul_16s_8ns_24_1_1_U126/tmp_product/DSP_OUTPUT_INST/P[13]
                         net (fo=10, unplaced)        0.284     2.949    call_ret5_dense_latency_ap_fixed_16_6_5_3_0_ap_fixed_16_6_5_3_0_config6_s_fu_115/mul_16s_8ns_24_1_1_U126/P[3]
                         LUT2 (Prop_LUT2_I1_O)        0.038     2.987 r  call_ret5_dense_latency_ap_fixed_16_6_5_3_0_ap_fixed_16_6_5_3_0_config6_s_fu_115/mul_16s_8ns_24_1_1_U126/layer6_out_1_reg_394[15]_i_102/O
                         net (fo=3, unplaced)         0.192     3.179    call_ret5_dense_latency_ap_fixed_16_6_5_3_0_ap_fixed_16_6_5_3_0_config6_s_fu_115/mul_16s_8ns_24_1_1_U126/tmp_product_1
                         LUT6 (Prop_LUT6_I1_O)        0.038     3.217 r  call_ret5_dense_latency_ap_fixed_16_6_5_3_0_ap_fixed_16_6_5_3_0_config6_s_fu_115/mul_16s_8ns_24_1_1_U126/layer6_out_1_reg_394[15]_i_95/O
                         net (fo=9, unplaced)         0.217     3.434    call_ret5_dense_latency_ap_fixed_16_6_5_3_0_ap_fixed_16_6_5_3_0_config6_s_fu_115/mul_16s_8ns_24_1_1_U126_n_38
                         LUT4 (Prop_LUT4_I2_O)        0.072     3.506 r  call_ret5_dense_latency_ap_fixed_16_6_5_3_0_ap_fixed_16_6_5_3_0_config6_s_fu_115/layer6_out_1_reg_394[15]_i_52/O
                         net (fo=2, unplaced)         0.167     3.673    call_ret5_dense_latency_ap_fixed_16_6_5_3_0_ap_fixed_16_6_5_3_0_config6_s_fu_115/layer6_out_1_reg_394[15]_i_52_n_0
                         LUT6 (Prop_LUT6_I0_O)        0.037     3.710 r  call_ret5_dense_latency_ap_fixed_16_6_5_3_0_ap_fixed_16_6_5_3_0_config6_s_fu_115/layer6_out_1_reg_394[15]_i_60/O
                         net (fo=1, unplaced)         0.028     3.738    call_ret5_dense_latency_ap_fixed_16_6_5_3_0_ap_fixed_16_6_5_3_0_config6_s_fu_115/layer6_out_1_reg_394[15]_i_60_n_0
                         CARRY8 (Prop_CARRY8_S[2]_O[4])
                                                      0.167     3.905 r  call_ret5_dense_latency_ap_fixed_16_6_5_3_0_ap_fixed_16_6_5_3_0_config6_s_fu_115/layer6_out_1_reg_394_reg[15]_i_19/O[4]
                         net (fo=3, unplaced)         0.190     4.095    call_ret5_dense_latency_ap_fixed_16_6_5_3_0_ap_fixed_16_6_5_3_0_config6_s_fu_115/mul_16s_10ns_26_1_1_U139/layer6_out_1_reg_394[15]_i_10[4]
                         LUT3 (Prop_LUT3_I2_O)        0.038     4.133 r  call_ret5_dense_latency_ap_fixed_16_6_5_3_0_ap_fixed_16_6_5_3_0_config6_s_fu_115/mul_16s_10ns_26_1_1_U139/layer6_out_1_reg_394[15]_i_20/O
                         net (fo=2, unplaced)         0.186     4.319    call_ret5_dense_latency_ap_fixed_16_6_5_3_0_ap_fixed_16_6_5_3_0_config6_s_fu_115/mul_16s_10ns_26_1_1_U139/tmp_product_12
                         LUT5 (Prop_LUT5_I0_O)        0.038     4.357 r  call_ret5_dense_latency_ap_fixed_16_6_5_3_0_ap_fixed_16_6_5_3_0_config6_s_fu_115/mul_16s_10ns_26_1_1_U139/layer6_out_1_reg_394[15]_i_3/O
                         net (fo=2, unplaced)         0.186     4.543    call_ret5_dense_latency_ap_fixed_16_6_5_3_0_ap_fixed_16_6_5_3_0_config6_s_fu_115/mul_16s_10ns_26_1_1_U139_n_43
                         LUT6 (Prop_LUT6_I0_O)        0.037     4.580 r  call_ret5_dense_latency_ap_fixed_16_6_5_3_0_ap_fixed_16_6_5_3_0_config6_s_fu_115/layer6_out_1_reg_394[15]_i_11/O
                         net (fo=1, unplaced)         0.029     4.609    call_ret5_dense_latency_ap_fixed_16_6_5_3_0_ap_fixed_16_6_5_3_0_config6_s_fu_115/layer6_out_1_reg_394[15]_i_11_n_0
                         CARRY8 (Prop_CARRY8_S[5]_O[7])
                                                      0.138     4.747 r  call_ret5_dense_latency_ap_fixed_16_6_5_3_0_ap_fixed_16_6_5_3_0_config6_s_fu_115/layer6_out_1_reg_394_reg[15]_i_1/O[7]
                         net (fo=1, unplaced)         0.026     4.773    call_ret5_dense_latency_ap_fixed_16_6_5_3_0_ap_fixed_16_6_5_3_0_config6_s_fu_115_ap_return_1[15]
                         FDRE                                         r  layer6_out_1_reg_394_reg[15]/D
  -------------------------------------------------------------------    -------------------

                         (clock ap_clk rise edge)    10.000    10.000 r  
                                                      0.000    10.000 r  ap_clk (IN)
                         net (fo=398, unset)          0.021    10.021    ap_clk
                         FDRE                                         r  layer6_out_1_reg_394_reg[15]/C
                         clock pessimism              0.000    10.021    
                         clock uncertainty           -0.035     9.986    
                         FDRE (Setup_FDRE_C_D)        0.025    10.011    layer6_out_1_reg_394_reg[15]
  -------------------------------------------------------------------
                         required time                         10.011    
                         arrival time                          -4.773    
  -------------------------------------------------------------------
                         slack                                  5.238    





Pulse Width Checks
--------------------------------------------------------------------------------------
Clock Name:         ap_clk
Waveform(ns):       { 0.000 5.000 }
Period(ns):         10.000
Sources:            { ap_clk }

Check Type        Corner  Lib Pin             Reference Pin  Required(ns)  Actual(ns)  Slack(ns)  Location  Pin
Min Period        n/a     RAMB18E2/CLKARDCLK  n/a            1.355         10.000      8.645                grp_softmax_stable_ap_fixed_ap_fixed_16_6_5_3_0_softmax_config7_s_fu_127/exp_table_U/q0_reg/CLKARDCLK
Min Period        n/a     RAMB18E2/CLKBWRCLK  n/a            1.355         10.000      8.645                grp_softmax_stable_ap_fixed_ap_fixed_16_6_5_3_0_softmax_config7_s_fu_127/exp_table_U/q0_reg/CLKBWRCLK
Min Period        n/a     RAMB18E2/CLKARDCLK  n/a            1.355         10.000      8.645                grp_softmax_stable_ap_fixed_ap_fixed_16_6_5_3_0_softmax_config7_s_fu_127/exp_table_U/q2_reg/CLKARDCLK
Min Period        n/a     RAMB18E2/CLKARDCLK  n/a            1.355         10.000      8.645                grp_softmax_stable_ap_fixed_ap_fixed_16_6_5_3_0_softmax_config7_s_fu_127/invert_table_U/q0_reg/CLKARDCLK
Min Period        n/a     FDSE/C              n/a            0.550         10.000      9.450                ap_block_pp0_stage0_subdone_grp0_done_reg_reg_inv/C
Min Period        n/a     FDRE/C              n/a            0.550         10.000      9.450                ap_enable_reg_pp0_iter1_reg/C
Min Period        n/a     FDRE/C              n/a            0.550         10.000      9.450                ap_enable_reg_pp0_iter2_reg/C
Min Period        n/a     FDRE/C              n/a            0.550         10.000      9.450                ap_enable_reg_pp0_iter3_reg/C
Min Period        n/a     FDRE/C              n/a            0.550         10.000      9.450                ap_enable_reg_pp0_iter4_reg/C
Min Period        n/a     FDRE/C              n/a            0.550         10.000      9.450                ap_enable_reg_pp0_iter5_reg/C
Low Pulse Width   Slow    RAMB18E2/CLKARDCLK  n/a            0.542         5.000       4.458                grp_softmax_stable_ap_fixed_ap_fixed_16_6_5_3_0_softmax_config7_s_fu_127/exp_table_U/q0_reg/CLKARDCLK
Low Pulse Width   Fast    RAMB18E2/CLKARDCLK  n/a            0.542         5.000       4.458                grp_softmax_stable_ap_fixed_ap_fixed_16_6_5_3_0_softmax_config7_s_fu_127/exp_table_U/q0_reg/CLKARDCLK
Low Pulse Width   Slow    RAMB18E2/CLKBWRCLK  n/a            0.542         5.000       4.458                grp_softmax_stable_ap_fixed_ap_fixed_16_6_5_3_0_softmax_config7_s_fu_127/exp_table_U/q0_reg/CLKBWRCLK
Low Pulse Width   Fast    RAMB18E2/CLKBWRCLK  n/a            0.542         5.000       4.458                grp_softmax_stable_ap_fixed_ap_fixed_16_6_5_3_0_softmax_config7_s_fu_127/exp_table_U/q0_reg/CLKBWRCLK
Low Pulse Width   Slow    RAMB18E2/CLKARDCLK  n/a            0.542         5.000       4.458                grp_softmax_stable_ap_fixed_ap_fixed_16_6_5_3_0_softmax_config7_s_fu_127/exp_table_U/q2_reg/CLKARDCLK
Low Pulse Width   Fast    RAMB18E2/CLKARDCLK  n/a            0.542         5.000       4.458                grp_softmax_stable_ap_fixed_ap_fixed_16_6_5_3_0_softmax_config7_s_fu_127/exp_table_U/q2_reg/CLKARDCLK
Low Pulse Width   Slow    RAMB18E2/CLKARDCLK  n/a            0.542         5.000       4.458                grp_softmax_stable_ap_fixed_ap_fixed_16_6_5_3_0_softmax_config7_s_fu_127/invert_table_U/q0_reg/CLKARDCLK
Low Pulse Width   Fast    RAMB18E2/CLKARDCLK  n/a            0.542         5.000       4.458                grp_softmax_stable_ap_fixed_ap_fixed_16_6_5_3_0_softmax_config7_s_fu_127/invert_table_U/q0_reg/CLKARDCLK
Low Pulse Width   Slow    FDSE/C              n/a            0.275         5.000       4.725                ap_block_pp0_stage0_subdone_grp0_done_reg_reg_inv/C
Low Pulse Width   Fast    FDSE/C              n/a            0.275         5.000       4.725                ap_block_pp0_stage0_subdone_grp0_done_reg_reg_inv/C
High Pulse Width  Slow    RAMB18E2/CLKARDCLK  n/a            0.542         5.000       4.458                grp_softmax_stable_ap_fixed_ap_fixed_16_6_5_3_0_softmax_config7_s_fu_127/exp_table_U/q0_reg/CLKARDCLK
High Pulse Width  Fast    RAMB18E2/CLKARDCLK  n/a            0.542         5.000       4.458                grp_softmax_stable_ap_fixed_ap_fixed_16_6_5_3_0_softmax_config7_s_fu_127/exp_table_U/q0_reg/CLKARDCLK
High Pulse Width  Slow    RAMB18E2/CLKBWRCLK  n/a            0.542         5.000       4.458                grp_softmax_stable_ap_fixed_ap_fixed_16_6_5_3_0_softmax_config7_s_fu_127/exp_table_U/q0_reg/CLKBWRCLK
High Pulse Width  Fast    RAMB18E2/CLKBWRCLK  n/a            0.542         5.000       4.458                grp_softmax_stable_ap_fixed_ap_fixed_16_6_5_3_0_softmax_config7_s_fu_127/exp_table_U/q0_reg/CLKBWRCLK
High Pulse Width  Slow    RAMB18E2/CLKARDCLK  n/a            0.542         5.000       4.458                grp_softmax_stable_ap_fixed_ap_fixed_16_6_5_3_0_softmax_config7_s_fu_127/exp_table_U/q2_reg/CLKARDCLK
High Pulse Width  Fast    RAMB18E2/CLKARDCLK  n/a            0.542         5.000       4.458                grp_softmax_stable_ap_fixed_ap_fixed_16_6_5_3_0_softmax_config7_s_fu_127/exp_table_U/q2_reg/CLKARDCLK
High Pulse Width  Slow    RAMB18E2/CLKARDCLK  n/a            0.542         5.000       4.458                grp_softmax_stable_ap_fixed_ap_fixed_16_6_5_3_0_softmax_config7_s_fu_127/invert_table_U/q0_reg/CLKARDCLK
High Pulse Width  Fast    RAMB18E2/CLKARDCLK  n/a            0.542         5.000       4.458                grp_softmax_stable_ap_fixed_ap_fixed_16_6_5_3_0_softmax_config7_s_fu_127/invert_table_U/q0_reg/CLKARDCLK
High Pulse Width  Slow    FDSE/C              n/a            0.275         5.000       4.725                ap_block_pp0_stage0_subdone_grp0_done_reg_reg_inv/C
High Pulse Width  Fast    FDSE/C              n/a            0.275         5.000       4.725                ap_block_pp0_stage0_subdone_grp0_done_reg_reg_inv/C



