Copyright 1986-2022 Xilinx, Inc. All Rights Reserved. Copyright 2022-2024 Advanced Micro Devices, Inc. All Rights Reserved.
--------------------------------------------------------------------------------------------------------------------------------------------------------------------------------------------
| Tool Version      : Vivado v.2024.2 (lin64) Build 5239630 Fri Nov 08 22:34:34 MST 2024
| Date              : Wed Sep  9 17:52:44 2026
| Host              : ubuntu running 64-bit Ubuntu 24.04.3 LTS
| Command           : report_timing_summary -delay_type max -max_paths 10 -report_unconstrained -file {/home/miguel/Downloads/Plano testes TCC/H1/LeNet/RF64/vivado_ooc/timing_summary.rpt}
| Design            : lenet_mnist_cap64_hls
| Device            : xczu7ev-ffvc1156
| Speed File        : -2  PRODUCTION 1.30 05-15-2022
| Design State      : Optimized
| Temperature Grade : E
--------------------------------------------------------------------------------------------------------------------------------------------------------------------------------------------

Timing Summary Report

------------------------------------------------------------------------------------------------
| Timer Settings
| --------------
------------------------------------------------------------------------------------------------

  Enable Multi Corner Analysis               :  Yes
  Enable Pessimism Removal                   :  Yes
  Pessimism Removal Resolution               :  Nearest Common Node
  Enable Input Delay Default Clock           :  No
  Enable Preset / Clear Arcs                 :  No
  Disable Flight Delays                      :  No
  Ignore I/O Paths                           :  No
  Timing Early Launch at Borrowing Latches   :  No
  Borrow Time for Max Delay Exceptions       :  Yes
  Merge Timing Exceptions                    :  Yes
  Inter-SLR Compensation                     :  Conservative

  Corner  Analyze    Analyze    
  Name    Max Paths  Min Paths  
  ------  ---------  ---------  
  Slow    Yes        Yes        
  Fast    Yes        Yes        


------------------------------------------------------------------------------------------------
| Report Methodology
| ------------------
------------------------------------------------------------------------------------------------

No report available as report_methodology has not been run prior. Run report_methodology on the current design for the summary of methodology violations.



check_timing report

Table of Contents
-----------------
1. checking no_clock (0)
2. checking constant_clock (0)
3. checking pulse_width_clock (0)
4. checking unconstrained_internal_endpoints (0)
5. checking no_input_delay (26)
6. checking no_output_delay (225)
7. checking multiple_clock (0)
8. checking generated_clocks (0)
9. checking loops (0)
10. checking partial_input_delay (0)
11. checking partial_output_delay (0)
12. checking latch_loops (0)

1. checking no_clock (0)
------------------------
 There are 0 register/latch pins with no clock.


2. checking constant_clock (0)
------------------------------
 There are 0 register/latch pins with constant_clock.


3. checking pulse_width_clock (0)
---------------------------------
 There are 0 register/latch pins which need pulse_width check


4. checking unconstrained_internal_endpoints (0)
------------------------------------------------
 There are 0 pins that are not constrained for maximum delay.

 There are 0 pins that are not constrained for maximum delay due to constant clock.


5. checking no_input_delay (26)
-------------------------------
 There are 26 input ports with no input delay specified. (HIGH)

 There are 0 input ports with no input delay but user has a false path constraint.


6. checking no_output_delay (225)
---------------------------------
 There are 225 ports with no output delay specified. (HIGH)

 There are 0 ports with no output delay but user has a false path constraint

 There are 0 ports with no output delay but with a timing clock defined on it or propagating through it


7. checking multiple_clock (0)
------------------------------
 There are 0 register/latch pins with multiple clocks.


8. checking generated_clocks (0)
--------------------------------
 There are 0 generated clocks that are not connected to a clock source.


9. checking loops (0)
---------------------
 There are 0 combinational loops in the design.


10. checking partial_input_delay (0)
------------------------------------
 There are 0 input ports with partial input delay specified.


11. checking partial_output_delay (0)
-------------------------------------
 There are 0 ports with partial output delay specified.


12. checking latch_loops (0)
----------------------------
 There are 0 combinational latch loops in the design through latch input



------------------------------------------------------------------------------------------------
| Design Timing Summary
| ---------------------
------------------------------------------------------------------------------------------------

    WNS(ns)      TNS(ns)  TNS Failing Endpoints  TNS Total Endpoints     WPWS(ns)     TPWS(ns)  TPWS Failing Endpoints  TPWS Total Endpoints  
    -------      -------  ---------------------  -------------------     --------     --------  ----------------------  --------------------  
      4.847        0.000                      0               190794        4.458        0.000                       0                 81458  


All user specified timing constraints are met.


------------------------------------------------------------------------------------------------
| Clock Summary
| -------------
------------------------------------------------------------------------------------------------

Clock   Waveform(ns)       Period(ns)      Frequency(MHz)
-----   ------------       ----------      --------------
ap_clk  {0.000 5.000}      10.000          100.000         


------------------------------------------------------------------------------------------------
| Intra Clock Table
| -----------------
------------------------------------------------------------------------------------------------

Clock             WNS(ns)      TNS(ns)  TNS Failing Endpoints  TNS Total Endpoints     WPWS(ns)     TPWS(ns)  TPWS Failing Endpoints  TPWS Total Endpoints  
-----             -------      -------  ---------------------  -------------------     --------     --------  ----------------------  --------------------  
ap_clk              4.847        0.000                      0               190794        4.458        0.000                       0                 81458  


------------------------------------------------------------------------------------------------
| Inter Clock Table
| -----------------
------------------------------------------------------------------------------------------------

From Clock    To Clock          WNS(ns)      TNS(ns)  TNS Failing Endpoints  TNS Total Endpoints  
----------    --------          -------      -------  ---------------------  -------------------  


------------------------------------------------------------------------------------------------
| Other Path Groups Table
| -----------------------
------------------------------------------------------------------------------------------------

Path Group    From Clock    To Clock          WNS(ns)      TNS(ns)  TNS Failing Endpoints  TNS Total Endpoints  
----------    ----------    --------          -------      -------  ---------------------  -------------------  


------------------------------------------------------------------------------------------------
| User Ignored Path Table
| -----------------------
------------------------------------------------------------------------------------------------

Path Group    From Clock    To Clock    
----------    ----------    --------    


------------------------------------------------------------------------------------------------
| Unconstrained Path Table
| ------------------------
------------------------------------------------------------------------------------------------

Path Group    From Clock    To Clock    
----------    ----------    --------    
(none)                                    
(none)        ap_clk                      
(none)                      ap_clk        


------------------------------------------------------------------------------------------------
| Timing Details
| --------------
------------------------------------------------------------------------------------------------


---------------------------------------------------------------------------------------------------
From Clock:  ap_clk
  To Clock:  ap_clk

Setup :            0  Failing Endpoints,  Worst Slack        4.847ns,  Total Violation        0.000ns
Hold  :           NA  Failing Endpoints,  Worst Slack           NA  ,  Total Violation           NA
PW    :            0  Failing Endpoints,  Worst Slack        4.458ns,  Total Violation        0.000ns
---------------------------------------------------------------------------------------------------


Max Delay Paths
--------------------------------------------------------------------------------------
Slack (MET) :             4.847ns  (required time - arrival time)
  Source:                 conv_2d_cl_array_ap_fixed_1u_array_ap_fixed_22_12_4_0_0_6u_config2_U0/grp_compute_output_buffer_2d_array_array_ap_fixed_22_12_4_0_0_6u_config2_s_fu_118/grp_dense_resource_rf_gt_nin_rem0_ap_fixed_ap_fixed_22_12_4_0_0_config2_mult_s_fu_195/icmp_ln135_reg_2476_pp0_iter1_reg_reg[0]/C
                            (rising edge-triggered cell FDRE clocked by ap_clk  {rise@0.000ns fall@5.000ns period=10.000ns})
  Destination:            conv_2d_cl_array_ap_fixed_1u_array_ap_fixed_22_12_4_0_0_6u_config2_U0/grp_compute_output_buffer_2d_array_array_ap_fixed_22_12_4_0_0_6u_config2_s_fu_118/grp_dense_resource_rf_gt_nin_rem0_ap_fixed_ap_fixed_22_12_4_0_0_config2_mult_s_fu_195/select_ln144_3_reg_2492_reg[0]/CE
                            (rising edge-triggered cell FDSE clocked by ap_clk  {rise@0.000ns fall@5.000ns period=10.000ns})
  Path Group:             ap_clk
  Path Type:              Setup (Max at Slow Process Corner)
  Requirement:            10.000ns  (ap_clk rise@10.000ns - ap_clk rise@0.000ns)
  Data Path Delay:        5.048ns  (logic 2.676ns (53.011%)  route 2.372ns (46.989%))
  Logic Levels:           18  (CARRY8=3 DSP_A_B_DATA=1 DSP_ALU=1 DSP_M_DATA=1 DSP_MULTIPLIER=1 DSP_OUTPUT=1 DSP_PREADD_DATA=1 LUT2=1 LUT3=1 LUT4=1 LUT5=3 LUT6=3)
  Clock Path Skew:        -0.009ns (DCD - SCD + CPR)
    Destination Clock Delay (DCD):    0.021ns = ( 10.021 - 10.000 ) 
    Source Clock Delay      (SCD):    0.030ns
    Clock Pessimism Removal (CPR):    0.000ns
  Clock Uncertainty:      0.035ns  ((TSJ^2 + TIJ^2)^1/2 + DJ) / 2 + PE
    Total System Jitter     (TSJ):    0.071ns
    Total Input Jitter      (TIJ):    0.000ns
    Discrete Jitter          (DJ):    0.000ns
    Phase Error              (PE):    0.000ns

    Location             Delay type                Incr(ns)  Path(ns)    Netlist Resource(s)
  -------------------------------------------------------------------    -------------------
                         (clock ap_clk rise edge)     0.000     0.000 r  
                                                      0.000     0.000 r  ap_clk (IN)
                         net (fo=81517, unset)        0.030     0.030    conv_2d_cl_array_ap_fixed_1u_array_ap_fixed_22_12_4_0_0_6u_config2_U0/grp_compute_output_buffer_2d_array_array_ap_fixed_22_12_4_0_0_6u_config2_s_fu_118/grp_dense_resource_rf_gt_nin_rem0_ap_fixed_ap_fixed_22_12_4_0_0_config2_mult_s_fu_195/ap_clk
                         FDRE                                         r  conv_2d_cl_array_ap_fixed_1u_array_ap_fixed_22_12_4_0_0_6u_config2_U0/grp_compute_output_buffer_2d_array_array_ap_fixed_22_12_4_0_0_6u_config2_s_fu_118/grp_dense_resource_rf_gt_nin_rem0_ap_fixed_ap_fixed_22_12_4_0_0_config2_mult_s_fu_195/icmp_ln135_reg_2476_pp0_iter1_reg_reg[0]/C
  -------------------------------------------------------------------    -------------------
                         FDRE (Prop_FDRE_C_Q)         0.077     0.107 f  conv_2d_cl_array_ap_fixed_1u_array_ap_fixed_22_12_4_0_0_6u_config2_U0/grp_compute_output_buffer_2d_array_array_ap_fixed_22_12_4_0_0_6u_config2_s_fu_118/grp_dense_resource_rf_gt_nin_rem0_ap_fixed_ap_fixed_22_12_4_0_0_config2_mult_s_fu_195/icmp_ln135_reg_2476_pp0_iter1_reg_reg[0]/Q
                         net (fo=47, unplaced)        0.159     0.266    conv_2d_cl_array_ap_fixed_1u_array_ap_fixed_22_12_4_0_0_6u_config2_U0/grp_compute_output_buffer_2d_array_array_ap_fixed_22_12_4_0_0_6u_config2_s_fu_118/grp_dense_resource_rf_gt_nin_rem0_ap_fixed_ap_fixed_22_12_4_0_0_config2_mult_s_fu_195/mul_22s_22s_44_1_1_U28/icmp_ln135_reg_2476_pp0_iter1_reg
                         LUT4 (Prop_LUT4_I1_O)        0.090     0.356 r  conv_2d_cl_array_ap_fixed_1u_array_ap_fixed_22_12_4_0_0_6u_config2_U0/grp_compute_output_buffer_2d_array_array_ap_fixed_22_12_4_0_0_6u_config2_s_fu_118/grp_dense_resource_rf_gt_nin_rem0_ap_fixed_ap_fixed_22_12_4_0_0_config2_mult_s_fu_195/mul_22s_22s_44_1_1_U28/tmp_product_i_27__8/O
                         net (fo=26, unplaced)        0.241     0.597    conv_2d_cl_array_ap_fixed_1u_array_ap_fixed_22_12_4_0_0_6u_config2_U0/grp_compute_output_buffer_2d_array_array_ap_fixed_22_12_4_0_0_6u_config2_s_fu_118/grp_dense_resource_rf_gt_nin_rem0_ap_fixed_ap_fixed_22_12_4_0_0_config2_mult_s_fu_195/mul_22s_22s_44_1_1_U28/tmp_product_i_27__8_n_0
                         LUT5 (Prop_LUT5_I4_O)        0.038     0.635 r  conv_2d_cl_array_ap_fixed_1u_array_ap_fixed_22_12_4_0_0_6u_config2_U0/grp_compute_output_buffer_2d_array_array_ap_fixed_22_12_4_0_0_6u_config2_s_fu_118/grp_dense_resource_rf_gt_nin_rem0_ap_fixed_ap_fixed_22_12_4_0_0_config2_mult_s_fu_195/mul_22s_22s_44_1_1_U28/tmp_product_i_143__8/O
                         net (fo=23, unplaced)        0.238     0.873    conv_2d_cl_array_ap_fixed_1u_array_ap_fixed_22_12_4_0_0_6u_config2_U0/grp_compute_output_buffer_2d_array_array_ap_fixed_22_12_4_0_0_6u_config2_s_fu_118/grp_dense_resource_rf_gt_nin_rem0_ap_fixed_ap_fixed_22_12_4_0_0_config2_mult_s_fu_195/mul_22s_22s_44_1_1_U28/tmp_product_i_143__8_n_0
                         LUT5 (Prop_LUT5_I4_O)        0.038     0.911 r  conv_2d_cl_array_ap_fixed_1u_array_ap_fixed_22_12_4_0_0_6u_config2_U0/grp_compute_output_buffer_2d_array_array_ap_fixed_22_12_4_0_0_6u_config2_s_fu_118/grp_dense_resource_rf_gt_nin_rem0_ap_fixed_ap_fixed_22_12_4_0_0_config2_mult_s_fu_195/mul_22s_22s_44_1_1_U28/tmp_product_i_65__8/O
                         net (fo=22, unplaced)        0.237     1.148    conv_2d_cl_array_ap_fixed_1u_array_ap_fixed_22_12_4_0_0_6u_config2_U0/grp_compute_output_buffer_2d_array_array_ap_fixed_22_12_4_0_0_6u_config2_s_fu_118/grp_dense_resource_rf_gt_nin_rem0_ap_fixed_ap_fixed_22_12_4_0_0_config2_mult_s_fu_195/mul_22s_22s_44_1_1_U28/tmp_product_i_65__8_n_0
                         LUT6 (Prop_LUT6_I2_O)        0.038     1.186 f  conv_2d_cl_array_ap_fixed_1u_array_ap_fixed_22_12_4_0_0_6u_config2_U0/grp_compute_output_buffer_2d_array_array_ap_fixed_22_12_4_0_0_6u_config2_s_fu_118/grp_dense_resource_rf_gt_nin_rem0_ap_fixed_ap_fixed_22_12_4_0_0_config2_mult_s_fu_195/mul_22s_22s_44_1_1_U28/tmp_product_i_109__8/O
                         net (fo=1, unplaced)         0.140     1.326    conv_2d_cl_array_ap_fixed_1u_array_ap_fixed_22_12_4_0_0_6u_config2_U0/grp_compute_output_buffer_2d_array_array_ap_fixed_22_12_4_0_0_6u_config2_s_fu_118/grp_dense_resource_rf_gt_nin_rem0_ap_fixed_ap_fixed_22_12_4_0_0_config2_mult_s_fu_195/mul_22s_22s_44_1_1_U28/tmp_product_i_109__8_n_0
                         LUT6 (Prop_LUT6_I0_O)        0.090     1.416 f  conv_2d_cl_array_ap_fixed_1u_array_ap_fixed_22_12_4_0_0_6u_config2_U0/grp_compute_output_buffer_2d_array_array_ap_fixed_22_12_4_0_0_6u_config2_s_fu_118/grp_dense_resource_rf_gt_nin_rem0_ap_fixed_ap_fixed_22_12_4_0_0_config2_mult_s_fu_195/mul_22s_22s_44_1_1_U28/tmp_product_i_42__8/O
                         net (fo=8, unplaced)         0.256     1.672    conv_2d_cl_array_ap_fixed_1u_array_ap_fixed_22_12_4_0_0_6u_config2_U0/grp_compute_output_buffer_2d_array_array_ap_fixed_22_12_4_0_0_6u_config2_s_fu_118/grp_dense_resource_rf_gt_nin_rem0_ap_fixed_ap_fixed_22_12_4_0_0_config2_mult_s_fu_195/mul_22s_22s_44_1_1_U28/tmp_product/A[8]
                         DSP_A_B_DATA (Prop_DSP_A_B_DATA_A[8]_A2_DATA[8])
                                                      0.192     1.864 r  conv_2d_cl_array_ap_fixed_1u_array_ap_fixed_22_12_4_0_0_6u_config2_U0/grp_compute_output_buffer_2d_array_array_ap_fixed_22_12_4_0_0_6u_config2_s_fu_118/grp_dense_resource_rf_gt_nin_rem0_ap_fixed_ap_fixed_22_12_4_0_0_config2_mult_s_fu_195/mul_22s_22s_44_1_1_U28/tmp_product/DSP_A_B_DATA_INST/A2_DATA[8]
                         net (fo=1, unplaced)         0.000     1.864    conv_2d_cl_array_ap_fixed_1u_array_ap_fixed_22_12_4_0_0_6u_config2_U0/grp_compute_output_buffer_2d_array_array_ap_fixed_22_12_4_0_0_6u_config2_s_fu_118/grp_dense_resource_rf_gt_nin_rem0_ap_fixed_ap_fixed_22_12_4_0_0_config2_mult_s_fu_195/mul_22s_22s_44_1_1_U28/tmp_product/DSP_A_B_DATA.A2_DATA<8>
                         DSP_PREADD_DATA (Prop_DSP_PREADD_DATA_A2_DATA[8]_A2A1[8])
                                                      0.076     1.940 r  conv_2d_cl_array_ap_fixed_1u_array_ap_fixed_22_12_4_0_0_6u_config2_U0/grp_compute_output_buffer_2d_array_array_ap_fixed_22_12_4_0_0_6u_config2_s_fu_118/grp_dense_resource_rf_gt_nin_rem0_ap_fixed_ap_fixed_22_12_4_0_0_config2_mult_s_fu_195/mul_22s_22s_44_1_1_U28/tmp_product/DSP_PREADD_DATA_INST/A2A1[8]
                         net (fo=1, unplaced)         0.000     1.940    conv_2d_cl_array_ap_fixed_1u_array_ap_fixed_22_12_4_0_0_6u_config2_U0/grp_compute_output_buffer_2d_array_array_ap_fixed_22_12_4_0_0_6u_config2_s_fu_118/grp_dense_resource_rf_gt_nin_rem0_ap_fixed_ap_fixed_22_12_4_0_0_config2_mult_s_fu_195/mul_22s_22s_44_1_1_U28/tmp_product/DSP_PREADD_DATA.A2A1<8>
                         DSP_MULTIPLIER (Prop_DSP_MULTIPLIER_A2A1[8]_U[17])
                                                      0.505     2.445 f  conv_2d_cl_array_ap_fixed_1u_array_ap_fixed_22_12_4_0_0_6u_config2_U0/grp_compute_output_buffer_2d_array_array_ap_fixed_22_12_4_0_0_6u_config2_s_fu_118/grp_dense_resource_rf_gt_nin_rem0_ap_fixed_ap_fixed_22_12_4_0_0_config2_mult_s_fu_195/mul_22s_22s_44_1_1_U28/tmp_product/DSP_MULTIPLIER_INST/U[17]
                         net (fo=1, unplaced)         0.000     2.445    conv_2d_cl_array_ap_fixed_1u_array_ap_fixed_22_12_4_0_0_6u_config2_U0/grp_compute_output_buffer_2d_array_array_ap_fixed_22_12_4_0_0_6u_config2_s_fu_118/grp_dense_resource_rf_gt_nin_rem0_ap_fixed_ap_fixed_22_12_4_0_0_config2_mult_s_fu_195/mul_22s_22s_44_1_1_U28/tmp_product/DSP_MULTIPLIER.U<17>
                         DSP_M_DATA (Prop_DSP_M_DATA_U[17]_U_DATA[17])
                                                      0.047     2.492 r  conv_2d_cl_array_ap_fixed_1u_array_ap_fixed_22_12_4_0_0_6u_config2_U0/grp_compute_output_buffer_2d_array_array_ap_fixed_22_12_4_0_0_6u_config2_s_fu_118/grp_dense_resource_rf_gt_nin_rem0_ap_fixed_ap_fixed_22_12_4_0_0_config2_mult_s_fu_195/mul_22s_22s_44_1_1_U28/tmp_product/DSP_M_DATA_INST/U_DATA[17]
                         net (fo=1, unplaced)         0.000     2.492    conv_2d_cl_array_ap_fixed_1u_array_ap_fixed_22_12_4_0_0_6u_config2_U0/grp_compute_output_buffer_2d_array_array_ap_fixed_22_12_4_0_0_6u_config2_s_fu_118/grp_dense_resource_rf_gt_nin_rem0_ap_fixed_ap_fixed_22_12_4_0_0_config2_mult_s_fu_195/mul_22s_22s_44_1_1_U28/tmp_product/DSP_M_DATA.U_DATA<17>
                         DSP_ALU (Prop_DSP_ALU_U_DATA[17]_ALU_OUT[17])
                                                      0.585     3.077 f  conv_2d_cl_array_ap_fixed_1u_array_ap_fixed_22_12_4_0_0_6u_config2_U0/grp_compute_output_buffer_2d_array_array_ap_fixed_22_12_4_0_0_6u_config2_s_fu_118/grp_dense_resource_rf_gt_nin_rem0_ap_fixed_ap_fixed_22_12_4_0_0_config2_mult_s_fu_195/mul_22s_22s_44_1_1_U28/tmp_product/DSP_ALU_INST/ALU_OUT[17]
                         net (fo=1, unplaced)         0.000     3.077    conv_2d_cl_array_ap_fixed_1u_array_ap_fixed_22_12_4_0_0_6u_config2_U0/grp_compute_output_buffer_2d_array_array_ap_fixed_22_12_4_0_0_6u_config2_s_fu_118/grp_dense_resource_rf_gt_nin_rem0_ap_fixed_ap_fixed_22_12_4_0_0_config2_mult_s_fu_195/mul_22s_22s_44_1_1_U28/tmp_product/DSP_ALU.ALU_OUT<17>
                         DSP_OUTPUT (Prop_DSP_OUTPUT_ALU_OUT[17]_P[17])
                                                      0.109     3.186 r  conv_2d_cl_array_ap_fixed_1u_array_ap_fixed_22_12_4_0_0_6u_config2_U0/grp_compute_output_buffer_2d_array_array_ap_fixed_22_12_4_0_0_6u_config2_s_fu_118/grp_dense_resource_rf_gt_nin_rem0_ap_fixed_ap_fixed_22_12_4_0_0_config2_mult_s_fu_195/mul_22s_22s_44_1_1_U28/tmp_product/DSP_OUTPUT_INST/P[17]
                         net (fo=2, unplaced)         0.161     3.347    conv_2d_cl_array_ap_fixed_1u_array_ap_fixed_22_12_4_0_0_6u_config2_U0/grp_compute_output_buffer_2d_array_array_ap_fixed_22_12_4_0_0_6u_config2_s_fu_118/grp_dense_resource_rf_gt_nin_rem0_ap_fixed_ap_fixed_22_12_4_0_0_config2_mult_s_fu_195/mul_22s_22s_44_1_1_U28/tmp_product_n_88
                         LUT3 (Prop_LUT3_I0_O)        0.090     3.437 r  conv_2d_cl_array_ap_fixed_1u_array_ap_fixed_22_12_4_0_0_6u_config2_U0/grp_compute_output_buffer_2d_array_array_ap_fixed_22_12_4_0_0_6u_config2_s_fu_118/grp_dense_resource_rf_gt_nin_rem0_ap_fixed_ap_fixed_22_12_4_0_0_config2_mult_s_fu_195/mul_22s_22s_44_1_1_U28/i__carry_i_8__685/O
                         net (fo=1, unplaced)         0.020     3.457    conv_2d_cl_array_ap_fixed_1u_array_ap_fixed_22_12_4_0_0_6u_config2_U0/grp_compute_output_buffer_2d_array_array_ap_fixed_22_12_4_0_0_6u_config2_s_fu_118/grp_dense_resource_rf_gt_nin_rem0_ap_fixed_ap_fixed_22_12_4_0_0_config2_mult_s_fu_195/mul_22s_22s_44_1_1_U28/i__carry_i_8__685_n_0
                         CARRY8 (Prop_CARRY8_S[0]_CO[7])
                                                      0.199     3.656 r  conv_2d_cl_array_ap_fixed_1u_array_ap_fixed_22_12_4_0_0_6u_config2_U0/grp_compute_output_buffer_2d_array_array_ap_fixed_22_12_4_0_0_6u_config2_s_fu_118/grp_dense_resource_rf_gt_nin_rem0_ap_fixed_ap_fixed_22_12_4_0_0_config2_mult_s_fu_195/mul_22s_22s_44_1_1_U28/tmp_product_inferred__0/i__carry/CO[7]
                         net (fo=1, unplaced)         0.005     3.661    conv_2d_cl_array_ap_fixed_1u_array_ap_fixed_22_12_4_0_0_6u_config2_U0/grp_compute_output_buffer_2d_array_array_ap_fixed_22_12_4_0_0_6u_config2_s_fu_118/grp_dense_resource_rf_gt_nin_rem0_ap_fixed_ap_fixed_22_12_4_0_0_config2_mult_s_fu_195/mul_22s_22s_44_1_1_U28/tmp_product_inferred__0/i__carry_n_0
                         CARRY8 (Prop_CARRY8_CI_O[2])
                                                      0.067     3.728 r  conv_2d_cl_array_ap_fixed_1u_array_ap_fixed_22_12_4_0_0_6u_config2_U0/grp_compute_output_buffer_2d_array_array_ap_fixed_22_12_4_0_0_6u_config2_s_fu_118/grp_dense_resource_rf_gt_nin_rem0_ap_fixed_ap_fixed_22_12_4_0_0_config2_mult_s_fu_195/mul_22s_22s_44_1_1_U28/tmp_product_inferred__0/i__carry__0/O[2]
                         net (fo=1, unplaced)         0.185     3.913    conv_2d_cl_array_ap_fixed_1u_array_ap_fixed_22_12_4_0_0_6u_config2_U0/grp_compute_output_buffer_2d_array_array_ap_fixed_22_12_4_0_0_6u_config2_s_fu_118/grp_dense_resource_rf_gt_nin_rem0_ap_fixed_ap_fixed_22_12_4_0_0_config2_mult_s_fu_195/mul_22s_22s_44_1_1_U28/tmp_product0_out[10]
                         CARRY8 (Prop_CARRY8_S[1]_O[5])
                                                      0.237     4.150 r  conv_2d_cl_array_ap_fixed_1u_array_ap_fixed_22_12_4_0_0_6u_config2_U0/grp_compute_output_buffer_2d_array_array_ap_fixed_22_12_4_0_0_6u_config2_s_fu_118/grp_dense_resource_rf_gt_nin_rem0_ap_fixed_ap_fixed_22_12_4_0_0_config2_mult_s_fu_195/mul_22s_22s_44_1_1_U28/select_ln144_3_reg_2492_reg[21]_i_8/O[5]
                         net (fo=3, unplaced)         0.100     4.250    conv_2d_cl_array_ap_fixed_1u_array_ap_fixed_22_12_4_0_0_6u_config2_U0/grp_compute_output_buffer_2d_array_array_ap_fixed_22_12_4_0_0_6u_config2_s_fu_118/grp_dense_resource_rf_gt_nin_rem0_ap_fixed_ap_fixed_22_12_4_0_0_config2_mult_s_fu_195/mul_22s_22s_44_1_1_U28/tmp_6487_fu_1348_p3
                         LUT6 (Prop_LUT6_I1_O)        0.090     4.340 f  conv_2d_cl_array_ap_fixed_1u_array_ap_fixed_22_12_4_0_0_6u_config2_U0/grp_compute_output_buffer_2d_array_array_ap_fixed_22_12_4_0_0_6u_config2_s_fu_118/grp_dense_resource_rf_gt_nin_rem0_ap_fixed_ap_fixed_22_12_4_0_0_config2_mult_s_fu_195/mul_22s_22s_44_1_1_U28/select_ln144_3_reg_2492[21]_i_4/O
                         net (fo=1, unplaced)         0.186     4.526    conv_2d_cl_array_ap_fixed_1u_array_ap_fixed_22_12_4_0_0_6u_config2_U0/grp_compute_output_buffer_2d_array_array_ap_fixed_22_12_4_0_0_6u_config2_s_fu_118/grp_dense_resource_rf_gt_nin_rem0_ap_fixed_ap_fixed_22_12_4_0_0_config2_mult_s_fu_195/mul_22s_22s_44_1_1_U28/select_ln144_3_reg_2492[21]_i_4_n_0
                         LUT5 (Prop_LUT5_I0_O)        0.038     4.564 r  conv_2d_cl_array_ap_fixed_1u_array_ap_fixed_22_12_4_0_0_6u_config2_U0/grp_compute_output_buffer_2d_array_array_ap_fixed_22_12_4_0_0_6u_config2_s_fu_118/grp_dense_resource_rf_gt_nin_rem0_ap_fixed_ap_fixed_22_12_4_0_0_config2_mult_s_fu_195/mul_22s_22s_44_1_1_U28/select_ln144_3_reg_2492[21]_i_1/O
                         net (fo=45, unplaced)        0.253     4.817    conv_2d_cl_array_ap_fixed_1u_array_ap_fixed_22_12_4_0_0_6u_config2_U0/grp_compute_output_buffer_2d_array_array_ap_fixed_22_12_4_0_0_6u_config2_s_fu_118/grp_dense_resource_rf_gt_nin_rem0_ap_fixed_ap_fixed_22_12_4_0_0_config2_mult_s_fu_195/mul_22s_22s_44_1_1_U28/select_ln144_3_reg_2492
                         LUT2 (Prop_LUT2_I0_O)        0.070     4.887 r  conv_2d_cl_array_ap_fixed_1u_array_ap_fixed_22_12_4_0_0_6u_config2_U0/grp_compute_output_buffer_2d_array_array_ap_fixed_22_12_4_0_0_6u_config2_s_fu_118/grp_dense_resource_rf_gt_nin_rem0_ap_fixed_ap_fixed_22_12_4_0_0_config2_mult_s_fu_195/mul_22s_22s_44_1_1_U28/select_ln144_3_reg_2492[21]_i_2/O
                         net (fo=22, unplaced)        0.191     5.078    conv_2d_cl_array_ap_fixed_1u_array_ap_fixed_22_12_4_0_0_6u_config2_U0/grp_compute_output_buffer_2d_array_array_ap_fixed_22_12_4_0_0_6u_config2_s_fu_118/grp_dense_resource_rf_gt_nin_rem0_ap_fixed_ap_fixed_22_12_4_0_0_config2_mult_s_fu_195/mul_22s_22s_44_1_1_U28_n_56
                         FDSE                                         r  conv_2d_cl_array_ap_fixed_1u_array_ap_fixed_22_12_4_0_0_6u_config2_U0/grp_compute_output_buffer_2d_array_array_ap_fixed_22_12_4_0_0_6u_config2_s_fu_118/grp_dense_resource_rf_gt_nin_rem0_ap_fixed_ap_fixed_22_12_4_0_0_config2_mult_s_fu_195/select_ln144_3_reg_2492_reg[0]/CE
  -------------------------------------------------------------------    -------------------

                         (clock ap_clk rise edge)    10.000    10.000 r  
                                                      0.000    10.000 r  ap_clk (IN)
                         net (fo=81517, unset)        0.021    10.021    conv_2d_cl_array_ap_fixed_1u_array_ap_fixed_22_12_4_0_0_6u_config2_U0/grp_compute_output_buffer_2d_array_array_ap_fixed_22_12_4_0_0_6u_config2_s_fu_118/grp_dense_resource_rf_gt_nin_rem0_ap_fixed_ap_fixed_22_12_4_0_0_config2_mult_s_fu_195/ap_clk
                         FDSE                                         r  conv_2d_cl_array_ap_fixed_1u_array_ap_fixed_22_12_4_0_0_6u_config2_U0/grp_compute_output_buffer_2d_array_array_ap_fixed_22_12_4_0_0_6u_config2_s_fu_118/grp_dense_resource_rf_gt_nin_rem0_ap_fixed_ap_fixed_22_12_4_0_0_config2_mult_s_fu_195/select_ln144_3_reg_2492_reg[0]/C
                         clock pessimism              0.000    10.021    
                         clock uncertainty           -0.035     9.986    
                         FDSE (Setup_FDSE_C_CE)      -0.061     9.925    conv_2d_cl_array_ap_fixed_1u_array_ap_fixed_22_12_4_0_0_6u_config2_U0/grp_compute_output_buffer_2d_array_array_ap_fixed_22_12_4_0_0_6u_config2_s_fu_118/grp_dense_resource_rf_gt_nin_rem0_ap_fixed_ap_fixed_22_12_4_0_0_config2_mult_s_fu_195/select_ln144_3_reg_2492_reg[0]
  -------------------------------------------------------------------
                         required time                          9.925    
                         arrival time                          -5.078    
  -------------------------------------------------------------------
                         slack                                  4.847    

Slack (MET) :             4.847ns  (required time - arrival time)
  Source:                 conv_2d_cl_array_ap_fixed_1u_array_ap_fixed_22_12_4_0_0_6u_config2_U0/grp_compute_output_buffer_2d_array_array_ap_fixed_22_12_4_0_0_6u_config2_s_fu_118/grp_dense_resource_rf_gt_nin_rem0_ap_fixed_ap_fixed_22_12_4_0_0_config2_mult_s_fu_195/icmp_ln135_reg_2476_pp0_iter1_reg_reg[0]/C
                            (rising edge-triggered cell FDRE clocked by ap_clk  {rise@0.000ns fall@5.000ns period=10.000ns})
  Destination:            conv_2d_cl_array_ap_fixed_1u_array_ap_fixed_22_12_4_0_0_6u_config2_U0/grp_compute_output_buffer_2d_array_array_ap_fixed_22_12_4_0_0_6u_config2_s_fu_118/grp_dense_resource_rf_gt_nin_rem0_ap_fixed_ap_fixed_22_12_4_0_0_config2_mult_s_fu_195/select_ln144_3_reg_2492_reg[10]/CE
                            (rising edge-triggered cell FDSE clocked by ap_clk  {rise@0.000ns fall@5.000ns period=10.000ns})
  Path Group:             ap_clk
  Path Type:              Setup (Max at Slow Process Corner)
  Requirement:            10.000ns  (ap_clk rise@10.000ns - ap_clk rise@0.000ns)
  Data Path Delay:        5.048ns  (logic 2.676ns (53.011%)  route 2.372ns (46.989%))
  Logic Levels:           18  (CARRY8=3 DSP_A_B_DATA=1 DSP_ALU=1 DSP_M_DATA=1 DSP_MULTIPLIER=1 DSP_OUTPUT=1 DSP_PREADD_DATA=1 LUT2=1 LUT3=1 LUT4=1 LUT5=3 LUT6=3)
  Clock Path Skew:        -0.009ns (DCD - SCD + CPR)
    Destination Clock Delay (DCD):    0.021ns = ( 10.021 - 10.000 ) 
    Source Clock Delay      (SCD):    0.030ns
    Clock Pessimism Removal (CPR):    0.000ns
  Clock Uncertainty:      0.035ns  ((TSJ^2 + TIJ^2)^1/2 + DJ) / 2 + PE
    Total System Jitter     (TSJ):    0.071ns
    Total Input Jitter      (TIJ):    0.000ns
    Discrete Jitter          (DJ):    0.000ns
    Phase Error              (PE):    0.000ns

    Location             Delay type                Incr(ns)  Path(ns)    Netlist Resource(s)
  -------------------------------------------------------------------    -------------------
                         (clock ap_clk rise edge)     0.000     0.000 r  
                                                      0.000     0.000 r  ap_clk (IN)
                         net (fo=81517, unset)        0.030     0.030    conv_2d_cl_array_ap_fixed_1u_array_ap_fixed_22_12_4_0_0_6u_config2_U0/grp_compute_output_buffer_2d_array_array_ap_fixed_22_12_4_0_0_6u_config2_s_fu_118/grp_dense_resource_rf_gt_nin_rem0_ap_fixed_ap_fixed_22_12_4_0_0_config2_mult_s_fu_195/ap_clk
                         FDRE                                         r  conv_2d_cl_array_ap_fixed_1u_array_ap_fixed_22_12_4_0_0_6u_config2_U0/grp_compute_output_buffer_2d_array_array_ap_fixed_22_12_4_0_0_6u_config2_s_fu_118/grp_dense_resource_rf_gt_nin_rem0_ap_fixed_ap_fixed_22_12_4_0_0_config2_mult_s_fu_195/icmp_ln135_reg_2476_pp0_iter1_reg_reg[0]/C
  -------------------------------------------------------------------    -------------------
                         FDRE (Prop_FDRE_C_Q)         0.077     0.107 f  conv_2d_cl_array_ap_fixed_1u_array_ap_fixed_22_12_4_0_0_6u_config2_U0/grp_compute_output_buffer_2d_array_array_ap_fixed_22_12_4_0_0_6u_config2_s_fu_118/grp_dense_resource_rf_gt_nin_rem0_ap_fixed_ap_fixed_22_12_4_0_0_config2_mult_s_fu_195/icmp_ln135_reg_2476_pp0_iter1_reg_reg[0]/Q
                         net (fo=47, unplaced)        0.159     0.266    conv_2d_cl_array_ap_fixed_1u_array_ap_fixed_22_12_4_0_0_6u_config2_U0/grp_compute_output_buffer_2d_array_array_ap_fixed_22_12_4_0_0_6u_config2_s_fu_118/grp_dense_resource_rf_gt_nin_rem0_ap_fixed_ap_fixed_22_12_4_0_0_config2_mult_s_fu_195/mul_22s_22s_44_1_1_U28/icmp_ln135_reg_2476_pp0_iter1_reg
                         LUT4 (Prop_LUT4_I1_O)        0.090     0.356 r  conv_2d_cl_array_ap_fixed_1u_array_ap_fixed_22_12_4_0_0_6u_config2_U0/grp_compute_output_buffer_2d_array_array_ap_fixed_22_12_4_0_0_6u_config2_s_fu_118/grp_dense_resource_rf_gt_nin_rem0_ap_fixed_ap_fixed_22_12_4_0_0_config2_mult_s_fu_195/mul_22s_22s_44_1_1_U28/tmp_product_i_27__8/O
                         net (fo=26, unplaced)        0.241     0.597    conv_2d_cl_array_ap_fixed_1u_array_ap_fixed_22_12_4_0_0_6u_config2_U0/grp_compute_output_buffer_2d_array_array_ap_fixed_22_12_4_0_0_6u_config2_s_fu_118/grp_dense_resource_rf_gt_nin_rem0_ap_fixed_ap_fixed_22_12_4_0_0_config2_mult_s_fu_195/mul_22s_22s_44_1_1_U28/tmp_product_i_27__8_n_0
                         LUT5 (Prop_LUT5_I4_O)        0.038     0.635 r  conv_2d_cl_array_ap_fixed_1u_array_ap_fixed_22_12_4_0_0_6u_config2_U0/grp_compute_output_buffer_2d_array_array_ap_fixed_22_12_4_0_0_6u_config2_s_fu_118/grp_dense_resource_rf_gt_nin_rem0_ap_fixed_ap_fixed_22_12_4_0_0_config2_mult_s_fu_195/mul_22s_22s_44_1_1_U28/tmp_product_i_143__8/O
                         net (fo=23, unplaced)        0.238     0.873    conv_2d_cl_array_ap_fixed_1u_array_ap_fixed_22_12_4_0_0_6u_config2_U0/grp_compute_output_buffer_2d_array_array_ap_fixed_22_12_4_0_0_6u_config2_s_fu_118/grp_dense_resource_rf_gt_nin_rem0_ap_fixed_ap_fixed_22_12_4_0_0_config2_mult_s_fu_195/mul_22s_22s_44_1_1_U28/tmp_product_i_143__8_n_0
                         LUT5 (Prop_LUT5_I4_O)        0.038     0.911 r  conv_2d_cl_array_ap_fixed_1u_array_ap_fixed_22_12_4_0_0_6u_config2_U0/grp_compute_output_buffer_2d_array_array_ap_fixed_22_12_4_0_0_6u_config2_s_fu_118/grp_dense_resource_rf_gt_nin_rem0_ap_fixed_ap_fixed_22_12_4_0_0_config2_mult_s_fu_195/mul_22s_22s_44_1_1_U28/tmp_product_i_65__8/O
                         net (fo=22, unplaced)        0.237     1.148    conv_2d_cl_array_ap_fixed_1u_array_ap_fixed_22_12_4_0_0_6u_config2_U0/grp_compute_output_buffer_2d_array_array_ap_fixed_22_12_4_0_0_6u_config2_s_fu_118/grp_dense_resource_rf_gt_nin_rem0_ap_fixed_ap_fixed_22_12_4_0_0_config2_mult_s_fu_195/mul_22s_22s_44_1_1_U28/tmp_product_i_65__8_n_0
                         LUT6 (Prop_LUT6_I2_O)        0.038     1.186 f  conv_2d_cl_array_ap_fixed_1u_array_ap_fixed_22_12_4_0_0_6u_config2_U0/grp_compute_output_buffer_2d_array_array_ap_fixed_22_12_4_0_0_6u_config2_s_fu_118/grp_dense_resource_rf_gt_nin_rem0_ap_fixed_ap_fixed_22_12_4_0_0_config2_mult_s_fu_195/mul_22s_22s_44_1_1_U28/tmp_product_i_109__8/O
                         net (fo=1, unplaced)         0.140     1.326    conv_2d_cl_array_ap_fixed_1u_array_ap_fixed_22_12_4_0_0_6u_config2_U0/grp_compute_output_buffer_2d_array_array_ap_fixed_22_12_4_0_0_6u_config2_s_fu_118/grp_dense_resource_rf_gt_nin_rem0_ap_fixed_ap_fixed_22_12_4_0_0_config2_mult_s_fu_195/mul_22s_22s_44_1_1_U28/tmp_product_i_109__8_n_0
                         LUT6 (Prop_LUT6_I0_O)        0.090     1.416 f  conv_2d_cl_array_ap_fixed_1u_array_ap_fixed_22_12_4_0_0_6u_config2_U0/grp_compute_output_buffer_2d_array_array_ap_fixed_22_12_4_0_0_6u_config2_s_fu_118/grp_dense_resource_rf_gt_nin_rem0_ap_fixed_ap_fixed_22_12_4_0_0_config2_mult_s_fu_195/mul_22s_22s_44_1_1_U28/tmp_product_i_42__8/O
                         net (fo=8, unplaced)         0.256     1.672    conv_2d_cl_array_ap_fixed_1u_array_ap_fixed_22_12_4_0_0_6u_config2_U0/grp_compute_output_buffer_2d_array_array_ap_fixed_22_12_4_0_0_6u_config2_s_fu_118/grp_dense_resource_rf_gt_nin_rem0_ap_fixed_ap_fixed_22_12_4_0_0_config2_mult_s_fu_195/mul_22s_22s_44_1_1_U28/tmp_product/A[8]
                         DSP_A_B_DATA (Prop_DSP_A_B_DATA_A[8]_A2_DATA[8])
                                                      0.192     1.864 r  conv_2d_cl_array_ap_fixed_1u_array_ap_fixed_22_12_4_0_0_6u_config2_U0/grp_compute_output_buffer_2d_array_array_ap_fixed_22_12_4_0_0_6u_config2_s_fu_118/grp_dense_resource_rf_gt_nin_rem0_ap_fixed_ap_fixed_22_12_4_0_0_config2_mult_s_fu_195/mul_22s_22s_44_1_1_U28/tmp_product/DSP_A_B_DATA_INST/A2_DATA[8]
                         net (fo=1, unplaced)         0.000     1.864    conv_2d_cl_array_ap_fixed_1u_array_ap_fixed_22_12_4_0_0_6u_config2_U0/grp_compute_output_buffer_2d_array_array_ap_fixed_22_12_4_0_0_6u_config2_s_fu_118/grp_dense_resource_rf_gt_nin_rem0_ap_fixed_ap_fixed_22_12_4_0_0_config2_mult_s_fu_195/mul_22s_22s_44_1_1_U28/tmp_product/DSP_A_B_DATA.A2_DATA<8>
                         DSP_PREADD_DATA (Prop_DSP_PREADD_DATA_A2_DATA[8]_A2A1[8])
                                                      0.076     1.940 r  conv_2d_cl_array_ap_fixed_1u_array_ap_fixed_22_12_4_0_0_6u_config2_U0/grp_compute_output_buffer_2d_array_array_ap_fixed_22_12_4_0_0_6u_config2_s_fu_118/grp_dense_resource_rf_gt_nin_rem0_ap_fixed_ap_fixed_22_12_4_0_0_config2_mult_s_fu_195/mul_22s_22s_44_1_1_U28/tmp_product/DSP_PREADD_DATA_INST/A2A1[8]
                         net (fo=1, unplaced)         0.000     1.940    conv_2d_cl_array_ap_fixed_1u_array_ap_fixed_22_12_4_0_0_6u_config2_U0/grp_compute_output_buffer_2d_array_array_ap_fixed_22_12_4_0_0_6u_config2_s_fu_118/grp_dense_resource_rf_gt_nin_rem0_ap_fixed_ap_fixed_22_12_4_0_0_config2_mult_s_fu_195/mul_22s_22s_44_1_1_U28/tmp_product/DSP_PREADD_DATA.A2A1<8>
                         DSP_MULTIPLIER (Prop_DSP_MULTIPLIER_A2A1[8]_U[17])
                                                      0.505     2.445 f  conv_2d_cl_array_ap_fixed_1u_array_ap_fixed_22_12_4_0_0_6u_config2_U0/grp_compute_output_buffer_2d_array_array_ap_fixed_22_12_4_0_0_6u_config2_s_fu_118/grp_dense_resource_rf_gt_nin_rem0_ap_fixed_ap_fixed_22_12_4_0_0_config2_mult_s_fu_195/mul_22s_22s_44_1_1_U28/tmp_product/DSP_MULTIPLIER_INST/U[17]
                         net (fo=1, unplaced)         0.000     2.445    conv_2d_cl_array_ap_fixed_1u_array_ap_fixed_22_12_4_0_0_6u_config2_U0/grp_compute_output_buffer_2d_array_array_ap_fixed_22_12_4_0_0_6u_config2_s_fu_118/grp_dense_resource_rf_gt_nin_rem0_ap_fixed_ap_fixed_22_12_4_0_0_config2_mult_s_fu_195/mul_22s_22s_44_1_1_U28/tmp_product/DSP_MULTIPLIER.U<17>
                         DSP_M_DATA (Prop_DSP_M_DATA_U[17]_U_DATA[17])
                                                      0.047     2.492 r  conv_2d_cl_array_ap_fixed_1u_array_ap_fixed_22_12_4_0_0_6u_config2_U0/grp_compute_output_buffer_2d_array_array_ap_fixed_22_12_4_0_0_6u_config2_s_fu_118/grp_dense_resource_rf_gt_nin_rem0_ap_fixed_ap_fixed_22_12_4_0_0_config2_mult_s_fu_195/mul_22s_22s_44_1_1_U28/tmp_product/DSP_M_DATA_INST/U_DATA[17]
                         net (fo=1, unplaced)         0.000     2.492    conv_2d_cl_array_ap_fixed_1u_array_ap_fixed_22_12_4_0_0_6u_config2_U0/grp_compute_output_buffer_2d_array_array_ap_fixed_22_12_4_0_0_6u_config2_s_fu_118/grp_dense_resource_rf_gt_nin_rem0_ap_fixed_ap_fixed_22_12_4_0_0_config2_mult_s_fu_195/mul_22s_22s_44_1_1_U28/tmp_product/DSP_M_DATA.U_DATA<17>
                         DSP_ALU (Prop_DSP_ALU_U_DATA[17]_ALU_OUT[17])
                                                      0.585     3.077 f  conv_2d_cl_array_ap_fixed_1u_array_ap_fixed_22_12_4_0_0_6u_config2_U0/grp_compute_output_buffer_2d_array_array_ap_fixed_22_12_4_0_0_6u_config2_s_fu_118/grp_dense_resource_rf_gt_nin_rem0_ap_fixed_ap_fixed_22_12_4_0_0_config2_mult_s_fu_195/mul_22s_22s_44_1_1_U28/tmp_product/DSP_ALU_INST/ALU_OUT[17]
                         net (fo=1, unplaced)         0.000     3.077    conv_2d_cl_array_ap_fixed_1u_array_ap_fixed_22_12_4_0_0_6u_config2_U0/grp_compute_output_buffer_2d_array_array_ap_fixed_22_12_4_0_0_6u_config2_s_fu_118/grp_dense_resource_rf_gt_nin_rem0_ap_fixed_ap_fixed_22_12_4_0_0_config2_mult_s_fu_195/mul_22s_22s_44_1_1_U28/tmp_product/DSP_ALU.ALU_OUT<17>
                         DSP_OUTPUT (Prop_DSP_OUTPUT_ALU_OUT[17]_P[17])
                                                      0.109     3.186 r  conv_2d_cl_array_ap_fixed_1u_array_ap_fixed_22_12_4_0_0_6u_config2_U0/grp_compute_output_buffer_2d_array_array_ap_fixed_22_12_4_0_0_6u_config2_s_fu_118/grp_dense_resource_rf_gt_nin_rem0_ap_fixed_ap_fixed_22_12_4_0_0_config2_mult_s_fu_195/mul_22s_22s_44_1_1_U28/tmp_product/DSP_OUTPUT_INST/P[17]
                         net (fo=2, unplaced)         0.161     3.347    conv_2d_cl_array_ap_fixed_1u_array_ap_fixed_22_12_4_0_0_6u_config2_U0/grp_compute_output_buffer_2d_array_array_ap_fixed_22_12_4_0_0_6u_config2_s_fu_118/grp_dense_resource_rf_gt_nin_rem0_ap_fixed_ap_fixed_22_12_4_0_0_config2_mult_s_fu_195/mul_22s_22s_44_1_1_U28/tmp_product_n_88
                         LUT3 (Prop_LUT3_I0_O)        0.090     3.437 r  conv_2d_cl_array_ap_fixed_1u_array_ap_fixed_22_12_4_0_0_6u_config2_U0/grp_compute_output_buffer_2d_array_array_ap_fixed_22_12_4_0_0_6u_config2_s_fu_118/grp_dense_resource_rf_gt_nin_rem0_ap_fixed_ap_fixed_22_12_4_0_0_config2_mult_s_fu_195/mul_22s_22s_44_1_1_U28/i__carry_i_8__685/O
                         net (fo=1, unplaced)         0.020     3.457    conv_2d_cl_array_ap_fixed_1u_array_ap_fixed_22_12_4_0_0_6u_config2_U0/grp_compute_output_buffer_2d_array_array_ap_fixed_22_12_4_0_0_6u_config2_s_fu_118/grp_dense_resource_rf_gt_nin_rem0_ap_fixed_ap_fixed_22_12_4_0_0_config2_mult_s_fu_195/mul_22s_22s_44_1_1_U28/i__carry_i_8__685_n_0
                         CARRY8 (Prop_CARRY8_S[0]_CO[7])
                                                      0.199     3.656 r  conv_2d_cl_array_ap_fixed_1u_array_ap_fixed_22_12_4_0_0_6u_config2_U0/grp_compute_output_buffer_2d_array_array_ap_fixed_22_12_4_0_0_6u_config2_s_fu_118/grp_dense_resource_rf_gt_nin_rem0_ap_fixed_ap_fixed_22_12_4_0_0_config2_mult_s_fu_195/mul_22s_22s_44_1_1_U28/tmp_product_inferred__0/i__carry/CO[7]
                         net (fo=1, unplaced)         0.005     3.661    conv_2d_cl_array_ap_fixed_1u_array_ap_fixed_22_12_4_0_0_6u_config2_U0/grp_compute_output_buffer_2d_array_array_ap_fixed_22_12_4_0_0_6u_config2_s_fu_118/grp_dense_resource_rf_gt_nin_rem0_ap_fixed_ap_fixed_22_12_4_0_0_config2_mult_s_fu_195/mul_22s_22s_44_1_1_U28/tmp_product_inferred__0/i__carry_n_0
                         CARRY8 (Prop_CARRY8_CI_O[2])
                                                      0.067     3.728 r  conv_2d_cl_array_ap_fixed_1u_array_ap_fixed_22_12_4_0_0_6u_config2_U0/grp_compute_output_buffer_2d_array_array_ap_fixed_22_12_4_0_0_6u_config2_s_fu_118/grp_dense_resource_rf_gt_nin_rem0_ap_fixed_ap_fixed_22_12_4_0_0_config2_mult_s_fu_195/mul_22s_22s_44_1_1_U28/tmp_product_inferred__0/i__carry__0/O[2]
                         net (fo=1, unplaced)         0.185     3.913    conv_2d_cl_array_ap_fixed_1u_array_ap_fixed_22_12_4_0_0_6u_config2_U0/grp_compute_output_buffer_2d_array_array_ap_fixed_22_12_4_0_0_6u_config2_s_fu_118/grp_dense_resource_rf_gt_nin_rem0_ap_fixed_ap_fixed_22_12_4_0_0_config2_mult_s_fu_195/mul_22s_22s_44_1_1_U28/tmp_product0_out[10]
                         CARRY8 (Prop_CARRY8_S[1]_O[5])
                                                      0.237     4.150 r  conv_2d_cl_array_ap_fixed_1u_array_ap_fixed_22_12_4_0_0_6u_config2_U0/grp_compute_output_buffer_2d_array_array_ap_fixed_22_12_4_0_0_6u_config2_s_fu_118/grp_dense_resource_rf_gt_nin_rem0_ap_fixed_ap_fixed_22_12_4_0_0_config2_mult_s_fu_195/mul_22s_22s_44_1_1_U28/select_ln144_3_reg_2492_reg[21]_i_8/O[5]
                         net (fo=3, unplaced)         0.100     4.250    conv_2d_cl_array_ap_fixed_1u_array_ap_fixed_22_12_4_0_0_6u_config2_U0/grp_compute_output_buffer_2d_array_array_ap_fixed_22_12_4_0_0_6u_config2_s_fu_118/grp_dense_resource_rf_gt_nin_rem0_ap_fixed_ap_fixed_22_12_4_0_0_config2_mult_s_fu_195/mul_22s_22s_44_1_1_U28/tmp_6487_fu_1348_p3
                         LUT6 (Prop_LUT6_I1_O)        0.090     4.340 f  conv_2d_cl_array_ap_fixed_1u_array_ap_fixed_22_12_4_0_0_6u_config2_U0/grp_compute_output_buffer_2d_array_array_ap_fixed_22_12_4_0_0_6u_config2_s_fu_118/grp_dense_resource_rf_gt_nin_rem0_ap_fixed_ap_fixed_22_12_4_0_0_config2_mult_s_fu_195/mul_22s_22s_44_1_1_U28/select_ln144_3_reg_2492[21]_i_4/O
                         net (fo=1, unplaced)         0.186     4.526    conv_2d_cl_array_ap_fixed_1u_array_ap_fixed_22_12_4_0_0_6u_config2_U0/grp_compute_output_buffer_2d_array_array_ap_fixed_22_12_4_0_0_6u_config2_s_fu_118/grp_dense_resource_rf_gt_nin_rem0_ap_fixed_ap_fixed_22_12_4_0_0_config2_mult_s_fu_195/mul_22s_22s_44_1_1_U28/select_ln144_3_reg_2492[21]_i_4_n_0
                         LUT5 (Prop_LUT5_I0_O)        0.038     4.564 r  conv_2d_cl_array_ap_fixed_1u_array_ap_fixed_22_12_4_0_0_6u_config2_U0/grp_compute_output_buffer_2d_array_array_ap_fixed_22_12_4_0_0_6u_config2_s_fu_118/grp_dense_resource_rf_gt_nin_rem0_ap_fixed_ap_fixed_22_12_4_0_0_config2_mult_s_fu_195/mul_22s_22s_44_1_1_U28/select_ln144_3_reg_2492[21]_i_1/O
                         net (fo=45, unplaced)        0.253     4.817    conv_2d_cl_array_ap_fixed_1u_array_ap_fixed_22_12_4_0_0_6u_config2_U0/grp_compute_output_buffer_2d_array_array_ap_fixed_22_12_4_0_0_6u_config2_s_fu_118/grp_dense_resource_rf_gt_nin_rem0_ap_fixed_ap_fixed_22_12_4_0_0_config2_mult_s_fu_195/mul_22s_22s_44_1_1_U28/select_ln144_3_reg_2492
                         LUT2 (Prop_LUT2_I0_O)        0.070     4.887 r  conv_2d_cl_array_ap_fixed_1u_array_ap_fixed_22_12_4_0_0_6u_config2_U0/grp_compute_output_buffer_2d_array_array_ap_fixed_22_12_4_0_0_6u_config2_s_fu_118/grp_dense_resource_rf_gt_nin_rem0_ap_fixed_ap_fixed_22_12_4_0_0_config2_mult_s_fu_195/mul_22s_22s_44_1_1_U28/select_ln144_3_reg_2492[21]_i_2/O
                         net (fo=22, unplaced)        0.191     5.078    conv_2d_cl_array_ap_fixed_1u_array_ap_fixed_22_12_4_0_0_6u_config2_U0/grp_compute_output_buffer_2d_array_array_ap_fixed_22_12_4_0_0_6u_config2_s_fu_118/grp_dense_resource_rf_gt_nin_rem0_ap_fixed_ap_fixed_22_12_4_0_0_config2_mult_s_fu_195/mul_22s_22s_44_1_1_U28_n_56
                         FDSE                                         r  conv_2d_cl_array_ap_fixed_1u_array_ap_fixed_22_12_4_0_0_6u_config2_U0/grp_compute_output_buffer_2d_array_array_ap_fixed_22_12_4_0_0_6u_config2_s_fu_118/grp_dense_resource_rf_gt_nin_rem0_ap_fixed_ap_fixed_22_12_4_0_0_config2_mult_s_fu_195/select_ln144_3_reg_2492_reg[10]/CE
  -------------------------------------------------------------------    -------------------

                         (clock ap_clk rise edge)    10.000    10.000 r  
                                                      0.000    10.000 r  ap_clk (IN)
                         net (fo=81517, unset)        0.021    10.021    conv_2d_cl_array_ap_fixed_1u_array_ap_fixed_22_12_4_0_0_6u_config2_U0/grp_compute_output_buffer_2d_array_array_ap_fixed_22_12_4_0_0_6u_config2_s_fu_118/grp_dense_resource_rf_gt_nin_rem0_ap_fixed_ap_fixed_22_12_4_0_0_config2_mult_s_fu_195/ap_clk
                         FDSE                                         r  conv_2d_cl_array_ap_fixed_1u_array_ap_fixed_22_12_4_0_0_6u_config2_U0/grp_compute_output_buffer_2d_array_array_ap_fixed_22_12_4_0_0_6u_config2_s_fu_118/grp_dense_resource_rf_gt_nin_rem0_ap_fixed_ap_fixed_22_12_4_0_0_config2_mult_s_fu_195/select_ln144_3_reg_2492_reg[10]/C
                         clock pessimism              0.000    10.021    
                         clock uncertainty           -0.035     9.986    
                         FDSE (Setup_FDSE_C_CE)      -0.061     9.925    conv_2d_cl_array_ap_fixed_1u_array_ap_fixed_22_12_4_0_0_6u_config2_U0/grp_compute_output_buffer_2d_array_array_ap_fixed_22_12_4_0_0_6u_config2_s_fu_118/grp_dense_resource_rf_gt_nin_rem0_ap_fixed_ap_fixed_22_12_4_0_0_config2_mult_s_fu_195/select_ln144_3_reg_2492_reg[10]
  -------------------------------------------------------------------
                         required time                          9.925    
                         arrival time                          -5.078    
  -------------------------------------------------------------------
                         slack                                  4.847    

Slack (MET) :             4.847ns  (required time - arrival time)
  Source:                 conv_2d_cl_array_ap_fixed_1u_array_ap_fixed_22_12_4_0_0_6u_config2_U0/grp_compute_output_buffer_2d_array_array_ap_fixed_22_12_4_0_0_6u_config2_s_fu_118/grp_dense_resource_rf_gt_nin_rem0_ap_fixed_ap_fixed_22_12_4_0_0_config2_mult_s_fu_195/icmp_ln135_reg_2476_pp0_iter1_reg_reg[0]/C
                            (rising edge-triggered cell FDRE clocked by ap_clk  {rise@0.000ns fall@5.000ns period=10.000ns})
  Destination:            conv_2d_cl_array_ap_fixed_1u_array_ap_fixed_22_12_4_0_0_6u_config2_U0/grp_compute_output_buffer_2d_array_array_ap_fixed_22_12_4_0_0_6u_config2_s_fu_118/grp_dense_resource_rf_gt_nin_rem0_ap_fixed_ap_fixed_22_12_4_0_0_config2_mult_s_fu_195/select_ln144_3_reg_2492_reg[11]/CE
                            (rising edge-triggered cell FDSE clocked by ap_clk  {rise@0.000ns fall@5.000ns period=10.000ns})
  Path Group:             ap_clk
  Path Type:              Setup (Max at Slow Process Corner)
  Requirement:            10.000ns  (ap_clk rise@10.000ns - ap_clk rise@0.000ns)
  Data Path Delay:        5.048ns  (logic 2.676ns (53.011%)  route 2.372ns (46.989%))
  Logic Levels:           18  (CARRY8=3 DSP_A_B_DATA=1 DSP_ALU=1 DSP_M_DATA=1 DSP_MULTIPLIER=1 DSP_OUTPUT=1 DSP_PREADD_DATA=1 LUT2=1 LUT3=1 LUT4=1 LUT5=3 LUT6=3)
  Clock Path Skew:        -0.009ns (DCD - SCD + CPR)
    Destination Clock Delay (DCD):    0.021ns = ( 10.021 - 10.000 ) 
    Source Clock Delay      (SCD):    0.030ns
    Clock Pessimism Removal (CPR):    0.000ns
  Clock Uncertainty:      0.035ns  ((TSJ^2 + TIJ^2)^1/2 + DJ) / 2 + PE
    Total System Jitter     (TSJ):    0.071ns
    Total Input Jitter      (TIJ):    0.000ns
    Discrete Jitter          (DJ):    0.000ns
    Phase Error              (PE):    0.000ns

    Location             Delay type                Incr(ns)  Path(ns)    Netlist Resource(s)
  -------------------------------------------------------------------    -------------------
                         (clock ap_clk rise edge)     0.000     0.000 r  
                                                      0.000     0.000 r  ap_clk (IN)
                         net (fo=81517, unset)        0.030     0.030    conv_2d_cl_array_ap_fixed_1u_array_ap_fixed_22_12_4_0_0_6u_config2_U0/grp_compute_output_buffer_2d_array_array_ap_fixed_22_12_4_0_0_6u_config2_s_fu_118/grp_dense_resource_rf_gt_nin_rem0_ap_fixed_ap_fixed_22_12_4_0_0_config2_mult_s_fu_195/ap_clk
                         FDRE                                         r  conv_2d_cl_array_ap_fixed_1u_array_ap_fixed_22_12_4_0_0_6u_config2_U0/grp_compute_output_buffer_2d_array_array_ap_fixed_22_12_4_0_0_6u_config2_s_fu_118/grp_dense_resource_rf_gt_nin_rem0_ap_fixed_ap_fixed_22_12_4_0_0_config2_mult_s_fu_195/icmp_ln135_reg_2476_pp0_iter1_reg_reg[0]/C
  -------------------------------------------------------------------    -------------------
                         FDRE (Prop_FDRE_C_Q)         0.077     0.107 f  conv_2d_cl_array_ap_fixed_1u_array_ap_fixed_22_12_4_0_0_6u_config2_U0/grp_compute_output_buffer_2d_array_array_ap_fixed_22_12_4_0_0_6u_config2_s_fu_118/grp_dense_resource_rf_gt_nin_rem0_ap_fixed_ap_fixed_22_12_4_0_0_config2_mult_s_fu_195/icmp_ln135_reg_2476_pp0_iter1_reg_reg[0]/Q
                         net (fo=47, unplaced)        0.159     0.266    conv_2d_cl_array_ap_fixed_1u_array_ap_fixed_22_12_4_0_0_6u_config2_U0/grp_compute_output_buffer_2d_array_array_ap_fixed_22_12_4_0_0_6u_config2_s_fu_118/grp_dense_resource_rf_gt_nin_rem0_ap_fixed_ap_fixed_22_12_4_0_0_config2_mult_s_fu_195/mul_22s_22s_44_1_1_U28/icmp_ln135_reg_2476_pp0_iter1_reg
                         LUT4 (Prop_LUT4_I1_O)        0.090     0.356 r  conv_2d_cl_array_ap_fixed_1u_array_ap_fixed_22_12_4_0_0_6u_config2_U0/grp_compute_output_buffer_2d_array_array_ap_fixed_22_12_4_0_0_6u_config2_s_fu_118/grp_dense_resource_rf_gt_nin_rem0_ap_fixed_ap_fixed_22_12_4_0_0_config2_mult_s_fu_195/mul_22s_22s_44_1_1_U28/tmp_product_i_27__8/O
                         net (fo=26, unplaced)        0.241     0.597    conv_2d_cl_array_ap_fixed_1u_array_ap_fixed_22_12_4_0_0_6u_config2_U0/grp_compute_output_buffer_2d_array_array_ap_fixed_22_12_4_0_0_6u_config2_s_fu_118/grp_dense_resource_rf_gt_nin_rem0_ap_fixed_ap_fixed_22_12_4_0_0_config2_mult_s_fu_195/mul_22s_22s_44_1_1_U28/tmp_product_i_27__8_n_0
                         LUT5 (Prop_LUT5_I4_O)        0.038     0.635 r  conv_2d_cl_array_ap_fixed_1u_array_ap_fixed_22_12_4_0_0_6u_config2_U0/grp_compute_output_buffer_2d_array_array_ap_fixed_22_12_4_0_0_6u_config2_s_fu_118/grp_dense_resource_rf_gt_nin_rem0_ap_fixed_ap_fixed_22_12_4_0_0_config2_mult_s_fu_195/mul_22s_22s_44_1_1_U28/tmp_product_i_143__8/O
                         net (fo=23, unplaced)        0.238     0.873    conv_2d_cl_array_ap_fixed_1u_array_ap_fixed_22_12_4_0_0_6u_config2_U0/grp_compute_output_buffer_2d_array_array_ap_fixed_22_12_4_0_0_6u_config2_s_fu_118/grp_dense_resource_rf_gt_nin_rem0_ap_fixed_ap_fixed_22_12_4_0_0_config2_mult_s_fu_195/mul_22s_22s_44_1_1_U28/tmp_product_i_143__8_n_0
                         LUT5 (Prop_LUT5_I4_O)        0.038     0.911 r  conv_2d_cl_array_ap_fixed_1u_array_ap_fixed_22_12_4_0_0_6u_config2_U0/grp_compute_output_buffer_2d_array_array_ap_fixed_22_12_4_0_0_6u_config2_s_fu_118/grp_dense_resource_rf_gt_nin_rem0_ap_fixed_ap_fixed_22_12_4_0_0_config2_mult_s_fu_195/mul_22s_22s_44_1_1_U28/tmp_product_i_65__8/O
                         net (fo=22, unplaced)        0.237     1.148    conv_2d_cl_array_ap_fixed_1u_array_ap_fixed_22_12_4_0_0_6u_config2_U0/grp_compute_output_buffer_2d_array_array_ap_fixed_22_12_4_0_0_6u_config2_s_fu_118/grp_dense_resource_rf_gt_nin_rem0_ap_fixed_ap_fixed_22_12_4_0_0_config2_mult_s_fu_195/mul_22s_22s_44_1_1_U28/tmp_product_i_65__8_n_0
                         LUT6 (Prop_LUT6_I2_O)        0.038     1.186 f  conv_2d_cl_array_ap_fixed_1u_array_ap_fixed_22_12_4_0_0_6u_config2_U0/grp_compute_output_buffer_2d_array_array_ap_fixed_22_12_4_0_0_6u_config2_s_fu_118/grp_dense_resource_rf_gt_nin_rem0_ap_fixed_ap_fixed_22_12_4_0_0_config2_mult_s_fu_195/mul_22s_22s_44_1_1_U28/tmp_product_i_109__8/O
                         net (fo=1, unplaced)         0.140     1.326    conv_2d_cl_array_ap_fixed_1u_array_ap_fixed_22_12_4_0_0_6u_config2_U0/grp_compute_output_buffer_2d_array_array_ap_fixed_22_12_4_0_0_6u_config2_s_fu_118/grp_dense_resource_rf_gt_nin_rem0_ap_fixed_ap_fixed_22_12_4_0_0_config2_mult_s_fu_195/mul_22s_22s_44_1_1_U28/tmp_product_i_109__8_n_0
                         LUT6 (Prop_LUT6_I0_O)        0.090     1.416 f  conv_2d_cl_array_ap_fixed_1u_array_ap_fixed_22_12_4_0_0_6u_config2_U0/grp_compute_output_buffer_2d_array_array_ap_fixed_22_12_4_0_0_6u_config2_s_fu_118/grp_dense_resource_rf_gt_nin_rem0_ap_fixed_ap_fixed_22_12_4_0_0_config2_mult_s_fu_195/mul_22s_22s_44_1_1_U28/tmp_product_i_42__8/O
                         net (fo=8, unplaced)         0.256     1.672    conv_2d_cl_array_ap_fixed_1u_array_ap_fixed_22_12_4_0_0_6u_config2_U0/grp_compute_output_buffer_2d_array_array_ap_fixed_22_12_4_0_0_6u_config2_s_fu_118/grp_dense_resource_rf_gt_nin_rem0_ap_fixed_ap_fixed_22_12_4_0_0_config2_mult_s_fu_195/mul_22s_22s_44_1_1_U28/tmp_product/A[8]
                         DSP_A_B_DATA (Prop_DSP_A_B_DATA_A[8]_A2_DATA[8])
                                                      0.192     1.864 r  conv_2d_cl_array_ap_fixed_1u_array_ap_fixed_22_12_4_0_0_6u_config2_U0/grp_compute_output_buffer_2d_array_array_ap_fixed_22_12_4_0_0_6u_config2_s_fu_118/grp_dense_resource_rf_gt_nin_rem0_ap_fixed_ap_fixed_22_12_4_0_0_config2_mult_s_fu_195/mul_22s_22s_44_1_1_U28/tmp_product/DSP_A_B_DATA_INST/A2_DATA[8]
                         net (fo=1, unplaced)         0.000     1.864    conv_2d_cl_array_ap_fixed_1u_array_ap_fixed_22_12_4_0_0_6u_config2_U0/grp_compute_output_buffer_2d_array_array_ap_fixed_22_12_4_0_0_6u_config2_s_fu_118/grp_dense_resource_rf_gt_nin_rem0_ap_fixed_ap_fixed_22_12_4_0_0_config2_mult_s_fu_195/mul_22s_22s_44_1_1_U28/tmp_product/DSP_A_B_DATA.A2_DATA<8>
                         DSP_PREADD_DATA (Prop_DSP_PREADD_DATA_A2_DATA[8]_A2A1[8])
                                                      0.076     1.940 r  conv_2d_cl_array_ap_fixed_1u_array_ap_fixed_22_12_4_0_0_6u_config2_U0/grp_compute_output_buffer_2d_array_array_ap_fixed_22_12_4_0_0_6u_config2_s_fu_118/grp_dense_resource_rf_gt_nin_rem0_ap_fixed_ap_fixed_22_12_4_0_0_config2_mult_s_fu_195/mul_22s_22s_44_1_1_U28/tmp_product/DSP_PREADD_DATA_INST/A2A1[8]
                         net (fo=1, unplaced)         0.000     1.940    conv_2d_cl_array_ap_fixed_1u_array_ap_fixed_22_12_4_0_0_6u_config2_U0/grp_compute_output_buffer_2d_array_array_ap_fixed_22_12_4_0_0_6u_config2_s_fu_118/grp_dense_resource_rf_gt_nin_rem0_ap_fixed_ap_fixed_22_12_4_0_0_config2_mult_s_fu_195/mul_22s_22s_44_1_1_U28/tmp_product/DSP_PREADD_DATA.A2A1<8>
                         DSP_MULTIPLIER (Prop_DSP_MULTIPLIER_A2A1[8]_U[17])
                                                      0.505     2.445 f  conv_2d_cl_array_ap_fixed_1u_array_ap_fixed_22_12_4_0_0_6u_config2_U0/grp_compute_output_buffer_2d_array_array_ap_fixed_22_12_4_0_0_6u_config2_s_fu_118/grp_dense_resource_rf_gt_nin_rem0_ap_fixed_ap_fixed_22_12_4_0_0_config2_mult_s_fu_195/mul_22s_22s_44_1_1_U28/tmp_product/DSP_MULTIPLIER_INST/U[17]
                         net (fo=1, unplaced)         0.000     2.445    conv_2d_cl_array_ap_fixed_1u_array_ap_fixed_22_12_4_0_0_6u_config2_U0/grp_compute_output_buffer_2d_array_array_ap_fixed_22_12_4_0_0_6u_config2_s_fu_118/grp_dense_resource_rf_gt_nin_rem0_ap_fixed_ap_fixed_22_12_4_0_0_config2_mult_s_fu_195/mul_22s_22s_44_1_1_U28/tmp_product/DSP_MULTIPLIER.U<17>
                         DSP_M_DATA (Prop_DSP_M_DATA_U[17]_U_DATA[17])
                                                      0.047     2.492 r  conv_2d_cl_array_ap_fixed_1u_array_ap_fixed_22_12_4_0_0_6u_config2_U0/grp_compute_output_buffer_2d_array_array_ap_fixed_22_12_4_0_0_6u_config2_s_fu_118/grp_dense_resource_rf_gt_nin_rem0_ap_fixed_ap_fixed_22_12_4_0_0_config2_mult_s_fu_195/mul_22s_22s_44_1_1_U28/tmp_product/DSP_M_DATA_INST/U_DATA[17]
                         net (fo=1, unplaced)         0.000     2.492    conv_2d_cl_array_ap_fixed_1u_array_ap_fixed_22_12_4_0_0_6u_config2_U0/grp_compute_output_buffer_2d_array_array_ap_fixed_22_12_4_0_0_6u_config2_s_fu_118/grp_dense_resource_rf_gt_nin_rem0_ap_fixed_ap_fixed_22_12_4_0_0_config2_mult_s_fu_195/mul_22s_22s_44_1_1_U28/tmp_product/DSP_M_DATA.U_DATA<17>
                         DSP_ALU (Prop_DSP_ALU_U_DATA[17]_ALU_OUT[17])
                                                      0.585     3.077 f  conv_2d_cl_array_ap_fixed_1u_array_ap_fixed_22_12_4_0_0_6u_config2_U0/grp_compute_output_buffer_2d_array_array_ap_fixed_22_12_4_0_0_6u_config2_s_fu_118/grp_dense_resource_rf_gt_nin_rem0_ap_fixed_ap_fixed_22_12_4_0_0_config2_mult_s_fu_195/mul_22s_22s_44_1_1_U28/tmp_product/DSP_ALU_INST/ALU_OUT[17]
                         net (fo=1, unplaced)         0.000     3.077    conv_2d_cl_array_ap_fixed_1u_array_ap_fixed_22_12_4_0_0_6u_config2_U0/grp_compute_output_buffer_2d_array_array_ap_fixed_22_12_4_0_0_6u_config2_s_fu_118/grp_dense_resource_rf_gt_nin_rem0_ap_fixed_ap_fixed_22_12_4_0_0_config2_mult_s_fu_195/mul_22s_22s_44_1_1_U28/tmp_product/DSP_ALU.ALU_OUT<17>
                         DSP_OUTPUT (Prop_DSP_OUTPUT_ALU_OUT[17]_P[17])
                                                      0.109     3.186 r  conv_2d_cl_array_ap_fixed_1u_array_ap_fixed_22_12_4_0_0_6u_config2_U0/grp_compute_output_buffer_2d_array_array_ap_fixed_22_12_4_0_0_6u_config2_s_fu_118/grp_dense_resource_rf_gt_nin_rem0_ap_fixed_ap_fixed_22_12_4_0_0_config2_mult_s_fu_195/mul_22s_22s_44_1_1_U28/tmp_product/DSP_OUTPUT_INST/P[17]
                         net (fo=2, unplaced)         0.161     3.347    conv_2d_cl_array_ap_fixed_1u_array_ap_fixed_22_12_4_0_0_6u_config2_U0/grp_compute_output_buffer_2d_array_array_ap_fixed_22_12_4_0_0_6u_config2_s_fu_118/grp_dense_resource_rf_gt_nin_rem0_ap_fixed_ap_fixed_22_12_4_0_0_config2_mult_s_fu_195/mul_22s_22s_44_1_1_U28/tmp_product_n_88
                         LUT3 (Prop_LUT3_I0_O)        0.090     3.437 r  conv_2d_cl_array_ap_fixed_1u_array_ap_fixed_22_12_4_0_0_6u_config2_U0/grp_compute_output_buffer_2d_array_array_ap_fixed_22_12_4_0_0_6u_config2_s_fu_118/grp_dense_resource_rf_gt_nin_rem0_ap_fixed_ap_fixed_22_12_4_0_0_config2_mult_s_fu_195/mul_22s_22s_44_1_1_U28/i__carry_i_8__685/O
                         net (fo=1, unplaced)         0.020     3.457    conv_2d_cl_array_ap_fixed_1u_array_ap_fixed_22_12_4_0_0_6u_config2_U0/grp_compute_output_buffer_2d_array_array_ap_fixed_22_12_4_0_0_6u_config2_s_fu_118/grp_dense_resource_rf_gt_nin_rem0_ap_fixed_ap_fixed_22_12_4_0_0_config2_mult_s_fu_195/mul_22s_22s_44_1_1_U28/i__carry_i_8__685_n_0
                         CARRY8 (Prop_CARRY8_S[0]_CO[7])
                                                      0.199     3.656 r  conv_2d_cl_array_ap_fixed_1u_array_ap_fixed_22_12_4_0_0_6u_config2_U0/grp_compute_output_buffer_2d_array_array_ap_fixed_22_12_4_0_0_6u_config2_s_fu_118/grp_dense_resource_rf_gt_nin_rem0_ap_fixed_ap_fixed_22_12_4_0_0_config2_mult_s_fu_195/mul_22s_22s_44_1_1_U28/tmp_product_inferred__0/i__carry/CO[7]
                         net (fo=1, unplaced)         0.005     3.661    conv_2d_cl_array_ap_fixed_1u_array_ap_fixed_22_12_4_0_0_6u_config2_U0/grp_compute_output_buffer_2d_array_array_ap_fixed_22_12_4_0_0_6u_config2_s_fu_118/grp_dense_resource_rf_gt_nin_rem0_ap_fixed_ap_fixed_22_12_4_0_0_config2_mult_s_fu_195/mul_22s_22s_44_1_1_U28/tmp_product_inferred__0/i__carry_n_0
                         CARRY8 (Prop_CARRY8_CI_O[2])
                                                      0.067     3.728 r  conv_2d_cl_array_ap_fixed_1u_array_ap_fixed_22_12_4_0_0_6u_config2_U0/grp_compute_output_buffer_2d_array_array_ap_fixed_22_12_4_0_0_6u_config2_s_fu_118/grp_dense_resource_rf_gt_nin_rem0_ap_fixed_ap_fixed_22_12_4_0_0_config2_mult_s_fu_195/mul_22s_22s_44_1_1_U28/tmp_product_inferred__0/i__carry__0/O[2]
                         net (fo=1, unplaced)         0.185     3.913    conv_2d_cl_array_ap_fixed_1u_array_ap_fixed_22_12_4_0_0_6u_config2_U0/grp_compute_output_buffer_2d_array_array_ap_fixed_22_12_4_0_0_6u_config2_s_fu_118/grp_dense_resource_rf_gt_nin_rem0_ap_fixed_ap_fixed_22_12_4_0_0_config2_mult_s_fu_195/mul_22s_22s_44_1_1_U28/tmp_product0_out[10]
                         CARRY8 (Prop_CARRY8_S[1]_O[5])
                                                      0.237     4.150 r  conv_2d_cl_array_ap_fixed_1u_array_ap_fixed_22_12_4_0_0_6u_config2_U0/grp_compute_output_buffer_2d_array_array_ap_fixed_22_12_4_0_0_6u_config2_s_fu_118/grp_dense_resource_rf_gt_nin_rem0_ap_fixed_ap_fixed_22_12_4_0_0_config2_mult_s_fu_195/mul_22s_22s_44_1_1_U28/select_ln144_3_reg_2492_reg[21]_i_8/O[5]
                         net (fo=3, unplaced)         0.100     4.250    conv_2d_cl_array_ap_fixed_1u_array_ap_fixed_22_12_4_0_0_6u_config2_U0/grp_compute_output_buffer_2d_array_array_ap_fixed_22_12_4_0_0_6u_config2_s_fu_118/grp_dense_resource_rf_gt_nin_rem0_ap_fixed_ap_fixed_22_12_4_0_0_config2_mult_s_fu_195/mul_22s_22s_44_1_1_U28/tmp_6487_fu_1348_p3
                         LUT6 (Prop_LUT6_I1_O)        0.090     4.340 f  conv_2d_cl_array_ap_fixed_1u_array_ap_fixed_22_12_4_0_0_6u_config2_U0/grp_compute_output_buffer_2d_array_array_ap_fixed_22_12_4_0_0_6u_config2_s_fu_118/grp_dense_resource_rf_gt_nin_rem0_ap_fixed_ap_fixed_22_12_4_0_0_config2_mult_s_fu_195/mul_22s_22s_44_1_1_U28/select_ln144_3_reg_2492[21]_i_4/O
                         net (fo=1, unplaced)         0.186     4.526    conv_2d_cl_array_ap_fixed_1u_array_ap_fixed_22_12_4_0_0_6u_config2_U0/grp_compute_output_buffer_2d_array_array_ap_fixed_22_12_4_0_0_6u_config2_s_fu_118/grp_dense_resource_rf_gt_nin_rem0_ap_fixed_ap_fixed_22_12_4_0_0_config2_mult_s_fu_195/mul_22s_22s_44_1_1_U28/select_ln144_3_reg_2492[21]_i_4_n_0
                         LUT5 (Prop_LUT5_I0_O)        0.038     4.564 r  conv_2d_cl_array_ap_fixed_1u_array_ap_fixed_22_12_4_0_0_6u_config2_U0/grp_compute_output_buffer_2d_array_array_ap_fixed_22_12_4_0_0_6u_config2_s_fu_118/grp_dense_resource_rf_gt_nin_rem0_ap_fixed_ap_fixed_22_12_4_0_0_config2_mult_s_fu_195/mul_22s_22s_44_1_1_U28/select_ln144_3_reg_2492[21]_i_1/O
                         net (fo=45, unplaced)        0.253     4.817    conv_2d_cl_array_ap_fixed_1u_array_ap_fixed_22_12_4_0_0_6u_config2_U0/grp_compute_output_buffer_2d_array_array_ap_fixed_22_12_4_0_0_6u_config2_s_fu_118/grp_dense_resource_rf_gt_nin_rem0_ap_fixed_ap_fixed_22_12_4_0_0_config2_mult_s_fu_195/mul_22s_22s_44_1_1_U28/select_ln144_3_reg_2492
                         LUT2 (Prop_LUT2_I0_O)        0.070     4.887 r  conv_2d_cl_array_ap_fixed_1u_array_ap_fixed_22_12_4_0_0_6u_config2_U0/grp_compute_output_buffer_2d_array_array_ap_fixed_22_12_4_0_0_6u_config2_s_fu_118/grp_dense_resource_rf_gt_nin_rem0_ap_fixed_ap_fixed_22_12_4_0_0_config2_mult_s_fu_195/mul_22s_22s_44_1_1_U28/select_ln144_3_reg_2492[21]_i_2/O
                         net (fo=22, unplaced)        0.191     5.078    conv_2d_cl_array_ap_fixed_1u_array_ap_fixed_22_12_4_0_0_6u_config2_U0/grp_compute_output_buffer_2d_array_array_ap_fixed_22_12_4_0_0_6u_config2_s_fu_118/grp_dense_resource_rf_gt_nin_rem0_ap_fixed_ap_fixed_22_12_4_0_0_config2_mult_s_fu_195/mul_22s_22s_44_1_1_U28_n_56
                         FDSE                                         r  conv_2d_cl_array_ap_fixed_1u_array_ap_fixed_22_12_4_0_0_6u_config2_U0/grp_compute_output_buffer_2d_array_array_ap_fixed_22_12_4_0_0_6u_config2_s_fu_118/grp_dense_resource_rf_gt_nin_rem0_ap_fixed_ap_fixed_22_12_4_0_0_config2_mult_s_fu_195/select_ln144_3_reg_2492_reg[11]/CE
  -------------------------------------------------------------------    -------------------

                         (clock ap_clk rise edge)    10.000    10.000 r  
                                                      0.000    10.000 r  ap_clk (IN)
                         net (fo=81517, unset)        0.021    10.021    conv_2d_cl_array_ap_fixed_1u_array_ap_fixed_22_12_4_0_0_6u_config2_U0/grp_compute_output_buffer_2d_array_array_ap_fixed_22_12_4_0_0_6u_config2_s_fu_118/grp_dense_resource_rf_gt_nin_rem0_ap_fixed_ap_fixed_22_12_4_0_0_config2_mult_s_fu_195/ap_clk
                         FDSE                                         r  conv_2d_cl_array_ap_fixed_1u_array_ap_fixed_22_12_4_0_0_6u_config2_U0/grp_compute_output_buffer_2d_array_array_ap_fixed_22_12_4_0_0_6u_config2_s_fu_118/grp_dense_resource_rf_gt_nin_rem0_ap_fixed_ap_fixed_22_12_4_0_0_config2_mult_s_fu_195/select_ln144_3_reg_2492_reg[11]/C
                         clock pessimism              0.000    10.021    
                         clock uncertainty           -0.035     9.986    
                         FDSE (Setup_FDSE_C_CE)      -0.061     9.925    conv_2d_cl_array_ap_fixed_1u_array_ap_fixed_22_12_4_0_0_6u_config2_U0/grp_compute_output_buffer_2d_array_array_ap_fixed_22_12_4_0_0_6u_config2_s_fu_118/grp_dense_resource_rf_gt_nin_rem0_ap_fixed_ap_fixed_22_12_4_0_0_config2_mult_s_fu_195/select_ln144_3_reg_2492_reg[11]
  -------------------------------------------------------------------
                         required time                          9.925    
                         arrival time                          -5.078    
  -------------------------------------------------------------------
                         slack                                  4.847    

Slack (MET) :             4.847ns  (required time - arrival time)
  Source:                 conv_2d_cl_array_ap_fixed_1u_array_ap_fixed_22_12_4_0_0_6u_config2_U0/grp_compute_output_buffer_2d_array_array_ap_fixed_22_12_4_0_0_6u_config2_s_fu_118/grp_dense_resource_rf_gt_nin_rem0_ap_fixed_ap_fixed_22_12_4_0_0_config2_mult_s_fu_195/icmp_ln135_reg_2476_pp0_iter1_reg_reg[0]/C
                            (rising edge-triggered cell FDRE clocked by ap_clk  {rise@0.000ns fall@5.000ns period=10.000ns})
  Destination:            conv_2d_cl_array_ap_fixed_1u_array_ap_fixed_22_12_4_0_0_6u_config2_U0/grp_compute_output_buffer_2d_array_array_ap_fixed_22_12_4_0_0_6u_config2_s_fu_118/grp_dense_resource_rf_gt_nin_rem0_ap_fixed_ap_fixed_22_12_4_0_0_config2_mult_s_fu_195/select_ln144_3_reg_2492_reg[12]/CE
                            (rising edge-triggered cell FDSE clocked by ap_clk  {rise@0.000ns fall@5.000ns period=10.000ns})
  Path Group:             ap_clk
  Path Type:              Setup (Max at Slow Process Corner)
  Requirement:            10.000ns  (ap_clk rise@10.000ns - ap_clk rise@0.000ns)
  Data Path Delay:        5.048ns  (logic 2.676ns (53.011%)  route 2.372ns (46.989%))
  Logic Levels:           18  (CARRY8=3 DSP_A_B_DATA=1 DSP_ALU=1 DSP_M_DATA=1 DSP_MULTIPLIER=1 DSP_OUTPUT=1 DSP_PREADD_DATA=1 LUT2=1 LUT3=1 LUT4=1 LUT5=3 LUT6=3)
  Clock Path Skew:        -0.009ns (DCD - SCD + CPR)
    Destination Clock Delay (DCD):    0.021ns = ( 10.021 - 10.000 ) 
    Source Clock Delay      (SCD):    0.030ns
    Clock Pessimism Removal (CPR):    0.000ns
  Clock Uncertainty:      0.035ns  ((TSJ^2 + TIJ^2)^1/2 + DJ) / 2 + PE
    Total System Jitter     (TSJ):    0.071ns
    Total Input Jitter      (TIJ):    0.000ns
    Discrete Jitter          (DJ):    0.000ns
    Phase Error              (PE):    0.000ns

    Location             Delay type                Incr(ns)  Path(ns)    Netlist Resource(s)
  -------------------------------------------------------------------    -------------------
                         (clock ap_clk rise edge)     0.000     0.000 r  
                                                      0.000     0.000 r  ap_clk (IN)
                         net (fo=81517, unset)        0.030     0.030    conv_2d_cl_array_ap_fixed_1u_array_ap_fixed_22_12_4_0_0_6u_config2_U0/grp_compute_output_buffer_2d_array_array_ap_fixed_22_12_4_0_0_6u_config2_s_fu_118/grp_dense_resource_rf_gt_nin_rem0_ap_fixed_ap_fixed_22_12_4_0_0_config2_mult_s_fu_195/ap_clk
                         FDRE                                         r  conv_2d_cl_array_ap_fixed_1u_array_ap_fixed_22_12_4_0_0_6u_config2_U0/grp_compute_output_buffer_2d_array_array_ap_fixed_22_12_4_0_0_6u_config2_s_fu_118/grp_dense_resource_rf_gt_nin_rem0_ap_fixed_ap_fixed_22_12_4_0_0_config2_mult_s_fu_195/icmp_ln135_reg_2476_pp0_iter1_reg_reg[0]/C
  -------------------------------------------------------------------    -------------------
                         FDRE (Prop_FDRE_C_Q)         0.077     0.107 f  conv_2d_cl_array_ap_fixed_1u_array_ap_fixed_22_12_4_0_0_6u_config2_U0/grp_compute_output_buffer_2d_array_array_ap_fixed_22_12_4_0_0_6u_config2_s_fu_118/grp_dense_resource_rf_gt_nin_rem0_ap_fixed_ap_fixed_22_12_4_0_0_config2_mult_s_fu_195/icmp_ln135_reg_2476_pp0_iter1_reg_reg[0]/Q
                         net (fo=47, unplaced)        0.159     0.266    conv_2d_cl_array_ap_fixed_1u_array_ap_fixed_22_12_4_0_0_6u_config2_U0/grp_compute_output_buffer_2d_array_array_ap_fixed_22_12_4_0_0_6u_config2_s_fu_118/grp_dense_resource_rf_gt_nin_rem0_ap_fixed_ap_fixed_22_12_4_0_0_config2_mult_s_fu_195/mul_22s_22s_44_1_1_U28/icmp_ln135_reg_2476_pp0_iter1_reg
                         LUT4 (Prop_LUT4_I1_O)        0.090     0.356 r  conv_2d_cl_array_ap_fixed_1u_array_ap_fixed_22_12_4_0_0_6u_config2_U0/grp_compute_output_buffer_2d_array_array_ap_fixed_22_12_4_0_0_6u_config2_s_fu_118/grp_dense_resource_rf_gt_nin_rem0_ap_fixed_ap_fixed_22_12_4_0_0_config2_mult_s_fu_195/mul_22s_22s_44_1_1_U28/tmp_product_i_27__8/O
                         net (fo=26, unplaced)        0.241     0.597    conv_2d_cl_array_ap_fixed_1u_array_ap_fixed_22_12_4_0_0_6u_config2_U0/grp_compute_output_buffer_2d_array_array_ap_fixed_22_12_4_0_0_6u_config2_s_fu_118/grp_dense_resource_rf_gt_nin_rem0_ap_fixed_ap_fixed_22_12_4_0_0_config2_mult_s_fu_195/mul_22s_22s_44_1_1_U28/tmp_product_i_27__8_n_0
                         LUT5 (Prop_LUT5_I4_O)        0.038     0.635 r  conv_2d_cl_array_ap_fixed_1u_array_ap_fixed_22_12_4_0_0_6u_config2_U0/grp_compute_output_buffer_2d_array_array_ap_fixed_22_12_4_0_0_6u_config2_s_fu_118/grp_dense_resource_rf_gt_nin_rem0_ap_fixed_ap_fixed_22_12_4_0_0_config2_mult_s_fu_195/mul_22s_22s_44_1_1_U28/tmp_product_i_143__8/O
                         net (fo=23, unplaced)        0.238     0.873    conv_2d_cl_array_ap_fixed_1u_array_ap_fixed_22_12_4_0_0_6u_config2_U0/grp_compute_output_buffer_2d_array_array_ap_fixed_22_12_4_0_0_6u_config2_s_fu_118/grp_dense_resource_rf_gt_nin_rem0_ap_fixed_ap_fixed_22_12_4_0_0_config2_mult_s_fu_195/mul_22s_22s_44_1_1_U28/tmp_product_i_143__8_n_0
                         LUT5 (Prop_LUT5_I4_O)        0.038     0.911 r  conv_2d_cl_array_ap_fixed_1u_array_ap_fixed_22_12_4_0_0_6u_config2_U0/grp_compute_output_buffer_2d_array_array_ap_fixed_22_12_4_0_0_6u_config2_s_fu_118/grp_dense_resource_rf_gt_nin_rem0_ap_fixed_ap_fixed_22_12_4_0_0_config2_mult_s_fu_195/mul_22s_22s_44_1_1_U28/tmp_product_i_65__8/O
                         net (fo=22, unplaced)        0.237     1.148    conv_2d_cl_array_ap_fixed_1u_array_ap_fixed_22_12_4_0_0_6u_config2_U0/grp_compute_output_buffer_2d_array_array_ap_fixed_22_12_4_0_0_6u_config2_s_fu_118/grp_dense_resource_rf_gt_nin_rem0_ap_fixed_ap_fixed_22_12_4_0_0_config2_mult_s_fu_195/mul_22s_22s_44_1_1_U28/tmp_product_i_65__8_n_0
                         LUT6 (Prop_LUT6_I2_O)        0.038     1.186 f  conv_2d_cl_array_ap_fixed_1u_array_ap_fixed_22_12_4_0_0_6u_config2_U0/grp_compute_output_buffer_2d_array_array_ap_fixed_22_12_4_0_0_6u_config2_s_fu_118/grp_dense_resource_rf_gt_nin_rem0_ap_fixed_ap_fixed_22_12_4_0_0_config2_mult_s_fu_195/mul_22s_22s_44_1_1_U28/tmp_product_i_109__8/O
                         net (fo=1, unplaced)         0.140     1.326    conv_2d_cl_array_ap_fixed_1u_array_ap_fixed_22_12_4_0_0_6u_config2_U0/grp_compute_output_buffer_2d_array_array_ap_fixed_22_12_4_0_0_6u_config2_s_fu_118/grp_dense_resource_rf_gt_nin_rem0_ap_fixed_ap_fixed_22_12_4_0_0_config2_mult_s_fu_195/mul_22s_22s_44_1_1_U28/tmp_product_i_109__8_n_0
                         LUT6 (Prop_LUT6_I0_O)        0.090     1.416 f  conv_2d_cl_array_ap_fixed_1u_array_ap_fixed_22_12_4_0_0_6u_config2_U0/grp_compute_output_buffer_2d_array_array_ap_fixed_22_12_4_0_0_6u_config2_s_fu_118/grp_dense_resource_rf_gt_nin_rem0_ap_fixed_ap_fixed_22_12_4_0_0_config2_mult_s_fu_195/mul_22s_22s_44_1_1_U28/tmp_product_i_42__8/O
                         net (fo=8, unplaced)         0.256     1.672    conv_2d_cl_array_ap_fixed_1u_array_ap_fixed_22_12_4_0_0_6u_config2_U0/grp_compute_output_buffer_2d_array_array_ap_fixed_22_12_4_0_0_6u_config2_s_fu_118/grp_dense_resource_rf_gt_nin_rem0_ap_fixed_ap_fixed_22_12_4_0_0_config2_mult_s_fu_195/mul_22s_22s_44_1_1_U28/tmp_product/A[8]
                         DSP_A_B_DATA (Prop_DSP_A_B_DATA_A[8]_A2_DATA[8])
                                                      0.192     1.864 r  conv_2d_cl_array_ap_fixed_1u_array_ap_fixed_22_12_4_0_0_6u_config2_U0/grp_compute_output_buffer_2d_array_array_ap_fixed_22_12_4_0_0_6u_config2_s_fu_118/grp_dense_resource_rf_gt_nin_rem0_ap_fixed_ap_fixed_22_12_4_0_0_config2_mult_s_fu_195/mul_22s_22s_44_1_1_U28/tmp_product/DSP_A_B_DATA_INST/A2_DATA[8]
                         net (fo=1, unplaced)         0.000     1.864    conv_2d_cl_array_ap_fixed_1u_array_ap_fixed_22_12_4_0_0_6u_config2_U0/grp_compute_output_buffer_2d_array_array_ap_fixed_22_12_4_0_0_6u_config2_s_fu_118/grp_dense_resource_rf_gt_nin_rem0_ap_fixed_ap_fixed_22_12_4_0_0_config2_mult_s_fu_195/mul_22s_22s_44_1_1_U28/tmp_product/DSP_A_B_DATA.A2_DATA<8>
                         DSP_PREADD_DATA (Prop_DSP_PREADD_DATA_A2_DATA[8]_A2A1[8])
                                                      0.076     1.940 r  conv_2d_cl_array_ap_fixed_1u_array_ap_fixed_22_12_4_0_0_6u_config2_U0/grp_compute_output_buffer_2d_array_array_ap_fixed_22_12_4_0_0_6u_config2_s_fu_118/grp_dense_resource_rf_gt_nin_rem0_ap_fixed_ap_fixed_22_12_4_0_0_config2_mult_s_fu_195/mul_22s_22s_44_1_1_U28/tmp_product/DSP_PREADD_DATA_INST/A2A1[8]
                         net (fo=1, unplaced)         0.000     1.940    conv_2d_cl_array_ap_fixed_1u_array_ap_fixed_22_12_4_0_0_6u_config2_U0/grp_compute_output_buffer_2d_array_array_ap_fixed_22_12_4_0_0_6u_config2_s_fu_118/grp_dense_resource_rf_gt_nin_rem0_ap_fixed_ap_fixed_22_12_4_0_0_config2_mult_s_fu_195/mul_22s_22s_44_1_1_U28/tmp_product/DSP_PREADD_DATA.A2A1<8>
                         DSP_MULTIPLIER (Prop_DSP_MULTIPLIER_A2A1[8]_U[17])
                                                      0.505     2.445 f  conv_2d_cl_array_ap_fixed_1u_array_ap_fixed_22_12_4_0_0_6u_config2_U0/grp_compute_output_buffer_2d_array_array_ap_fixed_22_12_4_0_0_6u_config2_s_fu_118/grp_dense_resource_rf_gt_nin_rem0_ap_fixed_ap_fixed_22_12_4_0_0_config2_mult_s_fu_195/mul_22s_22s_44_1_1_U28/tmp_product/DSP_MULTIPLIER_INST/U[17]
                         net (fo=1, unplaced)         0.000     2.445    conv_2d_cl_array_ap_fixed_1u_array_ap_fixed_22_12_4_0_0_6u_config2_U0/grp_compute_output_buffer_2d_array_array_ap_fixed_22_12_4_0_0_6u_config2_s_fu_118/grp_dense_resource_rf_gt_nin_rem0_ap_fixed_ap_fixed_22_12_4_0_0_config2_mult_s_fu_195/mul_22s_22s_44_1_1_U28/tmp_product/DSP_MULTIPLIER.U<17>
                         DSP_M_DATA (Prop_DSP_M_DATA_U[17]_U_DATA[17])
                                                      0.047     2.492 r  conv_2d_cl_array_ap_fixed_1u_array_ap_fixed_22_12_4_0_0_6u_config2_U0/grp_compute_output_buffer_2d_array_array_ap_fixed_22_12_4_0_0_6u_config2_s_fu_118/grp_dense_resource_rf_gt_nin_rem0_ap_fixed_ap_fixed_22_12_4_0_0_config2_mult_s_fu_195/mul_22s_22s_44_1_1_U28/tmp_product/DSP_M_DATA_INST/U_DATA[17]
                         net (fo=1, unplaced)         0.000     2.492    conv_2d_cl_array_ap_fixed_1u_array_ap_fixed_22_12_4_0_0_6u_config2_U0/grp_compute_output_buffer_2d_array_array_ap_fixed_22_12_4_0_0_6u_config2_s_fu_118/grp_dense_resource_rf_gt_nin_rem0_ap_fixed_ap_fixed_22_12_4_0_0_config2_mult_s_fu_195/mul_22s_22s_44_1_1_U28/tmp_product/DSP_M_DATA.U_DATA<17>
                         DSP_ALU (Prop_DSP_ALU_U_DATA[17]_ALU_OUT[17])
                                                      0.585     3.077 f  conv_2d_cl_array_ap_fixed_1u_array_ap_fixed_22_12_4_0_0_6u_config2_U0/grp_compute_output_buffer_2d_array_array_ap_fixed_22_12_4_0_0_6u_config2_s_fu_118/grp_dense_resource_rf_gt_nin_rem0_ap_fixed_ap_fixed_22_12_4_0_0_config2_mult_s_fu_195/mul_22s_22s_44_1_1_U28/tmp_product/DSP_ALU_INST/ALU_OUT[17]
                         net (fo=1, unplaced)         0.000     3.077    conv_2d_cl_array_ap_fixed_1u_array_ap_fixed_22_12_4_0_0_6u_config2_U0/grp_compute_output_buffer_2d_array_array_ap_fixed_22_12_4_0_0_6u_config2_s_fu_118/grp_dense_resource_rf_gt_nin_rem0_ap_fixed_ap_fixed_22_12_4_0_0_config2_mult_s_fu_195/mul_22s_22s_44_1_1_U28/tmp_product/DSP_ALU.ALU_OUT<17>
                         DSP_OUTPUT (Prop_DSP_OUTPUT_ALU_OUT[17]_P[17])
                                                      0.109     3.186 r  conv_2d_cl_array_ap_fixed_1u_array_ap_fixed_22_12_4_0_0_6u_config2_U0/grp_compute_output_buffer_2d_array_array_ap_fixed_22_12_4_0_0_6u_config2_s_fu_118/grp_dense_resource_rf_gt_nin_rem0_ap_fixed_ap_fixed_22_12_4_0_0_config2_mult_s_fu_195/mul_22s_22s_44_1_1_U28/tmp_product/DSP_OUTPUT_INST/P[17]
                         net (fo=2, unplaced)         0.161     3.347    conv_2d_cl_array_ap_fixed_1u_array_ap_fixed_22_12_4_0_0_6u_config2_U0/grp_compute_output_buffer_2d_array_array_ap_fixed_22_12_4_0_0_6u_config2_s_fu_118/grp_dense_resource_rf_gt_nin_rem0_ap_fixed_ap_fixed_22_12_4_0_0_config2_mult_s_fu_195/mul_22s_22s_44_1_1_U28/tmp_product_n_88
                         LUT3 (Prop_LUT3_I0_O)        0.090     3.437 r  conv_2d_cl_array_ap_fixed_1u_array_ap_fixed_22_12_4_0_0_6u_config2_U0/grp_compute_output_buffer_2d_array_array_ap_fixed_22_12_4_0_0_6u_config2_s_fu_118/grp_dense_resource_rf_gt_nin_rem0_ap_fixed_ap_fixed_22_12_4_0_0_config2_mult_s_fu_195/mul_22s_22s_44_1_1_U28/i__carry_i_8__685/O
                         net (fo=1, unplaced)         0.020     3.457    conv_2d_cl_array_ap_fixed_1u_array_ap_fixed_22_12_4_0_0_6u_config2_U0/grp_compute_output_buffer_2d_array_array_ap_fixed_22_12_4_0_0_6u_config2_s_fu_118/grp_dense_resource_rf_gt_nin_rem0_ap_fixed_ap_fixed_22_12_4_0_0_config2_mult_s_fu_195/mul_22s_22s_44_1_1_U28/i__carry_i_8__685_n_0
                         CARRY8 (Prop_CARRY8_S[0]_CO[7])
                                                      0.199     3.656 r  conv_2d_cl_array_ap_fixed_1u_array_ap_fixed_22_12_4_0_0_6u_config2_U0/grp_compute_output_buffer_2d_array_array_ap_fixed_22_12_4_0_0_6u_config2_s_fu_118/grp_dense_resource_rf_gt_nin_rem0_ap_fixed_ap_fixed_22_12_4_0_0_config2_mult_s_fu_195/mul_22s_22s_44_1_1_U28/tmp_product_inferred__0/i__carry/CO[7]
                         net (fo=1, unplaced)         0.005     3.661    conv_2d_cl_array_ap_fixed_1u_array_ap_fixed_22_12_4_0_0_6u_config2_U0/grp_compute_output_buffer_2d_array_array_ap_fixed_22_12_4_0_0_6u_config2_s_fu_118/grp_dense_resource_rf_gt_nin_rem0_ap_fixed_ap_fixed_22_12_4_0_0_config2_mult_s_fu_195/mul_22s_22s_44_1_1_U28/tmp_product_inferred__0/i__carry_n_0
                         CARRY8 (Prop_CARRY8_CI_O[2])
                                                      0.067     3.728 r  conv_2d_cl_array_ap_fixed_1u_array_ap_fixed_22_12_4_0_0_6u_config2_U0/grp_compute_output_buffer_2d_array_array_ap_fixed_22_12_4_0_0_6u_config2_s_fu_118/grp_dense_resource_rf_gt_nin_rem0_ap_fixed_ap_fixed_22_12_4_0_0_config2_mult_s_fu_195/mul_22s_22s_44_1_1_U28/tmp_product_inferred__0/i__carry__0/O[2]
                         net (fo=1, unplaced)         0.185     3.913    conv_2d_cl_array_ap_fixed_1u_array_ap_fixed_22_12_4_0_0_6u_config2_U0/grp_compute_output_buffer_2d_array_array_ap_fixed_22_12_4_0_0_6u_config2_s_fu_118/grp_dense_resource_rf_gt_nin_rem0_ap_fixed_ap_fixed_22_12_4_0_0_config2_mult_s_fu_195/mul_22s_22s_44_1_1_U28/tmp_product0_out[10]
                         CARRY8 (Prop_CARRY8_S[1]_O[5])
                                                      0.237     4.150 r  conv_2d_cl_array_ap_fixed_1u_array_ap_fixed_22_12_4_0_0_6u_config2_U0/grp_compute_output_buffer_2d_array_array_ap_fixed_22_12_4_0_0_6u_config2_s_fu_118/grp_dense_resource_rf_gt_nin_rem0_ap_fixed_ap_fixed_22_12_4_0_0_config2_mult_s_fu_195/mul_22s_22s_44_1_1_U28/select_ln144_3_reg_2492_reg[21]_i_8/O[5]
                         net (fo=3, unplaced)         0.100     4.250    conv_2d_cl_array_ap_fixed_1u_array_ap_fixed_22_12_4_0_0_6u_config2_U0/grp_compute_output_buffer_2d_array_array_ap_fixed_22_12_4_0_0_6u_config2_s_fu_118/grp_dense_resource_rf_gt_nin_rem0_ap_fixed_ap_fixed_22_12_4_0_0_config2_mult_s_fu_195/mul_22s_22s_44_1_1_U28/tmp_6487_fu_1348_p3
                         LUT6 (Prop_LUT6_I1_O)        0.090     4.340 f  conv_2d_cl_array_ap_fixed_1u_array_ap_fixed_22_12_4_0_0_6u_config2_U0/grp_compute_output_buffer_2d_array_array_ap_fixed_22_12_4_0_0_6u_config2_s_fu_118/grp_dense_resource_rf_gt_nin_rem0_ap_fixed_ap_fixed_22_12_4_0_0_config2_mult_s_fu_195/mul_22s_22s_44_1_1_U28/select_ln144_3_reg_2492[21]_i_4/O
                         net (fo=1, unplaced)         0.186     4.526    conv_2d_cl_array_ap_fixed_1u_array_ap_fixed_22_12_4_0_0_6u_config2_U0/grp_compute_output_buffer_2d_array_array_ap_fixed_22_12_4_0_0_6u_config2_s_fu_118/grp_dense_resource_rf_gt_nin_rem0_ap_fixed_ap_fixed_22_12_4_0_0_config2_mult_s_fu_195/mul_22s_22s_44_1_1_U28/select_ln144_3_reg_2492[21]_i_4_n_0
                         LUT5 (Prop_LUT5_I0_O)        0.038     4.564 r  conv_2d_cl_array_ap_fixed_1u_array_ap_fixed_22_12_4_0_0_6u_config2_U0/grp_compute_output_buffer_2d_array_array_ap_fixed_22_12_4_0_0_6u_config2_s_fu_118/grp_dense_resource_rf_gt_nin_rem0_ap_fixed_ap_fixed_22_12_4_0_0_config2_mult_s_fu_195/mul_22s_22s_44_1_1_U28/select_ln144_3_reg_2492[21]_i_1/O
                         net (fo=45, unplaced)        0.253     4.817    conv_2d_cl_array_ap_fixed_1u_array_ap_fixed_22_12_4_0_0_6u_config2_U0/grp_compute_output_buffer_2d_array_array_ap_fixed_22_12_4_0_0_6u_config2_s_fu_118/grp_dense_resource_rf_gt_nin_rem0_ap_fixed_ap_fixed_22_12_4_0_0_config2_mult_s_fu_195/mul_22s_22s_44_1_1_U28/select_ln144_3_reg_2492
                         LUT2 (Prop_LUT2_I0_O)        0.070     4.887 r  conv_2d_cl_array_ap_fixed_1u_array_ap_fixed_22_12_4_0_0_6u_config2_U0/grp_compute_output_buffer_2d_array_array_ap_fixed_22_12_4_0_0_6u_config2_s_fu_118/grp_dense_resource_rf_gt_nin_rem0_ap_fixed_ap_fixed_22_12_4_0_0_config2_mult_s_fu_195/mul_22s_22s_44_1_1_U28/select_ln144_3_reg_2492[21]_i_2/O
                         net (fo=22, unplaced)        0.191     5.078    conv_2d_cl_array_ap_fixed_1u_array_ap_fixed_22_12_4_0_0_6u_config2_U0/grp_compute_output_buffer_2d_array_array_ap_fixed_22_12_4_0_0_6u_config2_s_fu_118/grp_dense_resource_rf_gt_nin_rem0_ap_fixed_ap_fixed_22_12_4_0_0_config2_mult_s_fu_195/mul_22s_22s_44_1_1_U28_n_56
                         FDSE                                         r  conv_2d_cl_array_ap_fixed_1u_array_ap_fixed_22_12_4_0_0_6u_config2_U0/grp_compute_output_buffer_2d_array_array_ap_fixed_22_12_4_0_0_6u_config2_s_fu_118/grp_dense_resource_rf_gt_nin_rem0_ap_fixed_ap_fixed_22_12_4_0_0_config2_mult_s_fu_195/select_ln144_3_reg_2492_reg[12]/CE
  -------------------------------------------------------------------    -------------------

                         (clock ap_clk rise edge)    10.000    10.000 r  
                                                      0.000    10.000 r  ap_clk (IN)
                         net (fo=81517, unset)        0.021    10.021    conv_2d_cl_array_ap_fixed_1u_array_ap_fixed_22_12_4_0_0_6u_config2_U0/grp_compute_output_buffer_2d_array_array_ap_fixed_22_12_4_0_0_6u_config2_s_fu_118/grp_dense_resource_rf_gt_nin_rem0_ap_fixed_ap_fixed_22_12_4_0_0_config2_mult_s_fu_195/ap_clk
                         FDSE                                         r  conv_2d_cl_array_ap_fixed_1u_array_ap_fixed_22_12_4_0_0_6u_config2_U0/grp_compute_output_buffer_2d_array_array_ap_fixed_22_12_4_0_0_6u_config2_s_fu_118/grp_dense_resource_rf_gt_nin_rem0_ap_fixed_ap_fixed_22_12_4_0_0_config2_mult_s_fu_195/select_ln144_3_reg_2492_reg[12]/C
                         clock pessimism              0.000    10.021    
                         clock uncertainty           -0.035     9.986    
                         FDSE (Setup_FDSE_C_CE)      -0.061     9.925    conv_2d_cl_array_ap_fixed_1u_array_ap_fixed_22_12_4_0_0_6u_config2_U0/grp_compute_output_buffer_2d_array_array_ap_fixed_22_12_4_0_0_6u_config2_s_fu_118/grp_dense_resource_rf_gt_nin_rem0_ap_fixed_ap_fixed_22_12_4_0_0_config2_mult_s_fu_195/select_ln144_3_reg_2492_reg[12]
  -------------------------------------------------------------------
                         required time                          9.925    
                         arrival time                          -5.078    
  -------------------------------------------------------------------
                         slack                                  4.847    

Slack (MET) :             4.847ns  (required time - arrival time)
  Source:                 conv_2d_cl_array_ap_fixed_1u_array_ap_fixed_22_12_4_0_0_6u_config2_U0/grp_compute_output_buffer_2d_array_array_ap_fixed_22_12_4_0_0_6u_config2_s_fu_118/grp_dense_resource_rf_gt_nin_rem0_ap_fixed_ap_fixed_22_12_4_0_0_config2_mult_s_fu_195/icmp_ln135_reg_2476_pp0_iter1_reg_reg[0]/C
                            (rising edge-triggered cell FDRE clocked by ap_clk  {rise@0.000ns fall@5.000ns period=10.000ns})
  Destination:            conv_2d_cl_array_ap_fixed_1u_array_ap_fixed_22_12_4_0_0_6u_config2_U0/grp_compute_output_buffer_2d_array_array_ap_fixed_22_12_4_0_0_6u_config2_s_fu_118/grp_dense_resource_rf_gt_nin_rem0_ap_fixed_ap_fixed_22_12_4_0_0_config2_mult_s_fu_195/select_ln144_3_reg_2492_reg[13]/CE
                            (rising edge-triggered cell FDSE clocked by ap_clk  {rise@0.000ns fall@5.000ns period=10.000ns})
  Path Group:             ap_clk
  Path Type:              Setup (Max at Slow Process Corner)
  Requirement:            10.000ns  (ap_clk rise@10.000ns - ap_clk rise@0.000ns)
  Data Path Delay:        5.048ns  (logic 2.676ns (53.011%)  route 2.372ns (46.989%))
  Logic Levels:           18  (CARRY8=3 DSP_A_B_DATA=1 DSP_ALU=1 DSP_M_DATA=1 DSP_MULTIPLIER=1 DSP_OUTPUT=1 DSP_PREADD_DATA=1 LUT2=1 LUT3=1 LUT4=1 LUT5=3 LUT6=3)
  Clock Path Skew:        -0.009ns (DCD - SCD + CPR)
    Destination Clock Delay (DCD):    0.021ns = ( 10.021 - 10.000 ) 
    Source Clock Delay      (SCD):    0.030ns
    Clock Pessimism Removal (CPR):    0.000ns
  Clock Uncertainty:      0.035ns  ((TSJ^2 + TIJ^2)^1/2 + DJ) / 2 + PE
    Total System Jitter     (TSJ):    0.071ns
    Total Input Jitter      (TIJ):    0.000ns
    Discrete Jitter          (DJ):    0.000ns
    Phase Error              (PE):    0.000ns

    Location             Delay type                Incr(ns)  Path(ns)    Netlist Resource(s)
  -------------------------------------------------------------------    -------------------
                         (clock ap_clk rise edge)     0.000     0.000 r  
                                                      0.000     0.000 r  ap_clk (IN)
                         net (fo=81517, unset)        0.030     0.030    conv_2d_cl_array_ap_fixed_1u_array_ap_fixed_22_12_4_0_0_6u_config2_U0/grp_compute_output_buffer_2d_array_array_ap_fixed_22_12_4_0_0_6u_config2_s_fu_118/grp_dense_resource_rf_gt_nin_rem0_ap_fixed_ap_fixed_22_12_4_0_0_config2_mult_s_fu_195/ap_clk
                         FDRE                                         r  conv_2d_cl_array_ap_fixed_1u_array_ap_fixed_22_12_4_0_0_6u_config2_U0/grp_compute_output_buffer_2d_array_array_ap_fixed_22_12_4_0_0_6u_config2_s_fu_118/grp_dense_resource_rf_gt_nin_rem0_ap_fixed_ap_fixed_22_12_4_0_0_config2_mult_s_fu_195/icmp_ln135_reg_2476_pp0_iter1_reg_reg[0]/C
  -------------------------------------------------------------------    -------------------
                         FDRE (Prop_FDRE_C_Q)         0.077     0.107 f  conv_2d_cl_array_ap_fixed_1u_array_ap_fixed_22_12_4_0_0_6u_config2_U0/grp_compute_output_buffer_2d_array_array_ap_fixed_22_12_4_0_0_6u_config2_s_fu_118/grp_dense_resource_rf_gt_nin_rem0_ap_fixed_ap_fixed_22_12_4_0_0_config2_mult_s_fu_195/icmp_ln135_reg_2476_pp0_iter1_reg_reg[0]/Q
                         net (fo=47, unplaced)        0.159     0.266    conv_2d_cl_array_ap_fixed_1u_array_ap_fixed_22_12_4_0_0_6u_config2_U0/grp_compute_output_buffer_2d_array_array_ap_fixed_22_12_4_0_0_6u_config2_s_fu_118/grp_dense_resource_rf_gt_nin_rem0_ap_fixed_ap_fixed_22_12_4_0_0_config2_mult_s_fu_195/mul_22s_22s_44_1_1_U28/icmp_ln135_reg_2476_pp0_iter1_reg
                         LUT4 (Prop_LUT4_I1_O)        0.090     0.356 r  conv_2d_cl_array_ap_fixed_1u_array_ap_fixed_22_12_4_0_0_6u_config2_U0/grp_compute_output_buffer_2d_array_array_ap_fixed_22_12_4_0_0_6u_config2_s_fu_118/grp_dense_resource_rf_gt_nin_rem0_ap_fixed_ap_fixed_22_12_4_0_0_config2_mult_s_fu_195/mul_22s_22s_44_1_1_U28/tmp_product_i_27__8/O
                         net (fo=26, unplaced)        0.241     0.597    conv_2d_cl_array_ap_fixed_1u_array_ap_fixed_22_12_4_0_0_6u_config2_U0/grp_compute_output_buffer_2d_array_array_ap_fixed_22_12_4_0_0_6u_config2_s_fu_118/grp_dense_resource_rf_gt_nin_rem0_ap_fixed_ap_fixed_22_12_4_0_0_config2_mult_s_fu_195/mul_22s_22s_44_1_1_U28/tmp_product_i_27__8_n_0
                         LUT5 (Prop_LUT5_I4_O)        0.038     0.635 r  conv_2d_cl_array_ap_fixed_1u_array_ap_fixed_22_12_4_0_0_6u_config2_U0/grp_compute_output_buffer_2d_array_array_ap_fixed_22_12_4_0_0_6u_config2_s_fu_118/grp_dense_resource_rf_gt_nin_rem0_ap_fixed_ap_fixed_22_12_4_0_0_config2_mult_s_fu_195/mul_22s_22s_44_1_1_U28/tmp_product_i_143__8/O
                         net (fo=23, unplaced)        0.238     0.873    conv_2d_cl_array_ap_fixed_1u_array_ap_fixed_22_12_4_0_0_6u_config2_U0/grp_compute_output_buffer_2d_array_array_ap_fixed_22_12_4_0_0_6u_config2_s_fu_118/grp_dense_resource_rf_gt_nin_rem0_ap_fixed_ap_fixed_22_12_4_0_0_config2_mult_s_fu_195/mul_22s_22s_44_1_1_U28/tmp_product_i_143__8_n_0
                         LUT5 (Prop_LUT5_I4_O)        0.038     0.911 r  conv_2d_cl_array_ap_fixed_1u_array_ap_fixed_22_12_4_0_0_6u_config2_U0/grp_compute_output_buffer_2d_array_array_ap_fixed_22_12_4_0_0_6u_config2_s_fu_118/grp_dense_resource_rf_gt_nin_rem0_ap_fixed_ap_fixed_22_12_4_0_0_config2_mult_s_fu_195/mul_22s_22s_44_1_1_U28/tmp_product_i_65__8/O
                         net (fo=22, unplaced)        0.237     1.148    conv_2d_cl_array_ap_fixed_1u_array_ap_fixed_22_12_4_0_0_6u_config2_U0/grp_compute_output_buffer_2d_array_array_ap_fixed_22_12_4_0_0_6u_config2_s_fu_118/grp_dense_resource_rf_gt_nin_rem0_ap_fixed_ap_fixed_22_12_4_0_0_config2_mult_s_fu_195/mul_22s_22s_44_1_1_U28/tmp_product_i_65__8_n_0
                         LUT6 (Prop_LUT6_I2_O)        0.038     1.186 f  conv_2d_cl_array_ap_fixed_1u_array_ap_fixed_22_12_4_0_0_6u_config2_U0/grp_compute_output_buffer_2d_array_array_ap_fixed_22_12_4_0_0_6u_config2_s_fu_118/grp_dense_resource_rf_gt_nin_rem0_ap_fixed_ap_fixed_22_12_4_0_0_config2_mult_s_fu_195/mul_22s_22s_44_1_1_U28/tmp_product_i_109__8/O
                         net (fo=1, unplaced)         0.140     1.326    conv_2d_cl_array_ap_fixed_1u_array_ap_fixed_22_12_4_0_0_6u_config2_U0/grp_compute_output_buffer_2d_array_array_ap_fixed_22_12_4_0_0_6u_config2_s_fu_118/grp_dense_resource_rf_gt_nin_rem0_ap_fixed_ap_fixed_22_12_4_0_0_config2_mult_s_fu_195/mul_22s_22s_44_1_1_U28/tmp_product_i_109__8_n_0
                         LUT6 (Prop_LUT6_I0_O)        0.090     1.416 f  conv_2d_cl_array_ap_fixed_1u_array_ap_fixed_22_12_4_0_0_6u_config2_U0/grp_compute_output_buffer_2d_array_array_ap_fixed_22_12_4_0_0_6u_config2_s_fu_118/grp_dense_resource_rf_gt_nin_rem0_ap_fixed_ap_fixed_22_12_4_0_0_config2_mult_s_fu_195/mul_22s_22s_44_1_1_U28/tmp_product_i_42__8/O
                         net (fo=8, unplaced)         0.256     1.672    conv_2d_cl_array_ap_fixed_1u_array_ap_fixed_22_12_4_0_0_6u_config2_U0/grp_compute_output_buffer_2d_array_array_ap_fixed_22_12_4_0_0_6u_config2_s_fu_118/grp_dense_resource_rf_gt_nin_rem0_ap_fixed_ap_fixed_22_12_4_0_0_config2_mult_s_fu_195/mul_22s_22s_44_1_1_U28/tmp_product/A[8]
                         DSP_A_B_DATA (Prop_DSP_A_B_DATA_A[8]_A2_DATA[8])
                                                      0.192     1.864 r  conv_2d_cl_array_ap_fixed_1u_array_ap_fixed_22_12_4_0_0_6u_config2_U0/grp_compute_output_buffer_2d_array_array_ap_fixed_22_12_4_0_0_6u_config2_s_fu_118/grp_dense_resource_rf_gt_nin_rem0_ap_fixed_ap_fixed_22_12_4_0_0_config2_mult_s_fu_195/mul_22s_22s_44_1_1_U28/tmp_product/DSP_A_B_DATA_INST/A2_DATA[8]
                         net (fo=1, unplaced)         0.000     1.864    conv_2d_cl_array_ap_fixed_1u_array_ap_fixed_22_12_4_0_0_6u_config2_U0/grp_compute_output_buffer_2d_array_array_ap_fixed_22_12_4_0_0_6u_config2_s_fu_118/grp_dense_resource_rf_gt_nin_rem0_ap_fixed_ap_fixed_22_12_4_0_0_config2_mult_s_fu_195/mul_22s_22s_44_1_1_U28/tmp_product/DSP_A_B_DATA.A2_DATA<8>
                         DSP_PREADD_DATA (Prop_DSP_PREADD_DATA_A2_DATA[8]_A2A1[8])
                                                      0.076     1.940 r  conv_2d_cl_array_ap_fixed_1u_array_ap_fixed_22_12_4_0_0_6u_config2_U0/grp_compute_output_buffer_2d_array_array_ap_fixed_22_12_4_0_0_6u_config2_s_fu_118/grp_dense_resource_rf_gt_nin_rem0_ap_fixed_ap_fixed_22_12_4_0_0_config2_mult_s_fu_195/mul_22s_22s_44_1_1_U28/tmp_product/DSP_PREADD_DATA_INST/A2A1[8]
                         net (fo=1, unplaced)         0.000     1.940    conv_2d_cl_array_ap_fixed_1u_array_ap_fixed_22_12_4_0_0_6u_config2_U0/grp_compute_output_buffer_2d_array_array_ap_fixed_22_12_4_0_0_6u_config2_s_fu_118/grp_dense_resource_rf_gt_nin_rem0_ap_fixed_ap_fixed_22_12_4_0_0_config2_mult_s_fu_195/mul_22s_22s_44_1_1_U28/tmp_product/DSP_PREADD_DATA.A2A1<8>
                         DSP_MULTIPLIER (Prop_DSP_MULTIPLIER_A2A1[8]_U[17])
                                                      0.505     2.445 f  conv_2d_cl_array_ap_fixed_1u_array_ap_fixed_22_12_4_0_0_6u_config2_U0/grp_compute_output_buffer_2d_array_array_ap_fixed_22_12_4_0_0_6u_config2_s_fu_118/grp_dense_resource_rf_gt_nin_rem0_ap_fixed_ap_fixed_22_12_4_0_0_config2_mult_s_fu_195/mul_22s_22s_44_1_1_U28/tmp_product/DSP_MULTIPLIER_INST/U[17]
                         net (fo=1, unplaced)         0.000     2.445    conv_2d_cl_array_ap_fixed_1u_array_ap_fixed_22_12_4_0_0_6u_config2_U0/grp_compute_output_buffer_2d_array_array_ap_fixed_22_12_4_0_0_6u_config2_s_fu_118/grp_dense_resource_rf_gt_nin_rem0_ap_fixed_ap_fixed_22_12_4_0_0_config2_mult_s_fu_195/mul_22s_22s_44_1_1_U28/tmp_product/DSP_MULTIPLIER.U<17>
                         DSP_M_DATA (Prop_DSP_M_DATA_U[17]_U_DATA[17])
                                                      0.047     2.492 r  conv_2d_cl_array_ap_fixed_1u_array_ap_fixed_22_12_4_0_0_6u_config2_U0/grp_compute_output_buffer_2d_array_array_ap_fixed_22_12_4_0_0_6u_config2_s_fu_118/grp_dense_resource_rf_gt_nin_rem0_ap_fixed_ap_fixed_22_12_4_0_0_config2_mult_s_fu_195/mul_22s_22s_44_1_1_U28/tmp_product/DSP_M_DATA_INST/U_DATA[17]
                         net (fo=1, unplaced)         0.000     2.492    conv_2d_cl_array_ap_fixed_1u_array_ap_fixed_22_12_4_0_0_6u_config2_U0/grp_compute_output_buffer_2d_array_array_ap_fixed_22_12_4_0_0_6u_config2_s_fu_118/grp_dense_resource_rf_gt_nin_rem0_ap_fixed_ap_fixed_22_12_4_0_0_config2_mult_s_fu_195/mul_22s_22s_44_1_1_U28/tmp_product/DSP_M_DATA.U_DATA<17>
                         DSP_ALU (Prop_DSP_ALU_U_DATA[17]_ALU_OUT[17])
                                                      0.585     3.077 f  conv_2d_cl_array_ap_fixed_1u_array_ap_fixed_22_12_4_0_0_6u_config2_U0/grp_compute_output_buffer_2d_array_array_ap_fixed_22_12_4_0_0_6u_config2_s_fu_118/grp_dense_resource_rf_gt_nin_rem0_ap_fixed_ap_fixed_22_12_4_0_0_config2_mult_s_fu_195/mul_22s_22s_44_1_1_U28/tmp_product/DSP_ALU_INST/ALU_OUT[17]
                         net (fo=1, unplaced)         0.000     3.077    conv_2d_cl_array_ap_fixed_1u_array_ap_fixed_22_12_4_0_0_6u_config2_U0/grp_compute_output_buffer_2d_array_array_ap_fixed_22_12_4_0_0_6u_config2_s_fu_118/grp_dense_resource_rf_gt_nin_rem0_ap_fixed_ap_fixed_22_12_4_0_0_config2_mult_s_fu_195/mul_22s_22s_44_1_1_U28/tmp_product/DSP_ALU.ALU_OUT<17>
                         DSP_OUTPUT (Prop_DSP_OUTPUT_ALU_OUT[17]_P[17])
                                                      0.109     3.186 r  conv_2d_cl_array_ap_fixed_1u_array_ap_fixed_22_12_4_0_0_6u_config2_U0/grp_compute_output_buffer_2d_array_array_ap_fixed_22_12_4_0_0_6u_config2_s_fu_118/grp_dense_resource_rf_gt_nin_rem0_ap_fixed_ap_fixed_22_12_4_0_0_config2_mult_s_fu_195/mul_22s_22s_44_1_1_U28/tmp_product/DSP_OUTPUT_INST/P[17]
                         net (fo=2, unplaced)         0.161     3.347    conv_2d_cl_array_ap_fixed_1u_array_ap_fixed_22_12_4_0_0_6u_config2_U0/grp_compute_output_buffer_2d_array_array_ap_fixed_22_12_4_0_0_6u_config2_s_fu_118/grp_dense_resource_rf_gt_nin_rem0_ap_fixed_ap_fixed_22_12_4_0_0_config2_mult_s_fu_195/mul_22s_22s_44_1_1_U28/tmp_product_n_88
                         LUT3 (Prop_LUT3_I0_O)        0.090     3.437 r  conv_2d_cl_array_ap_fixed_1u_array_ap_fixed_22_12_4_0_0_6u_config2_U0/grp_compute_output_buffer_2d_array_array_ap_fixed_22_12_4_0_0_6u_config2_s_fu_118/grp_dense_resource_rf_gt_nin_rem0_ap_fixed_ap_fixed_22_12_4_0_0_config2_mult_s_fu_195/mul_22s_22s_44_1_1_U28/i__carry_i_8__685/O
                         net (fo=1, unplaced)         0.020     3.457    conv_2d_cl_array_ap_fixed_1u_array_ap_fixed_22_12_4_0_0_6u_config2_U0/grp_compute_output_buffer_2d_array_array_ap_fixed_22_12_4_0_0_6u_config2_s_fu_118/grp_dense_resource_rf_gt_nin_rem0_ap_fixed_ap_fixed_22_12_4_0_0_config2_mult_s_fu_195/mul_22s_22s_44_1_1_U28/i__carry_i_8__685_n_0
                         CARRY8 (Prop_CARRY8_S[0]_CO[7])
                                                      0.199     3.656 r  conv_2d_cl_array_ap_fixed_1u_array_ap_fixed_22_12_4_0_0_6u_config2_U0/grp_compute_output_buffer_2d_array_array_ap_fixed_22_12_4_0_0_6u_config2_s_fu_118/grp_dense_resource_rf_gt_nin_rem0_ap_fixed_ap_fixed_22_12_4_0_0_config2_mult_s_fu_195/mul_22s_22s_44_1_1_U28/tmp_product_inferred__0/i__carry/CO[7]
                         net (fo=1, unplaced)         0.005     3.661    conv_2d_cl_array_ap_fixed_1u_array_ap_fixed_22_12_4_0_0_6u_config2_U0/grp_compute_output_buffer_2d_array_array_ap_fixed_22_12_4_0_0_6u_config2_s_fu_118/grp_dense_resource_rf_gt_nin_rem0_ap_fixed_ap_fixed_22_12_4_0_0_config2_mult_s_fu_195/mul_22s_22s_44_1_1_U28/tmp_product_inferred__0/i__carry_n_0
                         CARRY8 (Prop_CARRY8_CI_O[2])
                                                      0.067     3.728 r  conv_2d_cl_array_ap_fixed_1u_array_ap_fixed_22_12_4_0_0_6u_config2_U0/grp_compute_output_buffer_2d_array_array_ap_fixed_22_12_4_0_0_6u_config2_s_fu_118/grp_dense_resource_rf_gt_nin_rem0_ap_fixed_ap_fixed_22_12_4_0_0_config2_mult_s_fu_195/mul_22s_22s_44_1_1_U28/tmp_product_inferred__0/i__carry__0/O[2]
                         net (fo=1, unplaced)         0.185     3.913    conv_2d_cl_array_ap_fixed_1u_array_ap_fixed_22_12_4_0_0_6u_config2_U0/grp_compute_output_buffer_2d_array_array_ap_fixed_22_12_4_0_0_6u_config2_s_fu_118/grp_dense_resource_rf_gt_nin_rem0_ap_fixed_ap_fixed_22_12_4_0_0_config2_mult_s_fu_195/mul_22s_22s_44_1_1_U28/tmp_product0_out[10]
                         CARRY8 (Prop_CARRY8_S[1]_O[5])
                                                      0.237     4.150 r  conv_2d_cl_array_ap_fixed_1u_array_ap_fixed_22_12_4_0_0_6u_config2_U0/grp_compute_output_buffer_2d_array_array_ap_fixed_22_12_4_0_0_6u_config2_s_fu_118/grp_dense_resource_rf_gt_nin_rem0_ap_fixed_ap_fixed_22_12_4_0_0_config2_mult_s_fu_195/mul_22s_22s_44_1_1_U28/select_ln144_3_reg_2492_reg[21]_i_8/O[5]
                         net (fo=3, unplaced)         0.100     4.250    conv_2d_cl_array_ap_fixed_1u_array_ap_fixed_22_12_4_0_0_6u_config2_U0/grp_compute_output_buffer_2d_array_array_ap_fixed_22_12_4_0_0_6u_config2_s_fu_118/grp_dense_resource_rf_gt_nin_rem0_ap_fixed_ap_fixed_22_12_4_0_0_config2_mult_s_fu_195/mul_22s_22s_44_1_1_U28/tmp_6487_fu_1348_p3
                         LUT6 (Prop_LUT6_I1_O)        0.090     4.340 f  conv_2d_cl_array_ap_fixed_1u_array_ap_fixed_22_12_4_0_0_6u_config2_U0/grp_compute_output_buffer_2d_array_array_ap_fixed_22_12_4_0_0_6u_config2_s_fu_118/grp_dense_resource_rf_gt_nin_rem0_ap_fixed_ap_fixed_22_12_4_0_0_config2_mult_s_fu_195/mul_22s_22s_44_1_1_U28/select_ln144_3_reg_2492[21]_i_4/O
                         net (fo=1, unplaced)         0.186     4.526    conv_2d_cl_array_ap_fixed_1u_array_ap_fixed_22_12_4_0_0_6u_config2_U0/grp_compute_output_buffer_2d_array_array_ap_fixed_22_12_4_0_0_6u_config2_s_fu_118/grp_dense_resource_rf_gt_nin_rem0_ap_fixed_ap_fixed_22_12_4_0_0_config2_mult_s_fu_195/mul_22s_22s_44_1_1_U28/select_ln144_3_reg_2492[21]_i_4_n_0
                         LUT5 (Prop_LUT5_I0_O)        0.038     4.564 r  conv_2d_cl_array_ap_fixed_1u_array_ap_fixed_22_12_4_0_0_6u_config2_U0/grp_compute_output_buffer_2d_array_array_ap_fixed_22_12_4_0_0_6u_config2_s_fu_118/grp_dense_resource_rf_gt_nin_rem0_ap_fixed_ap_fixed_22_12_4_0_0_config2_mult_s_fu_195/mul_22s_22s_44_1_1_U28/select_ln144_3_reg_2492[21]_i_1/O
                         net (fo=45, unplaced)        0.253     4.817    conv_2d_cl_array_ap_fixed_1u_array_ap_fixed_22_12_4_0_0_6u_config2_U0/grp_compute_output_buffer_2d_array_array_ap_fixed_22_12_4_0_0_6u_config2_s_fu_118/grp_dense_resource_rf_gt_nin_rem0_ap_fixed_ap_fixed_22_12_4_0_0_config2_mult_s_fu_195/mul_22s_22s_44_1_1_U28/select_ln144_3_reg_2492
                         LUT2 (Prop_LUT2_I0_O)        0.070     4.887 r  conv_2d_cl_array_ap_fixed_1u_array_ap_fixed_22_12_4_0_0_6u_config2_U0/grp_compute_output_buffer_2d_array_array_ap_fixed_22_12_4_0_0_6u_config2_s_fu_118/grp_dense_resource_rf_gt_nin_rem0_ap_fixed_ap_fixed_22_12_4_0_0_config2_mult_s_fu_195/mul_22s_22s_44_1_1_U28/select_ln144_3_reg_2492[21]_i_2/O
                         net (fo=22, unplaced)        0.191     5.078    conv_2d_cl_array_ap_fixed_1u_array_ap_fixed_22_12_4_0_0_6u_config2_U0/grp_compute_output_buffer_2d_array_array_ap_fixed_22_12_4_0_0_6u_config2_s_fu_118/grp_dense_resource_rf_gt_nin_rem0_ap_fixed_ap_fixed_22_12_4_0_0_config2_mult_s_fu_195/mul_22s_22s_44_1_1_U28_n_56
                         FDSE                                         r  conv_2d_cl_array_ap_fixed_1u_array_ap_fixed_22_12_4_0_0_6u_config2_U0/grp_compute_output_buffer_2d_array_array_ap_fixed_22_12_4_0_0_6u_config2_s_fu_118/grp_dense_resource_rf_gt_nin_rem0_ap_fixed_ap_fixed_22_12_4_0_0_config2_mult_s_fu_195/select_ln144_3_reg_2492_reg[13]/CE
  -------------------------------------------------------------------    -------------------

                         (clock ap_clk rise edge)    10.000    10.000 r  
                                                      0.000    10.000 r  ap_clk (IN)
                         net (fo=81517, unset)        0.021    10.021    conv_2d_cl_array_ap_fixed_1u_array_ap_fixed_22_12_4_0_0_6u_config2_U0/grp_compute_output_buffer_2d_array_array_ap_fixed_22_12_4_0_0_6u_config2_s_fu_118/grp_dense_resource_rf_gt_nin_rem0_ap_fixed_ap_fixed_22_12_4_0_0_config2_mult_s_fu_195/ap_clk
                         FDSE                                         r  conv_2d_cl_array_ap_fixed_1u_array_ap_fixed_22_12_4_0_0_6u_config2_U0/grp_compute_output_buffer_2d_array_array_ap_fixed_22_12_4_0_0_6u_config2_s_fu_118/grp_dense_resource_rf_gt_nin_rem0_ap_fixed_ap_fixed_22_12_4_0_0_config2_mult_s_fu_195/select_ln144_3_reg_2492_reg[13]/C
                         clock pessimism              0.000    10.021    
                         clock uncertainty           -0.035     9.986    
                         FDSE (Setup_FDSE_C_CE)      -0.061     9.925    conv_2d_cl_array_ap_fixed_1u_array_ap_fixed_22_12_4_0_0_6u_config2_U0/grp_compute_output_buffer_2d_array_array_ap_fixed_22_12_4_0_0_6u_config2_s_fu_118/grp_dense_resource_rf_gt_nin_rem0_ap_fixed_ap_fixed_22_12_4_0_0_config2_mult_s_fu_195/select_ln144_3_reg_2492_reg[13]
  -------------------------------------------------------------------
                         required time                          9.925    
                         arrival time                          -5.078    
  -------------------------------------------------------------------
                         slack                                  4.847    

Slack (MET) :             4.847ns  (required time - arrival time)
  Source:                 conv_2d_cl_array_ap_fixed_1u_array_ap_fixed_22_12_4_0_0_6u_config2_U0/grp_compute_output_buffer_2d_array_array_ap_fixed_22_12_4_0_0_6u_config2_s_fu_118/grp_dense_resource_rf_gt_nin_rem0_ap_fixed_ap_fixed_22_12_4_0_0_config2_mult_s_fu_195/icmp_ln135_reg_2476_pp0_iter1_reg_reg[0]/C
                            (rising edge-triggered cell FDRE clocked by ap_clk  {rise@0.000ns fall@5.000ns period=10.000ns})
  Destination:            conv_2d_cl_array_ap_fixed_1u_array_ap_fixed_22_12_4_0_0_6u_config2_U0/grp_compute_output_buffer_2d_array_array_ap_fixed_22_12_4_0_0_6u_config2_s_fu_118/grp_dense_resource_rf_gt_nin_rem0_ap_fixed_ap_fixed_22_12_4_0_0_config2_mult_s_fu_195/select_ln144_3_reg_2492_reg[14]/CE
                            (rising edge-triggered cell FDSE clocked by ap_clk  {rise@0.000ns fall@5.000ns period=10.000ns})
  Path Group:             ap_clk
  Path Type:              Setup (Max at Slow Process Corner)
  Requirement:            10.000ns  (ap_clk rise@10.000ns - ap_clk rise@0.000ns)
  Data Path Delay:        5.048ns  (logic 2.676ns (53.011%)  route 2.372ns (46.989%))
  Logic Levels:           18  (CARRY8=3 DSP_A_B_DATA=1 DSP_ALU=1 DSP_M_DATA=1 DSP_MULTIPLIER=1 DSP_OUTPUT=1 DSP_PREADD_DATA=1 LUT2=1 LUT3=1 LUT4=1 LUT5=3 LUT6=3)
  Clock Path Skew:        -0.009ns (DCD - SCD + CPR)
    Destination Clock Delay (DCD):    0.021ns = ( 10.021 - 10.000 ) 
    Source Clock Delay      (SCD):    0.030ns
    Clock Pessimism Removal (CPR):    0.000ns
  Clock Uncertainty:      0.035ns  ((TSJ^2 + TIJ^2)^1/2 + DJ) / 2 + PE
    Total System Jitter     (TSJ):    0.071ns
    Total Input Jitter      (TIJ):    0.000ns
    Discrete Jitter          (DJ):    0.000ns
    Phase Error              (PE):    0.000ns

    Location             Delay type                Incr(ns)  Path(ns)    Netlist Resource(s)
  -------------------------------------------------------------------    -------------------
                         (clock ap_clk rise edge)     0.000     0.000 r  
                                                      0.000     0.000 r  ap_clk (IN)
                         net (fo=81517, unset)        0.030     0.030    conv_2d_cl_array_ap_fixed_1u_array_ap_fixed_22_12_4_0_0_6u_config2_U0/grp_compute_output_buffer_2d_array_array_ap_fixed_22_12_4_0_0_6u_config2_s_fu_118/grp_dense_resource_rf_gt_nin_rem0_ap_fixed_ap_fixed_22_12_4_0_0_config2_mult_s_fu_195/ap_clk
                         FDRE                                         r  conv_2d_cl_array_ap_fixed_1u_array_ap_fixed_22_12_4_0_0_6u_config2_U0/grp_compute_output_buffer_2d_array_array_ap_fixed_22_12_4_0_0_6u_config2_s_fu_118/grp_dense_resource_rf_gt_nin_rem0_ap_fixed_ap_fixed_22_12_4_0_0_config2_mult_s_fu_195/icmp_ln135_reg_2476_pp0_iter1_reg_reg[0]/C
  -------------------------------------------------------------------    -------------------
                         FDRE (Prop_FDRE_C_Q)         0.077     0.107 f  conv_2d_cl_array_ap_fixed_1u_array_ap_fixed_22_12_4_0_0_6u_config2_U0/grp_compute_output_buffer_2d_array_array_ap_fixed_22_12_4_0_0_6u_config2_s_fu_118/grp_dense_resource_rf_gt_nin_rem0_ap_fixed_ap_fixed_22_12_4_0_0_config2_mult_s_fu_195/icmp_ln135_reg_2476_pp0_iter1_reg_reg[0]/Q
                         net (fo=47, unplaced)        0.159     0.266    conv_2d_cl_array_ap_fixed_1u_array_ap_fixed_22_12_4_0_0_6u_config2_U0/grp_compute_output_buffer_2d_array_array_ap_fixed_22_12_4_0_0_6u_config2_s_fu_118/grp_dense_resource_rf_gt_nin_rem0_ap_fixed_ap_fixed_22_12_4_0_0_config2_mult_s_fu_195/mul_22s_22s_44_1_1_U28/icmp_ln135_reg_2476_pp0_iter1_reg
                         LUT4 (Prop_LUT4_I1_O)        0.090     0.356 r  conv_2d_cl_array_ap_fixed_1u_array_ap_fixed_22_12_4_0_0_6u_config2_U0/grp_compute_output_buffer_2d_array_array_ap_fixed_22_12_4_0_0_6u_config2_s_fu_118/grp_dense_resource_rf_gt_nin_rem0_ap_fixed_ap_fixed_22_12_4_0_0_config2_mult_s_fu_195/mul_22s_22s_44_1_1_U28/tmp_product_i_27__8/O
                         net (fo=26, unplaced)        0.241     0.597    conv_2d_cl_array_ap_fixed_1u_array_ap_fixed_22_12_4_0_0_6u_config2_U0/grp_compute_output_buffer_2d_array_array_ap_fixed_22_12_4_0_0_6u_config2_s_fu_118/grp_dense_resource_rf_gt_nin_rem0_ap_fixed_ap_fixed_22_12_4_0_0_config2_mult_s_fu_195/mul_22s_22s_44_1_1_U28/tmp_product_i_27__8_n_0
                         LUT5 (Prop_LUT5_I4_O)        0.038     0.635 r  conv_2d_cl_array_ap_fixed_1u_array_ap_fixed_22_12_4_0_0_6u_config2_U0/grp_compute_output_buffer_2d_array_array_ap_fixed_22_12_4_0_0_6u_config2_s_fu_118/grp_dense_resource_rf_gt_nin_rem0_ap_fixed_ap_fixed_22_12_4_0_0_config2_mult_s_fu_195/mul_22s_22s_44_1_1_U28/tmp_product_i_143__8/O
                         net (fo=23, unplaced)        0.238     0.873    conv_2d_cl_array_ap_fixed_1u_array_ap_fixed_22_12_4_0_0_6u_config2_U0/grp_compute_output_buffer_2d_array_array_ap_fixed_22_12_4_0_0_6u_config2_s_fu_118/grp_dense_resource_rf_gt_nin_rem0_ap_fixed_ap_fixed_22_12_4_0_0_config2_mult_s_fu_195/mul_22s_22s_44_1_1_U28/tmp_product_i_143__8_n_0
                         LUT5 (Prop_LUT5_I4_O)        0.038     0.911 r  conv_2d_cl_array_ap_fixed_1u_array_ap_fixed_22_12_4_0_0_6u_config2_U0/grp_compute_output_buffer_2d_array_array_ap_fixed_22_12_4_0_0_6u_config2_s_fu_118/grp_dense_resource_rf_gt_nin_rem0_ap_fixed_ap_fixed_22_12_4_0_0_config2_mult_s_fu_195/mul_22s_22s_44_1_1_U28/tmp_product_i_65__8/O
                         net (fo=22, unplaced)        0.237     1.148    conv_2d_cl_array_ap_fixed_1u_array_ap_fixed_22_12_4_0_0_6u_config2_U0/grp_compute_output_buffer_2d_array_array_ap_fixed_22_12_4_0_0_6u_config2_s_fu_118/grp_dense_resource_rf_gt_nin_rem0_ap_fixed_ap_fixed_22_12_4_0_0_config2_mult_s_fu_195/mul_22s_22s_44_1_1_U28/tmp_product_i_65__8_n_0
                         LUT6 (Prop_LUT6_I2_O)        0.038     1.186 f  conv_2d_cl_array_ap_fixed_1u_array_ap_fixed_22_12_4_0_0_6u_config2_U0/grp_compute_output_buffer_2d_array_array_ap_fixed_22_12_4_0_0_6u_config2_s_fu_118/grp_dense_resource_rf_gt_nin_rem0_ap_fixed_ap_fixed_22_12_4_0_0_config2_mult_s_fu_195/mul_22s_22s_44_1_1_U28/tmp_product_i_109__8/O
                         net (fo=1, unplaced)         0.140     1.326    conv_2d_cl_array_ap_fixed_1u_array_ap_fixed_22_12_4_0_0_6u_config2_U0/grp_compute_output_buffer_2d_array_array_ap_fixed_22_12_4_0_0_6u_config2_s_fu_118/grp_dense_resource_rf_gt_nin_rem0_ap_fixed_ap_fixed_22_12_4_0_0_config2_mult_s_fu_195/mul_22s_22s_44_1_1_U28/tmp_product_i_109__8_n_0
                         LUT6 (Prop_LUT6_I0_O)        0.090     1.416 f  conv_2d_cl_array_ap_fixed_1u_array_ap_fixed_22_12_4_0_0_6u_config2_U0/grp_compute_output_buffer_2d_array_array_ap_fixed_22_12_4_0_0_6u_config2_s_fu_118/grp_dense_resource_rf_gt_nin_rem0_ap_fixed_ap_fixed_22_12_4_0_0_config2_mult_s_fu_195/mul_22s_22s_44_1_1_U28/tmp_product_i_42__8/O
                         net (fo=8, unplaced)         0.256     1.672    conv_2d_cl_array_ap_fixed_1u_array_ap_fixed_22_12_4_0_0_6u_config2_U0/grp_compute_output_buffer_2d_array_array_ap_fixed_22_12_4_0_0_6u_config2_s_fu_118/grp_dense_resource_rf_gt_nin_rem0_ap_fixed_ap_fixed_22_12_4_0_0_config2_mult_s_fu_195/mul_22s_22s_44_1_1_U28/tmp_product/A[8]
                         DSP_A_B_DATA (Prop_DSP_A_B_DATA_A[8]_A2_DATA[8])
                                                      0.192     1.864 r  conv_2d_cl_array_ap_fixed_1u_array_ap_fixed_22_12_4_0_0_6u_config2_U0/grp_compute_output_buffer_2d_array_array_ap_fixed_22_12_4_0_0_6u_config2_s_fu_118/grp_dense_resource_rf_gt_nin_rem0_ap_fixed_ap_fixed_22_12_4_0_0_config2_mult_s_fu_195/mul_22s_22s_44_1_1_U28/tmp_product/DSP_A_B_DATA_INST/A2_DATA[8]
                         net (fo=1, unplaced)         0.000     1.864    conv_2d_cl_array_ap_fixed_1u_array_ap_fixed_22_12_4_0_0_6u_config2_U0/grp_compute_output_buffer_2d_array_array_ap_fixed_22_12_4_0_0_6u_config2_s_fu_118/grp_dense_resource_rf_gt_nin_rem0_ap_fixed_ap_fixed_22_12_4_0_0_config2_mult_s_fu_195/mul_22s_22s_44_1_1_U28/tmp_product/DSP_A_B_DATA.A2_DATA<8>
                         DSP_PREADD_DATA (Prop_DSP_PREADD_DATA_A2_DATA[8]_A2A1[8])
                                                      0.076     1.940 r  conv_2d_cl_array_ap_fixed_1u_array_ap_fixed_22_12_4_0_0_6u_config2_U0/grp_compute_output_buffer_2d_array_array_ap_fixed_22_12_4_0_0_6u_config2_s_fu_118/grp_dense_resource_rf_gt_nin_rem0_ap_fixed_ap_fixed_22_12_4_0_0_config2_mult_s_fu_195/mul_22s_22s_44_1_1_U28/tmp_product/DSP_PREADD_DATA_INST/A2A1[8]
                         net (fo=1, unplaced)         0.000     1.940    conv_2d_cl_array_ap_fixed_1u_array_ap_fixed_22_12_4_0_0_6u_config2_U0/grp_compute_output_buffer_2d_array_array_ap_fixed_22_12_4_0_0_6u_config2_s_fu_118/grp_dense_resource_rf_gt_nin_rem0_ap_fixed_ap_fixed_22_12_4_0_0_config2_mult_s_fu_195/mul_22s_22s_44_1_1_U28/tmp_product/DSP_PREADD_DATA.A2A1<8>
                         DSP_MULTIPLIER (Prop_DSP_MULTIPLIER_A2A1[8]_U[17])
                                                      0.505     2.445 f  conv_2d_cl_array_ap_fixed_1u_array_ap_fixed_22_12_4_0_0_6u_config2_U0/grp_compute_output_buffer_2d_array_array_ap_fixed_22_12_4_0_0_6u_config2_s_fu_118/grp_dense_resource_rf_gt_nin_rem0_ap_fixed_ap_fixed_22_12_4_0_0_config2_mult_s_fu_195/mul_22s_22s_44_1_1_U28/tmp_product/DSP_MULTIPLIER_INST/U[17]
                         net (fo=1, unplaced)         0.000     2.445    conv_2d_cl_array_ap_fixed_1u_array_ap_fixed_22_12_4_0_0_6u_config2_U0/grp_compute_output_buffer_2d_array_array_ap_fixed_22_12_4_0_0_6u_config2_s_fu_118/grp_dense_resource_rf_gt_nin_rem0_ap_fixed_ap_fixed_22_12_4_0_0_config2_mult_s_fu_195/mul_22s_22s_44_1_1_U28/tmp_product/DSP_MULTIPLIER.U<17>
                         DSP_M_DATA (Prop_DSP_M_DATA_U[17]_U_DATA[17])
                                                      0.047     2.492 r  conv_2d_cl_array_ap_fixed_1u_array_ap_fixed_22_12_4_0_0_6u_config2_U0/grp_compute_output_buffer_2d_array_array_ap_fixed_22_12_4_0_0_6u_config2_s_fu_118/grp_dense_resource_rf_gt_nin_rem0_ap_fixed_ap_fixed_22_12_4_0_0_config2_mult_s_fu_195/mul_22s_22s_44_1_1_U28/tmp_product/DSP_M_DATA_INST/U_DATA[17]
                         net (fo=1, unplaced)         0.000     2.492    conv_2d_cl_array_ap_fixed_1u_array_ap_fixed_22_12_4_0_0_6u_config2_U0/grp_compute_output_buffer_2d_array_array_ap_fixed_22_12_4_0_0_6u_config2_s_fu_118/grp_dense_resource_rf_gt_nin_rem0_ap_fixed_ap_fixed_22_12_4_0_0_config2_mult_s_fu_195/mul_22s_22s_44_1_1_U28/tmp_product/DSP_M_DATA.U_DATA<17>
                         DSP_ALU (Prop_DSP_ALU_U_DATA[17]_ALU_OUT[17])
                                                      0.585     3.077 f  conv_2d_cl_array_ap_fixed_1u_array_ap_fixed_22_12_4_0_0_6u_config2_U0/grp_compute_output_buffer_2d_array_array_ap_fixed_22_12_4_0_0_6u_config2_s_fu_118/grp_dense_resource_rf_gt_nin_rem0_ap_fixed_ap_fixed_22_12_4_0_0_config2_mult_s_fu_195/mul_22s_22s_44_1_1_U28/tmp_product/DSP_ALU_INST/ALU_OUT[17]
                         net (fo=1, unplaced)         0.000     3.077    conv_2d_cl_array_ap_fixed_1u_array_ap_fixed_22_12_4_0_0_6u_config2_U0/grp_compute_output_buffer_2d_array_array_ap_fixed_22_12_4_0_0_6u_config2_s_fu_118/grp_dense_resource_rf_gt_nin_rem0_ap_fixed_ap_fixed_22_12_4_0_0_config2_mult_s_fu_195/mul_22s_22s_44_1_1_U28/tmp_product/DSP_ALU.ALU_OUT<17>
                         DSP_OUTPUT (Prop_DSP_OUTPUT_ALU_OUT[17]_P[17])
                                                      0.109     3.186 r  conv_2d_cl_array_ap_fixed_1u_array_ap_fixed_22_12_4_0_0_6u_config2_U0/grp_compute_output_buffer_2d_array_array_ap_fixed_22_12_4_0_0_6u_config2_s_fu_118/grp_dense_resource_rf_gt_nin_rem0_ap_fixed_ap_fixed_22_12_4_0_0_config2_mult_s_fu_195/mul_22s_22s_44_1_1_U28/tmp_product/DSP_OUTPUT_INST/P[17]
                         net (fo=2, unplaced)         0.161     3.347    conv_2d_cl_array_ap_fixed_1u_array_ap_fixed_22_12_4_0_0_6u_config2_U0/grp_compute_output_buffer_2d_array_array_ap_fixed_22_12_4_0_0_6u_config2_s_fu_118/grp_dense_resource_rf_gt_nin_rem0_ap_fixed_ap_fixed_22_12_4_0_0_config2_mult_s_fu_195/mul_22s_22s_44_1_1_U28/tmp_product_n_88
                         LUT3 (Prop_LUT3_I0_O)        0.090     3.437 r  conv_2d_cl_array_ap_fixed_1u_array_ap_fixed_22_12_4_0_0_6u_config2_U0/grp_compute_output_buffer_2d_array_array_ap_fixed_22_12_4_0_0_6u_config2_s_fu_118/grp_dense_resource_rf_gt_nin_rem0_ap_fixed_ap_fixed_22_12_4_0_0_config2_mult_s_fu_195/mul_22s_22s_44_1_1_U28/i__carry_i_8__685/O
                         net (fo=1, unplaced)         0.020     3.457    conv_2d_cl_array_ap_fixed_1u_array_ap_fixed_22_12_4_0_0_6u_config2_U0/grp_compute_output_buffer_2d_array_array_ap_fixed_22_12_4_0_0_6u_config2_s_fu_118/grp_dense_resource_rf_gt_nin_rem0_ap_fixed_ap_fixed_22_12_4_0_0_config2_mult_s_fu_195/mul_22s_22s_44_1_1_U28/i__carry_i_8__685_n_0
                         CARRY8 (Prop_CARRY8_S[0]_CO[7])
                                                      0.199     3.656 r  conv_2d_cl_array_ap_fixed_1u_array_ap_fixed_22_12_4_0_0_6u_config2_U0/grp_compute_output_buffer_2d_array_array_ap_fixed_22_12_4_0_0_6u_config2_s_fu_118/grp_dense_resource_rf_gt_nin_rem0_ap_fixed_ap_fixed_22_12_4_0_0_config2_mult_s_fu_195/mul_22s_22s_44_1_1_U28/tmp_product_inferred__0/i__carry/CO[7]
                         net (fo=1, unplaced)         0.005     3.661    conv_2d_cl_array_ap_fixed_1u_array_ap_fixed_22_12_4_0_0_6u_config2_U0/grp_compute_output_buffer_2d_array_array_ap_fixed_22_12_4_0_0_6u_config2_s_fu_118/grp_dense_resource_rf_gt_nin_rem0_ap_fixed_ap_fixed_22_12_4_0_0_config2_mult_s_fu_195/mul_22s_22s_44_1_1_U28/tmp_product_inferred__0/i__carry_n_0
                         CARRY8 (Prop_CARRY8_CI_O[2])
                                                      0.067     3.728 r  conv_2d_cl_array_ap_fixed_1u_array_ap_fixed_22_12_4_0_0_6u_config2_U0/grp_compute_output_buffer_2d_array_array_ap_fixed_22_12_4_0_0_6u_config2_s_fu_118/grp_dense_resource_rf_gt_nin_rem0_ap_fixed_ap_fixed_22_12_4_0_0_config2_mult_s_fu_195/mul_22s_22s_44_1_1_U28/tmp_product_inferred__0/i__carry__0/O[2]
                         net (fo=1, unplaced)         0.185     3.913    conv_2d_cl_array_ap_fixed_1u_array_ap_fixed_22_12_4_0_0_6u_config2_U0/grp_compute_output_buffer_2d_array_array_ap_fixed_22_12_4_0_0_6u_config2_s_fu_118/grp_dense_resource_rf_gt_nin_rem0_ap_fixed_ap_fixed_22_12_4_0_0_config2_mult_s_fu_195/mul_22s_22s_44_1_1_U28/tmp_product0_out[10]
                         CARRY8 (Prop_CARRY8_S[1]_O[5])
                                                      0.237     4.150 r  conv_2d_cl_array_ap_fixed_1u_array_ap_fixed_22_12_4_0_0_6u_config2_U0/grp_compute_output_buffer_2d_array_array_ap_fixed_22_12_4_0_0_6u_config2_s_fu_118/grp_dense_resource_rf_gt_nin_rem0_ap_fixed_ap_fixed_22_12_4_0_0_config2_mult_s_fu_195/mul_22s_22s_44_1_1_U28/select_ln144_3_reg_2492_reg[21]_i_8/O[5]
                         net (fo=3, unplaced)         0.100     4.250    conv_2d_cl_array_ap_fixed_1u_array_ap_fixed_22_12_4_0_0_6u_config2_U0/grp_compute_output_buffer_2d_array_array_ap_fixed_22_12_4_0_0_6u_config2_s_fu_118/grp_dense_resource_rf_gt_nin_rem0_ap_fixed_ap_fixed_22_12_4_0_0_config2_mult_s_fu_195/mul_22s_22s_44_1_1_U28/tmp_6487_fu_1348_p3
                         LUT6 (Prop_LUT6_I1_O)        0.090     4.340 f  conv_2d_cl_array_ap_fixed_1u_array_ap_fixed_22_12_4_0_0_6u_config2_U0/grp_compute_output_buffer_2d_array_array_ap_fixed_22_12_4_0_0_6u_config2_s_fu_118/grp_dense_resource_rf_gt_nin_rem0_ap_fixed_ap_fixed_22_12_4_0_0_config2_mult_s_fu_195/mul_22s_22s_44_1_1_U28/select_ln144_3_reg_2492[21]_i_4/O
                         net (fo=1, unplaced)         0.186     4.526    conv_2d_cl_array_ap_fixed_1u_array_ap_fixed_22_12_4_0_0_6u_config2_U0/grp_compute_output_buffer_2d_array_array_ap_fixed_22_12_4_0_0_6u_config2_s_fu_118/grp_dense_resource_rf_gt_nin_rem0_ap_fixed_ap_fixed_22_12_4_0_0_config2_mult_s_fu_195/mul_22s_22s_44_1_1_U28/select_ln144_3_reg_2492[21]_i_4_n_0
                         LUT5 (Prop_LUT5_I0_O)        0.038     4.564 r  conv_2d_cl_array_ap_fixed_1u_array_ap_fixed_22_12_4_0_0_6u_config2_U0/grp_compute_output_buffer_2d_array_array_ap_fixed_22_12_4_0_0_6u_config2_s_fu_118/grp_dense_resource_rf_gt_nin_rem0_ap_fixed_ap_fixed_22_12_4_0_0_config2_mult_s_fu_195/mul_22s_22s_44_1_1_U28/select_ln144_3_reg_2492[21]_i_1/O
                         net (fo=45, unplaced)        0.253     4.817    conv_2d_cl_array_ap_fixed_1u_array_ap_fixed_22_12_4_0_0_6u_config2_U0/grp_compute_output_buffer_2d_array_array_ap_fixed_22_12_4_0_0_6u_config2_s_fu_118/grp_dense_resource_rf_gt_nin_rem0_ap_fixed_ap_fixed_22_12_4_0_0_config2_mult_s_fu_195/mul_22s_22s_44_1_1_U28/select_ln144_3_reg_2492
                         LUT2 (Prop_LUT2_I0_O)        0.070     4.887 r  conv_2d_cl_array_ap_fixed_1u_array_ap_fixed_22_12_4_0_0_6u_config2_U0/grp_compute_output_buffer_2d_array_array_ap_fixed_22_12_4_0_0_6u_config2_s_fu_118/grp_dense_resource_rf_gt_nin_rem0_ap_fixed_ap_fixed_22_12_4_0_0_config2_mult_s_fu_195/mul_22s_22s_44_1_1_U28/select_ln144_3_reg_2492[21]_i_2/O
                         net (fo=22, unplaced)        0.191     5.078    conv_2d_cl_array_ap_fixed_1u_array_ap_fixed_22_12_4_0_0_6u_config2_U0/grp_compute_output_buffer_2d_array_array_ap_fixed_22_12_4_0_0_6u_config2_s_fu_118/grp_dense_resource_rf_gt_nin_rem0_ap_fixed_ap_fixed_22_12_4_0_0_config2_mult_s_fu_195/mul_22s_22s_44_1_1_U28_n_56
                         FDSE                                         r  conv_2d_cl_array_ap_fixed_1u_array_ap_fixed_22_12_4_0_0_6u_config2_U0/grp_compute_output_buffer_2d_array_array_ap_fixed_22_12_4_0_0_6u_config2_s_fu_118/grp_dense_resource_rf_gt_nin_rem0_ap_fixed_ap_fixed_22_12_4_0_0_config2_mult_s_fu_195/select_ln144_3_reg_2492_reg[14]/CE
  -------------------------------------------------------------------    -------------------

                         (clock ap_clk rise edge)    10.000    10.000 r  
                                                      0.000    10.000 r  ap_clk (IN)
                         net (fo=81517, unset)        0.021    10.021    conv_2d_cl_array_ap_fixed_1u_array_ap_fixed_22_12_4_0_0_6u_config2_U0/grp_compute_output_buffer_2d_array_array_ap_fixed_22_12_4_0_0_6u_config2_s_fu_118/grp_dense_resource_rf_gt_nin_rem0_ap_fixed_ap_fixed_22_12_4_0_0_config2_mult_s_fu_195/ap_clk
                         FDSE                                         r  conv_2d_cl_array_ap_fixed_1u_array_ap_fixed_22_12_4_0_0_6u_config2_U0/grp_compute_output_buffer_2d_array_array_ap_fixed_22_12_4_0_0_6u_config2_s_fu_118/grp_dense_resource_rf_gt_nin_rem0_ap_fixed_ap_fixed_22_12_4_0_0_config2_mult_s_fu_195/select_ln144_3_reg_2492_reg[14]/C
                         clock pessimism              0.000    10.021    
                         clock uncertainty           -0.035     9.986    
                         FDSE (Setup_FDSE_C_CE)      -0.061     9.925    conv_2d_cl_array_ap_fixed_1u_array_ap_fixed_22_12_4_0_0_6u_config2_U0/grp_compute_output_buffer_2d_array_array_ap_fixed_22_12_4_0_0_6u_config2_s_fu_118/grp_dense_resource_rf_gt_nin_rem0_ap_fixed_ap_fixed_22_12_4_0_0_config2_mult_s_fu_195/select_ln144_3_reg_2492_reg[14]
  -------------------------------------------------------------------
                         required time                          9.925    
                         arrival time                          -5.078    
  -------------------------------------------------------------------
                         slack                                  4.847    

Slack (MET) :             4.847ns  (required time - arrival time)
  Source:                 conv_2d_cl_array_ap_fixed_1u_array_ap_fixed_22_12_4_0_0_6u_config2_U0/grp_compute_output_buffer_2d_array_array_ap_fixed_22_12_4_0_0_6u_config2_s_fu_118/grp_dense_resource_rf_gt_nin_rem0_ap_fixed_ap_fixed_22_12_4_0_0_config2_mult_s_fu_195/icmp_ln135_reg_2476_pp0_iter1_reg_reg[0]/C
                            (rising edge-triggered cell FDRE clocked by ap_clk  {rise@0.000ns fall@5.000ns period=10.000ns})
  Destination:            conv_2d_cl_array_ap_fixed_1u_array_ap_fixed_22_12_4_0_0_6u_config2_U0/grp_compute_output_buffer_2d_array_array_ap_fixed_22_12_4_0_0_6u_config2_s_fu_118/grp_dense_resource_rf_gt_nin_rem0_ap_fixed_ap_fixed_22_12_4_0_0_config2_mult_s_fu_195/select_ln144_3_reg_2492_reg[15]/CE
                            (rising edge-triggered cell FDSE clocked by ap_clk  {rise@0.000ns fall@5.000ns period=10.000ns})
  Path Group:             ap_clk
  Path Type:              Setup (Max at Slow Process Corner)
  Requirement:            10.000ns  (ap_clk rise@10.000ns - ap_clk rise@0.000ns)
  Data Path Delay:        5.048ns  (logic 2.676ns (53.011%)  route 2.372ns (46.989%))
  Logic Levels:           18  (CARRY8=3 DSP_A_B_DATA=1 DSP_ALU=1 DSP_M_DATA=1 DSP_MULTIPLIER=1 DSP_OUTPUT=1 DSP_PREADD_DATA=1 LUT2=1 LUT3=1 LUT4=1 LUT5=3 LUT6=3)
  Clock Path Skew:        -0.009ns (DCD - SCD + CPR)
    Destination Clock Delay (DCD):    0.021ns = ( 10.021 - 10.000 ) 
    Source Clock Delay      (SCD):    0.030ns
    Clock Pessimism Removal (CPR):    0.000ns
  Clock Uncertainty:      0.035ns  ((TSJ^2 + TIJ^2)^1/2 + DJ) / 2 + PE
    Total System Jitter     (TSJ):    0.071ns
    Total Input Jitter      (TIJ):    0.000ns
    Discrete Jitter          (DJ):    0.000ns
    Phase Error              (PE):    0.000ns

    Location             Delay type                Incr(ns)  Path(ns)    Netlist Resource(s)
  -------------------------------------------------------------------    -------------------
                         (clock ap_clk rise edge)     0.000     0.000 r  
                                                      0.000     0.000 r  ap_clk (IN)
                         net (fo=81517, unset)        0.030     0.030    conv_2d_cl_array_ap_fixed_1u_array_ap_fixed_22_12_4_0_0_6u_config2_U0/grp_compute_output_buffer_2d_array_array_ap_fixed_22_12_4_0_0_6u_config2_s_fu_118/grp_dense_resource_rf_gt_nin_rem0_ap_fixed_ap_fixed_22_12_4_0_0_config2_mult_s_fu_195/ap_clk
                         FDRE                                         r  conv_2d_cl_array_ap_fixed_1u_array_ap_fixed_22_12_4_0_0_6u_config2_U0/grp_compute_output_buffer_2d_array_array_ap_fixed_22_12_4_0_0_6u_config2_s_fu_118/grp_dense_resource_rf_gt_nin_rem0_ap_fixed_ap_fixed_22_12_4_0_0_config2_mult_s_fu_195/icmp_ln135_reg_2476_pp0_iter1_reg_reg[0]/C
  -------------------------------------------------------------------    -------------------
                         FDRE (Prop_FDRE_C_Q)         0.077     0.107 f  conv_2d_cl_array_ap_fixed_1u_array_ap_fixed_22_12_4_0_0_6u_config2_U0/grp_compute_output_buffer_2d_array_array_ap_fixed_22_12_4_0_0_6u_config2_s_fu_118/grp_dense_resource_rf_gt_nin_rem0_ap_fixed_ap_fixed_22_12_4_0_0_config2_mult_s_fu_195/icmp_ln135_reg_2476_pp0_iter1_reg_reg[0]/Q
                         net (fo=47, unplaced)        0.159     0.266    conv_2d_cl_array_ap_fixed_1u_array_ap_fixed_22_12_4_0_0_6u_config2_U0/grp_compute_output_buffer_2d_array_array_ap_fixed_22_12_4_0_0_6u_config2_s_fu_118/grp_dense_resource_rf_gt_nin_rem0_ap_fixed_ap_fixed_22_12_4_0_0_config2_mult_s_fu_195/mul_22s_22s_44_1_1_U28/icmp_ln135_reg_2476_pp0_iter1_reg
                         LUT4 (Prop_LUT4_I1_O)        0.090     0.356 r  conv_2d_cl_array_ap_fixed_1u_array_ap_fixed_22_12_4_0_0_6u_config2_U0/grp_compute_output_buffer_2d_array_array_ap_fixed_22_12_4_0_0_6u_config2_s_fu_118/grp_dense_resource_rf_gt_nin_rem0_ap_fixed_ap_fixed_22_12_4_0_0_config2_mult_s_fu_195/mul_22s_22s_44_1_1_U28/tmp_product_i_27__8/O
                         net (fo=26, unplaced)        0.241     0.597    conv_2d_cl_array_ap_fixed_1u_array_ap_fixed_22_12_4_0_0_6u_config2_U0/grp_compute_output_buffer_2d_array_array_ap_fixed_22_12_4_0_0_6u_config2_s_fu_118/grp_dense_resource_rf_gt_nin_rem0_ap_fixed_ap_fixed_22_12_4_0_0_config2_mult_s_fu_195/mul_22s_22s_44_1_1_U28/tmp_product_i_27__8_n_0
                         LUT5 (Prop_LUT5_I4_O)        0.038     0.635 r  conv_2d_cl_array_ap_fixed_1u_array_ap_fixed_22_12_4_0_0_6u_config2_U0/grp_compute_output_buffer_2d_array_array_ap_fixed_22_12_4_0_0_6u_config2_s_fu_118/grp_dense_resource_rf_gt_nin_rem0_ap_fixed_ap_fixed_22_12_4_0_0_config2_mult_s_fu_195/mul_22s_22s_44_1_1_U28/tmp_product_i_143__8/O
                         net (fo=23, unplaced)        0.238     0.873    conv_2d_cl_array_ap_fixed_1u_array_ap_fixed_22_12_4_0_0_6u_config2_U0/grp_compute_output_buffer_2d_array_array_ap_fixed_22_12_4_0_0_6u_config2_s_fu_118/grp_dense_resource_rf_gt_nin_rem0_ap_fixed_ap_fixed_22_12_4_0_0_config2_mult_s_fu_195/mul_22s_22s_44_1_1_U28/tmp_product_i_143__8_n_0
                         LUT5 (Prop_LUT5_I4_O)        0.038     0.911 r  conv_2d_cl_array_ap_fixed_1u_array_ap_fixed_22_12_4_0_0_6u_config2_U0/grp_compute_output_buffer_2d_array_array_ap_fixed_22_12_4_0_0_6u_config2_s_fu_118/grp_dense_resource_rf_gt_nin_rem0_ap_fixed_ap_fixed_22_12_4_0_0_config2_mult_s_fu_195/mul_22s_22s_44_1_1_U28/tmp_product_i_65__8/O
                         net (fo=22, unplaced)        0.237     1.148    conv_2d_cl_array_ap_fixed_1u_array_ap_fixed_22_12_4_0_0_6u_config2_U0/grp_compute_output_buffer_2d_array_array_ap_fixed_22_12_4_0_0_6u_config2_s_fu_118/grp_dense_resource_rf_gt_nin_rem0_ap_fixed_ap_fixed_22_12_4_0_0_config2_mult_s_fu_195/mul_22s_22s_44_1_1_U28/tmp_product_i_65__8_n_0
                         LUT6 (Prop_LUT6_I2_O)        0.038     1.186 f  conv_2d_cl_array_ap_fixed_1u_array_ap_fixed_22_12_4_0_0_6u_config2_U0/grp_compute_output_buffer_2d_array_array_ap_fixed_22_12_4_0_0_6u_config2_s_fu_118/grp_dense_resource_rf_gt_nin_rem0_ap_fixed_ap_fixed_22_12_4_0_0_config2_mult_s_fu_195/mul_22s_22s_44_1_1_U28/tmp_product_i_109__8/O
                         net (fo=1, unplaced)         0.140     1.326    conv_2d_cl_array_ap_fixed_1u_array_ap_fixed_22_12_4_0_0_6u_config2_U0/grp_compute_output_buffer_2d_array_array_ap_fixed_22_12_4_0_0_6u_config2_s_fu_118/grp_dense_resource_rf_gt_nin_rem0_ap_fixed_ap_fixed_22_12_4_0_0_config2_mult_s_fu_195/mul_22s_22s_44_1_1_U28/tmp_product_i_109__8_n_0
                         LUT6 (Prop_LUT6_I0_O)        0.090     1.416 f  conv_2d_cl_array_ap_fixed_1u_array_ap_fixed_22_12_4_0_0_6u_config2_U0/grp_compute_output_buffer_2d_array_array_ap_fixed_22_12_4_0_0_6u_config2_s_fu_118/grp_dense_resource_rf_gt_nin_rem0_ap_fixed_ap_fixed_22_12_4_0_0_config2_mult_s_fu_195/mul_22s_22s_44_1_1_U28/tmp_product_i_42__8/O
                         net (fo=8, unplaced)         0.256     1.672    conv_2d_cl_array_ap_fixed_1u_array_ap_fixed_22_12_4_0_0_6u_config2_U0/grp_compute_output_buffer_2d_array_array_ap_fixed_22_12_4_0_0_6u_config2_s_fu_118/grp_dense_resource_rf_gt_nin_rem0_ap_fixed_ap_fixed_22_12_4_0_0_config2_mult_s_fu_195/mul_22s_22s_44_1_1_U28/tmp_product/A[8]
                         DSP_A_B_DATA (Prop_DSP_A_B_DATA_A[8]_A2_DATA[8])
                                                      0.192     1.864 r  conv_2d_cl_array_ap_fixed_1u_array_ap_fixed_22_12_4_0_0_6u_config2_U0/grp_compute_output_buffer_2d_array_array_ap_fixed_22_12_4_0_0_6u_config2_s_fu_118/grp_dense_resource_rf_gt_nin_rem0_ap_fixed_ap_fixed_22_12_4_0_0_config2_mult_s_fu_195/mul_22s_22s_44_1_1_U28/tmp_product/DSP_A_B_DATA_INST/A2_DATA[8]
                         net (fo=1, unplaced)         0.000     1.864    conv_2d_cl_array_ap_fixed_1u_array_ap_fixed_22_12_4_0_0_6u_config2_U0/grp_compute_output_buffer_2d_array_array_ap_fixed_22_12_4_0_0_6u_config2_s_fu_118/grp_dense_resource_rf_gt_nin_rem0_ap_fixed_ap_fixed_22_12_4_0_0_config2_mult_s_fu_195/mul_22s_22s_44_1_1_U28/tmp_product/DSP_A_B_DATA.A2_DATA<8>
                         DSP_PREADD_DATA (Prop_DSP_PREADD_DATA_A2_DATA[8]_A2A1[8])
                                                      0.076     1.940 r  conv_2d_cl_array_ap_fixed_1u_array_ap_fixed_22_12_4_0_0_6u_config2_U0/grp_compute_output_buffer_2d_array_array_ap_fixed_22_12_4_0_0_6u_config2_s_fu_118/grp_dense_resource_rf_gt_nin_rem0_ap_fixed_ap_fixed_22_12_4_0_0_config2_mult_s_fu_195/mul_22s_22s_44_1_1_U28/tmp_product/DSP_PREADD_DATA_INST/A2A1[8]
                         net (fo=1, unplaced)         0.000     1.940    conv_2d_cl_array_ap_fixed_1u_array_ap_fixed_22_12_4_0_0_6u_config2_U0/grp_compute_output_buffer_2d_array_array_ap_fixed_22_12_4_0_0_6u_config2_s_fu_118/grp_dense_resource_rf_gt_nin_rem0_ap_fixed_ap_fixed_22_12_4_0_0_config2_mult_s_fu_195/mul_22s_22s_44_1_1_U28/tmp_product/DSP_PREADD_DATA.A2A1<8>
                         DSP_MULTIPLIER (Prop_DSP_MULTIPLIER_A2A1[8]_U[17])
                                                      0.505     2.445 f  conv_2d_cl_array_ap_fixed_1u_array_ap_fixed_22_12_4_0_0_6u_config2_U0/grp_compute_output_buffer_2d_array_array_ap_fixed_22_12_4_0_0_6u_config2_s_fu_118/grp_dense_resource_rf_gt_nin_rem0_ap_fixed_ap_fixed_22_12_4_0_0_config2_mult_s_fu_195/mul_22s_22s_44_1_1_U28/tmp_product/DSP_MULTIPLIER_INST/U[17]
                         net (fo=1, unplaced)         0.000     2.445    conv_2d_cl_array_ap_fixed_1u_array_ap_fixed_22_12_4_0_0_6u_config2_U0/grp_compute_output_buffer_2d_array_array_ap_fixed_22_12_4_0_0_6u_config2_s_fu_118/grp_dense_resource_rf_gt_nin_rem0_ap_fixed_ap_fixed_22_12_4_0_0_config2_mult_s_fu_195/mul_22s_22s_44_1_1_U28/tmp_product/DSP_MULTIPLIER.U<17>
                         DSP_M_DATA (Prop_DSP_M_DATA_U[17]_U_DATA[17])
                                                      0.047     2.492 r  conv_2d_cl_array_ap_fixed_1u_array_ap_fixed_22_12_4_0_0_6u_config2_U0/grp_compute_output_buffer_2d_array_array_ap_fixed_22_12_4_0_0_6u_config2_s_fu_118/grp_dense_resource_rf_gt_nin_rem0_ap_fixed_ap_fixed_22_12_4_0_0_config2_mult_s_fu_195/mul_22s_22s_44_1_1_U28/tmp_product/DSP_M_DATA_INST/U_DATA[17]
                         net (fo=1, unplaced)         0.000     2.492    conv_2d_cl_array_ap_fixed_1u_array_ap_fixed_22_12_4_0_0_6u_config2_U0/grp_compute_output_buffer_2d_array_array_ap_fixed_22_12_4_0_0_6u_config2_s_fu_118/grp_dense_resource_rf_gt_nin_rem0_ap_fixed_ap_fixed_22_12_4_0_0_config2_mult_s_fu_195/mul_22s_22s_44_1_1_U28/tmp_product/DSP_M_DATA.U_DATA<17>
                         DSP_ALU (Prop_DSP_ALU_U_DATA[17]_ALU_OUT[17])
                                                      0.585     3.077 f  conv_2d_cl_array_ap_fixed_1u_array_ap_fixed_22_12_4_0_0_6u_config2_U0/grp_compute_output_buffer_2d_array_array_ap_fixed_22_12_4_0_0_6u_config2_s_fu_118/grp_dense_resource_rf_gt_nin_rem0_ap_fixed_ap_fixed_22_12_4_0_0_config2_mult_s_fu_195/mul_22s_22s_44_1_1_U28/tmp_product/DSP_ALU_INST/ALU_OUT[17]
                         net (fo=1, unplaced)         0.000     3.077    conv_2d_cl_array_ap_fixed_1u_array_ap_fixed_22_12_4_0_0_6u_config2_U0/grp_compute_output_buffer_2d_array_array_ap_fixed_22_12_4_0_0_6u_config2_s_fu_118/grp_dense_resource_rf_gt_nin_rem0_ap_fixed_ap_fixed_22_12_4_0_0_config2_mult_s_fu_195/mul_22s_22s_44_1_1_U28/tmp_product/DSP_ALU.ALU_OUT<17>
                         DSP_OUTPUT (Prop_DSP_OUTPUT_ALU_OUT[17]_P[17])
                                                      0.109     3.186 r  conv_2d_cl_array_ap_fixed_1u_array_ap_fixed_22_12_4_0_0_6u_config2_U0/grp_compute_output_buffer_2d_array_array_ap_fixed_22_12_4_0_0_6u_config2_s_fu_118/grp_dense_resource_rf_gt_nin_rem0_ap_fixed_ap_fixed_22_12_4_0_0_config2_mult_s_fu_195/mul_22s_22s_44_1_1_U28/tmp_product/DSP_OUTPUT_INST/P[17]
                         net (fo=2, unplaced)         0.161     3.347    conv_2d_cl_array_ap_fixed_1u_array_ap_fixed_22_12_4_0_0_6u_config2_U0/grp_compute_output_buffer_2d_array_array_ap_fixed_22_12_4_0_0_6u_config2_s_fu_118/grp_dense_resource_rf_gt_nin_rem0_ap_fixed_ap_fixed_22_12_4_0_0_config2_mult_s_fu_195/mul_22s_22s_44_1_1_U28/tmp_product_n_88
                         LUT3 (Prop_LUT3_I0_O)        0.090     3.437 r  conv_2d_cl_array_ap_fixed_1u_array_ap_fixed_22_12_4_0_0_6u_config2_U0/grp_compute_output_buffer_2d_array_array_ap_fixed_22_12_4_0_0_6u_config2_s_fu_118/grp_dense_resource_rf_gt_nin_rem0_ap_fixed_ap_fixed_22_12_4_0_0_config2_mult_s_fu_195/mul_22s_22s_44_1_1_U28/i__carry_i_8__685/O
                         net (fo=1, unplaced)         0.020     3.457    conv_2d_cl_array_ap_fixed_1u_array_ap_fixed_22_12_4_0_0_6u_config2_U0/grp_compute_output_buffer_2d_array_array_ap_fixed_22_12_4_0_0_6u_config2_s_fu_118/grp_dense_resource_rf_gt_nin_rem0_ap_fixed_ap_fixed_22_12_4_0_0_config2_mult_s_fu_195/mul_22s_22s_44_1_1_U28/i__carry_i_8__685_n_0
                         CARRY8 (Prop_CARRY8_S[0]_CO[7])
                                                      0.199     3.656 r  conv_2d_cl_array_ap_fixed_1u_array_ap_fixed_22_12_4_0_0_6u_config2_U0/grp_compute_output_buffer_2d_array_array_ap_fixed_22_12_4_0_0_6u_config2_s_fu_118/grp_dense_resource_rf_gt_nin_rem0_ap_fixed_ap_fixed_22_12_4_0_0_config2_mult_s_fu_195/mul_22s_22s_44_1_1_U28/tmp_product_inferred__0/i__carry/CO[7]
                         net (fo=1, unplaced)         0.005     3.661    conv_2d_cl_array_ap_fixed_1u_array_ap_fixed_22_12_4_0_0_6u_config2_U0/grp_compute_output_buffer_2d_array_array_ap_fixed_22_12_4_0_0_6u_config2_s_fu_118/grp_dense_resource_rf_gt_nin_rem0_ap_fixed_ap_fixed_22_12_4_0_0_config2_mult_s_fu_195/mul_22s_22s_44_1_1_U28/tmp_product_inferred__0/i__carry_n_0
                         CARRY8 (Prop_CARRY8_CI_O[2])
                                                      0.067     3.728 r  conv_2d_cl_array_ap_fixed_1u_array_ap_fixed_22_12_4_0_0_6u_config2_U0/grp_compute_output_buffer_2d_array_array_ap_fixed_22_12_4_0_0_6u_config2_s_fu_118/grp_dense_resource_rf_gt_nin_rem0_ap_fixed_ap_fixed_22_12_4_0_0_config2_mult_s_fu_195/mul_22s_22s_44_1_1_U28/tmp_product_inferred__0/i__carry__0/O[2]
                         net (fo=1, unplaced)         0.185     3.913    conv_2d_cl_array_ap_fixed_1u_array_ap_fixed_22_12_4_0_0_6u_config2_U0/grp_compute_output_buffer_2d_array_array_ap_fixed_22_12_4_0_0_6u_config2_s_fu_118/grp_dense_resource_rf_gt_nin_rem0_ap_fixed_ap_fixed_22_12_4_0_0_config2_mult_s_fu_195/mul_22s_22s_44_1_1_U28/tmp_product0_out[10]
                         CARRY8 (Prop_CARRY8_S[1]_O[5])
                                                      0.237     4.150 r  conv_2d_cl_array_ap_fixed_1u_array_ap_fixed_22_12_4_0_0_6u_config2_U0/grp_compute_output_buffer_2d_array_array_ap_fixed_22_12_4_0_0_6u_config2_s_fu_118/grp_dense_resource_rf_gt_nin_rem0_ap_fixed_ap_fixed_22_12_4_0_0_config2_mult_s_fu_195/mul_22s_22s_44_1_1_U28/select_ln144_3_reg_2492_reg[21]_i_8/O[5]
                         net (fo=3, unplaced)         0.100     4.250    conv_2d_cl_array_ap_fixed_1u_array_ap_fixed_22_12_4_0_0_6u_config2_U0/grp_compute_output_buffer_2d_array_array_ap_fixed_22_12_4_0_0_6u_config2_s_fu_118/grp_dense_resource_rf_gt_nin_rem0_ap_fixed_ap_fixed_22_12_4_0_0_config2_mult_s_fu_195/mul_22s_22s_44_1_1_U28/tmp_6487_fu_1348_p3
                         LUT6 (Prop_LUT6_I1_O)        0.090     4.340 f  conv_2d_cl_array_ap_fixed_1u_array_ap_fixed_22_12_4_0_0_6u_config2_U0/grp_compute_output_buffer_2d_array_array_ap_fixed_22_12_4_0_0_6u_config2_s_fu_118/grp_dense_resource_rf_gt_nin_rem0_ap_fixed_ap_fixed_22_12_4_0_0_config2_mult_s_fu_195/mul_22s_22s_44_1_1_U28/select_ln144_3_reg_2492[21]_i_4/O
                         net (fo=1, unplaced)         0.186     4.526    conv_2d_cl_array_ap_fixed_1u_array_ap_fixed_22_12_4_0_0_6u_config2_U0/grp_compute_output_buffer_2d_array_array_ap_fixed_22_12_4_0_0_6u_config2_s_fu_118/grp_dense_resource_rf_gt_nin_rem0_ap_fixed_ap_fixed_22_12_4_0_0_config2_mult_s_fu_195/mul_22s_22s_44_1_1_U28/select_ln144_3_reg_2492[21]_i_4_n_0
                         LUT5 (Prop_LUT5_I0_O)        0.038     4.564 r  conv_2d_cl_array_ap_fixed_1u_array_ap_fixed_22_12_4_0_0_6u_config2_U0/grp_compute_output_buffer_2d_array_array_ap_fixed_22_12_4_0_0_6u_config2_s_fu_118/grp_dense_resource_rf_gt_nin_rem0_ap_fixed_ap_fixed_22_12_4_0_0_config2_mult_s_fu_195/mul_22s_22s_44_1_1_U28/select_ln144_3_reg_2492[21]_i_1/O
                         net (fo=45, unplaced)        0.253     4.817    conv_2d_cl_array_ap_fixed_1u_array_ap_fixed_22_12_4_0_0_6u_config2_U0/grp_compute_output_buffer_2d_array_array_ap_fixed_22_12_4_0_0_6u_config2_s_fu_118/grp_dense_resource_rf_gt_nin_rem0_ap_fixed_ap_fixed_22_12_4_0_0_config2_mult_s_fu_195/mul_22s_22s_44_1_1_U28/select_ln144_3_reg_2492
                         LUT2 (Prop_LUT2_I0_O)        0.070     4.887 r  conv_2d_cl_array_ap_fixed_1u_array_ap_fixed_22_12_4_0_0_6u_config2_U0/grp_compute_output_buffer_2d_array_array_ap_fixed_22_12_4_0_0_6u_config2_s_fu_118/grp_dense_resource_rf_gt_nin_rem0_ap_fixed_ap_fixed_22_12_4_0_0_config2_mult_s_fu_195/mul_22s_22s_44_1_1_U28/select_ln144_3_reg_2492[21]_i_2/O
                         net (fo=22, unplaced)        0.191     5.078    conv_2d_cl_array_ap_fixed_1u_array_ap_fixed_22_12_4_0_0_6u_config2_U0/grp_compute_output_buffer_2d_array_array_ap_fixed_22_12_4_0_0_6u_config2_s_fu_118/grp_dense_resource_rf_gt_nin_rem0_ap_fixed_ap_fixed_22_12_4_0_0_config2_mult_s_fu_195/mul_22s_22s_44_1_1_U28_n_56
                         FDSE                                         r  conv_2d_cl_array_ap_fixed_1u_array_ap_fixed_22_12_4_0_0_6u_config2_U0/grp_compute_output_buffer_2d_array_array_ap_fixed_22_12_4_0_0_6u_config2_s_fu_118/grp_dense_resource_rf_gt_nin_rem0_ap_fixed_ap_fixed_22_12_4_0_0_config2_mult_s_fu_195/select_ln144_3_reg_2492_reg[15]/CE
  -------------------------------------------------------------------    -------------------

                         (clock ap_clk rise edge)    10.000    10.000 r  
                                                      0.000    10.000 r  ap_clk (IN)
                         net (fo=81517, unset)        0.021    10.021    conv_2d_cl_array_ap_fixed_1u_array_ap_fixed_22_12_4_0_0_6u_config2_U0/grp_compute_output_buffer_2d_array_array_ap_fixed_22_12_4_0_0_6u_config2_s_fu_118/grp_dense_resource_rf_gt_nin_rem0_ap_fixed_ap_fixed_22_12_4_0_0_config2_mult_s_fu_195/ap_clk
                         FDSE                                         r  conv_2d_cl_array_ap_fixed_1u_array_ap_fixed_22_12_4_0_0_6u_config2_U0/grp_compute_output_buffer_2d_array_array_ap_fixed_22_12_4_0_0_6u_config2_s_fu_118/grp_dense_resource_rf_gt_nin_rem0_ap_fixed_ap_fixed_22_12_4_0_0_config2_mult_s_fu_195/select_ln144_3_reg_2492_reg[15]/C
                         clock pessimism              0.000    10.021    
                         clock uncertainty           -0.035     9.986    
                         FDSE (Setup_FDSE_C_CE)      -0.061     9.925    conv_2d_cl_array_ap_fixed_1u_array_ap_fixed_22_12_4_0_0_6u_config2_U0/grp_compute_output_buffer_2d_array_array_ap_fixed_22_12_4_0_0_6u_config2_s_fu_118/grp_dense_resource_rf_gt_nin_rem0_ap_fixed_ap_fixed_22_12_4_0_0_config2_mult_s_fu_195/select_ln144_3_reg_2492_reg[15]
  -------------------------------------------------------------------
                         required time                          9.925    
                         arrival time                          -5.078    
  -------------------------------------------------------------------
                         slack                                  4.847    

Slack (MET) :             4.847ns  (required time - arrival time)
  Source:                 conv_2d_cl_array_ap_fixed_1u_array_ap_fixed_22_12_4_0_0_6u_config2_U0/grp_compute_output_buffer_2d_array_array_ap_fixed_22_12_4_0_0_6u_config2_s_fu_118/grp_dense_resource_rf_gt_nin_rem0_ap_fixed_ap_fixed_22_12_4_0_0_config2_mult_s_fu_195/icmp_ln135_reg_2476_pp0_iter1_reg_reg[0]/C
                            (rising edge-triggered cell FDRE clocked by ap_clk  {rise@0.000ns fall@5.000ns period=10.000ns})
  Destination:            conv_2d_cl_array_ap_fixed_1u_array_ap_fixed_22_12_4_0_0_6u_config2_U0/grp_compute_output_buffer_2d_array_array_ap_fixed_22_12_4_0_0_6u_config2_s_fu_118/grp_dense_resource_rf_gt_nin_rem0_ap_fixed_ap_fixed_22_12_4_0_0_config2_mult_s_fu_195/select_ln144_3_reg_2492_reg[16]/CE
                            (rising edge-triggered cell FDSE clocked by ap_clk  {rise@0.000ns fall@5.000ns period=10.000ns})
  Path Group:             ap_clk
  Path Type:              Setup (Max at Slow Process Corner)
  Requirement:            10.000ns  (ap_clk rise@10.000ns - ap_clk rise@0.000ns)
  Data Path Delay:        5.048ns  (logic 2.676ns (53.011%)  route 2.372ns (46.989%))
  Logic Levels:           18  (CARRY8=3 DSP_A_B_DATA=1 DSP_ALU=1 DSP_M_DATA=1 DSP_MULTIPLIER=1 DSP_OUTPUT=1 DSP_PREADD_DATA=1 LUT2=1 LUT3=1 LUT4=1 LUT5=3 LUT6=3)
  Clock Path Skew:        -0.009ns (DCD - SCD + CPR)
    Destination Clock Delay (DCD):    0.021ns = ( 10.021 - 10.000 ) 
    Source Clock Delay      (SCD):    0.030ns
    Clock Pessimism Removal (CPR):    0.000ns
  Clock Uncertainty:      0.035ns  ((TSJ^2 + TIJ^2)^1/2 + DJ) / 2 + PE
    Total System Jitter     (TSJ):    0.071ns
    Total Input Jitter      (TIJ):    0.000ns
    Discrete Jitter          (DJ):    0.000ns
    Phase Error              (PE):    0.000ns

    Location             Delay type                Incr(ns)  Path(ns)    Netlist Resource(s)
  -------------------------------------------------------------------    -------------------
                         (clock ap_clk rise edge)     0.000     0.000 r  
                                                      0.000     0.000 r  ap_clk (IN)
                         net (fo=81517, unset)        0.030     0.030    conv_2d_cl_array_ap_fixed_1u_array_ap_fixed_22_12_4_0_0_6u_config2_U0/grp_compute_output_buffer_2d_array_array_ap_fixed_22_12_4_0_0_6u_config2_s_fu_118/grp_dense_resource_rf_gt_nin_rem0_ap_fixed_ap_fixed_22_12_4_0_0_config2_mult_s_fu_195/ap_clk
                         FDRE                                         r  conv_2d_cl_array_ap_fixed_1u_array_ap_fixed_22_12_4_0_0_6u_config2_U0/grp_compute_output_buffer_2d_array_array_ap_fixed_22_12_4_0_0_6u_config2_s_fu_118/grp_dense_resource_rf_gt_nin_rem0_ap_fixed_ap_fixed_22_12_4_0_0_config2_mult_s_fu_195/icmp_ln135_reg_2476_pp0_iter1_reg_reg[0]/C
  -------------------------------------------------------------------    -------------------
                         FDRE (Prop_FDRE_C_Q)         0.077     0.107 f  conv_2d_cl_array_ap_fixed_1u_array_ap_fixed_22_12_4_0_0_6u_config2_U0/grp_compute_output_buffer_2d_array_array_ap_fixed_22_12_4_0_0_6u_config2_s_fu_118/grp_dense_resource_rf_gt_nin_rem0_ap_fixed_ap_fixed_22_12_4_0_0_config2_mult_s_fu_195/icmp_ln135_reg_2476_pp0_iter1_reg_reg[0]/Q
                         net (fo=47, unplaced)        0.159     0.266    conv_2d_cl_array_ap_fixed_1u_array_ap_fixed_22_12_4_0_0_6u_config2_U0/grp_compute_output_buffer_2d_array_array_ap_fixed_22_12_4_0_0_6u_config2_s_fu_118/grp_dense_resource_rf_gt_nin_rem0_ap_fixed_ap_fixed_22_12_4_0_0_config2_mult_s_fu_195/mul_22s_22s_44_1_1_U28/icmp_ln135_reg_2476_pp0_iter1_reg
                         LUT4 (Prop_LUT4_I1_O)        0.090     0.356 r  conv_2d_cl_array_ap_fixed_1u_array_ap_fixed_22_12_4_0_0_6u_config2_U0/grp_compute_output_buffer_2d_array_array_ap_fixed_22_12_4_0_0_6u_config2_s_fu_118/grp_dense_resource_rf_gt_nin_rem0_ap_fixed_ap_fixed_22_12_4_0_0_config2_mult_s_fu_195/mul_22s_22s_44_1_1_U28/tmp_product_i_27__8/O
                         net (fo=26, unplaced)        0.241     0.597    conv_2d_cl_array_ap_fixed_1u_array_ap_fixed_22_12_4_0_0_6u_config2_U0/grp_compute_output_buffer_2d_array_array_ap_fixed_22_12_4_0_0_6u_config2_s_fu_118/grp_dense_resource_rf_gt_nin_rem0_ap_fixed_ap_fixed_22_12_4_0_0_config2_mult_s_fu_195/mul_22s_22s_44_1_1_U28/tmp_product_i_27__8_n_0
                         LUT5 (Prop_LUT5_I4_O)        0.038     0.635 r  conv_2d_cl_array_ap_fixed_1u_array_ap_fixed_22_12_4_0_0_6u_config2_U0/grp_compute_output_buffer_2d_array_array_ap_fixed_22_12_4_0_0_6u_config2_s_fu_118/grp_dense_resource_rf_gt_nin_rem0_ap_fixed_ap_fixed_22_12_4_0_0_config2_mult_s_fu_195/mul_22s_22s_44_1_1_U28/tmp_product_i_143__8/O
                         net (fo=23, unplaced)        0.238     0.873    conv_2d_cl_array_ap_fixed_1u_array_ap_fixed_22_12_4_0_0_6u_config2_U0/grp_compute_output_buffer_2d_array_array_ap_fixed_22_12_4_0_0_6u_config2_s_fu_118/grp_dense_resource_rf_gt_nin_rem0_ap_fixed_ap_fixed_22_12_4_0_0_config2_mult_s_fu_195/mul_22s_22s_44_1_1_U28/tmp_product_i_143__8_n_0
                         LUT5 (Prop_LUT5_I4_O)        0.038     0.911 r  conv_2d_cl_array_ap_fixed_1u_array_ap_fixed_22_12_4_0_0_6u_config2_U0/grp_compute_output_buffer_2d_array_array_ap_fixed_22_12_4_0_0_6u_config2_s_fu_118/grp_dense_resource_rf_gt_nin_rem0_ap_fixed_ap_fixed_22_12_4_0_0_config2_mult_s_fu_195/mul_22s_22s_44_1_1_U28/tmp_product_i_65__8/O
                         net (fo=22, unplaced)        0.237     1.148    conv_2d_cl_array_ap_fixed_1u_array_ap_fixed_22_12_4_0_0_6u_config2_U0/grp_compute_output_buffer_2d_array_array_ap_fixed_22_12_4_0_0_6u_config2_s_fu_118/grp_dense_resource_rf_gt_nin_rem0_ap_fixed_ap_fixed_22_12_4_0_0_config2_mult_s_fu_195/mul_22s_22s_44_1_1_U28/tmp_product_i_65__8_n_0
                         LUT6 (Prop_LUT6_I2_O)        0.038     1.186 f  conv_2d_cl_array_ap_fixed_1u_array_ap_fixed_22_12_4_0_0_6u_config2_U0/grp_compute_output_buffer_2d_array_array_ap_fixed_22_12_4_0_0_6u_config2_s_fu_118/grp_dense_resource_rf_gt_nin_rem0_ap_fixed_ap_fixed_22_12_4_0_0_config2_mult_s_fu_195/mul_22s_22s_44_1_1_U28/tmp_product_i_109__8/O
                         net (fo=1, unplaced)         0.140     1.326    conv_2d_cl_array_ap_fixed_1u_array_ap_fixed_22_12_4_0_0_6u_config2_U0/grp_compute_output_buffer_2d_array_array_ap_fixed_22_12_4_0_0_6u_config2_s_fu_118/grp_dense_resource_rf_gt_nin_rem0_ap_fixed_ap_fixed_22_12_4_0_0_config2_mult_s_fu_195/mul_22s_22s_44_1_1_U28/tmp_product_i_109__8_n_0
                         LUT6 (Prop_LUT6_I0_O)        0.090     1.416 f  conv_2d_cl_array_ap_fixed_1u_array_ap_fixed_22_12_4_0_0_6u_config2_U0/grp_compute_output_buffer_2d_array_array_ap_fixed_22_12_4_0_0_6u_config2_s_fu_118/grp_dense_resource_rf_gt_nin_rem0_ap_fixed_ap_fixed_22_12_4_0_0_config2_mult_s_fu_195/mul_22s_22s_44_1_1_U28/tmp_product_i_42__8/O
                         net (fo=8, unplaced)         0.256     1.672    conv_2d_cl_array_ap_fixed_1u_array_ap_fixed_22_12_4_0_0_6u_config2_U0/grp_compute_output_buffer_2d_array_array_ap_fixed_22_12_4_0_0_6u_config2_s_fu_118/grp_dense_resource_rf_gt_nin_rem0_ap_fixed_ap_fixed_22_12_4_0_0_config2_mult_s_fu_195/mul_22s_22s_44_1_1_U28/tmp_product/A[8]
                         DSP_A_B_DATA (Prop_DSP_A_B_DATA_A[8]_A2_DATA[8])
                                                      0.192     1.864 r  conv_2d_cl_array_ap_fixed_1u_array_ap_fixed_22_12_4_0_0_6u_config2_U0/grp_compute_output_buffer_2d_array_array_ap_fixed_22_12_4_0_0_6u_config2_s_fu_118/grp_dense_resource_rf_gt_nin_rem0_ap_fixed_ap_fixed_22_12_4_0_0_config2_mult_s_fu_195/mul_22s_22s_44_1_1_U28/tmp_product/DSP_A_B_DATA_INST/A2_DATA[8]
                         net (fo=1, unplaced)         0.000     1.864    conv_2d_cl_array_ap_fixed_1u_array_ap_fixed_22_12_4_0_0_6u_config2_U0/grp_compute_output_buffer_2d_array_array_ap_fixed_22_12_4_0_0_6u_config2_s_fu_118/grp_dense_resource_rf_gt_nin_rem0_ap_fixed_ap_fixed_22_12_4_0_0_config2_mult_s_fu_195/mul_22s_22s_44_1_1_U28/tmp_product/DSP_A_B_DATA.A2_DATA<8>
                         DSP_PREADD_DATA (Prop_DSP_PREADD_DATA_A2_DATA[8]_A2A1[8])
                                                      0.076     1.940 r  conv_2d_cl_array_ap_fixed_1u_array_ap_fixed_22_12_4_0_0_6u_config2_U0/grp_compute_output_buffer_2d_array_array_ap_fixed_22_12_4_0_0_6u_config2_s_fu_118/grp_dense_resource_rf_gt_nin_rem0_ap_fixed_ap_fixed_22_12_4_0_0_config2_mult_s_fu_195/mul_22s_22s_44_1_1_U28/tmp_product/DSP_PREADD_DATA_INST/A2A1[8]
                         net (fo=1, unplaced)         0.000     1.940    conv_2d_cl_array_ap_fixed_1u_array_ap_fixed_22_12_4_0_0_6u_config2_U0/grp_compute_output_buffer_2d_array_array_ap_fixed_22_12_4_0_0_6u_config2_s_fu_118/grp_dense_resource_rf_gt_nin_rem0_ap_fixed_ap_fixed_22_12_4_0_0_config2_mult_s_fu_195/mul_22s_22s_44_1_1_U28/tmp_product/DSP_PREADD_DATA.A2A1<8>
                         DSP_MULTIPLIER (Prop_DSP_MULTIPLIER_A2A1[8]_U[17])
                                                      0.505     2.445 f  conv_2d_cl_array_ap_fixed_1u_array_ap_fixed_22_12_4_0_0_6u_config2_U0/grp_compute_output_buffer_2d_array_array_ap_fixed_22_12_4_0_0_6u_config2_s_fu_118/grp_dense_resource_rf_gt_nin_rem0_ap_fixed_ap_fixed_22_12_4_0_0_config2_mult_s_fu_195/mul_22s_22s_44_1_1_U28/tmp_product/DSP_MULTIPLIER_INST/U[17]
                         net (fo=1, unplaced)         0.000     2.445    conv_2d_cl_array_ap_fixed_1u_array_ap_fixed_22_12_4_0_0_6u_config2_U0/grp_compute_output_buffer_2d_array_array_ap_fixed_22_12_4_0_0_6u_config2_s_fu_118/grp_dense_resource_rf_gt_nin_rem0_ap_fixed_ap_fixed_22_12_4_0_0_config2_mult_s_fu_195/mul_22s_22s_44_1_1_U28/tmp_product/DSP_MULTIPLIER.U<17>
                         DSP_M_DATA (Prop_DSP_M_DATA_U[17]_U_DATA[17])
                                                      0.047     2.492 r  conv_2d_cl_array_ap_fixed_1u_array_ap_fixed_22_12_4_0_0_6u_config2_U0/grp_compute_output_buffer_2d_array_array_ap_fixed_22_12_4_0_0_6u_config2_s_fu_118/grp_dense_resource_rf_gt_nin_rem0_ap_fixed_ap_fixed_22_12_4_0_0_config2_mult_s_fu_195/mul_22s_22s_44_1_1_U28/tmp_product/DSP_M_DATA_INST/U_DATA[17]
                         net (fo=1, unplaced)         0.000     2.492    conv_2d_cl_array_ap_fixed_1u_array_ap_fixed_22_12_4_0_0_6u_config2_U0/grp_compute_output_buffer_2d_array_array_ap_fixed_22_12_4_0_0_6u_config2_s_fu_118/grp_dense_resource_rf_gt_nin_rem0_ap_fixed_ap_fixed_22_12_4_0_0_config2_mult_s_fu_195/mul_22s_22s_44_1_1_U28/tmp_product/DSP_M_DATA.U_DATA<17>
                         DSP_ALU (Prop_DSP_ALU_U_DATA[17]_ALU_OUT[17])
                                                      0.585     3.077 f  conv_2d_cl_array_ap_fixed_1u_array_ap_fixed_22_12_4_0_0_6u_config2_U0/grp_compute_output_buffer_2d_array_array_ap_fixed_22_12_4_0_0_6u_config2_s_fu_118/grp_dense_resource_rf_gt_nin_rem0_ap_fixed_ap_fixed_22_12_4_0_0_config2_mult_s_fu_195/mul_22s_22s_44_1_1_U28/tmp_product/DSP_ALU_INST/ALU_OUT[17]
                         net (fo=1, unplaced)         0.000     3.077    conv_2d_cl_array_ap_fixed_1u_array_ap_fixed_22_12_4_0_0_6u_config2_U0/grp_compute_output_buffer_2d_array_array_ap_fixed_22_12_4_0_0_6u_config2_s_fu_118/grp_dense_resource_rf_gt_nin_rem0_ap_fixed_ap_fixed_22_12_4_0_0_config2_mult_s_fu_195/mul_22s_22s_44_1_1_U28/tmp_product/DSP_ALU.ALU_OUT<17>
                         DSP_OUTPUT (Prop_DSP_OUTPUT_ALU_OUT[17]_P[17])
                                                      0.109     3.186 r  conv_2d_cl_array_ap_fixed_1u_array_ap_fixed_22_12_4_0_0_6u_config2_U0/grp_compute_output_buffer_2d_array_array_ap_fixed_22_12_4_0_0_6u_config2_s_fu_118/grp_dense_resource_rf_gt_nin_rem0_ap_fixed_ap_fixed_22_12_4_0_0_config2_mult_s_fu_195/mul_22s_22s_44_1_1_U28/tmp_product/DSP_OUTPUT_INST/P[17]
                         net (fo=2, unplaced)         0.161     3.347    conv_2d_cl_array_ap_fixed_1u_array_ap_fixed_22_12_4_0_0_6u_config2_U0/grp_compute_output_buffer_2d_array_array_ap_fixed_22_12_4_0_0_6u_config2_s_fu_118/grp_dense_resource_rf_gt_nin_rem0_ap_fixed_ap_fixed_22_12_4_0_0_config2_mult_s_fu_195/mul_22s_22s_44_1_1_U28/tmp_product_n_88
                         LUT3 (Prop_LUT3_I0_O)        0.090     3.437 r  conv_2d_cl_array_ap_fixed_1u_array_ap_fixed_22_12_4_0_0_6u_config2_U0/grp_compute_output_buffer_2d_array_array_ap_fixed_22_12_4_0_0_6u_config2_s_fu_118/grp_dense_resource_rf_gt_nin_rem0_ap_fixed_ap_fixed_22_12_4_0_0_config2_mult_s_fu_195/mul_22s_22s_44_1_1_U28/i__carry_i_8__685/O
                         net (fo=1, unplaced)         0.020     3.457    conv_2d_cl_array_ap_fixed_1u_array_ap_fixed_22_12_4_0_0_6u_config2_U0/grp_compute_output_buffer_2d_array_array_ap_fixed_22_12_4_0_0_6u_config2_s_fu_118/grp_dense_resource_rf_gt_nin_rem0_ap_fixed_ap_fixed_22_12_4_0_0_config2_mult_s_fu_195/mul_22s_22s_44_1_1_U28/i__carry_i_8__685_n_0
                         CARRY8 (Prop_CARRY8_S[0]_CO[7])
                                                      0.199     3.656 r  conv_2d_cl_array_ap_fixed_1u_array_ap_fixed_22_12_4_0_0_6u_config2_U0/grp_compute_output_buffer_2d_array_array_ap_fixed_22_12_4_0_0_6u_config2_s_fu_118/grp_dense_resource_rf_gt_nin_rem0_ap_fixed_ap_fixed_22_12_4_0_0_config2_mult_s_fu_195/mul_22s_22s_44_1_1_U28/tmp_product_inferred__0/i__carry/CO[7]
                         net (fo=1, unplaced)         0.005     3.661    conv_2d_cl_array_ap_fixed_1u_array_ap_fixed_22_12_4_0_0_6u_config2_U0/grp_compute_output_buffer_2d_array_array_ap_fixed_22_12_4_0_0_6u_config2_s_fu_118/grp_dense_resource_rf_gt_nin_rem0_ap_fixed_ap_fixed_22_12_4_0_0_config2_mult_s_fu_195/mul_22s_22s_44_1_1_U28/tmp_product_inferred__0/i__carry_n_0
                         CARRY8 (Prop_CARRY8_CI_O[2])
                                                      0.067     3.728 r  conv_2d_cl_array_ap_fixed_1u_array_ap_fixed_22_12_4_0_0_6u_config2_U0/grp_compute_output_buffer_2d_array_array_ap_fixed_22_12_4_0_0_6u_config2_s_fu_118/grp_dense_resource_rf_gt_nin_rem0_ap_fixed_ap_fixed_22_12_4_0_0_config2_mult_s_fu_195/mul_22s_22s_44_1_1_U28/tmp_product_inferred__0/i__carry__0/O[2]
                         net (fo=1, unplaced)         0.185     3.913    conv_2d_cl_array_ap_fixed_1u_array_ap_fixed_22_12_4_0_0_6u_config2_U0/grp_compute_output_buffer_2d_array_array_ap_fixed_22_12_4_0_0_6u_config2_s_fu_118/grp_dense_resource_rf_gt_nin_rem0_ap_fixed_ap_fixed_22_12_4_0_0_config2_mult_s_fu_195/mul_22s_22s_44_1_1_U28/tmp_product0_out[10]
                         CARRY8 (Prop_CARRY8_S[1]_O[5])
                                                      0.237     4.150 r  conv_2d_cl_array_ap_fixed_1u_array_ap_fixed_22_12_4_0_0_6u_config2_U0/grp_compute_output_buffer_2d_array_array_ap_fixed_22_12_4_0_0_6u_config2_s_fu_118/grp_dense_resource_rf_gt_nin_rem0_ap_fixed_ap_fixed_22_12_4_0_0_config2_mult_s_fu_195/mul_22s_22s_44_1_1_U28/select_ln144_3_reg_2492_reg[21]_i_8/O[5]
                         net (fo=3, unplaced)         0.100     4.250    conv_2d_cl_array_ap_fixed_1u_array_ap_fixed_22_12_4_0_0_6u_config2_U0/grp_compute_output_buffer_2d_array_array_ap_fixed_22_12_4_0_0_6u_config2_s_fu_118/grp_dense_resource_rf_gt_nin_rem0_ap_fixed_ap_fixed_22_12_4_0_0_config2_mult_s_fu_195/mul_22s_22s_44_1_1_U28/tmp_6487_fu_1348_p3
                         LUT6 (Prop_LUT6_I1_O)        0.090     4.340 f  conv_2d_cl_array_ap_fixed_1u_array_ap_fixed_22_12_4_0_0_6u_config2_U0/grp_compute_output_buffer_2d_array_array_ap_fixed_22_12_4_0_0_6u_config2_s_fu_118/grp_dense_resource_rf_gt_nin_rem0_ap_fixed_ap_fixed_22_12_4_0_0_config2_mult_s_fu_195/mul_22s_22s_44_1_1_U28/select_ln144_3_reg_2492[21]_i_4/O
                         net (fo=1, unplaced)         0.186     4.526    conv_2d_cl_array_ap_fixed_1u_array_ap_fixed_22_12_4_0_0_6u_config2_U0/grp_compute_output_buffer_2d_array_array_ap_fixed_22_12_4_0_0_6u_config2_s_fu_118/grp_dense_resource_rf_gt_nin_rem0_ap_fixed_ap_fixed_22_12_4_0_0_config2_mult_s_fu_195/mul_22s_22s_44_1_1_U28/select_ln144_3_reg_2492[21]_i_4_n_0
                         LUT5 (Prop_LUT5_I0_O)        0.038     4.564 r  conv_2d_cl_array_ap_fixed_1u_array_ap_fixed_22_12_4_0_0_6u_config2_U0/grp_compute_output_buffer_2d_array_array_ap_fixed_22_12_4_0_0_6u_config2_s_fu_118/grp_dense_resource_rf_gt_nin_rem0_ap_fixed_ap_fixed_22_12_4_0_0_config2_mult_s_fu_195/mul_22s_22s_44_1_1_U28/select_ln144_3_reg_2492[21]_i_1/O
                         net (fo=45, unplaced)        0.253     4.817    conv_2d_cl_array_ap_fixed_1u_array_ap_fixed_22_12_4_0_0_6u_config2_U0/grp_compute_output_buffer_2d_array_array_ap_fixed_22_12_4_0_0_6u_config2_s_fu_118/grp_dense_resource_rf_gt_nin_rem0_ap_fixed_ap_fixed_22_12_4_0_0_config2_mult_s_fu_195/mul_22s_22s_44_1_1_U28/select_ln144_3_reg_2492
                         LUT2 (Prop_LUT2_I0_O)        0.070     4.887 r  conv_2d_cl_array_ap_fixed_1u_array_ap_fixed_22_12_4_0_0_6u_config2_U0/grp_compute_output_buffer_2d_array_array_ap_fixed_22_12_4_0_0_6u_config2_s_fu_118/grp_dense_resource_rf_gt_nin_rem0_ap_fixed_ap_fixed_22_12_4_0_0_config2_mult_s_fu_195/mul_22s_22s_44_1_1_U28/select_ln144_3_reg_2492[21]_i_2/O
                         net (fo=22, unplaced)        0.191     5.078    conv_2d_cl_array_ap_fixed_1u_array_ap_fixed_22_12_4_0_0_6u_config2_U0/grp_compute_output_buffer_2d_array_array_ap_fixed_22_12_4_0_0_6u_config2_s_fu_118/grp_dense_resource_rf_gt_nin_rem0_ap_fixed_ap_fixed_22_12_4_0_0_config2_mult_s_fu_195/mul_22s_22s_44_1_1_U28_n_56
                         FDSE                                         r  conv_2d_cl_array_ap_fixed_1u_array_ap_fixed_22_12_4_0_0_6u_config2_U0/grp_compute_output_buffer_2d_array_array_ap_fixed_22_12_4_0_0_6u_config2_s_fu_118/grp_dense_resource_rf_gt_nin_rem0_ap_fixed_ap_fixed_22_12_4_0_0_config2_mult_s_fu_195/select_ln144_3_reg_2492_reg[16]/CE
  -------------------------------------------------------------------    -------------------

                         (clock ap_clk rise edge)    10.000    10.000 r  
                                                      0.000    10.000 r  ap_clk (IN)
                         net (fo=81517, unset)        0.021    10.021    conv_2d_cl_array_ap_fixed_1u_array_ap_fixed_22_12_4_0_0_6u_config2_U0/grp_compute_output_buffer_2d_array_array_ap_fixed_22_12_4_0_0_6u_config2_s_fu_118/grp_dense_resource_rf_gt_nin_rem0_ap_fixed_ap_fixed_22_12_4_0_0_config2_mult_s_fu_195/ap_clk
                         FDSE                                         r  conv_2d_cl_array_ap_fixed_1u_array_ap_fixed_22_12_4_0_0_6u_config2_U0/grp_compute_output_buffer_2d_array_array_ap_fixed_22_12_4_0_0_6u_config2_s_fu_118/grp_dense_resource_rf_gt_nin_rem0_ap_fixed_ap_fixed_22_12_4_0_0_config2_mult_s_fu_195/select_ln144_3_reg_2492_reg[16]/C
                         clock pessimism              0.000    10.021    
                         clock uncertainty           -0.035     9.986    
                         FDSE (Setup_FDSE_C_CE)      -0.061     9.925    conv_2d_cl_array_ap_fixed_1u_array_ap_fixed_22_12_4_0_0_6u_config2_U0/grp_compute_output_buffer_2d_array_array_ap_fixed_22_12_4_0_0_6u_config2_s_fu_118/grp_dense_resource_rf_gt_nin_rem0_ap_fixed_ap_fixed_22_12_4_0_0_config2_mult_s_fu_195/select_ln144_3_reg_2492_reg[16]
  -------------------------------------------------------------------
                         required time                          9.925    
                         arrival time                          -5.078    
  -------------------------------------------------------------------
                         slack                                  4.847    

Slack (MET) :             4.847ns  (required time - arrival time)
  Source:                 conv_2d_cl_array_ap_fixed_1u_array_ap_fixed_22_12_4_0_0_6u_config2_U0/grp_compute_output_buffer_2d_array_array_ap_fixed_22_12_4_0_0_6u_config2_s_fu_118/grp_dense_resource_rf_gt_nin_rem0_ap_fixed_ap_fixed_22_12_4_0_0_config2_mult_s_fu_195/icmp_ln135_reg_2476_pp0_iter1_reg_reg[0]/C
                            (rising edge-triggered cell FDRE clocked by ap_clk  {rise@0.000ns fall@5.000ns period=10.000ns})
  Destination:            conv_2d_cl_array_ap_fixed_1u_array_ap_fixed_22_12_4_0_0_6u_config2_U0/grp_compute_output_buffer_2d_array_array_ap_fixed_22_12_4_0_0_6u_config2_s_fu_118/grp_dense_resource_rf_gt_nin_rem0_ap_fixed_ap_fixed_22_12_4_0_0_config2_mult_s_fu_195/select_ln144_3_reg_2492_reg[17]/CE
                            (rising edge-triggered cell FDSE clocked by ap_clk  {rise@0.000ns fall@5.000ns period=10.000ns})
  Path Group:             ap_clk
  Path Type:              Setup (Max at Slow Process Corner)
  Requirement:            10.000ns  (ap_clk rise@10.000ns - ap_clk rise@0.000ns)
  Data Path Delay:        5.048ns  (logic 2.676ns (53.011%)  route 2.372ns (46.989%))
  Logic Levels:           18  (CARRY8=3 DSP_A_B_DATA=1 DSP_ALU=1 DSP_M_DATA=1 DSP_MULTIPLIER=1 DSP_OUTPUT=1 DSP_PREADD_DATA=1 LUT2=1 LUT3=1 LUT4=1 LUT5=3 LUT6=3)
  Clock Path Skew:        -0.009ns (DCD - SCD + CPR)
    Destination Clock Delay (DCD):    0.021ns = ( 10.021 - 10.000 ) 
    Source Clock Delay      (SCD):    0.030ns
    Clock Pessimism Removal (CPR):    0.000ns
  Clock Uncertainty:      0.035ns  ((TSJ^2 + TIJ^2)^1/2 + DJ) / 2 + PE
    Total System Jitter     (TSJ):    0.071ns
    Total Input Jitter      (TIJ):    0.000ns
    Discrete Jitter          (DJ):    0.000ns
    Phase Error              (PE):    0.000ns

    Location             Delay type                Incr(ns)  Path(ns)    Netlist Resource(s)
  -------------------------------------------------------------------    -------------------
                         (clock ap_clk rise edge)     0.000     0.000 r  
                                                      0.000     0.000 r  ap_clk (IN)
                         net (fo=81517, unset)        0.030     0.030    conv_2d_cl_array_ap_fixed_1u_array_ap_fixed_22_12_4_0_0_6u_config2_U0/grp_compute_output_buffer_2d_array_array_ap_fixed_22_12_4_0_0_6u_config2_s_fu_118/grp_dense_resource_rf_gt_nin_rem0_ap_fixed_ap_fixed_22_12_4_0_0_config2_mult_s_fu_195/ap_clk
                         FDRE                                         r  conv_2d_cl_array_ap_fixed_1u_array_ap_fixed_22_12_4_0_0_6u_config2_U0/grp_compute_output_buffer_2d_array_array_ap_fixed_22_12_4_0_0_6u_config2_s_fu_118/grp_dense_resource_rf_gt_nin_rem0_ap_fixed_ap_fixed_22_12_4_0_0_config2_mult_s_fu_195/icmp_ln135_reg_2476_pp0_iter1_reg_reg[0]/C
  -------------------------------------------------------------------    -------------------
                         FDRE (Prop_FDRE_C_Q)         0.077     0.107 f  conv_2d_cl_array_ap_fixed_1u_array_ap_fixed_22_12_4_0_0_6u_config2_U0/grp_compute_output_buffer_2d_array_array_ap_fixed_22_12_4_0_0_6u_config2_s_fu_118/grp_dense_resource_rf_gt_nin_rem0_ap_fixed_ap_fixed_22_12_4_0_0_config2_mult_s_fu_195/icmp_ln135_reg_2476_pp0_iter1_reg_reg[0]/Q
                         net (fo=47, unplaced)        0.159     0.266    conv_2d_cl_array_ap_fixed_1u_array_ap_fixed_22_12_4_0_0_6u_config2_U0/grp_compute_output_buffer_2d_array_array_ap_fixed_22_12_4_0_0_6u_config2_s_fu_118/grp_dense_resource_rf_gt_nin_rem0_ap_fixed_ap_fixed_22_12_4_0_0_config2_mult_s_fu_195/mul_22s_22s_44_1_1_U28/icmp_ln135_reg_2476_pp0_iter1_reg
                         LUT4 (Prop_LUT4_I1_O)        0.090     0.356 r  conv_2d_cl_array_ap_fixed_1u_array_ap_fixed_22_12_4_0_0_6u_config2_U0/grp_compute_output_buffer_2d_array_array_ap_fixed_22_12_4_0_0_6u_config2_s_fu_118/grp_dense_resource_rf_gt_nin_rem0_ap_fixed_ap_fixed_22_12_4_0_0_config2_mult_s_fu_195/mul_22s_22s_44_1_1_U28/tmp_product_i_27__8/O
                         net (fo=26, unplaced)        0.241     0.597    conv_2d_cl_array_ap_fixed_1u_array_ap_fixed_22_12_4_0_0_6u_config2_U0/grp_compute_output_buffer_2d_array_array_ap_fixed_22_12_4_0_0_6u_config2_s_fu_118/grp_dense_resource_rf_gt_nin_rem0_ap_fixed_ap_fixed_22_12_4_0_0_config2_mult_s_fu_195/mul_22s_22s_44_1_1_U28/tmp_product_i_27__8_n_0
                         LUT5 (Prop_LUT5_I4_O)        0.038     0.635 r  conv_2d_cl_array_ap_fixed_1u_array_ap_fixed_22_12_4_0_0_6u_config2_U0/grp_compute_output_buffer_2d_array_array_ap_fixed_22_12_4_0_0_6u_config2_s_fu_118/grp_dense_resource_rf_gt_nin_rem0_ap_fixed_ap_fixed_22_12_4_0_0_config2_mult_s_fu_195/mul_22s_22s_44_1_1_U28/tmp_product_i_143__8/O
                         net (fo=23, unplaced)        0.238     0.873    conv_2d_cl_array_ap_fixed_1u_array_ap_fixed_22_12_4_0_0_6u_config2_U0/grp_compute_output_buffer_2d_array_array_ap_fixed_22_12_4_0_0_6u_config2_s_fu_118/grp_dense_resource_rf_gt_nin_rem0_ap_fixed_ap_fixed_22_12_4_0_0_config2_mult_s_fu_195/mul_22s_22s_44_1_1_U28/tmp_product_i_143__8_n_0
                         LUT5 (Prop_LUT5_I4_O)        0.038     0.911 r  conv_2d_cl_array_ap_fixed_1u_array_ap_fixed_22_12_4_0_0_6u_config2_U0/grp_compute_output_buffer_2d_array_array_ap_fixed_22_12_4_0_0_6u_config2_s_fu_118/grp_dense_resource_rf_gt_nin_rem0_ap_fixed_ap_fixed_22_12_4_0_0_config2_mult_s_fu_195/mul_22s_22s_44_1_1_U28/tmp_product_i_65__8/O
                         net (fo=22, unplaced)        0.237     1.148    conv_2d_cl_array_ap_fixed_1u_array_ap_fixed_22_12_4_0_0_6u_config2_U0/grp_compute_output_buffer_2d_array_array_ap_fixed_22_12_4_0_0_6u_config2_s_fu_118/grp_dense_resource_rf_gt_nin_rem0_ap_fixed_ap_fixed_22_12_4_0_0_config2_mult_s_fu_195/mul_22s_22s_44_1_1_U28/tmp_product_i_65__8_n_0
                         LUT6 (Prop_LUT6_I2_O)        0.038     1.186 f  conv_2d_cl_array_ap_fixed_1u_array_ap_fixed_22_12_4_0_0_6u_config2_U0/grp_compute_output_buffer_2d_array_array_ap_fixed_22_12_4_0_0_6u_config2_s_fu_118/grp_dense_resource_rf_gt_nin_rem0_ap_fixed_ap_fixed_22_12_4_0_0_config2_mult_s_fu_195/mul_22s_22s_44_1_1_U28/tmp_product_i_109__8/O
                         net (fo=1, unplaced)         0.140     1.326    conv_2d_cl_array_ap_fixed_1u_array_ap_fixed_22_12_4_0_0_6u_config2_U0/grp_compute_output_buffer_2d_array_array_ap_fixed_22_12_4_0_0_6u_config2_s_fu_118/grp_dense_resource_rf_gt_nin_rem0_ap_fixed_ap_fixed_22_12_4_0_0_config2_mult_s_fu_195/mul_22s_22s_44_1_1_U28/tmp_product_i_109__8_n_0
                         LUT6 (Prop_LUT6_I0_O)        0.090     1.416 f  conv_2d_cl_array_ap_fixed_1u_array_ap_fixed_22_12_4_0_0_6u_config2_U0/grp_compute_output_buffer_2d_array_array_ap_fixed_22_12_4_0_0_6u_config2_s_fu_118/grp_dense_resource_rf_gt_nin_rem0_ap_fixed_ap_fixed_22_12_4_0_0_config2_mult_s_fu_195/mul_22s_22s_44_1_1_U28/tmp_product_i_42__8/O
                         net (fo=8, unplaced)         0.256     1.672    conv_2d_cl_array_ap_fixed_1u_array_ap_fixed_22_12_4_0_0_6u_config2_U0/grp_compute_output_buffer_2d_array_array_ap_fixed_22_12_4_0_0_6u_config2_s_fu_118/grp_dense_resource_rf_gt_nin_rem0_ap_fixed_ap_fixed_22_12_4_0_0_config2_mult_s_fu_195/mul_22s_22s_44_1_1_U28/tmp_product/A[8]
                         DSP_A_B_DATA (Prop_DSP_A_B_DATA_A[8]_A2_DATA[8])
                                                      0.192     1.864 r  conv_2d_cl_array_ap_fixed_1u_array_ap_fixed_22_12_4_0_0_6u_config2_U0/grp_compute_output_buffer_2d_array_array_ap_fixed_22_12_4_0_0_6u_config2_s_fu_118/grp_dense_resource_rf_gt_nin_rem0_ap_fixed_ap_fixed_22_12_4_0_0_config2_mult_s_fu_195/mul_22s_22s_44_1_1_U28/tmp_product/DSP_A_B_DATA_INST/A2_DATA[8]
                         net (fo=1, unplaced)         0.000     1.864    conv_2d_cl_array_ap_fixed_1u_array_ap_fixed_22_12_4_0_0_6u_config2_U0/grp_compute_output_buffer_2d_array_array_ap_fixed_22_12_4_0_0_6u_config2_s_fu_118/grp_dense_resource_rf_gt_nin_rem0_ap_fixed_ap_fixed_22_12_4_0_0_config2_mult_s_fu_195/mul_22s_22s_44_1_1_U28/tmp_product/DSP_A_B_DATA.A2_DATA<8>
                         DSP_PREADD_DATA (Prop_DSP_PREADD_DATA_A2_DATA[8]_A2A1[8])
                                                      0.076     1.940 r  conv_2d_cl_array_ap_fixed_1u_array_ap_fixed_22_12_4_0_0_6u_config2_U0/grp_compute_output_buffer_2d_array_array_ap_fixed_22_12_4_0_0_6u_config2_s_fu_118/grp_dense_resource_rf_gt_nin_rem0_ap_fixed_ap_fixed_22_12_4_0_0_config2_mult_s_fu_195/mul_22s_22s_44_1_1_U28/tmp_product/DSP_PREADD_DATA_INST/A2A1[8]
                         net (fo=1, unplaced)         0.000     1.940    conv_2d_cl_array_ap_fixed_1u_array_ap_fixed_22_12_4_0_0_6u_config2_U0/grp_compute_output_buffer_2d_array_array_ap_fixed_22_12_4_0_0_6u_config2_s_fu_118/grp_dense_resource_rf_gt_nin_rem0_ap_fixed_ap_fixed_22_12_4_0_0_config2_mult_s_fu_195/mul_22s_22s_44_1_1_U28/tmp_product/DSP_PREADD_DATA.A2A1<8>
                         DSP_MULTIPLIER (Prop_DSP_MULTIPLIER_A2A1[8]_U[17])
                                                      0.505     2.445 f  conv_2d_cl_array_ap_fixed_1u_array_ap_fixed_22_12_4_0_0_6u_config2_U0/grp_compute_output_buffer_2d_array_array_ap_fixed_22_12_4_0_0_6u_config2_s_fu_118/grp_dense_resource_rf_gt_nin_rem0_ap_fixed_ap_fixed_22_12_4_0_0_config2_mult_s_fu_195/mul_22s_22s_44_1_1_U28/tmp_product/DSP_MULTIPLIER_INST/U[17]
                         net (fo=1, unplaced)         0.000     2.445    conv_2d_cl_array_ap_fixed_1u_array_ap_fixed_22_12_4_0_0_6u_config2_U0/grp_compute_output_buffer_2d_array_array_ap_fixed_22_12_4_0_0_6u_config2_s_fu_118/grp_dense_resource_rf_gt_nin_rem0_ap_fixed_ap_fixed_22_12_4_0_0_config2_mult_s_fu_195/mul_22s_22s_44_1_1_U28/tmp_product/DSP_MULTIPLIER.U<17>
                         DSP_M_DATA (Prop_DSP_M_DATA_U[17]_U_DATA[17])
                                                      0.047     2.492 r  conv_2d_cl_array_ap_fixed_1u_array_ap_fixed_22_12_4_0_0_6u_config2_U0/grp_compute_output_buffer_2d_array_array_ap_fixed_22_12_4_0_0_6u_config2_s_fu_118/grp_dense_resource_rf_gt_nin_rem0_ap_fixed_ap_fixed_22_12_4_0_0_config2_mult_s_fu_195/mul_22s_22s_44_1_1_U28/tmp_product/DSP_M_DATA_INST/U_DATA[17]
                         net (fo=1, unplaced)         0.000     2.492    conv_2d_cl_array_ap_fixed_1u_array_ap_fixed_22_12_4_0_0_6u_config2_U0/grp_compute_output_buffer_2d_array_array_ap_fixed_22_12_4_0_0_6u_config2_s_fu_118/grp_dense_resource_rf_gt_nin_rem0_ap_fixed_ap_fixed_22_12_4_0_0_config2_mult_s_fu_195/mul_22s_22s_44_1_1_U28/tmp_product/DSP_M_DATA.U_DATA<17>
                         DSP_ALU (Prop_DSP_ALU_U_DATA[17]_ALU_OUT[17])
                                                      0.585     3.077 f  conv_2d_cl_array_ap_fixed_1u_array_ap_fixed_22_12_4_0_0_6u_config2_U0/grp_compute_output_buffer_2d_array_array_ap_fixed_22_12_4_0_0_6u_config2_s_fu_118/grp_dense_resource_rf_gt_nin_rem0_ap_fixed_ap_fixed_22_12_4_0_0_config2_mult_s_fu_195/mul_22s_22s_44_1_1_U28/tmp_product/DSP_ALU_INST/ALU_OUT[17]
                         net (fo=1, unplaced)         0.000     3.077    conv_2d_cl_array_ap_fixed_1u_array_ap_fixed_22_12_4_0_0_6u_config2_U0/grp_compute_output_buffer_2d_array_array_ap_fixed_22_12_4_0_0_6u_config2_s_fu_118/grp_dense_resource_rf_gt_nin_rem0_ap_fixed_ap_fixed_22_12_4_0_0_config2_mult_s_fu_195/mul_22s_22s_44_1_1_U28/tmp_product/DSP_ALU.ALU_OUT<17>
                         DSP_OUTPUT (Prop_DSP_OUTPUT_ALU_OUT[17]_P[17])
                                                      0.109     3.186 r  conv_2d_cl_array_ap_fixed_1u_array_ap_fixed_22_12_4_0_0_6u_config2_U0/grp_compute_output_buffer_2d_array_array_ap_fixed_22_12_4_0_0_6u_config2_s_fu_118/grp_dense_resource_rf_gt_nin_rem0_ap_fixed_ap_fixed_22_12_4_0_0_config2_mult_s_fu_195/mul_22s_22s_44_1_1_U28/tmp_product/DSP_OUTPUT_INST/P[17]
                         net (fo=2, unplaced)         0.161     3.347    conv_2d_cl_array_ap_fixed_1u_array_ap_fixed_22_12_4_0_0_6u_config2_U0/grp_compute_output_buffer_2d_array_array_ap_fixed_22_12_4_0_0_6u_config2_s_fu_118/grp_dense_resource_rf_gt_nin_rem0_ap_fixed_ap_fixed_22_12_4_0_0_config2_mult_s_fu_195/mul_22s_22s_44_1_1_U28/tmp_product_n_88
                         LUT3 (Prop_LUT3_I0_O)        0.090     3.437 r  conv_2d_cl_array_ap_fixed_1u_array_ap_fixed_22_12_4_0_0_6u_config2_U0/grp_compute_output_buffer_2d_array_array_ap_fixed_22_12_4_0_0_6u_config2_s_fu_118/grp_dense_resource_rf_gt_nin_rem0_ap_fixed_ap_fixed_22_12_4_0_0_config2_mult_s_fu_195/mul_22s_22s_44_1_1_U28/i__carry_i_8__685/O
                         net (fo=1, unplaced)         0.020     3.457    conv_2d_cl_array_ap_fixed_1u_array_ap_fixed_22_12_4_0_0_6u_config2_U0/grp_compute_output_buffer_2d_array_array_ap_fixed_22_12_4_0_0_6u_config2_s_fu_118/grp_dense_resource_rf_gt_nin_rem0_ap_fixed_ap_fixed_22_12_4_0_0_config2_mult_s_fu_195/mul_22s_22s_44_1_1_U28/i__carry_i_8__685_n_0
                         CARRY8 (Prop_CARRY8_S[0]_CO[7])
                                                      0.199     3.656 r  conv_2d_cl_array_ap_fixed_1u_array_ap_fixed_22_12_4_0_0_6u_config2_U0/grp_compute_output_buffer_2d_array_array_ap_fixed_22_12_4_0_0_6u_config2_s_fu_118/grp_dense_resource_rf_gt_nin_rem0_ap_fixed_ap_fixed_22_12_4_0_0_config2_mult_s_fu_195/mul_22s_22s_44_1_1_U28/tmp_product_inferred__0/i__carry/CO[7]
                         net (fo=1, unplaced)         0.005     3.661    conv_2d_cl_array_ap_fixed_1u_array_ap_fixed_22_12_4_0_0_6u_config2_U0/grp_compute_output_buffer_2d_array_array_ap_fixed_22_12_4_0_0_6u_config2_s_fu_118/grp_dense_resource_rf_gt_nin_rem0_ap_fixed_ap_fixed_22_12_4_0_0_config2_mult_s_fu_195/mul_22s_22s_44_1_1_U28/tmp_product_inferred__0/i__carry_n_0
                         CARRY8 (Prop_CARRY8_CI_O[2])
                                                      0.067     3.728 r  conv_2d_cl_array_ap_fixed_1u_array_ap_fixed_22_12_4_0_0_6u_config2_U0/grp_compute_output_buffer_2d_array_array_ap_fixed_22_12_4_0_0_6u_config2_s_fu_118/grp_dense_resource_rf_gt_nin_rem0_ap_fixed_ap_fixed_22_12_4_0_0_config2_mult_s_fu_195/mul_22s_22s_44_1_1_U28/tmp_product_inferred__0/i__carry__0/O[2]
                         net (fo=1, unplaced)         0.185     3.913    conv_2d_cl_array_ap_fixed_1u_array_ap_fixed_22_12_4_0_0_6u_config2_U0/grp_compute_output_buffer_2d_array_array_ap_fixed_22_12_4_0_0_6u_config2_s_fu_118/grp_dense_resource_rf_gt_nin_rem0_ap_fixed_ap_fixed_22_12_4_0_0_config2_mult_s_fu_195/mul_22s_22s_44_1_1_U28/tmp_product0_out[10]
                         CARRY8 (Prop_CARRY8_S[1]_O[5])
                                                      0.237     4.150 r  conv_2d_cl_array_ap_fixed_1u_array_ap_fixed_22_12_4_0_0_6u_config2_U0/grp_compute_output_buffer_2d_array_array_ap_fixed_22_12_4_0_0_6u_config2_s_fu_118/grp_dense_resource_rf_gt_nin_rem0_ap_fixed_ap_fixed_22_12_4_0_0_config2_mult_s_fu_195/mul_22s_22s_44_1_1_U28/select_ln144_3_reg_2492_reg[21]_i_8/O[5]
                         net (fo=3, unplaced)         0.100     4.250    conv_2d_cl_array_ap_fixed_1u_array_ap_fixed_22_12_4_0_0_6u_config2_U0/grp_compute_output_buffer_2d_array_array_ap_fixed_22_12_4_0_0_6u_config2_s_fu_118/grp_dense_resource_rf_gt_nin_rem0_ap_fixed_ap_fixed_22_12_4_0_0_config2_mult_s_fu_195/mul_22s_22s_44_1_1_U28/tmp_6487_fu_1348_p3
                         LUT6 (Prop_LUT6_I1_O)        0.090     4.340 f  conv_2d_cl_array_ap_fixed_1u_array_ap_fixed_22_12_4_0_0_6u_config2_U0/grp_compute_output_buffer_2d_array_array_ap_fixed_22_12_4_0_0_6u_config2_s_fu_118/grp_dense_resource_rf_gt_nin_rem0_ap_fixed_ap_fixed_22_12_4_0_0_config2_mult_s_fu_195/mul_22s_22s_44_1_1_U28/select_ln144_3_reg_2492[21]_i_4/O
                         net (fo=1, unplaced)         0.186     4.526    conv_2d_cl_array_ap_fixed_1u_array_ap_fixed_22_12_4_0_0_6u_config2_U0/grp_compute_output_buffer_2d_array_array_ap_fixed_22_12_4_0_0_6u_config2_s_fu_118/grp_dense_resource_rf_gt_nin_rem0_ap_fixed_ap_fixed_22_12_4_0_0_config2_mult_s_fu_195/mul_22s_22s_44_1_1_U28/select_ln144_3_reg_2492[21]_i_4_n_0
                         LUT5 (Prop_LUT5_I0_O)        0.038     4.564 r  conv_2d_cl_array_ap_fixed_1u_array_ap_fixed_22_12_4_0_0_6u_config2_U0/grp_compute_output_buffer_2d_array_array_ap_fixed_22_12_4_0_0_6u_config2_s_fu_118/grp_dense_resource_rf_gt_nin_rem0_ap_fixed_ap_fixed_22_12_4_0_0_config2_mult_s_fu_195/mul_22s_22s_44_1_1_U28/select_ln144_3_reg_2492[21]_i_1/O
                         net (fo=45, unplaced)        0.253     4.817    conv_2d_cl_array_ap_fixed_1u_array_ap_fixed_22_12_4_0_0_6u_config2_U0/grp_compute_output_buffer_2d_array_array_ap_fixed_22_12_4_0_0_6u_config2_s_fu_118/grp_dense_resource_rf_gt_nin_rem0_ap_fixed_ap_fixed_22_12_4_0_0_config2_mult_s_fu_195/mul_22s_22s_44_1_1_U28/select_ln144_3_reg_2492
                         LUT2 (Prop_LUT2_I0_O)        0.070     4.887 r  conv_2d_cl_array_ap_fixed_1u_array_ap_fixed_22_12_4_0_0_6u_config2_U0/grp_compute_output_buffer_2d_array_array_ap_fixed_22_12_4_0_0_6u_config2_s_fu_118/grp_dense_resource_rf_gt_nin_rem0_ap_fixed_ap_fixed_22_12_4_0_0_config2_mult_s_fu_195/mul_22s_22s_44_1_1_U28/select_ln144_3_reg_2492[21]_i_2/O
                         net (fo=22, unplaced)        0.191     5.078    conv_2d_cl_array_ap_fixed_1u_array_ap_fixed_22_12_4_0_0_6u_config2_U0/grp_compute_output_buffer_2d_array_array_ap_fixed_22_12_4_0_0_6u_config2_s_fu_118/grp_dense_resource_rf_gt_nin_rem0_ap_fixed_ap_fixed_22_12_4_0_0_config2_mult_s_fu_195/mul_22s_22s_44_1_1_U28_n_56
                         FDSE                                         r  conv_2d_cl_array_ap_fixed_1u_array_ap_fixed_22_12_4_0_0_6u_config2_U0/grp_compute_output_buffer_2d_array_array_ap_fixed_22_12_4_0_0_6u_config2_s_fu_118/grp_dense_resource_rf_gt_nin_rem0_ap_fixed_ap_fixed_22_12_4_0_0_config2_mult_s_fu_195/select_ln144_3_reg_2492_reg[17]/CE
  -------------------------------------------------------------------    -------------------

                         (clock ap_clk rise edge)    10.000    10.000 r  
                                                      0.000    10.000 r  ap_clk (IN)
                         net (fo=81517, unset)        0.021    10.021    conv_2d_cl_array_ap_fixed_1u_array_ap_fixed_22_12_4_0_0_6u_config2_U0/grp_compute_output_buffer_2d_array_array_ap_fixed_22_12_4_0_0_6u_config2_s_fu_118/grp_dense_resource_rf_gt_nin_rem0_ap_fixed_ap_fixed_22_12_4_0_0_config2_mult_s_fu_195/ap_clk
                         FDSE                                         r  conv_2d_cl_array_ap_fixed_1u_array_ap_fixed_22_12_4_0_0_6u_config2_U0/grp_compute_output_buffer_2d_array_array_ap_fixed_22_12_4_0_0_6u_config2_s_fu_118/grp_dense_resource_rf_gt_nin_rem0_ap_fixed_ap_fixed_22_12_4_0_0_config2_mult_s_fu_195/select_ln144_3_reg_2492_reg[17]/C
                         clock pessimism              0.000    10.021    
                         clock uncertainty           -0.035     9.986    
                         FDSE (Setup_FDSE_C_CE)      -0.061     9.925    conv_2d_cl_array_ap_fixed_1u_array_ap_fixed_22_12_4_0_0_6u_config2_U0/grp_compute_output_buffer_2d_array_array_ap_fixed_22_12_4_0_0_6u_config2_s_fu_118/grp_dense_resource_rf_gt_nin_rem0_ap_fixed_ap_fixed_22_12_4_0_0_config2_mult_s_fu_195/select_ln144_3_reg_2492_reg[17]
  -------------------------------------------------------------------
                         required time                          9.925    
                         arrival time                          -5.078    
  -------------------------------------------------------------------
                         slack                                  4.847    

Slack (MET) :             4.847ns  (required time - arrival time)
  Source:                 conv_2d_cl_array_ap_fixed_1u_array_ap_fixed_22_12_4_0_0_6u_config2_U0/grp_compute_output_buffer_2d_array_array_ap_fixed_22_12_4_0_0_6u_config2_s_fu_118/grp_dense_resource_rf_gt_nin_rem0_ap_fixed_ap_fixed_22_12_4_0_0_config2_mult_s_fu_195/icmp_ln135_reg_2476_pp0_iter1_reg_reg[0]/C
                            (rising edge-triggered cell FDRE clocked by ap_clk  {rise@0.000ns fall@5.000ns period=10.000ns})
  Destination:            conv_2d_cl_array_ap_fixed_1u_array_ap_fixed_22_12_4_0_0_6u_config2_U0/grp_compute_output_buffer_2d_array_array_ap_fixed_22_12_4_0_0_6u_config2_s_fu_118/grp_dense_resource_rf_gt_nin_rem0_ap_fixed_ap_fixed_22_12_4_0_0_config2_mult_s_fu_195/select_ln144_3_reg_2492_reg[18]/CE
                            (rising edge-triggered cell FDSE clocked by ap_clk  {rise@0.000ns fall@5.000ns period=10.000ns})
  Path Group:             ap_clk
  Path Type:              Setup (Max at Slow Process Corner)
  Requirement:            10.000ns  (ap_clk rise@10.000ns - ap_clk rise@0.000ns)
  Data Path Delay:        5.048ns  (logic 2.676ns (53.011%)  route 2.372ns (46.989%))
  Logic Levels:           18  (CARRY8=3 DSP_A_B_DATA=1 DSP_ALU=1 DSP_M_DATA=1 DSP_MULTIPLIER=1 DSP_OUTPUT=1 DSP_PREADD_DATA=1 LUT2=1 LUT3=1 LUT4=1 LUT5=3 LUT6=3)
  Clock Path Skew:        -0.009ns (DCD - SCD + CPR)
    Destination Clock Delay (DCD):    0.021ns = ( 10.021 - 10.000 ) 
    Source Clock Delay      (SCD):    0.030ns
    Clock Pessimism Removal (CPR):    0.000ns
  Clock Uncertainty:      0.035ns  ((TSJ^2 + TIJ^2)^1/2 + DJ) / 2 + PE
    Total System Jitter     (TSJ):    0.071ns
    Total Input Jitter      (TIJ):    0.000ns
    Discrete Jitter          (DJ):    0.000ns
    Phase Error              (PE):    0.000ns

    Location             Delay type                Incr(ns)  Path(ns)    Netlist Resource(s)
  -------------------------------------------------------------------    -------------------
                         (clock ap_clk rise edge)     0.000     0.000 r  
                                                      0.000     0.000 r  ap_clk (IN)
                         net (fo=81517, unset)        0.030     0.030    conv_2d_cl_array_ap_fixed_1u_array_ap_fixed_22_12_4_0_0_6u_config2_U0/grp_compute_output_buffer_2d_array_array_ap_fixed_22_12_4_0_0_6u_config2_s_fu_118/grp_dense_resource_rf_gt_nin_rem0_ap_fixed_ap_fixed_22_12_4_0_0_config2_mult_s_fu_195/ap_clk
                         FDRE                                         r  conv_2d_cl_array_ap_fixed_1u_array_ap_fixed_22_12_4_0_0_6u_config2_U0/grp_compute_output_buffer_2d_array_array_ap_fixed_22_12_4_0_0_6u_config2_s_fu_118/grp_dense_resource_rf_gt_nin_rem0_ap_fixed_ap_fixed_22_12_4_0_0_config2_mult_s_fu_195/icmp_ln135_reg_2476_pp0_iter1_reg_reg[0]/C
  -------------------------------------------------------------------    -------------------
                         FDRE (Prop_FDRE_C_Q)         0.077     0.107 f  conv_2d_cl_array_ap_fixed_1u_array_ap_fixed_22_12_4_0_0_6u_config2_U0/grp_compute_output_buffer_2d_array_array_ap_fixed_22_12_4_0_0_6u_config2_s_fu_118/grp_dense_resource_rf_gt_nin_rem0_ap_fixed_ap_fixed_22_12_4_0_0_config2_mult_s_fu_195/icmp_ln135_reg_2476_pp0_iter1_reg_reg[0]/Q
                         net (fo=47, unplaced)        0.159     0.266    conv_2d_cl_array_ap_fixed_1u_array_ap_fixed_22_12_4_0_0_6u_config2_U0/grp_compute_output_buffer_2d_array_array_ap_fixed_22_12_4_0_0_6u_config2_s_fu_118/grp_dense_resource_rf_gt_nin_rem0_ap_fixed_ap_fixed_22_12_4_0_0_config2_mult_s_fu_195/mul_22s_22s_44_1_1_U28/icmp_ln135_reg_2476_pp0_iter1_reg
                         LUT4 (Prop_LUT4_I1_O)        0.090     0.356 r  conv_2d_cl_array_ap_fixed_1u_array_ap_fixed_22_12_4_0_0_6u_config2_U0/grp_compute_output_buffer_2d_array_array_ap_fixed_22_12_4_0_0_6u_config2_s_fu_118/grp_dense_resource_rf_gt_nin_rem0_ap_fixed_ap_fixed_22_12_4_0_0_config2_mult_s_fu_195/mul_22s_22s_44_1_1_U28/tmp_product_i_27__8/O
                         net (fo=26, unplaced)        0.241     0.597    conv_2d_cl_array_ap_fixed_1u_array_ap_fixed_22_12_4_0_0_6u_config2_U0/grp_compute_output_buffer_2d_array_array_ap_fixed_22_12_4_0_0_6u_config2_s_fu_118/grp_dense_resource_rf_gt_nin_rem0_ap_fixed_ap_fixed_22_12_4_0_0_config2_mult_s_fu_195/mul_22s_22s_44_1_1_U28/tmp_product_i_27__8_n_0
                         LUT5 (Prop_LUT5_I4_O)        0.038     0.635 r  conv_2d_cl_array_ap_fixed_1u_array_ap_fixed_22_12_4_0_0_6u_config2_U0/grp_compute_output_buffer_2d_array_array_ap_fixed_22_12_4_0_0_6u_config2_s_fu_118/grp_dense_resource_rf_gt_nin_rem0_ap_fixed_ap_fixed_22_12_4_0_0_config2_mult_s_fu_195/mul_22s_22s_44_1_1_U28/tmp_product_i_143__8/O
                         net (fo=23, unplaced)        0.238     0.873    conv_2d_cl_array_ap_fixed_1u_array_ap_fixed_22_12_4_0_0_6u_config2_U0/grp_compute_output_buffer_2d_array_array_ap_fixed_22_12_4_0_0_6u_config2_s_fu_118/grp_dense_resource_rf_gt_nin_rem0_ap_fixed_ap_fixed_22_12_4_0_0_config2_mult_s_fu_195/mul_22s_22s_44_1_1_U28/tmp_product_i_143__8_n_0
                         LUT5 (Prop_LUT5_I4_O)        0.038     0.911 r  conv_2d_cl_array_ap_fixed_1u_array_ap_fixed_22_12_4_0_0_6u_config2_U0/grp_compute_output_buffer_2d_array_array_ap_fixed_22_12_4_0_0_6u_config2_s_fu_118/grp_dense_resource_rf_gt_nin_rem0_ap_fixed_ap_fixed_22_12_4_0_0_config2_mult_s_fu_195/mul_22s_22s_44_1_1_U28/tmp_product_i_65__8/O
                         net (fo=22, unplaced)        0.237     1.148    conv_2d_cl_array_ap_fixed_1u_array_ap_fixed_22_12_4_0_0_6u_config2_U0/grp_compute_output_buffer_2d_array_array_ap_fixed_22_12_4_0_0_6u_config2_s_fu_118/grp_dense_resource_rf_gt_nin_rem0_ap_fixed_ap_fixed_22_12_4_0_0_config2_mult_s_fu_195/mul_22s_22s_44_1_1_U28/tmp_product_i_65__8_n_0
                         LUT6 (Prop_LUT6_I2_O)        0.038     1.186 f  conv_2d_cl_array_ap_fixed_1u_array_ap_fixed_22_12_4_0_0_6u_config2_U0/grp_compute_output_buffer_2d_array_array_ap_fixed_22_12_4_0_0_6u_config2_s_fu_118/grp_dense_resource_rf_gt_nin_rem0_ap_fixed_ap_fixed_22_12_4_0_0_config2_mult_s_fu_195/mul_22s_22s_44_1_1_U28/tmp_product_i_109__8/O
                         net (fo=1, unplaced)         0.140     1.326    conv_2d_cl_array_ap_fixed_1u_array_ap_fixed_22_12_4_0_0_6u_config2_U0/grp_compute_output_buffer_2d_array_array_ap_fixed_22_12_4_0_0_6u_config2_s_fu_118/grp_dense_resource_rf_gt_nin_rem0_ap_fixed_ap_fixed_22_12_4_0_0_config2_mult_s_fu_195/mul_22s_22s_44_1_1_U28/tmp_product_i_109__8_n_0
                         LUT6 (Prop_LUT6_I0_O)        0.090     1.416 f  conv_2d_cl_array_ap_fixed_1u_array_ap_fixed_22_12_4_0_0_6u_config2_U0/grp_compute_output_buffer_2d_array_array_ap_fixed_22_12_4_0_0_6u_config2_s_fu_118/grp_dense_resource_rf_gt_nin_rem0_ap_fixed_ap_fixed_22_12_4_0_0_config2_mult_s_fu_195/mul_22s_22s_44_1_1_U28/tmp_product_i_42__8/O
                         net (fo=8, unplaced)         0.256     1.672    conv_2d_cl_array_ap_fixed_1u_array_ap_fixed_22_12_4_0_0_6u_config2_U0/grp_compute_output_buffer_2d_array_array_ap_fixed_22_12_4_0_0_6u_config2_s_fu_118/grp_dense_resource_rf_gt_nin_rem0_ap_fixed_ap_fixed_22_12_4_0_0_config2_mult_s_fu_195/mul_22s_22s_44_1_1_U28/tmp_product/A[8]
                         DSP_A_B_DATA (Prop_DSP_A_B_DATA_A[8]_A2_DATA[8])
                                                      0.192     1.864 r  conv_2d_cl_array_ap_fixed_1u_array_ap_fixed_22_12_4_0_0_6u_config2_U0/grp_compute_output_buffer_2d_array_array_ap_fixed_22_12_4_0_0_6u_config2_s_fu_118/grp_dense_resource_rf_gt_nin_rem0_ap_fixed_ap_fixed_22_12_4_0_0_config2_mult_s_fu_195/mul_22s_22s_44_1_1_U28/tmp_product/DSP_A_B_DATA_INST/A2_DATA[8]
                         net (fo=1, unplaced)         0.000     1.864    conv_2d_cl_array_ap_fixed_1u_array_ap_fixed_22_12_4_0_0_6u_config2_U0/grp_compute_output_buffer_2d_array_array_ap_fixed_22_12_4_0_0_6u_config2_s_fu_118/grp_dense_resource_rf_gt_nin_rem0_ap_fixed_ap_fixed_22_12_4_0_0_config2_mult_s_fu_195/mul_22s_22s_44_1_1_U28/tmp_product/DSP_A_B_DATA.A2_DATA<8>
                         DSP_PREADD_DATA (Prop_DSP_PREADD_DATA_A2_DATA[8]_A2A1[8])
                                                      0.076     1.940 r  conv_2d_cl_array_ap_fixed_1u_array_ap_fixed_22_12_4_0_0_6u_config2_U0/grp_compute_output_buffer_2d_array_array_ap_fixed_22_12_4_0_0_6u_config2_s_fu_118/grp_dense_resource_rf_gt_nin_rem0_ap_fixed_ap_fixed_22_12_4_0_0_config2_mult_s_fu_195/mul_22s_22s_44_1_1_U28/tmp_product/DSP_PREADD_DATA_INST/A2A1[8]
                         net (fo=1, unplaced)         0.000     1.940    conv_2d_cl_array_ap_fixed_1u_array_ap_fixed_22_12_4_0_0_6u_config2_U0/grp_compute_output_buffer_2d_array_array_ap_fixed_22_12_4_0_0_6u_config2_s_fu_118/grp_dense_resource_rf_gt_nin_rem0_ap_fixed_ap_fixed_22_12_4_0_0_config2_mult_s_fu_195/mul_22s_22s_44_1_1_U28/tmp_product/DSP_PREADD_DATA.A2A1<8>
                         DSP_MULTIPLIER (Prop_DSP_MULTIPLIER_A2A1[8]_U[17])
                                                      0.505     2.445 f  conv_2d_cl_array_ap_fixed_1u_array_ap_fixed_22_12_4_0_0_6u_config2_U0/grp_compute_output_buffer_2d_array_array_ap_fixed_22_12_4_0_0_6u_config2_s_fu_118/grp_dense_resource_rf_gt_nin_rem0_ap_fixed_ap_fixed_22_12_4_0_0_config2_mult_s_fu_195/mul_22s_22s_44_1_1_U28/tmp_product/DSP_MULTIPLIER_INST/U[17]
                         net (fo=1, unplaced)         0.000     2.445    conv_2d_cl_array_ap_fixed_1u_array_ap_fixed_22_12_4_0_0_6u_config2_U0/grp_compute_output_buffer_2d_array_array_ap_fixed_22_12_4_0_0_6u_config2_s_fu_118/grp_dense_resource_rf_gt_nin_rem0_ap_fixed_ap_fixed_22_12_4_0_0_config2_mult_s_fu_195/mul_22s_22s_44_1_1_U28/tmp_product/DSP_MULTIPLIER.U<17>
                         DSP_M_DATA (Prop_DSP_M_DATA_U[17]_U_DATA[17])
                                                      0.047     2.492 r  conv_2d_cl_array_ap_fixed_1u_array_ap_fixed_22_12_4_0_0_6u_config2_U0/grp_compute_output_buffer_2d_array_array_ap_fixed_22_12_4_0_0_6u_config2_s_fu_118/grp_dense_resource_rf_gt_nin_rem0_ap_fixed_ap_fixed_22_12_4_0_0_config2_mult_s_fu_195/mul_22s_22s_44_1_1_U28/tmp_product/DSP_M_DATA_INST/U_DATA[17]
                         net (fo=1, unplaced)         0.000     2.492    conv_2d_cl_array_ap_fixed_1u_array_ap_fixed_22_12_4_0_0_6u_config2_U0/grp_compute_output_buffer_2d_array_array_ap_fixed_22_12_4_0_0_6u_config2_s_fu_118/grp_dense_resource_rf_gt_nin_rem0_ap_fixed_ap_fixed_22_12_4_0_0_config2_mult_s_fu_195/mul_22s_22s_44_1_1_U28/tmp_product/DSP_M_DATA.U_DATA<17>
                         DSP_ALU (Prop_DSP_ALU_U_DATA[17]_ALU_OUT[17])
                                                      0.585     3.077 f  conv_2d_cl_array_ap_fixed_1u_array_ap_fixed_22_12_4_0_0_6u_config2_U0/grp_compute_output_buffer_2d_array_array_ap_fixed_22_12_4_0_0_6u_config2_s_fu_118/grp_dense_resource_rf_gt_nin_rem0_ap_fixed_ap_fixed_22_12_4_0_0_config2_mult_s_fu_195/mul_22s_22s_44_1_1_U28/tmp_product/DSP_ALU_INST/ALU_OUT[17]
                         net (fo=1, unplaced)         0.000     3.077    conv_2d_cl_array_ap_fixed_1u_array_ap_fixed_22_12_4_0_0_6u_config2_U0/grp_compute_output_buffer_2d_array_array_ap_fixed_22_12_4_0_0_6u_config2_s_fu_118/grp_dense_resource_rf_gt_nin_rem0_ap_fixed_ap_fixed_22_12_4_0_0_config2_mult_s_fu_195/mul_22s_22s_44_1_1_U28/tmp_product/DSP_ALU.ALU_OUT<17>
                         DSP_OUTPUT (Prop_DSP_OUTPUT_ALU_OUT[17]_P[17])
                                                      0.109     3.186 r  conv_2d_cl_array_ap_fixed_1u_array_ap_fixed_22_12_4_0_0_6u_config2_U0/grp_compute_output_buffer_2d_array_array_ap_fixed_22_12_4_0_0_6u_config2_s_fu_118/grp_dense_resource_rf_gt_nin_rem0_ap_fixed_ap_fixed_22_12_4_0_0_config2_mult_s_fu_195/mul_22s_22s_44_1_1_U28/tmp_product/DSP_OUTPUT_INST/P[17]
                         net (fo=2, unplaced)         0.161     3.347    conv_2d_cl_array_ap_fixed_1u_array_ap_fixed_22_12_4_0_0_6u_config2_U0/grp_compute_output_buffer_2d_array_array_ap_fixed_22_12_4_0_0_6u_config2_s_fu_118/grp_dense_resource_rf_gt_nin_rem0_ap_fixed_ap_fixed_22_12_4_0_0_config2_mult_s_fu_195/mul_22s_22s_44_1_1_U28/tmp_product_n_88
                         LUT3 (Prop_LUT3_I0_O)        0.090     3.437 r  conv_2d_cl_array_ap_fixed_1u_array_ap_fixed_22_12_4_0_0_6u_config2_U0/grp_compute_output_buffer_2d_array_array_ap_fixed_22_12_4_0_0_6u_config2_s_fu_118/grp_dense_resource_rf_gt_nin_rem0_ap_fixed_ap_fixed_22_12_4_0_0_config2_mult_s_fu_195/mul_22s_22s_44_1_1_U28/i__carry_i_8__685/O
                         net (fo=1, unplaced)         0.020     3.457    conv_2d_cl_array_ap_fixed_1u_array_ap_fixed_22_12_4_0_0_6u_config2_U0/grp_compute_output_buffer_2d_array_array_ap_fixed_22_12_4_0_0_6u_config2_s_fu_118/grp_dense_resource_rf_gt_nin_rem0_ap_fixed_ap_fixed_22_12_4_0_0_config2_mult_s_fu_195/mul_22s_22s_44_1_1_U28/i__carry_i_8__685_n_0
                         CARRY8 (Prop_CARRY8_S[0]_CO[7])
                                                      0.199     3.656 r  conv_2d_cl_array_ap_fixed_1u_array_ap_fixed_22_12_4_0_0_6u_config2_U0/grp_compute_output_buffer_2d_array_array_ap_fixed_22_12_4_0_0_6u_config2_s_fu_118/grp_dense_resource_rf_gt_nin_rem0_ap_fixed_ap_fixed_22_12_4_0_0_config2_mult_s_fu_195/mul_22s_22s_44_1_1_U28/tmp_product_inferred__0/i__carry/CO[7]
                         net (fo=1, unplaced)         0.005     3.661    conv_2d_cl_array_ap_fixed_1u_array_ap_fixed_22_12_4_0_0_6u_config2_U0/grp_compute_output_buffer_2d_array_array_ap_fixed_22_12_4_0_0_6u_config2_s_fu_118/grp_dense_resource_rf_gt_nin_rem0_ap_fixed_ap_fixed_22_12_4_0_0_config2_mult_s_fu_195/mul_22s_22s_44_1_1_U28/tmp_product_inferred__0/i__carry_n_0
                         CARRY8 (Prop_CARRY8_CI_O[2])
                                                      0.067     3.728 r  conv_2d_cl_array_ap_fixed_1u_array_ap_fixed_22_12_4_0_0_6u_config2_U0/grp_compute_output_buffer_2d_array_array_ap_fixed_22_12_4_0_0_6u_config2_s_fu_118/grp_dense_resource_rf_gt_nin_rem0_ap_fixed_ap_fixed_22_12_4_0_0_config2_mult_s_fu_195/mul_22s_22s_44_1_1_U28/tmp_product_inferred__0/i__carry__0/O[2]
                         net (fo=1, unplaced)         0.185     3.913    conv_2d_cl_array_ap_fixed_1u_array_ap_fixed_22_12_4_0_0_6u_config2_U0/grp_compute_output_buffer_2d_array_array_ap_fixed_22_12_4_0_0_6u_config2_s_fu_118/grp_dense_resource_rf_gt_nin_rem0_ap_fixed_ap_fixed_22_12_4_0_0_config2_mult_s_fu_195/mul_22s_22s_44_1_1_U28/tmp_product0_out[10]
                         CARRY8 (Prop_CARRY8_S[1]_O[5])
                                                      0.237     4.150 r  conv_2d_cl_array_ap_fixed_1u_array_ap_fixed_22_12_4_0_0_6u_config2_U0/grp_compute_output_buffer_2d_array_array_ap_fixed_22_12_4_0_0_6u_config2_s_fu_118/grp_dense_resource_rf_gt_nin_rem0_ap_fixed_ap_fixed_22_12_4_0_0_config2_mult_s_fu_195/mul_22s_22s_44_1_1_U28/select_ln144_3_reg_2492_reg[21]_i_8/O[5]
                         net (fo=3, unplaced)         0.100     4.250    conv_2d_cl_array_ap_fixed_1u_array_ap_fixed_22_12_4_0_0_6u_config2_U0/grp_compute_output_buffer_2d_array_array_ap_fixed_22_12_4_0_0_6u_config2_s_fu_118/grp_dense_resource_rf_gt_nin_rem0_ap_fixed_ap_fixed_22_12_4_0_0_config2_mult_s_fu_195/mul_22s_22s_44_1_1_U28/tmp_6487_fu_1348_p3
                         LUT6 (Prop_LUT6_I1_O)        0.090     4.340 f  conv_2d_cl_array_ap_fixed_1u_array_ap_fixed_22_12_4_0_0_6u_config2_U0/grp_compute_output_buffer_2d_array_array_ap_fixed_22_12_4_0_0_6u_config2_s_fu_118/grp_dense_resource_rf_gt_nin_rem0_ap_fixed_ap_fixed_22_12_4_0_0_config2_mult_s_fu_195/mul_22s_22s_44_1_1_U28/select_ln144_3_reg_2492[21]_i_4/O
                         net (fo=1, unplaced)         0.186     4.526    conv_2d_cl_array_ap_fixed_1u_array_ap_fixed_22_12_4_0_0_6u_config2_U0/grp_compute_output_buffer_2d_array_array_ap_fixed_22_12_4_0_0_6u_config2_s_fu_118/grp_dense_resource_rf_gt_nin_rem0_ap_fixed_ap_fixed_22_12_4_0_0_config2_mult_s_fu_195/mul_22s_22s_44_1_1_U28/select_ln144_3_reg_2492[21]_i_4_n_0
                         LUT5 (Prop_LUT5_I0_O)        0.038     4.564 r  conv_2d_cl_array_ap_fixed_1u_array_ap_fixed_22_12_4_0_0_6u_config2_U0/grp_compute_output_buffer_2d_array_array_ap_fixed_22_12_4_0_0_6u_config2_s_fu_118/grp_dense_resource_rf_gt_nin_rem0_ap_fixed_ap_fixed_22_12_4_0_0_config2_mult_s_fu_195/mul_22s_22s_44_1_1_U28/select_ln144_3_reg_2492[21]_i_1/O
                         net (fo=45, unplaced)        0.253     4.817    conv_2d_cl_array_ap_fixed_1u_array_ap_fixed_22_12_4_0_0_6u_config2_U0/grp_compute_output_buffer_2d_array_array_ap_fixed_22_12_4_0_0_6u_config2_s_fu_118/grp_dense_resource_rf_gt_nin_rem0_ap_fixed_ap_fixed_22_12_4_0_0_config2_mult_s_fu_195/mul_22s_22s_44_1_1_U28/select_ln144_3_reg_2492
                         LUT2 (Prop_LUT2_I0_O)        0.070     4.887 r  conv_2d_cl_array_ap_fixed_1u_array_ap_fixed_22_12_4_0_0_6u_config2_U0/grp_compute_output_buffer_2d_array_array_ap_fixed_22_12_4_0_0_6u_config2_s_fu_118/grp_dense_resource_rf_gt_nin_rem0_ap_fixed_ap_fixed_22_12_4_0_0_config2_mult_s_fu_195/mul_22s_22s_44_1_1_U28/select_ln144_3_reg_2492[21]_i_2/O
                         net (fo=22, unplaced)        0.191     5.078    conv_2d_cl_array_ap_fixed_1u_array_ap_fixed_22_12_4_0_0_6u_config2_U0/grp_compute_output_buffer_2d_array_array_ap_fixed_22_12_4_0_0_6u_config2_s_fu_118/grp_dense_resource_rf_gt_nin_rem0_ap_fixed_ap_fixed_22_12_4_0_0_config2_mult_s_fu_195/mul_22s_22s_44_1_1_U28_n_56
                         FDSE                                         r  conv_2d_cl_array_ap_fixed_1u_array_ap_fixed_22_12_4_0_0_6u_config2_U0/grp_compute_output_buffer_2d_array_array_ap_fixed_22_12_4_0_0_6u_config2_s_fu_118/grp_dense_resource_rf_gt_nin_rem0_ap_fixed_ap_fixed_22_12_4_0_0_config2_mult_s_fu_195/select_ln144_3_reg_2492_reg[18]/CE
  -------------------------------------------------------------------    -------------------

                         (clock ap_clk rise edge)    10.000    10.000 r  
                                                      0.000    10.000 r  ap_clk (IN)
                         net (fo=81517, unset)        0.021    10.021    conv_2d_cl_array_ap_fixed_1u_array_ap_fixed_22_12_4_0_0_6u_config2_U0/grp_compute_output_buffer_2d_array_array_ap_fixed_22_12_4_0_0_6u_config2_s_fu_118/grp_dense_resource_rf_gt_nin_rem0_ap_fixed_ap_fixed_22_12_4_0_0_config2_mult_s_fu_195/ap_clk
                         FDSE                                         r  conv_2d_cl_array_ap_fixed_1u_array_ap_fixed_22_12_4_0_0_6u_config2_U0/grp_compute_output_buffer_2d_array_array_ap_fixed_22_12_4_0_0_6u_config2_s_fu_118/grp_dense_resource_rf_gt_nin_rem0_ap_fixed_ap_fixed_22_12_4_0_0_config2_mult_s_fu_195/select_ln144_3_reg_2492_reg[18]/C
                         clock pessimism              0.000    10.021    
                         clock uncertainty           -0.035     9.986    
                         FDSE (Setup_FDSE_C_CE)      -0.061     9.925    conv_2d_cl_array_ap_fixed_1u_array_ap_fixed_22_12_4_0_0_6u_config2_U0/grp_compute_output_buffer_2d_array_array_ap_fixed_22_12_4_0_0_6u_config2_s_fu_118/grp_dense_resource_rf_gt_nin_rem0_ap_fixed_ap_fixed_22_12_4_0_0_config2_mult_s_fu_195/select_ln144_3_reg_2492_reg[18]
  -------------------------------------------------------------------
                         required time                          9.925    
                         arrival time                          -5.078    
  -------------------------------------------------------------------
                         slack                                  4.847    





Pulse Width Checks
--------------------------------------------------------------------------------------
Clock Name:         ap_clk
Waveform(ns):       { 0.000 5.000 }
Period(ns):         10.000
Sources:            { ap_clk }

Check Type        Corner  Lib Pin             Reference Pin  Required(ns)  Actual(ns)  Slack(ns)  Location  Pin
Min Period        n/a     RAMB36E2/CLKARDCLK  n/a            1.569         10.000      8.431                layer2_out_U/U_lenet_mnist_cap64_hls_fifo_w132_d576_A_ram/mem_reg_bram_0/CLKARDCLK
Min Period        n/a     RAMB36E2/CLKARDCLK  n/a            1.569         10.000      8.431                layer2_out_U/U_lenet_mnist_cap64_hls_fifo_w132_d576_A_ram/mem_reg_bram_1/CLKARDCLK
Min Period        n/a     RAMB36E2/CLKARDCLK  n/a            1.569         10.000      8.431                layer2_out_U/U_lenet_mnist_cap64_hls_fifo_w132_d576_A_ram/mem_reg_bram_2/CLKARDCLK
Min Period        n/a     RAMB36E2/CLKARDCLK  n/a            1.569         10.000      8.431                layer2_out_U/U_lenet_mnist_cap64_hls_fifo_w132_d576_A_ram/mem_reg_bram_3/CLKARDCLK
Min Period        n/a     RAMB36E2/CLKARDCLK  n/a            1.569         10.000      8.431                layer3_out_U/U_lenet_mnist_cap64_hls_fifo_w132_d576_A_ram/mem_reg_bram_0/CLKARDCLK
Min Period        n/a     RAMB36E2/CLKARDCLK  n/a            1.569         10.000      8.431                layer3_out_U/U_lenet_mnist_cap64_hls_fifo_w132_d576_A_ram/mem_reg_bram_1/CLKARDCLK
Min Period        n/a     RAMB36E2/CLKARDCLK  n/a            1.569         10.000      8.431                layer3_out_U/U_lenet_mnist_cap64_hls_fifo_w132_d576_A_ram/mem_reg_bram_2/CLKARDCLK
Min Period        n/a     RAMB18E2/CLKARDCLK  n/a            1.569         10.000      8.431                layer3_out_U/U_lenet_mnist_cap64_hls_fifo_w132_d576_A_ram/mem_reg_bram_3/CLKARDCLK
Min Period        n/a     RAMB36E2/CLKARDCLK  n/a            1.569         10.000      8.431                layer4_out_U/U_lenet_mnist_cap64_hls_fifo_w132_d144_A_ram/mem_reg_0/CLKARDCLK
Min Period        n/a     RAMB36E2/CLKBWRCLK  n/a            1.569         10.000      8.431                layer4_out_U/U_lenet_mnist_cap64_hls_fifo_w132_d144_A_ram/mem_reg_0/CLKBWRCLK
Low Pulse Width   Slow    RAMB18E2/CLKARDCLK  n/a            0.542         5.000       4.458                conv_2d_cl_array_ap_fixed_1u_array_ap_fixed_22_12_4_0_0_6u_config2_U0/grp_compute_output_buffer_2d_array_array_ap_fixed_22_12_4_0_0_6u_config2_s_fu_118/grp_dense_resource_rf_gt_nin_rem0_ap_fixed_ap_fixed_22_12_4_0_0_config2_mult_s_fu_195/w2_U/q0_reg/CLKARDCLK
Low Pulse Width   Fast    RAMB18E2/CLKARDCLK  n/a            0.542         5.000       4.458                conv_2d_cl_array_ap_fixed_1u_array_ap_fixed_22_12_4_0_0_6u_config2_U0/grp_compute_output_buffer_2d_array_array_ap_fixed_22_12_4_0_0_6u_config2_s_fu_118/grp_dense_resource_rf_gt_nin_rem0_ap_fixed_ap_fixed_22_12_4_0_0_config2_mult_s_fu_195/w2_U/q0_reg/CLKARDCLK
Low Pulse Width   Slow    RAMB18E2/CLKBWRCLK  n/a            0.542         5.000       4.458                conv_2d_cl_array_ap_fixed_1u_array_ap_fixed_22_12_4_0_0_6u_config2_U0/grp_compute_output_buffer_2d_array_array_ap_fixed_22_12_4_0_0_6u_config2_s_fu_118/grp_dense_resource_rf_gt_nin_rem0_ap_fixed_ap_fixed_22_12_4_0_0_config2_mult_s_fu_195/w2_U/q0_reg/CLKBWRCLK
Low Pulse Width   Fast    RAMB18E2/CLKBWRCLK  n/a            0.542         5.000       4.458                conv_2d_cl_array_ap_fixed_1u_array_ap_fixed_22_12_4_0_0_6u_config2_U0/grp_compute_output_buffer_2d_array_array_ap_fixed_22_12_4_0_0_6u_config2_s_fu_118/grp_dense_resource_rf_gt_nin_rem0_ap_fixed_ap_fixed_22_12_4_0_0_config2_mult_s_fu_195/w2_U/q0_reg/CLKBWRCLK
Low Pulse Width   Slow    RAMB36E2/CLKARDCLK  n/a            0.542         5.000       4.458                conv_2d_cl_array_ap_fixed_6u_array_ap_fixed_22_12_4_0_0_16u_config5_U0/grp_compute_output_buffer_2d_array_array_ap_fixed_22_12_4_0_0_16u_config5_s_fu_424/grp_dense_resource_rf_leq_nin_ap_fixed_ap_fixed_22_12_4_0_0_config5_mult_s_fu_823/w5_U/q0_reg_0/CLKARDCLK
Low Pulse Width   Fast    RAMB36E2/CLKARDCLK  n/a            0.542         5.000       4.458                conv_2d_cl_array_ap_fixed_6u_array_ap_fixed_22_12_4_0_0_16u_config5_U0/grp_compute_output_buffer_2d_array_array_ap_fixed_22_12_4_0_0_16u_config5_s_fu_424/grp_dense_resource_rf_leq_nin_ap_fixed_ap_fixed_22_12_4_0_0_config5_mult_s_fu_823/w5_U/q0_reg_0/CLKARDCLK
Low Pulse Width   Slow    RAMB36E2/CLKBWRCLK  n/a            0.542         5.000       4.458                conv_2d_cl_array_ap_fixed_6u_array_ap_fixed_22_12_4_0_0_16u_config5_U0/grp_compute_output_buffer_2d_array_array_ap_fixed_22_12_4_0_0_16u_config5_s_fu_424/grp_dense_resource_rf_leq_nin_ap_fixed_ap_fixed_22_12_4_0_0_config5_mult_s_fu_823/w5_U/q0_reg_0/CLKBWRCLK
Low Pulse Width   Fast    RAMB36E2/CLKBWRCLK  n/a            0.542         5.000       4.458                conv_2d_cl_array_ap_fixed_6u_array_ap_fixed_22_12_4_0_0_16u_config5_U0/grp_compute_output_buffer_2d_array_array_ap_fixed_22_12_4_0_0_16u_config5_s_fu_424/grp_dense_resource_rf_leq_nin_ap_fixed_ap_fixed_22_12_4_0_0_config5_mult_s_fu_823/w5_U/q0_reg_0/CLKBWRCLK
Low Pulse Width   Slow    RAMB36E2/CLKARDCLK  n/a            0.542         5.000       4.458                conv_2d_cl_array_ap_fixed_6u_array_ap_fixed_22_12_4_0_0_16u_config5_U0/grp_compute_output_buffer_2d_array_array_ap_fixed_22_12_4_0_0_16u_config5_s_fu_424/grp_dense_resource_rf_leq_nin_ap_fixed_ap_fixed_22_12_4_0_0_config5_mult_s_fu_823/w5_U/q0_reg_1/CLKARDCLK
Low Pulse Width   Fast    RAMB36E2/CLKARDCLK  n/a            0.542         5.000       4.458                conv_2d_cl_array_ap_fixed_6u_array_ap_fixed_22_12_4_0_0_16u_config5_U0/grp_compute_output_buffer_2d_array_array_ap_fixed_22_12_4_0_0_16u_config5_s_fu_424/grp_dense_resource_rf_leq_nin_ap_fixed_ap_fixed_22_12_4_0_0_config5_mult_s_fu_823/w5_U/q0_reg_1/CLKARDCLK
High Pulse Width  Slow    RAMB18E2/CLKARDCLK  n/a            0.542         5.000       4.458                conv_2d_cl_array_ap_fixed_1u_array_ap_fixed_22_12_4_0_0_6u_config2_U0/grp_compute_output_buffer_2d_array_array_ap_fixed_22_12_4_0_0_6u_config2_s_fu_118/grp_dense_resource_rf_gt_nin_rem0_ap_fixed_ap_fixed_22_12_4_0_0_config2_mult_s_fu_195/w2_U/q0_reg/CLKARDCLK
High Pulse Width  Fast    RAMB18E2/CLKARDCLK  n/a            0.542         5.000       4.458                conv_2d_cl_array_ap_fixed_1u_array_ap_fixed_22_12_4_0_0_6u_config2_U0/grp_compute_output_buffer_2d_array_array_ap_fixed_22_12_4_0_0_6u_config2_s_fu_118/grp_dense_resource_rf_gt_nin_rem0_ap_fixed_ap_fixed_22_12_4_0_0_config2_mult_s_fu_195/w2_U/q0_reg/CLKARDCLK
High Pulse Width  Slow    RAMB18E2/CLKBWRCLK  n/a            0.542         5.000       4.458                conv_2d_cl_array_ap_fixed_1u_array_ap_fixed_22_12_4_0_0_6u_config2_U0/grp_compute_output_buffer_2d_array_array_ap_fixed_22_12_4_0_0_6u_config2_s_fu_118/grp_dense_resource_rf_gt_nin_rem0_ap_fixed_ap_fixed_22_12_4_0_0_config2_mult_s_fu_195/w2_U/q0_reg/CLKBWRCLK
High Pulse Width  Fast    RAMB18E2/CLKBWRCLK  n/a            0.542         5.000       4.458                conv_2d_cl_array_ap_fixed_1u_array_ap_fixed_22_12_4_0_0_6u_config2_U0/grp_compute_output_buffer_2d_array_array_ap_fixed_22_12_4_0_0_6u_config2_s_fu_118/grp_dense_resource_rf_gt_nin_rem0_ap_fixed_ap_fixed_22_12_4_0_0_config2_mult_s_fu_195/w2_U/q0_reg/CLKBWRCLK
High Pulse Width  Slow    RAMB36E2/CLKARDCLK  n/a            0.542         5.000       4.458                conv_2d_cl_array_ap_fixed_6u_array_ap_fixed_22_12_4_0_0_16u_config5_U0/grp_compute_output_buffer_2d_array_array_ap_fixed_22_12_4_0_0_16u_config5_s_fu_424/grp_dense_resource_rf_leq_nin_ap_fixed_ap_fixed_22_12_4_0_0_config5_mult_s_fu_823/w5_U/q0_reg_0/CLKARDCLK
High Pulse Width  Fast    RAMB36E2/CLKARDCLK  n/a            0.542         5.000       4.458                conv_2d_cl_array_ap_fixed_6u_array_ap_fixed_22_12_4_0_0_16u_config5_U0/grp_compute_output_buffer_2d_array_array_ap_fixed_22_12_4_0_0_16u_config5_s_fu_424/grp_dense_resource_rf_leq_nin_ap_fixed_ap_fixed_22_12_4_0_0_config5_mult_s_fu_823/w5_U/q0_reg_0/CLKARDCLK
High Pulse Width  Slow    RAMB36E2/CLKBWRCLK  n/a            0.542         5.000       4.458                conv_2d_cl_array_ap_fixed_6u_array_ap_fixed_22_12_4_0_0_16u_config5_U0/grp_compute_output_buffer_2d_array_array_ap_fixed_22_12_4_0_0_16u_config5_s_fu_424/grp_dense_resource_rf_leq_nin_ap_fixed_ap_fixed_22_12_4_0_0_config5_mult_s_fu_823/w5_U/q0_reg_0/CLKBWRCLK
High Pulse Width  Fast    RAMB36E2/CLKBWRCLK  n/a            0.542         5.000       4.458                conv_2d_cl_array_ap_fixed_6u_array_ap_fixed_22_12_4_0_0_16u_config5_U0/grp_compute_output_buffer_2d_array_array_ap_fixed_22_12_4_0_0_16u_config5_s_fu_424/grp_dense_resource_rf_leq_nin_ap_fixed_ap_fixed_22_12_4_0_0_config5_mult_s_fu_823/w5_U/q0_reg_0/CLKBWRCLK
High Pulse Width  Slow    RAMB36E2/CLKARDCLK  n/a            0.542         5.000       4.458                conv_2d_cl_array_ap_fixed_6u_array_ap_fixed_22_12_4_0_0_16u_config5_U0/grp_compute_output_buffer_2d_array_array_ap_fixed_22_12_4_0_0_16u_config5_s_fu_424/grp_dense_resource_rf_leq_nin_ap_fixed_ap_fixed_22_12_4_0_0_config5_mult_s_fu_823/w5_U/q0_reg_1/CLKARDCLK
High Pulse Width  Fast    RAMB36E2/CLKARDCLK  n/a            0.542         5.000       4.458                conv_2d_cl_array_ap_fixed_6u_array_ap_fixed_22_12_4_0_0_16u_config5_U0/grp_compute_output_buffer_2d_array_array_ap_fixed_22_12_4_0_0_16u_config5_s_fu_424/grp_dense_resource_rf_leq_nin_ap_fixed_ap_fixed_22_12_4_0_0_config5_mult_s_fu_823/w5_U/q0_reg_1/CLKARDCLK



--------------------------------------------------------------------------------------
Path Group:  (none)
From Clock:  
  To Clock:  

Max Delay             2 Endpoints
Min Delay             0 Endpoints
--------------------------------------------------------------------------------------


Max Delay Paths
--------------------------------------------------------------------------------------
Slack:                    inf
  Source:                 ap_start
                            (input port)
  Destination:            ap_idle
                            (output port)
  Path Group:             (none)
  Path Type:              Max at Slow Process Corner
  Data Path Delay:        0.727ns  (logic 0.214ns (29.436%)  route 0.513ns (70.564%))
  Logic Levels:           4  (LUT3=1 LUT6=3)

    Location             Delay type                Incr(ns)  Path(ns)    Netlist Resource(s)
  -------------------------------------------------------------------    -------------------
                                                      0.000     0.000 f  ap_start (IN)
                         net (fo=4, unset)            0.000     0.000    start_for_relu_array_ap_fixed_6u_array_ap_fixed_22_12_4_0_0_6u_relu_config3_U0_U/ap_start
                         LUT3 (Prop_LUT3_I2_O)        0.038     0.038 f  start_for_relu_array_ap_fixed_6u_array_ap_fixed_22_12_4_0_0_6u_relu_config3_U0_U/ap_CS_fsm[1]_i_2__4/O
                         net (fo=2, unplaced)         0.141     0.179    dense_array_ap_fixed_16u_array_ap_fixed_22_12_4_0_0_120u_config9_U0/ap_idle_INST_0_i_2
                         LUT6 (Prop_LUT6_I2_O)        0.100     0.279 r  dense_array_ap_fixed_16u_array_ap_fixed_22_12_4_0_0_120u_config9_U0/ap_idle_INST_0_i_5/O
                         net (fo=1, unplaced)         0.186     0.465    pooling2d_cl_array_ap_fixed_6u_array_ap_fixed_22_12_4_0_0_6u_config4_U0/ap_idle
                         LUT6 (Prop_LUT6_I3_O)        0.038     0.503 r  pooling2d_cl_array_ap_fixed_6u_array_ap_fixed_22_12_4_0_0_6u_config4_U0/ap_idle_INST_0_i_2/O
                         net (fo=1, unplaced)         0.186     0.689    relu_array_ap_fixed_6u_array_ap_fixed_22_12_4_0_0_6u_relu_config3_U0/ap_idle_0
                         LUT6 (Prop_LUT6_I1_O)        0.038     0.727 r  relu_array_ap_fixed_6u_array_ap_fixed_22_12_4_0_0_6u_relu_config3_U0/ap_idle_INST_0/O
                         net (fo=0)                   0.000     0.727    ap_idle
                                                                      r  ap_idle (OUT)
  -------------------------------------------------------------------    -------------------

Slack:                    inf
  Source:                 layer13_out_TREADY
                            (input port)
  Destination:            ap_done
                            (output port)
  Path Group:             (none)
  Path Type:              Max at Slow Process Corner
  Data Path Delay:        0.100ns  (logic 0.100ns (100.000%)  route 0.000ns (0.000%))
  Logic Levels:           1  (LUT5=1)

    Location             Delay type                Incr(ns)  Path(ns)    Netlist Resource(s)
  -------------------------------------------------------------------    -------------------
                                                      0.000     0.000 r  layer13_out_TREADY (IN)
                         net (fo=8, unset)            0.000     0.000    dense_array_ap_fixed_84u_array_ap_fixed_22_12_4_0_0_10u_config13_U0/regslice_both_layer13_out_U/layer13_out_TREADY
                         LUT5 (Prop_LUT5_I1_O)        0.100     0.100 r  dense_array_ap_fixed_84u_array_ap_fixed_22_12_4_0_0_10u_config13_U0/regslice_both_layer13_out_U/ap_done_INST_0/O
                         net (fo=4, unset)            0.000     0.100    ap_done
                                                                      r  ap_done (OUT)
  -------------------------------------------------------------------    -------------------





--------------------------------------------------------------------------------------
Path Group:  (none)
From Clock:  ap_clk
  To Clock:  

Max Delay           225 Endpoints
Min Delay             0 Endpoints
--------------------------------------------------------------------------------------


Max Delay Paths
--------------------------------------------------------------------------------------
Slack:                    inf
  Source:                 start_for_dense_array_ap_fixed_16u_array_ap_fixed_22_12_4_0_0_120u_config9_U0_U/empty_n_reg/C
                            (rising edge-triggered cell FDRE clocked by ap_clk  {rise@0.000ns fall@5.000ns period=10.000ns})
  Destination:            ap_idle
                            (output port)
  Path Group:             (none)
  Path Type:              Max at Slow Process Corner
  Data Path Delay:        1.012ns  (logic 0.417ns (41.206%)  route 0.595ns (58.794%))
  Logic Levels:           4  (LUT4=1 LUT6=3)
  Clock Uncertainty:      0.025ns  ((TSJ^2 + TIJ^2)^1/2 + DJ) / 2 + PE
    Total System Jitter     (TSJ):    0.050ns
    Total Input Jitter      (TIJ):    0.000ns
    Discrete Jitter          (DJ):    0.000ns
    Phase Error              (PE):    0.000ns

    Location             Delay type                Incr(ns)  Path(ns)    Netlist Resource(s)
  -------------------------------------------------------------------    -------------------
                         (clock ap_clk rise edge)     0.000     0.000 r  
                                                      0.000     0.000 r  ap_clk (IN)
                         net (fo=81517, unset)        0.030     0.030    start_for_dense_array_ap_fixed_16u_array_ap_fixed_22_12_4_0_0_120u_config9_U0_U/ap_clk
                         FDRE                                         r  start_for_dense_array_ap_fixed_16u_array_ap_fixed_22_12_4_0_0_120u_config9_U0_U/empty_n_reg/C
  -------------------------------------------------------------------    -------------------
                         FDRE (Prop_FDRE_C_Q)         0.077     0.107 f  start_for_dense_array_ap_fixed_16u_array_ap_fixed_22_12_4_0_0_120u_config9_U0_U/empty_n_reg/Q
                         net (fo=10, unplaced)        0.125     0.232    dense_array_ap_fixed_16u_array_ap_fixed_22_12_4_0_0_120u_config9_U0/dense_array_ap_fixed_16u_array_ap_fixed_22_12_4_0_0_120u_config9_U0_ap_start
                         LUT4 (Prop_LUT4_I0_O)        0.139     0.371 r  dense_array_ap_fixed_16u_array_ap_fixed_22_12_4_0_0_120u_config9_U0/ap_idle_INST_0_i_8/O
                         net (fo=1, unplaced)         0.098     0.469    dense_array_ap_fixed_16u_array_ap_fixed_22_12_4_0_0_120u_config9_U0/dense_array_ap_fixed_16u_array_ap_fixed_22_12_4_0_0_120u_config9_U0_ap_idle
                         LUT6 (Prop_LUT6_I0_O)        0.125     0.594 r  dense_array_ap_fixed_16u_array_ap_fixed_22_12_4_0_0_120u_config9_U0/ap_idle_INST_0_i_5/O
                         net (fo=1, unplaced)         0.186     0.780    pooling2d_cl_array_ap_fixed_6u_array_ap_fixed_22_12_4_0_0_6u_config4_U0/ap_idle
                         LUT6 (Prop_LUT6_I3_O)        0.038     0.818 r  pooling2d_cl_array_ap_fixed_6u_array_ap_fixed_22_12_4_0_0_6u_config4_U0/ap_idle_INST_0_i_2/O
                         net (fo=1, unplaced)         0.186     1.004    relu_array_ap_fixed_6u_array_ap_fixed_22_12_4_0_0_6u_relu_config3_U0/ap_idle_0
                         LUT6 (Prop_LUT6_I1_O)        0.038     1.042 r  relu_array_ap_fixed_6u_array_ap_fixed_22_12_4_0_0_6u_relu_config3_U0/ap_idle_INST_0/O
                         net (fo=0)                   0.000     1.042    ap_idle
                                                                      r  ap_idle (OUT)
  -------------------------------------------------------------------    -------------------

Slack:                    inf
  Source:                 conv_2d_cl_array_ap_fixed_1u_array_ap_fixed_22_12_4_0_0_6u_config2_U0/indvar_flatten_fu_108_reg[4]/C
                            (rising edge-triggered cell FDRE clocked by ap_clk  {rise@0.000ns fall@5.000ns period=10.000ns})
  Destination:            ap_ready
                            (output port)
  Path Group:             (none)
  Path Type:              Max at Slow Process Corner
  Data Path Delay:        0.617ns  (logic 0.265ns (42.950%)  route 0.352ns (57.050%))
  Logic Levels:           2  (LUT6=2)
  Clock Uncertainty:      0.025ns  ((TSJ^2 + TIJ^2)^1/2 + DJ) / 2 + PE
    Total System Jitter     (TSJ):    0.050ns
    Total Input Jitter      (TIJ):    0.000ns
    Discrete Jitter          (DJ):    0.000ns
    Phase Error              (PE):    0.000ns

    Location             Delay type                Incr(ns)  Path(ns)    Netlist Resource(s)
  -------------------------------------------------------------------    -------------------
                         (clock ap_clk rise edge)     0.000     0.000 r  
                                                      0.000     0.000 r  ap_clk (IN)
                         net (fo=81517, unset)        0.030     0.030    conv_2d_cl_array_ap_fixed_1u_array_ap_fixed_22_12_4_0_0_6u_config2_U0/ap_clk
                         FDRE                                         r  conv_2d_cl_array_ap_fixed_1u_array_ap_fixed_22_12_4_0_0_6u_config2_U0/indvar_flatten_fu_108_reg[4]/C
  -------------------------------------------------------------------    -------------------
                         FDRE (Prop_FDRE_C_Q)         0.077     0.107 r  conv_2d_cl_array_ap_fixed_1u_array_ap_fixed_22_12_4_0_0_6u_config2_U0/indvar_flatten_fu_108_reg[4]/Q
                         net (fo=4, unplaced)         0.166     0.273    conv_2d_cl_array_ap_fixed_1u_array_ap_fixed_22_12_4_0_0_6u_config2_U0/regslice_both_input_layer_U/ap_ready_INST_0_i_1[4]
                         LUT6 (Prop_LUT6_I0_O)        0.150     0.423 r  conv_2d_cl_array_ap_fixed_1u_array_ap_fixed_22_12_4_0_0_6u_config2_U0/regslice_both_input_layer_U/ap_ready_INST_0_i_2/O
                         net (fo=2, unplaced)         0.186     0.609    conv_2d_cl_array_ap_fixed_1u_array_ap_fixed_22_12_4_0_0_6u_config2_U0/regslice_both_input_layer_U_n_6
                         LUT6 (Prop_LUT6_I5_O)        0.038     0.647 r  conv_2d_cl_array_ap_fixed_1u_array_ap_fixed_22_12_4_0_0_6u_config2_U0/ap_ready_INST_0_i_1/O
                         net (fo=3, unset)            0.000     0.647    ap_ready
                                                                      r  ap_ready (OUT)
  -------------------------------------------------------------------    -------------------

Slack:                    inf
  Source:                 dense_array_ap_fixed_84u_array_ap_fixed_22_12_4_0_0_10u_config13_U0/regslice_both_layer13_out_U/FSM_sequential_state_reg[0]/C
                            (rising edge-triggered cell FDSE clocked by ap_clk  {rise@0.000ns fall@5.000ns period=10.000ns})
  Destination:            ap_done
                            (output port)
  Path Group:             (none)
  Path Type:              Max at Slow Process Corner
  Data Path Delay:        0.404ns  (logic 0.202ns (50.000%)  route 0.202ns (50.000%))
  Logic Levels:           1  (LUT5=1)
  Clock Uncertainty:      0.025ns  ((TSJ^2 + TIJ^2)^1/2 + DJ) / 2 + PE
    Total System Jitter     (TSJ):    0.050ns
    Total Input Jitter      (TIJ):    0.000ns
    Discrete Jitter          (DJ):    0.000ns
    Phase Error              (PE):    0.000ns

    Location             Delay type                Incr(ns)  Path(ns)    Netlist Resource(s)
  -------------------------------------------------------------------    -------------------
                         (clock ap_clk rise edge)     0.000     0.000 r  
                                                      0.000     0.000 r  ap_clk (IN)
                         net (fo=81517, unset)        0.030     0.030    dense_array_ap_fixed_84u_array_ap_fixed_22_12_4_0_0_10u_config13_U0/regslice_both_layer13_out_U/ap_clk
                         FDSE                                         r  dense_array_ap_fixed_84u_array_ap_fixed_22_12_4_0_0_10u_config13_U0/regslice_both_layer13_out_U/FSM_sequential_state_reg[0]/C
  -------------------------------------------------------------------    -------------------
                         FDSE (Prop_FDSE_C_Q)         0.077     0.107 r  dense_array_ap_fixed_84u_array_ap_fixed_22_12_4_0_0_10u_config13_U0/regslice_both_layer13_out_U/FSM_sequential_state_reg[0]/Q
                         net (fo=227, unplaced)       0.202     0.309    dense_array_ap_fixed_84u_array_ap_fixed_22_12_4_0_0_10u_config13_U0/regslice_both_layer13_out_U/state__0[0]
                         LUT5 (Prop_LUT5_I0_O)        0.125     0.434 r  dense_array_ap_fixed_84u_array_ap_fixed_22_12_4_0_0_10u_config13_U0/regslice_both_layer13_out_U/ap_done_INST_0/O
                         net (fo=4, unset)            0.000     0.434    ap_done
                                                                      r  ap_done (OUT)
  -------------------------------------------------------------------    -------------------

Slack:                    inf
  Source:                 conv_2d_cl_array_ap_fixed_1u_array_ap_fixed_22_12_4_0_0_6u_config2_U0/regslice_both_input_layer_U/ack_in_t_reg/C
                            (rising edge-triggered cell FDRE clocked by ap_clk  {rise@0.000ns fall@5.000ns period=10.000ns})
  Destination:            input_layer_TREADY
                            (output port)
  Path Group:             (none)
  Path Type:              Max at Slow Process Corner
  Data Path Delay:        0.077ns  (logic 0.077ns (100.000%)  route 0.000ns (0.000%))
  Logic Levels:           0  
  Clock Uncertainty:      0.025ns  ((TSJ^2 + TIJ^2)^1/2 + DJ) / 2 + PE
    Total System Jitter     (TSJ):    0.050ns
    Total Input Jitter      (TIJ):    0.000ns
    Discrete Jitter          (DJ):    0.000ns
    Phase Error              (PE):    0.000ns

    Location             Delay type                Incr(ns)  Path(ns)    Netlist Resource(s)
  -------------------------------------------------------------------    -------------------
                         (clock ap_clk rise edge)     0.000     0.000 r  
                                                      0.000     0.000 r  ap_clk (IN)
                         net (fo=81517, unset)        0.030     0.030    conv_2d_cl_array_ap_fixed_1u_array_ap_fixed_22_12_4_0_0_6u_config2_U0/regslice_both_input_layer_U/ap_clk
                         FDRE                                         r  conv_2d_cl_array_ap_fixed_1u_array_ap_fixed_22_12_4_0_0_6u_config2_U0/regslice_both_input_layer_U/ack_in_t_reg/C
  -------------------------------------------------------------------    -------------------
                         FDRE (Prop_FDRE_C_Q)         0.077     0.107 r  conv_2d_cl_array_ap_fixed_1u_array_ap_fixed_22_12_4_0_0_6u_config2_U0/regslice_both_input_layer_U/ack_in_t_reg/Q
                         net (fo=4, unset)            0.000     0.107    input_layer_TREADY
                                                                      r  input_layer_TREADY (OUT)
  -------------------------------------------------------------------    -------------------

Slack:                    inf
  Source:                 dense_array_ap_fixed_84u_array_ap_fixed_22_12_4_0_0_10u_config13_U0/regslice_both_layer13_out_U/data_p1_reg[0]/C
                            (rising edge-triggered cell FDRE clocked by ap_clk  {rise@0.000ns fall@5.000ns period=10.000ns})
  Destination:            layer13_out_TDATA[0]
                            (output port)
  Path Group:             (none)
  Path Type:              Max at Slow Process Corner
  Data Path Delay:        0.077ns  (logic 0.077ns (100.000%)  route 0.000ns (0.000%))
  Logic Levels:           0  
  Clock Uncertainty:      0.025ns  ((TSJ^2 + TIJ^2)^1/2 + DJ) / 2 + PE
    Total System Jitter     (TSJ):    0.050ns
    Total Input Jitter      (TIJ):    0.000ns
    Discrete Jitter          (DJ):    0.000ns
    Phase Error              (PE):    0.000ns

    Location             Delay type                Incr(ns)  Path(ns)    Netlist Resource(s)
  -------------------------------------------------------------------    -------------------
                         (clock ap_clk rise edge)     0.000     0.000 r  
                                                      0.000     0.000 r  ap_clk (IN)
                         net (fo=81517, unset)        0.030     0.030    dense_array_ap_fixed_84u_array_ap_fixed_22_12_4_0_0_10u_config13_U0/regslice_both_layer13_out_U/ap_clk
                         FDRE                                         r  dense_array_ap_fixed_84u_array_ap_fixed_22_12_4_0_0_10u_config13_U0/regslice_both_layer13_out_U/data_p1_reg[0]/C
  -------------------------------------------------------------------    -------------------
                         FDRE (Prop_FDRE_C_Q)         0.077     0.107 r  dense_array_ap_fixed_84u_array_ap_fixed_22_12_4_0_0_10u_config13_U0/regslice_both_layer13_out_U/data_p1_reg[0]/Q
                         net (fo=0)                   0.000     0.107    layer13_out_TDATA[0]
                                                                      r  layer13_out_TDATA[0] (OUT)
  -------------------------------------------------------------------    -------------------

Slack:                    inf
  Source:                 dense_array_ap_fixed_84u_array_ap_fixed_22_12_4_0_0_10u_config13_U0/regslice_both_layer13_out_U/data_p1_reg[100]/C
                            (rising edge-triggered cell FDRE clocked by ap_clk  {rise@0.000ns fall@5.000ns period=10.000ns})
  Destination:            layer13_out_TDATA[100]
                            (output port)
  Path Group:             (none)
  Path Type:              Max at Slow Process Corner
  Data Path Delay:        0.077ns  (logic 0.077ns (100.000%)  route 0.000ns (0.000%))
  Logic Levels:           0  
  Clock Uncertainty:      0.025ns  ((TSJ^2 + TIJ^2)^1/2 + DJ) / 2 + PE
    Total System Jitter     (TSJ):    0.050ns
    Total Input Jitter      (TIJ):    0.000ns
    Discrete Jitter          (DJ):    0.000ns
    Phase Error              (PE):    0.000ns

    Location             Delay type                Incr(ns)  Path(ns)    Netlist Resource(s)
  -------------------------------------------------------------------    -------------------
                         (clock ap_clk rise edge)     0.000     0.000 r  
                                                      0.000     0.000 r  ap_clk (IN)
                         net (fo=81517, unset)        0.030     0.030    dense_array_ap_fixed_84u_array_ap_fixed_22_12_4_0_0_10u_config13_U0/regslice_both_layer13_out_U/ap_clk
                         FDRE                                         r  dense_array_ap_fixed_84u_array_ap_fixed_22_12_4_0_0_10u_config13_U0/regslice_both_layer13_out_U/data_p1_reg[100]/C
  -------------------------------------------------------------------    -------------------
                         FDRE (Prop_FDRE_C_Q)         0.077     0.107 r  dense_array_ap_fixed_84u_array_ap_fixed_22_12_4_0_0_10u_config13_U0/regslice_both_layer13_out_U/data_p1_reg[100]/Q
                         net (fo=0)                   0.000     0.107    layer13_out_TDATA[100]
                                                                      r  layer13_out_TDATA[100] (OUT)
  -------------------------------------------------------------------    -------------------

Slack:                    inf
  Source:                 dense_array_ap_fixed_84u_array_ap_fixed_22_12_4_0_0_10u_config13_U0/regslice_both_layer13_out_U/data_p1_reg[101]/C
                            (rising edge-triggered cell FDRE clocked by ap_clk  {rise@0.000ns fall@5.000ns period=10.000ns})
  Destination:            layer13_out_TDATA[101]
                            (output port)
  Path Group:             (none)
  Path Type:              Max at Slow Process Corner
  Data Path Delay:        0.077ns  (logic 0.077ns (100.000%)  route 0.000ns (0.000%))
  Logic Levels:           0  
  Clock Uncertainty:      0.025ns  ((TSJ^2 + TIJ^2)^1/2 + DJ) / 2 + PE
    Total System Jitter     (TSJ):    0.050ns
    Total Input Jitter      (TIJ):    0.000ns
    Discrete Jitter          (DJ):    0.000ns
    Phase Error              (PE):    0.000ns

    Location             Delay type                Incr(ns)  Path(ns)    Netlist Resource(s)
  -------------------------------------------------------------------    -------------------
                         (clock ap_clk rise edge)     0.000     0.000 r  
                                                      0.000     0.000 r  ap_clk (IN)
                         net (fo=81517, unset)        0.030     0.030    dense_array_ap_fixed_84u_array_ap_fixed_22_12_4_0_0_10u_config13_U0/regslice_both_layer13_out_U/ap_clk
                         FDRE                                         r  dense_array_ap_fixed_84u_array_ap_fixed_22_12_4_0_0_10u_config13_U0/regslice_both_layer13_out_U/data_p1_reg[101]/C
  -------------------------------------------------------------------    -------------------
                         FDRE (Prop_FDRE_C_Q)         0.077     0.107 r  dense_array_ap_fixed_84u_array_ap_fixed_22_12_4_0_0_10u_config13_U0/regslice_both_layer13_out_U/data_p1_reg[101]/Q
                         net (fo=0)                   0.000     0.107    layer13_out_TDATA[101]
                                                                      r  layer13_out_TDATA[101] (OUT)
  -------------------------------------------------------------------    -------------------

Slack:                    inf
  Source:                 dense_array_ap_fixed_84u_array_ap_fixed_22_12_4_0_0_10u_config13_U0/regslice_both_layer13_out_U/data_p1_reg[102]/C
                            (rising edge-triggered cell FDRE clocked by ap_clk  {rise@0.000ns fall@5.000ns period=10.000ns})
  Destination:            layer13_out_TDATA[102]
                            (output port)
  Path Group:             (none)
  Path Type:              Max at Slow Process Corner
  Data Path Delay:        0.077ns  (logic 0.077ns (100.000%)  route 0.000ns (0.000%))
  Logic Levels:           0  
  Clock Uncertainty:      0.025ns  ((TSJ^2 + TIJ^2)^1/2 + DJ) / 2 + PE
    Total System Jitter     (TSJ):    0.050ns
    Total Input Jitter      (TIJ):    0.000ns
    Discrete Jitter          (DJ):    0.000ns
    Phase Error              (PE):    0.000ns

    Location             Delay type                Incr(ns)  Path(ns)    Netlist Resource(s)
  -------------------------------------------------------------------    -------------------
                         (clock ap_clk rise edge)     0.000     0.000 r  
                                                      0.000     0.000 r  ap_clk (IN)
                         net (fo=81517, unset)        0.030     0.030    dense_array_ap_fixed_84u_array_ap_fixed_22_12_4_0_0_10u_config13_U0/regslice_both_layer13_out_U/ap_clk
                         FDRE                                         r  dense_array_ap_fixed_84u_array_ap_fixed_22_12_4_0_0_10u_config13_U0/regslice_both_layer13_out_U/data_p1_reg[102]/C
  -------------------------------------------------------------------    -------------------
                         FDRE (Prop_FDRE_C_Q)         0.077     0.107 r  dense_array_ap_fixed_84u_array_ap_fixed_22_12_4_0_0_10u_config13_U0/regslice_both_layer13_out_U/data_p1_reg[102]/Q
                         net (fo=0)                   0.000     0.107    layer13_out_TDATA[102]
                                                                      r  layer13_out_TDATA[102] (OUT)
  -------------------------------------------------------------------    -------------------

Slack:                    inf
  Source:                 dense_array_ap_fixed_84u_array_ap_fixed_22_12_4_0_0_10u_config13_U0/regslice_both_layer13_out_U/data_p1_reg[103]/C
                            (rising edge-triggered cell FDRE clocked by ap_clk  {rise@0.000ns fall@5.000ns period=10.000ns})
  Destination:            layer13_out_TDATA[103]
                            (output port)
  Path Group:             (none)
  Path Type:              Max at Slow Process Corner
  Data Path Delay:        0.077ns  (logic 0.077ns (100.000%)  route 0.000ns (0.000%))
  Logic Levels:           0  
  Clock Uncertainty:      0.025ns  ((TSJ^2 + TIJ^2)^1/2 + DJ) / 2 + PE
    Total System Jitter     (TSJ):    0.050ns
    Total Input Jitter      (TIJ):    0.000ns
    Discrete Jitter          (DJ):    0.000ns
    Phase Error              (PE):    0.000ns

    Location             Delay type                Incr(ns)  Path(ns)    Netlist Resource(s)
  -------------------------------------------------------------------    -------------------
                         (clock ap_clk rise edge)     0.000     0.000 r  
                                                      0.000     0.000 r  ap_clk (IN)
                         net (fo=81517, unset)        0.030     0.030    dense_array_ap_fixed_84u_array_ap_fixed_22_12_4_0_0_10u_config13_U0/regslice_both_layer13_out_U/ap_clk
                         FDRE                                         r  dense_array_ap_fixed_84u_array_ap_fixed_22_12_4_0_0_10u_config13_U0/regslice_both_layer13_out_U/data_p1_reg[103]/C
  -------------------------------------------------------------------    -------------------
                         FDRE (Prop_FDRE_C_Q)         0.077     0.107 r  dense_array_ap_fixed_84u_array_ap_fixed_22_12_4_0_0_10u_config13_U0/regslice_both_layer13_out_U/data_p1_reg[103]/Q
                         net (fo=0)                   0.000     0.107    layer13_out_TDATA[103]
                                                                      r  layer13_out_TDATA[103] (OUT)
  -------------------------------------------------------------------    -------------------

Slack:                    inf
  Source:                 dense_array_ap_fixed_84u_array_ap_fixed_22_12_4_0_0_10u_config13_U0/regslice_both_layer13_out_U/data_p1_reg[104]/C
                            (rising edge-triggered cell FDRE clocked by ap_clk  {rise@0.000ns fall@5.000ns period=10.000ns})
  Destination:            layer13_out_TDATA[104]
                            (output port)
  Path Group:             (none)
  Path Type:              Max at Slow Process Corner
  Data Path Delay:        0.077ns  (logic 0.077ns (100.000%)  route 0.000ns (0.000%))
  Logic Levels:           0  
  Clock Uncertainty:      0.025ns  ((TSJ^2 + TIJ^2)^1/2 + DJ) / 2 + PE
    Total System Jitter     (TSJ):    0.050ns
    Total Input Jitter      (TIJ):    0.000ns
    Discrete Jitter          (DJ):    0.000ns
    Phase Error              (PE):    0.000ns

    Location             Delay type                Incr(ns)  Path(ns)    Netlist Resource(s)
  -------------------------------------------------------------------    -------------------
                         (clock ap_clk rise edge)     0.000     0.000 r  
                                                      0.000     0.000 r  ap_clk (IN)
                         net (fo=81517, unset)        0.030     0.030    dense_array_ap_fixed_84u_array_ap_fixed_22_12_4_0_0_10u_config13_U0/regslice_both_layer13_out_U/ap_clk
                         FDRE                                         r  dense_array_ap_fixed_84u_array_ap_fixed_22_12_4_0_0_10u_config13_U0/regslice_both_layer13_out_U/data_p1_reg[104]/C
  -------------------------------------------------------------------    -------------------
                         FDRE (Prop_FDRE_C_Q)         0.077     0.107 r  dense_array_ap_fixed_84u_array_ap_fixed_22_12_4_0_0_10u_config13_U0/regslice_both_layer13_out_U/data_p1_reg[104]/Q
                         net (fo=0)                   0.000     0.107    layer13_out_TDATA[104]
                                                                      r  layer13_out_TDATA[104] (OUT)
  -------------------------------------------------------------------    -------------------





--------------------------------------------------------------------------------------
Path Group:  (none)
From Clock:  
  To Clock:  ap_clk

Max Delay          6315 Endpoints
Min Delay             0 Endpoints
--------------------------------------------------------------------------------------


Max Delay Paths
--------------------------------------------------------------------------------------
Slack:                    inf
  Source:                 layer13_out_TREADY
                            (input port)
  Destination:            start_for_dense_array_ap_fixed_84u_array_ap_fixed_22_12_4_0_0_10u_config13_U0_U/mOutPtr_reg[0]/CE
                            (rising edge-triggered cell FDRE clocked by ap_clk  {rise@0.000ns fall@5.000ns period=10.000ns})
  Path Group:             (none)
  Path Type:              Setup (Max at Slow Process Corner)
  Data Path Delay:        0.476ns  (logic 0.138ns (28.992%)  route 0.338ns (71.008%))
  Logic Levels:           2  (LUT5=2)
  Clock Path Skew:        0.021ns (DCD - SCD + CPR)
    Destination Clock Delay (DCD):    0.021ns
    Source Clock Delay      (SCD):    0.000ns
    Clock Pessimism Removal (CPR):    0.000ns
  Clock Uncertainty:      0.025ns  ((TSJ^2 + TIJ^2)^1/2 + DJ) / 2 + PE
    Total System Jitter     (TSJ):    0.050ns
    Total Input Jitter      (TIJ):    0.000ns
    Discrete Jitter          (DJ):    0.000ns
    Phase Error              (PE):    0.000ns

    Location             Delay type                Incr(ns)  Path(ns)    Netlist Resource(s)
  -------------------------------------------------------------------    -------------------
                                                      0.000     0.000 r  layer13_out_TREADY (IN)
                         net (fo=8, unset)            0.000     0.000    dense_array_ap_fixed_84u_array_ap_fixed_22_12_4_0_0_10u_config13_U0/regslice_both_layer13_out_U/layer13_out_TREADY
                         LUT5 (Prop_LUT5_I1_O)        0.100     0.100 r  dense_array_ap_fixed_84u_array_ap_fixed_22_12_4_0_0_10u_config13_U0/regslice_both_layer13_out_U/ap_done_INST_0/O
                         net (fo=4, unplaced)         0.198     0.298    start_for_dense_array_ap_fixed_84u_array_ap_fixed_22_12_4_0_0_10u_config13_U0_U/mOutPtr_reg[1]_0
                         LUT5 (Prop_LUT5_I4_O)        0.038     0.336 r  start_for_dense_array_ap_fixed_84u_array_ap_fixed_22_12_4_0_0_10u_config13_U0_U/mOutPtr[1]_i_1/O
                         net (fo=2, unplaced)         0.140     0.476    start_for_dense_array_ap_fixed_84u_array_ap_fixed_22_12_4_0_0_10u_config13_U0_U/mOutPtr[1]_i_1_n_0
                         FDRE                                         r  start_for_dense_array_ap_fixed_84u_array_ap_fixed_22_12_4_0_0_10u_config13_U0_U/mOutPtr_reg[0]/CE
  -------------------------------------------------------------------    -------------------

                         (clock ap_clk rise edge)     0.000     0.000 r  
                                                      0.000     0.000 r  ap_clk (IN)
                         net (fo=81517, unset)        0.021     0.021    start_for_dense_array_ap_fixed_84u_array_ap_fixed_22_12_4_0_0_10u_config13_U0_U/ap_clk
                         FDRE                                         r  start_for_dense_array_ap_fixed_84u_array_ap_fixed_22_12_4_0_0_10u_config13_U0_U/mOutPtr_reg[0]/C

Slack:                    inf
  Source:                 layer13_out_TREADY
                            (input port)
  Destination:            start_for_dense_array_ap_fixed_84u_array_ap_fixed_22_12_4_0_0_10u_config13_U0_U/mOutPtr_reg[1]/CE
                            (rising edge-triggered cell FDRE clocked by ap_clk  {rise@0.000ns fall@5.000ns period=10.000ns})
  Path Group:             (none)
  Path Type:              Setup (Max at Slow Process Corner)
  Data Path Delay:        0.476ns  (logic 0.138ns (28.992%)  route 0.338ns (71.008%))
  Logic Levels:           2  (LUT5=2)
  Clock Path Skew:        0.021ns (DCD - SCD + CPR)
    Destination Clock Delay (DCD):    0.021ns
    Source Clock Delay      (SCD):    0.000ns
    Clock Pessimism Removal (CPR):    0.000ns
  Clock Uncertainty:      0.025ns  ((TSJ^2 + TIJ^2)^1/2 + DJ) / 2 + PE
    Total System Jitter     (TSJ):    0.050ns
    Total Input Jitter      (TIJ):    0.000ns
    Discrete Jitter          (DJ):    0.000ns
    Phase Error              (PE):    0.000ns

    Location             Delay type                Incr(ns)  Path(ns)    Netlist Resource(s)
  -------------------------------------------------------------------    -------------------
                                                      0.000     0.000 r  layer13_out_TREADY (IN)
                         net (fo=8, unset)            0.000     0.000    dense_array_ap_fixed_84u_array_ap_fixed_22_12_4_0_0_10u_config13_U0/regslice_both_layer13_out_U/layer13_out_TREADY
                         LUT5 (Prop_LUT5_I1_O)        0.100     0.100 r  dense_array_ap_fixed_84u_array_ap_fixed_22_12_4_0_0_10u_config13_U0/regslice_both_layer13_out_U/ap_done_INST_0/O
                         net (fo=4, unplaced)         0.198     0.298    start_for_dense_array_ap_fixed_84u_array_ap_fixed_22_12_4_0_0_10u_config13_U0_U/mOutPtr_reg[1]_0
                         LUT5 (Prop_LUT5_I4_O)        0.038     0.336 r  start_for_dense_array_ap_fixed_84u_array_ap_fixed_22_12_4_0_0_10u_config13_U0_U/mOutPtr[1]_i_1/O
                         net (fo=2, unplaced)         0.140     0.476    start_for_dense_array_ap_fixed_84u_array_ap_fixed_22_12_4_0_0_10u_config13_U0_U/mOutPtr[1]_i_1_n_0
                         FDRE                                         r  start_for_dense_array_ap_fixed_84u_array_ap_fixed_22_12_4_0_0_10u_config13_U0_U/mOutPtr_reg[1]/CE
  -------------------------------------------------------------------    -------------------

                         (clock ap_clk rise edge)     0.000     0.000 r  
                                                      0.000     0.000 r  ap_clk (IN)
                         net (fo=81517, unset)        0.021     0.021    start_for_dense_array_ap_fixed_84u_array_ap_fixed_22_12_4_0_0_10u_config13_U0_U/ap_clk
                         FDRE                                         r  start_for_dense_array_ap_fixed_84u_array_ap_fixed_22_12_4_0_0_10u_config13_U0_U/mOutPtr_reg[1]/C

Slack:                    inf
  Source:                 ap_start
                            (input port)
  Destination:            start_for_relu_array_ap_fixed_6u_array_ap_fixed_22_12_4_0_0_6u_relu_config3_U0_U/mOutPtr_reg[0]/CE
                            (rising edge-triggered cell FDRE clocked by ap_clk  {rise@0.000ns fall@5.000ns period=10.000ns})
  Path Group:             (none)
  Path Type:              Setup (Max at Slow Process Corner)
  Data Path Delay:        0.454ns  (logic 0.165ns (36.344%)  route 0.289ns (63.656%))
  Logic Levels:           2  (LUT3=1 LUT4=1)
  Clock Path Skew:        0.021ns (DCD - SCD + CPR)
    Destination Clock Delay (DCD):    0.021ns
    Source Clock Delay      (SCD):    0.000ns
    Clock Pessimism Removal (CPR):    0.000ns
  Clock Uncertainty:      0.025ns  ((TSJ^2 + TIJ^2)^1/2 + DJ) / 2 + PE
    Total System Jitter     (TSJ):    0.050ns
    Total Input Jitter      (TIJ):    0.000ns
    Discrete Jitter          (DJ):    0.000ns
    Phase Error              (PE):    0.000ns

    Location             Delay type                Incr(ns)  Path(ns)    Netlist Resource(s)
  -------------------------------------------------------------------    -------------------
                                                      0.000     0.000 r  ap_start (IN)
                         net (fo=4, unset)            0.000     0.000    start_for_relu_array_ap_fixed_6u_array_ap_fixed_22_12_4_0_0_6u_relu_config3_U0_U/ap_start
                         LUT3 (Prop_LUT3_I0_O)        0.112     0.112 r  start_for_relu_array_ap_fixed_6u_array_ap_fixed_22_12_4_0_0_6u_relu_config3_U0_U/mOutPtr[1]_i_3__7/O
                         net (fo=4, unplaced)         0.149     0.261    start_for_relu_array_ap_fixed_6u_array_ap_fixed_22_12_4_0_0_6u_relu_config3_U0_U/conv_2d_cl_array_ap_fixed_1u_array_ap_fixed_22_12_4_0_0_6u_config2_U0_start_write
                         LUT4 (Prop_LUT4_I1_O)        0.053     0.314 r  start_for_relu_array_ap_fixed_6u_array_ap_fixed_22_12_4_0_0_6u_relu_config3_U0_U/mOutPtr[1]_i_1__2/O
                         net (fo=2, unplaced)         0.140     0.454    start_for_relu_array_ap_fixed_6u_array_ap_fixed_22_12_4_0_0_6u_relu_config3_U0_U/mOutPtr[1]_i_1__2_n_0
                         FDRE                                         r  start_for_relu_array_ap_fixed_6u_array_ap_fixed_22_12_4_0_0_6u_relu_config3_U0_U/mOutPtr_reg[0]/CE
  -------------------------------------------------------------------    -------------------

                         (clock ap_clk rise edge)     0.000     0.000 r  
                                                      0.000     0.000 r  ap_clk (IN)
                         net (fo=81517, unset)        0.021     0.021    start_for_relu_array_ap_fixed_6u_array_ap_fixed_22_12_4_0_0_6u_relu_config3_U0_U/ap_clk
                         FDRE                                         r  start_for_relu_array_ap_fixed_6u_array_ap_fixed_22_12_4_0_0_6u_relu_config3_U0_U/mOutPtr_reg[0]/C

Slack:                    inf
  Source:                 ap_start
                            (input port)
  Destination:            start_for_relu_array_ap_fixed_6u_array_ap_fixed_22_12_4_0_0_6u_relu_config3_U0_U/mOutPtr_reg[1]/CE
                            (rising edge-triggered cell FDRE clocked by ap_clk  {rise@0.000ns fall@5.000ns period=10.000ns})
  Path Group:             (none)
  Path Type:              Setup (Max at Slow Process Corner)
  Data Path Delay:        0.454ns  (logic 0.165ns (36.344%)  route 0.289ns (63.656%))
  Logic Levels:           2  (LUT3=1 LUT4=1)
  Clock Path Skew:        0.021ns (DCD - SCD + CPR)
    Destination Clock Delay (DCD):    0.021ns
    Source Clock Delay      (SCD):    0.000ns
    Clock Pessimism Removal (CPR):    0.000ns
  Clock Uncertainty:      0.025ns  ((TSJ^2 + TIJ^2)^1/2 + DJ) / 2 + PE
    Total System Jitter     (TSJ):    0.050ns
    Total Input Jitter      (TIJ):    0.000ns
    Discrete Jitter          (DJ):    0.000ns
    Phase Error              (PE):    0.000ns

    Location             Delay type                Incr(ns)  Path(ns)    Netlist Resource(s)
  -------------------------------------------------------------------    -------------------
                                                      0.000     0.000 r  ap_start (IN)
                         net (fo=4, unset)            0.000     0.000    start_for_relu_array_ap_fixed_6u_array_ap_fixed_22_12_4_0_0_6u_relu_config3_U0_U/ap_start
                         LUT3 (Prop_LUT3_I0_O)        0.112     0.112 r  start_for_relu_array_ap_fixed_6u_array_ap_fixed_22_12_4_0_0_6u_relu_config3_U0_U/mOutPtr[1]_i_3__7/O
                         net (fo=4, unplaced)         0.149     0.261    start_for_relu_array_ap_fixed_6u_array_ap_fixed_22_12_4_0_0_6u_relu_config3_U0_U/conv_2d_cl_array_ap_fixed_1u_array_ap_fixed_22_12_4_0_0_6u_config2_U0_start_write
                         LUT4 (Prop_LUT4_I1_O)        0.053     0.314 r  start_for_relu_array_ap_fixed_6u_array_ap_fixed_22_12_4_0_0_6u_relu_config3_U0_U/mOutPtr[1]_i_1__2/O
                         net (fo=2, unplaced)         0.140     0.454    start_for_relu_array_ap_fixed_6u_array_ap_fixed_22_12_4_0_0_6u_relu_config3_U0_U/mOutPtr[1]_i_1__2_n_0
                         FDRE                                         r  start_for_relu_array_ap_fixed_6u_array_ap_fixed_22_12_4_0_0_6u_relu_config3_U0_U/mOutPtr_reg[1]/CE
  -------------------------------------------------------------------    -------------------

                         (clock ap_clk rise edge)     0.000     0.000 r  
                                                      0.000     0.000 r  ap_clk (IN)
                         net (fo=81517, unset)        0.021     0.021    start_for_relu_array_ap_fixed_6u_array_ap_fixed_22_12_4_0_0_6u_relu_config3_U0_U/ap_clk
                         FDRE                                         r  start_for_relu_array_ap_fixed_6u_array_ap_fixed_22_12_4_0_0_6u_relu_config3_U0_U/mOutPtr_reg[1]/C

Slack:                    inf
  Source:                 layer13_out_TREADY
                            (input port)
  Destination:            start_for_dense_array_ap_fixed_84u_array_ap_fixed_22_12_4_0_0_10u_config13_U0_U/full_n_reg/D
                            (rising edge-triggered cell FDSE clocked by ap_clk  {rise@0.000ns fall@5.000ns period=10.000ns})
  Path Group:             (none)
  Path Type:              Setup (Max at Slow Process Corner)
  Data Path Delay:        0.384ns  (logic 0.138ns (35.938%)  route 0.246ns (64.062%))
  Logic Levels:           2  (LUT5=1 LUT6=1)
  Clock Path Skew:        0.021ns (DCD - SCD + CPR)
    Destination Clock Delay (DCD):    0.021ns
    Source Clock Delay      (SCD):    0.000ns
    Clock Pessimism Removal (CPR):    0.000ns
  Clock Uncertainty:      0.025ns  ((TSJ^2 + TIJ^2)^1/2 + DJ) / 2 + PE
    Total System Jitter     (TSJ):    0.050ns
    Total Input Jitter      (TIJ):    0.000ns
    Discrete Jitter          (DJ):    0.000ns
    Phase Error              (PE):    0.000ns

    Location             Delay type                Incr(ns)  Path(ns)    Netlist Resource(s)
  -------------------------------------------------------------------    -------------------
                                                      0.000     0.000 r  layer13_out_TREADY (IN)
                         net (fo=8, unset)            0.000     0.000    dense_array_ap_fixed_84u_array_ap_fixed_22_12_4_0_0_10u_config13_U0/regslice_both_layer13_out_U/layer13_out_TREADY
                         LUT5 (Prop_LUT5_I1_O)        0.100     0.100 r  dense_array_ap_fixed_84u_array_ap_fixed_22_12_4_0_0_10u_config13_U0/regslice_both_layer13_out_U/ap_done_INST_0/O
                         net (fo=4, unplaced)         0.198     0.298    start_for_dense_array_ap_fixed_84u_array_ap_fixed_22_12_4_0_0_10u_config13_U0_U/mOutPtr_reg[1]_0
                         LUT6 (Prop_LUT6_I4_O)        0.038     0.336 r  start_for_dense_array_ap_fixed_84u_array_ap_fixed_22_12_4_0_0_10u_config13_U0_U/full_n_i_1__0/O
                         net (fo=1, unplaced)         0.048     0.384    start_for_dense_array_ap_fixed_84u_array_ap_fixed_22_12_4_0_0_10u_config13_U0_U/full_n_i_1__0_n_0
                         FDSE                                         r  start_for_dense_array_ap_fixed_84u_array_ap_fixed_22_12_4_0_0_10u_config13_U0_U/full_n_reg/D
  -------------------------------------------------------------------    -------------------

                         (clock ap_clk rise edge)     0.000     0.000 r  
                                                      0.000     0.000 r  ap_clk (IN)
                         net (fo=81517, unset)        0.021     0.021    start_for_dense_array_ap_fixed_84u_array_ap_fixed_22_12_4_0_0_10u_config13_U0_U/ap_clk
                         FDSE                                         r  start_for_dense_array_ap_fixed_84u_array_ap_fixed_22_12_4_0_0_10u_config13_U0_U/full_n_reg/C

Slack:                    inf
  Source:                 ap_start
                            (input port)
  Destination:            start_for_relu_array_ap_fixed_6u_array_ap_fixed_22_12_4_0_0_6u_relu_config3_U0_U/empty_n_reg/D
                            (rising edge-triggered cell FDRE clocked by ap_clk  {rise@0.000ns fall@5.000ns period=10.000ns})
  Path Group:             (none)
  Path Type:              Setup (Max at Slow Process Corner)
  Data Path Delay:        0.362ns  (logic 0.165ns (45.580%)  route 0.197ns (54.420%))
  Logic Levels:           2  (LUT3=1 LUT6=1)
  Clock Path Skew:        0.021ns (DCD - SCD + CPR)
    Destination Clock Delay (DCD):    0.021ns
    Source Clock Delay      (SCD):    0.000ns
    Clock Pessimism Removal (CPR):    0.000ns
  Clock Uncertainty:      0.025ns  ((TSJ^2 + TIJ^2)^1/2 + DJ) / 2 + PE
    Total System Jitter     (TSJ):    0.050ns
    Total Input Jitter      (TIJ):    0.000ns
    Discrete Jitter          (DJ):    0.000ns
    Phase Error              (PE):    0.000ns

    Location             Delay type                Incr(ns)  Path(ns)    Netlist Resource(s)
  -------------------------------------------------------------------    -------------------
                                                      0.000     0.000 r  ap_start (IN)
                         net (fo=4, unset)            0.000     0.000    start_for_relu_array_ap_fixed_6u_array_ap_fixed_22_12_4_0_0_6u_relu_config3_U0_U/ap_start
                         LUT3 (Prop_LUT3_I0_O)        0.112     0.112 r  start_for_relu_array_ap_fixed_6u_array_ap_fixed_22_12_4_0_0_6u_relu_config3_U0_U/mOutPtr[1]_i_3__7/O
                         net (fo=4, unplaced)         0.149     0.261    start_for_relu_array_ap_fixed_6u_array_ap_fixed_22_12_4_0_0_6u_relu_config3_U0_U/conv_2d_cl_array_ap_fixed_1u_array_ap_fixed_22_12_4_0_0_6u_config2_U0_start_write
                         LUT6 (Prop_LUT6_I4_O)        0.053     0.314 r  start_for_relu_array_ap_fixed_6u_array_ap_fixed_22_12_4_0_0_6u_relu_config3_U0_U/empty_n_i_1__2/O
                         net (fo=1, unplaced)         0.048     0.362    start_for_relu_array_ap_fixed_6u_array_ap_fixed_22_12_4_0_0_6u_relu_config3_U0_U/empty_n_i_1__2_n_0
                         FDRE                                         r  start_for_relu_array_ap_fixed_6u_array_ap_fixed_22_12_4_0_0_6u_relu_config3_U0_U/empty_n_reg/D
  -------------------------------------------------------------------    -------------------

                         (clock ap_clk rise edge)     0.000     0.000 r  
                                                      0.000     0.000 r  ap_clk (IN)
                         net (fo=81517, unset)        0.021     0.021    start_for_relu_array_ap_fixed_6u_array_ap_fixed_22_12_4_0_0_6u_relu_config3_U0_U/ap_clk
                         FDRE                                         r  start_for_relu_array_ap_fixed_6u_array_ap_fixed_22_12_4_0_0_6u_relu_config3_U0_U/empty_n_reg/C

Slack:                    inf
  Source:                 ap_start
                            (input port)
  Destination:            start_for_relu_array_ap_fixed_6u_array_ap_fixed_22_12_4_0_0_6u_relu_config3_U0_U/full_n_reg/D
                            (rising edge-triggered cell FDSE clocked by ap_clk  {rise@0.000ns fall@5.000ns period=10.000ns})
  Path Group:             (none)
  Path Type:              Setup (Max at Slow Process Corner)
  Data Path Delay:        0.362ns  (logic 0.165ns (45.580%)  route 0.197ns (54.420%))
  Logic Levels:           2  (LUT3=1 LUT6=1)
  Clock Path Skew:        0.021ns (DCD - SCD + CPR)
    Destination Clock Delay (DCD):    0.021ns
    Source Clock Delay      (SCD):    0.000ns
    Clock Pessimism Removal (CPR):    0.000ns
  Clock Uncertainty:      0.025ns  ((TSJ^2 + TIJ^2)^1/2 + DJ) / 2 + PE
    Total System Jitter     (TSJ):    0.050ns
    Total Input Jitter      (TIJ):    0.000ns
    Discrete Jitter          (DJ):    0.000ns
    Phase Error              (PE):    0.000ns

    Location             Delay type                Incr(ns)  Path(ns)    Netlist Resource(s)
  -------------------------------------------------------------------    -------------------
                                                      0.000     0.000 f  ap_start (IN)
                         net (fo=4, unset)            0.000     0.000    start_for_relu_array_ap_fixed_6u_array_ap_fixed_22_12_4_0_0_6u_relu_config3_U0_U/ap_start
                         LUT3 (Prop_LUT3_I0_O)        0.112     0.112 f  start_for_relu_array_ap_fixed_6u_array_ap_fixed_22_12_4_0_0_6u_relu_config3_U0_U/mOutPtr[1]_i_3__7/O
                         net (fo=4, unplaced)         0.149     0.261    start_for_relu_array_ap_fixed_6u_array_ap_fixed_22_12_4_0_0_6u_relu_config3_U0_U/conv_2d_cl_array_ap_fixed_1u_array_ap_fixed_22_12_4_0_0_6u_config2_U0_start_write
                         LUT6 (Prop_LUT6_I3_O)        0.053     0.314 r  start_for_relu_array_ap_fixed_6u_array_ap_fixed_22_12_4_0_0_6u_relu_config3_U0_U/full_n_i_1__2/O
                         net (fo=1, unplaced)         0.048     0.362    start_for_relu_array_ap_fixed_6u_array_ap_fixed_22_12_4_0_0_6u_relu_config3_U0_U/full_n_i_1__2_n_0
                         FDSE                                         r  start_for_relu_array_ap_fixed_6u_array_ap_fixed_22_12_4_0_0_6u_relu_config3_U0_U/full_n_reg/D
  -------------------------------------------------------------------    -------------------

                         (clock ap_clk rise edge)     0.000     0.000 r  
                                                      0.000     0.000 r  ap_clk (IN)
                         net (fo=81517, unset)        0.021     0.021    start_for_relu_array_ap_fixed_6u_array_ap_fixed_22_12_4_0_0_6u_relu_config3_U0_U/ap_clk
                         FDSE                                         r  start_for_relu_array_ap_fixed_6u_array_ap_fixed_22_12_4_0_0_6u_relu_config3_U0_U/full_n_reg/C

Slack:                    inf
  Source:                 ap_start
                            (input port)
  Destination:            start_for_relu_array_ap_fixed_6u_array_ap_fixed_22_12_4_0_0_6u_relu_config3_U0_U/mOutPtr_reg[1]/D
                            (rising edge-triggered cell FDRE clocked by ap_clk  {rise@0.000ns fall@5.000ns period=10.000ns})
  Path Group:             (none)
  Path Type:              Setup (Max at Slow Process Corner)
  Data Path Delay:        0.362ns  (logic 0.165ns (45.580%)  route 0.197ns (54.420%))
  Logic Levels:           2  (LUT3=1 LUT6=1)
  Clock Path Skew:        0.021ns (DCD - SCD + CPR)
    Destination Clock Delay (DCD):    0.021ns
    Source Clock Delay      (SCD):    0.000ns
    Clock Pessimism Removal (CPR):    0.000ns
  Clock Uncertainty:      0.025ns  ((TSJ^2 + TIJ^2)^1/2 + DJ) / 2 + PE
    Total System Jitter     (TSJ):    0.050ns
    Total Input Jitter      (TIJ):    0.000ns
    Discrete Jitter          (DJ):    0.000ns
    Phase Error              (PE):    0.000ns

    Location             Delay type                Incr(ns)  Path(ns)    Netlist Resource(s)
  -------------------------------------------------------------------    -------------------
                                                      0.000     0.000 r  ap_start (IN)
                         net (fo=4, unset)            0.000     0.000    start_for_relu_array_ap_fixed_6u_array_ap_fixed_22_12_4_0_0_6u_relu_config3_U0_U/ap_start
                         LUT3 (Prop_LUT3_I0_O)        0.112     0.112 r  start_for_relu_array_ap_fixed_6u_array_ap_fixed_22_12_4_0_0_6u_relu_config3_U0_U/mOutPtr[1]_i_3__7/O
                         net (fo=4, unplaced)         0.149     0.261    start_for_relu_array_ap_fixed_6u_array_ap_fixed_22_12_4_0_0_6u_relu_config3_U0_U/conv_2d_cl_array_ap_fixed_1u_array_ap_fixed_22_12_4_0_0_6u_config2_U0_start_write
                         LUT6 (Prop_LUT6_I1_O)        0.053     0.314 r  start_for_relu_array_ap_fixed_6u_array_ap_fixed_22_12_4_0_0_6u_relu_config3_U0_U/mOutPtr[1]_i_2__2/O
                         net (fo=1, unplaced)         0.048     0.362    start_for_relu_array_ap_fixed_6u_array_ap_fixed_22_12_4_0_0_6u_relu_config3_U0_U/mOutPtr[1]_i_2__2_n_0
                         FDRE                                         r  start_for_relu_array_ap_fixed_6u_array_ap_fixed_22_12_4_0_0_6u_relu_config3_U0_U/mOutPtr_reg[1]/D
  -------------------------------------------------------------------    -------------------

                         (clock ap_clk rise edge)     0.000     0.000 r  
                                                      0.000     0.000 r  ap_clk (IN)
                         net (fo=81517, unset)        0.021     0.021    start_for_relu_array_ap_fixed_6u_array_ap_fixed_22_12_4_0_0_6u_relu_config3_U0_U/ap_clk
                         FDRE                                         r  start_for_relu_array_ap_fixed_6u_array_ap_fixed_22_12_4_0_0_6u_relu_config3_U0_U/mOutPtr_reg[1]/C

Slack:                    inf
  Source:                 ap_rst_n
                            (input port)
  Destination:            layer6_out_U/U_lenet_mnist_cap64_hls_fifo_w352_d64_A_ram/mem_reg_0/ENARDEN
                            (rising edge-triggered cell RAMB36E2 clocked by ap_clk  {rise@0.000ns fall@5.000ns period=10.000ns})
  Path Group:             (none)
  Path Type:              Setup (Max at Slow Process Corner)
  Data Path Delay:        0.358ns  (logic 0.125ns (34.916%)  route 0.233ns (65.084%))
  Logic Levels:           1  (LUT5=1)
  Clock Path Skew:        0.039ns (DCD - SCD + CPR)
    Destination Clock Delay (DCD):    0.039ns
    Source Clock Delay      (SCD):    0.000ns
    Clock Pessimism Removal (CPR):    0.000ns
  Clock Uncertainty:      0.025ns  ((TSJ^2 + TIJ^2)^1/2 + DJ) / 2 + PE
    Total System Jitter     (TSJ):    0.050ns
    Total Input Jitter      (TIJ):    0.000ns
    Discrete Jitter          (DJ):    0.000ns
    Phase Error              (PE):    0.000ns

    Location             Delay type                Incr(ns)  Path(ns)    Netlist Resource(s)
  -------------------------------------------------------------------    -------------------
                                                      0.000     0.000 f  ap_rst_n (IN)
                         net (fo=5956, unset)         0.000     0.000    layer6_out_U/U_lenet_mnist_cap64_hls_fifo_w352_d64_A_ram/ap_rst_n
                         LUT5 (Prop_LUT5_I0_O)        0.125     0.125 r  layer6_out_U/U_lenet_mnist_cap64_hls_fifo_w352_d64_A_ram/mem_reg_0_i_1__1/O
                         net (fo=5, unplaced)         0.233     0.358    layer6_out_U/U_lenet_mnist_cap64_hls_fifo_w352_d64_A_ram/mem_reg_0_i_1__1_n_0
                         RAMB36E2                                     r  layer6_out_U/U_lenet_mnist_cap64_hls_fifo_w352_d64_A_ram/mem_reg_0/ENARDEN
  -------------------------------------------------------------------    -------------------

                         (clock ap_clk rise edge)     0.000     0.000 r  
                                                      0.000     0.000 r  ap_clk (IN)
                         net (fo=81517, unset)        0.039     0.039    layer6_out_U/U_lenet_mnist_cap64_hls_fifo_w352_d64_A_ram/ap_clk
                         RAMB36E2                                     r  layer6_out_U/U_lenet_mnist_cap64_hls_fifo_w352_d64_A_ram/mem_reg_0/CLKARDCLK

Slack:                    inf
  Source:                 ap_rst_n
                            (input port)
  Destination:            layer6_out_U/U_lenet_mnist_cap64_hls_fifo_w352_d64_A_ram/mem_reg_1/ENARDEN
                            (rising edge-triggered cell RAMB36E2 clocked by ap_clk  {rise@0.000ns fall@5.000ns period=10.000ns})
  Path Group:             (none)
  Path Type:              Setup (Max at Slow Process Corner)
  Data Path Delay:        0.358ns  (logic 0.125ns (34.916%)  route 0.233ns (65.084%))
  Logic Levels:           1  (LUT5=1)
  Clock Path Skew:        0.039ns (DCD - SCD + CPR)
    Destination Clock Delay (DCD):    0.039ns
    Source Clock Delay      (SCD):    0.000ns
    Clock Pessimism Removal (CPR):    0.000ns
  Clock Uncertainty:      0.025ns  ((TSJ^2 + TIJ^2)^1/2 + DJ) / 2 + PE
    Total System Jitter     (TSJ):    0.050ns
    Total Input Jitter      (TIJ):    0.000ns
    Discrete Jitter          (DJ):    0.000ns
    Phase Error              (PE):    0.000ns

    Location             Delay type                Incr(ns)  Path(ns)    Netlist Resource(s)
  -------------------------------------------------------------------    -------------------
                                                      0.000     0.000 f  ap_rst_n (IN)
                         net (fo=5956, unset)         0.000     0.000    layer6_out_U/U_lenet_mnist_cap64_hls_fifo_w352_d64_A_ram/ap_rst_n
                         LUT5 (Prop_LUT5_I0_O)        0.125     0.125 r  layer6_out_U/U_lenet_mnist_cap64_hls_fifo_w352_d64_A_ram/mem_reg_0_i_1__1/O
                         net (fo=5, unplaced)         0.233     0.358    layer6_out_U/U_lenet_mnist_cap64_hls_fifo_w352_d64_A_ram/mem_reg_0_i_1__1_n_0
                         RAMB36E2                                     r  layer6_out_U/U_lenet_mnist_cap64_hls_fifo_w352_d64_A_ram/mem_reg_1/ENARDEN
  -------------------------------------------------------------------    -------------------

                         (clock ap_clk rise edge)     0.000     0.000 r  
                                                      0.000     0.000 r  ap_clk (IN)
                         net (fo=81517, unset)        0.039     0.039    layer6_out_U/U_lenet_mnist_cap64_hls_fifo_w352_d64_A_ram/ap_clk
                         RAMB36E2                                     r  layer6_out_U/U_lenet_mnist_cap64_hls_fifo_w352_d64_A_ram/mem_reg_1/CLKARDCLK





