Copyright 1986-2022 Xilinx, Inc. All Rights Reserved. Copyright 2022-2024 Advanced Micro Devices, Inc. All Rights Reserved.
--------------------------------------------------------------------------------------------------------------------------------------------------------
| Tool Version : Vivado v.2024.2 (lin64) Build 5239630 Fri Nov 08 22:34:34 MST 2024
| Date         : Wed Sep  9 17:52:19 2026
| Host         : ubuntu running 64-bit Ubuntu 24.04.3 LTS
| Command      : report_utilization -hierarchical -file {/home/miguel/Downloads/Plano testes TCC/H1/LeNet/RF64/vivado_ooc/utilization_hierarchical.rpt}
| Design       : lenet_mnist_cap64_hls
| Device       : xczu7ev-ffvc1156-2-e
| Speed File   : -2
| Design State : Optimized
--------------------------------------------------------------------------------------------------------------------------------------------------------

Utilization Design Information

Table of Contents
-----------------
1. Utilization by Hierarchy

1. Utilization by Hierarchy
---------------------------

+-------------------------------------------------------------------------------------------------------------------------+-----------------------------------------------------------------------------------------------------------------+------------+------------+---------+------+-------+--------+--------+------+------------+
|                                                         Instance                                                        |                                                      Module                                                     | Total LUTs | Logic LUTs | LUTRAMs | SRLs |  FFs  | RAMB36 | RAMB18 | URAM | DSP Blocks |
+-------------------------------------------------------------------------------------------------------------------------+-----------------------------------------------------------------------------------------------------------------+------------+------------+---------+------+-------+--------+--------+------+------------+
| lenet_mnist_cap64_hls                                                                                                   |                                                                                                           (top) |     132299 |     131017 |     204 | 1078 | 79750 |    108 |      5 |    0 |        692 |
|   (lenet_mnist_cap64_hls)                                                                                               |                                                                                                           (top) |          0 |          0 |       0 |    0 |     0 |      0 |      0 |    0 |          0 |
|   conv_2d_cl_array_ap_fixed_1u_array_ap_fixed_22_12_4_0_0_6u_config2_U0                                                 |                      lenet_mnist_cap64_hls_conv_2d_cl_array_ap_fixed_1u_array_ap_fixed_22_12_4_0_0_6u_config2_s |       1404 |       1316 |       0 |   88 |  2273 |      0 |      1 |    0 |          2 |
|     (conv_2d_cl_array_ap_fixed_1u_array_ap_fixed_22_12_4_0_0_6u_config2_U0)                                             |                      lenet_mnist_cap64_hls_conv_2d_cl_array_ap_fixed_1u_array_ap_fixed_22_12_4_0_0_6u_config2_s |         11 |         11 |       0 |    0 |    37 |      0 |      0 |    0 |          0 |
|     grp_compute_output_buffer_2d_array_array_ap_fixed_22_12_4_0_0_6u_config2_s_fu_118                                   |                    lenet_mnist_cap64_hls_compute_output_buffer_2d_array_array_ap_fixed_22_12_4_0_0_6u_config2_s |       1359 |       1271 |       0 |   88 |  2187 |      0 |      1 |    0 |          2 |
|       (grp_compute_output_buffer_2d_array_array_ap_fixed_22_12_4_0_0_6u_config2_s_fu_118)                               |                    lenet_mnist_cap64_hls_compute_output_buffer_2d_array_array_ap_fixed_22_12_4_0_0_6u_config2_s |        101 |        101 |       0 |    0 |   244 |      0 |      0 |    0 |          0 |
|       call_ln281_shift_line_buffer_array_ap_fixed_22_12_4_0_0_1u_config2_s_fu_131                                       |                                 lenet_mnist_cap64_hls_shift_line_buffer_array_ap_fixed_22_12_4_0_0_1u_config2_s |         89 |          1 |       0 |   88 |   440 |      0 |      0 |    0 |          0 |
|         void_conv_2d_buffer_resource_cl_stream_stream_weight_t_bias_t_line_buffer_1_U                                   |          lenet_mnist_cap64_hls_shift_line_buffer_array_ap_fixed_22_12_4_0_0_1u_config2_s_void_conv_2d_bufferbkb |         22 |          0 |       0 |   22 |   110 |      0 |      0 |    0 |          0 |
|           lenet_mnist_cap64_hls_shift_line_buffer_array_ap_fixed_22_12_4_0_0_1u_config2_s_void_conv_2d_bufferbkb_core_U | lenet_mnist_cap64_hls_shift_line_buffer_array_ap_fixed_22_12_4_0_0_1u_config2_s_void_conv_2d_bufferbkb_core_791 |         22 |          0 |       0 |   22 |   110 |      0 |      0 |    0 |          0 |
|         void_conv_2d_buffer_resource_cl_stream_stream_weight_t_bias_t_line_buffer_2_U                                   |      lenet_mnist_cap64_hls_shift_line_buffer_array_ap_fixed_22_12_4_0_0_1u_config2_s_void_conv_2d_bufferbkb_786 |         22 |          0 |       0 |   22 |   110 |      0 |      0 |    0 |          0 |
|           lenet_mnist_cap64_hls_shift_line_buffer_array_ap_fixed_22_12_4_0_0_1u_config2_s_void_conv_2d_bufferbkb_core_U | lenet_mnist_cap64_hls_shift_line_buffer_array_ap_fixed_22_12_4_0_0_1u_config2_s_void_conv_2d_bufferbkb_core_790 |         22 |          0 |       0 |   22 |   110 |      0 |      0 |    0 |          0 |
|         void_conv_2d_buffer_resource_cl_stream_stream_weight_t_bias_t_line_buffer_3_U                                   |      lenet_mnist_cap64_hls_shift_line_buffer_array_ap_fixed_22_12_4_0_0_1u_config2_s_void_conv_2d_bufferbkb_787 |         22 |          0 |       0 |   22 |   110 |      0 |      0 |    0 |          0 |
|           lenet_mnist_cap64_hls_shift_line_buffer_array_ap_fixed_22_12_4_0_0_1u_config2_s_void_conv_2d_bufferbkb_core_U | lenet_mnist_cap64_hls_shift_line_buffer_array_ap_fixed_22_12_4_0_0_1u_config2_s_void_conv_2d_bufferbkb_core_789 |         22 |          0 |       0 |   22 |   110 |      0 |      0 |    0 |          0 |
|         void_conv_2d_buffer_resource_cl_stream_stream_weight_t_bias_t_line_buffer_U                                     |      lenet_mnist_cap64_hls_shift_line_buffer_array_ap_fixed_22_12_4_0_0_1u_config2_s_void_conv_2d_bufferbkb_788 |         23 |          1 |       0 |   22 |   110 |      0 |      0 |    0 |          0 |
|           lenet_mnist_cap64_hls_shift_line_buffer_array_ap_fixed_22_12_4_0_0_1u_config2_s_void_conv_2d_bufferbkb_core_U |     lenet_mnist_cap64_hls_shift_line_buffer_array_ap_fixed_22_12_4_0_0_1u_config2_s_void_conv_2d_bufferbkb_core |         23 |          1 |       0 |   22 |   110 |      0 |      0 |    0 |          0 |
|       grp_dense_resource_rf_gt_nin_rem0_ap_fixed_ap_fixed_22_12_4_0_0_config2_mult_s_fu_195                             |                lenet_mnist_cap64_hls_dense_resource_rf_gt_nin_rem0_ap_fixed_ap_fixed_22_12_4_0_0_config2_mult_s |       1169 |       1169 |       0 |    0 |  1503 |      0 |      1 |    0 |          2 |
|         (grp_dense_resource_rf_gt_nin_rem0_ap_fixed_ap_fixed_22_12_4_0_0_config2_mult_s_fu_195)                         |                lenet_mnist_cap64_hls_dense_resource_rf_gt_nin_rem0_ap_fixed_ap_fixed_22_12_4_0_0_config2_mult_s |        634 |        634 |       0 |    0 |  1501 |      0 |      0 |    0 |          0 |
|         mul_22s_10s_32_1_1_U30                                                                                          |                                                                    lenet_mnist_cap64_hls_mul_22s_10s_32_1_1_784 |         14 |         14 |       0 |    0 |     0 |      0 |      0 |    0 |          1 |
|         mul_22s_22s_44_1_1_U28                                                                                          |                                                                    lenet_mnist_cap64_hls_mul_22s_22s_44_1_1_785 |        470 |        470 |       0 |    0 |     0 |      0 |      0 |    0 |          1 |
|         outidx_U                                                                                                        |          lenet_mnist_cap64_hls_dense_resource_rf_gt_nin_rem0_ap_fixed_ap_fixed_22_12_4_0_0_config2_mult_s_oufYi |         11 |         11 |       0 |    0 |     2 |      0 |      0 |    0 |          0 |
|         w2_U                                                                                                            |          lenet_mnist_cap64_hls_dense_resource_rf_gt_nin_rem0_ap_fixed_ap_fixed_22_12_4_0_0_config2_mult_s_w2g8j |         41 |         41 |       0 |    0 |     0 |      0 |      1 |    0 |          0 |
|     regslice_both_input_layer_U                                                                                         |                                                                             lenet_mnist_cap64_hls_regslice_both |         34 |         34 |       0 |    0 |    49 |      0 |      0 |    0 |          0 |
|   conv_2d_cl_array_ap_fixed_6u_array_ap_fixed_22_12_4_0_0_16u_config5_U0                                                |                     lenet_mnist_cap64_hls_conv_2d_cl_array_ap_fixed_6u_array_ap_fixed_22_12_4_0_0_16u_config5_s |       9409 |       8881 |       0 |  528 | 11532 |      4 |      1 |    0 |         32 |
|     (conv_2d_cl_array_ap_fixed_6u_array_ap_fixed_22_12_4_0_0_16u_config5_U0)                                            |                     lenet_mnist_cap64_hls_conv_2d_cl_array_ap_fixed_6u_array_ap_fixed_22_12_4_0_0_16u_config5_s |         16 |         16 |       0 |    0 |    13 |      0 |      0 |    0 |          0 |
|     grp_compute_output_buffer_2d_array_array_ap_fixed_22_12_4_0_0_16u_config5_s_fu_424                                  |                   lenet_mnist_cap64_hls_compute_output_buffer_2d_array_array_ap_fixed_22_12_4_0_0_16u_config5_s |       9393 |       8865 |       0 |  528 | 11519 |      4 |      1 |    0 |         32 |
|       (grp_compute_output_buffer_2d_array_array_ap_fixed_22_12_4_0_0_16u_config5_s_fu_424)                              |                   lenet_mnist_cap64_hls_compute_output_buffer_2d_array_array_ap_fixed_22_12_4_0_0_16u_config5_s |         72 |         72 |       0 |    0 |  3434 |      0 |      0 |    0 |          0 |
|       call_ln281_shift_line_buffer_array_ap_fixed_22_12_4_0_0_6u_config5_s_fu_459                                       |                                 lenet_mnist_cap64_hls_shift_line_buffer_array_ap_fixed_22_12_4_0_0_6u_config5_s |        529 |          1 |       0 |  528 |     0 |      0 |      0 |    0 |          0 |
|         p_ZZN4nnet26conv_2d_buffer_resource_clINS_5arrayI8ap_fixedILi22ELi12EL9ap_q_mode4_10_U                          |          lenet_mnist_cap64_hls_shift_line_buffer_array_ap_fixed_22_12_4_0_0_6u_config5_s_p_ZZN4nnet26conv_2dncg |         22 |          0 |       0 |   22 |     0 |      0 |      0 |    0 |          0 |
|           lenet_mnist_cap64_hls_shift_line_buffer_array_ap_fixed_22_12_4_0_0_6u_config5_s_p_ZZN4nnet26conv_2dncg_core_U | lenet_mnist_cap64_hls_shift_line_buffer_array_ap_fixed_22_12_4_0_0_6u_config5_s_p_ZZN4nnet26conv_2dncg_core_783 |         22 |          0 |       0 |   22 |     0 |      0 |      0 |    0 |          0 |
|         p_ZZN4nnet26conv_2d_buffer_resource_clINS_5arrayI8ap_fixedILi22ELi12EL9ap_q_mode4_11_U                          |      lenet_mnist_cap64_hls_shift_line_buffer_array_ap_fixed_22_12_4_0_0_6u_config5_s_p_ZZN4nnet26conv_2dncg_738 |         23 |          1 |       0 |   22 |     0 |      0 |      0 |    0 |          0 |
|           lenet_mnist_cap64_hls_shift_line_buffer_array_ap_fixed_22_12_4_0_0_6u_config5_s_p_ZZN4nnet26conv_2dncg_core_U | lenet_mnist_cap64_hls_shift_line_buffer_array_ap_fixed_22_12_4_0_0_6u_config5_s_p_ZZN4nnet26conv_2dncg_core_782 |         23 |          1 |       0 |   22 |     0 |      0 |      0 |    0 |          0 |
|         p_ZZN4nnet26conv_2d_buffer_resource_clINS_5arrayI8ap_fixedILi22ELi12EL9ap_q_mode4_12_U                          |      lenet_mnist_cap64_hls_shift_line_buffer_array_ap_fixed_22_12_4_0_0_6u_config5_s_p_ZZN4nnet26conv_2dncg_739 |         22 |          0 |       0 |   22 |     0 |      0 |      0 |    0 |          0 |
|           lenet_mnist_cap64_hls_shift_line_buffer_array_ap_fixed_22_12_4_0_0_6u_config5_s_p_ZZN4nnet26conv_2dncg_core_U | lenet_mnist_cap64_hls_shift_line_buffer_array_ap_fixed_22_12_4_0_0_6u_config5_s_p_ZZN4nnet26conv_2dncg_core_781 |         22 |          0 |       0 |   22 |     0 |      0 |      0 |    0 |          0 |
|         p_ZZN4nnet26conv_2d_buffer_resource_clINS_5arrayI8ap_fixedILi22ELi12EL9ap_q_mode4_13_U                          |      lenet_mnist_cap64_hls_shift_line_buffer_array_ap_fixed_22_12_4_0_0_6u_config5_s_p_ZZN4nnet26conv_2dncg_740 |         22 |          0 |       0 |   22 |     0 |      0 |      0 |    0 |          0 |
|           lenet_mnist_cap64_hls_shift_line_buffer_array_ap_fixed_22_12_4_0_0_6u_config5_s_p_ZZN4nnet26conv_2dncg_core_U | lenet_mnist_cap64_hls_shift_line_buffer_array_ap_fixed_22_12_4_0_0_6u_config5_s_p_ZZN4nnet26conv_2dncg_core_780 |         22 |          0 |       0 |   22 |     0 |      0 |      0 |    0 |          0 |
|         p_ZZN4nnet26conv_2d_buffer_resource_clINS_5arrayI8ap_fixedILi22ELi12EL9ap_q_mode4_14_U                          |      lenet_mnist_cap64_hls_shift_line_buffer_array_ap_fixed_22_12_4_0_0_6u_config5_s_p_ZZN4nnet26conv_2dncg_741 |         22 |          0 |       0 |   22 |     0 |      0 |      0 |    0 |          0 |
|           lenet_mnist_cap64_hls_shift_line_buffer_array_ap_fixed_22_12_4_0_0_6u_config5_s_p_ZZN4nnet26conv_2dncg_core_U | lenet_mnist_cap64_hls_shift_line_buffer_array_ap_fixed_22_12_4_0_0_6u_config5_s_p_ZZN4nnet26conv_2dncg_core_779 |         22 |          0 |       0 |   22 |     0 |      0 |      0 |    0 |          0 |
|         p_ZZN4nnet26conv_2d_buffer_resource_clINS_5arrayI8ap_fixedILi22ELi12EL9ap_q_mode4_15_U                          |      lenet_mnist_cap64_hls_shift_line_buffer_array_ap_fixed_22_12_4_0_0_6u_config5_s_p_ZZN4nnet26conv_2dncg_742 |         22 |          0 |       0 |   22 |     0 |      0 |      0 |    0 |          0 |
|           lenet_mnist_cap64_hls_shift_line_buffer_array_ap_fixed_22_12_4_0_0_6u_config5_s_p_ZZN4nnet26conv_2dncg_core_U | lenet_mnist_cap64_hls_shift_line_buffer_array_ap_fixed_22_12_4_0_0_6u_config5_s_p_ZZN4nnet26conv_2dncg_core_778 |         22 |          0 |       0 |   22 |     0 |      0 |      0 |    0 |          0 |
|         p_ZZN4nnet26conv_2d_buffer_resource_clINS_5arrayI8ap_fixedILi22ELi12EL9ap_q_mode4_16_U                          |      lenet_mnist_cap64_hls_shift_line_buffer_array_ap_fixed_22_12_4_0_0_6u_config5_s_p_ZZN4nnet26conv_2dncg_743 |         22 |          0 |       0 |   22 |     0 |      0 |      0 |    0 |          0 |
|           lenet_mnist_cap64_hls_shift_line_buffer_array_ap_fixed_22_12_4_0_0_6u_config5_s_p_ZZN4nnet26conv_2dncg_core_U | lenet_mnist_cap64_hls_shift_line_buffer_array_ap_fixed_22_12_4_0_0_6u_config5_s_p_ZZN4nnet26conv_2dncg_core_777 |         22 |          0 |       0 |   22 |     0 |      0 |      0 |    0 |          0 |
|         p_ZZN4nnet26conv_2d_buffer_resource_clINS_5arrayI8ap_fixedILi22ELi12EL9ap_q_mode4_17_U                          |      lenet_mnist_cap64_hls_shift_line_buffer_array_ap_fixed_22_12_4_0_0_6u_config5_s_p_ZZN4nnet26conv_2dncg_744 |         22 |          0 |       0 |   22 |     0 |      0 |      0 |    0 |          0 |
|           lenet_mnist_cap64_hls_shift_line_buffer_array_ap_fixed_22_12_4_0_0_6u_config5_s_p_ZZN4nnet26conv_2dncg_core_U | lenet_mnist_cap64_hls_shift_line_buffer_array_ap_fixed_22_12_4_0_0_6u_config5_s_p_ZZN4nnet26conv_2dncg_core_776 |         22 |          0 |       0 |   22 |     0 |      0 |      0 |    0 |          0 |
|         p_ZZN4nnet26conv_2d_buffer_resource_clINS_5arrayI8ap_fixedILi22ELi12EL9ap_q_mode4_18_U                          |      lenet_mnist_cap64_hls_shift_line_buffer_array_ap_fixed_22_12_4_0_0_6u_config5_s_p_ZZN4nnet26conv_2dncg_745 |         22 |          0 |       0 |   22 |     0 |      0 |      0 |    0 |          0 |
|           lenet_mnist_cap64_hls_shift_line_buffer_array_ap_fixed_22_12_4_0_0_6u_config5_s_p_ZZN4nnet26conv_2dncg_core_U | lenet_mnist_cap64_hls_shift_line_buffer_array_ap_fixed_22_12_4_0_0_6u_config5_s_p_ZZN4nnet26conv_2dncg_core_775 |         22 |          0 |       0 |   22 |     0 |      0 |      0 |    0 |          0 |
|         p_ZZN4nnet26conv_2d_buffer_resource_clINS_5arrayI8ap_fixedILi22ELi12EL9ap_q_mode4_19_U                          |      lenet_mnist_cap64_hls_shift_line_buffer_array_ap_fixed_22_12_4_0_0_6u_config5_s_p_ZZN4nnet26conv_2dncg_746 |         22 |          0 |       0 |   22 |     0 |      0 |      0 |    0 |          0 |
|           lenet_mnist_cap64_hls_shift_line_buffer_array_ap_fixed_22_12_4_0_0_6u_config5_s_p_ZZN4nnet26conv_2dncg_core_U | lenet_mnist_cap64_hls_shift_line_buffer_array_ap_fixed_22_12_4_0_0_6u_config5_s_p_ZZN4nnet26conv_2dncg_core_774 |         22 |          0 |       0 |   22 |     0 |      0 |      0 |    0 |          0 |
|         p_ZZN4nnet26conv_2d_buffer_resource_clINS_5arrayI8ap_fixedILi22ELi12EL9ap_q_mode4_1_U                           |      lenet_mnist_cap64_hls_shift_line_buffer_array_ap_fixed_22_12_4_0_0_6u_config5_s_p_ZZN4nnet26conv_2dncg_747 |         22 |          0 |       0 |   22 |     0 |      0 |      0 |    0 |          0 |
|           lenet_mnist_cap64_hls_shift_line_buffer_array_ap_fixed_22_12_4_0_0_6u_config5_s_p_ZZN4nnet26conv_2dncg_core_U | lenet_mnist_cap64_hls_shift_line_buffer_array_ap_fixed_22_12_4_0_0_6u_config5_s_p_ZZN4nnet26conv_2dncg_core_773 |         22 |          0 |       0 |   22 |     0 |      0 |      0 |    0 |          0 |
|         p_ZZN4nnet26conv_2d_buffer_resource_clINS_5arrayI8ap_fixedILi22ELi12EL9ap_q_mode4_20_U                          |      lenet_mnist_cap64_hls_shift_line_buffer_array_ap_fixed_22_12_4_0_0_6u_config5_s_p_ZZN4nnet26conv_2dncg_748 |         22 |          0 |       0 |   22 |     0 |      0 |      0 |    0 |          0 |
|           lenet_mnist_cap64_hls_shift_line_buffer_array_ap_fixed_22_12_4_0_0_6u_config5_s_p_ZZN4nnet26conv_2dncg_core_U | lenet_mnist_cap64_hls_shift_line_buffer_array_ap_fixed_22_12_4_0_0_6u_config5_s_p_ZZN4nnet26conv_2dncg_core_772 |         22 |          0 |       0 |   22 |     0 |      0 |      0 |    0 |          0 |
|         p_ZZN4nnet26conv_2d_buffer_resource_clINS_5arrayI8ap_fixedILi22ELi12EL9ap_q_mode4_21_U                          |      lenet_mnist_cap64_hls_shift_line_buffer_array_ap_fixed_22_12_4_0_0_6u_config5_s_p_ZZN4nnet26conv_2dncg_749 |         22 |          0 |       0 |   22 |     0 |      0 |      0 |    0 |          0 |
|           lenet_mnist_cap64_hls_shift_line_buffer_array_ap_fixed_22_12_4_0_0_6u_config5_s_p_ZZN4nnet26conv_2dncg_core_U | lenet_mnist_cap64_hls_shift_line_buffer_array_ap_fixed_22_12_4_0_0_6u_config5_s_p_ZZN4nnet26conv_2dncg_core_771 |         22 |          0 |       0 |   22 |     0 |      0 |      0 |    0 |          0 |
|         p_ZZN4nnet26conv_2d_buffer_resource_clINS_5arrayI8ap_fixedILi22ELi12EL9ap_q_mode4_22_U                          |      lenet_mnist_cap64_hls_shift_line_buffer_array_ap_fixed_22_12_4_0_0_6u_config5_s_p_ZZN4nnet26conv_2dncg_750 |         22 |          0 |       0 |   22 |     0 |      0 |      0 |    0 |          0 |
|           lenet_mnist_cap64_hls_shift_line_buffer_array_ap_fixed_22_12_4_0_0_6u_config5_s_p_ZZN4nnet26conv_2dncg_core_U | lenet_mnist_cap64_hls_shift_line_buffer_array_ap_fixed_22_12_4_0_0_6u_config5_s_p_ZZN4nnet26conv_2dncg_core_770 |         22 |          0 |       0 |   22 |     0 |      0 |      0 |    0 |          0 |
|         p_ZZN4nnet26conv_2d_buffer_resource_clINS_5arrayI8ap_fixedILi22ELi12EL9ap_q_mode4_23_U                          |      lenet_mnist_cap64_hls_shift_line_buffer_array_ap_fixed_22_12_4_0_0_6u_config5_s_p_ZZN4nnet26conv_2dncg_751 |         22 |          0 |       0 |   22 |     0 |      0 |      0 |    0 |          0 |
|           lenet_mnist_cap64_hls_shift_line_buffer_array_ap_fixed_22_12_4_0_0_6u_config5_s_p_ZZN4nnet26conv_2dncg_core_U | lenet_mnist_cap64_hls_shift_line_buffer_array_ap_fixed_22_12_4_0_0_6u_config5_s_p_ZZN4nnet26conv_2dncg_core_769 |         22 |          0 |       0 |   22 |     0 |      0 |      0 |    0 |          0 |
|         p_ZZN4nnet26conv_2d_buffer_resource_clINS_5arrayI8ap_fixedILi22ELi12EL9ap_q_mode4_2_U                           |      lenet_mnist_cap64_hls_shift_line_buffer_array_ap_fixed_22_12_4_0_0_6u_config5_s_p_ZZN4nnet26conv_2dncg_752 |         22 |          0 |       0 |   22 |     0 |      0 |      0 |    0 |          0 |
|           lenet_mnist_cap64_hls_shift_line_buffer_array_ap_fixed_22_12_4_0_0_6u_config5_s_p_ZZN4nnet26conv_2dncg_core_U | lenet_mnist_cap64_hls_shift_line_buffer_array_ap_fixed_22_12_4_0_0_6u_config5_s_p_ZZN4nnet26conv_2dncg_core_768 |         22 |          0 |       0 |   22 |     0 |      0 |      0 |    0 |          0 |
|         p_ZZN4nnet26conv_2d_buffer_resource_clINS_5arrayI8ap_fixedILi22ELi12EL9ap_q_mode4_3_U                           |      lenet_mnist_cap64_hls_shift_line_buffer_array_ap_fixed_22_12_4_0_0_6u_config5_s_p_ZZN4nnet26conv_2dncg_753 |         22 |          0 |       0 |   22 |     0 |      0 |      0 |    0 |          0 |
|           lenet_mnist_cap64_hls_shift_line_buffer_array_ap_fixed_22_12_4_0_0_6u_config5_s_p_ZZN4nnet26conv_2dncg_core_U | lenet_mnist_cap64_hls_shift_line_buffer_array_ap_fixed_22_12_4_0_0_6u_config5_s_p_ZZN4nnet26conv_2dncg_core_767 |         22 |          0 |       0 |   22 |     0 |      0 |      0 |    0 |          0 |
|         p_ZZN4nnet26conv_2d_buffer_resource_clINS_5arrayI8ap_fixedILi22ELi12EL9ap_q_mode4_4_U                           |      lenet_mnist_cap64_hls_shift_line_buffer_array_ap_fixed_22_12_4_0_0_6u_config5_s_p_ZZN4nnet26conv_2dncg_754 |         22 |          0 |       0 |   22 |     0 |      0 |      0 |    0 |          0 |
|           lenet_mnist_cap64_hls_shift_line_buffer_array_ap_fixed_22_12_4_0_0_6u_config5_s_p_ZZN4nnet26conv_2dncg_core_U | lenet_mnist_cap64_hls_shift_line_buffer_array_ap_fixed_22_12_4_0_0_6u_config5_s_p_ZZN4nnet26conv_2dncg_core_766 |         22 |          0 |       0 |   22 |     0 |      0 |      0 |    0 |          0 |
|         p_ZZN4nnet26conv_2d_buffer_resource_clINS_5arrayI8ap_fixedILi22ELi12EL9ap_q_mode4_5_U                           |      lenet_mnist_cap64_hls_shift_line_buffer_array_ap_fixed_22_12_4_0_0_6u_config5_s_p_ZZN4nnet26conv_2dncg_755 |         22 |          0 |       0 |   22 |     0 |      0 |      0 |    0 |          0 |
|           lenet_mnist_cap64_hls_shift_line_buffer_array_ap_fixed_22_12_4_0_0_6u_config5_s_p_ZZN4nnet26conv_2dncg_core_U | lenet_mnist_cap64_hls_shift_line_buffer_array_ap_fixed_22_12_4_0_0_6u_config5_s_p_ZZN4nnet26conv_2dncg_core_765 |         22 |          0 |       0 |   22 |     0 |      0 |      0 |    0 |          0 |
|         p_ZZN4nnet26conv_2d_buffer_resource_clINS_5arrayI8ap_fixedILi22ELi12EL9ap_q_mode4_6_U                           |      lenet_mnist_cap64_hls_shift_line_buffer_array_ap_fixed_22_12_4_0_0_6u_config5_s_p_ZZN4nnet26conv_2dncg_756 |         22 |          0 |       0 |   22 |     0 |      0 |      0 |    0 |          0 |
|           lenet_mnist_cap64_hls_shift_line_buffer_array_ap_fixed_22_12_4_0_0_6u_config5_s_p_ZZN4nnet26conv_2dncg_core_U | lenet_mnist_cap64_hls_shift_line_buffer_array_ap_fixed_22_12_4_0_0_6u_config5_s_p_ZZN4nnet26conv_2dncg_core_764 |         22 |          0 |       0 |   22 |     0 |      0 |      0 |    0 |          0 |
|         p_ZZN4nnet26conv_2d_buffer_resource_clINS_5arrayI8ap_fixedILi22ELi12EL9ap_q_mode4_7_U                           |      lenet_mnist_cap64_hls_shift_line_buffer_array_ap_fixed_22_12_4_0_0_6u_config5_s_p_ZZN4nnet26conv_2dncg_757 |         22 |          0 |       0 |   22 |     0 |      0 |      0 |    0 |          0 |
|           lenet_mnist_cap64_hls_shift_line_buffer_array_ap_fixed_22_12_4_0_0_6u_config5_s_p_ZZN4nnet26conv_2dncg_core_U | lenet_mnist_cap64_hls_shift_line_buffer_array_ap_fixed_22_12_4_0_0_6u_config5_s_p_ZZN4nnet26conv_2dncg_core_763 |         22 |          0 |       0 |   22 |     0 |      0 |      0 |    0 |          0 |
|         p_ZZN4nnet26conv_2d_buffer_resource_clINS_5arrayI8ap_fixedILi22ELi12EL9ap_q_mode4_8_U                           |      lenet_mnist_cap64_hls_shift_line_buffer_array_ap_fixed_22_12_4_0_0_6u_config5_s_p_ZZN4nnet26conv_2dncg_758 |         22 |          0 |       0 |   22 |     0 |      0 |      0 |    0 |          0 |
|           lenet_mnist_cap64_hls_shift_line_buffer_array_ap_fixed_22_12_4_0_0_6u_config5_s_p_ZZN4nnet26conv_2dncg_core_U | lenet_mnist_cap64_hls_shift_line_buffer_array_ap_fixed_22_12_4_0_0_6u_config5_s_p_ZZN4nnet26conv_2dncg_core_762 |         22 |          0 |       0 |   22 |     0 |      0 |      0 |    0 |          0 |
|         p_ZZN4nnet26conv_2d_buffer_resource_clINS_5arrayI8ap_fixedILi22ELi12EL9ap_q_mode4_9_U                           |      lenet_mnist_cap64_hls_shift_line_buffer_array_ap_fixed_22_12_4_0_0_6u_config5_s_p_ZZN4nnet26conv_2dncg_759 |         22 |          0 |       0 |   22 |     0 |      0 |      0 |    0 |          0 |
|           lenet_mnist_cap64_hls_shift_line_buffer_array_ap_fixed_22_12_4_0_0_6u_config5_s_p_ZZN4nnet26conv_2dncg_core_U | lenet_mnist_cap64_hls_shift_line_buffer_array_ap_fixed_22_12_4_0_0_6u_config5_s_p_ZZN4nnet26conv_2dncg_core_761 |         22 |          0 |       0 |   22 |     0 |      0 |      0 |    0 |          0 |
|         p_ZZN4nnet26conv_2d_buffer_resource_clINS_5arrayI8ap_fixedILi22ELi12EL9ap_q_mode4_U                             |      lenet_mnist_cap64_hls_shift_line_buffer_array_ap_fixed_22_12_4_0_0_6u_config5_s_p_ZZN4nnet26conv_2dncg_760 |         22 |          0 |       0 |   22 |     0 |      0 |      0 |    0 |          0 |
|           lenet_mnist_cap64_hls_shift_line_buffer_array_ap_fixed_22_12_4_0_0_6u_config5_s_p_ZZN4nnet26conv_2dncg_core_U |     lenet_mnist_cap64_hls_shift_line_buffer_array_ap_fixed_22_12_4_0_0_6u_config5_s_p_ZZN4nnet26conv_2dncg_core |         22 |          0 |       0 |   22 |     0 |      0 |      0 |    0 |          0 |
|       grp_dense_resource_rf_leq_nin_ap_fixed_ap_fixed_22_12_4_0_0_config5_mult_s_fu_823                                 |                    lenet_mnist_cap64_hls_dense_resource_rf_leq_nin_ap_fixed_ap_fixed_22_12_4_0_0_config5_mult_s |       8792 |       8792 |       0 |    0 |  8085 |      4 |      1 |    0 |         32 |
|         (grp_dense_resource_rf_leq_nin_ap_fixed_ap_fixed_22_12_4_0_0_config5_mult_s_fu_823)                             |                    lenet_mnist_cap64_hls_dense_resource_rf_leq_nin_ap_fixed_ap_fixed_22_12_4_0_0_config5_mult_s |       3655 |       3655 |       0 |    0 |  8085 |      0 |      0 |    0 |          0 |
|         mul_22s_10s_32_1_1_U301                                                                                         |                                                                    lenet_mnist_cap64_hls_mul_22s_10s_32_1_1_706 |         14 |         14 |       0 |    0 |     0 |      0 |      0 |    0 |          1 |
|         mul_22s_22s_44_1_1_U268                                                                                         |                                                                    lenet_mnist_cap64_hls_mul_22s_22s_44_1_1_707 |         72 |         72 |       0 |    0 |     0 |      0 |      0 |    0 |          1 |
|         mul_22s_22s_44_1_1_U269                                                                                         |                                                                    lenet_mnist_cap64_hls_mul_22s_22s_44_1_1_708 |        113 |        113 |       0 |    0 |     0 |      0 |      0 |    0 |          1 |
|         mul_22s_22s_44_1_1_U270                                                                                         |                                                                    lenet_mnist_cap64_hls_mul_22s_22s_44_1_1_709 |         72 |         72 |       0 |    0 |     0 |      0 |      0 |    0 |          1 |
|         mul_22s_22s_44_1_1_U271                                                                                         |                                                                    lenet_mnist_cap64_hls_mul_22s_22s_44_1_1_710 |         72 |         72 |       0 |    0 |     0 |      0 |      0 |    0 |          1 |
|         mul_22s_22s_44_1_1_U272                                                                                         |                                                                    lenet_mnist_cap64_hls_mul_22s_22s_44_1_1_711 |         72 |         72 |       0 |    0 |     0 |      0 |      0 |    0 |          1 |
|         mul_22s_22s_44_1_1_U273                                                                                         |                                                                    lenet_mnist_cap64_hls_mul_22s_22s_44_1_1_712 |         72 |         72 |       0 |    0 |     0 |      0 |      0 |    0 |          1 |
|         mul_22s_22s_44_1_1_U274                                                                                         |                                                                    lenet_mnist_cap64_hls_mul_22s_22s_44_1_1_713 |         72 |         72 |       0 |    0 |     0 |      0 |      0 |    0 |          1 |
|         mul_22s_22s_44_1_1_U275                                                                                         |                                                                    lenet_mnist_cap64_hls_mul_22s_22s_44_1_1_714 |         72 |         72 |       0 |    0 |     0 |      0 |      0 |    0 |          1 |
|         mul_22s_22s_44_1_1_U276                                                                                         |                                                                    lenet_mnist_cap64_hls_mul_22s_22s_44_1_1_715 |         72 |         72 |       0 |    0 |     0 |      0 |      0 |    0 |          1 |
|         mul_22s_22s_44_1_1_U277                                                                                         |                                                                    lenet_mnist_cap64_hls_mul_22s_22s_44_1_1_716 |         72 |         72 |       0 |    0 |     0 |      0 |      0 |    0 |          1 |
|         mul_22s_22s_44_1_1_U278                                                                                         |                                                                    lenet_mnist_cap64_hls_mul_22s_22s_44_1_1_717 |         72 |         72 |       0 |    0 |     0 |      0 |      0 |    0 |          1 |
|         mul_22s_22s_44_1_1_U279                                                                                         |                                                                    lenet_mnist_cap64_hls_mul_22s_22s_44_1_1_718 |         72 |         72 |       0 |    0 |     0 |      0 |      0 |    0 |          1 |
|         mul_22s_22s_44_1_1_U280                                                                                         |                                                                    lenet_mnist_cap64_hls_mul_22s_22s_44_1_1_719 |         72 |         72 |       0 |    0 |     0 |      0 |      0 |    0 |          1 |
|         mul_22s_22s_44_1_1_U281                                                                                         |                                                                    lenet_mnist_cap64_hls_mul_22s_22s_44_1_1_720 |         72 |         72 |       0 |    0 |     0 |      0 |      0 |    0 |          1 |
|         mul_22s_22s_44_1_1_U282                                                                                         |                                                                    lenet_mnist_cap64_hls_mul_22s_22s_44_1_1_721 |         73 |         73 |       0 |    0 |     0 |      0 |      0 |    0 |          1 |
|         mul_22s_22s_44_1_1_U283                                                                                         |                                                                    lenet_mnist_cap64_hls_mul_22s_22s_44_1_1_722 |         72 |         72 |       0 |    0 |     0 |      0 |      0 |    0 |          1 |
|         mul_22s_22s_44_1_1_U284                                                                                         |                                                                    lenet_mnist_cap64_hls_mul_22s_22s_44_1_1_723 |         72 |         72 |       0 |    0 |     0 |      0 |      0 |    0 |          1 |
|         mul_22s_22s_44_1_1_U285                                                                                         |                                                                    lenet_mnist_cap64_hls_mul_22s_22s_44_1_1_724 |         72 |         72 |       0 |    0 |     0 |      0 |      0 |    0 |          1 |
|         mul_22s_22s_44_1_1_U286                                                                                         |                                                                    lenet_mnist_cap64_hls_mul_22s_22s_44_1_1_725 |         72 |         72 |       0 |    0 |     0 |      0 |      0 |    0 |          1 |
|         mul_22s_22s_44_1_1_U287                                                                                         |                                                                    lenet_mnist_cap64_hls_mul_22s_22s_44_1_1_726 |         72 |         72 |       0 |    0 |     0 |      0 |      0 |    0 |          1 |
|         mul_22s_22s_44_1_1_U288                                                                                         |                                                                    lenet_mnist_cap64_hls_mul_22s_22s_44_1_1_727 |         72 |         72 |       0 |    0 |     0 |      0 |      0 |    0 |          1 |
|         mul_22s_22s_44_1_1_U289                                                                                         |                                                                    lenet_mnist_cap64_hls_mul_22s_22s_44_1_1_728 |         72 |         72 |       0 |    0 |     0 |      0 |      0 |    0 |          1 |
|         mul_22s_22s_44_1_1_U290                                                                                         |                                                                    lenet_mnist_cap64_hls_mul_22s_22s_44_1_1_729 |         72 |         72 |       0 |    0 |     0 |      0 |      0 |    0 |          1 |
|         mul_22s_22s_44_1_1_U291                                                                                         |                                                                    lenet_mnist_cap64_hls_mul_22s_22s_44_1_1_730 |         72 |         72 |       0 |    0 |     0 |      0 |      0 |    0 |          1 |
|         mul_22s_22s_44_1_1_U292                                                                                         |                                                                    lenet_mnist_cap64_hls_mul_22s_22s_44_1_1_731 |         72 |         72 |       0 |    0 |     0 |      0 |      0 |    0 |          1 |
|         mul_22s_22s_44_1_1_U293                                                                                         |                                                                    lenet_mnist_cap64_hls_mul_22s_22s_44_1_1_732 |         72 |         72 |       0 |    0 |     0 |      0 |      0 |    0 |          1 |
|         mul_22s_22s_44_1_1_U294                                                                                         |                                                                    lenet_mnist_cap64_hls_mul_22s_22s_44_1_1_733 |         72 |         72 |       0 |    0 |     0 |      0 |      0 |    0 |          1 |
|         mul_22s_22s_44_1_1_U295                                                                                         |                                                                    lenet_mnist_cap64_hls_mul_22s_22s_44_1_1_734 |         72 |         72 |       0 |    0 |     0 |      0 |      0 |    0 |          1 |
|         mul_22s_22s_44_1_1_U296                                                                                         |                                                                    lenet_mnist_cap64_hls_mul_22s_22s_44_1_1_735 |        870 |        870 |       0 |    0 |     0 |      0 |      0 |    0 |          1 |
|         mul_22s_22s_44_1_1_U297                                                                                         |                                                                    lenet_mnist_cap64_hls_mul_22s_22s_44_1_1_736 |        935 |        935 |       0 |    0 |     0 |      0 |      0 |    0 |          1 |
|         mul_22s_22s_44_1_1_U298                                                                                         |                                                                    lenet_mnist_cap64_hls_mul_22s_22s_44_1_1_737 |        198 |        198 |       0 |    0 |     0 |      0 |      0 |    0 |          1 |
|         w5_U                                                                                                            |          lenet_mnist_cap64_hls_dense_resource_rf_leq_nin_ap_fixed_ap_fixed_22_12_4_0_0_config5_mult_s_w5_ROMLf8 |       1124 |       1124 |       0 |    0 |     0 |      4 |      1 |    0 |          0 |
|   dense_array_ap_fixed_120u_array_ap_fixed_22_12_4_0_0_84u_config11_U0                                                  |                       lenet_mnist_cap64_hls_dense_array_ap_fixed_120u_array_ap_fixed_22_12_4_0_0_84u_config11_s |      29714 |      29714 |       0 |    0 | 15046 |     22 |      1 |    0 |        168 |
|     (dense_array_ap_fixed_120u_array_ap_fixed_22_12_4_0_0_84u_config11_U0)                                              |                       lenet_mnist_cap64_hls_dense_array_ap_fixed_120u_array_ap_fixed_22_12_4_0_0_84u_config11_s |          2 |          2 |       0 |    0 |  2524 |      0 |      0 |    0 |          0 |
|     grp_dense_resource_rf_leq_nin_ap_fixed_ap_fixed_22_12_4_0_0_config11_s_fu_515                                       |                        lenet_mnist_cap64_hls_dense_resource_rf_leq_nin_ap_fixed_ap_fixed_22_12_4_0_0_config11_s |      29712 |      29712 |       0 |    0 | 12522 |     22 |      1 |    0 |        168 |
|       (grp_dense_resource_rf_leq_nin_ap_fixed_ap_fixed_22_12_4_0_0_config11_s_fu_515)                                   |                        lenet_mnist_cap64_hls_dense_resource_rf_leq_nin_ap_fixed_ap_fixed_22_12_4_0_0_config11_s |      11511 |      11511 |       0 |    0 | 12522 |      0 |      0 |    0 |          0 |
|       mul_22s_10s_32_1_1_U1721                                                                                          |                                                                    lenet_mnist_cap64_hls_mul_22s_10s_32_1_1_538 |         14 |         14 |       0 |    0 |     0 |      0 |      0 |    0 |          1 |
|       mul_22s_22s_44_1_1_U1552                                                                                          |                                                                    lenet_mnist_cap64_hls_mul_22s_22s_44_1_1_539 |         62 |         62 |       0 |    0 |     0 |      0 |      0 |    0 |          1 |
|       mul_22s_22s_44_1_1_U1553                                                                                          |                                                                    lenet_mnist_cap64_hls_mul_22s_22s_44_1_1_540 |         97 |         97 |       0 |    0 |     0 |      0 |      0 |    0 |          1 |
|       mul_22s_22s_44_1_1_U1554                                                                                          |                                                                    lenet_mnist_cap64_hls_mul_22s_22s_44_1_1_541 |         62 |         62 |       0 |    0 |     0 |      0 |      0 |    0 |          1 |
|       mul_22s_22s_44_1_1_U1555                                                                                          |                                                                    lenet_mnist_cap64_hls_mul_22s_22s_44_1_1_542 |         62 |         62 |       0 |    0 |     0 |      0 |      0 |    0 |          1 |
|       mul_22s_22s_44_1_1_U1556                                                                                          |                                                                    lenet_mnist_cap64_hls_mul_22s_22s_44_1_1_543 |         62 |         62 |       0 |    0 |     0 |      0 |      0 |    0 |          1 |
|       mul_22s_22s_44_1_1_U1557                                                                                          |                                                                    lenet_mnist_cap64_hls_mul_22s_22s_44_1_1_544 |         62 |         62 |       0 |    0 |     0 |      0 |      0 |    0 |          1 |
|       mul_22s_22s_44_1_1_U1558                                                                                          |                                                                    lenet_mnist_cap64_hls_mul_22s_22s_44_1_1_545 |         62 |         62 |       0 |    0 |     0 |      0 |      0 |    0 |          1 |
|       mul_22s_22s_44_1_1_U1559                                                                                          |                                                                    lenet_mnist_cap64_hls_mul_22s_22s_44_1_1_546 |         62 |         62 |       0 |    0 |     0 |      0 |      0 |    0 |          1 |
|       mul_22s_22s_44_1_1_U1560                                                                                          |                                                                    lenet_mnist_cap64_hls_mul_22s_22s_44_1_1_547 |         97 |         97 |       0 |    0 |     0 |      0 |      0 |    0 |          1 |
|       mul_22s_22s_44_1_1_U1561                                                                                          |                                                                    lenet_mnist_cap64_hls_mul_22s_22s_44_1_1_548 |         64 |         64 |       0 |    0 |     0 |      0 |      0 |    0 |          1 |
|       mul_22s_22s_44_1_1_U1562                                                                                          |                                                                    lenet_mnist_cap64_hls_mul_22s_22s_44_1_1_549 |         62 |         62 |       0 |    0 |     0 |      0 |      0 |    0 |          1 |
|       mul_22s_22s_44_1_1_U1563                                                                                          |                                                                    lenet_mnist_cap64_hls_mul_22s_22s_44_1_1_550 |         62 |         62 |       0 |    0 |     0 |      0 |      0 |    0 |          1 |
|       mul_22s_22s_44_1_1_U1564                                                                                          |                                                                    lenet_mnist_cap64_hls_mul_22s_22s_44_1_1_551 |         63 |         63 |       0 |    0 |     0 |      0 |      0 |    0 |          1 |
|       mul_22s_22s_44_1_1_U1565                                                                                          |                                                                    lenet_mnist_cap64_hls_mul_22s_22s_44_1_1_552 |         62 |         62 |       0 |    0 |     0 |      0 |      0 |    0 |          1 |
|       mul_22s_22s_44_1_1_U1566                                                                                          |                                                                    lenet_mnist_cap64_hls_mul_22s_22s_44_1_1_553 |         63 |         63 |       0 |    0 |     0 |      0 |      0 |    0 |          1 |
|       mul_22s_22s_44_1_1_U1567                                                                                          |                                                                    lenet_mnist_cap64_hls_mul_22s_22s_44_1_1_554 |        163 |        163 |       0 |    0 |     0 |      0 |      0 |    0 |          1 |
|       mul_22s_22s_44_1_1_U1568                                                                                          |                                                                    lenet_mnist_cap64_hls_mul_22s_22s_44_1_1_555 |         61 |         61 |       0 |    0 |     0 |      0 |      0 |    0 |          1 |
|       mul_22s_22s_44_1_1_U1569                                                                                          |                                                                    lenet_mnist_cap64_hls_mul_22s_22s_44_1_1_556 |         62 |         62 |       0 |    0 |     0 |      0 |      0 |    0 |          1 |
|       mul_22s_22s_44_1_1_U1570                                                                                          |                                                                    lenet_mnist_cap64_hls_mul_22s_22s_44_1_1_557 |         62 |         62 |       0 |    0 |     0 |      0 |      0 |    0 |          1 |
|       mul_22s_22s_44_1_1_U1571                                                                                          |                                                                    lenet_mnist_cap64_hls_mul_22s_22s_44_1_1_558 |         62 |         62 |       0 |    0 |     0 |      0 |      0 |    0 |          1 |
|       mul_22s_22s_44_1_1_U1572                                                                                          |                                                                    lenet_mnist_cap64_hls_mul_22s_22s_44_1_1_559 |         62 |         62 |       0 |    0 |     0 |      0 |      0 |    0 |          1 |
|       mul_22s_22s_44_1_1_U1573                                                                                          |                                                                    lenet_mnist_cap64_hls_mul_22s_22s_44_1_1_560 |         62 |         62 |       0 |    0 |     0 |      0 |      0 |    0 |          1 |
|       mul_22s_22s_44_1_1_U1574                                                                                          |                                                                    lenet_mnist_cap64_hls_mul_22s_22s_44_1_1_561 |         62 |         62 |       0 |    0 |     0 |      0 |      0 |    0 |          1 |
|       mul_22s_22s_44_1_1_U1575                                                                                          |                                                                    lenet_mnist_cap64_hls_mul_22s_22s_44_1_1_562 |         62 |         62 |       0 |    0 |     0 |      0 |      0 |    0 |          1 |
|       mul_22s_22s_44_1_1_U1576                                                                                          |                                                                    lenet_mnist_cap64_hls_mul_22s_22s_44_1_1_563 |         64 |         64 |       0 |    0 |     0 |      0 |      0 |    0 |          1 |
|       mul_22s_22s_44_1_1_U1577                                                                                          |                                                                    lenet_mnist_cap64_hls_mul_22s_22s_44_1_1_564 |         64 |         64 |       0 |    0 |     0 |      0 |      0 |    0 |          1 |
|       mul_22s_22s_44_1_1_U1578                                                                                          |                                                                    lenet_mnist_cap64_hls_mul_22s_22s_44_1_1_565 |         62 |         62 |       0 |    0 |     0 |      0 |      0 |    0 |          1 |
|       mul_22s_22s_44_1_1_U1579                                                                                          |                                                                    lenet_mnist_cap64_hls_mul_22s_22s_44_1_1_566 |         62 |         62 |       0 |    0 |     0 |      0 |      0 |    0 |          1 |
|       mul_22s_22s_44_1_1_U1580                                                                                          |                                                                    lenet_mnist_cap64_hls_mul_22s_22s_44_1_1_567 |         62 |         62 |       0 |    0 |     0 |      0 |      0 |    0 |          1 |
|       mul_22s_22s_44_1_1_U1581                                                                                          |                                                                    lenet_mnist_cap64_hls_mul_22s_22s_44_1_1_568 |         62 |         62 |       0 |    0 |     0 |      0 |      0 |    0 |          1 |
|       mul_22s_22s_44_1_1_U1582                                                                                          |                                                                    lenet_mnist_cap64_hls_mul_22s_22s_44_1_1_569 |         62 |         62 |       0 |    0 |     0 |      0 |      0 |    0 |          1 |
|       mul_22s_22s_44_1_1_U1583                                                                                          |                                                                    lenet_mnist_cap64_hls_mul_22s_22s_44_1_1_570 |         61 |         61 |       0 |    0 |     0 |      0 |      0 |    0 |          1 |
|       mul_22s_22s_44_1_1_U1584                                                                                          |                                                                    lenet_mnist_cap64_hls_mul_22s_22s_44_1_1_571 |         62 |         62 |       0 |    0 |     0 |      0 |      0 |    0 |          1 |
|       mul_22s_22s_44_1_1_U1585                                                                                          |                                                                    lenet_mnist_cap64_hls_mul_22s_22s_44_1_1_572 |         62 |         62 |       0 |    0 |     0 |      0 |      0 |    0 |          1 |
|       mul_22s_22s_44_1_1_U1586                                                                                          |                                                                    lenet_mnist_cap64_hls_mul_22s_22s_44_1_1_573 |         71 |         71 |       0 |    0 |     0 |      0 |      0 |    0 |          1 |
|       mul_22s_22s_44_1_1_U1587                                                                                          |                                                                    lenet_mnist_cap64_hls_mul_22s_22s_44_1_1_574 |         62 |         62 |       0 |    0 |     0 |      0 |      0 |    0 |          1 |
|       mul_22s_22s_44_1_1_U1588                                                                                          |                                                                    lenet_mnist_cap64_hls_mul_22s_22s_44_1_1_575 |        531 |        531 |       0 |    0 |     0 |      0 |      0 |    0 |          1 |
|       mul_22s_22s_44_1_1_U1589                                                                                          |                                                                    lenet_mnist_cap64_hls_mul_22s_22s_44_1_1_576 |        631 |        631 |       0 |    0 |     0 |      0 |      0 |    0 |          1 |
|       mul_22s_22s_44_1_1_U1590                                                                                          |                                                                    lenet_mnist_cap64_hls_mul_22s_22s_44_1_1_577 |         62 |         62 |       0 |    0 |     0 |      0 |      0 |    0 |          1 |
|       mul_22s_22s_44_1_1_U1591                                                                                          |                                                                    lenet_mnist_cap64_hls_mul_22s_22s_44_1_1_578 |         62 |         62 |       0 |    0 |     0 |      0 |      0 |    0 |          1 |
|       mul_22s_22s_44_1_1_U1592                                                                                          |                                                                    lenet_mnist_cap64_hls_mul_22s_22s_44_1_1_579 |         69 |         69 |       0 |    0 |     0 |      0 |      0 |    0 |          1 |
|       mul_22s_22s_44_1_1_U1593                                                                                          |                                                                    lenet_mnist_cap64_hls_mul_22s_22s_44_1_1_580 |         69 |         69 |       0 |    0 |     0 |      0 |      0 |    0 |          1 |
|       mul_22s_22s_44_1_1_U1594                                                                                          |                                                                    lenet_mnist_cap64_hls_mul_22s_22s_44_1_1_581 |         61 |         61 |       0 |    0 |     0 |      0 |      0 |    0 |          1 |
|       mul_22s_22s_44_1_1_U1595                                                                                          |                                                                    lenet_mnist_cap64_hls_mul_22s_22s_44_1_1_582 |         69 |         69 |       0 |    0 |     0 |      0 |      0 |    0 |          1 |
|       mul_22s_22s_44_1_1_U1596                                                                                          |                                                                    lenet_mnist_cap64_hls_mul_22s_22s_44_1_1_583 |         62 |         62 |       0 |    0 |     0 |      0 |      0 |    0 |          1 |
|       mul_22s_22s_44_1_1_U1597                                                                                          |                                                                    lenet_mnist_cap64_hls_mul_22s_22s_44_1_1_584 |         62 |         62 |       0 |    0 |     0 |      0 |      0 |    0 |          1 |
|       mul_22s_22s_44_1_1_U1598                                                                                          |                                                                    lenet_mnist_cap64_hls_mul_22s_22s_44_1_1_585 |         69 |         69 |       0 |    0 |     0 |      0 |      0 |    0 |          1 |
|       mul_22s_22s_44_1_1_U1599                                                                                          |                                                                    lenet_mnist_cap64_hls_mul_22s_22s_44_1_1_586 |         69 |         69 |       0 |    0 |     0 |      0 |      0 |    0 |          1 |
|       mul_22s_22s_44_1_1_U1600                                                                                          |                                                                    lenet_mnist_cap64_hls_mul_22s_22s_44_1_1_587 |         62 |         62 |       0 |    0 |     0 |      0 |      0 |    0 |          1 |
|       mul_22s_22s_44_1_1_U1601                                                                                          |                                                                    lenet_mnist_cap64_hls_mul_22s_22s_44_1_1_588 |         62 |         62 |       0 |    0 |     0 |      0 |      0 |    0 |          1 |
|       mul_22s_22s_44_1_1_U1602                                                                                          |                                                                    lenet_mnist_cap64_hls_mul_22s_22s_44_1_1_589 |         62 |         62 |       0 |    0 |     0 |      0 |      0 |    0 |          1 |
|       mul_22s_22s_44_1_1_U1603                                                                                          |                                                                    lenet_mnist_cap64_hls_mul_22s_22s_44_1_1_590 |         62 |         62 |       0 |    0 |     0 |      0 |      0 |    0 |          1 |
|       mul_22s_22s_44_1_1_U1604                                                                                          |                                                                    lenet_mnist_cap64_hls_mul_22s_22s_44_1_1_591 |         62 |         62 |       0 |    0 |     0 |      0 |      0 |    0 |          1 |
|       mul_22s_22s_44_1_1_U1605                                                                                          |                                                                    lenet_mnist_cap64_hls_mul_22s_22s_44_1_1_592 |         62 |         62 |       0 |    0 |     0 |      0 |      0 |    0 |          1 |
|       mul_22s_22s_44_1_1_U1606                                                                                          |                                                                    lenet_mnist_cap64_hls_mul_22s_22s_44_1_1_593 |         62 |         62 |       0 |    0 |     0 |      0 |      0 |    0 |          1 |
|       mul_22s_22s_44_1_1_U1607                                                                                          |                                                                    lenet_mnist_cap64_hls_mul_22s_22s_44_1_1_594 |         62 |         62 |       0 |    0 |     0 |      0 |      0 |    0 |          1 |
|       mul_22s_22s_44_1_1_U1608                                                                                          |                                                                    lenet_mnist_cap64_hls_mul_22s_22s_44_1_1_595 |         62 |         62 |       0 |    0 |     0 |      0 |      0 |    0 |          1 |
|       mul_22s_22s_44_1_1_U1609                                                                                          |                                                                    lenet_mnist_cap64_hls_mul_22s_22s_44_1_1_596 |         62 |         62 |       0 |    0 |     0 |      0 |      0 |    0 |          1 |
|       mul_22s_22s_44_1_1_U1610                                                                                          |                                                                    lenet_mnist_cap64_hls_mul_22s_22s_44_1_1_597 |         62 |         62 |       0 |    0 |     0 |      0 |      0 |    0 |          1 |
|       mul_22s_22s_44_1_1_U1611                                                                                          |                                                                    lenet_mnist_cap64_hls_mul_22s_22s_44_1_1_598 |         62 |         62 |       0 |    0 |     0 |      0 |      0 |    0 |          1 |
|       mul_22s_22s_44_1_1_U1612                                                                                          |                                                                    lenet_mnist_cap64_hls_mul_22s_22s_44_1_1_599 |         62 |         62 |       0 |    0 |     0 |      0 |      0 |    0 |          1 |
|       mul_22s_22s_44_1_1_U1613                                                                                          |                                                                    lenet_mnist_cap64_hls_mul_22s_22s_44_1_1_600 |         62 |         62 |       0 |    0 |     0 |      0 |      0 |    0 |          1 |
|       mul_22s_22s_44_1_1_U1614                                                                                          |                                                                    lenet_mnist_cap64_hls_mul_22s_22s_44_1_1_601 |         62 |         62 |       0 |    0 |     0 |      0 |      0 |    0 |          1 |
|       mul_22s_22s_44_1_1_U1615                                                                                          |                                                                    lenet_mnist_cap64_hls_mul_22s_22s_44_1_1_602 |         62 |         62 |       0 |    0 |     0 |      0 |      0 |    0 |          1 |
|       mul_22s_22s_44_1_1_U1616                                                                                          |                                                                    lenet_mnist_cap64_hls_mul_22s_22s_44_1_1_603 |         63 |         63 |       0 |    0 |     0 |      0 |      0 |    0 |          1 |
|       mul_22s_22s_44_1_1_U1617                                                                                          |                                                                    lenet_mnist_cap64_hls_mul_22s_22s_44_1_1_604 |         64 |         64 |       0 |    0 |     0 |      0 |      0 |    0 |          1 |
|       mul_22s_22s_44_1_1_U1618                                                                                          |                                                                    lenet_mnist_cap64_hls_mul_22s_22s_44_1_1_605 |         69 |         69 |       0 |    0 |     0 |      0 |      0 |    0 |          1 |
|       mul_22s_22s_44_1_1_U1619                                                                                          |                                                                    lenet_mnist_cap64_hls_mul_22s_22s_44_1_1_606 |         69 |         69 |       0 |    0 |     0 |      0 |      0 |    0 |          1 |
|       mul_22s_22s_44_1_1_U1620                                                                                          |                                                                    lenet_mnist_cap64_hls_mul_22s_22s_44_1_1_607 |         62 |         62 |       0 |    0 |     0 |      0 |      0 |    0 |          1 |
|       mul_22s_22s_44_1_1_U1621                                                                                          |                                                                    lenet_mnist_cap64_hls_mul_22s_22s_44_1_1_608 |         62 |         62 |       0 |    0 |     0 |      0 |      0 |    0 |          1 |
|       mul_22s_22s_44_1_1_U1622                                                                                          |                                                                    lenet_mnist_cap64_hls_mul_22s_22s_44_1_1_609 |         64 |         64 |       0 |    0 |     0 |      0 |      0 |    0 |          1 |
|       mul_22s_22s_44_1_1_U1623                                                                                          |                                                                    lenet_mnist_cap64_hls_mul_22s_22s_44_1_1_610 |         64 |         64 |       0 |    0 |     0 |      0 |      0 |    0 |          1 |
|       mul_22s_22s_44_1_1_U1624                                                                                          |                                                                    lenet_mnist_cap64_hls_mul_22s_22s_44_1_1_611 |         62 |         62 |       0 |    0 |     0 |      0 |      0 |    0 |          1 |
|       mul_22s_22s_44_1_1_U1625                                                                                          |                                                                    lenet_mnist_cap64_hls_mul_22s_22s_44_1_1_612 |         62 |         62 |       0 |    0 |     0 |      0 |      0 |    0 |          1 |
|       mul_22s_22s_44_1_1_U1626                                                                                          |                                                                    lenet_mnist_cap64_hls_mul_22s_22s_44_1_1_613 |         62 |         62 |       0 |    0 |     0 |      0 |      0 |    0 |          1 |
|       mul_22s_22s_44_1_1_U1627                                                                                          |                                                                    lenet_mnist_cap64_hls_mul_22s_22s_44_1_1_614 |         62 |         62 |       0 |    0 |     0 |      0 |      0 |    0 |          1 |
|       mul_22s_22s_44_1_1_U1628                                                                                          |                                                                    lenet_mnist_cap64_hls_mul_22s_22s_44_1_1_615 |         62 |         62 |       0 |    0 |     0 |      0 |      0 |    0 |          1 |
|       mul_22s_22s_44_1_1_U1629                                                                                          |                                                                    lenet_mnist_cap64_hls_mul_22s_22s_44_1_1_616 |         62 |         62 |       0 |    0 |     0 |      0 |      0 |    0 |          1 |
|       mul_22s_22s_44_1_1_U1630                                                                                          |                                                                    lenet_mnist_cap64_hls_mul_22s_22s_44_1_1_617 |         63 |         63 |       0 |    0 |     0 |      0 |      0 |    0 |          1 |
|       mul_22s_22s_44_1_1_U1631                                                                                          |                                                                    lenet_mnist_cap64_hls_mul_22s_22s_44_1_1_618 |         63 |         63 |       0 |    0 |     0 |      0 |      0 |    0 |          1 |
|       mul_22s_22s_44_1_1_U1632                                                                                          |                                                                    lenet_mnist_cap64_hls_mul_22s_22s_44_1_1_619 |         64 |         64 |       0 |    0 |     0 |      0 |      0 |    0 |          1 |
|       mul_22s_22s_44_1_1_U1633                                                                                          |                                                                    lenet_mnist_cap64_hls_mul_22s_22s_44_1_1_620 |         63 |         63 |       0 |    0 |     0 |      0 |      0 |    0 |          1 |
|       mul_22s_22s_44_1_1_U1634                                                                                          |                                                                    lenet_mnist_cap64_hls_mul_22s_22s_44_1_1_621 |         64 |         64 |       0 |    0 |     0 |      0 |      0 |    0 |          1 |
|       mul_22s_22s_44_1_1_U1635                                                                                          |                                                                    lenet_mnist_cap64_hls_mul_22s_22s_44_1_1_622 |         64 |         64 |       0 |    0 |     0 |      0 |      0 |    0 |          1 |
|       mul_22s_22s_44_1_1_U1636                                                                                          |                                                                    lenet_mnist_cap64_hls_mul_22s_22s_44_1_1_623 |         62 |         62 |       0 |    0 |     0 |      0 |      0 |    0 |          1 |
|       mul_22s_22s_44_1_1_U1637                                                                                          |                                                                    lenet_mnist_cap64_hls_mul_22s_22s_44_1_1_624 |         62 |         62 |       0 |    0 |     0 |      0 |      0 |    0 |          1 |
|       mul_22s_22s_44_1_1_U1638                                                                                          |                                                                    lenet_mnist_cap64_hls_mul_22s_22s_44_1_1_625 |        170 |        170 |       0 |    0 |     0 |      0 |      0 |    0 |          1 |
|       mul_22s_22s_44_1_1_U1639                                                                                          |                                                                    lenet_mnist_cap64_hls_mul_22s_22s_44_1_1_626 |         62 |         62 |       0 |    0 |     0 |      0 |      0 |    0 |          1 |
|       mul_22s_22s_44_1_1_U1640                                                                                          |                                                                    lenet_mnist_cap64_hls_mul_22s_22s_44_1_1_627 |         62 |         62 |       0 |    0 |     0 |      0 |      0 |    0 |          1 |
|       mul_22s_22s_44_1_1_U1641                                                                                          |                                                                    lenet_mnist_cap64_hls_mul_22s_22s_44_1_1_628 |         63 |         63 |       0 |    0 |     0 |      0 |      0 |    0 |          1 |
|       mul_22s_22s_44_1_1_U1642                                                                                          |                                                                    lenet_mnist_cap64_hls_mul_22s_22s_44_1_1_629 |         64 |         64 |       0 |    0 |     0 |      0 |      0 |    0 |          1 |
|       mul_22s_22s_44_1_1_U1643                                                                                          |                                                                    lenet_mnist_cap64_hls_mul_22s_22s_44_1_1_630 |         62 |         62 |       0 |    0 |     0 |      0 |      0 |    0 |          1 |
|       mul_22s_22s_44_1_1_U1644                                                                                          |                                                                    lenet_mnist_cap64_hls_mul_22s_22s_44_1_1_631 |         62 |         62 |       0 |    0 |     0 |      0 |      0 |    0 |          1 |
|       mul_22s_22s_44_1_1_U1645                                                                                          |                                                                    lenet_mnist_cap64_hls_mul_22s_22s_44_1_1_632 |         62 |         62 |       0 |    0 |     0 |      0 |      0 |    0 |          1 |
|       mul_22s_22s_44_1_1_U1646                                                                                          |                                                                    lenet_mnist_cap64_hls_mul_22s_22s_44_1_1_633 |         63 |         63 |       0 |    0 |     0 |      0 |      0 |    0 |          1 |
|       mul_22s_22s_44_1_1_U1647                                                                                          |                                                                    lenet_mnist_cap64_hls_mul_22s_22s_44_1_1_634 |         64 |         64 |       0 |    0 |     0 |      0 |      0 |    0 |          1 |
|       mul_22s_22s_44_1_1_U1648                                                                                          |                                                                    lenet_mnist_cap64_hls_mul_22s_22s_44_1_1_635 |         62 |         62 |       0 |    0 |     0 |      0 |      0 |    0 |          1 |
|       mul_22s_22s_44_1_1_U1649                                                                                          |                                                                    lenet_mnist_cap64_hls_mul_22s_22s_44_1_1_636 |         62 |         62 |       0 |    0 |     0 |      0 |      0 |    0 |          1 |
|       mul_22s_22s_44_1_1_U1650                                                                                          |                                                                    lenet_mnist_cap64_hls_mul_22s_22s_44_1_1_637 |         62 |         62 |       0 |    0 |     0 |      0 |      0 |    0 |          1 |
|       mul_22s_22s_44_1_1_U1651                                                                                          |                                                                    lenet_mnist_cap64_hls_mul_22s_22s_44_1_1_638 |         62 |         62 |       0 |    0 |     0 |      0 |      0 |    0 |          1 |
|       mul_22s_22s_44_1_1_U1652                                                                                          |                                                                    lenet_mnist_cap64_hls_mul_22s_22s_44_1_1_639 |         62 |         62 |       0 |    0 |     0 |      0 |      0 |    0 |          1 |
|       mul_22s_22s_44_1_1_U1653                                                                                          |                                                                    lenet_mnist_cap64_hls_mul_22s_22s_44_1_1_640 |         62 |         62 |       0 |    0 |     0 |      0 |      0 |    0 |          1 |
|       mul_22s_22s_44_1_1_U1654                                                                                          |                                                                    lenet_mnist_cap64_hls_mul_22s_22s_44_1_1_641 |         63 |         63 |       0 |    0 |     0 |      0 |      0 |    0 |          1 |
|       mul_22s_22s_44_1_1_U1655                                                                                          |                                                                    lenet_mnist_cap64_hls_mul_22s_22s_44_1_1_642 |         64 |         64 |       0 |    0 |     0 |      0 |      0 |    0 |          1 |
|       mul_22s_22s_44_1_1_U1656                                                                                          |                                                                    lenet_mnist_cap64_hls_mul_22s_22s_44_1_1_643 |         62 |         62 |       0 |    0 |     0 |      0 |      0 |    0 |          1 |
|       mul_22s_22s_44_1_1_U1657                                                                                          |                                                                    lenet_mnist_cap64_hls_mul_22s_22s_44_1_1_644 |         62 |         62 |       0 |    0 |     0 |      0 |      0 |    0 |          1 |
|       mul_22s_22s_44_1_1_U1658                                                                                          |                                                                    lenet_mnist_cap64_hls_mul_22s_22s_44_1_1_645 |         62 |         62 |       0 |    0 |     0 |      0 |      0 |    0 |          1 |
|       mul_22s_22s_44_1_1_U1659                                                                                          |                                                                    lenet_mnist_cap64_hls_mul_22s_22s_44_1_1_646 |         62 |         62 |       0 |    0 |     0 |      0 |      0 |    0 |          1 |
|       mul_22s_22s_44_1_1_U1660                                                                                          |                                                                    lenet_mnist_cap64_hls_mul_22s_22s_44_1_1_647 |         64 |         64 |       0 |    0 |     0 |      0 |      0 |    0 |          1 |
|       mul_22s_22s_44_1_1_U1661                                                                                          |                                                                    lenet_mnist_cap64_hls_mul_22s_22s_44_1_1_648 |         64 |         64 |       0 |    0 |     0 |      0 |      0 |    0 |          1 |
|       mul_22s_22s_44_1_1_U1662                                                                                          |                                                                    lenet_mnist_cap64_hls_mul_22s_22s_44_1_1_649 |         63 |         63 |       0 |    0 |     0 |      0 |      0 |    0 |          1 |
|       mul_22s_22s_44_1_1_U1663                                                                                          |                                                                    lenet_mnist_cap64_hls_mul_22s_22s_44_1_1_650 |         63 |         63 |       0 |    0 |     0 |      0 |      0 |    0 |          1 |
|       mul_22s_22s_44_1_1_U1664                                                                                          |                                                                    lenet_mnist_cap64_hls_mul_22s_22s_44_1_1_651 |         69 |         69 |       0 |    0 |     0 |      0 |      0 |    0 |          1 |
|       mul_22s_22s_44_1_1_U1665                                                                                          |                                                                    lenet_mnist_cap64_hls_mul_22s_22s_44_1_1_652 |         69 |         69 |       0 |    0 |     0 |      0 |      0 |    0 |          1 |
|       mul_22s_22s_44_1_1_U1666                                                                                          |                                                                    lenet_mnist_cap64_hls_mul_22s_22s_44_1_1_653 |         62 |         62 |       0 |    0 |     0 |      0 |      0 |    0 |          1 |
|       mul_22s_22s_44_1_1_U1667                                                                                          |                                                                    lenet_mnist_cap64_hls_mul_22s_22s_44_1_1_654 |         62 |         62 |       0 |    0 |     0 |      0 |      0 |    0 |          1 |
|       mul_22s_22s_44_1_1_U1668                                                                                          |                                                                    lenet_mnist_cap64_hls_mul_22s_22s_44_1_1_655 |         62 |         62 |       0 |    0 |     0 |      0 |      0 |    0 |          1 |
|       mul_22s_22s_44_1_1_U1669                                                                                          |                                                                    lenet_mnist_cap64_hls_mul_22s_22s_44_1_1_656 |         62 |         62 |       0 |    0 |     0 |      0 |      0 |    0 |          1 |
|       mul_22s_22s_44_1_1_U1670                                                                                          |                                                                    lenet_mnist_cap64_hls_mul_22s_22s_44_1_1_657 |         63 |         63 |       0 |    0 |     0 |      0 |      0 |    0 |          1 |
|       mul_22s_22s_44_1_1_U1671                                                                                          |                                                                    lenet_mnist_cap64_hls_mul_22s_22s_44_1_1_658 |         63 |         63 |       0 |    0 |     0 |      0 |      0 |    0 |          1 |
|       mul_22s_22s_44_1_1_U1672                                                                                          |                                                                    lenet_mnist_cap64_hls_mul_22s_22s_44_1_1_659 |         62 |         62 |       0 |    0 |     0 |      0 |      0 |    0 |          1 |
|       mul_22s_22s_44_1_1_U1673                                                                                          |                                                                    lenet_mnist_cap64_hls_mul_22s_22s_44_1_1_660 |         64 |         64 |       0 |    0 |     0 |      0 |      0 |    0 |          1 |
|       mul_22s_22s_44_1_1_U1674                                                                                          |                                                                    lenet_mnist_cap64_hls_mul_22s_22s_44_1_1_661 |         63 |         63 |       0 |    0 |     0 |      0 |      0 |    0 |          1 |
|       mul_22s_22s_44_1_1_U1675                                                                                          |                                                                    lenet_mnist_cap64_hls_mul_22s_22s_44_1_1_662 |         62 |         62 |       0 |    0 |     0 |      0 |      0 |    0 |          1 |
|       mul_22s_22s_44_1_1_U1676                                                                                          |                                                                    lenet_mnist_cap64_hls_mul_22s_22s_44_1_1_663 |         62 |         62 |       0 |    0 |     0 |      0 |      0 |    0 |          1 |
|       mul_22s_22s_44_1_1_U1677                                                                                          |                                                                    lenet_mnist_cap64_hls_mul_22s_22s_44_1_1_664 |         63 |         63 |       0 |    0 |     0 |      0 |      0 |    0 |          1 |
|       mul_22s_22s_44_1_1_U1678                                                                                          |                                                                    lenet_mnist_cap64_hls_mul_22s_22s_44_1_1_665 |         62 |         62 |       0 |    0 |     0 |      0 |      0 |    0 |          1 |
|       mul_22s_22s_44_1_1_U1679                                                                                          |                                                                    lenet_mnist_cap64_hls_mul_22s_22s_44_1_1_666 |         62 |         62 |       0 |    0 |     0 |      0 |      0 |    0 |          1 |
|       mul_22s_22s_44_1_1_U1680                                                                                          |                                                                    lenet_mnist_cap64_hls_mul_22s_22s_44_1_1_667 |         64 |         64 |       0 |    0 |     0 |      0 |      0 |    0 |          1 |
|       mul_22s_22s_44_1_1_U1681                                                                                          |                                                                    lenet_mnist_cap64_hls_mul_22s_22s_44_1_1_668 |         62 |         62 |       0 |    0 |     0 |      0 |      0 |    0 |          1 |
|       mul_22s_22s_44_1_1_U1682                                                                                          |                                                                    lenet_mnist_cap64_hls_mul_22s_22s_44_1_1_669 |         62 |         62 |       0 |    0 |     0 |      0 |      0 |    0 |          1 |
|       mul_22s_22s_44_1_1_U1683                                                                                          |                                                                    lenet_mnist_cap64_hls_mul_22s_22s_44_1_1_670 |         64 |         64 |       0 |    0 |     0 |      0 |      0 |    0 |          1 |
|       mul_22s_22s_44_1_1_U1684                                                                                          |                                                                    lenet_mnist_cap64_hls_mul_22s_22s_44_1_1_671 |         62 |         62 |       0 |    0 |     0 |      0 |      0 |    0 |          1 |
|       mul_22s_22s_44_1_1_U1685                                                                                          |                                                                    lenet_mnist_cap64_hls_mul_22s_22s_44_1_1_672 |         62 |         62 |       0 |    0 |     0 |      0 |      0 |    0 |          1 |
|       mul_22s_22s_44_1_1_U1686                                                                                          |                                                                    lenet_mnist_cap64_hls_mul_22s_22s_44_1_1_673 |         62 |         62 |       0 |    0 |     0 |      0 |      0 |    0 |          1 |
|       mul_22s_22s_44_1_1_U1687                                                                                          |                                                                    lenet_mnist_cap64_hls_mul_22s_22s_44_1_1_674 |         62 |         62 |       0 |    0 |     0 |      0 |      0 |    0 |          1 |
|       mul_22s_22s_44_1_1_U1688                                                                                          |                                                                    lenet_mnist_cap64_hls_mul_22s_22s_44_1_1_675 |         71 |         71 |       0 |    0 |     0 |      0 |      0 |    0 |          1 |
|       mul_22s_22s_44_1_1_U1689                                                                                          |                                                                    lenet_mnist_cap64_hls_mul_22s_22s_44_1_1_676 |         62 |         62 |       0 |    0 |     0 |      0 |      0 |    0 |          1 |
|       mul_22s_22s_44_1_1_U1690                                                                                          |                                                                    lenet_mnist_cap64_hls_mul_22s_22s_44_1_1_677 |         62 |         62 |       0 |    0 |     0 |      0 |      0 |    0 |          1 |
|       mul_22s_22s_44_1_1_U1691                                                                                          |                                                                    lenet_mnist_cap64_hls_mul_22s_22s_44_1_1_678 |         64 |         64 |       0 |    0 |     0 |      0 |      0 |    0 |          1 |
|       mul_22s_22s_44_1_1_U1692                                                                                          |                                                                    lenet_mnist_cap64_hls_mul_22s_22s_44_1_1_679 |         62 |         62 |       0 |    0 |     0 |      0 |      0 |    0 |          1 |
|       mul_22s_22s_44_1_1_U1693                                                                                          |                                                                    lenet_mnist_cap64_hls_mul_22s_22s_44_1_1_680 |         62 |         62 |       0 |    0 |     0 |      0 |      0 |    0 |          1 |
|       mul_22s_22s_44_1_1_U1694                                                                                          |                                                                    lenet_mnist_cap64_hls_mul_22s_22s_44_1_1_681 |         69 |         69 |       0 |    0 |     0 |      0 |      0 |    0 |          1 |
|       mul_22s_22s_44_1_1_U1695                                                                                          |                                                                    lenet_mnist_cap64_hls_mul_22s_22s_44_1_1_682 |         69 |         69 |       0 |    0 |     0 |      0 |      0 |    0 |          1 |
|       mul_22s_22s_44_1_1_U1696                                                                                          |                                                                    lenet_mnist_cap64_hls_mul_22s_22s_44_1_1_683 |         62 |         62 |       0 |    0 |     0 |      0 |      0 |    0 |          1 |
|       mul_22s_22s_44_1_1_U1697                                                                                          |                                                                    lenet_mnist_cap64_hls_mul_22s_22s_44_1_1_684 |         62 |         62 |       0 |    0 |     0 |      0 |      0 |    0 |          1 |
|       mul_22s_22s_44_1_1_U1698                                                                                          |                                                                    lenet_mnist_cap64_hls_mul_22s_22s_44_1_1_685 |         62 |         62 |       0 |    0 |     0 |      0 |      0 |    0 |          1 |
|       mul_22s_22s_44_1_1_U1699                                                                                          |                                                                    lenet_mnist_cap64_hls_mul_22s_22s_44_1_1_686 |         62 |         62 |       0 |    0 |     0 |      0 |      0 |    0 |          1 |
|       mul_22s_22s_44_1_1_U1700                                                                                          |                                                                    lenet_mnist_cap64_hls_mul_22s_22s_44_1_1_687 |         69 |         69 |       0 |    0 |     0 |      0 |      0 |    0 |          1 |
|       mul_22s_22s_44_1_1_U1701                                                                                          |                                                                    lenet_mnist_cap64_hls_mul_22s_22s_44_1_1_688 |         69 |         69 |       0 |    0 |     0 |      0 |      0 |    0 |          1 |
|       mul_22s_22s_44_1_1_U1702                                                                                          |                                                                    lenet_mnist_cap64_hls_mul_22s_22s_44_1_1_689 |         62 |         62 |       0 |    0 |     0 |      0 |      0 |    0 |          1 |
|       mul_22s_22s_44_1_1_U1703                                                                                          |                                                                    lenet_mnist_cap64_hls_mul_22s_22s_44_1_1_690 |         62 |         62 |       0 |    0 |     0 |      0 |      0 |    0 |          1 |
|       mul_22s_22s_44_1_1_U1704                                                                                          |                                                                    lenet_mnist_cap64_hls_mul_22s_22s_44_1_1_691 |         63 |         63 |       0 |    0 |     0 |      0 |      0 |    0 |          1 |
|       mul_22s_22s_44_1_1_U1705                                                                                          |                                                                    lenet_mnist_cap64_hls_mul_22s_22s_44_1_1_692 |         62 |         62 |       0 |    0 |     0 |      0 |      0 |    0 |          1 |
|       mul_22s_22s_44_1_1_U1706                                                                                          |                                                                    lenet_mnist_cap64_hls_mul_22s_22s_44_1_1_693 |         64 |         64 |       0 |    0 |     0 |      0 |      0 |    0 |          1 |
|       mul_22s_22s_44_1_1_U1707                                                                                          |                                                                    lenet_mnist_cap64_hls_mul_22s_22s_44_1_1_694 |         64 |         64 |       0 |    0 |     0 |      0 |      0 |    0 |          1 |
|       mul_22s_22s_44_1_1_U1708                                                                                          |                                                                    lenet_mnist_cap64_hls_mul_22s_22s_44_1_1_695 |         62 |         62 |       0 |    0 |     0 |      0 |      0 |    0 |          1 |
|       mul_22s_22s_44_1_1_U1709                                                                                          |                                                                    lenet_mnist_cap64_hls_mul_22s_22s_44_1_1_696 |         63 |         63 |       0 |    0 |     0 |      0 |      0 |    0 |          1 |
|       mul_22s_22s_44_1_1_U1710                                                                                          |                                                                    lenet_mnist_cap64_hls_mul_22s_22s_44_1_1_697 |         64 |         64 |       0 |    0 |     0 |      0 |      0 |    0 |          1 |
|       mul_22s_22s_44_1_1_U1711                                                                                          |                                                                    lenet_mnist_cap64_hls_mul_22s_22s_44_1_1_698 |         64 |         64 |       0 |    0 |     0 |      0 |      0 |    0 |          1 |
|       mul_22s_22s_44_1_1_U1712                                                                                          |                                                                    lenet_mnist_cap64_hls_mul_22s_22s_44_1_1_699 |         64 |         64 |       0 |    0 |     0 |      0 |      0 |    0 |          1 |
|       mul_22s_22s_44_1_1_U1713                                                                                          |                                                                    lenet_mnist_cap64_hls_mul_22s_22s_44_1_1_700 |         64 |         64 |       0 |    0 |     0 |      0 |      0 |    0 |          1 |
|       mul_22s_22s_44_1_1_U1714                                                                                          |                                                                    lenet_mnist_cap64_hls_mul_22s_22s_44_1_1_701 |         64 |         64 |       0 |    0 |     0 |      0 |      0 |    0 |          1 |
|       mul_22s_22s_44_1_1_U1715                                                                                          |                                                                    lenet_mnist_cap64_hls_mul_22s_22s_44_1_1_702 |         63 |         63 |       0 |    0 |     0 |      0 |      0 |    0 |          1 |
|       mul_22s_22s_44_1_1_U1716                                                                                          |                                                                    lenet_mnist_cap64_hls_mul_22s_22s_44_1_1_703 |         62 |         62 |       0 |    0 |     0 |      0 |      0 |    0 |          1 |
|       mul_22s_22s_44_1_1_U1717                                                                                          |                                                                    lenet_mnist_cap64_hls_mul_22s_22s_44_1_1_704 |         62 |         62 |       0 |    0 |     0 |      0 |      0 |    0 |          1 |
|       mul_22s_22s_44_1_1_U1718                                                                                          |                                                                    lenet_mnist_cap64_hls_mul_22s_22s_44_1_1_705 |        168 |        168 |       0 |    0 |     0 |      0 |      0 |    0 |          1 |
|       w11_U                                                                                                             |          lenet_mnist_cap64_hls_dense_resource_rf_leq_nin_ap_fixed_ap_fixed_22_12_4_0_0_config11_s_w11_ROM_NP3i2 |       6338 |       6338 |       0 |    0 |     0 |     22 |      1 |    0 |          0 |
|   dense_array_ap_fixed_16u_array_ap_fixed_22_12_4_0_0_120u_config9_U0                                                   |                        lenet_mnist_cap64_hls_dense_array_ap_fixed_16u_array_ap_fixed_22_12_4_0_0_120u_config9_s |      81952 |      81952 |       0 |    0 | 32810 |     62 |      0 |    0 |        480 |
|     (dense_array_ap_fixed_16u_array_ap_fixed_22_12_4_0_0_120u_config9_U0)                                               |                        lenet_mnist_cap64_hls_dense_array_ap_fixed_16u_array_ap_fixed_22_12_4_0_0_120u_config9_s |          3 |          3 |       0 |    0 |     7 |      0 |      0 |    0 |          0 |
|     grp_dense_array_array_ap_fixed_22_12_4_0_0_120u_config9_Pipeline_DataPrepare_fu_1059                                |                  lenet_mnist_cap64_hls_dense_array_array_ap_fixed_22_12_4_0_0_120u_config9_Pipeline_DataPrepare |         18 |         18 |       0 |    0 |  5638 |      0 |      0 |    0 |          0 |
|       (grp_dense_array_array_ap_fixed_22_12_4_0_0_120u_config9_Pipeline_DataPrepare_fu_1059)                            |                  lenet_mnist_cap64_hls_dense_array_array_ap_fixed_22_12_4_0_0_120u_config9_Pipeline_DataPrepare |          1 |          1 |       0 |    0 |  5636 |      0 |      0 |    0 |          0 |
|       flow_control_loop_pipe_sequential_init_U                                                                          |                                                    lenet_mnist_cap64_hls_flow_control_loop_pipe_sequential_init |         17 |         17 |       0 |    0 |     2 |      0 |      0 |    0 |          0 |
|     grp_dense_resource_rf_leq_nin_ap_fixed_ap_fixed_22_12_4_0_0_config9_s_fu_1321                                       |                         lenet_mnist_cap64_hls_dense_resource_rf_leq_nin_ap_fixed_ap_fixed_22_12_4_0_0_config9_s |      81931 |      81931 |       0 |    0 | 27165 |     62 |      0 |    0 |        480 |
|       (grp_dense_resource_rf_leq_nin_ap_fixed_ap_fixed_22_12_4_0_0_config9_s_fu_1321)                                   |                         lenet_mnist_cap64_hls_dense_resource_rf_leq_nin_ap_fixed_ap_fixed_22_12_4_0_0_config9_s |      27967 |      27967 |       0 |    0 | 27165 |      0 |      0 |    0 |          0 |
|       mul_22s_22s_44_1_1_U1000                                                                                          |                                                                     lenet_mnist_cap64_hls_mul_22s_22s_44_1_1_59 |         63 |         63 |       0 |    0 |     0 |      0 |      0 |    0 |          1 |
|       mul_22s_22s_44_1_1_U1001                                                                                          |                                                                     lenet_mnist_cap64_hls_mul_22s_22s_44_1_1_60 |         64 |         64 |       0 |    0 |     0 |      0 |      0 |    0 |          1 |
|       mul_22s_22s_44_1_1_U1002                                                                                          |                                                                     lenet_mnist_cap64_hls_mul_22s_22s_44_1_1_61 |         63 |         63 |       0 |    0 |     0 |      0 |      0 |    0 |          1 |
|       mul_22s_22s_44_1_1_U1003                                                                                          |                                                                     lenet_mnist_cap64_hls_mul_22s_22s_44_1_1_62 |         64 |         64 |       0 |    0 |     0 |      0 |      0 |    0 |          1 |
|       mul_22s_22s_44_1_1_U1004                                                                                          |                                                                     lenet_mnist_cap64_hls_mul_22s_22s_44_1_1_63 |         63 |         63 |       0 |    0 |     0 |      0 |      0 |    0 |          1 |
|       mul_22s_22s_44_1_1_U1005                                                                                          |                                                                     lenet_mnist_cap64_hls_mul_22s_22s_44_1_1_64 |         63 |         63 |       0 |    0 |     0 |      0 |      0 |    0 |          1 |
|       mul_22s_22s_44_1_1_U1006                                                                                          |                                                                     lenet_mnist_cap64_hls_mul_22s_22s_44_1_1_65 |         63 |         63 |       0 |    0 |     0 |      0 |      0 |    0 |          1 |
|       mul_22s_22s_44_1_1_U1007                                                                                          |                                                                     lenet_mnist_cap64_hls_mul_22s_22s_44_1_1_66 |         64 |         64 |       0 |    0 |     0 |      0 |      0 |    0 |          1 |
|       mul_22s_22s_44_1_1_U1008                                                                                          |                                                                     lenet_mnist_cap64_hls_mul_22s_22s_44_1_1_67 |         63 |         63 |       0 |    0 |     0 |      0 |      0 |    0 |          1 |
|       mul_22s_22s_44_1_1_U1009                                                                                          |                                                                     lenet_mnist_cap64_hls_mul_22s_22s_44_1_1_68 |         64 |         64 |       0 |    0 |     0 |      0 |      0 |    0 |          1 |
|       mul_22s_22s_44_1_1_U1010                                                                                          |                                                                     lenet_mnist_cap64_hls_mul_22s_22s_44_1_1_69 |         64 |         64 |       0 |    0 |     0 |      0 |      0 |    0 |          1 |
|       mul_22s_22s_44_1_1_U1011                                                                                          |                                                                     lenet_mnist_cap64_hls_mul_22s_22s_44_1_1_70 |         63 |         63 |       0 |    0 |     0 |      0 |      0 |    0 |          1 |
|       mul_22s_22s_44_1_1_U1012                                                                                          |                                                                     lenet_mnist_cap64_hls_mul_22s_22s_44_1_1_71 |         63 |         63 |       0 |    0 |     0 |      0 |      0 |    0 |          1 |
|       mul_22s_22s_44_1_1_U1013                                                                                          |                                                                     lenet_mnist_cap64_hls_mul_22s_22s_44_1_1_72 |         64 |         64 |       0 |    0 |     0 |      0 |      0 |    0 |          1 |
|       mul_22s_22s_44_1_1_U1014                                                                                          |                                                                     lenet_mnist_cap64_hls_mul_22s_22s_44_1_1_73 |         64 |         64 |       0 |    0 |     0 |      0 |      0 |    0 |          1 |
|       mul_22s_22s_44_1_1_U1015                                                                                          |                                                                     lenet_mnist_cap64_hls_mul_22s_22s_44_1_1_74 |         63 |         63 |       0 |    0 |     0 |      0 |      0 |    0 |          1 |
|       mul_22s_22s_44_1_1_U1016                                                                                          |                                                                     lenet_mnist_cap64_hls_mul_22s_22s_44_1_1_75 |         63 |         63 |       0 |    0 |     0 |      0 |      0 |    0 |          1 |
|       mul_22s_22s_44_1_1_U1017                                                                                          |                                                                     lenet_mnist_cap64_hls_mul_22s_22s_44_1_1_76 |         63 |         63 |       0 |    0 |     0 |      0 |      0 |    0 |          1 |
|       mul_22s_22s_44_1_1_U1018                                                                                          |                                                                     lenet_mnist_cap64_hls_mul_22s_22s_44_1_1_77 |         64 |         64 |       0 |    0 |     0 |      0 |      0 |    0 |          1 |
|       mul_22s_22s_44_1_1_U1019                                                                                          |                                                                     lenet_mnist_cap64_hls_mul_22s_22s_44_1_1_78 |         64 |         64 |       0 |    0 |     0 |      0 |      0 |    0 |          1 |
|       mul_22s_22s_44_1_1_U1020                                                                                          |                                                                     lenet_mnist_cap64_hls_mul_22s_22s_44_1_1_79 |         64 |         64 |       0 |    0 |     0 |      0 |      0 |    0 |          1 |
|       mul_22s_22s_44_1_1_U1021                                                                                          |                                                                     lenet_mnist_cap64_hls_mul_22s_22s_44_1_1_80 |         63 |         63 |       0 |    0 |     0 |      0 |      0 |    0 |          1 |
|       mul_22s_22s_44_1_1_U1022                                                                                          |                                                                     lenet_mnist_cap64_hls_mul_22s_22s_44_1_1_81 |         64 |         64 |       0 |    0 |     0 |      0 |      0 |    0 |          1 |
|       mul_22s_22s_44_1_1_U1023                                                                                          |                                                                     lenet_mnist_cap64_hls_mul_22s_22s_44_1_1_82 |         64 |         64 |       0 |    0 |     0 |      0 |      0 |    0 |          1 |
|       mul_22s_22s_44_1_1_U1024                                                                                          |                                                                     lenet_mnist_cap64_hls_mul_22s_22s_44_1_1_83 |         63 |         63 |       0 |    0 |     0 |      0 |      0 |    0 |          1 |
|       mul_22s_22s_44_1_1_U1025                                                                                          |                                                                     lenet_mnist_cap64_hls_mul_22s_22s_44_1_1_84 |         64 |         64 |       0 |    0 |     0 |      0 |      0 |    0 |          1 |
|       mul_22s_22s_44_1_1_U1026                                                                                          |                                                                     lenet_mnist_cap64_hls_mul_22s_22s_44_1_1_85 |         64 |         64 |       0 |    0 |     0 |      0 |      0 |    0 |          1 |
|       mul_22s_22s_44_1_1_U1027                                                                                          |                                                                     lenet_mnist_cap64_hls_mul_22s_22s_44_1_1_86 |         64 |         64 |       0 |    0 |     0 |      0 |      0 |    0 |          1 |
|       mul_22s_22s_44_1_1_U1028                                                                                          |                                                                     lenet_mnist_cap64_hls_mul_22s_22s_44_1_1_87 |         64 |         64 |       0 |    0 |     0 |      0 |      0 |    0 |          1 |
|       mul_22s_22s_44_1_1_U1029                                                                                          |                                                                     lenet_mnist_cap64_hls_mul_22s_22s_44_1_1_88 |         64 |         64 |       0 |    0 |     0 |      0 |      0 |    0 |          1 |
|       mul_22s_22s_44_1_1_U1030                                                                                          |                                                                     lenet_mnist_cap64_hls_mul_22s_22s_44_1_1_89 |         63 |         63 |       0 |    0 |     0 |      0 |      0 |    0 |          1 |
|       mul_22s_22s_44_1_1_U1031                                                                                          |                                                                     lenet_mnist_cap64_hls_mul_22s_22s_44_1_1_90 |         64 |         64 |       0 |    0 |     0 |      0 |      0 |    0 |          1 |
|       mul_22s_22s_44_1_1_U1032                                                                                          |                                                                     lenet_mnist_cap64_hls_mul_22s_22s_44_1_1_91 |         64 |         64 |       0 |    0 |     0 |      0 |      0 |    0 |          1 |
|       mul_22s_22s_44_1_1_U1033                                                                                          |                                                                     lenet_mnist_cap64_hls_mul_22s_22s_44_1_1_92 |         64 |         64 |       0 |    0 |     0 |      0 |      0 |    0 |          1 |
|       mul_22s_22s_44_1_1_U1034                                                                                          |                                                                     lenet_mnist_cap64_hls_mul_22s_22s_44_1_1_93 |         64 |         64 |       0 |    0 |     0 |      0 |      0 |    0 |          1 |
|       mul_22s_22s_44_1_1_U1035                                                                                          |                                                                     lenet_mnist_cap64_hls_mul_22s_22s_44_1_1_94 |         64 |         64 |       0 |    0 |     0 |      0 |      0 |    0 |          1 |
|       mul_22s_22s_44_1_1_U1036                                                                                          |                                                                     lenet_mnist_cap64_hls_mul_22s_22s_44_1_1_95 |         64 |         64 |       0 |    0 |     0 |      0 |      0 |    0 |          1 |
|       mul_22s_22s_44_1_1_U1037                                                                                          |                                                                     lenet_mnist_cap64_hls_mul_22s_22s_44_1_1_96 |         63 |         63 |       0 |    0 |     0 |      0 |      0 |    0 |          1 |
|       mul_22s_22s_44_1_1_U1038                                                                                          |                                                                     lenet_mnist_cap64_hls_mul_22s_22s_44_1_1_97 |         64 |         64 |       0 |    0 |     0 |      0 |      0 |    0 |          1 |
|       mul_22s_22s_44_1_1_U1039                                                                                          |                                                                     lenet_mnist_cap64_hls_mul_22s_22s_44_1_1_98 |         63 |         63 |       0 |    0 |     0 |      0 |      0 |    0 |          1 |
|       mul_22s_22s_44_1_1_U1040                                                                                          |                                                                     lenet_mnist_cap64_hls_mul_22s_22s_44_1_1_99 |         64 |         64 |       0 |    0 |     0 |      0 |      0 |    0 |          1 |
|       mul_22s_22s_44_1_1_U1041                                                                                          |                                                                    lenet_mnist_cap64_hls_mul_22s_22s_44_1_1_100 |         64 |         64 |       0 |    0 |     0 |      0 |      0 |    0 |          1 |
|       mul_22s_22s_44_1_1_U1042                                                                                          |                                                                    lenet_mnist_cap64_hls_mul_22s_22s_44_1_1_101 |         64 |         64 |       0 |    0 |     0 |      0 |      0 |    0 |          1 |
|       mul_22s_22s_44_1_1_U1043                                                                                          |                                                                    lenet_mnist_cap64_hls_mul_22s_22s_44_1_1_102 |         64 |         64 |       0 |    0 |     0 |      0 |      0 |    0 |          1 |
|       mul_22s_22s_44_1_1_U1044                                                                                          |                                                                    lenet_mnist_cap64_hls_mul_22s_22s_44_1_1_103 |         64 |         64 |       0 |    0 |     0 |      0 |      0 |    0 |          1 |
|       mul_22s_22s_44_1_1_U1045                                                                                          |                                                                    lenet_mnist_cap64_hls_mul_22s_22s_44_1_1_104 |         62 |         62 |       0 |    0 |     0 |      0 |      0 |    0 |          1 |
|       mul_22s_22s_44_1_1_U1046                                                                                          |                                                                    lenet_mnist_cap64_hls_mul_22s_22s_44_1_1_105 |         62 |         62 |       0 |    0 |     0 |      0 |      0 |    0 |          1 |
|       mul_22s_22s_44_1_1_U1047                                                                                          |                                                                    lenet_mnist_cap64_hls_mul_22s_22s_44_1_1_106 |         62 |         62 |       0 |    0 |     0 |      0 |      0 |    0 |          1 |
|       mul_22s_22s_44_1_1_U1048                                                                                          |                                                                    lenet_mnist_cap64_hls_mul_22s_22s_44_1_1_107 |         62 |         62 |       0 |    0 |     0 |      0 |      0 |    0 |          1 |
|       mul_22s_22s_44_1_1_U1049                                                                                          |                                                                    lenet_mnist_cap64_hls_mul_22s_22s_44_1_1_108 |         64 |         64 |       0 |    0 |     0 |      0 |      0 |    0 |          1 |
|       mul_22s_22s_44_1_1_U1050                                                                                          |                                                                    lenet_mnist_cap64_hls_mul_22s_22s_44_1_1_109 |         64 |         64 |       0 |    0 |     0 |      0 |      0 |    0 |          1 |
|       mul_22s_22s_44_1_1_U1051                                                                                          |                                                                    lenet_mnist_cap64_hls_mul_22s_22s_44_1_1_110 |         63 |         63 |       0 |    0 |     0 |      0 |      0 |    0 |          1 |
|       mul_22s_22s_44_1_1_U1052                                                                                          |                                                                    lenet_mnist_cap64_hls_mul_22s_22s_44_1_1_111 |         64 |         64 |       0 |    0 |     0 |      0 |      0 |    0 |          1 |
|       mul_22s_22s_44_1_1_U1053                                                                                          |                                                                    lenet_mnist_cap64_hls_mul_22s_22s_44_1_1_112 |         64 |         64 |       0 |    0 |     0 |      0 |      0 |    0 |          1 |
|       mul_22s_22s_44_1_1_U1054                                                                                          |                                                                    lenet_mnist_cap64_hls_mul_22s_22s_44_1_1_113 |         63 |         63 |       0 |    0 |     0 |      0 |      0 |    0 |          1 |
|       mul_22s_22s_44_1_1_U1055                                                                                          |                                                                    lenet_mnist_cap64_hls_mul_22s_22s_44_1_1_114 |         64 |         64 |       0 |    0 |     0 |      0 |      0 |    0 |          1 |
|       mul_22s_22s_44_1_1_U1056                                                                                          |                                                                    lenet_mnist_cap64_hls_mul_22s_22s_44_1_1_115 |         64 |         64 |       0 |    0 |     0 |      0 |      0 |    0 |          1 |
|       mul_22s_22s_44_1_1_U1057                                                                                          |                                                                    lenet_mnist_cap64_hls_mul_22s_22s_44_1_1_116 |         62 |         62 |       0 |    0 |     0 |      0 |      0 |    0 |          1 |
|       mul_22s_22s_44_1_1_U1058                                                                                          |                                                                    lenet_mnist_cap64_hls_mul_22s_22s_44_1_1_117 |         62 |         62 |       0 |    0 |     0 |      0 |      0 |    0 |          1 |
|       mul_22s_22s_44_1_1_U1059                                                                                          |                                                                    lenet_mnist_cap64_hls_mul_22s_22s_44_1_1_118 |         62 |         62 |       0 |    0 |     0 |      0 |      0 |    0 |          1 |
|       mul_22s_22s_44_1_1_U1060                                                                                          |                                                                    lenet_mnist_cap64_hls_mul_22s_22s_44_1_1_119 |         62 |         62 |       0 |    0 |     0 |      0 |      0 |    0 |          1 |
|       mul_22s_22s_44_1_1_U1061                                                                                          |                                                                    lenet_mnist_cap64_hls_mul_22s_22s_44_1_1_120 |         63 |         63 |       0 |    0 |     0 |      0 |      0 |    0 |          1 |
|       mul_22s_22s_44_1_1_U1062                                                                                          |                                                                    lenet_mnist_cap64_hls_mul_22s_22s_44_1_1_121 |         64 |         64 |       0 |    0 |     0 |      0 |      0 |    0 |          1 |
|       mul_22s_22s_44_1_1_U1063                                                                                          |                                                                    lenet_mnist_cap64_hls_mul_22s_22s_44_1_1_122 |         64 |         64 |       0 |    0 |     0 |      0 |      0 |    0 |          1 |
|       mul_22s_22s_44_1_1_U1064                                                                                          |                                                                    lenet_mnist_cap64_hls_mul_22s_22s_44_1_1_123 |         64 |         64 |       0 |    0 |     0 |      0 |      0 |    0 |          1 |
|       mul_22s_22s_44_1_1_U1065                                                                                          |                                                                    lenet_mnist_cap64_hls_mul_22s_22s_44_1_1_124 |         62 |         62 |       0 |    0 |     0 |      0 |      0 |    0 |          1 |
|       mul_22s_22s_44_1_1_U1066                                                                                          |                                                                    lenet_mnist_cap64_hls_mul_22s_22s_44_1_1_125 |         63 |         63 |       0 |    0 |     0 |      0 |      0 |    0 |          1 |
|       mul_22s_22s_44_1_1_U1067                                                                                          |                                                                    lenet_mnist_cap64_hls_mul_22s_22s_44_1_1_126 |         64 |         64 |       0 |    0 |     0 |      0 |      0 |    0 |          1 |
|       mul_22s_22s_44_1_1_U1068                                                                                          |                                                                    lenet_mnist_cap64_hls_mul_22s_22s_44_1_1_127 |         62 |         62 |       0 |    0 |     0 |      0 |      0 |    0 |          1 |
|       mul_22s_22s_44_1_1_U1069                                                                                          |                                                                    lenet_mnist_cap64_hls_mul_22s_22s_44_1_1_128 |         63 |         63 |       0 |    0 |     0 |      0 |      0 |    0 |          1 |
|       mul_22s_22s_44_1_1_U1070                                                                                          |                                                                    lenet_mnist_cap64_hls_mul_22s_22s_44_1_1_129 |         64 |         64 |       0 |    0 |     0 |      0 |      0 |    0 |          1 |
|       mul_22s_22s_44_1_1_U1071                                                                                          |                                                                    lenet_mnist_cap64_hls_mul_22s_22s_44_1_1_130 |         64 |         64 |       0 |    0 |     0 |      0 |      0 |    0 |          1 |
|       mul_22s_22s_44_1_1_U1072                                                                                          |                                                                    lenet_mnist_cap64_hls_mul_22s_22s_44_1_1_131 |         63 |         63 |       0 |    0 |     0 |      0 |      0 |    0 |          1 |
|       mul_22s_22s_44_1_1_U1073                                                                                          |                                                                    lenet_mnist_cap64_hls_mul_22s_22s_44_1_1_132 |         63 |         63 |       0 |    0 |     0 |      0 |      0 |    0 |          1 |
|       mul_22s_22s_44_1_1_U1074                                                                                          |                                                                    lenet_mnist_cap64_hls_mul_22s_22s_44_1_1_133 |         64 |         64 |       0 |    0 |     0 |      0 |      0 |    0 |          1 |
|       mul_22s_22s_44_1_1_U1075                                                                                          |                                                                    lenet_mnist_cap64_hls_mul_22s_22s_44_1_1_134 |         64 |         64 |       0 |    0 |     0 |      0 |      0 |    0 |          1 |
|       mul_22s_22s_44_1_1_U1076                                                                                          |                                                                    lenet_mnist_cap64_hls_mul_22s_22s_44_1_1_135 |         64 |         64 |       0 |    0 |     0 |      0 |      0 |    0 |          1 |
|       mul_22s_22s_44_1_1_U1077                                                                                          |                                                                    lenet_mnist_cap64_hls_mul_22s_22s_44_1_1_136 |         63 |         63 |       0 |    0 |     0 |      0 |      0 |    0 |          1 |
|       mul_22s_22s_44_1_1_U1078                                                                                          |                                                                    lenet_mnist_cap64_hls_mul_22s_22s_44_1_1_137 |         63 |         63 |       0 |    0 |     0 |      0 |      0 |    0 |          1 |
|       mul_22s_22s_44_1_1_U1079                                                                                          |                                                                    lenet_mnist_cap64_hls_mul_22s_22s_44_1_1_138 |         63 |         63 |       0 |    0 |     0 |      0 |      0 |    0 |          1 |
|       mul_22s_22s_44_1_1_U1080                                                                                          |                                                                    lenet_mnist_cap64_hls_mul_22s_22s_44_1_1_139 |         64 |         64 |       0 |    0 |     0 |      0 |      0 |    0 |          1 |
|       mul_22s_22s_44_1_1_U1081                                                                                          |                                                                    lenet_mnist_cap64_hls_mul_22s_22s_44_1_1_140 |         64 |         64 |       0 |    0 |     0 |      0 |      0 |    0 |          1 |
|       mul_22s_22s_44_1_1_U1082                                                                                          |                                                                    lenet_mnist_cap64_hls_mul_22s_22s_44_1_1_141 |         64 |         64 |       0 |    0 |     0 |      0 |      0 |    0 |          1 |
|       mul_22s_22s_44_1_1_U1083                                                                                          |                                                                    lenet_mnist_cap64_hls_mul_22s_22s_44_1_1_142 |         64 |         64 |       0 |    0 |     0 |      0 |      0 |    0 |          1 |
|       mul_22s_22s_44_1_1_U1084                                                                                          |                                                                    lenet_mnist_cap64_hls_mul_22s_22s_44_1_1_143 |         64 |         64 |       0 |    0 |     0 |      0 |      0 |    0 |          1 |
|       mul_22s_22s_44_1_1_U1085                                                                                          |                                                                    lenet_mnist_cap64_hls_mul_22s_22s_44_1_1_144 |         64 |         64 |       0 |    0 |     0 |      0 |      0 |    0 |          1 |
|       mul_22s_22s_44_1_1_U1086                                                                                          |                                                                    lenet_mnist_cap64_hls_mul_22s_22s_44_1_1_145 |         64 |         64 |       0 |    0 |     0 |      0 |      0 |    0 |          1 |
|       mul_22s_22s_44_1_1_U1087                                                                                          |                                                                    lenet_mnist_cap64_hls_mul_22s_22s_44_1_1_146 |         63 |         63 |       0 |    0 |     0 |      0 |      0 |    0 |          1 |
|       mul_22s_22s_44_1_1_U1088                                                                                          |                                                                    lenet_mnist_cap64_hls_mul_22s_22s_44_1_1_147 |         64 |         64 |       0 |    0 |     0 |      0 |      0 |    0 |          1 |
|       mul_22s_22s_44_1_1_U1089                                                                                          |                                                                    lenet_mnist_cap64_hls_mul_22s_22s_44_1_1_148 |         62 |         62 |       0 |    0 |     0 |      0 |      0 |    0 |          1 |
|       mul_22s_22s_44_1_1_U1090                                                                                          |                                                                    lenet_mnist_cap64_hls_mul_22s_22s_44_1_1_149 |         62 |         62 |       0 |    0 |     0 |      0 |      0 |    0 |          1 |
|       mul_22s_22s_44_1_1_U1091                                                                                          |                                                                    lenet_mnist_cap64_hls_mul_22s_22s_44_1_1_150 |         62 |         62 |       0 |    0 |     0 |      0 |      0 |    0 |          1 |
|       mul_22s_22s_44_1_1_U1092                                                                                          |                                                                    lenet_mnist_cap64_hls_mul_22s_22s_44_1_1_151 |         62 |         62 |       0 |    0 |     0 |      0 |      0 |    0 |          1 |
|       mul_22s_22s_44_1_1_U1093                                                                                          |                                                                    lenet_mnist_cap64_hls_mul_22s_22s_44_1_1_152 |         63 |         63 |       0 |    0 |     0 |      0 |      0 |    0 |          1 |
|       mul_22s_22s_44_1_1_U1094                                                                                          |                                                                    lenet_mnist_cap64_hls_mul_22s_22s_44_1_1_153 |         64 |         64 |       0 |    0 |     0 |      0 |      0 |    0 |          1 |
|       mul_22s_22s_44_1_1_U1095                                                                                          |                                                                    lenet_mnist_cap64_hls_mul_22s_22s_44_1_1_154 |         64 |         64 |       0 |    0 |     0 |      0 |      0 |    0 |          1 |
|       mul_22s_22s_44_1_1_U1096                                                                                          |                                                                    lenet_mnist_cap64_hls_mul_22s_22s_44_1_1_155 |         64 |         64 |       0 |    0 |     0 |      0 |      0 |    0 |          1 |
|       mul_22s_22s_44_1_1_U1097                                                                                          |                                                                    lenet_mnist_cap64_hls_mul_22s_22s_44_1_1_156 |         64 |         64 |       0 |    0 |     0 |      0 |      0 |    0 |          1 |
|       mul_22s_22s_44_1_1_U1098                                                                                          |                                                                    lenet_mnist_cap64_hls_mul_22s_22s_44_1_1_157 |         64 |         64 |       0 |    0 |     0 |      0 |      0 |    0 |          1 |
|       mul_22s_22s_44_1_1_U1099                                                                                          |                                                                    lenet_mnist_cap64_hls_mul_22s_22s_44_1_1_158 |         64 |         64 |       0 |    0 |     0 |      0 |      0 |    0 |          1 |
|       mul_22s_22s_44_1_1_U1100                                                                                          |                                                                    lenet_mnist_cap64_hls_mul_22s_22s_44_1_1_159 |         64 |         64 |       0 |    0 |     0 |      0 |      0 |    0 |          1 |
|       mul_22s_22s_44_1_1_U1101                                                                                          |                                                                    lenet_mnist_cap64_hls_mul_22s_22s_44_1_1_160 |         63 |         63 |       0 |    0 |     0 |      0 |      0 |    0 |          1 |
|       mul_22s_22s_44_1_1_U1102                                                                                          |                                                                    lenet_mnist_cap64_hls_mul_22s_22s_44_1_1_161 |         64 |         64 |       0 |    0 |     0 |      0 |      0 |    0 |          1 |
|       mul_22s_22s_44_1_1_U1103                                                                                          |                                                                    lenet_mnist_cap64_hls_mul_22s_22s_44_1_1_162 |         64 |         64 |       0 |    0 |     0 |      0 |      0 |    0 |          1 |
|       mul_22s_22s_44_1_1_U1104                                                                                          |                                                                    lenet_mnist_cap64_hls_mul_22s_22s_44_1_1_163 |         63 |         63 |       0 |    0 |     0 |      0 |      0 |    0 |          1 |
|       mul_22s_22s_44_1_1_U1105                                                                                          |                                                                    lenet_mnist_cap64_hls_mul_22s_22s_44_1_1_164 |         64 |         64 |       0 |    0 |     0 |      0 |      0 |    0 |          1 |
|       mul_22s_22s_44_1_1_U1106                                                                                          |                                                                    lenet_mnist_cap64_hls_mul_22s_22s_44_1_1_165 |         63 |         63 |       0 |    0 |     0 |      0 |      0 |    0 |          1 |
|       mul_22s_22s_44_1_1_U1107                                                                                          |                                                                    lenet_mnist_cap64_hls_mul_22s_22s_44_1_1_166 |         64 |         64 |       0 |    0 |     0 |      0 |      0 |    0 |          1 |
|       mul_22s_22s_44_1_1_U1108                                                                                          |                                                                    lenet_mnist_cap64_hls_mul_22s_22s_44_1_1_167 |         64 |         64 |       0 |    0 |     0 |      0 |      0 |    0 |          1 |
|       mul_22s_22s_44_1_1_U1109                                                                                          |                                                                    lenet_mnist_cap64_hls_mul_22s_22s_44_1_1_168 |         75 |         75 |       0 |    0 |     0 |      0 |      0 |    0 |          1 |
|       mul_22s_22s_44_1_1_U1110                                                                                          |                                                                    lenet_mnist_cap64_hls_mul_22s_22s_44_1_1_169 |         75 |         75 |       0 |    0 |     0 |      0 |      0 |    0 |          1 |
|       mul_22s_22s_44_1_1_U1111                                                                                          |                                                                    lenet_mnist_cap64_hls_mul_22s_22s_44_1_1_170 |         75 |         75 |       0 |    0 |     0 |      0 |      0 |    0 |          1 |
|       mul_22s_22s_44_1_1_U1112                                                                                          |                                                                    lenet_mnist_cap64_hls_mul_22s_22s_44_1_1_171 |         75 |         75 |       0 |    0 |     0 |      0 |      0 |    0 |          1 |
|       mul_22s_22s_44_1_1_U1113                                                                                          |                                                                    lenet_mnist_cap64_hls_mul_22s_22s_44_1_1_172 |         64 |         64 |       0 |    0 |     0 |      0 |      0 |    0 |          1 |
|       mul_22s_22s_44_1_1_U1114                                                                                          |                                                                    lenet_mnist_cap64_hls_mul_22s_22s_44_1_1_173 |         64 |         64 |       0 |    0 |     0 |      0 |      0 |    0 |          1 |
|       mul_22s_22s_44_1_1_U1115                                                                                          |                                                                    lenet_mnist_cap64_hls_mul_22s_22s_44_1_1_174 |         64 |         64 |       0 |    0 |     0 |      0 |      0 |    0 |          1 |
|       mul_22s_22s_44_1_1_U1116                                                                                          |                                                                    lenet_mnist_cap64_hls_mul_22s_22s_44_1_1_175 |         64 |         64 |       0 |    0 |     0 |      0 |      0 |    0 |          1 |
|       mul_22s_22s_44_1_1_U1117                                                                                          |                                                                    lenet_mnist_cap64_hls_mul_22s_22s_44_1_1_176 |         63 |         63 |       0 |    0 |     0 |      0 |      0 |    0 |          1 |
|       mul_22s_22s_44_1_1_U1118                                                                                          |                                                                    lenet_mnist_cap64_hls_mul_22s_22s_44_1_1_177 |         63 |         63 |       0 |    0 |     0 |      0 |      0 |    0 |          1 |
|       mul_22s_22s_44_1_1_U1119                                                                                          |                                                                    lenet_mnist_cap64_hls_mul_22s_22s_44_1_1_178 |         64 |         64 |       0 |    0 |     0 |      0 |      0 |    0 |          1 |
|       mul_22s_22s_44_1_1_U1120                                                                                          |                                                                    lenet_mnist_cap64_hls_mul_22s_22s_44_1_1_179 |         64 |         64 |       0 |    0 |     0 |      0 |      0 |    0 |          1 |
|       mul_22s_22s_44_1_1_U1121                                                                                          |                                                                    lenet_mnist_cap64_hls_mul_22s_22s_44_1_1_180 |         64 |         64 |       0 |    0 |     0 |      0 |      0 |    0 |          1 |
|       mul_22s_22s_44_1_1_U1122                                                                                          |                                                                    lenet_mnist_cap64_hls_mul_22s_22s_44_1_1_181 |         63 |         63 |       0 |    0 |     0 |      0 |      0 |    0 |          1 |
|       mul_22s_22s_44_1_1_U1123                                                                                          |                                                                    lenet_mnist_cap64_hls_mul_22s_22s_44_1_1_182 |         63 |         63 |       0 |    0 |     0 |      0 |      0 |    0 |          1 |
|       mul_22s_22s_44_1_1_U1124                                                                                          |                                                                    lenet_mnist_cap64_hls_mul_22s_22s_44_1_1_183 |         63 |         63 |       0 |    0 |     0 |      0 |      0 |    0 |          1 |
|       mul_22s_22s_44_1_1_U1125                                                                                          |                                                                    lenet_mnist_cap64_hls_mul_22s_22s_44_1_1_184 |         63 |         63 |       0 |    0 |     0 |      0 |      0 |    0 |          1 |
|       mul_22s_22s_44_1_1_U1126                                                                                          |                                                                    lenet_mnist_cap64_hls_mul_22s_22s_44_1_1_185 |         64 |         64 |       0 |    0 |     0 |      0 |      0 |    0 |          1 |
|       mul_22s_22s_44_1_1_U1127                                                                                          |                                                                    lenet_mnist_cap64_hls_mul_22s_22s_44_1_1_186 |         64 |         64 |       0 |    0 |     0 |      0 |      0 |    0 |          1 |
|       mul_22s_22s_44_1_1_U1128                                                                                          |                                                                    lenet_mnist_cap64_hls_mul_22s_22s_44_1_1_187 |         63 |         63 |       0 |    0 |     0 |      0 |      0 |    0 |          1 |
|       mul_22s_22s_44_1_1_U1129                                                                                          |                                                                    lenet_mnist_cap64_hls_mul_22s_22s_44_1_1_188 |         63 |         63 |       0 |    0 |     0 |      0 |      0 |    0 |          1 |
|       mul_22s_22s_44_1_1_U1130                                                                                          |                                                                    lenet_mnist_cap64_hls_mul_22s_22s_44_1_1_189 |         64 |         64 |       0 |    0 |     0 |      0 |      0 |    0 |          1 |
|       mul_22s_22s_44_1_1_U1131                                                                                          |                                                                    lenet_mnist_cap64_hls_mul_22s_22s_44_1_1_190 |         63 |         63 |       0 |    0 |     0 |      0 |      0 |    0 |          1 |
|       mul_22s_22s_44_1_1_U1132                                                                                          |                                                                    lenet_mnist_cap64_hls_mul_22s_22s_44_1_1_191 |         64 |         64 |       0 |    0 |     0 |      0 |      0 |    0 |          1 |
|       mul_22s_22s_44_1_1_U1133                                                                                          |                                                                    lenet_mnist_cap64_hls_mul_22s_22s_44_1_1_192 |         64 |         64 |       0 |    0 |     0 |      0 |      0 |    0 |          1 |
|       mul_22s_22s_44_1_1_U1134                                                                                          |                                                                    lenet_mnist_cap64_hls_mul_22s_22s_44_1_1_193 |         64 |         64 |       0 |    0 |     0 |      0 |      0 |    0 |          1 |
|       mul_22s_22s_44_1_1_U1135                                                                                          |                                                                    lenet_mnist_cap64_hls_mul_22s_22s_44_1_1_194 |         64 |         64 |       0 |    0 |     0 |      0 |      0 |    0 |          1 |
|       mul_22s_22s_44_1_1_U1136                                                                                          |                                                                    lenet_mnist_cap64_hls_mul_22s_22s_44_1_1_195 |         64 |         64 |       0 |    0 |     0 |      0 |      0 |    0 |          1 |
|       mul_22s_22s_44_1_1_U1137                                                                                          |                                                                    lenet_mnist_cap64_hls_mul_22s_22s_44_1_1_196 |         63 |         63 |       0 |    0 |     0 |      0 |      0 |    0 |          1 |
|       mul_22s_22s_44_1_1_U1138                                                                                          |                                                                    lenet_mnist_cap64_hls_mul_22s_22s_44_1_1_197 |         64 |         64 |       0 |    0 |     0 |      0 |      0 |    0 |          1 |
|       mul_22s_22s_44_1_1_U1139                                                                                          |                                                                    lenet_mnist_cap64_hls_mul_22s_22s_44_1_1_198 |         63 |         63 |       0 |    0 |     0 |      0 |      0 |    0 |          1 |
|       mul_22s_22s_44_1_1_U1140                                                                                          |                                                                    lenet_mnist_cap64_hls_mul_22s_22s_44_1_1_199 |         64 |         64 |       0 |    0 |     0 |      0 |      0 |    0 |          1 |
|       mul_22s_22s_44_1_1_U1141                                                                                          |                                                                    lenet_mnist_cap64_hls_mul_22s_22s_44_1_1_200 |         64 |         64 |       0 |    0 |     0 |      0 |      0 |    0 |          1 |
|       mul_22s_22s_44_1_1_U1142                                                                                          |                                                                    lenet_mnist_cap64_hls_mul_22s_22s_44_1_1_201 |         64 |         64 |       0 |    0 |     0 |      0 |      0 |    0 |          1 |
|       mul_22s_22s_44_1_1_U1143                                                                                          |                                                                    lenet_mnist_cap64_hls_mul_22s_22s_44_1_1_202 |         63 |         63 |       0 |    0 |     0 |      0 |      0 |    0 |          1 |
|       mul_22s_22s_44_1_1_U1144                                                                                          |                                                                    lenet_mnist_cap64_hls_mul_22s_22s_44_1_1_203 |         64 |         64 |       0 |    0 |     0 |      0 |      0 |    0 |          1 |
|       mul_22s_22s_44_1_1_U1145                                                                                          |                                                                    lenet_mnist_cap64_hls_mul_22s_22s_44_1_1_204 |         63 |         63 |       0 |    0 |     0 |      0 |      0 |    0 |          1 |
|       mul_22s_22s_44_1_1_U1146                                                                                          |                                                                    lenet_mnist_cap64_hls_mul_22s_22s_44_1_1_205 |         63 |         63 |       0 |    0 |     0 |      0 |      0 |    0 |          1 |
|       mul_22s_22s_44_1_1_U1147                                                                                          |                                                                    lenet_mnist_cap64_hls_mul_22s_22s_44_1_1_206 |         64 |         64 |       0 |    0 |     0 |      0 |      0 |    0 |          1 |
|       mul_22s_22s_44_1_1_U1148                                                                                          |                                                                    lenet_mnist_cap64_hls_mul_22s_22s_44_1_1_207 |         64 |         64 |       0 |    0 |     0 |      0 |      0 |    0 |          1 |
|       mul_22s_22s_44_1_1_U1149                                                                                          |                                                                    lenet_mnist_cap64_hls_mul_22s_22s_44_1_1_208 |         62 |         62 |       0 |    0 |     0 |      0 |      0 |    0 |          1 |
|       mul_22s_22s_44_1_1_U1150                                                                                          |                                                                    lenet_mnist_cap64_hls_mul_22s_22s_44_1_1_209 |         62 |         62 |       0 |    0 |     0 |      0 |      0 |    0 |          1 |
|       mul_22s_22s_44_1_1_U1151                                                                                          |                                                                    lenet_mnist_cap64_hls_mul_22s_22s_44_1_1_210 |         62 |         62 |       0 |    0 |     0 |      0 |      0 |    0 |          1 |
|       mul_22s_22s_44_1_1_U1152                                                                                          |                                                                    lenet_mnist_cap64_hls_mul_22s_22s_44_1_1_211 |         62 |         62 |       0 |    0 |     0 |      0 |      0 |    0 |          1 |
|       mul_22s_22s_44_1_1_U1153                                                                                          |                                                                    lenet_mnist_cap64_hls_mul_22s_22s_44_1_1_212 |         64 |         64 |       0 |    0 |     0 |      0 |      0 |    0 |          1 |
|       mul_22s_22s_44_1_1_U1154                                                                                          |                                                                    lenet_mnist_cap64_hls_mul_22s_22s_44_1_1_213 |         63 |         63 |       0 |    0 |     0 |      0 |      0 |    0 |          1 |
|       mul_22s_22s_44_1_1_U1155                                                                                          |                                                                    lenet_mnist_cap64_hls_mul_22s_22s_44_1_1_214 |         64 |         64 |       0 |    0 |     0 |      0 |      0 |    0 |          1 |
|       mul_22s_22s_44_1_1_U1156                                                                                          |                                                                    lenet_mnist_cap64_hls_mul_22s_22s_44_1_1_215 |         64 |         64 |       0 |    0 |     0 |      0 |      0 |    0 |          1 |
|       mul_22s_22s_44_1_1_U1157                                                                                          |                                                                    lenet_mnist_cap64_hls_mul_22s_22s_44_1_1_216 |         64 |         64 |       0 |    0 |     0 |      0 |      0 |    0 |          1 |
|       mul_22s_22s_44_1_1_U1158                                                                                          |                                                                    lenet_mnist_cap64_hls_mul_22s_22s_44_1_1_217 |         64 |         64 |       0 |    0 |     0 |      0 |      0 |    0 |          1 |
|       mul_22s_22s_44_1_1_U1159                                                                                          |                                                                    lenet_mnist_cap64_hls_mul_22s_22s_44_1_1_218 |         63 |         63 |       0 |    0 |     0 |      0 |      0 |    0 |          1 |
|       mul_22s_22s_44_1_1_U1160                                                                                          |                                                                    lenet_mnist_cap64_hls_mul_22s_22s_44_1_1_219 |         64 |         64 |       0 |    0 |     0 |      0 |      0 |    0 |          1 |
|       mul_22s_22s_44_1_1_U1161                                                                                          |                                                                    lenet_mnist_cap64_hls_mul_22s_22s_44_1_1_220 |         64 |         64 |       0 |    0 |     0 |      0 |      0 |    0 |          1 |
|       mul_22s_22s_44_1_1_U1162                                                                                          |                                                                    lenet_mnist_cap64_hls_mul_22s_22s_44_1_1_221 |         63 |         63 |       0 |    0 |     0 |      0 |      0 |    0 |          1 |
|       mul_22s_22s_44_1_1_U1163                                                                                          |                                                                    lenet_mnist_cap64_hls_mul_22s_22s_44_1_1_222 |         63 |         63 |       0 |    0 |     0 |      0 |      0 |    0 |          1 |
|       mul_22s_22s_44_1_1_U1164                                                                                          |                                                                    lenet_mnist_cap64_hls_mul_22s_22s_44_1_1_223 |         64 |         64 |       0 |    0 |     0 |      0 |      0 |    0 |          1 |
|       mul_22s_22s_44_1_1_U1165                                                                                          |                                                                    lenet_mnist_cap64_hls_mul_22s_22s_44_1_1_224 |         63 |         63 |       0 |    0 |     0 |      0 |      0 |    0 |          1 |
|       mul_22s_22s_44_1_1_U1166                                                                                          |                                                                    lenet_mnist_cap64_hls_mul_22s_22s_44_1_1_225 |         63 |         63 |       0 |    0 |     0 |      0 |      0 |    0 |          1 |
|       mul_22s_22s_44_1_1_U1167                                                                                          |                                                                    lenet_mnist_cap64_hls_mul_22s_22s_44_1_1_226 |         64 |         64 |       0 |    0 |     0 |      0 |      0 |    0 |          1 |
|       mul_22s_22s_44_1_1_U1168                                                                                          |                                                                    lenet_mnist_cap64_hls_mul_22s_22s_44_1_1_227 |         64 |         64 |       0 |    0 |     0 |      0 |      0 |    0 |          1 |
|       mul_22s_22s_44_1_1_U1169                                                                                          |                                                                    lenet_mnist_cap64_hls_mul_22s_22s_44_1_1_228 |         64 |         64 |       0 |    0 |     0 |      0 |      0 |    0 |          1 |
|       mul_22s_22s_44_1_1_U1170                                                                                          |                                                                    lenet_mnist_cap64_hls_mul_22s_22s_44_1_1_229 |         64 |         64 |       0 |    0 |     0 |      0 |      0 |    0 |          1 |
|       mul_22s_22s_44_1_1_U1171                                                                                          |                                                                    lenet_mnist_cap64_hls_mul_22s_22s_44_1_1_230 |         64 |         64 |       0 |    0 |     0 |      0 |      0 |    0 |          1 |
|       mul_22s_22s_44_1_1_U1172                                                                                          |                                                                    lenet_mnist_cap64_hls_mul_22s_22s_44_1_1_231 |         64 |         64 |       0 |    0 |     0 |      0 |      0 |    0 |          1 |
|       mul_22s_22s_44_1_1_U1173                                                                                          |                                                                    lenet_mnist_cap64_hls_mul_22s_22s_44_1_1_232 |         63 |         63 |       0 |    0 |     0 |      0 |      0 |    0 |          1 |
|       mul_22s_22s_44_1_1_U1174                                                                                          |                                                                    lenet_mnist_cap64_hls_mul_22s_22s_44_1_1_233 |         64 |         64 |       0 |    0 |     0 |      0 |      0 |    0 |          1 |
|       mul_22s_22s_44_1_1_U1175                                                                                          |                                                                    lenet_mnist_cap64_hls_mul_22s_22s_44_1_1_234 |         64 |         64 |       0 |    0 |     0 |      0 |      0 |    0 |          1 |
|       mul_22s_22s_44_1_1_U1176                                                                                          |                                                                    lenet_mnist_cap64_hls_mul_22s_22s_44_1_1_235 |         64 |         64 |       0 |    0 |     0 |      0 |      0 |    0 |          1 |
|       mul_22s_22s_44_1_1_U1177                                                                                          |                                                                    lenet_mnist_cap64_hls_mul_22s_22s_44_1_1_236 |         62 |         62 |       0 |    0 |     0 |      0 |      0 |    0 |          1 |
|       mul_22s_22s_44_1_1_U1178                                                                                          |                                                                    lenet_mnist_cap64_hls_mul_22s_22s_44_1_1_237 |         62 |         62 |       0 |    0 |     0 |      0 |      0 |    0 |          1 |
|       mul_22s_22s_44_1_1_U1179                                                                                          |                                                                    lenet_mnist_cap64_hls_mul_22s_22s_44_1_1_238 |         62 |         62 |       0 |    0 |     0 |      0 |      0 |    0 |          1 |
|       mul_22s_22s_44_1_1_U1180                                                                                          |                                                                    lenet_mnist_cap64_hls_mul_22s_22s_44_1_1_239 |         62 |         62 |       0 |    0 |     0 |      0 |      0 |    0 |          1 |
|       mul_22s_22s_44_1_1_U1181                                                                                          |                                                                    lenet_mnist_cap64_hls_mul_22s_22s_44_1_1_240 |         64 |         64 |       0 |    0 |     0 |      0 |      0 |    0 |          1 |
|       mul_22s_22s_44_1_1_U1182                                                                                          |                                                                    lenet_mnist_cap64_hls_mul_22s_22s_44_1_1_241 |         64 |         64 |       0 |    0 |     0 |      0 |      0 |    0 |          1 |
|       mul_22s_22s_44_1_1_U1183                                                                                          |                                                                    lenet_mnist_cap64_hls_mul_22s_22s_44_1_1_242 |         63 |         63 |       0 |    0 |     0 |      0 |      0 |    0 |          1 |
|       mul_22s_22s_44_1_1_U1184                                                                                          |                                                                    lenet_mnist_cap64_hls_mul_22s_22s_44_1_1_243 |         64 |         64 |       0 |    0 |     0 |      0 |      0 |    0 |          1 |
|       mul_22s_22s_44_1_1_U1185                                                                                          |                                                                    lenet_mnist_cap64_hls_mul_22s_22s_44_1_1_244 |         63 |         63 |       0 |    0 |     0 |      0 |      0 |    0 |          1 |
|       mul_22s_22s_44_1_1_U1186                                                                                          |                                                                    lenet_mnist_cap64_hls_mul_22s_22s_44_1_1_245 |         64 |         64 |       0 |    0 |     0 |      0 |      0 |    0 |          1 |
|       mul_22s_22s_44_1_1_U1187                                                                                          |                                                                    lenet_mnist_cap64_hls_mul_22s_22s_44_1_1_246 |         64 |         64 |       0 |    0 |     0 |      0 |      0 |    0 |          1 |
|       mul_22s_22s_44_1_1_U1188                                                                                          |                                                                    lenet_mnist_cap64_hls_mul_22s_22s_44_1_1_247 |         64 |         64 |       0 |    0 |     0 |      0 |      0 |    0 |          1 |
|       mul_22s_22s_44_1_1_U1189                                                                                          |                                                                    lenet_mnist_cap64_hls_mul_22s_22s_44_1_1_248 |         64 |         64 |       0 |    0 |     0 |      0 |      0 |    0 |          1 |
|       mul_22s_22s_44_1_1_U1190                                                                                          |                                                                    lenet_mnist_cap64_hls_mul_22s_22s_44_1_1_249 |         63 |         63 |       0 |    0 |     0 |      0 |      0 |    0 |          1 |
|       mul_22s_22s_44_1_1_U1191                                                                                          |                                                                    lenet_mnist_cap64_hls_mul_22s_22s_44_1_1_250 |         63 |         63 |       0 |    0 |     0 |      0 |      0 |    0 |          1 |
|       mul_22s_22s_44_1_1_U1192                                                                                          |                                                                    lenet_mnist_cap64_hls_mul_22s_22s_44_1_1_251 |         63 |         63 |       0 |    0 |     0 |      0 |      0 |    0 |          1 |
|       mul_22s_22s_44_1_1_U1193                                                                                          |                                                                    lenet_mnist_cap64_hls_mul_22s_22s_44_1_1_252 |         64 |         64 |       0 |    0 |     0 |      0 |      0 |    0 |          1 |
|       mul_22s_22s_44_1_1_U1194                                                                                          |                                                                    lenet_mnist_cap64_hls_mul_22s_22s_44_1_1_253 |         64 |         64 |       0 |    0 |     0 |      0 |      0 |    0 |          1 |
|       mul_22s_22s_44_1_1_U1195                                                                                          |                                                                    lenet_mnist_cap64_hls_mul_22s_22s_44_1_1_254 |         64 |         64 |       0 |    0 |     0 |      0 |      0 |    0 |          1 |
|       mul_22s_22s_44_1_1_U1196                                                                                          |                                                                    lenet_mnist_cap64_hls_mul_22s_22s_44_1_1_255 |         63 |         63 |       0 |    0 |     0 |      0 |      0 |    0 |          1 |
|       mul_22s_22s_44_1_1_U1197                                                                                          |                                                                    lenet_mnist_cap64_hls_mul_22s_22s_44_1_1_256 |         64 |         64 |       0 |    0 |     0 |      0 |      0 |    0 |          1 |
|       mul_22s_22s_44_1_1_U1198                                                                                          |                                                                    lenet_mnist_cap64_hls_mul_22s_22s_44_1_1_257 |         64 |         64 |       0 |    0 |     0 |      0 |      0 |    0 |          1 |
|       mul_22s_22s_44_1_1_U1199                                                                                          |                                                                    lenet_mnist_cap64_hls_mul_22s_22s_44_1_1_258 |         64 |         64 |       0 |    0 |     0 |      0 |      0 |    0 |          1 |
|       mul_22s_22s_44_1_1_U1200                                                                                          |                                                                    lenet_mnist_cap64_hls_mul_22s_22s_44_1_1_259 |         63 |         63 |       0 |    0 |     0 |      0 |      0 |    0 |          1 |
|       mul_22s_22s_44_1_1_U1201                                                                                          |                                                                    lenet_mnist_cap64_hls_mul_22s_22s_44_1_1_260 |         64 |         64 |       0 |    0 |     0 |      0 |      0 |    0 |          1 |
|       mul_22s_22s_44_1_1_U1202                                                                                          |                                                                    lenet_mnist_cap64_hls_mul_22s_22s_44_1_1_261 |         64 |         64 |       0 |    0 |     0 |      0 |      0 |    0 |          1 |
|       mul_22s_22s_44_1_1_U1203                                                                                          |                                                                    lenet_mnist_cap64_hls_mul_22s_22s_44_1_1_262 |         63 |         63 |       0 |    0 |     0 |      0 |      0 |    0 |          1 |
|       mul_22s_22s_44_1_1_U1204                                                                                          |                                                                    lenet_mnist_cap64_hls_mul_22s_22s_44_1_1_263 |         63 |         63 |       0 |    0 |     0 |      0 |      0 |    0 |          1 |
|       mul_22s_22s_44_1_1_U1205                                                                                          |                                                                    lenet_mnist_cap64_hls_mul_22s_22s_44_1_1_264 |         64 |         64 |       0 |    0 |     0 |      0 |      0 |    0 |          1 |
|       mul_22s_22s_44_1_1_U1206                                                                                          |                                                                    lenet_mnist_cap64_hls_mul_22s_22s_44_1_1_265 |         64 |         64 |       0 |    0 |     0 |      0 |      0 |    0 |          1 |
|       mul_22s_22s_44_1_1_U1207                                                                                          |                                                                    lenet_mnist_cap64_hls_mul_22s_22s_44_1_1_266 |         64 |         64 |       0 |    0 |     0 |      0 |      0 |    0 |          1 |
|       mul_22s_22s_44_1_1_U1208                                                                                          |                                                                    lenet_mnist_cap64_hls_mul_22s_22s_44_1_1_267 |         64 |         64 |       0 |    0 |     0 |      0 |      0 |    0 |          1 |
|       mul_22s_22s_44_1_1_U1209                                                                                          |                                                                    lenet_mnist_cap64_hls_mul_22s_22s_44_1_1_268 |         64 |         64 |       0 |    0 |     0 |      0 |      0 |    0 |          1 |
|       mul_22s_22s_44_1_1_U1210                                                                                          |                                                                    lenet_mnist_cap64_hls_mul_22s_22s_44_1_1_269 |         63 |         63 |       0 |    0 |     0 |      0 |      0 |    0 |          1 |
|       mul_22s_22s_44_1_1_U1211                                                                                          |                                                                    lenet_mnist_cap64_hls_mul_22s_22s_44_1_1_270 |         63 |         63 |       0 |    0 |     0 |      0 |      0 |    0 |          1 |
|       mul_22s_22s_44_1_1_U1212                                                                                          |                                                                    lenet_mnist_cap64_hls_mul_22s_22s_44_1_1_271 |         64 |         64 |       0 |    0 |     0 |      0 |      0 |    0 |          1 |
|       mul_22s_22s_44_1_1_U1213                                                                                          |                                                                    lenet_mnist_cap64_hls_mul_22s_22s_44_1_1_272 |         63 |         63 |       0 |    0 |     0 |      0 |      0 |    0 |          1 |
|       mul_22s_22s_44_1_1_U1214                                                                                          |                                                                    lenet_mnist_cap64_hls_mul_22s_22s_44_1_1_273 |         64 |         64 |       0 |    0 |     0 |      0 |      0 |    0 |          1 |
|       mul_22s_22s_44_1_1_U1215                                                                                          |                                                                    lenet_mnist_cap64_hls_mul_22s_22s_44_1_1_274 |         63 |         63 |       0 |    0 |     0 |      0 |      0 |    0 |          1 |
|       mul_22s_22s_44_1_1_U1216                                                                                          |                                                                    lenet_mnist_cap64_hls_mul_22s_22s_44_1_1_275 |         64 |         64 |       0 |    0 |     0 |      0 |      0 |    0 |          1 |
|       mul_22s_22s_44_1_1_U1217                                                                                          |                                                                    lenet_mnist_cap64_hls_mul_22s_22s_44_1_1_276 |         64 |         64 |       0 |    0 |     0 |      0 |      0 |    0 |          1 |
|       mul_22s_22s_44_1_1_U1218                                                                                          |                                                                    lenet_mnist_cap64_hls_mul_22s_22s_44_1_1_277 |         75 |         75 |       0 |    0 |     0 |      0 |      0 |    0 |          1 |
|       mul_22s_22s_44_1_1_U1219                                                                                          |                                                                    lenet_mnist_cap64_hls_mul_22s_22s_44_1_1_278 |         75 |         75 |       0 |    0 |     0 |      0 |      0 |    0 |          1 |
|       mul_22s_22s_44_1_1_U1220                                                                                          |                                                                    lenet_mnist_cap64_hls_mul_22s_22s_44_1_1_279 |         64 |         64 |       0 |    0 |     0 |      0 |      0 |    0 |          1 |
|       mul_22s_22s_44_1_1_U1221                                                                                          |                                                                    lenet_mnist_cap64_hls_mul_22s_22s_44_1_1_280 |         64 |         64 |       0 |    0 |     0 |      0 |      0 |    0 |          1 |
|       mul_22s_22s_44_1_1_U1222                                                                                          |                                                                    lenet_mnist_cap64_hls_mul_22s_22s_44_1_1_281 |         64 |         64 |       0 |    0 |     0 |      0 |      0 |    0 |          1 |
|       mul_22s_22s_44_1_1_U1223                                                                                          |                                                                    lenet_mnist_cap64_hls_mul_22s_22s_44_1_1_282 |         63 |         63 |       0 |    0 |     0 |      0 |      0 |    0 |          1 |
|       mul_22s_22s_44_1_1_U1224                                                                                          |                                                                    lenet_mnist_cap64_hls_mul_22s_22s_44_1_1_283 |         63 |         63 |       0 |    0 |     0 |      0 |      0 |    0 |          1 |
|       mul_22s_22s_44_1_1_U1225                                                                                          |                                                                    lenet_mnist_cap64_hls_mul_22s_22s_44_1_1_284 |         63 |         63 |       0 |    0 |     0 |      0 |      0 |    0 |          1 |
|       mul_22s_22s_44_1_1_U1226                                                                                          |                                                                    lenet_mnist_cap64_hls_mul_22s_22s_44_1_1_285 |         64 |         64 |       0 |    0 |     0 |      0 |      0 |    0 |          1 |
|       mul_22s_22s_44_1_1_U1227                                                                                          |                                                                    lenet_mnist_cap64_hls_mul_22s_22s_44_1_1_286 |         64 |         64 |       0 |    0 |     0 |      0 |      0 |    0 |          1 |
|       mul_22s_22s_44_1_1_U1228                                                                                          |                                                                    lenet_mnist_cap64_hls_mul_22s_22s_44_1_1_287 |         63 |         63 |       0 |    0 |     0 |      0 |      0 |    0 |          1 |
|       mul_22s_22s_44_1_1_U1229                                                                                          |                                                                    lenet_mnist_cap64_hls_mul_22s_22s_44_1_1_288 |         64 |         64 |       0 |    0 |     0 |      0 |      0 |    0 |          1 |
|       mul_22s_22s_44_1_1_U1230                                                                                          |                                                                    lenet_mnist_cap64_hls_mul_22s_22s_44_1_1_289 |         64 |         64 |       0 |    0 |     0 |      0 |      0 |    0 |          1 |
|       mul_22s_22s_44_1_1_U1231                                                                                          |                                                                    lenet_mnist_cap64_hls_mul_22s_22s_44_1_1_290 |         63 |         63 |       0 |    0 |     0 |      0 |      0 |    0 |          1 |
|       mul_22s_22s_44_1_1_U1232                                                                                          |                                                                    lenet_mnist_cap64_hls_mul_22s_22s_44_1_1_291 |         64 |         64 |       0 |    0 |     0 |      0 |      0 |    0 |          1 |
|       mul_22s_22s_44_1_1_U1233                                                                                          |                                                                    lenet_mnist_cap64_hls_mul_22s_22s_44_1_1_292 |         64 |         64 |       0 |    0 |     0 |      0 |      0 |    0 |          1 |
|       mul_22s_22s_44_1_1_U1234                                                                                          |                                                                    lenet_mnist_cap64_hls_mul_22s_22s_44_1_1_293 |         64 |         64 |       0 |    0 |     0 |      0 |      0 |    0 |          1 |
|       mul_22s_22s_44_1_1_U1235                                                                                          |                                                                    lenet_mnist_cap64_hls_mul_22s_22s_44_1_1_294 |         64 |         64 |       0 |    0 |     0 |      0 |      0 |    0 |          1 |
|       mul_22s_22s_44_1_1_U1236                                                                                          |                                                                    lenet_mnist_cap64_hls_mul_22s_22s_44_1_1_295 |         63 |         63 |       0 |    0 |     0 |      0 |      0 |    0 |          1 |
|       mul_22s_22s_44_1_1_U1237                                                                                          |                                                                    lenet_mnist_cap64_hls_mul_22s_22s_44_1_1_296 |         64 |         64 |       0 |    0 |     0 |      0 |      0 |    0 |          1 |
|       mul_22s_22s_44_1_1_U1238                                                                                          |                                                                    lenet_mnist_cap64_hls_mul_22s_22s_44_1_1_297 |         64 |         64 |       0 |    0 |     0 |      0 |      0 |    0 |          1 |
|       mul_22s_22s_44_1_1_U1239                                                                                          |                                                                    lenet_mnist_cap64_hls_mul_22s_22s_44_1_1_298 |         63 |         63 |       0 |    0 |     0 |      0 |      0 |    0 |          1 |
|       mul_22s_22s_44_1_1_U1240                                                                                          |                                                                    lenet_mnist_cap64_hls_mul_22s_22s_44_1_1_299 |         63 |         63 |       0 |    0 |     0 |      0 |      0 |    0 |          1 |
|       mul_22s_22s_44_1_1_U1241                                                                                          |                                                                    lenet_mnist_cap64_hls_mul_22s_22s_44_1_1_300 |         63 |         63 |       0 |    0 |     0 |      0 |      0 |    0 |          1 |
|       mul_22s_22s_44_1_1_U1242                                                                                          |                                                                    lenet_mnist_cap64_hls_mul_22s_22s_44_1_1_301 |         64 |         64 |       0 |    0 |     0 |      0 |      0 |    0 |          1 |
|       mul_22s_22s_44_1_1_U1243                                                                                          |                                                                    lenet_mnist_cap64_hls_mul_22s_22s_44_1_1_302 |         63 |         63 |       0 |    0 |     0 |      0 |      0 |    0 |          1 |
|       mul_22s_22s_44_1_1_U1244                                                                                          |                                                                    lenet_mnist_cap64_hls_mul_22s_22s_44_1_1_303 |         64 |         64 |       0 |    0 |     0 |      0 |      0 |    0 |          1 |
|       mul_22s_22s_44_1_1_U1245                                                                                          |                                                                    lenet_mnist_cap64_hls_mul_22s_22s_44_1_1_304 |         62 |         62 |       0 |    0 |     0 |      0 |      0 |    0 |          1 |
|       mul_22s_22s_44_1_1_U1246                                                                                          |                                                                    lenet_mnist_cap64_hls_mul_22s_22s_44_1_1_305 |         62 |         62 |       0 |    0 |     0 |      0 |      0 |    0 |          1 |
|       mul_22s_22s_44_1_1_U1247                                                                                          |                                                                    lenet_mnist_cap64_hls_mul_22s_22s_44_1_1_306 |         62 |         62 |       0 |    0 |     0 |      0 |      0 |    0 |          1 |
|       mul_22s_22s_44_1_1_U1248                                                                                          |                                                                    lenet_mnist_cap64_hls_mul_22s_22s_44_1_1_307 |         62 |         62 |       0 |    0 |     0 |      0 |      0 |    0 |          1 |
|       mul_22s_22s_44_1_1_U1249                                                                                          |                                                                    lenet_mnist_cap64_hls_mul_22s_22s_44_1_1_308 |         64 |         64 |       0 |    0 |     0 |      0 |      0 |    0 |          1 |
|       mul_22s_22s_44_1_1_U1250                                                                                          |                                                                    lenet_mnist_cap64_hls_mul_22s_22s_44_1_1_309 |         63 |         63 |       0 |    0 |     0 |      0 |      0 |    0 |          1 |
|       mul_22s_22s_44_1_1_U1251                                                                                          |                                                                    lenet_mnist_cap64_hls_mul_22s_22s_44_1_1_310 |         64 |         64 |       0 |    0 |     0 |      0 |      0 |    0 |          1 |
|       mul_22s_22s_44_1_1_U1252                                                                                          |                                                                    lenet_mnist_cap64_hls_mul_22s_22s_44_1_1_311 |         64 |         64 |       0 |    0 |     0 |      0 |      0 |    0 |          1 |
|       mul_22s_22s_44_1_1_U1253                                                                                          |                                                                    lenet_mnist_cap64_hls_mul_22s_22s_44_1_1_312 |         63 |         63 |       0 |    0 |     0 |      0 |      0 |    0 |          1 |
|       mul_22s_22s_44_1_1_U1254                                                                                          |                                                                    lenet_mnist_cap64_hls_mul_22s_22s_44_1_1_313 |         63 |         63 |       0 |    0 |     0 |      0 |      0 |    0 |          1 |
|       mul_22s_22s_44_1_1_U1255                                                                                          |                                                                    lenet_mnist_cap64_hls_mul_22s_22s_44_1_1_314 |         63 |         63 |       0 |    0 |     0 |      0 |      0 |    0 |          1 |
|       mul_22s_22s_44_1_1_U1256                                                                                          |                                                                    lenet_mnist_cap64_hls_mul_22s_22s_44_1_1_315 |         64 |         64 |       0 |    0 |     0 |      0 |      0 |    0 |          1 |
|       mul_22s_22s_44_1_1_U1257                                                                                          |                                                                    lenet_mnist_cap64_hls_mul_22s_22s_44_1_1_316 |         64 |         64 |       0 |    0 |     0 |      0 |      0 |    0 |          1 |
|       mul_22s_22s_44_1_1_U1258                                                                                          |                                                                    lenet_mnist_cap64_hls_mul_22s_22s_44_1_1_317 |         64 |         64 |       0 |    0 |     0 |      0 |      0 |    0 |          1 |
|       mul_22s_22s_44_1_1_U1259                                                                                          |                                                                    lenet_mnist_cap64_hls_mul_22s_22s_44_1_1_318 |         64 |         64 |       0 |    0 |     0 |      0 |      0 |    0 |          1 |
|       mul_22s_22s_44_1_1_U1260                                                                                          |                                                                    lenet_mnist_cap64_hls_mul_22s_22s_44_1_1_319 |         63 |         63 |       0 |    0 |     0 |      0 |      0 |    0 |          1 |
|       mul_22s_22s_44_1_1_U1261                                                                                          |                                                                    lenet_mnist_cap64_hls_mul_22s_22s_44_1_1_320 |         75 |         75 |       0 |    0 |     0 |      0 |      0 |    0 |          1 |
|       mul_22s_22s_44_1_1_U1262                                                                                          |                                                                    lenet_mnist_cap64_hls_mul_22s_22s_44_1_1_321 |         75 |         75 |       0 |    0 |     0 |      0 |      0 |    0 |          1 |
|       mul_22s_22s_44_1_1_U1263                                                                                          |                                                                    lenet_mnist_cap64_hls_mul_22s_22s_44_1_1_322 |         75 |         75 |       0 |    0 |     0 |      0 |      0 |    0 |          1 |
|       mul_22s_22s_44_1_1_U1264                                                                                          |                                                                    lenet_mnist_cap64_hls_mul_22s_22s_44_1_1_323 |         63 |         63 |       0 |    0 |     0 |      0 |      0 |    0 |          1 |
|       mul_22s_22s_44_1_1_U1265                                                                                          |                                                                    lenet_mnist_cap64_hls_mul_22s_22s_44_1_1_324 |         62 |         62 |       0 |    0 |     0 |      0 |      0 |    0 |          1 |
|       mul_22s_22s_44_1_1_U1266                                                                                          |                                                                    lenet_mnist_cap64_hls_mul_22s_22s_44_1_1_325 |         62 |         62 |       0 |    0 |     0 |      0 |      0 |    0 |          1 |
|       mul_22s_22s_44_1_1_U1267                                                                                          |                                                                    lenet_mnist_cap64_hls_mul_22s_22s_44_1_1_326 |         62 |         62 |       0 |    0 |     0 |      0 |      0 |    0 |          1 |
|       mul_22s_22s_44_1_1_U1268                                                                                          |                                                                    lenet_mnist_cap64_hls_mul_22s_22s_44_1_1_327 |         62 |         62 |       0 |    0 |     0 |      0 |      0 |    0 |          1 |
|       mul_22s_22s_44_1_1_U1269                                                                                          |                                                                    lenet_mnist_cap64_hls_mul_22s_22s_44_1_1_328 |         63 |         63 |       0 |    0 |     0 |      0 |      0 |    0 |          1 |
|       mul_22s_22s_44_1_1_U1270                                                                                          |                                                                    lenet_mnist_cap64_hls_mul_22s_22s_44_1_1_329 |         63 |         63 |       0 |    0 |     0 |      0 |      0 |    0 |          1 |
|       mul_22s_22s_44_1_1_U1271                                                                                          |                                                                    lenet_mnist_cap64_hls_mul_22s_22s_44_1_1_330 |         63 |         63 |       0 |    0 |     0 |      0 |      0 |    0 |          1 |
|       mul_22s_22s_44_1_1_U1272                                                                                          |                                                                    lenet_mnist_cap64_hls_mul_22s_22s_44_1_1_331 |         64 |         64 |       0 |    0 |     0 |      0 |      0 |    0 |          1 |
|       mul_22s_22s_44_1_1_U1273                                                                                          |                                                                    lenet_mnist_cap64_hls_mul_22s_22s_44_1_1_332 |         64 |         64 |       0 |    0 |     0 |      0 |      0 |    0 |          1 |
|       mul_22s_22s_44_1_1_U1274                                                                                          |                                                                    lenet_mnist_cap64_hls_mul_22s_22s_44_1_1_333 |         64 |         64 |       0 |    0 |     0 |      0 |      0 |    0 |          1 |
|       mul_22s_22s_44_1_1_U1275                                                                                          |                                                                    lenet_mnist_cap64_hls_mul_22s_22s_44_1_1_334 |         64 |         64 |       0 |    0 |     0 |      0 |      0 |    0 |          1 |
|       mul_22s_22s_44_1_1_U1276                                                                                          |                                                                    lenet_mnist_cap64_hls_mul_22s_22s_44_1_1_335 |         64 |         64 |       0 |    0 |     0 |      0 |      0 |    0 |          1 |
|       mul_22s_22s_44_1_1_U1277                                                                                          |                                                                    lenet_mnist_cap64_hls_mul_22s_22s_44_1_1_336 |         64 |         64 |       0 |    0 |     0 |      0 |      0 |    0 |          1 |
|       mul_22s_22s_44_1_1_U1278                                                                                          |                                                                    lenet_mnist_cap64_hls_mul_22s_22s_44_1_1_337 |         64 |         64 |       0 |    0 |     0 |      0 |      0 |    0 |          1 |
|       mul_22s_22s_44_1_1_U1279                                                                                          |                                                                    lenet_mnist_cap64_hls_mul_22s_22s_44_1_1_338 |         64 |         64 |       0 |    0 |     0 |      0 |      0 |    0 |          1 |
|       mul_22s_22s_44_1_1_U1280                                                                                          |                                                                    lenet_mnist_cap64_hls_mul_22s_22s_44_1_1_339 |         64 |         64 |       0 |    0 |     0 |      0 |      0 |    0 |          1 |
|       mul_22s_22s_44_1_1_U1281                                                                                          |                                                                    lenet_mnist_cap64_hls_mul_22s_22s_44_1_1_340 |         63 |         63 |       0 |    0 |     0 |      0 |      0 |    0 |          1 |
|       mul_22s_22s_44_1_1_U1282                                                                                          |                                                                    lenet_mnist_cap64_hls_mul_22s_22s_44_1_1_341 |         64 |         64 |       0 |    0 |     0 |      0 |      0 |    0 |          1 |
|       mul_22s_22s_44_1_1_U1283                                                                                          |                                                                    lenet_mnist_cap64_hls_mul_22s_22s_44_1_1_342 |         64 |         64 |       0 |    0 |     0 |      0 |      0 |    0 |          1 |
|       mul_22s_22s_44_1_1_U805                                                                                           |                                                                    lenet_mnist_cap64_hls_mul_22s_22s_44_1_1_343 |        234 |        234 |       0 |    0 |     0 |      0 |      0 |    0 |          1 |
|       mul_22s_22s_44_1_1_U806                                                                                           |                                                                    lenet_mnist_cap64_hls_mul_22s_22s_44_1_1_344 |        234 |        234 |       0 |    0 |     0 |      0 |      0 |    0 |          1 |
|       mul_22s_22s_44_1_1_U807                                                                                           |                                                                    lenet_mnist_cap64_hls_mul_22s_22s_44_1_1_345 |        234 |        234 |       0 |    0 |     0 |      0 |      0 |    0 |          1 |
|       mul_22s_22s_44_1_1_U808                                                                                           |                                                                    lenet_mnist_cap64_hls_mul_22s_22s_44_1_1_346 |        234 |        234 |       0 |    0 |     0 |      0 |      0 |    0 |          1 |
|       mul_22s_22s_44_1_1_U809                                                                                           |                                                                    lenet_mnist_cap64_hls_mul_22s_22s_44_1_1_347 |         63 |         63 |       0 |    0 |     0 |      0 |      0 |    0 |          1 |
|       mul_22s_22s_44_1_1_U810                                                                                           |                                                                    lenet_mnist_cap64_hls_mul_22s_22s_44_1_1_348 |         64 |         64 |       0 |    0 |     0 |      0 |      0 |    0 |          1 |
|       mul_22s_22s_44_1_1_U811                                                                                           |                                                                    lenet_mnist_cap64_hls_mul_22s_22s_44_1_1_349 |         64 |         64 |       0 |    0 |     0 |      0 |      0 |    0 |          1 |
|       mul_22s_22s_44_1_1_U812                                                                                           |                                                                    lenet_mnist_cap64_hls_mul_22s_22s_44_1_1_350 |         64 |         64 |       0 |    0 |     0 |      0 |      0 |    0 |          1 |
|       mul_22s_22s_44_1_1_U813                                                                                           |                                                                    lenet_mnist_cap64_hls_mul_22s_22s_44_1_1_351 |         64 |         64 |       0 |    0 |     0 |      0 |      0 |    0 |          1 |
|       mul_22s_22s_44_1_1_U814                                                                                           |                                                                    lenet_mnist_cap64_hls_mul_22s_22s_44_1_1_352 |         63 |         63 |       0 |    0 |     0 |      0 |      0 |    0 |          1 |
|       mul_22s_22s_44_1_1_U815                                                                                           |                                                                    lenet_mnist_cap64_hls_mul_22s_22s_44_1_1_353 |         64 |         64 |       0 |    0 |     0 |      0 |      0 |    0 |          1 |
|       mul_22s_22s_44_1_1_U816                                                                                           |                                                                    lenet_mnist_cap64_hls_mul_22s_22s_44_1_1_354 |         64 |         64 |       0 |    0 |     0 |      0 |      0 |    0 |          1 |
|       mul_22s_22s_44_1_1_U817                                                                                           |                                                                    lenet_mnist_cap64_hls_mul_22s_22s_44_1_1_355 |         64 |         64 |       0 |    0 |     0 |      0 |      0 |    0 |          1 |
|       mul_22s_22s_44_1_1_U818                                                                                           |                                                                    lenet_mnist_cap64_hls_mul_22s_22s_44_1_1_356 |         63 |         63 |       0 |    0 |     0 |      0 |      0 |    0 |          1 |
|       mul_22s_22s_44_1_1_U819                                                                                           |                                                                    lenet_mnist_cap64_hls_mul_22s_22s_44_1_1_357 |         63 |         63 |       0 |    0 |     0 |      0 |      0 |    0 |          1 |
|       mul_22s_22s_44_1_1_U820                                                                                           |                                                                    lenet_mnist_cap64_hls_mul_22s_22s_44_1_1_358 |         63 |         63 |       0 |    0 |     0 |      0 |      0 |    0 |          1 |
|       mul_22s_22s_44_1_1_U821                                                                                           |                                                                    lenet_mnist_cap64_hls_mul_22s_22s_44_1_1_359 |         64 |         64 |       0 |    0 |     0 |      0 |      0 |    0 |          1 |
|       mul_22s_22s_44_1_1_U822                                                                                           |                                                                    lenet_mnist_cap64_hls_mul_22s_22s_44_1_1_360 |         64 |         64 |       0 |    0 |     0 |      0 |      0 |    0 |          1 |
|       mul_22s_22s_44_1_1_U823                                                                                           |                                                                    lenet_mnist_cap64_hls_mul_22s_22s_44_1_1_361 |         63 |         63 |       0 |    0 |     0 |      0 |      0 |    0 |          1 |
|       mul_22s_22s_44_1_1_U824                                                                                           |                                                                    lenet_mnist_cap64_hls_mul_22s_22s_44_1_1_362 |         63 |         63 |       0 |    0 |     0 |      0 |      0 |    0 |          1 |
|       mul_22s_22s_44_1_1_U825                                                                                           |                                                                    lenet_mnist_cap64_hls_mul_22s_22s_44_1_1_363 |         98 |         98 |       0 |    0 |     0 |      0 |      0 |    0 |          1 |
|       mul_22s_22s_44_1_1_U826                                                                                           |                                                                    lenet_mnist_cap64_hls_mul_22s_22s_44_1_1_364 |         98 |         98 |       0 |    0 |     0 |      0 |      0 |    0 |          1 |
|       mul_22s_22s_44_1_1_U827                                                                                           |                                                                    lenet_mnist_cap64_hls_mul_22s_22s_44_1_1_365 |         98 |         98 |       0 |    0 |     0 |      0 |      0 |    0 |          1 |
|       mul_22s_22s_44_1_1_U828                                                                                           |                                                                    lenet_mnist_cap64_hls_mul_22s_22s_44_1_1_366 |         97 |         97 |       0 |    0 |     0 |      0 |      0 |    0 |          1 |
|       mul_22s_22s_44_1_1_U829                                                                                           |                                                                    lenet_mnist_cap64_hls_mul_22s_22s_44_1_1_367 |         64 |         64 |       0 |    0 |     0 |      0 |      0 |    0 |          1 |
|       mul_22s_22s_44_1_1_U830                                                                                           |                                                                    lenet_mnist_cap64_hls_mul_22s_22s_44_1_1_368 |         64 |         64 |       0 |    0 |     0 |      0 |      0 |    0 |          1 |
|       mul_22s_22s_44_1_1_U831                                                                                           |                                                                    lenet_mnist_cap64_hls_mul_22s_22s_44_1_1_369 |         64 |         64 |       0 |    0 |     0 |      0 |      0 |    0 |          1 |
|       mul_22s_22s_44_1_1_U832                                                                                           |                                                                    lenet_mnist_cap64_hls_mul_22s_22s_44_1_1_370 |         63 |         63 |       0 |    0 |     0 |      0 |      0 |    0 |          1 |
|       mul_22s_22s_44_1_1_U833                                                                                           |                                                                    lenet_mnist_cap64_hls_mul_22s_22s_44_1_1_371 |         62 |         62 |       0 |    0 |     0 |      0 |      0 |    0 |          1 |
|       mul_22s_22s_44_1_1_U834                                                                                           |                                                                    lenet_mnist_cap64_hls_mul_22s_22s_44_1_1_372 |         62 |         62 |       0 |    0 |     0 |      0 |      0 |    0 |          1 |
|       mul_22s_22s_44_1_1_U835                                                                                           |                                                                    lenet_mnist_cap64_hls_mul_22s_22s_44_1_1_373 |         62 |         62 |       0 |    0 |     0 |      0 |      0 |    0 |          1 |
|       mul_22s_22s_44_1_1_U836                                                                                           |                                                                    lenet_mnist_cap64_hls_mul_22s_22s_44_1_1_374 |         62 |         62 |       0 |    0 |     0 |      0 |      0 |    0 |          1 |
|       mul_22s_22s_44_1_1_U837                                                                                           |                                                                    lenet_mnist_cap64_hls_mul_22s_22s_44_1_1_375 |         64 |         64 |       0 |    0 |     0 |      0 |      0 |    0 |          1 |
|       mul_22s_22s_44_1_1_U838                                                                                           |                                                                    lenet_mnist_cap64_hls_mul_22s_22s_44_1_1_376 |         63 |         63 |       0 |    0 |     0 |      0 |      0 |    0 |          1 |
|       mul_22s_22s_44_1_1_U839                                                                                           |                                                                    lenet_mnist_cap64_hls_mul_22s_22s_44_1_1_377 |         64 |         64 |       0 |    0 |     0 |      0 |      0 |    0 |          1 |
|       mul_22s_22s_44_1_1_U840                                                                                           |                                                                    lenet_mnist_cap64_hls_mul_22s_22s_44_1_1_378 |         63 |         63 |       0 |    0 |     0 |      0 |      0 |    0 |          1 |
|       mul_22s_22s_44_1_1_U841                                                                                           |                                                                    lenet_mnist_cap64_hls_mul_22s_22s_44_1_1_379 |         64 |         64 |       0 |    0 |     0 |      0 |      0 |    0 |          1 |
|       mul_22s_22s_44_1_1_U842                                                                                           |                                                                    lenet_mnist_cap64_hls_mul_22s_22s_44_1_1_380 |         64 |         64 |       0 |    0 |     0 |      0 |      0 |    0 |          1 |
|       mul_22s_22s_44_1_1_U843                                                                                           |                                                                    lenet_mnist_cap64_hls_mul_22s_22s_44_1_1_381 |         64 |         64 |       0 |    0 |     0 |      0 |      0 |    0 |          1 |
|       mul_22s_22s_44_1_1_U844                                                                                           |                                                                    lenet_mnist_cap64_hls_mul_22s_22s_44_1_1_382 |         63 |         63 |       0 |    0 |     0 |      0 |      0 |    0 |          1 |
|       mul_22s_22s_44_1_1_U845                                                                                           |                                                                    lenet_mnist_cap64_hls_mul_22s_22s_44_1_1_383 |         64 |         64 |       0 |    0 |     0 |      0 |      0 |    0 |          1 |
|       mul_22s_22s_44_1_1_U846                                                                                           |                                                                    lenet_mnist_cap64_hls_mul_22s_22s_44_1_1_384 |         64 |         64 |       0 |    0 |     0 |      0 |      0 |    0 |          1 |
|       mul_22s_22s_44_1_1_U847                                                                                           |                                                                    lenet_mnist_cap64_hls_mul_22s_22s_44_1_1_385 |         64 |         64 |       0 |    0 |     0 |      0 |      0 |    0 |          1 |
|       mul_22s_22s_44_1_1_U848                                                                                           |                                                                    lenet_mnist_cap64_hls_mul_22s_22s_44_1_1_386 |         63 |         63 |       0 |    0 |     0 |      0 |      0 |    0 |          1 |
|       mul_22s_22s_44_1_1_U849                                                                                           |                                                                    lenet_mnist_cap64_hls_mul_22s_22s_44_1_1_387 |         64 |         64 |       0 |    0 |     0 |      0 |      0 |    0 |          1 |
|       mul_22s_22s_44_1_1_U850                                                                                           |                                                                    lenet_mnist_cap64_hls_mul_22s_22s_44_1_1_388 |         63 |         63 |       0 |    0 |     0 |      0 |      0 |    0 |          1 |
|       mul_22s_22s_44_1_1_U851                                                                                           |                                                                    lenet_mnist_cap64_hls_mul_22s_22s_44_1_1_389 |         64 |         64 |       0 |    0 |     0 |      0 |      0 |    0 |          1 |
|       mul_22s_22s_44_1_1_U852                                                                                           |                                                                    lenet_mnist_cap64_hls_mul_22s_22s_44_1_1_390 |         63 |         63 |       0 |    0 |     0 |      0 |      0 |    0 |          1 |
|       mul_22s_22s_44_1_1_U853                                                                                           |                                                                    lenet_mnist_cap64_hls_mul_22s_22s_44_1_1_391 |         64 |         64 |       0 |    0 |     0 |      0 |      0 |    0 |          1 |
|       mul_22s_22s_44_1_1_U854                                                                                           |                                                                    lenet_mnist_cap64_hls_mul_22s_22s_44_1_1_392 |         64 |         64 |       0 |    0 |     0 |      0 |      0 |    0 |          1 |
|       mul_22s_22s_44_1_1_U855                                                                                           |                                                                    lenet_mnist_cap64_hls_mul_22s_22s_44_1_1_393 |         63 |         63 |       0 |    0 |     0 |      0 |      0 |    0 |          1 |
|       mul_22s_22s_44_1_1_U856                                                                                           |                                                                    lenet_mnist_cap64_hls_mul_22s_22s_44_1_1_394 |         64 |         64 |       0 |    0 |     0 |      0 |      0 |    0 |          1 |
|       mul_22s_22s_44_1_1_U857                                                                                           |                                                                    lenet_mnist_cap64_hls_mul_22s_22s_44_1_1_395 |         64 |         64 |       0 |    0 |     0 |      0 |      0 |    0 |          1 |
|       mul_22s_22s_44_1_1_U858                                                                                           |                                                                    lenet_mnist_cap64_hls_mul_22s_22s_44_1_1_396 |         64 |         64 |       0 |    0 |     0 |      0 |      0 |    0 |          1 |
|       mul_22s_22s_44_1_1_U859                                                                                           |                                                                    lenet_mnist_cap64_hls_mul_22s_22s_44_1_1_397 |         64 |         64 |       0 |    0 |     0 |      0 |      0 |    0 |          1 |
|       mul_22s_22s_44_1_1_U860                                                                                           |                                                                    lenet_mnist_cap64_hls_mul_22s_22s_44_1_1_398 |         64 |         64 |       0 |    0 |     0 |      0 |      0 |    0 |          1 |
|       mul_22s_22s_44_1_1_U861                                                                                           |                                                                    lenet_mnist_cap64_hls_mul_22s_22s_44_1_1_399 |        607 |        607 |       0 |    0 |     0 |      0 |      0 |    0 |          1 |
|       mul_22s_22s_44_1_1_U862                                                                                           |                                                                    lenet_mnist_cap64_hls_mul_22s_22s_44_1_1_400 |        608 |        608 |       0 |    0 |     0 |      0 |      0 |    0 |          1 |
|       mul_22s_22s_44_1_1_U863                                                                                           |                                                                    lenet_mnist_cap64_hls_mul_22s_22s_44_1_1_401 |        607 |        607 |       0 |    0 |     0 |      0 |      0 |    0 |          1 |
|       mul_22s_22s_44_1_1_U864                                                                                           |                                                                    lenet_mnist_cap64_hls_mul_22s_22s_44_1_1_402 |        608 |        608 |       0 |    0 |     0 |      0 |      0 |    0 |          1 |
|       mul_22s_22s_44_1_1_U865                                                                                           |                                                                    lenet_mnist_cap64_hls_mul_22s_22s_44_1_1_403 |         64 |         64 |       0 |    0 |     0 |      0 |      0 |    0 |          1 |
|       mul_22s_22s_44_1_1_U866                                                                                           |                                                                    lenet_mnist_cap64_hls_mul_22s_22s_44_1_1_404 |         63 |         63 |       0 |    0 |     0 |      0 |      0 |    0 |          1 |
|       mul_22s_22s_44_1_1_U867                                                                                           |                                                                    lenet_mnist_cap64_hls_mul_22s_22s_44_1_1_405 |         64 |         64 |       0 |    0 |     0 |      0 |      0 |    0 |          1 |
|       mul_22s_22s_44_1_1_U868                                                                                           |                                                                    lenet_mnist_cap64_hls_mul_22s_22s_44_1_1_406 |         63 |         63 |       0 |    0 |     0 |      0 |      0 |    0 |          1 |
|       mul_22s_22s_44_1_1_U869                                                                                           |                                                                    lenet_mnist_cap64_hls_mul_22s_22s_44_1_1_407 |         64 |         64 |       0 |    0 |     0 |      0 |      0 |    0 |          1 |
|       mul_22s_22s_44_1_1_U870                                                                                           |                                                                    lenet_mnist_cap64_hls_mul_22s_22s_44_1_1_408 |         64 |         64 |       0 |    0 |     0 |      0 |      0 |    0 |          1 |
|       mul_22s_22s_44_1_1_U871                                                                                           |                                                                    lenet_mnist_cap64_hls_mul_22s_22s_44_1_1_409 |         64 |         64 |       0 |    0 |     0 |      0 |      0 |    0 |          1 |
|       mul_22s_22s_44_1_1_U872                                                                                           |                                                                    lenet_mnist_cap64_hls_mul_22s_22s_44_1_1_410 |         64 |         64 |       0 |    0 |     0 |      0 |      0 |    0 |          1 |
|       mul_22s_22s_44_1_1_U873                                                                                           |                                                                    lenet_mnist_cap64_hls_mul_22s_22s_44_1_1_411 |         64 |         64 |       0 |    0 |     0 |      0 |      0 |    0 |          1 |
|       mul_22s_22s_44_1_1_U874                                                                                           |                                                                    lenet_mnist_cap64_hls_mul_22s_22s_44_1_1_412 |         64 |         64 |       0 |    0 |     0 |      0 |      0 |    0 |          1 |
|       mul_22s_22s_44_1_1_U875                                                                                           |                                                                    lenet_mnist_cap64_hls_mul_22s_22s_44_1_1_413 |         64 |         64 |       0 |    0 |     0 |      0 |      0 |    0 |          1 |
|       mul_22s_22s_44_1_1_U876                                                                                           |                                                                    lenet_mnist_cap64_hls_mul_22s_22s_44_1_1_414 |         64 |         64 |       0 |    0 |     0 |      0 |      0 |    0 |          1 |
|       mul_22s_22s_44_1_1_U877                                                                                           |                                                                    lenet_mnist_cap64_hls_mul_22s_22s_44_1_1_415 |         62 |         62 |       0 |    0 |     0 |      0 |      0 |    0 |          1 |
|       mul_22s_22s_44_1_1_U878                                                                                           |                                                                    lenet_mnist_cap64_hls_mul_22s_22s_44_1_1_416 |         62 |         62 |       0 |    0 |     0 |      0 |      0 |    0 |          1 |
|       mul_22s_22s_44_1_1_U879                                                                                           |                                                                    lenet_mnist_cap64_hls_mul_22s_22s_44_1_1_417 |         62 |         62 |       0 |    0 |     0 |      0 |      0 |    0 |          1 |
|       mul_22s_22s_44_1_1_U880                                                                                           |                                                                    lenet_mnist_cap64_hls_mul_22s_22s_44_1_1_418 |         62 |         62 |       0 |    0 |     0 |      0 |      0 |    0 |          1 |
|       mul_22s_22s_44_1_1_U881                                                                                           |                                                                    lenet_mnist_cap64_hls_mul_22s_22s_44_1_1_419 |         75 |         75 |       0 |    0 |     0 |      0 |      0 |    0 |          1 |
|       mul_22s_22s_44_1_1_U882                                                                                           |                                                                    lenet_mnist_cap64_hls_mul_22s_22s_44_1_1_420 |         75 |         75 |       0 |    0 |     0 |      0 |      0 |    0 |          1 |
|       mul_22s_22s_44_1_1_U883                                                                                           |                                                                    lenet_mnist_cap64_hls_mul_22s_22s_44_1_1_421 |         75 |         75 |       0 |    0 |     0 |      0 |      0 |    0 |          1 |
|       mul_22s_22s_44_1_1_U884                                                                                           |                                                                    lenet_mnist_cap64_hls_mul_22s_22s_44_1_1_422 |         64 |         64 |       0 |    0 |     0 |      0 |      0 |    0 |          1 |
|       mul_22s_22s_44_1_1_U885                                                                                           |                                                                    lenet_mnist_cap64_hls_mul_22s_22s_44_1_1_423 |         64 |         64 |       0 |    0 |     0 |      0 |      0 |    0 |          1 |
|       mul_22s_22s_44_1_1_U886                                                                                           |                                                                    lenet_mnist_cap64_hls_mul_22s_22s_44_1_1_424 |         64 |         64 |       0 |    0 |     0 |      0 |      0 |    0 |          1 |
|       mul_22s_22s_44_1_1_U887                                                                                           |                                                                    lenet_mnist_cap64_hls_mul_22s_22s_44_1_1_425 |         63 |         63 |       0 |    0 |     0 |      0 |      0 |    0 |          1 |
|       mul_22s_22s_44_1_1_U888                                                                                           |                                                                    lenet_mnist_cap64_hls_mul_22s_22s_44_1_1_426 |         63 |         63 |       0 |    0 |     0 |      0 |      0 |    0 |          1 |
|       mul_22s_22s_44_1_1_U889                                                                                           |                                                                    lenet_mnist_cap64_hls_mul_22s_22s_44_1_1_427 |         63 |         63 |       0 |    0 |     0 |      0 |      0 |    0 |          1 |
|       mul_22s_22s_44_1_1_U890                                                                                           |                                                                    lenet_mnist_cap64_hls_mul_22s_22s_44_1_1_428 |         63 |         63 |       0 |    0 |     0 |      0 |      0 |    0 |          1 |
|       mul_22s_22s_44_1_1_U891                                                                                           |                                                                    lenet_mnist_cap64_hls_mul_22s_22s_44_1_1_429 |         64 |         64 |       0 |    0 |     0 |      0 |      0 |    0 |          1 |
|       mul_22s_22s_44_1_1_U892                                                                                           |                                                                    lenet_mnist_cap64_hls_mul_22s_22s_44_1_1_430 |         63 |         63 |       0 |    0 |     0 |      0 |      0 |    0 |          1 |
|       mul_22s_22s_44_1_1_U893                                                                                           |                                                                    lenet_mnist_cap64_hls_mul_22s_22s_44_1_1_431 |         64 |         64 |       0 |    0 |     0 |      0 |      0 |    0 |          1 |
|       mul_22s_22s_44_1_1_U894                                                                                           |                                                                    lenet_mnist_cap64_hls_mul_22s_22s_44_1_1_432 |         63 |         63 |       0 |    0 |     0 |      0 |      0 |    0 |          1 |
|       mul_22s_22s_44_1_1_U895                                                                                           |                                                                    lenet_mnist_cap64_hls_mul_22s_22s_44_1_1_433 |         64 |         64 |       0 |    0 |     0 |      0 |      0 |    0 |          1 |
|       mul_22s_22s_44_1_1_U896                                                                                           |                                                                    lenet_mnist_cap64_hls_mul_22s_22s_44_1_1_434 |         64 |         64 |       0 |    0 |     0 |      0 |      0 |    0 |          1 |
|       mul_22s_22s_44_1_1_U897                                                                                           |                                                                    lenet_mnist_cap64_hls_mul_22s_22s_44_1_1_435 |         64 |         64 |       0 |    0 |     0 |      0 |      0 |    0 |          1 |
|       mul_22s_22s_44_1_1_U898                                                                                           |                                                                    lenet_mnist_cap64_hls_mul_22s_22s_44_1_1_436 |         64 |         64 |       0 |    0 |     0 |      0 |      0 |    0 |          1 |
|       mul_22s_22s_44_1_1_U899                                                                                           |                                                                    lenet_mnist_cap64_hls_mul_22s_22s_44_1_1_437 |         64 |         64 |       0 |    0 |     0 |      0 |      0 |    0 |          1 |
|       mul_22s_22s_44_1_1_U900                                                                                           |                                                                    lenet_mnist_cap64_hls_mul_22s_22s_44_1_1_438 |         63 |         63 |       0 |    0 |     0 |      0 |      0 |    0 |          1 |
|       mul_22s_22s_44_1_1_U901                                                                                           |                                                                    lenet_mnist_cap64_hls_mul_22s_22s_44_1_1_439 |         63 |         63 |       0 |    0 |     0 |      0 |      0 |    0 |          1 |
|       mul_22s_22s_44_1_1_U902                                                                                           |                                                                    lenet_mnist_cap64_hls_mul_22s_22s_44_1_1_440 |         64 |         64 |       0 |    0 |     0 |      0 |      0 |    0 |          1 |
|       mul_22s_22s_44_1_1_U903                                                                                           |                                                                    lenet_mnist_cap64_hls_mul_22s_22s_44_1_1_441 |         64 |         64 |       0 |    0 |     0 |      0 |      0 |    0 |          1 |
|       mul_22s_22s_44_1_1_U904                                                                                           |                                                                    lenet_mnist_cap64_hls_mul_22s_22s_44_1_1_442 |         64 |         64 |       0 |    0 |     0 |      0 |      0 |    0 |          1 |
|       mul_22s_22s_44_1_1_U905                                                                                           |                                                                    lenet_mnist_cap64_hls_mul_22s_22s_44_1_1_443 |         64 |         64 |       0 |    0 |     0 |      0 |      0 |    0 |          1 |
|       mul_22s_22s_44_1_1_U906                                                                                           |                                                                    lenet_mnist_cap64_hls_mul_22s_22s_44_1_1_444 |         64 |         64 |       0 |    0 |     0 |      0 |      0 |    0 |          1 |
|       mul_22s_22s_44_1_1_U907                                                                                           |                                                                    lenet_mnist_cap64_hls_mul_22s_22s_44_1_1_445 |         63 |         63 |       0 |    0 |     0 |      0 |      0 |    0 |          1 |
|       mul_22s_22s_44_1_1_U908                                                                                           |                                                                    lenet_mnist_cap64_hls_mul_22s_22s_44_1_1_446 |         63 |         63 |       0 |    0 |     0 |      0 |      0 |    0 |          1 |
|       mul_22s_22s_44_1_1_U909                                                                                           |                                                                    lenet_mnist_cap64_hls_mul_22s_22s_44_1_1_447 |         64 |         64 |       0 |    0 |     0 |      0 |      0 |    0 |          1 |
|       mul_22s_22s_44_1_1_U910                                                                                           |                                                                    lenet_mnist_cap64_hls_mul_22s_22s_44_1_1_448 |         64 |         64 |       0 |    0 |     0 |      0 |      0 |    0 |          1 |
|       mul_22s_22s_44_1_1_U911                                                                                           |                                                                    lenet_mnist_cap64_hls_mul_22s_22s_44_1_1_449 |         63 |         63 |       0 |    0 |     0 |      0 |      0 |    0 |          1 |
|       mul_22s_22s_44_1_1_U912                                                                                           |                                                                    lenet_mnist_cap64_hls_mul_22s_22s_44_1_1_450 |         63 |         63 |       0 |    0 |     0 |      0 |      0 |    0 |          1 |
|       mul_22s_22s_44_1_1_U913                                                                                           |                                                                    lenet_mnist_cap64_hls_mul_22s_22s_44_1_1_451 |         64 |         64 |       0 |    0 |     0 |      0 |      0 |    0 |          1 |
|       mul_22s_22s_44_1_1_U914                                                                                           |                                                                    lenet_mnist_cap64_hls_mul_22s_22s_44_1_1_452 |         64 |         64 |       0 |    0 |     0 |      0 |      0 |    0 |          1 |
|       mul_22s_22s_44_1_1_U915                                                                                           |                                                                    lenet_mnist_cap64_hls_mul_22s_22s_44_1_1_453 |         64 |         64 |       0 |    0 |     0 |      0 |      0 |    0 |          1 |
|       mul_22s_22s_44_1_1_U916                                                                                           |                                                                    lenet_mnist_cap64_hls_mul_22s_22s_44_1_1_454 |         64 |         64 |       0 |    0 |     0 |      0 |      0 |    0 |          1 |
|       mul_22s_22s_44_1_1_U917                                                                                           |                                                                    lenet_mnist_cap64_hls_mul_22s_22s_44_1_1_455 |         64 |         64 |       0 |    0 |     0 |      0 |      0 |    0 |          1 |
|       mul_22s_22s_44_1_1_U918                                                                                           |                                                                    lenet_mnist_cap64_hls_mul_22s_22s_44_1_1_456 |         64 |         64 |       0 |    0 |     0 |      0 |      0 |    0 |          1 |
|       mul_22s_22s_44_1_1_U919                                                                                           |                                                                    lenet_mnist_cap64_hls_mul_22s_22s_44_1_1_457 |         64 |         64 |       0 |    0 |     0 |      0 |      0 |    0 |          1 |
|       mul_22s_22s_44_1_1_U920                                                                                           |                                                                    lenet_mnist_cap64_hls_mul_22s_22s_44_1_1_458 |         64 |         64 |       0 |    0 |     0 |      0 |      0 |    0 |          1 |
|       mul_22s_22s_44_1_1_U921                                                                                           |                                                                    lenet_mnist_cap64_hls_mul_22s_22s_44_1_1_459 |         63 |         63 |       0 |    0 |     0 |      0 |      0 |    0 |          1 |
|       mul_22s_22s_44_1_1_U922                                                                                           |                                                                    lenet_mnist_cap64_hls_mul_22s_22s_44_1_1_460 |         64 |         64 |       0 |    0 |     0 |      0 |      0 |    0 |          1 |
|       mul_22s_22s_44_1_1_U923                                                                                           |                                                                    lenet_mnist_cap64_hls_mul_22s_22s_44_1_1_461 |         64 |         64 |       0 |    0 |     0 |      0 |      0 |    0 |          1 |
|       mul_22s_22s_44_1_1_U924                                                                                           |                                                                    lenet_mnist_cap64_hls_mul_22s_22s_44_1_1_462 |         64 |         64 |       0 |    0 |     0 |      0 |      0 |    0 |          1 |
|       mul_22s_22s_44_1_1_U925                                                                                           |                                                                    lenet_mnist_cap64_hls_mul_22s_22s_44_1_1_463 |         64 |         64 |       0 |    0 |     0 |      0 |      0 |    0 |          1 |
|       mul_22s_22s_44_1_1_U926                                                                                           |                                                                    lenet_mnist_cap64_hls_mul_22s_22s_44_1_1_464 |         64 |         64 |       0 |    0 |     0 |      0 |      0 |    0 |          1 |
|       mul_22s_22s_44_1_1_U927                                                                                           |                                                                    lenet_mnist_cap64_hls_mul_22s_22s_44_1_1_465 |         64 |         64 |       0 |    0 |     0 |      0 |      0 |    0 |          1 |
|       mul_22s_22s_44_1_1_U928                                                                                           |                                                                    lenet_mnist_cap64_hls_mul_22s_22s_44_1_1_466 |         63 |         63 |       0 |    0 |     0 |      0 |      0 |    0 |          1 |
|       mul_22s_22s_44_1_1_U929                                                                                           |                                                                    lenet_mnist_cap64_hls_mul_22s_22s_44_1_1_467 |         64 |         64 |       0 |    0 |     0 |      0 |      0 |    0 |          1 |
|       mul_22s_22s_44_1_1_U930                                                                                           |                                                                    lenet_mnist_cap64_hls_mul_22s_22s_44_1_1_468 |         64 |         64 |       0 |    0 |     0 |      0 |      0 |    0 |          1 |
|       mul_22s_22s_44_1_1_U931                                                                                           |                                                                    lenet_mnist_cap64_hls_mul_22s_22s_44_1_1_469 |         64 |         64 |       0 |    0 |     0 |      0 |      0 |    0 |          1 |
|       mul_22s_22s_44_1_1_U932                                                                                           |                                                                    lenet_mnist_cap64_hls_mul_22s_22s_44_1_1_470 |         63 |         63 |       0 |    0 |     0 |      0 |      0 |    0 |          1 |
|       mul_22s_22s_44_1_1_U933                                                                                           |                                                                    lenet_mnist_cap64_hls_mul_22s_22s_44_1_1_471 |         63 |         63 |       0 |    0 |     0 |      0 |      0 |    0 |          1 |
|       mul_22s_22s_44_1_1_U934                                                                                           |                                                                    lenet_mnist_cap64_hls_mul_22s_22s_44_1_1_472 |         63 |         63 |       0 |    0 |     0 |      0 |      0 |    0 |          1 |
|       mul_22s_22s_44_1_1_U935                                                                                           |                                                                    lenet_mnist_cap64_hls_mul_22s_22s_44_1_1_473 |         64 |         64 |       0 |    0 |     0 |      0 |      0 |    0 |          1 |
|       mul_22s_22s_44_1_1_U936                                                                                           |                                                                    lenet_mnist_cap64_hls_mul_22s_22s_44_1_1_474 |         64 |         64 |       0 |    0 |     0 |      0 |      0 |    0 |          1 |
|       mul_22s_22s_44_1_1_U937                                                                                           |                                                                    lenet_mnist_cap64_hls_mul_22s_22s_44_1_1_475 |         64 |         64 |       0 |    0 |     0 |      0 |      0 |    0 |          1 |
|       mul_22s_22s_44_1_1_U938                                                                                           |                                                                    lenet_mnist_cap64_hls_mul_22s_22s_44_1_1_476 |         63 |         63 |       0 |    0 |     0 |      0 |      0 |    0 |          1 |
|       mul_22s_22s_44_1_1_U939                                                                                           |                                                                    lenet_mnist_cap64_hls_mul_22s_22s_44_1_1_477 |         64 |         64 |       0 |    0 |     0 |      0 |      0 |    0 |          1 |
|       mul_22s_22s_44_1_1_U940                                                                                           |                                                                    lenet_mnist_cap64_hls_mul_22s_22s_44_1_1_478 |         64 |         64 |       0 |    0 |     0 |      0 |      0 |    0 |          1 |
|       mul_22s_22s_44_1_1_U941                                                                                           |                                                                    lenet_mnist_cap64_hls_mul_22s_22s_44_1_1_479 |         64 |         64 |       0 |    0 |     0 |      0 |      0 |    0 |          1 |
|       mul_22s_22s_44_1_1_U942                                                                                           |                                                                    lenet_mnist_cap64_hls_mul_22s_22s_44_1_1_480 |         63 |         63 |       0 |    0 |     0 |      0 |      0 |    0 |          1 |
|       mul_22s_22s_44_1_1_U943                                                                                           |                                                                    lenet_mnist_cap64_hls_mul_22s_22s_44_1_1_481 |         64 |         64 |       0 |    0 |     0 |      0 |      0 |    0 |          1 |
|       mul_22s_22s_44_1_1_U944                                                                                           |                                                                    lenet_mnist_cap64_hls_mul_22s_22s_44_1_1_482 |         64 |         64 |       0 |    0 |     0 |      0 |      0 |    0 |          1 |
|       mul_22s_22s_44_1_1_U945                                                                                           |                                                                    lenet_mnist_cap64_hls_mul_22s_22s_44_1_1_483 |         62 |         62 |       0 |    0 |     0 |      0 |      0 |    0 |          1 |
|       mul_22s_22s_44_1_1_U946                                                                                           |                                                                    lenet_mnist_cap64_hls_mul_22s_22s_44_1_1_484 |         62 |         62 |       0 |    0 |     0 |      0 |      0 |    0 |          1 |
|       mul_22s_22s_44_1_1_U947                                                                                           |                                                                    lenet_mnist_cap64_hls_mul_22s_22s_44_1_1_485 |         62 |         62 |       0 |    0 |     0 |      0 |      0 |    0 |          1 |
|       mul_22s_22s_44_1_1_U948                                                                                           |                                                                    lenet_mnist_cap64_hls_mul_22s_22s_44_1_1_486 |         62 |         62 |       0 |    0 |     0 |      0 |      0 |    0 |          1 |
|       mul_22s_22s_44_1_1_U949                                                                                           |                                                                    lenet_mnist_cap64_hls_mul_22s_22s_44_1_1_487 |         62 |         62 |       0 |    0 |     0 |      0 |      0 |    0 |          1 |
|       mul_22s_22s_44_1_1_U950                                                                                           |                                                                    lenet_mnist_cap64_hls_mul_22s_22s_44_1_1_488 |         62 |         62 |       0 |    0 |     0 |      0 |      0 |    0 |          1 |
|       mul_22s_22s_44_1_1_U951                                                                                           |                                                                    lenet_mnist_cap64_hls_mul_22s_22s_44_1_1_489 |         62 |         62 |       0 |    0 |     0 |      0 |      0 |    0 |          1 |
|       mul_22s_22s_44_1_1_U952                                                                                           |                                                                    lenet_mnist_cap64_hls_mul_22s_22s_44_1_1_490 |         62 |         62 |       0 |    0 |     0 |      0 |      0 |    0 |          1 |
|       mul_22s_22s_44_1_1_U953                                                                                           |                                                                    lenet_mnist_cap64_hls_mul_22s_22s_44_1_1_491 |         64 |         64 |       0 |    0 |     0 |      0 |      0 |    0 |          1 |
|       mul_22s_22s_44_1_1_U954                                                                                           |                                                                    lenet_mnist_cap64_hls_mul_22s_22s_44_1_1_492 |         63 |         63 |       0 |    0 |     0 |      0 |      0 |    0 |          1 |
|       mul_22s_22s_44_1_1_U955                                                                                           |                                                                    lenet_mnist_cap64_hls_mul_22s_22s_44_1_1_493 |         64 |         64 |       0 |    0 |     0 |      0 |      0 |    0 |          1 |
|       mul_22s_22s_44_1_1_U956                                                                                           |                                                                    lenet_mnist_cap64_hls_mul_22s_22s_44_1_1_494 |         64 |         64 |       0 |    0 |     0 |      0 |      0 |    0 |          1 |
|       mul_22s_22s_44_1_1_U957                                                                                           |                                                                    lenet_mnist_cap64_hls_mul_22s_22s_44_1_1_495 |         62 |         62 |       0 |    0 |     0 |      0 |      0 |    0 |          1 |
|       mul_22s_22s_44_1_1_U958                                                                                           |                                                                    lenet_mnist_cap64_hls_mul_22s_22s_44_1_1_496 |         62 |         62 |       0 |    0 |     0 |      0 |      0 |    0 |          1 |
|       mul_22s_22s_44_1_1_U959                                                                                           |                                                                    lenet_mnist_cap64_hls_mul_22s_22s_44_1_1_497 |         62 |         62 |       0 |    0 |     0 |      0 |      0 |    0 |          1 |
|       mul_22s_22s_44_1_1_U960                                                                                           |                                                                    lenet_mnist_cap64_hls_mul_22s_22s_44_1_1_498 |         62 |         62 |       0 |    0 |     0 |      0 |      0 |    0 |          1 |
|       mul_22s_22s_44_1_1_U961                                                                                           |                                                                    lenet_mnist_cap64_hls_mul_22s_22s_44_1_1_499 |         64 |         64 |       0 |    0 |     0 |      0 |      0 |    0 |          1 |
|       mul_22s_22s_44_1_1_U962                                                                                           |                                                                    lenet_mnist_cap64_hls_mul_22s_22s_44_1_1_500 |         63 |         63 |       0 |    0 |     0 |      0 |      0 |    0 |          1 |
|       mul_22s_22s_44_1_1_U963                                                                                           |                                                                    lenet_mnist_cap64_hls_mul_22s_22s_44_1_1_501 |         64 |         64 |       0 |    0 |     0 |      0 |      0 |    0 |          1 |
|       mul_22s_22s_44_1_1_U964                                                                                           |                                                                    lenet_mnist_cap64_hls_mul_22s_22s_44_1_1_502 |         63 |         63 |       0 |    0 |     0 |      0 |      0 |    0 |          1 |
|       mul_22s_22s_44_1_1_U965                                                                                           |                                                                    lenet_mnist_cap64_hls_mul_22s_22s_44_1_1_503 |         64 |         64 |       0 |    0 |     0 |      0 |      0 |    0 |          1 |
|       mul_22s_22s_44_1_1_U966                                                                                           |                                                                    lenet_mnist_cap64_hls_mul_22s_22s_44_1_1_504 |         64 |         64 |       0 |    0 |     0 |      0 |      0 |    0 |          1 |
|       mul_22s_22s_44_1_1_U967                                                                                           |                                                                    lenet_mnist_cap64_hls_mul_22s_22s_44_1_1_505 |         63 |         63 |       0 |    0 |     0 |      0 |      0 |    0 |          1 |
|       mul_22s_22s_44_1_1_U968                                                                                           |                                                                    lenet_mnist_cap64_hls_mul_22s_22s_44_1_1_506 |         64 |         64 |       0 |    0 |     0 |      0 |      0 |    0 |          1 |
|       mul_22s_22s_44_1_1_U969                                                                                           |                                                                    lenet_mnist_cap64_hls_mul_22s_22s_44_1_1_507 |         63 |         63 |       0 |    0 |     0 |      0 |      0 |    0 |          1 |
|       mul_22s_22s_44_1_1_U970                                                                                           |                                                                    lenet_mnist_cap64_hls_mul_22s_22s_44_1_1_508 |         64 |         64 |       0 |    0 |     0 |      0 |      0 |    0 |          1 |
|       mul_22s_22s_44_1_1_U971                                                                                           |                                                                    lenet_mnist_cap64_hls_mul_22s_22s_44_1_1_509 |         64 |         64 |       0 |    0 |     0 |      0 |      0 |    0 |          1 |
|       mul_22s_22s_44_1_1_U972                                                                                           |                                                                    lenet_mnist_cap64_hls_mul_22s_22s_44_1_1_510 |         64 |         64 |       0 |    0 |     0 |      0 |      0 |    0 |          1 |
|       mul_22s_22s_44_1_1_U973                                                                                           |                                                                    lenet_mnist_cap64_hls_mul_22s_22s_44_1_1_511 |         62 |         62 |       0 |    0 |     0 |      0 |      0 |    0 |          1 |
|       mul_22s_22s_44_1_1_U974                                                                                           |                                                                    lenet_mnist_cap64_hls_mul_22s_22s_44_1_1_512 |         62 |         62 |       0 |    0 |     0 |      0 |      0 |    0 |          1 |
|       mul_22s_22s_44_1_1_U975                                                                                           |                                                                    lenet_mnist_cap64_hls_mul_22s_22s_44_1_1_513 |         62 |         62 |       0 |    0 |     0 |      0 |      0 |    0 |          1 |
|       mul_22s_22s_44_1_1_U976                                                                                           |                                                                    lenet_mnist_cap64_hls_mul_22s_22s_44_1_1_514 |         62 |         62 |       0 |    0 |     0 |      0 |      0 |    0 |          1 |
|       mul_22s_22s_44_1_1_U977                                                                                           |                                                                    lenet_mnist_cap64_hls_mul_22s_22s_44_1_1_515 |         64 |         64 |       0 |    0 |     0 |      0 |      0 |    0 |          1 |
|       mul_22s_22s_44_1_1_U978                                                                                           |                                                                    lenet_mnist_cap64_hls_mul_22s_22s_44_1_1_516 |         63 |         63 |       0 |    0 |     0 |      0 |      0 |    0 |          1 |
|       mul_22s_22s_44_1_1_U979                                                                                           |                                                                    lenet_mnist_cap64_hls_mul_22s_22s_44_1_1_517 |         64 |         64 |       0 |    0 |     0 |      0 |      0 |    0 |          1 |
|       mul_22s_22s_44_1_1_U980                                                                                           |                                                                    lenet_mnist_cap64_hls_mul_22s_22s_44_1_1_518 |         63 |         63 |       0 |    0 |     0 |      0 |      0 |    0 |          1 |
|       mul_22s_22s_44_1_1_U981                                                                                           |                                                                    lenet_mnist_cap64_hls_mul_22s_22s_44_1_1_519 |         64 |         64 |       0 |    0 |     0 |      0 |      0 |    0 |          1 |
|       mul_22s_22s_44_1_1_U982                                                                                           |                                                                    lenet_mnist_cap64_hls_mul_22s_22s_44_1_1_520 |         64 |         64 |       0 |    0 |     0 |      0 |      0 |    0 |          1 |
|       mul_22s_22s_44_1_1_U983                                                                                           |                                                                    lenet_mnist_cap64_hls_mul_22s_22s_44_1_1_521 |         64 |         64 |       0 |    0 |     0 |      0 |      0 |    0 |          1 |
|       mul_22s_22s_44_1_1_U984                                                                                           |                                                                    lenet_mnist_cap64_hls_mul_22s_22s_44_1_1_522 |         64 |         64 |       0 |    0 |     0 |      0 |      0 |    0 |          1 |
|       mul_22s_22s_44_1_1_U985                                                                                           |                                                                    lenet_mnist_cap64_hls_mul_22s_22s_44_1_1_523 |         64 |         64 |       0 |    0 |     0 |      0 |      0 |    0 |          1 |
|       mul_22s_22s_44_1_1_U986                                                                                           |                                                                    lenet_mnist_cap64_hls_mul_22s_22s_44_1_1_524 |         64 |         64 |       0 |    0 |     0 |      0 |      0 |    0 |          1 |
|       mul_22s_22s_44_1_1_U987                                                                                           |                                                                    lenet_mnist_cap64_hls_mul_22s_22s_44_1_1_525 |         63 |         63 |       0 |    0 |     0 |      0 |      0 |    0 |          1 |
|       mul_22s_22s_44_1_1_U988                                                                                           |                                                                    lenet_mnist_cap64_hls_mul_22s_22s_44_1_1_526 |         64 |         64 |       0 |    0 |     0 |      0 |      0 |    0 |          1 |
|       mul_22s_22s_44_1_1_U989                                                                                           |                                                                    lenet_mnist_cap64_hls_mul_22s_22s_44_1_1_527 |         64 |         64 |       0 |    0 |     0 |      0 |      0 |    0 |          1 |
|       mul_22s_22s_44_1_1_U990                                                                                           |                                                                    lenet_mnist_cap64_hls_mul_22s_22s_44_1_1_528 |         75 |         75 |       0 |    0 |     0 |      0 |      0 |    0 |          1 |
|       mul_22s_22s_44_1_1_U991                                                                                           |                                                                    lenet_mnist_cap64_hls_mul_22s_22s_44_1_1_529 |         63 |         63 |       0 |    0 |     0 |      0 |      0 |    0 |          1 |
|       mul_22s_22s_44_1_1_U992                                                                                           |                                                                    lenet_mnist_cap64_hls_mul_22s_22s_44_1_1_530 |         63 |         63 |       0 |    0 |     0 |      0 |      0 |    0 |          1 |
|       mul_22s_22s_44_1_1_U993                                                                                           |                                                                    lenet_mnist_cap64_hls_mul_22s_22s_44_1_1_531 |         64 |         64 |       0 |    0 |     0 |      0 |      0 |    0 |          1 |
|       mul_22s_22s_44_1_1_U994                                                                                           |                                                                    lenet_mnist_cap64_hls_mul_22s_22s_44_1_1_532 |         63 |         63 |       0 |    0 |     0 |      0 |      0 |    0 |          1 |
|       mul_22s_22s_44_1_1_U995                                                                                           |                                                                    lenet_mnist_cap64_hls_mul_22s_22s_44_1_1_533 |         64 |         64 |       0 |    0 |     0 |      0 |      0 |    0 |          1 |
|       mul_22s_22s_44_1_1_U996                                                                                           |                                                                    lenet_mnist_cap64_hls_mul_22s_22s_44_1_1_534 |         64 |         64 |       0 |    0 |     0 |      0 |      0 |    0 |          1 |
|       mul_22s_22s_44_1_1_U997                                                                                           |                                                                    lenet_mnist_cap64_hls_mul_22s_22s_44_1_1_535 |         64 |         64 |       0 |    0 |     0 |      0 |      0 |    0 |          1 |
|       mul_22s_22s_44_1_1_U998                                                                                           |                                                                    lenet_mnist_cap64_hls_mul_22s_22s_44_1_1_536 |         64 |         64 |       0 |    0 |     0 |      0 |      0 |    0 |          1 |
|       mul_22s_22s_44_1_1_U999                                                                                           |                                                                    lenet_mnist_cap64_hls_mul_22s_22s_44_1_1_537 |         64 |         64 |       0 |    0 |     0 |      0 |      0 |    0 |          1 |
|       mul_22s_9s_31_1_1_U1288                                                                                           |                                                                         lenet_mnist_cap64_hls_mul_22s_9s_31_1_1 |         14 |         14 |       0 |    0 |     0 |      0 |      0 |    0 |          1 |
|       w9_U                                                                                                              |          lenet_mnist_cap64_hls_dense_resource_rf_leq_nin_ap_fixed_ap_fixed_22_12_4_0_0_config9_s_w9_ROM_NP_B2iS |      20456 |      20456 |       0 |    0 |     0 |     62 |      0 |    0 |          0 |
|   dense_array_ap_fixed_84u_array_ap_fixed_22_12_4_0_0_10u_config13_U0                                                   |                        lenet_mnist_cap64_hls_dense_array_ap_fixed_84u_array_ap_fixed_22_12_4_0_0_10u_config13_s |       3841 |       3841 |       0 |    0 |  6473 |      1 |      1 |    0 |         10 |
|     (dense_array_ap_fixed_84u_array_ap_fixed_22_12_4_0_0_10u_config13_U0)                                               |                        lenet_mnist_cap64_hls_dense_array_ap_fixed_84u_array_ap_fixed_22_12_4_0_0_10u_config13_s |          1 |          1 |       0 |    0 |  1989 |      0 |      0 |    0 |          0 |
|     grp_dense_resource_rf_leq_nin_ap_fixed_ap_fixed_22_12_4_0_0_config13_s_fu_379                                       |                        lenet_mnist_cap64_hls_dense_resource_rf_leq_nin_ap_fixed_ap_fixed_22_12_4_0_0_config13_s |       3610 |       3610 |       0 |    0 |  4039 |      1 |      1 |    0 |         10 |
|       (grp_dense_resource_rf_leq_nin_ap_fixed_ap_fixed_22_12_4_0_0_config13_s_fu_379)                                   |                        lenet_mnist_cap64_hls_dense_resource_rf_leq_nin_ap_fixed_ap_fixed_22_12_4_0_0_config13_s |        926 |        926 |       0 |    0 |  4039 |      0 |      0 |    0 |          0 |
|       mul_22s_10s_32_1_1_U1858                                                                                          |                                                                        lenet_mnist_cap64_hls_mul_22s_10s_32_1_1 |         80 |         80 |       0 |    0 |     0 |      0 |      0 |    0 |          1 |
|       mul_22s_22s_44_1_1_U1848                                                                                          |                                                                        lenet_mnist_cap64_hls_mul_22s_22s_44_1_1 |        179 |        179 |       0 |    0 |     0 |      0 |      0 |    0 |          1 |
|       mul_22s_22s_44_1_1_U1849                                                                                          |                                                                     lenet_mnist_cap64_hls_mul_22s_22s_44_1_1_51 |        179 |        179 |       0 |    0 |     0 |      0 |      0 |    0 |          1 |
|       mul_22s_22s_44_1_1_U1850                                                                                          |                                                                     lenet_mnist_cap64_hls_mul_22s_22s_44_1_1_52 |        176 |        176 |       0 |    0 |     0 |      0 |      0 |    0 |          1 |
|       mul_22s_22s_44_1_1_U1851                                                                                          |                                                                     lenet_mnist_cap64_hls_mul_22s_22s_44_1_1_53 |        176 |        176 |       0 |    0 |     0 |      0 |      0 |    0 |          1 |
|       mul_22s_22s_44_1_1_U1852                                                                                          |                                                                     lenet_mnist_cap64_hls_mul_22s_22s_44_1_1_54 |        176 |        176 |       0 |    0 |     0 |      0 |      0 |    0 |          1 |
|       mul_22s_22s_44_1_1_U1853                                                                                          |                                                                     lenet_mnist_cap64_hls_mul_22s_22s_44_1_1_55 |        176 |        176 |       0 |    0 |     0 |      0 |      0 |    0 |          1 |
|       mul_22s_22s_44_1_1_U1854                                                                                          |                                                                     lenet_mnist_cap64_hls_mul_22s_22s_44_1_1_56 |        176 |        176 |       0 |    0 |     0 |      0 |      0 |    0 |          1 |
|       mul_22s_22s_44_1_1_U1855                                                                                          |                                                                     lenet_mnist_cap64_hls_mul_22s_22s_44_1_1_57 |        176 |        176 |       0 |    0 |     0 |      0 |      0 |    0 |          1 |
|       mul_22s_22s_44_1_1_U1856                                                                                          |                                                                     lenet_mnist_cap64_hls_mul_22s_22s_44_1_1_58 |       1182 |       1182 |       0 |    0 |     0 |      0 |      0 |    0 |          1 |
|       w13_U                                                                                                             |          lenet_mnist_cap64_hls_dense_resource_rf_leq_nin_ap_fixed_ap_fixed_22_12_4_0_0_config13_s_w13_ROM_NP4jc |          8 |          8 |       0 |    0 |     0 |      1 |      1 |    0 |          0 |
|     regslice_both_layer13_out_U                                                                                         |                                                             lenet_mnist_cap64_hls_regslice_both__parameterized0 |        230 |        230 |       0 |    0 |   445 |      0 |      0 |    0 |          0 |
|   layer10_out_U                                                                                                         |                                                                           lenet_mnist_cap64_hls_fifo_w2640_d1_S |          3 |          3 |       0 |    0 |  2524 |      0 |      0 |    0 |          0 |
|     (layer10_out_U)                                                                                                     |                                                                           lenet_mnist_cap64_hls_fifo_w2640_d1_S |          3 |          3 |       0 |    0 |     4 |      0 |      0 |    0 |          0 |
|     U_lenet_mnist_cap64_hls_fifo_w2640_d1_S_ShiftReg                                                                    |                                                               lenet_mnist_cap64_hls_fifo_w2640_d1_S_ShiftReg_50 |          0 |          0 |       0 |    0 |  2520 |      0 |      0 |    0 |          0 |
|   layer11_out_U                                                                                                         |                                                                           lenet_mnist_cap64_hls_fifo_w1848_d1_S |        928 |        928 |       0 |    0 |  1852 |      0 |      0 |    0 |          0 |
|     (layer11_out_U)                                                                                                     |                                                                           lenet_mnist_cap64_hls_fifo_w1848_d1_S |          4 |          4 |       0 |    0 |     4 |      0 |      0 |    0 |          0 |
|     U_lenet_mnist_cap64_hls_fifo_w1848_d1_S_ShiftReg                                                                    |                                                               lenet_mnist_cap64_hls_fifo_w1848_d1_S_ShiftReg_49 |        924 |        924 |       0 |    0 |  1848 |      0 |      0 |    0 |          0 |
|   layer12_out_U                                                                                                         |                                                                         lenet_mnist_cap64_hls_fifo_w1848_d1_S_0 |          3 |          3 |       0 |    0 |  1768 |      0 |      0 |    0 |          0 |
|     (layer12_out_U)                                                                                                     |                                                                         lenet_mnist_cap64_hls_fifo_w1848_d1_S_0 |          3 |          3 |       0 |    0 |     4 |      0 |      0 |    0 |          0 |
|     U_lenet_mnist_cap64_hls_fifo_w1848_d1_S_ShiftReg                                                                    |                                                                  lenet_mnist_cap64_hls_fifo_w1848_d1_S_ShiftReg |          0 |          0 |       0 |    0 |  1764 |      0 |      0 |    0 |          0 |
|   layer2_out_U                                                                                                          |                                                                          lenet_mnist_cap64_hls_fifo_w132_d576_A |        186 |        186 |       0 |    0 |    45 |      4 |      0 |    0 |          0 |
|     (layer2_out_U)                                                                                                      |                                                                          lenet_mnist_cap64_hls_fifo_w132_d576_A |         53 |         53 |       0 |    0 |    45 |      0 |      0 |    0 |          0 |
|     U_lenet_mnist_cap64_hls_fifo_w132_d576_A_ram                                                                        |                                                                   lenet_mnist_cap64_hls_fifo_w132_d576_A_ram_48 |        133 |        133 |       0 |    0 |     0 |      4 |      0 |    0 |          0 |
|   layer3_out_U                                                                                                          |                                                                        lenet_mnist_cap64_hls_fifo_w132_d576_A_1 |         58 |         58 |       0 |    0 |    45 |      3 |      1 |    0 |          0 |
|     (layer3_out_U)                                                                                                      |                                                                        lenet_mnist_cap64_hls_fifo_w132_d576_A_1 |         56 |         56 |       0 |    0 |    45 |      0 |      0 |    0 |          0 |
|     U_lenet_mnist_cap64_hls_fifo_w132_d576_A_ram                                                                        |                                                                      lenet_mnist_cap64_hls_fifo_w132_d576_A_ram |          2 |          2 |       0 |    0 |     0 |      3 |      1 |    0 |          0 |
|   layer4_out_U                                                                                                          |                                                                          lenet_mnist_cap64_hls_fifo_w132_d144_A |         42 |         42 |       0 |    0 |    37 |      2 |      0 |    0 |          0 |
|     (layer4_out_U)                                                                                                      |                                                                          lenet_mnist_cap64_hls_fifo_w132_d144_A |         41 |         41 |       0 |    0 |    37 |      0 |      0 |    0 |          0 |
|     U_lenet_mnist_cap64_hls_fifo_w132_d144_A_ram                                                                        |                                                                      lenet_mnist_cap64_hls_fifo_w132_d144_A_ram |          1 |          1 |       0 |    0 |     0 |      2 |      0 |    0 |          0 |
|   layer5_out_U                                                                                                          |                                                                           lenet_mnist_cap64_hls_fifo_w352_d64_A |        390 |        390 |       0 |    0 |    29 |      5 |      0 |    0 |          0 |
|     (layer5_out_U)                                                                                                      |                                                                           lenet_mnist_cap64_hls_fifo_w352_d64_A |         36 |         36 |       0 |    0 |    29 |      0 |      0 |    0 |          0 |
|     U_lenet_mnist_cap64_hls_fifo_w352_d64_A_ram                                                                         |                                                                    lenet_mnist_cap64_hls_fifo_w352_d64_A_ram_47 |        354 |        354 |       0 |    0 |     0 |      5 |      0 |    0 |          0 |
|   layer6_out_U                                                                                                          |                                                                         lenet_mnist_cap64_hls_fifo_w352_d64_A_2 |         37 |         37 |       0 |    0 |    29 |      5 |      0 |    0 |          0 |
|     (layer6_out_U)                                                                                                      |                                                                         lenet_mnist_cap64_hls_fifo_w352_d64_A_2 |         36 |         36 |       0 |    0 |    29 |      0 |      0 |    0 |          0 |
|     U_lenet_mnist_cap64_hls_fifo_w352_d64_A_ram                                                                         |                                                                       lenet_mnist_cap64_hls_fifo_w352_d64_A_ram |          1 |          1 |       0 |    0 |     0 |      5 |      0 |    0 |          0 |
|   layer7_out_U                                                                                                          |                                                                           lenet_mnist_cap64_hls_fifo_w352_d16_A |        222 |         18 |     204 |    0 |   373 |      0 |      0 |    0 |          0 |
|     (layer7_out_U)                                                                                                      |                                                                           lenet_mnist_cap64_hls_fifo_w352_d16_A |         17 |         17 |       0 |    0 |    21 |      0 |      0 |    0 |          0 |
|     U_lenet_mnist_cap64_hls_fifo_w352_d16_A_ram                                                                         |                                                                       lenet_mnist_cap64_hls_fifo_w352_d16_A_ram |        205 |          1 |     204 |    0 |   352 |      0 |      0 |    0 |          0 |
|   layer9_out_U                                                                                                          |                                                                         lenet_mnist_cap64_hls_fifo_w2640_d1_S_3 |       1326 |       1326 |       0 |    0 |  2644 |      0 |      0 |    0 |          0 |
|     (layer9_out_U)                                                                                                      |                                                                         lenet_mnist_cap64_hls_fifo_w2640_d1_S_3 |          5 |          5 |       0 |    0 |     4 |      0 |      0 |    0 |          0 |
|     U_lenet_mnist_cap64_hls_fifo_w2640_d1_S_ShiftReg                                                                    |                                                                  lenet_mnist_cap64_hls_fifo_w2640_d1_S_ShiftReg |       1321 |       1321 |       0 |    0 |  2640 |      0 |      0 |    0 |          0 |
|   pooling2d_cl_array_ap_fixed_6u_array_ap_fixed_22_12_4_0_0_6u_config4_U0                                               |                    lenet_mnist_cap64_hls_pooling2d_cl_array_ap_fixed_6u_array_ap_fixed_22_12_4_0_0_6u_config4_s |        748 |        622 |       0 |  126 |   686 |      0 |      0 |    0 |          0 |
|     (pooling2d_cl_array_ap_fixed_6u_array_ap_fixed_22_12_4_0_0_6u_config4_U0)                                           |                    lenet_mnist_cap64_hls_pooling2d_cl_array_ap_fixed_6u_array_ap_fixed_22_12_4_0_0_6u_config4_s |        607 |        607 |       0 |    0 |   685 |      0 |      0 |    0 |          0 |
|     call_ln52_shift_line_buffer_array_ap_fixed_22_12_4_0_0_6u_config4_s_fu_162                                          |                                 lenet_mnist_cap64_hls_shift_line_buffer_array_ap_fixed_22_12_4_0_0_6u_config4_s |        127 |          1 |       0 |  126 |     0 |      0 |      0 |    0 |          0 |
|       void_pooling2d_cl_stream_stream_array_ap_fixed_6u_0_line_buffer_1_U                                               |          lenet_mnist_cap64_hls_shift_line_buffer_array_ap_fixed_22_12_4_0_0_6u_config4_s_void_pooling2d_cl_shbi |         21 |          0 |       0 |   21 |     0 |      0 |      0 |    0 |          0 |
|         lenet_mnist_cap64_hls_shift_line_buffer_array_ap_fixed_22_12_4_0_0_6u_config4_s_void_pooling2d_cl_shbi_core_U   |  lenet_mnist_cap64_hls_shift_line_buffer_array_ap_fixed_22_12_4_0_0_6u_config4_s_void_pooling2d_cl_shbi_core_46 |         21 |          0 |       0 |   21 |     0 |      0 |      0 |    0 |          0 |
|       void_pooling2d_cl_stream_stream_array_ap_fixed_6u_0_line_buffer_2_U                                               |       lenet_mnist_cap64_hls_shift_line_buffer_array_ap_fixed_22_12_4_0_0_6u_config4_s_void_pooling2d_cl_shbi_37 |         21 |          0 |       0 |   21 |     0 |      0 |      0 |    0 |          0 |
|         lenet_mnist_cap64_hls_shift_line_buffer_array_ap_fixed_22_12_4_0_0_6u_config4_s_void_pooling2d_cl_shbi_core_U   |  lenet_mnist_cap64_hls_shift_line_buffer_array_ap_fixed_22_12_4_0_0_6u_config4_s_void_pooling2d_cl_shbi_core_45 |         21 |          0 |       0 |   21 |     0 |      0 |      0 |    0 |          0 |
|       void_pooling2d_cl_stream_stream_array_ap_fixed_6u_0_line_buffer_3_U                                               |       lenet_mnist_cap64_hls_shift_line_buffer_array_ap_fixed_22_12_4_0_0_6u_config4_s_void_pooling2d_cl_shbi_38 |         21 |          0 |       0 |   21 |     0 |      0 |      0 |    0 |          0 |
|         lenet_mnist_cap64_hls_shift_line_buffer_array_ap_fixed_22_12_4_0_0_6u_config4_s_void_pooling2d_cl_shbi_core_U   |  lenet_mnist_cap64_hls_shift_line_buffer_array_ap_fixed_22_12_4_0_0_6u_config4_s_void_pooling2d_cl_shbi_core_44 |         21 |          0 |       0 |   21 |     0 |      0 |      0 |    0 |          0 |
|       void_pooling2d_cl_stream_stream_array_ap_fixed_6u_0_line_buffer_4_U                                               |       lenet_mnist_cap64_hls_shift_line_buffer_array_ap_fixed_22_12_4_0_0_6u_config4_s_void_pooling2d_cl_shbi_39 |         21 |          0 |       0 |   21 |     0 |      0 |      0 |    0 |          0 |
|         lenet_mnist_cap64_hls_shift_line_buffer_array_ap_fixed_22_12_4_0_0_6u_config4_s_void_pooling2d_cl_shbi_core_U   |  lenet_mnist_cap64_hls_shift_line_buffer_array_ap_fixed_22_12_4_0_0_6u_config4_s_void_pooling2d_cl_shbi_core_43 |         21 |          0 |       0 |   21 |     0 |      0 |      0 |    0 |          0 |
|       void_pooling2d_cl_stream_stream_array_ap_fixed_6u_0_line_buffer_5_U                                               |       lenet_mnist_cap64_hls_shift_line_buffer_array_ap_fixed_22_12_4_0_0_6u_config4_s_void_pooling2d_cl_shbi_40 |         21 |          0 |       0 |   21 |     0 |      0 |      0 |    0 |          0 |
|         lenet_mnist_cap64_hls_shift_line_buffer_array_ap_fixed_22_12_4_0_0_6u_config4_s_void_pooling2d_cl_shbi_core_U   |  lenet_mnist_cap64_hls_shift_line_buffer_array_ap_fixed_22_12_4_0_0_6u_config4_s_void_pooling2d_cl_shbi_core_42 |         21 |          0 |       0 |   21 |     0 |      0 |      0 |    0 |          0 |
|       void_pooling2d_cl_stream_stream_array_ap_fixed_6u_0_line_buffer_U                                                 |       lenet_mnist_cap64_hls_shift_line_buffer_array_ap_fixed_22_12_4_0_0_6u_config4_s_void_pooling2d_cl_shbi_41 |         22 |          1 |       0 |   21 |     0 |      0 |      0 |    0 |          0 |
|         lenet_mnist_cap64_hls_shift_line_buffer_array_ap_fixed_22_12_4_0_0_6u_config4_s_void_pooling2d_cl_shbi_core_U   |     lenet_mnist_cap64_hls_shift_line_buffer_array_ap_fixed_22_12_4_0_0_6u_config4_s_void_pooling2d_cl_shbi_core |         22 |          1 |       0 |   21 |     0 |      0 |      0 |    0 |          0 |
|     flow_control_loop_pipe_U                                                                                            |                                                                 lenet_mnist_cap64_hls_flow_control_loop_pipe_36 |         14 |         14 |       0 |    0 |     1 |      0 |      0 |    0 |          0 |
|   pooling2d_cl_array_array_ap_fixed_22_12_4_0_0_16u_config7_U0                                                          |                               lenet_mnist_cap64_hls_pooling2d_cl_array_array_ap_fixed_22_12_4_0_0_16u_config7_s |       1845 |       1509 |       0 |  336 |  1522 |      0 |      0 |    0 |          0 |
|     (pooling2d_cl_array_array_ap_fixed_22_12_4_0_0_16u_config7_U0)                                                      |                               lenet_mnist_cap64_hls_pooling2d_cl_array_array_ap_fixed_22_12_4_0_0_16u_config7_s |       1501 |       1501 |       0 |    0 |  1521 |      0 |      0 |    0 |          0 |
|     call_ln52_shift_line_buffer_array_ap_fixed_22_12_4_0_0_16u_config7_s_fu_302                                         |                                lenet_mnist_cap64_hls_shift_line_buffer_array_ap_fixed_22_12_4_0_0_16u_config7_s |        337 |          1 |       0 |  336 |     0 |      0 |      0 |    0 |          0 |
|       p_ZZN4nnet12pooling2d_clINS_5arrayI8ap_fixedILi22ELi12EL9ap_q_mode4EL9ap_o_mode0E_1_U                             |          lenet_mnist_cap64_hls_shift_line_buffer_array_ap_fixed_22_12_4_0_0_16u_config7_s_void_pooling2d_cl_Mgi |         21 |          0 |       0 |   21 |     0 |      0 |      0 |    0 |          0 |
|         lenet_mnist_cap64_hls_shift_line_buffer_array_ap_fixed_22_12_4_0_0_16u_config7_s_void_pooling2d_cl_Mgi_core_U   |  lenet_mnist_cap64_hls_shift_line_buffer_array_ap_fixed_22_12_4_0_0_16u_config7_s_void_pooling2d_cl_Mgi_core_35 |         21 |          0 |       0 |   21 |     0 |      0 |      0 |    0 |          0 |
|       p_ZZN4nnet12pooling2d_clINS_5arrayI8ap_fixedILi22ELi12EL9ap_q_mode4EL9ap_o_mode0E_2_U                             |        lenet_mnist_cap64_hls_shift_line_buffer_array_ap_fixed_22_12_4_0_0_16u_config7_s_void_pooling2d_cl_Mgi_6 |         21 |          0 |       0 |   21 |     0 |      0 |      0 |    0 |          0 |
|         lenet_mnist_cap64_hls_shift_line_buffer_array_ap_fixed_22_12_4_0_0_16u_config7_s_void_pooling2d_cl_Mgi_core_U   |  lenet_mnist_cap64_hls_shift_line_buffer_array_ap_fixed_22_12_4_0_0_16u_config7_s_void_pooling2d_cl_Mgi_core_34 |         21 |          0 |       0 |   21 |     0 |      0 |      0 |    0 |          0 |
|       p_ZZN4nnet12pooling2d_clINS_5arrayI8ap_fixedILi22ELi12EL9ap_q_mode4EL9ap_o_mode0E_3_U                             |        lenet_mnist_cap64_hls_shift_line_buffer_array_ap_fixed_22_12_4_0_0_16u_config7_s_void_pooling2d_cl_Mgi_7 |         21 |          0 |       0 |   21 |     0 |      0 |      0 |    0 |          0 |
|         lenet_mnist_cap64_hls_shift_line_buffer_array_ap_fixed_22_12_4_0_0_16u_config7_s_void_pooling2d_cl_Mgi_core_U   |  lenet_mnist_cap64_hls_shift_line_buffer_array_ap_fixed_22_12_4_0_0_16u_config7_s_void_pooling2d_cl_Mgi_core_33 |         21 |          0 |       0 |   21 |     0 |      0 |      0 |    0 |          0 |
|       p_ZZN4nnet12pooling2d_clINS_5arrayI8ap_fixedILi22ELi12EL9ap_q_mode4EL9ap_o_mode0E_4_U                             |        lenet_mnist_cap64_hls_shift_line_buffer_array_ap_fixed_22_12_4_0_0_16u_config7_s_void_pooling2d_cl_Mgi_8 |         21 |          0 |       0 |   21 |     0 |      0 |      0 |    0 |          0 |
|         lenet_mnist_cap64_hls_shift_line_buffer_array_ap_fixed_22_12_4_0_0_16u_config7_s_void_pooling2d_cl_Mgi_core_U   |  lenet_mnist_cap64_hls_shift_line_buffer_array_ap_fixed_22_12_4_0_0_16u_config7_s_void_pooling2d_cl_Mgi_core_32 |         21 |          0 |       0 |   21 |     0 |      0 |      0 |    0 |          0 |
|       p_ZZN4nnet12pooling2d_clINS_5arrayI8ap_fixedILi22ELi12EL9ap_q_mode4EL9ap_o_mode0E_5_U                             |        lenet_mnist_cap64_hls_shift_line_buffer_array_ap_fixed_22_12_4_0_0_16u_config7_s_void_pooling2d_cl_Mgi_9 |         21 |          0 |       0 |   21 |     0 |      0 |      0 |    0 |          0 |
|         lenet_mnist_cap64_hls_shift_line_buffer_array_ap_fixed_22_12_4_0_0_16u_config7_s_void_pooling2d_cl_Mgi_core_U   |  lenet_mnist_cap64_hls_shift_line_buffer_array_ap_fixed_22_12_4_0_0_16u_config7_s_void_pooling2d_cl_Mgi_core_31 |         21 |          0 |       0 |   21 |     0 |      0 |      0 |    0 |          0 |
|       p_ZZN4nnet12pooling2d_clINS_5arrayI8ap_fixedILi22ELi12EL9ap_q_mode4EL9ap_o_mode0E_U                               |       lenet_mnist_cap64_hls_shift_line_buffer_array_ap_fixed_22_12_4_0_0_16u_config7_s_void_pooling2d_cl_Mgi_10 |         22 |          1 |       0 |   21 |     0 |      0 |      0 |    0 |          0 |
|         lenet_mnist_cap64_hls_shift_line_buffer_array_ap_fixed_22_12_4_0_0_16u_config7_s_void_pooling2d_cl_Mgi_core_U   |  lenet_mnist_cap64_hls_shift_line_buffer_array_ap_fixed_22_12_4_0_0_16u_config7_s_void_pooling2d_cl_Mgi_core_30 |         22 |          1 |       0 |   21 |     0 |      0 |      0 |    0 |          0 |
|       void_pooling2d_cl_stream_stream_array_ap_fixed_16u_0_line_buffer_1_U                                              |       lenet_mnist_cap64_hls_shift_line_buffer_array_ap_fixed_22_12_4_0_0_16u_config7_s_void_pooling2d_cl_Mgi_11 |         21 |          0 |       0 |   21 |     0 |      0 |      0 |    0 |          0 |
|         lenet_mnist_cap64_hls_shift_line_buffer_array_ap_fixed_22_12_4_0_0_16u_config7_s_void_pooling2d_cl_Mgi_core_U   |  lenet_mnist_cap64_hls_shift_line_buffer_array_ap_fixed_22_12_4_0_0_16u_config7_s_void_pooling2d_cl_Mgi_core_29 |         21 |          0 |       0 |   21 |     0 |      0 |      0 |    0 |          0 |
|       void_pooling2d_cl_stream_stream_array_ap_fixed_16u_0_line_buffer_2_U                                              |       lenet_mnist_cap64_hls_shift_line_buffer_array_ap_fixed_22_12_4_0_0_16u_config7_s_void_pooling2d_cl_Mgi_12 |         21 |          0 |       0 |   21 |     0 |      0 |      0 |    0 |          0 |
|         lenet_mnist_cap64_hls_shift_line_buffer_array_ap_fixed_22_12_4_0_0_16u_config7_s_void_pooling2d_cl_Mgi_core_U   |  lenet_mnist_cap64_hls_shift_line_buffer_array_ap_fixed_22_12_4_0_0_16u_config7_s_void_pooling2d_cl_Mgi_core_28 |         21 |          0 |       0 |   21 |     0 |      0 |      0 |    0 |          0 |
|       void_pooling2d_cl_stream_stream_array_ap_fixed_16u_0_line_buffer_3_U                                              |       lenet_mnist_cap64_hls_shift_line_buffer_array_ap_fixed_22_12_4_0_0_16u_config7_s_void_pooling2d_cl_Mgi_13 |         21 |          0 |       0 |   21 |     0 |      0 |      0 |    0 |          0 |
|         lenet_mnist_cap64_hls_shift_line_buffer_array_ap_fixed_22_12_4_0_0_16u_config7_s_void_pooling2d_cl_Mgi_core_U   |  lenet_mnist_cap64_hls_shift_line_buffer_array_ap_fixed_22_12_4_0_0_16u_config7_s_void_pooling2d_cl_Mgi_core_27 |         21 |          0 |       0 |   21 |     0 |      0 |      0 |    0 |          0 |
|       void_pooling2d_cl_stream_stream_array_ap_fixed_16u_0_line_buffer_4_U                                              |       lenet_mnist_cap64_hls_shift_line_buffer_array_ap_fixed_22_12_4_0_0_16u_config7_s_void_pooling2d_cl_Mgi_14 |         21 |          0 |       0 |   21 |     0 |      0 |      0 |    0 |          0 |
|         lenet_mnist_cap64_hls_shift_line_buffer_array_ap_fixed_22_12_4_0_0_16u_config7_s_void_pooling2d_cl_Mgi_core_U   |  lenet_mnist_cap64_hls_shift_line_buffer_array_ap_fixed_22_12_4_0_0_16u_config7_s_void_pooling2d_cl_Mgi_core_26 |         21 |          0 |       0 |   21 |     0 |      0 |      0 |    0 |          0 |
|       void_pooling2d_cl_stream_stream_array_ap_fixed_16u_0_line_buffer_5_U                                              |       lenet_mnist_cap64_hls_shift_line_buffer_array_ap_fixed_22_12_4_0_0_16u_config7_s_void_pooling2d_cl_Mgi_15 |         21 |          0 |       0 |   21 |     0 |      0 |      0 |    0 |          0 |
|         lenet_mnist_cap64_hls_shift_line_buffer_array_ap_fixed_22_12_4_0_0_16u_config7_s_void_pooling2d_cl_Mgi_core_U   |  lenet_mnist_cap64_hls_shift_line_buffer_array_ap_fixed_22_12_4_0_0_16u_config7_s_void_pooling2d_cl_Mgi_core_25 |         21 |          0 |       0 |   21 |     0 |      0 |      0 |    0 |          0 |
|       void_pooling2d_cl_stream_stream_array_ap_fixed_16u_0_line_buffer_6_U                                              |       lenet_mnist_cap64_hls_shift_line_buffer_array_ap_fixed_22_12_4_0_0_16u_config7_s_void_pooling2d_cl_Mgi_16 |         21 |          0 |       0 |   21 |     0 |      0 |      0 |    0 |          0 |
|         lenet_mnist_cap64_hls_shift_line_buffer_array_ap_fixed_22_12_4_0_0_16u_config7_s_void_pooling2d_cl_Mgi_core_U   |  lenet_mnist_cap64_hls_shift_line_buffer_array_ap_fixed_22_12_4_0_0_16u_config7_s_void_pooling2d_cl_Mgi_core_24 |         21 |          0 |       0 |   21 |     0 |      0 |      0 |    0 |          0 |
|       void_pooling2d_cl_stream_stream_array_ap_fixed_16u_0_line_buffer_7_U                                              |       lenet_mnist_cap64_hls_shift_line_buffer_array_ap_fixed_22_12_4_0_0_16u_config7_s_void_pooling2d_cl_Mgi_17 |         21 |          0 |       0 |   21 |     0 |      0 |      0 |    0 |          0 |
|         lenet_mnist_cap64_hls_shift_line_buffer_array_ap_fixed_22_12_4_0_0_16u_config7_s_void_pooling2d_cl_Mgi_core_U   |  lenet_mnist_cap64_hls_shift_line_buffer_array_ap_fixed_22_12_4_0_0_16u_config7_s_void_pooling2d_cl_Mgi_core_23 |         21 |          0 |       0 |   21 |     0 |      0 |      0 |    0 |          0 |
|       void_pooling2d_cl_stream_stream_array_ap_fixed_16u_0_line_buffer_8_U                                              |       lenet_mnist_cap64_hls_shift_line_buffer_array_ap_fixed_22_12_4_0_0_16u_config7_s_void_pooling2d_cl_Mgi_18 |         21 |          0 |       0 |   21 |     0 |      0 |      0 |    0 |          0 |
|         lenet_mnist_cap64_hls_shift_line_buffer_array_ap_fixed_22_12_4_0_0_16u_config7_s_void_pooling2d_cl_Mgi_core_U   |  lenet_mnist_cap64_hls_shift_line_buffer_array_ap_fixed_22_12_4_0_0_16u_config7_s_void_pooling2d_cl_Mgi_core_22 |         21 |          0 |       0 |   21 |     0 |      0 |      0 |    0 |          0 |
|       void_pooling2d_cl_stream_stream_array_ap_fixed_16u_0_line_buffer_9_U                                              |       lenet_mnist_cap64_hls_shift_line_buffer_array_ap_fixed_22_12_4_0_0_16u_config7_s_void_pooling2d_cl_Mgi_19 |         21 |          0 |       0 |   21 |     0 |      0 |      0 |    0 |          0 |
|         lenet_mnist_cap64_hls_shift_line_buffer_array_ap_fixed_22_12_4_0_0_16u_config7_s_void_pooling2d_cl_Mgi_core_U   |  lenet_mnist_cap64_hls_shift_line_buffer_array_ap_fixed_22_12_4_0_0_16u_config7_s_void_pooling2d_cl_Mgi_core_21 |         21 |          0 |       0 |   21 |     0 |      0 |      0 |    0 |          0 |
|       void_pooling2d_cl_stream_stream_array_ap_fixed_16u_0_line_buffer_U                                                |       lenet_mnist_cap64_hls_shift_line_buffer_array_ap_fixed_22_12_4_0_0_16u_config7_s_void_pooling2d_cl_Mgi_20 |         21 |          0 |       0 |   21 |     0 |      0 |      0 |    0 |          0 |
|         lenet_mnist_cap64_hls_shift_line_buffer_array_ap_fixed_22_12_4_0_0_16u_config7_s_void_pooling2d_cl_Mgi_core_U   |     lenet_mnist_cap64_hls_shift_line_buffer_array_ap_fixed_22_12_4_0_0_16u_config7_s_void_pooling2d_cl_Mgi_core |         21 |          0 |       0 |   21 |     0 |      0 |      0 |    0 |          0 |
|     flow_control_loop_pipe_U                                                                                            |                                                                  lenet_mnist_cap64_hls_flow_control_loop_pipe_5 |          7 |          7 |       0 |    0 |     1 |      0 |      0 |    0 |          0 |
|   relu_array_ap_fixed_16u_array_ap_fixed_22_12_4_0_0_16u_relu_config6_U0                                                |                     lenet_mnist_cap64_hls_relu_array_ap_fixed_16u_array_ap_fixed_22_12_4_0_0_16u_relu_config6_s |          9 |          9 |       0 |    0 |     8 |      0 |      0 |    0 |          0 |
|     (relu_array_ap_fixed_16u_array_ap_fixed_22_12_4_0_0_16u_relu_config6_U0)                                            |                     lenet_mnist_cap64_hls_relu_array_ap_fixed_16u_array_ap_fixed_22_12_4_0_0_16u_relu_config6_s |          1 |          1 |       0 |    0 |     7 |      0 |      0 |    0 |          0 |
|     flow_control_loop_pipe_U                                                                                            |                                                                  lenet_mnist_cap64_hls_flow_control_loop_pipe_4 |          8 |          8 |       0 |    0 |     1 |      0 |      0 |    0 |          0 |
|   relu_array_ap_fixed_6u_array_ap_fixed_22_12_4_0_0_6u_relu_config3_U0                                                  |                       lenet_mnist_cap64_hls_relu_array_ap_fixed_6u_array_ap_fixed_22_12_4_0_0_6u_relu_config3_s |         14 |         14 |       0 |    0 |    12 |      0 |      0 |    0 |          0 |
|     (relu_array_ap_fixed_6u_array_ap_fixed_22_12_4_0_0_6u_relu_config3_U0)                                              |                       lenet_mnist_cap64_hls_relu_array_ap_fixed_6u_array_ap_fixed_22_12_4_0_0_6u_relu_config3_s |          5 |          5 |       0 |    0 |    11 |      0 |      0 |    0 |          0 |
|     flow_control_loop_pipe_U                                                                                            |                                                                    lenet_mnist_cap64_hls_flow_control_loop_pipe |          9 |          9 |       0 |    0 |     1 |      0 |      0 |    0 |          0 |
|   relu_array_ap_fixed_84u_array_ap_fixed_22_12_4_0_0_84u_relu_config12_U0                                               |                    lenet_mnist_cap64_hls_relu_array_ap_fixed_84u_array_ap_fixed_22_12_4_0_0_84u_relu_config12_s |          0 |          0 |       0 |    0 |     1 |      0 |      0 |    0 |          0 |
|   relu_array_array_ap_fixed_22_12_4_0_0_120u_relu_config10_U0                                                           |                                lenet_mnist_cap64_hls_relu_array_array_ap_fixed_22_12_4_0_0_120u_relu_config10_s |          0 |          0 |       0 |    0 |     1 |      0 |      0 |    0 |          0 |
|   start_for_conv_2d_cl_array_ap_fixed_6u_array_ap_fixed_22_12_4_0_0_16u_config56jw_U                                    |          lenet_mnist_cap64_hls_start_for_conv_2d_cl_array_ap_fixed_6u_array_ap_fixed_22_12_4_0_0_16u_config56jw |          7 |          7 |       0 |    0 |     4 |      0 |      0 |    0 |          0 |
|   start_for_dense_array_ap_fixed_120u_array_ap_fixed_22_12_4_0_0_84u_config11_U0_U                                      |            lenet_mnist_cap64_hls_start_for_dense_array_ap_fixed_120u_array_ap_fixed_22_12_4_0_0_84u_config11_U0 |          6 |          6 |       0 |    0 |     4 |      0 |      0 |    0 |          0 |
|   start_for_dense_array_ap_fixed_16u_array_ap_fixed_22_12_4_0_0_120u_config9_U0_U                                       |             lenet_mnist_cap64_hls_start_for_dense_array_ap_fixed_16u_array_ap_fixed_22_12_4_0_0_120u_config9_U0 |          6 |          6 |       0 |    0 |     4 |      0 |      0 |    0 |          0 |
|   start_for_dense_array_ap_fixed_84u_array_ap_fixed_22_12_4_0_0_10u_config13_U0_U                                       |             lenet_mnist_cap64_hls_start_for_dense_array_ap_fixed_84u_array_ap_fixed_22_12_4_0_0_10u_config13_U0 |         51 |         51 |       0 |    0 |     4 |      0 |      0 |    0 |          0 |
|   start_for_pooling2d_cl_array_ap_fixed_6u_array_ap_fixed_22_12_4_0_0_6u_config5jm_U                                    |          lenet_mnist_cap64_hls_start_for_pooling2d_cl_array_ap_fixed_6u_array_ap_fixed_22_12_4_0_0_6u_config5jm |          5 |          5 |       0 |    0 |     4 |      0 |      0 |    0 |          0 |
|   start_for_pooling2d_cl_array_array_ap_fixed_22_12_4_0_0_16u_config7_U0_U                                              |                    lenet_mnist_cap64_hls_start_for_pooling2d_cl_array_array_ap_fixed_22_12_4_0_0_16u_config7_U0 |          5 |          5 |       0 |    0 |     4 |      0 |      0 |    0 |          0 |
|   start_for_relu_array_ap_fixed_16u_array_ap_fixed_22_12_4_0_0_16u_relu_config67jG_U                                    |          lenet_mnist_cap64_hls_start_for_relu_array_ap_fixed_16u_array_ap_fixed_22_12_4_0_0_16u_relu_config67jG |          7 |          7 |       0 |    0 |     4 |      0 |      0 |    0 |          0 |
|   start_for_relu_array_ap_fixed_6u_array_ap_fixed_22_12_4_0_0_6u_relu_config3_U0_U                                      |            lenet_mnist_cap64_hls_start_for_relu_array_ap_fixed_6u_array_ap_fixed_22_12_4_0_0_6u_relu_config3_U0 |          6 |          6 |       0 |    0 |     4 |      0 |      0 |    0 |          0 |
|   start_for_relu_array_ap_fixed_84u_array_ap_fixed_22_12_4_0_0_84u_relu_config18jQ_U                                    |          lenet_mnist_cap64_hls_start_for_relu_array_ap_fixed_84u_array_ap_fixed_22_12_4_0_0_84u_relu_config18jQ |          7 |          7 |       0 |    0 |     4 |      0 |      0 |    0 |          0 |
|   start_for_relu_array_array_ap_fixed_22_12_4_0_0_120u_relu_config10_U0_U                                               |                     lenet_mnist_cap64_hls_start_for_relu_array_array_ap_fixed_22_12_4_0_0_120u_relu_config10_U0 |         68 |         68 |       0 |    0 |     4 |      0 |      0 |    0 |          0 |
+-------------------------------------------------------------------------------------------------------------------------+-----------------------------------------------------------------------------------------------------------------+------------+------------+---------+------+-------+--------+--------+------+------------+


