complete,duration_s,n,passage,throughput_ips
True,0.00461836,30,0,6495.812366294528
True,0.00459118,30,1,6534.267878845961
True,0.00459829,30,2,6524.1644176422105
True,0.00458971,30,3,6536.360685097751
True,0.00459178,30,4,6533.414057293686
True,0.00460157,30,5,6519.513991963612
True,0.00458915,30,6,6537.158297288169
True,0.00458886,30,7,6537.571422967796
True,0.00459183,30,8,6533.342915569609
True,0.00459562,30,9,6527.954878775878
True,0.0045973,30,10,6525.5693559263045
True,0.00461551,30,11,6499.823421463717
True,0.00459464,30,12,6529.347239391987
True,0.00459607,30,13,6527.315728437557
True,0.00462755,30,14,6482.912124126157
True,0.00459385,30,15,6530.470085004952
True,0.00459734,30,16,6525.512579013081
True,0.00459391,30,17,6530.384792039897
True,0.00461031,30,18,6507.154616500842
True,0.00459959,30,19,6522.32046769386
True,0.00459843,30,20,6523.965788323407
True,0.00459563,30,21,6527.940674075154
True,0.00460108,30,22,6520.208298921123
True,0.00459648,30,23,6526.733500417711
True,0.00458888,30,24,6537.54292986524
True,0.00461528,30,25,6500.147336672964
True,0.00459199,30,26,6533.115272463573
True,0.00460118,30,27,6520.066591613456
True,0.0045962,30,28,6527.131108306862
True,0.00459722,30,29,6525.682912716816
True,0.00459271,30,30,6532.091074768492
True,0.0046139,30,31,6502.091506101129
True,0.00460414,30,32,6515.874843076015
True,0.00459555,30,33,6528.054313411887
True,0.00459992,30,34,6521.852553957459
True,0.00459664,30,35,6526.506317658115
True,0.00459707,30,36,6525.895842351759
True,0.0048901,30,37,6134.843868223554
True,0.00492849,30,38,6087.057090508452
True,0.00491108,30,39,6108.63598230939
True,0.00491346,30,40,6105.6770585290205
True,0.00490362,30,41,6117.929203323259
True,0.00492182,30,42,6095.306207866195
True,0.00490456,30,43,6116.756650953399
True,0.00490691,30,44,6113.82723546998
True,0.00490406,30,45,6117.380293063298
True,0.00492163,30,46,6095.541517749201
True,0.00491351,30,47,6105.614927007373
True,0.00490909,30,48,6111.112242798564
True,0.00490811,30,49,6112.332445686832
True,0.00491158,30,50,6108.01412172865
True,0.00491423,30,51,6104.720373283301
True,0.00489719,30,52,6125.96203128733
True,0.00490716,30,53,6113.515760643631
True,0.00490356,30,54,6118.0040623546965
True,0.00491965,30,55,6097.994776051141
True,0.00490164,30,56,6120.400519009964
True,0.00490905,30,57,6111.162037461423
True,0.00492523,30,58,6091.08610156277
True,0.00491109,30,59,6108.623543856863
True,0.00490644,30,60,6114.412894073911
True,0.00490399,30,61,6117.467613106878
True,0.00490462,30,62,6116.68182244496
True,0.00491012,30,63,6109.8303096462005
True,0.0049304,30,64,6084.699010222294
True,0.00490902,30,65,6111.199383991102
True,0.00491104,30,66,6108.68573662605
True,0.00491664,30,67,6101.728009372255
True,0.0049285,30,68,6087.0447397788375
True,0.00490792,30,69,6112.569072030515
True,0.00490485,30,70,6116.394996788893
True,0.00491143,30,71,6108.2006666083
True,0.00491846,30,72,6099.470159358823
True,0.00492217,30,73,6094.872789846754
True,0.00491107,30,74,6108.648420812572
True,0.0049076,30,75,6112.967642024615
True,0.00490248,30,76,6119.351838253292
True,0.00491913,30,77,6098.639393551299
True,0.0049017,30,78,6120.32560132199
True,0.00492342,30,79,6093.325371388181
True,0.00490856,30,80,6111.772087944326
True,0.00494375,30,81,6068.26801517067
True,0.00490765,30,82,6112.9053620368195
True,0.00498549,30,83,6017.462676687747
True,0.0049023,30,84,6119.576525304449
True,0.00490077,30,85,6121.487031629724
True,0.00491779,30,86,6100.301151533514
True,0.00490315,30,87,6118.515648103769
True,0.00490244,30,88,6119.401767283231
True,0.00490666,30,89,6114.138742036334
True,0.00505971,30,90,5929.193570382492
True,0.00490481,30,91,6116.444877579356
True,0.00491109,30,92,6108.623543856863
True,0.00491047,30,93,6109.394823713412
True,0.00492598,30,94,6090.158709535971
True,0.00490284,30,95,6118.902513645152
True,0.00490053,30,96,6121.786827139105
True,0.00490831,30,97,6112.083385116262
True,0.00490951,30,98,6110.589447826769
True,0.00492074,30,99,6096.644000699082
True,0.00493187,30,100,6082.885396411503
True,0.00489948,30,101,6123.098777829484
True,0.0048989,30,102,6123.823715527975
True,0.00491398,30,103,6105.030952506929
True,0.00489795,30,104,6125.011484396533
True,0.00489441,30,105,6129.441546580691
True,0.00490163,30,106,6120.41300546961
True,0.00490244,30,107,6119.401767283231
True,0.00492024,30,108,6097.263548119604
True,0.00490608,30,109,6114.861559534292
True,0.00586745,30,110,5112.953668118178
True,0.0054048,30,111,5550.621669626998
True,0.00489117,30,112,6133.501800182778
True,0.00488233,30,113,6144.6071855036425
True,0.00489051,30,114,6134.329548452002
True,0.00489815,30,115,6124.7613895042
True,0.00488078,30,116,6146.558541872405
True,0.00488543,30,117,6140.708187406227
True,0.00489011,30,118,6134.83132281278
True,0.004886,30,119,6139.991813344249
True,0.0048806,30,120,6146.785231324018
True,0.00491511,30,121,6103.627385755354
True,0.00488389,30,122,6142.644490355025
True,0.00488189,30,123,6145.160992976082
True,0.00489797,30,124,6124.986473988203
True,0.00488834,30,125,6137.052660003192
True,0.00487713,30,126,6151.158570716794
True,0.00488829,30,127,6137.115433004179
True,0.00490265,30,128,6119.139648965356
True,0.00491777,30,129,6100.325960750502
True,0.00489165,30,130,6132.899941737451
True,0.00489014,30,131,6134.79368688831
True,0.00489168,30,132,6132.862329506427
True,0.00490977,30,133,6110.265857667468
True,0.00489304,30,134,6131.157726076222
True,0.00488973,30,135,6135.308084495463
True,0.00489053,30,136,6134.304461888589
True,0.00490053,30,137,6121.786827139105
True,0.00489684,30,138,6126.399882373122
True,0.00489852,30,139,6124.298767791088
True,0.00489794,30,140,6125.023989677293
True,0.0048887,30,141,6136.600732301021
True,0.00492633,30,142,6089.726023226215
True,0.00489915,30,143,6123.511221334314
True,0.00489019,30,144,6134.730961373689
True,0.0048912,30,145,6133.464180569185
True,0.0049022,30,146,6119.701358573702
True,0.00489227,30,147,6132.122716039794
True,0.00489258,30,148,6131.734177059957
True,0.00489722,30,149,6125.924504106411
True,0.00489522,30,150,6128.4273229803775
True,0.00490843,30,151,6111.933958516267
True,0.00489287,30,152,6131.370749682702
True,0.00489629,30,153,6127.088060551969
True,0.00489494,30,154,6128.777880832043
True,0.00490524,30,155,6115.9087017149
True,0.0048957,30,156,6127.826459954654
True,0.00490081,30,157,6121.437068566216
True,0.00489896,30,158,6123.7487140127705
True,0.00489407,30,159,6129.867370103002
True,0.00490343,30,160,6118.166263207591
True,0.00488538,30,161,6140.771035211181
True,0.0048946,30,162,6129.203612143996
True,0.00489604,30,163,6127.400919927125
True,0.0049281,30,164,6087.538808059901
True,0.00488925,30,165,6135.91041570793
True,0.00489127,30,166,6133.37640326541
True,0.00488969,30,167,6135.358274246424
True,0.00489894,30,168,6123.773714313708
True,0.00489781,30,169,6125.186562974064
True,0.00489949,30,170,6123.0862804087765
True,0.00489576,30,171,6127.751360360802
True,0.00489161,30,172,6132.9500920964665
True,0.00490802,30,173,6112.444529565894
True,0.00489191,30,174,6132.573984394643
True,0.00489721,30,175,6125.937013115631
True,0.00489101,30,176,6133.702445916078
True,0.00490071,30,177,6121.561977754244
True,0.00489436,30,178,6129.504163976495
True,0.00489842,30,179,6124.423793794735
True,0.00516942,30,180,5803.358984180043
True,0.00499352,30,181,6007.786090773642
True,0.00490539,30,182,6115.721685737525
True,0.00490951,30,183,6110.589447826769
True,0.00489318,30,184,6130.982305985065
True,0.0049344,30,185,6079.76653696498
True,0.00490344,30,186,6118.153785913562
True,0.00489215,30,187,6132.273131445275
True,0.0048983,30,188,6124.573831737541
True,0.00489017,30,189,6134.756051425615
True,0.00491027,30,190,6109.6436652159655
True,0.00489628,30,191,6127.10057431356
True,0.0048865,30,192,6139.363552645043
True,0.00489453,30,193,6129.291270050444
True,0.00489134,30,194,6133.288628473997
True,0.00491132,30,195,6108.337473428732
True,0.00489418,30,196,6129.729597195036
True,0.00504783,30,197,5943.147847689007
True,0.00460519,30,198,6514.389200011291
True,0.00460071,30,199,6520.7326695227475
True,0.00461961,30,200,6494.054692928625
True,0.00460662,30,201,6512.366984904334
True,0.00460579,30,202,6513.54056524505
True,0.004606,30,203,6513.243595310465
True,0.00460343,30,204,6516.879804841173
True,0.00460303,30,205,6517.446117014228
True,0.00464454,30,206,6459.19725096565
True,0.00460905,30,207,6508.933511244183
True,0.00461248,30,208,6504.093242680727
True,0.00460776,30,209,6510.7557685296115
True,0.00459926,30,210,6522.78844857651
True,0.00460227,30,211,6518.5223813465955
True,0.00459909,30,212,6523.029555846917
True,0.00461377,30,213,6502.274712436902
True,0.00459823,30,214,6524.2495481957185
True,0.00459954,30,215,6522.39136957174
True,0.00460275,30,216,6517.842594101352
True,0.00460221,30,217,6518.607364722601
True,0.00460052,30,218,6521.00197368993
True,0.0046146,30,219,6501.10518788194
True,0.00459945,30,220,6522.5189968365785
True,0.0045978,30,221,6524.859715516116
True,0.00459901,30,222,6523.143024259569
True,0.00459896,30,223,6523.213944022126
True,0.00459212,30,224,6532.93032412045
True,0.00459725,30,225,6525.64032845723
True,0.00461012,30,226,6507.42280027418
True,0.00459848,30,227,6523.8948522120345
True,0.00460045,30,228,6521.101196622069
True,0.00462863,30,229,6481.399463772218
True,0.00460339,30,230,6516.936431629734
True,0.00460691,30,231,6511.957038448765
True,0.00460335,30,232,6516.993059402392
True,0.00462894,30,233,6480.965404606671
True,0.00460741,30,234,6511.250355405748
True,0.00459703,30,235,6525.95262593457
True,0.00460776,30,236,6510.7557685296115
True,0.00460354,30,237,6516.7240862466715
True,0.00460238,30,238,6518.366584245543
True,0.0046216,30,239,6491.25843863597
True,0.00460071,30,240,6520.7326695227475
True,0.00460989,30,241,6507.747473367043
True,0.00460486,30,242,6514.856043397628
True,0.00460227,30,243,6518.5223813465955
True,0.00459626,30,244,6527.0459025381515
True,0.00460203,30,245,6518.862328146492
True,0.00461519,30,246,6500.274094891001
True,0.00460699,30,247,6511.843958853829
True,0.00459979,30,248,6522.036875596495
True,0.00459224,30,249,6532.759611866975
True,0.00460146,30,250,6519.669843919104
True,0.00462345,30,251,6488.66106478928
True,0.00466769,30,252,6427.162043751834
True,0.00463297,30,253,6475.327921398152
True,0.00462109,30,254,6491.974837105532
True,0.00461249,30,255,6504.079141634995
True,0.00461304,30,256,6503.303678268561
True,0.00461135,30,257,6505.687054767042
True,0.00460823,30,258,6510.091727192436
True,0.0046269,30,259,6483.822861959412
True,0.00461844,30,260,6495.699846701484
True,0.00462128,30,261,6491.707925077035
True,0.00461958,30,262,6494.096865948853
True,0.00462019,30,263,6493.239455520228
True,0.0046183,30,264,6495.896758547518
True,0.00463147,30,265,6477.425093976642
True,0.00461784,30,266,6496.543838677823
True,0.00461297,30,267,6503.402363336419
True,0.00461354,30,268,6502.598872015848
True,0.00462116,30,269,6491.876498541492
True,0.00461452,30,270,6501.217894818962
True,0.00461916,30,271,6494.687345751176
True,0.00462374,30,272,6488.254097332462
True,0.00461314,30,273,6503.162704795433
True,0.00463402,30,274,6473.860708412998
True,0.0046237,30,275,6488.310227739689
True,0.00461714,30,276,6497.528773223251
True,0.00461625,30,277,6498.781478472787
True,0.00462433,30,278,6487.426286618818
True,0.00461797,30,279,6496.360955138297
True,0.00461999,30,280,6493.520548745776
True,0.00461605,30,281,6499.063051743374
True,0.00461735,30,282,6497.23326150281
True,0.00461459,30,283,6501.119276035357
True,0.00461512,30,284,6500.372688034114
True,0.00462658,30,285,6484.271319203386
True,0.00461248,30,286,6504.093242680727
True,0.00461866,30,287,6495.390437919224
True,0.0046198,30,288,6493.78760985324
True,0.00460648,30,289,6512.56490856359
True,0.00461665,30,290,6498.218405120596
True,0.00462156,30,291,6491.314621037052
True,0.00460637,30,292,6512.720428450168
True,0.00461226,30,293,6504.4034811567435
True,0.00461029,30,294,6507.182845330771
True,0.00461534,30,295,6500.0628339407285
True,0.00460856,30,296,6509.625566337424
True,0.00462433,30,297,6487.426286618818
True,0.00461698,30,298,6497.753943053684
True,0.00460805,30,299,6510.346024891223
True,0.00460717,30,300,6511.589544123616
True,0.00461316,30,301,6503.134510834222
True,0.00460942,30,302,6508.411036529541
True,0.0046058,30,303,6513.526423205523
True,0.00475863,30,304,6304.335491517517
True,0.00460781,30,305,6510.685119395113
True,0.00460453,30,306,6515.322953699943
True,0.00461207,30,307,6504.671438204537
True,0.0046145,30,308,6501.246072163832
True,0.00461386,30,309,6502.147876181765
True,0.00460671,30,310,6512.239754618806
True,0.00461434,30,311,6501.471499716103
True,0.00461539,30,312,6499.9924166755145
True,0.0046079,30,313,6510.557954816728
True,0.00460592,30,314,6513.356723521033
True,0.00460438,30,315,6515.535207780418
True,0.00460174,30,316,6519.273144506208
True,0.0046323,30,317,6476.264490641798
True,0.00460487,30,318,6514.841895645263
True,0.00462904,30,319,6480.825397922679
True,0.00460896,30,320,6509.060612372423
True,0.00471852,30,321,6357.925790290175
True,0.00491593,30,322,6102.6092723045285
True,0.00492359,30,323,6093.114983172847
True,0.00491383,30,324,6105.217315210335
True,0.00491777,30,325,6100.325960750502
True,0.00491712,30,326,6101.132370167904
True,0.00492261,30,327,6094.328008922096
True,0.00491286,30,328,6106.422735433129
True,0.00491826,30,329,6099.718193019483
True,0.00492488,30,330,6091.518981173145
True,0.0049286,30,331,6086.921235239216
True,0.00493524,30,332,6078.731733411141
True,0.00493394,30,333,6080.333364410592
True,0.00492951,30,334,6085.797574201088
True,0.00491523,30,335,6103.478372324388
True,0.00493873,30,336,6074.436140465262
True,0.00492798,30,337,6087.687044184432
True,0.00493991,30,338,6072.985135356717
True,0.00492529,30,339,6091.011899806916
True,0.00495226,30,340,6057.840258790936
True,0.00492638,30,341,6089.664215915134
True,0.00492891,30,342,6086.538403014054
True,0.00493065,30,343,6084.390496182045
True,0.00493705,30,344,6076.503174972909
True,0.00492911,30,345,6086.291440036843
True,0.00492479,30,346,6091.630303017997
True,0.00491665,30,347,6101.715599035929
True,0.00492328,30,348,6093.498643180968
True,0.00493462,30,349,6079.495482934856
True,0.00492669,30,350,6089.281038587774
True,0.0049238,30,351,6092.855111905439
True,0.00492413,30,352,6092.4467875543505
True,0.00494164,30,353,6070.859067030379
True,0.0049225,30,354,6094.464195022854
True,0.00493087,30,355,6084.119029704697
True,0.00492386,30,356,6092.780867043335
True,0.00492962,30,357,6085.6617751469685
True,0.0049158,30,358,6102.770657878677
True,0.00491833,30,359,6099.631378943665
True,0.00491584,30,360,6102.720999869808
True,0.00491843,30,361,6099.507363121972
True,0.00495885,30,362,6049.789769805499
True,0.00492629,30,363,6089.775469978422
True,0.00492416,30,364,6092.409669872628
True,0.00492457,30,365,6091.902440213054
True,0.00493993,30,366,6072.96054802396
True,0.00492892,30,367,6086.526054389197
True,0.00491719,30,368,6101.04551583323
True,0.00492172,30,369,6095.430052908333
True,0.00493556,30,370,6078.337615184498
True,0.00492236,30,371,6094.637531590538
True,0.0048304,30,372,6210.665783371977
True,0.00462633,30,373,6484.621719591988
True,0.00461954,30,374,6494.153097494555
True,0.00462454,30,375,6487.131693098125
True,0.00463565,30,376,6471.584351709038
True,0.00462547,30,377,6485.827386189944
True,0.00461888,30,378,6495.081058611612
True,0.00462083,30,379,6492.340120714243
True,0.00461906,30,380,6494.827952007551
True,0.00462112,30,381,6491.932691641853
True,0.00462843,30,382,6481.679532800539
True,0.00464612,30,383,6457.000680137405
True,0.00462258,30,384,6489.882273535558
True,0.00462732,30,385,6483.234355955499
True,0.00461977,30,386,6493.829779404603
True,0.00461845,30,387,6495.685782026438
True,0.00462706,30,388,6483.5986565983585
True,0.00463811,30,389,6468.151898079174
True,0.00461705,30,390,6497.655429332583
True,0.00462114,30,391,6491.904594970072
True,0.0046205,30,392,6492.803809111569
True,0.00461943,30,393,6494.307739266533
True,0.00462793,30,394,6482.379811276316
True,0.00463666,30,395,6470.1746515810955
True,0.00462129,30,396,6491.693877683504
True,0.0046228,30,397,6489.573418707278
True,0.00461685,30,398,6497.936905032652
True,0.00461487,30,399,6500.724830818636
True,0.00461637,30,400,6498.612546221382
True,0.0046374,30,401,6469.1421917453745
True,0.00462276,30,402,6489.629571944033
True,0.00461354,30,403,6502.598872015848
True,0.004614,30,404,6501.950585175553
True,0.00461164,30,405,6505.277948842494
True,0.00463649,30,406,6470.41188485255
True,0.00462494,30,407,6486.570636592042
True,0.00466912,30,408,6425.193612500857
True,0.0046312,30,409,6477.802729314216
True,0.00461644,30,410,6498.5140064638545
True,0.0046181,30,411,6496.178081895152
True,0.0046212,30,412,6491.820306413919
True,0.00461529,30,413,6500.133252731681
True,0.00462526,30,414,6486.121861257529
True,0.00460843,30,415,6509.809197492421
True,0.0046105,30,416,6506.886454831363
True,0.00461054,30,417,6506.8300025593535
True,0.00460815,30,418,6510.20474593926
True,0.00462222,30,419,6490.387735763335
True,0.00461278,30,420,6503.670237904257
True,0.00463718,30,421,6469.449104843892
True,0.00461534,30,422,6500.0628339407285
True,0.00462088,30,423,6492.269870673984
True,0.00462704,30,424,6483.62668142052
True,0.0046217,30,425,6491.117986887942
True,0.00462091,30,426,6492.227721379555
True,0.00463354,30,427,6474.531351838982
True,0.00464456,30,428,6459.16943693267
True,0.00462723,30,429,6483.360455391238
True,0.00462538,30,430,6485.953586516135
True,0.00462521,30,431,6486.191978310174
True,0.00462513,30,432,6486.30416874769
True,0.00462293,30,433,6489.3909273988575
True,0.00462798,30,434,6482.309776619605
True,0.00462048,30,435,6492.831913567422
True,0.00461839,30,436,6495.770170990323
True,0.00461649,30,437,6498.443622752351
True,0.00462053,30,438,6492.761652883976
True,0.0046205,30,439,6492.803809111569
True,0.00462303,30,440,6489.250556453235
True,0.00461744,30,441,6497.106621851069
True,0.00461651,30,442,6498.41546969464
True,0.00461129,30,443,6505.771703796552
True,0.00461134,30,444,6505.701162785655
True,0.00461115,30,445,6505.969226765558
True,0.00462944,30,446,6480.265431672081
True,0.00461821,30,447,6496.023351038605
True,0.00461794,30,448,6496.403158118122
True,0.00460484,30,449,6514.8843390867005
True,0.0046133,30,450,6502.937159950578
True,0.00464078,30,451,6464.430548312999
True,0.00462204,30,452,6490.640496404185
True,0.00462826,30,453,6481.917610505891
True,0.00462009,30,454,6493.3799990909265
True,0.0046123,30,455,6504.34707195976
True,0.00461146,30,456,6505.531870600634
True,0.00462586,30,457,6485.28057485527
True,0.00461444,30,458,6501.330605663959
True,0.00463356,30,459,6474.503405588791
True,0.00461886,30,460,6495.1091827853625
True,0.00461755,30,461,6496.951846758563
True,0.00461745,30,462,6497.0925510833895
True,0.00462053,30,463,6492.761652883976
True,0.00461331,30,464,6502.923063917231
True,0.00461787,30,465,6496.501633870162
True,0.00463439,30,466,6473.343848920786
True,0.00461885,30,467,6495.123244963574
True,0.00461484,30,468,6500.767090516681
True,0.00461834,30,469,6495.84049680188
True,0.00460921,30,470,6508.707565938632
True,0.00461107,30,471,6506.082102418744
True,0.00461602,30,472,6499.105289838432
True,0.00463584,30,473,6471.319113688135
True,0.004615,30,474,6500.541711809317
True,0.00461,30,475,6507.592190889371
True,0.00461308,30,476,6503.247288145881
True,0.00461123,30,477,6505.856355028918
True,0.00461822,30,478,6496.009284962604
True,0.00462486,30,479,6486.682840129215
True,0.00462113,30,480,6491.918643275562
True,0.00461399,30,481,6501.9646769932315
True,0.00460659,30,482,6512.409396104277
True,0.00462402,30,483,6487.861211672959
True,0.00461904,30,484,6494.856073989401
True,0.00463775,30,485,6468.65398091747
True,0.0046191,30,486,6494.771708774437
True,0.0046169,30,487,6497.866533821395
True,0.00462048,30,488,6492.831913567422
True,0.00461734,30,489,6497.24733287997
True,0.00462413,30,490,6487.706876753033
True,0.00461987,30,491,6493.689216363231
True,0.00462841,30,492,6481.70754103461
True,0.00461456,30,493,6501.161540861967
True,0.00461996,30,494,6493.562714828699
True,0.00461793,30,495,6496.417225899916
True,0.00463405,30,496,6473.818797811849
True,0.00462402,30,497,6487.861211672959
True,0.00463506,30,498,6472.408124166677
True,0.00462183,30,499,6490.935408701747
True,0.00462679,30,500,6483.977012140166
True,0.00462454,30,501,6487.131693098125
True,0.00461711,30,502,6497.570991377724
True,0.00461953,30,503,6494.167155533139
True,0.00463697,30,504,6469.742094514306
True,0.00462797,30,505,6482.323783429883
True,0.00463306,30,506,6475.202134226624
True,0.00462528,30,507,6486.093814860938
True,0.00461846,30,508,6495.671717412298
True,0.00469572,30,509,6388.796606271243
True,0.00462208,30,510,6490.58432567156
True,0.00463745,30,511,6469.072442829572
True,0.00462224,30,512,6490.359652462876
True,0.00462879,30,513,6481.175425975255
True,0.00462316,30,514,6489.06808330233
True,0.00462513,30,515,6486.30416874769
True,0.00462684,30,516,6483.906942967555
True,0.00464079,30,517,6464.416618722244
True,0.00464592,30,518,6457.278644488067
True,0.00462884,30,519,6481.105417339981
True,0.00462398,30,520,6487.917335282593
True,0.00462973,30,521,6479.859516645679
True,0.0046337,30,522,6474.307788592269
True,0.00477288,30,523,6285.513149293508
True,0.0046282,30,524,6482.001642107083
True,0.00462776,30,525,6482.617940429063
True,0.00462484,30,526,6486.710891620035
True,0.00462001,30,527,6493.492438328056
True,0.00462427,30,528,6487.510461110619
True,0.00462382,30,529,6488.141839431466
True,0.00463539,30,530,6471.947344236408
True,0.00462468,30,531,6486.935312281066
True,0.00462093,30,532,6492.199622153982
True,0.00462126,30,533,6491.73602004648
True,0.00462053,30,534,6492.761652883976
True,0.00461703,30,535,6497.683575805225
True,0.0046377,30,536,6468.723720809884
True,0.00462041,30,537,6492.930281078951
True,0.00461923,30,538,6494.588924993992
True,0.00461957,30,539,6494.110923743985
True,0.00462261,30,540,6489.840155236976
True,0.00464087,30,541,6464.305184157281
True,0.00462553,30,542,6485.743255367493
True,0.00461465,30,543,6501.034748030729
True,0.00461517,30,544,6500.302264055278
True,0.0046082,30,545,6510.134108762641
True,0.00461191,30,546,6504.89710336932
True,0.00461733,30,547,6497.261404318079
True,0.00461415,30,548,6501.739215240077
True,0.00462853,30,549,6481.539495260915
True,0.00461678,30,550,6498.03542728915
True,0.00461551,30,551,6499.823421463717
True,0.00460858,30,552,6509.5973163100125
True,0.00461187,30,553,6504.953522107085
True,0.00461017,30,554,6507.352223453799
True,0.00463523,30,555,6472.170744493801
True,0.00462175,30,556,6491.047763293125
True,0.00461698,30,557,6497.753943053684
True,0.00461377,30,558,6502.274712436902
True,0.0046128,30,559,6503.642039542144
True,0.00462529,30,560,6486.079791753598
True,0.00462009,30,561,6493.3799990909265
True,0.00467833,30,562,6412.544647342108
True,0.00467594,30,563,6415.822273168604
True,0.0046358,30,564,6471.374951464688
True,0.00462883,30,565,6481.119418946041
True,0.00462704,30,566,6483.62668142052
True,0.00463279,30,567,6475.579510403018
True,0.00464264,30,568,6461.840676856272
True,0.00462813,30,569,6482.099681728905
True,0.00462658,30,570,6484.271319203386
True,0.00462256,30,571,6489.910352704994
True,0.00463227,30,572,6476.30643291518
True,0.00462135,30,573,6491.609594598981
True,0.00463544,30,574,6471.877534818701
True,0.00462991,30,575,6479.607594964049
True,0.00463076,30,576,6478.418229405108
True,0.00462613,30,577,6484.902067170616
True,0.00462183,30,578,6490.935408701747
True,0.00461506,30,579,6500.4571988229845
True,0.00462673,30,580,6484.061097146365
True,0.00464557,30,581,6457.765139692223
True,0.00462918,30,582,6480.629398727204
True,0.00461984,30,583,6493.731384636697
True,0.00464764,30,584,6454.888932877762
True,0.00464589,30,585,6457.320341204807
True,0.00465485,30,586,6444.890812808146
True,0.00464954,30,587,6452.2511904403445
True,0.00462853,30,588,6481.539495260915
True,0.00493261,30,589,6081.9728298000455
True,0.00495326,30,590,6056.617258128989
True,0.00493177,30,591,6083.008737228216
True,0.00494317,30,592,6068.980026986731
True,0.00494554,30,593,6066.071652438359
True,0.00492628,30,594,6089.78783179194
True,0.00492544,30,595,6090.826403326404
True,0.00494119,30,596,6071.41194732443
True,0.00492366,30,597,6093.028356953973
True,0.00491159,30,598,6108.001685808465
True,0.0049261,30,599,6090.0103530176
True,0.00493962,30,600,6073.3416740559
True,0.00492696,30,601,6088.947342783379
True,0.00493018,30,602,6084.9705284594065
True,0.00493923,30,603,6073.8212231461175
True,0.00492407,30,604,6092.521024274634
True,0.00494947,30,605,6061.2550434693
True,0.00493499,30,606,6079.039673839257
True,0.00495761,30,607,6051.302946379405
True,0.00492488,30,608,6091.518981173145
True,0.00493672,30,609,6076.909364922458
True,0.0049237,30,610,6092.978857363365
True,0.00492943,30,611,6085.896340956257
True,0.00492587,30,612,6090.294709360986
True,0.00494854,30,613,6062.394160701944
True,0.00492594,30,614,6090.208163315022
True,0.00492892,30,615,6086.526054389197
True,0.00492778,30,616,6087.9341204355715
True,0.00491899,30,617,6098.81296770272
True,0.00494403,30,618,6067.924345119265
True,0.00492808,30,619,6087.563513579325
True,0.00492031,30,620,6097.176803900567
True,0.00493105,30,621,6083.896938785857
True,0.00494795,30,622,6063.117048474622
True,0.00492691,30,623,6089.009135543373
True,0.00492472,30,624,6091.716889488134
True,0.004928,30,625,6087.662337662337
True,0.0049384,30,626,6074.842054106593
True,0.00492629,30,627,6089.775469978422
True,0.00494867,30,628,6062.234903519532
True,0.00476593,30,629,6294.679107750219
True,0.00462838,30,630,6481.749553839573
True,0.00463308,30,631,6475.1741821855
True,0.00462272,30,632,6489.685726152567
True,0.00462234,30,633,6490.219239605914
True,0.00462462,30,634,6487.0194740324605
True,0.00462703,30,635,6483.640693922452
True,0.00462785,30,636,6482.49186987478
True,0.00463713,30,637,6469.518861882242
True,0.00462731,30,638,6483.2483667616825
True,0.00463365,30,639,6474.377650448351
True,0.00462339,30,640,6488.745271326884
True,0.00463201,30,641,6476.669955375744
True,0.00462056,30,642,6492.719497203802
True,0.00462705,30,643,6483.612668979155
True,0.00464046,30,644,6464.876326915866
True,0.00462428,30,645,6487.496431876963
True,0.00462563,30,646,6485.6030421802
True,0.0046248,30,647,6486.766995329528
True,0.00461808,30,648,6496.206215570107
True,0.00462431,30,649,6487.4543445400495
True,0.00465766,30,650,6441.00256351902
True,0.00463022,30,651,6479.173775760115
True,0.00462546,30,652,6485.841408205887
True,0.00462809,30,653,6482.155705701489
True,0.00463471,30,654,6472.896901855779
True,0.00462582,30,655,6485.3366538257
True,0.00463582,30,656,6471.347032455963
True,0.00464079,30,657,6464.416618722244
True,0.00462515,30,658,6486.276120774462
True,0.00463582,30,659,6471.347032455963
True,0.00463029,30,660,6479.075824624376
True,0.00462419,30,661,6487.62269716426
True,0.00463254,30,662,6475.928972011035
True,0.00464741,30,663,6455.2083848853445
True,0.00462755,30,664,6482.912124126157
True,0.00462275,30,665,6489.643610405062
True,0.00462625,30,666,6484.733855714671
True,0.00462663,30,667,6484.201243669799
True,0.00462642,30,668,6484.495571089525
True,0.00463793,30,669,6468.4029297553
True,0.00463308,30,670,6475.1741821855
True,0.00463135,30,671,6477.592926468524
True,0.00463111,30,672,6477.9286175452535
True,0.00466219,30,673,6434.744186744856
True,0.00463761,30,674,6468.849256405778
True,0.00465178,30,675,6449.14419856485
True,0.00463668,30,676,6470.14674292813
True,0.00463531,30,677,6472.059042437291
True,0.00463277,30,678,6475.607465943702
True,0.00463471,30,679,6472.896901855779
True,0.00462642,30,680,6484.495571089525
True,0.00463188,30,681,6476.851731910154
True,0.00463806,30,682,6468.221627145832
True,0.00463265,30,683,6475.775204256743
True,0.00462686,30,684,6483.878915722542
True,0.00462693,30,685,6483.780822273085
True,0.00466053,30,686,6437.036131083803
True,0.00463136,30,687,6477.57894009535
True,0.0046426,30,688,6461.896351182527
True,0.0046343,30,689,6473.469563903934
True,0.00462971,30,690,6479.887509152841
True,0.00462771,30,691,6482.687981744751
True,0.00463152,30,692,6477.355166338481
True,0.00463482,30,693,6472.743278056105
True,0.00464256,30,694,6461.952026468156
True,0.00465376,30,695,6446.400330055697
True,0.00463213,30,696,6476.502170707644
True,0.00462903,30,697,6480.83939831887
True,0.00463895,30,698,6466.980674506084
True,0.00463142,30,699,6477.495023124658
True,0.00463208,30,700,6476.572079929535
True,0.00463899,30,701,6466.924912534841
True,0.00462578,30,702,6485.392733765981
True,0.00463427,30,703,6473.511469983406
True,0.00462733,30,704,6483.220345209873
True,0.00462894,30,705,6480.965404606671
True,0.00462418,30,706,6487.63672694402
True,0.00464209,30,707,6462.606282945829
True,0.00462854,30,708,6481.525491839759
True,0.00462493,30,709,6486.584661821908
True,0.00461759,30,710,6496.895566735028
True,0.00461868,30,711,6495.362311309725
True,0.00461703,30,712,6497.683575805225
True,0.00464441,30,713,6459.378048019016
True,0.00462794,30,714,6482.36580422391
True,0.00462788,30,715,6482.449847446347
True,0.00466682,30,716,6428.360211021637
True,0.00464588,30,717,6457.334240230053
True,0.00462961,30,718,6480.027475316495
True,0.00461766,30,719,6496.797079040033
True,0.0046277,30,720,6482.701990189511
True,0.00460947,30,721,6508.340438271645
True,0.00461169,30,722,6505.20741853854
True,0.00461378,30,723,6502.260619275302
True,0.0046104,30,724,6507.027589796981
True,0.0046118,30,725,6505.052257253134
True,0.00461931,30,726,6494.476447781162
True,0.0046092,30,727,6508.721687060662
True,0.00460584,30,728,6513.4698556615085
True,0.00461417,30,729,6501.711033620348
True,0.00461457,30,730,6501.147452525371
True,0.00461835,30,731,6495.826431517749
True,0.0046033,30,732,6517.063845502139
True,0.00462818,30,733,6482.029653124987
True,0.00461647,30,734,6498.471776053998
True,0.00461734,30,735,6497.24733287997
True,0.0046132,30,736,6503.078123645193
True,0.00461479,30,737,6500.837524567749
True,0.00461667,30,738,6498.190254014257
True,0.00462938,30,739,6480.349420440751
True,0.00463643,30,740,6470.495618396049
True,0.00474701,30,741,6319.767601079416
True,0.0046208,30,742,6492.382271468144
True,0.00462059,30,743,6492.677342071034
True,0.00461251,30,744,6504.05093972696
True,0.00462591,30,745,6485.210477506048
True,0.00460924,30,746,6508.665202940181
True,0.00461667,30,747,6498.190254014257
True,0.00460931,30,748,6508.566358088304
True,0.0046118,30,749,6505.052257253134
True,0.00461008,30,750,6507.47926283275
True,0.00461207,30,751,6504.671438204537
True,0.00462445,30,752,6487.257944187958
True,0.00460889,30,753,6509.15947223735
True,0.00461206,30,754,6504.685541818623
True,0.00460519,30,755,6514.389200011291
True,0.00461609,30,756,6499.006735137314
True,0.0046139,30,757,6502.091506101129
True,0.00462399,30,758,6487.903304289153
True,0.004619,30,759,6494.912318683698
True,0.00460746,30,760,6511.179695537237
True,0.00462089,30,761,6492.255820848365
True,0.004607,30,762,6511.829824180595
True,0.00462658,30,763,6484.271319203386
True,0.00460922,30,764,6508.693444877876
True,0.00462601,30,765,6485.070287353465
True,0.00461984,30,766,6493.731384636697
True,0.00461213,30,767,6504.586817804356
True,0.00461516,30,768,6500.316348728971
True,0.00462802,30,769,6482.2537499837945
True,0.00460882,30,770,6509.258335105299
True,0.00462234,30,771,6490.219239605914
True,0.00461301,30,772,6503.345971502338
True,0.004608,30,773,6510.416666666666
True,0.00461113,30,774,6505.99744531167
True,0.00460535,30,775,6514.162875785771
True,0.00479574,30,776,6255.551802224474
True,0.0046091,30,777,6508.862901651082
True,0.00462963,30,778,6479.999481600042
True,0.00461601,30,779,6499.119369325456
True,0.00461167,30,780,6505.235630476595
True,0.00461445,30,781,6501.31651659461
True,0.00461102,30,782,6506.152651690949
True,0.00460446,30,783,6515.422003883191
True,0.00462149,30,784,6491.412942579125
True,0.00462733,30,785,6483.220345209873
True,0.00461103,30,786,6506.138541714106
True,0.00460747,30,787,6511.165563747567
True,0.00461605,30,788,6499.063051743374
True,0.00461439,30,789,6501.401051926689
True,0.00460192,30,790,6519.018148946527
True,0.0046346,30,791,6473.050532947827
True,0.00461456,30,792,6501.161540861967
True,0.00461739,30,793,6497.176976603666
True,0.00461612,30,794,6498.964498323267
True,0.0046144,30,795,6501.386962552011
True,0.00461008,30,796,6507.47926283275
True,0.00463468,30,797,6472.938800521287
True,0.00462756,30,798,6482.898114773228
True,0.00461475,30,799,6500.893872907525
True,0.00461191,30,800,6504.89710336932
True,0.00460721,30,801,6511.533010216596
True,0.00461222,30,802,6504.459891332156
True,0.00461682,30,803,6497.97912849104
True,0.00462579,30,804,6485.3787136899855
True,0.00461859,30,805,6495.488882970777
True,0.00461507,30,806,6500.443113538907
True,0.00461246,30,807,6504.121444955621
True,0.00463818,30,808,6468.0542799115165
True,0.00461127,30,809,6505.799920629242
True,0.00462736,30,810,6483.178313336331
True,0.00461244,30,811,6504.149647475089
True,0.00461549,30,812,6499.851586722103
True,0.00461765,30,813,6496.8111485279305
True,0.00461381,30,814,6502.21834015705
True,0.00461128,30,815,6505.785812182301
True,0.00461225,30,816,6504.417583608868
True,0.0046251,30,817,6486.346241162353
True,0.00460814,30,818,6510.218873558529
True,0.00461353,30,819,6502.612966643763
True,0.00461057,30,820,6506.787663998161
True,0.00461171,30,821,6505.179206845183
True,0.00461008,30,822,6507.47926283275
True,0.00462849,30,823,6481.5955095506315
True,0.00461761,30,824,6496.867427088905
True,0.00461765,30,825,6496.8111485279305
True,0.00467998,30,826,6410.283804631644
True,0.00470004,30,827,6382.924400643399
True,0.00466965,30,828,6424.4643602839615
True,0.00474111,30,829,6327.6321367780965
True,0.00472759,30,830,6345.727950181805
True,0.00466277,30,831,6433.943771620732
True,0.00462289,30,832,6489.447077477508
True,0.00462797,30,833,6482.323783429883
True,0.00462138,30,834,6491.567453877414
True,0.0046862,30,835,6401.775425718066
True,0.00468084,30,836,6409.106057887046
True,0.00467215,30,837,6421.026722172875
True,0.00467648,30,838,6415.0814287669355
True,0.00465839,30,839,6439.993216540478
True,0.00466738,30,840,6427.588925692788
True,0.00467485,30,841,6417.318202723081
True,0.00463445,30,842,6473.260041644639
True,0.00462902,30,843,6480.853398775551
True,0.0046226,30,844,6489.8541946090945
True,0.00476963,30,845,6289.7960638456225
True,0.00495933,30,846,6049.204227183915
True,0.00495813,30,847,6050.668296313328
True,0.00492439,30,848,6092.125116004216
True,0.00491668,30,849,6101.678368329849
True,0.00491258,30,850,6106.770780323171
True,0.00492837,30,851,6087.20530317326
True,0.00496207,30,852,6045.863923725381
True,0.00492478,30,853,6091.642672363029
True,0.00492347,30,854,6093.263490993141
True,0.00498829,30,855,6014.084987039647
True,0.00498877,30,856,6013.506335228924
True,0.00498404,30,857,6019.213328945995
True,0.00496854,30,858,6037.991039621298
True,0.00494794,30,859,6063.1293022955015
True,0.00492238,30,860,6094.612768620058
True,0.00494033,30,861,6072.468843174444
True,0.0049177,30,862,6100.412794599101
True,0.00492054,30,863,6096.891804558036
True,0.00493961,30,864,6073.3539692404875
True,0.0049231,30,865,6093.721435680771
True,0.00493965,30,866,6073.304788800826
True,0.00492611,30,867,6089.997990300663
True,0.00494286,30,868,6069.360653548755
True,0.00488158,30,869,6145.55123546065
True,0.00464881,30,870,6453.26438378854
True,0.00463052,30,871,6478.7540060295605
True,0.00461516,30,872,6500.316348728971
True,0.00460316,30,873,6517.26205476238
True,0.00465245,30,874,6448.215456372449
True,0.00460764,30,875,6510.925332708285
True,0.00463033,30,876,6479.019853876505
True,0.00465923,30,877,6438.832167546998
True,0.00463561,30,878,6471.6401940629175
True,0.00461985,30,879,6493.717328484691
True,0.00462849,30,880,6481.5955095506315
True,0.00461832,30,881,6495.868627552876
True,0.00461061,30,882,6506.731213440304
True,0.00460943,30,883,6508.396916755433
True,0.00461147,30,884,6505.517763316252
True,0.00460593,30,885,6513.3425822798
True,0.00462057,30,886,6492.705445432057
True,0.00462215,30,887,6490.486029228822
True,0.00461308,30,888,6503.247288145881
True,0.00461877,30,889,6495.2357445813495
True,0.00461782,30,890,6496.571975520917
True,0.0046198,30,891,6493.78760985324
True,0.00461335,30,892,6502.866680394942
True,0.00463736,30,893,6469.197991960943
True,0.0046128,30,894,6503.642039542144
True,0.00461429,30,895,6501.541949032246
True,0.00464718,30,896,6455.527868513808
True,0.0046224,30,897,6490.134994807892
True,0.00462277,30,898,6489.615533543741
True,0.00463909,30,899,6466.785511813739
True,0.00461742,30,900,6497.134763569266
True,0.00462002,30,901,6493.478383210462
True,0.00460995,30,902,6507.662772915108
True,0.00461698,30,903,6497.753943053684
True,0.00461409,30,904,6501.823761565119
True,0.00461781,30,905,6496.58604403386
True,0.00462653,30,906,6484.341396251618
True,0.00461932,30,907,6494.462388403488
True,0.00461594,30,908,6499.217927442732
True,0.0046215,30,909,6491.398896462188
True,0.00461343,30,910,6502.7539162835465
True,0.00461033,30,911,6507.126387915832
True,0.00462817,30,912,6482.043658724722
True,0.00462676,30,913,6484.019054370661
True,0.00460506,30,914,6514.573100024755
True,0.00460802,30,915,6510.388409772527
True,0.00461,30,916,6507.592190889371
True,0.00460931,30,917,6508.566358088304
True,0.00460593,30,918,6513.3425822798
True,0.00464625,30,919,6456.82001614205
True,0.004606,30,920,6513.243595310465
True,0.0046149,30,921,6500.682571670026
True,0.00460708,30,922,6511.716749003706
True,0.00461436,30,923,6501.443320417133
True,0.00460533,30,924,6514.191165453941
True,0.00462386,30,925,6488.085711937646
True,0.00460422,30,926,6515.761627376624
True,0.0046039,30,927,6516.214513781793
True,0.00460333,30,928,6517.021373657765
True,0.00460311,30,929,6517.3328467058145
True,0.00460385,30,930,6516.2852829696885
True,0.00460706,30,931,6511.745017429771
True,0.00462428,30,932,6487.496431876963
True,0.00460912,30,933,6508.834658242788
True,0.00460037,30,934,6521.214597956251
True,0.00460365,30,935,6516.568375093676
True,0.00460731,30,936,6511.391679743711
True,0.00460636,30,937,6512.734566989987
True,0.00461448,30,938,6501.274249752952
True,0.00460545,30,939,6514.021431130509
True,0.00470012,30,940,6382.815757895542
True,0.00463307,30,941,6475.188158175895
True,0.00460556,30,942,6513.865849104127
True,0.00461201,30,943,6504.7560608064605
True,0.0046122,30,944,6504.488096786782
True,0.00463059,30,945,6478.65606758534
True,0.00460993,30,946,6507.691006154107
True,0.00462098,30,947,6492.129375154188
True,0.00461431,30,948,6501.513769122577
True,0.00461228,30,949,6504.37527643595
True,0.00460542,30,950,6514.063863882122
True,0.00462968,30,951,6479.929498367058
True,0.00461795,30,952,6496.389090397254
True,0.00460806,30,953,6510.331896720095
True,0.00462089,30,954,6492.255820848365
True,0.00462175,30,955,6491.047763293125
True,0.00462162,30,956,6491.230347800122
True,0.00462804,30,957,6482.225737029066
True,0.00463923,30,958,6466.590360900408
True,0.00462648,30,959,6484.411474814547
True,0.00462938,30,960,6480.349420440751
True,0.00476441,30,961,6296.687312804733
True,0.00463072,30,962,6478.474189758828
True,0.00462732,30,963,6483.234355955499
True,0.00465895,30,964,6439.219137359276
True,0.00462697,30,965,6483.724770205988
True,0.00462594,30,966,6485.168419823863
True,0.00462055,30,967,6492.73354903637
True,0.0046239,30,968,6488.029585414909
True,0.00462436,30,969,6487.384200192027
True,0.00463327,30,970,6474.908649830465
True,0.00462892,30,971,6480.993406669374
True,0.00461719,30,972,6497.458410851622
True,0.00463688,30,973,6469.86766963993
True,0.00463047,30,974,6478.823963874077
True,0.0046205,30,975,6492.803809111569
True,0.004621,30,976,6492.1012767799175
True,0.00463471,30,977,6472.896901855779
True,0.0046227,30,978,6489.71380362126
True,0.00462302,30,979,6489.264593274525
True,0.00461651,30,980,6498.41546969464
True,0.00462408,30,981,6487.777028079099
True,0.00464207,30,982,6462.634126585769
True,0.00463618,30,983,6470.844531489286
True,0.00461514,30,984,6500.344518259468
True,0.00461484,30,985,6500.767090516681
True,0.00463749,30,986,6469.0166447798265
True,0.0046187,30,987,6495.334184943816
True,0.00462535,30,988,6485.995654382911
True,0.00463414,30,989,6473.6930692642
True,0.00461956,30,990,6494.124981599979
True,0.00461769,30,991,6496.754870941964
True,0.00461988,30,992,6493.675160393776
True,0.00462509,30,993,6486.360265421862
True,0.00462417,30,994,6487.65075678446
True,0.00463005,30,995,6479.411669420417
True,0.00462987,30,996,6479.663575867141
True,0.00462318,30,997,6489.0400114207105
True,0.00462473,30,998,6486.865179156405
True,0.00461939,30,999,6494.3639744641605
True,0.00462295,30,1000,6489.362852723911
True,0.00461862,30,1001,6495.446691869
True,0.00463286,30,1002,6475.481667911398
True,0.00462447,30,1003,6487.229887965539
True,0.00461276,30,1004,6503.6984365108965
True,0.00462017,30,1005,6493.267563747654
True,0.00461848,30,1006,6495.643588366735
True,0.00461484,30,1007,6500.767090516681
True,0.00461381,30,1008,6502.21834015705
True,0.00466106,30,1009,6436.304188317679
True,0.00461613,30,1010,6498.950419507249
True,0.00461641,30,1011,6498.5562374225865
True,0.00461302,30,1012,6503.331873696624
True,0.00462144,30,1013,6491.483174075613
True,0.00462025,30,1014,6493.155132298036
True,0.00462855,30,1015,6481.511488479113
True,0.00461895,30,1016,6494.982625921475
True,0.00462094,30,1017,6492.185572632408
True,0.00462026,30,1018,6493.141078640596
True,0.00462042,30,1019,6492.916228394821
True,0.00462504,30,1020,6486.43038762908
True,0.00462814,30,1021,6482.085675887073
True,0.00462335,30,1022,6488.80141023284
True,0.00462157,30,1023,6491.300575345607
True,0.00461904,30,1024,6494.856073989401
True,0.00462458,30,1025,6487.075583079977
True,0.00462231,30,1026,6490.261362825081
True,0.00461636,30,1027,6498.626623573552
True,0.00462772,30,1028,6482.673973360532
True,0.0046155,30,1029,6499.837504062399
True,0.00465292,30,1030,6447.564110279137
True,0.0046677,30,1031,6427.148274310688
True,0.00461149,30,1032,6505.489548931039
True,0.00461078,30,1033,6506.49130949644
True,0.00462108,30,1034,6491.988885715028
True,0.00461344,30,1035,6502.7398210446
True,0.00460134,30,1036,6519.839872732726
True,0.00460828,30,1037,6510.02109246834
True,0.00460457,30,1038,6515.266354947368
True,0.0045989,30,1039,6523.2990497727715
True,0.00460415,30,1040,6515.860690898428
True,0.00462921,30,1041,6480.587400441977
True,0.00461312,30,1042,6503.19089900111
True,0.00461772,30,1043,6496.712663392324
True,0.00460897,30,1044,6509.046489779712
True,0.0046133,30,1045,6502.937159950578
True,0.00459885,30,1046,6523.369972928015
True,0.00462858,30,1047,6481.469478760224
True,0.00461125,30,1048,6505.828137706696
True,0.00460721,30,1049,6511.533010216596
True,0.00460568,30,1050,6513.696131732991
True,0.00460891,30,1051,6509.131226255232
True,0.00460777,30,1052,6510.741638580051
True,0.00459998,30,1053,6521.767485945591
True,0.00464502,30,1054,6458.529780280817
True,0.004604,30,1055,6516.072980017377
True,0.00460026,30,1056,6521.370531230843
True,0.00460051,30,1057,6521.016148209655
True,0.00460229,30,1058,6518.494054047007
True,0.00460154,30,1059,6519.556496303411
True,0.00462384,30,1060,6488.113775563169
True,0.00460708,30,1061,6511.716749003706
True,0.00460865,30,1062,6509.498443144956
True,0.00461707,30,1063,6497.627283103787
True,0.00461177,30,1064,6505.09457323327
True,0.00460362,30,1065,6516.610841033795
True,0.00461432,30,1066,6501.499679259349
True,0.00462233,30,1067,6490.233280618217
True,0.00460216,30,1068,6518.678185895318
True,0.0046054,30,1069,6514.09215269032
True,0.00460186,30,1070,6519.103145249964
True,0.0046041,30,1071,6515.931452401121
True,0.00460541,30,1072,6514.078008255508
True,0.00460655,30,1073,6512.465945230161
True,0.00462061,30,1074,6492.649238953299
True,0.00459936,30,1075,6522.646629096222
True,0.00462846,30,1076,6481.637520903281
True,0.00460337,30,1077,6516.964745393049
True,0.00460386,30,1078,6516.271129009136
True,0.00459165,30,1079,6533.599033027343
True,0.00461043,30,1080,6506.98524866444
True,0.00459082,30,1081,6534.780278904423
True,0.00459391,30,1082,6530.384792039897
True,0.00459847,30,1083,6523.909039310901
True,0.00459633,30,1084,6526.946498619551
True,0.00459763,30,1085,6525.100975937602
True,0.00478772,30,1086,6266.030594938718
True,0.00493744,30,1087,6076.023202307268
True,0.00491313,30,1088,6106.087158288097
True,0.00490797,30,1089,6112.506800163815
True,0.0049165,30,1090,6101.901759381674
True,0.00493099,30,1091,6083.970967290545
True,0.00490553,30,1092,6115.5471478107365
True,0.0049084,30,1093,6111.971314481297
True,0.00490995,30,1094,6110.041853786699
True,0.00492641,30,1095,6089.6271321306995
True,0.00491333,30,1096,6105.838606403397
True,0.00491502,30,1097,6103.73915060366
True,0.00492674,30,1098,6089.219240309008
True,0.00491248,30,1099,6106.895091684852
True,0.00492517,30,1100,6091.160305126523
True,0.00492199,30,1101,6095.095682843727
True,0.00491557,30,1102,6103.056207113315
True,0.00491303,30,1103,6106.211441819
True,0.00492668,30,1104,6089.29339839405
True,0.00492483,30,1105,6091.580826140192
True,0.00491447,30,1106,6104.422246956437
True,0.00492602,30,1107,6090.109256560063
True,0.00493842,30,1108,6074.817451735576
True,0.00492958,30,1109,6085.711155919977
True,0.00492606,30,1110,6090.059804387279
True,0.00492393,30,1111,6092.694250324436
True,0.00492568,30,1112,6090.529632456838
True,0.00492862,30,1113,6086.896534932699
True,0.00493006,30,1114,6085.118639529742
True,0.0049189,30,1115,6098.924556303238
True,0.00492697,30,1116,6088.934984381882
True,0.00493219,30,1117,6082.490739407849
True,0.00492079,30,1118,6096.582052881752
True,0.00494934,30,1119,6061.414249172617
True,0.00491707,30,1120,6101.194410492428
True,0.00493188,30,1121,6082.87306260493
True,0.00491551,30,1122,6103.130702612751
True,0.00493092,30,1123,6084.057336156336
True,0.00492243,30,1124,6094.550862074219
True,0.004923,30,1125,6093.845216331505
True,0.00492961,30,1126,6085.674120265092
True,0.0049148,30,1127,6104.012370798404
True,0.00491021,30,1128,6109.718321619645
True,0.00491915,30,1129,6098.614598050476
True,0.00493474,30,1130,6079.347645468657
True,0.00491675,30,1131,6101.591498449178
True,0.00491624,30,1132,6102.224464224692
True,0.00491861,30,1133,6099.284147350572
True,0.00493041,30,1134,6084.686669059977
True,0.0048831,30,1135,6143.6382625791
True,0.00461277,30,1136,6503.68433717701
True,0.00461337,30,1137,6502.838489000448
True,0.00460634,30,1138,6512.76284425379
True,0.00461166,30,1139,6505.249736537386
True,0.00464323,30,1140,6461.019591965076
True,0.0046061,30,1141,6513.10219057337
True,0.00461524,30,1142,6500.203673048422
True,0.00461713,30,1143,6497.54284588045
True,0.00461496,30,1144,6500.598055021062
True,0.00461885,30,1145,6495.123244963574
True,0.0046108,30,1146,6506.463086666088
True,0.00462533,30,1147,6486.023699930599
True,0.00460907,30,1148,6508.905267223106
True,0.00460887,30,1149,6509.187718464613
True,0.00460895,30,1150,6509.074735026416
True,0.0046073,30,1151,6511.405812514922
True,0.00460423,30,1152,6515.747475690832
True,0.00462592,30,1153,6485.196458218041
True,0.00460737,30,1154,6511.306884404768
True,0.00460978,30,1155,6507.9027632555135
True,0.00461218,30,1156,6504.516302486027
True,0.00461842,30,1157,6495.727976234297
True,0.00461137,30,1158,6505.658838913381
True,0.00461443,30,1159,6501.344694794373
True,0.00462148,30,1160,6491.426988756849
True,0.00461247,30,1161,6504.107343787602
True,0.00460819,30,1162,6510.148236075335
True,0.0046327,30,1163,6475.705312236924
True,0.00461904,30,1164,6494.856073989401
True,0.0046142,30,1165,6501.668761648823
True,0.0046303,30,1166,6479.061831846748
True,0.00460834,30,1167,6509.9363328226655
True,0.0046095,30,1168,6508.298080052066
True,0.00461797,30,1169,6496.360955138297
True,0.00460995,30,1170,6507.662772915108
True,0.00460947,30,1171,6508.340438271645
True,0.00461397,30,1172,6501.992860811839
True,0.00462874,30,1173,6481.245436123006
True,0.00461367,30,1174,6502.415647413013
True,0.00461247,30,1175,6504.107343787602
True,0.00461242,30,1176,6504.177850239137
True,0.00461758,30,1177,6496.9096366495005
True,0.00460954,30,1178,6508.241603283625
True,0.0047549,30,1179,6309.280952280805
True,0.00461364,30,1180,6502.4579290972
True,0.00460965,30,1181,6508.086297224301
True,0.004604,30,1182,6516.072980017377
True,0.00460073,30,1183,6520.70432300961
True,0.00462674,30,1184,6484.047082827217
True,0.0046724,30,1185,6420.683160688297
True,0.0046387,30,1186,6467.329208614483
True,0.00460976,30,1187,6507.930998576932
True,0.0046084,30,1188,6509.851575384081
True,0.00461196,30,1189,6504.826581323342
True,0.00460797,30,1190,6510.459052467789
True,0.00462112,30,1191,6491.932691641853
True,0.0046125,30,1192,6504.065040650406
True,0.00460708,30,1193,6511.716749003706
True,0.00460465,30,1194,6515.153160392212
True,0.00459737,30,1195,6525.4699969765325
True,0.0046084,30,1196,6509.851575384081
True,0.00460677,30,1197,6512.1549371902665
True,0.00460303,30,1198,6517.446117014228
True,0.00461792,30,1199,6496.4312937426375
True,0.00460331,30,1200,6517.049688159173
True,0.00460777,30,1201,6510.741638580051
True,0.0046035,30,1202,6516.780710329098
True,0.0046026,30,1203,6518.055012384304
True,0.00460404,30,1204,6516.016368233117
True,0.00465478,30,1205,6444.987733040015
True,0.00471208,30,1206,6366.615167823977
True,0.00469553,30,1207,6389.055122637913
True,0.00470542,30,1208,6375.62640529432
True,0.00463376,30,1209,6474.223956355098
True,0.00469094,30,1210,6395.306697591527
True,0.00474153,30,1211,6327.071641432196
True,0.00468506,30,1212,6403.333148348154
True,0.00468098,30,1213,6408.914372631371
True,0.0046429,30,1214,6461.478817118611
True,0.00469147,30,1215,6394.5842134768
True,0.00470287,30,1216,6379.083410768319
True,0.00478436,30,1217,6270.431154846207
True,0.00472213,30,1218,6353.065248097787
True,0.00471196,30,1219,6366.77730710787
True,0.00466384,30,1220,6432.467666129199
True,0.00461264,30,1221,6503.867633285927
True,0.00460983,30,1222,6507.832176023845
True,0.00462707,30,1223,6483.584644278129
True,0.00460102,30,1224,6520.293326262437
True,0.00459841,30,1225,6523.994163199889
True,0.00459635,30,1226,6526.918098056066
True,0.00460033,30,1227,6521.271300102384
True,0.004595,30,1228,6528.8356909684435
True,0.00461231,30,1229,6504.332969813391
True,0.00464157,30,1230,6463.330295568094
True,0.00461374,30,1231,6502.316992288253
True,0.0046033,30,1232,6517.063845502139
True,0.00460044,30,1233,6521.115371573154
True,0.00460478,30,1234,6514.969227628681
True,0.00460221,30,1235,6518.607364722601
True,0.00461633,30,1236,6498.668855995997
True,0.00460031,30,1237,6521.299651545222
True,0.00459655,30,1238,6526.634106014294
True,0.00460038,30,1239,6521.200422573787
True,0.00459408,30,1240,6530.143140737644
True,0.00459929,30,1241,6522.745902084887
True,0.00461459,30,1242,6501.119276035357
True,0.00460898,30,1243,6509.032367248285
True,0.00461355,30,1244,6502.584777449036
True,0.00461059,30,1245,6506.759438596795
True,0.00459895,30,1246,6523.228128159689
True,0.00460262,30,1247,6518.026689146616
True,0.00459698,30,1248,6526.023606802728
True,0.00461433,30,1249,6501.485589457191
True,0.00460565,30,1250,6513.738560246653
True,0.00459415,30,1251,6530.043642458344
True,0.00459495,30,1252,6528.906734567297
True,0.00463047,30,1253,6478.823963874077
True,0.00460069,30,1254,6520.76101628234
True,0.0045963,30,1255,6526.989099928202
True,0.00461669,30,1256,6498.162103151825
True,0.00460542,30,1257,6514.063863882122
True,0.00459808,30,1258,6524.462384299533
True,0.00460025,30,1259,6521.384707352861
True,0.00460223,30,1260,6518.57903668439
True,0.00460018,30,1261,6521.483941932707
True,0.00460717,30,1262,6511.589544123616
True,0.00460094,30,1263,6520.406699500536
True,0.00459937,30,1264,6522.632447487373
True,0.00460093,30,1265,6520.420871432515
True,0.00460584,30,1266,6513.4698556615085
True,0.00460663,30,1267,6512.35284796044
True,0.00460574,30,1268,6513.611276363842
True,0.00461835,30,1269,6495.826431517749
True,0.00459538,30,1270,6528.29581013975
True,0.00461276,30,1271,6503.6984365108965
True,0.00460093,30,1272,6520.420871432515
True,0.00460602,30,1273,6513.215313871847
True,0.00459538,30,1274,6528.29581013975
True,0.00463647,30,1275,6470.4397957929195
True,0.00460491,30,1276,6514.785305250265
True,0.00460897,30,1277,6509.046489779712
True,0.00460184,30,1278,6519.1314778436445
True,0.00460722,30,1279,6511.518876893224
True,0.00460495,30,1280,6514.7287158383915
True,0.0046074,30,1281,6511.264487563484
True,0.00461571,30,1282,6499.541782304347
True,0.00460834,30,1283,6509.9363328226655
True,0.00460739,30,1284,6511.278619782566
True,0.00460529,30,1285,6514.247745527427
True,0.00460701,30,1286,6511.8156895687225
True,0.00460989,30,1287,6507.747473367043
True,0.00460846,30,1288,6509.766820152502
True,0.00462436,30,1289,6487.384200192027
True,0.00460454,30,1290,6515.30880391961
True,0.00460807,30,1291,6510.317768610286
True,0.004612,30,1292,6504.770164787511
True,0.00460849,30,1293,6509.724443364313
True,0.00461237,30,1294,6504.24835821931
True,0.00462293,30,1295,6489.3909273988575
True,0.00461025,30,1296,6507.239303725395
True,0.00460411,30,1297,6515.917299977629
True,0.00463096,30,1298,6478.138442137268
True,0.00461153,30,1299,6505.433120894801
True,0.00461332,30,1300,6502.908967944994
True,0.00461524,30,1301,6500.203673048422
True,0.00462243,30,1302,6490.092873229016
True,0.00461157,30,1303,6505.376693837457
True,0.00460883,30,1304,6509.244211654584
True,0.00461033,30,1305,6507.126387915832
True,0.00461097,30,1306,6506.2232024931845
True,0.00460226,30,1307,6518.536545088717
True,0.00461445,30,1308,6501.31651659461
True,0.00460973,30,1309,6507.973352018447
True,0.00461341,30,1310,6502.782106944755
True,0.00460527,30,1311,6514.276035932747
True,0.00460697,30,1312,6511.872228384383
True,0.00460751,30,1313,6511.109037202306
True,0.00460296,30,1314,6517.545231763909
True,0.00462301,30,1315,6489.278630156543
True,0.00460995,30,1316,6507.662772915108
True,0.00460917,30,1317,6508.764050794394
True,0.00460525,30,1318,6514.3043265837905
True,0.00460903,30,1319,6508.961755510379
True,0.00460587,30,1320,6513.427430648282
True,0.00464203,30,1321,6462.689814585429
True,0.00460439,30,1322,6515.521057078136
True,0.00460851,30,1323,6509.696192478697
True,0.00460786,30,1324,6510.614471793848
True,0.00460943,30,1325,6508.396916755433
True,0.00460057,30,1326,6520.93110201562
True,0.00460744,30,1327,6511.207959300609
True,0.00462136,30,1328,6491.595547631001
True,0.00460602,30,1329,6513.215313871847
True,0.00460219,30,1330,6518.635693007025
True,0.00460353,30,1331,6516.738242175027
True,0.0046014,30,1332,6519.754857217368
True,0.00460677,30,1333,6512.1549371902665
True,0.00461446,30,1334,6501.302427586326
True,0.00460379,30,1335,6516.370208024258
True,0.0046052,30,1336,6514.375054286458
True,0.00460285,30,1337,6517.700989604266
True,0.00460885,30,1338,6509.215964937023
True,0.00464415,30,1339,6459.739672491199
True,0.00462552,30,1340,6485.757277019665
True,0.00461603,30,1341,6499.091210412411
True,0.00459651,30,1342,6526.690902445552
True,0.00462429,30,1343,6487.482402703983
True,0.00460058,30,1344,6520.916927865617
True,0.00462966,30,1345,6479.957491478856
True,0.00461601,30,1346,6499.119369325456
True,0.00462018,30,1347,6493.253509603523
True,0.00461271,30,1348,6503.768934097309
True,0.00459599,30,1349,6527.429346016854
True,0.00460244,30,1350,6518.281607147513
True,0.00460311,30,1351,6517.3328467058145
True,0.00476066,30,1352,6301.647250591304
True,0.00492787,30,1353,6087.822933640701
True,0.00491145,30,1354,6108.1757932993305
True,0.00492379,30,1355,6092.867486225042
True,0.00491097,30,1356,6108.772808630474
True,0.00490991,30,1357,6110.091631007493
True,0.0049212,30,1358,6096.0741282614
True,0.00490803,30,1359,6112.43207559856
True,0.00491056,30,1360,6109.282851650321
True,0.00491451,30,1361,6104.372562066207
True,0.00492106,30,1362,6096.247556420772
True,0.00491534,30,1363,6103.341783070958
True,0.00490729,30,1364,6113.353806275969
True,0.00492441,30,1365,6092.100373445754
True,0.0049104,30,1366,6109.481915933529
True,0.00491327,30,1367,6105.913169844116
True,0.00490891,30,1368,6111.336325171984
True,0.00490954,30,1369,6110.552108751533
True,0.00491504,30,1370,6103.71431361698
True,0.00492784,30,1371,6087.859995454398
True,0.00504261,30,1372,5949.300064847371
True,0.00491122,30,1373,6108.461848583448
True,0.00490234,30,1374,6119.526593422733
True,0.00492011,30,1375,6097.424651074874
True,0.00490566,30,1376,6115.385085798853
True,0.00491404,30,1377,6104.956410611228
True,0.00490409,30,1378,6117.342870950574
True,0.00491562,30,1379,6102.994128919649
True,0.00489526,30,1380,6128.377246560959
True,0.0049081,30,1381,6112.344899248181
True,0.00491206,30,1382,6107.417254675228
True,0.00491291,30,1383,6106.360588734578
True,0.00492501,30,1384,6091.358190135655
True,0.00491968,30,1385,6097.957590737609
True,0.00493303,30,1386,6081.455008382272
True,0.00492617,30,1387,6089.923815053074
True,0.00493002,30,1388,6085.168011488797
True,0.00492916,30,1389,6086.229702423942
True,0.00492112,30,1390,6096.173228858471
True,0.00492596,30,1391,6090.183436325102
True,0.00492788,30,1392,6087.81057980308
True,0.00492484,30,1393,6091.568457046321
True,0.00492297,30,1394,6093.882351507323
True,0.00491558,30,1395,6103.04379137355
True,0.0049127,30,1396,6106.621613369431
True,0.00492752,30,1397,6088.255349547034
True,0.00504989,30,1398,5940.723461303118
True,0.00492422,30,1399,6092.335435865984
True,0.00490907,30,1400,6111.13714002856
True,0.0049314,30,1401,6083.465141744738
True,0.00491942,30,1402,6098.279878522265
True,0.00491483,30,1403,6103.97511205881
True,0.00491475,30,1404,6104.074469708531
True,0.00493516,30,1405,6078.830270953727
True,0.00491887,30,1406,6098.961753410845
True,0.00494113,30,1407,6071.485672305727
True,0.0049096,30,1408,6110.477431970018
True,0.00491955,30,1409,6098.118730371681
True,0.00492653,30,1410,6089.478801509379
True,0.00491005,30,1411,6109.917414282951
True,0.00491591,30,1412,6102.634100298826
True,0.00491425,30,1413,6104.695528310525
True,0.00492627,30,1414,6089.800193655647
True,0.00491577,30,1415,6102.807901915671
True,0.00490221,30,1416,6119.688875017594
True,0.00490687,30,1417,6113.877074387543
True,0.00492059,30,1418,6096.829851704775
True,0.00491425,30,1419,6104.695528310525
True,0.00491126,30,1420,6108.412097913774
True,0.00491365,30,1421,6105.440965473731
True,0.00490837,30,1422,6112.008670902968
True,0.00493682,30,1423,6076.786271324456
True,0.00491568,30,1424,6102.919636754223
True,0.00491007,30,1425,6109.89252699045
True,0.00490923,30,1426,6110.937967868688
True,0.00494107,30,1427,6071.559399077528
True,0.00494606,30,1428,6065.433900923159
True,0.00491684,30,1429,6101.4798122371285
True,0.00492184,30,1430,6095.281439461664
True,0.00493811,30,1431,6075.1988108810865
True,0.0049453,30,1432,6066.366044527127
True,0.0049166,30,1433,6101.777651222389
True,0.00492571,30,1434,6090.492538131559
True,0.00493076,30,1435,6084.254759915307
True,0.00493213,30,1436,6082.564733695179
True,0.00491971,30,1437,6097.920405877582
True,0.00491997,30,1438,6097.598156086317
True,0.0049216,30,1439,6095.578673602081
True,0.004938,30,1440,6075.334143377886
True,0.00491808,30,1441,6099.941440562171
True,0.00492013,30,1442,6097.3998654507095
True,0.00491697,30,1443,6101.318494926754
True,0.00496043,30,1444,6047.862786089109
True,0.00462216,30,1445,6490.471987122904
True,0.00460313,30,1446,6517.304529743891
True,0.00461055,30,1447,6506.815889644403
True,0.00460438,30,1448,6515.535207780418
True,0.00461018,30,1449,6507.3381082734295
True,0.00462896,30,1450,6480.937402785939
True,0.004621,30,1451,6492.1012767799175
True,0.00460788,30,1452,6510.586213182635
True,0.00460909,30,1453,6508.877023447145
True,0.00460494,30,1454,6514.7428630991935
True,0.00461728,30,1455,6497.3317624228985
True,0.00460353,30,1456,6516.738242175027
True,0.00462017,30,1457,6493.267563747654
True,0.00460661,30,1458,6512.381121909604
True,0.00460881,30,1459,6509.272458617301
True,0.00461156,30,1460,6505.390800510023
True,0.00460006,30,1461,6521.654065381756
True,0.00460617,30,1462,6513.003210910583
True,0.0046027,30,1463,6517.91339865731
True,0.00461595,30,1464,6499.203847528678
True,0.00463252,30,1465,6475.956930569107
True,0.00464333,30,1466,6460.880445714605
True,0.00462849,30,1467,6481.5955095506315
True,0.00460466,30,1468,6515.139011349373
True,0.0046057,30,1469,6513.6678463642875
True,0.00461487,30,1470,6500.724830818636
True,0.0046082,30,1471,6510.134108762641
True,0.00462607,30,1472,6484.986176171134
True,0.00460579,30,1473,6513.54056524505
True,0.0046066,30,1474,6512.395258976252
True,0.00460127,30,1475,6519.939060302916
True,0.00460557,30,1476,6513.8517056520695
True,0.00461897,30,1477,6494.954502843708
True,0.00460616,30,1478,6513.017350678222
True,0.00459997,30,1479,6521.781663793459
True,0.00460729,30,1480,6511.419945347482
True,0.00459883,30,1481,6523.398342621927
True,0.00458873,30,1482,6537.756634188544
True,0.00459148,30,1483,6533.840940176152
True,0.00461044,30,1484,6506.971135076044
True,0.00459589,30,1485,6527.571373553327
True,0.00459231,30,1486,6532.66003383918
True,0.00459653,30,1487,6526.662504106359
True,0.00459738,30,1488,6525.455803087846
True,0.0046,30,1489,6521.739130434783
True,0.00460737,30,1490,6511.306884404768
True,0.00459887,30,1491,6523.341603480855
True,0.00459957,30,1492,6522.348828260033
True,0.00459893,30,1493,6523.256496619866
True,0.00459622,30,1494,6527.102706136782
True,0.00462565,30,1495,6485.575000270232
True,0.00460133,30,1496,6519.854042200842
True,0.0046131,30,1497,6503.219093451258
True,0.00460405,30,1498,6516.002215440753
True,0.00460007,30,1499,6521.639888088659
True,0.00459896,30,1500,6523.213944022126
True,0.00460236,30,1501,6518.394910437254
True,0.00460065,30,1502,6520.817710540901
True,0.00459978,30,1503,6522.051054615655
True,0.00460559,30,1504,6513.823418932211
True,0.00459839,30,1505,6524.0225383231955
True,0.00459675,30,1506,6526.35013868494
True,0.00460797,30,1507,6510.459052467789
True,0.00461053,30,1508,6506.844115535524
True,0.00460735,30,1509,6511.335149272359
True,0.00460881,30,1510,6509.272458617301
True,0.0046026,30,1511,6518.055012384304
True,0.00460026,30,1512,6521.370531230843
True,0.004604,30,1513,6516.072980017377
True,0.00460158,30,1514,6519.499823973505
True,0.00461429,30,1515,6501.541949032246
True,0.00460136,30,1516,6519.811533981258
True,0.00464026,30,1517,6465.154969764625
True,0.00460423,30,1518,6515.747475690832
True,0.00460812,30,1519,6510.2471289810155
True,0.00459868,30,1520,6523.611123191872
True,0.00461186,30,1521,6504.9676269444435
True,0.004607,30,1522,6511.829824180595
True,0.0046189,30,1523,6495.052934681418
True,0.0046022,30,1524,6518.621528834036
True,0.00460432,30,1525,6515.620113284915
True,0.00460034,30,1526,6521.257124473409
True,0.00461209,30,1527,6504.643231159843
True,0.00460177,30,1528,6519.230643860949
True,0.00460666,30,1529,6512.310437497014
True,0.00461963,30,1530,6494.0265778861085
True,0.00460519,30,1531,6514.389200011291
True,0.00460722,30,1532,6511.518876893224
True,0.00460974,30,1533,6507.959234143357
True,0.00461362,30,1534,6502.48611719214
True,0.00460984,30,1535,6507.818058761259
True,0.00461946,30,1536,6494.265563507423
True,0.00461278,30,1537,6503.670237904257
True,0.00460633,30,1538,6512.776982977773
True,0.00461049,30,1539,6506.90056805242
True,0.00463338,30,1540,6474.754930525879
True,0.00460848,30,1541,6509.7385688990735
True,0.00460181,30,1542,6519.17397719593
True,0.00461356,30,1543,6502.570682943324
True,0.0046077,30,1544,6510.840549514942
True,0.00460449,30,1545,6515.379553435885
True,0.00460366,30,1546,6516.554219903294
True,0.00460547,30,1547,6513.993142936551
True,0.00460342,30,1548,6516.893961446055
True,0.0046018,30,1549,6519.188143769829
True,0.00461885,30,1550,6495.123244963574
True,0.00460444,30,1551,6515.4503044887115
True,0.00460269,30,1552,6517.9275597531005
True,0.00460639,30,1553,6512.692151554688
True,0.00460347,30,1554,6516.823179036683
True,0.00460679,30,1555,6512.126665205055
True,0.0046152,30,1556,6500.260010400416
True,0.00460508,30,1557,6514.544807039183
True,0.00460455,30,1558,6515.294654200737
True,0.00460749,30,1559,6511.137300352253
True,0.00460523,30,1560,6514.33261748056
True,0.00461282,30,1561,6503.6138414245515
True,0.00460011,30,1562,6521.583179532663
True,0.00464395,30,1563,6460.017872716115
True,0.00461049,30,1564,6506.90056805242
True,0.00459626,30,1565,6527.0459025381515
True,0.00460008,30,1566,6521.625710857202
True,0.00460624,30,1567,6512.90423425614
True,0.00460289,30,1568,6517.644349528231
True,0.00461226,30,1569,6504.4034811567435
True,0.00459394,30,1570,6530.342146392856
True,0.00459748,30,1571,6525.313867597031
True,0.00458781,30,1572,6539.067659733075
True,0.00459511,30,1573,6528.679400493133
True,0.004593,30,1574,6531.678641410843
True,0.00460058,30,1575,6520.916927865617
True,0.00462229,30,1576,6490.289445274961
True,0.00459962,30,1577,6522.277927307039
True,0.00460458,30,1578,6515.252205412872
True,0.00459774,30,1579,6524.944864215897
True,0.00460623,30,1580,6512.918373594023
True,0.00460516,30,1581,6514.431637554396
True,0.00459619,30,1582,6527.145309484595
True,0.00461854,30,1583,6495.55920269176
True,0.00459896,30,1584,6523.213944022126
True,0.00463195,30,1585,6476.753850969893
True,0.00459281,30,1586,6531.948850485868
True,0.00459995,30,1587,6521.810019674127
True,0.00460506,30,1588,6514.573100024755
True,0.00461852,30,1589,6495.58733100647
True,0.00460851,30,1590,6509.696192478697
True,0.00460486,30,1591,6514.856043397628
True,0.00460162,30,1592,6519.443152628857
True,0.00460499,30,1593,6514.672127409614
True,0.00459799,30,1594,6524.590092627431
True,0.00460203,30,1595,6518.862328146492
True,0.00461564,30,1596,6499.640353233788
True,0.00459417,30,1597,6530.015214935451
True,0.00460003,30,1598,6521.696597630886
True,0.0046026,30,1599,6518.055012384304
True,0.00459928,30,1600,6522.760084187091
True,0.00460776,30,1601,6510.7557685296115
True,0.00462015,30,1602,6493.295672218434
True,0.00461567,30,1603,6499.598108183644
True,0.00460245,30,1604,6518.267444513248
True,0.00460939,30,1605,6508.453396219456
True,0.00460224,30,1606,6518.5648727576145
True,0.00461018,30,1607,6507.3381082734295
True,0.00462577,30,1608,6485.406753902593
True,0.00461809,30,1609,6496.192148702169
True,0.00460618,30,1610,6512.989071204339
True,0.00460859,30,1611,6509.583191388256
True,0.00461357,30,1612,6502.556588498712
True,0.00461132,30,1613,6505.729379006444
True,0.0046095,30,1614,6508.298080052066
True,0.00461634,30,1615,6498.654778460858
True,0.00461759,30,1616,6496.895566735028
True,0.00473863,30,1617,6330.943753785377
True,0.00460738,30,1618,6511.292752062994
True,0.00460673,30,1619,6512.211481897138
True,0.00460979,30,1620,6507.88864568668
True,0.00461052,30,1621,6506.858228572916
True,0.00462045,30,1622,6492.8740707073985
True,0.00460634,30,1623,6512.76284425379
True,0.00460336,30,1624,6516.978902366967
True,0.00460859,30,1625,6509.583191388256
True,0.0046067,30,1626,6512.2538910717
True,0.00460511,30,1627,6514.502368021611
True,0.00461005,30,1628,6507.521610394681
True,0.00460514,30,1629,6514.459929556973
True,0.00462632,30,1630,6484.635736395235
True,0.0045986,30,1631,6523.724611838385
True,0.00459475,30,1632,6529.190924424615
True,0.00460169,30,1633,6519.343980146424
True,0.00459882,30,1634,6523.412527561418
True,0.00464337,30,1635,6460.82478889255
True,0.00463285,30,1636,6475.495645229179
True,0.00461573,30,1637,6499.51361973079
True,0.00458462,30,1638,6543.617573539355
True,0.00459784,30,1639,6524.8029509508815
True,0.00459041,30,1640,6535.363943525742
True,0.00459104,30,1641,6534.467135986617
True,0.00460736,30,1642,6511.32101680789
True,0.00458917,30,1643,6537.129807786593
True,0.00458813,30,1644,6538.611591214722
True,0.00459968,30,1645,6522.192848198136
True,0.00459476,30,1646,6529.176714344167
True,0.00459551,30,1647,6528.111134563956
True,0.00460748,30,1648,6511.151432019239
True,0.00459224,30,1649,6532.759611866975
True,0.00460094,30,1650,6520.406699500536
True,0.00459417,30,1651,6530.015214935451
True,0.00458862,30,1652,6537.91335957216
True,0.00461648,30,1653,6498.457699372682
True,0.0045884,30,1654,6538.226832882921
True,0.0046024,30,1655,6518.338258300017
True,0.00458341,30,1656,6545.345059682639
True,0.00459159,30,1657,6533.684409975629
True,0.00458982,30,1658,6536.20403414513
True,0.00458749,30,1659,6539.5237918774765
True,0.00459657,30,1660,6526.605708169352
True,0.00459511,30,1661,6528.679400493133
True,0.00484602,30,1662,6190.647170255178
True,0.00491287,30,1663,6106.410305992221
True,0.00491007,30,1664,6109.89252699045
True,0.00491568,30,1665,6102.919636754223
True,0.00491577,30,1666,6102.807901915671
True,0.00490607,30,1667,6114.874023403661
True,0.00490925,30,1668,6110.913072261546
True,0.00489964,30,1669,6122.898825219811
True,0.00490243,30,1670,6119.4142496680215
True,0.0049235,30,1671,6093.226363359399
True,0.00490715,30,1672,6113.528219027337
True,0.00491226,30,1673,6107.16859449622
True,0.00490956,30,1674,6110.527216288221
True,0.00494379,30,1675,6068.218917065652
True,0.00490838,30,1676,6111.996218711673
True,0.00491141,30,1677,6108.225540119844
True,0.00491065,30,1678,6109.170883691569
True,0.00492001,30,1679,6097.548582218329
True,0.00491568,30,1680,6102.919636754223
True,0.00491213,30,1681,6107.330221309289
True,0.00491397,30,1682,6105.0433763331885
True,0.00469451,30,1683,6390.443305052072
True,0.00461291,30,1684,6503.486952921258
True,0.00460007,30,1685,6521.639888088659
True,0.00459886,30,1686,6523.3557881735915
True,0.00459627,30,1687,6527.031701792975
True,0.00459852,30,1688,6523.8381044336
True,0.00460059,30,1689,6520.902753777233
True,0.00459827,30,1690,6524.192794246532
True,0.00462148,30,1691,6491.426988756849
True,0.00459979,30,1692,6522.036875596495
True,0.00460121,30,1693,6520.024080622272
True,0.00460668,30,1694,6512.282164161608
True,0.00459984,30,1695,6521.965981425441
True,0.00460203,30,1696,6518.862328146492
True,0.00463073,30,1697,6478.460199579765
True,0.00460613,30,1698,6513.059770349512
True,0.00459402,30,1699,6530.228427390391
True,0.00460673,30,1700,6512.211481897138
True,0.00460169,30,1701,6519.343980146424
True,0.00460402,30,1702,6516.044674002284
True,0.00460721,30,1703,6511.533010216596
True,0.00461652,30,1704,6498.401393257259
True,0.0046026,30,1705,6518.055012384304
True,0.00460256,30,1706,6518.111659598137
True,0.00459672,30,1707,6526.392732209053
True,0.00459745,30,1708,6525.356447595949
True,0.00460266,30,1709,6517.970043409681
True,0.00460138,30,1710,6519.78319547614
True,0.00461056,30,1711,6506.801776790672
True,0.00460146,30,1712,6519.669843919104
True,0.00459939,30,1713,6522.604084454678
True,0.00460521,30,1714,6514.360908623059
True,0.0046051,30,1715,6514.516514299364
True,0.00460117,30,1716,6520.080762067039
True,0.00461775,30,1717,6496.670456391099
True,0.00460552,30,1718,6513.922423526551
True,0.00462711,30,1719,6483.52859560287
True,0.00459982,30,1720,6521.994338908914
True,0.00460885,30,1721,6509.215964937023
True,0.00460676,30,1722,6512.169073274927
True,0.00460188,30,1723,6519.074812902553
True,0.00461924,30,1724,6494.574865129329
True,0.00460396,30,1725,6516.129592785342
True,0.00460477,30,1726,6514.983375934085
True,0.0045988,30,1727,6523.440897625467
True,0.00460345,30,1728,6516.85149181592
True,0.00459572,30,1729,6527.812834550407
True,0.00460767,30,1730,6510.882940835606
True,0.00460214,30,1731,6518.706514795291
True,0.00460236,30,1732,6518.394910437254
True,0.00460643,30,1733,6512.635598500357
True,0.00459996,30,1734,6521.795841702971
True,0.00460648,30,1735,6512.56490856359
True,0.0046101,30,1736,6507.451031430989
True,0.00461417,30,1737,6501.711033620348
True,0.00459834,30,1738,6524.093477211341
True,0.00460473,30,1739,6515.039969770215
True,0.00459792,30,1740,6524.68942478338
True,0.00459851,30,1741,6523.852291285655
True,0.00462624,30,1742,6484.747873002697
True,0.00460525,30,1743,6514.3043265837905
True,0.00461335,30,1744,6502.866680394942
True,0.00460345,30,1745,6516.85149181592
True,0.00460352,30,1746,6516.752398164883
True,0.00460213,30,1747,6518.720679337611
True,0.00460829,30,1748,6510.006965707453
True,0.00460175,30,1749,6519.258977562884
True,0.00461534,30,1750,6500.0628339407285
True,0.00459899,30,1751,6523.171391979544
True,0.00460079,30,1752,6520.61928494889
True,0.00459887,30,1753,6523.341603480855
True,0.00459728,30,1754,6525.59774475342
True,0.00460032,30,1755,6521.285475792989
True,0.00459674,30,1756,6526.364336464538
True,0.00461858,30,1757,6495.502946793171
True,0.00460224,30,1758,6518.5648727576145
True,0.00460366,30,1759,6516.554219903294
True,0.00461077,30,1760,6506.505421003433
True,0.00460462,30,1761,6515.195607889467
True,0.00460611,30,1762,6513.088050437354
True,0.00461452,30,1763,6501.217894818962
True,0.00463338,30,1764,6474.754930525879
True,0.00461238,30,1765,6504.234256500982
True,0.00460371,30,1766,6516.483444873809
True,0.00459888,30,1767,6523.327418849807
True,0.00459777,30,1768,6524.9022895882135
True,0.00460776,30,1769,6510.7557685296115
True,0.00461564,30,1770,6499.640353233788
True,0.00460907,30,1771,6508.905267223106
True,0.00460268,30,1772,6517.941720910427
True,0.00460666,30,1773,6512.310437497014
True,0.00459718,30,1774,6525.739692594156
True,0.00460678,30,1775,6512.140801166975
True,0.00460342,30,1776,6516.893961446055
True,0.00461505,30,1777,6500.471284168102
True,0.00460407,30,1778,6515.973910040464
True,0.00460471,30,1779,6515.068267056992
True,0.00461024,30,1780,6507.253418477129
True,0.00460236,30,1781,6518.394910437254
True,0.00460212,30,1782,6518.734843941487
True,0.00461171,30,1783,6505.179206845183
True,0.00459982,30,1784,6521.994338908914
True,0.00460774,30,1785,6510.784028612726
True,0.00460632,30,1786,6512.791121763144
True,0.00462746,30,1787,6483.038211027216
True,0.00460461,30,1788,6515.209757178132
True,0.0046074,30,1789,6511.264487563484
True,0.0046268,30,1790,6483.96299818449
True,0.00460591,30,1791,6513.370864823672
True,0.00460127,30,1792,6519.939060302916
True,0.00460561,30,1793,6513.7951324580235
True,0.00460826,30,1794,6510.049346174043
True,0.00460273,30,1795,6517.870915739137
True,0.00461125,30,1796,6505.828137706696
True,0.00460526,30,1797,6514.290181227553
True,0.00460103,30,1798,6520.2791548848845
True,0.0046028,30,1799,6517.771791083688
True,0.0046,30,1800,6521.739130434783
True,0.00460353,30,1801,6516.738242175027
True,0.00460602,30,1802,6513.215313871847
True,0.00465263,30,1803,6447.96598912873
True,0.00459695,30,1804,6526.066196064782
True,0.00461849,30,1805,6495.629523935312
True,0.00463041,30,1806,6478.9079152818
True,0.00462502,30,1807,6486.458436936489
True,0.00459312,30,1808,6531.507994565785
True,0.0046262,30,1809,6484.803942760798
True,0.00459951,30,1810,6522.433911438392
True,0.00460405,30,1811,6516.002215440753
True,0.00460197,30,1812,6518.947320386704
True,0.00460317,30,1813,6517.247896558241
True,0.00460124,30,1814,6519.981570185428
True,0.00460348,30,1815,6516.809022739319
True,0.0046158,30,1816,6499.415052645262
True,0.00459467,30,1817,6529.304607294974
True,0.00459756,30,1818,6525.200323649937
True,0.00460311,30,1819,6517.3328467058145
True,0.0045928,30,1820,6531.963072635429
True,0.00459773,30,1821,6524.959055881924
True,0.00459893,30,1822,6523.256496619866
True,0.00460541,30,1823,6514.078008255508
True,0.00459418,30,1824,6530.001001266821
True,0.00459491,30,1825,6528.963570559597
True,0.00459631,30,1826,6526.9748994301945
True,0.00459468,30,1827,6529.290396719684
True,0.00459417,30,1828,6530.015214935451
True,0.0046163,30,1829,6498.711088967354
True,0.00459865,30,1830,6523.653680971589
True,0.00459557,30,1831,6528.025903206783
True,0.00461944,30,1832,6494.293680619296
True,0.00459963,30,1833,6522.263747301413
True,0.00459186,30,1834,6533.3002312788285
True,0.00460505,30,1835,6514.5872466097
True,0.00460777,30,1836,6510.741638580051
True,0.00459322,30,1837,6531.365795672752
True,0.00472824,30,1838,6344.855591086747
True,0.00459633,30,1839,6526.946498619551
True,0.00460219,30,1840,6518.635693007025
True,0.00460254,30,1841,6518.139983574288
True,0.00460647,30,1842,6512.579046428176
True,0.00462344,30,1843,6488.67509906044
True,0.0046164,30,1844,6498.570314530803
True,0.00461421,30,1845,6501.654671113799
True,0.00461769,30,1846,6496.754870941964
True,0.00460886,30,1847,6509.201841670174
True,0.00460895,30,1848,6509.074735026416
True,0.00462534,30,1849,6486.009677126438
True,0.00461301,30,1850,6503.345971502338
True,0.00461257,30,1851,6503.966335470248
True,0.00461092,30,1852,6506.293754825501
True,0.00460516,30,1853,6514.431637554396
True,0.00461375,30,1854,6502.302898943376
True,0.00463001,30,1855,6479.4676469381275
True,0.00464983,30,1856,6451.848777267126
True,0.00469254,30,1857,6393.1261108056615
True,0.0046905,30,1858,6395.906619763351
True,0.00469112,30,1859,6395.061307321066
True,0.00465032,30,1860,6451.168951814068
True,0.00461566,30,1861,6499.612189806008
True,0.00462502,30,1862,6486.458436936489
True,0.00460535,30,1863,6514.162875785771
True,0.0046076,30,1864,6510.981856063894
True,0.00461039,30,1865,6507.041703630279
True,0.00461285,30,1866,6503.571544706635
True,0.00460724,30,1867,6511.490610430539
True,0.00461872,30,1868,6495.306058821492
True,0.00460947,30,1869,6508.340438271645
True,0.00459909,30,1870,6523.029555846917
True,0.00460831,30,1871,6509.978712369611
True,0.00460202,30,1872,6518.876493365957
True,0.00460757,30,1873,6511.024249224645
True,0.00461454,30,1874,6501.189717718342
True,0.00462117,30,1875,6491.862450418401
True,0.0046076,30,1876,6510.981856063894
True,0.00464616,30,1877,6456.945090138954
True,0.00460815,30,1878,6510.20474593926
True,0.00460837,30,1879,6509.893953827493
True,0.00460618,30,1880,6512.989071204339
True,0.0046201,30,1881,6493.365944460076
True,0.00461066,30,1882,6506.660651620376
True,0.00460789,30,1883,6510.572083969018
True,0.00459543,30,1884,6528.224779835619
True,0.00460605,30,1885,6513.1728921744225
True,0.00460746,30,1886,6511.179695537237
True,0.00461167,30,1887,6505.235630476595
True,0.00462563,30,1888,6485.6030421802
True,0.00460975,30,1889,6507.945116329519
True,0.00460928,30,1890,6508.608719800055
True,0.00461152,30,1891,6505.447227812088
True,0.00461204,30,1892,6504.7137492302745
True,0.00461757,30,1893,6496.923706624913
True,0.00462606,30,1894,6485.000194550005
True,0.00461392,30,1895,6502.063321427333
True,0.00461299,30,1896,6503.374167297133
True,0.00461066,30,1897,6506.660651620376
True,0.00460824,30,1898,6510.077600124993
True,0.00460531,30,1899,6514.2194553678255
True,0.00468298,30,1900,6406.177263195657
True,0.00462046,30,1901,6492.86001826658
True,0.00460273,30,1902,6517.870915739137
True,0.00460549,30,1903,6513.964854988285
True,0.00461101,30,1904,6506.166761728993
True,0.00460897,30,1905,6509.046489779712
True,0.00460809,30,1906,6510.2895125746245
True,0.00462114,30,1907,6491.904594970072
True,0.00460459,30,1908,6515.238055939833
True,0.00461295,30,1909,6503.430559620199
True,0.0046093,30,1910,6508.580478597618
True,0.0046066,30,1911,6512.395258976252
True,0.00460795,30,1912,6510.487309975151
True,0.00460774,30,1913,6510.784028612726
True,0.00461866,30,1914,6495.390437919224
True,0.00461421,30,1915,6501.654671113799
True,0.00460398,30,1916,6516.101286278395
True,0.00460632,30,1917,6512.791121763144
True,0.00460814,30,1918,6510.218873558529
True,0.00460518,30,1919,6514.403345797557
True,0.0046231,30,1920,6489.152300404491
True,0.00460896,30,1921,6509.060612372423
True,0.00462531,30,1922,6486.051745720828
True,0.00460598,30,1923,6513.27187699469
True,0.0046033,30,1924,6517.063845502139
True,0.00461082,30,1925,6506.434864080576
True,0.00461137,30,1926,6505.658838913381
True,0.00462164,30,1927,6491.202257207398
True,0.00462084,30,1928,6492.326070584569
True,0.00462055,30,1929,6492.73354903637
True,0.00462159,30,1930,6491.272484145067
True,0.00462652,30,1931,6484.355411843027
True,0.0046178,30,1932,6496.600112607735
True,0.00462998,30,1933,6479.509630711148
True,0.00461772,30,1934,6496.712663392324
True,0.00461286,30,1935,6503.55744592292
True,0.00462126,30,1936,6491.73602004648
True,0.00460963,30,1937,6508.114534138314
True,0.00461268,30,1938,6503.811233382762
True,0.00461345,30,1939,6502.72572586676
True,0.00462904,30,1940,6480.825397922679
True,0.00461199,30,1941,6504.784268829724
True,0.00461186,30,1942,6504.9676269444435
True,0.00461036,30,1943,6507.084045497531
True,0.00461199,30,1944,6504.784268829724
True,0.00463651,30,1945,6470.383974152973
True,0.00461925,30,1946,6494.56080532554
True,0.00461353,30,1947,6502.612966643763
True,0.00461082,30,1948,6506.434864080576
True,0.00460898,30,1949,6509.032367248285
True,0.00461139,30,1950,6505.63062330447
True,0.00460688,30,1951,6511.999444309381
True,0.00460244,30,1952,6518.281607147513
True,0.00463117,30,1953,6477.844691514239
True,0.00460178,30,1954,6519.216477102339
True,0.00460604,30,1955,6513.187032678831
True,0.00460452,30,1956,6515.337103541738
True,0.00460829,30,1957,6510.006965707453
True,0.00460234,30,1958,6518.4232368751545
True,0.00461867,30,1959,6495.376374584025
True,0.00460268,30,1960,6517.941720910427
True,0.00460574,30,1961,6513.611276363842
True,0.0045993,30,1962,6522.731720044355
True,0.00460308,30,1963,6517.375322610079
True,0.00460012,30,1964,6521.56900254776
True,0.00461177,30,1965,6505.09457323327
True,0.00461694,30,1966,6497.810237949811
True,0.00462494,30,1967,6486.570636592042
True,0.00461016,30,1968,6507.366338695403
True,0.00461008,30,1969,6507.47926283275
True,0.00460953,30,1970,6508.255722383844
True,0.00460463,30,1971,6515.1814586622595
True,0.00459757,30,1972,6525.186130934386
True,0.00462234,30,1973,6490.219239605914
True,0.00460742,30,1974,6511.236223309357
True,0.00463365,30,1975,6474.377650448351
True,0.00463173,30,1976,6477.061486744694
True,0.00462035,30,1977,6493.014598461156
True,0.00458436,30,1978,6543.98869198754
True,0.00459643,30,1979,6526.80449827366
True,0.00458356,30,1980,6545.130858982973
True,0.00458315,30,1981,6545.716374109509
True,0.00459252,30,1982,6532.361317969219
True,0.00459027,30,1983,6535.563267520211
True,0.00458841,30,1984,6538.212583443938
True,0.00459411,30,1985,6530.1004982466675
True,0.00461208,30,1986,6504.657334651611
True,0.00460232,30,1987,6518.451563559248
True,0.00459612,30,1988,6527.244719459021
True,0.00459351,30,1989,6530.953453894734
True,0.00462603,30,1990,6485.042250050259
True,0.00459833,30,1991,6524.107665174095
True,0.00461487,30,1992,6500.724830818636
True,0.00459739,30,1993,6525.441609260907
True,0.00460036,30,1994,6521.228773400342
True,0.00460085,30,1995,6520.534249106144
True,0.00459961,30,1996,6522.292107374321
True,0.00459379,30,1997,6530.5553801980495
True,0.00459409,30,1998,6530.128926512105
True,0.00461245,30,1999,6504.1355461847825
True,0.00461194,30,2000,6504.854789958239
True,0.00459249,30,2001,6532.403989992356
True,0.00460404,30,2002,6516.016368233117
True,0.00459718,30,2003,6525.739692594156
True,0.00459975,30,2004,6522.093592043047
True,0.00459259,30,2005,6532.261752083247
True,0.00461329,30,2006,6502.951256045035
True,0.00460329,30,2007,6517.078002906616
True,0.00459549,30,2008,6528.139545510925
True,0.00460038,30,2009,6521.200422573787
True,0.0045971,30,2010,6525.853255313133
True,0.00460035,30,2011,6521.242948906062
True,0.00463449,30,2012,6473.204171332768
True,0.00461275,30,2013,6503.712535905914
True,0.0046003,30,2014,6521.313827359086
True,0.00460821,30,2015,6510.1199815112595
True,0.00461025,30,2016,6507.239303725395
True,0.00462955,30,2017,6480.111457917077
True,0.00460412,30,2018,6515.903147615614
True,0.00461484,30,2019,6500.767090516681
True,0.00460329,30,2020,6517.078002906616
True,0.00460856,30,2021,6509.625566337424
True,0.00460186,30,2022,6519.103145249964
True,0.00460312,30,2023,6517.318688194095
True,0.00459741,30,2024,6525.413221792271
True,0.0046056,30,2025,6513.809275664409
True,0.00461235,30,2026,6504.276561839409
True,0.0046004,30,2027,6521.172071993739
True,0.00460047,30,2028,6521.0728469047735
True,0.00459885,30,2029,6523.369972928015
True,0.00460134,30,2030,6519.839872732726
True,0.00460032,30,2031,6521.285475792989
True,0.00461364,30,2032,6502.4579290972
True,0.0045994,30,2033,6522.58990303083
True,0.00460121,30,2034,6520.024080622272
True,0.00462257,30,2035,6489.896313089904
True,0.00459829,30,2036,6524.1644176422105
True,0.00460491,30,2037,6514.785305250265
True,0.00460231,30,2038,6518.465726993618
True,0.00461968,30,2039,6493.956291344854
True,0.00460627,30,2040,6512.861816610837
True,0.0046042,30,2041,6515.789930932627
True,0.00460273,30,2042,6517.870915739137
True,0.00460935,30,2043,6508.509876663738
True,0.00461389,30,2044,6502.105598529657
True,0.00462093,30,2045,6492.199622153982
True,0.00460287,30,2046,6517.6726694431945
True,0.0045962,30,2047,6527.131108306862
True,0.00460809,30,2048,6510.2895125746245
True,0.00459906,30,2049,6523.07210603906
True,0.00459749,30,2050,6525.2996743875465
True,0.00460613,30,2051,6513.059770349512
True,0.00460716,30,2052,6511.603677753757
True,0.00461049,30,2053,6506.90056805242
True,0.00460008,30,2054,6521.625710857202
True,0.00461554,30,2055,6499.781174033808
True,0.00460896,30,2056,6509.060612372423
True,0.00461265,30,2057,6503.853533218432
True,0.00464543,30,2058,6457.959758300093
True,0.00461201,30,2059,6504.7560608064605
True,0.0047585,30,2060,6304.507723021961
True,0.00461971,30,2061,6493.914120150399
True,0.00461652,30,2062,6498.401393257259
True,0.00461355,30,2063,6502.584777449036
True,0.00461234,30,2064,6504.290663741181
True,0.00462553,30,2065,6485.743255367493
True,0.00461206,30,2066,6504.685541818623
True,0.0046112,30,2067,6505.898681471201
True,0.00460902,30,2068,6508.975877735397
True,0.00460581,30,2069,6513.512281227406
True,0.00460537,30,2070,6514.1345863633105
True,0.0046283,30,2071,6481.861590648834
True,0.00460717,30,2072,6511.589544123616
True,0.00461187,30,2073,6504.953522107085
True,0.00460734,30,2074,6511.349281798175
True,0.00461702,30,2075,6497.69764913299
True,0.00460997,30,2076,6507.634539921084
True,0.00461037,30,2077,6507.069931480553
True,0.00461871,30,2078,6495.320121852205
True,0.00460491,30,2079,6514.785305250265
True,0.00462815,30,2080,6482.071670105765
True,0.00460846,30,2081,6509.766820152502
True,0.00460966,30,2082,6508.072178859178
True,0.00461577,30,2083,6499.457295315841
True,0.00462401,30,2084,6487.875242484338
True,0.00461844,30,2085,6495.699846701484
True,0.00460918,30,2086,6508.749929488542
True,0.00461181,30,2087,6505.038152048762
True,0.00461019,30,2088,6507.323993154295
True,0.00461266,30,2089,6503.839433212072
True,0.00460806,30,2090,6510.331896720095
True,0.00461993,30,2091,6493.604881459242
True,0.00460159,30,2092,6519.485656044976
True,0.00460709,30,2093,6511.702614882713
True,0.00459996,30,2094,6521.795841702971
True,0.00460948,30,2095,6508.326318803856
True,0.00460329,30,2096,6517.078002906616
True,0.00463114,30,2097,6477.886654257915
True,0.0046104,30,2098,6507.027589796981
True,0.00460879,30,2099,6509.300705825173
True,0.00460977,30,2100,6507.9168808855975
True,0.00461887,30,2101,6495.095120668043
True,0.00461203,30,2102,6504.727853027843
True,0.00463544,30,2103,6471.877534818701
True,0.00464004,30,2104,6465.461504642201
True,0.00461914,30,2105,6494.715466515412
True,0.00460839,30,2106,6509.865701470578
True,0.00461082,30,2107,6506.434864080576
True,0.00461571,30,2108,6499.541782304347
True,0.00462339,30,2109,6488.745271326884
True,0.0046315,30,2110,6477.383137212566
True,0.00460736,30,2111,6511.32101680789
True,0.00460212,30,2112,6518.734843941487
True,0.00460824,30,2113,6510.077600124993
True,0.00460612,30,2114,6513.073910362735
True,0.0046035,30,2115,6516.780710329098
True,0.00460401,30,2116,6516.05882697909
True,0.00477473,30,2117,6283.077786597358
True,0.00491918,30,2118,6098.577405177285
True,0.00491487,30,2119,6103.925434446893
True,0.0049344,30,2120,6079.76653696498
True,0.00494105,30,2121,6071.583975066029
True,0.00491724,30,2122,6100.98347853674
True,0.00491398,30,2123,6105.030952506929
True,0.00492363,30,2124,6093.065482174737
True,0.004951,30,2125,6059.38194304181
True,0.00493183,30,2126,6082.934732137969
True,0.00491668,30,2127,6101.678368329849
True,0.00491626,30,2128,6102.199639563408
True,0.00491708,30,2129,6101.182002326585
True,0.00493495,30,2130,6079.088947203113
True,0.00491734,30,2131,6100.859407728569
True,0.00491794,30,2132,6100.11508883801
True,0.00491007,30,2133,6109.89252699045
True,0.00492409,30,2134,6092.49627850019
True,0.00491678,30,2135,6101.554269257523
True,0.0049139,30,2136,6105.130344532856
True,0.00490966,30,2137,6110.402757013724
True,0.00491504,30,2138,6103.71431361698
True,0.00492683,30,2139,6089.108006568118
True,0.00491884,30,2140,6098.998950972181
True,0.00491236,30,2141,6107.044271999609
True,0.00491796,30,2142,6100.090281336164
True,0.00493382,30,2143,6080.481249822652
True,0.00490699,30,2144,6113.727560072468
True,0.00493869,30,2145,6074.485339229634
True,0.00497386,30,2146,6031.532853759454
True,0.00495275,30,2147,6057.240926757862
True,0.00491442,30,2148,6104.4843542066
True,0.0049259,30,2149,6090.257617897237
True,0.0049163,30,2150,6102.149990846775
True,0.00491293,30,2151,6106.335730409348
True,0.004931,30,2152,6083.958629081323
True,0.00491682,30,2153,6101.504631042016
True,0.0049153,30,2154,6103.391451183041
True,0.00491258,30,2155,6106.770780323171
True,0.00492783,30,2156,6087.872349492575
True,0.00491261,30,2157,6106.7334879015425
True,0.00491003,30,2158,6109.942301778196
True,0.00491668,30,2159,6101.678368329849
True,0.00493279,30,2160,6081.750895537819
True,0.00491839,30,2161,6099.556968845496
True,0.00491413,30,2162,6104.844601180677
True,0.00490814,30,2163,6112.295085307265
True,0.00491247,30,2164,6106.907523099378
True,0.00492774,30,2165,6087.983538092513
True,0.00491538,30,2166,6103.292115767245
True,0.00493504,30,2167,6078.978083257684
True,0.00491276,30,2168,6106.547032625244
True,0.00492708,30,2169,6088.79904527631
True,0.0049144,30,2170,6104.509197460524
True,0.00492128,30,2171,6095.975030886273
True,0.00492057,30,2172,6096.854632694993
True,0.00493046,30,2173,6084.624963999302
True,0.00491999,30,2174,6097.5733690515635
True,0.00490379,30,2175,6117.717112682231
True,0.00490893,30,2176,6111.311426318975
True,0.00492068,30,2177,6096.718339741661
True,0.00493153,30,2178,6083.304775597026
True,0.0049143,30,2179,6104.633416763323
True,0.00491709,30,2180,6101.16959421121
True,0.00492139,30,2181,6095.838777256019
True,0.00493973,30,2182,6073.206430310968
True,0.00492132,30,2183,6095.925483406891
True,0.00492519,30,2184,6091.13557040439
True,0.00493456,30,2185,6079.56940436432
True,0.00494277,30,2186,6069.471166977221
True,0.00492567,30,2187,6090.541997332342
True,0.00494625,30,2188,6065.2009097801365
True,0.00491803,30,2189,6100.003456668625
True,0.00491772,30,2190,6100.387984675825
True,0.00468257,30,2191,6406.738180101953
True,0.00461309,30,2192,6503.23319076801
True,0.00461005,30,2193,6507.521610394681
True,0.00461587,30,2194,6499.316488549287
True,0.00460901,30,2195,6508.990000021697
True,0.00461282,30,2196,6503.6138414245515
True,0.00462594,30,2197,6485.168419823863
True,0.00460622,30,2198,6512.9325129933
True,0.00461217,30,2199,6504.530405427381
True,0.00462175,30,2200,6491.047763293125
True,0.00460782,30,2201,6510.670989752203
True,0.004608,30,2202,6510.416666666666
True,0.0046121,30,2203,6504.629127729234
True,0.00462349,30,2204,6488.60492831173
True,0.00460349,30,2205,6516.794866503457
True,0.0046005,30,2206,6521.030322791001
True,0.00461091,30,2207,6506.307865475578
True,0.00461659,30,2208,6498.302859903089
True,0.00460753,30,2209,6511.080774297725
True,0.00464319,30,2210,6461.0752521434615
True,0.00461086,30,2211,6506.378419644058
True,0.00460239,30,2212,6518.352421242007
True,0.00460948,30,2213,6508.326318803856
True,0.0046076,30,2214,6510.981856063894
True,0.00460587,30,2215,6513.427430648282
True,0.0046007,30,2216,6520.746842871737
True,0.00461205,30,2217,6504.699645493869
True,0.00460363,30,2218,6516.596685658926
True,0.00460525,30,2219,6514.3043265837905
True,0.00460615,30,2220,6513.031490507256
True,0.00460616,30,2221,6513.017350678222
True,0.00460924,30,2222,6508.665202940181
True,0.00463142,30,2223,6477.495023124658
True,0.00461421,30,2224,6501.654671113799
True,0.0046141,30,2225,6501.80967035825
True,0.00461053,30,2226,6506.844115535524
True,0.00461788,30,2227,6496.4875657227985
True,0.00461197,30,2228,6504.812477097639
True,0.00461402,30,2229,6501.922401723443
True,0.0046293,30,2230,6480.46140885231
True,0.00461212,30,2231,6504.60092105149
True,0.00460384,30,2232,6516.299436991729
True,0.00463415,30,2233,6473.679099727026
True,0.0046132,30,2234,6503.078123645193
True,0.00460506,30,2235,6514.573100024755
True,0.00477201,30,2236,6286.659080764709
True,0.00461269,30,2237,6503.79713355981
True,0.00461062,30,2238,6506.717100953884
True,0.00460096,30,2239,6520.378355821394
True,0.00460218,30,2240,6518.6498572415685
True,0.00460241,30,2241,6518.3240954195735
True,0.00460744,30,2242,6511.207959300609
True,0.00461638,30,2243,6498.598468930201
True,0.00460211,30,2244,6518.749008606921
True,0.00460653,30,2245,6512.494220161379
True,0.00460607,30,2246,6513.144611349805
True,0.00460152,30,2247,6519.584832837845
True,0.00460875,30,2248,6509.357200976404
True,0.00462432,30,2249,6487.440315549096
True,0.00460778,30,2250,6510.727508691822
True,0.0046152,30,2251,6500.260010400416
True,0.00461434,30,2252,6501.471499716103
True,0.00461189,30,2253,6504.925312615868
True,0.00461947,30,2254,6494.251505042786
True,0.00461273,30,2255,6503.740734879345
True,0.00464942,30,2256,6452.41772092003
True,0.00461372,30,2257,6502.345179161284
True,0.00461391,30,2258,6502.077413733688
True,0.00461232,30,2259,6504.318867728172
True,0.00461361,30,2260,6502.500211331258
True,0.00460987,30,2261,6507.7757073409875
True,0.004623,30,2262,6489.292667099286
True,0.00461288,30,2263,6503.5292485388745
True,0.00460323,30,2264,6517.162948625205
True,0.00461209,30,2265,6504.643231159843
True,0.00461237,30,2266,6504.24835821931
True,0.00460987,30,2267,6507.7757073409875
True,0.00461308,30,2268,6503.247288145881
True,0.00463148,30,2269,6477.411108328223
True,0.00461069,30,2270,6506.618315263008
True,0.00461963,30,2271,6494.0265778861085
True,0.00461518,30,2272,6500.288179442622
True,0.00461512,30,2273,6500.372688034114
True,0.00460776,30,2274,6510.7557685296115
True,0.00461762,30,2275,6496.853357357253
True,0.0046106,30,2276,6506.74532598794
True,0.00474359,30,2277,6324.3239824689745
True,0.0046288,30,2278,6481.161424127204
True,0.00461106,30,2279,6506.0962121507855
True,0.00460951,30,2280,6508.283960768064
True,0.00462202,30,2281,6490.668582135084
True,0.00460994,30,2282,6507.676889503985
True,0.00460147,30,2283,6519.655675251604
True,0.0046064,30,2284,6512.678013199027
True,0.00461266,30,2285,6503.839433212072
True,0.00460563,30,2286,6513.766846229506
True,0.0046094,30,2287,6508.4392762615535
True,0.00462532,30,2288,6486.037722795396
True,0.0046083,30,2289,6509.992839007877
True,0.00461081,30,2290,6506.448975342727
True,0.00461039,30,2291,6507.041703630279
True,0.00461627,30,2292,6498.753322487637
True,0.00461037,30,2293,6507.069931480553
True,0.00460868,30,2294,6509.456069850803
True,0.00462682,30,2295,6483.9349704548695
True,0.00460627,30,2296,6512.861816610837
True,0.00460891,30,2297,6509.131226255232
True,0.00461162,30,2298,6505.306161392308
True,0.00460816,30,2299,6510.190618381306
True,0.00461038,30,2300,6507.0558175248025
True,0.00464743,30,2301,6455.180605194699
True,0.00460622,30,2302,6512.9325129933
True,0.00461194,30,2303,6504.854789958239
True,0.00460447,30,2304,6515.4078536726265
True,0.00460575,30,2305,6513.597134017262
True,0.00460149,30,2306,6519.627338101354
True,0.00459873,30,2307,6523.54019479291
True,0.00462398,30,2308,6487.917335282593
True,0.00460287,30,2309,6517.6726694431945
True,0.00459892,30,2310,6523.270680942482
True,0.00460887,30,2311,6509.187718464613
True,0.00459815,30,2312,6524.36305905636
True,0.00460276,30,2313,6517.828433374758
True,0.00461322,30,2314,6503.049930417365
True,0.00462277,30,2315,6489.615533543741
True,0.00463168,30,2316,6477.131408042006
True,0.00461005,30,2317,6507.521610394681
True,0.00458648,30,2318,6540.963876436831
True,0.00459283,30,2319,6531.920406372542
True,0.00460005,30,2320,6521.668242736492
True,0.00460758,30,2321,6511.010118109723
True,0.00459404,30,2322,6530.199998258614
True,0.00461538,30,2323,6500.006500006501
True,0.00459481,30,2324,6529.105664869711
True,0.00459808,30,2325,6524.462384299533
True,0.00459529,30,2326,6528.423668582396
True,0.00459088,30,2327,6534.694873314048
True,0.00460581,30,2328,6513.512281227406
True,0.00459442,30,2329,6529.65989178177
True,0.00459159,30,2330,6533.684409975629
True,0.00459588,30,2331,6527.585576646909
True,0.00459006,30,2332,6535.862276310114
True,0.00459684,30,2333,6526.2223614483
True,0.0046075,30,2334,6511.12316874661
True,0.00459405,30,2335,6530.18578378555
True,0.00459778,30,2336,6524.888098169116
True,0.00459503,30,2337,6528.793065551259
True,0.00459923,30,2338,6522.830995623181
True,0.00459963,30,2339,6522.263747301413
True,0.0045966,30,2340,6526.563111865292
True,0.0046113,30,2341,6505.757595471993
True,0.0045918,30,2342,6533.385600418136
True,0.00459236,30,2343,6532.5889085350445
True,0.00458966,30,2344,6536.43189255849
True,0.00459712,30,2345,6525.824864262843
True,0.00461545,30,2346,6499.907917971162
True,0.00459283,30,2347,6531.920406372542
True,0.00461021,30,2348,6507.295763099729
True,0.00459176,30,2349,6533.442514417129
True,0.0045915,30,2350,6533.812479581836
True,0.00458765,30,2351,6539.295717851187
True,0.00459231,30,2352,6532.66003383918
True,0.00459043,30,2353,6535.335469661883
True,0.00460627,30,2354,6512.861816610837
True,0.00460158,30,2355,6519.499823973505
True,0.00459856,30,2356,6523.781357642392
True,0.00459857,30,2357,6523.767171098842
True,0.00459781,30,2358,6524.845524282213
True,0.00460109,30,2359,6520.194127913168
True,0.00460476,30,2360,6514.99752430094
True,0.0046226,30,2361,6489.8541946090945
True,0.00460241,30,2362,6518.3240954195735
True,0.00460398,30,2363,6516.101286278395
True,0.00460132,30,2364,6519.868211730547
True,0.00460576,30,2365,6513.582991732092
True,0.00459949,30,2366,6522.462272991135
True,0.00461089,30,2367,6506.33608695935
True,0.0046417,30,2368,6463.149277204472
True,0.00460692,30,2369,6511.942903284625
True,0.00461143,30,2370,6505.574192820883
True,0.00460256,30,2371,6518.111659598137
True,0.00460191,30,2372,6519.032314843185
True,0.0046022,30,2373,6518.621528834036
True,0.00460912,30,2374,6508.834658242788
True,0.00460294,30,2375,6517.573550817521
True,0.00459701,30,2376,6525.981018096545
True,0.00459711,30,2377,6525.839059757109
True,0.00459873,30,2378,6523.54019479291
True,0.00461403,30,2379,6501.908310089011
True,0.00460283,30,2380,6517.72931001145
True,0.00462232,30,2381,6490.247321691272
True,0.00459371,30,2382,6530.669110588174
True,0.00460127,30,2383,6519.939060302916
True,0.00460307,30,2384,6517.38948136787
True,0.00459966,30,2385,6522.221207654478
True,0.00460043,30,2386,6521.129546585863
True,0.0046155,30,2387,6499.837504062399
True,0.00460817,30,2388,6510.176490884668
True,0.00459307,30,2389,6531.57909633426
True,0.00459397,30,2390,6530.299501302795
True,0.00462427,30,2391,6487.510461110619
True,0.00459236,30,2392,6532.5889085350445
True,0.00459836,30,2393,6524.065101470959
True,0.00460705,30,2394,6511.759151734842
True,0.00460096,30,2395,6520.378355821394
True,0.00459649,30,2396,6526.719301031874
True,0.00460006,30,2397,6521.654065381756
True,0.00459927,30,2398,6522.774266350964
True,0.00460762,30,2399,6510.953594263417
True,0.00460192,30,2400,6519.018148946527
True,0.00461046,30,2401,6506.942908082924
True,0.00460175,30,2402,6519.258977562884
True,0.00459753,30,2403,6525.242902167033
True,0.00459292,30,2404,6531.792410928124
True,0.00459278,30,2405,6531.991517120349
True,0.00459246,30,2406,6532.446662573001
True,0.00461109,30,2407,6506.05388313826
True,0.00485198,30,2408,6183.042799022255
True,0.00490938,30,2409,6110.751255759384
True,0.00490383,30,2410,6117.667211139049
True,0.00491403,30,2411,6104.968834134102
True,0.00492256,30,2412,6094.389910940648
True,0.0049299,30,2413,6085.316132173066
True,0.00490539,30,2414,6115.721685737525
True,0.00491439,30,2415,6104.5216191633135
True,0.0049223,30,2416,6094.711821709363
True,0.00490869,30,2417,6111.61022594623
True,0.00491388,30,2418,6105.155193045008
True,0.00491493,30,2419,6103.850919545142
True,0.00490851,30,2420,6111.834344841918
True,0.00492276,30,2421,6094.142310411233
True,0.00491323,30,2422,6105.962879816332
True,0.00491234,30,2423,6107.069136094
True,0.00491473,30,2424,6104.099309626368
True,0.00493176,30,2425,6083.021071584992
True,0.00490685,30,2426,6113.901994151034
True,0.00491067,30,2427,6109.146002480314
True,0.00491388,30,2428,6105.155193045008
True,0.00492305,30,2429,6093.783325377561
True,0.00490409,30,2430,6117.342870950574
True,0.00490693,30,2431,6113.802316315904
True,0.00490987,30,2432,6110.141409039343
True,0.00491503,30,2433,6103.726732085053
True,0.00494152,30,2434,6071.006491929609
True,0.00490519,30,2435,6115.9710429157685
True,0.00490626,30,2436,6114.637218573822
True,0.00490545,30,2437,6115.646882549002
True,0.00491894,30,2438,6098.874960865553
True,0.00490462,30,2439,6116.68182244496
True,0.00491935,30,2440,6098.366654131135
True,0.00490563,30,2441,6115.422483962304
True,0.00491879,30,2442,6099.060947916052
True,0.0049139,30,2443,6105.130344532856
True,0.0049148,30,2444,6104.012370798404
True,0.00490787,30,2445,6112.631345166029
True,0.00491355,30,2446,6105.565222700491
True,0.00492278,30,2447,6094.117551464823
True,0.00491134,30,2448,6108.312599005567
True,0.00490999,30,2449,6109.992077376939
True,0.00491004,30,2450,6109.92985800523
True,0.00492168,30,2451,6095.4795923343245
True,0.00490569,30,2452,6115.3476880928065
True,0.00490702,30,2453,6113.690182636305
True,0.00490418,30,2454,6117.230607359436
True,0.00491388,30,2455,6105.155193045008
True,0.00494574,30,2456,6065.826347523323
True,0.00491016,30,2457,6109.780536683122
True,0.00490942,30,2458,6110.701467790493
True,0.00491267,30,2459,6106.658904424681
True,0.00492157,30,2460,6095.615829907936
True,0.00491061,30,2461,6109.220646722098
True,0.00491486,30,2462,6103.937853774065
True,0.00491014,30,2463,6109.805423063293
True,0.00492209,30,2464,6094.971851388334
True,0.00491765,30,2465,6100.474820290179
True,0.00490796,30,2466,6112.519254435651
True,0.00491405,30,2467,6104.943987138919
True,0.00491398,30,2468,6105.030952506929
True,0.0049212,30,2469,6096.0741282614
True,0.00491532,30,2470,6103.366617025951
True,0.00490857,30,2471,6111.759636717007
True,0.00491511,30,2472,6103.627385755354
True,0.00492422,30,2473,6092.335435865984
True,0.00491481,30,2474,6103.999951168
True,0.0049188,30,2475,6099.048548426445
True,0.00490967,30,2476,6110.390311365123
True,0.00494286,30,2477,6069.360653548755
True,0.0049157,30,2478,6102.8948064365195
True,0.00490989,30,2479,6110.116519922035
True,0.00491038,30,2480,6109.506799881068
True,0.0049086,30,2481,6111.722283339445
True,0.00466587,30,2482,6429.669064933228
True,0.00460636,30,2483,6512.734566989987
True,0.00460469,30,2484,6515.096564589582
True,0.004617,30,2485,6497.725795971411
True,0.00463458,30,2486,6473.078466657173
True,0.00461591,30,2487,6499.260167550927
True,0.00461547,30,2488,6499.879752224584
True,0.00460532,30,2489,6514.205310380168
True,0.00459941,30,2490,6522.575721668649
True,0.00460219,30,2491,6518.635693007025
True,0.00459514,30,2492,6528.636777116692
True,0.00458838,30,2493,6538.255331947223
True,0.0045981,30,2494,6524.434005350036
True,0.00473687,30,2495,6333.2960372566695
True,0.00460508,30,2496,6514.544807039183
True,0.00459658,30,2497,6526.591509339552
True,0.00459245,30,2498,6532.460886890441
True,0.00461955,30,2499,6494.139039516836
True,0.00459587,30,2500,6527.599779802301
True,0.00460717,30,2501,6511.589544123616
True,0.00459499,30,2502,6528.849899564525
True,0.00459872,30,2503,6523.554380349315
True,0.004594,30,2504,6530.2568567697
True,0.00459043,30,2505,6535.335469661883
True,0.00460128,30,2506,6519.924890465261
True,0.00459396,30,2507,6530.313716270929
True,0.00460821,30,2508,6510.1199815112595
True,0.00459057,30,2509,6535.136159561884
True,0.00459419,30,2510,6529.9867876600665
True,0.00459868,30,2511,6523.611123191872
True,0.00459679,30,2512,6526.2933481842765
True,0.00459594,30,2513,6527.50035901252
True,0.00458467,30,2514,6543.54620943274
True,0.00462284,30,2515,6489.517266442274
True,0.00458864,30,2516,6537.884863488965
True,0.00458878,30,2517,6537.685397861741
True,0.00459301,30,2518,6531.6644204998465
True,0.00458826,30,2519,6538.426331550522
True,0.00460193,30,2520,6519.003983111434
True,0.00459991,30,2521,6521.8667321751955
True,0.00463549,30,2522,6471.807726906972
True,0.00460377,30,2523,6516.398516867697
True,0.00460158,30,2524,6519.499823973505
True,0.00461176,30,2525,6505.108678682324
True,0.00460842,30,2526,6509.823323395003
True,0.00460761,30,2527,6510.967725132987
True,0.00462539,30,2528,6485.939564015142
True,0.00460822,30,2529,6510.105854321192
True,0.00460373,30,2530,6516.455135292469
True,0.00460609,30,2531,6513.116330770784
True,0.00460527,30,2532,6514.276035932747
True,0.00460768,30,2533,6510.868810334051
True,0.00461069,30,2534,6506.618315263008
True,0.00462476,30,2535,6486.823100009514
True,0.00460365,30,2536,6516.568375093676
True,0.00460447,30,2537,6515.4078536726265
True,0.00460652,30,2538,6512.508357719059
True,0.0046056,30,2539,6513.809275664409
True,0.00460087,30,2540,6520.505904318096
True,0.00461221,30,2541,6504.473994028893
True,0.00460664,30,2542,6512.338711077922
True,0.00460591,30,2543,6513.370864823672
True,0.00462282,30,2544,6489.545342453308
True,0.00460589,30,2545,6513.399147613165
True,0.00459853,30,2546,6523.823917643247
True,0.00460376,30,2547,6516.412671381653
True,0.00461467,30,2548,6501.006572517645
True,0.00460427,30,2549,6515.690869562385
True,0.00460068,30,2550,6520.775189754558
True,0.00460265,30,2551,6517.98420475161
True,0.00460525,30,2552,6514.3043265837905
True,0.00460447,30,2553,6515.4078536726265
True,0.00461209,30,2554,6504.643231159843
True,0.00460298,30,2555,6517.51691295639
True,0.00459978,30,2556,6522.051054615655
True,0.00460339,30,2557,6516.936431629734
True,0.00460013,30,2558,6521.554825624493
True,0.00460142,30,2559,6519.726519204941
True,0.00459617,30,2560,6527.1737120254475
True,0.00462151,30,2561,6491.384850406037
True,0.00459754,30,2562,6525.22870926626
True,0.00460891,30,2563,6509.131226255232
True,0.00460049,30,2564,6521.04449743397
True,0.00461203,30,2565,6504.727853027843
True,0.00460987,30,2566,6507.7757073409875
True,0.00462616,30,2567,6484.860013488509
True,0.00461762,30,2568,6496.853357357253
True,0.00461045,30,2569,6506.957021548872
True,0.00461039,30,2570,6507.041703630279
True,0.00460792,30,2571,6510.529696696123
True,0.00461302,30,2572,6503.331873696624
True,0.00460365,30,2573,6516.568375093676
True,0.00462062,30,2574,6492.635187485663
True,0.00461248,30,2575,6504.093242680727
True,0.00461342,30,2576,6502.768011583597
True,0.00461394,30,2577,6502.03513699788
True,0.00460517,30,2578,6514.41749164526
True,0.00460732,30,2579,6511.3775470338505
True,0.00460518,30,2580,6514.403345797557
True,0.00461848,30,2581,6495.643588366735
True,0.00460351,30,2582,6516.7665542162395
True,0.00460383,30,2583,6516.313591075257
True,0.00459576,30,2584,6527.756018591049
True,0.00461046,30,2585,6506.942908082924
True,0.00460453,30,2586,6515.322953699943
True,0.00462073,30,2587,6492.4806253557335
True,0.00460277,30,2588,6517.814272709695
True,0.00462959,30,2589,6480.0554692748165
True,0.00460419,30,2590,6515.804082802838
True,0.00460913,30,2591,6508.8205366305565
True,0.00460839,30,2592,6509.865701470578
True,0.00460637,30,2593,6512.720428450168
True,0.00462702,30,2594,6483.654706484952
True,0.004598,30,2595,6524.575902566334
True,0.00460303,30,2596,6517.446117014228
True,0.00459937,30,2597,6522.632447487373
True,0.00460692,30,2598,6511.942903284625
True,0.00459718,30,2599,6525.739692594156
True,0.00460902,30,2600,6508.975877735397
True,0.00460077,30,2601,6520.647630722684
True,0.00460136,30,2602,6519.811533981258
True,0.00460206,30,2603,6518.81983285746
True,0.00460372,30,2604,6516.469290052391
True,0.00460625,30,2605,6512.890094979647
True,0.00460392,30,2606,6516.186206537038
True,0.00462403,30,2607,6487.847180922268
True,0.00460668,30,2608,6512.282164161608
True,0.00460931,30,2609,6508.566358088304
True,0.00460608,30,2610,6513.130471029595
True,0.00461087,30,2611,6506.364308687947
True,0.0046231,30,2612,6489.152300404491
True,0.00460203,30,2613,6518.862328146492
True,0.00461548,30,2614,6499.865669442832
True,0.00460883,30,2615,6509.244211654584
True,0.00460974,30,2616,6507.959234143357
True,0.00460367,30,2617,6516.540064774408
True,0.00460249,30,2618,6518.210794591623
True,0.00461156,30,2619,6505.390800510023
True,0.00462233,30,2620,6490.233280618217
True,0.00460825,30,2621,6510.063473118862
True,0.00460564,30,2622,6513.752703207371
True,0.00459748,30,2623,6525.313867597031
True,0.00460104,30,2624,6520.264983568933
True,0.00460129,30,2625,6519.910720689198
True,0.00460769,30,2626,6510.85467989383
True,0.00461746,30,2627,6497.078480376656
True,0.00460552,30,2628,6513.922423526551
True,0.00460053,30,2629,6520.987799231827
True,0.00460536,30,2630,6514.148731043827
True,0.00461059,30,2631,6506.759438596795
True,0.00460042,30,2632,6521.143721660196
True,0.00461455,30,2633,6501.175629259624
True,0.0046263,30,2634,6484.663770183516
True,0.00460159,30,2635,6519.485656044976
True,0.00460425,30,2636,6515.7191725036655
True,0.00460863,30,2637,6509.526692314202
True,0.00460702,30,2638,6511.801555018212
True,0.00460642,30,2639,6512.649736671862
True,0.00461984,30,2640,6493.731384636697
True,0.00460828,30,2641,6510.02109246834
True,0.00460837,30,2642,6509.893953827493
True,0.00459908,30,2643,6523.043739182619
True,0.00460566,30,2644,6513.724417347351
True,0.00460547,30,2645,6513.993142936551
True,0.00460331,30,2646,6517.049688159173
True,0.00461646,30,2647,6498.485852796298
True,0.00459918,30,2648,6522.901908601099
True,0.00461141,30,2649,6505.602407940305
True,0.00459855,30,2650,6523.795544247643
True,0.00460776,30,2651,6510.7557685296115
True,0.00460764,30,2652,6510.925332708285
True,0.00462065,30,2653,6492.593033447676
True,0.00460635,30,2654,6512.748705591194
True,0.00462419,30,2655,6487.62269716426
True,0.00463936,30,2656,6466.409159884121
True,0.00464035,30,2657,6465.029577510318
True,0.00459321,30,2658,6531.380015283428
True,0.00459907,30,2659,6523.057922579999
True,0.00461358,30,2660,6502.542494115199
True,0.0045998,30,2661,6522.022696638984
True,0.00459323,30,2662,6531.3515761239905
True,0.00460247,30,2663,6518.23911942935
True,0.00460635,30,2664,6512.748705591194
True,0.0046005,30,2665,6521.030322791001
True,0.00460952,30,2666,6508.269841545324
True,0.00460108,30,2667,6520.208298921123
True,0.00466925,30,2668,6425.014723992076
True,0.00459788,30,2669,6524.746187373311
True,0.00459791,30,2670,6524.703615338273
True,0.0045995,30,2671,6522.448092183932
True,0.00459402,30,2672,6530.228427390391
True,0.00461828,30,2673,6495.924889785808
True,0.00459297,30,2674,6531.7213045153785
True,0.00459245,30,2675,6532.460886890441
True,0.00459571,30,2676,6527.8270386947825
True,0.00459537,30,2677,6528.310016386059
True,0.00459232,30,2678,6532.645808654449
True,0.00463428,30,2679,6473.497501229965
True,0.00459991,30,2680,6521.8667321751955
True,0.00459422,30,2681,6529.94414721106
True,0.00459743,30,2682,6525.384834570619
True,0.00459809,30,2683,6524.448194793926
True,0.00459172,30,2684,6533.499429407717
True,0.0045884,30,2685,6538.226832882921
True,0.00460651,30,2686,6512.5224953381185
True,0.00459099,30,2687,6534.538302196259
True,0.00458911,30,2688,6537.215277036287
True,0.00458988,30,2689,6536.118591335721
True,0.00459664,30,2690,6526.506317658115
True,0.00459489,30,2691,6528.991988926829
True,0.00458735,30,2692,6539.723369701463
True,0.00460545,30,2693,6514.021431130509
True,0.00459077,30,2694,6534.851451935078
True,0.00460469,30,2695,6515.096564589582
True,0.00459944,30,2696,6522.533177952098
True,0.00460266,30,2697,6517.970043409681
True,0.00460222,30,2698,6518.593200672719
True,0.00482169,30,2699,6221.884857798822
True,0.00492436,30,2700,6092.162230218749
True,0.00481311,30,2701,6232.976183798002
True,0.00462712,30,2702,6483.51458358547
True,0.00460517,30,2703,6514.41749164526
True,0.00460815,30,2704,6510.20474593926
True,0.00462146,30,2705,6491.455081294655
True,0.00461152,30,2706,6505.447227812088
True,0.00460774,30,2707,6510.784028612726
True,0.00460674,30,2708,6512.197345628362
True,0.00459952,30,2709,6522.419730754514
True,0.00460259,30,2710,6518.069174095454
True,0.00462263,30,2711,6489.812076674966
True,0.00460839,30,2712,6509.865701470578
True,0.00460551,30,2713,6513.9365672857075
True,0.00460434,30,2714,6515.591811204212
True,0.00459502,30,2715,6528.807273961811
True,0.0045996,30,2716,6522.306287503262
True,0.0047368,30,2717,6333.389630130046
True,0.00460869,30,2718,6509.441945542008
True,0.00459712,30,2719,6525.824864262843
True,0.00459715,30,2720,6525.782278150593
True,0.00459686,30,2721,6526.1939671862965
True,0.00459914,30,2722,6522.958640093583
True,0.00460392,30,2723,6516.186206537038
True,0.0046026,30,2724,6518.055012384304
True,0.00462777,30,2725,6482.603932347545
True,0.00459693,30,2726,6526.094589214976
True,0.00460056,30,2727,6520.945276227242
True,0.00459986,30,2728,6521.937624188562
True,0.00460285,30,2729,6517.700989604266
True,0.0045967,30,2730,6526.421128200666
True,0.00461256,30,2731,6503.980436026848
True,0.00459501,30,2732,6528.821482434206
True,0.00460058,30,2733,6520.916927865617
True,0.0045956,30,2734,6527.983288362781
True,0.00460948,30,2735,6508.326318803856
True,0.00460491,30,2736,6514.785305250265
True,0.00460454,30,2737,6515.30880391961
True,0.00461503,30,2738,6500.499455041462
True,0.00460527,30,2739,6514.276035932747
True,0.00459221,30,2740,6532.802289093922
True,0.00460132,30,2741,6519.868211730547
True,0.00460032,30,2742,6521.285475792989
True,0.00460386,30,2743,6516.271129009136
True,0.00461433,30,2744,6501.485589457191
True,0.00460338,30,2745,6516.9505884806385
True,0.0045978,30,2746,6524.859715516116
True,0.00461657,30,2747,6498.331011985088
True,0.00460159,30,2748,6519.485656044976
True,0.00459351,30,2749,6530.953453894734
True,0.00460001,30,2750,6521.724952771842
True,0.00461602,30,2751,6499.105289838432
True,0.00460712,30,2752,6511.660212887878
True,0.00459887,30,2753,6523.341603480855
True,0.00460914,30,2754,6508.806415079603
True,0.00460282,30,2755,6517.743470307334
True,0.00460731,30,2756,6511.391679743711
True,0.00460914,30,2757,6508.806415079603
True,0.00462216,30,2758,6490.471987122904
True,0.00460995,30,2759,6507.662772915108
True,0.00460523,30,2760,6514.33261748056
True,0.00460184,30,2761,6519.1314778436445
True,0.00459557,30,2762,6528.025903206783
True,0.00460576,30,2763,6513.582991732092
True,0.00462188,30,2764,6490.865189057266
True,0.00461275,30,2765,6503.712535905914
True,0.0046,30,2766,6521.739130434783
True,0.00460894,30,2767,6509.088857741694
True,0.00460266,30,2768,6517.970043409681
True,0.00460093,30,2769,6520.420871432515
True,0.0046251,30,2770,6486.346241162353
True,0.00461948,30,2771,6494.2374466390165
True,0.00460077,30,2772,6520.647630722684
True,0.00459892,30,2773,6523.270680942482
True,0.00460367,30,2774,6516.540064774408
True,0.00460227,30,2775,6518.5223813465955
True,0.00460096,30,2776,6520.378355821394
True,0.00460955,30,2777,6508.227484244667
True,0.00460483,30,2778,6514.898487023408
True,0.00459376,30,2779,6530.598028630142
True,0.00460407,30,2780,6515.973910040464
True,0.00460592,30,2781,6513.356723521033
True,0.00459849,30,2782,6523.880665174872
True,0.0046012,30,2783,6520.0382508910725
True,0.00461549,30,2784,6499.851586722103
True,0.0046063,30,2785,6512.819399518052
True,0.00460974,30,2786,6507.959234143357
True,0.00461388,30,2787,6502.119691019272
True,0.00460949,30,2788,6508.31219939733
True,0.00460571,30,2789,6513.653703772057
True,0.00459884,30,2790,6523.384157744127
True,0.00461736,30,2791,6497.2191901866
True,0.0046231,30,2792,6489.152300404491
True,0.00459971,30,2793,6522.150309476032
True,0.00460111,30,2794,6520.165786082054
True,0.00460497,30,2795,6514.7004215011175
True,0.0045987,30,2796,6523.5827516472045
True,0.00461778,30,2797,6496.628249938281
True,0.0046032,30,2798,6517.205422314912
True,0.00459969,30,2799,6522.178668562447
True,0.00460055,30,2800,6520.959450500483
True,0.00459978,30,2801,6522.051054615655
True,0.00459269,30,2802,6532.119520368237
True,0.00460729,30,2803,6511.419945347482
True,0.00460982,30,2804,6507.84629334768
True,0.00460591,30,2805,6513.370864823672
True,0.00460422,30,2806,6515.761627376624
True,0.00461252,30,2807,6504.036838864655
True,0.00460708,30,2808,6511.716749003706
True,0.00461142,30,2809,6505.588300350001
True,0.00462557,30,2810,6485.687169365073
True,0.00460941,30,2811,6508.425156364914
True,0.00461107,30,2812,6506.082102418744
True,0.00461235,30,2813,6504.276561839409
True,0.00461382,30,2814,6502.204247239814
True,0.00462868,30,2815,6481.329450296846
True,0.00460964,30,2816,6508.10041565068
True,0.00462036,30,2817,6493.000545412046
True,0.00461072,30,2818,6506.575979456571
True,0.00460516,30,2819,6514.431637554396
True,0.00460787,30,2820,6510.600342457578
True,0.00461176,30,2821,6505.108678682324
True,0.00460313,30,2822,6517.304529743891
True,0.00461706,30,2823,6497.641356187703
True,0.00460393,30,2824,6516.172053006888
True,0.00463435,30,2825,6473.399721643812
True,0.00463897,30,2826,6466.952793400259
True,0.00461521,30,2827,6500.245925970866
True,0.0046013,30,2828,6519.896550974725
True,0.00459953,30,2829,6522.405550132296
True,0.00460209,30,2830,6518.777338122462
True,0.00458644,30,2831,6541.020922545591
True,0.00459445,30,2832,6529.617255601867
True,0.00459196,30,2833,6533.157954337581
True,0.0045921,30,2834,6532.958777030117
True,0.00458798,30,2835,6538.825365411357
True,0.0045955,30,2836,6528.125340006529
True,0.00462732,30,2837,6483.234355955499
True,0.00459526,30,2838,6528.466289176237
True,0.00460017,30,2839,6521.498118547793
True,0.00459387,30,2840,6530.441653769045
True,0.00459568,30,2841,6527.869651498799
True,0.00459343,30,2842,6531.067198150402
True,0.00461469,30,2843,6500.978397248786
True,0.00459473,30,2844,6529.219344771074
True,0.00459225,30,2845,6532.745386248571
True,0.00459256,30,2846,6532.304422805581
True,0.00459463,30,2847,6529.3614502147075
True,0.00460025,30,2848,6521.384707352861
True,0.00459068,30,2849,6534.97956729722
True,0.00460731,30,2850,6511.391679743711
True,0.00460336,30,2851,6516.978902366967
True,0.00459511,30,2852,6528.679400493133
True,0.00459695,30,2853,6526.066196064782
True,0.00459856,30,2854,6523.781357642392
True,0.00459129,30,2855,6534.11132818881
True,0.00459273,30,2856,6532.062629416491
True,0.00460487,30,2857,6514.841895645263
True,0.00459856,30,2858,6523.781357642392
True,0.00459186,30,2859,6533.3002312788285
True,0.00461078,30,2860,6506.49130949644
True,0.00459501,30,2861,6528.821482434206
True,0.00459661,30,2862,6526.54891322083
True,0.00460474,30,2863,6515.025821219004
True,0.00459535,30,2864,6528.338429064163
True,0.00459739,30,2865,6525.441609260907
True,0.00459679,30,2866,6526.2933481842765
True,0.00459913,30,2867,6522.972823120895
True,0.00460841,30,2868,6509.837449358889
True,0.00459899,30,2869,6523.171391979544
True,0.00461865,30,2870,6495.404501315319
True,0.0045992,30,2871,6522.873543224909
True,0.00460211,30,2872,6518.749008606921
True,0.0046018,30,2873,6519.188143769829
True,0.00460048,30,2874,6521.05867213856
True,0.00460673,30,2875,6512.211481897138
True,0.0045996,30,2876,6522.306287503262
True,0.00461962,30,2877,6494.040635376937
True,0.00460861,30,2878,6509.554941728634
True,0.0046014,30,2879,6519.754857217368
True,0.00460391,30,2880,6516.200360128673
True,0.00460366,30,2881,6516.554219903294
True,0.00460797,30,2882,6510.459052467789
True,0.00463844,30,2883,6467.691723941671
True,0.00460533,30,2884,6514.191165453941
True,0.00461134,30,2885,6505.701162785655
True,0.00460275,30,2886,6517.842594101352
True,0.00460005,30,2887,6521.668242736492
True,0.00459948,30,2888,6522.476453860001
True,0.00459935,30,2889,6522.660810766738
True,0.00461616,30,2890,6498.908183425185
True,0.00460625,30,2891,6512.890094979647
True,0.00460304,30,2892,6517.431958010358
True,0.00460129,30,2893,6519.910720689198
True,0.00460654,30,2894,6512.480082665081
True,0.00460907,30,2895,6508.905267223106
True,0.00460813,30,2896,6510.233001239114
True,0.00460681,30,2897,6512.098393465326
True,0.00460132,30,2898,6519.868211730547
True,0.00460021,30,2899,6521.441412457257
True,0.00460281,30,2900,6517.757630664746
True,0.00460023,30,2901,6521.413059781793
True,0.00460056,30,2902,6520.945276227242
True,0.00461181,30,2903,6505.038152048762
True,0.00460988,30,2904,6507.761590323392
True,0.00462473,30,2905,6486.865179156405
True,0.00460849,30,2906,6509.724443364313
True,0.0046071,30,2907,6511.688480823077
True,0.00460066,30,2908,6520.803536883838
True,0.00460563,30,2909,6513.766846229506
True,0.00462538,30,2910,6485.953586516135
True,0.00460734,30,2911,6511.349281798175
True,0.00460684,30,2912,6512.055986316
True,0.00460844,30,2913,6509.795071651144
True,0.00460487,30,2914,6514.841895645263
True,0.00459869,30,2915,6523.596937388691
True,0.00461599,30,2916,6499.147528482514
True,0.00459924,30,2917,6522.8168132126175
True,0.00462304,30,2918,6489.236519692669
True,0.00491397,30,2919,6105.0433763331885
True,0.00491135,30,2920,6108.3001618699545
True,0.00492987,30,2921,6085.3531634708415
True,0.00491478,30,2922,6104.037210210834
True,0.00492193,30,2923,6095.169984132242
True,0.00491415,30,2924,6104.819755196728
True,0.00491969,30,2925,6097.945195733878
True,0.00492611,30,2926,6089.997990300663
True,0.00493363,30,2927,6080.715416437796
True,0.00491537,30,2928,6103.30453251739
True,0.00491726,30,2929,6100.958663971399
True,0.00492022,30,2930,6097.288332635532
True,0.00490786,30,2931,6112.643799945394
True,0.00491228,30,2932,6107.143729591961
True,0.00491499,30,2933,6103.776406462678
True,0.00492038,30,2934,6097.090062149671
True,0.00491079,30,2935,6108.9967194687615
True,0.00490949,30,2936,6110.614340797109
True,0.0049134,30,2937,6105.751618024179
True,0.00503819,30,2938,5954.519380968166
True,0.00465033,30,2939,6451.155079316952
True,0.00459461,30,2940,6529.389872045724
True,0.00459988,30,2941,6521.909267198275
True,0.00459526,30,2942,6528.466289176237
True,0.00459677,30,2943,6526.321743311064
True,0.00459319,30,2944,6531.4084546905315
True,0.00461535,30,2945,6500.048750365628
True,0.00459917,30,2946,6522.916091381706
True,0.00461352,30,2947,6502.627061332778
True,0.00460348,30,2948,6516.809022739319
True,0.00462917,30,2949,6480.64339827658
True,0.00461323,30,2950,6503.035833895123
True,0.00460933,30,2951,6508.5381172534835
True,0.00462259,30,2952,6489.868234041955
True,0.00461328,30,2953,6502.965352200604
True,0.0046111,30,2954,6506.039773589816
True,0.00461345,30,2955,6502.72572586676
True,0.00460661,30,2956,6512.381121909604
True,0.00460072,30,2957,6520.718496235372
True,0.00461724,30,2958,6497.388050003899
True,0.00460395,30,2959,6516.14374613104
True,0.00460024,30,2960,6521.398883536511
True,0.00460756,30,2961,6511.038380400906
True,0.00459892,30,2962,6523.270680942482
True,0.0045956,30,2963,6527.983288362781
True,0.00459838,30,2964,6524.036725977409
True,0.00461294,30,2965,6503.444657853776
True,0.00459883,30,2966,6523.398342621927
True,0.00460673,30,2967,6512.211481897138
True,0.00459751,30,2968,6525.2712881538055
True,0.00459894,30,2969,6523.242312358935
True,0.00460082,30,2970,6520.576766750274
True,0.00460468,30,2971,6515.110713448057
True,0.00463418,30,2972,6473.637191477241
True,0.00459488,30,2973,6529.0061982032175
True,0.00460737,30,2974,6511.306884404768
True,0.00459984,30,2975,6521.965981425441
True,0.00460364,30,2976,6516.582530345553
True,0.00460109,30,2977,6520.194127913168
True,0.00460805,30,2978,6510.346024891223
True,0.00460019,30,2979,6521.469765379256
True,0.00460166,30,2980,6519.386482269442
True,0.0045908,30,2981,6534.808747930644
True,0.00460155,30,2982,6519.542328128565
True,0.00460125,30,2983,6519.967400162999
True,0.00460154,30,2984,6519.556496303411
True,0.00461225,30,2985,6504.417583608868
True,0.00459367,30,2986,6530.725977268719
True,0.00460284,30,2987,6517.715149777094
True,0.00460065,30,2988,6520.817710540901
True,0.00460751,30,2989,6511.109037202306
True,0.00459797,30,2990,6524.618472934795
True,0.0046016,30,2991,6519.4714881780255
True,0.00461929,30,2992,6494.504566719128
True,0.00459759,30,2993,6525.157745688502
True,0.00462338,30,2994,6488.759305962305
True,0.00462015,30,2995,6493.295672218434
True,0.00462736,30,2996,6483.178313336331
True,0.00461122,30,2997,6505.870463781819
True,0.00461392,30,2998,6502.063321427333
True,0.00460296,30,2999,6517.545231763909
True,0.00460125,30,3000,6519.967400162999
True,0.0046133,30,3001,6502.937159950578
True,0.00460653,30,3002,6512.494220161379
True,0.00460703,30,3003,6511.787420529061
True,0.00459938,30,3004,6522.618265940192
True,0.00462045,30,3005,6492.8740707073985
True,0.00460775,30,3006,6510.769898540502
True,0.00460844,30,3007,6509.795071651144
True,0.00459582,30,3008,6527.6707965063915
True,0.00460404,30,3009,6516.016368233117
True,0.00460026,30,3010,6521.370531230843
True,0.0046095,30,3011,6508.298080052066
True,0.0045974,30,3012,6525.427415495716
True,0.00459622,30,3013,6527.102706136782
True,0.00459614,30,3014,6527.2163163002
True,0.0046006,30,3015,6520.888579750467
True,0.00460524,30,3016,6514.318472001459
True,0.00461809,30,3017,6496.192148702169
True,0.00461347,30,3018,6502.697535694391
True,0.00459641,30,3019,6526.832897848538
True,0.00460292,30,3020,6517.60187011723
True,0.00459231,30,3021,6532.66003383918
True,0.00459473,30,3022,6529.219344771074
True,0.00459288,30,3023,6531.849297173016
True,0.00460083,30,3024,6520.562594140622
True,0.00461788,30,3025,6496.4875657227985
True,0.00459224,30,3026,6532.759611866975
True,0.00459634,30,3027,6526.932298306914
True,0.00459274,30,3028,6532.048406833394
True,0.00459281,30,3029,6531.948850485868
True,0.00459123,30,3030,6534.196718526408
True,0.00460625,30,3031,6512.890094979647
True,0.00460092,30,3032,6520.435043426098
True,0.00460596,30,3033,6513.300158924524
True,0.00460381,30,3034,6516.3418994267795
True,0.00460296,30,3035,6517.545231763909
True,0.00460061,30,3036,6520.87440578532
True,0.00460745,30,3037,6511.1938273882515
True,0.00461627,30,3038,6498.753322487637
True,0.00462769,30,3039,6482.715998694813
True,0.00460053,30,3040,6520.987799231827
True,0.00460031,30,3041,6521.299651545222
True,0.00460791,30,3042,6510.543825725763
True,0.00460277,30,3043,6517.814272709695
True,0.0046157,30,3044,6499.555863682648
True,0.00460875,30,3045,6509.357200976404
True,0.00461001,30,3046,6507.57807466795
True,0.00460542,30,3047,6514.063863882122
True,0.00460877,30,3048,6509.328953278206
True,0.00460524,30,3049,6514.318472001459
True,0.00460318,30,3050,6517.233738415617
True,0.00462153,30,3051,6491.3567584760885
True,0.00460418,30,3052,6515.818234734524
True,0.00461163,30,3053,6505.292055086813
True,0.00460517,30,3054,6514.41749164526
True,0.00461076,30,3055,6506.519532571637
True,0.00460617,30,3056,6513.003210910583
True,0.00460375,30,3057,6516.4268259571
True,0.00461995,30,3058,6493.576770311367
True,0.00461021,30,3059,6507.295763099729
True,0.00460022,30,3060,6521.427236088708
True,0.00460614,30,3061,6513.045630397687
True,0.0046273,30,3062,6483.262377628423
True,0.00459918,30,3063,6522.901908601099
True,0.00461243,30,3064,6504.1637488265405
True,0.00461421,30,3065,6501.654671113799
True,0.0046095,30,3066,6508.298080052066
True,0.00460486,30,3067,6514.856043397628
True,0.00460323,30,3068,6517.162948625205
True,0.0046049,30,3069,6514.799452756845
True,0.00460808,30,3070,6510.303640561796
True,0.00461408,30,3071,6501.837852833068
True,0.00460314,30,3072,6517.290371355205
True,0.00459544,30,3073,6528.210573960274
True,0.00460426,30,3074,6515.70502100229
True,0.00460043,30,3075,6521.129546585863
True,0.00459707,30,3076,6525.895842351759
True,0.00461702,30,3077,6497.69764913299
True,0.00460001,30,3078,6521.724952771842
True,0.00460598,30,3079,6513.27187699469
True,0.00460291,30,3080,6517.616029859371
True,0.00460329,30,3081,6517.078002906616
True,0.00460252,30,3082,6518.168307796599
True,0.00459964,30,3083,6522.249567357445
True,0.0046296,30,3084,6480.041472265422
True,0.00460443,30,3085,6515.464454883667
True,0.00459744,30,3086,6525.370641052411
True,0.00460289,30,3087,6517.644349528231
True,0.00460146,30,3088,6519.669843919104
True,0.0046103,30,3089,6507.1687308851915
True,0.00460381,30,3090,6516.3418994267795
True,0.00461954,30,3091,6494.153097494555
True,0.00459873,30,3092,6523.54019479291
True,0.00460331,30,3093,6517.049688159173
True,0.00460747,30,3094,6511.165563747567
True,0.00460979,30,3095,6507.88864568668
True,0.00459788,30,3096,6524.746187373311
True,0.00461627,30,3097,6498.753322487637
True,0.00460369,30,3098,6516.5117547011205
True,0.00460163,30,3099,6519.428984946639
True,0.0045965,30,3100,6526.705101707821
True,0.00460658,30,3101,6512.4235332936805
True,0.00460851,30,3102,6509.696192478697
True,0.00460639,30,3103,6512.692151554688
True,0.0046702,30,3104,6423.707764121451
True,0.00460899,30,3105,6509.01824477814
True,0.00460429,30,3106,6515.662566866988
True,0.00462607,30,3107,6484.986176171134
True,0.00460569,30,3108,6513.681989017932
True,0.0046179,30,3109,6496.459429610862
True,0.00461578,30,3110,6499.443214364636
True,0.00460714,30,3111,6511.631945198105
True,0.00460331,30,3112,6517.049688159173
True,0.00459756,30,3113,6525.200323649937
True,0.0046013,30,3114,6519.896550974725
True,0.00459346,30,3115,6531.024543590235
True,0.00459805,30,3116,6524.504953186677
True,0.00461605,30,3117,6499.063051743374
True,0.00459592,30,3118,6527.528764643423
True,0.00460627,30,3119,6512.861816610837
True,0.00459131,30,3120,6534.082865238896
True,0.00459598,30,3121,6527.443548492378
True,0.00459881,30,3122,6523.4267125625975
True,0.00460862,30,3123,6509.54081699077
True,0.00459875,30,3124,6523.51182386518
True,0.00459599,30,3125,6527.429346016854
True,0.00460121,30,3126,6520.024080622272
True,0.00460092,30,3127,6520.435043426098
True,0.00460237,30,3128,6518.380747310625
True,0.00460335,30,3129,6516.993059402392
True,0.00463726,30,3130,6469.3374967114205
True,0.00460448,30,3131,6515.393703523525
True,0.00460032,30,3132,6521.285475792989
True,0.00459808,30,3133,6524.462384299533
True,0.00460002,30,3134,6521.7107751705435
True,0.00459514,30,3135,6528.636777116692
True,0.0046042,30,3136,6515.789930932627
True,0.0046148,30,3137,6500.823437635434
True,0.0045993,30,3138,6522.731720044355
True,0.00460474,30,3139,6515.025821219004
True,0.00460996,30,3140,6507.648656387474
True,0.00460286,30,3141,6517.686829492967
True,0.00460348,30,3142,6516.809022739319
True,0.00461588,30,3143,6499.302408208186
True,0.00460048,30,3144,6521.05867213856
True,0.00459599,30,3145,6527.429346016854
True,0.00459464,30,3146,6529.347239391987
True,0.00460265,30,3147,6517.98420475161
True,0.00460332,30,3148,6517.035530877714
True,0.00460782,30,3149,6510.670989752203
True,0.00461649,30,3150,6498.443622752351
True,0.00460417,30,3151,6515.832386727683
True,0.00462369,30,3152,6488.324260493243
True,0.0046006,30,3153,6520.888579750467
True,0.00460835,30,3154,6509.922206429634
True,0.00460269,30,3155,6517.9275597531005
True,0.00481667,30,3156,6228.369392131908
True,0.00491194,30,3157,6107.566460502368
True,0.004911,30,3158,6108.7354917532075
True,0.0049207,30,3159,6096.693559859369
True,0.00504283,30,3160,5949.040518914974
True,0.00492944,30,3161,6085.883994936545
True,0.00491926,30,3162,6098.478226399906
True,0.00491977,30,3163,6097.846037518014
True,0.00492712,30,3164,6088.749614379191
True,0.00495492,30,3165,6054.588166912887
True,0.00495633,30,3166,6052.865729279527
True,0.00493016,30,3167,6084.995213137098
True,0.00490723,30,3168,6113.428553379401
True,0.00492596,30,3169,6090.183436325102
True,0.00490876,30,3170,6111.523073036775
True,0.0049121,30,3171,6107.367521019523
True,0.00490919,30,3172,6110.987759691518
True,0.00491568,30,3173,6102.919636754223
True,0.00494934,30,3174,6061.414249172617
True,0.00490634,30,3175,6114.537516764023
True,0.00490882,30,3176,6111.448372521298
True,0.00491198,30,3177,6107.5167244166305
True,0.00492185,30,3178,6095.269055334884
True,0.00491389,30,3179,6105.142768763648
True,0.00490936,30,3180,6110.776150048072
True,0.00490758,30,3181,6112.992554375069
True,0.00491752,30,3182,6100.636092989963
True,0.00490855,30,3183,6111.784539222377
True,0.00490336,30,3184,6118.253605690792
True,0.00490952,30,3185,6110.577001417654
True,0.00490305,30,3186,6118.640438094655
True,0.00492368,30,3187,6093.0036070581355
True,0.00490472,30,3188,6116.55711233261
True,0.00490087,30,3189,6121.362125500166
True,0.0047004,30,3190,6382.435537401072
True,0.00459139,30,3191,6533.969015918927
True,0.00460698,30,3192,6511.858093588425
True,0.00459751,30,3193,6525.2712881538055
True,0.00459272,30,3194,6532.076852061524
True,0.00462406,30,3195,6487.805089034312
True,0.00459431,30,3196,6529.816229205257
True,0.00459778,30,3197,6524.888098169116
True,0.00461188,30,3198,6504.939417330894
True,0.00459122,30,3199,6534.210950466325
True,0.00458426,30,3200,6544.131441061371
True,0.00459155,30,3201,6533.741329180778
True,0.00459147,30,3202,6533.8551705662885
True,0.00458924,30,3203,6537.030096486565
True,0.00459392,30,3204,6530.37057676233
True,0.00461544,30,3205,6499.922000935989
True,0.00460066,30,3206,6520.803536883838
True,0.00461634,30,3207,6498.654778460858
True,0.00460624,30,3208,6512.90423425614
True,0.00461561,30,3209,6499.68259883309
True,0.00461296,30,3210,6503.416461447747
True,0.00461322,30,3211,6503.049930417365
True,0.00462414,30,3212,6487.692846669867
True,0.00461051,30,3213,6506.872341671528
True,0.00461043,30,3214,6506.98524866444
True,0.00461377,30,3215,6502.274712436902
True,0.00460965,30,3216,6508.086297224301
True,0.00461534,30,3217,6500.0628339407285
True,0.00464991,30,3218,6451.73777556985
True,0.00461299,30,3219,6503.374167297133
True,0.00461441,30,3220,6501.372873238399
True,0.00461159,30,3221,6505.348480675862
True,0.00461003,30,3222,6507.549842408835
True,0.00460713,30,3223,6511.646079012314
True,0.0046049,30,3224,6514.799452756845
True,0.00461852,30,3225,6495.58733100647
True,0.00460822,30,3226,6510.105854321192
True,0.00459798,30,3227,6524.6042827502515
True,0.00460492,30,3228,6514.77115780513
True,0.00460415,30,3229,6515.860690898428
True,0.00460017,30,3230,6521.498118547793
True,0.0046222,30,3231,6490.415819306823
True,0.00459825,30,3232,6524.221171097701
True,0.00460294,30,3233,6517.573550817521
True,0.00460743,30,3234,6511.222091274311
True,0.00461655,30,3235,6498.359164311012
True,0.00460297,30,3236,6517.531072329388
True,0.00460228,30,3237,6518.508217666026
True,0.00462449,30,3238,6487.201831985797
True,0.00459928,30,3239,6522.760084187091
True,0.00462402,30,3240,6487.861211672959
True,0.00460942,30,3241,6508.411036529541
True,0.00460287,30,3242,6517.6726694431945
True,0.00460718,30,3243,6511.57541055483
True,0.00461958,30,3244,6494.096865948853
True,0.00460415,30,3245,6515.860690898428
True,0.00460028,30,3246,6521.342179171703
True,0.00460765,30,3247,6510.911202022724
True,0.00460999,30,3248,6507.606307172034
True,0.00461514,30,3249,6500.344518259468
True,0.00460502,30,3250,6514.629686733174
True,0.00461967,30,3251,6493.9703485313885
True,0.004605,30,3252,6514.657980456026
True,0.00460798,30,3253,6510.444923806092
True,0.0046073,30,3254,6511.405812514922
True,0.00461022,30,3255,6507.281648164296
True,0.00460223,30,3256,6518.57903668439
True,0.00460347,30,3257,6516.823179036683
True,0.00461426,30,3258,6501.584219354782
True,0.0046071,30,3259,6511.688480823077
True,0.00459867,30,3260,6523.625309056749
True,0.00460302,30,3261,6517.460276079617
True,0.00459751,30,3262,6525.2712881538055
True,0.00462852,30,3263,6481.553498742579
True,0.00462068,30,3264,6492.5508799570625
True,0.00460356,30,3265,6516.69577457446
True,0.00460239,30,3266,6518.352421242007
True,0.00459621,30,3267,6527.116907190925
True,0.00460915,30,3268,6508.792293589924
True,0.00460348,30,3269,6516.809022739319
True,0.00460009,30,3270,6521.611533687384
True,0.00462029,30,3271,6493.098918033284
True,0.00460465,30,3272,6515.153160392212
True,0.00460341,30,3273,6516.908118112443
True,0.00460102,30,3274,6520.293326262437
True,0.00460535,30,3275,6514.162875785771
True,0.00460482,30,3276,6514.912635021565
True,0.00462035,30,3277,6493.014598461156
True,0.00461264,30,3278,6503.867633285927
True,0.0046065,30,3279,6512.536633018561
True,0.00460565,30,3280,6513.738560246653
True,0.00460294,30,3281,6517.573550817521
True,0.00460855,30,3282,6509.639691443078
True,0.00460263,30,3283,6518.012527620078
True,0.00462508,30,3284,6486.374289742015
True,0.00462001,30,3285,6493.492438328056
True,0.00460037,30,3286,6521.214597956251
True,0.00459995,30,3287,6521.810019674127
True,0.00460624,30,3288,6512.90423425614
True,0.00460364,30,3289,6516.582530345553
True,0.00461192,30,3290,6504.882998837794
True,0.00460671,30,3291,6512.239754618806
True,0.004603,30,3292,6517.488594394959
True,0.00460342,30,3293,6516.893961446055
True,0.00459777,30,3294,6524.9022895882135
True,0.0046109,30,3295,6506.321976186861
True,0.00460419,30,3296,6515.804082802838
True,0.0046146,30,3297,6501.10518788194
True,0.00459968,30,3298,6522.192848198136
True,0.00460289,30,3299,6517.644349528231
True,0.00459955,30,3300,6522.377189072844
True,0.0045994,30,3301,6522.58990303083
True,0.00460612,30,3302,6513.073910362735
True,0.00459904,30,3303,6523.100473142221
True,0.00460803,30,3304,6510.374281417438
True,0.00460576,30,3305,6513.582991732092
True,0.00459738,30,3306,6525.455803087846
True,0.00459895,30,3307,6523.228128159689
True,0.00462588,30,3308,6485.252535733742
True,0.00460263,30,3309,6518.012527620078
True,0.0046163,30,3310,6498.711088967354
True,0.00459967,30,3311,6522.207027895479
True,0.00460427,30,3312,6515.690869562385
True,0.00460304,30,3313,6517.431958010358
True,0.00459972,30,3314,6522.136130025306
True,0.00460537,30,3315,6514.1345863633105
True,0.00460564,30,3316,6513.752703207371
True,0.00461143,30,3317,6505.574192820883
True,0.00460507,30,3318,6514.55895350125
True,0.00459605,30,3319,6527.344132461571
True,0.00460323,30,3320,6517.162948625205
True,0.00460533,30,3321,6514.191165453941
True,0.00460637,30,3322,6512.720428450168
True,0.00462422,30,3323,6487.580608189057
True,0.00460642,30,3324,6512.649736671862
True,0.00461308,30,3325,6503.247288145881
True,0.00460491,30,3326,6514.785305250265
True,0.00460197,30,3327,6518.947320386704
True,0.00460075,30,3328,6520.675976742923
True,0.00460391,30,3329,6516.200360128673
True,0.00464222,30,3330,6462.425305134182
True,0.00459998,30,3331,6521.767485945591
True,0.00459524,30,3332,6528.494703214631
False,0.0015305,10,3333,6533.812479581836
