complete,duration_s,n,passage,throughput_ips
True,0.0049464,30,0,6065.016982047549
True,0.0048832,30,1,6143.5124508519
True,0.00489464,30,2,6129.153523037446
True,0.00486803,30,3,6162.657173435661
True,0.00486886,30,4,6161.606618387055
True,0.00488729,30,5,6138.371162750727
True,0.00489018,30,6,6134.743506373999
True,0.00488512,30,7,6141.09786453557
True,0.00490681,30,8,6113.951834287449
True,0.00488443,30,9,6141.965387977716
True,0.00487627,30,10,6152.243415561484
True,0.00489569,30,11,6127.838976732595
True,0.00487832,30,12,6149.658079010806
True,0.00488164,30,13,6145.475700789079
True,0.00487926,30,14,6148.47333407115
True,0.00488403,30,15,6142.468412356189
True,0.00489411,30,16,6129.817270147177
True,0.00487496,30,17,6153.896647357106
True,0.00487955,30,18,6148.107919787685
True,0.00487691,30,19,6151.436052746514
True,0.00489288,30,20,6131.3582184725565
True,0.00488622,30,21,6139.7153627957805
True,0.00488167,30,22,6145.437934149583
True,0.00487587,30,23,6152.748124950009
True,0.00488073,30,24,6146.6215094873105
True,0.00490214,30,25,6119.776260979898
True,0.00487526,30,26,6153.517966221289
True,0.00488364,30,27,6142.958940462442
True,0.00488348,30,28,6143.160205427277
True,0.00491572,30,29,6102.869976320864
True,0.00489307,30,30,6131.120135211636
True,0.00488672,30,31,6139.0871586667545
True,0.00487929,30,32,6148.435530579244
True,0.00488477,30,33,6141.537882029246
True,0.00489498,30,34,6128.727798683549
True,0.00487382,30,35,6155.336060831134
True,0.00487143,30,36,6158.3559652915055
True,0.00487859,30,37,6149.317733197501
True,0.00489116,30,38,6133.5143401565265
True,0.0048798,30,39,6147.792942333702
True,0.0048755,30,40,6153.215054866168
True,0.00487882,30,41,6149.027838698702
True,0.00487126,30,42,6158.570883098008
True,0.00488088,30,43,6146.432610512858
True,0.00486257,30,44,6169.576993236087
True,0.00486662,30,45,6164.442672737958
True,0.00487095,30,46,6158.962830659318
True,0.00487843,30,47,6149.519415057714
True,0.00488834,30,48,6137.052660003192
True,0.00491236,30,49,6107.044271999609
True,0.00489964,30,50,6122.898825219811
True,0.00491601,30,51,6102.5099623475135
True,0.00490308,30,52,6118.603000562912
True,0.00487944,30,53,6148.24652009247
True,0.00489442,30,54,6129.429023255054
True,0.00489452,30,55,6129.303792813186
True,0.0049008,30,56,6121.449559255631
True,0.00489214,30,57,6132.2856663954835
True,0.00488351,30,58,6143.122467241799
True,0.00488142,30,59,6145.752670329535
True,0.00488253,30,60,6144.355487831103
True,0.00489351,30,61,6130.5688554841
True,0.00488384,30,62,6142.7073778010745
True,0.00488736,30,63,6138.283244942054
True,0.00488436,30,64,6142.053411296465
True,0.00489769,30,65,6125.336638292747
True,0.00488526,30,66,6140.921875191904
True,0.00488632,30,67,6139.589711684866
True,0.00589402,30,68,5089.904683051635
True,0.00489919,30,69,6123.461225222944
True,0.00489353,30,70,6130.543799670177
True,0.00488505,30,71,6141.1858629901435
True,0.00490405,30,72,6117.392767202618
True,0.00490896,30,73,6111.274078419869
True,0.00563768,30,74,5321.337855287991
True,0.00497724,30,75,6027.436892735733
True,0.00493306,30,76,6081.418024512169
True,0.00492794,30,77,6087.73645783025
True,0.00489504,30,78,6128.65267699549
True,0.004892,30,79,6132.461161079314
True,0.0048774,30,80,6150.818058801821
True,0.00490086,30,81,6121.374615883743
True,0.00488509,30,82,6141.135577850152
True,0.00487872,30,83,6149.153876426604
True,0.00487513,30,84,6153.682055658003
True,0.00488184,30,85,6145.22393196008
True,0.00489534,30,86,6128.277096177181
True,0.00487945,30,87,6148.2339198065365
True,0.00488838,30,88,6137.002442526972
True,0.00488423,30,89,6142.216889868004
True,0.00489719,30,90,6125.96203128733
True,0.00488481,30,91,6141.4875911243225
True,0.0048856,30,92,6140.494514491566
True,0.00535795,30,93,5599.156393770005
True,0.00461949,30,94,6494.22338829611
True,0.0045926,30,95,6532.247528633019
True,0.00459271,30,96,6532.091074768492
True,0.00458902,30,97,6537.343485101394
True,0.00458301,30,98,6545.916330097469
True,0.00458167,30,99,6547.830812782238
True,0.00458401,30,100,6544.48834099402
True,0.00459248,30,101,6532.418214123959
True,0.00458003,30,102,6550.175435532082
True,0.00458401,30,103,6544.48834099402
True,0.00458363,30,104,6545.030903454249
True,0.00458322,30,105,6545.616400696454
True,0.00457915,30,106,6551.434218140922
True,0.00458656,30,107,6540.849787204354
True,0.00459563,30,108,6527.940674075154
True,0.00459583,30,109,6527.656593041953
True,0.00458784,30,110,6539.024900606822
True,0.0045837,30,111,6544.930950978468
True,0.00458359,30,112,6545.088020525396
True,0.00458131,30,113,6548.345342271097
True,0.00482203,30,114,6221.446154420441
True,0.00491224,30,115,6107.193459602951
True,0.00490488,30,116,6116.3575867299505
True,0.00488595,30,117,6140.054646486354
True,0.00487851,30,118,6149.418572473973
True,0.00489438,30,119,6129.479116864649
True,0.00488244,30,120,6144.468749231942
True,0.00488865,30,121,6136.663496057195
True,0.00488768,30,122,6137.881367028938
True,0.00492213,30,123,6094.922320215029
True,0.00458423,30,124,6544.174266997948
True,0.00458373,30,125,6544.888115137672
True,0.00457205,30,126,6561.60803140823
True,0.0045843,30,127,6544.0743406845095
True,0.00457893,30,128,6551.748989392719
True,0.00459386,30,129,6530.455869356054
True,0.00459344,30,130,6531.052979901773
True,0.0045839,30,131,6544.645389297323
True,0.00458199,30,132,6547.373521112006
True,0.00458657,30,133,6540.835526330134
True,0.00457647,30,134,6555.270765458968
True,0.0045889,30,135,6537.514437011048
True,0.00457702,30,136,6554.48304792201
True,0.00460489,30,137,6514.813600324872
True,0.00459168,30,138,6533.556345389923
True,0.00458382,30,139,6544.7596109794895
True,0.00458007,30,140,6550.118229634045
True,0.00458377,30,141,6544.831001555488
True,0.00458212,30,142,6547.187764615505
True,0.00458933,30,143,6536.9019007131765
True,0.00460341,30,144,6516.908118112443
True,0.00459355,30,145,6530.896583252604
True,0.00458777,30,146,6539.124672771303
True,0.00458547,30,147,6542.404595384987
True,0.00458458,30,148,6543.6746659454075
True,0.00459251,30,149,6532.3755419149875
True,0.00458259,30,150,6546.516271366192
True,0.00474538,30,151,6321.93839060307
True,0.00458945,30,152,6536.7309808364835
True,0.00458395,30,153,6544.574002770537
True,0.00458813,30,154,6538.611591214722
True,0.0045929,30,155,6531.820853926713
True,0.00459369,30,156,6530.697543804654
True,0.00461358,30,157,6502.542494115199
True,0.00458613,30,158,6541.463063628811
True,0.00458618,30,159,6541.391746507988
True,0.00460584,30,160,6513.4698556615085
True,0.0046058,30,161,6513.526423205523
True,0.00458317,30,162,6545.687809965591
True,0.00458879,30,163,6537.6711507826685
True,0.00459853,30,164,6523.823917643247
True,0.0045898,30,165,6536.232515578021
True,0.00458685,30,166,6540.436247097681
True,0.00459405,30,167,6530.18578378555
True,0.00459092,30,168,6534.63793749401
True,0.00458852,30,169,6538.055843714314
True,0.00458858,30,170,6537.970352483775
True,0.00460801,30,171,6510.402538188936
True,0.00458834,30,172,6538.312330821169
True,0.00459918,30,173,6522.901908601099
True,0.00459484,30,174,6529.063035927257
True,0.00458656,30,175,6540.849787204354
True,0.00459213,30,176,6532.916097758557
True,0.00460205,30,177,6518.833997892244
True,0.00459589,30,178,6527.571373553327
True,0.00459055,30,179,6535.164631689014
True,0.00459131,30,180,6534.082865238896
True,0.00459011,30,181,6535.791081259491
True,0.00459636,30,182,6526.903897867008
True,0.00460456,30,183,6515.280504543322
True,0.00461914,30,184,6494.715466515412
True,0.00458383,30,185,6544.745333051183
True,0.0045822,30,186,6547.073458164201
True,0.00459467,30,187,6529.304607294974
True,0.00459173,30,188,6533.485200567107
True,0.00458722,30,189,6539.908702874507
True,0.00458809,30,190,6538.668596300421
True,0.00460287,30,191,6517.6726694431945
True,0.00458461,30,192,6543.631846547471
True,0.00458651,30,193,6540.921092508247
True,0.00458568,30,194,6542.104987700843
True,0.00459269,30,195,6532.119520368237
True,0.00459121,30,196,6534.225182468238
True,0.00459846,30,197,6523.92322647147
True,0.00459976,30,198,6522.079412838932
True,0.0045878,30,199,6539.081912899428
True,0.00459106,30,200,6534.43866993679
True,0.0045925,30,201,6532.3897659227
True,0.00458351,30,202,6545.202257658432
True,0.00459009,30,203,6535.819559093613
True,0.00459708,30,204,6525.881646610457
True,0.0046017,30,205,6519.329812895234
True,0.00459802,30,206,6524.547522629305
True,0.00458875,30,207,6537.728139471534
True,0.00458412,30,208,6544.331300227743
True,0.00458485,30,209,6543.28931153691
True,0.00458664,30,210,6540.735701951755
True,0.00460302,30,211,6517.460276079617
True,0.00458483,30,212,6543.317854751431
True,0.00458695,30,213,6540.293659185297
True,0.00460613,30,214,6513.059770349512
True,0.00458478,30,215,6543.38921387722
True,0.00458153,30,216,6548.03089797513
True,0.00458843,30,217,6538.184084752301
True,0.00460892,30,218,6509.117103356101
True,0.00459176,30,219,6533.442514417129
True,0.00459529,30,220,6528.423668582396
True,0.00459511,30,221,6528.679400493133
True,0.00458996,30,222,6536.004671064672
True,0.00459174,30,223,6533.470971788472
True,0.0045945,30,224,6529.546196539341
True,0.00460563,30,225,6513.766846229506
True,0.00459101,30,226,6534.509835526387
True,0.0045973,30,227,6525.5693559263045
True,0.00459487,30,228,6529.020407541454
True,0.00461,30,229,6507.592190889371
True,0.00458673,30,230,6540.607360799524
True,0.00460345,30,231,6516.85149181592
True,0.00458763,30,232,6539.324226234461
True,0.00459841,30,233,6523.994163199889
True,0.00458828,30,234,6538.397830995493
True,0.00459093,30,235,6534.623703694023
True,0.00459249,30,236,6532.403989992356
True,0.00459474,30,237,6529.205134566918
True,0.00460248,30,238,6518.224956979715
True,0.00458716,30,239,6539.994244805065
True,0.0045923,30,240,6532.674259085861
True,0.00459622,30,241,6527.102706136782
True,0.0045893,30,242,6536.944632078966
True,0.00459497,30,243,6528.878316942221
True,0.00458909,30,244,6537.243767282839
True,0.00460469,30,245,6515.096564589582
True,0.00458732,30,246,6539.766137962907
True,0.00458934,30,247,6536.887657048726
True,0.00458226,30,248,6546.987730944992
True,0.00459034,30,249,6535.463604003189
True,0.00458744,30,250,6539.595068273373
True,0.00459968,30,251,6522.192848198136
True,0.00461625,30,252,6498.781478472787
True,0.00458849,30,253,6538.098590168008
True,0.00459042,30,254,6535.349706562799
True,0.00459129,30,255,6534.11132818881
True,0.00458293,30,256,6546.030596147007
True,0.00458851,30,257,6538.070092470105
True,0.00459691,30,258,6526.122982612233
True,0.00459496,30,259,6528.892525723836
True,0.00460568,30,260,6513.696131732991
True,0.00463073,30,261,6478.460199579765
True,0.0046272,30,262,6483.402489626556
True,0.00482427,30,263,6218.557419049928
True,0.00460094,30,264,6520.406699500536
True,0.00459778,30,265,6524.888098169116
True,0.00458786,30,266,6538.996394833321
True,0.00458071,30,267,6549.203071139626
True,0.00458865,30,268,6537.870615540519
True,0.00458795,30,269,6538.868121928093
True,0.00458038,30,270,6549.67491780158
True,0.00459196,30,271,6533.157954337581
True,0.00459356,30,272,6530.882365746828
True,0.00460212,30,273,6518.734843941487
True,0.00459608,30,274,6527.30152651825
True,0.00458284,30,275,6546.15915022126
True,0.00457755,30,276,6553.724153750369
True,0.00457226,30,277,6561.306662350785
True,0.00459262,30,278,6532.219081918382
True,0.0045885,30,279,6538.084341288003
True,0.00457611,30,280,6555.786464923264
True,0.00457976,30,281,6550.5616014812995
True,0.00457377,30,282,6559.140490230161
True,0.0045752,30,283,6557.0904004196545
True,0.00458107,30,284,6548.688406856914
True,0.00458568,30,285,6542.104987700843
True,0.00457752,30,286,6553.767105332146
True,0.00457709,30,287,6554.3828065430225
True,0.00457995,30,288,6550.289850325877
True,0.004586,30,289,6541.648495420846
True,0.00458145,30,290,6548.145237861376
True,0.00458432,30,291,6544.045790869747
True,0.00459124,30,292,6534.182486648488
True,0.00459197,30,293,6533.143726984279
True,0.0045722,30,294,6561.392764970911
True,0.00458453,30,295,6543.746032853967
True,0.0046007,30,296,6520.746842871737
True,0.00459105,30,297,6534.452902930702
True,0.00458282,30,298,6546.1877184790155
True,0.00459358,30,299,6530.853930920981
True,0.00457966,30,300,6550.70463746217
True,0.00457916,30,301,6551.419911075394
True,0.00457378,30,302,6559.126149486857
True,0.00457491,30,303,6557.506049299331
True,0.00457196,30,304,6561.737198050727
True,0.00461253,30,305,6504.022738063492
True,0.00458262,30,306,6546.473414771463
True,0.00457386,30,307,6559.011425797904
True,0.00457666,30,308,6554.998623450289
True,0.00458436,30,309,6543.98869198754
True,0.0045757,30,310,6556.373888148261
True,0.00457934,30,311,6551.162394580878
True,0.00459135,30,312,6534.025940082982
True,0.00458114,30,313,6548.588342639605
True,0.00457988,30,314,6550.389966549343
True,0.00458801,30,315,6538.782609453772
True,0.00457345,30,316,6559.599427128317
True,0.00457765,30,317,6553.580985877033
True,0.00457478,30,318,6557.6923917652875
True,0.00462727,30,319,6483.304410591991
True,0.00457921,30,320,6551.348376685061
True,0.00458118,30,321,6548.531164459812
True,0.00457762,30,322,6553.623935582245
True,0.00457997,30,323,6550.261246252705
True,0.00457456,30,324,6558.007764681193
True,0.004579,30,325,6551.648831622625
True,0.00458536,30,326,6542.561543695588
True,0.00457777,30,327,6553.409192685522
True,0.00458066,30,328,6549.274558688049
True,0.0045821,30,329,6547.216341851989
True,0.00457492,30,330,6557.491715702133
True,0.00457955,30,331,6550.861984256095
True,0.0045691,30,332,6565.844477030487
True,0.00459245,30,333,6532.460886890441
True,0.00457728,30,334,6554.110738255033
True,0.00457754,30,335,6553.738470881741
True,0.004586,30,336,6541.648495420846
True,0.00459126,30,337,6534.154023078632
True,0.00458528,30,338,6542.675692651267
True,0.00458773,30,339,6539.181686803713
True,0.00459842,30,340,6523.979975730795
True,0.00460206,30,341,6518.81983285746
True,0.00492353,30,342,6093.189236178108
True,0.00490176,30,343,6120.250685468077
True,0.00489819,30,344,6124.711372976548
True,0.004916,30,345,6102.522375915378
True,0.00488861,30,346,6136.713707986524
True,0.00490117,30,347,6120.987437693449
True,0.00490177,30,348,6120.238199670732
True,0.00493654,30,349,6077.130945966203
True,0.00458715,30,350,6540.008502011053
True,0.00458648,30,351,6540.963876436831
True,0.00458096,30,352,6548.84565680556
True,0.00458539,30,353,6542.518738864088
True,0.00458582,30,354,6541.90526448923
True,0.0045847,30,355,6543.503391715925
True,0.00459338,30,356,6531.138290322159
True,0.0045805,30,357,6549.503329330859
True,0.00458329,30,358,6545.516430337159
True,0.00457911,30,359,6551.491447027916
True,0.00458215,30,360,6547.144899228528
True,0.00458384,30,361,6544.731055185172
True,0.00458113,30,362,6548.602637340568
True,0.00460964,30,363,6508.10041565068
True,0.00459812,30,364,6524.405626647413
True,0.00458151,30,365,6548.05948257234
True,0.00457944,30,366,6551.019338609088
True,0.00457832,30,367,6552.621922451904
True,0.00457914,30,368,6551.448525268937
True,0.00458654,30,369,6540.878309139352
True,0.00460038,30,370,6521.200422573787
True,0.00459147,30,371,6533.8551705662885
True,0.00459144,30,372,6533.89786210862
True,0.0045926,30,373,6532.247528633019
True,0.00472271,30,374,6352.285022794116
True,0.00459358,30,375,6530.853930920981
True,0.00461514,30,376,6500.344518259468
True,0.004594,30,377,6530.2568567697
True,0.00458602,30,378,6541.619966768571
True,0.00458682,30,379,6540.479024683767
True,0.00459753,30,380,6525.242902167033
True,0.00459314,30,381,6531.4795542918355
True,0.0045928,30,382,6531.963072635429
True,0.00461028,30,383,6507.196959837581
True,0.00459549,30,384,6528.139545510925
True,0.0045884,30,385,6538.226832882921
True,0.00460355,30,386,6516.709930379816
True,0.00460232,30,387,6518.451563559248
True,0.00459237,30,388,6532.574683660071
True,0.00459232,30,389,6532.645808654449
True,0.00460248,30,390,6518.224956979715
True,0.00458109,30,391,6548.659816768498
True,0.00458022,30,392,6549.903716415368
True,0.00458217,30,393,6547.116322615704
True,0.00458439,30,394,6543.945868479776
True,0.00457826,30,395,6552.707797285432
True,0.00460281,30,396,6517.757630664746
True,0.00458125,30,397,6548.431105047749
True,0.00457753,30,398,6553.752788075665
True,0.00458365,30,399,6545.002345292507
True,0.00457982,30,400,6550.475782891031
True,0.00459268,30,401,6532.133743261015
True,0.00457864,30,402,6552.163961350969
True,0.00459623,30,403,6527.088505144434
True,0.00458049,30,404,6549.517628026695
True,0.00458277,30,405,6546.259140214324
True,0.00458059,30,406,6549.374643877754
True,0.004585,30,407,6543.075245365322
True,0.0045758,30,408,6556.230604484463
True,0.00459531,30,409,6528.395255162329
True,0.00460852,30,410,6509.682067127842
True,0.00457972,30,411,6550.618815124069
True,0.00456788,30,412,6567.598098023591
True,0.00458662,30,413,6540.764222891803
True,0.00457277,30,414,6560.5748813082655
True,0.00461933,30,415,6494.4483290866865
True,0.00460357,30,416,6516.681618830603
True,0.00460436,30,417,6515.56350936938
True,0.00458219,30,418,6547.087746252338
True,0.00457739,30,419,6553.953235359015
True,0.00456948,30,420,6565.2984584679225
True,0.00458031,30,421,6549.775015228227
True,0.00457813,30,422,6552.89386714663
True,0.00457803,30,423,6553.0370049999665
True,0.00458277,30,424,6546.259140214324
True,0.00458039,30,425,6549.660618418955
True,0.00457747,30,426,6553.838692552873
True,0.00457847,30,427,6552.407245215104
True,0.00458219,30,428,6547.087746252338
True,0.00457856,30,429,6552.2784456248255
True,0.00458109,30,430,6548.659816768498
True,0.00460536,30,431,6514.148731043827
True,0.00459558,30,432,6528.011698196963
True,0.00457928,30,433,6551.248231162978
True,0.00457941,30,434,6551.062254744607
True,0.00458197,30,435,6547.4020999701
True,0.00457754,30,436,6553.738470881741
True,0.0046144,30,437,6501.386962552011
True,0.00458192,30,438,6547.473548206865
True,0.00458215,30,439,6547.144899228528
True,0.00457853,30,440,6552.321378258961
True,0.00459128,30,441,6534.125559756757
True,0.0045813,30,442,6548.359635911204
True,0.00458039,30,443,6549.660618418955
True,0.00459382,30,444,6530.51273232299
True,0.00458366,30,445,6544.988066305093
True,0.00458087,30,446,6548.9743214716855
True,0.00458322,30,447,6545.616400696454
True,0.00458089,30,448,6548.945728886745
True,0.00458164,30,449,6547.8736871513265
True,0.00457711,30,450,6554.3541667121835
True,0.0045868,30,451,6540.507543385366
True,0.00456694,30,452,6568.949887670957
True,0.00457798,30,453,6553.108576271631
True,0.00459241,30,454,6532.5177847796695
True,0.00459251,30,455,6532.3755419149875
True,0.00457188,30,456,6561.85201711331
True,0.00458315,30,457,6545.716374109509
True,0.00459046,30,458,6535.292759331309
True,0.00458224,30,459,6547.016306435281
True,0.00457441,30,460,6558.2228090617145
True,0.00458595,30,461,6541.719818140189
True,0.00457518,30,462,6557.119064167968
True,0.0045778,30,463,6553.366245794923
True,0.00457922,30,464,6551.334069994453
True,0.00459595,30,465,6527.486156289778
True,0.00458229,30,466,6546.944868177265
True,0.00457918,30,467,6551.3912971318005
True,0.00457222,30,468,6561.364063846447
True,0.00459013,30,469,6535.762603673534
True,0.00458189,30,470,6547.516417897418
True,0.00457914,30,471,6551.448525268937
True,0.00458937,30,472,6536.844926427811
True,0.00457881,30,473,6551.920695551901
True,0.00457759,30,474,6553.6668858504145
True,0.00457712,30,475,6554.339846890622
True,0.00457677,30,476,6554.841077878067
True,0.00459568,30,477,6527.869651498799
True,0.00459748,30,478,6525.313867597031
True,0.004594,30,479,6530.2568567697
True,0.00457936,30,480,6551.133782886692
True,0.00457651,30,481,6555.213470526668
True,0.00457527,30,482,6556.99007927401
True,0.00457296,30,483,6560.3022987299255
True,0.0045759,30,484,6556.087327083197
True,0.00458663,30,485,6540.749962390687
True,0.00457364,30,486,6559.32692559974
True,0.0045725,30,487,6560.962274466921
True,0.00457266,30,488,6560.732702628229
True,0.00457667,30,489,6554.9843008126
True,0.00458026,30,490,6549.846515263325
True,0.00458552,30,491,6542.3332577330375
True,0.00459671,30,492,6526.406930173972
True,0.00458235,30,493,6546.85914432551
True,0.00458292,30,494,6546.044879683695
True,0.00458914,30,495,6537.172542132077
True,0.00458627,30,496,6541.263379609138
True,0.00459285,30,497,6531.89196250694
True,0.00458318,30,498,6545.673527987118
True,0.00460954,30,499,6508.241603283625
True,0.00460302,30,500,6517.460276079617
True,0.00459033,30,501,6535.477841462379
True,0.00457758,30,502,6553.681202731574
True,0.00458039,30,503,6549.660618418955
True,0.00458147,30,504,6548.1166525154595
True,0.00458662,30,505,6540.764222891803
True,0.00459809,30,506,6524.448194793926
True,0.00458272,30,507,6546.330563508134
True,0.0045891,30,508,6537.229522128522
True,0.00459211,30,509,6532.944550544304
True,0.00458698,30,510,6540.250884023911
True,0.0045897,30,511,6536.374926465782
True,0.00458442,30,512,6543.903045532478
True,0.00459133,30,513,6534.054402536955
True,0.00458524,30,514,6542.732768622798
True,0.00458047,30,515,6549.54622560567
True,0.00458013,30,516,6550.032422660493
True,0.00458302,30,517,6545.902047121766
True,0.00457891,30,518,6551.777606460926
True,0.00458337,30,519,6545.402182237088
True,0.00459125,30,520,6534.1682548325625
True,0.00458958,30,521,6536.545827722798
True,0.00459429,30,522,6529.844654995658
True,0.00459853,30,523,6523.823917643247
True,0.00458147,30,524,6548.1166525154595
True,0.00458216,30,525,6547.130610890934
True,0.00459663,30,526,6526.520516117243
True,0.00458166,30,527,6547.845104176215
True,0.00458189,30,528,6547.516417897418
True,0.00458259,30,529,6546.516271366192
True,0.00457696,30,530,6554.568971544431
True,0.00458461,30,531,6543.631846547471
True,0.00458685,30,532,6540.436247097681
True,0.00460648,30,533,6512.56490856359
True,0.00458307,30,534,6545.830633178198
True,0.00458535,30,535,6542.575812097222
True,0.00458191,30,536,6547.487838041341
True,0.00458223,30,537,6547.030594273968
True,0.00458033,30,538,6549.746415651274
True,0.00457619,30,539,6555.6718580303705
True,0.00459781,30,540,6524.845524282213
True,0.00458024,30,541,6549.87511571446
True,0.00458693,30,542,6540.322176270402
True,0.00458596,30,543,6541.705553471901
True,0.00458449,30,544,6543.803127501641
True,0.00460205,30,545,6518.833997892244
True,0.0045983,30,546,6524.150229432617
True,0.00459482,30,547,6529.0914551603755
True,0.00458117,30,548,6548.545458911151
True,0.00458056,30,549,6549.417538466912
True,0.00458488,30,550,6543.246497182041
True,0.00458798,30,551,6538.825365411357
True,0.00458477,30,552,6543.40348588915
True,0.00458017,30,553,6549.975219260421
True,0.00459549,30,554,6528.139545510925
True,0.0045812,30,555,6548.502575744347
True,0.00458683,30,556,6540.464765426231
True,0.00457667,30,557,6554.9843008126
True,0.00458011,30,558,6550.061024735213
True,0.0045776,30,559,6553.652569031807
True,0.00457343,30,560,6559.6281128168575
True,0.00459077,30,561,6534.851451935078
True,0.00457148,30,562,6562.426172705556
True,0.00457654,30,563,6555.170499984705
True,0.00457758,30,564,6553.681202731574
True,0.00458199,30,565,6547.373521112006
True,0.00457437,30,566,6558.28015661173
True,0.00460412,30,567,6515.903147615614
True,0.00485417,30,568,6180.253266778873
True,0.00492947,30,569,6085.846957177952
True,0.00492489,30,570,6091.506612330427
True,0.00490852,30,571,6111.821893360931
True,0.00494457,30,572,6067.261662793731
True,0.00491162,30,573,6107.964378351745
True,0.00490259,30,574,6119.2145376219505
True,0.00490407,30,575,6117.367818974852
True,0.0049146,30,576,6104.260774020267
True,0.00489924,30,577,6123.398731231783
True,0.00489423,30,578,6129.666975193238
True,0.00490611,30,579,6114.824168231043
True,0.00490856,30,580,6111.772087944326
True,0.00492108,30,581,6096.222780365285
True,0.00489868,30,582,6124.098736802567
True,0.00490432,30,583,6117.055983296359
True,0.00490817,30,584,6112.25772538441
True,0.00491321,30,585,6105.987735105969
True,0.00490173,30,586,6120.288143165781
True,0.00490278,30,587,6118.9773964974975
True,0.00490562,30,588,6115.434950118435
True,0.00494882,30,589,6062.051155629019
True,0.00491438,30,590,6104.5340409166565
True,0.0048998,30,591,6122.698885668802
True,0.00490675,30,592,6114.026596015693
True,0.00490572,30,593,6115.310290844158
True,0.00491339,30,594,6105.764044783744
True,0.00505074,30,595,5939.723684054218
True,0.00490837,30,596,6112.008670902968
True,0.00490572,30,597,6115.310290844158
True,0.00491251,30,598,6106.85779774494
True,0.00491195,30,599,6107.554026404992
True,0.00490049,30,600,6121.836795912245
True,0.00489395,30,601,6130.017674884296
True,0.00490359,30,602,6117.966632609986
True,0.004922,30,603,6095.083299471759
True,0.00489832,30,604,6124.548824903231
True,0.00490046,30,605,6121.874273027431
True,0.00489811,30,606,6124.811406848765
True,0.00492327,30,607,6093.511020114679
True,0.00489676,30,608,6126.499971409667
True,0.00489653,30,609,6126.787745607604
True,0.00491334,30,610,6105.826179340326
True,0.00491897,30,611,6098.837764816618
True,0.00488869,30,612,6136.613284949546
True,0.004899,30,613,6123.69871402327
True,0.0048971,30,614,6126.074615588818
True,0.00490166,30,615,6120.375546243517
True,0.00491152,30,616,6108.08873831319
True,0.00489273,30,617,6131.546192003238
True,0.00490159,30,618,6120.462951817675
True,0.00490248,30,619,6119.351838253292
True,0.00491875,30,620,6099.1105463786525
True,0.00489965,30,621,6122.886328615309
True,0.00490524,30,622,6115.9087017149
True,0.0049084,30,623,6111.971314481297
True,0.00489671,30,624,6126.562528718261
True,0.00490984,30,625,6110.178743095497
True,0.00482542,30,626,6217.075404835226
True,0.00457871,30,627,6552.0637908930685
True,0.00458163,30,628,6547.88797873246
True,0.00458201,30,629,6547.344942503399
True,0.00458578,30,630,6541.9623270196125
True,0.00462111,30,631,6491.946740068944
True,0.00460032,30,632,6521.285475792989
True,0.00458793,30,633,6538.8966265832305
True,0.00458928,30,634,6536.97311996653
True,0.00458089,30,635,6548.945728886745
True,0.00457906,30,636,6551.562984542678
True,0.00459947,30,637,6522.490634790531
True,0.00458452,30,638,6543.760306422483
True,0.00458975,30,639,6536.303720246201
True,0.00458149,30,640,6548.088067419115
True,0.00458564,30,641,6542.162053715511
True,0.00461505,30,642,6500.471284168102
True,0.00458572,30,643,6542.047922681717
True,0.00459431,30,644,6529.816229205257
True,0.0045782,30,645,6552.793674369839
True,0.00458661,30,646,6540.778483455101
True,0.00457958,30,647,6550.819070744479
True,0.00458291,30,648,6546.059163282718
True,0.0045751,30,649,6557.233721667286
True,0.0045818,30,650,6547.645030337422
True,0.00459773,30,651,6524.959055881924
True,0.00457786,30,652,6553.280353702386
True,0.00458173,30,653,6547.745065728447
True,0.00459658,30,654,6526.591509339552
True,0.00459576,30,655,6527.756018591049
True,0.00457758,30,656,6553.681202731574
True,0.00457847,30,657,6552.407245215104
True,0.00459496,30,658,6528.892525723836
True,0.00457973,30,659,6550.604511619681
True,0.00458229,30,660,6546.944868177265
True,0.00458724,30,661,6539.88018939493
True,0.00458291,30,662,6546.059163282718
True,0.00457684,30,663,6554.740825547758
True,0.00458768,30,664,6539.252955742336
True,0.00459827,30,665,6524.192794246532
True,0.00458718,30,666,6539.965730579572
True,0.00458976,30,667,6536.289479188455
True,0.0045909,30,668,6534.666405280011
True,0.00460213,30,669,6518.720679337611
True,0.00501871,30,670,5977.631702170478
True,0.00459774,30,671,6524.944864215897
True,0.00458003,30,672,6550.175435532082
True,0.00458387,30,673,6544.688221960919
True,0.00458225,30,674,6547.002018658955
True,0.00458528,30,675,6542.675692651267
True,0.00458858,30,676,6537.970352483775
True,0.00462602,30,677,6485.056268671558
True,0.00458492,30,678,6543.189412247106
True,0.00458011,30,679,6550.061024735213
True,0.00458574,30,680,6542.019390545474
True,0.00458177,30,681,6547.687902273576
True,0.0045807,30,682,6549.217368524462
True,0.00458287,30,683,6546.116298302155
True,0.00460339,30,684,6516.936431629734
True,0.00458404,30,685,6544.445510946675
True,0.00458791,30,686,6538.925131486886
True,0.00458227,30,687,6546.973443293389
True,0.00459297,30,688,6531.7213045153785
True,0.00458795,30,689,6538.868121928093
True,0.00458981,30,690,6536.218274830549
True,0.00459927,30,691,6522.774266350964
True,0.00458597,30,692,6541.6912888658235
True,0.00458403,30,693,6544.459787566835
True,0.00458689,30,694,6540.379211186665
True,0.00458194,30,695,6547.444968725038
True,0.00458967,30,696,6536.417650942225
True,0.00458455,30,697,6543.717485903742
True,0.00459251,30,698,6532.3755419149875
True,0.00459307,30,699,6531.57909633426
True,0.00460094,30,700,6520.406699500536
True,0.00458102,30,701,6548.759883170123
True,0.00458679,30,702,6540.521802829429
True,0.00458774,30,703,6539.167433202405
True,0.00458617,30,704,6541.406009807749
True,0.00459833,30,705,6524.107665174095
True,0.00458485,30,706,6543.28931153691
True,0.00458013,30,707,6550.032422660493
True,0.00457996,30,708,6550.275548258063
True,0.00457654,30,709,6555.170499984705
True,0.00457565,30,710,6556.44553232874
True,0.00459721,30,711,6525.697107593519
True,0.00458559,30,712,6542.233387633871
True,0.00458467,30,713,6543.54620943274
True,0.00457933,30,714,6551.176700521692
True,0.00458017,30,715,6549.975219260421
True,0.00458645,30,716,6541.006660925117
True,0.00458594,30,717,6541.734082870687
True,0.00459606,30,718,6527.329930418663
True,0.00457879,30,719,6551.949314120106
True,0.00459158,30,720,6533.698639683944
True,0.00458508,30,721,6542.961082467481
True,0.00459698,30,722,6526.023606802728
True,0.00461669,30,723,6498.162103151825
True,0.00463496,30,724,6472.547767402524
True,0.00463447,30,725,6473.23210636815
True,0.0046011,30,726,6520.179956966812
True,0.00460015,30,727,6521.526471962871
True,0.00460403,30,728,6516.03052108696
True,0.00459875,30,729,6523.51182386518
True,0.00459483,30,730,6529.077245512891
True,0.00459466,30,731,6529.3188179321205
True,0.00460564,30,732,6513.752703207371
True,0.00458835,30,733,6538.298081009513
True,0.00459022,30,734,6535.634457607696
True,0.00459131,30,735,6534.082865238896
True,0.00459499,30,736,6528.849899564525
True,0.00458486,30,737,6543.2750400230325
True,0.00460502,30,738,6514.629686733174
True,0.00468591,30,739,6402.171616612355
True,0.00459322,30,740,6531.365795672752
True,0.00458841,30,741,6538.212583443938
True,0.0045938,30,742,6530.541164177805
True,0.00458917,30,743,6537.129807786593
True,0.00459416,30,744,6530.029428665958
True,0.00463596,30,745,6471.151606139829
True,0.00459486,30,746,6529.034616941539
True,0.00459083,30,747,6534.766044484331
True,0.00459757,30,748,6525.186130934386
True,0.00458888,30,749,6537.54292986524
True,0.00460095,30,750,6520.3925276301625
True,0.00460291,30,751,6517.616029859371
True,0.00460837,30,752,6509.893953827493
True,0.00459813,30,753,6524.391437388678
True,0.004595,30,754,6528.8356909684435
True,0.00459051,30,755,6535.221576687558
True,0.00459646,30,756,6526.7618993747365
True,0.00459778,30,757,6524.888098169116
True,0.00460672,30,758,6512.225618227286
True,0.00460132,30,759,6519.868211730547
True,0.00458969,30,760,6536.389167895872
True,0.00459582,30,761,6527.6707965063915
True,0.00460196,30,762,6518.96148597554
True,0.00459484,30,763,6529.063035927257
True,0.00459247,30,764,6532.432438317506
True,0.00459799,30,765,6524.590092627431
True,0.00458933,30,766,6536.9019007131765
True,0.0046052,30,767,6514.375054286458
True,0.00460152,30,768,6519.584832837845
True,0.00458672,30,769,6540.6216206788295
True,0.00458467,30,770,6543.54620943274
True,0.00458775,30,771,6539.1531796632335
True,0.00460223,30,772,6518.57903668439
True,0.00459064,30,773,6535.036509070631
True,0.00459279,30,774,6531.977294846923
True,0.00458857,30,775,6537.9846008669365
True,0.00458418,30,776,6544.245644804523
True,0.00458377,30,777,6544.831001555488
True,0.00459035,30,778,6535.4493666060325
True,0.00458175,30,779,6547.716483876248
True,0.00457485,30,780,6557.592052198433
True,0.00458044,30,781,6549.589122442386
True,0.00457531,30,782,6556.932754283316
True,0.00458168,30,783,6547.816521450646
True,0.00459158,30,784,6533.698639683944
True,0.00459199,30,785,6533.115272463573
True,0.00458009,30,786,6550.0896270597295
True,0.00457804,30,787,6553.022690933238
True,0.00457975,30,788,6550.575904798297
True,0.00458508,30,789,6542.961082467481
True,0.00459329,30,790,6531.266260131627
True,0.00459027,30,791,6535.563267520211
True,0.00459085,30,792,6534.737575830184
True,0.00458174,30,793,6547.730774771157
True,0.00457408,30,794,6558.695956345319
True,0.0045835,30,795,6545.216537580452
True,0.00458169,30,796,6547.802230181439
True,0.00458566,30,797,6542.133520583732
True,0.00458323,30,798,6545.602119029593
True,0.00460168,30,799,6519.358147459188
True,0.00459178,30,800,6533.414057293686
True,0.00458785,30,801,6539.010647689004
True,0.00459176,30,802,6533.442514417129
True,0.00458702,30,803,6540.193851345754
True,0.0045926,30,804,6532.247528633019
True,0.00459304,30,805,6531.621758138402
True,0.00461093,30,806,6506.279644236629
True,0.00459047,30,807,6535.278522678505
True,0.00458969,30,808,6536.389167895872
True,0.00459322,30,809,6531.365795672752
True,0.00459104,30,810,6534.467135986617
True,0.00459892,30,811,6523.270680942482
True,0.00458698,30,812,6540.250884023911
True,0.00464038,30,813,6464.987781173093
True,0.00459485,30,814,6529.048826403473
True,0.00460333,30,815,6517.021373657765
True,0.00473238,30,816,6339.304958604339
True,0.00459324,30,817,6531.337356637145
True,0.00458964,30,818,6536.460375977201
True,0.00460491,30,819,6514.785305250265
True,0.00458994,30,820,6536.033150760141
True,0.00459482,30,821,6529.0914551603755
True,0.00459495,30,822,6528.906734567297
True,0.00458965,30,823,6536.446134236816
True,0.00459156,30,824,6533.727099286517
True,0.00459038,30,825,6535.40665478675
True,0.00460616,30,826,6513.017350678222
True,0.00459351,30,827,6530.953453894734
True,0.00458739,30,828,6539.666346223015
True,0.00459182,30,829,6533.357143790479
True,0.00458586,30,830,6541.848202954299
True,0.00460419,30,831,6515.804082802838
True,0.00460377,30,832,6516.398516867697
True,0.00458975,30,833,6536.303720246201
True,0.00459481,30,834,6529.105664869711
True,0.00461086,30,835,6506.378419644058
True,0.0046091,30,836,6508.862901651082
True,0.00459431,30,837,6529.816229205257
True,0.00459475,30,838,6529.190924424615
True,0.00461127,30,839,6505.799920629242
True,0.0045992,30,840,6522.873543224909
True,0.00459474,30,841,6529.205134566918
True,0.004597,30,842,6525.995214270176
True,0.00460405,30,843,6516.002215440753
True,0.00476042,30,844,6301.964952672244
True,0.00492303,30,845,6093.8080816082775
True,0.00491123,30,846,6108.449410840054
True,0.00491535,30,847,6103.329366169246
True,0.00490852,30,848,6111.821893360931
True,0.0049206,30,849,6096.817461285209
True,0.00491788,30,850,6100.18951255419
True,0.00490519,30,851,6115.9710429157685
True,0.00490985,30,852,6110.16629835942
True,0.00490936,30,853,6110.776150048072
True,0.00492206,30,854,6095.009000296624
True,0.00490663,30,855,6114.176124957455
True,0.00490957,30,856,6110.514770132619
True,0.00492839,30,857,6087.180600561238
True,0.00494729,30,858,6063.925906910652
True,0.00491141,30,859,6108.225540119844
True,0.00491519,30,860,6103.528042659592
True,0.00492374,30,861,6092.9293585770165
True,0.00490935,30,862,6110.788597268478
True,0.00492786,30,863,6087.835287528461
True,0.00491165,30,864,6107.927071350768
True,0.00490681,30,865,6113.951834287449
True,0.00490954,30,866,6110.552108751533
True,0.0049231,30,867,6093.721435680771
True,0.00491086,30,868,6108.909641081195
True,0.00491278,30,869,6106.522172782009
True,0.00491245,30,870,6106.932386080266
True,0.00492087,30,871,6096.482938992495
True,0.00491151,30,872,6108.101174587856
True,0.00491282,30,873,6106.472453702761
True,0.00491794,30,874,6100.11508883801
True,0.00491006,30,875,6109.904970611357
True,0.00491809,30,876,6099.9290374921975
True,0.00492436,30,877,6092.162230218749
True,0.00496038,30,878,6047.923747777388
True,0.00494401,30,879,6067.948891689134
True,0.00465696,30,880,6441.970727685013
True,0.00457683,30,881,6554.75514712148
True,0.00459233,30,882,6532.631583531671
True,0.00457644,30,883,6555.313737315468
True,0.00458453,30,884,6543.746032853967
True,0.00458324,30,885,6545.587837425053
True,0.00458215,30,886,6547.144899228528
True,0.0045904,30,887,6535.378180550715
True,0.00458435,30,888,6544.002966614678
True,0.00458073,30,889,6549.17447655723
True,0.00458811,30,890,6538.640093633326
True,0.00458096,30,891,6548.84565680556
True,0.0045743,30,892,6558.380517237611
True,0.00459103,30,893,6534.4813691045365
True,0.0045972,30,894,6525.711302531976
True,0.00457918,30,895,6551.3912971318005
True,0.00457386,30,896,6559.011425797904
True,0.00457863,30,897,6552.178271666416
True,0.00457433,30,898,6558.337505164691
True,0.00457117,30,899,6562.871212402951
True,0.00457502,30,900,6557.348383176467
True,0.00461961,30,901,6494.054692928625
True,0.00457244,30,902,6561.0483680485695
True,0.00457576,30,903,6556.287917198455
True,0.0045707,30,904,6563.546065154134
True,0.00457588,30,905,6556.115982062466
True,0.00457261,30,906,6560.804442101994
True,0.00457385,30,907,6559.025766039551
True,0.00458538,30,908,6542.5330070790205
True,0.00457846,30,909,6552.4215565932645
True,0.00457604,30,910,6555.886749241702
True,0.00456907,30,911,6565.887587627241
True,0.00457132,30,912,6562.655863076748
True,0.00456956,30,913,6565.183518763294
True,0.00456995,30,914,6564.623245330912
True,0.0045846,30,915,6543.646119617851
True,0.00457137,30,916,6562.584083108565
True,0.00457077,30,917,6563.445546374024
True,0.00457092,30,918,6563.230159355228
True,0.00458029,30,919,6549.803615054942
True,0.00457778,30,920,6553.394876992778
True,0.00458671,30,921,6540.635880620314
True,0.0046093,30,922,6508.580478597618
True,0.00460423,30,923,6515.747475690832
True,0.00460333,30,924,6517.021373657765
True,0.00459377,30,925,6530.583812424218
True,0.00459296,30,926,6531.735525674075
True,0.00459076,30,927,6534.865686727252
True,0.00460411,30,928,6515.917299977629
True,0.00459484,30,929,6529.063035927257
True,0.0045879,30,930,6538.939384031911
True,0.00459278,30,931,6531.991517120349
True,0.00458438,30,932,6543.960142920089
True,0.00458465,30,933,6543.574754888596
True,0.00459524,30,934,6528.494703214631
True,0.00460307,30,935,6517.38948136787
True,0.00458794,30,936,6538.882374224597
True,0.00458603,30,937,6541.605702535745
True,0.00458876,30,938,6537.713892206173
True,0.00458453,30,939,6543.746032853967
True,0.00457421,30,940,6558.509556841509
True,0.00458257,30,941,6546.544842741082
True,0.00460254,30,942,6518.139983574288
True,0.00459019,30,943,6535.677172404628
True,0.00457487,30,944,6557.563384314745
True,0.00458074,30,945,6549.160179359667
True,0.00459507,30,946,6528.73623252747
True,0.00459341,30,947,6531.095634833381
True,0.0045819,30,948,6547.502127938192
True,0.00459547,30,949,6528.167956705191
True,0.00457977,30,950,6550.5472982267665
True,0.00458137,30,951,6548.259581740833
True,0.00457986,30,952,6550.418571746734
True,0.00458318,30,953,6545.673527987118
True,0.00458688,30,954,6540.39347007116
True,0.00459405,30,955,6530.18578378555
True,0.00458778,30,956,6539.110419418543
True,0.004581,30,957,6548.788474132286
True,0.00458543,30,958,6542.461666626686
True,0.00458549,30,959,6542.376060137521
True,0.0045885,30,960,6538.084341288003
True,0.00459002,30,961,6535.919233467392
True,0.00460144,30,962,6519.698181438854
True,0.00459853,30,963,6523.823917643247
True,0.004591,30,964,6534.524068830321
True,0.00457803,30,965,6553.0370049999665
True,0.00458619,30,966,6541.377483270427
True,0.0045933,30,967,6531.252041016263
True,0.00458263,30,968,6546.459129364579
True,0.00463097,30,969,6478.12445340825
True,0.00458575,30,970,6542.00512457068
True,0.00457787,30,971,6553.266038572523
True,0.00457766,30,972,6553.566669433729
True,0.00458605,30,973,6541.577174256713
True,0.00458915,30,974,6537.158297288169
True,0.00458192,30,975,6547.473548206865
True,0.00459662,30,976,6526.534714638147
True,0.0045866,30,977,6540.792744080583
True,0.00458432,30,978,6544.045790869747
True,0.00457877,30,979,6551.977932938322
True,0.004583,30,980,6545.930613135501
True,0.0045811,30,981,6548.6455218179035
True,0.00458198,30,982,6547.3878105098665
True,0.00459635,30,983,6526.918098056066
True,0.00457734,30,984,6554.024826646043
True,0.00457793,30,985,6553.180149106693
True,0.0045744,30,986,6558.237145855194
True,0.00457673,30,987,6554.89836630083
True,0.00458526,30,988,6542.704230512556
True,0.0045805,30,989,6549.503329330859
True,0.0046152,30,990,6500.260010400416
True,0.00460343,30,991,6516.879804841173
True,0.00460369,30,992,6516.5117547011205
True,0.00458373,30,993,6544.888115137672
True,0.0045914,30,994,6533.954785032888
True,0.00458448,30,995,6543.817401319234
True,0.00460307,30,996,6517.38948136787
True,0.00458567,30,997,6542.119254111177
True,0.00459479,30,998,6529.134084473937
True,0.00461887,30,999,6495.095120668043
True,0.00459259,30,1000,6532.261752083247
True,0.00455955,30,1001,6579.596670724085
True,0.00455891,30,1002,6580.520343678642
True,0.00457893,30,1003,6551.748989392719
True,0.00456503,30,1004,6571.69832399787
True,0.0045657,30,1005,6570.733950982325
True,0.00456212,30,1006,6575.890156330828
True,0.00456174,30,1007,6576.437938155178
True,0.00455666,30,1008,6583.769690957851
True,0.00456139,30,1009,6576.942554791412
True,0.00456826,30,1010,6567.051787770398
True,0.00456294,30,1011,6574.708411681942
True,0.00455828,30,1012,6581.429837570312
True,0.00456149,30,1013,6576.798370707817
True,0.00458104,30,1014,6548.731292457608
True,0.00457936,30,1015,6551.133782886692
True,0.00456783,30,1016,6567.6699877184565
True,0.00458032,30,1017,6549.760715408531
True,0.00457116,30,1018,6562.88556952721
True,0.00457111,30,1019,6562.957356090753
True,0.00456951,30,1020,6565.255355607057
True,0.00457182,30,1021,6561.938134047273
True,0.00456727,30,1022,6568.475259837934
True,0.00456568,30,1023,6570.7627341381785
True,0.00458314,30,1024,6545.730656274955
True,0.00457087,30,1025,6563.301953457438
True,0.00456419,30,1026,6572.907788676633
True,0.00456514,30,1027,6571.539974677667
True,0.0045634,30,1028,6574.045667703906
True,0.00456765,30,1029,6567.928803651768
True,0.00456512,30,1030,6571.568764895556
True,0.00457841,30,1031,6552.493114421819
True,0.00456374,30,1032,6573.555899328182
True,0.00457021,30,1033,6564.249782832737
True,0.00456398,30,1034,6573.210224409398
True,0.00456714,30,1035,6568.662226251002
True,0.00456025,30,1036,6578.586700290554
True,0.00469017,30,1037,6396.356635260556
True,0.00458679,30,1038,6540.521802829429
True,0.00455784,30,1039,6582.06518877363
True,0.00457214,30,1040,6561.47886985088
True,0.00456509,30,1041,6571.611950695386
True,0.0045616,30,1042,6576.639775517363
True,0.00456563,30,1043,6570.834693131068
True,0.00456639,30,1044,6569.741086503781
True,0.00458838,30,1045,6538.255331947223
True,0.00457248,30,1046,6560.990972076422
True,0.00456754,30,1047,6568.0869789865
True,0.00456152,30,1048,6576.755116715481
True,0.0045675,30,1049,6568.144499178981
True,0.00457035,30,1050,6564.048705241393
True,0.00456933,30,1051,6565.513981262024
True,0.00459328,30,1052,6531.2804793089035
True,0.00457306,30,1053,6560.158843312793
True,0.00457288,30,1054,6560.417067581044
True,0.00456978,30,1055,6564.867455326077
True,0.00456917,30,1056,6565.743887839586
True,0.00457061,30,1057,6563.675308109859
True,0.00457319,30,1058,6559.972360649786
True,0.00460151,30,1059,6519.599001197434
True,0.00458689,30,1060,6540.379211186665
True,0.00457104,30,1061,6563.057859918093
True,0.00457634,30,1062,6555.4569809061395
True,0.00457403,30,1063,6558.767651283441
True,0.00457736,30,1064,6553.996189943548
True,0.00457206,30,1065,6561.593679872967
True,0.00458401,30,1066,6544.48834099402
True,0.00457129,30,1067,6562.69893181137
True,0.00457693,30,1068,6554.611934200436
True,0.00457425,30,1069,6558.452205279554
True,0.00457026,30,1070,6564.177967993069
True,0.00456561,30,1071,6570.863477169534
True,0.00457528,30,1072,6556.975747932367
True,0.0045878,30,1073,6539.081912899428
True,0.00458152,30,1074,6548.045190242539
True,0.00456985,30,1075,6564.766896068798
True,0.00457589,30,1076,6556.1016545415205
True,0.00456744,30,1077,6568.230781356734
True,0.0045729,30,1078,6560.388374991799
True,0.00457266,30,1079,6560.732702628229
True,0.00458329,30,1080,6545.516430337159
True,0.00456492,30,1081,6571.856680949501
True,0.0045854,30,1082,6542.504470711388
True,0.00458354,30,1083,6545.159418266231
True,0.00457086,30,1084,6563.316312466362
True,0.0045611,30,1085,6577.360724386661
True,0.00456549,30,1086,6571.03618669628
True,0.0045842,30,1087,6544.217093495048
True,0.0045634,30,1088,6574.045667703906
True,0.00456693,30,1089,6568.964271403327
True,0.00456522,30,1090,6571.424816328677
True,0.00456743,30,1091,6568.2451619400845
True,0.00455775,30,1092,6582.195162086556
True,0.00456501,30,1093,6571.727115603251
True,0.00457627,30,1094,6555.557255144473
True,0.00457077,30,1095,6563.445546374024
True,0.00456973,30,1096,6564.939285253176
True,0.00456215,30,1097,6575.846914283836
True,0.00467659,30,1098,6414.930536993836
True,0.00488691,30,1099,6138.848474803096
True,0.00489622,30,1100,6127.175657956546
True,0.00489165,30,1101,6132.899941737451
True,0.00488962,30,1102,6135.446108286534
True,0.00488909,30,1103,6136.111219061217
True,0.00491651,30,1104,6101.889348338557
True,0.0049109,30,1105,6108.859883117148
True,0.0048994,30,1106,6123.1987590317185
True,0.00488298,30,1107,6143.789243453793
True,0.00488646,30,1108,6139.413808769539
True,0.00488771,30,1109,6137.843693672497
True,0.00488792,30,1110,6137.579993125911
True,0.00489074,30,1111,6134.041065360252
True,0.00488837,30,1112,6137.01499681898
True,0.00490261,30,1113,6119.189574532749
True,0.00485159,30,1114,6183.539829210629
True,0.00457236,30,1115,6561.163163005537
True,0.00459399,30,1116,6530.27107155218
True,0.00457725,30,1117,6554.153694904146
True,0.00456636,30,1118,6569.784248285286
True,0.00456875,30,1119,6566.347469220246
True,0.00458113,30,1120,6548.602637340568
True,0.00456552,30,1121,6570.993008463439
True,0.0046352,30,1122,6472.212633759062
True,0.00465303,30,1123,6447.4116865784235
True,0.00465318,30,1124,6447.203847691257
True,0.00463061,30,1125,6478.628085716568
True,0.00466281,30,1126,6433.888577917608
True,0.00471336,30,1127,6364.886195834819
True,0.0046636,30,1128,6432.7986962861305
True,0.00466628,30,1129,6429.104125770421
True,0.00463121,30,1130,6477.788742035019
True,0.00460805,30,1131,6510.346024891223
True,0.00469085,30,1132,6395.429399788951
True,0.00467035,30,1133,6423.501450640744
True,0.00467129,30,1134,6422.208854513422
True,0.00467393,30,1135,6418.581365146676
True,0.00466888,30,1136,6425.523894381521
True,0.00462078,30,1137,6492.410372274811
True,0.0045931,30,1138,6531.536435087413
True,0.00456813,30,1139,6567.238673155099
True,0.00457173,30,1140,6562.067313686503
True,0.00456637,30,1141,6569.76986096177
True,0.00456207,30,1142,6575.962227672965
True,0.00457193,30,1143,6561.780254728309
True,0.00456294,30,1144,6574.708411681942
True,0.00457811,30,1145,6552.922494217046
True,0.00456888,30,1146,6566.160634553764
True,0.00456953,30,1147,6565.226620680902
True,0.0045694,30,1148,6565.413402197224
True,0.0045924,30,1149,6532.532009406847
True,0.00458329,30,1150,6545.516430337159
True,0.00457527,30,1151,6556.99007927401
True,0.00458623,30,1152,6541.32043094219
True,0.00457067,30,1153,6563.589145573844
True,0.00456839,30,1154,6566.864913021874
True,0.00456441,30,1155,6572.590981090656
True,0.00456582,30,1156,6570.561257342602
True,0.00456957,30,1157,6565.16915158319
True,0.00456829,30,1158,6567.008661884425
True,0.0045839,30,1159,6544.645389297323
True,0.00457131,30,1160,6562.670219258812
True,0.00457361,30,1161,6559.369950651674
True,0.00456894,30,1162,6566.074406755178
True,0.0045684,30,1163,6566.850538481744
True,0.00457116,30,1164,6562.88556952721
True,0.00457389,30,1165,6558.968405449192
True,0.00457894,30,1166,6551.73468095236
True,0.00457469,30,1167,6557.821404291875
True,0.00461991,30,1168,6493.63299285051
True,0.00459386,30,1169,6530.455869356054
True,0.00457867,30,1170,6552.121030779681
True,0.00457303,30,1171,6560.201879279166
True,0.00458402,30,1172,6544.474064249283
True,0.0045993,30,1173,6522.731720044355
True,0.00456742,30,1174,6568.259542586406
True,0.00469892,30,1175,6384.44578754267
True,0.00457249,30,1176,6560.976623240291
True,0.00457042,30,1177,6563.948171065241
True,0.00457054,30,1178,6563.77583392772
True,0.00457639,30,1179,6555.38535832829
True,0.0045959,30,1180,6527.557170521552
True,0.00457746,30,1181,6553.853010184687
True,0.00458449,30,1182,6543.803127501641
True,0.00457786,30,1183,6553.280353702386
True,0.00457342,30,1184,6559.642455755212
True,0.0045687,30,1185,6566.419331538512
True,0.00457204,30,1186,6561.622383006273
True,0.00457886,30,1187,6551.849150225165
True,0.00457257,30,1188,6560.861834810621
True,0.00456655,30,1189,6569.510899913502
True,0.00457274,30,1190,6560.617922733416
True,0.00457316,30,1191,6560.015394169459
True,0.00456825,30,1192,6567.066163191594
True,0.00456832,30,1193,6566.965536564864
True,0.00460071,30,1194,6520.7326695227475
True,0.0045873,30,1195,6539.794650447976
True,0.0045736,30,1196,6559.384292461082
True,0.0045707,30,1197,6563.546065154134
True,0.00456729,30,1198,6568.4464967190615
True,0.00456954,30,1199,6565.212253312149
True,0.00456549,30,1200,6571.03618669628
True,0.0045749,30,1201,6557.520382959191
True,0.00456651,30,1202,6569.568445048844
True,0.00456795,30,1203,6567.497455094735
True,0.00456667,30,1204,6569.338270556007
True,0.00456336,30,1205,6574.103292310929
True,0.00456679,30,1206,6569.165650270758
True,0.00457738,30,1207,6553.9675534912985
True,0.004584,30,1208,6544.502617801047
True,0.0045718,30,1209,6561.9668401942345
True,0.00457682,30,1210,6554.769468757784
True,0.00458193,30,1211,6547.459258434765
True,0.00459098,30,1212,6534.552535624202
True,0.00458452,30,1213,6543.760306422483
True,0.00458541,30,1214,6542.490202620922
True,0.00459426,30,1215,6529.887294145303
True,0.00459017,30,1216,6535.705649246106
True,0.00459297,30,1217,6531.7213045153785
True,0.0046002,30,1218,6521.45558888744
True,0.00457436,30,1219,6558.2944936559425
True,0.00458267,30,1220,6546.401988360498
True,0.00458997,30,1221,6535.990431310009
True,0.00458577,30,1222,6541.97659280775
True,0.00457924,30,1223,6551.305456800692
True,0.00458174,30,1224,6547.730774771157
True,0.00457324,30,1225,6559.900639371649
True,0.00457779,30,1226,6553.380561362579
True,0.00457964,30,1227,6550.733245407936
True,0.00459386,30,1228,6530.455869356054
True,0.00458145,30,1229,6548.145237861376
True,0.00457951,30,1230,6550.919203146188
True,0.00457848,30,1231,6552.392933899459
True,0.0045852,30,1232,6542.7898455901595
True,0.00457933,30,1233,6551.176700521692
True,0.0045842,30,1234,6544.217093495048
True,0.00458932,30,1235,6536.916144439699
True,0.00457124,30,1236,6562.770714291964
True,0.00458011,30,1237,6550.061024735213
True,0.00458528,30,1238,6542.675692651267
True,0.00457865,30,1239,6552.1496510980305
True,0.0045931,30,1240,6531.536435087413
True,0.00459208,30,1241,6532.987230187628
True,0.00459203,30,1242,6533.058364165739
True,0.00457618,30,1243,6555.686183672845
True,0.00456717,30,1244,6568.619079210978
True,0.00457436,30,1245,6558.2944936559425
True,0.00457381,30,1246,6559.083127633198
True,0.00457501,30,1247,6557.362716147069
True,0.00457016,30,1248,6564.32159924379
True,0.00458172,30,1249,6547.759356748121
True,0.00457571,30,1250,6556.359559500055
True,0.00457997,30,1251,6550.261246252705
True,0.00457562,30,1252,6556.488519588603
True,0.00457416,30,1253,6558.5812477044965
True,0.00458611,30,1254,6541.49159091256
True,0.00457419,30,1255,6558.53823299863
True,0.00459413,30,1256,6530.072070228748
True,0.004572,30,1257,6561.679790026247
True,0.00457652,30,1258,6555.1991469500845
True,0.0047206,30,1259,6355.124348599754
True,0.00457998,30,1260,6550.246944309801
True,0.00456828,30,1261,6567.0230371168145
True,0.00456217,30,1262,6575.8180865684535
True,0.00461712,30,1263,6497.556918598607
True,0.00457272,30,1264,6560.646617330604
True,0.00457065,30,1265,6563.617866167832
True,0.00457238,30,1266,6561.134463889703
True,0.0045759,30,1267,6556.087327083197
True,0.00456724,30,1268,6568.51840498857
True,0.00457682,30,1269,6554.769468757784
True,0.00457911,30,1270,6551.491447027916
True,0.0045779,30,1271,6553.223093558181
True,0.00458065,30,1272,6549.28885638501
True,0.00456616,30,1273,6570.072007989208
True,0.00457084,30,1274,6563.3450306727
True,0.00457357,30,1275,6559.4273182656
True,0.00458736,30,1276,6539.7091137386205
True,0.00457523,30,1277,6557.047405267058
True,0.0045767,30,1278,6554.941333275066
True,0.0045724,30,1279,6561.105765024932
True,0.00457563,30,1280,6556.4741904393495
True,0.00457399,30,1281,6558.825008362502
True,0.00457626,30,1282,6555.571580286085
True,0.00459391,30,1283,6530.384792039897
True,0.00457924,30,1284,6551.305456800692
True,0.00459646,30,1285,6526.7618993747365
True,0.00459344,30,1286,6531.052979901773
True,0.0045818,30,1287,6547.645030337422
True,0.00458744,30,1288,6539.595068273373
True,0.00457509,30,1289,6557.248054136639
True,0.00459044,30,1290,6535.3212328229965
True,0.00457533,30,1291,6556.904092163844
True,0.00457299,30,1292,6560.259261446013
True,0.00457596,30,1293,6556.0013636482845
True,0.00457359,30,1294,6559.398634333204
True,0.00457943,30,1295,6551.033643925118
True,0.0045862,30,1296,6541.363220095067
True,0.00460161,30,1297,6519.457320372652
True,0.0045907,30,1298,6534.951096782626
True,0.00458157,30,1299,6547.973729529397
True,0.00458546,30,1300,6542.418863102065
True,0.00458188,30,1301,6547.53070791902
True,0.00457949,30,1302,6550.947812966072
True,0.00458482,30,1303,6543.332126452075
True,0.00460303,30,1304,6517.446117014228
True,0.00458978,30,1305,6536.260997259128
True,0.00457586,30,1306,6556.144637292225
True,0.00457619,30,1307,6555.6718580303705
True,0.00460315,30,1308,6517.276213028034
True,0.00460171,30,1309,6519.3156457056175
True,0.00458983,30,1310,6536.189793521765
True,0.00459835,30,1311,6524.079289310296
True,0.00457856,30,1312,6552.2784456248255
True,0.00458029,30,1313,6549.803615054942
True,0.00457733,30,1314,6554.039145091134
True,0.00457579,30,1315,6556.244932569021
True,0.00458644,30,1316,6541.020922545591
True,0.00457571,30,1317,6556.359559500055
True,0.00460158,30,1318,6519.499823973505
True,0.00458225,30,1319,6547.002018658955
True,0.004574,30,1320,6558.810668998688
True,0.00457737,30,1321,6553.981871686143
True,0.00457873,30,1322,6552.0351713248
True,0.00457708,30,1323,6554.3971265523
True,0.00459669,30,1324,6526.4353262891345
True,0.00458226,30,1325,6546.987730944992
True,0.00458172,30,1326,6547.759356748121
True,0.00457835,30,1327,6552.578985879192
True,0.00457716,30,1328,6554.282568230081
True,0.00457657,30,1329,6555.127530006096
True,0.00457168,30,1330,6562.139082350471
True,0.00461627,30,1331,6498.753322487637
True,0.00457805,30,1332,6553.008376929041
True,0.00487701,30,1333,6151.3099214477725
True,0.0048913,30,1334,6133.338785190031
True,0.00489135,30,1335,6133.276089423165
True,0.00491196,30,1336,6107.541592358244
True,0.00488892,30,1337,6136.324587025356
True,0.0049412,30,1338,6071.399660001619
True,0.00491199,30,1339,6107.504290521764
True,0.00488306,30,1340,6143.6885887128155
True,0.00489372,30,1341,6130.305779652289
True,0.00487449,30,1342,6154.490008185471
True,0.004869,30,1343,6161.429451632779
True,0.00487401,30,1344,6155.0961118257865
True,0.00488668,30,1345,6139.137410266275
True,0.00488382,30,1346,6142.7325331400425
True,0.00487549,30,1347,6153.2276755772245
True,0.00487754,30,1348,6150.641511909693
True,0.00487679,30,1349,6151.5874171329915
True,0.004884,30,1350,6142.506142506142
True,0.004878,30,1351,6150.061500615006
True,0.00489687,30,1352,6126.362349827543
True,0.00489301,30,1353,6131.1953174017635
True,0.00490516,30,1354,6116.008448246336
True,0.00488682,30,1355,6138.961533267033
True,0.00488248,30,1356,6144.418410316069
True,0.00488126,30,1357,6145.954118403854
True,0.00488054,30,1358,6146.860798190364
True,0.00489226,30,1359,6132.135250375082
True,0.00488301,30,1360,6143.751497539427
True,0.00487623,30,1361,6152.293882774193
True,0.00487534,30,1362,6153.416992455911
True,0.00465151,30,1363,6449.518543440732
True,0.0045677,30,1364,6567.856908290824
True,0.00456718,30,1365,6568.604696990265
True,0.00457101,30,1366,6563.100933929262
True,0.0045712,30,1367,6562.82814140707
True,0.00456818,30,1368,6567.166792902206
True,0.00457137,30,1369,6562.584083108565
True,0.0045794,30,1370,6551.076560248068
True,0.00457284,30,1371,6560.474453512478
True,0.00457838,30,1372,6552.536049869168
True,0.00456994,30,1373,6564.637610121797
True,0.00457626,30,1374,6555.571580286085
True,0.00458389,30,1375,6544.659666789561
True,0.00456344,30,1376,6573.988044107077
True,0.00457387,30,1377,6558.997085618962
True,0.00456146,30,1378,6576.841625269103
True,0.00456354,30,1379,6573.843989534441
True,0.00456565,30,1380,6570.805909344781
True,0.00456757,30,1381,6568.043839503281
True,0.00456726,30,1382,6568.489641491835
True,0.00456568,30,1383,6570.7627341381785
True,0.00456737,30,1384,6568.331446762579
True,0.00458896,30,1385,6537.428959938636
True,0.00457242,30,1386,6561.077066411222
True,0.004574,30,1387,6558.810668998688
True,0.00457166,30,1388,6562.1677902556185
True,0.00457703,30,1389,6554.468727537289
True,0.00457832,30,1390,6552.621922451904
True,0.00458127,30,1391,6548.402517205927
True,0.00457627,30,1392,6555.557255144473
True,0.00457092,30,1393,6563.230159355228
True,0.00456826,30,1394,6567.051787770398
True,0.00456151,30,1395,6576.769534649709
True,0.00456208,30,1396,6575.947813278154
True,0.00458085,30,1397,6549.002914306297
True,0.00460257,30,1398,6518.097497702371
True,0.00457396,30,1399,6558.868026830142
True,0.00457529,30,1400,6556.96141665337
True,0.00457323,30,1401,6559.914983501813
True,0.00457589,30,1402,6556.1016545415205
True,0.00457081,30,1403,6563.388108453425
True,0.00456943,30,1404,6565.370297827081
True,0.00459246,30,1405,6532.446662573001
True,0.0045701,30,1406,6564.407781011357
True,0.00457189,30,1407,6561.837664510738
True,0.00457366,30,1408,6559.298242545357
True,0.0045699,30,1409,6564.6950699140025
True,0.00456947,30,1410,6565.312826213981
True,0.00458795,30,1411,6538.868121928093
True,0.00458584,30,1412,6541.876733597334
True,0.00458567,30,1413,6542.119254111177
True,0.00458015,30,1414,6550.003820835563
True,0.00457572,30,1415,6556.345230914479
True,0.00457508,30,1416,6557.262386668649
True,0.00457715,30,1417,6554.296887801361
True,0.00457662,30,1418,6555.055914626952
True,0.00460046,30,1419,6521.08702173261
True,0.00459635,30,1420,6526.918098056066
True,0.00457406,30,1421,6558.724634132478
True,0.00457172,30,1422,6562.081667293711
True,0.00460207,30,1423,6518.805667884235
True,0.00457526,30,1424,6557.0044106783
True,0.00457982,30,1425,6550.475782891031
True,0.00459037,30,1426,6535.420891997813
True,0.00457852,30,1427,6552.335689262032
True,0.00457422,30,1428,6558.495218856985
True,0.00458231,30,1429,6546.916293310579
True,0.00457693,30,1430,6554.611934200436
True,0.0045836,30,1431,6545.07374116415
True,0.00457977,30,1432,6550.5472982267665
True,0.00459864,30,1433,6523.667867021554
True,0.00457623,30,1434,6555.614556086561
True,0.00457502,30,1435,6557.348383176467
True,0.004576,30,1436,6555.944055944055
True,0.00457733,30,1437,6554.039145091134
True,0.00457453,30,1438,6558.05077242908
True,0.00458193,30,1439,6547.459258434765
True,0.00459561,30,1440,6527.969083538421
True,0.00458124,30,1441,6548.445399062262
True,0.00460013,30,1442,6521.554825624493
True,0.00458985,30,1443,6536.161312461191
True,0.0045755,30,1444,6556.660474265108
True,0.00458508,30,1445,6542.961082467481
True,0.00458645,30,1446,6541.006660925117
True,0.00459557,30,1447,6528.025903206783
True,0.00458131,30,1448,6548.345342271097
True,0.00456742,30,1449,6568.259542586406
True,0.00457511,30,1450,6557.219389260586
True,0.00457458,30,1451,6557.979093162651
True,0.00457263,30,1452,6560.775746124222
True,0.00458058,30,1453,6549.38894201171
True,0.00459868,30,1454,6523.611123191872
True,0.00457922,30,1455,6551.334069994453
True,0.00459078,30,1456,6534.837217204919
True,0.00457882,30,1457,6551.906386361552
True,0.00457671,30,1458,6554.927010887734
True,0.00457851,30,1459,6552.350000327618
True,0.00459321,30,1460,6531.380015283428
True,0.00457636,30,1461,6555.428331687192
True,0.00457846,30,1462,6552.4215565932645
True,0.00458578,30,1463,6541.9623270196125
True,0.00457753,30,1464,6553.752788075665
True,0.0046015,30,1465,6519.613169618603
True,0.00459807,30,1466,6524.476573866861
True,0.00459748,30,1467,6525.313867597031
True,0.00458664,30,1468,6540.735701951755
True,0.004581,30,1469,6548.788474132286
True,0.00458462,30,1470,6543.617573539355
True,0.00457783,30,1471,6553.323299467215
True,0.00457869,30,1472,6552.092410711361
True,0.00457486,30,1473,6557.577718225257
True,0.00460328,30,1474,6517.092160372604
True,0.00458324,30,1475,6545.587837425053
True,0.00457825,30,1476,6552.722109976519
True,0.00457237,30,1477,6561.148813416237
True,0.00457771,30,1478,6553.495088155432
True,0.00457954,30,1479,6550.87628888491
True,0.0045813,30,1480,6548.359635911204
True,0.00473212,30,1481,6339.653263230856
True,0.00458065,30,1482,6549.28885638501
True,0.00457741,30,1483,6553.924599282127
True,0.00457235,30,1484,6561.177512657605
True,0.0045757,30,1485,6556.373888148261
True,0.00457519,30,1486,6557.104732262485
True,0.00457393,30,1487,6558.911045862092
True,0.00462873,30,1488,6481.2594383340565
True,0.00457547,30,1489,6556.703464343554
True,0.00456991,30,1490,6564.68070487165
True,0.00456993,30,1491,6564.651974975547
True,0.00456423,30,1492,6572.850185025733
True,0.00457077,30,1493,6563.445546374024
True,0.00456247,30,1494,6575.385701166254
True,0.00458437,30,1495,6543.974417422678
True,0.00457323,30,1496,6559.914983501813
True,0.0045737,30,1497,6559.240877189147
True,0.00456986,30,1498,6564.7525307121
True,0.00456899,30,1499,6566.002551986325
True,0.00457175,30,1500,6562.038606660469
True,0.00456731,30,1501,6568.417733852093
True,0.00459415,30,1502,6530.043642458344
True,0.00456692,30,1503,6568.978655198689
True,0.00456609,30,1504,6570.172729841068
True,0.00456325,30,1505,6574.261765189284
True,0.00456971,30,1506,6564.9680176641405
True,0.00456504,30,1507,6571.6839282897845
True,0.00464004,30,1508,6465.461504642201
True,0.00459253,30,1509,6532.347094085395
True,0.00458489,30,1510,6543.2322258549275
True,0.00458315,30,1511,6545.716374109509
True,0.00456199,30,1512,6576.077545106412
True,0.00456174,30,1513,6576.437938155178
True,0.00456471,30,1514,6572.159019959648
True,0.00459452,30,1515,6529.517773347378
True,0.00457026,30,1516,6564.177967993069
True,0.00457145,30,1517,6562.469238425444
True,0.00457131,30,1518,6562.670219258812
True,0.00456738,30,1519,6568.3170658014
True,0.00457358,30,1520,6559.412976268044
True,0.0045662,30,1521,6570.014454031799
True,0.00458036,30,1522,6549.703516754141
True,0.00456255,30,1523,6575.270407995528
True,0.00456331,30,1524,6574.175324490337
True,0.00456896,30,1525,6566.0456646589155
True,0.00456343,30,1526,6574.002449911579
True,0.00456801,30,1527,6567.411192182154
True,0.00457143,30,1528,6562.497949219392
True,0.00459141,30,1529,6533.940554208838
True,0.00457156,30,1530,6562.311333549161
True,0.00456471,30,1531,6572.159019959648
True,0.00456533,30,1532,6571.266480188727
True,0.00458702,30,1533,6540.193851345754
True,0.00459209,30,1534,6532.973003577891
True,0.00457546,30,1535,6556.71779449498
True,0.0045971,30,1536,6525.853255313133
True,0.00457174,30,1537,6562.052960142089
True,0.00457919,30,1538,6551.376990253734
True,0.0045687,30,1539,6566.419331538512
True,0.00457819,30,1540,6552.807987436083
True,0.00457308,30,1541,6560.130152982235
True,0.00457308,30,1542,6560.130152982235
True,0.0045821,30,1543,6547.216341851989
True,0.00457153,30,1544,6562.3543977618
True,0.00457178,30,1545,6561.995546592356
True,0.00456536,30,1546,6571.223298929329
True,0.00457171,30,1547,6562.09602096371
True,0.00456519,30,1548,6571.468000236572
True,0.00457062,30,1549,6563.660947530095
True,0.00458964,30,1550,6536.460375977201
True,0.00457152,30,1551,6562.368752624948
True,0.00457687,30,1552,6554.697861202088
True,0.00458934,30,1553,6536.887657048726
True,0.00457964,30,1554,6550.733245407936
True,0.00458089,30,1555,6548.945728886745
True,0.00461027,30,1556,6507.211074405621
True,0.00461387,30,1557,6502.133783569975
True,0.00458254,30,1558,6546.587700271029
True,0.00458383,30,1559,6544.745333051183
True,0.00457763,30,1560,6553.609618951291
True,0.00457779,30,1561,6553.380561362579
True,0.00457746,30,1562,6553.853010184687
True,0.00458151,30,1563,6548.05948257234
True,0.00459475,30,1564,6529.190924424615
True,0.0045776,30,1565,6553.652569031807
True,0.00457748,30,1566,6553.824374983616
True,0.00457648,30,1567,6555.2564416319965
True,0.00458375,30,1568,6544.85955822198
True,0.00457701,30,1569,6554.497368369306
True,0.0045781,30,1570,6552.93680784605
True,0.00458933,30,1571,6536.9019007131765
True,0.00457432,30,1572,6558.351842459645
True,0.00457209,30,1573,6561.550625643852
True,0.00457896,30,1574,6551.706064259133
True,0.00457346,30,1575,6559.58508437813
True,0.00456657,30,1576,6569.482127723872
True,0.00457483,30,1577,6557.620720332777
True,0.0046035,30,1578,6516.780710329098
True,0.00459652,30,1579,6526.676703245064
True,0.00457073,30,1580,6563.5029852999405
True,0.00465575,30,1581,6443.64495516297
True,0.00488282,30,1582,6143.990562830495
True,0.00490765,30,1583,6112.9053620368195
True,0.00489152,30,1584,6133.062933403114
True,0.00489462,30,1585,6129.178567488386
True,0.00488966,30,1586,6135.395917098531
True,0.00488658,30,1587,6139.263042864335
True,0.00490152,30,1588,6120.550359888361
True,0.00488877,30,1589,6136.512865199222
True,0.00488968,30,1590,6135.37082181247
True,0.00488811,30,1591,6137.341426440894
True,0.00490655,30,1592,6114.275814982014
True,0.00489944,30,1593,6123.148768022468
True,0.00489932,30,1594,6123.298743499097
True,0.00488893,30,1595,6136.312035557883
True,0.00489767,30,1596,6125.361651560845
True,0.00490423,30,1597,6117.168240478118
True,0.00488351,30,1598,6143.122467241799
True,0.00489015,30,1599,6134.78114168277
True,0.00490177,30,1600,6120.238199670732
True,0.00492057,30,1601,6096.854632694993
True,0.00489633,30,1602,6127.038006016752
True,0.00489633,30,1603,6127.038006016752
True,0.00489178,30,1604,6132.736958734858
True,0.00489167,30,1605,6132.874866865508
True,0.00490989,30,1606,6110.116519922035
True,0.00488994,30,1607,6135.044601774255
True,0.00488625,30,1608,6139.677666922486
True,0.00490039,30,1609,6121.96172141401
True,0.00490991,30,1610,6110.091631007493
True,0.00485559,30,1611,6178.445873724923
True,0.00457683,30,1612,6554.75514712148
True,0.00457602,30,1613,6555.915402467646
True,0.00457907,30,1614,6551.548676914745
True,0.00457279,30,1615,6560.546187338583
True,0.00458529,30,1616,6542.661423813979
True,0.00457633,30,1617,6555.471305609517
True,0.00457423,30,1618,6558.480880935152
True,0.00457336,30,1619,6559.728514702538
True,0.00457952,30,1620,6550.904898329955
True,0.00457948,30,1621,6550.962117969725
True,0.00459071,30,1622,6534.936861618356
True,0.00460804,30,1623,6510.360153123671
True,0.00457582,30,1624,6556.201948503219
True,0.00457515,30,1625,6557.162060260319
True,0.00457158,30,1626,6562.282624388068
True,0.00457743,30,1627,6553.895963455476
True,0.00457392,30,1628,6558.925385664812
True,0.00456581,30,1629,6570.5756481325325
True,0.00458233,30,1630,6546.887718693329
True,0.00458466,30,1631,6543.5604821295365
True,0.00457958,30,1632,6550.819070744479
True,0.00457088,30,1633,6563.287594511341
True,0.00457912,30,1634,6551.477139712434
True,0.00459668,30,1635,6526.449524439378
True,0.00458104,30,1636,6548.731292457608
True,0.00464284,30,1637,6461.562319614719
True,0.00458377,30,1638,6544.831001555488
True,0.00457369,30,1639,6559.255218434131
True,0.00457928,30,1640,6551.248231162978
True,0.00457054,30,1641,6563.77583392772
True,0.00457716,30,1642,6554.282568230081
True,0.00457828,30,1643,6552.6791720908295
True,0.00461236,30,1644,6504.262459998786
True,0.00459332,30,1645,6531.223602971272
True,0.00461021,30,1646,6507.295763099729
True,0.00456925,30,1647,6565.628932538162
True,0.00457146,30,1648,6562.454883122678
True,0.00457292,30,1649,6560.359682653534
True,0.00457264,30,1650,6560.761398229469
True,0.00459356,30,1651,6530.882365746828
True,0.00457495,30,1652,6557.448715286505
True,0.00457508,30,1653,6557.262386668649
True,0.00457839,30,1654,6552.521737990866
True,0.00457266,30,1655,6560.732702628229
True,0.00457695,30,1656,6554.583292367188
True,0.00457694,30,1657,6554.597613252523
True,0.00459068,30,1658,6534.97956729722
True,0.00457626,30,1659,6555.571580286085
True,0.00456854,30,1660,6566.649301527402
True,0.00458091,30,1661,6548.917136551472
True,0.00457283,30,1662,6560.488800152203
True,0.00457914,30,1663,6551.448525268937
True,0.00456957,30,1664,6565.16915158319
True,0.0045915,30,1665,6533.812479581836
True,0.00457669,30,1666,6554.95565572499
True,0.00458938,30,1667,6536.830683011649
True,0.00459075,30,1668,6534.879921581441
True,0.00457025,30,1669,6564.192330835294
True,0.00457821,30,1670,6552.779361366123
True,0.00456988,30,1671,6564.723800187313
True,0.00458391,30,1672,6544.631111867379
True,0.00457363,30,1673,6559.341267221003
True,0.0045682,30,1674,6567.138041241627
True,0.00458045,30,1675,6549.574823434379
True,0.00457282,30,1676,6560.503146854676
True,0.00457649,30,1677,6555.242117867623
True,0.00466345,30,1678,6433.005607436554
True,0.00459131,30,1679,6534.082865238896
True,0.00456891,30,1680,6566.11752037138
True,0.00457149,30,1681,6562.411817591201
True,0.00456695,30,1682,6568.935504001576
True,0.00457722,30,1683,6554.19665211635
True,0.00458447,30,1684,6543.831675199096
True,0.00459085,30,1685,6534.737575830184
True,0.00457624,30,1686,6555.600230757129
True,0.00458327,30,1687,6545.544992985357
True,0.00457278,30,1688,6560.56053429205
True,0.00457458,30,1689,6557.979093162651
True,0.00459091,30,1690,6534.652171356005
True,0.00459448,30,1691,6529.574619978757
True,0.00458859,30,1692,6537.956104162717
True,0.00457014,30,1693,6564.350326248211
True,0.00456605,30,1694,6570.230286571544
True,0.00458784,30,1695,6539.024900606822
True,0.00457503,30,1696,6557.334050268523
True,0.00456391,30,1697,6573.31104250522
True,0.00457326,30,1698,6559.87195129951
True,0.00458269,30,1699,6546.373418232522
True,0.00457205,30,1700,6561.60803140823
True,0.00456862,30,1701,6566.534314519483
True,0.00470721,30,1702,6373.201960396923
True,0.00456785,30,1703,6567.641231651653
True,0.0045666,30,1704,6569.43896991197
True,0.0045667,30,1705,6569.2951146342
True,0.00457906,30,1706,6551.562984542678
True,0.00456423,30,1707,6572.850185025733
True,0.00456435,30,1708,6572.677380130796
True,0.00457037,30,1709,6564.019980876822
True,0.00456509,30,1710,6571.611950695386
True,0.00456472,30,1711,6572.144622233127
True,0.00456842,30,1712,6566.8217895902735
True,0.00461361,30,1713,6502.500211331258
True,0.00456811,30,1714,6567.267425696841
True,0.004566,30,1715,6570.30223390276
True,0.00457008,30,1716,6564.436508770087
True,0.00456143,30,1717,6576.884880399349
True,0.00457079,30,1718,6563.4168272880615
True,0.00456634,30,1719,6569.813023121362
True,0.0045921,30,1720,6532.958777030117
True,0.00457413,30,1721,6558.624262974598
True,0.00457967,30,1722,6550.6903335829875
True,0.00458873,30,1723,6537.756634188544
True,0.00457337,30,1724,6559.714171387838
True,0.00458529,30,1725,6542.661423813979
True,0.00457791,30,1726,6553.20877867848
True,0.00459279,30,1727,6531.977294846923
True,0.00458053,30,1728,6549.460433617944
True,0.00458091,30,1729,6548.917136551472
True,0.00459989,30,1730,6521.895088795602
True,0.00458185,30,1731,6547.573578358087
True,0.00458131,30,1732,6548.345342271097
True,0.00458198,30,1733,6547.3878105098665
True,0.00459401,30,1734,6530.242642049103
True,0.00459473,30,1735,6529.219344771074
True,0.00459761,30,1736,6525.129360689575
True,0.00457498,30,1737,6557.405715434821
True,0.0045765,30,1738,6555.227794165848
True,0.00457975,30,1739,6550.575904798297
True,0.00459322,30,1740,6531.365795672752
True,0.00458123,30,1741,6548.459693139178
True,0.00457533,30,1742,6556.904092163844
True,0.00458214,30,1743,6547.159187628487
True,0.00458151,30,1744,6548.05948257234
True,0.00457049,30,1745,6563.8476399685815
True,0.00457483,30,1746,6557.620720332777
True,0.0045896,30,1747,6536.5173435593515
True,0.00457027,30,1748,6564.1636052136955
True,0.00456682,30,1749,6569.122496616902
True,0.00457547,30,1750,6556.703464343554
True,0.00456872,30,1751,6566.390586422455
True,0.00456623,30,1752,6569.971289225466
True,0.00457006,30,1753,6564.465236780261
True,0.00458288,30,1754,6546.102014453793
True,0.00457051,30,1755,6563.818917363708
True,0.00456782,30,1756,6567.684365846289
True,0.00457126,30,1757,6562.742001111292
True,0.00458954,30,1758,6536.602796794451
True,0.0045908,30,1759,6534.808747930644
True,0.00457402,30,1760,6558.781990459159
True,0.00458175,30,1761,6547.716483876248
True,0.0045689,30,1762,6566.131891702598
True,0.0045873,30,1763,6539.794650447976
True,0.00458194,30,1764,6547.444968725038
True,0.00457897,30,1765,6551.691756006264
True,0.00459795,30,1766,6524.646853489055
True,0.00458855,30,1767,6538.013097819572
True,0.00459511,30,1768,6528.679400493133
True,0.00457867,30,1769,6552.121030779681
True,0.00458648,30,1770,6540.963876436831
True,0.00458433,30,1771,6544.031516055781
True,0.00458474,30,1772,6543.446302298494
True,0.00458063,30,1773,6549.317451966215
True,0.00457811,30,1774,6552.922494217046
True,0.00459456,30,1775,6529.460927705808
True,0.00457379,30,1776,6559.111808806263
True,0.00458634,30,1777,6541.163542170881
True,0.00458241,30,1778,6546.773422718613
True,0.00458062,30,1779,6549.3317498504575
True,0.00458902,30,1780,6537.343485101394
True,0.00459051,30,1781,6535.221576687558
True,0.00460695,30,1782,6511.9004981603875
True,0.00457644,30,1783,6555.313737315468
True,0.00457747,30,1784,6553.838692552873
True,0.00457419,30,1785,6558.53823299863
True,0.00457921,30,1786,6551.348376685061
True,0.00457153,30,1787,6562.3543977618
True,0.00457082,30,1788,6563.373749130354
True,0.00459748,30,1789,6525.313867597031
True,0.00457235,30,1790,6561.177512657605
True,0.00457607,30,1791,6555.843769872402
True,0.00457532,30,1792,6556.918423192258
True,0.00457062,30,1793,6563.660947530095
True,0.00458159,30,1794,6547.9451456808665
True,0.00457322,30,1795,6559.929327694709
True,0.0045871,30,1796,6540.079788973425
True,0.0045736,30,1797,6559.384292461082
True,0.00456868,30,1798,6566.448076906239
True,0.00457145,30,1799,6562.469238425444
True,0.00457612,30,1800,6555.7721388425125
True,0.00456857,30,1801,6566.606180927511
True,0.00457572,30,1802,6556.345230914479
True,0.00460621,30,1803,6512.946652453969
True,0.00459442,30,1804,6529.65989178177
True,0.0045874,30,1805,6539.652090508785
True,0.00457698,30,1806,6554.540330086652
True,0.00458426,30,1807,6544.131441061371
True,0.0045763,30,1808,6555.5142800952735
True,0.00458963,30,1809,6536.474617779647
True,0.0045779,30,1810,6553.223093558181
True,0.0045781,30,1811,6552.93680784605
True,0.00457378,30,1812,6559.126149486857
True,0.00457996,30,1813,6550.275548258063
True,0.00457497,30,1814,6557.420048656057
True,0.00457856,30,1815,6552.2784456248255
True,0.00458677,30,1816,6540.550321904085
True,0.00457441,30,1817,6558.2228090617145
True,0.00457434,30,1818,6558.3231679324235
True,0.00457365,30,1819,6559.312584041192
True,0.00457476,30,1820,6557.721060776959
True,0.00456663,30,1821,6569.395812667109
True,0.00456999,30,1822,6564.565786796032
True,0.00460414,30,1823,6515.874843076015
True,0.00458268,30,1824,6546.387703265339
True,0.0045764,30,1825,6555.371034000524
True,0.00459137,30,1826,6533.997477876974
True,0.00458885,30,1827,6537.585669612212
True,0.00457415,30,1828,6558.595586065171
True,0.00457691,30,1829,6554.6405762839995
True,0.00482171,30,1830,6221.859050005081
True,0.00488788,30,1831,6137.630220054502
True,0.00488501,30,1832,6141.236148953635
True,0.00489166,30,1833,6132.887404275849
True,0.00489896,30,1834,6123.7487140127705
True,0.00489485,30,1835,6128.890568658897
True,0.00489906,30,1836,6123.6237155699255
True,0.00489584,30,1837,6127.651230432367
True,0.00489643,30,1838,6126.912873256638
True,0.00490499,30,1839,6116.220420428992
True,0.00458105,30,1840,6548.716997194967
True,0.0045793,30,1841,6551.219618719018
True,0.00457432,30,1842,6558.351842459645
True,0.00458229,30,1843,6546.944868177265
True,0.0045714,30,1844,6562.541015881349
True,0.00458943,30,1845,6536.759466861898
True,0.00457759,30,1846,6553.6668858504145
True,0.00456989,30,1847,6564.709435019224
True,0.00465158,30,1848,6449.4214868926265
True,0.00460301,30,1849,6517.474435206527
True,0.00456378,30,1850,6573.498284316948
True,0.00455543,30,1851,6585.547357768641
True,0.00456647,30,1852,6569.625991192321
True,0.00455706,30,1853,6583.191794709747
True,0.00455835,30,1854,6581.328770278719
True,0.00455598,30,1855,6584.752347464211
True,0.00455539,30,1856,6585.605184188401
True,0.00455562,30,1857,6585.272696142348
True,0.00455689,30,1858,6583.437388218719
True,0.00456803,30,1859,6567.3824383815345
True,0.00456674,30,1860,6569.237574287129
True,0.00455619,30,1861,6584.448848709119
True,0.00455981,30,1862,6579.22150265033
True,0.00455523,30,1863,6585.83650002305
True,0.00455753,30,1864,6582.512896239849
True,0.00456161,30,1865,6576.625358152056
True,0.00455387,30,1866,6587.803340894668
True,0.00457803,30,1867,6553.0370049999665
True,0.00456115,30,1868,6577.288622386898
True,0.00455867,30,1869,6580.866787900857
True,0.00456066,30,1870,6577.995290155372
True,0.00457215,30,1871,6561.464518880614
True,0.00457108,30,1872,6563.000428782695
True,0.00455632,30,1873,6584.260982547319
True,0.00457057,30,1874,6563.732751057308
True,0.00456525,30,1875,6571.381632988336
True,0.00456582,30,1876,6570.561257342602
True,0.00456021,30,1877,6578.644404534001
True,0.00457193,30,1878,6561.780254728309
True,0.00456433,30,1879,6572.706180315621
True,0.00455945,30,1880,6579.740977530185
True,0.00457838,30,1881,6552.536049869168
True,0.00455473,30,1882,6586.559466752145
True,0.00456008,30,1883,6578.83195031666
True,0.00456505,30,1884,6571.669532644768
True,0.00456383,30,1885,6573.426266973135
True,0.00457024,30,1886,6564.206693740373
True,0.0045592,30,1887,6580.101772240743
True,0.00457461,30,1888,6557.936086354903
True,0.00456397,30,1889,6573.224626805172
True,0.00457102,30,1890,6563.086575862717
True,0.00456825,30,1891,6567.066163191594
True,0.00456647,30,1892,6569.625991192321
True,0.00456322,30,1893,6574.304986391189
True,0.00459029,30,1894,6535.534791919465
True,0.00459705,30,1895,6525.924234019643
True,0.00457088,30,1896,6563.287594511341
True,0.00456483,30,1897,6571.986251404763
True,0.00456283,30,1898,6574.866913735554
True,0.00457004,30,1899,6564.493965041881
True,0.00456284,30,1900,6574.852504142156
True,0.00456613,30,1901,6570.115174119002
True,0.00458029,30,1902,6549.803615054942
True,0.00457522,30,1903,6557.061736921941
True,0.00457333,30,1904,6559.7715450229925
True,0.00456867,30,1905,6566.462449684481
True,0.00456656,30,1906,6569.496513787183
True,0.00457259,30,1907,6560.833138330793
True,0.00456837,30,1908,6566.893662290926
True,0.0045826,30,1909,6546.501985772269
True,0.0045761,30,1910,6555.800791066629
True,0.00457197,30,1911,6561.722845950433
True,0.00457434,30,1912,6558.3231679324235
True,0.00457569,30,1913,6556.388216859096
True,0.00457748,30,1914,6553.824374983616
True,0.00456783,30,1915,6567.6699877184565
True,0.00460143,30,1916,6519.712350291105
True,0.0045856,30,1917,6542.219120725751
True,0.00457694,30,1918,6554.597613252523
True,0.00456771,30,1919,6567.842529407515
True,0.00456975,30,1920,6564.910553093714
True,0.00456769,30,1921,6567.871287237093
True,0.00456529,30,1922,6571.324056084061
True,0.00458926,30,1923,6537.001608102395
True,0.00457452,30,1924,6558.065108470397
True,0.00471076,30,1925,6368.3991542765925
True,0.00456721,30,1926,6568.56155070601
True,0.00457077,30,1927,6563.445546374024
True,0.00456812,30,1928,6567.253049394499
True,0.00457227,30,1929,6561.292312133798
True,0.00456665,30,1930,6569.367041485552
True,0.00456997,30,1931,6564.594515937742
True,0.00457382,30,1932,6559.068787140727
True,0.00458008,30,1933,6550.103928315662
True,0.00457078,30,1934,6563.4311867996275
True,0.00457562,30,1935,6556.488519588603
True,0.00457394,30,1936,6558.896706122074
True,0.00457734,30,1937,6554.024826646043
True,0.00457505,30,1938,6557.305384640606
True,0.00458642,30,1939,6541.049445973112
True,0.00458725,30,1940,6539.865932748378
True,0.00456665,30,1941,6569.367041485552
True,0.00457205,30,1942,6561.60803140823
True,0.0045809,30,1943,6548.9314326879
True,0.00457562,30,1944,6556.488519588603
True,0.00457501,30,1945,6557.362716147069
True,0.0046022,30,1946,6518.621528834036
True,0.00457655,30,1947,6555.156176595907
True,0.00457623,30,1948,6555.614556086561
True,0.00457238,30,1949,6561.134463889703
True,0.00459291,30,1950,6531.806632396454
True,0.00456502,30,1951,6571.712719769026
True,0.00456925,30,1952,6565.628932538162
True,0.00457366,30,1953,6559.298242545357
True,0.00457426,30,1954,6558.437867545788
True,0.00457195,30,1955,6561.751550213804
True,0.00457161,30,1956,6562.239561117418
True,0.00458026,30,1957,6549.846515263325
True,0.00456555,30,1958,6570.949830798042
True,0.00456901,30,1959,6565.973810519127
True,0.00456377,30,1960,6573.512687975073
True,0.00456296,30,1961,6574.679593947789
True,0.00459023,30,1962,6535.620219466127
True,0.00457958,30,1963,6550.819070744479
True,0.00458068,30,1964,6549.245963481404
True,0.00456746,30,1965,6568.202020378942
True,0.00456999,30,1966,6564.565786796032
True,0.0045657,30,1967,6570.733950982325
True,0.00456142,30,1968,6576.899298902535
True,0.00456506,30,1969,6571.65513706282
True,0.00456758,30,1970,6568.029459801471
True,0.00457585,30,1971,6556.158965001037
True,0.00455538,30,1972,6585.619640952016
True,0.00456558,30,1973,6570.906653700078
True,0.00456571,30,1974,6570.719559498961
True,0.00458348,30,1975,6545.245097611421
True,0.00457742,30,1976,6553.910281337523
True,0.00457678,30,1977,6554.826755928841
True,0.00458691,30,1978,6540.350693604191
True,0.0045821,30,1979,6547.216341851989
True,0.0045704,30,1980,6563.976894801331
True,0.00457067,30,1981,6563.589145573844
True,0.00457837,30,1982,6552.550361809989
True,0.00458115,30,1983,6548.574048001048
True,0.00457947,30,1984,6550.976423035853
True,0.00461702,30,1985,6497.69764913299
True,0.00457691,30,1986,6554.6405762839995
True,0.0045739,30,1987,6558.9540654583625
True,0.0045788,30,1988,6551.935004804753
True,0.00457894,30,1989,6551.73468095236
True,0.00457696,30,1990,6554.568971544431
True,0.00456678,30,1991,6569.180034948037
True,0.00458329,30,1992,6545.516430337159
True,0.00456319,30,1993,6574.348208161396
True,0.00457341,30,1994,6559.656798756289
True,0.00456912,30,1995,6565.815736947158
True,0.0045685,30,1996,6566.706796541535
True,0.00456798,30,1997,6567.454323355181
True,0.00457382,30,1998,6559.068787140727
True,0.00458562,30,1999,6542.190587096183
True,0.00456141,30,2000,6576.91371746894
True,0.00456135,30,2001,6577.000230195009
True,0.0045654,30,2002,6571.16572479958
True,0.00457943,30,2003,6551.033643925118
True,0.00458444,30,2004,6543.874497212309
True,0.00456994,30,2005,6564.637610121797
True,0.00458667,30,2006,6540.692921008052
True,0.00458664,30,2007,6540.735701951755
True,0.00458449,30,2008,6543.803127501641
True,0.00455948,30,2009,6579.697684823707
True,0.00456422,30,2010,6572.864585843802
True,0.00456408,30,2011,6573.066203922806
True,0.00456306,30,2012,6574.535509066284
True,0.00458662,30,2013,6540.764222891803
True,0.00458079,30,2014,6549.088694308187
True,0.00456064,30,2015,6578.024136963233
True,0.0045709,30,2016,6563.25887680763
True,0.00458713,30,2017,6540.037016609514
True,0.00462177,30,2018,6491.019674280633
True,0.0045846,30,2019,6543.646119617851
True,0.00458654,30,2020,6540.878309139352
True,0.00456756,30,2021,6568.058219268056
True,0.00456811,30,2022,6567.267425696841
True,0.00456563,30,2023,6570.834693131068
True,0.00457199,30,2024,6561.694141938194
True,0.00456543,30,2025,6571.12254486434
True,0.00456911,30,2026,6565.830106957372
True,0.0045827,30,2027,6546.35913326205
True,0.00457165,30,2028,6562.1821443023855
True,0.00456428,30,2029,6572.778181881918
True,0.00458958,30,2030,6536.545827722798
True,0.00458348,30,2031,6545.245097611421
True,0.00457427,30,2032,6558.423529874713
True,0.00456827,30,2033,6567.037412412138
True,0.00458472,30,2034,6543.474846882689
True,0.0045701,30,2035,6564.407781011357
True,0.00456854,30,2036,6566.649301527402
True,0.00456709,30,2037,6568.734139244026
True,0.00456601,30,2038,6570.28784431046
True,0.00456374,30,2039,6573.555899328182
True,0.00457645,30,2040,6555.299413300702
True,0.00458772,30,2041,6539.19594046716
True,0.00456405,30,2042,6573.109409406119
True,0.00456232,30,2043,6575.601886759368
True,0.00455867,30,2044,6580.866787900857
True,0.0045594,30,2045,6579.813133307014
True,0.00456622,30,2046,6569.985677431223
True,0.00455785,30,2047,6582.050747611264
True,0.00457534,30,2048,6556.889761198076
True,0.00456741,30,2049,6568.273923295697
True,0.00456028,30,2050,6578.543422772286
True,0.00465546,30,2051,6444.046345581317
True,0.00456127,30,2052,6577.115584036902
True,0.00457649,30,2053,6555.242117867623
True,0.00457742,30,2054,6553.910281337523
True,0.00457658,30,2055,6555.113206805081
True,0.00456619,30,2056,6570.028842426617
True,0.00456595,30,2057,6570.374182809711
True,0.00463909,30,2058,6466.785511813739
True,0.00488131,30,2059,6145.891164461999
True,0.00488682,30,2060,6138.961533267033
True,0.00489215,30,2061,6132.273131445275
True,0.00488395,30,2062,6142.569027119443
True,0.00488261,30,2063,6144.254814535669
True,0.00488621,30,2064,6139.727928189742
True,0.00489478,30,2065,6128.978217611415
True,0.00488379,30,2066,6142.770266534802
True,0.00487914,30,2067,6148.624552687565
True,0.00488263,30,2068,6144.229646727276
True,0.00466422,30,2069,6431.943604718474
True,0.00458387,30,2070,6544.688221960919
True,0.00456467,30,2071,6572.216611496559
True,0.00457553,30,2072,6556.6174847504
True,0.00456282,30,2073,6574.881323392112
True,0.00457017,30,2074,6564.307235835866
True,0.00458872,30,2075,6537.7708816401955
True,0.00458206,30,2076,6547.273497073369
True,0.00458685,30,2077,6540.436247097681
True,0.00458637,30,2078,6541.12075563027
True,0.00457369,30,2079,6559.255218434131
True,0.00457241,30,2080,6561.091415686695
True,0.00457593,30,2081,6556.04434508395
True,0.00456663,30,2082,6569.395812667109
True,0.00457375,30,2083,6559.169171904892
True,0.00458425,30,2084,6544.145716311284
True,0.00457746,30,2085,6553.853010184687
True,0.00457496,30,2086,6557.434381939951
True,0.00457631,30,2087,6555.499955204084
True,0.00457465,30,2088,6557.878744822007
True,0.00457458,30,2089,6557.979093162651
True,0.0045767,30,2090,6554.941333275066
True,0.00459211,30,2091,6532.944550544304
True,0.00462138,30,2092,6491.567453877414
True,0.00458903,30,2093,6537.32923951249
True,0.00458174,30,2094,6547.730774771157
True,0.00458223,30,2095,6547.030594273968
True,0.0045757,30,2096,6556.373888148261
True,0.00458062,30,2097,6549.3317498504575
True,0.00461633,30,2098,6498.668855995997
True,0.00458198,30,2099,6547.3878105098665
True,0.00456892,30,2100,6566.103149103071
True,0.0045715,30,2101,6562.397462539648
True,0.00457783,30,2102,6553.323299467215
True,0.00458502,30,2103,6543.0467042673745
True,0.00458349,30,2104,6545.230817564781
True,0.00457473,30,2105,6557.764064764478
True,0.00458141,30,2106,6548.20240930194
True,0.00457121,30,2107,6562.813784534073
True,0.00456809,30,2108,6567.296178490354
True,0.00457075,30,2109,6563.474265711317
True,0.0045678,30,2110,6567.713122290817
True,0.00458456,30,2111,6543.703212522031
True,0.00457789,30,2112,6553.237408500422
True,0.00457491,30,2113,6557.506049299331
True,0.00457301,30,2114,6560.230570237109
True,0.00457065,30,2115,6563.617866167832
True,0.00457467,30,2116,6557.850074431598
True,0.00457706,30,2117,6554.425766758574
True,0.0045907,30,2118,6534.951096782626
True,0.00457043,30,2119,6563.933809291467
True,0.00459783,30,2120,6524.817141999596
True,0.0045938,30,2121,6530.541164177805
True,0.00457495,30,2122,6557.448715286505
True,0.00458123,30,2123,6548.459693139178
True,0.00457755,30,2124,6553.724153750369
True,0.0045843,30,2125,6544.0743406845095
True,0.00457261,30,2126,6560.804442101994
True,0.00456694,30,2127,6568.949887670957
True,0.00457434,30,2128,6558.3231679324235
True,0.004579,30,2129,6551.648831622625
True,0.00456768,30,2130,6567.885666246321
True,0.00457819,30,2131,6552.807987436083
True,0.0045832,30,2132,6545.644964217141
True,0.00457816,30,2133,6552.850927009978
True,0.00457504,30,2134,6557.3197174232355
True,0.00457364,30,2135,6559.32692559974
True,0.00457699,30,2136,6554.526009451626
True,0.00456869,30,2137,6566.433704190917
True,0.0045808,30,2138,6549.074397485155
True,0.0045869,30,2139,6540.364952364343
True,0.00457798,30,2140,6553.108576271631
True,0.00458633,30,2141,6541.177804475475
True,0.00457611,30,2142,6555.786464923264
True,0.00459068,30,2143,6534.97956729722
True,0.00458394,30,2144,6544.588279951308
True,0.0045818,30,2145,6547.645030337422
True,0.00458574,30,2146,6542.019390545474
True,0.00457821,30,2147,6552.779361366123
True,0.00470912,30,2148,6370.617015493341
True,0.0045764,30,2149,6555.371034000524
True,0.00457623,30,2150,6555.614556086561
True,0.00457641,30,2151,6555.35670973536
True,0.0045742,30,2152,6558.5238948887245
True,0.00458363,30,2153,6545.030903454249
True,0.00457052,30,2154,6563.804556155536
True,0.00457467,30,2155,6557.850074431598
True,0.00457529,30,2156,6556.96141665337
True,0.00457454,30,2157,6558.03643645044
True,0.00457863,30,2158,6552.178271666416
True,0.00457526,30,2159,6557.0044106783
True,0.00459387,30,2160,6530.441653769045
True,0.00457481,30,2161,6557.649388717782
True,0.00460216,30,2162,6518.678185895318
True,0.00456879,30,2163,6566.289980498119
True,0.00457714,30,2164,6554.31120743521
True,0.00457714,30,2165,6554.31120743521
True,0.00461573,30,2166,6499.51361973079
True,0.00458121,30,2167,6548.48828148022
True,0.0045733,30,2168,6559.814575907988
True,0.00457775,30,2169,6553.437824258642
True,0.00457555,30,2170,6556.588825387112
True,0.0045789,30,2171,6551.7919150887765
True,0.00457612,30,2172,6555.7721388425125
True,0.00459153,30,2173,6533.769789155249
True,0.00457691,30,2174,6554.6405762839995
True,0.00457872,30,2175,6552.049481077682
True,0.00457535,30,2176,6556.87543029495
True,0.00457558,30,2177,6556.545836811945
True,0.00457789,30,2178,6553.237408500422
True,0.00457378,30,2179,6559.126149486857
True,0.00458527,30,2180,6542.689961550792
True,0.00457914,30,2181,6551.448525268937
True,0.00457588,30,2182,6556.115982062466
True,0.00457058,30,2183,6563.718390226185
True,0.00457264,30,2184,6560.761398229469
True,0.00457429,30,2185,6558.394854720624
True,0.00457163,30,2186,6562.210852584308
True,0.00458275,30,2187,6546.287709344826
True,0.00464458,30,2188,6459.1416231392295
True,0.00460493,30,2189,6514.757010421439
True,0.00457228,30,2190,6561.277961979582
True,0.00457009,30,2191,6564.422144859292
True,0.00457018,30,2192,6564.292872490799
True,0.00456933,30,2193,6565.513981262024
True,0.00458437,30,2194,6543.974417422678
True,0.00457485,30,2195,6557.592052198433
True,0.00457684,30,2196,6554.740825547758
True,0.00457836,30,2197,6552.56467381333
True,0.00457372,30,2198,6559.212194887313
True,0.00456641,30,2199,6569.712312297845
True,0.00457183,30,2200,6561.923781067975
True,0.00458424,30,2201,6544.159991623475
True,0.00458078,30,2202,6549.10299119364
True,0.00457101,30,2203,6563.100933929262
True,0.00457112,30,2204,6562.942998652409
True,0.00458428,30,2205,6544.102890748384
True,0.00456694,30,2206,6568.949887670957
True,0.00457217,30,2207,6561.435817128409
True,0.00458047,30,2208,6549.54622560567
True,0.00456604,30,2209,6570.24467591173
True,0.00457486,30,2210,6557.577718225257
True,0.00458709,30,2211,6540.094046552389
True,0.00458523,30,2212,6542.747037771279
True,0.00457327,30,2213,6559.857607357536
True,0.00456485,30,2214,6571.957457528725
True,0.0045911,30,2215,6534.381738581168
True,0.00457471,30,2216,6557.792734402837
True,0.00457423,30,2217,6558.480880935152
True,0.00457004,30,2218,6564.493965041881
True,0.00456661,30,2219,6569.42458410068
True,0.00456641,30,2220,6569.712312297845
True,0.00456776,30,2221,6567.770635935339
True,0.00458836,30,2222,6538.2838312599715
True,0.00456853,30,2223,6566.663675186547
True,0.00456809,30,2224,6567.296178490354
True,0.00456492,30,2225,6571.856680949501
True,0.00457434,30,2226,6558.3231679324235
True,0.00456999,30,2227,6564.565786796032
True,0.00457693,30,2228,6554.611934200436
True,0.00459352,30,2229,6530.939236141347
True,0.00458731,30,2230,6539.780394174364
True,0.00457498,30,2231,6557.405715434821
True,0.00457881,30,2232,6551.920695551901
True,0.0045851,30,2233,6542.932542365488
True,0.00459331,30,2234,6531.237821962812
True,0.00459987,30,2235,6521.923445662595
True,0.00460057,30,2236,6520.93110201562
True,0.00458675,30,2237,6540.578841227449
True,0.00457648,30,2238,6555.2564416319965
True,0.00457879,30,2239,6551.949314120106
True,0.0045767,30,2240,6554.941333275066
True,0.0045762,30,2241,6555.657532450505
True,0.00457423,30,2242,6558.480880935152
True,0.00458799,30,2243,6538.811113363368
True,0.00458073,30,2244,6549.17447655723
True,0.00457907,30,2245,6551.548676914745
True,0.00458123,30,2246,6548.459693139178
True,0.00457661,30,2247,6555.070237577595
True,0.00457327,30,2248,6559.857607357536
True,0.00458386,30,2249,6544.7024996400405
True,0.00457912,30,2250,6551.477139712434
True,0.00458219,30,2251,6547.087746252338
True,0.0045787,30,2252,6552.078100770961
True,0.00459116,30,2253,6534.296343407766
True,0.00458198,30,2254,6547.3878105098665
True,0.00458382,30,2255,6544.7596109794895
True,0.00462024,30,2256,6493.16918601631
True,0.00460048,30,2257,6521.05867213856
True,0.00457564,30,2258,6556.45986135273
True,0.00457942,30,2259,6551.047949303624
True,0.00457915,30,2260,6551.434218140922
True,0.00457777,30,2261,6553.409192685522
True,0.00457674,30,2262,6554.88404410126
True,0.00458998,30,2263,6535.976191617393
True,0.00457674,30,2264,6554.88404410126
True,0.00457532,30,2265,6556.918423192258
True,0.00457603,30,2266,6555.901075823366
True,0.00457388,30,2267,6558.982745502724
True,0.00457994,30,2268,6550.304152456145
True,0.0045914,30,2269,6533.954785032888
True,0.00459011,30,2270,6535.791081259491
True,0.00457374,30,2271,6559.183512836323
True,0.00457756,30,2272,6553.709836681552
True,0.00460114,30,2273,6520.123273797363
True,0.00458647,30,2274,6540.978137870738
True,0.00458547,30,2275,6542.404595384987
True,0.00459537,30,2276,6528.310016386059
True,0.00459162,30,2277,6533.641721222574
True,0.00458886,30,2278,6537.571422967796
True,0.00459781,30,2279,6524.845524282213
True,0.00460054,30,2280,6520.973624835345
True,0.00457659,30,2281,6555.09888366666
True,0.00458122,30,2282,6548.473987278498
True,0.00458214,30,2283,6547.159187628487
True,0.00459946,30,2284,6522.504815782723
True,0.00458156,30,2285,6547.988021547246
True,0.00458344,30,2286,6545.302218421099
True,0.0046813,30,2287,6408.476277956977
True,0.0048932,30,2288,6130.957246791465
True,0.0049099,30,2289,6110.104075439418
True,0.00489032,30,2290,6134.56788103846
True,0.00489268,30,2291,6131.608852408087
True,0.00489809,30,2292,6124.836415827394
True,0.00489369,30,2293,6130.343360531623
True,0.00490848,30,2294,6111.871699589283
True,0.00488916,30,2295,6136.023365976977
True,0.00489285,30,2296,6131.39581225666
True,0.00489136,30,2297,6133.263550423604
True,0.00489786,30,2298,6125.124033761683
True,0.00489144,30,2299,6133.163240272803
True,0.00489067,30,2300,6134.128861689707
True,0.00490445,30,2301,6116.893841307384
True,0.0049035,30,2302,6118.07892321811
True,0.00490251,30,2303,6119.314392015519
True,0.00489336,30,2304,6130.756780616999
True,0.00488827,30,2305,6137.140542564138
True,0.00488412,30,2306,6142.355224687354
True,0.00490045,30,2307,6121.886765501128
True,0.00489083,30,2308,6133.92818805806
True,0.00489188,30,2309,6132.6115930889555
True,0.00489084,30,2310,6133.915646392032
True,0.00488443,30,2311,6141.965387977716
True,0.00489745,30,2312,6125.636810993476
True,0.00488346,30,2313,6143.185364475187
True,0.00487987,30,2314,6147.704754429934
True,0.00489703,30,2315,6126.1621840176595
True,0.00489768,30,2316,6125.34914490126
True,0.00489675,30,2317,6126.512482769183
True,0.00488519,30,2318,6141.009868602859
True,0.00488581,30,2319,6140.230586125945
True,0.00488825,30,2320,6137.165652329565
True,0.00489889,30,2321,6123.836215959125
True,0.00490354,30,2322,6118.029015772279
True,0.00489962,30,2323,6122.9238185818485
True,0.00488711,30,2324,6138.597248680713
True,0.00490199,30,2325,6119.963525017391
True,0.00488444,30,2326,6141.952813423852
True,0.00488243,30,2327,6144.481334089787
True,0.00488443,30,2328,6141.965387977716
True,0.00488839,30,2329,6136.989888286327
True,0.00490159,30,2330,6120.462951817675
True,0.004894,30,2331,6129.955046996322
True,0.00488539,30,2332,6140.758465547275
True,0.00490063,30,2333,6121.661908774995
True,0.00490345,30,2334,6118.141308670426
True,0.0048891,30,2335,6136.098668466589
True,0.00489629,30,2336,6127.088060551969
True,0.00488773,30,2337,6137.818578358461
True,0.00489609,30,2338,6127.3383454961
True,0.00490534,30,2339,6115.784023125818
True,0.00489303,30,2340,6131.170256466852
True,0.00489087,30,2341,6133.87802170166
True,0.0048942,30,2342,6129.704548240776
True,0.00491867,30,2343,6099.209745723946
True,0.00490202,30,2344,6119.926071293059
True,0.0048898,30,2345,6135.220254407133
True,0.00488932,30,2346,6135.822568373516
True,0.00489916,30,2347,6123.498722229934
True,0.00489267,30,2348,6131.621384642741
True,0.00488575,30,2349,6140.305991915264
True,0.00488345,30,2350,6143.197944076422
True,0.00489024,30,2351,6134.6682371417355
True,0.00489993,30,2352,6122.536444398185
True,0.00488795,30,2353,6137.542323468939
True,0.00489026,30,2354,6134.643147808092
True,0.00489004,30,2355,6134.919141765711
True,0.00490079,30,2356,6121.462049996021
True,0.00488521,30,2357,6140.984727370983
True,0.00494241,30,2358,6069.913260939501
True,0.00490119,30,2359,6120.9624601372325
True,0.00489087,30,2360,6133.87802170166
True,0.00488644,30,2361,6139.438937140331
True,0.00487621,30,2362,6152.319116691037
True,0.00488064,30,2363,6146.734854445318
True,0.00488003,30,2364,6147.50319157874
True,0.00492479,30,2365,6091.630303017997
True,0.00500896,30,2366,5989.267233118252
True,0.00487739,30,2367,6150.830669681941
True,0.00488109,30,2368,6146.168171453507
True,0.00487392,30,2369,6155.209769548946
True,0.0048887,30,2370,6136.600732301021
True,0.0048764,30,2371,6152.079402838159
True,0.00487518,30,2372,6153.618943300556
True,0.00489781,30,2373,6125.186562974064
True,0.00489372,30,2374,6130.305779652289
True,0.00488338,30,2375,6143.286002727619
True,0.00487705,30,2376,6151.25947037656
True,0.00487792,30,2377,6150.162364286417
True,0.00487687,30,2378,6151.486506714347
True,0.00489037,30,2379,6134.505160141258
True,0.00486811,30,2380,6162.5558995174715
True,0.0048735,30,2381,6155.740227762388
True,0.00487087,30,2382,6159.0639865157555
True,0.00488964,30,2383,6135.421012589884
True,0.00487243,30,2384,6157.092046473731
True,0.00488434,30,2385,6142.078561279518
True,0.00489377,30,2386,6130.243145877309
True,0.00488529,30,2387,6140.884164502006
True,0.00489084,30,2388,6133.915646392032
True,0.00487936,30,2389,6148.347324239245
True,0.00487793,30,2390,6150.149756146562
True,0.0048733,30,2391,6155.992859048284
True,0.00488886,30,2392,6136.399896908481
True,0.00488223,30,2393,6144.733042072987
True,0.00486767,30,2394,6163.112947262242
True,0.00487425,30,2395,6154.7930450838585
True,0.00488575,30,2396,6140.305991915264
True,0.00488844,30,2397,6136.927117853548
True,0.00488445,30,2398,6141.940238921475
True,0.00487848,30,2399,6149.456388055296
True,0.00489047,30,2400,6134.3797221943905
True,0.00487623,30,2401,6152.293882774193
True,0.00488664,30,2402,6139.187662688472
True,0.00487734,30,2403,6150.8937248582215
True,0.00488371,30,2404,6142.870891187233
True,0.00487701,30,2405,6151.3099214477725
True,0.00489467,30,2406,6129.115956744786
True,0.00489585,30,2407,6127.638714421398
True,0.00489089,30,2408,6133.852938831174
True,0.00488006,30,2409,6147.465400015573
True,0.00488087,30,2410,6146.445203416604
True,0.00489928,30,2411,6123.348736957268
True,0.0048874,30,2412,6138.233007324958
True,0.00488371,30,2413,6142.870891187233
True,0.00488395,30,2414,6142.569027119443
True,0.00489376,30,2415,6130.255672529916
True,0.00488391,30,2416,6142.619335737145
True,0.0048746,30,2417,6154.351126246256
True,0.00488369,30,2418,6142.896047865445
True,0.00466127,30,2419,6436.014219300748
True,0.00458325,30,2420,6545.573555882835
True,0.00456742,30,2421,6568.259542586406
True,0.00456619,30,2422,6570.028842426617
True,0.0045625,30,2423,6575.342465753425
True,0.0045669,30,2424,6569.007422978389
True,0.00456944,30,2425,6565.355929829476
True,0.00456537,30,2426,6571.208905302308
True,0.00458615,30,2427,6541.434536593875
True,0.00457227,30,2428,6561.292312133798
True,0.00458227,30,2429,6546.973443293389
True,0.00458185,30,2430,6547.573578358087
True,0.00457246,30,2431,6561.01966993697
True,0.00456769,30,2432,6567.871287237093
True,0.00457275,30,2433,6560.603575528948
True,0.0045833,30,2434,6545.502149106539
True,0.00457523,30,2435,6557.047405267058
True,0.00456585,30,2436,6570.51808535103
True,0.00457502,30,2437,6557.348383176467
True,0.0045659,30,2438,6570.44613329245
True,0.00456656,30,2439,6569.496513787183
True,0.00456039,30,2440,6578.384743410103
True,0.00458036,30,2441,6549.703516754141
True,0.00456694,30,2442,6568.949887670957
True,0.00458638,30,2443,6541.1064935744525
True,0.00456928,30,2444,6565.585825337908
True,0.00457148,30,2445,6562.426172705556
True,0.00457002,30,2446,6564.522693554952
True,0.00457941,30,2447,6551.062254744607
True,0.00458412,30,2448,6544.331300227743
True,0.00457511,30,2449,6557.219389260586
True,0.00457434,30,2450,6558.3231679324235
True,0.00457529,30,2451,6556.96141665337
True,0.00458364,30,2452,6545.016624342226
True,0.00458376,30,2453,6544.845279857584
True,0.00456606,30,2454,6570.215897294384
True,0.0045786,30,2455,6552.221202987812
True,0.00456434,30,2456,6572.69178019166
True,0.00456285,30,2457,6574.83809461192
True,0.00456132,30,2458,6577.043487411539
True,0.00457163,30,2459,6562.210852584308
True,0.00458342,30,2460,6545.330779199811
True,0.00456567,30,2461,6570.7771258106695
True,0.00458057,30,2462,6549.403240208097
True,0.00457182,30,2463,6561.938134047273
True,0.00457872,30,2464,6552.049481077682
True,0.0045682,30,2465,6567.138041241627
True,0.00456933,30,2466,6565.513981262024
True,0.00456431,30,2467,6572.734980752841
True,0.00457656,30,2468,6555.141853269704
True,0.00458547,30,2469,6542.404595384987
True,0.00456496,30,2470,6571.799095720445
True,0.00456934,30,2471,6565.499612635523
True,0.00456609,30,2472,6570.172729841068
True,0.00456171,30,2473,6576.481187975562
True,0.00456476,30,2474,6572.087031957868
True,0.0045796,30,2475,6550.790462049088
True,0.00459505,30,2476,6528.764648915681
True,0.00456245,30,2477,6575.414525090686
True,0.00456312,30,2478,6574.449061168673
True,0.00455995,30,2479,6579.019506792837
True,0.00456018,30,2480,6578.68768338092
True,0.00455713,30,2481,6583.09067329657
True,0.00463863,30,2482,6467.426804897135
True,0.00457776,30,2483,6553.423508440809
True,0.00456201,30,2484,6576.048715368884
True,0.00457775,30,2485,6553.437824258642
True,0.00457264,30,2486,6560.761398229469
True,0.004573,30,2487,6560.244915810191
True,0.00457306,30,2488,6560.158843312793
True,0.00457778,30,2489,6553.394876992778
True,0.00459481,30,2490,6529.105664869711
True,0.00457336,30,2491,6559.728514702538
True,0.00457331,30,2492,6559.800232216929
True,0.00457122,30,2493,6562.7994277238895
True,0.00456856,30,2494,6566.620554397884
True,0.00457754,30,2495,6553.738470881741
True,0.0045649,30,2496,6571.885473942474
True,0.00459706,30,2497,6525.9100381548205
True,0.00459228,30,2498,6532.702709765084
True,0.0045702,30,2499,6564.264145989235
True,0.00457344,30,2500,6559.613769941227
True,0.00456588,30,2501,6570.47491392678
True,0.00456912,30,2502,6565.815736947158
True,0.00456669,30,2503,6569.309499878468
True,0.00458314,30,2504,6545.730656274955
True,0.00457395,30,2505,6558.882366444757
True,0.0045644,30,2506,6572.605380772939
True,0.00456711,30,2507,6568.705373857866
True,0.00457067,30,2508,6563.589145573844
True,0.00456852,30,2509,6566.678048908618
True,0.00456767,30,2510,6567.90004531851
True,0.00458303,30,2511,6545.887764208394
True,0.00457031,30,2512,6564.106154724734
True,0.00456614,30,2513,6570.100785346048
True,0.00456514,30,2514,6571.539974677667
True,0.00456576,30,2515,6570.647603027754
True,0.00457235,30,2516,6561.177512657605
True,0.00456346,30,2517,6573.959232687478
True,0.00458248,30,2518,6546.673417014368
True,0.00456871,30,2519,6566.404958949025
True,0.00458191,30,2520,6547.487838041341
True,0.00457913,30,2521,6551.462832459441
True,0.00456502,30,2522,6571.712719769026
True,0.00456315,30,2523,6574.405838072384
True,0.00457334,30,2524,6559.757201520114
True,0.00458389,30,2525,6544.659666789561
True,0.00456914,30,2526,6565.7869971154305
True,0.00457334,30,2527,6559.757201520114
True,0.00463175,30,2528,6477.03351864846
True,0.00459884,30,2529,6523.384157744127
True,0.00458184,30,2530,6547.587868629197
True,0.0045685,30,2531,6566.706796541535
True,0.00458446,30,2532,6543.845949141229
True,0.00457289,30,2533,6560.402721255049
True,0.00457881,30,2534,6551.920695551901
True,0.00457073,30,2535,6563.5029852999405
True,0.00457578,30,2536,6556.259260716206
True,0.00457428,30,2537,6558.409192266324
True,0.00457678,30,2538,6554.826755928841
True,0.00457874,30,2539,6552.0208616344225
True,0.00457929,30,2540,6551.233924909757
True,0.00457779,30,2541,6553.380561362579
True,0.00457096,30,2542,6563.172725204334
True,0.00458971,30,2543,6536.360685097751
True,0.00459365,30,2544,6530.754410980375
True,0.00459315,30,2545,6531.465334247739
True,0.0045718,30,2546,6561.9668401942345
True,0.00456281,30,2547,6574.895733111833
True,0.00456862,30,2548,6566.534314519483
True,0.00457152,30,2549,6562.368752624948
True,0.00457542,30,2550,6556.77511572708
True,0.0045699,30,2551,6564.6950699140025
True,0.00458378,30,2552,6544.816723315692
True,0.00456578,30,2553,6570.618820880551
True,0.00456956,30,2554,6565.183518763294
True,0.00457315,30,2555,6560.029738801483
True,0.00457785,30,2556,6553.294668894788
True,0.00456503,30,2557,6571.69832399787
True,0.00457015,30,2558,6564.335962714571
True,0.00458216,30,2559,6547.130610890934
True,0.00456778,30,2560,6567.741878987167
True,0.00457999,30,2561,6550.232642429351
True,0.00457013,30,2562,6564.364689844709
True,0.00456746,30,2563,6568.202020378942
True,0.00456941,30,2564,6565.399034010955
True,0.00456914,30,2565,6565.7869971154305
True,0.00460927,30,2566,6508.62284049318
True,0.00456457,30,2567,6572.360594754818
True,0.00456733,30,2568,6568.3889712370255
True,0.00457009,30,2569,6564.422144859292
True,0.00458525,30,2570,6542.718499536558
True,0.00457026,30,2571,6564.177967993069
True,0.00457214,30,2572,6561.47886985088
True,0.00459053,30,2573,6535.193104064237
True,0.00458282,30,2574,6546.1877184790155
True,0.0045733,30,2575,6559.814575907988
True,0.00456541,30,2576,6571.1513314247795
True,0.00456794,30,2577,6567.511832467151
True,0.00457389,30,2578,6558.968405449192
True,0.00457143,30,2579,6562.497949219392
True,0.00458629,30,2580,6541.234854315798
True,0.00457394,30,2581,6558.896706122074
True,0.00457387,30,2582,6558.997085618962
True,0.00457137,30,2583,6562.584083108565
True,0.00457118,30,2584,6562.856855341509
True,0.00456685,30,2585,6569.079343530005
True,0.0045759,30,2586,6556.087327083197
True,0.00472025,30,2587,6355.595572268418
True,0.00461247,30,2588,6504.107343787602
True,0.00459034,30,2589,6535.463604003189
True,0.00457166,30,2590,6562.1677902556185
True,0.00457655,30,2591,6555.156176595907
True,0.00457519,30,2592,6557.104732262485
True,0.00457577,30,2593,6556.2735889260175
True,0.00461269,30,2594,6503.79713355981
True,0.00457239,30,2595,6561.120114425935
True,0.00457694,30,2596,6554.597613252523
True,0.0045805,30,2597,6549.503329330859
True,0.00457765,30,2598,6553.580985877033
True,0.00457522,30,2599,6557.061736921941
True,0.00458415,30,2600,6544.288472235856
True,0.00458721,30,2601,6539.922959707534
True,0.00458574,30,2602,6542.019390545474
True,0.00457842,30,2603,6552.478802731073
True,0.00457807,30,2604,6552.979749108248
True,0.00458863,30,2605,6537.8991114995115
True,0.00457929,30,2606,6551.233924909757
True,0.00457916,30,2607,6551.419911075394
True,0.00459705,30,2608,6525.924234019643
True,0.00458229,30,2609,6546.944868177265
True,0.00457945,30,2610,6551.005033355535
True,0.00458362,30,2611,6545.045182628577
True,0.00457979,30,2612,6550.518691905087
True,0.00457951,30,2613,6550.919203146188
True,0.00458215,30,2614,6547.144899228528
True,0.00456903,30,2615,6565.945069303551
True,0.00457782,30,2616,6553.337614847242
True,0.00457839,30,2617,6552.521737990866
True,0.00457087,30,2618,6563.301953457438
True,0.00457612,30,2619,6555.7721388425125
True,0.00457784,30,2620,6553.30898414973
True,0.00458942,30,2621,6536.773709967708
True,0.00457477,30,2622,6557.7067262397895
True,0.00457848,30,2623,6552.392933899459
True,0.0045728,30,2624,6560.531840447866
True,0.0045751,30,2625,6557.233721667286
True,0.00456593,30,2626,6570.40296281371
True,0.00458583,30,2627,6541.890999012175
True,0.00458608,30,2628,6541.534382304713
True,0.00457433,30,2629,6558.337505164691
True,0.00457436,30,2630,6558.2944936559425
True,0.00457724,30,2631,6554.168013912315
True,0.00457188,30,2632,6561.85201711331
True,0.00457536,30,2633,6556.86109945447
True,0.00459218,30,2634,6532.844966878475
True,0.00460015,30,2635,6521.526471962871
True,0.00458038,30,2636,6549.67491780158
True,0.00461137,30,2637,6505.658838913381
True,0.0048974,30,2638,6125.699350675869
True,0.00489181,30,2639,6132.699348502906
True,0.00491488,30,2640,6103.913015170258
True,0.00486328,30,2641,6168.676284318402
True,0.00458117,30,2642,6548.545458911151
True,0.00458308,30,2643,6545.816350576469
True,0.00458417,30,2644,6544.259920552684
True,0.00457934,30,2645,6551.162394580878
True,0.00458504,30,2646,6543.018163418421
True,0.00459165,30,2647,6533.599033027343
True,0.00457849,30,2648,6552.378622646331
True,0.00457516,30,2649,6557.147728166884
True,0.00457807,30,2650,6552.979749108248
True,0.00458379,30,2651,6544.802445138193
True,0.00457577,30,2652,6556.2735889260175
True,0.00457486,30,2653,6557.577718225257
True,0.00460018,30,2654,6521.483941932707
True,0.00458705,30,2655,6540.151077489891
True,0.00458812,30,2656,6538.625842392962
True,0.00459079,30,2657,6534.822982536774
True,0.00458243,30,2658,6546.74484934849
True,0.00457872,30,2659,6552.049481077682
True,0.00459389,30,2660,6530.413222780694
True,0.00457892,30,2661,6551.7632978955735
True,0.0045743,30,2662,6558.380517237611
True,0.00457655,30,2663,6555.156176595907
True,0.00458002,30,2664,6550.18973716272
True,0.00457551,30,2665,6556.646144364236
True,0.00457437,30,2666,6558.28015661173
True,0.00459077,30,2667,6534.851451935078
True,0.00458007,30,2668,6550.118229634045
True,0.00457644,30,2669,6555.313737315468
True,0.00457757,30,2670,6553.695519675286
True,0.0045702,30,2671,6564.264145989235
True,0.00457771,30,2672,6553.495088155432
True,0.00457331,30,2673,6559.800232216929
True,0.00458644,30,2674,6541.020922545591
True,0.00458079,30,2675,6549.088694308187
True,0.00457538,30,2676,6556.832437961437
True,0.00457964,30,2677,6550.733245407936
True,0.00457419,30,2678,6558.53823299863
True,0.00458847,30,2679,6538.127088114339
True,0.00458766,30,2680,6539.281463752763
True,0.00459046,30,2681,6535.292759331309
True,0.00456417,30,2682,6572.936590880708
True,0.00457393,30,2683,6558.911045862092
True,0.00457015,30,2684,6564.335962714571
True,0.0045748,30,2685,6557.663723004283
True,0.0045803,30,2686,6549.789315110364
True,0.00458105,30,2687,6548.716997194967
True,0.00459244,30,2688,6532.475111269827
True,0.00457917,30,2689,6551.405604072354
True,0.00457777,30,2690,6553.409192685522
True,0.00457596,30,2691,6556.0013636482845
True,0.00457253,30,2692,6560.919228523378
True,0.00457982,30,2693,6550.475782891031
True,0.00457595,30,2694,6556.015690730887
True,0.00459031,30,2695,6535.506316566854
True,0.00457567,30,2696,6556.416874468657
True,0.00457488,30,2697,6557.549050466898
True,0.00465307,30,2698,6447.356261564946
True,0.00460437,30,2699,6515.549358544165
True,0.00457448,30,2700,6558.122453262447
True,0.00456933,30,2701,6565.513981262024
True,0.00462622,30,2702,6484.775907760547
True,0.00461528,30,2703,6500.147336672964
True,0.00458221,30,2704,6547.059170138427
True,0.00457554,30,2705,6556.603155037437
True,0.00458072,30,2706,6549.188773817216
True,0.00457326,30,2707,6559.87195129951
True,0.0045888,30,2708,6537.656903765691
True,0.00457439,30,2709,6558.2514827113555
True,0.00457267,30,2710,6560.718354921742
True,0.00457077,30,2711,6563.445546374024
True,0.00457358,30,2712,6559.412976268044
True,0.00457119,30,2713,6562.842498342882
True,0.00456468,30,2714,6572.202213517706
True,0.00460616,30,2715,6513.017350678222
True,0.00456878,30,2716,6566.304352584279
True,0.00455914,30,2717,6580.18836885904
True,0.00456667,30,2718,6569.338270556007
True,0.00455643,30,2719,6584.102027245014
True,0.00456482,30,2720,6572.000648437398
True,0.00455951,30,2721,6579.6543926869335
True,0.00456307,30,2722,6574.521100925474
True,0.004574,30,2723,6558.810668998688
True,0.00458538,30,2724,6542.5330070790205
True,0.00457777,30,2725,6553.409192685522
True,0.00456259,30,2726,6575.2127629263205
True,0.00456254,30,2727,6575.284819420761
True,0.00456536,30,2728,6571.223298929329
True,0.00455986,30,2729,6579.149359848768
True,0.0045783,30,2730,6552.65054714632
True,0.00456689,30,2731,6569.021806962725
True,0.00456503,30,2732,6571.69832399787
True,0.00456536,30,2733,6571.223298929329
True,0.00456573,30,2734,6570.690776721357
True,0.00456982,30,2735,6564.809992516117
True,0.00456848,30,2736,6566.735544426155
True,0.00457469,30,2737,6557.821404291875
True,0.00456575,30,2738,6570.661994195914
True,0.00456243,30,2739,6575.4433492678245
True,0.00457672,30,2740,6554.912688562988
True,0.0045702,30,2741,6564.264145989235
True,0.00457719,30,2742,6554.239609891658
True,0.00458218,30,2743,6547.102034402839
True,0.0045943,30,2744,6529.830442069521
True,0.0045776,30,2745,6553.652569031807
True,0.00457212,30,2746,6561.507571979739
True,0.00459109,30,2747,6534.395971327071
True,0.00458625,30,2748,6541.291905151267
True,0.00456695,30,2749,6568.935504001576
True,0.00458509,30,2750,6542.946812385362
True,0.00458046,30,2751,6549.5605244888075
True,0.0045759,30,2752,6556.087327083197
True,0.00457588,30,2753,6556.115982062466
True,0.00456578,30,2754,6570.618820880551
True,0.00456827,30,2755,6567.037412412138
True,0.00457362,30,2756,6559.355608904982
True,0.00458573,30,2757,6542.0336565824855
True,0.00457574,30,2758,6556.316573931211
True,0.00457387,30,2759,6558.997085618962
True,0.00457242,30,2760,6561.077066411222
True,0.0045688,30,2761,6566.2756084748735
True,0.00457272,30,2762,6560.646617330604
True,0.00457395,30,2763,6558.882366444757
True,0.00458828,30,2764,6538.397830995493
True,0.00457223,30,2765,6561.349713378373
True,0.0045698,30,2766,6564.838723795352
True,0.00457037,30,2767,6564.019980876822
True,0.0045712,30,2768,6562.82814140707
True,0.00456835,30,2769,6566.9224118117045
True,0.0045854,30,2770,6542.504470711388
True,0.00460098,30,2771,6520.350012388665
True,0.00458069,30,2772,6549.23166597172
True,0.00456549,30,2773,6571.03618669628
True,0.00457282,30,2774,6560.503146854676
True,0.00456671,30,2775,6569.280729452932
True,0.00456917,30,2776,6565.743887839586
True,0.00457369,30,2777,6559.255218434131
True,0.00458423,30,2778,6544.174266997948
True,0.00458302,30,2779,6545.902047121766
True,0.00456841,30,2780,6566.836164004544
True,0.00456792,30,2781,6567.540587400831
True,0.00456695,30,2782,6568.935504001576
True,0.00458443,30,2783,6543.888771341258
True,0.00457629,30,2784,6555.528605049068
True,0.00459426,30,2785,6529.887294145303
True,0.00458019,30,2786,6549.946617935065
True,0.00458344,30,2787,6545.302218421099
True,0.00458371,30,2788,6544.916672302566
True,0.00458227,30,2789,6546.973443293389
True,0.00457745,30,2790,6553.867327879059
True,0.00457678,30,2791,6554.826755928841
True,0.00460867,30,2792,6509.470194220893
True,0.00459546,30,2793,6528.182162395059
True,0.00457336,30,2794,6559.728514702538
True,0.00457908,30,2795,6551.534369349301
True,0.00457716,30,2796,6554.282568230081
True,0.0045741,30,2797,6558.667278808945
True,0.00457438,30,2798,6558.265819630201
True,0.00458906,30,2799,6537.2865031182855
True,0.00457418,30,2800,6558.552571171227
True,0.00457178,30,2801,6561.995546592356
True,0.00457763,30,2802,6553.609618951291
True,0.00457532,30,2803,6556.918423192258
True,0.00456808,30,2804,6567.310554981524
True,0.00457154,30,2805,6562.340042961453
True,0.00458931,30,2806,6536.930388228296
True,0.00456608,30,2807,6570.187118929147
True,0.00457341,30,2808,6559.656798756289
True,0.00457156,30,2809,6562.311333549161
True,0.00472141,30,2810,6354.034070330686
True,0.0045741,30,2811,6558.667278808945
True,0.00457737,30,2812,6553.981871686143
True,0.004584,30,2813,6544.502617801047
True,0.00457373,30,2814,6559.197853830463
True,0.00458237,30,2815,6546.83057020712
True,0.00459748,30,2816,6525.313867597031
True,0.00456875,30,2817,6566.347469220246
True,0.0045749,30,2818,6557.520382959191
True,0.00457967,30,2819,6550.6903335829875
True,0.00456969,30,2820,6564.996750326608
True,0.0045702,30,2821,6564.264145989235
True,0.0045638,30,2822,6573.469477190061
True,0.00456777,30,2823,6567.756257429774
True,0.00456892,30,2824,6566.103149103071
True,0.0045849,30,2825,6543.217954590067
True,0.0045811,30,2826,6548.6455218179035
True,0.0045761,30,2827,6555.800791066629
True,0.00457543,30,2828,6556.760785325095
True,0.00457625,30,2829,6555.585905490304
True,0.00457973,30,2830,6550.604511619681
True,0.00457702,30,2831,6554.48304792201
True,0.00456846,30,2832,6566.764292562483
True,0.0045799,30,2833,6550.361361601782
True,0.00458096,30,2834,6548.84565680556
True,0.00457374,30,2835,6559.183512836323
True,0.00456949,30,2836,6565.2840907847485
True,0.00457586,30,2837,6556.144637292225
True,0.00458813,30,2838,6538.611591214722
True,0.00458825,30,2839,6538.440581921212
True,0.00458854,30,2840,6538.027346389047
True,0.00457399,30,2841,6558.825008362502
True,0.00457289,30,2842,6560.402721255049
True,0.00461032,30,2843,6507.140502177723
True,0.0045722,30,2844,6561.392764970911
True,0.00456995,30,2845,6564.623245330912
True,0.00457332,30,2846,6559.785888588597
True,0.00458272,30,2847,6546.330563508134
True,0.00457601,30,2848,6555.929729174542
True,0.00457153,30,2849,6562.3543977618
True,0.00457338,30,2850,6559.699828135865
True,0.00457125,30,2851,6562.756357670221
True,0.00457118,30,2852,6562.856855341509
True,0.00457181,30,2853,6561.952487089358
True,0.00458192,30,2854,6547.473548206865
True,0.00456732,30,2855,6568.403352513072
True,0.00457266,30,2856,6560.732702628229
True,0.00457114,30,2857,6562.914283964175
True,0.00457585,30,2858,6556.158965001037
True,0.00457588,30,2859,6556.115982062466
True,0.00476184,30,2860,6300.085681165264
True,0.00494047,30,2861,6072.296765287513
True,0.00489967,30,2862,6122.861335559333
True,0.00489752,30,2863,6125.5492575834305
True,0.00488582,30,2864,6140.21801867445
True,0.00490009,30,2865,6122.336528512741
True,0.00488809,30,2866,6137.366537850162
True,0.00489142,30,2867,6133.188317502893
True,0.00495071,30,2868,6059.7368862244
True,0.00468041,30,2869,6409.694877158197
True,0.00458823,30,2870,6538.469082848941
True,0.00456726,30,2871,6568.489641491835
True,0.00456788,30,2872,6567.598098023591
True,0.00456992,30,2873,6564.666339892165
True,0.00456288,30,2874,6574.794866400168
True,0.00456431,30,2875,6572.734980752841
True,0.00456328,30,2876,6574.21854455567
True,0.00457419,30,2877,6558.53823299863
True,0.00456607,30,2878,6570.201508080252
True,0.00455904,30,2879,6580.332701621393
True,0.00456353,30,2880,6573.858394707606
True,0.00456328,30,2881,6574.21854455567
True,0.00456038,30,2882,6578.399168490345
True,0.00457263,30,2883,6560.775746124222
True,0.00458838,30,2884,6538.255331947223
True,0.00456338,30,2885,6574.074479881141
True,0.0045631,30,2886,6574.477876881945
True,0.00456741,30,2887,6568.273923295697
True,0.00456464,30,2888,6572.25980581163
True,0.00457047,30,2889,6563.87636282483
True,0.00456636,30,2890,6569.784248285286
True,0.00458217,30,2891,6547.116322615704
True,0.00456494,30,2892,6571.827888208826
True,0.00456163,30,2893,6576.596523611078
True,0.00456362,30,2894,6573.728750421814
True,0.00456795,30,2895,6567.497455094735
True,0.00456035,30,2896,6578.4424441106485
True,0.00456516,30,2897,6571.511184712036
True,0.00457605,30,2898,6555.872422722654
True,0.00456993,30,2899,6564.651974975547
True,0.00457242,30,2900,6561.077066411222
True,0.00456301,30,2901,6574.607550717618
True,0.00456584,30,2902,6570.532475951852
True,0.00456607,30,2903,6570.201508080252
True,0.00456761,30,2904,6567.986321073822
True,0.00459992,30,2905,6521.852553957459
True,0.00458701,30,2906,6540.208109422042
True,0.00456798,30,2907,6567.454323355181
True,0.00456172,30,2908,6576.4667713055605
True,0.00456936,30,2909,6565.470875571196
True,0.00457921,30,2910,6551.348376685061
True,0.00456811,30,2911,6567.267425696841
True,0.00458454,30,2912,6543.731759347721
True,0.00457238,30,2913,6561.134463889703
True,0.00457837,30,2914,6552.550361809989
True,0.00457266,30,2915,6560.732702628229
True,0.00457379,30,2916,6559.111808806263
True,0.00457408,30,2917,6558.695956345319
True,0.00457009,30,2918,6564.422144859292
True,0.00459754,30,2919,6525.22870926626
True,0.00457073,30,2920,6563.5029852999405
True,0.00466615,30,2921,6429.283242073229
True,0.00457586,30,2922,6556.144637292225
True,0.00457601,30,2923,6555.929729174542
True,0.00457997,30,2924,6550.261246252705
True,0.00457271,30,2925,6560.660964723326
True,0.00458901,30,2926,6537.357730752385
True,0.00457498,30,2927,6557.405715434821
True,0.0045919,30,2928,6533.243319758705
True,0.00459175,30,2929,6533.456743071813
True,0.00457649,30,2930,6555.242117867623
True,0.00458142,30,2931,6548.188116348207
True,0.00457934,30,2932,6551.162394580878
True,0.00458956,30,2933,6536.574312134496
True,0.00458102,30,2934,6548.759883170123
True,0.0045753,30,2935,6556.94708543702
True,0.00457566,30,2936,6556.431203367383
True,0.00457684,30,2937,6554.740825547758
True,0.00457877,30,2938,6551.977932938322
True,0.00457502,30,2939,6557.348383176467
True,0.00459501,30,2940,6528.821482434206
True,0.00457548,30,2941,6556.689134254767
True,0.00458201,30,2942,6547.344942503399
True,0.00458416,30,2943,6544.274196363128
True,0.00457639,30,2944,6555.38535832829
True,0.00457652,30,2945,6555.1991469500845
True,0.00458779,30,2946,6539.096166127918
True,0.00457613,30,2947,6555.757812824373
True,0.00458422,30,2948,6544.1885424347
True,0.00457554,30,2949,6556.603155037437
True,0.00457407,30,2950,6558.71029520755
True,0.0045909,30,2951,6534.666405280011
True,0.00459039,30,2952,6535.392417637718
True,0.00460163,30,2953,6519.428984946639
True,0.00457699,30,2954,6554.526009451626
True,0.0045738,30,2955,6559.097468188377
True,0.0045785,30,2956,6552.364311455717
True,0.00458085,30,2957,6549.002914306297
True,0.00457824,30,2958,6552.736422730132
True,0.00457243,30,2959,6561.062717198514
True,0.00458526,30,2960,6542.704230512556
True,0.00457542,30,2961,6556.77511572708
True,0.00458445,30,2962,6543.860223145633
True,0.00458054,30,2963,6549.4461351718355
True,0.00457933,30,2964,6551.176700521692
True,0.00458105,30,2965,6548.716997194967
True,0.00457577,30,2966,6556.2735889260175
True,0.00458787,30,2967,6538.98214203977
True,0.00457841,30,2968,6552.493114421819
True,0.00457689,30,2969,6554.6692186178825
True,0.00459011,30,2970,6535.791081259491
True,0.00457659,30,2971,6555.09888366666
True,0.00457541,30,2972,6556.789446191707
True,0.0045799,30,2973,6550.361361601782
True,0.00461931,30,2974,6494.476447781162
True,0.00458339,30,2975,6545.373620835234
True,0.00458099,30,2976,6548.802769706985
True,0.0045742,30,2977,6558.5238948887245
True,0.00457751,30,2978,6553.781422651179
True,0.0045746,30,2979,6557.9504218948105
True,0.00457021,30,2980,6564.249782832737
True,0.00459,30,2981,6535.9477124183
True,0.00457595,30,2982,6556.015690730887
True,0.00457565,30,2983,6556.44553232874
True,0.00457968,30,2984,6550.676029766272
True,0.00457729,30,2985,6554.096419497126
True,0.00457817,30,2986,6552.836613756151
True,0.00457671,30,2987,6554.927010887734
True,0.00459176,30,2988,6533.442514417129
True,0.00457086,30,2989,6563.316312466362
True,0.00456948,30,2990,6565.2984584679225
True,0.00456808,30,2991,6567.310554981524
True,0.00456983,30,2992,6564.795626970806
True,0.00457549,30,2993,6556.674804228618
True,0.0045738,30,2994,6559.097468188377
True,0.00459883,30,2995,6523.398342621927
True,0.00459312,30,2996,6531.507994565785
True,0.00459284,30,2997,6531.9061844087755
True,0.00457471,30,2998,6557.792734402837
True,0.00457229,30,2999,6561.2636118881355
True,0.00457276,30,3000,6560.589228387232
True,0.00457567,30,3001,6556.416874468657
True,0.0045915,30,3002,6533.812479581836
True,0.00457959,30,3003,6550.804766365549
True,0.00457411,30,3004,6558.652940134802
True,0.00458297,30,3005,6545.973462623583
True,0.00457411,30,3006,6558.652940134802
True,0.00458344,30,3007,6545.302218421099
True,0.00459011,30,3008,6535.791081259491
True,0.00458299,30,3009,6545.944896235863
True,0.00457487,30,3010,6557.563384314745
True,0.00458398,30,3011,6544.5311716019705
True,0.00457274,30,3012,6560.617922733416
True,0.00457117,30,3013,6562.871212402951
True,0.00458231,30,3014,6546.916293310579
True,0.00458625,30,3015,6541.291905151267
True,0.00458232,30,3016,6546.902005970775
True,0.00457871,30,3017,6552.0637908930685
True,0.00458135,30,3018,6548.288168334661
True,0.00459467,30,3019,6529.304607294974
True,0.00458906,30,3020,6537.2865031182855
True,0.00457983,30,3021,6550.461480011267
True,0.00458357,30,3022,6545.116579434807
True,0.00457793,30,3023,6553.180149106693
True,0.00457078,30,3024,6563.4311867996275
True,0.00457976,30,3025,6550.5616014812995
True,0.0046001,30,3026,6521.597356579205
True,0.00456952,30,3027,6565.240988112538
True,0.00457279,30,3028,6560.546187338583
True,0.00458522,30,3029,6542.761306981998
True,0.0045709,30,3030,6563.25887680763
True,0.00456869,30,3031,6566.433704190917
True,0.00458218,30,3032,6547.102034402839
True,0.00470565,30,3033,6375.314781167321
True,0.00458013,30,3034,6550.032422660493
True,0.00458103,30,3035,6548.745587782661
True,0.00460258,30,3036,6518.083335868143
True,0.00457811,30,3037,6552.922494217046
True,0.00463552,30,3038,6471.7658428827835
True,0.00459938,30,3039,6522.618265940192
True,0.00457371,30,3040,6559.226536006874
True,0.00457301,30,3041,6560.230570237109
True,0.0045817,30,3042,6547.787938974616
True,0.00460404,30,3043,6516.016368233117
True,0.00457626,30,3044,6555.571580286085
True,0.00457222,30,3045,6561.364063846447
True,0.0045763,30,3046,6555.5142800952735
True,0.00457409,30,3047,6558.681617545784
True,0.0045776,30,3048,6553.652569031807
True,0.00458136,30,3049,6548.273875006549
True,0.00458291,30,3050,6546.059163282718
True,0.00457548,30,3051,6556.689134254767
True,0.00457273,30,3052,6560.632270000635
True,0.00456672,30,3053,6569.266344334665
True,0.00457708,30,3054,6554.3971265523
True,0.00456727,30,3055,6568.475259837934
True,0.0045827,30,3056,6546.35913326205
True,0.00457126,30,3057,6562.742001111292
True,0.00457447,30,3058,6558.136789617158
True,0.00456769,30,3059,6567.871287237093
True,0.00457761,30,3060,6553.63825227575
True,0.00456836,30,3061,6566.90803701985
True,0.00457652,30,3062,6555.1991469500845
True,0.00457343,30,3063,6559.6281128168575
True,0.00458368,30,3064,6544.959508517174
True,0.00458841,30,3065,6538.212583443938
True,0.00459262,30,3066,6532.219081918382
True,0.00457154,30,3067,6562.340042961453
True,0.00457976,30,3068,6550.5616014812995
True,0.00457673,30,3069,6554.89836630083
True,0.00458248,30,3070,6546.673417014368
True,0.00457019,30,3071,6564.278509208589
True,0.00456882,30,3072,6566.246864617122
True,0.00456469,30,3073,6572.187815601937
True,0.0045689,30,3074,6566.131891702598
True,0.00456619,30,3075,6570.028842426617
True,0.00456261,30,3076,6575.183940770743
True,0.00457963,30,3077,6550.74754947452
True,0.00456543,30,3078,6571.12254486434
True,0.00457673,30,3079,6554.89836630083
True,0.004582,30,3080,6547.359231776517
True,0.00457406,30,3081,6558.724634132478
True,0.00457849,30,3082,6552.378622646331
True,0.0045687,30,3083,6566.419331538512
True,0.0045824,30,3084,6546.787709497206
True,0.00456876,30,3085,6566.333096945342
True,0.00457565,30,3086,6556.44553232874
True,0.00465291,30,3087,6447.5779673365705
True,0.0049045,30,3088,6116.83148129269
True,0.00487957,30,3089,6148.082720403642
True,0.00489239,30,3090,6131.972308013057
True,0.00488787,30,3091,6137.642776915098
True,0.0048821,30,3092,6144.896663321111
True,0.00487669,30,3093,6151.713559812085
True,0.00489552,30,3094,6128.05176978135
True,0.00488504,30,3095,6141.198434403812
True,0.00488976,30,3096,6135.270442721116
True,0.00487916,30,3097,6148.599349068283
True,0.00490583,30,3098,6115.173171512262
True,0.0049011,30,3099,6121.074860745546
True,0.0048864,30,3100,6139.489194499018
True,0.00488802,30,3101,6137.454429400862
True,0.00471234,30,3102,6366.26389437095
True,0.0045723,30,3103,6561.249261859459
True,0.00458611,30,3104,6541.49159091256
True,0.00456979,30,3105,6564.853089529279
True,0.00457143,30,3106,6562.497949219392
True,0.00456743,30,3107,6568.2451619400845
True,0.00457263,30,3108,6560.775746124222
True,0.00458277,30,3109,6546.259140214324
True,0.00458318,30,3110,6545.673527987118
True,0.00458803,30,3111,6538.754105792683
True,0.00458022,30,3112,6549.903716415368
True,0.00457145,30,3113,6562.469238425444
True,0.00457129,30,3114,6562.69893181137
True,0.00456963,30,3115,6565.082949823071
True,0.00456906,30,3116,6565.9019579519645
True,0.00457258,30,3117,6560.847486539328
True,0.00458543,30,3118,6542.461666626686
True,0.00457086,30,3119,6563.316312466362
True,0.00456886,30,3120,6566.18937765657
True,0.00456572,30,3121,6570.705168078639
True,0.00457278,30,3122,6560.56053429205
True,0.00458569,30,3123,6542.09072135273
True,0.00457142,30,3124,6562.512304710572
True,0.00458448,30,3125,6543.817401319234
True,0.00457272,30,3126,6560.646617330604
True,0.00457268,30,3127,6560.704007278007
True,0.00457486,30,3128,6557.577718225257
True,0.00456817,30,3129,6567.1811688269045
True,0.00457102,30,3130,6563.086575862717
True,0.00457322,30,3131,6559.929327694709
True,0.00460721,30,3132,6511.533010216596
True,0.0045648,30,3133,6572.029442691904
True,0.00457193,30,3134,6561.780254728309
True,0.00457309,30,3135,6560.115807911062
True,0.00456904,30,3136,6565.930698790118
True,0.00457503,30,3137,6557.334050268523
True,0.00457229,30,3138,6561.2636118881355
True,0.0045906,30,3139,6535.093451836361
True,0.00457091,30,3140,6563.244518050016
True,0.00456587,30,3141,6570.489304338495
True,0.00456783,30,3142,6567.6699877184565
True,0.00457438,30,3143,6558.265819630201
True,0.00456985,30,3144,6564.766896068798
True,0.00456925,30,3145,6565.628932538162
True,0.00458422,30,3146,6544.1885424347
True,0.00456733,30,3147,6568.3889712370255
True,0.00456627,30,3148,6569.9137370326325
True,0.00456236,30,3149,6575.544235877924
True,0.00456798,30,3150,6567.454323355181
True,0.00456759,30,3151,6568.015080162624
True,0.00456991,30,3152,6564.68070487165
True,0.00458752,30,3153,6539.481026785714
True,0.00458243,30,3154,6546.74484934849
True,0.0045839,30,3155,6544.645389297323
True,0.00457513,30,3156,6557.190724635147
True,0.0045651,30,3157,6571.59755536571
True,0.00456725,30,3158,6568.504023208714
True,0.00457654,30,3159,6555.170499984705
True,0.0045888,30,3160,6537.656903765691
True,0.00458111,30,3161,6548.631226929718
True,0.00457063,30,3162,6563.646587013169
True,0.00456873,30,3163,6566.3762139588025
True,0.00457485,30,3164,6557.592052198433
True,0.00458425,30,3165,6544.145716311284
True,0.00457592,30,3166,6556.058672354412
True,0.0045895,30,3167,6536.659766859135
True,0.00457532,30,3168,6556.918423192258
True,0.00456807,30,3169,6567.324931535638
True,0.004568,30,3170,6567.425569176883
True,0.00457023,30,3171,6564.221056708306
True,0.0045752,30,3172,6557.0904004196545
True,0.00457634,30,3173,6555.4569809061395
True,0.00457447,30,3174,6558.136789617158
True,0.00457337,30,3175,6559.714171387838
True,0.00456716,30,3176,6568.633461494671
True,0.00459139,30,3177,6533.969015918927
True,0.00458551,30,3178,6542.34752513897
True,0.00456991,30,3179,6564.68070487165
True,0.00456951,30,3180,6565.255355607057
True,0.00458585,30,3181,6541.86246824471
True,0.00456855,30,3182,6566.634927931182
True,0.00457553,30,3183,6556.6174847504
True,0.00456966,30,3184,6565.039849791889
True,0.00456553,30,3185,6570.978615845258
True,0.00456645,30,3186,6569.654764642119
True,0.0045706,30,3187,6563.689668752461
True,0.00459415,30,3188,6530.043642458344
True,0.00456943,30,3189,6565.370297827081
True,0.0045713,30,3190,6562.684575503686
True,0.00456917,30,3191,6565.743887839586
True,0.00456895,30,3192,6566.060035675593
True,0.00456482,30,3193,6572.000648437398
True,0.00458039,30,3194,6549.660618418955
True,0.00457784,30,3195,6553.30898414973
True,0.00457611,30,3196,6555.786464923264
True,0.00456619,30,3197,6570.028842426617
True,0.00457528,30,3198,6556.975747932367
True,0.00457048,30,3199,6563.8620013652835
True,0.00458963,30,3200,6536.474617779647
True,0.00458678,30,3201,6540.536062335668
True,0.00458443,30,3202,6543.888771341258
True,0.00456941,30,3203,6565.399034010955
True,0.00456278,30,3204,6574.938962649963
True,0.00456086,30,3205,6577.706835991458
True,0.00457137,30,3206,6562.584083108565
True,0.00456922,30,3207,6565.672040304473
True,0.00464562,30,3208,6457.695635889289
True,0.00459803,30,3209,6524.533332753374
True,0.00457205,30,3210,6561.60803140823
True,0.00456703,30,3211,6568.820436914144
True,0.00456314,30,3212,6574.420245707999
True,0.00456665,30,3213,6569.367041485552
True,0.00457029,30,3214,6564.134879843511
True,0.00458815,30,3215,6538.583089044604
True,0.00456991,30,3216,6564.68070487165
True,0.00456757,30,3217,6568.043839503281
True,0.00456977,30,3218,6564.881821185749
True,0.00456817,30,3219,6567.1811688269045
True,0.00457002,30,3220,6564.522693554952
True,0.0045718,30,3221,6561.9668401942345
True,0.0046042,30,3222,6515.789930932627
True,0.00458602,30,3223,6541.619966768571
True,0.00456307,30,3224,6574.521100925474
True,0.00458948,30,3225,6536.688252263873
True,0.00457353,30,3226,6559.484686882998
True,0.00457148,30,3227,6562.426172705556
True,0.00457355,30,3228,6559.456002448864
True,0.00458587,30,3229,6541.833937726103
True,0.00457701,30,3230,6554.497368369306
True,0.0045655,30,3231,6571.02179388895
True,0.00456146,30,3232,6576.841625269103
True,0.00456388,30,3233,6573.354251207305
True,0.0045669,30,3234,6569.007422978389
True,0.00456463,30,3235,6572.274204042825
True,0.00458439,30,3236,6543.945868479776
True,0.00456512,30,3237,6571.568764895556
True,0.0045664,30,3238,6569.7266993693065
True,0.00456675,30,3239,6569.223189357859
True,0.00456186,30,3240,6576.264944562086
True,0.00456316,30,3241,6574.391430499916
True,0.00459254,30,3242,6532.332870263514
True,0.00457894,30,3243,6551.73468095236
True,0.0045641,30,3244,6573.03740058281
True,0.00458109,30,3245,6548.659816768498
True,0.00458606,30,3246,6541.562910210507
True,0.00456383,30,3247,6573.426266973135
True,0.00457778,30,3248,6553.394876992778
True,0.00457183,30,3249,6561.923781067975
True,0.0045935,30,3250,6530.967671710025
True,0.00457499,30,3251,6557.391382276245
True,0.00457637,30,3252,6555.414007171623
True,0.00458581,30,3253,6541.919530028501
True,0.0045805,30,3254,6549.503329330859
True,0.00458543,30,3255,6542.461666626686
True,0.00472167,30,3256,6353.684183773961
True,0.00459335,30,3257,6531.180946368118
True,0.00458719,30,3258,6539.951473560067
True,0.00457312,30,3259,6560.072773073963
True,0.00458265,30,3260,6546.4305587378485
True,0.00457522,30,3261,6557.061736921941
True,0.00457297,30,3262,6560.287952905879
True,0.00457962,30,3263,6550.761853603573
True,0.00459138,30,3264,6533.983246866955
True,0.00457626,30,3265,6555.571580286085
True,0.00457864,30,3266,6552.163961350969
True,0.00456864,30,3267,6566.505568396722
True,0.00459717,30,3268,6525.753887717879
True,0.00459481,30,3269,6529.105664869711
True,0.00457749,30,3270,6553.810057476914
True,0.00458627,30,3271,6541.263379609138
True,0.00457427,30,3272,6558.423529874713
True,0.00457479,30,3273,6557.6780573534525
True,0.00457018,30,3274,6564.292872490799
True,0.0045807,30,3275,6549.217368524462
True,0.00457431,30,3276,6558.366179817284
True,0.00456716,30,3277,6568.633461494671
True,0.00458354,30,3278,6545.159418266231
True,0.0045738,30,3279,6559.097468188377
True,0.00458391,30,3280,6544.631111867379
True,0.00457267,30,3281,6560.718354921742
True,0.00457302,30,3282,6560.216224726767
True,0.00457064,30,3283,6563.632226559082
True,0.0045892,30,3284,6537.087073999825
True,0.00457775,30,3285,6553.437824258642
True,0.00456795,30,3286,6567.497455094735
True,0.0045654,30,3287,6571.16572479958
True,0.00457447,30,3288,6558.136789617158
True,0.00457944,30,3289,6551.019338609088
True,0.00457119,30,3290,6562.842498342882
True,0.00461679,30,3291,6498.021352498165
True,0.00458112,30,3292,6548.61693210394
True,0.00458817,30,3293,6538.554587122971
True,0.00458718,30,3294,6539.965730579572
True,0.0045778,30,3295,6553.366245794923
True,0.00458692,30,3296,6540.336434906211
True,0.00458456,30,3297,6543.703212522031
True,0.00458727,30,3298,6539.837419641748
True,0.00458681,30,3299,6540.493284003479
True,0.00457996,30,3300,6550.275548258063
True,0.00457758,30,3301,6553.681202731574
True,0.00458679,30,3302,6540.521802829429
True,0.0045808,30,3303,6549.074397485155
True,0.00457889,30,3304,6551.806223779125
True,0.00459031,30,3305,6535.506316566854
True,0.00457753,30,3306,6553.752788075665
True,0.00457459,30,3307,6557.964757497393
True,0.004575,30,3308,6557.377049180328
True,0.0045792,30,3309,6551.362683438155
True,0.00458127,30,3310,6548.402517205927
True,0.00457844,30,3311,6552.450179537135
True,0.00459397,30,3312,6530.299501302795
True,0.00458682,30,3313,6540.479024683767
True,0.00459077,30,3314,6534.851451935078
True,0.00457461,30,3315,6557.936086354903
True,0.00457457,30,3316,6557.993428890584
True,0.00457909,30,3317,6551.52006184635
True,0.00457704,30,3318,6554.454407215143
True,0.00459485,30,3319,6529.048826403473
True,0.00457059,30,3320,6563.704029457904
True,0.00489044,30,3321,6134.417353039808
True,0.0048982,30,3322,6124.698868972276
True,0.00488643,30,3323,6139.451501402865
True,0.00490558,30,3324,6115.484815251204
True,0.00489167,30,3325,6132.874866865508
True,0.0048901,30,3326,6134.843868223554
True,0.00489195,30,3327,6132.523840186429
True,0.00465851,30,3328,6439.827326763278
True,0.00459387,30,3329,6530.441653769045
True,0.00457377,30,3330,6559.140490230161
True,0.00457242,30,3331,6561.077066411222
True,0.00457328,30,3332,6559.843263478291
False,0.00152262,10,3333,6567.62685371268
