passage,inferences,inference_only_mean_ms,inference_only_median_ms,inference_only_p95_ms,end_to_end_mean_ms,end_to_end_median_ms,end_to_end_p95_ms,passage_duration_s,throughput_effective_fps
1,30,0.3799216333333334,0.2881045,0.6970477999999999,0.4703583333333334,0.3459935,0.8793996999999998,0.014189484,2114.2417863820842
2,30,0.18265063333333334,0.160085,0.28135054999999987,0.2240650666666667,0.192121,0.3663341499999997,0.006760953,4437.244276065815
3,30,0.1101014,0.105437,0.13606305,0.13310113333333332,0.12723,0.16615494999999997,0.004018112,7466.193077743976
4,30,0.10754306666666666,0.101882,0.12486574999999998,0.1297391,0.122422,0.1521294,0.00391808,7656.811499509964
5,30,0.10713496666666669,0.1025125,0.12841149999999998,0.13041176666666662,0.124625,0.15551284999999995,0.003935901,7622.142934997602
6,30,0.10535143333333334,0.102544,0.12208844999999995,0.12772056666666667,0.1236115,0.14935179999999998,0.003855075,7781.949767514251
7,30,0.10937103333333334,0.1008365,0.13148289999999999,0.13250790000000004,0.12122649999999999,0.16195544999999997,0.003998251,7503.280809533968
8,30,0.11455413333333334,0.1072635,0.14746589999999987,0.13729263333333333,0.128224,0.17844654999999984,0.004142371,7242.229148475596
9,30,0.10427086666666666,0.10119500000000001,0.12204555,0.12579633333333334,0.12134149999999999,0.14851599999999998,0.003797523,7899.886320635846
10,30,0.11034083333333333,0.106689,0.12643564999999998,0.13367233333333334,0.12825599999999998,0.15529444999999997,0.004034342,7436.156875148414
11,30,0.1098809,0.105201,0.13700905,0.13267023333333333,0.12704,0.1614058,0.004003742,7492.99030756727
12,30,0.11569653333333335,0.101935,0.18006269999999994,0.13963916666666665,0.12428249999999999,0.20944099999999996,0.004212951,7120.899341103183
13,30,0.10437686666666667,0.0996455,0.12339844999999997,0.12609279999999998,0.11934,0.15240694999999999,0.003805303,7883.734882609874
14,30,0.1254183666666667,0.1149685,0.17596785,0.14955193333333336,0.138527,0.21418849999999992,0.004510413,6651.275614893803
15,30,0.11091726666666668,0.103274,0.12354929999999996,0.13406736666666666,0.125668,0.15194364999999996,0.004046318,7414.1478746850835
16,30,0.11077843333333333,0.1016205,0.15169929999999998,0.13330959999999997,0.1219545,0.18315444999999997,0.004022593,7457.876051591598
17,30,0.10619996666666667,0.101477,0.12990939999999998,0.12827856666666665,0.1231435,0.15862524999999997,0.003870223,7751.491322334657
18,30,0.11072946666666666,0.1065705,0.13545174999999998,0.13342483333333333,0.128021,0.16376829999999995,0.004025823,7451.892445345957
19,30,0.12148206666666667,0.111204,0.15116984999999997,0.14466053333333334,0.1346815,0.18145664999999994,0.00437577,6855.93621236948
20,30,0.11580793333333332,0.107573,0.1574232999999999,0.14029783333333332,0.1297615,0.18541264999999993,0.004235179,7083.525867501704
21,30,0.1382994,0.11872450000000001,0.21492084999999994,0.16663583333333334,0.144561,0.28355949999999996,0.005026528,5968.334404980934
22,30,0.11193710000000001,0.1064125,0.1287129,0.13612426666666663,0.1288085,0.16115215,0.004109253,7300.596969814222
23,30,0.11750116666666667,0.116366,0.13345155,0.14265013333333337,0.141818,0.1591521,0.004306075,6966.9014125392605
24,30,0.10661766666666665,0.101435,0.12398964999999997,0.12905463333333336,0.1227615,0.15311234999999992,0.00389578,7700.640179886955
25,30,0.1145004,0.1063105,0.1589498499999999,0.14023473333333333,0.12688,0.2092954999999998,0.004233694,7086.010467454663
26,30,0.1038656,0.100785,0.11746129999999998,0.12575919999999996,0.12137700000000001,0.14242959999999996,0.003795678,7903.72629079706
27,30,0.11507726666666666,0.1108815,0.13900314999999996,0.1395762,0.135229,0.16436639999999994,0.004212321,7121.964351719635
28,30,0.10255249999999999,0.1003825,0.11517254999999997,0.12369789999999999,0.12058250000000001,0.14360189999999995,0.003733723,8034.87564556878
29,30,0.1043133,0.1010605,0.12165804999999996,0.12622019999999998,0.121696,0.14889069999999996,0.003811077,7871.790572586175
30,30,0.10893330000000002,0.1026375,0.14220145,0.13199766666666665,0.12284500000000001,0.1702312,0.003985509,7527.269415274185
31,30,0.11281349999999998,0.106714,0.14744055,0.13643123333333335,0.1286935,0.17977715,0.004118329,7284.507867147089
32,30,0.10636373333333334,0.1013615,0.12809315,0.12868906666666666,0.1218255,0.15283945,0.003885043,7721.922254142361
33,30,0.10570883333333334,0.1011515,0.12224469999999997,0.1280499,0.122644,0.15085449999999995,0.003865615,7760.7314748106055
34,30,0.1053731,0.101679,0.12180314999999994,0.12728256666666665,0.1218695,0.15005169999999993,0.003841946,7808.542858228616
35,30,0.11841196666666666,0.1079185,0.1809014499999999,0.14490536666666667,0.1305565,0.23010319999999987,0.004372125,6861.651942705206
36,30,0.10501076666666664,0.10017699999999999,0.12233749999999999,0.12684369999999998,0.1203215,0.15065259999999997,0.003827492,7838.030752252389
37,30,0.10619976666666668,0.1016435,0.12341409999999998,0.12863836666666667,0.12291450000000001,0.14971089999999998,0.0038819,7728.1743476132815
38,30,0.10784753333333333,0.1022625,0.13864399999999996,0.1301441,0.122303,0.17424784999999998,0.003926546,7640.302698605848
39,30,0.1223720666666667,0.114469,0.17984339999999988,0.14734413333333332,0.140073,0.21418574999999992,0.004446887,6746.29240635078
40,30,0.1059523,0.1018695,0.12264664999999998,0.128169,0.1220985,0.15415479999999993,0.003867484,7756.981024355886
41,30,0.1093138,0.101823,0.13067245,0.13197506666666667,0.1227705,0.15789774999999998,0.003984989,7528.2516463658985
42,30,0.10449343333333333,0.10082250000000001,0.11821629999999998,0.12636433333333333,0.121167,0.14510024999999996,0.003813424,7866.945820868595
43,30,0.15194083333333333,0.12022050000000001,0.3193267499999999,0.17697503333333334,0.1448295,0.34944019999999987,0.005333773,5624.53632728652
44,30,0.11922276666666667,0.117544,0.14120139999999998,0.1443333,0.14127800000000001,0.16636045,0.004355069,6888.524613502106
45,30,0.11775973333333334,0.11554149999999999,0.14570794999999992,0.14326680000000006,0.1382785,0.17741309999999993,0.00432272,6940.074767738831
46,30,0.11236246666666666,0.11030599999999999,0.12628129999999999,0.13607006666666668,0.132755,0.15358839999999996,0.0041063,7305.847112972749
47,30,0.10813649999999998,0.10007350000000001,0.14401839999999996,0.13083796666666667,0.1200185,0.17722054999999995,0.003948284,7598.237614112865
48,30,0.1060182,0.102775,0.12060569999999998,0.12858146666666667,0.12390000000000001,0.14878014999999994,0.003880768,7730.428616191434
49,30,0.10370856666666667,0.100827,0.1155042,0.12577323333333335,0.1208735,0.14275355,0.00379983,7895.090043501946
50,30,0.11037693333333333,0.10772,0.1251052,0.13394070000000002,0.12920900000000002,0.15556014999999998,0.004041819,7422.400656734009
51,30,0.10989930000000002,0.10069449999999999,0.14919149999999992,0.13316143333333336,0.120667,0.1826080999999999,0.004019132,7464.298261415649
52,30,0.10550989999999998,0.1017385,0.12143614999999996,0.12786210000000003,0.1217245,0.15115449999999997,0.003858055,7775.938912223905
53,30,0.11166526666666665,0.1041225,0.1474526,0.1351029333333333,0.12469550000000001,0.18531689999999998,0.004081745,7349.797696818395
54,30,0.12051946666666667,0.110433,0.18142799999999992,0.14663796666666673,0.13246449999999999,0.22997444999999989,0.004424248,6780.813372125613
55,30,0.10866213333333333,0.10234099999999999,0.13426789999999997,0.1315367666666667,0.1231495,0.16752844999999997,0.003969213,7558.173370892416
56,30,0.1049197,0.1014195,0.12640454999999995,0.1267637,0.121867,0.15482869999999993,0.003825813,7841.470558022569
57,30,0.10621973333333333,0.102663,0.12501919999999994,0.128615,0.1235655,0.15327299999999994,0.003881011,7729.944594333796
58,30,0.1072642,0.1036395,0.12377029999999999,0.12907253333333332,0.12503750000000002,0.14935809999999997,0.003895813,7700.574950594394
59,30,0.11176143333333334,0.103088,0.14992824999999999,0.13569219999999999,0.12446950000000001,0.17520044999999998,0.004096247,7323.777106214542
60,30,0.10387223333333331,0.10081699999999999,0.11126814999999997,0.1266564,0.12139449999999999,0.14083869999999996,0.003823188,7846.854509901161
61,30,0.10975623333333334,0.105023,0.13298284999999999,0.1328015,0.1261895,0.15896625,0.004007523,7485.920854353176
62,30,0.11129506666666668,0.1106865,0.1234004,0.13459543333333332,0.1324685,0.150134,0.004062914,7383.8629121856875
63,30,0.10446436666666668,0.0995315,0.12760539999999995,0.12637143333333334,0.119565,0.15749809999999997,0.003813943,7865.875289693631
64,30,0.10432213333333334,0.099714,0.12203459999999997,0.1261660666666667,0.12068000000000001,0.14909799999999995,0.003808068,7878.010581743813
65,30,0.10389403333333333,0.10142799999999999,0.11627874999999999,0.1258676,0.12193799999999999,0.1411847,0.003798637,7897.569575613568
66,30,0.11105776666666665,0.1057105,0.1387146,0.1344174,0.1268485,0.17153469999999996,0.004056753,7395.076801570123
67,30,0.11245396666666667,0.1039225,0.13776019999999997,0.13621326666666667,0.12461049999999999,0.17102174999999994,0.004109868,7299.504509633886
68,30,0.11818013333333337,0.1178495,0.14488369999999992,0.14345966666666668,0.1424265,0.17378814999999995,0.004328069,6931.497626308637
69,30,0.11392983333333334,0.10622899999999999,0.1470208,0.13806400000000002,0.126809,0.18186884999999997,0.004165301,7202.360645725244
70,30,0.11245606666666669,0.1114005,0.12875275,0.13654333333333332,0.13586199999999998,0.1593483,0.004120587,7280.516101225383
71,30,0.10980419999999999,0.103521,0.13641049999999996,0.1328479,0.125237,0.16693499999999994,0.00400803,7484.973914865906
72,30,0.10481410000000001,0.1022985,0.12306349999999999,0.12656553333333334,0.122653,0.15126169999999997,0.003819514,7854.402418737043
73,30,0.10828483333333334,0.10430800000000001,0.12759829999999997,0.13135719999999998,0.1254815,0.16079374999999999,0.003964691,7566.793982179191
74,30,0.11450183333333332,0.1174615,0.13494989999999998,0.13893533333333333,0.1418295,0.1628518,0.004193424,7154.058354223183
75,30,0.10731206666666665,0.102135,0.12911699999999998,0.13020993333333333,0.12399550000000001,0.15819619999999995,0.003931214,7631.230454510999
76,30,0.10647056666666668,0.1018455,0.12369474999999998,0.1293223,0.1230385,0.15239724999999998,0.003903701,7685.014810304376
77,30,0.11509140000000001,0.104388,0.1776221499999999,0.13827206666666667,0.124865,0.21910014999999985,0.004173284,7188.58337942014
78,30,0.11498433333333334,0.11277899999999999,0.13114749999999997,0.13910990000000004,0.1376255,0.1585025,0.004198432,7145.524805451178
79,30,0.10773670000000002,0.10287850000000001,0.12429699999999996,0.1303624,0.123948,0.15186229999999995,0.003934919,7624.045120115559
80,30,0.10620043333333332,0.10207250000000001,0.12432934999999999,0.12824276666666667,0.1221145,0.15187814999999996,0.003871092,7749.751232985421
81,30,0.10882176666666665,0.1043355,0.14188334999999988,0.1310257,0.12520599999999998,0.17218354999999985,0.003954367,7586.549250486866
82,30,0.1106978,0.10871800000000001,0.12798174999999998,0.13419716666666667,0.13018649999999998,0.1562787,0.004049189,7408.891014966207
83,30,0.10659010000000001,0.102437,0.1284805,0.12922229999999998,0.124183,0.15887379999999995,0.003899223,7693.84054207723
84,30,0.10303810000000002,0.10129250000000001,0.11242549999999998,0.1251639,0.12163199999999999,0.14110489999999995,0.003777017,7942.776005509109
85,30,0.10663570000000001,0.100177,0.13684749999999998,0.12953513333333333,0.1207255,0.17422964999999996,0.003908615,7675.353034258938
86,30,0.11121906666666667,0.109757,0.12789874999999998,0.13437510000000003,0.13155,0.15310664999999996,0.004055184,7397.938046707622
87,30,0.10582623333333332,0.101368,0.12215094999999995,0.1277674,0.1215485,0.15005074999999995,0.003855003,7782.09511121003
88,30,0.10529980000000001,0.1009785,0.12107699999999998,0.12758446666666667,0.121977,0.14955789999999997,0.003850177,7791.849569513297
89,30,0.11371083333333333,0.10356950000000001,0.17566905,0.1362642666666667,0.12368950000000001,0.20173444999999998,0.004113446,7293.1551793800145
90,30,0.11238273333333332,0.10915849999999999,0.13477835,0.13630326666666667,0.1319875,0.16075514999999999,0.004112637,7294.589821567039
91,30,0.12200943333333333,0.1098265,0.21188989999999974,0.14814013333333334,0.1336685,0.2537884499999998,0.004468422,6713.779495311768
92,30,0.1168053,0.114948,0.14106719999999998,0.14092259999999998,0.13870100000000002,0.16661885,0.00425188,7055.702418694788
93,30,0.10827403333333332,0.10252800000000001,0.12571584999999996,0.13080136666666667,0.123443,0.15409269999999994,0.003946818,7601.05989179131
94,30,0.11330623333333335,0.1126575,0.12769534999999999,0.13722600000000001,0.136131,0.15309705,0.004140642,7245.2532723186405
95,30,0.10573549999999998,0.1020335,0.12298679999999998,0.12778083333333334,0.123195,0.15062039999999996,0.003855859,7780.3674875040815
96,30,0.10407393333333334,0.1020385,0.11411864999999999,0.12573516666666665,0.1226875,0.13861779999999996,0.003794735,7905.6903841770245
97,30,0.10852456666666668,0.1042225,0.12568604999999997,0.13135233333333335,0.1256375,0.15376599999999996,0.003963145,7569.745744856672
98,30,0.1141201,0.1104775,0.132966,0.13737546666666667,0.13150099999999998,0.15976305,0.004144837,7237.920333175948
99,30,0.10618516666666668,0.101804,0.12639849999999997,0.12838370000000002,0.12451100000000001,0.15430534999999995,0.003874012,7743.909931099852
100,30,0.11066696666666667,0.1078325,0.1303508,0.13381833333333332,0.128361,0.16628484999999998,0.004037683,7430.003791778601
101,30,0.10781126666666668,0.102548,0.12153169999999998,0.13120096666666664,0.1235525,0.15294949999999996,0.003959363,7576.976397465957
102,30,0.11773706666666668,0.1134575,0.14012114999999997,0.14051783333333334,0.1350475,0.1737935999999999,0.004238614,7077.78533265827
103,30,0.11311856666666668,0.102938,0.17782245,0.13561503333333336,0.123996,0.21307519999999996,0.004090916,7333.320948169066
104,30,0.10523140000000002,0.1014725,0.12365414999999998,0.12728,0.12244,0.15090539999999997,0.003840754,7810.9662842244
105,30,0.10698626666666668,0.102554,0.12258349999999997,0.12960393333333334,0.12379000000000001,0.15158689999999997,0.003910957,7670.756799422751
106,30,0.1329857,0.11048050000000001,0.3103183999999999,0.15640110000000002,0.1318125,0.33642949999999994,0.004715773,6361.629365959727
107,30,0.10601463333333332,0.1032155,0.12093589999999997,0.12860376666666665,0.12381,0.15165944999999997,0.003880286,7731.388871851198
108,30,0.11240296666666666,0.109668,0.13651834999999993,0.13530733333333334,0.1316495,0.16216449999999996,0.004082415,7348.591458732148
109,30,0.10704569999999998,0.1025115,0.13135854999999996,0.12973976666666667,0.123528,0.16021044999999995,0.003915709,7661.447773570509
110,30,0.11817949999999998,0.11649799999999999,0.14355549999999997,0.14309276666666668,0.14087850000000002,0.16798559999999998,0.004316923,6949.3942792123
111,30,0.10289419999999999,0.10036700000000001,0.11613534999999998,0.12455256666666667,0.1206835,0.14284139999999998,0.00375879,7981.291851899148
112,30,0.10549813333333334,0.10280600000000001,0.11377295,0.12847513333333332,0.12393100000000001,0.1404667,0.003878952,7734.047753104446
113,30,0.10694580000000001,0.1017,0.12843524999999995,0.12941126666666666,0.12271950000000001,0.15811149999999996,0.003905267,7681.933143111598
114,30,0.11573729999999999,0.1127495,0.13392795,0.13945896666666666,0.136131,0.16072815,0.004207602,7129.951929864088
115,30,0.11397680000000002,0.109953,0.1315834,0.13827936666666665,0.133662,0.15389755,0.004172699,7189.591197447982
116,30,0.12510853333333333,0.1210135,0.14845475,0.15102376666666667,0.14811600000000003,0.17373475,0.004563125,6574.441857279824
117,30,0.13002056666666664,0.1215185,0.1930305,0.15681669999999998,0.146173,0.23619234999999997,0.004736831,6333.348181516291
118,30,0.1502336,0.1383085,0.1911281,0.18287649999999997,0.16713250000000002,0.23275435,0.005521988,5432.826003968136
119,30,0.12483846666666666,0.1203515,0.15412499999999998,0.15110106666666667,0.145483,0.18839254999999996,0.00455915,6580.17393593104
120,30,0.12404219999999998,0.118318,0.1592004999999999,0.1491069666666667,0.1418415,0.18904044999999994,0.004499024,6668.112906265893
121,30,0.135395,0.126398,0.1988643499999998,0.16388643333333336,0.1505265,0.23820159999999976,0.004946347,6065.081968571958
122,30,0.11963070000000002,0.11405799999999999,0.1480247,0.14422456666666666,0.1362555,0.18085964999999998,0.004352437,6892.690233080915
123,30,0.11761713333333333,0.1130565,0.15448759999999995,0.14216216666666665,0.136154,0.17901709999999993,0.004290136,6992.785310302517
124,30,0.12862883333333333,0.1204945,0.17121954999999986,0.15525953333333328,0.1459375,0.2160270499999998,0.004686269,6401.681166830159
125,30,0.11419936666666665,0.107972,0.14010529999999996,0.138488,0.130242,0.17286519999999994,0.004179991,7177.048945799165
126,30,0.10984246666666667,0.10646900000000001,0.11815894999999998,0.13365956666666665,0.12948700000000002,0.14854004999999998,0.00403504,7434.870534121099
127,30,0.10894010000000001,0.10671,0.122912,0.13264289999999998,0.129318,0.14708164999999998,0.004004088,7492.342825632203
128,30,0.11888073333333331,0.115822,0.13321035,0.14409333333333332,0.1397205,0.16336014999999998,0.004349139,6897.917035992641
129,30,0.11127856666666668,0.108736,0.1289068,0.1342782,0.13073,0.15828364999999997,0.004052589,7402.6751787561
130,30,0.11298956666666667,0.109187,0.13766144999999994,0.13662553333333335,0.13097750000000002,0.16360509999999995,0.004123331,7275.671053330426
131,30,0.10986003333333334,0.104552,0.13264219999999993,0.1329012,0.12533450000000002,0.16263819999999993,0.004009846,7481.584080785147
132,30,0.1224196,0.118314,0.1519486999999999,0.14716126666666665,0.14242549999999998,0.1827999999999999,0.004440816,6755.515202611412
133,30,0.1074709,0.1049935,0.12165369999999998,0.13076953333333333,0.127281,0.15041899999999994,0.003946186,7602.277236805361
134,30,0.10544926666666667,0.1010075,0.12368334999999998,0.1283865,0.122073,0.15248734999999994,0.003873803,7744.327731688989
135,30,0.10866200000000001,0.102382,0.13735999999999995,0.13192953333333335,0.1238305,0.16910259999999994,0.003980842,7536.094122801156
136,30,0.11331500000000001,0.113015,0.12922114999999998,0.13647613333333333,0.13582650000000002,0.15374604999999997,0.004117729,7285.569302885159
137,30,0.11597583333333333,0.1132465,0.1403130499999999,0.14061703333333334,0.13796799999999998,0.16557419999999992,0.004242933,7070.580657295319
138,30,0.11806386666666667,0.1065615,0.177553,0.14470043333333335,0.1294365,0.22307449999999995,0.00436621,6870.947572379708
139,30,0.10724686666666666,0.1014545,0.13438534999999996,0.13003293333333335,0.121558,0.16503639999999997,0.003926507,7640.378585852514
140,30,0.13224130000000003,0.120946,0.17864909999999998,0.15584036666666667,0.142102,0.21688314999999994,0.004698829,6384.569432086165
141,30,0.11618296666666666,0.110829,0.13969744999999997,0.13813696666666664,0.1352335,0.16617554999999998,0.004166488,7200.308749239167
142,30,0.11140543333333333,0.1094975,0.12641745,0.13513973333333332,0.13188149999999998,0.15471819999999997,0.004077591,7357.285220611876
143,30,0.10844586666666668,0.1024595,0.14160784999999992,0.13117420000000002,0.12305250000000001,0.1815995499999999,0.00395819,7579.2218160320745
144,30,0.11007653333333332,0.101771,0.14409894999999998,0.13349303333333334,0.124383,0.17572649999999998,0.004028415,7447.097679856719
145,30,0.10449506666666668,0.10042999999999999,0.12332314999999998,0.12655113333333332,0.12207799999999999,0.15214699999999998,0.003819121,7855.210662348744
146,30,0.10619479999999998,0.102462,0.12272359999999999,0.12873769999999998,0.1240425,0.15045109999999998,0.003884594,7722.81479094083
147,30,0.1054422,0.101194,0.12530099999999994,0.1273689666666667,0.121537,0.15342889999999992,0.003842885,7806.634858966636
148,30,0.12233526666666668,0.1082895,0.2003008999999998,0.14617049999999995,0.13015900000000002,0.23209274999999988,0.00440821,6805.4834048287175
149,30,0.10477226666666664,0.1008805,0.12147059999999997,0.12696533333333332,0.122332,0.14894264999999995,0.003831409,7830.0176253696745
150,30,0.10499870000000001,0.10075049999999999,0.12021889999999996,0.12682873333333336,0.12182799999999999,0.14788134999999997,0.003827296,7838.432146350844
151,30,0.10564936666666666,0.10098499999999999,0.12388515,0.12780019999999997,0.1214755,0.15014579999999997,0.003856897,7778.273570696858
152,30,0.11243623333333332,0.103126,0.14399559999999997,0.1370805333333333,0.12485500000000001,0.17929799999999999,0.004135638,7254.019815080527
153,30,0.10307503333333336,0.1000245,0.11335999999999999,0.12477680000000001,0.120395,0.1406719,0.003765059,7968.002626253666
154,30,0.10578353333333333,0.1009555,0.13023599999999996,0.12776956666666664,0.12112,0.15525214999999998,0.003855513,7781.065710321817
155,30,0.10511386666666664,0.10080549999999999,0.12311644999999996,0.1271778,0.1213545,0.15090999999999993,0.00383745,7817.691435719032
156,30,0.11225109999999999,0.1057135,0.14102925,0.1358612,0.129316,0.16239155,0.004100119,7316.860803308392
157,30,0.10611983333333332,0.1028155,0.12193704999999998,0.12873383333333333,0.12343699999999999,0.15040229999999996,0.003884564,7722.874433269731
158,30,0.10339746666666669,0.1012845,0.11768319999999997,0.12456426666666667,0.12207799999999999,0.14005849999999997,0.003758633,7981.625234493498
159,30,0.11171099999999998,0.1018065,0.17175559999999998,0.13364536666666668,0.122292,0.2093539499999999,0.004031729,7440.976315620419
160,30,0.12146233333333334,0.107616,0.19773944999999982,0.14490833333333336,0.130631,0.22226334999999983,0.004372387,6861.2407822088935
161,30,0.11087053333333331,0.10840849999999999,0.12871449999999998,0.13390080000000001,0.130693,0.15506355,0.00404033,7425.136065618402
162,30,0.10684110000000001,0.10368350000000001,0.12263829999999996,0.12966273333333334,0.1248975,0.15151974999999995,0.003912524,7667.684594394821
163,30,0.10469276666666666,0.101357,0.12026949999999997,0.12662783333333333,0.12171850000000001,0.14663239999999997,0.003821077,7851.189599162749
164,30,0.1146744,0.110646,0.13710255,0.13940156666666667,0.1336275,0.1711932,0.004206548,7131.738423049018
165,30,0.1052613,0.1014835,0.12007774999999997,0.1274,0.1218225,0.14806344999999996,0.003843969,7804.433386429495
166,30,0.10615216666666666,0.10246150000000001,0.12291379999999998,0.12830636666666667,0.1233635,0.15039234999999998,0.003872242,7747.449668693227
167,30,0.10518643333333336,0.10155449999999999,0.12207519999999998,0.12720289999999998,0.122285,0.14960759999999998,0.003839727,7813.055459411568
168,30,0.11308340000000001,0.10863300000000001,0.1326887,0.13628133333333334,0.13163550000000002,0.1551133,0.004112904,7294.116274048702
169,30,0.1046787,0.10176199999999999,0.11919564999999997,0.12673963333333332,0.1225055,0.14683829999999995,0.003825642,7841.821059053617
170,30,0.10585913333333331,0.10245850000000001,0.12230359999999996,0.12827183333333333,0.123912,0.15120919999999996,0.003872358,7747.2175868037
171,30,0.10511436666666664,0.101758,0.12140544999999997,0.1271806,0.1221355,0.14960414999999996,0.003839158,7814.213429090441
172,30,0.10855939999999999,0.1057035,0.12295679999999999,0.1313259333333333,0.1263755,0.1509516,0.003964218,7567.696832010752
173,30,0.10563966666666667,0.099878,0.12087819999999998,0.1280171,0.12123249999999999,0.14781129999999995,0.003864232,7763.509023267754
174,30,0.10622316666666669,0.10164699999999999,0.12215899999999999,0.1289406,0.1228195,0.15000509999999997,0.003891556,7708.998662745698
175,30,0.10519203333333335,0.1004925,0.12149029999999998,0.12750276666666666,0.12059900000000001,0.14980389999999996,0.003847376,7797.522259326876
176,30,0.1082265,0.10623350000000001,0.1221921,0.13111236666666665,0.129108,0.14526,0.003955706,7583.981215995324
177,30,0.10567136666666664,0.10170199999999999,0.12086829999999998,0.12797953333333334,0.12313299999999999,0.14843994999999996,0.003861467,7769.068076976962
178,30,0.10721863333333331,0.102898,0.12349704999999998,0.12989750000000003,0.1239455,0.15069679999999996,0.003919759,7653.53176049854
179,30,0.10472146666666668,0.102332,0.12045139999999997,0.1267222,0.1227445,0.14725394999999997,0.003823161,7846.90992610565
180,30,0.1116478,0.10921,0.12722605,0.1351904,0.1315515,0.15256904999999998,0.004078938,7354.855602119964
181,30,0.10698873333333334,0.103074,0.12119319999999996,0.12927163333333333,0.1245185,0.14932104999999996,0.003900893,7690.546754294465
182,30,0.1065224,0.1017225,0.12512164999999997,0.1286051,0.122184,0.15353719999999996,0.003880457,7731.048172934271
183,30,0.10622856666666666,0.100672,0.12716925,0.12863256666666667,0.12155250000000001,0.15572739999999996,0.003881636,7728.699960532105
184,30,0.11196393333333333,0.1082505,0.13266009999999995,0.1349985,0.13065349999999998,0.15847134999999998,0.004076157,7359.873527933295
185,30,0.11087739999999999,0.110012,0.12112684999999998,0.13432276666666665,0.1333125,0.14906359999999996,0.004053263,7401.444219139001
186,30,0.10676793333333333,0.1038325,0.12038999999999997,0.1309968,0.1262765,0.15667224999999996,0.003953077,7589.024954484823
187,30,0.10380196666666666,0.10083500000000001,0.11790299999999997,0.12474313333333335,0.1210145,0.14151284999999994,0.003763968,7970.312181187513
188,30,0.11099529999999999,0.10669400000000001,0.13395359999999998,0.13415566666666665,0.1292545,0.16660344999999996,0.004046726,7413.400363652
189,30,0.1050903,0.1008655,0.12094924999999997,0.12672063333333336,0.121755,0.14858434999999998,0.003828195,7836.591396206306
190,30,0.10325989999999999,0.1011835,0.11318344999999999,0.12535193333333333,0.1216985,0.13945819999999998,0.003782947,7930.32521999383
191,30,0.10567869999999999,0.1009865,0.12517794999999995,0.12760973333333334,0.121613,0.15389289999999994,0.003850682,7790.827702729023
192,30,0.1099278,0.106558,0.13183259999999997,0.13305243333333336,0.12727549999999999,0.1608016,0.004015229,7471.55392631404
193,30,0.10523323333333337,0.100658,0.12343059999999996,0.12737736666666663,0.1208815,0.15118699999999993,0.003844064,7804.240512124668
194,30,0.10390536666666667,0.099517,0.12046209999999997,0.12557936666666664,0.11944250000000001,0.14840054999999994,0.00378956,7916.48634669988
195,30,0.10716336666666668,0.102509,0.1239142,0.12916443333333333,0.122848,0.151132,0.003897587,7697.070007673979
196,30,0.10864466666666668,0.104849,0.12743359999999998,0.13180980000000003,0.12625350000000002,0.15415344999999997,0.003977766,7541.921772170611
197,30,0.10770906666666666,0.103037,0.12985004999999994,0.13022916666666667,0.1242915,0.15841109999999994,0.003932366,7628.994859583264
198,30,0.1051179,0.101165,0.12099124999999998,0.12689916666666667,0.121636,0.14742794999999995,0.003829508,7833.9045120156425
199,30,0.1073598333333333,0.10217999999999999,0.12924215,0.1304581,0.1228935,0.15587385,0.003937018,7619.980401410408
200,30,0.11362819999999998,0.107074,0.16080079999999997,0.13708336666666668,0.13123649999999998,0.19288794999999997,0.004136616,7252.304782459865
201,30,0.1078138,0.10221849999999999,0.14360024999999996,0.13037693333333333,0.123144,0.17731154999999996,0.003934089,7625.653613835376
202,30,0.10490090000000002,0.099368,0.1354749999999999,0.12727163333333333,0.119428,0.16479569999999988,0.003841126,7810.209818683376
203,30,0.12273393333333332,0.10372100000000001,0.19272854999999994,0.1455861,0.126212,0.22738604999999995,0.00439052,6832.903619616811
204,30,0.1174743333333333,0.109924,0.18031794999999984,0.14335006666666666,0.131661,0.21376809999999985,0.00432611,6934.636428569777
205,30,0.10744799999999999,0.100879,0.14350104999999996,0.1298186,0.121615,0.17156124999999997,0.003917086,7658.754492497739
206,30,0.10631883333333333,0.102266,0.12293484999999998,0.12846053333333332,0.122448,0.15005559999999996,0.003876772,7738.396789906654
207,30,0.1035403,0.100907,0.11850739999999998,0.1252333,0.121121,0.1448774,0.003779133,7938.328711902968
208,30,0.11001413333333332,0.102509,0.14716989999999994,0.13391196666666666,0.12348049999999999,0.20196169999999988,0.004041494,7422.997535069952
209,30,0.11504423333333332,0.1128345,0.13388799999999998,0.1390223333333333,0.1355285,0.1635052,0.004194331,7152.511330173989
210,30,0.11679890000000001,0.1079115,0.16403624999999997,0.14195670000000002,0.1303465,0.19646509999999998,0.004283679,7003.325879460155
211,30,0.1094225,0.10366,0.12730359999999993,0.13253433333333337,0.12478700000000001,0.15708834999999993,0.00400619,7488.4116829206805
212,30,0.11527546666666667,0.110261,0.14057714999999998,0.13948693333333334,0.133641,0.16700909999999997,0.004209117,7127.385625061028
213,30,0.1067654,0.10407849999999999,0.12144409999999997,0.1299518,0.125569,0.15243674999999995,0.003922647,7647.896943059113
214,30,0.10543426666666669,0.10146,0.11703239999999997,0.12780523333333332,0.1228745,0.14518329999999996,0.003857483,7777.091953483658
215,30,0.10715193333333334,0.102378,0.12396519999999998,0.12989693333333333,0.123143,0.15201394999999995,0.003920859,7651.384556292384
216,30,0.11793476666666666,0.11234549999999999,0.15031349999999996,0.1422986333333333,0.13669199999999998,0.18532979999999988,0.004298438,6979.279449883888
217,30,0.10738106666666665,0.102736,0.12426759999999996,0.13040459999999998,0.1246595,0.15515319999999996,0.003936008,7621.9357277729105
218,30,0.10574563333333332,0.10133149999999999,0.12116644999999998,0.12848966666666667,0.122462,0.15031924999999996,0.003878955,7734.041771559609
219,30,0.1167315,0.107955,0.15651404999999993,0.14218733333333333,0.1315105,0.20066464999999994,0.00429245,6989.015597153141
220,30,0.11653123333333333,0.11246300000000001,0.1513543,0.14239776666666665,0.138153,0.18596214999999996,0.004299177,6978.079758056018
221,30,0.1094411,0.1053765,0.13414959999999995,0.1330770666666667,0.12853150000000002,0.16427859999999994,0.004017664,7467.025614884669
222,30,0.10658646666666667,0.1038595,0.11491494999999999,0.129867,0.12588,0.14409755,0.00392064,7651.811949069539
223,30,0.10823473333333333,0.102985,0.12558014999999997,0.13212253333333332,0.1244265,0.15452264999999996,0.003987201,7524.075159491583
224,30,0.11004773333333333,0.104741,0.13113895,0.13485266666666668,0.1290405,0.16538544999999996,0.004069617,7371.701071624185
225,30,0.10745249999999999,0.1036725,0.12497824999999997,0.13084603333333336,0.1258455,0.15424144999999997,0.003952024,7591.04701793309
226,30,0.1094172,0.10618,0.12719324999999998,0.13295586666666667,0.1273465,0.15704544999999998,0.004012155,7477.278420200616
227,30,0.1142232,0.1061435,0.16238504999999998,0.13867433333333334,0.128657,0.19648739999999998,0.004184764,7168.863046996199
228,30,0.11134643333333333,0.10972599999999999,0.13009989999999994,0.13511226666666667,0.1337105,0.15857929999999995,0.00407683,7358.658565601215
229,30,0.10931263333333334,0.1057585,0.12805165,0.13280176666666665,0.127788,0.15601774999999998,0.004007551,7485.868551641639
230,30,0.10773243333333334,0.104707,0.12514479999999994,0.13100046666666668,0.1262705,0.15476794999999996,0.003953759,7587.715892647983
231,30,0.10791926666666667,0.104967,0.12130049999999996,0.1311958666666667,0.1277325,0.15025044999999998,0.003958968,7577.732378741126
232,30,0.11616403333333333,0.1104035,0.14483184999999998,0.14102140000000002,0.1317495,0.17328639999999998,0.004255052,7050.442626788111
233,30,0.12476773333333332,0.114354,0.1822044999999999,0.15064173333333336,0.13863799999999998,0.22547064999999994,0.004545981,6599.235676523945
234,30,0.112755,0.105625,0.12739894999999998,0.13660866666666668,0.127367,0.15747329999999995,0.004122668,7276.8411135701435
235,30,0.10978850000000001,0.107585,0.12589784999999998,0.13329293333333334,0.12970199999999998,0.15526809999999996,0.004023023,7457.078918017621
236,30,0.11007890000000001,0.104208,0.14341039999999997,0.13425083333333332,0.127296,0.17570145,0.004051162,7405.282731226252
237,30,0.10743123333333333,0.10339999999999999,0.11866709999999998,0.1307537,0.125145,0.14465069999999997,0.003946486,7601.69933454724
238,30,0.10764456666666668,0.10335449999999999,0.12513429999999998,0.1310052333333333,0.1245765,0.15388999999999994,0.003953723,7587.784981396016
239,30,0.10833276666666666,0.104708,0.12638269999999996,0.13151913333333334,0.1264965,0.15585244999999995,0.003968986,7558.605648898737
240,30,0.11747860000000002,0.1098275,0.15693035,0.14328766666666667,0.13180999999999998,0.19251454999999998,0.00432379,6938.357320776448
241,30,0.10707496666666667,0.1043,0.11977814999999997,0.13017936666666668,0.12701649999999998,0.14858244999999995,0.003929451,7634.654306670322
242,30,0.10938020000000001,0.105391,0.12706314999999999,0.1337623666666667,0.128911,0.15769654999999996,0.004037048,7431.172480485741
243,30,0.10877623333333333,0.1048885,0.1275427,0.1322952666666667,0.126986,0.15444864999999997,0.003992798,7513.528107357298
244,30,0.11211233333333336,0.106207,0.13946694999999998,0.13624146666666667,0.128831,0.169276,0.00411147,7296.66031857219
245,30,0.10852576666666665,0.10401450000000001,0.12796244999999998,0.13222530000000002,0.12656299999999998,0.15999634999999995,0.003990274,7518.280699520885
246,30,0.11138959999999999,0.1062955,0.1286474,0.1351440666666667,0.1294555,0.15688834999999995,0.004079103,7354.5580976994215
247,30,0.11071429999999999,0.1070235,0.12415179999999998,0.134774,0.12931199999999998,0.15312104999999995,0.004067589,7375.376420774075
248,30,0.12983516666666667,0.11653949999999999,0.20033454999999997,0.15547189999999997,0.1408005,0.24134449999999996,0.004689709,6396.985399307291
249,30,0.11054950000000002,0.1066695,0.12727074999999996,0.13422750000000003,0.12902249999999998,0.15787609999999996,0.004050525,7406.447312385431
250,30,0.1108163,0.1068205,0.1445957999999999,0.1350731,0.1291185,0.17294209999999993,0.004075592,7360.893828430323
251,30,0.10677416666666666,0.104599,0.11738124999999998,0.13056243333333334,0.1290065,0.1451534,0.003959843,7576.05793967084
252,30,0.11257486666666665,0.10494,0.13297279999999997,0.13606409999999997,0.127933,0.16398829999999998,0.004104945,7308.258697741383
253,30,0.10555649999999998,0.102607,0.12402099999999996,0.12806406666666667,0.1243475,0.15338634999999995,0.003864861,7762.245524483287
254,30,0.10669016666666666,0.10543849999999999,0.1176163,0.13093373333333333,0.12712299999999999,0.15548484999999995,0.003951156,7592.714638450115
255,30,0.11030123333333333,0.10797499999999999,0.12769294999999997,0.13426410000000003,0.1310605,0.15768294999999996,0.004051693,7404.312222076055
256,30,0.11519716666666667,0.112495,0.13206535,0.1410548666666666,0.136762,0.161069,0.004256595,7047.886867320006
257,30,0.11318516666666664,0.11109350000000001,0.12785625,0.1379693,0.13496550000000002,0.15599965,0.004164393,7203.931041090503
258,30,0.12006629999999999,0.110415,0.17643229999999993,0.14662123333333332,0.134934,0.21531409999999998,0.004424098,6781.043277070265
259,30,0.1154167,0.108178,0.16177539999999996,0.14072769999999998,0.130907,0.19783509999999996,0.004248068,7062.033846915821
260,30,0.10464950000000002,0.1027965,0.11582775,0.1264465333333333,0.1238785,0.14290209999999998,0.003817001,7859.57352382145
261,30,0.10517496666666666,0.103002,0.11551265000000001,0.12743076666666667,0.123404,0.14242885,0.003846857,7798.574264652936
262,30,0.10716563333333332,0.10395750000000001,0.12329769999999997,0.1296481,0.1244765,0.15301974999999998,0.003913264,7666.234631754975
263,30,0.11418453333333332,0.1083295,0.1485985,0.13911186666666667,0.1312435,0.1840973499999999,0.004199408,7143.864087509478
264,30,0.10626813333333333,0.102748,0.12291069999999998,0.12850906666666667,0.12329499999999999,0.15040389999999995,0.003878936,7734.079654833181
265,30,0.10631683333333333,0.102697,0.12276874999999997,0.12896013333333334,0.123835,0.15124799999999997,0.003891927,7708.263798370319
266,30,0.10406783333333333,0.1021325,0.11615754999999997,0.12592116666666667,0.122945,0.14214854999999996,0.003800747,7893.185208065677
267,30,0.1125614,0.106336,0.14870639999999993,0.1371898,0.12672450000000002,0.2006744499999999,0.004141068,7244.507938531799
268,30,0.10638833333333332,0.1015135,0.12500224999999998,0.12893833333333332,0.1219605,0.15366289999999996,0.00389045,7711.190222210798
269,30,0.1051263,0.101788,0.12336894999999999,0.12681346666666668,0.1226045,0.15098959999999997,0.003826643,7839.769740736202
270,30,0.11669943333333334,0.1025895,0.17691234999999997,0.13836736666666666,0.12293950000000001,0.1995054,0.004174582,7186.348237979276
271,30,0.11387549999999999,0.105667,0.14939659999999996,0.13846343333333333,0.1277755,0.17863605,0.004178383,7179.810946004711
272,30,0.10361126666666667,0.100565,0.11859484999999997,0.12503333333333333,0.1206585,0.14384724999999998,0.00377724,7942.307081360994
273,30,0.10639153333333334,0.10318050000000001,0.12262744999999999,0.1286116,0.123611,0.14986089999999996,0.003880607,7730.749338956509
274,30,0.1074847,0.103415,0.12297699999999998,0.12986743333333334,0.124651,0.15124459999999998,0.003919069,7654.879258313646
275,30,0.11502923333333333,0.10492099999999999,0.15095324999999998,0.13966713333333333,0.1270605,0.18357864999999995,0.004237399,7079.814763726522
276,30,0.10579820000000001,0.101296,0.12159894999999997,0.12833813333333335,0.12161,0.14950184999999996,0.003872116,7747.701773397284
277,30,0.1054152,0.1009205,0.12264424999999997,0.12763513333333334,0.1211295,0.15057529999999997,0.003851293,7789.591703357807
278,30,0.10462386666666663,0.10106799999999999,0.12104119999999997,0.12663096666666668,0.1212225,0.14884469999999997,0.00382136,7850.608160445496
279,30,0.17227600000000004,0.1057675,0.39587394999999975,0.20890146666666667,0.1290585,0.4554478499999999,0.006300834,4761.274459857219
280,30,0.17911983333333337,0.1589975,0.26611504999999996,0.22654349999999998,0.200152,0.34006394999999995,0.006834863,4389.261350227503
281,30,0.11136146666666666,0.10762150000000001,0.12916289999999997,0.13540563333333333,0.131253,0.16050064999999994,0.004086275,7341.649791068882
282,30,0.11461073333333333,0.1097745,0.1353939,0.13966466666666666,0.132477,0.16259774999999999,0.004213932,7119.241601430683
283,30,0.10781400000000001,0.105988,0.11822949999999997,0.13089293333333335,0.128545,0.14534194999999997,0.003950498,7593.979290712208
284,30,0.10920663333333333,0.1045085,0.12890959999999999,0.13280533333333333,0.12730200000000003,0.15906894999999996,0.004008006,7485.018735001894
285,30,0.10900806666666665,0.10527700000000001,0.12384999999999999,0.13269853333333337,0.1271765,0.15584484999999995,0.004004352,7491.848868431147
286,30,0.11427196666666667,0.11028199999999999,0.13396604999999998,0.1390981,0.135092,0.1619003,0.004199613,7143.515366773082
287,30,0.10840806666666666,0.104976,0.12492979999999998,0.13221336666666664,0.12667499999999998,0.15699535,0.003990261,7518.305193570044
288,30,0.10943756666666667,0.1056915,0.12709039999999996,0.13306113333333333,0.128102,0.15683469999999997,0.004015302,7471.4180900963365
289,30,0.1100385,0.1058675,0.12694639999999996,0.13384210000000002,0.12894450000000002,0.15688179999999996,0.00403901,7427.56269481878
290,30,0.11587963333333333,0.1136965,0.14317509999999994,0.14113736666666668,0.13649250000000002,0.16948004999999997,0.004259219,7043.544837680335
291,30,0.10753410000000002,0.1051085,0.11790774999999998,0.13030223333333332,0.127238,0.14507539999999997,0.003932996,7627.772822550543
292,30,0.13195936666666666,0.1109475,0.22372514999999996,0.1619557,0.1352255,0.272358,0.004886212,6139.7254151068355
293,30,0.10746239999999999,0.103105,0.12500834999999996,0.12945576666666667,0.12346950000000001,0.1506989,0.003906235,7680.029491313247
294,30,0.11208649999999998,0.10729649999999999,0.14279964999999994,0.13463139999999998,0.12889499999999998,0.17615034999999993,0.004068531,7373.668776273304
295,30,0.10496016666666665,0.1019695,0.11780204999999996,0.1268153,0.1226785,0.14424699999999996,0.00382699,7839.058894849477
296,30,0.11338776666666667,0.1081415,0.14314714999999995,0.13990583333333334,0.12956800000000002,0.18041569999999993,0.004253961,7052.25083163668
297,30,0.11937880000000001,0.111621,0.1707199999999999,0.1450388,0.134215,0.22369329999999985,0.004378232,6852.080931298296
298,30,0.13276396666666665,0.13029849999999998,0.15120504999999998,0.16196883333333334,0.15827449999999998,0.18915934999999995,0.004887961,6137.528511377239
299,30,0.11224143333333335,0.106161,0.13932169999999994,0.1363058,0.1280215,0.17161214999999994,0.00411343,7293.18354755034
300,30,0.10992026666666668,0.1023155,0.13200229999999996,0.13236983333333333,0.1233265,0.16175369999999994,0.003993588,7512.0418030102255
301,30,0.13614540000000003,0.11394750000000001,0.22869409999999996,0.1644739,0.1384375,0.2707837,0.004960214,6048.126149395974
302,30,0.10891456666666666,0.105855,0.12004959999999998,0.13351276666666664,0.130677,0.15015894999999993,0.00403109,7442.155843704804
303,30,0.1192628,0.118861,0.14301685,0.1441126,0.1418305,0.17281289999999994,0.00434888,6898.327845330292
304,30,0.10950130000000002,0.106739,0.13298209999999996,0.133186,0.1294285,0.16285389999999994,0.004020739,7461.314947326848
305,30,0.1259358,0.1115115,0.1931851,0.15322866666666665,0.1337025,0.23517979999999997,0.004624338,6487.4150635182805
306,30,0.10485866666666667,0.10312650000000001,0.1130533,0.1276279333333333,0.124217,0.1431448,0.003853545,7785.039489612811
307,30,0.10882556666666666,0.1057225,0.1285957,0.13204026666666666,0.1282625,0.15463254999999998,0.003986113,7526.128837792606
308,30,0.10374986666666665,0.100552,0.12085354999999995,0.12504026666666668,0.121035,0.14558769999999993,0.003774688,7947.676735136784
309,30,0.118698,0.10770199999999999,0.17964859999999994,0.14475770000000002,0.130035,0.2316639999999999,0.004370346,6864.445057668203
310,30,0.10775829999999999,0.10348950000000001,0.13086139999999996,0.13042503333333333,0.1251875,0.1558759,0.003935401,7623.111342401956
311,30,0.10616356666666668,0.101913,0.12264859999999998,0.128429,0.12256,0.15024969999999996,0.003875726,7740.485266502328
312,30,0.1066011,0.102002,0.12386594999999999,0.12894660000000002,0.1223915,0.15188609999999997,0.003890455,7711.180311814428
313,30,0.12173496666666667,0.114899,0.1883835499999999,0.14818976666666667,0.1416865,0.23010869999999992,0.004472647,6707.437452586802
314,30,0.10549910000000001,0.1016785,0.12310159999999998,0.12786546666666668,0.122779,0.15263044999999997,0.003858497,7775.048159944145
315,30,0.10393886666666668,0.1002255,0.11664779999999998,0.12552436666666666,0.1203575,0.14089494999999996,0.003788251,7919.221825586531
316,30,0.10662893333333331,0.1011155,0.125039,0.12892443333333334,0.1216345,0.15179174999999998,0.003890386,7711.317077534209
317,30,0.12583313333333332,0.1141075,0.18932064999999998,0.1526531,0.13796049999999999,0.23092364999999987,0.00460588,6513.413289100021
318,30,0.10583683333333331,0.102035,0.1198138,0.1281119,0.1237345,0.14461385,0.003866101,7759.755888426092
319,30,0.11165206666666667,0.108525,0.13127309999999998,0.13477083333333337,0.13175150000000002,0.15750685,0.004069661,7371.621370920085
320,30,0.10586746666666665,0.10283049999999999,0.11570819999999998,0.1287578,0.124223,0.14046545,0.00388553,7720.954412911495
321,30,0.11298366666666666,0.10714199999999999,0.1463141499999999,0.13766246666666668,0.1306735,0.17769384999999988,0.004153596,7222.657186688354
322,30,0.10492923333333334,0.10194500000000001,0.11536914999999998,0.12669546666666665,0.12263950000000001,0.14168399999999995,0.00382358,7846.050036876435
323,30,0.10434573333333333,0.10208700000000001,0.11278174999999999,0.12709523333333334,0.1237915,0.13983949999999998,0.003835519,7821.62726869558
324,30,0.10707903333333335,0.102788,0.1223982,0.1290412,0.1234845,0.1470039,0.003893902,7704.354141424206
325,30,0.11963449999999999,0.112267,0.1714949499999998,0.14496996666666667,0.1369595,0.20433389999999982,0.004374797,6857.461043335268
326,30,0.1099157,0.1056035,0.1382119,0.13380043333333333,0.1282825,0.17053159999999995,0.004037952,7429.508820312872
327,30,0.10587503333333335,0.103101,0.12109234999999999,0.12837176666666666,0.1242785,0.14943879999999996,0.003874314,7743.306298869942
328,30,0.11279666666666667,0.105795,0.1349579,0.13747386666666667,0.1272635,0.1641889,0.004147315,7233.595711924461
329,30,0.11253756666666666,0.1061275,0.14221554999999997,0.13680756666666666,0.1277595,0.16958154999999997,0.004130544,7262.965846629403
330,30,0.10787616666666665,0.10336999999999999,0.12815959999999998,0.1310783,0.124443,0.15874295,0.003955034,7585.269810575586
331,30,0.1102206333333333,0.106328,0.13474009999999997,0.13320033333333334,0.1277665,0.16481729999999997,0.004019033,7464.482127914849
332,30,0.10861333333333331,0.10372899999999999,0.1265419,0.13194886666666666,0.12589050000000002,0.15375044999999998,0.00398094,7535.908604500445
333,30,0.11542306666666667,0.1081275,0.14967249999999999,0.1401081,0.1307245,0.18042479999999997,0.004227325,7096.686438823606
334,30,0.10709253333333331,0.10218450000000001,0.12626284999999998,0.12971950000000002,0.1240735,0.155071,0.003915024,7662.788274094873
335,30,0.10694843333333334,0.1030675,0.13050345,0.12972613333333333,0.1247085,0.1577325,0.003914963,7662.907669880917
336,30,0.11093673333333331,0.1083845,0.14002014999999995,0.13478886666666667,0.129866,0.1680421,0.004068106,7374.439112451839
337,30,0.10808263333333333,0.1057825,0.12260059999999996,0.13027526666666667,0.12658049999999998,0.14979459999999994,0.003932471,7628.79115955337
338,30,0.10686373333333334,0.102326,0.12512329999999997,0.12948986666666668,0.123053,0.15308069999999996,0.003908624,7675.3353609863725
339,30,0.10840469999999999,0.1060345,0.12328069999999998,0.13128443333333334,0.128732,0.15030744999999995,0.003961894,7572.135953157758
340,30,0.10942420000000001,0.10660649999999999,0.12227174999999998,0.1324181,0.129266,0.15060124999999996,0.003996246,7507.045362072305
341,30,0.11362413333333335,0.1043695,0.16491729999999988,0.13716993333333335,0.125669,0.19260114999999992,0.004138568,7248.884155099059
342,30,0.10435369999999998,0.1015235,0.11628709999999996,0.12621960000000002,0.122118,0.14365529999999996,0.003812148,7869.579040477966
343,30,0.10925826666666669,0.10762,0.13462494999999997,0.13188516666666666,0.12867499999999998,0.16165790000000002,0.003979837,7537.997159180138
344,30,0.1097348,0.10407050000000001,0.1327983,0.13263756666666668,0.12513000000000002,0.16326195,0.004003096,7494.199489595053
345,30,0.10999860000000003,0.10354150000000001,0.1264857,0.1339646,0.125582,0.15974735,0.004043105,7420.039796146773
346,30,0.10755496666666664,0.102714,0.13494579999999998,0.13020439999999997,0.1240635,0.1616385,0.003929907,7633.768432688102
347,30,0.1068076333333333,0.10336200000000001,0.12468264999999998,0.1297076,0.124448,0.15749825,0.003915456,7661.942823517873
348,30,0.11019866666666668,0.1065645,0.13787964999999996,0.1334838666666667,0.1290905,0.16573044999999997,0.004029567,7444.968652959486
349,30,0.12203343333333334,0.1140855,0.15140455,0.14808169999999998,0.137518,0.19136524999999993,0.004469659,6711.921423983351
350,30,0.11052939999999999,0.1059205,0.13139645,0.13423596666666665,0.127848,0.16459,0.00405204,7403.678147303581
351,30,0.10785396666666668,0.10362550000000001,0.12423129999999996,0.13093936666666667,0.1250405,0.15359874999999995,0.0039527,7589.748779315405
352,30,0.11293643333333331,0.108902,0.13273515,0.1371102,0.1312445,0.1599582,0.004138937,7248.237892966238
353,30,0.11326816666666666,0.1086645,0.14643074999999997,0.13789306666666665,0.131864,0.17780944999999992,0.004161723,7208.55280373057
354,30,0.10621103333333332,0.1026725,0.12377169999999997,0.12866143333333332,0.1243995,0.15186349999999996,0.00388266,7726.661618581076
355,30,0.10682793333333332,0.1021005,0.12753884999999998,0.12957520000000003,0.12460750000000001,0.15681439999999996,0.00391058,7671.496299781617
356,30,0.11207633333333337,0.106467,0.13622215,0.1354492,0.1291735,0.16463475,0.004086656,7340.965327152567
357,30,0.10853156666666665,0.1005505,0.14114044999999997,0.1318476,0.12078,0.16942499999999994,0.003978217,7541.06676433186
358,30,0.10554983333333331,0.1007305,0.12188684999999996,0.1279658,0.12193999999999999,0.15072839999999996,0.003861151,7769.703904353909
359,30,0.10705726666666666,0.102054,0.12696204999999997,0.12945573333333332,0.125454,0.15203434999999998,0.003906072,7680.349978187806
360,30,0.1087219,0.1058135,0.12496504999999998,0.13137843333333335,0.127683,0.15095924999999996,0.003964262,7567.612836891205
361,30,0.10638910000000003,0.102366,0.1250858,0.12823893333333333,0.123304,0.15185779999999996,0.003869504,7752.931641884851
362,30,0.10418776666666664,0.1008855,0.11961394999999997,0.12625389999999997,0.121304,0.14744899999999997,0.003810008,7873.999214699811
363,30,0.10500319999999999,0.1013775,0.12370305,0.12752166666666667,0.12231600000000001,0.15244394999999997,0.003847925,7796.4097533086015
364,30,0.10564016666666666,0.101354,0.121525,0.12785923333333335,0.12204999999999999,0.14709065,0.003858118,7775.811937322809
365,30,0.11116413333333333,0.1027375,0.13267165,0.13485399999999997,0.123777,0.1628734,0.004069361,7372.164818997381
366,30,0.10535866666666666,0.101214,0.12095864999999996,0.1284375,0.1225705,0.15046949999999995,0.003875827,7740.283557547847
367,30,0.10438946666666667,0.101709,0.11660634999999998,0.1266031,0.1227665,0.14094444999999994,0.00382061,7852.149264122745
368,30,0.10477293333333333,0.10032150000000001,0.12092994999999997,0.1268752,0.120831,0.14998654999999997,0.003831531,7829.768309325958
369,30,0.10915696666666666,0.1041415,0.13212209999999996,0.13170786666666667,0.1246645,0.15567499999999998,0.003974119,7548.842900778764
370,30,0.10517599999999999,0.101799,0.12019709999999999,0.12792363333333337,0.1225755,0.14763029999999996,0.003860301,7771.414716106335
371,30,0.10775840000000002,0.1040845,0.12252139999999997,0.1306993,0.1252085,0.15120874999999995,0.003943509,7607.437944226828
372,30,0.10642596666666666,0.104447,0.1292775999999999,0.1283921,0.125261,0.15304224999999994,0.003874053,7743.827975507821
373,30,0.12036126666666667,0.11691850000000001,0.13552759999999997,0.14580656666666664,0.14107,0.16685074999999996,0.004398437,6820.604682981705
374,30,0.11081539999999998,0.1067805,0.1261361,0.13450016666666667,0.1283405,0.15596439999999998,0.004058149,7392.532901083721
375,30,0.10857976666666667,0.1063625,0.12332939999999998,0.132108,0.1288995,0.15433419999999998,0.00398562,7527.059779908773
376,30,0.10790226666666666,0.102732,0.13687419999999995,0.12984030000000002,0.1234135,0.16185144999999998,0.003917254,7658.426030071065
377,30,0.11203936666666667,0.10804949999999999,0.12989894999999996,0.1364444,0.1322065,0.15862359999999995,0.004116626,7287.521382802324
378,30,0.10548366666666666,0.10094500000000001,0.12463674999999998,0.12771659999999999,0.1218525,0.15395564999999997,0.003853583,7784.962721706008
379,30,0.10737353333333334,0.10420850000000001,0.12213154999999998,0.13033036666666667,0.125098,0.15060569999999995,0.003932484,7628.765940306433
380,30,0.10967033333333331,0.10566,0.12401609999999999,0.13271219999999997,0.12700450000000002,0.1529495,0.004003902,7492.690880046514
381,30,0.1097131,0.1029865,0.13600134999999997,0.13298956666666667,0.1238805,0.1623132,0.004012138,7477.3101024939815
382,30,0.10732803333333332,0.1050975,0.12136424999999997,0.13034130000000002,0.1265995,0.15021149999999997,0.00393336,7627.066935139422
383,30,0.1256546,0.110296,0.21260629999999991,0.15049533333333331,0.1333355,0.25468444999999984,0.004538513,6610.094539775472
384,30,0.12960829999999998,0.10964950000000001,0.22872929999999966,0.1543150666666667,0.1325195,0.25561004999999964,0.004678654,6412.10057422498
385,30,0.12028723333333333,0.1103035,0.17182169999999994,0.1442413666666667,0.1311985,0.2066294499999999,0.004350766,6895.337510682028
386,30,0.20945146666666667,0.2217805,0.32368574999999983,0.2636943666666667,0.281888,0.40153564999999986,0.007956129,3770.677926413712
387,30,0.1396933333333333,0.13340000000000002,0.17594269999999998,0.1697474,0.1622125,0.20475085,0.005135249,5841.975725033002
388,30,0.1399091,0.135594,0.17375314999999988,0.16881696666666668,0.16312,0.20814369999999985,0.00509366,5889.674615109764
389,30,0.16059206666666664,0.133618,0.2941816499999999,0.18833540000000004,0.16017900000000002,0.32978769999999985,0.005677682,5283.846471147909
390,30,0.12146860000000002,0.1134935,0.147864,0.14661113333333337,0.137637,0.1801871,0.004425205,6779.34694550874
391,30,0.11147443333333336,0.1073405,0.12805794999999998,0.13567296666666664,0.13091350000000002,0.15771389999999993,0.004095802,7324.572818705592
392,30,0.1100095,0.105975,0.12720689999999998,0.13402883333333332,0.12875350000000002,0.15607529999999994,0.004046469,7413.871204746658
393,30,0.11082466666666664,0.106151,0.13083404999999998,0.13564406666666667,0.128751,0.16164009999999995,0.004094975,7326.052051599827
394,30,0.17137289999999997,0.13211250000000002,0.33821989999999996,0.20765926666666668,0.16478399999999999,0.40622274999999985,0.006261421,4791.24467113775
395,30,0.10915233333333334,0.103604,0.1283905,0.13240993333333334,0.12445,0.16003049999999996,0.003996382,7506.789891456823
396,30,0.1065703666666667,0.10282949999999999,0.12191194999999999,0.12852106666666666,0.123503,0.14898064999999996,0.003878614,7734.721733072691
397,30,0.10610446666666665,0.10211500000000001,0.12307989999999999,0.12802246666666667,0.1223045,0.1498647,0.003863508,7764.963861858188
398,30,0.14616983333333333,0.105486,0.22822559999999983,0.17204760000000002,0.1273815,0.2819532999999998,0.005186425,5784.331210805131
399,30,0.10420113333333333,0.100891,0.11837739999999997,0.12571273333333333,0.1214765,0.14520524999999995,0.003794287,7906.623826821746
400,30,0.10505016666666665,0.101106,0.12089639999999997,0.12670803333333333,0.12082699999999999,0.14934494999999995,0.00382322,7846.788832450134
401,30,0.15083423333333332,0.1104095,0.3344456499999998,0.18232820000000002,0.13428299999999999,0.39520659999999974,0.00549798,5456.5494963604815
402,30,0.10721343333333332,0.10289999999999999,0.1349768499999999,0.12947913333333333,0.12434400000000001,0.1657337499999999,0.003906989,7678.547341699708
403,30,0.10930759999999999,0.10392850000000001,0.14133194999999993,0.13254233333333335,0.12540099999999998,0.1785606999999999,0.003999598,7500.753825759489
404,30,0.10662396666666667,0.1023055,0.12055999999999999,0.12849543333333333,0.1227,0.14792455,0.003876947,7738.047489429182
405,30,0.10771979999999999,0.1054475,0.12384374999999999,0.1303541,0.1258035,0.15158554999999999,0.003934334,7625.178746898458
406,30,0.10643626666666667,0.102132,0.12255184999999996,0.12869466666666668,0.1225685,0.15014794999999995,0.00388274,7726.502418395257
407,30,0.10468836666666667,0.1001625,0.1211153,0.12655166666666665,0.1201785,0.14786514999999997,0.003818867,7855.733127129067
408,30,0.10498393333333332,0.1023075,0.1154991,0.12680253333333333,0.123079,0.14250229999999997,0.003826147,7840.786044028105
409,30,0.11198956666666667,0.1085285,0.13522189999999995,0.1347112,0.13223000000000001,0.15963994999999997,0.004066641,7377.095740686232
410,30,0.11404673333333332,0.103685,0.1737761499999999,0.13780813333333333,0.124802,0.2208624499999999,0.004158192,7214.6740698842195
411,30,0.10907376666666667,0.106088,0.1261639,0.13287516666666668,0.1288285,0.1567283,0.004010114,7481.084078906484
412,30,0.10865696666666666,0.1060985,0.12618804999999997,0.13188743333333336,0.127056,0.15658199999999994,0.003979967,7537.750941151019
413,30,0.1159909,0.109958,0.14925419999999998,0.13979666666666668,0.134299,0.18135479999999993,0.004222193,7105.312334135365
414,30,0.1228271,0.10702049999999999,0.2055456499999999,0.1468689,0.128859,0.2373751499999999,0.004430509,6771.231025599993
415,30,0.10713073333333334,0.1030955,0.12550399999999998,0.13020233333333336,0.1246345,0.15384169999999997,0.003929815,7633.947145094617
416,30,0.11494430000000001,0.104616,0.17360119999999987,0.1399477,0.127762,0.21092984999999984,0.004223144,7103.712305334604
417,30,0.11562280000000004,0.1106085,0.13539099999999998,0.14031876666666665,0.1353355,0.1633271,0.004245612,7066.119089544687
418,30,0.11292999999999997,0.108703,0.13596824999999998,0.1365146,0.13137149999999997,0.16113465,0.004119954,7281.634697863131
419,30,0.1093555,0.1035025,0.13446039999999995,0.13258753333333334,0.12422849999999999,0.16709444999999995,0.004000853,7498.400965994001
420,30,0.1056629,0.102449,0.1244565,0.12804863333333336,0.12348049999999999,0.15150775,0.003864162,7763.649660650874
421,30,0.10665146666666667,0.1048815,0.1225383,0.13025150000000002,0.1284095,0.14907235,0.003933458,7626.876910850453
422,30,0.10512156666666668,0.102097,0.12391334999999995,0.12692873333333332,0.12244150000000001,0.15227764999999996,0.003829784,7833.3399481537335
423,30,0.10676403333333334,0.102819,0.12208784999999997,0.12927736666666667,0.123655,0.15088794999999994,0.003901267,7689.809490096422
424,30,0.1060001,0.102388,0.12275924999999999,0.12808570000000002,0.124059,0.15108084999999996,0.003864388,7763.195621143633
425,30,0.10777513333333336,0.10362199999999999,0.12287929999999998,0.1311955,0.12566549999999999,0.15402754999999999,0.003958467,7578.691447977209
426,30,0.1057535,0.102343,0.12018209999999999,0.12751739999999998,0.1232225,0.14564764999999996,0.003848544,7795.155778393075
427,30,0.10591883333333334,0.102273,0.12298614999999997,0.12851933333333335,0.1239355,0.15162884999999995,0.003878781,7734.38871645499
428,30,0.10694126666666665,0.1037945,0.12226869999999998,0.12942610000000002,0.1253945,0.15088789999999996,0.003905049,7682.361988287471
429,30,0.10761023333333332,0.104371,0.1229155,0.13054506666666665,0.126293,0.14688320000000002,0.003939247,7615.668679826373
430,30,0.10760926666666665,0.103222,0.13419345,0.13065393333333333,0.1237105,0.1617026,0.003942885,7608.641895464869
431,30,0.10463736666666668,0.102454,0.11833449999999998,0.12673016666666667,0.1235195,0.14493585,0.003826243,7840.5893196014995
432,30,0.10515409999999999,0.10169700000000001,0.11864699999999997,0.1271006,0.122682,0.14439929999999995,0.003840257,7811.977167153135
433,30,0.11093153333333335,0.1059105,0.1340933,0.13398190000000001,0.1273805,0.16153935,0.004047179,7412.570583114807
434,30,0.11297093333333333,0.103631,0.17088745,0.13600636666666668,0.1245495,0.1955459,0.004104598,7308.87653309776
435,30,0.10688476666666664,0.1031735,0.12395074999999998,0.12972503333333332,0.124673,0.15128149999999996,0.003916436,7660.025594698855
436,30,0.10813103333333333,0.1051295,0.12657734999999998,0.13140366666666667,0.12647,0.15433399999999997,0.003966659,7563.0398277240365
437,30,0.12422,0.1115955,0.19275084999999995,0.14951113333333332,0.135322,0.22470544999999992,0.004510625,6650.96300401829
438,30,0.10550246666666667,0.102174,0.12112314999999998,0.1280242666666667,0.12395300000000001,0.14945554999999996,0.003864339,7763.294058828689
439,30,0.10597659999999999,0.10235,0.12270179999999997,0.12812520000000002,0.1238795,0.14936574999999996,0.003866849,7758.254847810194
440,30,0.10693483333333334,0.1035175,0.12286129999999998,0.12957566666666664,0.12426200000000001,0.15074169999999995,0.00390982,7672.987503261021
441,30,0.1159866,0.111232,0.1464775,0.14122816666666665,0.13584849999999998,0.1734683,0.0042606,7041.261794113506
442,30,0.1122011,0.1101925,0.12785359999999998,0.13639743333333332,0.133352,0.1583733,0.004114865,7290.64015465878
443,30,0.11128073333333334,0.106007,0.1396931,0.13482336666666667,0.1298225,0.16897784999999999,0.004068091,7374.46630372821
444,30,0.10563133333333335,0.1020195,0.12522644999999996,0.12778059999999997,0.1218365,0.15257204999999996,0.003856801,7778.467180443066
445,30,0.11315226666666665,0.11169699999999999,0.12845675,0.13663926666666668,0.1348875,0.15395004999999998,0.004125492,7271.859938160103
446,30,0.10604300000000001,0.104041,0.12222289999999995,0.12833550000000002,0.1255515,0.15230579999999996,0.003873296,7745.341435304712
447,30,0.10858406666666667,0.105233,0.12970484999999993,0.13157803333333334,0.126226,0.15819899999999992,0.003971046,7554.6845843639185
448,30,0.106499,0.10193150000000001,0.12235519999999998,0.12879236666666666,0.123785,0.15003314999999998,0.00388762,7716.803597059384
449,30,0.11480636666666669,0.111649,0.13116304999999998,0.1380564,0.1342825,0.15661514999999998,0.004165839,7201.430492152961
450,30,0.10669463333333333,0.102875,0.12223669999999998,0.1287837,0.1234005,0.14971284999999995,0.003887135,7717.766426944267
451,30,0.1038613,0.1018455,0.11467619999999999,0.12588433333333335,0.1223535,0.1411378,0.003798976,7896.86483936724
452,30,0.1038366,0.10111400000000001,0.11546899999999999,0.1251698,0.1226255,0.14256989999999997,0.003777658,7941.428260578379
453,30,0.11235566666666667,0.108329,0.13470034999999997,0.1358837,0.131649,0.1569629,0.004103807,7310.285303378058
454,30,0.10483026666666669,0.1012405,0.12138904999999998,0.1264986666666667,0.12162200000000001,0.14840855,0.003817157,7859.25231788999
455,30,0.10663873333333333,0.1040435,0.12114859999999997,0.1291227,0.125456,0.15183099999999997,0.003896492,7699.233053731407
456,30,0.1070674,0.10296849999999999,0.13878859999999987,0.12991346666666667,0.122959,0.16878459999999987,0.003919859,7653.336510318355
457,30,0.11152046666666666,0.106038,0.13371599999999997,0.13520366666666667,0.12890200000000002,0.1591037,0.004079087,7354.58694555914
458,30,0.10633500000000001,0.102467,0.12479199999999996,0.12849419999999998,0.1233975,0.15343349999999994,0.003880668,7730.627819746497
459,30,0.10216176666666668,0.09948399999999999,0.11150174999999997,0.12360816666666666,0.119535,0.13804854999999994,0.00373061,8041.58033136672
460,30,0.11000159999999999,0.10305349999999999,0.1469350999999999,0.1331881,0.124977,0.18393774999999993,0.004018444,7465.576228012633
461,30,0.13124196666666665,0.109914,0.22603919999999988,0.15585233333333334,0.13200800000000001,0.25443474999999993,0.004699707,6383.376665821933
462,30,0.10613303333333333,0.1019685,0.12132639999999997,0.1284325,0.122275,0.14852714999999994,0.00387624,7739.458857036716
463,30,0.1109341,0.100869,0.15251239999999988,0.13356656666666666,0.121836,0.19311344999999983,0.004033674,7437.388346207453
464,30,0.10678,0.10311899999999999,0.12221679999999996,0.1290986,0.124863,0.15051294999999998,0.003895929,7700.34566851706
465,30,0.17581043333333335,0.12023249999999999,0.3618130999999999,0.21469453333333333,0.1481665,0.43887165,0.006474541,4633.533095241809
466,30,0.11130666666666666,0.10491249999999999,0.15569175,0.13455136666666664,0.126934,0.18694709999999998,0.00405941,7390.236512202512
467,30,0.1166913,0.10922950000000001,0.1530361499999999,0.1405348333333333,0.13144850000000002,0.19153984999999984,0.00423979,7075.822151568827
468,30,0.11733946666666667,0.10742650000000001,0.16422004999999995,0.14062256666666664,0.1300465,0.196819,0.004243516,7069.609257983238
469,30,0.11634419999999998,0.106229,0.14766964999999993,0.14082376666666668,0.12826700000000002,0.18543354999999992,0.004248517,7061.287503380591
470,30,0.10627993333333331,0.10308,0.12510214999999997,0.12839989999999998,0.122978,0.15406714999999996,0.00387474,7742.454977624305
471,30,0.10753063333333332,0.10231950000000001,0.12659389999999998,0.12961783333333332,0.122795,0.15584824999999997,0.003911034,7670.605778420745
472,30,0.1343664333333333,0.109637,0.27729949999999964,0.1573535333333333,0.133655,0.29963194999999965,0.004743391,6324.589307522825
473,30,0.10345399999999999,0.10070799999999999,0.11727344999999997,0.1252892,0.121086,0.14510614999999996,0.003781642,7933.061881584772
474,30,0.10582093333333334,0.102299,0.12275864999999997,0.12847606666666667,0.123254,0.15056879999999995,0.003878599,7734.751646148519
475,30,0.10603103333333332,0.1020625,0.12171204999999996,0.12837216666666668,0.12372849999999999,0.15113664999999993,0.003874779,7742.377049116865
476,30,0.12898269999999998,0.1104575,0.21127864999999976,0.1533277333333333,0.1342985,0.2387441499999998,0.004624622,6487.016668605564
477,30,0.11882683333333331,0.1187415,0.14430559999999995,0.14204683333333332,0.1411435,0.17327384999999995,0.004286618,6998.524244520972
478,30,0.12720743333333334,0.123832,0.18024454999999998,0.1538923666666667,0.1476615,0.21878259999999988,0.004645148,6458.351811395461
479,30,0.11126283333333334,0.1083185,0.12830664999999997,0.13548586666666668,0.13066450000000002,0.15760649999999995,0.004089691,7335.517524429107
480,30,0.13577663333333334,0.114185,0.2783476499999999,0.16416649999999997,0.14014100000000002,0.31366209999999983,0.004952679,6057.327761399437
481,30,0.10935460000000001,0.1057155,0.12658499999999998,0.13341460000000002,0.129149,0.15424344999999995,0.004027283,7449.1909309576695
482,30,0.11783263333333334,0.10855899999999999,0.16622864999999998,0.14421643333333334,0.13103,0.20717279999999993,0.004352194,6893.075078914221
483,30,0.11164769999999999,0.107264,0.14263414999999993,0.13447963333333332,0.1287485,0.1735215499999999,0.004058008,7392.789762859018
484,30,0.11145490000000001,0.10436500000000001,0.13415105,0.13520000000000001,0.1262765,0.1654318,0.004079026,7354.696930100469
485,30,0.12174659999999998,0.11541799999999999,0.16347119999999987,0.1511388,0.14055600000000001,0.20740359999999985,0.004560493,6578.236168765088
486,30,0.13143403333333337,0.125197,0.1744022499999999,0.15854316666666668,0.150342,0.2091760499999999,0.004783659,6271.3500272490155
487,30,0.11483943333333334,0.11242550000000001,0.13290455,0.13870816666666666,0.13488499999999998,0.16253654999999997,0.00418489,7168.647204586023
488,30,0.11640650000000001,0.1115955,0.13154619999999997,0.14163663333333334,0.1358095,0.1618569,0.004274232,7018.804781771321
489,30,0.1313383333333333,0.11879100000000001,0.18139834999999999,0.16065089999999999,0.14368550000000002,0.23200854999999998,0.004846958,6189.449134900694
490,30,0.10925530000000001,0.1034865,0.13289084999999998,0.1327958,0.12470800000000001,0.16544449999999997,0.004007921,7485.177477300575
491,30,0.12490496666666667,0.10971349999999999,0.16776814999999998,0.15300889999999998,0.132544,0.21245319999999995,0.004617452,6497.089736937168
492,30,0.1088089,0.1055575,0.1281635,0.1323915,0.1283555,0.15769919999999998,0.00399616,7507.206918641896
493,30,0.1111009,0.1064395,0.12777124999999995,0.1356207,0.129028,0.16022384999999995,0.004093843,7328.07779878222
494,30,0.11996076666666668,0.1128995,0.17098054999999993,0.1459615333333333,0.138816,0.21076024999999993,0.004405425,6809.785661996289
495,30,0.14256853333333333,0.11326649999999999,0.25624169999999985,0.17220976666666668,0.1370025,0.30215464999999986,0.005194072,5775.815198557124
496,30,0.10540443333333332,0.10018350000000001,0.12886489999999998,0.12741273333333333,0.12021000000000001,0.153665,0.003844122,7804.122761972694
497,30,0.11706633333333334,0.115221,0.14137929999999999,0.1408071,0.1381635,0.16857329999999998,0.004247766,7062.5359306515475
498,30,0.11031010000000002,0.107416,0.12443164999999999,0.13294743333333334,0.1305245,0.15052934999999995,0.004010997,7479.437157395032
499,30,0.12583456666666668,0.1059065,0.2109114499999999,0.1527425,0.127105,0.26898949999999994,0.004606971,6511.870814902026
500,30,0.10832723333333334,0.1044935,0.13741555,0.13049073333333333,0.125327,0.16436009999999998,0.003936904,7620.20105138454
501,30,0.10871716666666666,0.1041845,0.13253719999999994,0.1315938,0.126098,0.1652955999999999,0.003972599,7551.7312469745875
502,30,0.17653746666666667,0.11905750000000001,0.41378059999999983,0.21197693333333328,0.1432735,0.4875108499999999,0.006396982,4689.711492075482
503,30,0.24006336666666667,0.2283605,0.2997105499999998,0.30024013333333327,0.291404,0.36703139999999984,0.009056482,3312.5445399217933
504,30,0.22063420000000003,0.200932,0.30293824999999996,0.26892736666666667,0.2426865,0.36337495,0.008116317,3696.2577977178566
505,30,0.17472410000000002,0.1133085,0.2992766499999999,0.2127958,0.137329,0.3726690499999999,0.006421193,4672.029013923114
506,30,0.20856590000000003,0.202725,0.27478034999999995,0.2516508,0.242508,0.33376744999999997,0.007591948,3951.5549895757977
507,30,0.12862473333333332,0.12195800000000001,0.17552874999999993,0.15655066666666667,0.149321,0.21887774999999993,0.004723977,6350.581300459337
508,30,0.11809953333333333,0.113709,0.15510154999999995,0.14275866666666662,0.137564,0.18434139999999996,0.004310405,6959.902839756357
509,30,0.13212073333333332,0.113968,0.23619504999999996,0.15514213333333332,0.1377105,0.25959504999999994,0.004679512,6410.924899861353
510,30,0.11120939999999999,0.1045545,0.14311279999999996,0.13554313333333332,0.1259245,0.18014274999999993,0.004090044,7334.884416891358
511,30,0.1056895,0.1018655,0.12141739999999997,0.12819373333333334,0.1223635,0.14963189999999996,0.003868338,7755.268541683793
512,30,0.11098763333333334,0.106046,0.13319744999999997,0.13446636666666667,0.128449,0.16140679999999996,0.004057756,7393.2488794299115
513,30,0.12161653333333332,0.117103,0.16762755,0.14713293333333335,0.1415005,0.20405789999999996,0.004439689,6757.230067241197
514,30,0.12290123333333335,0.12001500000000001,0.14719984999999997,0.14827559999999998,0.143994,0.17738314999999996,0.004473714,6705.837699951316
515,30,0.11183723333333334,0.10798050000000001,0.13429254999999998,0.13558676666666666,0.1291,0.16523769999999996,0.00409132,7332.596814719944
516,30,0.10702950000000001,0.101698,0.12922414999999998,0.12940713333333334,0.122322,0.15764469999999997,0.003905908,7680.6724582350635
517,30,0.11953349999999999,0.11439250000000001,0.15115135,0.14482436666666668,0.139556,0.17990935,0.004374817,6857.429693630615
518,30,0.10699226666666668,0.1030475,0.12167574999999999,0.12965756666666667,0.1246955,0.15004659999999997,0.00391302,7666.712666942669
519,30,0.10851983333333333,0.105605,0.12244484999999997,0.13209906666666668,0.127944,0.15158074999999996,0.003991981,7515.065828219122
520,30,0.10691573333333332,0.1028455,0.12809614999999996,0.13018330000000003,0.12591000000000002,0.15656344999999994,0.003930192,7633.214865838616
521,30,0.1131063,0.1117195,0.1267888,0.13673756666666667,0.13463,0.15116125,0.004131853,7260.664888126466
522,30,0.10637370000000002,0.10242,0.12212094999999996,0.12868336666666666,0.12277350000000001,0.15232424999999994,0.00388552,7720.974284008318
523,30,0.11486596666666667,0.1075325,0.14978729999999996,0.1396002,0.130477,0.19590759999999996,0.004214129,7118.908794676196
524,30,0.10644943333333336,0.1035895,0.12370254999999997,0.12960496666666665,0.124808,0.15303824999999996,0.003913061,7666.632337190757
525,30,0.11787529999999999,0.11058699999999999,0.15509424999999993,0.14349070000000003,0.134544,0.20385639999999994,0.004332383,6924.5955401449955
526,30,0.10709663333333334,0.10152800000000001,0.12523924999999997,0.12975336666666665,0.12260650000000001,0.15669754999999996,0.003914947,7662.938987424351
527,30,0.10913996666666666,0.1067775,0.12485899999999997,0.13193943333333336,0.127988,0.15388294999999996,0.003980798,7536.177419703286
528,30,0.10592209999999998,0.1014005,0.12269629999999997,0.12848030000000002,0.1222565,0.15099474999999996,0.003876878,7738.185209851845
529,30,0.14052706666666667,0.13093149999999998,0.19491159999999996,0.16782876666666666,0.1575165,0.2302776999999999,0.005061373,5927.245433205575
530,30,0.11213093333333336,0.1059435,0.1450472,0.1350172,0.128575,0.16977179999999997,0.004074014,7363.74494540274
531,30,0.11179483333333333,0.1111495,0.12482464999999998,0.1358770333333333,0.134556,0.15414984999999998,0.004100707,7315.811639310002
532,30,0.10727053333333333,0.1034985,0.12145559999999998,0.12957446666666667,0.1238245,0.14901774999999998,0.003910724,7671.213821277083
533,30,0.11551713333333334,0.1102755,0.14109039999999998,0.14120393333333334,0.132669,0.17518924999999994,0.004260408,7041.57911636632
534,30,0.10745156666666666,0.104395,0.12491829999999998,0.1298965333333333,0.1257985,0.15357389999999996,0.00391927,7654.486677365939
535,30,0.10922303333333332,0.1059335,0.12695829999999997,0.13231016666666665,0.1279805,0.15582864999999996,0.003991588,7515.805739470105
536,30,0.12226609999999999,0.10978450000000001,0.17690664999999997,0.14997383333333333,0.1318585,0.21417749999999997,0.004525563,6629.009473517439
537,30,0.11385616666666667,0.1104675,0.1359588,0.1374733,0.1332885,0.16766424999999996,0.004147966,7232.460439646805
538,30,0.10823003333333334,0.104522,0.12744314999999998,0.1311382,0.12530750000000002,0.15826074999999998,0.003957254,7581.014511577978
539,30,0.11103443333333333,0.10334950000000001,0.14395514999999998,0.1347397,0.125043,0.17724189999999998,0.004068205,7374.259655056714
540,30,0.1176938,0.110423,0.15055459999999998,0.14327253333333337,0.134455,0.18537429999999996,0.004323441,6938.917403984466
541,30,0.15431993333333333,0.12952200000000003,0.21129664999999997,0.1776482,0.1509385,0.23717784999999997,0.005353477,5603.834666703528
542,30,0.10953946666666665,0.1031265,0.13513449999999996,0.13305683333333332,0.12448150000000001,0.16646354999999993,0.00401466,7472.612873817459
543,30,0.1068476,0.1029805,0.12541624999999995,0.12953409999999999,0.12370400000000001,0.15783719999999996,0.003908365,7675.843991029497
544,30,0.11275956666666669,0.1114185,0.12596664999999999,0.13600589999999999,0.13303199999999998,0.15088975,0.004103769,7310.35299501507
545,30,0.10537026666666666,0.102257,0.11861669999999996,0.127782,0.1239865,0.14609239999999996,0.003856272,7779.534223726957
546,30,0.10967696666666664,0.1054245,0.12473719999999999,0.1327033333333333,0.12626549999999997,0.15338389999999996,0.004004311,7491.925577209163
547,30,0.10621299999999999,0.101133,0.13087669999999996,0.12860839999999998,0.12155450000000001,0.16046634999999992,0.003880772,7730.420648262768
548,30,0.11455069999999999,0.1112605,0.13651339999999998,0.13946103333333332,0.1365,0.16167345,0.004207518,7130.094274106492
549,30,0.10635903333333332,0.101007,0.12975224999999999,0.1290239333333333,0.1216795,0.15790215,0.003893145,7705.852209460474
550,30,0.11606953333333332,0.107795,0.16456574999999993,0.14147283333333333,0.129511,0.19619074999999997,0.004268722,7027.864545875791
551,30,0.10455556666666667,0.101977,0.11335369999999997,0.1272837666666667,0.122751,0.14093834999999996,0.003840414,7811.65780564283
552,30,0.16309693333333336,0.1434065,0.29091694999999995,0.19014340000000005,0.169419,0.32230815,0.005729939,5235.657831610424
553,30,0.12013729999999999,0.11933250000000001,0.15814994999999996,0.14295290000000002,0.1393865,0.1991312499999999,0.004311762,6957.712415481188
554,30,0.1305093333333333,0.12666,0.1498845,0.15417523333333333,0.14728000000000002,0.17870619999999998,0.004648197,6454.115434436191
555,30,0.14145953333333336,0.138346,0.17743739999999997,0.16847050000000002,0.1626535,0.21205459999999998,0.005081511,5903.755792322401
556,30,0.12926076666666664,0.1255225,0.14947709999999997,0.1517015333333333,0.14677099999999998,0.17828044999999995,0.004575033,6557.3297504083575
557,30,0.12761796666666667,0.1261945,0.16842414999999986,0.1500667333333333,0.1468865,0.1939613499999999,0.004526001,6628.367956613355
558,30,0.11874603333333335,0.121103,0.14520304999999997,0.14171569999999997,0.1415335,0.17287654999999993,0.00427518,7017.248396558742
559,30,0.1448669333333333,0.113254,0.3256771499999993,0.17470293333333337,0.13579000000000002,0.4054267499999992,0.005271129,5691.380347549832
560,30,0.10805329999999999,0.10433200000000001,0.12606779999999995,0.1313001666666667,0.125505,0.15902014999999997,0.003964173,7567.782738038931
561,30,0.10810683333333333,0.10413449999999999,0.12660799999999997,0.13058566666666666,0.1245915,0.15576009999999996,0.003942282,7609.805691221481
562,30,0.11610226666666666,0.1103935,0.15916139999999998,0.14191923333333334,0.13250499999999998,0.19038405,0.004284626,7001.777984822947
563,30,0.10480740000000001,0.102016,0.11301285,0.127544,0.1233955,0.1413364,0.003850888,7790.410938983425
564,30,0.10743033333333332,0.10330349999999999,0.12457604999999998,0.13006763333333332,0.1244835,0.15403359999999996,0.003927149,7639.12955683627
565,30,0.1042631,0.1021855,0.11628734999999998,0.12647093333333334,0.1227235,0.14320565,0.003818484,7856.521069618205
566,30,0.1352159666666667,0.10784250000000001,0.31737054999999975,0.16474866666666665,0.1310065,0.3634457499999999,0.004975936,6029.016450372352
567,30,0.1078229,0.1027555,0.13204694999999997,0.13036913333333333,0.12414900000000001,0.15768585,0.003934908,7624.066433065271
568,30,0.10592549999999998,0.1017785,0.12276044999999997,0.12822583333333334,0.1221865,0.15160314999999996,0.00386915,7753.640980577129
569,30,0.10542926666666669,0.10221949999999999,0.11824054999999999,0.12816343333333333,0.12301899999999999,0.14541504999999996,0.003867126,7757.69912850008
570,30,0.11510456666666667,0.1089725,0.14437189999999994,0.14049219999999998,0.13338,0.18348159999999997,0.004239823,7075.7670780124545
571,30,0.10695013333333332,0.103035,0.12456329999999997,0.12958673333333334,0.1239715,0.15562499999999996,0.00390972,7673.183757404622
572,30,0.1350627,0.1070275,0.2697653,0.16411910000000002,0.1302685,0.32595015,0.00495005,6060.544842981384
573,30,0.1090034,0.1012635,0.1460365999999999,0.13172016666666667,0.12250549999999999,0.18871209999999983,0.00397451,7548.100268963974
574,30,0.13933233333333336,0.12096000000000001,0.25151644999999995,0.16516689999999998,0.14832499999999998,0.27771424999999994,0.004979483,6024.7218436130825
575,30,0.11495080000000003,0.1085895,0.14390725,0.13907440000000001,0.1313685,0.16714739999999997,0.004195847,7149.927058827455
576,30,0.11001623333333334,0.10688700000000001,0.13188189999999997,0.13268766666666665,0.128527,0.16085814999999995,0.004006245,7488.30887776459
577,30,0.10825776666666666,0.10371250000000001,0.12222599999999999,0.13065013333333333,0.1242925,0.15019549999999998,0.003943038,7608.346660620567
578,30,0.11846746666666667,0.1184305,0.13119530000000001,0.14326156666666667,0.144922,0.15971015,0.00432199,6941.246971881008
579,30,0.10579776666666668,0.104144,0.12051714999999996,0.12812063333333332,0.1253785,0.14893814999999996,0.003866005,7759.948577407427
580,30,0.11019920000000001,0.106818,0.12483444999999999,0.1332408,0.129298,0.15267104999999997,0.004020414,7461.918100971691
581,30,0.11314786666666667,0.10908999999999999,0.13713609999999996,0.13660020000000003,0.1312045,0.16248469999999995,0.00412161,7278.709048163217
582,30,0.1130902333333333,0.1099995,0.1355112,0.13654016666666666,0.1314955,0.16346504999999997,0.004119831,7281.852095389349
583,30,0.10791229999999999,0.102953,0.13060349999999998,0.13060666666666665,0.12355150000000001,0.16077734999999999,0.003941088,7612.111173361265
584,30,0.11085473333333332,0.107104,0.1284881,0.1336994333333333,0.12918449999999998,0.15364365,0.004034576,7435.72558801718
585,30,0.1309775,0.1061975,0.25440774999999977,0.15828963333333332,0.126957,0.31051169999999984,0.004775668,6281.843712753901
586,30,0.11132510000000001,0.1049315,0.13246584999999997,0.13462356666666667,0.1258785,0.16443509999999995,0.004062044,7385.444372340625
587,30,0.10486383333333334,0.1014765,0.12071099999999998,0.12654126666666665,0.12182399999999999,0.14829764999999998,0.003818583,7856.3173826521515
588,30,0.10707296666666667,0.10524700000000001,0.1191204,0.12918183333333333,0.12744450000000002,0.14526675,0.003897972,7696.309773389855
589,30,0.14409783333333334,0.125657,0.24770149999999996,0.17438346666666665,0.154233,0.27740024999999996,0.005260848,5702.502714391292
590,30,0.10468403333333334,0.1013425,0.1231085,0.1264136666666667,0.12178,0.15147254999999998,0.003815189,7863.306378792768
591,30,0.10856426666666667,0.102548,0.13254124999999997,0.1314503,0.122763,0.16868084999999994,0.00396868,7559.188445528489
592,30,0.10880793333333334,0.1039155,0.13060899999999998,0.13125853333333332,0.1242945,0.15884779999999996,0.003960539,7574.726571307592
593,30,0.11049239999999999,0.11010700000000001,0.12209814999999999,0.13235523333333335,0.13153900000000002,0.1447269,0.003994018,7511.233049024816
594,30,0.10536573333333334,0.100298,0.12437419999999996,0.12667673333333335,0.1202435,0.15408179999999996,0.003822796,7847.659147911633
595,30,0.11289403333333334,0.1027055,0.1678073999999999,0.13601656666666667,0.1240385,0.21435499999999985,0.004103449,7310.923079585003
596,30,0.10919393333333334,0.1005925,0.1384509,0.13208996666666667,0.1207425,0.16924374999999997,0.003986262,7525.847523318838
597,30,0.12212230000000002,0.1226695,0.14290685,0.1486591,0.150735,0.17470059999999998,0.004486574,6686.616558648091
598,30,0.11716666666666666,0.11282,0.14056414999999994,0.14224713333333336,0.13635399999999998,0.1688256999999999,0.004292272,6989.305430783511
599,30,0.115691,0.112759,0.13271225,0.13990126666666666,0.13600050000000002,0.16327105,0.004220645,7107.9183394955035
600,30,0.10423823333333332,0.101035,0.11992274999999997,0.12588223333333332,0.121197,0.14743699999999996,0.003798415,7898.031152467543
601,30,0.1258643666666667,0.111624,0.18576934999999986,0.15250996666666666,0.13542749999999998,0.24107794999999982,0.004602361,6518.393494121821
602,30,0.11147586666666666,0.1047015,0.13920489999999994,0.13485396666666669,0.125834,0.17429429999999987,0.004068933,7372.940276971874
603,30,0.1086139666666667,0.1065295,0.123018,0.1313865,0.129248,0.14887284999999997,0.003965313,7565.607052961519
604,30,0.10649173333333334,0.102867,0.12125149999999998,0.12895023333333333,0.12368,0.14905949999999996,0.003891997,7708.125160425355
605,30,0.11507853333333334,0.1112225,0.14087999999999998,0.13882889999999998,0.13467200000000001,0.17013284999999997,0.004190154,7159.641387882164
606,30,0.1082769,0.1043495,0.12273404999999998,0.13116216666666666,0.125205,0.15066539999999995,0.003958358,7578.9001399064955
607,30,0.11410286666666665,0.10971600000000001,0.14224124999999996,0.13734819999999998,0.131659,0.16443574999999996,0.004144715,7238.133381909251
608,30,0.1132585,0.10953750000000001,0.1444391499999999,0.13760096666666666,0.1332175,0.17306804999999997,0.00415372,7222.441570447696
609,30,0.10925716666666667,0.1035915,0.13271465,0.13266846666666668,0.125394,0.1626643,0.004005256,7490.157932476726
610,30,0.10657313333333333,0.102138,0.12529224999999997,0.1292543,0.123359,0.15211149999999996,0.003902556,7687.269574094516
611,30,0.10720139999999999,0.103635,0.12460579999999997,0.1300153666666667,0.1247905,0.15284859999999997,0.003924458,7644.367706317663
612,30,0.1040827,0.1017285,0.1118088,0.12608429999999998,0.122472,0.13868345,0.003806293,7881.684357982951
613,30,0.12528513333333333,0.1098295,0.1984651499999999,0.15298036666666665,0.132971,0.2443458999999998,0.004615306,6500.110718552573
614,30,0.10461009999999998,0.101784,0.11591989999999999,0.12811783333333335,0.122977,0.14564059999999993,0.003866536,7758.882886387196
615,30,0.10874086666666667,0.1055635,0.12515705,0.13149943333333333,0.1274005,0.15195969999999998,0.003968133,7560.230466065526
616,30,0.10765016666666666,0.1047225,0.12258489999999997,0.1303218333333333,0.125985,0.14960989999999996,0.003932613,7628.515696815324
617,30,0.11107953333333334,0.106396,0.13240205,0.13374206666666666,0.1277625,0.15771544999999998,0.004034929,7435.075065757043
618,30,0.10548733333333334,0.1018995,0.12152249999999999,0.12726963333333333,0.12281349999999999,0.14807484999999998,0.003841209,7810.041057385839
619,30,0.1084747,0.1057595,0.12329439999999997,0.1318799,0.1275965,0.15562125,0.003979679,7538.296430440747
620,30,0.13795226666666668,0.10416800000000001,0.35054064999999984,0.1645557666666667,0.1251215,0.4186844999999998,0.004962921,6044.827229770532
621,30,0.15521819999999995,0.1059565,0.3893962999999999,0.18698346666666665,0.12811499999999998,0.4617271499999999,0.005636846,5322.125174255249
622,30,0.1300425,0.10949,0.2491610499999996,0.15665506666666665,0.1304745,0.2875718499999997,0.004726516,6347.169881578736
623,30,0.10988376666666667,0.1062415,0.12496729999999999,0.1323072,0.12805699999999998,0.15254614999999996,0.003992848,7513.434020027809
624,30,0.16067876666666667,0.1519525,0.19964959999999995,0.192665,0.182535,0.23464309999999997,0.005813177,5160.689241012273
625,30,0.16867993333333334,0.15824349999999998,0.24433004999999997,0.20619989999999996,0.191637,0.30605889999999986,0.006223187,4820.681107606119
626,30,0.148735,0.1404495,0.21438629999999995,0.18036796666666663,0.16928949999999998,0.26310264999999994,0.005442011,5512.668019230391
627,30,0.1296771,0.1228575,0.18833134999999995,0.1577917333333333,0.146455,0.2389956,0.004761278,6300.829315154461
628,30,0.13978233333333334,0.13475199999999998,0.17619179999999995,0.1688837,0.1610705,0.21611914999999995,0.005094896,5888.245805213689
629,30,0.10761246666666666,0.1023135,0.12775874999999998,0.13002923333333333,0.12378449999999999,0.15665679999999998,0.003922519,7648.146509934049
630,30,0.11125296666666667,0.1113765,0.121183,0.13456603333333333,0.1331275,0.14809319999999998,0.004063099,7383.526711999881
631,30,0.10651873333333334,0.103768,0.12118434999999997,0.12871033333333332,0.124331,0.14904364999999997,0.003883711,7724.570649051899
632,30,0.11465293333333333,0.107819,0.1416266,0.13869199999999998,0.130472,0.17812239999999996,0.004186752,7165.459047968448
633,30,0.10542643333333332,0.101657,0.11822574999999996,0.12750573333333332,0.12217900000000001,0.14605209999999996,0.003847346,7797.583061154364
634,30,0.11620673333333334,0.109488,0.15780189999999994,0.14120199999999997,0.13228600000000001,0.20189539999999992,0.004261075,7040.476874966998
635,30,0.10686006666666666,0.102131,0.12932289999999996,0.12965263333333332,0.1244085,0.16115974999999993,0.003912144,7668.429382967498
636,30,0.10658976666666668,0.10375000000000001,0.12306654999999998,0.12945569999999998,0.12470799999999999,0.14924019999999996,0.003906383,7679.738520262862
637,30,0.10575846666666668,0.1014835,0.12453974999999995,0.1282167,0.12298300000000001,0.15307144999999994,0.003869119,7753.703103988272
638,30,0.11799626666666668,0.1093845,0.16709274999999998,0.14397933333333332,0.13301249999999998,0.20681334999999995,0.0043446,6905.123601712471
639,30,0.1150306,0.105866,0.17609619999999998,0.14002746666666666,0.12822699999999998,0.22527425,0.004225734,7099.358359991424
640,30,0.10583503333333334,0.101965,0.12437399999999998,0.12850156666666665,0.12341,0.15076344999999997,0.003877915,7736.115928275891
641,30,0.10418,0.1018645,0.11511349999999998,0.12656269999999997,0.1227115,0.14235454999999997,0.003819457,7854.519634597274
642,30,0.14779496666666667,0.12713,0.26265164999999996,0.1806304333333333,0.152897,0.3101985999999999,0.005448462,5506.140999056247
643,30,0.1623305,0.1607065,0.1867422,0.19583169999999997,0.19162600000000002,0.2270355,0.005908984,5077.014931839382
644,30,0.2133802333333333,0.201147,0.2816593499999999,0.2587718,0.2409155,0.37047184999999994,0.00780696,3842.724953118756
645,30,0.1527392,0.1447565,0.21429699999999996,0.18387026666666667,0.173719,0.25735969999999997,0.00554607,5409.235729083837
646,30,0.11072526666666667,0.10610549999999999,0.13224439999999993,0.13349033333333335,0.1279035,0.16213954999999994,0.004033468,7437.768193524778
647,30,0.10650566666666667,0.1034085,0.11958544999999997,0.12899873333333334,0.12510100000000002,0.14665424999999996,0.0038937,7704.753833115032
648,30,0.11011486666666666,0.1075465,0.1259215,0.13322053333333334,0.13094,0.15281234999999996,0.004020929,7460.962379589393
649,30,0.11414573333333333,0.105794,0.15719304999999995,0.1385936,0.127002,0.20412729999999993,0.004183389,7171.219315248953
650,30,0.10871036666666667,0.105745,0.12384299999999995,0.13224970000000003,0.12901200000000002,0.15103104999999992,0.003992472,7514.141614518523
651,30,0.11534993333333331,0.11322850000000001,0.13389444999999994,0.14050973333333333,0.138442,0.16268929999999993,0.004241993,7072.147455217394
652,30,0.13412513333333337,0.115675,0.1890930999999999,0.16090536666666663,0.1403805,0.24343359999999986,0.00485518,6178.96761809037
653,30,0.10701986666666669,0.1020835,0.12442139999999999,0.13009393333333333,0.1244215,0.15419984999999997,0.003927324,7638.78916025263
654,30,0.10982636666666669,0.10729949999999999,0.1274901,0.13356693333333333,0.130356,0.15590844999999998,0.004033666,7437.403096835485
655,30,0.12106703333333332,0.11057449999999999,0.18769924999999982,0.14664823333333335,0.133284,0.2302496999999998,0.004425725,6778.550406995464
656,30,0.10854456666666668,0.10411100000000001,0.12856204999999996,0.13162890000000002,0.12691200000000002,0.15944089999999997,0.003973704,7549.63127600848
657,30,0.11248573333333332,0.10486,0.1433071499999999,0.13588136666666667,0.12574000000000002,0.18314344999999987,0.004100174,7316.7626544629575
658,30,0.10964716666666667,0.103737,0.13177935,0.13253926666666666,0.125347,0.16186799999999998,0.003998811,7502.23003787876
659,30,0.1261320333333333,0.113866,0.17593239999999993,0.15094093333333333,0.1375425,0.21194884999999988,0.004552969,6589.107020056584
660,30,0.10687293333333332,0.100913,0.1487632499999999,0.1288747,0.121388,0.17475649999999993,0.003888913,7714.237886010821
661,30,0.10772936666666665,0.101937,0.13458645,0.13046633333333332,0.12313550000000001,0.16144035,0.003937465,7619.115344517348
662,30,0.1208442,0.1021945,0.22026019999999985,0.1435521,0.1228625,0.24658309999999983,0.00432965,6928.966544639867
663,30,0.1301641,0.12432499999999999,0.16878139999999994,0.1583356,0.1514235,0.21284144999999993,0.004777516,6279.413820906095
664,30,0.18218586666666667,0.11823800000000001,0.39473045,0.22048120000000002,0.145936,0.46635695,0.006649204,4511.81825674171
665,30,0.1664578666666667,0.158706,0.2002367,0.20138983333333332,0.191473,0.24333364999999998,0.00607832,4935.574303425947
666,30,0.21557183333333332,0.200026,0.30945894999999995,0.2628056333333333,0.241632,0.39513875,0.007931658,3782.3113402015065
667,30,0.12318713333333332,0.1176475,0.15799899999999995,0.14933066666666667,0.1417605,0.1964635499999999,0.004505491,6658.541766036154
668,30,0.11137339999999998,0.1059585,0.14222114999999994,0.13568173333333336,0.1284915,0.18076154999999988,0.004094988,7326.028794223573
669,30,0.14520053333333333,0.120599,0.3049387999999998,0.17253353333333335,0.141204,0.3310476499999998,0.00520604,5762.537360450553
670,30,0.12486383333333334,0.122061,0.18790514999999988,0.14896126666666668,0.143121,0.22994509999999987,0.004493151,6676.828800100419
671,30,0.11741763333333334,0.12041299999999999,0.14507944999999997,0.14001813333333335,0.1414155,0.17392149999999992,0.004222667,7104.514753353745
672,30,0.12720926666666668,0.12455150000000001,0.1605223,0.15039066666666667,0.146692,0.1809442,0.004534635,6615.747463687815
673,30,0.1334146,0.13405899999999998,0.15413929999999998,0.15850879999999998,0.16103050000000002,0.18123865,0.004780282,6275.780382830971
674,30,0.13147973333333335,0.115686,0.2061566,0.1588341,0.1413055,0.2551163,0.004789998,6263.050631753917
675,30,0.13976129999999998,0.13219999999999998,0.17704424999999996,0.1684515333333333,0.162037,0.2186463999999999,0.005083103,5901.9067683657
676,30,0.17839463333333333,0.168199,0.2585047499999999,0.2156533333333333,0.2024675,0.31857529999999995,0.006507175,4610.295558364421
677,30,0.22667593333333336,0.228203,0.26457239999999993,0.27479933333333334,0.2795605,0.3177350499999999,0.008290796,3618.4704098376083
678,30,0.14334906666666666,0.13098100000000001,0.20987134999999993,0.1735704,0.1565875,0.2571968499999999,0.005236066,5729.492332602377
679,30,0.10531666666666668,0.100246,0.11998009999999998,0.12767096666666664,0.1217145,0.14800434999999998,0.003852351,7787.452389462954
680,30,0.11418433333333335,0.101213,0.17050164999999998,0.13675516666666668,0.1234935,0.19469364999999997,0.004124617,7273.402597138111
681,30,0.11524340000000001,0.11229549999999999,0.130679,0.14025340000000003,0.136074,0.15720409999999999,0.004231388,7089.872164878286
682,30,0.11552006666666666,0.10531599999999999,0.15836109999999992,0.14005156666666665,0.126596,0.19157419999999994,0.004224806,7100.91776995204
683,30,0.11699173333333333,0.107574,0.16123449999999995,0.14258426666666668,0.129824,0.2078449499999999,0.004302288,6973.033883366246
684,30,0.11177560000000002,0.10368150000000001,0.14578924999999998,0.13490266666666667,0.128001,0.1731354,0.004069602,7371.7282427126775
685,30,0.18641180000000002,0.1156905,0.42020609999999986,0.2256229333333333,0.141824,0.49354939999999986,0.006804663,4408.741476249448
686,30,0.2113516,0.2208405,0.2994055999999998,0.26389956666666664,0.282416,0.3719744999999998,0.007961099,3768.323946229032
687,30,0.23797300000000002,0.2381525,0.3197013999999999,0.2915692999999999,0.2950015,0.3923454999999999,0.008802016,3408.3100962324997
688,30,0.18000149999999998,0.1678845,0.2473454,0.2179741333333334,0.2013565,0.30758905,0.00657872,4560.157599046624
689,30,0.11569436666666669,0.106716,0.15851739999999997,0.13996496666666666,0.128255,0.18996529999999995,0.004225489,7099.769991118188
690,30,0.15346533333333337,0.127244,0.3066205999999999,0.1789295333333333,0.1497225,0.33222394999999993,0.005394973,5560.732185313995
691,30,0.11980250000000002,0.12119350000000001,0.13891964999999998,0.14283763333333335,0.14201999999999998,0.16825515000000002,0.004310596,6959.59445051218
692,30,0.12012803333333334,0.12138750000000001,0.1430696,0.1433644,0.1420425,0.16871899999999998,0.004326309,6934.317451666073
693,30,0.14812110000000003,0.1262685,0.2835735499999999,0.17548743333333336,0.1496185,0.3101902499999999,0.005291976,5668.9599499317455
694,30,0.11946739999999999,0.121444,0.13714975000000001,0.14247,0.1436955,0.16228785,0.004298756,6978.763158457936
695,30,0.1190818,0.121409,0.14556159999999996,0.14205353333333332,0.1427905,0.17126164999999993,0.004289602,6993.655821682291
696,30,0.12501666666666666,0.1213475,0.16116469999999994,0.15015773333333332,0.142561,0.2094667999999999,0.004529447,6623.3250990683855
697,30,0.1237446,0.123616,0.15816094999999997,0.14738783333333327,0.1439475,0.18759019999999998,0.004445053,6749.075882784749
698,30,0.1154506,0.11640400000000001,0.1419329,0.13764443333333337,0.13980550000000003,0.16801534999999998,0.004151731,7225.90167811932
699,30,0.11926663333333336,0.1217505,0.1363759,0.14235366666666666,0.1423965,0.16324355,0.004293577,6987.181084676017
700,30,0.1415300666666667,0.133297,0.18932954999999996,0.169363,0.1591285,0.2316948999999999,0.005107295,5873.950887896626
701,30,0.12049263333333335,0.1210745,0.1418746,0.14363793333333333,0.142357,0.17496849999999997,0.004333312,6923.111006084953
702,30,0.1280231,0.12410299999999999,0.17850544999999998,0.15405803333333337,0.1458,0.2279753,0.004647841,6454.609785489651
703,30,0.10705513333333334,0.102299,0.12444644999999999,0.12998763333333332,0.1234715,0.15350784999999995,0.003922821,7647.55771420618
704,30,0.11491349999999999,0.11077300000000001,0.14153005,0.13941666666666666,0.13325199999999998,0.1727148,0.004207019,7130.939983869814
705,30,0.10680986666666667,0.102658,0.1258325,0.12944546666666668,0.1243305,0.15185189999999998,0.003905143,7682.17706752352
706,30,0.10694196666666668,0.10336000000000001,0.12455389999999998,0.12981996666666668,0.12498100000000001,0.15309874999999995,0.003916867,7659.1827090376055
707,30,0.10582613333333332,0.102165,0.12128219999999997,0.12887926666666666,0.12352199999999999,0.15182329999999997,0.003888883,7714.297395936056
708,30,0.15321973333333333,0.1215955,0.3488768499999998,0.18529663333333338,0.14862150000000002,0.3963697999999998,0.00558695,5369.65607352849
709,30,0.1052752,0.1023345,0.12005654999999998,0.12754816666666666,0.1233225,0.14711979999999997,0.0038487,7794.83981604178
710,30,0.11623133333333335,0.116406,0.12523974999999998,0.14068429999999996,0.139792,0.1533701,0.004244637,7067.74218855464
711,30,0.11700510000000001,0.109149,0.14453749999999996,0.14180666666666666,0.1312875,0.17950754999999993,0.004283958,7002.869776034218
712,30,0.10984953333333332,0.103204,0.14149114999999993,0.13275903333333333,0.1240165,0.17224749999999994,0.004005591,7489.531507335621
713,30,0.1046575,0.1012715,0.12225614999999997,0.12645683333333332,0.1215865,0.14969869999999996,0.003815522,7862.620108074334
714,30,0.10851409999999997,0.10230249999999999,0.14246764999999997,0.13158713333333333,0.1235735,0.17987119999999995,0.003969398,7557.821110405155
715,30,0.10747860000000001,0.104157,0.12379554999999998,0.13020496666666664,0.1269865,0.15134674999999997,0.003928141,7637.20039581064
716,30,0.11075063333333336,0.101876,0.1331443,0.13340453333333332,0.122403,0.16314359999999997,0.004024529,7454.288439715555
717,30,0.10640286666666668,0.10173199999999999,0.12715004999999996,0.12871913333333335,0.121879,0.15521594999999994,0.003883793,7724.4075572513775
718,30,0.10666369999999997,0.10109499999999999,0.13002639999999996,0.12922823333333333,0.1230225,0.16002309999999992,0.003898958,7694.36346839335
719,30,0.10724246666666669,0.1059255,0.11999469999999998,0.1293836,0.12764150000000002,0.14655734999999995,0.003903502,7685.4065913121085
720,30,0.12932553333333333,0.104459,0.25259489999999996,0.15946733333333335,0.1278535,0.3187493999999999,0.004812484,6233.786959083916
721,30,0.10380553333333334,0.1014015,0.11563194999999998,0.1256125,0.1226865,0.14057904999999996,0.003790657,7914.195349249484
722,30,0.10699913333333332,0.102824,0.1271187,0.1296482,0.12428550000000001,0.15587814999999997,0.003911905,7668.897889902745
723,30,0.13887343333333335,0.13113049999999998,0.17935819999999997,0.1760547,0.1609495,0.21603019999999998,0.005315417,5643.959824788911
724,30,0.11668676666666666,0.106679,0.16949314999999998,0.14202126666666667,0.129011,0.21159609999999993,0.004286285,6999.067957450333
725,30,0.10975290000000001,0.10618749999999999,0.12438254999999995,0.13364396666666664,0.1299325,0.15567659999999997,0.004032826,7438.952238455118
726,30,0.14986919999999998,0.143225,0.21379309999999985,0.18246730000000003,0.17207,0.26591414999999985,0.00551113,5443.529729837619
727,30,0.12162216666666666,0.11550650000000001,0.16631974999999993,0.14736393333333334,0.1388695,0.2039817999999999,0.004445885,6747.812865155081
728,30,0.10611196666666665,0.1027215,0.12199044999999997,0.12867773333333335,0.12412000000000001,0.14990839999999994,0.003882611,7726.75913193467
729,30,0.10325483333333334,0.1013725,0.11208869999999999,0.12519283333333334,0.1212905,0.13788839999999997,0.003780076,7936.348369715318
730,30,0.11218526666666666,0.104552,0.1519262,0.13673316666666666,0.126797,0.19562934999999998,0.004127803,7267.788700187484
731,30,0.10747296666666668,0.102199,0.12248044999999999,0.13092213333333333,0.124276,0.14787845,0.003953054,7589.069109604878
732,30,0.10657296666666667,0.103273,0.12630689999999997,0.1295162,0.124763,0.15533519999999995,0.003909317,7673.974763366594
733,30,0.10813676666666666,0.10129650000000001,0.14457759999999997,0.1309004,0.12275,0.17080729999999997,0.003951521,7592.013303231844
734,30,0.11777496666666668,0.10816400000000001,0.17706565,0.14360496666666664,0.130185,0.22465174999999998,0.004334843,6920.665869559752
735,30,0.10754079999999998,0.102468,0.12713565,0.13078803333333336,0.1235475,0.15618469999999995,0.003948142,7598.5108944916365
736,30,0.10608176666666666,0.102815,0.12321649999999998,0.12864176666666668,0.1246755,0.1517219,0.00388302,7725.945269403712
737,30,0.10714123333333334,0.1016205,0.13447889999999998,0.1293351,0.1229205,0.1604139,0.003903096,7686.2060272153185
738,30,0.1739799666666667,0.1078345,0.4347177999999999,0.20702940000000003,0.13045,0.5099830999999999,0.006243152,4805.265032791129
739,30,0.19867813333333337,0.22025099999999997,0.3317618,0.24782563333333335,0.2795845,0.40398445,0.007475446,4013.1384802993693
740,30,0.10826836666666667,0.104531,0.13323874999999993,0.1309516,0.12549,0.16424144999999993,0.003950957,7593.09706483771
741,30,0.11548056666666669,0.109013,0.14083604999999996,0.13984036666666672,0.1334875,0.17860014999999999,0.004221113,7107.130275830094
742,30,0.10696839999999999,0.103492,0.12538649999999998,0.1291734333333333,0.12411449999999999,0.15328454999999996,0.003897472,7697.297119774049
743,30,0.1086457666666667,0.10527700000000001,0.12356059999999999,0.1320661,0.1264745,0.15528385,0.003984104,7529.923917648737
744,30,0.10636706666666668,0.10305700000000001,0.12821454999999995,0.12906379999999998,0.1254175,0.15623439999999994,0.003894312,7703.54301350277
745,30,0.1295797,0.120893,0.18366959999999993,0.15825453333333334,0.1453025,0.2426331,0.004773621,6284.537461185126
746,30,0.11056893333333334,0.10685800000000001,0.12700139999999996,0.1345339,0.1299705,0.15695434999999996,0.004060928,7387.473996091534
747,30,0.11210116666666667,0.10815150000000001,0.12695625,0.13667406666666665,0.13182850000000002,0.15752864999999996,0.004124323,7273.921077471381
748,30,0.1163908,0.110552,0.14657779999999998,0.14139463333333335,0.13416699999999998,0.17917214999999995,0.00426761,7029.6957781990395
749,30,0.11258970000000001,0.1070185,0.13936379999999998,0.13768143333333333,0.1308065,0.16773924999999995,0.004158227,7214.61334361977
750,30,0.10689076666666666,0.10522000000000001,0.11859589999999999,0.13006473333333332,0.126776,0.14649384999999998,0.003924695,7643.906086969816
751,30,0.10902826666666665,0.10616300000000001,0.12604444999999997,0.1326857,0.1284575,0.15347164999999996,0.004004666,7491.261443526128
752,30,0.109271,0.103721,0.12484129999999999,0.13272083333333332,0.125051,0.15395139999999996,0.004005012,7490.614260331805
753,30,0.10957523333333334,0.10561000000000001,0.1269544,0.13428573333333335,0.129082,0.15594889999999997,0.004052191,7403.402258185756
754,30,0.10788529999999998,0.104651,0.12687709999999996,0.13157633333333332,0.12679200000000002,0.15863869999999994,0.003970519,7555.687304354922
755,30,0.10870890000000002,0.10594300000000001,0.12303554999999997,0.1322419,0.1289795,0.15307389999999996,0.003991177,7516.57969566371
756,30,0.10904903333333331,0.104054,0.12949855,0.13266666666666665,0.12679400000000002,0.15721304999999997,0.004004413,7491.734743644074
757,30,0.1091701,0.1047285,0.13728359999999998,0.13259663333333332,0.126694,0.1642657,0.004003317,7493.785778143474
758,30,0.10674966666666667,0.10425100000000001,0.1200233,0.13007066666666667,0.126152,0.14889829999999998,0.003926334,7640.715232071444
759,30,0.10833749999999999,0.10555400000000001,0.12475579999999997,0.13193966666666668,0.1279185,0.15543239999999997,0.003982247,7533.435269083007
760,30,0.10637816666666668,0.1047815,0.11957614999999996,0.1289161,0.12612600000000002,0.14755319999999994,0.003892377,7707.37264144763
761,30,0.11133130000000002,0.1080315,0.1331269,0.13532076666666665,0.1303475,0.16152539999999999,0.004082945,7347.637550836467
762,30,0.1079902666666667,0.10413049999999999,0.12587204999999999,0.13151986666666668,0.126221,0.15371269999999998,0.003969672,7557.299444387346
763,30,0.10713816666666667,0.1041965,0.13042939999999997,0.13018903333333334,0.1253475,0.16026964999999999,0.003929472,7634.613505325907
764,30,0.10806993333333333,0.1033955,0.12577739999999998,0.13124539999999998,0.125082,0.1541995,0.003961163,7573.533328469442
765,30,0.10986773333333336,0.103839,0.1345838,0.13352003333333332,0.126326,0.16596285,0.004029978,7444.209372855137
766,30,0.10633379999999999,0.10444,0.11731024999999999,0.1292214,0.126498,0.14717209999999997,0.003901047,7690.243157798406
767,30,0.10634256666666667,0.1037025,0.12009059999999999,0.1288091,0.1248155,0.14572724999999997,0.003887292,7717.454721693148
768,30,0.11558603333333334,0.1105525,0.16099555,0.14090299999999997,0.1346035,0.19369124999999998,0.004251604,7056.160451443738
769,30,0.11920266666666667,0.118258,0.15120689999999998,0.14445119999999997,0.14248149999999998,0.17908015,0.004361424,6878.487393108306
770,30,0.10897789999999999,0.10363449999999999,0.12746544999999998,0.13251043333333334,0.126388,0.15727569999999996,0.003998774,7502.299454782891
771,30,0.10905516666666665,0.1042945,0.12434509999999997,0.13275233333333333,0.12622699999999998,0.15225704999999995,0.004006307,7488.192991700337
772,30,0.11030923333333333,0.106783,0.12824365,0.13443786666666666,0.12950250000000002,0.15700319999999998,0.00405677,7395.0458123088065
773,30,0.11345020000000001,0.10801649999999999,0.13727839999999997,0.13744003333333332,0.1314655,0.16858554999999997,0.004146963,7234.209709611588
774,30,0.10755826666666667,0.1054175,0.11845939999999998,0.1306216,0.128055,0.14648964999999997,0.003942833,7608.742241936192
775,30,0.11051810000000001,0.1050875,0.1288635,0.13447153333333337,0.128779,0.15772844999999996,0.0040593,7390.436774813391
776,30,0.11048426666666665,0.1076835,0.12662814999999997,0.1348926,0.1320115,0.15506159999999997,0.004073877,7363.9925800410765
777,30,0.11325840000000001,0.107248,0.14221724999999996,0.13744483333333332,0.128416,0.17504039999999996,0.00414869,7231.198281867289
778,30,0.10702873333333332,0.10406099999999999,0.12031099999999997,0.1295461,0.1257275,0.14626904999999996,0.003911568,7669.5586015633635
779,30,0.10788483333333335,0.104544,0.12501759999999998,0.1313355333333333,0.1270975,0.15411719999999995,0.003966063,7564.176363310417
780,30,0.10875189999999998,0.1079155,0.11766455,0.1323183,0.1312565,0.1438727,0.003994699,7509.9525646362845
781,30,0.1122321,0.1062565,0.13063649999999996,0.13657763333333334,0.12934800000000002,0.1610747,0.004122652,7276.869354968598
782,30,0.1088934,0.103688,0.12748579999999995,0.13257,0.1256495,0.15752119999999997,0.004001484,7497.218531924656
783,30,0.1099538,0.1056405,0.13000009999999995,0.13421973333333334,0.128235,0.16434249999999995,0.004050867,7405.822012917235
784,30,0.10909959999999999,0.1062285,0.12395019999999997,0.1327839,0.12853799999999999,0.15436044999999995,0.004009357,7482.496569898864
785,30,0.1099896,0.104712,0.12720209999999998,0.13351096666666665,0.1267505,0.15494464999999996,0.00402862,7446.718727504704
786,30,0.10891266666666664,0.10515250000000001,0.12222845,0.13263466666666665,0.12686,0.1535974,0.004002046,7496.1657112387
787,30,0.10974700000000001,0.104986,0.12826189999999996,0.1340575,0.12698399999999999,0.16581465,0.004044925,7416.701174929077
788,30,0.11131023333333333,0.108186,0.12729204999999996,0.13567233333333334,0.132594,0.15663899999999994,0.004094721,7326.506494581682
789,30,0.11148126666666668,0.105625,0.1338104,0.13541090000000003,0.1285425,0.16696094999999997,0.00408601,7342.1259370388225
790,30,0.10813390000000003,0.104517,0.12332219999999998,0.13157110000000002,0.1273725,0.15178474999999997,0.003970173,7556.345781405496
791,30,0.10933763333333332,0.1063055,0.13105409999999998,0.13266786666666666,0.128898,0.16022965,0.004004287,7491.9704806373775
792,30,0.11920713333333334,0.11578250000000001,0.1424649,0.1450980666666667,0.141039,0.1660649,0.004378198,6852.134142859688
793,30,0.11048776666666668,0.105046,0.13896329999999998,0.1347226333333333,0.1277055,0.17018769999999997,0.004065407,7379.334959574773
794,30,0.10967116666666664,0.10642299999999999,0.12781174999999997,0.1336378666666667,0.128866,0.15765959999999996,0.004032658,7439.262144223488
795,30,0.10855270000000002,0.10516,0.12395049999999998,0.13194906666666667,0.128286,0.15317899999999995,0.003981356,7535.121199912794
796,30,0.107574,0.1056605,0.11637525,0.13149376666666665,0.127916,0.14271374999999997,0.003968079,7560.333350218078
797,30,0.11352693333333334,0.1057975,0.14403619999999995,0.1378658,0.128386,0.17630759999999993,0.00416006,7211.434450464657
798,30,0.10940523333333334,0.1055545,0.12483354999999997,0.13316666666666668,0.12782349999999998,0.15387714999999996,0.00401847,7465.527924807203
799,30,0.12471856666666667,0.109655,0.18025499999999994,0.1496791333333333,0.1326055,0.22395729999999991,0.004515848,6643.270544092715
800,30,0.1148045,0.1102185,0.14161264999999998,0.13924446666666665,0.1338295,0.16982224999999998,0.004201833,7139.7411558241365
801,30,0.11031726666666669,0.106545,0.1411067999999999,0.13466386666666666,0.1304075,0.17418039999999987,0.004063854,7382.154969149974
802,30,0.11481986666666667,0.1081925,0.15877719999999995,0.14002489999999998,0.131952,0.1917806,0.004227931,7095.669252880428
803,30,0.10864413333333332,0.1051375,0.12368934999999999,0.13216759999999997,0.1272365,0.15262664999999997,0.003987674,7523.182687451381
804,30,0.1141592,0.1118565,0.13147255,0.13884229999999997,0.13466050000000002,0.16284105,0.004189341,7161.030816063911
805,30,0.1085243,0.10539799999999999,0.12372814999999997,0.13196153333333333,0.1271735,0.15212879999999995,0.003982078,7533.754989229242
806,30,0.11281866666666666,0.1070755,0.14594089999999998,0.13724016666666666,0.13058150000000002,0.17977424999999994,0.004142598,7241.8322994410755
807,30,0.10800606666666665,0.10398550000000001,0.12491679999999998,0.13134893333333333,0.125643,0.15290404999999996,0.003963779,7568.534976344545
808,30,0.11367093333333332,0.11038500000000001,0.14055289999999995,0.13840070000000002,0.1336945,0.16820109999999996,0.004176028,7183.8598783341495
809,30,0.10806296666666666,0.1037505,0.125713,0.131237,0.126553,0.15414519999999998,0.003960221,7575.334810860303
810,30,0.11383946666666667,0.1100455,0.1323354,0.13810326666666667,0.133583,0.16069749999999997,0.004168362,7197.071655484816
811,30,0.10895046666666666,0.1061195,0.1214411,0.1320160333333333,0.12919,0.1484738,0.003983772,7530.551447221377
812,30,0.11812523333333333,0.11456150000000001,0.15177039999999997,0.14500713333333332,0.1388355,0.19616219999999993,0.004378634,6851.451845484231
813,30,0.10885813333333336,0.10509399999999999,0.12576024999999996,0.13249033333333332,0.12769999999999998,0.15479144999999997,0.003998238,7503.3052059432175
814,30,0.11124306666666665,0.1069245,0.12977059999999996,0.13542416666666668,0.129837,0.15810479999999996,0.004086325,7341.559959131982
815,30,0.12268303333333333,0.1208935,0.1458735999999999,0.14821613333333333,0.1463225,0.17395249999999993,0.004471278,6709.491111937124
816,30,0.12050253333333334,0.116397,0.14971584999999998,0.1462341,0.140891,0.18201009999999992,0.004411809,6799.931728685444
817,30,0.11048756666666668,0.107194,0.12355909999999996,0.13414193333333332,0.129376,0.15248649999999994,0.004048332,7410.459418842131
818,30,0.11019833333333333,0.1043095,0.1344019,0.13398516666666666,0.12581599999999998,0.16498429999999997,0.004044512,7417.458521571947
819,30,0.1089983,0.1060175,0.11945855,0.13231636666666666,0.129403,0.14496219999999999,0.003994165,7510.95660795185
820,30,0.11451913333333334,0.107204,0.1452393,0.13951776666666668,0.1290445,0.17709945,0.00421039,7125.230679343244
821,30,0.10773710000000002,0.1050485,0.11701795,0.13064323333333333,0.1267365,0.14658354999999998,0.003943578,7607.304838398024
822,30,0.10926453333333334,0.104645,0.13361034999999996,0.13278883333333333,0.126049,0.16434879999999996,0.004009823,7481.626994508237
823,30,0.11100476666666666,0.10666,0.12540729999999997,0.13525263333333332,0.130872,0.15494239999999995,0.004085174,7343.628447649966
824,30,0.11221016666666667,0.1069235,0.13866425,0.13725810000000002,0.1299025,0.1732518,0.004144049,7239.2966395908925
825,30,0.10847930000000001,0.105098,0.12197499999999996,0.13175119999999998,0.1276685,0.15153879999999995,0.003977435,7542.5494068413445
826,30,0.11008806666666666,0.10486000000000001,0.12940254999999998,0.13399390000000003,0.1279205,0.15984564999999995,0.004044344,7417.766639039607
827,30,0.10887963333333332,0.1061295,0.1210001,0.13196389999999997,0.1291985,0.14745765,0.003981979,7533.942293517871
828,30,0.11143736666666668,0.10783999999999999,0.13196315,0.13499883333333335,0.129833,0.15984449999999997,0.004086053,7342.048671419582
829,30,0.10938780000000001,0.10655200000000001,0.12776899999999997,0.1330307666666667,0.12906600000000001,0.15747629999999996,0.00401502,7471.942854581048
830,30,0.11121463333333331,0.1051175,0.13483109999999993,0.1352158,0.12780550000000002,0.16925649999999992,0.004080663,7351.746517661468
831,30,0.10785,0.10400899999999999,0.1199707,0.13090366666666667,0.1250865,0.14767124999999998,0.003949565,7595.773205403632
832,30,0.10882696666666668,0.103873,0.12904264999999995,0.13240966666666665,0.125568,0.16026189999999993,0.003995493,7508.460157482443
833,30,0.1090819,0.105695,0.12561594999999998,0.1326291,0.12749100000000002,0.15391509999999997,0.004001984,7496.281844205274
834,30,0.10812433333333334,0.103886,0.12710089999999996,0.1315975,0.126042,0.15684804999999996,0.003971315,7554.172862137605
835,30,0.1085938,0.10596649999999999,0.1268636,0.1321396333333333,0.128142,0.1600574,0.003988083,7522.411143398972
836,30,0.10872173333333332,0.1036285,0.12680579999999997,0.13194663333333337,0.1248475,0.15758509999999992,0.003981832,7534.220429189378
837,30,0.10818723333333334,0.104877,0.11566779999999999,0.13178636666666665,0.1274575,0.1438373,0.003978227,7541.047808483528
838,30,0.10996779999999999,0.105726,0.12581189999999998,0.13369486666666666,0.1280275,0.15605519999999995,0.004034422,7436.009420928202
839,30,0.11786836666666664,0.1160515,0.13445234999999997,0.1435103666666667,0.1400255,0.16271815,0.004331058,6926.713980740965
840,30,0.11803373333333332,0.113027,0.1458812,0.14294286666666664,0.13699499999999998,0.1706974,0.00431277,6956.086227644879
841,30,0.11381056666666665,0.10936850000000001,0.14970139999999996,0.1384105,0.131798,0.18341324999999992,0.004176556,7182.951695128714
842,30,0.10613869999999999,0.103413,0.11675695,0.12859543333333334,0.1255765,0.14302515,0.003880759,7730.446544090988
843,30,0.11224009999999998,0.108878,0.12453434999999996,0.13655026666666667,0.13316699999999998,0.15400249999999996,0.004120224,7281.157529299378
844,30,0.1090541,0.105974,0.12530739999999999,0.13272399999999998,0.127457,0.15590774999999996,0.004005022,7490.595557277838
845,30,0.11147879999999999,0.10757,0.1289073,0.1352772,0.130504,0.15882724999999998,0.0040813,7350.599073824516
846,30,0.10890773333333334,0.1058955,0.12718104999999996,0.13248506666666665,0.127808,0.16255674999999994,0.003997643,7504.421980652099
847,30,0.11156796666666666,0.10799149999999999,0.1262906,0.13565133333333332,0.13175900000000001,0.15531959999999997,0.004093605,7328.503849296647
848,30,0.10890419999999999,0.1050715,0.12891875,0.13232416666666666,0.127937,0.15749085,0.003992824,7513.479181651884
849,30,0.11131776666666668,0.107873,0.13931234999999997,0.1352674666666667,0.1302805,0.16862959999999996,0.004081848,7349.61223445851
850,30,0.10917613333333336,0.10622400000000001,0.12658419999999995,0.13301383333333333,0.128658,0.15646899999999997,0.004014085,7473.683292705561
851,30,0.11102253333333333,0.10653850000000001,0.12641539999999996,0.13500600000000001,0.1287765,0.15653534999999996,0.004073702,7364.3089258860855
852,30,0.1087323,0.10469200000000001,0.12660534999999998,0.13294963333333334,0.1280155,0.15544009999999997,0.00401247,7476.69141451525
853,30,0.11105546666666669,0.1075625,0.1414953,0.13443003333333334,0.1285945,0.17127714999999996,0.004057215,7394.234715192564
854,30,0.10713866666666666,0.105724,0.11765559999999997,0.13026453333333332,0.128174,0.14653619999999995,0.00393157,7630.539453704246
855,30,0.1112532,0.1067565,0.13246294999999994,0.1353149,0.129878,0.16253724999999994,0.0040829,7347.71853339538
856,30,0.10961829999999999,0.1055615,0.12711379999999997,0.13298483333333333,0.128552,0.15597364999999996,0.004013045,7475.62013383852
857,30,0.11320256666666668,0.106349,0.14271114999999998,0.13773843333333333,0.128257,0.17318929999999996,0.004156736,7217.20118862492
858,30,0.10544183333333333,0.103076,0.1164821,0.12816239999999998,0.12436849999999999,0.14350825,0.0038683,7755.34472507303
859,30,0.1098216,0.106707,0.12730845,0.13371133333333332,0.129369,0.15585244999999998,0.004034787,7435.336735247734
860,30,0.11115576666666667,0.105801,0.12976224999999997,0.1353362,0.12880999999999998,0.16007719999999995,0.004085841,7342.429624647655
861,30,0.11275296666666666,0.10824249999999999,0.13737519999999998,0.13714453333333332,0.13018600000000002,0.1666641,0.00413946,7247.322114478699
862,30,0.1180224,0.1161055,0.1322915,0.14363793333333336,0.1419605,0.1594473,0.004335172,6920.14065416551
863,30,0.12160453333333335,0.11770649999999999,0.15500354999999996,0.14895843333333333,0.150366,0.1895642,0.00449584,6672.835332218228
864,30,0.10976616666666669,0.10614799999999999,0.12599424999999997,0.13426809999999997,0.12894,0.1576638,0.004054034,7400.036605514409
865,30,0.11145596666666667,0.1079055,0.13070984999999996,0.13550063333333334,0.1295015,0.15981599999999996,0.004090761,7333.598809610241
866,30,0.10729453333333332,0.1058315,0.11727469999999998,0.13090463333333333,0.128313,0.14535029999999996,0.003953456,7588.297428882476
867,30,0.11070736666666667,0.107125,0.13107399999999997,0.13449706666666666,0.130318,0.16266664999999997,0.004059606,7389.87970753812
868,30,0.11194530000000004,0.1086105,0.12964344999999997,0.13605563333333334,0.13117499999999999,0.15945329999999996,0.004106768,7305.014551588986
869,30,0.11152333333333334,0.10671449999999999,0.12824394999999997,0.13580176666666668,0.1285155,0.15820799999999996,0.004099174,7318.5475903194165
870,30,0.1090534,0.1059485,0.12276729999999997,0.13257726666666667,0.1281205,0.15220404999999995,0.004001421,7497.3365711830875
871,30,0.11322703333333334,0.108974,0.13698754999999996,0.13787280000000005,0.13206600000000002,0.16446334999999998,0.004160463,7210.735920497311
872,30,0.10862826666666665,0.1053405,0.12420359999999998,0.13199913333333332,0.12754749999999998,0.15203359999999996,0.003983775,7530.545776305137
873,30,0.1090977,0.10459550000000001,0.12717429999999996,0.13285906666666666,0.12615700000000002,0.15665104999999996,0.004010321,7480.697929168264
874,30,0.20023783333333336,0.1299025,0.42350765,0.2398932666666667,0.159526,0.49427875,0.007230728,4148.95982811136
875,30,0.11637503333333335,0.11361750000000001,0.13817415,0.13957733333333333,0.135506,0.16116429999999998,0.004211315,7123.665648378238
876,30,0.12072316666666666,0.117397,0.14160129999999999,0.14592140000000003,0.1412775,0.17073144999999998,0.00440222,6814.743470339965
877,30,0.11425676666666666,0.11227200000000001,0.13179039999999997,0.1386089,0.135302,0.1606201,0.004183116,7171.687325907291
878,30,0.11658886666666665,0.113726,0.14105494999999998,0.14161543333333332,0.136997,0.17042774999999996,0.004277376,7013.645749169584
879,30,0.121358,0.114215,0.1704070499999999,0.14767533333333333,0.140572,0.22016484999999988,0.004456358,6731.954658938982
880,30,0.12459173333333333,0.1180215,0.17270544999999995,0.15091253333333335,0.142828,0.20896624999999994,0.004553482,6588.364684432704
881,30,0.1334716,0.1234265,0.2014124,0.1631503,0.149496,0.2507155,0.0049227,6094.216588457553
882,30,0.1508896,0.144858,0.19469094999999997,0.18292253333333336,0.1752745,0.24526564999999997,0.005518954,5435.81265580398
883,30,0.13470706666666668,0.130286,0.17321564999999994,0.16259766666666664,0.157407,0.20600509999999994,0.004904428,6116.921280116662
884,30,0.16613239999999999,0.15886,0.20537804999999998,0.20096683333333332,0.19250499999999998,0.25387714999999994,0.006062824,4948.189160694752
885,30,0.12588146666666666,0.12231049999999999,0.18125909999999995,0.15255263333333335,0.1478605,0.21212634999999994,0.00460202,6518.876493365957
886,30,0.12235983333333332,0.112424,0.1673255,0.15033446666666667,0.136565,0.21973125,0.00453636,6613.231754093591
887,30,0.11313986666666667,0.1118305,0.12410139999999999,0.13794703333333333,0.13543300000000003,0.1563702,0.004163257,7205.896729411612
888,30,0.11506203333333333,0.107277,0.14252735,0.1396388,0.128537,0.17393909999999999,0.004212979,7120.852014690792
889,30,0.1109826,0.10651,0.1379456,0.1346965,0.12913049999999998,0.16740829999999995,0.004064697,7380.623943186909
890,30,0.11610043333333332,0.10516049999999999,0.19173834999999984,0.14205616666666668,0.1274315,0.24242114999999984,0.004287086,6997.760250202586
891,30,0.11281530000000001,0.109196,0.1305035,0.13759353333333335,0.132636,0.16231759999999998,0.004152295,7224.920194735681
892,30,0.11364283333333333,0.102438,0.1647031,0.14082429999999999,0.123309,0.21039014999999991,0.004249023,7060.4466014893305
893,30,0.10445123333333332,0.101933,0.11966619999999999,0.12633316666666666,0.1222655,0.14635249999999994,0.003812821,7868.18998321715
894,30,0.15427963333333333,0.14608949999999998,0.23178384999999993,0.18722923333333333,0.1785405,0.27417674999999997,0.005648454,5311.187804663011
895,30,0.1451376666666667,0.141961,0.17671055,0.17562746666666665,0.17027599999999998,0.21570469999999997,0.005299563,5660.844111108784
896,30,0.10882020000000003,0.102063,0.13587869999999994,0.1323641,0.122949,0.16747629999999994,0.003994491,7510.34362075168
897,30,0.10997579999999998,0.1070065,0.12503804999999998,0.13342093333333335,0.129192,0.15438249999999998,0.004031817,7440.813905988292
898,30,0.10785416666666665,0.10483799999999999,0.12499654999999996,0.1307699,0.126931,0.15393219999999994,0.003946129,7602.387048167965
899,30,0.10957286666666669,0.103157,0.13889055,0.13318156666666667,0.1249915,0.17393224999999998,0.004018328,7465.79174223707
900,30,0.10430886666666665,0.1013185,0.11856949999999997,0.1265575,0.1216895,0.14694819999999997,0.003819598,7854.229685951244
901,30,0.11118536666666665,0.1043595,0.13435564999999997,0.13554063333333335,0.126029,0.16808809999999996,0.004089793,7335.334575612995
902,30,0.10647973333333334,0.1036215,0.12094754999999997,0.12941713333333335,0.1254685,0.14947049999999995,0.003906632,7679.249030878772
903,30,0.11142483333333329,0.10499349999999999,0.13276269999999998,0.13522133333333333,0.127328,0.16191819999999998,0.004081115,7350.932281986664
904,30,0.10557580000000001,0.1008695,0.13250369999999997,0.12835910000000003,0.12290000000000001,0.16082429999999998,0.003874963,7742.009407573698
905,30,0.10783286666666668,0.1037875,0.12530015,0.13115776666666665,0.1264515,0.15472545,0.003962479,7571.018041988362
906,30,0.12364990000000002,0.11706749999999999,0.17865679999999998,0.14856890000000003,0.1405655,0.20361654999999998,0.004483327,6691.4592667454335
907,30,0.11932606666666667,0.10867450000000001,0.17582589999999992,0.14415803333333332,0.13363950000000002,0.2116512499999999,0.004351915,6893.516991944926
908,30,0.1057746,0.10235849999999999,0.12153074999999998,0.12831120000000001,0.123669,0.14973164999999997,0.003873237,7745.459418052652
909,30,0.11396616666666669,0.10609099999999999,0.15454384999999998,0.1375157,0.1274015,0.18234019999999995,0.004151181,7226.85905529053
910,30,0.11000803333333332,0.1090645,0.11837904999999999,0.1339029,0.131403,0.14628365,0.004042488,7421.17230774711
911,30,0.10760586666666667,0.102131,0.13419484999999998,0.13086183333333332,0.12355350000000001,0.16533344999999997,0.003948918,7597.017714725907
912,30,0.10587946666666666,0.10280700000000001,0.12170229999999997,0.1288614,0.124439,0.15058119999999997,0.003889361,7713.349313679034
913,30,0.11011146666666667,0.1019605,0.14406944999999993,0.1333913666666667,0.1231795,0.17593624999999993,0.004024937,7453.532813060179
914,30,0.1089688,0.1060975,0.1257119,0.13221156666666664,0.1278805,0.15375099999999997,0.003989531,7519.680884795731
915,30,0.10738223333333334,0.1032725,0.12781705,0.12967253333333334,0.12375900000000001,0.1558225,0.003912709,7667.322052317205
916,30,0.10576233333333333,0.102828,0.12190184999999996,0.12789813333333333,0.1241985,0.14908419999999997,0.003859742,7772.540237145384
917,30,0.12101603333333336,0.104987,0.21365359999999975,0.14388996666666667,0.1258245,0.24598854999999983,0.004352559,6892.497034503152
918,30,0.11024959999999998,0.10875,0.12376269999999998,0.1335378,0.13083250000000002,0.15071784999999996,0.004029204,7445.639386836706
919,30,0.14033540000000003,0.12636599999999998,0.23577594999999973,0.16434143333333334,0.147808,0.2664938999999998,0.004954187,6055.48397749217
920,30,0.1308597333333333,0.128772,0.14758164999999998,0.15417819999999996,0.15194449999999998,0.17450289999999996,0.004648211,6454.095995211921
921,30,0.1268227666666667,0.1239735,0.1389339,0.14918259999999997,0.145297,0.16566449999999996,0.004497879,6669.810370621353
922,30,0.13127519999999998,0.1264105,0.15042204999999997,0.1548816666666667,0.1497255,0.18086939999999996,0.004669539,6424.617076760682
923,30,0.13005033333333335,0.1243885,0.18603704999999998,0.15314886666666666,0.14591700000000002,0.21603184999999997,0.004617154,6497.509071605582
924,30,0.12106459999999998,0.1205755,0.15451374999999998,0.14400630000000003,0.14181749999999999,0.17992164999999996,0.004359141,6882.089842930063
925,30,0.12005920000000003,0.12348899999999999,0.13819004999999998,0.14252156666666668,0.145207,0.160436,0.00429817,6979.714622734792
926,30,0.12649639999999998,0.123057,0.18251134999999993,0.1525161666666667,0.14670100000000003,0.2259111499999999,0.004600387,6521.190499842731
927,30,0.11803996666666666,0.1123585,0.15413365,0.1431426,0.13523849999999998,0.1937561,0.004319535,6945.192017196295
928,30,0.10771643333333335,0.105261,0.1229,0.13065736666666666,0.1277685,0.14851089999999997,0.003942418,7609.543178830861
929,30,0.14323363333333333,0.1338095,0.2536663999999998,0.17188153333333334,0.158917,0.27715664999999984,0.005185541,5785.317288977177
930,30,0.10841403333333331,0.103387,0.13763364999999989,0.13117536666666668,0.12438250000000001,0.16659594999999988,0.003957578,7580.393867158146
931,30,0.11645143333333333,0.107906,0.16359014999999996,0.14237286666666665,0.130936,0.21125139999999995,0.004295866,6983.458050134711
932,30,0.10582246666666667,0.1030505,0.12093869999999997,0.12850683333333332,0.12364049999999999,0.14928694999999997,0.003878044,7735.858592630718
933,30,0.11733363333333333,0.111858,0.15356375,0.14246583333333335,0.13482149999999998,0.1859143,0.004298726,6978.811861933047
934,30,0.10577733333333332,0.1021225,0.12345749999999998,0.12820013333333333,0.12333,0.15147404999999997,0.003868851,7754.240212404148
935,30,0.11161853333333333,0.10522200000000001,0.15603254999999996,0.1370499,0.12946649999999998,0.19375805,0.00413578,7253.770751829158
936,30,0.1072467,0.10305149999999999,0.12726079999999998,0.1298348666666667,0.12514,0.15397144999999995,0.003919345,7654.340202253182
937,30,0.11096873333333333,0.10383,0.13146154999999998,0.13575099999999998,0.1267395,0.16540874999999994,0.004096271,7323.73419629707
938,30,0.10775620000000001,0.1035925,0.12485539999999999,0.13067973333333333,0.12485399999999999,0.15367579999999997,0.003943671,7607.125442259255
939,30,0.11339263333333334,0.10602800000000001,0.15683019999999998,0.13914666666666667,0.1282265,0.19921164999999996,0.004199203,7144.2128422941205
940,30,0.10846473333333333,0.10272200000000001,0.12581609999999996,0.13190926666666664,0.124889,0.15618279999999998,0.003980755,7536.258825273096
941,30,0.1123565,0.106265,0.14048414999999997,0.1367085,0.13055850000000002,0.1684231,0.004124383,7273.815259155128
942,30,0.1078805,0.1038325,0.12371954999999998,0.131339,0.12590800000000002,0.15231454999999997,0.003963205,7569.63114449038
943,30,0.11330106666666664,0.105905,0.15556409999999993,0.1381714,0.1289265,0.1924402499999999,0.004169751,7194.674214359562
944,30,0.10720863333333332,0.10271,0.12233884999999997,0.12976636666666666,0.12401100000000001,0.15076674999999995,0.003915724,7661.418424791942
945,30,0.11351406666666662,0.1067205,0.13571724999999996,0.13790833333333333,0.129434,0.16775714999999994,0.004163237,7205.931346209692
946,30,0.11024469999999999,0.1066535,0.12479589999999997,0.13390506666666666,0.129629,0.15387014999999996,0.004046137,7414.479539372987
947,30,0.11525713333333334,0.10701350000000001,0.1551663499999999,0.14115076666666668,0.129515,0.19568454999999985,0.004261085,7040.46035223423
948,30,0.13565616666666666,0.1272435,0.1796392,0.16596846666666665,0.1540675,0.21686439999999998,0.005013207,5984.1933516808695
949,30,0.1198987,0.1138895,0.15557215,0.146791,0.13812999999999998,0.19824354999999994,0.004433798,6766.208113224824
950,30,0.1446098666666667,0.141714,0.1873869,0.1758420666666667,0.17273650000000002,0.22236445,0.005307887,5651.966592355866
951,30,0.16773436666666663,0.15197349999999998,0.24565610000000002,0.20497640000000003,0.18712800000000002,0.29818115,0.006186182,4849.517844770813
952,30,0.12455576666666665,0.1153405,0.16169104999999998,0.15173693333333332,0.13971450000000002,0.19499734999999993,0.004579437,6551.023630197337
953,30,0.11970219999999997,0.1087485,0.1860758999999999,0.14735969999999998,0.1308695,0.22914444999999992,0.004448285,6744.172192204412
954,30,0.1076774,0.10381750000000001,0.12123069999999998,0.13071763333333333,0.124706,0.14847344999999995,0.003945515,7603.570129628198
955,30,0.1187531,0.1165745,0.13788694999999998,0.14497633333333332,0.140977,0.17332475,0.004375384,6856.54104873995
956,30,0.1080457666666667,0.1032,0.12966659999999997,0.13097523333333336,0.1247065,0.15821699999999997,0.003957202,7581.114130640792
957,30,0.11523250000000002,0.108376,0.1682695,0.1413737,0.1308185,0.20951269999999994,0.00426696,7030.7666347938575
958,30,0.10699860000000001,0.10321,0.1262013,0.1298307,0.1242135,0.15516724999999998,0.003917689,7657.57567790603
959,30,0.11427513333333333,0.1107315,0.13779094999999997,0.13918996666666666,0.134531,0.17096624999999996,0.004202128,7139.239927960309
960,30,0.105329,0.1034155,0.11369694999999999,0.1282515,0.1251485,0.1391827,0.003870249,7751.439248482462
961,30,0.11626210000000001,0.1095435,0.15524814999999992,0.14162436666666667,0.1327565,0.2024437499999999,0.004273224,7020.460429876833
962,30,0.109587,0.1059815,0.12770065,0.13329850000000001,0.12806800000000002,0.15722935,0.004022802,7457.488586313719
963,30,0.1123309,0.108271,0.1385232,0.13611370000000003,0.1301445,0.16698724999999998,0.004106801,7304.955852499305
964,30,0.11024473333333333,0.1065925,0.13257775,0.13385966666666665,0.129642,0.16064874999999998,0.004039043,7427.502009758252
965,30,0.12427323333333333,0.10894799999999999,0.18805134999999995,0.1490945,0.134447,0.21639204999999997,0.004497486,6670.393192997154
966,30,0.10556569999999997,0.102914,0.11914924999999996,0.12827159999999999,0.12397949999999999,0.14731054999999996,0.00387102,7749.895376412418
967,30,0.10719023333333336,0.10499,0.12202634999999998,0.1307857,0.1272305,0.15048064999999997,0.003946533,7601.608804487381
968,30,0.1097080666666667,0.1060095,0.13087899999999997,0.13378416666666668,0.12919,0.16415574999999993,0.004037938,7429.534579282793
969,30,0.10859709999999999,0.104912,0.12425684999999997,0.1323764,0.127604,0.15260199999999996,0.003994552,7510.228931805118
970,30,0.11012896666666668,0.107058,0.1276009,0.13347540000000002,0.1289725,0.15818985,0.004027986,7447.890831795344
971,30,0.10970163333333333,0.10549149999999999,0.13005554999999996,0.13326943333333335,0.1281155,0.16176524999999997,0.004022164,7458.671501211786
972,30,0.10933723333333334,0.1066275,0.12741924999999998,0.13315790000000002,0.12869950000000002,0.15621949999999996,0.004018319,7465.808463688422
973,30,0.10670439999999998,0.1044445,0.11622874999999999,0.12999716666666666,0.12697799999999998,0.1442765,0.003923115,7646.984602796503
974,30,0.11366070000000002,0.110291,0.12671739999999998,0.1396989,0.134776,0.15882789999999997,0.004216883,7114.259513484249
975,30,0.12212896666666666,0.116814,0.14791555,0.14858010000000002,0.1411425,0.1853203,0.004482718,6692.368335460763
976,30,0.10779659999999999,0.1028655,0.12768514999999997,0.13131710000000002,0.1259355,0.15681759999999997,0.003966968,7562.450718029487
977,30,0.1111793,0.1069505,0.13825894999999994,0.1355161,0.1300565,0.16762874999999997,0.004090038,7334.895177013025
978,30,0.11033416666666668,0.106065,0.12833674999999997,0.13395153333333332,0.128359,0.15913284999999996,0.00404621,7414.345770486456
979,30,0.11282716666666666,0.10577600000000001,0.13003869999999998,0.1371401333333333,0.1280495,0.16112069999999998,0.00413764,7250.509952533329
980,30,0.10939756666666667,0.1049615,0.12667784999999998,0.13353253333333331,0.12756299999999998,0.15511669999999997,0.004029802,7444.534495739493
981,30,0.1120785,0.108317,0.1359537,0.13630203333333332,0.13035449999999998,0.17050384999999998,0.004113121,7293.731451129203
982,30,0.10934766666666665,0.1060635,0.12412149999999997,0.13300896666666667,0.1290635,0.15415424999999996,0.004014037,7473.77266328138
983,30,0.10642853333333334,0.104088,0.1294183,0.12956656666666666,0.1256045,0.15721039999999997,0.003913383,7666.001513268699
984,30,0.10853993333333335,0.1043035,0.12540959999999998,0.13206716666666668,0.126448,0.15502434999999995,0.003985256,7527.747276461035
985,30,0.11104433333333336,0.1058125,0.13958184999999998,0.1357309,0.127189,0.17694164999999992,0.004095844,7324.497710362015
986,30,0.10917983333333334,0.10604,0.12482384999999997,0.13306553333333335,0.1285015,0.15572679999999997,0.004015553,7470.951074484636
987,30,0.10934153333333332,0.1055585,0.12657869999999996,0.13288183333333334,0.12761,0.15678294999999995,0.004010876,7479.66279685535
988,30,0.11016163333333333,0.106433,0.12694954999999997,0.13465853333333333,0.1292975,0.15696664999999996,0.004065751,7378.71059983752
989,30,0.10953300000000002,0.1055565,0.12441489999999997,0.13343680000000002,0.1276725,0.15399954999999996,0.004028412,7447.103225787233
990,30,0.10765326666666669,0.10462550000000001,0.12064019999999998,0.13112303333333336,0.1267685,0.14736584999999996,0.003959422,7576.863491691464
991,30,0.10891429999999999,0.10488549999999999,0.12723369999999998,0.13302813333333333,0.1277725,0.15892909999999996,0.004015814,7470.465514588075
992,30,0.10799806666666666,0.1058585,0.12197944999999999,0.13179896666666668,0.12731900000000002,0.15200485,0.003979563,7538.5161637094325
993,30,0.10972,0.1054195,0.12815139999999997,0.134278,0.1290975,0.15827349999999996,0.004057838,7393.099478096464
994,30,0.10991773333333335,0.10513700000000001,0.12717729999999997,0.1340677,0.128948,0.15555639999999996,0.00404729,7412.367287740685
995,30,0.10833273333333332,0.104032,0.12629279999999998,0.1311742,0.125551,0.15497594999999997,0.003958948,7577.77066028652
996,30,0.10872843333333333,0.10603699999999999,0.1266553,0.13202596666666666,0.1281175,0.15636469999999997,0.003983646,7530.7896334162215
997,30,0.111013,0.10850850000000001,0.12828129999999996,0.1354013,0.132627,0.15866529999999995,0.004086434,7341.3641331292765
998,30,0.11092933333333335,0.109218,0.12351309999999997,0.13517750000000003,0.1328125,0.15127909999999997,0.00407952,7353.80633015649
999,30,0.11533736666666668,0.1110545,0.14929754999999997,0.14113376666666666,0.1362255,0.17616244999999994,0.004259334,7043.35466530683
1000,30,0.10976539999999999,0.10501650000000001,0.12600419999999996,0.13332833333333333,0.126503,0.15818859999999996,0.00402457,7454.212499720467
