complete,duration_s,n,passage,throughput_ips
True,0.00729293,30,0,4113.573008379348
True,0.00725931,30,1,4132.624175024899
True,0.00726456,30,2,4129.637583005716
True,0.00725794,30,3,4133.404244179478
True,0.00727537,30,4,4123.501622597889
True,0.00725134,30,5,4137.166372008483
True,0.00725623,30,6,4134.378320422588
True,0.00725467,30,7,4135.267351926414
True,0.00725854,30,8,4133.062571811962
True,0.00729616,30,9,4111.751935264578
True,0.00727296,30,10,4124.868004223865
True,0.00727349,30,11,4124.56743599015
True,0.00726199,30,12,4131.0990513619545
True,0.0072663,30,13,4128.648693282688
True,0.00727194,30,14,4125.446579592241
True,0.00727233,30,15,4125.225340434222
True,0.00726679,30,16,4128.370298302276
True,0.00727248,30,17,4125.140254768662
True,0.0072639,30,18,4130.012803039689
True,0.00726552,30,19,4129.091930102732
True,0.00726828,30,20,4127.523980914329
True,0.00796295,30,21,3767.4479935199897
True,0.00798999,30,22,3754.698065955026
True,0.00800886,30,23,3745.8514694975315
True,0.00799827,30,24,3750.8111129031654
True,0.00798782,30,25,3755.7180807779846
True,0.00799223,30,26,3753.6457284137223
True,0.00798498,30,27,3757.053868638369
True,0.00799476,30,28,3752.4578598982334
True,0.00799183,30,29,3753.8336025666213
True,0.0079968,30,30,3751.500600240096
True,0.00799016,30,31,3754.618180361845
True,0.00798948,30,32,3754.9377431322187
True,0.00799127,30,33,3754.0966579780184
True,0.00798865,30,34,3755.3278714175735
True,0.00798239,30,35,3758.2728982172002
True,0.00800881,30,36,3745.8748553155838
True,0.00798761,30,37,3755.8168213019917
True,0.00798691,30,38,3756.14599388249
True,0.00798441,30,39,3757.3220814061397
True,0.00799037,30,40,3754.5195028515577
True,0.00799005,30,41,3754.6698706516227
True,0.0079842,30,42,3757.4209062899226
True,0.00888505,30,43,3376.458207888532
True,0.00797595,30,44,3761.3074304628285
True,0.00796403,30,45,3766.9370908949363
True,0.00797644,30,46,3761.076369909383
True,0.00797009,30,47,3764.072927658282
True,0.00796356,30,48,3767.159411117641
True,0.00799848,30,49,3750.712635400726
True,0.00802489,30,50,3738.36899945046
True,0.00798533,30,51,3756.889195562362
True,0.00797594,30,52,3761.3121462799363
True,0.00797366,30,53,3762.387661375077
True,0.00797058,30,54,3763.8415272163384
True,0.00797376,30,55,3762.3404767637853
True,0.00796076,30,56,3768.4844160607777
True,0.00797547,30,57,3761.5338030235207
True,0.00796838,30,58,3764.880690930904
True,0.00797709,30,59,3760.7699048149143
True,0.00853451,30,60,3515.140295107745
True,0.00799037,30,61,3754.5195028515577
True,0.00802029,30,62,3740.5131235902945
True,0.00798883,30,63,3755.24325839954
True,0.00799862,30,64,3750.6469866051893
True,0.00800191,30,65,3749.104901204838
True,0.00799536,30,66,3752.176262232095
True,0.00799391,30,67,3752.8568622864154
True,0.007995,30,68,3752.34521575985
True,0.00826549,30,69,3629.5488833692857
True,0.00809772,30,70,3704.746521243017
True,0.0080003,30,71,3749.85938027324
True,0.00799118,30,72,3754.1389381793424
True,0.00799467,30,73,3752.5001031937527
True,0.0080011,30,74,3749.48444588869
True,0.00803447,30,75,3733.911508786516
True,0.00799456,30,76,3752.5517351799226
True,0.00800506,30,77,3747.629624262654
True,0.00799773,30,78,3751.064364513431
True,0.00799452,30,79,3752.570510799898
True,0.007999,30,80,3750.4688086010756
True,0.00799427,30,81,3752.687862681646
True,0.00799771,30,82,3751.073744859466
True,0.00799893,30,83,3750.501629592958
True,0.00768529,30,84,3903.5612189000026
True,0.00728106,30,85,4120.279190117923
True,0.0072894,30,86,4115.56506708371
True,0.00732237,30,87,4097.034156973767
True,0.00727394,30,88,4124.312270928823
True,0.00731187,30,89,4102.917584694476
True,0.00729404,30,90,4112.947008790738
True,0.00728297,30,91,4119.198623638434
True,0.00729021,30,92,4115.107795248697
True,0.00728085,30,93,4120.398030449742
True,0.00725321,30,94,4136.099740666546
True,0.00727056,30,95,4126.229616425695
True,0.00727663,30,96,4122.787609099267
True,0.00726644,30,97,4128.56914802847
True,0.00727182,30,98,4125.514657953579
True,0.0072651,30,99,4129.330635503985
True,0.00727218,30,100,4125.310429609828
True,0.0072638,30,101,4130.069660508274
True,0.00731436,30,102,4101.520843928929
True,0.00729381,30,103,4113.076704767467
True,0.00727052,30,104,4126.252317578385
True,0.00727083,30,105,4126.0763901782875
True,0.00727392,30,106,4124.323610927808
True,0.0072594,30,107,4132.572939912389
True,0.00726917,30,108,4127.018627986414
True,0.0072771,30,109,4122.521334047904
True,0.00725492,30,110,4135.124853203068
True,0.00728575,30,111,4117.6268743780665
True,0.00727064,30,112,4126.184214869668
True,0.0073968,30,113,4055.8079169370535
True,0.00726643,30,114,4128.574829730693
True,0.00726624,30,115,4128.68278504426
True,0.0072525,30,116,4136.504653567735
True,0.00728334,30,117,4118.98936476946
True,0.00726447,30,118,4129.688745359262
True,0.00726473,30,119,4129.540946463255
True,0.00727441,30,120,4124.045798903278
True,0.00726499,30,121,4129.393158146123
True,0.00725401,30,122,4135.643595749109
True,0.00726781,30,123,4127.790902624037
True,0.0072694,30,124,4126.888051283462
True,0.00727198,30,125,4125.4238873044205
True,0.00727558,30,126,4123.3826031739045
True,0.00725597,30,127,4134.526465792996
True,0.00727778,30,128,4122.136145912627
True,0.0072777,30,129,4122.1814584278
True,0.00726203,30,130,4131.076296848127
True,0.0072922,30,131,4113.984805682784
True,0.00724757,30,132,4139.318419828991
True,0.0072661,30,133,4128.762334677474
True,0.00726267,30,134,4130.7122587147705
True,0.00726945,30,135,4126.859666137053
True,0.00726972,30,136,4126.706393093544
True,0.00726847,30,137,4127.416086191454
True,0.00726408,30,138,4129.91046354115
True,0.0072712,30,139,4125.86643195071
True,0.00727622,30,140,4123.019919683572
True,0.00728266,30,141,4119.373965007291
True,0.00727407,30,142,4124.238562455407
True,0.00725836,30,143,4133.165067591026
True,0.00727356,30,144,4124.52774157359
True,0.00727938,30,145,4121.230104761669
True,0.00729937,30,146,4109.9437348702695
True,0.00727397,30,147,4124.2952610472685
True,0.00727628,30,148,4122.985921377407
True,0.00726925,30,149,4126.973209065584
True,0.00727983,30,150,4120.975352446417
True,0.00728012,30,151,4120.811195419856
True,0.00728518,30,152,4117.949041753258
True,0.00728787,30,153,4116.429080101593
True,0.00727196,30,154,4125.435233417125
True,0.007265,30,155,4129.387474191329
True,0.00728339,30,156,4118.9610881746
True,0.0072848,30,157,4118.163848012299
True,0.00728513,30,158,4117.977304454416
True,0.00728265,30,159,4119.379621429013
True,0.0072922,30,160,4113.984805682784
True,0.00729077,30,161,4114.791716101317
True,0.0072956,30,162,4112.067547562914
True,0.00728966,30,163,4115.418277395654
True,0.00729492,30,164,4112.450856212268
True,0.00727847,30,165,4121.745366814729
True,0.00727841,30,166,4121.779344664563
True,0.00728048,30,167,4120.60743247698
True,0.00728266,30,168,4119.373965007291
True,0.00727813,30,169,4121.937915371119
True,0.00728178,30,170,4119.871789589908
True,0.0072637,30,171,4130.126519542382
True,0.00727716,30,172,4122.487343963854
True,0.00728931,30,173,4115.615881338563
True,0.00730879,30,174,4104.646596769096
True,0.0072767,30,175,4122.747948932895
True,0.00728516,30,176,4117.9603467871675
True,0.00726802,30,177,4127.671635466056
True,0.00728671,30,178,4117.084390623478
True,0.00728819,30,179,4116.248341494939
True,0.00728043,30,180,4120.635731680683
True,0.00728495,30,181,4118.079053390895
True,0.00725972,30,182,4132.390780911661
True,0.00726929,30,183,4126.950499980053
True,0.0072822,30,184,4119.634176485129
True,0.00727065,30,185,4126.178539745415
True,0.00726922,30,186,4126.9902410437435
True,0.00728404,30,187,4118.593527767557
True,0.00726023,30,188,4132.100498193583
True,0.00729702,30,189,4111.2673392700035
True,0.00727276,30,190,4124.981437583531
True,0.00727338,30,191,4124.62981447415
True,0.00728148,30,192,4120.041530018622
True,0.00726427,30,193,4129.802444017087
True,0.00727988,30,194,4120.947048577724
True,0.00728424,30,195,4118.480445454845
True,0.00728892,30,196,4115.836090943514
True,0.0072829,30,197,4119.2382155460045
True,0.00727803,30,198,4121.994550723204
True,0.00727092,30,199,4126.025317291347
True,0.00727711,30,200,4122.515668994972
True,0.00728508,30,201,4118.005567543527
True,0.00729243,30,202,4113.855052431083
True,0.0073036,30,203,4107.563393395038
True,0.00727974,30,204,4121.026300389849
True,0.0072773,30,205,4122.408035947398
True,0.007277,30,206,4122.577985433558
True,0.0072847,30,207,4118.220379699919
True,0.00729178,30,208,4114.221767524527
True,0.00727764,30,209,4122.215443467937
True,0.00727008,30,210,4126.502046745015
True,0.00728351,30,211,4118.893225930904
True,0.00729965,30,212,4109.786085634242
True,0.00729506,30,213,4112.371933884026
True,0.0072843,30,214,4118.446521971912
True,0.00728028,30,215,4120.720631624058
True,0.00727683,30,216,4122.674296362565
True,0.00730036,30,217,4109.38638642478
True,0.00728675,30,218,4117.061790235702
True,0.00728404,30,219,4118.593527767557
True,0.00728156,30,220,4119.9962645367195
True,0.00726442,30,221,4129.717169436789
True,0.0072802,30,222,4120.765913024367
True,0.00729985,30,223,4109.673486441502
True,0.00728076,30,224,4120.44896411913
True,0.00727499,30,225,4123.717008545716
True,0.00728267,30,226,4119.368308601104
True,0.00726529,30,227,4129.222646308682
True,0.0072796,30,228,4121.1055552502885
True,0.00728468,30,229,4118.231686223691
True,0.00729146,30,230,4114.402328203131
True,0.00730837,30,231,4104.882484055953
True,0.0072631,30,232,4130.467706626647
True,0.00728704,30,233,4116.897944844546
True,0.00728696,30,234,4116.943142270577
True,0.00726713,30,235,4128.17714833779
True,0.00728709,30,236,4116.869696957221
True,0.00727713,30,237,4122.504338935817
True,0.00726103,30,238,4131.6452349046895
True,0.00727119,30,239,4125.872106216451
True,0.00798898,30,240,3755.172750463764
True,0.00800206,30,241,3749.0346235844268
True,0.00800547,30,242,3747.437689479818
True,0.00800907,30,243,3745.753252250261
True,0.00800409,30,244,3748.0837921612574
True,0.00802933,30,245,3736.301783585928
True,0.00801232,30,246,3744.2338798250694
True,0.00800047,30,247,3749.779700442599
True,0.00800501,30,248,3747.653032288529
True,0.00739888,30,249,4054.667733494799
True,0.00728369,30,250,4118.791436758017
True,0.00728579,30,251,4117.604268034077
True,0.00728348,30,252,4118.910191282189
True,0.00739389,30,253,4057.4041539703726
True,0.00728033,30,254,4120.692331254215
True,0.00727666,30,255,4122.770611791674
True,0.00727826,30,256,4121.864291740058
True,0.00728281,30,257,4119.2891205455035
True,0.00727797,30,258,4122.028532681503
True,0.00728641,30,259,4117.253901441176
True,0.0072825,30,260,4119.46446961895
True,0.00727819,30,261,4121.903934906893
True,0.0072801,30,262,4120.822516174228
True,0.00728265,30,263,4119.379621429013
True,0.00726818,30,264,4127.580769876366
True,0.00727732,30,265,4122.396706479858
True,0.00728709,30,266,4116.869696957221
True,0.00732886,30,267,4093.4060686109433
True,0.00732116,30,268,4097.711291653235
True,0.00732008,30,269,4098.315865400378
True,0.00731542,30,270,4100.926536002034
True,0.00730481,30,271,4106.882999010241
True,0.00730531,30,272,4106.601910117435
True,0.00733213,30,273,4091.5804820700123
True,0.00730688,30,274,4105.719541035298
True,0.00729878,30,275,4110.275963928218
True,0.00729315,30,276,4113.44892124802
True,0.00729808,30,277,4110.670203670006
True,0.00730612,30,278,4106.146627758646
True,0.0073022,30,279,4108.350907945551
True,0.00731018,30,280,4103.866115471848
True,0.00728787,30,281,4116.429080101593
True,0.00730299,30,282,4107.906487616716
True,0.00729557,30,283,4112.084456731962
True,0.0073017,30,284,4108.632236328526
True,0.00730748,30,285,4105.382430057968
True,0.00730138,30,286,4108.812306714622
True,0.00728796,30,287,4116.378245764247
True,0.00731436,30,288,4101.520843928929
True,0.00730771,30,289,4105.253218860628
True,0.00730362,30,290,4107.552145374485
True,0.00730324,30,291,4107.765868299549
True,0.00730284,30,292,4107.990863828319
True,0.00728948,30,293,4115.519899910556
True,0.00730471,30,294,4106.939221406463
True,0.00730139,30,295,4108.806679276138
True,0.00731576,30,296,4100.735945411003
True,0.00730216,30,297,4108.373412798404
True,0.00729635,30,298,4111.644863527654
True,0.00728559,30,299,4117.717302236332
True,0.00730719,30,300,4105.5453601179115
True,0.00730708,30,301,4105.60716455821
True,0.00732444,30,302,4095.8762717695827
True,0.00729973,30,303,4109.7410452167405
True,0.00728963,30,304,4115.435214132954
True,0.00730616,30,305,4106.124147294886
True,0.00730578,30,306,4106.337721639578
True,0.00729861,30,307,4110.371700912914
True,0.00730235,30,308,4108.266516943176
True,0.00730834,30,309,4104.899334185328
True,0.00728523,30,310,4117.920779440045
True,0.00730785,30,311,4105.174572548697
True,0.00730383,30,312,4107.434044877825
True,0.00730566,30,313,4106.4051707853905
True,0.00731438,30,314,4101.509628977439
True,0.00729908,30,315,4110.107027186988
True,0.00731603,30,316,4100.584606678759
True,0.00730377,30,317,4107.4677871838785
True,0.00730561,30,318,4106.433275250116
True,0.00730199,30,319,4108.469061173734
True,0.00730619,30,320,4106.107287108603
True,0.00730116,30,321,4108.936114261295
True,0.00729721,30,322,4111.160292769428
True,0.0073057,30,323,4106.38268749059
True,0.00731145,30,324,4103.153273290524
True,0.00731182,30,325,4102.945641440845
True,0.00730668,30,326,4105.831923664373
True,0.00729711,30,327,4111.216632338008
True,0.00730752,30,328,4105.359957961115
True,0.00730587,30,329,4106.2871362342885
True,0.00731992,30,330,4098.405447054066
True,0.00731333,30,331,4102.098496854374
True,0.00729768,30,332,4110.895517479527
True,0.00729932,30,333,4109.971887792288
True,0.00731553,30,334,4100.864872401589
True,0.00730437,30,335,4107.130389068461
True,0.00730963,30,336,4104.174903517688
True,0.00731828,30,337,4099.323884847259
True,0.00731284,30,338,4102.373359734385
True,0.00730097,30,339,4109.043044965258
True,0.00730865,30,340,4104.725222852374
True,0.00731129,30,341,4103.243066545028
True,0.00730592,30,342,4106.259033769875
True,0.00730139,30,343,4108.806679276138
True,0.00733092,30,344,4092.2558150955133
True,0.00729545,30,345,4112.152094798813
True,0.00730472,30,346,4106.93359909757
True,0.00730772,30,347,4105.247601166985
True,0.00731004,30,348,4103.944711656844
True,0.00730123,30,349,4108.896720141675
True,0.00729292,30,350,4113.578648881381
True,0.00730091,30,351,4109.076813712263
True,0.00731096,30,352,4103.4282775449465
True,0.00731323,30,353,4102.154588328276
True,0.00730591,30,354,4106.264654231985
True,0.00731021,30,355,4103.849273823871
True,0.00728842,30,356,4116.118445424386
True,0.00730341,30,357,4107.670252662798
True,0.00734098,30,358,4086.6478317608817
True,0.00733261,30,359,4091.312643110707
True,0.00730943,30,360,4104.28720160122
True,0.00730734,30,361,4105.461084334382
True,0.0072939,30,362,4113.0259531937645
True,0.00733123,30,363,4092.0827746503655
True,0.00732285,30,364,4096.765603555993
True,0.00732203,30,365,4097.224403614844
True,0.00731035,30,366,4103.770681294329
True,0.00730406,30,367,4107.304704506809
True,0.00730454,30,368,4107.034803012921
True,0.00730226,30,369,4108.3171511285545
True,0.00731807,30,370,4099.441519417004
True,0.00730852,30,371,4104.798235484065
True,0.00731038,30,372,4103.753840429636
True,0.00733439,30,373,4090.3197130231692
True,0.0072966,30,374,4111.503988158868
True,0.00729707,30,375,4111.239168597807
True,0.00730319,30,376,4107.793991392802
True,0.00730941,30,377,4104.298431747569
True,0.00731701,30,378,4100.035396972261
True,0.0072909,30,379,4114.718347529111
True,0.00730509,30,380,4106.725584489719
True,0.00731164,30,381,4103.046648905033
True,0.00731528,30,382,4101.005019630144
True,0.00731516,30,383,4101.072293702393
True,0.0073136,30,384,4101.947057536644
True,0.0073028,30,385,4108.013364736813
True,0.00792073,30,386,3787.529684763904
True,0.00805827,30,387,3722.8834476879038
True,0.00802815,30,388,3736.8509556996323
True,0.00803355,30,389,3734.3391153350635
True,0.00803473,30,390,3733.790681205218
True,0.00803083,30,391,3735.6039164071462
True,0.0077146,30,392,3888.730459129443
True,0.00744355,30,393,4030.3349880097535
True,0.00730312,30,394,4107.833364370296
True,0.00730344,30,395,4107.653379777201
True,0.00731171,30,396,4103.007367633563
True,0.00730985,30,397,4104.051382723312
True,0.00728272,30,398,4119.340026803172
True,0.00729644,30,399,4111.594147282784
True,0.00731181,30,400,4102.951252836165
True,0.00732994,30,401,4092.802942452462
True,0.0073115,30,402,4103.1252137044385
True,0.00730293,30,403,4107.940237685422
True,0.00729382,30,404,4113.071065641872
True,0.00730405,30,405,4107.310327831819
True,0.0073405,30,406,4086.9150602819973
True,0.00733437,30,407,4090.3308668638206
True,0.00733868,30,408,4087.928619315735
True,0.00732369,30,409,4096.295719780603
True,0.00729135,30,410,4114.464399596783
True,0.00729794,30,411,4110.74906069384
True,0.00730393,30,412,4107.377808932999
True,0.00729871,30,413,4110.315384499453
True,0.00729855,30,414,4110.405491501737
True,0.00730657,30,415,4105.893736732831
True,0.00729731,30,416,4111.103954744967
True,0.00729579,30,417,4111.960459388222
True,0.00729951,30,418,4109.864908740449
True,0.00729659,30,419,4111.509622988272
True,0.0072914,30,420,4114.436185094769
True,0.00727615,30,421,4123.05958508277
True,0.00730651,30,422,4105.927453736463
True,0.00729693,30,423,4111.318047452833
True,0.00729942,30,424,4109.915582333939
True,0.00729905,30,425,4110.123920236196
True,0.00730907,30,426,4104.489353638698
True,0.00728727,30,427,4116.768007772458
True,0.00729973,30,428,4109.7410452167405
True,0.00731955,30,429,4098.612619628256
True,0.00730485,30,430,4106.860510482761
True,0.00730317,30,431,4107.805240737926
True,0.00729946,30,432,4109.8930605825635
True,0.0072968,30,433,4111.391294814165
True,0.00729554,30,434,4112.101366040074
True,0.00729632,30,435,4111.661769220648
True,0.0072961,30,436,4111.785748550596
True,0.00728298,30,437,4119.192967713766
True,0.00728585,30,438,4117.570358983509
True,0.00729233,30,439,4113.911465882647
True,0.00730036,30,440,4109.38638642478
True,0.00728628,30,441,4117.327360463776
True,0.00729456,30,442,4112.653813252616
True,0.00731241,30,443,4102.61459628221
True,0.00728313,30,444,4119.108130707539
True,0.00729386,30,445,4113.048509294119
True,0.00729899,30,446,4110.157706751208
True,0.00729385,30,447,4113.054148357863
True,0.00730436,30,448,4107.136011916171
True,0.00729045,30,449,4114.972326811102
True,0.00728939,30,450,4115.570713050063
True,0.00728761,30,451,4116.57594190688
True,0.00729753,30,452,4110.9800165261395
True,0.00729279,30,453,4113.651976815458
True,0.007291,30,454,4114.661911946235
True,0.00727986,30,455,4120.958370078545
True,0.00729594,30,456,4111.875920032237
True,0.00730697,30,457,4105.66897085933
True,0.00731642,30,458,4100.366026007255
True,0.00730487,30,459,4106.849266311378
True,0.00730071,30,460,4109.189380210965
True,0.00728083,30,461,4120.4093489341185
True,0.00730329,30,462,4107.737745591371
True,0.00730601,30,463,4106.208450303244
True,0.00730172,30,464,4108.620982453449
True,0.00729952,30,465,4109.8592784183065
True,0.00731101,30,466,4103.400214197492
True,0.00728564,30,467,4117.689043103968
True,0.00730539,30,468,4106.556939465244
True,0.00729823,30,469,4110.5857173588665
True,0.00730254,30,470,4108.159626650453
True,0.0072992,30,471,4110.039456378781
True,0.00730707,30,472,4105.612783235962
True,0.00730248,30,473,4108.193380878824
True,0.00730239,30,474,4108.244013261412
True,0.00729515,30,475,4112.321199701171
True,0.00730246,30,476,4108.204632411544
True,0.00730149,30,477,4108.7504057391025
True,0.00729009,30,478,4115.175532812352
True,0.00730195,30,479,4108.491567321058
True,0.00730205,30,480,4108.435302415075
True,0.00729316,30,481,4113.443281101745
True,0.00730341,30,482,4107.670252662798
True,0.0073017,30,483,4108.632236328526
True,0.00728914,30,484,4115.711867243598
True,0.00729503,30,485,4112.388845556496
True,0.00732695,30,486,4094.4731436682387
True,0.00730091,30,487,4109.076813712263
True,0.00730079,30,488,4109.144352871402
True,0.00727981,30,489,4120.986674102758
True,0.00729637,30,490,4111.633593142891
True,0.00729302,30,491,4113.522244557124
True,0.00730599,30,492,4106.219690965906
True,0.00731397,30,493,4101.739547742197
True,0.00730113,30,494,4108.95299768666
True,0.0072776,30,495,4122.238100472683
True,0.00730051,30,496,4109.301952877265
True,0.00729208,30,497,4114.0525062807865
True,0.00730722,30,498,4105.528504684408
True,0.00730374,30,499,4107.4846585448
True,0.00733746,30,500,4088.608319500209
True,0.00729027,30,501,4115.073927303104
True,0.0073111,30,502,4103.349701139364
True,0.00731001,30,503,4103.961554088161
True,0.00731282,30,504,4102.384579409858
True,0.00731035,30,505,4103.770681294329
True,0.0073034,30,506,4107.6758769888
True,0.00729436,30,507,4112.766575820223
True,0.00731311,30,508,4102.2219001218355
True,0.00730342,30,509,4107.664628352197
True,0.00730511,30,510,4106.714341057151
True,0.00731193,30,511,4102.883917105333
True,0.00730026,30,512,4109.442677384093
True,0.00730551,30,513,4106.489485333673
True,0.00730573,30,514,4106.365825181057
True,0.00732935,30,515,4093.132406011447
True,0.00730771,30,516,4105.253218860628
True,0.00730613,30,517,4106.141007619629
True,0.00729002,30,518,4115.215047420995
True,0.00730017,30,519,4109.493340566041
True,0.0073004,30,520,4109.363870472851
True,0.00731043,30,521,4103.72577262897
True,0.00730158,30,522,4108.699760873674
True,0.00729994,30,523,4109.622818817688
True,0.00728744,30,524,4116.671972599432
True,0.00730172,30,525,4108.620982453449
True,0.00730186,30,526,4108.542207054093
True,0.00730467,30,527,4106.96171079597
True,0.00730348,30,528,4107.630882812029
True,0.00762324,30,529,3935.334582146174
True,0.0080259,30,530,3737.8985534332596
True,0.00802624,30,531,3737.740212104298
True,0.00816318,30,532,3675.038404151323
True,0.00803789,30,533,3732.3227862038416
True,0.00803154,30,534,3735.27368350279
True,0.00802868,30,535,3736.6042736788613
True,0.00803519,30,536,3733.5769284858234
True,0.00802897,30,537,3736.4693105093183
True,0.00803993,30,538,3731.3757706845704
True,0.00802557,30,539,3738.052250494358
True,0.00803214,30,540,3734.9946589576375
True,0.0080211,30,541,3740.135392901223
True,0.00804845,30,542,3727.425777634203
True,0.00803751,30,543,3732.4992441689033
True,0.00803798,30,544,3732.2809959716246
True,0.0080322,30,545,3734.966758795847
True,0.0080362,30,546,3733.107687713098
True,0.00802894,30,547,3736.483271764392
True,0.00802726,30,548,3737.265268597255
True,0.00758847,30,549,3953.366093560362
True,0.00728671,30,550,4117.084390623478
True,0.00730555,30,551,4106.46700111559
True,0.00729711,30,552,4111.216632338008
True,0.00729825,30,553,4110.574452779776
True,0.00729803,30,554,4110.698366545493
True,0.00732112,30,555,4097.733680092663
True,0.00730151,30,556,4108.739151216666
True,0.00730481,30,557,4106.882999010241
True,0.00730873,30,558,4104.680293293089
True,0.00734331,30,559,4085.351156358645
True,0.00732985,30,560,4092.853196177275
True,0.0073251,30,561,4095.507228570258
True,0.00727739,30,562,4122.357053833861
True,0.00728104,30,563,4120.290507949414
True,0.00729553,30,564,4112.107002507015
True,0.00728896,30,565,4115.813504258495
True,0.0072855,30,566,4117.7681696520485
True,0.00728605,30,567,4117.457332848388
True,0.00727136,30,568,4125.775645821414
True,0.00729355,30,569,4113.223327460564
True,0.00730672,30,570,4105.809446646374
True,0.00727997,30,571,4120.89610259383
True,0.00728665,30,572,4117.118291670383
True,0.0072686,30,573,4127.342266736373
True,0.00727744,30,574,4122.328730982324
True,0.0072805,30,575,4120.5961129043335
True,0.00728842,30,576,4116.118445424386
True,0.00728203,30,577,4119.7303499161635
True,0.00728633,30,578,4117.299106683337
True,0.00726763,30,579,4127.893137102466
True,0.00729393,30,580,4113.009036280853
True,0.00729183,30,581,4114.193556350052
True,0.00728267,30,582,4119.368308601104
True,0.00730132,30,583,4108.8460716692325
True,0.00731258,30,584,4102.519220302547
True,0.00727491,30,585,4123.762355822959
True,0.00729001,30,586,4115.220692427033
True,0.00728516,30,587,4117.9603467871675
True,0.00728716,30,588,4116.830150566201
True,0.00729557,30,589,4112.084456731962
True,0.00726854,30,590,4127.376336925985
True,0.00728092,30,591,4120.358416244101
True,0.00729719,30,592,4111.171560559613
True,0.00728693,30,593,4116.960091561193
True,0.0072954,30,594,4112.180277983387
True,0.00728321,30,595,4119.062885733077
True,0.00728036,30,596,4120.675351218896
True,0.00729354,30,597,4113.228967003677
True,0.0073163,30,598,4100.433279116493
True,0.00729231,30,599,4113.922748758624
True,0.00729503,30,600,4112.388845556496
True,0.00727139,30,601,4125.758623866964
True,0.00729144,30,602,4114.413613771765
True,0.00730067,30,603,4109.211894250801
True,0.00729643,30,604,4111.599782359319
True,0.00728595,30,605,4117.5138451403045
True,0.00728743,30,606,4116.677621603227
True,0.00727568,30,607,4123.325929672553
True,0.00729702,30,608,4111.2673392700035
True,0.00729243,30,609,4113.855052431083
True,0.00729166,30,610,4114.289475921806
True,0.00730523,30,611,4106.646881754578
True,0.00731781,30,612,4099.587171571823
True,0.0072848,30,613,4118.163848012299
True,0.00729184,30,614,4114.187914161584
True,0.00729182,30,615,4114.199198553996
True,0.00729388,30,616,4113.037231213017
True,0.00729263,30,617,4113.742230169363
True,0.00728015,30,618,4120.794214404923
True,0.00728843,30,619,4116.112797955115
True,0.0072947,30,620,4112.57488313433
True,0.00730103,30,621,4109.009276773278
True,0.00730223,30,622,4108.334029467711
True,0.0072987,30,623,4110.321016071355
True,0.00728356,30,624,4118.864950655998
True,0.00730483,30,625,4106.871754715716
True,0.00729897,30,626,4110.168969046317
True,0.00732773,30,627,4094.037307597305
True,0.00730218,30,628,4108.362160341158
True,0.00728317,30,629,4119.085508096063
True,0.00728298,30,630,4119.192967713766
True,0.00729739,30,631,4111.058885437122
True,0.00729431,30,632,4112.7947674283105
True,0.00728805,30,633,4116.327412682404
True,0.00729136,30,634,4114.458756665423
True,0.00727691,30,635,4122.628973011896
True,0.00728914,30,636,4115.711867243598
True,0.0072922,30,637,4113.984805682784
True,0.00729521,30,638,4112.287377608047
True,0.00729067,30,639,4114.848155244991
True,0.0072879,30,640,4116.412135182974
True,0.00730151,30,641,4108.739151216666
True,0.00729697,30,642,4111.295510328259
True,0.0072968,30,643,4111.391294814165
True,0.00729016,30,644,4115.136018962547
True,0.00728994,30,645,4115.260207902946
True,0.00729491,30,646,4112.4564936373445
True,0.00729347,30,647,4113.268444238476
True,0.00730018,30,648,4109.487711261914
True,0.00729444,30,649,4112.721470051162
True,0.00733099,30,650,4092.2167401674265
True,0.00733843,30,651,4088.0678837298988
True,0.00733181,30,652,4091.75906085946
True,0.00733355,30,653,4090.7882267114833
True,0.00730081,30,654,4109.133096190697
True,0.00732467,30,655,4095.7476582562763
True,0.00730451,30,656,4107.051670817071
True,0.00731185,30,657,4102.928807346978
True,0.0072944,30,658,4112.74402281202
True,0.00731599,30,659,4100.607026526827
True,0.00731135,30,660,4103.209393614038
True,0.00731225,30,661,4102.704365961229
True,0.00731336,30,662,4102.081669711323
True,0.00731294,30,663,4102.317262277552
True,0.00729897,30,664,4110.168969046317
True,0.00730864,30,665,4104.730839116443
True,0.00731427,30,666,4101.571311969616
True,0.00731202,30,667,4102.833416757613
True,0.00732035,30,668,4098.164705239504
True,0.00733122,30,669,4092.0883563717907
True,0.00728946,30,670,4115.531191610901
True,0.00751783,30,671,3990.5132199052123
True,0.00729597,30,672,4111.859012578177
True,0.00731433,30,673,4101.53766647116
True,0.00730199,30,674,4108.469061173734
True,0.00730825,30,675,4104.949885403483
True,0.00728446,30,676,4118.356062082845
True,0.00731255,30,677,4102.536051035549
True,0.00729787,30,678,4110.788490340332
True,0.00730184,30,679,4108.553460497627
True,0.00729567,30,680,4112.028093375934
True,0.00729069,30,681,4114.836867292396
True,0.00728293,30,682,4119.2212474924245
True,0.00729736,30,683,4111.075786311762
True,0.00732512,30,684,4095.4960464811497
True,0.0073095,30,685,4104.247896572953
True,0.00761332,30,686,3940.4622424907925
True,0.00731202,30,687,4102.833416757613
True,0.00728634,30,688,4117.293455973781
True,0.00729964,30,689,4109.791715755846
True,0.00731136,30,690,4103.203781512605
True,0.00735276,30,691,4080.10053367715
True,0.00730814,30,692,4105.011671916521
True,0.00730052,30,693,4109.296324097461
True,0.00728999,30,694,4115.231982485573
True,0.00730224,30,695,4108.328403339249
True,0.00730379,30,696,4107.456539686929
True,0.00730156,30,697,4108.711015180317
True,0.00733697,30,698,4088.8813774623586
True,0.00729172,30,699,4114.255621444598
True,0.0073041,30,700,4107.282211360743
True,0.00730334,30,701,4107.709623268258
True,0.00731391,30,702,4101.77319655287
True,0.00730209,30,703,4108.412796884179
True,0.00730135,30,704,4108.82918912256
True,0.0072856,30,705,4117.711650378829
True,0.00728817,30,706,4116.259637192876
True,0.00730254,30,707,4108.159626650453
True,0.00729718,30,708,4111.177194477867
True,0.00730102,30,709,4109.014904766731
True,0.0073073,30,710,4105.483557538352
True,0.0072937,30,711,4113.138736169571
True,0.00733073,30,712,4092.36187937627
True,0.00731537,30,713,4100.954565524368
True,0.00731227,30,714,4102.693144536512
True,0.00731136,30,715,4103.203781512605
True,0.00730601,30,716,4106.208450303244
True,0.00729305,30,717,4113.505323561473
True,0.00730292,30,718,4107.94586275079
True,0.0073105,30,719,4103.686478353054
True,0.00730829,30,720,4104.927418041703
True,0.00730523,30,721,4106.646881754578
True,0.00728527,30,722,4117.89816986879
True,0.00731036,30,723,4103.765067657407
True,0.0073089,30,724,4104.584821245331
True,0.00731325,30,725,4102.143369910778
True,0.0073282,30,726,4093.7747332223466
True,0.00731676,30,727,4100.175487510865
True,0.00728694,30,728,4116.954441782147
True,0.00731888,30,729,4098.987823273506
True,0.00730819,30,730,4104.983586907291
True,0.0073065,30,731,4105.933073290906
True,0.00730407,30,732,4107.299081197196
True,0.00731291,30,733,4102.33409135351
True,0.00728854,30,734,4116.050676815933
True,0.00730416,30,735,4107.248472103569
True,0.00730721,30,736,4105.534123146865
True,0.00731232,30,737,4102.6650912432715
True,0.00731148,30,738,4103.136437492819
True,0.0073146,30,739,4101.386268558773
True,0.00730046,30,740,4109.330097007586
True,0.0073347,30,741,4090.1468362714218
True,0.00731285,30,742,4102.367749919662
True,0.00731145,30,743,4103.153273290524
True,0.00730154,30,744,4108.722269548616
True,0.00731382,30,745,4101.8236708040395
True,0.00730054,30,746,4109.285066584115
True,0.00731387,30,747,4101.7956294000305
True,0.00731163,30,748,4103.052260576643
True,0.00731986,30,749,4098.439041183848
True,0.00731536,30,750,4100.960171474815
True,0.00730438,30,751,4107.124766236148
True,0.00731167,30,752,4103.029813982305
True,0.00731474,30,753,4101.307770337701
True,0.00730484,30,754,4106.866132591542
True,0.0073281,30,755,4093.8305972898843
True,0.00731127,30,756,4103.254290978175
True,0.00729705,30,757,4111.250436820359
True,0.00730784,30,758,4105.180190042474
True,0.00730776,30,759,4105.22513054616
True,0.007312,30,760,4102.844638949672
True,0.0073144,30,761,4101.498414087279
True,0.00730826,30,762,4104.944268539981
True,0.00730469,30,763,4106.950466070429
True,0.00731257,30,764,4102.524830531537
True,0.00730706,30,765,4105.618401929093
True,0.00730688,30,766,4105.719541035298
True,0.00730278,30,767,4108.024615283494
True,0.00730036,30,768,4109.38638642478
True,0.00730962,30,769,4104.180518275915
True,0.0073064,30,770,4105.989269681375
True,0.00730986,30,771,4104.045768318409
True,0.00730768,30,772,4105.270072033805
True,0.00730929,30,773,4104.365813916263
True,0.00730601,30,774,4106.208450303244
True,0.00729032,30,775,4115.045704440957
True,0.00753641,30,776,3980.675149043112
True,0.00729426,30,777,4112.822959422889
True,0.0072886,30,778,4116.016793348517
True,0.00728267,30,779,4119.368308601104
True,0.00728151,30,780,4120.02455534635
True,0.00727519,30,781,4123.6036447158085
True,0.00729311,30,782,4113.471481987794
True,0.00730291,30,783,4107.951487831563
True,0.00728919,30,784,4115.6836356302965
True,0.00728504,30,785,4118.028178294148
True,0.00727432,30,786,4124.096822795807
True,0.00728923,30,787,4115.661050618515
True,0.00728875,30,788,4115.932087120563
True,0.00730053,30,789,4109.2906953330785
True,0.00729072,30,790,4114.819935479623
True,0.00730766,30,791,4105.281307559465
True,0.00728547,30,792,4117.785125736569
True,0.00728674,30,793,4117.0674403093835
True,0.0072959,30,794,4111.898463520607
True,0.0072963,30,795,4111.6730397598785
True,0.00728845,30,796,4116.101503063065
True,0.00728119,30,797,4120.205625728761
True,0.00731447,30,798,4101.459162454696
True,0.00729151,30,799,4114.374114552404
True,0.00732475,30,800,4095.7029250145056
True,0.00733468,30,801,4090.157989169262
True,0.00733932,30,802,4087.5721456483707
True,0.00734226,30,803,4085.935393189563
True,0.00735325,30,804,4079.8286471968177
True,0.00732489,30,805,4095.624644192609
True,0.00731226,30,806,4102.698755241197
True,0.00732247,30,807,4096.978205441606
True,0.00731635,30,808,4100.4052567195395
True,0.0073066,30,809,4105.876878438672
True,0.00731421,30,810,4101.604958020073
True,0.00746251,30,811,4020.0951154504314
True,0.00733347,30,812,4090.8328526604732
True,0.00731718,30,813,4099.940140873943
True,0.00731232,30,814,4102.6650912432715
True,0.00729963,30,815,4109.797345892875
True,0.00730562,30,816,4106.427654326396
True,0.00731802,30,817,4099.469528642994
True,0.00731499,30,818,4101.167602416408
True,0.00731487,30,819,4101.234881822917
True,0.00731262,30,820,4102.496779540028
True,0.00731812,30,821,4099.413510573754
True,0.00731175,30,822,4102.984921530414
True,0.00745585,30,823,4023.6860988351427
True,0.00804285,30,824,3730.0210746190714
True,0.00803496,30,825,3733.683801786194
True,0.00805449,30,826,3724.6306097592774
True,0.0080385,30,827,3732.0395596193316
True,0.0080418,30,828,3730.5080952025664
True,0.00804474,30,829,3729.144757941214
True,0.0080342,30,830,3734.0369918597994
True,0.00802888,30,831,3736.5111945875387
True,0.00803718,30,832,3732.6524975177863
True,0.00803001,30,833,3735.985384825174
True,0.0080254,30,834,3738.1314327011737
True,0.00801948,30,835,3740.8909305840275
True,0.00802298,30,836,3739.258978584017
True,0.00802682,30,837,3737.470131384533
True,0.00802212,30,838,3739.659840540904
True,0.00804058,30,839,3731.074126493362
True,0.00801728,30,840,3741.9174582900932
True,0.00801926,30,841,3740.993558009093
True,0.00801052,30,842,3745.0752260777076
True,0.00777521,30,843,3858.416685851572
True,0.0072975,30,844,4110.996916752312
True,0.0073035,30,845,4107.619634421852
True,0.00730158,30,846,4108.699760873674
True,0.0073077,30,847,4105.258836569646
True,0.00729116,30,848,4114.571618233587
True,0.00731037,30,849,4103.759454035842
True,0.0073096,30,850,4104.1917478384585
True,0.00731382,30,851,4101.8236708040395
True,0.00733721,30,852,4088.7476302300192
True,0.00730145,30,853,4108.772914968945
True,0.00730818,30,854,4104.989203878394
True,0.0073215,30,855,4097.520999795124
True,0.00730235,30,856,4108.266516943176
True,0.00731699,30,857,4100.046603863064
True,0.00731767,30,858,4099.665603942239
True,0.00730176,30,859,4108.5984748882465
True,0.00731724,30,860,4099.906522131296
True,0.00733799,30,861,4088.313012146378
True,0.00731206,30,862,4102.810972557665
True,0.00731428,30,863,4101.565704348206
True,0.00731272,30,864,4102.440678707786
True,0.00731074,30,865,4103.551760834061
True,0.00731997,30,866,4098.377452366608
True,0.00734326,30,867,4085.3789733715
True,0.00731756,30,868,4099.727231481532
True,0.00732132,30,869,4097.621740341906
True,0.00731279,30,870,4102.401409038138
True,0.0073331,30,871,4091.0392603401015
True,0.0073153,30,872,4100.993807499351
True,0.00731373,30,873,4101.874146297443
True,0.00730677,30,874,4105.781350719949
True,0.0073137,30,875,4101.890971737971
True,0.00731597,30,876,4100.618236542796
True,0.00730167,30,877,4108.649117256738
True,0.00731144,30,878,4103.158885253794
True,0.00731433,30,879,4101.53766647116
True,0.00731493,30,880,4101.201241843736
True,0.00734461,30,881,4084.6280469623302
True,0.00730367,30,882,4107.524025592613
True,0.00729754,30,883,4110.974383148294
True,0.00730581,30,884,4106.320859699335
True,0.00730784,30,885,4105.180190042474
True,0.00730445,30,886,4107.085406841035
True,0.0073063,30,887,4106.045467610144
True,0.00727715,30,888,4122.493008938939
True,0.00730215,30,889,4108.379039050143
True,0.00731081,30,890,4103.512469890477
True,0.00730345,30,891,4107.647755512806
True,0.00730283,30,892,4107.9964890323345
True,0.00731444,30,893,4101.475984490952
True,0.00729466,30,894,4112.597434287548
True,0.00733608,30,895,4089.3774331795726
True,0.00730629,30,896,4106.051087487631
True,0.00731133,30,897,4103.22061786296
True,0.00730756,30,898,4105.337486110275
True,0.00730715,30,899,4105.567834244542
True,0.00729108,30,900,4114.616764594545
True,0.00731459,30,901,4101.391875689546
True,0.00731001,30,902,4103.961554088161
True,0.0073232,30,903,4096.569805549487
True,0.00730914,30,904,4104.450044738505
True,0.00731581,30,905,4100.707918877062
True,0.00730448,30,906,4107.068538759775
True,0.00732652,30,907,4094.713451952632
True,0.0073109,30,908,4103.461954068583
True,0.00734184,30,909,4086.1691347128244
True,0.00730551,30,910,4106.489485333673
True,0.00731735,30,911,4099.844889201691
True,0.00730019,30,912,4109.4820819732095
True,0.0073165,30,913,4100.321191826693
True,0.00730107,30,914,4108.98676495363
True,0.00731148,30,915,4103.136437492819
True,0.00731706,30,916,4100.007380013284
True,0.00730694,30,917,4105.6858274462365
True,0.00731939,30,918,4098.70221425556
True,0.00748751,30,919,4006.672445178704
True,0.00747464,30,920,4013.5712221591943
True,0.00740059,30,921,4053.7308511888914
True,0.00750266,30,922,3998.5818363087224
True,0.00754002,30,923,3978.7692870841192
True,0.00739847,30,924,4054.892430461974
True,0.00746908,30,925,4016.55893363038
True,0.00750116,30,926,3999.381429005647
True,0.00751513,30,927,3991.9469124286607
True,0.00741811,30,928,4044.1568000474513
True,0.00733341,30,929,4090.866322761171
True,0.00731376,30,930,4101.857320994946
True,0.0073045,30,931,4107.057293449244
True,0.00731309,30,932,4102.233118968862
True,0.00732101,30,933,4097.7952495625605
True,0.00731283,30,934,4102.37896956445
True,0.00731841,30,935,4099.25106683009
True,0.00731672,30,936,4100.197902885446
True,0.0073059,30,937,4106.270274709482
True,0.00734272,30,938,4085.679421249891
True,0.00734951,30,939,4081.904780046561
True,0.00734339,30,940,4085.306649925988
True,0.00733203,30,941,4091.6362862672413
True,0.00731107,30,942,4103.3665386872235
True,0.00727557,30,943,4123.388270609726
True,0.00728804,30,944,4116.333060740611
True,0.00728493,30,945,4118.0903591386605
True,0.0072865,30,946,4117.203046730255
True,0.00728469,30,947,4118.226032954045
True,0.00729632,30,948,4111.661769220648
True,0.0074168,30,949,4044.871103440837
True,0.00729268,30,950,4113.714025570846
True,0.00728218,30,951,4119.645490773367
True,0.00731416,30,952,4101.632996817133
True,0.00728929,30,953,4115.627173565601
True,0.00729249,30,954,4113.821205102784
True,0.00727288,30,955,4124.913376819087
True,0.00728905,30,956,4115.7626851235755
True,0.00728186,30,957,4119.8265278376675
True,0.0072812,30,958,4120.1999670384
True,0.00727827,30,959,4121.85862849276
True,0.00726923,30,960,4126.984563702071
True,0.00728891,30,961,4115.8417376535035
True,0.00728456,30,962,4118.299526670108
True,0.00729524,30,963,4112.270466770114
True,0.00728617,30,964,4117.389520145701
True,0.00728291,30,965,4119.232559512612
True,0.00730156,30,966,4108.711015180317
True,0.00728277,30,967,4119.311745393579
True,0.00728829,30,968,4116.191863935162
True,0.0072832,30,969,4119.068541300528
True,0.0072922,30,970,4113.984805682784
True,0.00728306,30,971,4119.147720875566
True,0.00729197,30,972,4114.114567119722
True,0.00731032,30,973,4103.787522297245
True,0.00729186,30,974,4114.176629831072
True,0.00729212,30,975,4114.029939167211
True,0.00727645,30,976,4122.889595888105
True,0.00727744,30,977,4122.328730982324
True,0.00729393,30,978,4113.009036280853
True,0.00728945,30,979,4115.536837484309
True,0.007765,30,980,3863.49001931745
True,0.00801847,30,981,3741.3621301819426
True,0.00802662,30,982,3737.563258258146
True,0.00802171,30,983,3739.850979404641
True,0.00801987,30,984,3740.709013986511
True,0.00801966,30,985,3740.8069668788953
True,0.00801455,30,986,3743.1920694237356
True,0.00801811,30,987,3741.530111210747
True,0.00801809,30,988,3741.5394439324077
True,0.00801368,30,989,3743.5984466562177
True,0.00801702,30,990,3742.038812426563
True,0.00801934,30,991,3740.9562382939243
True,0.00801261,30,992,3744.098364952244
True,0.00803623,30,993,3733.0937516721146
True,0.00800019,30,994,3749.910939615184
True,0.00800841,30,995,3746.061952372568
True,0.0080045,30,996,3747.8918108563935
True,0.0080047,30,997,3747.7981685759614
True,0.00801165,30,998,3744.5470034262603
True,0.00802217,30,999,3739.6365322599745
True,0.00801146,30,1000,3744.6358092033165
True,0.00800806,30,1001,3746.2256776297886
True,0.00800899,30,1002,3745.79066773713
True,0.00801994,30,1003,3740.6763641623256
True,0.00801309,30,1004,3743.8740860267385
True,0.00801009,30,1005,3745.2762703040794
True,0.00748852,30,1006,4006.132052795479
True,0.00729208,30,1007,4114.0525062807865
True,0.00728329,30,1008,4119.017641752559
True,0.00727256,30,1009,4125.094877182175
True,0.00729199,30,1010,4114.103283191557
True,0.00729433,30,1011,4112.783490738697
True,0.00728738,30,1012,4116.705866854754
True,0.00728727,30,1013,4116.768007772458
True,0.00729222,30,1014,4113.973522466409
True,0.00727518,30,1015,4123.609312759272
True,0.00728939,30,1016,4115.570713050063
True,0.00729115,30,1017,4114.577261474527
True,0.00728763,30,1018,4116.5646444728945
True,0.00729582,30,1019,4111.943551238929
True,0.00726755,30,1020,4127.938576273985
True,0.00730458,30,1021,4107.012312822914
True,0.00729258,30,1022,4113.770435154636
True,0.00729558,30,1023,4112.078820326828
True,0.00728197,30,1024,4119.764294552161
True,0.00728885,30,1025,4115.875618238817
True,0.00727084,30,1026,4126.070715350634
True,0.00728988,30,1027,4115.294078914879
True,0.00729699,30,1028,4111.28424185863
True,0.00728141,30,1029,4120.081138131213
True,0.00729068,30,1030,4114.842511260952
True,0.00729434,30,1031,4112.77785241708
True,0.00726967,30,1032,4126.734776131517
True,0.00729487,30,1033,4112.479043492208
True,0.00729618,30,1034,4111.740664292822
True,0.00731537,30,1035,4100.954565524368
True,0.00730571,30,1036,4106.377066705358
True,0.00728789,30,1037,4116.41778347368
True,0.00729843,30,1038,4110.473074346127
True,0.00729783,30,1039,4110.811021906512
True,0.00728575,30,1040,4117.6268743780665
True,0.00729898,30,1041,4110.163337891047
True,0.00729371,30,1042,4113.133096873882
True,0.00727338,30,1043,4124.62981447415
True,0.00730053,30,1044,4109.2906953330785
True,0.00729403,30,1045,4112.952647576169
True,0.00728624,30,1046,4117.34996376732
True,0.00728961,30,1047,4115.4465053686
True,0.00728534,30,1048,4117.858603716504
True,0.00729697,30,1049,4111.295510328259
True,0.00728248,30,1050,4119.475782975031
True,0.00729043,30,1051,4114.983615506904
True,0.00728654,30,1052,4117.1804450397585
True,0.00730565,30,1053,4106.4107916475605
True,0.00727983,30,1054,4120.975352446417
True,0.00729165,30,1055,4114.295118388842
True,0.00728916,30,1056,4115.7005745518
True,0.00729124,30,1057,4114.5264728633265
True,0.00728763,30,1058,4116.5646444728945
True,0.00728801,30,1059,4116.350005008226
True,0.00727421,30,1060,4124.159187045741
True,0.00729288,30,1061,4113.601211044197
True,0.00730058,30,1062,4109.262551742464
True,0.00735193,30,1063,4080.5611587705544
True,0.0072901,30,1064,4115.169887930207
True,0.00728845,30,1065,4116.101503063065
True,0.00728116,30,1066,4120.222601893105
True,0.00729465,30,1067,4112.603072114495
True,0.00730327,30,1068,4107.748994628434
True,0.00730336,30,1069,4107.69837444683
True,0.00729774,30,1070,4110.861718833502
True,0.00728284,30,1071,4119.272152072544
True,0.00729523,30,1072,4112.276103700638
True,0.00730081,30,1073,4109.133096190697
True,0.00729199,30,1074,4114.103283191557
True,0.00728993,30,1075,4115.265853032883
True,0.00729304,30,1076,4113.5109638778895
True,0.00727785,30,1077,4122.096498279025
True,0.00731414,30,1078,4101.644212443294
True,0.00729867,30,1079,4110.3379108796535
True,0.00729084,30,1080,4114.752209621936
True,0.00728705,30,1081,4116.89229523607
True,0.00729053,30,1082,4114.927172647256
True,0.00728435,30,1083,4118.418252829696
True,0.00728899,30,1084,4115.796564407414
True,0.00729279,30,1085,4113.651976815458
True,0.00728604,30,1086,4117.462984007774
True,0.00745215,30,1087,4025.683863046235
True,0.007281,30,1088,4120.313143798929
True,0.0072898,30,1089,4115.339241131444
True,0.00729387,30,1090,4113.042870245837
True,0.0072923,30,1091,4113.928390219821
True,0.00732701,30,1092,4094.4396145221585
True,0.00733795,30,1093,4088.335298005574
True,0.00731303,30,1094,4102.2667758781245
True,0.00734817,30,1095,4082.6491493800495
True,0.00729328,30,1096,4113.375600552838
True,0.00729738,30,1097,4111.064519046562
True,0.0072915,30,1098,4114.379757251594
True,0.00727834,30,1099,4121.818986197402
True,0.00727666,30,1100,4122.770611791674
True,0.00730122,30,1101,4108.902347826802
True,0.0072873,30,1102,4116.751060063398
True,0.00727926,30,1103,4121.298044031948
True,0.00729644,30,1104,4111.594147282784
True,0.00728748,30,1105,4116.649376739285
True,0.0073078,30,1106,4105.202660171324
True,0.00729001,30,1107,4115.220692427033
True,0.00729504,30,1108,4112.383208316884
True,0.00727921,30,1109,4121.326352722342
True,0.00729649,30,1110,4111.565972131806
True,0.00727176,30,1111,4125.548697976831
True,0.00728593,30,1112,4117.52514778484
True,0.00728197,30,1113,4119.764294552161
True,0.00728818,30,1114,4116.253989336158
True,0.00728706,30,1115,4116.886645643099
True,0.00729193,30,1116,4114.137135161747
True,0.00728036,30,1117,4120.675351218896
True,0.00728325,30,1118,4119.040263618577
True,0.00728493,30,1119,4118.0903591386605
True,0.00731068,30,1120,4103.585439384572
True,0.00728637,30,1121,4117.276503938175
True,0.0072752,30,1122,4123.597976687926
True,0.00728195,30,1123,4119.775609555133
True,0.00728247,30,1124,4119.481439676373
True,0.00728614,30,1125,4117.406473111963
True,0.00728648,30,1126,4117.214347668559
True,0.00728692,30,1127,4116.965741355744
True,0.00726613,30,1128,4128.74528806944
True,0.00728116,30,1129,4120.222601893105
True,0.00728563,30,1130,4117.694694899411
True,0.00728019,30,1131,4120.771573269379
True,0.00728196,30,1132,4119.769952045878
True,0.00728824,30,1133,4116.220102521323
True,0.00727256,30,1134,4125.094877182175
True,0.00729957,30,1135,4109.8311270389895
True,0.00728473,30,1136,4118.203420030667
True,0.00728126,30,1137,4120.1660152226395
True,0.0072868,30,1138,4117.0335400999065
True,0.0072691,30,1139,4127.058370362219
True,0.00728267,30,1140,4119.368308601104
True,0.00727628,30,1141,4122.985921377407
True,0.00728415,30,1142,4118.531331727107
True,0.00765714,30,1143,3917.911909668623
True,0.00801207,30,1144,3744.350710864983
True,0.00801251,30,1145,3744.145093110648
True,0.00801667,30,1146,3742.2021861945173
True,0.00801698,30,1147,3742.057482992349
True,0.00803742,30,1148,3732.541039288727
True,0.00800625,30,1149,3747.072599531616
True,0.00802587,30,1150,3737.9125253710818
True,0.00800537,30,1151,3747.484501028685
True,0.00801757,30,1152,3741.7821110386312
True,0.00800695,30,1153,3746.7450152679858
True,0.00800888,30,1154,3745.8421152520705
True,0.00801202,30,1155,3744.3740779478835
True,0.00800313,30,1156,3748.5333863126048
True,0.00800481,30,1157,3747.746667316276
True,0.00800738,30,1158,3746.5438133322014
True,0.00801364,30,1159,3743.617132788595
True,0.00801074,30,1160,3744.9723745871165
True,0.00803136,30,1161,3735.3573989959364
True,0.00800079,30,1162,3749.629724064748
True,0.00801515,30,1163,3742.9118606638676
True,0.00800884,30,1164,3745.8608237897124
True,0.00801662,30,1165,3742.225526468761
True,0.00801508,30,1166,3742.9445495241466
True,0.00791597,30,1167,3789.8071872430037
True,0.00730313,30,1168,4107.827739613015
True,0.00729488,30,1169,4112.473406005308
True,0.00728835,30,1170,4116.157978143201
True,0.00730581,30,1171,4106.320859699335
True,0.00730147,30,1172,4108.761660323195
True,0.00729053,30,1173,4114.927172647256
True,0.00729134,30,1174,4114.47004254362
True,0.00730977,30,1175,4104.096298515548
True,0.00730704,30,1176,4105.629639361493
True,0.00728896,30,1177,4115.813504258495
True,0.00729,30,1178,4115.22633744856
True,0.00728569,30,1179,4117.6607843594775
True,0.00729729,30,1180,4111.115222226334
True,0.00727257,30,1181,4125.08920505406
True,0.00728991,30,1182,4115.277143339218
True,0.00728187,30,1183,4119.820870188564
True,0.00728079,30,1184,4120.431986089422
True,0.00727983,30,1185,4120.975352446417
True,0.00727616,30,1186,4123.053918550444
True,0.00729262,30,1187,4113.747871135477
True,0.0072862,30,1188,4117.372567319042
True,0.00730488,30,1189,4106.843644248776
True,0.0072787,30,1190,4121.61512357976
True,0.00728506,30,1191,4118.016872887801
True,0.00726278,30,1192,4130.649696121871
True,0.00728102,30,1193,4120.301825843082
True,0.00728156,30,1194,4119.9962645367195
True,0.00729416,30,1195,4112.879344571547
True,0.00728393,30,1196,4118.655725686545
True,0.00727672,30,1197,4122.736617596939
True,0.00726552,30,1198,4129.091930102732
True,0.00728219,30,1199,4119.639833621479
True,0.00727886,30,1200,4121.524524444762
True,0.00729398,30,1201,4112.980841735239
True,0.00728577,30,1202,4117.615571175044
True,0.00726454,30,1203,4129.648952308061
True,0.00732065,30,1204,4097.9967625825575
True,0.00728204,30,1205,4119.724692531214
True,0.00728982,30,1206,4115.327950484374
True,0.00728746,30,1207,4116.660674638351
True,0.00729039,30,1208,4115.00619308432
True,0.0072714,30,1209,4125.752949913359
True,0.00728562,30,1210,4117.70034671037
True,0.00728848,30,1211,4116.084560841218
True,0.00728064,30,1212,4120.516877637131
True,0.0072787,30,1213,4121.61512357976
True,0.00726708,30,1214,4128.205551610826
True,0.00727495,30,1215,4123.7396820596705
True,0.00727846,30,1216,4121.751029750799
True,0.00727959,30,1217,4121.111216428398
True,0.0073001,30,1218,4109.532746126765
True,0.00728128,30,1219,4120.154698075064
True,0.00725859,30,1220,4133.034101664373
True,0.00728642,30,1221,4117.248250855701
True,0.00728823,30,1222,4116.225750285049
True,0.00728039,30,1223,4120.658371323514
True,0.00727808,30,1224,4121.96623285262
True,0.00742977,30,1225,4037.810053339471
True,0.007271,30,1226,4125.979920231055
True,0.00728723,30,1227,4116.790604934934
True,0.00728646,30,1228,4117.225648668901
True,0.00729578,30,1229,4111.966095468888
True,0.00729155,30,1230,4114.351543910417
True,0.00727055,30,1231,4126.23529169045
True,0.00730917,30,1232,4104.433198297481
True,0.00727755,30,1233,4122.266422078859
True,0.00728267,30,1234,4119.368308601104
True,0.00727952,30,1235,4121.1508451106665
True,0.00727914,30,1236,4121.365985542248
True,0.00727329,30,1237,4124.680852819013
True,0.00728095,30,1238,4120.341438960575
True,0.00727142,30,1239,4125.741602052969
True,0.00729331,30,1240,4113.358680763604
True,0.00729013,30,1241,4115.152953376689
True,0.0072833,30,1242,4119.01198632488
True,0.00729232,30,1243,4113.917107312899
True,0.0072867,30,1244,4117.090040759192
True,0.00729747,30,1245,4111.013817117439
True,0.00730682,30,1246,4105.753255178039
True,0.00728164,30,1247,4119.951000049439
True,0.00727466,30,1248,4123.904072492735
True,0.00728662,30,1249,4117.135242403199
True,0.00728602,30,1250,4117.474286373082
True,0.00729019,30,1251,4115.119084687779
True,0.00729036,30,1252,4115.023126429971
True,0.00728215,30,1253,4119.662462322253
True,0.00727624,30,1254,4123.00858685255
True,0.00730249,30,1255,4108.187755135577
True,0.00728912,30,1256,4115.723159997367
True,0.00729037,30,1257,4115.017481965936
True,0.00729987,30,1258,4109.662226861575
True,0.00727334,30,1259,4124.6524980270415
True,0.00731618,30,1260,4100.500534431902
True,0.00735051,30,1261,4081.3494573845896
True,0.00732185,30,1262,4097.325129577907
True,0.00732617,30,1263,4094.909072544044
True,0.00729719,30,1264,4111.171560559613
True,0.0072768,30,1265,4122.691292875989
True,0.00729226,30,1266,4113.950956219334
True,0.00729606,30,1267,4111.808291050238
True,0.00729864,30,1268,4110.354805826839
True,0.00730226,30,1269,4108.3171511285545
True,0.00730419,30,1270,4107.231602682844
True,0.00729286,30,1271,4113.612492218416
True,0.00731705,30,1272,4100.012983374447
True,0.0073106,30,1273,4103.630344978524
True,0.00730209,30,1274,4108.412796884179
True,0.00731588,30,1275,4100.668682373139
True,0.0073062,30,1276,4106.101667077277
True,0.00729571,30,1277,4112.005548466153
True,0.00731074,30,1278,4103.551760834061
True,0.00730892,30,1279,4104.573589531696
True,0.00731705,30,1280,4100.012983374447
True,0.00731432,30,1281,4101.543274015903
True,0.00729677,30,1282,4111.408198422041
True,0.00731119,30,1283,4103.299189324856
True,0.00729798,30,1284,4110.726529806878
True,0.00730741,30,1285,4105.421756819447
True,0.00730502,30,1286,4106.764936988537
True,0.00731078,30,1287,4103.529308774167
True,0.00729288,30,1288,4113.601211044197
True,0.00731956,30,1289,4098.607020094104
True,0.00729755,30,1290,4110.968749785887
True,0.00730951,30,1291,4104.242281630369
True,0.00730414,30,1292,4107.259718461038
True,0.00730128,30,1293,4108.868581947275
True,0.00728745,30,1294,4116.66632361114
True,0.00730469,30,1295,4106.950466070429
True,0.00729401,30,1296,4112.963925193412
True,0.00729963,30,1297,4109.797345892875
True,0.00729989,30,1298,4109.650967343344
True,0.00730245,30,1299,4108.210258201015
True,0.0072786,30,1300,4121.671750061825
True,0.0073048,30,1301,4106.888621180594
True,0.00729279,30,1302,4113.651976815458
True,0.00731376,30,1303,4101.857320994946
True,0.0072855,30,1304,4117.7681696520485
True,0.0079859,30,1305,3756.6210445910915
True,0.00802027,30,1306,3740.522451239173
True,0.00763435,30,1307,3929.6076286782763
True,0.00728141,30,1308,4120.081138131213
True,0.00730047,30,1309,4109.32446815068
True,0.0072973,30,1310,4111.109588477931
True,0.00730383,30,1311,4107.434044877825
True,0.00729374,30,1312,4113.116179079594
True,0.00728403,30,1313,4118.599182046202
True,0.00729351,30,1314,4113.245885725803
True,0.00730008,30,1315,4109.544004997206
True,0.00727805,30,1316,4121.98322352828
True,0.00730671,30,1317,4105.815065877802
True,0.00728752,30,1318,4116.626781127187
True,0.00728143,30,1319,4120.069821449907
True,0.00729919,30,1320,4110.045087194607
True,0.0073053,30,1321,4106.607531518212
True,0.00730032,30,1322,4109.408902623447
True,0.00730597,30,1323,4106.230931690111
True,0.00730474,30,1324,4106.922354525966
True,0.00729433,30,1325,4112.783490738697
True,0.00730674,30,1326,4105.798208229662
True,0.0073094,30,1327,4104.30404684379
True,0.00730823,30,1328,4104.9611191766
True,0.00730367,30,1329,4107.524025592613
True,0.00729404,30,1330,4112.947008790738
True,0.00729631,30,1331,4111.6674044825395
True,0.00733463,30,1332,4090.185871679962
True,0.00730786,30,1333,4105.168955070294
True,0.00729391,30,1334,4113.020314207332
True,0.00730644,30,1335,4105.966790940595
True,0.00729883,30,1336,4110.247806840274
True,0.00730819,30,1337,4104.983586907291
True,0.00730481,30,1338,4106.882999010241
True,0.00730961,30,1339,4104.186133049506
True,0.0073133,30,1340,4102.11532413548
True,0.00730695,30,1341,4105.680208568554
True,0.00728455,30,1342,4118.305180141532
True,0.00730953,30,1343,4104.231051791292
True,0.00731219,30,1344,4102.738030603691
True,0.00730998,30,1345,4103.97839665772
True,0.00732786,30,1346,4093.964677272764
True,0.00731363,30,1347,4101.930231636
True,0.00728825,30,1348,4116.214454773094
True,0.00731273,30,1349,4102.43506870895
True,0.00730498,30,1350,4106.787424469335
True,0.00730317,30,1351,4107.805240737926
True,0.00729998,30,1352,4109.600300274795
True,0.00731011,30,1353,4103.905413188037
True,0.00729589,30,1354,4111.904099431324
True,0.00730504,30,1355,4106.753693340488
True,0.00730463,30,1356,4106.984200431781
True,0.00730885,30,1357,4104.612900798347
True,0.00729968,30,1358,4109.769195361989
True,0.00729454,30,1359,4112.665089231124
True,0.00731602,30,1360,4100.590211617792
True,0.00729628,30,1361,4111.684310360896
True,0.0073089,30,1362,4104.584821245331
True,0.00730969,30,1363,4104.141215290936
True,0.0073074,30,1364,4105.427374989737
True,0.00746111,30,1365,4020.8494446536774
True,0.00730634,30,1366,4106.022988254037
True,0.00730463,30,1367,4106.984200431781
True,0.00730712,30,1368,4105.584690000986
True,0.00730832,30,1369,4104.910567681765
True,0.00730535,30,1370,4106.579424668223
True,0.00729158,30,1371,4114.334616091437
True,0.00730988,30,1372,4104.034539554685
True,0.0073019,30,1373,4108.519700351963
True,0.00733453,30,1374,4090.241637841825
True,0.00730235,30,1375,4108.266516943176
True,0.00729534,30,1376,4112.214098314815
True,0.00727936,30,1377,4121.24142781783
True,0.00729854,30,1378,4110.411123320555
True,0.00730743,30,1379,4105.410520525
True,0.00729248,30,1380,4113.8268462854885
True,0.00730318,30,1381,4107.799616057662
True,0.00728788,30,1382,4116.423431779886
True,0.00729332,30,1383,4113.353040864791
True,0.00729733,30,1384,4111.092687325364
True,0.00730108,30,1385,4108.981137037261
True,0.00729423,30,1386,4112.839874805154
True,0.00729368,30,1387,4113.15001480734
True,0.00727845,30,1388,4121.75669270243
True,0.00732051,30,1389,4098.075134109509
True,0.00729992,30,1390,4109.634078181679
True,0.00730079,30,1391,4109.144352871402
True,0.00729356,30,1392,4113.217687932916
True,0.00731429,30,1393,4101.560096742131
True,0.00729742,30,1394,4111.041984701443
True,0.00731462,30,1395,4101.37505434322
True,0.00730306,30,1396,4107.867113237465
True,0.00730385,30,1397,4107.422797565668
True,0.00730414,30,1398,4107.259718461038
True,0.0073015,30,1399,4108.744778470177
True,0.00728433,30,1400,4118.429560440013
True,0.00730288,30,1401,4107.968363166312
True,0.00729877,30,1402,4110.2815953921
True,0.00731457,30,1403,4101.403089997088
True,0.00728995,30,1404,4115.2545627884965
True,0.00728863,30,1405,4115.999851824005
True,0.00731128,30,1406,4103.248678753926
True,0.00729853,30,1407,4110.416755154805
True,0.00730668,30,1408,4105.831923664373
True,0.00730082,30,1409,4109.127467873472
True,0.00728743,30,1410,4116.677621603227
True,0.00728626,30,1411,4117.338662084526
True,0.00729351,30,1412,4113.245885725803
True,0.00730698,30,1413,4105.663352027787
True,0.00734136,30,1414,4086.436300630946
True,0.00732681,30,1415,4094.551380477998
True,0.00732467,30,1416,4095.7476582562763
True,0.00731957,30,1417,4098.601420575253
True,0.00727332,30,1418,4124.663839897048
True,0.00728253,30,1419,4119.44749970134
True,0.007279,30,1420,4121.4452534688835
True,0.00727717,30,1421,4122.481679004338
True,0.00727011,30,1422,4126.485018796139
True,0.00726912,30,1423,4127.047015319598
True,0.00727738,30,1424,4122.362718450871
True,0.00727693,30,1425,4122.6176423299385
True,0.00726941,30,1426,4126.882374222942
True,0.00727732,30,1427,4122.396706479858
True,0.0072554,30,1428,4134.851283182182
True,0.00727425,30,1429,4124.136508918445
True,0.0072733,30,1430,4124.675181829431
True,0.00730545,30,1431,4106.523212122456
True,0.00727445,30,1432,4124.023122022971
True,0.00727423,30,1433,4124.147847950918
True,0.0072722,30,1434,4125.299084183604
True,0.00727793,30,1435,4122.051187631648
True,0.00728341,30,1436,4118.949777645361
True,0.00728477,30,1437,4118.180807355619
True,0.00727447,30,1438,4124.011783676337
True,0.00726558,30,1439,4129.057831583989
True,0.00727507,30,1440,4123.671662265792
True,0.00727566,30,1441,4123.337264248192
True,0.00727739,30,1442,4122.357053833861
True,0.007274,30,1443,4124.278251306021
True,0.00756713,30,1444,3964.514948203612
True,0.00801377,30,1445,3743.5564035404063
True,0.00799728,30,1446,3751.27543364744
True,0.00800242,30,1447,3748.8659680446667
True,0.00798975,30,1448,3754.8108514033606
True,0.00800267,30,1449,3748.7488550696207
True,0.00799759,30,1450,3751.130027920911
True,0.00801124,30,1451,3744.7386422076984
True,0.00800174,30,1452,3749.1845523598618
True,0.00800087,30,1453,3749.592231844787
True,0.00800458,30,1454,3747.8543533826883
True,0.00800096,30,1455,3749.550053993521
True,0.00801292,30,1456,3743.953515073157
True,0.00799736,30,1457,3751.237908509808
True,0.00802225,30,1458,3739.5992396148213
True,0.00799774,30,1459,3751.0596743580063
True,0.00799946,30,1460,3750.253142087091
True,0.00800811,30,1461,3746.2022874311165
True,0.00800363,30,1462,3748.2992092338104
True,0.00763524,30,1463,3929.1495748660163
True,0.0072547,30,1464,4135.250251561057
True,0.00727548,30,1465,4123.439278233189
True,0.00727548,30,1466,4123.439278233189
True,0.0072738,30,1467,4124.391652231296
True,0.00727512,30,1468,4123.6433213472765
True,0.00726234,30,1469,4130.899957864821
True,0.00727716,30,1470,4122.487343963854
True,0.00727915,30,1471,4121.360323664164
True,0.00728684,30,1472,4117.010940270406
True,0.00727424,30,1473,4124.142178426887
True,0.0072828,30,1474,4119.294776734223
True,0.00726222,30,1475,4130.968216330543
True,0.00727271,30,1476,4125.009796898267
True,0.00727952,30,1477,4121.1508451106665
True,0.00727367,30,1478,4124.465366176909
True,0.00727165,30,1479,4125.611106145097
True,0.00726008,30,1480,4132.185871230069
True,0.00728058,30,1481,4120.550835235655
True,0.00727793,30,1482,4122.051187631648
True,0.00728437,30,1483,4118.406945281473
True,0.00727368,30,1484,4124.459695779853
True,0.00728121,30,1485,4120.194308363582
True,0.00726637,30,1486,4128.608920272433
True,0.00730599,30,1487,4106.219690965906
True,0.00727237,30,1488,4125.20265058021
True,0.00727935,30,1489,4121.2470893692425
True,0.0072766,30,1490,4122.8046065470135
True,0.00727499,30,1491,4123.717008545716
True,0.00727402,30,1492,4124.26691155647
True,0.00728683,30,1493,4117.016590204519
True,0.00727532,30,1494,4123.529961568701
True,0.0072815,30,1495,4120.030213554899
True,0.00728318,30,1496,4119.07985248202
True,0.00727078,30,1497,4126.104764550709
True,0.00727746,30,1498,4122.3174019506805
True,0.00729218,30,1499,4113.996088961052
True,0.00728328,30,1500,4119.023297195769
True,0.007303,30,1501,4107.900862659181
True,0.00726457,30,1502,4129.631898378018
True,0.00729648,30,1503,4111.57160713111
True,0.00741096,30,1504,4048.0585511188833
True,0.00728775,30,1505,4116.496861171144
True,0.00727797,30,1506,4122.028532681503
True,0.00731805,30,1507,4099.452723061471
True,0.00727712,30,1508,4122.51000395761
True,0.00728333,30,1509,4118.99502013502
True,0.00728153,30,1510,4120.013238975875
True,0.00727829,30,1511,4121.847302044848
True,0.00727062,30,1512,4126.195565165007
True,0.00728576,30,1513,4117.621222768798
True,0.00726273,30,1514,4130.6781334291645
True,0.00731181,30,1515,4102.951252836165
True,0.00728329,30,1516,4119.017641752559
True,0.00728981,30,1517,4115.333595800165
True,0.00728127,30,1518,4120.16035664108
True,0.00727235,30,1519,4125.213995476015
True,0.00728809,30,1520,4116.304820604576
True,0.00728482,30,1521,4118.152541861021
True,0.00727863,30,1522,4121.654761953829
True,0.00728939,30,1523,4115.570713050063
True,0.00728445,30,1524,4118.361715709491
True,0.00727602,30,1525,4123.13325142042
True,0.00729357,30,1526,4113.212048420733
True,0.00728969,30,1527,4115.401340797757
True,0.00728956,30,1528,4115.474733728785
True,0.00731297,30,1529,4102.300433339669
True,0.00728926,30,1530,4115.644112022345
True,0.00727786,30,1531,4122.090834393627
True,0.00728265,30,1532,4119.379621429013
True,0.00728438,30,1533,4118.401291530645
True,0.00727996,30,1534,4120.901763196501
True,0.00728269,30,1535,4119.35699583533
True,0.0072797,30,1536,4121.048944324629
True,0.00728565,30,1537,4117.683391324041
True,0.00727894,30,1538,4121.479226370872
True,0.00728823,30,1539,4116.225750285049
True,0.00728487,30,1540,4118.1242767544245
True,0.00728475,30,1541,4118.192113662102
True,0.00727128,30,1542,4125.821038386639
True,0.0072864,30,1543,4117.259552042161
True,0.0073043,30,1544,4107.16974932574
True,0.00728892,30,1545,4115.836090943514
True,0.00728735,30,1546,4116.722814191716
True,0.00727538,30,1547,4123.4959548504685
True,0.00729187,30,1548,4114.170987689029
True,0.00728154,30,1549,4120.007580813948
True,0.00727396,30,1550,4124.300930992196
True,0.00728571,30,1551,4117.649480970283
True,0.00728124,30,1552,4120.1773324323885
True,0.0072786,30,1553,4121.671750061825
True,0.00728607,30,1554,4117.446030576154
True,0.00728171,30,1555,4119.911394438944
True,0.00728338,30,1556,4118.9667434625135
True,0.00728469,30,1557,4118.226032954045
True,0.00731131,30,1558,4103.231842173291
True,0.00728923,30,1559,4115.661050618515
True,0.00728654,30,1560,4117.1804450397585
True,0.00728463,30,1561,4118.25995280474
True,0.00729452,30,1562,4112.676365271464
True,0.00729595,30,1563,4111.870284198768
True,0.00727327,30,1564,4124.69219484496
True,0.00729571,30,1565,4112.005548466153
True,0.00728886,30,1566,4115.869971435863
True,0.00729331,30,1567,4113.358680763604
True,0.00727754,30,1568,4122.272086446794
True,0.00729049,30,1569,4114.949749605307
True,0.00727182,30,1570,4125.514657953579
True,0.00728394,30,1571,4118.650071252646
True,0.00730126,30,1572,4108.879837178788
True,0.00728475,30,1573,4118.192113662102
True,0.00728445,30,1574,4118.361715709491
True,0.00726704,30,1575,4128.228274510668
True,0.00728352,30,1576,4118.887570844866
True,0.00727548,30,1577,4123.439278233189
True,0.00728554,30,1578,4117.745561756576
True,0.00728011,30,1579,4120.816855789267
True,0.0072748,30,1580,4123.824709957662
True,0.00726653,30,1581,4128.518013412178
True,0.00727955,30,1582,4121.133861296371
True,0.00728858,30,1583,4116.02808777567
True,0.00732471,30,1584,4095.7252915132476
True,0.00732109,30,1585,4097.750471582784
True,0.00733346,30,1586,4090.838430972556
True,0.00726712,30,1587,4128.1828289611285
True,0.00727312,30,1588,4124.77726202785
True,0.00728688,30,1589,4116.988340689019
True,0.00732931,30,1590,4093.1547444438834
True,0.00730334,30,1591,4107.709623268258
True,0.00730941,30,1592,4104.298431747569
True,0.00728635,30,1593,4117.287805279736
True,0.00727556,30,1594,4123.393938061125
True,0.00728024,30,1595,4120.7432721998175
True,0.00728652,30,1596,4117.191745853987
True,0.00727781,30,1597,4122.119153976265
True,0.00726322,30,1598,4130.399464700229
True,0.00727221,30,1599,4125.293411493893
True,0.00738785,30,1600,4060.7213194637143
True,0.00801906,30,1601,3741.0868605547284
True,0.00799852,30,1602,3750.6938783674977
True,0.00800384,30,1603,3748.200863585479
True,0.00801793,30,1604,3741.6141073818308
True,0.00801081,30,1605,3744.9396502975355
True,0.00800072,30,1606,3749.6625303722667
True,0.0079977,30,1607,3751.078435050077
True,0.0079973,30,1608,3751.2660522926485
True,0.00800955,30,1609,3745.528775024814
True,0.00801046,30,1610,3745.1032774647147
True,0.00800128,30,1611,3749.4000959846426
True,0.00800335,30,1612,3748.4303447931184
True,0.00800105,30,1613,3749.5078770911323
True,0.0080381,30,1614,3732.2252771177273
True,0.00801133,30,1615,3744.696573477812
True,0.00800368,30,1616,3748.2757931351575
True,0.00800803,30,1617,3746.2397118891918
True,0.00747932,30,1618,4011.059828968409
True,0.00728803,30,1619,4116.338708814316
True,0.00728087,30,1620,4120.386712027546
True,0.00726832,30,1621,4127.501265767055
True,0.00729188,30,1622,4114.165345562461
True,0.00729483,30,1623,4112.5015935943675
True,0.00729126,30,1624,4114.515186675554
True,0.0073017,30,1625,4108.632236328526
True,0.00729404,30,1626,4112.947008790738
True,0.00728659,30,1627,4117.152193275592
True,0.00730896,30,1628,4104.551126288829
True,0.00729096,30,1629,4114.684485993614
True,0.00728235,30,1630,4119.549321304249
True,0.00728788,30,1631,4116.423431779886
True,0.00727259,30,1632,4125.0778608446235
True,0.00728956,30,1633,4115.474733728785
True,0.00727429,30,1634,4124.113831040555
True,0.0072862,30,1635,4117.372567319042
True,0.0072855,30,1636,4117.7681696520485
True,0.0072864,30,1637,4117.259552042161
True,0.00727445,30,1638,4124.023122022971
True,0.0072825,30,1639,4119.46446961895
True,0.00728836,30,1640,4116.15233056545
True,0.00728458,30,1641,4118.288219773824
True,0.00744661,30,1642,4028.6788216383025
True,0.00729063,30,1643,4114.870731335975
True,0.00726301,30,1644,4130.518889551302
True,0.00728516,30,1645,4117.9603467871675
True,0.00728003,30,1646,4120.862139304371
True,0.0072903,30,1647,4115.0569935393605
True,0.00727071,30,1648,4126.144489327728
True,0.0072648,30,1649,4129.501156260324
True,0.00727629,30,1650,4122.980255047559
True,0.00727983,30,1651,4120.975352446417
True,0.00727594,30,1652,4123.178585859697
True,0.00728172,30,1653,4119.905736556748
True,0.00728137,30,1654,4120.103771680329
True,0.00726371,30,1655,4130.1208335685205
True,0.00728991,30,1656,4115.277143339218
True,0.00727562,30,1657,4123.359933586416
True,0.00728294,30,1658,4119.215591505628
True,0.00729059,30,1659,4114.893307674688
True,0.00727061,30,1660,4126.201240336092
True,0.0072972,30,1661,4111.1659266567995
True,0.00728725,30,1662,4116.779306322686
True,0.00728139,30,1663,4120.092454874687
True,0.00728497,30,1664,4118.067747705207
True,0.00728326,30,1665,4119.034608128778
True,0.007265,30,1666,4129.387474191329
True,0.00728736,30,1667,4116.717165063892
True,0.00727404,30,1668,4124.255571869277
True,0.00727344,30,1669,4124.595789612618
True,0.00737368,30,1670,4068.5248071519245
True,0.00731814,30,1671,4099.402307143619
True,0.00727656,30,1672,4122.827270028695
True,0.00728526,30,1673,4117.903822238328
True,0.00727786,30,1674,4122.090834393627
True,0.00728628,30,1675,4117.327360463776
True,0.0072891,30,1676,4115.734452813104
True,0.00727232,30,1677,4125.231012936724
True,0.00728151,30,1678,4120.02455534635
True,0.0072859,30,1679,4117.542101867992
True,0.00728774,30,1680,4116.502509694364
True,0.00728835,30,1681,4116.157978143201
True,0.00727451,30,1682,4123.989107170105
True,0.00725725,30,1683,4133.797237245513
True,0.00727475,30,1684,4123.853053369532
True,0.00731149,30,1685,4103.1308255909535
True,0.00727919,30,1686,4121.337676307391
True,0.00727917,30,1687,4121.3489999546655
True,0.00726484,30,1688,4129.478419345781
True,0.00728356,30,1689,4118.864950655998
True,0.00728265,30,1690,4119.379621429013
True,0.00728491,30,1691,4118.101664948503
True,0.00728777,30,1692,4116.485564171207
True,0.00729666,30,1693,4111.470179506788
True,0.00726326,30,1694,4130.376717892516
True,0.00728862,30,1695,4116.005498983347
True,0.00728711,30,1696,4116.858397910832
True,0.00728959,30,1697,4115.457796666205
True,0.00727927,30,1698,4121.292382340537
True,0.00730076,30,1699,4109.161238008098
True,0.00727942,30,1700,4121.2074588360065
True,0.00728884,30,1701,4115.881265057265
True,0.00728305,30,1702,4119.15337667598
True,0.00728365,30,1703,4118.814056139436
True,0.00728359,30,1704,4118.847985677392
True,0.00727465,30,1705,4123.9097413621275
True,0.00727267,30,1706,4125.032484630817
True,0.00728631,30,1707,4117.310408148981
True,0.0072854,30,1708,4117.824690476844
True,0.00727487,30,1709,4123.785029835584
True,0.00728653,30,1710,4117.186095439119
True,0.00726809,30,1711,4127.6318812783
True,0.00727765,30,1712,4122.209779255666
True,0.00730718,30,1713,4105.550978626502
True,0.00727702,30,1714,4122.566655031867
True,0.00728133,30,1715,4120.12640547812
True,0.00727388,30,1716,4124.346291112859
True,0.00728933,30,1717,4115.60458917349
True,0.00728883,30,1718,4115.886911891209
True,0.00728462,30,1719,4118.265606167514
True,0.00728363,30,1720,4118.8253659233105
True,0.00729693,30,1721,4111.318047452833
True,0.00727241,30,1722,4125.179960975797
True,0.00729252,30,1723,4113.804281647496
True,0.0072889,30,1724,4115.847384378987
True,0.00729123,30,1725,4114.532115980432
True,0.00728349,30,1726,4118.9045361495655
True,0.00727708,30,1727,4122.532664200476
True,0.00730071,30,1728,4109.189380210965
True,0.0072832,30,1729,4119.068541300528
True,0.00727649,30,1730,4122.866931721201
True,0.00728624,30,1731,4117.34996376732
True,0.00728052,30,1732,4120.5847933938785
True,0.00727073,30,1733,4126.133139313383
True,0.00727951,30,1734,4121.156506413206
True,0.00729247,30,1735,4113.832487483664
True,0.00728261,30,1736,4119.4022472712395
True,0.00728778,30,1737,4116.479915694492
True,0.00727294,30,1738,4124.879347279092
True,0.00726917,30,1739,4127.018627986414
True,0.00727643,30,1740,4122.900928064999
True,0.00728373,30,1741,4118.768817625035
True,0.00729275,30,1742,4113.674539782661
True,0.00727844,30,1743,4121.762355669622
True,0.00726467,30,1744,4129.5750529618
True,0.00729713,30,1745,4111.205364300759
True,0.00731038,30,1746,4103.753840429636
True,0.00731998,30,1747,4098.37185347501
True,0.00731503,30,1748,4101.145176438101
True,0.00730615,30,1749,4106.129767387749
True,0.00726558,30,1750,4129.057831583989
True,0.00728523,30,1751,4117.920779440045
True,0.00727478,30,1752,4123.836047275657
True,0.00728708,30,1753,4116.875346503675
True,0.00726988,30,1754,4126.6155699956535
True,0.0075769,30,1755,3959.4029220393563
True,0.00803667,30,1756,3732.8893683577903
True,0.00801309,30,1757,3743.8740860267385
True,0.00800025,30,1758,3749.882816161995
True,0.0080075,30,1759,3746.4876678114265
True,0.00800136,30,1760,3749.362608356579
True,0.00801685,30,1761,3742.1181636178794
True,0.00800485,30,1762,3747.7279399364133
True,0.0080117,30,1763,3744.5236341850045
True,0.0079997,30,1764,3750.140630273635
True,0.00800905,30,1765,3745.7626060519037
True,0.008005,30,1766,3747.6577139287947
True,0.00801448,30,1767,3743.224763178647
True,0.0080071,30,1768,3746.6748260918434
True,0.00803269,30,1769,3734.738923075582
True,0.00800946,30,1770,3745.570862455147
True,0.00802087,30,1771,3740.2426420076627
True,0.00799976,30,1772,3750.1125033751014
True,0.00802132,30,1773,3740.032812554542
True,0.00801619,30,1774,3742.426264846517
True,0.00801285,30,1775,3743.9862221307026
True,0.0076494,30,1776,3921.8762255863207
True,0.00726789,30,1777,4127.745466703541
True,0.00727769,30,1778,4122.187122562242
True,0.00728395,30,1779,4118.644416834272
True,0.00727435,30,1780,4124.079814691348
True,0.00742246,30,1781,4041.7866852768493
True,0.0072679,30,1782,4127.73978728381
True,0.00730023,30,1783,4109.459564972611
True,0.0072801,30,1784,4120.822516174228
True,0.00728318,30,1785,4119.07985248202
True,0.00727579,30,1786,4123.2635906204005
True,0.00728306,30,1787,4119.147720875566
True,0.00726256,30,1788,4130.774823202837
True,0.00728912,30,1789,4115.723159997367
True,0.00728334,30,1790,4118.98936476946
True,0.00728899,30,1791,4115.796564407414
True,0.00728269,30,1792,4119.35699583533
True,0.00728645,30,1793,4117.231299192336
True,0.00727797,30,1794,4122.028532681503
True,0.00728604,30,1795,4117.462984007774
True,0.0072774,30,1796,4122.351389232418
True,0.00729965,30,1797,4109.786085634242
True,0.00727666,30,1798,4122.770611791674
True,0.00726668,30,1799,4128.432791866437
True,0.00727191,30,1800,4125.4635989719345
True,0.00728475,30,1801,4118.192113662102
True,0.00727695,30,1802,4122.606311710263
True,0.00727563,30,1803,4123.354266228492
True,0.00727387,30,1804,4124.351961198096
True,0.00727681,30,1805,4122.685627355943
True,0.00728137,30,1806,4120.103771680329
True,0.00728563,30,1807,4117.694694899411
True,0.00727838,30,1808,4121.796333799554
True,0.00727799,30,1809,4122.017205299815
True,0.00726022,30,1810,4132.106189619598
True,0.00730568,30,1811,4106.393929107215
True,0.00727731,30,1812,4122.402371205843
True,0.00728784,30,1813,4116.446025159718
True,0.00727307,30,1814,4124.805618535226
True,0.00728222,30,1815,4119.622862259036
True,0.00726061,30,1816,4131.884235622076
True,0.00728585,30,1817,4117.570358983509
True,0.00726623,30,1818,4128.688467059259
True,0.00727917,30,1819,4121.3489999546655
True,0.00728002,30,1820,4120.867799813736
True,0.00726613,30,1821,4128.74528806944
True,0.0072676,30,1822,4127.910176674555
True,0.00727713,30,1823,4122.504338935817
True,0.00727446,30,1824,4124.01745284186
True,0.00730971,30,1825,4104.129986004917
True,0.00728535,30,1826,4117.852951471103
True,0.00727567,30,1827,4123.331596952583
True,0.00727922,30,1828,4121.320690953152
True,0.00728785,30,1829,4116.440376791509
True,0.00727632,30,1830,4122.963256151461
True,0.00728793,30,1831,4116.3951904038595
True,0.00727023,30,1832,4126.416908405924
True,0.00728992,30,1833,4115.2714981783065
True,0.00727373,30,1834,4124.431344028442
True,0.007287,30,1835,4116.920543433512
True,0.00727895,30,1836,4121.473564181647
True,0.00728249,30,1837,4119.470126289222
True,0.00727165,30,1838,4125.611106145097
True,0.00728903,30,1839,4115.773978156216
True,0.00730764,30,1840,4105.292543146625
True,0.00728573,30,1841,4117.638177643146
True,0.00727848,30,1842,4121.739703894219
True,0.00727824,30,1843,4121.875618281343
True,0.00727221,30,1844,4125.293411493893
True,0.00729362,30,1845,4113.183851091776
True,0.0072815,30,1846,4120.030213554899
True,0.00729239,30,1847,4113.877617626045
True,0.00728076,30,1848,4120.44896411913
True,0.00727427,30,1849,4124.125169948325
True,0.00728028,30,1850,4120.720631624058
True,0.00728322,30,1851,4119.057230181156
True,0.007291,30,1852,4114.661911946235
True,0.0073005,30,1853,4109.307581672489
True,0.00731118,30,1854,4103.304801687279
True,0.00727058,30,1855,4126.21826594302
True,0.00728765,30,1856,4116.553347100918
True,0.00729139,30,1857,4114.441827964215
True,0.0072823,30,1858,4119.577605976134
True,0.00729232,30,1859,4113.917107312899
True,0.00726868,30,1860,4127.296840691845
True,0.00728226,30,1861,4119.600233993294
True,0.00728966,30,1862,4115.418277395654
True,0.00728703,30,1863,4116.903594468528
True,0.00727551,30,1864,4123.422275551817
True,0.0072911,30,1865,4114.6054779114265
True,0.00727625,30,1866,4123.0029204604025
True,0.0072839,30,1867,4118.672689081399
True,0.00731112,30,1868,4103.3384761842235
True,0.00727983,30,1869,4120.975352446417
True,0.00727513,30,1870,4123.63765321032
True,0.00728609,30,1871,4117.434728365968
True,0.0072773,30,1872,4122.408035947398
True,0.00729263,30,1873,4113.742230169363
True,0.00727108,30,1874,4125.934524169725
True,0.00728442,30,1875,4118.378676682563
True,0.00727952,30,1876,4121.1508451106665
True,0.00726135,30,1877,4131.463157677292
True,0.00728061,30,1878,4120.533856366431
True,0.00729346,30,1879,4113.274083905307
True,0.00728131,30,1880,4120.13772247027
True,0.00729326,30,1881,4113.386880489657
True,0.00729561,30,1882,4112.061911204135
True,0.00727164,30,1883,4125.616779708566
True,0.00727138,30,1884,4125.764297836174
True,0.00728123,30,1885,4120.182991060577
True,0.0072793,30,1886,4121.275397359636
True,0.00728524,30,1887,4117.915127023955
True,0.00727072,30,1888,4126.138814312751
True,0.00729182,30,1889,4114.199198553996
True,0.00727966,30,1890,4121.0715885082545
True,0.00728601,30,1891,4117.479937579004
True,0.00728209,30,1892,4119.696405839532
True,0.0072837,30,1893,4118.785781951481
True,0.00726699,30,1894,4128.2566784872415
True,0.00727708,30,1895,4122.532664200476
True,0.00729301,30,1896,4113.527884919944
True,0.00731526,30,1897,4101.016231822246
True,0.00728132,30,1898,4120.132063966424
True,0.00726893,30,1899,4127.154890747332
True,0.00729462,30,1900,4112.619985688082
True,0.00734319,30,1901,4085.4179178259037
True,0.0073303,30,1902,4092.60193989332
True,0.00732054,30,1903,4098.0583399585275
True,0.00728183,30,1904,4119.8435008782135
True,0.0072735,30,1905,4124.561765312435
True,0.00729429,30,1906,4112.8060441797625
True,0.00728905,30,1907,4115.7626851235755
True,0.00729549,30,1908,4112.129548529297
True,0.00729228,30,1909,4113.939673188633
True,0.00728926,30,1910,4115.644112022345
True,0.00728943,30,1911,4115.548129277598
True,0.00727995,30,1912,4120.907423814724
True,0.00741177,30,1913,4047.6161564646504
True,0.00802537,30,1914,3738.145406380017
True,0.00802837,30,1915,3736.7485554352875
True,0.00802653,30,1916,3737.6051668653827
True,0.00801939,30,1917,3740.932913850056
True,0.00801902,30,1918,3741.105521622343
True,0.00801525,30,1919,3742.8651632824926
True,0.00802082,30,1920,3740.265957844709
True,0.00815789,30,1921,3677.4214901157043
True,0.00801975,30,1922,3740.7649864397267
True,0.0080203,30,1923,3740.5084597833
True,0.00804879,30,1924,3727.2683223192553
True,0.00781423,30,1925,3839.1498586552993
True,0.00729293,30,1926,4113.573008379348
True,0.00729694,30,1927,4111.312413148526
True,0.00729271,30,1928,4113.6971029973765
True,0.00727506,30,1929,4123.6773304962435
True,0.00728173,30,1930,4119.9000786900915
True,0.0072916,30,1931,4114.323330956169
True,0.00729951,30,1932,4109.864908740449
True,0.00729859,30,1933,4110.382964380791
True,0.00728999,30,1934,4115.231982485573
True,0.00727501,30,1935,4123.705671882238
True,0.00729008,30,1936,4115.181177709984
True,0.00729923,30,1937,4110.022564023876
True,0.00731654,30,1938,4100.298775104079
True,0.00728436,30,1939,4118.412599047823
True,0.00727758,30,1940,4122.249429068454
True,0.00728234,30,1941,4119.554978207554
True,0.00727784,30,1942,4122.102162179987
True,0.00728552,30,1943,4117.756865673281
True,0.00727827,30,1944,4121.85862849276
True,0.0072827,30,1945,4119.351339475744
True,0.0072649,30,1946,4129.44431444342
True,0.00727697,30,1947,4122.59498115287
True,0.00727706,30,1948,4122.543994415327
True,0.00727082,30,1949,4126.082065021552
True,0.00727518,30,1950,4123.609312759272
True,0.00725882,30,1951,4132.9031440371855
True,0.00727067,30,1952,4126.167189543742
True,0.00730014,30,1953,4109.510228570959
True,0.00727771,30,1954,4122.175794308924
True,0.00727507,30,1955,4123.671662265792
True,0.00727039,30,1956,4126.326098049761
True,0.0072662,30,1957,4128.705513198095
True,0.00728045,30,1958,4120.624411952558
True,0.00728299,30,1959,4119.18731180463
True,0.00727699,30,1960,4122.583650657758
True,0.00727763,30,1961,4122.221107695775
True,0.00726804,30,1962,4127.660277048558
True,0.00727908,30,1963,4121.399957137441
True,0.00727989,30,1964,4120.941387850641
True,0.00727419,30,1965,4124.170526202917
True,0.00727809,30,1966,4121.960569325194
True,0.00730541,30,1967,4106.545696956091
True,0.0072555,30,1968,4134.794293983874
True,0.0072694,30,1969,4126.888051283462
True,0.00727294,30,1970,4124.879347279092
True,0.0072856,30,1971,4117.711650378829
True,0.00728295,30,1972,4119.209935534364
True,0.00726683,30,1973,4128.347573838936
True,0.00728086,30,1974,4120.392371230871
True,0.00728293,30,1975,4119.2212474924245
True,0.00728145,30,1976,4120.0585048307685
True,0.00728829,30,1977,4116.191863935162
True,0.00728863,30,1978,4115.999851824005
True,0.00727839,30,1979,4121.790670738996
True,0.007287,30,1980,4116.920543433512
True,0.00730205,30,1981,4108.435302415075
True,0.00728074,30,1982,4120.460282883333
True,0.00729232,30,1983,4113.917107312899
True,0.00728379,30,1984,4118.734889391375
True,0.00726757,30,1985,4127.92721638732
True,0.00728232,30,1986,4119.566292060772
True,0.00727527,30,1987,4123.558300929038
True,0.00727328,30,1988,4124.686523824189
True,0.00728534,30,1989,4117.858603716504
True,0.0072662,30,1990,4128.705513198095
True,0.00727592,30,1991,4123.189919625284
True,0.00728952,30,1992,4115.49731669575
True,0.00729112,30,1993,4114.594191290227
True,0.00729803,30,1994,4110.698366545493
True,0.00729999,30,1995,4109.594670677631
True,0.00726829,30,1996,4127.518302104071
True,0.00728702,30,1997,4116.9092441080165
True,0.00729143,30,1998,4114.419256579299
True,0.00728669,30,1999,4117.095690910413
True,0.00729102,30,2000,4114.65062501543
True,0.00727377,30,2001,4124.408662907956
True,0.00729502,30,2002,4112.394482811562
True,0.00728854,30,2003,4116.050676815933
True,0.00728719,30,2004,4116.8132023454855
True,0.00729373,30,2005,4113.121818328894
True,0.00729172,30,2006,4114.255621444598
True,0.00727071,30,2007,4126.144489327728
True,0.00728315,30,2008,4119.0968193707395
True,0.00728747,30,2009,4116.655025681066
True,0.0073115,30,2010,4103.1252137044385
True,0.00730902,30,2011,4104.517431885533
True,0.00729087,30,2012,4114.735278505857
True,0.00727968,30,2013,4121.060266385335
True,0.00729546,30,2014,4112.146458208255
True,0.00729356,30,2015,4113.217687932916
True,0.00728136,30,2016,4120.109430106464
True,0.0073118,30,2017,4102.956864246834
True,0.00727588,30,2018,4123.212587343387
True,0.00728484,30,2019,4118.141235771822
True,0.00728337,30,2020,4118.972398765956
True,0.00728613,30,2021,4117.412124131741
True,0.00728218,30,2022,4119.645490773367
True,0.00728792,30,2023,4116.400838648065
True,0.0072966,30,2024,4111.503988158868
True,0.00729861,30,2025,4110.371700912914
True,0.00728664,30,2026,4117.123941899147
True,0.00728685,30,2027,4117.005290351798
True,0.00728754,30,2028,4116.615483414156
True,0.00727542,30,2029,4123.4732840165925
True,0.00728945,30,2030,4115.536837484309
True,0.00729681,30,2031,4111.385660309094
True,0.00728072,30,2032,4120.471601709721
True,0.00729216,30,2033,4114.007372301211
True,0.0072875,30,2034,4116.63807890223
True,0.00727347,30,2035,4124.578777392359
True,0.00729077,30,2036,4114.791716101317
True,0.00727995,30,2037,4120.907423814724
True,0.00730311,30,2038,4107.8389891429815
True,0.0072903,30,2039,4115.0569935393605
True,0.00730237,30,2040,4108.255265071477
True,0.00727778,30,2041,4122.136145912627
True,0.00729053,30,2042,4114.927172647256
True,0.00729169,30,2043,4114.272548613559
True,0.0072917,30,2044,4114.266906208429
True,0.00729406,30,2045,4112.935731266263
True,0.00727563,30,2046,4123.354266228492
True,0.00729647,30,2047,4111.57724214586
True,0.00728959,30,2048,4115.457796666205
True,0.00729407,30,2049,4112.930092527217
True,0.00729204,30,2050,4114.075073641944
True,0.0072865,30,2051,4117.203046730255
True,0.00727235,30,2052,4125.213995476015
True,0.00731066,30,2053,4103.596665690922
True,0.00729849,30,2054,4110.439282646136
True,0.00734527,30,2055,4084.2610278451302
True,0.0073279,30,2056,4093.942329999045
True,0.00732041,30,2057,4098.131115606912
True,0.00726593,30,2058,4128.858934781921
True,0.00728024,30,2059,4120.7432721998175
True,0.00727967,30,2060,4121.065927439018
True,0.00866462,30,2061,3462.3561102506515
True,0.00741362,30,2062,4046.606111454323
True,0.00805999,30,2063,3722.088985222066
True,0.00805134,30,2064,3726.08783134236
True,0.00805108,30,2065,3726.2081608927
True,0.00804918,30,2066,3727.0877281909466
True,0.00799833,30,2067,3750.782975946229
True,0.00801825,30,2068,3741.464783462726
True,0.00802412,30,2069,3738.727735876333
True,0.00748224,30,2070,4009.4944829355913
True,0.0072906,30,2071,4114.887663566785
True,0.00728488,30,2072,4118.118623779665
True,0.00728185,30,2073,4119.8321855023105
True,0.00729297,30,2074,4113.550446525901
True,0.00729685,30,2075,4111.3631224432465
True,0.00728543,30,2076,4117.807734066486
True,0.00729542,30,2077,4112.169004663199
True,0.00728616,30,2078,4117.395171118944
True,0.0072735,30,2079,4124.561765312435
True,0.00731002,30,2080,4103.955939929028
True,0.00729121,30,2081,4114.543402261079
True,0.00728109,30,2082,4120.262213487266
True,0.00728594,30,2083,4117.519496454815
True,0.00726386,30,2084,4130.035545839265
True,0.00728764,30,2085,4116.558995779155
True,0.00728872,30,2086,4115.949028087236
True,0.00728926,30,2087,4115.644112022345
True,0.00727995,30,2088,4120.907423814724
True,0.00728681,30,2089,4117.0278901192705
True,0.00726687,30,2090,4128.3248496257675
True,0.00728215,30,2091,4119.662462322253
True,0.00728852,30,2092,4116.061971429042
True,0.00728945,30,2093,4115.536837484309
True,0.00728937,30,2094,4115.582005029241
True,0.00727934,30,2095,4121.252750936212
True,0.00729033,30,2096,4115.040059914983
True,0.00729561,30,2097,4112.061911204135
True,0.00729024,30,2098,4115.090861206216
True,0.00729471,30,2099,4112.569245384669
True,0.00728912,30,2100,4115.723159997367
True,0.00727602,30,2101,4123.13325142042
True,0.00728097,30,2102,4120.330120849282
True,0.00729225,30,2103,4113.956597757893
True,0.00728419,30,2104,4118.50871545086
True,0.00728864,30,2105,4115.99420468016
True,0.00727588,30,2106,4123.212587343387
True,0.00727124,30,2107,4125.843735043816
True,0.00727891,30,2108,4121.496213031896
True,0.00731029,30,2109,4103.804363438387
True,0.00727503,30,2110,4123.694335281091
True,0.00727352,30,2111,4124.5504240037835
True,0.00725864,30,2112,4133.005631909007
True,0.00727779,30,2113,4122.130481918274
True,0.00727656,30,2114,4122.827270028695
True,0.00728772,30,2115,4116.513806787308
True,0.00728892,30,2116,4115.836090943514
True,0.00728384,30,2117,4118.706616290308
True,0.00726242,30,2118,4130.854453474186
True,0.00727987,30,2119,4120.952709320359
True,0.00728031,30,2120,4120.703651355506
True,0.00729257,30,2121,4113.776076198103
True,0.00727422,30,2122,4124.153517490536
True,0.00728865,30,2123,4115.98855755181
True,0.00728064,30,2124,4120.516877637131
True,0.00727726,30,2125,4122.430695069298
True,0.00729778,30,2126,4110.839186711575
True,0.00728751,30,2127,4116.632430006957
True,0.00727897,30,2128,4121.462239849869
True,0.0072763,30,2129,4122.974588733285
True,0.00728132,30,2130,4120.132063966424
True,0.00729525,30,2131,4112.264829855043
True,0.00728697,30,2132,4116.937492538051
True,0.00729076,30,2133,4114.797359946014
True,0.0072833,30,2134,4119.01198632488
True,0.00728258,30,2135,4119.419216816018
True,0.00728705,30,2136,4116.89229523607
True,0.00732544,30,2137,4095.317141359427
True,0.00729579,30,2138,4111.960459388222
True,0.00730334,30,2139,4107.709623268258
True,0.00728366,30,2140,4118.80840127079
True,0.0072873,30,2141,4116.751060063398
True,0.0072867,30,2142,4117.090040759192
True,0.00729415,30,2143,4112.884983171445
True,0.00729317,30,2144,4113.437640970936
True,0.00730146,30,2145,4108.767287638363
True,0.00727535,30,2146,4123.512958139471
True,0.00728763,30,2147,4116.5646444728945
True,0.00728404,30,2148,4118.593527767557
True,0.0072947,30,2149,4112.57488313433
True,0.00728706,30,2150,4116.886645643099
True,0.00727455,30,2151,4123.966430913252
True,0.00730638,30,2152,4106.000509144063
True,0.00728528,30,2153,4117.89251751477
True,0.00727936,30,2154,4121.24142781783
True,0.00728146,30,2155,4120.052846544511
True,0.00728498,30,2156,4118.062094885641
True,0.00727091,30,2157,4126.030991994125
True,0.00728295,30,2158,4119.209935534364
True,0.00728318,30,2159,4119.07985248202
True,0.00727552,30,2160,4123.4166080225195
True,0.00728422,30,2161,4118.491753406679
True,0.00728404,30,2162,4118.593527767557
True,0.0072735,30,2163,4124.561765312435
True,0.00727903,30,2164,4121.428267227914
True,0.00728343,30,2165,4118.938467178239
True,0.00730738,30,2166,4105.438611376444
True,0.00728553,30,2167,4117.75121370717
True,0.00726318,30,2168,4130.422211758486
True,0.00728276,30,2169,4119.317401644432
True,0.00731378,30,2170,4101.846104203299
True,0.00749362,30,2171,4003.4055636661583
True,0.00749622,30,2172,4002.0170165763548
True,0.00736782,30,2173,4071.76071076655
True,0.00729635,30,2174,4111.644863527654
True,0.00728797,30,2175,4116.3725975820425
True,0.0072934,30,2176,4113.307922231058
True,0.00729586,30,2177,4111.92100725617
True,0.00729647,30,2178,4111.57724214586
True,0.00729159,30,2179,4114.328973516064
True,0.00731486,30,2180,4101.240488539767
True,0.00729266,30,2181,4113.725307363842
True,0.0072903,30,2182,4115.0569935393605
True,0.00729776,30,2183,4110.850452741663
True,0.00727571,30,2184,4123.308927925934
True,0.00728377,30,2185,4118.746198740488
True,0.00725499,30,2186,4135.084955320407
True,0.00727814,30,2187,4121.9322519215075
True,0.00727816,30,2188,4121.920925068974
True,0.00727629,30,2189,4122.980255047559
True,0.00728582,30,2190,4117.587313438981
True,0.00726767,30,2191,4127.8704178918415
True,0.00728455,30,2192,4118.305180141532
True,0.00728108,30,2193,4120.267872348608
True,0.0073078,30,2194,4105.202660171324
True,0.00728301,30,2195,4119.176000032953
True,0.00728554,30,2196,4117.745561756576
True,0.00727777,30,2197,4122.141809922545
True,0.00728109,30,2198,4120.262213487266
True,0.00728806,30,2199,4116.321764639699
True,0.00743492,30,2200,4035.0131541428823
True,0.00728704,30,2201,4116.897944844546
True,0.00728644,30,2202,4117.236949731282
True,0.0072684,30,2203,4127.4558362225525
True,0.00728146,30,2204,4120.052846544511
True,0.0072844,30,2205,4118.3899840755585
True,0.00728342,30,2206,4118.944122404036
True,0.00763026,30,2207,3931.7139913974097
True,0.00801184,30,2208,3744.458201861246
True,0.0079886,30,2209,3755.3513757103874
True,0.00797969,30,2210,3759.544543710345
True,0.0079842,30,2211,3757.4209062899226
True,0.00799068,30,2212,3754.3738455300427
True,0.0079927,30,2213,3753.4250003127854
True,0.00798747,30,2214,3755.8826512024457
True,0.00799674,30,2215,3751.5287479647955
True,0.00800408,30,2216,3748.088474877812
True,0.00803407,30,2217,3734.0974126439023
True,0.00803011,30,2218,3735.9388601152414
True,0.00802353,30,2219,3739.0026584308907
True,0.00798329,30,2220,3757.849207532233
True,0.00800636,30,2221,3747.021118211022
True,0.00798897,30,2222,3755.177450910443
True,0.00799075,30,2223,3754.3409567312206
True,0.00798381,30,2224,3757.6044520097553
True,0.00798055,30,2225,3759.139407684934
True,0.00798319,30,2226,3757.8962795574203
True,0.00794621,30,2227,3775.3847431668682
True,0.00728457,30,2228,4118.293873214205
True,0.0072743,30,2229,4124.108161610052
True,0.00728374,30,2230,4118.7631628806075
True,0.00728592,30,2231,4117.530799130377
True,0.00728968,30,2232,4115.4069863149
True,0.00728417,30,2233,4118.520023557934
True,0.00726815,30,2234,4127.597806869699
True,0.00730972,30,2235,4104.124371384951
True,0.00728641,30,2236,4117.253901441176
True,0.00728065,30,2237,4120.511218091791
True,0.00728355,30,2238,4118.870605679923
True,0.00728653,30,2239,4117.186095439119
True,0.00726715,30,2240,4128.165787138011
True,0.00728161,30,2241,4119.967974115614
True,0.00727482,30,2242,4123.813372702005
True,0.00727929,30,2243,4121.281059004381
True,0.00727884,30,2244,4121.535849118815
True,0.00726503,30,2245,4129.3704224208295
True,0.0072775,30,2246,4122.294744074201
True,0.00729063,30,2247,4114.870731335975
True,0.00727675,30,2248,4122.719620709795
True,0.00731721,30,2249,4099.9233314337025
True,0.00729686,30,2250,4111.357488015393
True,0.00727663,30,2251,4122.787609099267
True,0.0072961,30,2252,4111.785748550596
True,0.00728978,30,2253,4115.350531840467
True,0.00728304,30,2254,4119.159032491926
True,0.00729676,30,2255,4111.413832988888
True,0.00728545,30,2256,4117.796429870496
True,0.00727114,30,2257,4125.900477779275
True,0.00728353,30,2258,4118.8819157743565
True,0.00728714,30,2259,4116.841449457537
True,0.00731519,30,2260,4101.05547497741
True,0.00727733,30,2261,4122.39104176944
True,0.00727161,30,2262,4125.6338004926
True,0.00728031,30,2263,4120.703651355506
True,0.00730905,30,2264,4104.500584891333
True,0.00727984,30,2265,4120.969691641574
True,0.00728926,30,2266,4115.644112022345
True,0.00728498,30,2267,4118.062094885641
True,0.00727291,30,2268,4124.896361978906
True,0.00728087,30,2269,4120.386712027546
True,0.00728679,30,2270,4117.03919009605
True,0.00728348,30,2271,4118.910191282189
True,0.00727977,30,2272,4121.009317602067
True,0.00726773,30,2273,4127.83633954481
True,0.00727198,30,2274,4125.4238873044205
True,0.00726997,30,2275,4126.564483759906
True,0.00727857,30,2276,4121.68873830986
True,0.00727424,30,2277,4124.142178426887
True,0.00730439,30,2278,4107.1191434192315
True,0.00726165,30,2279,4131.292474850758
True,0.00727282,30,2280,4124.947406920562
True,0.00728233,30,2281,4119.560635126395
True,0.00727994,30,2282,4120.913084448498
True,0.00727354,30,2283,4124.539082757502
True,0.00726295,30,2284,4130.553012205784
True,0.00727489,30,2285,4123.773692798104
True,0.0072773,30,2286,4122.408035947398
True,0.0072783,30,2287,4121.841638844236
True,0.00728505,30,2288,4118.022525583215
True,0.00727658,30,2289,4122.815938256708
True,0.00727034,30,2290,4126.3544758566995
True,0.00729048,30,2291,4114.95539388353
True,0.00730892,30,2292,4104.573589531696
True,0.00728486,30,2293,4118.129929744703
True,0.00727841,30,2294,4121.779344664563
True,0.00727721,30,2295,4122.459019321966
True,0.0072645,30,2296,4129.671691100558
True,0.00727275,30,2297,4124.987109415283
True,0.00727678,30,2298,4122.702623962797
True,0.00728283,30,2299,4119.277808214664
True,0.00728844,30,2300,4116.1071505013415
True,0.00726979,30,2301,4126.6666574962965
True,0.00729272,30,2302,4113.691462170494
True,0.00729596,30,2303,4111.864648380748
True,0.00729097,30,2304,4114.678842458548
True,0.00729849,30,2305,4110.439282646136
True,0.00731844,30,2306,4099.234263039664
True,0.00727981,30,2307,4120.986674102758
True,0.00729469,30,2308,4112.580520899449
True,0.00728698,30,2309,4116.931842821032
True,0.00729132,30,2310,4114.481328483732
True,0.00728557,30,2311,4117.728605997883
True,0.00726944,30,2312,4126.865343135097
True,0.00728928,30,2313,4115.632819702357
True,0.00728435,30,2314,4118.418252829696
True,0.007286,30,2315,4117.4855888004395
True,0.00728369,30,2316,4118.791436758017
True,0.00728644,30,2317,4117.236949731282
True,0.00726304,30,2318,4130.5018284354755
True,0.00728452,30,2319,4118.322140648937
True,0.00728225,30,2320,4119.6058910364245
True,0.00731045,30,2321,4103.714545616207
True,0.0072833,30,2322,4119.01198632488
True,0.00728243,30,2323,4119.504066637098
True,0.00727439,30,2324,4124.057137436953
True,0.00727705,30,2325,4122.549659546107
True,0.00728708,30,2326,4116.875346503675
True,0.00728453,30,2327,4118.316487130947
True,0.0072833,30,2328,4119.01198632488
True,0.00727017,30,2329,4126.450963319977
True,0.0072849,30,2330,4118.107317876704
True,0.0072827,30,2331,4119.351339475744
True,0.00729356,30,2332,4113.217687932916
True,0.00728352,30,2333,4118.887570844866
True,0.00728593,30,2334,4117.52514778484
True,0.00729283,30,2335,4113.6294140957625
True,0.00728996,30,2336,4115.248917689535
True,0.00728765,30,2337,4116.553347100918
True,0.00728287,30,2338,4119.255183739378
True,0.00740403,30,2339,4051.8474398401954
True,0.00727741,30,2340,4122.345724646543
True,0.00728583,30,2341,4117.58166193831
True,0.00729154,30,2342,4114.357186547698
True,0.00728031,30,2343,4120.703651355506
True,0.00728475,30,2344,4118.192113662102
True,0.00728139,30,2345,4120.092454874687
True,0.00726919,30,2346,4127.007273162484
True,0.00727688,30,2347,4122.645969151614
True,0.00728226,30,2348,4119.600233993294
True,0.00730475,30,2349,4106.916732263254
True,0.00728612,30,2350,4117.4177751670295
True,0.00729083,30,2351,4114.75785335826
True,0.00726992,30,2352,4126.59286484583
True,0.00727333,30,2353,4124.658168954248
True,0.00728288,30,2354,4119.249527659387
True,0.00728254,30,2355,4119.441843093206
True,0.00727809,30,2356,4121.960569325194
True,0.007273,30,2357,4124.845318300564
True,0.00727857,30,2358,4121.68873830986
True,0.00728409,30,2359,4118.5652566072085
True,0.0072825,30,2360,4119.46446961895
True,0.0072744,30,2361,4124.051468162323
True,0.00729118,30,2362,4114.560331798145
True,0.0072672,30,2363,4128.137384412154
True,0.00730497,30,2364,4106.793046378014
True,0.00777106,30,2365,3860.4772064557474
True,0.00801071,30,2366,3744.986399457726
True,0.00801719,30,2367,3741.95946460044
True,0.00801776,30,2368,3741.6934405619522
True,0.00801394,30,2369,3743.4769913425853
True,0.00801217,30,2370,3744.303977574115
True,0.00805172,30,2371,3725.911979055407
True,0.00804853,30,2372,3727.3887281279935
True,0.00805579,30,2373,3724.0295489331274
True,0.00803267,30,2374,3734.7482219486174
True,0.00800635,30,2375,3747.0257982726207
True,0.00800397,30,2376,3748.13998553218
True,0.00802344,30,2377,3739.044599323981
True,0.00800404,30,2378,3748.10720586104
True,0.00800777,30,2379,3746.3613465421704
True,0.00800019,30,2380,3749.910939615184
True,0.0080012,30,2381,3749.4375843623457
True,0.00800333,30,2382,3748.439711969893
True,0.00800756,30,2383,3746.4595956820804
True,0.00800658,30,2384,3746.9181598135538
True,0.00801138,30,2385,3744.673202369629
True,0.00800851,30,2386,3746.015176356151
True,0.00800014,30,2387,3749.934376148418
True,0.00800141,30,2388,3749.339178969706
True,0.00800639,30,2389,3747.00707809637
True,0.00802892,30,2390,3736.4925793257376
True,0.00800122,30,2391,3749.42821219764
True,0.00800159,30,2392,3749.2548356014245
True,0.00800463,30,2393,3747.83094284183
True,0.00800303,30,2394,3748.5802252396907
True,0.00801033,30,2395,3745.1640569115134
True,0.00800226,30,2396,3748.940924188916
True,0.00800331,30,2397,3748.449079193484
True,0.00800383,30,2398,3748.2055465945677
True,0.00801797,30,2399,3741.5954412401147
True,0.00800564,30,2400,3747.358112530666
True,0.00800324,30,2401,3748.481864844738
True,0.00799682,30,2402,3751.491217759059
True,0.00802115,30,2403,3740.1120786919582
True,0.00800538,30,2404,3747.4798198211706
True,0.00800158,30,2405,3749.2595212445544
True,0.00800341,30,2406,3748.402243543689
True,0.00799642,30,2407,3751.678876297143
True,0.00799466,30,2408,3752.504796951965
True,0.00799644,30,2409,3751.6694929243513
True,0.00800657,30,2410,3746.922839617964
True,0.00801356,30,2411,3743.654505612986
True,0.00801379,30,2412,3743.5470607540256
True,0.00801287,30,2413,3743.9768771988065
True,0.00801958,30,2414,3740.84428361585
True,0.00803727,30,2415,3732.610699901833
True,0.00803951,30,2416,3731.5707051797935
True,0.00740158,30,2417,4053.1886435058464
True,0.00729656,30,2418,4111.526527569156
True,0.0072909,30,2419,4114.718347529111
True,0.00728624,30,2420,4117.34996376732
True,0.00727716,30,2421,4122.487343963854
True,0.00729326,30,2422,4113.386880489657
True,0.00728739,30,2423,4116.700217773441
True,0.00727872,30,2424,4121.603798470061
True,0.00729095,30,2425,4114.690129544161
True,0.00728343,30,2426,4118.938467178239
True,0.00727428,30,2427,4124.119500486646
True,0.00728506,30,2428,4118.016872887801
True,0.0072906,30,2429,4114.887663566785
True,0.00730835,30,2430,4104.893717460165
True,0.00729,30,2431,4115.22633744856
True,0.00726919,30,2432,4127.007273162484
True,0.00727685,30,2433,4122.662965431471
True,0.00728447,30,2434,4118.3504084717215
True,0.00728922,30,2435,4115.666696848222
True,0.00728084,30,2436,4120.403689684157
True,0.00728793,30,2437,4116.3951904038595
True,0.00726488,30,2438,4129.455682681613
True,0.00728078,30,2439,4120.437645417112
True,0.00729001,30,2440,4115.220692427033
True,0.00728901,30,2441,4115.785271250828
True,0.00728502,30,2442,4118.039483762571
True,0.00726384,30,2443,4130.046917332981
True,0.00730782,30,2444,4105.191425076152
True,0.00727989,30,2445,4120.941387850641
True,0.00727859,30,2446,4121.6774127956105
True,0.00728536,30,2447,4117.847299241218
True,0.00728729,30,2448,4116.756709284247
True,0.00727397,30,2449,4124.2952610472685
True,0.00728041,30,2450,4120.647051471003
True,0.00728507,30,2451,4118.011220207904
True,0.00728065,30,2452,4120.511218091791
True,0.00728109,30,2453,4120.262213487266
True,0.00728797,30,2454,4116.3725975820425
True,0.00727384,30,2455,4124.368971547353
True,0.00727736,30,2456,4122.374047731595
True,0.00728421,30,2457,4118.497407405882
True,0.00729571,30,2458,4112.005548466153
True,0.0072814,30,2459,4120.086796495179
True,0.00727606,30,2460,4123.110584574619
True,0.00728588,30,2461,4117.5534046676585
True,0.00727486,30,2462,4123.7906983777
True,0.00728574,30,2463,4117.63252600285
True,0.0072827,30,2464,4119.351339475744
True,0.00729489,30,2465,4112.467768533864
True,0.00727631,30,2466,4122.968922434586
True,0.0072865,30,2467,4117.203046730255
True,0.00728152,30,2468,4120.018897153342
True,0.00728779,30,2469,4116.474267233277
True,0.00727806,30,2470,4121.977559954164
True,0.00725899,30,2471,4132.806354603051
True,0.00727579,30,2472,4123.2635906204005
True,0.00730164,30,2473,4108.665998323664
True,0.00741396,30,2474,4046.4205363935066
True,0.00728021,30,2475,4120.760252794906
True,0.00727506,30,2476,4123.6773304962435
True,0.0072698,30,2477,4126.660981044871
True,0.0072761,30,2478,4123.087917978038
True,0.00728757,30,2479,4116.59853696088
True,0.00728763,30,2480,4116.5646444728945
True,0.00727294,30,2481,4124.879347279092
True,0.00728765,30,2482,4116.553347100918
True,0.00726566,30,2483,4129.012367768379
True,0.00727786,30,2484,4122.090834393627
True,0.007272,30,2485,4125.412541254125
True,0.00728169,30,2486,4119.922710249955
True,0.0072971,30,2487,4111.222266379795
True,0.00726694,30,2488,4128.285082854682
True,0.00726987,30,2489,4126.621246322148
True,0.007273,30,2490,4124.845318300564
True,0.0072909,30,2491,4114.718347529111
True,0.00732617,30,2492,4094.909072544044
True,0.00729693,30,2493,4111.318047452833
True,0.00729173,30,2494,4114.2499790858965
True,0.00727097,30,2495,4125.9969440115965
True,0.00725538,30,2496,4134.862681210358
True,0.00725657,30,2497,4134.18460787948
True,0.00726513,30,2498,4129.313584202898
True,0.00726278,30,2499,4130.649696121871
True,0.00726519,30,2500,4129.279482023181
True,0.00728717,30,2501,4116.824501143791
True,0.00726367,30,2502,4130.143577557901
True,0.00726457,30,2503,4129.631898378018
True,0.00727221,30,2504,4125.293411493893
True,0.00725811,30,2505,4133.307431273431
True,0.00727385,30,2506,4124.363301415344
True,0.0072711,30,2507,4125.923175310476
True,0.00726252,30,2508,4130.797574395664
True,0.00726617,30,2509,4128.722559477689
True,0.00725453,30,2510,4135.3471555014585
True,0.00726632,30,2511,4128.637329487278
True,0.00726346,30,2512,4130.2629876119645
True,0.00726216,30,2513,4131.002346409333
True,0.0072582,30,2514,4133.256179217988
True,0.00728444,30,2515,4118.367369351659
True,0.00725653,30,2516,4134.20739664826
True,0.00727465,30,2517,4123.9097413621275
True,0.00748001,30,2518,4010.6898252809824
True,0.00742588,30,2519,4039.9252344503275
True,0.00735805,30,2520,4077.16718424039
True,0.00740514,30,2521,4051.240084589893
True,0.00738866,30,2522,4060.2761529154136
True,0.00739009,30,2523,4059.490479818243
True,0.00739455,30,2524,4057.0420106700208
True,0.0074546,30,2525,4024.3607973600197
True,0.00745674,30,2526,4023.2058513505904
True,0.00742396,30,2527,4040.9700483300016
True,0.00728831,30,2528,4116.180568609184
True,0.00726184,30,2529,4131.184383021383
True,0.00730112,30,2530,4108.958625525946
True,0.00727243,30,2531,4125.16861626719
True,0.00727545,30,2532,4123.45628105478
True,0.0072816,30,2533,4119.973632168754
True,0.00725787,30,2534,4133.444109635472
True,0.00728103,30,2535,4120.296166888476
True,0.0072687,30,2536,4127.285484336951
True,0.00727291,30,2537,4124.896361978906
True,0.00726873,30,2538,4127.2684499217885
True,0.00726448,30,2539,4129.68306059071
True,0.00726385,30,2540,4130.041231578295
True,0.00727577,30,2541,4123.274924853315
True,0.00726952,30,2542,4126.819927588066
True,0.00727024,30,2543,4126.411232641563
True,0.00729838,30,2544,4110.501234520538
True,0.00725875,30,2545,4132.942999827795
True,0.0072751,30,2546,4123.654657667936
True,0.00727209,30,2547,4125.361484800105
True,0.00727364,30,2548,4124.482377461629
True,0.00727805,30,2549,4121.98322352828
True,0.00728279,30,2550,4119.300432938476
True,0.00726686,30,2551,4128.330530655607
True,0.00727835,30,2552,4121.813323074598
True,0.00727377,30,2553,4124.408662907956
True,0.00769173,30,2554,3900.292911997691
True,0.00801229,30,2555,3744.2478991649077
True,0.008013,30,2556,3743.9161362785476
True,0.00800969,30,2557,3745.4633075687075
True,0.00803038,30,2558,3735.813249186215
True,0.00801182,30,2559,3744.467549196063
True,0.00753469,30,2560,3981.5838475106475
True,0.00727918,30,2561,4121.343338123251
True,0.00725955,30,2562,4132.487550881253
True,0.00727925,30,2563,4121.303705738916
True,0.0072716,30,2564,4125.639474118489
True,0.00727817,30,2565,4121.915261666051
True,0.00727487,30,2566,4123.785029835584
True,0.00726719,30,2567,4128.143064926058
True,0.00726664,30,2568,4128.455517267953
True,0.00727696,30,2569,4122.600646423782
True,0.0072792,30,2570,4121.332014507088
True,0.00726856,30,2571,4127.364980133616
True,0.00730283,30,2572,4107.9964890323345
True,0.0072654,30,2573,4129.160128829796
True,0.00728596,30,2574,4117.508193841306
True,0.00726939,30,2575,4126.8937283596015
True,0.00727582,30,2576,4123.246589387863
True,0.00728813,30,2577,4116.282228774734
True,0.00727708,30,2578,4122.532664200476
True,0.00726037,30,2579,4132.020819875571
True,0.00728153,30,2580,4120.013238975875
True,0.00727627,30,2581,4122.99158772283
True,0.00728225,30,2582,4119.6058910364245
True,0.00728153,30,2583,4120.013238975875
True,0.00726426,30,2584,4129.808129114322
True,0.0072725,30,2585,4125.128910278446
True,0.00729981,30,2586,4109.696005786452
True,0.00728184,30,2587,4119.837843182492
True,0.00727444,30,2588,4124.028791219668
True,0.00728191,30,2589,4119.798239747539
True,0.00726652,30,2590,4128.52369497366
True,0.00728577,30,2591,4117.615571175044
True,0.00728105,30,2592,4120.284849025896
True,0.00728149,30,2593,4120.03587177899
True,0.00729236,30,2594,4113.894541684722
True,0.00726511,30,2595,4129.324951721309
True,0.00727416,30,2596,4124.187535055594
True,0.00728062,30,2597,4120.52819677445
True,0.00727736,30,2598,4122.374047731595
True,0.00727985,30,2599,4120.964030852284
True,0.00730353,30,2600,4107.602761952097
True,0.00726808,30,2601,4127.637560401096
True,0.00727758,30,2602,4122.249429068454
True,0.00727907,30,2603,4121.405619124421
True,0.00728926,30,2604,4115.644112022345
True,0.00728677,30,2605,4117.050490134861
True,0.00727269,30,2606,4125.021140733346
True,0.00728295,30,2607,4119.209935534364
True,0.00728372,30,2608,4118.77447238499
True,0.00728508,30,2609,4118.005567543527
True,0.00728513,30,2610,4117.977304454416
True,0.0072806,30,2611,4120.539515973958
True,0.00726248,30,2612,4130.820325839108
True,0.00728248,30,2613,4119.475782975031
True,0.00741971,30,2614,4043.284710588419
True,0.00730312,30,2615,4107.833364370296
True,0.00729127,30,2616,4114.509543604887
True,0.00728219,30,2617,4119.639833621479
True,0.0072739,30,2618,4124.334950989153
True,0.0072878,30,2619,4116.468618787563
True,0.00728118,30,2620,4120.211284434666
True,0.00729101,30,2621,4114.6562684730925
True,0.00729856,30,2622,4110.399859698351
True,0.00727117,30,2623,4125.883454794758
True,0.00728703,30,2624,4116.903594468528
True,0.00728686,30,2625,4116.999640448698
True,0.00727975,30,2626,4121.020639445036
True,0.00727507,30,2627,4123.671662265792
True,0.00728793,30,2628,4116.3951904038595
True,0.00727908,30,2629,4121.399957137441
True,0.00727834,30,2630,4121.818986197402
True,0.00727278,30,2631,4124.970093966818
True,0.00727125,30,2632,4125.838060856111
True,0.00727144,30,2633,4125.730254255003
True,0.0072657,30,2634,4128.989636236013
True,0.00727416,30,2635,4124.187535055594
True,0.007276,30,2636,4123.144584936778
True,0.00728179,30,2637,4119.86613181649
True,0.00727603,30,2638,4123.127584685604
True,0.0072737,30,2639,4124.448355032514
True,0.00726218,30,2640,4130.990969653741
True,0.0072735,30,2641,4124.561765312435
True,0.00727383,30,2642,4124.3746416949525
True,0.00728655,30,2643,4117.174794655907
True,0.00726668,30,2644,4128.432791866437
True,0.00725382,30,2645,4135.751921056767
True,0.0072768,30,2646,4122.691292875989
True,0.00726531,30,2647,4129.211279353531
True,0.00727341,30,2648,4124.612801973215
True,0.00727263,30,2649,4125.055172612933
True,0.00727288,30,2650,4124.913376819087
True,0.00725905,30,2651,4132.772194708674
True,0.00726869,30,2652,4127.291162506586
True,0.00727007,30,2653,4126.507722759203
True,0.00726158,30,2654,4131.3322995821845
True,0.00726512,30,2655,4129.31926795428
True,0.00724583,30,2656,4140.312427975815
True,0.00726616,30,2657,4128.728241602167
True,0.0072885,30,2658,4116.073266104137
True,0.00726723,30,2659,4128.120342964238
True,0.00726477,30,2660,4129.518209110543
True,0.00727808,30,2661,4121.96623285262
True,0.00729499,30,2662,4112.411394669492
True,0.0073045,30,2663,4107.057293449244
True,0.00733816,30,2664,4088.2182999553024
True,0.00727167,30,2665,4125.599759064974
True,0.00726109,30,2666,4131.61109420211
True,0.00726037,30,2667,4132.020819875571
True,0.00725339,30,2668,4135.997099287368
True,0.0072534,30,2669,4135.991397137894
True,0.00725659,30,2670,4134.173213589303
True,0.00725818,30,2671,4133.2675684538
True,0.00728211,30,2672,4119.685091271624
True,0.00725072,30,2673,4137.520135931328
True,0.00726453,30,2674,4129.654636982709
True,0.0072573,30,2675,4133.7687569757345
True,0.00725724,30,2676,4133.802933346562
True,0.0072582,30,2677,4133.256179217988
True,0.00724432,30,2678,4141.175431234401
True,0.00727075,30,2679,4126.121789361482
True,0.00726528,30,2680,4129.228329809725
True,0.00727038,30,2681,4126.331773579923
True,0.0072553,30,2682,4134.908273951456
True,0.00726584,30,2683,4128.910077843718
True,0.00725377,30,2684,4135.780428659856
True,0.00727065,30,2685,4126.178539745415
True,0.00728582,30,2686,4117.587313438981
True,0.00726447,30,2687,4129.688745359262
True,0.00726464,30,2688,4129.592106422341
True,0.00725807,30,2689,4133.33021037273
True,0.00726327,30,2690,4130.371031229735
True,0.00726974,30,2691,4126.695039987675
True,0.00726938,30,2692,4126.899405451359
True,0.00726478,30,2693,4129.512524811487
True,0.00726115,30,2694,4131.57695406375
True,0.00724785,30,2695,4139.158509075105
True,0.00725969,30,2696,4132.407857635794
True,0.00734773,30,2697,4082.8936283723
True,0.00799844,30,2698,3750.7313926215606
True,0.00800085,30,2699,3749.601604829487
True,0.00802474,30,2700,3738.4388777704944
True,0.0080049,30,2701,3747.7045309747778
True,0.00800259,30,2702,3748.7863304255247
True,0.00801224,30,2703,3744.271264964604
True,0.00800902,30,2704,3745.7766368419607
True,0.0080147,30,2705,3743.1220133005604
True,0.00801312,30,2706,3743.860069486043
True,0.00801043,30,2707,3745.1173033158016
True,0.00800625,30,2708,3747.072599531616
True,0.00786134,30,2709,3816.143303813345
True,0.00728618,30,2710,4117.38386918797
True,0.00728092,30,2711,4120.358416244101
True,0.00727305,30,2712,4124.816961247345
True,0.00728607,30,2713,4117.446030576154
True,0.00730139,30,2714,4108.806679276138
True,0.00727422,30,2715,4124.153517490536
True,0.00727485,30,2716,4123.7963669354
True,0.00727338,30,2717,4124.62981447415
True,0.00725996,30,2718,4132.254172199296
True,0.00727919,30,2719,4121.337676307391
True,0.00727691,30,2720,4122.628973011896
True,0.00727463,30,2721,4123.921079147668
True,0.0072755,30,2722,4123.427943096694
True,0.00725634,30,2723,4134.315646730996
True,0.00727291,30,2724,4124.896361978906
True,0.00727319,30,2725,4124.7375635725175
True,0.00727224,30,2726,4125.276393518366
True,0.00727693,30,2727,4122.6176423299385
True,0.00729084,30,2728,4114.752209621936
True,0.00726025,30,2729,4132.089115388589
True,0.00728706,30,2730,4116.886645643099
True,0.00727364,30,2731,4124.482377461629
True,0.00727462,30,2732,4123.926748063816
True,0.00726968,30,2733,4126.729099492688
True,0.00725894,30,2734,4132.834821613073
True,0.00727088,30,2735,4126.048016196113
True,0.00726918,30,2736,4127.012950566639
True,0.00727077,30,2737,4126.110439472023
True,0.00727237,30,2738,4125.20265058021
True,0.00726415,30,2739,4129.87066621697
True,0.00726686,30,2740,4128.330530655607
True,0.00728359,30,2741,4118.847985677392
True,0.00730337,30,2742,4107.692750059219
True,0.00727578,30,2743,4123.269257729068
True,0.00727054,30,2744,4126.240966970817
True,0.00726438,30,2745,4129.739908980532
True,0.0072832,30,2746,4119.068541300528
True,0.00727697,30,2747,4122.59498115287
True,0.0072681,30,2748,4127.626202171131
True,0.00726846,30,2749,4127.42176472045
True,0.0072652,30,2750,4129.273798381325
True,0.00725179,30,2751,4136.909645756427
True,0.00726918,30,2752,4127.012950566639
True,0.00726741,30,2753,4128.018097231338
True,0.00741504,30,2754,4045.831175556706
True,0.00726856,30,2755,4127.364980133616
True,0.00726059,30,2756,4131.895617298319
True,0.00729173,30,2757,4114.2499790858965
True,0.0072658,30,2758,4128.932808500096
True,0.00727162,30,2759,4125.628126882318
True,0.00726817,30,2760,4127.586448858516
True,0.00726955,30,2761,4126.802897015634
True,0.00725877,30,2762,4132.93161238061
True,0.00727316,30,2763,4124.754577102663
True,0.00727955,30,2764,4121.133861296371
True,0.00727814,30,2765,4121.9322519215075
True,0.00727666,30,2766,4122.770611791674
True,0.00725935,30,2767,4132.6014037069435
True,0.00728054,30,2768,4120.573473945614
True,0.00727421,30,2769,4124.159187045741
True,0.00727464,30,2770,4123.915410247105
True,0.00728681,30,2771,4117.0278901192705
True,0.00726789,30,2772,4127.745466703541
True,0.00725858,30,2773,4133.039795662513
True,0.00727289,30,2774,4124.907705190097
True,0.00727284,30,2775,4124.936063491016
True,0.00726608,30,2776,4128.773699161033
True,0.00727613,30,2777,4123.07091819415
True,0.00725588,30,2778,4134.577749356384
True,0.00727885,30,2779,4121.53018677401
True,0.00726923,30,2780,4126.984563702071
True,0.00727189,30,2781,4125.474945303078
True,0.00726995,30,2782,4126.575836147429
True,0.00726628,30,2783,4128.660057140655
True,0.00725664,30,2784,4134.144728138643
True,0.00729415,30,2785,4112.884983171445
True,0.00728155,30,2786,4120.001922667564
True,0.00728181,30,2787,4119.854816316273
True,0.00727301,30,2788,4124.839646858728
True,0.00727198,30,2789,4125.4238873044205
True,0.00726853,30,2790,4127.382015345606
True,0.00726918,30,2791,4127.012950566639
True,0.00727246,30,2792,4125.151599321275
True,0.00727557,30,2793,4123.388270609726
True,0.00727189,30,2794,4125.474945303078
True,0.00725639,30,2795,4134.287159317512
True,0.00727363,30,2796,4124.488047921052
True,0.00727644,30,2797,4122.895261968764
True,0.0072715,30,2798,4125.696211235646
True,0.00729152,30,2799,4114.368471868691
True,0.00725172,30,2800,4136.949578858533
True,0.00727083,30,2801,4126.0763901782875
True,0.00727244,30,2802,4125.162943936286
True,0.00727207,30,2803,4125.372830569562
True,0.00726674,30,2804,4128.39870423326
True,0.00727118,30,2805,4125.877780497801
True,0.00725049,30,2806,4137.651386320097
True,0.00726874,30,2807,4127.262771814648
True,0.0072782,30,2808,4121.898271550658
True,0.00727169,30,2809,4125.588412047268
True,0.00727015,30,2810,4126.4623150829075
True,0.0072572,30,2811,4133.825717907733
True,0.00726845,30,2812,4127.42744326507
True,0.00727201,30,2813,4125.406868252381
True,0.00729741,30,2814,4111.0476182645625
True,0.0072777,30,2815,4122.1814584278
True,0.00727535,30,2816,4123.512958139471
True,0.0072665,30,2817,4128.535058143535
True,0.00727494,30,2818,4123.745350477117
True,0.00728654,30,2819,4117.1804450397585
True,0.00727875,30,2820,4121.586810922206
True,0.0072746,30,2821,4123.938085942869
True,0.00727064,30,2822,4126.184214869668
True,0.00728307,30,2823,4119.142065090683
True,0.00726882,30,2824,4127.217347519955
True,0.00730031,30,2825,4109.414531711667
True,0.00727698,30,2826,4122.589315897529
True,0.00726991,30,2827,4126.598541109863
True,0.00728757,30,2828,4116.59853696088
True,0.00727102,30,2829,4125.968571122071
True,0.00726826,30,2830,4127.535338581723
True,0.00728156,30,2831,4119.9962645367195
True,0.00732188,30,2832,4097.308341573475
True,0.00731088,30,2833,4103.473179699297
True,0.00730909,30,2834,4104.478122447527
True,0.00727258,30,2835,4125.083532941542
True,0.00727627,30,2836,4122.99158772283
True,0.00727379,30,2837,4124.397322441258
True,0.00727252,30,2838,4125.117565850626
True,0.00726818,30,2839,4127.580769876366
True,0.00727633,30,2840,4122.957589883911
True,0.0072778,30,2841,4122.124817939487
True,0.00729536,30,2842,4112.202824809194
True,0.00728319,30,2843,4119.074196883508
True,0.00726981,30,2844,4126.655304609061
True,0.00726449,30,2845,4129.6773758378085
True,0.00726948,30,2846,4126.842635236633
True,0.00776941,30,2847,3861.2970611668065
True,0.00799752,30,2848,3751.162860486751
True,0.00800299,30,2849,3748.5989611382747
True,0.00801003,30,2850,3745.304324702904
True,0.00801513,30,2851,3742.9212002799704
True,0.00800203,30,2852,3749.0486788977296
True,0.0074438,30,2853,4030.199629221634
True,0.00727038,30,2854,4126.331773579923
True,0.00726847,30,2855,4127.416086191454
True,0.00727563,30,2856,4123.354266228492
True,0.00727276,30,2857,4124.981437583531
True,0.007272,30,2858,4125.412541254125
True,0.00727227,30,2859,4125.259375683246
True,0.00727137,30,2860,4125.7699718209915
True,0.00726746,30,2861,4127.9896965377175
True,0.00725305,30,2862,4136.19098172493
True,0.00726864,30,2863,4127.319553589117
True,0.0072775,30,2864,4122.294744074201
True,0.00728056,30,2865,4120.5621545595395
True,0.007273,30,2866,4124.845318300564
True,0.00725417,30,2867,4135.5523788386545
True,0.00726524,30,2868,4129.251063970358
True,0.0072629,30,2869,4130.581448181856
True,0.00729466,30,2870,4112.597434287548
True,0.00727348,30,2871,4124.573106683459
True,0.00726712,30,2872,4128.1828289611285
True,0.00726296,30,2873,4130.547325057552
True,0.00727097,30,2874,4125.9969440115965
True,0.00728617,30,2875,4117.389520145701
True,0.00727632,30,2876,4122.963256151461
True,0.00728244,30,2877,4119.498409873614
True,0.00727416,30,2878,4124.187535055594
True,0.00727961,30,2879,4121.0998940877325
True,0.00729246,30,2880,4113.838128697312
True,0.00728013,30,2881,4120.805535065994
True,0.00729502,30,2882,4112.394482811562
True,0.00728258,30,2883,4119.419216816018
True,0.00726767,30,2884,4127.8704178918415
True,0.00731799,30,2885,4099.486334362305
True,0.00728571,30,2886,4117.649480970283
True,0.0072896,30,2887,4115.452151009657
True,0.00728709,30,2888,4116.869696957221
True,0.00726721,30,2889,4128.131703913882
True,0.00728996,30,2890,4115.248917689535
True,0.00728207,30,2891,4119.707720469592
True,0.00728388,30,2892,4118.683998088931
True,0.00729039,30,2893,4115.00619308432
True,0.00742224,30,2894,4041.9064864515294
True,0.00726886,30,2895,4127.194635747559
True,0.00728484,30,2896,4118.141235771822
True,0.00727916,30,2897,4121.354661801636
True,0.00727705,30,2898,4122.549659546107
True,0.00731187,30,2899,4102.917584694476
True,0.00727852,30,2900,4121.717052367789
True,0.00727158,30,2901,4125.650821417079
True,0.00728239,30,2902,4119.526693846388
True,0.00727183,30,2903,4125.508984670983
True,0.00727754,30,2904,4122.272086446794
True,0.00728853,30,2905,4116.056324114739
True,0.00727249,30,2906,4125.134582515754
True,0.00727857,30,2907,4121.68873830986
True,0.00728414,30,2908,4118.536985834979
True,0.00728065,30,2909,4120.511218091791
True,0.00728205,30,2910,4119.719035161802
True,0.00727258,30,2911,4125.083532941542
True,0.00726843,30,2912,4127.438800401187
True,0.00729391,30,2913,4113.020314207332
True,0.00727902,30,2914,4121.43392929268
True,0.00728424,30,2915,4118.480445454845
True,0.00728142,30,2916,4120.075479782789
True,0.00726785,30,2917,4127.768184538756
True,0.00728653,30,2918,4117.186095439119
True,0.00728555,30,2919,4117.7399098214955
True,0.00728737,30,2920,4116.7115159515715
True,0.00727862,30,2921,4121.660424640934
True,0.00728714,30,2922,4116.841449457537
True,0.00726975,30,2923,4126.689363458166
True,0.00728162,30,2924,4119.962316078016
True,0.00727511,30,2925,4123.648989499815
True,0.00727141,30,2926,4125.747275975361
True,0.00730276,30,2927,4108.035865891799
True,0.00726032,30,2928,4132.049276064967
True,0.00728556,30,2929,4117.734257901932
True,0.00727405,30,2930,4124.249902049065
True,0.00728564,30,2931,4117.689043103968
True,0.0072815,30,2932,4120.030213554899
True,0.00727674,30,2933,4122.725286323271
True,0.00726331,30,2934,4130.348284735196
True,0.00727561,30,2935,4123.36560095992
True,0.00727338,30,2936,4124.62981447415
True,0.00728269,30,2937,4119.35699583533
True,0.00727621,30,2938,4123.025586122446
True,0.00726669,30,2939,4128.42711055515
True,0.00728319,30,2940,4119.074196883508
True,0.00728537,30,2941,4117.841647026849
True,0.00730563,30,2942,4106.422033418063
True,0.00728691,30,2943,4116.971391165803
True,0.00729174,30,2944,4114.24433674267
True,0.00727251,30,2945,4125.123238056737
True,0.00727794,30,2946,4122.0455238707655
True,0.007277,30,2947,4122.577985433558
True,0.00728214,30,2948,4119.66811953629
True,0.00728198,30,2949,4119.758637073983
True,0.00729258,30,2950,4113.770435154636
True,0.007279,30,2951,4121.4452534688835
True,0.00727677,30,2952,4122.708289529558
True,0.00727526,30,2953,4123.563968847849
True,0.00729056,30,2954,4114.910240091296
True,0.0072794,30,2955,4121.218781767728
True,0.00727876,30,2956,4121.581148437372
True,0.00727763,30,2957,4122.221107695775
True,0.00727985,30,2958,4120.964030852284
True,0.00728373,30,2959,4118.768817625035
True,0.00727927,30,2960,4121.292382340537
True,0.00727167,30,2961,4125.599759064974
True,0.00726123,30,2962,4131.531434756922
True,0.00728541,30,2963,4117.819038324542
True,0.00727463,30,2964,4123.921079147668
True,0.00727542,30,2965,4123.4732840165925
True,0.00727699,30,2966,4122.583650657758
True,0.00726012,30,2967,4132.163104742071
True,0.00727444,30,2968,4124.028791219668
True,0.00727924,30,2969,4121.309367461438
True,0.00729572,30,2970,4111.999912277335
True,0.00728061,30,2971,4120.533856366431
True,0.00728528,30,2972,4117.89251751477
True,0.00726961,30,2973,4126.7688362924555
True,0.0072802,30,2974,4120.765913024367
True,0.00727589,30,2975,4123.206920390495
True,0.00728292,30,2976,4119.226903494752
True,0.00727677,30,2977,4122.708289529558
True,0.00726359,30,2978,4130.189066288158
True,0.00728121,30,2979,4120.194308363582
True,0.00727398,30,2980,4124.289591117929
True,0.0072769,30,2981,4122.634638376231
True,0.00727885,30,2982,4121.53018677401
True,0.00728014,30,2983,4120.799874727683
True,0.00726697,30,2984,4128.268040187313
True,0.00730885,30,2985,4104.612900798347
True,0.0072841,30,2986,4118.559602421713
True,0.00727601,30,2987,4123.138918170811
True,0.00727948,30,2988,4121.17349041415
True,0.00727028,30,2989,4126.388529740258
True,0.00749633,30,2990,4001.9582915906853
True,0.00801352,30,2991,3743.6731923050047
True,0.00801744,30,2992,3741.8427827336404
True,0.00802214,30,2993,3739.6505171936665
True,0.00801536,30,2994,3742.8137975087834
True,0.0080102,30,2995,3745.2248383311276
True,0.00801541,30,2996,3742.790449895888
True,0.00802104,30,2997,3740.163370336016
True,0.00803232,30,2998,3734.91095972272
True,0.00801155,30,2999,3744.593742783856
True,0.00801785,30,3000,3741.651440224
True,0.0080378,30,3001,3732.364577371918
True,0.00807304,30,3002,3716.0722602637916
True,0.00804097,30,3003,3730.8931633870043
True,0.00803845,30,3004,3732.0627732958465
True,0.00800283,30,3005,3748.673906605538
True,0.00731447,30,3006,4101.459162454696
True,0.00726879,30,3007,4127.234381513292
True,0.00726092,30,3008,4131.707827658203
True,0.00726793,30,3009,4127.722749118388
True,0.007261,30,3010,4131.6623054675665
True,0.0072476,30,3011,4139.301285942933
True,0.00728542,30,3012,4117.813386187756
True,0.00726351,30,3013,4130.234556020437
True,0.0072596,30,3014,4132.459088655022
True,0.00726313,30,3015,4130.450645933641
True,0.00724791,30,3016,4139.124244092435
True,0.00726784,30,3017,4127.773864036632
True,0.0072656,30,3018,4129.046465536226
True,0.00727051,30,3019,4126.257992905587
True,0.00725852,30,3020,4133.073959980822
True,0.00726347,30,3021,4130.257301262344
True,0.0072505,30,3022,4137.645679608303
True,0.00726336,30,3023,4130.319851969337
True,0.00727711,30,3024,4122.515668994972
True,0.00727419,30,3025,4124.170526202917
True,0.0072845,30,3026,4118.333447731485
True,0.00725212,30,3027,4136.721400087147
True,0.00726521,30,3028,4129.268114755114
True,0.00726923,30,3029,4126.984563702071
True,0.00726286,30,3030,4130.604197244612
True,0.00726644,30,3031,4128.56914802847
True,0.00725246,30,3032,4136.52746792123
True,0.00740222,30,3033,4052.838202593276
True,0.00727163,30,3034,4125.6224532876395
True,0.00727218,30,3035,4125.310429609828
True,0.00726615,30,3036,4128.733923742285
True,0.00727574,30,3037,4123.291926319522
True,0.00725144,30,3038,4137.109318976645
True,0.00727345,30,3039,4124.590118856939
True,0.0072922,30,3040,4113.984805682784
True,0.00727138,30,3041,4125.764297836174
True,0.00726817,30,3042,4127.586448858516
True,0.007266,30,3043,4128.819157720892
True,0.00725846,30,3044,4133.108124863951
True,0.0072687,30,3045,4127.285484336951
True,0.00726674,30,3046,4128.39870423326
True,0.00726596,30,3047,4128.841887376204
True,0.00726909,30,3048,4127.06404790696
True,0.0072544,30,3049,4135.421261579179
True,0.00726751,30,3050,4127.9612962348865
True,0.00728246,30,3051,4119.487096393252
True,0.0072718,30,3052,4125.526004565582
True,0.00727551,30,3053,4123.422275551817
True,0.00727903,30,3054,4121.428267227914
True,0.00727011,30,3055,4126.485018796139
True,0.00727199,30,3056,4125.418214271472
True,0.00728108,30,3057,4120.267872348608
True,0.00728062,30,3058,4120.52819677445
True,0.0072736,30,3059,4124.505059392873
True,0.0072629,30,3060,4130.581448181856
True,0.00726631,30,3061,4128.643011377164
True,0.00726652,30,3062,4128.52369497366
True,0.00727307,30,3063,4124.805618535226
True,0.00727436,30,3064,4124.074145354368
True,0.00727626,30,3065,4122.997254083829
True,0.00725811,30,3066,4133.307431273431
True,0.00726778,30,3067,4127.8079413521045
True,0.00728025,30,3068,4120.737612032553
True,0.0072893,30,3069,4115.621527444336
True,0.00727837,30,3070,4121.801996875674
True,0.00726162,30,3071,4131.309542498781
True,0.00727188,30,3072,4125.480618492054
True,0.00727636,30,3073,4122.940591174708
True,0.00727661,30,3074,4122.7989407155255
True,0.0072825,30,3075,4119.46446961895
True,0.00727615,30,3076,4123.05958508277
True,0.00725678,30,3077,4134.064970965083
True,0.0072706,30,3078,4126.20691552279
True,0.00728061,30,3079,4120.533856366431
True,0.00727752,30,3080,4122.2834152293635
True,0.00733245,30,3081,4091.4019188675
True,0.0072841,30,3082,4118.559602421713
True,0.00731751,30,3083,4099.755244611896
True,0.00727554,30,3084,4123.405273010663
True,0.00727554,30,3085,4123.405273010663
True,0.0072707,30,3086,4126.150164358315
True,0.00727742,30,3087,4122.340060076236
True,0.00726259,30,3088,4130.757759972682
True,0.00727259,30,3089,4125.0778608446235
True,0.00727387,30,3090,4124.351961198096
True,0.00728025,30,3091,4120.737612032553
True,0.0072782,30,3092,4121.898271550658
True,0.00726178,30,3093,4131.218516672221
True,0.00727213,30,3094,4125.338793448412
True,0.00727129,30,3095,4125.815364261362
True,0.00726653,30,3096,4128.518013412178
True,0.00728862,30,3097,4116.005498983347
True,0.00726275,30,3098,4130.6667584592615
True,0.00726748,30,3099,4127.978336369691
True,0.00726635,30,3100,4128.620283911455
True,0.0072729,30,3101,4124.902033576703
True,0.00727832,30,3102,4121.830312489696
True,0.00727721,30,3103,4122.459019321966
True,0.00726609,30,3104,4128.768016911434
True,0.00727907,30,3105,4121.405619124421
True,0.00727938,30,3106,4121.230104761669
True,0.00727911,30,3107,4121.382971269839
True,0.00727772,30,3108,4122.170130205614
True,0.007287,30,3109,4116.920543433512
True,0.0072685,30,3110,4127.399050698218
True,0.00727824,30,3111,4121.875618281343
True,0.00729541,30,3112,4112.174641315567
True,0.0072779,30,3113,4122.068179007681
True,0.0072764,30,3114,4122.917926447144
True,0.00727045,30,3115,4126.292045196652
True,0.00728194,30,3116,4119.781267079927
True,0.0072774,30,3117,4122.351389232418
True,0.00727937,30,3118,4121.235766281972
True,0.00728497,30,3119,4118.067747705207
True,0.00728384,30,3120,4118.706616290308
True,0.00726882,30,3121,4127.217347519955
True,0.00726923,30,3122,4126.984563702071
True,0.00728506,30,3123,4118.016872887801
True,0.007283,30,3124,4119.181655911026
True,0.00728189,30,3125,4119.809554936974
True,0.00728326,30,3126,4119.034608128778
True,0.0072802,30,3127,4120.765913024367
True,0.00727804,30,3128,4121.98888711796
True,0.00727826,30,3129,4121.864291740058
True,0.00727026,30,3130,4126.399881159684
True,0.00727595,30,3131,4123.172919000268
True,0.00726823,30,3132,4127.5523752000145
True,0.00727847,30,3133,4121.745366814729
True,0.00727873,30,3134,4121.59813593855
True,0.00727338,30,3135,4124.62981447415
True,0.00727534,30,3136,4123.518625933633
True,0.00726745,30,3137,4127.995376645178
True,0.00727644,30,3138,4122.895261968764
True,0.00730354,30,3139,4107.597137826315
True,0.00730368,30,3140,4107.51840168244
True,0.00727829,30,3141,4121.847302044848
True,0.00727367,30,3142,4124.465366176909
True,0.00752655,30,3143,3985.889949578492
True,0.00800333,30,3144,3748.439711969893
True,0.00769193,30,3145,3900.191499402621
True,0.00727591,30,3146,4123.195586531444
True,0.00727601,30,3147,4123.138918170811
True,0.00726709,30,3148,4128.19987092495
True,0.00726748,30,3149,4127.978336369691
True,0.00725883,30,3150,4132.897450415563
True,0.00728382,30,3151,4118.717925484156
True,0.00727581,30,3152,4123.252256449798
True,0.0072815,30,3153,4120.030213554899
True,0.00729313,30,3154,4113.460201586973
True,0.00727642,30,3155,4122.906594176807
True,0.0072585,30,3156,4133.08534821244
True,0.00727106,30,3157,4125.945873091406
True,0.00726807,30,3158,4127.64323953952
True,0.00726796,30,3159,4127.705711093622
True,0.00727365,30,3160,4124.476707017797
True,0.00726063,30,3161,4131.872854008537
True,0.00726821,30,3162,4127.563733023674
True,0.00727964,30,3163,4121.082910693386
True,0.00726912,30,3164,4127.047015319598
True,0.007281,30,3165,4120.313143798929
True,0.00726941,30,3166,4126.882374222942
True,0.00725514,30,3167,4134.99946245007
True,0.00726626,30,3168,4128.671421061179
True,0.00729179,30,3169,4114.216125258681
True,0.00726724,30,3170,4128.114662512866
True,0.00728454,30,3171,4118.310833628479
True,0.00731207,30,3172,4102.805361546047
True,0.00730182,30,3173,4108.56471400281
True,0.00745272,30,3174,4025.3759701156087
True,0.00728719,30,3175,4116.8132023454855
True,0.00727944,30,3176,4121.196135966503
True,0.0072766,30,3177,4122.8046065470135
True,0.00726622,30,3178,4128.694149089898
True,0.00727537,30,3179,4123.501622597889
True,0.00727174,30,3180,4125.560044776079
True,0.00727923,30,3181,4121.315029199517
True,0.00727122,30,3182,4125.855083466048
True,0.00730369,30,3183,4107.512777787666
True,0.00725952,30,3184,4132.504628405184
True,0.00727556,30,3185,4123.393938061125
True,0.00727471,30,3186,4123.87572837955
True,0.00727712,30,3187,4122.51000395761
True,0.00727268,30,3188,4125.026812674282
True,0.00726003,30,3189,4132.2143296928525
True,0.00726518,30,3190,4129.285165680685
True,0.0072758,30,3191,4123.25792352731
True,0.00727005,30,3192,4126.519074834423
True,0.0072677,30,3193,4127.85337864799
True,0.00726768,30,3194,4127.864738128261
True,0.0072497,30,3195,4138.102266300674
True,0.00726853,30,3196,4127.382015345606
True,0.00728725,30,3197,4116.779306322686
True,0.00726554,30,3198,4129.080563867242
True,0.0072661,30,3199,4128.762334677474
True,0.00725202,30,3200,4136.778442420181
True,0.00726802,30,3201,4127.671635466056
True,0.00726414,30,3202,4129.876351502036
True,0.00726967,30,3203,4126.734776131517
True,0.00727455,30,3204,4123.966430913252
True,0.00726581,30,3205,4128.927125812538
True,0.00726469,30,3206,4129.563684066354
True,0.00727368,30,3207,4124.459695779853
True,0.00727458,30,3208,4123.949423884265
True,0.00728007,30,3209,4120.839497422415
True,0.00727403,30,3210,4124.26124170508
True,0.00726268,30,3211,4130.706571128014
True,0.00729608,30,3212,4111.79701976952
True,0.00727876,30,3213,4121.581148437372
True,0.00727453,30,3214,4123.977769010507
True,0.00728429,30,3215,4118.4521758469255
True,0.00727346,30,3216,4124.584448116852
True,0.00726397,30,3217,4129.973003743133
True,0.00727679,30,3218,4122.696958411608
True,0.00728344,30,3219,4118.932811967971
True,0.00727923,30,3220,4121.315029199517
True,0.00728897,30,3221,4115.807857625975
True,0.00726281,30,3222,4130.6326339254365
True,0.00728126,30,3223,4120.1660152226395
True,0.00728703,30,3224,4116.903594468528
True,0.00728625,30,3225,4117.344312918168
True,0.00729576,30,3226,4111.977367676568
True,0.00727437,30,3227,4124.068476032976
True,0.00725883,30,3228,4132.897450415563
True,0.00727559,30,3229,4123.376935753664
True,0.0072799,30,3230,4120.935727139109
True,0.00727099,30,3231,4125.98559480896
True,0.00726765,30,3232,4127.881777465894
True,0.00725369,30,3233,4135.826041642254
True,0.00727504,30,3234,4123.688667003893
True,0.0072863,30,3235,4117.3160589050685
True,0.0072751,30,3236,4123.654657667936
True,0.00727693,30,3237,4122.6176423299385
True,0.00727243,30,3238,4125.16861626719
True,0.00726372,30,3239,4130.115147610315
True,0.00729611,30,3240,4111.780112964306
True,0.00727894,30,3241,4121.479226370872
True,0.00727552,30,3242,4123.4166080225195
True,0.00728034,30,3243,4120.686671226894
True,0.00726339,30,3244,4130.302792497718
True,0.00726898,30,3245,4127.126501930119
True,0.0072777,30,3246,4122.1814584278
True,0.00727484,30,3247,4123.802035508685
True,0.00727927,30,3248,4121.292382340537
True,0.00728302,30,3249,4119.170344170413
True,0.00725923,30,3250,4132.669718413661
True,0.00728045,30,3251,4120.624411952558
True,0.0072788,30,3252,4121.558498653624
True,0.00727583,30,3253,4123.240922341506
True,0.00730161,30,3254,4108.6828795293095
True,0.00727664,30,3255,4122.781943314497
True,0.00726628,30,3256,4128.660057140655
True,0.00728125,30,3257,4120.171673819742
True,0.0072803,30,3258,4120.709311429474
True,0.00727589,30,3259,4123.206920390495
True,0.00728038,30,3260,4120.664031273092
True,0.00726367,30,3261,4130.143577557901
True,0.00727501,30,3262,4123.705671882238
True,0.00727592,30,3263,4123.189919625284
True,0.00726695,30,3264,4128.279401949923
True,0.00726677,30,3265,4128.381660627762
True,0.00726947,30,3266,4126.848312187821
True,0.00725755,30,3267,4133.626361513183
True,0.00727738,30,3268,4122.362718450871
True,0.00729997,30,3269,4109.605929887383
True,0.00727856,30,3270,4121.694401090325
True,0.00727193,30,3271,4125.452252703202
True,0.00725806,30,3272,4133.335905186786
True,0.00727979,30,3273,4120.997995821308
True,0.00726706,30,3274,4128.216913029479
True,0.00728134,30,3275,4120.120747005359
True,0.0072728,30,3276,4124.958750412496
True,0.00727062,30,3277,4126.195565165007
True,0.00726287,30,3278,4130.598509955431
True,0.00727062,30,3279,4126.195565165007
True,0.00727476,30,3280,4123.847384655989
True,0.00728065,30,3281,4120.511218091791
True,0.00728556,30,3282,4117.734257901932
True,0.00798236,30,3283,3758.287022885462
True,0.00801043,30,3284,3745.1173033158016
True,0.00800182,30,3285,3749.147069041793
True,0.00801026,30,3286,3745.1967851230797
True,0.0080088,30,3287,3745.879532514234
True,0.00800588,30,3288,3747.2457743558484
True,0.00802478,30,3289,3738.4202432963893
True,0.00801284,30,3290,3743.990894614144
True,0.00801152,30,3291,3744.6077648186615
True,0.00801381,30,3292,3743.537718014278
True,0.00802214,30,3293,3739.6505171936665
True,0.0080122,30,3294,3744.289957814333
True,0.00801381,30,3295,3743.537718014278
True,0.00803999,30,3296,3731.347924562095
True,0.00801343,30,3297,3743.7152380441335
True,0.00763395,30,3298,3929.8135303479853
True,0.00727035,30,3299,4126.348800264086
True,0.00728407,30,3300,4118.576565024773
True,0.00729196,30,3301,4114.120209107016
True,0.00728064,30,3302,4120.516877637131
True,0.00728214,30,3303,4119.66811953629
True,0.00727042,30,3304,4126.309071552951
True,0.00729266,30,3305,4113.725307363842
True,0.00728107,30,3306,4120.273531225493
True,0.00728292,30,3307,4119.226903494752
True,0.0072723,30,3308,4125.242357988532
True,0.00727776,30,3309,4122.147473948028
True,0.00729238,30,3310,4113.883258963466
True,0.00728835,30,3311,4116.157978143201
True,0.00727598,30,3312,4123.155918515444
True,0.00741699,30,3313,4044.7674865410363
True,0.00727992,30,3314,4120.924405762701
True,0.00728504,30,3315,4118.028178294148
True,0.00727138,30,3316,4125.764297836174
True,0.00729509,30,3317,4112.35502235065
True,0.0072872,30,3318,4116.807552969591
True,0.00727861,30,3319,4121.6660873436
True,0.00728061,30,3320,4120.533856366431
True,0.00727721,30,3321,4122.459019321966
True,0.00729258,30,3322,4113.770435154636
True,0.0072796,30,3323,4121.1055552502885
True,0.00730223,30,3324,4108.334029467711
True,0.00727746,30,3325,4122.3174019506805
True,0.00728305,30,3326,4119.15337667598
True,0.00726944,30,3327,4126.865343135097
True,0.00728034,30,3328,4120.686671226894
True,0.00727731,30,3329,4122.402371205843
True,0.00727716,30,3330,4122.487343963854
True,0.00727975,30,3331,4121.020639445036
True,0.00726308,30,3332,4130.479080500284
False,0.00243867,10,3333,4100.595816572148
