passage,samples,accelerator_mean_ms,device_call_mean_ms,application_e2e_mean_ms,passage_duration_ms,passage_throughput_inf_s
0,30,0.18348899999999996,0.499541,0.7082373333333333,22.07822,1358.8051935346239
1,30,0.17888,0.4887466666666667,0.6957639999999999,21.70136,1382.4018402533297
2,30,0.17883833333333332,0.4881196666666668,0.6946599999999999,21.64388,1386.0731070399577
3,30,0.17984566666666668,0.4921106666666667,0.6987726666666666,21.77075,1377.9957052467187
4,30,0.18583900000000003,0.5047273333333334,0.7122876666666668,22.20668,1350.9448508286696
5,30,0.17799999999999996,0.4878313333333333,0.6928443333333334,21.60374,1388.6484469818652
6,30,0.1784506666666667,0.48913433333333345,0.6955406666666666,21.67034,1384.3806788449097
7,30,0.17787599999999998,0.48657100000000003,0.693223,21.60471,1388.586099975422
8,30,0.18485966666666667,0.500571,0.7107733333333335,22.14701,1354.5846595093421
9,30,0.17735366666666666,0.4858413333333333,0.6917319999999999,21.55933,1391.508919804094
10,30,0.179347,0.48665666666666657,0.6923173333333335,21.57616,1390.4235044604786
11,30,0.17869066666666666,0.48618599999999995,0.6919379999999999,21.56133,1391.3798453063887
12,30,0.18004866666666666,0.48917200000000005,0.6964793333333332,21.70511,1382.1630021686137
13,30,0.18435666666666667,0.4957843333333333,0.7039956666666668,21.9613,1366.039351040239
14,30,0.17903933333333333,0.486077,0.6941450000000001,21.64043,1386.2940801083898
15,30,0.178257,0.48522566666666667,0.6913153333333335,21.54479,1392.4480117931064
16,30,0.17879233333333336,0.486334,0.6926056666666667,21.58365,1389.9409970046772
17,30,0.18489999999999998,0.503132,0.7127983333333333,22.20728,1350.908350775061
18,30,0.17841333333333337,0.4877623333333334,0.6932326666666667,21.62896,1387.0292422751718
19,30,0.178259,0.48538033333333336,0.6904316666666667,21.52172,1393.9406329977344
20,30,0.17855533333333332,0.48565299999999995,0.6913473333333333,21.54717,1392.294208473781
21,30,0.18487166666666668,0.4930823333333334,0.6994113333333335,21.78965,1376.8004534262827
22,30,0.18444599999999997,0.497793,0.705698,21.99445,1363.9804587066283
23,30,0.17887433333333333,0.48534166666666667,0.6901703333333333,21.51312,1394.497869207256
24,30,0.17955899999999997,0.485953,0.6919893333333333,21.58312,1389.975128711697
25,30,0.1780313333333333,0.48491333333333325,0.6901906666666666,21.5135,1394.4732377344458
26,30,0.18528733333333333,0.49626033333333325,0.7054746666666667,22.02478,1362.1021413153728
27,30,0.17762300000000003,0.4819576666666666,0.6873196666666668,21.43251,1399.7427272867249
28,30,0.17890966666666666,0.4844616666666666,0.6893166666666666,21.49074,1395.9500696579084
29,30,0.178885,0.48288000000000003,0.6881006666666666,21.45662,1398.1698888268515
30,30,0.1796146666666667,0.48541000000000006,0.6907433333333334,21.55183,1391.9931625295856
31,30,0.18370333333333336,0.49546099999999993,0.7047346666666666,21.98667,1364.46310423543
32,30,0.17904766666666666,0.48386100000000004,0.6887513333333334,21.4755,1396.9406998672905
33,30,0.17838933333333337,0.48252899999999993,0.6876086666666665,21.43684,1399.4599950365819
34,30,0.17834533333333338,0.4830463333333333,0.6854460000000001,21.37279,1403.6538982510006
35,30,0.186875,0.50253,0.7087343333333334,22.1035,1357.2511140769561
36,30,0.17687133333333332,0.48166233333333336,0.6837386666666666,21.32455,1406.8292179670848
37,30,0.17853233333333332,0.4828536666666666,0.6844003333333332,21.35644,1404.7285034397119
38,30,0.1785706666666667,0.483153,0.6846306666666666,21.34709,1405.3437728514753
39,30,0.17896466666666672,0.4833486666666666,0.6846096666666666,21.34712,1405.341797863131
40,30,0.18761,0.4985696666666665,0.70323,21.92478,1368.3147561799935
41,30,0.17746800000000001,0.48162733333333335,0.684075,21.34179,1405.6927745985693
42,30,0.1785613333333333,0.4827756666666666,0.6846730000000001,21.34604,1405.412900940877
43,30,0.17858733333333332,0.48258699999999993,0.683922,21.34052,1405.7764290654584
44,30,0.18956833333333334,0.5006836666666666,0.705292,21.98806,1364.376848162139
45,30,0.17716933333333337,0.48130966666666664,0.6838103333333333,21.32729,1406.6484771389146
46,30,0.17824133333333333,0.48214066666666666,0.6839093333333331,21.32932,1406.5146005592303
47,30,0.1787106666666667,0.4833076666666667,0.6846580000000001,21.36362,1404.256394749579
48,30,0.1789413333333333,0.4837266666666667,0.685396,21.38471,1402.8714908923243
49,30,0.18658999999999998,0.4955883333333333,0.7001863333333332,21.84545,1373.2836814988934
50,30,0.1780133333333333,0.4817323333333334,0.6831263333333333,21.32265,1406.9545764714987
51,30,0.17869500000000002,0.4823506666666667,0.684384,21.34109,1405.7388821283262
52,30,0.17971266666666663,0.4833556666666667,0.6852423333333334,21.39082,1402.4707795213085
53,30,0.18710366666666667,0.4963696666666666,0.7004016666666666,21.8484,1373.0982589114076
54,30,0.17852966666666667,0.48449033333333336,0.6862340000000002,21.40241,1401.711302605641
55,30,0.17696033333333333,0.4829176666666665,0.6847163333333331,21.34743,1405.3213899752805
56,30,0.179231,0.4842686666666666,0.6865379999999999,21.40134,1401.7813837825108
57,30,0.178588,0.48277833333333336,0.6844186666666665,21.33979,1405.824518423096
58,30,0.18525266666666662,0.494961,0.7006293333333333,21.85529,1372.6653821569057
59,30,0.17765033333333335,0.48206266666666675,0.6838883333333333,21.32503,1406.7975519846866
60,30,0.1771426666666667,0.48256933333333335,0.684614,21.34738,1405.3246815300051
61,30,0.17847133333333337,0.48262933333333347,0.6842503333333334,21.35167,1405.0423222164825
62,30,0.1826106666666667,0.49277966666666667,0.6976153333333333,21.74862,1379.3978652438639
63,30,0.18052499999999996,0.485887,0.6882066666666666,21.46329,1397.7353891225437
64,30,0.17780433333333334,0.4866516666666666,0.6883796666666665,21.48886,1396.0721974083317
65,30,0.17791800000000005,0.48240133333333335,0.6841700000000001,21.32994,1406.4737172256464
66,30,0.17842100000000002,0.48277499999999995,0.684322,21.33695,1406.0116370896496
67,30,0.18891966666666665,0.5007703333333333,0.7065856666666667,22.05919,1359.9774062420242
68,30,0.178303,0.482469,0.6850226666666667,21.3647,1404.185408641357
69,30,0.1763313333333333,0.481905,0.6831203333333334,21.32068,1407.0845770397566
70,30,0.17856766666666665,0.4832286666666666,0.6844290000000001,21.35643,1404.7291611940761
71,30,0.17966133333333334,0.4857956666666667,0.6886636666666669,21.47145,1397.2041944069917
72,30,0.1841023333333333,0.4944056666666666,0.6976666666666665,21.77315,1377.8438122182595
73,30,0.17800099999999994,0.48145800000000005,0.683932,21.3271,1406.6610087634979
74,30,0.17857666666666666,0.4826520000000001,0.6847720000000002,21.35252,1404.9863903651653
75,30,0.17835499999999999,0.482177,0.6833823333333334,21.33585,1406.0841260132593
76,30,0.18414099999999997,0.49664100000000005,0.7011733333333333,21.86049,1372.3388634015066
77,30,0.17819899999999997,0.48301200000000005,0.6845023333333332,21.34371,1405.566323755336
78,30,0.17787499999999998,0.4818136666666667,0.6842263333333334,21.33439,1406.1803501295326
79,30,0.17742066666666662,0.4828396666666667,0.6842609999999999,21.33354,1406.2363770850968
80,30,0.17834733333333333,0.48233999999999994,0.6843013333333333,21.33882,1405.8884230711913
81,30,0.18484966666666663,0.4965106666666666,0.7016003333333333,21.89408,1370.2334146947485
82,30,0.1786263333333334,0.48267166666666655,0.6847556666666665,21.36634,1404.0776286439325
83,30,0.17771199999999998,0.4813523333333333,0.6839106666666666,21.32324,1406.9156469654706
84,30,0.17814733333333338,0.4821416666666666,0.683905,21.32572,1406.7520346323595
85,30,0.1846326666666667,0.495303,0.7000893333333332,21.82709,1374.4388280801518
86,30,0.17829666666666666,0.4829386666666667,0.684498,21.3762,1403.429982878154
87,30,0.17870766666666663,0.48295533333333346,0.6844939999999998,21.37816,1403.3013131158154
88,30,0.176668,0.4819906666666667,0.6830126666666666,21.30748,1407.9562670010719
89,30,0.178914,0.48298266666666667,0.6843666666666667,21.33995,1405.8139780083834
90,30,0.18604800000000002,0.5007146666666668,0.7061036666666666,22.00978,1363.0304346522319
91,30,0.17828566666666668,0.4826243333333334,0.6837449999999999,21.34041,1405.7836751964933
92,30,0.17746966666666666,0.4825056666666667,0.6840133333333334,21.3408,1405.757984705353
93,30,0.17726433333333333,0.48216966666666666,0.683664,21.31566,1407.415956156178
94,30,0.18431699999999998,0.494252,0.6985506666666667,21.79484,1376.4725962659052
95,30,0.178077,0.48276066666666667,0.684292,21.35693,1404.6962742304254
96,30,0.1778016666666667,0.4826533333333334,0.6841433333333333,21.33278,1406.2864755554597
97,30,0.17862033333333333,0.482683,0.6845356666666668,21.34208,1405.6736737937447
98,30,0.1774053333333333,0.48252433333333333,0.6842050000000001,21.35879,1404.5739482433228
99,30,0.18787166666666666,0.49736533333333327,0.7028316666666665,21.90787,1369.3709155659587
100,30,0.17897833333333338,0.48298066666666667,0.6848883333333332,21.38689,1402.728493951201
101,30,0.17871433333333334,0.4824286666666666,0.6841093333333332,21.33104,1406.4011881277238
102,30,0.17754833333333328,0.481894,0.6833673333333333,21.31167,1407.6794544960578
103,30,0.182941,0.49242500000000006,0.6973600000000001,21.74251,1379.785498546396
104,30,0.17991533333333332,0.4856973333333333,0.688391,21.48756,1396.1566599464993
105,30,0.17934366666666665,0.4841556666666667,0.6865186666666666,21.40253,1401.7034434714028
106,30,0.1787763333333333,0.48405533333333334,0.6859123333333336,21.3859,1402.7934293155772
107,30,0.17656666666666665,0.48165,0.6841149999999998,21.34763,1405.30822391057
108,30,0.18479933333333332,0.495812,0.701095,21.85978,1372.3834366128115
109,30,0.17856299999999997,0.48350199999999993,0.6857503333333332,21.39636,1402.1076482167996
110,30,0.179091,0.48441866666666666,0.6857703333333335,21.38307,1402.979085790768
111,30,0.17750733333333332,0.4823466666666666,0.6844093333333333,21.35789,1404.633135576595
112,30,0.1804533333333333,0.4873163333333334,0.6913083333333334,21.55967,1391.4869754499953
113,30,0.18256000000000003,0.4908473333333333,0.6936883333333334,21.63997,1386.3235485076918
114,30,0.178625,0.4835593333333334,0.6850016666666666,21.36308,1404.2918904951907
115,30,0.17862933333333333,0.4841456666666666,0.685812,21.40778,1401.3596925977376
116,30,0.17710633333333334,0.48128933333333335,0.683868,21.32406,1406.861545127898
117,30,0.1849253333333333,0.5005176666666666,0.7062456666666664,22.01115,1362.9455980264547
118,30,0.17905233333333334,0.48306133333333334,0.6848676666666669,21.3637,1404.2511362732112
119,30,0.178665,0.484068,0.6854466666666668,21.36977,1403.8522642031244
120,30,0.17853766666666668,0.4827716666666666,0.6844560000000001,21.34254,1405.6433770301005
121,30,0.17773066666666668,0.4827193333333334,0.6847393333333333,21.37538,1403.4838211063382
122,30,0.18608733333333333,0.497341,0.7021836666666667,21.89349,1370.2703406355038
123,30,0.17866533333333331,0.4836209999999999,0.6856816666666667,21.38103,1403.1129463828452
124,30,0.17875133333333337,0.4831093333333334,0.6849296666666668,21.35802,1404.6245859869034
125,30,0.178482,0.4841196666666667,0.6861599999999999,21.39293,1402.3324528243677
126,30,0.18503133333333333,0.4946196666666667,0.6988273333333336,21.83656,1373.842766443066
127,30,0.17898199999999997,0.48324400000000006,0.6851299999999998,21.36721,1404.020459386134
128,30,0.17897833333333332,0.483189,0.6844553333333335,21.35895,1404.5634265729354
129,30,0.17846833333333337,0.482464,0.6847006666666667,21.35226,1405.003498458711
130,30,0.178185,0.48277400000000004,0.6848423333333333,21.35626,1404.7403431125115
131,30,0.18649,0.49656199999999995,0.7019223333333334,21.88433,1370.8438869273127
132,30,0.17929566666666666,0.48380666666666666,0.6852433333333334,21.39494,1402.2007072700367
133,30,0.178798,0.482646,0.6846900000000001,21.35636,1404.7337654918722
134,30,0.179065,0.4827026666666666,0.6846163333333333,21.34706,1405.3457478453706
135,30,0.183484,0.49962133333333336,0.7048429999999999,21.97113,1365.428177795134
136,30,0.178859,0.4834526666666666,0.6847546666666666,21.3627,1404.3168700585602
137,30,0.17866833333333332,0.482207,0.684093,21.33233,1406.3161408059973
138,30,0.178954,0.48333466666666675,0.6846449999999998,21.37843,1403.283590048474
139,30,0.17831266666666667,0.48314766666666664,0.6843823333333333,21.34546,1405.4510888966554
140,30,0.18562833333333337,0.49804833333333337,0.703169,21.9257,1368.2573418408535
141,30,0.17821766666666666,0.4823583333333333,0.6837096666666668,21.34175,1405.6954092330761
142,30,0.17947033333333332,0.48345933333333324,0.6848656666666667,21.37826,1403.2947489646024
143,30,0.1782533333333333,0.48316499999999996,0.6848733333333333,21.3772,1403.3643320921356
144,30,0.18691699999999997,0.49703099999999995,0.701064,21.8578,1372.507754668814
145,30,0.1777513333333333,0.48340933333333336,0.6848356666666667,21.35924,1404.5443564471393
146,30,0.17847833333333332,0.48313500000000004,0.6846643333333334,21.35535,1404.8002022912292
147,30,0.17878133333333335,0.4831246666666667,0.684317,21.34034,1405.7882864096823
148,30,0.17943699999999999,0.4840766666666667,0.6856120000000001,21.37854,1403.2763696679006
149,30,0.187021,0.5001556666666667,0.7053423333333334,22.02487,1362.0965753713872
150,30,0.178532,0.4827156666666667,0.6856080000000001,21.38468,1402.8734589435053
151,30,0.17867033333333332,0.4829766666666666,0.6851809999999999,21.36776,1403.984320303111
152,30,0.17874033333333333,0.48348433333333335,0.6851280000000001,21.38749,1402.6891421106452
153,30,0.18197766666666665,0.489153,0.69325,21.61891,1387.6740316694966
154,30,0.18285366666666666,0.4913046666666668,0.6960620000000001,21.71445,1381.5684947120467
155,30,0.178127,0.48398399999999986,0.6939243333333331,21.6579,1385.175848073913
156,30,0.17863933333333334,0.4835,0.6851826666666665,21.37247,1403.6749145045003
157,30,0.17860233333333334,0.48298600000000014,0.6851493333333335,21.36636,1404.076314355838
158,30,0.18582566666666667,0.49623666666666666,0.7007973333333334,21.86939,1371.780374303993
159,30,0.18288200000000004,0.486846,0.6897093333333333,21.50878,1394.7792482883733
160,30,0.17887266666666665,0.4842593333333333,0.6858773333333334,21.41813,1400.682505895706
161,30,0.17872633333333335,0.48344133333333333,0.6848036666666667,21.35854,1404.5903886688884
162,30,0.1803563333333333,0.48661433333333337,0.6891356666666665,21.4923,1395.8487458299019
163,30,0.18327999999999997,0.4975633333333333,0.7023563333333332,21.89911,1369.9186861931832
164,30,0.1780703333333333,0.48355200000000004,0.6855576666666666,21.38635,1402.7639124955872
165,30,0.17876066666666665,0.4829133333333333,0.6847426666666665,21.37135,1403.748476348008
166,30,0.17958533333333326,0.484005,0.6864453333333335,21.43262,1399.7355432980196
167,30,0.19006899999999996,0.50005,0.7064879999999998,22.02663,1361.98773938637
168,30,0.17745033333333335,0.48270799999999997,0.6850989999999998,21.38459,1402.8793631301794
169,30,0.17866866666666667,0.4831266666666666,0.6851746666666665,21.36925,1403.88642558817
170,30,0.17904033333333336,0.48407266666666654,0.6855846666666668,21.38837,1402.6314300715762
171,30,0.17837033333333335,0.48277500000000007,0.6842356666666667,21.35661,1404.7173217097657
172,30,0.18530133333333332,0.4948516666666667,0.6999076666666666,21.88203,1370.9879750644707
173,30,0.1773576666666667,0.48226033333333346,0.6836699999999999,21.36046,1404.4641360719759
174,30,0.178903,0.4830916666666667,0.6844736666666665,21.34592,1405.420801726981
175,30,0.17909500000000006,0.48312533333333335,0.684932,21.35854,1404.5903886688884
176,30,0.18693833333333335,0.49745733333333336,0.7032636666666666,21.92506,1368.29728174062
177,30,0.1796156666666667,0.48358166666666663,0.6850036666666667,21.42244,1400.4007013206713
178,30,0.17800500000000002,0.48213100000000003,0.6841406666666667,21.35396,1404.891645390363
179,30,0.17877733333333332,0.48266599999999993,0.6848570000000002,21.35911,1404.5529050601826
180,30,0.17916100000000001,0.4833056666666667,0.6854230000000001,21.37682,1403.3892786672666
181,30,0.18622466666666668,0.4953099999999999,0.7005999999999999,21.84887,1373.068721631828
182,30,0.17782199999999998,0.483007,0.6852303333333333,21.37019,1403.8246735288735
183,30,0.17823833333333336,0.4820576666666667,0.6837646666666666,21.34017,1405.7994851962287
184,30,0.179002,0.4833786666666667,0.684995,21.38809,1402.6497924779633
185,30,0.186312,0.49622200000000005,0.7018869999999999,21.88716,1370.6666374257784
186,30,0.17893166666666666,0.4834566666666667,0.6856493333333334,21.38922,1402.5756899971107
187,30,0.17710733333333334,0.48277699999999996,0.6842159999999999,21.33928,1405.8581170498724
188,30,0.1777766666666666,0.4825333333333333,0.6840036666666668,21.34524,1405.4655745262176
189,30,0.17875333333333332,0.482896,0.6842123333333334,21.35853,1404.5910462939162
190,30,0.18499233333333337,0.4957663333333333,0.701071,21.86529,1372.0375993183718
191,30,0.17853666666666665,0.48305533333333345,0.6846936666666666,21.35841,1404.598937842283
192,30,0.17630166666666666,0.48158833333333334,0.6830803333333333,21.30737,1407.9635356217123
193,30,0.17859999999999995,0.4827733333333334,0.6845859999999999,21.35145,1405.0567994211165
194,30,0.1834626666666667,0.49324966666666675,0.6982426666666668,21.79241,1376.6260822001789
195,30,0.18082266666666671,0.48656699999999997,0.6887513333333334,21.4821,1396.5115142374348
196,30,0.1780936666666667,0.4831663333333333,0.6851003333333332,21.36801,1403.9678940621986
197,30,0.17664233333333337,0.4815333333333333,0.6832293333333334,21.34255,1405.642718419308
198,30,0.17872233333333334,0.4840466666666667,0.6855283333333335,21.38044,1403.151665728114
199,30,0.18462666666666666,0.499981,0.7056766666666665,22.00054,1363.6028933835262
200,30,0.1784043333333334,0.4826783333333334,0.6856779999999999,21.38951,1402.5566738087969
201,30,0.17679833333333334,0.4820763333333334,0.6842426666666666,21.36518,1404.1538615635345
202,30,0.17979466666666669,0.48584766666666673,0.687565,21.44585,1398.8720428427878
203,30,0.18445466666666663,0.49520233333333336,0.699205,21.80192,1376.0255977455197
204,30,0.183807,0.49274999999999997,0.6958093333333332,21.70079,1382.4381508691617
205,30,0.17874966666666667,0.4834616666666667,0.6849113333333334,21.37751,1403.3439815956115
206,30,0.17678466666666667,0.4829563333333332,0.6843586666666668,21.37526,1403.4917002179154
207,30,0.17940966666666672,0.4832416666666667,0.684769,21.36937,1403.8785420440565
208,30,0.19046233333333334,0.5069776666666667,0.7126633333333333,22.2137,1350.5179236237097
209,30,0.17857399999999998,0.4840593333333334,0.6862946666666666,21.40307,1401.6680784579034
210,30,0.17839066666666667,0.48469,0.6865123333333333,21.40934,1401.257581971233
211,30,0.1775236666666667,0.48201966666666674,0.6845323333333333,21.38635,1402.7639124955872
212,30,0.18063833333333335,0.48571366666666665,0.6889863333333334,21.48918,1396.0514081970555
213,30,0.1843393333333333,0.49697499999999994,0.7022823333333335,21.89962,1369.8867834236391
214,30,0.1788366666666667,0.4840083333333333,0.6853393333333332,21.37686,1403.3866526702236
215,30,0.1783116666666667,0.4826023333333333,0.6857646666666668,21.38538,1402.8275391879874
216,30,0.17700233333333334,0.4808496666666667,0.6831676666666667,21.30945,1407.8261053194708
217,30,0.18505833333333335,0.49554466666666674,0.701333,21.87203,1371.6147975290817
218,30,0.1789133333333333,0.48341466666666666,0.6848773333333331,21.39997,1401.8711241183983
219,30,0.17990899999999999,0.4837139999999999,0.6862483333333332,21.41402,1400.9513393561788
220,30,0.17824499999999996,0.4819069999999999,0.6838943333333332,21.32974,1406.4869051380842
221,30,0.17697533333333335,0.4823113333333333,0.6837453333333333,21.33648,1406.0426087152143
222,30,0.185811,0.5000176666666667,0.7056196666666668,22.03814,1361.276405359073
223,30,0.17824733333333329,0.48269366666666674,0.6848483333333333,21.3775,1403.3446380540288
224,30,0.17864333333333335,0.4835576666666667,0.6853536666666666,21.37214,1403.6965881750727
225,30,0.17650366666666667,0.48143433333333335,0.6839923333333332,21.33039,1406.4440453268787
226,30,0.18483566666666673,0.49510633333333337,0.7003633333333334,21.83822,1373.7383358167472
227,30,0.17905666666666661,0.48285466666666665,0.6851616666666664,21.37141,1403.7445353395026
228,30,0.17946533333333334,0.4833223333333333,0.685729,21.40311,1401.6654588982628
229,30,0.17817166666666667,0.4825970000000001,0.6852496666666666,21.3659,1404.1065436045287
230,30,0.17666100000000004,0.4822473333333333,0.6841976666666666,21.33773,1405.960240381709
231,30,0.18530833333333335,0.4993553333333333,0.7054666666666665,21.9942,1363.995962571951
232,30,0.17907,0.48417333333333334,0.6859986666666665,21.39803,1401.99822133159
233,30,0.17861833333333335,0.4828293333333333,0.6851746666666666,21.36427,1404.2136707689988
234,30,0.178212,0.4825100000000001,0.6844610000000001,21.34538,1405.4563563637657
235,30,0.18397633333333333,0.493101,0.698646,21.81457,1375.2276574784653
236,30,0.1778263333333333,0.4819753333333333,0.6833996666666666,21.35686,1404.700878312636
237,30,0.1788563333333333,0.48341633333333334,0.6847046666666669,21.3562,1404.7442897144624
238,30,0.1785206666666667,0.48323933333333335,0.6845736666666667,21.35244,1404.991654349573
239,30,0.17809566666666665,0.481592,0.6832033333333334,21.30558,1408.0818264510986
240,30,0.18880733333333335,0.49953233333333336,0.7035540000000001,21.99303,1364.0685253464394
241,30,0.17866966666666664,0.4830616666666667,0.6844733333333333,21.36516,1404.1551759968097
242,30,0.1790276666666667,0.4832586666666667,0.6846336666666666,21.36549,1404.1334881624525
243,30,0.17838866666666667,0.4821470000000001,0.6843036666666668,21.33616,1406.0636965602057
244,30,0.18507366666666666,0.49399733333333334,0.6998323333333334,21.81912,1374.9408775422655
245,30,0.17900000000000002,0.48463066666666665,0.6861193333333333,21.40445,1401.5777093081113
246,30,0.178413,0.48844933333333335,0.689966,21.53812,1392.8792299420747
247,30,0.17845533333333338,0.4831086666666667,0.6847313333333334,21.35342,1404.9271732584289
248,30,0.1781243333333333,0.48263733333333325,0.6852726666666666,21.36958,1403.8647460549062
249,30,0.185298,0.4993533333333333,0.7066036666666666,22.02924,1361.826372584801
250,30,0.17830100000000002,0.4828356666666667,0.6850133333333331,21.36816,1403.9580385021452
251,30,0.17844133333333334,0.48353166666666675,0.6852773333333334,21.3722,1403.6926474579125
252,30,0.17828033333333335,0.4834206666666666,0.6856869999999999,21.40904,1401.2772174744873
253,30,0.181829,0.4895876666666667,0.693808,21.63844,1386.4215719802353
254,30,0.18178900000000003,0.48916300000000007,0.6916726666666668,21.5966,1389.1075447061112
255,30,0.17873166666666662,0.48295133333333334,0.6850859999999998,21.36776,1403.984320303111
256,30,0.17884033333333335,0.48396800000000006,0.6861929999999999,21.40022,1401.8547472876446
257,30,0.17916700000000002,0.4830189999999999,0.6845440000000002,21.39366,1402.2846020736986
258,30,0.18464666666666663,0.4967763333333333,0.7036526666666667,21.93835,1367.4683829914284
259,30,0.17844766666666667,0.4837603333333334,0.6858193333333333,21.42828,1400.0190402589474
260,30,0.17901533333333333,0.48393100000000006,0.6858369999999998,21.40828,1401.3269632123647
261,30,0.1786123333333333,0.4837263333333333,0.6855019999999998,21.39387,1402.2708373940761
262,30,0.17963966666666664,0.48713300000000004,0.6913786666666666,21.55824,1391.579275488166
263,30,0.1828566666666667,0.49359533333333333,0.6988249999999999,21.82079,1374.8356498550236
264,30,0.17848266666666665,0.48335766666666674,0.685209,21.37513,1403.5002360219564
265,30,0.17834,0.4825976666666667,0.6845903333333333,21.34496,1405.4840112138884
266,30,0.17889633333333332,0.4834276666666667,0.6854633333333333,21.37555,1403.4726591830386
267,30,0.18358533333333332,0.49413533333333326,0.6998523333333334,21.82226,1374.7430376138861
268,30,0.17661466666666667,0.4825016666666667,0.6841283333333334,21.36041,1404.4674236121873
269,30,0.17827433333333337,0.483276,0.6849393333333332,21.38587,1402.7953971477427
270,30,0.17890066666666665,0.483252,0.6851223333333333,21.38514,1402.843282765509
271,30,0.17840433333333336,0.48326033333333324,0.685081,21.36352,1404.2629679004208
272,30,0.18451533333333334,0.49541333333333337,0.7011596666666667,21.8836,1370.8896159681224
273,30,0.177027,0.4824876666666667,0.6837780000000001,21.34374,1405.5643481414222
274,30,0.1787216666666667,0.4832336666666667,0.6850043333333333,21.39892,1401.939910986162
275,30,0.17871599999999999,0.4830856666666667,0.6847356666666666,21.35284,1404.965334821972
276,30,0.185843,0.49630799999999997,0.7017939999999999,21.89674,1370.0669597392123
277,30,0.17675300000000005,0.48201999999999984,0.6847610000000001,21.36167,1404.384582291553
278,30,0.17803133333333332,0.4827166666666667,0.6846636666666667,21.35145,1405.0567994211165
279,30,0.17837266666666665,0.483412,0.6851056666666667,21.36359,1404.2583666883704
280,30,0.17829033333333333,0.4838783333333333,0.6855323333333332,21.40657,1401.4389040374053
281,30,0.18427466666666667,0.49588533333333334,0.7011776666666666,21.86769,1371.8870168728386
282,30,0.17637933333333336,0.4814623333333333,0.683674,21.33792,1405.9477212399333
283,30,0.180816,0.4848096666666668,0.6868593333333333,21.41795,1400.6942774635293
284,30,0.17826166666666668,0.483157,0.6852283333333331,21.37143,1403.7432216749182
285,30,0.18883766666666663,0.5009916666666667,0.7055463333333332,21.99317,1364.0598422146513
286,30,0.17933033333333334,0.4836639999999999,0.6855050000000001,21.40646,1401.4461055214174
287,30,0.1771663333333333,0.48224,0.6835670000000001,21.32034,1407.1070161170037
288,30,0.17853166666666667,0.48357433333333344,0.6848353333333335,21.35957,1404.5226565890605
289,30,0.17848866666666668,0.48287633333333335,0.6843383333333334,21.35473,1404.8409883899258
290,30,0.186228,0.49562233333333333,0.7005133333333333,21.86375,1372.1342404665256
291,30,0.17843766666666666,0.4835826666666667,0.6851336666666666,21.38495,1402.8557466816617
292,30,0.17754899999999998,0.4840416666666666,0.6855700000000001,21.38174,1403.0663547494264
293,30,0.17855866666666664,0.48289833333333326,0.6847846666666666,21.35547,1404.7923084811525
294,30,0.184252,0.4927713333333334,0.6967113333333332,21.72458,1380.9242802392498
295,30,0.18067966666666668,0.4860553333333335,0.6887486666666667,21.48779,1396.1417158302459
296,30,0.17712533333333333,0.48222200000000004,0.6847100000000002,21.35469,1404.8436198324584
297,30,0.17916966666666667,0.48309633333333335,0.6849523333333334,21.38375,1402.934471269071
298,30,0.17825800000000003,0.48267166666666667,0.6847303333333333,21.35556,1404.7863881818132
299,30,0.18491833333333335,0.4942480000000001,0.699258,21.80273,1375.9744765907756
300,30,0.17844433333333334,0.48399799999999993,0.6855533333333332,21.38366,1402.940375969315
301,30,0.177498,0.4816433333333334,0.6838529999999999,21.32841,1406.5746110469559
302,30,0.17850733333333338,0.4822163333333334,0.684063,21.33539,1406.1144417795972
303,30,0.17920466666666668,0.4856036666666667,0.6876683333333332,21.47827,1396.7605398386368
304,30,0.18471733333333334,0.49426099999999995,0.6987663333333332,21.81425,1375.2478311195664
305,30,0.1769636666666666,0.4816869999999999,0.6835046666666664,21.32084,1407.0740177216283
306,30,0.17719233333333334,0.4815056666666667,0.6835009999999999,21.32944,1406.5066874704632
307,30,0.17863533333333334,0.4826866666666667,0.6845529999999999,21.34612,1405.4076337994914
308,30,0.18489966666666666,0.4991630000000001,0.7046986666666668,21.99281,1364.082170491174
309,30,0.178636,0.48391366666666663,0.6861510000000001,21.39931,1401.9143607901376
310,30,0.17683766666666664,0.48124566666666657,0.6839166666666666,21.32964,1406.4934991870468
311,30,0.17786233333333332,0.48264133333333337,0.684238,21.33746,1405.9780311246043
312,30,0.17860633333333334,0.4829876666666667,0.6843426666666667,21.34313,1405.6045200493088
313,30,0.18914666666666666,0.5011023333333334,0.7056663333333334,21.99885,1363.7076483543458
314,30,0.17827266666666666,0.4831276666666666,0.6855940000000001,21.4047,1401.561339332016
315,30,0.17617199999999994,0.4814286666666668,0.6823906666666667,21.31769,1407.2819334552664
316,30,0.1787836666666667,0.48310666666666663,0.6844003333333336,21.34157,1405.7072652105726
317,30,0.18519966666666665,0.49595799999999995,0.7009253333333333,21.86926,1371.7885287385122
318,30,0.178233,0.4823596666666667,0.6841963333333332,21.3421,1405.6723565159944
319,30,0.17817733333333333,0.4832826666666666,0.68537,21.37279,1403.6538982510006
320,30,0.17670300000000003,0.4811556666666667,0.682492,21.3389,1405.8831523649296
321,30,0.17839333333333332,0.48375799999999997,0.6854646666666667,21.37378,1403.5888832017547
322,30,0.18534533333333333,0.5007516666666666,0.7055396666666667,21.9934,1364.0455773095566
323,30,0.1787383333333333,0.48325133333333337,0.6853609999999999,21.37519,1403.49629640719
324,30,0.17688133333333333,0.48154033333333335,0.6836546666666669,21.32316,1406.920925416308
325,30,0.17742366666666667,0.48283099999999995,0.6850983333333333,21.38956,1402.5533952077556
326,30,0.18869299999999997,0.49933066666666664,0.70401,21.94741,1366.90388524204
327,30,0.17862266666666668,0.48297900000000005,0.6849296666666669,21.36261,1404.3227864010998
328,30,0.17819399999999996,0.48258566666666664,0.6839233333333333,21.33194,1406.3418517021892
329,30,0.17656533333333332,0.482044,0.6843183333333334,21.35889,1404.5673721808578
330,30,0.17739766666666665,0.48156200000000016,0.683679,21.32447,1406.8344957694142
331,30,0.187052,0.4970503333333333,0.702223,21.91389,1368.9947334772605
332,30,0.1783293333333333,0.4821273333333333,0.6838503333333334,21.33278,1406.2864755554597
333,30,0.17881733333333333,0.4829369999999999,0.6841746666666667,21.35299,1404.955465253344
334,30,0.17683966666666665,0.48170166666666664,0.6831093333333332,21.31791,1407.267410360584
335,30,0.18376533333333328,0.49246033333333333,0.697111,21.73899,1380.00891485759
336,30,0.18072433333333335,0.4874096666666667,0.689486,21.5083,1394.8103755294467
337,30,0.17836566666666664,0.4900666666666666,0.6911296666666665,21.57133,1390.7348318346621
338,30,0.177828,0.4825593333333333,0.6846486666666666,21.35368,1404.9100670235762
339,30,0.17695133333333335,0.48235599999999995,0.6852129999999998,21.37,1403.8371548900327
340,30,0.1875556666666667,0.4978456666666667,0.7025563333333333,21.91061,1369.1996708443992
341,30,0.178599,0.48361200000000004,0.6857563333333333,21.39202,1402.3921069632506
342,30,0.17817333333333332,0.4824073333333333,0.6846883333333336,21.35253,1404.9857323698877
343,30,0.17714466666666667,0.4816206666666666,0.684912,21.3808,1403.1280401107538
344,30,0.18141333333333326,0.493482,0.6973283333333331,21.74025,1379.9289336599165
345,30,0.18330433333333335,0.4903930000000001,0.6941413333333334,21.65048,1385.6505721813096
346,30,0.17832299999999993,0.4830133333333333,0.6849093333333335,21.36249,1404.3306749353656
347,30,0.1782693333333333,0.4832843333333333,0.6854086666666668,21.37507,1403.50417565884
348,30,0.1765806666666667,0.481363,0.6842536666666668,21.36515,1404.1558332143702
349,30,0.18665099999999998,0.4954406666666666,0.7003143333333334,21.8624,1372.218969555035
350,30,0.17879699999999998,0.48369366666666663,0.6853553333333333,21.37978,1403.1949814263758
351,30,0.17887966666666666,0.482926,0.6856956666666666,21.38347,1402.9528416108328
352,30,0.17872233333333334,0.48361466666666664,0.6855696666666666,21.3803,1403.1608536830634
353,30,0.17750399999999997,0.48201700000000003,0.684343,21.34416,1405.536690129759
354,30,0.18532433333333329,0.4968586666666666,0.7024683333333335,21.93166,1367.885513454066
355,30,0.17865366666666666,0.483039,0.6854316666666667,21.38311,1402.9764613285906
356,30,0.17837566666666668,0.48215266666666673,0.6842799999999999,21.34303,1405.6111058270546
357,30,0.178554,0.48357500000000003,0.6857503333333334,21.3845,1402.8852673665506
358,30,0.18314199999999997,0.5002066666666667,0.7044193333333333,21.96365,1365.8931917053858
359,30,0.179129,0.483213,0.6855886666666666,21.42579,1400.181743590318
360,30,0.17859333333333333,0.4825686666666667,0.6849396666666666,21.38468,1402.8734589435053
361,30,0.1785496666666667,0.4831003333333334,0.6854979999999998,21.37773,1403.3295396658111
362,30,0.17690933333333334,0.48140066666666664,0.6832083333333334,21.34139,1405.7191213880635
363,30,0.18565233333333336,0.4957209999999999,0.7016383333333335,21.89403,1370.2365439345795
364,30,0.1786823333333333,0.483785,0.6862096666666667,21.40664,1401.4343213133868
365,30,0.17902866666666664,0.48420299999999994,0.6863643333333334,21.42809,1400.0314540400007
366,30,0.17861533333333332,0.48414866666666667,0.6857573333333333,21.38511,1402.845250737546
367,30,0.18293399999999999,0.4932276666666667,0.7001803333333334,21.83651,1373.8459121901806
368,30,0.17853399999999997,0.4837473333333333,0.6851513333333334,21.3762,1403.429982878154
369,30,0.1790183333333334,0.483663,0.6851396666666667,21.3706,1403.7977408215024
370,30,0.17910466666666663,0.48364099999999993,0.6853359999999998,21.37697,1403.3794312290283
371,30,0.17853566666666662,0.48298900000000006,0.6846623333333334,21.37115,1403.761613202846
372,30,0.18548499999999998,0.5007533333333333,0.70533,21.98769,1364.3998073467471
373,30,0.178991,0.48359199999999997,0.6850713333333331,21.39436,1402.2387208591422
374,30,0.17920999999999998,0.4838339999999999,0.6852476666666668,21.37527,1403.4910436219052
375,30,0.178482,0.48280933333333326,0.6843966666666669,21.36106,1404.4246867898878
376,30,0.186833,0.49763299999999994,0.7014533333333334,21.88788,1370.6215494602493
377,30,0.1773493333333333,0.48326933333333333,0.6853393333333333,21.40177,1401.7532194767068
378,30,0.17874066666666666,0.4836830000000001,0.6854763333333335,21.38006,1403.1766047429242
379,30,0.1780103333333333,0.482759,0.6843473333333333,21.35763,1404.650235068217
380,30,0.178565,0.48345999999999995,0.6852476666666667,21.37625,1403.426700192971
381,30,0.18512200000000004,0.495165,0.7000586666666666,21.8328,1374.0793668242277
382,30,0.178905,0.48286033333333334,0.6848909999999999,21.39181,1402.4058740237501
383,30,0.17833299999999996,0.4829823333333333,0.684889,21.35722,1404.6772004970685
384,30,0.17826333333333336,0.482739,0.6846433333333332,21.35344,1404.9258573794198
385,30,0.18180500000000002,0.48910799999999993,0.6921513333333335,21.58205,1390.0440412287064
386,30,0.18156066666666665,0.48963933333333326,0.6936896666666665,21.65988,1385.049224649444
387,30,0.1783246666666667,0.48289733333333346,0.6848313333333333,21.35949,1404.5279170991444
388,30,0.17899233333333336,0.483051,0.6845493333333332,21.38479,1402.8662427828376
389,30,0.17858533333333335,0.48298399999999997,0.6847513333333333,21.37097,1403.7734365824294
390,30,0.18517999999999998,0.496425,0.7011333333333334,21.90672,1369.442801113083
391,30,0.17679333333333333,0.4814953333333333,0.6839886666666667,21.33791,1405.9483801365736
392,30,0.17893566666666666,0.4830696666666666,0.6846456666666667,21.36677,1404.0493719921167
393,30,0.17906566666666668,0.48262333333333335,0.6844276666666668,21.34217,1405.6677460633102
394,30,0.17980999999999997,0.4847233333333334,0.6867683333333333,21.45901,1398.0141674755732
395,30,0.18363466666666664,0.49786733333333344,0.7039529999999999,21.94266,1367.1997834355543
396,30,0.17810966666666667,0.4824266666666666,0.6839059999999999,21.33232,1406.3168000480023
397,30,0.179211,0.48314666666666667,0.6850513333333335,21.36482,1404.1775217390084
398,30,0.17969699999999997,0.483313,0.6857200000000001,21.3859,1402.7934293155772
399,30,0.18528933333333336,0.49755299999999997,0.7027146666666666,21.94898,1366.8061112634846
400,30,0.17810333333333334,0.4837416666666667,0.6853440000000001,21.37947,1403.2153276016663
401,30,0.17864133333333332,0.48278366666666656,0.6848396666666666,21.36035,1404.4713686807565
402,30,0.17900666666666665,0.48352366666666663,0.6849069999999998,21.37325,1403.6236884891161
403,30,0.17855633333333337,0.4830110000000001,0.6849609999999999,21.36068,1404.449671077887
404,30,0.18519700000000003,0.49693466666666664,0.7019873333333334,21.91839,1368.713669206543
405,30,0.1766713333333333,0.48128566666666667,0.6831426666666667,21.36411,1404.224187199935
406,30,0.178616,0.4834126666666666,0.685058,21.36923,1403.887739520797
407,30,0.17892266666666665,0.4834786666666666,0.6853553333333331,21.36988,1403.8450379693288
408,30,0.18577666666666662,0.4971926666666666,0.7021249999999999,21.91295,1369.053459255828
409,30,0.17822799999999997,0.4832263333333333,0.6850953333333333,21.36812,1403.9606666379634
410,30,0.17693433333333328,0.4817916666666667,0.6844956666666666,21.35098,1405.0877289941727
411,30,0.17890766666666663,0.48355766666666666,0.6858196666666667,21.41125,1401.132582170588
412,30,0.17865266666666668,0.4833313333333333,0.6846756666666668,21.36795,1403.9718363249633
413,30,0.1862043333333333,0.5022129999999999,0.7070606666666667,22.03944,1361.1961102459954
414,30,0.17715099999999998,0.48188266666666674,0.6844316666666667,21.35068,1405.1074719868407
415,30,0.177758,0.48205433333333336,0.6848469999999999,21.36174,1404.3799802825051
416,30,0.1792223333333333,0.484222,0.6857616666666666,21.40981,1401.2268207891616
417,30,0.18898066666666666,0.500103,0.7049726666666667,21.97585,1365.134909457427
418,30,0.17856866666666668,0.4844420000000001,0.6869833333333335,21.42741,1400.0758841129189
419,30,0.17698933333333333,0.4836559999999999,0.6857746666666666,21.38296,1402.9863031123848
420,30,0.17814433333333335,0.48368866666666666,0.6857283333333333,21.40116,1401.7931738279608
421,30,0.1786616666666667,0.48292033333333334,0.6845076666666667,21.36691,1404.0401723974128
422,30,0.1903173333333333,0.5006573333333333,0.7049976666666667,22.00989,1363.0236225624026
423,30,0.1785106666666666,0.4833886666666667,0.6848609999999999,21.3636,1404.2577093748246
424,30,0.17733499999999994,0.48178366666666667,0.6845396666666667,21.35471,1404.84230410996
425,30,0.17874233333333336,0.4836226666666667,0.6853516666666667,21.37617,1403.4319524966352
426,30,0.18469366666666664,0.49413066666666666,0.6988893333333335,21.79423,1376.5111224392876
427,30,0.18044600000000002,0.486371,0.689529,21.51157,1394.598348702582
428,30,0.17813666666666667,0.486972,0.689276,21.52486,1393.7372879544862
429,30,0.17775200000000002,0.4813243333333333,0.6833916666666667,21.31447,1407.4945330566513
430,30,0.17910433333333334,0.4834386666666666,0.6852906666666667,21.37065,1403.7944564156915
431,30,0.19005866666666668,0.49909566666666666,0.703111,21.95772,1366.2620709253965
432,30,0.179078,0.4837323333333333,0.6856246666666668,21.38682,1402.7330851430927
433,30,0.1788123333333333,0.482495,0.6845249999999999,21.3753,1403.4890738375602
434,30,0.1796043333333333,0.48423933333333335,0.6860463333333332,21.41202,1401.082195888104
435,30,0.18175966666666668,0.4878063333333334,0.6911090000000001,21.55287,1391.925994078747
436,30,0.18468733333333337,0.4932313333333334,0.6968020000000001,21.73288,1380.3968917143056
437,30,0.17862233333333333,0.48237666666666673,0.6843913333333334,21.34426,1405.5301050493201
438,30,0.178223,0.4819623333333333,0.6843006666666668,21.34047,1405.779722752123
439,30,0.1793676666666667,0.4831713333333333,0.6846236666666666,21.36576,1404.1157440690151
440,30,0.18538766666666667,0.500873,0.7053520000000001,22.01162,1362.9164959235168
441,30,0.17855500000000005,0.48295266666666664,0.6845766666666668,21.40558,1401.503720058041
442,30,0.17853400000000003,0.4825896666666667,0.6847646666666667,21.37183,1403.716948899556
443,30,0.17745666666666665,0.48158966666666664,0.6835789999999999,21.31604,1407.3908662209303
444,30,0.17864133333333332,0.4823553333333333,0.6844656666666667,21.34934,1405.1956641282586
445,30,0.186147,0.4966993333333332,0.702152,21.91989,1368.6200067609827
446,30,0.17876133333333336,0.4830750000000001,0.6849583333333334,21.36601,1404.099314752731
447,30,0.17723900000000004,0.4818656666666666,0.6840586666666666,21.33334,1406.2495605470124
448,30,0.17691266666666666,0.4812136666666666,0.6834963333333332,21.31652,1407.3591749497573
449,30,0.18488933333333332,0.49522266666666676,0.7004476666666668,21.84223,1373.486132139438
450,30,0.17901,0.48274466666666666,0.6848846666666666,21.3884,1402.6294626994072
451,30,0.179322,0.483118,0.6854403333333334,21.37301,1403.6394499417722
452,30,0.17681766666666662,0.4810676666666666,0.6837430000000001,21.32225,1406.9809705823727
453,30,0.17811633333333335,0.4833003333333334,0.6848943333333332,21.35588,1404.7653386327324
454,30,0.18444,0.4941709999999999,0.6989913333333334,21.79799,1376.2736839497586
455,30,0.17885733333333334,0.483918,0.6855570000000001,21.38374,1402.9351273444215
456,30,0.17891800000000002,0.483304,0.6847826666666665,21.35961,1404.5200263487957
457,30,0.177196,0.4826953333333333,0.6840690000000001,21.35354,1404.919278021349
458,30,0.18647466666666668,0.49671233333333326,0.7016379999999999,21.88004,1371.1126670700785
459,30,0.17892999999999998,0.4835113333333333,0.6855703333333334,21.3837,1402.9377516519594
460,30,0.17853433333333332,0.4827463333333333,0.6845796666666667,21.36575,1404.1164012496636
461,30,0.17812666666666666,0.48317166666666667,0.6858539999999999,21.3878,1402.668811191427
462,30,0.17702566666666666,0.48151499999999997,0.6835006666666668,21.33375,1406.2225347161188
463,30,0.185517,0.5013433333333334,0.706502,22.0197,1362.4163816945736
464,30,0.17860099999999998,0.4840543333333333,0.6861729999999999,21.40231,1401.7178519514948
465,30,0.17876999999999998,0.484,0.6862286666666666,21.39884,1401.945152167127
466,30,0.17829033333333336,0.48271200000000003,0.6844789999999998,21.35892,1404.5653993741257
467,30,0.18278466666666665,0.4960793333333333,0.7005946666666666,21.86339,1372.156833867026
468,30,0.18140633333333334,0.48808100000000004,0.6903950000000001,21.53392,1393.1508986752062
469,30,0.17777699999999996,0.48331700000000016,0.6849876666666666,21.36364,1404.2550801267948
470,30,0.17793899999999999,0.48288699999999996,0.6843073333333333,21.35649,1404.725214677131
471,30,0.17768333333333336,0.48266899999999996,0.6850783333333333,21.36496,1404.168320464911
472,30,0.18631,0.5023970000000001,0.7072513333333333,22.04802,1360.6663999760522
473,30,0.178131,0.4835856666666667,0.6851129999999999,21.36761,1403.994176232157
474,30,0.17828433333333332,0.48353633333333335,0.6848579999999999,21.37837,1403.2875284691956
475,30,0.179968,0.48453133333333326,0.6867186666666666,21.41591,1400.8277023950886
476,30,0.17981466666666665,0.48656366666666656,0.6890236666666668,21.48903,1396.0611530627489
477,30,0.1852426666666666,0.49461,0.6991526666666668,21.82006,1374.8816456050076
478,30,0.17862599999999998,0.48346133333333335,0.685056,21.36707,1404.029658722511
479,30,0.17894966666666665,0.48330133333333336,0.6854413333333333,21.40074,1401.8206847052952
480,30,0.17904099999999998,0.483772,0.6854806666666667,21.37431,1403.5540796404655
481,30,0.1856873333333333,0.4955586666666667,0.7013853333333332,21.87227,1371.5997470770067
482,30,0.17835366666666666,0.48282100000000006,0.6849426666666668,21.3673,1404.0145455906925
483,30,0.17857266666666669,0.4837483333333333,0.6856266666666664,21.38348,1402.9521855189146
484,30,0.17873866666666668,0.4838616666666666,0.6850470000000001,21.37721,1403.363675615293
485,30,0.17839133333333335,0.48301266666666665,0.6853626666666667,21.37076,1403.7872307770056
486,30,0.1855483333333333,0.5026656666666666,0.7074466666666667,22.0546,1360.2604445331133
487,30,0.17894466666666672,0.4836513333333333,0.6854103333333333,21.3811,1403.1083527040237
488,30,0.17892933333333336,0.48322766666666667,0.6847873333333333,21.3558,1404.770600960863
489,30,0.1789193333333333,0.48353833333333335,0.6856363333333332,21.38112,1403.1070402298851
490,30,0.1832633333333333,0.500289,0.7046380000000002,21.97228,1365.3567130948632
491,30,0.17916233333333334,0.48361400000000004,0.684945,21.40514,1401.532529102823
492,30,0.17865133333333333,0.4829323333333333,0.6843249999999999,21.34573,1405.4333114866533
493,30,0.178703,0.4827633333333333,0.6843256666666668,21.36247,1404.331989699693
494,30,0.1787226666666667,0.48350866666666664,0.6850526666666666,21.36651,1404.066457273556
495,30,0.1837033333333333,0.4960086666666667,0.7011526666666668,21.88104,1371.05000493578
496,30,0.1780253333333333,0.4824793333333333,0.6845096666666668,21.3902,1402.5114304681583
497,30,0.17826066666666665,0.4835176666666666,0.6851166666666667,21.36263,1404.321471654005
498,30,0.17783700000000005,0.48224466666666665,0.6842106666666666,21.33813,1405.933884553145
499,30,0.18515666666666672,0.4995236666666667,0.7043906666666667,21.97155,1365.4020767765587
500,30,0.17737266666666668,0.4811540000000001,0.6831433333333334,21.31592,1407.398789261735
501,30,0.17854633333333333,0.4830513333333333,0.6846786666666668,21.35457,1404.8515142192045
502,30,0.17880699999999997,0.4831666666666667,0.6847796666666667,21.3992,1401.9215671613892
503,30,0.178535,0.483517,0.6857026666666666,21.3852,1402.8393468380002
504,30,0.18396033333333334,0.49737299999999995,0.7038726666666668,21.94708,1366.92443823962
505,30,0.1786533333333333,0.4834326666666667,0.6850129999999999,21.3662,1404.0868287294888
506,30,0.17854933333333334,0.48351033333333326,0.6850543333333334,21.36745,1404.0046893756626
507,30,0.17868399999999998,0.4824783333333333,0.6845983333333335,21.34858,1405.2456884720202
508,30,0.1842656666666667,0.4940843333333333,0.6988546666666668,21.81574,1375.1539026409373
509,30,0.17659866666666665,0.48324866666666666,0.6852386666666668,21.39791,1402.0060837717328
510,30,0.178417,0.48354033333333335,0.6851283333333332,21.37386,1403.5836297234098
511,30,0.17819366666666667,0.4831533333333333,0.6843863333333332,21.35977,1404.5095054862481
512,30,0.17845333333333332,0.4835696666666667,0.6849613333333333,21.3617,1404.382609998268
513,30,0.186497,0.4969913333333333,0.7025123333333334,21.9289,1368.0576773116754
514,30,0.17739800000000003,0.48205133333333344,0.6838603333333333,21.33769,1405.962876018913
515,30,0.17883333333333332,0.48334499999999997,0.6853716666666666,21.37846,1403.2816208464035
516,30,0.17795433333333338,0.482876,0.684982,21.36821,1403.9547533462091
517,30,0.18272633333333335,0.49567199999999995,0.6991346666666666,21.79403,1376.52375444101
518,30,0.18182199999999998,0.4901396666666667,0.693942,21.64751,1385.8406809836329
519,30,0.17795833333333333,0.48499466666666663,0.6871846666666668,21.47347,1397.0727600150324
520,30,0.17858633333333335,0.483044,0.6854836666666668,21.38378,1402.9325030467016
521,30,0.1786673333333333,0.48372233333333337,0.6860373333333333,21.39743,1402.0375344141798
522,30,0.18700533333333336,0.5002126666666666,0.7059433333333335,22.01134,1362.9338331968884
523,30,0.17689766666666668,0.482559,0.6852863333333333,21.3774,1403.3512026719807
524,30,0.1781623333333333,0.48258066666666666,0.6841073333333334,21.35741,1404.664704194001
525,30,0.17885666666666672,0.48330999999999996,0.684868,21.39847,1401.9693931388554
526,30,0.18068600000000004,0.4862606666666667,0.68922,21.49904,1395.4111439394503
527,30,0.18309466666666668,0.495041,0.699816,21.82416,1374.623353201223
528,30,0.176376,0.4820736666666667,0.6835536666666665,21.32281,1406.944019104424
529,30,0.17850500000000002,0.48366033333333325,0.6849546666666668,21.36316,1404.2866317529804
530,30,0.17830833333333335,0.48290500000000003,0.6848316666666666,21.38415,1402.9082287582157
531,30,0.18562033333333333,0.49651766666666663,0.7011403333333334,21.86323,1372.1668756171891
532,30,0.17877033333333334,0.48254633333333335,0.6852136666666665,21.37917,1403.2350180105216
533,30,0.17636666666666664,0.4816543333333333,0.6837466666666667,21.32797,1406.603628943589
534,30,0.17879233333333333,0.4838643333333333,0.6853336666666666,21.37632,1403.422104459514
535,30,0.1786893333333333,0.48326899999999995,0.685295,21.37465,1403.5317537363185
536,30,0.18727799999999994,0.497757,0.7033060000000001,21.95566,1366.3902610989605
537,30,0.17737933333333328,0.48149366666666665,0.6839533333333333,21.33125,1406.3873425139175
538,30,0.17855200000000002,0.48291166666666663,0.6845483333333334,21.35148,1405.054825239281
539,30,0.17910266666666666,0.48325333333333337,0.6854250000000001,21.37425,1403.5580195796342
540,30,0.18647699999999998,0.4967256666666666,0.702827,21.93138,1367.9029773776206
541,30,0.17880566666666667,0.4834286666666666,0.6850256666666666,21.36874,1403.9199316384588
542,30,0.17732766666666672,0.48388433333333325,0.6855923333333334,21.40525,1401.5253267305918
543,30,0.17822866666666665,0.48357299999999986,0.6854920000000002,21.38412,1402.9101969124752
544,30,0.17937299999999998,0.48445199999999994,0.6863319999999999,21.40379,1401.6209278823985
545,30,0.1859073333333333,0.49718200000000007,0.7028256666666667,21.91827,1368.7211627560023
546,30,0.17827699999999996,0.4846506666666667,0.6863756666666667,21.41257,1401.046207904983
547,30,0.17657566666666666,0.48128033333333337,0.6836346666666666,21.35136,1405.06272199991
548,30,0.17934133333333335,0.4839313333333334,0.6860783333333333,21.39935,1401.9117403098692
549,30,0.18553633333333333,0.4954600000000001,0.7004563333333333,21.83995,1373.629518382597
550,30,0.1790456666666667,0.48455733333333334,0.6866559999999999,21.43477,1399.5951437780766
551,30,0.178366,0.4842643333333333,0.6860746666666666,21.39954,1401.8992931623764
552,30,0.17767900000000003,0.4827636666666667,0.6851156666666666,21.37016,1403.8266442553543
553,30,0.179475,0.484076,0.6858136666666668,21.41033,1401.1927887146064
554,30,0.18564066666666665,0.49717666666666654,0.7033216666666667,21.935,1367.677228174151
555,30,0.1790816666666667,0.48421566666666666,0.6857740000000001,21.39443,1402.2341329028163
556,30,0.1776746666666667,0.4821633333333333,0.6851173333333336,21.37138,1403.7465058409894
557,30,0.1775856666666667,0.483375,0.6849633333333334,21.36066,1404.4509860650373
558,30,0.1838726666666667,0.49301333333333325,0.697877,21.78428,1377.139845797061
559,30,0.18129266666666669,0.4878706666666667,0.690406,21.56553,1391.1088667888062
560,30,0.17864166666666667,0.48331699999999994,0.6852630000000001,21.39291,1402.3337638497987
561,30,0.1779586666666667,0.4831236666666667,0.6849496666666665,21.36154,1404.3931289598036
562,30,0.17854166666666674,0.4832653333333333,0.6853269999999999,21.39506,1402.192842646854
563,30,0.18536333333333335,0.4959596666666667,0.7012496666666667,21.88859,1370.5770906211867
564,30,0.17842400000000003,0.484222,0.6871233333333333,21.46182,1397.8311252260992
565,30,0.17864266666666667,0.48369266666666666,0.6855123333333335,21.38175,1403.0656985513347
566,30,0.1777923333333333,0.48307033333333327,0.6859829999999999,21.39532,1402.175802932604
567,30,0.18014999999999998,0.4865920000000001,0.6892736666666666,21.51408,1394.4356440061576
568,30,0.18463599999999997,0.4937059999999999,0.6986336666666667,21.79629,1376.3810263122762
569,30,0.17870466666666665,0.4833426666666666,0.6851493333333333,21.37043,1403.808907916219
570,30,0.17876233333333333,0.48322,0.686374,21.43341,1399.6839513637822
571,30,0.17796133333333333,0.4818746666666666,0.6839443333333334,21.33444,1406.1770545652944
572,30,0.185774,0.4955153333333334,0.7007693333333332,21.86578,1372.0068527168937
573,30,0.17879899999999999,0.4831100000000001,0.6851253333333331,21.36933,1403.8811698822565
574,30,0.17835499999999996,0.48330033333333333,0.6849636666666666,21.38071,1403.1339464405064
575,30,0.177362,0.4817703333333333,0.6842203333333333,21.35774,1404.6430006171065
576,30,0.17908800000000005,0.48374766666666674,0.6854353333333335,21.4246,1400.2595147634029
577,30,0.18600266666666668,0.4985426666666667,0.7028979999999999,21.95525,1366.4157775475114
578,30,0.178702,0.4837433333333333,0.6859456666666667,21.40236,1401.714577270918
579,30,0.17840799999999998,0.4833866666666666,0.6853680000000001,21.37714,1403.3682709660882
580,30,0.1776293333333334,0.4820173333333333,0.6836999999999999,21.35795,1404.629189599189
581,30,0.18590900000000002,0.496437,0.7011700000000001,21.88996,1370.4913119987427
582,30,0.17878433333333332,0.4843753333333333,0.6860166666666668,21.40083,1401.8147894263914
583,30,0.179016,0.4839033333333333,0.6854086666666668,21.37487,1403.517307941522
584,30,0.17861566666666664,0.48375433333333334,0.6861816666666667,21.3998,1401.8822605818746
585,30,0.17674966666666667,0.48158333333333325,0.6836029999999998,21.32106,1407.0594989179713
586,30,0.18607200000000004,0.49718166666666674,0.7022193333333335,21.89762,1370.011900836712
587,30,0.17956066666666665,0.483809,0.6853833333333336,21.41749,1400.7243612580185
588,30,0.17868633333333334,0.4828476666666667,0.6848866666666668,21.3777,1403.3315090023716
589,30,0.17767833333333335,0.483239,0.6850086666666667,21.36111,1404.4213994497477
590,30,0.18312033333333338,0.49413999999999997,0.7002573333333332,21.83743,1373.7880327492749
591,30,0.178921,0.4834653333333333,0.6850716666666667,21.36805,1403.9652658993216
592,30,0.1790953333333333,0.482976,0.6847146666666667,21.35894,1404.5640841727165
593,30,0.17926166666666668,0.48316099999999995,0.6851043333333333,21.3872,1402.7081618912248
594,30,0.1771593333333333,0.4819636666666666,0.6846716666666667,21.35419,1404.876513695907
595,30,0.18524166666666667,0.49541366666666675,0.7004836666666667,21.8453,1373.2931111039902
596,30,0.17844533333333334,0.48327400000000004,0.6849410000000001,21.37,1403.8371548900327
597,30,0.178505,0.4827103333333333,0.6840029999999999,21.35088,1405.0943099300825
598,30,0.1784213333333333,0.4828340000000001,0.6844893333333333,21.35142,1405.0587736085001
599,30,0.1831293333333334,0.49307566666666663,0.6979823333333335,21.79396,1376.5281756963855
600,30,0.17896866666666666,0.48360566666666666,0.6857099999999999,21.39427,1402.244619704248
601,30,0.17862999999999998,0.4828606666666666,0.6844973333333332,21.36456,1404.1946101394083
602,30,0.17839866666666668,0.48323800000000006,0.6848060000000001,21.36334,1404.274799727009
603,30,0.17820433333333335,0.483238,0.6861593333333336,21.39846,1401.9700483118877
604,30,0.18301733333333334,0.4967806666666667,0.7026926666666667,21.94186,1367.2496315262242
605,30,0.17837366666666662,0.48351,0.6856296666666667,21.40385,1401.6169988109616
606,30,0.17825499999999997,0.4831856666666666,0.685023,21.37103,1403.769495433772
607,30,0.178708,0.48439533333333334,0.686255,21.40189,1401.7453598724226
608,30,0.1812873333333333,0.48927100000000007,0.693065,21.61705,1387.7934315736884
609,30,0.1813693333333333,0.4893346666666666,0.696244,21.71907,1381.274612587003
610,30,0.17785800000000002,0.4825216666666667,0.6842480000000001,21.38035,1403.1575722567686
611,30,0.17928266666666667,0.48839766666666673,0.6902483333333334,21.52378,1393.8072215939765
612,30,0.17856766666666665,0.48238433333333325,0.68441,21.34886,1405.2272580362605
613,30,0.18536666666666662,0.5025419999999999,0.7071656666666666,22.04738,1360.7058979343578
614,30,0.17830933333333335,0.4832906666666667,0.6848846666666666,21.36735,1404.0112601703065
615,30,0.17857399999999998,0.4831463333333333,0.6855866666666667,21.38589,1402.7940852590189
616,30,0.17856966666666668,0.48363333333333336,0.6855196666666667,21.4079,1401.3518374058174
617,30,0.179749,0.4849396666666666,0.6878466666666668,21.45138,1398.5114244398262
618,30,0.18308633333333335,0.4951123333333333,0.7003253333333334,21.87659,1371.328895408288
619,30,0.17892633333333333,0.4838389999999999,0.685889,21.40706,1401.4068255986576
620,30,0.17855866666666664,0.4839149999999999,0.6855583333333332,21.3859,1402.7934293155772
621,30,0.17922500000000005,0.48435,0.6871133333333331,21.45003,1398.5994425182623
622,30,0.18617466666666665,0.5025693333333333,0.7074186666666669,22.07845,1358.791038320172
623,30,0.1776863333333333,0.4825173333333334,0.6856973333333336,21.39287,1402.336385908015
624,30,0.177987,0.48315800000000014,0.6858413333333332,21.39366,1402.2846020736986
625,30,0.17879899999999999,0.4841213333333333,0.6865016666666665,21.40781,1401.3577287915018
626,30,0.17838566666666664,0.4826413333333333,0.6847980000000001,21.35654,1404.7219259299493
627,30,0.18526199999999995,0.5034773333333333,0.7084796666666666,22.11136,1356.7686474282903
628,30,0.17779033333333333,0.48309733333333327,0.6850493333333334,21.36918,1403.8910243631246
629,30,0.17855833333333332,0.4834513333333333,0.6857633333333334,21.38439,1402.89248372294
630,30,0.178272,0.48378266666666664,0.6852606666666666,21.37134,1403.7491331849103
631,30,0.18555300000000002,0.49698299999999995,0.702183,21.89436,1370.21589121582
632,30,0.17664766666666668,0.4824356666666666,0.6855423333333335,21.40499,1401.5423506387997
633,30,0.178441,0.48323166666666667,0.6853896666666667,21.39336,1402.3042663705
634,30,0.17814800000000003,0.4836236666666665,0.6852689999999998,21.37287,1403.648644285957
635,30,0.17841300000000002,0.48357766666666674,0.6860619999999998,21.39823,1401.9851174606497
636,30,0.18453866666666666,0.500786,0.7060783333333334,22.01727,1362.566748738604
637,30,0.177191,0.4821283333333333,0.6845686666666666,21.35672,1404.7100865676002
638,30,0.1787656666666667,0.48396133333333335,0.6854676666666667,21.40371,1401.6261666785806
639,30,0.17932833333333337,0.4847896666666667,0.6864423333333334,21.40676,1401.4264652847978
640,30,0.18429700000000004,0.495223,0.6999246666666666,21.84678,1373.2000779977645
641,30,0.17889533333333335,0.48355133333333333,0.6857040000000001,21.39238,1402.368506916949
642,30,0.1767896666666667,0.4820986666666667,0.6842719999999999,21.34326,1405.5959586304998
643,30,0.178725,0.484221,0.6865343333333335,21.4125,1401.0507880910682
644,30,0.178437,0.483091,0.6845010000000001,21.38317,1402.9725246537346
645,30,0.18516566666666667,0.49535966666666664,0.7000813333333334,21.84708,1373.1812214721601
646,30,0.17801,0.48278366666666667,0.6843496666666666,21.38969,1402.5448709167829
647,30,0.177706,0.4835363333333333,0.6856243333333334,21.38278,1402.9981134352033
648,30,0.17772366666666664,0.48232,0.6844066666666666,21.34938,1405.1930313667187
649,30,0.1856796666666667,0.4953036666666666,0.7003956666666666,21.83963,1373.6496451634025
650,30,0.18008166666666664,0.485402,0.6879346666666666,21.48653,1396.2235875220429
651,30,0.17750833333333338,0.4830203333333333,0.6856910000000002,21.38525,1402.8360669152803
652,30,0.17848066666666668,0.483338,0.6854543333333333,21.38177,1403.0643861569924
653,30,0.17823433333333333,0.482759,0.6855473333333334,21.38118,1403.1031028222017
654,30,0.18622166666666667,0.5044109999999999,0.709138,22.10516,1357.1491905057462
655,30,0.177644,0.48315899999999995,0.6844986666666666,21.38915,1402.5802801887874
656,30,0.17573500000000003,0.48245999999999994,0.6840516666666667,21.33657,1406.0366778727791
657,30,0.17881033333333332,0.48358500000000004,0.6853029999999999,21.36739,1404.0086318450685
658,30,0.1805196666666667,0.4868766666666667,0.6896416666666667,21.50632,1394.938790085891
659,30,0.1839676666666667,0.49918000000000007,0.7027876666666667,21.91001,1369.2371660259398
660,30,0.17739266666666667,0.4827713333333334,0.6843003333333333,21.34185,1405.6888226653266
661,30,0.17786466666666667,0.48318533333333336,0.6846833333333332,21.38377,1402.9331591202113
662,30,0.1782753333333333,0.4827153333333333,0.6840503333333333,21.33208,1406.332622041545
663,30,0.18605233333333338,0.49595366666666674,0.7010023333333332,21.87155,1371.6448994241377
664,30,0.17823400000000003,0.4830306666666667,0.6847616666666668,21.35891,1404.566056975754
665,30,0.17635133333333336,0.48194066666666663,0.6843523333333332,21.33999,1405.8113429294017
666,30,0.17754666666666666,0.48182166666666665,0.683449,21.31624,1407.3776613511577
667,30,0.17826200000000003,0.48244466666666663,0.6889099999999999,21.50043,1395.3209307906864
668,30,0.18566266666666664,0.4991520000000001,0.7040193333333334,21.9518,1366.6305268816225
669,30,0.17763366666666666,0.4827633333333333,0.6853529999999999,21.37086,1403.7806620791116
670,30,0.1758886666666667,0.4814336666666667,0.6829103333333335,21.2974,1408.6226487740287
671,30,0.17824999999999996,0.4823683333333334,0.6839213333333335,21.32854,1406.5660378066198
672,30,0.1846206666666667,0.495546,0.7005060000000002,21.88323,1370.9127948662058
673,30,0.178793,0.4838896666666666,0.6860076666666668,21.41449,1400.9205916181052
674,30,0.17772666666666667,0.4828586666666667,0.6853933333333333,21.38956,1402.5533952077556
675,30,0.17707066666666668,0.48265199999999997,0.6845016666666667,21.3599,1404.500957401486
676,30,0.17844599999999997,0.4834673333333334,0.6848746666666667,21.35912,1404.5522474708696
677,30,0.18519533333333332,0.49762833333333334,0.702457666666667,21.90972,1369.255289433183
678,30,0.17862499999999995,0.48366200000000004,0.685241,21.39134,1402.4366869957657
679,30,0.177549,0.48167366666666667,0.6835206666666668,21.32811,1406.594395846608
680,30,0.17857666666666663,0.483213,0.6847913333333334,21.35565,1404.7804679323738
681,30,0.18522433333333332,0.4964186666666668,0.7009026666666667,21.84692,1373.1912782213694
682,30,0.1785656666666667,0.48294700000000007,0.6845863333333334,21.37451,1403.5409466696547
683,30,0.17830300000000002,0.4830326666666667,0.6850736666666669,21.36273,1404.314897955458
684,30,0.177158,0.48125399999999996,0.6841366666666666,21.36095,1404.431918992367
685,30,0.178264,0.482789,0.6849576666666667,21.35897,1404.5621113752206
686,30,0.18677399999999997,0.49629700000000004,0.7015939999999998,21.87708,1371.298180561574
687,30,0.17876133333333336,0.48269833333333334,0.6845376666666668,21.34711,1405.3424561919624
688,30,0.17845900000000003,0.4833516666666667,0.684713,21.3544,1404.8626980856404
689,30,0.17725933333333332,0.481671,0.6831106666666666,21.32488,1406.8074474510524
690,30,0.184205,0.49434000000000006,0.6990686666666666,21.81796,1375.0139793087897
691,30,0.17875999999999997,0.483651,0.6859276666666665,21.39288,1402.3357303925418
692,30,0.17811233333333332,0.48254066666666673,0.6848186666666665,21.36037,1404.4700536554376
693,30,0.17780033333333334,0.4834080000000001,0.6851733333333334,21.36363,1404.2557374378791
694,30,0.17678266666666664,0.4812103333333333,0.6830219999999999,21.30238,1408.2933456261694
695,30,0.1873256666666667,0.4974129999999999,0.7021623333333334,21.9077,1369.3815416497396
696,30,0.1787446666666667,0.4836356666666667,0.6851703333333333,21.39075,1402.4753690263315
697,30,0.17901733333333333,0.48315566666666665,0.6854973333333333,21.3773,1403.3577673513494
698,30,0.1782723333333333,0.48347266666666666,0.6856896666666665,21.38822,1402.6412670152074
699,30,0.1828186666666667,0.4899753333333334,0.6929093333333334,21.60603,1388.5012656189037
700,30,0.1895403333333333,0.4981423333333333,0.7019736666666667,21.89214,1370.3548396821873
701,30,0.17815933333333334,0.48880133333333325,0.6913476666666666,21.6023,1388.7410136883573
702,30,0.180447,0.48558900000000005,0.6873953333333332,21.43724,1399.4338823467947
703,30,0.17657433333333336,0.4817673333333334,0.6845093333333334,21.34895,1405.221334070294
704,30,0.18735566666666667,0.4975583333333334,0.7029283333333332,21.92407,1368.359068366412
705,30,0.17930599999999997,0.4833163333333334,0.6851746666666666,21.38447,1402.887235456385
706,30,0.17824366666666672,0.4827469999999999,0.6843436666666668,21.3957,1402.150899479802
707,30,0.1784136666666667,0.483388,0.6849583333333336,21.37853,1403.277026063064
708,30,0.17679466666666668,0.48293866666666674,0.6855476666666667,21.38504,1402.8498426937708
709,30,0.18436200000000003,0.4979843333333333,0.7030923333333334,21.94492,1367.058982215474
710,30,0.17891433333333331,0.48354933333333333,0.6857936666666667,21.39604,1402.1286181928992
711,30,0.1785413333333333,0.4830663333333333,0.6852606666666666,21.37309,1403.63419608489
712,30,0.17796933333333334,0.4837723333333333,0.6853619999999999,21.41131,1401.128655836565
713,30,0.184416,0.4945983333333333,0.700967,21.87726,1371.2868979022053
714,30,0.17810433333333334,0.48289499999999996,0.6851526666666667,21.39627,1402.113545959179
715,30,0.17819600000000005,0.4825093333333333,0.6844779999999999,21.36138,1404.4036480789164
716,30,0.17844233333333334,0.4843093333333333,0.6858426666666666,21.39053,1402.4897933805287
717,30,0.17681833333333336,0.48138566666666666,0.6840736666666665,21.33492,1406.145417934541
718,30,0.18546666666666667,0.502019,0.7068989999999999,22.08662,1358.288411717139
719,30,0.1784023333333333,0.48365933333333344,0.6853556666666667,21.37957,1403.208764254847
720,30,0.1782496666666666,0.4838569999999999,0.685674,21.38677,1402.7363645842734
721,30,0.17820866666666665,0.482433,0.683905,21.34792,1405.2891335549318
722,30,0.18529833333333331,0.49807000000000007,0.7039803333333334,21.9532,1366.5433740866936
723,30,0.178601,0.4830616666666667,0.6854599999999998,21.40307,1401.6680784579034
724,30,0.17833999999999997,0.48383766666666655,0.6855383333333332,21.38062,1403.1398528199838
725,30,0.17846666666666666,0.4830033333333333,0.6846756666666667,21.37062,1403.7964270573339
726,30,0.17880333333333326,0.48505833333333326,0.6869856666666667,21.42355,1400.3281435616414
727,30,0.184131,0.4954033333333333,0.7009900000000001,21.86452,1372.0859181907492
728,30,0.1788576666666667,0.4842136666666667,0.6859533333333332,21.41574,1400.8388222867854
729,30,0.178619,0.48365066666666673,0.6851666666666669,21.37219,1403.6933042425694
730,30,0.17935033333333328,0.484261,0.685839,21.42342,1400.3366409284793
731,30,0.18625066666666665,0.5007483333333334,0.7062883333333333,22.01792,1362.5265238496643
732,30,0.178823,0.4839133333333333,0.6859183333333332,21.41859,1400.652423899052
733,30,0.17899766666666664,0.4832659999999999,0.6855756666666666,21.38549,1402.8203234997188
734,30,0.17916533333333337,0.48333500000000007,0.6849983333333333,21.37749,1403.3452945130603
735,30,0.17869266666666667,0.48382100000000006,0.6853260000000001,21.39773,1402.0178775972965
736,30,0.18431500000000003,0.4951203333333333,0.7001116666666668,21.83309,1374.061115490295
737,30,0.178115,0.4832463333333333,0.6848136666666667,21.3601,1404.4878067050247
738,30,0.179241,0.48434500000000014,0.686237,21.40471,1401.5606845409259
739,30,0.1792743333333333,0.4837973333333333,0.6855239999999999,21.37808,1403.306564481001
740,30,0.1847863333333333,0.4991383333333334,0.7038659999999999,21.97041,1365.4729247201121
741,30,0.1799016666666667,0.48551633333333327,0.6892060000000001,21.50257,1395.1820642834787
742,30,0.17913600000000002,0.48378833333333326,0.6858196666666667,21.39425,1402.2459305654556
743,30,0.17805400000000002,0.482448,0.6845593333333334,21.34969,1405.1726277992796
744,30,0.17844933333333335,0.48325300000000004,0.6854473333333332,21.37798,1403.313128742753
745,30,0.18440166666666663,0.49549099999999996,0.7009993333333334,21.85992,1372.3746472997157
746,30,0.17710333333333333,0.48218833333333333,0.6851716666666666,21.37563,1403.4674065746835
747,30,0.17884299999999997,0.4826846666666666,0.684344,21.37632,1403.422104459514
748,30,0.1797623333333333,0.48373600000000005,0.6857616666666665,21.40339,1401.6471222549324
749,30,0.182799,0.48864366666666664,0.6922163333333332,21.59227,1389.3861090103078
750,30,0.18123933333333334,0.488514,0.693528,21.63395,1386.7093156820647
751,30,0.17864233333333335,0.4830313333333333,0.6843699999999999,21.34479,1405.4952051531077
752,30,0.17849100000000004,0.4839780000000001,0.6856573333333335,21.41629,1400.802846804932
753,30,0.17840499999999998,0.48315299999999994,0.6843243333333332,21.34419,1405.5347145991486
754,30,0.18476333333333333,0.49481,0.700027,21.8464,1373.2239636736488
755,30,0.17781199999999997,0.48142000000000007,0.6842386666666663,21.34166,1405.7013371968255
756,30,0.178434,0.4829833333333334,0.6850773333333332,21.36945,1403.8732863971697
757,30,0.17850233333333335,0.48299933333333345,0.6847183333333332,21.35024,1405.1364293797167
758,30,0.17817833333333333,0.483115,0.6851873333333334,21.39498,1402.1980857191734
759,30,0.18611933333333336,0.497659,0.7024296666666666,21.90454,1369.5790918229736
760,30,0.17711666666666667,0.48197166666666663,0.6832653333333334,21.33128,1406.3853645913418
761,30,0.17897333333333337,0.4839359999999999,0.6853533333333334,21.37613,1403.4345786632098
762,30,0.178606,0.4822033333333334,0.6839546666666667,21.33453,1406.1711225885922
763,30,0.18612533333333334,0.496566,0.702332,21.89592,1370.1182686089464
764,30,0.17902900000000002,0.4835986666666667,0.684898,21.3981,1401.9936349488974
765,30,0.1774123333333333,0.4824976666666666,0.6839056666666667,21.33255,1406.301637638257
766,30,0.17843399999999995,0.4825209999999999,0.6840566666666666,21.35351,1404.9212518223
767,30,0.17871133333333333,0.4832276666666665,0.6852566666666667,21.36833,1403.9468690346882
768,30,0.185402,0.4948376666666665,0.6999826666666666,21.84652,1373.2164207388637
769,30,0.17827733333333334,0.48303899999999994,0.6843730000000001,21.3803,1403.1608536830634
770,30,0.17684266666666665,0.48205866666666675,0.6841393333333335,21.33689,1406.0155908382148
771,30,0.17819,0.482778,0.6846686666666667,21.354,1404.8890137679123
772,30,0.18496333333333334,0.4979743333333333,0.7022820000000001,21.91143,1369.1484307505261
773,30,0.17883600000000002,0.4829420000000001,0.685231,21.37493,1403.5133682309136
774,30,0.17661533333333337,0.4813066666666666,0.6839369999999999,21.33103,1406.4018474494667
775,30,0.17879533333333336,0.48378633333333343,0.6854763333333332,21.40094,1401.8075841528457
776,30,0.1784996666666667,0.4837393333333333,0.6856596666666668,21.40244,1401.7093378138195
777,30,0.1851586666666667,0.500487,0.7065366666666666,22.02246,1362.2456346838637
778,30,0.17805733333333332,0.48331099999999994,0.6862806666666668,21.40937,1401.2556184511734
779,30,0.177221,0.48234266666666664,0.6847763333333334,21.35678,1404.7061401578328
780,30,0.17849366666666666,0.484405,0.686235,21.40075,1401.8200296718574
781,30,0.18505133333333337,0.4949806666666667,0.7004620000000001,21.86311,1372.1744070262646
782,30,0.18055733333333335,0.4866949999999999,0.6886363333333332,21.50091,1395.2897807581166
783,30,0.17862133333333335,0.48382666666666674,0.6854086666666668,21.37696,1403.3800877206113
784,30,0.17751533333333336,0.48286066666666655,0.6845473333333334,21.35354,1404.919278021349
785,30,0.17854966666666666,0.4839866666666667,0.6856150000000001,21.37999,1403.1811988686616
786,30,0.18471900000000002,0.4960773333333333,0.7018476666666665,21.92099,1368.5513291142415
787,30,0.1789586666666666,0.48402700000000004,0.6863923333333334,21.40746,1401.3806402067316
788,30,0.1769573333333333,0.48290466666666665,0.6847060000000001,21.35793,1404.6305049225275
789,30,0.17770566666666665,0.48399633333333336,0.6858430000000001,21.39051,1402.4911047001683
790,30,0.18209233333333333,0.4893373333333333,0.6928413333333335,21.6209,1387.546309358075
791,30,0.18219400000000002,0.4926503333333334,0.6966916666666667,21.72784,1380.7170892274612
792,30,0.17889666666666662,0.4833639999999999,0.6854539999999999,21.41239,1401.0579855868496
793,30,0.17665333333333333,0.4826753333333334,0.6851313333333332,21.36931,1403.8824838050457
794,30,0.17864700000000003,0.483646,0.6853836666666666,21.37415,1403.5645861940707
795,30,0.18797266666666665,0.49810833333333326,0.70378,21.94243,1367.2141143893361
796,30,0.17831499999999997,0.4828126666666668,0.6842613333333334,21.35852,1404.5917039195601
797,30,0.1782886666666667,0.48399166666666665,0.6854856666666667,21.37441,1403.5475131243388
798,30,0.17668733333333334,0.48198,0.6840679999999999,21.36271,1404.316212690244
799,30,0.17874033333333336,0.48403466666666667,0.6869313333333332,21.42666,1400.1248911402897
800,30,0.18521800000000002,0.49967566666666674,0.70515,21.98721,1364.4295933863368
801,30,0.17819666666666667,0.48307333333333324,0.6854483333333333,21.37856,1403.2750568794156
802,30,0.1772426666666667,0.4816543333333333,0.6846530000000002,21.35253,1404.9857323698877
803,30,0.17772666666666662,0.48313800000000007,0.685566,21.40932,1401.2588909876633
804,30,0.18504700000000002,0.49461666666666665,0.6995749999999998,21.83533,1373.920156004054
805,30,0.17864366666666667,0.48370599999999997,0.6856006666666666,21.38352,1402.9495611573773
806,30,0.17848233333333333,0.48298433333333335,0.6853093333333332,21.37139,1403.7458490065455
807,30,0.17748566666666668,0.4818879999999999,0.6844376666666665,21.34504,1405.4787435394828
808,30,0.17799766666666667,0.4821673333333333,0.6834956666666667,21.33526,1406.123009515703
809,30,0.18491633333333335,0.49987733333333334,0.7056406666666667,22.01753,1362.550658498024
810,30,0.17838233333333334,0.4822200000000001,0.6842903333333334,21.34476,1405.4971805726557
811,30,0.1795783333333333,0.4834263333333332,0.6850539999999998,21.37538,1403.4838211063382
812,30,0.17655666666666664,0.48152100000000003,0.6831826666666665,21.32516,1406.7889760264402
813,30,0.1848053333333333,0.5001643333333333,0.7057463333333334,21.99725,1363.8068394913
814,30,0.17824600000000004,0.48306566666666656,0.684821,21.36314,1404.2879464348407
815,30,0.1789366666666667,0.48347099999999993,0.6857516666666665,21.40659,1401.4375946846276
816,30,0.17852233333333337,0.484087,0.6857479999999999,21.38349,1402.9515294276098
817,30,0.17710699999999996,0.48239133333333334,0.6847093333333333,21.36894,1403.9067918202775
818,30,0.18522266666666667,0.4965546666666667,0.7015723333333334,21.87855,1371.2060442762431
819,30,0.17900400000000005,0.48441399999999996,0.6862109999999999,21.40186,1401.7473247652306
820,30,0.17938966666666667,0.48374433333333333,0.6853689999999999,21.39952,1401.9006033780197
821,30,0.178044,0.4834793333333333,0.6857403333333334,21.38498,1402.8537786801764
822,30,0.1832303333333333,0.49354266666666663,0.698158,21.80534,1375.809778705583
823,30,0.17832633333333334,0.48302,0.6859716666666666,21.39402,1402.2610056455028
824,30,0.1781363333333333,0.48347833333333334,0.6849126666666666,21.36392,1404.2366756662634
825,30,0.17842066666666673,0.48348566666666665,0.6855893333333333,21.37831,1403.2914669120244
826,30,0.17613866666666667,0.48282133333333327,0.6845526666666668,21.36818,1403.956724437926
827,30,0.18686099999999997,0.4984789999999999,0.7040100000000001,21.94799,1366.8677632894858
828,30,0.17879566666666666,0.4841513333333333,0.6867466666666666,21.42529,1400.2144195014396
829,30,0.17854800000000004,0.4842033333333333,0.6869863333333335,21.42409,1400.2928479109264
830,30,0.17839666666666665,0.484209,0.6862346666666667,21.40529,1401.5227077044974
831,30,0.18560933333333335,0.4945213333333334,0.698502,21.77794,1377.5407591351616
832,30,0.18108366666666662,0.48811999999999994,0.6905706666666666,21.56746,1390.984381100046
833,30,0.1794353333333333,0.48432033333333335,0.6865880000000001,21.41427,1400.9349840083273
834,30,0.17910533333333334,0.48374933333333325,0.6858893333333332,21.39714,1402.0565365277791
835,30,0.178733,0.48442100000000005,0.6865176666666666,21.4066,1401.436940009156
836,30,0.18541566666666665,0.49607233333333334,0.7016913333333334,21.88128,1371.0349668757951
837,30,0.17918,0.48398900000000006,0.6862983333333333,21.42672,1400.1209704518471
838,30,0.179191,0.4835433333333333,0.6862086666666667,21.40381,1401.619618189472
839,30,0.17894066666666666,0.48367466666666664,0.6858473333333333,21.38628,1402.7685039193352
840,30,0.179966,0.4876579999999999,0.6918443333333334,21.57783,1390.3158936742018
841,30,0.1831126666666667,0.493196,0.6964640000000001,21.72174,1381.1048286187017
842,30,0.1781923333333334,0.4826316666666667,0.6847716666666666,21.36435,1404.2084126126
843,30,0.179017,0.48390733333333336,0.6862126666666667,21.4221,1400.4229277241727
844,30,0.17842566666666665,0.4832246666666667,0.6854099999999999,21.37875,1403.262585511314
845,30,0.1863966666666667,0.4964516666666667,0.7024093333333333,21.90008,1369.8580096511064
846,30,0.17928533333333335,0.48349600000000004,0.6859666666666667,21.4044,1401.5809833492178
847,30,0.2025826666666667,0.5214979999999999,0.735145,22.94168,1307.6636061526444
848,30,0.19185366666666662,0.5075939999999999,0.7167456666666666,22.38139,1340.399322830262
849,30,0.18312966666666666,0.48964466666666673,0.6925346666666667,21.62774,1387.1074832599245
850,30,0.18284266666666668,0.49087733333333333,0.6945713333333333,21.68875,1383.2055789291683
851,30,0.17707966666666666,0.48163866666666677,0.6832086666666667,21.31063,1407.7481519786134
852,30,0.17671000000000003,0.48113066666666654,0.6829446666666665,21.30355,1408.2160015584257
853,30,0.176904,0.480376,0.6822806666666668,21.27715,1409.9632704568046
854,30,0.1830986666666667,0.49591399999999997,0.7013213333333334,21.86928,1371.7872742038146
855,30,0.17689733333333332,0.48196666666666665,0.6833593333333333,21.34081,1405.7573259871579
856,30,0.17679766666666666,0.48243533333333327,0.6840200000000001,21.33636,1406.05051658296
857,30,0.17650100000000005,0.4805703333333333,0.6820193333333334,21.27045,1410.4073961763856
858,30,0.17707333333333333,0.48093566666666665,0.6825610000000001,21.28993,1409.116892352394
859,30,0.1852083333333333,0.495275,0.7012709999999999,21.86993,1371.746503075227
860,30,0.17676766666666668,0.48134899999999997,0.6834429999999999,21.34852,1405.24963791401
861,30,0.17704200000000006,0.4816593333333333,0.6831029999999999,21.30768,1407.9430515194522
862,30,0.17678366666666667,0.48100466666666664,0.6827583333333335,21.29845,1408.5532045759198
863,30,0.18340133333333333,0.494157,0.6990596666666667,21.79899,1376.2105492043438
864,30,0.17707066666666668,0.4819123333333334,0.6837156666666666,21.32783,1406.6128621617859
865,30,0.1769456666666667,0.48113433333333333,0.6826563333333334,21.29129,1409.0268837632666
866,30,0.17709599999999998,0.4806386666666667,0.6820283333333332,21.29704,1408.6464597897173
867,30,0.1775673333333333,0.48197066666666666,0.6837703333333334,21.32663,1406.6920090047045
868,30,0.18372633333333332,0.4956803333333333,0.6999993333333333,21.83245,1374.1013949419328
869,30,0.177322,0.482513,0.6838886666666666,21.33305,1406.2686770058665
870,30,0.176891,0.48077033333333324,0.6822706666666669,21.2821,1409.6353273408167
871,30,0.17723433333333333,0.4809630000000001,0.6826026666666665,21.28904,1409.1758012573607
872,30,0.1839706666666667,0.49410233333333325,0.6984526666666666,21.81896,1374.9509600824238
873,30,0.17698000000000003,0.4816143333333334,0.6838363333333334,21.3637,1404.2511362732112
874,30,0.17729766666666663,0.4809973333333334,0.6834203333333332,21.31516,1407.448970591823
875,30,0.176977,0.4812903333333333,0.6831143333333334,21.30688,1407.9959149345189
876,30,0.17730833333333335,0.48144000000000003,0.6827273333333336,21.29349,1408.8813059766153
877,30,0.18529333333333334,0.4961670000000001,0.7017263333333332,21.89798,1369.989378015689
878,30,0.1769633333333334,0.4820326666666667,0.6844593333333333,21.34838,1405.258853364986
879,30,0.1768056666666667,0.4807269999999999,0.6825626666666665,21.29922,1408.502283182201
880,30,0.17703833333333333,0.4807183333333334,0.6823023333333335,21.27923,1409.825449511096
881,30,0.180929,0.49410800000000005,0.6973996666666668,21.74112,1379.8737139576986
882,30,0.1812653333333333,0.48889033333333326,0.6917473333333335,21.57728,1390.3513325127171
883,30,0.17690799999999995,0.48805966666666667,0.689968,21.53967,1392.7789980069333
884,30,0.17738233333333328,0.4807816666666666,0.6828160000000001,21.29791,1408.5889178797356
885,30,0.1767106666666667,0.48100399999999993,0.6827293333333333,21.29449,1408.815144199274
886,30,0.18497299999999997,0.49399566666666667,0.6990753333333335,21.79984,1376.156889224875
887,30,0.1769123333333333,0.48159766666666665,0.6833816666666664,21.31418,1407.5136833788588
888,30,0.17804999999999996,0.4824603333333333,0.6850753333333333,21.36917,1403.8916813334351
889,30,0.1767426666666667,0.48103199999999996,0.6820573333333333,21.29393,1408.8521940290027
890,30,0.17818033333333333,0.48310066666666673,0.6853786666666668,21.37476,1403.5245308017493
891,30,0.18435633333333337,0.4978073333333333,0.7028750000000001,21.91101,1369.1746751975377
892,30,0.17730700000000002,0.4818733333333334,0.6832253333333332,21.31028,1407.7712728317038
893,30,0.17674733333333334,0.48213233333333333,0.6834923333333333,21.31817,1407.250247089689
894,30,0.17768399999999998,0.4817673333333333,0.6837806666666668,21.35215,1405.0107366237123
895,30,0.18530466666666665,0.49557433333333323,0.6998013333333334,21.8249,1374.5767449106295
896,30,0.17802733333333334,0.482007,0.683437,21.33577,1406.0893982265463
897,30,0.17774099999999998,0.4823773333333334,0.6838013333333333,21.32149,1407.0311221213904
898,30,0.1772113333333333,0.4815233333333333,0.6827703333333334,21.30734,1407.9655179858207
899,30,0.17726566666666665,0.48173199999999994,0.6833883333333334,21.31143,1407.6953071661546
900,30,0.18350499999999997,0.49447499999999994,0.6999383333333332,21.84931,1373.0410708621919
901,30,0.17756066666666667,0.48175466666666666,0.6833173333333332,21.31469,1407.4800055736207
902,30,0.17731900000000003,0.48238966666666655,0.6843480000000001,21.34636,1405.3918326122111
903,30,0.17753966666666668,0.4817146666666666,0.6830683333333334,21.30361,1408.2120354249819
904,30,0.1874263333333333,0.497753,0.7023360000000002,21.9117,1369.1315598515862
905,30,0.17637566666666665,0.48093133333333327,0.68312,21.33332,1406.2508789067995
906,30,0.17573666666666674,0.4803053333333333,0.6839833333333334,21.34573,1405.4333114866533
907,30,0.17743799999999998,0.4812923333333334,0.6832426666666667,21.30663,1408.0124355658309
908,30,0.17615133333333335,0.4807856666666667,0.6822823333333332,21.28098,1409.709515257286
909,30,0.18422699999999995,0.49419033333333334,0.6995339999999999,21.81925,1374.9326855872682
910,30,0.17576266666666668,0.48018466666666654,0.682338,21.28728,1409.2923097737241
911,30,0.17612366666666668,0.48162166666666667,0.6830143333333335,21.34011,1405.8034377517267
912,30,0.17670500000000003,0.4807253333333332,0.6838973333333331,21.32821,1406.5878008515483
913,30,0.18480300000000002,0.49631966666666666,0.7003273333333334,21.85002,1372.9964549231534
914,30,0.17566833333333332,0.48107433333333327,0.6828196666666666,21.32095,1407.0667582823467
915,30,0.17616466666666666,0.4810046666666667,0.6830229999999999,21.30194,1408.3224344824932
916,30,0.17560066666666665,0.4798036666666666,0.6805910000000001,21.27741,1409.946041364997
917,30,0.176147,0.48092599999999996,0.6830403333333332,21.32836,1406.577908474913
918,30,0.182417,0.49160599999999993,0.6966303333333331,21.73023,1380.565231016883
919,30,0.17596500000000007,0.4808056666666667,0.6830143333333331,21.32492,1406.8048086464098
920,30,0.176232,0.4800323333333333,0.6824996666666668,21.28988,1409.1202017108599
921,30,0.17698066666666668,0.48147533333333326,0.6835389999999999,21.31713,1407.3189026853051
922,30,0.17757033333333336,0.48336900000000005,0.6862723333333333,21.4052,1401.5286005269747
923,30,0.18318,0.49593833333333326,0.700422,21.86161,1372.2685566159125
924,30,0.17543733333333333,0.480027,0.6822423333333332,21.28066,1409.730713239157
925,30,0.17570633333333335,0.47943566666666676,0.6822569999999999,21.27907,1409.8360501657262
926,30,0.17489166666666664,0.4801443333333334,0.6815776666666667,21.27406,1410.1680638298471
927,30,0.18210466666666666,0.4916703333333334,0.6964106666666667,21.71998,1381.21674145188
928,30,0.175034,0.480588,0.6825126666666667,21.34822,1405.2693854569607
929,30,0.17618833333333336,0.4802876666666666,0.6818570000000002,21.26693,1410.640840027216
930,30,0.17468100000000003,0.4817956666666666,0.6837196666666666,21.32368,1406.8866161938276
931,30,0.1751726666666667,0.4817276666666667,0.6837510000000002,21.32311,1406.9242244681943
932,30,0.18172000000000002,0.49169433333333334,0.6969506666666666,21.74116,1379.8711752270808
933,30,0.17552766666666664,0.479865,0.6820696666666667,21.27532,1410.0845486695382
934,30,0.17558666666666667,0.4814266666666666,0.6840293333333334,21.35813,1404.6173517999937
935,30,0.1753656666666667,0.48102399999999995,0.6837346666666666,21.33676,1406.0241573697226
936,30,0.18374999999999997,0.493499,0.6999566666666666,21.82617,1374.4967623728762
937,30,0.17654833333333333,0.481348,0.6829250000000001,21.30592,1408.0593562728106
938,30,0.17525066666666672,0.48066066666666674,0.6823076666666666,21.30051,1408.4169815652301
939,30,0.17495533333333332,0.479506,0.6824929999999999,21.28582,1409.3889735044268
940,30,0.1753856666666667,0.4811120000000001,0.6837103333333334,21.34711,1405.3424561919624
941,30,0.18436699999999998,0.49415366666666666,0.6995556666666667,21.81364,1375.2862887624442
942,30,0.17583299999999996,0.4806533333333334,0.6830709999999999,21.30934,1407.8333725962418
943,30,0.1761236666666667,0.4813766666666666,0.683401,21.31314,1407.5823646820693
944,30,0.17541900000000002,0.4806186666666666,0.6830353333333332,21.30425,1408.1697313916238
945,30,0.18116366666666667,0.49240366666666663,0.6967310000000001,21.75323,1379.1055397290427
946,30,0.17853166666666667,0.4844313333333333,0.68698,21.43033,1399.8851160948057
947,30,0.17686633333333332,0.48179599999999995,0.6844973333333333,21.35288,1404.9627029234464
948,30,0.175039,0.4802446666666666,0.6819630000000001,21.2741,1410.1654124028748
949,30,0.1764413333333333,0.4817723333333333,0.6838153333333334,21.34483,1405.4925712690147
950,30,0.18392066666666668,0.4943780000000001,0.6990826666666667,21.8205,1374.853921770812
951,30,0.17732799999999996,0.482115,0.684032,21.33855,1405.9062119965977
952,30,0.1767193333333333,0.4809036666666666,0.6834116666666664,21.32808,1406.5963743571856
953,30,0.17652500000000002,0.48141799999999996,0.6831979999999999,21.30526,1408.1029755093343
954,30,0.17999333333333334,0.48765000000000003,0.6910839999999999,21.55038,1392.0868216708939
955,30,0.18119733333333332,0.4891466666666666,0.693582,21.63275,1386.7862384578937
956,30,0.17561466666666672,0.4802136666666667,0.682433,21.28762,1409.2698009453381
957,30,0.1763116666666667,0.4812023333333333,0.683746,21.34998,1405.153541127439
958,30,0.17594300000000002,0.4802796666666667,0.6826710000000001,21.29504,1408.7787578703771
959,30,0.18342999999999998,0.5019779999999999,0.7080656666666666,22.06686,1359.5047052457849
960,30,0.17649299999999996,0.4810089999999999,0.6828463333333336,21.30167,1408.3402850574626
961,30,0.17524000000000003,0.481077,0.6829999999999999,21.30301,1408.2516977647758
962,30,0.17572166666666666,0.4805176666666667,0.6827333333333331,21.31932,1407.1743376430393
963,30,0.17477533333333334,0.4809646666666666,0.6830446666666669,21.30061,1408.4103694682922
964,30,0.18455833333333338,0.49515833333333337,0.7016356666666667,21.87972,1371.132720162781
965,30,0.17681933333333333,0.4819583333333332,0.6838886666666666,21.33073,1406.4216273892173
966,30,0.1753326666666667,0.480406,0.6821436666666667,21.28075,1409.7247512423198
967,30,0.17569566666666667,0.48036033333333344,0.682752,21.29265,1408.9368866721616
968,30,0.18214566666666668,0.49283400000000005,0.6987410000000001,21.78791,1376.9104058168039
969,30,0.17655033333333334,0.48231100000000005,0.6839049999999998,21.35453,1404.8541457011697
970,30,0.1760953333333333,0.48054833333333324,0.6828856666666667,21.30006,1408.4467367697557
971,30,0.17648366666666665,0.48126966666666665,0.6832466666666666,21.30945,1407.8261053194708
972,30,0.17546933333333334,0.48138200000000003,0.6833386666666666,21.31112,1407.7157840601526
973,30,0.18468333333333334,0.4976823333333333,0.703655,21.94818,1366.8559306511975
974,30,0.17648933333333333,0.48126466666666673,0.6832493333333332,21.35453,1404.8541457011697
975,30,0.177565,0.48279900000000003,0.6847676666666668,21.3566,1404.7179794536585
976,30,0.175626,0.4804546666666666,0.6829143333333333,21.30222,1408.3039232530693
977,30,0.18538500000000002,0.49571333333333334,0.7007963333333332,21.84257,1373.4647525451446
978,30,0.17666099999999998,0.48197600000000007,0.684524,21.39217,1402.3822735140943
979,30,0.1757746666666667,0.48037966666666676,0.6827786666666665,21.32054,1407.0938165731263
980,30,0.175966,0.4810723333333334,0.6835003333333333,21.31851,1407.2278034440494
981,30,0.17598566666666668,0.47994033333333336,0.6824396666666668,21.28263,1409.6002232806754
982,30,0.18863099999999994,0.49937133333333333,0.7047220000000001,21.97184,1365.3840552270542
983,30,0.17559533333333335,0.48164766666666664,0.6845260000000002,21.34983,1405.1634134791705
984,30,0.176471,0.48173866666666665,0.6846973333333335,21.35599,1404.7581029959276
985,30,0.1754153333333334,0.48024066666666676,0.6830756666666667,21.30037,1408.4262386052449
986,30,0.18442966666666666,0.4972923333333333,0.7025966666666668,21.9376,1367.5151338341477
987,30,0.1774643333333333,0.4836836666666666,0.6858489999999998,21.41601,1400.821161364792
988,30,0.1752306666666667,0.47983233333333325,0.68299,21.30664,1408.0117747331346
989,30,0.17534766666666668,0.480005,0.6823013333333332,21.27853,1409.8718285520663
990,30,0.1756076666666667,0.48069233333333344,0.6828763333333333,21.29682,1408.6610113622596
991,30,0.18232966666666667,0.4914756666666667,0.6976806666666667,21.77718,1377.5888338159486
992,30,0.17489633333333335,0.4811086666666666,0.6834990000000001,21.32131,1407.0430006411427
993,30,0.17566233333333336,0.48030500000000004,0.6827486666666666,21.29059,1409.073210277404
994,30,0.17530666666666667,0.479883,0.6821643333333333,21.27414,1410.1627609858729
995,30,0.180778,0.4865946666666667,0.6895316666666665,21.50297,1395.1561109930396
996,30,0.1819103333333333,0.48968433333333333,0.6949196666666668,21.69889,1382.559200032813
997,30,0.17576266666666665,0.4804960000000001,0.6830016666666666,21.30335,1408.2292221645891
998,30,0.17581700000000003,0.48076333333333326,0.6824316666666667,21.28346,1409.545252510635
999,30,0.17618833333333328,0.4808253333333334,0.6832853333333333,21.30928,1407.837336597013
1000,30,0.181932,0.49259400000000003,0.6975650000000001,21.7686,1378.131804525785
1001,30,0.17578600000000003,0.4808839999999999,0.6832239999999998,21.31126,1407.7065363568368
1002,30,0.17535366666666666,0.47989266666666663,0.6826426666666667,21.28951,1409.1446914466326
1003,30,0.17681466666666668,0.48064899999999994,0.6830133333333334,21.34124,1405.7290016887491
1004,30,0.17556933333333336,0.47929166666666667,0.6815836666666666,21.25753,1411.2646201134373
1005,30,0.18339366666666662,0.49417900000000003,0.7002120000000001,21.83887,1373.6974486317288
1006,30,0.17591833333333332,0.479753,0.6818533333333333,21.27136,1410.347058204083
1007,30,0.17643133333333333,0.48124799999999995,0.6828423333333334,21.31463,1407.4839675847059
1008,30,0.17670533333333335,0.481358,0.6832763333333336,21.3302,1406.4565733092047
1009,30,0.1846173333333333,0.4998000000000001,0.7048493333333335,21.98948,1364.2887417073982
1010,30,0.17552733333333334,0.48000533333333334,0.6822636666666665,21.28353,1409.5406166176383
1011,30,0.17471000000000003,0.4802539999999999,0.6831213333333334,21.32068,1407.0845770397566
1012,30,0.17643033333333333,0.4802163333333334,0.6828006666666667,21.29749,1408.616696145884
1013,30,0.1758586666666667,0.48054233333333335,0.6818186666666668,21.28065,1409.7313756863628
1014,30,0.18350033333333332,0.49234899999999987,0.6978213333333334,21.79519,1376.45049205811
1015,30,0.17588099999999998,0.4805233333333333,0.6832526666666666,21.3187,1407.2152617185852
1016,30,0.17669366666666667,0.4814463333333333,0.6834126666666668,21.3351,1406.1335545650127
1017,30,0.17684100000000003,0.4807400000000001,0.6837586666666667,21.32925,1406.5192165687963
1018,30,0.18259699999999998,0.49650866666666665,0.7024066666666667,21.90048,1369.8329899618639
1019,30,0.17817799999999998,0.483256,0.6852623333333333,21.37694,1403.38140070562
1020,30,0.17611233333333334,0.481377,0.6839176666666666,21.37109,1403.7655543072442
1021,30,0.17633666666666672,0.4829129999999999,0.6849396666666667,21.36276,1404.3129258578947
1022,30,0.17751666666666666,0.48226366666666665,0.6843516666666666,21.36521,1404.1518899182363
1023,30,0.18448266666666668,0.49490399999999984,0.7004956666666667,21.84272,1373.4553205827847
1024,30,0.17696433333333333,0.48156033333333337,0.6840966666666666,21.34538,1405.4563563637657
1025,30,0.17594766666666667,0.4809043333333332,0.6835300000000001,21.34275,1405.629546333064
1026,30,0.17651733333333336,0.4819183333333334,0.6849913333333333,21.38256,1403.0125485442343
1027,30,0.18024200000000004,0.48689433333333343,0.690469,21.53519,1393.0687400482652
1028,30,0.18025733333333332,0.4877246666666667,0.6921793333333333,21.60774,1388.3913819770137
1029,30,0.17567666666666665,0.48028133333333334,0.6822416666666665,21.28117,1409.6969292571791
1030,30,0.17628766666666668,0.48240999999999995,0.6841693333333334,21.35694,1404.695616506859
1031,30,0.17678133333333335,0.4811763333333334,0.6834666666666666,21.34439,1405.5215445369954
1032,30,0.18500066666666667,0.4961223333333333,0.7008323333333332,21.86753,1371.8970546742135
1033,30,0.1758593333333333,0.48012499999999997,0.681866,21.28741,1409.283703372087
1034,30,0.175804,0.4808783333333333,0.68303,21.30934,1407.8333725962418
1035,30,0.17561466666666667,0.48065300000000005,0.6827723333333335,21.29671,1408.6682872612719
1036,30,0.1756986666666667,0.4806853333333334,0.6832763333333333,21.31843,1407.2330842374415
1037,30,0.1831103333333334,0.495948,0.7020289999999999,21.93096,1367.9291740990818
1038,30,0.17608066666666666,0.4800343333333333,0.6823960000000001,21.29265,1408.9368866721616
1039,30,0.17588966666666664,0.48077633333333325,0.6830006666666666,21.32257,1406.9598552144512
1040,30,0.17565500000000003,0.4808863333333334,0.682535,21.29146,1409.0156334981255
1041,30,0.18399233333333334,0.49474899999999994,0.7000483333333334,21.82783,1374.3922323016077
1042,30,0.17633233333333337,0.4802863333333334,0.682779,21.34714,1405.3404812073186
1043,30,0.17625733333333332,0.4809123333333333,0.6827110000000001,21.29307,1408.9090957762314
1044,30,0.174677,0.4797276666666667,0.6821170000000002,21.28008,1409.7691362062549
1045,30,0.1765056666666667,0.481019,0.6832989999999999,21.31046,1407.7593820124014
1046,30,0.18163666666666664,0.49185266666666666,0.6972560000000001,21.75896,1378.7423663630982
1047,30,0.17673799999999995,0.4812046666666667,0.6831083333333333,21.32526,1406.782379206631
1048,30,0.1767093333333333,0.4816106666666667,0.6835306666666666,21.34501,1405.4807189127575
1049,30,0.17577199999999996,0.4808216666666667,0.6825580000000001,21.32367,1406.8872759707874
1050,30,0.18270766666666666,0.493071,0.6981113333333334,21.77542,1377.7001775396295
1051,30,0.17651,0.48110299999999995,0.6838063333333334,21.33951,1405.8429645291762
1052,30,0.17551066666666668,0.4800823333333334,0.6815983333333332,21.2829,1409.5823407524351
1053,30,0.17556666666666665,0.4807970000000001,0.6828636666666666,21.30125,1408.368053517986
1054,30,0.17558400000000002,0.4802573333333332,0.6819503333333332,21.33328,1406.2535156337892
1055,30,0.18356399999999998,0.49323433333333333,0.6985313333333333,21.82201,1374.7587871144776
1056,30,0.17591633333333334,0.48067466666666664,0.6822723333333333,21.28516,1409.4326751595947
1057,30,0.17530566666666664,0.4808043333333334,0.6819649999999999,21.28627,1409.359178475139
1058,30,0.17566666666666672,0.4803026666666666,0.6826519999999999,21.29386,1408.856825394738
1059,30,0.17917866666666665,0.487782,0.6911286666666666,21.58234,1390.025363329463
1060,30,0.17962233333333338,0.48762233333333327,0.6907366666666664,21.5692,1390.8721695751349
1061,30,0.17634666666666668,0.4808950000000001,0.682525,21.29342,1408.8859375337545
1062,30,0.176675,0.48157099999999997,0.683508,21.3378,1405.955628040379
1063,30,0.1751903333333333,0.480206,0.6825286666666668,21.28563,1409.4015540061534
1064,30,0.18365966666666667,0.49594466666666676,0.7012349999999999,21.86677,1371.9447362367646
1065,30,0.18161933333333333,0.48564933333333327,0.6883826666666668,21.50844,1394.8012966072854
1066,30,0.17610466666666663,0.481109,0.6835063333333333,21.32116,1407.052899560812
1067,30,0.17586433333333332,0.48048300000000005,0.6826486666666667,21.28945,1409.148662835348
1068,30,0.17824366666666672,0.48343533333333333,0.6879709999999999,21.4592,1398.0017894422904
1069,30,0.183558,0.4939353333333333,0.698492,21.78631,1377.0115269634923
1070,30,0.17606899999999998,0.48160733333333333,0.6832553333333333,21.3174,1407.3010779926258
1071,30,0.17589666666666665,0.4805286666666666,0.6821463333333333,21.29981,1408.4632679822028
1072,30,0.175433,0.4812626666666667,0.683091,21.32223,1406.9822903139118
1073,30,0.18278799999999998,0.4932013333333334,0.6982173333333335,21.77745,1377.5717542687505
1074,30,0.17943233333333333,0.4844293333333333,0.6869916666666666,21.4318,1399.7890984425012
1075,30,0.17558966666666667,0.4794980000000001,0.6818243333333333,21.26972,1410.4558028972644
1076,30,0.1761216666666667,0.480735,0.6828816666666666,21.32463,1406.8239402043553
1077,30,0.17536633333333332,0.480247,0.6825296666666667,21.28899,1409.1791108925318
1078,30,0.18457800000000002,0.5001076666666667,0.704912,21.98389,1364.6356491048673
1079,30,0.17656566666666668,0.481166,0.6834009999999999,21.31779,1407.2753320114327
1080,30,0.175711,0.4806596666666667,0.6831010000000002,21.31126,1407.7065363568368
1081,30,0.17577166666666663,0.479373,0.6813483333333334,21.25329,1411.54616532311
1082,30,0.182566,0.4932903333333333,0.6981646666666668,21.8287,1374.3374548186562
1083,30,0.17721333333333336,0.48122799999999993,0.6834883333333331,21.32134,1407.0410208739224
1084,30,0.17595466666666665,0.4804449999999999,0.682344,21.28795,1409.2479548289054
1085,30,0.17662133333333332,0.480764,0.6826483333333333,21.29498,1408.7827271967383
1086,30,0.17594066666666666,0.481544,0.6834676666666666,21.33636,1406.05051658296
1087,30,0.18300766666666665,0.4942976666666666,0.6994743333333334,21.81716,1375.0643988493462
1088,30,0.1765466666666667,0.481346,0.6835473333333332,21.34811,1405.2766263617716
1089,30,0.1761243333333333,0.48047100000000004,0.6824223333333332,21.2842,1409.4962460416648
1090,30,0.17654033333333333,0.48089333333333334,0.6822343333333334,21.28151,1409.6744075020993
1091,30,0.18091666666666667,0.48963066666666677,0.6952033333333333,21.68145,1383.6712950471485
1092,30,0.17724733333333334,0.48398066666666667,0.6865276666666666,21.42654,1400.132732583049
1093,30,0.17635800000000001,0.48032866666666657,0.6824116666666667,21.32623,1406.7183932650073
1094,30,0.17620899999999998,0.48023133333333334,0.6826186666666666,21.29213,1408.9712959671015
1095,30,0.17641766666666664,0.480675,0.6826683333333333,21.29534,1408.7589115740816
1096,30,0.18377233333333332,0.499936,0.7042883333333332,21.96245,1365.9678223513313
1097,30,0.175718,0.48008633333333334,0.6826739999999999,21.29474,1408.7986047258619
1098,30,0.1745773333333333,0.4799473333333334,0.6819159999999999,21.27195,1410.3079407388602
1099,30,0.17633966666666667,0.4798126666666666,0.6819540000000001,21.29615,1408.7053293670451
1100,30,0.17674933333333334,0.4830743333333334,0.685362,21.39419,1402.249863163784
1101,30,0.18194200000000002,0.4921026666666667,0.6970193333333334,21.74305,1379.7512308530772
1102,30,0.1759913333333333,0.48015966666666665,0.6822383333333332,21.28612,1409.3691100115946
1103,30,0.17485933333333337,0.4796956666666666,0.6818746666666669,21.26842,1410.5420148746357
1104,30,0.17590800000000004,0.48045433333333337,0.6819260000000001,21.27471,1410.1249793769223
1105,30,0.18241333333333332,0.49184133333333335,0.6965373333333331,21.76635,1378.2742627955536
1106,30,0.1766753333333333,0.4812020000000001,0.6825260000000001,21.29885,1408.5267514443267
1107,30,0.17528399999999997,0.479736,0.6817679999999999,21.26622,1410.6879360789083
1108,30,0.17600999999999997,0.48032466666666657,0.6823870000000001,21.28544,1409.4141347324744
1109,30,0.17555199999999999,0.48075333333333337,0.6824636666666666,21.28934,1409.155943772799
1110,30,0.184188,0.49405466666666664,0.6992116666666667,21.81006,1375.5120343547885
1111,30,0.17611166666666672,0.48032699999999995,0.6825790000000002,21.31499,1407.4601958527778
1112,30,0.17530199999999996,0.48088700000000006,0.6819586666666667,21.29588,1408.723189649829
1113,30,0.1752953333333333,0.47944800000000004,0.6814576666666666,21.25624,1411.3502670274706
1114,30,0.18338766666666667,0.49229733333333336,0.6978553333333333,21.7632,1378.4737538597265
1115,30,0.1761296666666667,0.48052966666666663,0.6823286666666667,21.28742,1409.2830413455458
1116,30,0.17605199999999993,0.4806903333333334,0.6821670000000001,21.31691,1407.333426842821
1117,30,0.176295,0.4801803333333333,0.6823466666666665,21.28593,1409.3816901587104
1118,30,0.175745,0.48010899999999995,0.6815259999999999,21.26034,1411.078091883761
1119,30,0.1820906666666667,0.49274333333333337,0.6980636666666666,21.77435,1377.7678782604303
1120,30,0.17467200000000002,0.47936299999999993,0.6808723333333333,21.24412,1412.155457604269
1121,30,0.17506066666666664,0.481283,0.6821996666666666,21.29582,1408.7271586630616
1122,30,0.17590633333333333,0.4803156666666667,0.6825310000000001,21.31344,1407.5625520798144
1123,30,0.180662,0.4899933333333334,0.6941773333333331,21.66621,1384.644568662447
1124,30,0.17738633333333334,0.4847120000000001,0.6863636666666666,21.45099,1398.5368507467488
1125,30,0.17615166666666665,0.4812963333333334,0.6835223333333331,21.31991,1407.135395974936
1126,30,0.17588566666666666,0.4809276666666667,0.6825616666666665,21.29164,1409.0037216484968
1127,30,0.176234,0.48094566666666677,0.6830103333333334,21.30114,1408.3753263909819
1128,30,0.18372100000000005,0.498689,0.7038363333333333,21.98022,1364.8635000013649
1129,30,0.1754643333333333,0.4800263333333333,0.6818846666666668,21.27377,1410.187286973583
1130,30,0.17569566666666672,0.48001966666666657,0.6815823333333333,21.27298,1410.2396561271623
1131,30,0.17646900000000001,0.480968,0.6831276666666665,21.30575,1408.0705912723092
1132,30,0.1773673333333333,0.482451,0.6859319999999999,21.3945,1402.2295449765127
1133,30,0.18140866666666666,0.4908653333333332,0.6959293333333334,21.73295,1380.392445572276
1134,30,0.17537100000000008,0.4796096666666666,0.6815653333333332,21.26134,1411.0117236260744
1135,30,0.17524266666666663,0.4794826666666668,0.6818953333333334,21.26859,1410.530740401691
1136,30,0.17634933333333333,0.4807863333333333,0.6827136666666667,21.29408,1408.8422697763885
1137,30,0.18252666666666664,0.496206,0.7011543333333333,21.86075,1372.322541541347
1138,30,0.17580833333333332,0.4814826666666667,0.6834116666666666,21.32077,1407.0786374038087
1139,30,0.17493066666666668,0.48103133333333337,0.682995,21.32613,1406.7249894847307
1140,30,0.17551466666666665,0.48198799999999997,0.6837223333333334,21.34038,1405.7856514270131
1141,30,0.17608233333333334,0.48036633333333345,0.6823183333333335,21.28138,1409.6830186764205
1142,30,0.18292000000000003,0.49258566666666664,0.6979439999999998,21.77877,1377.4882603563012
1143,30,0.175706,0.48013633333333333,0.6822576666666667,21.28234,1409.6194309460332
1144,30,0.17562033333333332,0.48171499999999995,0.6839273333333332,21.33322,1406.2574707428132
1145,30,0.17656433333333332,0.48109966666666676,0.6827063333333332,21.33504,1406.13750899928
1146,30,0.18448366666666668,0.49381966666666677,0.6991383333333333,21.79931,1376.190347309158
1147,30,0.17580466666666664,0.48080333333333336,0.6822816666666666,21.28902,1409.1771251095636
1148,30,0.17557533333333333,0.47994733333333334,0.6824986666666668,21.28887,1409.1870540803716
1149,30,0.1758023333333334,0.4809216666666666,0.6825883333333332,21.29951,1408.4831059493856
1150,30,0.17716766666666664,0.4810333333333333,0.6832759999999999,21.33445,1406.1763954543003
1151,30,0.18369133333333335,0.4933603333333334,0.6984366666666665,21.7766,1377.6255246457206
1152,30,0.17585733333333337,0.48087566666666665,0.6821749999999999,21.29663,1408.6735788713988
1153,30,0.175179,0.4797760000000001,0.6819243333333332,21.26873,1410.5214556769492
1154,30,0.17557999999999999,0.480493,0.6819326666666666,21.26967,1410.4591185476784
1155,30,0.18241066666666667,0.49223366666666674,0.6971406666666666,21.736,1380.1987486198013
1156,30,0.17607533333333333,0.48113999999999996,0.6828896666666666,21.33544,1406.1111465242807
1157,30,0.1757473333333333,0.48385466666666666,0.6855496666666666,21.37999,1403.1811988686616
1158,30,0.17618966666666666,0.4803310000000001,0.6825076666666665,21.28569,1409.3975811918713
1159,30,0.17643366666666663,0.48090933333333336,0.6831283333333334,21.30247,1408.287395780865
1160,30,0.18491799999999997,0.49506233333333344,0.700856,21.85507,1372.6791998378408
1161,30,0.17636200000000002,0.4807903333333333,0.6826570000000002,21.29256,1408.9428420067857
1162,30,0.17609433333333332,0.4802613333333333,0.6817073333333333,21.28405,1409.5061795100087
1163,30,0.17583433333333337,0.482086,0.6835333333333332,21.3162,1407.380302305289
1164,30,0.17892966666666668,0.485124,0.6883593333333333,21.47017,1397.287492367317
1165,30,0.18086766666666668,0.48932899999999996,0.6929040000000001,21.61482,1387.9366101591409
1166,30,0.17524133333333333,0.4808733333333334,0.6824629999999999,21.28733,1409.2889996068084
1167,30,0.17778433333333335,0.4832846666666667,0.6851043333333332,21.38665,1402.7442353056697
1168,30,0.17557466666666663,0.479802,0.6820026666666668,21.27422,1410.1574581817806
1169,30,0.18249700000000002,0.4926066666666667,0.6974776666666668,21.75102,1379.2456629620128
1170,30,0.17626266666666668,0.48055100000000006,0.6820466666666667,21.28459,1409.470419679214
1171,30,0.17560033333333327,0.47985666666666665,0.6819850000000002,21.27195,1410.3079407388602
1172,30,0.17471166666666665,0.47978400000000004,0.6813243333333335,21.26944,1410.4743707403675
1173,30,0.17577333333333334,0.47914833333333323,0.6810316666666666,21.26379,1410.8491477765722
1174,30,0.18341999999999997,0.4935986666666666,0.6981639999999999,21.77068,1378.0001359626801
1175,30,0.17564,0.47944366666666666,0.6817150000000001,21.2647,1410.7887720024264
1176,30,0.17547966666666667,0.4810523333333334,0.6826816666666667,21.28966,1409.1347630727782
1177,30,0.17471033333333338,0.48015700000000006,0.6816856666666666,21.25755,1411.2632923361348
1178,30,0.182089,0.4932066666666666,0.6986043333333334,21.80295,1375.960592488631
1179,30,0.175933,0.4803196666666667,0.6816076666666666,21.28485,1409.4532026300396
1180,30,0.17600933333333335,0.48003333333333337,0.6819396666666668,21.26648,1410.6706892725076
1181,30,0.17469233333333334,0.4793903333333333,0.681137,21.24299,1412.2305758276025
1182,30,0.17539466666666664,0.47888933333333333,0.6812416666666666,21.24547,1412.065725069862
1183,30,0.18317066666666668,0.49381500000000006,0.6990879999999998,21.8144,1375.2383746516061
1184,30,0.175636,0.47936499999999993,0.6816589999999998,21.28648,1409.3452745592508
1185,30,0.17512233333333335,0.48022233333333325,0.6811633333333335,21.25866,1411.1896046128966
1186,30,0.17564699999999997,0.48061766666666667,0.682029,21.26908,1410.498244399852
1187,30,0.182749,0.49260999999999994,0.6981303333333333,21.76411,1378.4161171763974
1188,30,0.17673566666666668,0.4810726666666666,0.6825986666666668,21.29399,1408.848224311179
1189,30,0.17501966666666666,0.4808396666666666,0.6823266666666666,21.28053,1409.7393251013955
1190,30,0.17537466666666665,0.47956033333333337,0.6813909999999999,21.28768,1409.2658288737898
1191,30,0.17559266666666662,0.48044366666666666,0.6831203333333334,21.30203,1408.3164843913937
1192,30,0.18337799999999999,0.49301333333333336,0.698519,21.80186,1376.0293846488328
1193,30,0.17579766666666669,0.4807736666666667,0.6827363333333332,21.30884,1407.8664066180984
1194,30,0.17573699999999998,0.47969766666666674,0.6817683333333335,21.26461,1410.7947430025756
1195,30,0.17552400000000007,0.48032433333333324,0.6817703333333333,21.2817,1409.6618221288713
1196,30,0.17690566666666668,0.4831113333333334,0.6855910000000001,21.4,1401.8691588785048
1197,30,0.182389,0.49130733333333326,0.695729,21.70158,1382.3878261398477
1198,30,0.1759353333333334,0.4805576666666667,0.6819323333333334,21.28826,1409.2274333364962
1199,30,0.17562233333333338,0.47992200000000007,0.6819260000000001,21.26653,1410.6673726273164
1200,30,0.17551766666666666,0.479951,0.681806,21.2665,1410.6693626125596
1201,30,0.18474866666666664,0.4949643333333334,0.6999636666666665,21.84945,1373.03227312358
1202,30,0.17653099999999994,0.48107666666666676,0.6827873333333335,21.31589,1407.4007700358745
1203,30,0.17494766666666664,0.47962466666666664,0.6812776666666668,21.24987,1411.77334261339
1204,30,0.17587133333333332,0.4812503333333333,0.6830476666666667,21.31784,1407.2720313127409
1205,30,0.1747223333333333,0.4791763333333333,0.6820819999999999,21.27266,1410.260870055743
1206,30,0.18228766666666665,0.498382,0.7043363333333333,21.98733,1364.4221467545174
1207,30,0.17570800000000006,0.47959533333333326,0.68182,21.26897,1410.5055392903369
1208,30,0.17605633333333334,0.48026466666666673,0.6824933333333334,21.29837,1408.558495321473
1209,30,0.17490700000000003,0.4796806666666667,0.6810103333333333,21.24532,1412.075694788311
1210,30,0.18365333333333336,0.4951906666666667,0.7008433333333335,21.84772,1373.1409959483185
1211,30,0.1753823333333334,0.48068266666666665,0.6824606666666668,21.29015,1409.1023313598073
1212,30,0.17718199999999998,0.48258199999999996,0.6842246666666666,21.34269,1405.6334979330159
1213,30,0.1752566666666667,0.47963266666666676,0.6812953333333334,21.26843,1410.5413516653555
1214,30,0.17497100000000002,0.47988433333333336,0.6818856666666666,21.28668,1409.3320329896444
1215,30,0.18272466666666667,0.49398300000000006,0.6992499999999999,21.80815,1375.6325043619015
1216,30,0.17527066666666666,0.4810656666666667,0.6829016666666667,21.3034,1408.2259169897764
1217,30,0.17583400000000002,0.47964866666666667,0.6816289999999999,21.2649,1410.775503294161
1218,30,0.17562466666666662,0.48041500000000004,0.6812023333333332,21.28458,1409.471081881813
1219,30,0.18188633333333337,0.4904516666666667,0.6953573333333335,21.68805,1383.2502230490984
1220,30,0.17624499999999993,0.48133166666666666,0.6821383333333333,21.31531,1407.439066098499
1221,30,0.176212,0.48069233333333333,0.6824356666666668,21.28456,1409.472406288878
1222,30,0.175269,0.4792503333333333,0.6810883333333334,21.24715,1411.9540738404917
1223,30,0.17575300000000002,0.4806366666666666,0.6824706666666668,21.28722,1409.296281994549
1224,30,0.18112066666666668,0.48994066666666664,0.6961403333333335,21.71281,1381.6728465822712
1225,30,0.1748453333333333,0.47990733333333335,0.6817986666666666,21.30967,1407.8115709910103
1226,30,0.17604133333333338,0.47991233333333333,0.68212,21.27781,1409.9195358920865
1227,30,0.17626266666666668,0.480865,0.6823219999999999,21.28178,1409.6565230915835
1228,30,0.177161,0.4836903333333333,0.6861453333333334,21.40371,1401.6261666785806
1229,30,0.18163933333333335,0.49684233333333333,0.7018416666666668,21.88637,1370.716112356686
1230,30,0.17551333333333338,0.4801113333333333,0.6824863333333333,21.32336,1406.9077293634775
1231,30,0.175952,0.4811426666666668,0.6832833333333332,21.31316,1407.5810438245664
1232,30,0.176371,0.48014066666666666,0.6822453333333333,21.28083,1409.7194517319108
1233,30,0.18168133333333325,0.4916749999999999,0.6964843333333331,21.74215,1379.8083446209323
1234,30,0.17615566666666668,0.4800073333333333,0.6820369999999998,21.27913,1409.8320749015584
1235,30,0.176305,0.4806859999999999,0.6818730000000002,21.30759,1407.9489984554798
1236,30,0.1763893333333333,0.48082266666666656,0.682241,21.28399,1409.51015293655
1237,30,0.1755303333333333,0.4799906666666666,0.6814353333333335,21.25615,1411.356242781501
1238,30,0.18309866666666666,0.4957183333333333,0.701108,21.88858,1370.577716781993
1239,30,0.17508699999999996,0.47923466666666664,0.6819006666666668,21.27059,1410.3981130753778
1240,30,0.17551699999999998,0.4813229999999999,0.6831053333333335,21.32374,1406.8826575450648
1241,30,0.1757613333333333,0.48046733333333325,0.6820346666666666,21.27552,1410.0712932045844
1242,30,0.18639699999999998,0.5016826666666667,0.7067293333333334,22.04855,1360.6336924650375
1243,30,0.17560699999999999,0.48055033333333325,0.683576,21.32509,1406.7935938371186
1244,30,0.17609433333333332,0.4816,0.6840493333333335,21.338,1405.9424500890432
1245,30,0.17597433333333334,0.4809783333333334,0.6836380000000002,21.32112,1407.0555392962472
1246,30,0.17589200000000002,0.48025266666666655,0.6821076666666668,21.28118,1409.6962668423462
1247,30,0.18477266666666664,0.495358,0.6995446666666668,21.86403,1372.1166683360752
1248,30,0.17539300000000002,0.4862413333333333,0.6878283333333333,21.45442,1398.3132613233079
1249,30,0.17442433333333335,0.47969,0.6810839999999999,21.25827,1411.215494017152
1250,30,0.17666966666666664,0.480983,0.6830200000000002,21.30573,1408.0719130487432
1251,30,0.1826396666666667,0.49240599999999995,0.6974756666666667,21.7499,1379.3166865135013
1252,30,0.17665833333333333,0.48094899999999996,0.6828339999999999,21.32584,1406.7441188717537
1253,30,0.17506766666666668,0.481405,0.6832469999999999,21.30945,1407.8261053194708
1254,30,0.1755813333333333,0.4803846666666666,0.6822660000000002,21.28238,1409.6167815817591
1255,30,0.17602933333333332,0.4806176666666667,0.682535,21.28838,1409.2194896934384
1256,30,0.18349800000000005,0.4964740000000001,0.701578,21.87741,1371.2774958278883
1257,30,0.17544466666666664,0.479845,0.6820486666666667,21.27878,1409.8552642585712
1258,30,0.175179,0.4816126666666667,0.6833233333333332,21.3122,1407.644447781083
1259,30,0.175806,0.4812933333333334,0.6829240000000001,21.34318,1405.6012271835782
1260,30,0.18194433333333332,0.4896316666666667,0.6930726666666666,21.65557,1385.3248840829403
1261,30,0.17915299999999998,0.4911703333333334,0.6947370000000002,21.67136,1384.3155205764658
1262,30,0.17615866666666666,0.479735,0.6817436666666669,21.26839,1410.5440045062178
1263,30,0.17586933333333335,0.480895,0.6830390000000001,21.30338,1408.2272390578396
1264,30,0.17629866666666663,0.48079933333333336,0.6829120000000002,21.31616,1407.3829432693317
1265,30,0.18470666666666669,0.4934270000000001,0.6989336666666667,21.79644,1376.3715542538139
1266,30,0.17558366666666672,0.48067999999999994,0.6826723333333333,21.2973,1408.6292628643066
1267,30,0.175516,0.4799853333333333,0.6829709999999999,21.29703,1408.6471212183105
1268,30,0.17552700000000002,0.48047633333333334,0.6820026666666668,21.28536,1409.419431947592
1269,30,0.17525233333333332,0.47986466666666666,0.682129,21.27483,1410.1170256119553
1270,30,0.18285300000000002,0.4988456666666667,0.7034479999999999,21.96497,1365.811107413304
1271,30,0.17526666666666663,0.479577,0.6815556666666667,21.25945,1411.1371648843221
1272,30,0.1755966666666667,0.481136,0.6828066666666667,21.29685,1408.65902703921
1273,30,0.17581733333333335,0.4800326666666666,0.681392,21.2869,1409.3174675504652
1274,30,0.18303433333333335,0.493097,0.6976460000000001,21.75803,1378.8012977277813
1275,30,0.17607566666666669,0.4801613333333334,0.682428,21.28832,1409.223461503773
1276,30,0.17577466666666666,0.48068733333333336,0.6821686666666669,21.30294,1408.2563251832846
1277,30,0.17503699999999997,0.481318,0.6828733333333332,21.29699,1408.6497669388962
1278,30,0.17623700000000003,0.48048900000000005,0.6828266666666667,21.29751,1408.6153733464616
1279,30,0.1834033333333334,0.4937796666666666,0.6986913333333334,21.78824,1376.8895514277426
1280,30,0.17517000000000002,0.48050666666666675,0.6823879999999999,21.29908,1408.5115413435697
1281,30,0.17459233333333338,0.47989399999999993,0.6825326666666667,21.29777,1408.598177180052
1282,30,0.17558800000000002,0.480025,0.682967,21.31821,1407.247606623633
1283,30,0.18204033333333333,0.4922186666666667,0.6974086666666665,21.74517,1379.6167148842708
1284,30,0.17483833333333335,0.48012633333333327,0.6823793333333333,21.30533,1408.0983490985589
1285,30,0.17531699999999997,0.4793203333333333,0.6815899999999999,21.25979,1411.1145970868008
1286,30,0.17646233333333336,0.48143033333333324,0.683017,21.30445,1408.156511902443
1287,30,0.17533733333333335,0.48075799999999996,0.6823250000000002,21.30179,1408.3323514127217
1288,30,0.18338333333333334,0.493802,0.6983340000000001,21.81906,1374.9446584774962
1289,30,0.17603833333333335,0.4807209999999999,0.6823403333333334,21.2843,1409.4896238072195
1290,30,0.17534433333333332,0.4811403333333334,0.6828483333333332,21.29506,1408.7774347665609
1291,30,0.17523333333333332,0.4799299999999999,0.6827159999999999,21.28886,1409.1877160167337
1292,30,0.17827066666666666,0.486289,0.6906376666666666,21.55402,1391.8517288190324
1293,30,0.180373,0.489853,0.6932100000000001,21.6361,1386.5715170478968
1294,30,0.17562333333333335,0.4806006666666667,0.6816486666666667,21.2816,1409.668445981505
1295,30,0.17566033333333336,0.4803836666666667,0.6819613333333333,21.26744,1410.6070124095802
1296,30,0.17507566666666668,0.480076,0.6826650000000001,21.28819,1409.2320671696373
1297,30,0.1841146666666667,0.495233,0.6995936666666667,21.81182,1375.401044021086
1298,30,0.17606466666666667,0.48188966666666666,0.6837006666666666,21.34257,1405.6414011995741
1299,30,0.17573999999999995,0.48021666666666657,0.6823206666666668,21.2799,1409.7810610012264
1300,30,0.17471566666666669,0.4799819999999999,0.6813823333333333,21.27203,1410.30263684284
1301,30,0.1754476666666667,0.480466,0.682573,21.28451,1409.4757173174294
1302,30,0.182173,0.4947903333333333,0.6990353333333331,21.8143,1375.2446789491298
1303,30,0.17601666666666665,0.4808073333333333,0.6830683333333332,21.30381,1408.198815141517
1304,30,0.17548999999999998,0.4802353333333333,0.6826023333333333,21.31429,1407.5064194021945
1305,30,0.17550599999999997,0.4794003333333333,0.6822233333333333,21.2721,1410.297995966548
1306,30,0.183552,0.49314033333333335,0.6980533333333334,21.79135,1376.69304563508
1307,30,0.176406,0.48086366666666674,0.6831456666666667,21.3213,1407.0436605647872
1308,30,0.175833,0.4801023333333333,0.6823323333333333,21.28459,1409.470419679214
1309,30,0.17583433333333331,0.4803376666666666,0.6819966666666665,21.26998,1410.4385617663957
1310,30,0.175337,0.4816336666666666,0.683483,21.34136,1405.7210974370894
1311,30,0.18218099999999998,0.4932763333333333,0.6985773333333334,21.80133,1376.0628365333673
1312,30,0.1766576666666667,0.48155366666666666,0.6833680000000001,21.3175,1407.2944763691803
1313,30,0.17522266666666667,0.47979999999999995,0.6813449999999999,21.26286,1410.910855830307
1314,30,0.1760033333333334,0.4806740000000001,0.6827889999999999,21.29365,1408.8707196746448
1315,30,0.1819253333333333,0.4971573333333334,0.7029326666666668,21.97097,1365.4381213027918
1316,30,0.17641900000000005,0.4820286666666666,0.6842696666666666,21.3504,1405.1258992805756
1317,30,0.17533733333333332,0.4797013333333334,0.6818536666666667,21.26774,1410.5871145688259
1318,30,0.17504533333333333,0.4797390000000001,0.6818620000000002,21.2672,1410.6229310863678
1319,30,0.17469633333333331,0.47917533333333334,0.6817326666666668,21.26075,1411.0508801429867
1320,30,0.18256100000000003,0.49326933333333334,0.6990246666666666,21.79747,1376.306516306709
1321,30,0.17601066666666668,0.48131466666666667,0.6824136666666666,21.32579,1406.7474170945131
1322,30,0.17601999999999995,0.4803773333333333,0.6824260000000001,21.28375,1409.5260468667411
1323,30,0.1754423333333333,0.4799113333333334,0.6823183333333334,21.27799,1409.9076087543983
1324,30,0.17874366666666672,0.4876183333333333,0.6915309999999999,21.57083,1390.7670683047431
1325,30,0.17871266666666666,0.48756933333333324,0.6904089999999999,21.53707,1392.947137191828
1326,30,0.1761873333333333,0.48028266666666664,0.6821216666666665,21.27875,1409.8572519532397
1327,30,0.17524033333333336,0.47974900000000004,0.6817306666666666,21.28364,1409.5333317045393
1328,30,0.176109,0.47976166666666664,0.6817616666666665,21.28091,1409.714152261346
1329,30,0.1819633333333334,0.49211766666666656,0.698273,21.77383,1377.8007819478703
1330,30,0.17653933333333333,0.480497,0.6832526666666666,21.31416,1407.515004109944
1331,30,0.17607466666666663,0.48054766666666665,0.6826706666666666,21.29008,1409.1069643702608
1332,30,0.176194,0.480653,0.682069,21.29585,1408.7251741536495
1333,30,0.174527,0.4808023333333333,0.6830120000000001,21.32114,1407.0542194272914
1334,30,0.18248666666666669,0.4936033333333334,0.7000216666666667,21.85463,1372.7068360342867
1335,30,0.17632133333333336,0.48128766666666667,0.6828246666666667,21.31422,1407.511041924124
1336,30,0.17619433333333337,0.480898,0.6832956666666665,21.31339,1407.5658541414575
1337,30,0.1756466666666667,0.48078,0.6818033333333332,21.27734,1409.9506799252163
1338,30,0.18290866666666672,0.4969983333333333,0.7020516666666664,21.90525,1369.534700585476
1339,30,0.17822633333333332,0.483452,0.6853269999999999,21.40918,1401.2680541711545
1340,30,0.17556699999999997,0.483438,0.6850143333333334,21.36522,1404.1512327043672
1341,30,0.17566333333333334,0.4796486666666667,0.6814899999999999,21.25597,1411.3681944413736
1342,30,0.1764156666666667,0.4803970000000001,0.6824283333333335,21.28402,1409.5081662204789
1343,30,0.18588900000000005,0.49557999999999985,0.7010116666666665,21.85873,1372.4493600497376
1344,30,0.17552466666666666,0.481175,0.6837016666666667,21.3522,1405.0074465394666
1345,30,0.175451,0.4798076666666667,0.6816810000000001,21.26297,1410.9035567467763
1346,30,0.174935,0.47986199999999996,0.6815723333333332,21.26034,1411.078091883761
1347,30,0.18325666666666668,0.497888,0.7029329999999999,21.91244,1369.0853232227905
1348,30,0.17496033333333333,0.4805953333333333,0.6834616666666666,21.32183,1407.0086854646154
1349,30,0.17646633333333336,0.48148766666666665,0.683423,21.34918,1405.2061952730737
1350,30,0.17646833333333337,0.4821079999999999,0.6840406666666669,21.35303,1404.9528333917951
1351,30,0.17558166666666666,0.4804943333333333,0.6822320000000001,21.27834,1409.884417675439
1352,30,0.1865366666666667,0.499071,0.7047676666666667,21.97834,1364.9802487358008
1353,30,0.175223,0.48039033333333336,0.6830226666666666,21.32234,1406.9750318210854
1354,30,0.17617033333333332,0.48111833333333337,0.683327,21.31356,1407.5546271950816
1355,30,0.1757483333333333,0.480913,0.6824236666666668,21.3132,1407.578402116998
1356,30,0.18135199999999999,0.49051466666666665,0.6954063333333332,21.68774,1383.2699949372318
1357,30,0.17700766666666662,0.4836843333333334,0.6870993333333334,21.43464,1399.6036322513464
1358,30,0.17522633333333332,0.48096133333333335,0.683534,21.33608,1406.0689686202902
1359,30,0.17596033333333333,0.4800736666666667,0.6825953333333333,21.29125,1409.0295309105852
1360,30,0.17568500000000004,0.4808163333333334,0.6824170000000002,21.30328,1408.2338494353921
1361,30,0.18410166666666666,0.49408166666666664,0.6994196666666667,21.8326,1374.0919542335773
1362,30,0.17571099999999998,0.48128733333333334,0.683396,21.31906,1407.1914990623413
1363,30,0.17551166666666665,0.48120366666666664,0.6826876666666667,21.29495,1408.7847118683069
1364,30,0.17621366666666666,0.48018900000000003,0.6823036666666666,21.2787,1409.8605647901422
1365,30,0.17639266666666667,0.48232233333333335,0.6851966666666668,21.37124,1403.7557015877412
1366,30,0.18246900000000002,0.49320266666666673,0.6969,21.73656,1380.1631904956444
1367,30,0.176198,0.4806123333333333,0.6831253333333335,21.32897,1406.5376809100487
1368,30,0.17617899999999997,0.48169799999999996,0.683444,21.31796,1407.264109699052
1369,30,0.176339,0.4807283333333333,0.6823906666666666,21.28026,1409.7572116130161
1370,30,0.18294266666666664,0.492218,0.6968746666666668,21.73427,1380.3086093988893
1371,30,0.17609233333333338,0.4807976666666668,0.6827543333333335,21.30149,1408.3521856921745
1372,30,0.17554999999999998,0.48115533333333327,0.6828943333333333,21.32542,1406.771824423622
1373,30,0.17600433333333332,0.4808149999999999,0.6829963333333334,21.3017,1408.3383016378975
1374,30,0.175015,0.48022800000000004,0.6819289999999999,21.27125,1410.3543515308222
1375,30,0.18445533333333333,0.494138,0.6993883333333334,21.81048,1375.4855463978784
1376,30,0.17516500000000004,0.48093600000000003,0.6824483333333332,21.28861,1409.2042646278926
1377,30,0.17592633333333332,0.4811599999999999,0.6832433333333333,21.30545,1408.090418179386
1378,30,0.17562066666666665,0.4805613333333333,0.6825466666666667,21.31244,1407.6285962564589
1379,30,0.1835113333333333,0.4932206666666667,0.6988256666666666,21.7877,1376.9236771205772
1380,30,0.17554133333333333,0.4801933333333334,0.68214,21.28379,1409.5233978534839
1381,30,0.17543533333333333,0.4792893333333333,0.6818796666666667,21.26781,1410.5824718200886
1382,30,0.17537400000000003,0.4802993333333333,0.6821439999999999,21.27844,1409.8777917930074
1383,30,0.17648866666666668,0.48092599999999996,0.6825783333333334,21.28671,1409.3300467756642
1384,30,0.18293766666666667,0.49375933333333333,0.6992086666666667,21.83473,1373.9579101733798
1385,30,0.17556866666666668,0.4814150000000001,0.6829616666666666,21.30416,1408.175680242732
1386,30,0.17541900000000002,0.4805993333333333,0.6821463333333334,21.27487,1410.1143743769055
1387,30,0.17538966666666667,0.48125999999999997,0.6827549999999999,21.2918,1408.993133506796
1388,30,0.18288833333333337,0.49157199999999995,0.6956923333333334,21.69111,1383.0550857010085
1389,30,0.17749766666666666,0.48361466666666664,0.685608,21.41731,1400.7361335293742
1390,30,0.17575166666666672,0.4810093333333334,0.6826709999999999,21.29067,1409.0679156644671
1391,30,0.17518833333333333,0.4812106666666666,0.682921,21.29506,1408.7774347665609
1392,30,0.1762576666666667,0.4811196666666668,0.6832976666666666,21.3115,1407.6906834338267
1393,30,0.18401299999999995,0.4950976666666666,0.6994156666666668,21.80655,1375.7334378890746
1394,30,0.17514866666666665,0.4805933333333334,0.6819896666666668,21.27719,1409.960619799889
1395,30,0.176192,0.4805993333333334,0.6831810000000001,21.33181,1406.3504222098359
1396,30,0.175309,0.48112066666666664,0.6831960000000001,21.30473,1408.1380050345626
1397,30,0.2175136666666667,0.5588236666666667,0.7754336666666665,24.17173,1241.1192744582204
1398,30,0.2975326666666666,0.7195193333333333,0.9576626666666669,29.79278,1006.9553764368413
1399,30,0.17844666666666667,0.48281233333333334,0.6854486666666667,21.38218,1403.037482614027
1400,30,0.17500366666666667,0.4815273333333333,0.6831776666666667,21.30989,1407.7970369626496
1401,30,0.17620433333333332,0.48078,0.6830239999999997,21.32191,1407.0034063552469
1402,30,0.18445766666666666,0.49693200000000004,0.7026273333333333,21.90798,1369.3640399525652
1403,30,0.17530533333333334,0.48066299999999995,0.6828046666666666,21.29737,1408.6246329945905
1404,30,0.17548099999999997,0.47936233333333333,0.681642,21.2593,1411.1471214950634
1405,30,0.17637099999999997,0.4810256666666667,0.6826399999999999,21.29874,1408.534025956465
1406,30,0.18314533333333333,0.4932439999999999,0.6980783333333332,21.78858,1376.868065748204
1407,30,0.17536133333333337,0.48029333333333335,0.681987,21.29193,1408.9845307588369
1408,30,0.17538066666666668,0.4799819999999999,0.6814523333333334,21.25185,1411.641810007129
1409,30,0.17475966666666667,0.47976633333333324,0.681757,21.25874,1411.1842940832805
1410,30,0.17476866666666668,0.479787,0.6816556666666667,21.29268,1408.9349015718076
1411,30,0.18230266666666667,0.492396,0.6976726666666668,21.75552,1378.9603741946871
1412,30,0.17539933333333332,0.4802133333333334,0.6825116666666665,21.31265,1407.6147264652684
1413,30,0.1759033333333333,0.4802256666666667,0.6826086666666668,21.28556,1409.4061889844572
1414,30,0.174278,0.47994933333333345,0.6816056666666666,21.27577,1410.0547242238472
1415,30,0.18335500000000002,0.4928166666666666,0.6974140000000002,21.74121,1379.8680018269451
1416,30,0.17693233333333333,0.481302,0.6828546666666668,21.31719,1407.3149416034664
1417,30,0.17487133333333332,0.47932333333333343,0.6810413333333332,21.24037,1412.4047744930997
1418,30,0.175303,0.4811383333333333,0.6833306666666668,21.3382,1405.929272384737
1419,30,0.174538,0.480066,0.6827343333333332,21.28832,1409.223461503773
1420,30,0.18274533333333337,0.492654,0.697511,21.75222,1379.1695744158528
1421,30,0.17572933333333338,0.4812083333333333,0.683607,21.32206,1406.9935081319534
1422,30,0.174935,0.47958900000000004,0.6820450000000002,21.2866,1409.337329587628
1423,30,0.175525,0.479772,0.6820773333333332,21.29209,1408.9739429055578
1424,30,0.18246133333333334,0.4915383333333333,0.6953929999999999,21.69673,1382.6968395698336
1425,30,0.17832,0.48533399999999993,0.687175,21.44838,1398.7070352166459
1426,30,0.17492533333333332,0.479275,0.6815156666666666,21.25923,1411.1517679614924
1427,30,0.1754696666666667,0.48034333333333323,0.6815650000000001,21.27226,1410.2873883640007
1428,30,0.17517733333333327,0.4790316666666667,0.6817776666666667,21.26228,1410.949343156049
1429,30,0.18271033333333336,0.4919466666666667,0.6973236666666668,21.80946,1375.5498760629562
1430,30,0.1805516666666667,0.48471566666666666,0.6869109999999999,21.42623,1400.1529900500461
1431,30,0.17607133333333333,0.48040966666666673,0.6827279999999999,21.28934,1409.155943772799
1432,30,0.17545033333333335,0.48088133333333327,0.682504,21.2858,1409.3902977571902
1433,30,0.1756926666666667,0.48147766666666664,0.6840306666666668,21.32968,1406.490861560042
1434,30,0.18316533333333335,0.5009493333333334,0.7058073333333336,22.00682,1363.2137673684795
1435,30,0.176217,0.481319,0.6830543333333333,21.35372,1404.9074353321107
1436,30,0.1758856666666667,0.48059899999999994,0.6825056666666666,21.28569,1409.3975811918713
1437,30,0.17592733333333327,0.48113433333333344,0.6829673333333335,21.31543,1407.4311426042075
1438,30,0.18204566666666663,0.4930896666666667,0.6981523333333334,21.7691,1378.10015113165
1439,30,0.17668266666666668,0.48225799999999996,0.6838749999999999,21.33221,1406.32405175085
1440,30,0.17587233333333335,0.4803986666666667,0.6824786666666666,21.3096,1407.816195517513
1441,30,0.17562633333333336,0.4800506666666667,0.6822926666666668,21.28015,1409.7644988404686
1442,30,0.17631266666666662,0.4801543333333334,0.682467,21.28466,1409.4657842784427
1443,30,0.18571800000000002,0.4962810000000001,0.7020036666666667,21.88937,1370.5282518409622
1444,30,0.17762866666666663,0.48247433333333334,0.6841023333333333,21.34057,1405.7731353942281
1445,30,0.17490466666666665,0.48054266666666673,0.6821756666666668,21.2788,1409.853939131906
1446,30,0.17598200000000003,0.48089166666666666,0.6832456666666666,21.33793,1405.9470623439104
1447,30,0.18256900000000004,0.4930716666666666,0.6992196666666667,21.81744,1375.046751589554
1448,30,0.17606099999999997,0.4813473333333334,0.6844799999999999,21.35535,1404.8002022912292
1449,30,0.17720433333333335,0.482248,0.68435,21.35935,1404.5371230866108
1450,30,0.17585066666666666,0.4811296666666667,0.6831503333333333,21.30666,1408.0104530696035
1451,30,0.17570533333333335,0.48026366666666664,0.6820173333333334,21.31278,1407.6061405410276
1452,30,0.18339166666666668,0.499478,0.7043626666666666,21.9816,1364.7778141718527
1453,30,0.17604400000000003,0.4824416666666667,0.6843676666666667,21.34517,1405.4701836527888
1454,30,0.176371,0.4813466666666667,0.6830293333333334,21.3197,1407.149256321618
1455,30,0.17573599999999995,0.48006299999999996,0.6820800000000001,21.27449,1410.139561512403
1456,30,0.1814116666666667,0.4899763333333333,0.6949919999999998,21.67451,1384.1143352260328
1457,30,0.17715333333333333,0.4836056666666666,0.6867556666666665,21.44641,1398.83551606073
1458,30,0.17668666666666674,0.48167066666666664,0.6842650000000001,21.34466,1405.5037653445872
1459,30,0.175897,0.4808506666666667,0.6827223333333332,21.29197,1408.981883780599
1460,30,0.176485,0.4811496666666667,0.6835533333333335,21.321,1407.0634585619812
1461,30,0.182614,0.4963593333333333,0.7003093333333331,21.83878,1373.7031097891
1462,30,0.17577133333333336,0.4819549999999999,0.6836156666666667,21.33214,1406.328666509783
1463,30,0.17589600000000002,0.4803906666666667,0.6823216666666666,21.28214,1409.6326779167885
1464,30,0.17561599999999997,0.48071566666666676,0.6829383333333335,21.34418,1405.535373108735
1465,30,0.17834533333333333,0.48318733333333336,0.6862119999999999,21.41894,1400.6295362889107
1466,30,0.18291799999999994,0.49582866666666664,0.7006426666666667,21.85308,1372.8041996826075
1467,30,0.17598066666666667,0.48119399999999996,0.6826736666666666,21.29501,1408.780742530762
1468,30,0.175233,0.47998066666666683,0.6814253333333333,21.27142,1410.3430800576548
1469,30,0.17528433333333332,0.4800283333333333,0.6822883333333333,21.30176,1408.334334815527
1470,30,0.18463333333333332,0.4944223333333333,0.6987556666666667,21.80652,1375.7353305341705
1471,30,0.17503766666666667,0.4806643333333333,0.683378,21.3226,1406.957875681202
1472,30,0.17680766666666664,0.4813253333333333,0.6830766666666666,21.30648,1408.0223481307096
1473,30,0.17523799999999998,0.4806466666666667,0.6821813333333334,21.29416,1408.8369768988305
1474,30,0.17568033333333333,0.4802166666666667,0.6819926666666666,21.30771,1407.9410692186068
1475,30,0.18224166666666666,0.49279799999999996,0.6979706666666666,21.78443,1377.1303632915804
1476,30,0.17473433333333332,0.48034800000000005,0.6829473333333334,21.30823,1407.9067102241715
1477,30,0.17503533333333332,0.4802303333333333,0.6820733333333334,21.2712,1410.3576667042762
1478,30,0.1760606666666667,0.4800393333333334,0.68207,21.27286,1410.2476112755876
1479,30,0.18299966666666664,0.4929896666666667,0.6979383333333334,21.78019,1377.3984524469254
1480,30,0.17479966666666666,0.4786226666666667,0.680585,21.23778,1412.577020762057
1481,30,0.17533,0.4809226666666667,0.6837106666666667,21.34752,1405.3154652156318
1482,30,0.17601999999999998,0.48052933333333325,0.6821123333333332,21.27837,1409.8824299041703
1483,30,0.17544733333333337,0.4797303333333333,0.6818399999999999,21.26189,1410.9752237453963
1484,30,0.18292566666666665,0.493124,0.6982136666666665,21.77538,1377.702708287984
1485,30,0.17461733333333335,0.4804686666666666,0.681773,21.30448,1408.154529000473
1486,30,0.17553466666666667,0.48027600000000004,0.6829953333333333,21.31836,1407.2377049641716
1487,30,0.17570033333333335,0.48077933333333334,0.6822716666666666,21.28084,1409.7187892959114
1488,30,0.18248033333333338,0.49249366666666666,0.6979996666666667,21.77078,1377.9938063771715
1489,30,0.1758643333333333,0.481276,0.682585,21.29583,1408.7264971593029
1490,30,0.17597833333333332,0.48069666666666666,0.6828446666666665,21.29956,1408.4797995827146
1491,30,0.17583533333333337,0.4803323333333333,0.6816706666666668,21.2935,1408.8806443280814
1492,30,0.17621466666666663,0.4803946666666667,0.682525,21.29394,1408.8515324078116
1493,30,0.18150833333333333,0.49185933333333337,0.696975,21.75347,1379.0903244401927
1494,30,0.17538666666666672,0.4799170000000001,0.6820533333333331,21.27901,1409.840025452312
1495,30,0.17467533333333332,0.4812493333333333,0.682681,21.2922,1408.9666638487333
1496,30,0.176597,0.4821513333333333,0.6840986666666667,21.33927,1405.8587758625295
1497,30,0.177412,0.48397000000000007,0.6866893333333334,21.41571,1400.8407846389402
1498,30,0.18178133333333332,0.49225966666666665,0.6966526666666668,21.77395,1377.7931886497397
1499,30,0.176117,0.48107433333333344,0.6826436666666666,21.29369,1408.86807312401
1500,30,0.17542033333333332,0.47941566666666663,0.6823426666666668,21.28521,1409.4293643332624
1501,30,0.1763813333333334,0.48161,0.6834790000000001,21.31593,1407.3981290049273
1502,30,0.18269966666666668,0.49465000000000003,0.6992846666666668,21.80995,1375.5189718454192
1503,30,0.17579433333333333,0.48037399999999997,0.6826793333333333,21.32006,1407.125495894477
1504,30,0.17648466666666662,0.4811066666666666,0.6826926666666668,21.29137,1409.021589498468
1505,30,0.17550433333333335,0.481868,0.6833086666666666,21.32996,1406.4723984480047
1506,30,0.176299,0.4814983333333333,0.6831980000000001,21.30668,1408.0091314085535
1507,30,0.18166000000000004,0.49918066666666666,0.7037826666666667,21.9467,1366.948106093399
1508,30,0.17632566666666669,0.4805646666666667,0.6826706666666668,21.31638,1407.3684180897508
1509,30,0.17655933333333337,0.48136566666666664,0.6836363333333334,21.31718,1407.3156017822243
1510,30,0.17734733333333327,0.48233899999999996,0.6839793333333334,21.33453,1406.1711225885922
1511,30,0.18431999999999996,0.4931753333333333,0.698639,21.80397,1375.8962244031707
1512,30,0.17589066666666667,0.4806569999999999,0.6827120000000002,21.29787,1408.5915633816903
1513,30,0.1763093333333333,0.4809976666666666,0.683129,21.30382,1408.1981541338596
1514,30,0.17605933333333337,0.480874,0.6824356666666666,21.31977,1407.1446361757187
1515,30,0.17676433333333333,0.48173800000000006,0.6835143333333333,21.35703,1404.6896970224793
1516,30,0.18364133333333335,0.4924433333333333,0.6976709999999999,21.76099,1378.613748731101
1517,30,0.17634000000000002,0.4820996666666667,0.6836443333333334,21.34135,1405.7217561213326
1518,30,0.17608400000000002,0.4811446666666666,0.6826363333333333,21.2927,1408.9335781746795
1519,30,0.17610333333333333,0.48062866666666654,0.6827726666666667,21.31164,1407.681436060294
1520,30,0.18639899999999995,0.49963433333333335,0.7040566666666667,21.97936,1364.916903858893
1521,30,0.17734,0.48232833333333336,0.6847393333333334,21.36244,1404.3339618507998
1522,30,0.17588399999999998,0.485569,0.6869686666666666,21.4281,1400.030800677615
1523,30,0.17495933333333333,0.47949,0.6816576666666667,21.27814,1409.8976696271384
1524,30,0.17621599999999998,0.48187133333333326,0.6842919999999999,21.34276,1405.6288877352322
1525,30,0.18649133333333337,0.495327,0.7004046666666667,21.83672,1373.8327001491066
1526,30,0.17551166666666665,0.47974500000000003,0.6819086666666665,21.30048,1408.4189652064179
1527,30,0.17634566666666665,0.4810053333333333,0.6825903333333333,21.30499,1408.1208205213895
1528,30,0.17637999999999998,0.4825196666666667,0.6839530000000001,21.33403,1406.2040786480566
1529,30,0.17995666666666663,0.48924266666666666,0.6927463333333334,21.60433,1388.6105239088645
1530,30,0.18041166666666666,0.49305733333333335,0.6966816666666668,21.73008,1380.5747608844515
1531,30,0.176963,0.48163233333333333,0.6836266666666667,21.32625,1406.717074028486
1532,30,0.17648900000000003,0.48228966666666667,0.6841343333333333,21.36735,1404.0112601703065
1533,30,0.17712033333333332,0.4828029999999999,0.6853866666666666,21.3912,1402.4458655895883
1534,30,0.18348933333333334,0.49316699999999997,0.6976593333333334,21.77742,1377.573651975303
1535,30,0.17679,0.48091333333333336,0.683176,21.31322,1407.5770812669318
1536,30,0.17674266666666666,0.48180833333333334,0.6834536666666667,21.33729,1405.9892329344543
1537,30,0.17619199999999996,0.48123133333333346,0.6828959999999997,21.32404,1406.8628646354068
1538,30,0.1764603333333333,0.4823913333333334,0.6850553333333332,21.36408,1404.2261590482717
1539,30,0.18308033333333332,0.49474433333333323,0.7002203333333333,21.83875,1373.7049968519261
1540,30,0.17684,0.4821160000000001,0.6851149999999998,21.37516,1403.4982662118084
1541,30,0.17699433333333336,0.4813046666666666,0.6836113333333333,21.32184,1407.0080255737778
1542,30,0.17605333333333334,0.48122666666666675,0.6833656666666666,21.31667,1407.3492717202078
1543,30,0.18304733333333337,0.4932556666666666,0.6985309999999999,21.80127,1376.0666236416503
1544,30,0.17716200000000001,0.48202133333333336,0.6843663333333333,21.35215,1405.0107366237123
1545,30,0.17575433333333332,0.48010433333333336,0.6819693333333332,21.27344,1410.209162222941
1546,30,0.17639233333333332,0.4802153333333334,0.6824153333333334,21.28522,1409.4287021698624
1547,30,0.17514466666666667,0.48091000000000006,0.6825220000000002,21.28801,1409.243982880504
1548,30,0.18382199999999999,0.49896466666666667,0.7044443333333331,21.96845,1365.5947506537784
1549,30,0.17684966666666663,0.4815196666666667,0.683796,21.35027,1405.1344549741057
1550,30,0.17651266666666665,0.481122,0.6832633333333333,21.30973,1407.807607135332
1551,30,0.17627400000000001,0.48098433333333335,0.6832106666666665,21.30684,1407.9985582094764
1552,30,0.18300266666666667,0.49779066666666666,0.7045706666666667,21.96772,1365.6401301546086
1553,30,0.17745399999999997,0.482388,0.6845656666666665,21.35254,1404.9850743752265
1554,30,0.17612866666666666,0.4813356666666666,0.6830739999999998,21.33732,1405.9872561315103
1555,30,0.17722066666666672,0.48176633333333335,0.6834690000000002,21.31437,1407.501136557168
1556,30,0.1768806666666667,0.4807376666666666,0.6831816666666668,21.30691,1407.9939324848137
1557,30,0.18505800000000003,0.4986036666666667,0.7035530000000001,21.93335,1367.780115668605
1558,30,0.1766283333333333,0.481561,0.6833193333333334,21.31596,1407.3961482382217
1559,30,0.1765803333333333,0.4810273333333334,0.6834786666666666,21.31548,1407.427841174583
1560,30,0.17619166666666666,0.482455,0.6848226666666667,21.38473,1402.8701788612716
1561,30,0.1820733333333333,0.49215233333333325,0.6973583333333333,21.74396,1379.6934872948625
1562,30,0.17803766666666665,0.4846083333333333,0.6865450000000002,21.41561,1400.8473258524973
1563,30,0.17771066666666666,0.4825993333333332,0.684564,21.35152,1405.0521930054629
1564,30,0.17613766666666666,0.4806926666666667,0.6826186666666666,21.29146,1409.0156334981255
1565,30,0.17606000000000002,0.4811266666666667,0.6832313333333334,21.30865,1407.8789599528832
1566,30,0.1880113333333333,0.49909466666666674,0.7053266666666664,22.03697,1361.3486790606876
1567,30,0.17667200000000002,0.48240066666666664,0.6846893333333331,21.35595,1404.7607341279597
1568,30,0.17517733333333338,0.47967366666666666,0.6822793333333333,21.28251,1409.608171216647
1569,30,0.17652133333333336,0.48112400000000005,0.6833183333333334,21.3096,1407.816195517513
1570,30,0.177869,0.4839093333333334,0.6861346666666666,21.39927,1401.9169812802024
1571,30,0.182236,0.4964906666666667,0.7008310000000001,21.86631,1371.973597740085
1572,30,0.1763036666666667,0.48156266666666653,0.6833643333333332,21.33455,1406.169804378344
1573,30,0.17638533333333342,0.48089933333333335,0.6832673333333333,21.31201,1407.6569971579406
1574,30,0.1754323333333333,0.4811336666666666,0.6828390000000001,21.31051,1407.7560790426883
1575,30,0.1827096666666667,0.49313533333333326,0.6989073333333333,21.79315,1376.5793380029963
1576,30,0.17554599999999992,0.4807889999999999,0.6831576666666667,21.31328,1407.5731187316078
1577,30,0.176387,0.4809996666666666,0.6828023333333333,21.34305,1405.6097886665684
1578,30,0.1765383333333333,0.48123933333333324,0.6836003333333334,21.3215,1407.0304622095068
1579,30,0.17581799999999997,0.4810223333333334,0.6830806666666666,21.30632,1408.0329216870862
1580,30,0.18514666666666674,0.49502,0.7000626666666668,21.82934,1374.2971615266426
1581,30,0.17696799999999996,0.48315800000000003,0.6847270000000001,21.35737,1404.6673349761697
1582,30,0.17659633333333333,0.4815183333333334,0.6831193333333334,21.32382,1406.877379381368
1583,30,0.17566466666666666,0.48026433333333335,0.682117,21.2959,1408.7218666503882
1584,30,0.18273566666666669,0.4925843333333334,0.6977986666666667,21.75833,1378.7822870597147
1585,30,0.17570433333333335,0.4813913333333332,0.6832710000000001,21.31828,1407.2429858318778
1586,30,0.17712333333333333,0.4814833333333333,0.683826,21.32491,1406.8054683466426
1587,30,0.17523533333333335,0.4805546666666667,0.6821626666666667,21.27504,1410.1031067391648
1588,30,0.17661066666666664,0.48108933333333337,0.6831139999999999,21.34658,1405.377348502664
1589,30,0.18425533333333335,0.4936123333333332,0.6983516666666668,21.77984,1377.420587111751
1590,30,0.17537899999999998,0.48274433333333344,0.6845586666666666,21.35752,1404.657469593848
1591,30,0.17596900000000001,0.48144200000000004,0.6838743333333334,21.32599,1406.7342242962695
1592,30,0.17586533333333337,0.48139899999999997,0.6834826666666668,21.31814,1407.252227445734
1593,30,0.18325766666666665,0.49209600000000003,0.6976473333333334,21.7576,1378.8285472662426
1594,30,0.17583800000000002,0.48113000000000006,0.6830546666666667,21.33356,1406.2350587525007
1595,30,0.17524900000000002,0.48007466666666676,0.6818073333333334,21.30293,1408.256986245554
1596,30,0.17575333333333337,0.4806973333333333,0.6828933333333332,21.30532,1408.0990100125227
1597,30,0.17521333333333328,0.48046500000000003,0.6822373333333333,21.29479,1408.7952968777809
1598,30,0.18286466666666668,0.49292333333333344,0.699035,21.79772,1376.2907313241935
1599,30,0.1763503333333333,0.4808450000000001,0.6831810000000001,21.31182,1407.6695467585594
1600,30,0.176851,0.48150033333333325,0.683364,21.35068,1405.1074719868407
1601,30,0.176206,0.4812746666666666,0.6837289999999998,21.35947,1404.5292322328223
1602,30,0.18027633333333334,0.49375,0.6983480000000001,21.77692,1377.605281187606
1603,30,0.17911333333333335,0.487456,0.6899306666666668,21.52101,1393.9866205164162
1604,30,0.17589866666666668,0.479928,0.6823303333333334,21.28524,1409.4273778449292
1605,30,0.17731400000000003,0.4818206666666667,0.6835446666666666,21.35476,1404.8390148144956
1606,30,0.17680200000000001,0.4814543333333334,0.6830510000000002,21.30327,1408.2345104765607
1607,30,0.18399633333333335,0.4933506666666666,0.6984623333333335,21.79697,1376.3380873580136
1608,30,0.17568399999999998,0.48138099999999995,0.6828986666666668,21.3039,1408.1928660949404
1609,30,0.17695533333333333,0.48106133333333345,0.6840649999999998,21.33481,1406.1526678700209
1610,30,0.17653133333333335,0.4810053333333333,0.6824690000000001,21.30237,1408.2940067231955
1611,30,0.176107,0.4807533333333333,0.6829943333333333,21.31956,1407.1584967044348
1612,30,0.18340099999999998,0.4959593333333334,0.7007273333333333,21.85463,1372.7068360342867
1613,30,0.1799426666666667,0.48651933333333336,0.6884073333333334,21.48631,1396.2378835639995
1614,30,0.17636699999999994,0.48082800000000003,0.6829076666666668,21.30066,1408.4070634431046
1615,30,0.17630033333333334,0.4813186666666667,0.6837310000000001,21.32495,1406.8028295494246
1616,30,0.18303966666666668,0.49305266666666664,0.6985953333333335,21.79007,1376.7739158249606
1617,30,0.17694933333333332,0.48163333333333325,0.6836986666666668,21.34847,1405.2529291326264
1618,30,0.17552766666666667,0.48053166666666663,0.682713,21.29443,1408.8191137306799
1619,30,0.17589433333333335,0.4806483333333333,0.6833173333333333,21.31435,1407.5024572647067
1620,30,0.17657166666666668,0.4812249999999999,0.6833876666666666,21.31773,1407.2792928703009
1621,30,0.18289366666666665,0.49584666666666666,0.701261,21.86833,1371.8468671361738
1622,30,0.17567133333333335,0.4803963333333333,0.6819400000000002,21.29266,1408.936224971422
1623,30,0.17533733333333335,0.4802783333333333,0.6817683333333332,21.2903,1409.0924035828523
1624,30,0.1758356666666667,0.482743,0.6840620000000001,21.35203,1405.0186328887698
1625,30,0.1845093333333333,0.49403033333333346,0.6985696666666665,21.78536,1377.071574672165
1626,30,0.17683,0.48251933333333336,0.6844946666666666,21.37729,1403.3584238226642
1627,30,0.17517299999999997,0.48057,0.6815936666666668,21.27488,1410.113711569701
1628,30,0.17650866666666667,0.48141633333333333,0.683579,21.34246,1405.6486459386592
1629,30,0.17612799999999998,0.48093266666666673,0.6830719999999999,21.30722,1407.973447498078
1630,30,0.18309866666666663,0.4951006666666666,0.7002266666666668,21.87373,1371.5081972759103
1631,30,0.17647000000000002,0.48090633333333344,0.6823573333333335,21.28628,1409.3585163776854
1632,30,0.17531466666666667,0.4817686666666666,0.6833553333333334,21.31658,1407.3552136412125
1633,30,0.17576166666666665,0.4799626666666666,0.6820266666666668,21.27033,1410.4153532173689
1634,30,0.18308066666666664,0.490912,0.695112,21.72587,1380.8422861777226
1635,30,0.1791593333333333,0.4857343333333333,0.6880450000000001,21.48802,1396.1267720339054
1636,30,0.17668399999999998,0.4813530000000001,0.6831916666666668,21.33128,1406.3853645913418
1637,30,0.17584733333333336,0.4803313333333334,0.6825803333333332,21.28935,1409.1552818662853
1638,30,0.17556066666666667,0.4805536666666667,0.682769,21.31247,1407.6266148409827
1639,30,0.18360133333333328,0.4939003333333333,0.6981366666666666,21.77022,1378.0292528049786
1640,30,0.176486,0.4802073333333332,0.6818223333333332,21.32796,1406.6042884551546
1641,30,0.1764006666666667,0.48116733333333334,0.6826946666666667,21.2894,1409.151972343044
1642,30,0.17578033333333337,0.4811303333333334,0.6825683333333331,21.29191,1408.9858542516852
1643,30,0.176576,0.4836016666666666,0.6857843333333334,21.39125,1402.442587506574
1644,30,0.1823453333333333,0.49386533333333327,0.6985956666666667,21.79004,1376.7758113339855
1645,30,0.17598466666666662,0.481634,0.6829833333333332,21.31872,1407.2139415499619
1646,30,0.17517466666666665,0.48063100000000003,0.6814819999999997,21.27525,1410.08918814115
1647,30,0.175456,0.4817293333333333,0.6837586666666665,21.32483,1406.810745970777
1648,30,0.18669733333333335,0.4971216666666666,0.7017179999999997,21.88575,1370.7549432850142
1649,30,0.17584466666666668,0.4805656666666666,0.6820856666666667,21.29811,1408.575690519018
1650,30,0.17543933333333334,0.47978533333333334,0.6814503333333334,21.26081,1411.0468980250516
1651,30,0.17532233333333333,0.48141699999999993,0.6830383333333333,21.32718,1406.6557322627746
1652,30,0.17582566666666669,0.4800736666666666,0.6822503333333333,21.2787,1409.8605647901422
1653,30,0.18308833333333333,0.49357666666666666,0.6987153333333331,21.79135,1376.69304563508
1654,30,0.17588300000000004,0.48026966666666665,0.6821366666666667,21.27741,1409.946041364997
1655,30,0.17588466666666666,0.4803753333333333,0.6817663333333334,21.27745,1409.9433907728605
1656,30,0.17583699999999997,0.48097033333333344,0.683155,21.30709,1407.9820379038151
1657,30,0.18381399999999995,0.49580633333333324,0.7009026666666667,21.86884,1371.8148744972298
1658,30,0.1760466666666667,0.48026166666666664,0.6833543333333335,21.33124,1406.3880018226787
1659,30,0.1764443333333333,0.4808746666666666,0.6831006666666666,21.30251,1408.2847514213113
1660,30,0.175942,0.48089233333333337,0.682959,21.30336,1408.2285611283853
1661,30,0.17595166666666667,0.47971133333333343,0.682051,21.27212,1410.2966700075028
1662,30,0.18742966666666666,0.497153,0.7017226666666665,21.92532,1368.281055875125
1663,30,0.17667333333333335,0.4817763333333334,0.6831900000000001,21.30899,1407.8564962487665
1664,30,0.17641933333333334,0.48095266666666664,0.6830379999999999,21.3066,1408.0144180676411
1665,30,0.17560933333333337,0.480057,0.6822786666666668,21.2799,1409.7810610012264
1666,30,0.18271300000000004,0.4910353333333334,0.6970163333333333,21.73614,1380.1898589169925
1667,30,0.17839066666666667,0.48482900000000007,0.6871753333333334,21.43711,1399.4423688640868
1668,30,0.17538666666666666,0.48037099999999994,0.6825983333333334,21.31317,1407.5803833967448
1669,30,0.1763086666666666,0.4811446666666667,0.6827900000000001,21.29732,1408.627940041282
1670,30,0.17591600000000002,0.480529,0.6835130000000001,21.33772,1405.9608992900835
1671,30,0.187406,0.5022946666666667,0.7083419999999999,22.07713,1358.8722809531855
1672,30,0.17711933333333332,0.481928,0.6843913333333334,21.36301,1404.2964919269334
1673,30,0.17666466666666666,0.480959,0.6831063333333333,21.30471,1408.1393269375644
1674,30,0.17640866666666666,0.4810133333333334,0.6832153333333332,21.34052,1405.7764290654584
1675,30,0.18138633333333334,0.4875193333333333,0.6909583333333335,21.54264,1392.5869809828323
1676,30,0.18311666666666665,0.49674266666666667,0.7003603333333334,21.83754,1373.78111270775
1677,30,0.17749266666666666,0.48265199999999997,0.6847506666666666,21.35421,1404.8751979117935
1678,30,0.176152,0.4811423333333334,0.6834419999999999,21.31492,1407.4648180710976
1679,30,0.176612,0.48116300000000006,0.6828870000000001,21.31206,1407.6536946686524
1680,30,0.18394399999999997,0.49549633333333337,0.700744,21.87294,1371.5577329796542
1681,30,0.17660800000000001,0.4809130000000001,0.6829863333333331,21.31131,1407.703233635098
1682,30,0.176962,0.48181466666666656,0.6839623333333334,21.33803,1405.9404734176492
1683,30,0.17651366666666668,0.48039933333333334,0.6826519999999999,21.29307,1408.9090957762314
1684,30,0.175665,0.4800736666666667,0.6817169999999997,21.27847,1409.875804040422
1685,30,0.18375500000000003,0.49441366666666664,0.6997689999999999,21.88629,1370.7211226754284
1686,30,0.17646399999999998,0.481238,0.6836413333333333,21.32309,1406.9255440932811
1687,30,0.17603366666666667,0.4810773333333334,0.6826969999999999,21.31036,1407.7659879983257
1688,30,0.17633700000000002,0.481197,0.6835036666666666,21.32285,1406.941379787411
1689,30,0.18357833333333332,0.49889066666666665,0.7037313333333333,21.94142,1367.2770495255093
1690,30,0.176429,0.4812613333333333,0.6836413333333334,21.32783,1406.6128621617859
1691,30,0.17695999999999998,0.4826786666666667,0.6842220000000001,21.36347,1404.266254498918
1692,30,0.1755216666666667,0.48102466666666666,0.6826836666666665,21.29701,1408.648444077361
1693,30,0.17629366666666665,0.48152233333333333,0.6839696666666668,21.3345,1406.1730999085987
1694,30,0.18428399999999995,0.49289900000000003,0.6988306666666666,21.80094,1376.08745310982
1695,30,0.17607333333333333,0.482272,0.6842349999999999,21.35824,1404.6101176875998
1696,30,0.17712000000000003,0.48191100000000003,0.6838293333333333,21.34703,1405.3477228448173
1697,30,0.17613233333333336,0.48097399999999996,0.682693,21.31477,1407.474722926872
1698,30,0.1830203333333333,0.493592,0.6986286666666667,21.79217,1376.6412431621081
1699,30,0.17717533333333335,0.48342966666666665,0.6863593333333334,21.41402,1400.9513393561788
1700,30,0.17572000000000002,0.479832,0.6822136666666666,21.28137,1409.6836810788027
1701,30,0.1765656666666667,0.48179066666666676,0.6834596666666667,21.33272,1406.290430849887
1702,30,0.17675566666666664,0.48150966666666667,0.683207,21.33258,1406.2996599567423
1703,30,0.18338566666666667,0.4948306666666666,0.7004936666666665,21.84631,1373.229620929118
1704,30,0.1771633333333333,0.4827616666666667,0.685002,21.3704,1403.8108785984352
1705,30,0.17632066666666663,0.48465833333333325,0.6872400000000002,21.43621,1399.5011244991535
1706,30,0.17635033333333333,0.4815906666666667,0.683612,21.33884,1405.8871053909209
1707,30,0.18117966666666663,0.4898673333333334,0.6951963333333333,21.67511,1384.076020836803
1708,30,0.18026899999999993,0.4867813333333333,0.690462,21.56567,1391.0998359893294
1709,30,0.176859,0.48347533333333337,0.6861616666666667,21.40599,1401.476876332279
1710,30,0.17658733333333335,0.4806886666666666,0.6830370000000001,21.30833,1407.9001029174974
1711,30,0.17575133333333337,0.48066066666666657,0.682501,21.30354,1408.2166625828384
1712,30,0.18381733333333333,0.49589300000000003,0.7005243333333333,21.84404,1373.3723248996066
1713,30,0.17669766666666667,0.4821493333333334,0.6838873333333334,21.35989,1404.5016149427736
1714,30,0.17622533333333334,0.48153999999999997,0.6837793333333333,21.3313,1406.3840459793823
1715,30,0.17648900000000003,0.481602,0.6833833333333333,21.31597,1407.3954879838918
1716,30,0.17684466666666668,0.48199033333333324,0.6851786666666667,21.37424,1403.5586762383132
1717,30,0.18284366666666665,0.49370200000000003,0.6986643333333332,21.78869,1376.8611146425048
1718,30,0.175684,0.48204033333333335,0.6835976666666667,21.33976,1405.826494768451
1719,30,0.17633433333333334,0.4809786666666666,0.6824239999999998,21.30129,1408.36540885552
1720,30,0.177428,0.483314,0.6852966666666666,21.3987,1401.9543243281134
1721,30,0.18341033333333334,0.4993203333333334,0.7047589999999999,21.97749,1365.0330406247483
1722,30,0.176058,0.4823893333333334,0.6843059999999999,21.36546,1404.1354597560737
1723,30,0.17630266666666666,0.4815249999999999,0.6839023333333334,21.3298,1406.4829487383847
1724,30,0.17609933333333333,0.48111199999999993,0.683422,21.34734,1405.3273147848865
1725,30,0.17635533333333334,0.48095033333333337,0.682583,21.32532,1406.7784211444425
1726,30,0.18437400000000004,0.49369333333333326,0.6989983333333333,21.80437,1375.870983660615
1727,30,0.17498033333333335,0.4807423333333333,0.682125,21.27651,1410.0056823229
1728,30,0.17688433333333337,0.48150766666666667,0.6834483333333331,21.31865,1407.2185621509805
1729,30,0.17645533333333335,0.4815803333333334,0.68351,21.32087,1407.0720378671228
1730,30,0.18363666666666664,0.49233,0.6980336666666669,21.79342,1376.5622834782241
1731,30,0.17649366666666663,0.4817446666666667,0.6840643333333335,21.34134,1405.722414806193
1732,30,0.17567833333333335,0.48101999999999995,0.6837573333333332,21.3279,1406.6082455375354
1733,30,0.17610299999999998,0.4800356666666667,0.6827970000000003,21.29423,1408.8323456635906
1734,30,0.17710533333333336,0.48147733333333337,0.6838010000000002,21.32854,1406.5660378066198
1735,30,0.18377466666666673,0.49503400000000003,0.6994036666666665,21.83102,1374.191402875358
1736,30,0.17611366666666672,0.4809756666666666,0.6827463333333333,21.30529,1408.1009927581365
1737,30,0.17563299999999998,0.4805553333333333,0.6830276666666667,21.32982,1406.4816299434312
1738,30,0.17604599999999998,0.48100099999999996,0.6829376666666666,21.32232,1406.9763515414834
1739,30,0.18330866666666668,0.49275399999999997,0.698195,21.77576,1377.678666554003
1740,30,0.17640466666666665,0.48195666666666664,0.68355,21.33252,1406.3036153253342
1741,30,0.17585166666666663,0.4825086666666667,0.6847343333333333,21.3579,1404.6324779121544
1742,30,0.17598166666666668,0.480977,0.6830036666666668,21.32399,1406.866163415008
1743,30,0.17673899999999998,0.4820480000000001,0.6842680000000001,21.34284,1405.6236189747945
1744,30,0.1833653333333333,0.49350599999999994,0.6992406666666665,21.81147,1375.423114535609
1745,30,0.17628800000000003,0.480421,0.6825956666666667,21.29867,1408.538655230585
1746,30,0.17636733333333335,0.4820316666666667,0.6838633333333334,21.33348,1406.2403320977169
1747,30,0.176889,0.48230300000000004,0.6839246666666665,21.36974,1403.8542350070707
1748,30,0.180156,0.48674333333333336,0.6903059999999999,21.53358,1393.1728955426827
1749,30,0.18069233333333334,0.48900000000000005,0.6926019999999998,21.60981,1388.258388204246
1750,30,0.17475766666666667,0.47940733333333335,0.6824886666666667,21.2935,1408.8806443280814
1751,30,0.175868,0.4802816666666666,0.6831023333333335,21.30504,1408.117515855403
1752,30,0.17567466666666667,0.48197766666666664,0.683681,21.3275,1406.6346266557262
1753,30,0.18339000000000003,0.49332499999999996,0.6984659999999999,21.78283,1377.2315167496602
1754,30,0.175728,0.48040033333333326,0.682018,21.30573,1408.0719130487432
1755,30,0.17494833333333334,0.48046300000000003,0.6813763333333335,21.26903,1410.5015602498092
1756,30,0.17448599999999997,0.4798720000000001,0.6824393333333332,21.29034,1409.0897561992904
1757,30,0.17654433333333333,0.481655,0.6833076666666665,21.31449,1407.4932123639835
1758,30,0.18345666666666666,0.49607533333333337,0.7015969999999999,21.87911,1371.1709479955994
1759,30,0.17619700000000002,0.4810213333333334,0.6829406666666666,21.33964,1405.8344002054394
1760,30,0.17515133333333335,0.48151633333333327,0.683509,21.34014,1405.8014614711992
1761,30,0.175472,0.481272,0.6831600000000001,21.30716,1407.9774122877006
1762,30,0.18299066666666666,0.4940543333333333,0.6992723333333332,21.80765,1375.6640444981463
1763,30,0.17571966666666666,0.48011066666666663,0.6822536666666668,21.28666,1409.3333571354078
1764,30,0.17585966666666666,0.4802449999999999,0.6822973333333333,21.29798,1408.584288275226
1765,30,0.17469300000000001,0.48063533333333325,0.6820443333333334,21.27275,1410.254903573821
1766,30,0.17550700000000005,0.480036,0.6822079999999996,21.28078,1409.7227639212474
1767,30,0.18311633333333335,0.4935423333333333,0.6978150000000001,21.76598,1378.2976920864578
1768,30,0.17590133333333333,0.480712,0.6829000000000001,21.30551,1408.086452753302
1769,30,0.1752113333333333,0.47966466666666663,0.681245,21.26532,1410.7476398191986
1770,30,0.17531733333333335,0.4793813333333334,0.6814866666666666,21.25904,1411.1643799531869
1771,30,0.18436233333333335,0.49636333333333327,0.7003196666666668,21.89718,1370.0394297347877
1772,30,0.17525233333333332,0.4808263333333333,0.6828973333333332,21.30885,1407.8657459224687
1773,30,0.17685399999999998,0.48116200000000003,0.6835690000000001,21.31824,1407.2456262805936
1774,30,0.17509933333333333,0.479855,0.6812910000000001,21.27422,1410.1574581817806
1775,30,0.17628366666666667,0.48123933333333346,0.6830113333333333,21.30354,1408.2166625828384
1776,30,0.18229733333333334,0.49267500000000003,0.6983416666666666,21.80914,1375.5700591586829
1777,30,0.176352,0.4804166666666666,0.682108,21.29772,1408.6014841025237
1778,30,0.1763876666666667,0.4800686666666667,0.6824546666666665,21.28999,1409.1129211427528
1779,30,0.17619766666666664,0.4805969999999999,0.6832383333333333,21.3102,1407.776557704761
1780,30,0.17999166666666663,0.4863936666666666,0.689585,21.51363,1394.4648113777173
1781,30,0.1798766666666667,0.48855033333333336,0.6925463333333333,21.60466,1388.5893136017876
1782,30,0.17639266666666667,0.4813816666666667,0.6829636666666666,21.33136,1406.3800901583395
1783,30,0.176517,0.480955,0.6833473333333333,21.31691,1407.333426842821
1784,30,0.17544433333333337,0.4814203333333334,0.6836706666666664,21.3261,1406.7269683627105
1785,30,0.18352833333333332,0.49303166666666676,0.6982266666666666,21.80203,1376.0186551435806
1786,30,0.17647433333333332,0.48032133333333327,0.6823956666666666,21.29169,1409.000412837121
1787,30,0.176757,0.4818693333333333,0.6834053333333333,21.31332,1407.5704770537861
1788,30,0.17621799999999996,0.4805623333333333,0.6821633333333333,21.30645,1408.0243306604336
1789,30,0.17603533333333338,0.4805723333333333,0.6822280000000002,21.29888,1408.5247674995117
1790,30,0.18263166666666666,0.49812966666666664,0.7027419999999999,21.93726,1367.5363286025693
1791,30,0.17661133333333331,0.480705,0.682673,21.31504,1407.456894286851
1792,30,0.17549299999999998,0.47948366666666675,0.6816113333333333,21.26551,1410.7350352754295
1793,30,0.17609499999999997,0.48011200000000004,0.6813336666666667,21.27604,1410.0368301620038
1794,30,0.18431666666666663,0.4954406666666667,0.7002929999999999,21.84144,1373.5358108256598
1795,30,0.17648233333333338,0.4813876666666667,0.6830226666666666,21.32367,1406.8872759707874
1796,30,0.17685266666666663,0.48230133333333336,0.6842086666666668,21.36139,1404.4029906293551
1797,30,0.17622266666666667,0.480282,0.6825806666666667,21.29275,1408.930269692736
1798,30,0.17657666666666666,0.48164633333333334,0.6833453333333335,21.33298,1406.2732914013886
1799,30,0.1835706666666667,0.496259,0.701152,21.88341,1370.901518547612
1800,30,0.17664700000000003,0.4820816666666666,0.6836423333333334,21.34382,1405.559079864804
1801,30,0.17628166666666667,0.4809909999999999,0.68306,21.30694,1407.9919500406909
1802,30,0.175951,0.4808409999999999,0.6831733333333333,21.32669,1406.6880514510221
1803,30,0.18201199999999998,0.4945510000000001,0.7009023333333334,21.85955,1372.3978764430192
1804,30,0.1762643333333333,0.48164600000000013,0.6840560000000001,21.34553,1405.4464798953222
1805,30,0.17780933333333332,0.4830586666666667,0.6848233333333336,21.37492,1403.5140248478124
1806,30,0.17628300000000005,0.48121733333333333,0.6828770000000001,21.33452,1406.1717816946432
1807,30,0.176272,0.48124866666666666,0.683304,21.31194,1407.661620668977
1808,30,0.18298066666666665,0.5007630000000001,0.7061563333333333,22.01802,1362.520335616009
1809,30,0.17601566666666665,0.48107300000000003,0.6844166666666668,21.35245,1404.990996349365
1810,30,0.17713266666666663,0.48371266666666657,0.6855970000000001,21.4072,1401.3976606001718
1811,30,0.17596066666666665,0.48125299999999993,0.6839856666666667,21.33309,1406.2660402220213
1812,30,0.18077866666666667,0.489767,0.6933616666666665,21.62276,1387.4269519709787
1813,30,0.1796843333333333,0.49208299999999994,0.6961893333333333,21.7343,1380.306704149662
1814,30,0.17711500000000002,0.482525,0.6838633333333335,21.33409,1406.2001238393575
1815,30,0.176827,0.48237199999999997,0.6846016666666668,21.35232,1404.9995504001438
1816,30,0.17594733333333334,0.4814886666666667,0.6840376666666667,21.35322,1404.940332184092
1817,30,0.18269433333333335,0.4920256666666667,0.6979073333333333,21.76375,1378.4389179254495
1818,30,0.17615733333333333,0.48042199999999996,0.6827163333333334,21.29957,1408.4791383112429
1819,30,0.17706166666666662,0.48173099999999996,0.6831376666666668,21.3226,1406.957875681202
1820,30,0.17575566666666667,0.4801626666666667,0.6821590000000001,21.27948,1409.8088863073722
1821,30,0.17920933333333336,0.48985766666666664,0.6925313333333332,21.61326,1388.0367885270432
1822,30,0.18208866666666665,0.4906006666666667,0.6948503333333333,21.70092,1382.429869332729
1823,30,0.17707400000000004,0.48099299999999995,0.6831179999999999,21.31053,1407.7547578591427
1824,30,0.17607199999999995,0.4803706666666667,0.6821863333333336,21.2942,1408.834330474965
1825,30,0.1758703333333333,0.4802723333333334,0.6820116666666666,21.27396,1410.1746924408994
1826,30,0.184805,0.4984716666666667,0.7039173333333333,21.94981,1366.7544274870716
1827,30,0.176011,0.480518,0.6831709999999999,21.339,1405.8765640376776
1828,30,0.17591233333333334,0.48049533333333344,0.6828013333333334,21.31328,1407.5731187316078
1829,30,0.17578533333333335,0.48039,0.6823846666666668,21.28421,1409.4955838154199
1830,30,0.17623933333333336,0.48085766666666657,0.6823983333333334,21.28434,1409.4869749308648
1831,30,0.184591,0.4948616666666667,0.6998936666666665,21.82746,1374.4155297959542
1832,30,0.17571433333333333,0.4813153333333334,0.6839839999999999,21.33778,1405.9569458490996
1833,30,0.17636666666666667,0.4813896666666667,0.6829153333333332,21.333,1406.271972999578
1834,30,0.17588299999999998,0.4799223333333333,0.6820819999999999,21.27722,1409.9586318137426
1835,30,0.18464166666666665,0.49364166666666676,0.6984206666666668,21.79596,1376.401865299808
1836,30,0.17522266666666667,0.4792513333333333,0.6813056666666666,21.25598,1411.367530454959
1837,30,0.17683200000000002,0.4832149999999999,0.6847216666666668,21.35547,1404.7923084811525
1838,30,0.17612333333333338,0.48077766666666666,0.682085,21.27501,1410.1050951327402
1839,30,0.17561966666666667,0.4805353333333333,0.6818886666666667,21.30152,1408.350202239089
1840,30,0.18473366666666666,0.4958186666666667,0.7012189999999999,21.88583,1370.7499327190242
1841,30,0.17592733333333335,0.47954633333333335,0.6822666666666666,21.28062,1409.7333630317162
1842,30,0.17546866666666666,0.48070299999999994,0.6824016666666667,21.30261,1408.2781405658743
1843,30,0.17617,0.48060533333333333,0.6822796666666666,21.27742,1409.9453787160287
1844,30,0.18199699999999996,0.49256266666666676,0.6970223333333334,21.78722,1376.9540124898908
1845,30,0.17727033333333336,0.48148833333333335,0.683026,21.32043,1407.1010762916133
1846,30,0.17618599999999998,0.4819483333333334,0.6836186666666665,21.32067,1407.085237002402
1847,30,0.17548833333333336,0.480783,0.6820206666666667,21.28681,1409.3234261028308
1848,30,0.17685366666666671,0.48234833333333327,0.6844596666666667,21.34764,1405.30756561381
1849,30,0.1848376666666667,0.4978546666666667,0.7030206666666667,21.91983,1368.623753012683
1850,30,0.17656933333333333,0.4815023333333333,0.6838793333333333,21.35785,1404.6357662405157
1851,30,0.17578966666666668,0.4809336666666667,0.683662,21.32119,1407.0509197657354
1852,30,0.17627833333333337,0.48075400000000007,0.6828516666666666,21.2978,1408.5961930340225
1853,30,0.1800233333333333,0.48787333333333327,0.6908263333333333,21.56028,1391.4476064318274
1854,30,0.17977899999999997,0.488183,0.6915003333333335,21.59105,1389.464616125663
1855,30,0.17670533333333333,0.48061999999999994,0.6825873333333334,21.28987,1409.1208635844184
1856,30,0.1754206666666667,0.48109966666666665,0.6830999999999999,21.33043,1406.4414078853542
1857,30,0.17689533333333335,0.48139333333333334,0.6828693333333333,21.29492,1408.7866965454673
1858,30,0.185029,0.49731500000000006,0.7032506666666667,21.92798,1368.1150748951795
1859,30,0.17596533333333333,0.48064333333333337,0.6825919999999999,21.29619,1408.7026834377416
1860,30,0.17499900000000002,0.480444,0.6826996666666665,21.30946,1407.8254446616668
1861,30,0.17677533333333334,0.4805360000000001,0.6826693333333332,21.32871,1406.5548268038713
1862,30,0.1768303333333333,0.4818596666666667,0.6841096666666667,21.33995,1405.8139780083834
1863,30,0.18250533333333335,0.4933906666666666,0.698249,21.79505,1376.4593336560365
1864,30,0.1762546666666667,0.48098566666666664,0.682797,21.30107,1408.379954621998
1865,30,0.17578866666666662,0.48049033333333335,0.683132,21.30445,1408.156511902443
1866,30,0.17637833333333328,0.48039633333333337,0.6831233333333333,21.30459,1408.147258407695
1867,30,0.18531899999999996,0.49574,0.7008873333333334,21.8643,1372.0997242079554
1868,30,0.17561033333333334,0.4804326666666666,0.6819596666666665,21.27775,1409.9235116494929
1869,30,0.17657000000000003,0.4819153333333333,0.683953,21.3332,1406.258789117432
1870,30,0.17544033333333336,0.48041466666666677,0.6829553333333334,21.3005,1408.4176427783386
1871,30,0.17707466666666666,0.48146833333333333,0.6833760000000001,21.31395,1407.5288719359855
1872,30,0.1852613333333333,0.49445300000000003,0.698489,21.79888,1376.2174937427978
1873,30,0.175503,0.4803506666666667,0.6826786666666664,21.33387,1406.214624913342
1874,30,0.17671533333333336,0.4805933333333333,0.68251,21.30332,1408.231205276924
1875,30,0.17624366666666666,0.481452,0.6834823333333334,21.31527,1407.4417072830886
1876,30,0.18400699999999998,0.4932856666666667,0.6978076666666667,21.75822,1378.7892575771364
1877,30,0.176587,0.48136799999999996,0.6836769999999999,21.33068,1406.4249240999347
1878,30,0.17617100000000005,0.481019,0.681919,21.29068,1409.0672538406477
1879,30,0.17553633333333335,0.47955866666666663,0.6819986666666666,21.29267,1408.935563271304
1880,30,0.1754266666666667,0.48222333333333345,0.683858,21.32919,1406.5231731725396
1881,30,0.18509866666666663,0.4943553333333334,0.6992613333333332,21.80567,1375.7889576426683
1882,30,0.176514,0.48056099999999996,0.6826416666666666,21.29569,1408.7357582684572
1883,30,0.17603666666666665,0.4807426666666667,0.6820823333333335,21.2905,1409.0791667645194
1884,30,0.17658633333333332,0.4824776666666667,0.6840906666666667,21.34985,1405.1620971575912
1885,30,0.18051966666666666,0.48897000000000007,0.6919850000000001,21.57981,1390.1883288129043
1886,30,0.1802083333333333,0.4890336666666667,0.6931783333333333,21.63207,1386.8298318191464
1887,30,0.17549666666666663,0.4798443333333334,0.681592,21.2819,1409.6485746103497
1888,30,0.17577399999999999,0.48460733333333345,0.6863366666666667,21.4189,1400.632151977926
1889,30,0.1755836666666667,0.4807526666666667,0.6833686666666667,21.31107,1407.7190868407827
1890,30,0.18783899999999998,0.49810566666666667,0.7028866666666667,21.97341,1365.2864985452873
1891,30,0.17609966666666663,0.4801313333333334,0.6825096666666665,21.29217,1408.9686490385902
1892,30,0.1763906666666667,0.4814476666666667,0.682562,21.30993,1407.7943944442802
1893,30,0.176273,0.48102066666666665,0.682598,21.29049,1409.0798285995297
1894,30,0.17572633333333335,0.481841,0.6839263333333332,21.33387,1406.214624913342
1895,30,0.182638,0.49655233333333343,0.7021133333333333,21.92106,1368.5469589518025
1896,30,0.17550866666666667,0.48048133333333337,0.6826746666666668,21.33804,1405.9398145284197
1897,30,0.17676100000000003,0.48067033333333337,0.6830143333333333,21.3056,1408.0805046560529
1898,30,0.1762286666666667,0.48147199999999996,0.68325,21.30877,1407.8710315048686
1899,30,0.18342500000000003,0.4952330000000001,0.7001103333333333,21.83,1374.2556115437471
1900,30,0.17651366666666668,0.4811083333333333,0.6832223333333334,21.31808,1407.2561881745448
1901,30,0.17614833333333332,0.48122366666666666,0.6837826666666668,21.33721,1405.994504436147
1902,30,0.17680099999999996,0.4809196666666667,0.6830920000000001,21.3206,1407.0898567582526
1903,30,0.17638066666666669,0.4803403333333335,0.6823966666666668,21.28439,1409.483663849422
1904,30,0.18277600000000002,0.491823,0.6973313333333333,21.74849,1379.4061104931884
1905,30,0.17675966666666662,0.48085133333333335,0.6831713333333336,21.30992,1407.7950550729427
1906,30,0.17673166666666665,0.48082033333333335,0.6826066666666669,21.30181,1408.3310291472883
1907,30,0.176581,0.48107133333333335,0.682693,21.32091,1407.0693980697822
1908,30,0.18426099999999998,0.49916966666666673,0.7048539999999999,21.97283,1365.322536969521
1909,30,0.17639366666666673,0.48114599999999996,0.6832359999999998,21.31866,1407.217902063263
1910,30,0.17621166666666666,0.4808773333333333,0.6823503333333334,21.28441,1409.4823394212008
1911,30,0.17674200000000004,0.4811226666666667,0.6834400000000002,21.31498,1407.460856167822
1912,30,0.17657233333333336,0.48146333333333335,0.6843423333333335,21.34596,1405.4181681217428
1913,30,0.18465,0.49928599999999995,0.7056276666666669,22.01384,1362.7790517238248
1914,30,0.17689666666666665,0.4808383333333334,0.6830373333333334,21.31078,1407.7382432740612
1915,30,0.17615366666666665,0.48178999999999994,0.6834573333333335,21.31965,1407.152556444407
1916,30,0.1766056666666667,0.4810376666666666,0.6826789999999999,21.2934,1408.8872608413874
1917,30,0.18034866666666666,0.4896493333333334,0.6944583333333334,21.68729,1383.2986970709571
1918,30,0.178512,0.48672866666666675,0.6888493333333334,21.50831,1394.809727031087
1919,30,0.177105,0.48147933333333337,0.6835149999999999,21.31787,1407.2700509009578
1920,30,0.17596433333333333,0.479691,0.6821193333333334,21.27652,1410.0050196178697
1921,30,0.17657066666666668,0.4806906666666667,0.6826503333333332,21.29145,1409.016295273455
1922,30,0.183418,0.496105,0.7011566666666668,21.86495,1372.0589345047667
1923,30,0.17684399999999995,0.48182300000000006,0.6835876666666666,21.32413,1406.856926871108
1924,30,0.17741466666666666,0.48146266666666665,0.6829793333333335,21.34228,1405.6605011273396
1925,30,0.17592666666666668,0.479883,0.6817483333333333,21.26171,1410.9871689530146
1926,30,0.1774956666666667,0.48344333333333334,0.6861093333333333,21.39962,1401.8940523242936
1927,30,0.18232133333333336,0.4914636666666667,0.6953106666666665,21.68678,1383.331227595798
1928,30,0.1764883333333333,0.48127933333333334,0.6828723333333333,21.30286,1408.2616136988179
1929,30,0.17632,0.48058399999999984,0.6819006666666666,21.26859,1410.530740401691
1930,30,0.17596066666666665,0.48152066666666665,0.6835093333333333,21.34616,1405.4050002436036
1931,30,0.182688,0.49363533333333337,0.6987253333333333,21.79246,1376.6229237084754
1932,30,0.17631133333333338,0.48082366666666665,0.6831126666666667,21.31568,1407.4146356109682
1933,30,0.17532866666666666,0.4809123333333334,0.6824726666666667,21.28545,1409.4134725833844
1934,30,0.175837,0.48071366666666665,0.6828233333333333,21.29689,1408.6563812838401
1935,30,0.17592466666666667,0.4803173333333335,0.6822666666666667,21.2991,1408.510218741637
1936,30,0.18421700000000002,0.5016010000000001,0.7063753333333335,22.01956,1362.4250439155005
1937,30,0.17712633333333333,0.4825016666666666,0.6840476666666667,21.33642,1406.0465626379685
1938,30,0.17671366666666666,0.48115633333333335,0.6833523333333333,21.31883,1407.2066806668095
1939,30,0.17615333333333336,0.48046933333333336,0.6817466666666666,21.28439,1409.483663849422
1940,30,0.18290666666666666,0.4920333333333333,0.6968033333333333,21.7368,1380.1479518604394
1941,30,0.17525333333333334,0.48014300000000004,0.6825836666666667,21.31962,1407.1545365255101
1942,30,0.17651533333333333,0.4807666666666667,0.6829016666666665,21.30336,1408.2285611283853
1943,30,0.17689533333333335,0.48162699999999997,0.6828956666666668,21.3364,1406.0478806171614
1944,30,0.17567133333333335,0.48066800000000004,0.6829146666666668,21.3057,1408.0738957180472
1945,30,0.18366799999999997,0.49473333333333347,0.699702,21.82175,1374.7751669779004
1946,30,0.17655566666666664,0.48035300000000003,0.6817336666666665,21.30601,1408.053408404483
1947,30,0.17614233333333335,0.4812233333333333,0.6826426666666665,21.31815,1407.2515673264331
1948,30,0.17592766666666673,0.48031833333333324,0.6818686666666668,21.26788,1410.5778291019133
1949,30,0.18304199999999995,0.49244400000000005,0.6978186666666667,21.76294,1378.4902223688528
1950,30,0.175976,0.481191,0.682811,21.30584,1408.0646433090646
1951,30,0.17591933333333334,0.48187899999999995,0.6835153333333331,21.31912,1407.1875386976574
1952,30,0.17579166666666668,0.48048,0.6825276666666666,21.31595,1407.3968084931705
1953,30,0.175808,0.48035466666666665,0.6819279999999999,21.30542,1408.0924009008038
1954,30,0.18306533333333333,0.4936259999999999,0.6994213333333335,21.81592,1375.1425564450183
1955,30,0.17620566666666665,0.48092933333333326,0.6830623333333333,21.30806,1407.9179427878464
1956,30,0.17676866666666663,0.48046333333333335,0.6823183333333334,21.28413,1409.5008816428017
1957,30,0.17596233333333336,0.48089566666666667,0.6830143333333333,21.30227,1408.3006177275943
1958,30,0.178031,0.4840863333333333,0.6867219999999999,21.44539,1398.9020484122693
1959,30,0.18243,0.4960563333333334,0.6998083333333333,21.82394,1374.637210329574
1960,30,0.17540933333333336,0.4799110000000001,0.6824076666666666,21.28965,1409.1354249600158
1961,30,0.17556133333333335,0.48087733333333327,0.6830563333333332,21.30538,1408.0950445380463
1962,30,0.17665233333333338,0.48038799999999987,0.6825733333333334,21.29261,1408.9395334813346
1963,30,0.18237099999999995,0.49381766666666665,0.6992543333333335,21.82277,1374.7109097516036
1964,30,0.176478,0.48141799999999985,0.6838176666666667,21.36761,1403.994176232157
1965,30,0.1750793333333333,0.48247133333333336,0.6841950000000001,21.35695,1404.6949587839088
1966,30,0.17639233333333332,0.481466,0.6838599999999999,21.33082,1406.4156933488725
1967,30,0.17597200000000005,0.480713,0.6820596666666668,21.2757,1410.0593634992033
1968,30,0.18345833333333333,0.496975,0.7021396666666668,21.8941,1370.2321630028182
1969,30,0.17613433333333334,0.48113000000000006,0.6828713333333333,21.32469,1406.819981908295
1970,30,0.17629,0.4815103333333334,0.6837756666666668,21.32336,1406.9077293634775
1971,30,0.17545200000000002,0.4808653333333333,0.6820590000000001,21.29086,1409.0553411182075
1972,30,0.18335733333333332,0.49384766666666663,0.6988986666666667,21.79946,1376.1808778749566
1973,30,0.17623733333333336,0.48057333333333335,0.6820563333333334,21.2972,1408.6358770166971
1974,30,0.17667133333333332,0.48120033333333334,0.6829519999999999,21.30329,1408.2331883948443
1975,30,0.17571799999999999,0.481445,0.6827676666666667,21.2988,1408.5300580314383
1976,30,0.17665900000000004,0.4827796666666666,0.6844549999999999,21.37347,1403.6092408017978
1977,30,0.18532333333333334,0.4951243333333333,0.6997863333333335,21.82479,1374.5836729700493
1978,30,0.17545133333333338,0.48016433333333336,0.6871663333333332,21.45011,1398.5942263233148
1979,30,0.17633700000000002,0.4801979999999999,0.6824793333333331,21.28661,1409.3366675107027
1980,30,0.1765686666666667,0.481958,0.682702,21.3103,1407.7699516196392
1981,30,0.183974,0.4933813333333334,0.6980249999999998,21.79193,1376.6564044579804
1982,30,0.17541500000000002,0.480472,0.6823453333333335,21.28742,1409.2830413455458
1983,30,0.17600466666666664,0.48043333333333327,0.6820086666666667,21.27142,1410.3430800576548
1984,30,0.17501600000000003,0.48179933333333325,0.6830796666666666,21.30585,1408.0639824273615
1985,30,0.17596300000000004,0.4805286666666666,0.6826096666666666,21.29075,1409.062621091319
1986,30,0.1849196666666667,0.4940063333333333,0.6993556666666667,21.83332,1374.04664063917
1987,30,0.17639533333333332,0.4821386666666667,0.6839523333333334,21.33448,1406.1744181250258
1988,30,0.17551,0.48053066666666666,0.6821029999999998,21.27445,1410.142212842165
1989,30,0.1752823333333333,0.48133466666666663,0.6824436666666664,21.32044,1407.10041631411
1990,30,0.179449,0.48688133333333333,0.6904316666666668,21.53591,1393.02216623305
1991,30,0.1806419999999999,0.48914433333333335,0.6921603333333333,21.59404,1389.2722251139667
1992,30,0.17517699999999997,0.4805356666666666,0.6818126666666667,21.26805,1410.5665540564369
1993,30,0.17564600000000002,0.48019966666666675,0.6821413333333335,21.29782,1408.594870273108
1994,30,0.17649533333333334,0.48051399999999994,0.6824939999999998,21.28697,1409.3128331556818
1995,30,0.18309966666666663,0.4982676666666668,0.7027520000000002,21.90924,1369.2852878511533
1996,30,0.17578499999999997,0.48025933333333337,0.6818176666666668,21.27518,1410.0938276432912
1997,30,0.17569299999999996,0.482006,0.6841643333333333,21.35014,1405.1430107718263
1998,30,0.1753613333333333,0.4798260000000001,0.6822433333333334,21.29702,1408.6477826475254
1999,30,0.1762523333333333,0.48038666666666663,0.6837806666666668,21.32478,1406.814044505969
2000,30,0.1881246666666667,0.49880700000000006,0.7037089999999998,21.94606,1366.9879695945422
2001,30,0.174875,0.4804879999999999,0.6818763333333334,21.26972,1410.4558028972644
2002,30,0.17585166666666666,0.48014699999999993,0.681752,21.26438,1410.8100024548094
2003,30,0.1754383333333333,0.480341,0.682793,21.31633,1407.371719240601
2004,30,0.1833,0.4938953333333334,0.6989943333333333,21.79622,1376.3854466508412
2005,30,0.17599333333333333,0.481609,0.6828380000000001,21.318,1407.2614691809738
2006,30,0.17617633333333335,0.4807383333333333,0.6827139999999999,21.29493,1408.7860349857924
2007,30,0.17559699999999998,0.4812356666666666,0.6826209999999999,21.29134,1409.0235748431053
2008,30,0.17576100000000003,0.4821730000000001,0.6841640000000002,21.33743,1405.9800079016077
2009,30,0.18425799999999998,0.49359833333333325,0.6983476666666666,21.78051,1377.3782156616169
2010,30,0.17567133333333335,0.48160166666666665,0.683567,21.35154,1405.0508768922523
2011,30,0.17603733333333335,0.4804246666666667,0.6823096666666668,21.29749,1408.616696145884
2012,30,0.17471799999999998,0.48088533333333333,0.682954,21.30132,1408.3634253651887
2013,30,0.1828296666666666,0.4973963333333334,0.7022586666666665,21.89398,1370.239673188703
2014,30,0.1764343333333333,0.4815023333333333,0.6830816666666666,21.32853,1406.5666972829351
2015,30,0.17616366666666666,0.4803153333333333,0.6816486666666667,21.28559,1409.4042025614513
2016,30,0.17624666666666666,0.48043633333333335,0.6823186666666666,21.28241,1409.6147945650891
2017,30,0.1786203333333333,0.48415400000000003,0.686901,21.44014,1399.2445944849242
2018,30,0.18538466666666667,0.497643,0.7027516666666664,21.91692,1368.805470841706
2019,30,0.17656333333333335,0.4803619999999999,0.6822773333333333,21.28073,1409.7260761261477
2020,30,0.17542133333333332,0.4810146666666667,0.682467,21.31159,1407.6847386797513
2021,30,0.17570699999999997,0.48015833333333335,0.6817676666666667,21.26449,1410.802704414731
2022,30,0.18076466666666668,0.4914496666666667,0.6956930000000001,21.69631,1382.723605995674
2023,30,0.17896899999999996,0.4850426666666666,0.6865999999999999,21.45221,1398.4573151204468
2024,30,0.17555933333333335,0.479321,0.681233,21.25499,1411.4332681407989
2025,30,0.17590266666666665,0.48076866666666673,0.6821553333333334,21.27565,1410.0626772860053
2026,30,0.17548133333333335,0.4807373333333333,0.682208,21.27461,1410.1316075829357
2027,30,0.184981,0.4985636666666666,0.703908,21.9698,1365.5108376043477
2028,30,0.17504899999999998,0.47985966666666674,0.681561,21.28022,1409.7598615051913
2029,30,0.17616433333333334,0.481356,0.6826803333333333,21.29125,1409.0295309105852
2030,30,0.1752486666666666,0.48042366666666664,0.6812899999999998,21.26707,1410.6315538529757
2031,30,0.17628500000000003,0.481333,0.6838953333333334,21.33272,1406.290430849887
2032,30,0.18206299999999997,0.49292866666666657,0.6984459999999999,21.80805,1375.6388122734495
2033,30,0.1760536666666667,0.4803559999999999,0.6822493333333334,21.2752,1410.0925020681357
2034,30,0.17497966666666664,0.480496,0.6819876666666668,21.27261,1410.2641847897366
2035,30,0.17610800000000004,0.48054233333333335,0.6826513333333335,21.28788,1409.2525887970057
2036,30,0.18236700000000003,0.4937233333333333,0.698198,21.77173,1377.9336782148227
2037,30,0.17629666666666663,0.4814796666666665,0.6835699999999999,21.32159,1407.0245230304117
2038,30,0.177056,0.4816926666666666,0.6836053333333335,21.34189,1405.6861880555098
2039,30,0.1756583333333333,0.48098333333333326,0.6825206666666666,21.30051,1408.4169815652301
2040,30,0.17623366666666662,0.4806583333333333,0.6828496666666666,21.29672,1408.6676258128011
2041,30,0.18311933333333336,0.49495666666666666,0.699669,21.82072,1374.8400602729882
2042,30,0.176723,0.4809163333333333,0.6832493333333333,21.31248,1407.625954370397
2043,30,0.17613066666666663,0.48066966666666666,0.682767,21.29445,1408.817790551059
2044,30,0.17641999999999997,0.48086999999999996,0.682367,21.31028,1407.7712728317038
2045,30,0.18288100000000002,0.4941810000000001,0.6987563333333334,21.80727,1375.6880159689865
2046,30,0.175406,0.48133833333333337,0.6832996666666667,21.31553,1407.424539760447
2047,30,0.177151,0.48100333333333334,0.6831503333333333,21.30824,1407.9060494907135
2048,30,0.176611,0.4809956666666667,0.683143,21.30704,1407.9853419339336
2049,30,0.17658333333333334,0.48075500000000004,0.6823133333333333,21.31329,1407.5724583112228
2050,30,0.18248733333333336,0.4943366666666666,0.6996009999999999,21.83699,1373.8157136125446
2051,30,0.17518599999999998,0.48018599999999995,0.6815466666666665,21.2937,1408.867411487905
2052,30,0.1769186666666667,0.48125033333333334,0.6833553333333334,21.31389,1407.5328342221903
2053,30,0.1757556666666667,0.47988200000000003,0.6815186666666667,21.27493,1410.1103975430235
2054,30,0.18266833333333338,0.49070733333333333,0.6946153333333335,21.65904,1385.102940850564
2055,30,0.17911399999999997,0.48478333333333334,0.6876716666666667,21.47157,1397.1963857323894
2056,30,0.177814,0.4825496666666667,0.6841063333333334,21.34923,1405.2029042733625
2057,30,0.17718066666666668,0.4816446666666668,0.6831376666666666,21.3045,1408.153207068929
2058,30,0.17538633333333334,0.47979600000000006,0.681749,21.26199,1410.968587606334
2059,30,0.18312799999999996,0.49434833333333333,0.6990306666666668,21.79935,1376.1878221139623
2060,30,0.17609299999999997,0.4796816666666667,0.6823953333333335,21.28945,1409.148662835348
2061,30,0.17690399999999998,0.4828526666666667,0.6846756666666666,21.36475,1404.182122421278
2062,30,0.17647933333333335,0.4808300000000001,0.6822946666666667,21.2765,1410.0063450285527
2063,30,0.1758973333333333,0.48252100000000003,0.6847306666666666,21.35353,1404.9199359543832
2064,30,0.18208100000000002,0.4922936666666667,0.6970866666666666,21.74301,1379.7537691423588
2065,30,0.1764666666666667,0.48111166666666666,0.6835470000000002,21.32088,1407.0713779168589
2066,30,0.176819,0.4822220000000001,0.6839989999999999,21.35547,1404.7923084811525
2067,30,0.176534,0.4811393333333333,0.6835013333333333,21.31416,1407.515004109944
2068,30,0.18373033333333336,0.49519199999999997,0.6996583333333334,21.81991,1374.8910971676785
2069,30,0.17626633333333336,0.4818819999999999,0.683946,21.35146,1405.0561413598882
2070,30,0.1755493333333333,0.4845076666666666,0.6867966666666666,21.41658,1400.7838786584973
2071,30,0.17590800000000004,0.4814463333333333,0.6832143333333335,21.32078,1407.0779774473542
2072,30,0.17602966666666667,0.48078699999999996,0.6829770000000001,21.32337,1406.9070695673338
2073,30,0.18351066666666668,0.4940596666666666,0.6994140000000001,21.81095,1375.4559063222832
2074,30,0.17691600000000002,0.4826876666666667,0.6843106666666666,21.34508,1405.4761097170872
2075,30,0.17658666666666664,0.4818766666666667,0.6839003333333333,21.32902,1406.5343836706984
2076,30,0.17549099999999998,0.4806093333333334,0.6822086666666667,21.29409,1408.8416081645187
2077,30,0.18386499999999997,0.4927053333333334,0.6979159999999999,21.78429,1377.1392136259662
2078,30,0.17582266666666665,0.4807673333333333,0.6826999999999999,21.32099,1407.064118504816
2079,30,0.175875,0.48174199999999995,0.6843130000000001,21.35755,1404.6554965340126
2080,30,0.176699,0.4807366666666668,0.6830863333333334,21.30695,1407.991289227224
2081,30,0.17578566666666667,0.4800563333333333,0.6815009999999998,21.27005,1410.4339199954868
2082,30,0.18384666666666669,0.4936589999999999,0.6990020000000001,21.79858,1376.2364337493543
2083,30,0.175861,0.4803963333333333,0.6830623333333333,21.32433,1406.8437320187786
2084,30,0.175695,0.4802366666666667,0.6825906666666666,21.30522,1408.105619186284
2085,30,0.17600833333333332,0.48007500000000003,0.6824166666666666,21.28235,1409.6187686040312
2086,30,0.18120633333333336,0.49145600000000006,0.6955589999999999,21.68564,1383.4039484193227
2087,30,0.17857866666666666,0.4847326666666667,0.6879843333333332,21.46093,1397.8890942750384
2088,30,0.17639899999999997,0.48171100000000006,0.6837013333333333,21.32205,1406.9941680091738
2089,30,0.17592733333333335,0.48023199999999994,0.6817303333333335,21.33087,1406.4123966814295
2090,30,0.17649566666666666,0.480976,0.6830073333333334,21.3031,1408.2457482713785
2091,30,0.18251933333333334,0.4932553333333332,0.6980743333333332,21.77106,1377.9760838470888
2092,30,0.17637433333333338,0.480808,0.6829429999999999,21.30682,1407.999879850677
2093,30,0.17584066666666667,0.480648,0.6827263333333333,21.29108,1409.0407813976558
2094,30,0.17624800000000004,0.4807076666666667,0.682831,21.29409,1408.8416081645187
2095,30,0.17838000000000007,0.4846343333333333,0.6876393333333333,21.46709,1397.4879687931618
2096,30,0.1813463333333333,0.49117833333333333,0.6951929999999998,21.70484,1382.1801957535738
2097,30,0.17647666666666667,0.48053966666666664,0.6821396666666664,21.27501,1410.1050951327402
2098,30,0.176806,0.480859,0.6824893333333333,21.32427,1406.847690448489
2099,30,0.17648033333333327,0.4809706666666666,0.6829913333333334,21.29823,1408.5677542218295
2100,30,0.18280433333333337,0.4936399999999999,0.6984030000000001,21.80991,1375.5214945866353
2101,30,0.17711699999999997,0.481549,0.683548,21.32527,1406.781719528053
2102,30,0.1763596666666666,0.48180566666666663,0.6835756666666667,21.32135,1407.0403609527539
2103,30,0.176405,0.4808603333333333,0.6831253333333335,21.307,1407.9879851691933
2104,30,0.1762183333333333,0.48213666666666666,0.6843056666666668,21.34263,1405.6374495551859
2105,30,0.18375899999999995,0.49344466666666664,0.698513,21.78299,1377.2214007351608
2106,30,0.1765603333333333,0.480516,0.6827583333333334,21.32089,1407.0707179672145
2107,30,0.17719066666666666,0.48187633333333335,0.6836946666666667,21.33543,1406.1118055741085
2108,30,0.17632000000000003,0.4821836666666666,0.6837123333333335,21.32757,1406.630009888609
2109,30,0.18420799999999998,0.4968146666666666,0.7012263333333333,21.8832,1370.9146742706735
2110,30,0.17561866666666665,0.480486,0.6824150000000001,21.292,1408.9798985534474
2111,30,0.17692566666666673,0.4815303333333334,0.6837683333333332,21.32447,1406.8344957694142
2112,30,0.17509033333333335,0.47993833333333324,0.681728,21.30399,1408.186917098628
2113,30,0.17662633333333336,0.4809276666666666,0.6828636666666666,21.29208,1408.9746046417258
2114,30,0.18416333333333335,0.495323,0.7009116666666667,21.85897,1372.4342912772195
2115,30,0.1742726666666667,0.48044699999999996,0.6824046666666668,21.30319,1408.2397988282507
2116,30,0.1762826666666667,0.48073533333333346,0.6822936666666667,21.28088,1409.7161395581386
2117,30,0.17479366666666662,0.481507,0.6828216666666668,21.33707,1406.0037296592268
2118,30,0.18153933333333336,0.4922333333333334,0.6967686666666668,21.72914,1380.6344843836432
2119,30,0.17787500000000003,0.48407300000000003,0.6870983333333334,21.4486,1398.692688567086
2120,30,0.17651066666666665,0.4811486666666666,0.6834726666666667,21.31642,1407.3657771802207
2121,30,0.175516,0.48114633333333334,0.6835989999999998,21.31752,1407.2931560519235
2122,30,0.17603533333333335,0.48095033333333337,0.6834893333333333,21.31545,1407.429822030499
2123,30,0.18284233333333336,0.4942463333333333,0.6998876666666668,21.86028,1372.3520467258425
2124,30,0.1756803333333333,0.4804963333333333,0.6828026666666669,21.29897,1408.5188156985994
2125,30,0.17596466666666666,0.48198700000000005,0.6837260000000002,21.32304,1406.9288431668278
2126,30,0.17567566666666667,0.48086500000000004,0.6828086666666666,21.29547,1408.7503116860064
2127,30,0.18259266666666668,0.49077699999999996,0.6940153333333335,21.63493,1386.6465017450946
2128,30,0.1810123333333334,0.48875066666666667,0.6913946666666667,21.56507,1391.1385402412327
2129,30,0.17571466666666666,0.4801409999999999,0.6823780000000002,21.30475,1408.1366831340429
2130,30,0.17579433333333333,0.48050466666666664,0.6824569999999999,21.28146,1409.6777194797726
2131,30,0.17603533333333335,0.47988666666666663,0.6821253333333335,21.27302,1410.2370044309646
2132,30,0.1834103333333333,0.49354633333333325,0.6977983333333333,21.77503,1377.7248527326942
2133,30,0.176304,0.4802473333333333,0.6823523333333333,21.28317,1409.564458677913
2134,30,0.17670566666666668,0.4817463333333333,0.6830653333333334,21.34181,1405.6914572850194
2135,30,0.17618800000000004,0.480719,0.6823536666666664,21.29338,1408.8885841515062
2136,30,0.17585766666666663,0.4820133333333333,0.68364,21.31919,1407.182918300367
2137,30,0.18238066666666666,0.4931020000000001,0.6983473333333332,21.78244,1377.256175157604
2138,30,0.17514500000000002,0.47882166666666665,0.6809886666666666,21.24226,1412.279107778551
2139,30,0.1758426666666667,0.4803943333333334,0.682539,21.28436,1409.485650496421
2140,30,0.17536133333333334,0.48089400000000004,0.6824446666666667,21.30933,1407.8340332614869
2141,30,0.1822196666666666,0.4953316666666667,0.7002340000000001,21.83419,1373.9918906998612
2142,30,0.17644500000000002,0.4819396666666666,0.6833313333333334,21.31382,1407.5374569176242
2143,30,0.17493533333333336,0.480805,0.6823179999999998,21.28199,1409.642613308248
2144,30,0.17498033333333338,0.47955033333333336,0.6815719999999998,21.25822,1411.218813240243
2145,30,0.17591966666666664,0.48025066666666655,0.6828256666666666,21.29417,1408.836315291932
2146,30,0.18473799999999999,0.4989513333333333,0.7050020000000001,22.01607,1362.6410163121757
2147,30,0.1761033333333334,0.480531,0.6822893333333333,21.27887,1409.849301208194
2148,30,0.17603966666666662,0.48084699999999997,0.6819860000000001,21.28648,1409.3452745592508
2149,30,0.1762826666666667,0.48085600000000006,0.682697,21.28953,1409.1433676553686
2150,30,0.18314399999999997,0.49409566666666666,0.6980029999999999,21.7668,1378.2457687854899
2151,30,0.1758293333333333,0.48251466666666665,0.6842236666666666,21.3415,1405.7118759224984
2152,30,0.17633333333333337,0.4812456666666666,0.68371,21.34659,1405.376690141142
2153,30,0.17507700000000004,0.48074599999999995,0.6829376666666666,21.30101,1408.3839217013654
2154,30,0.17582733333333334,0.48009699999999994,0.6823309999999999,21.28261,1409.6015479304465
2155,30,0.1864603333333333,0.5056673333333335,0.7112499999999999,22.16733,1353.342960112923
2156,30,0.1766516666666667,0.4816843333333333,0.6837519999999999,21.32864,1406.559443077477
2157,30,0.1766023333333333,0.481732,0.6843056666666666,21.35061,1405.1120787649627
2158,30,0.17616566666666664,0.4802116666666667,0.682284,21.27977,1409.7896734786136
2159,30,0.1824663333333333,0.4909876666666666,0.6943829999999999,21.68363,1383.5321853398164
2160,30,0.17925466666666667,0.48739533333333335,0.69033,21.53236,1393.2518311973236
2161,30,0.17601100000000003,0.48100566666666666,0.6843096666666667,21.34377,1405.5623725330622
2162,30,0.17596566666666666,0.4862253333333333,0.6883900000000001,21.46939,1397.3382569323114
2163,30,0.174132,0.47870300000000005,0.6811743333333334,21.27701,1409.9725478344938
2164,30,0.184715,0.501398,0.7056806666666667,21.99757,1363.7870001095575
2165,30,0.17351499999999995,0.4791533333333333,0.6807510000000001,21.24969,1411.7853013385136
2166,30,0.17621966666666664,0.4817716666666666,0.6838556666666665,21.33026,1406.452617080148
2167,30,0.17505399999999996,0.48056,0.6820376666666667,21.27152,1410.3364498634796
2168,30,0.17706199999999997,0.48312266666666664,0.6862563333333332,21.40326,1401.6556356368142
2169,30,0.18203566666666668,0.495886,0.7008773333333332,21.87606,1371.3621191384555
2170,30,0.17672233333333334,0.4820013333333334,0.6836076666666667,21.32453,1406.8305374139547
2171,30,0.17661633333333338,0.4806290000000001,0.6826643333333333,21.29087,1409.0546793062003
2172,30,0.17598000000000003,0.480712,0.6827836666666667,21.29619,1408.7026834377416
2173,30,0.1830943333333333,0.4933646666666667,0.6979220000000002,21.76529,1378.3413866757576
2174,30,0.17714166666666664,0.48255733333333334,0.6846410000000002,21.38034,1403.1582285407997
2175,30,0.17693566666666666,0.48187399999999997,0.6832833333333334,21.30875,1407.8723529066697
2176,30,0.17569666666666664,0.48100300000000007,0.682724333333333,21.30996,1407.7924125620134
2177,30,0.1762086666666667,0.48233399999999993,0.6840103333333334,21.33182,1406.3497629363083
2178,30,0.1826176666666667,0.49385666666666667,0.6989573333333331,21.79549,1376.43154615932
2179,30,0.17508966666666664,0.4811716666666666,0.6824356666666667,21.28916,1409.167858196378
2180,30,0.17717200000000002,0.481518,0.6838259999999999,21.34836,1405.2601698678493
2181,30,0.17578300000000002,0.48116166666666665,0.6826656666666667,21.29117,1409.034825235062
2182,30,0.18259366666666668,0.4931703333333334,0.6985863333333333,21.78244,1377.256175157604
2183,30,0.17556033333333332,0.48017999999999994,0.6823083333333334,21.28673,1409.3287226361213
2184,30,0.17580166666666666,0.4811893333333333,0.6834549999999999,21.31803,1407.259488798918
2185,30,0.17622533333333332,0.4809233333333333,0.6829886666666666,21.30258,1408.2801238159884
2186,30,0.17513633333333328,0.4807180000000001,0.6826556666666669,21.31567,1407.4152958832635
2187,30,0.18234866666666666,0.49753100000000006,0.703501,21.94376,1367.1312482455148
2188,30,0.1753886666666667,0.48100266666666663,0.6827633333333334,21.31232,1407.6365219741447
2189,30,0.17712366666666668,0.48299066666666657,0.6847890000000001,21.35675,1404.7081133599447
2190,30,0.17722699999999994,0.48187100000000005,0.6844276666666668,21.34739,1405.3240232178266
2191,30,0.18532166666666663,0.4949463333333334,0.6995020000000002,21.84089,1373.5703993747507
2192,30,0.17607599999999998,0.4810790000000001,0.6828776666666667,21.3039,1408.1928660949404
2193,30,0.17568466666666668,0.48098299999999994,0.6836336666666667,21.32062,1407.0885368249142
2194,30,0.17618799999999996,0.4818916666666666,0.683483,21.31892,1407.2007399999625
2195,30,0.17576833333333336,0.48034000000000004,0.682306666666667,21.2787,1409.8605647901422
2196,30,0.183151,0.492614,0.6976009999999999,21.7572,1378.8538966411118
2197,30,0.17578366666666667,0.48045033333333326,0.682577,21.31687,1407.336067630942
2198,30,0.17519233333333334,0.48086,0.6823710000000001,21.28667,1409.332695062215
2199,30,0.17620133333333332,0.4806303333333333,0.6828109999999998,21.29585,1408.7251741536495
2200,30,0.17696433333333333,0.48357999999999995,0.6862816666666666,21.41994,1400.5641472385078
2201,30,0.1806473333333333,0.494034,0.6980836666666667,21.77156,1377.9444376057572
2202,30,0.17574433333333334,0.48053033333333334,0.6826310000000001,21.2922,1408.9666638487333
2203,30,0.17566600000000002,0.4810876666666667,0.6823413333333334,21.30153,1408.3495410893022
2204,30,0.17587233333333338,0.4802983333333333,0.682179,21.28014,1409.7651613194275
2205,30,0.18525933333333333,0.500391,0.7061926666666667,22.02432,1362.130590183942
2206,30,0.17567866666666665,0.48149,0.683249,21.31423,1407.5103815619893
2207,30,0.17512799999999998,0.47972333333333333,0.6826696666666666,21.29097,1409.0480612203203
2208,30,0.1758323333333333,0.48013766666666674,0.681632,21.30148,1408.3528468444445
2209,30,0.17613600000000001,0.48002399999999995,0.6820056666666667,21.27041,1410.4100485134043
2210,30,0.18339166666666668,0.49367099999999997,0.6991636666666668,21.80487,1375.8394340346904
2211,30,0.17602300000000007,0.480028,0.682119,21.27265,1410.261533001295
2212,30,0.17611300000000002,0.48163,0.683221,21.31006,1407.7858063280912
2213,30,0.17596133333333333,0.479985,0.6812419999999999,21.24542,1412.0690482937027
2214,30,0.18314333333333332,0.49444666666666665,0.6995726666666666,21.84946,1373.031644717993
2215,30,0.17629466666666666,0.48086400000000007,0.6821936666666667,21.28385,1409.5194243522672
2216,30,0.17497233333333334,0.481174,0.6831406666666666,21.32271,1406.9506174402784
2217,30,0.17559499999999995,0.4801133333333334,0.6821326666666665,21.27558,1410.0673166136953
2218,30,0.1760483333333333,0.4806929999999999,0.6826696666666666,21.30457,1408.1485803280705
2219,30,0.18377633333333332,0.4940833333333334,0.6991790000000001,21.80235,1375.998458881726
2220,30,0.17584433333333335,0.480745,0.6826906666666669,21.3164,1407.3670976337469
2221,30,0.17615066666666665,0.4809603333333334,0.6829240000000001,21.29899,1408.5174930830053
2222,30,0.175671,0.4803006666666666,0.6828363333333333,21.30075,1408.401112636879
2223,30,0.1832593333333333,0.4924443333333334,0.6971666666666666,21.7398,1379.9574973090828
2224,30,0.17593099999999998,0.48154300000000005,0.6838310000000002,21.33606,1406.0702866414886
2225,30,0.17597900000000002,0.4806686666666667,0.682477,21.32444,1406.8364749554971
2226,30,0.17562066666666665,0.4798629999999999,0.6821853333333333,21.27597,1410.0414693196126
2227,30,0.17656533333333332,0.48170499999999994,0.683072,21.30416,1408.175680242732
2228,30,0.23738833333333334,0.575942,0.8003126666666667,24.95655,1202.0892310836232
2229,30,0.17769966666666673,0.4842933333333333,0.6861303333333333,21.40908,1401.274599375592
2230,30,0.17630033333333334,0.48161033333333336,0.6829,21.30172,1408.336979361291
2231,30,0.17635699999999996,0.48004700000000006,0.6826196666666667,21.28941,1409.151310440261
2232,30,0.18732766666666664,0.49816000000000005,0.7027929999999999,21.94769,1366.8864468196882
2233,30,0.17623166666666665,0.4817866666666667,0.6837546666666667,21.32916,1406.525151482759
2234,30,0.17630400000000002,0.4814043333333334,0.6831276666666667,21.3073,1407.9681611466492
2235,30,0.17551033333333335,0.4804913333333333,0.6825900000000001,21.28829,1409.225447417336
2236,30,0.17592600000000005,0.48126566666666665,0.6830063333333332,21.30383,1408.1974931268228
2237,30,0.18312366666666666,0.49284066666666665,0.6990353333333333,21.81838,1374.9875105301128
2238,30,0.17586633333333332,0.48037466666666656,0.6823910000000001,21.2881,1409.2380249998826
2239,30,0.17595700000000003,0.479903,0.681747,21.26588,1410.7104902313001
2240,30,0.1755266666666667,0.4812853333333333,0.6828876666666667,21.30196,1408.3211122356815
2241,30,0.17819433333333332,0.48427600000000004,0.6869056666666666,21.42372,1400.317031775994
2242,30,0.18259099999999998,0.49216299999999996,0.697143,21.76047,1378.646692833381
2243,30,0.1750596666666667,0.480008,0.6819136666666666,21.27014,1410.4279520492107
2244,30,0.17644100000000001,0.4810540000000001,0.6829900000000001,21.30249,1408.2860735998468
2245,30,0.17461100000000004,0.48111199999999993,0.6827853333333332,21.29419,1408.8349920799992
2246,30,0.18345466666666668,0.4950143333333334,0.6993833333333334,21.82797,1374.383417239441
2247,30,0.17566,0.4794093333333333,0.6813363333333332,21.25276,1411.5813663731205
2248,30,0.17654899999999998,0.48092399999999996,0.682859,21.29721,1408.6352155986629
2249,30,0.17556033333333332,0.48119066666666677,0.6825876666666667,21.31109,1407.717765726671
2250,30,0.17593266666666663,0.4807049999999999,0.6826223333333332,21.29174,1408.9971040412854
2251,30,0.18808333333333327,0.499182,0.7051903333333333,21.98876,1364.3334139805975
2252,30,0.17625,0.48012299999999997,0.6819100000000001,21.26866,1410.526098024041
2253,30,0.17588666666666664,0.480621,0.6821673333333335,21.3878,1402.668811191427
2254,30,0.175036,0.4804550000000001,0.6818773333333332,21.31038,1407.764666796181
2255,30,0.18414333333333335,0.49559433333333336,0.7007216666666667,21.85459,1372.709348470962
2256,30,0.17601066666666668,0.4802986666666667,0.6823189999999998,21.2869,1409.3174675504652
2257,30,0.1754936666666667,0.48006099999999996,0.6820600000000001,21.27168,1410.3258416824622
2258,30,0.17662233333333335,0.4799446666666667,0.6818606666666668,21.27148,1410.339101933669
2259,30,0.17637233333333338,0.48102700000000004,0.6830573333333333,21.34364,1405.570933542732
2260,30,0.18370333333333333,0.4924673333333333,0.6975443333333334,21.75874,1378.7563066611394
2261,30,0.17663833333333334,0.48106599999999994,0.6830546666666665,21.30603,1408.0520866627899
2262,30,0.17698366666666668,0.4815453333333333,0.6831366666666666,21.30792,1407.9271932689817
2263,30,0.17545633333333333,0.48153100000000004,0.6832403333333332,21.32612,1406.7256491101052
2264,30,0.18598499999999998,0.5025666666666667,0.7083223333333335,22.08047,1358.666731278818
2265,30,0.17701599999999995,0.48210066666666673,0.6836833333333332,21.32831,1406.581205918331
2266,30,0.177107,0.481798,0.6833303333333334,21.33969,1405.8311062625557
2267,30,0.17580566666666667,0.48194233333333336,0.6834203333333332,21.31387,1407.534154989216
2268,30,0.17585033333333333,0.48048966666666676,0.6832640000000001,21.31039,1407.7640061960387
2269,30,0.18342599999999998,0.4939516666666666,0.7004283333333334,21.84316,1373.4276542405037
2270,30,0.17569033333333328,0.4811033333333333,0.682739,21.32367,1406.8872759707874
2271,30,0.176339,0.48090066666666664,0.683191,21.3228,1406.9446789352244
2272,30,0.17616333333333334,0.48103333333333337,0.682522,21.28568,1409.3982433260294
2273,30,0.180617,0.48943766666666666,0.694328,21.65229,1385.5347402053085
2274,30,0.17971733333333337,0.48785333333333336,0.6911413333333332,21.55923,1391.5153741576114
2275,30,0.17718233333333336,0.4819036666666667,0.6843023333333333,21.35648,1404.7258724284152
2276,30,0.17686366666666664,0.48151,0.6842039999999999,21.35771,1404.6449736418372
2277,30,0.17629133333333336,0.48148233333333323,0.6835796666666668,21.33293,1406.2765874167308
2278,30,0.182953,0.4990043333333334,0.7033086666666666,21.92722,1368.1624939230783
2279,30,0.1763,0.4822283333333333,0.6840780000000001,21.3362,1406.0610605449892
2280,30,0.17650133333333332,0.4827523333333333,0.6844376666666668,21.36361,1404.257052061894
2281,30,0.17551933333333333,0.48011400000000004,0.6817973333333333,21.26859,1410.530740401691
2282,30,0.1765963333333333,0.48245266666666675,0.6851086666666666,21.38473,1402.8701788612716
2283,30,0.182938,0.4978003333333334,0.7034763333333334,21.95448,1366.4637012582398
2284,30,0.1762546666666667,0.4811703333333333,0.683369,21.33912,1405.8686581264833
2285,30,0.17703533333333338,0.48223533333333346,0.6844466666666666,21.34572,1405.4339699012262
2286,30,0.17691166666666663,0.48168533333333335,0.6837203333333333,21.32625,1406.717074028486
2287,30,0.18240366666666666,0.49368566666666663,0.6990559999999999,21.79896,1376.212443162426
2288,30,0.175767,0.481657,0.6841463333333334,21.36895,1403.9061348358248
2289,30,0.17638533333333342,0.4813053333333333,0.6829819999999999,21.30258,1408.2801238159884
2290,30,0.175825,0.4810566666666666,0.6837516666666666,21.32615,1406.7236702358373
2291,30,0.17599233333333336,0.48043933333333333,0.6825996666666667,21.29386,1408.856825394738
2292,30,0.184328,0.49398366666666665,0.699762,21.82126,1374.8060377815032
2293,30,0.17547733333333332,0.48098900000000006,0.6824600000000001,21.28812,1409.2367010332523
2294,30,0.17702099999999998,0.4828193333333334,0.6846059999999999,21.38652,1402.7527620201886
2295,30,0.17516833333333331,0.4800426666666667,0.682442,21.28423,1409.4942593647972
2296,30,0.18357400000000004,0.49445733333333336,0.6996439999999998,21.81804,1375.0089375580942
2297,30,0.17630433333333334,0.48222866666666675,0.6844496666666667,21.35137,1405.062063933134
2298,30,0.176304,0.480781,0.6839583333333332,21.33211,1406.3306442728824
2299,30,0.17607566666666666,0.48143899999999995,0.6836243333333333,21.31938,1407.1703773749518
2300,30,0.17522933333333335,0.4800623333333334,0.6822066666666667,21.29643,1408.6868080706483
2301,30,0.18303799999999998,0.4927850000000001,0.6970266666666665,21.75776,1378.8184077772712
2302,30,0.1750243333333334,0.4810043333333335,0.6835713333333333,21.32425,1406.8490099300093
2303,30,0.17650699999999997,0.48149800000000004,0.683348,21.30971,1407.808928418078
2304,30,0.17590733333333333,0.48123533333333335,0.6829826666666666,21.30279,1408.266241182493
2305,30,0.1828383333333333,0.492365,0.6972666666666668,21.78596,1377.0336491942517
2306,30,0.17573966666666668,0.4827876666666667,0.6844816666666665,21.35361,1404.9146725073654
2307,30,0.1754383333333333,0.48203999999999997,0.6839316666666667,21.33012,1406.4618483159024
2308,30,0.17576199999999995,0.4808886666666667,0.6831863333333333,21.30942,1407.828087296604
2309,30,0.17584533333333333,0.48077833333333336,0.6832286666666666,21.32941,1406.5086657343077
2310,30,0.1827666666666667,0.4931943333333334,0.6996063333333334,21.81923,1374.9339458816833
2311,30,0.17530666666666667,0.4803733333333334,0.6826930000000001,21.31926,1407.178297933418
2312,30,0.17660166666666668,0.48156233333333326,0.6832376666666667,21.32691,1406.6735406113685
2313,30,0.17687933333333333,0.4818683333333334,0.6841396666666667,21.3367,1406.028111188703
2314,30,0.17879966666666663,0.48680333333333337,0.6904039999999999,21.53262,1393.2350080946956
2315,30,0.1801356666666667,0.49129833333333334,0.6948823333333334,21.67533,1384.0619727588924
2316,30,0.17468666666666668,0.48066433333333336,0.6826030000000001,21.29308,1408.9084341015955
2317,30,0.17686033333333337,0.48288666666666663,0.6848876666666667,21.37206,1403.7018424990385
2318,30,0.17579833333333336,0.48136799999999996,0.683322,21.31308,1407.5863272694514
2319,30,0.18261866666666662,0.49377766666666667,0.6987756666666667,21.79069,1376.7347431403043
2320,30,0.17612933333333333,0.481147,0.6831119999999999,21.31142,1407.6959677018237
2321,30,0.175625,0.48181066666666666,0.6836263333333333,21.32113,1407.0548793614596
2322,30,0.17588366666666663,0.4811903333333333,0.6829196666666666,21.32137,1407.0390411122737
2323,30,0.175452,0.4807603333333334,0.6826416666666667,21.29082,1409.0579883724536
2324,30,0.1830483333333333,0.494158,0.6995883333333331,21.83684,1373.8251505254423
2325,30,0.17542633333333335,0.481221,0.6831746666666667,21.31122,1407.709178545386
2326,30,0.17538499999999999,0.48131133333333326,0.6836466666666666,21.32153,1407.0284824775706
2327,30,0.17568233333333336,0.48042466666666667,0.6827646666666668,21.291,1409.0460758066788
2328,30,0.18277166666666664,0.49416066666666664,0.6998383333333333,21.84424,1373.359750671115
2329,30,0.17573266666666665,0.4809733333333333,0.6826116666666667,21.29423,1408.8323456635906
2330,30,0.175995,0.48070633333333335,0.6829826666666666,21.30309,1408.246409323718
2331,30,0.17501500000000003,0.4810203333333333,0.6832036666666667,21.30551,1408.086452753302
2332,30,0.17659166666666667,0.48237166666666664,0.684461,21.34588,1405.4234353420893
2333,30,0.183947,0.49379500000000004,0.6986956666666667,21.78971,1376.7966622777449
2334,30,0.17601833333333333,0.481453,0.6836099999999999,21.36144,1404.3997033907826
2335,30,0.175274,0.48002266666666676,0.6828630000000001,21.29824,1408.5670928677675
2336,30,0.17574900000000002,0.4817796666666666,0.6842096666666663,21.33873,1405.8943526629748
2337,30,0.1831966666666667,0.4928036666666667,0.6987200000000001,21.78721,1376.954644490965
2338,30,0.1768713333333333,0.48335100000000003,0.6851663333333332,21.37454,1403.5389767452305
2339,30,0.1756923333333333,0.48098966666666676,0.6826223333333331,21.30672,1408.0064880938971
2340,30,0.17483566666666667,0.48142599999999997,0.683143,21.32095,1407.0667582823467
2341,30,0.17619366666666667,0.48092899999999994,0.68314,21.30647,1408.0230089733307
2342,30,0.18539866666666668,0.4942863333333333,0.6996396666666667,21.82172,1374.7770569872587
2343,30,0.17586566666666667,0.48134066666666675,0.682369,21.44678,1398.8113833405296
2344,30,0.17459366666666665,0.479693,0.6806306666666667,21.27749,1409.94074019069
2345,30,0.17595600000000003,0.48161966666666667,0.6839743333333332,21.35704,1404.6890393050721
2346,30,0.1807283333333333,0.4885323333333334,0.6923606666666667,21.59256,1389.367448787916
2347,30,0.17928799999999998,0.48794566666666667,0.6914166666666667,21.58566,1389.8115693474278
2348,30,0.17552466666666666,0.48056866666666664,0.6823366666666665,21.30176,1408.334334815527
2349,30,0.17614666666666662,0.48207133333333335,0.6841036666666667,21.33516,1406.129600152987
2350,30,0.175475,0.48006766666666656,0.6826826666666667,21.29061,1409.0718866204397
2351,30,0.18331199999999995,0.4948023333333334,0.6995373333333332,21.83298,1374.0680383529873
2352,30,0.17582299999999998,0.4805616666666667,0.6832026666666666,21.33618,1406.0623785513621
2353,30,0.17566199999999996,0.4804023333333334,0.6829940000000001,21.30313,1408.2437651180835
2354,30,0.17631899999999998,0.48032866666666657,0.6826153333333332,21.29087,1409.0546793062003
2355,30,0.17562733333333336,0.48119200000000006,0.6832946666666667,21.31232,1407.6365219741447
2356,30,0.18334599999999998,0.49496200000000007,0.6992866666666665,21.83113,1374.1844787695368
2357,30,0.1751936666666666,0.4797246666666667,0.6818363333333334,21.26654,1410.6667093001495
2358,30,0.17562799999999998,0.47987766666666665,0.6814846666666665,21.27296,1410.2409819790005
2359,30,0.17621933333333337,0.479825,0.6826553333333334,21.29088,1409.0540174948146
2360,30,0.18364366666666662,0.49373300000000003,0.6985083333333332,21.80475,1375.8470058129535
2361,30,0.17614233333333332,0.4800443333333334,0.6822213333333333,21.28209,1409.6359896983802
2362,30,0.1764966666666667,0.48037599999999997,0.6819523333333333,21.30994,1407.7937338162378
2363,30,0.17559,0.4806876666666667,0.6823256666666667,21.27991,1409.7803985073247
2364,30,0.175106,0.4811536666666666,0.6821743333333333,21.30929,1407.8366759286675
2365,30,0.18474999999999994,0.4945756666666667,0.6996159999999999,21.81448,1375.233331255203
2366,30,0.1768283333333334,0.48230333333333336,0.6839563333333333,21.33391,1406.2119883321902
2367,30,0.17553300000000005,0.4810749999999999,0.6825430000000001,21.28889,1409.185730209513
2368,30,0.1751663333333333,0.479739,0.6818426666666667,21.28276,1409.5916131178474
2369,30,0.18289166666666665,0.491433,0.6970543333333334,21.73474,1380.2787610985915
2370,30,0.177136,0.4826713333333334,0.6850819999999999,21.37066,1403.7937995363736
2371,30,0.175121,0.48067,0.6822280000000002,21.27663,1409.9977299036548
2372,30,0.176432,0.4810236666666667,0.683133,21.30826,1407.9047280256577
2373,30,0.1750536666666667,0.48048733333333327,0.6822263333333335,21.29929,1408.4976541471572
2374,30,0.18356899999999998,0.49348233333333336,0.7000543333333333,21.8283,1374.3626393260126
2375,30,0.17693,0.48196300000000003,0.684263,21.34387,1405.5557872119723
2376,30,0.17580366666666666,0.4812736666666666,0.6836876666666666,21.32623,1406.7183932650073
2377,30,0.17633466666666667,0.4804383333333334,0.682586,21.28824,1409.2287572857126
2378,30,0.17928133333333335,0.48923500000000003,0.693695,21.64946,1385.715856192256
2379,30,0.17880433333333337,0.48717566666666673,0.6896176666666668,21.52219,1393.910192224862
2380,30,0.17606899999999998,0.4808663333333334,0.6824836666666667,21.30363,1408.2107133854652
2381,30,0.1763846666666667,0.4820269999999999,0.6840620000000001,21.33296,1406.2746098056714
2382,30,0.17484166666666667,0.4802610000000001,0.6816283333333334,21.27429,1410.152818260915
2383,30,0.18237233333333336,0.49282200000000004,0.6991976666666668,21.80252,1375.9877298587503
2384,30,0.1761576666666667,0.4817796666666666,0.6833303333333333,21.31814,1407.252227445734
2385,30,0.17592133333333332,0.4815206666666667,0.683202,21.32489,1406.8067877489639
2386,30,0.17569633333333334,0.48058433333333334,0.6827646666666666,21.29477,1408.7966200151493
2387,30,0.17854566666666663,0.48898366666666676,0.6921989999999999,21.59757,1389.0451564689918
2388,30,0.18293066666666666,0.492869,0.6965339999999999,21.72241,1381.0622302037389
2389,30,0.17754266666666665,0.48140200000000005,0.6838409999999998,21.32915,1406.5258109207352
2390,30,0.17619866666666667,0.4806106666666667,0.6820586666666668,21.27535,1410.0825603339076
2391,30,0.17571566666666663,0.48057866666666677,0.6820323333333334,21.31161,1407.6834176301086
2392,30,0.182365,0.494728,0.700335,21.85449,1372.715629602887
2393,30,0.17658100000000004,0.48113000000000006,0.683969,21.33723,1405.9931865570181
2394,30,0.1766666666666667,0.480561,0.6826613333333335,21.29553,1408.7463425423082
2395,30,0.17630766666666667,0.48027800000000004,0.6823403333333332,21.28151,1409.6744075020993
2396,30,0.17530499999999996,0.4811743333333334,0.6826973333333334,21.31873,1407.2132814665788
2397,30,0.18298300000000003,0.4948663333333333,0.699621,21.81905,1374.9452886353897
2398,30,0.17640900000000004,0.48116533333333333,0.6825693333333333,21.29217,1408.9686490385902
2399,30,0.17505999999999994,0.4804586666666666,0.6814856666666667,21.27606,1410.0355046940083
2400,30,0.17621033333333339,0.4808746666666667,0.68315,21.3086,1407.8822634992443
2401,30,0.18250400000000003,0.49881500000000006,0.7046683333333336,22.00197,1363.514267131534
2402,30,0.17600833333333335,0.48247666666666666,0.6842809999999999,21.36337,1404.2728277420651
2403,30,0.1761046666666667,0.480618,0.6826343333333332,21.2913,1409.026221977991
2404,30,0.17626333333333333,0.48013233333333327,0.6816886666666666,21.27802,1409.9056209177356
2405,30,0.1760813333333333,0.47973766666666673,0.6816096666666667,21.25939,1411.1411475117584
2406,30,0.18372233333333332,0.4931486666666667,0.6986043333333335,21.78786,1376.9135656278313
2407,30,0.175252,0.480059,0.6821803333333334,21.30392,1408.191544091416
2408,30,0.17624666666666663,0.4812786666666667,0.6834299999999999,21.33558,1406.1019198915615
2409,30,0.175683,0.4802166666666666,0.6818766666666668,21.2685,1410.5367092178574
2410,30,0.18011033333333334,0.4891273333333334,0.6943826666666665,21.65532,1385.3408769761888
2411,30,0.1779703333333333,0.48436433333333334,0.6868623333333332,21.42839,1400.0118534336925
2412,30,0.17515166666666668,0.48035466666666665,0.6820646666666668,21.31256,1407.6206706280238
2413,30,0.17623633333333333,0.482184,0.6839536666666668,21.3447,1405.5011314284106
2414,30,0.17582399999999998,0.48021966666666666,0.6824586666666667,21.28555,1409.4068511267033
2415,30,0.18239666666666668,0.4918486666666666,0.6972086666666665,21.74224,1379.8026330313712
2416,30,0.17514933333333332,0.48103100000000004,0.6832320000000001,21.31441,1407.4984951495258
2417,30,0.17641633333333337,0.4803196666666667,0.6823326666666666,21.27919,1409.8280996598085
2418,30,0.175494,0.48072499999999996,0.6826186666666667,21.28766,1409.2671528951514
2419,30,0.181466,0.486235,0.6890796666666666,21.51922,1394.102574349814
2420,30,0.18118133333333333,0.48909566666666665,0.6940193333333334,21.65017,1385.670412749646
2421,30,0.17608666666666664,0.48097000000000006,0.6830656666666667,21.33145,1406.3741564685008
2422,30,0.17626600000000003,0.48154533333333327,0.6831340000000001,21.30637,1408.0296174336595
2423,30,0.17628233333333335,0.4809583333333334,0.6828566666666666,21.29599,1408.7159131836556
2424,30,0.18258566666666665,0.49357233333333334,0.6982479999999999,21.79109,1376.709471623494
2425,30,0.17494500000000002,0.480799,0.6825070000000001,21.34492,1405.4866450658985
2426,30,0.17531733333333338,0.4799223333333333,0.6826586666666666,21.29344,1408.8846142286075
2427,30,0.17630500000000005,0.4813469999999999,0.6834880000000001,21.31366,1407.5480231926379
2428,30,0.175565,0.4794456666666667,0.6817836666666666,21.26611,1410.6952329316457
2429,30,0.18377166666666672,0.4951916666666667,0.7004003333333333,21.85934,1372.4110609011982
2430,30,0.17565299999999998,0.48127866666666663,0.6830930000000001,21.33411,1406.1988055747345
2431,30,0.17680033333333334,0.48252566666666674,0.684974,21.36209,1404.3569706896656
2432,30,0.17650200000000002,0.481523,0.6840006666666667,21.33188,1406.3458073081229
2433,30,0.18283000000000002,0.4930576666666667,0.6988913333333333,21.79332,1376.5685999196082
2434,30,0.1755576666666667,0.4813920000000001,0.6837990000000002,21.33776,1405.9582636602904
2435,30,0.175404,0.4862536666666667,0.688232,21.45962,1397.9744282517586
2436,30,0.177124,0.4819423333333333,0.6835866666666668,21.34148,1405.7131932743184
2437,30,0.1757986666666667,0.48013333333333336,0.6815083333333333,21.27095,1410.3742428053283
2438,30,0.184062,0.4949176666666667,0.6998163333333333,21.82365,1374.6554769710842
2439,30,0.17587399999999997,0.47984733333333335,0.6819986666666669,21.27514,1410.0964788010795
2440,30,0.17621233333333336,0.48091699999999993,0.6826163333333334,21.30545,1408.090418179386
2441,30,0.17602233333333334,0.48056899999999997,0.6821963333333332,21.27471,1410.1249793769223
2442,30,0.181091,0.49131933333333333,0.6962426666666667,21.73651,1380.1663652536677
2443,30,0.17792800000000006,0.48337500000000005,0.6851776666666668,21.374,1403.5744362309347
2444,30,0.17519633333333334,0.4809136666666667,0.6832283333333333,21.30927,1407.8379972659784
2445,30,0.17565100000000006,0.4807406666666667,0.6835469999999998,21.31572,1407.4119945279822
2446,30,0.17553733333333332,0.48038666666666674,0.6822900000000001,21.28258,1409.6035349097713
2447,30,0.18311366666666667,0.49263033333333334,0.6981633333333332,21.79536,1376.43975598476
2448,30,0.17579499999999995,0.48006899999999997,0.6821096666666668,21.27931,1409.820149243561
2449,30,0.1759883333333333,0.4797623333333334,0.6818833333333332,21.26932,1410.4823285370665
2450,30,0.1766583333333333,0.4811490000000001,0.6825310000000002,21.30034,1408.4282222725083
2451,30,0.17836666666666667,0.483674,0.6865430000000001,21.40894,1401.2837627645272
2452,30,0.1813566666666667,0.4905983333333334,0.6943970000000002,21.68072,1383.7178839079145
2453,30,0.17581533333333332,0.47975933333333337,0.6812466666666666,21.28622,1409.3624889717385
2454,30,0.17606433333333335,0.4801153333333333,0.6828950000000001,21.29711,1408.641829806955
2455,30,0.17571400000000004,0.48013633333333333,0.6824826666666667,21.28205,1409.6386391348578
2456,30,0.18305166666666667,0.4936843333333334,0.6979806666666664,21.76785,1378.1792873434906
2457,30,0.17551833333333333,0.48055300000000006,0.6820763333333334,21.29128,1409.0275455491637
2458,30,0.17535733333333334,0.48000633333333337,0.681483,21.25235,1411.60859857851
2459,30,0.17539600000000002,0.4813596666666667,0.6830193333333333,21.3401,1405.8040965131372
2460,30,0.17554833333333333,0.47981799999999997,0.6818503333333332,21.26466,1410.7914257740306
2461,30,0.18246133333333328,0.4920196666666667,0.697196,21.74638,1379.5399510171349
2462,30,0.17594933333333335,0.48012166666666667,0.681946,21.27248,1410.2728031710453
2463,30,0.17526099999999997,0.480018,0.6827176666666666,21.29272,1408.9322547800375
2464,30,0.17497333333333331,0.4792606666666667,0.6815516666666664,21.30029,1408.4315283970313
2465,30,0.183116,0.49248433333333336,0.6974303333333332,21.74812,1379.4295782807894
2466,30,0.17533166666666666,0.48092833333333324,0.6824443333333333,21.28959,1409.1393962964999
2467,30,0.17528433333333332,0.47944533333333333,0.6814893333333333,21.25298,1411.5667544033824
2468,30,0.17613699999999993,0.4796639999999999,0.6820156666666666,21.27236,1410.2807586934407
2469,30,0.174814,0.48015633333333335,0.6820523333333334,21.26987,1410.4458560395526
2470,30,0.18320233333333333,0.4945050000000001,0.6998493333333333,21.84303,1373.4358282710778
2471,30,0.175864,0.48044000000000003,0.6826426666666666,21.29629,1408.6960686579682
2472,30,0.17477099999999995,0.48005333333333333,0.6817243333333334,21.27805,1409.9036330866786
2473,30,0.17542733333333335,0.4793073333333334,0.6819090000000002,21.26359,1410.8624178701716
2474,30,0.18087599999999998,0.49038133333333334,0.6948206666666668,21.66531,1384.7020882692193
2475,30,0.179323,0.4844463333333334,0.6873993333333334,21.43849,1399.3522864716683
2476,30,0.17577800000000002,0.4803243333333334,0.6819063333333334,21.30947,1407.8247840044826
2477,30,0.17525499999999997,0.4809253333333333,0.6824506666666666,21.28261,1409.6015479304465
2478,30,0.17562599999999998,0.4812936666666667,0.6832696666666666,21.30833,1407.9001029174974
2479,30,0.18389533333333336,0.49468233333333334,0.699341,21.84551,1373.2799096931133
2480,30,0.17612399999999998,0.48111733333333334,0.6834976666666667,21.31821,1407.247606623633
2481,30,0.1751323333333334,0.48053533333333326,0.6825546666666668,21.31131,1407.703233635098
2482,30,0.17612166666666665,0.4809206666666667,0.6832273333333333,21.30944,1407.8267659778953
2483,30,0.17775866666666668,0.4875086666666667,0.691566,21.5596,1391.4914933486705
2484,30,0.182619,0.4905846666666666,0.6948353333333335,21.66968,1384.4228433460946
2485,30,0.17528966666666665,0.48065066666666667,0.6821643333333334,21.29209,1408.9739429055578
2486,30,0.176212,0.4799906666666667,0.6822206666666665,21.27869,1409.861227359391
2487,30,0.17519899999999997,0.4817586666666667,0.6834073333333333,21.31128,1407.7052152662816
2488,30,0.18408033333333335,0.494357,0.6993159999999999,21.82282,1374.7077600420112
2489,30,0.17662933333333336,0.4808663333333333,0.6830926666666667,21.32836,1406.577908474913
2490,30,0.17469266666666666,0.47979799999999995,0.6813333333333333,21.26635,1410.6793126229936
2491,30,0.17586933333333332,0.48085333333333324,0.6826089999999998,21.28907,1409.17381548372
2492,30,0.17489500000000005,0.4798263333333333,0.6825423333333334,21.28683,1409.3221019757286
2493,30,0.18340399999999998,0.49376700000000007,0.699299,21.83129,1374.174407467447
2494,30,0.17656,0.4806553333333333,0.6829216666666668,21.30272,1408.2708686965796
2495,30,0.17579833333333336,0.480417,0.682834,21.29481,1408.7939737428978
2496,30,0.17464766666666667,0.4806600000000001,0.6825113333333335,21.28541,1409.4161211834773
2497,30,0.18352033333333337,0.49385033333333334,0.6994156666666668,21.80488,1375.8388030569304
2498,30,0.1758006666666667,0.4819320000000001,0.6836346666666668,21.34078,1405.7593021435955
2499,30,0.1747333333333333,0.4801183333333333,0.6817943333333335,21.28266,1409.5982363106868
2500,30,0.17557600000000004,0.4800223333333333,0.6820583333333334,21.27337,1410.2138025145994
2501,30,0.17570633333333335,0.47968000000000005,0.6828086666666666,21.29175,1408.996442283983
2502,30,0.18471200000000004,0.4982543333333333,0.7046729999999999,21.96971,1365.5164314868061
2503,30,0.17604533333333333,0.4808086666666666,0.6829569999999998,21.30141,1408.357474927716
2504,30,0.17543666666666666,0.4813946666666667,0.68308,21.30152,1408.350202239089
2505,30,0.17565499999999998,0.48021500000000006,0.6822370000000001,21.29567,1408.7370812939907
2506,30,0.1834623333333333,0.49277,0.69807,21.77071,1377.998237080922
2507,30,0.17538066666666666,0.4818626666666666,0.6835496666666665,21.32142,1407.0357415219062
2508,30,0.17570433333333332,0.48034433333333326,0.6827009999999999,21.29124,1409.0301926989691
2509,30,0.17502433333333334,0.481042,0.6834330000000001,21.31418,1407.5136833788588
2510,30,0.17590066666666665,0.48031700000000005,0.6823156666666667,21.30773,1407.939747687811
2511,30,0.186111,0.4972660000000001,0.7014166666666668,21.8792,1371.165307689495
2512,30,0.1761893333333333,0.48185400000000006,0.683744,21.32739,1406.641881636712
2513,30,0.17641100000000004,0.4810303333333333,0.6832413333333334,21.30725,1407.9714651116403
2514,30,0.17573733333333333,0.4808803333333333,0.6832753333333333,21.30821,1407.9080316929483
2515,30,0.178386,0.484336,0.6880683333333335,21.48117,1396.5719744315602
2516,30,0.18175799999999995,0.4901256666666666,0.6951806666666667,21.68373,1383.5258048315488
2517,30,0.17675066666666667,0.48162333333333335,0.683454,21.31456,1407.488589959164
2518,30,0.17604100000000003,0.4817229999999999,0.6841033333333333,21.33475,1406.156622411793
2519,30,0.17644800000000002,0.48125166666666674,0.683425,21.31328,1407.5731187316078
2520,30,0.18390533333333334,0.4962223333333334,0.7014940000000001,21.87447,1371.461799988754
2521,30,0.17551666666666668,0.48150866666666664,0.682999,21.31939,1407.1697173324378
2522,30,0.1768183333333333,0.48186933333333326,0.6834696666666668,21.33126,1406.386683205774
2523,30,0.17714433333333338,0.481749,0.6835070000000002,21.31414,1407.5163248435076
2524,30,0.17647799999999997,0.4812923333333333,0.6827300000000001,21.29329,1408.8945390778035
2525,30,0.1843656666666667,0.4949106666666667,0.7007836666666666,21.85657,1372.5849938942845
2526,30,0.17603899999999995,0.48106,0.6836163333333334,21.3308,1406.4170120201773
2527,30,0.17636600000000005,0.48042033333333334,0.6818853333333332,21.30884,1407.8664066180984
2528,30,0.17617633333333335,0.4808536666666667,0.6822386666666667,21.27804,1409.904295696408
2529,30,0.18514499999999998,0.49757766666666664,0.7020896666666666,21.88615,1370.7298908213643
2530,30,0.17564633333333332,0.4830589999999999,0.6861423333333335,21.40306,1401.6687333493435
2531,30,0.17635133333333333,0.48135766666666674,0.6838543333333331,21.33057,1406.4321769179164
2532,30,0.17686366666666667,0.48156966666666673,0.6829863333333335,21.33973,1405.8284711193628
2533,30,0.1758473333333333,0.4803963333333333,0.6823813333333336,21.2829,1409.5823407524351
2534,30,0.18449666666666664,0.500312,0.7053303333333335,21.99338,1364.0468177242424
2535,30,0.17630066666666666,0.48131566666666664,0.6838286666666666,21.33029,1406.4506389739663
2536,30,0.17654633333333333,0.4806903333333334,0.6829576666666668,21.30223,1408.303262146733
2537,30,0.17635699999999999,0.481103,0.6832393333333333,21.3056,1408.0805046560529
2538,30,0.18314466666666665,0.49815000000000004,0.7028056666666666,21.91271,1369.0684538790501
2539,30,0.176278,0.4839003333333333,0.6857146666666666,21.41397,1400.9546104715753
2540,30,0.17600433333333332,0.4805266666666667,0.6834046666666664,21.31282,1407.6034987392566
2541,30,0.1769713333333333,0.482014,0.684801,21.35371,1404.9080932540528
2542,30,0.1766706666666667,0.4803556666666667,0.682505,21.28756,1409.2737730392773
2543,30,0.18513933333333335,0.4958783333333334,0.7006803333333332,21.86604,1371.9905387532447
2544,30,0.1841703333333333,0.5281903333333333,0.7344149999999998,23.28579,1288.339369203278
2545,30,0.176182,0.4805806666666667,0.6835903333333334,21.32421,1406.851648900475
2546,30,0.17722000000000007,0.4818683333333334,0.6837116666666664,21.34391,1405.5531531008141
2547,30,0.1864543333333333,0.49597,0.7012346666666666,21.86667,1371.9510103733214
2548,30,0.17562266666666665,0.48233633333333337,0.6841606666666666,21.36106,1404.4246867898878
2549,30,0.175846,0.48129333333333335,0.683492,21.31378,1407.5400984715052
2550,30,0.17687366666666662,0.48225899999999994,0.6844183333333332,21.38031,1403.1601973965767
2551,30,0.1764606666666667,0.48166700000000007,0.6834156666666668,21.33371,1406.2251713368187
2552,30,0.18331633333333336,0.49923833333333334,0.7052416666666664,21.99002,1364.255239422247
2553,30,0.17521666666666666,0.48080133333333325,0.6824520000000001,21.30343,1408.2239338923355
2554,30,0.1761833333333333,0.4808286666666666,0.6832826666666666,21.31274,1407.6087823527148
2555,30,0.17637299999999997,0.48101433333333327,0.6827953333333334,21.31451,1407.4918916737943
2556,30,0.18406866666666669,0.4925083333333333,0.6958683333333334,21.73881,1380.0203414998336
2557,30,0.179036,0.486076,0.6885740000000002,21.50166,1395.2411116164985
2558,30,0.17625066666666664,0.48087133333333326,0.6824796666666665,21.30461,1408.145936489802
2559,30,0.1759983333333333,0.48122133333333333,0.6834163333333334,21.31447,1407.4945330566513
2560,30,0.17546033333333336,0.48042700000000005,0.682325,21.29545,1408.7516347388762
2561,30,0.18409566666666663,0.4945143333333334,0.6995193333333334,21.85799,1372.495824181455
2562,30,0.17601033333333332,0.4814759999999999,0.6830230000000002,21.30635,1408.030939133169
2563,30,0.17524166666666668,0.48141566666666663,0.6831606666666669,21.32154,1407.0278225681634
2564,30,0.1755226666666667,0.47983866666666664,0.6819409999999999,21.2715,1410.3377758973274
2565,30,0.17690966666666663,0.48305399999999993,0.6856836666666667,21.3849,1402.8590266964075
2566,30,0.18267233333333335,0.4963203333333333,0.700569,21.84968,1373.0178199406125
2567,30,0.17559033333333332,0.4810263333333333,0.6825683333333334,21.32862,1406.5607620183584
2568,30,0.17550566666666667,0.48001699999999997,0.6816453333333333,21.26113,1411.025660442319
2569,30,0.17584933333333333,0.4810526666666667,0.6826716666666667,21.30629,1408.0349042465864
2570,30,0.182337,0.4926056666666667,0.6979606666666666,21.76742,1378.206512301412
2571,30,0.17550199999999996,0.4814333333333333,0.6841446666666665,21.34085,1405.7546911205504
2572,30,0.1751443333333333,0.4802856666666667,0.6823616666666668,21.28447,1409.478366151471
2573,30,0.17574533333333336,0.48207633333333344,0.6849770000000001,21.37488,1403.5166513215513
2574,30,0.17510599999999998,0.4806903333333334,0.6819346666666666,21.28559,1409.4042025614513
2575,30,0.18387233333333333,0.4969086666666666,0.702086,21.8953,1370.1570656716283
2576,30,0.17661933333333335,0.4811663333333333,0.6827313333333335,21.29803,1408.5809814334941
2577,30,0.17526899999999998,0.48044366666666677,0.6818626666666667,21.28468,1409.4644598838224
2578,30,0.17528333333333337,0.48058199999999995,0.6825263333333332,21.31124,1407.7078574498717
2579,30,0.18208499999999997,0.49223133333333335,0.6974333333333332,21.7459,1379.5704017768867
2580,30,0.17562533333333327,0.4801426666666666,0.6822416666666666,21.28549,1409.4108239932461
2581,30,0.17525466666666667,0.48001900000000003,0.6817636666666667,21.26166,1410.9904871021358
2582,30,0.17631500000000003,0.480952,0.6839599999999998,21.33004,1406.4671233621689
2583,30,0.17561366666666667,0.48041966666666663,0.6824433333333335,21.28029,1409.7552242004222
2584,30,0.18488000000000002,0.5049573333333334,0.7108986666666666,22.18084,1352.5186602491158
2585,30,0.17564066666666667,0.48067766666666667,0.6825546666666666,21.30694,1407.9919500406909
2586,30,0.17635833333333337,0.4814860000000001,0.6840766666666666,21.3327,1406.2917492863069
2587,30,0.17489800000000003,0.481073,0.682877,21.3128,1407.6048196389024
2588,30,0.18274266666666666,0.49647833333333335,0.7017996666666666,21.87605,1371.3627460167625
2589,30,0.17780466666666667,0.48311433333333326,0.684963,21.39043,1402.4963500032493
2590,30,0.17635933333333337,0.48237933333333327,0.6841146666666666,21.36451,1404.197896417938
2591,30,0.1759963333333333,0.480453,0.682013,21.26862,1410.5287508075278
2592,30,0.17601433333333333,0.48182933333333333,0.6834366666666667,21.31391,1407.5315134576435
2593,30,0.18294533333333335,0.49373766666666674,0.6982286666666664,21.77272,1377.8710239235154
2594,30,0.17554133333333333,0.4822186666666667,0.6835863333333332,21.32058,1407.0911766940676
2595,30,0.17527999999999994,0.4799043333333333,0.6820266666666668,21.28798,1409.245968851906
2596,30,0.17480066666666666,0.4809669999999999,0.6829943333333334,21.30226,1408.301278831448
2597,30,0.17705766666666672,0.48244299999999996,0.6858123333333331,21.38579,1402.8006447271764
2598,30,0.18234166666666668,0.4912083333333334,0.6956149999999999,21.71566,1381.4915134976325
2599,30,0.17590933333333333,0.4810013333333334,0.6827566666666667,21.2931,1408.9071107541881
2600,30,0.17571499999999998,0.48022333333333334,0.6822003333333332,21.27725,1409.956643833202
2601,30,0.17559766666666665,0.4807973333333334,0.6824169999999999,21.30714,1407.9787338892033
2602,30,0.1835843333333333,0.492868,0.698068,21.76949,1378.0754624936092
2603,30,0.17688466666666666,0.48141133333333336,0.682987,21.31995,1407.1327559398592
2604,30,0.17512633333333336,0.47921733333333333,0.6813926666666668,21.25511,1411.4252996103055
2605,30,0.175567,0.4826126666666666,0.683434,21.32928,1406.5172382752723
2606,30,0.17617666666666665,0.4802273333333334,0.6815593333333335,21.25685,1411.3097660283627
2607,30,0.18426133333333325,0.495084,0.7006973333333334,21.8725,1371.585324037033
2608,30,0.17597133333333334,0.48168566666666657,0.6827420000000001,21.3177,1407.2812733080962
2609,30,0.17597500000000002,0.4802063333333333,0.6819466666666666,21.26727,1410.6182881018578
2610,30,0.17516433333333328,0.4801586666666667,0.6821563333333333,21.2763,1410.0195992724298
2611,30,0.18200999999999998,0.4929353333333333,0.6977440000000003,21.75591,1378.9356547255436
2612,30,0.17641633333333337,0.48079599999999995,0.6826493333333334,21.31684,1407.3380482285368
2613,30,0.17569633333333334,0.48078366666666666,0.6827310000000002,21.28874,1409.1956593015839
2614,30,0.17547066666666664,0.47956600000000005,0.6814660000000001,21.25295,1411.5687469268971
2615,30,0.17568599999999998,0.48008966666666664,0.6819500000000001,21.26816,1410.5592585348238
2616,30,0.18787966666666664,0.4992796666666666,0.7045236666666665,21.98057,1364.8417670697347
2617,30,0.1764,0.48112900000000003,0.6826749999999999,21.29408,1408.8422697763885
2618,30,0.175674,0.480825,0.686246,21.42818,1400.0255738004814
2619,30,0.176173,0.48035600000000006,0.6817413333333333,21.26214,1410.9586335147826
2620,30,0.18133466666666667,0.4945300000000001,0.7011173333333335,21.85999,1372.3702526853856
2621,30,0.17729033333333338,0.48290000000000005,0.6847139999999999,21.36006,1404.4904368246157
2622,30,0.17635533333333334,0.48077300000000006,0.6820413333333332,21.27253,1410.2694883965376
2623,30,0.17541133333333336,0.4800716666666667,0.6812999999999999,21.25019,1411.7520831578447
2624,30,0.174999,0.4798593333333333,0.6823783333333335,21.3109,1407.7303164108507
2625,30,0.18272366666666667,0.49376533333333333,0.6986286666666665,21.80898,1375.5801509286543
2626,30,0.17643900000000004,0.4819466666666666,0.6838760000000002,21.33298,1406.2732914013886
2627,30,0.1756143333333333,0.48034033333333337,0.6818073333333333,21.26525,1410.7522836552591
2628,30,0.17591766666666667,0.4803413333333333,0.6824323333333332,21.28579,1409.3909598845053
2629,30,0.17950033333333337,0.4866830000000001,0.6892523333333334,21.51189,1394.5776033626055
2630,30,0.3231339999999999,0.6351333333333332,0.8411986666666665,26.08185,1150.2251565743995
2631,30,0.17754033333333338,0.482324,0.6838893333333332,21.32935,1406.512622278691
2632,30,0.17682766666666663,0.4819563333333334,0.6834886666666666,21.33623,1406.059083540063
2633,30,0.17715533333333336,0.4824003333333333,0.6836483333333334,21.32147,1407.0324419470141
2634,30,0.18668200000000004,0.5011636666666667,0.707353,22.05368,1360.3171896935116
2635,30,0.17704466666666668,0.48343233333333335,0.6851726666666668,21.39926,1401.9176364042496
2636,30,0.177649,0.4834023333333334,0.6852936666666667,21.39012,1402.5166759232768
2637,30,0.1771603333333333,0.4825106666666667,0.68465,21.35234,1404.998234385552
2638,30,0.18250633333333338,0.495797,0.7015069999999999,21.86828,1371.8500037497233
2639,30,0.17989766666666668,0.48661266666666675,0.689565,21.5123,1394.5510242977273
2640,30,0.17799800000000002,0.48289333333333334,0.6857286666666668,21.39056,1402.4878264056667
2641,30,0.17771299999999998,0.4822786666666667,0.6838416666666666,21.36891,1403.9087627773245
2642,30,0.1778813333333333,0.48365033333333335,0.685335,21.37279,1403.6538982510006
2643,30,0.1853886666666667,0.4979483333333333,0.7037609999999999,21.93775,1367.5057834098757
2644,30,0.17723466666666668,0.4835983333333333,0.6852649999999999,21.37524,1403.4930134117792
2645,30,0.17776266666666668,0.4825736666666668,0.6844430000000001,21.34642,1405.387882370908
2646,30,0.17765599999999998,0.4824273333333334,0.6841636666666667,21.33552,1406.1058741478998
2647,30,0.17876499999999998,0.4855023333333332,0.6880303333333334,21.47956,1396.676654456609
2648,30,0.18491333333333332,0.498012,0.7043943333333335,21.96379,1365.8844853278965
2649,30,0.1772813333333333,0.48309066666666667,0.6846593333333334,21.35477,1404.8383569572513
2650,30,0.1785993333333333,0.48330833333333334,0.6849413333333333,21.37293,1403.6447038379858
2651,30,0.17788933333333334,0.48256899999999997,0.683912,21.32761,1406.6273717495772
2652,30,0.1856946666666667,0.49877133333333323,0.704545,21.98597,1364.5065466749932
2653,30,0.1772736666666667,0.4832356666666667,0.6850623333333333,21.36878,1403.9173036551454
2654,30,0.17762866666666666,0.48295066666666664,0.6850649999999999,21.3616,1404.3891843307617
2655,30,0.17800766666666668,0.4832933333333333,0.6848916666666667,21.35627,1404.7396853476755
2656,30,0.17704799999999998,0.48233600000000004,0.6838820000000002,21.32642,1406.7058606179567
2657,30,0.18450566666666665,0.49678266666666665,0.703065,21.91899,1368.6762026899962
2658,30,0.17693099999999998,0.4838566666666667,0.6865720000000001,21.42572,1400.1863181260653
2659,30,0.17828666666666668,0.4834343333333334,0.6850876666666667,21.37788,1403.319693065917
2660,30,0.1775263333333333,0.4828083333333334,0.6842106666666667,21.34016,1405.8001439539348
2661,30,0.18440466666666666,0.49590433333333334,0.7019956666666668,21.8895,1370.5201123826494
2662,30,0.17850699999999994,0.4828726666666667,0.6850316666666666,21.36807,1403.9639518215731
2663,30,0.17826233333333333,0.48263500000000004,0.686196,21.40027,1401.85147196741
2664,30,0.17713833333333331,0.481912,0.6886403333333334,21.49317,1395.7922446991302
2665,30,0.17741033333333334,0.4820033333333333,0.6840283333333335,21.33288,1406.2798834475234
2666,30,0.18474833333333338,0.4957586666666666,0.7023323333333332,21.91304,1369.0478363567993
2667,30,0.177918,0.48222400000000004,0.6842496666666668,21.34345,1405.5834459752289
2668,30,0.17761733333333335,0.48259533333333327,0.6846643333333333,21.35413,1404.8804610630357
2669,30,0.17867433333333335,0.48383799999999993,0.6858190000000001,21.39833,1401.9785656170366
2670,30,0.18382300000000001,0.49462733333333325,0.7014416666666665,21.87527,1371.411644290562
2671,30,0.17736766666666662,0.4823409999999999,0.6839623333333334,21.3517,1405.040348075329
2672,30,0.1781083333333333,0.48242966666666665,0.6845106666666667,21.34978,1405.1667042939084
2673,30,0.17813799999999996,0.482755,0.6844239999999999,21.3438,1405.560396930256
2674,30,0.17846133333333336,0.4825886666666667,0.6843673333333332,21.35713,1404.6831198761258
2675,30,0.18547866666666663,0.4998693333333334,0.7061,22.04815,1360.658377233464
2676,30,0.17738699999999996,0.4828053333333333,0.6853270000000001,21.37904,1403.243550692641
2677,30,0.17685833333333337,0.4831333333333333,0.6847856666666666,21.35751,1404.6581272816916
2678,30,0.17778766666666665,0.4821233333333333,0.6842513333333335,21.33797,1405.944426765995
2679,30,0.184796,0.5010746666666667,0.7075200000000001,22.05273,1360.375790208287
2680,30,0.17861099999999996,0.4848336666666667,0.6869386666666666,21.44127,1399.170851353488
2681,30,0.17702933333333332,0.48202500000000004,0.6840676666666666,21.35337,1404.9304629667354
2682,30,0.176708,0.4828836666666667,0.6856516666666667,21.38633,1402.765224327877
2683,30,0.17736233333333332,0.4827576666666667,0.6849823333333335,21.35928,1404.5417261255996
2684,30,0.18362066666666665,0.49542933333333333,0.701311,21.87311,1371.5470730956868
2685,30,0.17794066666666666,0.483273,0.685096,21.37144,1403.7425648435483
2686,30,0.17801199999999995,0.48280033333333333,0.6853956666666668,21.4006,1401.8298552377037
2687,30,0.17776766666666663,0.4828156666666666,0.6851446666666666,21.36819,1403.9560674067388
2688,30,0.18212033333333336,0.49611,0.7001996666666667,21.83077,1374.2071397390014
2689,30,0.1806703333333333,0.49162900000000004,0.6955016666666667,21.69485,1382.8166592532327
2690,30,0.17682099999999998,0.48308333333333325,0.6845683333333332,21.3514,1405.0600897365043
2691,30,0.17680900000000002,0.48240500000000003,0.684116,21.37344,1403.611210923464
2692,30,0.177047,0.4833100000000001,0.6851010000000002,21.38453,1402.883299282238
2693,30,0.184924,0.496243,0.7035266666666665,21.93951,1367.3960813163103
2694,30,0.177374,0.48277600000000004,0.6849326666666669,21.39205,1402.3901402623871
2695,30,0.17740133333333338,0.4831026666666666,0.6846183333333334,21.36897,1403.9048208687643
2696,30,0.17669499999999996,0.481943,0.6854330000000001,21.37973,1403.1982630276434
2697,30,0.17761633333333332,0.48347666666666667,0.6862363333333333,21.40413,1401.5986634355145
2698,30,0.184544,0.49762566666666663,0.7031483333333334,21.9642,1365.8589887180049
2699,30,0.17688366666666663,0.48293099999999994,0.6845019999999999,21.36491,1404.1716066203883
2700,30,0.17723600000000006,0.4830433333333334,0.6846146666666666,21.35365,1404.9120407986459
2701,30,0.17798466666666668,0.48672066666666663,0.6887770000000001,21.48538,1396.298320066948
2702,30,0.183937,0.494459,0.7012713333333335,21.87213,1371.608526467244
2703,30,0.17745533333333333,0.48339433333333326,0.6850516666666665,21.40816,1401.334818125425
2704,30,0.17768733333333336,0.48258500000000004,0.6845083333333333,21.36866,1403.9251876346013
2705,30,0.17762800000000004,0.48324700000000004,0.6853039999999999,21.37284,1403.650614518239
2706,30,0.17687699999999998,0.4831149999999999,0.6847036666666668,21.35685,1404.7015360411297
2707,30,0.18893833333333332,0.5057253333333332,0.7126183333333332,22.22969,1349.546484903748
2708,30,0.17734966666666668,0.4823829999999999,0.6849459999999999,21.3702,1403.8240166212763
2709,30,0.17833966666666662,0.4876623333333333,0.6899266666666666,21.54255,1392.5927989026368
2710,30,0.17658133333333334,0.482533,0.6841923333333332,21.33992,1405.8159543241024
2711,30,0.18558033333333335,0.498926,0.7100076666666665,22.12451,1355.962233739866
2712,30,0.17779833333333334,0.4840933333333333,0.6859630000000002,21.39807,1401.9956005378053
2713,30,0.17776166666666665,0.482946,0.6846826666666667,21.35263,1404.9791524510094
2714,30,0.17812766666666668,0.4824366666666666,0.6846796666666666,21.35546,1404.7929662952706
2715,30,0.176621,0.48131133333333337,0.6848106666666667,21.37396,1403.577062930781
2716,30,0.18607766666666664,0.4971763333333333,0.7036323333333333,21.93893,1367.4322311981487
2717,30,0.1780226666666667,0.4829886666666667,0.6847540000000001,21.36254,1404.3273880353179
2718,30,0.17674066666666668,0.4815116666666667,0.68328,21.32721,1406.6537535852087
2719,30,0.17675633333333335,0.4829896666666667,0.6847349999999999,21.35569,1404.7778367264182
2720,30,0.18513333333333332,0.49626700000000007,0.7034506666666667,21.96256,1365.9609808692612
2721,30,0.178124,0.4845290000000001,0.6862736666666667,21.40917,1401.2687086888468
2722,30,0.1770523333333333,0.48351399999999994,0.6855536666666667,21.38504,1402.8498426937708
2723,30,0.1772183333333333,0.48264866666666667,0.6841940000000002,21.35489,1404.830462718375
2724,30,0.17817233333333332,0.4830013333333333,0.6848633333333335,21.36034,1404.4720261943396
2725,30,0.18500133333333332,0.4983070000000001,0.7045629999999999,21.98172,1364.7703637385973
2726,30,0.17838600000000002,0.4834820000000001,0.6851849999999999,21.4121,1401.0769611574765
2727,30,0.17734866666666668,0.4828223333333333,0.6844693333333333,21.34667,1405.3714232711704
2728,30,0.178078,0.48357866666666666,0.6854866666666667,21.38186,1403.058480412836
2729,30,0.18293966666666664,0.4970916666666666,0.7022233333333332,21.88964,1370.5113469202784
2730,30,0.18155666666666667,0.488294,0.6920066666666665,21.58721,1389.7117784095306
2731,30,0.17787466666666668,0.4830023333333333,0.6855566666666667,21.37967,1403.2022009694256
2732,30,0.17726466666666665,0.4824339999999999,0.6841053333333331,21.37657,1403.4056913714408
2733,30,0.17728599999999997,0.4828353333333333,0.6849060000000001,21.3759,1403.4496793117482
2734,30,0.18488566666666667,0.4960076666666667,0.7043416666666666,21.96259,1365.9591150224085
2735,30,0.17846566666666666,0.483617,0.6858613333333332,21.39312,1402.3199982050303
2736,30,0.17739466666666667,0.48194166666666677,0.6838186666666668,21.34526,1405.464257638464
2737,30,0.17755700000000002,0.4827086666666667,0.6851053333333331,21.38902,1402.5888049101827
2738,30,0.18180899999999997,0.488786,0.6934699999999999,21.62525,1387.2671992231305
2739,30,0.18251566666666666,0.49229033333333333,0.6975683333333333,21.77194,1377.9203874344685
2740,30,0.17739566666666665,0.4830960000000001,0.6855759999999999,21.3842,1402.9049485133885
2741,30,0.17696699999999999,0.4828793333333334,0.6862573333333334,21.4026,1401.6988590171286
2742,30,0.177485,0.4830350000000001,0.685916,21.39254,1402.358018262441
2743,30,0.18517933333333328,0.507079,0.7133190000000001,22.2278,1349.6612350300074
2744,30,0.1769203333333333,0.48284733333333335,0.6855950000000001,21.40988,1401.222239452066
2745,30,0.17746833333333328,0.48317833333333327,0.6856193333333332,21.38038,1403.1556034083585
2746,30,0.17726433333333333,0.48226933333333327,0.6847546666666666,21.35768,1404.6469466721105
2747,30,0.177896,0.48364433333333323,0.6886116666666666,21.47119,1397.221113501394
2748,30,0.18489166666666665,0.5004803333333334,0.7059113333333334,22.0097,1363.0353889421483
2749,30,0.17770666666666665,0.4840723333333334,0.6858709999999999,21.41782,1400.7027792744545
2750,30,0.17720433333333335,0.4830069999999999,0.6846603333333332,21.35372,1404.9074353321107
2751,30,0.17769266666666667,0.48327533333333333,0.6849203333333335,21.35967,1404.5160810068694
2752,30,0.18481033333333333,0.49481266666666673,0.7017143333333332,21.88249,1370.9591550138946
2753,30,0.1774853333333333,0.48548199999999997,0.687539,21.44431,1398.9725013301895
2754,30,0.17757933333333334,0.48402533333333325,0.6858876666666667,21.42339,1400.3386018739332
2755,30,0.1780496666666667,0.4843236666666666,0.6864903333333334,21.41067,1401.1705378673344
2756,30,0.17751266666666668,0.4828016666666667,0.6842976666666666,21.34457,1405.509691692079
2757,30,0.18652299999999997,0.502541,0.708767,22.12432,1355.9738785192042
2758,30,0.1782693333333333,0.4828493333333334,0.6847819999999999,21.36145,1404.3990459449149
2759,30,0.17884866666666666,0.4841356666666666,0.6863346666666668,21.40455,1401.5711612717855
2760,30,0.17702866666666667,0.48267033333333326,0.6841419999999999,21.35162,1405.045612464066
2761,30,0.1848256666666667,0.4962096666666666,0.7031683333333334,21.96562,1365.7706907430793
2762,30,0.177694,0.484211,0.68648,21.42579,1400.181743590318
2763,30,0.17777466666666666,0.4836516666666667,0.6861720000000001,21.40188,1401.7460148360797
2764,30,0.1775243333333334,0.4822363333333333,0.6844503333333333,21.3477,1405.3036158462035
2765,30,0.17775166666666664,0.4835866666666666,0.6866346666666667,21.41519,1400.874799616534
2766,30,0.18501766666666666,0.4956256666666666,0.7032293333333334,21.95528,1366.4139104579854
2767,30,0.17766266666666666,0.4827076666666667,0.6862613333333332,21.40609,1401.4703292380814
2768,30,0.17763866666666667,0.48246166666666673,0.6849249999999998,21.36668,1404.0552860809448
2769,30,0.17790033333333327,0.482666,0.6855753333333335,21.37573,1403.4608408695283
2770,30,0.18603366666666662,0.506436,0.7120526666666667,22.19204,1351.836063741774
2771,30,0.17828100000000002,0.48438000000000003,0.6862486666666666,21.45388,1398.3484572487587
2772,30,0.17784866666666665,0.4829306666666666,0.6852313333333335,21.37294,1403.6440470988082
2773,30,0.17870633333333333,0.4839163333333333,0.6863866666666668,21.40633,1401.4546164615792
2774,30,0.17709499999999997,0.482346,0.6842916666666667,21.34405,1405.5439337895104
2775,30,0.18737700000000002,0.4988876666666666,0.7062136666666667,22.01871,1362.4776383357607
2776,30,0.17785533333333334,0.4824936666666667,0.6855796666666668,21.38778,1402.6701228458494
2777,30,0.1779563333333333,0.48303899999999994,0.6858963333333333,21.38877,1402.6051988964302
2778,30,0.17819800000000002,0.4836166666666667,0.6859556666666666,21.41782,1400.7027792744545
2779,30,0.18336466666666673,0.49370500000000006,0.6986226666666667,21.78012,1377.4028793229788
2780,30,0.181548,0.49126533333333344,0.6955573333333334,21.6977,1382.6350258322311
2781,30,0.17741066666666663,0.48396,0.6856306666666667,21.40315,1401.6628393484136
2782,30,0.1779126666666667,0.483047,0.6846413333333333,21.36804,1403.9659229391184
2783,30,0.1780223333333333,0.48362266666666665,0.6851876666666665,21.39205,1402.3901402623871
2784,30,0.18574266666666667,0.498108,0.7040989999999999,21.95655,1366.3348750145174
2785,30,0.17825433333333332,0.4841,0.6856809999999999,21.39014,1402.515364555819
2786,30,0.1774236666666667,0.4843546666666667,0.6864826666666666,21.41131,1401.128655836565
2787,30,0.179258,0.48406899999999997,0.6855143333333334,21.39714,1402.0565365277791
2788,30,0.18271699999999996,0.4965406666666666,0.7010096666666665,21.87281,1371.5658847674351
2789,30,0.18165566666666663,0.49117299999999997,0.6954696666666667,21.69248,1382.9677381286049
2790,30,0.17769000000000004,0.4846526666666666,0.6867676666666666,21.42132,1400.4739203746547
2791,30,0.1784193333333333,0.48469033333333333,0.6866633333333334,21.4279,1400.0438680411987
2792,30,0.17913933333333334,0.4838913333333333,0.6865886666666666,21.41324,1401.0023704960108
2793,30,0.185597,0.49887733333333334,0.7064766666666666,22.02554,1362.055141440346
2794,30,0.177889,0.48304800000000003,0.6850146666666668,21.3867,1402.7409558276872
2795,30,0.17840800000000004,0.48292,0.685203,21.40485,1401.5515175299056
2796,30,0.17821766666666666,0.48331199999999996,0.6864263333333335,21.40765,1401.3682024883628
2797,30,0.1786036666666667,0.48492899999999994,0.687929,21.45741,1398.1184122408063
2798,30,0.18518733333333331,0.4977716666666667,0.7040246666666666,21.96144,1366.0306427993794
2799,30,0.17797833333333338,0.4829703333333334,0.684931,21.38033,1403.1588848254448
2800,30,0.17809966666666668,0.48418100000000003,0.6870806666666669,21.45793,1398.0845309869126
2801,30,0.17799066666666666,0.48320700000000005,0.6852726666666668,21.37237,1403.6814822127822
2802,30,0.18566899999999997,0.4970233333333333,0.7034856666666668,21.93711,1367.5456794445577
2803,30,0.17763166666666666,0.48317533333333335,0.6850946666666666,21.37262,1403.6650630573135
2804,30,0.1772916666666667,0.482248,0.6887883333333332,21.48335,1396.4302587818008
2805,30,0.17794733333333335,0.4829013333333334,0.684938,21.36073,1404.4463836207844
2806,30,0.17774666666666666,0.48294999999999993,0.6845453333333332,21.39529,1402.1777690323431
2807,30,0.18552966666666665,0.49846166666666664,0.704803,21.9754,1365.1628639296669
2808,30,0.17720033333333335,0.4822376666666667,0.6844856666666667,21.35487,1404.8317784186931
2809,30,0.17771933333333337,0.48335666666666666,0.685443,21.37819,1403.2993438640035
2810,30,0.17791433333333334,0.4827403333333333,0.6846873333333333,21.37056,1403.8003683572167
2811,30,0.18838199999999997,0.5003136666666668,0.7064613333333333,22.02079,1362.348943884393
2812,30,0.17769800000000002,0.4827679999999999,0.6851433333333332,21.3988,1401.9477727723051
2813,30,0.17731033333333332,0.4820993333333332,0.6841693333333333,21.33997,1405.8126604676577
2814,30,0.176593,0.482603,0.684951,21.36358,1404.2590240025313
2815,30,0.177505,0.48346900000000004,0.685143,21.38817,1402.6445460270793
2816,30,0.18510933333333332,0.49792466666666674,0.7044743333333334,21.96705,1365.6817824878626
2817,30,0.17769733333333335,0.4829653333333333,0.6854716666666666,21.42401,1400.2980767839447
2818,30,0.17768433333333336,0.48622199999999993,0.6882339999999999,21.46581,1397.5713005938283
2819,30,0.17904133333333333,0.4836556666666667,0.6855056666666667,21.39279,1402.341630053864
2820,30,0.18516466666666667,0.495515,0.7028706666666668,21.91633,1368.84231985921
2821,30,0.17843199999999998,0.48413400000000006,0.6860996666666667,21.40827,1401.3276177850896
2822,30,0.17820833333333336,0.48324266666666665,0.6855583333333333,21.39196,1402.3960403815265
2823,30,0.17776733333333333,0.48259100000000005,0.6842460000000001,21.4036,1401.6333700872751
2824,30,0.1777986666666667,0.48275433333333334,0.6851290000000001,21.37452,1403.5402900275656
2825,30,0.18557900000000002,0.49910766666666667,0.7055299999999999,22.00197,1363.514267131534
2826,30,0.17785833333333334,0.4831903333333333,0.685178,21.39348,1402.296400585599
2827,30,0.17791899999999997,0.48297533333333326,0.6848253333333333,21.37729,1403.3584238226642
2828,30,0.17756466666666665,0.4836496666666667,0.6857006666666668,21.38725,1402.7048825819122
2829,30,0.18331533333333333,0.495325,0.7028003333333331,21.94401,1367.1156730242103
2830,30,0.18082399999999998,0.4874253333333333,0.6895386666666667,21.5341,1393.1392535559878
2831,30,0.1774956666666667,0.4840256666666667,0.6859306666666666,21.40724,1401.3950420511937
2832,30,0.17800099999999996,0.483339,0.6849123333333332,21.3648,1404.1788362165805
2833,30,0.17765366666666665,0.48368700000000003,0.685148,21.36935,1403.8798559619268
2834,30,0.1856223333333333,0.49745133333333325,0.7038719999999999,21.99346,1364.0418560790345
2835,30,0.17839899999999995,0.4841193333333333,0.6861520000000001,21.40377,1401.6222375777725
2836,30,0.17820066666666662,0.4835976666666666,0.685563,21.38708,1402.716032296134
2837,30,0.17770966666666663,0.4828016666666667,0.6843956666666666,21.36187,1404.3714337742902
2838,30,0.181329,0.48892266666666667,0.6954903333333334,21.68748,1383.2865782469887
2839,30,0.18198699999999998,0.4921,0.6959026666666668,21.70489,1382.177011724086
2840,30,0.1778856666666667,0.48330466666666666,0.6859796666666667,21.41671,1400.775375863053
2841,30,0.17760266666666666,0.4832663333333333,0.68572,21.3872,1402.7081618912248
2842,30,0.17726966666666666,0.48331366666666664,0.6860856666666666,21.39761,1402.0257402579073
2843,30,0.18605433333333335,0.4997496666666666,0.7072856666666666,22.05319,1360.3474145917212
2844,30,0.17880066666666664,0.48455600000000004,0.6871733333333334,21.43918,1399.307249624286
2845,30,0.17691866666666664,0.48400666666666664,0.6861916666666666,21.40446,1401.5770545017253
2846,30,0.17812799999999998,0.48450133333333334,0.6867453333333334,21.44042,1399.2263211261718
2847,30,0.178525,0.48524999999999996,0.68793,21.47058,1397.2608099082559
2848,30,0.18657099999999996,0.4971916666666667,0.7023056666666665,21.91759,1368.7636277528688
2849,30,0.178476,0.48368966666666663,0.6859463333333333,21.39331,1402.307543806919
2850,30,0.17719800000000002,0.48307266666666676,0.6854100000000002,21.3743,1403.5547362954578
2851,30,0.17802333333333334,0.48373733333333335,0.6854543333333333,21.39742,1402.0381896509018
2852,30,0.18433466666666667,0.4974966666666666,0.7043886666666667,21.96616,1365.7371156360512
2853,30,0.17769266666666667,0.48275466666666667,0.6846813333333335,21.35676,1404.7074556252915
2854,30,0.17974866666666672,0.5029353333333334,0.7083863333333333,22.09023,1358.0664393263448
2855,30,0.176323,0.4813673333333333,0.6839429999999997,21.33736,1405.984620402899
2856,30,0.178601,0.4837433333333333,0.686014,21.39857,1401.9628414422086
2857,30,0.18632433333333331,0.49781633333333336,0.70554,22.0294,1361.8164816109381
2858,30,0.17907666666666666,0.483421,0.6856399999999999,21.40005,1401.8658834909263
2859,30,0.177879,0.48272933333333334,0.685141,21.36832,1403.947526057266
2860,30,0.17789233333333335,0.48280600000000007,0.6848556666666668,21.35889,1404.5673721808578
2861,30,0.1852356666666667,0.49798066666666674,0.704663,21.98472,1364.5841293407423
2862,30,0.17848066666666668,0.483671,0.6859043333333333,21.39735,1402.0427763251057
2863,30,0.17832366666666663,0.4828063333333334,0.6851843333333333,21.38838,1402.63077428024
2864,30,0.17818199999999998,0.4832066666666666,0.6855323333333332,21.37817,1403.3006566979307
2865,30,0.17799166666666666,0.4830536666666667,0.6846826666666667,21.36717,1404.023087755655
2866,30,0.1843496666666667,0.4977616666666666,0.7053356666666666,21.99488,1363.9537928827071
2867,30,0.17833033333333334,0.4828733333333333,0.6850870000000001,21.37013,1403.8286149873677
2868,30,0.17809599999999998,0.4833603333333334,0.6855600000000001,21.40498,1401.5430054127592
2869,30,0.17848833333333328,0.483124,0.6846323333333332,21.3692,1403.889710424349
2870,30,0.18494966666666668,0.4970276666666666,0.7039083333333334,21.94667,1366.949974643078
2871,30,0.177703,0.48330866666666666,0.6856199999999998,21.42398,1400.3000376213945
2872,30,0.17826599999999998,0.48340266666666665,0.6853963333333335,21.37911,1403.2389561586053
2873,30,0.17887100000000003,0.4836733333333333,0.6859066666666667,21.39383,1402.27345921698
2874,30,0.17842733333333333,0.48311766666666667,0.686049,21.42687,1400.1111688268047
2875,30,0.18493700000000002,0.5018286666666667,0.708409,22.10223,1357.329102086079
2876,30,0.17773699999999998,0.4845383333333334,0.6863689999999998,21.41386,1400.9618069792182
2877,30,0.17790233333333333,0.483455,0.6852223333333332,21.37381,1403.586913142767
2878,30,0.17773500000000003,0.483326,0.6848583333333332,21.37606,1403.4391744783652
2879,30,0.1862023333333333,0.4977526666666667,0.7043813333333333,21.95816,1366.2346936173158
2880,30,0.1776936666666667,0.48429599999999995,0.686971,21.45535,1398.2526502713774
2881,30,0.1773733333333333,0.482129,0.6838716666666668,21.3619,1404.369461517936
2882,30,0.178107,0.48435999999999996,0.685996,21.39763,1402.0244298083478
2883,30,0.17776333333333336,0.48414700000000005,0.6857233333333335,21.387,1402.7212792818068
2884,30,0.18593966666666661,0.4976649999999999,0.7044876666666668,21.96826,1365.6065614664064
2885,30,0.17861666666666667,0.48514199999999996,0.6871523333333333,21.45359,1398.3673594955435
2886,30,0.17785733333333334,0.4837743333333334,0.6858483333333332,21.40592,1401.481459334614
2887,30,0.177966,0.4836560000000001,0.685235,21.36819,1403.9560674067388
2888,30,0.18376266666666666,0.49478033333333327,0.6998913333333334,21.82571,1374.5257313507784
2889,30,0.1817696666666667,0.49058233333333334,0.694049,21.64797,1385.8112331086934
2890,30,0.17755166666666664,0.48255433333333325,0.6864053333333333,21.4289,1399.9785336624839
2891,30,0.17870333333333335,0.4880466666666666,0.6900986666666665,21.54539,1392.4092346436987
2892,30,0.177893,0.48397733333333337,0.6856556666666668,21.38519,1402.8400028243846
2893,30,0.18577733333333332,0.5004063333333334,0.7069790000000001,22.04304,1360.973803976221
2894,30,0.17806,0.484138,0.687553,21.44778,1398.7461639386454
2895,30,0.17815533333333333,0.4849236666666667,0.6871329999999999,21.4274,1400.0765375173844
2896,30,0.17935766666666667,0.484594,0.6873496666666666,21.45214,1398.4618783953488
2897,30,0.18616399999999997,0.4984213333333333,0.7027599999999999,21.94273,1367.1954219005565
2898,30,0.1820766666666667,0.4906686666666667,0.6944146666666667,21.68374,1383.5251667839589
2899,30,0.17740233333333336,0.48307133333333324,0.6854656666666669,21.37908,1403.2409252409363
2900,30,0.17835933333333331,0.485887,0.6877499999999999,21.44601,1398.8616064246914
2901,30,0.17827533333333329,0.4839926666666667,0.6858636666666665,21.38605,1402.7835902375614
2902,30,0.1849096666666666,0.4966763333333333,0.7039846666666667,21.94764,1366.8895607910463
2903,30,0.17863199999999996,0.4835573333333333,0.685307,21.41208,1401.0782698364662
2904,30,0.17742166666666664,0.4837173333333333,0.6862716666666665,21.41876,1400.6413069664166
2905,30,0.17874199999999998,0.48358666666666666,0.6855716666666668,21.3955,1402.1640064499543
2906,30,0.17896499999999999,0.48606366666666667,0.6883373333333332,21.46857,1397.3916287857087
2907,30,0.18468466666666666,0.49959466666666663,0.7059226666666666,22.02243,1362.2474903995608
2908,30,0.178153,0.4837546666666667,0.6864603333333332,21.43843,1399.3562028562726
2909,30,0.17804633333333336,0.48413533333333336,0.6869253333333334,21.4206,1400.520993809697
2910,30,0.178741,0.48463066666666665,0.6864486666666667,21.42259,1400.3908957787085
2911,30,0.18678266666666668,0.49744333333333335,0.7049293333333331,21.98158,1364.7790559186374
2912,30,0.17853533333333335,0.4839156666666667,0.6862723333333334,21.40601,1401.4755669085457
2913,30,0.17801666666666666,0.483237,0.6851989999999998,21.36999,1403.837811809926
2914,30,0.178262,0.4858460000000001,0.6878503333333333,21.46575,1397.5752070158276
2915,30,0.179028,0.4834586666666666,0.6857746666666668,21.38606,1402.7829343039346
2916,30,0.1870756666666667,0.4986953333333334,0.7052856666666666,21.99052,1364.2242202549098
2917,30,0.17814933333333335,0.48384133333333335,0.6858673333333335,21.39335,1402.3049218565584
2918,30,0.17783000000000002,0.48297433333333334,0.6845513333333334,21.38194,1403.053230904212
2919,30,0.178767,0.4835283333333334,0.685703,21.38578,1402.801300677366
2920,30,0.185238,0.49801400000000007,0.7043546666666666,21.98212,1364.7455295485604
2921,30,0.17836533333333335,0.4838063333333334,0.6851813333333335,21.37076,1403.7872307770056
2922,30,0.17824533333333337,0.4832673333333332,0.6853156666666667,21.3757,1403.4628105746244
2923,30,0.17771699999999996,0.48286633333333334,0.6863206666666667,21.40097,1401.8056190910975
2924,30,0.17836566666666664,0.48345333333333335,0.685678,21.38557,1402.8150757730564
2925,30,0.18589966666666669,0.49982433333333337,0.7058953333333334,22.02867,1361.8616103468798
2926,30,0.17841500000000005,0.4838696666666667,0.686255,21.40766,1401.3675478777225
2927,30,0.17770766666666665,0.48359766666666665,0.6860846666666667,21.39755,1402.0296716212836
2928,30,0.1776053333333333,0.48396466666666665,0.6866836666666666,21.41874,1400.6426148316848
2929,30,0.18704366666666672,0.497833,0.7041183333333334,21.96996,1365.500893037584
2930,30,0.178214,0.48395266666666664,0.685748,21.39846,1401.9700483118877
2931,30,0.178901,0.483513,0.6851873333333335,21.41067,1401.1705378673344
2932,30,0.17780500000000002,0.48287866666666657,0.6855150000000002,21.3816,1403.075541587159
2933,30,0.17844933333333338,0.482936,0.6857460000000001,21.38813,1402.6471692476152
2934,30,0.18713966666666665,0.49938533333333335,0.7063640000000001,22.04397,1360.9163866581202
2935,30,0.1784363333333333,0.484012,0.6855226666666666,21.40213,1401.7296409282628
2936,30,0.17792299999999994,0.4842089999999999,0.6861246666666668,21.41798,1400.6923155218185
2937,30,0.17734866666666665,0.4835953333333333,0.6857433333333334,21.4139,1400.9591900587936
2938,30,0.18528533333333336,0.4975566666666667,0.7037840000000001,21.94189,1367.2477621572255
2939,30,0.17851033333333335,0.48399899999999996,0.6863453333333334,21.41069,1401.1692290159729
2940,30,0.17819100000000002,0.48328666666666653,0.6855003333333335,21.37993,1403.1851367146667
2941,30,0.17758100000000004,0.483455,0.6852849999999999,21.37124,1403.7557015877412
2942,30,0.17769400000000005,0.4846789999999999,0.6870813333333332,21.44953,1398.632044618227
2943,30,0.18486566666666665,0.49794900000000003,0.704447,21.98326,1364.6747570651487
2944,30,0.17812933333333333,0.4830086666666667,0.6854603333333333,21.38734,1402.6989798637885
2945,30,0.17801933333333336,0.4830573333333333,0.6853393333333334,21.37764,1403.3354476920745
2946,30,0.1779076666666667,0.4840903333333333,0.6864973333333333,21.41178,1401.0979003146867
2947,30,0.1815443333333334,0.4915173333333334,0.6967640000000002,21.7267,1380.7895354563739
2948,30,0.18216166666666667,0.4912363333333333,0.6954443333333334,21.71443,1381.569767200889
2949,30,0.1776613333333333,0.483328,0.6849369999999999,21.36485,1404.1755500272643
2950,30,0.1779936666666666,0.48321966666666666,0.6854720000000001,21.38161,1403.0748853804741
2951,30,0.177162,0.48205466666666663,0.6843606666666667,21.35748,1404.6601003489175
2952,30,0.18522766666666668,0.49798833333333337,0.7039213333333333,21.94986,1366.7513141313884
2953,30,0.17792866666666668,0.483528,0.6852836666666666,21.40442,1401.5796737309397
2954,30,0.17887466666666663,0.483757,0.6854986666666666,21.43353,1399.6761149470012
2955,30,0.17862,0.483087,0.6849716666666665,21.37828,1403.293436141729
2956,30,0.18006599999999998,0.48634866666666665,0.6893736666666667,21.51848,1394.1505162074645
2957,30,0.18495166666666663,0.501055,0.7071196666666666,22.04906,1360.6022206842379
2958,30,0.17912666666666668,0.48439400000000005,0.6861883333333334,21.40115,1401.793828836301
2959,30,0.17858433333333332,0.4832403333333334,0.6849546666666666,21.39662,1402.0906105730717
2960,30,0.17813800000000002,0.48290466666666665,0.6848403333333333,21.37553,1403.4739723412706
2961,30,0.18453133333333335,0.49755966666666673,0.7040869999999999,21.95392,1366.498556977524
2962,30,0.17967733333333333,0.48516666666666663,0.6868003333333331,21.42631,1400.1477622605105
2963,30,0.178107,0.4823916666666667,0.6849120000000002,21.36112,1404.4207419835664
2964,30,0.17878433333333335,0.48355133333333344,0.6859956666666667,21.39575,1402.147622775551
2965,30,0.17768533333333336,0.48341933333333337,0.685825,21.4144,1400.9264793783623
2966,30,0.18514499999999998,0.4979556666666667,0.7058853333333333,22.01811,1362.5147662537793
2967,30,0.178414,0.48394666666666664,0.6867209999999999,21.44562,1398.887045466627
2968,30,0.17766433333333334,0.48276800000000003,0.6851006666666667,21.37608,1403.4378613852493
2969,30,0.178076,0.48387399999999997,0.6859126666666668,21.39227,1402.3757179579352
2970,30,0.184965,0.5014756666666667,0.7084700000000002,22.08863,1358.1648114889877
2971,30,0.1790756666666667,0.48450099999999996,0.6862033333333333,21.43427,1399.6277923157636
2972,30,0.17808766666666667,0.4831003333333333,0.6847960000000002,21.36426,1404.2143280413177
2973,30,0.17834633333333336,0.48254299999999994,0.684627,21.3689,1403.9094197642369
2974,30,0.178086,0.48290533333333335,0.6850366666666666,21.36712,1404.0263732313947
2975,30,0.1868356666666667,0.49879466666666666,0.7058760000000001,22.01338,1362.8075288756202
2976,30,0.178769,0.48466833333333337,0.6865519999999997,21.45036,1398.577925964879
2977,30,0.17725700000000003,0.48283366666666666,0.685341,21.3776,1403.3380734974926
2978,30,0.17804533333333333,0.48394166666666666,0.6857046666666666,21.40334,1401.6503966203406
2979,30,0.18915766666666664,0.5047743333333333,0.7118669999999999,22.18423,1352.3119801769094
2980,30,0.17808433333333326,0.4839070000000001,0.6857739999999999,21.41459,1400.9140497203075
2981,30,0.17954900000000004,0.48467033333333326,0.6878946666666667,21.45396,1398.3432429257814
2982,30,0.17778266666666667,0.48294933333333334,0.685185,21.39639,1402.1056823136987
2983,30,0.1776893333333333,0.483213,0.685531,21.38126,1403.0978529796655
2984,30,0.18528966666666666,0.5012126666666668,0.7086463333333332,22.09387,1357.842695734156
2985,30,0.17799233333333336,0.48453566666666664,0.6858783333333333,21.39451,1402.2288895609202
2986,30,0.17765800000000004,0.4840753333333333,0.6856693333333332,21.3824,1403.0230469919186
2987,30,0.1787493333333333,0.48422633333333326,0.685791,21.39044,1402.4956943382183
2988,30,0.18611933333333328,0.4981493333333334,0.7047266666666668,21.99003,1364.2546190250764
2989,30,0.17940533333333336,0.48513566666666663,0.6868850000000001,21.47512,1396.965418586718
2990,30,0.1779833333333333,0.4879386666666667,0.6896386666666667,21.50552,1394.9906814622477
2991,30,0.17770900000000003,0.4837173333333334,0.6859560000000001,21.39158,1402.42095254301
2992,30,0.17808300000000002,0.48329799999999995,0.68517,21.38513,1402.8439387555745
2993,30,0.18745166666666668,0.5044106666666666,0.7103026666666666,22.1798,1352.5820791891722
2994,30,0.17783433333333337,0.4834913333333334,0.6854726666666667,21.40088,1401.8115142928702
2995,30,0.178821,0.48372433333333337,0.6869849999999998,21.42705,1400.099407057901
2996,30,0.1776746666666667,0.48290700000000003,0.6848773333333333,21.37689,1403.384683178891
2997,30,0.182536,0.49533133333333335,0.7021000000000001,21.88936,1370.5288779571445
2998,30,0.1797213333333333,0.48748,0.6900943333333333,21.53536,1393.0577431721597
2999,30,0.1786126666666667,0.485076,0.6869863333333334,21.43932,1399.2981120669872
3000,30,0.178274,0.48304499999999995,0.6849773333333332,21.39837,1401.9759448967375
3001,30,0.177869,0.48287466666666673,0.685268,21.36988,1403.8450379693288
3002,30,0.1848876666666667,0.49617600000000006,0.7033323333333334,21.92967,1368.009641731955
3003,30,0.1774083333333333,0.4842156666666667,0.6865400000000002,21.42361,1400.3242217348056
3004,30,0.17793666666666663,0.48317233333333337,0.6847523333333334,21.36269,1404.3175274274915
3005,30,0.17794133333333334,0.48332300000000006,0.6857293333333332,21.40403,1401.6052117288193
3006,30,0.18183566666666665,0.48911600000000005,0.6936279999999999,21.63182,1386.84585947923
3007,30,0.18150266666666667,0.49086166666666664,0.6959843333333334,21.72171,1381.1067360718837
3008,30,0.17786799999999997,0.48380433333333334,0.6855740000000001,21.38121,1403.1011341266467
3009,30,0.17778266666666667,0.48278133333333345,0.6850446666666667,21.3642,1404.2182716881512
3010,30,0.178108,0.48349166666666665,0.6858903333333333,21.40887,1401.288344503937
3011,30,0.185034,0.49731033333333335,0.7040869999999999,21.95273,1366.5726312854938
3012,30,0.17739299999999997,0.48254899999999995,0.6842296666666667,21.38384,1402.9285666185306
3013,30,0.177862,0.4827813333333334,0.6852310000000001,21.38634,1402.7645684114252
3014,30,0.178343,0.4827269999999999,0.6848366666666666,21.36238,1404.337906169631
3015,30,0.17775666666666673,0.48297433333333334,0.6851603333333333,21.36933,1403.8811698822565
3016,30,0.18491233333333332,0.4960483333333333,0.7029969999999999,21.92246,1368.4595615638025
3017,30,0.17785233333333333,0.48314366666666675,0.6859326666666666,21.41997,1400.5621856613245
3018,30,0.177932,0.48252433333333333,0.6854809999999999,21.37697,1403.3794312290283
3019,30,0.179523,0.4843916666666666,0.6868316666666666,21.41717,1400.745289877234
3020,30,0.1848556666666666,0.49573733333333325,0.7021283333333334,21.94766,1366.8883152008004
3021,30,0.17785733333333334,0.4836726666666667,0.686001,21.40098,1401.8049640717388
3022,30,0.1786686666666667,0.48312399999999994,0.6853906666666668,21.39488,1402.2046396147114
3023,30,0.178478,0.483539,0.6859500000000001,21.39016,1402.514053190813
3024,30,0.17752366666666664,0.48242366666666664,0.6844896666666667,21.35135,1405.0633800673024
3025,30,0.18389333333333333,0.5018973333333333,0.7085543333333335,22.09127,1358.0025050619543
3026,30,0.17723766666666668,0.4829553333333333,0.6847006666666666,21.3757,1403.4628105746244
3027,30,0.17743599999999998,0.48474899999999993,0.6863183333333333,21.42621,1400.1542970035298
3028,30,0.17815799999999998,0.48321699999999995,0.6848356666666665,21.37771,1403.3308525562372
3029,30,0.18525866666666663,0.4999336666666666,0.7104993333333334,22.1428,1354.8422060444027
3030,30,0.17785099999999995,0.4832363333333333,0.6849836666666669,21.37231,1403.685422867252
3031,30,0.17826066666666668,0.48333799999999993,0.6855996666666666,21.39937,1401.9104300734086
3032,30,0.17813933333333334,0.4823423333333334,0.6843869999999999,21.34801,1405.283209067262
3033,30,0.178229,0.4829616666666666,0.6848820000000001,21.35897,1404.5621113752206
3034,30,0.186565,0.4969733333333333,0.7035023333333333,21.95822,1366.2309604330405
3035,30,0.17790766666666666,0.482508,0.684481,21.37428,1403.556049607285
3036,30,0.17644633333333334,0.48186899999999994,0.6832093333333333,21.32744,1406.6385839088048
3037,30,0.18278633333333336,0.48738033333333347,0.6896213333333333,21.50328,1395.135997857071
3038,30,0.18642100000000003,0.4981860000000001,0.7042076666666666,21.95644,1366.3417202424437
3039,30,0.17810666666666666,0.4838913333333334,0.6862183333333332,21.43556,1399.5435621929169
3040,30,0.1774093333333333,0.48230233333333333,0.6842239999999999,21.34509,1405.4754512630304
3041,30,0.17692966666666668,0.48198166666666664,0.6851656666666668,21.36844,1403.9396418269187
3042,30,0.17785033333333333,0.4835013333333333,0.685527,21.38131,1403.0945718480298
3043,30,0.1840886666666667,0.5010996666666668,0.7079643333333332,22.06866,1359.3938191081832
3044,30,0.17761466666666673,0.4829776666666667,0.6846583333333334,21.38396,1402.9206938284583
3045,30,0.17713833333333337,0.4837759999999999,0.6854653333333333,21.37921,1403.232392590746
3046,30,0.17702633333333337,0.48174966666666663,0.6838103333333335,21.32905,1406.5324053345087
3047,30,0.182495,0.4914173333333333,0.6958999999999999,21.69844,1382.5878726765611
3048,30,0.18162466666666668,0.4922976666666666,0.6970120000000001,21.7432,1379.7417123514479
3049,30,0.17773199999999997,0.4842,0.6861896666666668,21.39814,1401.9910141722598
3050,30,0.17716700000000002,0.4828313333333333,0.685826,21.39266,1402.3501518745213
3051,30,0.177992,0.4848116666666667,0.6866913333333335,21.43713,1399.4410632393424
3052,30,0.185549,0.49942499999999995,0.7051426666666667,21.98755,1364.4084948072887
3053,30,0.17787666666666666,0.483029,0.6852630000000001,21.37663,1403.4017522874278
3054,30,0.1779636666666666,0.48241266666666677,0.6847926666666666,21.36064,1404.45230105465
3055,30,0.17948233333333333,0.4857316666666666,0.6873796666666666,21.44831,1398.711600121408
3056,30,0.18131199999999997,0.4891143333333333,0.6933130000000001,21.65268,1385.5097844700979
3057,30,0.18253299999999995,0.492184,0.6966373333333333,21.72994,1380.5836555462188
3058,30,0.17779833333333334,0.4830576666666667,0.6849919999999999,21.36925,1403.88642558817
3059,30,0.177987,0.48368366666666673,0.6859656666666667,21.39319,1402.3154097168306
3060,30,0.17679033333333333,0.4829270000000001,0.6851099999999999,21.37038,1403.8121923896533
3061,30,0.18433400000000003,0.5011403333333333,0.7083686666666668,22.08323,1358.4969227780539
3062,30,0.17918666666666663,0.4840486666666667,0.6856960000000001,21.42271,1400.3830514440049
3063,30,0.17799799999999996,0.48451766666666674,0.6863043333333334,21.41967,1400.5818016804183
3064,30,0.177976,0.4828813333333334,0.6845823333333332,21.37367,1403.596106798692
3065,30,0.17781033333333338,0.483829,0.6856153333333335,21.38468,1402.8734589435053
3066,30,0.18488766666666667,0.49759100000000006,0.7038240000000001,21.9532,1366.5433740866936
3067,30,0.17844133333333329,0.483401,0.6857196666666666,21.39063,1402.4832368191119
3068,30,0.17828833333333335,0.48296399999999995,0.6850369999999999,21.40905,1401.2765629488465
3069,30,0.178479,0.48377233333333336,0.6855216666666667,21.39251,1402.3599848732104
3070,30,0.1856793333333333,0.496957,0.703404,21.94754,1366.8957887763274
3071,30,0.17865833333333334,0.48413000000000006,0.6866816666666667,21.42704,1400.1000604843225
3072,30,0.1778646666666667,0.48320233333333323,0.6855209999999999,21.38222,1403.034857933367
3073,30,0.1783323333333333,0.4880556666666667,0.6896570000000003,21.52204,1393.9199072206911
3074,30,0.17654933333333334,0.48309199999999997,0.6858976666666666,21.39088,1402.466845683768
3075,30,0.18496499999999996,0.49662800000000007,0.702812,21.93417,1367.728981766805
3076,30,0.17793999999999996,0.48299033333333335,0.6851433333333333,21.37183,1403.716948899556
3077,30,0.1775353333333333,0.4835546666666667,0.6853270000000001,21.38822,1402.6412670152074
3078,30,0.17759066666666665,0.4832566666666667,0.684945,21.36073,1404.4463836207844
3079,30,0.18703866666666663,0.49834933333333337,0.7058903333333333,22.0287,1361.85975568236
3080,30,0.17791866666666667,0.48373400000000005,0.68533,21.38179,1403.0630737651056
3081,30,0.17757566666666663,0.48334033333333326,0.6848816666666667,21.36264,1404.320814281381
3082,30,0.17780599999999996,0.4826513333333333,0.6845430000000001,21.36512,1404.1578048707424
3083,30,0.18149833333333334,0.48577999999999993,0.688381,21.4688,1397.3766582203011
3084,30,0.18615166666666663,0.5018416666666666,0.7080503333333332,22.09391,1357.8402374228915
3085,30,0.17855266666666664,0.4835956666666667,0.685585,21.42279,1400.3778219363585
3086,30,0.1773656666666667,0.4823933333333333,0.6843703333333334,21.346,1405.415534526375
3087,30,0.17812766666666666,0.48326366666666665,0.6855393333333334,21.37979,1403.1943251079642
3088,30,0.18470666666666666,0.496122,0.7025020000000001,21.90233,1369.7172857864894
3089,30,0.17810033333333333,0.48376266666666673,0.6865326666666665,21.41747,1400.7256692783974
3090,30,0.17816833333333337,0.4834823333333334,0.6857176666666668,21.41757,1400.7191292009318
3091,30,0.17810700000000004,0.4833536666666667,0.6856596666666668,21.3848,1402.8655867719128
3092,30,0.17764266666666664,0.4826566666666666,0.6847053333333334,21.35842,1404.5982802098658
3093,30,0.186746,0.49826000000000004,0.7057396666666667,22.01702,1362.582220482154
3094,30,0.17863033333333334,0.48444699999999996,0.6862290000000002,21.40773,1401.3629656203623
3095,30,0.177946,0.4843913333333333,0.6860556666666666,21.41167,1401.105098294528
3096,30,0.17809600000000003,0.4831710000000001,0.6849463333333335,21.3945,1402.2295449765127
3097,30,0.18719933333333336,0.5023206666666667,0.7075750000000001,22.05275,1360.3745564612123
3098,30,0.181486,0.48816433333333337,0.6913909999999999,21.57033,1390.799306269306
3099,30,0.1780776666666667,0.4838206666666667,0.686147,21.3977,1402.0198432541815
3100,30,0.17752833333333334,0.48228999999999994,0.6839053333333331,21.352,1405.0206069689023
3101,30,0.17770466666666665,0.483903,0.6854779999999999,21.38014,1403.1713543503458
3102,30,0.18369466666666667,0.49811366666666673,0.7056319999999998,22.02151,1362.3044014692907
3103,30,0.17833133333333331,0.4850506666666667,0.6868923333333332,21.45074,1398.553150147734
3104,30,0.17880200000000002,0.48353933333333343,0.6851726666666667,21.36986,1403.8463518244855
3105,30,0.17718066666666665,0.48321133333333327,0.6847096666666668,21.35552,1404.7890194198035
3106,30,0.1807173333333333,0.49478600000000006,0.6981493333333333,21.76951,1378.0741964334522
3107,30,0.1810143333333333,0.4919473333333334,0.6969933333333332,21.75428,1379.0389753188797
3108,30,0.177353,0.4825386666666666,0.6839483333333333,21.34949,1405.1857913233525
3109,30,0.177317,0.48257933333333347,0.6851226666666665,21.36555,1404.129544991821
3110,30,0.17822633333333335,0.48246100000000003,0.6845619999999999,21.3542,1404.8758558035422
3111,30,0.18574200000000002,0.5007743333333333,0.7079213333333333,22.06669,1359.515178760385
3112,30,0.17750033333333332,0.48347933333333326,0.6858476666666667,21.39656,1402.0945423002577
3113,30,0.17780833333333326,0.483025,0.686128,21.42305,1400.360826306245
3114,30,0.17733733333333335,0.48243299999999995,0.6846773333333335,21.3568,1404.704824692838
3115,30,0.17799433333333334,0.483686,0.6858496666666667,21.40454,1401.571816072665
3116,30,0.18399200000000002,0.49634799999999996,0.7046536666666666,21.97442,1365.223746519817
3117,30,0.17749033333333333,0.483089,0.68631,21.405,1401.5416958654519
3118,30,0.17773666666666668,0.4832023333333334,0.6858173333333332,21.39241,1402.3665402822776
3119,30,0.1776643333333333,0.48389366666666667,0.6855846666666665,21.40297,1401.6746273998422
3120,30,0.1862333333333333,0.497651,0.7042656666666667,21.9583,1366.2259828857425
3121,30,0.17880266666666664,0.48483400000000004,0.6865983333333335,21.41611,1400.8146203955807
3122,30,0.17853966666666665,0.4837310000000001,0.6854139999999999,21.37602,1403.441800671968
3123,30,0.17800600000000003,0.48359899999999995,0.6851383333333332,21.38214,1403.0401073045073
3124,30,0.17753666666666668,0.4837096666666667,0.6855373333333332,21.41225,1401.0671461429788
3125,30,0.18647499999999997,0.49757833333333334,0.7047279999999999,21.97294,1365.315701949762
3126,30,0.17757166666666666,0.48390933333333325,0.6855016666666667,21.38459,1402.8793631301794
3127,30,0.1785873333333333,0.4844826666666666,0.6868586666666668,21.4215,1400.4621525103285
3128,30,0.17809400000000006,0.482864,0.685247,21.37596,1403.445739980801
3129,30,0.186554,0.49706466666666665,0.7037013333333334,21.95995,1366.1233290604032
3130,30,0.18278,0.4871906666666667,0.689308,21.52567,1393.684842330111
3131,30,0.17796333333333336,0.48301433333333327,0.6862616666666667,21.4002,1401.856057420024
3132,30,0.1781656666666666,0.4832193333333333,0.6849613333333332,21.38013,1403.1720106472692
3133,30,0.17793899999999999,0.4837943333333333,0.6854863333333332,21.38223,1403.0342017647365
3134,30,0.18475433333333333,0.4970166666666667,0.7035429999999998,21.93991,1367.3711514769204
3135,30,0.177745,0.48338533333333333,0.6856106666666666,21.4028,1401.6857607415852
3136,30,0.17856933333333333,0.4830623333333334,0.6847803333333332,21.39947,1401.9038789278427
3137,30,0.17840399999999998,0.48447633333333334,0.6860763333333334,21.39554,1402.1613850363206
3138,30,0.18769033333333332,0.49933299999999997,0.7054053333333333,22.01267,1362.851485076549
3139,30,0.17817599999999997,0.4836913333333334,0.6860036666666667,21.39922,1401.92025690656
3140,30,0.17721299999999998,0.4824666666666667,0.68483,21.35726,1404.6745696779456
3141,30,0.17787599999999998,0.485666,0.6875676666666667,21.45937,1397.990714545674
3142,30,0.17794133333333337,0.48275333333333326,0.6843846666666665,21.36451,1404.197896417938
3143,30,0.1889076666666666,0.5007853333333333,0.7063286666666666,22.04283,1360.9867698476103
3144,30,0.17810000000000004,0.482969,0.6852076666666667,21.38019,1403.168072874937
3145,30,0.17873899999999995,0.4830790000000001,0.6854996666666666,21.39328,1402.309510276124
3146,30,0.17883033333333334,0.48306333333333334,0.6853196666666668,21.37778,1403.3262574504931
3147,30,0.18239599999999997,0.49347733333333327,0.7003876666666667,21.8628,1372.1938635490421
3148,30,0.18026400000000004,0.48760433333333336,0.6894136666666667,21.5092,1394.7520130920723
3149,30,0.1774746666666667,0.48306000000000004,0.6859,21.39248,1402.3619514894954
3150,30,0.17767799999999997,0.4834573333333333,0.6855713333333335,21.38455,1402.8819872290978
3151,30,0.17864333333333338,0.48414799999999997,0.6861643333333334,21.40017,1401.8580226231848
3152,30,0.1852593333333333,0.49940166666666674,0.7068786666666665,22.03991,1361.1670828056922
3153,30,0.17775933333333332,0.4839016666666668,0.686273,21.4342,1399.632363232591
3154,30,0.17798233333333338,0.48402500000000004,0.6861213333333335,21.40223,1401.7230914722436
3155,30,0.17806566666666665,0.4852900000000001,0.6873866666666667,21.43655,1399.4789273460515
3156,30,0.18036166666666667,0.4868113333333332,0.6898673333333334,21.53306,1393.2065391542121
3157,30,0.18374633333333332,0.4951303333333334,0.7006039999999999,21.86379,1372.1317301346198
3158,30,0.19216366666666668,0.5004063333333333,0.7028556666666665,21.92035,1368.5912861792808
3159,30,0.176911,0.484933,0.6863396666666667,21.43388,1399.6532592325796
3160,30,0.17897966666666665,0.4835,0.6857093333333332,21.39095,1402.4622562345291
3161,30,0.1862053333333333,0.4978616666666667,0.7038143333333333,21.9638,1365.8838634480373
3162,30,0.17878600000000003,0.4836279999999999,0.685359,21.40173,1401.7558393643878
3163,30,0.17818900000000004,0.4835103333333333,0.6869953333333336,21.43023,1399.8916483864148
3164,30,0.17739566666666665,0.4830216666666667,0.685302,21.41798,1400.6923155218185
3165,30,0.17912800000000004,0.4856553333333333,0.6881693333333332,21.45974,1397.9666109654636
3166,30,0.18477733333333338,0.5011296666666667,0.7069703333333333,22.0527,1360.3776408330953
3167,30,0.1776763333333333,0.4827493333333333,0.6851653333333334,21.37296,1403.6427336222966
3168,30,0.177212,0.4829563333333333,0.6848093333333334,21.35842,1404.5982802098658
3169,30,0.17795433333333327,0.48384833333333327,0.6856283333333334,21.39914,1401.9254979405714
3170,30,0.185419,0.49827666666666665,0.7039530000000002,21.98896,1364.32100472237
3171,30,0.17777433333333334,0.483035,0.6850159999999998,21.37275,1403.6565252482717
3172,30,0.177932,0.48275999999999997,0.6847829999999999,21.38501,1402.851810684213
3173,30,0.1776823333333333,0.48228933333333335,0.6847653333333334,21.37699,1403.3781182477048
3174,30,0.1777733333333333,0.48199666666666663,0.6847036666666667,21.35677,1404.7067978912542
3175,30,0.18410033333333334,0.5013,0.7076256666666667,22.06297,1359.74440431184
3176,30,0.1779636666666667,0.48807333333333336,0.6896756666666667,21.53805,1392.883756886069
3177,30,0.177686,0.48270166666666653,0.6848063333333333,21.36069,1404.4490135852352
3178,30,0.17696366666666669,0.483862,0.6854110000000001,21.38319,1402.971212433692
3179,30,0.185081,0.4961246666666666,0.702491,21.92096,1368.5532020495452
3180,30,0.17748166666666662,0.48351499999999986,0.685731,21.39243,1402.3652291955611
3181,30,0.17777633333333337,0.48269799999999996,0.684772,21.37872,1403.2645546599608
3182,30,0.1773746666666667,0.4826776666666666,0.6841063333333334,21.34158,1405.7066065399094
3183,30,0.17744600000000002,0.48386900000000005,0.6848143333333333,21.38854,1402.6202817022572
3184,30,0.184365,0.49690466666666666,0.7034626666666668,21.93823,1367.4758629114565
3185,30,0.17793733333333336,0.483108,0.6849683333333333,21.36625,1404.0835429708068
3186,30,0.17774166666666663,0.48292100000000004,0.6844400000000002,21.36803,1403.9665799795303
3187,30,0.17727933333333332,0.4829856666666667,0.6858216666666667,21.42102,1400.493533921354
3188,30,0.18813400000000005,0.5010746666666666,0.7076430000000001,22.05815,1360.041526601279
3189,30,0.17841133333333334,0.4839173333333333,0.6855449999999998,21.38757,1402.6838953653921
3190,30,0.17827899999999994,0.4833136666666666,0.6849010000000001,21.36378,1404.2458778362256
3191,30,0.17842533333333327,0.4843733333333334,0.6857093333333333,21.40295,1401.6759371955734
3192,30,0.177199,0.4830206666666666,0.6846663333333333,21.37425,1403.5580195796342
3193,30,0.18871399999999997,0.5009716666666667,0.7079173333333332,22.10731,1357.0172038117707
3194,30,0.17776600000000004,0.48252733333333336,0.6839506666666666,21.34917,1405.2068534748657
3195,30,0.17818466666666666,0.48326966666666665,0.6850310000000001,21.3643,1404.2116989557346
3196,30,0.17765499999999998,0.48204233333333335,0.6841570000000001,21.33926,1405.859434675804
3197,30,0.18275133333333338,0.4933866666666667,0.6995760000000002,21.84688,1373.1937924316883
3198,30,0.18017133333333332,0.48574700000000004,0.6876816666666666,21.49569,1395.6286120613015
3199,30,0.17767733333333335,0.48261333333333334,0.68404,21.33584,1406.0847850377581
3200,30,0.17830966666666667,0.482774,0.6847736666666666,21.36014,1404.4851765952844
3201,30,0.17838066666666663,0.4837813333333333,0.6853490000000001,21.37356,1403.6033304699827
3202,30,0.1856486666666667,0.5003156666666667,0.7062280000000002,22.0232,1362.1998619637473
3203,30,0.17917633333333338,0.4845856666666666,0.6868666666666665,21.42805,1400.0340674956424
3204,30,0.17785066666666668,0.48336633333333334,0.6858333333333334,21.41922,1400.6112267393491
3205,30,0.17771066666666663,0.48432666666666674,0.6864013333333331,21.40899,1401.2804901118643
3206,30,0.18235933333333332,0.4917286666666667,0.6970293333333334,21.76561,1378.3211221739248
3207,30,0.18084866666666669,0.4905396666666666,0.6950233333333333,21.67567,1384.040262653934
3208,30,0.179547,0.4846536666666666,0.6862313333333334,21.40496,1401.5443149625132
3209,30,0.1776463333333333,0.48278200000000004,0.6843516666666666,21.34412,1405.539324179212
3210,30,0.17828666666666665,0.483485,0.6851223333333334,21.41086,1401.1581038781253
3211,30,0.18450066666666667,0.49636599999999986,0.7035656666666666,21.95394,1366.497312099787
3212,30,0.17914633333333332,0.48441999999999996,0.6859639999999999,21.41028,1401.1960609576333
3213,30,0.177978,0.483105,0.6846603333333332,21.3556,1404.7837569536796
3214,30,0.17875333333333335,0.483175,0.6854659999999999,21.37961,1403.2061389333107
3215,30,0.17851899999999998,0.48378233333333337,0.6860130000000002,21.43542,1399.5527029561351
3216,30,0.1841003333333333,0.4973220000000001,0.7026936666666667,21.913,1369.0503354173322
3217,30,0.17877166666666666,0.48385433333333333,0.6851853333333332,21.37397,1403.5764062548978
3218,30,0.1780616666666667,0.48243699999999995,0.6843843333333334,21.34914,1405.2088280839416
3219,30,0.17799500000000001,0.4838153333333333,0.6853400000000001,21.37321,1403.6263153733107
3220,30,0.185867,0.4977983333333334,0.704515,21.96858,1365.586669689165
3221,30,0.17815866666666666,0.48374133333333336,0.6853843333333333,21.41881,1400.6380373139311
3222,30,0.17875666666666667,0.48337866666666657,0.6856059999999999,21.38501,1402.851810684213
3223,30,0.17788433333333326,0.4840746666666666,0.6901879999999999,21.53771,1392.9057453183277
3224,30,0.1775516666666666,0.4832863333333334,0.6849976666666667,21.36446,1404.2011827118497
3225,30,0.18383833333333335,0.49532800000000005,0.7034563333333336,21.93415,1367.7302288896537
3226,30,0.17808433333333332,0.48352466666666666,0.6858439999999998,21.3947,1402.216436781072
3227,30,0.177795,0.4838506666666667,0.6854083333333334,21.41669,1400.7766839787103
3228,30,0.1775263333333333,0.4828866666666666,0.684629,21.35635,1404.7344232511641
3229,30,0.18483233333333335,0.4963176666666666,0.7025186666666666,21.9259,1368.2448611003424
3230,30,0.17815033333333333,0.4826466666666666,0.6848096666666666,21.36702,1404.0329442290033
3231,30,0.17791000000000004,0.48285433333333333,0.6850416666666667,21.3664,1404.0736857870302
3232,30,0.17709833333333333,0.4822393333333332,0.68439,21.37363,1403.5987335796492
3233,30,0.17725800000000003,0.4828433333333333,0.684981,21.37544,1403.4798815837241
3234,30,0.18438433333333334,0.49574900000000005,0.7034119999999999,21.93517,1367.666628523964
3235,30,0.179143,0.48490500000000003,0.6872933333333333,21.44017,1399.2426366022282
3236,30,0.17763133333333334,0.48302733333333336,0.6852666666666667,21.37492,1403.5140248478124
3237,30,0.17734966666666666,0.48266033333333336,0.6855943333333333,21.38313,1402.975149101184
3238,30,0.18479133333333334,0.4950393333333333,0.7016773333333334,21.92274,1368.4420834257032
3239,30,0.178053,0.483438,0.6867319999999998,21.42307,1400.3595189671696
3240,30,0.17726566666666665,0.48239966666666667,0.6852966666666667,21.39588,1402.1391034161718
3241,30,0.1779053333333333,0.4829793333333333,0.6860076666666668,21.39511,1402.1895657465654
3242,30,0.177396,0.48242299999999994,0.6841496666666667,21.35792,1404.6311625851208
3243,30,0.18509499999999998,0.4972376666666667,0.7046993333333333,21.97085,1365.4455790285765
3244,30,0.177748,0.48340933333333325,0.685731,21.40859,1401.3066717611948
3245,30,0.17780933333333332,0.4840023333333334,0.6861859999999999,21.40602,1401.4749121975967
3246,30,0.17709600000000003,0.4828803333333333,0.6846153333333334,21.35309,1404.9488856179596
3247,30,0.18317100000000003,0.49332133333333333,0.7009823333333334,21.85944,1372.404782556186
3248,30,0.179831,0.4865833333333334,0.6892979999999999,21.50665,1394.9173860178132
3249,30,0.177949,0.4850176666666666,0.6868579999999999,21.44582,1398.8739996885174
3250,30,0.177941,0.4831796666666666,0.6850369999999999,21.36853,1403.9337287122698
3251,30,0.17870966666666666,0.4839446666666667,0.6861946666666666,21.40069,1401.8239598816674
3252,30,0.18593066666666666,0.49750066666666665,0.703959,21.99343,1364.0437166917575
3253,30,0.1789326666666667,0.48493,0.6871973333333333,21.43634,1399.4926372692353
3254,30,0.17750233333333337,0.48345266666666664,0.6854740000000002,21.39439,1402.2367545884692
3255,30,0.17882733333333334,0.4895676666666667,0.6922686666666666,21.58391,1389.9242537612508
3256,30,0.1865966666666667,0.49448000000000003,0.6987476666666665,21.80953,1375.5454610897164
3257,30,0.1821176666666667,0.4948973333333333,0.6987706666666667,21.78818,1376.8933430878576
3258,30,0.17803466666666665,0.4835996666666666,0.6853873333333332,21.37905,1403.242894328794
3259,30,0.17747966666666667,0.4831736666666666,0.6862353333333332,21.40092,1401.8088941970718
3260,30,0.17849466666666666,0.4837106666666667,0.686133,21.39989,1401.8763647850526
3261,30,0.1842386666666667,0.4960269999999999,0.7033583333333333,21.95044,1366.7152002419996
3262,30,0.1779726666666667,0.48458299999999993,0.6864163333333333,21.40953,1401.245146437124
3263,30,0.17723366666666665,0.4847326666666666,0.6865736666666664,21.40904,1401.2772174744873
3264,30,0.17784366666666668,0.48336,0.6850256666666665,21.36681,1404.0467435241853
3265,30,0.17773266666666665,0.48344800000000004,0.6855519999999999,21.39759,1402.0270507099162
3266,30,0.1851046666666667,0.5009,0.7066806666666666,22.04895,1360.6090085922458
3267,30,0.17771333333333333,0.4827923333333334,0.6846200000000001,21.36828,1403.950154153727
3268,30,0.17711466666666667,0.481674,0.6853309999999999,21.37555,1403.4726591830386
3269,30,0.1776853333333333,0.48352399999999995,0.6905666666666669,21.52787,1393.54241734087
3270,30,0.1864386666666667,0.497839,0.7053393333333334,21.9901,1364.250276260681
3271,30,0.17797333333333334,0.48334266666666675,0.6858789999999999,21.39391,1402.2682155809762
3272,30,0.17733733333333335,0.48361666666666664,0.6855393333333334,21.3825,1403.0164854437041
3273,30,0.17734433333333335,0.48376033333333335,0.6855396666666667,21.40414,1401.5980086095494
3274,30,0.17831433333333335,0.4837616666666666,0.6856136666666668,21.38043,1403.1523220066201
3275,30,0.18502500000000002,0.4964376666666667,0.7032556666666667,21.92951,1368.0196228734706
3276,30,0.1776326666666667,0.4839306666666666,0.685814,21.39518,1402.1849781118924
3277,30,0.17710299999999995,0.4832273333333333,0.6854946666666666,21.37777,1403.3269138923283
3278,30,0.17791466666666667,0.4832916666666666,0.6854956666666666,21.39811,1401.9929797538193
3279,30,0.18641,0.49874566666666664,0.7056103333333333,21.99887,1363.7064085564396
3280,30,0.17773066666666665,0.4828693333333333,0.6844936666666668,21.35557,1404.7857303738556
3281,30,0.17719666666666664,0.48338766666666666,0.6849243333333332,21.36244,1404.3339618507998
3282,30,0.17664566666666673,0.4823706666666666,0.6852833333333332,21.37202,1403.7044696757725
3283,30,0.1792376666666667,0.4837233333333332,0.6855533333333335,21.41829,1400.6720424459656
3284,30,0.18526566666666672,0.4963866666666667,0.7028723333333333,21.93582,1367.6261019647316
3285,30,0.178336,0.48439899999999997,0.6865959999999999,21.4176,1400.7171671896012
3286,30,0.17788899999999996,0.4834253333333333,0.6852496666666666,21.37341,1403.6131810506606
3287,30,0.17849666666666666,0.4853223333333333,0.6874063333333333,21.43865,1399.3418428865623
3288,30,0.18664566666666668,0.49765100000000007,0.7042876666666669,21.9555,1366.400218624035
3289,30,0.178535,0.4838463333333333,0.6857116666666667,21.40952,1401.2458009334164
3290,30,0.17856799999999995,0.48315100000000005,0.6854350000000001,21.40664,1401.4343213133868
3291,30,0.17859933333333336,0.48372333333333334,0.6868033333333333,21.41774,1400.7080112093993
3292,30,0.17748533333333333,0.4829,0.6846606666666667,21.38662,1402.7462029998196
3293,30,0.18712633333333334,0.49759166666666665,0.7054286666666665,21.99417,1363.9978230594743
3294,30,0.17809799999999998,0.48325866666666667,0.685648,21.38748,1402.6897979565615
3295,30,0.17833833333333335,0.4843693333333333,0.6860499999999999,21.42144,1400.4660751097965
3296,30,0.17827700000000002,0.4843803333333333,0.686151,21.39818,1401.9883934054205
3297,30,0.18370999999999998,0.49582499999999996,0.7019546666666667,21.88609,1370.7336486325332
3298,30,0.17997266666666661,0.48696199999999995,0.6896240000000001,21.5112,1394.6223362713376
3299,30,0.17733,0.48341100000000004,0.6853043333333335,21.37311,1403.6328826268148
3300,30,0.17741966666666673,0.4823950000000001,0.6857983333333332,21.42653,1400.1333860405769
3301,30,0.17717466666666667,0.483302,0.6857993333333334,21.38602,1402.7855580421228
3302,30,0.18597699999999995,0.49835866666666667,0.7043773333333333,21.96559,1365.7725560752067
3303,30,0.17732766666666666,0.48310533333333333,0.6850186666666668,21.37251,1403.6722874383963
3304,30,0.17753899999999995,0.482944,0.6847916666666667,21.35978,1404.5088479375725
3305,30,0.17734866666666668,0.4836353333333333,0.6853003333333335,21.36902,1403.9015359618738
3306,30,0.18096566666666664,0.4890536666666667,0.6935663333333334,21.62706,1387.1510968203722
3307,30,0.1835046666666666,0.49450600000000006,0.6990446666666669,21.82338,1374.6724842806202
3308,30,0.1780413333333333,0.48268800000000006,0.6850526666666668,21.36537,1404.141374570157
3309,30,0.1780743333333334,0.48242266666666656,0.6841436666666668,21.35029,1405.133138706781
3310,30,0.17751466666666668,0.4828836666666667,0.6850609999999998,21.36709,1404.0283445242194
3311,30,0.18547733333333333,0.5015463333333334,0.7079036666666666,22.06475,1359.6347114741839
3312,30,0.17820833333333333,0.4827826666666667,0.6851273333333334,21.40127,1401.7859687766193
3313,30,0.17814866666666665,0.48358633333333334,0.685969,21.39407,1402.2577284266154
3314,30,0.17766233333333334,0.48279833333333333,0.6849183333333333,21.3649,1404.1722638533295
3315,30,0.1771546666666667,0.4824836666666666,0.6857810000000001,21.42149,1400.4628062753804
3316,30,0.18895333333333336,0.5041293333333334,0.7099393333333333,22.13661,1355.2210568826933
3317,30,0.17882800000000004,0.48384966666666673,0.685832,21.40683,1401.4218826421286
3318,30,0.17770166666666667,0.4823993333333333,0.6840556666666665,21.35815,1404.6160365012888
3319,30,0.178019,0.48399299999999995,0.6856936666666668,21.38441,1402.89117165262
3320,30,0.18467366666666668,0.4999873333333333,0.7071810000000001,22.06812,1359.4270830501193
3321,30,0.17805666666666667,0.4834610000000001,0.6854286666666666,21.38004,1403.177917347208
3322,30,0.17797833333333335,0.48222233333333336,0.6847249999999999,21.36022,1404.4799164053554
3323,30,0.17789633333333338,0.483092,0.685426,21.37462,1403.533723640467
3324,30,0.1771063333333333,0.482282,0.6849183333333333,21.36939,1403.8772281286458
3325,30,0.183642,0.4962730000000001,0.7034999999999999,21.93433,1367.7190048658883
3326,30,0.17875733333333332,0.48329266666666665,0.685354,21.3779,1403.3183801963712
3327,30,0.177928,0.48252600000000007,0.6843793333333333,21.35724,1404.6758850862752
3328,30,0.1776853333333333,0.4822593333333333,0.6839133333333333,21.32837,1406.5772489880849
3329,30,0.1834306666666667,0.5006726666666667,0.7084536666666666,22.08211,1358.5658254578027
3330,30,0.17801666666666668,0.48313233333333333,0.6860296666666666,21.40326,1401.6556356368142
3331,30,0.17867400000000003,0.4838839999999999,0.6861409999999999,21.39985,1401.8789851330732
3332,30,0.17727833333333334,0.48209199999999996,0.6841369999999999,21.3418,1405.6921159414856
3333,10,0.179499,0.48375199999999996,0.6866809999999999,7.15728,1397.1788165336552
