Copyright 1986-2022 Xilinx, Inc. All Rights Reserved. Copyright 2022-2024 Advanced Micro Devices, Inc. All Rights Reserved.
-----------------------------------------------------------------------------------------------------------------------------------------------------------------------------------------
| Tool Version      : Vivado v.2024.2 (lin64) Build 5239630 Fri Nov 08 22:34:34 MST 2024
| Date              : Fri Sep  4 15:19:09 2026
| Host              : ubuntu running 64-bit Ubuntu 24.04.3 LTS
| Command           : report_timing_summary -delay_type min_max -max_paths 20 -file {/home/miguel/Downloads/Plano testes TCC/MLP/hls4ml/vivado_zcu104_mlp/reports/timing_post_route.rpt}
| Design            : mlp_iris_bd_wrapper
| Device            : xczu7ev-ffvc1156
| Speed File        : -2  PRODUCTION 1.30 05-15-2022
| Design State      : Routed
| Temperature Grade : E
-----------------------------------------------------------------------------------------------------------------------------------------------------------------------------------------

Timing Summary Report

------------------------------------------------------------------------------------------------
| Timer Settings
| --------------
------------------------------------------------------------------------------------------------

  Enable Multi Corner Analysis               :  Yes
  Enable Pessimism Removal                   :  Yes
  Pessimism Removal Resolution               :  Nearest Common Node
  Enable Input Delay Default Clock           :  No
  Enable Preset / Clear Arcs                 :  No
  Disable Flight Delays                      :  No
  Ignore I/O Paths                           :  No
  Timing Early Launch at Borrowing Latches   :  No
  Borrow Time for Max Delay Exceptions       :  Yes
  Merge Timing Exceptions                    :  Yes
  Inter-SLR Compensation                     :  Conservative

  Corner  Analyze    Analyze    
  Name    Max Paths  Min Paths  
  ------  ---------  ---------  
  Slow    Yes        Yes        
  Fast    Yes        Yes        


------------------------------------------------------------------------------------------------
| Report Methodology
| ------------------
------------------------------------------------------------------------------------------------

No report available as report_methodology has not been run prior. Run report_methodology on the current design for the summary of methodology violations.



check_timing report

Table of Contents
-----------------
1. checking no_clock (0)
2. checking constant_clock (0)
3. checking pulse_width_clock (0)
4. checking unconstrained_internal_endpoints (0)
5. checking no_input_delay (0)
6. checking no_output_delay (0)
7. checking multiple_clock (0)
8. checking generated_clocks (0)
9. checking loops (0)
10. checking partial_input_delay (0)
11. checking partial_output_delay (0)
12. checking latch_loops (0)

1. checking no_clock (0)
------------------------
 There are 0 register/latch pins with no clock.


2. checking constant_clock (0)
------------------------------
 There are 0 register/latch pins with constant_clock.


3. checking pulse_width_clock (0)
---------------------------------
 There are 0 register/latch pins which need pulse_width check


4. checking unconstrained_internal_endpoints (0)
------------------------------------------------
 There are 0 pins that are not constrained for maximum delay.

 There are 0 pins that are not constrained for maximum delay due to constant clock.


5. checking no_input_delay (0)
------------------------------
 There are 0 input ports with no input delay specified.

 There are 0 input ports with no input delay but user has a false path constraint.


6. checking no_output_delay (0)
-------------------------------
 There are 0 ports with no output delay specified.

 There are 0 ports with no output delay but user has a false path constraint

 There are 0 ports with no output delay but with a timing clock defined on it or propagating through it


7. checking multiple_clock (0)
------------------------------
 There are 0 register/latch pins with multiple clocks.


8. checking generated_clocks (0)
--------------------------------
 There are 0 generated clocks that are not connected to a clock source.


9. checking loops (0)
---------------------
 There are 0 combinational loops in the design.


10. checking partial_input_delay (0)
------------------------------------
 There are 0 input ports with partial input delay specified.


11. checking partial_output_delay (0)
-------------------------------------
 There are 0 ports with partial output delay specified.


12. checking latch_loops (0)
----------------------------
 There are 0 combinational latch loops in the design through latch input



------------------------------------------------------------------------------------------------
| Design Timing Summary
| ---------------------
------------------------------------------------------------------------------------------------

    WNS(ns)      TNS(ns)  TNS Failing Endpoints  TNS Total Endpoints      WHS(ns)      THS(ns)  THS Failing Endpoints  THS Total Endpoints     WPWS(ns)     TPWS(ns)  TPWS Failing Endpoints  TPWS Total Endpoints  
    -------      -------  ---------------------  -------------------      -------      -------  ---------------------  -------------------     --------     --------  ----------------------  --------------------  
      3.098        0.000                      0                 3213        0.019        0.000                      0                 3213        3.500        0.000                       0                  1398  


All user specified timing constraints are met.


------------------------------------------------------------------------------------------------
| Clock Summary
| -------------
------------------------------------------------------------------------------------------------

Clock     Waveform(ns)       Period(ns)      Frequency(MHz)
-----     ------------       ----------      --------------
clk_pl_0  {0.000 5.000}      10.000          100.000         


------------------------------------------------------------------------------------------------
| Intra Clock Table
| -----------------
------------------------------------------------------------------------------------------------

Clock             WNS(ns)      TNS(ns)  TNS Failing Endpoints  TNS Total Endpoints      WHS(ns)      THS(ns)  THS Failing Endpoints  THS Total Endpoints     WPWS(ns)     TPWS(ns)  TPWS Failing Endpoints  TPWS Total Endpoints  
-----             -------      -------  ---------------------  -------------------      -------      -------  ---------------------  -------------------     --------     --------  ----------------------  --------------------  
clk_pl_0            3.098        0.000                      0                 3213        0.019        0.000                      0                 3213        3.500        0.000                       0                  1398  


------------------------------------------------------------------------------------------------
| Inter Clock Table
| -----------------
------------------------------------------------------------------------------------------------

From Clock    To Clock          WNS(ns)      TNS(ns)  TNS Failing Endpoints  TNS Total Endpoints      WHS(ns)      THS(ns)  THS Failing Endpoints  THS Total Endpoints  
----------    --------          -------      -------  ---------------------  -------------------      -------      -------  ---------------------  -------------------  


------------------------------------------------------------------------------------------------
| Other Path Groups Table
| -----------------------
------------------------------------------------------------------------------------------------

Path Group    From Clock    To Clock          WNS(ns)      TNS(ns)  TNS Failing Endpoints  TNS Total Endpoints      WHS(ns)      THS(ns)  THS Failing Endpoints  THS Total Endpoints  
----------    ----------    --------          -------      -------  ---------------------  -------------------      -------      -------  ---------------------  -------------------  


------------------------------------------------------------------------------------------------
| Timing Details
| --------------
------------------------------------------------------------------------------------------------


---------------------------------------------------------------------------------------------------
From Clock:  clk_pl_0
  To Clock:  clk_pl_0

Setup :            0  Failing Endpoints,  Worst Slack        3.098ns,  Total Violation        0.000ns
Hold  :            0  Failing Endpoints,  Worst Slack        0.019ns,  Total Violation        0.000ns
PW    :            0  Failing Endpoints,  Worst Slack        3.500ns,  Total Violation        0.000ns
---------------------------------------------------------------------------------------------------


Max Delay Paths
--------------------------------------------------------------------------------------
Slack (MET) :             3.098ns  (required time - arrival time)
  Source:                 mlp_iris_bd_i/mlp_iris_axi_wrapper_0/inst/mlp_core_i/inst/layer2_out_6_reg_339_reg[11]/C
                            (rising edge-triggered cell FDRE clocked by clk_pl_0  {rise@0.000ns fall@5.000ns period=10.000ns})
  Destination:            mlp_iris_bd_i/mlp_iris_axi_wrapper_0/inst/mlp_core_i/inst/layer4_out_reg_349_reg[15]/D
                            (rising edge-triggered cell FDRE clocked by clk_pl_0  {rise@0.000ns fall@5.000ns period=10.000ns})
  Path Group:             clk_pl_0
  Path Type:              Setup (Max at Slow Process Corner)
  Requirement:            10.000ns  (clk_pl_0 rise@10.000ns - clk_pl_0 rise@0.000ns)
  Data Path Delay:        6.687ns  (logic 2.920ns (43.667%)  route 3.767ns (56.333%))
  Logic Levels:           17  (CARRY8=4 DSP_A_B_DATA=1 DSP_ALU=1 DSP_M_DATA=1 DSP_MULTIPLIER=1 DSP_OUTPUT=1 DSP_PREADD_DATA=1 LUT2=2 LUT3=2 LUT4=1 LUT5=1 LUT6=1)
  Clock Path Skew:        -0.110ns (DCD - SCD + CPR)
    Destination Clock Delay (DCD):    1.742ns = ( 11.742 - 10.000 ) 
    Source Clock Delay      (SCD):    1.971ns
    Clock Pessimism Removal (CPR):    0.119ns
  Clock Uncertainty:      0.130ns  ((TSJ^2 + DJ^2)^1/2) / 2 + PE
    Total System Jitter     (TSJ):    0.071ns
    Discrete Jitter          (DJ):    0.250ns
    Phase Error              (PE):    0.000ns
  Clock Net Delay (Source):      1.763ns (routing 0.569ns, distribution 1.194ns)
  Clock Net Delay (Destination): 1.574ns (routing 0.512ns, distribution 1.062ns)

    Location             Delay type                Incr(ns)  Path(ns)    Netlist Resource(s)
  -------------------------------------------------------------------    -------------------
                         (clock clk_pl_0 rise edge)
                                                      0.000     0.000 r  
    PS8_X0Y0             PS8                          0.000     0.000 r  mlp_iris_bd_i/zynq_ultra_ps_e_0/inst/PS8_i/PLCLK[0]
                         net (fo=1, routed)           0.180     0.180    mlp_iris_bd_i/zynq_ultra_ps_e_0/inst/pl_clk_unbuffered[0]
    BUFG_PS_X0Y80        BUFG_PS (Prop_BUFG_PS_I_O)
                                                      0.028     0.208 r  mlp_iris_bd_i/zynq_ultra_ps_e_0/inst/buffer_pl_clk_0.PL_CLK_0_BUFG/O
    X1Y2 (CLOCK_ROOT)    net (fo=1416, routed)        1.763     1.971    mlp_iris_bd_i/mlp_iris_axi_wrapper_0/inst/mlp_core_i/inst/ap_clk
    SLICE_X58Y102        FDRE                                         r  mlp_iris_bd_i/mlp_iris_axi_wrapper_0/inst/mlp_core_i/inst/layer2_out_6_reg_339_reg[11]/C
  -------------------------------------------------------------------    -------------------
    SLICE_X58Y102        FDRE (Prop_DFF_SLICEL_C_Q)
                                                      0.079     2.050 f  mlp_iris_bd_i/mlp_iris_axi_wrapper_0/inst/mlp_core_i/inst/layer2_out_6_reg_339_reg[11]/Q
                         net (fo=3, routed)           0.117     2.167    mlp_iris_bd_i/mlp_iris_axi_wrapper_0/inst/mlp_core_i/inst/call_ret3_dense_latency_ap_fixed_16_6_5_3_0_ap_fixed_16_6_5_3_0_config4_s_fu_91/mul_16s_9s_25_1_1_U77/tmp_product_i_16__5_0[11]
    SLICE_X58Y100        LUT2 (Prop_F6LUT_SLICEL_I1_O)
                                                      0.148     2.315 r  mlp_iris_bd_i/mlp_iris_axi_wrapper_0/inst/mlp_core_i/inst/call_ret3_dense_latency_ap_fixed_16_6_5_3_0_ap_fixed_16_6_5_3_0_config4_s_fu_91/mul_16s_9s_25_1_1_U77/tmp_product_i_27__5/O
                         net (fo=1, routed)           0.011     2.326    mlp_iris_bd_i/mlp_iris_axi_wrapper_0/inst/mlp_core_i/inst/call_ret3_dense_latency_ap_fixed_16_6_5_3_0_ap_fixed_16_6_5_3_0_config4_s_fu_91/mul_16s_9s_25_1_1_U77/tmp_product_i_27__5_n_0
    SLICE_X58Y100        CARRY8 (Prop_CARRY8_SLICEL_S[5]_CO[7])
                                                      0.162     2.488 f  mlp_iris_bd_i/mlp_iris_axi_wrapper_0/inst/mlp_core_i/inst/call_ret3_dense_latency_ap_fixed_16_6_5_3_0_ap_fixed_16_6_5_3_0_config4_s_fu_91/mul_16s_9s_25_1_1_U77/tmp_product_i_16__5/CO[7]
                         net (fo=15, routed)          0.150     2.639    mlp_iris_bd_i/mlp_iris_axi_wrapper_0/inst/mlp_core_i/inst/call_ret3_dense_latency_ap_fixed_16_6_5_3_0_ap_fixed_16_6_5_3_0_config4_s_fu_91/mul_16s_9s_25_1_1_U77/tmp_product_i_16__5_n_0
    SLICE_X57Y100        LUT2 (Prop_C5LUT_SLICEM_I0_O)
                                                      0.068     2.707 f  mlp_iris_bd_i/mlp_iris_axi_wrapper_0/inst/mlp_core_i/inst/call_ret3_dense_latency_ap_fixed_16_6_5_3_0_ap_fixed_16_6_5_3_0_config4_s_fu_91/mul_16s_9s_25_1_1_U77/tmp_product_i_15__9/O
                         net (fo=8, routed)           1.719     4.426    mlp_iris_bd_i/mlp_iris_axi_wrapper_0/inst/mlp_core_i/inst/call_ret3_dense_latency_ap_fixed_16_6_5_3_0_ap_fixed_16_6_5_3_0_config4_s_fu_91/mul_16s_11ns_26_1_1_U98/tmp_product/A[0]
    DSP48E2_X3Y17        DSP_A_B_DATA (Prop_DSP_A_B_DATA_DSP48E2_A[0]_A2_DATA[0])
                                                      0.192     4.618 r  mlp_iris_bd_i/mlp_iris_axi_wrapper_0/inst/mlp_core_i/inst/call_ret3_dense_latency_ap_fixed_16_6_5_3_0_ap_fixed_16_6_5_3_0_config4_s_fu_91/mul_16s_11ns_26_1_1_U98/tmp_product/DSP_A_B_DATA_INST/A2_DATA[0]
                         net (fo=1, routed)           0.000     4.618    mlp_iris_bd_i/mlp_iris_axi_wrapper_0/inst/mlp_core_i/inst/call_ret3_dense_latency_ap_fixed_16_6_5_3_0_ap_fixed_16_6_5_3_0_config4_s_fu_91/mul_16s_11ns_26_1_1_U98/tmp_product/DSP_A_B_DATA.A2_DATA<0>
    DSP48E2_X3Y17        DSP_PREADD_DATA (Prop_DSP_PREADD_DATA_DSP48E2_A2_DATA[0]_A2A1[0])
                                                      0.076     4.694 r  mlp_iris_bd_i/mlp_iris_axi_wrapper_0/inst/mlp_core_i/inst/call_ret3_dense_latency_ap_fixed_16_6_5_3_0_ap_fixed_16_6_5_3_0_config4_s_fu_91/mul_16s_11ns_26_1_1_U98/tmp_product/DSP_PREADD_DATA_INST/A2A1[0]
                         net (fo=1, routed)           0.000     4.694    mlp_iris_bd_i/mlp_iris_axi_wrapper_0/inst/mlp_core_i/inst/call_ret3_dense_latency_ap_fixed_16_6_5_3_0_ap_fixed_16_6_5_3_0_config4_s_fu_91/mul_16s_11ns_26_1_1_U98/tmp_product/DSP_PREADD_DATA.A2A1<0>
    DSP48E2_X3Y17        DSP_MULTIPLIER (Prop_DSP_MULTIPLIER_DSP48E2_A2A1[0]_U[13])
                                                      0.505     5.199 f  mlp_iris_bd_i/mlp_iris_axi_wrapper_0/inst/mlp_core_i/inst/call_ret3_dense_latency_ap_fixed_16_6_5_3_0_ap_fixed_16_6_5_3_0_config4_s_fu_91/mul_16s_11ns_26_1_1_U98/tmp_product/DSP_MULTIPLIER_INST/U[13]
                         net (fo=1, routed)           0.000     5.199    mlp_iris_bd_i/mlp_iris_axi_wrapper_0/inst/mlp_core_i/inst/call_ret3_dense_latency_ap_fixed_16_6_5_3_0_ap_fixed_16_6_5_3_0_config4_s_fu_91/mul_16s_11ns_26_1_1_U98/tmp_product/DSP_MULTIPLIER.U<13>
    DSP48E2_X3Y17        DSP_M_DATA (Prop_DSP_M_DATA_DSP48E2_U[13]_U_DATA[13])
                                                      0.047     5.246 r  mlp_iris_bd_i/mlp_iris_axi_wrapper_0/inst/mlp_core_i/inst/call_ret3_dense_latency_ap_fixed_16_6_5_3_0_ap_fixed_16_6_5_3_0_config4_s_fu_91/mul_16s_11ns_26_1_1_U98/tmp_product/DSP_M_DATA_INST/U_DATA[13]
                         net (fo=1, routed)           0.000     5.246    mlp_iris_bd_i/mlp_iris_axi_wrapper_0/inst/mlp_core_i/inst/call_ret3_dense_latency_ap_fixed_16_6_5_3_0_ap_fixed_16_6_5_3_0_config4_s_fu_91/mul_16s_11ns_26_1_1_U98/tmp_product/DSP_M_DATA.U_DATA<13>
    DSP48E2_X3Y17        DSP_ALU (Prop_DSP_ALU_DSP48E2_U_DATA[13]_ALU_OUT[13])
                                                      0.585     5.831 f  mlp_iris_bd_i/mlp_iris_axi_wrapper_0/inst/mlp_core_i/inst/call_ret3_dense_latency_ap_fixed_16_6_5_3_0_ap_fixed_16_6_5_3_0_config4_s_fu_91/mul_16s_11ns_26_1_1_U98/tmp_product/DSP_ALU_INST/ALU_OUT[13]
                         net (fo=1, routed)           0.000     5.831    mlp_iris_bd_i/mlp_iris_axi_wrapper_0/inst/mlp_core_i/inst/call_ret3_dense_latency_ap_fixed_16_6_5_3_0_ap_fixed_16_6_5_3_0_config4_s_fu_91/mul_16s_11ns_26_1_1_U98/tmp_product/DSP_ALU.ALU_OUT<13>
    DSP48E2_X3Y17        DSP_OUTPUT (Prop_DSP_OUTPUT_DSP48E2_ALU_OUT[13]_P[13])
                                                      0.109     5.940 r  mlp_iris_bd_i/mlp_iris_axi_wrapper_0/inst/mlp_core_i/inst/call_ret3_dense_latency_ap_fixed_16_6_5_3_0_ap_fixed_16_6_5_3_0_config4_s_fu_91/mul_16s_11ns_26_1_1_U98/tmp_product/DSP_OUTPUT_INST/P[13]
                         net (fo=2, routed)           0.277     6.217    mlp_iris_bd_i/mlp_iris_axi_wrapper_0/inst/mlp_core_i/inst/call_ret3_dense_latency_ap_fixed_16_6_5_3_0_ap_fixed_16_6_5_3_0_config4_s_fu_91/trunc_ln42_69_fu_15464_p4[3]
    SLICE_X50Y41         LUT3 (Prop_D5LUT_SLICEM_I2_O)
                                                      0.135     6.352 r  mlp_iris_bd_i/mlp_iris_axi_wrapper_0/inst/mlp_core_i/inst/call_ret3_dense_latency_ap_fixed_16_6_5_3_0_ap_fixed_16_6_5_3_0_config4_s_fu_91/layer4_out_reg_349[15]_i_76/O
                         net (fo=2, routed)           0.215     6.567    mlp_iris_bd_i/mlp_iris_axi_wrapper_0/inst/mlp_core_i/inst/call_ret3_dense_latency_ap_fixed_16_6_5_3_0_ap_fixed_16_6_5_3_0_config4_s_fu_91/layer4_out_reg_349[15]_i_76_n_0
    SLICE_X50Y41         LUT4 (Prop_E6LUT_SLICEM_I3_O)
                                                      0.124     6.691 r  mlp_iris_bd_i/mlp_iris_axi_wrapper_0/inst/mlp_core_i/inst/call_ret3_dense_latency_ap_fixed_16_6_5_3_0_ap_fixed_16_6_5_3_0_config4_s_fu_91/layer4_out_reg_349[15]_i_83/O
                         net (fo=1, routed)           0.014     6.705    mlp_iris_bd_i/mlp_iris_axi_wrapper_0/inst/mlp_core_i/inst/call_ret3_dense_latency_ap_fixed_16_6_5_3_0_ap_fixed_16_6_5_3_0_config4_s_fu_91/layer4_out_reg_349[15]_i_83_n_0
    SLICE_X50Y41         CARRY8 (Prop_CARRY8_SLICEM_S[4]_CO[7])
                                                      0.156     6.861 r  mlp_iris_bd_i/mlp_iris_axi_wrapper_0/inst/mlp_core_i/inst/call_ret3_dense_latency_ap_fixed_16_6_5_3_0_ap_fixed_16_6_5_3_0_config4_s_fu_91/layer4_out_reg_349_reg[15]_i_40/CO[7]
                         net (fo=1, routed)           0.026     6.887    mlp_iris_bd_i/mlp_iris_axi_wrapper_0/inst/mlp_core_i/inst/call_ret3_dense_latency_ap_fixed_16_6_5_3_0_ap_fixed_16_6_5_3_0_config4_s_fu_91/layer4_out_reg_349_reg[15]_i_40_n_0
    SLICE_X50Y42         CARRY8 (Prop_CARRY8_SLICEM_CI_O[1])
                                                      0.076     6.963 r  mlp_iris_bd_i/mlp_iris_axi_wrapper_0/inst/mlp_core_i/inst/call_ret3_dense_latency_ap_fixed_16_6_5_3_0_ap_fixed_16_6_5_3_0_config4_s_fu_91/layer4_out_reg_349_reg[15]_i_19/O[1]
                         net (fo=4, routed)           0.536     7.499    mlp_iris_bd_i/mlp_iris_axi_wrapper_0/inst/mlp_core_i/inst/call_ret3_dense_latency_ap_fixed_16_6_5_3_0_ap_fixed_16_6_5_3_0_config4_s_fu_91/mul_16s_12ns_26_1_1_U90/layer4_out_reg_349[15]_i_3_0[1]
    SLICE_X55Y47         LUT3 (Prop_F6LUT_SLICEL_I1_O)
                                                      0.123     7.622 r  mlp_iris_bd_i/mlp_iris_axi_wrapper_0/inst/mlp_core_i/inst/call_ret3_dense_latency_ap_fixed_16_6_5_3_0_ap_fixed_16_6_5_3_0_config4_s_fu_91/mul_16s_12ns_26_1_1_U90/layer4_out_reg_349[15]_i_27/O
                         net (fo=3, routed)           0.242     7.864    mlp_iris_bd_i/mlp_iris_axi_wrapper_0/inst/mlp_core_i/inst/call_ret3_dense_latency_ap_fixed_16_6_5_3_0_ap_fixed_16_6_5_3_0_config4_s_fu_91/mul_16s_12ns_26_1_1_U90/layer4_out_reg_349[15]_i_27_n_0
    SLICE_X53Y47         LUT5 (Prop_D6LUT_SLICEM_I1_O)
                                                      0.099     7.963 r  mlp_iris_bd_i/mlp_iris_axi_wrapper_0/inst/mlp_core_i/inst/call_ret3_dense_latency_ap_fixed_16_6_5_3_0_ap_fixed_16_6_5_3_0_config4_s_fu_91/mul_16s_12ns_26_1_1_U90/layer4_out_reg_349[15]_i_26/O
                         net (fo=2, routed)           0.154     8.117    mlp_iris_bd_i/mlp_iris_axi_wrapper_0/inst/mlp_core_i/inst/call_ret3_dense_latency_ap_fixed_16_6_5_3_0_ap_fixed_16_6_5_3_0_config4_s_fu_91/mul_16s_12ns_26_1_1_U90/layer4_out_reg_349_reg[15]_i_19
    SLICE_X55Y47         LUT6 (Prop_H6LUT_SLICEL_I5_O)
                                                      0.051     8.168 r  mlp_iris_bd_i/mlp_iris_axi_wrapper_0/inst/mlp_core_i/inst/call_ret3_dense_latency_ap_fixed_16_6_5_3_0_ap_fixed_16_6_5_3_0_config4_s_fu_91/mul_16s_12ns_26_1_1_U90/layer4_out_reg_349[15]_i_5/O
                         net (fo=2, routed)           0.279     8.447    mlp_iris_bd_i/mlp_iris_axi_wrapper_0/inst/mlp_core_i/inst/call_ret3_dense_latency_ap_fixed_16_6_5_3_0_ap_fixed_16_6_5_3_0_config4_s_fu_91/mul_16s_12ns_26_1_1_U90_n_26
    SLICE_X54Y47         CARRY8 (Prop_CARRY8_SLICEM_DI[3]_O[7])
                                                      0.185     8.632 r  mlp_iris_bd_i/mlp_iris_axi_wrapper_0/inst/mlp_core_i/inst/call_ret3_dense_latency_ap_fixed_16_6_5_3_0_ap_fixed_16_6_5_3_0_config4_s_fu_91/layer4_out_reg_349_reg[15]_i_1/O[7]
                         net (fo=1, routed)           0.026     8.658    mlp_iris_bd_i/mlp_iris_axi_wrapper_0/inst/mlp_core_i/inst/call_ret3_dense_latency_ap_fixed_16_6_5_3_0_ap_fixed_16_6_5_3_0_config4_s_fu_91_ap_return_0[15]
    SLICE_X54Y47         FDRE                                         r  mlp_iris_bd_i/mlp_iris_axi_wrapper_0/inst/mlp_core_i/inst/layer4_out_reg_349_reg[15]/D
  -------------------------------------------------------------------    -------------------

                         (clock clk_pl_0 rise edge)
                                                     10.000    10.000 r  
    PS8_X0Y0             PS8                          0.000    10.000 r  mlp_iris_bd_i/zynq_ultra_ps_e_0/inst/PS8_i/PLCLK[0]
                         net (fo=1, routed)           0.143    10.143    mlp_iris_bd_i/zynq_ultra_ps_e_0/inst/pl_clk_unbuffered[0]
    BUFG_PS_X0Y80        BUFG_PS (Prop_BUFG_PS_I_O)
                                                      0.025    10.168 r  mlp_iris_bd_i/zynq_ultra_ps_e_0/inst/buffer_pl_clk_0.PL_CLK_0_BUFG/O
    X1Y2 (CLOCK_ROOT)    net (fo=1416, routed)        1.574    11.742    mlp_iris_bd_i/mlp_iris_axi_wrapper_0/inst/mlp_core_i/inst/ap_clk
    SLICE_X54Y47         FDRE                                         r  mlp_iris_bd_i/mlp_iris_axi_wrapper_0/inst/mlp_core_i/inst/layer4_out_reg_349_reg[15]/C
                         clock pessimism              0.119    11.861    
                         clock uncertainty           -0.130    11.731    
    SLICE_X54Y47         FDRE (Setup_HFF_SLICEM_C_D)
                                                      0.025    11.756    mlp_iris_bd_i/mlp_iris_axi_wrapper_0/inst/mlp_core_i/inst/layer4_out_reg_349_reg[15]
  -------------------------------------------------------------------
                         required time                         11.756    
                         arrival time                          -8.658    
  -------------------------------------------------------------------
                         slack                                  3.098    

Slack (MET) :             3.102ns  (required time - arrival time)
  Source:                 mlp_iris_bd_i/mlp_iris_axi_wrapper_0/inst/mlp_core_i/inst/layer2_out_6_reg_339_reg[11]/C
                            (rising edge-triggered cell FDRE clocked by clk_pl_0  {rise@0.000ns fall@5.000ns period=10.000ns})
  Destination:            mlp_iris_bd_i/mlp_iris_axi_wrapper_0/inst/mlp_core_i/inst/layer4_out_reg_349_reg[13]/D
                            (rising edge-triggered cell FDRE clocked by clk_pl_0  {rise@0.000ns fall@5.000ns period=10.000ns})
  Path Group:             clk_pl_0
  Path Type:              Setup (Max at Slow Process Corner)
  Requirement:            10.000ns  (clk_pl_0 rise@10.000ns - clk_pl_0 rise@0.000ns)
  Data Path Delay:        6.683ns  (logic 2.917ns (43.649%)  route 3.766ns (56.351%))
  Logic Levels:           17  (CARRY8=4 DSP_A_B_DATA=1 DSP_ALU=1 DSP_M_DATA=1 DSP_MULTIPLIER=1 DSP_OUTPUT=1 DSP_PREADD_DATA=1 LUT2=2 LUT3=2 LUT4=1 LUT5=1 LUT6=1)
  Clock Path Skew:        -0.110ns (DCD - SCD + CPR)
    Destination Clock Delay (DCD):    1.742ns = ( 11.742 - 10.000 ) 
    Source Clock Delay      (SCD):    1.971ns
    Clock Pessimism Removal (CPR):    0.119ns
  Clock Uncertainty:      0.130ns  ((TSJ^2 + DJ^2)^1/2) / 2 + PE
    Total System Jitter     (TSJ):    0.071ns
    Discrete Jitter          (DJ):    0.250ns
    Phase Error              (PE):    0.000ns
  Clock Net Delay (Source):      1.763ns (routing 0.569ns, distribution 1.194ns)
  Clock Net Delay (Destination): 1.574ns (routing 0.512ns, distribution 1.062ns)

    Location             Delay type                Incr(ns)  Path(ns)    Netlist Resource(s)
  -------------------------------------------------------------------    -------------------
                         (clock clk_pl_0 rise edge)
                                                      0.000     0.000 r  
    PS8_X0Y0             PS8                          0.000     0.000 r  mlp_iris_bd_i/zynq_ultra_ps_e_0/inst/PS8_i/PLCLK[0]
                         net (fo=1, routed)           0.180     0.180    mlp_iris_bd_i/zynq_ultra_ps_e_0/inst/pl_clk_unbuffered[0]
    BUFG_PS_X0Y80        BUFG_PS (Prop_BUFG_PS_I_O)
                                                      0.028     0.208 r  mlp_iris_bd_i/zynq_ultra_ps_e_0/inst/buffer_pl_clk_0.PL_CLK_0_BUFG/O
    X1Y2 (CLOCK_ROOT)    net (fo=1416, routed)        1.763     1.971    mlp_iris_bd_i/mlp_iris_axi_wrapper_0/inst/mlp_core_i/inst/ap_clk
    SLICE_X58Y102        FDRE                                         r  mlp_iris_bd_i/mlp_iris_axi_wrapper_0/inst/mlp_core_i/inst/layer2_out_6_reg_339_reg[11]/C
  -------------------------------------------------------------------    -------------------
    SLICE_X58Y102        FDRE (Prop_DFF_SLICEL_C_Q)
                                                      0.079     2.050 f  mlp_iris_bd_i/mlp_iris_axi_wrapper_0/inst/mlp_core_i/inst/layer2_out_6_reg_339_reg[11]/Q
                         net (fo=3, routed)           0.117     2.167    mlp_iris_bd_i/mlp_iris_axi_wrapper_0/inst/mlp_core_i/inst/call_ret3_dense_latency_ap_fixed_16_6_5_3_0_ap_fixed_16_6_5_3_0_config4_s_fu_91/mul_16s_9s_25_1_1_U77/tmp_product_i_16__5_0[11]
    SLICE_X58Y100        LUT2 (Prop_F6LUT_SLICEL_I1_O)
                                                      0.148     2.315 r  mlp_iris_bd_i/mlp_iris_axi_wrapper_0/inst/mlp_core_i/inst/call_ret3_dense_latency_ap_fixed_16_6_5_3_0_ap_fixed_16_6_5_3_0_config4_s_fu_91/mul_16s_9s_25_1_1_U77/tmp_product_i_27__5/O
                         net (fo=1, routed)           0.011     2.326    mlp_iris_bd_i/mlp_iris_axi_wrapper_0/inst/mlp_core_i/inst/call_ret3_dense_latency_ap_fixed_16_6_5_3_0_ap_fixed_16_6_5_3_0_config4_s_fu_91/mul_16s_9s_25_1_1_U77/tmp_product_i_27__5_n_0
    SLICE_X58Y100        CARRY8 (Prop_CARRY8_SLICEL_S[5]_CO[7])
                                                      0.162     2.488 f  mlp_iris_bd_i/mlp_iris_axi_wrapper_0/inst/mlp_core_i/inst/call_ret3_dense_latency_ap_fixed_16_6_5_3_0_ap_fixed_16_6_5_3_0_config4_s_fu_91/mul_16s_9s_25_1_1_U77/tmp_product_i_16__5/CO[7]
                         net (fo=15, routed)          0.150     2.639    mlp_iris_bd_i/mlp_iris_axi_wrapper_0/inst/mlp_core_i/inst/call_ret3_dense_latency_ap_fixed_16_6_5_3_0_ap_fixed_16_6_5_3_0_config4_s_fu_91/mul_16s_9s_25_1_1_U77/tmp_product_i_16__5_n_0
    SLICE_X57Y100        LUT2 (Prop_C5LUT_SLICEM_I0_O)
                                                      0.068     2.707 f  mlp_iris_bd_i/mlp_iris_axi_wrapper_0/inst/mlp_core_i/inst/call_ret3_dense_latency_ap_fixed_16_6_5_3_0_ap_fixed_16_6_5_3_0_config4_s_fu_91/mul_16s_9s_25_1_1_U77/tmp_product_i_15__9/O
                         net (fo=8, routed)           1.719     4.426    mlp_iris_bd_i/mlp_iris_axi_wrapper_0/inst/mlp_core_i/inst/call_ret3_dense_latency_ap_fixed_16_6_5_3_0_ap_fixed_16_6_5_3_0_config4_s_fu_91/mul_16s_11ns_26_1_1_U98/tmp_product/A[0]
    DSP48E2_X3Y17        DSP_A_B_DATA (Prop_DSP_A_B_DATA_DSP48E2_A[0]_A2_DATA[0])
                                                      0.192     4.618 r  mlp_iris_bd_i/mlp_iris_axi_wrapper_0/inst/mlp_core_i/inst/call_ret3_dense_latency_ap_fixed_16_6_5_3_0_ap_fixed_16_6_5_3_0_config4_s_fu_91/mul_16s_11ns_26_1_1_U98/tmp_product/DSP_A_B_DATA_INST/A2_DATA[0]
                         net (fo=1, routed)           0.000     4.618    mlp_iris_bd_i/mlp_iris_axi_wrapper_0/inst/mlp_core_i/inst/call_ret3_dense_latency_ap_fixed_16_6_5_3_0_ap_fixed_16_6_5_3_0_config4_s_fu_91/mul_16s_11ns_26_1_1_U98/tmp_product/DSP_A_B_DATA.A2_DATA<0>
    DSP48E2_X3Y17        DSP_PREADD_DATA (Prop_DSP_PREADD_DATA_DSP48E2_A2_DATA[0]_A2A1[0])
                                                      0.076     4.694 r  mlp_iris_bd_i/mlp_iris_axi_wrapper_0/inst/mlp_core_i/inst/call_ret3_dense_latency_ap_fixed_16_6_5_3_0_ap_fixed_16_6_5_3_0_config4_s_fu_91/mul_16s_11ns_26_1_1_U98/tmp_product/DSP_PREADD_DATA_INST/A2A1[0]
                         net (fo=1, routed)           0.000     4.694    mlp_iris_bd_i/mlp_iris_axi_wrapper_0/inst/mlp_core_i/inst/call_ret3_dense_latency_ap_fixed_16_6_5_3_0_ap_fixed_16_6_5_3_0_config4_s_fu_91/mul_16s_11ns_26_1_1_U98/tmp_product/DSP_PREADD_DATA.A2A1<0>
    DSP48E2_X3Y17        DSP_MULTIPLIER (Prop_DSP_MULTIPLIER_DSP48E2_A2A1[0]_U[13])
                                                      0.505     5.199 f  mlp_iris_bd_i/mlp_iris_axi_wrapper_0/inst/mlp_core_i/inst/call_ret3_dense_latency_ap_fixed_16_6_5_3_0_ap_fixed_16_6_5_3_0_config4_s_fu_91/mul_16s_11ns_26_1_1_U98/tmp_product/DSP_MULTIPLIER_INST/U[13]
                         net (fo=1, routed)           0.000     5.199    mlp_iris_bd_i/mlp_iris_axi_wrapper_0/inst/mlp_core_i/inst/call_ret3_dense_latency_ap_fixed_16_6_5_3_0_ap_fixed_16_6_5_3_0_config4_s_fu_91/mul_16s_11ns_26_1_1_U98/tmp_product/DSP_MULTIPLIER.U<13>
    DSP48E2_X3Y17        DSP_M_DATA (Prop_DSP_M_DATA_DSP48E2_U[13]_U_DATA[13])
                                                      0.047     5.246 r  mlp_iris_bd_i/mlp_iris_axi_wrapper_0/inst/mlp_core_i/inst/call_ret3_dense_latency_ap_fixed_16_6_5_3_0_ap_fixed_16_6_5_3_0_config4_s_fu_91/mul_16s_11ns_26_1_1_U98/tmp_product/DSP_M_DATA_INST/U_DATA[13]
                         net (fo=1, routed)           0.000     5.246    mlp_iris_bd_i/mlp_iris_axi_wrapper_0/inst/mlp_core_i/inst/call_ret3_dense_latency_ap_fixed_16_6_5_3_0_ap_fixed_16_6_5_3_0_config4_s_fu_91/mul_16s_11ns_26_1_1_U98/tmp_product/DSP_M_DATA.U_DATA<13>
    DSP48E2_X3Y17        DSP_ALU (Prop_DSP_ALU_DSP48E2_U_DATA[13]_ALU_OUT[13])
                                                      0.585     5.831 f  mlp_iris_bd_i/mlp_iris_axi_wrapper_0/inst/mlp_core_i/inst/call_ret3_dense_latency_ap_fixed_16_6_5_3_0_ap_fixed_16_6_5_3_0_config4_s_fu_91/mul_16s_11ns_26_1_1_U98/tmp_product/DSP_ALU_INST/ALU_OUT[13]
                         net (fo=1, routed)           0.000     5.831    mlp_iris_bd_i/mlp_iris_axi_wrapper_0/inst/mlp_core_i/inst/call_ret3_dense_latency_ap_fixed_16_6_5_3_0_ap_fixed_16_6_5_3_0_config4_s_fu_91/mul_16s_11ns_26_1_1_U98/tmp_product/DSP_ALU.ALU_OUT<13>
    DSP48E2_X3Y17        DSP_OUTPUT (Prop_DSP_OUTPUT_DSP48E2_ALU_OUT[13]_P[13])
                                                      0.109     5.940 r  mlp_iris_bd_i/mlp_iris_axi_wrapper_0/inst/mlp_core_i/inst/call_ret3_dense_latency_ap_fixed_16_6_5_3_0_ap_fixed_16_6_5_3_0_config4_s_fu_91/mul_16s_11ns_26_1_1_U98/tmp_product/DSP_OUTPUT_INST/P[13]
                         net (fo=2, routed)           0.277     6.217    mlp_iris_bd_i/mlp_iris_axi_wrapper_0/inst/mlp_core_i/inst/call_ret3_dense_latency_ap_fixed_16_6_5_3_0_ap_fixed_16_6_5_3_0_config4_s_fu_91/trunc_ln42_69_fu_15464_p4[3]
    SLICE_X50Y41         LUT3 (Prop_D5LUT_SLICEM_I2_O)
                                                      0.135     6.352 r  mlp_iris_bd_i/mlp_iris_axi_wrapper_0/inst/mlp_core_i/inst/call_ret3_dense_latency_ap_fixed_16_6_5_3_0_ap_fixed_16_6_5_3_0_config4_s_fu_91/layer4_out_reg_349[15]_i_76/O
                         net (fo=2, routed)           0.215     6.567    mlp_iris_bd_i/mlp_iris_axi_wrapper_0/inst/mlp_core_i/inst/call_ret3_dense_latency_ap_fixed_16_6_5_3_0_ap_fixed_16_6_5_3_0_config4_s_fu_91/layer4_out_reg_349[15]_i_76_n_0
    SLICE_X50Y41         LUT4 (Prop_E6LUT_SLICEM_I3_O)
                                                      0.124     6.691 r  mlp_iris_bd_i/mlp_iris_axi_wrapper_0/inst/mlp_core_i/inst/call_ret3_dense_latency_ap_fixed_16_6_5_3_0_ap_fixed_16_6_5_3_0_config4_s_fu_91/layer4_out_reg_349[15]_i_83/O
                         net (fo=1, routed)           0.014     6.705    mlp_iris_bd_i/mlp_iris_axi_wrapper_0/inst/mlp_core_i/inst/call_ret3_dense_latency_ap_fixed_16_6_5_3_0_ap_fixed_16_6_5_3_0_config4_s_fu_91/layer4_out_reg_349[15]_i_83_n_0
    SLICE_X50Y41         CARRY8 (Prop_CARRY8_SLICEM_S[4]_CO[7])
                                                      0.156     6.861 r  mlp_iris_bd_i/mlp_iris_axi_wrapper_0/inst/mlp_core_i/inst/call_ret3_dense_latency_ap_fixed_16_6_5_3_0_ap_fixed_16_6_5_3_0_config4_s_fu_91/layer4_out_reg_349_reg[15]_i_40/CO[7]
                         net (fo=1, routed)           0.026     6.887    mlp_iris_bd_i/mlp_iris_axi_wrapper_0/inst/mlp_core_i/inst/call_ret3_dense_latency_ap_fixed_16_6_5_3_0_ap_fixed_16_6_5_3_0_config4_s_fu_91/layer4_out_reg_349_reg[15]_i_40_n_0
    SLICE_X50Y42         CARRY8 (Prop_CARRY8_SLICEM_CI_O[1])
                                                      0.076     6.963 r  mlp_iris_bd_i/mlp_iris_axi_wrapper_0/inst/mlp_core_i/inst/call_ret3_dense_latency_ap_fixed_16_6_5_3_0_ap_fixed_16_6_5_3_0_config4_s_fu_91/layer4_out_reg_349_reg[15]_i_19/O[1]
                         net (fo=4, routed)           0.536     7.499    mlp_iris_bd_i/mlp_iris_axi_wrapper_0/inst/mlp_core_i/inst/call_ret3_dense_latency_ap_fixed_16_6_5_3_0_ap_fixed_16_6_5_3_0_config4_s_fu_91/mul_16s_12ns_26_1_1_U90/layer4_out_reg_349[15]_i_3_0[1]
    SLICE_X55Y47         LUT3 (Prop_F6LUT_SLICEL_I1_O)
                                                      0.123     7.622 r  mlp_iris_bd_i/mlp_iris_axi_wrapper_0/inst/mlp_core_i/inst/call_ret3_dense_latency_ap_fixed_16_6_5_3_0_ap_fixed_16_6_5_3_0_config4_s_fu_91/mul_16s_12ns_26_1_1_U90/layer4_out_reg_349[15]_i_27/O
                         net (fo=3, routed)           0.242     7.864    mlp_iris_bd_i/mlp_iris_axi_wrapper_0/inst/mlp_core_i/inst/call_ret3_dense_latency_ap_fixed_16_6_5_3_0_ap_fixed_16_6_5_3_0_config4_s_fu_91/mul_16s_12ns_26_1_1_U90/layer4_out_reg_349[15]_i_27_n_0
    SLICE_X53Y47         LUT5 (Prop_D6LUT_SLICEM_I1_O)
                                                      0.099     7.963 r  mlp_iris_bd_i/mlp_iris_axi_wrapper_0/inst/mlp_core_i/inst/call_ret3_dense_latency_ap_fixed_16_6_5_3_0_ap_fixed_16_6_5_3_0_config4_s_fu_91/mul_16s_12ns_26_1_1_U90/layer4_out_reg_349[15]_i_26/O
                         net (fo=2, routed)           0.154     8.117    mlp_iris_bd_i/mlp_iris_axi_wrapper_0/inst/mlp_core_i/inst/call_ret3_dense_latency_ap_fixed_16_6_5_3_0_ap_fixed_16_6_5_3_0_config4_s_fu_91/mul_16s_12ns_26_1_1_U90/layer4_out_reg_349_reg[15]_i_19
    SLICE_X55Y47         LUT6 (Prop_H6LUT_SLICEL_I5_O)
                                                      0.051     8.168 r  mlp_iris_bd_i/mlp_iris_axi_wrapper_0/inst/mlp_core_i/inst/call_ret3_dense_latency_ap_fixed_16_6_5_3_0_ap_fixed_16_6_5_3_0_config4_s_fu_91/mul_16s_12ns_26_1_1_U90/layer4_out_reg_349[15]_i_5/O
                         net (fo=2, routed)           0.279     8.447    mlp_iris_bd_i/mlp_iris_axi_wrapper_0/inst/mlp_core_i/inst/call_ret3_dense_latency_ap_fixed_16_6_5_3_0_ap_fixed_16_6_5_3_0_config4_s_fu_91/mul_16s_12ns_26_1_1_U90_n_26
    SLICE_X54Y47         CARRY8 (Prop_CARRY8_SLICEM_DI[3]_O[5])
                                                      0.182     8.629 r  mlp_iris_bd_i/mlp_iris_axi_wrapper_0/inst/mlp_core_i/inst/call_ret3_dense_latency_ap_fixed_16_6_5_3_0_ap_fixed_16_6_5_3_0_config4_s_fu_91/layer4_out_reg_349_reg[15]_i_1/O[5]
                         net (fo=1, routed)           0.025     8.654    mlp_iris_bd_i/mlp_iris_axi_wrapper_0/inst/mlp_core_i/inst/call_ret3_dense_latency_ap_fixed_16_6_5_3_0_ap_fixed_16_6_5_3_0_config4_s_fu_91_ap_return_0[13]
    SLICE_X54Y47         FDRE                                         r  mlp_iris_bd_i/mlp_iris_axi_wrapper_0/inst/mlp_core_i/inst/layer4_out_reg_349_reg[13]/D
  -------------------------------------------------------------------    -------------------

                         (clock clk_pl_0 rise edge)
                                                     10.000    10.000 r  
    PS8_X0Y0             PS8                          0.000    10.000 r  mlp_iris_bd_i/zynq_ultra_ps_e_0/inst/PS8_i/PLCLK[0]
                         net (fo=1, routed)           0.143    10.143    mlp_iris_bd_i/zynq_ultra_ps_e_0/inst/pl_clk_unbuffered[0]
    BUFG_PS_X0Y80        BUFG_PS (Prop_BUFG_PS_I_O)
                                                      0.025    10.168 r  mlp_iris_bd_i/zynq_ultra_ps_e_0/inst/buffer_pl_clk_0.PL_CLK_0_BUFG/O
    X1Y2 (CLOCK_ROOT)    net (fo=1416, routed)        1.574    11.742    mlp_iris_bd_i/mlp_iris_axi_wrapper_0/inst/mlp_core_i/inst/ap_clk
    SLICE_X54Y47         FDRE                                         r  mlp_iris_bd_i/mlp_iris_axi_wrapper_0/inst/mlp_core_i/inst/layer4_out_reg_349_reg[13]/C
                         clock pessimism              0.119    11.861    
                         clock uncertainty           -0.130    11.731    
    SLICE_X54Y47         FDRE (Setup_FFF_SLICEM_C_D)
                                                      0.025    11.756    mlp_iris_bd_i/mlp_iris_axi_wrapper_0/inst/mlp_core_i/inst/layer4_out_reg_349_reg[13]
  -------------------------------------------------------------------
                         required time                         11.756    
                         arrival time                          -8.654    
  -------------------------------------------------------------------
                         slack                                  3.102    

Slack (MET) :             3.113ns  (required time - arrival time)
  Source:                 mlp_iris_bd_i/mlp_iris_axi_wrapper_0/inst/mlp_core_i/inst/layer2_out_6_reg_339_reg[11]/C
                            (rising edge-triggered cell FDRE clocked by clk_pl_0  {rise@0.000ns fall@5.000ns period=10.000ns})
  Destination:            mlp_iris_bd_i/mlp_iris_axi_wrapper_0/inst/mlp_core_i/inst/layer4_out_reg_349_reg[14]/D
                            (rising edge-triggered cell FDRE clocked by clk_pl_0  {rise@0.000ns fall@5.000ns period=10.000ns})
  Path Group:             clk_pl_0
  Path Type:              Setup (Max at Slow Process Corner)
  Requirement:            10.000ns  (clk_pl_0 rise@10.000ns - clk_pl_0 rise@0.000ns)
  Data Path Delay:        6.672ns  (logic 2.905ns (43.541%)  route 3.767ns (56.459%))
  Logic Levels:           17  (CARRY8=4 DSP_A_B_DATA=1 DSP_ALU=1 DSP_M_DATA=1 DSP_MULTIPLIER=1 DSP_OUTPUT=1 DSP_PREADD_DATA=1 LUT2=2 LUT3=2 LUT4=1 LUT5=1 LUT6=1)
  Clock Path Skew:        -0.110ns (DCD - SCD + CPR)
    Destination Clock Delay (DCD):    1.742ns = ( 11.742 - 10.000 ) 
    Source Clock Delay      (SCD):    1.971ns
    Clock Pessimism Removal (CPR):    0.119ns
  Clock Uncertainty:      0.130ns  ((TSJ^2 + DJ^2)^1/2) / 2 + PE
    Total System Jitter     (TSJ):    0.071ns
    Discrete Jitter          (DJ):    0.250ns
    Phase Error              (PE):    0.000ns
  Clock Net Delay (Source):      1.763ns (routing 0.569ns, distribution 1.194ns)
  Clock Net Delay (Destination): 1.574ns (routing 0.512ns, distribution 1.062ns)

    Location             Delay type                Incr(ns)  Path(ns)    Netlist Resource(s)
  -------------------------------------------------------------------    -------------------
                         (clock clk_pl_0 rise edge)
                                                      0.000     0.000 r  
    PS8_X0Y0             PS8                          0.000     0.000 r  mlp_iris_bd_i/zynq_ultra_ps_e_0/inst/PS8_i/PLCLK[0]
                         net (fo=1, routed)           0.180     0.180    mlp_iris_bd_i/zynq_ultra_ps_e_0/inst/pl_clk_unbuffered[0]
    BUFG_PS_X0Y80        BUFG_PS (Prop_BUFG_PS_I_O)
                                                      0.028     0.208 r  mlp_iris_bd_i/zynq_ultra_ps_e_0/inst/buffer_pl_clk_0.PL_CLK_0_BUFG/O
    X1Y2 (CLOCK_ROOT)    net (fo=1416, routed)        1.763     1.971    mlp_iris_bd_i/mlp_iris_axi_wrapper_0/inst/mlp_core_i/inst/ap_clk
    SLICE_X58Y102        FDRE                                         r  mlp_iris_bd_i/mlp_iris_axi_wrapper_0/inst/mlp_core_i/inst/layer2_out_6_reg_339_reg[11]/C
  -------------------------------------------------------------------    -------------------
    SLICE_X58Y102        FDRE (Prop_DFF_SLICEL_C_Q)
                                                      0.079     2.050 f  mlp_iris_bd_i/mlp_iris_axi_wrapper_0/inst/mlp_core_i/inst/layer2_out_6_reg_339_reg[11]/Q
                         net (fo=3, routed)           0.117     2.167    mlp_iris_bd_i/mlp_iris_axi_wrapper_0/inst/mlp_core_i/inst/call_ret3_dense_latency_ap_fixed_16_6_5_3_0_ap_fixed_16_6_5_3_0_config4_s_fu_91/mul_16s_9s_25_1_1_U77/tmp_product_i_16__5_0[11]
    SLICE_X58Y100        LUT2 (Prop_F6LUT_SLICEL_I1_O)
                                                      0.148     2.315 r  mlp_iris_bd_i/mlp_iris_axi_wrapper_0/inst/mlp_core_i/inst/call_ret3_dense_latency_ap_fixed_16_6_5_3_0_ap_fixed_16_6_5_3_0_config4_s_fu_91/mul_16s_9s_25_1_1_U77/tmp_product_i_27__5/O
                         net (fo=1, routed)           0.011     2.326    mlp_iris_bd_i/mlp_iris_axi_wrapper_0/inst/mlp_core_i/inst/call_ret3_dense_latency_ap_fixed_16_6_5_3_0_ap_fixed_16_6_5_3_0_config4_s_fu_91/mul_16s_9s_25_1_1_U77/tmp_product_i_27__5_n_0
    SLICE_X58Y100        CARRY8 (Prop_CARRY8_SLICEL_S[5]_CO[7])
                                                      0.162     2.488 f  mlp_iris_bd_i/mlp_iris_axi_wrapper_0/inst/mlp_core_i/inst/call_ret3_dense_latency_ap_fixed_16_6_5_3_0_ap_fixed_16_6_5_3_0_config4_s_fu_91/mul_16s_9s_25_1_1_U77/tmp_product_i_16__5/CO[7]
                         net (fo=15, routed)          0.150     2.639    mlp_iris_bd_i/mlp_iris_axi_wrapper_0/inst/mlp_core_i/inst/call_ret3_dense_latency_ap_fixed_16_6_5_3_0_ap_fixed_16_6_5_3_0_config4_s_fu_91/mul_16s_9s_25_1_1_U77/tmp_product_i_16__5_n_0
    SLICE_X57Y100        LUT2 (Prop_C5LUT_SLICEM_I0_O)
                                                      0.068     2.707 f  mlp_iris_bd_i/mlp_iris_axi_wrapper_0/inst/mlp_core_i/inst/call_ret3_dense_latency_ap_fixed_16_6_5_3_0_ap_fixed_16_6_5_3_0_config4_s_fu_91/mul_16s_9s_25_1_1_U77/tmp_product_i_15__9/O
                         net (fo=8, routed)           1.719     4.426    mlp_iris_bd_i/mlp_iris_axi_wrapper_0/inst/mlp_core_i/inst/call_ret3_dense_latency_ap_fixed_16_6_5_3_0_ap_fixed_16_6_5_3_0_config4_s_fu_91/mul_16s_11ns_26_1_1_U98/tmp_product/A[0]
    DSP48E2_X3Y17        DSP_A_B_DATA (Prop_DSP_A_B_DATA_DSP48E2_A[0]_A2_DATA[0])
                                                      0.192     4.618 r  mlp_iris_bd_i/mlp_iris_axi_wrapper_0/inst/mlp_core_i/inst/call_ret3_dense_latency_ap_fixed_16_6_5_3_0_ap_fixed_16_6_5_3_0_config4_s_fu_91/mul_16s_11ns_26_1_1_U98/tmp_product/DSP_A_B_DATA_INST/A2_DATA[0]
                         net (fo=1, routed)           0.000     4.618    mlp_iris_bd_i/mlp_iris_axi_wrapper_0/inst/mlp_core_i/inst/call_ret3_dense_latency_ap_fixed_16_6_5_3_0_ap_fixed_16_6_5_3_0_config4_s_fu_91/mul_16s_11ns_26_1_1_U98/tmp_product/DSP_A_B_DATA.A2_DATA<0>
    DSP48E2_X3Y17        DSP_PREADD_DATA (Prop_DSP_PREADD_DATA_DSP48E2_A2_DATA[0]_A2A1[0])
                                                      0.076     4.694 r  mlp_iris_bd_i/mlp_iris_axi_wrapper_0/inst/mlp_core_i/inst/call_ret3_dense_latency_ap_fixed_16_6_5_3_0_ap_fixed_16_6_5_3_0_config4_s_fu_91/mul_16s_11ns_26_1_1_U98/tmp_product/DSP_PREADD_DATA_INST/A2A1[0]
                         net (fo=1, routed)           0.000     4.694    mlp_iris_bd_i/mlp_iris_axi_wrapper_0/inst/mlp_core_i/inst/call_ret3_dense_latency_ap_fixed_16_6_5_3_0_ap_fixed_16_6_5_3_0_config4_s_fu_91/mul_16s_11ns_26_1_1_U98/tmp_product/DSP_PREADD_DATA.A2A1<0>
    DSP48E2_X3Y17        DSP_MULTIPLIER (Prop_DSP_MULTIPLIER_DSP48E2_A2A1[0]_U[13])
                                                      0.505     5.199 f  mlp_iris_bd_i/mlp_iris_axi_wrapper_0/inst/mlp_core_i/inst/call_ret3_dense_latency_ap_fixed_16_6_5_3_0_ap_fixed_16_6_5_3_0_config4_s_fu_91/mul_16s_11ns_26_1_1_U98/tmp_product/DSP_MULTIPLIER_INST/U[13]
                         net (fo=1, routed)           0.000     5.199    mlp_iris_bd_i/mlp_iris_axi_wrapper_0/inst/mlp_core_i/inst/call_ret3_dense_latency_ap_fixed_16_6_5_3_0_ap_fixed_16_6_5_3_0_config4_s_fu_91/mul_16s_11ns_26_1_1_U98/tmp_product/DSP_MULTIPLIER.U<13>
    DSP48E2_X3Y17        DSP_M_DATA (Prop_DSP_M_DATA_DSP48E2_U[13]_U_DATA[13])
                                                      0.047     5.246 r  mlp_iris_bd_i/mlp_iris_axi_wrapper_0/inst/mlp_core_i/inst/call_ret3_dense_latency_ap_fixed_16_6_5_3_0_ap_fixed_16_6_5_3_0_config4_s_fu_91/mul_16s_11ns_26_1_1_U98/tmp_product/DSP_M_DATA_INST/U_DATA[13]
                         net (fo=1, routed)           0.000     5.246    mlp_iris_bd_i/mlp_iris_axi_wrapper_0/inst/mlp_core_i/inst/call_ret3_dense_latency_ap_fixed_16_6_5_3_0_ap_fixed_16_6_5_3_0_config4_s_fu_91/mul_16s_11ns_26_1_1_U98/tmp_product/DSP_M_DATA.U_DATA<13>
    DSP48E2_X3Y17        DSP_ALU (Prop_DSP_ALU_DSP48E2_U_DATA[13]_ALU_OUT[13])
                                                      0.585     5.831 f  mlp_iris_bd_i/mlp_iris_axi_wrapper_0/inst/mlp_core_i/inst/call_ret3_dense_latency_ap_fixed_16_6_5_3_0_ap_fixed_16_6_5_3_0_config4_s_fu_91/mul_16s_11ns_26_1_1_U98/tmp_product/DSP_ALU_INST/ALU_OUT[13]
                         net (fo=1, routed)           0.000     5.831    mlp_iris_bd_i/mlp_iris_axi_wrapper_0/inst/mlp_core_i/inst/call_ret3_dense_latency_ap_fixed_16_6_5_3_0_ap_fixed_16_6_5_3_0_config4_s_fu_91/mul_16s_11ns_26_1_1_U98/tmp_product/DSP_ALU.ALU_OUT<13>
    DSP48E2_X3Y17        DSP_OUTPUT (Prop_DSP_OUTPUT_DSP48E2_ALU_OUT[13]_P[13])
                                                      0.109     5.940 r  mlp_iris_bd_i/mlp_iris_axi_wrapper_0/inst/mlp_core_i/inst/call_ret3_dense_latency_ap_fixed_16_6_5_3_0_ap_fixed_16_6_5_3_0_config4_s_fu_91/mul_16s_11ns_26_1_1_U98/tmp_product/DSP_OUTPUT_INST/P[13]
                         net (fo=2, routed)           0.277     6.217    mlp_iris_bd_i/mlp_iris_axi_wrapper_0/inst/mlp_core_i/inst/call_ret3_dense_latency_ap_fixed_16_6_5_3_0_ap_fixed_16_6_5_3_0_config4_s_fu_91/trunc_ln42_69_fu_15464_p4[3]
    SLICE_X50Y41         LUT3 (Prop_D5LUT_SLICEM_I2_O)
                                                      0.135     6.352 r  mlp_iris_bd_i/mlp_iris_axi_wrapper_0/inst/mlp_core_i/inst/call_ret3_dense_latency_ap_fixed_16_6_5_3_0_ap_fixed_16_6_5_3_0_config4_s_fu_91/layer4_out_reg_349[15]_i_76/O
                         net (fo=2, routed)           0.215     6.567    mlp_iris_bd_i/mlp_iris_axi_wrapper_0/inst/mlp_core_i/inst/call_ret3_dense_latency_ap_fixed_16_6_5_3_0_ap_fixed_16_6_5_3_0_config4_s_fu_91/layer4_out_reg_349[15]_i_76_n_0
    SLICE_X50Y41         LUT4 (Prop_E6LUT_SLICEM_I3_O)
                                                      0.124     6.691 r  mlp_iris_bd_i/mlp_iris_axi_wrapper_0/inst/mlp_core_i/inst/call_ret3_dense_latency_ap_fixed_16_6_5_3_0_ap_fixed_16_6_5_3_0_config4_s_fu_91/layer4_out_reg_349[15]_i_83/O
                         net (fo=1, routed)           0.014     6.705    mlp_iris_bd_i/mlp_iris_axi_wrapper_0/inst/mlp_core_i/inst/call_ret3_dense_latency_ap_fixed_16_6_5_3_0_ap_fixed_16_6_5_3_0_config4_s_fu_91/layer4_out_reg_349[15]_i_83_n_0
    SLICE_X50Y41         CARRY8 (Prop_CARRY8_SLICEM_S[4]_CO[7])
                                                      0.156     6.861 r  mlp_iris_bd_i/mlp_iris_axi_wrapper_0/inst/mlp_core_i/inst/call_ret3_dense_latency_ap_fixed_16_6_5_3_0_ap_fixed_16_6_5_3_0_config4_s_fu_91/layer4_out_reg_349_reg[15]_i_40/CO[7]
                         net (fo=1, routed)           0.026     6.887    mlp_iris_bd_i/mlp_iris_axi_wrapper_0/inst/mlp_core_i/inst/call_ret3_dense_latency_ap_fixed_16_6_5_3_0_ap_fixed_16_6_5_3_0_config4_s_fu_91/layer4_out_reg_349_reg[15]_i_40_n_0
    SLICE_X50Y42         CARRY8 (Prop_CARRY8_SLICEM_CI_O[1])
                                                      0.076     6.963 r  mlp_iris_bd_i/mlp_iris_axi_wrapper_0/inst/mlp_core_i/inst/call_ret3_dense_latency_ap_fixed_16_6_5_3_0_ap_fixed_16_6_5_3_0_config4_s_fu_91/layer4_out_reg_349_reg[15]_i_19/O[1]
                         net (fo=4, routed)           0.536     7.499    mlp_iris_bd_i/mlp_iris_axi_wrapper_0/inst/mlp_core_i/inst/call_ret3_dense_latency_ap_fixed_16_6_5_3_0_ap_fixed_16_6_5_3_0_config4_s_fu_91/mul_16s_12ns_26_1_1_U90/layer4_out_reg_349[15]_i_3_0[1]
    SLICE_X55Y47         LUT3 (Prop_F6LUT_SLICEL_I1_O)
                                                      0.123     7.622 r  mlp_iris_bd_i/mlp_iris_axi_wrapper_0/inst/mlp_core_i/inst/call_ret3_dense_latency_ap_fixed_16_6_5_3_0_ap_fixed_16_6_5_3_0_config4_s_fu_91/mul_16s_12ns_26_1_1_U90/layer4_out_reg_349[15]_i_27/O
                         net (fo=3, routed)           0.242     7.864    mlp_iris_bd_i/mlp_iris_axi_wrapper_0/inst/mlp_core_i/inst/call_ret3_dense_latency_ap_fixed_16_6_5_3_0_ap_fixed_16_6_5_3_0_config4_s_fu_91/mul_16s_12ns_26_1_1_U90/layer4_out_reg_349[15]_i_27_n_0
    SLICE_X53Y47         LUT5 (Prop_D6LUT_SLICEM_I1_O)
                                                      0.099     7.963 r  mlp_iris_bd_i/mlp_iris_axi_wrapper_0/inst/mlp_core_i/inst/call_ret3_dense_latency_ap_fixed_16_6_5_3_0_ap_fixed_16_6_5_3_0_config4_s_fu_91/mul_16s_12ns_26_1_1_U90/layer4_out_reg_349[15]_i_26/O
                         net (fo=2, routed)           0.154     8.117    mlp_iris_bd_i/mlp_iris_axi_wrapper_0/inst/mlp_core_i/inst/call_ret3_dense_latency_ap_fixed_16_6_5_3_0_ap_fixed_16_6_5_3_0_config4_s_fu_91/mul_16s_12ns_26_1_1_U90/layer4_out_reg_349_reg[15]_i_19
    SLICE_X55Y47         LUT6 (Prop_H6LUT_SLICEL_I5_O)
                                                      0.051     8.168 r  mlp_iris_bd_i/mlp_iris_axi_wrapper_0/inst/mlp_core_i/inst/call_ret3_dense_latency_ap_fixed_16_6_5_3_0_ap_fixed_16_6_5_3_0_config4_s_fu_91/mul_16s_12ns_26_1_1_U90/layer4_out_reg_349[15]_i_5/O
                         net (fo=2, routed)           0.279     8.447    mlp_iris_bd_i/mlp_iris_axi_wrapper_0/inst/mlp_core_i/inst/call_ret3_dense_latency_ap_fixed_16_6_5_3_0_ap_fixed_16_6_5_3_0_config4_s_fu_91/mul_16s_12ns_26_1_1_U90_n_26
    SLICE_X54Y47         CARRY8 (Prop_CARRY8_SLICEM_DI[3]_O[6])
                                                      0.170     8.617 r  mlp_iris_bd_i/mlp_iris_axi_wrapper_0/inst/mlp_core_i/inst/call_ret3_dense_latency_ap_fixed_16_6_5_3_0_ap_fixed_16_6_5_3_0_config4_s_fu_91/layer4_out_reg_349_reg[15]_i_1/O[6]
                         net (fo=1, routed)           0.026     8.643    mlp_iris_bd_i/mlp_iris_axi_wrapper_0/inst/mlp_core_i/inst/call_ret3_dense_latency_ap_fixed_16_6_5_3_0_ap_fixed_16_6_5_3_0_config4_s_fu_91_ap_return_0[14]
    SLICE_X54Y47         FDRE                                         r  mlp_iris_bd_i/mlp_iris_axi_wrapper_0/inst/mlp_core_i/inst/layer4_out_reg_349_reg[14]/D
  -------------------------------------------------------------------    -------------------

                         (clock clk_pl_0 rise edge)
                                                     10.000    10.000 r  
    PS8_X0Y0             PS8                          0.000    10.000 r  mlp_iris_bd_i/zynq_ultra_ps_e_0/inst/PS8_i/PLCLK[0]
                         net (fo=1, routed)           0.143    10.143    mlp_iris_bd_i/zynq_ultra_ps_e_0/inst/pl_clk_unbuffered[0]
    BUFG_PS_X0Y80        BUFG_PS (Prop_BUFG_PS_I_O)
                                                      0.025    10.168 r  mlp_iris_bd_i/zynq_ultra_ps_e_0/inst/buffer_pl_clk_0.PL_CLK_0_BUFG/O
    X1Y2 (CLOCK_ROOT)    net (fo=1416, routed)        1.574    11.742    mlp_iris_bd_i/mlp_iris_axi_wrapper_0/inst/mlp_core_i/inst/ap_clk
    SLICE_X54Y47         FDRE                                         r  mlp_iris_bd_i/mlp_iris_axi_wrapper_0/inst/mlp_core_i/inst/layer4_out_reg_349_reg[14]/C
                         clock pessimism              0.119    11.861    
                         clock uncertainty           -0.130    11.731    
    SLICE_X54Y47         FDRE (Setup_GFF_SLICEM_C_D)
                                                      0.025    11.756    mlp_iris_bd_i/mlp_iris_axi_wrapper_0/inst/mlp_core_i/inst/layer4_out_reg_349_reg[14]
  -------------------------------------------------------------------
                         required time                         11.756    
                         arrival time                          -8.643    
  -------------------------------------------------------------------
                         slack                                  3.113    

Slack (MET) :             3.137ns  (required time - arrival time)
  Source:                 mlp_iris_bd_i/mlp_iris_axi_wrapper_0/inst/mlp_core_i/inst/layer2_out_6_reg_339_reg[11]/C
                            (rising edge-triggered cell FDRE clocked by clk_pl_0  {rise@0.000ns fall@5.000ns period=10.000ns})
  Destination:            mlp_iris_bd_i/mlp_iris_axi_wrapper_0/inst/mlp_core_i/inst/layer4_out_reg_349_reg[12]/D
                            (rising edge-triggered cell FDRE clocked by clk_pl_0  {rise@0.000ns fall@5.000ns period=10.000ns})
  Path Group:             clk_pl_0
  Path Type:              Setup (Max at Slow Process Corner)
  Requirement:            10.000ns  (clk_pl_0 rise@10.000ns - clk_pl_0 rise@0.000ns)
  Data Path Delay:        6.648ns  (logic 2.882ns (43.352%)  route 3.766ns (56.648%))
  Logic Levels:           17  (CARRY8=4 DSP_A_B_DATA=1 DSP_ALU=1 DSP_M_DATA=1 DSP_MULTIPLIER=1 DSP_OUTPUT=1 DSP_PREADD_DATA=1 LUT2=2 LUT3=2 LUT4=1 LUT5=1 LUT6=1)
  Clock Path Skew:        -0.110ns (DCD - SCD + CPR)
    Destination Clock Delay (DCD):    1.742ns = ( 11.742 - 10.000 ) 
    Source Clock Delay      (SCD):    1.971ns
    Clock Pessimism Removal (CPR):    0.119ns
  Clock Uncertainty:      0.130ns  ((TSJ^2 + DJ^2)^1/2) / 2 + PE
    Total System Jitter     (TSJ):    0.071ns
    Discrete Jitter          (DJ):    0.250ns
    Phase Error              (PE):    0.000ns
  Clock Net Delay (Source):      1.763ns (routing 0.569ns, distribution 1.194ns)
  Clock Net Delay (Destination): 1.574ns (routing 0.512ns, distribution 1.062ns)

    Location             Delay type                Incr(ns)  Path(ns)    Netlist Resource(s)
  -------------------------------------------------------------------    -------------------
                         (clock clk_pl_0 rise edge)
                                                      0.000     0.000 r  
    PS8_X0Y0             PS8                          0.000     0.000 r  mlp_iris_bd_i/zynq_ultra_ps_e_0/inst/PS8_i/PLCLK[0]
                         net (fo=1, routed)           0.180     0.180    mlp_iris_bd_i/zynq_ultra_ps_e_0/inst/pl_clk_unbuffered[0]
    BUFG_PS_X0Y80        BUFG_PS (Prop_BUFG_PS_I_O)
                                                      0.028     0.208 r  mlp_iris_bd_i/zynq_ultra_ps_e_0/inst/buffer_pl_clk_0.PL_CLK_0_BUFG/O
    X1Y2 (CLOCK_ROOT)    net (fo=1416, routed)        1.763     1.971    mlp_iris_bd_i/mlp_iris_axi_wrapper_0/inst/mlp_core_i/inst/ap_clk
    SLICE_X58Y102        FDRE                                         r  mlp_iris_bd_i/mlp_iris_axi_wrapper_0/inst/mlp_core_i/inst/layer2_out_6_reg_339_reg[11]/C
  -------------------------------------------------------------------    -------------------
    SLICE_X58Y102        FDRE (Prop_DFF_SLICEL_C_Q)
                                                      0.079     2.050 f  mlp_iris_bd_i/mlp_iris_axi_wrapper_0/inst/mlp_core_i/inst/layer2_out_6_reg_339_reg[11]/Q
                         net (fo=3, routed)           0.117     2.167    mlp_iris_bd_i/mlp_iris_axi_wrapper_0/inst/mlp_core_i/inst/call_ret3_dense_latency_ap_fixed_16_6_5_3_0_ap_fixed_16_6_5_3_0_config4_s_fu_91/mul_16s_9s_25_1_1_U77/tmp_product_i_16__5_0[11]
    SLICE_X58Y100        LUT2 (Prop_F6LUT_SLICEL_I1_O)
                                                      0.148     2.315 r  mlp_iris_bd_i/mlp_iris_axi_wrapper_0/inst/mlp_core_i/inst/call_ret3_dense_latency_ap_fixed_16_6_5_3_0_ap_fixed_16_6_5_3_0_config4_s_fu_91/mul_16s_9s_25_1_1_U77/tmp_product_i_27__5/O
                         net (fo=1, routed)           0.011     2.326    mlp_iris_bd_i/mlp_iris_axi_wrapper_0/inst/mlp_core_i/inst/call_ret3_dense_latency_ap_fixed_16_6_5_3_0_ap_fixed_16_6_5_3_0_config4_s_fu_91/mul_16s_9s_25_1_1_U77/tmp_product_i_27__5_n_0
    SLICE_X58Y100        CARRY8 (Prop_CARRY8_SLICEL_S[5]_CO[7])
                                                      0.162     2.488 f  mlp_iris_bd_i/mlp_iris_axi_wrapper_0/inst/mlp_core_i/inst/call_ret3_dense_latency_ap_fixed_16_6_5_3_0_ap_fixed_16_6_5_3_0_config4_s_fu_91/mul_16s_9s_25_1_1_U77/tmp_product_i_16__5/CO[7]
                         net (fo=15, routed)          0.150     2.639    mlp_iris_bd_i/mlp_iris_axi_wrapper_0/inst/mlp_core_i/inst/call_ret3_dense_latency_ap_fixed_16_6_5_3_0_ap_fixed_16_6_5_3_0_config4_s_fu_91/mul_16s_9s_25_1_1_U77/tmp_product_i_16__5_n_0
    SLICE_X57Y100        LUT2 (Prop_C5LUT_SLICEM_I0_O)
                                                      0.068     2.707 f  mlp_iris_bd_i/mlp_iris_axi_wrapper_0/inst/mlp_core_i/inst/call_ret3_dense_latency_ap_fixed_16_6_5_3_0_ap_fixed_16_6_5_3_0_config4_s_fu_91/mul_16s_9s_25_1_1_U77/tmp_product_i_15__9/O
                         net (fo=8, routed)           1.719     4.426    mlp_iris_bd_i/mlp_iris_axi_wrapper_0/inst/mlp_core_i/inst/call_ret3_dense_latency_ap_fixed_16_6_5_3_0_ap_fixed_16_6_5_3_0_config4_s_fu_91/mul_16s_11ns_26_1_1_U98/tmp_product/A[0]
    DSP48E2_X3Y17        DSP_A_B_DATA (Prop_DSP_A_B_DATA_DSP48E2_A[0]_A2_DATA[0])
                                                      0.192     4.618 r  mlp_iris_bd_i/mlp_iris_axi_wrapper_0/inst/mlp_core_i/inst/call_ret3_dense_latency_ap_fixed_16_6_5_3_0_ap_fixed_16_6_5_3_0_config4_s_fu_91/mul_16s_11ns_26_1_1_U98/tmp_product/DSP_A_B_DATA_INST/A2_DATA[0]
                         net (fo=1, routed)           0.000     4.618    mlp_iris_bd_i/mlp_iris_axi_wrapper_0/inst/mlp_core_i/inst/call_ret3_dense_latency_ap_fixed_16_6_5_3_0_ap_fixed_16_6_5_3_0_config4_s_fu_91/mul_16s_11ns_26_1_1_U98/tmp_product/DSP_A_B_DATA.A2_DATA<0>
    DSP48E2_X3Y17        DSP_PREADD_DATA (Prop_DSP_PREADD_DATA_DSP48E2_A2_DATA[0]_A2A1[0])
                                                      0.076     4.694 r  mlp_iris_bd_i/mlp_iris_axi_wrapper_0/inst/mlp_core_i/inst/call_ret3_dense_latency_ap_fixed_16_6_5_3_0_ap_fixed_16_6_5_3_0_config4_s_fu_91/mul_16s_11ns_26_1_1_U98/tmp_product/DSP_PREADD_DATA_INST/A2A1[0]
                         net (fo=1, routed)           0.000     4.694    mlp_iris_bd_i/mlp_iris_axi_wrapper_0/inst/mlp_core_i/inst/call_ret3_dense_latency_ap_fixed_16_6_5_3_0_ap_fixed_16_6_5_3_0_config4_s_fu_91/mul_16s_11ns_26_1_1_U98/tmp_product/DSP_PREADD_DATA.A2A1<0>
    DSP48E2_X3Y17        DSP_MULTIPLIER (Prop_DSP_MULTIPLIER_DSP48E2_A2A1[0]_U[13])
                                                      0.505     5.199 f  mlp_iris_bd_i/mlp_iris_axi_wrapper_0/inst/mlp_core_i/inst/call_ret3_dense_latency_ap_fixed_16_6_5_3_0_ap_fixed_16_6_5_3_0_config4_s_fu_91/mul_16s_11ns_26_1_1_U98/tmp_product/DSP_MULTIPLIER_INST/U[13]
                         net (fo=1, routed)           0.000     5.199    mlp_iris_bd_i/mlp_iris_axi_wrapper_0/inst/mlp_core_i/inst/call_ret3_dense_latency_ap_fixed_16_6_5_3_0_ap_fixed_16_6_5_3_0_config4_s_fu_91/mul_16s_11ns_26_1_1_U98/tmp_product/DSP_MULTIPLIER.U<13>
    DSP48E2_X3Y17        DSP_M_DATA (Prop_DSP_M_DATA_DSP48E2_U[13]_U_DATA[13])
                                                      0.047     5.246 r  mlp_iris_bd_i/mlp_iris_axi_wrapper_0/inst/mlp_core_i/inst/call_ret3_dense_latency_ap_fixed_16_6_5_3_0_ap_fixed_16_6_5_3_0_config4_s_fu_91/mul_16s_11ns_26_1_1_U98/tmp_product/DSP_M_DATA_INST/U_DATA[13]
                         net (fo=1, routed)           0.000     5.246    mlp_iris_bd_i/mlp_iris_axi_wrapper_0/inst/mlp_core_i/inst/call_ret3_dense_latency_ap_fixed_16_6_5_3_0_ap_fixed_16_6_5_3_0_config4_s_fu_91/mul_16s_11ns_26_1_1_U98/tmp_product/DSP_M_DATA.U_DATA<13>
    DSP48E2_X3Y17        DSP_ALU (Prop_DSP_ALU_DSP48E2_U_DATA[13]_ALU_OUT[13])
                                                      0.585     5.831 f  mlp_iris_bd_i/mlp_iris_axi_wrapper_0/inst/mlp_core_i/inst/call_ret3_dense_latency_ap_fixed_16_6_5_3_0_ap_fixed_16_6_5_3_0_config4_s_fu_91/mul_16s_11ns_26_1_1_U98/tmp_product/DSP_ALU_INST/ALU_OUT[13]
                         net (fo=1, routed)           0.000     5.831    mlp_iris_bd_i/mlp_iris_axi_wrapper_0/inst/mlp_core_i/inst/call_ret3_dense_latency_ap_fixed_16_6_5_3_0_ap_fixed_16_6_5_3_0_config4_s_fu_91/mul_16s_11ns_26_1_1_U98/tmp_product/DSP_ALU.ALU_OUT<13>
    DSP48E2_X3Y17        DSP_OUTPUT (Prop_DSP_OUTPUT_DSP48E2_ALU_OUT[13]_P[13])
                                                      0.109     5.940 r  mlp_iris_bd_i/mlp_iris_axi_wrapper_0/inst/mlp_core_i/inst/call_ret3_dense_latency_ap_fixed_16_6_5_3_0_ap_fixed_16_6_5_3_0_config4_s_fu_91/mul_16s_11ns_26_1_1_U98/tmp_product/DSP_OUTPUT_INST/P[13]
                         net (fo=2, routed)           0.277     6.217    mlp_iris_bd_i/mlp_iris_axi_wrapper_0/inst/mlp_core_i/inst/call_ret3_dense_latency_ap_fixed_16_6_5_3_0_ap_fixed_16_6_5_3_0_config4_s_fu_91/trunc_ln42_69_fu_15464_p4[3]
    SLICE_X50Y41         LUT3 (Prop_D5LUT_SLICEM_I2_O)
                                                      0.135     6.352 r  mlp_iris_bd_i/mlp_iris_axi_wrapper_0/inst/mlp_core_i/inst/call_ret3_dense_latency_ap_fixed_16_6_5_3_0_ap_fixed_16_6_5_3_0_config4_s_fu_91/layer4_out_reg_349[15]_i_76/O
                         net (fo=2, routed)           0.215     6.567    mlp_iris_bd_i/mlp_iris_axi_wrapper_0/inst/mlp_core_i/inst/call_ret3_dense_latency_ap_fixed_16_6_5_3_0_ap_fixed_16_6_5_3_0_config4_s_fu_91/layer4_out_reg_349[15]_i_76_n_0
    SLICE_X50Y41         LUT4 (Prop_E6LUT_SLICEM_I3_O)
                                                      0.124     6.691 r  mlp_iris_bd_i/mlp_iris_axi_wrapper_0/inst/mlp_core_i/inst/call_ret3_dense_latency_ap_fixed_16_6_5_3_0_ap_fixed_16_6_5_3_0_config4_s_fu_91/layer4_out_reg_349[15]_i_83/O
                         net (fo=1, routed)           0.014     6.705    mlp_iris_bd_i/mlp_iris_axi_wrapper_0/inst/mlp_core_i/inst/call_ret3_dense_latency_ap_fixed_16_6_5_3_0_ap_fixed_16_6_5_3_0_config4_s_fu_91/layer4_out_reg_349[15]_i_83_n_0
    SLICE_X50Y41         CARRY8 (Prop_CARRY8_SLICEM_S[4]_CO[7])
                                                      0.156     6.861 r  mlp_iris_bd_i/mlp_iris_axi_wrapper_0/inst/mlp_core_i/inst/call_ret3_dense_latency_ap_fixed_16_6_5_3_0_ap_fixed_16_6_5_3_0_config4_s_fu_91/layer4_out_reg_349_reg[15]_i_40/CO[7]
                         net (fo=1, routed)           0.026     6.887    mlp_iris_bd_i/mlp_iris_axi_wrapper_0/inst/mlp_core_i/inst/call_ret3_dense_latency_ap_fixed_16_6_5_3_0_ap_fixed_16_6_5_3_0_config4_s_fu_91/layer4_out_reg_349_reg[15]_i_40_n_0
    SLICE_X50Y42         CARRY8 (Prop_CARRY8_SLICEM_CI_O[1])
                                                      0.076     6.963 r  mlp_iris_bd_i/mlp_iris_axi_wrapper_0/inst/mlp_core_i/inst/call_ret3_dense_latency_ap_fixed_16_6_5_3_0_ap_fixed_16_6_5_3_0_config4_s_fu_91/layer4_out_reg_349_reg[15]_i_19/O[1]
                         net (fo=4, routed)           0.536     7.499    mlp_iris_bd_i/mlp_iris_axi_wrapper_0/inst/mlp_core_i/inst/call_ret3_dense_latency_ap_fixed_16_6_5_3_0_ap_fixed_16_6_5_3_0_config4_s_fu_91/mul_16s_12ns_26_1_1_U90/layer4_out_reg_349[15]_i_3_0[1]
    SLICE_X55Y47         LUT3 (Prop_F6LUT_SLICEL_I1_O)
                                                      0.123     7.622 r  mlp_iris_bd_i/mlp_iris_axi_wrapper_0/inst/mlp_core_i/inst/call_ret3_dense_latency_ap_fixed_16_6_5_3_0_ap_fixed_16_6_5_3_0_config4_s_fu_91/mul_16s_12ns_26_1_1_U90/layer4_out_reg_349[15]_i_27/O
                         net (fo=3, routed)           0.242     7.864    mlp_iris_bd_i/mlp_iris_axi_wrapper_0/inst/mlp_core_i/inst/call_ret3_dense_latency_ap_fixed_16_6_5_3_0_ap_fixed_16_6_5_3_0_config4_s_fu_91/mul_16s_12ns_26_1_1_U90/layer4_out_reg_349[15]_i_27_n_0
    SLICE_X53Y47         LUT5 (Prop_D6LUT_SLICEM_I1_O)
                                                      0.099     7.963 r  mlp_iris_bd_i/mlp_iris_axi_wrapper_0/inst/mlp_core_i/inst/call_ret3_dense_latency_ap_fixed_16_6_5_3_0_ap_fixed_16_6_5_3_0_config4_s_fu_91/mul_16s_12ns_26_1_1_U90/layer4_out_reg_349[15]_i_26/O
                         net (fo=2, routed)           0.154     8.117    mlp_iris_bd_i/mlp_iris_axi_wrapper_0/inst/mlp_core_i/inst/call_ret3_dense_latency_ap_fixed_16_6_5_3_0_ap_fixed_16_6_5_3_0_config4_s_fu_91/mul_16s_12ns_26_1_1_U90/layer4_out_reg_349_reg[15]_i_19
    SLICE_X55Y47         LUT6 (Prop_H6LUT_SLICEL_I5_O)
                                                      0.051     8.168 r  mlp_iris_bd_i/mlp_iris_axi_wrapper_0/inst/mlp_core_i/inst/call_ret3_dense_latency_ap_fixed_16_6_5_3_0_ap_fixed_16_6_5_3_0_config4_s_fu_91/mul_16s_12ns_26_1_1_U90/layer4_out_reg_349[15]_i_5/O
                         net (fo=2, routed)           0.279     8.447    mlp_iris_bd_i/mlp_iris_axi_wrapper_0/inst/mlp_core_i/inst/call_ret3_dense_latency_ap_fixed_16_6_5_3_0_ap_fixed_16_6_5_3_0_config4_s_fu_91/mul_16s_12ns_26_1_1_U90_n_26
    SLICE_X54Y47         CARRY8 (Prop_CARRY8_SLICEM_DI[3]_O[4])
                                                      0.147     8.594 r  mlp_iris_bd_i/mlp_iris_axi_wrapper_0/inst/mlp_core_i/inst/call_ret3_dense_latency_ap_fixed_16_6_5_3_0_ap_fixed_16_6_5_3_0_config4_s_fu_91/layer4_out_reg_349_reg[15]_i_1/O[4]
                         net (fo=1, routed)           0.025     8.619    mlp_iris_bd_i/mlp_iris_axi_wrapper_0/inst/mlp_core_i/inst/call_ret3_dense_latency_ap_fixed_16_6_5_3_0_ap_fixed_16_6_5_3_0_config4_s_fu_91_ap_return_0[12]
    SLICE_X54Y47         FDRE                                         r  mlp_iris_bd_i/mlp_iris_axi_wrapper_0/inst/mlp_core_i/inst/layer4_out_reg_349_reg[12]/D
  -------------------------------------------------------------------    -------------------

                         (clock clk_pl_0 rise edge)
                                                     10.000    10.000 r  
    PS8_X0Y0             PS8                          0.000    10.000 r  mlp_iris_bd_i/zynq_ultra_ps_e_0/inst/PS8_i/PLCLK[0]
                         net (fo=1, routed)           0.143    10.143    mlp_iris_bd_i/zynq_ultra_ps_e_0/inst/pl_clk_unbuffered[0]
    BUFG_PS_X0Y80        BUFG_PS (Prop_BUFG_PS_I_O)
                                                      0.025    10.168 r  mlp_iris_bd_i/zynq_ultra_ps_e_0/inst/buffer_pl_clk_0.PL_CLK_0_BUFG/O
    X1Y2 (CLOCK_ROOT)    net (fo=1416, routed)        1.574    11.742    mlp_iris_bd_i/mlp_iris_axi_wrapper_0/inst/mlp_core_i/inst/ap_clk
    SLICE_X54Y47         FDRE                                         r  mlp_iris_bd_i/mlp_iris_axi_wrapper_0/inst/mlp_core_i/inst/layer4_out_reg_349_reg[12]/C
                         clock pessimism              0.119    11.861    
                         clock uncertainty           -0.130    11.731    
    SLICE_X54Y47         FDRE (Setup_EFF_SLICEM_C_D)
                                                      0.025    11.756    mlp_iris_bd_i/mlp_iris_axi_wrapper_0/inst/mlp_core_i/inst/layer4_out_reg_349_reg[12]
  -------------------------------------------------------------------
                         required time                         11.756    
                         arrival time                          -8.619    
  -------------------------------------------------------------------
                         slack                                  3.137    

Slack (MET) :             3.266ns  (required time - arrival time)
  Source:                 mlp_iris_bd_i/mlp_iris_axi_wrapper_0/inst/mlp_core_i/inst/layer2_out_6_reg_339_reg[11]/C
                            (rising edge-triggered cell FDRE clocked by clk_pl_0  {rise@0.000ns fall@5.000ns period=10.000ns})
  Destination:            mlp_iris_bd_i/mlp_iris_axi_wrapper_0/inst/mlp_core_i/inst/layer4_out_reg_349_reg[11]/D
                            (rising edge-triggered cell FDRE clocked by clk_pl_0  {rise@0.000ns fall@5.000ns period=10.000ns})
  Path Group:             clk_pl_0
  Path Type:              Setup (Max at Slow Process Corner)
  Requirement:            10.000ns  (clk_pl_0 rise@10.000ns - clk_pl_0 rise@0.000ns)
  Data Path Delay:        6.520ns  (logic 2.918ns (44.755%)  route 3.602ns (55.245%))
  Logic Levels:           18  (CARRY8=4 DSP_A_B_DATA=1 DSP_ALU=1 DSP_M_DATA=1 DSP_MULTIPLIER=1 DSP_OUTPUT=1 DSP_PREADD_DATA=1 LUT2=2 LUT3=3 LUT4=1 LUT5=1 LUT6=1)
  Clock Path Skew:        -0.109ns (DCD - SCD + CPR)
    Destination Clock Delay (DCD):    1.743ns = ( 11.743 - 10.000 ) 
    Source Clock Delay      (SCD):    1.971ns
    Clock Pessimism Removal (CPR):    0.119ns
  Clock Uncertainty:      0.130ns  ((TSJ^2 + DJ^2)^1/2) / 2 + PE
    Total System Jitter     (TSJ):    0.071ns
    Discrete Jitter          (DJ):    0.250ns
    Phase Error              (PE):    0.000ns
  Clock Net Delay (Source):      1.763ns (routing 0.569ns, distribution 1.194ns)
  Clock Net Delay (Destination): 1.575ns (routing 0.512ns, distribution 1.063ns)

    Location             Delay type                Incr(ns)  Path(ns)    Netlist Resource(s)
  -------------------------------------------------------------------    -------------------
                         (clock clk_pl_0 rise edge)
                                                      0.000     0.000 r  
    PS8_X0Y0             PS8                          0.000     0.000 r  mlp_iris_bd_i/zynq_ultra_ps_e_0/inst/PS8_i/PLCLK[0]
                         net (fo=1, routed)           0.180     0.180    mlp_iris_bd_i/zynq_ultra_ps_e_0/inst/pl_clk_unbuffered[0]
    BUFG_PS_X0Y80        BUFG_PS (Prop_BUFG_PS_I_O)
                                                      0.028     0.208 r  mlp_iris_bd_i/zynq_ultra_ps_e_0/inst/buffer_pl_clk_0.PL_CLK_0_BUFG/O
    X1Y2 (CLOCK_ROOT)    net (fo=1416, routed)        1.763     1.971    mlp_iris_bd_i/mlp_iris_axi_wrapper_0/inst/mlp_core_i/inst/ap_clk
    SLICE_X58Y102        FDRE                                         r  mlp_iris_bd_i/mlp_iris_axi_wrapper_0/inst/mlp_core_i/inst/layer2_out_6_reg_339_reg[11]/C
  -------------------------------------------------------------------    -------------------
    SLICE_X58Y102        FDRE (Prop_DFF_SLICEL_C_Q)
                                                      0.079     2.050 f  mlp_iris_bd_i/mlp_iris_axi_wrapper_0/inst/mlp_core_i/inst/layer2_out_6_reg_339_reg[11]/Q
                         net (fo=3, routed)           0.117     2.167    mlp_iris_bd_i/mlp_iris_axi_wrapper_0/inst/mlp_core_i/inst/call_ret3_dense_latency_ap_fixed_16_6_5_3_0_ap_fixed_16_6_5_3_0_config4_s_fu_91/mul_16s_9s_25_1_1_U77/tmp_product_i_16__5_0[11]
    SLICE_X58Y100        LUT2 (Prop_F6LUT_SLICEL_I1_O)
                                                      0.148     2.315 r  mlp_iris_bd_i/mlp_iris_axi_wrapper_0/inst/mlp_core_i/inst/call_ret3_dense_latency_ap_fixed_16_6_5_3_0_ap_fixed_16_6_5_3_0_config4_s_fu_91/mul_16s_9s_25_1_1_U77/tmp_product_i_27__5/O
                         net (fo=1, routed)           0.011     2.326    mlp_iris_bd_i/mlp_iris_axi_wrapper_0/inst/mlp_core_i/inst/call_ret3_dense_latency_ap_fixed_16_6_5_3_0_ap_fixed_16_6_5_3_0_config4_s_fu_91/mul_16s_9s_25_1_1_U77/tmp_product_i_27__5_n_0
    SLICE_X58Y100        CARRY8 (Prop_CARRY8_SLICEL_S[5]_CO[7])
                                                      0.162     2.488 f  mlp_iris_bd_i/mlp_iris_axi_wrapper_0/inst/mlp_core_i/inst/call_ret3_dense_latency_ap_fixed_16_6_5_3_0_ap_fixed_16_6_5_3_0_config4_s_fu_91/mul_16s_9s_25_1_1_U77/tmp_product_i_16__5/CO[7]
                         net (fo=15, routed)          0.150     2.639    mlp_iris_bd_i/mlp_iris_axi_wrapper_0/inst/mlp_core_i/inst/call_ret3_dense_latency_ap_fixed_16_6_5_3_0_ap_fixed_16_6_5_3_0_config4_s_fu_91/mul_16s_9s_25_1_1_U77/tmp_product_i_16__5_n_0
    SLICE_X57Y100        LUT2 (Prop_C5LUT_SLICEM_I0_O)
                                                      0.068     2.707 f  mlp_iris_bd_i/mlp_iris_axi_wrapper_0/inst/mlp_core_i/inst/call_ret3_dense_latency_ap_fixed_16_6_5_3_0_ap_fixed_16_6_5_3_0_config4_s_fu_91/mul_16s_9s_25_1_1_U77/tmp_product_i_15__9/O
                         net (fo=8, routed)           1.719     4.426    mlp_iris_bd_i/mlp_iris_axi_wrapper_0/inst/mlp_core_i/inst/call_ret3_dense_latency_ap_fixed_16_6_5_3_0_ap_fixed_16_6_5_3_0_config4_s_fu_91/mul_16s_11ns_26_1_1_U98/tmp_product/A[0]
    DSP48E2_X3Y17        DSP_A_B_DATA (Prop_DSP_A_B_DATA_DSP48E2_A[0]_A2_DATA[0])
                                                      0.192     4.618 r  mlp_iris_bd_i/mlp_iris_axi_wrapper_0/inst/mlp_core_i/inst/call_ret3_dense_latency_ap_fixed_16_6_5_3_0_ap_fixed_16_6_5_3_0_config4_s_fu_91/mul_16s_11ns_26_1_1_U98/tmp_product/DSP_A_B_DATA_INST/A2_DATA[0]
                         net (fo=1, routed)           0.000     4.618    mlp_iris_bd_i/mlp_iris_axi_wrapper_0/inst/mlp_core_i/inst/call_ret3_dense_latency_ap_fixed_16_6_5_3_0_ap_fixed_16_6_5_3_0_config4_s_fu_91/mul_16s_11ns_26_1_1_U98/tmp_product/DSP_A_B_DATA.A2_DATA<0>
    DSP48E2_X3Y17        DSP_PREADD_DATA (Prop_DSP_PREADD_DATA_DSP48E2_A2_DATA[0]_A2A1[0])
                                                      0.076     4.694 r  mlp_iris_bd_i/mlp_iris_axi_wrapper_0/inst/mlp_core_i/inst/call_ret3_dense_latency_ap_fixed_16_6_5_3_0_ap_fixed_16_6_5_3_0_config4_s_fu_91/mul_16s_11ns_26_1_1_U98/tmp_product/DSP_PREADD_DATA_INST/A2A1[0]
                         net (fo=1, routed)           0.000     4.694    mlp_iris_bd_i/mlp_iris_axi_wrapper_0/inst/mlp_core_i/inst/call_ret3_dense_latency_ap_fixed_16_6_5_3_0_ap_fixed_16_6_5_3_0_config4_s_fu_91/mul_16s_11ns_26_1_1_U98/tmp_product/DSP_PREADD_DATA.A2A1<0>
    DSP48E2_X3Y17        DSP_MULTIPLIER (Prop_DSP_MULTIPLIER_DSP48E2_A2A1[0]_U[13])
                                                      0.505     5.199 f  mlp_iris_bd_i/mlp_iris_axi_wrapper_0/inst/mlp_core_i/inst/call_ret3_dense_latency_ap_fixed_16_6_5_3_0_ap_fixed_16_6_5_3_0_config4_s_fu_91/mul_16s_11ns_26_1_1_U98/tmp_product/DSP_MULTIPLIER_INST/U[13]
                         net (fo=1, routed)           0.000     5.199    mlp_iris_bd_i/mlp_iris_axi_wrapper_0/inst/mlp_core_i/inst/call_ret3_dense_latency_ap_fixed_16_6_5_3_0_ap_fixed_16_6_5_3_0_config4_s_fu_91/mul_16s_11ns_26_1_1_U98/tmp_product/DSP_MULTIPLIER.U<13>
    DSP48E2_X3Y17        DSP_M_DATA (Prop_DSP_M_DATA_DSP48E2_U[13]_U_DATA[13])
                                                      0.047     5.246 r  mlp_iris_bd_i/mlp_iris_axi_wrapper_0/inst/mlp_core_i/inst/call_ret3_dense_latency_ap_fixed_16_6_5_3_0_ap_fixed_16_6_5_3_0_config4_s_fu_91/mul_16s_11ns_26_1_1_U98/tmp_product/DSP_M_DATA_INST/U_DATA[13]
                         net (fo=1, routed)           0.000     5.246    mlp_iris_bd_i/mlp_iris_axi_wrapper_0/inst/mlp_core_i/inst/call_ret3_dense_latency_ap_fixed_16_6_5_3_0_ap_fixed_16_6_5_3_0_config4_s_fu_91/mul_16s_11ns_26_1_1_U98/tmp_product/DSP_M_DATA.U_DATA<13>
    DSP48E2_X3Y17        DSP_ALU (Prop_DSP_ALU_DSP48E2_U_DATA[13]_ALU_OUT[13])
                                                      0.585     5.831 f  mlp_iris_bd_i/mlp_iris_axi_wrapper_0/inst/mlp_core_i/inst/call_ret3_dense_latency_ap_fixed_16_6_5_3_0_ap_fixed_16_6_5_3_0_config4_s_fu_91/mul_16s_11ns_26_1_1_U98/tmp_product/DSP_ALU_INST/ALU_OUT[13]
                         net (fo=1, routed)           0.000     5.831    mlp_iris_bd_i/mlp_iris_axi_wrapper_0/inst/mlp_core_i/inst/call_ret3_dense_latency_ap_fixed_16_6_5_3_0_ap_fixed_16_6_5_3_0_config4_s_fu_91/mul_16s_11ns_26_1_1_U98/tmp_product/DSP_ALU.ALU_OUT<13>
    DSP48E2_X3Y17        DSP_OUTPUT (Prop_DSP_OUTPUT_DSP48E2_ALU_OUT[13]_P[13])
                                                      0.109     5.940 r  mlp_iris_bd_i/mlp_iris_axi_wrapper_0/inst/mlp_core_i/inst/call_ret3_dense_latency_ap_fixed_16_6_5_3_0_ap_fixed_16_6_5_3_0_config4_s_fu_91/mul_16s_11ns_26_1_1_U98/tmp_product/DSP_OUTPUT_INST/P[13]
                         net (fo=2, routed)           0.277     6.217    mlp_iris_bd_i/mlp_iris_axi_wrapper_0/inst/mlp_core_i/inst/call_ret3_dense_latency_ap_fixed_16_6_5_3_0_ap_fixed_16_6_5_3_0_config4_s_fu_91/trunc_ln42_69_fu_15464_p4[3]
    SLICE_X50Y41         LUT3 (Prop_D5LUT_SLICEM_I2_O)
                                                      0.135     6.352 r  mlp_iris_bd_i/mlp_iris_axi_wrapper_0/inst/mlp_core_i/inst/call_ret3_dense_latency_ap_fixed_16_6_5_3_0_ap_fixed_16_6_5_3_0_config4_s_fu_91/layer4_out_reg_349[15]_i_76/O
                         net (fo=2, routed)           0.215     6.567    mlp_iris_bd_i/mlp_iris_axi_wrapper_0/inst/mlp_core_i/inst/call_ret3_dense_latency_ap_fixed_16_6_5_3_0_ap_fixed_16_6_5_3_0_config4_s_fu_91/layer4_out_reg_349[15]_i_76_n_0
    SLICE_X50Y41         LUT4 (Prop_E6LUT_SLICEM_I3_O)
                                                      0.124     6.691 r  mlp_iris_bd_i/mlp_iris_axi_wrapper_0/inst/mlp_core_i/inst/call_ret3_dense_latency_ap_fixed_16_6_5_3_0_ap_fixed_16_6_5_3_0_config4_s_fu_91/layer4_out_reg_349[15]_i_83/O
                         net (fo=1, routed)           0.014     6.705    mlp_iris_bd_i/mlp_iris_axi_wrapper_0/inst/mlp_core_i/inst/call_ret3_dense_latency_ap_fixed_16_6_5_3_0_ap_fixed_16_6_5_3_0_config4_s_fu_91/layer4_out_reg_349[15]_i_83_n_0
    SLICE_X50Y41         CARRY8 (Prop_CARRY8_SLICEM_S[4]_CO[7])
                                                      0.156     6.861 r  mlp_iris_bd_i/mlp_iris_axi_wrapper_0/inst/mlp_core_i/inst/call_ret3_dense_latency_ap_fixed_16_6_5_3_0_ap_fixed_16_6_5_3_0_config4_s_fu_91/layer4_out_reg_349_reg[15]_i_40/CO[7]
                         net (fo=1, routed)           0.026     6.887    mlp_iris_bd_i/mlp_iris_axi_wrapper_0/inst/mlp_core_i/inst/call_ret3_dense_latency_ap_fixed_16_6_5_3_0_ap_fixed_16_6_5_3_0_config4_s_fu_91/layer4_out_reg_349_reg[15]_i_40_n_0
    SLICE_X50Y42         CARRY8 (Prop_CARRY8_SLICEM_CI_O[1])
                                                      0.076     6.963 r  mlp_iris_bd_i/mlp_iris_axi_wrapper_0/inst/mlp_core_i/inst/call_ret3_dense_latency_ap_fixed_16_6_5_3_0_ap_fixed_16_6_5_3_0_config4_s_fu_91/layer4_out_reg_349_reg[15]_i_19/O[1]
                         net (fo=4, routed)           0.536     7.499    mlp_iris_bd_i/mlp_iris_axi_wrapper_0/inst/mlp_core_i/inst/call_ret3_dense_latency_ap_fixed_16_6_5_3_0_ap_fixed_16_6_5_3_0_config4_s_fu_91/mul_16s_12ns_26_1_1_U90/layer4_out_reg_349[15]_i_3_0[1]
    SLICE_X55Y47         LUT3 (Prop_F6LUT_SLICEL_I1_O)
                                                      0.123     7.622 r  mlp_iris_bd_i/mlp_iris_axi_wrapper_0/inst/mlp_core_i/inst/call_ret3_dense_latency_ap_fixed_16_6_5_3_0_ap_fixed_16_6_5_3_0_config4_s_fu_91/mul_16s_12ns_26_1_1_U90/layer4_out_reg_349[15]_i_27/O
                         net (fo=3, routed)           0.242     7.864    mlp_iris_bd_i/mlp_iris_axi_wrapper_0/inst/mlp_core_i/inst/call_ret3_dense_latency_ap_fixed_16_6_5_3_0_ap_fixed_16_6_5_3_0_config4_s_fu_91/mul_16s_12ns_26_1_1_U90/layer4_out_reg_349[15]_i_27_n_0
    SLICE_X53Y47         LUT5 (Prop_D6LUT_SLICEM_I1_O)
                                                      0.099     7.963 r  mlp_iris_bd_i/mlp_iris_axi_wrapper_0/inst/mlp_core_i/inst/call_ret3_dense_latency_ap_fixed_16_6_5_3_0_ap_fixed_16_6_5_3_0_config4_s_fu_91/mul_16s_12ns_26_1_1_U90/layer4_out_reg_349[15]_i_26/O
                         net (fo=2, routed)           0.154     8.117    mlp_iris_bd_i/mlp_iris_axi_wrapper_0/inst/mlp_core_i/inst/call_ret3_dense_latency_ap_fixed_16_6_5_3_0_ap_fixed_16_6_5_3_0_config4_s_fu_91/mul_16s_12ns_26_1_1_U90/layer4_out_reg_349_reg[15]_i_19
    SLICE_X55Y47         LUT6 (Prop_H6LUT_SLICEL_I5_O)
                                                      0.051     8.168 r  mlp_iris_bd_i/mlp_iris_axi_wrapper_0/inst/mlp_core_i/inst/call_ret3_dense_latency_ap_fixed_16_6_5_3_0_ap_fixed_16_6_5_3_0_config4_s_fu_91/mul_16s_12ns_26_1_1_U90/layer4_out_reg_349[15]_i_5/O
                         net (fo=2, routed)           0.089     8.257    mlp_iris_bd_i/mlp_iris_axi_wrapper_0/inst/mlp_core_i/inst/call_ret3_dense_latency_ap_fixed_16_6_5_3_0_ap_fixed_16_6_5_3_0_config4_s_fu_91/mul_16s_12ns_26_1_1_U90_n_26
    SLICE_X54Y47         LUT3 (Prop_D6LUT_SLICEM_I0_O)
                                                      0.122     8.379 r  mlp_iris_bd_i/mlp_iris_axi_wrapper_0/inst/mlp_core_i/inst/call_ret3_dense_latency_ap_fixed_16_6_5_3_0_ap_fixed_16_6_5_3_0_config4_s_fu_91/layer4_out_reg_349[15]_i_13/O
                         net (fo=1, routed)           0.025     8.404    mlp_iris_bd_i/mlp_iris_axi_wrapper_0/inst/mlp_core_i/inst/call_ret3_dense_latency_ap_fixed_16_6_5_3_0_ap_fixed_16_6_5_3_0_config4_s_fu_91/layer4_out_reg_349[15]_i_13_n_0
    SLICE_X54Y47         CARRY8 (Prop_CARRY8_SLICEM_S[3]_O[3])
                                                      0.061     8.465 r  mlp_iris_bd_i/mlp_iris_axi_wrapper_0/inst/mlp_core_i/inst/call_ret3_dense_latency_ap_fixed_16_6_5_3_0_ap_fixed_16_6_5_3_0_config4_s_fu_91/layer4_out_reg_349_reg[15]_i_1/O[3]
                         net (fo=1, routed)           0.026     8.491    mlp_iris_bd_i/mlp_iris_axi_wrapper_0/inst/mlp_core_i/inst/call_ret3_dense_latency_ap_fixed_16_6_5_3_0_ap_fixed_16_6_5_3_0_config4_s_fu_91_ap_return_0[11]
    SLICE_X54Y47         FDRE                                         r  mlp_iris_bd_i/mlp_iris_axi_wrapper_0/inst/mlp_core_i/inst/layer4_out_reg_349_reg[11]/D
  -------------------------------------------------------------------    -------------------

                         (clock clk_pl_0 rise edge)
                                                     10.000    10.000 r  
    PS8_X0Y0             PS8                          0.000    10.000 r  mlp_iris_bd_i/zynq_ultra_ps_e_0/inst/PS8_i/PLCLK[0]
                         net (fo=1, routed)           0.143    10.143    mlp_iris_bd_i/zynq_ultra_ps_e_0/inst/pl_clk_unbuffered[0]
    BUFG_PS_X0Y80        BUFG_PS (Prop_BUFG_PS_I_O)
                                                      0.025    10.168 r  mlp_iris_bd_i/zynq_ultra_ps_e_0/inst/buffer_pl_clk_0.PL_CLK_0_BUFG/O
    X1Y2 (CLOCK_ROOT)    net (fo=1416, routed)        1.575    11.743    mlp_iris_bd_i/mlp_iris_axi_wrapper_0/inst/mlp_core_i/inst/ap_clk
    SLICE_X54Y47         FDRE                                         r  mlp_iris_bd_i/mlp_iris_axi_wrapper_0/inst/mlp_core_i/inst/layer4_out_reg_349_reg[11]/C
                         clock pessimism              0.119    11.862    
                         clock uncertainty           -0.130    11.732    
    SLICE_X54Y47         FDRE (Setup_DFF_SLICEM_C_D)
                                                      0.025    11.757    mlp_iris_bd_i/mlp_iris_axi_wrapper_0/inst/mlp_core_i/inst/layer4_out_reg_349_reg[11]
  -------------------------------------------------------------------
                         required time                         11.757    
                         arrival time                          -8.491    
  -------------------------------------------------------------------
                         slack                                  3.266    

Slack (MET) :             3.297ns  (required time - arrival time)
  Source:                 mlp_iris_bd_i/mlp_iris_axi_wrapper_0/inst/mlp_core_i/inst/layer2_out_reg_309_reg[4]/C
                            (rising edge-triggered cell FDRE clocked by clk_pl_0  {rise@0.000ns fall@5.000ns period=10.000ns})
  Destination:            mlp_iris_bd_i/mlp_iris_axi_wrapper_0/inst/mlp_core_i/inst/layer4_out_7_reg_384_reg[15]/D
                            (rising edge-triggered cell FDRE clocked by clk_pl_0  {rise@0.000ns fall@5.000ns period=10.000ns})
  Path Group:             clk_pl_0
  Path Type:              Setup (Max at Slow Process Corner)
  Requirement:            10.000ns  (clk_pl_0 rise@10.000ns - clk_pl_0 rise@0.000ns)
  Data Path Delay:        6.487ns  (logic 2.955ns (45.555%)  route 3.532ns (54.445%))
  Logic Levels:           16  (CARRY8=3 DSP_A_B_DATA=1 DSP_ALU=1 DSP_M_DATA=1 DSP_MULTIPLIER=1 DSP_OUTPUT=1 DSP_PREADD_DATA=1 LUT2=2 LUT3=2 LUT4=1 LUT5=1 LUT6=1)
  Clock Path Skew:        -0.111ns (DCD - SCD + CPR)
    Destination Clock Delay (DCD):    1.744ns = ( 11.744 - 10.000 ) 
    Source Clock Delay      (SCD):    1.974ns
    Clock Pessimism Removal (CPR):    0.119ns
  Clock Uncertainty:      0.130ns  ((TSJ^2 + DJ^2)^1/2) / 2 + PE
    Total System Jitter     (TSJ):    0.071ns
    Discrete Jitter          (DJ):    0.250ns
    Phase Error              (PE):    0.000ns
  Clock Net Delay (Source):      1.766ns (routing 0.569ns, distribution 1.197ns)
  Clock Net Delay (Destination): 1.576ns (routing 0.512ns, distribution 1.064ns)

    Location             Delay type                Incr(ns)  Path(ns)    Netlist Resource(s)
  -------------------------------------------------------------------    -------------------
                         (clock clk_pl_0 rise edge)
                                                      0.000     0.000 r  
    PS8_X0Y0             PS8                          0.000     0.000 r  mlp_iris_bd_i/zynq_ultra_ps_e_0/inst/PS8_i/PLCLK[0]
                         net (fo=1, routed)           0.180     0.180    mlp_iris_bd_i/zynq_ultra_ps_e_0/inst/pl_clk_unbuffered[0]
    BUFG_PS_X0Y80        BUFG_PS (Prop_BUFG_PS_I_O)
                                                      0.028     0.208 r  mlp_iris_bd_i/zynq_ultra_ps_e_0/inst/buffer_pl_clk_0.PL_CLK_0_BUFG/O
    X1Y2 (CLOCK_ROOT)    net (fo=1416, routed)        1.766     1.974    mlp_iris_bd_i/mlp_iris_axi_wrapper_0/inst/mlp_core_i/inst/ap_clk
    SLICE_X56Y106        FDRE                                         r  mlp_iris_bd_i/mlp_iris_axi_wrapper_0/inst/mlp_core_i/inst/layer2_out_reg_309_reg[4]/C
  -------------------------------------------------------------------    -------------------
    SLICE_X56Y106        FDRE (Prop_EFF_SLICEM_C_Q)
                                                      0.076     2.050 f  mlp_iris_bd_i/mlp_iris_axi_wrapper_0/inst/mlp_core_i/inst/layer2_out_reg_309_reg[4]/Q
                         net (fo=6, routed)           0.176     2.226    mlp_iris_bd_i/mlp_iris_axi_wrapper_0/inst/mlp_core_i/inst/call_ret3_dense_latency_ap_fixed_16_6_5_3_0_ap_fixed_16_6_5_3_0_config4_s_fu_91/mul_16s_9ns_25_1_1_U63/Q[4]
    SLICE_X56Y104        LUT2 (Prop_C6LUT_SLICEM_I0_O)
                                                      0.123     2.349 r  mlp_iris_bd_i/mlp_iris_axi_wrapper_0/inst/mlp_core_i/inst/call_ret3_dense_latency_ap_fixed_16_6_5_3_0_ap_fixed_16_6_5_3_0_config4_s_fu_91/mul_16s_9ns_25_1_1_U63/tmp_product_i_30/O
                         net (fo=1, routed)           0.021     2.370    mlp_iris_bd_i/mlp_iris_axi_wrapper_0/inst/mlp_core_i/inst/call_ret3_dense_latency_ap_fixed_16_6_5_3_0_ap_fixed_16_6_5_3_0_config4_s_fu_91/mul_16s_9ns_25_1_1_U63/tmp_product_i_30_n_0
    SLICE_X56Y104        CARRY8 (Prop_CARRY8_SLICEM_S[2]_CO[7])
                                                      0.168     2.538 f  mlp_iris_bd_i/mlp_iris_axi_wrapper_0/inst/mlp_core_i/inst/call_ret3_dense_latency_ap_fixed_16_6_5_3_0_ap_fixed_16_6_5_3_0_config4_s_fu_91/mul_16s_9ns_25_1_1_U63/tmp_product_i_16/CO[7]
                         net (fo=45, routed)          0.424     2.961    mlp_iris_bd_i/mlp_iris_axi_wrapper_0/inst/mlp_core_i/inst/call_ret3_dense_latency_ap_fixed_16_6_5_3_0_ap_fixed_16_6_5_3_0_config4_s_fu_91/mul_16s_9ns_25_1_1_U63/CO[0]
    SLICE_X56Y77         LUT2 (Prop_C5LUT_SLICEM_I0_O)
                                                      0.068     3.029 f  mlp_iris_bd_i/mlp_iris_axi_wrapper_0/inst/mlp_core_i/inst/call_ret3_dense_latency_ap_fixed_16_6_5_3_0_ap_fixed_16_6_5_3_0_config4_s_fu_91/mul_16s_9ns_25_1_1_U63/tmp_product_i_5__3/O
                         net (fo=7, routed)           1.382     4.411    mlp_iris_bd_i/mlp_iris_axi_wrapper_0/inst/mlp_core_i/inst/call_ret3_dense_latency_ap_fixed_16_6_5_3_0_ap_fixed_16_6_5_3_0_config4_s_fu_91/mul_16s_11ns_26_1_1_U68/tmp_product/A[10]
    DSP48E2_X6Y15        DSP_A_B_DATA (Prop_DSP_A_B_DATA_DSP48E2_A[10]_A2_DATA[10])
                                                      0.192     4.603 r  mlp_iris_bd_i/mlp_iris_axi_wrapper_0/inst/mlp_core_i/inst/call_ret3_dense_latency_ap_fixed_16_6_5_3_0_ap_fixed_16_6_5_3_0_config4_s_fu_91/mul_16s_11ns_26_1_1_U68/tmp_product/DSP_A_B_DATA_INST/A2_DATA[10]
                         net (fo=1, routed)           0.000     4.603    mlp_iris_bd_i/mlp_iris_axi_wrapper_0/inst/mlp_core_i/inst/call_ret3_dense_latency_ap_fixed_16_6_5_3_0_ap_fixed_16_6_5_3_0_config4_s_fu_91/mul_16s_11ns_26_1_1_U68/tmp_product/DSP_A_B_DATA.A2_DATA<10>
    DSP48E2_X6Y15        DSP_PREADD_DATA (Prop_DSP_PREADD_DATA_DSP48E2_A2_DATA[10]_A2A1[10])
                                                      0.076     4.679 r  mlp_iris_bd_i/mlp_iris_axi_wrapper_0/inst/mlp_core_i/inst/call_ret3_dense_latency_ap_fixed_16_6_5_3_0_ap_fixed_16_6_5_3_0_config4_s_fu_91/mul_16s_11ns_26_1_1_U68/tmp_product/DSP_PREADD_DATA_INST/A2A1[10]
                         net (fo=1, routed)           0.000     4.679    mlp_iris_bd_i/mlp_iris_axi_wrapper_0/inst/mlp_core_i/inst/call_ret3_dense_latency_ap_fixed_16_6_5_3_0_ap_fixed_16_6_5_3_0_config4_s_fu_91/mul_16s_11ns_26_1_1_U68/tmp_product/DSP_PREADD_DATA.A2A1<10>
    DSP48E2_X6Y15        DSP_MULTIPLIER (Prop_DSP_MULTIPLIER_DSP48E2_A2A1[10]_U[13])
                                                      0.505     5.184 f  mlp_iris_bd_i/mlp_iris_axi_wrapper_0/inst/mlp_core_i/inst/call_ret3_dense_latency_ap_fixed_16_6_5_3_0_ap_fixed_16_6_5_3_0_config4_s_fu_91/mul_16s_11ns_26_1_1_U68/tmp_product/DSP_MULTIPLIER_INST/U[13]
                         net (fo=1, routed)           0.000     5.184    mlp_iris_bd_i/mlp_iris_axi_wrapper_0/inst/mlp_core_i/inst/call_ret3_dense_latency_ap_fixed_16_6_5_3_0_ap_fixed_16_6_5_3_0_config4_s_fu_91/mul_16s_11ns_26_1_1_U68/tmp_product/DSP_MULTIPLIER.U<13>
    DSP48E2_X6Y15        DSP_M_DATA (Prop_DSP_M_DATA_DSP48E2_U[13]_U_DATA[13])
                                                      0.047     5.231 r  mlp_iris_bd_i/mlp_iris_axi_wrapper_0/inst/mlp_core_i/inst/call_ret3_dense_latency_ap_fixed_16_6_5_3_0_ap_fixed_16_6_5_3_0_config4_s_fu_91/mul_16s_11ns_26_1_1_U68/tmp_product/DSP_M_DATA_INST/U_DATA[13]
                         net (fo=1, routed)           0.000     5.231    mlp_iris_bd_i/mlp_iris_axi_wrapper_0/inst/mlp_core_i/inst/call_ret3_dense_latency_ap_fixed_16_6_5_3_0_ap_fixed_16_6_5_3_0_config4_s_fu_91/mul_16s_11ns_26_1_1_U68/tmp_product/DSP_M_DATA.U_DATA<13>
    DSP48E2_X6Y15        DSP_ALU (Prop_DSP_ALU_DSP48E2_U_DATA[13]_ALU_OUT[13])
                                                      0.585     5.816 f  mlp_iris_bd_i/mlp_iris_axi_wrapper_0/inst/mlp_core_i/inst/call_ret3_dense_latency_ap_fixed_16_6_5_3_0_ap_fixed_16_6_5_3_0_config4_s_fu_91/mul_16s_11ns_26_1_1_U68/tmp_product/DSP_ALU_INST/ALU_OUT[13]
                         net (fo=1, routed)           0.000     5.816    mlp_iris_bd_i/mlp_iris_axi_wrapper_0/inst/mlp_core_i/inst/call_ret3_dense_latency_ap_fixed_16_6_5_3_0_ap_fixed_16_6_5_3_0_config4_s_fu_91/mul_16s_11ns_26_1_1_U68/tmp_product/DSP_ALU.ALU_OUT<13>
    DSP48E2_X6Y15        DSP_OUTPUT (Prop_DSP_OUTPUT_DSP48E2_ALU_OUT[13]_P[13])
                                                      0.109     5.925 r  mlp_iris_bd_i/mlp_iris_axi_wrapper_0/inst/mlp_core_i/inst/call_ret3_dense_latency_ap_fixed_16_6_5_3_0_ap_fixed_16_6_5_3_0_config4_s_fu_91/mul_16s_11ns_26_1_1_U68/tmp_product/DSP_OUTPUT_INST/P[13]
                         net (fo=2, routed)           0.520     6.445    mlp_iris_bd_i/mlp_iris_axi_wrapper_0/inst/mlp_core_i/inst/call_ret3_dense_latency_ap_fixed_16_6_5_3_0_ap_fixed_16_6_5_3_0_config4_s_fu_91/trunc_ln42_28_fu_14646_p4[3]
    SLICE_X57Y37         LUT3 (Prop_D5LUT_SLICEM_I0_O)
                                                      0.135     6.580 r  mlp_iris_bd_i/mlp_iris_axi_wrapper_0/inst/mlp_core_i/inst/call_ret3_dense_latency_ap_fixed_16_6_5_3_0_ap_fixed_16_6_5_3_0_config4_s_fu_91/layer4_out_7_reg_384[15]_i_81/O
                         net (fo=2, routed)           0.215     6.795    mlp_iris_bd_i/mlp_iris_axi_wrapper_0/inst/mlp_core_i/inst/call_ret3_dense_latency_ap_fixed_16_6_5_3_0_ap_fixed_16_6_5_3_0_config4_s_fu_91/layer4_out_7_reg_384[15]_i_81_n_0
    SLICE_X57Y37         LUT4 (Prop_E6LUT_SLICEM_I3_O)
                                                      0.124     6.919 r  mlp_iris_bd_i/mlp_iris_axi_wrapper_0/inst/mlp_core_i/inst/call_ret3_dense_latency_ap_fixed_16_6_5_3_0_ap_fixed_16_6_5_3_0_config4_s_fu_91/layer4_out_7_reg_384[15]_i_88/O
                         net (fo=1, routed)           0.014     6.933    mlp_iris_bd_i/mlp_iris_axi_wrapper_0/inst/mlp_core_i/inst/call_ret3_dense_latency_ap_fixed_16_6_5_3_0_ap_fixed_16_6_5_3_0_config4_s_fu_91/layer4_out_7_reg_384[15]_i_88_n_0
    SLICE_X57Y37         CARRY8 (Prop_CARRY8_SLICEM_S[4]_O[7])
                                                      0.137     7.070 r  mlp_iris_bd_i/mlp_iris_axi_wrapper_0/inst/mlp_core_i/inst/call_ret3_dense_latency_ap_fixed_16_6_5_3_0_ap_fixed_16_6_5_3_0_config4_s_fu_91/layer4_out_7_reg_384_reg[15]_i_26/O[7]
                         net (fo=3, routed)           0.384     7.454    mlp_iris_bd_i/mlp_iris_axi_wrapper_0/inst/mlp_core_i/inst/call_ret3_dense_latency_ap_fixed_16_6_5_3_0_ap_fixed_16_6_5_3_0_config4_s_fu_91/mul_16s_8ns_24_1_1_U56/layer4_out_7_reg_384_reg[15]_0[6]
    SLICE_X56Y45         LUT3 (Prop_G6LUT_SLICEM_I1_O)
                                                      0.052     7.506 r  mlp_iris_bd_i/mlp_iris_axi_wrapper_0/inst/mlp_core_i/inst/call_ret3_dense_latency_ap_fixed_16_6_5_3_0_ap_fixed_16_6_5_3_0_config4_s_fu_91/mul_16s_8ns_24_1_1_U56/layer4_out_7_reg_384[15]_i_27/O
                         net (fo=2, routed)           0.158     7.664    mlp_iris_bd_i/mlp_iris_axi_wrapper_0/inst/mlp_core_i/inst/call_ret3_dense_latency_ap_fixed_16_6_5_3_0_ap_fixed_16_6_5_3_0_config4_s_fu_91/mul_16s_8ns_24_1_1_U56/layer4_out_7_reg_384_reg[15]_i_25_4
    SLICE_X56Y42         LUT5 (Prop_B5LUT_SLICEM_I1_O)
                                                      0.167     7.831 r  mlp_iris_bd_i/mlp_iris_axi_wrapper_0/inst/mlp_core_i/inst/call_ret3_dense_latency_ap_fixed_16_6_5_3_0_ap_fixed_16_6_5_3_0_config4_s_fu_91/mul_16s_8ns_24_1_1_U56/layer4_out_7_reg_384[15]_i_8/O
                         net (fo=2, routed)           0.199     8.031    mlp_iris_bd_i/mlp_iris_axi_wrapper_0/inst/mlp_core_i/inst/call_ret3_dense_latency_ap_fixed_16_6_5_3_0_ap_fixed_16_6_5_3_0_config4_s_fu_91/mul_16s_8ns_24_1_1_U56_n_29
    SLICE_X56Y44         LUT6 (Prop_A6LUT_SLICEM_I0_O)
                                                      0.150     8.181 r  mlp_iris_bd_i/mlp_iris_axi_wrapper_0/inst/mlp_core_i/inst/call_ret3_dense_latency_ap_fixed_16_6_5_3_0_ap_fixed_16_6_5_3_0_config4_s_fu_91/layer4_out_7_reg_384[15]_i_16/O
                         net (fo=1, routed)           0.013     8.194    mlp_iris_bd_i/mlp_iris_axi_wrapper_0/inst/mlp_core_i/inst/call_ret3_dense_latency_ap_fixed_16_6_5_3_0_ap_fixed_16_6_5_3_0_config4_s_fu_91/layer4_out_7_reg_384[15]_i_16_n_0
    SLICE_X56Y44         CARRY8 (Prop_CARRY8_SLICEM_S[0]_O[7])
                                                      0.241     8.435 r  mlp_iris_bd_i/mlp_iris_axi_wrapper_0/inst/mlp_core_i/inst/call_ret3_dense_latency_ap_fixed_16_6_5_3_0_ap_fixed_16_6_5_3_0_config4_s_fu_91/layer4_out_7_reg_384_reg[15]_i_1/O[7]
                         net (fo=1, routed)           0.026     8.461    mlp_iris_bd_i/mlp_iris_axi_wrapper_0/inst/mlp_core_i/inst/call_ret3_dense_latency_ap_fixed_16_6_5_3_0_ap_fixed_16_6_5_3_0_config4_s_fu_91_ap_return_7[15]
    SLICE_X56Y44         FDRE                                         r  mlp_iris_bd_i/mlp_iris_axi_wrapper_0/inst/mlp_core_i/inst/layer4_out_7_reg_384_reg[15]/D
  -------------------------------------------------------------------    -------------------

                         (clock clk_pl_0 rise edge)
                                                     10.000    10.000 r  
    PS8_X0Y0             PS8                          0.000    10.000 r  mlp_iris_bd_i/zynq_ultra_ps_e_0/inst/PS8_i/PLCLK[0]
                         net (fo=1, routed)           0.143    10.143    mlp_iris_bd_i/zynq_ultra_ps_e_0/inst/pl_clk_unbuffered[0]
    BUFG_PS_X0Y80        BUFG_PS (Prop_BUFG_PS_I_O)
                                                      0.025    10.168 r  mlp_iris_bd_i/zynq_ultra_ps_e_0/inst/buffer_pl_clk_0.PL_CLK_0_BUFG/O
    X1Y2 (CLOCK_ROOT)    net (fo=1416, routed)        1.576    11.744    mlp_iris_bd_i/mlp_iris_axi_wrapper_0/inst/mlp_core_i/inst/ap_clk
    SLICE_X56Y44         FDRE                                         r  mlp_iris_bd_i/mlp_iris_axi_wrapper_0/inst/mlp_core_i/inst/layer4_out_7_reg_384_reg[15]/C
                         clock pessimism              0.119    11.863    
                         clock uncertainty           -0.130    11.733    
    SLICE_X56Y44         FDRE (Setup_HFF_SLICEM_C_D)
                                                      0.025    11.758    mlp_iris_bd_i/mlp_iris_axi_wrapper_0/inst/mlp_core_i/inst/layer4_out_7_reg_384_reg[15]
  -------------------------------------------------------------------
                         required time                         11.758    
                         arrival time                          -8.461    
  -------------------------------------------------------------------
                         slack                                  3.297    

Slack (MET) :             3.299ns  (required time - arrival time)
  Source:                 mlp_iris_bd_i/mlp_iris_axi_wrapper_0/inst/mlp_core_i/inst/layer2_out_reg_309_reg[4]/C
                            (rising edge-triggered cell FDRE clocked by clk_pl_0  {rise@0.000ns fall@5.000ns period=10.000ns})
  Destination:            mlp_iris_bd_i/mlp_iris_axi_wrapper_0/inst/mlp_core_i/inst/layer4_out_7_reg_384_reg[13]/D
                            (rising edge-triggered cell FDRE clocked by clk_pl_0  {rise@0.000ns fall@5.000ns period=10.000ns})
  Path Group:             clk_pl_0
  Path Type:              Setup (Max at Slow Process Corner)
  Requirement:            10.000ns  (clk_pl_0 rise@10.000ns - clk_pl_0 rise@0.000ns)
  Data Path Delay:        6.485ns  (logic 2.954ns (45.554%)  route 3.531ns (54.446%))
  Logic Levels:           16  (CARRY8=3 DSP_A_B_DATA=1 DSP_ALU=1 DSP_M_DATA=1 DSP_MULTIPLIER=1 DSP_OUTPUT=1 DSP_PREADD_DATA=1 LUT2=2 LUT3=2 LUT4=1 LUT5=1 LUT6=1)
  Clock Path Skew:        -0.111ns (DCD - SCD + CPR)
    Destination Clock Delay (DCD):    1.744ns = ( 11.744 - 10.000 ) 
    Source Clock Delay      (SCD):    1.974ns
    Clock Pessimism Removal (CPR):    0.119ns
  Clock Uncertainty:      0.130ns  ((TSJ^2 + DJ^2)^1/2) / 2 + PE
    Total System Jitter     (TSJ):    0.071ns
    Discrete Jitter          (DJ):    0.250ns
    Phase Error              (PE):    0.000ns
  Clock Net Delay (Source):      1.766ns (routing 0.569ns, distribution 1.197ns)
  Clock Net Delay (Destination): 1.576ns (routing 0.512ns, distribution 1.064ns)

    Location             Delay type                Incr(ns)  Path(ns)    Netlist Resource(s)
  -------------------------------------------------------------------    -------------------
                         (clock clk_pl_0 rise edge)
                                                      0.000     0.000 r  
    PS8_X0Y0             PS8                          0.000     0.000 r  mlp_iris_bd_i/zynq_ultra_ps_e_0/inst/PS8_i/PLCLK[0]
                         net (fo=1, routed)           0.180     0.180    mlp_iris_bd_i/zynq_ultra_ps_e_0/inst/pl_clk_unbuffered[0]
    BUFG_PS_X0Y80        BUFG_PS (Prop_BUFG_PS_I_O)
                                                      0.028     0.208 r  mlp_iris_bd_i/zynq_ultra_ps_e_0/inst/buffer_pl_clk_0.PL_CLK_0_BUFG/O
    X1Y2 (CLOCK_ROOT)    net (fo=1416, routed)        1.766     1.974    mlp_iris_bd_i/mlp_iris_axi_wrapper_0/inst/mlp_core_i/inst/ap_clk
    SLICE_X56Y106        FDRE                                         r  mlp_iris_bd_i/mlp_iris_axi_wrapper_0/inst/mlp_core_i/inst/layer2_out_reg_309_reg[4]/C
  -------------------------------------------------------------------    -------------------
    SLICE_X56Y106        FDRE (Prop_EFF_SLICEM_C_Q)
                                                      0.076     2.050 f  mlp_iris_bd_i/mlp_iris_axi_wrapper_0/inst/mlp_core_i/inst/layer2_out_reg_309_reg[4]/Q
                         net (fo=6, routed)           0.176     2.226    mlp_iris_bd_i/mlp_iris_axi_wrapper_0/inst/mlp_core_i/inst/call_ret3_dense_latency_ap_fixed_16_6_5_3_0_ap_fixed_16_6_5_3_0_config4_s_fu_91/mul_16s_9ns_25_1_1_U63/Q[4]
    SLICE_X56Y104        LUT2 (Prop_C6LUT_SLICEM_I0_O)
                                                      0.123     2.349 r  mlp_iris_bd_i/mlp_iris_axi_wrapper_0/inst/mlp_core_i/inst/call_ret3_dense_latency_ap_fixed_16_6_5_3_0_ap_fixed_16_6_5_3_0_config4_s_fu_91/mul_16s_9ns_25_1_1_U63/tmp_product_i_30/O
                         net (fo=1, routed)           0.021     2.370    mlp_iris_bd_i/mlp_iris_axi_wrapper_0/inst/mlp_core_i/inst/call_ret3_dense_latency_ap_fixed_16_6_5_3_0_ap_fixed_16_6_5_3_0_config4_s_fu_91/mul_16s_9ns_25_1_1_U63/tmp_product_i_30_n_0
    SLICE_X56Y104        CARRY8 (Prop_CARRY8_SLICEM_S[2]_CO[7])
                                                      0.168     2.538 f  mlp_iris_bd_i/mlp_iris_axi_wrapper_0/inst/mlp_core_i/inst/call_ret3_dense_latency_ap_fixed_16_6_5_3_0_ap_fixed_16_6_5_3_0_config4_s_fu_91/mul_16s_9ns_25_1_1_U63/tmp_product_i_16/CO[7]
                         net (fo=45, routed)          0.424     2.961    mlp_iris_bd_i/mlp_iris_axi_wrapper_0/inst/mlp_core_i/inst/call_ret3_dense_latency_ap_fixed_16_6_5_3_0_ap_fixed_16_6_5_3_0_config4_s_fu_91/mul_16s_9ns_25_1_1_U63/CO[0]
    SLICE_X56Y77         LUT2 (Prop_C5LUT_SLICEM_I0_O)
                                                      0.068     3.029 f  mlp_iris_bd_i/mlp_iris_axi_wrapper_0/inst/mlp_core_i/inst/call_ret3_dense_latency_ap_fixed_16_6_5_3_0_ap_fixed_16_6_5_3_0_config4_s_fu_91/mul_16s_9ns_25_1_1_U63/tmp_product_i_5__3/O
                         net (fo=7, routed)           1.382     4.411    mlp_iris_bd_i/mlp_iris_axi_wrapper_0/inst/mlp_core_i/inst/call_ret3_dense_latency_ap_fixed_16_6_5_3_0_ap_fixed_16_6_5_3_0_config4_s_fu_91/mul_16s_11ns_26_1_1_U68/tmp_product/A[10]
    DSP48E2_X6Y15        DSP_A_B_DATA (Prop_DSP_A_B_DATA_DSP48E2_A[10]_A2_DATA[10])
                                                      0.192     4.603 r  mlp_iris_bd_i/mlp_iris_axi_wrapper_0/inst/mlp_core_i/inst/call_ret3_dense_latency_ap_fixed_16_6_5_3_0_ap_fixed_16_6_5_3_0_config4_s_fu_91/mul_16s_11ns_26_1_1_U68/tmp_product/DSP_A_B_DATA_INST/A2_DATA[10]
                         net (fo=1, routed)           0.000     4.603    mlp_iris_bd_i/mlp_iris_axi_wrapper_0/inst/mlp_core_i/inst/call_ret3_dense_latency_ap_fixed_16_6_5_3_0_ap_fixed_16_6_5_3_0_config4_s_fu_91/mul_16s_11ns_26_1_1_U68/tmp_product/DSP_A_B_DATA.A2_DATA<10>
    DSP48E2_X6Y15        DSP_PREADD_DATA (Prop_DSP_PREADD_DATA_DSP48E2_A2_DATA[10]_A2A1[10])
                                                      0.076     4.679 r  mlp_iris_bd_i/mlp_iris_axi_wrapper_0/inst/mlp_core_i/inst/call_ret3_dense_latency_ap_fixed_16_6_5_3_0_ap_fixed_16_6_5_3_0_config4_s_fu_91/mul_16s_11ns_26_1_1_U68/tmp_product/DSP_PREADD_DATA_INST/A2A1[10]
                         net (fo=1, routed)           0.000     4.679    mlp_iris_bd_i/mlp_iris_axi_wrapper_0/inst/mlp_core_i/inst/call_ret3_dense_latency_ap_fixed_16_6_5_3_0_ap_fixed_16_6_5_3_0_config4_s_fu_91/mul_16s_11ns_26_1_1_U68/tmp_product/DSP_PREADD_DATA.A2A1<10>
    DSP48E2_X6Y15        DSP_MULTIPLIER (Prop_DSP_MULTIPLIER_DSP48E2_A2A1[10]_U[13])
                                                      0.505     5.184 f  mlp_iris_bd_i/mlp_iris_axi_wrapper_0/inst/mlp_core_i/inst/call_ret3_dense_latency_ap_fixed_16_6_5_3_0_ap_fixed_16_6_5_3_0_config4_s_fu_91/mul_16s_11ns_26_1_1_U68/tmp_product/DSP_MULTIPLIER_INST/U[13]
                         net (fo=1, routed)           0.000     5.184    mlp_iris_bd_i/mlp_iris_axi_wrapper_0/inst/mlp_core_i/inst/call_ret3_dense_latency_ap_fixed_16_6_5_3_0_ap_fixed_16_6_5_3_0_config4_s_fu_91/mul_16s_11ns_26_1_1_U68/tmp_product/DSP_MULTIPLIER.U<13>
    DSP48E2_X6Y15        DSP_M_DATA (Prop_DSP_M_DATA_DSP48E2_U[13]_U_DATA[13])
                                                      0.047     5.231 r  mlp_iris_bd_i/mlp_iris_axi_wrapper_0/inst/mlp_core_i/inst/call_ret3_dense_latency_ap_fixed_16_6_5_3_0_ap_fixed_16_6_5_3_0_config4_s_fu_91/mul_16s_11ns_26_1_1_U68/tmp_product/DSP_M_DATA_INST/U_DATA[13]
                         net (fo=1, routed)           0.000     5.231    mlp_iris_bd_i/mlp_iris_axi_wrapper_0/inst/mlp_core_i/inst/call_ret3_dense_latency_ap_fixed_16_6_5_3_0_ap_fixed_16_6_5_3_0_config4_s_fu_91/mul_16s_11ns_26_1_1_U68/tmp_product/DSP_M_DATA.U_DATA<13>
    DSP48E2_X6Y15        DSP_ALU (Prop_DSP_ALU_DSP48E2_U_DATA[13]_ALU_OUT[13])
                                                      0.585     5.816 f  mlp_iris_bd_i/mlp_iris_axi_wrapper_0/inst/mlp_core_i/inst/call_ret3_dense_latency_ap_fixed_16_6_5_3_0_ap_fixed_16_6_5_3_0_config4_s_fu_91/mul_16s_11ns_26_1_1_U68/tmp_product/DSP_ALU_INST/ALU_OUT[13]
                         net (fo=1, routed)           0.000     5.816    mlp_iris_bd_i/mlp_iris_axi_wrapper_0/inst/mlp_core_i/inst/call_ret3_dense_latency_ap_fixed_16_6_5_3_0_ap_fixed_16_6_5_3_0_config4_s_fu_91/mul_16s_11ns_26_1_1_U68/tmp_product/DSP_ALU.ALU_OUT<13>
    DSP48E2_X6Y15        DSP_OUTPUT (Prop_DSP_OUTPUT_DSP48E2_ALU_OUT[13]_P[13])
                                                      0.109     5.925 r  mlp_iris_bd_i/mlp_iris_axi_wrapper_0/inst/mlp_core_i/inst/call_ret3_dense_latency_ap_fixed_16_6_5_3_0_ap_fixed_16_6_5_3_0_config4_s_fu_91/mul_16s_11ns_26_1_1_U68/tmp_product/DSP_OUTPUT_INST/P[13]
                         net (fo=2, routed)           0.520     6.445    mlp_iris_bd_i/mlp_iris_axi_wrapper_0/inst/mlp_core_i/inst/call_ret3_dense_latency_ap_fixed_16_6_5_3_0_ap_fixed_16_6_5_3_0_config4_s_fu_91/trunc_ln42_28_fu_14646_p4[3]
    SLICE_X57Y37         LUT3 (Prop_D5LUT_SLICEM_I0_O)
                                                      0.135     6.580 r  mlp_iris_bd_i/mlp_iris_axi_wrapper_0/inst/mlp_core_i/inst/call_ret3_dense_latency_ap_fixed_16_6_5_3_0_ap_fixed_16_6_5_3_0_config4_s_fu_91/layer4_out_7_reg_384[15]_i_81/O
                         net (fo=2, routed)           0.215     6.795    mlp_iris_bd_i/mlp_iris_axi_wrapper_0/inst/mlp_core_i/inst/call_ret3_dense_latency_ap_fixed_16_6_5_3_0_ap_fixed_16_6_5_3_0_config4_s_fu_91/layer4_out_7_reg_384[15]_i_81_n_0
    SLICE_X57Y37         LUT4 (Prop_E6LUT_SLICEM_I3_O)
                                                      0.124     6.919 r  mlp_iris_bd_i/mlp_iris_axi_wrapper_0/inst/mlp_core_i/inst/call_ret3_dense_latency_ap_fixed_16_6_5_3_0_ap_fixed_16_6_5_3_0_config4_s_fu_91/layer4_out_7_reg_384[15]_i_88/O
                         net (fo=1, routed)           0.014     6.933    mlp_iris_bd_i/mlp_iris_axi_wrapper_0/inst/mlp_core_i/inst/call_ret3_dense_latency_ap_fixed_16_6_5_3_0_ap_fixed_16_6_5_3_0_config4_s_fu_91/layer4_out_7_reg_384[15]_i_88_n_0
    SLICE_X57Y37         CARRY8 (Prop_CARRY8_SLICEM_S[4]_O[7])
                                                      0.137     7.070 r  mlp_iris_bd_i/mlp_iris_axi_wrapper_0/inst/mlp_core_i/inst/call_ret3_dense_latency_ap_fixed_16_6_5_3_0_ap_fixed_16_6_5_3_0_config4_s_fu_91/layer4_out_7_reg_384_reg[15]_i_26/O[7]
                         net (fo=3, routed)           0.384     7.454    mlp_iris_bd_i/mlp_iris_axi_wrapper_0/inst/mlp_core_i/inst/call_ret3_dense_latency_ap_fixed_16_6_5_3_0_ap_fixed_16_6_5_3_0_config4_s_fu_91/mul_16s_8ns_24_1_1_U56/layer4_out_7_reg_384_reg[15]_0[6]
    SLICE_X56Y45         LUT3 (Prop_G6LUT_SLICEM_I1_O)
                                                      0.052     7.506 r  mlp_iris_bd_i/mlp_iris_axi_wrapper_0/inst/mlp_core_i/inst/call_ret3_dense_latency_ap_fixed_16_6_5_3_0_ap_fixed_16_6_5_3_0_config4_s_fu_91/mul_16s_8ns_24_1_1_U56/layer4_out_7_reg_384[15]_i_27/O
                         net (fo=2, routed)           0.158     7.664    mlp_iris_bd_i/mlp_iris_axi_wrapper_0/inst/mlp_core_i/inst/call_ret3_dense_latency_ap_fixed_16_6_5_3_0_ap_fixed_16_6_5_3_0_config4_s_fu_91/mul_16s_8ns_24_1_1_U56/layer4_out_7_reg_384_reg[15]_i_25_4
    SLICE_X56Y42         LUT5 (Prop_B5LUT_SLICEM_I1_O)
                                                      0.167     7.831 r  mlp_iris_bd_i/mlp_iris_axi_wrapper_0/inst/mlp_core_i/inst/call_ret3_dense_latency_ap_fixed_16_6_5_3_0_ap_fixed_16_6_5_3_0_config4_s_fu_91/mul_16s_8ns_24_1_1_U56/layer4_out_7_reg_384[15]_i_8/O
                         net (fo=2, routed)           0.199     8.031    mlp_iris_bd_i/mlp_iris_axi_wrapper_0/inst/mlp_core_i/inst/call_ret3_dense_latency_ap_fixed_16_6_5_3_0_ap_fixed_16_6_5_3_0_config4_s_fu_91/mul_16s_8ns_24_1_1_U56_n_29
    SLICE_X56Y44         LUT6 (Prop_A6LUT_SLICEM_I0_O)
                                                      0.150     8.181 r  mlp_iris_bd_i/mlp_iris_axi_wrapper_0/inst/mlp_core_i/inst/call_ret3_dense_latency_ap_fixed_16_6_5_3_0_ap_fixed_16_6_5_3_0_config4_s_fu_91/layer4_out_7_reg_384[15]_i_16/O
                         net (fo=1, routed)           0.013     8.194    mlp_iris_bd_i/mlp_iris_axi_wrapper_0/inst/mlp_core_i/inst/call_ret3_dense_latency_ap_fixed_16_6_5_3_0_ap_fixed_16_6_5_3_0_config4_s_fu_91/layer4_out_7_reg_384[15]_i_16_n_0
    SLICE_X56Y44         CARRY8 (Prop_CARRY8_SLICEM_S[0]_O[5])
                                                      0.240     8.434 r  mlp_iris_bd_i/mlp_iris_axi_wrapper_0/inst/mlp_core_i/inst/call_ret3_dense_latency_ap_fixed_16_6_5_3_0_ap_fixed_16_6_5_3_0_config4_s_fu_91/layer4_out_7_reg_384_reg[15]_i_1/O[5]
                         net (fo=1, routed)           0.025     8.459    mlp_iris_bd_i/mlp_iris_axi_wrapper_0/inst/mlp_core_i/inst/call_ret3_dense_latency_ap_fixed_16_6_5_3_0_ap_fixed_16_6_5_3_0_config4_s_fu_91_ap_return_7[13]
    SLICE_X56Y44         FDRE                                         r  mlp_iris_bd_i/mlp_iris_axi_wrapper_0/inst/mlp_core_i/inst/layer4_out_7_reg_384_reg[13]/D
  -------------------------------------------------------------------    -------------------

                         (clock clk_pl_0 rise edge)
                                                     10.000    10.000 r  
    PS8_X0Y0             PS8                          0.000    10.000 r  mlp_iris_bd_i/zynq_ultra_ps_e_0/inst/PS8_i/PLCLK[0]
                         net (fo=1, routed)           0.143    10.143    mlp_iris_bd_i/zynq_ultra_ps_e_0/inst/pl_clk_unbuffered[0]
    BUFG_PS_X0Y80        BUFG_PS (Prop_BUFG_PS_I_O)
                                                      0.025    10.168 r  mlp_iris_bd_i/zynq_ultra_ps_e_0/inst/buffer_pl_clk_0.PL_CLK_0_BUFG/O
    X1Y2 (CLOCK_ROOT)    net (fo=1416, routed)        1.576    11.744    mlp_iris_bd_i/mlp_iris_axi_wrapper_0/inst/mlp_core_i/inst/ap_clk
    SLICE_X56Y44         FDRE                                         r  mlp_iris_bd_i/mlp_iris_axi_wrapper_0/inst/mlp_core_i/inst/layer4_out_7_reg_384_reg[13]/C
                         clock pessimism              0.119    11.863    
                         clock uncertainty           -0.130    11.733    
    SLICE_X56Y44         FDRE (Setup_FFF_SLICEM_C_D)
                                                      0.025    11.758    mlp_iris_bd_i/mlp_iris_axi_wrapper_0/inst/mlp_core_i/inst/layer4_out_7_reg_384_reg[13]
  -------------------------------------------------------------------
                         required time                         11.758    
                         arrival time                          -8.459    
  -------------------------------------------------------------------
                         slack                                  3.299    

Slack (MET) :             3.305ns  (required time - arrival time)
  Source:                 mlp_iris_bd_i/mlp_iris_axi_wrapper_0/inst/mlp_core_i/inst/layer2_out_7_reg_344_reg[11]/C
                            (rising edge-triggered cell FDRE clocked by clk_pl_0  {rise@0.000ns fall@5.000ns period=10.000ns})
  Destination:            mlp_iris_bd_i/mlp_iris_axi_wrapper_0/inst/mlp_core_i/inst/layer4_out_5_reg_374_reg[15]/D
                            (rising edge-triggered cell FDRE clocked by clk_pl_0  {rise@0.000ns fall@5.000ns period=10.000ns})
  Path Group:             clk_pl_0
  Path Type:              Setup (Max at Slow Process Corner)
  Requirement:            10.000ns  (clk_pl_0 rise@10.000ns - clk_pl_0 rise@0.000ns)
  Data Path Delay:        6.481ns  (logic 2.924ns (45.118%)  route 3.557ns (54.882%))
  Logic Levels:           18  (CARRY8=3 DSP_A_B_DATA=1 DSP_ALU=1 DSP_M_DATA=1 DSP_MULTIPLIER=1 DSP_OUTPUT=1 DSP_PREADD_DATA=1 LUT2=2 LUT4=3 LUT5=3 LUT6=1)
  Clock Path Skew:        -0.109ns (DCD - SCD + CPR)
    Destination Clock Delay (DCD):    1.741ns = ( 11.741 - 10.000 ) 
    Source Clock Delay      (SCD):    1.969ns
    Clock Pessimism Removal (CPR):    0.119ns
  Clock Uncertainty:      0.130ns  ((TSJ^2 + DJ^2)^1/2) / 2 + PE
    Total System Jitter     (TSJ):    0.071ns
    Discrete Jitter          (DJ):    0.250ns
    Phase Error              (PE):    0.000ns
  Clock Net Delay (Source):      1.761ns (routing 0.569ns, distribution 1.192ns)
  Clock Net Delay (Destination): 1.573ns (routing 0.512ns, distribution 1.061ns)

    Location             Delay type                Incr(ns)  Path(ns)    Netlist Resource(s)
  -------------------------------------------------------------------    -------------------
                         (clock clk_pl_0 rise edge)
                                                      0.000     0.000 r  
    PS8_X0Y0             PS8                          0.000     0.000 r  mlp_iris_bd_i/zynq_ultra_ps_e_0/inst/PS8_i/PLCLK[0]
                         net (fo=1, routed)           0.180     0.180    mlp_iris_bd_i/zynq_ultra_ps_e_0/inst/pl_clk_unbuffered[0]
    BUFG_PS_X0Y80        BUFG_PS (Prop_BUFG_PS_I_O)
                                                      0.028     0.208 r  mlp_iris_bd_i/zynq_ultra_ps_e_0/inst/buffer_pl_clk_0.PL_CLK_0_BUFG/O
    X1Y2 (CLOCK_ROOT)    net (fo=1416, routed)        1.761     1.969    mlp_iris_bd_i/mlp_iris_axi_wrapper_0/inst/mlp_core_i/inst/ap_clk
    SLICE_X53Y112        FDRE                                         r  mlp_iris_bd_i/mlp_iris_axi_wrapper_0/inst/mlp_core_i/inst/layer2_out_7_reg_344_reg[11]/C
  -------------------------------------------------------------------    -------------------
    SLICE_X53Y112        FDRE (Prop_DFF_SLICEM_C_Q)
                                                      0.078     2.047 f  mlp_iris_bd_i/mlp_iris_axi_wrapper_0/inst/mlp_core_i/inst/layer2_out_7_reg_344_reg[11]/Q
                         net (fo=5, routed)           0.121     2.168    mlp_iris_bd_i/mlp_iris_axi_wrapper_0/inst/mlp_core_i/inst/call_ret3_dense_latency_ap_fixed_16_6_5_3_0_ap_fixed_16_6_5_3_0_config4_s_fu_91/mul_16s_10ns_26_1_1_U50/tmp_product_i_16__6_0[11]
    SLICE_X53Y110        LUT2 (Prop_F6LUT_SLICEM_I1_O)
                                                      0.148     2.316 r  mlp_iris_bd_i/mlp_iris_axi_wrapper_0/inst/mlp_core_i/inst/call_ret3_dense_latency_ap_fixed_16_6_5_3_0_ap_fixed_16_6_5_3_0_config4_s_fu_91/mul_16s_10ns_26_1_1_U50/tmp_product_i_27__6/O
                         net (fo=1, routed)           0.022     2.338    mlp_iris_bd_i/mlp_iris_axi_wrapper_0/inst/mlp_core_i/inst/call_ret3_dense_latency_ap_fixed_16_6_5_3_0_ap_fixed_16_6_5_3_0_config4_s_fu_91/mul_16s_10ns_26_1_1_U50/tmp_product_i_27__6_n_0
    SLICE_X53Y110        CARRY8 (Prop_CARRY8_SLICEM_S[5]_CO[7])
                                                      0.166     2.504 f  mlp_iris_bd_i/mlp_iris_axi_wrapper_0/inst/mlp_core_i/inst/call_ret3_dense_latency_ap_fixed_16_6_5_3_0_ap_fixed_16_6_5_3_0_config4_s_fu_91/mul_16s_10ns_26_1_1_U50/tmp_product_i_16__6/CO[7]
                         net (fo=50, routed)          0.596     3.100    mlp_iris_bd_i/mlp_iris_axi_wrapper_0/inst/mlp_core_i/inst/call_ret3_dense_latency_ap_fixed_16_6_5_3_0_ap_fixed_16_6_5_3_0_config4_s_fu_91/mul_16s_10ns_26_1_1_U50/CO[0]
    SLICE_X54Y75         LUT2 (Prop_B5LUT_SLICEM_I0_O)
                                                      0.116     3.216 f  mlp_iris_bd_i/mlp_iris_axi_wrapper_0/inst/mlp_core_i/inst/call_ret3_dense_latency_ap_fixed_16_6_5_3_0_ap_fixed_16_6_5_3_0_config4_s_fu_91/mul_16s_10ns_26_1_1_U50/tmp_product_i_14__10/O
                         net (fo=7, routed)           0.727     3.944    mlp_iris_bd_i/mlp_iris_axi_wrapper_0/inst/mlp_core_i/inst/call_ret3_dense_latency_ap_fixed_16_6_5_3_0_ap_fixed_16_6_5_3_0_config4_s_fu_91/mul_16s_8ns_24_1_1_U55/tmp_product/A[1]
    DSP48E2_X3Y23        DSP_A_B_DATA (Prop_DSP_A_B_DATA_DSP48E2_A[1]_A2_DATA[1])
                                                      0.192     4.136 r  mlp_iris_bd_i/mlp_iris_axi_wrapper_0/inst/mlp_core_i/inst/call_ret3_dense_latency_ap_fixed_16_6_5_3_0_ap_fixed_16_6_5_3_0_config4_s_fu_91/mul_16s_8ns_24_1_1_U55/tmp_product/DSP_A_B_DATA_INST/A2_DATA[1]
                         net (fo=1, routed)           0.000     4.136    mlp_iris_bd_i/mlp_iris_axi_wrapper_0/inst/mlp_core_i/inst/call_ret3_dense_latency_ap_fixed_16_6_5_3_0_ap_fixed_16_6_5_3_0_config4_s_fu_91/mul_16s_8ns_24_1_1_U55/tmp_product/DSP_A_B_DATA.A2_DATA<1>
    DSP48E2_X3Y23        DSP_PREADD_DATA (Prop_DSP_PREADD_DATA_DSP48E2_A2_DATA[1]_A2A1[1])
                                                      0.076     4.212 r  mlp_iris_bd_i/mlp_iris_axi_wrapper_0/inst/mlp_core_i/inst/call_ret3_dense_latency_ap_fixed_16_6_5_3_0_ap_fixed_16_6_5_3_0_config4_s_fu_91/mul_16s_8ns_24_1_1_U55/tmp_product/DSP_PREADD_DATA_INST/A2A1[1]
                         net (fo=1, routed)           0.000     4.212    mlp_iris_bd_i/mlp_iris_axi_wrapper_0/inst/mlp_core_i/inst/call_ret3_dense_latency_ap_fixed_16_6_5_3_0_ap_fixed_16_6_5_3_0_config4_s_fu_91/mul_16s_8ns_24_1_1_U55/tmp_product/DSP_PREADD_DATA.A2A1<1>
    DSP48E2_X3Y23        DSP_MULTIPLIER (Prop_DSP_MULTIPLIER_DSP48E2_A2A1[1]_U[13])
                                                      0.505     4.717 f  mlp_iris_bd_i/mlp_iris_axi_wrapper_0/inst/mlp_core_i/inst/call_ret3_dense_latency_ap_fixed_16_6_5_3_0_ap_fixed_16_6_5_3_0_config4_s_fu_91/mul_16s_8ns_24_1_1_U55/tmp_product/DSP_MULTIPLIER_INST/U[13]
                         net (fo=1, routed)           0.000     4.717    mlp_iris_bd_i/mlp_iris_axi_wrapper_0/inst/mlp_core_i/inst/call_ret3_dense_latency_ap_fixed_16_6_5_3_0_ap_fixed_16_6_5_3_0_config4_s_fu_91/mul_16s_8ns_24_1_1_U55/tmp_product/DSP_MULTIPLIER.U<13>
    DSP48E2_X3Y23        DSP_M_DATA (Prop_DSP_M_DATA_DSP48E2_U[13]_U_DATA[13])
                                                      0.047     4.764 r  mlp_iris_bd_i/mlp_iris_axi_wrapper_0/inst/mlp_core_i/inst/call_ret3_dense_latency_ap_fixed_16_6_5_3_0_ap_fixed_16_6_5_3_0_config4_s_fu_91/mul_16s_8ns_24_1_1_U55/tmp_product/DSP_M_DATA_INST/U_DATA[13]
                         net (fo=1, routed)           0.000     4.764    mlp_iris_bd_i/mlp_iris_axi_wrapper_0/inst/mlp_core_i/inst/call_ret3_dense_latency_ap_fixed_16_6_5_3_0_ap_fixed_16_6_5_3_0_config4_s_fu_91/mul_16s_8ns_24_1_1_U55/tmp_product/DSP_M_DATA.U_DATA<13>
    DSP48E2_X3Y23        DSP_ALU (Prop_DSP_ALU_DSP48E2_U_DATA[13]_ALU_OUT[13])
                                                      0.585     5.349 f  mlp_iris_bd_i/mlp_iris_axi_wrapper_0/inst/mlp_core_i/inst/call_ret3_dense_latency_ap_fixed_16_6_5_3_0_ap_fixed_16_6_5_3_0_config4_s_fu_91/mul_16s_8ns_24_1_1_U55/tmp_product/DSP_ALU_INST/ALU_OUT[13]
                         net (fo=1, routed)           0.000     5.349    mlp_iris_bd_i/mlp_iris_axi_wrapper_0/inst/mlp_core_i/inst/call_ret3_dense_latency_ap_fixed_16_6_5_3_0_ap_fixed_16_6_5_3_0_config4_s_fu_91/mul_16s_8ns_24_1_1_U55/tmp_product/DSP_ALU.ALU_OUT<13>
    DSP48E2_X3Y23        DSP_OUTPUT (Prop_DSP_OUTPUT_DSP48E2_ALU_OUT[13]_P[13])
                                                      0.109     5.458 r  mlp_iris_bd_i/mlp_iris_axi_wrapper_0/inst/mlp_core_i/inst/call_ret3_dense_latency_ap_fixed_16_6_5_3_0_ap_fixed_16_6_5_3_0_config4_s_fu_91/mul_16s_8ns_24_1_1_U55/tmp_product/DSP_OUTPUT_INST/P[13]
                         net (fo=7, routed)           0.550     6.008    mlp_iris_bd_i/mlp_iris_axi_wrapper_0/inst/mlp_core_i/inst/call_ret3_dense_latency_ap_fixed_16_6_5_3_0_ap_fixed_16_6_5_3_0_config4_s_fu_91/mul_16s_8ns_24_1_1_U55/sext_ln73_21_fu_15669_p1[3]
    SLICE_X55Y55         LUT5 (Prop_C5LUT_SLICEL_I2_O)
                                                      0.158     6.166 r  mlp_iris_bd_i/mlp_iris_axi_wrapper_0/inst/mlp_core_i/inst/call_ret3_dense_latency_ap_fixed_16_6_5_3_0_ap_fixed_16_6_5_3_0_config4_s_fu_91/mul_16s_8ns_24_1_1_U55/layer4_out_5_reg_374[15]_i_99/O
                         net (fo=8, routed)           0.173     6.339    mlp_iris_bd_i/mlp_iris_axi_wrapper_0/inst/mlp_core_i/inst/call_ret3_dense_latency_ap_fixed_16_6_5_3_0_ap_fixed_16_6_5_3_0_config4_s_fu_91/mul_16s_8ns_24_1_1_U55/layer4_out_5_reg_374[15]_i_99_n_0
    SLICE_X56Y57         LUT5 (Prop_C6LUT_SLICEM_I0_O)
                                                      0.098     6.437 r  mlp_iris_bd_i/mlp_iris_axi_wrapper_0/inst/mlp_core_i/inst/call_ret3_dense_latency_ap_fixed_16_6_5_3_0_ap_fixed_16_6_5_3_0_config4_s_fu_91/mul_16s_8ns_24_1_1_U55/layer4_out_5_reg_374[15]_i_95/O
                         net (fo=9, routed)           0.216     6.653    mlp_iris_bd_i/mlp_iris_axi_wrapper_0/inst/mlp_core_i/inst/call_ret3_dense_latency_ap_fixed_16_6_5_3_0_ap_fixed_16_6_5_3_0_config4_s_fu_91/mul_16s_8ns_24_1_1_U55/layer4_out_5_reg_374[15]_i_95_n_0
    SLICE_X56Y57         LUT4 (Prop_D5LUT_SLICEM_I2_O)
                                                      0.097     6.750 r  mlp_iris_bd_i/mlp_iris_axi_wrapper_0/inst/mlp_core_i/inst/call_ret3_dense_latency_ap_fixed_16_6_5_3_0_ap_fixed_16_6_5_3_0_config4_s_fu_91/mul_16s_8ns_24_1_1_U55/layer4_out_5_reg_374[15]_i_102/O
                         net (fo=1, routed)           0.267     7.017    mlp_iris_bd_i/mlp_iris_axi_wrapper_0/inst/mlp_core_i/inst/call_ret3_dense_latency_ap_fixed_16_6_5_3_0_ap_fixed_16_6_5_3_0_config4_s_fu_91/mul_16s_8ns_24_1_1_U55/sext_ln58_4_fu_15979_p1[12]
    SLICE_X55Y57         LUT4 (Prop_E6LUT_SLICEL_I3_O)
                                                      0.090     7.107 r  mlp_iris_bd_i/mlp_iris_axi_wrapper_0/inst/mlp_core_i/inst/call_ret3_dense_latency_ap_fixed_16_6_5_3_0_ap_fixed_16_6_5_3_0_config4_s_fu_91/mul_16s_8ns_24_1_1_U55/layer4_out_5_reg_374[15]_i_44/O
                         net (fo=1, routed)           0.007     7.114    mlp_iris_bd_i/mlp_iris_axi_wrapper_0/inst/mlp_core_i/inst/call_ret3_dense_latency_ap_fixed_16_6_5_3_0_ap_fixed_16_6_5_3_0_config4_s_fu_91/mul_16s_8ns_24_1_1_U55/layer4_out_5_reg_374[15]_i_44_n_0
    SLICE_X55Y57         CARRY8 (Prop_CARRY8_SLICEL_S[4]_O[5])
                                                      0.091     7.205 r  mlp_iris_bd_i/mlp_iris_axi_wrapper_0/inst/mlp_core_i/inst/call_ret3_dense_latency_ap_fixed_16_6_5_3_0_ap_fixed_16_6_5_3_0_config4_s_fu_91/mul_16s_8ns_24_1_1_U55/layer4_out_5_reg_374_reg[15]_i_18/O[5]
                         net (fo=4, routed)           0.347     7.552    mlp_iris_bd_i/mlp_iris_axi_wrapper_0/inst/mlp_core_i/inst/call_ret3_dense_latency_ap_fixed_16_6_5_3_0_ap_fixed_16_6_5_3_0_config4_s_fu_91/mul_16s_10s_26_1_1_U62/layer4_out_5_reg_374[15]_i_11[5]
    SLICE_X52Y53         LUT5 (Prop_D5LUT_SLICEL_I1_O)
                                                      0.110     7.662 r  mlp_iris_bd_i/mlp_iris_axi_wrapper_0/inst/mlp_core_i/inst/call_ret3_dense_latency_ap_fixed_16_6_5_3_0_ap_fixed_16_6_5_3_0_config4_s_fu_91/mul_16s_10s_26_1_1_U62/layer4_out_5_reg_374[15]_i_17/O
                         net (fo=3, routed)           0.157     7.819    mlp_iris_bd_i/mlp_iris_axi_wrapper_0/inst/mlp_core_i/inst/call_ret3_dense_latency_ap_fixed_16_6_5_3_0_ap_fixed_16_6_5_3_0_config4_s_fu_91/mul_16s_11s_26_1_1_U92/layer4_out_5_reg_374_reg[15]_1
    SLICE_X52Y53         LUT4 (Prop_B5LUT_SLICEL_I0_O)
                                                      0.073     7.892 r  mlp_iris_bd_i/mlp_iris_axi_wrapper_0/inst/mlp_core_i/inst/call_ret3_dense_latency_ap_fixed_16_6_5_3_0_ap_fixed_16_6_5_3_0_config4_s_fu_91/mul_16s_11s_26_1_1_U92/layer4_out_5_reg_374[15]_i_2/O
                         net (fo=2, routed)           0.331     8.223    mlp_iris_bd_i/mlp_iris_axi_wrapper_0/inst/mlp_core_i/inst/call_ret3_dense_latency_ap_fixed_16_6_5_3_0_ap_fixed_16_6_5_3_0_config4_s_fu_91/mul_16s_11s_26_1_1_U92/layer4_out_5_reg_374[15]_i_20_0[1]
    SLICE_X53Y55         LUT6 (Prop_G6LUT_SLICEM_I0_O)
                                                      0.100     8.323 r  mlp_iris_bd_i/mlp_iris_axi_wrapper_0/inst/mlp_core_i/inst/call_ret3_dense_latency_ap_fixed_16_6_5_3_0_ap_fixed_16_6_5_3_0_config4_s_fu_91/mul_16s_11s_26_1_1_U92/layer4_out_5_reg_374[15]_i_10/O
                         net (fo=1, routed)           0.016     8.339    mlp_iris_bd_i/mlp_iris_axi_wrapper_0/inst/mlp_core_i/inst/call_ret3_dense_latency_ap_fixed_16_6_5_3_0_ap_fixed_16_6_5_3_0_config4_s_fu_91/mul_16s_10s_26_1_1_U62/layer4_out_5_reg_374_reg[15]_3[1]
    SLICE_X53Y55         CARRY8 (Prop_CARRY8_SLICEM_S[6]_O[7])
                                                      0.085     8.424 r  mlp_iris_bd_i/mlp_iris_axi_wrapper_0/inst/mlp_core_i/inst/call_ret3_dense_latency_ap_fixed_16_6_5_3_0_ap_fixed_16_6_5_3_0_config4_s_fu_91/mul_16s_10s_26_1_1_U62/layer4_out_5_reg_374_reg[15]_i_1/O[7]
                         net (fo=1, routed)           0.026     8.450    mlp_iris_bd_i/mlp_iris_axi_wrapper_0/inst/mlp_core_i/inst/call_ret3_dense_latency_ap_fixed_16_6_5_3_0_ap_fixed_16_6_5_3_0_config4_s_fu_91_ap_return_5[15]
    SLICE_X53Y55         FDRE                                         r  mlp_iris_bd_i/mlp_iris_axi_wrapper_0/inst/mlp_core_i/inst/layer4_out_5_reg_374_reg[15]/D
  -------------------------------------------------------------------    -------------------

                         (clock clk_pl_0 rise edge)
                                                     10.000    10.000 r  
    PS8_X0Y0             PS8                          0.000    10.000 r  mlp_iris_bd_i/zynq_ultra_ps_e_0/inst/PS8_i/PLCLK[0]
                         net (fo=1, routed)           0.143    10.143    mlp_iris_bd_i/zynq_ultra_ps_e_0/inst/pl_clk_unbuffered[0]
    BUFG_PS_X0Y80        BUFG_PS (Prop_BUFG_PS_I_O)
                                                      0.025    10.168 r  mlp_iris_bd_i/zynq_ultra_ps_e_0/inst/buffer_pl_clk_0.PL_CLK_0_BUFG/O
    X1Y2 (CLOCK_ROOT)    net (fo=1416, routed)        1.573    11.741    mlp_iris_bd_i/mlp_iris_axi_wrapper_0/inst/mlp_core_i/inst/ap_clk
    SLICE_X53Y55         FDRE                                         r  mlp_iris_bd_i/mlp_iris_axi_wrapper_0/inst/mlp_core_i/inst/layer4_out_5_reg_374_reg[15]/C
                         clock pessimism              0.119    11.860    
                         clock uncertainty           -0.130    11.730    
    SLICE_X53Y55         FDRE (Setup_HFF_SLICEM_C_D)
                                                      0.025    11.755    mlp_iris_bd_i/mlp_iris_axi_wrapper_0/inst/mlp_core_i/inst/layer4_out_5_reg_374_reg[15]
  -------------------------------------------------------------------
                         required time                         11.755    
                         arrival time                          -8.450    
  -------------------------------------------------------------------
                         slack                                  3.305    

Slack (MET) :             3.312ns  (required time - arrival time)
  Source:                 mlp_iris_bd_i/mlp_iris_axi_wrapper_0/inst/mlp_core_i/inst/layer2_out_reg_309_reg[4]/C
                            (rising edge-triggered cell FDRE clocked by clk_pl_0  {rise@0.000ns fall@5.000ns period=10.000ns})
  Destination:            mlp_iris_bd_i/mlp_iris_axi_wrapper_0/inst/mlp_core_i/inst/layer4_out_7_reg_384_reg[14]/D
                            (rising edge-triggered cell FDRE clocked by clk_pl_0  {rise@0.000ns fall@5.000ns period=10.000ns})
  Path Group:             clk_pl_0
  Path Type:              Setup (Max at Slow Process Corner)
  Requirement:            10.000ns  (clk_pl_0 rise@10.000ns - clk_pl_0 rise@0.000ns)
  Data Path Delay:        6.472ns  (logic 2.940ns (45.429%)  route 3.532ns (54.571%))
  Logic Levels:           16  (CARRY8=3 DSP_A_B_DATA=1 DSP_ALU=1 DSP_M_DATA=1 DSP_MULTIPLIER=1 DSP_OUTPUT=1 DSP_PREADD_DATA=1 LUT2=2 LUT3=2 LUT4=1 LUT5=1 LUT6=1)
  Clock Path Skew:        -0.111ns (DCD - SCD + CPR)
    Destination Clock Delay (DCD):    1.744ns = ( 11.744 - 10.000 ) 
    Source Clock Delay      (SCD):    1.974ns
    Clock Pessimism Removal (CPR):    0.119ns
  Clock Uncertainty:      0.130ns  ((TSJ^2 + DJ^2)^1/2) / 2 + PE
    Total System Jitter     (TSJ):    0.071ns
    Discrete Jitter          (DJ):    0.250ns
    Phase Error              (PE):    0.000ns
  Clock Net Delay (Source):      1.766ns (routing 0.569ns, distribution 1.197ns)
  Clock Net Delay (Destination): 1.576ns (routing 0.512ns, distribution 1.064ns)

    Location             Delay type                Incr(ns)  Path(ns)    Netlist Resource(s)
  -------------------------------------------------------------------    -------------------
                         (clock clk_pl_0 rise edge)
                                                      0.000     0.000 r  
    PS8_X0Y0             PS8                          0.000     0.000 r  mlp_iris_bd_i/zynq_ultra_ps_e_0/inst/PS8_i/PLCLK[0]
                         net (fo=1, routed)           0.180     0.180    mlp_iris_bd_i/zynq_ultra_ps_e_0/inst/pl_clk_unbuffered[0]
    BUFG_PS_X0Y80        BUFG_PS (Prop_BUFG_PS_I_O)
                                                      0.028     0.208 r  mlp_iris_bd_i/zynq_ultra_ps_e_0/inst/buffer_pl_clk_0.PL_CLK_0_BUFG/O
    X1Y2 (CLOCK_ROOT)    net (fo=1416, routed)        1.766     1.974    mlp_iris_bd_i/mlp_iris_axi_wrapper_0/inst/mlp_core_i/inst/ap_clk
    SLICE_X56Y106        FDRE                                         r  mlp_iris_bd_i/mlp_iris_axi_wrapper_0/inst/mlp_core_i/inst/layer2_out_reg_309_reg[4]/C
  -------------------------------------------------------------------    -------------------
    SLICE_X56Y106        FDRE (Prop_EFF_SLICEM_C_Q)
                                                      0.076     2.050 f  mlp_iris_bd_i/mlp_iris_axi_wrapper_0/inst/mlp_core_i/inst/layer2_out_reg_309_reg[4]/Q
                         net (fo=6, routed)           0.176     2.226    mlp_iris_bd_i/mlp_iris_axi_wrapper_0/inst/mlp_core_i/inst/call_ret3_dense_latency_ap_fixed_16_6_5_3_0_ap_fixed_16_6_5_3_0_config4_s_fu_91/mul_16s_9ns_25_1_1_U63/Q[4]
    SLICE_X56Y104        LUT2 (Prop_C6LUT_SLICEM_I0_O)
                                                      0.123     2.349 r  mlp_iris_bd_i/mlp_iris_axi_wrapper_0/inst/mlp_core_i/inst/call_ret3_dense_latency_ap_fixed_16_6_5_3_0_ap_fixed_16_6_5_3_0_config4_s_fu_91/mul_16s_9ns_25_1_1_U63/tmp_product_i_30/O
                         net (fo=1, routed)           0.021     2.370    mlp_iris_bd_i/mlp_iris_axi_wrapper_0/inst/mlp_core_i/inst/call_ret3_dense_latency_ap_fixed_16_6_5_3_0_ap_fixed_16_6_5_3_0_config4_s_fu_91/mul_16s_9ns_25_1_1_U63/tmp_product_i_30_n_0
    SLICE_X56Y104        CARRY8 (Prop_CARRY8_SLICEM_S[2]_CO[7])
                                                      0.168     2.538 f  mlp_iris_bd_i/mlp_iris_axi_wrapper_0/inst/mlp_core_i/inst/call_ret3_dense_latency_ap_fixed_16_6_5_3_0_ap_fixed_16_6_5_3_0_config4_s_fu_91/mul_16s_9ns_25_1_1_U63/tmp_product_i_16/CO[7]
                         net (fo=45, routed)          0.424     2.961    mlp_iris_bd_i/mlp_iris_axi_wrapper_0/inst/mlp_core_i/inst/call_ret3_dense_latency_ap_fixed_16_6_5_3_0_ap_fixed_16_6_5_3_0_config4_s_fu_91/mul_16s_9ns_25_1_1_U63/CO[0]
    SLICE_X56Y77         LUT2 (Prop_C5LUT_SLICEM_I0_O)
                                                      0.068     3.029 f  mlp_iris_bd_i/mlp_iris_axi_wrapper_0/inst/mlp_core_i/inst/call_ret3_dense_latency_ap_fixed_16_6_5_3_0_ap_fixed_16_6_5_3_0_config4_s_fu_91/mul_16s_9ns_25_1_1_U63/tmp_product_i_5__3/O
                         net (fo=7, routed)           1.382     4.411    mlp_iris_bd_i/mlp_iris_axi_wrapper_0/inst/mlp_core_i/inst/call_ret3_dense_latency_ap_fixed_16_6_5_3_0_ap_fixed_16_6_5_3_0_config4_s_fu_91/mul_16s_11ns_26_1_1_U68/tmp_product/A[10]
    DSP48E2_X6Y15        DSP_A_B_DATA (Prop_DSP_A_B_DATA_DSP48E2_A[10]_A2_DATA[10])
                                                      0.192     4.603 r  mlp_iris_bd_i/mlp_iris_axi_wrapper_0/inst/mlp_core_i/inst/call_ret3_dense_latency_ap_fixed_16_6_5_3_0_ap_fixed_16_6_5_3_0_config4_s_fu_91/mul_16s_11ns_26_1_1_U68/tmp_product/DSP_A_B_DATA_INST/A2_DATA[10]
                         net (fo=1, routed)           0.000     4.603    mlp_iris_bd_i/mlp_iris_axi_wrapper_0/inst/mlp_core_i/inst/call_ret3_dense_latency_ap_fixed_16_6_5_3_0_ap_fixed_16_6_5_3_0_config4_s_fu_91/mul_16s_11ns_26_1_1_U68/tmp_product/DSP_A_B_DATA.A2_DATA<10>
    DSP48E2_X6Y15        DSP_PREADD_DATA (Prop_DSP_PREADD_DATA_DSP48E2_A2_DATA[10]_A2A1[10])
                                                      0.076     4.679 r  mlp_iris_bd_i/mlp_iris_axi_wrapper_0/inst/mlp_core_i/inst/call_ret3_dense_latency_ap_fixed_16_6_5_3_0_ap_fixed_16_6_5_3_0_config4_s_fu_91/mul_16s_11ns_26_1_1_U68/tmp_product/DSP_PREADD_DATA_INST/A2A1[10]
                         net (fo=1, routed)           0.000     4.679    mlp_iris_bd_i/mlp_iris_axi_wrapper_0/inst/mlp_core_i/inst/call_ret3_dense_latency_ap_fixed_16_6_5_3_0_ap_fixed_16_6_5_3_0_config4_s_fu_91/mul_16s_11ns_26_1_1_U68/tmp_product/DSP_PREADD_DATA.A2A1<10>
    DSP48E2_X6Y15        DSP_MULTIPLIER (Prop_DSP_MULTIPLIER_DSP48E2_A2A1[10]_U[13])
                                                      0.505     5.184 f  mlp_iris_bd_i/mlp_iris_axi_wrapper_0/inst/mlp_core_i/inst/call_ret3_dense_latency_ap_fixed_16_6_5_3_0_ap_fixed_16_6_5_3_0_config4_s_fu_91/mul_16s_11ns_26_1_1_U68/tmp_product/DSP_MULTIPLIER_INST/U[13]
                         net (fo=1, routed)           0.000     5.184    mlp_iris_bd_i/mlp_iris_axi_wrapper_0/inst/mlp_core_i/inst/call_ret3_dense_latency_ap_fixed_16_6_5_3_0_ap_fixed_16_6_5_3_0_config4_s_fu_91/mul_16s_11ns_26_1_1_U68/tmp_product/DSP_MULTIPLIER.U<13>
    DSP48E2_X6Y15        DSP_M_DATA (Prop_DSP_M_DATA_DSP48E2_U[13]_U_DATA[13])
                                                      0.047     5.231 r  mlp_iris_bd_i/mlp_iris_axi_wrapper_0/inst/mlp_core_i/inst/call_ret3_dense_latency_ap_fixed_16_6_5_3_0_ap_fixed_16_6_5_3_0_config4_s_fu_91/mul_16s_11ns_26_1_1_U68/tmp_product/DSP_M_DATA_INST/U_DATA[13]
                         net (fo=1, routed)           0.000     5.231    mlp_iris_bd_i/mlp_iris_axi_wrapper_0/inst/mlp_core_i/inst/call_ret3_dense_latency_ap_fixed_16_6_5_3_0_ap_fixed_16_6_5_3_0_config4_s_fu_91/mul_16s_11ns_26_1_1_U68/tmp_product/DSP_M_DATA.U_DATA<13>
    DSP48E2_X6Y15        DSP_ALU (Prop_DSP_ALU_DSP48E2_U_DATA[13]_ALU_OUT[13])
                                                      0.585     5.816 f  mlp_iris_bd_i/mlp_iris_axi_wrapper_0/inst/mlp_core_i/inst/call_ret3_dense_latency_ap_fixed_16_6_5_3_0_ap_fixed_16_6_5_3_0_config4_s_fu_91/mul_16s_11ns_26_1_1_U68/tmp_product/DSP_ALU_INST/ALU_OUT[13]
                         net (fo=1, routed)           0.000     5.816    mlp_iris_bd_i/mlp_iris_axi_wrapper_0/inst/mlp_core_i/inst/call_ret3_dense_latency_ap_fixed_16_6_5_3_0_ap_fixed_16_6_5_3_0_config4_s_fu_91/mul_16s_11ns_26_1_1_U68/tmp_product/DSP_ALU.ALU_OUT<13>
    DSP48E2_X6Y15        DSP_OUTPUT (Prop_DSP_OUTPUT_DSP48E2_ALU_OUT[13]_P[13])
                                                      0.109     5.925 r  mlp_iris_bd_i/mlp_iris_axi_wrapper_0/inst/mlp_core_i/inst/call_ret3_dense_latency_ap_fixed_16_6_5_3_0_ap_fixed_16_6_5_3_0_config4_s_fu_91/mul_16s_11ns_26_1_1_U68/tmp_product/DSP_OUTPUT_INST/P[13]
                         net (fo=2, routed)           0.520     6.445    mlp_iris_bd_i/mlp_iris_axi_wrapper_0/inst/mlp_core_i/inst/call_ret3_dense_latency_ap_fixed_16_6_5_3_0_ap_fixed_16_6_5_3_0_config4_s_fu_91/trunc_ln42_28_fu_14646_p4[3]
    SLICE_X57Y37         LUT3 (Prop_D5LUT_SLICEM_I0_O)
                                                      0.135     6.580 r  mlp_iris_bd_i/mlp_iris_axi_wrapper_0/inst/mlp_core_i/inst/call_ret3_dense_latency_ap_fixed_16_6_5_3_0_ap_fixed_16_6_5_3_0_config4_s_fu_91/layer4_out_7_reg_384[15]_i_81/O
                         net (fo=2, routed)           0.215     6.795    mlp_iris_bd_i/mlp_iris_axi_wrapper_0/inst/mlp_core_i/inst/call_ret3_dense_latency_ap_fixed_16_6_5_3_0_ap_fixed_16_6_5_3_0_config4_s_fu_91/layer4_out_7_reg_384[15]_i_81_n_0
    SLICE_X57Y37         LUT4 (Prop_E6LUT_SLICEM_I3_O)
                                                      0.124     6.919 r  mlp_iris_bd_i/mlp_iris_axi_wrapper_0/inst/mlp_core_i/inst/call_ret3_dense_latency_ap_fixed_16_6_5_3_0_ap_fixed_16_6_5_3_0_config4_s_fu_91/layer4_out_7_reg_384[15]_i_88/O
                         net (fo=1, routed)           0.014     6.933    mlp_iris_bd_i/mlp_iris_axi_wrapper_0/inst/mlp_core_i/inst/call_ret3_dense_latency_ap_fixed_16_6_5_3_0_ap_fixed_16_6_5_3_0_config4_s_fu_91/layer4_out_7_reg_384[15]_i_88_n_0
    SLICE_X57Y37         CARRY8 (Prop_CARRY8_SLICEM_S[4]_O[7])
                                                      0.137     7.070 r  mlp_iris_bd_i/mlp_iris_axi_wrapper_0/inst/mlp_core_i/inst/call_ret3_dense_latency_ap_fixed_16_6_5_3_0_ap_fixed_16_6_5_3_0_config4_s_fu_91/layer4_out_7_reg_384_reg[15]_i_26/O[7]
                         net (fo=3, routed)           0.384     7.454    mlp_iris_bd_i/mlp_iris_axi_wrapper_0/inst/mlp_core_i/inst/call_ret3_dense_latency_ap_fixed_16_6_5_3_0_ap_fixed_16_6_5_3_0_config4_s_fu_91/mul_16s_8ns_24_1_1_U56/layer4_out_7_reg_384_reg[15]_0[6]
    SLICE_X56Y45         LUT3 (Prop_G6LUT_SLICEM_I1_O)
                                                      0.052     7.506 r  mlp_iris_bd_i/mlp_iris_axi_wrapper_0/inst/mlp_core_i/inst/call_ret3_dense_latency_ap_fixed_16_6_5_3_0_ap_fixed_16_6_5_3_0_config4_s_fu_91/mul_16s_8ns_24_1_1_U56/layer4_out_7_reg_384[15]_i_27/O
                         net (fo=2, routed)           0.158     7.664    mlp_iris_bd_i/mlp_iris_axi_wrapper_0/inst/mlp_core_i/inst/call_ret3_dense_latency_ap_fixed_16_6_5_3_0_ap_fixed_16_6_5_3_0_config4_s_fu_91/mul_16s_8ns_24_1_1_U56/layer4_out_7_reg_384_reg[15]_i_25_4
    SLICE_X56Y42         LUT5 (Prop_B5LUT_SLICEM_I1_O)
                                                      0.167     7.831 r  mlp_iris_bd_i/mlp_iris_axi_wrapper_0/inst/mlp_core_i/inst/call_ret3_dense_latency_ap_fixed_16_6_5_3_0_ap_fixed_16_6_5_3_0_config4_s_fu_91/mul_16s_8ns_24_1_1_U56/layer4_out_7_reg_384[15]_i_8/O
                         net (fo=2, routed)           0.199     8.031    mlp_iris_bd_i/mlp_iris_axi_wrapper_0/inst/mlp_core_i/inst/call_ret3_dense_latency_ap_fixed_16_6_5_3_0_ap_fixed_16_6_5_3_0_config4_s_fu_91/mul_16s_8ns_24_1_1_U56_n_29
    SLICE_X56Y44         LUT6 (Prop_A6LUT_SLICEM_I0_O)
                                                      0.150     8.181 r  mlp_iris_bd_i/mlp_iris_axi_wrapper_0/inst/mlp_core_i/inst/call_ret3_dense_latency_ap_fixed_16_6_5_3_0_ap_fixed_16_6_5_3_0_config4_s_fu_91/layer4_out_7_reg_384[15]_i_16/O
                         net (fo=1, routed)           0.013     8.194    mlp_iris_bd_i/mlp_iris_axi_wrapper_0/inst/mlp_core_i/inst/call_ret3_dense_latency_ap_fixed_16_6_5_3_0_ap_fixed_16_6_5_3_0_config4_s_fu_91/layer4_out_7_reg_384[15]_i_16_n_0
    SLICE_X56Y44         CARRY8 (Prop_CARRY8_SLICEM_S[0]_O[6])
                                                      0.226     8.420 r  mlp_iris_bd_i/mlp_iris_axi_wrapper_0/inst/mlp_core_i/inst/call_ret3_dense_latency_ap_fixed_16_6_5_3_0_ap_fixed_16_6_5_3_0_config4_s_fu_91/layer4_out_7_reg_384_reg[15]_i_1/O[6]
                         net (fo=1, routed)           0.026     8.446    mlp_iris_bd_i/mlp_iris_axi_wrapper_0/inst/mlp_core_i/inst/call_ret3_dense_latency_ap_fixed_16_6_5_3_0_ap_fixed_16_6_5_3_0_config4_s_fu_91_ap_return_7[14]
    SLICE_X56Y44         FDRE                                         r  mlp_iris_bd_i/mlp_iris_axi_wrapper_0/inst/mlp_core_i/inst/layer4_out_7_reg_384_reg[14]/D
  -------------------------------------------------------------------    -------------------

                         (clock clk_pl_0 rise edge)
                                                     10.000    10.000 r  
    PS8_X0Y0             PS8                          0.000    10.000 r  mlp_iris_bd_i/zynq_ultra_ps_e_0/inst/PS8_i/PLCLK[0]
                         net (fo=1, routed)           0.143    10.143    mlp_iris_bd_i/zynq_ultra_ps_e_0/inst/pl_clk_unbuffered[0]
    BUFG_PS_X0Y80        BUFG_PS (Prop_BUFG_PS_I_O)
                                                      0.025    10.168 r  mlp_iris_bd_i/zynq_ultra_ps_e_0/inst/buffer_pl_clk_0.PL_CLK_0_BUFG/O
    X1Y2 (CLOCK_ROOT)    net (fo=1416, routed)        1.576    11.744    mlp_iris_bd_i/mlp_iris_axi_wrapper_0/inst/mlp_core_i/inst/ap_clk
    SLICE_X56Y44         FDRE                                         r  mlp_iris_bd_i/mlp_iris_axi_wrapper_0/inst/mlp_core_i/inst/layer4_out_7_reg_384_reg[14]/C
                         clock pessimism              0.119    11.863    
                         clock uncertainty           -0.130    11.733    
    SLICE_X56Y44         FDRE (Setup_GFF_SLICEM_C_D)
                                                      0.025    11.758    mlp_iris_bd_i/mlp_iris_axi_wrapper_0/inst/mlp_core_i/inst/layer4_out_7_reg_384_reg[14]
  -------------------------------------------------------------------
                         required time                         11.758    
                         arrival time                          -8.446    
  -------------------------------------------------------------------
                         slack                                  3.312    

Slack (MET) :             3.314ns  (required time - arrival time)
  Source:                 mlp_iris_bd_i/mlp_iris_axi_wrapper_0/inst/mlp_core_i/inst/layer2_out_reg_309_reg[4]/C
                            (rising edge-triggered cell FDRE clocked by clk_pl_0  {rise@0.000ns fall@5.000ns period=10.000ns})
  Destination:            mlp_iris_bd_i/mlp_iris_axi_wrapper_0/inst/mlp_core_i/inst/layer4_out_1_reg_354_reg[15]/D
                            (rising edge-triggered cell FDRE clocked by clk_pl_0  {rise@0.000ns fall@5.000ns period=10.000ns})
  Path Group:             clk_pl_0
  Path Type:              Setup (Max at Slow Process Corner)
  Requirement:            10.000ns  (clk_pl_0 rise@10.000ns - clk_pl_0 rise@0.000ns)
  Data Path Delay:        6.482ns  (logic 2.909ns (44.876%)  route 3.573ns (55.124%))
  Logic Levels:           16  (CARRY8=4 DSP_A_B_DATA=1 DSP_ALU=1 DSP_M_DATA=1 DSP_MULTIPLIER=1 DSP_OUTPUT=1 DSP_PREADD_DATA=1 LUT2=2 LUT3=2 LUT5=1 LUT6=1)
  Clock Path Skew:        -0.099ns (DCD - SCD + CPR)
    Destination Clock Delay (DCD):    1.756ns = ( 11.756 - 10.000 ) 
    Source Clock Delay      (SCD):    1.974ns
    Clock Pessimism Removal (CPR):    0.119ns
  Clock Uncertainty:      0.130ns  ((TSJ^2 + DJ^2)^1/2) / 2 + PE
    Total System Jitter     (TSJ):    0.071ns
    Discrete Jitter          (DJ):    0.250ns
    Phase Error              (PE):    0.000ns
  Clock Net Delay (Source):      1.766ns (routing 0.569ns, distribution 1.197ns)
  Clock Net Delay (Destination): 1.588ns (routing 0.512ns, distribution 1.076ns)

    Location             Delay type                Incr(ns)  Path(ns)    Netlist Resource(s)
  -------------------------------------------------------------------    -------------------
                         (clock clk_pl_0 rise edge)
                                                      0.000     0.000 r  
    PS8_X0Y0             PS8                          0.000     0.000 r  mlp_iris_bd_i/zynq_ultra_ps_e_0/inst/PS8_i/PLCLK[0]
                         net (fo=1, routed)           0.180     0.180    mlp_iris_bd_i/zynq_ultra_ps_e_0/inst/pl_clk_unbuffered[0]
    BUFG_PS_X0Y80        BUFG_PS (Prop_BUFG_PS_I_O)
                                                      0.028     0.208 r  mlp_iris_bd_i/zynq_ultra_ps_e_0/inst/buffer_pl_clk_0.PL_CLK_0_BUFG/O
    X1Y2 (CLOCK_ROOT)    net (fo=1416, routed)        1.766     1.974    mlp_iris_bd_i/mlp_iris_axi_wrapper_0/inst/mlp_core_i/inst/ap_clk
    SLICE_X56Y106        FDRE                                         r  mlp_iris_bd_i/mlp_iris_axi_wrapper_0/inst/mlp_core_i/inst/layer2_out_reg_309_reg[4]/C
  -------------------------------------------------------------------    -------------------
    SLICE_X56Y106        FDRE (Prop_EFF_SLICEM_C_Q)
                                                      0.076     2.050 f  mlp_iris_bd_i/mlp_iris_axi_wrapper_0/inst/mlp_core_i/inst/layer2_out_reg_309_reg[4]/Q
                         net (fo=6, routed)           0.176     2.226    mlp_iris_bd_i/mlp_iris_axi_wrapper_0/inst/mlp_core_i/inst/call_ret3_dense_latency_ap_fixed_16_6_5_3_0_ap_fixed_16_6_5_3_0_config4_s_fu_91/mul_16s_9ns_25_1_1_U63/Q[4]
    SLICE_X56Y104        LUT2 (Prop_C6LUT_SLICEM_I0_O)
                                                      0.123     2.349 r  mlp_iris_bd_i/mlp_iris_axi_wrapper_0/inst/mlp_core_i/inst/call_ret3_dense_latency_ap_fixed_16_6_5_3_0_ap_fixed_16_6_5_3_0_config4_s_fu_91/mul_16s_9ns_25_1_1_U63/tmp_product_i_30/O
                         net (fo=1, routed)           0.021     2.370    mlp_iris_bd_i/mlp_iris_axi_wrapper_0/inst/mlp_core_i/inst/call_ret3_dense_latency_ap_fixed_16_6_5_3_0_ap_fixed_16_6_5_3_0_config4_s_fu_91/mul_16s_9ns_25_1_1_U63/tmp_product_i_30_n_0
    SLICE_X56Y104        CARRY8 (Prop_CARRY8_SLICEM_S[2]_CO[7])
                                                      0.168     2.538 f  mlp_iris_bd_i/mlp_iris_axi_wrapper_0/inst/mlp_core_i/inst/call_ret3_dense_latency_ap_fixed_16_6_5_3_0_ap_fixed_16_6_5_3_0_config4_s_fu_91/mul_16s_9ns_25_1_1_U63/tmp_product_i_16/CO[7]
                         net (fo=45, routed)          0.436     2.974    mlp_iris_bd_i/mlp_iris_axi_wrapper_0/inst/mlp_core_i/inst/call_ret3_dense_latency_ap_fixed_16_6_5_3_0_ap_fixed_16_6_5_3_0_config4_s_fu_91/mul_16s_9ns_25_1_1_U63/CO[0]
    SLICE_X56Y77         LUT2 (Prop_H6LUT_SLICEM_I0_O)
                                                      0.101     3.075 f  mlp_iris_bd_i/mlp_iris_axi_wrapper_0/inst/mlp_core_i/inst/call_ret3_dense_latency_ap_fixed_16_6_5_3_0_ap_fixed_16_6_5_3_0_config4_s_fu_91/mul_16s_9ns_25_1_1_U63/tmp_product_i_12__3/O
                         net (fo=7, routed)           1.332     4.407    mlp_iris_bd_i/mlp_iris_axi_wrapper_0/inst/mlp_core_i/inst/call_ret3_dense_latency_ap_fixed_16_6_5_3_0_ap_fixed_16_6_5_3_0_config4_s_fu_91/mul_16s_11ns_26_1_1_U80/tmp_product/A[3]
    DSP48E2_X6Y14        DSP_A_B_DATA (Prop_DSP_A_B_DATA_DSP48E2_A[3]_A2_DATA[3])
                                                      0.192     4.599 r  mlp_iris_bd_i/mlp_iris_axi_wrapper_0/inst/mlp_core_i/inst/call_ret3_dense_latency_ap_fixed_16_6_5_3_0_ap_fixed_16_6_5_3_0_config4_s_fu_91/mul_16s_11ns_26_1_1_U80/tmp_product/DSP_A_B_DATA_INST/A2_DATA[3]
                         net (fo=1, routed)           0.000     4.599    mlp_iris_bd_i/mlp_iris_axi_wrapper_0/inst/mlp_core_i/inst/call_ret3_dense_latency_ap_fixed_16_6_5_3_0_ap_fixed_16_6_5_3_0_config4_s_fu_91/mul_16s_11ns_26_1_1_U80/tmp_product/DSP_A_B_DATA.A2_DATA<3>
    DSP48E2_X6Y14        DSP_PREADD_DATA (Prop_DSP_PREADD_DATA_DSP48E2_A2_DATA[3]_A2A1[3])
                                                      0.076     4.675 r  mlp_iris_bd_i/mlp_iris_axi_wrapper_0/inst/mlp_core_i/inst/call_ret3_dense_latency_ap_fixed_16_6_5_3_0_ap_fixed_16_6_5_3_0_config4_s_fu_91/mul_16s_11ns_26_1_1_U80/tmp_product/DSP_PREADD_DATA_INST/A2A1[3]
                         net (fo=1, routed)           0.000     4.675    mlp_iris_bd_i/mlp_iris_axi_wrapper_0/inst/mlp_core_i/inst/call_ret3_dense_latency_ap_fixed_16_6_5_3_0_ap_fixed_16_6_5_3_0_config4_s_fu_91/mul_16s_11ns_26_1_1_U80/tmp_product/DSP_PREADD_DATA.A2A1<3>
    DSP48E2_X6Y14        DSP_MULTIPLIER (Prop_DSP_MULTIPLIER_DSP48E2_A2A1[3]_U[10])
                                                      0.505     5.180 f  mlp_iris_bd_i/mlp_iris_axi_wrapper_0/inst/mlp_core_i/inst/call_ret3_dense_latency_ap_fixed_16_6_5_3_0_ap_fixed_16_6_5_3_0_config4_s_fu_91/mul_16s_11ns_26_1_1_U80/tmp_product/DSP_MULTIPLIER_INST/U[10]
                         net (fo=1, routed)           0.000     5.180    mlp_iris_bd_i/mlp_iris_axi_wrapper_0/inst/mlp_core_i/inst/call_ret3_dense_latency_ap_fixed_16_6_5_3_0_ap_fixed_16_6_5_3_0_config4_s_fu_91/mul_16s_11ns_26_1_1_U80/tmp_product/DSP_MULTIPLIER.U<10>
    DSP48E2_X6Y14        DSP_M_DATA (Prop_DSP_M_DATA_DSP48E2_U[10]_U_DATA[10])
                                                      0.047     5.227 r  mlp_iris_bd_i/mlp_iris_axi_wrapper_0/inst/mlp_core_i/inst/call_ret3_dense_latency_ap_fixed_16_6_5_3_0_ap_fixed_16_6_5_3_0_config4_s_fu_91/mul_16s_11ns_26_1_1_U80/tmp_product/DSP_M_DATA_INST/U_DATA[10]
                         net (fo=1, routed)           0.000     5.227    mlp_iris_bd_i/mlp_iris_axi_wrapper_0/inst/mlp_core_i/inst/call_ret3_dense_latency_ap_fixed_16_6_5_3_0_ap_fixed_16_6_5_3_0_config4_s_fu_91/mul_16s_11ns_26_1_1_U80/tmp_product/DSP_M_DATA.U_DATA<10>
    DSP48E2_X6Y14        DSP_ALU (Prop_DSP_ALU_DSP48E2_U_DATA[10]_ALU_OUT[10])
                                                      0.585     5.812 f  mlp_iris_bd_i/mlp_iris_axi_wrapper_0/inst/mlp_core_i/inst/call_ret3_dense_latency_ap_fixed_16_6_5_3_0_ap_fixed_16_6_5_3_0_config4_s_fu_91/mul_16s_11ns_26_1_1_U80/tmp_product/DSP_ALU_INST/ALU_OUT[10]
                         net (fo=1, routed)           0.000     5.812    mlp_iris_bd_i/mlp_iris_axi_wrapper_0/inst/mlp_core_i/inst/call_ret3_dense_latency_ap_fixed_16_6_5_3_0_ap_fixed_16_6_5_3_0_config4_s_fu_91/mul_16s_11ns_26_1_1_U80/tmp_product/DSP_ALU.ALU_OUT<10>
    DSP48E2_X6Y14        DSP_OUTPUT (Prop_DSP_OUTPUT_DSP48E2_ALU_OUT[10]_P[10])
                                                      0.109     5.921 r  mlp_iris_bd_i/mlp_iris_axi_wrapper_0/inst/mlp_core_i/inst/call_ret3_dense_latency_ap_fixed_16_6_5_3_0_ap_fixed_16_6_5_3_0_config4_s_fu_91/mul_16s_11ns_26_1_1_U80/tmp_product/DSP_OUTPUT_INST/P[10]
                         net (fo=3, routed)           0.563     6.483    mlp_iris_bd_i/mlp_iris_axi_wrapper_0/inst/mlp_core_i/inst/call_ret3_dense_latency_ap_fixed_16_6_5_3_0_ap_fixed_16_6_5_3_0_config4_s_fu_91/mul_16s_9s_25_1_1_U96/layer4_out_1_reg_354_reg[15]_i_18[0]
    SLICE_X58Y36         LUT3 (Prop_B6LUT_SLICEL_I1_O)
                                                      0.124     6.607 r  mlp_iris_bd_i/mlp_iris_axi_wrapper_0/inst/mlp_core_i/inst/call_ret3_dense_latency_ap_fixed_16_6_5_3_0_ap_fixed_16_6_5_3_0_config4_s_fu_91/mul_16s_9s_25_1_1_U96/layer4_out_1_reg_354[15]_i_78/O
                         net (fo=1, routed)           0.160     6.767    mlp_iris_bd_i/mlp_iris_axi_wrapper_0/inst/mlp_core_i/inst/call_ret3_dense_latency_ap_fixed_16_6_5_3_0_ap_fixed_16_6_5_3_0_config4_s_fu_91/mul_16s_9s_25_1_1_U96_n_21
    SLICE_X59Y36         CARRY8 (Prop_CARRY8_SLICEL_DI[1]_CO[7])
                                                      0.117     6.884 r  mlp_iris_bd_i/mlp_iris_axi_wrapper_0/inst/mlp_core_i/inst/call_ret3_dense_latency_ap_fixed_16_6_5_3_0_ap_fixed_16_6_5_3_0_config4_s_fu_91/layer4_out_1_reg_354_reg[15]_i_30/CO[7]
                         net (fo=1, routed)           0.026     6.910    mlp_iris_bd_i/mlp_iris_axi_wrapper_0/inst/mlp_core_i/inst/call_ret3_dense_latency_ap_fixed_16_6_5_3_0_ap_fixed_16_6_5_3_0_config4_s_fu_91/layer4_out_1_reg_354_reg[15]_i_30_n_0
    SLICE_X59Y37         CARRY8 (Prop_CARRY8_SLICEL_CI_O[0])
                                                      0.056     6.966 r  mlp_iris_bd_i/mlp_iris_axi_wrapper_0/inst/mlp_core_i/inst/call_ret3_dense_latency_ap_fixed_16_6_5_3_0_ap_fixed_16_6_5_3_0_config4_s_fu_91/layer4_out_1_reg_354_reg[15]_i_18/O[0]
                         net (fo=5, routed)           0.454     7.420    mlp_iris_bd_i/mlp_iris_axi_wrapper_0/inst/mlp_core_i/inst/call_ret3_dense_latency_ap_fixed_16_6_5_3_0_ap_fixed_16_6_5_3_0_config4_s_fu_91/mul_16s_9s_25_1_1_U96/O[0]
    SLICE_X61Y52         LUT3 (Prop_G5LUT_SLICEM_I0_O)
                                                      0.137     7.557 r  mlp_iris_bd_i/mlp_iris_axi_wrapper_0/inst/mlp_core_i/inst/call_ret3_dense_latency_ap_fixed_16_6_5_3_0_ap_fixed_16_6_5_3_0_config4_s_fu_91/mul_16s_9s_25_1_1_U96/layer4_out_1_reg_354[15]_i_102/O
                         net (fo=1, routed)           0.239     7.796    mlp_iris_bd_i/mlp_iris_axi_wrapper_0/inst/mlp_core_i/inst/call_ret3_dense_latency_ap_fixed_16_6_5_3_0_ap_fixed_16_6_5_3_0_config4_s_fu_91/mul_16s_8ns_24_1_1_U59/layer4_out_1_reg_354[15]_i_15
    SLICE_X61Y52         LUT5 (Prop_H5LUT_SLICEM_I4_O)
                                                      0.161     7.957 r  mlp_iris_bd_i/mlp_iris_axi_wrapper_0/inst/mlp_core_i/inst/call_ret3_dense_latency_ap_fixed_16_6_5_3_0_ap_fixed_16_6_5_3_0_config4_s_fu_91/mul_16s_8ns_24_1_1_U59/layer4_out_1_reg_354[15]_i_39/O
                         net (fo=1, routed)           0.132     8.089    mlp_iris_bd_i/mlp_iris_axi_wrapper_0/inst/mlp_core_i/inst/call_ret3_dense_latency_ap_fixed_16_6_5_3_0_ap_fixed_16_6_5_3_0_config4_s_fu_91/mul_16s_8ns_24_1_1_U59_n_35
    SLICE_X59Y52         LUT6 (Prop_B6LUT_SLICEL_I1_O)
                                                      0.098     8.187 r  mlp_iris_bd_i/mlp_iris_axi_wrapper_0/inst/mlp_core_i/inst/call_ret3_dense_latency_ap_fixed_16_6_5_3_0_ap_fixed_16_6_5_3_0_config4_s_fu_91/layer4_out_1_reg_354[15]_i_15/O
                         net (fo=1, routed)           0.009     8.196    mlp_iris_bd_i/mlp_iris_axi_wrapper_0/inst/mlp_core_i/inst/call_ret3_dense_latency_ap_fixed_16_6_5_3_0_ap_fixed_16_6_5_3_0_config4_s_fu_91/layer4_out_1_reg_354[15]_i_15_n_0
    SLICE_X59Y52         CARRY8 (Prop_CARRY8_SLICEL_S[1]_O[7])
                                                      0.234     8.430 r  mlp_iris_bd_i/mlp_iris_axi_wrapper_0/inst/mlp_core_i/inst/call_ret3_dense_latency_ap_fixed_16_6_5_3_0_ap_fixed_16_6_5_3_0_config4_s_fu_91/layer4_out_1_reg_354_reg[15]_i_1/O[7]
                         net (fo=1, routed)           0.026     8.456    mlp_iris_bd_i/mlp_iris_axi_wrapper_0/inst/mlp_core_i/inst/call_ret3_dense_latency_ap_fixed_16_6_5_3_0_ap_fixed_16_6_5_3_0_config4_s_fu_91_ap_return_1[15]
    SLICE_X59Y52         FDRE                                         r  mlp_iris_bd_i/mlp_iris_axi_wrapper_0/inst/mlp_core_i/inst/layer4_out_1_reg_354_reg[15]/D
  -------------------------------------------------------------------    -------------------

                         (clock clk_pl_0 rise edge)
                                                     10.000    10.000 r  
    PS8_X0Y0             PS8                          0.000    10.000 r  mlp_iris_bd_i/zynq_ultra_ps_e_0/inst/PS8_i/PLCLK[0]
                         net (fo=1, routed)           0.143    10.143    mlp_iris_bd_i/zynq_ultra_ps_e_0/inst/pl_clk_unbuffered[0]
    BUFG_PS_X0Y80        BUFG_PS (Prop_BUFG_PS_I_O)
                                                      0.025    10.168 r  mlp_iris_bd_i/zynq_ultra_ps_e_0/inst/buffer_pl_clk_0.PL_CLK_0_BUFG/O
    X1Y2 (CLOCK_ROOT)    net (fo=1416, routed)        1.588    11.756    mlp_iris_bd_i/mlp_iris_axi_wrapper_0/inst/mlp_core_i/inst/ap_clk
    SLICE_X59Y52         FDRE                                         r  mlp_iris_bd_i/mlp_iris_axi_wrapper_0/inst/mlp_core_i/inst/layer4_out_1_reg_354_reg[15]/C
                         clock pessimism              0.119    11.875    
                         clock uncertainty           -0.130    11.745    
    SLICE_X59Y52         FDRE (Setup_HFF_SLICEL_C_D)
                                                      0.025    11.770    mlp_iris_bd_i/mlp_iris_axi_wrapper_0/inst/mlp_core_i/inst/layer4_out_1_reg_354_reg[15]
  -------------------------------------------------------------------
                         required time                         11.770    
                         arrival time                          -8.456    
  -------------------------------------------------------------------
                         slack                                  3.314    

Slack (MET) :             3.316ns  (required time - arrival time)
  Source:                 mlp_iris_bd_i/mlp_iris_axi_wrapper_0/inst/mlp_core_i/inst/layer2_out_reg_309_reg[4]/C
                            (rising edge-triggered cell FDRE clocked by clk_pl_0  {rise@0.000ns fall@5.000ns period=10.000ns})
  Destination:            mlp_iris_bd_i/mlp_iris_axi_wrapper_0/inst/mlp_core_i/inst/layer4_out_1_reg_354_reg[13]/D
                            (rising edge-triggered cell FDRE clocked by clk_pl_0  {rise@0.000ns fall@5.000ns period=10.000ns})
  Path Group:             clk_pl_0
  Path Type:              Setup (Max at Slow Process Corner)
  Requirement:            10.000ns  (clk_pl_0 rise@10.000ns - clk_pl_0 rise@0.000ns)
  Data Path Delay:        6.480ns  (logic 2.908ns (44.874%)  route 3.572ns (55.126%))
  Logic Levels:           16  (CARRY8=4 DSP_A_B_DATA=1 DSP_ALU=1 DSP_M_DATA=1 DSP_MULTIPLIER=1 DSP_OUTPUT=1 DSP_PREADD_DATA=1 LUT2=2 LUT3=2 LUT5=1 LUT6=1)
  Clock Path Skew:        -0.099ns (DCD - SCD + CPR)
    Destination Clock Delay (DCD):    1.756ns = ( 11.756 - 10.000 ) 
    Source Clock Delay      (SCD):    1.974ns
    Clock Pessimism Removal (CPR):    0.119ns
  Clock Uncertainty:      0.130ns  ((TSJ^2 + DJ^2)^1/2) / 2 + PE
    Total System Jitter     (TSJ):    0.071ns
    Discrete Jitter          (DJ):    0.250ns
    Phase Error              (PE):    0.000ns
  Clock Net Delay (Source):      1.766ns (routing 0.569ns, distribution 1.197ns)
  Clock Net Delay (Destination): 1.588ns (routing 0.512ns, distribution 1.076ns)

    Location             Delay type                Incr(ns)  Path(ns)    Netlist Resource(s)
  -------------------------------------------------------------------    -------------------
                         (clock clk_pl_0 rise edge)
                                                      0.000     0.000 r  
    PS8_X0Y0             PS8                          0.000     0.000 r  mlp_iris_bd_i/zynq_ultra_ps_e_0/inst/PS8_i/PLCLK[0]
                         net (fo=1, routed)           0.180     0.180    mlp_iris_bd_i/zynq_ultra_ps_e_0/inst/pl_clk_unbuffered[0]
    BUFG_PS_X0Y80        BUFG_PS (Prop_BUFG_PS_I_O)
                                                      0.028     0.208 r  mlp_iris_bd_i/zynq_ultra_ps_e_0/inst/buffer_pl_clk_0.PL_CLK_0_BUFG/O
    X1Y2 (CLOCK_ROOT)    net (fo=1416, routed)        1.766     1.974    mlp_iris_bd_i/mlp_iris_axi_wrapper_0/inst/mlp_core_i/inst/ap_clk
    SLICE_X56Y106        FDRE                                         r  mlp_iris_bd_i/mlp_iris_axi_wrapper_0/inst/mlp_core_i/inst/layer2_out_reg_309_reg[4]/C
  -------------------------------------------------------------------    -------------------
    SLICE_X56Y106        FDRE (Prop_EFF_SLICEM_C_Q)
                                                      0.076     2.050 f  mlp_iris_bd_i/mlp_iris_axi_wrapper_0/inst/mlp_core_i/inst/layer2_out_reg_309_reg[4]/Q
                         net (fo=6, routed)           0.176     2.226    mlp_iris_bd_i/mlp_iris_axi_wrapper_0/inst/mlp_core_i/inst/call_ret3_dense_latency_ap_fixed_16_6_5_3_0_ap_fixed_16_6_5_3_0_config4_s_fu_91/mul_16s_9ns_25_1_1_U63/Q[4]
    SLICE_X56Y104        LUT2 (Prop_C6LUT_SLICEM_I0_O)
                                                      0.123     2.349 r  mlp_iris_bd_i/mlp_iris_axi_wrapper_0/inst/mlp_core_i/inst/call_ret3_dense_latency_ap_fixed_16_6_5_3_0_ap_fixed_16_6_5_3_0_config4_s_fu_91/mul_16s_9ns_25_1_1_U63/tmp_product_i_30/O
                         net (fo=1, routed)           0.021     2.370    mlp_iris_bd_i/mlp_iris_axi_wrapper_0/inst/mlp_core_i/inst/call_ret3_dense_latency_ap_fixed_16_6_5_3_0_ap_fixed_16_6_5_3_0_config4_s_fu_91/mul_16s_9ns_25_1_1_U63/tmp_product_i_30_n_0
    SLICE_X56Y104        CARRY8 (Prop_CARRY8_SLICEM_S[2]_CO[7])
                                                      0.168     2.538 f  mlp_iris_bd_i/mlp_iris_axi_wrapper_0/inst/mlp_core_i/inst/call_ret3_dense_latency_ap_fixed_16_6_5_3_0_ap_fixed_16_6_5_3_0_config4_s_fu_91/mul_16s_9ns_25_1_1_U63/tmp_product_i_16/CO[7]
                         net (fo=45, routed)          0.436     2.974    mlp_iris_bd_i/mlp_iris_axi_wrapper_0/inst/mlp_core_i/inst/call_ret3_dense_latency_ap_fixed_16_6_5_3_0_ap_fixed_16_6_5_3_0_config4_s_fu_91/mul_16s_9ns_25_1_1_U63/CO[0]
    SLICE_X56Y77         LUT2 (Prop_H6LUT_SLICEM_I0_O)
                                                      0.101     3.075 f  mlp_iris_bd_i/mlp_iris_axi_wrapper_0/inst/mlp_core_i/inst/call_ret3_dense_latency_ap_fixed_16_6_5_3_0_ap_fixed_16_6_5_3_0_config4_s_fu_91/mul_16s_9ns_25_1_1_U63/tmp_product_i_12__3/O
                         net (fo=7, routed)           1.332     4.407    mlp_iris_bd_i/mlp_iris_axi_wrapper_0/inst/mlp_core_i/inst/call_ret3_dense_latency_ap_fixed_16_6_5_3_0_ap_fixed_16_6_5_3_0_config4_s_fu_91/mul_16s_11ns_26_1_1_U80/tmp_product/A[3]
    DSP48E2_X6Y14        DSP_A_B_DATA (Prop_DSP_A_B_DATA_DSP48E2_A[3]_A2_DATA[3])
                                                      0.192     4.599 r  mlp_iris_bd_i/mlp_iris_axi_wrapper_0/inst/mlp_core_i/inst/call_ret3_dense_latency_ap_fixed_16_6_5_3_0_ap_fixed_16_6_5_3_0_config4_s_fu_91/mul_16s_11ns_26_1_1_U80/tmp_product/DSP_A_B_DATA_INST/A2_DATA[3]
                         net (fo=1, routed)           0.000     4.599    mlp_iris_bd_i/mlp_iris_axi_wrapper_0/inst/mlp_core_i/inst/call_ret3_dense_latency_ap_fixed_16_6_5_3_0_ap_fixed_16_6_5_3_0_config4_s_fu_91/mul_16s_11ns_26_1_1_U80/tmp_product/DSP_A_B_DATA.A2_DATA<3>
    DSP48E2_X6Y14        DSP_PREADD_DATA (Prop_DSP_PREADD_DATA_DSP48E2_A2_DATA[3]_A2A1[3])
                                                      0.076     4.675 r  mlp_iris_bd_i/mlp_iris_axi_wrapper_0/inst/mlp_core_i/inst/call_ret3_dense_latency_ap_fixed_16_6_5_3_0_ap_fixed_16_6_5_3_0_config4_s_fu_91/mul_16s_11ns_26_1_1_U80/tmp_product/DSP_PREADD_DATA_INST/A2A1[3]
                         net (fo=1, routed)           0.000     4.675    mlp_iris_bd_i/mlp_iris_axi_wrapper_0/inst/mlp_core_i/inst/call_ret3_dense_latency_ap_fixed_16_6_5_3_0_ap_fixed_16_6_5_3_0_config4_s_fu_91/mul_16s_11ns_26_1_1_U80/tmp_product/DSP_PREADD_DATA.A2A1<3>
    DSP48E2_X6Y14        DSP_MULTIPLIER (Prop_DSP_MULTIPLIER_DSP48E2_A2A1[3]_U[10])
                                                      0.505     5.180 f  mlp_iris_bd_i/mlp_iris_axi_wrapper_0/inst/mlp_core_i/inst/call_ret3_dense_latency_ap_fixed_16_6_5_3_0_ap_fixed_16_6_5_3_0_config4_s_fu_91/mul_16s_11ns_26_1_1_U80/tmp_product/DSP_MULTIPLIER_INST/U[10]
                         net (fo=1, routed)           0.000     5.180    mlp_iris_bd_i/mlp_iris_axi_wrapper_0/inst/mlp_core_i/inst/call_ret3_dense_latency_ap_fixed_16_6_5_3_0_ap_fixed_16_6_5_3_0_config4_s_fu_91/mul_16s_11ns_26_1_1_U80/tmp_product/DSP_MULTIPLIER.U<10>
    DSP48E2_X6Y14        DSP_M_DATA (Prop_DSP_M_DATA_DSP48E2_U[10]_U_DATA[10])
                                                      0.047     5.227 r  mlp_iris_bd_i/mlp_iris_axi_wrapper_0/inst/mlp_core_i/inst/call_ret3_dense_latency_ap_fixed_16_6_5_3_0_ap_fixed_16_6_5_3_0_config4_s_fu_91/mul_16s_11ns_26_1_1_U80/tmp_product/DSP_M_DATA_INST/U_DATA[10]
                         net (fo=1, routed)           0.000     5.227    mlp_iris_bd_i/mlp_iris_axi_wrapper_0/inst/mlp_core_i/inst/call_ret3_dense_latency_ap_fixed_16_6_5_3_0_ap_fixed_16_6_5_3_0_config4_s_fu_91/mul_16s_11ns_26_1_1_U80/tmp_product/DSP_M_DATA.U_DATA<10>
    DSP48E2_X6Y14        DSP_ALU (Prop_DSP_ALU_DSP48E2_U_DATA[10]_ALU_OUT[10])
                                                      0.585     5.812 f  mlp_iris_bd_i/mlp_iris_axi_wrapper_0/inst/mlp_core_i/inst/call_ret3_dense_latency_ap_fixed_16_6_5_3_0_ap_fixed_16_6_5_3_0_config4_s_fu_91/mul_16s_11ns_26_1_1_U80/tmp_product/DSP_ALU_INST/ALU_OUT[10]
                         net (fo=1, routed)           0.000     5.812    mlp_iris_bd_i/mlp_iris_axi_wrapper_0/inst/mlp_core_i/inst/call_ret3_dense_latency_ap_fixed_16_6_5_3_0_ap_fixed_16_6_5_3_0_config4_s_fu_91/mul_16s_11ns_26_1_1_U80/tmp_product/DSP_ALU.ALU_OUT<10>
    DSP48E2_X6Y14        DSP_OUTPUT (Prop_DSP_OUTPUT_DSP48E2_ALU_OUT[10]_P[10])
                                                      0.109     5.921 r  mlp_iris_bd_i/mlp_iris_axi_wrapper_0/inst/mlp_core_i/inst/call_ret3_dense_latency_ap_fixed_16_6_5_3_0_ap_fixed_16_6_5_3_0_config4_s_fu_91/mul_16s_11ns_26_1_1_U80/tmp_product/DSP_OUTPUT_INST/P[10]
                         net (fo=3, routed)           0.563     6.483    mlp_iris_bd_i/mlp_iris_axi_wrapper_0/inst/mlp_core_i/inst/call_ret3_dense_latency_ap_fixed_16_6_5_3_0_ap_fixed_16_6_5_3_0_config4_s_fu_91/mul_16s_9s_25_1_1_U96/layer4_out_1_reg_354_reg[15]_i_18[0]
    SLICE_X58Y36         LUT3 (Prop_B6LUT_SLICEL_I1_O)
                                                      0.124     6.607 r  mlp_iris_bd_i/mlp_iris_axi_wrapper_0/inst/mlp_core_i/inst/call_ret3_dense_latency_ap_fixed_16_6_5_3_0_ap_fixed_16_6_5_3_0_config4_s_fu_91/mul_16s_9s_25_1_1_U96/layer4_out_1_reg_354[15]_i_78/O
                         net (fo=1, routed)           0.160     6.767    mlp_iris_bd_i/mlp_iris_axi_wrapper_0/inst/mlp_core_i/inst/call_ret3_dense_latency_ap_fixed_16_6_5_3_0_ap_fixed_16_6_5_3_0_config4_s_fu_91/mul_16s_9s_25_1_1_U96_n_21
    SLICE_X59Y36         CARRY8 (Prop_CARRY8_SLICEL_DI[1]_CO[7])
                                                      0.117     6.884 r  mlp_iris_bd_i/mlp_iris_axi_wrapper_0/inst/mlp_core_i/inst/call_ret3_dense_latency_ap_fixed_16_6_5_3_0_ap_fixed_16_6_5_3_0_config4_s_fu_91/layer4_out_1_reg_354_reg[15]_i_30/CO[7]
                         net (fo=1, routed)           0.026     6.910    mlp_iris_bd_i/mlp_iris_axi_wrapper_0/inst/mlp_core_i/inst/call_ret3_dense_latency_ap_fixed_16_6_5_3_0_ap_fixed_16_6_5_3_0_config4_s_fu_91/layer4_out_1_reg_354_reg[15]_i_30_n_0
    SLICE_X59Y37         CARRY8 (Prop_CARRY8_SLICEL_CI_O[0])
                                                      0.056     6.966 r  mlp_iris_bd_i/mlp_iris_axi_wrapper_0/inst/mlp_core_i/inst/call_ret3_dense_latency_ap_fixed_16_6_5_3_0_ap_fixed_16_6_5_3_0_config4_s_fu_91/layer4_out_1_reg_354_reg[15]_i_18/O[0]
                         net (fo=5, routed)           0.454     7.420    mlp_iris_bd_i/mlp_iris_axi_wrapper_0/inst/mlp_core_i/inst/call_ret3_dense_latency_ap_fixed_16_6_5_3_0_ap_fixed_16_6_5_3_0_config4_s_fu_91/mul_16s_9s_25_1_1_U96/O[0]
    SLICE_X61Y52         LUT3 (Prop_G5LUT_SLICEM_I0_O)
                                                      0.137     7.557 r  mlp_iris_bd_i/mlp_iris_axi_wrapper_0/inst/mlp_core_i/inst/call_ret3_dense_latency_ap_fixed_16_6_5_3_0_ap_fixed_16_6_5_3_0_config4_s_fu_91/mul_16s_9s_25_1_1_U96/layer4_out_1_reg_354[15]_i_102/O
                         net (fo=1, routed)           0.239     7.796    mlp_iris_bd_i/mlp_iris_axi_wrapper_0/inst/mlp_core_i/inst/call_ret3_dense_latency_ap_fixed_16_6_5_3_0_ap_fixed_16_6_5_3_0_config4_s_fu_91/mul_16s_8ns_24_1_1_U59/layer4_out_1_reg_354[15]_i_15
    SLICE_X61Y52         LUT5 (Prop_H5LUT_SLICEM_I4_O)
                                                      0.161     7.957 r  mlp_iris_bd_i/mlp_iris_axi_wrapper_0/inst/mlp_core_i/inst/call_ret3_dense_latency_ap_fixed_16_6_5_3_0_ap_fixed_16_6_5_3_0_config4_s_fu_91/mul_16s_8ns_24_1_1_U59/layer4_out_1_reg_354[15]_i_39/O
                         net (fo=1, routed)           0.132     8.089    mlp_iris_bd_i/mlp_iris_axi_wrapper_0/inst/mlp_core_i/inst/call_ret3_dense_latency_ap_fixed_16_6_5_3_0_ap_fixed_16_6_5_3_0_config4_s_fu_91/mul_16s_8ns_24_1_1_U59_n_35
    SLICE_X59Y52         LUT6 (Prop_B6LUT_SLICEL_I1_O)
                                                      0.098     8.187 r  mlp_iris_bd_i/mlp_iris_axi_wrapper_0/inst/mlp_core_i/inst/call_ret3_dense_latency_ap_fixed_16_6_5_3_0_ap_fixed_16_6_5_3_0_config4_s_fu_91/layer4_out_1_reg_354[15]_i_15/O
                         net (fo=1, routed)           0.009     8.196    mlp_iris_bd_i/mlp_iris_axi_wrapper_0/inst/mlp_core_i/inst/call_ret3_dense_latency_ap_fixed_16_6_5_3_0_ap_fixed_16_6_5_3_0_config4_s_fu_91/layer4_out_1_reg_354[15]_i_15_n_0
    SLICE_X59Y52         CARRY8 (Prop_CARRY8_SLICEL_S[1]_O[5])
                                                      0.233     8.429 r  mlp_iris_bd_i/mlp_iris_axi_wrapper_0/inst/mlp_core_i/inst/call_ret3_dense_latency_ap_fixed_16_6_5_3_0_ap_fixed_16_6_5_3_0_config4_s_fu_91/layer4_out_1_reg_354_reg[15]_i_1/O[5]
                         net (fo=1, routed)           0.025     8.454    mlp_iris_bd_i/mlp_iris_axi_wrapper_0/inst/mlp_core_i/inst/call_ret3_dense_latency_ap_fixed_16_6_5_3_0_ap_fixed_16_6_5_3_0_config4_s_fu_91_ap_return_1[13]
    SLICE_X59Y52         FDRE                                         r  mlp_iris_bd_i/mlp_iris_axi_wrapper_0/inst/mlp_core_i/inst/layer4_out_1_reg_354_reg[13]/D
  -------------------------------------------------------------------    -------------------

                         (clock clk_pl_0 rise edge)
                                                     10.000    10.000 r  
    PS8_X0Y0             PS8                          0.000    10.000 r  mlp_iris_bd_i/zynq_ultra_ps_e_0/inst/PS8_i/PLCLK[0]
                         net (fo=1, routed)           0.143    10.143    mlp_iris_bd_i/zynq_ultra_ps_e_0/inst/pl_clk_unbuffered[0]
    BUFG_PS_X0Y80        BUFG_PS (Prop_BUFG_PS_I_O)
                                                      0.025    10.168 r  mlp_iris_bd_i/zynq_ultra_ps_e_0/inst/buffer_pl_clk_0.PL_CLK_0_BUFG/O
    X1Y2 (CLOCK_ROOT)    net (fo=1416, routed)        1.588    11.756    mlp_iris_bd_i/mlp_iris_axi_wrapper_0/inst/mlp_core_i/inst/ap_clk
    SLICE_X59Y52         FDRE                                         r  mlp_iris_bd_i/mlp_iris_axi_wrapper_0/inst/mlp_core_i/inst/layer4_out_1_reg_354_reg[13]/C
                         clock pessimism              0.119    11.875    
                         clock uncertainty           -0.130    11.745    
    SLICE_X59Y52         FDRE (Setup_FFF_SLICEL_C_D)
                                                      0.025    11.770    mlp_iris_bd_i/mlp_iris_axi_wrapper_0/inst/mlp_core_i/inst/layer4_out_1_reg_354_reg[13]
  -------------------------------------------------------------------
                         required time                         11.770    
                         arrival time                          -8.454    
  -------------------------------------------------------------------
                         slack                                  3.316    

Slack (MET) :             3.328ns  (required time - arrival time)
  Source:                 mlp_iris_bd_i/mlp_iris_axi_wrapper_0/inst/mlp_core_i/inst/layer2_out_reg_309_reg[4]/C
                            (rising edge-triggered cell FDRE clocked by clk_pl_0  {rise@0.000ns fall@5.000ns period=10.000ns})
  Destination:            mlp_iris_bd_i/mlp_iris_axi_wrapper_0/inst/mlp_core_i/inst/layer4_out_1_reg_354_reg[14]/D
                            (rising edge-triggered cell FDRE clocked by clk_pl_0  {rise@0.000ns fall@5.000ns period=10.000ns})
  Path Group:             clk_pl_0
  Path Type:              Setup (Max at Slow Process Corner)
  Requirement:            10.000ns  (clk_pl_0 rise@10.000ns - clk_pl_0 rise@0.000ns)
  Data Path Delay:        6.468ns  (logic 2.895ns (44.757%)  route 3.573ns (55.243%))
  Logic Levels:           16  (CARRY8=4 DSP_A_B_DATA=1 DSP_ALU=1 DSP_M_DATA=1 DSP_MULTIPLIER=1 DSP_OUTPUT=1 DSP_PREADD_DATA=1 LUT2=2 LUT3=2 LUT5=1 LUT6=1)
  Clock Path Skew:        -0.099ns (DCD - SCD + CPR)
    Destination Clock Delay (DCD):    1.756ns = ( 11.756 - 10.000 ) 
    Source Clock Delay      (SCD):    1.974ns
    Clock Pessimism Removal (CPR):    0.119ns
  Clock Uncertainty:      0.130ns  ((TSJ^2 + DJ^2)^1/2) / 2 + PE
    Total System Jitter     (TSJ):    0.071ns
    Discrete Jitter          (DJ):    0.250ns
    Phase Error              (PE):    0.000ns
  Clock Net Delay (Source):      1.766ns (routing 0.569ns, distribution 1.197ns)
  Clock Net Delay (Destination): 1.588ns (routing 0.512ns, distribution 1.076ns)

    Location             Delay type                Incr(ns)  Path(ns)    Netlist Resource(s)
  -------------------------------------------------------------------    -------------------
                         (clock clk_pl_0 rise edge)
                                                      0.000     0.000 r  
    PS8_X0Y0             PS8                          0.000     0.000 r  mlp_iris_bd_i/zynq_ultra_ps_e_0/inst/PS8_i/PLCLK[0]
                         net (fo=1, routed)           0.180     0.180    mlp_iris_bd_i/zynq_ultra_ps_e_0/inst/pl_clk_unbuffered[0]
    BUFG_PS_X0Y80        BUFG_PS (Prop_BUFG_PS_I_O)
                                                      0.028     0.208 r  mlp_iris_bd_i/zynq_ultra_ps_e_0/inst/buffer_pl_clk_0.PL_CLK_0_BUFG/O
    X1Y2 (CLOCK_ROOT)    net (fo=1416, routed)        1.766     1.974    mlp_iris_bd_i/mlp_iris_axi_wrapper_0/inst/mlp_core_i/inst/ap_clk
    SLICE_X56Y106        FDRE                                         r  mlp_iris_bd_i/mlp_iris_axi_wrapper_0/inst/mlp_core_i/inst/layer2_out_reg_309_reg[4]/C
  -------------------------------------------------------------------    -------------------
    SLICE_X56Y106        FDRE (Prop_EFF_SLICEM_C_Q)
                                                      0.076     2.050 f  mlp_iris_bd_i/mlp_iris_axi_wrapper_0/inst/mlp_core_i/inst/layer2_out_reg_309_reg[4]/Q
                         net (fo=6, routed)           0.176     2.226    mlp_iris_bd_i/mlp_iris_axi_wrapper_0/inst/mlp_core_i/inst/call_ret3_dense_latency_ap_fixed_16_6_5_3_0_ap_fixed_16_6_5_3_0_config4_s_fu_91/mul_16s_9ns_25_1_1_U63/Q[4]
    SLICE_X56Y104        LUT2 (Prop_C6LUT_SLICEM_I0_O)
                                                      0.123     2.349 r  mlp_iris_bd_i/mlp_iris_axi_wrapper_0/inst/mlp_core_i/inst/call_ret3_dense_latency_ap_fixed_16_6_5_3_0_ap_fixed_16_6_5_3_0_config4_s_fu_91/mul_16s_9ns_25_1_1_U63/tmp_product_i_30/O
                         net (fo=1, routed)           0.021     2.370    mlp_iris_bd_i/mlp_iris_axi_wrapper_0/inst/mlp_core_i/inst/call_ret3_dense_latency_ap_fixed_16_6_5_3_0_ap_fixed_16_6_5_3_0_config4_s_fu_91/mul_16s_9ns_25_1_1_U63/tmp_product_i_30_n_0
    SLICE_X56Y104        CARRY8 (Prop_CARRY8_SLICEM_S[2]_CO[7])
                                                      0.168     2.538 f  mlp_iris_bd_i/mlp_iris_axi_wrapper_0/inst/mlp_core_i/inst/call_ret3_dense_latency_ap_fixed_16_6_5_3_0_ap_fixed_16_6_5_3_0_config4_s_fu_91/mul_16s_9ns_25_1_1_U63/tmp_product_i_16/CO[7]
                         net (fo=45, routed)          0.436     2.974    mlp_iris_bd_i/mlp_iris_axi_wrapper_0/inst/mlp_core_i/inst/call_ret3_dense_latency_ap_fixed_16_6_5_3_0_ap_fixed_16_6_5_3_0_config4_s_fu_91/mul_16s_9ns_25_1_1_U63/CO[0]
    SLICE_X56Y77         LUT2 (Prop_H6LUT_SLICEM_I0_O)
                                                      0.101     3.075 f  mlp_iris_bd_i/mlp_iris_axi_wrapper_0/inst/mlp_core_i/inst/call_ret3_dense_latency_ap_fixed_16_6_5_3_0_ap_fixed_16_6_5_3_0_config4_s_fu_91/mul_16s_9ns_25_1_1_U63/tmp_product_i_12__3/O
                         net (fo=7, routed)           1.332     4.407    mlp_iris_bd_i/mlp_iris_axi_wrapper_0/inst/mlp_core_i/inst/call_ret3_dense_latency_ap_fixed_16_6_5_3_0_ap_fixed_16_6_5_3_0_config4_s_fu_91/mul_16s_11ns_26_1_1_U80/tmp_product/A[3]
    DSP48E2_X6Y14        DSP_A_B_DATA (Prop_DSP_A_B_DATA_DSP48E2_A[3]_A2_DATA[3])
                                                      0.192     4.599 r  mlp_iris_bd_i/mlp_iris_axi_wrapper_0/inst/mlp_core_i/inst/call_ret3_dense_latency_ap_fixed_16_6_5_3_0_ap_fixed_16_6_5_3_0_config4_s_fu_91/mul_16s_11ns_26_1_1_U80/tmp_product/DSP_A_B_DATA_INST/A2_DATA[3]
                         net (fo=1, routed)           0.000     4.599    mlp_iris_bd_i/mlp_iris_axi_wrapper_0/inst/mlp_core_i/inst/call_ret3_dense_latency_ap_fixed_16_6_5_3_0_ap_fixed_16_6_5_3_0_config4_s_fu_91/mul_16s_11ns_26_1_1_U80/tmp_product/DSP_A_B_DATA.A2_DATA<3>
    DSP48E2_X6Y14        DSP_PREADD_DATA (Prop_DSP_PREADD_DATA_DSP48E2_A2_DATA[3]_A2A1[3])
                                                      0.076     4.675 r  mlp_iris_bd_i/mlp_iris_axi_wrapper_0/inst/mlp_core_i/inst/call_ret3_dense_latency_ap_fixed_16_6_5_3_0_ap_fixed_16_6_5_3_0_config4_s_fu_91/mul_16s_11ns_26_1_1_U80/tmp_product/DSP_PREADD_DATA_INST/A2A1[3]
                         net (fo=1, routed)           0.000     4.675    mlp_iris_bd_i/mlp_iris_axi_wrapper_0/inst/mlp_core_i/inst/call_ret3_dense_latency_ap_fixed_16_6_5_3_0_ap_fixed_16_6_5_3_0_config4_s_fu_91/mul_16s_11ns_26_1_1_U80/tmp_product/DSP_PREADD_DATA.A2A1<3>
    DSP48E2_X6Y14        DSP_MULTIPLIER (Prop_DSP_MULTIPLIER_DSP48E2_A2A1[3]_U[10])
                                                      0.505     5.180 f  mlp_iris_bd_i/mlp_iris_axi_wrapper_0/inst/mlp_core_i/inst/call_ret3_dense_latency_ap_fixed_16_6_5_3_0_ap_fixed_16_6_5_3_0_config4_s_fu_91/mul_16s_11ns_26_1_1_U80/tmp_product/DSP_MULTIPLIER_INST/U[10]
                         net (fo=1, routed)           0.000     5.180    mlp_iris_bd_i/mlp_iris_axi_wrapper_0/inst/mlp_core_i/inst/call_ret3_dense_latency_ap_fixed_16_6_5_3_0_ap_fixed_16_6_5_3_0_config4_s_fu_91/mul_16s_11ns_26_1_1_U80/tmp_product/DSP_MULTIPLIER.U<10>
    DSP48E2_X6Y14        DSP_M_DATA (Prop_DSP_M_DATA_DSP48E2_U[10]_U_DATA[10])
                                                      0.047     5.227 r  mlp_iris_bd_i/mlp_iris_axi_wrapper_0/inst/mlp_core_i/inst/call_ret3_dense_latency_ap_fixed_16_6_5_3_0_ap_fixed_16_6_5_3_0_config4_s_fu_91/mul_16s_11ns_26_1_1_U80/tmp_product/DSP_M_DATA_INST/U_DATA[10]
                         net (fo=1, routed)           0.000     5.227    mlp_iris_bd_i/mlp_iris_axi_wrapper_0/inst/mlp_core_i/inst/call_ret3_dense_latency_ap_fixed_16_6_5_3_0_ap_fixed_16_6_5_3_0_config4_s_fu_91/mul_16s_11ns_26_1_1_U80/tmp_product/DSP_M_DATA.U_DATA<10>
    DSP48E2_X6Y14        DSP_ALU (Prop_DSP_ALU_DSP48E2_U_DATA[10]_ALU_OUT[10])
                                                      0.585     5.812 f  mlp_iris_bd_i/mlp_iris_axi_wrapper_0/inst/mlp_core_i/inst/call_ret3_dense_latency_ap_fixed_16_6_5_3_0_ap_fixed_16_6_5_3_0_config4_s_fu_91/mul_16s_11ns_26_1_1_U80/tmp_product/DSP_ALU_INST/ALU_OUT[10]
                         net (fo=1, routed)           0.000     5.812    mlp_iris_bd_i/mlp_iris_axi_wrapper_0/inst/mlp_core_i/inst/call_ret3_dense_latency_ap_fixed_16_6_5_3_0_ap_fixed_16_6_5_3_0_config4_s_fu_91/mul_16s_11ns_26_1_1_U80/tmp_product/DSP_ALU.ALU_OUT<10>
    DSP48E2_X6Y14        DSP_OUTPUT (Prop_DSP_OUTPUT_DSP48E2_ALU_OUT[10]_P[10])
                                                      0.109     5.921 r  mlp_iris_bd_i/mlp_iris_axi_wrapper_0/inst/mlp_core_i/inst/call_ret3_dense_latency_ap_fixed_16_6_5_3_0_ap_fixed_16_6_5_3_0_config4_s_fu_91/mul_16s_11ns_26_1_1_U80/tmp_product/DSP_OUTPUT_INST/P[10]
                         net (fo=3, routed)           0.563     6.483    mlp_iris_bd_i/mlp_iris_axi_wrapper_0/inst/mlp_core_i/inst/call_ret3_dense_latency_ap_fixed_16_6_5_3_0_ap_fixed_16_6_5_3_0_config4_s_fu_91/mul_16s_9s_25_1_1_U96/layer4_out_1_reg_354_reg[15]_i_18[0]
    SLICE_X58Y36         LUT3 (Prop_B6LUT_SLICEL_I1_O)
                                                      0.124     6.607 r  mlp_iris_bd_i/mlp_iris_axi_wrapper_0/inst/mlp_core_i/inst/call_ret3_dense_latency_ap_fixed_16_6_5_3_0_ap_fixed_16_6_5_3_0_config4_s_fu_91/mul_16s_9s_25_1_1_U96/layer4_out_1_reg_354[15]_i_78/O
                         net (fo=1, routed)           0.160     6.767    mlp_iris_bd_i/mlp_iris_axi_wrapper_0/inst/mlp_core_i/inst/call_ret3_dense_latency_ap_fixed_16_6_5_3_0_ap_fixed_16_6_5_3_0_config4_s_fu_91/mul_16s_9s_25_1_1_U96_n_21
    SLICE_X59Y36         CARRY8 (Prop_CARRY8_SLICEL_DI[1]_CO[7])
                                                      0.117     6.884 r  mlp_iris_bd_i/mlp_iris_axi_wrapper_0/inst/mlp_core_i/inst/call_ret3_dense_latency_ap_fixed_16_6_5_3_0_ap_fixed_16_6_5_3_0_config4_s_fu_91/layer4_out_1_reg_354_reg[15]_i_30/CO[7]
                         net (fo=1, routed)           0.026     6.910    mlp_iris_bd_i/mlp_iris_axi_wrapper_0/inst/mlp_core_i/inst/call_ret3_dense_latency_ap_fixed_16_6_5_3_0_ap_fixed_16_6_5_3_0_config4_s_fu_91/layer4_out_1_reg_354_reg[15]_i_30_n_0
    SLICE_X59Y37         CARRY8 (Prop_CARRY8_SLICEL_CI_O[0])
                                                      0.056     6.966 r  mlp_iris_bd_i/mlp_iris_axi_wrapper_0/inst/mlp_core_i/inst/call_ret3_dense_latency_ap_fixed_16_6_5_3_0_ap_fixed_16_6_5_3_0_config4_s_fu_91/layer4_out_1_reg_354_reg[15]_i_18/O[0]
                         net (fo=5, routed)           0.454     7.420    mlp_iris_bd_i/mlp_iris_axi_wrapper_0/inst/mlp_core_i/inst/call_ret3_dense_latency_ap_fixed_16_6_5_3_0_ap_fixed_16_6_5_3_0_config4_s_fu_91/mul_16s_9s_25_1_1_U96/O[0]
    SLICE_X61Y52         LUT3 (Prop_G5LUT_SLICEM_I0_O)
                                                      0.137     7.557 r  mlp_iris_bd_i/mlp_iris_axi_wrapper_0/inst/mlp_core_i/inst/call_ret3_dense_latency_ap_fixed_16_6_5_3_0_ap_fixed_16_6_5_3_0_config4_s_fu_91/mul_16s_9s_25_1_1_U96/layer4_out_1_reg_354[15]_i_102/O
                         net (fo=1, routed)           0.239     7.796    mlp_iris_bd_i/mlp_iris_axi_wrapper_0/inst/mlp_core_i/inst/call_ret3_dense_latency_ap_fixed_16_6_5_3_0_ap_fixed_16_6_5_3_0_config4_s_fu_91/mul_16s_8ns_24_1_1_U59/layer4_out_1_reg_354[15]_i_15
    SLICE_X61Y52         LUT5 (Prop_H5LUT_SLICEM_I4_O)
                                                      0.161     7.957 r  mlp_iris_bd_i/mlp_iris_axi_wrapper_0/inst/mlp_core_i/inst/call_ret3_dense_latency_ap_fixed_16_6_5_3_0_ap_fixed_16_6_5_3_0_config4_s_fu_91/mul_16s_8ns_24_1_1_U59/layer4_out_1_reg_354[15]_i_39/O
                         net (fo=1, routed)           0.132     8.089    mlp_iris_bd_i/mlp_iris_axi_wrapper_0/inst/mlp_core_i/inst/call_ret3_dense_latency_ap_fixed_16_6_5_3_0_ap_fixed_16_6_5_3_0_config4_s_fu_91/mul_16s_8ns_24_1_1_U59_n_35
    SLICE_X59Y52         LUT6 (Prop_B6LUT_SLICEL_I1_O)
                                                      0.098     8.187 r  mlp_iris_bd_i/mlp_iris_axi_wrapper_0/inst/mlp_core_i/inst/call_ret3_dense_latency_ap_fixed_16_6_5_3_0_ap_fixed_16_6_5_3_0_config4_s_fu_91/layer4_out_1_reg_354[15]_i_15/O
                         net (fo=1, routed)           0.009     8.196    mlp_iris_bd_i/mlp_iris_axi_wrapper_0/inst/mlp_core_i/inst/call_ret3_dense_latency_ap_fixed_16_6_5_3_0_ap_fixed_16_6_5_3_0_config4_s_fu_91/layer4_out_1_reg_354[15]_i_15_n_0
    SLICE_X59Y52         CARRY8 (Prop_CARRY8_SLICEL_S[1]_O[6])
                                                      0.220     8.416 r  mlp_iris_bd_i/mlp_iris_axi_wrapper_0/inst/mlp_core_i/inst/call_ret3_dense_latency_ap_fixed_16_6_5_3_0_ap_fixed_16_6_5_3_0_config4_s_fu_91/layer4_out_1_reg_354_reg[15]_i_1/O[6]
                         net (fo=1, routed)           0.026     8.442    mlp_iris_bd_i/mlp_iris_axi_wrapper_0/inst/mlp_core_i/inst/call_ret3_dense_latency_ap_fixed_16_6_5_3_0_ap_fixed_16_6_5_3_0_config4_s_fu_91_ap_return_1[14]
    SLICE_X59Y52         FDRE                                         r  mlp_iris_bd_i/mlp_iris_axi_wrapper_0/inst/mlp_core_i/inst/layer4_out_1_reg_354_reg[14]/D
  -------------------------------------------------------------------    -------------------

                         (clock clk_pl_0 rise edge)
                                                     10.000    10.000 r  
    PS8_X0Y0             PS8                          0.000    10.000 r  mlp_iris_bd_i/zynq_ultra_ps_e_0/inst/PS8_i/PLCLK[0]
                         net (fo=1, routed)           0.143    10.143    mlp_iris_bd_i/zynq_ultra_ps_e_0/inst/pl_clk_unbuffered[0]
    BUFG_PS_X0Y80        BUFG_PS (Prop_BUFG_PS_I_O)
                                                      0.025    10.168 r  mlp_iris_bd_i/zynq_ultra_ps_e_0/inst/buffer_pl_clk_0.PL_CLK_0_BUFG/O
    X1Y2 (CLOCK_ROOT)    net (fo=1416, routed)        1.588    11.756    mlp_iris_bd_i/mlp_iris_axi_wrapper_0/inst/mlp_core_i/inst/ap_clk
    SLICE_X59Y52         FDRE                                         r  mlp_iris_bd_i/mlp_iris_axi_wrapper_0/inst/mlp_core_i/inst/layer4_out_1_reg_354_reg[14]/C
                         clock pessimism              0.119    11.875    
                         clock uncertainty           -0.130    11.745    
    SLICE_X59Y52         FDRE (Setup_GFF_SLICEL_C_D)
                                                      0.025    11.770    mlp_iris_bd_i/mlp_iris_axi_wrapper_0/inst/mlp_core_i/inst/layer4_out_1_reg_354_reg[14]
  -------------------------------------------------------------------
                         required time                         11.770    
                         arrival time                          -8.442    
  -------------------------------------------------------------------
                         slack                                  3.328    

Slack (MET) :             3.333ns  (required time - arrival time)
  Source:                 mlp_iris_bd_i/mlp_iris_axi_wrapper_0/inst/mlp_core_i/inst/layer2_out_reg_309_reg[4]/C
                            (rising edge-triggered cell FDRE clocked by clk_pl_0  {rise@0.000ns fall@5.000ns period=10.000ns})
  Destination:            mlp_iris_bd_i/mlp_iris_axi_wrapper_0/inst/mlp_core_i/inst/layer4_out_7_reg_384_reg[12]/D
                            (rising edge-triggered cell FDRE clocked by clk_pl_0  {rise@0.000ns fall@5.000ns period=10.000ns})
  Path Group:             clk_pl_0
  Path Type:              Setup (Max at Slow Process Corner)
  Requirement:            10.000ns  (clk_pl_0 rise@10.000ns - clk_pl_0 rise@0.000ns)
  Data Path Delay:        6.451ns  (logic 2.920ns (45.267%)  route 3.531ns (54.733%))
  Logic Levels:           16  (CARRY8=3 DSP_A_B_DATA=1 DSP_ALU=1 DSP_M_DATA=1 DSP_MULTIPLIER=1 DSP_OUTPUT=1 DSP_PREADD_DATA=1 LUT2=2 LUT3=2 LUT4=1 LUT5=1 LUT6=1)
  Clock Path Skew:        -0.111ns (DCD - SCD + CPR)
    Destination Clock Delay (DCD):    1.744ns = ( 11.744 - 10.000 ) 
    Source Clock Delay      (SCD):    1.974ns
    Clock Pessimism Removal (CPR):    0.119ns
  Clock Uncertainty:      0.130ns  ((TSJ^2 + DJ^2)^1/2) / 2 + PE
    Total System Jitter     (TSJ):    0.071ns
    Discrete Jitter          (DJ):    0.250ns
    Phase Error              (PE):    0.000ns
  Clock Net Delay (Source):      1.766ns (routing 0.569ns, distribution 1.197ns)
  Clock Net Delay (Destination): 1.576ns (routing 0.512ns, distribution 1.064ns)

    Location             Delay type                Incr(ns)  Path(ns)    Netlist Resource(s)
  -------------------------------------------------------------------    -------------------
                         (clock clk_pl_0 rise edge)
                                                      0.000     0.000 r  
    PS8_X0Y0             PS8                          0.000     0.000 r  mlp_iris_bd_i/zynq_ultra_ps_e_0/inst/PS8_i/PLCLK[0]
                         net (fo=1, routed)           0.180     0.180    mlp_iris_bd_i/zynq_ultra_ps_e_0/inst/pl_clk_unbuffered[0]
    BUFG_PS_X0Y80        BUFG_PS (Prop_BUFG_PS_I_O)
                                                      0.028     0.208 r  mlp_iris_bd_i/zynq_ultra_ps_e_0/inst/buffer_pl_clk_0.PL_CLK_0_BUFG/O
    X1Y2 (CLOCK_ROOT)    net (fo=1416, routed)        1.766     1.974    mlp_iris_bd_i/mlp_iris_axi_wrapper_0/inst/mlp_core_i/inst/ap_clk
    SLICE_X56Y106        FDRE                                         r  mlp_iris_bd_i/mlp_iris_axi_wrapper_0/inst/mlp_core_i/inst/layer2_out_reg_309_reg[4]/C
  -------------------------------------------------------------------    -------------------
    SLICE_X56Y106        FDRE (Prop_EFF_SLICEM_C_Q)
                                                      0.076     2.050 f  mlp_iris_bd_i/mlp_iris_axi_wrapper_0/inst/mlp_core_i/inst/layer2_out_reg_309_reg[4]/Q
                         net (fo=6, routed)           0.176     2.226    mlp_iris_bd_i/mlp_iris_axi_wrapper_0/inst/mlp_core_i/inst/call_ret3_dense_latency_ap_fixed_16_6_5_3_0_ap_fixed_16_6_5_3_0_config4_s_fu_91/mul_16s_9ns_25_1_1_U63/Q[4]
    SLICE_X56Y104        LUT2 (Prop_C6LUT_SLICEM_I0_O)
                                                      0.123     2.349 r  mlp_iris_bd_i/mlp_iris_axi_wrapper_0/inst/mlp_core_i/inst/call_ret3_dense_latency_ap_fixed_16_6_5_3_0_ap_fixed_16_6_5_3_0_config4_s_fu_91/mul_16s_9ns_25_1_1_U63/tmp_product_i_30/O
                         net (fo=1, routed)           0.021     2.370    mlp_iris_bd_i/mlp_iris_axi_wrapper_0/inst/mlp_core_i/inst/call_ret3_dense_latency_ap_fixed_16_6_5_3_0_ap_fixed_16_6_5_3_0_config4_s_fu_91/mul_16s_9ns_25_1_1_U63/tmp_product_i_30_n_0
    SLICE_X56Y104        CARRY8 (Prop_CARRY8_SLICEM_S[2]_CO[7])
                                                      0.168     2.538 f  mlp_iris_bd_i/mlp_iris_axi_wrapper_0/inst/mlp_core_i/inst/call_ret3_dense_latency_ap_fixed_16_6_5_3_0_ap_fixed_16_6_5_3_0_config4_s_fu_91/mul_16s_9ns_25_1_1_U63/tmp_product_i_16/CO[7]
                         net (fo=45, routed)          0.424     2.961    mlp_iris_bd_i/mlp_iris_axi_wrapper_0/inst/mlp_core_i/inst/call_ret3_dense_latency_ap_fixed_16_6_5_3_0_ap_fixed_16_6_5_3_0_config4_s_fu_91/mul_16s_9ns_25_1_1_U63/CO[0]
    SLICE_X56Y77         LUT2 (Prop_C5LUT_SLICEM_I0_O)
                                                      0.068     3.029 f  mlp_iris_bd_i/mlp_iris_axi_wrapper_0/inst/mlp_core_i/inst/call_ret3_dense_latency_ap_fixed_16_6_5_3_0_ap_fixed_16_6_5_3_0_config4_s_fu_91/mul_16s_9ns_25_1_1_U63/tmp_product_i_5__3/O
                         net (fo=7, routed)           1.382     4.411    mlp_iris_bd_i/mlp_iris_axi_wrapper_0/inst/mlp_core_i/inst/call_ret3_dense_latency_ap_fixed_16_6_5_3_0_ap_fixed_16_6_5_3_0_config4_s_fu_91/mul_16s_11ns_26_1_1_U68/tmp_product/A[10]
    DSP48E2_X6Y15        DSP_A_B_DATA (Prop_DSP_A_B_DATA_DSP48E2_A[10]_A2_DATA[10])
                                                      0.192     4.603 r  mlp_iris_bd_i/mlp_iris_axi_wrapper_0/inst/mlp_core_i/inst/call_ret3_dense_latency_ap_fixed_16_6_5_3_0_ap_fixed_16_6_5_3_0_config4_s_fu_91/mul_16s_11ns_26_1_1_U68/tmp_product/DSP_A_B_DATA_INST/A2_DATA[10]
                         net (fo=1, routed)           0.000     4.603    mlp_iris_bd_i/mlp_iris_axi_wrapper_0/inst/mlp_core_i/inst/call_ret3_dense_latency_ap_fixed_16_6_5_3_0_ap_fixed_16_6_5_3_0_config4_s_fu_91/mul_16s_11ns_26_1_1_U68/tmp_product/DSP_A_B_DATA.A2_DATA<10>
    DSP48E2_X6Y15        DSP_PREADD_DATA (Prop_DSP_PREADD_DATA_DSP48E2_A2_DATA[10]_A2A1[10])
                                                      0.076     4.679 r  mlp_iris_bd_i/mlp_iris_axi_wrapper_0/inst/mlp_core_i/inst/call_ret3_dense_latency_ap_fixed_16_6_5_3_0_ap_fixed_16_6_5_3_0_config4_s_fu_91/mul_16s_11ns_26_1_1_U68/tmp_product/DSP_PREADD_DATA_INST/A2A1[10]
                         net (fo=1, routed)           0.000     4.679    mlp_iris_bd_i/mlp_iris_axi_wrapper_0/inst/mlp_core_i/inst/call_ret3_dense_latency_ap_fixed_16_6_5_3_0_ap_fixed_16_6_5_3_0_config4_s_fu_91/mul_16s_11ns_26_1_1_U68/tmp_product/DSP_PREADD_DATA.A2A1<10>
    DSP48E2_X6Y15        DSP_MULTIPLIER (Prop_DSP_MULTIPLIER_DSP48E2_A2A1[10]_U[13])
                                                      0.505     5.184 f  mlp_iris_bd_i/mlp_iris_axi_wrapper_0/inst/mlp_core_i/inst/call_ret3_dense_latency_ap_fixed_16_6_5_3_0_ap_fixed_16_6_5_3_0_config4_s_fu_91/mul_16s_11ns_26_1_1_U68/tmp_product/DSP_MULTIPLIER_INST/U[13]
                         net (fo=1, routed)           0.000     5.184    mlp_iris_bd_i/mlp_iris_axi_wrapper_0/inst/mlp_core_i/inst/call_ret3_dense_latency_ap_fixed_16_6_5_3_0_ap_fixed_16_6_5_3_0_config4_s_fu_91/mul_16s_11ns_26_1_1_U68/tmp_product/DSP_MULTIPLIER.U<13>
    DSP48E2_X6Y15        DSP_M_DATA (Prop_DSP_M_DATA_DSP48E2_U[13]_U_DATA[13])
                                                      0.047     5.231 r  mlp_iris_bd_i/mlp_iris_axi_wrapper_0/inst/mlp_core_i/inst/call_ret3_dense_latency_ap_fixed_16_6_5_3_0_ap_fixed_16_6_5_3_0_config4_s_fu_91/mul_16s_11ns_26_1_1_U68/tmp_product/DSP_M_DATA_INST/U_DATA[13]
                         net (fo=1, routed)           0.000     5.231    mlp_iris_bd_i/mlp_iris_axi_wrapper_0/inst/mlp_core_i/inst/call_ret3_dense_latency_ap_fixed_16_6_5_3_0_ap_fixed_16_6_5_3_0_config4_s_fu_91/mul_16s_11ns_26_1_1_U68/tmp_product/DSP_M_DATA.U_DATA<13>
    DSP48E2_X6Y15        DSP_ALU (Prop_DSP_ALU_DSP48E2_U_DATA[13]_ALU_OUT[13])
                                                      0.585     5.816 f  mlp_iris_bd_i/mlp_iris_axi_wrapper_0/inst/mlp_core_i/inst/call_ret3_dense_latency_ap_fixed_16_6_5_3_0_ap_fixed_16_6_5_3_0_config4_s_fu_91/mul_16s_11ns_26_1_1_U68/tmp_product/DSP_ALU_INST/ALU_OUT[13]
                         net (fo=1, routed)           0.000     5.816    mlp_iris_bd_i/mlp_iris_axi_wrapper_0/inst/mlp_core_i/inst/call_ret3_dense_latency_ap_fixed_16_6_5_3_0_ap_fixed_16_6_5_3_0_config4_s_fu_91/mul_16s_11ns_26_1_1_U68/tmp_product/DSP_ALU.ALU_OUT<13>
    DSP48E2_X6Y15        DSP_OUTPUT (Prop_DSP_OUTPUT_DSP48E2_ALU_OUT[13]_P[13])
                                                      0.109     5.925 r  mlp_iris_bd_i/mlp_iris_axi_wrapper_0/inst/mlp_core_i/inst/call_ret3_dense_latency_ap_fixed_16_6_5_3_0_ap_fixed_16_6_5_3_0_config4_s_fu_91/mul_16s_11ns_26_1_1_U68/tmp_product/DSP_OUTPUT_INST/P[13]
                         net (fo=2, routed)           0.520     6.445    mlp_iris_bd_i/mlp_iris_axi_wrapper_0/inst/mlp_core_i/inst/call_ret3_dense_latency_ap_fixed_16_6_5_3_0_ap_fixed_16_6_5_3_0_config4_s_fu_91/trunc_ln42_28_fu_14646_p4[3]
    SLICE_X57Y37         LUT3 (Prop_D5LUT_SLICEM_I0_O)
                                                      0.135     6.580 r  mlp_iris_bd_i/mlp_iris_axi_wrapper_0/inst/mlp_core_i/inst/call_ret3_dense_latency_ap_fixed_16_6_5_3_0_ap_fixed_16_6_5_3_0_config4_s_fu_91/layer4_out_7_reg_384[15]_i_81/O
                         net (fo=2, routed)           0.215     6.795    mlp_iris_bd_i/mlp_iris_axi_wrapper_0/inst/mlp_core_i/inst/call_ret3_dense_latency_ap_fixed_16_6_5_3_0_ap_fixed_16_6_5_3_0_config4_s_fu_91/layer4_out_7_reg_384[15]_i_81_n_0
    SLICE_X57Y37         LUT4 (Prop_E6LUT_SLICEM_I3_O)
                                                      0.124     6.919 r  mlp_iris_bd_i/mlp_iris_axi_wrapper_0/inst/mlp_core_i/inst/call_ret3_dense_latency_ap_fixed_16_6_5_3_0_ap_fixed_16_6_5_3_0_config4_s_fu_91/layer4_out_7_reg_384[15]_i_88/O
                         net (fo=1, routed)           0.014     6.933    mlp_iris_bd_i/mlp_iris_axi_wrapper_0/inst/mlp_core_i/inst/call_ret3_dense_latency_ap_fixed_16_6_5_3_0_ap_fixed_16_6_5_3_0_config4_s_fu_91/layer4_out_7_reg_384[15]_i_88_n_0
    SLICE_X57Y37         CARRY8 (Prop_CARRY8_SLICEM_S[4]_O[7])
                                                      0.137     7.070 r  mlp_iris_bd_i/mlp_iris_axi_wrapper_0/inst/mlp_core_i/inst/call_ret3_dense_latency_ap_fixed_16_6_5_3_0_ap_fixed_16_6_5_3_0_config4_s_fu_91/layer4_out_7_reg_384_reg[15]_i_26/O[7]
                         net (fo=3, routed)           0.384     7.454    mlp_iris_bd_i/mlp_iris_axi_wrapper_0/inst/mlp_core_i/inst/call_ret3_dense_latency_ap_fixed_16_6_5_3_0_ap_fixed_16_6_5_3_0_config4_s_fu_91/mul_16s_8ns_24_1_1_U56/layer4_out_7_reg_384_reg[15]_0[6]
    SLICE_X56Y45         LUT3 (Prop_G6LUT_SLICEM_I1_O)
                                                      0.052     7.506 r  mlp_iris_bd_i/mlp_iris_axi_wrapper_0/inst/mlp_core_i/inst/call_ret3_dense_latency_ap_fixed_16_6_5_3_0_ap_fixed_16_6_5_3_0_config4_s_fu_91/mul_16s_8ns_24_1_1_U56/layer4_out_7_reg_384[15]_i_27/O
                         net (fo=2, routed)           0.158     7.664    mlp_iris_bd_i/mlp_iris_axi_wrapper_0/inst/mlp_core_i/inst/call_ret3_dense_latency_ap_fixed_16_6_5_3_0_ap_fixed_16_6_5_3_0_config4_s_fu_91/mul_16s_8ns_24_1_1_U56/layer4_out_7_reg_384_reg[15]_i_25_4
    SLICE_X56Y42         LUT5 (Prop_B5LUT_SLICEM_I1_O)
                                                      0.167     7.831 r  mlp_iris_bd_i/mlp_iris_axi_wrapper_0/inst/mlp_core_i/inst/call_ret3_dense_latency_ap_fixed_16_6_5_3_0_ap_fixed_16_6_5_3_0_config4_s_fu_91/mul_16s_8ns_24_1_1_U56/layer4_out_7_reg_384[15]_i_8/O
                         net (fo=2, routed)           0.199     8.031    mlp_iris_bd_i/mlp_iris_axi_wrapper_0/inst/mlp_core_i/inst/call_ret3_dense_latency_ap_fixed_16_6_5_3_0_ap_fixed_16_6_5_3_0_config4_s_fu_91/mul_16s_8ns_24_1_1_U56_n_29
    SLICE_X56Y44         LUT6 (Prop_A6LUT_SLICEM_I0_O)
                                                      0.150     8.181 r  mlp_iris_bd_i/mlp_iris_axi_wrapper_0/inst/mlp_core_i/inst/call_ret3_dense_latency_ap_fixed_16_6_5_3_0_ap_fixed_16_6_5_3_0_config4_s_fu_91/layer4_out_7_reg_384[15]_i_16/O
                         net (fo=1, routed)           0.013     8.194    mlp_iris_bd_i/mlp_iris_axi_wrapper_0/inst/mlp_core_i/inst/call_ret3_dense_latency_ap_fixed_16_6_5_3_0_ap_fixed_16_6_5_3_0_config4_s_fu_91/layer4_out_7_reg_384[15]_i_16_n_0
    SLICE_X56Y44         CARRY8 (Prop_CARRY8_SLICEM_S[0]_O[4])
                                                      0.206     8.400 r  mlp_iris_bd_i/mlp_iris_axi_wrapper_0/inst/mlp_core_i/inst/call_ret3_dense_latency_ap_fixed_16_6_5_3_0_ap_fixed_16_6_5_3_0_config4_s_fu_91/layer4_out_7_reg_384_reg[15]_i_1/O[4]
                         net (fo=1, routed)           0.025     8.425    mlp_iris_bd_i/mlp_iris_axi_wrapper_0/inst/mlp_core_i/inst/call_ret3_dense_latency_ap_fixed_16_6_5_3_0_ap_fixed_16_6_5_3_0_config4_s_fu_91_ap_return_7[12]
    SLICE_X56Y44         FDRE                                         r  mlp_iris_bd_i/mlp_iris_axi_wrapper_0/inst/mlp_core_i/inst/layer4_out_7_reg_384_reg[12]/D
  -------------------------------------------------------------------    -------------------

                         (clock clk_pl_0 rise edge)
                                                     10.000    10.000 r  
    PS8_X0Y0             PS8                          0.000    10.000 r  mlp_iris_bd_i/zynq_ultra_ps_e_0/inst/PS8_i/PLCLK[0]
                         net (fo=1, routed)           0.143    10.143    mlp_iris_bd_i/zynq_ultra_ps_e_0/inst/pl_clk_unbuffered[0]
    BUFG_PS_X0Y80        BUFG_PS (Prop_BUFG_PS_I_O)
                                                      0.025    10.168 r  mlp_iris_bd_i/zynq_ultra_ps_e_0/inst/buffer_pl_clk_0.PL_CLK_0_BUFG/O
    X1Y2 (CLOCK_ROOT)    net (fo=1416, routed)        1.576    11.744    mlp_iris_bd_i/mlp_iris_axi_wrapper_0/inst/mlp_core_i/inst/ap_clk
    SLICE_X56Y44         FDRE                                         r  mlp_iris_bd_i/mlp_iris_axi_wrapper_0/inst/mlp_core_i/inst/layer4_out_7_reg_384_reg[12]/C
                         clock pessimism              0.119    11.863    
                         clock uncertainty           -0.130    11.733    
    SLICE_X56Y44         FDRE (Setup_EFF_SLICEM_C_D)
                                                      0.025    11.758    mlp_iris_bd_i/mlp_iris_axi_wrapper_0/inst/mlp_core_i/inst/layer4_out_7_reg_384_reg[12]
  -------------------------------------------------------------------
                         required time                         11.758    
                         arrival time                          -8.425    
  -------------------------------------------------------------------
                         slack                                  3.333    

Slack (MET) :             3.334ns  (required time - arrival time)
  Source:                 mlp_iris_bd_i/mlp_iris_axi_wrapper_0/inst/mlp_core_i/inst/layer2_out_7_reg_344_reg[11]/C
                            (rising edge-triggered cell FDRE clocked by clk_pl_0  {rise@0.000ns fall@5.000ns period=10.000ns})
  Destination:            mlp_iris_bd_i/mlp_iris_axi_wrapper_0/inst/mlp_core_i/inst/layer4_out_5_reg_374_reg[14]/D
                            (rising edge-triggered cell FDRE clocked by clk_pl_0  {rise@0.000ns fall@5.000ns period=10.000ns})
  Path Group:             clk_pl_0
  Path Type:              Setup (Max at Slow Process Corner)
  Requirement:            10.000ns  (clk_pl_0 rise@10.000ns - clk_pl_0 rise@0.000ns)
  Data Path Delay:        6.452ns  (logic 2.895ns (44.871%)  route 3.557ns (55.129%))
  Logic Levels:           18  (CARRY8=3 DSP_A_B_DATA=1 DSP_ALU=1 DSP_M_DATA=1 DSP_MULTIPLIER=1 DSP_OUTPUT=1 DSP_PREADD_DATA=1 LUT2=2 LUT4=3 LUT5=3 LUT6=1)
  Clock Path Skew:        -0.109ns (DCD - SCD + CPR)
    Destination Clock Delay (DCD):    1.741ns = ( 11.741 - 10.000 ) 
    Source Clock Delay      (SCD):    1.969ns
    Clock Pessimism Removal (CPR):    0.119ns
  Clock Uncertainty:      0.130ns  ((TSJ^2 + DJ^2)^1/2) / 2 + PE
    Total System Jitter     (TSJ):    0.071ns
    Discrete Jitter          (DJ):    0.250ns
    Phase Error              (PE):    0.000ns
  Clock Net Delay (Source):      1.761ns (routing 0.569ns, distribution 1.192ns)
  Clock Net Delay (Destination): 1.573ns (routing 0.512ns, distribution 1.061ns)

    Location             Delay type                Incr(ns)  Path(ns)    Netlist Resource(s)
  -------------------------------------------------------------------    -------------------
                         (clock clk_pl_0 rise edge)
                                                      0.000     0.000 r  
    PS8_X0Y0             PS8                          0.000     0.000 r  mlp_iris_bd_i/zynq_ultra_ps_e_0/inst/PS8_i/PLCLK[0]
                         net (fo=1, routed)           0.180     0.180    mlp_iris_bd_i/zynq_ultra_ps_e_0/inst/pl_clk_unbuffered[0]
    BUFG_PS_X0Y80        BUFG_PS (Prop_BUFG_PS_I_O)
                                                      0.028     0.208 r  mlp_iris_bd_i/zynq_ultra_ps_e_0/inst/buffer_pl_clk_0.PL_CLK_0_BUFG/O
    X1Y2 (CLOCK_ROOT)    net (fo=1416, routed)        1.761     1.969    mlp_iris_bd_i/mlp_iris_axi_wrapper_0/inst/mlp_core_i/inst/ap_clk
    SLICE_X53Y112        FDRE                                         r  mlp_iris_bd_i/mlp_iris_axi_wrapper_0/inst/mlp_core_i/inst/layer2_out_7_reg_344_reg[11]/C
  -------------------------------------------------------------------    -------------------
    SLICE_X53Y112        FDRE (Prop_DFF_SLICEM_C_Q)
                                                      0.078     2.047 f  mlp_iris_bd_i/mlp_iris_axi_wrapper_0/inst/mlp_core_i/inst/layer2_out_7_reg_344_reg[11]/Q
                         net (fo=5, routed)           0.121     2.168    mlp_iris_bd_i/mlp_iris_axi_wrapper_0/inst/mlp_core_i/inst/call_ret3_dense_latency_ap_fixed_16_6_5_3_0_ap_fixed_16_6_5_3_0_config4_s_fu_91/mul_16s_10ns_26_1_1_U50/tmp_product_i_16__6_0[11]
    SLICE_X53Y110        LUT2 (Prop_F6LUT_SLICEM_I1_O)
                                                      0.148     2.316 r  mlp_iris_bd_i/mlp_iris_axi_wrapper_0/inst/mlp_core_i/inst/call_ret3_dense_latency_ap_fixed_16_6_5_3_0_ap_fixed_16_6_5_3_0_config4_s_fu_91/mul_16s_10ns_26_1_1_U50/tmp_product_i_27__6/O
                         net (fo=1, routed)           0.022     2.338    mlp_iris_bd_i/mlp_iris_axi_wrapper_0/inst/mlp_core_i/inst/call_ret3_dense_latency_ap_fixed_16_6_5_3_0_ap_fixed_16_6_5_3_0_config4_s_fu_91/mul_16s_10ns_26_1_1_U50/tmp_product_i_27__6_n_0
    SLICE_X53Y110        CARRY8 (Prop_CARRY8_SLICEM_S[5]_CO[7])
                                                      0.166     2.504 f  mlp_iris_bd_i/mlp_iris_axi_wrapper_0/inst/mlp_core_i/inst/call_ret3_dense_latency_ap_fixed_16_6_5_3_0_ap_fixed_16_6_5_3_0_config4_s_fu_91/mul_16s_10ns_26_1_1_U50/tmp_product_i_16__6/CO[7]
                         net (fo=50, routed)          0.596     3.100    mlp_iris_bd_i/mlp_iris_axi_wrapper_0/inst/mlp_core_i/inst/call_ret3_dense_latency_ap_fixed_16_6_5_3_0_ap_fixed_16_6_5_3_0_config4_s_fu_91/mul_16s_10ns_26_1_1_U50/CO[0]
    SLICE_X54Y75         LUT2 (Prop_B5LUT_SLICEM_I0_O)
                                                      0.116     3.216 f  mlp_iris_bd_i/mlp_iris_axi_wrapper_0/inst/mlp_core_i/inst/call_ret3_dense_latency_ap_fixed_16_6_5_3_0_ap_fixed_16_6_5_3_0_config4_s_fu_91/mul_16s_10ns_26_1_1_U50/tmp_product_i_14__10/O
                         net (fo=7, routed)           0.727     3.944    mlp_iris_bd_i/mlp_iris_axi_wrapper_0/inst/mlp_core_i/inst/call_ret3_dense_latency_ap_fixed_16_6_5_3_0_ap_fixed_16_6_5_3_0_config4_s_fu_91/mul_16s_8ns_24_1_1_U55/tmp_product/A[1]
    DSP48E2_X3Y23        DSP_A_B_DATA (Prop_DSP_A_B_DATA_DSP48E2_A[1]_A2_DATA[1])
                                                      0.192     4.136 r  mlp_iris_bd_i/mlp_iris_axi_wrapper_0/inst/mlp_core_i/inst/call_ret3_dense_latency_ap_fixed_16_6_5_3_0_ap_fixed_16_6_5_3_0_config4_s_fu_91/mul_16s_8ns_24_1_1_U55/tmp_product/DSP_A_B_DATA_INST/A2_DATA[1]
                         net (fo=1, routed)           0.000     4.136    mlp_iris_bd_i/mlp_iris_axi_wrapper_0/inst/mlp_core_i/inst/call_ret3_dense_latency_ap_fixed_16_6_5_3_0_ap_fixed_16_6_5_3_0_config4_s_fu_91/mul_16s_8ns_24_1_1_U55/tmp_product/DSP_A_B_DATA.A2_DATA<1>
    DSP48E2_X3Y23        DSP_PREADD_DATA (Prop_DSP_PREADD_DATA_DSP48E2_A2_DATA[1]_A2A1[1])
                                                      0.076     4.212 r  mlp_iris_bd_i/mlp_iris_axi_wrapper_0/inst/mlp_core_i/inst/call_ret3_dense_latency_ap_fixed_16_6_5_3_0_ap_fixed_16_6_5_3_0_config4_s_fu_91/mul_16s_8ns_24_1_1_U55/tmp_product/DSP_PREADD_DATA_INST/A2A1[1]
                         net (fo=1, routed)           0.000     4.212    mlp_iris_bd_i/mlp_iris_axi_wrapper_0/inst/mlp_core_i/inst/call_ret3_dense_latency_ap_fixed_16_6_5_3_0_ap_fixed_16_6_5_3_0_config4_s_fu_91/mul_16s_8ns_24_1_1_U55/tmp_product/DSP_PREADD_DATA.A2A1<1>
    DSP48E2_X3Y23        DSP_MULTIPLIER (Prop_DSP_MULTIPLIER_DSP48E2_A2A1[1]_U[13])
                                                      0.505     4.717 f  mlp_iris_bd_i/mlp_iris_axi_wrapper_0/inst/mlp_core_i/inst/call_ret3_dense_latency_ap_fixed_16_6_5_3_0_ap_fixed_16_6_5_3_0_config4_s_fu_91/mul_16s_8ns_24_1_1_U55/tmp_product/DSP_MULTIPLIER_INST/U[13]
                         net (fo=1, routed)           0.000     4.717    mlp_iris_bd_i/mlp_iris_axi_wrapper_0/inst/mlp_core_i/inst/call_ret3_dense_latency_ap_fixed_16_6_5_3_0_ap_fixed_16_6_5_3_0_config4_s_fu_91/mul_16s_8ns_24_1_1_U55/tmp_product/DSP_MULTIPLIER.U<13>
    DSP48E2_X3Y23        DSP_M_DATA (Prop_DSP_M_DATA_DSP48E2_U[13]_U_DATA[13])
                                                      0.047     4.764 r  mlp_iris_bd_i/mlp_iris_axi_wrapper_0/inst/mlp_core_i/inst/call_ret3_dense_latency_ap_fixed_16_6_5_3_0_ap_fixed_16_6_5_3_0_config4_s_fu_91/mul_16s_8ns_24_1_1_U55/tmp_product/DSP_M_DATA_INST/U_DATA[13]
                         net (fo=1, routed)           0.000     4.764    mlp_iris_bd_i/mlp_iris_axi_wrapper_0/inst/mlp_core_i/inst/call_ret3_dense_latency_ap_fixed_16_6_5_3_0_ap_fixed_16_6_5_3_0_config4_s_fu_91/mul_16s_8ns_24_1_1_U55/tmp_product/DSP_M_DATA.U_DATA<13>
    DSP48E2_X3Y23        DSP_ALU (Prop_DSP_ALU_DSP48E2_U_DATA[13]_ALU_OUT[13])
                                                      0.585     5.349 f  mlp_iris_bd_i/mlp_iris_axi_wrapper_0/inst/mlp_core_i/inst/call_ret3_dense_latency_ap_fixed_16_6_5_3_0_ap_fixed_16_6_5_3_0_config4_s_fu_91/mul_16s_8ns_24_1_1_U55/tmp_product/DSP_ALU_INST/ALU_OUT[13]
                         net (fo=1, routed)           0.000     5.349    mlp_iris_bd_i/mlp_iris_axi_wrapper_0/inst/mlp_core_i/inst/call_ret3_dense_latency_ap_fixed_16_6_5_3_0_ap_fixed_16_6_5_3_0_config4_s_fu_91/mul_16s_8ns_24_1_1_U55/tmp_product/DSP_ALU.ALU_OUT<13>
    DSP48E2_X3Y23        DSP_OUTPUT (Prop_DSP_OUTPUT_DSP48E2_ALU_OUT[13]_P[13])
                                                      0.109     5.458 r  mlp_iris_bd_i/mlp_iris_axi_wrapper_0/inst/mlp_core_i/inst/call_ret3_dense_latency_ap_fixed_16_6_5_3_0_ap_fixed_16_6_5_3_0_config4_s_fu_91/mul_16s_8ns_24_1_1_U55/tmp_product/DSP_OUTPUT_INST/P[13]
                         net (fo=7, routed)           0.550     6.008    mlp_iris_bd_i/mlp_iris_axi_wrapper_0/inst/mlp_core_i/inst/call_ret3_dense_latency_ap_fixed_16_6_5_3_0_ap_fixed_16_6_5_3_0_config4_s_fu_91/mul_16s_8ns_24_1_1_U55/sext_ln73_21_fu_15669_p1[3]
    SLICE_X55Y55         LUT5 (Prop_C5LUT_SLICEL_I2_O)
                                                      0.158     6.166 r  mlp_iris_bd_i/mlp_iris_axi_wrapper_0/inst/mlp_core_i/inst/call_ret3_dense_latency_ap_fixed_16_6_5_3_0_ap_fixed_16_6_5_3_0_config4_s_fu_91/mul_16s_8ns_24_1_1_U55/layer4_out_5_reg_374[15]_i_99/O
                         net (fo=8, routed)           0.173     6.339    mlp_iris_bd_i/mlp_iris_axi_wrapper_0/inst/mlp_core_i/inst/call_ret3_dense_latency_ap_fixed_16_6_5_3_0_ap_fixed_16_6_5_3_0_config4_s_fu_91/mul_16s_8ns_24_1_1_U55/layer4_out_5_reg_374[15]_i_99_n_0
    SLICE_X56Y57         LUT5 (Prop_C6LUT_SLICEM_I0_O)
                                                      0.098     6.437 r  mlp_iris_bd_i/mlp_iris_axi_wrapper_0/inst/mlp_core_i/inst/call_ret3_dense_latency_ap_fixed_16_6_5_3_0_ap_fixed_16_6_5_3_0_config4_s_fu_91/mul_16s_8ns_24_1_1_U55/layer4_out_5_reg_374[15]_i_95/O
                         net (fo=9, routed)           0.216     6.653    mlp_iris_bd_i/mlp_iris_axi_wrapper_0/inst/mlp_core_i/inst/call_ret3_dense_latency_ap_fixed_16_6_5_3_0_ap_fixed_16_6_5_3_0_config4_s_fu_91/mul_16s_8ns_24_1_1_U55/layer4_out_5_reg_374[15]_i_95_n_0
    SLICE_X56Y57         LUT4 (Prop_D5LUT_SLICEM_I2_O)
                                                      0.097     6.750 r  mlp_iris_bd_i/mlp_iris_axi_wrapper_0/inst/mlp_core_i/inst/call_ret3_dense_latency_ap_fixed_16_6_5_3_0_ap_fixed_16_6_5_3_0_config4_s_fu_91/mul_16s_8ns_24_1_1_U55/layer4_out_5_reg_374[15]_i_102/O
                         net (fo=1, routed)           0.267     7.017    mlp_iris_bd_i/mlp_iris_axi_wrapper_0/inst/mlp_core_i/inst/call_ret3_dense_latency_ap_fixed_16_6_5_3_0_ap_fixed_16_6_5_3_0_config4_s_fu_91/mul_16s_8ns_24_1_1_U55/sext_ln58_4_fu_15979_p1[12]
    SLICE_X55Y57         LUT4 (Prop_E6LUT_SLICEL_I3_O)
                                                      0.090     7.107 r  mlp_iris_bd_i/mlp_iris_axi_wrapper_0/inst/mlp_core_i/inst/call_ret3_dense_latency_ap_fixed_16_6_5_3_0_ap_fixed_16_6_5_3_0_config4_s_fu_91/mul_16s_8ns_24_1_1_U55/layer4_out_5_reg_374[15]_i_44/O
                         net (fo=1, routed)           0.007     7.114    mlp_iris_bd_i/mlp_iris_axi_wrapper_0/inst/mlp_core_i/inst/call_ret3_dense_latency_ap_fixed_16_6_5_3_0_ap_fixed_16_6_5_3_0_config4_s_fu_91/mul_16s_8ns_24_1_1_U55/layer4_out_5_reg_374[15]_i_44_n_0
    SLICE_X55Y57         CARRY8 (Prop_CARRY8_SLICEL_S[4]_O[5])
                                                      0.091     7.205 r  mlp_iris_bd_i/mlp_iris_axi_wrapper_0/inst/mlp_core_i/inst/call_ret3_dense_latency_ap_fixed_16_6_5_3_0_ap_fixed_16_6_5_3_0_config4_s_fu_91/mul_16s_8ns_24_1_1_U55/layer4_out_5_reg_374_reg[15]_i_18/O[5]
                         net (fo=4, routed)           0.347     7.552    mlp_iris_bd_i/mlp_iris_axi_wrapper_0/inst/mlp_core_i/inst/call_ret3_dense_latency_ap_fixed_16_6_5_3_0_ap_fixed_16_6_5_3_0_config4_s_fu_91/mul_16s_10s_26_1_1_U62/layer4_out_5_reg_374[15]_i_11[5]
    SLICE_X52Y53         LUT5 (Prop_D5LUT_SLICEL_I1_O)
                                                      0.110     7.662 r  mlp_iris_bd_i/mlp_iris_axi_wrapper_0/inst/mlp_core_i/inst/call_ret3_dense_latency_ap_fixed_16_6_5_3_0_ap_fixed_16_6_5_3_0_config4_s_fu_91/mul_16s_10s_26_1_1_U62/layer4_out_5_reg_374[15]_i_17/O
                         net (fo=3, routed)           0.157     7.819    mlp_iris_bd_i/mlp_iris_axi_wrapper_0/inst/mlp_core_i/inst/call_ret3_dense_latency_ap_fixed_16_6_5_3_0_ap_fixed_16_6_5_3_0_config4_s_fu_91/mul_16s_11s_26_1_1_U92/layer4_out_5_reg_374_reg[15]_1
    SLICE_X52Y53         LUT4 (Prop_B5LUT_SLICEL_I0_O)
                                                      0.073     7.892 r  mlp_iris_bd_i/mlp_iris_axi_wrapper_0/inst/mlp_core_i/inst/call_ret3_dense_latency_ap_fixed_16_6_5_3_0_ap_fixed_16_6_5_3_0_config4_s_fu_91/mul_16s_11s_26_1_1_U92/layer4_out_5_reg_374[15]_i_2/O
                         net (fo=2, routed)           0.331     8.223    mlp_iris_bd_i/mlp_iris_axi_wrapper_0/inst/mlp_core_i/inst/call_ret3_dense_latency_ap_fixed_16_6_5_3_0_ap_fixed_16_6_5_3_0_config4_s_fu_91/mul_16s_11s_26_1_1_U92/layer4_out_5_reg_374[15]_i_20_0[1]
    SLICE_X53Y55         LUT6 (Prop_G6LUT_SLICEM_I0_O)
                                                      0.100     8.323 r  mlp_iris_bd_i/mlp_iris_axi_wrapper_0/inst/mlp_core_i/inst/call_ret3_dense_latency_ap_fixed_16_6_5_3_0_ap_fixed_16_6_5_3_0_config4_s_fu_91/mul_16s_11s_26_1_1_U92/layer4_out_5_reg_374[15]_i_10/O
                         net (fo=1, routed)           0.016     8.339    mlp_iris_bd_i/mlp_iris_axi_wrapper_0/inst/mlp_core_i/inst/call_ret3_dense_latency_ap_fixed_16_6_5_3_0_ap_fixed_16_6_5_3_0_config4_s_fu_91/mul_16s_10s_26_1_1_U62/layer4_out_5_reg_374_reg[15]_3[1]
    SLICE_X53Y55         CARRY8 (Prop_CARRY8_SLICEM_S[6]_O[6])
                                                      0.056     8.395 r  mlp_iris_bd_i/mlp_iris_axi_wrapper_0/inst/mlp_core_i/inst/call_ret3_dense_latency_ap_fixed_16_6_5_3_0_ap_fixed_16_6_5_3_0_config4_s_fu_91/mul_16s_10s_26_1_1_U62/layer4_out_5_reg_374_reg[15]_i_1/O[6]
                         net (fo=1, routed)           0.026     8.421    mlp_iris_bd_i/mlp_iris_axi_wrapper_0/inst/mlp_core_i/inst/call_ret3_dense_latency_ap_fixed_16_6_5_3_0_ap_fixed_16_6_5_3_0_config4_s_fu_91_ap_return_5[14]
    SLICE_X53Y55         FDRE                                         r  mlp_iris_bd_i/mlp_iris_axi_wrapper_0/inst/mlp_core_i/inst/layer4_out_5_reg_374_reg[14]/D
  -------------------------------------------------------------------    -------------------

                         (clock clk_pl_0 rise edge)
                                                     10.000    10.000 r  
    PS8_X0Y0             PS8                          0.000    10.000 r  mlp_iris_bd_i/zynq_ultra_ps_e_0/inst/PS8_i/PLCLK[0]
                         net (fo=1, routed)           0.143    10.143    mlp_iris_bd_i/zynq_ultra_ps_e_0/inst/pl_clk_unbuffered[0]
    BUFG_PS_X0Y80        BUFG_PS (Prop_BUFG_PS_I_O)
                                                      0.025    10.168 r  mlp_iris_bd_i/zynq_ultra_ps_e_0/inst/buffer_pl_clk_0.PL_CLK_0_BUFG/O
    X1Y2 (CLOCK_ROOT)    net (fo=1416, routed)        1.573    11.741    mlp_iris_bd_i/mlp_iris_axi_wrapper_0/inst/mlp_core_i/inst/ap_clk
    SLICE_X53Y55         FDRE                                         r  mlp_iris_bd_i/mlp_iris_axi_wrapper_0/inst/mlp_core_i/inst/layer4_out_5_reg_374_reg[14]/C
                         clock pessimism              0.119    11.860    
                         clock uncertainty           -0.130    11.730    
    SLICE_X53Y55         FDRE (Setup_GFF_SLICEM_C_D)
                                                      0.025    11.755    mlp_iris_bd_i/mlp_iris_axi_wrapper_0/inst/mlp_core_i/inst/layer4_out_5_reg_374_reg[14]
  -------------------------------------------------------------------
                         required time                         11.755    
                         arrival time                          -8.421    
  -------------------------------------------------------------------
                         slack                                  3.334    

Slack (MET) :             3.349ns  (required time - arrival time)
  Source:                 mlp_iris_bd_i/mlp_iris_axi_wrapper_0/inst/mlp_core_i/inst/layer2_out_reg_309_reg[4]/C
                            (rising edge-triggered cell FDRE clocked by clk_pl_0  {rise@0.000ns fall@5.000ns period=10.000ns})
  Destination:            mlp_iris_bd_i/mlp_iris_axi_wrapper_0/inst/mlp_core_i/inst/layer4_out_1_reg_354_reg[12]/D
                            (rising edge-triggered cell FDRE clocked by clk_pl_0  {rise@0.000ns fall@5.000ns period=10.000ns})
  Path Group:             clk_pl_0
  Path Type:              Setup (Max at Slow Process Corner)
  Requirement:            10.000ns  (clk_pl_0 rise@10.000ns - clk_pl_0 rise@0.000ns)
  Data Path Delay:        6.447ns  (logic 2.875ns (44.592%)  route 3.572ns (55.408%))
  Logic Levels:           16  (CARRY8=4 DSP_A_B_DATA=1 DSP_ALU=1 DSP_M_DATA=1 DSP_MULTIPLIER=1 DSP_OUTPUT=1 DSP_PREADD_DATA=1 LUT2=2 LUT3=2 LUT5=1 LUT6=1)
  Clock Path Skew:        -0.099ns (DCD - SCD + CPR)
    Destination Clock Delay (DCD):    1.756ns = ( 11.756 - 10.000 ) 
    Source Clock Delay      (SCD):    1.974ns
    Clock Pessimism Removal (CPR):    0.119ns
  Clock Uncertainty:      0.130ns  ((TSJ^2 + DJ^2)^1/2) / 2 + PE
    Total System Jitter     (TSJ):    0.071ns
    Discrete Jitter          (DJ):    0.250ns
    Phase Error              (PE):    0.000ns
  Clock Net Delay (Source):      1.766ns (routing 0.569ns, distribution 1.197ns)
  Clock Net Delay (Destination): 1.588ns (routing 0.512ns, distribution 1.076ns)

    Location             Delay type                Incr(ns)  Path(ns)    Netlist Resource(s)
  -------------------------------------------------------------------    -------------------
                         (clock clk_pl_0 rise edge)
                                                      0.000     0.000 r  
    PS8_X0Y0             PS8                          0.000     0.000 r  mlp_iris_bd_i/zynq_ultra_ps_e_0/inst/PS8_i/PLCLK[0]
                         net (fo=1, routed)           0.180     0.180    mlp_iris_bd_i/zynq_ultra_ps_e_0/inst/pl_clk_unbuffered[0]
    BUFG_PS_X0Y80        BUFG_PS (Prop_BUFG_PS_I_O)
                                                      0.028     0.208 r  mlp_iris_bd_i/zynq_ultra_ps_e_0/inst/buffer_pl_clk_0.PL_CLK_0_BUFG/O
    X1Y2 (CLOCK_ROOT)    net (fo=1416, routed)        1.766     1.974    mlp_iris_bd_i/mlp_iris_axi_wrapper_0/inst/mlp_core_i/inst/ap_clk
    SLICE_X56Y106        FDRE                                         r  mlp_iris_bd_i/mlp_iris_axi_wrapper_0/inst/mlp_core_i/inst/layer2_out_reg_309_reg[4]/C
  -------------------------------------------------------------------    -------------------
    SLICE_X56Y106        FDRE (Prop_EFF_SLICEM_C_Q)
                                                      0.076     2.050 f  mlp_iris_bd_i/mlp_iris_axi_wrapper_0/inst/mlp_core_i/inst/layer2_out_reg_309_reg[4]/Q
                         net (fo=6, routed)           0.176     2.226    mlp_iris_bd_i/mlp_iris_axi_wrapper_0/inst/mlp_core_i/inst/call_ret3_dense_latency_ap_fixed_16_6_5_3_0_ap_fixed_16_6_5_3_0_config4_s_fu_91/mul_16s_9ns_25_1_1_U63/Q[4]
    SLICE_X56Y104        LUT2 (Prop_C6LUT_SLICEM_I0_O)
                                                      0.123     2.349 r  mlp_iris_bd_i/mlp_iris_axi_wrapper_0/inst/mlp_core_i/inst/call_ret3_dense_latency_ap_fixed_16_6_5_3_0_ap_fixed_16_6_5_3_0_config4_s_fu_91/mul_16s_9ns_25_1_1_U63/tmp_product_i_30/O
                         net (fo=1, routed)           0.021     2.370    mlp_iris_bd_i/mlp_iris_axi_wrapper_0/inst/mlp_core_i/inst/call_ret3_dense_latency_ap_fixed_16_6_5_3_0_ap_fixed_16_6_5_3_0_config4_s_fu_91/mul_16s_9ns_25_1_1_U63/tmp_product_i_30_n_0
    SLICE_X56Y104        CARRY8 (Prop_CARRY8_SLICEM_S[2]_CO[7])
                                                      0.168     2.538 f  mlp_iris_bd_i/mlp_iris_axi_wrapper_0/inst/mlp_core_i/inst/call_ret3_dense_latency_ap_fixed_16_6_5_3_0_ap_fixed_16_6_5_3_0_config4_s_fu_91/mul_16s_9ns_25_1_1_U63/tmp_product_i_16/CO[7]
                         net (fo=45, routed)          0.436     2.974    mlp_iris_bd_i/mlp_iris_axi_wrapper_0/inst/mlp_core_i/inst/call_ret3_dense_latency_ap_fixed_16_6_5_3_0_ap_fixed_16_6_5_3_0_config4_s_fu_91/mul_16s_9ns_25_1_1_U63/CO[0]
    SLICE_X56Y77         LUT2 (Prop_H6LUT_SLICEM_I0_O)
                                                      0.101     3.075 f  mlp_iris_bd_i/mlp_iris_axi_wrapper_0/inst/mlp_core_i/inst/call_ret3_dense_latency_ap_fixed_16_6_5_3_0_ap_fixed_16_6_5_3_0_config4_s_fu_91/mul_16s_9ns_25_1_1_U63/tmp_product_i_12__3/O
                         net (fo=7, routed)           1.332     4.407    mlp_iris_bd_i/mlp_iris_axi_wrapper_0/inst/mlp_core_i/inst/call_ret3_dense_latency_ap_fixed_16_6_5_3_0_ap_fixed_16_6_5_3_0_config4_s_fu_91/mul_16s_11ns_26_1_1_U80/tmp_product/A[3]
    DSP48E2_X6Y14        DSP_A_B_DATA (Prop_DSP_A_B_DATA_DSP48E2_A[3]_A2_DATA[3])
                                                      0.192     4.599 r  mlp_iris_bd_i/mlp_iris_axi_wrapper_0/inst/mlp_core_i/inst/call_ret3_dense_latency_ap_fixed_16_6_5_3_0_ap_fixed_16_6_5_3_0_config4_s_fu_91/mul_16s_11ns_26_1_1_U80/tmp_product/DSP_A_B_DATA_INST/A2_DATA[3]
                         net (fo=1, routed)           0.000     4.599    mlp_iris_bd_i/mlp_iris_axi_wrapper_0/inst/mlp_core_i/inst/call_ret3_dense_latency_ap_fixed_16_6_5_3_0_ap_fixed_16_6_5_3_0_config4_s_fu_91/mul_16s_11ns_26_1_1_U80/tmp_product/DSP_A_B_DATA.A2_DATA<3>
    DSP48E2_X6Y14        DSP_PREADD_DATA (Prop_DSP_PREADD_DATA_DSP48E2_A2_DATA[3]_A2A1[3])
                                                      0.076     4.675 r  mlp_iris_bd_i/mlp_iris_axi_wrapper_0/inst/mlp_core_i/inst/call_ret3_dense_latency_ap_fixed_16_6_5_3_0_ap_fixed_16_6_5_3_0_config4_s_fu_91/mul_16s_11ns_26_1_1_U80/tmp_product/DSP_PREADD_DATA_INST/A2A1[3]
                         net (fo=1, routed)           0.000     4.675    mlp_iris_bd_i/mlp_iris_axi_wrapper_0/inst/mlp_core_i/inst/call_ret3_dense_latency_ap_fixed_16_6_5_3_0_ap_fixed_16_6_5_3_0_config4_s_fu_91/mul_16s_11ns_26_1_1_U80/tmp_product/DSP_PREADD_DATA.A2A1<3>
    DSP48E2_X6Y14        DSP_MULTIPLIER (Prop_DSP_MULTIPLIER_DSP48E2_A2A1[3]_U[10])
                                                      0.505     5.180 f  mlp_iris_bd_i/mlp_iris_axi_wrapper_0/inst/mlp_core_i/inst/call_ret3_dense_latency_ap_fixed_16_6_5_3_0_ap_fixed_16_6_5_3_0_config4_s_fu_91/mul_16s_11ns_26_1_1_U80/tmp_product/DSP_MULTIPLIER_INST/U[10]
                         net (fo=1, routed)           0.000     5.180    mlp_iris_bd_i/mlp_iris_axi_wrapper_0/inst/mlp_core_i/inst/call_ret3_dense_latency_ap_fixed_16_6_5_3_0_ap_fixed_16_6_5_3_0_config4_s_fu_91/mul_16s_11ns_26_1_1_U80/tmp_product/DSP_MULTIPLIER.U<10>
    DSP48E2_X6Y14        DSP_M_DATA (Prop_DSP_M_DATA_DSP48E2_U[10]_U_DATA[10])
                                                      0.047     5.227 r  mlp_iris_bd_i/mlp_iris_axi_wrapper_0/inst/mlp_core_i/inst/call_ret3_dense_latency_ap_fixed_16_6_5_3_0_ap_fixed_16_6_5_3_0_config4_s_fu_91/mul_16s_11ns_26_1_1_U80/tmp_product/DSP_M_DATA_INST/U_DATA[10]
                         net (fo=1, routed)           0.000     5.227    mlp_iris_bd_i/mlp_iris_axi_wrapper_0/inst/mlp_core_i/inst/call_ret3_dense_latency_ap_fixed_16_6_5_3_0_ap_fixed_16_6_5_3_0_config4_s_fu_91/mul_16s_11ns_26_1_1_U80/tmp_product/DSP_M_DATA.U_DATA<10>
    DSP48E2_X6Y14        DSP_ALU (Prop_DSP_ALU_DSP48E2_U_DATA[10]_ALU_OUT[10])
                                                      0.585     5.812 f  mlp_iris_bd_i/mlp_iris_axi_wrapper_0/inst/mlp_core_i/inst/call_ret3_dense_latency_ap_fixed_16_6_5_3_0_ap_fixed_16_6_5_3_0_config4_s_fu_91/mul_16s_11ns_26_1_1_U80/tmp_product/DSP_ALU_INST/ALU_OUT[10]
                         net (fo=1, routed)           0.000     5.812    mlp_iris_bd_i/mlp_iris_axi_wrapper_0/inst/mlp_core_i/inst/call_ret3_dense_latency_ap_fixed_16_6_5_3_0_ap_fixed_16_6_5_3_0_config4_s_fu_91/mul_16s_11ns_26_1_1_U80/tmp_product/DSP_ALU.ALU_OUT<10>
    DSP48E2_X6Y14        DSP_OUTPUT (Prop_DSP_OUTPUT_DSP48E2_ALU_OUT[10]_P[10])
                                                      0.109     5.921 r  mlp_iris_bd_i/mlp_iris_axi_wrapper_0/inst/mlp_core_i/inst/call_ret3_dense_latency_ap_fixed_16_6_5_3_0_ap_fixed_16_6_5_3_0_config4_s_fu_91/mul_16s_11ns_26_1_1_U80/tmp_product/DSP_OUTPUT_INST/P[10]
                         net (fo=3, routed)           0.563     6.483    mlp_iris_bd_i/mlp_iris_axi_wrapper_0/inst/mlp_core_i/inst/call_ret3_dense_latency_ap_fixed_16_6_5_3_0_ap_fixed_16_6_5_3_0_config4_s_fu_91/mul_16s_9s_25_1_1_U96/layer4_out_1_reg_354_reg[15]_i_18[0]
    SLICE_X58Y36         LUT3 (Prop_B6LUT_SLICEL_I1_O)
                                                      0.124     6.607 r  mlp_iris_bd_i/mlp_iris_axi_wrapper_0/inst/mlp_core_i/inst/call_ret3_dense_latency_ap_fixed_16_6_5_3_0_ap_fixed_16_6_5_3_0_config4_s_fu_91/mul_16s_9s_25_1_1_U96/layer4_out_1_reg_354[15]_i_78/O
                         net (fo=1, routed)           0.160     6.767    mlp_iris_bd_i/mlp_iris_axi_wrapper_0/inst/mlp_core_i/inst/call_ret3_dense_latency_ap_fixed_16_6_5_3_0_ap_fixed_16_6_5_3_0_config4_s_fu_91/mul_16s_9s_25_1_1_U96_n_21
    SLICE_X59Y36         CARRY8 (Prop_CARRY8_SLICEL_DI[1]_CO[7])
                                                      0.117     6.884 r  mlp_iris_bd_i/mlp_iris_axi_wrapper_0/inst/mlp_core_i/inst/call_ret3_dense_latency_ap_fixed_16_6_5_3_0_ap_fixed_16_6_5_3_0_config4_s_fu_91/layer4_out_1_reg_354_reg[15]_i_30/CO[7]
                         net (fo=1, routed)           0.026     6.910    mlp_iris_bd_i/mlp_iris_axi_wrapper_0/inst/mlp_core_i/inst/call_ret3_dense_latency_ap_fixed_16_6_5_3_0_ap_fixed_16_6_5_3_0_config4_s_fu_91/layer4_out_1_reg_354_reg[15]_i_30_n_0
    SLICE_X59Y37         CARRY8 (Prop_CARRY8_SLICEL_CI_O[0])
                                                      0.056     6.966 r  mlp_iris_bd_i/mlp_iris_axi_wrapper_0/inst/mlp_core_i/inst/call_ret3_dense_latency_ap_fixed_16_6_5_3_0_ap_fixed_16_6_5_3_0_config4_s_fu_91/layer4_out_1_reg_354_reg[15]_i_18/O[0]
                         net (fo=5, routed)           0.454     7.420    mlp_iris_bd_i/mlp_iris_axi_wrapper_0/inst/mlp_core_i/inst/call_ret3_dense_latency_ap_fixed_16_6_5_3_0_ap_fixed_16_6_5_3_0_config4_s_fu_91/mul_16s_9s_25_1_1_U96/O[0]
    SLICE_X61Y52         LUT3 (Prop_G5LUT_SLICEM_I0_O)
                                                      0.137     7.557 r  mlp_iris_bd_i/mlp_iris_axi_wrapper_0/inst/mlp_core_i/inst/call_ret3_dense_latency_ap_fixed_16_6_5_3_0_ap_fixed_16_6_5_3_0_config4_s_fu_91/mul_16s_9s_25_1_1_U96/layer4_out_1_reg_354[15]_i_102/O
                         net (fo=1, routed)           0.239     7.796    mlp_iris_bd_i/mlp_iris_axi_wrapper_0/inst/mlp_core_i/inst/call_ret3_dense_latency_ap_fixed_16_6_5_3_0_ap_fixed_16_6_5_3_0_config4_s_fu_91/mul_16s_8ns_24_1_1_U59/layer4_out_1_reg_354[15]_i_15
    SLICE_X61Y52         LUT5 (Prop_H5LUT_SLICEM_I4_O)
                                                      0.161     7.957 r  mlp_iris_bd_i/mlp_iris_axi_wrapper_0/inst/mlp_core_i/inst/call_ret3_dense_latency_ap_fixed_16_6_5_3_0_ap_fixed_16_6_5_3_0_config4_s_fu_91/mul_16s_8ns_24_1_1_U59/layer4_out_1_reg_354[15]_i_39/O
                         net (fo=1, routed)           0.132     8.089    mlp_iris_bd_i/mlp_iris_axi_wrapper_0/inst/mlp_core_i/inst/call_ret3_dense_latency_ap_fixed_16_6_5_3_0_ap_fixed_16_6_5_3_0_config4_s_fu_91/mul_16s_8ns_24_1_1_U59_n_35
    SLICE_X59Y52         LUT6 (Prop_B6LUT_SLICEL_I1_O)
                                                      0.098     8.187 r  mlp_iris_bd_i/mlp_iris_axi_wrapper_0/inst/mlp_core_i/inst/call_ret3_dense_latency_ap_fixed_16_6_5_3_0_ap_fixed_16_6_5_3_0_config4_s_fu_91/layer4_out_1_reg_354[15]_i_15/O
                         net (fo=1, routed)           0.009     8.196    mlp_iris_bd_i/mlp_iris_axi_wrapper_0/inst/mlp_core_i/inst/call_ret3_dense_latency_ap_fixed_16_6_5_3_0_ap_fixed_16_6_5_3_0_config4_s_fu_91/layer4_out_1_reg_354[15]_i_15_n_0
    SLICE_X59Y52         CARRY8 (Prop_CARRY8_SLICEL_S[1]_O[4])
                                                      0.200     8.396 r  mlp_iris_bd_i/mlp_iris_axi_wrapper_0/inst/mlp_core_i/inst/call_ret3_dense_latency_ap_fixed_16_6_5_3_0_ap_fixed_16_6_5_3_0_config4_s_fu_91/layer4_out_1_reg_354_reg[15]_i_1/O[4]
                         net (fo=1, routed)           0.025     8.421    mlp_iris_bd_i/mlp_iris_axi_wrapper_0/inst/mlp_core_i/inst/call_ret3_dense_latency_ap_fixed_16_6_5_3_0_ap_fixed_16_6_5_3_0_config4_s_fu_91_ap_return_1[12]
    SLICE_X59Y52         FDRE                                         r  mlp_iris_bd_i/mlp_iris_axi_wrapper_0/inst/mlp_core_i/inst/layer4_out_1_reg_354_reg[12]/D
  -------------------------------------------------------------------    -------------------

                         (clock clk_pl_0 rise edge)
                                                     10.000    10.000 r  
    PS8_X0Y0             PS8                          0.000    10.000 r  mlp_iris_bd_i/zynq_ultra_ps_e_0/inst/PS8_i/PLCLK[0]
                         net (fo=1, routed)           0.143    10.143    mlp_iris_bd_i/zynq_ultra_ps_e_0/inst/pl_clk_unbuffered[0]
    BUFG_PS_X0Y80        BUFG_PS (Prop_BUFG_PS_I_O)
                                                      0.025    10.168 r  mlp_iris_bd_i/zynq_ultra_ps_e_0/inst/buffer_pl_clk_0.PL_CLK_0_BUFG/O
    X1Y2 (CLOCK_ROOT)    net (fo=1416, routed)        1.588    11.756    mlp_iris_bd_i/mlp_iris_axi_wrapper_0/inst/mlp_core_i/inst/ap_clk
    SLICE_X59Y52         FDRE                                         r  mlp_iris_bd_i/mlp_iris_axi_wrapper_0/inst/mlp_core_i/inst/layer4_out_1_reg_354_reg[12]/C
                         clock pessimism              0.119    11.875    
                         clock uncertainty           -0.130    11.745    
    SLICE_X59Y52         FDRE (Setup_EFF_SLICEL_C_D)
                                                      0.025    11.770    mlp_iris_bd_i/mlp_iris_axi_wrapper_0/inst/mlp_core_i/inst/layer4_out_1_reg_354_reg[12]
  -------------------------------------------------------------------
                         required time                         11.770    
                         arrival time                          -8.421    
  -------------------------------------------------------------------
                         slack                                  3.349    

Slack (MET) :             3.385ns  (required time - arrival time)
  Source:                 mlp_iris_bd_i/mlp_iris_axi_wrapper_0/inst/mlp_core_i/inst/layer2_out_6_reg_339_reg[11]/C
                            (rising edge-triggered cell FDRE clocked by clk_pl_0  {rise@0.000ns fall@5.000ns period=10.000ns})
  Destination:            mlp_iris_bd_i/mlp_iris_axi_wrapper_0/inst/mlp_core_i/inst/layer4_out_reg_349_reg[10]/D
                            (rising edge-triggered cell FDRE clocked by clk_pl_0  {rise@0.000ns fall@5.000ns period=10.000ns})
  Path Group:             clk_pl_0
  Path Type:              Setup (Max at Slow Process Corner)
  Requirement:            10.000ns  (clk_pl_0 rise@10.000ns - clk_pl_0 rise@0.000ns)
  Data Path Delay:        6.401ns  (logic 2.900ns (45.305%)  route 3.501ns (54.695%))
  Logic Levels:           17  (CARRY8=4 DSP_A_B_DATA=1 DSP_ALU=1 DSP_M_DATA=1 DSP_MULTIPLIER=1 DSP_OUTPUT=1 DSP_PREADD_DATA=1 LUT2=2 LUT3=1 LUT4=1 LUT5=1 LUT6=2)
  Clock Path Skew:        -0.109ns (DCD - SCD + CPR)
    Destination Clock Delay (DCD):    1.743ns = ( 11.743 - 10.000 ) 
    Source Clock Delay      (SCD):    1.971ns
    Clock Pessimism Removal (CPR):    0.119ns
  Clock Uncertainty:      0.130ns  ((TSJ^2 + DJ^2)^1/2) / 2 + PE
    Total System Jitter     (TSJ):    0.071ns
    Discrete Jitter          (DJ):    0.250ns
    Phase Error              (PE):    0.000ns
  Clock Net Delay (Source):      1.763ns (routing 0.569ns, distribution 1.194ns)
  Clock Net Delay (Destination): 1.575ns (routing 0.512ns, distribution 1.063ns)

    Location             Delay type                Incr(ns)  Path(ns)    Netlist Resource(s)
  -------------------------------------------------------------------    -------------------
                         (clock clk_pl_0 rise edge)
                                                      0.000     0.000 r  
    PS8_X0Y0             PS8                          0.000     0.000 r  mlp_iris_bd_i/zynq_ultra_ps_e_0/inst/PS8_i/PLCLK[0]
                         net (fo=1, routed)           0.180     0.180    mlp_iris_bd_i/zynq_ultra_ps_e_0/inst/pl_clk_unbuffered[0]
    BUFG_PS_X0Y80        BUFG_PS (Prop_BUFG_PS_I_O)
                                                      0.028     0.208 r  mlp_iris_bd_i/zynq_ultra_ps_e_0/inst/buffer_pl_clk_0.PL_CLK_0_BUFG/O
    X1Y2 (CLOCK_ROOT)    net (fo=1416, routed)        1.763     1.971    mlp_iris_bd_i/mlp_iris_axi_wrapper_0/inst/mlp_core_i/inst/ap_clk
    SLICE_X58Y102        FDRE                                         r  mlp_iris_bd_i/mlp_iris_axi_wrapper_0/inst/mlp_core_i/inst/layer2_out_6_reg_339_reg[11]/C
  -------------------------------------------------------------------    -------------------
    SLICE_X58Y102        FDRE (Prop_DFF_SLICEL_C_Q)
                                                      0.079     2.050 f  mlp_iris_bd_i/mlp_iris_axi_wrapper_0/inst/mlp_core_i/inst/layer2_out_6_reg_339_reg[11]/Q
                         net (fo=3, routed)           0.117     2.167    mlp_iris_bd_i/mlp_iris_axi_wrapper_0/inst/mlp_core_i/inst/call_ret3_dense_latency_ap_fixed_16_6_5_3_0_ap_fixed_16_6_5_3_0_config4_s_fu_91/mul_16s_9s_25_1_1_U77/tmp_product_i_16__5_0[11]
    SLICE_X58Y100        LUT2 (Prop_F6LUT_SLICEL_I1_O)
                                                      0.148     2.315 r  mlp_iris_bd_i/mlp_iris_axi_wrapper_0/inst/mlp_core_i/inst/call_ret3_dense_latency_ap_fixed_16_6_5_3_0_ap_fixed_16_6_5_3_0_config4_s_fu_91/mul_16s_9s_25_1_1_U77/tmp_product_i_27__5/O
                         net (fo=1, routed)           0.011     2.326    mlp_iris_bd_i/mlp_iris_axi_wrapper_0/inst/mlp_core_i/inst/call_ret3_dense_latency_ap_fixed_16_6_5_3_0_ap_fixed_16_6_5_3_0_config4_s_fu_91/mul_16s_9s_25_1_1_U77/tmp_product_i_27__5_n_0
    SLICE_X58Y100        CARRY8 (Prop_CARRY8_SLICEL_S[5]_CO[7])
                                                      0.162     2.488 f  mlp_iris_bd_i/mlp_iris_axi_wrapper_0/inst/mlp_core_i/inst/call_ret3_dense_latency_ap_fixed_16_6_5_3_0_ap_fixed_16_6_5_3_0_config4_s_fu_91/mul_16s_9s_25_1_1_U77/tmp_product_i_16__5/CO[7]
                         net (fo=15, routed)          0.150     2.639    mlp_iris_bd_i/mlp_iris_axi_wrapper_0/inst/mlp_core_i/inst/call_ret3_dense_latency_ap_fixed_16_6_5_3_0_ap_fixed_16_6_5_3_0_config4_s_fu_91/mul_16s_9s_25_1_1_U77/tmp_product_i_16__5_n_0
    SLICE_X57Y100        LUT2 (Prop_C5LUT_SLICEM_I0_O)
                                                      0.068     2.707 f  mlp_iris_bd_i/mlp_iris_axi_wrapper_0/inst/mlp_core_i/inst/call_ret3_dense_latency_ap_fixed_16_6_5_3_0_ap_fixed_16_6_5_3_0_config4_s_fu_91/mul_16s_9s_25_1_1_U77/tmp_product_i_15__9/O
                         net (fo=8, routed)           1.719     4.426    mlp_iris_bd_i/mlp_iris_axi_wrapper_0/inst/mlp_core_i/inst/call_ret3_dense_latency_ap_fixed_16_6_5_3_0_ap_fixed_16_6_5_3_0_config4_s_fu_91/mul_16s_11ns_26_1_1_U98/tmp_product/A[0]
    DSP48E2_X3Y17        DSP_A_B_DATA (Prop_DSP_A_B_DATA_DSP48E2_A[0]_A2_DATA[0])
                                                      0.192     4.618 r  mlp_iris_bd_i/mlp_iris_axi_wrapper_0/inst/mlp_core_i/inst/call_ret3_dense_latency_ap_fixed_16_6_5_3_0_ap_fixed_16_6_5_3_0_config4_s_fu_91/mul_16s_11ns_26_1_1_U98/tmp_product/DSP_A_B_DATA_INST/A2_DATA[0]
                         net (fo=1, routed)           0.000     4.618    mlp_iris_bd_i/mlp_iris_axi_wrapper_0/inst/mlp_core_i/inst/call_ret3_dense_latency_ap_fixed_16_6_5_3_0_ap_fixed_16_6_5_3_0_config4_s_fu_91/mul_16s_11ns_26_1_1_U98/tmp_product/DSP_A_B_DATA.A2_DATA<0>
    DSP48E2_X3Y17        DSP_PREADD_DATA (Prop_DSP_PREADD_DATA_DSP48E2_A2_DATA[0]_A2A1[0])
                                                      0.076     4.694 r  mlp_iris_bd_i/mlp_iris_axi_wrapper_0/inst/mlp_core_i/inst/call_ret3_dense_latency_ap_fixed_16_6_5_3_0_ap_fixed_16_6_5_3_0_config4_s_fu_91/mul_16s_11ns_26_1_1_U98/tmp_product/DSP_PREADD_DATA_INST/A2A1[0]
                         net (fo=1, routed)           0.000     4.694    mlp_iris_bd_i/mlp_iris_axi_wrapper_0/inst/mlp_core_i/inst/call_ret3_dense_latency_ap_fixed_16_6_5_3_0_ap_fixed_16_6_5_3_0_config4_s_fu_91/mul_16s_11ns_26_1_1_U98/tmp_product/DSP_PREADD_DATA.A2A1<0>
    DSP48E2_X3Y17        DSP_MULTIPLIER (Prop_DSP_MULTIPLIER_DSP48E2_A2A1[0]_U[13])
                                                      0.505     5.199 f  mlp_iris_bd_i/mlp_iris_axi_wrapper_0/inst/mlp_core_i/inst/call_ret3_dense_latency_ap_fixed_16_6_5_3_0_ap_fixed_16_6_5_3_0_config4_s_fu_91/mul_16s_11ns_26_1_1_U98/tmp_product/DSP_MULTIPLIER_INST/U[13]
                         net (fo=1, routed)           0.000     5.199    mlp_iris_bd_i/mlp_iris_axi_wrapper_0/inst/mlp_core_i/inst/call_ret3_dense_latency_ap_fixed_16_6_5_3_0_ap_fixed_16_6_5_3_0_config4_s_fu_91/mul_16s_11ns_26_1_1_U98/tmp_product/DSP_MULTIPLIER.U<13>
    DSP48E2_X3Y17        DSP_M_DATA (Prop_DSP_M_DATA_DSP48E2_U[13]_U_DATA[13])
                                                      0.047     5.246 r  mlp_iris_bd_i/mlp_iris_axi_wrapper_0/inst/mlp_core_i/inst/call_ret3_dense_latency_ap_fixed_16_6_5_3_0_ap_fixed_16_6_5_3_0_config4_s_fu_91/mul_16s_11ns_26_1_1_U98/tmp_product/DSP_M_DATA_INST/U_DATA[13]
                         net (fo=1, routed)           0.000     5.246    mlp_iris_bd_i/mlp_iris_axi_wrapper_0/inst/mlp_core_i/inst/call_ret3_dense_latency_ap_fixed_16_6_5_3_0_ap_fixed_16_6_5_3_0_config4_s_fu_91/mul_16s_11ns_26_1_1_U98/tmp_product/DSP_M_DATA.U_DATA<13>
    DSP48E2_X3Y17        DSP_ALU (Prop_DSP_ALU_DSP48E2_U_DATA[13]_ALU_OUT[13])
                                                      0.585     5.831 f  mlp_iris_bd_i/mlp_iris_axi_wrapper_0/inst/mlp_core_i/inst/call_ret3_dense_latency_ap_fixed_16_6_5_3_0_ap_fixed_16_6_5_3_0_config4_s_fu_91/mul_16s_11ns_26_1_1_U98/tmp_product/DSP_ALU_INST/ALU_OUT[13]
                         net (fo=1, routed)           0.000     5.831    mlp_iris_bd_i/mlp_iris_axi_wrapper_0/inst/mlp_core_i/inst/call_ret3_dense_latency_ap_fixed_16_6_5_3_0_ap_fixed_16_6_5_3_0_config4_s_fu_91/mul_16s_11ns_26_1_1_U98/tmp_product/DSP_ALU.ALU_OUT<13>
    DSP48E2_X3Y17        DSP_OUTPUT (Prop_DSP_OUTPUT_DSP48E2_ALU_OUT[13]_P[13])
                                                      0.109     5.940 r  mlp_iris_bd_i/mlp_iris_axi_wrapper_0/inst/mlp_core_i/inst/call_ret3_dense_latency_ap_fixed_16_6_5_3_0_ap_fixed_16_6_5_3_0_config4_s_fu_91/mul_16s_11ns_26_1_1_U98/tmp_product/DSP_OUTPUT_INST/P[13]
                         net (fo=2, routed)           0.277     6.217    mlp_iris_bd_i/mlp_iris_axi_wrapper_0/inst/mlp_core_i/inst/call_ret3_dense_latency_ap_fixed_16_6_5_3_0_ap_fixed_16_6_5_3_0_config4_s_fu_91/trunc_ln42_69_fu_15464_p4[3]
    SLICE_X50Y41         LUT3 (Prop_D5LUT_SLICEM_I2_O)
                                                      0.135     6.352 r  mlp_iris_bd_i/mlp_iris_axi_wrapper_0/inst/mlp_core_i/inst/call_ret3_dense_latency_ap_fixed_16_6_5_3_0_ap_fixed_16_6_5_3_0_config4_s_fu_91/layer4_out_reg_349[15]_i_76/O
                         net (fo=2, routed)           0.215     6.567    mlp_iris_bd_i/mlp_iris_axi_wrapper_0/inst/mlp_core_i/inst/call_ret3_dense_latency_ap_fixed_16_6_5_3_0_ap_fixed_16_6_5_3_0_config4_s_fu_91/layer4_out_reg_349[15]_i_76_n_0
    SLICE_X50Y41         LUT4 (Prop_E6LUT_SLICEM_I3_O)
                                                      0.124     6.691 r  mlp_iris_bd_i/mlp_iris_axi_wrapper_0/inst/mlp_core_i/inst/call_ret3_dense_latency_ap_fixed_16_6_5_3_0_ap_fixed_16_6_5_3_0_config4_s_fu_91/layer4_out_reg_349[15]_i_83/O
                         net (fo=1, routed)           0.014     6.705    mlp_iris_bd_i/mlp_iris_axi_wrapper_0/inst/mlp_core_i/inst/call_ret3_dense_latency_ap_fixed_16_6_5_3_0_ap_fixed_16_6_5_3_0_config4_s_fu_91/layer4_out_reg_349[15]_i_83_n_0
    SLICE_X50Y41         CARRY8 (Prop_CARRY8_SLICEM_S[4]_CO[7])
                                                      0.156     6.861 r  mlp_iris_bd_i/mlp_iris_axi_wrapper_0/inst/mlp_core_i/inst/call_ret3_dense_latency_ap_fixed_16_6_5_3_0_ap_fixed_16_6_5_3_0_config4_s_fu_91/layer4_out_reg_349_reg[15]_i_40/CO[7]
                         net (fo=1, routed)           0.026     6.887    mlp_iris_bd_i/mlp_iris_axi_wrapper_0/inst/mlp_core_i/inst/call_ret3_dense_latency_ap_fixed_16_6_5_3_0_ap_fixed_16_6_5_3_0_config4_s_fu_91/layer4_out_reg_349_reg[15]_i_40_n_0
    SLICE_X50Y42         CARRY8 (Prop_CARRY8_SLICEM_CI_O[0])
                                                      0.056     6.943 r  mlp_iris_bd_i/mlp_iris_axi_wrapper_0/inst/mlp_core_i/inst/call_ret3_dense_latency_ap_fixed_16_6_5_3_0_ap_fixed_16_6_5_3_0_config4_s_fu_91/layer4_out_reg_349_reg[15]_i_19/O[0]
                         net (fo=6, routed)           0.574     7.516    mlp_iris_bd_i/mlp_iris_axi_wrapper_0/inst/mlp_core_i/inst/call_ret3_dense_latency_ap_fixed_16_6_5_3_0_ap_fixed_16_6_5_3_0_config4_s_fu_91/mul_16s_8s_24_1_1_U51/layer4_out_reg_349[15]_i_9_1[0]
    SLICE_X53Y47         LUT6 (Prop_F6LUT_SLICEM_I4_O)
                                                      0.051     7.567 r  mlp_iris_bd_i/mlp_iris_axi_wrapper_0/inst/mlp_core_i/inst/call_ret3_dense_latency_ap_fixed_16_6_5_3_0_ap_fixed_16_6_5_3_0_config4_s_fu_91/mul_16s_8s_24_1_1_U51/layer4_out_reg_349[15]_i_29/O
                         net (fo=2, routed)           0.160     7.727    mlp_iris_bd_i/mlp_iris_axi_wrapper_0/inst/mlp_core_i/inst/call_ret3_dense_latency_ap_fixed_16_6_5_3_0_ap_fixed_16_6_5_3_0_config4_s_fu_91/mul_16s_8s_24_1_1_U51/layer4_out_reg_349_reg[15]_i_18
    SLICE_X55Y47         LUT5 (Prop_B5LUT_SLICEL_I4_O)
                                                      0.165     7.892 r  mlp_iris_bd_i/mlp_iris_axi_wrapper_0/inst/mlp_core_i/inst/call_ret3_dense_latency_ap_fixed_16_6_5_3_0_ap_fixed_16_6_5_3_0_config4_s_fu_91/mul_16s_8s_24_1_1_U51/layer4_out_reg_349[15]_i_7/O
                         net (fo=2, routed)           0.196     8.088    mlp_iris_bd_i/mlp_iris_axi_wrapper_0/inst/mlp_core_i/inst/call_ret3_dense_latency_ap_fixed_16_6_5_3_0_ap_fixed_16_6_5_3_0_config4_s_fu_91/mul_16s_8s_24_1_1_U51_n_16
    SLICE_X54Y47         LUT6 (Prop_B6LUT_SLICEM_I0_O)
                                                      0.125     8.213 r  mlp_iris_bd_i/mlp_iris_axi_wrapper_0/inst/mlp_core_i/inst/call_ret3_dense_latency_ap_fixed_16_6_5_3_0_ap_fixed_16_6_5_3_0_config4_s_fu_91/layer4_out_reg_349[15]_i_15/O
                         net (fo=1, routed)           0.016     8.229    mlp_iris_bd_i/mlp_iris_axi_wrapper_0/inst/mlp_core_i/inst/call_ret3_dense_latency_ap_fixed_16_6_5_3_0_ap_fixed_16_6_5_3_0_config4_s_fu_91/layer4_out_reg_349[15]_i_15_n_0
    SLICE_X54Y47         CARRY8 (Prop_CARRY8_SLICEM_S[1]_O[2])
                                                      0.117     8.346 r  mlp_iris_bd_i/mlp_iris_axi_wrapper_0/inst/mlp_core_i/inst/call_ret3_dense_latency_ap_fixed_16_6_5_3_0_ap_fixed_16_6_5_3_0_config4_s_fu_91/layer4_out_reg_349_reg[15]_i_1/O[2]
                         net (fo=1, routed)           0.026     8.372    mlp_iris_bd_i/mlp_iris_axi_wrapper_0/inst/mlp_core_i/inst/call_ret3_dense_latency_ap_fixed_16_6_5_3_0_ap_fixed_16_6_5_3_0_config4_s_fu_91_ap_return_0[10]
    SLICE_X54Y47         FDRE                                         r  mlp_iris_bd_i/mlp_iris_axi_wrapper_0/inst/mlp_core_i/inst/layer4_out_reg_349_reg[10]/D
  -------------------------------------------------------------------    -------------------

                         (clock clk_pl_0 rise edge)
                                                     10.000    10.000 r  
    PS8_X0Y0             PS8                          0.000    10.000 r  mlp_iris_bd_i/zynq_ultra_ps_e_0/inst/PS8_i/PLCLK[0]
                         net (fo=1, routed)           0.143    10.143    mlp_iris_bd_i/zynq_ultra_ps_e_0/inst/pl_clk_unbuffered[0]
    BUFG_PS_X0Y80        BUFG_PS (Prop_BUFG_PS_I_O)
                                                      0.025    10.168 r  mlp_iris_bd_i/zynq_ultra_ps_e_0/inst/buffer_pl_clk_0.PL_CLK_0_BUFG/O
    X1Y2 (CLOCK_ROOT)    net (fo=1416, routed)        1.575    11.743    mlp_iris_bd_i/mlp_iris_axi_wrapper_0/inst/mlp_core_i/inst/ap_clk
    SLICE_X54Y47         FDRE                                         r  mlp_iris_bd_i/mlp_iris_axi_wrapper_0/inst/mlp_core_i/inst/layer4_out_reg_349_reg[10]/C
                         clock pessimism              0.119    11.862    
                         clock uncertainty           -0.130    11.732    
    SLICE_X54Y47         FDRE (Setup_CFF_SLICEM_C_D)
                                                      0.025    11.757    mlp_iris_bd_i/mlp_iris_axi_wrapper_0/inst/mlp_core_i/inst/layer4_out_reg_349_reg[10]
  -------------------------------------------------------------------
                         required time                         11.757    
                         arrival time                          -8.372    
  -------------------------------------------------------------------
                         slack                                  3.385    

Slack (MET) :             3.400ns  (required time - arrival time)
  Source:                 mlp_iris_bd_i/mlp_iris_axi_wrapper_0/inst/mlp_core_i/inst/layer2_out_reg_309_reg[4]/C
                            (rising edge-triggered cell FDRE clocked by clk_pl_0  {rise@0.000ns fall@5.000ns period=10.000ns})
  Destination:            mlp_iris_bd_i/mlp_iris_axi_wrapper_0/inst/mlp_core_i/inst/layer4_out_7_reg_384_reg[11]/D
                            (rising edge-triggered cell FDRE clocked by clk_pl_0  {rise@0.000ns fall@5.000ns period=10.000ns})
  Path Group:             clk_pl_0
  Path Type:              Setup (Max at Slow Process Corner)
  Requirement:            10.000ns  (clk_pl_0 rise@10.000ns - clk_pl_0 rise@0.000ns)
  Data Path Delay:        6.385ns  (logic 2.756ns (43.162%)  route 3.629ns (56.838%))
  Logic Levels:           16  (CARRY8=4 DSP_A_B_DATA=1 DSP_ALU=1 DSP_M_DATA=1 DSP_MULTIPLIER=1 DSP_OUTPUT=1 DSP_PREADD_DATA=1 LUT2=2 LUT3=2 LUT4=1 LUT5=1)
  Clock Path Skew:        -0.110ns (DCD - SCD + CPR)
    Destination Clock Delay (DCD):    1.745ns = ( 11.745 - 10.000 ) 
    Source Clock Delay      (SCD):    1.974ns
    Clock Pessimism Removal (CPR):    0.119ns
  Clock Uncertainty:      0.130ns  ((TSJ^2 + DJ^2)^1/2) / 2 + PE
    Total System Jitter     (TSJ):    0.071ns
    Discrete Jitter          (DJ):    0.250ns
    Phase Error              (PE):    0.000ns
  Clock Net Delay (Source):      1.766ns (routing 0.569ns, distribution 1.197ns)
  Clock Net Delay (Destination): 1.577ns (routing 0.512ns, distribution 1.065ns)

    Location             Delay type                Incr(ns)  Path(ns)    Netlist Resource(s)
  -------------------------------------------------------------------    -------------------
                         (clock clk_pl_0 rise edge)
                                                      0.000     0.000 r  
    PS8_X0Y0             PS8                          0.000     0.000 r  mlp_iris_bd_i/zynq_ultra_ps_e_0/inst/PS8_i/PLCLK[0]
                         net (fo=1, routed)           0.180     0.180    mlp_iris_bd_i/zynq_ultra_ps_e_0/inst/pl_clk_unbuffered[0]
    BUFG_PS_X0Y80        BUFG_PS (Prop_BUFG_PS_I_O)
                                                      0.028     0.208 r  mlp_iris_bd_i/zynq_ultra_ps_e_0/inst/buffer_pl_clk_0.PL_CLK_0_BUFG/O
    X1Y2 (CLOCK_ROOT)    net (fo=1416, routed)        1.766     1.974    mlp_iris_bd_i/mlp_iris_axi_wrapper_0/inst/mlp_core_i/inst/ap_clk
    SLICE_X56Y106        FDRE                                         r  mlp_iris_bd_i/mlp_iris_axi_wrapper_0/inst/mlp_core_i/inst/layer2_out_reg_309_reg[4]/C
  -------------------------------------------------------------------    -------------------
    SLICE_X56Y106        FDRE (Prop_EFF_SLICEM_C_Q)
                                                      0.076     2.050 f  mlp_iris_bd_i/mlp_iris_axi_wrapper_0/inst/mlp_core_i/inst/layer2_out_reg_309_reg[4]/Q
                         net (fo=6, routed)           0.176     2.226    mlp_iris_bd_i/mlp_iris_axi_wrapper_0/inst/mlp_core_i/inst/call_ret3_dense_latency_ap_fixed_16_6_5_3_0_ap_fixed_16_6_5_3_0_config4_s_fu_91/mul_16s_9ns_25_1_1_U63/Q[4]
    SLICE_X56Y104        LUT2 (Prop_C6LUT_SLICEM_I0_O)
                                                      0.123     2.349 r  mlp_iris_bd_i/mlp_iris_axi_wrapper_0/inst/mlp_core_i/inst/call_ret3_dense_latency_ap_fixed_16_6_5_3_0_ap_fixed_16_6_5_3_0_config4_s_fu_91/mul_16s_9ns_25_1_1_U63/tmp_product_i_30/O
                         net (fo=1, routed)           0.021     2.370    mlp_iris_bd_i/mlp_iris_axi_wrapper_0/inst/mlp_core_i/inst/call_ret3_dense_latency_ap_fixed_16_6_5_3_0_ap_fixed_16_6_5_3_0_config4_s_fu_91/mul_16s_9ns_25_1_1_U63/tmp_product_i_30_n_0
    SLICE_X56Y104        CARRY8 (Prop_CARRY8_SLICEM_S[2]_CO[7])
                                                      0.168     2.538 f  mlp_iris_bd_i/mlp_iris_axi_wrapper_0/inst/mlp_core_i/inst/call_ret3_dense_latency_ap_fixed_16_6_5_3_0_ap_fixed_16_6_5_3_0_config4_s_fu_91/mul_16s_9ns_25_1_1_U63/tmp_product_i_16/CO[7]
                         net (fo=45, routed)          0.424     2.961    mlp_iris_bd_i/mlp_iris_axi_wrapper_0/inst/mlp_core_i/inst/call_ret3_dense_latency_ap_fixed_16_6_5_3_0_ap_fixed_16_6_5_3_0_config4_s_fu_91/mul_16s_9ns_25_1_1_U63/CO[0]
    SLICE_X56Y77         LUT2 (Prop_C5LUT_SLICEM_I0_O)
                                                      0.068     3.029 f  mlp_iris_bd_i/mlp_iris_axi_wrapper_0/inst/mlp_core_i/inst/call_ret3_dense_latency_ap_fixed_16_6_5_3_0_ap_fixed_16_6_5_3_0_config4_s_fu_91/mul_16s_9ns_25_1_1_U63/tmp_product_i_5__3/O
                         net (fo=7, routed)           1.382     4.411    mlp_iris_bd_i/mlp_iris_axi_wrapper_0/inst/mlp_core_i/inst/call_ret3_dense_latency_ap_fixed_16_6_5_3_0_ap_fixed_16_6_5_3_0_config4_s_fu_91/mul_16s_11ns_26_1_1_U68/tmp_product/A[10]
    DSP48E2_X6Y15        DSP_A_B_DATA (Prop_DSP_A_B_DATA_DSP48E2_A[10]_A2_DATA[10])
                                                      0.192     4.603 r  mlp_iris_bd_i/mlp_iris_axi_wrapper_0/inst/mlp_core_i/inst/call_ret3_dense_latency_ap_fixed_16_6_5_3_0_ap_fixed_16_6_5_3_0_config4_s_fu_91/mul_16s_11ns_26_1_1_U68/tmp_product/DSP_A_B_DATA_INST/A2_DATA[10]
                         net (fo=1, routed)           0.000     4.603    mlp_iris_bd_i/mlp_iris_axi_wrapper_0/inst/mlp_core_i/inst/call_ret3_dense_latency_ap_fixed_16_6_5_3_0_ap_fixed_16_6_5_3_0_config4_s_fu_91/mul_16s_11ns_26_1_1_U68/tmp_product/DSP_A_B_DATA.A2_DATA<10>
    DSP48E2_X6Y15        DSP_PREADD_DATA (Prop_DSP_PREADD_DATA_DSP48E2_A2_DATA[10]_A2A1[10])
                                                      0.076     4.679 r  mlp_iris_bd_i/mlp_iris_axi_wrapper_0/inst/mlp_core_i/inst/call_ret3_dense_latency_ap_fixed_16_6_5_3_0_ap_fixed_16_6_5_3_0_config4_s_fu_91/mul_16s_11ns_26_1_1_U68/tmp_product/DSP_PREADD_DATA_INST/A2A1[10]
                         net (fo=1, routed)           0.000     4.679    mlp_iris_bd_i/mlp_iris_axi_wrapper_0/inst/mlp_core_i/inst/call_ret3_dense_latency_ap_fixed_16_6_5_3_0_ap_fixed_16_6_5_3_0_config4_s_fu_91/mul_16s_11ns_26_1_1_U68/tmp_product/DSP_PREADD_DATA.A2A1<10>
    DSP48E2_X6Y15        DSP_MULTIPLIER (Prop_DSP_MULTIPLIER_DSP48E2_A2A1[10]_U[13])
                                                      0.505     5.184 f  mlp_iris_bd_i/mlp_iris_axi_wrapper_0/inst/mlp_core_i/inst/call_ret3_dense_latency_ap_fixed_16_6_5_3_0_ap_fixed_16_6_5_3_0_config4_s_fu_91/mul_16s_11ns_26_1_1_U68/tmp_product/DSP_MULTIPLIER_INST/U[13]
                         net (fo=1, routed)           0.000     5.184    mlp_iris_bd_i/mlp_iris_axi_wrapper_0/inst/mlp_core_i/inst/call_ret3_dense_latency_ap_fixed_16_6_5_3_0_ap_fixed_16_6_5_3_0_config4_s_fu_91/mul_16s_11ns_26_1_1_U68/tmp_product/DSP_MULTIPLIER.U<13>
    DSP48E2_X6Y15        DSP_M_DATA (Prop_DSP_M_DATA_DSP48E2_U[13]_U_DATA[13])
                                                      0.047     5.231 r  mlp_iris_bd_i/mlp_iris_axi_wrapper_0/inst/mlp_core_i/inst/call_ret3_dense_latency_ap_fixed_16_6_5_3_0_ap_fixed_16_6_5_3_0_config4_s_fu_91/mul_16s_11ns_26_1_1_U68/tmp_product/DSP_M_DATA_INST/U_DATA[13]
                         net (fo=1, routed)           0.000     5.231    mlp_iris_bd_i/mlp_iris_axi_wrapper_0/inst/mlp_core_i/inst/call_ret3_dense_latency_ap_fixed_16_6_5_3_0_ap_fixed_16_6_5_3_0_config4_s_fu_91/mul_16s_11ns_26_1_1_U68/tmp_product/DSP_M_DATA.U_DATA<13>
    DSP48E2_X6Y15        DSP_ALU (Prop_DSP_ALU_DSP48E2_U_DATA[13]_ALU_OUT[13])
                                                      0.585     5.816 f  mlp_iris_bd_i/mlp_iris_axi_wrapper_0/inst/mlp_core_i/inst/call_ret3_dense_latency_ap_fixed_16_6_5_3_0_ap_fixed_16_6_5_3_0_config4_s_fu_91/mul_16s_11ns_26_1_1_U68/tmp_product/DSP_ALU_INST/ALU_OUT[13]
                         net (fo=1, routed)           0.000     5.816    mlp_iris_bd_i/mlp_iris_axi_wrapper_0/inst/mlp_core_i/inst/call_ret3_dense_latency_ap_fixed_16_6_5_3_0_ap_fixed_16_6_5_3_0_config4_s_fu_91/mul_16s_11ns_26_1_1_U68/tmp_product/DSP_ALU.ALU_OUT<13>
    DSP48E2_X6Y15        DSP_OUTPUT (Prop_DSP_OUTPUT_DSP48E2_ALU_OUT[13]_P[13])
                                                      0.109     5.925 r  mlp_iris_bd_i/mlp_iris_axi_wrapper_0/inst/mlp_core_i/inst/call_ret3_dense_latency_ap_fixed_16_6_5_3_0_ap_fixed_16_6_5_3_0_config4_s_fu_91/mul_16s_11ns_26_1_1_U68/tmp_product/DSP_OUTPUT_INST/P[13]
                         net (fo=2, routed)           0.520     6.445    mlp_iris_bd_i/mlp_iris_axi_wrapper_0/inst/mlp_core_i/inst/call_ret3_dense_latency_ap_fixed_16_6_5_3_0_ap_fixed_16_6_5_3_0_config4_s_fu_91/trunc_ln42_28_fu_14646_p4[3]
    SLICE_X57Y37         LUT3 (Prop_D5LUT_SLICEM_I0_O)
                                                      0.135     6.580 r  mlp_iris_bd_i/mlp_iris_axi_wrapper_0/inst/mlp_core_i/inst/call_ret3_dense_latency_ap_fixed_16_6_5_3_0_ap_fixed_16_6_5_3_0_config4_s_fu_91/layer4_out_7_reg_384[15]_i_81/O
                         net (fo=2, routed)           0.215     6.795    mlp_iris_bd_i/mlp_iris_axi_wrapper_0/inst/mlp_core_i/inst/call_ret3_dense_latency_ap_fixed_16_6_5_3_0_ap_fixed_16_6_5_3_0_config4_s_fu_91/layer4_out_7_reg_384[15]_i_81_n_0
    SLICE_X57Y37         LUT4 (Prop_E6LUT_SLICEM_I3_O)
                                                      0.124     6.919 r  mlp_iris_bd_i/mlp_iris_axi_wrapper_0/inst/mlp_core_i/inst/call_ret3_dense_latency_ap_fixed_16_6_5_3_0_ap_fixed_16_6_5_3_0_config4_s_fu_91/layer4_out_7_reg_384[15]_i_88/O
                         net (fo=1, routed)           0.014     6.933    mlp_iris_bd_i/mlp_iris_axi_wrapper_0/inst/mlp_core_i/inst/call_ret3_dense_latency_ap_fixed_16_6_5_3_0_ap_fixed_16_6_5_3_0_config4_s_fu_91/layer4_out_7_reg_384[15]_i_88_n_0
    SLICE_X57Y37         CARRY8 (Prop_CARRY8_SLICEM_S[4]_CO[7])
                                                      0.156     7.089 r  mlp_iris_bd_i/mlp_iris_axi_wrapper_0/inst/mlp_core_i/inst/call_ret3_dense_latency_ap_fixed_16_6_5_3_0_ap_fixed_16_6_5_3_0_config4_s_fu_91/layer4_out_7_reg_384_reg[15]_i_26/CO[7]
                         net (fo=1, routed)           0.026     7.115    mlp_iris_bd_i/mlp_iris_axi_wrapper_0/inst/mlp_core_i/inst/call_ret3_dense_latency_ap_fixed_16_6_5_3_0_ap_fixed_16_6_5_3_0_config4_s_fu_91/layer4_out_7_reg_384_reg[15]_i_26_n_0
    SLICE_X57Y38         CARRY8 (Prop_CARRY8_SLICEM_CI_O[0])
                                                      0.056     7.171 r  mlp_iris_bd_i/mlp_iris_axi_wrapper_0/inst/mlp_core_i/inst/call_ret3_dense_latency_ap_fixed_16_6_5_3_0_ap_fixed_16_6_5_3_0_config4_s_fu_91/layer4_out_7_reg_384_reg[15]_i_18/O[0]
                         net (fo=3, routed)           0.381     7.553    mlp_iris_bd_i/mlp_iris_axi_wrapper_0/inst/mlp_core_i/inst/call_ret3_dense_latency_ap_fixed_16_6_5_3_0_ap_fixed_16_6_5_3_0_config4_s_fu_91/mul_16s_8ns_24_1_1_U56/layer4_out_7_reg_384[15]_i_12[0]
    SLICE_X56Y45         LUT3 (Prop_D6LUT_SLICEM_I1_O)
                                                      0.122     7.675 r  mlp_iris_bd_i/mlp_iris_axi_wrapper_0/inst/mlp_core_i/inst/call_ret3_dense_latency_ap_fixed_16_6_5_3_0_ap_fixed_16_6_5_3_0_config4_s_fu_91/mul_16s_8ns_24_1_1_U56/layer4_out_7_reg_384[15]_i_24/O
                         net (fo=2, routed)           0.133     7.808    mlp_iris_bd_i/mlp_iris_axi_wrapper_0/inst/mlp_core_i/inst/call_ret3_dense_latency_ap_fixed_16_6_5_3_0_ap_fixed_16_6_5_3_0_config4_s_fu_91/mul_16s_8ns_24_1_1_U56/layer4_out_7_reg_384_reg[15]_i_19
    SLICE_X56Y45         LUT5 (Prop_G5LUT_SLICEM_I1_O)
                                                      0.112     7.920 r  mlp_iris_bd_i/mlp_iris_axi_wrapper_0/inst/mlp_core_i/inst/call_ret3_dense_latency_ap_fixed_16_6_5_3_0_ap_fixed_16_6_5_3_0_config4_s_fu_91/mul_16s_8ns_24_1_1_U56/layer4_out_7_reg_384[15]_i_7/O
                         net (fo=2, routed)           0.312     8.231    mlp_iris_bd_i/mlp_iris_axi_wrapper_0/inst/mlp_core_i/inst/call_ret3_dense_latency_ap_fixed_16_6_5_3_0_ap_fixed_16_6_5_3_0_config4_s_fu_91/mul_16s_8ns_24_1_1_U56_n_28
    SLICE_X56Y44         CARRY8 (Prop_CARRY8_SLICEM_DI[1]_O[3])
                                                      0.102     8.333 r  mlp_iris_bd_i/mlp_iris_axi_wrapper_0/inst/mlp_core_i/inst/call_ret3_dense_latency_ap_fixed_16_6_5_3_0_ap_fixed_16_6_5_3_0_config4_s_fu_91/layer4_out_7_reg_384_reg[15]_i_1/O[3]
                         net (fo=1, routed)           0.026     8.359    mlp_iris_bd_i/mlp_iris_axi_wrapper_0/inst/mlp_core_i/inst/call_ret3_dense_latency_ap_fixed_16_6_5_3_0_ap_fixed_16_6_5_3_0_config4_s_fu_91_ap_return_7[11]
    SLICE_X56Y44         FDRE                                         r  mlp_iris_bd_i/mlp_iris_axi_wrapper_0/inst/mlp_core_i/inst/layer4_out_7_reg_384_reg[11]/D
  -------------------------------------------------------------------    -------------------

                         (clock clk_pl_0 rise edge)
                                                     10.000    10.000 r  
    PS8_X0Y0             PS8                          0.000    10.000 r  mlp_iris_bd_i/zynq_ultra_ps_e_0/inst/PS8_i/PLCLK[0]
                         net (fo=1, routed)           0.143    10.143    mlp_iris_bd_i/zynq_ultra_ps_e_0/inst/pl_clk_unbuffered[0]
    BUFG_PS_X0Y80        BUFG_PS (Prop_BUFG_PS_I_O)
                                                      0.025    10.168 r  mlp_iris_bd_i/zynq_ultra_ps_e_0/inst/buffer_pl_clk_0.PL_CLK_0_BUFG/O
    X1Y2 (CLOCK_ROOT)    net (fo=1416, routed)        1.577    11.745    mlp_iris_bd_i/mlp_iris_axi_wrapper_0/inst/mlp_core_i/inst/ap_clk
    SLICE_X56Y44         FDRE                                         r  mlp_iris_bd_i/mlp_iris_axi_wrapper_0/inst/mlp_core_i/inst/layer4_out_7_reg_384_reg[11]/C
                         clock pessimism              0.119    11.864    
                         clock uncertainty           -0.130    11.734    
    SLICE_X56Y44         FDRE (Setup_DFF_SLICEM_C_D)
                                                      0.025    11.759    mlp_iris_bd_i/mlp_iris_axi_wrapper_0/inst/mlp_core_i/inst/layer4_out_7_reg_384_reg[11]
  -------------------------------------------------------------------
                         required time                         11.759    
                         arrival time                          -8.359    
  -------------------------------------------------------------------
                         slack                                  3.400    

Slack (MET) :             3.403ns  (required time - arrival time)
  Source:                 mlp_iris_bd_i/mlp_iris_axi_wrapper_0/inst/mlp_core_i/inst/layer2_out_reg_309_reg[4]/C
                            (rising edge-triggered cell FDRE clocked by clk_pl_0  {rise@0.000ns fall@5.000ns period=10.000ns})
  Destination:            mlp_iris_bd_i/mlp_iris_axi_wrapper_0/inst/mlp_core_i/inst/layer4_out_7_reg_384_reg[10]/D
                            (rising edge-triggered cell FDRE clocked by clk_pl_0  {rise@0.000ns fall@5.000ns period=10.000ns})
  Path Group:             clk_pl_0
  Path Type:              Setup (Max at Slow Process Corner)
  Requirement:            10.000ns  (clk_pl_0 rise@10.000ns - clk_pl_0 rise@0.000ns)
  Data Path Delay:        6.382ns  (logic 2.753ns (43.135%)  route 3.629ns (56.865%))
  Logic Levels:           16  (CARRY8=4 DSP_A_B_DATA=1 DSP_ALU=1 DSP_M_DATA=1 DSP_MULTIPLIER=1 DSP_OUTPUT=1 DSP_PREADD_DATA=1 LUT2=2 LUT3=2 LUT4=1 LUT5=1)
  Clock Path Skew:        -0.110ns (DCD - SCD + CPR)
    Destination Clock Delay (DCD):    1.745ns = ( 11.745 - 10.000 ) 
    Source Clock Delay      (SCD):    1.974ns
    Clock Pessimism Removal (CPR):    0.119ns
  Clock Uncertainty:      0.130ns  ((TSJ^2 + DJ^2)^1/2) / 2 + PE
    Total System Jitter     (TSJ):    0.071ns
    Discrete Jitter          (DJ):    0.250ns
    Phase Error              (PE):    0.000ns
  Clock Net Delay (Source):      1.766ns (routing 0.569ns, distribution 1.197ns)
  Clock Net Delay (Destination): 1.577ns (routing 0.512ns, distribution 1.065ns)

    Location             Delay type                Incr(ns)  Path(ns)    Netlist Resource(s)
  -------------------------------------------------------------------    -------------------
                         (clock clk_pl_0 rise edge)
                                                      0.000     0.000 r  
    PS8_X0Y0             PS8                          0.000     0.000 r  mlp_iris_bd_i/zynq_ultra_ps_e_0/inst/PS8_i/PLCLK[0]
                         net (fo=1, routed)           0.180     0.180    mlp_iris_bd_i/zynq_ultra_ps_e_0/inst/pl_clk_unbuffered[0]
    BUFG_PS_X0Y80        BUFG_PS (Prop_BUFG_PS_I_O)
                                                      0.028     0.208 r  mlp_iris_bd_i/zynq_ultra_ps_e_0/inst/buffer_pl_clk_0.PL_CLK_0_BUFG/O
    X1Y2 (CLOCK_ROOT)    net (fo=1416, routed)        1.766     1.974    mlp_iris_bd_i/mlp_iris_axi_wrapper_0/inst/mlp_core_i/inst/ap_clk
    SLICE_X56Y106        FDRE                                         r  mlp_iris_bd_i/mlp_iris_axi_wrapper_0/inst/mlp_core_i/inst/layer2_out_reg_309_reg[4]/C
  -------------------------------------------------------------------    -------------------
    SLICE_X56Y106        FDRE (Prop_EFF_SLICEM_C_Q)
                                                      0.076     2.050 f  mlp_iris_bd_i/mlp_iris_axi_wrapper_0/inst/mlp_core_i/inst/layer2_out_reg_309_reg[4]/Q
                         net (fo=6, routed)           0.176     2.226    mlp_iris_bd_i/mlp_iris_axi_wrapper_0/inst/mlp_core_i/inst/call_ret3_dense_latency_ap_fixed_16_6_5_3_0_ap_fixed_16_6_5_3_0_config4_s_fu_91/mul_16s_9ns_25_1_1_U63/Q[4]
    SLICE_X56Y104        LUT2 (Prop_C6LUT_SLICEM_I0_O)
                                                      0.123     2.349 r  mlp_iris_bd_i/mlp_iris_axi_wrapper_0/inst/mlp_core_i/inst/call_ret3_dense_latency_ap_fixed_16_6_5_3_0_ap_fixed_16_6_5_3_0_config4_s_fu_91/mul_16s_9ns_25_1_1_U63/tmp_product_i_30/O
                         net (fo=1, routed)           0.021     2.370    mlp_iris_bd_i/mlp_iris_axi_wrapper_0/inst/mlp_core_i/inst/call_ret3_dense_latency_ap_fixed_16_6_5_3_0_ap_fixed_16_6_5_3_0_config4_s_fu_91/mul_16s_9ns_25_1_1_U63/tmp_product_i_30_n_0
    SLICE_X56Y104        CARRY8 (Prop_CARRY8_SLICEM_S[2]_CO[7])
                                                      0.168     2.538 f  mlp_iris_bd_i/mlp_iris_axi_wrapper_0/inst/mlp_core_i/inst/call_ret3_dense_latency_ap_fixed_16_6_5_3_0_ap_fixed_16_6_5_3_0_config4_s_fu_91/mul_16s_9ns_25_1_1_U63/tmp_product_i_16/CO[7]
                         net (fo=45, routed)          0.424     2.961    mlp_iris_bd_i/mlp_iris_axi_wrapper_0/inst/mlp_core_i/inst/call_ret3_dense_latency_ap_fixed_16_6_5_3_0_ap_fixed_16_6_5_3_0_config4_s_fu_91/mul_16s_9ns_25_1_1_U63/CO[0]
    SLICE_X56Y77         LUT2 (Prop_C5LUT_SLICEM_I0_O)
                                                      0.068     3.029 f  mlp_iris_bd_i/mlp_iris_axi_wrapper_0/inst/mlp_core_i/inst/call_ret3_dense_latency_ap_fixed_16_6_5_3_0_ap_fixed_16_6_5_3_0_config4_s_fu_91/mul_16s_9ns_25_1_1_U63/tmp_product_i_5__3/O
                         net (fo=7, routed)           1.382     4.411    mlp_iris_bd_i/mlp_iris_axi_wrapper_0/inst/mlp_core_i/inst/call_ret3_dense_latency_ap_fixed_16_6_5_3_0_ap_fixed_16_6_5_3_0_config4_s_fu_91/mul_16s_11ns_26_1_1_U68/tmp_product/A[10]
    DSP48E2_X6Y15        DSP_A_B_DATA (Prop_DSP_A_B_DATA_DSP48E2_A[10]_A2_DATA[10])
                                                      0.192     4.603 r  mlp_iris_bd_i/mlp_iris_axi_wrapper_0/inst/mlp_core_i/inst/call_ret3_dense_latency_ap_fixed_16_6_5_3_0_ap_fixed_16_6_5_3_0_config4_s_fu_91/mul_16s_11ns_26_1_1_U68/tmp_product/DSP_A_B_DATA_INST/A2_DATA[10]
                         net (fo=1, routed)           0.000     4.603    mlp_iris_bd_i/mlp_iris_axi_wrapper_0/inst/mlp_core_i/inst/call_ret3_dense_latency_ap_fixed_16_6_5_3_0_ap_fixed_16_6_5_3_0_config4_s_fu_91/mul_16s_11ns_26_1_1_U68/tmp_product/DSP_A_B_DATA.A2_DATA<10>
    DSP48E2_X6Y15        DSP_PREADD_DATA (Prop_DSP_PREADD_DATA_DSP48E2_A2_DATA[10]_A2A1[10])
                                                      0.076     4.679 r  mlp_iris_bd_i/mlp_iris_axi_wrapper_0/inst/mlp_core_i/inst/call_ret3_dense_latency_ap_fixed_16_6_5_3_0_ap_fixed_16_6_5_3_0_config4_s_fu_91/mul_16s_11ns_26_1_1_U68/tmp_product/DSP_PREADD_DATA_INST/A2A1[10]
                         net (fo=1, routed)           0.000     4.679    mlp_iris_bd_i/mlp_iris_axi_wrapper_0/inst/mlp_core_i/inst/call_ret3_dense_latency_ap_fixed_16_6_5_3_0_ap_fixed_16_6_5_3_0_config4_s_fu_91/mul_16s_11ns_26_1_1_U68/tmp_product/DSP_PREADD_DATA.A2A1<10>
    DSP48E2_X6Y15        DSP_MULTIPLIER (Prop_DSP_MULTIPLIER_DSP48E2_A2A1[10]_U[13])
                                                      0.505     5.184 f  mlp_iris_bd_i/mlp_iris_axi_wrapper_0/inst/mlp_core_i/inst/call_ret3_dense_latency_ap_fixed_16_6_5_3_0_ap_fixed_16_6_5_3_0_config4_s_fu_91/mul_16s_11ns_26_1_1_U68/tmp_product/DSP_MULTIPLIER_INST/U[13]
                         net (fo=1, routed)           0.000     5.184    mlp_iris_bd_i/mlp_iris_axi_wrapper_0/inst/mlp_core_i/inst/call_ret3_dense_latency_ap_fixed_16_6_5_3_0_ap_fixed_16_6_5_3_0_config4_s_fu_91/mul_16s_11ns_26_1_1_U68/tmp_product/DSP_MULTIPLIER.U<13>
    DSP48E2_X6Y15        DSP_M_DATA (Prop_DSP_M_DATA_DSP48E2_U[13]_U_DATA[13])
                                                      0.047     5.231 r  mlp_iris_bd_i/mlp_iris_axi_wrapper_0/inst/mlp_core_i/inst/call_ret3_dense_latency_ap_fixed_16_6_5_3_0_ap_fixed_16_6_5_3_0_config4_s_fu_91/mul_16s_11ns_26_1_1_U68/tmp_product/DSP_M_DATA_INST/U_DATA[13]
                         net (fo=1, routed)           0.000     5.231    mlp_iris_bd_i/mlp_iris_axi_wrapper_0/inst/mlp_core_i/inst/call_ret3_dense_latency_ap_fixed_16_6_5_3_0_ap_fixed_16_6_5_3_0_config4_s_fu_91/mul_16s_11ns_26_1_1_U68/tmp_product/DSP_M_DATA.U_DATA<13>
    DSP48E2_X6Y15        DSP_ALU (Prop_DSP_ALU_DSP48E2_U_DATA[13]_ALU_OUT[13])
                                                      0.585     5.816 f  mlp_iris_bd_i/mlp_iris_axi_wrapper_0/inst/mlp_core_i/inst/call_ret3_dense_latency_ap_fixed_16_6_5_3_0_ap_fixed_16_6_5_3_0_config4_s_fu_91/mul_16s_11ns_26_1_1_U68/tmp_product/DSP_ALU_INST/ALU_OUT[13]
                         net (fo=1, routed)           0.000     5.816    mlp_iris_bd_i/mlp_iris_axi_wrapper_0/inst/mlp_core_i/inst/call_ret3_dense_latency_ap_fixed_16_6_5_3_0_ap_fixed_16_6_5_3_0_config4_s_fu_91/mul_16s_11ns_26_1_1_U68/tmp_product/DSP_ALU.ALU_OUT<13>
    DSP48E2_X6Y15        DSP_OUTPUT (Prop_DSP_OUTPUT_DSP48E2_ALU_OUT[13]_P[13])
                                                      0.109     5.925 r  mlp_iris_bd_i/mlp_iris_axi_wrapper_0/inst/mlp_core_i/inst/call_ret3_dense_latency_ap_fixed_16_6_5_3_0_ap_fixed_16_6_5_3_0_config4_s_fu_91/mul_16s_11ns_26_1_1_U68/tmp_product/DSP_OUTPUT_INST/P[13]
                         net (fo=2, routed)           0.520     6.445    mlp_iris_bd_i/mlp_iris_axi_wrapper_0/inst/mlp_core_i/inst/call_ret3_dense_latency_ap_fixed_16_6_5_3_0_ap_fixed_16_6_5_3_0_config4_s_fu_91/trunc_ln42_28_fu_14646_p4[3]
    SLICE_X57Y37         LUT3 (Prop_D5LUT_SLICEM_I0_O)
                                                      0.135     6.580 r  mlp_iris_bd_i/mlp_iris_axi_wrapper_0/inst/mlp_core_i/inst/call_ret3_dense_latency_ap_fixed_16_6_5_3_0_ap_fixed_16_6_5_3_0_config4_s_fu_91/layer4_out_7_reg_384[15]_i_81/O
                         net (fo=2, routed)           0.215     6.795    mlp_iris_bd_i/mlp_iris_axi_wrapper_0/inst/mlp_core_i/inst/call_ret3_dense_latency_ap_fixed_16_6_5_3_0_ap_fixed_16_6_5_3_0_config4_s_fu_91/layer4_out_7_reg_384[15]_i_81_n_0
    SLICE_X57Y37         LUT4 (Prop_E6LUT_SLICEM_I3_O)
                                                      0.124     6.919 r  mlp_iris_bd_i/mlp_iris_axi_wrapper_0/inst/mlp_core_i/inst/call_ret3_dense_latency_ap_fixed_16_6_5_3_0_ap_fixed_16_6_5_3_0_config4_s_fu_91/layer4_out_7_reg_384[15]_i_88/O
                         net (fo=1, routed)           0.014     6.933    mlp_iris_bd_i/mlp_iris_axi_wrapper_0/inst/mlp_core_i/inst/call_ret3_dense_latency_ap_fixed_16_6_5_3_0_ap_fixed_16_6_5_3_0_config4_s_fu_91/layer4_out_7_reg_384[15]_i_88_n_0
    SLICE_X57Y37         CARRY8 (Prop_CARRY8_SLICEM_S[4]_CO[7])
                                                      0.156     7.089 r  mlp_iris_bd_i/mlp_iris_axi_wrapper_0/inst/mlp_core_i/inst/call_ret3_dense_latency_ap_fixed_16_6_5_3_0_ap_fixed_16_6_5_3_0_config4_s_fu_91/layer4_out_7_reg_384_reg[15]_i_26/CO[7]
                         net (fo=1, routed)           0.026     7.115    mlp_iris_bd_i/mlp_iris_axi_wrapper_0/inst/mlp_core_i/inst/call_ret3_dense_latency_ap_fixed_16_6_5_3_0_ap_fixed_16_6_5_3_0_config4_s_fu_91/layer4_out_7_reg_384_reg[15]_i_26_n_0
    SLICE_X57Y38         CARRY8 (Prop_CARRY8_SLICEM_CI_O[0])
                                                      0.056     7.171 r  mlp_iris_bd_i/mlp_iris_axi_wrapper_0/inst/mlp_core_i/inst/call_ret3_dense_latency_ap_fixed_16_6_5_3_0_ap_fixed_16_6_5_3_0_config4_s_fu_91/layer4_out_7_reg_384_reg[15]_i_18/O[0]
                         net (fo=3, routed)           0.381     7.553    mlp_iris_bd_i/mlp_iris_axi_wrapper_0/inst/mlp_core_i/inst/call_ret3_dense_latency_ap_fixed_16_6_5_3_0_ap_fixed_16_6_5_3_0_config4_s_fu_91/mul_16s_8ns_24_1_1_U56/layer4_out_7_reg_384[15]_i_12[0]
    SLICE_X56Y45         LUT3 (Prop_D6LUT_SLICEM_I1_O)
                                                      0.122     7.675 r  mlp_iris_bd_i/mlp_iris_axi_wrapper_0/inst/mlp_core_i/inst/call_ret3_dense_latency_ap_fixed_16_6_5_3_0_ap_fixed_16_6_5_3_0_config4_s_fu_91/mul_16s_8ns_24_1_1_U56/layer4_out_7_reg_384[15]_i_24/O
                         net (fo=2, routed)           0.133     7.808    mlp_iris_bd_i/mlp_iris_axi_wrapper_0/inst/mlp_core_i/inst/call_ret3_dense_latency_ap_fixed_16_6_5_3_0_ap_fixed_16_6_5_3_0_config4_s_fu_91/mul_16s_8ns_24_1_1_U56/layer4_out_7_reg_384_reg[15]_i_19
    SLICE_X56Y45         LUT5 (Prop_G5LUT_SLICEM_I1_O)
                                                      0.112     7.920 r  mlp_iris_bd_i/mlp_iris_axi_wrapper_0/inst/mlp_core_i/inst/call_ret3_dense_latency_ap_fixed_16_6_5_3_0_ap_fixed_16_6_5_3_0_config4_s_fu_91/mul_16s_8ns_24_1_1_U56/layer4_out_7_reg_384[15]_i_7/O
                         net (fo=2, routed)           0.312     8.231    mlp_iris_bd_i/mlp_iris_axi_wrapper_0/inst/mlp_core_i/inst/call_ret3_dense_latency_ap_fixed_16_6_5_3_0_ap_fixed_16_6_5_3_0_config4_s_fu_91/mul_16s_8ns_24_1_1_U56_n_28
    SLICE_X56Y44         CARRY8 (Prop_CARRY8_SLICEM_DI[1]_O[2])
                                                      0.099     8.330 r  mlp_iris_bd_i/mlp_iris_axi_wrapper_0/inst/mlp_core_i/inst/call_ret3_dense_latency_ap_fixed_16_6_5_3_0_ap_fixed_16_6_5_3_0_config4_s_fu_91/layer4_out_7_reg_384_reg[15]_i_1/O[2]
                         net (fo=1, routed)           0.026     8.356    mlp_iris_bd_i/mlp_iris_axi_wrapper_0/inst/mlp_core_i/inst/call_ret3_dense_latency_ap_fixed_16_6_5_3_0_ap_fixed_16_6_5_3_0_config4_s_fu_91_ap_return_7[10]
    SLICE_X56Y44         FDRE                                         r  mlp_iris_bd_i/mlp_iris_axi_wrapper_0/inst/mlp_core_i/inst/layer4_out_7_reg_384_reg[10]/D
  -------------------------------------------------------------------    -------------------

                         (clock clk_pl_0 rise edge)
                                                     10.000    10.000 r  
    PS8_X0Y0             PS8                          0.000    10.000 r  mlp_iris_bd_i/zynq_ultra_ps_e_0/inst/PS8_i/PLCLK[0]
                         net (fo=1, routed)           0.143    10.143    mlp_iris_bd_i/zynq_ultra_ps_e_0/inst/pl_clk_unbuffered[0]
    BUFG_PS_X0Y80        BUFG_PS (Prop_BUFG_PS_I_O)
                                                      0.025    10.168 r  mlp_iris_bd_i/zynq_ultra_ps_e_0/inst/buffer_pl_clk_0.PL_CLK_0_BUFG/O
    X1Y2 (CLOCK_ROOT)    net (fo=1416, routed)        1.577    11.745    mlp_iris_bd_i/mlp_iris_axi_wrapper_0/inst/mlp_core_i/inst/ap_clk
    SLICE_X56Y44         FDRE                                         r  mlp_iris_bd_i/mlp_iris_axi_wrapper_0/inst/mlp_core_i/inst/layer4_out_7_reg_384_reg[10]/C
                         clock pessimism              0.119    11.864    
                         clock uncertainty           -0.130    11.734    
    SLICE_X56Y44         FDRE (Setup_CFF_SLICEM_C_D)
                                                      0.025    11.759    mlp_iris_bd_i/mlp_iris_axi_wrapper_0/inst/mlp_core_i/inst/layer4_out_7_reg_384_reg[10]
  -------------------------------------------------------------------
                         required time                         11.759    
                         arrival time                          -8.356    
  -------------------------------------------------------------------
                         slack                                  3.403    

Slack (MET) :             3.426ns  (required time - arrival time)
  Source:                 mlp_iris_bd_i/mlp_iris_axi_wrapper_0/inst/mlp_core_i/inst/layer2_out_reg_309_reg[4]/C
                            (rising edge-triggered cell FDRE clocked by clk_pl_0  {rise@0.000ns fall@5.000ns period=10.000ns})
  Destination:            mlp_iris_bd_i/mlp_iris_axi_wrapper_0/inst/mlp_core_i/inst/layer4_out_1_reg_354_reg[11]/D
                            (rising edge-triggered cell FDRE clocked by clk_pl_0  {rise@0.000ns fall@5.000ns period=10.000ns})
  Path Group:             clk_pl_0
  Path Type:              Setup (Max at Slow Process Corner)
  Requirement:            10.000ns  (clk_pl_0 rise@10.000ns - clk_pl_0 rise@0.000ns)
  Data Path Delay:        6.368ns  (logic 2.795ns (43.889%)  route 3.573ns (56.111%))
  Logic Levels:           16  (CARRY8=4 DSP_A_B_DATA=1 DSP_ALU=1 DSP_M_DATA=1 DSP_MULTIPLIER=1 DSP_OUTPUT=1 DSP_PREADD_DATA=1 LUT2=2 LUT3=2 LUT5=1 LUT6=1)
  Clock Path Skew:        -0.101ns (DCD - SCD + CPR)
    Destination Clock Delay (DCD):    1.754ns = ( 11.754 - 10.000 ) 
    Source Clock Delay      (SCD):    1.974ns
    Clock Pessimism Removal (CPR):    0.119ns
  Clock Uncertainty:      0.130ns  ((TSJ^2 + DJ^2)^1/2) / 2 + PE
    Total System Jitter     (TSJ):    0.071ns
    Discrete Jitter          (DJ):    0.250ns
    Phase Error              (PE):    0.000ns
  Clock Net Delay (Source):      1.766ns (routing 0.569ns, distribution 1.197ns)
  Clock Net Delay (Destination): 1.586ns (routing 0.512ns, distribution 1.074ns)

    Location             Delay type                Incr(ns)  Path(ns)    Netlist Resource(s)
  -------------------------------------------------------------------    -------------------
                         (clock clk_pl_0 rise edge)
                                                      0.000     0.000 r  
    PS8_X0Y0             PS8                          0.000     0.000 r  mlp_iris_bd_i/zynq_ultra_ps_e_0/inst/PS8_i/PLCLK[0]
                         net (fo=1, routed)           0.180     0.180    mlp_iris_bd_i/zynq_ultra_ps_e_0/inst/pl_clk_unbuffered[0]
    BUFG_PS_X0Y80        BUFG_PS (Prop_BUFG_PS_I_O)
                                                      0.028     0.208 r  mlp_iris_bd_i/zynq_ultra_ps_e_0/inst/buffer_pl_clk_0.PL_CLK_0_BUFG/O
    X1Y2 (CLOCK_ROOT)    net (fo=1416, routed)        1.766     1.974    mlp_iris_bd_i/mlp_iris_axi_wrapper_0/inst/mlp_core_i/inst/ap_clk
    SLICE_X56Y106        FDRE                                         r  mlp_iris_bd_i/mlp_iris_axi_wrapper_0/inst/mlp_core_i/inst/layer2_out_reg_309_reg[4]/C
  -------------------------------------------------------------------    -------------------
    SLICE_X56Y106        FDRE (Prop_EFF_SLICEM_C_Q)
                                                      0.076     2.050 f  mlp_iris_bd_i/mlp_iris_axi_wrapper_0/inst/mlp_core_i/inst/layer2_out_reg_309_reg[4]/Q
                         net (fo=6, routed)           0.176     2.226    mlp_iris_bd_i/mlp_iris_axi_wrapper_0/inst/mlp_core_i/inst/call_ret3_dense_latency_ap_fixed_16_6_5_3_0_ap_fixed_16_6_5_3_0_config4_s_fu_91/mul_16s_9ns_25_1_1_U63/Q[4]
    SLICE_X56Y104        LUT2 (Prop_C6LUT_SLICEM_I0_O)
                                                      0.123     2.349 r  mlp_iris_bd_i/mlp_iris_axi_wrapper_0/inst/mlp_core_i/inst/call_ret3_dense_latency_ap_fixed_16_6_5_3_0_ap_fixed_16_6_5_3_0_config4_s_fu_91/mul_16s_9ns_25_1_1_U63/tmp_product_i_30/O
                         net (fo=1, routed)           0.021     2.370    mlp_iris_bd_i/mlp_iris_axi_wrapper_0/inst/mlp_core_i/inst/call_ret3_dense_latency_ap_fixed_16_6_5_3_0_ap_fixed_16_6_5_3_0_config4_s_fu_91/mul_16s_9ns_25_1_1_U63/tmp_product_i_30_n_0
    SLICE_X56Y104        CARRY8 (Prop_CARRY8_SLICEM_S[2]_CO[7])
                                                      0.168     2.538 f  mlp_iris_bd_i/mlp_iris_axi_wrapper_0/inst/mlp_core_i/inst/call_ret3_dense_latency_ap_fixed_16_6_5_3_0_ap_fixed_16_6_5_3_0_config4_s_fu_91/mul_16s_9ns_25_1_1_U63/tmp_product_i_16/CO[7]
                         net (fo=45, routed)          0.436     2.974    mlp_iris_bd_i/mlp_iris_axi_wrapper_0/inst/mlp_core_i/inst/call_ret3_dense_latency_ap_fixed_16_6_5_3_0_ap_fixed_16_6_5_3_0_config4_s_fu_91/mul_16s_9ns_25_1_1_U63/CO[0]
    SLICE_X56Y77         LUT2 (Prop_H6LUT_SLICEM_I0_O)
                                                      0.101     3.075 f  mlp_iris_bd_i/mlp_iris_axi_wrapper_0/inst/mlp_core_i/inst/call_ret3_dense_latency_ap_fixed_16_6_5_3_0_ap_fixed_16_6_5_3_0_config4_s_fu_91/mul_16s_9ns_25_1_1_U63/tmp_product_i_12__3/O
                         net (fo=7, routed)           1.332     4.407    mlp_iris_bd_i/mlp_iris_axi_wrapper_0/inst/mlp_core_i/inst/call_ret3_dense_latency_ap_fixed_16_6_5_3_0_ap_fixed_16_6_5_3_0_config4_s_fu_91/mul_16s_11ns_26_1_1_U80/tmp_product/A[3]
    DSP48E2_X6Y14        DSP_A_B_DATA (Prop_DSP_A_B_DATA_DSP48E2_A[3]_A2_DATA[3])
                                                      0.192     4.599 r  mlp_iris_bd_i/mlp_iris_axi_wrapper_0/inst/mlp_core_i/inst/call_ret3_dense_latency_ap_fixed_16_6_5_3_0_ap_fixed_16_6_5_3_0_config4_s_fu_91/mul_16s_11ns_26_1_1_U80/tmp_product/DSP_A_B_DATA_INST/A2_DATA[3]
                         net (fo=1, routed)           0.000     4.599    mlp_iris_bd_i/mlp_iris_axi_wrapper_0/inst/mlp_core_i/inst/call_ret3_dense_latency_ap_fixed_16_6_5_3_0_ap_fixed_16_6_5_3_0_config4_s_fu_91/mul_16s_11ns_26_1_1_U80/tmp_product/DSP_A_B_DATA.A2_DATA<3>
    DSP48E2_X6Y14        DSP_PREADD_DATA (Prop_DSP_PREADD_DATA_DSP48E2_A2_DATA[3]_A2A1[3])
                                                      0.076     4.675 r  mlp_iris_bd_i/mlp_iris_axi_wrapper_0/inst/mlp_core_i/inst/call_ret3_dense_latency_ap_fixed_16_6_5_3_0_ap_fixed_16_6_5_3_0_config4_s_fu_91/mul_16s_11ns_26_1_1_U80/tmp_product/DSP_PREADD_DATA_INST/A2A1[3]
                         net (fo=1, routed)           0.000     4.675    mlp_iris_bd_i/mlp_iris_axi_wrapper_0/inst/mlp_core_i/inst/call_ret3_dense_latency_ap_fixed_16_6_5_3_0_ap_fixed_16_6_5_3_0_config4_s_fu_91/mul_16s_11ns_26_1_1_U80/tmp_product/DSP_PREADD_DATA.A2A1<3>
    DSP48E2_X6Y14        DSP_MULTIPLIER (Prop_DSP_MULTIPLIER_DSP48E2_A2A1[3]_U[10])
                                                      0.505     5.180 f  mlp_iris_bd_i/mlp_iris_axi_wrapper_0/inst/mlp_core_i/inst/call_ret3_dense_latency_ap_fixed_16_6_5_3_0_ap_fixed_16_6_5_3_0_config4_s_fu_91/mul_16s_11ns_26_1_1_U80/tmp_product/DSP_MULTIPLIER_INST/U[10]
                         net (fo=1, routed)           0.000     5.180    mlp_iris_bd_i/mlp_iris_axi_wrapper_0/inst/mlp_core_i/inst/call_ret3_dense_latency_ap_fixed_16_6_5_3_0_ap_fixed_16_6_5_3_0_config4_s_fu_91/mul_16s_11ns_26_1_1_U80/tmp_product/DSP_MULTIPLIER.U<10>
    DSP48E2_X6Y14        DSP_M_DATA (Prop_DSP_M_DATA_DSP48E2_U[10]_U_DATA[10])
                                                      0.047     5.227 r  mlp_iris_bd_i/mlp_iris_axi_wrapper_0/inst/mlp_core_i/inst/call_ret3_dense_latency_ap_fixed_16_6_5_3_0_ap_fixed_16_6_5_3_0_config4_s_fu_91/mul_16s_11ns_26_1_1_U80/tmp_product/DSP_M_DATA_INST/U_DATA[10]
                         net (fo=1, routed)           0.000     5.227    mlp_iris_bd_i/mlp_iris_axi_wrapper_0/inst/mlp_core_i/inst/call_ret3_dense_latency_ap_fixed_16_6_5_3_0_ap_fixed_16_6_5_3_0_config4_s_fu_91/mul_16s_11ns_26_1_1_U80/tmp_product/DSP_M_DATA.U_DATA<10>
    DSP48E2_X6Y14        DSP_ALU (Prop_DSP_ALU_DSP48E2_U_DATA[10]_ALU_OUT[10])
                                                      0.585     5.812 f  mlp_iris_bd_i/mlp_iris_axi_wrapper_0/inst/mlp_core_i/inst/call_ret3_dense_latency_ap_fixed_16_6_5_3_0_ap_fixed_16_6_5_3_0_config4_s_fu_91/mul_16s_11ns_26_1_1_U80/tmp_product/DSP_ALU_INST/ALU_OUT[10]
                         net (fo=1, routed)           0.000     5.812    mlp_iris_bd_i/mlp_iris_axi_wrapper_0/inst/mlp_core_i/inst/call_ret3_dense_latency_ap_fixed_16_6_5_3_0_ap_fixed_16_6_5_3_0_config4_s_fu_91/mul_16s_11ns_26_1_1_U80/tmp_product/DSP_ALU.ALU_OUT<10>
    DSP48E2_X6Y14        DSP_OUTPUT (Prop_DSP_OUTPUT_DSP48E2_ALU_OUT[10]_P[10])
                                                      0.109     5.921 r  mlp_iris_bd_i/mlp_iris_axi_wrapper_0/inst/mlp_core_i/inst/call_ret3_dense_latency_ap_fixed_16_6_5_3_0_ap_fixed_16_6_5_3_0_config4_s_fu_91/mul_16s_11ns_26_1_1_U80/tmp_product/DSP_OUTPUT_INST/P[10]
                         net (fo=3, routed)           0.563     6.483    mlp_iris_bd_i/mlp_iris_axi_wrapper_0/inst/mlp_core_i/inst/call_ret3_dense_latency_ap_fixed_16_6_5_3_0_ap_fixed_16_6_5_3_0_config4_s_fu_91/mul_16s_9s_25_1_1_U96/layer4_out_1_reg_354_reg[15]_i_18[0]
    SLICE_X58Y36         LUT3 (Prop_B6LUT_SLICEL_I1_O)
                                                      0.124     6.607 r  mlp_iris_bd_i/mlp_iris_axi_wrapper_0/inst/mlp_core_i/inst/call_ret3_dense_latency_ap_fixed_16_6_5_3_0_ap_fixed_16_6_5_3_0_config4_s_fu_91/mul_16s_9s_25_1_1_U96/layer4_out_1_reg_354[15]_i_78/O
                         net (fo=1, routed)           0.160     6.767    mlp_iris_bd_i/mlp_iris_axi_wrapper_0/inst/mlp_core_i/inst/call_ret3_dense_latency_ap_fixed_16_6_5_3_0_ap_fixed_16_6_5_3_0_config4_s_fu_91/mul_16s_9s_25_1_1_U96_n_21
    SLICE_X59Y36         CARRY8 (Prop_CARRY8_SLICEL_DI[1]_CO[7])
                                                      0.117     6.884 r  mlp_iris_bd_i/mlp_iris_axi_wrapper_0/inst/mlp_core_i/inst/call_ret3_dense_latency_ap_fixed_16_6_5_3_0_ap_fixed_16_6_5_3_0_config4_s_fu_91/layer4_out_1_reg_354_reg[15]_i_30/CO[7]
                         net (fo=1, routed)           0.026     6.910    mlp_iris_bd_i/mlp_iris_axi_wrapper_0/inst/mlp_core_i/inst/call_ret3_dense_latency_ap_fixed_16_6_5_3_0_ap_fixed_16_6_5_3_0_config4_s_fu_91/layer4_out_1_reg_354_reg[15]_i_30_n_0
    SLICE_X59Y37         CARRY8 (Prop_CARRY8_SLICEL_CI_O[0])
                                                      0.056     6.966 r  mlp_iris_bd_i/mlp_iris_axi_wrapper_0/inst/mlp_core_i/inst/call_ret3_dense_latency_ap_fixed_16_6_5_3_0_ap_fixed_16_6_5_3_0_config4_s_fu_91/layer4_out_1_reg_354_reg[15]_i_18/O[0]
                         net (fo=5, routed)           0.454     7.420    mlp_iris_bd_i/mlp_iris_axi_wrapper_0/inst/mlp_core_i/inst/call_ret3_dense_latency_ap_fixed_16_6_5_3_0_ap_fixed_16_6_5_3_0_config4_s_fu_91/mul_16s_9s_25_1_1_U96/O[0]
    SLICE_X61Y52         LUT3 (Prop_G5LUT_SLICEM_I0_O)
                                                      0.137     7.557 r  mlp_iris_bd_i/mlp_iris_axi_wrapper_0/inst/mlp_core_i/inst/call_ret3_dense_latency_ap_fixed_16_6_5_3_0_ap_fixed_16_6_5_3_0_config4_s_fu_91/mul_16s_9s_25_1_1_U96/layer4_out_1_reg_354[15]_i_102/O
                         net (fo=1, routed)           0.239     7.796    mlp_iris_bd_i/mlp_iris_axi_wrapper_0/inst/mlp_core_i/inst/call_ret3_dense_latency_ap_fixed_16_6_5_3_0_ap_fixed_16_6_5_3_0_config4_s_fu_91/mul_16s_8ns_24_1_1_U59/layer4_out_1_reg_354[15]_i_15
    SLICE_X61Y52         LUT5 (Prop_H5LUT_SLICEM_I4_O)
                                                      0.161     7.957 r  mlp_iris_bd_i/mlp_iris_axi_wrapper_0/inst/mlp_core_i/inst/call_ret3_dense_latency_ap_fixed_16_6_5_3_0_ap_fixed_16_6_5_3_0_config4_s_fu_91/mul_16s_8ns_24_1_1_U59/layer4_out_1_reg_354[15]_i_39/O
                         net (fo=1, routed)           0.132     8.089    mlp_iris_bd_i/mlp_iris_axi_wrapper_0/inst/mlp_core_i/inst/call_ret3_dense_latency_ap_fixed_16_6_5_3_0_ap_fixed_16_6_5_3_0_config4_s_fu_91/mul_16s_8ns_24_1_1_U59_n_35
    SLICE_X59Y52         LUT6 (Prop_B6LUT_SLICEL_I1_O)
                                                      0.098     8.187 r  mlp_iris_bd_i/mlp_iris_axi_wrapper_0/inst/mlp_core_i/inst/call_ret3_dense_latency_ap_fixed_16_6_5_3_0_ap_fixed_16_6_5_3_0_config4_s_fu_91/layer4_out_1_reg_354[15]_i_15/O
                         net (fo=1, routed)           0.009     8.196    mlp_iris_bd_i/mlp_iris_axi_wrapper_0/inst/mlp_core_i/inst/call_ret3_dense_latency_ap_fixed_16_6_5_3_0_ap_fixed_16_6_5_3_0_config4_s_fu_91/layer4_out_1_reg_354[15]_i_15_n_0
    SLICE_X59Y52         CARRY8 (Prop_CARRY8_SLICEL_S[1]_O[3])
                                                      0.120     8.316 r  mlp_iris_bd_i/mlp_iris_axi_wrapper_0/inst/mlp_core_i/inst/call_ret3_dense_latency_ap_fixed_16_6_5_3_0_ap_fixed_16_6_5_3_0_config4_s_fu_91/layer4_out_1_reg_354_reg[15]_i_1/O[3]
                         net (fo=1, routed)           0.026     8.342    mlp_iris_bd_i/mlp_iris_axi_wrapper_0/inst/mlp_core_i/inst/call_ret3_dense_latency_ap_fixed_16_6_5_3_0_ap_fixed_16_6_5_3_0_config4_s_fu_91_ap_return_1[11]
    SLICE_X59Y52         FDRE                                         r  mlp_iris_bd_i/mlp_iris_axi_wrapper_0/inst/mlp_core_i/inst/layer4_out_1_reg_354_reg[11]/D
  -------------------------------------------------------------------    -------------------

                         (clock clk_pl_0 rise edge)
                                                     10.000    10.000 r  
    PS8_X0Y0             PS8                          0.000    10.000 r  mlp_iris_bd_i/zynq_ultra_ps_e_0/inst/PS8_i/PLCLK[0]
                         net (fo=1, routed)           0.143    10.143    mlp_iris_bd_i/zynq_ultra_ps_e_0/inst/pl_clk_unbuffered[0]
    BUFG_PS_X0Y80        BUFG_PS (Prop_BUFG_PS_I_O)
                                                      0.025    10.168 r  mlp_iris_bd_i/zynq_ultra_ps_e_0/inst/buffer_pl_clk_0.PL_CLK_0_BUFG/O
    X1Y2 (CLOCK_ROOT)    net (fo=1416, routed)        1.586    11.754    mlp_iris_bd_i/mlp_iris_axi_wrapper_0/inst/mlp_core_i/inst/ap_clk
    SLICE_X59Y52         FDRE                                         r  mlp_iris_bd_i/mlp_iris_axi_wrapper_0/inst/mlp_core_i/inst/layer4_out_1_reg_354_reg[11]/C
                         clock pessimism              0.119    11.873    
                         clock uncertainty           -0.130    11.743    
    SLICE_X59Y52         FDRE (Setup_DFF_SLICEL_C_D)
                                                      0.025    11.768    mlp_iris_bd_i/mlp_iris_axi_wrapper_0/inst/mlp_core_i/inst/layer4_out_1_reg_354_reg[11]
  -------------------------------------------------------------------
                         required time                         11.768    
                         arrival time                          -8.342    
  -------------------------------------------------------------------
                         slack                                  3.426    

Slack (MET) :             3.432ns  (required time - arrival time)
  Source:                 mlp_iris_bd_i/mlp_iris_axi_wrapper_0/inst/mlp_core_i/inst/layer2_out_reg_309_reg[4]/C
                            (rising edge-triggered cell FDRE clocked by clk_pl_0  {rise@0.000ns fall@5.000ns period=10.000ns})
  Destination:            mlp_iris_bd_i/mlp_iris_axi_wrapper_0/inst/mlp_core_i/inst/layer4_out_1_reg_354_reg[10]/D
                            (rising edge-triggered cell FDRE clocked by clk_pl_0  {rise@0.000ns fall@5.000ns period=10.000ns})
  Path Group:             clk_pl_0
  Path Type:              Setup (Max at Slow Process Corner)
  Requirement:            10.000ns  (clk_pl_0 rise@10.000ns - clk_pl_0 rise@0.000ns)
  Data Path Delay:        6.362ns  (logic 2.789ns (43.836%)  route 3.573ns (56.164%))
  Logic Levels:           16  (CARRY8=4 DSP_A_B_DATA=1 DSP_ALU=1 DSP_M_DATA=1 DSP_MULTIPLIER=1 DSP_OUTPUT=1 DSP_PREADD_DATA=1 LUT2=2 LUT3=2 LUT5=1 LUT6=1)
  Clock Path Skew:        -0.101ns (DCD - SCD + CPR)
    Destination Clock Delay (DCD):    1.754ns = ( 11.754 - 10.000 ) 
    Source Clock Delay      (SCD):    1.974ns
    Clock Pessimism Removal (CPR):    0.119ns
  Clock Uncertainty:      0.130ns  ((TSJ^2 + DJ^2)^1/2) / 2 + PE
    Total System Jitter     (TSJ):    0.071ns
    Discrete Jitter          (DJ):    0.250ns
    Phase Error              (PE):    0.000ns
  Clock Net Delay (Source):      1.766ns (routing 0.569ns, distribution 1.197ns)
  Clock Net Delay (Destination): 1.586ns (routing 0.512ns, distribution 1.074ns)

    Location             Delay type                Incr(ns)  Path(ns)    Netlist Resource(s)
  -------------------------------------------------------------------    -------------------
                         (clock clk_pl_0 rise edge)
                                                      0.000     0.000 r  
    PS8_X0Y0             PS8                          0.000     0.000 r  mlp_iris_bd_i/zynq_ultra_ps_e_0/inst/PS8_i/PLCLK[0]
                         net (fo=1, routed)           0.180     0.180    mlp_iris_bd_i/zynq_ultra_ps_e_0/inst/pl_clk_unbuffered[0]
    BUFG_PS_X0Y80        BUFG_PS (Prop_BUFG_PS_I_O)
                                                      0.028     0.208 r  mlp_iris_bd_i/zynq_ultra_ps_e_0/inst/buffer_pl_clk_0.PL_CLK_0_BUFG/O
    X1Y2 (CLOCK_ROOT)    net (fo=1416, routed)        1.766     1.974    mlp_iris_bd_i/mlp_iris_axi_wrapper_0/inst/mlp_core_i/inst/ap_clk
    SLICE_X56Y106        FDRE                                         r  mlp_iris_bd_i/mlp_iris_axi_wrapper_0/inst/mlp_core_i/inst/layer2_out_reg_309_reg[4]/C
  -------------------------------------------------------------------    -------------------
    SLICE_X56Y106        FDRE (Prop_EFF_SLICEM_C_Q)
                                                      0.076     2.050 f  mlp_iris_bd_i/mlp_iris_axi_wrapper_0/inst/mlp_core_i/inst/layer2_out_reg_309_reg[4]/Q
                         net (fo=6, routed)           0.176     2.226    mlp_iris_bd_i/mlp_iris_axi_wrapper_0/inst/mlp_core_i/inst/call_ret3_dense_latency_ap_fixed_16_6_5_3_0_ap_fixed_16_6_5_3_0_config4_s_fu_91/mul_16s_9ns_25_1_1_U63/Q[4]
    SLICE_X56Y104        LUT2 (Prop_C6LUT_SLICEM_I0_O)
                                                      0.123     2.349 r  mlp_iris_bd_i/mlp_iris_axi_wrapper_0/inst/mlp_core_i/inst/call_ret3_dense_latency_ap_fixed_16_6_5_3_0_ap_fixed_16_6_5_3_0_config4_s_fu_91/mul_16s_9ns_25_1_1_U63/tmp_product_i_30/O
                         net (fo=1, routed)           0.021     2.370    mlp_iris_bd_i/mlp_iris_axi_wrapper_0/inst/mlp_core_i/inst/call_ret3_dense_latency_ap_fixed_16_6_5_3_0_ap_fixed_16_6_5_3_0_config4_s_fu_91/mul_16s_9ns_25_1_1_U63/tmp_product_i_30_n_0
    SLICE_X56Y104        CARRY8 (Prop_CARRY8_SLICEM_S[2]_CO[7])
                                                      0.168     2.538 f  mlp_iris_bd_i/mlp_iris_axi_wrapper_0/inst/mlp_core_i/inst/call_ret3_dense_latency_ap_fixed_16_6_5_3_0_ap_fixed_16_6_5_3_0_config4_s_fu_91/mul_16s_9ns_25_1_1_U63/tmp_product_i_16/CO[7]
                         net (fo=45, routed)          0.436     2.974    mlp_iris_bd_i/mlp_iris_axi_wrapper_0/inst/mlp_core_i/inst/call_ret3_dense_latency_ap_fixed_16_6_5_3_0_ap_fixed_16_6_5_3_0_config4_s_fu_91/mul_16s_9ns_25_1_1_U63/CO[0]
    SLICE_X56Y77         LUT2 (Prop_H6LUT_SLICEM_I0_O)
                                                      0.101     3.075 f  mlp_iris_bd_i/mlp_iris_axi_wrapper_0/inst/mlp_core_i/inst/call_ret3_dense_latency_ap_fixed_16_6_5_3_0_ap_fixed_16_6_5_3_0_config4_s_fu_91/mul_16s_9ns_25_1_1_U63/tmp_product_i_12__3/O
                         net (fo=7, routed)           1.332     4.407    mlp_iris_bd_i/mlp_iris_axi_wrapper_0/inst/mlp_core_i/inst/call_ret3_dense_latency_ap_fixed_16_6_5_3_0_ap_fixed_16_6_5_3_0_config4_s_fu_91/mul_16s_11ns_26_1_1_U80/tmp_product/A[3]
    DSP48E2_X6Y14        DSP_A_B_DATA (Prop_DSP_A_B_DATA_DSP48E2_A[3]_A2_DATA[3])
                                                      0.192     4.599 r  mlp_iris_bd_i/mlp_iris_axi_wrapper_0/inst/mlp_core_i/inst/call_ret3_dense_latency_ap_fixed_16_6_5_3_0_ap_fixed_16_6_5_3_0_config4_s_fu_91/mul_16s_11ns_26_1_1_U80/tmp_product/DSP_A_B_DATA_INST/A2_DATA[3]
                         net (fo=1, routed)           0.000     4.599    mlp_iris_bd_i/mlp_iris_axi_wrapper_0/inst/mlp_core_i/inst/call_ret3_dense_latency_ap_fixed_16_6_5_3_0_ap_fixed_16_6_5_3_0_config4_s_fu_91/mul_16s_11ns_26_1_1_U80/tmp_product/DSP_A_B_DATA.A2_DATA<3>
    DSP48E2_X6Y14        DSP_PREADD_DATA (Prop_DSP_PREADD_DATA_DSP48E2_A2_DATA[3]_A2A1[3])
                                                      0.076     4.675 r  mlp_iris_bd_i/mlp_iris_axi_wrapper_0/inst/mlp_core_i/inst/call_ret3_dense_latency_ap_fixed_16_6_5_3_0_ap_fixed_16_6_5_3_0_config4_s_fu_91/mul_16s_11ns_26_1_1_U80/tmp_product/DSP_PREADD_DATA_INST/A2A1[3]
                         net (fo=1, routed)           0.000     4.675    mlp_iris_bd_i/mlp_iris_axi_wrapper_0/inst/mlp_core_i/inst/call_ret3_dense_latency_ap_fixed_16_6_5_3_0_ap_fixed_16_6_5_3_0_config4_s_fu_91/mul_16s_11ns_26_1_1_U80/tmp_product/DSP_PREADD_DATA.A2A1<3>
    DSP48E2_X6Y14        DSP_MULTIPLIER (Prop_DSP_MULTIPLIER_DSP48E2_A2A1[3]_U[10])
                                                      0.505     5.180 f  mlp_iris_bd_i/mlp_iris_axi_wrapper_0/inst/mlp_core_i/inst/call_ret3_dense_latency_ap_fixed_16_6_5_3_0_ap_fixed_16_6_5_3_0_config4_s_fu_91/mul_16s_11ns_26_1_1_U80/tmp_product/DSP_MULTIPLIER_INST/U[10]
                         net (fo=1, routed)           0.000     5.180    mlp_iris_bd_i/mlp_iris_axi_wrapper_0/inst/mlp_core_i/inst/call_ret3_dense_latency_ap_fixed_16_6_5_3_0_ap_fixed_16_6_5_3_0_config4_s_fu_91/mul_16s_11ns_26_1_1_U80/tmp_product/DSP_MULTIPLIER.U<10>
    DSP48E2_X6Y14        DSP_M_DATA (Prop_DSP_M_DATA_DSP48E2_U[10]_U_DATA[10])
                                                      0.047     5.227 r  mlp_iris_bd_i/mlp_iris_axi_wrapper_0/inst/mlp_core_i/inst/call_ret3_dense_latency_ap_fixed_16_6_5_3_0_ap_fixed_16_6_5_3_0_config4_s_fu_91/mul_16s_11ns_26_1_1_U80/tmp_product/DSP_M_DATA_INST/U_DATA[10]
                         net (fo=1, routed)           0.000     5.227    mlp_iris_bd_i/mlp_iris_axi_wrapper_0/inst/mlp_core_i/inst/call_ret3_dense_latency_ap_fixed_16_6_5_3_0_ap_fixed_16_6_5_3_0_config4_s_fu_91/mul_16s_11ns_26_1_1_U80/tmp_product/DSP_M_DATA.U_DATA<10>
    DSP48E2_X6Y14        DSP_ALU (Prop_DSP_ALU_DSP48E2_U_DATA[10]_ALU_OUT[10])
                                                      0.585     5.812 f  mlp_iris_bd_i/mlp_iris_axi_wrapper_0/inst/mlp_core_i/inst/call_ret3_dense_latency_ap_fixed_16_6_5_3_0_ap_fixed_16_6_5_3_0_config4_s_fu_91/mul_16s_11ns_26_1_1_U80/tmp_product/DSP_ALU_INST/ALU_OUT[10]
                         net (fo=1, routed)           0.000     5.812    mlp_iris_bd_i/mlp_iris_axi_wrapper_0/inst/mlp_core_i/inst/call_ret3_dense_latency_ap_fixed_16_6_5_3_0_ap_fixed_16_6_5_3_0_config4_s_fu_91/mul_16s_11ns_26_1_1_U80/tmp_product/DSP_ALU.ALU_OUT<10>
    DSP48E2_X6Y14        DSP_OUTPUT (Prop_DSP_OUTPUT_DSP48E2_ALU_OUT[10]_P[10])
                                                      0.109     5.921 r  mlp_iris_bd_i/mlp_iris_axi_wrapper_0/inst/mlp_core_i/inst/call_ret3_dense_latency_ap_fixed_16_6_5_3_0_ap_fixed_16_6_5_3_0_config4_s_fu_91/mul_16s_11ns_26_1_1_U80/tmp_product/DSP_OUTPUT_INST/P[10]
                         net (fo=3, routed)           0.563     6.483    mlp_iris_bd_i/mlp_iris_axi_wrapper_0/inst/mlp_core_i/inst/call_ret3_dense_latency_ap_fixed_16_6_5_3_0_ap_fixed_16_6_5_3_0_config4_s_fu_91/mul_16s_9s_25_1_1_U96/layer4_out_1_reg_354_reg[15]_i_18[0]
    SLICE_X58Y36         LUT3 (Prop_B6LUT_SLICEL_I1_O)
                                                      0.124     6.607 r  mlp_iris_bd_i/mlp_iris_axi_wrapper_0/inst/mlp_core_i/inst/call_ret3_dense_latency_ap_fixed_16_6_5_3_0_ap_fixed_16_6_5_3_0_config4_s_fu_91/mul_16s_9s_25_1_1_U96/layer4_out_1_reg_354[15]_i_78/O
                         net (fo=1, routed)           0.160     6.767    mlp_iris_bd_i/mlp_iris_axi_wrapper_0/inst/mlp_core_i/inst/call_ret3_dense_latency_ap_fixed_16_6_5_3_0_ap_fixed_16_6_5_3_0_config4_s_fu_91/mul_16s_9s_25_1_1_U96_n_21
    SLICE_X59Y36         CARRY8 (Prop_CARRY8_SLICEL_DI[1]_CO[7])
                                                      0.117     6.884 r  mlp_iris_bd_i/mlp_iris_axi_wrapper_0/inst/mlp_core_i/inst/call_ret3_dense_latency_ap_fixed_16_6_5_3_0_ap_fixed_16_6_5_3_0_config4_s_fu_91/layer4_out_1_reg_354_reg[15]_i_30/CO[7]
                         net (fo=1, routed)           0.026     6.910    mlp_iris_bd_i/mlp_iris_axi_wrapper_0/inst/mlp_core_i/inst/call_ret3_dense_latency_ap_fixed_16_6_5_3_0_ap_fixed_16_6_5_3_0_config4_s_fu_91/layer4_out_1_reg_354_reg[15]_i_30_n_0
    SLICE_X59Y37         CARRY8 (Prop_CARRY8_SLICEL_CI_O[0])
                                                      0.056     6.966 r  mlp_iris_bd_i/mlp_iris_axi_wrapper_0/inst/mlp_core_i/inst/call_ret3_dense_latency_ap_fixed_16_6_5_3_0_ap_fixed_16_6_5_3_0_config4_s_fu_91/layer4_out_1_reg_354_reg[15]_i_18/O[0]
                         net (fo=5, routed)           0.454     7.420    mlp_iris_bd_i/mlp_iris_axi_wrapper_0/inst/mlp_core_i/inst/call_ret3_dense_latency_ap_fixed_16_6_5_3_0_ap_fixed_16_6_5_3_0_config4_s_fu_91/mul_16s_9s_25_1_1_U96/O[0]
    SLICE_X61Y52         LUT3 (Prop_G5LUT_SLICEM_I0_O)
                                                      0.137     7.557 r  mlp_iris_bd_i/mlp_iris_axi_wrapper_0/inst/mlp_core_i/inst/call_ret3_dense_latency_ap_fixed_16_6_5_3_0_ap_fixed_16_6_5_3_0_config4_s_fu_91/mul_16s_9s_25_1_1_U96/layer4_out_1_reg_354[15]_i_102/O
                         net (fo=1, routed)           0.239     7.796    mlp_iris_bd_i/mlp_iris_axi_wrapper_0/inst/mlp_core_i/inst/call_ret3_dense_latency_ap_fixed_16_6_5_3_0_ap_fixed_16_6_5_3_0_config4_s_fu_91/mul_16s_8ns_24_1_1_U59/layer4_out_1_reg_354[15]_i_15
    SLICE_X61Y52         LUT5 (Prop_H5LUT_SLICEM_I4_O)
                                                      0.161     7.957 r  mlp_iris_bd_i/mlp_iris_axi_wrapper_0/inst/mlp_core_i/inst/call_ret3_dense_latency_ap_fixed_16_6_5_3_0_ap_fixed_16_6_5_3_0_config4_s_fu_91/mul_16s_8ns_24_1_1_U59/layer4_out_1_reg_354[15]_i_39/O
                         net (fo=1, routed)           0.132     8.089    mlp_iris_bd_i/mlp_iris_axi_wrapper_0/inst/mlp_core_i/inst/call_ret3_dense_latency_ap_fixed_16_6_5_3_0_ap_fixed_16_6_5_3_0_config4_s_fu_91/mul_16s_8ns_24_1_1_U59_n_35
    SLICE_X59Y52         LUT6 (Prop_B6LUT_SLICEL_I1_O)
                                                      0.098     8.187 r  mlp_iris_bd_i/mlp_iris_axi_wrapper_0/inst/mlp_core_i/inst/call_ret3_dense_latency_ap_fixed_16_6_5_3_0_ap_fixed_16_6_5_3_0_config4_s_fu_91/layer4_out_1_reg_354[15]_i_15/O
                         net (fo=1, routed)           0.009     8.196    mlp_iris_bd_i/mlp_iris_axi_wrapper_0/inst/mlp_core_i/inst/call_ret3_dense_latency_ap_fixed_16_6_5_3_0_ap_fixed_16_6_5_3_0_config4_s_fu_91/layer4_out_1_reg_354[15]_i_15_n_0
    SLICE_X59Y52         CARRY8 (Prop_CARRY8_SLICEL_S[1]_O[2])
                                                      0.114     8.310 r  mlp_iris_bd_i/mlp_iris_axi_wrapper_0/inst/mlp_core_i/inst/call_ret3_dense_latency_ap_fixed_16_6_5_3_0_ap_fixed_16_6_5_3_0_config4_s_fu_91/layer4_out_1_reg_354_reg[15]_i_1/O[2]
                         net (fo=1, routed)           0.026     8.336    mlp_iris_bd_i/mlp_iris_axi_wrapper_0/inst/mlp_core_i/inst/call_ret3_dense_latency_ap_fixed_16_6_5_3_0_ap_fixed_16_6_5_3_0_config4_s_fu_91_ap_return_1[10]
    SLICE_X59Y52         FDRE                                         r  mlp_iris_bd_i/mlp_iris_axi_wrapper_0/inst/mlp_core_i/inst/layer4_out_1_reg_354_reg[10]/D
  -------------------------------------------------------------------    -------------------

                         (clock clk_pl_0 rise edge)
                                                     10.000    10.000 r  
    PS8_X0Y0             PS8                          0.000    10.000 r  mlp_iris_bd_i/zynq_ultra_ps_e_0/inst/PS8_i/PLCLK[0]
                         net (fo=1, routed)           0.143    10.143    mlp_iris_bd_i/zynq_ultra_ps_e_0/inst/pl_clk_unbuffered[0]
    BUFG_PS_X0Y80        BUFG_PS (Prop_BUFG_PS_I_O)
                                                      0.025    10.168 r  mlp_iris_bd_i/zynq_ultra_ps_e_0/inst/buffer_pl_clk_0.PL_CLK_0_BUFG/O
    X1Y2 (CLOCK_ROOT)    net (fo=1416, routed)        1.586    11.754    mlp_iris_bd_i/mlp_iris_axi_wrapper_0/inst/mlp_core_i/inst/ap_clk
    SLICE_X59Y52         FDRE                                         r  mlp_iris_bd_i/mlp_iris_axi_wrapper_0/inst/mlp_core_i/inst/layer4_out_1_reg_354_reg[10]/C
                         clock pessimism              0.119    11.873    
                         clock uncertainty           -0.130    11.743    
    SLICE_X59Y52         FDRE (Setup_CFF_SLICEL_C_D)
                                                      0.025    11.768    mlp_iris_bd_i/mlp_iris_axi_wrapper_0/inst/mlp_core_i/inst/layer4_out_1_reg_354_reg[10]
  -------------------------------------------------------------------
                         required time                         11.768    
                         arrival time                          -8.336    
  -------------------------------------------------------------------
                         slack                                  3.432    





Min Delay Paths
--------------------------------------------------------------------------------------
Slack (MET) :             0.019ns  (arrival time - required time)
  Source:                 <hidden>
                            (rising edge-triggered cell FDRE clocked by clk_pl_0  {rise@0.000ns fall@5.000ns period=10.000ns})
  Destination:            <hidden>
                            (rising edge-triggered cell FDRE clocked by clk_pl_0  {rise@0.000ns fall@5.000ns period=10.000ns})
  Path Group:             clk_pl_0
  Path Type:              Hold (Min at Slow Process Corner)
  Requirement:            0.000ns  (clk_pl_0 rise@0.000ns - clk_pl_0 rise@0.000ns)
  Data Path Delay:        0.139ns  (logic 0.058ns (41.606%)  route 0.081ns (58.394%))
  Logic Levels:           0  
  Clock Path Skew:        0.058ns (DCD - SCD - CPR)
    Destination Clock Delay (DCD):    2.253ns
    Source Clock Delay      (SCD):    1.960ns
    Clock Pessimism Removal (CPR):    0.235ns
  Clock Net Delay (Source):      1.792ns (routing 0.512ns, distribution 1.280ns)
  Clock Net Delay (Destination): 2.045ns (routing 0.569ns, distribution 1.476ns)

    Location             Delay type                Incr(ns)  Path(ns)    Netlist Resource(s)
  -------------------------------------------------------------------    -------------------
                         (clock clk_pl_0 rise edge)
                                                      0.000     0.000 r  
    PS8_X0Y0             PS8                          0.000     0.000 r  mlp_iris_bd_i/zynq_ultra_ps_e_0/inst/PS8_i/PLCLK[0]
                         net (fo=1, routed)           0.143     0.143    mlp_iris_bd_i/zynq_ultra_ps_e_0/inst/pl_clk_unbuffered[0]
    BUFG_PS_X0Y80        BUFG_PS (Prop_BUFG_PS_I_O)
                                                      0.025     0.168 r  mlp_iris_bd_i/zynq_ultra_ps_e_0/inst/buffer_pl_clk_0.PL_CLK_0_BUFG/O
    X1Y2 (CLOCK_ROOT)    net (fo=1416, routed)        1.792     1.960    <hidden>
    SLICE_X7Y242         FDRE                                         r  <hidden>
  -------------------------------------------------------------------    -------------------
    SLICE_X7Y242         FDRE (Prop_BFF_SLICEM_C_Q)
                                                      0.058     2.018 r  <hidden>
                         net (fo=2, routed)           0.081     2.099    <hidden>
    SLICE_X7Y240         FDRE                                         r  <hidden>
  -------------------------------------------------------------------    -------------------

                         (clock clk_pl_0 rise edge)
                                                      0.000     0.000 r  
    PS8_X0Y0             PS8                          0.000     0.000 r  mlp_iris_bd_i/zynq_ultra_ps_e_0/inst/PS8_i/PLCLK[0]
                         net (fo=1, routed)           0.180     0.180    mlp_iris_bd_i/zynq_ultra_ps_e_0/inst/pl_clk_unbuffered[0]
    BUFG_PS_X0Y80        BUFG_PS (Prop_BUFG_PS_I_O)
                                                      0.028     0.208 r  mlp_iris_bd_i/zynq_ultra_ps_e_0/inst/buffer_pl_clk_0.PL_CLK_0_BUFG/O
    X1Y2 (CLOCK_ROOT)    net (fo=1416, routed)        2.045     2.253    <hidden>
    SLICE_X7Y240         FDRE                                         r  <hidden>
                         clock pessimism             -0.235     2.018    
    SLICE_X7Y240         FDRE (Hold_HFF2_SLICEM_C_D)
                                                      0.062     2.080    <hidden>
  -------------------------------------------------------------------
                         required time                         -2.080    
                         arrival time                           2.099    
  -------------------------------------------------------------------
                         slack                                  0.019    

Slack (MET) :             0.022ns  (arrival time - required time)
  Source:                 <hidden>
                            (rising edge-triggered cell FDRE clocked by clk_pl_0  {rise@0.000ns fall@5.000ns period=10.000ns})
  Destination:            <hidden>
                            (rising edge-triggered cell FDRE clocked by clk_pl_0  {rise@0.000ns fall@5.000ns period=10.000ns})
  Path Group:             clk_pl_0
  Path Type:              Hold (Min at Slow Process Corner)
  Requirement:            0.000ns  (clk_pl_0 rise@0.000ns - clk_pl_0 rise@0.000ns)
  Data Path Delay:        0.134ns  (logic 0.059ns (43.898%)  route 0.075ns (56.103%))
  Logic Levels:           0  
  Clock Path Skew:        0.051ns (DCD - SCD - CPR)
    Destination Clock Delay (DCD):    2.248ns
    Source Clock Delay      (SCD):    1.962ns
    Clock Pessimism Removal (CPR):    0.235ns
  Clock Net Delay (Source):      1.794ns (routing 0.512ns, distribution 1.282ns)
  Clock Net Delay (Destination): 2.040ns (routing 0.569ns, distribution 1.471ns)

    Location             Delay type                Incr(ns)  Path(ns)    Netlist Resource(s)
  -------------------------------------------------------------------    -------------------
                         (clock clk_pl_0 rise edge)
                                                      0.000     0.000 r  
    PS8_X0Y0             PS8                          0.000     0.000 r  mlp_iris_bd_i/zynq_ultra_ps_e_0/inst/PS8_i/PLCLK[0]
                         net (fo=1, routed)           0.143     0.143    mlp_iris_bd_i/zynq_ultra_ps_e_0/inst/pl_clk_unbuffered[0]
    BUFG_PS_X0Y80        BUFG_PS (Prop_BUFG_PS_I_O)
                                                      0.025     0.168 r  mlp_iris_bd_i/zynq_ultra_ps_e_0/inst/buffer_pl_clk_0.PL_CLK_0_BUFG/O
    X1Y2 (CLOCK_ROOT)    net (fo=1416, routed)        1.794     1.962    <hidden>
    SLICE_X8Y241         FDRE                                         r  <hidden>
  -------------------------------------------------------------------    -------------------
    SLICE_X8Y241         FDRE (Prop_DFF_SLICEL_C_Q)
                                                      0.059     2.021 r  <hidden>
                         net (fo=2, routed)           0.075     2.097    <hidden>
    SLICE_X8Y240         FDRE                                         r  <hidden>
  -------------------------------------------------------------------    -------------------

                         (clock clk_pl_0 rise edge)
                                                      0.000     0.000 r  
    PS8_X0Y0             PS8                          0.000     0.000 r  mlp_iris_bd_i/zynq_ultra_ps_e_0/inst/PS8_i/PLCLK[0]
                         net (fo=1, routed)           0.180     0.180    mlp_iris_bd_i/zynq_ultra_ps_e_0/inst/pl_clk_unbuffered[0]
    BUFG_PS_X0Y80        BUFG_PS (Prop_BUFG_PS_I_O)
                                                      0.028     0.208 r  mlp_iris_bd_i/zynq_ultra_ps_e_0/inst/buffer_pl_clk_0.PL_CLK_0_BUFG/O
    X1Y2 (CLOCK_ROOT)    net (fo=1416, routed)        2.040     2.248    <hidden>
    SLICE_X8Y240         FDRE                                         r  <hidden>
                         clock pessimism             -0.235     2.013    
    SLICE_X8Y240         FDRE (Hold_GFF2_SLICEL_C_D)
                                                      0.062     2.075    <hidden>
  -------------------------------------------------------------------
                         required time                         -2.075    
                         arrival time                           2.097    
  -------------------------------------------------------------------
                         slack                                  0.022    

Slack (MET) :             0.022ns  (arrival time - required time)
  Source:                 <hidden>
                            (rising edge-triggered cell FDRE clocked by clk_pl_0  {rise@0.000ns fall@5.000ns period=10.000ns})
  Destination:            <hidden>
                            (rising edge-triggered cell FDRE clocked by clk_pl_0  {rise@0.000ns fall@5.000ns period=10.000ns})
  Path Group:             clk_pl_0
  Path Type:              Hold (Min at Slow Process Corner)
  Requirement:            0.000ns  (clk_pl_0 rise@0.000ns - clk_pl_0 rise@0.000ns)
  Data Path Delay:        0.143ns  (logic 0.058ns (40.445%)  route 0.085ns (59.555%))
  Logic Levels:           0  
  Clock Path Skew:        0.059ns (DCD - SCD - CPR)
    Destination Clock Delay (DCD):    2.254ns
    Source Clock Delay      (SCD):    1.960ns
    Clock Pessimism Removal (CPR):    0.235ns
  Clock Net Delay (Source):      1.792ns (routing 0.512ns, distribution 1.280ns)
  Clock Net Delay (Destination): 2.046ns (routing 0.569ns, distribution 1.477ns)

    Location             Delay type                Incr(ns)  Path(ns)    Netlist Resource(s)
  -------------------------------------------------------------------    -------------------
                         (clock clk_pl_0 rise edge)
                                                      0.000     0.000 r  
    PS8_X0Y0             PS8                          0.000     0.000 r  mlp_iris_bd_i/zynq_ultra_ps_e_0/inst/PS8_i/PLCLK[0]
                         net (fo=1, routed)           0.143     0.143    mlp_iris_bd_i/zynq_ultra_ps_e_0/inst/pl_clk_unbuffered[0]
    BUFG_PS_X0Y80        BUFG_PS (Prop_BUFG_PS_I_O)
                                                      0.025     0.168 r  mlp_iris_bd_i/zynq_ultra_ps_e_0/inst/buffer_pl_clk_0.PL_CLK_0_BUFG/O
    X1Y2 (CLOCK_ROOT)    net (fo=1416, routed)        1.792     1.960    <hidden>
    SLICE_X7Y242         FDRE                                         r  <hidden>
  -------------------------------------------------------------------    -------------------
    SLICE_X7Y242         FDRE (Prop_DFF_SLICEM_C_Q)
                                                      0.058     2.018 r  <hidden>
                         net (fo=2, routed)           0.085     2.103    <hidden>
    SLICE_X7Y240         FDRE                                         r  <hidden>
  -------------------------------------------------------------------    -------------------

                         (clock clk_pl_0 rise edge)
                                                      0.000     0.000 r  
    PS8_X0Y0             PS8                          0.000     0.000 r  mlp_iris_bd_i/zynq_ultra_ps_e_0/inst/PS8_i/PLCLK[0]
                         net (fo=1, routed)           0.180     0.180    mlp_iris_bd_i/zynq_ultra_ps_e_0/inst/pl_clk_unbuffered[0]
    BUFG_PS_X0Y80        BUFG_PS (Prop_BUFG_PS_I_O)
                                                      0.028     0.208 r  mlp_iris_bd_i/zynq_ultra_ps_e_0/inst/buffer_pl_clk_0.PL_CLK_0_BUFG/O
    X1Y2 (CLOCK_ROOT)    net (fo=1416, routed)        2.046     2.254    <hidden>
    SLICE_X7Y240         FDRE                                         r  <hidden>
                         clock pessimism             -0.235     2.019    
    SLICE_X7Y240         FDRE (Hold_CFF2_SLICEM_C_D)
                                                      0.062     2.081    <hidden>
  -------------------------------------------------------------------
                         required time                         -2.081    
                         arrival time                           2.103    
  -------------------------------------------------------------------
                         slack                                  0.022    

Slack (MET) :             0.023ns  (arrival time - required time)
  Source:                 <hidden>
                            (rising edge-triggered cell FDRE clocked by clk_pl_0  {rise@0.000ns fall@5.000ns period=10.000ns})
  Destination:            <hidden>
                            (rising edge-triggered cell FDRE clocked by clk_pl_0  {rise@0.000ns fall@5.000ns period=10.000ns})
  Path Group:             clk_pl_0
  Path Type:              Hold (Min at Slow Process Corner)
  Requirement:            0.000ns  (clk_pl_0 rise@0.000ns - clk_pl_0 rise@0.000ns)
  Data Path Delay:        0.143ns  (logic 0.060ns (41.893%)  route 0.083ns (58.107%))
  Logic Levels:           0  
  Clock Path Skew:        0.058ns (DCD - SCD - CPR)
    Destination Clock Delay (DCD):    2.253ns
    Source Clock Delay      (SCD):    1.960ns
    Clock Pessimism Removal (CPR):    0.235ns
  Clock Net Delay (Source):      1.792ns (routing 0.512ns, distribution 1.280ns)
  Clock Net Delay (Destination): 2.045ns (routing 0.569ns, distribution 1.476ns)

    Location             Delay type                Incr(ns)  Path(ns)    Netlist Resource(s)
  -------------------------------------------------------------------    -------------------
                         (clock clk_pl_0 rise edge)
                                                      0.000     0.000 r  
    PS8_X0Y0             PS8                          0.000     0.000 r  mlp_iris_bd_i/zynq_ultra_ps_e_0/inst/PS8_i/PLCLK[0]
                         net (fo=1, routed)           0.143     0.143    mlp_iris_bd_i/zynq_ultra_ps_e_0/inst/pl_clk_unbuffered[0]
    BUFG_PS_X0Y80        BUFG_PS (Prop_BUFG_PS_I_O)
                                                      0.025     0.168 r  mlp_iris_bd_i/zynq_ultra_ps_e_0/inst/buffer_pl_clk_0.PL_CLK_0_BUFG/O
    X1Y2 (CLOCK_ROOT)    net (fo=1416, routed)        1.792     1.960    <hidden>
    SLICE_X7Y242         FDRE                                         r  <hidden>
  -------------------------------------------------------------------    -------------------
    SLICE_X7Y242         FDRE (Prop_BFF2_SLICEM_C_Q)
                                                      0.060     2.020 r  <hidden>
                         net (fo=2, routed)           0.083     2.103    <hidden>
    SLICE_X7Y240         FDRE                                         r  <hidden>
  -------------------------------------------------------------------    -------------------

                         (clock clk_pl_0 rise edge)
                                                      0.000     0.000 r  
    PS8_X0Y0             PS8                          0.000     0.000 r  mlp_iris_bd_i/zynq_ultra_ps_e_0/inst/PS8_i/PLCLK[0]
                         net (fo=1, routed)           0.180     0.180    mlp_iris_bd_i/zynq_ultra_ps_e_0/inst/pl_clk_unbuffered[0]
    BUFG_PS_X0Y80        BUFG_PS (Prop_BUFG_PS_I_O)
                                                      0.028     0.208 r  mlp_iris_bd_i/zynq_ultra_ps_e_0/inst/buffer_pl_clk_0.PL_CLK_0_BUFG/O
    X1Y2 (CLOCK_ROOT)    net (fo=1416, routed)        2.045     2.253    <hidden>
    SLICE_X7Y240         FDRE                                         r  <hidden>
                         clock pessimism             -0.235     2.018    
    SLICE_X7Y240         FDRE (Hold_EFF2_SLICEM_C_D)
                                                      0.062     2.080    <hidden>
  -------------------------------------------------------------------
                         required time                         -2.080    
                         arrival time                           2.103    
  -------------------------------------------------------------------
                         slack                                  0.023    

Slack (MET) :             0.024ns  (arrival time - required time)
  Source:                 <hidden>
                            (rising edge-triggered cell FDRE clocked by clk_pl_0  {rise@0.000ns fall@5.000ns period=10.000ns})
  Destination:            <hidden>
                            (rising edge-triggered cell FDRE clocked by clk_pl_0  {rise@0.000ns fall@5.000ns period=10.000ns})
  Path Group:             clk_pl_0
  Path Type:              Hold (Min at Fast Process Corner)
  Requirement:            0.000ns  (clk_pl_0 rise@0.000ns - clk_pl_0 rise@0.000ns)
  Data Path Delay:        0.077ns  (logic 0.039ns (50.649%)  route 0.038ns (49.351%))
  Logic Levels:           0  
  Clock Path Skew:        0.006ns (DCD - SCD - CPR)
    Destination Clock Delay (DCD):    1.368ns
    Source Clock Delay      (SCD):    1.192ns
    Clock Pessimism Removal (CPR):    0.170ns
  Clock Net Delay (Source):      1.053ns (routing 0.311ns, distribution 0.742ns)
  Clock Net Delay (Destination): 1.196ns (routing 0.352ns, distribution 0.844ns)

    Location             Delay type                Incr(ns)  Path(ns)    Netlist Resource(s)
  -------------------------------------------------------------------    -------------------
                         (clock clk_pl_0 rise edge)
                                                      0.000     0.000 r  
    PS8_X0Y0             PS8                          0.000     0.000 r  mlp_iris_bd_i/zynq_ultra_ps_e_0/inst/PS8_i/PLCLK[0]
                         net (fo=1, routed)           0.122     0.122    mlp_iris_bd_i/zynq_ultra_ps_e_0/inst/pl_clk_unbuffered[0]
    BUFG_PS_X0Y80        BUFG_PS (Prop_BUFG_PS_I_O)
                                                      0.017     0.139 r  mlp_iris_bd_i/zynq_ultra_ps_e_0/inst/buffer_pl_clk_0.PL_CLK_0_BUFG/O
    X1Y2 (CLOCK_ROOT)    net (fo=1416, routed)        1.053     1.192    <hidden>
    SLICE_X39Y240        FDRE                                         r  <hidden>
  -------------------------------------------------------------------    -------------------
    SLICE_X39Y240        FDRE (Prop_HFF_SLICEM_C_Q)
                                                      0.039     1.231 r  <hidden>
                         net (fo=1, routed)           0.038     1.269    <hidden>
    SLICE_X39Y240        FDRE                                         r  <hidden>
  -------------------------------------------------------------------    -------------------

                         (clock clk_pl_0 rise edge)
                                                      0.000     0.000 r  
    PS8_X0Y0             PS8                          0.000     0.000 r  mlp_iris_bd_i/zynq_ultra_ps_e_0/inst/PS8_i/PLCLK[0]
                         net (fo=1, routed)           0.154     0.154    mlp_iris_bd_i/zynq_ultra_ps_e_0/inst/pl_clk_unbuffered[0]
    BUFG_PS_X0Y80        BUFG_PS (Prop_BUFG_PS_I_O)
                                                      0.018     0.172 r  mlp_iris_bd_i/zynq_ultra_ps_e_0/inst/buffer_pl_clk_0.PL_CLK_0_BUFG/O
    X1Y2 (CLOCK_ROOT)    net (fo=1416, routed)        1.196     1.368    <hidden>
    SLICE_X39Y240        FDRE                                         r  <hidden>
                         clock pessimism             -0.170     1.198    
    SLICE_X39Y240        FDRE (Hold_HFF2_SLICEM_C_D)
                                                      0.047     1.245    <hidden>
  -------------------------------------------------------------------
                         required time                         -1.245    
                         arrival time                           1.269    
  -------------------------------------------------------------------
                         slack                                  0.024    

Slack (MET) :             0.024ns  (arrival time - required time)
  Source:                 <hidden>
                            (rising edge-triggered cell FDRE clocked by clk_pl_0  {rise@0.000ns fall@5.000ns period=10.000ns})
  Destination:            <hidden>
                            (rising edge-triggered cell FDRE clocked by clk_pl_0  {rise@0.000ns fall@5.000ns period=10.000ns})
  Path Group:             clk_pl_0
  Path Type:              Hold (Min at Slow Process Corner)
  Requirement:            0.000ns  (clk_pl_0 rise@0.000ns - clk_pl_0 rise@0.000ns)
  Data Path Delay:        0.132ns  (logic 0.059ns (44.720%)  route 0.073ns (55.280%))
  Logic Levels:           0  
  Clock Path Skew:        0.046ns (DCD - SCD - CPR)
    Destination Clock Delay (DCD):    2.243ns
    Source Clock Delay      (SCD):    1.962ns
    Clock Pessimism Removal (CPR):    0.235ns
  Clock Net Delay (Source):      1.794ns (routing 0.512ns, distribution 1.282ns)
  Clock Net Delay (Destination): 2.035ns (routing 0.569ns, distribution 1.466ns)

    Location             Delay type                Incr(ns)  Path(ns)    Netlist Resource(s)
  -------------------------------------------------------------------    -------------------
                         (clock clk_pl_0 rise edge)
                                                      0.000     0.000 r  
    PS8_X0Y0             PS8                          0.000     0.000 r  mlp_iris_bd_i/zynq_ultra_ps_e_0/inst/PS8_i/PLCLK[0]
                         net (fo=1, routed)           0.143     0.143    mlp_iris_bd_i/zynq_ultra_ps_e_0/inst/pl_clk_unbuffered[0]
    BUFG_PS_X0Y80        BUFG_PS (Prop_BUFG_PS_I_O)
                                                      0.025     0.168 r  mlp_iris_bd_i/zynq_ultra_ps_e_0/inst/buffer_pl_clk_0.PL_CLK_0_BUFG/O
    X1Y2 (CLOCK_ROOT)    net (fo=1416, routed)        1.794     1.962    <hidden>
    SLICE_X8Y241         FDRE                                         r  <hidden>
  -------------------------------------------------------------------    -------------------
    SLICE_X8Y241         FDRE (Prop_DFF_SLICEL_C_Q)
                                                      0.059     2.021 r  <hidden>
                         net (fo=2, routed)           0.073     2.094    <hidden>
    SLICE_X8Y240         FDRE                                         r  <hidden>
  -------------------------------------------------------------------    -------------------

                         (clock clk_pl_0 rise edge)
                                                      0.000     0.000 r  
    PS8_X0Y0             PS8                          0.000     0.000 r  mlp_iris_bd_i/zynq_ultra_ps_e_0/inst/PS8_i/PLCLK[0]
                         net (fo=1, routed)           0.180     0.180    mlp_iris_bd_i/zynq_ultra_ps_e_0/inst/pl_clk_unbuffered[0]
    BUFG_PS_X0Y80        BUFG_PS (Prop_BUFG_PS_I_O)
                                                      0.028     0.208 r  mlp_iris_bd_i/zynq_ultra_ps_e_0/inst/buffer_pl_clk_0.PL_CLK_0_BUFG/O
    X1Y2 (CLOCK_ROOT)    net (fo=1416, routed)        2.035     2.243    <hidden>
    SLICE_X8Y240         FDRE                                         r  <hidden>
                         clock pessimism             -0.235     2.008    
    SLICE_X8Y240         FDRE (Hold_CFF2_SLICEL_C_D)
                                                      0.062     2.070    <hidden>
  -------------------------------------------------------------------
                         required time                         -2.070    
                         arrival time                           2.094    
  -------------------------------------------------------------------
                         slack                                  0.024    

Slack (MET) :             0.027ns  (arrival time - required time)
  Source:                 <hidden>
                            (rising edge-triggered cell FDRE clocked by clk_pl_0  {rise@0.000ns fall@5.000ns period=10.000ns})
  Destination:            <hidden>
                            (rising edge-triggered cell FDRE clocked by clk_pl_0  {rise@0.000ns fall@5.000ns period=10.000ns})
  Path Group:             clk_pl_0
  Path Type:              Hold (Min at Slow Process Corner)
  Requirement:            0.000ns  (clk_pl_0 rise@0.000ns - clk_pl_0 rise@0.000ns)
  Data Path Delay:        0.186ns  (logic 0.060ns (32.258%)  route 0.126ns (67.742%))
  Logic Levels:           0  
  Clock Path Skew:        0.097ns (DCD - SCD - CPR)
    Destination Clock Delay (DCD):    2.148ns
    Source Clock Delay      (SCD):    1.874ns
    Clock Pessimism Removal (CPR):    0.176ns
  Clock Net Delay (Source):      1.706ns (routing 0.512ns, distribution 1.194ns)
  Clock Net Delay (Destination): 1.940ns (routing 0.569ns, distribution 1.371ns)

    Location             Delay type                Incr(ns)  Path(ns)    Netlist Resource(s)
  -------------------------------------------------------------------    -------------------
                         (clock clk_pl_0 rise edge)
                                                      0.000     0.000 r  
    PS8_X0Y0             PS8                          0.000     0.000 r  mlp_iris_bd_i/zynq_ultra_ps_e_0/inst/PS8_i/PLCLK[0]
                         net (fo=1, routed)           0.143     0.143    mlp_iris_bd_i/zynq_ultra_ps_e_0/inst/pl_clk_unbuffered[0]
    BUFG_PS_X0Y80        BUFG_PS (Prop_BUFG_PS_I_O)
                                                      0.025     0.168 r  mlp_iris_bd_i/zynq_ultra_ps_e_0/inst/buffer_pl_clk_0.PL_CLK_0_BUFG/O
    X1Y2 (CLOCK_ROOT)    net (fo=1416, routed)        1.706     1.874    <hidden>
    SLICE_X35Y240        FDRE                                         r  <hidden>
  -------------------------------------------------------------------    -------------------
    SLICE_X35Y240        FDRE (Prop_BFF2_SLICEM_C_Q)
                                                      0.060     1.934 r  <hidden>
                         net (fo=2, routed)           0.126     2.060    <hidden>
    SLICE_X30Y240        FDRE                                         r  <hidden>
  -------------------------------------------------------------------    -------------------

                         (clock clk_pl_0 rise edge)
                                                      0.000     0.000 r  
    PS8_X0Y0             PS8                          0.000     0.000 r  mlp_iris_bd_i/zynq_ultra_ps_e_0/inst/PS8_i/PLCLK[0]
                         net (fo=1, routed)           0.180     0.180    mlp_iris_bd_i/zynq_ultra_ps_e_0/inst/pl_clk_unbuffered[0]
    BUFG_PS_X0Y80        BUFG_PS (Prop_BUFG_PS_I_O)
                                                      0.028     0.208 r  mlp_iris_bd_i/zynq_ultra_ps_e_0/inst/buffer_pl_clk_0.PL_CLK_0_BUFG/O
    X1Y2 (CLOCK_ROOT)    net (fo=1416, routed)        1.940     2.148    <hidden>
    SLICE_X30Y240        FDRE                                         r  <hidden>
                         clock pessimism             -0.176     1.972    
    SLICE_X30Y240        FDRE (Hold_EFF2_SLICEL_C_D)
                                                      0.062     2.034    <hidden>
  -------------------------------------------------------------------
                         required time                         -2.034    
                         arrival time                           2.060    
  -------------------------------------------------------------------
                         slack                                  0.027    

Slack (MET) :             0.031ns  (arrival time - required time)
  Source:                 <hidden>
                            (rising edge-triggered cell FDRE clocked by clk_pl_0  {rise@0.000ns fall@5.000ns period=10.000ns})
  Destination:            <hidden>
                            (rising edge-triggered cell FDRE clocked by clk_pl_0  {rise@0.000ns fall@5.000ns period=10.000ns})
  Path Group:             clk_pl_0
  Path Type:              Hold (Min at Slow Process Corner)
  Requirement:            0.000ns  (clk_pl_0 rise@0.000ns - clk_pl_0 rise@0.000ns)
  Data Path Delay:        0.152ns  (logic 0.060ns (39.580%)  route 0.092ns (60.420%))
  Logic Levels:           0  
  Clock Path Skew:        0.058ns (DCD - SCD - CPR)
    Destination Clock Delay (DCD):    2.253ns
    Source Clock Delay      (SCD):    1.960ns
    Clock Pessimism Removal (CPR):    0.235ns
  Clock Net Delay (Source):      1.792ns (routing 0.512ns, distribution 1.280ns)
  Clock Net Delay (Destination): 2.045ns (routing 0.569ns, distribution 1.476ns)

    Location             Delay type                Incr(ns)  Path(ns)    Netlist Resource(s)
  -------------------------------------------------------------------    -------------------
                         (clock clk_pl_0 rise edge)
                                                      0.000     0.000 r  
    PS8_X0Y0             PS8                          0.000     0.000 r  mlp_iris_bd_i/zynq_ultra_ps_e_0/inst/PS8_i/PLCLK[0]
                         net (fo=1, routed)           0.143     0.143    mlp_iris_bd_i/zynq_ultra_ps_e_0/inst/pl_clk_unbuffered[0]
    BUFG_PS_X0Y80        BUFG_PS (Prop_BUFG_PS_I_O)
                                                      0.025     0.168 r  mlp_iris_bd_i/zynq_ultra_ps_e_0/inst/buffer_pl_clk_0.PL_CLK_0_BUFG/O
    X1Y2 (CLOCK_ROOT)    net (fo=1416, routed)        1.792     1.960    <hidden>
    SLICE_X7Y242         FDRE                                         r  <hidden>
  -------------------------------------------------------------------    -------------------
    SLICE_X7Y242         FDRE (Prop_AFF2_SLICEM_C_Q)
                                                      0.060     2.020 r  <hidden>
                         net (fo=2, routed)           0.092     2.111    <hidden>
    SLICE_X7Y240         FDRE                                         r  <hidden>
  -------------------------------------------------------------------    -------------------

                         (clock clk_pl_0 rise edge)
                                                      0.000     0.000 r  
    PS8_X0Y0             PS8                          0.000     0.000 r  mlp_iris_bd_i/zynq_ultra_ps_e_0/inst/PS8_i/PLCLK[0]
                         net (fo=1, routed)           0.180     0.180    mlp_iris_bd_i/zynq_ultra_ps_e_0/inst/pl_clk_unbuffered[0]
    BUFG_PS_X0Y80        BUFG_PS (Prop_BUFG_PS_I_O)
                                                      0.028     0.208 r  mlp_iris_bd_i/zynq_ultra_ps_e_0/inst/buffer_pl_clk_0.PL_CLK_0_BUFG/O
    X1Y2 (CLOCK_ROOT)    net (fo=1416, routed)        2.045     2.253    <hidden>
    SLICE_X7Y240         FDRE                                         r  <hidden>
                         clock pessimism             -0.235     2.018    
    SLICE_X7Y240         FDRE (Hold_FFF2_SLICEM_C_D)
                                                      0.062     2.080    <hidden>
  -------------------------------------------------------------------
                         required time                         -2.080    
                         arrival time                           2.111    
  -------------------------------------------------------------------
                         slack                                  0.031    

Slack (MET) :             0.031ns  (arrival time - required time)
  Source:                 mlp_iris_bd_i/mlp_iris_axi_wrapper_0/inst/s_axi_rdata_reg[22]/C
                            (rising edge-triggered cell FDRE clocked by clk_pl_0  {rise@0.000ns fall@5.000ns period=10.000ns})
  Destination:            <hidden>
                            (rising edge-triggered cell FDRE clocked by clk_pl_0  {rise@0.000ns fall@5.000ns period=10.000ns})
  Path Group:             clk_pl_0
  Path Type:              Hold (Min at Slow Process Corner)
  Requirement:            0.000ns  (clk_pl_0 rise@0.000ns - clk_pl_0 rise@0.000ns)
  Data Path Delay:        0.220ns  (logic 0.059ns (26.818%)  route 0.161ns (73.182%))
  Logic Levels:           0  
  Clock Path Skew:        0.127ns (DCD - SCD - CPR)
    Destination Clock Delay (DCD):    1.944ns
    Source Clock Delay      (SCD):    1.717ns
    Clock Pessimism Removal (CPR):    0.101ns
  Clock Net Delay (Source):      1.549ns (routing 0.512ns, distribution 1.037ns)
  Clock Net Delay (Destination): 1.736ns (routing 0.569ns, distribution 1.167ns)

    Location             Delay type                Incr(ns)  Path(ns)    Netlist Resource(s)
  -------------------------------------------------------------------    -------------------
                         (clock clk_pl_0 rise edge)
                                                      0.000     0.000 r  
    PS8_X0Y0             PS8                          0.000     0.000 r  mlp_iris_bd_i/zynq_ultra_ps_e_0/inst/PS8_i/PLCLK[0]
                         net (fo=1, routed)           0.143     0.143    mlp_iris_bd_i/zynq_ultra_ps_e_0/inst/pl_clk_unbuffered[0]
    BUFG_PS_X0Y80        BUFG_PS (Prop_BUFG_PS_I_O)
                                                      0.025     0.168 r  mlp_iris_bd_i/zynq_ultra_ps_e_0/inst/buffer_pl_clk_0.PL_CLK_0_BUFG/O
    X1Y2 (CLOCK_ROOT)    net (fo=1416, routed)        1.549     1.717    mlp_iris_bd_i/mlp_iris_axi_wrapper_0/inst/s_axi_aclk
    SLICE_X52Y113        FDRE                                         r  mlp_iris_bd_i/mlp_iris_axi_wrapper_0/inst/s_axi_rdata_reg[22]/C
  -------------------------------------------------------------------    -------------------
    SLICE_X52Y113        FDRE (Prop_BFF_SLICEL_C_Q)
                                                      0.059     1.776 r  mlp_iris_bd_i/mlp_iris_axi_wrapper_0/inst/s_axi_rdata_reg[22]/Q
                         net (fo=1, routed)           0.161     1.937    <hidden>
    SLICE_X52Y122        FDRE                                         r  <hidden>
  -------------------------------------------------------------------    -------------------

                         (clock clk_pl_0 rise edge)
                                                      0.000     0.000 r  
    PS8_X0Y0             PS8                          0.000     0.000 r  mlp_iris_bd_i/zynq_ultra_ps_e_0/inst/PS8_i/PLCLK[0]
                         net (fo=1, routed)           0.180     0.180    mlp_iris_bd_i/zynq_ultra_ps_e_0/inst/pl_clk_unbuffered[0]
    BUFG_PS_X0Y80        BUFG_PS (Prop_BUFG_PS_I_O)
                                                      0.028     0.208 r  mlp_iris_bd_i/zynq_ultra_ps_e_0/inst/buffer_pl_clk_0.PL_CLK_0_BUFG/O
    X1Y2 (CLOCK_ROOT)    net (fo=1416, routed)        1.736     1.944    <hidden>
    SLICE_X52Y122        FDRE                                         r  <hidden>
                         clock pessimism             -0.101     1.843    
    SLICE_X52Y122        FDRE (Hold_BFF2_SLICEL_C_D)
                                                      0.062     1.905    <hidden>
  -------------------------------------------------------------------
                         required time                         -1.905    
                         arrival time                           1.937    
  -------------------------------------------------------------------
                         slack                                  0.031    

Slack (MET) :             0.032ns  (arrival time - required time)
  Source:                 mlp_iris_bd_i/mlp_iris_axi_wrapper_0/inst/s_axi_rdata_reg[25]/C
                            (rising edge-triggered cell FDRE clocked by clk_pl_0  {rise@0.000ns fall@5.000ns period=10.000ns})
  Destination:            <hidden>
                            (rising edge-triggered cell FDRE clocked by clk_pl_0  {rise@0.000ns fall@5.000ns period=10.000ns})
  Path Group:             clk_pl_0
  Path Type:              Hold (Min at Slow Process Corner)
  Requirement:            0.000ns  (clk_pl_0 rise@0.000ns - clk_pl_0 rise@0.000ns)
  Data Path Delay:        0.220ns  (logic 0.059ns (26.818%)  route 0.161ns (73.182%))
  Logic Levels:           0  
  Clock Path Skew:        0.126ns (DCD - SCD - CPR)
    Destination Clock Delay (DCD):    1.944ns
    Source Clock Delay      (SCD):    1.718ns
    Clock Pessimism Removal (CPR):    0.101ns
  Clock Net Delay (Source):      1.550ns (routing 0.512ns, distribution 1.038ns)
  Clock Net Delay (Destination): 1.736ns (routing 0.569ns, distribution 1.167ns)

    Location             Delay type                Incr(ns)  Path(ns)    Netlist Resource(s)
  -------------------------------------------------------------------    -------------------
                         (clock clk_pl_0 rise edge)
                                                      0.000     0.000 r  
    PS8_X0Y0             PS8                          0.000     0.000 r  mlp_iris_bd_i/zynq_ultra_ps_e_0/inst/PS8_i/PLCLK[0]
                         net (fo=1, routed)           0.143     0.143    mlp_iris_bd_i/zynq_ultra_ps_e_0/inst/pl_clk_unbuffered[0]
    BUFG_PS_X0Y80        BUFG_PS (Prop_BUFG_PS_I_O)
                                                      0.025     0.168 r  mlp_iris_bd_i/zynq_ultra_ps_e_0/inst/buffer_pl_clk_0.PL_CLK_0_BUFG/O
    X1Y2 (CLOCK_ROOT)    net (fo=1416, routed)        1.550     1.718    mlp_iris_bd_i/mlp_iris_axi_wrapper_0/inst/s_axi_aclk
    SLICE_X52Y114        FDRE                                         r  mlp_iris_bd_i/mlp_iris_axi_wrapper_0/inst/s_axi_rdata_reg[25]/C
  -------------------------------------------------------------------    -------------------
    SLICE_X52Y114        FDRE (Prop_DFF_SLICEL_C_Q)
                                                      0.059     1.777 r  mlp_iris_bd_i/mlp_iris_axi_wrapper_0/inst/s_axi_rdata_reg[25]/Q
                         net (fo=1, routed)           0.161     1.938    <hidden>
    SLICE_X52Y123        FDRE                                         r  <hidden>
  -------------------------------------------------------------------    -------------------

                         (clock clk_pl_0 rise edge)
                                                      0.000     0.000 r  
    PS8_X0Y0             PS8                          0.000     0.000 r  mlp_iris_bd_i/zynq_ultra_ps_e_0/inst/PS8_i/PLCLK[0]
                         net (fo=1, routed)           0.180     0.180    mlp_iris_bd_i/zynq_ultra_ps_e_0/inst/pl_clk_unbuffered[0]
    BUFG_PS_X0Y80        BUFG_PS (Prop_BUFG_PS_I_O)
                                                      0.028     0.208 r  mlp_iris_bd_i/zynq_ultra_ps_e_0/inst/buffer_pl_clk_0.PL_CLK_0_BUFG/O
    X1Y2 (CLOCK_ROOT)    net (fo=1416, routed)        1.736     1.944    <hidden>
    SLICE_X52Y123        FDRE                                         r  <hidden>
                         clock pessimism             -0.101     1.843    
    SLICE_X52Y123        FDRE (Hold_CFF2_SLICEL_C_D)
                                                      0.062     1.905    <hidden>
  -------------------------------------------------------------------
                         required time                         -1.905    
                         arrival time                           1.938    
  -------------------------------------------------------------------
                         slack                                  0.032    

Slack (MET) :             0.035ns  (arrival time - required time)
  Source:                 <hidden>
                            (rising edge-triggered cell FDRE clocked by clk_pl_0  {rise@0.000ns fall@5.000ns period=10.000ns})
  Destination:            <hidden>
                            (rising edge-triggered cell FDRE clocked by clk_pl_0  {rise@0.000ns fall@5.000ns period=10.000ns})
  Path Group:             clk_pl_0
  Path Type:              Hold (Min at Slow Process Corner)
  Requirement:            0.000ns  (clk_pl_0 rise@0.000ns - clk_pl_0 rise@0.000ns)
  Data Path Delay:        0.131ns  (logic 0.061ns (46.504%)  route 0.070ns (53.496%))
  Logic Levels:           0  
  Clock Path Skew:        0.034ns (DCD - SCD - CPR)
    Destination Clock Delay (DCD):    1.976ns
    Source Clock Delay      (SCD):    1.732ns
    Clock Pessimism Removal (CPR):    0.210ns
  Clock Net Delay (Source):      1.564ns (routing 0.512ns, distribution 1.052ns)
  Clock Net Delay (Destination): 1.768ns (routing 0.569ns, distribution 1.199ns)

    Location             Delay type                Incr(ns)  Path(ns)    Netlist Resource(s)
  -------------------------------------------------------------------    -------------------
                         (clock clk_pl_0 rise edge)
                                                      0.000     0.000 r  
    PS8_X0Y0             PS8                          0.000     0.000 r  mlp_iris_bd_i/zynq_ultra_ps_e_0/inst/PS8_i/PLCLK[0]
                         net (fo=1, routed)           0.143     0.143    mlp_iris_bd_i/zynq_ultra_ps_e_0/inst/pl_clk_unbuffered[0]
    BUFG_PS_X0Y80        BUFG_PS (Prop_BUFG_PS_I_O)
                                                      0.025     0.168 r  mlp_iris_bd_i/zynq_ultra_ps_e_0/inst/buffer_pl_clk_0.PL_CLK_0_BUFG/O
    X1Y2 (CLOCK_ROOT)    net (fo=1416, routed)        1.564     1.732    <hidden>
    SLICE_X48Y215        FDRE                                         r  <hidden>
  -------------------------------------------------------------------    -------------------
    SLICE_X48Y215        FDRE (Prop_DFF2_SLICEL_C_Q)
                                                      0.061     1.793 r  <hidden>
                         net (fo=2, routed)           0.070     1.863    <hidden>
    SLICE_X48Y213        FDRE                                         r  <hidden>
  -------------------------------------------------------------------    -------------------

                         (clock clk_pl_0 rise edge)
                                                      0.000     0.000 r  
    PS8_X0Y0             PS8                          0.000     0.000 r  mlp_iris_bd_i/zynq_ultra_ps_e_0/inst/PS8_i/PLCLK[0]
                         net (fo=1, routed)           0.180     0.180    mlp_iris_bd_i/zynq_ultra_ps_e_0/inst/pl_clk_unbuffered[0]
    BUFG_PS_X0Y80        BUFG_PS (Prop_BUFG_PS_I_O)
                                                      0.028     0.208 r  mlp_iris_bd_i/zynq_ultra_ps_e_0/inst/buffer_pl_clk_0.PL_CLK_0_BUFG/O
    X1Y2 (CLOCK_ROOT)    net (fo=1416, routed)        1.768     1.976    <hidden>
    SLICE_X48Y213        FDRE                                         r  <hidden>
                         clock pessimism             -0.210     1.766    
    SLICE_X48Y213        FDRE (Hold_EFF2_SLICEL_C_D)
                                                      0.062     1.828    <hidden>
  -------------------------------------------------------------------
                         required time                         -1.828    
                         arrival time                           1.863    
  -------------------------------------------------------------------
                         slack                                  0.035    

Slack (MET) :             0.035ns  (arrival time - required time)
  Source:                 mlp_iris_bd_i/mlp_iris_axi_wrapper_0/inst/wdata_reg_reg[26]/C
                            (rising edge-triggered cell FDRE clocked by clk_pl_0  {rise@0.000ns fall@5.000ns period=10.000ns})
  Destination:            mlp_iris_bd_i/mlp_iris_axi_wrapper_0/inst/features_reg_reg[26]/D
                            (rising edge-triggered cell FDRE clocked by clk_pl_0  {rise@0.000ns fall@5.000ns period=10.000ns})
  Path Group:             clk_pl_0
  Path Type:              Hold (Min at Slow Process Corner)
  Requirement:            0.000ns  (clk_pl_0 rise@0.000ns - clk_pl_0 rise@0.000ns)
  Data Path Delay:        0.131ns  (logic 0.059ns (45.038%)  route 0.072ns (54.962%))
  Logic Levels:           0  
  Clock Path Skew:        0.036ns (DCD - SCD - CPR)
    Destination Clock Delay (DCD):    1.964ns
    Source Clock Delay      (SCD):    1.718ns
    Clock Pessimism Removal (CPR):    0.211ns
  Clock Net Delay (Source):      1.550ns (routing 0.512ns, distribution 1.038ns)
  Clock Net Delay (Destination): 1.756ns (routing 0.569ns, distribution 1.187ns)

    Location             Delay type                Incr(ns)  Path(ns)    Netlist Resource(s)
  -------------------------------------------------------------------    -------------------
                         (clock clk_pl_0 rise edge)
                                                      0.000     0.000 r  
    PS8_X0Y0             PS8                          0.000     0.000 r  mlp_iris_bd_i/zynq_ultra_ps_e_0/inst/PS8_i/PLCLK[0]
                         net (fo=1, routed)           0.143     0.143    mlp_iris_bd_i/zynq_ultra_ps_e_0/inst/pl_clk_unbuffered[0]
    BUFG_PS_X0Y80        BUFG_PS (Prop_BUFG_PS_I_O)
                                                      0.025     0.168 r  mlp_iris_bd_i/zynq_ultra_ps_e_0/inst/buffer_pl_clk_0.PL_CLK_0_BUFG/O
    X1Y2 (CLOCK_ROOT)    net (fo=1416, routed)        1.550     1.718    mlp_iris_bd_i/mlp_iris_axi_wrapper_0/inst/s_axi_aclk
    SLICE_X52Y110        FDRE                                         r  mlp_iris_bd_i/mlp_iris_axi_wrapper_0/inst/wdata_reg_reg[26]/C
  -------------------------------------------------------------------    -------------------
    SLICE_X52Y110        FDRE (Prop_GFF_SLICEL_C_Q)
                                                      0.059     1.777 r  mlp_iris_bd_i/mlp_iris_axi_wrapper_0/inst/wdata_reg_reg[26]/Q
                         net (fo=2, routed)           0.072     1.849    mlp_iris_bd_i/mlp_iris_axi_wrapper_0/inst/wdata_reg_reg_n_0_[26]
    SLICE_X52Y109        FDRE                                         r  mlp_iris_bd_i/mlp_iris_axi_wrapper_0/inst/features_reg_reg[26]/D
  -------------------------------------------------------------------    -------------------

                         (clock clk_pl_0 rise edge)
                                                      0.000     0.000 r  
    PS8_X0Y0             PS8                          0.000     0.000 r  mlp_iris_bd_i/zynq_ultra_ps_e_0/inst/PS8_i/PLCLK[0]
                         net (fo=1, routed)           0.180     0.180    mlp_iris_bd_i/zynq_ultra_ps_e_0/inst/pl_clk_unbuffered[0]
    BUFG_PS_X0Y80        BUFG_PS (Prop_BUFG_PS_I_O)
                                                      0.028     0.208 r  mlp_iris_bd_i/zynq_ultra_ps_e_0/inst/buffer_pl_clk_0.PL_CLK_0_BUFG/O
    X1Y2 (CLOCK_ROOT)    net (fo=1416, routed)        1.756     1.964    mlp_iris_bd_i/mlp_iris_axi_wrapper_0/inst/s_axi_aclk
    SLICE_X52Y109        FDRE                                         r  mlp_iris_bd_i/mlp_iris_axi_wrapper_0/inst/features_reg_reg[26]/C
                         clock pessimism             -0.211     1.753    
    SLICE_X52Y109        FDRE (Hold_HFF_SLICEL_C_D)
                                                      0.060     1.813    mlp_iris_bd_i/mlp_iris_axi_wrapper_0/inst/features_reg_reg[26]
  -------------------------------------------------------------------
                         required time                         -1.813    
                         arrival time                           1.849    
  -------------------------------------------------------------------
                         slack                                  0.035    

Slack (MET) :             0.038ns  (arrival time - required time)
  Source:                 mlp_iris_bd_i/rst_ps8_0_100M/U0/SEQ/SEQ_COUNTER/q_int_reg[5]/C
                            (rising edge-triggered cell FDRE clocked by clk_pl_0  {rise@0.000ns fall@5.000ns period=10.000ns})
  Destination:            mlp_iris_bd_i/rst_ps8_0_100M/U0/SEQ/pr_dec_reg[0]/D
                            (rising edge-triggered cell FDRE clocked by clk_pl_0  {rise@0.000ns fall@5.000ns period=10.000ns})
  Path Group:             clk_pl_0
  Path Type:              Hold (Min at Fast Process Corner)
  Requirement:            0.000ns  (clk_pl_0 rise@0.000ns - clk_pl_0 rise@0.000ns)
  Data Path Delay:        0.105ns  (logic 0.052ns (49.630%)  route 0.053ns (50.370%))
  Logic Levels:           1  (LUT4=1)
  Clock Path Skew:        0.021ns (DCD - SCD - CPR)
    Destination Clock Delay (DCD):    1.289ns
    Source Clock Delay      (SCD):    1.124ns
    Clock Pessimism Removal (CPR):    0.145ns
  Clock Net Delay (Source):      0.985ns (routing 0.311ns, distribution 0.674ns)
  Clock Net Delay (Destination): 1.117ns (routing 0.352ns, distribution 0.765ns)

    Location             Delay type                Incr(ns)  Path(ns)    Netlist Resource(s)
  -------------------------------------------------------------------    -------------------
                         (clock clk_pl_0 rise edge)
                                                      0.000     0.000 r  
    PS8_X0Y0             PS8                          0.000     0.000 r  mlp_iris_bd_i/zynq_ultra_ps_e_0/inst/PS8_i/PLCLK[0]
                         net (fo=1, routed)           0.122     0.122    mlp_iris_bd_i/zynq_ultra_ps_e_0/inst/pl_clk_unbuffered[0]
    BUFG_PS_X0Y80        BUFG_PS (Prop_BUFG_PS_I_O)
                                                      0.017     0.139 r  mlp_iris_bd_i/zynq_ultra_ps_e_0/inst/buffer_pl_clk_0.PL_CLK_0_BUFG/O
    X1Y2 (CLOCK_ROOT)    net (fo=1416, routed)        0.985     1.124    mlp_iris_bd_i/rst_ps8_0_100M/U0/SEQ/SEQ_COUNTER/slowest_sync_clk
    SLICE_X50Y189        FDRE                                         r  mlp_iris_bd_i/rst_ps8_0_100M/U0/SEQ/SEQ_COUNTER/q_int_reg[5]/C
  -------------------------------------------------------------------    -------------------
    SLICE_X50Y189        FDRE (Prop_EFF_SLICEM_C_Q)
                                                      0.038     1.162 r  mlp_iris_bd_i/rst_ps8_0_100M/U0/SEQ/SEQ_COUNTER/q_int_reg[5]/Q
                         net (fo=4, routed)           0.032     1.193    mlp_iris_bd_i/rst_ps8_0_100M/U0/SEQ/seq_cnt[5]
    SLICE_X50Y190        LUT4 (Prop_B6LUT_SLICEM_I2_O)
                                                      0.014     1.207 r  mlp_iris_bd_i/rst_ps8_0_100M/U0/SEQ/pr_dec[0]_i_1/O
                         net (fo=1, routed)           0.021     1.228    mlp_iris_bd_i/rst_ps8_0_100M/U0/SEQ/p_3_out[0]
    SLICE_X50Y190        FDRE                                         r  mlp_iris_bd_i/rst_ps8_0_100M/U0/SEQ/pr_dec_reg[0]/D
  -------------------------------------------------------------------    -------------------

                         (clock clk_pl_0 rise edge)
                                                      0.000     0.000 r  
    PS8_X0Y0             PS8                          0.000     0.000 r  mlp_iris_bd_i/zynq_ultra_ps_e_0/inst/PS8_i/PLCLK[0]
                         net (fo=1, routed)           0.154     0.154    mlp_iris_bd_i/zynq_ultra_ps_e_0/inst/pl_clk_unbuffered[0]
    BUFG_PS_X0Y80        BUFG_PS (Prop_BUFG_PS_I_O)
                                                      0.018     0.172 r  mlp_iris_bd_i/zynq_ultra_ps_e_0/inst/buffer_pl_clk_0.PL_CLK_0_BUFG/O
    X1Y2 (CLOCK_ROOT)    net (fo=1416, routed)        1.117     1.289    mlp_iris_bd_i/rst_ps8_0_100M/U0/SEQ/slowest_sync_clk
    SLICE_X50Y190        FDRE                                         r  mlp_iris_bd_i/rst_ps8_0_100M/U0/SEQ/pr_dec_reg[0]/C
                         clock pessimism             -0.145     1.145    
    SLICE_X50Y190        FDRE (Hold_BFF_SLICEM_C_D)
                                                      0.046     1.191    mlp_iris_bd_i/rst_ps8_0_100M/U0/SEQ/pr_dec_reg[0]
  -------------------------------------------------------------------
                         required time                         -1.191    
                         arrival time                           1.228    
  -------------------------------------------------------------------
                         slack                                  0.038    

Slack (MET) :             0.038ns  (arrival time - required time)
  Source:                 <hidden>
                            (rising edge-triggered cell FDRE clocked by clk_pl_0  {rise@0.000ns fall@5.000ns period=10.000ns})
  Destination:            <hidden>
                            (rising edge-triggered cell FDRE clocked by clk_pl_0  {rise@0.000ns fall@5.000ns period=10.000ns})
  Path Group:             clk_pl_0
  Path Type:              Hold (Min at Fast Process Corner)
  Requirement:            0.000ns  (clk_pl_0 rise@0.000ns - clk_pl_0 rise@0.000ns)
  Data Path Delay:        0.100ns  (logic 0.039ns (39.000%)  route 0.061ns (61.000%))
  Logic Levels:           0  
  Clock Path Skew:        0.015ns (DCD - SCD - CPR)
    Destination Clock Delay (DCD):    1.270ns
    Source Clock Delay      (SCD):    1.109ns
    Clock Pessimism Removal (CPR):    0.147ns
  Clock Net Delay (Source):      0.970ns (routing 0.311ns, distribution 0.659ns)
  Clock Net Delay (Destination): 1.098ns (routing 0.352ns, distribution 0.746ns)

    Location             Delay type                Incr(ns)  Path(ns)    Netlist Resource(s)
  -------------------------------------------------------------------    -------------------
                         (clock clk_pl_0 rise edge)
                                                      0.000     0.000 r  
    PS8_X0Y0             PS8                          0.000     0.000 r  mlp_iris_bd_i/zynq_ultra_ps_e_0/inst/PS8_i/PLCLK[0]
                         net (fo=1, routed)           0.122     0.122    mlp_iris_bd_i/zynq_ultra_ps_e_0/inst/pl_clk_unbuffered[0]
    BUFG_PS_X0Y80        BUFG_PS (Prop_BUFG_PS_I_O)
                                                      0.017     0.139 r  mlp_iris_bd_i/zynq_ultra_ps_e_0/inst/buffer_pl_clk_0.PL_CLK_0_BUFG/O
    X1Y2 (CLOCK_ROOT)    net (fo=1416, routed)        0.970     1.109    <hidden>
    SLICE_X52Y116        FDRE                                         r  <hidden>
  -------------------------------------------------------------------    -------------------
    SLICE_X52Y116        FDRE (Prop_HFF2_SLICEL_C_Q)
                                                      0.039     1.148 r  <hidden>
                         net (fo=1, routed)           0.061     1.209    <hidden>
    SLICE_X52Y115        FDRE                                         r  <hidden>
  -------------------------------------------------------------------    -------------------

                         (clock clk_pl_0 rise edge)
                                                      0.000     0.000 r  
    PS8_X0Y0             PS8                          0.000     0.000 r  mlp_iris_bd_i/zynq_ultra_ps_e_0/inst/PS8_i/PLCLK[0]
                         net (fo=1, routed)           0.154     0.154    mlp_iris_bd_i/zynq_ultra_ps_e_0/inst/pl_clk_unbuffered[0]
    BUFG_PS_X0Y80        BUFG_PS (Prop_BUFG_PS_I_O)
                                                      0.018     0.172 r  mlp_iris_bd_i/zynq_ultra_ps_e_0/inst/buffer_pl_clk_0.PL_CLK_0_BUFG/O
    X1Y2 (CLOCK_ROOT)    net (fo=1416, routed)        1.098     1.270    <hidden>
    SLICE_X52Y115        FDRE                                         r  <hidden>
                         clock pessimism             -0.147     1.123    
    SLICE_X52Y115        FDRE (Hold_EFF2_SLICEL_C_D)
                                                      0.047     1.170    <hidden>
  -------------------------------------------------------------------
                         required time                         -1.170    
                         arrival time                           1.209    
  -------------------------------------------------------------------
                         slack                                  0.038    

Slack (MET) :             0.039ns  (arrival time - required time)
  Source:                 <hidden>
                            (rising edge-triggered cell FDRE clocked by clk_pl_0  {rise@0.000ns fall@5.000ns period=10.000ns})
  Destination:            <hidden>
                            (rising edge-triggered cell FDRE clocked by clk_pl_0  {rise@0.000ns fall@5.000ns period=10.000ns})
  Path Group:             clk_pl_0
  Path Type:              Hold (Min at Fast Process Corner)
  Requirement:            0.000ns  (clk_pl_0 rise@0.000ns - clk_pl_0 rise@0.000ns)
  Data Path Delay:        0.108ns  (logic 0.063ns (58.136%)  route 0.045ns (41.864%))
  Logic Levels:           2  (LUT5=1 MUXF7=1)
  Clock Path Skew:        0.024ns (DCD - SCD - CPR)
    Destination Clock Delay (DCD):    1.284ns
    Source Clock Delay      (SCD):    1.114ns
    Clock Pessimism Removal (CPR):    0.146ns
  Clock Net Delay (Source):      0.975ns (routing 0.311ns, distribution 0.664ns)
  Clock Net Delay (Destination): 1.112ns (routing 0.352ns, distribution 0.760ns)

    Location             Delay type                Incr(ns)  Path(ns)    Netlist Resource(s)
  -------------------------------------------------------------------    -------------------
                         (clock clk_pl_0 rise edge)
                                                      0.000     0.000 r  
    PS8_X0Y0             PS8                          0.000     0.000 r  mlp_iris_bd_i/zynq_ultra_ps_e_0/inst/PS8_i/PLCLK[0]
                         net (fo=1, routed)           0.122     0.122    mlp_iris_bd_i/zynq_ultra_ps_e_0/inst/pl_clk_unbuffered[0]
    BUFG_PS_X0Y80        BUFG_PS (Prop_BUFG_PS_I_O)
                                                      0.017     0.139 r  mlp_iris_bd_i/zynq_ultra_ps_e_0/inst/buffer_pl_clk_0.PL_CLK_0_BUFG/O
    X1Y2 (CLOCK_ROOT)    net (fo=1416, routed)        0.975     1.114    <hidden>
    SLICE_X51Y117        FDRE                                         r  <hidden>
  -------------------------------------------------------------------    -------------------
    SLICE_X51Y117        FDRE (Prop_CFF_SLICEL_C_Q)
                                                      0.039     1.153 r  <hidden>
                         net (fo=8, routed)           0.031     1.184    <hidden>
    SLICE_X51Y116        LUT5 (Prop_G6LUT_SLICEL_I3_O)
                                                      0.014     1.198 r  <hidden>
                         net (fo=1, routed)           0.007     1.205    <hidden>
    SLICE_X51Y116        MUXF7 (Prop_F7MUX_GH_SLICEL_I1_O)
                                                      0.010     1.215 r  <hidden>
                         net (fo=1, routed)           0.007     1.222    <hidden>
    SLICE_X51Y116        FDRE                                         r  <hidden>
  -------------------------------------------------------------------    -------------------

                         (clock clk_pl_0 rise edge)
                                                      0.000     0.000 r  
    PS8_X0Y0             PS8                          0.000     0.000 r  mlp_iris_bd_i/zynq_ultra_ps_e_0/inst/PS8_i/PLCLK[0]
                         net (fo=1, routed)           0.154     0.154    mlp_iris_bd_i/zynq_ultra_ps_e_0/inst/pl_clk_unbuffered[0]
    BUFG_PS_X0Y80        BUFG_PS (Prop_BUFG_PS_I_O)
                                                      0.018     0.172 r  mlp_iris_bd_i/zynq_ultra_ps_e_0/inst/buffer_pl_clk_0.PL_CLK_0_BUFG/O
    X1Y2 (CLOCK_ROOT)    net (fo=1416, routed)        1.112     1.284    <hidden>
    SLICE_X51Y116        FDRE                                         r  <hidden>
                         clock pessimism             -0.146     1.137    
    SLICE_X51Y116        FDRE (Hold_HFF_SLICEL_C_D)
                                                      0.046     1.183    <hidden>
  -------------------------------------------------------------------
                         required time                         -1.183    
                         arrival time                           1.222    
  -------------------------------------------------------------------
                         slack                                  0.039    

Slack (MET) :             0.040ns  (arrival time - required time)
  Source:                 mlp_iris_bd_i/mlp_iris_axi_wrapper_0/inst/mlp_core_i/inst/ap_enable_reg_pp0_iter5_reg/C
                            (rising edge-triggered cell FDRE clocked by clk_pl_0  {rise@0.000ns fall@5.000ns period=10.000ns})
  Destination:            mlp_iris_bd_i/mlp_iris_axi_wrapper_0/inst/output2_valid_reg/D
                            (rising edge-triggered cell FDRE clocked by clk_pl_0  {rise@0.000ns fall@5.000ns period=10.000ns})
  Path Group:             clk_pl_0
  Path Type:              Hold (Min at Slow Process Corner)
  Requirement:            0.000ns  (clk_pl_0 rise@0.000ns - clk_pl_0 rise@0.000ns)
  Data Path Delay:        0.209ns  (logic 0.091ns (43.554%)  route 0.118ns (56.446%))
  Logic Levels:           1  (LUT3=1)
  Clock Path Skew:        0.107ns (DCD - SCD - CPR)
    Destination Clock Delay (DCD):    1.975ns
    Source Clock Delay      (SCD):    1.703ns
    Clock Pessimism Removal (CPR):    0.165ns
  Clock Net Delay (Source):      1.535ns (routing 0.512ns, distribution 1.023ns)
  Clock Net Delay (Destination): 1.767ns (routing 0.569ns, distribution 1.198ns)

    Location             Delay type                Incr(ns)  Path(ns)    Netlist Resource(s)
  -------------------------------------------------------------------    -------------------
                         (clock clk_pl_0 rise edge)
                                                      0.000     0.000 r  
    PS8_X0Y0             PS8                          0.000     0.000 r  mlp_iris_bd_i/zynq_ultra_ps_e_0/inst/PS8_i/PLCLK[0]
                         net (fo=1, routed)           0.143     0.143    mlp_iris_bd_i/zynq_ultra_ps_e_0/inst/pl_clk_unbuffered[0]
    BUFG_PS_X0Y80        BUFG_PS (Prop_BUFG_PS_I_O)
                                                      0.025     0.168 r  mlp_iris_bd_i/zynq_ultra_ps_e_0/inst/buffer_pl_clk_0.PL_CLK_0_BUFG/O
    X1Y2 (CLOCK_ROOT)    net (fo=1416, routed)        1.535     1.703    mlp_iris_bd_i/mlp_iris_axi_wrapper_0/inst/mlp_core_i/inst/ap_clk
    SLICE_X53Y95         FDRE                                         r  mlp_iris_bd_i/mlp_iris_axi_wrapper_0/inst/mlp_core_i/inst/ap_enable_reg_pp0_iter5_reg/C
  -------------------------------------------------------------------    -------------------
    SLICE_X53Y95         FDRE (Prop_HFF2_SLICEM_C_Q)
                                                      0.059     1.762 r  mlp_iris_bd_i/mlp_iris_axi_wrapper_0/inst/mlp_core_i/inst/ap_enable_reg_pp0_iter5_reg/Q
                         net (fo=10, routed)          0.109     1.871    mlp_iris_bd_i/mlp_iris_axi_wrapper_0/inst/core_out2_vld
    SLICE_X55Y95         LUT3 (Prop_D5LUT_SLICEL_I0_O)
                                                      0.032     1.903 r  mlp_iris_bd_i/mlp_iris_axi_wrapper_0/inst/output2_valid_i_1/O
                         net (fo=1, routed)           0.009     1.912    mlp_iris_bd_i/mlp_iris_axi_wrapper_0/inst/output2_valid_i_1_n_0
    SLICE_X55Y95         FDRE                                         r  mlp_iris_bd_i/mlp_iris_axi_wrapper_0/inst/output2_valid_reg/D
  -------------------------------------------------------------------    -------------------

                         (clock clk_pl_0 rise edge)
                                                      0.000     0.000 r  
    PS8_X0Y0             PS8                          0.000     0.000 r  mlp_iris_bd_i/zynq_ultra_ps_e_0/inst/PS8_i/PLCLK[0]
                         net (fo=1, routed)           0.180     0.180    mlp_iris_bd_i/zynq_ultra_ps_e_0/inst/pl_clk_unbuffered[0]
    BUFG_PS_X0Y80        BUFG_PS (Prop_BUFG_PS_I_O)
                                                      0.028     0.208 r  mlp_iris_bd_i/zynq_ultra_ps_e_0/inst/buffer_pl_clk_0.PL_CLK_0_BUFG/O
    X1Y2 (CLOCK_ROOT)    net (fo=1416, routed)        1.767     1.975    mlp_iris_bd_i/mlp_iris_axi_wrapper_0/inst/s_axi_aclk
    SLICE_X55Y95         FDRE                                         r  mlp_iris_bd_i/mlp_iris_axi_wrapper_0/inst/output2_valid_reg/C
                         clock pessimism             -0.165     1.810    
    SLICE_X55Y95         FDRE (Hold_DFF2_SLICEL_C_D)
                                                      0.062     1.872    mlp_iris_bd_i/mlp_iris_axi_wrapper_0/inst/output2_valid_reg
  -------------------------------------------------------------------
                         required time                         -1.872    
                         arrival time                           1.912    
  -------------------------------------------------------------------
                         slack                                  0.040    

Slack (MET) :             0.040ns  (arrival time - required time)
  Source:                 mlp_iris_bd_i/rst_ps8_0_100M/U0/SEQ/Core_reg/C
                            (rising edge-triggered cell FDSE clocked by clk_pl_0  {rise@0.000ns fall@5.000ns period=10.000ns})
  Destination:            mlp_iris_bd_i/rst_ps8_0_100M/U0/SEQ/from_sys_reg/D
                            (rising edge-triggered cell FDSE clocked by clk_pl_0  {rise@0.000ns fall@5.000ns period=10.000ns})
  Path Group:             clk_pl_0
  Path Type:              Hold (Min at Fast Process Corner)
  Requirement:            0.000ns  (clk_pl_0 rise@0.000ns - clk_pl_0 rise@0.000ns)
  Data Path Delay:        0.093ns  (logic 0.060ns (64.516%)  route 0.033ns (35.484%))
  Logic Levels:           1  (LUT2=1)
  Clock Path Skew:        0.006ns (DCD - SCD - CPR)
    Destination Clock Delay (DCD):    1.288ns
    Source Clock Delay      (SCD):    1.124ns
    Clock Pessimism Removal (CPR):    0.159ns
  Clock Net Delay (Source):      0.985ns (routing 0.311ns, distribution 0.674ns)
  Clock Net Delay (Destination): 1.116ns (routing 0.352ns, distribution 0.764ns)

    Location             Delay type                Incr(ns)  Path(ns)    Netlist Resource(s)
  -------------------------------------------------------------------    -------------------
                         (clock clk_pl_0 rise edge)
                                                      0.000     0.000 r  
    PS8_X0Y0             PS8                          0.000     0.000 r  mlp_iris_bd_i/zynq_ultra_ps_e_0/inst/PS8_i/PLCLK[0]
                         net (fo=1, routed)           0.122     0.122    mlp_iris_bd_i/zynq_ultra_ps_e_0/inst/pl_clk_unbuffered[0]
    BUFG_PS_X0Y80        BUFG_PS (Prop_BUFG_PS_I_O)
                                                      0.017     0.139 r  mlp_iris_bd_i/zynq_ultra_ps_e_0/inst/buffer_pl_clk_0.PL_CLK_0_BUFG/O
    X1Y2 (CLOCK_ROOT)    net (fo=1416, routed)        0.985     1.124    mlp_iris_bd_i/rst_ps8_0_100M/U0/SEQ/slowest_sync_clk
    SLICE_X50Y190        FDSE                                         r  mlp_iris_bd_i/rst_ps8_0_100M/U0/SEQ/Core_reg/C
  -------------------------------------------------------------------    -------------------
    SLICE_X50Y190        FDSE (Prop_HFF_SLICEM_C_Q)
                                                      0.039     1.163 r  mlp_iris_bd_i/rst_ps8_0_100M/U0/SEQ/Core_reg/Q
                         net (fo=2, routed)           0.027     1.190    mlp_iris_bd_i/rst_ps8_0_100M/U0/SEQ/MB_out
    SLICE_X50Y190        LUT2 (Prop_H5LUT_SLICEM_I0_O)
                                                      0.021     1.211 r  mlp_iris_bd_i/rst_ps8_0_100M/U0/SEQ/from_sys_i_1/O
                         net (fo=1, routed)           0.006     1.217    mlp_iris_bd_i/rst_ps8_0_100M/U0/SEQ/from_sys_i_1_n_0
    SLICE_X50Y190        FDSE                                         r  mlp_iris_bd_i/rst_ps8_0_100M/U0/SEQ/from_sys_reg/D
  -------------------------------------------------------------------    -------------------

                         (clock clk_pl_0 rise edge)
                                                      0.000     0.000 r  
    PS8_X0Y0             PS8                          0.000     0.000 r  mlp_iris_bd_i/zynq_ultra_ps_e_0/inst/PS8_i/PLCLK[0]
                         net (fo=1, routed)           0.154     0.154    mlp_iris_bd_i/zynq_ultra_ps_e_0/inst/pl_clk_unbuffered[0]
    BUFG_PS_X0Y80        BUFG_PS (Prop_BUFG_PS_I_O)
                                                      0.018     0.172 r  mlp_iris_bd_i/zynq_ultra_ps_e_0/inst/buffer_pl_clk_0.PL_CLK_0_BUFG/O
    X1Y2 (CLOCK_ROOT)    net (fo=1416, routed)        1.116     1.288    mlp_iris_bd_i/rst_ps8_0_100M/U0/SEQ/slowest_sync_clk
    SLICE_X50Y190        FDSE                                         r  mlp_iris_bd_i/rst_ps8_0_100M/U0/SEQ/from_sys_reg/C
                         clock pessimism             -0.159     1.130    
    SLICE_X50Y190        FDSE (Hold_HFF2_SLICEM_C_D)
                                                      0.047     1.177    mlp_iris_bd_i/rst_ps8_0_100M/U0/SEQ/from_sys_reg
  -------------------------------------------------------------------
                         required time                         -1.177    
                         arrival time                           1.217    
  -------------------------------------------------------------------
                         slack                                  0.040    

Slack (MET) :             0.041ns  (arrival time - required time)
  Source:                 <hidden>
                            (rising edge-triggered cell FDRE clocked by clk_pl_0  {rise@0.000ns fall@5.000ns period=10.000ns})
  Destination:            <hidden>
                            (rising edge-triggered cell FDRE clocked by clk_pl_0  {rise@0.000ns fall@5.000ns period=10.000ns})
  Path Group:             clk_pl_0
  Path Type:              Hold (Min at Slow Process Corner)
  Requirement:            0.000ns  (clk_pl_0 rise@0.000ns - clk_pl_0 rise@0.000ns)
  Data Path Delay:        0.247ns  (logic 0.093ns (37.709%)  route 0.154ns (62.291%))
  Logic Levels:           1  (LUT6=1)
  Clock Path Skew:        0.146ns (DCD - SCD - CPR)
    Destination Clock Delay (DCD):    1.980ns
    Source Clock Delay      (SCD):    1.733ns
    Clock Pessimism Removal (CPR):    0.101ns
  Clock Net Delay (Source):      1.565ns (routing 0.512ns, distribution 1.053ns)
  Clock Net Delay (Destination): 1.772ns (routing 0.569ns, distribution 1.203ns)

    Location             Delay type                Incr(ns)  Path(ns)    Netlist Resource(s)
  -------------------------------------------------------------------    -------------------
                         (clock clk_pl_0 rise edge)
                                                      0.000     0.000 r  
    PS8_X0Y0             PS8                          0.000     0.000 r  mlp_iris_bd_i/zynq_ultra_ps_e_0/inst/PS8_i/PLCLK[0]
                         net (fo=1, routed)           0.143     0.143    mlp_iris_bd_i/zynq_ultra_ps_e_0/inst/pl_clk_unbuffered[0]
    BUFG_PS_X0Y80        BUFG_PS (Prop_BUFG_PS_I_O)
                                                      0.025     0.168 r  mlp_iris_bd_i/zynq_ultra_ps_e_0/inst/buffer_pl_clk_0.PL_CLK_0_BUFG/O
    X1Y2 (CLOCK_ROOT)    net (fo=1416, routed)        1.565     1.733    <hidden>
    SLICE_X50Y119        FDRE                                         r  <hidden>
  -------------------------------------------------------------------    -------------------
    SLICE_X50Y119        FDRE (Prop_CFF_SLICEM_C_Q)
                                                      0.058     1.791 r  <hidden>
                         net (fo=6, routed)           0.125     1.915    <hidden>
    SLICE_X50Y120        LUT6 (Prop_B6LUT_SLICEM_I1_O)
                                                      0.035     1.950 r  <hidden>
                         net (fo=1, routed)           0.029     1.979    <hidden>
    SLICE_X50Y120        FDRE                                         r  <hidden>
  -------------------------------------------------------------------    -------------------

                         (clock clk_pl_0 rise edge)
                                                      0.000     0.000 r  
    PS8_X0Y0             PS8                          0.000     0.000 r  mlp_iris_bd_i/zynq_ultra_ps_e_0/inst/PS8_i/PLCLK[0]
                         net (fo=1, routed)           0.180     0.180    mlp_iris_bd_i/zynq_ultra_ps_e_0/inst/pl_clk_unbuffered[0]
    BUFG_PS_X0Y80        BUFG_PS (Prop_BUFG_PS_I_O)
                                                      0.028     0.208 r  mlp_iris_bd_i/zynq_ultra_ps_e_0/inst/buffer_pl_clk_0.PL_CLK_0_BUFG/O
    X1Y2 (CLOCK_ROOT)    net (fo=1416, routed)        1.772     1.980    <hidden>
    SLICE_X50Y120        FDRE                                         r  <hidden>
                         clock pessimism             -0.101     1.879    
    SLICE_X50Y120        FDRE (Hold_BFF_SLICEM_C_D)
                                                      0.060     1.939    <hidden>
  -------------------------------------------------------------------
                         required time                         -1.939    
                         arrival time                           1.979    
  -------------------------------------------------------------------
                         slack                                  0.041    

Slack (MET) :             0.041ns  (arrival time - required time)
  Source:                 <hidden>
                            (rising edge-triggered cell FDRE clocked by clk_pl_0  {rise@0.000ns fall@5.000ns period=10.000ns})
  Destination:            <hidden>
                            (rising edge-triggered cell FDRE clocked by clk_pl_0  {rise@0.000ns fall@5.000ns period=10.000ns})
  Path Group:             clk_pl_0
  Path Type:              Hold (Min at Fast Process Corner)
  Requirement:            0.000ns  (clk_pl_0 rise@0.000ns - clk_pl_0 rise@0.000ns)
  Data Path Delay:        0.128ns  (logic 0.053ns (41.277%)  route 0.075ns (58.723%))
  Logic Levels:           1  (LUT6=1)
  Clock Path Skew:        0.042ns (DCD - SCD - CPR)
    Destination Clock Delay (DCD):    1.264ns
    Source Clock Delay      (SCD):    1.104ns
    Clock Pessimism Removal (CPR):    0.118ns
  Clock Net Delay (Source):      0.965ns (routing 0.311ns, distribution 0.654ns)
  Clock Net Delay (Destination): 1.092ns (routing 0.352ns, distribution 0.740ns)

    Location             Delay type                Incr(ns)  Path(ns)    Netlist Resource(s)
  -------------------------------------------------------------------    -------------------
                         (clock clk_pl_0 rise edge)
                                                      0.000     0.000 r  
    PS8_X0Y0             PS8                          0.000     0.000 r  mlp_iris_bd_i/zynq_ultra_ps_e_0/inst/PS8_i/PLCLK[0]
                         net (fo=1, routed)           0.122     0.122    mlp_iris_bd_i/zynq_ultra_ps_e_0/inst/pl_clk_unbuffered[0]
    BUFG_PS_X0Y80        BUFG_PS (Prop_BUFG_PS_I_O)
                                                      0.017     0.139 r  mlp_iris_bd_i/zynq_ultra_ps_e_0/inst/buffer_pl_clk_0.PL_CLK_0_BUFG/O
    X1Y2 (CLOCK_ROOT)    net (fo=1416, routed)        0.965     1.104    <hidden>
    SLICE_X53Y107        FDRE                                         r  <hidden>
  -------------------------------------------------------------------    -------------------
    SLICE_X53Y107        FDRE (Prop_EFF2_SLICEM_C_Q)
                                                      0.039     1.143 r  <hidden>
                         net (fo=8, routed)           0.059     1.202    <hidden>
    SLICE_X52Y107        LUT6 (Prop_A6LUT_SLICEL_I1_O)
                                                      0.014     1.216 r  <hidden>
                         net (fo=1, routed)           0.016     1.232    <hidden>
    SLICE_X52Y107        FDRE                                         r  <hidden>
  -------------------------------------------------------------------    -------------------

                         (clock clk_pl_0 rise edge)
                                                      0.000     0.000 r  
    PS8_X0Y0             PS8                          0.000     0.000 r  mlp_iris_bd_i/zynq_ultra_ps_e_0/inst/PS8_i/PLCLK[0]
                         net (fo=1, routed)           0.154     0.154    mlp_iris_bd_i/zynq_ultra_ps_e_0/inst/pl_clk_unbuffered[0]
    BUFG_PS_X0Y80        BUFG_PS (Prop_BUFG_PS_I_O)
                                                      0.018     0.172 r  mlp_iris_bd_i/zynq_ultra_ps_e_0/inst/buffer_pl_clk_0.PL_CLK_0_BUFG/O
    X1Y2 (CLOCK_ROOT)    net (fo=1416, routed)        1.092     1.264    <hidden>
    SLICE_X52Y107        FDRE                                         r  <hidden>
                         clock pessimism             -0.118     1.146    
    SLICE_X52Y107        FDRE (Hold_AFF_SLICEL_C_D)
                                                      0.046     1.192    <hidden>
  -------------------------------------------------------------------
                         required time                         -1.192    
                         arrival time                           1.232    
  -------------------------------------------------------------------
                         slack                                  0.041    

Slack (MET) :             0.041ns  (arrival time - required time)
  Source:                 <hidden>
                            (rising edge-triggered cell FDRE clocked by clk_pl_0  {rise@0.000ns fall@5.000ns period=10.000ns})
  Destination:            <hidden>
                            (rising edge-triggered cell FDRE clocked by clk_pl_0  {rise@0.000ns fall@5.000ns period=10.000ns})
  Path Group:             clk_pl_0
  Path Type:              Hold (Min at Fast Process Corner)
  Requirement:            0.000ns  (clk_pl_0 rise@0.000ns - clk_pl_0 rise@0.000ns)
  Data Path Delay:        0.103ns  (logic 0.063ns (61.298%)  route 0.040ns (38.702%))
  Logic Levels:           1  (LUT5=1)
  Clock Path Skew:        0.015ns (DCD - SCD - CPR)
    Destination Clock Delay (DCD):    1.281ns
    Source Clock Delay      (SCD):    1.113ns
    Clock Pessimism Removal (CPR):    0.154ns
  Clock Net Delay (Source):      0.974ns (routing 0.311ns, distribution 0.663ns)
  Clock Net Delay (Destination): 1.109ns (routing 0.352ns, distribution 0.757ns)

    Location             Delay type                Incr(ns)  Path(ns)    Netlist Resource(s)
  -------------------------------------------------------------------    -------------------
                         (clock clk_pl_0 rise edge)
                                                      0.000     0.000 r  
    PS8_X0Y0             PS8                          0.000     0.000 r  mlp_iris_bd_i/zynq_ultra_ps_e_0/inst/PS8_i/PLCLK[0]
                         net (fo=1, routed)           0.122     0.122    mlp_iris_bd_i/zynq_ultra_ps_e_0/inst/pl_clk_unbuffered[0]
    BUFG_PS_X0Y80        BUFG_PS (Prop_BUFG_PS_I_O)
                                                      0.017     0.139 r  mlp_iris_bd_i/zynq_ultra_ps_e_0/inst/buffer_pl_clk_0.PL_CLK_0_BUFG/O
    X1Y2 (CLOCK_ROOT)    net (fo=1416, routed)        0.974     1.113    <hidden>
    SLICE_X56Y113        FDRE                                         r  <hidden>
  -------------------------------------------------------------------    -------------------
    SLICE_X56Y113        FDRE (Prop_GFF_SLICEM_C_Q)
                                                      0.039     1.152 r  <hidden>
                         net (fo=11, routed)          0.031     1.182    <hidden>
    SLICE_X56Y113        LUT5 (Prop_D5LUT_SLICEM_I2_O)
                                                      0.024     1.206 r  <hidden>
                         net (fo=1, routed)           0.009     1.215    <hidden>
    SLICE_X56Y113        FDRE                                         r  <hidden>
  -------------------------------------------------------------------    -------------------

                         (clock clk_pl_0 rise edge)
                                                      0.000     0.000 r  
    PS8_X0Y0             PS8                          0.000     0.000 r  mlp_iris_bd_i/zynq_ultra_ps_e_0/inst/PS8_i/PLCLK[0]
                         net (fo=1, routed)           0.154     0.154    mlp_iris_bd_i/zynq_ultra_ps_e_0/inst/pl_clk_unbuffered[0]
    BUFG_PS_X0Y80        BUFG_PS (Prop_BUFG_PS_I_O)
                                                      0.018     0.172 r  mlp_iris_bd_i/zynq_ultra_ps_e_0/inst/buffer_pl_clk_0.PL_CLK_0_BUFG/O
    X1Y2 (CLOCK_ROOT)    net (fo=1416, routed)        1.109     1.281    <hidden>
    SLICE_X56Y113        FDRE                                         r  <hidden>
                         clock pessimism             -0.154     1.127    
    SLICE_X56Y113        FDRE (Hold_DFF2_SLICEM_C_D)
                                                      0.047     1.174    <hidden>
  -------------------------------------------------------------------
                         required time                         -1.174    
                         arrival time                           1.215    
  -------------------------------------------------------------------
                         slack                                  0.041    





Pulse Width Checks
--------------------------------------------------------------------------------------
Clock Name:         clk_pl_0
Waveform(ns):       { 0.000 5.000 }
Period(ns):         10.000
Sources:            { mlp_iris_bd_i/zynq_ultra_ps_e_0/inst/PS8_i/PLCLK[0] }

Check Type        Corner  Lib Pin             Reference Pin  Required(ns)  Actual(ns)  Slack(ns)  Location       Pin
Min Period        n/a     PS8/MAXIGP0ACLK     n/a            3.000         10.000      7.000      PS8_X0Y0       mlp_iris_bd_i/zynq_ultra_ps_e_0/inst/PS8_i/MAXIGP0ACLK
Min Period        n/a     RAMB18E2/CLKARDCLK  n/a            1.355         10.000      8.645      RAMB18_X1Y34   mlp_iris_bd_i/mlp_iris_axi_wrapper_0/inst/mlp_core_i/inst/grp_softmax_stable_ap_fixed_ap_fixed_16_6_5_3_0_softmax_config7_s_fu_127/exp_table_U/q0_reg/CLKARDCLK
Min Period        n/a     RAMB18E2/CLKBWRCLK  n/a            1.355         10.000      8.645      RAMB18_X1Y34   mlp_iris_bd_i/mlp_iris_axi_wrapper_0/inst/mlp_core_i/inst/grp_softmax_stable_ap_fixed_ap_fixed_16_6_5_3_0_softmax_config7_s_fu_127/exp_table_U/q0_reg/CLKBWRCLK
Min Period        n/a     RAMB18E2/CLKARDCLK  n/a            1.355         10.000      8.645      RAMB18_X2Y34   mlp_iris_bd_i/mlp_iris_axi_wrapper_0/inst/mlp_core_i/inst/grp_softmax_stable_ap_fixed_ap_fixed_16_6_5_3_0_softmax_config7_s_fu_127/exp_table_U/q2_reg/CLKARDCLK
Min Period        n/a     RAMB18E2/CLKARDCLK  n/a            1.355         10.000      8.645      RAMB18_X1Y36   mlp_iris_bd_i/mlp_iris_axi_wrapper_0/inst/mlp_core_i/inst/grp_softmax_stable_ap_fixed_ap_fixed_16_6_5_3_0_softmax_config7_s_fu_127/invert_table_U/q0_reg/CLKARDCLK
Min Period        n/a     SRL16E/CLK          n/a            1.064         10.000      8.936      SLICE_X50Y192  mlp_iris_bd_i/axi_smc/inst/clk_map/psr_aclk/U0/EXT_LPF/POR_SRL_I/CLK
Min Period        n/a     SRL16E/CLK          n/a            1.064         10.000      8.936      SLICE_X50Y211  mlp_iris_bd_i/rst_ps8_0_100M/U0/EXT_LPF/POR_SRL_I/CLK
Min Period        n/a     FDRE/C              n/a            0.550         10.000      9.450      SLICE_X50Y196  mlp_iris_bd_i/axi_smc/inst/clk_map/psr_aclk/U0/ACTIVE_LOW_BSR_OUT_DFF[0].FDRE_BSR_N/C
Min Period        n/a     FDRE/C              n/a            0.550         10.000      9.450      SLICE_X50Y194  mlp_iris_bd_i/axi_smc/inst/clk_map/psr_aclk/U0/EXT_LPF/lpf_asr_reg/C
Min Period        n/a     FDRE/C              n/a            0.550         10.000      9.450      SLICE_X50Y194  mlp_iris_bd_i/axi_smc/inst/clk_map/psr_aclk/U0/EXT_LPF/lpf_int_reg/C
Min Period        n/a     FDRE/C              n/a            0.550         10.000      9.450      SLICE_X50Y194  mlp_iris_bd_i/axi_smc/inst/clk_map/psr_aclk/U0/EXT_LPF/ACTIVE_LOW_AUX.ACT_LO_AUX/GENERATE_LEVEL_P_S_CDC.SINGLE_BIT.CROSS_PLEVEL_IN2SCNDRY_IN_cdc_to/C
Min Period        n/a     FDRE/C              n/a            0.550         10.000      9.450      SLICE_X50Y194  mlp_iris_bd_i/axi_smc/inst/clk_map/psr_aclk/U0/EXT_LPF/ACTIVE_LOW_AUX.ACT_LO_AUX/GENERATE_LEVEL_P_S_CDC.SINGLE_BIT.CROSS_PLEVEL_IN2SCNDRY_s_level_out_d2/C
Min Period        n/a     FDRE/C              n/a            0.550         10.000      9.450      SLICE_X50Y194  mlp_iris_bd_i/axi_smc/inst/clk_map/psr_aclk/U0/EXT_LPF/ACTIVE_LOW_AUX.ACT_LO_AUX/GENERATE_LEVEL_P_S_CDC.SINGLE_BIT.CROSS_PLEVEL_IN2SCNDRY_s_level_out_d3/C
Min Period        n/a     FDRE/C              n/a            0.550         10.000      9.450      SLICE_X50Y194  mlp_iris_bd_i/axi_smc/inst/clk_map/psr_aclk/U0/EXT_LPF/ACTIVE_LOW_AUX.ACT_LO_AUX/GENERATE_LEVEL_P_S_CDC.SINGLE_BIT.CROSS_PLEVEL_IN2SCNDRY_s_level_out_d4/C
Min Period        n/a     FDSE/C              n/a            0.550         10.000      9.450      SLICE_X50Y214  mlp_iris_bd_i/axi_smc/inst/clk_map/psr_aclk/U0/SEQ/Core_reg/C
Min Period        n/a     FDRE/C              n/a            0.550         10.000      9.450      SLICE_X50Y215  mlp_iris_bd_i/axi_smc/inst/clk_map/psr_aclk/U0/SEQ/bsr_dec_reg[0]/C
Min Period        n/a     FDRE/C              n/a            0.550         10.000      9.450      SLICE_X50Y215  mlp_iris_bd_i/axi_smc/inst/clk_map/psr_aclk/U0/SEQ/bsr_dec_reg[1]/C
Min Period        n/a     FDRE/C              n/a            0.550         10.000      9.450      SLICE_X50Y215  mlp_iris_bd_i/axi_smc/inst/clk_map/psr_aclk/U0/SEQ/bsr_dec_reg[2]/C
Min Period        n/a     FDSE/C              n/a            0.550         10.000      9.450      SLICE_X50Y196  mlp_iris_bd_i/axi_smc/inst/clk_map/psr_aclk/U0/SEQ/bsr_reg/C
Min Period        n/a     FDRE/C              n/a            0.550         10.000      9.450      SLICE_X50Y215  mlp_iris_bd_i/axi_smc/inst/clk_map/psr_aclk/U0/SEQ/core_dec_reg[0]/C
Low Pulse Width   Slow    PS8/MAXIGP0ACLK     n/a            1.500         5.000       3.500      PS8_X0Y0       mlp_iris_bd_i/zynq_ultra_ps_e_0/inst/PS8_i/MAXIGP0ACLK
Low Pulse Width   Fast    PS8/MAXIGP0ACLK     n/a            1.500         5.000       3.500      PS8_X0Y0       mlp_iris_bd_i/zynq_ultra_ps_e_0/inst/PS8_i/MAXIGP0ACLK
Low Pulse Width   Slow    RAMB18E2/CLKARDCLK  n/a            0.542         5.000       4.458      RAMB18_X1Y34   mlp_iris_bd_i/mlp_iris_axi_wrapper_0/inst/mlp_core_i/inst/grp_softmax_stable_ap_fixed_ap_fixed_16_6_5_3_0_softmax_config7_s_fu_127/exp_table_U/q0_reg/CLKARDCLK
Low Pulse Width   Fast    RAMB18E2/CLKARDCLK  n/a            0.542         5.000       4.458      RAMB18_X1Y34   mlp_iris_bd_i/mlp_iris_axi_wrapper_0/inst/mlp_core_i/inst/grp_softmax_stable_ap_fixed_ap_fixed_16_6_5_3_0_softmax_config7_s_fu_127/exp_table_U/q0_reg/CLKARDCLK
Low Pulse Width   Slow    RAMB18E2/CLKBWRCLK  n/a            0.542         5.000       4.458      RAMB18_X1Y34   mlp_iris_bd_i/mlp_iris_axi_wrapper_0/inst/mlp_core_i/inst/grp_softmax_stable_ap_fixed_ap_fixed_16_6_5_3_0_softmax_config7_s_fu_127/exp_table_U/q0_reg/CLKBWRCLK
Low Pulse Width   Fast    RAMB18E2/CLKBWRCLK  n/a            0.542         5.000       4.458      RAMB18_X1Y34   mlp_iris_bd_i/mlp_iris_axi_wrapper_0/inst/mlp_core_i/inst/grp_softmax_stable_ap_fixed_ap_fixed_16_6_5_3_0_softmax_config7_s_fu_127/exp_table_U/q0_reg/CLKBWRCLK
Low Pulse Width   Slow    RAMB18E2/CLKARDCLK  n/a            0.542         5.000       4.458      RAMB18_X2Y34   mlp_iris_bd_i/mlp_iris_axi_wrapper_0/inst/mlp_core_i/inst/grp_softmax_stable_ap_fixed_ap_fixed_16_6_5_3_0_softmax_config7_s_fu_127/exp_table_U/q2_reg/CLKARDCLK
Low Pulse Width   Fast    RAMB18E2/CLKARDCLK  n/a            0.542         5.000       4.458      RAMB18_X2Y34   mlp_iris_bd_i/mlp_iris_axi_wrapper_0/inst/mlp_core_i/inst/grp_softmax_stable_ap_fixed_ap_fixed_16_6_5_3_0_softmax_config7_s_fu_127/exp_table_U/q2_reg/CLKARDCLK
Low Pulse Width   Slow    RAMB18E2/CLKARDCLK  n/a            0.542         5.000       4.458      RAMB18_X1Y36   mlp_iris_bd_i/mlp_iris_axi_wrapper_0/inst/mlp_core_i/inst/grp_softmax_stable_ap_fixed_ap_fixed_16_6_5_3_0_softmax_config7_s_fu_127/invert_table_U/q0_reg/CLKARDCLK
Low Pulse Width   Fast    RAMB18E2/CLKARDCLK  n/a            0.542         5.000       4.458      RAMB18_X1Y36   mlp_iris_bd_i/mlp_iris_axi_wrapper_0/inst/mlp_core_i/inst/grp_softmax_stable_ap_fixed_ap_fixed_16_6_5_3_0_softmax_config7_s_fu_127/invert_table_U/q0_reg/CLKARDCLK
Low Pulse Width   Slow    SRL16E/CLK          n/a            0.532         5.000       4.468      SLICE_X50Y192  mlp_iris_bd_i/axi_smc/inst/clk_map/psr_aclk/U0/EXT_LPF/POR_SRL_I/CLK
Low Pulse Width   Fast    SRL16E/CLK          n/a            0.532         5.000       4.468      SLICE_X50Y192  mlp_iris_bd_i/axi_smc/inst/clk_map/psr_aclk/U0/EXT_LPF/POR_SRL_I/CLK
Low Pulse Width   Slow    SRL16E/CLK          n/a            0.532         5.000       4.468      SLICE_X50Y211  mlp_iris_bd_i/rst_ps8_0_100M/U0/EXT_LPF/POR_SRL_I/CLK
Low Pulse Width   Fast    SRL16E/CLK          n/a            0.532         5.000       4.468      SLICE_X50Y211  mlp_iris_bd_i/rst_ps8_0_100M/U0/EXT_LPF/POR_SRL_I/CLK
Low Pulse Width   Slow    FDRE/C              n/a            0.275         5.000       4.725      SLICE_X50Y196  mlp_iris_bd_i/axi_smc/inst/clk_map/psr_aclk/U0/ACTIVE_LOW_BSR_OUT_DFF[0].FDRE_BSR_N/C
Low Pulse Width   Fast    FDRE/C              n/a            0.275         5.000       4.725      SLICE_X50Y196  mlp_iris_bd_i/axi_smc/inst/clk_map/psr_aclk/U0/ACTIVE_LOW_BSR_OUT_DFF[0].FDRE_BSR_N/C
Low Pulse Width   Slow    FDRE/C              n/a            0.275         5.000       4.725      SLICE_X50Y194  mlp_iris_bd_i/axi_smc/inst/clk_map/psr_aclk/U0/EXT_LPF/lpf_asr_reg/C
Low Pulse Width   Fast    FDRE/C              n/a            0.275         5.000       4.725      SLICE_X50Y194  mlp_iris_bd_i/axi_smc/inst/clk_map/psr_aclk/U0/EXT_LPF/lpf_asr_reg/C
Low Pulse Width   Slow    FDRE/C              n/a            0.275         5.000       4.725      SLICE_X50Y194  mlp_iris_bd_i/axi_smc/inst/clk_map/psr_aclk/U0/EXT_LPF/lpf_int_reg/C
Low Pulse Width   Fast    FDRE/C              n/a            0.275         5.000       4.725      SLICE_X50Y194  mlp_iris_bd_i/axi_smc/inst/clk_map/psr_aclk/U0/EXT_LPF/lpf_int_reg/C
High Pulse Width  Slow    PS8/MAXIGP0ACLK     n/a            1.500         5.000       3.500      PS8_X0Y0       mlp_iris_bd_i/zynq_ultra_ps_e_0/inst/PS8_i/MAXIGP0ACLK
High Pulse Width  Fast    PS8/MAXIGP0ACLK     n/a            1.500         5.000       3.500      PS8_X0Y0       mlp_iris_bd_i/zynq_ultra_ps_e_0/inst/PS8_i/MAXIGP0ACLK
High Pulse Width  Slow    RAMB18E2/CLKARDCLK  n/a            0.542         5.000       4.458      RAMB18_X1Y34   mlp_iris_bd_i/mlp_iris_axi_wrapper_0/inst/mlp_core_i/inst/grp_softmax_stable_ap_fixed_ap_fixed_16_6_5_3_0_softmax_config7_s_fu_127/exp_table_U/q0_reg/CLKARDCLK
High Pulse Width  Fast    RAMB18E2/CLKARDCLK  n/a            0.542         5.000       4.458      RAMB18_X1Y34   mlp_iris_bd_i/mlp_iris_axi_wrapper_0/inst/mlp_core_i/inst/grp_softmax_stable_ap_fixed_ap_fixed_16_6_5_3_0_softmax_config7_s_fu_127/exp_table_U/q0_reg/CLKARDCLK
High Pulse Width  Slow    RAMB18E2/CLKBWRCLK  n/a            0.542         5.000       4.458      RAMB18_X1Y34   mlp_iris_bd_i/mlp_iris_axi_wrapper_0/inst/mlp_core_i/inst/grp_softmax_stable_ap_fixed_ap_fixed_16_6_5_3_0_softmax_config7_s_fu_127/exp_table_U/q0_reg/CLKBWRCLK
High Pulse Width  Fast    RAMB18E2/CLKBWRCLK  n/a            0.542         5.000       4.458      RAMB18_X1Y34   mlp_iris_bd_i/mlp_iris_axi_wrapper_0/inst/mlp_core_i/inst/grp_softmax_stable_ap_fixed_ap_fixed_16_6_5_3_0_softmax_config7_s_fu_127/exp_table_U/q0_reg/CLKBWRCLK
High Pulse Width  Slow    RAMB18E2/CLKARDCLK  n/a            0.542         5.000       4.458      RAMB18_X2Y34   mlp_iris_bd_i/mlp_iris_axi_wrapper_0/inst/mlp_core_i/inst/grp_softmax_stable_ap_fixed_ap_fixed_16_6_5_3_0_softmax_config7_s_fu_127/exp_table_U/q2_reg/CLKARDCLK
High Pulse Width  Fast    RAMB18E2/CLKARDCLK  n/a            0.542         5.000       4.458      RAMB18_X2Y34   mlp_iris_bd_i/mlp_iris_axi_wrapper_0/inst/mlp_core_i/inst/grp_softmax_stable_ap_fixed_ap_fixed_16_6_5_3_0_softmax_config7_s_fu_127/exp_table_U/q2_reg/CLKARDCLK
High Pulse Width  Slow    RAMB18E2/CLKARDCLK  n/a            0.542         5.000       4.458      RAMB18_X1Y36   mlp_iris_bd_i/mlp_iris_axi_wrapper_0/inst/mlp_core_i/inst/grp_softmax_stable_ap_fixed_ap_fixed_16_6_5_3_0_softmax_config7_s_fu_127/invert_table_U/q0_reg/CLKARDCLK
High Pulse Width  Fast    RAMB18E2/CLKARDCLK  n/a            0.542         5.000       4.458      RAMB18_X1Y36   mlp_iris_bd_i/mlp_iris_axi_wrapper_0/inst/mlp_core_i/inst/grp_softmax_stable_ap_fixed_ap_fixed_16_6_5_3_0_softmax_config7_s_fu_127/invert_table_U/q0_reg/CLKARDCLK
High Pulse Width  Slow    SRL16E/CLK          n/a            0.532         5.000       4.468      SLICE_X50Y192  mlp_iris_bd_i/axi_smc/inst/clk_map/psr_aclk/U0/EXT_LPF/POR_SRL_I/CLK
High Pulse Width  Fast    SRL16E/CLK          n/a            0.532         5.000       4.468      SLICE_X50Y192  mlp_iris_bd_i/axi_smc/inst/clk_map/psr_aclk/U0/EXT_LPF/POR_SRL_I/CLK
High Pulse Width  Slow    SRL16E/CLK          n/a            0.532         5.000       4.468      SLICE_X50Y211  mlp_iris_bd_i/rst_ps8_0_100M/U0/EXT_LPF/POR_SRL_I/CLK
High Pulse Width  Fast    SRL16E/CLK          n/a            0.532         5.000       4.468      SLICE_X50Y211  mlp_iris_bd_i/rst_ps8_0_100M/U0/EXT_LPF/POR_SRL_I/CLK
High Pulse Width  Slow    FDRE/C              n/a            0.275         5.000       4.725      SLICE_X50Y196  mlp_iris_bd_i/axi_smc/inst/clk_map/psr_aclk/U0/ACTIVE_LOW_BSR_OUT_DFF[0].FDRE_BSR_N/C
High Pulse Width  Fast    FDRE/C              n/a            0.275         5.000       4.725      SLICE_X50Y196  mlp_iris_bd_i/axi_smc/inst/clk_map/psr_aclk/U0/ACTIVE_LOW_BSR_OUT_DFF[0].FDRE_BSR_N/C
High Pulse Width  Slow    FDRE/C              n/a            0.275         5.000       4.725      SLICE_X50Y194  mlp_iris_bd_i/axi_smc/inst/clk_map/psr_aclk/U0/EXT_LPF/lpf_asr_reg/C
High Pulse Width  Fast    FDRE/C              n/a            0.275         5.000       4.725      SLICE_X50Y194  mlp_iris_bd_i/axi_smc/inst/clk_map/psr_aclk/U0/EXT_LPF/lpf_asr_reg/C
High Pulse Width  Slow    FDRE/C              n/a            0.275         5.000       4.725      SLICE_X50Y194  mlp_iris_bd_i/axi_smc/inst/clk_map/psr_aclk/U0/EXT_LPF/lpf_int_reg/C
High Pulse Width  Fast    FDRE/C              n/a            0.275         5.000       4.725      SLICE_X50Y194  mlp_iris_bd_i/axi_smc/inst/clk_map/psr_aclk/U0/EXT_LPF/lpf_int_reg/C



