passage,inferences,inference_only_mean_ms,inference_only_median_ms,inference_only_p95_ms,end_to_end_mean_ms,end_to_end_median_ms,end_to_end_p95_ms,passage_duration_s,throughput_effective_fps
1,30,0.3304181666666667,0.2831215,0.4717319999999999,0.4004897333333334,0.34540400000000004,0.5369919999999999,0.012081539,2483.127356539593
2,30,0.22511886666666664,0.20222099999999998,0.31862114999999996,0.2752889,0.2454835,0.40311034999999995,0.008308539,3610.743116208517
3,30,0.12837556666666666,0.1165445,0.18220029999999998,0.1583336333333333,0.14456999999999998,0.23027144999999996,0.004778288,6278.399292801103
4,30,0.10643046666666667,0.101831,0.12145794999999998,0.12975833333333334,0.12387200000000001,0.15007559999999998,0.003915924,7661.027129229269
5,30,0.10458203333333332,0.101535,0.12042599999999996,0.12688299999999997,0.12200949999999999,0.14854669999999995,0.003828668,7835.623250697109
6,30,0.1038881333333333,0.1008585,0.11578689999999998,0.12590880000000002,0.121946,0.1424595,0.00379945,7895.879666793879
7,30,0.10433096666666666,0.0995585,0.11761394999999997,0.1261027,0.1200495,0.14485179999999995,0.003805866,7882.568645349048
8,30,0.10485303333333332,0.10028000000000001,0.11907579999999998,0.12721456666666667,0.122163,0.14557864999999998,0.003839117,7814.296881288067
9,30,0.10703276666666667,0.103331,0.12994099999999997,0.12997436666666667,0.124435,0.15988554999999996,0.003923311,7646.602576242363
10,30,0.10647876666666667,0.102849,0.12401979999999997,0.12920676666666667,0.124097,0.1512999,0.003900204,7691.905346489568
11,30,0.11368196666666666,0.1040025,0.16946359999999996,0.137457,0.12550050000000001,0.20341344999999997,0.004147565,7233.159697316378
12,30,0.1058573,0.0995685,0.1317562499999999,0.12768599999999997,0.1202385,0.16773134999999983,0.003854101,7783.9164048892335
13,30,0.10320886666666666,0.10119600000000001,0.11074024999999998,0.1250134333333333,0.12224950000000001,0.13650584999999996,0.003773214,7950.781482311896
14,30,0.10714806666666667,0.1027045,0.12288059999999996,0.1299007,0.12413450000000001,0.15116844999999995,0.003920238,7652.596602553212
15,30,0.10492649999999999,0.100909,0.12016194999999998,0.1268838,0.121266,0.14779969999999995,0.003829962,7832.97588853362
16,30,0.10541676666666668,0.101776,0.12186119999999996,0.12745003333333335,0.122769,0.14909844999999997,0.003845332,7801.667060217427
17,30,0.1052332,0.1022065,0.12102654999999997,0.1273999,0.123663,0.14879254999999997,0.003844114,7804.139003161717
18,30,0.10388259999999998,0.101576,0.11157205,0.12618243333333334,0.1232675,0.13636044999999997,0.003807614,7878.94991456592
19,30,0.10357319999999998,0.1013255,0.11364374999999999,0.1254024,0.12262700000000001,0.13969369999999995,0.003783918,7928.290200791878
20,30,0.10814966666666664,0.101435,0.1454585499999999,0.1318099333333333,0.123109,0.18061679999999988,0.003976839,7543.679791915136
21,30,0.12415796666666669,0.110714,0.1690437499999999,0.14953760000000002,0.13315749999999998,0.2180149499999999,0.004509483,6652.647321211766
22,30,0.10838590000000001,0.1050285,0.12524605,0.13075213333333333,0.1263755,0.14973024999999998,0.00394462,7605.295313617027
23,30,0.1051873,0.10104250000000001,0.12133239999999998,0.12713006666666668,0.122413,0.14950194999999997,0.003835691,7821.276531399427
24,30,0.10545956666666667,0.10173950000000001,0.12083439999999998,0.1274516,0.12237200000000001,0.14820849999999997,0.003845148,7802.040389602689
25,30,0.1074354,0.10334650000000001,0.12104449999999997,0.12955816666666664,0.1239105,0.14897879999999997,0.003907994,7676.572686652027
26,30,0.10403483333333334,0.1010815,0.11630659999999998,0.12576506666666667,0.122001,0.14353504999999997,0.003794167,7906.873893531834
27,30,0.10476656666666666,0.10034799999999999,0.11947499999999998,0.1264741666666667,0.1205485,0.14633829999999995,0.003815806,7862.03491477292
28,30,0.10783596666666667,0.104762,0.13749384999999995,0.1311229,0.12694149999999998,0.16983204999999993,0.003956684,7582.106632725787
29,30,0.10450453333333336,0.1002135,0.11907949999999998,0.12649536666666666,0.120272,0.14657409999999996,0.003816721,7860.150113146861
30,30,0.10328323333333335,0.1012755,0.11601999999999997,0.12462436666666667,0.12170149999999999,0.14199974999999995,0.003760466,7977.734674372804
31,30,0.10476213333333333,0.101625,0.11915444999999998,0.1267252,0.1226215,0.14655164999999998,0.003823786,7845.62734420807
32,30,0.10520226666666667,0.101053,0.11971719999999997,0.1274728333333333,0.12202299999999999,0.14689384999999996,0.00384598,7800.352575936432
33,30,0.10458426666666666,0.1011735,0.11874189999999997,0.12641690000000003,0.121278,0.14645494999999994,0.003814093,7865.565941889723
34,30,0.10463013333333333,0.1001345,0.12265254999999999,0.12662289999999998,0.1202435,0.14993269999999997,0.003820084,7853.230452524081
35,30,0.10508190000000002,0.1019735,0.11777769999999997,0.12722166666666665,0.12271699999999999,0.14521884999999995,0.003838708,7815.129465434724
36,30,0.10967626666666666,0.103658,0.15198959999999997,0.13295679999999999,0.1264215,0.18254454999999997,0.004011634,7478.249511296394
37,30,0.10513953333333334,0.1016635,0.11955284999999997,0.12704063333333335,0.12216250000000001,0.14646459999999997,0.003832745,7827.2882751135285
38,30,0.10557243333333334,0.1017355,0.12444179999999998,0.1271066,0.1222795,0.15214819999999998,0.003835268,7822.139156898553
39,30,0.10493376666666666,0.10171150000000001,0.12250919999999998,0.12744173333333333,0.12257,0.15044229999999997,0.00384546,7801.40737389025
40,30,0.10538660000000002,0.1023395,0.12105369999999999,0.12748916666666663,0.123116,0.14862864999999997,0.003846866,7798.556019367454
41,30,0.10254330000000002,0.0998165,0.1122366,0.12449693333333332,0.120284,0.13813625,0.003756627,7985.887339892942
42,30,0.10563043333333333,0.10316,0.12210494999999998,0.12772976666666666,0.1233915,0.14969739999999995,0.003853334,7785.465781061283
43,30,0.10699750000000001,0.104091,0.12549595,0.12922773333333334,0.1250095,0.15495289999999998,0.003898909,7694.460168216288
44,30,0.10521976666666667,0.101993,0.12324149999999996,0.12718193333333333,0.12262100000000001,0.15168614999999996,0.003837278,7818.0418515416395
45,30,0.10941736666666667,0.1031835,0.1414021499999999,0.13260666666666665,0.1256725,0.1752988499999999,0.004004082,7492.354052689231
46,30,0.11213160000000001,0.108774,0.13102385,0.1353813,0.1304905,0.15796749999999996,0.004086025,7342.098983731133
47,30,0.10309406666666665,0.1008365,0.11010214999999998,0.12545246666666668,0.12153900000000001,0.13634729999999998,0.003786149,7923.618431287306
48,30,0.1035081,0.1019335,0.11278964999999999,0.12578983333333335,0.12271699999999999,0.14475529999999998,0.003796245,7902.5458051311225
49,30,0.10500493333333333,0.10178200000000001,0.11412784999999998,0.12730616666666666,0.12316450000000001,0.14079724999999996,0.003842486,7807.445492319295
50,30,0.10574873333333333,0.101287,0.12115269999999996,0.12833396666666666,0.1219175,0.15005229999999994,0.003873462,7745.009503126661
51,30,0.10491086666666669,0.100064,0.12193229999999997,0.12702656666666665,0.120147,0.14992939999999996,0.003834143,7824.434299920478
52,30,0.10595799999999998,0.1023625,0.12493949999999995,0.12791676666666665,0.12258050000000001,0.14989159999999999,0.003860784,7770.4424800765855
53,30,0.10795306666666665,0.101814,0.13059769999999993,0.13091880000000003,0.123063,0.1626606499999999,0.003951235,7592.5628316209995
54,30,0.10689653333333334,0.104271,0.12112009999999997,0.1294032,0.1251575,0.14852959999999996,0.003905417,7681.63809396026
55,30,0.105925,0.101492,0.12278679999999999,0.12826220000000002,0.12303900000000001,0.15086034999999998,0.003870689,7750.558104771528
56,30,0.10460023333333333,0.102016,0.12247389999999998,0.12693773333333333,0.122803,0.15057134999999996,0.003830776,7831.311462742797
57,30,0.10619740000000001,0.102349,0.12231539999999999,0.12864533333333333,0.1239585,0.1501641,0.003882496,7726.987999472504
58,30,0.1042162,0.101027,0.12084604999999998,0.12569696666666666,0.12164449999999999,0.146249,0.003793535,7908.191172613408
59,30,0.10266223333333332,0.09939200000000001,0.11652794999999998,0.12408506666666667,0.119323,0.14144999999999996,0.003743939,8012.951065709137
60,30,0.10487666666666667,0.1015345,0.1203011,0.12687513333333336,0.1225775,0.14720499999999997,0.003828005,7836.980359221056
61,30,0.10623719999999999,0.102363,0.12608664999999997,0.12885180000000002,0.12419849999999999,0.15763334999999998,0.003888097,7715.856883200187
62,30,0.1053472,0.1012595,0.12582244999999997,0.12758583333333334,0.12173300000000001,0.15428729999999996,0.00385265,7786.848013704853
63,30,0.10529683333333334,0.100078,0.12318059999999996,0.1275449,0.121044,0.15096609999999994,0.003848157,7795.93971867572
64,30,0.1057558,0.101348,0.12475709999999995,0.12824033333333335,0.1224355,0.15298809999999996,0.003868847,7754.248229511273
65,30,0.1044672,0.10137199999999999,0.11759099999999996,0.1265091,0.122698,0.14463759999999995,0.003817335,7858.885845753648
66,30,0.10509846666666668,0.100844,0.1308171499999999,0.1270261,0.121668,0.16035949999999993,0.003832463,7827.864222042065
67,30,0.10466786666666666,0.0995045,0.12229044999999998,0.1266426,0.119355,0.15292159999999996,0.003821234,7850.8670235845275
68,30,0.10338743333333333,0.099714,0.12288129999999996,0.12512253333333334,0.120435,0.15269804999999995,0.003775368,7946.245240199101
69,30,0.10785456666666667,0.1013635,0.14337309999999992,0.13082206666666668,0.122181,0.17709264999999996,0.003947393,7599.952677627994
70,30,0.10591663333333333,0.1021695,0.11901854999999997,0.1284583,0.125364,0.14659634999999996,0.003875625,7740.686985970005
71,30,0.10945763333333335,0.10479250000000001,0.13388829999999996,0.13248279999999998,0.1266045,0.16095045,0.003997196,7505.261188092853
72,30,0.10470779999999999,0.0996735,0.12149564999999998,0.12686313333333335,0.1200225,0.14980209999999997,0.003827676,7837.653970712255
73,30,0.10434723333333334,0.1004905,0.1205561,0.12607933333333335,0.120458,0.14652235,0.003804249,7885.919139362329
74,30,0.10375649999999999,0.10103,0.11875104999999997,0.12561453333333333,0.12074850000000001,0.14562669999999994,0.00378969,7916.214782739485
75,30,0.10394690000000002,0.100905,0.11901749999999997,0.1260147666666667,0.1208785,0.14623294999999997,0.003802621,7889.295304475519
76,30,0.10435393333333334,0.10124,0.11946844999999998,0.12597113333333335,0.12130250000000001,0.14681534999999996,0.003800841,7892.989998792373
77,30,0.10684663333333333,0.101915,0.13085324999999998,0.12963390000000002,0.12245600000000001,0.15723209999999999,0.003911344,7669.99783194728
78,30,0.10627803333333334,0.10144449999999999,0.12263519999999999,0.12839556666666668,0.1218325,0.1500452,0.003873913,7744.107831022535
79,30,0.1045391,0.10108600000000001,0.12092589999999998,0.12627356666666667,0.1218565,0.14654299999999995,0.003812941,7867.942357356173
80,30,0.10642396666666668,0.10345199999999999,0.13573024999999994,0.12875576666666666,0.12496299999999999,0.16483959999999992,0.003885322,7721.367752788572
81,30,0.10524553333333332,0.1005695,0.1277074,0.12719766666666668,0.12116450000000001,0.15423805,0.0038379,7816.774798718049
82,30,0.10464556666666665,0.100462,0.12054639999999997,0.1266019,0.121229,0.14870594999999998,0.003820335,7852.714487080322
83,30,0.10677910000000002,0.103109,0.12199164999999997,0.12887146666666666,0.123922,0.14871649999999997,0.003888573,7714.912385597492
84,30,0.10482926666666667,0.10081000000000001,0.12305224999999996,0.12648293333333332,0.122088,0.15202939999999995,0.003815969,7861.699086129893
85,30,0.10615436666666665,0.101838,0.12273809999999996,0.12871743333333333,0.123195,0.15124064999999995,0.003883839,7724.316069744395
86,30,0.10675423333333334,0.102105,0.13515469999999993,0.12948489999999999,0.1228985,0.16888434999999993,0.003907063,7678.401909567367
87,30,0.10480033333333333,0.100767,0.11974459999999996,0.12720513333333336,0.1220425,0.14734274999999997,0.003838004,7816.562984301215
88,30,0.10362156666666668,0.10010849999999999,0.11756364999999998,0.12517013333333332,0.1208315,0.14408599999999996,0.00377655,7943.758192000635
89,30,0.105529,0.1016865,0.12084209999999998,0.12799066666666667,0.123069,0.14871059999999994,0.003861079,7769.848790972679
90,30,0.10576826666666665,0.1028135,0.12401144999999998,0.12785506666666666,0.123403,0.15228529999999996,0.003858061,7775.92681919752
91,30,0.10689036666666668,0.10337750000000001,0.12474004999999999,0.1291009,0.12394250000000001,0.15390854999999998,0.003895121,7701.943020512072
92,30,0.10622983333333334,0.10163,0.13034505000000002,0.12855129999999998,0.12296,0.16145639999999997,0.003878598,7734.7536403618005
93,30,0.10780736666666665,0.1025665,0.12626089999999995,0.13023733333333334,0.123247,0.15611114999999995,0.00392969,7634.189974272781
94,30,0.10660853333333332,0.1012625,0.13873059999999998,0.12945716666666668,0.121787,0.16786679999999998,0.003906201,7680.096339128478
95,30,0.1093336,0.1067625,0.12255174999999997,0.13275056666666665,0.12920500000000001,0.14994299999999997,0.004006281,7488.241588645429
96,30,0.10807499999999999,0.102864,0.1259804,0.13085403333333334,0.124478,0.1531447,0.003952012,7591.070067601008
97,30,0.10739953333333332,0.10324449999999999,0.12682925,0.1304122,0.1250495,0.15819645,0.003935613,7622.700707615307
98,30,0.10442890000000002,0.102061,0.11836374999999996,0.12634466666666666,0.1227895,0.14625224999999997,0.003814045,7865.664930539624
99,30,0.10557866666666665,0.100758,0.12055549999999998,0.12819283333333334,0.1226095,0.14767674999999997,0.003868976,7753.989686159852
100,30,0.10383003333333334,0.10039000000000001,0.11921459999999998,0.12567893333333333,0.1207165,0.14737739999999994,0.003793006,7909.294106046761
101,30,0.10460113333333333,0.1008545,0.11812734999999998,0.12680826666666667,0.121905,0.14492959999999996,0.003827383,7838.2539714473305
102,30,0.10896836666666668,0.106227,0.13830199999999992,0.1323549,0.128541,0.1685823999999999,0.00399567,7508.127548070787
103,30,0.10342049999999997,0.0997355,0.11984574999999997,0.1257865,0.12064749999999999,0.14777664999999995,0.003796516,7901.981711653526
104,30,0.10402266666666665,0.1011145,0.11777619999999998,0.12629603333333334,0.12181800000000001,0.1500174,0.003812587,7868.672898480742
105,30,0.1035369,0.1011745,0.11726404999999998,0.1253985333333333,0.12199750000000001,0.14368464999999997,0.003785095,7925.824847196702
106,30,0.10454010000000001,0.101145,0.11796524999999998,0.12646486666666668,0.1216295,0.14426914999999998,0.003816868,7859.847393203013
107,30,0.10612103333333332,0.1023515,0.12141254999999998,0.128381,0.12241650000000001,0.14884289999999994,0.003874176,7743.582119139657
108,30,0.10447293333333334,0.102264,0.11998699999999997,0.12623426666666668,0.12320800000000001,0.1430204,0.003808708,7876.686792476608
109,30,0.10394013333333332,0.09982350000000001,0.11924884999999998,0.12605806666666666,0.121254,0.14497529999999995,0.003803525,7887.42022203088
110,30,0.10622926666666664,0.100716,0.13102514999999998,0.12897156666666665,0.12199399999999999,0.16257354999999996,0.003891793,7708.529204919172
111,30,0.10310409999999999,0.09993450000000001,0.1177888,0.12475626666666666,0.120265,0.14532345,0.003764143,7969.941630804143
112,30,0.10410303333333333,0.1007795,0.11930124999999997,0.12607890000000002,0.12095700000000001,0.14667569999999996,0.003803616,7887.231518639105
113,30,0.10552049999999998,0.1009115,0.12048859999999997,0.1278582,0.1223565,0.14867634999999996,0.003860584,7770.845032772244
114,30,0.10101696666666667,0.09820200000000001,0.1094871,0.12218423333333334,0.11827599999999999,0.13560985,0.003686609,8137.559475387816
115,30,0.10334046666666666,0.10045,0.11603924999999998,0.12494809999999998,0.12111050000000001,0.14199924999999997,0.003769809,7957.962857004161
116,30,0.10551840000000001,0.1031775,0.11904064999999997,0.12782063333333332,0.12469949999999999,0.14613224999999996,0.003856547,7778.979486053197
117,30,0.10464266666666669,0.10056999999999999,0.12038559999999998,0.1267729,0.1209275,0.14847379999999996,0.003825064,7843.006025520096
118,30,0.10471036666666668,0.10188849999999999,0.12157259999999998,0.12658756666666668,0.12195049999999999,0.14886724999999998,0.003819227,7854.992646417717
119,30,0.10924339999999999,0.1031195,0.14389489999999996,0.13189423333333333,0.124103,0.17718799999999996,0.003979412,7538.802215000608
120,30,0.11005583333333332,0.107481,0.11926179999999999,0.13288619999999998,0.13031949999999998,0.1467234,0.004009032,7483.103153080345
121,30,0.10745596666666664,0.1029385,0.13123479999999996,0.12926053333333334,0.1236185,0.15665349999999997,0.003900008,7692.291913247357
122,30,0.10433146666666666,0.1004795,0.11905639999999997,0.12601443333333331,0.12062049999999999,0.14630279999999996,0.003801984,7890.617109382891
123,30,0.10508313333333336,0.101876,0.12066029999999997,0.12725186666666666,0.1228635,0.14882204999999996,0.003839073,7814.386441726948
124,30,0.10549583333333334,0.1025035,0.12261424999999998,0.12796093333333333,0.1235125,0.15136179999999996,0.003860731,7770.549152479155
125,30,0.10509436666666667,0.1012135,0.12187814999999996,0.12730963333333334,0.12161949999999999,0.14998649999999997,0.003841308,7809.83977332721
126,30,0.10329230000000002,0.1003385,0.11886439999999997,0.12490146666666666,0.121168,0.14627409999999996,0.00376851,7960.705955404125
127,30,0.12321029999999998,0.10890749999999999,0.17470434999999998,0.1465790666666667,0.131591,0.20836429999999995,0.004420324,6786.832820399591
128,30,0.10562086666666666,0.10265650000000001,0.12035114999999998,0.12791713333333335,0.12396599999999999,0.14873634999999996,0.003859522,7772.9832865313365
129,30,0.1038116,0.1003575,0.12187389999999995,0.1251845666666667,0.121002,0.14473819999999996,0.00377685,7943.127209182255
130,30,0.10505593333333335,0.1007025,0.12136414999999998,0.12735900000000003,0.12191850000000001,0.14868144999999997,0.003846027,7800.257252484187
131,30,0.10432320000000002,0.101746,0.11913429999999997,0.12595366666666666,0.122198,0.14636429999999995,0.003800048,7894.637120373217
132,30,0.104148,0.100518,0.12126749999999997,0.12605963333333334,0.1210215,0.14821544999999994,0.003803861,7886.723515922375
133,30,0.10564723333333333,0.100599,0.12469554999999996,0.12811736666666668,0.121904,0.15416119999999994,0.003865888,7760.183430042463
134,30,0.10291383333333332,0.10104099999999999,0.11145624999999998,0.12478733333333332,0.12161949999999999,0.13787254999999995,0.003765169,7967.769839813299
135,30,0.11488463333333332,0.10401350000000001,0.14879064999999994,0.13829450000000004,0.1261035,0.18992934999999994,0.004172003,7190.79061064913
136,30,0.10532066666666667,0.100565,0.12472039999999995,0.12794673333333334,0.12182,0.15307799999999994,0.003861477,7769.047957556138
137,30,0.10256486666666667,0.1005925,0.11507144999999995,0.12407443333333332,0.12110299999999999,0.14103279999999996,0.003743786,8013.278536753971
138,30,0.10263276666666667,0.10023599999999999,0.11652574999999997,0.12408173333333333,0.121031,0.14180009999999996,0.003743988,8012.846195019855
139,30,0.10477386666666666,0.101349,0.11905874999999996,0.12688073333333333,0.123665,0.14821734999999997,0.003828117,7836.751071087953
140,30,0.10297106666666671,0.100918,0.11430234999999998,0.12471633333333336,0.1216465,0.14082414999999995,0.003763382,7971.553246521347
141,30,0.10591529999999999,0.10048850000000001,0.13675084999999995,0.12779140000000003,0.1214535,0.1695443999999999,0.003855511,7781.0697466561505
142,30,0.11091063333333333,0.10161,0.16499054999999993,0.1329987,0.122822,0.19275684999999995,0.004012823,7476.033704950354
143,30,0.11626570000000001,0.1015375,0.14954509999999988,0.13891939999999997,0.122398,0.18735099999999982,0.004194505,7152.214623656426
144,30,0.24660633333333332,0.24394949999999999,0.39659659999999985,0.30727173333333335,0.31399699999999997,0.48285884999999973,0.009266051,3237.6251760323785
145,30,0.10592546666666665,0.1027005,0.12150359999999998,0.12809266666666666,0.12349850000000001,0.14894874999999996,0.00386567,7760.621056634426
146,30,0.11906700000000002,0.11114550000000001,0.16604114999999997,0.14475733333333332,0.13536399999999998,0.21126129999999996,0.004368536,6867.2891788004035
147,30,0.15546906666666663,0.1423935,0.23099309999999992,0.19040786666666668,0.1742035,0.2945755499999999,0.005753095,5214.584497561747
148,30,0.15894533333333333,0.148968,0.21268249999999994,0.1928488333333333,0.17953750000000002,0.26034819999999986,0.005820548,5154.153870047975
149,30,0.17704493333333332,0.119324,0.35288764999999994,0.2149463666666667,0.14459349999999999,0.40767244999999996,0.006490021,4622.4811907388275
150,30,0.15988223333333332,0.14751999999999998,0.2524655999999999,0.19610549999999996,0.180801,0.31752644999999985,0.005917873,5069.388951064006
151,30,0.11035849999999998,0.1025915,0.13859739999999998,0.13394593333333335,0.12438250000000001,0.17232855,0.004042753,7420.685854416533
152,30,0.10508289999999999,0.1019065,0.12105189999999996,0.12776953333333332,0.12301799999999999,0.15131749999999994,0.003856526,7779.021845049146
153,30,0.10453563333333332,0.1011225,0.12217569999999996,0.12682236666666669,0.1217665,0.15032374999999995,0.003828438,7836.0939892457445
154,30,0.11239413333333335,0.10360649999999999,0.15930884999999997,0.13661236666666668,0.125174,0.1963201,0.0041229,7276.431637924762
155,30,0.10248506666666665,0.101095,0.1096229,0.1245514666666667,0.1222605,0.13475194999999998,0.003758292,7982.349428942722
156,30,0.10463900000000001,0.101888,0.12005004999999996,0.12676236666666665,0.1227395,0.14830439999999998,0.003826165,7840.749157446164
157,30,0.10731093333333332,0.10152749999999999,0.12272689999999999,0.12974086666666668,0.12279599999999999,0.14978929999999996,0.003914541,7663.733755758339
158,30,0.10441503333333332,0.10081699999999999,0.11706399999999997,0.12601963333333333,0.1220405,0.14332379999999997,0.003802471,7889.6065216539455
159,30,0.10584360000000002,0.101111,0.12142994999999997,0.12791993333333335,0.121702,0.14905474999999996,0.003859651,7772.7234923572105
160,30,0.10517796666666669,0.102528,0.11941834999999996,0.1274764,0.1233755,0.14656904999999995,0.003846092,7800.12542601685
161,30,0.10488869999999999,0.1018455,0.12061729999999997,0.12704443333333335,0.12296850000000001,0.14816499999999996,0.003837391,7817.811632955829
162,30,0.11256816666666668,0.106097,0.15711124999999998,0.13688213333333332,0.12930799999999998,0.19908065,0.004129998,7263.926035799533
163,30,0.10595709999999998,0.1026345,0.12344629999999998,0.12841363333333333,0.12437000000000001,0.15155674999999996,0.003874903,7742.129286849246
164,30,0.10522353333333333,0.1014235,0.11929204999999997,0.12771083333333333,0.122752,0.14933514999999997,0.003856425,7779.2255780937
165,30,0.1229384,0.1072285,0.19730179999999997,0.14635260000000003,0.1298045,0.22179049999999995,0.00441351,6797.310983774819
166,30,0.1084071,0.105245,0.1274446,0.13162943333333332,0.1270395,0.15362109999999998,0.003971996,7552.877696754981
167,30,0.1054145,0.102636,0.12300609999999998,0.12766166666666665,0.1232905,0.15093869999999995,0.003851942,7788.279262771869
168,30,0.10380703333333334,0.10107450000000001,0.11991764999999997,0.1253678,0.12137,0.14682104999999995,0.003782423,7931.423851853692
169,30,0.10382273333333332,0.10156899999999999,0.11540289999999997,0.12554776666666664,0.12180250000000001,0.14090284999999997,0.00378823,7919.265725681915
170,30,0.11177696666666666,0.10291800000000001,0.15984834999999994,0.13592466666666667,0.12496650000000001,0.20104534999999996,0.004101729,7313.988808134325
171,30,0.10471323333333334,0.1008735,0.12020699999999997,0.1269392,0.1213555,0.15028054999999998,0.003829949,7833.002476012082
172,30,0.10407736666666664,0.10079650000000001,0.11854434999999998,0.1262955,0.121527,0.14850755,0.003810565,7872.848252162081
173,30,0.11092749999999998,0.102434,0.1701530999999999,0.13509086666666667,0.12374850000000001,0.20753729999999987,0.00407924,7354.311097165159
174,30,0.10409356666666665,0.100806,0.12102409999999997,0.12582406666666665,0.12091650000000001,0.14916574999999996,0.003796344,7902.339724745702
175,30,0.10449863333333334,0.1004315,0.12006489999999997,0.12660459999999998,0.120543,0.14761919999999995,0.003819861,7853.688916952738
176,30,0.1043521,0.1002495,0.11909769999999996,0.12655419999999998,0.120463,0.14693529999999996,0.003818667,7856.144565629839
177,30,0.10443716666666665,0.10108400000000001,0.12168779999999996,0.12644653333333336,0.122201,0.14947084999999996,0.003815583,7862.494407800852
178,30,0.10579953333333333,0.1003735,0.13954194999999991,0.12747243333333333,0.12100949999999999,0.16510759999999994,0.00384744,7797.392551930634
179,30,0.1045113,0.10019249999999999,0.12505764999999996,0.12733543333333336,0.1204105,0.15764929999999994,0.003842421,7807.577566331227
180,30,0.10353646666666667,0.100195,0.11966034999999997,0.12530466666666668,0.120876,0.14750179999999996,0.003781339,7933.69756057312
181,30,0.10461226666666668,0.0994045,0.11964479999999997,0.1265072666666667,0.1202655,0.14762909999999996,0.003820309,7852.767930552214
182,30,0.10430143333333335,0.10026,0.12010119999999996,0.12666003333333334,0.1212375,0.14813574999999995,0.003821786,7849.7330829094035
183,30,0.10421850000000002,0.099887,0.11940524999999998,0.12607966666666667,0.120414,0.14666129999999994,0.003804413,7885.579194477571
184,30,0.10402796666666667,0.1003425,0.11990289999999998,0.1259162,0.12124599999999999,0.14781759999999997,0.003799415,7895.952403198913
185,30,0.10284203333333333,0.10073499999999999,0.11138684999999997,0.12450033333333335,0.121081,0.13739344999999997,0.003756517,7986.121186194552
186,30,0.10393179999999999,0.09933600000000001,0.11941624999999997,0.1258583,0.12105099999999999,0.14826974999999995,0.003797175,7900.610322147386
187,30,0.1380158,0.1066635,0.25819759999999997,0.16723233333333334,0.12879200000000002,0.2994371999999999,0.005043547,5948.19479227615
188,30,0.10187806666666668,0.0994875,0.11106345,0.12355880000000001,0.119693,0.13720475000000001,0.003728227,8046.720331138635
189,30,0.16143870000000002,0.13103350000000002,0.30636384999999994,0.19397763333333334,0.16393649999999999,0.34635735,0.005849287,5128.830231787225
190,30,0.12844833333333336,0.12473700000000001,0.16143159999999998,0.15851686666666664,0.15496300000000002,0.19326934999999998,0.00478631,6267.876506118492
191,30,0.15617953333333331,0.14395249999999998,0.2285993,0.18677143333333338,0.1726355,0.25834185000000004,0.00563447,5324.3694615465165
192,30,0.11526110000000002,0.106515,0.15361634999999996,0.14066923333333334,0.1294745,0.18967709999999993,0.004245433,7066.417018004995
193,30,0.10114376666666666,0.099715,0.10869269999999999,0.12270939999999998,0.12000949999999999,0.13431314999999996,0.003706755,8093.332308177908
194,30,0.105509,0.102523,0.12113149999999998,0.12773346666666666,0.1228185,0.14939739999999996,0.003855893,7780.298882775015
195,30,0.10613906666666666,0.1030995,0.12129384999999997,0.1287198,0.1250795,0.14821224999999996,0.003885094,7721.820887731416
196,30,0.11089126666666664,0.1021495,0.15373424999999988,0.13243863333333333,0.12292149999999999,0.18056884999999992,0.003995225,7508.9638255667705
197,30,0.10822590000000001,0.100987,0.15363599999999988,0.1304653,0.122035,0.18959249999999983,0.003937281,7619.471406790625
198,30,0.10636933333333334,0.1024995,0.12599585,0.12916123333333335,0.1231835,0.153137,0.003902451,7687.47640905677
199,30,0.1047984,0.10124649999999999,0.12050939999999997,0.1271780666666667,0.1223535,0.14998749999999997,0.003839108,7814.315200301737
200,30,0.10561346666666666,0.10257050000000001,0.12298579999999999,0.1281437,0.122918,0.15185985,0.003868851,7754.240212404148
201,30,0.10392863333333334,0.101339,0.12001759999999995,0.12572460000000002,0.122181,0.14715129999999996,0.003798763,7897.307623560617
202,30,0.10281946666666665,0.10055549999999999,0.11538354999999997,0.12428646666666668,0.12140100000000001,0.13940969999999994,0.003751397,7997.020843168558
203,30,0.10343860000000002,0.1002635,0.12362124999999996,0.12497193333333335,0.120092,0.15264944999999996,0.003770825,7955.818686892127
204,30,0.10415736666666667,0.1008195,0.12096409999999999,0.12581956666666666,0.121959,0.14788304999999996,0.003796131,7902.7831231324735
205,30,0.10514076666666665,0.1012175,0.12256444999999998,0.12733656666666665,0.121389,0.1495822,0.003842257,7807.91081908368
206,30,0.10538726666666663,0.10084199999999999,0.12396164999999998,0.1275471,0.12245,0.15152224999999997,0.003851626,7788.918238686726
207,30,0.10444606666666666,0.1001345,0.12182514999999995,0.1260723,0.1206405,0.14906304999999995,0.003804606,7885.179174926392
208,30,0.10351776666666666,0.1002035,0.11858139999999998,0.12567563333333337,0.12084349999999999,0.1471891,0.003792219,7910.935523502203
209,30,0.10501113333333333,0.1019835,0.12170984999999998,0.1265833,0.1226835,0.14913124999999997,0.00381938,7854.677984384901
210,30,0.10572390000000002,0.103414,0.11909009999999999,0.12779816666666666,0.12379899999999999,0.14847149999999998,0.003856256,7779.5665018090085
211,30,0.10495906666666668,0.1021215,0.12119649999999998,0.1265652333333333,0.1227115,0.14715984999999995,0.003818955,7855.552107841019
212,30,0.10628379999999998,0.1019455,0.12583824999999998,0.12799219999999997,0.12220500000000001,0.15137819999999996,0.003861785,7768.428330422331
213,30,0.10723596666666667,0.10201299999999999,0.13046154999999998,0.13064523333333333,0.1234445,0.16303704999999996,0.003943424,7607.601921578811
214,30,0.12816866666666668,0.1247415,0.14917669999999997,0.15836516666666667,0.1565705,0.18556234999999996,0.004781938,6273.60706056833
215,30,0.1105428666666667,0.1036855,0.14442369999999996,0.1338816,0.12445099999999999,0.18171404999999996,0.004043141,7419.973728346352
216,30,0.10413080000000001,0.100657,0.11879664999999998,0.126292,0.122224,0.14566069999999995,0.003810175,7873.654097252751
217,30,0.10482883333333334,0.10108249999999999,0.12099779999999997,0.1268772,0.1224185,0.14866034999999997,0.003827998,7836.994690174864
218,30,0.10507696666666665,0.1010115,0.13423404999999994,0.12690683333333333,0.121407,0.16007529999999998,0.003829521,7833.877918413295
219,30,0.1076516333333333,0.10445499999999999,0.12383204999999997,0.13036123333333335,0.12567699999999998,0.15249754999999995,0.003933204,7627.369442317256
220,30,0.1082758,0.104453,0.12438049999999998,0.13101626666666666,0.125982,0.15283889999999997,0.003953393,7588.418353550987
221,30,0.10737106666666667,0.105655,0.12006899999999997,0.13053313333333336,0.12726949999999998,0.14870869999999997,0.003938611,7616.898444654727
222,30,0.11234183333333334,0.1022695,0.16961909999999997,0.1356067,0.124802,0.20242344999999998,0.004090984,7333.19905431065
223,30,0.10582549999999999,0.102293,0.12196014999999998,0.1280739,0.1223445,0.15237494999999995,0.003864033,7763.908848604554
224,30,0.10451963333333333,0.1019335,0.11967839999999996,0.12671293333333333,0.12229100000000001,0.14938899999999994,0.003823386,7846.448148316702
225,30,0.11297703333333332,0.10142,0.17576529999999993,0.1350254666666667,0.122253,0.20941294999999988,0.004072743,7366.042983807228
226,30,0.103211,0.10060949999999999,0.11176444999999999,0.1249698,0.12116750000000001,0.13752884999999998,0.003771282,7954.854609122309
227,30,0.1049933,0.10005449999999999,0.12335779999999998,0.12684433333333334,0.1208895,0.15166424999999997,0.0038269,7839.243251718101
228,30,0.10530136666666667,0.100971,0.12028179999999998,0.12720900000000002,0.121491,0.14776494999999998,0.003838364,7815.82986918385
229,30,0.10387736666666664,0.10205,0.11479319999999997,0.12605746666666665,0.123608,0.14098284999999997,0.00380414,7886.1450945548795
230,30,0.10708036666666666,0.1038535,0.12370394999999998,0.12947096666666666,0.1253485,0.15234304999999995,0.00390628,7679.941018052982
231,30,0.10757146666666666,0.1032835,0.12456304999999998,0.13013126666666666,0.124375,0.15244574999999996,0.003926804,7639.800713251795
232,30,0.10818243333333334,0.10480149999999999,0.12433159999999997,0.1311023,0.12691249999999998,0.15201799999999996,0.003959484,7576.7448485711775
233,30,0.10727803333333334,0.10388649999999999,0.12167189999999997,0.12973766666666667,0.125154,0.14971744999999997,0.003914528,7663.7592067293945
234,30,0.10566123333333333,0.1023435,0.12316959999999996,0.12868459999999998,0.1235245,0.15191964999999996,0.003882788,7726.406901432682
235,30,0.10726636666666665,0.103124,0.12409724999999999,0.13015893333333334,0.1247705,0.15201734999999997,0.003927513,7638.421566013913
236,30,0.105019,0.101356,0.11817664999999997,0.1271749,0.122913,0.14486554999999995,0.003837774,7817.031435410215
237,30,0.11505296666666666,0.10493949999999999,0.18034569999999986,0.13878873333333336,0.1296135,0.2104237999999999,0.004187949,7163.411015750192
238,30,0.11515513333333333,0.1075825,0.1489365,0.14028256666666664,0.130506,0.18300324999999995,0.004234135,7085.272434629505
239,30,0.1056006333333333,0.10169,0.12273984999999998,0.12809173333333332,0.123512,0.15110249999999997,0.003866624,7758.706302966102
240,30,0.10486866666666665,0.10102649999999999,0.12182794999999998,0.12712536666666666,0.12208450000000001,0.14889079999999996,0.00383702,7818.567534180171
241,30,0.1054529,0.1018055,0.12426354999999999,0.12747066666666665,0.122903,0.15257079999999998,0.003847391,7797.491858768709
242,30,0.10613033333333331,0.1022185,0.12152274999999997,0.12857596666666668,0.12421499999999999,0.15103324999999998,0.003880629,7730.705511915723
243,30,0.10612476666666669,0.1023695,0.12318194999999994,0.12840379999999998,0.12388099999999999,0.15098574999999995,0.003875445,7741.046512077968
244,30,0.10491476666666669,0.101333,0.12559204999999996,0.1268883,0.12182950000000001,0.15382334999999994,0.003828906,7835.136198172533
245,30,0.10591060000000001,0.10161500000000001,0.12340984999999996,0.12811283333333331,0.1229385,0.15005799999999994,0.003866523,7758.908973255816
246,30,0.1049694,0.100981,0.12008644999999996,0.12727956666666668,0.1221885,0.15122134999999995,0.003841477,7809.496191178549
247,30,0.10565283333333332,0.103578,0.12028574999999997,0.12772483333333332,0.12397949999999999,0.14978064999999996,0.003855049,7782.0022521114515
248,30,0.10544313333333334,0.10148399999999999,0.12046409999999998,0.12768239999999997,0.12202299999999999,0.14808259999999995,0.003853627,7784.873834442202
249,30,0.10607236666666668,0.10276350000000001,0.12302574999999998,0.12805696666666666,0.1238695,0.15119824999999995,0.003867404,7757.141483020651
250,30,0.10548923333333332,0.102549,0.11982579999999997,0.12757949999999998,0.122916,0.14705304999999996,0.00384997,7792.268511183204
251,30,0.10246219999999999,0.1009965,0.10960909999999999,0.12359283333333336,0.1210485,0.13259079999999998,0.00372891,8045.246466125489
252,30,0.11295169999999999,0.1019325,0.17054365,0.13469543333333334,0.122697,0.19875124999999996,0.00406234,7384.9062363071525
253,30,0.1045859,0.10130249999999999,0.11916834999999998,0.12616086666666668,0.12147649999999999,0.14636019999999997,0.003807695,7878.782307931702
254,30,0.10506220000000001,0.1024525,0.11586215,0.12810983333333334,0.12469350000000001,0.14819974999999996,0.003865368,7761.2273915446085
255,30,0.10484296666666663,0.1006085,0.12067344999999997,0.1267530333333333,0.1219315,0.14853054999999998,0.003824022,7845.143150327064
256,30,0.10457060000000001,0.10068650000000001,0.11974104999999997,0.12634499999999999,0.12105450000000001,0.14701164999999997,0.003811922,7870.045609537656
257,30,0.10446049999999998,0.10159750000000001,0.11985439999999997,0.1263329,0.1219045,0.14686209999999997,0.00381119,7871.557177679413
258,30,0.10369166666666668,0.1007425,0.12033789999999996,0.12524039999999997,0.1207165,0.14763544999999995,0.003778785,7939.059777150592
259,30,0.10435966666666666,0.10061049999999999,0.12080254999999998,0.12603483333333332,0.1210995,0.14892479999999997,0.003802583,7889.374143838543
260,30,0.1077413,0.10398,0.12766465,0.12996243333333332,0.124635,0.15652349999999998,0.003920803,7651.493839399736
261,30,0.1061043,0.10272049999999999,0.11982864999999997,0.12877716666666666,0.123579,0.14748414999999995,0.003885222,7721.566489636886
262,30,0.1207865,0.102974,0.20909424999999995,0.14325793333333336,0.124707,0.23707359999999994,0.00431976,6944.830268348242
263,30,0.10742959999999997,0.102966,0.1341781,0.1308065333333333,0.12387100000000001,0.1607892,0.003947061,7600.591934099828
264,30,0.1043299,0.100441,0.12068204999999997,0.1268632,0.1211395,0.14889354999999996,0.003828047,7836.894374598849
265,30,0.1051012,0.1020735,0.11906394999999996,0.1269395,0.123192,0.14664639999999995,0.003830718,7831.430034787212
266,30,0.1031409,0.0994465,0.11726634999999998,0.12504046666666666,0.1203095,0.14413094999999998,0.003775831,7945.27085560768
267,30,0.10158756666666664,0.0995905,0.10727375,0.12239966666666666,0.120126,0.12986504999999998,0.003692875,8123.751819381918
268,30,0.1045798333333333,0.10166349999999999,0.11983579999999996,0.1263981,0.1226845,0.14778359999999996,0.003814043,7865.669055120773
269,30,0.10538676666666667,0.10131399999999999,0.11835649999999998,0.1271431,0.121919,0.14415034999999995,0.003835946,7820.7566008489175
270,30,0.1078777,0.102071,0.14582664999999992,0.12989053333333334,0.122285,0.17716979999999988,0.00391873,7655.541463688492
271,30,0.11568246666666666,0.10134199999999999,0.1986436499999999,0.13861936666666666,0.1220995,0.23229924999999993,0.004180454,7176.254062357821
272,30,0.10410073333333333,0.10082050000000001,0.11955885,0.1258179,0.121194,0.14525244999999998,0.003796091,7902.866395984712
273,30,0.10394360000000001,0.101416,0.11868059999999997,0.1254741,0.1216795,0.14569894999999997,0.003786154,7923.607967346284
274,30,0.10271716666666666,0.10038949999999999,0.11364464999999997,0.1239521,0.1205985,0.13881564999999996,0.003740077,8021.225231459138
275,30,0.10394286666666665,0.100412,0.11925014999999997,0.12589369999999997,0.121018,0.14728334999999998,0.003798476,7897.904317415721
276,30,0.10464003333333335,0.1012525,0.11928639999999999,0.12643253333333332,0.122388,0.14437249999999996,0.003814714,7864.285500826537
277,30,0.1321098,0.10461799999999999,0.23516499999999996,0.16128776666666667,0.1252975,0.2739088,0.00486452,6167.103845805958
278,30,0.10640573333333331,0.10370650000000001,0.12051294999999998,0.12829666666666667,0.124857,0.14859414999999995,0.003869962,7752.014102464055
279,30,0.10526253333333331,0.102439,0.11942879999999996,0.1270864,0.12306,0.14502059999999994,0.003833824,7825.085345597503
280,30,0.10388156666666667,0.1020205,0.11387959999999998,0.1249109,0.1225665,0.13772594999999996,0.003768581,7960.555975843427
281,30,0.105669,0.102578,0.12363795,0.12684393333333335,0.1227705,0.14808649999999998,0.003826463,7840.138530021067
282,30,0.1032091,0.1010615,0.11174049999999999,0.12423226666666667,0.12113650000000001,0.13590505,0.003748101,8004.0532525671
283,30,0.10416056666666666,0.0999495,0.11939909999999997,0.12584286666666664,0.11970900000000001,0.14646774999999995,0.003797947,7899.004383157532
284,30,0.10574016666666668,0.10253799999999999,0.12173294999999998,0.1280758,0.123923,0.14853164999999996,0.003868131,7755.68355880398
285,30,0.10531023333333334,0.101953,0.11925509999999998,0.1269284,0.122472,0.14520694999999997,0.0038299,7833.102691976293
286,30,0.10402096666666664,0.1005205,0.11808064999999998,0.1258805,0.1208005,0.1446814,0.003798958,7896.902255829099
287,30,0.12661476666666668,0.110547,0.22232574999999988,0.15105713333333337,0.1342985,0.24776224999999988,0.004556629,6583.814482153363
288,30,0.11520200000000001,0.10739199999999999,0.15754454999999995,0.13990866666666665,0.13042700000000002,0.20115769999999994,0.004222738,7104.39529992152
289,30,0.1065285,0.1031685,0.12212559999999997,0.12914743333333337,0.124198,0.15064899999999998,0.0038987,7694.872649857644
290,30,0.10526816666666666,0.1022345,0.12120199999999998,0.12741926666666667,0.12288299999999999,0.14961195,0.003845659,7801.0036771331
291,30,0.10403003333333333,0.10129250000000001,0.11608024999999998,0.12635393333333333,0.12267600000000001,0.14238014999999998,0.003813767,7866.238288809987
292,30,0.11327053333333333,0.10736599999999999,0.15803519999999993,0.13764673333333333,0.12945250000000003,0.19528364999999995,0.004154168,7221.662677099242
293,30,0.10587429999999998,0.10285949999999999,0.12420904999999995,0.12851726666666666,0.1242225,0.15281884999999995,0.003878441,7735.0667446017615
294,30,0.12699486666666665,0.104636,0.22534535,0.15518553333333335,0.1265745,0.27089155,0.004681952,6407.583845370478
295,30,0.12193296666666667,0.1038335,0.2507407999999996,0.14657489999999998,0.124359,0.3052266499999996,0.004420091,6787.190580465424
296,30,0.10648133333333334,0.10325699999999999,0.12646915,0.12945043333333334,0.1249265,0.15287984999999998,0.003905436,7681.600722684996
297,30,0.11458953333333334,0.11285500000000001,0.1253657,0.13840713333333332,0.13627299999999998,0.1520829,0.004175447,7184.859489295398
298,30,0.10578966666666666,0.101527,0.12706359999999994,0.12774823333333332,0.121972,0.15620764999999992,0.003853878,7784.36681181916
299,30,0.10307846666666666,0.100425,0.11553324999999996,0.1243678,0.120673,0.14204904999999995,0.003752515,7994.638262605213
300,30,0.10551466666666665,0.1022875,0.12223259999999997,0.1275676666666667,0.123087,0.14996524999999994,0.003848854,7794.527929612294
301,30,0.10483693333333334,0.100084,0.12360599999999995,0.12703136666666667,0.120836,0.15105789999999994,0.003835552,7821.559973636129
302,30,0.10416543333333333,0.10063649999999999,0.12250109999999996,0.1257538,0.120668,0.14947499999999994,0.003794077,7907.061453945189
303,30,0.1059272,0.1032295,0.12375209999999998,0.12782106666666665,0.1243205,0.15139689999999995,0.003855965,7780.153606166032
304,30,0.10572019999999999,0.102186,0.12193509999999995,0.12796939999999998,0.1236405,0.14918304999999996,0.003860389,7771.237561810481
305,30,0.10468279999999999,0.102075,0.12176109999999996,0.12600176666666668,0.12183050000000001,0.14879804999999996,0.003801395,7891.839706213114
306,30,0.1046552333333333,0.101133,0.12011634999999996,0.1261545,0.121272,0.14640544999999996,0.003805737,7882.835834425763
307,30,0.10457223333333335,0.1010805,0.12104634999999996,0.12650383333333334,0.1211995,0.14809374999999997,0.003816398,7860.815355211904
308,30,0.10572306666666667,0.103213,0.12237794999999997,0.12736576666666669,0.12310199999999999,0.15016754999999996,0.003842315,7807.792958151532
309,30,0.10562773333333333,0.1013415,0.12059544999999997,0.12739563333333334,0.1216045,0.14736979999999994,0.003842936,7806.53125631028
310,30,0.10447023333333331,0.1006685,0.12233894999999997,0.1262111,0.121128,0.14950204999999997,0.00380789,7878.378839724887
311,30,0.12932253333333332,0.113269,0.22994759999999992,0.1530018333333333,0.1360685,0.2531336999999999,0.004612187,6504.506430463465
312,30,0.1105635,0.1043275,0.14063839999999997,0.1333108,0.1270445,0.17025594999999993,0.004022655,7457.761105538506
313,30,0.11898906666666666,0.109121,0.1574052,0.14456943333333336,0.1317375,0.18664385,0.00436193,6877.6894631504865
314,30,0.10392389999999999,0.1008645,0.12025754999999996,0.12580523333333332,0.1222625,0.14754299999999995,0.003795391,7904.3239550286125
315,30,0.10508426666666668,0.101951,0.11885374999999997,0.1269521,0.122211,0.14550399999999997,0.003829787,7833.333812037066
316,30,0.10479553333333332,0.10265250000000001,0.11787159999999997,0.12679766666666667,0.124115,0.14431004999999997,0.00382553,7842.050643963058
317,30,0.10361943333333334,0.10137750000000001,0.11539284999999998,0.12486169999999999,0.12205450000000001,0.14070464999999996,0.003767287,7963.290293518918
318,30,0.10370836666666669,0.09921550000000001,0.11789594999999997,0.12549069999999998,0.1196465,0.14442384999999996,0.00378936,7916.904173791881
319,30,0.10566163333333337,0.1014855,0.12231535,0.12769286666666665,0.1218685,0.14763674999999996,0.003852609,7786.930882422795
320,30,0.10248336666666667,0.1005085,0.1108772,0.123649,0.121057,0.13626074999999999,0.003730566,8041.675177439563
321,30,0.10382586666666667,0.100916,0.12047104999999997,0.1257037,0.121861,0.14723884999999995,0.003793365,7908.545578925308
322,30,0.10226479999999998,0.099567,0.11447019999999998,0.12388406666666667,0.120188,0.14179694999999998,0.003737521,8026.710752929548
323,30,0.1015428,0.099889,0.11088384999999998,0.12259360000000001,0.1199395,0.13641299999999998,0.003698905,8110.508380182783
324,30,0.10099476666666667,0.099074,0.11215755,0.12227943333333333,0.119547,0.13815985,0.003689656,8130.839297755671
325,30,0.10556093333333334,0.102005,0.11955734999999997,0.12777576666666668,0.122497,0.14695959999999997,0.00385559,7780.910314634077
326,30,0.1039689,0.100603,0.11554344999999996,0.12523806666666668,0.120731,0.14028664999999996,0.00377855,7939.553532439692
327,30,0.10249876666666664,0.100105,0.10940485,0.12419376666666665,0.120617,0.13538405,0.003748884,8002.381508737
328,30,0.11704416666666666,0.101322,0.2043791999999999,0.14013576666666663,0.1220895,0.24747794999999997,0.004226522,7098.034743460463
329,30,0.10443419999999999,0.1005395,0.12102529999999999,0.12628693333333332,0.1222485,0.14755929999999998,0.003811782,7870.334662370513
330,30,0.10504556666666666,0.101578,0.11867329999999997,0.12719973333333334,0.1226145,0.14565664999999994,0.003839451,7813.617103070205
331,30,0.1018212,0.09998699999999999,0.1098565,0.12339446666666667,0.1204745,0.13643,0.003723981,8055.895022020789
332,30,0.10205796666666665,0.0993675,0.11254134999999998,0.12408583333333331,0.11999499999999999,0.13818624999999995,0.003745217,8010.216764475864
333,30,0.10547986666666669,0.1020745,0.11829129999999997,0.1280334,0.123456,0.14563149999999997,0.003864409,7763.153434328509
334,30,0.10580679999999999,0.10158500000000001,0.1380725999999999,0.12865279999999998,0.1218895,0.1740495499999999,0.003882619,7726.743211219025
335,30,0.10725810000000001,0.100963,0.13143964999999996,0.12978196666666666,0.12203,0.16022804999999996,0.003924358,7644.562499139986
336,30,0.12892283333333335,0.128194,0.1478014,0.15834036666666668,0.157159,0.18240895,0.004779392,6276.949034521545
337,30,0.11073583333333335,0.10559299999999999,0.14252724999999997,0.13455256666666665,0.127633,0.17886729999999995,0.004064675,7380.66389071697
338,30,0.10525536666666667,0.1026335,0.12270954999999999,0.12789850000000003,0.12367249999999999,0.15054254999999997,0.00385876,7774.518239019789
339,30,0.10781210000000001,0.103477,0.1275117,0.13079746666666664,0.1250575,0.15496064999999998,0.003946278,7602.100004105134
340,30,0.10494376666666666,0.101333,0.12142269999999997,0.12652866666666665,0.12236649999999999,0.14913079999999995,0.003817456,7858.6367465663
341,30,0.11285016666666664,0.103653,0.16705535,0.1349126,0.1244995,0.18865584999999999,0.004068746,7373.279138093162
342,30,0.10484816666666667,0.1010045,0.11950044999999997,0.12698493333333336,0.12195349999999999,0.14666504999999996,0.003830705,7831.456611772507
343,30,0.10396046666666664,0.100269,0.11877704999999997,0.12604173333333335,0.12069650000000001,0.14627819999999997,0.003802764,7888.998633625436
344,30,0.10459126666666667,0.10182,0.12104559999999998,0.12680213333333332,0.12223300000000001,0.14960524999999997,0.003829292,7834.346401371324
345,30,0.10300006666666665,0.099669,0.11251074999999998,0.12456859999999999,0.12009449999999999,0.13714869999999996,0.003758081,7982.797603351285
346,30,0.10630333333333333,0.1033565,0.11970179999999997,0.12842320000000002,0.124912,0.14745409999999995,0.003874261,7743.412227519003
347,30,0.10299836666666666,0.10133049999999999,0.11247849999999997,0.12460333333333332,0.121535,0.13898884999999997,0.003759099,7980.6357853304735
348,30,0.10460253333333332,0.1014395,0.11968634999999997,0.12637453333333334,0.12242800000000001,0.14713979999999996,0.003812736,7868.365394299526
349,30,0.10522153333333334,0.100998,0.11966369999999997,0.12730650000000002,0.12124850000000001,0.14745079999999997,0.003840519,7811.444234490182
350,30,0.10504216666666667,0.10020699999999999,0.12000794999999997,0.12709433333333334,0.121018,0.14768434999999996,0.003834122,7824.477155395681
351,30,0.10342963333333333,0.099861,0.12069804999999996,0.125128,0.119863,0.14784019999999995,0.003774932,7947.163021744498
352,30,0.10264153333333333,0.1004085,0.11456904999999996,0.12397776666666666,0.121288,0.14070724999999995,0.003743581,8013.717347106955
353,30,0.10442470000000001,0.101538,0.12116049999999998,0.1260756,0.1220435,0.14852674999999996,0.003803155,7888.187570582845
354,30,0.10451459999999999,0.1004495,0.12173544999999997,0.12634896666666665,0.12105350000000001,0.14862994999999996,0.003811699,7870.506039432809
355,30,0.10364816666666667,0.0999015,0.12304139999999997,0.1254422666666667,0.1206545,0.15030449999999995,0.003784738,7926.572460233707
356,30,0.10731896666666665,0.103361,0.13723469999999993,0.13028530000000002,0.1253725,0.1684443999999999,0.00393096,7631.723548446182
357,30,0.10380123333333333,0.10202249999999999,0.11564414999999997,0.12597783333333332,0.1234465,0.14191819999999997,0.003801167,7892.313071222601
358,30,0.10592176666666668,0.103334,0.11967889999999996,0.12852436666666664,0.124633,0.14725724999999995,0.003878207,7735.533456568976
359,30,0.10869486666666667,0.10524,0.12637054999999997,0.13161566666666666,0.1267045,0.15473999999999996,0.003970833,7555.089826240489
360,30,0.12462023333333334,0.1197095,0.18169884999999994,0.15183850000000002,0.147608,0.22175215,0.004581358,6548.2767336671795
361,30,0.11677746666666668,0.10268150000000001,0.15754585,0.14287536666666664,0.125285,0.1911549,0.004312653,6956.274942593342
362,30,0.10413913333333334,0.0998205,0.12027044999999997,0.1262697,0.12038850000000001,0.14809519999999995,0.003809791,7874.447705924026
363,30,0.10539203333333333,0.1009745,0.12989194999999995,0.12751726666666666,0.121564,0.15830809999999998,0.0038471,7798.081671908711
364,30,0.10313943333333334,0.100079,0.11809139999999999,0.12457676666666664,0.12053900000000001,0.14548934999999996,0.003758129,7982.69564456143
365,30,0.10423543333333334,0.10011500000000001,0.11874539999999997,0.12613880000000002,0.1210675,0.14609104999999997,0.003805344,7883.649940714952
366,30,0.10175653333333336,0.100312,0.10880264999999999,0.12329396666666666,0.12103900000000001,0.13487545,0.003720202,8064.078240912724
367,30,0.1036558,0.099523,0.12022564999999998,0.12559789999999998,0.1201855,0.14779549999999997,0.003789102,7917.443235890721
368,30,0.1033766,0.1000855,0.11661549999999997,0.12520426666666667,0.12112200000000001,0.14396704999999999,0.003777261,7942.262925437241
369,30,0.10525863333333335,0.10073499999999999,0.12151404999999997,0.12717603333333333,0.122062,0.14923799999999995,0.00383972,7813.069702999177
370,30,0.10158933333333334,0.100088,0.10740494999999999,0.12319116666666667,0.1204295,0.132935,0.003721295,8061.709700520921
371,30,0.1049783,0.100414,0.11922624999999996,0.12735256666666667,0.121167,0.14703434999999995,0.003842983,7806.4357817872215
372,30,0.10394516666666667,0.09979199999999999,0.12020939999999997,0.12596276666666667,0.1202825,0.14783799999999997,0.003801529,7891.561526954023
373,30,0.10194766666666667,0.099028,0.11114954999999997,0.12304336666666664,0.1185925,0.13608344999999997,0.003714053,8077.429158926919
374,30,0.10478963333333337,0.101577,0.12062669999999996,0.1268058,0.12359300000000001,0.14810389999999996,0.003827416,7838.18638998217
375,30,0.10572716666666666,0.1015655,0.12092069999999996,0.1279527,0.122442,0.14848344999999996,0.003862519,7766.952084895893
376,30,0.10386446666666668,0.1005385,0.11943704999999996,0.12559243333333336,0.1211165,0.14688854999999995,0.00379082,7913.855049830908
377,30,0.10226103333333332,0.0994525,0.11275165,0.1236118,0.11923500000000001,0.1383042,0.003730399,8042.035181759377
378,30,0.10406240000000001,0.1013745,0.12016129999999997,0.1260056,0.12199299999999999,0.15008204999999994,0.003802916,7888.683315645152
379,30,0.1152323,0.100841,0.2034010999999998,0.13712556666666667,0.12198200000000001,0.23333059999999986,0.004135275,7254.656582694017
380,30,0.10988166666666667,0.098942,0.17752905,0.13169113333333335,0.1186035,0.19966875,0.003971756,7553.33409202378
381,30,0.10051733333333335,0.098607,0.1063012,0.12168526666666665,0.1185215,0.13165164999999998,0.003670982,8172.200245057044
382,30,0.10418356666666669,0.1012565,0.11665624999999996,0.12586533333333333,0.121771,0.14381799999999997,0.003797186,7900.587435011084
383,30,0.10358003333333334,0.099041,0.11876789999999997,0.12559650000000003,0.119417,0.14647409999999997,0.003789145,7917.353387109757
384,30,0.10137096666666666,0.0980515,0.11282014999999997,0.12268236666666668,0.1178955,0.13852679999999995,0.003701694,8104.397608230178
385,30,0.1233593,0.12159400000000001,0.13975764999999998,0.15201170000000003,0.15131899999999998,0.17045244999999998,0.004588289,6538.385005826791
386,30,0.11819163333333332,0.112399,0.14339024999999997,0.14543980000000004,0.13873000000000002,0.17580605,0.004393265,6828.634284524152
387,30,0.10601633333333332,0.10186999999999999,0.12007484999999998,0.12903263333333334,0.1240635,0.14730584999999996,0.003894031,7704.098914466783
388,30,0.10571996666666665,0.101427,0.1227106,0.12828906666666665,0.121692,0.1500414,0.003870642,7750.652217384093
389,30,0.10371036666666668,0.10027549999999999,0.11626889999999997,0.12521466666666667,0.121029,0.14246954999999997,0.003778112,7940.473972185049
390,30,0.10461816666666665,0.102155,0.12117009999999998,0.12604293333333333,0.12294050000000001,0.14829374999999997,0.003802341,7889.876263070567
391,30,0.1052921,0.10063449999999999,0.123791,0.1271972,0.12123300000000001,0.1497727,0.003837077,7818.4513889087975
392,30,0.10384869999999999,0.09987499999999999,0.11896044999999998,0.12572819999999998,0.121488,0.14571279999999995,0.003793169,7908.954227981933
393,30,0.10282696666666667,0.1005635,0.11576204999999999,0.1236151,0.1207,0.13915334999999998,0.00372981,8043.305154954273
394,30,0.10292036666666667,0.0994505,0.11727684999999999,0.12425686666666666,0.1191485,0.14369129999999997,0.00374907,8001.984492154053
395,30,0.10359743333333334,0.09949150000000001,0.11952844999999997,0.12506813333333333,0.119769,0.14678394999999997,0.003773147,7950.922664820639
396,30,0.10464796666666666,0.101892,0.12160945,0.12630159999999999,0.1221435,0.14897429999999998,0.003810325,7873.344137311122
397,30,0.10447646666666668,0.09993099999999999,0.12220224999999997,0.1263751333333333,0.12024399999999999,0.15013239999999994,0.00381304,7867.738077754232
398,30,0.10226723333333335,0.100878,0.10916654999999999,0.12401803333333332,0.1219865,0.13464779999999996,0.003742317,8016.424049592805
399,30,0.10397889999999999,0.1005555,0.11924054999999999,0.12543376666666667,0.12054000000000001,0.14652104999999996,0.003784153,7927.797845383101
400,30,0.10461929999999998,0.10083349999999999,0.11982304999999997,0.1261028,0.1209725,0.14463064999999994,0.003804323,7885.765745968468
401,30,0.1059404,0.101702,0.12063399999999996,0.12824963333333333,0.12270149999999999,0.14862824999999996,0.003868828,7754.286310996508
402,30,0.10538760000000001,0.1016305,0.12118259999999997,0.12780599999999998,0.12195249999999999,0.14983349999999995,0.003855749,7780.5894522698445
403,30,0.10495586666666665,0.10067000000000001,0.12113714999999997,0.12717219999999999,0.1213725,0.14804794999999996,0.003839489,7813.539770526754
404,30,0.10546836666666666,0.101909,0.12424394999999999,0.1272563,0.122102,0.15069149999999998,0.003839485,7813.547910722401
405,30,0.10202123333333332,0.0994945,0.11444264999999998,0.12326303333333333,0.1195525,0.14078484999999996,0.003719413,8065.788875825298
406,30,0.10306236666666665,0.10004450000000001,0.11709509999999998,0.12474973333333335,0.1207075,0.14386299999999996,0.003764067,7970.102551309528
407,30,0.10577343333333332,0.101534,0.12097404999999996,0.12766249999999998,0.121461,0.14842594999999995,0.00385106,7790.062995642758
408,30,0.10390876666666664,0.0999765,0.11805904999999997,0.1257955,0.120062,0.14554454999999997,0.003795279,7904.557214370801
409,30,0.10347526666666668,0.1000585,0.11926559999999997,0.1254293,0.1205135,0.14685834999999997,0.003784592,7926.878247377789
410,30,0.12741553333333336,0.1231685,0.1530849,0.15780650000000002,0.15010849999999998,0.18944669999999997,0.004764081,6297.122152205221
411,30,0.11040923333333333,0.102156,0.14387755,0.13568433333333332,0.1239175,0.18215225,0.004095707,7324.742712308279
412,30,0.10469223333333334,0.101604,0.12105189999999999,0.12701696666666665,0.1222895,0.14775304999999997,0.00383328,7826.195842724768
413,30,0.10518236666666665,0.101158,0.11942524999999997,0.12725440000000002,0.121536,0.14632079999999997,0.003840747,7810.9805201956815
414,30,0.10529133333333333,0.101155,0.12667135,0.1282149,0.1228365,0.15359494999999998,0.003869756,7752.426767992608
415,30,0.10559703333333335,0.1018265,0.12129384999999998,0.12779213333333334,0.12235399999999999,0.14892069999999996,0.003856856,7778.3562570134845
416,30,0.10475983333333332,0.1011745,0.12074454999999996,0.1266482,0.12208050000000001,0.14781954999999997,0.003821767,7849.772108032751
417,30,0.10462949999999999,0.09981899999999999,0.11831149999999997,0.12653250000000002,0.1202195,0.14526844999999997,0.0038186,7856.282407164929
418,30,0.1034726,0.10056,0.11829664999999996,0.12523696666666667,0.12113,0.14496544999999997,0.003779983,7936.543629958123
419,30,0.10117826666666666,0.098955,0.11550799999999997,0.12291930000000001,0.11953949999999999,0.14242734999999995,0.003710456,8085.259601515286
420,30,0.10430320000000003,0.100104,0.12043609999999998,0.12655183333333334,0.12116550000000001,0.14803324999999995,0.003822941,7847.361494723566
421,30,0.1050985,0.1012405,0.11988849999999997,0.12716163333333333,0.121671,0.14785699999999996,0.003838272,7816.0172077434845
422,30,0.10119460000000001,0.0993295,0.11003104999999999,0.12270746666666668,0.119713,0.13684944999999998,0.003703304,8100.874246348666
423,30,0.10221656666666665,0.0999265,0.11309765,0.12397293333333331,0.12001300000000001,0.13880609999999996,0.003741383,8018.425272152036
424,30,0.10169563333333333,0.0985435,0.111723,0.12312946666666667,0.11862500000000001,0.13735684999999997,0.003714133,8077.25517637629
425,30,0.10507973333333331,0.1010955,0.11971504999999996,0.12697476666666666,0.120786,0.14701549999999997,0.003830797,7831.268532370679
426,30,0.10648663333333333,0.10274,0.13314814999999997,0.12852576666666665,0.1230775,0.15716995,0.003877325,7737.293108006164
427,30,0.10420506666666667,0.0994505,0.11915874999999998,0.12589086666666666,0.1205115,0.14624999999999996,0.003798611,7897.623631374731
428,30,0.10126349999999998,0.099496,0.11227459999999999,0.12282973333333333,0.1197715,0.13891364999999997,0.003706486,8093.919685653743
429,30,0.10437436666666665,0.09976850000000001,0.11795919999999997,0.12597973333333332,0.1204795,0.14404029999999995,0.003801297,7892.043163162468
430,30,0.10459276666666666,0.100682,0.12080654999999997,0.1265671,0.12090899999999999,0.14830434999999995,0.003818717,7856.041701964298
431,30,0.1061824,0.10242,0.11911169999999997,0.12809803333333333,0.1226235,0.14629724999999996,0.003864421,7763.129327782869
432,30,0.10196393333333333,0.09970000000000001,0.11162509999999998,0.12331226666666667,0.120149,0.13704794999999995,0.00372115,8062.023836717144
433,30,0.1050013,0.1005455,0.12148794999999997,0.1271444,0.12150849999999999,0.14944694999999997,0.003836323,7819.988045844941
434,30,0.11051760000000002,0.1035265,0.1444449,0.13420696666666668,0.125009,0.17827315,0.004050818,7405.911596127004
435,30,0.12946503333333334,0.125836,0.14408785,0.16029599999999997,0.15480850000000002,0.18115684999999998,0.004840116,6198.198555571808
436,30,0.10479886666666667,0.10053899999999999,0.11942794999999996,0.12694063333333333,0.120705,0.14816194999999993,0.003830379,7832.1231397728525
437,30,0.10905113333333333,0.102449,0.15003574999999997,0.13225426666666668,0.12297449999999999,0.17749684999999993,0.003992869,7513.394504052099
438,30,0.10336713333333332,0.1002285,0.11547669999999999,0.12488263333333331,0.12082,0.13929099999999997,0.003767755,7962.301158116704
439,30,0.10933013333333334,0.105806,0.12023734999999998,0.13268363333333333,0.1296775,0.14719524999999997,0.004002915,7494.538355173667
440,30,0.10168186666666665,0.0993435,0.11257214999999997,0.12317596666666666,0.1201515,0.13746979999999998,0.003716453,8072.212940672194
441,30,0.10595496666666665,0.10249649999999999,0.11986774999999998,0.12844276666666665,0.124093,0.14734994999999998,0.0038755,7740.936653335053
442,30,0.10462113333333334,0.1024185,0.11795964999999999,0.12636033333333335,0.123831,0.14459179999999996,0.003812138,7869.599683956876
443,30,0.10586730000000001,0.1029665,0.11897184999999998,0.1282578,0.123514,0.14554359999999997,0.00386911,7753.721140003774
444,30,0.10660810000000001,0.102357,0.12610715,0.12906693333333333,0.1230555,0.15551874999999998,0.003893537,7705.07638684312
445,30,0.10352543333333332,0.1010405,0.12006939999999999,0.125177,0.12181149999999999,0.14622869999999996,0.003776609,7943.6340907941485
446,30,0.10489140000000001,0.10152800000000001,0.12302805,0.12696706666666666,0.1226565,0.1504013,0.003830864,7831.131567186932
447,30,0.10398233333333336,0.10057150000000001,0.11829859999999999,0.12565370000000003,0.12106449999999999,0.14458184999999998,0.003791138,7913.191237037534
448,30,0.1050357,0.1017235,0.11913944999999998,0.12708133333333332,0.122851,0.14640109999999998,0.00383401,7824.705725858827
449,30,0.10135640000000001,0.098982,0.11514954999999999,0.12243419999999999,0.118816,0.1398649,0.003693873,8121.556967443114
450,30,0.10332373333333332,0.1004945,0.11980019999999997,0.124983,0.120564,0.14572724999999995,0.003770849,7955.768051173622
451,30,0.12972513333333333,0.12582700000000002,0.15778114999999995,0.1569384,0.1523875,0.19415229999999997,0.004734779,6336.092983431751
452,30,0.127189,0.12225349999999999,0.15089004999999997,0.15447486666666668,0.149337,0.18350044999999995,0.004660587,6436.957404721766
453,30,0.12870560000000003,0.12581199999999998,0.14377905,0.1562667666666667,0.152066,0.17593365,0.004714953,6362.735747312858
454,30,0.1270251666666667,0.12331249999999999,0.14437009999999997,0.154611,0.148996,0.17644274999999998,0.004668182,6426.4846571963135
455,30,0.1312366666666667,0.127549,0.14913115,0.15860903333333334,0.1558195,0.18056399999999997,0.004784855,6269.782469897206
456,30,0.13867373333333335,0.130354,0.17497915,0.1655532,0.159351,0.20710844999999997,0.004992294,6009.261473783395
457,30,0.10738910000000002,0.10336100000000001,0.13213594999999992,0.1296526,0.124977,0.1598555499999999,0.003911592,7669.511544148776
458,30,0.12921853333333336,0.12792,0.1456606,0.16012486666666667,0.157393,0.18208195,0.004835198,6204.502897296036
459,30,0.11021866666666666,0.10286300000000001,0.14552269999999995,0.13539553333333335,0.1241415,0.18222064999999996,0.004088028,7338.5015953902475
460,30,0.11563603333333332,0.1034355,0.17925674999999996,0.1382519666666667,0.125503,0.2019045,0.00417046,7193.451082134825
461,30,0.10374149999999999,0.09964400000000001,0.12010324999999998,0.12586309999999998,0.12066950000000001,0.14966849999999995,0.003798525,7897.802436472051
462,30,0.10466183333333332,0.100795,0.12261169999999996,0.1272972666666667,0.1223375,0.15075919999999995,0.003842518,7807.38047290865
463,30,0.10382010000000001,0.1002805,0.11838374999999997,0.12602906666666666,0.12063950000000001,0.14601669999999994,0.00380402,7886.393867540129
464,30,0.10392053333333333,0.0997795,0.12179104999999997,0.12610349999999998,0.12058450000000001,0.15109694999999995,0.00380678,7880.676056930004
465,30,0.10595356666666667,0.101719,0.12056559999999998,0.1282568666666667,0.1221985,0.15007719999999997,0.003870491,7750.954594649619
466,30,0.10562836666666667,0.10134750000000001,0.12231609999999997,0.1277069333333333,0.12220349999999999,0.15086904999999995,0.003854398,7783.316616498867
467,30,0.10618243333333334,0.10221949999999999,0.12101634999999997,0.12838059999999998,0.12282850000000001,0.14922284999999996,0.003874029,7743.875949302393
468,30,0.10831360000000001,0.10301350000000001,0.13839944999999992,0.13054276666666667,0.124243,0.1734970499999999,0.003939157,7615.8426790300555
469,30,0.10203436666666667,0.100338,0.11279564999999997,0.12305273333333332,0.1204515,0.13799869999999997,0.003713978,8077.592274375346
470,30,0.10422403333333334,0.1010755,0.11745439999999997,0.12585736666666666,0.121517,0.14348649999999996,0.003796804,7901.38232049903
471,30,0.10573410000000001,0.1014215,0.12218419999999998,0.1277007666666667,0.121503,0.15018724999999997,0.003856492,7779.090427258762
472,30,0.10465526666666668,0.100799,0.11914494999999997,0.1267852,0.121544,0.14652179999999995,0.003824595,7843.967792668243
473,30,0.10612373333333334,0.10105449999999999,0.12667669999999995,0.1284602333333333,0.1226825,0.1580565999999999,0.003875761,7740.415366169379
474,30,0.1025399333333333,0.1011055,0.11403874999999997,0.12375249999999999,0.12171799999999999,0.13805709999999996,0.003733067,8036.28758873066
475,30,0.10426530000000002,0.1011735,0.12257429999999998,0.12589546666666665,0.1212755,0.15037524999999996,0.003798425,7898.010359556922
476,30,0.10317303333333334,0.09973950000000001,0.11566499999999998,0.12400913333333335,0.119754,0.1411237,0.003741508,8018.157384669496
477,30,0.10575433333333335,0.10108,0.12308059999999997,0.12760683333333336,0.1211135,0.15167824999999996,0.003850027,7792.153145938977
478,30,0.10555660000000001,0.101875,0.12104104999999997,0.12786820000000002,0.12400800000000001,0.14890814999999996,0.003857943,7776.164655620884
479,30,0.1055637,0.1004385,0.12315289999999997,0.12746019999999997,0.1204655,0.15091424999999997,0.003845585,7801.153790645637
480,30,0.10600269999999998,0.10230449999999999,0.12455595,0.12847309999999998,0.1226945,0.15369035,0.003880464,7731.0342268347285
481,30,0.10366743333333334,0.10153300000000001,0.11222085,0.1256168,0.12177450000000001,0.13849894999999998,0.003790201,7915.147508008151
482,30,0.11951046666666666,0.1203775,0.13519715,0.14638333333333337,0.149807,0.165566,0.004419434,6788.199574877688
483,30,0.12602819999999998,0.1259325,0.15845824999999997,0.15513239999999998,0.1558215,0.19990894999999995,0.004682279,6407.136353899457
484,30,0.10587786666666665,0.10269800000000001,0.12189379999999997,0.12811620000000004,0.1240715,0.14987454999999997,0.003865719,7760.522686723996
485,30,0.10560356666666665,0.10230900000000001,0.12566934999999996,0.12747133333333333,0.1226575,0.15342379999999994,0.00384596,7800.393139814247
486,30,0.10428420000000001,0.1015795,0.11936884999999997,0.12579846666666666,0.121888,0.14584744999999996,0.003795785,7903.503491372668
487,30,0.10272353333333334,0.10047400000000001,0.11321854999999999,0.12456339999999999,0.12109249999999999,0.138561,0.003758327,7982.2750920821945
488,30,0.10650633333333334,0.104022,0.1224502,0.12919666666666665,0.1260905,0.14989034999999998,0.003901658,7689.038865015847
489,30,0.10444673333333333,0.101626,0.11793334999999998,0.1257993,0.1227615,0.14356204999999997,0.003795362,7904.3843512160365
490,30,0.1042021,0.10162199999999999,0.11629864999999998,0.12580476666666665,0.1220215,0.14220469999999996,0.003795416,7904.271890090573
491,30,0.10537856666666667,0.102458,0.11906194999999997,0.12737769999999998,0.1238915,0.14631924999999998,0.003842773,7806.862388176455
492,30,0.10539823333333333,0.102604,0.12172079999999998,0.12721833333333332,0.1231115,0.14833584999999996,0.003837887,7816.801276327313
493,30,0.10695070000000001,0.10248299999999999,0.12459685,0.1295391,0.124935,0.15022184999999996,0.003907776,7677.0009335233135
494,30,0.10635493333333333,0.102356,0.12351734999999998,0.1285376666666667,0.1237105,0.15120839999999997,0.00387796,7736.026158083116
495,30,0.10654683333333333,0.10176450000000001,0.12383299999999998,0.12871836666666667,0.1227985,0.15150339999999998,0.003883131,7725.7244218647265
496,30,0.10484936666666668,0.102088,0.12035799999999998,0.12686843333333334,0.1229055,0.14967364999999996,0.003827506,7838.00208281842
497,30,0.10620473333333331,0.1033955,0.12343669999999995,0.12831399999999998,0.123515,0.15150754999999996,0.003871086,7749.763244732873
498,30,0.10499013333333333,0.1008945,0.12330544999999996,0.1270756,0.122168,0.15096434999999994,0.003833831,7825.0710581661015
499,30,0.10436616666666665,0.099899,0.12773989999999996,0.1260986,0.1205025,0.15668454999999992,0.003803962,7886.514113442773
500,30,0.1051424,0.102064,0.12378354999999995,0.12733263333333336,0.1226455,0.15118014999999996,0.003841672,7809.099787800728
501,30,0.10467786666666666,0.1008735,0.1258152,0.12687756666666666,0.121474,0.15390344999999997,0.003827964,7837.06429841033
502,30,0.10398976666666665,0.10194600000000001,0.11362269999999997,0.1254231,0.122892,0.13844489999999995,0.003785187,7925.632207867141
503,30,0.10550356666666665,0.102157,0.12247924999999996,0.12758573333333334,0.122728,0.15007329999999997,0.003850063,7792.080285439485
504,30,0.10550699999999999,0.10208600000000001,0.12258289999999997,0.12742166666666663,0.1227105,0.14964854999999996,0.003845553,7801.218706386312
505,30,0.10480633333333333,0.1013175,0.12189449999999998,0.12700630000000002,0.12279,0.14805289999999996,0.003836926,7818.759079533981
506,30,0.10399486666666666,0.10077749999999999,0.12075489999999994,0.12561143333333333,0.1214335,0.14702149999999994,0.003792149,7911.081552966405
507,30,0.13174429999999998,0.130284,0.15034009999999998,0.16279100000000002,0.161686,0.18707464999999995,0.004916963,6101.327181026174
508,30,0.11490700000000001,0.10512099999999999,0.15503289999999997,0.14046519999999998,0.1266315,0.19330809999999995,0.004240435,7074.7458692327555
509,30,0.10662576666666666,0.1039905,0.11827189999999999,0.12888286666666668,0.126239,0.1431738,0.003891764,7708.586646055619
510,30,0.10685259999999999,0.10324749999999999,0.12633539999999996,0.12897263333333334,0.1234105,0.15430639999999995,0.003891973,7708.172692873255
511,30,0.10619836666666664,0.102851,0.11923719999999997,0.128695,0.123526,0.14651164999999994,0.003883651,7724.689988879021
512,30,0.10636793333333333,0.102793,0.12293189999999998,0.12911103333333332,0.124571,0.15078224999999998,0.003896132,7699.944457733978
513,30,0.1177925,0.10339200000000001,0.18282539999999992,0.14151493333333331,0.12447849999999999,0.21445324999999996,0.004269259,7026.980560326745
514,30,0.11839806666666665,0.1019195,0.1992287999999999,0.14101393333333334,0.122996,0.2237386999999999,0.004256424,7048.170013137789
515,30,0.10561060000000003,0.1016305,0.12225369999999998,0.1280119333333333,0.12169150000000001,0.15019124999999997,0.003861993,7768.009936838311
516,30,0.10557973333333333,0.101373,0.12397605,0.1271596,0.1222535,0.15121254999999997,0.003836353,7819.92689411011
517,30,0.10302469999999998,0.100565,0.11703354999999999,0.1246936,0.120816,0.13926254999999998,0.003762221,7974.013222508725
518,30,0.10525986666666669,0.1020885,0.12196944999999998,0.12758743333333333,0.124525,0.15000764999999996,0.003848753,7794.73247568758
519,30,0.10994033333333333,0.10451250000000001,0.14541245,0.13247296666666666,0.125854,0.17384414999999998,0.003997058,7505.5203101881425
520,30,0.1291015,0.126076,0.14967194999999994,0.15645219999999999,0.153845,0.17878179999999996,0.004720406,6355.3855325156355
521,30,0.13017403333333333,0.1264495,0.14917929999999996,0.15837306666666665,0.153986,0.18278024999999995,0.004778584,6278.010389688661
522,30,0.13032506666666666,0.127934,0.14883969999999996,0.15737520000000002,0.15428150000000002,0.18020379999999997,0.004753733,6310.829825739057
523,30,0.13150536666666665,0.109648,0.2086883999999999,0.15697820000000004,0.131776,0.2383325999999999,0.004734133,6336.957580194727
524,30,0.10728236666666666,0.102477,0.12596834999999998,0.13022326666666667,0.123997,0.15397564999999996,0.003929782,7634.011250496847
525,30,0.1082702,0.105356,0.12378694999999998,0.13135013333333334,0.12579200000000001,0.15232179999999995,0.003963548,7568.976079008
526,30,0.10797256666666667,0.1043875,0.12146064999999998,0.1310248,0.12585600000000002,0.15201859999999998,0.003953328,7588.543121137432
527,30,0.10775736666666667,0.1031045,0.12809899999999996,0.13067613333333336,0.12481300000000001,0.15661129999999993,0.003943352,7607.740825571747
528,30,0.10765293333333335,0.103864,0.12384434999999998,0.13035433333333332,0.1257685,0.15219159999999995,0.003933679,7626.448421439573
529,30,0.1070698,0.10348099999999999,0.12039804999999998,0.13003126666666667,0.12472449999999999,0.14884474999999997,0.003923879,7645.4956944391
530,30,0.13849896666666667,0.1288645,0.19988745,0.16806240000000003,0.160109,0.23503825,0.005071298,5915.64526478231
531,30,0.10671849999999998,0.1026305,0.1257093,0.12950216666666667,0.12396499999999999,0.15276415,0.00390734,7677.857570623494
532,30,0.10965953333333332,0.103676,0.14532834999999997,0.13268076666666667,0.126973,0.17515784999999992,0.004003479,7493.48254355774
533,30,0.10781909999999999,0.10419400000000001,0.1263059,0.1305101,0.12574849999999999,0.15508054999999998,0.00393776,7618.544553248547
534,30,0.10891416666666667,0.10527600000000001,0.12544824999999996,0.13196703333333334,0.127352,0.15389804999999993,0.003982408,7533.130708857556
535,30,0.10572329999999998,0.10335549999999999,0.11689364999999997,0.1282294,0.124403,0.14553374999999996,0.003869195,7753.55080320325
536,30,0.11829259999999998,0.111687,0.17616739999999997,0.14269303333333333,0.1343065,0.21138434999999997,0.004309104,6962.004166063292
537,30,0.10813540000000002,0.104281,0.12523645,0.13082333333333332,0.12581150000000002,0.15316234999999997,0.00394695,7600.805685402652
538,30,0.10963656666666664,0.1070855,0.12446154999999999,0.13330240000000002,0.12987300000000002,0.15258334999999998,0.004022424,7458.1893902781
539,30,0.10654696666666667,0.10299,0.12220469999999994,0.12885000000000002,0.12449,0.14935924999999994,0.003887654,7716.736108717494
540,30,0.1063066,0.1030205,0.11881399999999998,0.12836066666666668,0.1250235,0.14629419999999996,0.003876168,7739.602617843189
541,30,0.10580426666666667,0.104115,0.11593534999999999,0.12817663333333332,0.12536049999999999,0.14203829999999998,0.003867155,7757.640953103767
542,30,0.12458856666666666,0.110105,0.18722399999999997,0.14895946666666668,0.132857,0.22173139999999997,0.004496413,6671.984980027412
543,30,0.1086249,0.1051035,0.12692065,0.13168796666666666,0.1270605,0.15573315,0.003973281,7550.435018313579
544,30,0.10991013333333335,0.1054325,0.13938704999999996,0.13368056666666667,0.127679,0.17205089999999995,0.004032961,7438.703225744062
545,30,0.10931446666666668,0.10537099999999999,0.12440619999999998,0.13290036666666669,0.1270185,0.15281049999999996,0.004010799,7479.806392691332
546,30,0.10696746666666666,0.1037575,0.11943219999999999,0.1295992,0.12569249999999998,0.14481244999999998,0.003912017,7668.6783314080685
547,30,0.10563816666666667,0.10212550000000001,0.11977819999999997,0.12856383333333335,0.12387999999999999,0.14797124999999997,0.003879581,7732.793824900164
548,30,0.11160973333333332,0.1057135,0.14545009999999997,0.13523929999999998,0.128409,0.1757811499999999,0.004082128,7349.108112239499
549,30,0.10824336666666667,0.1045585,0.12452859999999999,0.13170806666666668,0.1260465,0.15312429999999996,0.003975666,7545.90551620785
550,30,0.10757456666666666,0.10445199999999999,0.12581034999999996,0.13118563333333333,0.126909,0.15494489999999994,0.003960138,7575.493581284288
551,30,0.10653683333333332,0.1026205,0.12327109999999997,0.1296882,0.12395300000000001,0.15201524999999996,0.003914186,7664.428823770766
552,30,0.10682803333333332,0.102715,0.12326514999999998,0.1296205,0.123802,0.15206474999999997,0.003911784,7669.135105619329
553,30,0.10861076666666668,0.1035195,0.12578204999999998,0.13203473333333332,0.126029,0.15497959999999997,0.003989737,7519.292625052729
554,30,0.13830533333333334,0.125887,0.21441889999999994,0.16778523333333334,0.1581805,0.24507669999999995,0.005063034,5925.30091640704
555,30,0.10310576666666665,0.09940650000000001,0.11392794999999999,0.12451323333333335,0.1196,0.1379992,0.003758071,7982.818845093667
556,30,0.1058385,0.10260150000000001,0.12511764999999997,0.12813339999999998,0.1240525,0.14904255,0.003867191,7757.568736584255
557,30,0.10726473333333332,0.10306850000000001,0.1264051,0.1304568,0.1254575,0.1550845,0.003938687,7616.751470731237
558,30,0.10729786666666667,0.104519,0.12564394999999998,0.13014889999999998,0.12634800000000002,0.15476744999999997,0.003927299,7638.837786478696
559,30,0.10627323333333334,0.1031665,0.12095599999999997,0.12888843333333333,0.1248145,0.14843924999999997,0.003888631,7714.797315559126
560,30,0.10671983333333333,0.1038575,0.12408089999999995,0.1296789,0.125069,0.15228244999999993,0.00391318,7666.399194516992
561,30,0.10875753333333334,0.10795650000000001,0.1208731,0.132244,0.129407,0.14695775,0.003990635,7517.600582363458
562,30,0.1044763,0.1011595,0.1221582,0.12688013333333334,0.1225155,0.147498,0.00382824,7836.4992790420665
563,30,0.10637193333333334,0.10272400000000001,0.12330204999999998,0.12903403333333333,0.1238825,0.15097689999999994,0.003892999,7706.141203735218
564,30,0.11651726666666667,0.1048315,0.17267399999999994,0.14087323333333332,0.126643,0.20876445,0.004253127,7053.633714676284
565,30,0.1096904,0.10353799999999999,0.15301214999999993,0.133111,0.124256,0.18474909999999994,0.004016516,7469.159839024666
566,30,0.10749870000000002,0.10391349999999999,0.12646804999999997,0.13067173333333335,0.12534900000000002,0.15624299999999997,0.0039429,7608.612949859241
567,30,0.10749449999999998,0.104121,0.12381564999999996,0.13066863333333334,0.125839,0.15304954999999995,0.003942537,7609.313495345763
568,30,0.10690486666666667,0.102427,0.12280459999999997,0.1298742333333333,0.1238725,0.15131774999999995,0.003917897,7657.16913946436
569,30,0.10714673333333334,0.1032105,0.12252359999999997,0.1301629333333333,0.1246715,0.15118284999999995,0.003926412,7640.563445710741
570,30,0.10639456666666666,0.10255049999999999,0.12308859999999998,0.1287875,0.12363950000000001,0.15048544999999997,0.003885718,7720.580855327124
571,30,0.10656686666666666,0.1028055,0.12403304999999996,0.12964596666666664,0.124257,0.15201924999999994,0.003911665,7669.368414728767
572,30,0.10758423333333335,0.1033645,0.12439189999999997,0.13058253333333333,0.1251495,0.15255029999999997,0.003939769,7614.659641212467
573,30,0.10421866666666665,0.10128200000000001,0.1157987,0.12668656666666667,0.122392,0.14409629999999998,0.00382595,7841.189769861081
574,30,0.10403976666666664,0.102542,0.11772204999999997,0.1267773,0.1241855,0.14594714999999997,0.00382771,7837.584352001589
575,30,0.1068226333333333,0.1017565,0.12375789999999999,0.1297044,0.1229485,0.15186954999999996,0.003912978,7666.794957702292
576,30,0.10661853333333333,0.10344700000000001,0.12448669999999999,0.12908103333333334,0.1245935,0.14977205,0.003894408,7703.353115544134
577,30,0.10684263333333335,0.1028845,0.12339754999999998,0.12936350000000002,0.1242625,0.15126284999999998,0.003902869,7686.653074955884
578,30,0.135055,0.13017,0.19202719999999995,0.16522656666666666,0.1614565,0.2250923,0.004986066,6016.767527746323
579,30,0.11010003333333333,0.1014355,0.14986934999999998,0.13313983333333335,0.1223995,0.1762081,0.004017106,7468.062829310453
580,30,0.11805553333333334,0.1102555,0.1649618,0.14349433333333336,0.132778,0.1958413,0.004329275,6929.56672884028
581,30,0.10095876666666666,0.0987605,0.11567714999999998,0.12209793333333334,0.11913699999999999,0.14239154999999998,0.003684152,8142.986500014114
582,30,0.10411416666666666,0.0996885,0.12320829999999998,0.12607476666666667,0.1206035,0.14960999999999997,0.003803656,7887.148574949996
583,30,0.10410833333333333,0.1008475,0.11969689999999997,0.12597713333333335,0.122138,0.14689634999999995,0.003800922,7892.821794290964
584,30,0.10520616666666666,0.1011855,0.11895839999999996,0.12683470000000002,0.12146950000000001,0.14566819999999994,0.003826819,7839.409180313989
585,30,0.10455356666666664,0.10306599999999999,0.11584959999999998,0.12658190000000002,0.124312,0.14074299999999995,0.003819672,7854.0775228867815
586,30,0.10897886666666667,0.1058395,0.12511814999999998,0.13143213333333334,0.1278355,0.15423034999999996,0.003965003,7566.198562775363
587,30,0.1077895,0.104208,0.12862669999999998,0.13049173333333333,0.12568200000000002,0.15761054999999996,0.003937209,7619.610744565503
588,30,0.10755826666666667,0.1036885,0.12758519999999995,0.1300818,0.125696,0.15652469999999993,0.00392519,7642.942125094581
589,30,0.1086539,0.103968,0.12603625,0.1325594,0.125566,0.15664034999999996,0.004000785,7498.528413798793
590,30,0.1082687333333333,0.105796,0.12639045,0.13117636666666666,0.1269805,0.15626169999999995,0.003959098,7577.483558123592
591,30,0.10835296666666666,0.104107,0.13089704999999996,0.1319764,0.126739,0.1558714,0.003986655,7525.105633670332
592,30,0.10957593333333335,0.10606650000000001,0.12600064999999996,0.13317396666666664,0.1285365,0.15592634999999994,0.004019736,7463.17668623014
593,30,0.10590309999999997,0.103216,0.12273749999999997,0.12853116666666667,0.125438,0.14943949999999998,0.003880053,7731.853147366802
594,30,0.10983856666666668,0.1057195,0.12818545,0.13307993333333332,0.12837949999999998,0.15690464999999998,0.004016595,7469.012932595892
595,30,0.10714973333333333,0.10406850000000001,0.12549884999999997,0.13028133333333333,0.1256645,0.15707594999999996,0.003932193,7629.330503360339
596,30,0.10687403333333334,0.1051845,0.12032514999999998,0.12894703333333332,0.126776,0.14736684999999997,0.003891993,7708.133082459296
597,30,0.10801266666666663,0.1041825,0.13536779999999993,0.13081406666666667,0.1258415,0.1643575499999999,0.003947587,7599.579185968542
598,30,0.10416416666666667,0.1016745,0.11558094999999999,0.12679723333333334,0.1229595,0.14395774999999997,0.00382616,7840.759403684112
599,30,0.10773096666666668,0.102991,0.12482464999999998,0.13017883333333333,0.1241615,0.15200484999999997,0.003927497,7638.452683732157
600,30,0.10618976666666669,0.103905,0.11800939999999999,0.12895406666666667,0.1253595,0.14637954999999997,0.003891123,7709.856511860458
601,30,0.10611233333333335,0.10270850000000001,0.12316059999999997,0.12874420000000003,0.1239995,0.15060599999999996,0.003884159,7723.679694883757
602,30,0.1396589,0.1307935,0.20035435,0.16975890000000005,0.160565,0.23041645,0.005121425,5857.744670672713
603,30,0.1038063,0.100351,0.11445185,0.12570406666666667,0.121144,0.14134895,0.003794222,7906.7592776595575
604,30,0.10150126666666666,0.09954350000000001,0.114187,0.1229478,0.120332,0.14092415,0.003710518,8085.124502832219
605,30,0.10370836666666666,0.0991505,0.12266369999999996,0.12666636666666667,0.1196065,0.15472549999999996,0.003822614,7848.032785941767
606,30,0.10285206666666664,0.100318,0.11491254999999997,0.12425119999999999,0.12061,0.14084949999999996,0.003749375,8001.333555592599
607,30,0.10483200000000001,0.10089200000000001,0.12157344999999999,0.12669893333333335,0.12179899999999999,0.14929429999999996,0.003822594,7848.073847235673
608,30,0.10325266666666667,0.1005815,0.11790814999999998,0.12507783333333336,0.1207395,0.14497834999999995,0.003776814,7943.202921827763
609,30,0.10358426666666667,0.10000049999999999,0.11845689999999998,0.12498899999999999,0.119784,0.14547589999999996,0.0037714,7954.605716709975
610,30,0.10141503333333332,0.1004115,0.11091814999999998,0.12214816666666668,0.12074750000000001,0.13537789999999997,0.003685602,8139.7828631523425
611,30,0.10356376666666665,0.0986695,0.12025309999999996,0.12519603333333335,0.11901600000000001,0.14816044999999997,0.00377729,7942.201949016358
612,30,0.10344506666666668,0.099435,0.11956699999999998,0.12539903333333333,0.120572,0.14704094999999995,0.003784042,7928.0303971256135
613,30,0.10601516666666666,0.100904,0.13261539999999994,0.12785476666666665,0.121473,0.1654122999999999,0.003857921,7776.208999614041
614,30,0.10355796666666665,0.099277,0.12159689999999997,0.12570796666666664,0.1195615,0.14977294999999996,0.003792951,7909.408795420768
615,30,0.10383163333333333,0.0999255,0.11947154999999997,0.1257753666666667,0.120176,0.14726389999999998,0.003794846,7905.459141161459
616,30,0.1036776,0.100326,0.12246794999999999,0.1252942,0.12094450000000001,0.14867139999999998,0.003780283,7935.913792697531
617,30,0.10460653333333333,0.1005365,0.12171504999999996,0.12637823333333334,0.121086,0.14938649999999995,0.003812932,7867.960928755088
618,30,0.10265126666666667,0.10086300000000001,0.11514634999999998,0.12387203333333335,0.12081349999999999,0.14085954999999994,0.003737986,8025.712241832902
619,30,0.1046325,0.0998845,0.12156924999999998,0.12650609999999998,0.120756,0.14927944999999995,0.003816881,7859.820623173739
620,30,0.10411126666666665,0.100714,0.12187884999999997,0.12573536666666668,0.120791,0.14955304999999994,0.003793849,7907.536646819628
621,30,0.10537776666666665,0.1014105,0.1234216,0.12877049999999998,0.122146,0.16515539999999995,0.003885215,7721.580401599396
622,30,0.10183866666666667,0.099275,0.11118874999999996,0.12293563333333332,0.119462,0.13762349999999995,0.003710193,8085.832731612614
623,30,0.1051441,0.1008675,0.128074,0.1272653,0.12108,0.15504505,0.003839638,7813.236560321572
624,30,0.1030072,0.09899,0.11988339999999997,0.12465236666666667,0.119177,0.14717264999999996,0.003760709,7977.219189253941
625,30,0.10467693333333333,0.1004495,0.12079484999999997,0.12663983333333334,0.12084600000000001,0.14887404999999995,0.003824,7845.188284518828
626,30,0.10420743333333334,0.100518,0.12337334999999996,0.12597046666666667,0.1206825,0.15098199999999998,0.003800898,7892.871631914353
627,30,0.12771606666666668,0.1259165,0.143514,0.15765976666666667,0.1556945,0.17975409999999997,0.00475996,6302.573971209842
628,30,0.11114336666666666,0.10209299999999999,0.15079299999999998,0.13522096666666666,0.123125,0.18451835,0.004082297,7348.803871937784
629,30,0.10912269999999998,0.101017,0.15453059999999993,0.1324878,0.122893,0.1838777999999999,0.003997217,7505.221758038155
630,30,0.10703753333333332,0.10273550000000001,0.12404164999999998,0.12987416666666668,0.1233205,0.15638704999999994,0.003918499,7655.992766618035
631,30,0.10795396666666665,0.103155,0.12491269999999996,0.13112086666666664,0.124333,0.15432944999999995,0.003956142,7583.145397713226
632,30,0.10617866666666667,0.1030915,0.12303334999999997,0.12916533333333333,0.12538149999999998,0.15111279999999996,0.003896559,7699.100668050965
633,30,0.10365723333333333,0.1008395,0.11704849999999999,0.12582013333333333,0.12153749999999999,0.14754894999999998,0.003796197,7902.645726762863
634,30,0.10620026666666667,0.10325899999999999,0.12486049999999996,0.12880093333333334,0.1245845,0.15335934999999995,0.003887239,7717.559944217477
635,30,0.10967903333333333,0.10543,0.12844274999999994,0.1329607,0.1280775,0.15755044999999995,0.004012435,7476.756632817728
636,30,0.10925026666666666,0.10474249999999999,0.12632919999999997,0.13308823333333333,0.127334,0.15548359999999997,0.004017151,7467.979172303953
637,30,0.10664466666666668,0.101735,0.1253937,0.1293198,0.122525,0.15357259999999995,0.003903708,7685.001029790138
638,30,0.11369566666666667,0.101296,0.17261854999999998,0.13681953333333335,0.1219585,0.20886779999999996,0.004128338,7266.846852171504
639,30,0.10603796666666666,0.1018935,0.12859029999999996,0.1279258666666667,0.122784,0.15684639999999997,0.003860898,7770.213043701232
640,30,0.10472560000000002,0.10054650000000001,0.12388339999999999,0.1265205333333333,0.12092449999999999,0.15142814999999996,0.00381828,7856.940821521733
641,30,0.1027663,0.100046,0.11329275,0.12455643333333333,0.12066450000000001,0.13914725,0.003759136,7980.557234428336
642,30,0.10517206666666667,0.100356,0.12196754999999997,0.12743159999999998,0.121786,0.14987444999999996,0.003850215,7791.772667240661
643,30,0.1063697666666667,0.1017445,0.12577175,0.128793,0.12275849999999999,0.15362864999999998,0.003885488,7721.037872205499
644,30,0.10501433333333332,0.101694,0.12306504999999998,0.12693226666666668,0.1215505,0.1506176,0.003829532,7833.855416275409
645,30,0.10415133333333332,0.100371,0.12234489999999998,0.1256655333333333,0.121078,0.14871539999999997,0.003791199,7913.063914608545
646,30,0.10804976666666667,0.1043955,0.12568855,0.1310899,0.125028,0.16007614999999997,0.003955392,7584.583272656667
647,30,0.10447163333333334,0.099813,0.12381704999999996,0.1258767,0.1196605,0.15074329999999994,0.00379766,7899.601333452705
648,30,0.1045689,0.10080449999999999,0.12391864999999995,0.1268627333333333,0.121596,0.15155369999999996,0.003827159,7838.712737045939
649,30,0.10513233333333333,0.1022145,0.12426179999999996,0.1269861,0.1227155,0.15214829999999996,0.003830779,7831.3053298036775
650,30,0.10496423333333334,0.101171,0.12340959999999995,0.12662160000000003,0.1219095,0.15056849999999994,0.003820151,7853.092718062716
651,30,0.12241980000000002,0.12315000000000001,0.14216645,0.15127449999999998,0.1529605,0.1757499,0.004567228,6568.535663207529
652,30,0.1170961,0.118102,0.1400139,0.14390353333333333,0.14435900000000002,0.1727395,0.004344293,6905.611569017099
653,30,0.10254633333333332,0.10017100000000001,0.11784939999999997,0.12405010000000001,0.120351,0.14478759999999996,0.003742777,8015.438803861411
654,30,0.10682036666666665,0.100466,0.14186344999999992,0.12943153333333332,0.121645,0.17166389999999992,0.003905462,7681.549583634407
655,30,0.10367156666666667,0.099581,0.12012979999999998,0.1259851,0.120161,0.14811934999999998,0.003801893,7890.805974813073
656,30,0.10413240000000003,0.1007635,0.12065859999999996,0.1260311,0.12128900000000001,0.14829304999999995,0.003802604,7889.330574522091
657,30,0.10491576666666666,0.10081000000000001,0.12168664999999997,0.12693419999999997,0.1210485,0.14923109999999995,0.003829969,7832.961572273823
658,30,0.10187763333333334,0.09969800000000001,0.11153889999999998,0.12267410000000001,0.119588,0.13578819999999994,0.003701478,8104.870540902851
659,30,0.10332873333333333,0.099177,0.11947044999999996,0.12507479999999999,0.120343,0.14684819999999996,0.00377699,7942.8327848366025
660,30,0.10697680000000001,0.1040925,0.12439259999999995,0.1289525333333333,0.1250125,0.15263694999999994,0.003890229,7711.628287177953
661,30,0.10700996666666668,0.102718,0.12274879999999998,0.13024570000000002,0.124233,0.15084159999999996,0.003930379,7632.851691910627
662,30,0.11056473333333335,0.104729,0.14140859999999994,0.13436730000000002,0.126562,0.1814822499999999,0.004054834,7398.5766125074415
663,30,0.10680153333333332,0.10258600000000001,0.12274134999999996,0.12927119999999998,0.1235965,0.15136614999999995,0.00390018,7691.9526791071185
664,30,0.10718436666666667,0.1028535,0.12419004999999997,0.1301831,0.124391,0.15339119999999998,0.003928031,7637.414266842598
665,30,0.105321,0.10152900000000001,0.12211884999999999,0.12785886666666665,0.1223215,0.14990774999999998,0.003858218,7775.610398375623
666,30,0.10662393333333334,0.102748,0.12437839999999999,0.12895963333333332,0.12381249999999999,0.15320819999999996,0.003891042,7710.01700829752
667,30,0.10835133333333333,0.1045855,0.13568989999999997,0.13113093333333334,0.12526199999999998,0.16673019999999994,0.003956527,7582.407500315303
668,30,0.10609386666666666,0.1023525,0.12695734999999997,0.1284264,0.12326999999999999,0.15521724999999995,0.003875025,7741.885536222348
669,30,0.10707033333333334,0.104018,0.12433639999999997,0.1299563,0.12512,0.15591004999999994,0.003921206,7650.707460918911
670,30,0.10944933333333333,0.1030085,0.14100099999999996,0.13294636666666668,0.1244355,0.17533929999999998,0.00401245,7476.728681977345
671,30,0.1065962,0.1030165,0.12331324999999997,0.12967220000000002,0.12423200000000001,0.15365449999999997,0.003912229,7668.2627729614
672,30,0.10580079999999999,0.10117,0.1257835,0.1285803,0.12279999999999999,0.15487159999999997,0.003879674,7732.608461432585
673,30,0.10709476666666666,0.10105349999999999,0.12527755,0.12968666666666667,0.121747,0.15371504999999996,0.00391375,7665.282657297988
674,30,0.10544599999999998,0.10097149999999999,0.12110989999999996,0.12728123333333333,0.121555,0.14853474999999997,0.00383959,7813.334236207512
675,30,0.1137979,0.109486,0.13632675,0.1386666,0.133829,0.16767569999999998,0.004188418,7162.608889561643
676,30,0.11075433333333336,0.1070805,0.13266109999999998,0.1345157333333333,0.1296175,0.16224419999999995,0.004063459,7382.872572357688
677,30,0.11367846666666669,0.10451350000000001,0.1542083,0.13797373333333335,0.127834,0.1850697,0.004164318,7204.060784983279
678,30,0.10692623333333334,0.104351,0.12473974999999995,0.12993903333333334,0.125088,0.15832489999999994,0.003922269,7648.633992212161
679,30,0.10737563333333332,0.10139100000000001,0.12543924999999997,0.1302790333333333,0.122777,0.15339884999999995,0.00393292,7627.920222125036
680,30,0.10797413333333333,0.1046415,0.12399449999999998,0.13133090000000003,0.12669350000000001,0.15310884999999996,0.003963777,7568.538795194583
681,30,0.10756850000000001,0.103816,0.12603249999999996,0.13067623333333336,0.125317,0.15700719999999999,0.003945245,7604.090493746269
682,30,0.1083815,0.1045735,0.12861224999999996,0.13195536666666666,0.127807,0.15758719999999996,0.003984206,7529.731143419794
683,30,0.10757556666666666,0.10526250000000001,0.12114369999999998,0.13058436666666667,0.1270845,0.14932079999999995,0.003941985,7610.379034927834
684,30,0.10708230000000002,0.103458,0.12576139999999997,0.1302997,0.1245725,0.15589354999999996,0.003941541,7611.2363159485085
685,30,0.11669973333333333,0.10393849999999999,0.1772772,0.13985506666666667,0.1247535,0.2043708,0.00421897,7110.740299172548
686,30,0.10843506666666668,0.103228,0.13977464999999992,0.1302910333333333,0.12334999999999999,0.1716284999999999,0.003932018,7629.670057461589
687,30,0.10636823333333333,0.1020455,0.12618364999999998,0.128959,0.123406,0.15469489999999997,0.003890176,7711.733350881811
688,30,0.10521293333333334,0.10156599999999999,0.12221969999999997,0.12684556666666666,0.1219545,0.14789349999999996,0.00382646,7840.144676803103
689,30,0.10657920000000001,0.10198750000000001,0.12125454999999997,0.12870736666666666,0.12281800000000001,0.14937384999999995,0.003883034,7725.917414063333
690,30,0.10104316666666667,0.0993055,0.10894364999999999,0.1225306,0.119297,0.13514849999999998,0.003697623,8113.320368247385
691,30,0.1064264,0.10174849999999999,0.12455609999999998,0.12860013333333334,0.122118,0.15246194999999996,0.003879857,7732.243739911033
692,30,0.10567486666666667,0.10192999999999999,0.12186404999999997,0.12753576666666666,0.122629,0.15231954999999994,0.003847677,7796.912266804101
693,30,0.10520963333333334,0.1015055,0.12287519999999998,0.12736999999999998,0.1218945,0.15113689999999996,0.003846406,7799.4886655230885
694,30,0.10799113333333334,0.1025875,0.1419414499999999,0.1305988,0.123903,0.16836539999999994,0.003940083,7614.052800410551
695,30,0.1042918,0.1006585,0.12027969999999996,0.1256461,0.1205765,0.14664609999999997,0.003791122,7913.224633762775
696,30,0.1048166,0.1003555,0.12234124999999997,0.12656463333333334,0.120195,0.15007189999999995,0.003818336,7856.8255910428
697,30,0.10429943333333333,0.101146,0.12062469999999997,0.12622783333333334,0.1212835,0.14854294999999998,0.003808007,7878.136778635123
698,30,0.10532143333333335,0.102002,0.12220659999999997,0.1271995333333333,0.12252,0.15047179999999996,0.003837546,7817.495868453434
699,30,0.10522766666666666,0.1014945,0.12105194999999996,0.12713139999999998,0.121969,0.14860574999999995,0.003835524,7821.617072400017
700,30,0.11352756666666665,0.10690350000000001,0.14018894999999995,0.13769443333333334,0.1302885,0.16934089999999996,0.004154204,7221.600094747393
701,30,0.10715323333333333,0.101991,0.12190769999999998,0.12994686666666666,0.12351400000000001,0.14936869999999997,0.00392125,7650.621613006057
702,30,0.11505913333333333,0.105337,0.15314879999999997,0.13977583333333335,0.12776300000000002,0.19878679999999999,0.004217289,7113.574621042096
703,30,0.10484926666666668,0.1018655,0.12341089999999995,0.1264794,0.121809,0.15580989999999995,0.00381584,7861.964862258375
704,30,0.10302069999999999,0.10003400000000001,0.11629739999999995,0.12443413333333334,0.11998400000000001,0.14419464999999995,0.00375479,7989.794369325581
705,30,0.10473643333333334,0.1020645,0.12008864999999996,0.12652953333333333,0.12279699999999999,0.14708289999999993,0.003816989,7859.598233057523
706,30,0.10399989999999998,0.09985050000000001,0.12387229999999996,0.12537306666666667,0.1201245,0.15182239999999997,0.003782696,7930.851435061131
707,30,0.10539180000000001,0.101474,0.12150264999999996,0.12708329999999998,0.1216265,0.14878044999999995,0.003833945,7824.838384483867
708,30,0.10424609999999997,0.0999005,0.12339019999999998,0.12630103333333334,0.1201355,0.14964294999999997,0.003810589,7872.7986670827
709,30,0.10438633333333334,0.100545,0.12289444999999996,0.12581483333333332,0.120288,0.14990349999999994,0.003796013,7903.0287830942625
710,30,0.10264856666666668,0.099965,0.118309,0.12358313333333332,0.11973349999999999,0.14400099999999996,0.003731755,8039.112964275522
711,30,0.10774066666666668,0.1022325,0.12861134999999999,0.1297979,0.122518,0.15915875,0.003916566,7659.771340505944
712,30,0.10512873333333334,0.10090350000000001,0.12195939999999995,0.12668806666666665,0.120836,0.14904889999999996,0.003821723,7849.862483492393
713,30,0.10536776666666667,0.10053799999999999,0.12269704999999996,0.12698393333333333,0.1213275,0.15040654999999994,0.003830695,7831.477055730096
714,30,0.10453456666666663,0.10152549999999999,0.12102539999999998,0.12666876666666668,0.12162200000000001,0.15053079999999996,0.00382191,7849.478402160176
715,30,0.10490156666666665,0.1017375,0.12228105,0.12656403333333335,0.122618,0.14906764999999997,0.003817992,7857.53348880773
716,30,0.10559940000000001,0.1011675,0.12624185,0.12765586666666667,0.122337,0.15391264999999996,0.003851665,7788.83937206377
717,30,0.10509916666666667,0.101383,0.12767124999999993,0.12694953333333334,0.1210795,0.15556879999999992,0.003830319,7832.245826000393
718,30,0.10493196666666667,0.0998725,0.12328534999999996,0.126841,0.12007799999999999,0.15020899999999995,0.003826565,7839.9295451664875
719,30,0.12583796666666666,0.1132485,0.19429554999999996,0.15048216666666667,0.13696350000000002,0.22295049999999994,0.00453809,6610.710673433096
720,30,0.10692296666666666,0.1040155,0.12042419999999998,0.1287400333333333,0.12508350000000001,0.14568259999999994,0.003883667,7724.658164564573
721,30,0.10928883333333335,0.10490350000000001,0.12569574999999997,0.1325530666666667,0.1259655,0.15394379999999996,0.004000553,7498.963268328154
722,30,0.10524029999999998,0.1033725,0.11965089999999998,0.12731006666666664,0.1239175,0.1466534,0.003842015,7808.402622061601
723,30,0.10872326666666667,0.104171,0.12836919999999996,0.13196536666666667,0.1266975,0.15766189999999997,0.003983071,7531.87678552554
724,30,0.12198543333333331,0.112854,0.18461214999999992,0.14580893333333333,0.1370515,0.21684559999999997,0.004399046,6819.660444560025
725,30,0.10879326666666667,0.1027675,0.13732695,0.13152763333333334,0.12377350000000001,0.16259999999999997,0.003969599,7557.438421361957
726,30,0.10567703333333335,0.1021525,0.12082964999999998,0.12794596666666666,0.1227485,0.14909664999999997,0.003861774,7768.450458260892
727,30,0.11366173333333333,0.105764,0.14780115000000002,0.13761163333333332,0.128418,0.17654855,0.0041569,7216.916452163872
728,30,0.10655816666666666,0.103162,0.12459249999999997,0.12900720000000004,0.12422949999999999,0.15420199999999995,0.003894287,7703.592467632714
729,30,0.10807896666666668,0.1051915,0.12522004999999997,0.13102443333333336,0.12612299999999999,0.15434229999999996,0.003954067,7587.124851450418
730,30,0.10756713333333336,0.1043515,0.12440709999999998,0.12995133333333334,0.125338,0.15241989999999994,0.003921561,7650.0148792789405
731,30,0.10924426666666667,0.1063045,0.12576199999999998,0.13221056666666667,0.127395,0.15624814999999997,0.003988703,7521.241867343846
732,30,0.11006493333333331,0.1069875,0.12481459999999998,0.13307636666666667,0.12889299999999998,0.15241684999999996,0.004014762,7472.42302283423
733,30,0.10973566666666668,0.105329,0.1271727,0.13257023333333334,0.1263645,0.15564899999999998,0.003999919,7500.1518780755305
734,30,0.10878853333333334,0.105735,0.12955319999999995,0.13143696666666668,0.12709399999999998,0.15810709999999994,0.00396524,7565.746335656858
735,30,0.11572903333333334,0.1065245,0.1725499,0.1384448,0.1278115,0.20619994999999994,0.004175972,7183.956214265804
736,30,0.11238069999999999,0.1053075,0.13588959999999994,0.1353067333333333,0.127275,0.16336849999999997,0.004081889,7349.538412240019
737,30,0.10677850000000001,0.103469,0.12256034999999997,0.12871449999999998,0.1239805,0.15234609999999998,0.003883055,7725.875631429378
738,30,0.10717733333333332,0.10368050000000001,0.12767934999999997,0.1293713,0.1245665,0.1548018,0.003902957,7686.4797639328335
739,30,0.1067488333333333,0.10200100000000001,0.12386814999999998,0.12908076666666665,0.123144,0.15153674999999994,0.003894956,7702.269293927839
740,30,0.1047201,0.10217100000000001,0.11512075,0.12664930000000002,0.12273400000000001,0.14174455,0.003822047,7849.197040224781
741,30,0.10651403333333334,0.10302800000000001,0.12295044999999996,0.1283792,0.123114,0.15014404999999995,0.003873131,7745.671396087558
742,30,0.1056079,0.102331,0.12406079999999996,0.1273692,0.123107,0.15138309999999996,0.0038427,7807.010695604653
743,30,0.11208693333333333,0.1051975,0.14329789999999998,0.1358694,0.127136,0.18077749999999998,0.004099301,7318.320855189702
744,30,0.10913593333333332,0.104324,0.12779699999999997,0.13198393333333333,0.12541449999999998,0.15644874999999997,0.003985399,7527.477173552761
745,30,0.10888176666666666,0.1042845,0.12418844999999998,0.13183736666666668,0.125367,0.15270534999999996,0.003977428,7542.562681210069
746,30,0.10877443333333332,0.105174,0.12422319999999998,0.13151476666666667,0.12652449999999998,0.15219884999999997,0.003968268,7559.973267934525
747,30,0.10789266666666664,0.1038635,0.12044069999999998,0.13080553333333333,0.1255245,0.14794229999999997,0.003946053,7602.533468252961
748,30,0.11310273333333334,0.1109675,0.1338788,0.13719886666666667,0.1335225,0.16187404999999996,0.004139209,7247.76158923118
749,30,0.11376303333333332,0.108222,0.137241,0.13786556666666666,0.13051000000000001,0.16672534999999997,0.004159541,7212.334245533341
750,30,0.10614646666666666,0.1024395,0.12060984999999998,0.12858573333333334,0.1240485,0.14894749999999995,0.003880002,7731.9547773428985
751,30,0.10991260000000001,0.1060185,0.13779984999999995,0.1336803,0.12818449999999998,0.16837024999999994,0.004033314,7438.052182398891
752,30,0.1082451,0.1057005,0.12803155,0.13121243333333335,0.12770949999999998,0.15783704999999998,0.003957911,7579.756088502243
753,30,0.1076834,0.103672,0.12093264999999996,0.13068296666666668,0.12548900000000002,0.14870029999999995,0.003942846,7608.717155070221
754,30,0.10625,0.10243350000000001,0.12192964999999997,0.12873053333333334,0.1233875,0.15086364999999996,0.00388412,7723.757247458884
755,30,0.10783526666666667,0.10324549999999999,0.12278504999999997,0.13094143333333333,0.125185,0.15167679999999997,0.00395019,7594.57140036302
756,30,0.10641419999999999,0.10299900000000001,0.11908374999999997,0.12874289999999997,0.1237805,0.14473844999999996,0.003884256,7723.48681446331
757,30,0.10738896666666668,0.102397,0.12424384999999998,0.13049316666666666,0.124485,0.15379474999999995,0.003937772,7618.521336430855
758,30,0.10837919999999998,0.1040945,0.12395724999999996,0.13191733333333333,0.126525,0.15322494999999997,0.003980469,7536.8003117220605
759,30,0.1110072,0.106186,0.1438044499999999,0.13532133333333332,0.130023,0.17332004999999998,0.004085144,7343.682376924779
760,30,0.12106653333333332,0.1145005,0.17703144999999998,0.14566396666666664,0.13945649999999998,0.21294959999999993,0.004394011,6827.474942598004
761,30,0.11364226666666664,0.1021705,0.17245184999999996,0.13569813333333333,0.1230725,0.19454959999999996,0.004102841,7312.0064852622845
762,30,0.10434756666666667,0.1000135,0.12254564999999999,0.1262065666666667,0.1201465,0.1506088,0.003807503,7879.179609313505
763,30,0.10461366666666666,0.1004595,0.12165374999999998,0.12649523333333332,0.1210475,0.14933774999999996,0.003816685,7860.224252197915
764,30,0.10419923333333332,0.100848,0.11998059999999997,0.12652536666666667,0.121441,0.14738809999999997,0.003818475,7856.539587138845
765,30,0.10469480000000002,0.10103,0.11962759999999997,0.1267758,0.1217925,0.14924434999999997,0.003826028,7841.029914051857
766,30,0.10272313333333333,0.0999905,0.11188519999999998,0.12422350000000001,0.12026200000000001,0.13640079999999996,0.003748726,8002.718790330368
767,30,0.10853733333333332,0.1027625,0.13844274999999995,0.13153336666666665,0.12515300000000001,0.16520074999999995,0.003969947,7556.775946882919
768,30,0.10251169999999998,0.0999515,0.11682534999999998,0.12422690000000002,0.1205705,0.14381049999999998,0.003749953,8000.100267923358
769,30,0.10141686666666666,0.09912699999999999,0.11272639999999998,0.12317859999999999,0.1203345,0.1405975,0.003718564,8067.630407867123
770,30,0.10499030000000002,0.101816,0.12054414999999997,0.12717996666666667,0.12246,0.14794189999999996,0.003838949,7814.638850372849
771,30,0.10203713333333334,0.099767,0.11110454999999998,0.12290453333333336,0.1199315,0.13598529999999998,0.003709514,8087.312785448444
772,30,0.10766766666666666,0.10169049999999999,0.13785889999999995,0.12940953333333335,0.1217955,0.17097349999999992,0.003905088,7682.285264762279
773,30,0.12239903333333334,0.10925299999999999,0.1948704,0.14601780000000003,0.1321405,0.22328124999999996,0.004403336,6813.01631308626
774,30,0.10419356666666667,0.1012875,0.11955789999999998,0.12633686666666666,0.12131049999999999,0.14728974999999994,0.003812677,7868.487154825862
775,30,0.10741033333333333,0.1036705,0.13652104999999995,0.13037683333333333,0.12467349999999999,0.16471564999999996,0.00393434,7625.167118246009
776,30,0.10572920000000001,0.1023985,0.12224029999999995,0.12795589999999998,0.122995,0.15077369999999995,0.003861783,7768.432353656329
777,30,0.10349666666666665,0.100951,0.11288674999999998,0.1249137,0.121002,0.13803794999999996,0.003769539,7958.532860384254
778,30,0.10400173333333333,0.10177800000000001,0.11712805,0.1263854,0.122581,0.14407504999999998,0.003817229,7859.1040778533325
779,30,0.10699536666666669,0.10238,0.12315159999999997,0.1292106,0.12295400000000001,0.15052849999999995,0.003899011,7694.258877443536
780,30,0.10444086666666666,0.1001515,0.12170694999999998,0.12578873333333332,0.1200125,0.14852999999999997,0.003795088,7904.955036615752
781,30,0.10354973333333332,0.102586,0.11124604999999999,0.12555349999999998,0.12396650000000001,0.1356547,0.003792159,7911.060691284306
782,30,0.10555350000000001,0.10123399999999999,0.11929444999999997,0.12719556666666668,0.12177550000000001,0.14617129999999998,0.003837217,7818.1661344667245
783,30,0.10577690000000002,0.1017995,0.12343604999999999,0.127392,0.12189900000000001,0.15025994999999998,0.003844029,7804.311569969946
784,30,0.11124143333333332,0.1037295,0.15457479999999985,0.13481189999999998,0.1234195,0.19727274999999986,0.004085908,7342.309224779412
785,30,0.10338893333333334,0.09953000000000001,0.11472655,0.1251164,0.11973049999999999,0.1415958,0.003774595,7947.872553214318
786,30,0.10681460000000001,0.1045875,0.12314204999999998,0.1293861,0.126527,0.14984559999999997,0.003903479,7685.451875109357
787,30,0.10569353333333333,0.10133,0.12050984999999997,0.12808773333333331,0.121981,0.15058544999999998,0.003864726,7762.516670004548
788,30,0.10540053333333335,0.1012285,0.12161199999999998,0.12737006666666667,0.1212295,0.14883909999999997,0.003842271,7807.882369567373
789,30,0.10597833333333334,0.103939,0.11974854999999998,0.12813103333333334,0.1251725,0.14530539999999997,0.00386543,7761.102904463411
790,30,0.10606116666666666,0.102275,0.12136874999999997,0.128145,0.1226215,0.15139794999999995,0.003865745,7760.470491457662
791,30,0.106128,0.102174,0.12422839999999996,0.12845910000000002,0.122807,0.15408669999999997,0.003875839,7740.259592826224
792,30,0.12295143333333333,0.1101385,0.18263294999999996,0.1488925,0.1327505,0.22839639999999994,0.00449106,6679.9374757852265
793,30,0.10627316666666668,0.1041725,0.11753729999999998,0.12826773333333333,0.1254125,0.14404014999999998,0.003869979,7751.9800495041445
794,30,0.10789746666666665,0.10403599999999999,0.12540139999999997,0.1304941,0.125194,0.15496509999999997,0.003936832,7620.340415847056
795,30,0.10813636666666665,0.103369,0.126384,0.13077476666666668,0.1251755,0.15485834999999998,0.003945768,7603.082593806834
796,30,0.10756936666666665,0.10419400000000001,0.12795734999999994,0.13035676666666665,0.12564550000000002,0.15692259999999994,0.003935464,7622.989309519793
797,30,0.12558353333333333,0.1162485,0.17184404999999997,0.15102866666666664,0.140689,0.20064009999999996,0.004554946,6586.247125651984
798,30,0.10508863333333333,0.10325000000000001,0.11587949999999998,0.1275748,0.12413550000000001,0.14200499999999996,0.003849231,7793.764520757523
799,30,0.10774586666666666,0.10228000000000001,0.12616999999999998,0.13061573333333334,0.124046,0.15514824999999996,0.003941027,7612.228995132487
800,30,0.11178759999999999,0.10348550000000001,0.15957599999999994,0.13429613333333332,0.125095,0.18636994999999998,0.004050795,7405.953646136129
801,30,0.10523026666666667,0.100566,0.12123059999999998,0.12705486666666668,0.120725,0.14936774999999997,0.003832868,7827.037090763365
802,30,0.10327326666666668,0.0997525,0.11853014999999996,0.12447626666666665,0.119357,0.14549704999999996,0.003755147,7989.034783458544
803,30,0.10421640000000003,0.1012625,0.11897064999999997,0.12557929999999998,0.12117900000000001,0.14633634999999995,0.003788485,7918.73268602093
804,30,0.10142533333333333,0.0989785,0.11739554999999997,0.12239946666666666,0.11869550000000001,0.14639254999999993,0.003695948,8116.99731706182
805,30,0.10520163333333335,0.100916,0.12546134999999997,0.12705553333333333,0.1208605,0.15317469999999994,0.003833063,7826.638904708845
806,30,0.10504136666666665,0.1006205,0.12320484999999995,0.12706053333333334,0.1211865,0.15147604999999995,0.003833143,7826.475558047274
807,30,0.10451496666666665,0.1010105,0.12275339999999997,0.12630913333333332,0.121422,0.15035829999999997,0.003810759,7872.4474573175585
808,30,0.10796800000000002,0.104338,0.13975389999999996,0.1304491,0.126174,0.16536809999999996,0.003937067,7619.885564558592
809,30,0.10200126666666667,0.09994,0.11286104999999999,0.12345580000000002,0.120375,0.13988114999999998,0.003725782,8052.0008953825
810,30,0.1058201333333333,0.1018275,0.12656294999999998,0.12804256666666666,0.122153,0.15234164999999997,0.003864375,7763.221737020864
811,30,0.10336540000000001,0.101118,0.11535274999999998,0.12523276666666666,0.121759,0.14203284999999996,0.00378002,7936.465944624632
812,30,0.10631333333333332,0.1031455,0.12448324999999995,0.1285408666666667,0.123085,0.15258554999999993,0.003879489,7732.9772039565005
813,30,0.1052437,0.10194349999999999,0.12069179999999997,0.12727200000000002,0.122244,0.14844349999999995,0.003844661,7803.0286675470215
814,30,0.10601949999999999,0.101332,0.12473469999999998,0.12799443333333332,0.1223975,0.15227775,0.003862867,7766.252371619318
815,30,0.10532933333333333,0.1010125,0.12230359999999997,0.1275562,0.121627,0.15088899999999994,0.003849732,7792.7502485887335
816,30,0.10967959999999999,0.1025035,0.1482046,0.13205980000000003,0.122479,0.17693379999999995,0.00398426,7529.629090471004
817,30,0.10604856666666666,0.103786,0.11942019999999996,0.1281696,0.124367,0.14691889999999994,0.00386774,7756.467601234829
818,30,0.10431776666666667,0.1019755,0.11554469999999999,0.1262617,0.122821,0.1425352,0.003809612,7874.817697970292
819,30,0.10855596666666667,0.1039255,0.12427074999999997,0.13195656666666666,0.12666,0.15304834999999997,0.003981432,7534.977364927996
820,30,0.10648049999999999,0.1025595,0.12012289999999998,0.12882296666666665,0.12345249999999999,0.14701189999999997,0.003886866,7718.300553710881
821,30,0.10881066666666665,0.1049215,0.12627315,0.13174013333333334,0.1261475,0.15358719999999998,0.003974466,7548.183831488305
822,30,0.11414036666666666,0.1122815,0.13434535,0.13883790000000001,0.135654,0.16183645,0.004190195,7159.57133259908
823,30,0.10571443333333334,0.10372,0.11535224999999998,0.12822706666666664,0.125164,0.14432884999999998,0.003870297,7751.343113978075
824,30,0.10733820000000001,0.10245399999999999,0.12310644999999998,0.13019643333333333,0.12400149999999999,0.15220884999999995,0.003929623,7634.320137071673
825,30,0.11049070000000001,0.102608,0.1301741,0.13482796666666666,0.12406400000000001,0.1662624,0.004068852,7373.087052564211
826,30,0.10805073333333333,0.1033765,0.12973135,0.1309354,0.1250085,0.1575016,0.003955076,7585.189260585637
827,30,0.10463883333333333,0.1016395,0.11558669999999997,0.1270284,0.123236,0.14314904999999997,0.003834017,7824.691439813648
828,30,0.10347986666666667,0.10103899999999999,0.11432124999999997,0.12484966666666668,0.1219395,0.13868129999999998,0.003768402,7960.9341041640455
829,30,0.10507516666666666,0.10151550000000001,0.11959559999999998,0.1275518,0.12285650000000001,0.14838914999999997,0.00384958,7793.057943983499
830,30,0.11611679999999999,0.1059325,0.1661316,0.13896623333333333,0.1277675,0.19067915,0.004198083,7146.118835668566
831,30,0.10489386666666668,0.09972900000000001,0.12071839999999996,0.12702886666666666,0.1207115,0.14877189999999996,0.003832859,7827.055469559407
832,30,0.10394156666666668,0.1008885,0.11800559999999997,0.12570426666666668,0.1217665,0.1451949,0.003793092,7909.114780237336
833,30,0.11178599999999998,0.1018225,0.15610225,0.13562983333333334,0.12384600000000001,0.19569864999999997,0.004092153,7331.104188919622
834,30,0.10609723333333335,0.102573,0.11932059999999997,0.12876919999999997,0.123556,0.14699419999999996,0.003886099,7719.823915963026
835,30,0.10662753333333332,0.10185749999999999,0.12362485,0.12911793333333335,0.122735,0.15094934999999995,0.003896475,7699.266644852078
836,30,0.10608246666666668,0.1030285,0.12138079999999998,0.12890553333333335,0.1236235,0.15021844999999995,0.003889649,7712.778196695897
837,30,0.10219373333333334,0.100179,0.11141,0.12374590000000003,0.1203145,0.1367212,0.003734428,8033.3587901547435
838,30,0.10539040000000002,0.1025505,0.11475214999999998,0.1278126,0.1235025,0.14082364999999997,0.003856755,7778.559955195495
839,30,0.10631846666666665,0.102448,0.12289619999999996,0.12913736666666667,0.123399,0.15151594999999995,0.003897292,7697.652626490393
840,30,0.10752626666666668,0.1029325,0.12421044999999997,0.13055196666666669,0.126003,0.15303054999999996,0.003939389,7615.394163917298
841,30,0.11146713333333334,0.1035075,0.15145279999999992,0.1355653,0.1264935,0.17468989999999993,0.004091316,7332.603983657092
842,30,0.10745063333333335,0.1037205,0.12377989999999997,0.1304611333333333,0.1252835,0.15222014999999997,0.003936598,7620.793385557783
843,30,0.10620253333333333,0.1021755,0.12168684999999997,0.12887186666666667,0.12374550000000001,0.15028309999999995,0.003889226,7713.617053881672
844,30,0.10582180000000001,0.10295699999999999,0.12146104999999997,0.12845393333333333,0.12490899999999999,0.14960204999999996,0.003876566,7738.808006880316
845,30,0.10401713333333332,0.101847,0.1147439,0.12619049999999998,0.123169,0.14225089999999999,0.003808041,7878.066438885506
846,30,0.10946940000000001,0.10543250000000001,0.1299726,0.13245110000000002,0.12871,0.1515762,0.003996847,7505.916538711639
847,30,0.11064036666666667,0.10488900000000001,0.13857244999999999,0.1340782,0.12631399999999998,0.16912515,0.004048261,7410.589386405669
848,30,0.10474623333333331,0.103071,0.11431374999999999,0.12713840000000004,0.12496750000000001,0.14203385,0.00383747,7817.650691731792
849,30,0.12807039999999997,0.11260500000000001,0.19791424999999999,0.15276639999999997,0.13666,0.22040269999999998,0.004606399,6512.679427031831
850,30,0.1061972,0.1029695,0.12227619999999997,0.12842643333333334,0.1232105,0.14995429999999996,0.003875093,7741.749681878603
851,30,0.1019893,0.099468,0.11115309999999999,0.12322823333333334,0.119369,0.1359165,0.003717948,8068.967075386746
852,30,0.10614943333333332,0.101063,0.11928654999999996,0.12813360000000001,0.122195,0.14701069999999997,0.00386662,7758.714329310871
853,30,0.10523326666666667,0.10100799999999999,0.12113184999999997,0.1275219,0.12241250000000001,0.14861564999999996,0.0038491,7794.0297731937335
854,30,0.10502136666666667,0.101468,0.12012244999999996,0.1269083,0.1226215,0.14772634999999998,0.003829499,7833.922923076882
855,30,0.10565843333333333,0.1015285,0.12126334999999998,0.1280910666666667,0.12187400000000001,0.15032589999999996,0.003866001,7759.9566063226575
856,30,0.10535416666666667,0.10237550000000001,0.12099984999999996,0.1273732,0.1227795,0.14916919999999995,0.003844622,7803.10782178326
857,30,0.11605973333333332,0.1035265,0.18758534999999993,0.13855753333333337,0.12429899999999999,0.21300669999999994,0.004184355,7169.563767892543
858,30,0.10604863333333334,0.1025675,0.12369099999999997,0.12857813333333332,0.124434,0.15198029999999996,0.003881037,7729.8928095764095
859,30,0.10382086666666668,0.1015335,0.11755614999999996,0.12527876666666668,0.12253649999999999,0.14303609999999994,0.003781618,7933.1122286809505
860,30,0.10525643333333333,0.09995100000000001,0.12483769999999994,0.12757336666666666,0.12061150000000001,0.15286029999999995,0.003850428,7791.341637864674
861,30,0.10448223333333331,0.1021975,0.11585979999999999,0.12632683333333333,0.123375,0.14016149999999997,0.003810888,7872.180971993928
862,30,0.10908616666666666,0.1043205,0.12858529999999999,0.13233633333333333,0.12691599999999997,0.15778229999999996,0.003992394,7514.288419429546
863,30,0.10926659999999998,0.1030875,0.13064545,0.13229103333333334,0.1240005,0.1603918,0.003991682,7515.628749985595
864,30,0.10544626666666668,0.1020865,0.11877954999999998,0.1272167,0.1228165,0.14392309999999997,0.003841389,7809.675094087061
865,30,0.12743033333333334,0.105948,0.19257494999999994,0.14998716666666667,0.128283,0.21712279999999998,0.004522007,6634.222370730519
866,30,0.11066056666666665,0.10269,0.16261669999999986,0.13260360000000002,0.1228945,0.19501584999999982,0.003999899,7500.189379781839
867,30,0.10518016666666664,0.101405,0.12075734999999996,0.12722486666666669,0.12123149999999999,0.14898249999999996,0.003838669,7815.208865364531
868,30,0.1053557,0.1014465,0.12165234999999998,0.12714346666666668,0.12255350000000001,0.14839244999999995,0.003835831,7820.991070774495
869,30,0.1054749,0.10173,0.12182019999999998,0.12766819999999998,0.1223325,0.14949764999999995,0.003855991,7780.101146501638
870,30,0.10926206666666667,0.1058085,0.12129599999999997,0.13253043333333334,0.128185,0.14886919999999995,0.003998491,7502.8304427845405
871,30,0.10970606666666667,0.1017975,0.1356145,0.1329206,0.12289800000000001,0.16071744999999998,0.004014426,7473.048450762326
872,30,0.10496976666666669,0.100705,0.12213194999999998,0.12717539999999997,0.121352,0.14888064999999995,0.00383725,7818.0988989510715
873,30,0.11468453333333334,0.10284,0.1600045499999999,0.1377242,0.12364649999999999,0.19561424999999982,0.004155039,7220.148836148108
874,30,0.10425079999999999,0.1006135,0.12238959999999996,0.1261091,0.1214875,0.15039154999999996,0.003805281,7883.780461942232
875,30,0.10532696666666669,0.1014005,0.12227504999999997,0.12713649999999999,0.12175050000000001,0.15056314999999995,0.003835993,7820.660778056686
876,30,0.10418906666666666,0.10008149999999999,0.12462109999999996,0.12590036666666665,0.12038499999999999,0.15235939999999995,0.00379846,7897.93758523191
877,30,0.1032991,0.0997285,0.12271044999999994,0.12462880000000001,0.1198245,0.15019409999999994,0.003760591,7977.46949881016
878,30,0.10227929999999998,0.1002585,0.11269999999999997,0.12362796666666667,0.1204565,0.14047769999999998,0.003729783,8043.363380657803
879,30,0.10577679999999999,0.1024555,0.12126124999999999,0.1273952,0.122987,0.1462808,0.003843733,7804.912568068594
880,30,0.10468026666666667,0.099824,0.12210029999999998,0.12692556666666668,0.120129,0.15238074999999998,0.003829536,7833.847233711865
881,30,0.10317163333333333,0.0996,0.12108529999999999,0.12465546666666666,0.120016,0.14832315,0.003764248,7969.719317111943
882,30,0.11108209999999998,0.1020095,0.16876965,0.1326465,0.12234400000000001,0.1988174,0.004001099,7497.939941001209
883,30,0.10283766666666667,0.0991525,0.11434304999999999,0.12466263333333336,0.11922050000000001,0.14059759999999996,0.00376145,7975.6476890560825
884,30,0.10534889999999998,0.100994,0.12394159999999996,0.12744686666666669,0.1215525,0.15216009999999996,0.00384481,7802.726272559632
885,30,0.10312873333333333,0.099212,0.12274439999999996,0.12478763333333334,0.11998600000000001,0.15006199999999995,0.00376509,7967.937021425782
886,30,0.1023251333333333,0.1002455,0.1159018,0.12329616666666669,0.1200585,0.14090665,0.00372021,8064.060899787915
887,30,0.10661863333333334,0.1024005,0.12407429999999998,0.128694,0.12435,0.15098399999999998,0.003882437,7727.105423732568
888,30,0.10520443333333333,0.10085849999999999,0.12324114999999998,0.1273715,0.121945,0.15240664999999998,0.003843305,7805.781742536697
889,30,0.10441453333333332,0.10059699999999999,0.12072559999999996,0.1261354,0.1216005,0.15081824999999996,0.003805474,7883.38062485777
890,30,0.12497923333333331,0.122788,0.1696672,0.1479008,0.14352700000000002,0.20159449999999995,0.004459451,6727.2854887294425
891,30,0.1255757333333333,0.12134600000000001,0.14212024999999998,0.14776979999999998,0.141555,0.17059694999999997,0.004455153,6733.7754730308925
892,30,0.12625233333333333,0.12183050000000001,0.14454799999999998,0.1486013333333333,0.14287450000000002,0.17180199999999995,0.004479507,6697.165558620625
893,30,0.12489943333333334,0.121033,0.1430457,0.1468675,0.143811,0.17032179999999997,0.004427173,6776.333339582618
894,30,0.12933813333333335,0.1243625,0.15406029999999996,0.15182596666666667,0.1454135,0.17850649999999998,0.004576845,6554.733664784365
895,30,0.1282952,0.122164,0.16495779999999996,0.15266633333333332,0.14318350000000002,0.19247874999999995,0.004604112,6515.914469500308
896,30,0.1262149,0.1228055,0.14616594999999996,0.14827676666666667,0.14305,0.17479144999999996,0.004470934,6710.007349694717
897,30,0.13151636666666666,0.125948,0.17092054999999998,0.15483286666666668,0.1470195,0.2049513999999999,0.004668587,6425.927159545276
898,30,0.1252464666666667,0.123109,0.13767469999999998,0.14751646666666668,0.1439925,0.164629,0.004452052,6738.465768144667
899,30,0.1263118,0.123112,0.1361171,0.14839833333333335,0.143187,0.16310919999999995,0.004475515,6703.139191802507
900,30,0.1319749,0.12525350000000002,0.17421279999999997,0.15416229999999997,0.1463305,0.20098239999999998,0.004648498,6453.697516918368
901,30,0.10378566666666665,0.1005345,0.11306529999999998,0.12549609999999997,0.1207355,0.13771924999999996,0.003788268,7919.186287770559
902,30,0.10625376666666668,0.103174,0.12010739999999998,0.12906313333333333,0.12468850000000001,0.14785885,0.003896201,7699.808095116242
903,30,0.10508950000000002,0.10170850000000001,0.12016374999999997,0.12716503333333332,0.1224285,0.14756319999999995,0.003838672,7815.202757620344
904,30,0.10559996666666666,0.1021185,0.12391775,0.12799023333333334,0.1223655,0.15100704999999998,0.003862881,7766.224224872576
905,30,0.11536296666666666,0.103439,0.17838179999999998,0.13834086666666665,0.123829,0.20892264999999996,0.004173833,7187.637837929788
906,30,0.1031794,0.100527,0.12357039999999997,0.12450916666666666,0.1203775,0.1473864,0.003757164,7984.745941353638
907,30,0.1055169,0.1017055,0.12055744999999997,0.12767023333333333,0.1225055,0.15004629999999994,0.003851927,7788.309591536911
908,30,0.10528083333333334,0.102558,0.12366079999999996,0.12711356666666668,0.122839,0.15322384999999994,0.00383495,7822.787780805486
909,30,0.10621796666666669,0.1027575,0.12551899999999996,0.12846196666666668,0.124152,0.15585644999999992,0.00387612,7739.698461347946
910,30,0.10637410000000001,0.10494400000000001,0.12157399999999997,0.1285707,0.125634,0.1431197,0.003879719,7732.51877262245
911,30,0.1052846,0.1012735,0.12155444999999998,0.12716713333333335,0.1215785,0.1487152,0.003836062,7820.52010629651
912,30,0.10413536666666667,0.1003435,0.11890469999999996,0.12590359999999998,0.1205315,0.14609654999999996,0.0037997,7895.360160012632
913,30,0.10690000000000001,0.1015405,0.13104639999999998,0.1294428,0.12273049999999999,0.16223929999999998,0.003906342,7679.81912489997
914,30,0.10629086666666665,0.10217599999999999,0.12565489999999999,0.1283082,0.12253649999999999,0.15075409999999997,0.003871136,7749.663147975169
915,30,0.10557896666666666,0.1012305,0.11981879999999998,0.1277966,0.12156,0.14746759999999995,0.003858965,7774.105232879801
916,30,0.10403703333333336,0.100606,0.11421619999999996,0.1255855,0.1212775,0.13944599999999996,0.003789295,7917.0399770933645
917,30,0.10568996666666668,0.1008935,0.12128229999999998,0.1277614,0.1216605,0.14737294999999995,0.003854499,7783.112669117309
918,30,0.12642226666666667,0.1180395,0.18446754999999998,0.15028660000000002,0.14215450000000002,0.20594999999999997,0.004531607,6620.168077240591
919,30,0.10264466666666668,0.09947349999999999,0.11360664999999998,0.12393523333333333,0.11934700000000001,0.14001069999999996,0.003739248,8023.003555795176
920,30,0.10342343333333334,0.0995965,0.12038944999999998,0.12505056666666667,0.1200095,0.14893054999999997,0.003773084,7951.055423096862
921,30,0.10953886666666666,0.10275100000000001,0.14720224999999995,0.1323313,0.123308,0.17954904999999993,0.003992043,7514.949112522085
922,30,0.10463336666666663,0.101631,0.1267534,0.1258079,0.121642,0.15031785,0.00379637,7902.285604406315
923,30,0.1059874,0.100502,0.12209209999999997,0.1277122,0.12076,0.15009104999999995,0.003853516,7785.09807666557
924,30,0.10310546666666666,0.09895999999999999,0.12006379999999997,0.12464959999999999,0.11914849999999999,0.14770749999999996,0.003762039,7974.39898948416
925,30,0.10497366666666666,0.10187299999999999,0.12020509999999997,0.12659440000000002,0.122773,0.14767984999999995,0.003819931,7853.544998587671
926,30,0.1045292,0.0995065,0.12261629999999997,0.12631566666666666,0.1196305,0.15049954999999995,0.003811126,7871.689364245632
927,30,0.10359803333333331,0.100803,0.11415024999999998,0.12481183333333332,0.1210005,0.13945034999999997,0.003766606,7964.730051404367
928,30,0.10262693333333335,0.09983500000000001,0.12057814999999998,0.12463233333333333,0.12001400000000001,0.1496124,0.003760961,7976.684682452171
929,30,0.11953516666666666,0.10978199999999999,0.1684548,0.14135110000000004,0.13323600000000002,0.18991075,0.004262972,7037.343899983392
930,30,0.10588106666666668,0.10163849999999999,0.11828669999999998,0.12884706666666668,0.1228335,0.14659345,0.003888623,7714.813187084477
931,30,0.10701093333333332,0.101389,0.13103505,0.12876010000000002,0.1211935,0.15669139999999998,0.003885031,7721.946105449351
932,30,0.10292793333333333,0.100551,0.1121437,0.12454553333333333,0.121143,0.13813185,0.003760831,7976.960411143175
933,30,0.10354160000000001,0.099582,0.12051299999999997,0.12512366666666666,0.120332,0.14799744999999995,0.003775762,7945.416051117628
934,30,0.10295676666666667,0.1003005,0.11302559999999999,0.12466680000000001,0.1221385,0.13822344999999997,0.00376175,7975.0116302252945
935,30,0.10725556666666666,0.105752,0.12379254999999999,0.1294277,0.1280525,0.1521606,0.0039051,7682.261657832066
936,30,0.10410053333333334,0.1002525,0.12214269999999997,0.12573186666666666,0.12102199999999999,0.14929864999999995,0.003793027,7909.250316435923
937,30,0.1043538,0.1008185,0.12032219999999996,0.1261219666666667,0.12185750000000001,0.14740844999999994,0.003805043,7884.273581139556
938,30,0.11542909999999999,0.106467,0.1598691,0.14101810000000004,0.1322795,0.19856559999999998,0.004254614,7051.168449123704
939,30,0.10578013333333333,0.101941,0.12189529999999997,0.12805273333333334,0.123447,0.14902234999999997,0.003863973,7764.029407037782
940,30,0.10529233333333333,0.101339,0.12742959999999995,0.12733923333333336,0.1224345,0.15507204999999993,0.003843088,7806.222496076072
941,30,0.10457336666666668,0.10081200000000001,0.12122534999999995,0.1264442,0.120944,0.14838734999999995,0.003815406,7862.859155749087
942,30,0.10933513333333335,0.10290099999999999,0.1328817,0.13314513333333333,0.124199,0.1641123,0.004023092,7456.951021751429
943,30,0.13401623333333335,0.13460850000000002,0.15461484999999997,0.16549293333333334,0.1677655,0.18857064999999998,0.00499801,6002.3889508024195
944,30,0.10504640000000001,0.10152,0.12512529999999997,0.12754106666666665,0.12244150000000001,0.15585664999999996,0.003849659,7792.898020318163
945,30,0.10537339999999998,0.10183,0.12135519999999998,0.12788829999999998,0.122694,0.14977234999999997,0.003859704,7772.616760248973
946,30,0.142588,0.125445,0.2225181499999998,0.16727406666666667,0.1466985,0.2528918499999998,0.005043493,5948.258478796342
947,30,0.1363309666666667,0.1242155,0.18371905,0.1591031333333333,0.1448895,0.21340655,0.004795729,6255.5661506311135
948,30,0.1238951,0.12145349999999999,0.13538145,0.14573576666666668,0.1428055,0.15976199999999996,0.004394062,6827.395699013806
949,30,0.12827523333333335,0.12142,0.1711923,0.14995133333333335,0.14168799999999998,0.19667144999999997,0.004523553,6631.955014122749
950,30,0.10923673333333332,0.102498,0.13626714999999992,0.1315402,0.123134,0.1646109499999999,0.003967769,7560.924035648244
951,30,0.10744026666666666,0.1030555,0.12887415,0.12981693333333333,0.12357699999999999,0.16064805,0.003916716,7659.477991255941
952,30,0.10645639999999999,0.103104,0.12166129999999999,0.1290143,0.1240735,0.14966049999999995,0.003892407,7707.3132383124375
953,30,0.12940663333333335,0.106652,0.21408634999999984,0.153233,0.12725,0.24948199999999982,0.00461942,6494.321797974638
954,30,0.10693476666666668,0.103245,0.12585144999999995,0.12941436666666664,0.124462,0.15358639999999996,0.003904516,7683.410696741927
955,30,0.10798053333333334,0.10516,0.12969879999999995,0.1300782666666667,0.125411,0.15405429999999998,0.003924602,7644.087222092839
956,30,0.10876986666666665,0.1057565,0.12611139999999998,0.13173806666666668,0.12757649999999998,0.15439624999999996,0.003974322,7548.4573217771485
957,30,0.10847426666666667,0.1043765,0.12569979999999994,0.13146076666666665,0.12594450000000001,0.15494449999999996,0.003966019,7564.260282162037
958,30,0.1247973,0.11862,0.17715019999999998,0.14932496666666667,0.143379,0.20210964999999995,0.004503794,6661.050660842836
959,30,0.11032829999999999,0.10635900000000001,0.13092844999999995,0.13351273333333333,0.127693,0.16277764999999994,0.004028108,7447.665256244371
960,30,0.10733440000000001,0.1030435,0.12332709999999997,0.13051633333333335,0.12608550000000002,0.15263119999999997,0.003937452,7619.140499998476
961,30,0.13670026666666665,0.117419,0.22942324999999988,0.16085403333333334,0.1417135,0.25342944999999983,0.004849294,6186.467555895766
962,30,0.10676956666666665,0.102915,0.12498109999999997,0.12923283333333332,0.1241215,0.15291224999999994,0.003898895,7694.487797183561
963,30,0.10354563333333335,0.1019475,0.11298154999999999,0.12529163333333335,0.12249,0.1393448,0.003780242,7935.999864558936
964,30,0.10527740000000002,0.100823,0.12168919999999998,0.1273262,0.121043,0.15039279999999997,0.003841507,7809.435203424073
965,30,0.11616523333333333,0.1129475,0.13928480000000001,0.14122056666666666,0.13554650000000001,0.17191035,0.004262094,7038.793607086094
966,30,0.13034686666666667,0.1293085,0.15835534999999998,0.16119966666666666,0.16160049999999998,0.19588730000000001,0.004868877,6161.585104737705
967,30,0.10503656666666665,0.1008025,0.11880549999999998,0.12710856666666667,0.120949,0.14664629999999995,0.003835147,7822.385947657286
968,30,0.1042903333333333,0.1004785,0.12098804999999997,0.12616116666666669,0.1219905,0.14932419999999996,0.003806316,7881.636732210358
969,30,0.10778639999999999,0.099693,0.15139449999999985,0.13047446666666665,0.11986,0.19149944999999982,0.003936447,7621.085715113147
970,30,0.1046575,0.0998395,0.12118149999999998,0.12667406666666667,0.11974199999999999,0.14779189999999998,0.003822475,7848.318170818645
971,30,0.10132393333333334,0.09872600000000001,0.11419134999999998,0.12280766666666666,0.1185775,0.14110024999999998,0.003705603,8095.8483679984065
972,30,0.10911623333333331,0.104222,0.13442364999999998,0.1319881,0.125672,0.15947655,0.003982574,7532.816716023356
973,30,0.10707463333333335,0.10401250000000001,0.12283664999999998,0.12963863333333334,0.12567699999999998,0.15087054999999996,0.003911912,7668.884167128504
974,30,0.10661463333333332,0.1026735,0.12309874999999998,0.12947223333333335,0.1246545,0.15148634999999996,0.003906204,7680.090440745031
975,30,0.10671133333333332,0.10306699999999999,0.12325814999999998,0.12941176666666665,0.124524,0.15181544999999996,0.003904829,7682.794816367119
976,30,0.10631306666666668,0.10295699999999999,0.12181954999999998,0.1291996333333333,0.1251705,0.15014679999999997,0.00389829,7695.681952856253
977,30,0.11055953333333333,0.10481599999999999,0.14982889999999988,0.13493980000000003,0.1267805,0.19368284999999982,0.004072979,7365.616174303869
978,30,0.10738809999999997,0.1030675,0.12626469999999995,0.13052313333333335,0.125084,0.15573014999999996,0.003938573,7616.971933743516
979,30,0.10368226666666665,0.101641,0.1161958,0.12631326666666667,0.123173,0.14390959999999997,0.003811573,7870.766216467585
980,30,0.10675023333333336,0.1023975,0.12259854999999997,0.129861,0.12478449999999999,0.15443549999999995,0.003918515,7655.961505825549
981,30,0.10841043333333332,0.1034085,0.12346139999999996,0.13126636666666666,0.1246865,0.15206554999999997,0.003960759,7574.3058338060955
982,30,0.10728059999999999,0.103573,0.12302019999999997,0.13028676666666664,0.125277,0.15196144999999994,0.003931557,7630.564684678361
983,30,0.10748966666666666,0.102861,0.12379634999999997,0.13045873333333333,0.1244015,0.15195064999999996,0.003940764,7612.7370225671975
984,30,0.10423263333333331,0.1012515,0.11505304999999998,0.126376,0.12265000000000001,0.13945459999999996,0.003814781,7864.147378316081
985,30,0.11683076666666665,0.101611,0.18586199999999992,0.13998226666666666,0.12353549999999999,0.2097378999999999,0.00422748,7096.426239745665
986,30,0.10468119999999999,0.1014905,0.12010679999999999,0.1270104,0.122283,0.14996029999999996,0.003833541,7825.663009734341
987,30,0.10407609999999999,0.1002595,0.12061634999999997,0.12592506666666667,0.120442,0.14999529999999997,0.003800629,7893.430271673452
988,30,0.10556116666666666,0.10177800000000001,0.12201029999999996,0.12784900000000002,0.12256049999999999,0.14967914999999996,0.003858876,7774.284532594465
989,30,0.1084518,0.101433,0.14212459999999996,0.13171083333333336,0.1221815,0.17625084999999993,0.003976522,7544.281158258398
990,30,0.1309227,0.1294145,0.1526107,0.1615458666666667,0.1592465,0.18524919999999997,0.004878922,6148.899285538896
991,30,0.10935546666666666,0.1030265,0.14506889999999997,0.13296103333333337,0.1241035,0.18202264999999995,0.004012885,7475.918198503072
992,30,0.10592656666666665,0.10149749999999999,0.12404529999999998,0.1289970666666667,0.1227325,0.15088364999999995,0.00389246,7707.208295011381
993,30,0.10635050000000001,0.1011955,0.13464084999999992,0.12825809999999999,0.122311,0.16389809999999994,0.003870879,7750.17767282315
994,30,0.10428633333333331,0.1016595,0.11731899999999999,0.1263617,0.122117,0.14383505,0.003813087,7867.641100242402
995,30,0.1039423,0.10069800000000001,0.11973689999999998,0.125736,0.1211155,0.14727954999999995,0.003794148,7906.9134888781355
996,30,0.1065582,0.10317799999999999,0.11968709999999998,0.12845836666666666,0.12335,0.14571534999999997,0.003875983,7739.972027741092
997,30,0.10567143333333333,0.1013375,0.12110169999999996,0.12756066666666668,0.12227199999999999,0.14857779999999995,0.003848256,7795.739160804271
998,30,0.10555196666666669,0.101162,0.12127834999999997,0.12788543333333335,0.12253,0.14882494999999996,0.003858241,7775.564045895526
999,30,0.10539040000000001,0.1029635,0.12025264999999997,0.12716646666666667,0.123795,0.14722974999999996,0.003836772,7819.0729081634245
1000,30,0.11006690000000001,0.10480600000000001,0.13095049999999994,0.1332088333333333,0.126117,0.1636886999999999,0.004022568,7457.922401808994
1001,30,0.10626426666666666,0.10359299999999999,0.12219544999999997,0.12865673333333333,0.12396850000000001,0.15317014999999998,0.003881839,7728.295789701736
1002,30,0.1058173,0.10185849999999999,0.12513754999999996,0.12798993333333333,0.1230095,0.15301169999999994,0.003861331,7769.341711446131
1003,30,0.10851780000000001,0.1037585,0.14022249999999994,0.1323502,0.1264455,0.17885364999999995,0.00399351,7512.188525883246
1004,30,0.10625463333333333,0.1017975,0.11968929999999996,0.12834586666666667,0.1230005,0.14648554999999996,0.003871686,7748.562254273719
1005,30,0.10472313333333333,0.101265,0.12068684999999997,0.12618516666666665,0.1212185,0.14819459999999995,0.003807304,7879.591437930882
1006,30,0.10456656666666667,0.1001975,0.11867559999999996,0.12633483333333334,0.12020449999999999,0.14562189999999997,0.003812044,7869.7937379526575
1007,30,0.10516196666666668,0.1010155,0.12340374999999996,0.12718943333333332,0.1217965,0.15127554999999995,0.003837655,7817.273829982111
1008,30,0.11978356666666667,0.107339,0.17417799999999997,0.14256106666666668,0.12831749999999997,0.19854214999999997,0.004300183,6976.4472814296505
1009,30,0.106047,0.10148650000000001,0.1265329,0.1281672,0.122119,0.15425994999999998,0.003867627,7756.694221030105
1010,30,0.10484729999999999,0.10061300000000001,0.11948394999999996,0.1269903666666667,0.122218,0.14629404999999995,0.003831258,7830.326227051271
1011,30,0.10759959999999999,0.103525,0.13613889999999992,0.13059386666666667,0.124805,0.1706424499999999,0.003940705,7612.851000011419
1012,30,0.10295593333333333,0.10033349999999999,0.11723059999999998,0.12406889999999997,0.120664,0.14244119999999996,0.003743065,8014.822077628895
1013,30,0.10487603333333334,0.101638,0.12260889999999998,0.12683116666666666,0.1221835,0.15050914999999998,0.003826565,7839.9295451664875
1014,30,0.12834613333333336,0.126868,0.14016575,0.15869973333333334,0.1567035,0.1720062,0.004791344,6261.291195121869
1015,30,0.11686023333333334,0.1061975,0.15781649999999994,0.14306249999999998,0.127966,0.1993640499999999,0.004318338,6947.117154794276
1016,30,0.10591493333333334,0.10208500000000001,0.12422809999999997,0.1285786,0.122761,0.15224459999999995,0.003879548,7732.859601170033
1017,30,0.10479356666666664,0.099729,0.12200324999999998,0.12712933333333332,0.120453,0.14920304999999998,0.003838755,7815.033780483516
1018,30,0.10410710000000001,0.09991900000000001,0.12266609999999997,0.1262405,0.120564,0.15095474999999997,0.003812282,7869.302428309343
1019,30,0.1086558,0.1035385,0.13676099999999994,0.13154306666666668,0.1249135,0.16209684999999996,0.003969483,7557.659272000913
1020,30,0.10538803333333334,0.1014575,0.12046324999999997,0.12759179999999998,0.1219055,0.14828209999999997,0.003849858,7792.495203719202
1021,30,0.104084,0.100599,0.12063289999999996,0.1260215666666667,0.1214275,0.14830459999999995,0.003802565,7889.411489349952
1022,30,0.10455546666666668,0.100908,0.12040964999999998,0.12633483333333334,0.121527,0.14811744999999996,0.003811433,7871.05532223707
1023,30,0.10458263333333334,0.099577,0.12220329999999997,0.12670436666666668,0.1200705,0.14919774999999996,0.00382321,7846.809356535477
1024,30,0.10413033333333335,0.10005649999999999,0.12075189999999997,0.1263021,0.12067649999999999,0.14820904999999995,0.003810916,7872.12313260119
1025,30,0.10539986666666669,0.101101,0.12561599999999998,0.12717473333333332,0.12149299999999999,0.15301369999999997,0.003837487,7817.616059676554
1026,30,0.1058233,0.101175,0.12074199999999997,0.12840766666666667,0.122208,0.14873449999999996,0.003875643,7740.651035195967
1027,30,0.10783689999999997,0.10322300000000001,0.13619944999999994,0.13124553333333336,0.1249205,0.16254809999999997,0.003961672,7572.560272531396
1028,30,0.10213393333333334,0.0994245,0.11197284999999998,0.12369886666666666,0.1203015,0.13721575,0.003733593,8035.155411958401
1029,30,0.1040809,0.1000545,0.11971869999999998,0.12641746666666667,0.121895,0.14730229999999997,0.003815942,7861.754712204745
1030,30,0.10490996666666666,0.1004345,0.12172684999999997,0.12704716666666668,0.12177099999999999,0.14862689999999995,0.003835053,7822.577680152008
1031,30,0.10278106666666668,0.10058500000000001,0.1103859,0.12416880000000001,0.12179,0.1351694,0.003748264,8003.705181918884
1032,30,0.10360149999999997,0.1015505,0.11305275,0.12541000000000002,0.122285,0.1375601,0.003785099,7925.816471378952
1033,30,0.10476226666666665,0.1009435,0.12090934999999996,0.12722619999999998,0.122363,0.14863674999999996,0.003840673,7811.1310179231605
1034,30,0.10713349999999999,0.1035675,0.12190699999999999,0.129968,0.124854,0.14865489999999995,0.003925132,7643.055061587738
1035,30,0.10568730000000003,0.104036,0.11844149999999998,0.1283621,0.1255445,0.14508224999999997,0.003872901,7746.131388331382
1036,30,0.11064986666666667,0.104994,0.1479910499999999,0.1341537,0.12671500000000002,0.1783106999999999,0.004048491,7410.168381256127
1037,30,0.10249953333333335,0.10022249999999999,0.11823124999999997,0.12396333333333334,0.12053549999999999,0.14522229999999997,0.003740261,8020.8306318730165
1038,30,0.11754233333333335,0.11812800000000001,0.13552379999999997,0.1444043333333333,0.146465,0.16818634999999998,0.004359766,6881.103251871775
1039,30,0.12562766666666667,0.12265000000000001,0.1488069,0.15519033333333335,0.1529975,0.18069625,0.004688558,6398.555803298157
1040,30,0.10273739999999999,0.1006965,0.11331609999999999,0.12467036666666667,0.121223,0.13992865,0.003762694,7973.010826817169
1041,30,0.10466466666666667,0.10215350000000001,0.11635829999999998,0.12656613333333333,0.12235499999999999,0.14265199999999997,0.003819348,7854.743793966928
1042,30,0.10481403333333332,0.100185,0.11958619999999996,0.12705296666666668,0.1222745,0.14725029999999995,0.003833448,7825.85286144484
1043,30,0.10381539999999999,0.101311,0.12017639999999997,0.12500389999999997,0.1215885,0.14537619999999996,0.00377248,7952.32844176775
1044,30,0.10300853333333332,0.0990665,0.11732559999999997,0.12459500000000001,0.119488,0.1467848,0.003759225,7980.3682939967675
1045,30,0.1031466,0.1002885,0.11954534999999997,0.1246848,0.119833,0.14721869999999995,0.00376179,7974.9268300463345
1046,30,0.10256003333333334,0.099926,0.11491114999999996,0.12355463333333333,0.120035,0.13968694999999995,0.003728209,8046.7591811510565
1047,30,0.10528239999999998,0.100669,0.11901629999999998,0.1271824,0.1208555,0.14636829999999995,0.0038368,7819.015846538782
1048,30,0.10382836666666666,0.100218,0.11666654999999998,0.12536423333333332,0.121142,0.14236339999999997,0.003782452,7931.3630417517525
1049,30,0.1061511,0.10308600000000001,0.12041074999999997,0.12855786666666663,0.124514,0.14830759999999996,0.003878557,7734.835403991742
1050,30,0.10432126666666665,0.099322,0.12023134999999997,0.12619066666666665,0.1202425,0.14767729999999996,0.003807158,7879.893610929727
1051,30,0.10479496666666667,0.101416,0.11898794999999997,0.12684016666666664,0.12259,0.14651084999999994,0.003827174,7838.682014457665
1052,30,0.103462,0.10065,0.1197536,0.1250467,0.1209365,0.14562099999999997,0.003776047,7944.81636483868
1053,30,0.1048574,0.1004655,0.12113734999999996,0.1268102666666667,0.1216565,0.14886139999999995,0.003826013,7841.060655047434
1054,30,0.10473013333333334,0.1007275,0.11948184999999996,0.1266861,0.1214895,0.14728614999999995,0.003821836,7849.630387070508
1055,30,0.10170676666666667,0.09964200000000001,0.11311949999999997,0.12278243333333337,0.1195925,0.14009999999999995,0.003704571,8098.103667064284
1056,30,0.10304046666666668,0.0992925,0.11999994999999995,0.12469183333333334,0.11980299999999999,0.14706904999999995,0.0037617,7975.117632985086
1057,30,0.10551360000000003,0.10263800000000001,0.12047764999999998,0.1283553666666667,0.124118,0.14925734999999998,0.003873432,7745.069488763454
1058,30,0.10589760000000001,0.1005935,0.12635504999999997,0.128609,0.121981,0.15533204999999994,0.003880781,7730.4027204833255
1059,30,0.10487853333333334,0.1009925,0.12337004999999997,0.12706846666666666,0.1222355,0.15138394999999993,0.003837635,7817.314570041184
1060,30,0.10458909999999996,0.101892,0.11866129999999997,0.12667886666666667,0.1223555,0.14600134999999997,0.003825977,7841.13443442028
1061,30,0.10179486666666666,0.09979350000000001,0.10952544999999998,0.12310686666666668,0.120826,0.13536119999999996,0.003714561,8076.3244970267015
1062,30,0.10505119999999998,0.10099549999999999,0.12347094999999997,0.12723493333333333,0.1224295,0.15134324999999993,0.003838857,7814.826131840805
1063,30,0.12266636666666667,0.122713,0.14007739999999996,0.15090433333333328,0.1519265,0.17174649999999997,0.004555485,6585.467848099599
1064,30,0.12066713333333333,0.1221685,0.15082499999999996,0.1483815,0.150154,0.18372619999999998,0.004478766,6698.273586965695
1065,30,0.10540660000000002,0.101386,0.12405434999999998,0.12730516666666666,0.1218335,0.15105129999999997,0.003840983,7810.50059320752
1066,30,0.10542093333333336,0.10169600000000001,0.12349225,0.12812186666666667,0.122892,0.15148045,0.003865872,7760.215547747054
1067,30,0.1017927,0.099719,0.11197769999999997,0.12297793333333334,0.120176,0.13955164999999994,0.0037101,8086.035416835126
1068,30,0.103979,0.100603,0.11838044999999997,0.12562346666666666,0.122025,0.14492649999999996,0.003789961,7915.648736227101
1069,30,0.10734026666666667,0.1031295,0.12729189999999996,0.1299577,0.1247965,0.15588709999999995,0.003923773,7645.702236087562
1070,30,0.10311143333333335,0.1013425,0.11432069999999997,0.12433943333333335,0.12157950000000001,0.13984069999999996,0.003752844,7993.93739787745
1071,30,0.10583316666666667,0.10263749999999999,0.12285044999999996,0.12823613333333334,0.12392500000000001,0.15132074999999995,0.003870366,7751.204924805561
1072,30,0.10550070000000002,0.1015645,0.12088489999999998,0.12808593333333335,0.12272150000000001,0.14881339999999998,0.003865804,7760.352050957576
1073,30,0.10669046666666666,0.10191349999999999,0.12996614999999997,0.12890176666666664,0.12292600000000001,0.15631649999999997,0.003890582,7710.928596287136
1074,30,0.1084314,0.10552800000000001,0.12757149999999998,0.1312178333333333,0.1266355,0.15376715,0.00396049,7574.820287388682
1075,30,0.10511156666666666,0.1012175,0.1216771,0.1272079,0.1228795,0.14800449999999998,0.003839811,7812.884540410973
1076,30,0.10544829999999998,0.101714,0.12032749999999998,0.12745516666666665,0.122803,0.14803809999999995,0.003846035,7800.241027447749
1077,30,0.10343299999999998,0.100467,0.1141777,0.12558563333333334,0.122166,0.13907894999999998,0.0037903,7914.940769859906
1078,30,0.10136503333333334,0.0986725,0.11237544999999999,0.12279123333333336,0.1192635,0.13789374999999998,0.003705133,8096.875334839531
1079,30,0.10327963333333331,0.1007815,0.11556364999999998,0.12454649999999999,0.12131600000000001,0.14169934999999997,0.00375756,7983.904448631559
1080,30,0.10566396666666665,0.1017015,0.12203204999999999,0.12780766666666665,0.1226125,0.14907649999999997,0.003855824,7780.438111283088
1081,30,0.10342853333333334,0.10121150000000001,0.11417649999999997,0.1252137333333333,0.121999,0.13951059999999998,0.003777225,7942.338621607132
1082,30,0.10237963333333333,0.0999595,0.1110924,0.12393380000000001,0.12014949999999999,0.13614574999999998,0.003738815,8023.932716649527
1083,30,0.10771766666666667,0.102603,0.12524249999999998,0.1307847,0.12463199999999999,0.15198939999999997,0.003945716,7603.18279369321
1084,30,0.11017893333333333,0.10504849999999999,0.12428284999999999,0.13425103333333333,0.1280865,0.1548167,0.004050387,7406.699656106935
1085,30,0.10567793333333333,0.1010025,0.1253282,0.12757036666666666,0.12136250000000001,0.15338079999999998,0.003852793,7786.558997589541
1086,30,0.11236479999999999,0.10388700000000001,0.15078564999999994,0.13553486666666667,0.12613950000000002,0.17973759999999991,0.004092392,7330.676044719078
1087,30,0.13116536666666667,0.1275955,0.1461149,0.15940129999999997,0.156409,0.17692994999999997,0.004809363,6237.832328314582
1088,30,0.12348586666666665,0.115093,0.16144455,0.14967530000000004,0.1387275,0.1977901,0.004516152,6642.823359355487
1089,30,0.10746956666666665,0.102779,0.12520219999999999,0.12998983333333333,0.124479,0.15328599999999998,0.003922259,7648.653492795861
1090,30,0.10726513333333335,0.104124,0.12513385,0.12972426666666667,0.1264535,0.15065859999999995,0.00391366,7665.4589310262
1091,30,0.10144033333333334,0.098834,0.11366775,0.1227692,0.11916199999999999,0.1396115,0.003703858,8099.662568057415
1092,30,0.10481126666666665,0.1006165,0.12259149999999996,0.1265652,0.1206825,0.15011809999999995,0.003818577,7856.329727016111
1093,30,0.105408,0.1015475,0.12321414999999998,0.12796626666666666,0.123495,0.14864644999999996,0.003864044,7763.8867466312495
1094,30,0.10585599999999999,0.1020575,0.12681819999999994,0.1280101,0.12365499999999999,0.15471459999999995,0.003861939,7768.118553918122
1095,30,0.10601093333333335,0.102193,0.12561974999999997,0.12805223333333332,0.12261849999999999,0.15314044999999996,0.003863331,7765.319616672763
1096,30,0.10595546666666668,0.10221949999999999,0.12208754999999996,0.12796603333333334,0.1225595,0.14955914999999995,0.003860644,7770.72426258417
1097,30,0.10634206666666667,0.1018585,0.12271474999999997,0.12876886666666668,0.123254,0.15021484999999996,0.003884399,7723.202482546206
1098,30,0.10571183333333334,0.10166649999999999,0.12112549999999997,0.1277004,0.121916,0.14900009999999997,0.003852798,7786.54889251915
1099,30,0.10751116666666667,0.1017345,0.12517749999999997,0.1301432,0.1219545,0.15765669999999993,0.00392657,7640.255999511024
1100,30,0.10533390000000001,0.1009455,0.12176804999999997,0.1272787333333333,0.121374,0.14963634999999995,0.003839918,7812.666832989663
1101,30,0.11288786666666667,0.1039235,0.15486394999999997,0.134966,0.12463199999999999,0.18981394999999993,0.004071192,7368.849221554768
1102,30,0.10855336666666668,0.10113349999999999,0.13831919999999995,0.13046753333333333,0.122296,0.16551414999999994,0.003935332,7623.2450019464695
1103,30,0.10650306666666667,0.100816,0.12363654999999997,0.12913513333333332,0.1222155,0.15062959999999997,0.003898815,7694.645680803013
1104,30,0.10320190000000001,0.10111,0.12122909999999995,0.12477786666666667,0.12111,0.14660514999999996,0.003764785,7968.582535257658
1105,30,0.10369406666666667,0.1007125,0.11692399999999997,0.12511086666666665,0.120553,0.14302664999999998,0.003774384,7948.31686442079
1106,30,0.10596230000000002,0.102262,0.13044864999999997,0.12728220000000004,0.122147,0.15535044999999997,0.003839737,7813.035111519356
1107,30,0.10952746666666666,0.106447,0.12710015,0.13279376666666665,0.12902249999999998,0.15291475,0.00400654,7487.757516460586
1108,30,0.10409373333333335,0.100858,0.11901189999999998,0.1254345666666667,0.1209655,0.14444764999999998,0.003784445,7927.186152791228
1109,30,0.11114173333333333,0.1022865,0.16463999999999993,0.13488676666666663,0.1232495,0.20486829999999995,0.004069936,7371.123280562643
1110,30,0.10563226666666667,0.10254550000000001,0.12498374999999994,0.12762853333333332,0.12346199999999999,0.15394279999999994,0.003850586,7791.021937959573
1111,30,0.10520719999999999,0.1005675,0.12402744999999996,0.12750863333333334,0.121363,0.15261679999999994,0.003847561,7797.14733567577
1112,30,0.11209923333333333,0.1062525,0.1333916,0.13549109999999998,0.12995,0.1588907,0.004087652,7339.176622667488
1113,30,0.10510336666666667,0.102043,0.12236199999999998,0.12669983333333332,0.1221975,0.15048915,0.003822151,7848.983465069799
1114,30,0.10517403333333333,0.10023399999999999,0.12060234999999996,0.12721076666666667,0.12047450000000001,0.14880329999999994,0.00384197,7808.494079860072
1115,30,0.10744666666666668,0.1028395,0.12306274999999997,0.13000920000000002,0.1238105,0.15001229999999996,0.003923952,7645.353459981163
1116,30,0.1052093,0.102219,0.11871104999999997,0.1271996,0.1225835,0.14517259999999996,0.003838895,7814.748775363743
1117,30,0.10581810000000001,0.102204,0.12115884999999996,0.12763313333333332,0.1224705,0.14782129999999996,0.003851013,7790.158070097401
1118,30,0.10688496666666665,0.1027345,0.13043924999999992,0.12914340000000002,0.123977,0.15875369999999991,0.003899987,7692.333333418804
1119,30,0.10341229999999998,0.1012055,0.11349389999999997,0.1250951333333333,0.122266,0.13804929999999996,0.003775739,7945.4644508002275
1120,30,0.10648033333333334,0.10303999999999999,0.12261889999999998,0.12854366666666667,0.12346299999999999,0.14986379999999996,0.003882374,7727.23081289953
1121,30,0.10503866666666668,0.101951,0.11828464999999998,0.12698443333333334,0.1225125,0.14539249999999998,0.003831878,7829.059275895527
1122,30,0.10432519999999999,0.100706,0.11941024999999998,0.12610463333333335,0.1209225,0.14568669999999995,0.003805862,7882.576930009548
1123,30,0.10446470000000001,0.101899,0.11675419999999999,0.125892,0.1225065,0.14067144999999998,0.003799284,7896.224657066963
1124,30,0.10572383333333334,0.1031995,0.12226934999999997,0.12777016666666666,0.1237375,0.15018934999999997,0.003854453,7783.205554718141
1125,30,0.10507746666666666,0.100427,0.12057254999999997,0.1272112333333333,0.1212795,0.14760214999999996,0.003838057,7816.4550448312775
1126,30,0.1074811,0.1047375,0.13258634999999996,0.13107060000000004,0.125641,0.1717441499999999,0.003953931,7587.385819327652
1127,30,0.10590333333333332,0.1020645,0.12226714999999996,0.1278698,0.123654,0.152353,0.003857777,7776.499263695127
1128,30,0.10464333333333334,0.10125300000000001,0.12150804999999995,0.12653566666666669,0.12191350000000001,0.14843774999999995,0.003817676,7858.183879407263
1129,30,0.10235266666666668,0.1001445,0.11115444999999999,0.1237037,0.12053549999999999,0.13847315,0.003732148,8038.266435307496
1130,30,0.10461663333333333,0.100827,0.12141794999999998,0.12634099999999998,0.121502,0.14821074999999997,0.003812104,7869.669872595291
1131,30,0.10579663333333335,0.102261,0.12282275,0.12784066666666666,0.12334149999999999,0.15030239999999997,0.003856913,7778.241303342855
1132,30,0.10608933333333334,0.10255700000000001,0.12392449999999995,0.12840076666666667,0.1241315,0.15252674999999993,0.003873757,7744.419693852764
1133,30,0.10666066666666667,0.10275799999999999,0.12814509999999996,0.12936603333333332,0.124277,0.15986059999999994,0.003903139,7686.121350021099
1134,30,0.10652406666666668,0.1033045,0.12525664999999997,0.1292889,0.1253945,0.15621669999999996,0.003901383,7689.580848637522
1135,30,0.11364250000000002,0.102864,0.16721784999999997,0.13577706666666664,0.1234065,0.19802999999999996,0.004095213,7325.626286105265
1136,30,0.10513330000000003,0.10233249999999999,0.12018195,0.12749943333333333,0.12405949999999999,0.14753604999999997,0.003846499,7799.30009080985
1137,30,0.11192703333333334,0.1070145,0.1289776,0.1353691333333333,0.1284225,0.15518949999999998,0.004089896,7335.149842440981
1138,30,0.10397853333333335,0.10070950000000001,0.11896384999999997,0.1258868,0.121133,0.14590559999999997,0.003798591,7897.665213233012
1139,30,0.10512733333333334,0.100969,0.12085214999999998,0.12709286666666667,0.1214605,0.14821034999999996,0.003834113,7824.495522171621
1140,30,0.1059893,0.101628,0.12439114999999999,0.12807603333333337,0.122253,0.15155349999999998,0.003864288,7763.396517029787
1141,30,0.10438453333333333,0.100468,0.12100989999999999,0.12603156666666668,0.121197,0.14506259999999999,0.003802367,7889.822313311682
1142,30,0.10579260000000003,0.1019725,0.12382634999999997,0.1277675,0.123418,0.14779669999999998,0.003854198,7783.720504239793
1143,30,0.10486996666666668,0.10062750000000001,0.12106369999999998,0.12673463333333335,0.121626,0.14804835,0.003823791,7845.617085243414
1144,30,0.10418289999999998,0.101233,0.11868669999999998,0.12562246666666665,0.1217665,0.14454769999999997,0.003789585,7916.434121414351
1145,30,0.10529313333333334,0.1017985,0.12020234999999997,0.12738276666666665,0.122735,0.14750579999999996,0.003842779,7806.850198775417
1146,30,0.10598806666666669,0.1002835,0.12476809999999998,0.1277358,0.12047450000000001,0.15259624999999996,0.003853706,7784.7142464941535
1147,30,0.10537823333333332,0.102398,0.12048539999999999,0.127194,0.122885,0.1473425,0.003837376,7817.842192164646
1148,30,0.10380156666666666,0.1023605,0.11677495,0.1257031,0.1233115,0.1434218,0.003792647,7910.042774874645
1149,30,0.10744609999999999,0.1020945,0.12658774999999997,0.12974563333333336,0.12285650000000001,0.15435079999999998,0.003914015,7664.763676173955
1150,30,0.10589346666666667,0.10197300000000001,0.12530154999999998,0.12795916666666665,0.122947,0.15245629999999996,0.003860272,7771.473098268722
1151,30,0.11128223333333334,0.10636599999999999,0.1468570499999999,0.13492610000000002,0.1283555,0.17809314999999992,0.004071351,7368.561443118022
1152,30,0.10891226666666666,0.1053855,0.12726839999999998,0.1319536,0.12765100000000001,0.15604684999999996,0.003981902,7534.087981070353
1153,30,0.10881313333333334,0.1033825,0.12558589999999997,0.13185993333333332,0.12496550000000001,0.15448189999999995,0.003978287,7540.934075394763
1154,30,0.10550330000000001,0.10327149999999999,0.111281,0.12785993333333334,0.1243175,0.13842235,0.003861467,7769.068076976962
1155,30,0.10783443333333333,0.1028225,0.12534445,0.13053606666666667,0.12457,0.15389589999999997,0.003939104,7615.945148947579
1156,30,0.1084041,0.105715,0.12382304999999998,0.13142456666666666,0.127683,0.15205069999999996,0.003965783,7564.710424145749
1157,30,0.10892940000000002,0.10574549999999999,0.1276931,0.13216550000000002,0.128087,0.15703334999999996,0.003987371,7523.75437349572
1158,30,0.1082639666666667,0.1052775,0.12573299999999996,0.1310624,0.1266725,0.15437069999999994,0.003955821,7583.76074144912
1159,30,0.11008506666666668,0.1067655,0.12529229999999997,0.13386753333333334,0.12915100000000002,0.15397494999999994,0.004040925,7424.042762486312
1160,30,0.10842413333333334,0.106375,0.12340249999999997,0.13125183333333335,0.1284765,0.15146024999999996,0.003961018,7573.810570918889
1161,30,0.1129366,0.1102375,0.12789825,0.13655796666666667,0.133621,0.15354355,0.00412235,7277.402452484626
1162,30,0.10943236666666664,0.10472200000000001,0.13998224999999997,0.1326631,0.12617499999999998,0.17048604999999997,0.004004541,7491.495279983398
1163,30,0.10595090000000001,0.102655,0.12110259999999995,0.12853653333333334,0.1240885,0.14753544999999996,0.003879689,7732.578564931365
1164,30,0.11073419999999999,0.10603399999999999,0.13868329999999993,0.13397440000000002,0.128394,0.16664994999999996,0.004044225,7417.984904400719
1165,30,0.106123,0.1016195,0.12229564999999998,0.12825556666666665,0.1225665,0.15004304999999996,0.003871207,7749.521015021929
1166,30,0.10502743333333334,0.102245,0.11971134999999997,0.12711513333333332,0.12261549999999999,0.14675914999999998,0.003836342,7819.9493163018315
1167,30,0.10976226666666668,0.105412,0.13629654999999993,0.13288066666666667,0.1267775,0.16655944999999997,0.004010507,7480.350988042161
1168,30,0.10575486666666666,0.1029735,0.11712689999999999,0.12884113333333333,0.12488849999999999,0.14240029999999998,0.00388886,7714.343020833869
1169,30,0.10739646666666666,0.1043955,0.12101564999999996,0.13010529999999998,0.1250675,0.14894224999999997,0.003925476,7642.38528015456
1170,30,0.1041705,0.1032755,0.11383384999999999,0.12644153333333336,0.1241785,0.1395941,0.00381553,7862.603622563575
1171,30,0.11345103333333335,0.104291,0.16793935,0.13574216666666666,0.125262,0.19622094999999998,0.004098054,7320.547752665045
1172,30,0.10657023333333333,0.102843,0.12850084999999997,0.12909443333333334,0.1264325,0.15381069999999994,0.003895135,7701.9153379793
1173,30,0.10645410000000001,0.1031035,0.12280644999999997,0.12916729999999998,0.1250055,0.15383449999999996,0.003897455,7697.330694004164
1174,30,0.10437153333333332,0.1001455,0.11687464999999997,0.1263111,0.120563,0.14412934999999996,0.003811497,7870.923156964311
1175,30,0.10537923333333335,0.102083,0.12137174999999997,0.12759153333333334,0.1230605,0.14958524999999995,0.003849759,7792.695594711254
1176,30,0.10572646666666666,0.10126950000000001,0.12169664999999996,0.12786999999999998,0.1217575,0.15020144999999996,0.003858486,7775.070325511095
1177,30,0.10552016666666666,0.10144900000000001,0.11888254999999998,0.12737426666666668,0.1220585,0.14612899999999995,0.003843506,7805.3735313539255
1178,30,0.1018599,0.099247,0.11106364999999999,0.12326086666666666,0.1202195,0.13344009999999998,0.003719905,8064.722082956419
1179,30,0.10479923333333334,0.10017000000000001,0.12110979999999998,0.12692326666666667,0.12090200000000001,0.14908734999999998,0.003830049,7832.797961592659
1180,30,0.1040658,0.099856,0.12059219999999995,0.12615693333333333,0.120659,0.14844214999999994,0.003806756,7880.725741287332
1181,30,0.10534710000000001,0.100326,0.12654714999999997,0.1276051666666667,0.12129999999999999,0.15783889999999995,0.003850734,7790.722496022836
1182,30,0.10172376666666666,0.0989365,0.11078415,0.12328966666666669,0.119515,0.13616584999999998,0.003719989,8064.539975790251
1183,30,0.10856110000000001,0.10441700000000001,0.12663254999999998,0.13245486666666667,0.127476,0.15780139999999998,0.003996785,7506.032974002855
1184,30,0.1027474,0.10040550000000001,0.11284844999999999,0.1243176,0.120843,0.13793934999999996,0.003750915,7998.0484761718135
1185,30,0.10392916666666667,0.1011755,0.1177863,0.1256234,0.1215255,0.14231314999999997,0.003790529,7914.462598756005
1186,30,0.111108,0.105889,0.13072614999999999,0.1341323,0.127934,0.15831409999999999,0.004046738,7413.378380315206
1187,30,0.10243713333333332,0.099603,0.11290969999999997,0.12346753333333334,0.11955650000000001,0.13654079999999996,0.003724939,8053.823163278647
1188,30,0.10241156666666668,0.10048950000000001,0.11130354999999999,0.1240409,0.1204575,0.13638214999999998,0.003748147,8003.955020974365
1189,30,0.10523196666666666,0.10183800000000001,0.11911034999999998,0.12777616666666666,0.1240175,0.14655814999999997,0.003855361,7781.372483666251
1190,30,0.10537053333333334,0.10133500000000001,0.12215294999999998,0.12741183333333336,0.12188,0.15058804999999997,0.003843954,7804.463841138578
1191,30,0.10379106666666667,0.1005045,0.11953889999999998,0.125536,0.1205315,0.14477174999999998,0.003787677,7920.421936717413
1192,30,0.11213666666666665,0.102862,0.17264555,0.13623049999999998,0.125681,0.21364209999999995,0.004114448,7291.379062270322
1193,30,0.10357873333333331,0.1010905,0.11475429999999999,0.12553793333333332,0.121886,0.1411753,0.003788478,7918.747317524346
1194,30,0.10433749999999999,0.1017355,0.11526234999999997,0.1262569,0.1224835,0.14121374999999997,0.003810301,7873.393729261809
1195,30,0.10523149999999999,0.1020915,0.11816144999999997,0.12742180000000003,0.123607,0.14567684999999994,0.003845456,7801.415488826292
1196,30,0.10587383333333333,0.10221749999999999,0.12294234999999998,0.1291206,0.1235935,0.15186399999999994,0.003896302,7699.608500573107
1197,30,0.10773486666666668,0.10525599999999999,0.12293019999999996,0.1309159,0.1272215,0.15030299999999996,0.003950736,7593.52181466947
1198,30,0.10523379999999999,0.102582,0.11694629999999998,0.12745543333333334,0.123579,0.14315669999999997,0.003846777,7798.736448720579
1199,30,0.10641393333333335,0.10377600000000001,0.11820754999999998,0.12856936666666668,0.1249015,0.14450439999999998,0.003878983,7733.9859442539455
1200,30,0.10792260000000001,0.1039785,0.12532944999999998,0.13066116666666666,0.12553,0.15545879999999998,0.003942712,7608.975750701547
1201,30,0.10727936666666667,0.10311300000000001,0.12836504999999995,0.12952666666666665,0.124718,0.15727514999999995,0.003908721,7675.1448875476135
1202,30,0.10631286666666666,0.102248,0.12342319999999997,0.12916993333333332,0.122861,0.15276864999999995,0.003899134,7694.016158459802
1203,30,0.10649453333333334,0.10342399999999999,0.12200669999999997,0.12920973333333335,0.1245475,0.15054419999999993,0.003900245,7691.824487948834
1204,30,0.10535299999999999,0.1029435,0.11604834999999997,0.12760386666666668,0.12476999999999999,0.14238519999999996,0.003852633,7786.882373690928
1205,30,0.10575503333333333,0.1043675,0.11589429999999999,0.12853713333333333,0.126203,0.14362919999999998,0.003883312,7725.364328181718
1206,30,0.11011613333333335,0.1057645,0.130075,0.13370236666666668,0.127449,0.15846039999999995,0.004035994,7433.11313148632
1207,30,0.10781246666666665,0.1053425,0.12329064999999997,0.1310351,0.127457,0.15226674999999995,0.003955594,7584.195951353956
1208,30,0.13957789999999998,0.11699899999999999,0.27714909999999954,0.1650609,0.140686,0.30345454999999955,0.004982716,6020.81274549864
1209,30,0.10803470000000001,0.1043695,0.12297034999999999,0.13081623333333334,0.126142,0.15302469999999999,0.003948612,7597.606450063972
1210,30,0.11968773333333334,0.1165225,0.14499859999999998,0.1460013,0.14200000000000002,0.17537394999999997,0.004405494,6809.679005351046
1211,30,0.10809423333333336,0.106815,0.12016515,0.13106496666666667,0.12923849999999998,0.14482294999999998,0.003955386,7584.594777854803
1212,30,0.10693373333333334,0.10295499999999999,0.12719619999999998,0.12972756666666668,0.123967,0.15633519999999998,0.003915672,7661.520168185691
1213,30,0.10973413333333334,0.105951,0.12558989999999998,0.1338329666666667,0.1285655,0.15596729999999998,0.004039266,7427.09195185462
1214,30,0.10498243333333332,0.102466,0.11526004999999999,0.12755476666666668,0.1237405,0.14308824999999997,0.003850251,7791.699813856292
1215,30,0.10506173333333334,0.101522,0.12053024999999998,0.12762590000000001,0.1236495,0.14814909999999998,0.003851657,7788.855549702374
1216,30,0.11248256666666667,0.1033175,0.15267774999999995,0.13578300000000001,0.124613,0.18564839999999994,0.004097174,7322.120075935266
1217,30,0.10639680000000001,0.102891,0.12165814999999999,0.12878093333333332,0.1242435,0.14920439999999996,0.003885262,7721.486993669925
1218,30,0.10425036666666668,0.1020575,0.11544079999999998,0.12688286666666668,0.124432,0.14387034999999998,0.003828391,7836.190190604878
1219,30,0.10501656666666666,0.10172049999999999,0.1126195,0.12716760000000002,0.1224175,0.13933284999999998,0.003843054,7806.291558744686
1220,30,0.10738633333333333,0.1034155,0.12219519999999998,0.13037366666666667,0.125201,0.15009114999999995,0.003933736,7626.337913881358
1221,30,0.11512269999999998,0.1060425,0.16687565,0.13793263333333336,0.12706699999999999,0.19038765,0.004161158,7209.531577507992
1222,30,0.10803979999999999,0.10216900000000001,0.14439459999999985,0.13027709999999998,0.123366,0.18007889999999982,0.003933492,7626.810986268689
1223,30,0.10543209999999999,0.1013745,0.12066179999999996,0.12746519999999997,0.12152099999999999,0.14836934999999996,0.003845172,7801.9916924392455
1224,30,0.1081564,0.10559299999999999,0.13103989999999996,0.1314358,0.1278575,0.15592865,0.003966084,7564.136311787647
1225,30,0.10315896666666664,0.100905,0.11469119999999997,0.12445526666666668,0.12144250000000001,0.13993909999999996,0.003754903,7989.553924562099
1226,30,0.1037904,0.10027849999999999,0.11928209999999997,0.12581689999999998,0.1210165,0.14694314999999997,0.003795782,7903.509737914348
1227,30,0.10538996666666667,0.102054,0.11963929999999998,0.127099,0.12271699999999999,0.14744509999999994,0.00383449,7823.726232171684
1228,30,0.10349903333333334,0.100093,0.11951954999999997,0.12551046666666665,0.120422,0.14650239999999998,0.003786914,7922.017769613992
1229,30,0.10415916666666668,0.10065199999999999,0.12092924999999997,0.1262605,0.12106149999999999,0.14780679999999996,0.003809504,7875.040950212941
1230,30,0.10482333333333334,0.100509,0.12012934999999997,0.12674519999999997,0.12069350000000001,0.14976759999999995,0.003825028,7843.079841507043
1231,30,0.10425996666666666,0.10081999999999999,0.11800394999999997,0.12631656666666666,0.121303,0.14552244999999997,0.003811381,7871.162709789443
1232,30,0.10461153333333333,0.1008355,0.12326099999999995,0.1266059,0.12159600000000001,0.15058019999999997,0.003819754,7853.908916647512
1233,30,0.10674126666666665,0.102348,0.12225609999999999,0.12928073333333334,0.123884,0.14912229999999999,0.003900603,7691.118527058509
1234,30,0.10967670000000002,0.106328,0.12949314999999997,0.1325687,0.12900650000000002,0.15598209999999998,0.003999332,7501.252709202436
1235,30,0.10907299999999999,0.10589699999999999,0.1300535,0.1316417666666667,0.12787500000000002,0.15582125,0.003971498,7553.824778458908
1236,30,0.10419213333333333,0.0999655,0.11988004999999997,0.12588726666666666,0.1208195,0.14589599999999994,0.003798064,7898.761052999634
1237,30,0.10479980000000001,0.1007935,0.11923644999999997,0.12679386666666667,0.121397,0.14637349999999996,0.003825883,7841.327087106428
1238,30,0.10271563333333335,0.101872,0.11245699999999997,0.12429470000000002,0.121996,0.13898739999999996,0.00375036,7999.232073720923
1239,30,0.10492796666666665,0.099797,0.11958409999999997,0.12711640000000005,0.1204355,0.14667449999999996,0.003838738,7815.068389663478
1240,30,0.10571653333333335,0.1001465,0.13067839999999997,0.1276877,0.1205855,0.15622595,0.003852379,7787.39578842061
1241,30,0.10384970000000002,0.099363,0.11438324999999999,0.1253364,0.1197275,0.13988364999999997,0.003781216,7933.955637551518
1242,30,0.10348873333333335,0.100799,0.11672494999999998,0.1248541,0.120573,0.14255004999999996,0.003766558,7964.831551777511
1243,30,0.10382576666666665,0.0997495,0.11913749999999998,0.1255996,0.12017649999999999,0.14524869999999998,0.003789414,7916.791356130526
1244,30,0.10143446666666665,0.09908149999999999,0.1095275,0.12266753333333333,0.11913750000000001,0.13535004999999997,0.003701022,8105.869135606327
1245,30,0.10542396666666667,0.1015575,0.12103854999999997,0.12783529999999999,0.12313199999999999,0.14889899999999995,0.003857853,7776.34606606317
1246,30,0.10581403333333331,0.1009475,0.12296064999999998,0.12874026666666666,0.1230395,0.14994174999999996,0.003886081,7719.859673537428
1247,30,0.10288689999999999,0.0999655,0.11427099999999997,0.12468586666666666,0.12150849999999999,0.14114819999999997,0.003762695,7973.008707854344
1248,30,0.10387703333333334,0.09971150000000001,0.12048499999999997,0.12580763333333336,0.119817,0.14877479999999996,0.003796916,7901.149248495358
1249,30,0.1283818,0.1149695,0.1965957999999999,0.15444149999999998,0.13928000000000001,0.2287800499999999,0.004660747,6436.736428731275
1250,30,0.10724626666666667,0.102964,0.12339439999999997,0.12989153333333334,0.12492400000000001,0.15253674999999997,0.003920631,7651.8295141776925
1251,30,0.10513263333333332,0.1013275,0.11995894999999997,0.1278196,0.12318950000000001,0.14723369999999997,0.003858462,7775.11868718676
1252,30,0.10672426666666666,0.1021395,0.12650699999999998,0.12941146666666667,0.12344350000000001,0.15440469999999995,0.003906802,7678.914877180876
1253,30,0.10448676666666666,0.100554,0.12002489999999998,0.12683286666666665,0.12183050000000001,0.14776894999999995,0.003827501,7838.012321877904
1254,30,0.10494083333333336,0.102048,0.12077199999999998,0.12675613333333335,0.123477,0.14725239999999995,0.003824279,7844.615939370533
1255,30,0.10697289999999997,0.10525699999999999,0.12021889999999998,0.1292634,0.12669550000000002,0.14840019999999995,0.003900156,7692.0000123071995
1256,30,0.10772893333333332,0.10492850000000001,0.12321839999999998,0.1306152,0.1259745,0.15271829999999997,0.003943727,7607.017422859138
1257,30,0.105477,0.103724,0.11544499999999996,0.12732093333333333,0.124475,0.14090784999999997,0.003841398,7809.656796822406
1258,30,0.10723896666666664,0.104245,0.12227134999999999,0.13035896666666666,0.1257345,0.15024074999999995,0.003933178,7627.419862513215
1259,30,0.11346566666666666,0.11171500000000001,0.13048255,0.1376909,0.136492,0.15414585,0.004154402,7221.255911199735
1260,30,0.10774970000000002,0.104155,0.12541329999999998,0.1305939,0.125618,0.15511214999999998,0.003941407,7611.495082847318
1261,30,0.1072727,0.1031695,0.12331304999999998,0.13031046666666668,0.124131,0.15204309999999996,0.003932819,7628.116117217701
1262,30,0.11020463333333333,0.1061015,0.14553385,0.13462106666666665,0.1271,0.17971359999999995,0.004063153,7383.428583663967
1263,30,0.10706723333333334,0.1030865,0.12158634999999997,0.13002726666666667,0.1252915,0.15068259999999997,0.003924254,7644.76509420644
1264,30,0.10721156666666666,0.103837,0.12198749999999998,0.1299306,0.12486449999999999,0.15009199999999998,0.003921424,7650.282142405413
1265,30,0.1116308,0.10452600000000001,0.14453159999999998,0.13443763333333336,0.1257475,0.17924289999999993,0.004055364,7397.60968435879
1266,30,0.10286603333333334,0.1002075,0.11601784999999995,0.12444509999999998,0.12048700000000001,0.14141039999999994,0.003755115,7989.102863693922
1267,30,0.10571980000000002,0.10140099999999999,0.12494374999999995,0.1281883666666667,0.122528,0.15287654999999994,0.003867823,7756.30115442201
1268,30,0.10471176666666665,0.1020185,0.12367044999999996,0.1267172,0.122919,0.15091394999999996,0.003823604,7846.000788784612
1269,30,0.10093579999999999,0.097479,0.11133379999999997,0.12231120000000002,0.1177015,0.13718489999999997,0.003690479,8129.026069515638
1270,30,0.10151923333333332,0.099115,0.11356334999999998,0.12243466666666666,0.119229,0.13767464999999998,0.003694415,8120.365470581946
1271,30,0.10359049999999999,0.099563,0.12206544999999996,0.12544846666666667,0.11973349999999999,0.15207079999999995,0.00378576,7924.432610625079
1272,30,0.10494500000000001,0.10198399999999999,0.12068674999999995,0.12677643333333333,0.12206700000000001,0.14824144999999997,0.003825471,7842.171591419723
1273,30,0.10437773333333332,0.1003785,0.12361609999999996,0.12605773333333334,0.1214995,0.14694690000000002,0.003807097,7880.019868156761
1274,30,0.10510046666666666,0.10126199999999999,0.12020454999999997,0.12698353333333331,0.122221,0.14770114999999995,0.00383083,7831.201071308306
1275,30,0.10528786666666669,0.10135050000000001,0.12121404999999998,0.12712690000000001,0.12216,0.14843019999999996,0.003835757,7821.141954508588
1276,30,0.10199006666666664,0.100176,0.1088523,0.12331900000000001,0.120658,0.13413804999999998,0.003720695,8063.009733396583
1277,30,0.10504063333333331,0.1008745,0.11935629999999997,0.1272908,0.122303,0.14675784999999994,0.003840257,7811.977167153135
1278,30,0.10098153333333332,0.0994385,0.10949994999999998,0.12195586666666665,0.119937,0.1335829,0.00368023,8151.664434016352
1279,30,0.10520910000000001,0.10139100000000001,0.12181254999999998,0.12757103333333336,0.12184,0.14866464999999998,0.003848661,7794.918804228276
1280,30,0.10345313333333332,0.099518,0.12056179999999998,0.12513586666666665,0.1202,0.14663024999999996,0.003775673,7945.603340119762
1281,30,0.1043142,0.1009185,0.12180344999999997,0.12658773333333334,0.1218065,0.14989449999999996,0.003819533,7854.363347561076
1282,30,0.11016673333333334,0.1025695,0.1437674,0.1336412666666667,0.123618,0.1807266,0.004033329,7438.024520191632
1283,30,0.10846156666666668,0.1021765,0.12733524999999998,0.13178346666666668,0.1238905,0.15779834999999998,0.003976467,7544.385506028341
1284,30,0.11179656666666667,0.10879649999999999,0.13394329999999996,0.13594916666666668,0.13271850000000002,0.1614532,0.004103058,7311.619772374654
1285,30,0.10803163333333334,0.103514,0.12552189999999996,0.13106533333333334,0.12508950000000002,0.15424749999999998,0.003955259,7584.838312737547
1286,30,0.1067932,0.102298,0.12406319999999997,0.12998659999999998,0.123227,0.15362204999999998,0.003921881,7649.390687784764
1287,30,0.1081102,0.10635549999999999,0.11988949999999997,0.1310987,0.12835600000000003,0.14724664999999995,0.003956358,7582.731390839757
1288,30,0.10719759999999999,0.10309299999999999,0.12384894999999999,0.1308135,0.124379,0.15191004999999996,0.003948035,7598.716830017971
1289,30,0.10715576666666667,0.10281100000000001,0.12272359999999997,0.13020336666666668,0.12533450000000002,0.15022604999999997,0.003929554,7634.4541899665965
1290,30,0.10845216666666668,0.1048235,0.12604544999999998,0.13209466666666667,0.12723,0.15494504999999997,0.003994038,7511.195436798548
1291,30,0.10657163333333333,0.1036445,0.12474124999999996,0.12954000000000002,0.124922,0.15383069999999993,0.003910043,7672.549892673815
1292,30,0.10789766666666667,0.105958,0.12323239999999998,0.13104130000000003,0.12775999999999998,0.15197834999999996,0.003955194,7584.962962625853
1293,30,0.10736386666666667,0.1040345,0.11710324999999996,0.13031366666666666,0.1260255,0.14425414999999997,0.003934519,7624.820213093392
1294,30,0.10370616666666664,0.10067,0.11478879999999998,0.1256826,0.121434,0.14260099999999998,0.003794573,7906.027898264179
1295,30,0.1069607,0.103045,0.12419269999999998,0.1299156,0.12624649999999998,0.15313094999999996,0.00392165,7649.841265793735
1296,30,0.10540126666666665,0.101511,0.12196609999999997,0.12784013333333333,0.12256449999999999,0.14902964999999996,0.003858847,7774.342957883534
1297,30,0.1065409,0.1022665,0.12240144999999997,0.12956653333333337,0.12349099999999999,0.15076179999999997,0.00391061,7671.437448377618
1298,30,0.10768016666666667,0.102832,0.12884199999999998,0.13101856666666667,0.12565199999999999,0.15795795,0.003953213,7588.763873841354
1299,30,0.10720913333333335,0.1030165,0.12592079999999997,0.1297756,0.1241305,0.15326559999999997,0.003920008,7653.045606029375
1300,30,0.10636233333333335,0.1030795,0.12256134999999999,0.12876386666666667,0.124053,0.15062969999999998,0.003885218,7721.57443932361
1301,30,0.10433310000000001,0.1026755,0.11661319999999999,0.12644653333333333,0.1241545,0.14401919999999999,0.003815385,7862.902433175158
1302,30,0.10899796666666667,0.10500899999999999,0.1259049,0.13172543333333334,0.126095,0.15483779999999997,0.003974292,7548.514301415195
1303,30,0.10777273333333333,0.1036335,0.12509629999999997,0.13057676666666668,0.12529099999999999,0.15289969999999994,0.003939634,7614.920573840108
1304,30,0.10576496666666668,0.1031365,0.11655739999999996,0.1287249,0.125076,0.14613654999999995,0.003884177,7723.643901912812
1305,30,0.10802573333333333,0.10317799999999999,0.12455994999999996,0.13087056666666666,0.12426799999999999,0.15382794999999996,0.003949042,7596.779168213456
1306,30,0.10685279999999997,0.1040845,0.12439329999999997,0.1300451,0.1263435,0.15241419999999994,0.003924092,7645.080696375111
1307,30,0.10661156666666669,0.1039625,0.12233144999999998,0.12926863333333335,0.12491,0.15094299999999997,0.003900221,7691.87181957125
1308,30,0.11309043333333334,0.10998849999999999,0.13359694999999996,0.1367432333333333,0.132403,0.15929349999999998,0.004128515,7266.535303856229
1309,30,0.10585606666666666,0.1024105,0.13068614999999997,0.1285363,0.12444050000000001,0.15892514999999996,0.003878599,7734.751646148519
1310,30,0.10647533333333331,0.104105,0.12250544999999997,0.1290855,0.12472150000000001,0.1531881,0.003895394,7701.403247014295
1311,30,0.10512306666666668,0.102125,0.12434214999999996,0.1271079333333333,0.123259,0.15258129999999995,0.003835875,7820.9013588816115
1312,30,0.1077485,0.10291449999999999,0.13045889999999996,0.13085280000000002,0.12430350000000001,0.16056404999999996,0.003948929,7596.996552736197
1313,30,0.10744690000000003,0.1020865,0.12285549999999998,0.13018153333333332,0.123754,0.15218079999999998,0.003928436,7636.626891719758
1314,30,0.1083018,0.1038615,0.12496974999999998,0.1316663,0.1265845,0.15338979999999997,0.003973087,7550.8036949606185
1315,30,0.10760196666666667,0.1037545,0.12644399999999995,0.130417,0.125147,0.15541409999999994,0.003935927,7622.092584542346
1316,30,0.10668016666666666,0.1026295,0.12305474999999999,0.1293202333333333,0.1237695,0.15125109999999997,0.003901996,7688.372822524677
1317,30,0.1036257,0.1013395,0.1136812,0.12556453333333337,0.1220125,0.1407288,0.003789254,7917.1256400336315
1318,30,0.10635973333333335,0.103023,0.12141529999999998,0.1288049666666667,0.1245305,0.14959099999999997,0.003887303,7717.432883415571
1319,30,0.10591370000000001,0.1024115,0.12432224999999997,0.1285437,0.122812,0.15358004999999997,0.003879464,7733.027036724661
1320,30,0.10657976666666666,0.1037385,0.1209951,0.12966723333333333,0.125602,0.14708264999999998,0.003912852,7667.041840580733
1321,30,0.1076024,0.1045505,0.1208711,0.13052726666666667,0.1267685,0.14880025,0.003938636,7616.850097343345
1322,30,0.10732923333333333,0.1034455,0.12991449999999996,0.13036336666666665,0.12609749999999997,0.15695364999999994,0.003934324,7625.198128064693
1323,30,0.10646510000000002,0.10211,0.12647919999999999,0.12958036666666667,0.12423600000000001,0.15548849999999995,0.003910732,7671.198128636787
1324,30,0.10742466666666667,0.1031285,0.12571604999999997,0.13053793333333333,0.12382499999999999,0.15558099999999994,0.003943199,7608.0360133992735
1325,30,0.10734013333333332,0.1026935,0.12316954999999997,0.13052326666666667,0.123637,0.15078699999999995,0.003941854,7610.631951360959
1326,30,0.1036893,0.101551,0.11201275,0.12616903333333335,0.12249,0.1389781,0.00380761,7878.958191621516
1327,30,0.10672506666666666,0.102854,0.12436544999999996,0.1293779,0.1238475,0.15357039999999997,0.003904573,7683.298532259481
1328,30,0.10804266666666666,0.104063,0.12204549999999997,0.13096716666666666,0.12496950000000001,0.15026924999999997,0.003951556,7591.9460587171225
1329,30,0.10622516666666666,0.10181799999999999,0.12396224999999995,0.12901363333333335,0.1231835,0.15259174999999997,0.003893337,7705.472195188857
1330,30,0.10418336666666667,0.1016905,0.1114411,0.12644419999999998,0.1229285,0.13724599999999998,0.003816237,7861.146988512506
1331,30,0.10606460000000001,0.1020565,0.13029224999999994,0.12824543333333333,0.1231325,0.15519304999999994,0.003870444,7751.048716891396
1332,30,0.10999160000000002,0.1074905,0.1254254,0.13355270000000002,0.131641,0.15405529999999998,0.004029748,7444.634255045229
1333,30,0.11756033333333334,0.1089495,0.14828704999999995,0.14354156666666668,0.132222,0.18092684999999992,0.004336008,6918.806422866379
1334,30,0.10748609999999999,0.10466500000000001,0.12306569999999999,0.130462,0.126857,0.15093684999999996,0.003937812,7618.443948060497
1335,30,0.10508803333333333,0.103214,0.11480759999999998,0.12774136666666666,0.1246215,0.14247544999999995,0.003856138,7779.804560936357
1336,30,0.11402573333333331,0.1063245,0.12886955,0.13821899999999998,0.1281395,0.16418129999999992,0.004170259,7193.79779529281
1337,30,0.1068879,0.1040315,0.11928059999999999,0.13056336666666665,0.12615,0.14601494999999998,0.003940639,7612.9785042476615
1338,30,0.1092708333333333,0.1051665,0.12495994999999997,0.132708,0.12697999999999998,0.15455234999999995,0.004005956,7488.849103684614
1339,30,0.1086943,0.10370599999999999,0.12680075,0.132093,0.12634849999999997,0.15426634999999994,0.003987086,7524.2921772943955
1340,30,0.10598833333333332,0.103346,0.11778109999999997,0.12843413333333334,0.12531,0.14416384999999995,0.003876826,7738.289002395259
1341,30,0.10604856666666668,0.10441249999999999,0.11491499999999999,0.1288714333333333,0.12671,0.14106119999999997,0.003890435,7711.2199535527525
1342,30,0.1091898,0.10492950000000001,0.12638104999999997,0.13267966666666667,0.1265175,0.15534184999999995,0.004007788,7485.425875819779
1343,30,0.10867226666666667,0.1045665,0.1276339,0.13225836666666668,0.126344,0.1571358,0.00399114,7516.649378373097
1344,30,0.10802173333333334,0.1050815,0.12808854999999997,0.1309569,0.1268745,0.15701749999999995,0.003952191,7590.726257916179
1345,30,0.10750649999999999,0.10373299999999999,0.12402249999999998,0.1303585,0.1259075,0.15298299999999995,0.003933896,7626.027734337664
1346,30,0.10674466666666667,0.10252249999999999,0.12432664999999997,0.12969176666666665,0.1242115,0.15385109999999996,0.003913287,7666.189574135504
1347,30,0.10621660000000001,0.1030725,0.11821084999999998,0.12850396666666666,0.12413,0.14333634999999995,0.003877564,7736.816207288906
1348,30,0.10842086666666667,0.1050925,0.12770084999999998,0.13153786666666667,0.126346,0.15492204999999995,0.003969225,7558.150520567618
1349,30,0.10847810000000001,0.10428899999999999,0.12462704999999996,0.13181536666666666,0.1258985,0.15321409999999996,0.003976682,7543.977617521341
1350,30,0.10538093333333333,0.10221250000000001,0.11795479999999998,0.1270131,0.122904,0.14284244999999998,0.003832137,7828.530138666754
1351,30,0.10668773333333334,0.10327,0.12602724999999998,0.12958143333333333,0.1235715,0.15426109999999996,0.003910133,7672.373292673165
1352,30,0.11713296666666667,0.10520499999999999,0.17258805,0.14117063333333332,0.12696400000000002,0.20763315,0.004258445,7044.82504764063
1353,30,0.1090865333333333,0.1058495,0.1261241,0.1320949,0.1279565,0.15421264999999995,0.003986157,7526.045762873866
1354,30,0.106685,0.10237399999999999,0.12335054999999999,0.13021673333333333,0.1234885,0.15187369999999997,0.00392954,7634.4813896792
1355,30,0.10909740000000001,0.10526350000000001,0.12608209999999997,0.13245896666666668,0.1268775,0.15505714999999998,0.003996917,7505.78508385338
1356,30,0.11186843333333332,0.1095525,0.12706599999999998,0.13565976666666668,0.132185,0.15337854999999995,0.004093642,7328.4376113006465
1357,30,0.1166222,0.1123815,0.1378091,0.14144463333333332,0.1380695,0.16840144999999995,0.004267594,7029.722133829975
1358,30,0.10742933333333334,0.103469,0.12322694999999996,0.13047093333333334,0.125281,0.15303714999999996,0.003937235,7619.560427558934
1359,30,0.11372576666666666,0.105353,0.16737169999999996,0.13743339999999998,0.127527,0.20359384999999997,0.004152174,7225.130738740718
1360,30,0.11236869999999999,0.10520950000000001,0.15533114999999995,0.13674573333333334,0.12717499999999998,0.20009964999999985,0.004126602,7269.903906410165
1361,30,0.10565333333333332,0.1026705,0.11966399999999998,0.12849286666666668,0.1239095,0.14632129999999996,0.003877092,7737.75809292119
1362,30,0.10745783333333335,0.1035655,0.11987119999999998,0.1306306,0.125503,0.14709414999999998,0.003940976,7612.327504658745
1363,30,0.10730443333333334,0.1023295,0.12413324999999997,0.13040986666666668,0.1237955,0.15273809999999996,0.003934609,7624.645803433073
1364,30,0.10427399999999999,0.102636,0.1132097,0.12699490000000002,0.1246535,0.14055454999999997,0.00383159,7829.64774414799
1365,30,0.1083934,0.1044235,0.12432424999999997,0.13177436666666664,0.12541000000000002,0.15256819999999996,0.003976074,7545.131202286478
1366,30,0.1073238,0.10294,0.12292444999999996,0.13028666666666666,0.1237405,0.15119239999999995,0.003930688,7632.251656707426
1367,30,0.10806476666666667,0.104041,0.1273851,0.13120366666666666,0.12555349999999998,0.15629059999999997,0.00395871,7578.22624036618
1368,30,0.10671386666666666,0.1031305,0.1281244,0.1295904,0.124045,0.1558017,0.003909828,7672.971803363217
1369,30,0.10471416666666665,0.102551,0.12213064999999997,0.12711850000000002,0.123861,0.15006919999999996,0.003835364,7821.943367044171
1370,30,0.10760736666666666,0.104962,0.12401119999999997,0.1307624666666667,0.12651600000000002,0.15315319999999996,0.003945601,7603.40439897496
1371,30,0.10717526666666667,0.103137,0.12482034999999997,0.1305280333333333,0.1246665,0.15395199999999995,0.003941877,7610.587544969059
1372,30,0.10835090000000001,0.104863,0.12457499999999998,0.13154139999999998,0.12652449999999998,0.15373299999999998,0.003969027,7558.527568595528
1373,30,0.1090392,0.106047,0.1267323,0.13193003333333334,0.127523,0.15507134999999997,0.003980913,7535.9597157737435
1374,30,0.106619,0.1032985,0.12127234999999996,0.12906713333333333,0.12461349999999999,0.14866769999999996,0.003894069,7704.023734556322
1375,30,0.10710176666666667,0.1024835,0.12543549999999998,0.13005853333333334,0.1241025,0.15474069999999998,0.003924031,7645.19954098222
1376,30,0.12720596666666664,0.10800699999999999,0.19449984999999995,0.15184150000000002,0.12997150000000002,0.22330029999999995,0.004582532,6546.599129040452
1377,30,0.10858729999999998,0.105075,0.12632114999999997,0.13193156666666667,0.126582,0.15547429999999995,0.00398261,7532.7486246456465
1378,30,0.10922650000000003,0.1054475,0.12671564999999996,0.1327588333333333,0.1277945,0.15615454999999995,0.004006789,7487.292193324879
1379,30,0.10816383333333333,0.104735,0.12469899999999998,0.13138346666666664,0.1263005,0.15635199999999996,0.003965779,7564.718054132618
1380,30,0.11119206666666666,0.108941,0.12650284999999997,0.13534206666666665,0.13227250000000002,0.15565944999999995,0.004085644,7342.783659075533
1381,30,0.1137644,0.11098,0.13441375,0.13811533333333334,0.13373849999999998,0.1603713,0.00416996,7194.313614519084
1382,30,0.10804600000000002,0.104881,0.12510475,0.1309392,0.126228,0.15211414999999998,0.003955913,7583.5843710415265
1383,30,0.1072065,0.10400999999999999,0.12346054999999999,0.12997656666666665,0.12659700000000002,0.15153944999999996,0.003923671,7645.900994247479
1384,30,0.11334240000000001,0.10564799999999999,0.1651875999999999,0.13732453333333333,0.1266085,0.19224924999999995,0.004144356,7238.760376763
1385,30,0.1081986,0.105419,0.12584415,0.13145926666666666,0.1273335,0.15294609999999997,0.003967703,7561.049806399319
1386,30,0.10795639999999998,0.10402549999999999,0.12580339999999998,0.13102986666666666,0.1258915,0.15203844999999996,0.003954927,7585.475028995479
1387,30,0.10750980000000002,0.103578,0.12581584999999998,0.13074113333333334,0.125308,0.15485719999999997,0.003945905,7602.818618289086
1388,30,0.10676186666666668,0.1038005,0.12202984999999998,0.12927233333333332,0.12499550000000001,0.15008474999999996,0.003901356,7689.634065694082
1389,30,0.10988460000000001,0.107437,0.12569165,0.13289943333333334,0.12927149999999998,0.15448504999999998,0.004009845,7481.585946588958
1390,30,0.10837493333333331,0.10556650000000001,0.12780459999999996,0.13113080000000002,0.1268265,0.15694859999999994,0.003955653,7584.08283031904
1391,30,0.10619493333333334,0.102597,0.12416294999999997,0.12862866666666667,0.1241515,0.15236249999999996,0.003880795,7730.374832991694
1392,30,0.11166276666666669,0.10475799999999999,0.1498601,0.1355257,0.12582300000000002,0.17815359999999997,0.004088765,7337.178830282493
1393,30,0.10538580000000002,0.1031825,0.1162388,0.1281299,0.125115,0.1432287,0.00386921,7753.520744544752
1394,30,0.10751893333333332,0.10451150000000001,0.12259899999999997,0.1309831,0.1263415,0.15073679999999998,0.003951556,7591.9460587171225
1395,30,0.10563453333333334,0.10285,0.11875349999999998,0.12782056666666666,0.12424750000000001,0.14409374999999996,0.00385626,7779.558432263385
1396,30,0.10520946666666667,0.102515,0.1147787,0.12820416666666665,0.124145,0.14267015,0.003868191,7755.56325941506
1397,30,0.10991503333333334,0.1060185,0.12677555,0.13312113333333334,0.1278645,0.15600314999999998,0.004019979,7462.725551551389
1398,30,0.10889936666666666,0.104548,0.12829224999999997,0.13197899999999999,0.1264375,0.15732289999999993,0.003981521,7534.808933570864
1399,30,0.10857316666666667,0.105423,0.12484294999999998,0.13172433333333333,0.1269875,0.15381904999999996,0.003974457,7548.200924050758
1400,30,0.10942103333333333,0.10419300000000001,0.13251485,0.1327176,0.127248,0.15998169999999998,0.004004458,7491.650555455944
1401,30,0.10711930000000001,0.103256,0.12355929999999998,0.12978686666666667,0.124947,0.15252474999999996,0.003915784,7661.301031926173
1402,30,0.10674883333333333,0.1043035,0.11984479999999997,0.12924913333333335,0.125631,0.14540574999999997,0.003899968,7692.370809196383
1403,30,0.10791239999999998,0.10462199999999999,0.12300624999999997,0.13069463333333334,0.126141,0.15069989999999997,0.003943512,7607.432156920026
1404,30,0.12589586666666666,0.115421,0.20382909999999996,0.15143226666666665,0.140043,0.23616289999999995,0.004568311,6566.978474101259
1405,30,0.1154357,0.109198,0.14637799999999998,0.1398903,0.1328875,0.17517209999999997,0.004220836,7107.596694114625
1406,30,0.10452326666666668,0.102046,0.121185,0.12676466666666666,0.1230485,0.1499741,0.003824734,7843.682724079635
1407,30,0.10597533333333334,0.1020685,0.12334749999999996,0.12853386666666664,0.1233215,0.15136574999999994,0.003878236,7735.475613139582
1408,30,0.10829859999999998,0.103492,0.1379297,0.13187566666666667,0.126501,0.16768904999999998,0.003978358,7540.799495671329
1409,30,0.10678666666666665,0.10350100000000001,0.11766024999999998,0.12999336666666667,0.1255655,0.14549949999999998,0.003922165,7648.836803143162
1410,30,0.10794643333333334,0.1042225,0.12669599999999998,0.1305874,0.1259925,0.15390964999999995,0.003942966,7608.485591810835
1411,30,0.10697886666666664,0.102451,0.12534515,0.12981779999999998,0.1244915,0.15388214999999994,0.003916703,7659.50341396833
1412,30,0.10766556666666668,0.10528799999999999,0.12138119999999997,0.13014953333333332,0.12643300000000002,0.14984504999999995,0.003926285,7640.810588125926
1413,30,0.10879716666666667,0.103392,0.12612274999999998,0.1319587,0.12498400000000001,0.15309514999999996,0.003981393,7535.051174300051
1414,30,0.10607169999999999,0.10356,0.11874129999999998,0.12880276666666665,0.124826,0.14626694999999995,0.003886586,7718.856600625845
1415,30,0.10753976666666668,0.104169,0.12752285,0.1304836666666667,0.125554,0.15629664999999998,0.003937025,7619.9668531441885
1416,30,0.10780426666666668,0.103309,0.12654494999999996,0.1306291666666667,0.1256035,0.15450884999999995,0.003941786,7610.763242854889
1417,30,0.1085804666666667,0.10407649999999999,0.12492214999999997,0.13177253333333333,0.1258285,0.15418734999999995,0.003975647,7545.941578817235
1418,30,0.1065610666666667,0.102951,0.12284214999999997,0.1296957,0.124142,0.15169569999999996,0.003913206,7666.348257669032
1419,30,0.10826443333333333,0.1039805,0.12639659999999997,0.13143110000000002,0.125023,0.15584854999999997,0.003965701,7564.866841953036
1420,30,0.10721086666666668,0.10249349999999999,0.12394299999999998,0.13006749999999997,0.1241135,0.15193114999999996,0.003925551,7642.23926781234
1421,30,0.11371703333333334,0.1047205,0.1695641,0.13676929999999998,0.1261435,0.1904609,0.004126281,7270.469461483598
1422,30,0.10842086666666666,0.101104,0.15565519999999988,0.1308181333333333,0.12216099999999999,0.18751119999999985,0.003947228,7600.2703669511875
1423,30,0.10380633333333335,0.100876,0.11975299999999996,0.12560016666666668,0.1222255,0.14542524999999995,0.003791177,7913.109833700721
1424,30,0.11148503333333334,0.1061075,0.14784604999999998,0.13666643333333334,0.131027,0.19154264999999995,0.004124935,7272.841875084093
1425,30,0.10789460000000001,0.10426550000000001,0.12274139999999997,0.1311447,0.12675750000000002,0.15205529999999998,0.003958778,7578.096069039487
1426,30,0.1065923,0.102787,0.12417774999999996,0.12953646666666668,0.12552999999999997,0.15271594999999996,0.003913596,7665.58428616546
1427,30,0.10440939999999999,0.1029395,0.11324714999999999,0.12718046666666669,0.12458949999999999,0.140715,0.003841807,7808.825378266009
1428,30,0.1099301,0.10575899999999999,0.12331224999999997,0.13395786666666668,0.128689,0.15258639999999996,0.004042346,7421.432999550262
1429,30,0.10944653333333335,0.10707749999999999,0.1213208,0.13306873333333333,0.1299555,0.14909845,0.00401521,7471.589281756123
1430,30,0.10663776666666665,0.101811,0.13244855,0.1287944,0.12302199999999999,0.15882634999999998,0.003885291,7721.429360117428
1431,30,0.10285646666666669,0.100329,0.11879404999999997,0.12458196666666667,0.1209745,0.14763344999999994,0.003758858,7981.147465533415
1432,30,0.10928263333333334,0.107226,0.12561559999999997,0.13205203333333332,0.129102,0.15210889999999994,0.003983551,7530.969228208701
1433,30,0.10747859999999997,0.103609,0.12371084999999998,0.12988016666666666,0.1245045,0.15191994999999997,0.003918619,7655.758316896846
1434,30,0.10532266666666666,0.10280900000000001,0.11760954999999997,0.1275925333333333,0.1239045,0.14594699999999997,0.003850751,7790.688102139037
1435,30,0.10684513333333333,0.104048,0.12211809999999998,0.12958213333333332,0.125909,0.15076384999999998,0.003910699,7671.262861191823
1436,30,0.10719393333333332,0.1026465,0.12361989999999998,0.13003520000000002,0.124602,0.15206624999999996,0.003923332,7646.56164708977
1437,30,0.1078137,0.10335849999999999,0.12488144999999999,0.13070653333333332,0.125581,0.15049094999999998,0.003943851,7606.778247961193
1438,30,0.10685359999999999,0.10271549999999999,0.12330969999999997,0.13006840000000003,0.1240175,0.15213134999999997,0.003924462,7644.359914811253
1439,30,0.10638286666666667,0.103516,0.11706054999999999,0.12871996666666666,0.124738,0.14387844999999996,0.00388334,7725.308626079612
1440,30,0.10842603333333337,0.10348,0.12581775,0.13138303333333334,0.124415,0.15291509999999997,0.003964197,7567.736921247859
1441,30,0.10766103333333335,0.1041925,0.12498669999999996,0.13045049999999997,0.125488,0.15353874999999995,0.003936314,7621.343216013764
1442,30,0.10692789999999999,0.103088,0.12179789999999997,0.12955950000000002,0.124751,0.15159474999999994,0.003908708,7675.1704143670995
1443,30,0.10713833333333334,0.10384650000000001,0.12432464999999998,0.12964836666666668,0.1247315,0.15352079999999996,0.003911859,7668.98806935526
1444,30,0.10368639999999998,0.10088,0.11743764999999998,0.12554656666666666,0.1222995,0.14267274999999996,0.003791881,7911.640687036328
1445,30,0.10357713333333332,0.1015335,0.11904789999999997,0.12601736666666669,0.1219765,0.14812169999999997,0.003802298,7889.96548929095
1446,30,0.11061809999999998,0.1054245,0.13420709999999997,0.13372603333333333,0.126338,0.16245064999999997,0.004034893,7435.141402758387
1447,30,0.1081466,0.10329450000000001,0.12678709999999996,0.13101496666666665,0.1249995,0.15624559999999996,0.003953555,7588.107412189788
1448,30,0.10714086666666667,0.1030575,0.12482919999999997,0.12989440000000002,0.12494749999999999,0.15350214999999995,0.003919255,7654.515973061207
1449,30,0.10728993333333332,0.1041195,0.12242724999999997,0.13005183333333334,0.12538,0.15172434999999995,0.003923939,7645.378789017871
1450,30,0.10775343333333336,0.1038535,0.12290424999999998,0.1302444333333333,0.12520799999999999,0.15111204999999997,0.003930207,7633.18573296521
1451,30,0.10584733333333335,0.1032255,0.11826959999999999,0.12787089999999998,0.1249975,0.14366829999999997,0.003858176,7775.695043460952
1452,30,0.10778679999999999,0.102914,0.12652599999999997,0.13060413333333334,0.124125,0.15594014999999994,0.003940237,7613.755213201643
1453,30,0.1180736,0.10768849999999999,0.18357849999999978,0.14204663333333334,0.1305405,0.22174724999999973,0.004284894,7001.340056486812
1454,30,0.10582186666666665,0.10409199999999999,0.11565374999999999,0.12830676666666666,0.1253955,0.14389639999999998,0.003871656,7748.622294955957
1455,30,0.10693323333333334,0.101794,0.1276669,0.12972503333333332,0.12285950000000001,0.15578534999999996,0.003914825,7663.177792110758
1456,30,0.11328136666666667,0.102948,0.1703233999999999,0.13690656666666667,0.124421,0.19822044999999996,0.004130498,7263.046731895282
1457,30,0.10544523333333333,0.09805849999999999,0.1454788999999999,0.12707566666666667,0.11807300000000001,0.17988749999999984,0.003833644,7825.452754611539
1458,30,0.10445890000000001,0.100343,0.12392294999999996,0.12631873333333335,0.120486,0.15166789999999997,0.003811039,7871.869062478762
1459,30,0.10458853333333336,0.10182150000000001,0.12008549999999998,0.12662466666666666,0.122407,0.1487008,0.003820425,7852.529496063919
1460,30,0.10334326666666668,0.099915,0.12058239999999998,0.12492276666666667,0.12047,0.14753739999999996,0.003768848,7959.992018781336
1461,30,0.10367626666666667,0.100288,0.12102499999999998,0.1252395,0.121336,0.14786134999999997,0.003781145,7934.104616458771
1462,30,0.10565416666666667,0.1024105,0.11922834999999998,0.12786606666666667,0.1245455,0.14578139999999998,0.00385801,7776.02961112076
1463,30,0.10664349999999997,0.102372,0.13103984999999996,0.12913086666666668,0.12406249999999999,0.15549719999999997,0.003896267,7699.677665827316
1464,30,0.10630903333333334,0.10362350000000001,0.11993909999999998,0.12930993333333332,0.12600299999999998,0.14964319999999998,0.003902786,7686.816545923861
1465,30,0.11171863333333333,0.1032725,0.15527529999999998,0.13612,0.12582,0.18804605,0.004107457,7303.789181481388
1466,30,0.10726689999999998,0.1030065,0.12587535,0.1303012,0.125779,0.15478299999999998,0.003932853,7628.050171211586
1467,30,0.10709563333333331,0.10271949999999999,0.12547324999999995,0.12973303333333333,0.124308,0.15490704999999996,0.003915774,7661.320597153972
1468,30,0.10473783333333332,0.1020395,0.11693439999999998,0.1277984,0.124206,0.14420224999999998,0.003857458,7777.142356443026
1469,30,0.10753030000000002,0.10316049999999999,0.12627534999999998,0.1305058,0.1246315,0.15408999999999998,0.003939053,7616.043754679107
1470,30,0.10999476666666666,0.1071775,0.12557664999999998,0.13344583333333335,0.1298725,0.15202249999999995,0.004028316,7447.28069992523
1471,30,0.10638736666666665,0.1031385,0.12659394999999998,0.12936516666666667,0.12530750000000002,0.1554824,0.003904111,7684.207749216147
1472,30,0.10675793333333332,0.101186,0.12817529999999994,0.12979153333333335,0.122644,0.15718489999999993,0.003915722,7661.422337949425
1473,30,0.10822356666666666,0.1023015,0.13159304999999996,0.13226513333333334,0.1242955,0.16250104999999995,0.003990783,7517.321788731684
1474,30,0.10527630000000002,0.1018985,0.11905724999999999,0.12824466666666667,0.1235435,0.14604959999999995,0.003869494,7752.951677919646
1475,30,0.10308993333333334,0.1004565,0.11512049999999997,0.12521306666666668,0.1213195,0.14304799999999995,0.003778232,7940.221775687676
1476,30,0.1055806,0.101683,0.12269004999999998,0.12844366666666668,0.123641,0.15124349999999995,0.003875207,7741.521936763636
1477,30,0.1093179,0.1074245,0.12381154999999996,0.13350886666666667,0.1310285,0.15293429999999994,0.004028627,7446.705788349232
1478,30,0.11084920000000001,0.1080505,0.1332426,0.13481656666666667,0.13111299999999998,0.15728119999999998,0.004070976,7369.240201858228
1479,30,0.10546256666666667,0.1016745,0.12162669999999998,0.12810966666666668,0.123504,0.14981159999999996,0.003871195,7749.545037126779
1480,30,0.10784033333333333,0.10384650000000001,0.12508134999999998,0.13063736666666664,0.12569049999999998,0.15433404999999997,0.003942514,7609.357886871168
1481,30,0.11501933333333333,0.101021,0.1806603,0.1378837333333333,0.12286349999999999,0.20362385,0.004159392,7212.592609689109
1482,30,0.10528999999999998,0.101,0.12239939999999996,0.12729326666666668,0.1214275,0.15130439999999998,0.003841436,7809.579542650196
1483,30,0.10377233333333333,0.09961500000000001,0.11744344999999996,0.12564246666666665,0.11986250000000001,0.14463369999999998,0.003791525,7912.383539604776
1484,30,0.10471273333333332,0.100471,0.12308749999999997,0.1266935333333333,0.1210435,0.15092899999999995,0.003822175,7848.9341801461205
1485,30,0.10078486666666667,0.09974949999999999,0.1077849,0.12232296666666667,0.121007,0.13174039999999998,0.003691164,8127.517498545175
1486,30,0.10512330000000002,0.102126,0.11825544999999997,0.12699046666666666,0.12304699999999999,0.14541994999999996,0.003831593,7829.641613814411
1487,30,0.10648009999999997,0.102542,0.12759735,0.12833480000000003,0.1231375,0.15491415,0.003871307,7749.320836606345
1488,30,0.10442816666666668,0.1002925,0.11899399999999997,0.12617143333333333,0.12036,0.14599089999999998,0.003806683,7880.876868391721
1489,30,0.10749686666666666,0.1017905,0.14274109999999987,0.13007903333333332,0.12345,0.17169499999999993,0.003924814,7643.674324439323
1490,30,0.10259523333333334,0.0986745,0.11737739999999997,0.12426433333333334,0.1190855,0.14588884999999996,0.003749678,8000.686992323073
1491,30,0.1058372,0.1019195,0.12206859999999997,0.1284121,0.12289649999999999,0.15011834999999996,0.003873844,7744.245767253406
1492,30,0.10495973333333332,0.100676,0.11963964999999997,0.12674203333333334,0.12103749999999999,0.14692809999999995,0.003823536,7846.140326650514
1493,30,0.10565503333333333,0.1014985,0.12207019999999999,0.1277594,0.1218345,0.14992069999999996,0.003853962,7784.197145690591
1494,30,0.10500166666666666,0.10191549999999999,0.12131999999999997,0.1272566333333333,0.123209,0.14809869999999994,0.003840128,7812.2395920136
1495,30,0.10291769999999999,0.0995865,0.11906469999999998,0.12504116666666668,0.120558,0.14733659999999998,0.003775955,7945.009937883264
1496,30,0.10341379999999997,0.0985095,0.11952194999999997,0.12489193333333334,0.1189665,0.14758824999999998,0.003767726,7962.362443553486
1497,30,0.10705956666666666,0.1010615,0.12983979999999998,0.12963236666666664,0.12207499999999999,0.15528755,0.003911115,7670.446918589712
1498,30,0.10603916666666666,0.1011635,0.12301754999999996,0.12834489999999998,0.1233755,0.15114189999999997,0.003872376,7747.181575342891
1499,30,0.1059217666666667,0.10229650000000001,0.12477274999999997,0.12828003333333332,0.1223725,0.15138979999999996,0.003870364,7751.208930219484
1500,30,0.10362346666666668,0.10075100000000001,0.11286044999999997,0.12471093333333333,0.1209965,0.13734324999999997,0.003763095,7972.16121304405
1501,30,0.10632829999999999,0.1027045,0.12245139999999999,0.12874133333333332,0.1237835,0.15057449999999997,0.003884295,7723.40926731878
1502,30,0.11184083333333332,0.111408,0.1278307,0.13513370000000002,0.133502,0.1533245,0.004076915,7358.505144208304
1503,30,0.10675473333333334,0.1023495,0.12764494999999998,0.1297209,0.122783,0.15752424999999998,0.003914226,7664.350499945584
1504,30,0.10494666666666667,0.1008375,0.12182274999999998,0.12689613333333333,0.121026,0.15128614999999998,0.003832041,7828.72625840903
1505,30,0.10655526666666666,0.102839,0.12366844999999999,0.12865546666666666,0.1237315,0.15296110000000002,0.003881283,7729.402880439277
1506,30,0.10926326666666665,0.1028725,0.15285494999999985,0.13219803333333335,0.12419749999999999,0.1903887999999998,0.003988405,7521.803828848875
1507,30,0.10755213333333333,0.1039985,0.12268184999999997,0.13013346666666667,0.1257635,0.15141129999999994,0.003926496,7640.399990220289
1508,30,0.10730073333333333,0.10309199999999999,0.12519809999999998,0.13033356666666665,0.12495600000000001,0.15511024999999995,0.003933982,7625.861023258368
1509,30,0.10845306666666664,0.10427449999999999,0.12486859999999997,0.13161966666666663,0.12597599999999998,0.15438904999999994,0.003971854,7553.147723959642
1510,30,0.10647633333333333,0.1031555,0.12204839999999999,0.128718,0.1244445,0.14839414999999995,0.003884891,7722.224381584966
1511,30,0.10571206666666667,0.104081,0.11708379999999997,0.1283644,0.1265265,0.14299414999999996,0.003875013,7741.909511013253
1512,30,0.10707823333333333,0.10234299999999999,0.12471639999999998,0.1302484333333333,0.1247465,0.15345079999999997,0.003934865,7624.149748466592
1513,30,0.10573600000000001,0.10281850000000001,0.11756489999999999,0.12780329999999998,0.12392900000000001,0.14373104999999997,0.003857767,7776.519421727648
1514,30,0.10520613333333334,0.102299,0.12000074999999999,0.12830386666666665,0.1240125,0.15237574999999998,0.003872421,7747.091548155534
1515,30,0.10653376666666664,0.102604,0.12511275,0.12925023333333333,0.123638,0.15646054999999998,0.003900491,7691.33937240209
1516,30,0.10786106666666666,0.10438700000000001,0.12645634999999994,0.1308645333333333,0.1247695,0.15634799999999993,0.003947753,7599.259629465167
1517,30,0.10387623333333335,0.10146250000000001,0.11630754999999998,0.12606476666666666,0.123499,0.14157319999999998,0.003803602,7887.260549342439
1518,30,0.10663066666666667,0.1023725,0.11977334999999997,0.12914516666666664,0.124109,0.14788534999999994,0.003896466,7699.284428505215
1519,30,0.10673500000000001,0.10318050000000001,0.12038644999999998,0.1291566,0.1261585,0.14817284999999997,0.003896426,7699.363467957559
1520,30,0.10608880000000001,0.1026025,0.12561654999999997,0.1291285,0.123183,0.15482805,0.003895412,7701.367660211551
1521,30,0.10744493333333335,0.10426650000000001,0.12818264999999998,0.12996616666666666,0.1250585,0.15513969999999994,0.003921094,7650.92599157276
1522,30,0.10522643333333333,0.1024185,0.11815744999999997,0.1279499666666667,0.1231665,0.14495849999999996,0.003863668,7764.642303634785
1523,30,0.10498023333333334,0.1012465,0.1208117,0.12741596666666666,0.122569,0.1477663,0.003844351,7803.6578865977635
1524,30,0.10617306666666666,0.1010965,0.12415929999999999,0.12871376666666665,0.12262999999999999,0.15082539999999997,0.003883502,7724.986365399065
1525,30,0.10269593333333332,0.10095399999999999,0.11146489999999998,0.1243748,0.121823,0.13854834999999996,0.003752974,7993.660494317307
1526,30,0.10888693333333331,0.105793,0.12334869999999998,0.1322717,0.1287895,0.15002589999999996,0.00399077,7517.3462765331
1527,30,0.11044333333333332,0.106681,0.13489259999999997,0.13381226666666665,0.128318,0.15713689999999997,0.004037573,7430.206215466568
1528,30,0.10838506666666665,0.10402,0.12930399999999995,0.13159726666666668,0.1266195,0.15950514999999993,0.003970863,7555.032747289443
1529,30,0.10638423333333333,0.1027735,0.12477049999999998,0.12906976666666667,0.1237435,0.15374809999999997,0.00389766,7696.925847816383
1530,30,0.10598896666666667,0.10187,0.12136679999999997,0.12876606666666668,0.123321,0.15037574999999995,0.003885654,7720.7080198082485
1531,30,0.10719396666666665,0.1019385,0.12405349999999998,0.13013590000000003,0.1240265,0.15234084999999997,0.00392653,7640.333831652884
1532,30,0.10663526666666666,0.10299,0.1222243,0.12918323333333334,0.124304,0.14888969999999999,0.003898286,7695.689849333784
1533,30,0.10465363333333332,0.102299,0.11554304999999998,0.1263909,0.123136,0.14126359999999996,0.003813126,7867.560631356006
1534,30,0.10677249999999999,0.10261300000000001,0.12201049999999997,0.13003073333333331,0.1251555,0.15162799999999996,0.003923416,7646.397934860846
1535,30,0.10765276666666666,0.103668,0.12242739999999996,0.1304871,0.1249825,0.15075314999999995,0.003937314,7619.407545346904
1536,30,0.10587516666666666,0.1031475,0.11485385,0.1285802,0.12481500000000001,0.1446599,0.003879824,7732.3095068229895
1537,30,0.1066683,0.1028555,0.12155004999999998,0.12987813333333334,0.12510949999999998,0.14902329999999997,0.003919019,7654.9769215204105
1538,30,0.10691626666666666,0.102849,0.12674975,0.13076956666666667,0.125798,0.15524205,0.003945963,7602.706867753194
1539,30,0.1054399,0.10145,0.12258784999999996,0.12745066666666666,0.1230275,0.14838684999999993,0.003845491,7801.3444837083225
1540,30,0.10679516666666666,0.10306699999999999,0.12675169999999997,0.12964073333333334,0.1251045,0.15615769999999995,0.003911596,7669.503701302487
1541,30,0.1061594,0.1030945,0.12330084999999996,0.1289954,0.12389649999999999,0.15261414999999995,0.003892027,7708.065745689842
1542,30,0.1069096,0.103469,0.12299459999999995,0.12967016666666667,0.12488450000000001,0.15227784999999996,0.00391264,7667.457266704833
1543,30,0.10684760000000001,0.102768,0.12185554999999997,0.12980436666666667,0.1241325,0.15087979999999995,0.003916571,7659.761561835596
1544,30,0.10616140000000002,0.102797,0.12148149999999998,0.12893319999999997,0.1249095,0.14880954999999996,0.003889965,7712.15165175008
1545,30,0.10460066666666666,0.1022905,0.11207155,0.12634016666666667,0.1235,0.13736435,0.003811563,7870.786866175372
1546,30,0.10776386666666667,0.10304350000000001,0.12114484999999997,0.13087273333333332,0.12450800000000001,0.14980544999999995,0.003951891,7591.302492907826
1547,30,0.10753706666666665,0.103772,0.12625329999999998,0.13088516666666666,0.1252105,0.16181074999999998,0.003948488,7597.845048535034
1548,30,0.10381753333333331,0.1002365,0.11481189999999998,0.12617219999999998,0.121285,0.14302425,0.003807119,7879.974332296942
1549,30,0.10646913333333333,0.10387199999999999,0.12130564999999997,0.1292259666666667,0.125018,0.14912854999999994,0.003898931,7694.416751668598
1550,30,0.10553856666666664,0.101662,0.12267955,0.12803630000000002,0.122541,0.15062589999999998,0.003862932,7766.121692020465
1551,30,0.11109953333333335,0.108485,0.13028169999999997,0.13435833333333333,0.13155050000000001,0.15403114999999998,0.00405425,7399.642350619721
1552,30,0.10624613333333334,0.103799,0.12356864999999997,0.1288174,0.1252335,0.15141184999999996,0.003892454,7707.220175241634
1553,30,0.10778236666666667,0.103433,0.12229409999999998,0.13118956666666667,0.12541750000000002,0.15274554999999995,0.003959925,7575.901058732172
1554,30,0.10619866666666668,0.10289000000000001,0.12163049999999997,0.12864446666666665,0.124619,0.14988704999999997,0.003883256,7725.475734795749
1555,30,0.10751580000000002,0.10431,0.12309644999999998,0.13032163333333333,0.1255385,0.15158679999999997,0.003933707,7626.394136624817
1556,30,0.1063034666666667,0.10290099999999999,0.12276839999999999,0.1290368,0.12396099999999999,0.15073914999999996,0.003894571,7703.030706077769
1557,30,0.10669600000000003,0.10248850000000001,0.12166664999999999,0.1299393,0.12399,0.15244755,0.003921508,7650.118270828468
1558,30,0.10603476666666668,0.103542,0.11931639999999998,0.12816180000000002,0.12457499999999999,0.14698394999999997,0.003868078,7755.789826368547
1559,30,0.10380459999999998,0.1018115,0.11274749999999997,0.12579896666666668,0.1232035,0.13843504999999998,0.00379716,7900.641532092406
1560,30,0.10689126666666666,0.104355,0.12112359999999997,0.12967593333333333,0.12553999999999998,0.14988304999999996,0.003913993,7664.806758724402
1561,30,0.10392439999999999,0.102368,0.11431029999999996,0.12633936666666667,0.123278,0.13958089999999998,0.003813653,7866.473431117094
1562,30,0.10787276666666669,0.1037535,0.12403984999999998,0.13051503333333334,0.12506,0.15289009999999997,0.003939472,7615.233716599584
1563,30,0.10586396666666667,0.1032345,0.12275199999999999,0.12834959999999998,0.12453800000000001,0.15026494999999998,0.003873986,7743.961903837547
1564,30,0.10875463333333334,0.104855,0.12644095,0.13173606666666665,0.12642199999999998,0.15498329999999996,0.003981911,7534.070952364329
1565,30,0.10826169999999999,0.1042905,0.12852394999999997,0.13131583333333333,0.1262335,0.15747289999999994,0.003961998,7571.937189266627
1566,30,0.10788516666666667,0.10502500000000001,0.12424654999999997,0.1303317,0.1268125,0.15303879999999995,0.003932539,7628.659245337428
1567,30,0.1080265,0.10425899999999999,0.12499709999999997,0.1308829,0.1253945,0.15402259999999995,0.003949375,7596.138629529989
1568,30,0.10906473333333334,0.10611100000000001,0.12551609999999996,0.13260126666666666,0.127917,0.15433969999999994,0.004000538,7498.99138565863
1569,30,0.10870446666666665,0.10612350000000001,0.12325889999999998,0.13157879999999997,0.127761,0.15198019999999995,0.003969515,7557.598346397482
1570,30,0.10896383333333333,0.10586999999999999,0.12619199999999997,0.13199243333333333,0.12768000000000002,0.15534269999999997,0.003982038,7533.8306666084045
1571,30,0.10941453333333334,0.105977,0.1251138,0.1322949,0.1275195,0.15403209999999998,0.003991485,7515.999684328012
1572,30,0.10881336666666663,0.105541,0.12584209999999998,0.13161486666666666,0.1266065,0.15218064999999997,0.003971057,7554.6636575601915
1573,30,0.10857236666666668,0.103738,0.12756469999999998,0.1317636,0.12568200000000002,0.15717439999999996,0.003975512,7546.197823072853
1574,30,0.10762566666666666,0.10432549999999999,0.12272789999999997,0.13048053333333332,0.1261345,0.15124509999999997,0.003936841,7620.322995010467
1575,30,0.11190896666666665,0.107193,0.13398105,0.1358771666666667,0.130496,0.16081825,0.004099748,7317.52293067769
1576,30,0.10937523333333334,0.10458100000000001,0.13335884999999997,0.13261810000000002,0.12623600000000001,0.16069174999999997,0.004001497,7497.194175079977
1577,30,0.10805683333333334,0.10485,0.12974404999999994,0.1308888,0.12578899999999998,0.15946304999999994,0.00394896,7596.936915035858
1578,30,0.10682756666666665,0.10389799999999999,0.12081564999999998,0.12947453333333334,0.124696,0.14872769999999996,0.003906314,7679.874172941551
1579,30,0.10769913333333335,0.10362650000000001,0.12418809999999997,0.13094986666666666,0.125672,0.15331504999999995,0.003950898,7593.21045493961
1580,30,0.10507746666666667,0.1028985,0.11862474999999999,0.12740666666666667,0.123923,0.14500105,0.003843614,7805.154211635196
1581,30,0.10606003333333333,0.103593,0.11834434999999997,0.12876103333333333,0.12508,0.14705195,0.003887589,7716.865131576409
1582,30,0.10712456666666666,0.1031625,0.12434139999999998,0.1302348,0.12522,0.15335099999999996,0.003929299,7634.949643689625
1583,30,0.10669440000000001,0.102789,0.1253937,0.1293265,0.12407299999999999,0.15326434999999997,0.003901658,7689.038865015847
1584,30,0.10553623333333334,0.102423,0.11656564999999999,0.12864323333333333,0.124783,0.14456064999999998,0.003881578,7728.81544567699
1585,30,0.10889393333333336,0.10440150000000001,0.1259485,0.13193953333333333,0.125998,0.15449364999999998,0.003981268,7535.2877525451695
1586,30,0.10827483333333335,0.104405,0.12696479999999996,0.13145483333333333,0.12625,0.15683919999999996,0.003969897,7556.871122852809
1587,30,0.11823483333333333,0.10691049999999999,0.17721084999999992,0.14302640000000003,0.1285485,0.21260769999999998,0.004314501,6953.295410060166
1588,30,0.11896820000000001,0.105957,0.20265079999999996,0.14279806666666667,0.1272505,0.23366905,0.004306776,6965.767432529577
1589,30,0.10474049999999997,0.102549,0.11924114999999996,0.1268656333333333,0.1239185,0.14640464999999997,0.003827987,7837.017210351028
1590,30,0.10693116666666665,0.10366449999999999,0.12581634999999994,0.12943616666666669,0.12518,0.15402589999999994,0.00390554,7681.396170567963
1591,30,0.1066615,0.10368849999999999,0.12492494999999997,0.12986753333333334,0.1257765,0.15404274999999995,0.003918581,7655.832557754963
1592,30,0.10565563333333333,0.103006,0.11865594999999997,0.12769646666666665,0.123896,0.14543104999999998,0.003852689,7786.7691890002025
1593,30,0.10761423333333334,0.1022785,0.12485764999999996,0.13075296666666666,0.1235485,0.15417139999999996,0.00394536,7603.8688484701015
1594,30,0.10687889999999999,0.1026785,0.12559849999999997,0.1299165,0.1244085,0.15489409999999995,0.003920106,7652.854285062701
1595,30,0.12016620000000001,0.1057485,0.18391449999999987,0.1441966,0.12767699999999998,0.21722849999999994,0.004349874,6896.751492112186
1596,30,0.11348863333333335,0.10448299999999999,0.15735759999999996,0.13732466666666668,0.1264045,0.18957674999999996,0.00414435,7238.770856708531
1597,30,0.10792633333333333,0.1035385,0.12582964999999996,0.13107190000000002,0.1255935,0.15501074999999997,0.003956234,7582.969055925408
1598,30,0.10568736666666666,0.1032685,0.11852539999999998,0.12828896666666664,0.124967,0.14681704999999998,0.003875846,7740.245613473807
1599,30,0.112822,0.110277,0.12480314999999997,0.13759243333333335,0.1338635,0.15348034999999996,0.004154156,7221.68353812423
1600,30,0.1133169,0.10634350000000001,0.1457262,0.13761966666666667,0.1303625,0.17346004999999998,0.004154654,7220.8179068581885
1601,30,0.11026446666666664,0.1065185,0.13387544999999995,0.13378263333333335,0.12822899999999998,0.16462304999999994,0.00403888,7427.801766826447
1602,30,0.10860043333333333,0.10517599999999999,0.125544,0.13199986666666666,0.12727349999999998,0.15355119999999997,0.003984809,7528.5917091634765
1603,30,0.13354040000000003,0.11175550000000001,0.22950194999999995,0.16192803333333333,0.1364985,0.26450695,0.004885226,6140.964614533697
1604,30,0.10591656666666666,0.102298,0.12181939999999997,0.12827883333333334,0.122561,0.15012204999999998,0.003872096,7747.74179152583
1605,30,0.10534273333333334,0.100904,0.12076919999999997,0.12740453333333335,0.1211045,0.14803104999999994,0.003843984,7804.402931958093
1606,30,0.10607913333333333,0.102718,0.12181799999999997,0.1282421333333333,0.12368799999999999,0.14866324999999994,0.003869926,7752.086215602055
1607,30,0.10267653333333332,0.09937750000000001,0.11313799999999997,0.12383386666666667,0.119344,0.13751904999999995,0.003736603,8028.682736699618
1608,30,0.1047949,0.1015215,0.12160709999999995,0.12681656666666666,0.1223255,0.14897619999999995,0.003826657,7839.74105857933
1609,30,0.1068496,0.102338,0.12387979999999997,0.12894150000000001,0.12345149999999999,0.15239889999999998,0.003890202,7711.6818098391805
1610,30,0.10495336666666669,0.1022185,0.11978074999999996,0.12662843333333335,0.12212100000000001,0.14662549999999994,0.003820296,7852.794652560953
1611,30,0.1048548,0.100747,0.12391714999999998,0.1268931,0.121258,0.15462574999999995,0.003829035,7834.872232821063
1612,30,0.10706660000000001,0.1019065,0.12344749999999997,0.12961963333333332,0.123014,0.1509022,0.003910509,7671.635585035093
1613,30,0.10621779999999999,0.1027695,0.12442439999999999,0.12829753333333332,0.1232715,0.15207624999999997,0.003874872,7742.191225929527
1614,30,0.10454540000000002,0.10141549999999999,0.12173824999999998,0.1266882,0.1226855,0.15089099999999997,0.003822931,7847.382021804736
1615,30,0.10748806666666665,0.104077,0.12490109999999996,0.1295759,0.1244605,0.15203119999999995,0.003912576,7667.582687211699
1616,30,0.10448330000000003,0.1007985,0.12365404999999996,0.12651653333333332,0.1217845,0.15150694999999995,0.003817212,7859.139078468788
1617,30,0.10542716666666667,0.101542,0.11984399999999998,0.12758323333333335,0.1226665,0.14819485,0.003848722,7794.795259309453
1618,30,0.10503573333333335,0.1000865,0.12462554999999995,0.1268804666666667,0.120668,0.15163629999999995,0.003827901,7837.193281644431
1619,30,0.10122509999999998,0.099941,0.11191459999999998,0.12243490000000001,0.1203485,0.13723634999999998,0.003694306,8120.605060869349
1620,30,0.10694973333333334,0.102043,0.13276664999999993,0.1296445,0.12301999999999999,0.1647609999999999,0.003911905,7668.897889902745
1621,30,0.1019222,0.0996715,0.11401154999999999,0.12351619999999998,0.1199065,0.14026275000000002,0.003727222,8048.890031235059
1622,30,0.10551996666666666,0.1013545,0.12340344999999998,0.12776533333333334,0.1224945,0.1510994,0.003854984,7782.133466701807
1623,30,0.1043304,0.101237,0.11700609999999999,0.12550699999999998,0.1215215,0.14061045,0.003786782,7922.29391604798
1624,30,0.11184626666666667,0.1071975,0.130825,0.13507673333333334,0.12954549999999998,0.15878934999999997,0.004075377,7361.282158681271
1625,30,0.10541916666666667,0.1018015,0.12203484999999997,0.12759673333333335,0.12368699999999999,0.14988599999999996,0.003849737,7792.740127442472
1626,30,0.10384906666666667,0.099852,0.12017354999999998,0.12561753333333334,0.120387,0.14815319999999996,0.003790261,7915.022210871494
1627,30,0.10411083333333333,0.09949,0.12046619999999998,0.12567456666666665,0.1196165,0.14761089999999996,0.003791777,7911.857685723607
1628,30,0.10642780000000002,0.1023065,0.12858659999999997,0.12926163333333332,0.1239455,0.16074564999999996,0.003900559,7691.205286216667
1629,30,0.10457306666666667,0.1029535,0.119199,0.12654036666666665,0.123353,0.1461794,0.00381807,7857.372965922574
1630,30,0.10391983333333334,0.101426,0.11540664999999999,0.12561393333333334,0.121143,0.14118619999999998,0.003790012,7915.5422199190925
1631,30,0.10526866666666668,0.10076,0.12185909999999997,0.1272360333333333,0.12070600000000001,0.14947349999999995,0.003839056,7814.421045173605
1632,30,0.10315603333333333,0.1000615,0.11782249999999997,0.1243103666666667,0.1201305,0.14398434999999996,0.003754555,7990.2944556678485
1633,30,0.10522006666666668,0.1017425,0.12287284999999996,0.12706613333333333,0.12251999999999999,0.15040224999999996,0.003833924,7824.881244385648
1634,30,0.1039238,0.09931,0.11986374999999998,0.12588023333333334,0.11997,0.14762464999999997,0.003798541,7897.769169794403
1635,30,0.10653336666666664,0.1026825,0.13371695,0.12851906666666668,0.12352099999999999,0.16062789999999996,0.003877913,7736.119918110591
1636,30,0.10786143333333334,0.1040795,0.12370759999999997,0.1306697,0.12580750000000002,0.15282429999999997,0.003942816,7608.775048087458
1637,30,0.10431166666666666,0.10261899999999999,0.11438129999999999,0.1269216333333333,0.12420149999999999,0.1416625,0.003829584,7833.7490442826165
1638,30,0.10727643333333334,0.1036475,0.12304174999999996,0.13025666666666666,0.12617,0.15240509999999996,0.003930615,7632.39340408562
1639,30,0.10763320000000001,0.10391049999999999,0.12304439999999997,0.13081536666666668,0.126358,0.15083519999999997,0.003948153,7598.489724182421
1640,30,0.10796710000000001,0.104196,0.12526754999999998,0.13118046666666666,0.12633450000000002,0.15451474999999995,0.003963524,7569.021910804627
1641,30,0.10679219999999999,0.1026775,0.12437419999999996,0.12965220000000002,0.12418699999999999,0.15323694999999996,0.003913316,7666.132763109343
1642,30,0.1072243,0.102464,0.13483279999999997,0.1302703,0.1248045,0.16323249999999997,0.003932687,7628.372153695425
1643,30,0.10715653333333333,0.1031055,0.12674259999999996,0.1304411,0.125092,0.15625759999999994,0.003937634,7618.788338377818
1644,30,0.10767266666666667,0.10312450000000001,0.12354444999999997,0.13072546666666668,0.124365,0.15432214999999994,0.003946198,7602.254119027986
1645,30,0.10694216666666666,0.103823,0.11846659999999998,0.1293122,0.1252315,0.14488869999999998,0.003904141,7684.14870262114
1646,30,0.10676653333333334,0.103187,0.12308839999999999,0.12936046666666667,0.124603,0.14960629999999997,0.003904131,7684.168384718648
1647,30,0.10584773333333333,0.1022175,0.12182189999999997,0.1286082,0.123829,0.15003939999999996,0.003881475,7729.020539872085
1648,30,0.11467683333333333,0.11236550000000001,0.13467604999999996,0.13941916666666668,0.135195,0.16531909999999997,0.004207197,7130.6382848247895
1649,30,0.11210313333333334,0.1058055,0.13574335,0.13558066666666668,0.127849,0.16268865000000002,0.004092763,7330.011534994818
1650,30,0.10900096666666668,0.104628,0.12978599999999996,0.13199453333333333,0.1264905,0.15866714999999995,0.003982651,7532.671077631457
1651,30,0.10718006666666667,0.1030865,0.12388184999999996,0.1299465,0.125078,0.15256084999999997,0.003921652,7649.837364457631
1652,30,0.10926383333333332,0.10575,0.1405806,0.13251943333333333,0.128174,0.16815494999999997,0.00399921,7501.481542604665
1653,30,0.1073934,0.105188,0.12120354999999998,0.12985286666666668,0.126214,0.14795844999999996,0.003918679,7655.641097420839
1654,30,0.10801320000000002,0.104459,0.12474484999999999,0.13099096666666668,0.126966,0.15380384999999996,0.003953537,7588.141959971539
1655,30,0.10368540000000001,0.1016365,0.11512299999999998,0.1261603666666667,0.1234375,0.14242114999999994,0.003807575,7879.0306165998045
1656,30,0.10388756666666664,0.101471,0.11588854999999998,0.12646553333333335,0.12312200000000001,0.14230584999999998,0.00381721,7859.143196208749
1657,30,0.10677350000000001,0.1033195,0.12488399999999998,0.12910306666666668,0.1241435,0.15306739999999996,0.003895044,7702.095277999428
1658,30,0.10856243333333332,0.10511200000000001,0.12288029999999997,0.13163533333333335,0.1264775,0.15288789999999997,0.003971383,7554.043515823077
1659,30,0.1072964,0.1043355,0.12623884999999996,0.13065163333333335,0.12575,0.15766239999999995,0.003941606,7611.110801028819
1660,30,0.1077695,0.104253,0.12356184999999997,0.13097783333333332,0.12607600000000002,0.15259204999999998,0.003952258,7590.597577384877
1661,30,0.10852173333333333,0.1042205,0.12428509999999997,0.13175323333333333,0.12610149999999998,0.15692409999999993,0.00397532,7546.562289325136
1662,30,0.10743113333333335,0.10280249999999999,0.12462149999999997,0.1302637,0.124192,0.15340189999999995,0.00393012,7633.354706726513
1663,30,0.10765463333333332,0.104151,0.12514129999999998,0.13068326666666666,0.12607000000000002,0.15416344999999998,0.003943044,7608.335083250403
1664,30,0.1075004,0.10440150000000001,0.12526904999999997,0.13007506666666666,0.1250335,0.15330274999999996,0.003924834,7643.63537413302
1665,30,0.10708736666666668,0.1020865,0.12453564999999998,0.1296175333333333,0.1230225,0.15291174999999996,0.003910983,7670.705804653204
1666,30,0.11138099999999998,0.1054465,0.13710104999999992,0.1348946666666667,0.1269035,0.1698523999999999,0.004073966,7363.831706008346
1667,30,0.10566486666666668,0.10118550000000001,0.12087559999999997,0.1286335,0.1223665,0.15030124999999997,0.003881364,7729.241575899607
1668,30,0.10707363333333332,0.103827,0.12266439999999998,0.1299394,0.12496299999999999,0.15118214999999996,0.003921155,7650.806968865041
1669,30,0.14188016666666667,0.126556,0.19640699999999994,0.17022916666666668,0.154492,0.22737059999999998,0.005134641,5842.667481524025
1670,30,0.12662846666666666,0.124262,0.14485635,0.15484196666666664,0.1512785,0.17747074999999998,0.004673371,6419.34911651568
1671,30,0.13135949999999996,0.1278455,0.15612795,0.15929916666666669,0.153932,0.19021855,0.004806438,6241.628415887191
1672,30,0.13650463333333332,0.1309745,0.16498794999999997,0.16560750000000002,0.159602,0.20073124999999994,0.004996298,6004.445691590054
1673,30,0.12205553333333334,0.1175505,0.17227265,0.14500243333333326,0.1392215,0.1949313,0.004372897,6860.440572919966
1674,30,0.10318013333333334,0.0997065,0.11974085,0.12493060000000003,0.120804,0.14687804999999998,0.003769471,7958.676429663473
1675,30,0.10645243333333333,0.1018795,0.12259579999999996,0.12835096666666665,0.12281049999999999,0.15097864999999996,0.003872335,7747.263601935266
1676,30,0.14513236666666665,0.12933250000000002,0.22256369999999986,0.17279220000000003,0.15687800000000002,0.24961454999999988,0.005212028,5755.916890699744
1677,30,0.13410996666666666,0.127823,0.18790769999999998,0.16114459999999997,0.154596,0.2171061,0.004860694,6171.958160707093
1678,30,0.10617366666666667,0.100177,0.12806165,0.12838353333333336,0.121119,0.15523534999999997,0.003873783,7744.367714970095
1679,30,0.10671286666666666,0.1014095,0.13985059999999994,0.12886563333333334,0.121866,0.16574579999999994,0.003887458,7717.12517537167
1680,30,0.10257546666666666,0.100783,0.11126575,0.12393566666666668,0.1210155,0.13604975,0.003739737,8021.954485034643
1681,30,0.10755319999999997,0.10381399999999999,0.1225038,0.1300552,0.12494050000000001,0.14861149999999998,0.003923917,7645.421653923872
1682,30,0.10909553333333331,0.1015855,0.14918599999999993,0.1303226666666667,0.12221950000000001,0.17513759999999995,0.003930807,7632.020600350005
1683,30,0.10670826666666665,0.104699,0.11690819999999999,0.13013126666666666,0.127448,0.14532399999999998,0.003931839,7630.017404069698
1684,30,0.10539973333333333,0.1013945,0.12269214999999999,0.12766086666666665,0.12254999999999999,0.15047974999999997,0.003853162,7785.813313844578
1685,30,0.10218840000000003,0.09970899999999999,0.11257849999999997,0.12415580000000001,0.120699,0.14161489999999996,0.003747643,8005.031429087562
1686,30,0.1023913333333333,0.100007,0.11470794999999998,0.12382536666666667,0.1205105,0.14114339999999997,0.003737853,8025.997812112996
1687,30,0.10473533333333333,0.10086149999999999,0.12050389999999998,0.1266899,0.121528,0.14766259999999998,0.003824355,7844.460046203869
1688,30,0.10178849999999999,0.100081,0.11684594999999996,0.12339800000000002,0.12084349999999999,0.14366689999999996,0.003724322,8055.157421941497
1689,30,0.10644913333333332,0.10335,0.11952524999999997,0.12869826666666664,0.12409200000000001,0.14704304999999995,0.003883986,7724.023722021655
1690,30,0.10241846666666668,0.0995535,0.1134149,0.12410560000000001,0.12046699999999999,0.13837139999999998,0.003745665,8009.258703060738
1691,30,0.10505303333333334,0.100185,0.12199159999999998,0.12715963333333333,0.12031,0.14912444999999996,0.003836496,7819.635417318303
1692,30,0.12094013333333331,0.105435,0.2163307,0.14377836666666668,0.1262365,0.23846815,0.004335874,6919.020248282122
1693,30,0.1048801,0.100549,0.12210099999999997,0.12692633333333334,0.1215495,0.15053419999999995,0.00383018,7832.530063861229
1694,30,0.10311516666666667,0.100455,0.11403174999999997,0.12475946666666668,0.12094099999999999,0.13890274999999994,0.003764116,7969.9987991868475
1695,30,0.10633763333333332,0.102662,0.12104724999999997,0.128552,0.1240155,0.14822439999999995,0.003878469,7735.010902497867
1696,30,0.11330156666666666,0.10803850000000001,0.13728729999999997,0.13720343333333335,0.132527,0.1648931,0.004139377,7247.467432901135
1697,30,0.10549063333333333,0.10196050000000001,0.11725054999999997,0.12736150000000002,0.12256349999999999,0.14324069999999997,0.003843145,7806.106717284932
1698,30,0.10377189999999999,0.099885,0.12176744999999999,0.12582393333333333,0.1205635,0.14813774999999996,0.003796645,7901.713223121993
1699,30,0.10453456666666668,0.10057550000000001,0.11859864999999997,0.12615776666666664,0.1209245,0.14540879999999995,0.003806967,7880.288954435381
1700,30,0.1065786,0.101783,0.12845525,0.12950953333333332,0.1229305,0.15196205,0.00391171,7669.280186925923
1701,30,0.1037786,0.10055549999999999,0.12033744999999997,0.12525343333333333,0.121369,0.14686729999999995,0.003779101,7938.395930672401
1702,30,0.10583733333333334,0.1024765,0.12501729999999997,0.1278202,0.1238515,0.15251189999999998,0.003856425,7779.2255780937
1703,30,0.10462533333333332,0.1001505,0.12086019999999996,0.12685926666666666,0.1215415,0.14846114999999996,0.003827823,7837.352981054766
1704,30,0.1034211,0.099711,0.11819219999999998,0.12533823333333333,0.12075849999999999,0.14540424999999998,0.003781525,7933.307329714864
1705,30,0.10649686666666665,0.10235549999999999,0.12075514999999996,0.1288465666666667,0.1231095,0.14776244999999996,0.003887583,7716.877041596283
1706,30,0.10421656666666666,0.100162,0.12002579999999997,0.12604343333333332,0.1208375,0.14684914999999996,0.003802533,7889.477882243231
1707,30,0.1061205,0.100911,0.12013449999999998,0.1280748,0.1227625,0.14760109999999996,0.003863417,7765.146759979572
1708,30,0.11431706666666666,0.10377,0.14956564999999997,0.13830746666666668,0.125136,0.1836677999999999,0.004172458,7190.006466212481
1709,30,0.1045976,0.1010105,0.12331149999999995,0.1266144,0.12149850000000001,0.15085854999999995,0.00382003,7853.3414659047185
1710,30,0.10504489999999998,0.100277,0.12195899999999997,0.12722913333333333,0.120836,0.15046799999999994,0.003838187,7816.190300264161
1711,30,0.1056375,0.1014565,0.12101629999999997,0.12792656666666669,0.12215999999999999,0.15112259999999994,0.003859163,7773.7063710447055
1712,30,0.10167443333333334,0.0990645,0.11634149999999999,0.1234614,0.119602,0.14596674999999998,0.003725918,8051.706988720633
1713,30,0.1052156,0.1017075,0.12339189999999997,0.1274992333333333,0.122573,0.15097794999999994,0.003846988,7798.308702808535
1714,30,0.1059132,0.1029935,0.12323679999999995,0.12785993333333331,0.12401,0.15114814999999995,0.003856937,7778.192902813813
1715,30,0.10361503333333334,0.101352,0.11944844999999997,0.12545933333333334,0.12227450000000001,0.14580699999999994,0.00378594,7924.055848745623
1716,30,0.10752990000000001,0.1028945,0.14047969999999993,0.12971653333333333,0.12302750000000001,0.16695889999999994,0.003913697,7665.386461956559
1717,30,0.1044542,0.10086500000000001,0.11804469999999997,0.1259677,0.12113850000000001,0.14374629999999997,0.003803925,7886.590823951577
1718,30,0.10367549999999999,0.10071849999999999,0.11763584999999997,0.12509066666666666,0.1213195,0.14449309999999993,0.003774181,7948.744376594551
1719,30,0.10459886666666665,0.100801,0.12352294999999995,0.12673193333333332,0.12139749999999999,0.15137439999999994,0.003824004,7845.180078263516
1720,30,0.10961053333333332,0.1078345,0.12282424999999998,0.13291403333333332,0.130459,0.15176119999999996,0.004010281,7480.772544367838
1721,30,0.1079285,0.1065055,0.12308754999999998,0.1311764,0.128948,0.15071819999999997,0.003957777,7580.012719261343
1722,30,0.10393533333333335,0.100662,0.11821444999999997,0.12555223333333335,0.1217695,0.14460544999999997,0.003787968,7919.8134725530945
1723,30,0.10699433333333334,0.1036405,0.12047484999999997,0.1291655,0.1249015,0.14804779999999998,0.003897065,7698.10100678331
1724,30,0.10441406666666665,0.1009785,0.12075599999999997,0.12598813333333334,0.121221,0.14677984999999996,0.003800489,7893.721044844492
1725,30,0.10722656666666668,0.1007265,0.13140444999999998,0.13012333333333334,0.1216265,0.16236879999999998,0.003925826,7641.703936954923
1726,30,0.10320189999999999,0.1003425,0.11127255,0.1250698,0.121009,0.13782755,0.003774075,7948.9676278293355
1727,30,0.10273633333333333,0.1004125,0.11069085,0.12424049999999999,0.1207005,0.13705884999999998,0.003749283,8001.529892515449
1728,30,0.10472086666666668,0.10176199999999999,0.11654369999999997,0.12665220000000002,0.122003,0.14279189999999997,0.003822142,7849.00194707575
1729,30,0.1040952,0.100356,0.12010109999999996,0.1261574,0.121275,0.14734164999999996,0.00380821,7877.716827590916
1730,30,0.11437036666666667,0.104792,0.16809035,0.13629406666666666,0.126332,0.18861015,0.004112365,7295.0723002457225
1731,30,0.11520653333333333,0.103901,0.18024325,0.1374708,0.1256975,0.20069469999999998,0.004147612,7233.077732439775
1732,30,0.1039133,0.10088649999999999,0.11985094999999997,0.12584956666666666,0.120971,0.14914169999999996,0.003799331,7896.126976038677
1733,30,0.10597493333333333,0.10290550000000001,0.12329839999999997,0.12894053333333333,0.1229895,0.1592862,0.003890896,7710.306315049284
1734,30,0.10914413333333332,0.103603,0.14261654999999993,0.1313000666666667,0.126791,0.16645429999999994,0.003965436,7565.372382759424
1735,30,0.10392319999999998,0.100412,0.11985894999999998,0.12591256666666667,0.1209455,0.14759544999999996,0.003798875,7897.074791879174
1736,30,0.10582036666666667,0.102409,0.12318964999999998,0.12784313333333333,0.12307499999999999,0.15107049999999997,0.003856907,7778.253403569232
1737,30,0.10772013333333333,0.10448850000000001,0.12269524999999998,0.13062703333333334,0.12594100000000003,0.14907399999999996,0.003941146,7611.9991494859605
1738,30,0.1077984,0.103324,0.12392639999999996,0.13077333333333332,0.12498699999999999,0.15326364999999997,0.003945864,7602.897616339539
1739,30,0.10833186666666664,0.10247,0.12509764999999995,0.13117453333333334,0.12377350000000001,0.15476149999999997,0.003957632,7580.290436301303
1740,30,0.10788486666666668,0.103924,0.12612015,0.13060596666666666,0.12530400000000003,0.15444349999999996,0.003940771,7612.723500046057
1741,30,0.11311643333333334,0.10704949999999999,0.1636202,0.1379119,0.1291135,0.19995169999999993,0.004160477,7210.711656379785
1742,30,0.10817733333333333,0.105156,0.12484474999999998,0.13157276666666665,0.12690800000000002,0.15809059999999994,0.003970134,7556.4200100047
1743,30,0.10575316666666666,0.10156799999999999,0.12207544999999997,0.12888080000000002,0.123821,0.15067699999999995,0.003888762,7714.537428621243
1744,30,0.1077747,0.10292699999999999,0.12483524999999997,0.13038566666666668,0.12424299999999999,0.15415184999999995,0.003933707,7626.394136624817
1745,30,0.11377153333333333,0.1113415,0.13428225,0.13848426666666666,0.1353965,0.16266914999999996,0.004177759,7180.883339608628
1746,30,0.11177386666666664,0.104599,0.15555804999999992,0.13445593333333333,0.1255595,0.1854348999999999,0.004057113,7394.42061387001
1747,30,0.12218146666666668,0.10527700000000001,0.19764379999999998,0.14607863333333332,0.12600299999999998,0.22862064999999998,0.00440592,6809.020590478266
1748,30,0.10459836666666665,0.100882,0.11497469999999997,0.12697763333333334,0.1221395,0.14192114999999997,0.003830836,7831.188805785474
1749,30,0.11602756666666665,0.10724449999999999,0.15578229999999996,0.1403864333333333,0.13191999999999998,0.19484094999999998,0.004235586,7082.845207251133
1750,30,0.10547113333333334,0.1019215,0.12006539999999996,0.12754796666666668,0.1230105,0.15037579999999995,0.00384809,7796.075455615643
1751,30,0.11083996666666668,0.1054345,0.14615759999999992,0.13377523333333333,0.1271415,0.18516924999999987,0.004039413,7426.82166938612
1752,30,0.10708356666666669,0.10359950000000001,0.12504315,0.12947686666666666,0.1250175,0.15419944999999996,0.003906441,7679.624497080591
1753,30,0.10626376666666668,0.1019315,0.12324534999999998,0.12861673333333337,0.122827,0.15228984999999995,0.003880811,7730.342961819063
1754,30,0.10584206666666668,0.10155349999999999,0.12275209999999999,0.12880906666666664,0.12342449999999999,0.15028444999999999,0.003886002,7720.016613475752
1755,30,0.10522809999999998,0.10241800000000001,0.11636549999999998,0.12779653333333335,0.123171,0.1419634,0.003859422,7773.184689313582
1756,30,0.10576510000000001,0.1013595,0.12497275,0.12901513333333334,0.123082,0.15201449999999997,0.003892797,7706.541080873213
1757,30,0.1082397666666667,0.104075,0.12536319999999998,0.1319080333333333,0.1267145,0.15308974999999997,0.003979965,7537.754728998872
1758,30,0.10587546666666667,0.1001475,0.1254489,0.12847820000000001,0.1216065,0.15488804999999997,0.0038766,7738.74013310633
1759,30,0.10576166666666666,0.10243949999999999,0.12257784999999999,0.12799716666666666,0.12318100000000001,0.1501561,0.003861551,7768.899077080686
1760,30,0.10515213333333334,0.1015025,0.12127169999999998,0.1274741,0.1223655,0.15017399999999997,0.003846134,7800.040248207681
1761,30,0.10686793333333333,0.10256,0.12274084999999997,0.12911316666666667,0.124016,0.15106284999999997,0.003895621,7700.954481968343
1762,30,0.10427353333333333,0.10160250000000001,0.11821209999999996,0.1260596,0.12291099999999999,0.14571629999999997,0.003804067,7886.296429584442
1763,30,0.10613239999999999,0.10411000000000001,0.12077964999999999,0.12906009999999998,0.12582549999999998,0.14630479999999996,0.003893719,7704.716236585126
1764,30,0.10685143333333331,0.102959,0.12496894999999997,0.12925476666666666,0.12393799999999999,0.15595199999999995,0.003899534,7693.226934295226
1765,30,0.1071096,0.10411000000000001,0.12186149999999997,0.1293727,0.1256235,0.14984059999999996,0.003903043,7686.310399347381
1766,30,0.10794403333333333,0.10417299999999999,0.12932119999999997,0.1307914,0.12489549999999999,0.15855834999999996,0.003946104,7602.435212047123
1767,30,0.12137323333333334,0.10876,0.19076695,0.14649249999999997,0.133101,0.21659019999999998,0.004418454,6789.705177421786
1768,30,0.11068336666666667,0.108066,0.12859404999999996,0.13380896666666667,0.13015100000000002,0.15837504999999996,0.004040715,7424.428597414071
1769,30,0.11542936666666667,0.11022950000000001,0.14072099999999998,0.13994826666666665,0.1331365,0.16881184999999999,0.004222184,7105.327479806659
1770,30,0.10704223333333333,0.1023545,0.12370019999999998,0.13042353333333334,0.1243625,0.15259339999999996,0.00393498,7623.92693228428
1771,30,0.10698986666666668,0.1035805,0.12218464999999996,0.12956566666666666,0.125222,0.14817289999999994,0.003909105,7674.390941148932
1772,30,0.10768346666666666,0.103838,0.12690559999999998,0.13078256666666668,0.1255895,0.15603414999999995,0.003947486,7599.773628076198
1773,30,0.10839706666666668,0.10237,0.1439017999999999,0.13193356666666667,0.1235845,0.17995064999999988,0.003982545,7532.871568306196
1774,30,0.10996526666666666,0.1041125,0.14122634999999992,0.13332286666666665,0.12623849999999998,0.1772861999999999,0.004024819,7453.7513363955
1775,30,0.10896893333333334,0.1035755,0.13123345,0.13293653333333333,0.1261625,0.15968405,0.004012442,7476.74358906621
1776,30,0.10592896666666668,0.102719,0.11987139999999998,0.1285785333333333,0.1244765,0.14744599999999997,0.003880436,7731.090011534786
1777,30,0.10730913333333333,0.1033435,0.12335564999999998,0.13069703333333335,0.125619,0.15257944999999998,0.003944888,7604.7786401033445
1778,30,0.10858423333333332,0.1043345,0.12406959999999997,0.1323233,0.126925,0.15331439999999996,0.00399401,7511.248094020796
1779,30,0.11033453333333335,0.10693449999999999,0.13832559999999997,0.13433280000000003,0.12972,0.16909894999999994,0.004055172,7397.95993856734
1780,30,0.10919453333333333,0.1045275,0.12487344999999997,0.13271776666666668,0.126183,0.15492269999999997,0.004005558,7489.593210234379
1781,30,0.11066063333333331,0.1061005,0.14120889999999994,0.13440993333333334,0.12889,0.16774564999999997,0.004056839,7394.920035032202
1782,30,0.10816106666666667,0.1047945,0.12412869999999997,0.13110433333333332,0.1260595,0.15436829999999996,0.00395676,7581.960998392624
1783,30,0.10663243333333332,0.102667,0.12373774999999997,0.12920050000000002,0.12365100000000001,0.15266149999999995,0.003898375,7695.514156539584
1784,30,0.10686016666666667,0.1037185,0.12246439999999997,0.12974596666666666,0.12493299999999999,0.15040494999999998,0.003914513,7663.7885734445135
1785,30,0.13182213333333334,0.1049635,0.25779955,0.16028240000000002,0.127564,0.31273779999999995,0.004838167,6200.695428661309
1786,30,0.1074383,0.104076,0.1249328,0.1300836,0.125719,0.15366364999999998,0.003924516,7644.254731029252
1787,30,0.10680449999999998,0.1050365,0.1169589,0.12976136666666668,0.126542,0.14503055,0.003914755,7663.314817913254
1788,30,0.10816756666666666,0.1046935,0.12790515,0.1315103333333333,0.1269065,0.15974524999999998,0.003967678,7561.097447927983
1789,30,0.11050503333333331,0.10491400000000001,0.13681424999999997,0.134215,0.126731,0.1632276,0.004049656,7408.036633235021
1790,30,0.10668373333333332,0.1016955,0.12275784999999996,0.12967333333333333,0.12381400000000001,0.15210219999999997,0.003912287,7668.149090289132
1791,30,0.10886210000000002,0.10466800000000001,0.12436939999999998,0.13228976666666667,0.1268665,0.15344384999999996,0.003991164,7516.604178630595
1792,30,0.10901536666666664,0.104933,0.12507415,0.1328845,0.1279705,0.15308439999999995,0.004008976,7483.207681961678
1793,30,0.11309483333333331,0.109879,0.1413403,0.13724416666666667,0.1344725,0.16939094999999998,0.004140684,7245.179781891107
1794,30,0.10458766666666666,0.1022465,0.12047644999999997,0.12659100000000004,0.12372,0.14596874999999995,0.003819587,7854.2523052885035
1795,30,0.10668856666666666,0.10341449999999999,0.11905209999999997,0.12960106666666668,0.126312,0.14579734999999996,0.003914319,7664.1684032394905
1796,30,0.1087148,0.105579,0.12688249999999998,0.13171766666666668,0.127174,0.15482544999999995,0.003973886,7549.285510455005
1797,30,0.11704336666666665,0.10531499999999999,0.1798495499999999,0.14118673333333334,0.1277145,0.21973144999999994,0.004258671,7044.451191463252
1798,30,0.10811063333333333,0.10206950000000001,0.1335381499999999,0.13067413333333336,0.12312400000000001,0.1629062499999999,0.003942343,7609.687944453336
1799,30,0.10724043333333334,0.103298,0.12759549999999997,0.13010406666666666,0.12540800000000002,0.15705869999999994,0.003925402,7642.529351133973
1800,30,0.1057666,0.102498,0.12121139999999997,0.12821823333333332,0.1236295,0.14863739999999995,0.00386823,7755.485066813504
1801,30,0.1066562,0.10226850000000001,0.12444189999999997,0.12933963333333334,0.1240575,0.15374129999999997,0.003902169,7688.031963761692
1802,30,0.10724869999999999,0.1032225,0.12492969999999998,0.1302836,0.124238,0.15399419999999997,0.003933699,7626.409646493034
1803,30,0.16256446666666666,0.128913,0.3069488,0.1956219,0.15742250000000002,0.3708954,0.005897865,5086.586417288289
1804,30,0.10290683333333334,0.099995,0.11583554999999997,0.12403840000000002,0.1205795,0.14204834999999996,0.003742579,8015.862858205532
1805,30,0.13241793333333335,0.105215,0.19912615,0.1545237666666667,0.128359,0.2188165,0.004657565,6441.133940159719
1806,30,0.11288190000000002,0.104786,0.17709054999999993,0.13518906666666666,0.1250445,0.2109951,0.004078444,7355.746456246549
1807,30,0.10813110000000001,0.10101,0.1449578999999999,0.12994883333333332,0.121394,0.17887929999999985,0.003920517,7652.052012527939
1808,30,0.11173643333333333,0.101212,0.1367871499999999,0.13323883333333333,0.121679,0.16890014999999992,0.004022386,7458.259848756435
1809,30,0.10762776666666667,0.1026325,0.13277794999999992,0.1307894,0.12317,0.1708957999999999,0.00394646,7601.749415932254
1810,30,0.11122993333333334,0.1029885,0.15468099999999999,0.13520333333333337,0.12414800000000001,0.19629519999999998,0.004079664,7353.546762674573
1811,30,0.10639106666666666,0.100854,0.13641834999999988,0.12860216666666668,0.1213935,0.16498879999999988,0.003879761,7732.435064943434
1812,30,0.11492603333333333,0.1047445,0.18158424999999997,0.13983493333333336,0.1262685,0.23171755,0.004218456,7111.606711081022
1813,30,0.13033056666666665,0.12320049999999999,0.1929149,0.15390320000000005,0.1464745,0.2158555,0.004641226,6463.809346926868
1814,30,0.12268809999999998,0.114517,0.1748465999999999,0.14862893333333332,0.1379425,0.2169790499999999,0.004485497,6688.222063240707
1815,30,0.12113120000000001,0.11755850000000001,0.14079009999999995,0.1466396,0.1419665,0.16707144999999998,0.004425086,6779.529256606538
1816,30,0.11566026666666666,0.109658,0.15332369999999992,0.13978403333333336,0.1344825,0.1883632499999999,0.004218213,7112.01639177538
1817,30,0.10746379999999998,0.1063425,0.12033519999999998,0.13026486666666667,0.127969,0.14749524999999994,0.003931096,7631.459521721168
1818,30,0.10876403333333334,0.1023665,0.13497474999999998,0.1318386,0.1228145,0.16541039999999996,0.003979684,7538.286959467134
1819,30,0.10549936666666665,0.10185949999999999,0.12324464999999998,0.1277366,0.122663,0.15364569999999997,0.003856032,7780.018423083626
1820,30,0.11260383333333333,0.10221,0.18297859999999994,0.13611310000000001,0.1258105,0.2137983,0.004110783,7297.879746997105
1821,30,0.11213206666666667,0.10070899999999999,0.18137774999999998,0.13480516666666667,0.1224665,0.20664989999999997,0.004067692,7375.189665294225
1822,30,0.10510499999999999,0.1003265,0.12468044999999998,0.12763103333333334,0.12062,0.15352619999999997,0.003855367,7781.360373733551
1823,30,0.10195923333333333,0.09902050000000001,0.1116581,0.12383606666666667,0.119834,0.13810314999999998,0.003737278,8027.232654354319
1824,30,0.1027153333333333,0.099619,0.11290009999999998,0.12457720000000001,0.120054,0.13985789999999998,0.003758971,7980.907540920109
1825,30,0.10389233333333332,0.10009799999999999,0.12281749999999997,0.12585476666666667,0.1209925,0.15046549999999995,0.00379814,7898.603000415993
1826,30,0.11110063333333334,0.102823,0.15409309999999998,0.13535843333333333,0.125519,0.19175065,0.004084249,7345.291631337855
1827,30,0.10373023333333332,0.10153999999999999,0.11286914999999999,0.12576473333333332,0.1218315,0.13875525,0.003794831,7905.490389427092
1828,30,0.10550780000000003,0.1012885,0.12137914999999996,0.12802033333333332,0.12202199999999999,0.14941624999999994,0.003862638,7766.712800940704
1829,30,0.1126302,0.10389899999999999,0.14776565,0.1367919333333333,0.1260925,0.18272635,0.004126603,7269.902144693831
1830,30,0.10549263333333332,0.1011515,0.12136994999999998,0.1277751,0.122059,0.14987129999999999,0.00385473,7782.646255379755
1831,30,0.1039838,0.0997575,0.11983499999999997,0.1259732,0.12018899999999999,0.14724354999999997,0.003800706,7893.270355560257
1832,30,0.1016545,0.099251,0.11034305,0.12281000000000002,0.11999850000000001,0.13493109999999997,0.003705151,8096.835999396516
1833,30,0.10412253333333334,0.101487,0.11788709999999998,0.12561013333333335,0.12178649999999999,0.14380199999999999,0.003789489,7916.634670268208
1834,30,0.13211746666666666,0.107566,0.24263649999999995,0.15940170000000004,0.129277,0.2919551999999999,0.004806965,6240.9441300279905
1835,30,0.10406040000000001,0.1000635,0.12071814999999998,0.1258249,0.1201735,0.14799329999999997,0.003795686,7903.709632461695
1836,30,0.10394149999999998,0.100379,0.12360024999999997,0.1254408,0.1202875,0.14985349999999997,0.003784561,7926.943177821681
1837,30,0.10585463333333335,0.10095799999999999,0.12517005,0.1273714333333333,0.12083350000000001,0.15074049999999997,0.003846345,7799.612359265744
1838,30,0.10386606666666666,0.099686,0.12142719999999997,0.12541793333333334,0.119427,0.14854114999999996,0.003783705,7928.736516192462
1839,30,0.10405219999999998,0.09927,0.11748569999999997,0.12548800000000002,0.11948349999999999,0.14407209999999995,0.003785856,7924.231666497616
1840,30,0.11068636666666667,0.108147,0.12086124999999998,0.1338491,0.1315285,0.14764554999999996,0.004038132,7429.177649467625
1841,30,0.1065376,0.1009805,0.13679885,0.12870726666666663,0.1212285,0.16507775,0.00388283,7726.323326027666
1842,30,0.10524806666666665,0.10180449999999999,0.11784419999999997,0.12684546666666666,0.1218515,0.14417569999999996,0.003826555,7839.95003338512
1843,30,0.10453846666666666,0.1016745,0.12114459999999998,0.12618773333333333,0.1222155,0.14681319999999995,0.003806946,7880.332423942972
1844,30,0.10366593333333332,0.0997055,0.12042444999999997,0.125091,0.1202195,0.14705634999999997,0.003773726,7949.702760613781
1845,30,0.10537926666666667,0.10264000000000001,0.12535279999999996,0.12627426666666666,0.1226515,0.14935809999999997,0.003809192,7875.685972248183
1846,30,0.10423226666666668,0.1004915,0.12117934999999996,0.12546086666666667,0.1202135,0.14769544999999995,0.00378478,7926.484498438482
1847,30,0.10516863333333333,0.1021325,0.11888819999999997,0.12707486666666667,0.12233150000000001,0.14600234999999995,0.003833252,7826.253009194282
1848,30,0.1028328,0.10014999999999999,0.11668369999999997,0.12391056666666665,0.1205055,0.14137879999999997,0.003738489,8024.632411650804
1849,30,0.1045061,0.101788,0.11883719999999998,0.1259478,0.1216155,0.14561569999999996,0.003799933,7894.876041235464
1850,30,0.10495353333333335,0.1013675,0.12128509999999997,0.12678093333333335,0.1219755,0.14829699999999996,0.003824199,7844.780044134733
1851,30,0.10474453333333332,0.1007895,0.12242869999999996,0.12643836666666666,0.12126300000000001,0.14938764999999996,0.003814348,7865.040106461183
1852,30,0.10420486666666667,0.10077649999999999,0.11911639999999998,0.12600043333333333,0.1220125,0.14469544999999998,0.003801028,7892.601685649251
1853,30,0.11561203333333332,0.1027335,0.1790326,0.13642906666666665,0.1229545,0.19888534999999996,0.004113771,7292.578998685149
1854,30,0.11353746666666667,0.10294400000000001,0.18644949999999996,0.13500546666666666,0.1228145,0.21267959999999997,0.004075163,7361.668723435112
1855,30,0.10427773333333334,0.1002705,0.12134659999999996,0.12607816666666669,0.12102550000000001,0.14839984999999994,0.003803804,7886.841698468165
1856,30,0.10445773333333333,0.10027900000000001,0.12359224999999997,0.12626639999999997,0.121516,0.15082974999999996,0.003809624,7874.792892946915
1857,30,0.10515873333333335,0.10178899999999999,0.11961999999999996,0.12698403333333333,0.122552,0.14656899999999995,0.003831458,7829.917488329508
1858,30,0.10606183333333336,0.102082,0.12178944999999995,0.12827603333333334,0.123175,0.14907189999999995,0.003871536,7748.862466989845
1859,30,0.11522833333333334,0.1007065,0.1806758,0.1370768,0.1210845,0.20674674999999998,0.004134823,7255.4496286781805
1860,30,0.10144986666666665,0.099428,0.11168999999999998,0.12239016666666665,0.1193515,0.13705209999999998,0.003694143,8120.963373643089
1861,30,0.1054518,0.1011285,0.12346435,0.12746963333333333,0.121703,0.14869099999999996,0.003847404,7797.465511810041
1862,30,0.10461083333333332,0.100544,0.11971699999999998,0.12634279999999998,0.12073800000000001,0.14734779999999995,0.003812973,7867.8763264256
1863,30,0.10476373333333333,0.101909,0.11927069999999998,0.1264209,0.1225935,0.14664194999999997,0.003815699,7862.255382303478
1864,30,0.10496596666666667,0.1009685,0.11849419999999997,0.12688326666666666,0.1211875,0.14557134999999996,0.003829992,7832.9145335029425
1865,30,0.10891910000000002,0.1061015,0.12954595,0.13146586666666665,0.12814399999999998,0.15205045,0.003967039,7562.3153692212245
1866,30,0.10550816666666668,0.100761,0.12075544999999999,0.1275272,0.121836,0.14680444999999998,0.003848546,7795.151727431607
1867,30,0.10455636666666665,0.1020715,0.11650399999999998,0.12640673333333333,0.1235855,0.14247174999999998,0.003814221,7865.3019843370375
1868,30,0.10388549999999998,0.100133,0.12028004999999999,0.12571269999999998,0.12020800000000001,0.14775714999999998,0.003793427,7908.416321178713
1869,30,0.10086443333333334,0.09889200000000001,0.10930299999999998,0.12212826666666668,0.11875250000000001,0.13443465000000002,0.003684735,8141.698113975632
1870,30,0.11658710000000003,0.1014,0.17672824999999998,0.13860846666666668,0.1225685,0.20207375,0.004179467,7177.94876715141
1871,30,0.10418129999999999,0.09900600000000001,0.12417919999999999,0.12567843333333334,0.11929100000000001,0.14817209999999997,0.003794875,7905.398728548371
1872,30,0.10345426666666666,0.0996345,0.11906139999999997,0.12466010000000001,0.119619,0.14581204999999994,0.003761282,7976.003926320866
1873,30,0.10508366666666666,0.100769,0.11909914999999997,0.12664076666666665,0.121051,0.14533029999999997,0.003820384,7852.6137686682805
1874,30,0.10306626666666667,0.09998850000000001,0.114401,0.12461159999999999,0.120118,0.14021994999999998,0.003759701,7979.357932984565
1875,30,0.10494973333333332,0.1009575,0.12000554999999997,0.1269609,0.1214095,0.14753774999999997,0.003830418,7832.043395786048
1876,30,0.10155096666666666,0.0991505,0.11280245,0.12264553333333333,0.1189225,0.13876005,0.00370039,8107.253559759917
1877,30,0.10132093333333334,0.0991885,0.10868404999999999,0.12267573333333333,0.119057,0.13324175,0.0037017,8104.384471999351
1878,30,0.11277940000000002,0.105726,0.16704205,0.13526796666666666,0.12617450000000002,0.18749575,0.004079507,7353.8297642337675
1879,30,0.10396993333333333,0.099144,0.12081024999999997,0.12548793333333333,0.1194635,0.14820609999999995,0.003786062,7923.80050828539
1880,30,0.10346696666666667,0.09910450000000001,0.11874489999999996,0.1251299333333333,0.120891,0.14471084999999995,0.00377505,7946.914610402511
1881,30,0.10365306666666668,0.099634,0.11841104999999998,0.12526363333333332,0.11994250000000001,0.14438259999999994,0.003779132,7938.330812472282
1882,30,0.10529186666666668,0.1007275,0.1257709,0.12767363333333334,0.1211985,0.15857885,0.003851454,7789.2660797714325
1883,30,0.12889993333333333,0.1094555,0.19264379999999998,0.1508975333333333,0.1341275,0.21335289999999996,0.004548265,6595.921741587176
1884,30,0.11318256666666665,0.10621,0.15864989999999995,0.1376554,0.1280615,0.18810194999999993,0.004153906,7222.1181702234
1885,30,0.10597233333333331,0.1018555,0.12393914999999997,0.1289148,0.1241545,0.15170364999999997,0.003890187,7711.711544972003
1886,30,0.109552,0.10444049999999999,0.1418986499999999,0.13249653333333333,0.125782,0.16654999999999995,0.003997283,7505.097837706262
1887,30,0.10547426666666666,0.1019545,0.12156129999999997,0.12746663333333333,0.1222665,0.14901339999999996,0.0038458,7800.717666025274
1888,30,0.10549326666666667,0.10148099999999999,0.12259434999999998,0.1276343,0.122794,0.15061419999999995,0.003854564,7782.981421504482
1889,30,0.11839033333333335,0.1096265,0.16554204999999997,0.14364033333333331,0.13291150000000002,0.21947369999999994,0.00433364,6922.587016918803
1890,30,0.11620139999999998,0.114294,0.15008779999999997,0.140798,0.1381995,0.18611549999999993,0.00424833,7061.598322164239
1891,30,0.10567016666666665,0.1033385,0.11871159999999997,0.12791433333333335,0.12450699999999999,0.14513909999999997,0.003859207,7773.617740639464
1892,30,0.11366886666666667,0.107797,0.13317349999999997,0.13722666666666666,0.12947999999999998,0.16192334999999997,0.004140318,7245.820248589602
1893,30,0.10905576666666669,0.10239300000000001,0.13252584999999997,0.13218749999999999,0.123742,0.16264539999999994,0.003988312,7521.979223290455
1894,30,0.10887876666666667,0.106661,0.12105679999999998,0.1319660666666667,0.12895600000000002,0.14794644999999995,0.003983588,7530.899279744794
1895,30,0.10641583333333333,0.102121,0.12830104999999997,0.12863613333333332,0.1229335,0.15301214999999999,0.003881015,7729.9366274028835
1896,30,0.10526586666666665,0.10277349999999999,0.11629614999999997,0.12696949999999999,0.123184,0.14147779999999996,0.003830654,7831.560877072166
1897,30,0.1053252,0.1024665,0.11944214999999997,0.12701703333333333,0.123055,0.14591004999999996,0.003831566,7829.696787162221
1898,30,0.1051679,0.10207250000000001,0.11844119999999998,0.12723716666666665,0.123348,0.14384489999999994,0.003838618,7815.312698476379
1899,30,0.1027602,0.1001515,0.11440469999999997,0.12407993333333332,0.1210505,0.13922569999999995,0.003744027,8012.762728473913
1900,30,0.13460660000000002,0.11172699999999999,0.23756019999999997,0.164849,0.13553749999999998,0.28457375,0.004972662,6032.985954002102
1901,30,0.11197483333333333,0.1032605,0.15678109999999998,0.13614653333333332,0.1255475,0.20060559999999997,0.004109039,7300.977187123315
1902,30,0.13668909999999998,0.1089755,0.23106235,0.16704753333333333,0.13311099999999998,0.27776025,0.005039916,5952.480160383625
1903,30,0.117933,0.116494,0.14052615000000002,0.14289446666666666,0.1396005,0.16731295,0.004312441,6956.616913715457
1904,30,0.15962219999999996,0.156032,0.17927475,0.19252253333333333,0.18750899999999998,0.2155374,0.005810159,5163.369883681325
1905,30,0.12506686666666667,0.11951300000000001,0.17481574999999996,0.15117146666666667,0.144227,0.2035554,0.004566818,6569.12537350952
1906,30,0.11146309999999998,0.108403,0.13695244999999995,0.13628083333333332,0.1303205,0.16722939999999997,0.004115181,7290.080314814829
1907,30,0.16196836666666667,0.1611245,0.18217989999999998,0.19646236666666664,0.1935175,0.2244956,0.005928429,5060.362534492696
1908,30,0.1207187,0.1133635,0.15673269999999997,0.1464798,0.13641550000000002,0.19348999999999994,0.004420791,6786.115878357516
1909,30,0.1150769,0.1062495,0.17431659999999996,0.13972996666666668,0.127401,0.21645699999999993,0.004216254,7115.320851163142
1910,30,0.10457223333333335,0.1009505,0.12341069999999998,0.12592243333333333,0.12119150000000001,0.14788384999999998,0.003798953,7896.912649353651
1911,30,0.104183,0.100992,0.11307874999999999,0.12604359999999998,0.1217135,0.1382628,0.003803037,7888.432323955828
1912,30,0.1112941,0.10977300000000001,0.12580034999999998,0.13480126666666667,0.132574,0.15635529999999997,0.004066902,7376.622303660133
1913,30,0.10400769999999998,0.0996205,0.11678249999999997,0.12610733333333335,0.1207495,0.14360034999999996,0.003804441,7885.521158036096
1914,30,0.11060350000000002,0.1018395,0.15813305,0.13465950000000002,0.12364349999999999,0.19497184999999997,0.004063987,7381.9133771835395
1915,30,0.10560706666666667,0.10271,0.11988954999999997,0.12803153333333334,0.1234495,0.14669009999999996,0.003863913,7764.149969215146
1916,30,0.10567466666666667,0.100793,0.11970809999999998,0.1278765,0.1226565,0.14705974999999996,0.003858851,7774.3348991707635
1917,30,0.11900229999999999,0.1043415,0.19408584999999998,0.1452724,0.12599100000000002,0.2551488999999999,0.004382701,6845.09392723802
1918,30,0.10456356666666664,0.1020845,0.11733634999999998,0.12624230000000003,0.1219635,0.14427234999999997,0.003808967,7876.151197949471
1919,30,0.10562136666666669,0.1014615,0.12064884999999997,0.12789256666666665,0.122962,0.14856319999999995,0.003858473,7775.096521344066
1920,30,0.10296723333333334,0.1005345,0.11643884999999997,0.12444736666666668,0.120856,0.14327159999999997,0.003755121,7989.090098561404
1921,30,0.10548143333333333,0.10216,0.12181909999999999,0.1277856,0.1236545,0.14989254999999996,0.003855609,7780.871971198325
1922,30,0.11258549999999999,0.10507649999999999,0.1634302,0.13663223333333332,0.1262595,0.20292479999999996,0.004125872,7271.19018718952
1923,30,0.10644986666666666,0.10352149999999999,0.12160029999999998,0.12855293333333337,0.124218,0.14915659999999997,0.00387873,7734.490413099133
1924,30,0.10474796666666668,0.1008925,0.12035249999999997,0.12706853333333334,0.1227495,0.14758729999999995,0.003834393,7823.924151749703
1925,30,0.10669963333333334,0.10346949999999999,0.12688304999999997,0.12914183333333332,0.12569049999999998,0.15088600000000002,0.003896416,7699.383228074209
1926,30,0.10587766666666668,0.10277,0.1240589,0.12771253333333335,0.12356049999999999,0.1514083,0.003853408,7785.31627068818
1927,30,0.10479416666666669,0.100463,0.12318669999999998,0.12711173333333334,0.121753,0.15084879999999998,0.003835477,7821.712918627853
1928,30,0.10518676666666665,0.101802,0.12144135,0.1270887,0.122815,0.14833965,0.003834323,7824.066986531911
1929,30,0.10354706666666666,0.0997425,0.11579579999999999,0.1252246,0.11970349999999999,0.14203819999999998,0.003778046,7940.612687087451
1930,30,0.10280340000000002,0.1015485,0.11111315,0.12460266666666667,0.121666,0.1371953,0.003759538,7979.703889148081
1931,30,0.11026819999999997,0.100654,0.1717539999999999,0.13397523333333333,0.1213265,0.21905474999999988,0.004041993,7422.081136706571
1932,30,0.10541863333333333,0.1006585,0.12430719999999996,0.127528,0.1217885,0.15259409999999995,0.003847594,7797.080461192111
1933,30,0.1054502,0.100115,0.12944245000000001,0.12747683333333332,0.121092,0.15468239999999997,0.003846216,7799.873954036902
1934,30,0.10463020000000002,0.1011865,0.12369779999999996,0.12651746666666666,0.1218095,0.15130074999999996,0.003817095,7859.37997351389
1935,30,0.10565026666666667,0.1015655,0.12146919999999996,0.12777193333333334,0.122037,0.14863779999999996,0.003854617,7782.874407496257
1936,30,0.10891573333333332,0.106604,0.12054019999999997,0.1322087,0.128591,0.15063219999999994,0.003988558,7521.515294499917
1937,30,0.12960306666666666,0.1030525,0.22958084999999995,0.15363773333333333,0.126578,0.25848239999999995,0.004631593,6477.253074698057
1938,30,0.10296566666666668,0.100606,0.11436919999999999,0.12470306666666668,0.121194,0.14042899999999997,0.003763379,7971.559601092529
1939,30,0.11281683333333332,0.10454,0.16176689999999994,0.13704433333333332,0.1253015,0.19919884999999993,0.004138647,7248.7457857604195
1940,30,0.10432556666666667,0.101411,0.11908314999999997,0.1260623,0.1221325,0.14563594999999996,0.003803914,7886.613630066296
1941,30,0.17133056666666666,0.105077,0.4904666999999998,0.20461703333333334,0.1275905,0.5724693999999998,0.006168406,4863.493096920014
1942,30,0.10719393333333332,0.101748,0.1383641,0.12965780000000002,0.121813,0.17231599999999994,0.003911558,7669.578208989871
1943,30,0.10527066666666667,0.101514,0.12157224999999998,0.12728529999999996,0.122664,0.14873889999999995,0.003840114,7812.268073291574
1944,30,0.10661199999999997,0.102802,0.11959679999999999,0.12885699999999997,0.1242855,0.14615944999999997,0.003887606,7716.831386719745
1945,30,0.10499483333333333,0.1014775,0.12360609999999998,0.12700126666666667,0.1227645,0.15121554999999998,0.003833048,7826.669532966976
1946,30,0.1032727,0.099794,0.11344869999999999,0.12470166666666668,0.119717,0.1391617,0.003765083,7967.951835324746
1947,30,0.11360753333333334,0.10586799999999999,0.16216314999999998,0.13877466666666666,0.1276415,0.20803734999999995,0.00418801,7163.306677873263
1948,30,0.10805033333333336,0.105181,0.12167939999999998,0.1313075333333333,0.12679600000000002,0.15098599999999998,0.003963922,7568.261938554795
1949,30,0.10639956666666665,0.10238050000000001,0.12206289999999997,0.12900489999999995,0.123885,0.15016699999999994,0.003893763,7704.62917234562
1950,30,0.10626610000000002,0.1017335,0.12364949999999997,0.1288286,0.1225665,0.15183694999999994,0.003888146,7715.759644828152
1951,30,0.10575183333333334,0.10211400000000001,0.12065769999999998,0.1282245,0.1236315,0.14871444999999997,0.003870178,7751.581451809193
1952,30,0.10489696666666666,0.101128,0.11847059999999998,0.12711143333333336,0.12187600000000001,0.14483444999999995,0.003835877,7820.897281117199
1953,30,0.10211890000000001,0.09979550000000001,0.11321074999999997,0.12349493333333335,0.1205045,0.14065019999999995,0.003726413,8050.637436054458
1954,30,0.10530386666666666,0.1009905,0.12215544999999997,0.12740073333333332,0.1220165,0.14937084999999994,0.003844157,7804.051707565534
1955,30,0.11074273333333332,0.1018875,0.17641924999999997,0.1349087,0.1234595,0.21995059999999994,0.004070908,7369.363296836971
1956,30,0.10506773333333334,0.10181699999999999,0.11991914999999997,0.12717533333333333,0.12184149999999999,0.14815124999999998,0.003840555,7811.371012783309
1957,30,0.10612093333333333,0.1027645,0.11927424999999997,0.1282587,0.123626,0.14672934999999995,0.00386974,7752.458821522893
1958,30,0.10491490000000002,0.101382,0.12085749999999996,0.12723246666666668,0.122344,0.14901794999999995,0.00383881,7814.921811707274
1959,30,0.10514616666666667,0.1006345,0.12119609999999999,0.1270638,0.121238,0.14822104999999997,0.003833861,7825.009826908175
1960,30,0.109963,0.10687350000000001,0.12719884999999997,0.13368433333333335,0.130247,0.15491185,0.004033261,7438.149923845742
1961,30,0.10580856666666667,0.102562,0.12230604999999994,0.12827496666666666,0.123215,0.15320554999999994,0.003869711,7752.516919222133
1962,30,0.10515296666666667,0.102326,0.11996724999999997,0.12667496666666667,0.123234,0.14630164999999995,0.003821762,7849.782377866544
1963,30,0.1120809,0.1025735,0.16250639999999997,0.13641700000000004,0.1244725,0.19823815,0.00411538,7289.727801563889
1964,30,0.10468236666666667,0.1010495,0.11938229999999998,0.12627043333333332,0.12179999999999999,0.14477254999999997,0.003809615,7874.811496699797
1965,30,0.1048793,0.1013435,0.11814919999999997,0.12676956666666667,0.1217855,0.14428039999999995,0.003825302,7842.518054783648
1966,30,0.10632156666666664,0.1008565,0.12412549999999996,0.12852193333333334,0.121302,0.15685899999999992,0.003877223,7737.496656756653
1967,30,0.10239486666666667,0.10152,0.1083905,0.12390729999999998,0.122306,0.13282509999999997,0.003738476,8024.660316128818
1968,30,0.10335536666666667,0.0998555,0.11343924999999998,0.12486413333333335,0.120399,0.13784504999999994,0.003767318,7963.224766266081
1969,30,0.10363023333333334,0.1010055,0.11503839999999997,0.12528749999999997,0.121276,0.14071014999999998,0.003780057,7936.38826081194
1970,30,0.10589066666666663,0.10186200000000001,0.12039089999999997,0.1282047,0.122322,0.14790734999999994,0.003867998,7755.950235755034
1971,30,0.11393020000000001,0.106716,0.16029999999999994,0.13800443333333332,0.128067,0.19020645,0.004163377,7205.689035607393
1972,30,0.10471326666666667,0.1026165,0.11896339999999997,0.12638606666666666,0.1231765,0.14617319999999995,0.00381312,7867.573011077542
1973,30,0.1030856,0.101106,0.1089992,0.12528633333333333,0.1223485,0.1357478,0.003783138,7929.924840172364
1974,30,0.12561063333333333,0.1042485,0.19990745,0.14748356666666665,0.125468,0.2205133,0.004446087,6747.5062903627395
1975,30,0.1046393,0.10128699999999999,0.12084824999999999,0.1266377,0.12223149999999999,0.14869549999999998,0.00382078,7851.799894262428
1976,30,0.10410699999999999,0.101995,0.11489759999999999,0.12590369999999998,0.1230705,0.14105849999999998,0.003798444,7897.970853328363
1977,30,0.10295760000000001,0.100102,0.11237584999999997,0.1247176,0.1203505,0.13942214999999997,0.003762833,7972.716301786446
1978,30,0.1058428,0.100913,0.12079964999999998,0.12824986666666666,0.12203549999999999,0.14881674999999997,0.003869129,7753.683064069459
1979,30,0.1125283,0.1053085,0.15665085,0.13712960000000002,0.1277985,0.19652854999999997,0.004137197,7251.286317765386
1980,30,0.10353240000000001,0.1008135,0.11469959999999998,0.12536573333333334,0.122562,0.14038909999999996,0.003782723,7930.79482690115
1981,30,0.10404440000000001,0.10075999999999999,0.11667034999999996,0.12594116666666666,0.1211605,0.14368429999999996,0.003799734,7895.28951237113
1982,30,0.1044884,0.1027675,0.11488034999999999,0.1260618,0.1228615,0.14138879999999998,0.003802882,7888.753845110104
1983,30,0.10421303333333334,0.1022905,0.11696574999999997,0.1258498,0.12314649999999999,0.14249439999999994,0.0037969,7901.182543654033
1984,30,0.10711506666666668,0.104322,0.12148999999999999,0.12958223333333332,0.125398,0.14825294999999997,0.003909709,7673.20534597332
1985,30,0.10935560000000001,0.10578699999999999,0.1310438,0.13205643333333333,0.12802249999999998,0.15811999999999998,0.003984129,7529.876668150052
1986,30,0.10579886666666666,0.10184750000000001,0.12052754999999997,0.12792409999999999,0.12228649999999999,0.14847324999999997,0.003859722,7772.580512275236
1987,30,0.10491416666666667,0.10057250000000001,0.12133349999999998,0.12731589999999998,0.122277,0.14908099999999996,0.003845974,7800.364745055479
1988,30,0.10938136666666667,0.1011575,0.1482472499999999,0.1337499,0.123664,0.18760794999999988,0.004035939,7433.214426679889
1989,30,0.10225343333333337,0.0997005,0.11590209999999997,0.12384956666666666,0.12046,0.14147614999999994,0.003738277,8025.087493516398
1990,30,0.10529129999999999,0.10281850000000001,0.12117784999999998,0.127592,0.123643,0.14940519999999996,0.003853743,7784.639505021481
1991,30,0.10586653333333332,0.101565,0.12295239999999996,0.12841143333333332,0.12337500000000001,0.15014119999999995,0.003876306,7739.327080988963
1992,30,0.10470929999999998,0.100358,0.11988164999999996,0.12679436666666669,0.1206005,0.15024499999999993,0.003826335,7840.400801288962
1993,30,0.10418140000000002,0.1003125,0.12078239999999997,0.12634359999999997,0.1214495,0.14705749999999992,0.003812668,7868.5057287967375
1994,30,0.10269613333333334,0.099907,0.11706499999999999,0.12463453333333334,0.12056149999999999,0.14421404999999998,0.003761733,7975.0476708474525
1995,30,0.10474910000000003,0.101318,0.12390244999999996,0.12688406666666668,0.12240999999999999,0.15137974999999995,0.003829141,7834.65534437097
1996,30,0.12748446666666668,0.1094205,0.20442534999999987,0.15551786666666667,0.1328705,0.25702689999999995,0.004693062,6392.41501603857
1997,30,0.10555799999999999,0.10123299999999999,0.11982264999999996,0.12844636666666667,0.1221395,0.15189974999999997,0.00387709,7737.762084449935
1998,30,0.10726913333333334,0.1023115,0.12586854999999997,0.1300909,0.1238245,0.15446554999999995,0.003926227,7640.923461633777
1999,30,0.13020263333333335,0.107754,0.20328619999999992,0.15779913333333334,0.129374,0.24782504999999994,0.004759994,6302.528952767588
2000,30,0.11382376666666666,0.105134,0.15660304999999997,0.13762693333333334,0.12574200000000002,0.2002831,0.004152041,7225.3621773002715
2001,30,0.10587006666666669,0.10181699999999999,0.12310985,0.1276298666666667,0.123597,0.14872789999999997,0.003850892,7790.402846924817
2002,30,0.1055206,0.102172,0.12112239999999998,0.12743533333333332,0.122285,0.14621969999999995,0.003844708,7802.933278678121
2003,30,0.10250593333333333,0.1009675,0.1108151,0.12367520000000001,0.1211825,0.1362914,0.003730924,8040.903540249011
2004,30,0.10649066666666666,0.1013975,0.12321789999999998,0.1288987666666667,0.122021,0.15106429999999998,0.003888145,7715.761629260226
2005,30,0.10405193333333333,0.10012650000000001,0.11901124999999997,0.12580643333333333,0.121038,0.14530329999999994,0.003795805,7903.461848013794
2006,30,0.10510953333333335,0.1014545,0.12029024999999997,0.12679400000000002,0.12289449999999999,0.14720229999999995,0.003825358,7842.403246964075
2007,30,0.10601706666666667,0.1034385,0.11865149999999997,0.12793106666666665,0.1239565,0.14536654999999996,0.00386299,7766.005089322001
2008,30,0.1043592,0.10101750000000001,0.12079489999999998,0.12598463333333335,0.12110599999999999,0.14835114999999996,0.003800869,7892.931853215672
2009,30,0.111458,0.1087795,0.13270319999999997,0.13505496666666666,0.13137700000000002,0.16232759999999996,0.004074862,7362.212511736593
2010,30,0.10193416666666667,0.099373,0.11205699999999998,0.12360650000000001,0.1193485,0.14791639999999998,0.003728604,8045.906725412514
2011,30,0.10322836666666665,0.099678,0.11392214999999999,0.12449793333333332,0.1194905,0.1393392,0.003755631,7988.0052113746
2012,30,0.1106851,0.10273299999999999,0.13799859999999994,0.13228186666666666,0.123563,0.1707279999999999,0.003990104,7518.601018920809
2013,30,0.11554919999999999,0.101681,0.17679144999999996,0.1413265,0.1220985,0.22935129999999998,0.004266911,7030.847374130841
2014,30,0.10229953333333336,0.10017000000000001,0.11287414999999998,0.12356589999999998,0.119778,0.13808574999999995,0.003728663,8045.77941208417
2015,30,0.10332923333333335,0.1001,0.11403609999999997,0.12463563333333333,0.1202435,0.13852134999999996,0.003760127,7978.453919242622
2016,30,0.10532543333333333,0.10150899999999999,0.12156454999999998,0.1271501,0.1221165,0.14839014999999997,0.00383623,7820.177622301061
2017,30,0.10480189999999999,0.1023235,0.12217444999999996,0.12666076666666665,0.1230045,0.14920759999999997,0.003821402,7850.521876525946
2018,30,0.11992946666666666,0.106873,0.18450904999999998,0.14304236666666664,0.127601,0.2150918,0.004313901,6954.262510892113
2019,30,0.11887986666666667,0.1067705,0.18596549999999998,0.14279223333333338,0.12800050000000002,0.21325214999999997,0.004307625,6964.394532950292
2020,30,0.1059353,0.102608,0.12180624999999996,0.1284213,0.1237425,0.15191164999999998,0.003874762,7742.411017760575
2021,30,0.12266543333333337,0.1220875,0.1393778,0.14878453333333336,0.1468815,0.17296589999999998,0.004488893,6683.162196113831
2022,30,0.11472873333333333,0.110074,0.14422079999999995,0.1390548666666667,0.131973,0.17784964999999994,0.004195321,7150.823500752385
2023,30,0.11423823333333333,0.106456,0.16213369999999996,0.13946209999999998,0.12947799999999998,0.20320444999999995,0.004208059,7129.177608964133
2024,30,0.10475466666666668,0.10249849999999999,0.11745169999999999,0.12724336666666666,0.123524,0.1452066,0.003843102,7806.194058861825
2025,30,0.10244176666666664,0.10019600000000001,0.11099875,0.12407446666666665,0.1208655,0.13728130000000002,0.003743921,8012.989590325224
2026,30,0.11799203333333334,0.1032335,0.17105675,0.13984163333333335,0.123821,0.19349444999999998,0.00421746,7113.286195956808
2027,30,0.11125499999999998,0.10459950000000001,0.16227144999999996,0.13491986666666664,0.125015,0.2009704,0.004070994,7369.207618581605
2028,30,0.10410526666666667,0.100718,0.1298527499999999,0.12509916666666668,0.120812,0.16007574999999988,0.003773623,7949.919745560169
2029,30,0.10452086666666666,0.1008795,0.12197764999999997,0.12643300000000002,0.12206600000000001,0.14954309999999996,0.003815012,7863.67120208272
2030,30,0.10455456666666667,0.1014795,0.12133344999999997,0.12634936666666668,0.1225585,0.14740414999999996,0.00381213,7869.616198817984
2031,30,0.10260266666666666,0.1003535,0.11424049999999998,0.12397900000000002,0.120728,0.14168494999999998,0.003740818,8019.636346916637
2032,30,0.1049608,0.101323,0.12487954999999998,0.12672920000000001,0.1219675,0.15281084999999997,0.003826966,7839.108055833263
2033,30,0.11228783333333331,0.1104435,0.13439019999999996,0.1357132,0.13417600000000002,0.15611119999999998,0.004095266,7325.5314795180575
2034,30,0.10547156666666667,0.101299,0.12341679999999998,0.12736560000000002,0.12189649999999999,0.15064769999999997,0.003843069,7806.26108976966
2035,30,0.10431796666666669,0.101478,0.12077064999999997,0.1269889,0.121948,0.15025719999999998,0.00383259,7827.604831197702
2036,30,0.10258393333333332,0.09981999999999999,0.11214974999999998,0.12469453333333334,0.1208545,0.13951104999999997,0.003763615,7971.059739107214
2037,30,0.10586516666666665,0.101427,0.12110504999999998,0.1283982,0.122154,0.14928564999999996,0.003876002,7739.934086721318
2038,30,0.10470683333333335,0.1017855,0.12083324999999998,0.1270625333333333,0.1220485,0.14837489999999998,0.003835532,7821.600758382409
2039,30,0.10357020000000002,0.10081899999999999,0.11751969999999998,0.12555766666666668,0.1218445,0.14240679999999994,0.00378954,7916.528127424436
2040,30,0.10591933333333332,0.101768,0.12066079999999998,0.1285662,0.122281,0.14864789999999997,0.003881238,7729.492496981633
2041,30,0.10577106666666668,0.103571,0.12071204999999997,0.12782623333333334,0.12426000000000001,0.14858619999999997,0.003860491,7771.032233982672
2042,30,0.10461666666666666,0.101649,0.11939684999999997,0.12692010000000004,0.1229665,0.14669484999999996,0.003830225,7832.438042151571
2043,30,0.10498479999999999,0.101514,0.12322364999999995,0.12717603333333335,0.122229,0.15138359999999995,0.003837939,7816.695366966489
2044,30,0.1016218,0.10095699999999999,0.10752089999999999,0.12331546666666668,0.12107499999999999,0.13333484999999998,0.003720769,8062.849373341908
2045,30,0.10225726666666667,0.1002465,0.11053194999999998,0.12364493333333333,0.1207445,0.13703119999999996,0.00373053,8041.752780436023
2046,30,0.10506479999999999,0.10256699999999999,0.12120529999999997,0.12751713333333334,0.123884,0.1484071,0.003849685,7792.845388648682
2047,30,0.10597456666666669,0.101131,0.12311729999999996,0.12840829999999998,0.1217935,0.15120719999999996,0.0038742,7743.534148985597
2048,30,0.10588523333333333,0.102745,0.12401089999999998,0.12829133333333334,0.123282,0.15019924999999995,0.003870887,7750.1616554551965
2049,30,0.10524839999999998,0.101184,0.12101714999999998,0.1271866333333333,0.121486,0.15062994999999996,0.003837843,7816.890894181966
2050,30,0.10520296666666666,0.1016235,0.12627669999999996,0.1271932,0.12207399999999999,0.1500174,0.003838095,7816.377656102832
2051,30,0.10610026666666666,0.101922,0.12134409999999998,0.12811516666666667,0.1232225,0.14814979999999997,0.003864996,7761.974397903647
2052,30,0.10404503333333331,0.10019049999999999,0.12061364999999998,0.12580073333333336,0.120314,0.14760484999999995,0.003795884,7903.297361036323
2053,30,0.10993946666666667,0.101461,0.15154194999999987,0.13196709999999998,0.12201899999999999,0.18829919999999983,0.00398182,7534.243135048798
2054,30,0.1163731,0.10302549999999999,0.17588255,0.14291326666666665,0.12425,0.23465229999999995,0.004311059,6958.84700255784
2055,30,0.10354003333333334,0.100023,0.11345114999999997,0.1245138666666667,0.1196295,0.13748159999999995,0.003757173,7984.726814549131
2056,30,0.10447333333333335,0.100572,0.12002014999999996,0.12572756666666668,0.1204455,0.14679964999999995,0.00379297,7909.3691750791595
2057,30,0.10634683333333332,0.1044615,0.12583804999999995,0.12816966666666665,0.1253735,0.15264094999999994,0.003866817,7758.319051561013
2058,30,0.13135763333333333,0.1125005,0.2218655499999999,0.1596176,0.1368485,0.26165354999999996,0.004818681,6225.7700810657525
2059,30,0.1316691,0.12910149999999998,0.15184425,0.1599213,0.15888249999999998,0.1847494,0.004825634,6216.799699272677
2060,30,0.12889623333333333,0.12445300000000001,0.17107399999999995,0.15650423333333333,0.15013300000000002,0.21077709999999994,0.004721935,6353.327608279233
2061,30,0.1058167,0.1021195,0.12299434999999997,0.1285945666666667,0.1231835,0.15124414999999997,0.003879768,7732.421113839797
2062,30,0.10619386666666666,0.10232,0.12204149999999997,0.1288789333333333,0.12408,0.15061699999999995,0.003888213,7715.626690204472
2063,30,0.11082410000000001,0.10411899999999999,0.16588945,0.13470003333333333,0.12569049999999998,0.21011009999999997,0.00406525,7379.619949572597
2064,30,0.10568436666666667,0.10133700000000001,0.12219224999999996,0.12830036666666667,0.12263450000000001,0.15156489999999995,0.003870849,7750.23773854263
2065,30,0.10527603333333335,0.101777,0.11848824999999998,0.12732819999999997,0.12241350000000001,0.14565269999999997,0.003841613,7809.219720986992
2066,30,0.13116576666666666,0.107137,0.24354994999999988,0.15944563333333334,0.1279235,0.2780898499999999,0.004808991,6238.314856484447
2067,30,0.10624910000000001,0.10199050000000001,0.12212214999999997,0.12845390000000004,0.123449,0.14966984999999997,0.003875626,7740.68498869602
2068,30,0.10512969999999999,0.102062,0.12042209999999998,0.12666966666666668,0.1233765,0.14610104999999995,0.003821393,7850.54036577761
2069,30,0.10577923333333332,0.101739,0.12053389999999997,0.1279509,0.12256500000000001,0.14674959999999995,0.003860158,7771.702609064189
2070,30,0.11045076666666669,0.1027835,0.14094089999999995,0.13404730000000004,0.123213,0.17933954999999996,0.004044333,7417.786814290515
2071,30,0.10485169999999999,0.100579,0.12300039999999997,0.12692913333333333,0.12176999999999999,0.15214054999999996,0.003830467,7831.9432069249
2072,30,0.1168593,0.11482149999999999,0.13540514999999997,0.14128516666666668,0.13812750000000001,0.16380075,0.00426723,7030.32177782777
2073,30,0.11993803333333332,0.111592,0.15598014999999996,0.1455176,0.13457750000000002,0.19299509999999992,0.004391418,6831.506360815572
2074,30,0.2010906333333333,0.19019049999999998,0.33919325,0.2471295666666667,0.25355649999999996,0.40311575,0.007452585,4025.448887869108
2075,30,0.16137043333333334,0.1515335,0.19585579999999997,0.19520733333333334,0.181857,0.25012499999999993,0.005889715,5093.625073539211
2076,30,0.12828846666666668,0.119665,0.1776427499999999,0.1558992,0.14436,0.21838094999999988,0.004708874,6370.9498279206455
2077,30,0.10574073333333334,0.10218949999999999,0.12123019999999997,0.12793616666666668,0.1228385,0.14855314999999997,0.003861672,7768.6556496771345
2078,30,0.10516586666666668,0.101274,0.12115674999999998,0.12742583333333332,0.1219445,0.14909409999999998,0.003845806,7800.705495805041
2079,30,0.10591676666666665,0.103793,0.11380185,0.12923726666666666,0.124724,0.14810989999999996,0.003900942,7690.450152809244
2080,30,0.13169010000000003,0.1089765,0.2948595499999998,0.1578918,0.130842,0.34047019999999967,0.004766277,6294.220835255693
2081,30,0.2164246666666667,0.224364,0.36583665,0.26792770000000005,0.2854045,0.43763645,0.00808253,3711.709081191162
2082,30,0.127522,0.124208,0.14579004999999998,0.15549480000000002,0.15152700000000002,0.17753095,0.004694277,6390.760494108038
2083,30,0.10440540000000001,0.1007335,0.11873914999999996,0.12779746666666666,0.1214275,0.14654724999999996,0.003858341,7775.362519798017
2084,30,0.1938939,0.1847935,0.2951522999999999,0.23843039999999993,0.222635,0.37707989999999997,0.007197046,4168.376859061343
2085,30,0.23382486666666666,0.224252,0.3069630999999999,0.28318483333333333,0.269173,0.38835019999999987,0.008549491,3508.9808270457274
2086,30,0.1372018,0.13043949999999999,0.19087554999999995,0.1666729333333333,0.1582715,0.23808989999999997,0.0050299,5964.333286944074
2087,30,0.10548093333333333,0.10049749999999999,0.12115899999999998,0.1276936333333333,0.1210585,0.14924839999999995,0.003852375,7787.403874233428
2088,30,0.1049194,0.101594,0.12121074999999996,0.12682986666666665,0.1223565,0.14907719999999997,0.003826874,7839.29651198341
2089,30,0.10261959999999999,0.0995255,0.11464804999999999,0.12418580000000001,0.119628,0.14108869999999998,0.003746807,8006.817538239893
2090,30,0.1050136,0.102022,0.12027139999999999,0.127454,0.12242600000000001,0.14975915,0.003848957,7794.3193441755775
2091,30,0.10650816666666665,0.10376250000000001,0.12934124999999994,0.12878823333333334,0.1241855,0.1618264499999999,0.003885908,7720.203360450118
2092,30,0.10458806666666669,0.101407,0.12083669999999995,0.126367,0.1215325,0.14743939999999997,0.003813072,7867.672050252395
2093,30,0.10578123333333331,0.10306950000000001,0.12461659999999995,0.1275202,0.123828,0.15240414999999996,0.003850068,7792.070166033432
2094,30,0.10560856666666667,0.1023075,0.12223464999999996,0.1280726666666667,0.123088,0.15022519999999995,0.003864311,7763.3503100552725
2095,30,0.10625923333333334,0.102162,0.12084854999999997,0.1284969,0.123414,0.15151949999999995,0.003877133,7737.676267489405
2096,30,0.10334323333333334,0.1007785,0.11482164999999997,0.12449423333333334,0.120987,0.14033944999999995,0.003756442,7986.280634706991
2097,30,0.10483336666666669,0.100201,0.12255439999999998,0.1266261,0.12054699999999999,0.15238459999999995,0.003820742,7851.877986003766
2098,30,0.10421799999999999,0.10023499999999999,0.11917469999999998,0.1261341,0.12137,0.14652759999999995,0.003805607,7883.1051130608075
2099,30,0.10346953333333334,0.0998725,0.11816149999999997,0.12539513333333333,0.1204845,0.14769279999999993,0.003783959,7928.204296082489
2100,30,0.12147263333333333,0.1090935,0.1853773499999999,0.1444914333333333,0.132106,0.2065741999999999,0.004361551,6878.287104747829
2101,30,0.10970266666666668,0.103469,0.1376008,0.13249543333333333,0.1241275,0.1624029,0.00399718,7505.291230317373
2102,30,0.10749993333333333,0.105661,0.12377769999999999,0.13020656666666666,0.1264555,0.15129279999999995,0.003929067,7635.400465301305
2103,30,0.10475436666666668,0.1004235,0.12054564999999998,0.12671373333333333,0.1211335,0.14976199999999998,0.00382371,7845.783283774135
2104,30,0.10293743333333334,0.0993885,0.11449104999999998,0.12488526666666665,0.11998049999999999,0.1406594,0.003768236,7961.284802756515
2105,30,0.10840730000000001,0.103015,0.14198689999999994,0.13141143333333333,0.1235875,0.17236824999999995,0.003965159,7565.900888211544
2106,30,0.10703819999999996,0.1032865,0.12526819999999997,0.12955336666666664,0.125053,0.15486184999999997,0.003908776,7675.036891343991
2107,30,0.10743816666666668,0.1061205,0.12516649999999996,0.12999653333333333,0.127145,0.15365604999999993,0.003922723,7647.748770433191
2108,30,0.10758820000000001,0.1037005,0.12280424999999998,0.1302904,0.1252595,0.15156744999999996,0.003931322,7631.020811828693
2109,30,0.10707230000000001,0.102773,0.12341774999999996,0.13023836666666666,0.12546000000000002,0.15211004999999994,0.00392984,7633.898581112716
2110,30,0.10706703333333335,0.1030835,0.12542625,0.12957846666666667,0.123755,0.15372389999999997,0.003912641,7667.455307041971
2111,30,0.10694719999999999,0.1032765,0.12391284999999996,0.13012943333333332,0.125846,0.15223389999999995,0.003926299,7640.783343296065
2112,30,0.1069981,0.1033415,0.12628269999999997,0.13000796666666664,0.125535,0.15393204999999996,0.003922197,7648.774398634236
2113,30,0.10746736666666665,0.1031735,0.12487009999999997,0.13061033333333333,0.12512600000000001,0.15399514999999994,0.003941292,7611.717172947348
2114,30,0.10799173333333333,0.10393250000000001,0.12759615,0.13140286666666665,0.1259895,0.15621414999999997,0.003965028,7566.150856942247
2115,30,0.12819976666666666,0.11651500000000001,0.18474854999999996,0.15319126666666666,0.1398935,0.21260989999999996,0.004620568,6492.70825578154
2116,30,0.10827933333333332,0.1042285,0.13007909999999995,0.1308350666666667,0.12596200000000002,0.16066479999999994,0.003947671,7599.417479318819
2117,30,0.10614956666666668,0.1036135,0.12175134999999998,0.12845546666666668,0.1252475,0.14938924999999997,0.003875488,7740.960622249379
2118,30,0.11039423333333333,0.10459299999999999,0.14475899999999997,0.13351716666666666,0.1261595,0.18375449999999993,0.004027584,7448.634218429709
2119,30,0.10573566666666664,0.103716,0.11264765,0.12842516666666665,0.126383,0.1398854,0.003875269,7741.398081010634
2120,30,0.10870869999999999,0.1049245,0.12478994999999997,0.13232236666666666,0.127094,0.15458214999999995,0.003994775,7509.8096889061335
2121,30,0.1069611,0.103455,0.12124089999999997,0.12909693333333336,0.124027,0.14884509999999998,0.003896285,7699.642094969951
2122,30,0.10669056666666667,0.10334499999999999,0.1195228,0.12898946666666664,0.12478600000000001,0.145012,0.003893174,7705.794809068385
2123,30,0.13555656666666668,0.105577,0.26200015,0.16446320000000003,0.126275,0.31601959999999996,0.004961655,6046.3696085278
2124,30,0.11014206666666666,0.10762450000000001,0.12370634999999998,0.13297550000000002,0.1286695,0.15094744999999996,0.004014001,7473.839692615922
2125,30,0.10971423333333336,0.1050385,0.13547235,0.13263213333333335,0.125913,0.1619536,0.00400303,7494.323050289405
2126,30,0.10313949999999998,0.1001925,0.1104986,0.1247607,0.1202555,0.1364383,0.003765604,7966.849408487988
2127,30,0.10609873333333333,0.103592,0.12528844999999997,0.12817293333333332,0.1245185,0.15328519999999995,0.003871802,7748.330105723381
2128,30,0.10457190000000002,0.1020765,0.11301834999999999,0.12637176666666666,0.12294,0.14057109999999998,0.003813831,7866.106285254905
2129,30,0.10556966666666663,0.1023335,0.11972244999999997,0.1276489,0.1228625,0.14886264999999996,0.003850808,7790.572783685918
2130,30,0.10477459999999998,0.101119,0.12054389999999998,0.12634233333333336,0.1216895,0.14977119999999994,0.003811177,7871.5840277163725
2131,30,0.1050229,0.10127749999999999,0.12091054999999996,0.12712703333333333,0.12187200000000001,0.15048534999999993,0.003834906,7822.877535981325
2132,30,0.10602139999999999,0.102915,0.12087054999999997,0.1280251,0.122861,0.14912369999999997,0.003865441,7761.080818462887
2133,30,0.10480469999999999,0.1012885,0.12083819999999998,0.1263139,0.1215215,0.14849129999999996,0.003810491,7873.0011434222
2134,30,0.10679946666666668,0.102479,0.12859059999999997,0.1285894,0.122831,0.154052,0.003878656,7734.637977691242
2135,30,0.10433219999999999,0.10031799999999999,0.11958409999999997,0.12596183333333336,0.1206235,0.14874694999999996,0.00380014,7894.445994094955
2136,30,0.1051453,0.101468,0.11892734999999997,0.12674076666666664,0.1220195,0.14585199999999995,0.003826494,7840.0750138377325
2137,30,0.10541519999999999,0.10220850000000001,0.12046759999999997,0.12739283333333334,0.1227945,0.14791584999999996,0.003843033,7806.334215709311
2138,30,0.10434746666666664,0.1004035,0.12010439999999997,0.1256741,0.120693,0.14684889999999998,0.003791426,7912.5901441832175
2139,30,0.10615466666666666,0.1019795,0.12118109999999997,0.12844080000000002,0.12311749999999999,0.14849314999999996,0.003875037,7741.861561579928
2140,30,0.1062152666666667,0.10212,0.12201539999999998,0.12776500000000002,0.1232815,0.14794049999999997,0.00385457,7782.969306563378
2141,30,0.10420249999999998,0.1005035,0.11751489999999998,0.12584526666666668,0.121044,0.14422589999999996,0.003796536,7901.940084329504
2142,30,0.10482856666666666,0.10190199999999999,0.11907104999999998,0.12639263333333334,0.122419,0.14563214999999996,0.003813316,7867.168626990262
2143,30,0.10179526666666666,0.0987005,0.11444594999999996,0.1226638,0.11865700000000001,0.13966609999999996,0.003700891,8106.156058095199
2144,30,0.10330513333333333,0.10023699999999999,0.11646674999999995,0.12484009999999998,0.12051200000000001,0.14319389999999996,0.003769439,7958.743993469586
2145,30,0.1054091,0.1020515,0.12087289999999996,0.12678926666666665,0.12210199999999999,0.14749604999999996,0.003825033,7843.069589203545
2146,30,0.10410263333333333,0.099563,0.12314799999999995,0.12571006666666665,0.12010000000000001,0.14998239999999996,0.003792147,7911.085725316028
2147,30,0.10231266666666666,0.1011695,0.1100367,0.123679,0.12149750000000001,0.13477865,0.00373175,8039.12373551283
2148,30,0.10539876666666667,0.10308049999999999,0.12139224999999998,0.1270516,0.123217,0.14794124999999997,0.003832525,7827.737588143587
2149,30,0.10969626666666667,0.106744,0.12369989999999997,0.13278,0.12831900000000002,0.15292085,0.004006256,7488.2883170721
2150,30,0.1093493,0.10152800000000001,0.13336759999999998,0.13154773333333333,0.1214455,0.15951445,0.003968547,7559.4417805811545
2151,30,0.11431623333333336,0.1016185,0.20376974999999997,0.13719853333333332,0.12220700000000001,0.2399931,0.004137592,7250.5940653404205
2152,30,0.10411256666666667,0.10132150000000001,0.12077604999999998,0.12563470000000002,0.12220400000000001,0.14672754999999998,0.003790408,7914.715249651225
2153,30,0.10174716666666668,0.098095,0.11124709999999999,0.12307033333333334,0.11794299999999999,0.13645064999999998,0.003713378,8078.897435165502
2154,30,0.11295000000000001,0.105733,0.1682208,0.1375361333333333,0.128779,0.20400079999999995,0.004149664,7229.500990923602
2155,30,0.10582739999999999,0.10230500000000001,0.1240623,0.12819463333333334,0.123368,0.15127105,0.003868398,7755.148255169194
2156,30,0.10859456666666668,0.1037325,0.1258326,0.1312991,0.1280625,0.15371585,0.003961569,7572.757157580747
2157,30,0.10804096666666667,0.104422,0.12521724999999997,0.13037823333333332,0.1249375,0.15349929999999995,0.003934265,7625.31247895096
2158,30,0.10571313333333336,0.10240650000000001,0.11834279999999997,0.12788136666666663,0.12358549999999999,0.14848529999999993,0.00385877,7774.498091360719
2159,30,0.10862633333333334,0.1022135,0.1289504,0.1311876333333333,0.12304699999999999,0.15783774999999997,0.003958129,7579.338621858964
2160,30,0.10400246666666665,0.10098099999999999,0.11323999999999998,0.12541923333333335,0.12113650000000001,0.14122499999999996,0.003784609,7926.842640811772
2161,30,0.10240709999999999,0.1004645,0.11435509999999996,0.12309096666666666,0.120267,0.13890864999999997,0.00371648,8072.154296538661
2162,30,0.10520183333333333,0.102404,0.12325319999999997,0.12684793333333333,0.1223265,0.15323014999999993,0.003826918,7839.2063796506745
2163,30,0.10596730000000001,0.102532,0.12046409999999996,0.12808406666666666,0.12360750000000001,0.14782514999999993,0.003865842,7760.275769159733
2164,30,0.10565429999999999,0.101433,0.12293614999999997,0.12752,0.12161949999999999,0.15048504999999995,0.003848253,7795.745238163915
2165,30,0.10382726666666667,0.10072249999999999,0.11400434999999996,0.12521986666666668,0.1216895,0.13910624999999996,0.003778639,7939.366528530511
2166,30,0.10529526666666666,0.100906,0.12104149999999997,0.12719073333333333,0.12152850000000001,0.14867399999999997,0.003838402,7815.752492834258
2167,30,0.10712196666666668,0.1021585,0.12213069999999997,0.12890963333333333,0.123024,0.14963154999999995,0.003890294,7711.499439373991
2168,30,0.10639166666666669,0.102731,0.12151434999999998,0.12827916666666667,0.12339349999999999,0.14868989999999999,0.003871199,7749.537029741948
2169,30,0.10325953333333333,0.1005775,0.11558615,0.12434103333333334,0.1199845,0.13908159999999997,0.003752956,7993.698833666049
2170,30,0.10650180000000001,0.10278999999999999,0.12281884999999998,0.12829253333333332,0.1229455,0.15063294999999996,0.003871513,7748.9085016633035
2171,30,0.10287123333333335,0.100312,0.11502214999999998,0.12424613333333336,0.12092800000000001,0.14174984999999996,0.003749035,8002.0591965665835
2172,30,0.1034799,0.1007625,0.11752424999999997,0.12451836666666666,0.120855,0.14372674999999996,0.003756656,7985.82569178546
2173,30,0.10571753333333332,0.102867,0.12122464999999998,0.12707763333333336,0.1222725,0.14870564999999997,0.003834,7824.726134585289
2174,30,0.11354493333333332,0.108643,0.13481079999999995,0.13728406666666665,0.1306795,0.16200849999999997,0.004141666,7243.4619305371325
2175,30,0.10568023333333333,0.101926,0.12217794999999997,0.12770199999999998,0.121778,0.14919704999999997,0.003853326,7785.481944688822
2176,30,0.10975826666666665,0.1028795,0.14730389999999996,0.13267453333333334,0.1232665,0.1847745999999999,0.004002372,7495.555135804469
2177,30,0.10541156666666666,0.1023065,0.12119024999999997,0.12757416666666666,0.122855,0.14878749999999996,0.003848515,7795.214517807518
2178,30,0.10538773333333332,0.1017885,0.11843129999999998,0.12719909999999998,0.1222095,0.14452949999999998,0.003844174,7804.017195891757
2179,30,0.10486816666666667,0.1008925,0.12113084999999997,0.12639143333333333,0.121592,0.14835489999999996,0.003813054,7867.709190585813
2180,30,0.10465520000000002,0.1009235,0.11894214999999998,0.12662016666666667,0.12119350000000001,0.14541829999999997,0.003819791,7853.832840592588
2181,30,0.10412643333333332,0.10079199999999999,0.11964609999999998,0.12596960000000001,0.121405,0.14806919999999998,0.003800327,7894.05753768031
2182,30,0.10469366666666667,0.101467,0.11966029999999997,0.12653076666666668,0.1224715,0.14705319999999997,0.003816945,7859.688834919026
2183,30,0.10399673333333334,0.1004545,0.11906479999999997,0.12580393333333334,0.1204745,0.14487874999999997,0.003795032,7905.071683190024
2184,30,0.10659143333333332,0.10188649999999999,0.1254821,0.12882613333333334,0.1226995,0.1527112,0.003886765,7718.501118539454
2185,30,0.10112226666666668,0.099428,0.1076432,0.12251936666666664,0.119723,0.13291709999999998,0.003696466,8115.8598510036345
2186,30,0.10623396666666668,0.1022875,0.12480695,0.1282958,0.12335950000000001,0.1506416,0.00387062,7750.696270881667
2187,30,0.10240743333333333,0.1005895,0.11293379999999999,0.12352086666666667,0.12027299999999999,0.1386568,0.003726588,8050.259379357203
2188,30,0.10177660000000001,0.0996225,0.11194904999999998,0.12276646666666663,0.119189,0.13759754999999996,0.003704,8099.352051835854
2189,30,0.10384233333333336,0.09987499999999999,0.11901669999999998,0.1254356,0.12031549999999999,0.14539094999999994,0.003784614,7926.832168353232
2190,30,0.10364793333333334,0.1006785,0.11829964999999996,0.1253950666666667,0.121335,0.14492334999999995,0.003783575,7929.00893995758
2191,30,0.10524803333333334,0.10080800000000001,0.12126789999999997,0.1269298666666667,0.121026,0.14827489999999993,0.003829427,7834.07021468225
2192,30,0.10144800000000001,0.099276,0.11118694999999998,0.12258730000000001,0.1194385,0.13509034999999997,0.003699141,8109.990941140119
2193,30,0.10666166666666665,0.1009895,0.12650654999999994,0.1294447,0.12131449999999999,0.16633879999999987,0.003904519,7683.404793266469
2194,30,0.10252623333333331,0.10028500000000001,0.11382134999999997,0.12380843333333333,0.1204675,0.13926309999999997,0.003734712,8032.747906665896
2195,30,0.10518386666666667,0.1001765,0.12211619999999998,0.1272735666666667,0.120751,0.14959154999999996,0.003843079,7806.240777251782
2196,30,0.10446499999999999,0.1007125,0.11865234999999996,0.12674826666666666,0.12061050000000001,0.14584939999999996,0.00382385,7845.49603148659
2197,30,0.10409130000000001,0.100158,0.11878069999999999,0.12582936666666666,0.119947,0.14600774999999996,0.003796205,7902.629072982097
2198,30,0.10594483333333334,0.101991,0.12195074999999997,0.12781053333333334,0.1232235,0.15006934999999996,0.003856274,7779.530188985534
2199,30,0.11322783333333335,0.1086935,0.12907285,0.13736620000000002,0.134444,0.15410385000000001,0.004144205,7239.024131286942
2200,30,0.10415569999999998,0.10060150000000001,0.11649519999999997,0.12574516666666669,0.1207145,0.14297974999999996,0.003794178,7906.850970091546
2201,30,0.10276049999999999,0.100167,0.10943384999999999,0.1249975,0.1207735,0.13744014999999998,0.003771829,7953.70097636982
2202,30,0.1054891333333333,0.10051399999999999,0.12366944999999999,0.1282249,0.12095700000000001,0.15881829999999997,0.003868226,7755.493086494946
2203,30,0.10495856666666667,0.1008405,0.12175449999999997,0.12719053333333336,0.12250649999999999,0.14854509999999996,0.003837869,7816.837937928574
2204,30,0.1033755,0.10015750000000001,0.11838534999999997,0.12526103333333333,0.120791,0.14534059999999996,0.003779441,7937.681789449815
2205,30,0.10528953333333332,0.1010325,0.12241299999999997,0.12723753333333335,0.120918,0.15030944999999996,0.003838973,7814.589995813985
2206,30,0.10493296666666667,0.102121,0.11884979999999998,0.12690853333333335,0.12230650000000001,0.14397914999999994,0.003829161,7834.614423368461
2207,30,0.1059324,0.102462,0.11785324999999996,0.1276486666666667,0.12278800000000001,0.14260909999999996,0.003852371,7787.4119600630365
2208,30,0.10652233333333334,0.10285949999999999,0.12228574999999997,0.12860436666666666,0.1234835,0.15046879999999996,0.003880733,7730.498336267917
2209,30,0.11257206666666669,0.10293050000000001,0.16021774999999996,0.13701536666666667,0.12499199999999999,0.19313099999999997,0.004136311,7252.839547123028
2210,30,0.1223819,0.10545550000000001,0.20817544999999987,0.1496505,0.1262675,0.26087029999999994,0.004515834,6643.291139576876
2211,30,0.10531203333333333,0.10133400000000001,0.12106859999999998,0.12688353333333335,0.121473,0.14806124999999995,0.003830132,7832.628222734882
2212,30,0.10671080000000001,0.10358149999999999,0.12213809999999997,0.12883353333333333,0.12458899999999999,0.15000184999999996,0.003891931,7708.25587606769
2213,30,0.10500823333333334,0.101968,0.12053944999999996,0.126814,0.12287100000000001,0.14714354999999996,0.003826347,7840.3762126121865
2214,30,0.11342543333333334,0.1032875,0.16020449999999997,0.13686416666666665,0.1239615,0.20624789999999993,0.004129581,7264.659538098417
2215,30,0.10741513333333334,0.1027285,0.13468119999999997,0.13069226666666667,0.12452550000000001,0.16890165,0.003943268,7607.902886641233
2216,30,0.1049808,0.10356699999999999,0.11223049999999998,0.1268402,0.1243545,0.1382566,0.003827014,7839.009734482288
2217,30,0.107021,0.102134,0.12325339999999997,0.1287616,0.12281700000000001,0.15127764999999996,0.003884816,7722.3734663366295
2218,30,0.10742733333333333,0.1040595,0.12314504999999998,0.13001286666666667,0.1245965,0.15106794999999995,0.003922126,7648.912860015206
2219,30,0.10548413333333334,0.10231000000000001,0.11941484999999998,0.12701676666666667,0.1227715,0.14611989999999997,0.003831877,7829.061319035031
2220,30,0.10534753333333333,0.1016635,0.12267269999999998,0.1271138,0.1222475,0.15057854999999998,0.003834703,7823.291660397167
2221,30,0.1076103,0.104214,0.12152694999999997,0.12983426666666664,0.125532,0.14911864999999996,0.003916732,7659.446701995439
2222,30,0.10537653333333334,0.102396,0.12005449999999998,0.12715526666666668,0.12327350000000001,0.14659334999999996,0.003836422,7819.786248749486
2223,30,0.10852056666666668,0.10675000000000001,0.11759044999999999,0.13092153333333337,0.127578,0.14193469999999997,0.00395005,7594.840571638333
2224,30,0.10971783333333333,0.1046185,0.13342304999999996,0.13238136666666667,0.1257975,0.15840839999999998,0.003994885,7509.602904714403
2225,30,0.10640523333333333,0.103996,0.12429214999999998,0.12847233333333336,0.1251045,0.15174704999999997,0.003876883,7738.175229946326
2226,30,0.10657113333333333,0.102515,0.1226891,0.12865316666666668,0.1232215,0.14929499999999998,0.003882567,7726.8466970434765
2227,30,0.10678133333333333,0.10232,0.12455239999999995,0.12883106666666666,0.12259300000000001,0.15244934999999996,0.003888932,7714.200196866389
2228,30,0.10592246666666667,0.102438,0.12511604999999998,0.12786163333333334,0.1235175,0.15251869999999998,0.003858228,7775.590245055502
2229,30,0.10673286666666665,0.1028435,0.12587614999999996,0.12894826666666664,0.1230305,0.15384379999999995,0.003894249,7703.667639126312
2230,30,0.11452753333333332,0.102951,0.172923,0.13690713333333332,0.125035,0.1962402,0.004129536,7264.738701878371
2231,30,0.11153796666666665,0.1037275,0.14783014999999988,0.1344648,0.12513649999999998,0.18668154999999984,0.004055704,7396.989523890303
2232,30,0.10420833333333333,0.10114000000000001,0.11947629999999998,0.12606506666666667,0.1219095,0.14652074999999998,0.003803311,7887.864021637988
2233,30,0.10587479999999998,0.102994,0.11981349999999999,0.12782743333333332,0.12289,0.14653729999999998,0.003855855,7780.375558728219
2234,30,0.12366116666666666,0.1077925,0.1886312,0.14880863333333333,0.13022699999999998,0.2160724,0.004487428,6685.344032260797
2235,30,0.10676233333333332,0.10333400000000001,0.12365709999999996,0.12908286666666668,0.124522,0.15156389999999995,0.003894009,7704.142440348751
2236,30,0.10352063333333335,0.101155,0.11342524999999999,0.12472839999999999,0.1218435,0.13706904999999997,0.003763044,7972.269258610848
2237,30,0.10642006666666666,0.102154,0.12109044999999997,0.12885426666666666,0.12329000000000001,0.14840834999999997,0.003887539,7716.964382865355
2238,30,0.10554349999999998,0.10195499999999999,0.12412759999999998,0.12723079999999998,0.12203549999999999,0.15084944999999997,0.003838542,7815.467435291837
2239,30,0.11275869999999996,0.10713400000000001,0.14180609999999993,0.13623383333333333,0.1307685,0.1758132999999999,0.004109947,7299.364201046875
2240,30,0.10308206666666667,0.1002425,0.11558939999999997,0.12439420000000001,0.12028,0.14101764999999997,0.003753203,7993.1727647025755
2241,30,0.10524873333333334,0.101285,0.12136644999999997,0.1272486333333333,0.12221,0.14818279999999995,0.003838665,7815.217009038299
2242,30,0.10805213333333334,0.1052405,0.12474070000000001,0.13028553333333334,0.1272425,0.15004074999999997,0.003930488,7632.640018236921
2243,30,0.10343153333333333,0.101401,0.11181124999999997,0.12462159999999999,0.121833,0.13614264999999995,0.003760169,7978.364802220326
2244,30,0.10518903333333333,0.10232,0.11994219999999998,0.1269421,0.122931,0.14650289999999996,0.003832648,7827.486374955383
2245,30,0.10578563333333334,0.101939,0.12041134999999997,0.12752216666666666,0.1228045,0.14743019999999996,0.003847286,7797.704667654029
2246,30,0.10470176666666668,0.101128,0.12140224999999996,0.12658043333333333,0.1210145,0.14867264999999996,0.003822407,7848.457791124807
2247,30,0.10521463333333332,0.10204350000000001,0.12149789999999999,0.12671266666666667,0.12204899999999999,0.14674084999999998,0.003822577,7848.108749673322
2248,30,0.11319803333333334,0.1110545,0.14127219999999996,0.13674633333333333,0.133957,0.16803059999999995,0.004125799,7271.318840302205
2249,30,0.10483366666666664,0.103089,0.12010614999999997,0.1268574,0.123346,0.15126544999999994,0.003827369,7838.2826427240225
2250,30,0.10529363333333332,0.101329,0.11975724999999997,0.12763123333333334,0.122151,0.14767724999999995,0.003851038,7790.107498290071
2251,30,0.16183959999999997,0.112528,0.34735959999999977,0.19783156666666665,0.1394475,0.41678699999999974,0.005967921,5026.876193568916
2252,30,0.11201786666666666,0.10514799999999999,0.14200625,0.13652746666666668,0.128886,0.16598145,0.004120054,7281.457961473321
2253,30,0.10875109999999998,0.1050175,0.12832049999999998,0.13198826666666666,0.127028,0.15788104999999997,0.003983707,7530.674319170561
2254,30,0.11280496666666667,0.1092805,0.12597094999999997,0.13749930000000002,0.1338245,0.15470789999999995,0.00415001,7228.89824361869
2255,30,0.11001966666666665,0.105224,0.13939109999999993,0.13366836666666665,0.1271315,0.1652089,0.004033754,7437.24084314512
2256,30,0.10720756666666667,0.1041395,0.12282069999999998,0.13009156666666669,0.1259865,0.15073974999999998,0.003927059,7639.304629749642
2257,30,0.10364216666666667,0.10153100000000001,0.11364954999999999,0.12630706666666666,0.1228345,0.1403786,0.00381328,7867.242898502077
2258,30,0.10802873333333336,0.1030975,0.13305559999999997,0.13105143333333336,0.1241755,0.16063205,0.003956015,7583.388839526644
2259,30,0.11099269999999999,0.10357,0.15402819999999998,0.1351012,0.1262905,0.1844182,0.004076993,7358.364363147054
2260,30,0.10430343333333335,0.10115450000000001,0.12236779999999997,0.12604233333333337,0.122173,0.15020204999999998,0.003804233,7885.952306286182
2261,30,0.1057153,0.101467,0.12403424999999998,0.12819546666666665,0.122933,0.15241804999999997,0.00386847,7755.003916276977
2262,30,0.10322239999999999,0.10030349999999999,0.11713089999999998,0.12426676666666667,0.12072749999999999,0.14267139999999998,0.003749515,8001.034800500865
2263,30,0.10512303333333334,0.101162,0.12029829999999997,0.12714866666666666,0.1226605,0.14791614999999997,0.003839841,7812.823499723036
2264,30,0.10325656666666666,0.101841,0.11437834999999998,0.12456143333333335,0.12196,0.13952444999999997,0.003757666,7983.67923067138
2265,30,0.10483833333333334,0.1003555,0.12015304999999997,0.1267615,0.120551,0.14781564999999997,0.003824086,7845.011853812911
2266,30,0.10697996666666665,0.102048,0.12320094999999999,0.12932586666666668,0.12425800000000001,0.14879295,0.00390137,7689.606471572806
2267,30,0.10503006666666669,0.101384,0.12254754999999999,0.1265435,0.1215635,0.14967799999999998,0.003817269,7859.021724693754
2268,30,0.11370296666666665,0.102408,0.1727864,0.1350381333333333,0.122308,0.19595189999999998,0.00407291,7365.740956711541
2269,30,0.10343480000000001,0.10075049999999999,0.11771864999999997,0.12535286666666667,0.1220115,0.14624394999999993,0.003781575,7933.202435493147
2270,30,0.10382703333333333,0.1000315,0.11609524999999997,0.1263142,0.120616,0.1468812,0.003810229,7873.542508862328
2271,30,0.10697983333333333,0.1025205,0.12995944999999998,0.12937026666666668,0.122932,0.15563509999999994,0.003902943,7686.507335618276
2272,30,0.11093696666666665,0.107187,0.12674969999999997,0.13482226666666666,0.12858550000000002,0.15524579999999996,0.004067417,7375.688305379064
2273,30,0.10676336666666666,0.102552,0.12378619999999999,0.12931253333333334,0.1235605,0.15176434999999996,0.003901683,7688.989597565974
2274,30,0.10853033333333334,0.1032595,0.14066469999999998,0.13073206666666667,0.1244085,0.16301695,0.003943767,7606.940268022933
2275,30,0.10247643333333337,0.0988085,0.11622424999999999,0.1233897,0.118334,0.14151249999999999,0.003723735,8056.4272162224215
2276,30,0.10115636666666666,0.0987255,0.11324209999999998,0.12197823333333332,0.1186045,0.13740874999999997,0.003680051,8152.060936112026
2277,30,0.10356699999999998,0.09996,0.11907769999999997,0.12557410000000002,0.1204035,0.14601199999999995,0.003789274,7917.083853001921
2278,30,0.10454796666666667,0.1005315,0.12306945,0.1264351333333333,0.121731,0.14962074999999997,0.00381439,7864.95350501653
2279,30,0.10342576666666667,0.1000635,0.11739769999999998,0.12517686666666666,0.12112149999999999,0.14321479999999998,0.003776947,7942.923212848896
2280,30,0.11015156666666664,0.106273,0.13175254999999997,0.13444356666666665,0.13140649999999998,0.15660105,0.004068758,7373.257392059199
2281,30,0.1082109,0.10269500000000001,0.14090424999999995,0.13115020000000002,0.124752,0.16881269999999995,0.003957127,7581.257816592694
2282,30,0.1380694,0.12683699999999998,0.19976925,0.16773016666666665,0.15474949999999998,0.24665294999999995,0.005063282,5925.010694644304
2283,30,0.1236618,0.110414,0.2160369499999999,0.14845340000000004,0.133877,0.2582581499999998,0.00447801,6699.4044229468
2284,30,0.10591026666666667,0.1022015,0.12205814999999998,0.12819046666666664,0.124072,0.15077639999999998,0.0038685,7754.943776657619
2285,30,0.10722656666666669,0.102667,0.12363639999999997,0.13033920000000002,0.1239545,0.15317174999999994,0.003932461,7628.810559087554
2286,30,0.10416510000000002,0.1024525,0.11487629999999999,0.12623056666666665,0.1240385,0.14116484999999998,0.003808369,7877.387931684141
2287,30,0.11362279999999998,0.1113145,0.12569495,0.13712320000000003,0.13283450000000002,0.15916054999999998,0.004136236,7252.97105871135
2288,30,0.11221216666666668,0.108408,0.12943529999999998,0.13527946666666668,0.129765,0.16054544999999995,0.004081392,7350.433381552177
2289,30,0.11021959999999999,0.107677,0.12301854999999998,0.13259283333333333,0.129629,0.15145625,0.003999656,7500.645055474771
2290,30,0.11530963333333336,0.1043605,0.15691614999999998,0.13859686666666665,0.12529400000000002,0.19215169999999998,0.004180587,7176.025759062064
2291,30,0.11002446666666668,0.1036295,0.13837545,0.13486479999999995,0.12538349999999998,0.17023019999999997,0.004069054,7372.721030490134
2292,30,0.10831436666666666,0.104717,0.12566739999999996,0.1311972333333333,0.125826,0.15553899999999996,0.003958697,7578.251126570182
2293,30,0.11052443333333334,0.1042535,0.14250394999999993,0.1336698,0.1256235,0.17190424999999993,0.004033689,7437.360688937595
2294,30,0.10680143333333332,0.1015805,0.12316649999999997,0.13009993333333333,0.123036,0.15225804999999998,0.00392594,7641.482039970045
2295,30,0.11220643333333333,0.109834,0.13646154999999996,0.13661593333333333,0.1341735,0.16895194999999993,0.004122837,7276.542827184291
2296,30,0.11365413333333332,0.110318,0.13103349999999997,0.13845713333333334,0.1333585,0.1596859,0.00417855,7179.523997558962
2297,30,0.10893000000000001,0.1027595,0.13707784999999997,0.13185803333333335,0.1235845,0.16303274999999998,0.00398265,7532.672969003051
2298,30,0.11290056666666667,0.1062245,0.14389559999999998,0.13737316666666669,0.128388,0.16765444999999998,0.004146084,7235.743414749918
2299,30,0.11214686666666668,0.1060175,0.13546514999999998,0.13550286666666667,0.12755,0.16466745,0.004089094,7336.588496131418
2300,30,0.10986210000000002,0.106248,0.12269929999999997,0.13352223333333332,0.1295465,0.15073009999999995,0.004030117,7443.952619737839
2301,30,0.10769336666666668,0.1035905,0.12439819999999997,0.1307620666666667,0.1250245,0.15357554999999995,0.003946905,7600.892344761276
2302,30,0.10900173333333334,0.10453799999999999,0.12650444999999996,0.13287093333333333,0.1277885,0.15505144999999995,0.004010531,7480.306223789318
2303,30,0.10931519999999999,0.10587,0.12825749999999997,0.1317925,0.12748949999999998,0.15885899999999994,0.003976802,7543.749977997396
2304,30,0.10937229999999999,0.10505700000000001,0.12894649999999996,0.1328346,0.1277865,0.15859669999999998,0.004008785,7483.5642220772625
2305,30,0.10799926666666666,0.1046535,0.12934359999999995,0.13107666666666667,0.126083,0.15851909999999994,0.00395533,7584.702161387293
2306,30,0.11032529999999997,0.107449,0.12600814999999996,0.13465033333333334,0.1309015,0.15643639999999998,0.004065651,7378.892088868425
2307,30,0.11049049999999999,0.107149,0.12514769999999997,0.13438826666666667,0.129716,0.15438414999999997,0.004055675,7397.042415874053
2308,30,0.11243026666666665,0.10873150000000001,0.13640275,0.136818,0.130123,0.1654048,0.004130862,7262.406732541537
2309,30,0.10741916666666665,0.104491,0.12020969999999997,0.12997533333333333,0.125738,0.14853845,0.003921348,7650.430413215047
2310,30,0.10666096666666668,0.1035385,0.11960694999999999,0.12963373333333333,0.125301,0.14607805,0.003911565,7669.5644837807895
2311,30,0.11172636666666666,0.106595,0.13357739999999996,0.1353675,0.129498,0.16531574999999996,0.004084033,7345.680115709153
2312,30,0.10514166666666666,0.1027065,0.11699554999999998,0.12703096666666666,0.12382750000000001,0.14247624999999994,0.003832854,7827.065680038947
2313,30,0.10876563333333335,0.10325000000000001,0.127465,0.13244463333333334,0.1251045,0.15731539999999997,0.003996331,7506.885690899979
2314,30,0.10910776666666668,0.107021,0.13070069999999995,0.13178260000000003,0.130722,0.15333589999999997,0.0039799,7537.877836126537
2315,30,0.11152173333333333,0.1080375,0.1298828,0.13469910000000002,0.12918,0.15725524999999996,0.004063857,7382.149519532799
2316,30,0.10896156666666669,0.1038335,0.12676524999999994,0.13228133333333333,0.125945,0.15576129999999996,0.003991017,7516.881035585666
2317,30,0.10881823333333333,0.1047265,0.12073814999999997,0.13220016666666667,0.127617,0.14876979999999995,0.003989108,7520.478262308266
2318,30,0.10708703333333333,0.102993,0.12229284999999998,0.1300484,0.124002,0.15077949999999996,0.003923587,7646.064685197499
2319,30,0.11916959999999999,0.116245,0.14685379999999992,0.14441326666666668,0.1397695,0.17637214999999995,0.004362656,6876.544930427703
2320,30,0.1245953,0.11497750000000001,0.1760602,0.15195666666666668,0.138847,0.2185759,0.004583926,6544.608268109039
2321,30,0.10795743333333334,0.103399,0.12576919999999997,0.13139690000000004,0.125315,0.1550665,0.003964614,7566.940943052716
2322,30,0.1132977,0.10757749999999999,0.14777554999999992,0.13738670000000003,0.131072,0.17867279999999994,0.004144546,7238.428527515439
2323,30,0.10833903333333332,0.1075915,0.11985534999999999,0.13163556666666665,0.1295715,0.14456875,0.003971613,7553.606053762036
2324,30,0.10871376666666664,0.105174,0.12466664999999998,0.1319262,0.127582,0.15349984999999997,0.003980861,7536.058154253566
2325,30,0.11030736666666667,0.10527900000000001,0.13268595,0.1335376,0.1268515,0.1593356,0.004028934,7446.138358186062
2326,30,0.10979183333333332,0.1062565,0.12923004999999999,0.13283023333333335,0.127658,0.15253254999999996,0.004007259,7486.414030138805
2327,30,0.11095943333333334,0.107687,0.12933644999999996,0.13408883333333332,0.1294565,0.15894429999999998,0.004045555,7415.546198234852
2328,30,0.10900226666666665,0.105728,0.12582094999999996,0.13241823333333333,0.1286035,0.15384764999999995,0.003995114,7509.172454152747
2329,30,0.10928469999999998,0.10542850000000001,0.12389199999999997,0.13264626666666665,0.12738349999999998,0.15283874999999997,0.004002159,7495.954058796765
2330,30,0.11241613333333333,0.108354,0.13643544999999993,0.13675316666666668,0.1305405,0.16675689999999993,0.00412605,7270.876504162577
2331,30,0.10995143333333333,0.1070255,0.12678235,0.1331134333333333,0.1285575,0.15601885,0.00401589,7470.3241373643195
2332,30,0.11593063333333332,0.112049,0.13878724999999995,0.14054706666666666,0.1350125,0.17402499999999993,0.004243201,7070.134080379411
2333,30,0.10683496666666667,0.104881,0.11881654999999999,0.13001773333333333,0.126279,0.14906229999999998,0.003922904,7647.395908745155
2334,30,0.11053596666666667,0.10686599999999999,0.1245288,0.13437779999999996,0.1295625,0.15326549999999997,0.004053928,7400.230097821175
2335,30,0.11495689999999999,0.10591400000000001,0.14143949999999997,0.13935533333333336,0.1277645,0.17648124999999992,0.004209768,7126.283443648201
2336,30,0.10722286666666664,0.104469,0.11864599999999997,0.13016526666666667,0.12591449999999998,0.14558859999999998,0.003927405,7638.631615532393
2337,30,0.10585599999999999,0.1031565,0.11915994999999997,0.12812376666666667,0.12394649999999999,0.14555744999999995,0.003866126,7759.705710574358
2338,30,0.11040766666666667,0.10815549999999999,0.12462684999999997,0.13383233333333333,0.130884,0.15333669999999996,0.004037972,7429.472022094259
2339,30,0.10845983333333331,0.105214,0.12408319999999998,0.13189443333333334,0.1282775,0.15217534999999996,0.003980829,7536.118733057863
2340,30,0.10914253333333333,0.1048505,0.12698589999999998,0.13236723333333336,0.12647999999999998,0.15625284999999997,0.003994157,7510.971651840426
2341,30,0.11571623333333332,0.10609550000000001,0.16013314999999995,0.14149463333333331,0.12877,0.19732594999999994,0.004270864,7024.339805716127
2342,30,0.11215473333333331,0.1077945,0.13948899999999997,0.13604936666666664,0.1327265,0.16550589999999998,0.004106852,7304.86513757983
2343,30,0.11660686666666667,0.110762,0.16038374999999996,0.1425399,0.13495400000000002,0.19557789999999994,0.004302576,6972.567131876346
2344,30,0.11664996666666667,0.1100045,0.15287889999999993,0.14176006666666666,0.134078,0.18159324999999993,0.00429043,6992.306132485555
2345,30,0.10539239999999998,0.1036715,0.11498399999999999,0.12898553333333335,0.1258105,0.14103355,0.003893007,7706.12536787116
2346,30,0.10973809999999999,0.10624,0.12618044999999997,0.13350276666666666,0.1285865,0.15505104999999997,0.004028569,7446.812999851808
2347,30,0.10879033333333332,0.1048415,0.12828429999999996,0.13252593333333335,0.128353,0.15828364999999994,0.003999545,7500.853222054008
2348,30,0.10862596666666666,0.1054735,0.12924294999999997,0.13170863333333335,0.127633,0.15839464999999997,0.00397429,7548.518100088318
2349,30,0.10831839999999998,0.104076,0.12852439999999998,0.13114203333333332,0.12499750000000001,0.15825914999999996,0.003959954,7575.8455780041895
2350,30,0.11197386666666666,0.10939,0.13487854999999996,0.13547820000000002,0.13092,0.16215074999999998,0.004087011,7340.327686908599
2351,30,0.10868053333333334,0.10493050000000001,0.12695289999999998,0.1317363,0.12617899999999999,0.15669075,0.00397425,7548.594074353651
2352,30,0.10791716666666669,0.1051015,0.12528514999999996,0.13156866666666667,0.1274965,0.15451869999999995,0.003969808,7557.0405420111
2353,30,0.10531896666666668,0.102506,0.11627214999999996,0.12758763333333334,0.1238595,0.14306374999999996,0.003849605,7793.007334518737
2354,30,0.10768713333333335,0.104356,0.12475949999999997,0.13041750000000002,0.1257905,0.15396554999999998,0.003934644,7624.577979608828
2355,30,0.10916953333333333,0.105996,0.12390509999999996,0.1326971,0.1277025,0.1484287,0.004003133,7494.130222503225
2356,30,0.10835863333333333,0.1047305,0.12708345,0.13195790000000002,0.1257955,0.1569272,0.003981422,7534.99629027016
2357,30,0.10875923333333334,0.1054155,0.12337694999999999,0.1322746,0.1283745,0.15214929999999996,0.003990524,7517.809691158355
2358,30,0.10833229999999999,0.10517950000000001,0.12680235,0.13131299999999999,0.1260115,0.15499399999999997,0.003962303,7571.354336102008
2359,30,0.11977756666666667,0.110407,0.1847025,0.1464926666666667,0.132769,0.23104399999999994,0.004419774,6787.677378979107
2360,30,0.10835053333333335,0.10479949999999999,0.12525145,0.13150673333333332,0.12653599999999998,0.15375884999999995,0.003967831,7560.805891178329
2361,30,0.10963980000000001,0.104835,0.12570635,0.13362753333333333,0.1288025,0.15440879999999996,0.004031825,7440.799141827832
2362,30,0.10823706666666667,0.104273,0.12590269999999998,0.13147626666666665,0.12653799999999998,0.15497229999999998,0.003967021,7562.349682545164
2363,30,0.10811296666666668,0.1049385,0.12607864999999996,0.13132213333333334,0.1276625,0.15460204999999994,0.003962303,7571.354336102008
2364,30,0.10596586666666669,0.1034255,0.11729255,0.12868816666666666,0.125039,0.1468814,0.003883217,7725.553323442909
2365,30,0.10824103333333332,0.10456199999999999,0.12489594999999996,0.13177136666666664,0.126752,0.15463274999999996,0.003976325,7544.654926345306
2366,30,0.11332963333333333,0.108711,0.13138719999999998,0.1380848333333333,0.13138149999999998,0.1597481,0.004168731,7196.434598442547
2367,30,0.11210643333333332,0.1094475,0.12921744999999996,0.13633243333333336,0.133841,0.15772834999999996,0.004113805,7292.51872658038
2368,30,0.1143085,0.10974700000000001,0.14305969999999998,0.13835946666666665,0.1323635,0.1703241,0.00417467,7186.1967532763065
2369,30,0.10849446666666666,0.10560649999999999,0.12179619999999997,0.13162216666666665,0.12784050000000002,0.15022124999999995,0.003971641,7553.552800970682
2370,30,0.10640566666666668,0.104562,0.11516064999999999,0.12941546666666667,0.1267595,0.14062095,0.003924383,7644.5138000037205
2371,30,0.10741910000000002,0.105143,0.12235584999999996,0.13067179999999998,0.12649549999999998,0.14771055,0.003942526,7609.334726010685
2372,30,0.10990616666666668,0.10572100000000001,0.12449614999999999,0.13400196666666667,0.12876349999999998,0.154832,0.004042943,7420.337115808954
2373,30,0.1108314,0.10625699999999999,0.12448434999999997,0.1346545666666667,0.1291315,0.15457719999999994,0.004062769,7384.126441842989
2374,30,0.11207423333333334,0.10996600000000001,0.13304855,0.13580106666666666,0.132443,0.16449954999999997,0.004096933,7322.55079592466
2375,30,0.10829856666666668,0.104237,0.12298595,0.13155323333333335,0.126015,0.14891379999999999,0.003969153,7558.287624588925
2376,30,0.10938893333333333,0.1075575,0.12641495,0.1328616,0.1287195,0.15539575,0.004008464,7484.163510012813
2377,30,0.10891603333333336,0.105429,0.12860089999999996,0.13236259999999997,0.1277605,0.15842214999999996,0.00399354,7512.132093330729
2378,30,0.1096263,0.106573,0.12575564999999997,0.13303106666666667,0.1287285,0.15490099999999996,0.004013873,7474.078028876349
2379,30,0.10969283333333332,0.105907,0.12609779999999998,0.13385713333333332,0.1284915,0.15580529999999998,0.004038938,7427.695102029296
2380,30,0.10889833333333333,0.105849,0.12479694999999999,0.1320057,0.127174,0.15278134999999998,0.003983442,7531.175300154991
2381,30,0.1101672,0.106521,0.12518319999999997,0.13323730000000003,0.128603,0.15323394999999995,0.004023374,7456.428360873238
2382,30,0.10792813333333336,0.10384650000000001,0.12475114999999999,0.13193146666666666,0.125777,0.15787569999999998,0.003981278,7535.26882573887
2383,30,0.10909306666666668,0.10609099999999999,0.12319019999999997,0.13245523333333334,0.127577,0.15233559999999996,0.004001633,7496.93937450036
2384,30,0.10847303333333333,0.10541049999999999,0.12261659999999999,0.13187846666666667,0.12786350000000002,0.14977629999999997,0.003980295,7537.129785606343
2385,30,0.108791,0.10619200000000001,0.12352549999999997,0.1322123,0.12947,0.15238034999999997,0.003991024,7516.867851458673
2386,30,0.11038519999999999,0.1065915,0.12379904999999997,0.13405746666666668,0.1288365,0.15207069999999995,0.004047143,7412.636519144494
2387,30,0.10840850000000003,0.10542399999999999,0.1229739,0.13187343333333335,0.12879000000000002,0.15127479999999996,0.003980875,7536.031651332935
2388,30,0.109592,0.10491,0.12745564999999998,0.13375943333333332,0.1274995,0.16012519999999997,0.004037437,7430.456500002354
2389,30,0.10759419999999999,0.104489,0.12008329999999998,0.13093029999999997,0.1266185,0.14772499999999997,0.003952136,7590.8318944489765
2390,30,0.11722049999999998,0.111544,0.14078509999999997,0.14237113333333334,0.13513,0.16999164999999997,0.004295804,6983.558840207793
2391,30,0.11337930000000003,0.10929849999999999,0.14195369999999996,0.13761713333333334,0.1330915,0.16946325,0.004152221,7225.048955727549
2392,30,0.11636943333333334,0.10738,0.170975,0.14165173333333334,0.130012,0.2081799,0.004274854,7017.783531320602
2393,30,0.11448166666666666,0.1065445,0.15794415,0.13976753333333336,0.12940400000000002,0.20197695,0.004217582,7113.080433290924
2394,30,0.112688,0.10757800000000001,0.13417354999999997,0.13704029999999998,0.1307005,0.16649519999999998,0.004134808,7255.475949548322
2395,30,0.1090539,0.10599549999999999,0.12535229999999997,0.13208299999999998,0.127655,0.15560289999999996,0.003985119,7528.006064561686
2396,30,0.10910303333333335,0.106378,0.12666694999999997,0.132721,0.1280825,0.15493644999999995,0.004004053,7492.408317272524
2397,30,0.109786,0.10494300000000001,0.13953799999999997,0.1324021333333333,0.126026,0.16893549999999993,0.003995315,7508.794675763988
2398,30,0.10687973333333332,0.104574,0.11994989999999997,0.12937593333333336,0.126631,0.14684954999999997,0.003903834,7684.752988984675
2399,30,0.10736230000000001,0.1049925,0.12082099999999996,0.13071976666666665,0.1270325,0.15106439999999996,0.003943641,7607.183311056964
2400,30,0.10859383333333333,0.1043895,0.12547414999999995,0.13180603333333332,0.126595,0.15535519999999994,0.003980151,7537.402475433721
2401,30,0.10844903333333335,0.10522799999999999,0.12729844999999998,0.1321563,0.1272835,0.15701259999999995,0.003987584,7523.352486116907
2402,30,0.10918270000000001,0.1054775,0.12252109999999998,0.13217953333333335,0.1271455,0.15014624999999995,0.003987339,7523.814754652162
2403,30,0.10959916666666666,0.106792,0.12588429999999998,0.13343976666666668,0.129665,0.15502784999999997,0.004025929,7451.696242035068
2404,30,0.10841376666666666,0.10377700000000001,0.12814469999999994,0.13125526666666668,0.12553150000000002,0.15765944999999995,0.003960299,7575.185610985434
2405,30,0.10844833333333331,0.104182,0.12682314999999997,0.1314241,0.126854,0.15656799999999993,0.003965328,7565.57843386474
2406,30,0.12345750000000001,0.1132995,0.17887704999999995,0.15104463333333334,0.1371275,0.2225377499999999,0.004556912,6583.405604497081
2407,30,0.11658826666666666,0.11358499999999999,0.13798599999999994,0.14025726666666666,0.1360575,0.16886384999999995,0.004230682,7091.055295576457
2408,30,0.11734053333333333,0.1146635,0.13089709999999996,0.14172699999999996,0.136388,0.16126084999999996,0.004275113,7017.358371579886
2409,30,0.1246727,0.12282000000000001,0.13604054999999998,0.15081549999999996,0.14719549999999998,0.16264594999999998,0.004550565,6592.587953364033
2410,30,0.11050746666666668,0.10433,0.1370620499999999,0.13345066666666666,0.126012,0.1672835999999999,0.004026073,7451.429718239088
2411,30,0.10964036666666664,0.10456399999999999,0.12760439999999998,0.13277086666666665,0.1260355,0.15511979999999997,0.004006263,7488.275233053845
2412,30,0.10756399999999999,0.10508100000000001,0.12060949999999998,0.13054863333333336,0.12717,0.1493617,0.003938671,7616.78241213851
2413,30,0.11283776666666666,0.107547,0.13256254999999997,0.13676083333333333,0.1300585,0.16035775,0.004126449,7270.17345906856
2414,30,0.11701286666666667,0.11308750000000001,0.14077249999999997,0.14132543333333336,0.1365625,0.1680719,0.004263551,7036.388212548648
2415,30,0.10781873333333332,0.1044245,0.1257328,0.13072156666666668,0.125976,0.153706,0.003948373,7598.066342769541
2416,30,0.10848693333333333,0.103724,0.12770444999999994,0.13194920000000002,0.125909,0.15750189999999994,0.0039818,7534.280978451957
2417,30,0.10372140000000002,0.101269,0.11628654999999997,0.12648906666666665,0.122024,0.14430844999999998,0.003820295,7852.796708107619
2418,30,0.10871170000000002,0.1046685,0.12381539999999998,0.13196406666666669,0.1274705,0.15325864999999997,0.00398179,7534.299900296099
2419,30,0.11104773333333334,0.10656650000000001,0.12766859999999997,0.13527090000000003,0.1290805,0.15771414999999997,0.004081578,7350.098417817815
2420,30,0.1073616,0.105178,0.12163029999999997,0.1303405,0.127028,0.14741344999999995,0.003932787,7628.17818508859
2421,30,0.10873566666666666,0.104963,0.12466984999999998,0.13196396666666665,0.1272935,0.15367854999999994,0.003981815,7534.252595863947
2422,30,0.10664306666666665,0.10472100000000001,0.11527,0.12982483333333333,0.12687,0.14265065,0.003917611,7657.728140951208
2423,30,0.11029359999999998,0.106558,0.13011954999999997,0.1339615333333333,0.128731,0.15947724999999996,0.004041416,7423.140800155194
2424,30,0.1112709,0.1090795,0.12474834999999998,0.13448646666666667,0.1317045,0.15361724999999996,0.004057495,7393.7244531416545
2425,30,0.1102524,0.1058885,0.12843139999999997,0.13382013333333334,0.1281535,0.15857664999999996,0.004037791,7429.805059251457
2426,30,0.10922653333333333,0.1052365,0.12593349999999998,0.13295206666666667,0.127261,0.15592824999999996,0.00401638,7469.412754769221
2427,30,0.1368849,0.109203,0.24294139999999992,0.16730483333333332,0.1318225,0.28223384999999995,0.005047894,5943.072497164164
2428,30,0.10614299999999997,0.102681,0.12833024999999998,0.12790243333333334,0.12362200000000001,0.15333625,0.00386304,7765.904572564613
2429,30,0.10605713333333334,0.1015585,0.12202004999999998,0.12816953333333334,0.12162500000000001,0.14978474999999997,0.003867941,7756.064531491043
2430,30,0.10721800000000001,0.10355349999999999,0.12894195,0.12926206666666668,0.1243415,0.15690845,0.003901546,7689.259590941642
2431,30,0.10614126666666669,0.103459,0.12311979999999996,0.12812166666666666,0.1239735,0.15094509999999994,0.003866659,7758.636073157731
2432,30,0.10419553333333333,0.1014705,0.11492009999999997,0.12559860000000003,0.1222255,0.14035684999999998,0.003790622,7914.268423493559
2433,30,0.1119409,0.10631099999999999,0.13340759999999993,0.13691886666666667,0.1303675,0.16855379999999992,0.004131969,7260.461053797838
2434,30,0.11289886666666667,0.10986499999999999,0.1280005,0.13661333333333334,0.1327815,0.15665164999999995,0.004125696,7271.500372300819
2435,30,0.12163020000000002,0.1138605,0.1591897,0.1474404,0.13667049999999997,0.19468469999999993,0.004449479,6742.362420409221
2436,30,0.10836906666666667,0.104606,0.12203724999999997,0.13124543333333333,0.1262615,0.14940774999999995,0.003959834,7576.075158706149
2437,30,0.11595703333333332,0.11354700000000001,0.13256595,0.13987799999999997,0.1360095,0.1546748,0.004219794,7109.351783523082
2438,30,0.10925786666666666,0.10259,0.1498118,0.13202153333333333,0.1242965,0.1794012,0.003982876,7532.245543170313
2439,30,0.13477616666666664,0.11238000000000001,0.17021964999999992,0.1625291666666667,0.137939,0.21273264999999988,0.004900888,6121.339642938177
2440,30,0.11519973333333335,0.106736,0.1631392999999999,0.14108833333333334,0.1305265,0.2010286999999999,0.004258226,7045.187362061102
2441,30,0.10915126666666668,0.105752,0.13072459999999997,0.13278956666666666,0.1274815,0.16088154999999993,0.004007342,7486.258971657523
2442,30,0.10725803333333334,0.1042855,0.12153739999999998,0.1302381333333333,0.1256135,0.15071854999999995,0.003929959,7633.667425029115
2443,30,0.1082585,0.104323,0.12376489999999997,0.1312988,0.1257595,0.15140324999999996,0.003961586,7572.7246612846475
2444,30,0.10820443333333335,0.10413449999999999,0.12667974999999998,0.13206413333333333,0.126602,0.15593759999999995,0.003984769,7528.667282846258
2445,30,0.10838039999999999,0.104184,0.12702509999999997,0.13184353333333335,0.1273815,0.1559651,0.003979141,7539.315646266367
2446,30,0.10939763333333334,0.10534299999999999,0.12361019999999998,0.13272583333333332,0.12769000000000003,0.15227469999999996,0.004004723,7491.154818947528
2447,30,0.10851453333333332,0.10562550000000001,0.12669559999999996,0.13160456666666664,0.1273685,0.15576354999999995,0.003970882,7554.9965977331985
2448,30,0.10771306666666666,0.1050385,0.12445399999999997,0.13125636666666665,0.12707400000000002,0.15340424999999996,0.003960502,7574.797336297267
2449,30,0.10705949999999999,0.10536899999999999,0.11765639999999997,0.12974639999999998,0.12818849999999998,0.14352594999999996,0.003915364,7662.122857542747
2450,30,0.10674466666666668,0.1042825,0.12118374999999998,0.1294186333333333,0.126306,0.14685959999999998,0.003905041,7682.377726635905
2451,30,0.11019333333333332,0.106487,0.13058545,0.13392486666666667,0.12803350000000002,0.15860849999999999,0.004044723,7417.071576965839
2452,30,0.10535646666666668,0.102156,0.11812189999999999,0.12779713333333334,0.123579,0.14578154999999998,0.003855859,7780.3674875040815
2453,30,0.10876463333333332,0.1042715,0.12565674999999996,0.1318996,0.12636999999999998,0.15396114999999996,0.003979233,7539.141337036559
2454,30,0.10838306666666668,0.10516,0.12512979999999999,0.1318318,0.12803,0.15425419999999998,0.003978146,7541.201353595368
2455,30,0.10876033333333333,0.105592,0.12739934999999997,0.13160893333333332,0.126957,0.15620549999999994,0.003970514,7555.696819102011
2456,30,0.10750370000000002,0.10402,0.12157744999999998,0.1306797,0.1257085,0.14940179999999995,0.003942966,7608.485591810835
2457,30,0.10544023333333334,0.1029425,0.11556209999999997,0.12793866666666667,0.1247145,0.14079334999999996,0.003860749,7770.512923787586
2458,30,0.10738373333333333,0.10369049999999999,0.12464624999999997,0.1305492666666667,0.1252525,0.15382779999999996,0.003938957,7616.229372394774
2459,30,0.10946046666666667,0.10559099999999999,0.12525584999999997,0.13296826666666667,0.1279345,0.15319019999999997,0.004011742,7478.048189539606
2460,30,0.10745350000000001,0.102551,0.12462449999999997,0.13045,0.1241485,0.15220474999999994,0.003936144,7621.6723778398355
2461,30,0.11885686666666667,0.117456,0.1450907,0.14297539999999997,0.1397805,0.17002844999999997,0.004312933,6955.823334144074
2462,30,0.10788153333333333,0.10336100000000001,0.12614514999999996,0.13088156666666667,0.124925,0.15528484999999995,0.003949409,7596.073235261276
2463,30,0.18248303333333335,0.11236,0.45229544999999993,0.21817646666666668,0.137126,0.5248116499999999,0.006588841,4553.152823083757
2464,30,0.11976760000000002,0.1091005,0.15695529999999996,0.14507323333333336,0.132567,0.19914874999999996,0.00437734,6853.477225895178
2465,30,0.10853883333333332,0.1041215,0.1284697,0.1318829,0.126145,0.16182784999999994,0.003979056,7539.476700001206
2466,30,0.10583580000000001,0.102869,0.11962989999999998,0.1282677,0.124076,0.1531251,0.003870042,7751.853855849626
2467,30,0.10690880000000001,0.1029975,0.12985009999999997,0.12971163333333335,0.1245645,0.15615009999999993,0.003913846,7665.094640923531
2468,30,0.10756116666666668,0.10341800000000001,0.12423444999999997,0.1303234333333333,0.126407,0.15316434999999995,0.003936134,7621.69174118564
2469,30,0.11039616666666668,0.10481399999999999,0.12818589999999996,0.13410063333333333,0.1267705,0.15639954999999997,0.004046499,7413.81623966792
2470,30,0.10784653333333336,0.1045875,0.12424264999999997,0.1303394,0.125668,0.15262664999999997,0.003934174,7625.488857381498
2471,30,0.10687090000000002,0.102161,0.12145989999999998,0.12941453333333333,0.1229165,0.14751364999999997,0.003905624,7681.230963349262
2472,30,0.10909216666666666,0.105298,0.12279004999999996,0.1323289,0.126852,0.15067644999999996,0.00399397,7511.323319904755
2473,30,0.1041351,0.1011035,0.11493954999999997,0.12577983333333337,0.121507,0.14161129999999997,0.003796596,7901.8152049888895
2474,30,0.10664796666666665,0.1027835,0.12676725,0.12943243333333335,0.12407099999999999,0.1515321,0.003906537,7679.43577649463
2475,30,0.10682586666666666,0.1024065,0.1236273,0.12989240000000002,0.1239205,0.15144414999999997,0.003920672,7651.749496004766
2476,30,0.10658290000000002,0.10321649999999999,0.12594849999999996,0.12900986666666667,0.124994,0.15288139999999995,0.003893963,7704.233450600327
2477,30,0.10689223333333335,0.103577,0.12453079999999997,0.1293461,0.1248145,0.15232834999999995,0.003905217,7682.031497865548
2478,30,0.10632986666666668,0.1032155,0.11948194999999998,0.12906063333333334,0.124171,0.14724484999999998,0.003893689,7704.775599694788
2479,30,0.1075227333333333,0.1037665,0.12200934999999999,0.13048106666666665,0.12582,0.15028574999999994,0.003937106,7619.81008385347
2480,30,0.10658700000000002,0.10370199999999999,0.12164619999999998,0.12899696666666668,0.124792,0.14960284999999995,0.003892187,7707.748882569105
2481,30,0.1057600666666667,0.1019825,0.12128904999999998,0.1279081,0.1229535,0.14857664999999995,0.003859131,7773.770830790662
2482,30,0.1717978666666667,0.116589,0.34807799999999994,0.20925199999999997,0.1424115,0.42052629999999996,0.006310952,4753.640972075212
2483,30,0.1044033,0.1039375,0.11349835,0.12599223333333334,0.1238515,0.13988389999999998,0.003804642,7885.104564371628
2484,30,0.11399743333333331,0.11014399999999999,0.13563699999999998,0.13676850000000004,0.13189800000000002,0.1585293,0.004125265,7272.260085109683
2485,30,0.10929029999999999,0.1038085,0.13108335,0.1315925666666667,0.12398,0.15649535,0.003974248,7548.597873107064
2486,30,0.1068876,0.1027555,0.12936214999999995,0.12869080000000002,0.1228235,0.15513804999999997,0.003881804,7728.365471311792
2487,30,0.10471659999999999,0.1012235,0.12023209999999997,0.12613726666666664,0.12161549999999999,0.14714664999999996,0.003805008,7884.3461038715295
2488,30,0.1068674,0.102758,0.12151814999999998,0.12895996666666668,0.122963,0.14865739999999997,0.003890991,7710.11806503793
2489,30,0.10719203333333333,0.103311,0.122123,0.12942076666666666,0.12332950000000001,0.14809374999999997,0.003907269,7677.9970869679055
2490,30,0.10361000000000001,0.102117,0.1129555,0.1253610666666667,0.1231295,0.13926,0.003782306,7931.669198631734
2491,30,0.1059489,0.101376,0.12203714999999998,0.12768423333333334,0.12182799999999999,0.14846744999999997,0.003852455,7787.24216116736
2492,30,0.10781990000000001,0.1015325,0.13838484999999992,0.12953683333333332,0.12123500000000001,0.16532954999999994,0.003911761,7669.180197869962
2493,30,0.10544213333333335,0.1026415,0.11801254999999998,0.12743973333333333,0.12307850000000001,0.14598529999999998,0.003844575,7803.203214919725
2494,30,0.11099706666666664,0.1045005,0.13829369999999996,0.1386522,0.127849,0.1768969,0.004183417,7171.1713176095045
2495,30,0.1040999,0.1009855,0.11994914999999996,0.12692363333333334,0.12255550000000001,0.14363204999999998,0.003830248,7832.391009668303
2496,30,0.10618016666666666,0.10152349999999999,0.12367104999999999,0.12853993333333333,0.123463,0.15202944999999998,0.003878369,7735.210342285636
2497,30,0.1060333,0.102796,0.12012094999999996,0.1288088,0.12401200000000001,0.14821584999999995,0.003886677,7718.6758765907225
2498,30,0.1066534,0.10242100000000001,0.124466,0.12899513333333332,0.123459,0.15216044999999997,0.003892341,7707.443926418574
2499,30,0.1492737,0.1140415,0.3426484999999999,0.18900096666666666,0.1404135,0.44002639999999976,0.005699492,5263.627003950528
2500,30,0.10457336666666665,0.1012305,0.11443414999999997,0.1267815,0.121933,0.14014109999999996,0.00382536,7842.399146746973
2501,30,0.10785023333333334,0.1036355,0.12583394999999997,0.1304382666666667,0.125699,0.15220359999999997,0.003935986,7621.978330207476
2502,30,0.1033811333333333,0.10114400000000001,0.11329759999999998,0.1252846,0.1222935,0.13804869999999997,0.00378364,7928.8727257350065
2503,30,0.10725370000000001,0.1020645,0.13066679999999994,0.129735,0.122907,0.16137444999999995,0.003914856,7663.117110820934
2504,30,0.10519686666666667,0.10200100000000001,0.12212569999999996,0.12734093333333332,0.12158,0.15011844999999996,0.003842345,7807.731996996626
2505,30,0.10580873333333335,0.10190350000000001,0.11962234999999997,0.1286504,0.1234615,0.14730404999999996,0.003881963,7728.048927823372
2506,30,0.11108523333333332,0.10315450000000001,0.15011794999999994,0.1355374666666667,0.1242935,0.1862005499999999,0.004090237,7334.538316483861
2507,30,0.10562013333333335,0.101564,0.12231349999999999,0.12819853333333334,0.1227715,0.15017779999999997,0.003868297,7755.350739614874
2508,30,0.13649119999999998,0.11722099999999999,0.22919034999999996,0.1634323666666667,0.142909,0.2519799,0.004928768,6086.713758894718
2509,30,0.11169319999999998,0.1088035,0.13035824999999998,0.13616139999999996,0.134563,0.16109464999999995,0.004109365,7300.3979933639375
2510,30,0.1420335333333333,0.1423435,0.15755925,0.17286229999999997,0.172564,0.19122555,0.005216779,5750.674889620587
2511,30,0.11577243333333334,0.1087995,0.14298914999999998,0.1408845,0.13182100000000002,0.17610805,0.004250372,7058.205728816208
2512,30,0.1092922,0.10572799999999999,0.12488174999999997,0.13277443333333333,0.1280615,0.15378069999999996,0.004006829,7487.217448011882
2513,30,0.111037,0.10549349999999999,0.14230759999999992,0.13421423333333332,0.1268825,0.1797863999999999,0.004051277,7405.072524046122
2514,30,0.11090563333333334,0.104469,0.14281324999999992,0.13534783333333333,0.1250495,0.1817276499999999,0.004084464,7344.904986309097
2515,30,0.1046533,0.102332,0.11330525000000001,0.1268774,0.1224875,0.14043394999999997,0.00382885,7835.250793319143
2516,30,0.1075859,0.1033715,0.12636395,0.1302151666666667,0.1245155,0.15491324999999997,0.003930066,7633.459590754964
2517,30,0.1073785,0.1035445,0.12350144999999996,0.13063019999999997,0.12538950000000001,0.15202279999999993,0.003943138,7608.1537090510155
2518,30,0.10616846666666666,0.10239999999999999,0.12212099999999998,0.12825483333333332,0.122917,0.15058504999999997,0.003871199,7749.537029741948
2519,30,0.1060293,0.1022495,0.12300874999999997,0.12864546666666665,0.123373,0.15201959999999998,0.003886625,7718.779146431673
2520,30,0.10858686666666667,0.104725,0.12387134999999999,0.13131233333333334,0.125672,0.15138509999999997,0.003962897,7570.219463185645
2521,30,0.10793343333333336,0.104904,0.12343544999999996,0.13124213333333332,0.127998,0.15128999999999995,0.003960974,7573.894703676419
2522,30,0.10505800000000003,0.10159499999999999,0.11704474999999998,0.12666396666666666,0.122287,0.14312564999999997,0.003821258,7850.817715003802
2523,30,0.13525616666666668,0.1098595,0.2620972999999999,0.16468983333333337,0.132645,0.31749904999999995,0.004966498,6040.473589237326
2524,30,0.10553379999999998,0.102989,0.12087989999999998,0.1274349,0.1238695,0.14674064999999997,0.003844521,7803.312818423934
2525,30,0.10730776666666665,0.1039725,0.12143604999999998,0.12896849999999999,0.12417700000000001,0.14797924999999998,0.0038904,7711.2893275755705
2526,30,0.15272143333333332,0.109124,0.38096194999999955,0.18359683333333338,0.1316925,0.44222444999999944,0.005540722,5414.456816277734
2527,30,0.12028116666666668,0.1130245,0.1663760999999999,0.1474007,0.1363155,0.21722019999999978,0.004447712,6745.04104582311
2528,30,0.11767713333333331,0.116562,0.1269771,0.14329626666666664,0.141268,0.1541275,0.004324611,6937.0401175967045
2529,30,0.13768400000000003,0.12832949999999999,0.20538189999999987,0.1728395333333333,0.1554175,0.26122789999999985,0.005217087,5750.335388311523
2530,30,0.15089273333333336,0.133772,0.23121414999999998,0.18503113333333335,0.1637865,0.2995808499999999,0.005584881,5371.645340339392
2531,30,0.13221173333333333,0.1219835,0.19533684999999995,0.16099956666666668,0.1483625,0.25340664999999996,0.004856388,6177.430633631416
2532,30,0.1255571,0.1207715,0.15398664999999995,0.15574183333333333,0.14462049999999999,0.1978711499999999,0.004697862,6385.883621102536
2533,30,0.12723040000000002,0.124638,0.14096355,0.153232,0.148824,0.17078899999999997,0.004623385,6488.752288637005
2534,30,0.13204533333333332,0.1248025,0.16911015,0.1592518,0.14863500000000002,0.20667814999999998,0.004804114,6244.647816433998
2535,30,0.12099586666666667,0.116966,0.14358395,0.1463129,0.142589,0.17031674999999996,0.004414556,6795.70040565801
2536,30,0.10975396666666667,0.1035755,0.13593509999999998,0.1328303666666667,0.124721,0.1624251,0.004011595,7478.322213483665
2537,30,0.1436672666666667,0.1283265,0.22387339999999997,0.17601893333333332,0.156023,0.27223634999999996,0.00531107,5648.579288166038
2538,30,0.12108906666666666,0.111721,0.18989269999999994,0.14829236666666665,0.13385350000000001,0.24192129999999987,0.004474726,6704.321113739701
2539,30,0.11054876666666666,0.107533,0.12767014999999995,0.1337586,0.1291025,0.15748734999999994,0.004035886,7433.3120410239535
2540,30,0.120979,0.1168545,0.15683,0.14755396666666665,0.141801,0.20089335,0.004451697,6739.00312622355
2541,30,0.11274953333333335,0.1106945,0.12713149999999998,0.13609276666666667,0.13399650000000002,0.15395214999999998,0.004106321,7305.809750382399
2542,30,0.1061920333333333,0.102276,0.12280709999999997,0.12892536666666668,0.1236125,0.14990289999999998,0.003889952,7712.177425325557
2543,30,0.10638790000000001,0.10177449999999999,0.14190649999999994,0.12898033333333334,0.12252450000000001,0.17415614999999995,0.003891695,7708.723319787393
2544,30,0.133357,0.11390549999999999,0.24695485,0.15743273333333332,0.136235,0.27084129999999995,0.004745975,6321.145813031042
2545,30,0.11070566666666666,0.102698,0.14631489999999997,0.13382773333333334,0.12370400000000001,0.17934139999999996,0.004036792,7431.643740871465
2546,30,0.1083049,0.1040625,0.1397619499999999,0.13059689999999996,0.124862,0.1710890999999999,0.00394095,7612.377726182773
2547,30,0.11905743333333335,0.10756199999999999,0.17398359999999996,0.14631423333333332,0.129631,0.22476609999999997,0.004414903,6795.1662811164815
2548,30,0.11736393333333334,0.11022,0.1542140999999999,0.14188033333333333,0.1349955,0.18886504999999987,0.004280177,7009.0559339018
2549,30,0.10649176666666668,0.1006185,0.12586059999999996,0.12897499999999998,0.121682,0.15279069999999995,0.003891195,7709.71385397031
2550,30,0.10926306666666669,0.1074915,0.12291429999999999,0.13198053333333334,0.12920199999999998,0.14944799999999997,0.003982152,7533.614990085763
2551,30,0.11589366666666666,0.114728,0.12960264999999999,0.13977520000000002,0.138465,0.155071,0.004217444,7113.313182107457
2552,30,0.1328354333333333,0.1300415,0.16352799999999995,0.16281376666666672,0.158778,0.2085657999999999,0.004911655,6107.92085356158
2553,30,0.11264159999999998,0.107493,0.14658154999999992,0.1370152666666667,0.13081199999999998,0.1786274499999999,0.00413871,7248.635444377595
2554,30,0.11268083333333331,0.10989399999999999,0.12793689999999996,0.13642576666666667,0.1321755,0.15790889999999996,0.004115964,7288.693487115048
2555,30,0.10815993333333335,0.10553699999999999,0.12203564999999998,0.1309974333333333,0.12784099999999998,0.15089759999999997,0.003952711,7589.727657802455
2556,30,0.11104930000000003,0.1079195,0.12806504999999999,0.13491813333333333,0.13000499999999998,0.15823079999999995,0.004070883,7369.408553377732
2557,30,0.10920616666666666,0.105641,0.12501269999999998,0.1323258,0.127874,0.15172324999999998,0.00399182,7515.3689294607475
2558,30,0.12821680000000002,0.1076335,0.2709129499999998,0.15578276666666663,0.128729,0.32355174999999997,0.004702149,6380.061542073635
2559,30,0.10922316666666666,0.1065145,0.12299304999999998,0.13260656666666665,0.1283935,0.15180974999999997,0.00400199,7496.270605373826
2560,30,0.1067886,0.1049425,0.12014049999999997,0.1303503,0.126554,0.14862259999999997,0.003934705,7624.45977525634
2561,30,0.10799479999999999,0.1032115,0.12753794999999998,0.13138513333333332,0.1253705,0.1572102,0.003965985,7564.32512982273
2562,30,0.1092061,0.10533100000000001,0.13132419999999995,0.1333092,0.12872450000000002,0.16170639999999994,0.004024077,7455.1257344230735
2563,30,0.11002753333333332,0.106401,0.12774424999999998,0.13394796666666667,0.12914399999999998,0.15549804999999997,0.004042788,7420.6216106310785
2564,30,0.10842079999999998,0.1039535,0.12671005,0.13178536666666665,0.12563249999999998,0.15534854999999997,0.0039774,7542.61577915221
2565,30,0.10588163333333332,0.10335749999999999,0.11672674999999998,0.12825956666666666,0.1261455,0.14406989999999997,0.003870963,7750.00949376163
2566,30,0.10791676666666666,0.1035515,0.1279591,0.13208089999999997,0.1255095,0.161125,0.003985399,7527.477173552761
2567,30,0.10988920000000002,0.105238,0.12828835,0.13305166666666668,0.12675999999999998,0.1573269,0.004013748,7474.310793801703
2568,30,0.10685896666666667,0.10399800000000001,0.12293759999999997,0.12974446666666667,0.125527,0.15095944999999997,0.003914558,7663.700473974328
2569,30,0.10719143333333334,0.1048305,0.12267424999999997,0.13037703333333336,0.12681900000000002,0.15131224999999995,0.003933531,7626.735368298865
2570,30,0.10884306666666665,0.104185,0.12463229999999997,0.13227376666666665,0.1264845,0.15363649999999995,0.003994456,7510.409427466468
2571,30,0.10677726666666666,0.102732,0.12190819999999998,0.12934256666666666,0.123042,0.14867704999999998,0.003901848,7688.664448230685
2572,30,0.10899759999999999,0.105049,0.12418819999999997,0.1319877,0.1262925,0.15331519999999996,0.003981582,7534.693496203268
2573,30,0.10726453333333333,0.1044875,0.12127084999999997,0.13016229999999998,0.12643700000000002,0.14975554999999996,0.003927252,7638.929205459695
2574,30,0.1082477,0.104171,0.1252931,0.13115050000000003,0.12648700000000002,0.15325859999999997,0.003957019,7581.4647339322855
2575,30,0.11054266666666668,0.1077415,0.13378839999999997,0.1338877,0.130579,0.1590903,0.00403917,7427.268473473511
2576,30,0.11432566666666664,0.11322950000000001,0.13524579999999994,0.13858589999999998,0.1365065,0.16447979999999993,0.004181692,7174.12951503841
2577,30,0.10559299999999999,0.101693,0.11828954999999998,0.1281072,0.1234995,0.14502239999999997,0.003865266,7761.43220156129
2578,30,0.10547466666666666,0.1034825,0.11316295,0.12889330000000002,0.12542799999999998,0.14826539999999996,0.003889206,7713.656720677691
2579,30,0.1068995,0.1038515,0.12174464999999997,0.1304843,0.1256565,0.15040869999999995,0.003937001,7620.01330454323
2580,30,0.10800139999999998,0.105197,0.12147719999999998,0.13151269999999998,0.127865,0.14883469999999996,0.003968452,7559.622744586554
2581,30,0.11383583333333334,0.1061865,0.14932994999999996,0.1372334666666667,0.12936599999999998,0.1838337999999999,0.004139941,7246.480082687168
2582,30,0.11034769999999999,0.1076505,0.13325235,0.13384496666666665,0.1289745,0.16341399999999998,0.004040826,7424.224651098562
2583,30,0.1103738,0.105293,0.12688619999999998,0.13408063333333334,0.127305,0.15481959999999995,0.004045595,7415.472878525903
2584,30,0.10711683333333336,0.103146,0.12161474999999997,0.1300953,0.1245445,0.14976984999999995,0.003925304,7642.7201561968195
2585,30,0.10797333333333334,0.104614,0.12216484999999998,0.13116976666666666,0.1263635,0.15012974999999998,0.00395757,7580.409190488103
2586,30,0.10686849999999999,0.10298650000000001,0.12506925,0.1296155,0.1243475,0.15339674999999997,0.003910697,7671.266784412088
2587,30,0.10726836666666668,0.10352549999999999,0.12539149999999996,0.13039030000000001,0.1249585,0.15443629999999997,0.003934052,7625.7253335746445
2588,30,0.10871990000000001,0.103451,0.12474989999999996,0.1317513333333333,0.1244745,0.15400314999999995,0.003980514,7536.715107646902
2589,30,0.12599470000000002,0.1093385,0.19807319999999992,0.1501234666666667,0.13090849999999998,0.22764694999999993,0.00452781,6625.719718804455
2590,30,0.10832856666666665,0.10549349999999999,0.12163459999999997,0.1317677,0.128163,0.15147499999999997,0.003975646,7545.943476858854
2591,30,0.10750989999999999,0.1044335,0.12369464999999998,0.13081073333333335,0.126357,0.15470739999999994,0.003945982,7602.670260533373
2592,30,0.10646163333333333,0.10184399999999999,0.12371134999999997,0.12980196666666666,0.12434400000000001,0.15339004999999997,0.003916203,7660.481338684434
2593,30,0.10837150000000002,0.1035155,0.12207989999999998,0.1317052,0.1260755,0.15105104999999996,0.003973459,7550.0967796572195
2594,30,0.10746376666666668,0.1040155,0.12975119999999998,0.13050900000000001,0.126356,0.15590145,0.00393789,7618.293045260279
2595,30,0.10700966666666666,0.103546,0.12345445,0.12972316666666667,0.1253575,0.15063904999999997,0.003914176,7664.44840497719
2596,30,0.1290072,0.11583650000000001,0.19770984999999996,0.15550170000000002,0.1410095,0.23213899999999993,0.004689493,6397.2800471181
2597,30,0.10644843333333334,0.1028365,0.12055899999999997,0.12868973333333333,0.12365200000000001,0.14812609999999996,0.003882191,7727.595061654617
2598,30,0.11072306666666668,0.1061795,0.13739099999999996,0.13322823333333333,0.12758049999999999,0.16363414999999998,0.004019314,7463.960267846702
2599,30,0.11982083333333333,0.11977750000000001,0.14639185,0.14431603333333334,0.141265,0.1760581,0.004354182,6889.927890014704
2600,30,0.12286456666666666,0.109678,0.19199229999999992,0.14873526666666667,0.1321315,0.2441166499999999,0.004487763,6684.844988471986
2601,30,0.10726926666666665,0.1051305,0.11331279999999999,0.12984506666666668,0.127558,0.13975319999999997,0.003917983,7657.001064067915
2602,30,0.10851333333333332,0.104009,0.12366314999999999,0.130949,0.1251985,0.15239569999999997,0.003951188,7592.653146344847
2603,30,0.10906056666666668,0.1082535,0.12031524999999997,0.1319724,0.1298,0.14758464999999996,0.003981371,7535.092810994001
2604,30,0.10838336666666668,0.10541400000000001,0.12032044999999998,0.13109616666666665,0.1270885,0.14815964999999998,0.003960516,7574.770560199732
2605,30,0.10597703333333335,0.10216800000000001,0.11991784999999998,0.1279253,0.122873,0.14656649999999996,0.00386762,7756.708259860069
2606,30,0.10658346666666667,0.102154,0.12387234999999998,0.12895316666666667,0.1225585,0.15307439999999997,0.003892263,7707.5983817126435
2607,30,0.11699776666666666,0.1076,0.15579559999999995,0.14302223333333333,0.13040200000000002,0.19781864999999993,0.004316629,6949.867593439233
2608,30,0.10788746666666667,0.1061485,0.11933029999999996,0.13108783333333335,0.1279995,0.14610164999999994,0.003956736,7582.00698757764
2609,30,0.10898369999999998,0.10678399999999999,0.12597704999999998,0.13200503333333333,0.1278395,0.15549639999999995,0.003983975,7530.167734486286
2610,30,0.1081157,0.10419049999999999,0.12553649999999997,0.1316306,0.1268185,0.15373884999999995,0.00397167,7553.497647085483
2611,30,0.11883433333333333,0.1154225,0.15383959999999997,0.14390326666666667,0.1396155,0.17935509999999996,0.004340868,6911.060184276508
2612,30,0.12178853333333335,0.108465,0.18748174999999992,0.14795566666666668,0.1308065,0.22579085,0.004463379,6721.365136144612
2613,30,0.10565536666666664,0.10121,0.12044524999999999,0.12753873333333335,0.1220505,0.14829845,0.0038477,7796.865660004678
2614,30,0.1054598,0.1018415,0.12198505,0.1276591333333333,0.12313450000000001,0.15004394999999998,0.003851703,7788.762529198123
2615,30,0.11626776666666667,0.106444,0.16765139999999998,0.13876463333333336,0.1283895,0.20082294999999994,0.00418544,7167.7051875071675
2616,30,0.13906516666666668,0.105079,0.2862073999999999,0.16864013333333328,0.125232,0.3297908499999999,0.005085817,5898.75726948099
2617,30,0.10527366666666668,0.101532,0.11985044999999998,0.12734163333333334,0.1218005,0.14625614999999997,0.00384172,7809.00221775663
2618,30,0.10477503333333332,0.10125300000000001,0.12003284999999997,0.12626203333333333,0.122224,0.14740264999999997,0.003809015,7876.05194518793
2619,30,0.11136183333333334,0.1017565,0.14958300000000002,0.13289313333333333,0.1225715,0.18289479999999994,0.00400808,7484.880541306561
2620,30,0.10404176666666666,0.101118,0.11879594999999997,0.1261782,0.121729,0.14773679999999997,0.003806766,7880.705039395644
2621,30,0.10502706666666668,0.10120399999999999,0.12369334999999997,0.1265995666666667,0.121862,0.1530271,0.003818818,7855.833925575925
2622,30,0.1160057,0.104704,0.18815929999999992,0.14004469999999997,0.12572850000000002,0.22081369999999997,0.004227596,7096.23152259582
2623,30,0.12225233333333335,0.121787,0.1452858,0.14866876666666667,0.146831,0.17611954999999999,0.004484175,6690.193848366756
2624,30,0.14085143333333333,0.1229915,0.2691803999999999,0.1692582333333333,0.15019300000000002,0.2973601499999999,0.005104196,5877.5172426764175
2625,30,0.10967489999999999,0.1053135,0.12393324999999997,0.1336102333333333,0.127768,0.15398254999999997,0.004031449,7441.493120711684
2626,30,0.11052573333333332,0.10779,0.12635014999999997,0.1341291,0.13050299999999998,0.15526269999999998,0.004048763,7409.670558637292
2627,30,0.11549003333333335,0.1135835,0.13809609999999997,0.1409737,0.137608,0.1815361499999999,0.004252921,7053.975373631441
2628,30,0.1087673,0.1064735,0.12773549999999997,0.1314719,0.12839,0.15716914999999995,0.003966699,7562.963562397853
2629,30,0.10887150000000001,0.1044755,0.12012484999999998,0.1314825666666667,0.1255505,0.14598124999999998,0.00397091,7554.943325333487
2630,30,0.13616120000000004,0.11178350000000001,0.174805,0.16264383333333335,0.135048,0.23232094999999994,0.004907821,6112.692374069878
2631,30,0.1075747,0.10261200000000001,0.1262306,0.13100599999999998,0.1245745,0.15739299999999995,0.003952465,7590.200039722047
2632,30,0.1061658333333333,0.1030735,0.11814334999999998,0.12876343333333332,0.1247285,0.14394649999999998,0.003885444,7721.125307686843
2633,30,0.10913113333333332,0.1039605,0.14609739999999996,0.13251903333333334,0.1250145,0.18082954999999995,0.003999819,7500.339390357414
2634,30,0.12230623333333336,0.109792,0.1951339999999999,0.1495052666666667,0.132489,0.24353119999999986,0.004510811,6650.688756412095
2635,30,0.10941496666666667,0.104163,0.1286669,0.13231353333333334,0.125398,0.15547355,0.003995058,7509.277712613934
2636,30,0.10697133333333333,0.103846,0.12401899999999998,0.12976200000000002,0.1257865,0.15072599999999997,0.003914769,7663.287412360729
2637,30,0.10730923333333332,0.10269049999999999,0.1261165,0.1299573,0.1242535,0.15219409999999997,0.003920797,7651.505548489248
2638,30,0.1228729,0.11224100000000001,0.17570259999999988,0.15006060000000002,0.136697,0.2151472999999999,0.004528124,6625.260262307304
2639,30,0.11024356666666665,0.1066595,0.13143895,0.13384216666666665,0.128085,0.159105,0.00404218,7421.737775160927
2640,30,0.10909356666666667,0.1030835,0.13990934999999996,0.1323715,0.124304,0.17275504999999994,0.003994053,7511.167227876044
2641,30,0.10676429999999999,0.1031995,0.12407104999999996,0.12924980000000003,0.124608,0.15532269999999992,0.003899436,7693.420279240382
2642,30,0.12515996666666665,0.1108845,0.17982594999999987,0.15243230000000002,0.133738,0.2211474499999999,0.004600997,6520.325920664586
2643,30,0.11838213333333333,0.1114145,0.15058115,0.14407186666666666,0.1358205,0.1935655,0.004346752,6901.70499720251
2644,30,0.1311041,0.1183105,0.2030381999999998,0.15834979999999999,0.1454075,0.23425304999999982,0.00477679,6280.368197052832
2645,30,0.1394606,0.13073,0.2160700499999998,0.16813143333333333,0.159472,0.25001614999999977,0.00507183,5915.024754378597
2646,30,0.14669046666666666,0.12986599999999998,0.22268244999999995,0.17749993333333333,0.1563735,0.26884254999999985,0.005355528,5601.688573003446
2647,30,0.20751826666666667,0.142884,0.43550954999999997,0.25191013333333334,0.1775775,0.5149918,0.00759632,3949.2807043410494
2648,30,0.1225532,0.1198905,0.13418354999999998,0.14892943333333336,0.146254,0.16049005,0.004494625,6674.639152320827
2649,30,0.11706286666666667,0.112872,0.13657944999999996,0.1422831333333333,0.1362765,0.16752024999999998,0.004295328,6984.332744786894
2650,30,0.11229640000000002,0.1106245,0.11962335,0.13727916666666665,0.13349250000000001,0.14946695,0.004144297,7238.863430878627
2651,30,0.12371570000000001,0.1171015,0.14764069999999999,0.15046626666666668,0.14202599999999999,0.18154815,0.004556287,6584.308670634664
2652,30,0.1384154,0.126228,0.24389589999999997,0.17115186666666668,0.15506,0.2936735,0.005165033,5808.288156145371
2653,30,0.12029013333333334,0.1159955,0.13564999999999997,0.14666003333333333,0.140673,0.16972989999999996,0.004425934,6778.2303125170865
2654,30,0.12395479999999996,0.118524,0.15583764999999997,0.1501544333333333,0.14488250000000003,0.18703174999999997,0.004529621,6623.070671917142
2655,30,0.1576679666666667,0.122088,0.4006665999999993,0.19158606666666664,0.1472505,0.4653998999999995,0.005778342,5191.800693001557
2656,30,0.1147588,0.111899,0.12866655,0.13884263333333335,0.13392500000000002,0.15895619999999996,0.004193769,7153.469826306599
2657,30,0.12655456666666665,0.117477,0.16338695,0.15853500000000004,0.141866,0.20742824999999998,0.004782763,6272.524898264874
2658,30,0.14642586666666668,0.125161,0.24304369999999986,0.17885689999999999,0.15043,0.2957036999999998,0.005396314,5559.35032690833
2659,30,0.1447515,0.120824,0.26109759999999993,0.1776389,0.146129,0.32852844999999986,0.00536029,5596.7121181876355
2660,30,0.19389973333333335,0.127462,0.46007634999999986,0.2347940666666667,0.156219,0.5465355999999999,0.007086303,4233.519227162597
2661,30,0.17604993333333332,0.121148,0.39051284999999974,0.21805546666666667,0.1485615,0.4850663499999998,0.00657887,4560.053626230645
2662,30,0.11227460000000002,0.107007,0.1395833999999999,0.13628010000000002,0.1302515,0.1694056499999999,0.004112318,7295.155676190411
2663,30,0.11493436666666665,0.11000750000000001,0.1369244,0.14016336666666668,0.132734,0.16826629999999995,0.004228842,7094.140665458771
2664,30,0.12378283333333331,0.121288,0.14810144999999997,0.14951296666666666,0.145486,0.18069089999999996,0.004514331,6645.502954922889
2665,30,0.11786066666666667,0.110504,0.16077024999999998,0.14288573333333332,0.13275900000000002,0.19380444999999996,0.004309902,6960.71511602816
2666,30,0.10878893333333334,0.10476099999999999,0.12692239999999996,0.131884,0.1271825,0.15499024999999994,0.003978706,7540.139934943672
2667,30,0.11199616666666667,0.1083325,0.13224329999999998,0.1357308333333333,0.131172,0.16044855,0.00409512,7325.792650764813
2668,30,0.18937550000000006,0.14811249999999998,0.3645441,0.2337365,0.173648,0.42409179999999985,0.007057554,4250.7644999953245
2669,30,0.13935926666666668,0.10788249999999999,0.23918455,0.17136179999999998,0.12938,0.30965195,0.005169619,5803.135588908969
2670,30,0.10939436666666665,0.106669,0.1260187,0.1321300333333333,0.1279055,0.15470744999999997,0.00398603,7526.285552291378
2671,30,0.11778573333333332,0.11725150000000001,0.13636034999999996,0.14203430000000003,0.14126850000000002,0.16345384999999996,0.004284641,7001.753472461287
2672,30,0.11110009999999998,0.1083085,0.13051805,0.1339018,0.1301345,0.15903545,0.004039517,7426.630461017988
2673,30,0.11132803333333333,0.106443,0.13586639999999997,0.13523756666666664,0.1286655,0.16944629999999994,0.004088257,7338.090535893414
2674,30,0.10957203333333333,0.1045205,0.13550609999999996,0.13376746666666667,0.1261545,0.17089464999999995,0.004037423,7430.482265544136
2675,30,0.12228943333333334,0.120313,0.14251604999999998,0.14785206666666667,0.144067,0.17882584999999998,0.004462839,6722.178416026211
2676,30,0.10695306666666667,0.102269,0.12314159999999998,0.12990323333333334,0.1230725,0.15069969999999994,0.003918948,7655.115607555905
2677,30,0.10593159999999999,0.10255449999999999,0.12245644999999998,0.1283637,0.1239915,0.14829539999999997,0.003873399,7745.135474037144
2678,30,0.10337236666666667,0.1002325,0.11422634999999998,0.12500809999999998,0.121695,0.13902134999999996,0.003771889,7953.574455663992
2679,30,0.11855916666666669,0.10592499999999999,0.18373624999999982,0.14275456666666667,0.1272835,0.2282773999999998,0.004305703,6967.503332208468
2680,30,0.11031006666666669,0.107391,0.12440004999999998,0.13383966666666666,0.128734,0.15579809999999997,0.004038046,7429.3358718548525
2681,30,0.11291523333333335,0.1047025,0.15975534999999996,0.13801836666666664,0.1270085,0.20222165,0.004164224,7204.2234039283185
2682,30,0.10731083333333333,0.102191,0.13204339999999998,0.12982086666666665,0.1229465,0.1602178,0.003920568,7651.952472192805
2683,30,0.137814,0.1076355,0.2735767499999999,0.16224533333333338,0.130259,0.30258869999999993,0.004891442,6133.160732561073
2684,30,0.11827416666666667,0.119946,0.13772115,0.14348693333333334,0.1444495,0.16983499999999999,0.004332218,6924.859275318094
2685,30,0.1069928,0.1016955,0.12870804999999996,0.13008823333333333,0.1237325,0.15858779999999997,0.003925611,7642.122461955604
2686,30,0.12107053333333331,0.1179235,0.14802325,0.1465402,0.14526050000000001,0.17644244999999997,0.004419908,6787.471594431377
2687,30,0.1350513333333333,0.122885,0.22055059999999982,0.16198769999999998,0.147722,0.2604282999999999,0.004885641,6140.442983837741
2688,30,0.1071220666666667,0.10490050000000001,0.1164439,0.12999546666666667,0.127122,0.14591629999999997,0.003922879,7647.444644609228
2689,30,0.10611726666666663,0.10589799999999999,0.11832124999999998,0.12862426666666665,0.1282355,0.14523739999999996,0.003882552,7726.876549238748
2690,30,0.19414613333333333,0.1739525,0.32003044999999997,0.23705040000000002,0.21004699999999998,0.38542934999999995,0.007158236,4190.976659612787
2691,30,0.2004946333333333,0.196597,0.25291805,0.24259450000000002,0.2356365,0.30904114999999993,0.007320581,4098.0353881747915
2692,30,0.12463073333333334,0.117184,0.17211039999999997,0.15094573333333333,0.141354,0.21069929999999992,0.004555423,6585.557477318791
2693,30,0.10271183333333335,0.10023850000000001,0.11178539999999998,0.1243636,0.1202635,0.13787124999999995,0.003753617,7992.291168758027
2694,30,0.10767919999999999,0.10286200000000001,0.12137889999999997,0.12979586666666668,0.1231715,0.14814679999999997,0.003917906,7657.151549832998
2695,30,0.10456993333333334,0.1011775,0.11845089999999997,0.12653533333333333,0.1215225,0.14555979999999996,0.003817607,7858.325909398217
2696,30,0.12104933333333334,0.10340099999999999,0.15416824999999984,0.1432828,0.124718,0.1910511499999998,0.004321032,6942.78589003738
2697,30,0.10921343333333332,0.103543,0.13466395,0.13304286666666668,0.124866,0.16663519999999998,0.004013618,7474.552884704025
2698,30,0.10711743333333335,0.10174,0.12965244999999997,0.12988236666666667,0.12351100000000001,0.15881704999999996,0.003919021,7654.973014944294
2699,30,0.11040053333333336,0.10864499999999999,0.12414979999999996,0.13348363333333332,0.1305655,0.15199189999999993,0.004027573,7448.654561940902
2700,30,0.11878600000000002,0.107391,0.18098534999999993,0.14428586666666668,0.1301795,0.21508239999999995,0.004354143,6889.989603005688
2701,30,0.10738556666666667,0.103925,0.12422189999999998,0.13022086666666666,0.1250045,0.15280964999999996,0.003928458,7636.584125374383
2702,30,0.1085311,0.1039945,0.12597889999999998,0.1310229,0.1245805,0.15388129999999994,0.00395263,7589.883191697679
2703,30,0.10401310000000001,0.10169900000000001,0.11355725,0.12582489999999996,0.122124,0.14016665,0.003796851,7901.284511823087
2704,30,0.14226453333333333,0.11088400000000001,0.2617041999999999,0.16998743333333335,0.13540000000000002,0.31461419999999984,0.005125607,5852.965317083421
2705,30,0.1063827,0.1032855,0.12232719999999998,0.12888809999999998,0.12418699999999999,0.15035514999999997,0.003888645,7714.7695405469
2706,30,0.10288103333333334,0.1017705,0.1094333,0.12509979999999998,0.1228825,0.13535414999999998,0.003774693,7947.666207556482
2707,30,0.11443843333333331,0.10918449999999999,0.15800094999999997,0.13899376666666668,0.1311545,0.19748159999999998,0.004197382,7147.3123008580105
2708,30,0.11490799999999998,0.11265900000000001,0.13462369999999999,0.1387213,0.1360445,0.15902794999999997,0.004185271,7167.994617313909
2709,30,0.10501863333333335,0.101923,0.12281489999999998,0.12628009999999998,0.122119,0.145767,0.003810054,7873.9041493900095
2710,30,0.10565253333333331,0.1030055,0.12392324999999998,0.12737323333333336,0.12396399999999999,0.15123419999999996,0.003842255,7807.9148833172185
2711,30,0.1060933,0.10261,0.12076644999999998,0.1281703,0.1225865,0.14851609999999996,0.003866322,7759.312338703295
2712,30,0.10945163333333334,0.105226,0.1309014,0.1321502,0.1266845,0.15563714999999997,0.003986454,7525.485055139228
2713,30,0.10466083333333334,0.101895,0.12128169999999998,0.12640113333333333,0.1223725,0.14851804999999996,0.003813261,7867.282097920913
2714,30,0.10495226666666667,0.10223399999999999,0.12079459999999997,0.12677356666666664,0.1224305,0.14798489999999997,0.003824205,7844.767736039255
2715,30,0.10685569999999998,0.1022705,0.11995024999999998,0.12881326666666668,0.123086,0.14701884999999995,0.003886063,7719.895431443083
2716,30,0.11515906666666666,0.1111875,0.15089629999999998,0.13959573333333333,0.134785,0.18579319999999994,0.00421145,7123.437295943202
2717,30,0.10765543333333331,0.10213,0.12507864999999999,0.129609,0.122206,0.15187379999999998,0.003909929,7672.773597679139
2718,30,0.10880613333333335,0.1034285,0.1429864999999999,0.13101453333333332,0.12350449999999999,0.18128179999999988,0.003952168,7590.770432835851
2719,30,0.10454256666666664,0.101863,0.12056349999999996,0.12642399999999998,0.12213,0.14666619999999994,0.003814865,7863.974216649868
2720,30,0.10801273333333335,0.10505600000000001,0.12743604999999997,0.12998593333333333,0.125881,0.15490759999999998,0.003921072,7650.968918703864
2721,30,0.1031926,0.10128599999999999,0.11090939999999999,0.12477600000000001,0.1226905,0.13867004999999996,0.003764503,7969.179464062055
2722,30,0.11298500000000002,0.1031685,0.1469469,0.13657013333333332,0.12522650000000002,0.18667964999999995,0.004120121,7281.339552891772
2723,30,0.10592533333333336,0.100733,0.12325089999999998,0.12832896666666666,0.121141,0.15079774999999995,0.003871685,7748.564255614803
2724,30,0.1349585333333333,0.13246,0.16996224999999998,0.16258050000000004,0.1590355,0.2021286,0.004908259,6112.1468936337715
2725,30,0.11036460000000001,0.106272,0.13335694999999997,0.1328222,0.1269785,0.16167509999999996,0.004007191,7486.541070789987
2726,30,0.10451143333333333,0.101638,0.12164139999999997,0.1260096666666667,0.12185499999999999,0.14899914999999994,0.003801573,7891.470188787642
2727,30,0.11047973333333333,0.1023905,0.13033279999999997,0.13385253333333333,0.124157,0.17137774999999994,0.004038674,7428.180635525423
2728,30,0.11544016666666668,0.108239,0.15920059999999997,0.14052863333333337,0.1315755,0.20094749999999995,0.00424016,7075.204709256255
2729,30,0.10640066666666667,0.1028075,0.12139739999999999,0.12901466666666667,0.1241385,0.15015489999999995,0.003892964,7706.210486405731
2730,30,0.10628309999999999,0.1027405,0.12169429999999998,0.12852689999999997,0.1249695,0.15027464999999998,0.003878233,7735.481596902507
2731,30,0.10453856666666668,0.10246050000000001,0.11470384999999998,0.12669219999999998,0.123006,0.1410367,0.00382398,7845.229316052909
2732,30,0.12066713333333334,0.11203750000000001,0.1704883999999999,0.14460403333333333,0.1356455,0.20254394999999997,0.004362898,6876.1635041662685
2733,30,0.10304683333333334,0.101081,0.11687994999999995,0.12471833333333333,0.1223155,0.14251204999999997,0.00376429,7969.63039510771
2734,30,0.11000493333333333,0.10276,0.12963875,0.133689,0.12465599999999999,0.1594789,0.004035305,7434.382283371393
2735,30,0.10500536666666666,0.10216800000000001,0.12032434999999997,0.12734893333333333,0.1230075,0.14840744999999997,0.003844041,7804.287207134367
2736,30,0.1228214,0.105849,0.2271571999999999,0.14962083333333337,0.128237,0.27541004999999996,0.004514797,6644.817031640625
2737,30,0.10571903333333334,0.1008365,0.12352409999999996,0.12817576666666666,0.122225,0.15116394999999994,0.003868671,7754.600998637517
2738,30,0.1067982,0.1009225,0.1342187,0.12906969999999998,0.121417,0.16101834999999998,0.003894793,7702.591639658384
2739,30,0.10466259999999998,0.10045899999999999,0.12125024999999998,0.12697513333333332,0.122001,0.15094224999999994,0.003832041,7828.72625840903
2740,30,0.10584723333333332,0.103687,0.12025629999999997,0.12751303333333336,0.1242685,0.15055124999999994,0.003847443,7797.386472002315
2741,30,0.10543806666666668,0.101963,0.11992669999999997,0.12767786666666664,0.12263199999999999,0.14776469999999997,0.003856323,7779.431339127972
2742,30,0.1337351666666667,0.10771649999999999,0.24022039999999995,0.16218089999999996,0.1308155,0.2886175499999999,0.004892162,6132.258089572667
2743,30,0.10409603333333334,0.101465,0.11261174999999998,0.12572366666666665,0.1215125,0.13836925,0.003793414,7908.443423259365
2744,30,0.13055619999999998,0.125526,0.19441804999999998,0.15929310000000002,0.15225899999999998,0.2339681999999999,0.004806482,6241.571278119839
2745,30,0.16244650000000002,0.15951349999999997,0.1789839,0.19761920000000002,0.1938745,0.21810865,0.005963625,5030.497390429478
2746,30,0.118209,0.1118285,0.15651119999999996,0.14328880000000002,0.1346795,0.19423174999999995,0.004323418,6938.954318088143
2747,30,0.10640356666666666,0.1037585,0.11971804999999999,0.12906606666666667,0.125093,0.14646379999999998,0.003894199,7703.766551221444
2748,30,0.1058083,0.102322,0.12328114999999995,0.12834436666666665,0.1232045,0.15170534999999996,0.003872919,7746.095386967814
2749,30,0.10688950000000001,0.10319149999999999,0.12187604999999997,0.1295829,0.12443399999999999,0.15257719999999997,0.003909987,7672.659781221779
2750,30,0.10632733333333334,0.10333200000000001,0.12349859999999997,0.1294531,0.124281,0.15397764999999997,0.003906279,7679.942984103285
2751,30,0.10502613333333331,0.1017875,0.11959509999999997,0.12735456666666664,0.1227335,0.14780409999999997,0.003843229,7805.936102168254
2752,30,0.10439740000000003,0.10147,0.11374334999999998,0.12661763333333334,0.122203,0.14015544999999996,0.00382031,7852.765875020614
2753,30,0.10391639999999999,0.10189899999999999,0.11636459999999996,0.12603953333333334,0.1226125,0.14355974999999996,0.00380286,7888.799482494755
2754,30,0.105917,0.1031,0.12200659999999998,0.12817843333333334,0.1244545,0.14962684999999995,0.003867394,7757.161540820511
2755,30,0.10948923333333332,0.1072845,0.12283084999999999,0.1327353,0.1293375,0.14919534999999998,0.004004619,7491.34936432155
2756,30,0.10804643333333333,0.104365,0.13458619999999996,0.1301813,0.125234,0.15942394999999993,0.003927992,7637.490096721174
2757,30,0.10659913333333335,0.10415250000000001,0.12140159999999997,0.1291825,0.125239,0.14931259999999996,0.00390024,7691.834348655467
2758,30,0.10499303333333332,0.10142,0.11905709999999997,0.12727780000000002,0.123114,0.14600339999999995,0.003844116,7804.134942858124
2759,30,0.10610196666666667,0.1020705,0.12008219999999997,0.12860756666666667,0.122719,0.14729144999999996,0.003879766,7732.42509986427
2760,30,0.1208742,0.10545750000000001,0.1772042499999999,0.1482537333333333,0.127569,0.23082739999999988,0.00447356,6706.068544961955
2761,30,0.10641986666666667,0.102519,0.12450264999999998,0.1288769333333333,0.1230815,0.15249574999999996,0.003888425,7715.206028147643
2762,30,0.10713773333333335,0.10318150000000001,0.12228854999999997,0.12950836666666668,0.12417500000000001,0.14898804999999998,0.003907209,7678.11499205699
2763,30,0.10416620000000001,0.1011795,0.11562614999999998,0.1257596,0.1218205,0.13945029999999997,0.003795123,7904.882134254937
2764,30,0.10577166666666667,0.10206950000000001,0.12137214999999997,0.12832103333333336,0.1228695,0.14960779999999996,0.00387199,7747.953894509025
2765,30,0.1059784,0.1027475,0.12094259999999997,0.12813036666666666,0.1244205,0.14837714999999996,0.003866286,7759.384587689581
2766,30,0.10221126666666666,0.100288,0.11592839999999996,0.12374789999999998,0.1208425,0.14145389999999997,0.003734787,8032.586597307959
2767,30,0.10419316666666666,0.10109,0.11529669999999997,0.12587193333333332,0.12229100000000001,0.14036099999999996,0.003797909,7899.083416690605
2768,30,0.10271190000000001,0.100442,0.11289429999999998,0.12438133333333333,0.121835,0.13976514999999998,0.003753194,7993.1919319917915
2769,30,0.11083876666666664,0.1026705,0.15037194999999998,0.13461343333333337,0.123984,0.18632915,0.004061964,7385.589827974841
2770,30,0.10400453333333333,0.10227900000000001,0.11496489999999997,0.12590003333333333,0.1228245,0.14035279999999994,0.003798561,7897.727586841438
2771,30,0.1048264,0.10198499999999999,0.11873504999999997,0.12661809999999998,0.1225285,0.14573489999999995,0.00382037,7852.6425450937995
2772,30,0.10623043333333335,0.1016495,0.12502955,0.12926236666666668,0.1241265,0.15212579999999998,0.003899915,7692.475348821706
2773,30,0.10633926666666665,0.1022815,0.12326019999999999,0.12909196666666667,0.12364449999999999,0.15160419999999997,0.003895393,7701.405224068534
2774,30,0.10535663333333334,0.1021175,0.12267224999999997,0.12775463333333334,0.1222175,0.15266064999999998,0.003854978,7782.145579040918
2775,30,0.1061861,0.101422,0.12484044999999995,0.1289314666666667,0.12370049999999999,0.15332984999999993,0.003896097,7700.0136290241235
2776,30,0.11007396666666666,0.10355,0.1528761499999999,0.13300413333333333,0.12503,0.18252394999999988,0.004014219,7473.433811159779
2777,30,0.10409510000000001,0.101218,0.11713504999999998,0.12666243333333335,0.122043,0.14602004999999996,0.003823071,7847.094652440407
2778,30,0.10557710000000002,0.1008445,0.12185454999999996,0.12822789999999998,0.1222055,0.15080109999999997,0.003873369,7745.195461625267
2779,30,0.10655869999999999,0.10233999999999999,0.12392614999999998,0.12907363333333335,0.1232825,0.15101799999999999,0.003895877,7700.448448449477
2780,30,0.1138257333333333,0.1103155,0.12938719999999998,0.1385273,0.134981,0.1581428,0.004181184,7175.001148000183
2781,30,0.10438646666666668,0.1024865,0.11446049999999998,0.12661573333333334,0.12335299999999999,0.14035544999999996,0.00382161,7850.094593639853
2782,30,0.10656186666666669,0.1038,0.1205957,0.12972240000000002,0.12473899999999999,0.16275549999999994,0.003914598,7663.622165034571
2783,30,0.10566053333333332,0.102072,0.12432019999999999,0.12801923333333334,0.1231015,0.15196709999999997,0.003863446,7765.088472829697
2784,30,0.10606483333333332,0.102546,0.12429564999999997,0.12837036666666665,0.12367,0.15224569999999996,0.003873329,7745.275446521584
2785,30,0.1112356,0.103525,0.15536835,0.13490316666666669,0.1257065,0.19297715,0.00407174,7367.857476164982
2786,30,0.1060849,0.10247200000000001,0.12214589999999996,0.1289014666666667,0.1242095,0.15059509999999995,0.003889458,7713.156948860226
2787,30,0.10398583333333335,0.1015405,0.11143014999999998,0.12594436666666667,0.122793,0.13737009999999997,0.003799991,7894.75554021049
2788,30,0.1062919,0.103424,0.12187364999999997,0.12898106666666667,0.1248965,0.15031979999999995,0.003891387,7709.333458738491
2789,30,0.1053093,0.1012815,0.12223579999999998,0.12784683333333333,0.122723,0.15032494999999996,0.00385749,7777.077840772108
2790,30,0.10460576666666666,0.102258,0.11731185,0.12661056666666667,0.123239,0.14191869999999998,0.003819918,7853.5717258852155
2791,30,0.10416836666666666,0.10155549999999999,0.11481584999999997,0.12592533333333333,0.122211,0.13944429999999997,0.003799521,7895.732119917221
2792,30,0.10667723333333333,0.104095,0.12025649999999997,0.12943706666666668,0.1252615,0.14796439999999997,0.003909536,7673.5448912607535
2793,30,0.11230186666666667,0.105372,0.15733444999999993,0.13666713333333333,0.1284145,0.19293874999999988,0.004124295,7273.97046040596
2794,30,0.10561116666666664,0.1029255,0.12216884999999997,0.12787143333333334,0.1244575,0.15011564999999996,0.003859776,7772.47177038253
2795,30,0.10624096666666664,0.10046450000000001,0.12296584999999997,0.1288496,0.1225215,0.15117044999999996,0.003887794,7716.458227982244
2796,30,0.10545419999999998,0.102391,0.12101904999999996,0.12790523333333337,0.12323049999999999,0.15039344999999996,0.00385947,7773.088014675591
2797,30,0.10583889999999999,0.1019665,0.12468449999999996,0.1282053,0.12299750000000001,0.15249614999999994,0.003868323,7755.298613895479
2798,30,0.1024338,0.100449,0.11369884999999999,0.12444263333333333,0.121709,0.14021609999999998,0.003755066,7989.20711380306
2799,30,0.10562863333333335,0.1025335,0.11869059999999998,0.12802449999999999,0.1237045,0.14733909999999997,0.00386261,7766.769101721376
2800,30,0.10493086666666666,0.1008705,0.12401894999999998,0.12714920000000002,0.12147,0.15180689999999997,0.003836798,7819.019922341494
2801,30,0.10615403333333333,0.102186,0.12324214999999995,0.12855993333333335,0.12292600000000001,0.15080604999999994,0.003878628,7734.693814410663
2802,30,0.10544196666666666,0.10229150000000001,0.12447874999999996,0.12743949999999998,0.1230465,0.15083359999999993,0.003845534,7801.25725061851
2803,30,0.10599559999999998,0.101692,0.12321804999999997,0.12800550000000002,0.12218000000000001,0.15005824999999998,0.003862441,7767.108934479517
2804,30,0.11026873333333334,0.1084135,0.12263575,0.13323296666666667,0.1309735,0.14909879999999998,0.004019774,7463.106134822505
2805,30,0.10745136666666669,0.103873,0.12747835,0.1306443,0.1251655,0.15560960000000001,0.003942444,7609.4929947007495
2806,30,0.10458676666666666,0.1007345,0.12080694999999998,0.12670106666666667,0.1214135,0.14694464999999998,0.0038231,7847.035128560592
2807,30,0.10512919999999998,0.101096,0.12091089999999997,0.12796943333333333,0.122447,0.15420685,0.003860968,7770.0721684303
2808,30,0.10618806666666666,0.1034625,0.12147284999999997,0.12866546666666664,0.12485650000000001,0.14865949999999997,0.00388221,7727.557241880269
2809,30,0.10799856666666667,0.10044449999999999,0.14226089999999986,0.12927166666666665,0.1207335,0.17664184999999982,0.003903596,7685.221523948687
2810,30,0.12893236666666666,0.1086815,0.18832654999999995,0.1550494666666666,0.131026,0.22034465,0.004676383,6415.214493765801
2811,30,0.10541583333333335,0.10028999999999999,0.12144139999999996,0.12742153333333334,0.12070600000000001,0.14904304999999995,0.003844365,7803.6294680655965
2812,30,0.1046092,0.101662,0.11641739999999998,0.12654436666666669,0.121803,0.14289819999999995,0.003817651,7858.235338955813
2813,30,0.11385226666666666,0.100718,0.17428384999999996,0.1352766,0.1211065,0.19435714999999998,0.004079223,7354.341745964857
2814,30,0.10408996666666667,0.1004855,0.11695664999999997,0.12570593333333333,0.121201,0.14324319999999996,0.003792679,7909.976035409271
2815,30,0.12042076666666666,0.10704949999999999,0.19195154999999992,0.14693246666666668,0.1298185,0.2287419,0.004432722,6767.850544202862
2816,30,0.10817959999999997,0.1020935,0.13842249999999995,0.13080576666666668,0.12262200000000001,0.16657689999999997,0.003946555,7601.566429455563
2817,30,0.10264646666666667,0.1010955,0.11192724999999998,0.1240162666666667,0.1213005,0.13734069999999995,0.003741496,8018.183101091115
2818,30,0.10561813333333332,0.1030285,0.12026359999999997,0.1275227,0.123629,0.14609674999999997,0.003848219,7795.814115568786
2819,30,0.10486036666666664,0.101406,0.11946324999999997,0.12733589999999997,0.12338550000000001,0.14665309999999995,0.003842988,7806.4256250605
2820,30,0.10405103333333335,0.10066349999999999,0.11941434999999996,0.1258624333333333,0.12076200000000001,0.14688809999999997,0.003798167,7898.546851678718
2821,30,0.10796706666666665,0.1008005,0.1464153499999999,0.13010236666666666,0.12145500000000001,0.18319619999999984,0.003925394,7642.544926700352
2822,30,0.11315466666666667,0.103071,0.17437074999999996,0.13496223333333335,0.123933,0.19960299999999995,0.004071465,7368.355125243616
2823,30,0.10432599999999999,0.1016425,0.12056639999999999,0.12656626666666665,0.12304499999999999,0.14765164999999997,0.003820494,7852.387675520496
2824,30,0.10523339999999999,0.101201,0.11888449999999999,0.12693373333333333,0.1220985,0.14431149999999998,0.003831793,7829.232946560526
2825,30,0.10501040000000002,0.102589,0.12070324999999998,0.12694086666666668,0.12332599999999999,0.14807834999999997,0.003831374,7830.089153395101
2826,30,0.10255613333333331,0.09977749999999999,0.11400564999999999,0.12377866666666666,0.12132799999999999,0.13878684999999996,0.003739434,8022.604490412185
2827,30,0.1074785,0.10125100000000001,0.13973304999999991,0.12930406666666666,0.1214005,0.16335204999999994,0.003900502,7691.317681672769
2828,30,0.11139253333333334,0.1068865,0.13804114999999995,0.13538083333333334,0.129114,0.17811219999999997,0.004085073,7343.810012697448
2829,30,0.11690553333333334,0.115137,0.14111814999999997,0.14189393333333336,0.139326,0.17457374999999997,0.004280756,7008.107913648897
2830,30,0.10363083333333332,0.1004765,0.12000689999999997,0.1253095,0.12163399999999999,0.14711124999999997,0.003781873,7932.5773234585085
2831,30,0.10538243333333334,0.101289,0.12191154999999997,0.12755486666666668,0.1221335,0.14972024999999997,0.003849292,7793.641012425142
2832,30,0.1012612,0.1000375,0.10870914999999999,0.12255396666666668,0.12063650000000001,0.13422869999999998,0.003700895,8106.14729680253
2833,30,0.10475593333333334,0.1012445,0.11883234999999996,0.12667456666666668,0.122193,0.14577619999999994,0.003822045,7849.201147553208
2834,30,0.10491003333333333,0.10101550000000001,0.12094684999999998,0.12673923333333334,0.12212049999999999,0.14709819999999998,0.003823799,7845.600670955769
2835,30,0.10107416666666666,0.0987805,0.10675279999999998,0.12229266666666666,0.118954,0.13206254999999997,0.003689862,8130.385364005483
2836,30,0.10411973333333334,0.10078500000000001,0.12108374999999998,0.12576816666666668,0.1210635,0.14840019999999995,0.00379468,7905.80496906195
2837,30,0.10262053333333335,0.09972149999999999,0.11650819999999996,0.12399806666666666,0.119591,0.14326729999999996,0.003741703,8017.739515936994
2838,30,0.10481723333333332,0.1007825,0.12085619999999998,0.12685896666666668,0.1213565,0.14842179999999994,0.003827803,7837.393930669891
2839,30,0.11292596666666668,0.1078015,0.14624259999999992,0.1375942,0.129457,0.1861231499999999,0.004151753,7225.863388308505
2840,30,0.10456079999999998,0.102546,0.11764634999999998,0.1262487,0.122871,0.14352044999999997,0.003809085,7875.907206061299
2841,30,0.10596456666666666,0.10185649999999999,0.12333554999999997,0.12812796666666668,0.123183,0.15119304999999997,0.003865839,7760.281791352408
2842,30,0.1051019,0.1017565,0.11987359999999997,0.12686013333333332,0.121769,0.14594109999999996,0.003827064,7838.907319030986
2843,30,0.10256426666666665,0.10122600000000001,0.112661,0.12389576666666666,0.12176200000000001,0.1379213,0.003737966,8025.755183433985
2844,30,0.10382336666666667,0.0999585,0.11860959999999998,0.12519546666666667,0.1205185,0.14434464999999996,0.003782432,7931.404979653303
2845,30,0.10530090000000002,0.1017525,0.12151844999999997,0.1270242,0.1222905,0.14906969999999997,0.00383216,7828.483153104255
2846,30,0.10404710000000003,0.100018,0.11578764999999998,0.12584373333333335,0.120915,0.14271489999999998,0.003796791,7901.40937439011
2847,30,0.11423280000000001,0.102764,0.17791904999999994,0.13749956666666663,0.12262400000000001,0.22790199999999988,0.004151673,7226.0026259293545
2848,30,0.10485256666666666,0.1009935,0.11970204999999998,0.12641726666666664,0.12163,0.14632639999999997,0.003813548,7866.690021995266
2849,30,0.10619836666666668,0.1023715,0.12169159999999998,0.12812756666666666,0.12267149999999999,0.14913329999999994,0.003865893,7760.1733933143005
2850,30,0.10358903333333333,0.1005795,0.11774014999999999,0.12487683333333334,0.1215725,0.14375124999999997,0.003767629,7962.567439628477
2851,30,0.10688646666666667,0.103507,0.12369084999999998,0.12867103333333332,0.1230955,0.15069529999999998,0.003881863,7728.248008752498
2852,30,0.10242333333333332,0.1003475,0.11413474999999998,0.12356926666666665,0.1205615,0.13962075,0.003728071,8047.057043709737
2853,30,0.10630293333333335,0.103767,0.1189857,0.12830039999999998,0.12504300000000002,0.1409087,0.003870742,7750.451980524665
2854,30,0.10859170000000001,0.1032695,0.13997959999999995,0.13110903333333332,0.12545499999999998,0.16423454999999992,0.003955425,7584.519994690835
2855,30,0.1043411,0.1012535,0.12054544999999998,0.12611219999999998,0.121058,0.14731409999999998,0.003804435,7885.533594344495
2856,30,0.10339360000000002,0.1001355,0.12093829999999996,0.1253866,0.120074,0.14824024999999996,0.003782484,7931.295942031744
2857,30,0.10573563333333331,0.1029395,0.12089379999999997,0.128222,0.1237245,0.15009229999999998,0.003867984,7755.978308079868
2858,30,0.10445443333333333,0.101171,0.12172734999999996,0.1264662,0.121572,0.14874824999999994,0.003815303,7863.071425781911
2859,30,0.10527536666666666,0.1032725,0.12092304999999996,0.1270562,0.123666,0.14803029999999995,0.003833083,7826.598067404228
2860,30,0.10545180000000001,0.1015305,0.12261804999999996,0.12700949999999997,0.12230250000000001,0.14919084999999996,0.003831875,7829.06540531724
2861,30,0.13548913333333332,0.110239,0.22690334999999998,0.16571516666666672,0.13394299999999998,0.27276164999999997,0.005001723,5997.93311224952
2862,30,0.10508619999999999,0.10201350000000001,0.12217414999999995,0.12719456666666668,0.12333150000000001,0.15008414999999994,0.003838443,7815.669009543713
2863,30,0.1051609,0.100943,0.11996404999999997,0.12699576666666668,0.1209675,0.14699509999999996,0.003832356,7828.082777278521
2864,30,0.10522396666666664,0.1021925,0.11959224999999998,0.12718196666666665,0.1234345,0.14709065,0.003838902,7814.734525653429
2865,30,0.10238549999999999,0.1004435,0.11160594999999998,0.12404296666666668,0.121126,0.13721254999999996,0.003744466,8011.823314726318
2866,30,0.10592186666666666,0.10085,0.12752804999999998,0.12804616666666668,0.121269,0.15753214999999995,0.003865621,7760.719429038698
2867,30,0.10565286666666666,0.1034195,0.11844809999999997,0.12757883333333336,0.124153,0.14688264999999998,0.003850396,7791.4063904076365
2868,30,0.10460530000000001,0.101469,0.11456874999999998,0.12650930000000002,0.1222985,0.14073404999999997,0.003821071,7851.201927417732
2869,30,0.1035481333333333,0.10019449999999999,0.11893739999999998,0.12538533333333332,0.120556,0.14504909999999996,0.003783567,7929.025705108434
2870,30,0.1264372,0.10710449999999999,0.2180075,0.1535302,0.12940000000000002,0.25647299999999995,0.00463104,6478.026533996683
2871,30,0.10225493333333334,0.09959499999999999,0.11449134999999998,0.1235981,0.1197245,0.14053124999999997,0.003729472,8044.034115284951
2872,30,0.10590873333333334,0.10125400000000001,0.12658484999999997,0.12852046666666667,0.1224095,0.15297199999999994,0.003877555,7736.834164828094
2873,30,0.1038817,0.0996205,0.11930729999999996,0.12507916666666666,0.11936250000000001,0.14547729999999995,0.003774066,7948.9865837004445
2874,30,0.10714496666666666,0.10305600000000001,0.12496449999999998,0.12972853333333337,0.1245395,0.15167299999999995,0.003914507,7663.800320193577
2875,30,0.10248876666666666,0.09998399999999999,0.11508679999999996,0.12368663333333334,0.12034149999999999,0.14273374999999994,0.003732301,8037.936918806924
2876,30,0.11494953333333337,0.105697,0.1690578999999999,0.13983396666666667,0.12951400000000002,0.20722654999999987,0.004218952,7110.770636878543
2877,30,0.11205333333333332,0.102923,0.15887509999999988,0.1347061333333333,0.12426699999999999,0.18413029999999989,0.004062997,7383.712072639975
2878,30,0.11373196666666666,0.113143,0.13000315,0.1373522,0.1351425,0.15547070000000002,0.00414838,7231.73865460734
2879,30,0.1051134,0.10195699999999999,0.12422674999999996,0.12744933333333333,0.12292449999999999,0.15249904999999994,0.00384613,7800.048360299834
2880,30,0.1160652,0.108353,0.15683669999999994,0.14115993333333335,0.13198300000000002,0.19688504999999992,0.004260053,7042.165907325567
2881,30,0.10617250000000002,0.10327900000000001,0.12769519999999998,0.1284551666666667,0.123809,0.15605634999999995,0.003876318,7739.303122189665
2882,30,0.10811586666666666,0.103797,0.12910214999999997,0.1316957,0.125129,0.16338484999999997,0.003974629,7547.874279586848
2883,30,0.10492836666666669,0.101158,0.12104179999999998,0.12698256666666666,0.1217675,0.14854604999999999,0.00383171,7829.402538292303
2884,30,0.11194336666666667,0.10186500000000001,0.1482551499999999,0.1367135,0.122231,0.18647104999999986,0.004125344,7272.1208219241835
2885,30,0.11076959999999998,0.10319400000000001,0.15266609999999997,0.13420056666666666,0.1241925,0.18958674999999994,0.004048664,7409.851743686311
2886,30,0.11508026666666667,0.1077275,0.15625839999999988,0.13972673333333333,0.1293595,0.20098629999999987,0.004216051,7115.663449042718
2887,30,0.10502656666666668,0.101607,0.12138934999999997,0.12710233333333332,0.1219045,0.14897514999999995,0.003835743,7821.170500734799
2888,30,0.11508913333333333,0.106558,0.15888384999999997,0.1397862,0.1304205,0.19940689999999997,0.00421815,7112.122612993848
2889,30,0.10488076666666667,0.100286,0.12493699999999995,0.1269838,0.12036050000000001,0.15224104999999993,0.003831129,7830.589886166715
2890,30,0.10840583333333334,0.10564,0.13516534999999996,0.13117463333333335,0.1274475,0.16005265,0.00395795,7579.681400725123
2891,30,0.10874203333333332,0.1049155,0.12449569999999997,0.1321786,0.1282145,0.15377619999999997,0.00398825,7522.096157462547
2892,30,0.10809483333333335,0.104873,0.1263491,0.13129570000000002,0.12736150000000002,0.15398374999999997,0.003961453,7572.978904457531
2893,30,0.10740093333333335,0.103959,0.1257293,0.1304081,0.1250035,0.15399629999999995,0.003938912,7616.316383813601
2894,30,0.10726989999999999,0.1041345,0.12374044999999999,0.13051776666666667,0.125992,0.15234229999999996,0.00393826,7617.577305713691
2895,30,0.10644376666666666,0.10210050000000001,0.12378829999999996,0.1298238,0.123169,0.15230824999999995,0.003921003,7651.103556921532
2896,30,0.10822666666666668,0.1050625,0.126794,0.13164983333333333,0.12771749999999998,0.15554079999999998,0.003971915,7553.031723992079
2897,30,0.10917703333333333,0.10517299999999999,0.12696904999999997,0.13257603333333334,0.1285755,0.15510704999999997,0.003999636,7500.682562113152
2898,30,0.104481,0.1018545,0.11656735,0.1271284666666667,0.1235865,0.14276824999999999,0.003835729,7821.199047169391
2899,30,0.10817313333333334,0.1036655,0.12415559999999998,0.13104523333333334,0.125093,0.15353704999999995,0.003953479,7588.253282741605
2900,30,0.10654183333333331,0.101853,0.12356424999999996,0.12907506666666665,0.122627,0.15300129999999995,0.003894509,7703.153337172927
2901,30,0.10585326666666667,0.1035675,0.1230522,0.12791560000000002,0.12444949999999999,0.14909179999999997,0.003860811,7770.388138657914
2902,30,0.11523159999999999,0.110625,0.13341935,0.14029896666666666,0.1361005,0.1617403,0.004233056,7087.078460573165
2903,30,0.10858546666666664,0.10500699999999999,0.12469334999999998,0.13196406666666669,0.126858,0.15455619999999998,0.003981278,7535.26882573887
2904,30,0.10753219999999998,0.104902,0.12741439999999996,0.13035576666666665,0.126423,0.15715654999999995,0.003932982,7627.799974675704
2905,30,0.10841403333333331,0.104374,0.12423024999999999,0.1315454,0.126205,0.15005139999999997,0.003969296,7558.01532563961
2906,30,0.10838126666666667,0.105052,0.12618674999999996,0.13196243333333338,0.1275115,0.15485829999999995,0.003983019,7531.975117367002
2907,30,0.10828706666666667,0.10418949999999999,0.12390919999999998,0.13197960000000003,0.1263475,0.15267404999999998,0.003983688,7530.71023634381
2908,30,0.10910556666666667,0.1042225,0.12509819999999996,0.13270856666666667,0.1259105,0.15412749999999997,0.004005096,7490.457157581242
2909,30,0.10547963333333334,0.10277449999999999,0.11624044999999998,0.12797693333333335,0.1250245,0.14368759999999997,0.003862882,7766.222214398472
2910,30,0.10756133333333333,0.104688,0.125436,0.1309166333333333,0.127398,0.15409445,0.003951832,7591.415829417851
2911,30,0.10774260000000004,0.103449,0.12748999999999996,0.13141979999999998,0.1263735,0.15678064999999994,0.003966981,7562.425935490995
2912,30,0.10946043333333334,0.1064465,0.12741594999999997,0.13283613333333333,0.12829600000000002,0.15764369999999997,0.004012894,7475.901431734802
2913,30,0.10856496666666665,0.1050365,0.1270343,0.13166666666666668,0.126593,0.15566879999999997,0.003973998,7549.072747394437
2914,30,0.1079403,0.1043165,0.12939069999999997,0.1311338,0.125633,0.15797999999999995,0.00395788,7579.815456759678
2915,30,0.10519023333333334,0.10332250000000001,0.11499559999999999,0.1277139,0.1244745,0.1431634,0.003854468,7783.17526569166
2916,30,0.10908029999999999,0.106216,0.12512905,0.13218786666666665,0.1281875,0.15353889999999998,0.003988323,7521.958477284813
2917,30,0.10841676666666665,0.103283,0.13108894999999995,0.13191063333333336,0.1247605,0.16583279999999995,0.003980459,7536.819246222608
2918,30,0.1081096,0.1047425,0.12577134999999998,0.1312536333333333,0.12681399999999998,0.15465594999999996,0.003960139,7575.491668348006
2919,30,0.10784273333333336,0.10519200000000001,0.12367779999999998,0.13073273333333335,0.12625799999999998,0.15426444999999994,0.00394433,7605.854479721524
2920,30,0.10793169999999999,0.105433,0.12282979999999998,0.1307845,0.1272365,0.15088844999999995,0.003946082,7602.477596765601
2921,30,0.10664423333333332,0.1020265,0.12706729999999997,0.12976063333333335,0.123919,0.15648664999999998,0.00391527,7662.306814089449
2922,30,0.105369,0.1031455,0.11642859999999998,0.1278600666666667,0.1240395,0.14377164999999995,0.003858094,7775.8603082247355
2923,30,0.10536909999999998,0.102308,0.11375814999999999,0.12796093333333333,0.12332000000000001,0.14028239999999997,0.003861255,7769.494633221582
2924,30,0.10845319999999999,0.10561100000000001,0.12768364999999998,0.13161336666666668,0.127476,0.15645969999999995,0.003971445,7553.925586279051
2925,30,0.1086162,0.103447,0.12506739999999997,0.13205496666666666,0.12559199999999998,0.15405549999999996,0.003985012,7528.208196110828
2926,30,0.11503840000000001,0.111413,0.13432894999999997,0.14011323333333336,0.1365895,0.16357244999999995,0.004231978,7088.883732382352
2927,30,0.10819106666666665,0.10367950000000001,0.12877969999999997,0.13161513333333333,0.125029,0.16137759999999993,0.003971293,7554.214710423029
2928,30,0.10762580000000001,0.1034385,0.12776669999999998,0.13038863333333334,0.125479,0.15485769999999996,0.003933751,7626.308833477258
2929,30,0.10570943333333334,0.102442,0.12036349999999996,0.1282666333333333,0.12415,0.14795974999999995,0.003874344,7743.246340541779
2930,30,0.10887059999999996,0.1044745,0.12728665,0.13189886666666667,0.125575,0.15630914999999995,0.003979693,7538.2699117746015
2931,30,0.10830773333333335,0.105506,0.12471614999999997,0.13166866666666668,0.12786150000000002,0.15345474999999997,0.003972582,7551.763563344948
2932,30,0.1083869,0.106648,0.12498469999999995,0.13134623333333334,0.1277995,0.15371459999999995,0.003962893,7570.227104289719
2933,30,0.10697366666666666,0.1021715,0.12668309999999997,0.1299249666666667,0.124859,0.15619254999999996,0.003920585,7651.919292656581
2934,30,0.10818666666666667,0.104207,0.12371119999999997,0.13106259999999997,0.1261,0.15209304999999995,0.003953993,7587.266846451169
2935,30,0.10616469999999999,0.1026505,0.12069759999999997,0.12884083333333335,0.1251775,0.14745109999999997,0.003887367,7717.305826797418
2936,30,0.10464310000000002,0.103353,0.1117959,0.1276695,0.1251165,0.13861815,0.003852598,7786.95311579355
2937,30,0.10873016666666667,0.1031435,0.1440957999999999,0.13180303333333335,0.125644,0.17499289999999992,0.003976831,7543.694967173611
2938,30,0.1065894,0.1037405,0.12057724999999998,0.12964523333333336,0.125912,0.14712024999999995,0.00391163,7669.437037756638
2939,30,0.10791756666666666,0.10458,0.12451319999999998,0.13093653333333333,0.1258555,0.15348174999999997,0.003950585,7593.812055682892
2940,30,0.10759346666666665,0.10330349999999999,0.1265856,0.13050146666666668,0.1254675,0.15558119999999998,0.003937878,7618.3162606865935
2941,30,0.10539163333333333,0.103253,0.11860074999999999,0.12803106666666667,0.124617,0.14551614999999998,0.003863517,7764.945773501191
2942,30,0.10802253333333332,0.104682,0.12453754999999997,0.13105896666666667,0.1270215,0.15302979999999997,0.003954528,7586.2403806471975
2943,30,0.10500553333333333,0.1020475,0.11624124999999999,0.12752393333333334,0.12374199999999999,0.1423881,0.003848342,7795.564947190245
2944,30,0.10523053333333333,0.1041695,0.11404669999999999,0.12750983333333335,0.12540400000000002,0.13965569999999997,0.003847556,7797.157468273366
2945,30,0.10677769999999999,0.1036405,0.12368309999999996,0.12991543333333333,0.125152,0.15220844999999994,0.003919837,7653.379464503244
2946,30,0.10776770000000001,0.1045765,0.12523404999999999,0.13084596666666667,0.12673,0.15252614999999997,0.003951365,7592.313036128022
2947,30,0.10759496666666667,0.1030825,0.12542999999999999,0.13099086666666668,0.1249295,0.15440739999999997,0.003952076,7590.947137656261
2948,30,0.107977,0.104709,0.12288114999999997,0.1312742,0.126593,0.15123284999999995,0.003960582,7574.644332575364
2949,30,0.10639326666666668,0.10346150000000001,0.12262929999999997,0.12935463333333333,0.1249035,0.14944999999999994,0.003903454,7685.501097233373
2950,30,0.11267459999999999,0.109804,0.1260473,0.13717433333333331,0.1335735,0.15497129999999998,0.004139489,7247.2713419458305
2951,30,0.1107033,0.106189,0.13767635,0.13331286666666667,0.127928,0.16205475,0.004027669,7448.477022317375
2952,30,0.10943533333333332,0.10639599999999999,0.1278248,0.13265056666666666,0.12848700000000002,0.15402959999999996,0.004003486,7493.469441381836
2953,30,0.10739733333333334,0.1049925,0.11996699999999999,0.1301831333333333,0.127032,0.14645645,0.00392908,7635.375202337444
2954,30,0.10783109999999999,0.10549449999999999,0.11875799999999997,0.1310584333333333,0.128093,0.14607279999999997,0.003956343,7582.7601398564275
2955,30,0.10898656666666667,0.1054385,0.12594829999999996,0.1321481333333333,0.126359,0.15532404999999996,0.003988465,7521.690675485431
2956,30,0.1093133,0.1056275,0.12732144999999995,0.13266233333333333,0.1280685,0.15628894999999995,0.004003558,7493.334678803205
2957,30,0.1086155,0.1052585,0.12521559999999995,0.13226090000000001,0.1275055,0.15476904999999996,0.003991313,7516.3235757255825
2958,30,0.10785103333333335,0.1038985,0.12615939999999998,0.13089226666666667,0.12549549999999998,0.15561849999999994,0.003949505,7595.888598697812
2959,30,0.10898880000000001,0.1044975,0.12613454999999998,0.13240556666666667,0.12633149999999999,0.15452005,0.003994726,7509.901805530592
2960,30,0.10798116666666667,0.103933,0.12417684999999998,0.130462,0.1252115,0.15262959999999995,0.00393618,7621.602670609575
2961,30,0.10573049999999999,0.102922,0.11835369999999996,0.1283963333333333,0.12373200000000001,0.14602559999999998,0.003874334,7743.266326547995
2962,30,0.10633369999999999,0.10324749999999999,0.11902499999999999,0.1287491,0.1240105,0.14621499999999998,0.003884954,7722.099154841988
2963,30,0.10730696666666667,0.103048,0.12495374999999996,0.1306923333333333,0.1249465,0.15310754999999995,0.003946907,7600.888493192264
2964,30,0.10822413333333333,0.10430800000000001,0.12251024999999997,0.13165406666666668,0.1263455,0.15127804999999994,0.003972593,7551.74265272078
2965,30,0.10656786666666665,0.1039825,0.12255939999999997,0.1296938,0.125201,0.15069304999999994,0.003913034,7666.685237082019
2966,30,0.10744596666666666,0.103735,0.12254549999999997,0.13097050000000002,0.124972,0.15307579999999998,0.003951973,7591.144979988477
2967,30,0.1082829,0.10406599999999999,0.12622374999999997,0.13154703333333334,0.12518600000000002,0.15586814999999996,0.003968423,7559.677987956426
2968,30,0.10895293333333335,0.1051995,0.12578859999999997,0.1323023,0.127454,0.15494494999999997,0.003991749,7515.5026029943265
2969,30,0.10802536666666666,0.10544300000000001,0.12474379999999997,0.1307068666666667,0.126963,0.15311314999999998,0.003943434,7607.582629758733
2970,30,0.10610073333333332,0.1038445,0.12053174999999997,0.12830149999999999,0.12546,0.14782264999999997,0.00387047,7750.9966489857825
2971,30,0.10837736666666667,0.104992,0.12604679999999996,0.13137783333333333,0.12648399999999999,0.15509864999999995,0.003963981,7568.1492923402
2972,30,0.10707909999999998,0.102851,0.12377124999999996,0.12983796666666667,0.12468399999999999,0.15348104999999995,0.003917228,7658.4768616991405
2973,30,0.12001156666666665,0.108127,0.19300704999999982,0.14568799999999998,0.131437,0.2296470499999999,0.004394848,6826.174648133451
2974,30,0.10940223333333332,0.1074705,0.125988,0.1327418,0.1302305,0.15415474999999998,0.004005099,7490.451546890602
2975,30,0.10748386666666666,0.1003155,0.1311119,0.12970099999999998,0.1210725,0.1580932,0.003912497,7667.737508808314
2976,30,0.10742703333333332,0.10491,0.12798279999999998,0.13118076666666667,0.1275695,0.16173279999999998,0.003959113,7577.454849103827
2977,30,0.10740463333333335,0.1034055,0.12217489999999998,0.13014346666666665,0.1251835,0.15116304999999997,0.003927147,7639.133447258278
2978,30,0.10458649999999997,0.1025795,0.11665279999999999,0.12685470000000001,0.123857,0.14427219999999996,0.003827618,7837.772734896743
2979,30,0.10857103333333334,0.1040265,0.12623764999999995,0.1317285,0.1252055,0.15515644999999995,0.003974725,7547.691978690349
2980,30,0.10914843333333336,0.104292,0.12439619999999997,0.13243903333333334,0.12690849999999998,0.15342384999999997,0.003999387,7501.149551168716
2981,30,0.10740356666666666,0.104058,0.12326874999999997,0.1302956,0.1258325,0.15064589999999997,0.003931192,7631.273160914044
2982,30,0.105925,0.10273099999999999,0.11980899999999997,0.1284397,0.124315,0.14761814999999998,0.00387563,7740.676999610386
2983,30,0.1093033,0.10672799999999999,0.1276053,0.1323869,0.1275615,0.15713494999999997,0.003993682,7511.864990752894
2984,30,0.10650886666666666,0.1032785,0.12060114999999998,0.12891916666666667,0.12536350000000002,0.14694359999999995,0.003889511,7713.051846363206
2985,30,0.10811533333333334,0.1040655,0.12306184999999997,0.13093186666666667,0.1256995,0.15059984999999995,0.003950049,7594.842494358932
2986,30,0.10828533333333333,0.1052845,0.12406979999999998,0.1315027666666667,0.126656,0.15268044999999994,0.003967524,7561.390932984905
2987,30,0.10830290000000001,0.10532649999999999,0.12405764999999998,0.1313871333333333,0.12656499999999998,0.15239829999999996,0.00396359,7568.895874699451
2988,30,0.10892583333333333,0.1053025,0.12451429999999997,0.13234596666666668,0.1270305,0.15328379999999997,0.003992829,7513.46977293543
2989,30,0.10666069999999998,0.103796,0.12137404999999997,0.12924816666666666,0.1252465,0.14871169999999997,0.003899791,7692.719943196956
2990,30,0.10761639999999999,0.10389000000000001,0.12459165,0.13003306666666664,0.1255755,0.15176589999999998,0.003923517,7646.201099676643
2991,30,0.10479580000000001,0.102411,0.11757129999999998,0.12728913333333333,0.12352,0.14641619999999997,0.003844308,7803.745173383611
2992,30,0.10722299999999998,0.103485,0.12726969999999996,0.1302948,0.12465799999999999,0.15665199999999996,0.003934928,7624.0276823362465
2993,30,0.10768953333333336,0.1036875,0.12296819999999997,0.13094343333333333,0.126129,0.15444514999999995,0.003951645,7591.7750708881995
2994,30,0.10878680000000002,0.106203,0.12510759999999999,0.1322658,0.12791,0.15392509999999995,0.003991807,7515.3934045408505
2995,30,0.10698613333333333,0.103977,0.11816919999999997,0.12958933333333336,0.1257045,0.14534879999999994,0.003910821,7671.023552343612
2996,30,0.10514420000000001,0.101989,0.11911349999999997,0.12723106666666667,0.1232125,0.14593669999999997,0.00384028,7811.930380076453
2997,30,0.10708496666666668,0.104678,0.12005379999999999,0.12989466666666666,0.126083,0.1482532,0.003924246,7644.780678887103
2998,30,0.11249186666666669,0.10903499999999999,0.13042689999999998,0.13687086666666665,0.1325045,0.15817169999999994,0.004131392,7261.47506699921
2999,30,0.10990440000000001,0.10591,0.12675295,0.13370726666666669,0.1282295,0.1523791,0.004036704,7431.805750434017
3000,30,0.11009609999999999,0.104034,0.13572689999999998,0.1338008,0.12564150000000002,0.1637676,0.00403873,7428.077638267475
3001,30,0.1086631,0.1031955,0.12747159999999996,0.13238703333333335,0.1261695,0.15649094999999996,0.00399507,7509.255156980979
3002,30,0.1107825,0.1074705,0.12476474999999998,0.1341743,0.129552,0.15383624999999998,0.004048596,7409.976199156448
3003,30,0.11197746666666668,0.10962,0.12989535,0.13578226666666668,0.132052,0.1570402,0.004098322,7320.069042891213
3004,30,0.10913239999999999,0.1062255,0.12809044999999997,0.13218120000000003,0.127384,0.15777829999999995,0.003992572,7513.9534114851285
3005,30,0.1068223,0.1048035,0.11873324999999997,0.12931073333333332,0.125878,0.14375799999999997,0.003901453,7689.442881921172
3006,30,0.10601940000000001,0.104701,0.11937844999999997,0.12837096666666667,0.1261255,0.14665559999999994,0.003872762,7746.40941013158
3007,30,0.1081625,0.104368,0.12433384999999998,0.13116653333333333,0.125929,0.15183869999999997,0.003957343,7580.844015795446
3008,30,0.10851376666666666,0.1040005,0.12504484999999996,0.13160583333333334,0.12661450000000002,0.15395449999999997,0.00397053,7555.666371995679
3009,30,0.10883933333333333,0.10503950000000001,0.12424184999999997,0.1322960333333333,0.12615700000000002,0.15318789999999996,0.003991624,7515.737955278353
3010,30,0.10705300000000001,0.10373399999999999,0.1258781,0.1298072666666667,0.125805,0.15442289999999997,0.003916477,7659.945405015784
3011,30,0.10696486666666669,0.10383600000000001,0.12161804999999996,0.12946393333333334,0.12573,0.14901034999999996,0.003905902,7680.68425679907
3012,30,0.10886219999999999,0.105799,0.13255304999999992,0.13187653333333332,0.12749749999999999,0.16207804999999992,0.003978684,7540.181627895054
3013,30,0.10557486666666666,0.101938,0.11986759999999998,0.12815870000000001,0.1227715,0.14786924999999998,0.003867004,7757.943875930824
3014,30,0.1112229,0.104433,0.15567184999999986,0.1349175333333333,0.1260145,0.1835599999999999,0.004074333,7363.168400815544
3015,30,0.12689786666666666,0.111828,0.18680759999999993,0.15134869999999997,0.1370885,0.2192073,0.004563661,6573.669691942499
3016,30,0.10377576666666667,0.1014285,0.11258385,0.12500526666666664,0.12212300000000001,0.13750384999999998,0.003771165,7955.101407655195
3017,30,0.10489303333333333,0.102098,0.12076194999999997,0.1262726,0.1223985,0.14753409999999995,0.003809001,7876.080893651643
3018,30,0.10459453333333334,0.101792,0.11666319999999997,0.12639033333333333,0.1226765,0.14247664999999995,0.003812863,7868.103312392814
3019,30,0.10621043333333333,0.103133,0.12147094999999997,0.12828006666666666,0.123866,0.14913219999999996,0.003869741,7752.456818169485
3020,30,0.10984266666666667,0.1025105,0.1455252999999999,0.13227543333333333,0.1237155,0.1826425999999999,0.003990814,7517.263395387508
3021,30,0.10440930000000002,0.101255,0.11922309999999997,0.1262013333333333,0.122256,0.14686809999999997,0.003807937,7878.281599721844
3022,30,0.10517546666666666,0.101903,0.11934159999999999,0.1268785,0.122969,0.1445044,0.003827769,7837.463545997682
3023,30,0.1121657,0.106237,0.12938675,0.13575603333333333,0.12945099999999998,0.15782254999999998,0.004095596,7324.941229554868
3024,30,0.10594303333333333,0.1014115,0.12231649999999998,0.12835876666666665,0.121878,0.14971669999999995,0.003873134,7745.665396549668
3025,30,0.10383429999999998,0.1014545,0.11689354999999997,0.12493376666666664,0.121397,0.14162054999999996,0.003769198,7959.252870239239
3026,30,0.10460276666666668,0.1014245,0.11954324999999998,0.12680580000000002,0.1222045,0.14654309999999995,0.003829037,7834.868140475007
3027,30,0.1166941666666667,0.102422,0.17784795,0.14121903333333335,0.12350249999999999,0.22691054999999996,0.004260263,7041.818779732613
3028,30,0.1049385,0.10152800000000001,0.12249959999999997,0.12671576666666667,0.122061,0.15058359999999996,0.003822458,7848.353075429475
3029,30,0.10397933333333333,0.1011395,0.11723879999999996,0.12539836666666668,0.121673,0.14167469999999996,0.003783445,7929.281382443778
3030,30,0.10646133333333334,0.102276,0.12304889999999997,0.1286463,0.123369,0.15219709999999995,0.003881091,7729.785258835724
3031,30,0.1061182,0.10240650000000001,0.12224274999999997,0.127657,0.122331,0.14912109999999995,0.003855263,7781.570284569431
3032,30,0.10533170000000001,0.102086,0.12150659999999998,0.12708476666666665,0.12257,0.14841414999999997,0.003833717,7825.303745685976
3033,30,0.10707730000000001,0.102199,0.12565794999999996,0.12876023333333333,0.122499,0.15315704999999996,0.00388407,7723.856676115518
3034,30,0.10581909999999999,0.102259,0.12131814999999997,0.12755413333333332,0.122339,0.14855244999999997,0.003847815,7796.632634365217
3035,30,0.10550503333333332,0.1004775,0.12014019999999997,0.1273262666666667,0.12145700000000001,0.14649789999999996,0.003841088,7810.287085325825
3036,30,0.10233439999999999,0.099745,0.11233114999999998,0.12413183333333336,0.1202095,0.13917129999999997,0.003744981,8010.721549722148
3037,30,0.12198866666666666,0.1089715,0.19218529999999998,0.14683806666666668,0.131496,0.21859649999999997,0.00443021,6771.688023818283
3038,30,0.10627506666666667,0.1026675,0.12130419999999997,0.12901183333333335,0.123851,0.14942594999999995,0.003893631,7704.890370967357
3039,30,0.10744766666666668,0.1028125,0.12484224999999999,0.13034869999999998,0.12487200000000001,0.15324024999999997,0.003934335,7625.176808787254
3040,30,0.10693823333333333,0.104068,0.12367829999999996,0.12921913333333335,0.1251535,0.15244084999999993,0.003900162,7691.988178952566
3041,30,0.10345849999999998,0.1012725,0.11539659999999999,0.1256234,0.122611,0.14277374999999998,0.003792466,7910.420291177297
3042,30,0.105969,0.10215450000000001,0.12471219999999997,0.12840270000000004,0.12371950000000001,0.15273534999999994,0.003875781,7740.3754236888
3043,30,0.10362773333333335,0.10112650000000001,0.11659309999999996,0.12543526666666668,0.12162300000000001,0.14313649999999994,0.003786694,7922.478024366373
3044,30,0.10563246666666666,0.10285749999999999,0.12529864999999996,0.1279749,0.1246185,0.15390709999999994,0.003861556,7768.8890177949
3045,30,0.10251556666666667,0.0999015,0.11483605,0.12420053333333332,0.1204455,0.1415664,0.003747751,8004.800745833968
3046,30,0.11593606666666667,0.106942,0.17968809999999982,0.1421777,0.1293085,0.22930084999999978,0.00428962,6993.626475072384
3047,30,0.11494083333333333,0.113432,0.1261774,0.1388262,0.1364455,0.15420224999999996,0.00418838,7162.673873908288
3048,30,0.11010296666666666,0.10358500000000001,0.1351964,0.13361810000000002,0.12385750000000001,0.16640764999999996,0.004038745,7428.050050201238
3049,30,0.10815049999999998,0.10341249999999999,0.13806814999999995,0.13028579999999998,0.1244705,0.17442114999999989,0.003930461,7632.692450071379
3050,30,0.11192963333333333,0.10444149999999999,0.14224669999999998,0.13473813333333334,0.1250925,0.1810408,0.00406511,7379.874099347865
3051,30,0.10298116666666665,0.100617,0.11411214999999998,0.12435516666666666,0.1212105,0.14071019999999995,0.003752271,7995.1581322351185
3052,30,0.12372043333333334,0.12151899999999999,0.14293409999999998,0.14964113333333334,0.1468715,0.17300265,0.004515841,6643.280841818833
3053,30,0.1212198,0.11804600000000001,0.16237214999999997,0.14667833333333335,0.14114749999999998,0.19913364999999994,0.004425077,6779.543045239664
3054,30,0.10552613333333333,0.1017715,0.12041859999999999,0.12779406666666665,0.1229275,0.14818984999999996,0.003855465,7781.1625835016
3055,30,0.11443819999999999,0.1022625,0.18361329999999998,0.13677103333333335,0.1230815,0.2057988,0.004125443,7271.9463097660055
3056,30,0.10263546666666666,0.1002885,0.11228094999999999,0.12419816666666665,0.12129999999999999,0.13811344999999997,0.003747505,8005.326210371968
3057,30,0.10456149999999999,0.1007825,0.12182984999999995,0.1265947,0.121413,0.14918164999999994,0.003819831,7853.750597866764
3058,30,0.11009433333333332,0.1032315,0.15487999999999996,0.13377129999999998,0.12548949999999998,0.19404495,0.004036241,7432.658258017794
3059,30,0.10477493333333333,0.1016785,0.11360084999999999,0.12668259999999998,0.12236,0.14010664999999997,0.003822107,7849.07382237075
3060,30,0.10573356666666664,0.1027535,0.12311484999999997,0.12821366666666664,0.12344350000000001,0.15063414999999997,0.003869064,7753.813325393428
3061,30,0.1049385,0.101454,0.12163494999999998,0.1270781,0.121766,0.14971164999999995,0.003834345,7824.022095038396
3062,30,0.10439926666666666,0.100301,0.12068774999999997,0.12670373333333332,0.121921,0.14836294999999997,0.003822822,7847.605773954424
3063,30,0.10515289999999998,0.101194,0.12014844999999996,0.12759686666666664,0.122046,0.14813339999999997,0.003849927,7792.355543364848
3064,30,0.10583926666666667,0.10290550000000001,0.12133619999999998,0.12809036666666668,0.123235,0.14926754999999997,0.003864797,7762.37406518376
3065,30,0.10571093333333334,0.10206,0.12210109999999998,0.12818763333333333,0.123859,0.14932834999999994,0.003874478,7742.9785380120875
3066,30,0.1039682,0.101109,0.11671074999999997,0.1256155,0.12170149999999999,0.14279374999999997,0.003792894,7909.52765882727
3067,30,0.10688323333333336,0.102138,0.12354089999999998,0.12917946666666666,0.122254,0.15096599999999996,0.003896926,7698.375591427704
3068,30,0.11000090000000001,0.1005915,0.1454673999999999,0.13234696666666668,0.121219,0.18370864999999986,0.003993713,7511.806682152673
3069,30,0.12156159999999998,0.102358,0.20884784999999992,0.1482508,0.123432,0.2571600999999999,0.004471776,6708.743908460531
3070,30,0.10396586666666668,0.1012075,0.11488434999999997,0.12569733333333333,0.121497,0.14169059999999994,0.00379196,7911.4758594499945
3071,30,0.11355233333333331,0.11117099999999999,0.13117794999999996,0.13839129999999997,0.13381300000000002,0.1693534499999999,0.004175662,7184.489549202019
3072,30,0.10835166666666667,0.10172300000000001,0.13959014999999994,0.13104303333333334,0.122765,0.16817069999999992,0.00395349,7588.23216955146
3073,30,0.10507086666666667,0.10141649999999999,0.12088859999999997,0.12729913333333334,0.122341,0.14849279999999998,0.003840864,7810.742582918843
3074,30,0.1073702,0.101648,0.14176309999999992,0.12891473333333334,0.1219755,0.16531259999999995,0.003888843,7714.376743931293
3075,30,0.10097403333333332,0.098796,0.1102194,0.1222166,0.1190765,0.13600749999999998,0.003687742,8135.059339834512
3076,30,0.10526933333333334,0.1014045,0.12569269999999994,0.1272458,0.12180350000000001,0.16004404999999988,0.003838682,7815.182398542
3077,30,0.10574779999999999,0.1023055,0.12236829999999999,0.12731583333333335,0.12259049999999999,0.14736449999999995,0.003840711,7811.053734581956
3078,30,0.10489453333333335,0.100776,0.12123359999999997,0.12696416666666666,0.1218465,0.14776264999999994,0.003830679,7831.509766284254
3079,30,0.1042612,0.10165350000000001,0.11609654999999999,0.12548420000000002,0.1226545,0.14153125,0.003785698,7924.562392457085
3080,30,0.10576729999999998,0.10208600000000001,0.11788854999999998,0.12729323333333334,0.1225465,0.14326019999999995,0.003841643,7809.158737550574
3081,30,0.10248966666666666,0.10122300000000001,0.11203809999999999,0.12359023333333334,0.12122050000000001,0.13554334999999998,0.003730456,8041.912302410215
3082,30,0.10537273333333332,0.1019635,0.12100429999999998,0.1272315333333333,0.122418,0.14823509999999995,0.003843402,7805.58473976961
3083,30,0.10436360000000001,0.1021405,0.11224184999999998,0.12610343333333335,0.123388,0.13855979999999996,0.003806005,7882.280764213395
3084,30,0.10500026666666668,0.101749,0.12045139999999997,0.12724176666666667,0.1230985,0.14712724999999996,0.003840371,7811.745271485489
3085,30,0.10299419999999998,0.100075,0.10919129999999999,0.12456993333333331,0.121097,0.13513165,0.003759955,7978.818895438908
3086,30,0.10395139999999999,0.10036,0.11974249999999997,0.12559423333333336,0.120765,0.14539889999999994,0.003790417,7914.6964568806015
3087,30,0.10701336666666666,0.1022235,0.13484159999999992,0.12884656666666666,0.12313550000000001,0.15958289999999994,0.003887823,7716.400669474922
3088,30,0.10548416666666667,0.102331,0.12040459999999997,0.12735829999999995,0.1231925,0.14800714999999998,0.003843226,7805.9421954368545
3089,30,0.10443979999999997,0.1001325,0.12012964999999999,0.12613899999999997,0.120423,0.14612759999999997,0.003805094,7884.167907547093
3090,30,0.10424506666666664,0.10029750000000001,0.12110744999999996,0.1259784333333333,0.1207025,0.14720674999999994,0.003800891,7892.8861680063965
3091,30,0.10148876666666667,0.09990750000000001,0.10914534999999999,0.12257476666666668,0.119632,0.13440069999999998,0.003698604,8111.168430034683
3092,30,0.10352769999999999,0.10070950000000001,0.11924289999999999,0.1251741,0.1211895,0.14558424999999997,0.003776311,7944.260946728169
3093,30,0.10278096666666665,0.10043350000000001,0.12125139999999995,0.12400233333333334,0.1202375,0.14559074999999996,0.003741157,8018.9096581619
3094,30,0.1053163,0.1017295,0.12102359999999998,0.1273084333333333,0.12269350000000001,0.14801729999999996,0.003840598,7811.283555321333
3095,30,0.10237173333333333,0.09892400000000001,0.1111705,0.12379366666666665,0.11908350000000001,0.13313909999999998,0.003734593,8033.003864142625
3096,30,0.11168746666666667,0.109148,0.1294824,0.1345901666666667,0.13074550000000001,0.15142139999999998,0.004059686,7389.734082882273
3097,30,0.10619263333333334,0.10053000000000001,0.12839279999999997,0.12827943333333333,0.121321,0.15777274999999996,0.003870837,7750.261765091116
3098,30,0.10429793333333333,0.10133,0.12081874999999996,0.12624296666666665,0.121946,0.14756679999999997,0.003809536,7874.974800080639
3099,30,0.13199599999999997,0.1098945,0.22660075,0.16069770000000003,0.13371699999999997,0.26155864999999995,0.004847357,6188.939663408328
3100,30,0.10377226666666668,0.1011505,0.11803464999999999,0.12554353333333332,0.122792,0.1406917,0.00379143,7912.581796314319
3101,30,0.10473273333333331,0.10085749999999999,0.12247244999999998,0.1267272333333333,0.121904,0.15016875,0.003823385,7846.45020054219
3102,30,0.10490093333333333,0.1017805,0.12038659999999995,0.1265515,0.1216275,0.14707519999999996,0.003818293,7856.914071287877
3103,30,0.10157220000000002,0.099606,0.11044029999999999,0.12310716666666667,0.11979000000000001,0.13603605,0.003714325,8076.83764883256
3104,30,0.10527373333333331,0.1005025,0.12147634999999997,0.1271327,0.120669,0.14897419999999997,0.003835172,7822.334956554751
3105,30,0.12312529999999998,0.1113555,0.18204179999999998,0.14785796666666667,0.133884,0.20471109999999998,0.004459884,6726.6323518728295
3106,30,0.10535710000000001,0.10097500000000001,0.12169594999999997,0.1284045,0.1226915,0.15052384999999996,0.003874245,7743.444206548631
3107,30,0.11857636666666665,0.1194055,0.12688734999999998,0.14378493333333334,0.144507,0.153475,0.004338303,6915.146314123287
3108,30,0.12523743333333334,0.1086515,0.2074932,0.15119080000000001,0.130566,0.24786519999999992,0.004561289,6577.088187133068
3109,30,0.10785396666666666,0.10418,0.12562414999999996,0.131203,0.12591449999999998,0.15616254999999996,0.003958679,7578.285584660945
3110,30,0.11690406666666667,0.11005899999999999,0.16134179999999995,0.14154693333333332,0.1335195,0.18890344999999997,0.004269894,7025.935538446623
3111,30,0.11147096666666666,0.107559,0.12426579999999998,0.1345128666666667,0.130062,0.15105584999999996,0.004059069,7390.85736162652
3112,30,0.10474353333333332,0.10113849999999999,0.1187327,0.12721706666666666,0.1221865,0.1448653,0.003841986,7808.461561286273
3113,30,0.10580013333333334,0.10126399999999999,0.12114379999999997,0.12831873333333332,0.12238199999999999,0.14914739999999996,0.003872414,7747.105552247255
3114,30,0.1051535,0.101602,0.12147164999999996,0.12725516666666667,0.1223285,0.14860084999999995,0.003840074,7812.349449515817
3115,30,0.13683006666666667,0.10901350000000001,0.26093639999999985,0.16524026666666672,0.132497,0.31053939999999985,0.004983517,6019.8450210965475
3116,30,0.1145411,0.1078915,0.1609877999999999,0.1393853,0.1322035,0.20223769999999994,0.004205557,7133.418950212777
3117,30,0.10584526666666667,0.10199949999999999,0.12330109999999997,0.12820883333333336,0.1223215,0.15371604999999994,0.003872013,7747.907871177085
3118,30,0.1106673,0.102324,0.15517149999999993,0.13321573333333334,0.122725,0.1942679499999999,0.004019004,7464.535989513821
3119,30,0.10950573333333333,0.105571,0.12272639999999999,0.13229433333333332,0.12665549999999998,0.14876974999999998,0.003990899,7517.103289258886
3120,30,0.11675823333333334,0.1129685,0.14463159999999997,0.14068000000000003,0.135027,0.16892514999999997,0.00425145,7056.416046290089
3121,30,0.1051867,0.101426,0.12277814999999995,0.12753313333333333,0.1225615,0.15216834999999995,0.00384821,7795.832348026745
3122,30,0.11431396666666667,0.107124,0.15971064999999995,0.13804023333333332,0.128703,0.20203339999999997,0.004164381,7203.951799799298
3123,30,0.10681466666666671,0.102249,0.12007719999999997,0.12908546666666668,0.12349950000000001,0.14746034999999996,0.003894064,7704.0336265659735
3124,30,0.10466506666666667,0.10131,0.11882309999999996,0.12653016666666667,0.1219575,0.14614124999999997,0.003817342,7858.8714346265015
3125,30,0.1030966,0.10065199999999999,0.1131831,0.12484160000000001,0.12096950000000001,0.13782295,0.003767931,7961.92923915008
3126,30,0.103567,0.100516,0.11927254999999998,0.12529300000000002,0.1210125,0.14619084999999996,0.003781283,7933.815056952892
3127,30,0.10549606666666665,0.1020335,0.12127159999999997,0.1273570333333333,0.12226999999999999,0.14937789999999995,0.00384313,7806.137185054889
3128,30,0.1326702666666667,0.1070305,0.23559034999999992,0.16258579999999997,0.1299825,0.2817472999999999,0.004905773,6115.244223489346
3129,30,0.10605966666666669,0.101742,0.13239464999999995,0.12850716666666667,0.122477,0.1633789499999999,0.003877858,7736.229640177644
3130,30,0.10310440000000001,0.100745,0.11563014999999997,0.12414030000000001,0.1206875,0.13979589999999997,0.003747273,8005.821833637421
3131,30,0.11214543333333331,0.110432,0.13221999999999995,0.1345643,0.132224,0.15562364999999995,0.004061038,7387.273894014288
3132,30,0.10683583333333331,0.10335549999999999,0.12211069999999996,0.12888366666666667,0.1237195,0.14949214999999996,0.003889727,7712.6235337338585
3133,30,0.11389613333333334,0.102851,0.15800699999999993,0.13723643333333332,0.12338350000000001,0.2012773999999999,0.004141226,7244.231539162558
3134,30,0.10397206666666665,0.1006595,0.11999019999999998,0.12616236666666666,0.1210105,0.14966934999999995,0.003810095,7873.819419200834
3135,30,0.10696440000000002,0.10557749999999999,0.12161924999999997,0.1296525,0.12735649999999998,0.15010549999999995,0.003912968,7666.8145510006725
3136,30,0.12184726666666669,0.12138750000000001,0.1397802,0.14739716666666672,0.146844,0.1734015,0.004448455,6743.9144601889875
3137,30,0.1054138333333333,0.101666,0.12174079999999998,0.12750099999999998,0.1225675,0.14841549999999995,0.003846643,7799.0081221470255
3138,30,0.102452,0.09946650000000001,0.11634389999999997,0.12370186666666666,0.1205415,0.14171284999999997,0.003733233,8035.930251339791
3139,30,0.11224576666666668,0.10329450000000001,0.17026395,0.1364572,0.1254765,0.2006024,0.004117355,7286.231087676434
3140,30,0.10528703333333334,0.101435,0.12254679999999997,0.1279087,0.1226785,0.15159309999999995,0.003859404,7773.220942922793
3141,30,0.10529169999999999,0.1015885,0.12378669999999996,0.12765563333333332,0.1226925,0.15202989999999994,0.003851967,7788.228715355038
3142,30,0.10195870000000001,0.0991945,0.11791519999999997,0.12333696666666666,0.1195735,0.14513934999999997,0.003721674,8060.888729104161
3143,30,0.10388753333333332,0.10103300000000001,0.11931614999999998,0.12564360000000002,0.122053,0.14642499999999997,0.003790598,7914.318532326562
3144,30,0.11248713333333332,0.110037,0.13288174999999997,0.1360439333333333,0.1326655,0.15729845,0.004104876,7308.381544290253
3145,30,0.10440566666666666,0.100005,0.11842254999999997,0.12636103333333332,0.120331,0.14592174999999996,0.003812052,7869.77722234639
3146,30,0.12213170000000002,0.101909,0.22530499999999978,0.14748256666666665,0.1221725,0.2654415999999999,0.004451062,6739.964529813334
3147,30,0.11575396666666667,0.1004955,0.20181419999999986,0.1409555,0.1210835,0.2462425999999999,0.004252311,7054.9872763304475
3148,30,0.1037742,0.09994800000000001,0.12351399999999996,0.12581313333333333,0.12070449999999999,0.15146109999999996,0.003796038,7902.9767352170875
3149,30,0.10488416666666667,0.0998975,0.12214189999999998,0.1270248,0.120298,0.15006254999999996,0.003833028,7826.710371017379
3150,30,0.10504413333333336,0.09894700000000001,0.13101315,0.12715026666666668,0.11912500000000001,0.15873009999999999,0.003836461,7819.70675578352
3151,30,0.10822570000000001,0.103049,0.14022224999999994,0.13121126666666666,0.123642,0.16540509999999994,0.003962738,7570.523208953001
3152,30,0.10284059999999999,0.10108,0.11086045,0.1252431,0.122119,0.13686735,0.003779975,7936.560426986951
3153,30,0.10406276666666668,0.099438,0.12074009999999996,0.12621629999999998,0.119452,0.15217164999999996,0.003808111,7877.921625708915
3154,30,0.10423159999999997,0.100519,0.12114575,0.12600376666666666,0.1216015,0.14602119999999996,0.003802163,7890.245631236746
3155,30,0.10970773333333335,0.1028715,0.1475411,0.1337795333333333,0.1255585,0.18418664999999992,0.004037421,7430.485946350405
3156,30,0.10606413333333334,0.10105149999999999,0.12210539999999998,0.12854800000000002,0.121789,0.15014579999999997,0.00387891,7734.131495703689
3157,30,0.10592829999999999,0.10204250000000001,0.12785764999999996,0.1286193333333333,0.1240935,0.15712299999999993,0.003880636,7730.691567052411
3158,30,0.1020393,0.0987535,0.11504754999999998,0.12377483333333333,0.118941,0.14040159999999996,0.003734825,8032.5048697060765
3159,30,0.10514453333333335,0.1010405,0.12178214999999996,0.12721090000000004,0.121142,0.14946289999999998,0.003838454,7815.646611891142
3160,30,0.10497836666666666,0.1020215,0.12119394999999998,0.12677750000000002,0.1225975,0.14759834999999996,0.003825693,7841.716520379446
3161,30,0.10624186666666666,0.10055249999999999,0.13395689999999993,0.12814779999999998,0.12132499999999999,0.16075664999999992,0.003866036,7759.886353877719
3162,30,0.10356716666666665,0.099331,0.12095994999999997,0.12561133333333332,0.1201525,0.14782694999999996,0.003790267,7915.009681376008
3163,30,0.10576896666666666,0.10050999999999999,0.12112374999999997,0.12774136666666663,0.120887,0.14815099999999998,0.003854071,7783.976994715457
3164,30,0.10408803333333334,0.100434,0.12401479999999998,0.12621016666666668,0.12082599999999999,0.15106069999999996,0.003808157,7877.826465663049
3165,30,0.10393930000000001,0.100104,0.12288514999999996,0.1256532,0.12045,0.15042379999999994,0.003791149,7913.168276952449
3166,30,0.10312289999999999,0.099952,0.11684189999999997,0.12472776666666668,0.11998249999999999,0.14291714999999997,0.003763826,7970.61288167944
3167,30,0.10554900000000002,0.10169800000000001,0.11966204999999998,0.12761086666666668,0.12217449999999999,0.14709849999999997,0.003850047,7792.112667715485
3168,30,0.10753156666666668,0.1059045,0.11688194999999998,0.1307483,0.12879049999999997,0.14343839999999997,0.003948594,7597.641084396118
3169,30,0.1095849,0.1046695,0.13720769999999996,0.13203789999999999,0.126088,0.16246674999999997,0.003985089,7528.062735863616
3170,30,0.104208,0.101601,0.11617234999999998,0.12613803333333334,0.12244050000000001,0.1434953,0.003806562,7881.127379509384
3171,30,0.10521,0.10294,0.12340899999999996,0.12742436666666668,0.12355250000000001,0.15055409999999997,0.003845118,7802.101261911858
3172,30,0.11472996666666666,0.1078875,0.15074964999999999,0.14105949999999998,0.130813,0.19212944999999995,0.004258701,7044.401567520236
3173,30,0.10673026666666667,0.10213900000000001,0.12786214999999998,0.12880450000000002,0.12280150000000001,0.15424789999999997,0.00388776,7716.525711463671
3174,30,0.10344196666666666,0.1007805,0.113281,0.12531446666666665,0.12126400000000001,0.13937795,0.003783236,7929.719425380811
3175,30,0.10565616666666668,0.1019235,0.12354654999999996,0.12826279999999998,0.12365599999999999,0.15164759999999997,0.003871474,7748.986561707505
3176,30,0.10429290000000001,0.1025335,0.11242675,0.12645983333333335,0.1235995,0.13858365,0.003816804,7859.979186775114
3177,30,0.10455496666666668,0.1010385,0.11594769999999999,0.12655426666666666,0.1220055,0.1425995,0.003819251,7854.943286000318
3178,30,0.120619,0.1059035,0.18974059999999995,0.14349139999999996,0.12744149999999999,0.21543339999999994,0.004328092,6931.4607914988865
3179,30,0.10486229999999999,0.10101550000000001,0.12432614999999997,0.12687206666666667,0.121535,0.15331084999999994,0.003827601,7837.807545770836
3180,30,0.10903930000000002,0.10345750000000001,0.14466664999999998,0.1329928,0.1249485,0.1829129,0.004013775,7474.260515350263
3181,30,0.10680859999999999,0.101455,0.12216379999999998,0.12932060000000004,0.122209,0.15094874999999996,0.0039015,7689.350249903883
3182,30,0.10516483333333332,0.101119,0.12366844999999997,0.1277341,0.122309,0.15221049999999997,0.003853874,7784.3748913431
3183,30,0.10475156666666668,0.100166,0.12115074999999997,0.1268772,0.120393,0.14968289999999995,0.003828504,7835.958901962751
3184,30,0.10445483333333332,0.100603,0.12207974999999996,0.12661293333333334,0.1212,0.15038434999999997,0.003819956,7853.493600449849
3185,30,0.10576953333333329,0.101626,0.12275664999999997,0.12765506666666668,0.1220145,0.15142469999999994,0.003854897,7782.309099309268
3186,30,0.10307643333333333,0.100757,0.11618764999999998,0.12488933333333334,0.121448,0.14036875000000001,0.003767963,7961.86162125265
3187,30,0.1042099,0.1006425,0.11842574999999998,0.12606456666666666,0.12082999999999999,0.14542919999999995,0.003804068,7886.294356462608
3188,30,0.12416429999999999,0.107297,0.19215559999999993,0.15124906666666668,0.129737,0.23578955,0.004562613,6575.1796174692
3189,30,0.10537316666666666,0.1015865,0.12913624999999998,0.1268407666666667,0.12262500000000001,0.15486355,0.003826585,7839.888569050472
3190,30,0.104968,0.1011495,0.12239104999999997,0.12676740000000003,0.121181,0.14794499999999997,0.003824722,7843.707333500317
3191,30,0.10409399999999999,0.1001495,0.12693489999999996,0.12588523333333332,0.12057999999999999,0.15452234999999995,0.003798212,7898.453272223878
3192,30,0.10418943333333333,0.1019785,0.1169321,0.12577813333333332,0.121784,0.14256305,0.003794714,7905.734134377452
3193,30,0.12094076666666667,0.11244499999999999,0.1599467,0.14594519999999997,0.136287,0.2068419,0.004403155,6813.296374985664
3194,30,0.10291246666666666,0.100838,0.11652424999999998,0.12441900000000002,0.121929,0.14470094999999997,0.003753901,7991.686514908091
3195,30,0.11414493333333334,0.112773,0.12920225,0.13737263333333335,0.134487,0.15765105,0.004145275,7237.155556627727
3196,30,0.1351854,0.1300965,0.16655429999999996,0.16351849999999998,0.1556835,0.20317599999999994,0.004932619,6081.9617327022415
3197,30,0.10563343333333333,0.10156200000000001,0.13014124999999993,0.1276286666666667,0.1223275,0.1583673499999999,0.003850936,7790.313835389629
3198,30,0.10653140000000001,0.1026585,0.12412679999999997,0.1289127333333333,0.123756,0.15455759999999993,0.003888893,7714.277559192295
3199,30,0.10520900000000001,0.1030895,0.12190109999999997,0.12725483333333334,0.123056,0.15060814999999997,0.003839312,7813.89999041495
3200,30,0.10958446666666669,0.1055915,0.13447744999999997,0.13268439999999998,0.1277435,0.16263275,0.00400281,7494.7349486985395
3201,30,0.106528,0.10341049999999999,0.12703369999999994,0.1293707666666667,0.1250815,0.16202299999999992,0.003905813,7680.8592730885985
3202,30,0.1220225,0.10182450000000001,0.21520804999999993,0.14978863333333334,0.123277,0.27276135,0.004522703,6633.2014284378165
3203,30,0.10519346666666667,0.10123299999999999,0.12212099999999998,0.126926,0.12138950000000001,0.15010239999999997,0.003829467,7833.98838532882
3204,30,0.10203623333333334,0.099623,0.10893849999999998,0.12334986666666665,0.12027650000000001,0.13353174999999998,0.003722091,8059.985637105595
3205,30,0.10241033333333333,0.09878500000000001,0.11184689999999999,0.1234188,0.11878849999999999,0.13754435,0.003723986,8055.884205794544
3206,30,0.10585476666666668,0.1010335,0.13371324999999992,0.12908926666666667,0.1220865,0.1732314499999999,0.003897295,7697.646701109359
3207,30,0.10992020000000001,0.10436300000000001,0.13251599999999997,0.1332571333333333,0.126031,0.16367999999999996,0.00401993,7462.816516705515
3208,30,0.10671950000000001,0.102132,0.12392464999999998,0.12917793333333333,0.122891,0.15100149999999996,0.003897394,7697.451168652694
3209,30,0.11257263333333331,0.104598,0.15504694999999988,0.1359182666666667,0.1261505,0.19418304999999983,0.004099388,7318.165540807555
3210,30,0.1218478,0.1058945,0.1950354,0.1459864,0.127674,0.22468829999999995,0.004403052,6813.455757506384
3211,30,0.10647276666666666,0.1013955,0.12720019999999999,0.12948326666666665,0.12337000000000001,0.15639229999999998,0.003906362,7679.779805353421
3212,30,0.10735186666666667,0.10420099999999999,0.12268779999999997,0.13022033333333333,0.12563600000000003,0.15134039999999996,0.003929987,7633.613037396815
3213,30,0.10833526666666667,0.1030295,0.12449584999999998,0.13151416666666668,0.12488849999999999,0.15325024999999995,0.003969103,7558.382838641376
3214,30,0.11379966666666665,0.104242,0.16748884999999994,0.13799026666666667,0.12434300000000001,0.19930324999999996,0.00416386,7204.853189108183
3215,30,0.10361139999999999,0.101463,0.12103214999999995,0.125967,0.121837,0.14908709999999994,0.003802065,7890.4490060006865
3216,30,0.1098182,0.1057105,0.1325546,0.1329125333333333,0.127869,0.15917189999999998,0.004011853,7477.841286806869
3217,30,0.10742506666666665,0.103124,0.13292695,0.12961036666666667,0.124348,0.1552247,0.003911938,7668.833197254148
3218,30,0.1050045,0.10078999999999999,0.12231274999999996,0.12712403333333336,0.121838,0.14965789999999995,0.003837421,7817.7505152549065
3219,30,0.10227199999999999,0.100502,0.11076889999999999,0.1235874,0.1209335,0.13604119999999997,0.003734508,8033.186700898753
3220,30,0.10997463333333334,0.1035615,0.14276819999999996,0.1334535,0.126324,0.1756361999999999,0.004028285,7447.338011089086
3221,30,0.10345443333333335,0.099992,0.11509924999999999,0.12453066666666665,0.1199945,0.14061664999999998,0.003758253,7982.432263075423
3222,30,0.1018896,0.0987235,0.11443369999999999,0.12352703333333334,0.11843200000000001,0.14093349999999996,0.00372783,8047.577276860801
3223,30,0.10186663333333333,0.099485,0.11133469999999998,0.12332353333333332,0.11909349999999999,0.13659799999999997,0.003722197,8059.75610640705
3224,30,0.10486986666666667,0.1003005,0.12357064999999996,0.12705339999999998,0.121046,0.15185059999999995,0.003834174,7824.3710379341155
3225,30,0.10449573333333335,0.101009,0.12294629999999998,0.12620236666666665,0.12133350000000001,0.15078274999999997,0.003807451,7879.287218666767
3226,30,0.10434743333333336,0.1000605,0.12135634999999996,0.1260278,0.1207425,0.14921144999999997,0.00380267,7889.193645517491
3227,30,0.10499413333333332,0.09912599999999999,0.12122584999999998,0.1268048,0.11962500000000001,0.14883249999999998,0.003826419,7840.228683790248
3228,30,0.10504823333333332,0.1009565,0.12342779999999996,0.12711326666666667,0.1207675,0.15161479999999997,0.003835564,7821.5355029925195
3229,30,0.1095067,0.101876,0.15143994999999996,0.13354763333333333,0.123359,0.18912239999999997,0.004030049,7444.078223366515
3230,30,0.10618263333333333,0.104266,0.11760269999999998,0.1282069,0.125273,0.14301224999999995,0.003868596,7754.751336143655
3231,30,0.10545896666666667,0.1027775,0.11867929999999997,0.12708183333333334,0.123191,0.14500834999999995,0.003834429,7823.850695892401
3232,30,0.10530390000000002,0.101126,0.12182304999999996,0.12736213333333335,0.121584,0.14993859999999995,0.003845948,7800.417478343441
3233,30,0.10573823333333335,0.102011,0.12232404999999998,0.12758813333333333,0.122333,0.15012754999999994,0.003849784,7792.644989952682
3234,30,0.1072051,0.1027995,0.12628479999999997,0.12964236666666668,0.12373300000000001,0.15298479999999998,0.003911226,7670.229232470841
3235,30,0.10594786666666665,0.101821,0.12439619999999997,0.12790936666666666,0.12217549999999999,0.15063624999999997,0.00385928,7773.470699197777
3236,30,0.10668186666666667,0.1034535,0.12287264999999997,0.12835533333333332,0.123644,0.14989429999999995,0.003875986,7739.966037029029
3237,30,0.10372456666666667,0.101496,0.11075745,0.12543986666666665,0.12233949999999999,0.13635239999999998,0.003784632,7926.794467731605
3238,30,0.10538363333333332,0.10183700000000001,0.12255114999999997,0.12699043333333335,0.12193899999999999,0.15023354999999997,0.003831393,7830.050323733431
3239,30,0.10526993333333333,0.1011675,0.12300344999999997,0.12729586666666665,0.1221825,0.15089649999999996,0.003840906,7810.6571730732285
3240,30,0.11184156666666668,0.1040845,0.14995755,0.1354637,0.125342,0.18428734999999996,0.004087813,7338.887566530074
3241,30,0.11053776666666668,0.1075815,0.13153235,0.13373466666666667,0.1300405,0.15799475,0.004035001,7434.942395305478
3242,30,0.10719750000000001,0.1020005,0.13391274999999997,0.13047603333333332,0.12349399999999999,0.16470349999999995,0.003936679,7620.636582256262
3243,30,0.10627196666666666,0.1017785,0.12438329999999997,0.12841480000000002,0.122169,0.15256029999999995,0.003874112,7743.710042456181
3244,30,0.10669306666666664,0.1031685,0.12323299999999997,0.12882016666666668,0.124683,0.15067449999999996,0.003886285,7719.45444042318
3245,30,0.13880416666666665,0.11068549999999999,0.2461173499999999,0.16776486666666665,0.1335675,0.2970301499999999,0.005058847,5930.205044746363
3246,30,0.10483053333333331,0.10075049999999999,0.12412949999999998,0.12674739999999998,0.12091350000000001,0.15339709999999995,0.003823513,7846.187524404912
3247,30,0.11149273333333332,0.10357849999999999,0.15296889999999988,0.13446539999999998,0.124014,0.19510764999999985,0.004056462,7395.607305085071
3248,30,0.10430086666666666,0.101134,0.1185239,0.12609336666666668,0.121835,0.14234679999999997,0.003805239,7883.86747849478
3249,30,0.1044597,0.10161200000000001,0.11994524999999995,0.1258714,0.121885,0.14787069999999994,0.003798386,7898.091452527468
3250,30,0.10677706666666667,0.102726,0.12606849999999997,0.1292922,0.124453,0.15399334999999995,0.003900826,7690.678845967495
3251,30,0.10690470000000002,0.102349,0.12509905,0.12913843333333333,0.1232675,0.15605529999999995,0.00389585,7700.501816035011
3252,30,0.10389120000000002,0.10114799999999999,0.11364194999999999,0.1251023,0.1211305,0.1407592,0.003774629,7947.800962690639
3253,30,0.1060919,0.1011805,0.12190449999999996,0.1283911,0.1222245,0.14936584999999994,0.003877874,7736.1977207098535
3254,30,0.10663483333333333,0.1019855,0.12471389999999996,0.129015,0.1233165,0.15280849999999996,0.003892766,7706.602451829881
3255,30,0.10581983333333334,0.101728,0.12001089999999998,0.12744590000000003,0.122026,0.14715489999999998,0.003845483,7801.360713335621
3256,30,0.10635,0.103047,0.12215579999999997,0.12894370000000002,0.12384800000000001,0.15054714999999996,0.003891887,7708.343022292271
3257,30,0.10663966666666667,0.1030355,0.12178764999999998,0.1288069,0.12380350000000001,0.14959994999999998,0.003886978,7718.0781573757295
3258,30,0.10578103333333332,0.101995,0.12282049999999997,0.1279979,0.123026,0.15145139999999996,0.003862819,7766.348876299925
3259,30,0.10591926666666665,0.10229150000000001,0.12444684999999998,0.12833416666666667,0.122977,0.15244264999999996,0.003873609,7744.715586937143
3260,30,0.10263223333333334,0.100056,0.1123025,0.12417253333333331,0.12067900000000001,0.1386561,0.003747936,8004.405624855921
3261,30,0.1106968,0.104542,0.15020334999999987,0.13526023333333334,0.126241,0.19084729999999986,0.004083145,7347.277649948753
3262,30,0.10517096666666666,0.1030305,0.11867564999999998,0.12762690000000002,0.12504300000000002,0.14352824999999997,0.003852428,7787.296738576295
3263,30,0.10659586666666665,0.10234499999999999,0.12237109999999997,0.12878583333333335,0.1227295,0.15004514999999996,0.003886081,7719.859673537428
3264,30,0.12015099999999998,0.105483,0.18755044999999998,0.14228843333333333,0.1268195,0.20916709999999997,0.00429059,6992.045383035899
3265,30,0.10550766666666668,0.1044085,0.11295304999999999,0.12850266666666668,0.1258435,0.14100544999999998,0.003876914,7738.113355106665
3266,30,0.1104976,0.1042215,0.13441279999999997,0.13357653333333333,0.1251765,0.1619359,0.004030578,7443.101212778912
3267,30,0.10412466666666667,0.101221,0.12127264999999997,0.12666036666666666,0.12249399999999999,0.14979919999999997,0.003822223,7848.835612155544
3268,30,0.10527703333333333,0.10036700000000001,0.12015634999999997,0.12756196666666667,0.121115,0.14800214999999997,0.003849529,7793.161189329915
3269,30,0.1023236,0.100311,0.11435749999999999,0.1237555,0.1210185,0.14016544999999997,0.003735033,8032.057548085921
3270,30,0.108977,0.10120299999999999,0.1548200499999999,0.13217816666666665,0.1219985,0.19355619999999993,0.003991854,7515.304918466456
3271,30,0.10314086666666668,0.100383,0.11552224999999999,0.12512859999999998,0.121032,0.1430749,0.003779537,7937.480172835985
3272,30,0.10352159999999998,0.1014775,0.11312284999999997,0.1250914,0.121895,0.13856089999999996,0.003774421,7948.23894843739
3273,30,0.10629659999999999,0.102976,0.12337479999999999,0.12853573333333335,0.1235965,0.14979074999999997,0.003878165,7735.617231345237
3274,30,0.10407693333333333,0.101141,0.11584209999999998,0.12565226666666668,0.1219925,0.14081974999999997,0.003790736,7914.030415201692
3275,30,0.10429530000000001,0.1005195,0.12202124999999997,0.1263367,0.12133350000000001,0.14936794999999997,0.003811845,7870.204585968212
3276,30,0.10624146666666667,0.102209,0.12172634999999997,0.1279545,0.122991,0.14818214999999996,0.003860556,7770.901393478039
3277,30,0.10385023333333332,0.099999,0.12260664999999997,0.12603129999999999,0.120584,0.15051739999999994,0.003802683,7889.166675213264
3278,30,0.1115061,0.105935,0.14781889999999998,0.13497330000000002,0.1282795,0.1817681,0.004072524,7366.439092808293
3279,30,0.10474606666666667,0.1005305,0.12476849999999999,0.126807,0.1212525,0.14969949999999999,0.003826283,7840.507354003872
3280,30,0.10458426666666666,0.1004545,0.12353999999999998,0.12664443333333333,0.121025,0.15169114999999997,0.003821107,7851.12795846858
3281,30,0.10608096666666668,0.1031105,0.1216119,0.1283722,0.1242815,0.14856304999999997,0.00387314,7745.653397501768
3282,30,0.10678970000000002,0.101821,0.12500809999999996,0.12916346666666667,0.1224665,0.15341479999999993,0.00389674,7698.743051884396
3283,30,0.1050334,0.101376,0.12367744999999995,0.12709990000000002,0.1215575,0.15133384999999994,0.003835077,7822.528726281115
3284,30,0.10629593333333334,0.101776,0.12521684999999996,0.12843133333333334,0.1222945,0.15327519999999994,0.003874652,7742.630822071246
3285,30,0.10175606666666664,0.0998395,0.11384449999999999,0.12310099999999999,0.12047250000000001,0.13946399999999998,0.003714373,8076.733273691145
3286,30,0.10307050000000001,0.1004315,0.11603934999999997,0.12452483333333335,0.12091350000000001,0.14203619999999997,0.003761663,7975.196076841546
3287,30,0.10183399999999998,0.09924949999999999,0.11535079999999998,0.1228637666666667,0.11930099999999999,0.14173399999999997,0.003711156,8083.734556025131
3288,30,0.10393783333333334,0.0998375,0.11993724999999997,0.12607706666666665,0.120688,0.14786349999999995,0.003804713,7884.957419915773
3289,30,0.10508843333333331,0.1001205,0.12304384999999998,0.127145,0.120629,0.15104019999999996,0.003836106,7820.4304052077805
3290,30,0.10906033333333334,0.10603950000000001,0.12489485,0.13262526666666666,0.1299345,0.15252695,0.004001684,7496.843828748097
3291,30,0.10857816666666668,0.1013215,0.14701594999999995,0.13165566666666664,0.122033,0.17682674999999995,0.003972053,7552.7693109835145
3292,30,0.10384730000000002,0.100294,0.11982284999999997,0.12611263333333336,0.1213055,0.14752389999999996,0.003804908,7884.553319029002
3293,30,0.10449479999999998,0.1005325,0.12218299999999997,0.12665313333333333,0.1210045,0.15011439999999998,0.003821849,7849.603686592537
3294,30,0.10903256666666669,0.101709,0.14098629999999993,0.13262626666666666,0.1240315,0.17521284999999992,0.004002375,7495.549517474
3295,30,0.10549969999999999,0.1013295,0.12291709999999997,0.1282397,0.122641,0.15035774999999996,0.003869017,7753.907517077335
3296,30,0.10548513333333331,0.10138749999999999,0.12244989999999997,0.12775046666666667,0.1226145,0.15054144999999997,0.003854232,7783.651840366641
3297,30,0.1044536,0.101421,0.11890039999999998,0.12628226666666667,0.1221165,0.14588619999999997,0.003810281,7873.435056364609
3298,30,0.10380736666666665,0.1001515,0.12203654999999997,0.1256712,0.12053,0.15013324999999997,0.003792084,7911.217156581974
3299,30,0.10474213333333333,0.10105900000000001,0.12060714999999997,0.12710013333333334,0.1220325,0.14862219999999995,0.003836072,7820.499719504744
3300,30,0.10519459999999999,0.1011735,0.12295939999999997,0.127904,0.122881,0.15092954999999997,0.003860236,7771.545573897554
3301,30,0.10666006666666666,0.102748,0.12308339999999997,0.1291178,0.1238625,0.15133559999999996,0.003896192,7699.825881270738
3302,30,0.10490203333333334,0.1007635,0.12016559999999997,0.12717976666666667,0.121963,0.14717754999999996,0.003841772,7808.896519626881
3303,30,0.11014109999999998,0.1027525,0.14640704999999998,0.13401086666666667,0.123866,0.18280924999999995,0.0040455,7415.6470152020775
3304,30,0.10720316666666667,0.10421150000000001,0.12613675,0.12963216666666666,0.124584,0.1534038,0.003916764,7659.384124241338
3305,30,0.10712643333333335,0.102351,0.1259023,0.12966370000000002,0.12353449999999999,0.15453594999999998,0.003913334,7666.09750151661
3306,30,0.10418596666666667,0.10083049999999999,0.12052399999999998,0.12621880000000002,0.12167900000000001,0.14838384999999998,0.003809932,7874.156284154154
3307,30,0.10401903333333332,0.10169049999999999,0.11538469999999997,0.12582829999999998,0.123475,0.14091249999999997,0.003797314,7900.321121719194
3308,30,0.10258526666666669,0.101217,0.11090744999999999,0.12403270000000001,0.121576,0.1354086,0.003742046,8017.004601226174
3309,30,0.10605073333333333,0.1008105,0.12336904999999998,0.12821929999999998,0.1211735,0.15369694999999997,0.003868236,7755.473037322438
3310,30,0.10378463333333335,0.1000295,0.11843799999999997,0.12563283333333333,0.121222,0.1466631,0.003790925,7913.635854046176
3311,30,0.10431366666666667,0.1019455,0.12104829999999998,0.12624933333333335,0.123419,0.14843559999999997,0.003808868,7876.35591467071
3312,30,0.10603813333333333,0.101766,0.12260824999999997,0.12824470000000002,0.123069,0.15201784999999998,0.003868933,7754.0758653613275
3313,30,0.1021951,0.10044600000000001,0.11290914999999999,0.12360533333333333,0.120835,0.1388073,0.003729121,8044.791252415784
3314,30,0.10256629999999999,0.0999845,0.11458869999999997,0.12402706666666666,0.1202985,0.1406021,0.003742727,8015.545884057266
3315,30,0.11316209999999997,0.10940649999999999,0.14358714999999997,0.13640570000000002,0.1320105,0.17030474999999995,0.00411542,7289.656948743992
3316,30,0.10379246666666668,0.09977649999999999,0.12049624999999999,0.1257759,0.120572,0.14859324999999998,0.003795201,7904.719670973948
3317,30,0.10448046666666667,0.101295,0.12295269999999997,0.1264761,0.12122749999999999,0.15450839999999996,0.003816352,7860.910104728286
3318,30,0.1038668,0.0994585,0.11877194999999997,0.12558266666666668,0.1197105,0.14625554999999996,0.003796739,7901.5175918070745
3319,30,0.1080438,0.100817,0.14172224999999997,0.1310712,0.12133,0.17639044999999998,0.003956194,7583.045725260187
3320,30,0.10462176666666666,0.10084499999999999,0.12007219999999998,0.12657743333333332,0.12137300000000001,0.14765669999999995,0.003819089,7855.276480857085
3321,30,0.10356000000000001,0.0983535,0.11729849999999997,0.12515586666666667,0.11852499999999999,0.14407349999999997,0.003775879,7945.1698531653155
3322,30,0.10442473333333332,0.0996155,0.12054774999999998,0.12633013333333334,0.1209675,0.14817209999999995,0.003811572,7870.768281433488
3323,30,0.1030122,0.09916449999999999,0.11785424999999997,0.12436486666666666,0.1185775,0.14470359999999996,0.003751949,7995.844293192685
3324,30,0.10080476666666668,0.09811149999999999,0.11208769999999998,0.12219856666666669,0.118203,0.13953435,0.003686887,8136.945884156472
3325,30,0.10344260000000001,0.1017235,0.11570274999999998,0.12509003333333335,0.12171799999999999,0.14320199999999997,0.003774592,7947.878870087152
3326,30,0.10354956666666666,0.10034799999999999,0.11630459999999998,0.12504223333333334,0.1204855,0.1436218,0.003772107,7953.114797644924
3327,30,0.10507283333333334,0.101546,0.1255526,0.1270092,0.12256149999999999,0.15053775,0.003832187,7828.427996859235
3328,30,0.1050122333333333,0.10109399999999999,0.12210969999999999,0.1268566666666667,0.1214475,0.14979874999999998,0.003827117,7838.798761574313
3329,30,0.10342580000000003,0.1006605,0.11659619999999998,0.12482819999999997,0.1208905,0.14213745,0.003766173,7965.645762953534
3330,30,0.10412806666666666,0.100223,0.12287664999999999,0.12577283333333333,0.1200155,0.15082935,0.003794794,7905.5674695385305
3331,30,0.10613760000000001,0.1013405,0.1234328,0.1280158,0.12138,0.15113709999999997,0.003862245,7767.50309729186
3332,30,0.1048644,0.10134699999999999,0.12248579999999998,0.12634536666666665,0.1216035,0.1499178,0.003812061,7869.758642372198
3333,30,0.10608303333333333,0.1018785,0.12562879999999998,0.12818369999999998,0.1220445,0.15306069999999997,0.003867158,7757.63493500912
3334,10,0.1281784,0.123984,0.15609895,0.15645409999999998,0.1511075,0.195433,0.001574892,6349.641753212283
