complete,duration_s,n,passage,throughput_ips
True,0.00457658,30,0,6555.113206805081
True,0.0045511,30,1,6591.8129682933795
True,0.00455452,30,2,6586.863160113469
True,0.00455809,30,3,6581.704178723983
True,0.00456089,30,4,6577.663570048829
True,0.00457018,30,5,6564.292872490799
True,0.00454984,30,6,6593.638457616092
True,0.00454854,30,7,6595.52295901542
True,0.00455175,30,8,6590.871642774757
True,0.00454944,30,9,6594.218189491454
True,0.00456281,30,10,6574.895733111833
True,0.00455325,30,11,6588.700378850272
True,0.00457186,30,12,6561.880722506814
True,0.00455538,30,13,6585.619640952016
True,0.00455742,30,14,6582.6717748199635
True,0.00455766,30,15,6582.325140532642
True,0.00455627,30,16,6584.333237494705
True,0.00456058,30,17,6578.110678904876
True,0.00455553,30,18,6585.402796162027
True,0.00459671,30,19,6526.406930173972
True,0.00455335,30,20,6588.555678785949
True,0.00455909,30,21,6580.26053444876
True,0.00456011,30,22,6578.788669571567
True,0.00455195,30,23,6590.582058238777
True,0.00455912,30,24,6580.2172349049815
True,0.00455622,30,25,6584.405494027945
True,0.00457352,30,26,6559.499029194143
True,0.00455819,30,27,6581.5597857921675
True,0.00456178,30,28,6576.380272612884
True,0.0045585,30,29,6581.112207963146
True,0.00456038,30,30,6578.399168490345
True,0.00456013,30,31,6578.7598160578755
True,0.0045515,30,32,6591.233659233219
True,0.00457506,30,33,6557.291051920631
True,0.00456075,30,34,6577.86548265088
True,0.00455637,30,35,6584.188729185734
True,0.00456235,30,36,6575.558648503513
True,0.00472579,30,37,6348.144966238449
True,0.00486737,30,38,6163.492810285637
True,0.00488067,30,39,6146.697072328184
True,0.00486671,30,40,6164.328673785782
True,0.00489171,30,41,6132.824717736743
True,0.0048706,30,42,6159.405412064222
True,0.00487059,30,43,6159.418058181863
True,0.00488352,30,44,6143.109887949676
True,0.00486153,30,45,6170.896816434332
True,0.00487241,30,46,6157.117319765784
True,0.00486527,30,47,6166.153163133804
True,0.00488448,30,48,6141.90251572327
True,0.00486957,30,49,6160.708235018697
True,0.00489934,30,50,6123.273747076137
True,0.00490961,30,51,6110.464986017219
True,0.00489969,30,52,6122.8363427073955
True,0.00488741,30,53,6138.220448049171
True,0.00487928,30,54,6148.448131691562
True,0.004881,30,55,6146.281499692686
True,0.00487613,30,56,6152.4200544284095
True,0.0048953,30,57,6128.3271709599
True,0.00487724,30,58,6151.019839089321
True,0.00487785,30,59,6150.250622712875
True,0.0048821,30,60,6144.896663321111
True,0.00488117,30,61,6146.067438749316
True,0.00492522,30,62,6091.0984686978445
True,0.00488741,30,63,6138.220448049171
True,0.00488577,30,64,6140.280856446374
True,0.00488303,30,65,6143.726333854185
True,0.0048988,30,66,6123.948722136033
True,0.00488373,30,67,6142.845734715064
True,0.00488956,30,68,6135.521396608284
True,0.00488285,30,69,6143.952814442385
True,0.00489298,30,70,6131.232909188266
True,0.00489917,30,71,6123.486223176579
True,0.0048943,30,72,6129.579306540261
True,0.00489027,30,73,6134.6306032182265
True,0.00488838,30,74,6137.002442526972
True,0.00490277,30,75,6118.98987715108
True,0.004918,30,76,6100.04066693778
True,0.00488777,30,77,6137.768348346997
True,0.00488373,30,78,6142.845734715064
True,0.00489371,30,79,6130.318306560871
True,0.00489396,30,80,6130.005149204325
True,0.00488597,30,81,6140.029513075193
True,0.00489572,30,82,6127.801426552172
True,0.00488936,30,83,6135.772371026065
True,0.00492435,30,84,6092.174601724086
True,0.00488661,30,85,6139.225352545015
True,0.00489347,30,86,6130.618967726378
True,0.00489731,30,87,6125.8119253222685
True,0.00488815,30,88,6137.2912042388225
True,0.00504091,30,89,5951.306410945643
True,0.00488402,30,90,6142.480989021339
True,0.00488957,30,91,6135.508848426344
True,0.00488199,30,92,6145.035118875704
True,0.00582881,30,93,5146.848155970087
True,0.00488551,30,94,6140.607633594036
True,0.00487757,30,95,6150.603681751363
True,0.00487579,30,96,6152.849076764996
True,0.00489013,30,97,6134.806232145157
True,0.00488089,30,98,6146.420017660714
True,0.00487204,30,99,6157.584913095951
True,0.00488112,30,100,6146.1303963024875
True,0.00489261,30,101,6131.696579126478
True,0.00488049,30,102,6146.923771998303
True,0.004884,30,103,6142.506142506142
True,0.00488422,30,104,6142.229465503192
True,0.00490513,30,105,6116.04585403445
True,0.00489236,30,106,6132.009909328013
True,0.00488243,30,107,6144.481334089787
True,0.0048842,30,108,6142.254616928054
True,0.00488205,30,109,6144.959596890651
True,0.00489427,30,110,6129.616878513037
True,0.00488879,30,111,6136.487760775161
True,0.00489531,30,112,6128.314652187502
True,0.0048854,30,113,6140.745895934827
True,0.00488011,30,114,6147.402415109495
True,0.00489486,30,115,6128.878047584609
True,0.00488138,30,116,6145.803031110055
True,0.00487805,30,117,6149.998462500384
True,0.00487325,30,118,6156.056020109783
True,0.00489455,30,119,6129.2662246784685
True,0.00487074,30,120,6159.228371869572
True,0.0048807,30,121,6146.659290675518
True,0.00487841,30,122,6149.544626220429
True,0.0048846,30,123,6141.751627564181
True,0.0048905,30,124,6134.342091810653
True,0.00487891,30,125,6148.914409161062
True,0.00490097,30,126,6121.237224467809
True,0.00488294,30,127,6143.839572061095
True,0.00488944,30,128,6135.671978795118
True,0.00488486,30,129,6141.424728651384
True,0.00487948,30,130,6148.1961192586095
True,0.00487904,30,131,6148.750573883386
True,0.0048741,30,132,6154.982458299994
True,0.00489623,30,133,6127.163143888257
True,0.0048863,30,134,6139.614841495611
True,0.00488152,30,135,6145.626771989052
True,0.00488443,30,136,6141.965387977716
True,0.00541054,30,137,5544.733058068141
True,0.00488453,30,138,6141.839644755995
True,0.00488118,30,139,6146.054847393459
True,0.00488697,30,140,6138.773104807273
True,0.0048933,30,141,6130.831953896144
True,0.00488527,30,142,6140.909304910476
True,0.00489565,30,143,6127.889044355704
True,0.00515618,30,144,5818.260805480026
True,0.00526823,30,145,5694.512198594215
True,0.00461142,30,146,6505.588300350001
True,0.00463052,30,147,6478.7540060295605
True,0.00458959,30,148,6536.531585610043
True,0.00460347,30,149,6516.823179036683
True,0.00459452,30,150,6529.517773347378
True,0.00461108,30,151,6506.067992747903
True,0.00460054,30,152,6520.973624835345
True,0.00482753,30,153,6214.358067168925
True,0.0046054,30,154,6514.09215269032
True,0.00459734,30,155,6525.512579013081
True,0.00459667,30,156,6526.463722651398
True,0.00459243,30,157,6532.48933571116
True,0.00461171,30,158,6505.179206845183
True,0.00459518,30,159,6528.579946813836
True,0.00459333,30,160,6531.209384041644
True,0.00459806,30,161,6524.490763495909
True,0.0045951,30,162,6528.693608408957
True,0.00459887,30,163,6523.341603480855
True,0.00461753,30,164,6496.97998713598
True,0.00460003,30,165,6521.696597630886
True,0.00459633,30,166,6526.946498619551
True,0.00459995,30,167,6521.810019674127
True,0.00460129,30,168,6519.910720689198
True,0.00459434,30,169,6529.773590983689
True,0.0046241,30,170,6487.748967366623
True,0.00462183,30,171,6490.935408701747
True,0.00459925,30,172,6522.802630863728
True,0.00461152,30,173,6505.447227812088
True,0.00459703,30,174,6525.95262593457
True,0.00460466,30,175,6515.139011349373
True,0.00459658,30,176,6526.591509339552
True,0.00461259,30,177,6503.9381345404645
True,0.00459985,30,178,6521.951802776178
True,0.00459846,30,179,6523.92322647147
True,0.00459474,30,180,6529.205134566918
True,0.00459692,30,181,6526.108785882721
True,0.00459989,30,182,6521.895088795602
True,0.00460337,30,183,6516.964745393049
True,0.00461255,30,184,6503.994536644589
True,0.00459869,30,185,6523.596937388691
True,0.00458869,30,186,6537.813624367738
True,0.00459498,30,187,6528.864108222451
True,0.00459491,30,188,6528.963570559597
True,0.0045915,30,189,6533.812479581836
True,0.00460069,30,190,6520.76101628234
True,0.00461582,30,191,6499.386891169934
True,0.00461898,30,192,6494.940441396153
True,0.00460284,30,193,6517.715149777094
True,0.00460255,30,194,6518.125821555442
True,0.0045962,30,195,6527.131108306862
True,0.00460307,30,196,6517.38948136787
True,0.00460886,30,197,6509.201841670174
True,0.00460096,30,198,6520.378355821394
True,0.00459999,30,199,6521.753308159366
True,0.00459814,30,200,6524.37724819166
True,0.00459557,30,201,6528.025903206783
True,0.00460028,30,202,6521.342179171703
True,0.00459566,30,203,6527.89806034389
True,0.00460986,30,204,6507.78982441983
True,0.00460236,30,205,6518.394910437254
True,0.00460052,30,206,6521.00197368993
True,0.0045986,30,207,6523.724611838385
True,0.00459642,30,208,6526.818698030205
True,0.00459086,30,209,6534.723341596127
True,0.00459362,30,210,6530.797062012096
True,0.00460954,30,211,6508.241603283625
True,0.00459907,30,212,6523.057922579999
True,0.004595,30,213,6528.8356909684435
True,0.00460264,30,214,6517.998366155077
True,0.00462368,30,215,6488.338293307495
True,0.0046001,30,216,6521.597356579205
True,0.00461929,30,217,6494.504566719128
True,0.00460301,30,218,6517.474435206527
True,0.00460274,30,219,6517.856754889479
True,0.00459857,30,220,6523.767171098842
True,0.00459275,30,221,6532.034184312231
True,0.00459959,30,222,6522.32046769386
True,0.00459872,30,223,6523.554380349315
True,0.0046164,30,224,6498.570314530803
True,0.00460196,30,225,6518.96148597554
True,0.00460328,30,226,6517.092160372604
True,0.00459448,30,227,6529.574619978757
True,0.00460357,30,228,6516.681618830603
True,0.00460283,30,229,6517.72931001145
True,0.0046068,30,230,6512.112529304506
True,0.00460887,30,231,6509.187718464613
True,0.00459333,30,232,6531.209384041644
True,0.00460397,30,233,6516.115439501126
True,0.00459851,30,234,6523.852291285655
True,0.00460004,30,235,6521.682420152869
True,0.00460584,30,236,6513.4698556615085
True,0.00462774,30,237,6482.6459567737165
True,0.0046098,30,238,6507.874528179097
True,0.00460454,30,239,6515.30880391961
True,0.00459355,30,240,6530.896583252604
True,0.00459654,30,241,6526.6483050294355
True,0.00459852,30,242,6523.8381044336
True,0.00459685,30,243,6526.208164286413
True,0.00460816,30,244,6510.190618381306
True,0.00458985,30,245,6536.161312461191
True,0.00459372,30,246,6530.654894072778
True,0.00459256,30,247,6532.304422805581
True,0.00459249,30,248,6532.403989992356
True,0.00458806,30,249,6538.711350766991
True,0.00459866,30,250,6523.639494983321
True,0.00460982,30,251,6507.84629334768
True,0.00459027,30,252,6535.563267520211
True,0.00459224,30,253,6532.759611866975
True,0.00459296,30,254,6531.735525674075
True,0.00459137,30,255,6533.997477876974
True,0.00459863,30,256,6523.682053133215
True,0.00460735,30,257,6511.335149272359
True,0.0045951,30,258,6528.693608408957
True,0.00459001,30,259,6535.933472911824
True,0.00462923,30,260,6480.559401887571
True,0.00463241,30,261,6476.110706953832
True,0.0046298,30,262,6479.761544775152
True,0.00460968,30,263,6508.043942312699
True,0.00460668,30,264,6512.282164161608
True,0.00458935,30,265,6536.873413446348
True,0.00459647,30,266,6526.747699865331
True,0.00459513,30,267,6528.6509848470005
True,0.00459321,30,268,6531.380015283428
True,0.00459573,30,269,6527.798630467847
True,0.00459041,30,270,6535.363943525742
True,0.00461175,30,271,6505.122784192551
True,0.00459418,30,272,6530.001001266821
True,0.00463261,30,273,6475.831118958859
True,0.0046957,30,274,6388.823817535193
True,0.00467676,30,275,6414.6973545788105
True,0.00465279,30,276,6447.744256671803
True,0.00464946,30,277,6452.362209805009
True,0.00469551,30,278,6389.082336104066
True,0.00467918,30,279,6411.379771669395
True,0.00468095,30,280,6408.95544707805
True,0.00467404,30,281,6418.430308683708
True,0.00463218,30,282,6476.432262994962
True,0.00474758,30,283,6319.008842399707
True,0.00470052,30,284,6382.272599627276
True,0.00469769,30,285,6386.117432184755
True,0.00470903,30,286,6370.7387721038085
True,0.00472837,30,287,6344.681148048905
True,0.00467548,30,288,6416.453497822683
True,0.00461043,30,289,6506.98524866444
True,0.00460604,30,290,6513.187032678831
True,0.00459966,30,291,6522.221207654478
True,0.00460111,30,292,6520.165786082054
True,0.00460306,30,293,6517.40364018718
True,0.0046053,30,294,6514.233600416911
True,0.00461769,30,295,6496.754870941964
True,0.00459477,30,296,6529.162504325571
True,0.00458975,30,297,6536.303720246201
True,0.00459572,30,298,6527.812834550407
True,0.0045876,30,299,6539.366989275439
True,0.0045943,30,300,6529.830442069521
True,0.00458525,30,301,6542.718499536558
True,0.00460321,30,302,6517.191264356829
True,0.00458988,30,303,6536.118591335721
True,0.00458397,30,304,6544.545448595868
True,0.00461681,30,305,6497.993203099109
True,0.0045862,30,306,6541.363220095067
True,0.00458273,30,307,6546.31627872469
True,0.00473546,30,308,6335.181798600347
True,0.00460022,30,309,6521.427236088708
True,0.00458782,30,310,6539.0534066288565
True,0.00458812,30,311,6538.625842392962
True,0.0045845,30,312,6543.788853746319
True,0.00458681,30,313,6540.493284003479
True,0.00458721,30,314,6539.922959707534
True,0.00460029,30,315,6521.328003234579
True,0.00458991,30,316,6536.075870768708
True,0.00458808,30,317,6538.682847727155
True,0.00458832,30,318,6538.340830630819
True,0.0045886,30,319,6537.941855903761
True,0.00458741,30,320,6539.637834856706
True,0.00459105,30,321,6534.452902930702
True,0.00460213,30,322,6518.720679337611
True,0.00458234,30,323,6546.8734314782405
True,0.00459845,30,324,6523.937413693745
True,0.00459729,30,325,6525.583550308986
True,0.00459143,30,326,6533.912092746705
True,0.00458945,30,327,6536.7309808364835
True,0.00463816,30,328,6468.082170515895
True,0.00458541,30,329,6542.490202620922
True,0.00458964,30,330,6536.460375977201
True,0.00458759,30,331,6539.381243746717
True,0.0045885,30,332,6538.084341288003
True,0.00458628,30,333,6541.24911693137
True,0.00458678,30,334,6540.536062335668
True,0.00459438,30,335,6529.716740887779
True,0.00458468,30,336,6543.5319367982065
True,0.00459078,30,337,6534.837217204919
True,0.0045903,30,338,6535.520554212143
True,0.00459186,30,339,6533.3002312788285
True,0.00459449,30,340,6529.560408228117
True,0.00459197,30,341,6533.143726984279
True,0.00460833,30,342,6509.950459277005
True,0.00459106,30,343,6534.43866993679
True,0.00459753,30,344,6525.242902167033
True,0.00459668,30,345,6526.449524439378
True,0.00459579,30,346,6527.713407270568
True,0.00460297,30,347,6517.531072329388
True,0.00459307,30,348,6531.57909633426
True,0.0046097,30,349,6508.015706011237
True,0.00462039,30,350,6492.9583866297
True,0.00459943,30,351,6522.547359129284
True,0.00459442,30,352,6529.65989178177
True,0.00460268,30,353,6517.941720910427
True,0.00459466,30,354,6529.3188179321205
True,0.004605,30,355,6514.657980456026
True,0.00460162,30,356,6519.443152628857
True,0.00459759,30,357,6525.157745688502
True,0.00459464,30,358,6529.347239391987
True,0.00459359,30,359,6530.839713600909
True,0.00459617,30,360,6527.1737120254475
True,0.00459946,30,361,6522.504815782723
True,0.00460292,30,362,6517.60187011723
True,0.00459452,30,363,6529.517773347378
True,0.00459253,30,364,6532.347094085395
True,0.00459636,30,365,6526.903897867008
True,0.00459521,30,366,6528.537324735976
True,0.00459122,30,367,6534.210950466325
True,0.00458984,30,368,6536.175552960452
True,0.0046069,30,369,6511.971173674272
True,0.00459272,30,370,6532.076852061524
True,0.00491178,30,371,6107.76541294602
True,0.00490998,30,372,6110.004521403345
True,0.00492884,30,373,6086.624844791066
True,0.00492795,30,374,6087.724104343591
True,0.00490879,30,375,6111.485722550771
True,0.00491701,30,376,6101.268860547365
True,0.00490952,30,377,6110.577001417654
True,0.00493497,30,378,6079.0643104213395
True,0.00492124,30,379,6096.024579171103
True,0.00491505,30,380,6103.701895199439
True,0.00491459,30,381,6104.273194712072
True,0.00492126,30,382,6095.999804928006
True,0.0049118,30,383,6107.740543181726
True,0.00490779,30,384,6112.730984822088
True,0.0049076,30,385,6112.967642024615
True,0.00490883,30,386,6111.435922612924
True,0.00492266,30,387,6094.266108161035
True,0.00490361,30,388,6117.941679701281
True,0.00490701,30,389,6113.702641730912
True,0.00491185,30,390,6107.678369657055
True,0.00492318,30,391,6093.622414780691
True,0.00491124,30,392,6108.436973147312
True,0.00490984,30,393,6110.178743095497
True,0.00493242,30,394,6082.207111316555
True,0.00490603,30,395,6114.923879389242
True,0.00492574,30,396,6090.455444258122
True,0.0049079,30,397,6112.593981132461
True,0.00490446,30,398,6116.881369202725
True,0.0049129,30,399,6106.373017973091
True,0.00491414,30,400,6104.832178163422
True,0.00492535,30,401,6090.937699858893
True,0.00491097,30,402,6108.772808630474
True,0.00505801,30,403,5931.186375669483
True,0.00492206,30,404,6095.009000296624
True,0.00490994,30,405,6110.054298015862
True,0.00490723,30,406,6113.428553379401
True,0.0049042,30,407,6117.205660454304
True,0.00468278,30,408,6406.450868928286
True,0.00460899,30,409,6509.01824477814
True,0.00459445,30,410,6529.617255601867
True,0.00459653,30,411,6526.662504106359
True,0.00458809,30,412,6538.668596300421
True,0.00458872,30,413,6537.7708816401955
True,0.00458662,30,414,6540.764222891803
True,0.00458663,30,415,6540.749962390687
True,0.00467448,30,416,6417.8261539251425
True,0.00462031,30,417,6493.070811265911
True,0.00460392,30,418,6516.186206537038
True,0.0045998,30,419,6522.022696638984
True,0.00459955,30,420,6522.377189072844
True,0.00459466,30,421,6529.3188179321205
True,0.00461448,30,422,6501.274249752952
True,0.00460104,30,423,6520.264983568933
True,0.00459994,30,424,6521.8241977069265
True,0.0046133,30,425,6502.937159950578
True,0.00460097,30,426,6520.3641840742275
True,0.00459966,30,427,6522.221207654478
True,0.00460168,30,428,6519.358147459188
True,0.0046077,30,429,6510.840549514942
True,0.00459872,30,430,6523.554380349315
True,0.00460159,30,431,6519.485656044976
True,0.00459978,30,432,6522.051054615655
True,0.00460192,30,433,6519.018148946527
True,0.00459799,30,434,6524.590092627431
True,0.00461768,30,435,6496.7689402470505
True,0.0045996,30,436,6522.306287503262
True,0.00460443,30,437,6515.464454883667
True,0.00462312,30,438,6489.124227794217
True,0.0045985,30,439,6523.866478199413
True,0.00459238,30,440,6532.560458847047
True,0.00459343,30,441,6531.067198150402
True,0.00461605,30,442,6499.063051743374
True,0.0045989,30,443,6523.2990497727715
True,0.00460058,30,444,6520.916927865617
True,0.00460065,30,445,6520.817710540901
True,0.00459324,30,446,6531.337356637145
True,0.00459541,30,447,6528.253191771789
True,0.00459874,30,448,6523.5260092982
True,0.00461036,30,449,6507.084045497531
True,0.00459731,30,450,6525.5551616053735
True,0.00460408,30,451,6515.959757432538
True,0.00464021,30,452,6465.224634229917
True,0.00459855,30,453,6523.795544247643
True,0.00459981,30,454,6522.008517743124
True,0.00461655,30,455,6498.359164311012
True,0.00459495,30,456,6528.906734567297
True,0.00459941,30,457,6522.575721668649
True,0.00459587,30,458,6527.599779802301
True,0.00458648,30,459,6540.963876436831
True,0.00458143,30,460,6548.173823456868
True,0.00461726,30,461,6497.359906091492
True,0.00459851,30,462,6523.852291285655
True,0.00458887,30,463,6537.557176385471
True,0.00458871,30,464,6537.785129153945
True,0.00459159,30,465,6533.684409975629
True,0.00458553,30,466,6542.3189903893335
True,0.00459053,30,467,6535.193104064237
True,0.00458991,30,468,6536.075870768708
True,0.00460295,30,469,6517.559391259953
True,0.0045841,30,470,6544.359852533758
True,0.00458599,30,471,6541.6627598402965
True,0.00459401,30,472,6530.242642049103
True,0.00459234,30,473,6532.617358470845
True,0.00459303,30,474,6531.635978863626
True,0.00458791,30,475,6538.925131486886
True,0.00460423,30,476,6515.747475690832
True,0.00459318,30,477,6531.4226744869575
True,0.00459216,30,478,6532.873419044633
True,0.00458583,30,479,6541.890999012175
True,0.00458337,30,480,6545.402182237088
True,0.00458744,30,481,6539.595068273373
True,0.00460551,30,482,6513.9365672857075
True,0.00460377,30,483,6516.398516867697
True,0.00459062,30,484,6535.064980329455
True,0.00458018,30,485,6549.9609185665195
True,0.00458286,30,486,6546.130582212853
True,0.00458886,30,487,6537.571422967796
True,0.00459038,30,488,6535.40665478675
True,0.00459809,30,489,6524.448194793926
True,0.00459069,30,490,6534.965332008914
True,0.00459533,30,491,6528.366841989585
True,0.00458879,30,492,6537.6711507826685
True,0.00459856,30,493,6523.781357642392
True,0.00459439,30,494,6529.702528518475
True,0.00459705,30,495,6525.924234019643
True,0.00460933,30,496,6508.5381172534835
True,0.00459424,30,497,6529.915720554433
True,0.00459293,30,498,6531.778189521721
True,0.00459262,30,499,6532.219081918382
True,0.00459141,30,500,6533.940554208838
True,0.00459251,30,501,6532.3755419149875
True,0.00460518,30,502,6514.403345797557
True,0.0046346,30,503,6473.050532947827
True,0.0045982,30,504,6524.292114305597
True,0.00460194,30,505,6518.989817337906
True,0.00468149,30,506,6408.216187581304
True,0.00468348,30,507,6405.493351097901
True,0.00471312,30,508,6365.210306548528
True,0.00463961,30,509,6466.060724931622
True,0.0046075,30,510,6511.12316874661
True,0.00460039,30,511,6521.18624725295
True,0.00459932,30,512,6522.7033561483
True,0.00459556,30,513,6528.040108278425
True,0.00460521,30,514,6514.360908623059
True,0.00461609,30,515,6499.006735137314
True,0.00460363,30,516,6516.596685658926
True,0.00459971,30,517,6522.150309476032
True,0.00460503,30,518,6514.615539963908
True,0.00460097,30,519,6520.3641840742275
True,0.004598,30,520,6524.575902566334
True,0.00460446,30,521,6515.422003883191
True,0.00461209,30,522,6504.643231159843
True,0.00460793,30,523,6510.515567727809
True,0.00460504,30,524,6514.6013932560845
True,0.00460821,30,525,6510.1199815112595
True,0.00459682,30,526,6526.25075595738
True,0.00460109,30,527,6520.194127913168
True,0.00479005,30,528,6262.98264109978
True,0.00459678,30,529,6526.307545716784
True,0.00459166,30,530,6533.584803752891
True,0.0045973,30,531,6525.5693559263045
True,0.0045987,30,532,6523.5827516472045
True,0.00460003,30,533,6521.696597630886
True,0.00460244,30,534,6518.281607147513
True,0.00462207,30,535,6490.598368263571
True,0.00459895,30,536,6523.228128159689
True,0.00460081,30,537,6520.590939421536
True,0.00460653,30,538,6512.494220161379
True,0.00460457,30,539,6515.266354947368
True,0.00459627,30,540,6527.031701792975
True,0.00461267,30,541,6503.825333266849
True,0.00460418,30,542,6515.818234734524
True,0.0045995,30,543,6522.448092183932
True,0.00459554,30,544,6528.0685186071705
True,0.00459571,30,545,6527.8270386947825
True,0.00459588,30,546,6527.585576646909
True,0.00459791,30,547,6524.703615338273
True,0.00461063,30,548,6506.702988528683
True,0.00459872,30,549,6523.554380349315
True,0.00460037,30,550,6521.214597956251
True,0.00461822,30,551,6496.009284962604
True,0.00459707,30,552,6525.895842351759
True,0.00459438,30,553,6529.716740887779
True,0.00459346,30,554,6531.024543590235
True,0.00460565,30,555,6513.738560246653
True,0.00459741,30,556,6525.413221792271
True,0.00459017,30,557,6535.705649246106
True,0.00459478,30,558,6529.148294368828
True,0.00459042,30,559,6535.349706562799
True,0.00460106,30,560,6520.236641121829
True,0.00460383,30,561,6516.313591075257
True,0.00459424,30,562,6529.915720554433
True,0.0045932,30,563,6531.394234956021
True,0.00459642,30,564,6526.818698030205
True,0.00459548,30,565,6528.153751077146
True,0.00459755,30,566,6525.214516427228
True,0.00459479,30,567,6529.134084473937
True,0.00461148,30,568,6505.503656093054
True,0.004596,30,569,6527.4151436031325
True,0.00463892,30,570,6467.022496615591
True,0.00463022,30,571,6479.173775760115
True,0.00461318,30,572,6503.1063171174765
True,0.00461542,30,573,6499.950167048719
True,0.0046322,30,574,6476.404300332455
True,0.00462561,30,575,6485.631084332662
True,0.00461279,30,576,6503.656138692635
True,0.0046133,30,577,6502.937159950578
True,0.0046076,30,578,6510.981856063894
True,0.00459963,30,579,6522.263747301413
True,0.0046062,30,580,6512.960791976032
True,0.00461183,30,581,6505.009941823528
True,0.00460083,30,582,6520.562594140622
True,0.00460094,30,583,6520.406699500536
True,0.00460714,30,584,6511.631945198105
True,0.00461074,30,585,6506.547755891678
True,0.00460497,30,586,6514.7004215011175
True,0.00460213,30,587,6518.720679337611
True,0.00461519,30,588,6500.274094891001
True,0.00459938,30,589,6522.618265940192
True,0.00459551,30,590,6528.111134563956
True,0.00460547,30,591,6513.993142936551
True,0.00459802,30,592,6524.547522629305
True,0.00460769,30,593,6510.85467989383
True,0.00461351,30,594,6502.641156082896
True,0.00460155,30,595,6519.542328128565
True,0.00462864,30,596,6481.385460956134
True,0.00460729,30,597,6511.419945347482
True,0.004607,30,598,6511.829824180595
True,0.00460006,30,599,6521.654065381756
True,0.00460669,30,600,6512.2680275859675
True,0.00461847,30,601,6495.657652859063
True,0.00460357,30,602,6516.681618830603
True,0.00460173,30,603,6519.287311511105
True,0.00460132,30,604,6519.868211730547
True,0.00460133,30,605,6519.854042200842
True,0.00460531,30,606,6514.2194553678255
True,0.00460328,30,607,6517.092160372604
True,0.00462621,30,608,6484.789925230371
True,0.00459727,30,609,6525.611939259605
True,0.00459531,30,610,6528.395255162329
True,0.00459842,30,611,6523.979975730795
True,0.00460203,30,612,6518.862328146492
True,0.00460385,30,613,6516.2852829696885
True,0.0046152,30,614,6500.260010400416
True,0.00460533,30,615,6514.191165453941
True,0.00460168,30,616,6519.358147459188
True,0.00460421,30,617,6515.775779123888
True,0.00459544,30,618,6528.210573960274
True,0.0046171,30,619,6497.585064217799
True,0.0046004,30,620,6521.172071993739
True,0.0046106,30,621,6506.74532598794
True,0.00460161,30,622,6519.457320372652
True,0.0045995,30,623,6522.448092183932
True,0.00459912,30,624,6522.9870062098835
True,0.00473358,30,625,6337.697894616759
True,0.00492336,30,626,6093.399629521303
True,0.00493252,30,627,6082.08380300536
True,0.0049214,30,628,6095.826390864388
True,0.00491549,30,629,6103.155534850035
True,0.00491633,30,630,6102.112754839484
True,0.00492274,30,631,6094.167069558823
True,0.00491007,30,632,6109.89252699045
True,0.00491158,30,633,6108.01412172865
True,0.00491225,30,634,6107.181027024276
True,0.00492205,30,635,6095.021383366687
True,0.00490754,30,636,6113.042379685137
True,0.00490698,30,637,6113.740019319418
True,0.00490963,30,638,6110.440094263723
True,0.00491221,30,639,6107.23075764269
True,0.0049471,30,640,6064.158800105111
True,0.00491652,30,641,6101.876937345928
True,0.00491261,30,642,6106.7334879015425
True,0.00490418,30,643,6117.230607359436
True,0.00492234,30,644,6094.662294762247
True,0.00491345,30,645,6105.689484985092
True,0.0049105,30,646,6109.35749923633
True,0.00491715,30,647,6101.09514657881
True,0.00493337,30,648,6081.035884192752
True,0.00491779,30,649,6100.301151533514
True,0.00491454,30,650,6104.335298929299
True,0.00491483,30,651,6103.97511205881
True,0.00492048,30,652,6096.966149643938
True,0.00492576,30,653,6090.430715260182
True,0.00492346,30,654,6093.275866971601
True,0.0049189,30,655,6098.924556303238
True,0.00492055,30,656,6096.879413886659
True,0.00492719,30,657,6088.663112240446
True,0.00491712,30,658,6101.132370167904
True,0.00492012,30,659,6097.412258237604
True,0.00492295,30,660,6093.907108542642
True,0.00495266,30,661,6057.3509992610025
True,0.0049235,30,662,6093.226363359399
True,0.00492421,30,663,6092.347808074797
True,0.00491724,30,664,6100.98347853674
True,0.00492445,30,665,6092.050888931759
True,0.00492697,30,666,6088.934984381882
True,0.00492245,30,667,6094.526099808022
True,0.00492056,30,668,6096.867023265644
True,0.00491984,30,669,6097.759276724446
True,0.00494382,30,670,6068.182094008277
True,0.00493114,30,671,6083.785899406628
True,0.00493493,30,672,6079.113584184578
True,0.00493161,30,673,6083.206092939222
True,0.00494737,30,674,6063.827851969834
True,0.00492462,30,675,6091.840588715474
True,0.00483569,30,676,6203.871629488242
True,0.00461019,30,677,6507.323993154295
True,0.00461328,30,678,6502.965352200604
True,0.00460537,30,679,6514.1345863633105
True,0.0046214,30,680,6491.539360366988
True,0.00461522,30,681,6500.231841602351
True,0.00461571,30,682,6499.541782304347
True,0.00463775,30,683,6468.65398091747
True,0.00461182,30,684,6505.02404690556
True,0.00461134,30,685,6505.701162785655
True,0.0046247,30,686,6486.907258849223
True,0.00461083,30,687,6506.420752879633
True,0.00460591,30,688,6513.370864823672
True,0.00460975,30,689,6507.945116329519
True,0.00461199,30,690,6504.784268829724
True,0.00461673,30,691,6498.1058021586705
True,0.00461374,30,692,6502.316992288253
True,0.00462587,30,693,6485.266555264199
True,0.00461074,30,694,6506.547755891678
True,0.00460985,30,695,6507.80394155992
True,0.00460866,30,696,6509.484318652277
True,0.00461204,30,697,6504.7137492302745
True,0.00460659,30,698,6512.409396104277
True,0.00461855,30,699,6495.545138625759
True,0.0046082,30,700,6510.134108762641
True,0.00461665,30,701,6498.218405120596
True,0.00460751,30,702,6511.109037202306
True,0.00461334,30,703,6502.88077618385
True,0.00461222,30,704,6504.459891332156
True,0.00460136,30,705,6519.811533981258
True,0.00464055,30,706,6464.750945469826
True,0.00460443,30,707,6515.464454883667
True,0.00460733,30,708,6511.363414385339
True,0.00460047,30,709,6521.0728469047735
True,0.00460513,30,710,6514.474075650416
True,0.00459863,30,711,6523.682053133215
True,0.00460139,30,712,6519.76902631596
True,0.00462138,30,713,6491.567453877414
True,0.00461046,30,714,6506.942908082924
True,0.00461107,30,715,6506.082102418744
True,0.00460664,30,716,6512.338711077922
True,0.00461247,30,717,6504.107343787602
True,0.00461532,30,718,6500.091001274018
True,0.00461382,30,719,6502.204247239814
True,0.00459911,30,720,6523.001189360551
True,0.00460556,30,721,6513.865849104127
True,0.00460689,30,722,6511.985308961143
True,0.0046065,30,723,6512.536633018561
True,0.00465087,30,724,6450.40605306104
True,0.00463385,30,725,6474.098212069877
True,0.00463061,30,726,6478.628085716568
True,0.00460977,30,727,6507.9168808855975
True,0.00462618,30,728,6484.831978003451
True,0.00460581,30,729,6513.512281227406
True,0.00460018,30,730,6521.483941932707
True,0.00460345,30,731,6516.85149181592
True,0.00461617,30,732,6498.894104853157
True,0.00459707,30,733,6525.895842351759
True,0.00460099,30,734,6520.335840764705
True,0.00459627,30,735,6527.031701792975
True,0.00459709,30,736,6525.867450930915
True,0.00460107,30,737,6520.2224699906765
True,0.00460323,30,738,6517.162948625205
True,0.00463196,30,739,6476.739868219933
True,0.00461169,30,740,6505.20741853854
True,0.00462223,30,741,6490.373694082727
True,0.00461707,30,742,6497.627283103787
True,0.00460989,30,743,6507.747473367043
True,0.00461913,30,744,6494.729526988848
True,0.00463909,30,745,6466.785511813739
True,0.00475136,30,746,6313.981681034484
True,0.00461167,30,747,6505.235630476595
True,0.00461594,30,748,6499.217927442732
True,0.00461244,30,749,6504.149647475089
True,0.00461224,30,750,6504.431686122144
True,0.00464209,30,751,6462.606282945829
True,0.0046197,30,752,6493.928177154361
True,0.00461342,30,753,6502.768011583597
True,0.00461591,30,754,6499.260167550927
True,0.00461323,30,755,6503.035833895123
True,0.00461481,30,756,6500.809350764171
True,0.00460918,30,757,6508.749929488542
True,0.00462467,30,758,6486.949339087978
True,0.00460367,30,759,6516.540064774408
True,0.00460548,30,760,6513.978998931707
True,0.0046058,30,761,6513.526423205523
True,0.00459873,30,762,6523.54019479291
True,0.0045944,30,763,6529.688316211039
True,0.00459959,30,764,6522.32046769386
True,0.00461953,30,765,6494.167155533139
True,0.00460536,30,766,6514.148731043827
True,0.0046053,30,767,6514.233600416911
True,0.00459477,30,768,6529.162504325571
True,0.00460095,30,769,6520.3925276301625
True,0.00459825,30,770,6524.221171097701
True,0.00461365,30,771,6502.443835141374
True,0.00460857,30,772,6509.611441293069
True,0.0046277,30,773,6482.701990189511
True,0.00459116,30,774,6534.296343407766
True,0.00459342,30,775,6531.081416460937
True,0.00480253,30,776,6246.707464607196
True,0.00458544,30,777,6542.447398722915
True,0.00459164,30,778,6533.613262363774
True,0.00459225,30,779,6532.745386248571
True,0.00457585,30,780,6556.158965001037
True,0.00458565,30,781,6542.147787118511
True,0.00458278,30,782,6546.244855742584
True,0.00458612,30,783,6541.477327239584
True,0.00460021,30,784,6521.441412457257
True,0.00458486,30,785,6543.2750400230325
True,0.00458063,30,786,6549.317451966215
True,0.00457654,30,787,6555.170499984705
True,0.00458658,30,788,6540.821265518099
True,0.00457634,30,789,6555.4569809061395
True,0.00458909,30,790,6537.243767282839
True,0.00459232,30,791,6532.645808654449
True,0.00458222,30,792,6547.044882175016
True,0.00458282,30,793,6546.1877184790155
True,0.00458415,30,794,6544.288472235856
True,0.0045866,30,795,6540.792744080583
True,0.00461604,30,796,6499.077131047391
True,0.0045891,30,797,6537.229522128522
True,0.00460584,30,798,6513.4698556615085
True,0.00458664,30,799,6540.735701951755
True,0.00459149,30,800,6533.826709848001
True,0.0045957,30,801,6527.841242900972
True,0.00459914,30,802,6522.958640093583
True,0.00460128,30,803,6519.924890465261
True,0.0045938,30,804,6530.541164177805
True,0.00461283,30,805,6503.59974245745
True,0.00459218,30,806,6532.844966878475
True,0.00459834,30,807,6524.093477211341
True,0.00460151,30,808,6519.599001197434
True,0.00459783,30,809,6524.817141999596
True,0.00459981,30,810,6522.008517743124
True,0.0046086,30,811,6509.569066527796
True,0.00459752,30,812,6525.257095129548
True,0.00459524,30,813,6528.494703214631
True,0.00459402,30,814,6530.228427390391
True,0.00458866,30,815,6537.856367654174
True,0.00459117,30,816,6534.282111095864
True,0.00459992,30,817,6521.852553957459
True,0.0046296,30,818,6480.041472265422
True,0.00459551,30,819,6528.111134563956
True,0.00458871,30,820,6537.785129153945
True,0.00460221,30,821,6518.607364722601
True,0.0045975,30,822,6525.2854812398045
True,0.00460119,30,823,6520.052421221467
True,0.00459378,30,824,6530.569596280187
True,0.00461981,30,825,6493.773553457826
True,0.00460076,30,826,6520.661803701997
True,0.00459139,30,827,6533.969015918927
True,0.00459575,30,828,6527.770222488169
True,0.00459611,30,829,6527.258921131131
True,0.00459496,30,830,6528.892525723836
True,0.0046115,30,831,6505.475441830207
True,0.00459933,30,832,6522.689174292776
True,0.00459176,30,833,6533.442514417129
True,0.00458927,30,834,6536.987364003425
True,0.0045873,30,835,6539.794650447976
True,0.00459623,30,836,6527.088505144434
True,0.00465541,30,837,6444.115555880148
True,0.00460653,30,838,6512.494220161379
True,0.00459871,30,839,6523.568565967413
True,0.00459991,30,840,6521.8667321751955
True,0.00463176,30,841,6477.019534690916
True,0.00459784,30,842,6524.8029509508815
True,0.00459739,30,843,6525.441609260907
True,0.00460089,30,844,6520.477559776478
True,0.00462194,30,845,6490.780927489323
True,0.0046064,30,846,6512.678013199027
True,0.00460443,30,847,6515.464454883667
True,0.00460042,30,848,6521.143721660196
True,0.00460196,30,849,6518.96148597554
True,0.00459461,30,850,6529.389872045724
True,0.00460747,30,851,6511.165563747567
True,0.00461037,30,852,6507.069931480553
True,0.00460476,30,853,6514.99752430094
True,0.00459885,30,854,6523.369972928015
True,0.00459279,30,855,6531.977294846923
True,0.00459648,30,856,6526.733500417711
True,0.00459921,30,857,6522.859360629325
True,0.00460726,30,858,6511.462344213263
True,0.00459035,30,859,6535.4493666060325
True,0.00458801,30,860,6538.782609453772
True,0.00460097,30,861,6520.3641840742275
True,0.00458876,30,862,6537.713892206173
True,0.00458715,30,863,6540.008502011053
True,0.0046199,30,864,6493.647048637416
True,0.00460842,30,865,6509.823323395003
True,0.00459416,30,866,6530.029428665958
True,0.00460039,30,867,6521.18624725295
True,0.00460283,30,868,6517.72931001145
True,0.0046004,30,869,6521.172071993739
True,0.00460345,30,870,6516.85149181592
True,0.0046088,30,871,6509.2865821905925
True,0.00460305,30,872,6517.417799068009
True,0.00459629,30,873,6527.0033004880015
True,0.00460457,30,874,6515.266354947368
True,0.0046077,30,875,6510.840549514942
True,0.00460364,30,876,6516.582530345553
True,0.00460368,30,877,6516.5259097070175
True,0.00465141,30,878,6449.657200719782
True,0.00462257,30,879,6489.896313089904
True,0.00460277,30,880,6517.814272709695
True,0.00459605,30,881,6527.344132461571
True,0.00459074,30,882,6534.894156497645
True,0.0045845,30,883,6543.788853746319
True,0.00460789,30,884,6510.572083969018
True,0.00458068,30,885,6549.245963481404
True,0.0046129,30,886,6503.5010513993375
True,0.00458971,30,887,6536.360685097751
True,0.0045858,30,888,6541.933795629988
True,0.00458821,30,889,6538.497584025143
True,0.00458823,30,890,6538.469082848941
True,0.00460241,30,891,6518.3240954195735
True,0.00458339,30,892,6545.373620835234
True,0.00461626,30,893,6498.767400449715
True,0.00490096,30,894,6121.2497143416795
True,0.00490076,30,895,6121.499522523038
True,0.0049109,30,896,6108.859883117148
True,0.00489406,30,897,6129.8798952199195
True,0.00489787,30,898,6125.111528072406
True,0.00489061,30,899,6134.204117686751
True,0.00489766,30,900,6125.374158271501
True,0.00491117,30,901,6108.524038060177
True,0.00489936,30,902,6123.248750857255
True,0.00491104,30,903,6108.68573662605
True,0.00489856,30,904,6124.248758818919
True,0.00491856,30,905,6099.346150092711
True,0.00490614,30,906,6114.786777385073
True,0.00490838,30,907,6111.996218711673
True,0.00492278,30,908,6094.117551464823
True,0.00489725,30,909,6125.8869773852675
True,0.00463244,30,910,6476.06876721555
True,0.00457885,30,911,6551.863459165511
True,0.00462978,30,912,6479.7895364358565
True,0.00458033,30,913,6549.746415651274
True,0.00458465,30,914,6543.574754888596
True,0.00458642,30,915,6541.049445973112
True,0.00459437,30,916,6529.730953318953
True,0.00458223,30,917,6547.030594273968
True,0.00457506,30,918,6557.291051920631
True,0.0045877,30,919,6539.224447980469
True,0.00458195,30,920,6547.4306790776845
True,0.0045857,30,921,6542.076455066838
True,0.00458547,30,922,6542.404595384987
True,0.0045998,30,923,6522.022696638984
True,0.00458119,30,924,6548.516870070877
True,0.00457922,30,925,6551.334069994453
True,0.00458594,30,926,6541.734082870687
True,0.00457837,30,927,6552.550361809989
True,0.00457675,30,928,6554.869721964275
True,0.00457986,30,929,6550.418571746734
True,0.00462622,30,930,6484.775907760547
True,0.00458085,30,931,6549.002914306297
True,0.00458667,30,932,6540.692921008052
True,0.00459563,30,933,6527.940674075154
True,0.00457172,30,934,6562.081667293711
True,0.00457671,30,935,6554.927010887734
True,0.0045879,30,936,6538.939384031911
True,0.00459202,30,937,6533.072591147252
True,0.00457137,30,938,6562.584083108565
True,0.00458031,30,939,6549.775015228227
True,0.00458342,30,940,6545.330779199811
True,0.0045869,30,941,6540.364952364343
True,0.00457975,30,942,6550.575904798297
True,0.00457952,30,943,6550.904898329955
True,0.00460092,30,944,6520.435043426098
True,0.00457818,30,945,6552.822300564853
True,0.00458466,30,946,6543.5604821295365
True,0.00458246,30,947,6546.701989760958
True,0.00457912,30,948,6551.477139712434
True,0.0045818,30,949,6547.645030337422
True,0.0045884,30,950,6538.226832882921
True,0.00459823,30,951,6524.2495481957185
True,0.00459054,30,952,6535.178867845613
True,0.00460657,30,953,6512.437670544462
True,0.00458365,30,954,6545.002345292507
True,0.00458587,30,955,6541.833937726103
True,0.00458388,30,956,6544.673944344092
True,0.0045975,30,957,6525.2854812398045
True,0.00458498,30,958,6543.103786712265
True,0.0045902,30,959,6535.662934076947
True,0.00457886,30,960,6551.849150225165
True,0.00458544,30,961,6542.447398722915
True,0.00459076,30,962,6534.865686727252
True,0.00457926,30,963,6551.276843856868
True,0.00459761,30,964,6525.129360689575
True,0.00458172,30,965,6547.759356748121
True,0.00458114,30,966,6548.588342639605
True,0.00458299,30,967,6545.944896235863
True,0.00472778,30,968,6345.4729280973315
True,0.00459451,30,969,6529.531984912429
True,0.00459771,30,970,6524.9874393991795
True,0.00459785,30,971,6524.788759963897
True,0.00458203,30,972,6547.316364144277
True,0.00459241,30,973,6532.5177847796695
True,0.00457792,30,974,6553.194463861317
True,0.00458,30,975,6550.218340611354
True,0.00460715,30,976,6511.617811445253
True,0.00458608,30,977,6541.534382304713
True,0.00459663,30,978,6526.520516117243
True,0.00458735,30,979,6539.723369701463
True,0.00458333,30,980,6545.459305788586
True,0.0045884,30,981,6538.226832882921
True,0.0045857,30,982,6542.076455066838
True,0.00458278,30,983,6546.244855742584
True,0.0046044,30,984,6515.506906437321
True,0.00458388,30,985,6544.673944344092
True,0.00459568,30,986,6527.869651498799
True,0.00458334,30,987,6545.445024807236
True,0.00458026,30,988,6549.846515263325
True,0.00458795,30,989,6538.868121928093
True,0.00459184,30,990,6533.328687410712
True,0.00460451,30,991,6515.351253444992
True,0.0045811,30,992,6548.6455218179035
True,0.00458321,30,993,6545.630682425636
True,0.00458304,30,994,6545.873481357352
True,0.00458775,30,995,6539.1531796632335
True,0.00458814,30,996,6538.597340098602
True,0.00458158,30,997,6547.959437573937
True,0.00461908,30,998,6494.79983026923
True,0.00458307,30,999,6545.830633178198
True,0.00458989,30,1000,6536.104351084667
True,0.0045852,30,1001,6542.7898455901595
True,0.00458764,30,1002,6539.309972011754
True,0.0045784,30,1003,6552.507426175083
True,0.00458315,30,1004,6545.716374109509
True,0.00460149,30,1005,6519.627338101354
True,0.00458328,30,1006,6545.530711630098
True,0.00458309,30,1007,6545.802068037067
True,0.0045781,30,1008,6552.93680784605
True,0.00458147,30,1009,6548.1166525154595
True,0.00459081,30,1010,6534.794513386527
True,0.00457884,30,1011,6551.877768168358
True,0.00460104,30,1012,6520.264983568933
True,0.00458646,30,1013,6540.992399366833
True,0.00458455,30,1014,6543.717485903742
True,0.00458131,30,1015,6548.345342271097
True,0.00458623,30,1016,6541.32043094219
True,0.00458555,30,1017,6542.290455888607
True,0.00459644,30,1018,6526.7902985789
True,0.00459173,30,1019,6533.485200567107
True,0.00458457,30,1020,6543.688939202587
True,0.00460996,30,1021,6507.648656387474
True,0.00458197,30,1022,6547.4020999701
True,0.00458295,30,1023,6546.00202926063
True,0.00457774,30,1024,6553.45214013902
True,0.00459474,30,1025,6529.205134566918
True,0.0045913,30,1026,6534.097096682856
True,0.0045857,30,1027,6542.076455066838
True,0.00459099,30,1028,6534.538302196259
True,0.00458702,30,1029,6540.193851345754
True,0.0045853,30,1030,6542.64715503893
True,0.00462309,30,1031,6489.166336800711
True,0.00463882,30,1032,6467.161907554076
True,0.00459425,30,1033,6529.901507318931
True,0.00459034,30,1034,6535.463604003189
True,0.00458441,30,1035,6543.917319785971
True,0.00458518,30,1036,6542.818384447284
True,0.00457987,30,1037,6550.40426911681
True,0.00459085,30,1038,6534.737575830184
True,0.00459143,30,1039,6533.912092746705
True,0.00458442,30,1040,6543.903045532478
True,0.00459057,30,1041,6535.136159561884
True,0.0045887,30,1042,6537.799376729792
True,0.00458374,30,1043,6544.873836648675
True,0.00461097,30,1044,6506.2232024931845
True,0.00459454,30,1045,6529.489350402869
True,0.00459046,30,1046,6535.292759331309
True,0.00459376,30,1047,6530.598028630142
True,0.00459418,30,1048,6530.001001266821
True,0.00459831,30,1049,6524.1360412847325
True,0.00459011,30,1050,6535.791081259491
True,0.00459205,30,1051,6533.029910388606
True,0.00460268,30,1052,6517.941720910427
True,0.00458749,30,1053,6539.5237918774765
True,0.0045828,30,1054,6546.216286986122
True,0.00458376,30,1055,6544.845279857584
True,0.00458187,30,1056,6547.544998002999
True,0.00458739,30,1057,6539.666346223015
True,0.00457636,30,1058,6555.428331687192
True,0.00459817,30,1059,6524.334680970907
True,0.00458458,30,1060,6543.6746659454075
True,0.00458428,30,1061,6544.102890748384
True,0.0045797,30,1062,6550.6474223202395
True,0.00457765,30,1063,6553.580985877033
True,0.00458704,30,1064,6540.165335379679
True,0.00457779,30,1065,6553.380561362579
True,0.00462291,30,1066,6489.419002316723
True,0.00458923,30,1067,6537.044340771764
True,0.00459052,30,1068,6535.207340344885
True,0.00458426,30,1069,6544.131441061371
True,0.00458526,30,1070,6542.704230512556
True,0.00457559,30,1071,6556.531507412159
True,0.00457995,30,1072,6550.289850325877
True,0.00460444,30,1073,6515.4503044887115
True,0.00458242,30,1074,6546.759136002374
True,0.00458078,30,1075,6549.10299119364
True,0.00459232,30,1076,6532.645808654449
True,0.00459562,30,1077,6527.954878775878
True,0.0045946,30,1078,6529.40408305402
True,0.00461471,30,1079,6500.950222224148
True,0.00460651,30,1080,6512.5224953381185
True,0.00459227,30,1081,6532.716935197625
True,0.00459664,30,1082,6526.506317658115
True,0.00459679,30,1083,6526.2933481842765
True,0.00459781,30,1084,6524.845524282213
True,0.00459379,30,1085,6530.5553801980495
True,0.00460418,30,1086,6515.818234734524
True,0.0045932,30,1087,6531.394234956021
True,0.00459001,30,1088,6535.933472911824
True,0.0046176,30,1089,6496.881496881497
True,0.00459971,30,1090,6522.150309476032
True,0.00459611,30,1091,6527.258921131131
True,0.00460534,30,1092,6514.177020589142
True,0.00459911,30,1093,6523.001189360551
True,0.00459993,30,1094,6521.838375801371
True,0.00459504,30,1095,6528.778857202549
True,0.00459197,30,1096,6533.143726984279
True,0.00458768,30,1097,6539.252955742336
True,0.00459616,30,1098,6527.187913388568
True,0.00460767,30,1099,6510.882940835606
True,0.00459374,30,1100,6530.626461227671
True,0.00459809,30,1101,6524.448194793926
True,0.0045929,30,1102,6531.820853926713
True,0.0045959,30,1103,6527.557170521552
True,0.004594,30,1104,6530.2568567697
True,0.00458706,30,1105,6540.136819662268
True,0.00461117,30,1106,6505.941008464229
True,0.00459693,30,1107,6526.094589214976
True,0.00459658,30,1108,6526.591509339552
True,0.00459395,30,1109,6530.32793130095
True,0.00459637,30,1110,6526.889697739738
True,0.0045966,30,1111,6526.563111865292
True,0.00461414,30,1112,6501.753306141556
True,0.00460959,30,1113,6508.171008701424
True,0.0045954,30,1114,6528.267397832615
True,0.00458734,30,1115,6539.737625726456
True,0.00459279,30,1116,6531.977294846923
True,0.00458583,30,1117,6541.890999012175
True,0.00458163,30,1118,6547.88797873246
True,0.00460297,30,1119,6517.531072329388
True,0.00458865,30,1120,6537.870615540519
True,0.00458232,30,1121,6546.902005970775
True,0.00458725,30,1122,6539.865932748378
True,0.00458523,30,1123,6542.747037771279
True,0.0045865,30,1124,6540.935353755586
True,0.00458365,30,1125,6545.002345292507
True,0.00459866,30,1126,6523.639494983321
True,0.00458975,30,1127,6536.303720246201
True,0.00488965,30,1128,6135.408464818545
True,0.00490445,30,1129,6116.893841307384
True,0.00490464,30,1130,6116.656880015658
True,0.00491666,30,1131,6101.703188750087
True,0.00490069,30,1132,6121.586960203563
True,0.0048998,30,1133,6122.698885668802
True,0.00492659,30,1134,6089.404638908454
True,0.00490491,30,1135,6116.320177128632
True,0.00491461,30,1136,6104.248353379007
True,0.00490248,30,1137,6119.351838253292
True,0.0048973,30,1138,6125.824433871725
True,0.00489831,30,1139,6124.561328294861
True,0.00491392,30,1140,6105.1054962229755
True,0.00489642,30,1141,6126.925386302645
True,0.00489917,30,1142,6123.486223176579
True,0.00490338,30,1143,6118.228650441125
True,0.00467227,30,1144,6420.86180807188
True,0.00459738,30,1145,6525.455803087846
True,0.00458596,30,1146,6541.705553471901
True,0.00459111,30,1147,6534.367505897267
True,0.00460593,30,1148,6513.3425822798
True,0.00458817,30,1149,6538.554587122971
True,0.00459806,30,1150,6524.490763495909
True,0.00463518,30,1151,6472.240560237143
True,0.00463119,30,1152,6477.816716653819
True,0.00460685,30,1153,6512.041850722294
True,0.00457734,30,1154,6554.024826646043
True,0.00456548,30,1155,6571.05057956666
True,0.0046045,30,1156,6515.365403409708
True,0.0045705,30,1157,6563.833278634723
True,0.00458539,30,1158,6542.518738864088
True,0.00456701,30,1159,6568.849203308073
True,0.00457114,30,1160,6562.914283964175
True,0.00456951,30,1161,6565.255355607057
True,0.00456586,30,1162,6570.503694813245
True,0.00456877,30,1163,6566.318724733353
True,0.00456798,30,1164,6567.454323355181
True,0.00458263,30,1165,6546.459129364579
True,0.0045693,30,1166,6565.557087518876
True,0.00457033,30,1167,6564.077429857362
True,0.00457167,30,1168,6562.1534362716475
True,0.00457152,30,1169,6562.368752624948
True,0.00457131,30,1170,6562.670219258812
True,0.00457792,30,1171,6553.194463861317
True,0.00458253,30,1172,6546.601986239043
True,0.00457533,30,1173,6556.904092163844
True,0.00457495,30,1174,6557.448715286505
True,0.00457808,30,1175,6552.9654352916505
True,0.00457563,30,1176,6556.4741904393495
True,0.00457123,30,1177,6562.785070976521
True,0.00456772,30,1178,6567.828150587164
True,0.00460613,30,1179,6513.059770349512
True,0.00456954,30,1180,6565.212253312149
True,0.00457399,30,1181,6558.825008362502
True,0.00457344,30,1182,6559.613769941227
True,0.00458274,30,1183,6546.301994003587
True,0.00458453,30,1184,6543.746032853967
True,0.00457473,30,1185,6557.764064764478
True,0.00459495,30,1186,6528.906734567297
True,0.00457202,30,1187,6561.651086390698
True,0.00457836,30,1188,6552.56467381333
True,0.00458047,30,1189,6549.54622560567
True,0.00470846,30,1190,6371.510005394544
True,0.00457618,30,1191,6555.686183672845
True,0.00457002,30,1192,6564.522693554952
True,0.00459176,30,1193,6533.442514417129
True,0.00457999,30,1194,6550.232642429351
True,0.00457896,30,1195,6551.706064259133
True,0.00457973,30,1196,6550.604511619681
True,0.00457597,30,1197,6555.987036628299
True,0.00457672,30,1198,6554.912688562988
True,0.00458194,30,1199,6547.444968725038
True,0.0045942,30,1200,6529.972574115189
True,0.00460195,30,1201,6518.975651625941
True,0.00458217,30,1202,6547.116322615704
True,0.00457637,30,1203,6555.414007171623
True,0.00457695,30,1204,6554.583292367188
True,0.00457751,30,1205,6553.781422651179
True,0.00459799,30,1206,6524.590092627431
True,0.00458336,30,1207,6545.416463031488
True,0.00458617,30,1208,6541.406009807749
True,0.00458295,30,1209,6546.00202926063
True,0.00458894,30,1210,6537.45745204775
True,0.00458068,30,1211,6549.245963481404
True,0.00458278,30,1212,6546.244855742584
True,0.00459606,30,1213,6527.329930418663
True,0.00457771,30,1214,6553.495088155432
True,0.00457576,30,1215,6556.287917198455
True,0.00457524,30,1216,6557.033073674823
True,0.00458191,30,1217,6547.487838041341
True,0.00457992,30,1218,6550.33275690405
True,0.00458217,30,1219,6547.116322615704
True,0.00459805,30,1220,6524.504953186677
True,0.00457996,30,1221,6550.275548258063
True,0.00458492,30,1222,6543.189412247106
True,0.0045779,30,1223,6553.223093558181
True,0.00460843,30,1224,6509.809197492421
True,0.00458206,30,1225,6547.273497073369
True,0.00458385,30,1226,6544.716777381458
True,0.00460041,30,1227,6521.157896796155
True,0.00458841,30,1228,6538.212583443938
True,0.00458774,30,1229,6539.167433202405
True,0.00458325,30,1230,6545.573555882835
True,0.00458711,30,1231,6540.065531456625
True,0.00457947,30,1232,6550.976423035853
True,0.00457959,30,1233,6550.804766365549
True,0.00459831,30,1234,6524.1360412847325
True,0.00459022,30,1235,6535.634457607696
True,0.00458037,30,1236,6549.689217246641
True,0.00458474,30,1237,6543.446302298494
True,0.00458415,30,1238,6544.288472235856
True,0.00457358,30,1239,6559.412976268044
True,0.00457798,30,1240,6553.108576271631
True,0.00459565,30,1241,6527.912264859161
True,0.00457734,30,1242,6554.024826646043
True,0.00457891,30,1243,6551.777606460926
True,0.00457847,30,1244,6552.407245215104
True,0.00458704,30,1245,6540.165335379679
True,0.00457734,30,1246,6554.024826646043
True,0.0046218,30,1247,6490.977541217708
True,0.00458012,30,1248,6550.046723666629
True,0.00458308,30,1249,6545.816350576469
True,0.00458636,30,1250,6541.135017748279
True,0.00458198,30,1251,6547.3878105098665
True,0.00458377,30,1252,6544.831001555488
True,0.00457837,30,1253,6552.550361809989
True,0.00459351,30,1254,6530.953453894734
True,0.00459346,30,1255,6531.024543590235
True,0.00458318,30,1256,6545.673527987118
True,0.00458296,30,1257,6545.98774591094
True,0.0045813,30,1258,6548.359635911204
True,0.00458198,30,1259,6547.3878105098665
True,0.00458474,30,1260,6543.446302298494
True,0.00459863,30,1261,6523.682053133215
True,0.0045765,30,1262,6555.227794165848
True,0.00458198,30,1263,6547.3878105098665
True,0.00458442,30,1264,6543.903045532478
True,0.00458671,30,1265,6540.635880620314
True,0.00458639,30,1266,6541.092231580829
True,0.00457828,30,1267,6552.6791720908295
True,0.00459824,30,1268,6524.235359615853
True,0.00460691,30,1269,6511.957038448765
True,0.00457907,30,1270,6551.548676914745
True,0.00458474,30,1271,6543.446302298494
True,0.0045852,30,1272,6542.7898455901595
True,0.0045815,30,1273,6548.073774964531
True,0.00470282,30,1274,6379.151232664657
True,0.00458495,30,1275,6543.146599199556
True,0.00458908,30,1276,6537.258012499237
True,0.00458451,30,1277,6543.774580053267
True,0.00457857,30,1278,6552.264134871805
True,0.00458319,30,1279,6545.659246070968
True,0.00458482,30,1280,6543.332126452075
True,0.00459099,30,1281,6534.538302196259
True,0.00458788,30,1282,6538.967889308352
True,0.00458337,30,1283,6545.402182237088
True,0.00458045,30,1284,6549.574823434379
True,0.00458229,30,1285,6546.944868177265
True,0.00458192,30,1286,6547.473548206865
True,0.00458248,30,1287,6546.673417014368
True,0.00458949,30,1288,6536.674009530471
True,0.00458192,30,1289,6547.473548206865
True,0.00458082,30,1290,6549.045804026353
True,0.00458738,30,1291,6539.680601999398
True,0.00460335,30,1292,6516.993059402392
True,0.0045809,30,1293,6548.9314326879
True,0.00458467,30,1294,6543.54620943274
True,0.00459503,30,1295,6528.793065551259
True,0.00458738,30,1296,6539.680601999398
True,0.00458604,30,1297,6541.591438365125
True,0.00457922,30,1298,6551.334069994453
True,0.00458737,30,1299,6539.694857837932
True,0.00458114,30,1300,6548.588342639605
True,0.00458827,30,1301,6538.41208124195
True,0.00459776,30,1302,6524.916481069042
True,0.00458799,30,1303,6538.811113363368
True,0.00458827,30,1304,6538.41208124195
True,0.00457742,30,1305,6553.910281337523
True,0.00458262,30,1306,6546.473414771463
True,0.00458141,30,1307,6548.20240930194
True,0.0045764,30,1308,6555.371034000524
True,0.00460213,30,1309,6518.720679337611
True,0.00458426,30,1310,6544.131441061371
True,0.00458635,30,1311,6541.149279928483
True,0.00458309,30,1312,6545.802068037067
True,0.00458431,30,1313,6544.06006574599
True,0.00458101,30,1314,6548.774178619999
True,0.00460823,30,1315,6510.091727192436
True,0.0045806,30,1316,6549.360345806226
True,0.00457937,30,1317,6551.119477133318
True,0.00457364,30,1318,6559.32692559974
True,0.00457179,30,1319,6561.981193361899
True,0.0045799,30,1320,6550.361361601782
True,0.00457341,30,1321,6559.656798756289
True,0.00463614,30,1322,6470.900361076239
True,0.00459434,30,1323,6529.773590983689
True,0.00458876,30,1324,6537.713892206173
True,0.00457817,30,1325,6552.836613756151
True,0.00457411,30,1326,6558.652940134802
True,0.00457913,30,1327,6551.462832459441
True,0.00457407,30,1328,6558.71029520755
True,0.00458839,30,1329,6538.241082384016
True,0.00458342,30,1330,6545.330779199811
True,0.00458113,30,1331,6548.602637340568
True,0.00458295,30,1332,6546.00202926063
True,0.00458091,30,1333,6548.917136551472
True,0.00458545,30,1334,6542.433130881375
True,0.00458815,30,1335,6538.583089044604
True,0.00460598,30,1336,6513.27187699469
True,0.00459246,30,1337,6532.446662573001
True,0.00458259,30,1338,6546.516271366192
True,0.00457659,30,1339,6555.09888366666
True,0.00457856,30,1340,6552.2784456248255
True,0.00458064,30,1341,6549.303154144399
True,0.00458051,30,1342,6549.489030697455
True,0.00459697,30,1343,6526.037803161648
True,0.00458372,30,1344,6544.902393688968
True,0.00457745,30,1345,6553.867327879059
True,0.00458253,30,1346,6546.601986239043
True,0.00458099,30,1347,6548.802769706985
True,0.00458129,30,1348,6548.373929613711
True,0.00458333,30,1349,6545.459305788586
True,0.00460256,30,1350,6518.111659598137
True,0.00457859,30,1351,6552.2355135533
True,0.00458101,30,1352,6548.774178619999
True,0.0045854,30,1353,6542.504470711388
True,0.00458365,30,1354,6545.002345292507
True,0.00458059,30,1355,6549.374643877754
True,0.00457414,30,1356,6558.609924488538
True,0.00459079,30,1357,6534.822982536774
True,0.00458347,30,1358,6545.259377720373
True,0.00458522,30,1359,6542.761306981998
True,0.00460982,30,1360,6507.84629334768
True,0.00458299,30,1361,6545.944896235863
True,0.00476438,30,1362,6296.726961325502
True,0.00491468,30,1363,6104.161410305452
True,0.00489455,30,1364,6129.2662246784685
True,0.00489962,30,1365,6122.9238185818485
True,0.00489892,30,1366,6123.798714818776
True,0.00491699,30,1367,6101.293677636114
True,0.00489598,30,1368,6127.476010931417
True,0.00490179,30,1369,6120.213228228872
True,0.00491045,30,1370,6109.419706951501
True,0.00490937,30,1371,6110.763702878374
True,0.00492502,30,1372,6091.345821945902
True,0.00491406,30,1373,6104.931563717171
True,0.00490485,30,1374,6116.394996788893
True,0.00490616,30,1375,6114.761850408467
True,0.00492387,30,1376,6092.768493075569
True,0.00489903,30,1377,6123.661214566965
True,0.00489627,30,1378,6127.113088126267
True,0.00490271,30,1379,6119.064762141754
True,0.00491474,30,1380,6104.086889642179
True,0.00492463,30,1381,6091.828218566674
True,0.00489905,30,1382,6123.636215184576
True,0.0049094,30,1383,6110.726361673524
True,0.00490292,30,1384,6118.8026726930075
True,0.00491177,30,1385,6107.777847904115
True,0.00490229,30,1386,6119.589008402196
True,0.00490352,30,1387,6118.053969393416
True,0.00490748,30,1388,6113.117119173181
True,0.00492771,30,1389,6088.020601861716
True,0.00490358,30,1390,6117.979109140669
True,0.00490685,30,1391,6113.901994151034
True,0.00490627,30,1392,6114.624755669786
True,0.00490075,30,1393,6121.512013467327
True,0.00491339,30,1394,6105.764044783744
True,0.00490268,30,1395,6119.102205324434
True,0.00490194,30,1396,6120.0259489100235
True,0.00490352,30,1397,6118.053969393416
True,0.00490615,30,1398,6114.774313871366
True,0.00490208,30,1399,6119.851165219662
True,0.00489765,30,1400,6125.38666503323
True,0.00490357,30,1401,6117.991585722239
True,0.004896,30,1402,6127.450980392156
True,0.00492912,30,1403,6086.279092414061
True,0.00490198,30,1404,6119.976009694042
True,0.00490359,30,1405,6117.966632609986
True,0.00489851,30,1406,6124.311270161743
True,0.00491539,30,1407,6103.279699067622
True,0.00489689,30,1408,6126.3373283859755
True,0.00490675,30,1409,6114.026596015693
True,0.0050469,30,1410,5944.243000653867
True,0.0049195,30,1411,6098.180709421689
True,0.00490219,30,1412,6119.713842180739
True,0.0049033,30,1413,6118.328472661268
True,0.00490553,30,1414,6115.5471478107365
True,0.00490209,30,1415,6119.838681052368
True,0.00491327,30,1416,6105.913169844116
True,0.00490033,30,1417,6122.036679162425
True,0.00489603,30,1418,6127.413434966697
True,0.0049065,30,1419,6114.338122898196
True,0.00491463,30,1420,6104.223512248125
True,0.00490256,30,1421,6119.251982637642
True,0.00490082,30,1422,6121.424577927775
True,0.00490038,30,1423,6121.974214244609
True,0.00493302,30,1424,6081.467336438936
True,0.00489814,30,1425,6124.773893763756
True,0.00481311,30,1426,6232.976183798002
True,0.00459223,30,1427,6532.7738375473355
True,0.00458388,30,1428,6544.673944344092
True,0.00459027,30,1429,6535.563267520211
True,0.00460122,30,1430,6520.009910415064
True,0.00459209,30,1431,6532.973003577891
True,0.00459277,30,1432,6532.005739455709
True,0.00459492,30,1433,6528.949361468753
True,0.00459156,30,1434,6533.727099286517
True,0.00459259,30,1435,6532.261752083247
True,0.00459322,30,1436,6531.365795672752
True,0.0046087,30,1437,6509.427821294508
True,0.00459144,30,1438,6533.89786210862
True,0.00459327,30,1439,6531.294698548093
True,0.0046014,30,1440,6519.754857217368
True,0.0045938,30,1441,6530.541164177805
True,0.00459404,30,1442,6530.199998258614
True,0.00458364,30,1443,6545.016624342226
True,0.00460093,30,1444,6520.420871432515
True,0.00458428,30,1445,6544.102890748384
True,0.00461039,30,1446,6507.041703630279
True,0.0045888,30,1447,6537.656903765691
True,0.00458715,30,1448,6540.008502011053
True,0.00458467,30,1449,6543.54620943274
True,0.00459735,30,1450,6525.498384939149
True,0.00459835,30,1451,6524.079289310296
True,0.00459178,30,1452,6533.414057293686
True,0.00459455,30,1453,6529.475139023408
True,0.00460292,30,1454,6517.60187011723
True,0.0045998,30,1455,6522.022696638984
True,0.00459786,30,1456,6524.77456903864
True,0.00461625,30,1457,6498.781478472787
True,0.00459499,30,1458,6528.849899564525
True,0.00459264,30,1459,6532.190635451505
True,0.00459273,30,1460,6532.062629416491
True,0.00459467,30,1461,6529.304607294974
True,0.00459742,30,1462,6525.399028150572
True,0.00460123,30,1463,6519.995740269449
True,0.0046152,30,1464,6500.260010400416
True,0.00459532,30,1465,6528.381048545041
True,0.00460335,30,1466,6516.993059402392
True,0.00459148,30,1467,6533.840940176152
True,0.00459076,30,1468,6534.865686727252
True,0.00460768,30,1469,6510.868810334051
True,0.00459163,30,1470,6533.627491762184
True,0.00460289,30,1471,6517.644349528231
True,0.00459618,30,1472,6527.159510724123
True,0.00459719,30,1473,6525.725497532188
True,0.00459693,30,1474,6526.094589214976
True,0.00459273,30,1475,6532.062629416491
True,0.00458784,30,1476,6539.024900606822
True,0.00460787,30,1477,6510.600342457578
True,0.00518183,30,1478,5789.460480177852
True,0.00458835,30,1479,6538.298081009513
True,0.00459178,30,1480,6533.414057293686
True,0.00458833,30,1481,6538.326580694938
True,0.00459576,30,1482,6527.756018591049
True,0.00460744,30,1483,6511.207959300609
True,0.00459736,30,1484,6525.484190926967
True,0.00459468,30,1485,6529.290396719684
True,0.00459087,30,1486,6534.7091074240825
True,0.00458917,30,1487,6537.129807786593
True,0.00458516,30,1488,6542.846923553378
True,0.00458806,30,1489,6538.711350766991
True,0.00460987,30,1490,6507.7757073409875
True,0.00461618,30,1491,6498.880026342127
True,0.00463869,30,1492,6467.343150760236
True,0.0046086,30,1493,6509.569066527796
True,0.00458735,30,1494,6539.723369701463
True,0.00457424,30,1495,6558.466543076008
True,0.00458253,30,1496,6546.601986239043
True,0.0045756,30,1497,6556.517178075007
True,0.00458039,30,1498,6549.660618418955
True,0.00457989,30,1499,6550.3756640443335
True,0.00458097,30,1500,6548.831361043622
True,0.00457377,30,1501,6559.140490230161
True,0.00457898,30,1502,6551.6774478158895
True,0.00459413,30,1503,6530.072070228748
True,0.00457894,30,1504,6551.73468095236
True,0.00457954,30,1505,6550.87628888491
True,0.00457499,30,1506,6557.391382276245
True,0.00457557,30,1507,6556.560166274366
True,0.00457531,30,1508,6556.932754283316
True,0.00457472,30,1509,6557.778399552322
True,0.00458278,30,1510,6546.244855742584
True,0.00457609,30,1511,6555.815117272607
True,0.00457593,30,1512,6556.04434508395
True,0.00457489,30,1513,6557.534716681713
True,0.00459164,30,1514,6533.613262363774
True,0.00458218,30,1515,6547.102034402839
True,0.00458271,30,1516,6546.344848353921
True,0.00459618,30,1517,6527.159510724123
True,0.00457732,30,1518,6554.053463598787
True,0.00457481,30,1519,6557.649388717782
True,0.00457847,30,1520,6552.407245215104
True,0.0045868,30,1521,6540.507543385366
True,0.00458885,30,1522,6537.585669612212
True,0.00458246,30,1523,6546.701989760958
True,0.00459675,30,1524,6526.35013868494
True,0.0045806,30,1525,6549.360345806226
True,0.00458095,30,1526,6548.859952629912
True,0.00457785,30,1527,6553.294668894788
True,0.00458031,30,1528,6549.775015228227
True,0.00458031,30,1529,6549.775015228227
True,0.00457917,30,1530,6551.405604072354
True,0.00459999,30,1531,6521.753308159366
True,0.00458903,30,1532,6537.32923951249
True,0.00458235,30,1533,6546.85914432551
True,0.00458969,30,1534,6536.389167895872
True,0.00458088,30,1535,6548.960025148007
True,0.00457825,30,1536,6552.722109976519
True,0.00461016,30,1537,6507.366338695403
True,0.00459639,30,1538,6526.8612976705635
True,0.00458097,30,1539,6548.831361043622
True,0.0045849,30,1540,6543.217954590067
True,0.00458259,30,1541,6546.516271366192
True,0.00458418,30,1542,6544.245644804523
True,0.0045866,30,1543,6540.792744080583
True,0.00460474,30,1544,6515.025821219004
True,0.0045897,30,1545,6536.374926465782
True,0.00458302,30,1546,6545.902047121766
True,0.00458274,30,1547,6546.301994003587
True,0.00458282,30,1548,6546.1877184790155
True,0.00457949,30,1549,6550.947812966072
True,0.00457554,30,1550,6556.603155037437
True,0.00459099,30,1551,6534.538302196259
True,0.00458673,30,1552,6540.607360799524
True,0.00457708,30,1553,6554.3971265523
True,0.00458119,30,1554,6548.516870070877
True,0.00457767,30,1555,6553.552353052973
True,0.00457954,30,1556,6550.87628888491
True,0.00457554,30,1557,6556.603155037437
True,0.00459624,30,1558,6527.074304213879
True,0.00459805,30,1559,6524.504953186677
True,0.0045817,30,1560,6547.787938974616
True,0.00457624,30,1561,6555.600230757129
True,0.00458442,30,1562,6543.903045532478
True,0.00458468,30,1563,6543.5319367982065
True,0.00458052,30,1564,6549.474732126483
True,0.00459251,30,1565,6532.3755419149875
True,0.0045793,30,1566,6551.219618719018
True,0.00457869,30,1567,6552.092410711361
True,0.00458298,30,1568,6545.959179398556
True,0.00458553,30,1569,6542.3189903893335
True,0.00458479,30,1570,6543.374941927547
True,0.00458574,30,1571,6542.019390545474
True,0.00459908,30,1572,6523.043739182619
True,0.00458779,30,1573,6539.096166127918
True,0.00458865,30,1574,6537.870615540519
True,0.00459513,30,1575,6528.6509848470005
True,0.0045855,30,1576,6542.361792607131
True,0.00458827,30,1577,6538.41208124195
True,0.00458285,30,1578,6546.1448661858885
True,0.00459995,30,1579,6521.810019674127
True,0.00458784,30,1580,6539.024900606822
True,0.00458576,30,1581,6541.990858658106
True,0.0046063,30,1582,6512.819399518052
True,0.00457799,30,1583,6553.094261892228
True,0.0045839,30,1584,6544.645389297323
True,0.00460443,30,1585,6515.464454883667
True,0.00459174,30,1586,6533.470971788472
True,0.00459252,30,1587,6532.361317969219
True,0.00458453,30,1588,6543.746032853967
True,0.00459349,30,1589,6530.9818895872195
True,0.00458513,30,1590,6542.889732679336
True,0.00458556,30,1591,6542.276188731584
True,0.00459444,30,1592,6529.631467599968
True,0.00458,30,1593,6550.218340611354
True,0.00459001,30,1594,6535.933472911824
True,0.00458148,30,1595,6548.102359936091
True,0.00458992,30,1596,6536.0616307038035
True,0.00458998,30,1597,6535.976191617393
True,0.0045963,30,1598,6526.989099928202
True,0.00459863,30,1599,6523.682053133215
True,0.00459534,30,1600,6528.3526354959595
True,0.00459634,30,1601,6526.932298306914
True,0.00460194,30,1602,6518.989817337906
True,0.00458862,30,1603,6537.91335957216
True,0.00459338,30,1604,6531.138290322159
True,0.00461224,30,1605,6504.431686122144
True,0.00460754,30,1606,6511.066642937446
True,0.00458468,30,1607,6543.5319367982065
True,0.00459141,30,1608,6533.940554208838
True,0.00458174,30,1609,6547.730774771157
True,0.00459442,30,1610,6529.65989178177
True,0.00458474,30,1611,6543.446302298494
True,0.00460717,30,1612,6511.589544123616
True,0.00458663,30,1613,6540.749962390687
True,0.00459181,30,1614,6533.371372073322
True,0.00458805,30,1615,6538.7256023800965
True,0.00459365,30,1616,6530.754410980375
True,0.00460239,30,1617,6518.352421242007
True,0.00460187,30,1618,6519.088979045475
True,0.00461121,30,1619,6505.884572595913
True,0.00458772,30,1620,6539.19594046716
True,0.0045951,30,1621,6528.693608408957
True,0.00459217,30,1622,6532.859192930576
True,0.00458966,30,1623,6536.43189255849
True,0.0045987,30,1624,6523.5827516472045
True,0.00458352,30,1625,6545.187977798722
True,0.00460209,30,1626,6518.777338122462
True,0.00460717,30,1627,6511.589544123616
True,0.00458133,30,1628,6548.316755178082
True,0.00458649,30,1629,6540.949615065115
True,0.00458109,30,1630,6548.659816768498
True,0.00458342,30,1631,6545.330779199811
True,0.00473904,30,1632,6330.396029575611
True,0.00458747,30,1633,6539.552302249388
True,0.0045844,30,1634,6543.931594101737
True,0.00458097,30,1635,6548.831361043622
True,0.0045828,30,1636,6546.216286986122
True,0.00457523,30,1637,6557.047405267058
True,0.00457713,30,1638,6554.325527131631
True,0.0045876,30,1639,6539.366989275439
True,0.00458677,30,1640,6540.550321904085
True,0.00458331,30,1641,6545.487867938236
True,0.00458012,30,1642,6550.046723666629
True,0.00457328,30,1643,6559.843263478291
True,0.00473158,30,1644,6340.376787457889
True,0.00490945,30,1645,6110.66412734624
True,0.00488767,30,1646,6137.893924917189
True,0.00488294,30,1647,6143.839572061095
True,0.00488296,30,1648,6143.814407654373
True,0.00488434,30,1649,6142.078561279518
True,0.00492247,30,1650,6094.501337743043
True,0.00489008,30,1651,6134.868959199031
True,0.0048907,30,1652,6134.091234383625
True,0.00471484,30,1653,6362.888242230914
True,0.00457992,30,1654,6550.33275690405
True,0.00459984,30,1655,6521.965981425441
True,0.00457646,30,1656,6555.285089348536
True,0.00457025,30,1657,6564.192330835294
True,0.00457191,30,1658,6561.808959493953
True,0.00457696,30,1659,6554.568971544431
True,0.00457103,30,1660,6563.072217858994
True,0.00457363,30,1661,6559.341267221003
True,0.00463181,30,1662,6476.949615808939
True,0.0045937,30,1663,6530.683327165466
True,0.00457504,30,1664,6557.3197174232355
True,0.0045659,30,1665,6570.44613329245
True,0.00457257,30,1666,6560.861834810621
True,0.00457075,30,1667,6563.474265711317
True,0.00456583,30,1668,6570.5468666157085
True,0.00458912,30,1669,6537.201032006135
True,0.00457803,30,1670,6553.0370049999665
True,0.00457559,30,1671,6556.531507412159
True,0.00459523,30,1672,6528.508910326578
True,0.0045739,30,1673,6558.9540654583625
True,0.00457683,30,1674,6554.75514712148
True,0.00458591,30,1675,6541.776877435448
True,0.00458877,30,1676,6537.699645002909
True,0.00458111,30,1677,6548.631226929718
True,0.00457445,30,1678,6558.165462514619
True,0.00457669,30,1679,6554.95565572499
True,0.00458048,30,1680,6549.531926784966
True,0.00458258,30,1681,6546.530557022463
True,0.00458382,30,1682,6544.7596109794895
True,0.00460007,30,1683,6521.639888088659
True,0.00457707,30,1684,6554.411446624151
True,0.00457684,30,1685,6554.740825547758
True,0.00458248,30,1686,6546.673417014368
True,0.00458486,30,1687,6543.2750400230325
True,0.00457834,30,1688,6552.593298007575
True,0.00459264,30,1689,6532.190635451505
True,0.00458143,30,1690,6548.173823456868
True,0.00458552,30,1691,6542.3332577330375
True,0.00458035,30,1692,6549.71781632408
True,0.00458113,30,1693,6548.602637340568
True,0.00458043,30,1694,6549.6034215128275
True,0.00459824,30,1695,6524.235359615853
True,0.00459689,30,1696,6526.1513762565555
True,0.00458052,30,1697,6549.474732126483
True,0.00458747,30,1698,6539.552302249388
True,0.0045788,30,1699,6551.935004804753
True,0.00458485,30,1700,6543.28931153691
True,0.00458139,30,1701,6548.230995396593
True,0.00458261,30,1702,6546.487700240693
True,0.00459242,30,1703,6532.503560214441
True,0.00457723,30,1704,6554.182332983049
True,0.00458783,30,1705,6539.039153586772
True,0.0045849,30,1706,6543.217954590067
True,0.00458658,30,1707,6540.821265518099
True,0.00470106,30,1708,6381.539482584779
True,0.00458831,30,1709,6538.355080628816
True,0.00460707,30,1710,6511.73088318606
True,0.00458717,30,1711,6539.979987661238
True,0.00458989,30,1712,6536.104351084667
True,0.00459065,30,1713,6535.022273534249
True,0.00458687,30,1714,6540.4077290178275
True,0.00459025,30,1715,6535.591743369098
True,0.00459025,30,1716,6535.591743369098
True,0.00462298,30,1717,6489.320741166954
True,0.00459319,30,1718,6531.4084546905315
True,0.00458278,30,1719,6546.244855742584
True,0.00459301,30,1720,6531.6644204998465
True,0.00458171,30,1721,6547.773647830177
True,0.00459015,30,1722,6535.73412633574
True,0.00459513,30,1723,6528.6509848470005
True,0.00459038,30,1724,6535.40665478675
True,0.00458745,30,1725,6539.580812869895
True,0.00458748,30,1726,6539.538047032358
True,0.00458392,30,1727,6544.6168344997295
True,0.00459556,30,1728,6528.040108278425
True,0.00459194,30,1729,6533.186409230086
True,0.00460706,30,1730,6511.745017429771
True,0.00458562,30,1731,6542.190587096183
True,0.00458775,30,1732,6539.1531796632335
True,0.00458664,30,1733,6540.735701951755
True,0.00459093,30,1734,6534.623703694023
True,0.00458256,30,1735,6546.559128522048
True,0.00458447,30,1736,6543.831675199096
True,0.00460599,30,1737,6513.257736121876
True,0.00458487,30,1738,6543.26076857141
True,0.00458301,30,1739,6545.916330097469
True,0.00460423,30,1740,6515.747475690832
True,0.00458941,30,1741,6536.7879531355875
True,0.00458445,30,1742,6543.860223145633
True,0.00458497,30,1743,6543.1180574791115
True,0.0046052,30,1744,6514.375054286458
True,0.00458685,30,1745,6540.436247097681
True,0.00459188,30,1746,6533.271775394828
True,0.00459045,30,1747,6535.306996046139
True,0.00459212,30,1748,6532.93032412045
True,0.0045949,30,1749,6528.97777971229
True,0.00460268,30,1750,6517.941720910427
True,0.00459505,30,1751,6528.764648915681
True,0.00459077,30,1752,6534.851451935078
True,0.00458965,30,1753,6536.446134236816
True,0.00458263,30,1754,6546.459129364579
True,0.00458494,30,1755,6543.160870153153
True,0.00459091,30,1756,6534.652171356005
True,0.00459966,30,1757,6522.221207654478
True,0.00458355,30,1758,6545.145138593449
True,0.0045856,30,1759,6542.219120725751
True,0.00458317,30,1760,6545.687809965591
True,0.00457655,30,1761,6555.156176595907
True,0.00458269,30,1762,6546.373418232522
True,0.00460619,30,1763,6512.974931559489
True,0.00460682,30,1764,6512.084257687515
True,0.00458473,30,1765,6543.460574559461
True,0.00458627,30,1766,6541.263379609138
True,0.00458763,30,1767,6539.324226234461
True,0.00458533,30,1768,6542.604349087197
True,0.00458922,30,1769,6537.05858511904
True,0.004586,30,1770,6541.648495420846
True,0.00459453,30,1771,6529.5035618441925
True,0.00458356,30,1772,6545.130858982973
True,0.00459419,30,1773,6529.9867876600665
True,0.00459569,30,1774,6527.855447168978
True,0.00458686,30,1775,6540.421988026667
True,0.00458765,30,1776,6539.295717851187
True,0.00459778,30,1777,6524.888098169116
True,0.0045913,30,1778,6534.097096682856
True,0.00459181,30,1779,6533.371372073322
True,0.00458404,30,1780,6544.445510946675
True,0.00458759,30,1781,6539.381243746717
True,0.00458861,30,1782,6537.927607706909
True,0.0045879,30,1783,6538.939384031911
True,0.00460087,30,1784,6520.505904318096
True,0.00460482,30,1785,6514.912635021565
True,0.00458367,30,1786,6544.973787379982
True,0.00458805,30,1787,6538.7256023800965
True,0.00458334,30,1788,6545.445024807236
True,0.00459089,30,1789,6534.680639266025
True,0.00459233,30,1790,6532.631583531671
True,0.00460316,30,1791,6517.26205476238
True,0.00458846,30,1792,6538.141337180667
True,0.00458215,30,1793,6547.144899228528
True,0.00459053,30,1794,6535.193104064237
True,0.00458269,30,1795,6546.373418232522
True,0.00458078,30,1796,6549.10299119364
True,0.0045822,30,1797,6547.073458164201
True,0.00459606,30,1798,6527.329930418663
True,0.0045878,30,1799,6539.081912899428
True,0.00458207,30,1800,6547.2592081744715
True,0.00458394,30,1801,6544.588279951308
True,0.00458032,30,1802,6549.760715408531
True,0.00458121,30,1803,6548.48828148022
True,0.00458521,30,1804,6542.775576254959
True,0.00458885,30,1805,6537.585669612212
True,0.00458036,30,1806,6549.703516754141
True,0.00458252,30,1807,6546.616272269407
True,0.0046041,30,1808,6515.931452401121
True,0.00458753,30,1809,6539.466771879421
True,0.00458431,30,1810,6544.06006574599
True,0.00459663,30,1811,6526.520516117243
True,0.00458731,30,1812,6539.780394174364
True,0.00458578,30,1813,6541.9623270196125
True,0.00458073,30,1814,6549.17447655723
True,0.00458506,30,1815,6542.989622818458
True,0.00458348,30,1816,6545.245097611421
True,0.00458987,30,1817,6536.132831648826
True,0.0046,30,1818,6521.739130434783
True,0.00458207,30,1819,6547.2592081744715
True,0.00458242,30,1820,6546.759136002374
True,0.00458544,30,1821,6542.447398722915
True,0.00458398,30,1822,6544.5311716019705
True,0.004585,30,1823,6543.075245365322
True,0.00458855,30,1824,6538.013097819572
True,0.00460498,30,1825,6514.686274424645
True,0.00458992,30,1826,6536.0616307038035
True,0.00458412,30,1827,6544.331300227743
True,0.00458978,30,1828,6536.260997259128
True,0.0045838,30,1829,6544.7881670229945
True,0.00458584,30,1830,6541.876733597334
True,0.00460971,30,1831,6508.001587952387
True,0.00463904,30,1832,6466.855211423053
True,0.00459752,30,1833,6525.257095129548
True,0.00459236,30,1834,6532.5889085350445
True,0.00457994,30,1835,6550.304152456145
True,0.00458714,30,1836,6540.022759279203
True,0.00457898,30,1837,6551.6774478158895
True,0.00458134,30,1838,6548.302461725172
True,0.00459958,30,1839,6522.334647946117
True,0.00458887,30,1840,6537.557176385471
True,0.0045817,30,1841,6547.787938974616
True,0.00457844,30,1842,6552.450179537135
True,0.00457899,30,1843,6551.66313968801
True,0.00457888,30,1844,6551.820532531973
True,0.00460206,30,1845,6518.81983285746
True,0.00458052,30,1846,6549.474732126483
True,0.00458032,30,1847,6549.760715408531
True,0.00459077,30,1848,6534.851451935078
True,0.00458039,30,1849,6549.660618418955
True,0.00457903,30,1850,6551.605907801433
True,0.00457069,30,1851,6563.560425231202
True,0.00458861,30,1852,6537.927607706909
True,0.00460309,30,1853,6517.361163913806
True,0.00472201,30,1854,6353.226697952779
True,0.00458127,30,1855,6548.402517205927
True,0.00457566,30,1856,6556.431203367383
True,0.00457996,30,1857,6550.275548258063
True,0.00458377,30,1858,6544.831001555488
True,0.00459083,30,1859,6534.766044484331
True,0.00457147,30,1860,6562.440527882716
True,0.00457002,30,1861,6564.522693554952
True,0.00457504,30,1862,6557.3197174232355
True,0.00458023,30,1863,6549.889416033692
True,0.0045734,30,1864,6559.67114182009
True,0.00457453,30,1865,6558.05077242908
True,0.0045912,30,1866,6534.239414532149
True,0.00457101,30,1867,6563.100933929262
True,0.00457168,30,1868,6562.139082350471
True,0.00457575,30,1869,6556.302245533519
True,0.00457787,30,1870,6553.266038572523
True,0.00472787,30,1871,6345.352135316749
True,0.00490428,30,1872,6117.105874868483
True,0.00488342,30,1873,6143.23568318924
True,0.00488466,30,1874,6141.676186264755
True,0.00489075,30,1875,6134.028523232633
True,0.00491637,30,1876,6102.063107536658
True,0.0049026,30,1877,6119.20205605189
True,0.00488738,30,1878,6138.258126030715
True,0.00488938,30,1879,6135.747272660338
True,0.00489177,30,1880,6132.749495581354
True,0.00490079,30,1881,6121.462049996021
True,0.00489276,30,1882,6131.508596375052
True,0.00489098,30,1883,6133.74006845254
True,0.00490017,30,1884,6122.236575465749
True,0.00489059,30,1885,6134.229203429442
True,0.00489653,30,1886,6126.787745607604
True,0.00488249,30,1887,6144.405825715977
True,0.00488649,30,1888,6139.376116599031
True,0.00489178,30,1889,6132.736958734858
True,0.00490929,30,1890,6110.863281655799
True,0.00489304,30,1891,6131.157726076222
True,0.00488598,30,1892,6140.016946446773
True,0.00488889,30,1893,6136.362241735855
True,0.0048816,30,1894,6145.526057030482
True,0.00489226,30,1895,6132.135250375082
True,0.0048882,30,1896,6137.228427642077
True,0.00491185,30,1897,6107.678369657055
True,0.00488947,30,1898,6135.634332555472
True,0.00489978,30,1899,6122.723877398576
True,0.00488265,30,1900,6144.2044791250655
True,0.00488642,30,1901,6139.464065716824
True,0.00488146,30,1902,6145.702310374356
True,0.00489815,30,1903,6124.7613895042
True,0.00488113,30,1904,6146.117804688668
True,0.00488598,30,1905,6140.016946446773
True,0.00474735,30,1906,6319.31498625549
True,0.0045889,30,1907,6537.514437011048
True,0.00458961,30,1908,6536.503101570722
True,0.0045978,30,1909,6524.859715516116
True,0.00458561,30,1910,6542.204853879854
True,0.00458512,30,1911,6542.904002512475
True,0.00458769,30,1912,6539.2387018303325
True,0.00458378,30,1913,6544.816723315692
True,0.00458539,30,1914,6542.518738864088
True,0.00457896,30,1915,6551.706064259133
True,0.00460276,30,1916,6517.828433374758
True,0.00458378,30,1917,6544.816723315692
True,0.00458719,30,1918,6539.951473560067
True,0.00460536,30,1919,6514.148731043827
True,0.00458937,30,1920,6536.844926427811
True,0.0045867,30,1921,6540.650140623978
True,0.0045952,30,1922,6528.551532033426
True,0.00460219,30,1923,6518.635693007025
True,0.00458395,30,1924,6544.574002770537
True,0.00458084,30,1925,6549.01721081723
True,0.00458824,30,1926,6538.4548323540175
True,0.00458325,30,1927,6545.573555882835
True,0.00458862,30,1928,6537.91335957216
True,0.00459222,30,1929,6532.78806328965
True,0.00458833,30,1930,6538.326580694938
True,0.00458676,30,1931,6540.564581534679
True,0.00458376,30,1932,6544.845279857584
True,0.00458773,30,1933,6539.181686803713
True,0.00457863,30,1934,6552.178271666416
True,0.00458887,30,1935,6537.557176385471
True,0.00459958,30,1936,6522.334647946117
True,0.00458262,30,1937,6546.473414771463
True,0.00458174,30,1938,6547.730774771157
True,0.00458329,30,1939,6545.516430337159
True,0.00458386,30,1940,6544.7024996400405
True,0.00458663,30,1941,6540.749962390687
True,0.0046036,30,1942,6516.639151968025
True,0.00459791,30,1943,6524.703615338273
True,0.00458352,30,1944,6545.187977798722
True,0.0045822,30,1945,6547.073458164201
True,0.0045828,30,1946,6546.216286986122
True,0.00458724,30,1947,6539.88018939493
True,0.00457719,30,1948,6554.239609891658
True,0.00458158,30,1949,6547.959437573937
True,0.00460516,30,1950,6514.431637554396
True,0.0045822,30,1951,6547.073458164201
True,0.00457645,30,1952,6555.299413300702
True,0.00457829,30,1953,6552.664859587314
True,0.0045864,30,1954,6541.077969649398
True,0.00458161,30,1955,6547.9165620818885
True,0.00458179,30,1956,6547.659320920427
True,0.00459423,30,1957,6529.929933851809
True,0.00458354,30,1958,6545.159418266231
True,0.00458215,30,1959,6547.144899228528
True,0.00458163,30,1960,6547.88797873246
True,0.00458179,30,1961,6547.659320920427
True,0.00458409,30,1962,6544.374128780194
True,0.00459971,30,1963,6522.150309476032
True,0.00461243,30,1964,6504.1637488265405
True,0.0045888,30,1965,6537.656903765691
True,0.00458848,30,1966,6538.112839110119
True,0.00458111,30,1967,6548.631226929718
True,0.0045798,30,1968,6550.5043888379405
True,0.00458505,30,1969,6543.003893087316
True,0.00459701,30,1970,6525.981018096545
True,0.0045854,30,1971,6542.504470711388
True,0.00458984,30,1972,6536.175552960452
True,0.0045748,30,1973,6557.663723004283
True,0.00457789,30,1974,6553.237408500422
True,0.00458353,30,1975,6545.173698001323
True,0.00458503,30,1976,6543.032433811773
True,0.00459814,30,1977,6524.37724819166
True,0.00457298,30,1978,6560.273607144575
True,0.00458151,30,1979,6548.05948257234
True,0.00458646,30,1980,6540.992399366833
True,0.00457599,30,1981,6555.958382776185
True,0.00458418,30,1982,6544.245644804523
True,0.00458692,30,1983,6540.336434906211
True,0.00459974,30,1984,6522.107771308813
True,0.00459063,30,1985,6535.050744669033
True,0.00458242,30,1986,6546.759136002374
True,0.0046028,30,1987,6517.771791083688
True,0.00458512,30,1988,6542.904002512475
True,0.00458274,30,1989,6546.301994003587
True,0.00459105,30,1990,6534.452902930702
True,0.00459658,30,1991,6526.591509339552
True,0.00458349,30,1992,6545.230817564781
True,0.00458852,30,1993,6538.055843714314
True,0.00457993,30,1994,6550.31845464887
True,0.00458337,30,1995,6545.402182237088
True,0.00458359,30,1996,6545.088020525396
True,0.00458073,30,1997,6549.17447655723
True,0.00460329,30,1998,6517.078002906616
True,0.00458727,30,1999,6539.837419641748
True,0.00458122,30,2000,6548.473987278498
True,0.00457978,30,2001,6550.532995034696
True,0.00462277,30,2002,6489.615533543741
True,0.00460387,30,2003,6516.25697511007
True,0.00460552,30,2004,6513.922423526551
True,0.00457923,30,2005,6551.31976336633
True,0.00457638,30,2006,6555.399682718656
True,0.0045731,30,2007,6560.101462902626
True,0.0045795,30,2008,6550.933508024893
True,0.00458085,30,2009,6549.002914306297
True,0.00460151,30,2010,6519.599001197434
True,0.00458835,30,2011,6538.298081009513
True,0.0045778,30,2012,6553.366245794923
True,0.00458864,30,2013,6537.884863488965
True,0.00458405,30,2014,6544.431234388804
True,0.00457844,30,2015,6552.450179537135
True,0.00457774,30,2016,6553.45214013902
True,0.00459953,30,2017,6522.405550132296
True,0.0045945,30,2018,6529.546196539341
True,0.00459519,30,2019,6528.565739392713
True,0.00458836,30,2020,6538.2838312599715
True,0.00458014,30,2021,6550.018121716804
True,0.00457946,30,2022,6550.990728164456
True,0.00458019,30,2023,6549.946617935065
True,0.00457934,30,2024,6551.162394580878
True,0.00460167,30,2025,6519.3723148335275
True,0.0045727,30,2026,6560.675312178801
True,0.00457771,30,2027,6553.495088155432
True,0.00458462,30,2028,6543.617573539355
True,0.00458267,30,2029,6546.401988360498
True,0.00457636,30,2030,6555.428331687192
True,0.00457771,30,2031,6553.495088155432
True,0.00462358,30,2032,6488.478624788583
True,0.00457431,30,2033,6558.366179817284
True,0.00457533,30,2034,6556.904092163844
True,0.00457982,30,2035,6550.475782891031
True,0.00457067,30,2036,6563.589145573844
True,0.00457513,30,2037,6557.190724635147
True,0.00457192,30,2038,6561.794607079739
True,0.00458723,30,2039,6539.89444610364
True,0.00457757,30,2040,6553.695519675286
True,0.00457084,30,2041,6563.3450306727
True,0.00457932,30,2042,6551.191006524987
True,0.00457288,30,2043,6560.417067581044
True,0.00457712,30,2044,6554.339846890622
True,0.00458959,30,2045,6536.531585610043
True,0.00458774,30,2046,6539.167433202405
True,0.00458854,30,2047,6538.027346389047
True,0.00458558,30,2048,6542.247654604216
True,0.00458981,30,2049,6536.218274830549
True,0.00457931,30,2050,6551.205312590762
True,0.00458458,30,2051,6543.6746659454075
True,0.0046037,30,2052,6516.497599756718
True,0.00459357,30,2053,6530.868148302954
True,0.00459216,30,2054,6532.873419044633
True,0.00461026,30,2055,6507.2251890348925
True,0.00459294,30,2056,6531.763968177245
True,0.00458963,30,2057,6536.474617779647
True,0.00458582,30,2058,6541.90526448923
True,0.00461092,30,2059,6506.293754825501
True,0.00459123,30,2060,6534.196718526408
True,0.00458526,30,2061,6542.704230512556
True,0.00458083,30,2062,6549.031507390582
True,0.00458419,30,2063,6544.231369118645
True,0.00457678,30,2064,6554.826755928841
True,0.00458284,30,2065,6546.15915022126
True,0.0046012,30,2066,6520.0382508910725
True,0.00458919,30,2067,6537.101318533336
True,0.00458346,30,2068,6545.2736578916365
True,0.00457936,30,2069,6551.133782886692
True,0.00457391,30,2070,6558.9397255302365
True,0.00458115,30,2071,6548.574048001048
True,0.00458337,30,2072,6545.402182237088
True,0.00459444,30,2073,6529.631467599968
True,0.00458283,30,2074,6546.173434318968
True,0.0047301,30,2075,6342.36062662523
True,0.00458152,30,2076,6548.045190242539
True,0.00458471,30,2077,6543.489119268177
True,0.0046046,30,2078,6515.223906528254
True,0.00458672,30,2079,6540.6216206788295
True,0.00457647,30,2080,6555.270765458968
True,0.00458021,30,2081,6549.9180168594885
True,0.00458627,30,2082,6541.263379609138
True,0.00457308,30,2083,6560.130152982235
True,0.00457812,30,2084,6552.908180650573
True,0.00458446,30,2085,6543.845949141229
True,0.00460314,30,2086,6517.290371355205
True,0.00458403,30,2087,6544.459787566835
True,0.00458599,30,2088,6541.6627598402965
True,0.00457832,30,2089,6552.621922451904
True,0.00458166,30,2090,6547.845104176215
True,0.00457607,30,2091,6555.843769872402
True,0.00458314,30,2092,6545.730656274955
True,0.00458967,30,2093,6536.417650942225
True,0.00457725,30,2094,6554.153694904146
True,0.00457765,30,2095,6553.580985877033
True,0.00457754,30,2096,6553.738470881741
True,0.00457368,30,2097,6559.269559741827
True,0.00457148,30,2098,6562.426172705556
True,0.00457392,30,2099,6558.925385664812
True,0.00460758,30,2100,6511.010118109723
True,0.00457547,30,2101,6556.703464343554
True,0.00457172,30,2102,6562.081667293711
True,0.004578,30,2103,6553.079947575361
True,0.00457442,30,2104,6558.208472330918
True,0.00457747,30,2105,6553.838692552873
True,0.00457618,30,2106,6555.686183672845
True,0.0045937,30,2107,6530.683327165466
True,0.00458218,30,2108,6547.102034402839
True,0.00458023,30,2109,6549.889416033692
True,0.00458531,30,2110,6542.632886326115
True,0.00458662,30,2111,6540.764222891803
True,0.00458286,30,2112,6546.130582212853
True,0.00458899,30,2113,6537.386222240623
True,0.00459297,30,2114,6531.7213045153785
True,0.00458229,30,2115,6546.944868177265
True,0.00458295,30,2116,6546.00202926063
True,0.00458685,30,2117,6540.436247097681
True,0.00458697,30,2118,6540.2651423488705
True,0.00458892,30,2119,6537.48594440522
True,0.00459146,30,2120,6533.869401018412
True,0.00458019,30,2121,6549.946617935065
True,0.00458453,30,2122,6543.746032853967
True,0.00460716,30,2123,6511.603677753757
True,0.00468176,30,2124,6407.846621783261
True,0.00488878,30,2125,6136.500312961516
True,0.00489098,30,2126,6133.74006845254
True,0.00488241,30,2127,6144.506503960134
True,0.00487731,30,2128,6150.931558584547
True,0.00488868,30,2129,6136.625837649426
True,0.00488362,30,2130,6142.984097861832
True,0.0048922,30,2131,6132.2104574629
True,0.00488915,30,2132,6136.035916263563
True,0.00487554,30,2133,6153.164572539657
True,0.00488468,30,2134,6141.6510395768
True,0.00489399,30,2135,6129.967572471542
True,0.00488013,30,2136,6147.377221508444
True,0.00488836,30,2137,6137.027551162353
True,0.00488546,30,2138,6140.670479340737
True,0.00488952,30,2139,6135.571589849311
True,0.0049042,30,2140,6117.205660454304
True,0.00488976,30,2141,6135.270442721116
True,0.00488331,30,2142,6143.374063903377
True,0.00488555,30,2143,6140.557357922854
True,0.0047,30,2144,6382.978723404255
True,0.00458649,30,2145,6540.949615065115
True,0.00458366,30,2146,6544.988066305093
True,0.00457913,30,2147,6551.462832459441
True,0.004584,30,2148,6544.502617801047
True,0.00457737,30,2149,6553.981871686143
True,0.00458426,30,2150,6544.131441061371
True,0.00459683,30,2151,6526.236558671955
True,0.00458726,30,2152,6539.851676163985
True,0.00458255,30,2153,6546.5734143653635
True,0.00457916,30,2154,6551.419911075394
True,0.00458003,30,2155,6550.175435532082
True,0.00457863,30,2156,6552.178271666416
True,0.0045772,30,2157,6554.225290570655
True,0.00458982,30,2158,6536.20403414513
True,0.00457897,30,2159,6551.691756006264
True,0.00458288,30,2160,6546.102014453793
True,0.00458169,30,2161,6547.802230181439
True,0.00458719,30,2162,6539.951473560067
True,0.00458445,30,2163,6543.860223145633
True,0.0045797,30,2164,6550.6474223202395
True,0.00460175,30,2165,6519.258977562884
True,0.00458975,30,2166,6536.303720246201
True,0.00460863,30,2167,6509.526692314202
True,0.00458268,30,2168,6546.387703265339
True,0.00458099,30,2169,6548.802769706985
True,0.00457986,30,2170,6550.418571746734
True,0.00458048,30,2171,6549.531926784966
True,0.00463757,30,2172,6468.9050515679555
True,0.00459903,30,2173,6523.1146567863225
True,0.00457757,30,2174,6553.695519675286
True,0.0045685,30,2175,6566.706796541535
True,0.00457128,30,2176,6562.713288181866
True,0.00456608,30,2177,6570.187118929147
True,0.29768399,30,2178,100.77800959332747
True,0.00458755,30,2179,6539.438262253272
True,0.00459117,30,2180,6534.282111095864
True,0.00460409,30,2181,6515.94560488609
True,0.00459646,30,2182,6526.7618993747365
True,0.00458928,30,2183,6536.97311996653
True,0.00457226,30,2184,6561.306662350785
True,0.00457008,30,2185,6564.436508770087
True,0.00457311,30,2186,6560.087117956927
True,0.00457538,30,2187,6556.832437961437
True,0.00457017,30,2188,6564.307235835866
True,0.00456552,30,2189,6570.993008463439
True,0.00457797,30,2190,6553.12289071357
True,0.00457064,30,2191,6563.632226559082
True,0.004569,30,2192,6565.988181221273
True,0.00457267,30,2193,6560.718354921742
True,0.00460643,30,2194,6512.635598500357
True,0.00457258,30,2195,6560.847486539328
True,0.00456522,30,2196,6571.424816328677
True,0.00458795,30,2197,6538.868121928093
True,0.00457331,30,2198,6559.800232216929
True,0.00457289,30,2199,6560.402721255049
True,0.00457514,30,2200,6557.176392416407
True,0.00457485,30,2201,6557.592052198433
True,0.00457379,30,2202,6559.111808806263
True,0.00458536,30,2203,6542.561543695588
True,0.00458875,30,2204,6537.728139471534
True,0.00457809,30,2205,6552.951121537584
True,0.00457608,30,2206,6555.829443541197
True,0.0045774,30,2207,6553.938917289292
True,0.00457726,30,2208,6554.1393759585435
True,0.0045809,30,2209,6548.9314326879
True,0.00457632,30,2210,6555.485630375498
True,0.00458783,30,2211,6539.039153586772
True,0.00457201,30,2212,6561.665438177082
True,0.00457255,30,2213,6560.890531541481
True,0.00455891,30,2214,6580.520343678642
True,0.00456918,30,2215,6565.729518206768
True,0.00456984,30,2216,6564.781261488367
True,0.00460856,30,2217,6509.625566337424
True,0.0045904,30,2218,6535.378180550715
True,0.00457709,30,2219,6554.3828065430225
True,0.00457248,30,2220,6560.990972076422
True,0.00457906,30,2221,6551.562984542678
True,0.0045724,30,2222,6561.105765024932
True,0.0045702,30,2223,6564.264145989235
True,0.00457742,30,2224,6553.910281337523
True,0.00459889,30,2225,6523.3132342804465
True,0.00457181,30,2226,6561.952487089358
True,0.00458311,30,2227,6545.773503145245
True,0.00457488,30,2228,6557.549050466898
True,0.00458129,30,2229,6548.373929613711
True,0.00459387,30,2230,6530.441653769045
True,0.0045831,30,2231,6545.787785559993
True,0.00459092,30,2232,6534.63793749401
True,0.00472108,30,2233,6354.478212612368
True,0.00458633,30,2234,6541.177804475475
True,0.00458353,30,2235,6545.173698001323
True,0.00458216,30,2236,6547.130610890934
True,0.00458816,30,2237,6538.568838052727
True,0.00457704,30,2238,6554.454407215143
True,0.00462269,30,2239,6489.727842446714
True,0.00458388,30,2240,6544.673944344092
True,0.00458135,30,2241,6548.288168334661
True,0.004582,30,2242,6547.359231776517
True,0.00458149,30,2243,6548.088067419115
True,0.00457951,30,2244,6550.919203146188
True,0.00459567,30,2245,6527.883855890436
True,0.00458338,30,2246,6545.387901505003
True,0.00458364,30,2247,6545.016624342226
True,0.00458053,30,2248,6549.460433617944
True,0.00457831,30,2249,6552.6362347678505
True,0.004586,30,2250,6541.648495420846
True,0.00459032,30,2251,6535.4920789836
True,0.00459822,30,2252,6524.263736837298
True,0.00458425,30,2253,6544.145716311284
True,0.00458459,30,2254,6543.660392750497
True,0.00458712,30,2255,6540.051274001988
True,0.00458248,30,2256,6546.673417014368
True,0.00458383,30,2257,6544.745333051183
True,0.00458068,30,2258,6549.245963481404
True,0.00459515,30,2259,6528.622569448223
True,0.00458306,30,2260,6545.844915842254
True,0.00458312,30,2261,6545.759220792822
True,0.00460675,30,2262,6512.1832094209585
True,0.0045847,30,2263,6543.503391715925
True,0.00459387,30,2264,6530.441653769045
True,0.00459955,30,2265,6522.377189072844
True,0.00459874,30,2266,6523.5260092982
True,0.0045856,30,2267,6542.219120725751
True,0.00459345,30,2268,6531.038761715051
True,0.00459188,30,2269,6533.271775394828
True,0.00458617,30,2270,6541.406009807749
True,0.00457916,30,2271,6551.419911075394
True,0.0045806,30,2272,6549.360345806226
True,0.00460758,30,2273,6511.010118109723
True,0.00459006,30,2274,6535.862276310114
True,0.00458934,30,2275,6536.887657048726
True,0.00458695,30,2276,6540.293659185297
True,0.00458961,30,2277,6536.503101570722
True,0.00458314,30,2278,6545.730656274955
True,0.00459717,30,2279,6525.753887717879
True,0.00459038,30,2280,6535.40665478675
True,0.0045888,30,2281,6537.656903765691
True,0.00457686,30,2282,6554.712182588062
True,0.00458205,30,2283,6547.287786034635
True,0.00458389,30,2284,6544.659666789561
True,0.00460543,30,2285,6514.04971957016
True,0.00459863,30,2286,6523.682053133215
True,0.0045802,30,2287,6549.932317366053
True,0.00457983,30,2288,6550.461480011267
True,0.00458341,30,2289,6545.345059682639
True,0.00458661,30,2290,6540.778483455101
True,0.00459009,30,2291,6535.819559093613
True,0.00457887,30,2292,6551.8348413473195
True,0.00459646,30,2293,6526.7618993747365
True,0.00458237,30,2294,6546.83057020712
True,0.00458802,30,2295,6538.768357592164
True,0.00457789,30,2296,6553.237408500422
True,0.00458315,30,2297,6545.716374109509
True,0.00473579,30,2298,6334.7403495509725
True,0.00488825,30,2299,6137.165652329565
True,0.00488403,30,2300,6142.468412356189
True,0.00488252,30,2301,6144.368072224999
True,0.00488418,30,2302,6142.2797685588985
True,0.00488015,30,2303,6147.35202811389
True,0.00490312,30,2304,6118.553084566561
True,0.00489383,30,2305,6130.167987036738
True,0.00489379,30,2306,6130.218092725679
True,0.0049167,30,2307,6101.653548111538
True,0.00490958,30,2308,6110.502324027717
True,0.00489026,30,2309,6134.643147808092
True,0.00488388,30,2310,6142.657067741222
True,0.00489841,30,2311,6124.436296675861
True,0.00489083,30,2312,6133.92818805806
True,0.00491166,30,2313,6107.91463578505
True,0.00489438,30,2314,6129.479116864649
True,0.00488756,30,2315,6138.032065079508
True,0.00489147,30,2316,6133.125624812173
True,0.00490604,30,2317,6114.911415316629
True,0.00488845,30,2318,6136.914563921079
True,0.00488497,30,2319,6141.28643574065
True,0.00488589,30,2320,6140.130047954415
True,0.00488328,30,2321,6143.411805180124
True,0.00489256,30,2322,6131.759242605099
True,0.00488365,30,2323,6142.946361840018
True,0.00488282,30,2324,6143.990562830495
True,0.00469959,30,2325,6383.535585019119
True,0.00458362,30,2326,6545.045182628577
True,0.00459542,30,2327,6528.238985772791
True,0.00460023,30,2328,6521.413059781793
True,0.00458266,30,2329,6546.416273518001
True,0.0045818,30,2330,6547.645030337422
True,0.00457625,30,2331,6555.585905490304
True,0.00457838,30,2332,6552.536049869168
True,0.00458575,30,2333,6542.00512457068
True,0.00459919,30,2334,6522.887725882166
True,0.00458042,30,2335,6549.617720645705
True,0.00458413,30,2336,6544.317024168164
True,0.00458447,30,2337,6543.831675199096
True,0.00459033,30,2338,6535.477841462379
True,0.00458395,30,2339,6544.574002770537
True,0.00458974,30,2340,6536.317961366003
True,0.00458353,30,2341,6545.173698001323
True,0.00456929,30,2342,6565.571456396946
True,0.00458441,30,2343,6543.917319785971
True,0.00457824,30,2344,6552.736422730132
True,0.00457696,30,2345,6554.568971544431
True,0.00457745,30,2346,6553.867327879059
True,0.00461729,30,2347,6497.317690680032
True,0.00461715,30,2348,6497.51470062701
True,0.00460199,30,2349,6518.918989393718
True,0.00458527,30,2350,6542.689961550792
True,0.00460843,30,2351,6509.809197492421
True,0.00458856,30,2352,6537.998849312202
True,0.00458687,30,2353,6540.4077290178275
True,0.00459663,30,2354,6526.520516117243
True,0.00459177,30,2355,6533.4282858244205
True,0.00458492,30,2356,6543.189412247106
True,0.00458822,30,2357,6538.483333405984
True,0.00458026,30,2358,6549.846515263325
True,0.00457871,30,2359,6552.0637908930685
True,0.00458766,30,2360,6539.281463752763
True,0.00459733,30,2361,6525.526773148762
True,0.0045788,30,2362,6551.935004804753
True,0.00458581,30,2363,6541.919530028501
True,0.00458233,30,2364,6546.887718693329
True,0.00458433,30,2365,6544.031516055781
True,0.00458193,30,2366,6547.459258434765
True,0.00459085,30,2367,6534.737575830184
True,0.00460224,30,2368,6518.5648727576145
True,0.00458599,30,2369,6541.6627598402965
True,0.00458519,30,2370,6542.804114987601
True,0.00457297,30,2371,6560.287952905879
True,0.00457958,30,2372,6550.819070744479
True,0.00458579,30,2373,6541.948061293691
True,0.00462135,30,2374,6491.609594598981
True,0.0045861,30,2375,6541.505854647739
True,0.00458707,30,2376,6540.122561896809
True,0.00458273,30,2377,6546.31627872469
True,0.00457961,30,2378,6550.776157795097
True,0.00458369,30,2379,6544.94522971667
True,0.00458219,30,2380,6547.087746252338
True,0.00459553,30,2381,6528.082723864278
True,0.00458328,30,2382,6545.530711630098
True,0.00458462,30,2383,6543.617573539355
True,0.00458544,30,2384,6542.447398722915
True,0.00458536,30,2385,6542.561543695588
True,0.00458215,30,2386,6547.144899228528
True,0.00457877,30,2387,6551.977932938322
True,0.00459558,30,2388,6528.011698196963
True,0.00457777,30,2389,6553.409192685522
True,0.00457782,30,2390,6553.337614847242
True,0.00458661,30,2391,6540.778483455101
True,0.00458428,30,2392,6544.102890748384
True,0.00458614,30,2393,6541.448800080242
True,0.004583,30,2394,6545.930613135501
True,0.00459446,30,2395,6529.603043665632
True,0.0046097,30,2396,6508.015706011237
True,0.00459358,30,2397,6530.853930920981
True,0.00458671,30,2398,6540.635880620314
True,0.00459122,30,2399,6534.210950466325
True,0.0045873,30,2400,6539.794650447976
True,0.00458,30,2401,6550.218340611354
True,0.00460763,30,2402,6510.939463455183
True,0.00458225,30,2403,6547.002018658955
True,0.00458712,30,2404,6540.051274001988
True,0.00458424,30,2405,6544.159991623475
True,0.0045868,30,2406,6540.507543385366
True,0.00458759,30,2407,6539.381243746717
True,0.00460161,30,2408,6519.457320372652
True,0.00459021,30,2409,6535.648695811303
True,0.00458609,30,2410,6541.520118445124
True,0.00459132,30,2411,6534.068633856929
True,0.00459103,30,2412,6534.4813691045365
True,0.00459533,30,2413,6528.366841989585
True,0.00458063,30,2414,6549.317451966215
True,0.00459675,30,2415,6526.35013868494
True,0.00459198,30,2416,6533.129499692943
True,0.00458794,30,2417,6538.882374224597
True,0.00459137,30,2418,6533.997477876974
True,0.00461136,30,2419,6505.672946809618
True,0.00459205,30,2420,6533.029910388606
True,0.00458793,30,2421,6538.8966265832305
True,0.00460913,30,2422,6508.8205366305565
True,0.00458612,30,2423,6541.477327239584
True,0.00459221,30,2424,6532.802289093922
True,0.00457614,30,2425,6555.743486868845
True,0.00457897,30,2426,6551.691756006264
True,0.00458537,30,2427,6542.547275356187
True,0.00457981,30,2428,6550.490085833255
True,0.0045959,30,2429,6527.557170521552
True,0.00458659,30,2430,6540.807004768249
True,0.0045788,30,2431,6551.935004804753
True,0.0045917,30,2432,6533.527887274866
True,0.00459187,30,2433,6533.286003305843
True,0.00459047,30,2434,6535.278522678505
True,0.00460156,30,2435,6519.528160015298
True,0.0045997,30,2436,6522.164488988412
True,0.00458888,30,2437,6537.54292986524
True,0.00458982,30,2438,6536.20403414513
True,0.00458387,30,2439,6544.688221960919
True,0.00458764,30,2440,6539.309972011754
True,0.00458413,30,2441,6544.317024168164
True,0.00462608,30,2442,6484.972157852869
True,0.00458729,30,2443,6539.808906783744
True,0.00458341,30,2444,6545.345059682639
True,0.00459419,30,2445,6529.9867876600665
True,0.00459399,30,2446,6530.27107155218
True,0.00458762,30,2447,6539.338480519311
True,0.00458631,30,2448,6541.206329271245
True,0.00460354,30,2449,6516.7240862466715
True,0.00458509,30,2450,6542.946812385362
True,0.00459442,30,2451,6529.65989178177
True,0.00458615,30,2452,6541.434536593875
True,0.00459073,30,2453,6534.908391475865
True,0.00458739,30,2454,6539.666346223015
True,0.00473039,30,2455,6341.971803593361
True,0.004603,30,2456,6517.488594394959
True,0.00457469,30,2457,6557.821404291875
True,0.00457995,30,2458,6550.289850325877
True,0.00457919,30,2459,6551.376990253734
True,0.00458574,30,2460,6542.019390545474
True,0.00458962,30,2461,6536.488859644153
True,0.00460165,30,2462,6519.400649766932
True,0.00458835,30,2463,6538.298081009513
True,0.00461074,30,2464,6506.547755891678
True,0.00458744,30,2465,6539.595068273373
True,0.00459262,30,2466,6532.219081918382
True,0.00458707,30,2467,6540.122561896809
True,0.00458165,30,2468,6547.8593956325785
True,0.00459772,30,2469,6524.973247609685
True,0.00458695,30,2470,6540.293659185297
True,0.00458376,30,2471,6544.845279857584
True,0.00458193,30,2472,6547.459258434765
True,0.00458778,30,2473,6539.110419418543
True,0.00458078,30,2474,6549.10299119364
True,0.00459132,30,2475,6534.068633856929
True,0.00461038,30,2476,6507.0558175248025
True,0.00459359,30,2477,6530.839713600909
True,0.00459481,30,2478,6529.105664869711
True,0.00458763,30,2479,6539.324226234461
True,0.00458751,30,2480,6539.495281754153
True,0.00458933,30,2481,6536.9019007131765
True,0.00459083,30,2482,6534.766044484331
True,0.00460389,30,2483,6516.2286674964
True,0.00458938,30,2484,6536.830683011649
True,0.00458723,30,2485,6539.89444610364
True,0.004581,30,2486,6548.788474132286
True,0.00461108,30,2487,6506.067992747903
True,0.00458714,30,2488,6540.022759279203
True,0.0045922,30,2489,6532.816514960149
True,0.0045862,30,2490,6541.363220095067
True,0.00458368,30,2491,6544.959508517174
True,0.00458226,30,2492,6546.987730944992
True,0.0045785,30,2493,6552.364311455717
True,0.00458428,30,2494,6544.102890748384
True,0.00458848,30,2495,6538.112839110119
True,0.004605,30,2496,6514.657980456026
True,0.00458669,30,2497,6540.664400689822
True,0.00458791,30,2498,6538.925131486886
True,0.00459321,30,2499,6531.380015283428
True,0.00459054,30,2500,6535.178867845613
True,0.00458283,30,2501,6546.173434318968
True,0.00459469,30,2502,6529.276186206251
True,0.00460443,30,2503,6515.464454883667
True,0.00459353,30,2504,6530.925018449863
True,0.00458847,30,2505,6538.127088114339
True,0.00458529,30,2506,6542.661423813979
True,0.00459081,30,2507,6534.794513386527
True,0.00458868,30,2508,6537.827872067784
True,0.00458356,30,2509,6545.130858982973
True,0.00462677,30,2510,6484.005040233252
True,0.00457935,30,2511,6551.148088702545
True,0.00458219,30,2512,6547.087746252338
True,0.00458272,30,2513,6546.330563508134
True,0.00457794,30,2514,6553.165834414605
True,0.00458203,30,2515,6547.316364144277
True,0.00457816,30,2516,6552.850927009978
True,0.00471848,30,2517,6357.979688374223
True,0.00461522,30,2518,6500.231841602351
True,0.0046013,30,2519,6519.896550974725
True,0.00458178,30,2520,6547.673611565811
True,0.00458217,30,2521,6547.116322615704
True,0.00458238,30,2522,6546.81628324146
True,0.00459664,30,2523,6526.506317658115
True,0.00458176,30,2524,6547.702193043721
True,0.00458852,30,2525,6538.055843714314
True,0.00458147,30,2526,6548.1166525154595
True,0.00458707,30,2527,6540.122561896809
True,0.00458501,30,2528,6543.060974785225
True,0.00458744,30,2529,6539.595068273373
True,0.00460048,30,2530,6521.05867213856
True,0.00458352,30,2531,6545.187977798722
True,0.00460729,30,2532,6511.419945347482
True,0.00458576,30,2533,6541.990858658106
True,0.00457736,30,2534,6553.996189943548
True,0.00457719,30,2535,6554.239609891658
True,0.0045825,30,2536,6546.644844517185
True,0.0046009,30,2537,6520.463387598079
True,0.00457637,30,2538,6555.414007171623
True,0.00457805,30,2539,6553.008376929041
True,0.00458225,30,2540,6547.002018658955
True,0.00457551,30,2541,6556.646144364236
True,0.00457861,30,2542,6552.206892484836
True,0.00479648,30,2543,6254.586696911068
True,0.00489619,30,2544,6127.213200468119
True,0.00490063,30,2545,6121.661908774995
True,0.00488929,30,2546,6135.860216923112
True,0.0048897,30,2547,6135.345726731701
True,0.00489816,30,2548,6124.748885295702
True,0.00488549,30,2549,6140.632771738352
True,0.00489333,30,2550,6130.794367026135
True,0.00470646,30,2551,6374.217564793921
True,0.00457634,30,2552,6555.4569809061395
True,0.00459316,30,2553,6531.45111426556
True,0.00459757,30,2554,6525.186130934386
True,0.00457884,30,2555,6551.877768168358
True,0.00457648,30,2556,6555.2564416319965
True,0.00458279,30,2557,6546.230571333183
True,0.00458258,30,2558,6546.530557022463
True,0.00458622,30,2559,6541.3346939309495
True,0.00459127,30,2560,6534.139791386698
True,0.0045845,30,2561,6543.788853746319
True,0.00458045,30,2562,6549.574823434379
True,0.00458117,30,2563,6548.545458911151
True,0.00458358,30,2564,6545.102299948948
True,0.004581,30,2565,6548.788474132286
True,0.00458271,30,2566,6546.344848353921
True,0.0045968,30,2567,6526.27915071354
True,0.00458376,30,2568,6544.845279857584
True,0.00458661,30,2569,6540.778483455101
True,0.00457954,30,2570,6550.87628888491
True,0.00458177,30,2571,6547.687902273576
True,0.00457727,30,2572,6554.125057075506
True,0.00458359,30,2573,6545.088020525396
True,0.00459577,30,2574,6527.741814755743
True,0.00457944,30,2575,6551.019338609088
True,0.00458547,30,2576,6542.404595384987
True,0.00460873,30,2577,6509.385448919767
True,0.00458793,30,2578,6538.8966265832305
True,0.00459241,30,2579,6532.5177847796695
True,0.004604,30,2580,6516.072980017377
True,0.0045838,30,2581,6544.7881670229945
True,0.00458435,30,2582,6544.002966614678
True,0.00458546,30,2583,6542.418863102065
True,0.00458243,30,2584,6546.74484934849
True,0.00459139,30,2585,6533.969015918927
True,0.00458865,30,2586,6537.870615540519
True,0.00459463,30,2587,6529.3614502147075
True,0.00458856,30,2588,6537.998849312202
True,0.00459127,30,2589,6534.139791386698
True,0.0045956,30,2590,6527.983288362781
True,0.00459087,30,2591,6534.7091074240825
True,0.00458981,30,2592,6536.218274830549
True,0.00458728,30,2593,6539.823163181668
True,0.00459371,30,2594,6530.669110588174
True,0.0045777,30,2595,6553.5094042859955
True,0.004587,30,2596,6540.222367560497
True,0.00458423,30,2597,6544.174266997948
True,0.00458036,30,2598,6549.703516754141
True,0.00457946,30,2599,6550.990728164456
True,0.00460322,30,2600,6517.177106460261
True,0.00460172,30,2601,6519.301478577575
True,0.00458293,30,2602,6546.030596147007
True,0.00458558,30,2603,6542.247654604216
True,0.00457905,30,2604,6551.577292233104
True,0.00458572,30,2605,6542.047922681717
True,0.00457695,30,2606,6554.583292367188
True,0.00458244,30,2607,6546.730562756959
True,0.00460195,30,2608,6518.975651625941
True,0.00458636,30,2609,6541.135017748279
True,0.00458467,30,2610,6543.54620943274
True,0.00458311,30,2611,6545.773503145245
True,0.00458693,30,2612,6540.322176270402
True,0.00459541,30,2613,6528.253191771789
True,0.00459785,30,2614,6524.788759963897
True,0.00458882,30,2615,6537.6284099180175
True,0.00458377,30,2616,6544.831001555488
True,0.00458692,30,2617,6540.336434906211
True,0.00459158,30,2618,6533.698639683944
True,0.00459293,30,2619,6531.778189521721
True,0.00459355,30,2620,6530.896583252604
True,0.00460222,30,2621,6518.593200672719
True,0.00460752,30,2622,6511.094905719346
True,0.00458876,30,2623,6537.713892206173
True,0.0045913,30,2624,6534.097096682856
True,0.00459137,30,2625,6533.997477876974
True,0.00458043,30,2626,6549.6034215128275
True,0.00458747,30,2627,6539.552302249388
True,0.00460293,30,2628,6517.587710436614
True,0.00458186,30,2629,6547.559288149354
True,0.0045823,30,2630,6546.930580712742
True,0.00459359,30,2631,6530.839713600909
True,0.0045937,30,2632,6530.683327165466
True,0.00458429,30,2633,6544.088615685308
True,0.00459014,30,2634,6535.748364973617
True,0.00459437,30,2635,6529.730953318953
True,0.00457707,30,2636,6554.411446624151
True,0.00458222,30,2637,6547.044882175016
True,0.00458173,30,2638,6547.745065728447
True,0.00458472,30,2639,6543.474846882689
True,0.00458288,30,2640,6546.102014453793
True,0.00459898,30,2641,6523.185575932054
True,0.0045855,30,2642,6542.361792607131
True,0.00458123,30,2643,6548.459693139178
True,0.00458322,30,2644,6545.616400696454
True,0.00460597,30,2645,6513.2860179289055
True,0.00458329,30,2646,6545.516430337159
True,0.00458121,30,2647,6548.48828148022
True,0.00459593,30,2648,6527.514561797068
True,0.00458644,30,2649,6541.020922545591
True,0.00458353,30,2650,6545.173698001323
True,0.00457651,30,2651,6555.213470526668
True,0.00458277,30,2652,6546.259140214324
True,0.00458827,30,2653,6538.41208124195
True,0.0045831,30,2654,6545.787785559993
True,0.00459526,30,2655,6528.466289176237
True,0.0045802,30,2656,6549.932317366053
True,0.00458467,30,2657,6543.54620943274
True,0.00458369,30,2658,6544.94522971667
True,0.00458062,30,2659,6549.3317498504575
True,0.00457811,30,2660,6552.922494217046
True,0.00458112,30,2661,6548.61693210394
True,0.00459685,30,2662,6526.208164286413
True,0.00459081,30,2663,6534.794513386527
True,0.00458309,30,2664,6545.802068037067
True,0.00458369,30,2665,6544.94522971667
True,0.00458169,30,2666,6547.802230181439
True,0.00458661,30,2667,6540.778483455101
True,0.00460392,30,2668,6516.186206537038
True,0.00460276,30,2669,6517.828433374758
True,0.00457988,30,2670,6550.389966549343
True,0.0045853,30,2671,6542.64715503893
True,0.00458477,30,2672,6543.40348588915
True,0.00457986,30,2673,6550.418571746734
True,0.00457648,30,2674,6555.2564416319965
True,0.00458441,30,2675,6543.917319785971
True,0.00460142,30,2676,6519.726519204941
True,0.00471772,30,2677,6359.00392562509
True,0.00458504,30,2678,6543.018163418421
True,0.00458744,30,2679,6539.595068273373
True,0.00458839,30,2680,6538.241082384016
True,0.00458398,30,2681,6544.5311716019705
True,0.00459638,30,2682,6526.875497674257
True,0.00457835,30,2683,6552.578985879192
True,0.00458157,30,2684,6547.973729529397
True,0.00457903,30,2685,6551.605907801433
True,0.00457941,30,2686,6551.062254744607
True,0.00459693,30,2687,6526.094589214976
True,0.00461538,30,2688,6500.006500006501
True,0.00460942,30,2689,6508.411036529541
True,0.00459855,30,2690,6523.795544247643
True,0.00458651,30,2691,6540.921092508247
True,0.00457957,30,2692,6550.83337518588
True,0.00458168,30,2693,6547.816521450646
True,0.00459116,30,2694,6534.296343407766
True,0.00457673,30,2695,6554.89836630083
True,0.00459503,30,2696,6528.793065551259
True,0.00457789,30,2697,6553.237408500422
True,0.00458214,30,2698,6547.159187628487
True,0.00458645,30,2699,6541.006660925117
True,0.00457848,30,2700,6552.392933899459
True,0.00458488,30,2701,6543.246497182041
True,0.00457645,30,2702,6555.299413300702
True,0.00459393,30,2703,6530.356361546649
True,0.00457853,30,2704,6552.321378258961
True,0.00457782,30,2705,6553.337614847242
True,0.00458046,30,2706,6549.5605244888075
True,0.00457107,30,2707,6563.014786472314
True,0.00457483,30,2708,6557.620720332777
True,0.00457717,30,2709,6554.2682487213715
True,0.00459525,30,2710,6528.480496164517
True,0.00457236,30,2711,6561.163163005537
True,0.00457056,30,2712,6563.74711195127
True,0.00459538,30,2713,6528.29581013975
True,0.00457941,30,2714,6551.062254744607
True,0.00457494,30,2715,6557.46304869572
True,0.00459111,30,2716,6534.367505897267
True,0.00457836,30,2717,6552.56467381333
True,0.00457502,30,2718,6557.348383176467
True,0.00456929,30,2719,6565.571456396946
True,0.0045778,30,2720,6553.366245794923
True,0.00458255,30,2721,6546.5734143653635
True,0.00457699,30,2722,6554.526009451626
True,0.00458847,30,2723,6538.127088114339
True,0.0045719,30,2724,6561.823311970953
True,0.00457657,30,2725,6555.127530006096
True,0.00457699,30,2726,6554.526009451626
True,0.00457824,30,2727,6552.736422730132
True,0.00457892,30,2728,6551.7632978955735
True,0.00458759,30,2729,6539.381243746717
True,0.00460232,30,2730,6518.451563559248
True,0.00458684,30,2731,6540.450506230869
True,0.00458475,30,2732,6543.432030099787
True,0.00458218,30,2733,6547.102034402839
True,0.00459061,30,2734,6535.079216051897
True,0.00459121,30,2735,6534.225182468238
True,0.00461278,30,2736,6503.670237904257
True,0.00460221,30,2737,6518.607364722601
True,0.00458757,30,2738,6539.409752875706
True,0.00459061,30,2739,6535.079216051897
True,0.0045874,30,2740,6539.652090508785
True,0.00458352,30,2741,6545.187977798722
True,0.00458349,30,2742,6545.230817564781
True,0.00458835,30,2743,6538.298081009513
True,0.00460791,30,2744,6510.543825725763
True,0.00458407,30,2745,6544.402681459926
True,0.0045848,30,2746,6543.360670040132
True,0.00459321,30,2747,6531.380015283428
True,0.00459514,30,2748,6528.636777116692
True,0.00458573,30,2749,6542.0336565824855
True,0.00458294,30,2750,6546.016312672651
True,0.00459986,30,2751,6521.937624188562
True,0.00458315,30,2752,6545.716374109509
True,0.00458295,30,2753,6546.00202926063
True,0.00458125,30,2754,6548.431105047749
True,0.00457829,30,2755,6552.664859587314
True,0.00458797,30,2756,6538.839617521474
True,0.00459644,30,2757,6526.7902985789
True,0.00460993,30,2758,6507.691006154107
True,0.00459255,30,2759,6532.318646503577
True,0.00459179,30,2760,6533.399828824924
True,0.00458377,30,2761,6544.831001555488
True,0.00458813,30,2762,6538.611591214722
True,0.00458507,30,2763,6542.975352611847
True,0.00459363,30,2764,6530.782844939624
True,0.00458334,30,2765,6545.445024807236
True,0.00458999,30,2766,6535.961951986823
True,0.00458775,30,2767,6539.1531796632335
True,0.00458321,30,2768,6545.630682425636
True,0.00473133,30,2769,6340.711808307601
True,0.0049138,30,2770,6105.254589116365
True,0.00489479,30,2771,6128.965696178998
True,0.0049026,30,2772,6119.20205605189
True,0.00490638,30,2773,6114.487667078375
True,0.00490197,30,2774,6119.98849442163
True,0.00491704,30,2775,6101.231635292777
True,0.00489272,30,2776,6131.558723981753
True,0.00489058,30,2777,6134.24174637773
True,0.00489735,30,2778,6125.761891635272
True,0.00490226,30,2779,6119.626458001003
True,0.0049137,30,2780,6105.378838756945
True,0.00489539,30,2781,6128.21450384954
True,0.00489005,30,2782,6134.906596047075
True,0.00488786,30,2783,6137.655333827073
True,0.00490823,30,2784,6112.183006908804
True,0.0048977,30,2785,6125.324131735305
True,0.00488883,30,2786,6136.437552543246
True,0.00489556,30,2787,6128.001699499137
True,0.00490395,30,2788,6117.517511393877
True,0.0048924,30,2789,6131.959774343881
True,0.0048916,30,2790,6132.962629814375
True,0.00489486,30,2791,6128.878047584609
True,0.00489517,30,2792,6128.489919655497
True,0.0049114,30,2793,6108.237976951582
True,0.00490307,30,2794,6118.615479689256
True,0.00491039,30,2795,6109.494357881961
True,0.00490017,30,2796,6122.236575465749
True,0.00491198,30,2797,6107.5167244166305
True,0.00490559,30,2798,6115.472348891775
True,0.0049027,30,2799,6119.077243151733
True,0.00490878,30,2800,6111.498172662046
True,0.00494246,30,2801,6069.851855149055
True,0.00491162,30,2802,6107.964378351745
True,0.00490261,30,2803,6119.189574532749
True,0.0049006,30,2804,6121.699383748929
True,0.00490985,30,2805,6110.16629835942
True,0.00491678,30,2806,6101.554269257523
True,0.00490086,30,2807,6121.374615883743
True,0.00489961,30,2808,6122.936315339383
True,0.00490592,30,2809,6115.060987541582
True,0.00492124,30,2810,6096.024579171103
True,0.00490496,30,2811,6116.257828810021
True,0.00489948,30,2812,6123.098777829484
True,0.00490198,30,2813,6119.976009694042
True,0.00489482,30,2814,6128.928132188722
True,0.00491941,30,2815,6098.292274886623
True,0.00489655,30,2816,6126.762720691098
True,0.00489997,30,2817,6122.486464202842
True,0.00490342,30,2818,6118.178740552512
True,0.00491388,30,2819,6105.155193045008
True,0.00489697,30,2820,6126.237244663537
True,0.0049034,30,2821,6118.203695395033
True,0.00490404,30,2822,6117.40524139281
True,0.00493504,30,2823,6078.978083257684
True,0.00490208,30,2824,6119.851165219662
True,0.0049024,30,2825,6119.451697127937
True,0.00489535,30,2826,6128.264577609364
True,0.00490106,30,2827,6121.124817896537
True,0.00491494,30,2828,6103.838500571726
True,0.00490068,30,2829,6121.599451504689
True,0.00490474,30,2830,6116.5321709203745
True,0.00489682,30,2831,6126.424904325665
True,0.00491185,30,2832,6107.678369657055
True,0.00490692,30,2833,6113.8147758675495
True,0.00490855,30,2834,6111.784539222377
True,0.00490983,30,2835,6110.191187882269
True,0.0049086,30,2836,6111.722283339445
True,0.00492175,30,2837,6095.392898867273
True,0.00490502,30,2838,6116.183012505555
True,0.00490505,30,2839,6116.145605039704
True,0.00490347,30,2840,6118.116354336827
True,0.00491604,30,2841,6102.472721946933
True,0.00490591,30,2842,6115.07345222395
True,0.00489103,30,2843,6133.677364481509
True,0.00491254,30,2844,6106.820504260525
True,0.00490434,30,2845,6117.031037815485
True,0.0048996,30,2846,6122.948812147931
True,0.00489545,30,2847,6128.139394744099
True,0.00490028,30,2848,6122.09914535496
True,0.00490544,30,2849,6115.659349620014
True,0.00491843,30,2850,6099.507363121972
True,0.00489179,30,2851,6132.724421939617
True,0.00489939,30,2852,6123.211256911574
True,0.00488777,30,2853,6137.768348346997
True,0.00490612,30,2854,6114.8117045649105
True,0.00489478,30,2855,6128.978217611415
True,0.00488929,30,2856,6135.860216923112
True,0.00491571,30,2857,6102.882391353436
True,0.00492137,30,2858,6095.863550190292
True,0.00492975,30,2859,6085.501293169024
True,0.00489099,30,2860,6133.727527555771
True,0.0048868,30,2861,6138.986657935663
True,0.00488647,30,2862,6139.401244661279
True,0.00489542,30,2863,6128.176949066678
True,0.00488124,30,2864,6145.979300341716
True,0.00491294,30,2865,6106.323301322629
True,0.00473388,30,2866,6337.296255925372
True,0.00458293,30,2867,6546.030596147007
True,0.0045817,30,2868,6547.787938974616
True,0.00459733,30,2869,6525.526773148762
True,0.0045789,30,2870,6551.7919150887765
True,0.00458557,30,2871,6542.261921636787
True,0.00457453,30,2872,6558.05077242908
True,0.00458071,30,2873,6549.203071139626
True,0.00457661,30,2874,6555.070237577595
True,0.00459143,30,2875,6533.912092746705
True,0.00459532,30,2876,6528.381048545041
True,0.0045831,30,2877,6545.787785559993
True,0.00457737,30,2878,6553.981871686143
True,0.00457248,30,2879,6560.990972076422
True,0.00458133,30,2880,6548.316755178082
True,0.00458557,30,2881,6542.261921636787
True,0.00458844,30,2882,6538.169835499647
True,0.00458261,30,2883,6546.487700240693
True,0.00457258,30,2884,6560.847486539328
True,0.00458776,30,2885,6539.1389261862005
True,0.0045708,30,2886,6563.402467839328
True,0.0045739,30,2887,6558.9540654583625
True,0.00459435,30,2888,6529.759378366908
True,0.00458887,30,2889,6537.557176385471
True,0.00457159,30,2890,6562.268269901719
True,0.00457716,30,2891,6554.282568230081
True,0.0045761,30,2892,6555.800791066629
True,0.00458002,30,2893,6550.18973716272
True,0.00471323,30,2894,6365.061751707428
True,0.00456593,30,2895,6570.40296281371
True,0.0045837,30,2896,6544.930950978468
True,0.00456863,30,2897,6566.519941426643
True,0.00457706,30,2898,6554.425766758574
True,0.00457293,30,2899,6560.345336578517
True,0.00458487,30,2900,6543.26076857141
True,0.00458629,30,2901,6541.234854315798
True,0.00458532,30,2902,6542.618617675538
True,0.00461026,30,2903,6507.2251890348925
True,0.00459271,30,2904,6532.091074768492
True,0.00459666,30,2905,6526.477920925194
True,0.00458329,30,2906,6545.516430337159
True,0.00459295,30,2907,6531.749746894697
True,0.00458349,30,2908,6545.230817564781
True,0.00458243,30,2909,6546.74484934849
True,0.00462296,30,2910,6489.34881547753
True,0.00459567,30,2911,6527.883855890436
True,0.00458627,30,2912,6541.263379609138
True,0.00458878,30,2913,6537.685397861741
True,0.00458617,30,2914,6541.406009807749
True,0.00458565,30,2915,6542.147787118511
True,0.00459195,30,2916,6533.17218175285
True,0.00458185,30,2917,6547.573578358087
True,0.00458908,30,2918,6537.258012499237
True,0.00458152,30,2919,6548.045190242539
True,0.00457783,30,2920,6553.323299467215
True,0.00458676,30,2921,6540.564581534679
True,0.00458539,30,2922,6542.518738864088
True,0.00459893,30,2923,6523.256496619866
True,0.00467628,30,2924,6415.355795632427
True,0.00468474,30,2925,6403.770540094008
True,0.00465969,30,2926,6438.196532387347
True,0.00463967,30,2927,6465.977106130393
True,0.00463929,30,2928,6466.506728400251
True,0.00470935,30,2929,6370.305880854045
True,0.00468721,30,2930,6400.395971164083
True,0.0046619,30,2931,6435.144468993329
True,0.00464638,30,2932,6456.639362256207
True,0.00466296,30,2933,6433.681609964487
True,0.00469039,30,2934,6396.056617893181
True,0.00471919,30,2935,6357.023133207182
True,0.00468433,30,2936,6404.331035601676
True,0.00469517,30,2937,6389.545000500514
True,0.00467897,30,2938,6411.667525117708
True,0.00462068,30,2939,6492.5508799570625
True,0.00459537,30,2940,6528.310016386059
True,0.00461245,30,2941,6504.1355461847825
True,0.00458942,30,2942,6536.773709967708
True,0.00459844,30,2943,6523.9516009777235
True,0.00459298,30,2944,6531.707083418609
True,0.00459317,30,2945,6531.4368943453
True,0.00459659,30,2946,6526.5773105715325
True,0.00458751,30,2947,6539.495281754153
True,0.00461204,30,2948,6504.7137492302745
True,0.0046068,30,2949,6512.112529304506
True,0.00473327,30,2950,6338.11297475107
True,0.00458828,30,2951,6538.397830995493
True,0.00459114,30,2952,6534.324808217568
True,0.0045916,30,2953,6533.670180329296
True,0.00461147,30,2954,6505.517763316252
True,0.00461305,30,2955,6503.289580646211
True,0.00459596,30,2956,6527.471953628839
True,0.00458891,30,2957,6537.500190677089
True,0.00458354,30,2958,6545.159418266231
True,0.00458834,30,2959,6538.312330821169
True,0.00458614,30,2960,6541.448800080242
True,0.00460968,30,2961,6508.043942312699
True,0.00458604,30,2962,6541.591438365125
True,0.00458001,30,2963,6550.204038855811
True,0.0045833,30,2964,6545.502149106539
True,0.00458808,30,2965,6538.682847727155
True,0.00458831,30,2966,6538.355080628816
True,0.0045832,30,2967,6545.644964217141
True,0.00459891,30,2968,6523.284865326784
True,0.00458035,30,2969,6549.71781632408
True,0.00458907,30,2970,6537.27225777772
True,0.00459058,30,2971,6535.121923591354
True,0.00459152,30,2972,6533.784019235461
True,0.00458984,30,2973,6536.175552960452
True,0.00458911,30,2974,6537.215277036287
True,0.00459853,30,2975,6523.823917643247
True,0.00458096,30,2976,6548.84565680556
True,0.00458849,30,2977,6538.098590168008
True,0.00460785,30,2978,6510.628601191444
True,0.00458776,30,2979,6539.1389261862005
True,0.00459265,30,2980,6532.176412310975
True,0.00459958,30,2981,6522.334647946117
True,0.00459038,30,2982,6535.40665478675
True,0.00458372,30,2983,6544.902393688968
True,0.00459371,30,2984,6530.669110588174
True,0.00459218,30,2985,6532.844966878475
True,0.00459563,30,2986,6527.940674075154
True,0.00458913,30,2987,6537.186787038066
True,0.00459978,30,2988,6522.051054615655
True,0.00458221,30,2989,6547.059170138427
True,0.00458364,30,2990,6545.016624342226
True,0.0045835,30,2991,6545.216537580452
True,0.00458626,30,2992,6541.277642349103
True,0.00458931,30,2993,6536.930388228296
True,0.00457858,30,2994,6552.249824181297
True,0.00459228,30,2995,6532.702709765084
True,0.00458993,30,2996,6536.047390700947
True,0.00458498,30,2997,6543.103786712265
True,0.00458088,30,2998,6548.960025148007
True,0.00458787,30,2999,6538.98214203977
True,0.00458722,30,3000,6539.908702874507
True,0.00460887,30,3001,6509.187718464613
True,0.00460021,30,3002,6521.441412457257
True,0.00458346,30,3003,6545.2736578916365
True,0.00458804,30,3004,6538.739854055327
True,0.0045801,30,3005,6550.075325866247
True,0.004591,30,3006,6534.524068830321
True,0.00458557,30,3007,6542.261921636787
True,0.00458363,30,3008,6545.030903454249
True,0.0045982,30,3009,6524.292114305597
True,0.00458401,30,3010,6544.48834099402
True,0.00458747,30,3011,6539.552302249388
True,0.0045842,30,3012,6544.217093495048
True,0.00458977,30,3013,6536.275238192764
True,0.00459684,30,3014,6526.2223614483
True,0.00460426,30,3015,6515.70502100229
True,0.00458884,30,3016,6537.599916318721
True,0.00459126,30,3017,6534.154023078632
True,0.00458563,30,3018,6542.176320374735
True,0.00458715,30,3019,6540.008502011053
True,0.00457922,30,3020,6551.334069994453
True,0.00458777,30,3021,6539.124672771303
True,0.00459564,30,3022,6527.926469436248
True,0.00460393,30,3023,6516.172053006888
True,0.00457933,30,3024,6551.176700521692
True,0.00458578,30,3025,6541.9623270196125
True,0.00458373,30,3026,6544.888115137672
True,0.00461097,30,3027,6506.2232024931845
True,0.00461637,30,3028,6498.612546221382
True,0.00462235,30,3029,6490.205198654365
True,0.00457792,30,3030,6553.194463861317
True,0.0045832,30,3031,6545.644964217141
True,0.00458425,30,3032,6544.145716311284
True,0.00458449,30,3033,6543.803127501641
True,0.00458024,30,3034,6549.87511571446
True,0.00458596,30,3035,6541.705553471901
True,0.00460718,30,3036,6511.57541055483
True,0.0045842,30,3037,6544.217093495048
True,0.00458967,30,3038,6536.417650942225
True,0.00459833,30,3039,6524.107665174095
True,0.00459003,30,3040,6535.9049940850055
True,0.00458778,30,3041,6539.110419418543
True,0.00459355,30,3042,6530.896583252604
True,0.00458751,30,3043,6539.495281754153
True,0.00458318,30,3044,6545.673527987118
True,0.00458719,30,3045,6539.951473560067
True,0.00460958,30,3046,6508.185127495346
True,0.00458637,30,3047,6541.12075563027
True,0.00458475,30,3048,6543.432030099787
True,0.00459327,30,3049,6531.294698548093
True,0.00458934,30,3050,6536.887657048726
True,0.00458866,30,3051,6537.856367654174
True,0.00458752,30,3052,6539.481026785714
True,0.00458272,30,3053,6546.330563508134
True,0.00458084,30,3054,6549.01721081723
True,0.00458479,30,3055,6543.374941927547
True,0.00459924,30,3056,6522.8168132126175
True,0.00458839,30,3057,6538.241082384016
True,0.00458711,30,3058,6540.065531456625
True,0.00458048,30,3059,6549.531926784966
True,0.00458178,30,3060,6547.673611565811
True,0.0045968,30,3061,6526.27915071354
True,0.00458947,30,3062,6536.702495059342
True,0.00459473,30,3063,6529.219344771074
True,0.00458104,30,3064,6548.731292457608
True,0.00459001,30,3065,6535.933472911824
True,0.00457996,30,3066,6550.275548258063
True,0.00458234,30,3067,6546.8734314782405
True,0.00459041,30,3068,6535.363943525742
True,0.00461417,30,3069,6501.711033620348
True,0.00460256,30,3070,6518.111659598137
True,0.00459253,30,3071,6532.347094085395
True,0.00459284,30,3072,6531.9061844087755
True,0.00459426,30,3073,6529.887294145303
True,0.00459225,30,3074,6532.745386248571
True,0.00459647,30,3075,6526.747699865331
True,0.00460873,30,3076,6509.385448919767
True,0.00459811,30,3077,6524.419815967865
True,0.00459081,30,3078,6534.794513386527
True,0.0045971,30,3079,6525.853255313133
True,0.00458795,30,3080,6538.868121928093
True,0.0045972,30,3081,6525.711302531976
True,0.00459063,30,3082,6535.050744669033
True,0.00460196,30,3083,6518.96148597554
True,0.00486049,30,3084,6172.217204438235
True,0.00489865,30,3085,6124.136241617589
True,0.00490227,30,3086,6119.613974750472
True,0.0048933,30,3087,6130.831953896144
True,0.00490197,30,3088,6119.98849442163
True,0.00489408,30,3089,6129.854845037269
True,0.00489633,30,3090,6127.038006016752
True,0.00491691,30,3091,6101.3929480100305
True,0.00491444,30,3092,6104.459511154882
True,0.00489719,30,3093,6125.96203128733
True,0.00488643,30,3094,6139.451501402865
True,0.00489016,30,3095,6134.768596528539
True,0.00489216,30,3096,6132.26059654631
True,0.00490714,30,3097,6113.540677461821
True,0.00489316,30,3098,6131.007365383515
True,0.00490083,30,3099,6121.412087340307
True,0.00490401,30,3100,6117.4426642686285
True,0.00466536,30,3101,6430.371932712587
True,0.00459148,30,3102,6533.840940176152
True,0.00459015,30,3103,6535.73412633574
True,0.0045851,30,3104,6542.932542365488
True,0.0045901,30,3105,6535.805320145531
True,0.00458985,30,3106,6536.161312461191
True,0.00458476,30,3107,6543.417757963339
True,0.00459732,30,3108,6525.540967346193
True,0.0045843,30,3109,6544.0743406845095
True,0.00458888,30,3110,6537.54292986524
True,0.0045904,30,3111,6535.378180550715
True,0.00458367,30,3112,6544.973787379982
True,0.00461815,30,3113,6496.10774877386
True,0.00458292,30,3114,6546.044879683695
True,0.00473946,30,3115,6329.83504449874
True,0.00458787,30,3116,6538.98214203977
True,0.00458203,30,3117,6547.316364144277
True,0.00458754,30,3118,6539.452517035274
True,0.00458576,30,3119,6541.990858658106
True,0.00458781,30,3120,6539.067659733075
True,0.00459751,30,3121,6525.2712881538055
True,0.00457921,30,3122,6551.348376685061
True,0.00457773,30,3123,6553.466456081944
True,0.0045844,30,3124,6543.931594101737
True,0.00458292,30,3125,6546.044879683695
True,0.00458254,30,3126,6546.587700271029
True,0.00457532,30,3127,6556.918423192258
True,0.0045961,30,3128,6527.273122865038
True,0.00457316,30,3129,6560.015394169459
True,0.00457276,30,3130,6560.589228387232
True,0.00457859,30,3131,6552.2355135533
True,0.00458203,30,3132,6547.316364144277
True,0.00457955,30,3133,6550.861984256095
True,0.00458289,30,3134,6546.087730667767
True,0.00461836,30,3135,6495.812366294528
True,0.00458469,30,3136,6543.517664225935
True,0.00458396,30,3137,6544.559725652057
True,0.004584,30,3138,6544.502617801047
True,0.00458054,30,3139,6549.4461351718355
True,0.00457918,30,3140,6551.3912971318005
True,0.00457969,30,3141,6550.661726012023
True,0.0045982,30,3142,6524.292114305597
True,0.00458999,30,3143,6535.961951986823
True,0.00457675,30,3144,6554.869721964275
True,0.00457624,30,3145,6555.600230757129
True,0.00457631,30,3146,6555.499955204084
True,0.00457803,30,3147,6553.0370049999665
True,0.00457885,30,3148,6551.863459165511
True,0.00459753,30,3149,6525.242902167033
True,0.00458444,30,3150,6543.874497212309
True,0.0045838,30,3151,6544.7881670229945
True,0.00458592,30,3152,6541.762612518317
True,0.00458143,30,3153,6548.173823456868
True,0.0045774,30,3154,6553.938917289292
True,0.00463095,30,3155,6478.1524309267
True,0.00459484,30,3156,6529.063035927257
True,0.00459248,30,3157,6532.418214123959
True,0.00461725,30,3158,6497.373978017218
True,0.0045848,30,3159,6543.360670040132
True,0.00458018,30,3160,6549.9609185665195
True,0.00458258,30,3161,6546.530557022463
True,0.00459794,30,3162,6524.661043858771
True,0.00458897,30,3163,6537.41471397721
True,0.00458935,30,3164,6536.873413446348
True,0.00458721,30,3165,6539.922959707534
True,0.00458151,30,3166,6548.05948257234
True,0.00457695,30,3167,6554.583292367188
True,0.0045858,30,3168,6541.933795629988
True,0.00459923,30,3169,6522.830995623181
True,0.00457838,30,3170,6552.536049869168
True,0.00458098,30,3171,6548.817065344097
True,0.00458855,30,3172,6538.013097819572
True,0.00458461,30,3173,6543.631846547471
True,0.00458177,30,3174,6547.687902273576
True,0.00458816,30,3175,6538.568838052727
True,0.00459697,30,3176,6526.037803161648
True,0.00458766,30,3177,6539.281463752763
True,0.00459084,30,3178,6534.751810126252
True,0.00458732,30,3179,6539.766137962907
True,0.00457655,30,3180,6555.156176595907
True,0.00459712,30,3181,6525.824864262843
True,0.00457598,30,3182,6555.972709670933
True,0.00459093,30,3183,6534.623703694023
True,0.00458488,30,3184,6543.246497182041
True,0.00459129,30,3185,6534.11132818881
True,0.00458728,30,3186,6539.823163181668
True,0.00458587,30,3187,6541.833937726103
True,0.0045844,30,3188,6543.931594101737
True,0.00459329,30,3189,6531.266260131627
True,0.00458241,30,3190,6546.773422718613
True,0.00457766,30,3191,6553.566669433729
True,0.00458742,30,3192,6539.623579266778
True,0.00457592,30,3193,6556.058672354412
True,0.00457263,30,3194,6560.775746124222
True,0.00457979,30,3195,6550.518691905087
True,0.00459515,30,3196,6528.622569448223
True,0.00461052,30,3197,6506.858228572916
True,0.00462075,30,3198,6492.452523940919
True,0.00460111,30,3199,6520.165786082054
True,0.00456382,30,3200,6573.440670315657
True,0.00456898,30,3201,6566.016922814282
True,0.00457441,30,3202,6558.2228090617145
True,0.00459716,30,3203,6525.768082903357
True,0.00457442,30,3204,6558.208472330918
True,0.0045694,30,3205,6565.413402197224
True,0.0045701,30,3206,6564.407781011357
True,0.00457408,30,3207,6558.695956345319
True,0.00456726,30,3208,6568.489641491835
True,0.00457473,30,3209,6557.764064764478
True,0.00458476,30,3210,6543.417757963339
True,0.00457302,30,3211,6560.216224726767
True,0.00456449,30,3212,6572.475785903792
True,0.00457395,30,3213,6558.882366444757
True,0.00456768,30,3214,6567.885666246321
True,0.00456963,30,3215,6565.082949823071
True,0.00457534,30,3216,6556.889761198076
True,0.00459007,30,3217,6535.848037175904
True,0.00457541,30,3218,6556.789446191707
True,0.00457906,30,3219,6551.562984542678
True,0.00457005,30,3220,6564.47960087964
True,0.00457527,30,3221,6556.99007927401
True,0.00457076,30,3222,6563.459906011254
True,0.0045725,30,3223,6560.962274466921
True,0.00458041,30,3224,6549.6320198410185
True,0.00457042,30,3225,6563.948171065241
True,0.00459523,30,3226,6528.508910326578
True,0.00457676,30,3227,6554.855399889879
True,0.00456423,30,3228,6572.850185025733
True,0.00457035,30,3229,6564.048705241393
True,0.00457154,30,3230,6562.340042961453
True,0.00458305,30,3231,6545.859198568639
True,0.00457537,30,3232,6556.846768676633
True,0.00457367,30,3233,6559.283901112236
True,0.0045697,30,3234,6564.982383963936
True,0.00456879,30,3235,6566.289980498119
True,0.00457182,30,3236,6561.938134047273
True,0.00457731,30,3237,6554.067782169003
True,0.00458483,30,3238,6543.317854751431
True,0.00457456,30,3239,6558.007764681193
True,0.0045702,30,3240,6564.264145989235
True,0.00458003,30,3241,6550.175435532082
True,0.00458092,30,3242,6548.902840477459
True,0.00458228,30,3243,6546.959155704147
True,0.00458119,30,3244,6548.516870070877
True,0.00459655,30,3245,6526.634106014294
True,0.0045793,30,3246,6551.219618719018
True,0.00457532,30,3247,6556.918423192258
True,0.00457122,30,3248,6562.7994277238895
True,0.00460402,30,3249,6516.044674002284
True,0.00457609,30,3250,6555.815117272607
True,0.00457794,30,3251,6553.165834414605
True,0.00458799,30,3252,6538.811113363368
True,0.00458368,30,3253,6544.959508517174
True,0.00457125,30,3254,6562.756357670221
True,0.00457639,30,3255,6555.38535832829
True,0.00458651,30,3256,6540.921092508247
True,0.00457957,30,3257,6550.83337518588
True,0.00457988,30,3258,6550.389966549343
True,0.00459326,30,3259,6531.308917849196
True,0.00457764,30,3260,6553.595302382887
True,0.00457688,30,3261,6554.683539878694
True,0.00458291,30,3262,6546.059163282718
True,0.00458318,30,3263,6545.673527987118
True,0.00458105,30,3264,6548.716997194967
True,0.00458885,30,3265,6537.585669612212
True,0.00458177,30,3266,6547.687902273576
True,0.00458025,30,3267,6549.860815457671
True,0.00457919,30,3268,6551.376990253734
True,0.00458437,30,3269,6543.974417422678
True,0.00457673,30,3270,6554.89836630083
True,0.00458143,30,3271,6548.173823456868
True,0.00461829,30,3272,6495.910824136206
True,0.00457899,30,3273,6551.66313968801
True,0.00458011,30,3274,6550.061024735213
True,0.00457656,30,3275,6555.141853269704
True,0.00456822,30,3276,6567.1092898328025
True,0.00457453,30,3277,6558.05077242908
True,0.00457756,30,3278,6553.709836681552
True,0.00458933,30,3279,6536.9019007131765
True,0.00458333,30,3280,6545.459305788586
True,0.0045839,30,3281,6544.645389297323
True,0.00458363,30,3282,6545.030903454249
True,0.00457871,30,3283,6552.0637908930685
True,0.00458194,30,3284,6547.444968725038
True,0.00458278,30,3285,6546.244855742584
True,0.00459512,30,3286,6528.665192639147
True,0.00459141,30,3287,6533.940554208838
True,0.00458892,30,3288,6537.48594440522
True,0.0045895,30,3289,6536.659766859135
True,0.00459051,30,3290,6535.221576687558
True,0.00458096,30,3291,6548.84565680556
True,0.00457774,30,3292,6553.45214013902
True,0.00459586,30,3293,6527.6139830195
True,0.00459976,30,3294,6522.079412838932
True,0.00457976,30,3295,6550.5616014812995
True,0.00458724,30,3296,6539.88018939493
True,0.00458253,30,3297,6546.601986239043
True,0.00457818,30,3298,6552.822300564853
True,0.00457639,30,3299,6555.38535832829
True,0.00459306,30,3300,6531.593316873717
True,0.00457965,30,3301,6550.7189414038185
True,0.00457998,30,3302,6550.246944309801
True,0.00457946,30,3303,6550.990728164456
True,0.0045755,30,3304,6556.660474265108
True,0.00457342,30,3305,6559.642455755212
True,0.00457185,30,3306,6561.895075297746
True,0.00459966,30,3307,6522.221207654478
True,0.00457646,30,3308,6555.285089348536
True,0.00457996,30,3309,6550.275548258063
True,0.00457824,30,3310,6552.736422730132
True,0.00457781,30,3311,6553.351930289811
True,0.00458304,30,3312,6545.873481357352
True,0.00458809,30,3313,6538.668596300421
True,0.00458097,30,3314,6548.831361043622
True,0.00458571,30,3315,6542.062188843168
True,0.00458248,30,3316,6546.673417014368
True,0.00461155,30,3317,6505.404907243768
True,0.00458299,30,3318,6545.944896235863
True,0.0047577,30,3319,6305.567816381865
True,0.00490137,30,3320,6120.737671304145
True,0.00482386,30,3321,6219.085960206142
True,0.00458521,30,3322,6542.775576254959
True,0.00458748,30,3323,6539.538047032358
True,0.00458954,30,3324,6536.602796794451
True,0.00458845,30,3325,6538.155586309103
True,0.00460631,30,3326,6512.805260609903
True,0.00459386,30,3327,6530.455869356054
True,0.00459171,30,3328,6533.513658310303
True,0.0045909,30,3329,6534.666405280011
True,0.00459278,30,3330,6531.991517120349
True,0.00459321,30,3331,6531.380015283428
True,0.00458901,30,3332,6537.357730752385
False,0.00154723,10,3333,6463.163201333998
