complete,duration_s,n,passage,throughput_ips
True,0.00769477,30,0,3898.752009481765
True,0.00733418,30,1,4090.4368313840127
True,0.00778443,30,2,3853.846717100674
True,0.00801457,30,3,3743.1827284558
True,0.00801038,30,4,3745.140679967742
True,0.00802015,30,5,3740.578418109387
True,0.00801719,30,6,3741.95946460044
True,0.00801478,30,7,3743.0846511070795
True,0.00801376,30,8,3743.5610749510843
True,0.00800675,30,9,3746.838604927093
True,0.00800667,30,10,3746.876042099899
True,0.00800201,30,11,3749.058049165147
True,0.00801116,30,12,3744.776037427788
True,0.00800719,30,13,3746.6327138484285
True,0.00801523,30,14,3742.8745026655506
True,0.00926338,30,15,3238.5587118308868
True,0.00800432,30,16,3747.9760929098284
True,0.00798191,30,17,3758.498905650402
True,0.00799041,30,18,3754.5007077233836
True,0.007987,30,19,3756.10366846125
True,0.00798923,30,20,3755.0552431210517
True,0.00798643,30,21,3756.3717455734295
True,0.00798453,30,22,3757.2656123779357
True,0.00797818,30,23,3760.2560985086825
True,0.00854176,30,24,3512.1567452141007
True,0.0080188,30,25,3741.2081608220683
True,0.00801838,30,26,3741.404124025052
True,0.00801618,30,27,3742.4309334371237
True,0.00805038,30,28,3726.5321636991052
True,0.00801814,30,29,3741.5161122155514
True,0.00802615,30,30,3737.7821246799526
True,0.00802377,30,31,3738.8908206491465
True,0.00801682,30,32,3742.1321671186333
True,0.00801098,30,33,3744.8601794037686
True,0.00800841,30,34,3746.061952372568
True,0.00800886,30,35,3745.8514694975315
True,0.00800734,30,36,3746.562528879753
True,0.00800828,30,37,3746.122762940357
True,0.00799987,30,38,3750.060938490251
True,0.00800565,30,39,3747.353431638905
True,0.00801453,30,40,3743.201410438291
True,0.00803662,30,41,3732.9125926073402
True,0.00802088,30,42,3740.2379788751364
True,0.00801303,30,43,3743.9021194229895
True,0.00800621,30,44,3747.0913203625687
True,0.00800756,30,45,3746.4595956820804
True,0.00800962,30,46,3745.4960410106846
True,0.00799969,30,47,3750.1453181310776
True,0.00800717,30,48,3746.642072042932
True,0.0080087,30,49,3745.9263051431567
True,0.00801178,30,50,3744.486244005702
True,0.00800311,30,51,3748.5427540043806
True,0.00801019,30,52,3745.2295139066614
True,0.0080096,30,53,3745.5053935277665
True,0.00803863,30,54,3731.9792054118675
True,0.00811997,30,55,3694.594930769448
True,0.00801677,30,56,3742.155506519459
True,0.00801958,30,57,3740.84428361585
True,0.0079635,30,58,3767.1877943115464
True,0.00802751,30,59,3737.148879291337
True,0.00801963,30,60,3740.8209605680063
True,0.00802268,30,61,3739.398804389555
True,0.00802683,30,62,3737.465475162673
True,0.00801722,30,63,3741.9454623922006
True,0.00801796,30,64,3741.6001077580836
True,0.00812935,30,65,3690.331945358485
True,0.00802391,30,66,3738.825585032733
True,0.00816332,30,67,3674.9753776649695
True,0.00802736,30,68,3737.218712004943
True,0.00801626,30,69,3742.393585038409
True,0.00801929,30,70,3740.979563028647
True,0.00800758,30,71,3746.4502383991166
True,0.0080153,30,72,3742.8418150287575
True,0.00800462,30,73,3747.835624926605
True,0.00802134,30,74,3740.0234873475006
True,0.00800494,30,75,3747.68580401602
True,0.00801999,30,76,3740.6530432082836
True,0.0080179,30,77,3741.628107110341
True,0.00802082,30,78,3740.265957844709
True,0.00800726,30,79,3746.5999605358134
True,0.00803248,30,80,3734.836563551979
True,0.00800556,30,81,3747.3955600857403
True,0.0080145,30,82,3743.2154220475386
True,0.00800145,30,83,3749.3204356710344
True,0.00800737,30,84,3746.5484922015594
True,0.00800727,30,85,3746.5952815379023
True,0.00801481,30,86,3743.070640476817
True,0.00800486,30,87,3747.7232581206913
True,0.00802501,30,88,3738.3130986752662
True,0.00801193,30,89,3744.4161394320718
True,0.00801049,30,90,3745.089251718684
True,0.00800112,30,91,3749.475073489711
True,0.00809774,30,92,3704.7373711677574
True,0.0080456,30,93,3728.746146962315
True,0.00799703,30,94,3751.3927045415608
True,0.00801295,30,95,3743.9394979377134
True,0.00800427,30,96,3747.9995052640647
True,0.00801244,30,97,3744.177803515534
True,0.00800813,30,98,3746.1929314334307
True,0.0080119,30,99,3744.430160136796
True,0.00800741,30,100,3746.5297767942448
True,0.00800065,30,101,3749.6953372538483
True,0.00799894,30,102,3750.4969408446623
True,0.00800138,30,103,3749.353236566692
True,0.00814485,30,104,3683.309084881858
True,0.00811381,30,105,3697.3998651681513
True,0.0080498,30,106,3726.8006658550526
True,0.00799847,30,107,3750.7173246883463
True,0.00801783,30,108,3741.6607735509483
True,0.00801033,30,109,3745.1640569115134
True,0.00800322,30,110,3748.491232279008
True,0.0082473,30,111,3637.5541086173653
True,0.00730992,30,112,4104.01208221157
True,0.00731207,30,113,4102.805361546047
True,0.00730272,30,114,4108.058367293283
True,0.00729309,30,115,4113.482762450484
True,0.00731504,30,116,4101.139569981846
True,0.007305,30,117,4106.776180698152
True,0.00730547,30,118,4106.5119697979735
True,0.00734327,30,119,4085.3734099386243
True,0.00729371,30,120,4113.133096873882
True,0.00731586,30,121,4100.679892726213
True,0.00731586,30,122,4100.679892726213
True,0.00730773,30,123,4105.241983488717
True,0.00731583,30,124,4100.696708370752
True,0.00730764,30,125,4105.292543146625
True,0.00728743,30,126,4116.677621603227
True,0.00730125,30,127,4108.885464817668
True,0.00730864,30,128,4104.730839116443
True,0.00730487,30,129,4106.849266311378
True,0.00730451,30,130,4107.051670817071
True,0.0073003,30,131,4109.420160815309
True,0.00729511,30,132,4112.343748072339
True,0.00729751,30,133,4110.991283328149
True,0.00732919,30,134,4093.2217612041713
True,0.00731451,30,135,4101.436733287671
True,0.00730868,30,136,4104.7083741523775
True,0.00733148,30,137,4091.9432365634225
True,0.00729628,30,138,4111.684310360896
True,0.0073027,30,139,4108.069618086462
True,0.00730495,30,140,4106.804290241548
True,0.00729861,30,141,4110.371700912914
True,0.00732211,30,142,4097.17963810978
True,0.00730728,30,143,4105.494794232601
True,0.00729703,30,144,4111.261705104679
True,0.00730883,30,145,4104.624132727126
True,0.00730826,30,146,4104.944268539981
True,0.00730989,30,147,4104.028925195865
True,0.00732765,30,148,4094.0820044625493
True,0.00729937,30,149,4109.9437348702695
True,0.00729608,30,150,4111.79701976952
True,0.00731103,30,151,4103.388988965988
True,0.00730887,30,152,4104.601668931038
True,0.00731097,30,153,4103.422664844747
True,0.00731442,30,154,4101.487199258451
True,0.00729176,30,155,4114.233052102647
True,0.00730976,30,156,4104.101913058705
True,0.00731133,30,157,4103.22061786296
True,0.00731041,30,158,4103.736999703163
True,0.00731064,30,159,4103.607892058698
True,0.00731037,30,160,4103.759454035842
True,0.00729019,30,161,4115.119084687779
True,0.00733165,30,162,4091.848356099923
True,0.00730464,30,163,4106.978577999737
True,0.0073025,30,164,4108.182129407737
True,0.00730601,30,165,4106.208450303244
True,0.00730772,30,166,4105.247601166985
True,0.00728695,30,167,4116.948792018608
True,0.00730581,30,168,4106.320859699335
True,0.0073037,30,169,4107.507153908293
True,0.00731077,30,170,4103.534921766107
True,0.00730318,30,171,4107.799616057662
True,0.00728201,30,172,4119.741664732676
True,0.00730912,30,173,4104.461275776017
True,0.00730521,30,174,4106.658124817767
True,0.00730057,30,175,4109.268180429747
True,0.00732744,30,176,4094.199338377387
True,0.00730425,30,177,4107.19786425711
True,0.00728289,30,178,4119.24387159493
True,0.00730562,30,179,4106.427654326396
True,0.00729803,30,180,4110.698366545493
True,0.00730385,30,181,4107.422797565668
True,0.00731397,30,182,4101.739547742197
True,0.00729661,30,183,4111.498353344909
True,0.00730244,30,184,4108.215884005894
True,0.00730797,30,185,4105.107163822512
True,0.00741165,30,186,4047.6816903118743
True,0.00803429,30,187,3733.995163231599
True,0.00802444,30,188,3738.5786422479323
True,0.00803645,30,189,3732.9915572174277
True,0.00806726,30,190,3718.7347376928474
True,0.0080435,30,191,3729.719649406353
True,0.00805004,30,192,3726.689556822078
True,0.00804048,30,193,3731.120530117605
True,0.00804402,30,194,3729.4785443099345
True,0.00783109,30,195,3830.8843341092997
True,0.00731228,30,196,4102.687533847172
True,0.0073242,30,197,4096.010485786844
True,0.00731165,30,198,4103.041037248774
True,0.00729442,30,199,4112.732746400673
True,0.00731623,30,200,4100.472511115698
True,0.0073074,30,201,4105.427374989737
True,0.00744644,30,202,4028.770795171921
True,0.00731596,30,203,4100.623841573765
True,0.00733023,30,204,4092.6410221780216
True,0.00729479,30,205,4112.524143943829
True,0.00730309,30,206,4107.850238734563
True,0.00731198,30,207,4102.855861203121
True,0.00731057,30,208,4103.647184829637
True,0.0073135,30,209,4102.003144869078
True,0.00731374,30,210,4101.868537847941
True,0.00729974,30,211,4109.735415233968
True,0.00730817,30,212,4104.9948208648675
True,0.00730833,30,213,4104.904950925861
True,0.00731072,30,214,4103.562986956142
True,0.00730715,30,215,4105.567834244542
True,0.00730671,30,216,4105.815065877802
True,0.00730282,30,217,4108.002114251755
True,0.00732947,30,218,4093.0653921770604
True,0.00730872,30,219,4104.68590943421
True,0.0073129,30,220,4102.339701076181
True,0.00730172,30,221,4108.620982453449
True,0.00729137,30,222,4114.453113749542
True,0.00730634,30,223,4106.022988254037
True,0.00731442,30,224,4101.487199258451
True,0.00730692,30,225,4105.697065247738
True,0.00731716,30,226,4099.951347244013
True,0.00730245,30,227,4108.210258201015
True,0.0072908,30,228,4114.77478466012
True,0.00730624,30,229,4106.079187105816
True,0.00730762,30,230,4105.303778795285
True,0.00730662,30,231,4105.865639652809
True,0.0073312,30,232,4092.0995198603227
True,0.00731446,30,233,4101.464769784782
True,0.00729278,30,234,4113.657617534054
True,0.00731197,30,235,4102.861472352868
True,0.00730594,30,236,4106.2477928918115
True,0.00731946,30,237,4098.66301612414
True,0.00730937,30,238,4104.320892224638
True,0.00730358,30,239,4107.574641477194
True,0.00730931,30,240,4104.354583401169
True,0.00730883,30,241,4104.624132727126
True,0.00730515,30,242,4106.691854376707
True,0.00730567,30,243,4106.399549938609
True,0.0073142,30,244,4101.610565748818
True,0.00730873,30,245,4104.680293293089
True,0.00729858,30,246,4110.388596137879
True,0.00732872,30,247,4093.4842646464863
True,0.00730963,30,248,4104.174903517688
True,0.00730306,30,249,4107.867113237465
True,0.00730905,30,250,4104.500584891333
True,0.00728975,30,251,4115.367468020165
True,0.00731028,30,252,4103.8099771828165
True,0.00730419,30,253,4107.231602682844
True,0.00732131,30,254,4097.627337184193
True,0.00731643,30,255,4100.360421681066
True,0.0073176,30,256,4099.70482125287
True,0.00730253,30,257,4108.165252316663
True,0.00731235,30,258,4102.648259451476
True,0.00730571,30,259,4106.377066705358
True,0.00731583,30,260,4100.696708370752
True,0.00733487,30,261,4090.052039095444
True,0.00730869,30,262,4104.7027579497835
True,0.00730622,30,263,4106.090427060778
True,0.00735949,30,264,4076.3694223376892
True,0.00735421,30,265,4079.29607666901
True,0.00734507,30,266,4084.3722387941843
True,0.00731848,30,267,4099.211858200064
True,0.00731818,30,268,4099.379900467056
True,0.00731442,30,269,4101.487199258451
True,0.00731746,30,270,4099.783258125088
True,0.00731247,30,271,4102.580933665369
True,0.00731672,30,272,4100.197902885446
True,0.00731645,30,273,4100.349213074646
True,0.00732302,30,274,4096.670499329512
True,0.00732973,30,275,4092.9202030634146
True,0.00732282,30,276,4096.782387113161
True,0.007328,30,277,4093.886462882096
True,0.00730682,30,278,4105.753255178039
True,0.00731538,30,279,4100.948959589249
True,0.00731799,30,280,4099.486334362305
True,0.00730585,30,281,4106.298377327758
True,0.00731626,30,282,4100.455697309828
True,0.00732395,30,283,4096.150301408393
True,0.00731758,30,284,4099.716026336576
True,0.00731055,30,285,4103.658411473829
True,0.00732925,30,286,4093.1882525497153
True,0.00730279,30,287,4108.018990002452
True,0.00732028,30,288,4098.2038938401265
True,0.00732572,30,289,4095.1606121992104
True,0.00732504,30,290,4095.540775203958
True,0.00731807,30,291,4099.441519417004
True,0.00730462,30,292,4106.989822879219
True,0.00732101,30,293,4097.7952495625605
True,0.00732739,30,294,4094.2272760150613
True,0.00732587,30,295,4095.076762213908
True,0.00731732,30,296,4099.861697998721
True,0.0073152,30,297,4101.049868766404
True,0.00732365,30,298,4096.318092754296
True,0.00732626,30,299,4094.8587683210803
True,0.00731663,30,300,4100.248338374361
True,0.00731533,30,301,4100.976989418113
True,0.00731485,30,302,4101.246095271947
True,0.0073417,30,303,4086.247054496915
True,0.00730909,30,304,4104.478122447527
True,0.00731514,30,305,4101.083506262355
True,0.0073201,30,306,4098.304667969017
True,0.0073275,30,307,4094.1658137154554
True,0.00731647,30,308,4100.338004529506
True,0.00732695,30,309,4094.4731436682387
True,0.00729434,30,310,4112.77785241708
True,0.00732634,30,311,4094.8140544937855
True,0.00732037,30,312,4098.153508634126
True,0.00732405,30,313,4096.0943740143775
True,0.00732241,30,314,4097.0117761775155
True,0.00732599,30,315,4095.009684697904
True,0.00730552,30,316,4106.483864256069
True,0.00732536,30,317,4095.361866174495
True,0.00735711,30,318,4077.6881139469165
True,0.00732466,30,319,4095.7532499802037
True,0.00732655,30,320,4094.696685343033
True,0.00732333,30,321,4096.497085342324
True,0.00731042,30,322,4103.731386158388
True,0.00732051,30,323,4098.075134109509
True,0.00732741,30,324,4094.2161009142383
True,0.00732106,30,325,4097.767263210519
True,0.00732514,30,326,4095.4848644531025
True,0.0073248,30,327,4095.6749672346
True,0.00730936,30,328,4104.326507382315
True,0.00732457,30,329,4095.803576182629
True,0.00731867,30,330,4099.1054385564585
True,0.00732686,30,331,4094.5234384170026
True,0.00772767,30,332,3882.1533528217433
True,0.00805801,30,333,3723.0035703604235
True,0.00804715,30,334,3728.027935355996
True,0.00805083,30,335,3726.323869712812
True,0.00804619,30,336,3728.4727305718607
True,0.00804583,30,337,3728.639556142747
True,0.00804923,30,338,3727.064576363205
True,0.00758547,30,339,3954.929622027376
True,0.00732617,30,340,4094.909072544044
True,0.00745074,30,341,4026.4456953269073
True,0.00732165,30,342,4097.437053123272
True,0.00732931,30,343,4093.1547444438834
True,0.00733259,30,344,4091.32380236724
True,0.00734891,30,345,4082.2380461864414
True,0.00734472,30,346,4084.566872528837
True,0.00731791,30,347,4099.531150287446
True,0.00732026,30,348,4098.2150907208215
True,0.00733127,30,349,4092.0604479169365
True,0.0073244,30,350,4095.8986401616517
True,0.0073288,30,351,4093.4395808317868
True,0.0073263,30,352,4094.836411285369
True,0.00731741,30,353,4099.811272021111
True,0.00732549,30,354,4095.2891888460704
True,0.0073256,30,355,4095.227694659823
True,0.00733315,30,356,4091.0113661932455
True,0.00732386,30,357,4096.200637368819
True,0.00732204,30,358,4097.218807873215
True,0.00730964,30,359,4104.169288774823
True,0.0073508,30,360,4081.1884420743318
True,0.00733146,30,361,4091.954399260175
True,0.00732485,30,362,4095.647009836379
True,0.00732453,30,363,4095.8259437806933
True,0.00732795,30,364,4093.9143962499747
True,0.00730686,30,365,4105.730779021358
True,0.00732473,30,366,4095.714108233341
True,0.00732765,30,367,4094.0820044625493
True,0.00733112,30,368,4092.144174423553
True,0.0073282,30,369,4093.7747332223466
True,0.00732649,30,370,4094.730218699541
True,0.00731445,30,371,4101.470377130201
True,0.00732856,30,372,4093.57363520255
True,0.007323,30,373,4096.6816878328555
True,0.00735045,30,374,4081.3827724833177
True,0.00732295,30,375,4096.709659358592
True,0.00732127,30,376,4097.6497247062325
True,0.00731335,30,377,4102.087278743667
True,0.00733037,30,378,4092.562858355035
True,0.00732568,30,379,4095.1829727752233
True,0.007322,30,380,4097.24119093144
True,0.00733011,30,381,4092.708022116994
True,0.00732506,30,382,4095.5295929316617
True,0.00731025,30,383,4103.826818508259
True,0.00733581,30,384,4089.5279457892175
True,0.00732621,30,385,4094.886714959031
True,0.00732534,30,386,4095.3730475309
True,0.00732307,30,387,4096.642528338524
True,0.0073365,30,388,4089.1433244735226
True,0.0073167,30,389,4100.209110664644
True,0.00733206,30,390,4091.619544848242
True,0.00732153,30,391,4097.504210185576
True,0.00731795,30,392,4099.508742202393
True,0.00732257,30,393,4096.92225543764
True,0.00731611,30,394,4100.539767718091
True,0.00730287,30,395,4107.973988308706
True,0.00731049,30,396,4103.692091774969
True,0.00731409,30,397,4101.6722517770495
True,0.00731937,30,398,4098.713413859389
True,0.00731374,30,399,4101.868537847941
True,0.00731528,30,400,4101.005019630144
True,0.00731586,30,401,4100.679892726213
True,0.00734517,30,402,4084.316632562623
True,0.00736514,30,403,4073.2423280480753
True,0.00735718,30,404,4077.6493167218964
True,0.00734586,30,405,4083.9329908274863
True,0.00731504,30,406,4101.139569981846
True,0.00730225,30,407,4108.322777226198
True,0.00731975,30,408,4098.500631852181
True,0.00732494,30,409,4095.596687481399
True,0.00732202,30,410,4097.229999371758
True,0.00732022,30,411,4098.237484665761
True,0.00732965,30,412,4092.9648755397598
True,0.0073021,30,413,4108.407170539982
True,0.00731201,30,414,4102.839027845968
True,0.00732346,30,415,4096.424367716899
True,0.00733677,30,416,4088.9928401735365
True,0.00731485,30,417,4101.246095271947
True,0.00730101,30,418,4109.020532775602
True,0.00731885,30,419,4099.004625043552
True,0.00731679,30,420,4100.158676140766
True,0.00731191,30,421,4102.895139573655
True,0.00731504,30,422,4101.139569981846
True,0.00731001,30,423,4103.961554088161
True,0.00729218,30,424,4113.996088961052
True,0.00732078,30,425,4097.923991705802
True,0.00731658,30,426,4100.276358626572
True,0.00731501,30,427,4101.156389396597
True,0.00731982,30,428,4098.461437576334
True,0.00730911,30,429,4104.466891317821
True,0.00729572,30,430,4111.999912277335
True,0.0073379,30,431,4088.363155671241
True,0.00731483,30,432,4101.257308782296
True,0.00731443,30,433,4101.481591867036
True,0.0073146,30,434,4101.386268558773
True,0.00730358,30,435,4107.574641477194
True,0.00729262,30,436,4113.747871135477
True,0.00730803,30,437,4105.073460289572
True,0.00730115,30,438,4108.941742054334
True,0.00730212,30,439,4108.395917897817
True,0.00730758,30,440,4105.3262502771095
True,0.0073014,30,441,4108.801051853069
True,0.00730206,30,442,4108.429676009236
True,0.00730895,30,443,4104.5567420764955
True,0.00731641,30,444,4100.3716303487645
True,0.00733151,30,445,4091.9264926324863
True,0.00730801,30,446,4105.08469473906
True,0.00729179,30,447,4114.216125258681
True,0.0073085,30,448,4104.809468427174
True,0.00729461,30,449,4112.625623576861
True,0.00730581,30,450,4106.320859699335
True,0.00730501,30,451,4106.770558835648
True,0.00730457,30,452,4107.017935347324
True,0.00728306,30,453,4119.147720875566
True,0.00730402,30,454,4107.327197899239
True,0.00729731,30,455,4111.103954744967
True,0.00730464,30,456,4106.978577999737
True,0.00730067,30,457,4109.211894250801
True,0.00730611,30,458,4106.152247913048
True,0.00730787,30,459,4105.163337607264
True,0.00729572,30,460,4111.999912277335
True,0.00730143,30,461,4108.784169676351
True,0.00730225,30,462,4108.322777226198
True,0.00730408,30,463,4107.29345790298
True,0.00730504,30,464,4106.753693340488
True,0.00729447,30,465,4112.704555642837
True,0.00731136,30,466,4103.203781512605
True,0.0073052,30,467,4106.663746372446
True,0.00730841,30,468,4104.860017431972
True,0.00730634,30,469,4106.022988254037
True,0.00728851,30,470,4116.0676187588415
True,0.00730344,30,471,4107.653379777201
True,0.00729963,30,472,4109.797345892875
True,0.00732607,30,473,4094.9649675747028
True,0.00731406,30,474,4101.689075561316
True,0.0073064,30,475,4105.989269681375
True,0.00797807,30,476,3760.307944151906
True,0.0080523,30,477,3725.643604932752
True,0.008042,30,478,3730.4153195722456
True,0.00804745,30,479,3727.8889586142195
True,0.00816534,30,480,3674.0662360661036
True,0.00803615,30,481,3733.130914679293
True,0.00803199,30,482,3735.0644111857714
True,0.00803296,30,483,3734.613392821575
True,0.00803422,30,484,3734.027696528101
True,0.00804037,30,485,3731.171575437449
True,0.00805486,30,486,3724.4595188494895
True,0.00803831,30,487,3732.127773126441
True,0.00803649,30,488,3732.972977008619
True,0.00800881,30,489,3745.8748553155838
True,0.00761053,30,490,3941.906805439306
True,0.00729222,30,491,4113.973522466409
True,0.00730906,30,492,4104.494969257333
True,0.00730343,30,493,4107.659004056998
True,0.00730461,30,494,4106.995445342051
True,0.00731022,30,495,4103.84365997193
True,0.00730429,30,496,4107.175372281221
True,0.00730356,30,497,4107.585889620952
True,0.00731547,30,498,4100.8985068628535
True,0.00731444,30,499,4101.475984490952
True,0.00734327,30,500,4085.3734099386243
True,0.00732618,30,501,4094.903483124903
True,0.00731803,30,502,4099.463926767176
True,0.0073041,30,503,4107.282211360743
True,0.00731884,30,504,4099.010225664177
True,0.00731942,30,505,4098.685414964573
True,0.00731816,30,506,4099.391103774719
True,0.00732069,30,507,4097.974371268282
True,0.00732904,30,508,4093.305535240632
True,0.00731005,30,509,4103.939097543793
True,0.00731595,30,510,4100.629446620056
True,0.00732208,30,511,4097.196425059546
True,0.00731879,30,512,4099.038228996869
True,0.00732122,30,513,4097.677709452796
True,0.00733219,30,514,4091.5470002823167
True,0.00730001,30,515,4109.583411529573
True,0.00731431,30,516,4101.548881575979
True,0.00732439,30,517,4095.904232297843
True,0.00732164,30,518,4097.44264946105
True,0.00731211,30,519,4102.782917653044
True,0.00730905,30,520,4104.500584891333
True,0.00730395,30,521,4107.3665619288195
True,0.00730991,30,522,4104.017696524307
True,0.00731989,30,523,4098.422244050115
True,0.00731351,30,524,4101.997536066813
True,0.00730638,30,525,4106.000509144063
True,0.00729479,30,526,4112.524143943829
True,0.00731016,30,527,4103.877343313963
True,0.00730915,30,528,4104.444429242798
True,0.00733725,30,529,4088.7253398752937
True,0.00731679,30,530,4100.158676140766
True,0.00731073,30,531,4103.557373887424
True,0.00729419,30,532,4112.862428864617
True,0.00731365,30,533,4101.9190144455915
True,0.00731217,30,534,4102.7492522739485
True,0.00731335,30,535,4102.087278743667
True,0.00730903,30,536,4104.511816205433
True,0.00730316,30,537,4107.810865433593
True,0.00729715,30,538,4111.194096325278
True,0.00731155,30,539,4103.097154502123
True,0.00731023,30,540,4103.838046135347
True,0.00731111,30,541,4103.344088654117
True,0.0073042,30,542,4107.225979573396
True,0.00733393,30,543,4090.5762667492054
True,0.00729242,30,544,4113.860693706616
True,0.00730816,30,545,4105.000437866714
True,0.0073133,30,546,4102.11532413548
True,0.00730991,30,547,4104.017696524307
True,0.00731219,30,548,4102.738030603691
True,0.00730498,30,549,4106.787424469335
True,0.00730105,30,550,4108.99802083262
True,0.00730927,30,551,4104.377044492816
True,0.00730999,30,552,4103.972782452507
True,0.00731466,30,553,4101.352626096087
True,0.0073096,30,554,4104.1917478384585
True,0.00731133,30,555,4103.22061786296
True,0.00736589,30,556,4072.827587704948
True,0.00736682,30,557,4072.313426960344
True,0.00735006,30,558,4081.5993338829885
True,0.00730897,30,559,4104.54551051653
True,0.00731341,30,560,4102.053624779685
True,0.00729716,30,561,4111.188462360699
True,0.00730453,30,562,4107.040425598909
True,0.00734428,30,563,4084.8115812577953
True,0.00734479,30,564,4084.527944297931
True,0.00733857,30,565,4087.989894488981
True,0.00734737,30,566,4083.093678418264
True,0.00731141,30,567,4103.175721235712
True,0.00731871,30,568,4099.083035125042
True,0.00731512,30,569,4101.094718883627
True,0.00732131,30,570,4097.627337184193
True,0.00732726,30,571,4094.2999156574215
True,0.00731461,30,572,4101.380661443331
True,0.00730017,30,573,4109.493340566041
True,0.00731669,30,574,4100.214714577221
True,0.00731458,30,575,4101.397482835651
True,0.00731004,30,576,4103.944711656844
True,0.00730843,30,577,4104.848784212204
True,0.00732015,30,578,4098.276674658307
True,0.00730149,30,579,4108.7504057391025
True,0.00731781,30,580,4099.587171571823
True,0.00731729,30,581,4099.878506933578
True,0.00731347,30,582,4102.0199713679
True,0.00731085,30,583,4103.490018260531
True,0.00731712,30,584,4099.973760167935
True,0.00730721,30,585,4105.534123146865
True,0.00734063,30,586,4086.842682440063
True,0.00730945,30,587,4104.275971516325
True,0.00732029,30,588,4098.198295422722
True,0.00731041,30,589,4103.736999703163
True,0.00732037,30,590,4098.153508634126
True,0.00730654,30,591,4105.910595165427
True,0.00732062,30,592,4098.013556228844
True,0.0073143,30,593,4101.554489151388
True,0.00731502,30,594,4101.1507829096845
True,0.00731399,30,595,4101.728331594656
True,0.00732046,30,596,4098.103124667029
True,0.00730362,30,597,4107.552145374485
True,0.00731072,30,598,4103.562986956142
True,0.00731431,30,599,4101.548881575979
True,0.00733208,30,600,4091.6083839783523
True,0.00730663,30,601,4105.860020282948
True,0.00729716,30,602,4111.188462360699
True,0.00730553,30,603,4106.478243193855
True,0.00730638,30,604,4106.000509144063
True,0.00731346,30,605,4102.025580231519
True,0.00730703,30,606,4105.63525810076
True,0.00730622,30,607,4106.090427060778
True,0.00729248,30,608,4113.8268462854885
True,0.007308,30,609,4105.0903119868635
True,0.00731369,30,610,4101.896580248821
True,0.00730506,30,611,4106.742449754006
True,0.00730382,30,612,4107.439668557002
True,0.00731145,30,613,4103.153273290524
True,0.00731294,30,614,4102.317262277552
True,0.00730739,30,615,4105.432993175402
True,0.00730734,30,616,4105.461084334382
True,0.00731642,30,617,4100.366026007255
True,0.00731668,30,618,4100.220318505115
True,0.00743648,30,619,4034.166702525926
True,0.0072969,30,620,4111.334950458414
True,0.00730668,30,621,4105.831923664373
True,0.00731646,30,622,4100.3436087944165
True,0.00730882,30,623,4104.629748714567
True,0.00730885,30,624,4104.612900798347
True,0.00730033,30,625,4109.403273550648
True,0.00729593,30,626,4111.881555881156
True,0.00785647,30,627,3818.508821391795
True,0.00802687,30,628,3737.4468503912485
True,0.00802194,30,629,3739.743752758061
True,0.00801561,30,630,3742.697062357076
True,0.00801179,30,631,3744.4815702857913
True,0.00801618,30,632,3742.4309334371237
True,0.00801232,30,633,3744.2338798250694
True,0.00801081,30,634,3744.9396502975355
True,0.00800807,30,635,3746.2209995666867
True,0.00802099,30,636,3740.1866851847462
True,0.00802457,30,637,3738.5180763579856
True,0.00802408,30,638,3738.7463734160183
True,0.00803412,30,639,3734.074173649385
True,0.00802731,30,640,3737.2419901561047
True,0.00740899,30,641,4049.1349023281177
True,0.00732002,30,642,4098.34945806159
True,0.00731936,30,643,4098.719013684256
True,0.0073191,30,644,4098.864614501783
True,0.00731532,30,645,4100.982595429865
True,0.0073175,30,646,4099.760847283908
True,0.00770079,30,647,3895.7042069709732
True,0.00730649,30,648,4105.938692860731
True,0.00732264,30,649,4096.883091344105
True,0.00730098,30,650,4109.037416894718
True,0.00730397,30,651,4107.355314986234
True,0.00729435,30,652,4112.772214110922
True,0.00730123,30,653,4108.896720141675
True,0.00729458,30,654,4112.64253733594
True,0.00732661,30,655,4094.6631525357566
True,0.00730089,30,656,4109.088070084606
True,0.0072947,30,657,4112.57488313433
True,0.00728439,30,658,4118.395637795341
True,0.00730009,30,659,4109.538375554273
True,0.0072913,30,660,4114.492614485757
True,0.00729726,30,661,4111.132123564187
True,0.0072982,30,662,4110.602614343263
True,0.007303,30,663,4107.900862659181
True,0.00728483,30,664,4118.146888808661
True,0.00730128,30,665,4108.868581947275
True,0.00729643,30,666,4111.599782359319
True,0.00730541,30,667,4106.545696956091
True,0.00730117,30,668,4108.930486483673
True,0.0072767,30,669,4122.747948932895
True,0.00731229,30,670,4102.681923173178
True,0.00730782,30,671,4105.191425076152
True,0.0073047,30,672,4106.944843730749
True,0.00731305,30,673,4102.255556847006
True,0.00731113,30,674,4103.332863729684
True,0.00729835,30,675,4110.518130810388
True,0.00735171,30,676,4080.683269606663
True,0.00735811,30,677,4077.133937926995
True,0.00732576,30,678,4095.138251867383
True,0.0073144,30,679,4101.498414087279
True,0.0073132,30,680,4102.171416069573
True,0.00729556,30,681,4112.0900931525475
True,0.00729974,30,682,4109.735415233968
True,0.00731438,30,683,4101.509628977439
True,0.00734757,30,684,4082.982537083689
True,0.00731672,30,685,4100.197902885446
True,0.00731244,30,686,4102.597764904738
True,0.00730354,30,687,4107.597137826315
True,0.00731378,30,688,4101.846104203299
True,0.0073136,30,689,4101.947057536644
True,0.00731077,30,690,4103.534921766107
True,0.00730211,30,691,4108.401544211194
True,0.00731004,30,692,4103.944711656844
True,0.00729535,30,693,4112.208461554278
True,0.00731291,30,694,4102.33409135351
True,0.00730844,30,695,4104.843167625376
True,0.00729854,30,696,4110.411123320555
True,0.00731259,30,697,4102.513610088901
True,0.00731917,30,698,4098.825413264072
True,0.00730547,30,699,4106.5119697979735
True,0.00730123,30,700,4108.896720141675
True,0.00730224,30,701,4108.328403339249
True,0.0073004,30,702,4109.363870472851
True,0.00730026,30,703,4109.442677384093
True,0.0073034,30,704,4107.6758769888
True,0.0073008,30,705,4109.13872452334
True,0.00731153,30,706,4103.108378136997
True,0.00730326,30,707,4107.754619170069
True,0.00731474,30,708,4101.307770337701
True,0.00730713,30,709,4105.579071400126
True,0.00729819,30,710,4110.608246702264
True,0.00730212,30,711,4108.395917897817
True,0.0073298,30,712,4092.8811154465334
True,0.00731163,30,713,4103.052260576643
True,0.00731047,30,714,4103.703318664873
True,0.00731079,30,715,4103.523695797581
True,0.00730195,30,716,4108.491567321058
True,0.0073142,30,717,4101.610565748818
True,0.00737143,30,718,4069.7666531459977
True,0.00735432,30,719,4079.2350618412033
True,0.00735798,30,720,4077.205972291308
True,0.00734422,30,721,4084.8449529017375
True,0.00730531,30,722,4106.601910117435
True,0.00735826,30,723,4077.0508245155784
True,0.00731263,30,724,4102.491169387758
True,0.00732438,30,725,4095.909824449305
True,0.00734912,30,726,4082.121396847514
True,0.00731069,30,727,4103.57982625443
True,0.0072969,30,728,4111.334950458414
True,0.00731356,30,729,4101.969492285562
True,0.00731758,30,730,4099.716026336576
True,0.00730894,30,731,4104.5623578795285
True,0.00730675,30,732,4105.792589044377
True,0.00729929,30,733,4109.988779730631
True,0.00732141,30,734,4097.571369449327
True,0.0073072,30,735,4105.539741624699
True,0.00731158,30,736,4103.080319164941
True,0.00731514,30,737,4101.083506262355
True,0.00732162,30,738,4097.453842182468
True,0.00730195,30,739,4108.491567321058
True,0.00734169,30,740,4086.252620309493
True,0.00735276,30,741,4080.10053367715
True,0.00733467,30,742,4090.1635656409903
True,0.00733733,30,743,4088.680759894948
True,0.00733512,30,744,4089.912639466021
True,0.00731447,30,745,4101.459162454696
True,0.00732853,30,746,4093.5903926162546
True,0.00733026,30,747,4092.6242725360357
True,0.00733479,30,748,4090.0966489838156
True,0.00732795,30,749,4093.9143962499747
True,0.00733501,30,750,4089.973974132278
True,0.00731733,30,751,4099.856095051064
True,0.00733248,30,752,4091.3851793663266
True,0.00732564,30,753,4095.2053335954265
True,0.00733561,30,754,4089.639443754507
True,0.0073611,30,755,4075.4778497778866
True,0.00733053,30,756,4092.4735319274323
True,0.00731585,30,757,4100.685497925737
True,0.00746763,30,758,4017.3388344093105
True,0.00733234,30,759,4091.463298210394
True,0.00733522,30,760,4089.856882274833
True,0.00733452,30,761,4090.247214541647
True,0.00733387,30,762,4090.609732651383
True,0.00731566,30,763,4100.791999628195
True,0.00733489,30,764,4090.040886775398
True,0.00733696,30,765,4088.8869504535937
True,0.00733263,30,766,4091.3014839150483
True,0.00733423,30,767,4090.4089454516698
True,0.0073316,30,768,4091.8762616618474
True,0.00732217,30,769,4097.146064622919
True,0.0073251,30,770,4095.507228570258
True,0.00732702,30,771,4094.434026384533
True,0.00732616,30,772,4094.914661978444
True,0.00732494,30,773,4095.596687481399
True,0.00732559,30,774,4095.233284964078
True,0.0073026,30,775,4108.125872976748
True,0.00732294,30,776,4096.715253709575
True,0.0074726,30,777,4014.6669164681634
True,0.00802359,30,778,3738.974698358216
True,0.00802603,30,779,3737.838009576341
True,0.00803011,30,780,3735.9388601152414
True,0.00803774,30,781,3732.3924386705717
True,0.0080298,30,782,3736.083090487932
True,0.0080473,30,783,3727.9584456898588
True,0.00802451,30,784,3738.5460296018073
True,0.00781073,30,785,3840.8701875496913
True,0.00732693,30,786,4094.484320172296
True,0.0073228,30,787,4096.793576227673
True,0.00733359,30,788,4090.765914102097
True,0.00732489,30,789,4095.624644192609
True,0.00731966,30,790,4098.551025594084
True,0.00733334,30,791,4090.9053719042076
True,0.00733467,30,792,4090.1635656409903
True,0.00733019,30,793,4092.6633552472717
True,0.00733569,30,794,4089.594843838821
True,0.00731529,30,795,4100.999413557083
True,0.00733771,30,796,4088.469018263191
True,0.00736197,30,797,4074.996230628487
True,0.0073261,30,798,4094.948198905284
True,0.00734073,30,799,4086.787008921456
True,0.00733337,30,800,4090.888636465909
True,0.0073289,30,801,4093.383727435222
True,0.00733065,30,802,4092.40653966565
True,0.00732761,30,803,4094.104353261159
True,0.00732966,30,804,4092.9592914268874
True,0.00732739,30,805,4094.2272760150613
True,0.00733568,30,806,4089.600418775083
True,0.00730754,30,807,4105.348722004943
True,0.00733067,30,808,4092.395374501921
True,0.00732524,30,809,4095.4289552287705
True,0.00732197,30,810,4097.257978385599
True,0.00734549,30,811,4084.1387027958654
True,0.00732008,30,812,4098.315865400378
True,0.00730958,30,813,4104.202977462453
True,0.00732526,30,814,4095.4177735670814
True,0.00733223,30,815,4091.524679394945
True,0.00731052,30,816,4103.675251555293
True,0.00731928,30,817,4098.7638128340495
True,0.0073495,30,818,4081.910334036329
True,0.00731492,30,819,4101.20684846861
True,0.00732381,30,820,4096.228602325838
True,0.00731918,30,821,4098.819813148468
True,0.00732166,30,822,4097.43145680078
True,0.00732008,30,823,4098.315865400378
True,0.00731668,30,824,4100.220318505115
True,0.00732688,30,825,4094.5122616993863
True,0.00731776,30,826,4099.615182788175
True,0.00730519,30,827,4106.669367942518
True,0.00732263,30,828,4096.888686168767
True,0.0073553,30,829,4078.6915557489156
True,0.00735281,30,830,4080.0727884985467
True,0.00734504,30,831,4084.3889209589056
True,0.00733885,30,832,4087.8339249337428
True,0.00730743,30,833,4105.410520525
True,0.00731238,30,834,4102.631427797789
True,0.00730735,30,835,4105.455466071832
True,0.00731043,30,836,4103.72577262897
True,0.00729184,30,837,4114.187914161584
True,0.00731242,30,838,4102.6089858077075
True,0.00732902,30,839,4093.31670537125
True,0.00731009,30,840,4103.916641245183
True,0.00730106,30,841,4108.992392885417
True,0.00730527,30,842,4106.624395812886
True,0.00729907,30,843,4110.112658187961
True,0.0073106,30,844,4103.630344978524
True,0.00730587,30,845,4106.2871362342885
True,0.00730639,30,846,4105.994889405028
True,0.00731415,30,847,4101.638604622547
True,0.00731439,30,848,4101.504021524694
True,0.00729463,30,849,4112.614347814762
True,0.00730831,30,850,4104.91618445304
True,0.00730786,30,851,4105.168955070294
True,0.00730053,30,852,4109.2906953330785
True,0.0073331,30,853,4091.0392603401015
True,0.00729048,30,854,4114.95539388353
True,0.00730298,30,855,4107.912112589655
True,0.00730614,30,856,4106.135387495997
True,0.00729984,30,857,4109.679116254602
True,0.00730179,30,858,4108.581594376174
True,0.0073007,30,859,4109.195008697796
True,0.00729252,30,860,4113.804281647496
True,0.00731725,30,861,4099.900919061122
True,0.00731077,30,862,4103.534921766107
True,0.00730421,30,863,4107.220356479345
True,0.00730394,30,864,4107.37218542321
True,0.0073174,30,865,4099.816874846257
True,0.00728976,30,866,4115.361822611444
True,0.0073086,30,867,4104.75330432641
True,0.00733237,30,868,4091.4465582069643
True,0.00730651,30,869,4105.927453736463
True,0.00730183,30,870,4108.559087242514
True,0.00730438,30,871,4107.124766236148
True,0.00729801,30,872,4110.709631803738
True,0.00730996,30,873,4103.989625114228
True,0.00731222,30,874,4102.721198213401
True,0.00730676,30,875,4105.786969874473
True,0.00730721,30,876,4105.534123146865
True,0.00729123,30,877,4114.532115980432
True,0.00730926,30,878,4104.382659804139
True,0.00730732,30,879,4105.472320905613
True,0.00729877,30,880,4110.2815953921
True,0.00729814,30,881,4110.636408728799
True,0.00732088,30,882,4097.868015866945
True,0.00727954,30,883,4121.139522552249
True,0.00729861,30,884,4110.371700912914
True,0.00729288,30,885,4113.601211044197
True,0.00728801,30,886,4116.350005008226
True,0.00729039,30,887,4115.00619308432
True,0.00729688,30,888,4111.346219206017
True,0.00728186,30,889,4119.8265278376675
True,0.00729891,30,890,4110.202756301968
True,0.00729418,30,891,4112.868067418133
True,0.00729046,30,892,4114.966682486427
True,0.00729848,30,893,4110.444914557552
True,0.00727986,30,894,4120.958370078545
True,0.0072943,30,895,4112.800405796306
True,0.00731905,30,896,4098.892615844953
True,0.00742475,30,897,4040.5400855247653
True,0.00729,30,898,4115.22633744856
True,0.00730852,30,899,4104.798235484065
True,0.00728161,30,900,4119.967974115614
True,0.00729256,30,901,4113.78171725704
True,0.00729682,30,902,4111.380025819467
True,0.0072931,30,903,4113.477122211405
True,0.00729439,30,904,4112.749661040882
True,0.00729363,30,905,4113.178211672377
True,0.00729055,30,906,4114.915884261132
True,0.0072965,30,907,4111.560337147947
True,0.007302,30,908,4108.463434675431
True,0.00730323,30,909,4107.771492887394
True,0.00732454,30,910,4095.8203518582736
True,0.00730389,30,911,4107.400303126142
True,0.00729007,30,912,4115.186822623103
True,0.00731047,30,913,4103.703318664873
True,0.00730894,30,914,4104.5623578795285
True,0.00730659,30,915,4105.882497854676
True,0.00730861,30,916,4104.747688000864
True,0.00728948,30,917,4115.519899910556
True,0.00729614,30,918,4111.763206298125
True,0.00729147,30,919,4114.39668544203
True,0.00729473,30,920,4112.557969931718
True,0.00730374,30,921,4107.4846585448
True,0.00765248,30,922,3920.2977335452038
True,0.00803482,30,923,3733.748858095141
True,0.00806262,30,924,3720.874852095225
True,0.00804236,30,925,3730.2483350658263
True,0.00803055,30,926,3735.7341651568076
True,0.00804192,30,927,3730.4524292706224
True,0.0080382,30,928,3732.1788460103007
True,0.00803647,30,929,3732.982267089904
True,0.00803992,30,930,3731.38041174539
True,0.00803918,30,931,3731.723882286502
True,0.00804501,30,932,3729.0196034560554
True,0.00804277,30,933,3730.058176474026
True,0.00803605,30,934,3733.1773694787867
True,0.00803922,30,935,3731.705314694709
True,0.00803266,30,936,3734.752871402499
True,0.00805926,30,937,3722.4261284534805
True,0.00803664,30,938,3732.9033028728427
True,0.00803248,30,939,3734.836563551979
True,0.00757588,30,940,3959.93600743412
True,0.00730285,30,941,4107.98523863971
True,0.00729224,30,942,4113.962239311926
True,0.00732299,30,943,4096.687282107446
True,0.00731375,30,944,4101.862929413775
True,0.00730826,30,945,4104.944268539981
True,0.00731091,30,946,4103.456341276257
True,0.00731368,30,947,4101.902188775008
True,0.007293,30,948,4113.533525298231
True,0.00731909,30,949,4098.870214739811
True,0.00730766,30,950,4105.281307559465
True,0.00733338,30,951,4090.8830580169038
True,0.00733606,30,952,4089.3885818818276
True,0.0073147,30,953,4101.330198094249
True,0.00729071,30,954,4114.825579401732
True,0.00731452,30,955,4101.431126034245
True,0.00731988,30,956,4098.427843079395
True,0.00731548,30,957,4100.892901080995
True,0.0073133,30,958,4102.11532413548
True,0.0073101,30,959,4103.91102720893
True,0.007307,30,960,4105.652114410839
True,0.00731889,30,961,4098.9822227141
True,0.00731068,30,962,4103.585439384572
True,0.00731122,30,963,4103.282352329707
True,0.00730962,30,964,4104.180518275915
True,0.00729873,30,965,4110.304121401942
True,0.00734124,30,966,4086.503097569348
True,0.00731514,30,967,4101.083506262355
True,0.00735611,30,968,4078.2424406377827
True,0.00733233,30,969,4091.468878241978
True,0.00732156,30,970,4097.487420713618
True,0.00730084,30,971,4109.116211285276
True,0.00731224,30,972,4102.709976696608
True,0.00732643,30,973,4094.7637526052936
True,0.0073117,30,974,4103.012979197724
True,0.00730615,30,975,4106.129767387749
True,0.0073161,30,976,4100.545372534547
True,0.00730506,30,977,4106.742449754006
True,0.00732467,30,978,4095.7476582562763
True,0.00731731,30,979,4099.867300961692
True,0.00732742,30,980,4094.2105133867035
True,0.00731119,30,981,4103.299189324856
True,0.0073216,30,982,4097.465034965035
True,0.00733899,30,983,4087.7559446190826
True,0.00733534,30,984,4089.789975652117
True,0.00733392,30,985,4090.581844361542
True,0.00729445,30,986,4112.715831899595
True,0.00729706,30,987,4111.244802701362
True,0.00729512,30,988,4112.338110956365
True,0.00729594,30,989,4111.875920032237
True,0.00730374,30,990,4107.4846585448
True,0.00729839,30,991,4110.495602454788
True,0.00730338,30,992,4107.687125687011
True,0.00730432,30,993,4107.158503460965
True,0.00732779,30,994,4094.003785588834
True,0.00729202,30,995,4114.086357415366
True,0.00729704,30,996,4111.256070954798
True,0.00730162,30,997,4108.677252445348
True,0.00729109,30,998,4114.611121245246
True,0.00730342,30,999,4107.664628352197
True,0.00728693,30,1000,4116.960091561193
True,0.00730225,30,1001,4108.322777226198
True,0.00729299,30,1002,4113.539165691986
True,0.00728482,30,1003,4118.152541861021
True,0.00728863,30,1004,4115.999851824005
True,0.0072933,30,1005,4113.3643206778825
True,0.00727467,30,1006,4123.898403638928
True,0.00729166,30,1007,4114.289475921806
True,0.00731627,30,1008,4100.450092738513
True,0.00729622,30,1009,4111.718122534682
True,0.00729249,30,1010,4113.821205102784
True,0.0072866,30,1011,4117.146542969286
True,0.00727275,30,1012,4124.987109415283
True,0.00729229,30,1013,4113.934031696491
True,0.00728767,30,1014,4116.542049790948
True,0.00729689,30,1015,4111.340584824494
True,0.00729607,30,1016,4111.802655402154
True,0.00728929,30,1017,4115.627173565601
True,0.0072972,30,1018,4111.1659266567995
True,0.00729748,30,1019,4111.008183646957
True,0.00729977,30,1020,4109.718525378197
True,0.00729929,30,1021,4109.988779730631
True,0.00732012,30,1022,4098.293470598843
True,0.00728182,30,1023,4119.8491585894735
True,0.00729284,30,1024,4113.623773454511
True,0.00729602,30,1025,4111.830833797057
True,0.00730033,30,1026,4109.403273550648
True,0.00729426,30,1027,4112.822959422889
True,0.00730087,30,1028,4109.099326518621
True,0.00729639,30,1029,4111.622322819915
True,0.00730571,30,1030,4106.377066705358
True,0.00730684,30,1031,4105.742017068938
True,0.00730419,30,1032,4107.231602682844
True,0.00730791,30,1033,4105.140867908883
True,0.00728145,30,1034,4120.0585048307685
True,0.00729899,30,1035,4110.157706751208
True,0.00743606,30,1036,4034.3945584086196
True,0.00732002,30,1037,4098.34945806159
True,0.00729819,30,1038,4110.608246702264
True,0.0072924,30,1039,4113.871976304097
True,0.00727944,30,1040,4121.196135966503
True,0.00729259,30,1041,4113.764794126641
True,0.00729656,30,1042,4111.526527569156
True,0.00729971,30,1043,4109.752305228564
True,0.00730042,30,1044,4109.352612589412
True,0.00729376,30,1045,4113.104900627386
True,0.00728694,30,1046,4116.954441782147
True,0.00730141,30,1047,4108.795424445415
True,0.00730634,30,1048,4106.022988254037
True,0.00729747,30,1049,4111.013817117439
True,0.00729967,30,1050,4109.774825437315
True,0.00731816,30,1051,4099.391103774719
True,0.00728211,30,1052,4119.685091271624
True,0.00729124,30,1053,4114.5264728633265
True,0.00729646,30,1054,4111.582877176055
True,0.00728904,30,1055,4115.768331632149
True,0.00729503,30,1056,4112.388845556496
True,0.00727824,30,1057,4121.875618281343
True,0.00729053,30,1058,4114.927172647256
True,0.00729655,30,1059,4111.532162460341
True,0.00729399,30,1060,4112.9752028725015
True,0.00729686,30,1061,4111.357488015393
True,0.00729087,30,1062,4114.735278505857
True,0.00727867,30,1063,4121.632111361004
True,0.00729309,30,1064,4113.482762450484
True,0.00730781,30,1065,4105.197042616051
True,0.0073005,30,1066,4109.307581672489
True,0.00730543,30,1067,4106.534454508495
True,0.00734892,30,1068,4082.2324913048446
True,0.0073302,30,1069,4092.6577719571087
True,0.00734925,30,1070,4082.049188692724
True,0.00733484,30,1071,4090.0687676895477
True,0.00730797,30,1072,4105.107163822512
True,0.00731622,30,1073,4100.478115748297
True,0.00730194,30,1074,4108.497193896416
True,0.00730325,30,1075,4107.760243727108
True,0.00731309,30,1076,4102.233118968862
True,0.00781211,30,1077,3840.1917023697824
True,0.00805099,30,1078,3726.2498152401135
True,0.00807987,30,1079,3712.9310248803513
True,0.00805862,30,1080,3722.721756330488
True,0.007474,30,1081,4013.914905004014
True,0.00732471,30,1082,4095.7252915132476
True,0.00732247,30,1083,4096.978205441606
True,0.00733946,30,1084,4087.4941753208004
True,0.00731126,30,1085,4103.259903217777
True,0.0073214,30,1086,4097.576966154014
True,0.00732304,30,1087,4096.659310887281
True,0.00733131,30,1088,4092.0381214271392
True,0.00733174,30,1089,4091.798127047604
True,0.00732239,30,1090,4097.022966545076
True,0.00731231,30,1091,4102.670701871229
True,0.00733604,30,1092,4089.399730644871
True,0.00735371,30,1093,4079.573439801134
True,0.00731689,30,1094,4100.102639236069
True,0.0073228,30,1095,4096.793576227673
True,0.00732632,30,1096,4094.8252328590615
True,0.00730986,30,1097,4104.045768318409
True,0.00732383,30,1098,4096.217416297211
True,0.0073209,30,1099,4097.856820882678
True,0.00732549,30,1100,4095.2891888460704
True,0.0073376,30,1101,4088.530309638029
True,0.00731155,30,1102,4103.097154502123
True,0.00731757,30,1103,4099.721628901398
True,0.00737002,30,1104,4070.5452631064777
True,0.00750213,30,1105,3998.864322532401
True,0.00743448,30,1106,4035.251961132453
True,0.00748601,30,1107,4007.4752772171023
True,0.00748238,30,1108,4009.4194627912507
True,0.00741793,30,1109,4044.254933653998
True,0.00739866,30,1110,4054.788299502883
True,0.00752466,30,1111,3986.8911020564383
True,0.00752498,30,1112,3986.721559392849
True,0.0074842,30,1113,4008.444456321317
True,0.00736694,30,1114,4072.2470930942836
True,0.00732282,30,1115,4096.782387113161
True,0.00730486,30,1116,4106.854888389374
True,0.00730457,30,1117,4107.017935347324
True,0.00731686,30,1118,4100.119450146648
True,0.0073084,30,1119,4104.865634064912
True,0.00731538,30,1120,4100.948959589249
True,0.00733466,30,1121,4090.1691421279243
True,0.00729497,30,1122,4112.422669318723
True,0.00730177,30,1123,4108.592848035476
True,0.00730636,30,1124,4106.011748668284
True,0.00731308,30,1125,4102.238728415387
True,0.0073054,30,1126,4106.551318202973
True,0.00729518,30,1127,4112.3042885850655
True,0.00729201,30,1128,4114.091999325289
True,0.00729675,30,1129,4111.419467571179
True,0.007308,30,1130,4105.0903119868635
True,0.00730136,30,1131,4108.8235616378315
True,0.00730867,30,1132,4104.713990370341
True,0.00731841,30,1133,4099.25106683009
True,0.00731129,30,1134,4103.243066545028
True,0.00732968,30,1135,4092.948123246854
True,0.00733319,30,1136,4090.989051149636
True,0.00731496,30,1137,4101.184422061091
True,0.00732178,30,1138,4097.364302123254
True,0.00730606,30,1139,4106.180348915832
True,0.00730973,30,1140,4104.118756780346
True,0.00732247,30,1141,4096.978205441606
True,0.00731638,30,1142,4100.388443465211
True,0.00731612,30,1143,4100.534162916956
True,0.00731963,30,1144,4098.567823783443
True,0.00731663,30,1145,4100.248338374361
True,0.00732139,30,1146,4097.58256287399
True,0.00733146,30,1147,4091.954399260175
True,0.00731738,30,1148,4099.828080542489
True,0.00732751,30,1149,4094.1602263251775
True,0.00734615,30,1150,4083.7717716082575
True,0.00730621,30,1151,4106.096047061335
True,0.00732877,30,1152,4093.45633714798
True,0.00732479,30,1153,4095.680558760046
True,0.00732184,30,1154,4097.330725609956
True,0.00733537,30,1155,4089.773249338479
True,0.00732871,30,1156,4093.489850191916
True,0.00731124,30,1157,4103.271127743037
True,0.00732786,30,1158,4093.964677272764
True,0.00732983,30,1159,4092.8643638392705
True,0.00733469,30,1160,4090.152412712739
True,0.00733372,30,1161,4090.6933998025556
True,0.00732649,30,1162,4094.730218699541
True,0.00730708,30,1163,4105.60716455821
True,0.00734939,30,1164,4081.971428921312
True,0.00732732,30,1165,4094.2663893483564
True,0.00732618,30,1166,4094.903483124903
True,0.00732904,30,1167,4093.305535240632
True,0.0073398,30,1168,4087.3048311943107
True,0.00731733,30,1169,4099.856095051064
True,0.00732893,30,1170,4093.36697171347
True,0.00732646,30,1171,4094.7469855837608
True,0.00733198,30,1172,4091.6641889366856
True,0.00732678,30,1173,4094.5681458976524
True,0.00733213,30,1174,4091.5804820700123
True,0.00746064,30,1175,4021.102747217397
True,0.00732677,30,1176,4094.57373440138
True,0.00733067,30,1177,4092.395374501921
True,0.00735118,30,1178,4080.9774757249857
True,0.00733466,30,1179,4090.1691421279243
True,0.00733966,30,1180,4087.382794298374
True,0.00731325,30,1181,4102.143369910778
True,0.00733174,30,1182,4091.798127047604
True,0.00732603,30,1183,4094.9873260142263
True,0.00732895,30,1184,4093.3558013085094
True,0.00732851,30,1185,4093.6015643016112
True,0.00732282,30,1186,4096.782387113161
True,0.0073014,30,1187,4108.801051853069
True,0.00732317,30,1188,4096.5865875024065
True,0.00732602,30,1189,4094.992915662256
True,0.00733195,30,1190,4091.6809307210224
True,0.00732639,30,1191,4094.7861088476043
True,0.00735105,30,1192,4081.0496459689434
True,0.00731677,30,1193,4100.169883705515
True,0.00732703,30,1194,4094.428438262161
True,0.007324,30,1195,4096.122337520481
True,0.00733146,30,1196,4091.954399260175
True,0.00731577,30,1197,4100.730340073567
True,0.00732422,30,1198,4095.9993009494524
True,0.0073079,30,1199,4105.146485310417
True,0.00733046,30,1200,4092.5126117596988
True,0.00732311,30,1201,4096.620151820743
True,0.00733131,30,1202,4092.0381214271392
True,0.00733063,30,1203,4092.4177048903025
True,0.00733389,30,1204,4090.598577289815
True,0.00731805,30,1205,4099.452723061471
True,0.00733143,30,1206,4091.9711434194965
True,0.00735206,30,1207,4080.4890058024557
True,0.0073408,30,1208,4086.748038360942
True,0.00732183,30,1209,4097.336321657291
True,0.00732643,30,1210,4094.7637526052936
True,0.00731089,30,1211,4103.467566876263
True,0.00732772,30,1212,4094.0428946520883
True,0.00732528,30,1213,4095.4065919664504
True,0.00732685,30,1214,4094.5290267986925
True,0.00731659,30,1215,4100.270754545491
True,0.00732671,30,1216,4094.607265744106
True,0.00757011,30,1217,3962.9543031739304
True,0.00773779,30,1218,3877.0760126599457
True,0.00732769,30,1219,4094.0596559079327
True,0.00733372,30,1220,4090.6933998025556
True,0.0073635,30,1221,4074.149521287431
True,0.00737069,30,1222,4070.175248178936
True,0.00735528,30,1223,4078.702646262277
True,0.00734354,30,1224,4085.2232029784
True,0.00730633,30,1225,4106.028608069989
True,0.00730964,30,1226,4104.169288774823
True,0.00729784,30,1227,4110.805388991811
True,0.00729921,30,1228,4110.0338255783845
True,0.00730233,30,1229,4108.277768876509
True,0.00729578,30,1230,4111.966095468888
True,0.00730318,30,1231,4107.799616057662
True,0.00730501,30,1232,4106.770558835648
True,0.00730042,30,1233,4109.352612589412
True,0.00729396,30,1234,4112.992119507099
True,0.00732484,30,1235,4095.652601285489
True,0.00729807,30,1236,4110.675836214232
True,0.00730946,30,1237,4104.270356496923
True,0.00729759,30,1238,4110.94621649065
True,0.00729961,30,1239,4109.808606213209
True,0.00729528,30,1240,4112.247919202553
True,0.0072778,30,1241,4122.124817939487
True,0.00729904,30,1242,4110.129551283457
True,0.00730835,30,1243,4104.893717460165
True,0.00730083,30,1244,4109.121839571665
True,0.00730642,30,1245,4105.978030280219
True,0.0073067,30,1246,4105.820685124611
True,0.00728064,30,1247,4120.516877637131
True,0.00732003,30,1248,4098.343859246478
True,0.00732969,30,1249,4092.9425391796926
True,0.0073465,30,1250,4083.577213639148
True,0.00732886,30,1251,4093.4060686109433
True,0.00731282,30,1252,4102.384579409858
True,0.00729056,30,1253,4114.910240091296
True,0.00729842,30,1254,4110.478706350142
True,0.00731,30,1255,4103.967168262654
True,0.00730636,30,1256,4106.011748668284
True,0.00729692,30,1257,4111.323681772584
True,0.00730177,30,1258,4108.592848035476
True,0.00729355,30,1259,4113.223327460564
True,0.00730558,30,1260,4106.450138113606
True,0.00729472,30,1261,4112.563607650465
True,0.00729519,30,1262,4112.298651577272
True,0.00731851,30,1263,4099.195054731086
True,0.00728151,30,1264,4120.02455534635
True,0.00730316,30,1265,4107.810865433593
True,0.00729869,30,1266,4110.32664765869
True,0.00728995,30,1267,4115.2545627884965
True,0.0072913,30,1268,4114.492614485757
True,0.00728912,30,1269,4115.723159997367
True,0.00727751,30,1270,4122.289079643999
True,0.00729336,30,1271,4113.3304814242
True,0.00728906,30,1272,4115.757038630496
True,0.00729366,30,1273,4113.161293506963
True,0.00728489,30,1274,4118.112970820424
True,0.00728703,30,1275,4116.903594468528
True,0.00726999,30,1276,4126.553131434844
True,0.00728759,30,1277,4116.587239402876
True,0.00732361,30,1278,4096.340465972382
True,0.0072859,30,1279,4117.542101867992
True,0.00728794,30,1280,4116.389542175155
True,0.007265,30,1281,4129.387474191329
True,0.00729246,30,1282,4113.838128697312
True,0.00728826,30,1283,4116.208807040363
True,0.0072933,30,1284,4113.3643206778825
True,0.00728772,30,1285,4116.513806787308
True,0.00729509,30,1286,4112.35502235065
True,0.00727628,30,1287,4122.985921377407
True,0.00728707,30,1288,4116.8809960656345
True,0.00729473,30,1289,4112.557969931718
True,0.00728825,30,1290,4116.214454773094
True,0.00728654,30,1291,4117.1804450397585
True,0.00730369,30,1292,4107.512777787666
True,0.00729582,30,1293,4111.943551238929
True,0.00730236,30,1294,4108.2608909996225
True,0.00729743,30,1295,4111.036351153763
True,0.00730082,30,1296,4109.127467873472
True,0.00730014,30,1297,4109.510228570959
True,0.00728978,30,1298,4115.350531840467
True,0.00731182,30,1299,4102.945641440845
True,0.00730752,30,1300,4105.359957961115
True,0.00730534,30,1301,4106.585046007442
True,0.00731878,30,1302,4099.043829709323
True,0.00731002,30,1303,4103.955939929028
True,0.00730837,30,1304,4104.882484055953
True,0.00731821,30,1305,4099.363095620377
True,0.00733192,30,1306,4091.697672642364
True,0.00730996,30,1307,4103.989625114228
True,0.00730694,30,1308,4105.6858274462365
True,0.00730688,30,1309,4105.719541035298
True,0.00729483,30,1310,4112.5015935943675
True,0.00731169,30,1311,4103.018590777235
True,0.00730024,30,1312,4109.453935761016
True,0.00730434,30,1313,4107.147257657776
True,0.00729699,30,1314,4111.28424185863
True,0.00744402,30,1315,4030.0805210088097
True,0.00728879,30,1316,4115.909499381928
True,0.00730859,30,1317,4104.758920667324
True,0.00730266,30,1318,4108.092119857696
True,0.00731266,30,1319,4102.47433902301
True,0.00731974,30,1320,4098.50623109564
True,0.00729117,30,1321,4114.565975008127
True,0.00730012,30,1322,4109.521487318017
True,0.00730472,30,1323,4106.93359909757
True,0.00730001,30,1324,4109.583411529573
True,0.00729975,30,1325,4109.729785266619
True,0.00729921,30,1326,4110.0338255783845
True,0.00728996,30,1327,4115.248917689535
True,0.00729697,30,1328,4111.295510328259
True,0.00729678,30,1329,4111.402563870639
True,0.00729667,30,1330,4111.464544785498
True,0.00729993,30,1331,4109.628448491972
True,0.0072904,30,1332,4115.00054866674
True,0.00727788,30,1333,4122.079506669525
True,0.00729843,30,1334,4110.473074346127
True,0.00732035,30,1335,4098.164705239504
True,0.00729691,30,1336,4111.329316107777
True,0.00729691,30,1337,4111.329316107777
True,0.00730783,30,1338,4105.185807551626
True,0.00728747,30,1339,4116.655025681066
True,0.00731032,30,1340,4103.787522297245
True,0.00729972,30,1341,4109.746675214939
True,0.0073006,30,1342,4109.251294414158
True,0.00729195,30,1343,4114.125851109786
True,0.00727646,30,1344,4122.883929823019
True,0.00729425,30,1345,4112.828597868183
True,0.00729573,30,1346,4111.994276103967
True,0.00729832,30,1347,4110.535027239146
True,0.00729329,30,1348,4113.369960607627
True,0.00732335,30,1349,4096.485897847297
True,0.00728146,30,1350,4120.052846544511
True,0.0073051,30,1351,4106.719962765739
True,0.00730294,30,1352,4107.934612635459
True,0.00730063,30,1353,4109.234408537345
True,0.00730049,30,1354,4109.313210483132
True,0.00760916,30,1355,3942.6165306025896
True,0.00803509,30,1356,3733.6233943863726
True,0.00803091,30,1357,3735.5667041468523
True,0.00803046,30,1358,3735.776032755284
True,0.00802515,30,1359,3738.247883217136
True,0.00803482,30,1360,3733.748858095141
True,0.00802968,30,1361,3736.1389245897717
True,0.00805318,30,1362,3725.2364904298674
True,0.00802911,30,1363,3736.40415936511
True,0.00803135,30,1364,3735.362049966693
True,0.00802375,30,1365,3738.9001402087556
True,0.00802627,30,1366,3737.726241454623
True,0.0080224,30,1367,3739.529317909852
True,0.00802553,30,1368,3738.0708813000515
True,0.00802861,30,1369,3736.6368524564027
True,0.00803209,30,1370,3735.0179094108753
True,0.00802427,30,1371,3738.6578467573995
True,0.00803424,30,1372,3734.0184012426816
True,0.00802755,30,1373,3737.1302576751314
True,0.00797935,30,1374,3759.704737854587
True,0.00733172,30,1375,4091.8092889526606
True,0.00729163,30,1376,4114.306403369343
True,0.00730284,30,1377,4107.990863828319
True,0.00730352,30,1378,4107.608386093281
True,0.00729911,30,1379,4110.090134276645
True,0.00730892,30,1380,4104.573589531696
True,0.00731242,30,1381,4102.6089858077075
True,0.00728497,30,1382,4118.067747705207
True,0.00730704,30,1383,4105.629639361493
True,0.00730689,30,1384,4105.713922065338
True,0.00730179,30,1385,4108.581594376174
True,0.00730767,30,1386,4105.275689788948
True,0.00729567,30,1387,4112.028093375934
True,0.0073046,30,1388,4107.001067820278
True,0.00733341,30,1389,4090.866322761171
True,0.00735792,30,1390,4077.2392197795025
True,0.00732692,30,1391,4094.489908447206
True,0.00731039,30,1392,4103.748226838787
True,0.00727508,30,1393,4123.665994050924
True,0.00728981,30,1394,4115.333595800165
True,0.00731633,30,1395,4100.416465632359
True,0.00732289,30,1396,4096.743225693681
True,0.00730702,30,1397,4105.640876855407
True,0.00730961,30,1398,4104.186133049506
True,0.00727314,30,1399,4124.765919534067
True,0.00729499,30,1400,4112.411394669492
True,0.00728393,30,1401,4118.655725686545
True,0.00728754,30,1402,4116.615483414156
True,0.00728089,30,1403,4120.375393667532
True,0.00730453,30,1404,4107.040425598909
True,0.00728213,30,1405,4119.673776765863
True,0.00729198,30,1406,4114.1089251479025
True,0.0072775,30,1407,4122.294744074201
True,0.00728259,30,1408,4119.413560285558
True,0.00728078,30,1409,4120.437645417112
True,0.00727166,30,1410,4125.605432597234
True,0.00727991,30,1411,4120.930066443129
True,0.00729106,30,1412,4114.628051339586
True,0.00727777,30,1413,4122.141809922545
True,0.00728714,30,1414,4116.841449457537
True,0.00727643,30,1415,4122.900928064999
True,0.00727351,30,1416,4124.556094650313
True,0.00728436,30,1417,4118.412599047823
True,0.00729933,30,1418,4109.966257177029
True,0.007282,30,1419,4119.74732216424
True,0.00727813,30,1420,4121.937915371119
True,0.00726415,30,1421,4129.87066621697
True,0.00729467,30,1422,4112.591796476057
True,0.00729232,30,1423,4113.917107312899
True,0.00729105,30,1424,4114.633694735326
True,0.00729349,30,1425,4113.25716495121
True,0.00730357,30,1426,4107.580265541373
True,0.00728304,30,1427,4119.159032491926
True,0.00729876,30,1428,4110.287226871414
True,0.00729376,30,1429,4113.104900627386
True,0.00730119,30,1430,4108.919230974677
True,0.00729987,30,1431,4109.662226861575
True,0.00732363,30,1432,4096.32927933279
True,0.00729082,30,1433,4114.763497110064
True,0.00729774,30,1434,4110.861718833502
True,0.00729608,30,1435,4111.79701976952
True,0.00730359,30,1436,4107.5690174284155
True,0.00729167,30,1437,4114.283833470247
True,0.00729209,30,1438,4114.046864479182
True,0.00729767,30,1439,4110.901150641232
True,0.00728715,30,1440,4116.835800004117
True,0.00729527,30,1441,4112.253556071262
True,0.00729039,30,1442,4115.00619308432
True,0.00729829,30,1443,4110.55192380681
True,0.00727882,30,1444,4121.547173855103
True,0.00729459,30,1445,4112.636899400789
True,0.00729969,30,1446,4109.763565302088
True,0.00731784,30,1447,4099.570365025746
True,0.00729118,30,1448,4114.560331798145
True,0.00730724,30,1449,4105.517267805629
True,0.00727716,30,1450,4122.487343963854
True,0.00728679,30,1451,4117.03919009605
True,0.00729125,30,1452,4114.520829761701
True,0.00742056,30,1453,4042.821566027362
True,0.00729506,30,1454,4112.371933884026
True,0.00729325,30,1455,4113.392520481267
True,0.00728111,30,1456,4120.250895811216
True,0.00728884,30,1457,4115.881265057265
True,0.00729184,30,1458,4114.187914161584
True,0.00728175,30,1459,4119.888763003399
True,0.00729575,30,1460,4111.983003803584
True,0.0072914,30,1461,4114.436185094769
True,0.00729325,30,1462,4113.392520481267
True,0.00729097,30,1463,4114.678842458548
True,0.00728934,30,1464,4115.598943114192
True,0.00729376,30,1465,4113.104900627386
True,0.0072923,30,1466,4113.928390219821
True,0.00727864,30,1467,4121.649099282284
True,0.00729061,30,1468,4114.882019474365
True,0.00729192,30,1469,4114.14277721094
True,0.00728806,30,1470,4116.321764639699
True,0.00728609,30,1471,4117.434728365968
True,0.0072849,30,1472,4118.107317876704
True,0.00729053,30,1473,4114.927172647256
True,0.00729644,30,1474,4111.594147282784
True,0.00731761,30,1475,4099.699218733986
True,0.00729893,30,1476,4110.191493821697
True,0.00729152,30,1477,4114.368471868691
True,0.00728144,30,1478,4120.064163132567
True,0.00729806,30,1479,4110.681468773893
True,0.00730237,30,1480,4108.255265071477
True,0.00729221,30,1481,4113.97916406686
True,0.00729255,30,1482,4113.787358331448
True,0.00729073,30,1483,4114.814291572998
True,0.00727997,30,1484,4120.89610259383
True,0.00729566,30,1485,4112.033729642007
True,0.00729478,30,1486,4112.529781569835
True,0.00730371,30,1487,4107.50153004432
True,0.00729655,30,1488,4111.532162460341
True,0.00728593,30,1489,4117.52514778484
True,0.00732751,30,1490,4094.1602263251775
True,0.00729905,30,1491,4110.123920236196
True,0.00729658,30,1492,4111.515257833122
True,0.00729373,30,1493,4113.121818328894
True,0.00730001,30,1494,4109.583411529573
True,0.00728649,30,1495,4117.208697191652
True,0.00730177,30,1496,4108.592848035476
True,0.00728753,30,1497,4116.621132262921
True,0.00730333,30,1498,4107.715247702075
True,0.0072961,30,1499,4111.785748550596
True,0.00730911,30,1500,4104.466891317821
True,0.00727787,30,1501,4122.085170523794
True,0.00730082,30,1502,4109.127467873472
True,0.00729663,30,1503,4111.487083763326
True,0.0073185,30,1504,4099.200655872105
True,0.00729187,30,1505,4114.170987689029
True,0.00730355,30,1506,4107.591513715933
True,0.00727751,30,1507,4122.289079643999
True,0.00729076,30,1508,4114.797359946014
True,0.00729664,30,1509,4111.4814489957025
True,0.00730385,30,1510,4107.422797565668
True,0.00729423,30,1511,4112.839874805154
True,0.00797085,30,1512,3763.7140330077723
True,0.00728663,30,1513,4117.129592143419
True,0.00729072,30,1514,4114.819935479623
True,0.00729429,30,1515,4112.8060441797625
True,0.00729985,30,1516,4109.673486441502
True,0.00729484,30,1517,4112.495956045643
True,0.00731707,30,1518,4100.001776667436
True,0.00728655,30,1519,4117.174794655907
True,0.00731554,30,1520,4100.859266711685
True,0.007305,30,1521,4106.776180698152
True,0.00729891,30,1522,4110.202756301968
True,0.00730223,30,1523,4108.334029467711
True,0.00729991,30,1524,4109.639707886809
True,0.00728472,30,1525,4118.20907323823
True,0.00730733,30,1526,4105.466702612309
True,0.00729495,30,1527,4112.4339440297745
True,0.00729873,30,1528,4110.304121401942
True,0.00729187,30,1529,4114.170987689029
True,0.00728682,30,1530,4117.022240154141
True,0.00729855,30,1531,4110.405491501737
True,0.00733393,30,1532,4090.5762667492054
True,0.0072953,30,1533,4112.236645511493
True,0.00729106,30,1534,4114.628051339586
True,0.00729467,30,1535,4112.591796476057
True,0.00728238,30,1536,4119.53235068755
True,0.00730225,30,1537,4108.322777226198
True,0.00729413,30,1538,4112.896260417623
True,0.00730227,30,1539,4108.311525046322
True,0.00730553,30,1540,4106.478243193855
True,0.00729677,30,1541,4111.408198422041
True,0.00729106,30,1542,4114.628051339586
True,0.00730109,30,1543,4108.975509136308
True,0.00729289,30,1544,4113.59557048029
True,0.00728811,30,1545,4116.293524658656
True,0.00732484,30,1546,4095.652601285489
True,0.00727567,30,1547,4123.331596952583
True,0.00729855,30,1548,4110.405491501737
True,0.00728853,30,1549,4116.056324114739
True,0.00729383,30,1550,4113.06542653174
True,0.00729377,30,1551,4113.099261424476
True,0.00732598,30,1552,4095.0152744069733
True,0.00731756,30,1553,4099.727231481532
True,0.00732899,30,1554,4093.3334606814856
True,0.00731054,30,1555,4103.66402481896
True,0.00730151,30,1556,4108.739151216666
True,0.00729857,30,1557,4110.3942279103985
True,0.00729427,30,1558,4112.817320993054
True,0.00728318,30,1559,4119.07985248202
True,0.00730021,30,1560,4109.470823442066
True,0.00732072,30,1561,4097.957577943153
True,0.00729391,30,1562,4113.020314207332
True,0.00729607,30,1563,4111.802655402154
True,0.00728272,30,1564,4119.340026803172
True,0.00727225,30,1565,4125.270720891059
True,0.00728771,30,1566,4116.519455357033
True,0.00728986,30,1567,4115.305369376092
True,0.00729195,30,1568,4114.125851109786
True,0.007289,30,1569,4115.790917821375
True,0.00727362,30,1570,4124.493718396067
True,0.00727809,30,1571,4121.960569325194
True,0.00728504,30,1572,4118.028178294148
True,0.00728361,30,1573,4118.836675769296
True,0.00729147,30,1574,4114.39668544203
True,0.00730539,30,1575,4106.556939465244
True,0.00726883,30,1576,4127.211669553421
True,0.00728155,30,1577,4120.001922667564
True,0.00728646,30,1578,4117.225648668901
True,0.00727959,30,1579,4121.111216428398
True,0.00728246,30,1580,4119.487096393252
True,0.00726949,30,1581,4126.8369583010635
True,0.00728747,30,1582,4116.655025681066
True,0.00728195,30,1583,4119.775609555133
True,0.0072861,30,1584,4117.429077284143
True,0.00728561,30,1585,4117.705998536842
True,0.00728191,30,1586,4119.798239747539
True,0.00726515,30,1587,4129.3022167470735
True,0.00728737,30,1588,4116.7115159515715
True,0.00730198,30,1589,4108.47468768745
True,0.00727932,30,1590,4121.264074116813
True,0.00728442,30,1591,4118.378676682563
True,0.00726683,30,1592,4128.347573838936
True,0.00727891,30,1593,4121.496213031896
True,0.00744864,30,1594,4027.580873823946
True,0.00729071,30,1595,4114.825579401732
True,0.00728561,30,1596,4117.705998536842
True,0.00727981,30,1597,4120.986674102758
True,0.00726533,30,1598,4129.199912460962
True,0.00727085,30,1599,4126.0650405385895
True,0.00727512,30,1600,4123.6433213472765
True,0.00728056,30,1601,4120.5621545595395
True,0.00727954,30,1602,4121.139522552249
True,0.00730274,30,1603,4108.047116561729
True,0.00727402,30,1604,4124.26691155647
True,0.00728047,30,1605,4120.613092286624
True,0.0072867,30,1606,4117.090040759192
True,0.00728586,30,1607,4117.564707529379
True,0.0072896,30,1608,4115.452151009657
True,0.00726518,30,1609,4129.285165680685
True,0.00729982,30,1610,4109.690375927077
True,0.00732568,30,1611,4095.1829727752233
True,0.00729151,30,1612,4114.374114552404
True,0.00728544,30,1613,4117.802081960733
True,0.00729226,30,1614,4113.950956219334
True,0.00726326,30,1615,4130.376717892516
True,0.00728829,30,1616,4116.191863935162
True,0.00727902,30,1617,4121.43392929268
True,0.00731266,30,1618,4102.47433902301
True,0.00728788,30,1619,4116.423431779886
True,0.00728996,30,1620,4115.248917689535
True,0.00727675,30,1621,4122.719620709795
True,0.00727902,30,1622,4121.43392929268
True,0.007285,30,1623,4118.050789293068
True,0.00729297,30,1624,4113.550446525901
True,0.0072938,30,1625,4113.082343908525
True,0.00727489,30,1626,4123.773692798104
True,0.00728383,30,1627,4118.712270879469
True,0.00729394,30,1628,4113.003397340806
True,0.0072998,30,1629,4109.701635661251
True,0.00730294,30,1630,4107.934612635459
True,0.00729703,30,1631,4111.261705104679
True,0.00730784,30,1632,4105.180190042474
True,0.00729442,30,1633,4112.732746400673
True,0.00729398,30,1634,4112.980841735239
True,0.00729928,30,1635,4109.994410407602
True,0.00729776,30,1636,4110.850452741663
True,0.00728571,30,1637,4117.649480970283
True,0.00729359,30,1638,4113.2007694427575
True,0.0072957,30,1639,4112.011184670422
True,0.00729103,30,1640,4114.644981573248
True,0.00728946,30,1641,4115.531191610901
True,0.00729299,30,1642,4113.539165691986
True,0.00727184,30,1643,4125.503311403992
True,0.00729564,30,1644,4112.045002220504
True,0.00729666,30,1645,4111.470179506788
True,0.00732182,30,1646,4097.341917719911
True,0.00729133,30,1647,4114.475685505936
True,0.00729904,30,1648,4110.129551283457
True,0.00727911,30,1649,4121.382971269839
True,0.00735655,30,1650,4077.998518327205
True,0.00729039,30,1651,4115.00619308432
True,0.00729609,30,1652,4111.791384152334
True,0.00729391,30,1653,4113.020314207332
True,0.00729005,30,1654,4115.198112495799
True,0.0072725,30,1655,4125.128910278446
True,0.00729162,30,1656,4114.312045882808
True,0.00728861,30,1657,4116.011146158184
True,0.00728857,30,1658,4116.033735012492
True,0.00729623,30,1659,4111.712487133766
True,0.00728957,30,1660,4115.469088025768
True,0.00731195,30,1661,4102.872694698404
True,0.00730875,30,1662,4104.669061056952
True,0.00730046,30,1663,4109.330097007586
True,0.00730361,30,1664,4107.557769377061
True,0.00730105,30,1665,4108.99802083262
True,0.0072997,30,1666,4109.757935257613
True,0.00729524,30,1667,4112.270466770114
True,0.0073015,30,1668,4108.744778470177
True,0.00729902,30,1669,4110.140813424268
True,0.00729951,30,1670,4109.864908740449
True,0.00730146,30,1671,4108.767287638363
True,0.00728889,30,1672,4115.853031119965
True,0.00729672,30,1673,4111.436371410717
True,0.00729825,30,1674,4110.574452779776
True,0.00732014,30,1675,4098.282273289855
True,0.00730486,30,1676,4106.854888389374
True,0.00727329,30,1677,4124.680852819013
True,0.00730087,30,1678,4109.099326518621
True,0.00729827,30,1679,4110.563188262424
True,0.00730106,30,1680,4108.992392885417
True,0.0072858,30,1681,4117.598616486865
True,0.0073004,30,1682,4109.363870472851
True,0.00728644,30,1683,4117.236949731282
True,0.00729868,30,1684,4110.332279261455
True,0.00728596,30,1685,4117.508193841306
True,0.00730397,30,1686,4107.355314986234
True,0.00729293,30,1687,4113.573008379348
True,0.00730115,30,1688,4108.941742054334
True,0.00730136,30,1689,4108.8235616378315
True,0.0072944,30,1690,4112.74402281202
True,0.00728752,30,1691,4116.626781127187
True,0.00729375,30,1692,4113.1105398457585
True,0.00728653,30,1693,4117.186095439119
True,0.00727294,30,1694,4124.879347279092
True,0.00729454,30,1695,4112.665089231124
True,0.00728878,30,1696,4115.915146293344
True,0.00728942,30,1697,4115.553775197478
True,0.00729361,30,1698,4113.189490526639
True,0.00729299,30,1699,4113.539165691986
True,0.00728312,30,1700,4119.113786399235
True,0.00729483,30,1701,4112.5015935943675
True,0.00730327,30,1702,4107.748994628434
True,0.00732057,30,1703,4098.041545945192
True,0.00731695,30,1704,4100.069017828467
True,0.00729231,30,1705,4113.922748758624
True,0.00728925,30,1706,4115.649758205577
True,0.00730522,30,1707,4106.6525032784775
True,0.00730635,30,1708,4106.017368453468
True,0.0072975,30,1709,4110.996916752312
True,0.00730448,30,1710,4107.068538759775
True,0.00728715,30,1711,4116.835800004117
True,0.0072859,30,1712,4117.542101867992
True,0.00729067,30,1713,4114.848155244991
True,0.00729315,30,1714,4113.44892124802
True,0.0072896,30,1715,4115.452151009657
True,0.00728642,30,1716,4117.248250855701
True,0.00727738,30,1717,4122.362718450871
True,0.00731866,30,1718,4099.111039452578
True,0.0072866,30,1719,4117.146542969286
True,0.00729726,30,1720,4111.132123564187
True,0.00730465,30,1721,4106.972955583087
True,0.00734103,30,1722,4086.6199974662954
True,0.0073161,30,1723,4100.545372534547
True,0.00733383,30,1724,4090.6320435570497
True,0.00729672,30,1725,4111.436371410717
True,0.0072892,30,1726,4115.6779893541125
True,0.00729866,30,1727,4110.343542513283
True,0.00729104,30,1728,4114.639338146547
True,0.00728034,30,1729,4120.686671226894
True,0.00729201,30,1730,4114.091999325289
True,0.00735624,30,1731,4078.1703696453624
True,0.00734548,30,1732,4084.144262866416
True,0.00729901,30,1733,4110.146444517818
True,0.00744702,30,1734,4028.4570203920493
True,0.00729117,30,1735,4114.565975008127
True,0.00730291,30,1736,4107.951487831563
True,0.00729324,30,1737,4113.398160488342
True,0.00730714,30,1738,4105.573452814644
True,0.00729338,30,1739,4113.319201796698
True,0.00728448,30,1740,4118.34475487612
True,0.00729757,30,1741,4110.9574831073905
True,0.00729297,30,1742,4113.550446525901
True,0.00729747,30,1743,4111.013817117439
True,0.00730942,30,1744,4104.2928166667125
True,0.00731006,30,1745,4103.933483446101
True,0.00731109,30,1746,4103.355313639963
True,0.00729717,30,1747,4111.182828411562
True,0.00730372,30,1748,4107.495906195747
True,0.007303,30,1749,4107.900862659181
True,0.00729985,30,1750,4109.673486441502
True,0.00729659,30,1751,4111.509622988272
True,0.00727767,30,1752,4122.198450877822
True,0.00730467,30,1753,4106.96171079597
True,0.00730196,30,1754,4108.485940761111
True,0.00729504,30,1755,4112.383208316884
True,0.00730128,30,1756,4108.868581947275
True,0.00729025,30,1757,4115.085216556359
True,0.00730653,30,1758,4105.9162146737235
True,0.00729784,30,1759,4110.805388991811
True,0.00731501,30,1760,4101.156389396597
True,0.00730642,30,1761,4105.978030280219
True,0.0073139,30,1762,4101.778804741656
True,0.00728535,30,1763,4117.852951471103
True,0.00729741,30,1764,4111.0476182645625
True,0.00729978,30,1765,4109.7128954571235
True,0.00729579,30,1766,4111.960459388222
True,0.00729761,30,1767,4110.934949935664
True,0.00729211,30,1768,4114.035580922394
True,0.00727729,30,1769,4122.413700704521
True,0.0072912,30,1770,4114.549045424621
True,0.00729078,30,1771,4114.7860722721025
True,0.00729035,30,1772,4115.02877090949
True,0.00729531,30,1773,4112.231008689144
True,0.00730714,30,1774,4105.573452814644
True,0.0072864,30,1775,4117.259552042161
True,0.00730213,30,1776,4108.390291599848
True,0.00729322,30,1777,4113.409440548893
True,0.00730038,30,1778,4109.3751284179725
True,0.00729977,30,1779,4109.718525378197
True,0.00727662,30,1780,4122.79327489961
True,0.00729037,30,1781,4115.017481965936
True,0.00728889,30,1782,4115.853031119965
True,0.00729178,30,1783,4114.221767524527
True,0.00728674,30,1784,4117.0674403093835
True,0.00728267,30,1785,4119.368308601104
True,0.00727533,30,1786,4123.524293743377
True,0.00777411,30,1787,3858.9626336648184
True,0.00802503,30,1788,3738.303782041936
True,0.00803687,30,1789,3732.7964742493036
True,0.00800903,30,1790,3745.7719599002626
True,0.00801886,30,1791,3741.180167754519
True,0.00774804,30,1792,3871.946969814301
True,0.00729593,30,1793,4111.881555881156
True,0.00730176,30,1794,4108.5984748882465
True,0.00729811,30,1795,4110.653306129943
True,0.00730267,30,1796,4108.086494391778
True,0.00729026,30,1797,4115.07957192199
True,0.00730191,30,1798,4108.5140737149595
True,0.00730324,30,1799,4107.765868299549
True,0.00730486,30,1800,4106.854888389374
True,0.00730524,30,1801,4106.64126024607
True,0.00732044,30,1802,4098.114320997099
True,0.00729005,30,1803,4115.198112495799
True,0.00731682,30,1804,4100.141864908526
True,0.00730402,30,1805,4107.327197899239
True,0.0073004,30,1806,4109.363870472851
True,0.00729708,30,1807,4111.233534509694
True,0.00728802,30,1808,4116.344356903521
True,0.00730644,30,1809,4105.966790940595
True,0.0072961,30,1810,4111.785748550596
True,0.00730182,30,1811,4108.56471400281
True,0.00729693,30,1812,4111.318047452833
True,0.00729916,30,1813,4110.061979734654
True,0.00728985,30,1814,4115.3110146299305
True,0.00730194,30,1815,4108.497193896416
True,0.00730223,30,1816,4108.334029467711
True,0.00732055,30,1817,4098.052741938788
True,0.00730379,30,1818,4107.456539686929
True,0.00730047,30,1819,4109.32446815068
True,0.00728772,30,1820,4116.513806787308
True,0.00729308,30,1821,4113.488402705029
True,0.00729715,30,1822,4111.194096325278
True,0.00731367,30,1823,4101.907797316531
True,0.00730015,30,1824,4109.504599220564
True,0.00729408,30,1825,4112.924453803633
True,0.0072803,30,1826,4120.709311429474
True,0.0072918,30,1827,4114.210483008311
True,0.00730547,30,1828,4106.5119697979735
True,0.00729924,30,1829,4110.016933269765
True,0.00729636,30,1830,4111.63922832755
True,0.00729656,30,1831,4111.526527569156
True,0.00729373,30,1832,4113.121818328894
True,0.00730047,30,1833,4109.32446815068
True,0.00729263,30,1834,4113.742230169363
True,0.0073058,30,1835,4106.326480330696
True,0.0072994,30,1836,4109.926843302189
True,0.00728512,30,1837,4117.982957041202
True,0.00730542,30,1838,4106.540075724599
True,0.00731574,30,1839,4100.747156131847
True,0.0072998,30,1840,4109.701635661251
True,0.00730913,30,1841,4104.455660249579
True,0.00730509,30,1842,4106.725584489719
True,0.0072973,30,1843,4111.109588477931
True,0.0073124,30,1844,4102.620206772059
True,0.00733805,30,1845,4088.2795838131387
True,0.00731276,30,1846,4102.418238804501
True,0.00730296,30,1847,4107.923362581748
True,0.0073028,30,1848,4108.013364736813
True,0.00729565,30,1849,4112.03936592353
True,0.00730385,30,1850,4107.422797565668
True,0.00730462,30,1851,4106.989822879219
True,0.00730532,30,1852,4106.5962887320475
True,0.0073025,30,1853,4108.182129407737
True,0.00729072,30,1854,4114.819935479623
True,0.00729461,30,1855,4112.625623576861
True,0.00730592,30,1856,4106.259033769875
True,0.00730675,30,1857,4105.792589044377
True,0.00729929,30,1858,4109.988779730631
True,0.00732477,30,1859,4095.6917418567405
True,0.00728413,30,1860,4118.542639958376
True,0.00729899,30,1861,4110.157706751208
True,0.0073111,30,1862,4103.349701139364
True,0.00729904,30,1863,4110.129551283457
True,0.00730568,30,1864,4106.393929107215
True,0.00730219,30,1865,4108.35653413565
True,0.00728993,30,1866,4115.265853032883
True,0.00731018,30,1867,4103.866115471848
True,0.0073096,30,1868,4104.1917478384585
True,0.00730466,30,1869,4106.967333181832
True,0.00729884,30,1870,4110.2421754689785
True,0.00727799,30,1871,4122.017205299815
True,0.00729869,30,1872,4110.32664765869
True,0.00730285,30,1873,4107.98523863971
True,0.00744296,30,1874,4030.6544708019387
True,0.00730227,30,1875,4108.311525046322
True,0.00733776,30,1876,4088.441159154838
True,0.00731139,30,1877,4103.186945300415
True,0.00732448,30,1878,4095.8539036218267
True,0.00732529,30,1879,4095.4010011890314
True,0.00729572,30,1880,4111.999912277335
True,0.00730206,30,1881,4108.429676009236
True,0.00729432,30,1882,4112.789129075774
True,0.00727899,30,1883,4121.450915580321
True,0.00730035,30,1884,4109.392015451314
True,0.00729047,30,1885,4114.961038177236
True,0.00728009,30,1886,4120.82817657474
True,0.00728718,30,1887,4116.818851736886
True,0.00730956,30,1888,4104.214207147899
True,0.00727814,30,1889,4121.9322519215075
True,0.00728873,30,1890,4115.94338108285
True,0.00728766,30,1891,4116.547698438182
True,0.00727632,30,1892,4122.963256151461
True,0.00728288,30,1893,4119.249527659387
True,0.00726426,30,1894,4129.808129114322
True,0.00728686,30,1895,4116.999640448698
True,0.00729443,30,1896,4112.727108218189
True,0.00728313,30,1897,4119.108130707539
True,0.00728653,30,1898,4117.186095439119
True,0.00727994,30,1899,4120.913084448498
True,0.00726959,30,1900,4126.780189804376
True,0.00729205,30,1901,4114.069431778444
True,0.00731074,30,1902,4103.551760834061
True,0.00728593,30,1903,4117.52514778484
True,0.00728708,30,1904,4116.875346503675
True,0.00728526,30,1905,4117.903822238328
True,0.00728293,30,1906,4119.2212474924245
True,0.00729271,30,1907,4113.6971029973765
True,0.00729412,30,1908,4112.901899063903
True,0.00729627,30,1909,4111.689945684576
True,0.00730337,30,1910,4107.692750059219
True,0.00728371,30,1911,4118.780127160472
True,0.00729834,30,1912,4110.5237629378735
True,0.00731022,30,1913,4103.84365997193
True,0.00729475,30,1914,4112.546694540594
True,0.00729494,30,1915,4112.439581408484
True,0.00732464,30,1916,4095.7644334738634
True,0.00727697,30,1917,4122.59498115287
True,0.00729992,30,1918,4109.634078181679
True,0.00730072,30,1919,4109.183751739554
True,0.00730068,30,1920,4109.206265717714
True,0.00730463,30,1921,4106.984200431781
True,0.00728987,30,1922,4115.299724137742
True,0.00728466,30,1923,4118.242992809548
True,0.00729707,30,1924,4111.239168597807
True,0.00729301,30,1925,4113.527884919944
True,0.00729116,30,1926,4114.571618233587
True,0.00729498,30,1927,4112.41703198638
True,0.00728423,30,1928,4118.486099423
True,0.00749771,30,1929,4001.2217063610087
True,0.00805477,30,1930,3724.5011341105956
True,0.00806032,30,1931,3721.936598050698
True,0.00802099,30,1932,3740.1866851847462
True,0.00803113,30,1933,3735.464374253686
True,0.00802674,30,1934,3737.507381577079
True,0.00802405,30,1935,3738.760351692724
True,0.00803712,30,1936,3732.6803631151456
True,0.00802429,30,1937,3738.6485284056284
True,0.00803629,30,1938,3733.0658799022935
True,0.00772372,30,1939,3884.138731077771
True,0.0072984,30,1940,4110.489970404472
True,0.00729363,30,1941,4113.178211672377
True,0.00730182,30,1942,4108.56471400281
True,0.00729647,30,1943,4111.57724214586
True,0.00730618,30,1944,4106.112907155312
True,0.00730035,30,1945,4109.392015451314
True,0.00729387,30,1946,4113.042870245837
True,0.00729402,30,1947,4112.958286377059
True,0.0072903,30,1948,4115.0569935393605
True,0.00729306,30,1949,4113.499683260525
True,0.00727491,30,1950,4123.762355822959
True,0.00729416,30,1951,4112.879344571547
True,0.00730235,30,1952,4108.266516943176
True,0.00729222,30,1953,4113.973522466409
True,0.00729131,30,1954,4114.486971477005
True,0.00729937,30,1955,4109.9437348702695
True,0.00728597,30,1956,4117.50254255782
True,0.0072885,30,1957,4116.073266104137
True,0.00731782,30,1958,4099.581569374486
True,0.0072967,30,1959,4111.447640714296
True,0.0073021,30,1960,4108.407170539982
True,0.00728379,30,1961,4118.734889391375
True,0.00730922,30,1962,4104.405121203084
True,0.00730397,30,1963,4107.355314986234
True,0.00729792,30,1964,4110.760326229939
True,0.00730885,30,1965,4104.612900798347
True,0.00729709,30,1966,4111.227900437024
True,0.00727726,30,1967,4122.430695069298
True,0.00729117,30,1968,4114.565975008127
True,0.00729054,30,1969,4114.921528446453
True,0.00729562,30,1970,4112.056274860807
True,0.00729158,30,1971,4114.334616091437
True,0.0073201,30,1972,4098.304667969017
True,0.00728646,30,1973,4117.225648668901
True,0.00730448,30,1974,4107.068538759775
True,0.00730061,30,1975,4109.245665773134
True,0.00729969,30,1976,4109.763565302088
True,0.00729752,30,1977,4110.985649919425
True,0.00728402,30,1978,4118.6048363403725
True,0.00730441,30,1979,4107.107897831584
True,0.00731421,30,1980,4101.604958020073
True,0.00730081,30,1981,4109.133096190697
True,0.00730423,30,1982,4107.209110337434
True,0.00730151,30,1983,4108.739151216666
True,0.00728811,30,1984,4116.293524658656
True,0.00730292,30,1985,4107.94586275079
True,0.00729642,30,1986,4111.605417451298
True,0.00732059,30,1987,4098.030350012772
True,0.00729726,30,1988,4111.132123564187
True,0.00730197,30,1989,4108.480314216575
True,0.00728846,30,1990,4116.095855640286
True,0.00730552,30,1991,4106.483864256069
True,0.00730223,30,1992,4108.334029467711
True,0.00729701,30,1993,4111.27297345077
True,0.00729733,30,1994,4111.092687325364
True,0.00729598,30,1995,4111.853376791055
True,0.00728912,30,1996,4115.723159997367
True,0.00731067,30,1997,4103.591052530069
True,0.00729724,30,1998,4111.14339119996
True,0.00729625,30,1999,4111.7012163782765
True,0.0072941,30,2000,4112.913176402846
True,0.00732394,30,2001,4096.155894231793
True,0.00730204,30,2002,4108.440928836325
True,0.00729677,30,2003,4111.408198422041
True,0.0072924,30,2004,4113.871976304097
True,0.00730662,30,2005,4105.865639652809
True,0.00730679,30,2006,4105.770112457044
True,0.00728854,30,2007,4116.050676815933
True,0.00729917,30,2008,4110.056348872543
True,0.00728828,30,2009,4116.197511621397
True,0.00730471,30,2010,4106.939221406463
True,0.00729797,30,2011,4110.732162505464
True,0.00729713,30,2012,4111.205364300759
True,0.00742957,30,2013,4037.9187489989326
True,0.00730837,30,2014,4104.882484055953
True,0.00732435,30,2015,4095.92660099531
True,0.00730238,30,2016,4108.24963915874
True,0.00732724,30,2017,4094.311091215792
True,0.00730295,30,2018,4107.928987600901
True,0.00728738,30,2019,4116.705866854754
True,0.00730374,30,2020,4107.4846585448
True,0.00730305,30,2021,4107.872738102574
True,0.00730465,30,2022,4106.972955583087
True,0.00729973,30,2023,4109.7410452167405
True,0.00729163,30,2024,4114.306403369343
True,0.00728668,30,2025,4117.101341077143
True,0.00729933,30,2026,4109.966257177029
True,0.00729639,30,2027,4111.622322819915
True,0.00730549,30,2028,4106.500727535045
True,0.00731462,30,2029,4101.37505434322
True,0.00731186,30,2030,4102.923196013053
True,0.007326,30,2031,4095.004095004095
True,0.0073081,30,2032,4105.0341402006
True,0.00731474,30,2033,4101.307770337701
True,0.00728492,30,2034,4118.096012035821
True,0.00728314,30,2035,4119.102475031374
True,0.00726299,30,2036,4130.53026370682
True,0.00728562,30,2037,4117.70034671037
True,0.00728055,30,2038,4120.567814244803
True,0.00727117,30,2039,4125.883454794758
True,0.00728619,30,2040,4117.37821824575
True,0.00726307,30,2041,4130.484767460592
True,0.00727931,30,2042,4121.269735730447
True,0.00728062,30,2043,4120.52819677445
True,0.00729471,30,2044,4112.569245384669
True,0.00727475,30,2045,4123.853053369532
True,0.00727634,30,2046,4122.951923631936
True,0.00727451,30,2047,4123.989107170105
True,0.00729313,30,2048,4113.460201586973
True,0.00728777,30,2049,4116.485564171207
True,0.00728323,30,2050,4119.051574644766
True,0.00728279,30,2051,4119.300432938476
True,0.00727224,30,2052,4125.276393518366
True,0.00727256,30,2053,4125.094877182175
True,0.00728374,30,2054,4118.7631628806075
True,0.00729104,30,2055,4114.639338146547
True,0.00728435,30,2056,4118.418252829696
True,0.00728104,30,2057,4120.290507949414
True,0.00728708,30,2058,4116.875346503675
True,0.00728535,30,2059,4117.852951471103
True,0.00727983,30,2060,4120.975352446417
True,0.00729101,30,2061,4114.6562684730925
True,0.00728098,30,2062,4120.324461816953
True,0.00728802,30,2063,4116.344356903521
True,0.00726597,30,2064,4128.836204938913
True,0.00728674,30,2065,4117.0674403093835
True,0.00728175,30,2066,4119.888763003399
True,0.00727846,30,2067,4121.751029750799
True,0.00728533,30,2068,4117.864255977423
True,0.00726723,30,2069,4128.120342964238
True,0.00728874,30,2070,4115.937734093958
True,0.00728896,30,2071,4115.813504258495
True,0.00731124,30,2072,4103.271127743037
True,0.00728976,30,2073,4115.361822611444
True,0.00729108,30,2074,4114.616764594545
True,0.00728251,30,2075,4119.458812964212
True,0.00748059,30,2076,4010.378860490951
True,0.00801785,30,2077,3741.651440224
True,0.00801769,30,2078,3741.7261081433685
True,0.00802057,30,2079,3740.38254139045
True,0.00802545,30,2080,3738.1081434685907
True,0.0074054,30,2081,4051.0978475166767
True,0.00729173,30,2082,4114.2499790858965
True,0.00729133,30,2083,4114.475685505936
True,0.00729794,30,2084,4110.74906069384
True,0.00728154,30,2085,4120.007580813948
True,0.00730803,30,2086,4105.073460289572
True,0.00729076,30,2087,4114.797359946014
True,0.00729101,30,2088,4114.6562684730925
True,0.00729167,30,2089,4114.283833470247
True,0.00729115,30,2090,4114.577261474527
True,0.00727605,30,2091,4123.116251262704
True,0.00729219,30,2092,4113.990447314181
True,0.00729185,30,2093,4114.18227198859
True,0.00729689,30,2094,4111.340584824494
True,0.00728299,30,2095,4119.18731180463
True,0.00727062,30,2096,4126.195565165007
True,0.00728635,30,2097,4117.287805279736
True,0.00729563,30,2098,4112.05063853293
True,0.00730056,30,2099,4109.27380913245
True,0.00731724,30,2100,4099.906522131296
True,0.00729215,30,2101,4114.013013994501
True,0.00728412,30,2102,4118.548294097297
True,0.00730019,30,2103,4109.4820819732095
True,0.00730055,30,2104,4109.279437850572
True,0.00730014,30,2105,4109.510228570959
True,0.00730513,30,2106,4106.703097686147
True,0.00728804,30,2107,4116.333060740611
True,0.00727348,30,2108,4124.573106683459
True,0.00729886,30,2109,4110.230912772679
True,0.00729327,30,2110,4113.381240513514
True,0.00730568,30,2111,4106.393929107215
True,0.00729863,30,2112,4110.360437506764
True,0.00728325,30,2113,4119.040263618577
True,0.00729672,30,2114,4111.436371410717
True,0.00731602,30,2115,4100.590211617792
True,0.00730104,30,2116,4109.00364879524
True,0.00729212,30,2117,4114.029939167211
True,0.0072922,30,2118,4113.984805682784
True,0.00728322,30,2119,4119.057230181156
True,0.00728502,30,2120,4118.039483762571
True,0.00728658,30,2121,4117.157843597408
True,0.00728804,30,2122,4116.333060740611
True,0.00729231,30,2123,4113.922748758624
True,0.00728599,30,2124,4117.491240037387
True,0.00728192,30,2125,4119.792582176129
True,0.00729768,30,2126,4110.895517479527
True,0.00729841,30,2127,4110.48433836959
True,0.00729785,30,2128,4110.799756092548
True,0.0073224,30,2129,4097.017371353655
True,0.00729222,30,2130,4113.973522466409
True,0.00730387,30,2131,4107.411550315107
True,0.00729205,30,2132,4114.069431778444
True,0.00729397,30,2133,4112.986480613438
True,0.00729194,30,2134,4114.1314931280285
True,0.00729668,30,2135,4111.458910079653
True,0.00729255,30,2136,4113.787358331448
True,0.00730038,30,2137,4109.3751284179725
True,0.00729289,30,2138,4113.59557048029
True,0.00730204,30,2139,4108.440928836325
True,0.00728752,30,2140,4116.626781127187
True,0.00729437,30,2141,4112.760937544984
True,0.00727742,30,2142,4122.340060076236
True,0.00731578,30,2143,4100.724734751455
True,0.00729445,30,2144,4112.715831899595
True,0.00728913,30,2145,4115.717513612736
True,0.00728646,30,2146,4117.225648668901
True,0.00728033,30,2147,4120.692331254215
True,0.00729572,30,2148,4111.999912277335
True,0.00728639,30,2149,4117.265202658656
True,0.00729387,30,2150,4113.042870245837
True,0.00728886,30,2151,4115.869971435863
True,0.00729037,30,2152,4115.017481965936
True,0.00741249,30,2153,4047.2229979399635
True,0.0072959,30,2154,4111.898463520607
True,0.00728984,30,2155,4115.3166598992575
True,0.00729315,30,2156,4113.44892124802
True,0.00731195,30,2157,4102.872694698404
True,0.00729004,30,2158,4115.203757455377
True,0.00727671,30,2159,4122.742283257132
True,0.00728701,30,2160,4116.914893763012
True,0.00729023,30,2161,4115.0965058715565
True,0.00728795,30,2162,4116.383893961951
True,0.00728981,30,2163,4115.333595800165
True,0.00727757,30,2164,4122.255093389689
True,0.00728339,30,2165,4118.9610881746
True,0.00728518,30,2166,4117.949041753258
True,0.00729248,30,2167,4113.8268462854885
True,0.00727837,30,2168,4121.801996875674
True,0.00727883,30,2169,4121.54151147918
True,0.00727967,30,2170,4121.065927439018
True,0.0072939,30,2171,4113.0259531937645
True,0.00730422,30,2172,4107.214733400691
True,0.00729095,30,2173,4114.690129544161
True,0.00729565,30,2174,4112.03936592353
True,0.00728573,30,2175,4117.638177643146
True,0.00728174,30,2176,4119.894420838975
True,0.00729029,30,2177,4115.06263811179
True,0.00728691,30,2178,4116.971391165803
True,0.00729531,30,2179,4112.231008689144
True,0.00729099,30,2180,4114.6675554348585
True,0.00728416,30,2181,4118.525677634759
True,0.00729481,30,2182,4112.512868738186
True,0.00729899,30,2183,4110.157706751208
True,0.00729344,30,2184,4113.285363285363
True,0.00729606,30,2185,4111.808291050238
True,0.00732123,30,2186,4097.672112472905
True,0.00727732,30,2187,4122.396706479858
True,0.00729461,30,2188,4112.625623576861
True,0.00729466,30,2189,4112.597434287548
True,0.00729106,30,2190,4114.628051339586
True,0.00729348,30,2191,4113.262804587111
True,0.00729094,30,2192,4114.695773110188
True,0.00727764,30,2193,4122.215443467937
True,0.0072913,30,2194,4114.492614485757
True,0.00729373,30,2195,4113.121818328894
True,0.00728704,30,2196,4116.897944844546
True,0.00728499,30,2197,4118.056442081595
True,0.00727751,30,2198,4122.289079643999
True,0.00728948,30,2199,4115.519899910556
True,0.0073441,30,2200,4084.911697825465
True,0.00734156,30,2201,4086.324977252791
True,0.00731352,30,2202,4101.991927279887
True,0.0073257,30,2203,4095.1717924566933
True,0.00727968,30,2204,4121.060266385335
True,0.00729837,30,2205,4110.5068666017205
True,0.00729458,30,2206,4112.64253733594
True,0.00729876,30,2207,4110.287226871414
True,0.00729314,30,2208,4113.454561409763
True,0.00729157,30,2209,4114.340258682287
True,0.00727893,30,2210,4121.4848885756555
True,0.0072935,30,2211,4113.251525330774
True,0.00729653,30,2212,4111.543432289047
True,0.00729558,30,2213,4112.078820326828
True,0.00731061,30,2214,4103.624731725533
True,0.00727296,30,2215,4124.868004223865
True,0.00729132,30,2216,4114.481328483732
True,0.00729227,30,2217,4113.945314696247
True,0.00777601,30,2218,3858.019729912899
True,0.00801801,30,2219,3741.57677528464
True,0.00802496,30,2220,3738.3363904617595
True,0.00802033,30,2221,3740.4944684320967
True,0.00802328,30,2222,3739.119163234986
True,0.00801482,30,2223,3743.0659702900375
True,0.00802347,30,2224,3739.0306189217386
True,0.00802084,30,2225,3740.256631475008
True,0.00801742,30,2226,3741.852117015199
True,0.00801118,30,2227,3744.766688552748
True,0.00803809,30,2228,3732.22992029201
True,0.00801952,30,2229,3740.8722716571565
True,0.00801255,30,2230,3744.1264017073217
True,0.00801838,30,2231,3741.404124025052
True,0.00801081,30,2232,3744.9396502975355
True,0.0080198,30,2233,3740.7416643806578
True,0.0080087,30,2234,3745.9263051431567
True,0.00801538,30,2235,3742.8044584286704
True,0.00745495,30,2236,4024.17185896619
True,0.00729734,30,2237,4111.087053638723
True,0.00729749,30,2238,4111.002550191915
True,0.00728276,30,2239,4119.317401644432
True,0.00729929,30,2240,4109.988779730631
True,0.00732736,30,2241,4094.2440387806796
True,0.00730129,30,2242,4108.862954354641
True,0.00729915,30,2243,4110.067610612195
True,0.00730767,30,2244,4105.275689788948
True,0.00729002,30,2245,4115.215047420995
True,0.00730908,30,2246,4104.48373803543
True,0.00730595,30,2247,4106.242172475859
True,0.00729734,30,2248,4111.087053638723
True,0.00730782,30,2249,4105.191425076152
True,0.00730788,30,2250,4105.157720159608
True,0.00729023,30,2251,4115.0965058715565
True,0.007302,30,2252,4108.463434675431
True,0.00730037,30,2253,4109.380757413665
True,0.00730095,30,2254,4109.05430115259
True,0.00731573,30,2255,4100.752761515255
True,0.00729683,30,2256,4111.374391345283
True,0.00728911,30,2257,4115.728806397489
True,0.00730003,30,2258,4109.572152443209
True,0.00729904,30,2259,4110.129551283457
True,0.00729024,30,2260,4115.090861206216
True,0.00729384,30,2261,4113.05978743707
True,0.00728338,30,2262,4118.9667434625135
True,0.00729638,30,2263,4111.62795797368
True,0.00729996,30,2264,4109.611559515394
True,0.00730078,30,2265,4109.149981234882
True,0.00729251,30,2266,4113.809922783787
True,0.00730279,30,2267,4108.018990002452
True,0.00727352,30,2268,4124.5504240037835
True,0.00729241,30,2269,4113.8663349976205
True,0.00731841,30,2270,4099.25106683009
True,0.00728564,30,2271,4117.689043103968
True,0.0072876,30,2272,4116.581590647127
True,0.00729619,30,2273,4111.735028830115
True,0.0072815,30,2274,4120.030213554899
True,0.0072997,30,2275,4109.757935257613
True,0.00729286,30,2276,4113.612492218416
True,0.00729515,30,2277,4112.321199701171
True,0.00729139,30,2278,4114.441827964215
True,0.00727783,30,2279,4122.107826096515
True,0.00729364,30,2280,4113.172572268442
True,0.00729396,30,2281,4112.992119507099
True,0.00729554,30,2282,4112.101366040074
True,0.00730184,30,2283,4108.553460497627
True,0.00732573,30,2284,4095.1550220933614
True,0.00728852,30,2285,4116.061971429042
True,0.00729828,30,2286,4110.5575560269
True,0.00729029,30,2287,4115.06263811179
True,0.00729665,30,2288,4111.475814243523
True,0.00728516,30,2289,4117.9603467871675
True,0.0072923,30,2290,4113.928390219821
True,0.00728075,30,2291,4120.454623493459
True,0.0074309,30,2292,4037.196032782032
True,0.00729254,30,2293,4113.792999421326
True,0.0072886,30,2294,4116.016793348517
True,0.00729047,30,2295,4114.961038177236
True,0.00727895,30,2296,4121.473564181647
True,0.00729495,30,2297,4112.4339440297745
True,0.00731149,30,2298,4103.1308255909535
True,0.00729386,30,2299,4113.048509294119
True,0.00729125,30,2300,4114.520829761701
True,0.00728217,30,2301,4119.651147940793
True,0.00728148,30,2302,4120.041530018622
True,0.00729729,30,2303,4111.115222226334
True,0.00728947,30,2304,4115.525545752983
True,0.00729661,30,2305,4111.498353344909
True,0.00729912,30,2306,4110.084503337389
True,0.00729254,30,2307,4113.792999421326
True,0.00727869,30,2308,4121.620786157949
True,0.00729492,30,2309,4112.450856212268
True,0.00728974,30,2310,4115.373113444375
True,0.00729594,30,2311,4111.875920032237
True,0.00731725,30,2312,4099.900919061122
True,0.00727684,30,2313,4122.668630889232
True,0.00730703,30,2314,4105.63525810076
True,0.00729683,30,2315,4111.374391345283
True,0.0073013,30,2316,4108.857326777423
True,0.00729266,30,2317,4113.725307363842
True,0.00729577,30,2318,4111.971731565002
True,0.00728382,30,2319,4118.717925484156
True,0.00730661,30,2320,4105.871259038049
True,0.00730271,30,2321,4108.063992682169
True,0.00730202,30,2322,4108.452181725057
True,0.00729975,30,2323,4109.729785266619
True,0.007305,30,2324,4106.776180698152
True,0.00729552,30,2325,4112.112638989407
True,0.00731241,30,2326,4102.61459628221
True,0.00733977,30,2327,4087.3215373233766
True,0.00731571,30,2328,4100.763972328045
True,0.00730495,30,2329,4106.804290241548
True,0.00731313,30,2330,4102.210681336172
True,0.00730785,30,2331,4105.174572548697
True,0.00730574,30,2332,4106.360204441987
True,0.00731335,30,2333,4102.087278743667
True,0.00731308,30,2334,4102.238728415387
True,0.0073206,30,2335,4098.024752069503
True,0.00729551,30,2336,4112.118275487252
True,0.00729933,30,2337,4109.966257177029
True,0.00731853,30,2338,4099.183852494968
True,0.00731827,30,2339,4099.329486340351
True,0.00729257,30,2340,4113.776076198103
True,0.00733388,30,2341,4090.6041549629936
True,0.00728249,30,2342,4119.470126289222
True,0.00729889,30,2343,4110.214018843962
True,0.00729576,30,2344,4111.977367676568
True,0.00728908,30,2345,4115.745745690814
True,0.00730142,30,2346,4108.789797053176
True,0.00730473,30,2347,4106.927976804071
True,0.00728294,30,2348,4119.215591505628
True,0.00730315,30,2349,4107.8164901446635
True,0.00731451,30,2350,4101.436733287671
True,0.00730754,30,2351,4105.348722004943
True,0.00730391,30,2352,4107.389055998773
True,0.00729815,30,2353,4110.630776292623
True,0.00728252,30,2354,4119.453156325008
True,0.00732496,30,2355,4095.585504903781
True,0.00730348,30,2356,4107.630882812029
True,0.0073021,30,2357,4108.407170539982
True,0.00729778,30,2358,4110.839186711575
True,0.00727828,30,2359,4121.852965261023
True,0.00730153,30,2360,4108.727896755886
True,0.00730342,30,2361,4107.664628352197
True,0.00729604,30,2362,4111.8195623927495
True,0.00729458,30,2363,4112.64253733594
True,0.00729473,30,2364,4112.557969931718
True,0.00728375,30,2365,4118.757508151707
True,0.00729734,30,2366,4111.087053638723
True,0.00730102,30,2367,4109.014904766731
True,0.00729854,30,2368,4110.411123320555
True,0.00732036,30,2369,4098.159106929167
True,0.00732433,30,2370,4095.9377854356644
True,0.00730865,30,2371,4104.725222852374
True,0.00731272,30,2372,4102.440678707786
True,0.00783155,30,2373,3830.659320313348
True,0.00800835,30,2374,3746.090018543146
True,0.00741833,30,2375,4044.0368654400654
True,0.00728303,30,2376,4119.164688323403
True,0.00727988,30,2377,4120.947048577724
True,0.00726627,30,2378,4128.665739093097
True,0.00727981,30,2379,4120.986674102758
True,0.00727799,30,2380,4122.017205299815
True,0.00727594,30,2381,4123.178585859697
True,0.0072864,30,2382,4117.259552042161
True,0.0073047,30,2383,4106.944843730749
True,0.00726955,30,2384,4126.802897015634
True,0.00728407,30,2385,4118.576565024773
True,0.00729929,30,2386,4109.988779730631
True,0.00728523,30,2387,4117.920779440045
True,0.00728664,30,2388,4117.123941899147
True,0.00728212,30,2389,4119.679434010975
True,0.00725989,30,2390,4132.294015474064
True,0.00727749,30,2391,4122.30040851997
True,0.00729148,30,2392,4114.391042696408
True,0.00728248,30,2393,4119.475782975031
True,0.00732332,30,2394,4096.502679112752
True,0.00727776,30,2395,4122.147473948028
True,0.00728372,30,2396,4118.77447238499
True,0.00728781,30,2397,4116.46297035735
True,0.00731233,30,2398,4102.659480630661
True,0.00728578,30,2399,4117.609919596804
True,0.00728709,30,2400,4116.869696957221
True,0.00726941,30,2401,4126.882374222942
True,0.00728315,30,2402,4119.0968193707395
True,0.00728489,30,2403,4118.112970820424
True,0.00728599,30,2404,4117.491240037387
True,0.00728139,30,2405,4120.092454874687
True,0.00726491,30,2406,4129.438630347795
True,0.00728616,30,2407,4117.395171118944
True,0.00728101,30,2408,4120.307484813234
True,0.00728403,30,2409,4118.599182046202
True,0.00727988,30,2410,4120.947048577724
True,0.0072897,30,2411,4115.3956952961025
True,0.0072938,30,2412,4113.082343908525
True,0.00727598,30,2413,4123.155918515444
True,0.00728917,30,2414,4115.69492822914
True,0.00727765,30,2415,4122.209779255666
True,0.00729936,30,2416,4109.949365423818
True,0.00728841,30,2417,4116.124092909153
True,0.00727383,30,2418,4124.3746416949525
True,0.00729113,30,2419,4114.588548002847
True,0.00729282,30,2420,4113.635054752483
True,0.00729671,30,2421,4111.442006054784
True,0.00728041,30,2422,4120.647051471003
True,0.00728174,30,2423,4119.894420838975
True,0.00729408,30,2424,4112.924453803633
True,0.00729155,30,2425,4114.351543910417
True,0.00730913,30,2426,4104.455660249579
True,0.00729445,30,2427,4112.715831899595
True,0.00728375,30,2428,4118.757508151707
True,0.00728613,30,2429,4117.412124131741
True,0.00729069,30,2430,4114.836867292396
True,0.00728547,30,2431,4117.785125736569
True,0.00742233,30,2432,4041.85747602168
True,0.00727862,30,2433,4121.660424640934
True,0.00729686,30,2434,4111.357488015393
True,0.00727088,30,2435,4126.048016196113
True,0.00728924,30,2436,4115.6554044043005
True,0.00729367,30,2437,4113.15565414942
True,0.0072864,30,2438,4117.259552042161
True,0.00729593,30,2439,4111.881555881156
True,0.00727607,30,2440,4123.104917902109
True,0.00731164,30,2441,4103.046648905033
True,0.00729279,30,2442,4113.651976815458
True,0.00729886,30,2443,4110.230912772679
True,0.00729634,30,2444,4111.650498743205
True,0.00728833,30,2445,4116.169273345197
True,0.00727714,30,2446,4122.498673929594
True,0.0072902,30,2447,4115.113439960495
True,0.00729028,30,2448,4115.0682826997045
True,0.00728704,30,2449,4116.897944844546
True,0.00729707,30,2450,4111.239168597807
True,0.00729271,30,2451,4113.6971029973765
True,0.0072881,30,2452,4116.299172623866
True,0.00729194,30,2453,4114.1314931280285
True,0.00730046,30,2454,4109.330097007586
True,0.00733519,30,2455,4089.873609272561
True,0.00729947,30,2456,4109.8874301832875
True,0.00728268,30,2457,4119.3626522104505
True,0.00729317,30,2458,4113.437640970936
True,0.00728976,30,2459,4115.361822611444
True,0.00729586,30,2460,4111.92100725617
True,0.007298,30,2461,4110.715264456016
True,0.00729569,30,2462,4112.016820890142
True,0.0072781,30,2463,4121.954905813331
True,0.00729696,30,2464,4111.3011445862385
True,0.00729636,30,2465,4111.63922832755
True,0.00729613,30,2466,4111.76884183807
True,0.00730632,30,2467,4106.034227901324
True,0.00729886,30,2468,4110.230912772679
True,0.00730958,30,2469,4104.202977462453
True,0.00730858,30,2470,4104.764537023608
True,0.00729942,30,2471,4109.915582333939
True,0.00729528,30,2472,4112.247919202553
True,0.00730901,30,2473,4104.523047580999
True,0.00728559,30,2474,4117.717302236332
True,0.00729458,30,2475,4112.64253733594
True,0.00730556,30,2476,4106.46138009954
True,0.00729759,30,2477,4110.94621649065
True,0.00730227,30,2478,4108.311525046322
True,0.00729661,30,2479,4111.498353344909
True,0.00728321,30,2480,4119.062885733077
True,0.00730831,30,2481,4104.91618445304
True,0.00731215,30,2482,4102.760474005593
True,0.00731843,30,2483,4099.2398642878325
True,0.00729736,30,2484,4111.075786311762
True,0.00729625,30,2485,4111.7012163782765
True,0.0072834,30,2486,4118.955432902216
True,0.00730472,30,2487,4106.93359909757
True,0.00730655,30,2488,4105.904975672513
True,0.00729542,30,2489,4112.169004663199
True,0.00728888,30,2490,4115.858677876437
True,0.00727648,30,2491,4122.872597739566
True,0.00729795,30,2492,4110.743427948944
True,0.00729172,30,2493,4114.255621444598
True,0.00729924,30,2494,4110.016933269765
True,0.00729539,30,2495,4112.185914666659
True,0.00729563,30,2496,4112.05063853293
True,0.00728772,30,2497,4116.513806787308
True,0.00732346,30,2498,4096.424367716899
True,0.00730157,30,2499,4108.705388019289
True,0.00728966,30,2500,4115.418277395654
True,0.00729264,30,2501,4113.736589218719
True,0.00729854,30,2502,4110.411123320555
True,0.00728712,30,2503,4116.8527484108945
True,0.00729642,30,2504,4111.605417451298
True,0.00730053,30,2505,4109.2906953330785
True,0.00728992,30,2506,4115.2714981783065
True,0.00729628,30,2507,4111.684310360896
True,0.00727298,30,2508,4124.856661231022
True,0.00728901,30,2509,4115.785271250828
True,0.00728416,30,2510,4118.525677634759
True,0.00729316,30,2511,4113.443281101745
True,0.00772769,30,2512,3882.1433054379772
True,0.00802369,30,2513,3738.9280991663436
True,0.00802746,30,2514,3737.1721565725647
True,0.00801721,30,2515,3741.9501297833035
True,0.00802327,30,2516,3739.1238235781666
True,0.00801761,30,2517,3741.763443220611
True,0.00802174,30,2518,3739.8369929716
True,0.00802958,30,2519,3736.1854542827896
True,0.00803019,30,2520,3735.901641181591
True,0.00802953,30,2521,3736.2087195639097
True,0.00801753,30,2522,3741.800779042922
True,0.00789324,30,2523,3800.7206166289134
True,0.00730169,30,2524,4108.637863289184
True,0.00731962,30,2525,4098.573423210495
True,0.00727974,30,2526,4121.026300389849
True,0.007296,30,2527,4111.8421052631575
True,0.00728878,30,2528,4115.915146293344
True,0.0072948,30,2529,4112.518506333278
True,0.00728749,30,2530,4116.643727813006
True,0.00728576,30,2531,4117.621222768798
True,0.00727591,30,2532,4123.195586531444
True,0.00728965,30,2533,4115.423922959264
True,0.00729018,30,2534,4115.1247294305485
True,0.00728699,30,2535,4116.926193119519
True,0.0072861,30,2536,4117.429077284143
True,0.00727009,30,2537,4126.496370746442
True,0.00729173,30,2538,4114.2499790858965
True,0.00731764,30,2539,4099.682411269207
True,0.00732205,30,2540,4097.213212146871
True,0.00732984,30,2541,4092.858780000655
True,0.00731248,30,2542,4102.575323282936
True,0.00729705,30,2543,4111.250436820359
True,0.00727916,30,2544,4121.354661801636
True,0.00728443,30,2545,4118.373023009351
True,0.00728214,30,2546,4119.66811953629
True,0.00727824,30,2547,4121.875618281343
True,0.00727767,30,2548,4122.198450877822
True,0.00726976,30,2549,4126.683686944273
True,0.00728932,30,2550,4115.610235248281
True,0.00727852,30,2551,4121.717052367789
True,0.00728916,30,2552,4115.7005745518
True,0.00730097,30,2553,4109.043044965258
True,0.00728049,30,2554,4120.601772682883
True,0.00729472,30,2555,4112.563607650465
True,0.00729357,30,2556,4113.212048420733
True,0.0072854,30,2557,4117.824690476844
True,0.00728192,30,2558,4119.792582176129
True,0.00729196,30,2559,4114.120209107016
True,0.00726959,30,2560,4126.780189804376
True,0.00728768,30,2561,4116.536401159216
True,0.00728043,30,2562,4120.635731680683
True,0.00728244,30,2563,4119.498409873614
True,0.00727666,30,2564,4122.770611791674
True,0.00727769,30,2565,4122.187122562242
True,0.00729259,30,2566,4113.764794126641
True,0.0072852,30,2567,4117.9377367814195
True,0.00730728,30,2568,4105.494794232601
True,0.00728394,30,2569,4118.650071252646
True,0.00729009,30,2570,4115.175532812352
True,0.00740374,30,2571,4052.0061482439955
True,0.00728207,30,2572,4119.707720469592
True,0.0072912,30,2573,4114.549045424621
True,0.00727938,30,2574,4121.230104761669
True,0.00727814,30,2575,4121.9322519215075
True,0.00727709,30,2576,4122.526999116405
True,0.00726089,30,2577,4131.724898738309
True,0.007279,30,2578,4121.4452534688835
True,0.00728785,30,2579,4116.440376791509
True,0.00728989,30,2580,4115.288433707505
True,0.00729405,30,2581,4112.941370020771
True,0.0072952,30,2582,4112.293014584932
True,0.00729462,30,2583,4112.619985688082
True,0.00729673,30,2584,4111.430736782093
True,0.00728807,30,2585,4116.316116612492
True,0.00728822,30,2586,4116.231398064274
True,0.00730266,30,2587,4108.092119857696
True,0.00728159,30,2588,4119.979290237435
True,0.00731271,30,2589,4102.446288721965
True,0.00730319,30,2590,4107.793991392802
True,0.00730163,30,2591,4108.671625376799
True,0.00730778,30,2592,4105.213895327993
True,0.00730474,30,2593,4106.922354525966
True,0.00728275,30,2594,4119.323057910817
True,0.00730256,30,2595,4108.148375364256
True,0.00731631,30,2596,4100.427674606462
True,0.00730551,30,2597,4106.489485333673
True,0.00729806,30,2598,4110.681468773893
True,0.00728027,30,2599,4120.726291744674
True,0.00729028,30,2600,4115.0682826997045
True,0.00729602,30,2601,4111.830833797057
True,0.00729368,30,2602,4113.15001480734
True,0.00729111,30,2603,4114.599834593087
True,0.00729256,30,2604,4113.78171725704
True,0.00728131,30,2605,4120.13772247027
True,0.00730309,30,2606,4107.850238734563
True,0.00729215,30,2607,4114.013013994501
True,0.00729176,30,2608,4114.233052102647
True,0.00729986,30,2609,4109.667856643826
True,0.00731159,30,2610,4103.074707416581
True,0.00727756,30,2611,4122.260757726491
True,0.00729196,30,2612,4114.120209107016
True,0.00728439,30,2613,4118.395637795341
True,0.00729176,30,2614,4114.233052102647
True,0.00730085,30,2615,4109.110583014306
True,0.00728263,30,2616,4119.390934319058
True,0.00729447,30,2617,4112.704555642837
True,0.00730339,30,2618,4107.681501330204
True,0.00730214,30,2619,4108.3846653172905
True,0.00729164,30,2620,4114.300760871354
True,0.00730149,30,2621,4108.7504057391025
True,0.00729137,30,2622,4114.453113749542
True,0.00729536,30,2623,4112.202824809194
True,0.00730005,30,2624,4109.560893418538
True,0.00732059,30,2625,4098.030350012772
True,0.00729759,30,2626,4110.94621649065
True,0.0072946,30,2627,4112.631261481096
True,0.00728286,30,2628,4119.2608398349
True,0.00728744,30,2629,4116.671972599432
True,0.00728403,30,2630,4118.599182046202
True,0.00728873,30,2631,4115.94338108285
True,0.00729652,30,2632,4111.549067226569
True,0.00728366,30,2633,4118.80840127079
True,0.0072968,30,2634,4111.391294814165
True,0.0072919,30,2635,4114.154061355751
True,0.00729224,30,2636,4113.962239311926
True,0.00729358,30,2637,4113.206408924013
True,0.00729736,30,2638,4111.075786311762
True,0.00729756,30,2639,4110.963116438919
True,0.00730451,30,2640,4107.051670817071
True,0.00729379,30,2641,4113.087983065046
True,0.00729203,30,2642,4114.080715520919
True,0.00729351,30,2643,4113.245885725803
True,0.00729975,30,2644,4109.729785266619
True,0.0072847,30,2645,4118.220379699919
True,0.00729798,30,2646,4110.726529806878
True,0.00730095,30,2647,4109.05430115259
True,0.007296,30,2648,4111.8421052631575
True,0.00730256,30,2649,4108.148375364256
True,0.0072771,30,2650,4122.521334047904
True,0.00730162,30,2651,4108.677252445348
True,0.00729112,30,2652,4114.594191290227
True,0.00732207,30,2653,4097.2020207400365
True,0.00730374,30,2654,4107.4846585448
True,0.00729271,30,2655,4113.6971029973765
True,0.0072842,30,2656,4118.503061420609
True,0.00730252,30,2657,4108.17087799828
True,0.00729946,30,2658,4109.8930605825635
True,0.00730073,30,2659,4109.178123283562
True,0.00729545,30,2660,4112.152094798813
True,0.00802037,30,2661,3740.4758134599774
True,0.00802765,30,2662,3737.0837044465065
True,0.00803106,30,2663,3735.4969331570182
True,0.00802572,30,2664,3737.982386626994
True,0.00803498,30,2665,3733.674508212839
True,0.0080271,30,2666,3737.339761557723
True,0.00797386,30,2667,3762.2932933359757
True,0.00730415,30,2668,4107.254095274604
True,0.00728532,30,2669,4117.869908253859
True,0.00730134,30,2670,4108.834816622702
True,0.00729789,30,2671,4110.777224649864
True,0.00728811,30,2672,4116.293524658656
True,0.00729235,30,2673,4113.900183068558
True,0.00729204,30,2674,4114.075073641944
True,0.00728203,30,2675,4119.7303499161635
True,0.00729386,30,2676,4113.048509294119
True,0.00730576,30,2677,4106.348963010008
True,0.00728923,30,2678,4115.661050618515
True,0.0072867,30,2679,4117.090040759192
True,0.00728004,30,2680,4120.856478810556
True,0.00731766,30,2681,4099.671206369249
True,0.0072953,30,2682,4112.236645511493
True,0.00729693,30,2683,4111.318047452833
True,0.00729539,30,2684,4112.185914666659
True,0.00728933,30,2685,4115.60458917349
True,0.00727563,30,2686,4123.354266228492
True,0.00729377,30,2687,4113.099261424476
True,0.007295,30,2688,4112.40575736806
True,0.00729319,30,2689,4113.426360755719
True,0.00729975,30,2690,4109.729785266619
True,0.00728673,30,2691,4117.073090398574
True,0.00728275,30,2692,4119.323057910817
True,0.00729362,30,2693,4113.183851091776
True,0.00729865,30,2694,4110.349174162345
True,0.00731943,30,2695,4098.679815231514
True,0.00729314,30,2696,4113.454561409763
True,0.00728336,30,2697,4118.978054084928
True,0.00729895,30,2698,4110.1802314031465
True,0.00729838,30,2699,4110.501234520538
True,0.00729713,30,2700,4111.205364300759
True,0.00729674,30,2701,4111.425102168913
True,0.00729178,30,2702,4114.221767524527
True,0.00727842,30,2703,4121.773681650688
True,0.00729289,30,2704,4113.59557048029
True,0.00728727,30,2705,4116.768007772458
True,0.00729189,30,2706,4114.159703451369
True,0.00730208,30,2707,4108.418423243788
True,0.00728032,30,2708,4120.6979912970855
True,0.00727169,30,2709,4125.588412047268
True,0.00734931,30,2710,4082.0158627136425
True,0.00745563,30,2711,4023.804829370556
True,0.00729998,30,2712,4109.600300274795
True,0.00729957,30,2713,4109.8311270389895
True,0.00725879,30,2714,4132.920224996177
True,0.00727364,30,2715,4124.482377461629
True,0.00727237,30,2716,4125.20265058021
True,0.00726989,30,2717,4126.609893684774
True,0.00726688,30,2718,4128.319168611563
True,0.00727549,30,2719,4123.433610657152
True,0.00726078,30,2720,4131.787493905614
True,0.00728325,30,2721,4119.040263618577
True,0.00727625,30,2722,4123.0029204604025
True,0.00727683,30,2723,4122.674296362565
True,0.00729796,30,2724,4110.737795219486
True,0.00726997,30,2725,4126.564483759906
True,0.00726132,30,2726,4131.4802267356345
True,0.00727876,30,2727,4121.581148437372
True,0.00726928,30,2728,4126.956177228006
True,0.00727467,30,2729,4123.898403638928
True,0.00727734,30,2730,4122.38537707459
True,0.00725816,30,2731,4133.278957752378
True,0.00726953,30,2732,4126.8142507149705
True,0.00727808,30,2733,4121.96623285262
True,0.00727484,30,2734,4123.802035508685
True,0.00727898,30,2735,4121.456577707316
True,0.00725481,30,2736,4135.187551431395
True,0.00727138,30,2737,4125.764297836174
True,0.00729381,30,2738,4113.076704767467
True,0.00727983,30,2739,4120.975352446417
True,0.00727056,30,2740,4126.229616425695
True,0.00728482,30,2741,4118.152541861021
True,0.0072688,30,2742,4127.22870349989
True,0.00728443,30,2743,4118.373023009351
True,0.00727264,30,2744,4125.0495005940065
True,0.00727566,30,2745,4123.337264248192
True,0.00728077,30,2746,4120.443304760348
True,0.00727778,30,2747,4122.136145912627
True,0.00727814,30,2748,4121.9322519215075
True,0.00810081,30,2749,3703.333370366667
True,0.00727971,30,2750,4121.043283317605
True,0.0072811,30,2751,4120.256554641469
True,0.00731802,30,2752,4099.469528642994
True,0.00728766,30,2753,4116.547698438182
True,0.00727116,30,2754,4125.889129107323
True,0.00728932,30,2755,4115.610235248281
True,0.00728665,30,2756,4117.118291670383
True,0.0072906,30,2757,4114.887663566785
True,0.00730157,30,2758,4108.705388019289
True,0.00729346,30,2759,4113.274083905307
True,0.00728428,30,2760,4118.457829737462
True,0.00729916,30,2761,4110.061979734654
True,0.00729328,30,2762,4113.375600552838
True,0.00729531,30,2763,4112.231008689144
True,0.00729206,30,2764,4114.063789930417
True,0.00729678,30,2765,4111.402563870639
True,0.00727967,30,2766,4121.065927439018
True,0.00731277,30,2767,4102.412628867037
True,0.00728521,30,2768,4117.932084318777
True,0.00729019,30,2769,4115.119084687779
True,0.00728859,30,2770,4116.022440554346
True,0.00726973,30,2771,4126.7007165328005
True,0.00728697,30,2772,4116.937492538051
True,0.00729567,30,2773,4112.028093375934
True,0.00729194,30,2774,4114.1314931280285
True,0.00729361,30,2775,4113.189490526639
True,0.00728379,30,2776,4118.734889391375
True,0.00727468,30,2777,4123.8927348007055
True,0.00728552,30,2778,4117.756865673281
True,0.00728555,30,2779,4117.7399098214955
True,0.00745331,30,2780,4025.0573235247157
True,0.00748376,30,2781,4008.6801287053568
True,0.00736111,30,2782,4075.47231327884
True,0.00743487,30,2783,4035.0402898772945
True,0.00744786,30,2784,4028.002674593776
True,0.00738601,30,2785,4061.732924813262
True,0.00744813,30,2786,4027.856656637304
True,0.00745771,30,2787,4022.6825660960267
True,0.00747421,30,2788,4013.802127582714
True,0.00741676,30,2789,4044.892918201479
True,0.00729038,30,2790,4115.011837517386
True,0.0072891,30,2791,4115.734452813104
True,0.00729705,30,2792,4111.250436820359
True,0.00728693,30,2793,4116.960091561193
True,0.00729208,30,2794,4114.0525062807865
True,0.00732503,30,2795,4095.546366363005
True,0.00727302,30,2796,4124.833975432489
True,0.0072934,30,2797,4113.307922231058
True,0.00727961,30,2798,4121.0998940877325
True,0.00728816,30,2799,4116.265285065092
True,0.0072838,30,2800,4118.729234740108
True,0.00726325,30,2801,4130.382404570957
True,0.00728589,30,2802,4117.547753260069
True,0.00728707,30,2803,4116.8809960656345
True,0.00736808,30,2804,4071.6170291310627
True,0.00802027,30,2805,3740.522451239173
True,0.00802653,30,2806,3737.6051668653827
True,0.00802423,30,2807,3738.6764836002953
True,0.00803771,30,2808,3732.406369475883
True,0.00804585,30,2809,3728.6302876638265
True,0.00802429,30,2810,3738.6485284056284
True,0.00750741,30,2811,3996.0519007220864
True,0.00728685,30,2812,4117.005290351798
True,0.00728577,30,2813,4117.615571175044
True,0.00727205,30,2814,4125.384176401427
True,0.00729587,30,2815,4111.915371299105
True,0.00729097,30,2816,4114.678842458548
True,0.00729159,30,2817,4114.328973516064
True,0.00728469,30,2818,4118.226032954045
True,0.00728059,30,2819,4120.5451755970325
True,0.00728947,30,2820,4115.525545752983
True,0.0072835,30,2821,4118.898881032471
True,0.00728486,30,2822,4118.129929744703
True,0.00731568,30,2823,4100.780788662161
True,0.00729027,30,2824,4115.073927303104
True,0.00728557,30,2825,4117.728605997883
True,0.00729485,30,2826,4112.490318512375
True,0.00729497,30,2827,4112.422669318723
True,0.00728994,30,2828,4115.260207902946
True,0.00732721,30,2829,4094.3278546677384
True,0.00729311,30,2830,4113.471481987794
True,0.00728372,30,2831,4118.77447238499
True,0.00728856,30,2832,4116.039382264809
True,0.00727937,30,2833,4121.235766281972
True,0.00728625,30,2834,4117.344312918168
True,0.0072787,30,2835,4121.61512357976
True,0.00727912,30,2836,4121.377309345085
True,0.00731057,30,2837,4103.647184829637
True,0.00729303,30,2838,4113.516604209773
True,0.00728543,30,2839,4117.807734066486
True,0.00728357,30,2840,4118.859295647601
True,0.00728534,30,2841,4117.858603716504
True,0.00728314,30,2842,4119.102475031374
True,0.00729389,30,2843,4113.03159219566
True,0.00728695,30,2844,4116.948792018608
True,0.00728443,30,2845,4118.373023009351
True,0.00728087,30,2846,4120.386712027546
True,0.00726982,30,2847,4126.6496281888685
True,0.00729636,30,2848,4111.63922832755
True,0.00728183,30,2849,4119.8435008782135
True,0.00742689,30,2850,4039.3758356458757
True,0.00730545,30,2851,4106.523212122456
True,0.0072796,30,2852,4121.1055552502885
True,0.0072704,30,2853,4126.320422535211
True,0.00728861,30,2854,4116.011146158184
True,0.00728503,30,2855,4118.0338310206
True,0.00727984,30,2856,4120.969691641574
True,0.00728665,30,2857,4117.118291670383
True,0.00728997,30,2858,4115.243272606061
True,0.00727599,30,2859,4123.150251718323
True,0.00728291,30,2860,4119.232559512612
True,0.00729442,30,2861,4112.732746400673
True,0.00728872,30,2862,4115.949028087236
True,0.00728668,30,2863,4117.101341077143
True,0.00727442,30,2864,4124.040129659822
True,0.00729351,30,2865,4113.245885725803
True,0.00731374,30,2866,4101.868537847941
True,0.007298,30,2867,4110.715264456016
True,0.00729057,30,2868,4114.904595936943
True,0.00729714,30,2869,4111.199730305298
True,0.00727499,30,2870,4123.717008545716
True,0.00729589,30,2871,4111.904099431324
True,0.00729399,30,2872,4112.9752028725015
True,0.0072846,30,2873,4118.2769129396265
True,0.00729269,30,2874,4113.708384697553
True,0.00729164,30,2875,4114.300760871354
True,0.00727704,30,2876,4122.555324692457
True,0.00728231,30,2877,4119.571949010685
True,0.00728657,30,2878,4117.163493934732
True,0.00728915,30,2879,4115.706220889952
True,0.00733434,30,2880,4090.3475977388557
True,0.00730947,30,2881,4104.264741492885
True,0.00731723,30,2882,4099.912125216782
True,0.00732689,30,2883,4094.50667336346
True,0.00728788,30,2884,4116.423431779886
True,0.00730205,30,2885,4108.435302415075
True,0.00729209,30,2886,4114.046864479182
True,0.00728477,30,2887,4118.180807355619
True,0.00729707,30,2888,4111.239168597807
True,0.00729321,30,2889,4113.415080602369
True,0.00729123,30,2890,4114.532115980432
True,0.00729684,30,2891,4111.3687568865425
True,0.00729528,30,2892,4112.247919202553
True,0.00728927,30,2893,4115.638465854606
True,0.00731203,30,2894,4102.827805684605
True,0.00729636,30,2895,4111.63922832755
True,0.00728627,30,2896,4117.333011266395
True,0.00729399,30,2897,4112.9752028725015
True,0.00727321,30,2898,4124.726221297062
True,0.00728643,30,2899,4117.242600285736
True,0.00728406,30,2900,4118.582219256843
True,0.00728531,30,2901,4117.875560545811
True,0.00727821,30,2902,4121.892608209985
True,0.00728792,30,2903,4116.400838648065
True,0.00727146,30,2904,4125.718906519461
True,0.00728176,30,2905,4119.883105183362
True,0.00728909,30,2906,4115.740099244213
True,0.00729517,30,2907,4112.309925608313
True,0.00730742,30,2908,4105.4161386645355
True,0.00728965,30,2909,4115.423922959264
True,0.00728548,30,2910,4117.779473692879
True,0.00728659,30,2911,4117.152193275592
True,0.00727739,30,2912,4122.357053833861
True,0.00727684,30,2913,4122.668630889232
True,0.00727939,30,2914,4121.224443256921
True,0.00727104,30,2915,4125.957222075522
True,0.00728796,30,2916,4116.378245764247
True,0.0072978,30,2917,4110.827920743238
True,0.00729145,30,2918,4114.40797097971
True,0.00729348,30,2919,4113.262804587111
True,0.0072943,30,2920,4112.800405796306
True,0.00728272,30,2921,4119.340026803172
True,0.00729436,30,2922,4112.766575820223
True,0.00732332,30,2923,4096.502679112752
True,0.00730778,30,2924,4105.213895327993
True,0.00729809,30,2925,4110.664571141217
True,0.00734675,30,2926,4083.438255010719
True,0.00729419,30,2927,4112.862428864617
True,0.00730869,30,2928,4104.7027579497835
True,0.00731814,30,2929,4099.402307143619
True,0.0073135,30,2930,4102.003144869078
True,0.00730922,30,2931,4104.405121203084
True,0.00729851,30,2932,4110.428018869605
True,0.0073065,30,2933,4105.933073290906
True,0.00730601,30,2934,4106.208450303244
True,0.00729894,30,2935,4110.185862604707
True,0.00729958,30,2936,4109.825496809405
True,0.00733243,30,2937,4091.4130786110472
True,0.00728516,30,2938,4117.9603467871675
True,0.0073087,30,2939,4104.697141762557
True,0.00730268,30,2940,4108.080868941265
True,0.00729879,30,2941,4110.270332479767
True,0.00729168,30,2942,4114.278191034165
True,0.00730352,30,2943,4107.608386093281
True,0.00729138,30,2944,4114.44747084914
True,0.00730015,30,2945,4109.504599220564
True,0.00728952,30,2946,4115.49731669575
True,0.00729582,30,2947,4111.943551238929
True,0.00766617,30,2948,3913.2969918486024
True,0.00802513,30,2949,3738.257199571845
True,0.00802496,30,2950,3738.3363904617595
True,0.00805311,30,2951,3725.2688712807844
True,0.00801618,30,2952,3742.4309334371237
True,0.0080234,30,2953,3739.063240022933
True,0.00757886,30,2954,3958.3789646463983
True,0.00728639,30,2955,4117.265202658656
True,0.00726639,30,2956,4128.597556695966
True,0.00728857,30,2957,4116.033735012492
True,0.00729595,30,2958,4111.870284198768
True,0.00730525,30,2959,4106.635638752951
True,0.00731183,30,2960,4102.940030060874
True,0.00728036,30,2961,4120.675351218896
True,0.00730198,30,2962,4108.47468768745
True,0.00730697,30,2963,4105.66897085933
True,0.00729807,30,2964,4110.675836214232
True,0.00732699,30,2965,4094.45079084317
True,0.00731108,30,2966,4103.360926155917
True,0.00728822,30,2967,4116.231398064274
True,0.0073034,30,2968,4107.6758769888
True,0.00730886,30,2969,4104.607284857009
True,0.00730379,30,2970,4107.456539686929
True,0.00730245,30,2971,4108.210258201015
True,0.00731067,30,2972,4103.591052530069
True,0.00729245,30,2973,4113.8437699264305
True,0.00729577,30,2974,4111.971731565002
True,0.00730511,30,2975,4106.714341057151
True,0.00729551,30,2976,4112.118275487252
True,0.00730267,30,2977,4108.086494391778
True,0.0072937,30,2978,4113.138736169571
True,0.00730642,30,2979,4105.978030280219
True,0.00730079,30,2980,4109.144352871402
True,0.00729617,30,2981,4111.746299770975
True,0.00729833,30,2982,4110.529395080793
True,0.00728846,30,2983,4116.095855640286
True,0.00728069,30,2984,4120.4885800659
True,0.00730488,30,2985,4106.843644248776
True,0.00730719,30,2986,4105.5453601179115
True,0.00729784,30,2987,4110.805388991811
True,0.0072975,30,2988,4110.996916752312
True,0.0072913,30,2989,4114.492614485757
True,0.0074143,30,2990,4046.2349783526424
True,0.0072979,30,2991,4110.771591827785
True,0.00730054,30,2992,4109.285066584115
True,0.00731817,30,2993,4099.385502113233
True,0.00729612,30,2994,4111.774477393464
True,0.00729771,30,2995,4110.878618087044
True,0.00727083,30,2996,4126.0763901782875
True,0.00729496,30,2997,4112.42830666652
True,0.00728881,30,2998,4115.898205605579
True,0.00729857,30,2999,4110.3942279103985
True,0.00730135,30,3000,4108.82918912256
True,0.00730304,30,3001,4107.878362983086
True,0.00728304,30,3002,4119.159032491926
True,0.00730041,30,3003,4109.358241523421
True,0.00729607,30,3004,4111.802655402154
True,0.00730316,30,3005,4107.810865433593
True,0.00729466,30,3006,4112.597434287548
True,0.00729013,30,3007,4115.152953376689
True,0.00731759,30,3008,4099.710423787066
True,0.00730263,30,3009,4108.108996347891
True,0.00729767,30,3010,4110.901150641232
True,0.00730732,30,3011,4105.472320905613
True,0.00729562,30,3012,4112.056274860807
True,0.00728699,30,3013,4116.926193119519
True,0.00729996,30,3014,4109.611559515394
True,0.00730247,30,3015,4108.19900663748
True,0.00729815,30,3016,4110.630776292623
True,0.00729454,30,3017,4112.665089231124
True,0.00729148,30,3018,4114.391042696408
True,0.00728488,30,3019,4118.118623779665
True,0.00729617,30,3020,4111.746299770975
True,0.00730354,30,3021,4107.597137826315
True,0.0073103,30,3022,4103.7987497093145
True,0.00730392,30,3023,4107.383432458187
True,0.00728589,30,3024,4117.547753260069
True,0.00730332,30,3025,4107.720872151295
True,0.0072944,30,3026,4112.74402281202
True,0.00729944,30,3027,4109.904321427397
True,0.00729101,30,3028,4114.6562684730925
True,0.00730208,30,3029,4108.418423243788
True,0.00727626,30,3030,4122.997254083829
True,0.00730052,30,3031,4109.296324097461
True,0.00729593,30,3032,4111.881555881156
True,0.0072966,30,3033,4111.503988158868
True,0.00730173,30,3034,4108.61535553903
True,0.00730092,30,3035,4109.071185549218
True,0.00730637,30,3036,4106.006128898482
True,0.00729486,30,3037,4112.484680994563
True,0.00730738,30,3038,4105.438611376444
True,0.00730347,30,3039,4107.63650703022
True,0.00729944,30,3040,4109.904321427397
True,0.00729392,30,3041,4113.014675236362
True,0.00730472,30,3042,4106.93359909757
True,0.00731256,30,3043,4102.53044077587
True,0.00730037,30,3044,4109.380757413665
True,0.00730453,30,3045,4107.040425598909
True,0.00729995,30,3046,4109.617189158829
True,0.0072868,30,3047,4117.0335400999065
True,0.00729525,30,3048,4112.264829855043
True,0.00730618,30,3049,4106.112907155312
True,0.00735638,30,3050,4078.092757579135
True,0.00733591,30,3051,4089.472199086412
True,0.00732619,30,3052,4094.8978937210204
True,0.00730204,30,3053,4108.440928836325
True,0.00729347,30,3054,4113.268444238476
True,0.007305,30,3055,4106.776180698152
True,0.00730903,30,3056,4104.511816205433
True,0.00730182,30,3057,4108.56471400281
True,0.00729714,30,3058,4111.199730305298
True,0.00728397,30,3059,4118.633108044102
True,0.00729163,30,3060,4114.306403369343
True,0.00729178,30,3061,4114.221767524527
True,0.00729767,30,3062,4110.901150641232
True,0.00729631,30,3063,4111.6674044825395
True,0.00727936,30,3064,4121.24142781783
True,0.00731264,30,3065,4102.485559250832
True,0.00728927,30,3066,4115.638465854606
True,0.0072886,30,3067,4116.016793348517
True,0.00729368,30,3068,4113.15001480734
True,0.0072892,30,3069,4115.6779893541125
True,0.00727581,30,3070,4123.252256449798
True,0.0072965,30,3071,4111.560337147947
True,0.00728235,30,3072,4119.549321304249
True,0.00728842,30,3073,4116.118445424386
True,0.00728403,30,3074,4118.599182046202
True,0.00728791,30,3075,4116.406486907769
True,0.00727755,30,3076,4122.266422078859
True,0.00728528,30,3077,4117.89251751477
True,0.00727647,30,3078,4122.878263773506
True,0.0073158,30,3079,4100.713524153202
True,0.00728203,30,3080,4119.7303499161635
True,0.00726528,30,3081,4129.228329809725
True,0.00727975,30,3082,4121.020639445036
True,0.00727477,30,3083,4123.84171595803
True,0.00728416,30,3084,4118.525677634759
True,0.00727463,30,3085,4123.921079147668
True,0.00727786,30,3086,4122.090834393627
True,0.00727151,30,3087,4125.690537453706
True,0.00728678,30,3088,4117.044840107702
True,0.00728628,30,3089,4117.327360463776
True,0.00729483,30,3090,4112.5015935943675
True,0.00764012,30,3091,3926.6398957084443
True,0.00801668,30,3092,3742.197518174606
True,0.00804385,30,3093,3729.557363700218
True,0.00803731,30,3094,3732.5921234841007
True,0.00803166,30,3095,3735.217875258664
True,0.00803485,30,3096,3733.7349172666572
True,0.00803504,30,3097,3733.6466277703657
True,0.00804384,30,3098,3729.562000238692
True,0.00802804,30,3099,3736.9021579364326
True,0.00803518,30,3100,3733.581575023833
True,0.00803859,30,3101,3731.997775729326
True,0.0080384,30,3102,3732.085987261147
True,0.00803688,30,3103,3732.7918296652433
True,0.00802481,30,3104,3738.406267562721
True,0.00804367,30,3105,3729.6408231565943
True,0.00805994,30,3106,3722.112075275995
True,0.008027,30,3107,3737.3863211660646
True,0.00803032,30,3108,3735.8411619960348
True,0.00803512,30,3109,3733.609454494768
True,0.00803165,30,3110,3735.2225258819794
True,0.00802711,30,3111,3737.335105660692
True,0.00803569,30,3112,3733.344616330396
True,0.00803253,30,3113,3734.813315356432
True,0.00803019,30,3114,3735.901641181591
True,0.00802256,30,3115,3739.454737639856
True,0.00802294,30,3116,3739.277621420577
True,0.00802229,30,3117,3739.5805935711624
True,0.00752338,30,3118,3987.5694169376
True,0.00731577,30,3119,4100.730340073567
True,0.00726922,30,3120,4126.9902410437435
True,0.00729997,30,3121,4109.605929887383
True,0.00729219,30,3122,4113.990447314181
True,0.00728809,30,3123,4116.304820604576
True,0.00729218,30,3124,4113.996088961052
True,0.00728755,30,3125,4116.609834580895
True,0.00726903,30,3126,4127.098113503453
True,0.00729277,30,3127,4113.66325826812
True,0.00742058,30,3128,4042.8106697859193
True,0.0072874,30,3129,4116.694568707632
True,0.00728773,30,3130,4116.508158233085
True,0.00729296,30,3131,4113.55608696606
True,0.00727805,30,3132,4121.98322352828
True,0.0073102,30,3133,4103.854887691171
True,0.00729321,30,3134,4113.415080602369
True,0.00729285,30,3135,4113.618132828729
True,0.00729964,30,3136,4109.791715755846
True,0.0072971,30,3137,4111.222266379795
True,0.00728274,30,3138,4119.328714192735
True,0.00728883,30,3139,4115.886911891209
True,0.00729125,30,3140,4114.520829761701
True,0.00728902,30,3141,4115.779624695775
True,0.00728943,30,3142,4115.548129277598
True,0.00727286,30,3143,4124.924720123858
True,0.00728568,30,3144,4117.666436077347
True,0.00729468,30,3145,4112.586158680025
True,0.0072915,30,3146,4114.379757251594
True,0.00730605,30,3147,4106.185969162543
True,0.0072828,30,3148,4119.294776734223
True,0.0072753,30,3149,4123.541297266092
True,0.00729678,30,3150,4111.402563870639
True,0.00728562,30,3151,4117.70034671037
True,0.0072905,30,3152,4114.944105342569
True,0.00729358,30,3153,4113.206408924013
True,0.00728012,30,3154,4120.811195419856
True,0.00730622,30,3155,4106.090427060778
True,0.00728815,30,3156,4116.270932952807
True,0.00728758,30,3157,4116.5928881741265
True,0.00729343,30,3158,4113.291002998589
True,0.00728994,30,3159,4115.260207902946
True,0.00727212,30,3160,4125.344466262933
True,0.00729119,30,3161,4114.554688603644
True,0.00731851,30,3162,4099.195054731086
True,0.00729417,30,3163,4112.87370598711
True,0.00729334,30,3164,4113.341761113564
True,0.00729301,30,3165,4113.527884919944
True,0.00728529,30,3166,4117.886865176266
True,0.00729251,30,3167,4113.809922783787
True,0.00729015,30,3168,4115.141663751775
True,0.00729471,30,3169,4112.569245384669
True,0.00729307,30,3170,4113.494042975044
True,0.00727755,30,3171,4122.266422078859
True,0.00729452,30,3172,4112.676365271464
True,0.00728277,30,3173,4119.311745393579
True,0.00728271,30,3174,4119.345683131691
True,0.00728786,30,3175,4116.4347284388
True,0.00732414,30,3176,4096.044040665525
True,0.00728354,30,3177,4118.876260719376
True,0.00728771,30,3178,4116.519455357033
True,0.00729505,30,3179,4112.3775710927275
True,0.00729076,30,3180,4114.797359946014
True,0.00728668,30,3181,4117.101341077143
True,0.00728553,30,3182,4117.75121370717
True,0.0072667,30,3183,4128.421429259499
True,0.00728877,30,3184,4115.920793220255
True,0.00728283,30,3185,4119.277808214664
True,0.00728976,30,3186,4115.361822611444
True,0.00728944,30,3187,4115.542483373209
True,0.00726836,30,3188,4127.478550869798
True,0.00728697,30,3189,4116.937492538051
True,0.00730272,30,3190,4108.058367293283
True,0.0072935,30,3191,4113.251525330774
True,0.00728699,30,3192,4116.926193119519
True,0.00728939,30,3193,4115.570713050063
True,0.00726757,30,3194,4127.92721638732
True,0.0072901,30,3195,4115.169887930207
True,0.00729346,30,3196,4113.274083905307
True,0.00729721,30,3197,4111.160292769428
True,0.00728976,30,3198,4115.361822611444
True,0.00728096,30,3199,4120.3357798971565
True,0.00730154,30,3200,4108.722269548616
True,0.00729029,30,3201,4115.06263811179
True,0.00728939,30,3202,4115.570713050063
True,0.0072948,30,3203,4112.518506333278
True,0.00731722,30,3204,4099.917728317585
True,0.00727195,30,3205,4125.440906496882
True,0.00729111,30,3206,4114.599834593087
True,0.00729657,30,3207,4111.5208926934165
True,0.00730692,30,3208,4105.697065247738
True,0.00729982,30,3209,4109.690375927077
True,0.00729302,30,3210,4113.522244557124
True,0.00727111,30,3211,4125.917500904264
True,0.00729454,30,3212,4112.665089231124
True,0.00729218,30,3213,4113.996088961052
True,0.00729132,30,3214,4114.481328483732
True,0.00729211,30,3215,4114.035580922394
True,0.00727444,30,3216,4124.028791219668
True,0.00728535,30,3217,4117.852951471103
True,0.00728944,30,3218,4115.542483373209
True,0.00731328,30,3219,4102.12654239958
True,0.00732588,30,3220,4095.0711723369755
True,0.00732678,30,3221,4094.5681458976524
True,0.00729585,30,3222,4111.926643228685
True,0.00730909,30,3223,4104.478122447527
True,0.0072841,30,3224,4118.559602421713
True,0.00728943,30,3225,4115.548129277598
True,0.00727554,30,3226,4123.405273010663
True,0.00728015,30,3227,4120.794214404923
True,0.00726856,30,3228,4127.364980133616
True,0.00728305,30,3229,4119.15337667598
True,0.00729432,30,3230,4112.789129075774
True,0.00728032,30,3231,4120.6979912970855
True,0.00728343,30,3232,4118.938467178239
True,0.00729178,30,3233,4114.221767524527
True,0.00727915,30,3234,4121.360323664164
True,0.00728774,30,3235,4116.502509694364
True,0.0072898,30,3236,4115.339241131444
True,0.00728054,30,3237,4120.573473945614
True,0.00727412,30,3238,4124.210213744068
True,0.00726055,30,3239,4131.918380838917
True,0.0072806,30,3240,4120.539515973958
True,0.00728381,30,3241,4118.723580104369
True,0.00727363,30,3242,4124.488047921052
True,0.00727902,30,3243,4121.43392929268
True,0.00727172,30,3244,4125.571391637742
True,0.00728504,30,3245,4118.028178294148
True,0.0072804,30,3246,4120.652711389484
True,0.00732032,30,3247,4098.181500262283
True,0.00728186,30,3248,4119.8265278376675
True,0.00729348,30,3249,4113.262804587111
True,0.00726987,30,3250,4126.621246322148
True,0.00728106,30,3251,4120.279190117923
True,0.00727574,30,3252,4123.291926319522
True,0.0072845,30,3253,4118.333447731485
True,0.0072724,30,3254,4125.185633353501
True,0.0075921,30,3255,3951.4758762397755
True,0.00801787,30,3256,3741.6421069436146
True,0.00801287,30,3257,3743.9768771988065
True,0.00800831,30,3258,3746.108729557173
True,0.00801029,30,3259,3745.182758676652
True,0.00801217,30,3260,3744.303977574115
True,0.00802999,30,3261,3735.994689906214
True,0.0080179,30,3262,3741.628107110341
True,0.00800781,30,3263,3746.342633004529
True,0.00726896,30,3264,4127.137857410139
True,0.00728169,30,3265,4119.922710249955
True,0.00728964,30,3266,4115.429568538364
True,0.00742727,30,3267,4039.169169829561
True,0.00729207,30,3268,4114.058148097865
True,0.00729003,30,3269,4115.209402430442
True,0.00726987,30,3270,4126.621246322148
True,0.00728227,30,3271,4119.594576965698
True,0.00729023,30,3272,4115.0965058715565
True,0.00732803,30,3273,4093.8697030443377
True,0.0072971,30,3274,4111.222266379795
True,0.00732073,30,3275,4097.951980198696
True,0.00727482,30,3276,4123.813372702005
True,0.00729735,30,3277,4111.081419967522
True,0.00729798,30,3278,4110.726529806878
True,0.0072923,30,3279,4113.928390219821
True,0.00729888,30,3280,4110.219650138103
True,0.00728698,30,3281,4116.931842821032
True,0.00729529,30,3282,4112.242282349296
True,0.00729633,30,3283,4111.656133974203
True,0.00729506,30,3284,4112.371933884026
True,0.00729891,30,3285,4110.202756301968
True,0.0072938,30,3286,4113.082343908525
True,0.00727935,30,3287,4121.2470893692425
True,0.00728737,30,3288,4116.7115159515715
True,0.00731582,30,3289,4100.702313616245
True,0.00728658,30,3290,4117.157843597408
True,0.00729654,30,3291,4111.537797366971
True,0.00729347,30,3292,4113.268444238476
True,0.00728791,30,3293,4116.406486907769
True,0.00729084,30,3294,4114.752209621936
True,0.00728942,30,3295,4115.553775197478
True,0.0072953,30,3296,4112.236645511493
True,0.0073052,30,3297,4106.663746372446
True,0.00728161,30,3298,4119.967974115614
True,0.00729436,30,3299,4112.766575820223
True,0.0072919,30,3300,4114.154061355751
True,0.00729261,30,3301,4113.753512117061
True,0.00729311,30,3302,4113.471481987794
True,0.00731249,30,3303,4102.569712915847
True,0.00727665,30,3304,4122.776277545299
True,0.00729942,30,3305,4109.915582333939
True,0.00728808,30,3306,4116.310468600784
True,0.00729923,30,3307,4110.022564023876
True,0.0072951,30,3308,4112.349385203767
True,0.00729131,30,3309,4114.486971477005
True,0.00727773,30,3310,4122.16446611787
True,0.0072929,30,3311,4113.589929931852
True,0.00728457,30,3312,4118.293873214205
True,0.00728027,30,3313,4120.726291744674
True,0.00729515,30,3314,4112.321199701171
True,0.00727789,30,3315,4122.0738428308205
True,0.0072927,30,3316,4113.70274383973
True,0.00729297,30,3317,4113.550446525901
True,0.00730586,30,3318,4106.2927567733295
True,0.00729489,30,3319,4112.467768533864
True,0.00727869,30,3320,4121.620786157949
True,0.00728104,30,3321,4120.290507949414
True,0.00729235,30,3322,4113.900183068558
True,0.00729035,30,3323,4115.02877090949
True,0.00728734,30,3324,4116.728463335045
True,0.00729017,30,3325,4115.130374188805
True,0.00728191,30,3326,4119.798239747539
True,0.00728429,30,3327,4118.4521758469255
True,0.00728446,30,3328,4118.356062082845
True,0.00729222,30,3329,4113.973522466409
True,0.00729094,30,3330,4114.695773110188
True,0.00729891,30,3331,4110.202756301968
True,0.00730249,30,3332,4108.187755135577
False,0.00244576,10,3333,4088.7086222687426
