Copyright 1986-2022 Xilinx, Inc. All Rights Reserved. Copyright 2022-2024 Advanced Micro Devices, Inc. All Rights Reserved.
------------------------------------------------------------------------------------------------------------------------------------------------------------------------------------------
| Tool Version      : Vivado v.2024.2 (lin64) Build 5239630 Fri Nov 08 22:34:34 MST 2024
| Date              : Thu Sep 10 09:05:39 2026
| Host              : ubuntu running 64-bit Ubuntu 24.04.3 LTS
| Command           : report_timing_summary -delay_type max -max_paths 10 -report_unconstrained -file {/home/miguel/Downloads/Plano testes TCC/H1/MLP/RF32/vivado_ooc/timing_summary.rpt}
| Design            : mlp_iris
| Device            : xczu7ev-ffvc1156
| Speed File        : -2  PRODUCTION 1.30 05-15-2022
| Design State      : Optimized
| Temperature Grade : E
------------------------------------------------------------------------------------------------------------------------------------------------------------------------------------------

Timing Summary Report

------------------------------------------------------------------------------------------------
| Timer Settings
| --------------
------------------------------------------------------------------------------------------------

  Enable Multi Corner Analysis               :  Yes
  Enable Pessimism Removal                   :  Yes
  Pessimism Removal Resolution               :  Nearest Common Node
  Enable Input Delay Default Clock           :  No
  Enable Preset / Clear Arcs                 :  No
  Disable Flight Delays                      :  No
  Ignore I/O Paths                           :  No
  Timing Early Launch at Borrowing Latches   :  No
  Borrow Time for Max Delay Exceptions       :  Yes
  Merge Timing Exceptions                    :  Yes
  Inter-SLR Compensation                     :  Conservative

  Corner  Analyze    Analyze    
  Name    Max Paths  Min Paths  
  ------  ---------  ---------  
  Slow    Yes        Yes        
  Fast    Yes        Yes        


------------------------------------------------------------------------------------------------
| Report Methodology
| ------------------
------------------------------------------------------------------------------------------------

No report available as report_methodology has not been run prior. Run report_methodology on the current design for the summary of methodology violations.



check_timing report

Table of Contents
-----------------
1. checking no_clock (0)
2. checking constant_clock (0)
3. checking pulse_width_clock (0)
4. checking unconstrained_internal_endpoints (0)
5. checking no_input_delay (67)
6. checking no_output_delay (54)
7. checking multiple_clock (0)
8. checking generated_clocks (0)
9. checking loops (0)
10. checking partial_input_delay (0)
11. checking partial_output_delay (0)
12. checking latch_loops (0)

1. checking no_clock (0)
------------------------
 There are 0 register/latch pins with no clock.


2. checking constant_clock (0)
------------------------------
 There are 0 register/latch pins with constant_clock.


3. checking pulse_width_clock (0)
---------------------------------
 There are 0 register/latch pins which need pulse_width check


4. checking unconstrained_internal_endpoints (0)
------------------------------------------------
 There are 0 pins that are not constrained for maximum delay.

 There are 0 pins that are not constrained for maximum delay due to constant clock.


5. checking no_input_delay (67)
-------------------------------
 There are 67 input ports with no input delay specified. (HIGH)

 There are 0 input ports with no input delay but user has a false path constraint.


6. checking no_output_delay (54)
--------------------------------
 There are 54 ports with no output delay specified. (HIGH)

 There are 0 ports with no output delay but user has a false path constraint

 There are 0 ports with no output delay but with a timing clock defined on it or propagating through it


7. checking multiple_clock (0)
------------------------------
 There are 0 register/latch pins with multiple clocks.


8. checking generated_clocks (0)
--------------------------------
 There are 0 generated clocks that are not connected to a clock source.


9. checking loops (0)
---------------------
 There are 0 combinational loops in the design.


10. checking partial_input_delay (0)
------------------------------------
 There are 0 input ports with partial input delay specified.


11. checking partial_output_delay (0)
-------------------------------------
 There are 0 ports with partial output delay specified.


12. checking latch_loops (0)
----------------------------
 There are 0 combinational latch loops in the design through latch input



------------------------------------------------------------------------------------------------
| Design Timing Summary
| ---------------------
------------------------------------------------------------------------------------------------

    WNS(ns)      TNS(ns)  TNS Failing Endpoints  TNS Total Endpoints     WPWS(ns)     TPWS(ns)  TPWS Failing Endpoints  TPWS Total Endpoints  
    -------      -------  ---------------------  -------------------     --------     --------  ----------------------  --------------------  
      4.459        0.000                      0                 5281        4.458        0.000                       0                  2554  


All user specified timing constraints are met.


------------------------------------------------------------------------------------------------
| Clock Summary
| -------------
------------------------------------------------------------------------------------------------

Clock   Waveform(ns)       Period(ns)      Frequency(MHz)
-----   ------------       ----------      --------------
ap_clk  {0.000 5.000}      10.000          100.000         


------------------------------------------------------------------------------------------------
| Intra Clock Table
| -----------------
------------------------------------------------------------------------------------------------

Clock             WNS(ns)      TNS(ns)  TNS Failing Endpoints  TNS Total Endpoints     WPWS(ns)     TPWS(ns)  TPWS Failing Endpoints  TPWS Total Endpoints  
-----             -------      -------  ---------------------  -------------------     --------     --------  ----------------------  --------------------  
ap_clk              4.459        0.000                      0                 5281        4.458        0.000                       0                  2554  


------------------------------------------------------------------------------------------------
| Inter Clock Table
| -----------------
------------------------------------------------------------------------------------------------

From Clock    To Clock          WNS(ns)      TNS(ns)  TNS Failing Endpoints  TNS Total Endpoints  
----------    --------          -------      -------  ---------------------  -------------------  


------------------------------------------------------------------------------------------------
| Other Path Groups Table
| -----------------------
------------------------------------------------------------------------------------------------

Path Group    From Clock    To Clock          WNS(ns)      TNS(ns)  TNS Failing Endpoints  TNS Total Endpoints  
----------    ----------    --------          -------      -------  ---------------------  -------------------  


------------------------------------------------------------------------------------------------
| User Ignored Path Table
| -----------------------
------------------------------------------------------------------------------------------------

Path Group    From Clock    To Clock    
----------    ----------    --------    


------------------------------------------------------------------------------------------------
| Unconstrained Path Table
| ------------------------
------------------------------------------------------------------------------------------------

Path Group    From Clock    To Clock    
----------    ----------    --------    
(none)                                    
(none)        ap_clk                      
(none)                      ap_clk        


------------------------------------------------------------------------------------------------
| Timing Details
| --------------
------------------------------------------------------------------------------------------------


---------------------------------------------------------------------------------------------------
From Clock:  ap_clk
  To Clock:  ap_clk

Setup :            0  Failing Endpoints,  Worst Slack        4.459ns,  Total Violation        0.000ns
Hold  :           NA  Failing Endpoints,  Worst Slack           NA  ,  Total Violation           NA
PW    :            0  Failing Endpoints,  Worst Slack        4.458ns,  Total Violation        0.000ns
---------------------------------------------------------------------------------------------------


Max Delay Paths
--------------------------------------------------------------------------------------
Slack (MET) :             4.459ns  (required time - arrival time)
  Source:                 layer4_out_reg_384_reg[1]/C
                            (rising edge-triggered cell FDRE clocked by ap_clk  {rise@0.000ns fall@5.000ns period=10.000ns})
  Destination:            grp_dense_latency_ap_fixed_16_6_5_3_0_ap_fixed_16_6_5_3_0_config6_s_fu_115/add_ln58_15_reg_725_reg[15]/D
                            (rising edge-triggered cell FDRE clocked by ap_clk  {rise@0.000ns fall@5.000ns period=10.000ns})
  Path Group:             ap_clk
  Path Type:              Setup (Max at Slow Process Corner)
  Requirement:            10.000ns  (ap_clk rise@10.000ns - ap_clk rise@0.000ns)
  Data Path Delay:        5.522ns  (logic 2.799ns (50.688%)  route 2.723ns (49.312%))
  Logic Levels:           22  (CARRY8=5 DSP_A_B_DATA=1 DSP_ALU=1 DSP_M_DATA=1 DSP_MULTIPLIER=1 DSP_OUTPUT=1 DSP_PREADD_DATA=1 LUT1=1 LUT2=1 LUT3=2 LUT4=1 LUT5=2 LUT6=4)
  Clock Path Skew:        -0.009ns (DCD - SCD + CPR)
    Destination Clock Delay (DCD):    0.021ns = ( 10.021 - 10.000 ) 
    Source Clock Delay      (SCD):    0.030ns
    Clock Pessimism Removal (CPR):    0.000ns
  Clock Uncertainty:      0.035ns  ((TSJ^2 + TIJ^2)^1/2 + DJ) / 2 + PE
    Total System Jitter     (TSJ):    0.071ns
    Total Input Jitter      (TIJ):    0.000ns
    Discrete Jitter          (DJ):    0.000ns
    Phase Error              (PE):    0.000ns

    Location             Delay type                Incr(ns)  Path(ns)    Netlist Resource(s)
  -------------------------------------------------------------------    -------------------
                         (clock ap_clk rise edge)     0.000     0.000 r  
                                                      0.000     0.000 r  ap_clk (IN)
                         net (fo=2571, unset)         0.030     0.030    ap_clk
                         FDRE                                         r  layer4_out_reg_384_reg[1]/C
  -------------------------------------------------------------------    -------------------
                         FDRE (Prop_FDRE_C_Q)         0.077     0.107 f  layer4_out_reg_384_reg[1]/Q
                         net (fo=4, unplaced)         0.149     0.256    grp_dense_latency_ap_fixed_16_6_5_3_0_ap_fixed_16_6_5_3_0_config6_s_fu_115/mul_16s_12s_26_1_1_U31/icmp_ln45_fu_112_p2_carry[1]
                         LUT2 (Prop_LUT2_I1_O)        0.070     0.326 f  grp_dense_latency_ap_fixed_16_6_5_3_0_ap_fixed_16_6_5_3_0_config6_s_fu_115/mul_16s_12s_26_1_1_U31/icmp_ln45_fu_112_p2_carry_i_8__0/O
                         net (fo=1, unplaced)         0.260     0.586    call_ret4_relu_ap_fixed_16_6_5_3_0_ap_fixed_16_6_5_3_0_relu_config5_s_fu_103/DI[0]
                         CARRY8 (Prop_CARRY8_DI[0]_CO[7])
                                                      0.140     0.726 f  call_ret4_relu_ap_fixed_16_6_5_3_0_ap_fixed_16_6_5_3_0_relu_config5_s_fu_103/icmp_ln45_fu_112_p2_carry/CO[7]
                         net (fo=16, unplaced)        0.160     0.886    grp_dense_latency_ap_fixed_16_6_5_3_0_ap_fixed_16_6_5_3_0_config6_s_fu_115/mul_16s_12s_26_1_1_U31/CO[0]
                         LUT6 (Prop_LUT6_I3_O)        0.038     0.924 r  grp_dense_latency_ap_fixed_16_6_5_3_0_ap_fixed_16_6_5_3_0_config6_s_fu_115/mul_16s_12s_26_1_1_U31/tmp_product_i_200__1/O
                         net (fo=1, unplaced)         0.186     1.110    grp_dense_latency_ap_fixed_16_6_5_3_0_ap_fixed_16_6_5_3_0_config6_s_fu_115/mul_16s_12s_26_1_1_U31/tmp_product_i_200__1_n_0
                         LUT6 (Prop_LUT6_I2_O)        0.038     1.148 f  grp_dense_latency_ap_fixed_16_6_5_3_0_ap_fixed_16_6_5_3_0_config6_s_fu_115/mul_16s_12s_26_1_1_U31/tmp_product_i_142__2/O
                         net (fo=1, unplaced)         0.186     1.334    grp_dense_latency_ap_fixed_16_6_5_3_0_ap_fixed_16_6_5_3_0_config6_s_fu_115/mul_16s_12s_26_1_1_U31/tmp_product_i_142__2_n_0
                         LUT5 (Prop_LUT5_I1_O)        0.038     1.372 f  grp_dense_latency_ap_fixed_16_6_5_3_0_ap_fixed_16_6_5_3_0_config6_s_fu_115/mul_16s_12s_26_1_1_U31/tmp_product_i_68__2/O
                         net (fo=1, unplaced)         0.186     1.558    grp_dense_latency_ap_fixed_16_6_5_3_0_ap_fixed_16_6_5_3_0_config6_s_fu_115/mul_16s_12s_26_1_1_U31/tmp_product_i_68__2_n_0
                         LUT6 (Prop_LUT6_I1_O)        0.038     1.596 f  grp_dense_latency_ap_fixed_16_6_5_3_0_ap_fixed_16_6_5_3_0_config6_s_fu_115/mul_16s_12s_26_1_1_U31/tmp_product_i_19__2/O
                         net (fo=1, unplaced)         0.228     1.824    grp_dense_latency_ap_fixed_16_6_5_3_0_ap_fixed_16_6_5_3_0_config6_s_fu_115/mul_16s_12s_26_1_1_U31/tmp_product/A[8]
                         DSP_A_B_DATA (Prop_DSP_A_B_DATA_A[8]_A2_DATA[8])
                                                      0.192     2.016 r  grp_dense_latency_ap_fixed_16_6_5_3_0_ap_fixed_16_6_5_3_0_config6_s_fu_115/mul_16s_12s_26_1_1_U31/tmp_product/DSP_A_B_DATA_INST/A2_DATA[8]
                         net (fo=1, unplaced)         0.000     2.016    grp_dense_latency_ap_fixed_16_6_5_3_0_ap_fixed_16_6_5_3_0_config6_s_fu_115/mul_16s_12s_26_1_1_U31/tmp_product/DSP_A_B_DATA.A2_DATA<8>
                         DSP_PREADD_DATA (Prop_DSP_PREADD_DATA_A2_DATA[8]_A2A1[8])
                                                      0.076     2.092 r  grp_dense_latency_ap_fixed_16_6_5_3_0_ap_fixed_16_6_5_3_0_config6_s_fu_115/mul_16s_12s_26_1_1_U31/tmp_product/DSP_PREADD_DATA_INST/A2A1[8]
                         net (fo=1, unplaced)         0.000     2.092    grp_dense_latency_ap_fixed_16_6_5_3_0_ap_fixed_16_6_5_3_0_config6_s_fu_115/mul_16s_12s_26_1_1_U31/tmp_product/DSP_PREADD_DATA.A2A1<8>
                         DSP_MULTIPLIER (Prop_DSP_MULTIPLIER_A2A1[8]_U[13])
                                                      0.505     2.597 f  grp_dense_latency_ap_fixed_16_6_5_3_0_ap_fixed_16_6_5_3_0_config6_s_fu_115/mul_16s_12s_26_1_1_U31/tmp_product/DSP_MULTIPLIER_INST/U[13]
                         net (fo=1, unplaced)         0.000     2.597    grp_dense_latency_ap_fixed_16_6_5_3_0_ap_fixed_16_6_5_3_0_config6_s_fu_115/mul_16s_12s_26_1_1_U31/tmp_product/DSP_MULTIPLIER.U<13>
                         DSP_M_DATA (Prop_DSP_M_DATA_U[13]_U_DATA[13])
                                                      0.047     2.644 r  grp_dense_latency_ap_fixed_16_6_5_3_0_ap_fixed_16_6_5_3_0_config6_s_fu_115/mul_16s_12s_26_1_1_U31/tmp_product/DSP_M_DATA_INST/U_DATA[13]
                         net (fo=1, unplaced)         0.000     2.644    grp_dense_latency_ap_fixed_16_6_5_3_0_ap_fixed_16_6_5_3_0_config6_s_fu_115/mul_16s_12s_26_1_1_U31/tmp_product/DSP_M_DATA.U_DATA<13>
                         DSP_ALU (Prop_DSP_ALU_U_DATA[13]_ALU_OUT[13])
                                                      0.585     3.229 r  grp_dense_latency_ap_fixed_16_6_5_3_0_ap_fixed_16_6_5_3_0_config6_s_fu_115/mul_16s_12s_26_1_1_U31/tmp_product/DSP_ALU_INST/ALU_OUT[13]
                         net (fo=1, unplaced)         0.000     3.229    grp_dense_latency_ap_fixed_16_6_5_3_0_ap_fixed_16_6_5_3_0_config6_s_fu_115/mul_16s_12s_26_1_1_U31/tmp_product/DSP_ALU.ALU_OUT<13>
                         DSP_OUTPUT (Prop_DSP_OUTPUT_ALU_OUT[13]_P[13])
                                                      0.109     3.338 f  grp_dense_latency_ap_fixed_16_6_5_3_0_ap_fixed_16_6_5_3_0_config6_s_fu_115/mul_16s_12s_26_1_1_U31/tmp_product/DSP_OUTPUT_INST/P[13]
                         net (fo=19, unplaced)        0.299     3.637    grp_dense_latency_ap_fixed_16_6_5_3_0_ap_fixed_16_6_5_3_0_config6_s_fu_115/mul_16s_12s_26_1_1_U31/P[3]
                         LUT1 (Prop_LUT1_I0_O)        0.037     3.674 r  grp_dense_latency_ap_fixed_16_6_5_3_0_ap_fixed_16_6_5_3_0_config6_s_fu_115/mul_16s_12s_26_1_1_U31/add_ln58_15_reg_725[15]_i_63/O
                         net (fo=1, unplaced)         0.028     3.702    grp_dense_latency_ap_fixed_16_6_5_3_0_ap_fixed_16_6_5_3_0_config6_s_fu_115/mul_16s_12s_26_1_1_U31/add_ln58_15_reg_725[15]_i_63_n_0
                         CARRY8 (Prop_CARRY8_S[2]_O[4])
                                                      0.167     3.869 r  grp_dense_latency_ap_fixed_16_6_5_3_0_ap_fixed_16_6_5_3_0_config6_s_fu_115/mul_16s_12s_26_1_1_U31/add_ln58_15_reg_725_reg[15]_i_60/O[4]
                         net (fo=2, unplaced)         0.184     4.053    grp_dense_latency_ap_fixed_16_6_5_3_0_ap_fixed_16_6_5_3_0_config6_s_fu_115/mul_16s_12s_26_1_1_U31/sext_ln58_fu_527_p1[5]
                         LUT3 (Prop_LUT3_I1_O)        0.074     4.127 r  grp_dense_latency_ap_fixed_16_6_5_3_0_ap_fixed_16_6_5_3_0_config6_s_fu_115/mul_16s_12s_26_1_1_U31/add_ln58_15_reg_725[15]_i_45/O
                         net (fo=2, unplaced)         0.216     4.343    grp_dense_latency_ap_fixed_16_6_5_3_0_ap_fixed_16_6_5_3_0_config6_s_fu_115/mul_16s_12s_26_1_1_U31/add_ln58_15_reg_725[15]_i_45_n_0
                         LUT4 (Prop_LUT4_I3_O)        0.037     4.380 r  grp_dense_latency_ap_fixed_16_6_5_3_0_ap_fixed_16_6_5_3_0_config6_s_fu_115/mul_16s_12s_26_1_1_U31/add_ln58_15_reg_725[15]_i_52/O
                         net (fo=1, unplaced)         0.023     4.403    grp_dense_latency_ap_fixed_16_6_5_3_0_ap_fixed_16_6_5_3_0_config6_s_fu_115/mul_16s_12s_26_1_1_U31/add_ln58_15_reg_725[15]_i_52_n_0
                         CARRY8 (Prop_CARRY8_S[6]_CO[7])
                                                      0.124     4.527 r  grp_dense_latency_ap_fixed_16_6_5_3_0_ap_fixed_16_6_5_3_0_config6_s_fu_115/mul_16s_12s_26_1_1_U31/add_ln58_15_reg_725_reg[15]_i_24/CO[7]
                         net (fo=1, unplaced)         0.005     4.532    grp_dense_latency_ap_fixed_16_6_5_3_0_ap_fixed_16_6_5_3_0_config6_s_fu_115/mul_16s_12s_26_1_1_U31/add_ln58_15_reg_725_reg[15]_i_24_n_0
                         CARRY8 (Prop_CARRY8_CI_O[0])
                                                      0.056     4.588 r  grp_dense_latency_ap_fixed_16_6_5_3_0_ap_fixed_16_6_5_3_0_config6_s_fu_115/mul_16s_12s_26_1_1_U31/add_ln58_15_reg_725_reg[15]_i_17/O[0]
                         net (fo=3, unplaced)         0.192     4.780    grp_dense_latency_ap_fixed_16_6_5_3_0_ap_fixed_16_6_5_3_0_config6_s_fu_115/mul_16s_12s_26_1_1_U31/add_ln58_15_reg_725_reg[15]_i_17_n_15
                         LUT3 (Prop_LUT3_I1_O)        0.038     4.818 f  grp_dense_latency_ap_fixed_16_6_5_3_0_ap_fixed_16_6_5_3_0_config6_s_fu_115/mul_16s_12s_26_1_1_U31/add_ln58_15_reg_725[15]_i_23/O
                         net (fo=2, unplaced)         0.186     5.004    grp_dense_latency_ap_fixed_16_6_5_3_0_ap_fixed_16_6_5_3_0_config6_s_fu_115/mul_16s_12s_26_1_1_U31/add_ln58_15_reg_725[15]_i_23_n_0
                         LUT5 (Prop_LUT5_I0_O)        0.038     5.042 r  grp_dense_latency_ap_fixed_16_6_5_3_0_ap_fixed_16_6_5_3_0_config6_s_fu_115/mul_16s_12s_26_1_1_U31/add_ln58_15_reg_725[15]_i_7/O
                         net (fo=2, unplaced)         0.186     5.228    grp_dense_latency_ap_fixed_16_6_5_3_0_ap_fixed_16_6_5_3_0_config6_s_fu_115/mul_16s_12s_26_1_1_U31/add_ln58_15_reg_725[15]_i_7_n_0
                         LUT6 (Prop_LUT6_I0_O)        0.037     5.265 r  grp_dense_latency_ap_fixed_16_6_5_3_0_ap_fixed_16_6_5_3_0_config6_s_fu_115/mul_16s_12s_26_1_1_U31/add_ln58_15_reg_725[15]_i_15/O
                         net (fo=1, unplaced)         0.023     5.288    grp_dense_latency_ap_fixed_16_6_5_3_0_ap_fixed_16_6_5_3_0_config6_s_fu_115/mul_16s_12s_26_1_1_U31/add_ln58_15_reg_725[15]_i_15_n_0
                         CARRY8 (Prop_CARRY8_S[1]_O[7])
                                                      0.238     5.526 r  grp_dense_latency_ap_fixed_16_6_5_3_0_ap_fixed_16_6_5_3_0_config6_s_fu_115/mul_16s_12s_26_1_1_U31/add_ln58_15_reg_725_reg[15]_i_1/O[7]
                         net (fo=1, unplaced)         0.026     5.552    grp_dense_latency_ap_fixed_16_6_5_3_0_ap_fixed_16_6_5_3_0_config6_s_fu_115/add_ln58_15_fu_542_p2[15]
                         FDRE                                         r  grp_dense_latency_ap_fixed_16_6_5_3_0_ap_fixed_16_6_5_3_0_config6_s_fu_115/add_ln58_15_reg_725_reg[15]/D
  -------------------------------------------------------------------    -------------------

                         (clock ap_clk rise edge)    10.000    10.000 r  
                                                      0.000    10.000 r  ap_clk (IN)
                         net (fo=2571, unset)         0.021    10.021    grp_dense_latency_ap_fixed_16_6_5_3_0_ap_fixed_16_6_5_3_0_config6_s_fu_115/ap_clk
                         FDRE                                         r  grp_dense_latency_ap_fixed_16_6_5_3_0_ap_fixed_16_6_5_3_0_config6_s_fu_115/add_ln58_15_reg_725_reg[15]/C
                         clock pessimism              0.000    10.021    
                         clock uncertainty           -0.035     9.986    
                         FDRE (Setup_FDRE_C_D)        0.025    10.011    grp_dense_latency_ap_fixed_16_6_5_3_0_ap_fixed_16_6_5_3_0_config6_s_fu_115/add_ln58_15_reg_725_reg[15]
  -------------------------------------------------------------------
                         required time                         10.011    
                         arrival time                          -5.552    
  -------------------------------------------------------------------
                         slack                                  4.459    

Slack (MET) :             4.461ns  (required time - arrival time)
  Source:                 layer4_out_reg_384_reg[1]/C
                            (rising edge-triggered cell FDRE clocked by ap_clk  {rise@0.000ns fall@5.000ns period=10.000ns})
  Destination:            grp_dense_latency_ap_fixed_16_6_5_3_0_ap_fixed_16_6_5_3_0_config6_s_fu_115/add_ln58_15_reg_725_reg[13]/D
                            (rising edge-triggered cell FDRE clocked by ap_clk  {rise@0.000ns fall@5.000ns period=10.000ns})
  Path Group:             ap_clk
  Path Type:              Setup (Max at Slow Process Corner)
  Requirement:            10.000ns  (ap_clk rise@10.000ns - ap_clk rise@0.000ns)
  Data Path Delay:        5.520ns  (logic 2.798ns (50.688%)  route 2.722ns (49.312%))
  Logic Levels:           22  (CARRY8=5 DSP_A_B_DATA=1 DSP_ALU=1 DSP_M_DATA=1 DSP_MULTIPLIER=1 DSP_OUTPUT=1 DSP_PREADD_DATA=1 LUT1=1 LUT2=1 LUT3=2 LUT4=1 LUT5=2 LUT6=4)
  Clock Path Skew:        -0.009ns (DCD - SCD + CPR)
    Destination Clock Delay (DCD):    0.021ns = ( 10.021 - 10.000 ) 
    Source Clock Delay      (SCD):    0.030ns
    Clock Pessimism Removal (CPR):    0.000ns
  Clock Uncertainty:      0.035ns  ((TSJ^2 + TIJ^2)^1/2 + DJ) / 2 + PE
    Total System Jitter     (TSJ):    0.071ns
    Total Input Jitter      (TIJ):    0.000ns
    Discrete Jitter          (DJ):    0.000ns
    Phase Error              (PE):    0.000ns

    Location             Delay type                Incr(ns)  Path(ns)    Netlist Resource(s)
  -------------------------------------------------------------------    -------------------
                         (clock ap_clk rise edge)     0.000     0.000 r  
                                                      0.000     0.000 r  ap_clk (IN)
                         net (fo=2571, unset)         0.030     0.030    ap_clk
                         FDRE                                         r  layer4_out_reg_384_reg[1]/C
  -------------------------------------------------------------------    -------------------
                         FDRE (Prop_FDRE_C_Q)         0.077     0.107 f  layer4_out_reg_384_reg[1]/Q
                         net (fo=4, unplaced)         0.149     0.256    grp_dense_latency_ap_fixed_16_6_5_3_0_ap_fixed_16_6_5_3_0_config6_s_fu_115/mul_16s_12s_26_1_1_U31/icmp_ln45_fu_112_p2_carry[1]
                         LUT2 (Prop_LUT2_I1_O)        0.070     0.326 f  grp_dense_latency_ap_fixed_16_6_5_3_0_ap_fixed_16_6_5_3_0_config6_s_fu_115/mul_16s_12s_26_1_1_U31/icmp_ln45_fu_112_p2_carry_i_8__0/O
                         net (fo=1, unplaced)         0.260     0.586    call_ret4_relu_ap_fixed_16_6_5_3_0_ap_fixed_16_6_5_3_0_relu_config5_s_fu_103/DI[0]
                         CARRY8 (Prop_CARRY8_DI[0]_CO[7])
                                                      0.140     0.726 f  call_ret4_relu_ap_fixed_16_6_5_3_0_ap_fixed_16_6_5_3_0_relu_config5_s_fu_103/icmp_ln45_fu_112_p2_carry/CO[7]
                         net (fo=16, unplaced)        0.160     0.886    grp_dense_latency_ap_fixed_16_6_5_3_0_ap_fixed_16_6_5_3_0_config6_s_fu_115/mul_16s_12s_26_1_1_U31/CO[0]
                         LUT6 (Prop_LUT6_I3_O)        0.038     0.924 r  grp_dense_latency_ap_fixed_16_6_5_3_0_ap_fixed_16_6_5_3_0_config6_s_fu_115/mul_16s_12s_26_1_1_U31/tmp_product_i_200__1/O
                         net (fo=1, unplaced)         0.186     1.110    grp_dense_latency_ap_fixed_16_6_5_3_0_ap_fixed_16_6_5_3_0_config6_s_fu_115/mul_16s_12s_26_1_1_U31/tmp_product_i_200__1_n_0
                         LUT6 (Prop_LUT6_I2_O)        0.038     1.148 f  grp_dense_latency_ap_fixed_16_6_5_3_0_ap_fixed_16_6_5_3_0_config6_s_fu_115/mul_16s_12s_26_1_1_U31/tmp_product_i_142__2/O
                         net (fo=1, unplaced)         0.186     1.334    grp_dense_latency_ap_fixed_16_6_5_3_0_ap_fixed_16_6_5_3_0_config6_s_fu_115/mul_16s_12s_26_1_1_U31/tmp_product_i_142__2_n_0
                         LUT5 (Prop_LUT5_I1_O)        0.038     1.372 f  grp_dense_latency_ap_fixed_16_6_5_3_0_ap_fixed_16_6_5_3_0_config6_s_fu_115/mul_16s_12s_26_1_1_U31/tmp_product_i_68__2/O
                         net (fo=1, unplaced)         0.186     1.558    grp_dense_latency_ap_fixed_16_6_5_3_0_ap_fixed_16_6_5_3_0_config6_s_fu_115/mul_16s_12s_26_1_1_U31/tmp_product_i_68__2_n_0
                         LUT6 (Prop_LUT6_I1_O)        0.038     1.596 f  grp_dense_latency_ap_fixed_16_6_5_3_0_ap_fixed_16_6_5_3_0_config6_s_fu_115/mul_16s_12s_26_1_1_U31/tmp_product_i_19__2/O
                         net (fo=1, unplaced)         0.228     1.824    grp_dense_latency_ap_fixed_16_6_5_3_0_ap_fixed_16_6_5_3_0_config6_s_fu_115/mul_16s_12s_26_1_1_U31/tmp_product/A[8]
                         DSP_A_B_DATA (Prop_DSP_A_B_DATA_A[8]_A2_DATA[8])
                                                      0.192     2.016 r  grp_dense_latency_ap_fixed_16_6_5_3_0_ap_fixed_16_6_5_3_0_config6_s_fu_115/mul_16s_12s_26_1_1_U31/tmp_product/DSP_A_B_DATA_INST/A2_DATA[8]
                         net (fo=1, unplaced)         0.000     2.016    grp_dense_latency_ap_fixed_16_6_5_3_0_ap_fixed_16_6_5_3_0_config6_s_fu_115/mul_16s_12s_26_1_1_U31/tmp_product/DSP_A_B_DATA.A2_DATA<8>
                         DSP_PREADD_DATA (Prop_DSP_PREADD_DATA_A2_DATA[8]_A2A1[8])
                                                      0.076     2.092 r  grp_dense_latency_ap_fixed_16_6_5_3_0_ap_fixed_16_6_5_3_0_config6_s_fu_115/mul_16s_12s_26_1_1_U31/tmp_product/DSP_PREADD_DATA_INST/A2A1[8]
                         net (fo=1, unplaced)         0.000     2.092    grp_dense_latency_ap_fixed_16_6_5_3_0_ap_fixed_16_6_5_3_0_config6_s_fu_115/mul_16s_12s_26_1_1_U31/tmp_product/DSP_PREADD_DATA.A2A1<8>
                         DSP_MULTIPLIER (Prop_DSP_MULTIPLIER_A2A1[8]_U[13])
                                                      0.505     2.597 f  grp_dense_latency_ap_fixed_16_6_5_3_0_ap_fixed_16_6_5_3_0_config6_s_fu_115/mul_16s_12s_26_1_1_U31/tmp_product/DSP_MULTIPLIER_INST/U[13]
                         net (fo=1, unplaced)         0.000     2.597    grp_dense_latency_ap_fixed_16_6_5_3_0_ap_fixed_16_6_5_3_0_config6_s_fu_115/mul_16s_12s_26_1_1_U31/tmp_product/DSP_MULTIPLIER.U<13>
                         DSP_M_DATA (Prop_DSP_M_DATA_U[13]_U_DATA[13])
                                                      0.047     2.644 r  grp_dense_latency_ap_fixed_16_6_5_3_0_ap_fixed_16_6_5_3_0_config6_s_fu_115/mul_16s_12s_26_1_1_U31/tmp_product/DSP_M_DATA_INST/U_DATA[13]
                         net (fo=1, unplaced)         0.000     2.644    grp_dense_latency_ap_fixed_16_6_5_3_0_ap_fixed_16_6_5_3_0_config6_s_fu_115/mul_16s_12s_26_1_1_U31/tmp_product/DSP_M_DATA.U_DATA<13>
                         DSP_ALU (Prop_DSP_ALU_U_DATA[13]_ALU_OUT[13])
                                                      0.585     3.229 r  grp_dense_latency_ap_fixed_16_6_5_3_0_ap_fixed_16_6_5_3_0_config6_s_fu_115/mul_16s_12s_26_1_1_U31/tmp_product/DSP_ALU_INST/ALU_OUT[13]
                         net (fo=1, unplaced)         0.000     3.229    grp_dense_latency_ap_fixed_16_6_5_3_0_ap_fixed_16_6_5_3_0_config6_s_fu_115/mul_16s_12s_26_1_1_U31/tmp_product/DSP_ALU.ALU_OUT<13>
                         DSP_OUTPUT (Prop_DSP_OUTPUT_ALU_OUT[13]_P[13])
                                                      0.109     3.338 f  grp_dense_latency_ap_fixed_16_6_5_3_0_ap_fixed_16_6_5_3_0_config6_s_fu_115/mul_16s_12s_26_1_1_U31/tmp_product/DSP_OUTPUT_INST/P[13]
                         net (fo=19, unplaced)        0.299     3.637    grp_dense_latency_ap_fixed_16_6_5_3_0_ap_fixed_16_6_5_3_0_config6_s_fu_115/mul_16s_12s_26_1_1_U31/P[3]
                         LUT1 (Prop_LUT1_I0_O)        0.037     3.674 r  grp_dense_latency_ap_fixed_16_6_5_3_0_ap_fixed_16_6_5_3_0_config6_s_fu_115/mul_16s_12s_26_1_1_U31/add_ln58_15_reg_725[15]_i_63/O
                         net (fo=1, unplaced)         0.028     3.702    grp_dense_latency_ap_fixed_16_6_5_3_0_ap_fixed_16_6_5_3_0_config6_s_fu_115/mul_16s_12s_26_1_1_U31/add_ln58_15_reg_725[15]_i_63_n_0
                         CARRY8 (Prop_CARRY8_S[2]_O[4])
                                                      0.167     3.869 r  grp_dense_latency_ap_fixed_16_6_5_3_0_ap_fixed_16_6_5_3_0_config6_s_fu_115/mul_16s_12s_26_1_1_U31/add_ln58_15_reg_725_reg[15]_i_60/O[4]
                         net (fo=2, unplaced)         0.184     4.053    grp_dense_latency_ap_fixed_16_6_5_3_0_ap_fixed_16_6_5_3_0_config6_s_fu_115/mul_16s_12s_26_1_1_U31/sext_ln58_fu_527_p1[5]
                         LUT3 (Prop_LUT3_I1_O)        0.074     4.127 r  grp_dense_latency_ap_fixed_16_6_5_3_0_ap_fixed_16_6_5_3_0_config6_s_fu_115/mul_16s_12s_26_1_1_U31/add_ln58_15_reg_725[15]_i_45/O
                         net (fo=2, unplaced)         0.216     4.343    grp_dense_latency_ap_fixed_16_6_5_3_0_ap_fixed_16_6_5_3_0_config6_s_fu_115/mul_16s_12s_26_1_1_U31/add_ln58_15_reg_725[15]_i_45_n_0
                         LUT4 (Prop_LUT4_I3_O)        0.037     4.380 r  grp_dense_latency_ap_fixed_16_6_5_3_0_ap_fixed_16_6_5_3_0_config6_s_fu_115/mul_16s_12s_26_1_1_U31/add_ln58_15_reg_725[15]_i_52/O
                         net (fo=1, unplaced)         0.023     4.403    grp_dense_latency_ap_fixed_16_6_5_3_0_ap_fixed_16_6_5_3_0_config6_s_fu_115/mul_16s_12s_26_1_1_U31/add_ln58_15_reg_725[15]_i_52_n_0
                         CARRY8 (Prop_CARRY8_S[6]_CO[7])
                                                      0.124     4.527 r  grp_dense_latency_ap_fixed_16_6_5_3_0_ap_fixed_16_6_5_3_0_config6_s_fu_115/mul_16s_12s_26_1_1_U31/add_ln58_15_reg_725_reg[15]_i_24/CO[7]
                         net (fo=1, unplaced)         0.005     4.532    grp_dense_latency_ap_fixed_16_6_5_3_0_ap_fixed_16_6_5_3_0_config6_s_fu_115/mul_16s_12s_26_1_1_U31/add_ln58_15_reg_725_reg[15]_i_24_n_0
                         CARRY8 (Prop_CARRY8_CI_O[0])
                                                      0.056     4.588 r  grp_dense_latency_ap_fixed_16_6_5_3_0_ap_fixed_16_6_5_3_0_config6_s_fu_115/mul_16s_12s_26_1_1_U31/add_ln58_15_reg_725_reg[15]_i_17/O[0]
                         net (fo=3, unplaced)         0.192     4.780    grp_dense_latency_ap_fixed_16_6_5_3_0_ap_fixed_16_6_5_3_0_config6_s_fu_115/mul_16s_12s_26_1_1_U31/add_ln58_15_reg_725_reg[15]_i_17_n_15
                         LUT3 (Prop_LUT3_I1_O)        0.038     4.818 f  grp_dense_latency_ap_fixed_16_6_5_3_0_ap_fixed_16_6_5_3_0_config6_s_fu_115/mul_16s_12s_26_1_1_U31/add_ln58_15_reg_725[15]_i_23/O
                         net (fo=2, unplaced)         0.186     5.004    grp_dense_latency_ap_fixed_16_6_5_3_0_ap_fixed_16_6_5_3_0_config6_s_fu_115/mul_16s_12s_26_1_1_U31/add_ln58_15_reg_725[15]_i_23_n_0
                         LUT5 (Prop_LUT5_I0_O)        0.038     5.042 r  grp_dense_latency_ap_fixed_16_6_5_3_0_ap_fixed_16_6_5_3_0_config6_s_fu_115/mul_16s_12s_26_1_1_U31/add_ln58_15_reg_725[15]_i_7/O
                         net (fo=2, unplaced)         0.186     5.228    grp_dense_latency_ap_fixed_16_6_5_3_0_ap_fixed_16_6_5_3_0_config6_s_fu_115/mul_16s_12s_26_1_1_U31/add_ln58_15_reg_725[15]_i_7_n_0
                         LUT6 (Prop_LUT6_I0_O)        0.037     5.265 r  grp_dense_latency_ap_fixed_16_6_5_3_0_ap_fixed_16_6_5_3_0_config6_s_fu_115/mul_16s_12s_26_1_1_U31/add_ln58_15_reg_725[15]_i_15/O
                         net (fo=1, unplaced)         0.023     5.288    grp_dense_latency_ap_fixed_16_6_5_3_0_ap_fixed_16_6_5_3_0_config6_s_fu_115/mul_16s_12s_26_1_1_U31/add_ln58_15_reg_725[15]_i_15_n_0
                         CARRY8 (Prop_CARRY8_S[1]_O[5])
                                                      0.237     5.525 r  grp_dense_latency_ap_fixed_16_6_5_3_0_ap_fixed_16_6_5_3_0_config6_s_fu_115/mul_16s_12s_26_1_1_U31/add_ln58_15_reg_725_reg[15]_i_1/O[5]
                         net (fo=1, unplaced)         0.025     5.550    grp_dense_latency_ap_fixed_16_6_5_3_0_ap_fixed_16_6_5_3_0_config6_s_fu_115/add_ln58_15_fu_542_p2[13]
                         FDRE                                         r  grp_dense_latency_ap_fixed_16_6_5_3_0_ap_fixed_16_6_5_3_0_config6_s_fu_115/add_ln58_15_reg_725_reg[13]/D
  -------------------------------------------------------------------    -------------------

                         (clock ap_clk rise edge)    10.000    10.000 r  
                                                      0.000    10.000 r  ap_clk (IN)
                         net (fo=2571, unset)         0.021    10.021    grp_dense_latency_ap_fixed_16_6_5_3_0_ap_fixed_16_6_5_3_0_config6_s_fu_115/ap_clk
                         FDRE                                         r  grp_dense_latency_ap_fixed_16_6_5_3_0_ap_fixed_16_6_5_3_0_config6_s_fu_115/add_ln58_15_reg_725_reg[13]/C
                         clock pessimism              0.000    10.021    
                         clock uncertainty           -0.035     9.986    
                         FDRE (Setup_FDRE_C_D)        0.025    10.011    grp_dense_latency_ap_fixed_16_6_5_3_0_ap_fixed_16_6_5_3_0_config6_s_fu_115/add_ln58_15_reg_725_reg[13]
  -------------------------------------------------------------------
                         required time                         10.011    
                         arrival time                          -5.550    
  -------------------------------------------------------------------
                         slack                                  4.461    

Slack (MET) :             4.473ns  (required time - arrival time)
  Source:                 layer4_out_reg_384_reg[1]/C
                            (rising edge-triggered cell FDRE clocked by ap_clk  {rise@0.000ns fall@5.000ns period=10.000ns})
  Destination:            grp_dense_latency_ap_fixed_16_6_5_3_0_ap_fixed_16_6_5_3_0_config6_s_fu_115/add_ln58_15_reg_725_reg[14]/D
                            (rising edge-triggered cell FDRE clocked by ap_clk  {rise@0.000ns fall@5.000ns period=10.000ns})
  Path Group:             ap_clk
  Path Type:              Setup (Max at Slow Process Corner)
  Requirement:            10.000ns  (ap_clk rise@10.000ns - ap_clk rise@0.000ns)
  Data Path Delay:        5.508ns  (logic 2.785ns (50.563%)  route 2.723ns (49.437%))
  Logic Levels:           22  (CARRY8=5 DSP_A_B_DATA=1 DSP_ALU=1 DSP_M_DATA=1 DSP_MULTIPLIER=1 DSP_OUTPUT=1 DSP_PREADD_DATA=1 LUT1=1 LUT2=1 LUT3=2 LUT4=1 LUT5=2 LUT6=4)
  Clock Path Skew:        -0.009ns (DCD - SCD + CPR)
    Destination Clock Delay (DCD):    0.021ns = ( 10.021 - 10.000 ) 
    Source Clock Delay      (SCD):    0.030ns
    Clock Pessimism Removal (CPR):    0.000ns
  Clock Uncertainty:      0.035ns  ((TSJ^2 + TIJ^2)^1/2 + DJ) / 2 + PE
    Total System Jitter     (TSJ):    0.071ns
    Total Input Jitter      (TIJ):    0.000ns
    Discrete Jitter          (DJ):    0.000ns
    Phase Error              (PE):    0.000ns

    Location             Delay type                Incr(ns)  Path(ns)    Netlist Resource(s)
  -------------------------------------------------------------------    -------------------
                         (clock ap_clk rise edge)     0.000     0.000 r  
                                                      0.000     0.000 r  ap_clk (IN)
                         net (fo=2571, unset)         0.030     0.030    ap_clk
                         FDRE                                         r  layer4_out_reg_384_reg[1]/C
  -------------------------------------------------------------------    -------------------
                         FDRE (Prop_FDRE_C_Q)         0.077     0.107 f  layer4_out_reg_384_reg[1]/Q
                         net (fo=4, unplaced)         0.149     0.256    grp_dense_latency_ap_fixed_16_6_5_3_0_ap_fixed_16_6_5_3_0_config6_s_fu_115/mul_16s_12s_26_1_1_U31/icmp_ln45_fu_112_p2_carry[1]
                         LUT2 (Prop_LUT2_I1_O)        0.070     0.326 f  grp_dense_latency_ap_fixed_16_6_5_3_0_ap_fixed_16_6_5_3_0_config6_s_fu_115/mul_16s_12s_26_1_1_U31/icmp_ln45_fu_112_p2_carry_i_8__0/O
                         net (fo=1, unplaced)         0.260     0.586    call_ret4_relu_ap_fixed_16_6_5_3_0_ap_fixed_16_6_5_3_0_relu_config5_s_fu_103/DI[0]
                         CARRY8 (Prop_CARRY8_DI[0]_CO[7])
                                                      0.140     0.726 f  call_ret4_relu_ap_fixed_16_6_5_3_0_ap_fixed_16_6_5_3_0_relu_config5_s_fu_103/icmp_ln45_fu_112_p2_carry/CO[7]
                         net (fo=16, unplaced)        0.160     0.886    grp_dense_latency_ap_fixed_16_6_5_3_0_ap_fixed_16_6_5_3_0_config6_s_fu_115/mul_16s_12s_26_1_1_U31/CO[0]
                         LUT6 (Prop_LUT6_I3_O)        0.038     0.924 r  grp_dense_latency_ap_fixed_16_6_5_3_0_ap_fixed_16_6_5_3_0_config6_s_fu_115/mul_16s_12s_26_1_1_U31/tmp_product_i_200__1/O
                         net (fo=1, unplaced)         0.186     1.110    grp_dense_latency_ap_fixed_16_6_5_3_0_ap_fixed_16_6_5_3_0_config6_s_fu_115/mul_16s_12s_26_1_1_U31/tmp_product_i_200__1_n_0
                         LUT6 (Prop_LUT6_I2_O)        0.038     1.148 f  grp_dense_latency_ap_fixed_16_6_5_3_0_ap_fixed_16_6_5_3_0_config6_s_fu_115/mul_16s_12s_26_1_1_U31/tmp_product_i_142__2/O
                         net (fo=1, unplaced)         0.186     1.334    grp_dense_latency_ap_fixed_16_6_5_3_0_ap_fixed_16_6_5_3_0_config6_s_fu_115/mul_16s_12s_26_1_1_U31/tmp_product_i_142__2_n_0
                         LUT5 (Prop_LUT5_I1_O)        0.038     1.372 f  grp_dense_latency_ap_fixed_16_6_5_3_0_ap_fixed_16_6_5_3_0_config6_s_fu_115/mul_16s_12s_26_1_1_U31/tmp_product_i_68__2/O
                         net (fo=1, unplaced)         0.186     1.558    grp_dense_latency_ap_fixed_16_6_5_3_0_ap_fixed_16_6_5_3_0_config6_s_fu_115/mul_16s_12s_26_1_1_U31/tmp_product_i_68__2_n_0
                         LUT6 (Prop_LUT6_I1_O)        0.038     1.596 f  grp_dense_latency_ap_fixed_16_6_5_3_0_ap_fixed_16_6_5_3_0_config6_s_fu_115/mul_16s_12s_26_1_1_U31/tmp_product_i_19__2/O
                         net (fo=1, unplaced)         0.228     1.824    grp_dense_latency_ap_fixed_16_6_5_3_0_ap_fixed_16_6_5_3_0_config6_s_fu_115/mul_16s_12s_26_1_1_U31/tmp_product/A[8]
                         DSP_A_B_DATA (Prop_DSP_A_B_DATA_A[8]_A2_DATA[8])
                                                      0.192     2.016 r  grp_dense_latency_ap_fixed_16_6_5_3_0_ap_fixed_16_6_5_3_0_config6_s_fu_115/mul_16s_12s_26_1_1_U31/tmp_product/DSP_A_B_DATA_INST/A2_DATA[8]
                         net (fo=1, unplaced)         0.000     2.016    grp_dense_latency_ap_fixed_16_6_5_3_0_ap_fixed_16_6_5_3_0_config6_s_fu_115/mul_16s_12s_26_1_1_U31/tmp_product/DSP_A_B_DATA.A2_DATA<8>
                         DSP_PREADD_DATA (Prop_DSP_PREADD_DATA_A2_DATA[8]_A2A1[8])
                                                      0.076     2.092 r  grp_dense_latency_ap_fixed_16_6_5_3_0_ap_fixed_16_6_5_3_0_config6_s_fu_115/mul_16s_12s_26_1_1_U31/tmp_product/DSP_PREADD_DATA_INST/A2A1[8]
                         net (fo=1, unplaced)         0.000     2.092    grp_dense_latency_ap_fixed_16_6_5_3_0_ap_fixed_16_6_5_3_0_config6_s_fu_115/mul_16s_12s_26_1_1_U31/tmp_product/DSP_PREADD_DATA.A2A1<8>
                         DSP_MULTIPLIER (Prop_DSP_MULTIPLIER_A2A1[8]_U[13])
                                                      0.505     2.597 f  grp_dense_latency_ap_fixed_16_6_5_3_0_ap_fixed_16_6_5_3_0_config6_s_fu_115/mul_16s_12s_26_1_1_U31/tmp_product/DSP_MULTIPLIER_INST/U[13]
                         net (fo=1, unplaced)         0.000     2.597    grp_dense_latency_ap_fixed_16_6_5_3_0_ap_fixed_16_6_5_3_0_config6_s_fu_115/mul_16s_12s_26_1_1_U31/tmp_product/DSP_MULTIPLIER.U<13>
                         DSP_M_DATA (Prop_DSP_M_DATA_U[13]_U_DATA[13])
                                                      0.047     2.644 r  grp_dense_latency_ap_fixed_16_6_5_3_0_ap_fixed_16_6_5_3_0_config6_s_fu_115/mul_16s_12s_26_1_1_U31/tmp_product/DSP_M_DATA_INST/U_DATA[13]
                         net (fo=1, unplaced)         0.000     2.644    grp_dense_latency_ap_fixed_16_6_5_3_0_ap_fixed_16_6_5_3_0_config6_s_fu_115/mul_16s_12s_26_1_1_U31/tmp_product/DSP_M_DATA.U_DATA<13>
                         DSP_ALU (Prop_DSP_ALU_U_DATA[13]_ALU_OUT[13])
                                                      0.585     3.229 r  grp_dense_latency_ap_fixed_16_6_5_3_0_ap_fixed_16_6_5_3_0_config6_s_fu_115/mul_16s_12s_26_1_1_U31/tmp_product/DSP_ALU_INST/ALU_OUT[13]
                         net (fo=1, unplaced)         0.000     3.229    grp_dense_latency_ap_fixed_16_6_5_3_0_ap_fixed_16_6_5_3_0_config6_s_fu_115/mul_16s_12s_26_1_1_U31/tmp_product/DSP_ALU.ALU_OUT<13>
                         DSP_OUTPUT (Prop_DSP_OUTPUT_ALU_OUT[13]_P[13])
                                                      0.109     3.338 f  grp_dense_latency_ap_fixed_16_6_5_3_0_ap_fixed_16_6_5_3_0_config6_s_fu_115/mul_16s_12s_26_1_1_U31/tmp_product/DSP_OUTPUT_INST/P[13]
                         net (fo=19, unplaced)        0.299     3.637    grp_dense_latency_ap_fixed_16_6_5_3_0_ap_fixed_16_6_5_3_0_config6_s_fu_115/mul_16s_12s_26_1_1_U31/P[3]
                         LUT1 (Prop_LUT1_I0_O)        0.037     3.674 r  grp_dense_latency_ap_fixed_16_6_5_3_0_ap_fixed_16_6_5_3_0_config6_s_fu_115/mul_16s_12s_26_1_1_U31/add_ln58_15_reg_725[15]_i_63/O
                         net (fo=1, unplaced)         0.028     3.702    grp_dense_latency_ap_fixed_16_6_5_3_0_ap_fixed_16_6_5_3_0_config6_s_fu_115/mul_16s_12s_26_1_1_U31/add_ln58_15_reg_725[15]_i_63_n_0
                         CARRY8 (Prop_CARRY8_S[2]_O[4])
                                                      0.167     3.869 r  grp_dense_latency_ap_fixed_16_6_5_3_0_ap_fixed_16_6_5_3_0_config6_s_fu_115/mul_16s_12s_26_1_1_U31/add_ln58_15_reg_725_reg[15]_i_60/O[4]
                         net (fo=2, unplaced)         0.184     4.053    grp_dense_latency_ap_fixed_16_6_5_3_0_ap_fixed_16_6_5_3_0_config6_s_fu_115/mul_16s_12s_26_1_1_U31/sext_ln58_fu_527_p1[5]
                         LUT3 (Prop_LUT3_I1_O)        0.074     4.127 r  grp_dense_latency_ap_fixed_16_6_5_3_0_ap_fixed_16_6_5_3_0_config6_s_fu_115/mul_16s_12s_26_1_1_U31/add_ln58_15_reg_725[15]_i_45/O
                         net (fo=2, unplaced)         0.216     4.343    grp_dense_latency_ap_fixed_16_6_5_3_0_ap_fixed_16_6_5_3_0_config6_s_fu_115/mul_16s_12s_26_1_1_U31/add_ln58_15_reg_725[15]_i_45_n_0
                         LUT4 (Prop_LUT4_I3_O)        0.037     4.380 r  grp_dense_latency_ap_fixed_16_6_5_3_0_ap_fixed_16_6_5_3_0_config6_s_fu_115/mul_16s_12s_26_1_1_U31/add_ln58_15_reg_725[15]_i_52/O
                         net (fo=1, unplaced)         0.023     4.403    grp_dense_latency_ap_fixed_16_6_5_3_0_ap_fixed_16_6_5_3_0_config6_s_fu_115/mul_16s_12s_26_1_1_U31/add_ln58_15_reg_725[15]_i_52_n_0
                         CARRY8 (Prop_CARRY8_S[6]_CO[7])
                                                      0.124     4.527 r  grp_dense_latency_ap_fixed_16_6_5_3_0_ap_fixed_16_6_5_3_0_config6_s_fu_115/mul_16s_12s_26_1_1_U31/add_ln58_15_reg_725_reg[15]_i_24/CO[7]
                         net (fo=1, unplaced)         0.005     4.532    grp_dense_latency_ap_fixed_16_6_5_3_0_ap_fixed_16_6_5_3_0_config6_s_fu_115/mul_16s_12s_26_1_1_U31/add_ln58_15_reg_725_reg[15]_i_24_n_0
                         CARRY8 (Prop_CARRY8_CI_O[0])
                                                      0.056     4.588 r  grp_dense_latency_ap_fixed_16_6_5_3_0_ap_fixed_16_6_5_3_0_config6_s_fu_115/mul_16s_12s_26_1_1_U31/add_ln58_15_reg_725_reg[15]_i_17/O[0]
                         net (fo=3, unplaced)         0.192     4.780    grp_dense_latency_ap_fixed_16_6_5_3_0_ap_fixed_16_6_5_3_0_config6_s_fu_115/mul_16s_12s_26_1_1_U31/add_ln58_15_reg_725_reg[15]_i_17_n_15
                         LUT3 (Prop_LUT3_I1_O)        0.038     4.818 f  grp_dense_latency_ap_fixed_16_6_5_3_0_ap_fixed_16_6_5_3_0_config6_s_fu_115/mul_16s_12s_26_1_1_U31/add_ln58_15_reg_725[15]_i_23/O
                         net (fo=2, unplaced)         0.186     5.004    grp_dense_latency_ap_fixed_16_6_5_3_0_ap_fixed_16_6_5_3_0_config6_s_fu_115/mul_16s_12s_26_1_1_U31/add_ln58_15_reg_725[15]_i_23_n_0
                         LUT5 (Prop_LUT5_I0_O)        0.038     5.042 r  grp_dense_latency_ap_fixed_16_6_5_3_0_ap_fixed_16_6_5_3_0_config6_s_fu_115/mul_16s_12s_26_1_1_U31/add_ln58_15_reg_725[15]_i_7/O
                         net (fo=2, unplaced)         0.186     5.228    grp_dense_latency_ap_fixed_16_6_5_3_0_ap_fixed_16_6_5_3_0_config6_s_fu_115/mul_16s_12s_26_1_1_U31/add_ln58_15_reg_725[15]_i_7_n_0
                         LUT6 (Prop_LUT6_I0_O)        0.037     5.265 r  grp_dense_latency_ap_fixed_16_6_5_3_0_ap_fixed_16_6_5_3_0_config6_s_fu_115/mul_16s_12s_26_1_1_U31/add_ln58_15_reg_725[15]_i_15/O
                         net (fo=1, unplaced)         0.023     5.288    grp_dense_latency_ap_fixed_16_6_5_3_0_ap_fixed_16_6_5_3_0_config6_s_fu_115/mul_16s_12s_26_1_1_U31/add_ln58_15_reg_725[15]_i_15_n_0
                         CARRY8 (Prop_CARRY8_S[1]_O[6])
                                                      0.224     5.512 r  grp_dense_latency_ap_fixed_16_6_5_3_0_ap_fixed_16_6_5_3_0_config6_s_fu_115/mul_16s_12s_26_1_1_U31/add_ln58_15_reg_725_reg[15]_i_1/O[6]
                         net (fo=1, unplaced)         0.026     5.538    grp_dense_latency_ap_fixed_16_6_5_3_0_ap_fixed_16_6_5_3_0_config6_s_fu_115/add_ln58_15_fu_542_p2[14]
                         FDRE                                         r  grp_dense_latency_ap_fixed_16_6_5_3_0_ap_fixed_16_6_5_3_0_config6_s_fu_115/add_ln58_15_reg_725_reg[14]/D
  -------------------------------------------------------------------    -------------------

                         (clock ap_clk rise edge)    10.000    10.000 r  
                                                      0.000    10.000 r  ap_clk (IN)
                         net (fo=2571, unset)         0.021    10.021    grp_dense_latency_ap_fixed_16_6_5_3_0_ap_fixed_16_6_5_3_0_config6_s_fu_115/ap_clk
                         FDRE                                         r  grp_dense_latency_ap_fixed_16_6_5_3_0_ap_fixed_16_6_5_3_0_config6_s_fu_115/add_ln58_15_reg_725_reg[14]/C
                         clock pessimism              0.000    10.021    
                         clock uncertainty           -0.035     9.986    
                         FDRE (Setup_FDRE_C_D)        0.025    10.011    grp_dense_latency_ap_fixed_16_6_5_3_0_ap_fixed_16_6_5_3_0_config6_s_fu_115/add_ln58_15_reg_725_reg[14]
  -------------------------------------------------------------------
                         required time                         10.011    
                         arrival time                          -5.538    
  -------------------------------------------------------------------
                         slack                                  4.473    

Slack (MET) :             4.494ns  (required time - arrival time)
  Source:                 layer4_out_reg_384_reg[1]/C
                            (rising edge-triggered cell FDRE clocked by ap_clk  {rise@0.000ns fall@5.000ns period=10.000ns})
  Destination:            grp_dense_latency_ap_fixed_16_6_5_3_0_ap_fixed_16_6_5_3_0_config6_s_fu_115/add_ln58_15_reg_725_reg[12]/D
                            (rising edge-triggered cell FDRE clocked by ap_clk  {rise@0.000ns fall@5.000ns period=10.000ns})
  Path Group:             ap_clk
  Path Type:              Setup (Max at Slow Process Corner)
  Requirement:            10.000ns  (ap_clk rise@10.000ns - ap_clk rise@0.000ns)
  Data Path Delay:        5.487ns  (logic 2.765ns (50.392%)  route 2.722ns (49.608%))
  Logic Levels:           22  (CARRY8=5 DSP_A_B_DATA=1 DSP_ALU=1 DSP_M_DATA=1 DSP_MULTIPLIER=1 DSP_OUTPUT=1 DSP_PREADD_DATA=1 LUT1=1 LUT2=1 LUT3=2 LUT4=1 LUT5=2 LUT6=4)
  Clock Path Skew:        -0.009ns (DCD - SCD + CPR)
    Destination Clock Delay (DCD):    0.021ns = ( 10.021 - 10.000 ) 
    Source Clock Delay      (SCD):    0.030ns
    Clock Pessimism Removal (CPR):    0.000ns
  Clock Uncertainty:      0.035ns  ((TSJ^2 + TIJ^2)^1/2 + DJ) / 2 + PE
    Total System Jitter     (TSJ):    0.071ns
    Total Input Jitter      (TIJ):    0.000ns
    Discrete Jitter          (DJ):    0.000ns
    Phase Error              (PE):    0.000ns

    Location             Delay type                Incr(ns)  Path(ns)    Netlist Resource(s)
  -------------------------------------------------------------------    -------------------
                         (clock ap_clk rise edge)     0.000     0.000 r  
                                                      0.000     0.000 r  ap_clk (IN)
                         net (fo=2571, unset)         0.030     0.030    ap_clk
                         FDRE                                         r  layer4_out_reg_384_reg[1]/C
  -------------------------------------------------------------------    -------------------
                         FDRE (Prop_FDRE_C_Q)         0.077     0.107 f  layer4_out_reg_384_reg[1]/Q
                         net (fo=4, unplaced)         0.149     0.256    grp_dense_latency_ap_fixed_16_6_5_3_0_ap_fixed_16_6_5_3_0_config6_s_fu_115/mul_16s_12s_26_1_1_U31/icmp_ln45_fu_112_p2_carry[1]
                         LUT2 (Prop_LUT2_I1_O)        0.070     0.326 f  grp_dense_latency_ap_fixed_16_6_5_3_0_ap_fixed_16_6_5_3_0_config6_s_fu_115/mul_16s_12s_26_1_1_U31/icmp_ln45_fu_112_p2_carry_i_8__0/O
                         net (fo=1, unplaced)         0.260     0.586    call_ret4_relu_ap_fixed_16_6_5_3_0_ap_fixed_16_6_5_3_0_relu_config5_s_fu_103/DI[0]
                         CARRY8 (Prop_CARRY8_DI[0]_CO[7])
                                                      0.140     0.726 f  call_ret4_relu_ap_fixed_16_6_5_3_0_ap_fixed_16_6_5_3_0_relu_config5_s_fu_103/icmp_ln45_fu_112_p2_carry/CO[7]
                         net (fo=16, unplaced)        0.160     0.886    grp_dense_latency_ap_fixed_16_6_5_3_0_ap_fixed_16_6_5_3_0_config6_s_fu_115/mul_16s_12s_26_1_1_U31/CO[0]
                         LUT6 (Prop_LUT6_I3_O)        0.038     0.924 r  grp_dense_latency_ap_fixed_16_6_5_3_0_ap_fixed_16_6_5_3_0_config6_s_fu_115/mul_16s_12s_26_1_1_U31/tmp_product_i_200__1/O
                         net (fo=1, unplaced)         0.186     1.110    grp_dense_latency_ap_fixed_16_6_5_3_0_ap_fixed_16_6_5_3_0_config6_s_fu_115/mul_16s_12s_26_1_1_U31/tmp_product_i_200__1_n_0
                         LUT6 (Prop_LUT6_I2_O)        0.038     1.148 f  grp_dense_latency_ap_fixed_16_6_5_3_0_ap_fixed_16_6_5_3_0_config6_s_fu_115/mul_16s_12s_26_1_1_U31/tmp_product_i_142__2/O
                         net (fo=1, unplaced)         0.186     1.334    grp_dense_latency_ap_fixed_16_6_5_3_0_ap_fixed_16_6_5_3_0_config6_s_fu_115/mul_16s_12s_26_1_1_U31/tmp_product_i_142__2_n_0
                         LUT5 (Prop_LUT5_I1_O)        0.038     1.372 f  grp_dense_latency_ap_fixed_16_6_5_3_0_ap_fixed_16_6_5_3_0_config6_s_fu_115/mul_16s_12s_26_1_1_U31/tmp_product_i_68__2/O
                         net (fo=1, unplaced)         0.186     1.558    grp_dense_latency_ap_fixed_16_6_5_3_0_ap_fixed_16_6_5_3_0_config6_s_fu_115/mul_16s_12s_26_1_1_U31/tmp_product_i_68__2_n_0
                         LUT6 (Prop_LUT6_I1_O)        0.038     1.596 f  grp_dense_latency_ap_fixed_16_6_5_3_0_ap_fixed_16_6_5_3_0_config6_s_fu_115/mul_16s_12s_26_1_1_U31/tmp_product_i_19__2/O
                         net (fo=1, unplaced)         0.228     1.824    grp_dense_latency_ap_fixed_16_6_5_3_0_ap_fixed_16_6_5_3_0_config6_s_fu_115/mul_16s_12s_26_1_1_U31/tmp_product/A[8]
                         DSP_A_B_DATA (Prop_DSP_A_B_DATA_A[8]_A2_DATA[8])
                                                      0.192     2.016 r  grp_dense_latency_ap_fixed_16_6_5_3_0_ap_fixed_16_6_5_3_0_config6_s_fu_115/mul_16s_12s_26_1_1_U31/tmp_product/DSP_A_B_DATA_INST/A2_DATA[8]
                         net (fo=1, unplaced)         0.000     2.016    grp_dense_latency_ap_fixed_16_6_5_3_0_ap_fixed_16_6_5_3_0_config6_s_fu_115/mul_16s_12s_26_1_1_U31/tmp_product/DSP_A_B_DATA.A2_DATA<8>
                         DSP_PREADD_DATA (Prop_DSP_PREADD_DATA_A2_DATA[8]_A2A1[8])
                                                      0.076     2.092 r  grp_dense_latency_ap_fixed_16_6_5_3_0_ap_fixed_16_6_5_3_0_config6_s_fu_115/mul_16s_12s_26_1_1_U31/tmp_product/DSP_PREADD_DATA_INST/A2A1[8]
                         net (fo=1, unplaced)         0.000     2.092    grp_dense_latency_ap_fixed_16_6_5_3_0_ap_fixed_16_6_5_3_0_config6_s_fu_115/mul_16s_12s_26_1_1_U31/tmp_product/DSP_PREADD_DATA.A2A1<8>
                         DSP_MULTIPLIER (Prop_DSP_MULTIPLIER_A2A1[8]_U[13])
                                                      0.505     2.597 f  grp_dense_latency_ap_fixed_16_6_5_3_0_ap_fixed_16_6_5_3_0_config6_s_fu_115/mul_16s_12s_26_1_1_U31/tmp_product/DSP_MULTIPLIER_INST/U[13]
                         net (fo=1, unplaced)         0.000     2.597    grp_dense_latency_ap_fixed_16_6_5_3_0_ap_fixed_16_6_5_3_0_config6_s_fu_115/mul_16s_12s_26_1_1_U31/tmp_product/DSP_MULTIPLIER.U<13>
                         DSP_M_DATA (Prop_DSP_M_DATA_U[13]_U_DATA[13])
                                                      0.047     2.644 r  grp_dense_latency_ap_fixed_16_6_5_3_0_ap_fixed_16_6_5_3_0_config6_s_fu_115/mul_16s_12s_26_1_1_U31/tmp_product/DSP_M_DATA_INST/U_DATA[13]
                         net (fo=1, unplaced)         0.000     2.644    grp_dense_latency_ap_fixed_16_6_5_3_0_ap_fixed_16_6_5_3_0_config6_s_fu_115/mul_16s_12s_26_1_1_U31/tmp_product/DSP_M_DATA.U_DATA<13>
                         DSP_ALU (Prop_DSP_ALU_U_DATA[13]_ALU_OUT[13])
                                                      0.585     3.229 r  grp_dense_latency_ap_fixed_16_6_5_3_0_ap_fixed_16_6_5_3_0_config6_s_fu_115/mul_16s_12s_26_1_1_U31/tmp_product/DSP_ALU_INST/ALU_OUT[13]
                         net (fo=1, unplaced)         0.000     3.229    grp_dense_latency_ap_fixed_16_6_5_3_0_ap_fixed_16_6_5_3_0_config6_s_fu_115/mul_16s_12s_26_1_1_U31/tmp_product/DSP_ALU.ALU_OUT<13>
                         DSP_OUTPUT (Prop_DSP_OUTPUT_ALU_OUT[13]_P[13])
                                                      0.109     3.338 f  grp_dense_latency_ap_fixed_16_6_5_3_0_ap_fixed_16_6_5_3_0_config6_s_fu_115/mul_16s_12s_26_1_1_U31/tmp_product/DSP_OUTPUT_INST/P[13]
                         net (fo=19, unplaced)        0.299     3.637    grp_dense_latency_ap_fixed_16_6_5_3_0_ap_fixed_16_6_5_3_0_config6_s_fu_115/mul_16s_12s_26_1_1_U31/P[3]
                         LUT1 (Prop_LUT1_I0_O)        0.037     3.674 r  grp_dense_latency_ap_fixed_16_6_5_3_0_ap_fixed_16_6_5_3_0_config6_s_fu_115/mul_16s_12s_26_1_1_U31/add_ln58_15_reg_725[15]_i_63/O
                         net (fo=1, unplaced)         0.028     3.702    grp_dense_latency_ap_fixed_16_6_5_3_0_ap_fixed_16_6_5_3_0_config6_s_fu_115/mul_16s_12s_26_1_1_U31/add_ln58_15_reg_725[15]_i_63_n_0
                         CARRY8 (Prop_CARRY8_S[2]_O[4])
                                                      0.167     3.869 r  grp_dense_latency_ap_fixed_16_6_5_3_0_ap_fixed_16_6_5_3_0_config6_s_fu_115/mul_16s_12s_26_1_1_U31/add_ln58_15_reg_725_reg[15]_i_60/O[4]
                         net (fo=2, unplaced)         0.184     4.053    grp_dense_latency_ap_fixed_16_6_5_3_0_ap_fixed_16_6_5_3_0_config6_s_fu_115/mul_16s_12s_26_1_1_U31/sext_ln58_fu_527_p1[5]
                         LUT3 (Prop_LUT3_I1_O)        0.074     4.127 r  grp_dense_latency_ap_fixed_16_6_5_3_0_ap_fixed_16_6_5_3_0_config6_s_fu_115/mul_16s_12s_26_1_1_U31/add_ln58_15_reg_725[15]_i_45/O
                         net (fo=2, unplaced)         0.216     4.343    grp_dense_latency_ap_fixed_16_6_5_3_0_ap_fixed_16_6_5_3_0_config6_s_fu_115/mul_16s_12s_26_1_1_U31/add_ln58_15_reg_725[15]_i_45_n_0
                         LUT4 (Prop_LUT4_I3_O)        0.037     4.380 r  grp_dense_latency_ap_fixed_16_6_5_3_0_ap_fixed_16_6_5_3_0_config6_s_fu_115/mul_16s_12s_26_1_1_U31/add_ln58_15_reg_725[15]_i_52/O
                         net (fo=1, unplaced)         0.023     4.403    grp_dense_latency_ap_fixed_16_6_5_3_0_ap_fixed_16_6_5_3_0_config6_s_fu_115/mul_16s_12s_26_1_1_U31/add_ln58_15_reg_725[15]_i_52_n_0
                         CARRY8 (Prop_CARRY8_S[6]_CO[7])
                                                      0.124     4.527 r  grp_dense_latency_ap_fixed_16_6_5_3_0_ap_fixed_16_6_5_3_0_config6_s_fu_115/mul_16s_12s_26_1_1_U31/add_ln58_15_reg_725_reg[15]_i_24/CO[7]
                         net (fo=1, unplaced)         0.005     4.532    grp_dense_latency_ap_fixed_16_6_5_3_0_ap_fixed_16_6_5_3_0_config6_s_fu_115/mul_16s_12s_26_1_1_U31/add_ln58_15_reg_725_reg[15]_i_24_n_0
                         CARRY8 (Prop_CARRY8_CI_O[0])
                                                      0.056     4.588 r  grp_dense_latency_ap_fixed_16_6_5_3_0_ap_fixed_16_6_5_3_0_config6_s_fu_115/mul_16s_12s_26_1_1_U31/add_ln58_15_reg_725_reg[15]_i_17/O[0]
                         net (fo=3, unplaced)         0.192     4.780    grp_dense_latency_ap_fixed_16_6_5_3_0_ap_fixed_16_6_5_3_0_config6_s_fu_115/mul_16s_12s_26_1_1_U31/add_ln58_15_reg_725_reg[15]_i_17_n_15
                         LUT3 (Prop_LUT3_I1_O)        0.038     4.818 f  grp_dense_latency_ap_fixed_16_6_5_3_0_ap_fixed_16_6_5_3_0_config6_s_fu_115/mul_16s_12s_26_1_1_U31/add_ln58_15_reg_725[15]_i_23/O
                         net (fo=2, unplaced)         0.186     5.004    grp_dense_latency_ap_fixed_16_6_5_3_0_ap_fixed_16_6_5_3_0_config6_s_fu_115/mul_16s_12s_26_1_1_U31/add_ln58_15_reg_725[15]_i_23_n_0
                         LUT5 (Prop_LUT5_I0_O)        0.038     5.042 r  grp_dense_latency_ap_fixed_16_6_5_3_0_ap_fixed_16_6_5_3_0_config6_s_fu_115/mul_16s_12s_26_1_1_U31/add_ln58_15_reg_725[15]_i_7/O
                         net (fo=2, unplaced)         0.186     5.228    grp_dense_latency_ap_fixed_16_6_5_3_0_ap_fixed_16_6_5_3_0_config6_s_fu_115/mul_16s_12s_26_1_1_U31/add_ln58_15_reg_725[15]_i_7_n_0
                         LUT6 (Prop_LUT6_I0_O)        0.037     5.265 r  grp_dense_latency_ap_fixed_16_6_5_3_0_ap_fixed_16_6_5_3_0_config6_s_fu_115/mul_16s_12s_26_1_1_U31/add_ln58_15_reg_725[15]_i_15/O
                         net (fo=1, unplaced)         0.023     5.288    grp_dense_latency_ap_fixed_16_6_5_3_0_ap_fixed_16_6_5_3_0_config6_s_fu_115/mul_16s_12s_26_1_1_U31/add_ln58_15_reg_725[15]_i_15_n_0
                         CARRY8 (Prop_CARRY8_S[1]_O[4])
                                                      0.204     5.492 r  grp_dense_latency_ap_fixed_16_6_5_3_0_ap_fixed_16_6_5_3_0_config6_s_fu_115/mul_16s_12s_26_1_1_U31/add_ln58_15_reg_725_reg[15]_i_1/O[4]
                         net (fo=1, unplaced)         0.025     5.517    grp_dense_latency_ap_fixed_16_6_5_3_0_ap_fixed_16_6_5_3_0_config6_s_fu_115/add_ln58_15_fu_542_p2[12]
                         FDRE                                         r  grp_dense_latency_ap_fixed_16_6_5_3_0_ap_fixed_16_6_5_3_0_config6_s_fu_115/add_ln58_15_reg_725_reg[12]/D
  -------------------------------------------------------------------    -------------------

                         (clock ap_clk rise edge)    10.000    10.000 r  
                                                      0.000    10.000 r  ap_clk (IN)
                         net (fo=2571, unset)         0.021    10.021    grp_dense_latency_ap_fixed_16_6_5_3_0_ap_fixed_16_6_5_3_0_config6_s_fu_115/ap_clk
                         FDRE                                         r  grp_dense_latency_ap_fixed_16_6_5_3_0_ap_fixed_16_6_5_3_0_config6_s_fu_115/add_ln58_15_reg_725_reg[12]/C
                         clock pessimism              0.000    10.021    
                         clock uncertainty           -0.035     9.986    
                         FDRE (Setup_FDRE_C_D)        0.025    10.011    grp_dense_latency_ap_fixed_16_6_5_3_0_ap_fixed_16_6_5_3_0_config6_s_fu_115/add_ln58_15_reg_725_reg[12]
  -------------------------------------------------------------------
                         required time                         10.011    
                         arrival time                          -5.517    
  -------------------------------------------------------------------
                         slack                                  4.494    

Slack (MET) :             4.574ns  (required time - arrival time)
  Source:                 layer4_out_reg_384_reg[1]/C
                            (rising edge-triggered cell FDRE clocked by ap_clk  {rise@0.000ns fall@5.000ns period=10.000ns})
  Destination:            grp_dense_latency_ap_fixed_16_6_5_3_0_ap_fixed_16_6_5_3_0_config6_s_fu_115/add_ln58_15_reg_725_reg[11]/D
                            (rising edge-triggered cell FDRE clocked by ap_clk  {rise@0.000ns fall@5.000ns period=10.000ns})
  Path Group:             ap_clk
  Path Type:              Setup (Max at Slow Process Corner)
  Requirement:            10.000ns  (ap_clk rise@10.000ns - ap_clk rise@0.000ns)
  Data Path Delay:        5.407ns  (logic 2.684ns (49.639%)  route 2.723ns (50.361%))
  Logic Levels:           22  (CARRY8=5 DSP_A_B_DATA=1 DSP_ALU=1 DSP_M_DATA=1 DSP_MULTIPLIER=1 DSP_OUTPUT=1 DSP_PREADD_DATA=1 LUT1=1 LUT2=1 LUT3=2 LUT4=1 LUT5=2 LUT6=4)
  Clock Path Skew:        -0.009ns (DCD - SCD + CPR)
    Destination Clock Delay (DCD):    0.021ns = ( 10.021 - 10.000 ) 
    Source Clock Delay      (SCD):    0.030ns
    Clock Pessimism Removal (CPR):    0.000ns
  Clock Uncertainty:      0.035ns  ((TSJ^2 + TIJ^2)^1/2 + DJ) / 2 + PE
    Total System Jitter     (TSJ):    0.071ns
    Total Input Jitter      (TIJ):    0.000ns
    Discrete Jitter          (DJ):    0.000ns
    Phase Error              (PE):    0.000ns

    Location             Delay type                Incr(ns)  Path(ns)    Netlist Resource(s)
  -------------------------------------------------------------------    -------------------
                         (clock ap_clk rise edge)     0.000     0.000 r  
                                                      0.000     0.000 r  ap_clk (IN)
                         net (fo=2571, unset)         0.030     0.030    ap_clk
                         FDRE                                         r  layer4_out_reg_384_reg[1]/C
  -------------------------------------------------------------------    -------------------
                         FDRE (Prop_FDRE_C_Q)         0.077     0.107 f  layer4_out_reg_384_reg[1]/Q
                         net (fo=4, unplaced)         0.149     0.256    grp_dense_latency_ap_fixed_16_6_5_3_0_ap_fixed_16_6_5_3_0_config6_s_fu_115/mul_16s_12s_26_1_1_U31/icmp_ln45_fu_112_p2_carry[1]
                         LUT2 (Prop_LUT2_I1_O)        0.070     0.326 f  grp_dense_latency_ap_fixed_16_6_5_3_0_ap_fixed_16_6_5_3_0_config6_s_fu_115/mul_16s_12s_26_1_1_U31/icmp_ln45_fu_112_p2_carry_i_8__0/O
                         net (fo=1, unplaced)         0.260     0.586    call_ret4_relu_ap_fixed_16_6_5_3_0_ap_fixed_16_6_5_3_0_relu_config5_s_fu_103/DI[0]
                         CARRY8 (Prop_CARRY8_DI[0]_CO[7])
                                                      0.140     0.726 f  call_ret4_relu_ap_fixed_16_6_5_3_0_ap_fixed_16_6_5_3_0_relu_config5_s_fu_103/icmp_ln45_fu_112_p2_carry/CO[7]
                         net (fo=16, unplaced)        0.160     0.886    grp_dense_latency_ap_fixed_16_6_5_3_0_ap_fixed_16_6_5_3_0_config6_s_fu_115/mul_16s_12s_26_1_1_U31/CO[0]
                         LUT6 (Prop_LUT6_I3_O)        0.038     0.924 r  grp_dense_latency_ap_fixed_16_6_5_3_0_ap_fixed_16_6_5_3_0_config6_s_fu_115/mul_16s_12s_26_1_1_U31/tmp_product_i_200__1/O
                         net (fo=1, unplaced)         0.186     1.110    grp_dense_latency_ap_fixed_16_6_5_3_0_ap_fixed_16_6_5_3_0_config6_s_fu_115/mul_16s_12s_26_1_1_U31/tmp_product_i_200__1_n_0
                         LUT6 (Prop_LUT6_I2_O)        0.038     1.148 f  grp_dense_latency_ap_fixed_16_6_5_3_0_ap_fixed_16_6_5_3_0_config6_s_fu_115/mul_16s_12s_26_1_1_U31/tmp_product_i_142__2/O
                         net (fo=1, unplaced)         0.186     1.334    grp_dense_latency_ap_fixed_16_6_5_3_0_ap_fixed_16_6_5_3_0_config6_s_fu_115/mul_16s_12s_26_1_1_U31/tmp_product_i_142__2_n_0
                         LUT5 (Prop_LUT5_I1_O)        0.038     1.372 f  grp_dense_latency_ap_fixed_16_6_5_3_0_ap_fixed_16_6_5_3_0_config6_s_fu_115/mul_16s_12s_26_1_1_U31/tmp_product_i_68__2/O
                         net (fo=1, unplaced)         0.186     1.558    grp_dense_latency_ap_fixed_16_6_5_3_0_ap_fixed_16_6_5_3_0_config6_s_fu_115/mul_16s_12s_26_1_1_U31/tmp_product_i_68__2_n_0
                         LUT6 (Prop_LUT6_I1_O)        0.038     1.596 f  grp_dense_latency_ap_fixed_16_6_5_3_0_ap_fixed_16_6_5_3_0_config6_s_fu_115/mul_16s_12s_26_1_1_U31/tmp_product_i_19__2/O
                         net (fo=1, unplaced)         0.228     1.824    grp_dense_latency_ap_fixed_16_6_5_3_0_ap_fixed_16_6_5_3_0_config6_s_fu_115/mul_16s_12s_26_1_1_U31/tmp_product/A[8]
                         DSP_A_B_DATA (Prop_DSP_A_B_DATA_A[8]_A2_DATA[8])
                                                      0.192     2.016 r  grp_dense_latency_ap_fixed_16_6_5_3_0_ap_fixed_16_6_5_3_0_config6_s_fu_115/mul_16s_12s_26_1_1_U31/tmp_product/DSP_A_B_DATA_INST/A2_DATA[8]
                         net (fo=1, unplaced)         0.000     2.016    grp_dense_latency_ap_fixed_16_6_5_3_0_ap_fixed_16_6_5_3_0_config6_s_fu_115/mul_16s_12s_26_1_1_U31/tmp_product/DSP_A_B_DATA.A2_DATA<8>
                         DSP_PREADD_DATA (Prop_DSP_PREADD_DATA_A2_DATA[8]_A2A1[8])
                                                      0.076     2.092 r  grp_dense_latency_ap_fixed_16_6_5_3_0_ap_fixed_16_6_5_3_0_config6_s_fu_115/mul_16s_12s_26_1_1_U31/tmp_product/DSP_PREADD_DATA_INST/A2A1[8]
                         net (fo=1, unplaced)         0.000     2.092    grp_dense_latency_ap_fixed_16_6_5_3_0_ap_fixed_16_6_5_3_0_config6_s_fu_115/mul_16s_12s_26_1_1_U31/tmp_product/DSP_PREADD_DATA.A2A1<8>
                         DSP_MULTIPLIER (Prop_DSP_MULTIPLIER_A2A1[8]_U[13])
                                                      0.505     2.597 f  grp_dense_latency_ap_fixed_16_6_5_3_0_ap_fixed_16_6_5_3_0_config6_s_fu_115/mul_16s_12s_26_1_1_U31/tmp_product/DSP_MULTIPLIER_INST/U[13]
                         net (fo=1, unplaced)         0.000     2.597    grp_dense_latency_ap_fixed_16_6_5_3_0_ap_fixed_16_6_5_3_0_config6_s_fu_115/mul_16s_12s_26_1_1_U31/tmp_product/DSP_MULTIPLIER.U<13>
                         DSP_M_DATA (Prop_DSP_M_DATA_U[13]_U_DATA[13])
                                                      0.047     2.644 r  grp_dense_latency_ap_fixed_16_6_5_3_0_ap_fixed_16_6_5_3_0_config6_s_fu_115/mul_16s_12s_26_1_1_U31/tmp_product/DSP_M_DATA_INST/U_DATA[13]
                         net (fo=1, unplaced)         0.000     2.644    grp_dense_latency_ap_fixed_16_6_5_3_0_ap_fixed_16_6_5_3_0_config6_s_fu_115/mul_16s_12s_26_1_1_U31/tmp_product/DSP_M_DATA.U_DATA<13>
                         DSP_ALU (Prop_DSP_ALU_U_DATA[13]_ALU_OUT[13])
                                                      0.585     3.229 r  grp_dense_latency_ap_fixed_16_6_5_3_0_ap_fixed_16_6_5_3_0_config6_s_fu_115/mul_16s_12s_26_1_1_U31/tmp_product/DSP_ALU_INST/ALU_OUT[13]
                         net (fo=1, unplaced)         0.000     3.229    grp_dense_latency_ap_fixed_16_6_5_3_0_ap_fixed_16_6_5_3_0_config6_s_fu_115/mul_16s_12s_26_1_1_U31/tmp_product/DSP_ALU.ALU_OUT<13>
                         DSP_OUTPUT (Prop_DSP_OUTPUT_ALU_OUT[13]_P[13])
                                                      0.109     3.338 f  grp_dense_latency_ap_fixed_16_6_5_3_0_ap_fixed_16_6_5_3_0_config6_s_fu_115/mul_16s_12s_26_1_1_U31/tmp_product/DSP_OUTPUT_INST/P[13]
                         net (fo=19, unplaced)        0.299     3.637    grp_dense_latency_ap_fixed_16_6_5_3_0_ap_fixed_16_6_5_3_0_config6_s_fu_115/mul_16s_12s_26_1_1_U31/P[3]
                         LUT1 (Prop_LUT1_I0_O)        0.037     3.674 r  grp_dense_latency_ap_fixed_16_6_5_3_0_ap_fixed_16_6_5_3_0_config6_s_fu_115/mul_16s_12s_26_1_1_U31/add_ln58_15_reg_725[15]_i_63/O
                         net (fo=1, unplaced)         0.028     3.702    grp_dense_latency_ap_fixed_16_6_5_3_0_ap_fixed_16_6_5_3_0_config6_s_fu_115/mul_16s_12s_26_1_1_U31/add_ln58_15_reg_725[15]_i_63_n_0
                         CARRY8 (Prop_CARRY8_S[2]_O[4])
                                                      0.167     3.869 r  grp_dense_latency_ap_fixed_16_6_5_3_0_ap_fixed_16_6_5_3_0_config6_s_fu_115/mul_16s_12s_26_1_1_U31/add_ln58_15_reg_725_reg[15]_i_60/O[4]
                         net (fo=2, unplaced)         0.184     4.053    grp_dense_latency_ap_fixed_16_6_5_3_0_ap_fixed_16_6_5_3_0_config6_s_fu_115/mul_16s_12s_26_1_1_U31/sext_ln58_fu_527_p1[5]
                         LUT3 (Prop_LUT3_I1_O)        0.074     4.127 r  grp_dense_latency_ap_fixed_16_6_5_3_0_ap_fixed_16_6_5_3_0_config6_s_fu_115/mul_16s_12s_26_1_1_U31/add_ln58_15_reg_725[15]_i_45/O
                         net (fo=2, unplaced)         0.216     4.343    grp_dense_latency_ap_fixed_16_6_5_3_0_ap_fixed_16_6_5_3_0_config6_s_fu_115/mul_16s_12s_26_1_1_U31/add_ln58_15_reg_725[15]_i_45_n_0
                         LUT4 (Prop_LUT4_I3_O)        0.037     4.380 r  grp_dense_latency_ap_fixed_16_6_5_3_0_ap_fixed_16_6_5_3_0_config6_s_fu_115/mul_16s_12s_26_1_1_U31/add_ln58_15_reg_725[15]_i_52/O
                         net (fo=1, unplaced)         0.023     4.403    grp_dense_latency_ap_fixed_16_6_5_3_0_ap_fixed_16_6_5_3_0_config6_s_fu_115/mul_16s_12s_26_1_1_U31/add_ln58_15_reg_725[15]_i_52_n_0
                         CARRY8 (Prop_CARRY8_S[6]_CO[7])
                                                      0.124     4.527 r  grp_dense_latency_ap_fixed_16_6_5_3_0_ap_fixed_16_6_5_3_0_config6_s_fu_115/mul_16s_12s_26_1_1_U31/add_ln58_15_reg_725_reg[15]_i_24/CO[7]
                         net (fo=1, unplaced)         0.005     4.532    grp_dense_latency_ap_fixed_16_6_5_3_0_ap_fixed_16_6_5_3_0_config6_s_fu_115/mul_16s_12s_26_1_1_U31/add_ln58_15_reg_725_reg[15]_i_24_n_0
                         CARRY8 (Prop_CARRY8_CI_O[0])
                                                      0.056     4.588 r  grp_dense_latency_ap_fixed_16_6_5_3_0_ap_fixed_16_6_5_3_0_config6_s_fu_115/mul_16s_12s_26_1_1_U31/add_ln58_15_reg_725_reg[15]_i_17/O[0]
                         net (fo=3, unplaced)         0.192     4.780    grp_dense_latency_ap_fixed_16_6_5_3_0_ap_fixed_16_6_5_3_0_config6_s_fu_115/mul_16s_12s_26_1_1_U31/add_ln58_15_reg_725_reg[15]_i_17_n_15
                         LUT3 (Prop_LUT3_I1_O)        0.038     4.818 f  grp_dense_latency_ap_fixed_16_6_5_3_0_ap_fixed_16_6_5_3_0_config6_s_fu_115/mul_16s_12s_26_1_1_U31/add_ln58_15_reg_725[15]_i_23/O
                         net (fo=2, unplaced)         0.186     5.004    grp_dense_latency_ap_fixed_16_6_5_3_0_ap_fixed_16_6_5_3_0_config6_s_fu_115/mul_16s_12s_26_1_1_U31/add_ln58_15_reg_725[15]_i_23_n_0
                         LUT5 (Prop_LUT5_I0_O)        0.038     5.042 r  grp_dense_latency_ap_fixed_16_6_5_3_0_ap_fixed_16_6_5_3_0_config6_s_fu_115/mul_16s_12s_26_1_1_U31/add_ln58_15_reg_725[15]_i_7/O
                         net (fo=2, unplaced)         0.186     5.228    grp_dense_latency_ap_fixed_16_6_5_3_0_ap_fixed_16_6_5_3_0_config6_s_fu_115/mul_16s_12s_26_1_1_U31/add_ln58_15_reg_725[15]_i_7_n_0
                         LUT6 (Prop_LUT6_I0_O)        0.037     5.265 r  grp_dense_latency_ap_fixed_16_6_5_3_0_ap_fixed_16_6_5_3_0_config6_s_fu_115/mul_16s_12s_26_1_1_U31/add_ln58_15_reg_725[15]_i_15/O
                         net (fo=1, unplaced)         0.023     5.288    grp_dense_latency_ap_fixed_16_6_5_3_0_ap_fixed_16_6_5_3_0_config6_s_fu_115/mul_16s_12s_26_1_1_U31/add_ln58_15_reg_725[15]_i_15_n_0
                         CARRY8 (Prop_CARRY8_S[1]_O[3])
                                                      0.123     5.411 r  grp_dense_latency_ap_fixed_16_6_5_3_0_ap_fixed_16_6_5_3_0_config6_s_fu_115/mul_16s_12s_26_1_1_U31/add_ln58_15_reg_725_reg[15]_i_1/O[3]
                         net (fo=1, unplaced)         0.026     5.437    grp_dense_latency_ap_fixed_16_6_5_3_0_ap_fixed_16_6_5_3_0_config6_s_fu_115/add_ln58_15_fu_542_p2[11]
                         FDRE                                         r  grp_dense_latency_ap_fixed_16_6_5_3_0_ap_fixed_16_6_5_3_0_config6_s_fu_115/add_ln58_15_reg_725_reg[11]/D
  -------------------------------------------------------------------    -------------------

                         (clock ap_clk rise edge)    10.000    10.000 r  
                                                      0.000    10.000 r  ap_clk (IN)
                         net (fo=2571, unset)         0.021    10.021    grp_dense_latency_ap_fixed_16_6_5_3_0_ap_fixed_16_6_5_3_0_config6_s_fu_115/ap_clk
                         FDRE                                         r  grp_dense_latency_ap_fixed_16_6_5_3_0_ap_fixed_16_6_5_3_0_config6_s_fu_115/add_ln58_15_reg_725_reg[11]/C
                         clock pessimism              0.000    10.021    
                         clock uncertainty           -0.035     9.986    
                         FDRE (Setup_FDRE_C_D)        0.025    10.011    grp_dense_latency_ap_fixed_16_6_5_3_0_ap_fixed_16_6_5_3_0_config6_s_fu_115/add_ln58_15_reg_725_reg[11]
  -------------------------------------------------------------------
                         required time                         10.011    
                         arrival time                          -5.437    
  -------------------------------------------------------------------
                         slack                                  4.574    

Slack (MET) :             4.580ns  (required time - arrival time)
  Source:                 layer4_out_reg_384_reg[1]/C
                            (rising edge-triggered cell FDRE clocked by ap_clk  {rise@0.000ns fall@5.000ns period=10.000ns})
  Destination:            grp_dense_latency_ap_fixed_16_6_5_3_0_ap_fixed_16_6_5_3_0_config6_s_fu_115/add_ln58_15_reg_725_reg[10]/D
                            (rising edge-triggered cell FDRE clocked by ap_clk  {rise@0.000ns fall@5.000ns period=10.000ns})
  Path Group:             ap_clk
  Path Type:              Setup (Max at Slow Process Corner)
  Requirement:            10.000ns  (ap_clk rise@10.000ns - ap_clk rise@0.000ns)
  Data Path Delay:        5.401ns  (logic 2.678ns (49.583%)  route 2.723ns (50.417%))
  Logic Levels:           22  (CARRY8=5 DSP_A_B_DATA=1 DSP_ALU=1 DSP_M_DATA=1 DSP_MULTIPLIER=1 DSP_OUTPUT=1 DSP_PREADD_DATA=1 LUT1=1 LUT2=1 LUT3=2 LUT4=1 LUT5=2 LUT6=4)
  Clock Path Skew:        -0.009ns (DCD - SCD + CPR)
    Destination Clock Delay (DCD):    0.021ns = ( 10.021 - 10.000 ) 
    Source Clock Delay      (SCD):    0.030ns
    Clock Pessimism Removal (CPR):    0.000ns
  Clock Uncertainty:      0.035ns  ((TSJ^2 + TIJ^2)^1/2 + DJ) / 2 + PE
    Total System Jitter     (TSJ):    0.071ns
    Total Input Jitter      (TIJ):    0.000ns
    Discrete Jitter          (DJ):    0.000ns
    Phase Error              (PE):    0.000ns

    Location             Delay type                Incr(ns)  Path(ns)    Netlist Resource(s)
  -------------------------------------------------------------------    -------------------
                         (clock ap_clk rise edge)     0.000     0.000 r  
                                                      0.000     0.000 r  ap_clk (IN)
                         net (fo=2571, unset)         0.030     0.030    ap_clk
                         FDRE                                         r  layer4_out_reg_384_reg[1]/C
  -------------------------------------------------------------------    -------------------
                         FDRE (Prop_FDRE_C_Q)         0.077     0.107 f  layer4_out_reg_384_reg[1]/Q
                         net (fo=4, unplaced)         0.149     0.256    grp_dense_latency_ap_fixed_16_6_5_3_0_ap_fixed_16_6_5_3_0_config6_s_fu_115/mul_16s_12s_26_1_1_U31/icmp_ln45_fu_112_p2_carry[1]
                         LUT2 (Prop_LUT2_I1_O)        0.070     0.326 f  grp_dense_latency_ap_fixed_16_6_5_3_0_ap_fixed_16_6_5_3_0_config6_s_fu_115/mul_16s_12s_26_1_1_U31/icmp_ln45_fu_112_p2_carry_i_8__0/O
                         net (fo=1, unplaced)         0.260     0.586    call_ret4_relu_ap_fixed_16_6_5_3_0_ap_fixed_16_6_5_3_0_relu_config5_s_fu_103/DI[0]
                         CARRY8 (Prop_CARRY8_DI[0]_CO[7])
                                                      0.140     0.726 f  call_ret4_relu_ap_fixed_16_6_5_3_0_ap_fixed_16_6_5_3_0_relu_config5_s_fu_103/icmp_ln45_fu_112_p2_carry/CO[7]
                         net (fo=16, unplaced)        0.160     0.886    grp_dense_latency_ap_fixed_16_6_5_3_0_ap_fixed_16_6_5_3_0_config6_s_fu_115/mul_16s_12s_26_1_1_U31/CO[0]
                         LUT6 (Prop_LUT6_I3_O)        0.038     0.924 r  grp_dense_latency_ap_fixed_16_6_5_3_0_ap_fixed_16_6_5_3_0_config6_s_fu_115/mul_16s_12s_26_1_1_U31/tmp_product_i_200__1/O
                         net (fo=1, unplaced)         0.186     1.110    grp_dense_latency_ap_fixed_16_6_5_3_0_ap_fixed_16_6_5_3_0_config6_s_fu_115/mul_16s_12s_26_1_1_U31/tmp_product_i_200__1_n_0
                         LUT6 (Prop_LUT6_I2_O)        0.038     1.148 f  grp_dense_latency_ap_fixed_16_6_5_3_0_ap_fixed_16_6_5_3_0_config6_s_fu_115/mul_16s_12s_26_1_1_U31/tmp_product_i_142__2/O
                         net (fo=1, unplaced)         0.186     1.334    grp_dense_latency_ap_fixed_16_6_5_3_0_ap_fixed_16_6_5_3_0_config6_s_fu_115/mul_16s_12s_26_1_1_U31/tmp_product_i_142__2_n_0
                         LUT5 (Prop_LUT5_I1_O)        0.038     1.372 f  grp_dense_latency_ap_fixed_16_6_5_3_0_ap_fixed_16_6_5_3_0_config6_s_fu_115/mul_16s_12s_26_1_1_U31/tmp_product_i_68__2/O
                         net (fo=1, unplaced)         0.186     1.558    grp_dense_latency_ap_fixed_16_6_5_3_0_ap_fixed_16_6_5_3_0_config6_s_fu_115/mul_16s_12s_26_1_1_U31/tmp_product_i_68__2_n_0
                         LUT6 (Prop_LUT6_I1_O)        0.038     1.596 f  grp_dense_latency_ap_fixed_16_6_5_3_0_ap_fixed_16_6_5_3_0_config6_s_fu_115/mul_16s_12s_26_1_1_U31/tmp_product_i_19__2/O
                         net (fo=1, unplaced)         0.228     1.824    grp_dense_latency_ap_fixed_16_6_5_3_0_ap_fixed_16_6_5_3_0_config6_s_fu_115/mul_16s_12s_26_1_1_U31/tmp_product/A[8]
                         DSP_A_B_DATA (Prop_DSP_A_B_DATA_A[8]_A2_DATA[8])
                                                      0.192     2.016 r  grp_dense_latency_ap_fixed_16_6_5_3_0_ap_fixed_16_6_5_3_0_config6_s_fu_115/mul_16s_12s_26_1_1_U31/tmp_product/DSP_A_B_DATA_INST/A2_DATA[8]
                         net (fo=1, unplaced)         0.000     2.016    grp_dense_latency_ap_fixed_16_6_5_3_0_ap_fixed_16_6_5_3_0_config6_s_fu_115/mul_16s_12s_26_1_1_U31/tmp_product/DSP_A_B_DATA.A2_DATA<8>
                         DSP_PREADD_DATA (Prop_DSP_PREADD_DATA_A2_DATA[8]_A2A1[8])
                                                      0.076     2.092 r  grp_dense_latency_ap_fixed_16_6_5_3_0_ap_fixed_16_6_5_3_0_config6_s_fu_115/mul_16s_12s_26_1_1_U31/tmp_product/DSP_PREADD_DATA_INST/A2A1[8]
                         net (fo=1, unplaced)         0.000     2.092    grp_dense_latency_ap_fixed_16_6_5_3_0_ap_fixed_16_6_5_3_0_config6_s_fu_115/mul_16s_12s_26_1_1_U31/tmp_product/DSP_PREADD_DATA.A2A1<8>
                         DSP_MULTIPLIER (Prop_DSP_MULTIPLIER_A2A1[8]_U[13])
                                                      0.505     2.597 f  grp_dense_latency_ap_fixed_16_6_5_3_0_ap_fixed_16_6_5_3_0_config6_s_fu_115/mul_16s_12s_26_1_1_U31/tmp_product/DSP_MULTIPLIER_INST/U[13]
                         net (fo=1, unplaced)         0.000     2.597    grp_dense_latency_ap_fixed_16_6_5_3_0_ap_fixed_16_6_5_3_0_config6_s_fu_115/mul_16s_12s_26_1_1_U31/tmp_product/DSP_MULTIPLIER.U<13>
                         DSP_M_DATA (Prop_DSP_M_DATA_U[13]_U_DATA[13])
                                                      0.047     2.644 r  grp_dense_latency_ap_fixed_16_6_5_3_0_ap_fixed_16_6_5_3_0_config6_s_fu_115/mul_16s_12s_26_1_1_U31/tmp_product/DSP_M_DATA_INST/U_DATA[13]
                         net (fo=1, unplaced)         0.000     2.644    grp_dense_latency_ap_fixed_16_6_5_3_0_ap_fixed_16_6_5_3_0_config6_s_fu_115/mul_16s_12s_26_1_1_U31/tmp_product/DSP_M_DATA.U_DATA<13>
                         DSP_ALU (Prop_DSP_ALU_U_DATA[13]_ALU_OUT[13])
                                                      0.585     3.229 r  grp_dense_latency_ap_fixed_16_6_5_3_0_ap_fixed_16_6_5_3_0_config6_s_fu_115/mul_16s_12s_26_1_1_U31/tmp_product/DSP_ALU_INST/ALU_OUT[13]
                         net (fo=1, unplaced)         0.000     3.229    grp_dense_latency_ap_fixed_16_6_5_3_0_ap_fixed_16_6_5_3_0_config6_s_fu_115/mul_16s_12s_26_1_1_U31/tmp_product/DSP_ALU.ALU_OUT<13>
                         DSP_OUTPUT (Prop_DSP_OUTPUT_ALU_OUT[13]_P[13])
                                                      0.109     3.338 f  grp_dense_latency_ap_fixed_16_6_5_3_0_ap_fixed_16_6_5_3_0_config6_s_fu_115/mul_16s_12s_26_1_1_U31/tmp_product/DSP_OUTPUT_INST/P[13]
                         net (fo=19, unplaced)        0.299     3.637    grp_dense_latency_ap_fixed_16_6_5_3_0_ap_fixed_16_6_5_3_0_config6_s_fu_115/mul_16s_12s_26_1_1_U31/P[3]
                         LUT1 (Prop_LUT1_I0_O)        0.037     3.674 r  grp_dense_latency_ap_fixed_16_6_5_3_0_ap_fixed_16_6_5_3_0_config6_s_fu_115/mul_16s_12s_26_1_1_U31/add_ln58_15_reg_725[15]_i_63/O
                         net (fo=1, unplaced)         0.028     3.702    grp_dense_latency_ap_fixed_16_6_5_3_0_ap_fixed_16_6_5_3_0_config6_s_fu_115/mul_16s_12s_26_1_1_U31/add_ln58_15_reg_725[15]_i_63_n_0
                         CARRY8 (Prop_CARRY8_S[2]_O[4])
                                                      0.167     3.869 r  grp_dense_latency_ap_fixed_16_6_5_3_0_ap_fixed_16_6_5_3_0_config6_s_fu_115/mul_16s_12s_26_1_1_U31/add_ln58_15_reg_725_reg[15]_i_60/O[4]
                         net (fo=2, unplaced)         0.184     4.053    grp_dense_latency_ap_fixed_16_6_5_3_0_ap_fixed_16_6_5_3_0_config6_s_fu_115/mul_16s_12s_26_1_1_U31/sext_ln58_fu_527_p1[5]
                         LUT3 (Prop_LUT3_I1_O)        0.074     4.127 r  grp_dense_latency_ap_fixed_16_6_5_3_0_ap_fixed_16_6_5_3_0_config6_s_fu_115/mul_16s_12s_26_1_1_U31/add_ln58_15_reg_725[15]_i_45/O
                         net (fo=2, unplaced)         0.216     4.343    grp_dense_latency_ap_fixed_16_6_5_3_0_ap_fixed_16_6_5_3_0_config6_s_fu_115/mul_16s_12s_26_1_1_U31/add_ln58_15_reg_725[15]_i_45_n_0
                         LUT4 (Prop_LUT4_I3_O)        0.037     4.380 r  grp_dense_latency_ap_fixed_16_6_5_3_0_ap_fixed_16_6_5_3_0_config6_s_fu_115/mul_16s_12s_26_1_1_U31/add_ln58_15_reg_725[15]_i_52/O
                         net (fo=1, unplaced)         0.023     4.403    grp_dense_latency_ap_fixed_16_6_5_3_0_ap_fixed_16_6_5_3_0_config6_s_fu_115/mul_16s_12s_26_1_1_U31/add_ln58_15_reg_725[15]_i_52_n_0
                         CARRY8 (Prop_CARRY8_S[6]_CO[7])
                                                      0.124     4.527 r  grp_dense_latency_ap_fixed_16_6_5_3_0_ap_fixed_16_6_5_3_0_config6_s_fu_115/mul_16s_12s_26_1_1_U31/add_ln58_15_reg_725_reg[15]_i_24/CO[7]
                         net (fo=1, unplaced)         0.005     4.532    grp_dense_latency_ap_fixed_16_6_5_3_0_ap_fixed_16_6_5_3_0_config6_s_fu_115/mul_16s_12s_26_1_1_U31/add_ln58_15_reg_725_reg[15]_i_24_n_0
                         CARRY8 (Prop_CARRY8_CI_O[0])
                                                      0.056     4.588 r  grp_dense_latency_ap_fixed_16_6_5_3_0_ap_fixed_16_6_5_3_0_config6_s_fu_115/mul_16s_12s_26_1_1_U31/add_ln58_15_reg_725_reg[15]_i_17/O[0]
                         net (fo=3, unplaced)         0.192     4.780    grp_dense_latency_ap_fixed_16_6_5_3_0_ap_fixed_16_6_5_3_0_config6_s_fu_115/mul_16s_12s_26_1_1_U31/add_ln58_15_reg_725_reg[15]_i_17_n_15
                         LUT3 (Prop_LUT3_I1_O)        0.038     4.818 f  grp_dense_latency_ap_fixed_16_6_5_3_0_ap_fixed_16_6_5_3_0_config6_s_fu_115/mul_16s_12s_26_1_1_U31/add_ln58_15_reg_725[15]_i_23/O
                         net (fo=2, unplaced)         0.186     5.004    grp_dense_latency_ap_fixed_16_6_5_3_0_ap_fixed_16_6_5_3_0_config6_s_fu_115/mul_16s_12s_26_1_1_U31/add_ln58_15_reg_725[15]_i_23_n_0
                         LUT5 (Prop_LUT5_I0_O)        0.038     5.042 r  grp_dense_latency_ap_fixed_16_6_5_3_0_ap_fixed_16_6_5_3_0_config6_s_fu_115/mul_16s_12s_26_1_1_U31/add_ln58_15_reg_725[15]_i_7/O
                         net (fo=2, unplaced)         0.186     5.228    grp_dense_latency_ap_fixed_16_6_5_3_0_ap_fixed_16_6_5_3_0_config6_s_fu_115/mul_16s_12s_26_1_1_U31/add_ln58_15_reg_725[15]_i_7_n_0
                         LUT6 (Prop_LUT6_I0_O)        0.037     5.265 r  grp_dense_latency_ap_fixed_16_6_5_3_0_ap_fixed_16_6_5_3_0_config6_s_fu_115/mul_16s_12s_26_1_1_U31/add_ln58_15_reg_725[15]_i_15/O
                         net (fo=1, unplaced)         0.023     5.288    grp_dense_latency_ap_fixed_16_6_5_3_0_ap_fixed_16_6_5_3_0_config6_s_fu_115/mul_16s_12s_26_1_1_U31/add_ln58_15_reg_725[15]_i_15_n_0
                         CARRY8 (Prop_CARRY8_S[1]_O[2])
                                                      0.117     5.405 r  grp_dense_latency_ap_fixed_16_6_5_3_0_ap_fixed_16_6_5_3_0_config6_s_fu_115/mul_16s_12s_26_1_1_U31/add_ln58_15_reg_725_reg[15]_i_1/O[2]
                         net (fo=1, unplaced)         0.026     5.431    grp_dense_latency_ap_fixed_16_6_5_3_0_ap_fixed_16_6_5_3_0_config6_s_fu_115/add_ln58_15_fu_542_p2[10]
                         FDRE                                         r  grp_dense_latency_ap_fixed_16_6_5_3_0_ap_fixed_16_6_5_3_0_config6_s_fu_115/add_ln58_15_reg_725_reg[10]/D
  -------------------------------------------------------------------    -------------------

                         (clock ap_clk rise edge)    10.000    10.000 r  
                                                      0.000    10.000 r  ap_clk (IN)
                         net (fo=2571, unset)         0.021    10.021    grp_dense_latency_ap_fixed_16_6_5_3_0_ap_fixed_16_6_5_3_0_config6_s_fu_115/ap_clk
                         FDRE                                         r  grp_dense_latency_ap_fixed_16_6_5_3_0_ap_fixed_16_6_5_3_0_config6_s_fu_115/add_ln58_15_reg_725_reg[10]/C
                         clock pessimism              0.000    10.021    
                         clock uncertainty           -0.035     9.986    
                         FDRE (Setup_FDRE_C_D)        0.025    10.011    grp_dense_latency_ap_fixed_16_6_5_3_0_ap_fixed_16_6_5_3_0_config6_s_fu_115/add_ln58_15_reg_725_reg[10]
  -------------------------------------------------------------------
                         required time                         10.011    
                         arrival time                          -5.431    
  -------------------------------------------------------------------
                         slack                                  4.580    

Slack (MET) :             4.622ns  (required time - arrival time)
  Source:                 layer4_out_reg_384_reg[1]/C
                            (rising edge-triggered cell FDRE clocked by ap_clk  {rise@0.000ns fall@5.000ns period=10.000ns})
  Destination:            layer6_out_2_reg_469_reg[15]/D
                            (rising edge-triggered cell FDRE clocked by ap_clk  {rise@0.000ns fall@5.000ns period=10.000ns})
  Path Group:             ap_clk
  Path Type:              Setup (Max at Slow Process Corner)
  Requirement:            10.000ns  (ap_clk rise@10.000ns - ap_clk rise@0.000ns)
  Data Path Delay:        5.359ns  (logic 2.702ns (50.420%)  route 2.657ns (49.580%))
  Logic Levels:           21  (CARRY8=4 DSP_A_B_DATA=1 DSP_ALU=1 DSP_M_DATA=1 DSP_MULTIPLIER=1 DSP_OUTPUT=1 DSP_PREADD_DATA=1 LUT2=1 LUT3=2 LUT4=1 LUT5=2 LUT6=5)
  Clock Path Skew:        -0.009ns (DCD - SCD + CPR)
    Destination Clock Delay (DCD):    0.021ns = ( 10.021 - 10.000 ) 
    Source Clock Delay      (SCD):    0.030ns
    Clock Pessimism Removal (CPR):    0.000ns
  Clock Uncertainty:      0.035ns  ((TSJ^2 + TIJ^2)^1/2 + DJ) / 2 + PE
    Total System Jitter     (TSJ):    0.071ns
    Total Input Jitter      (TIJ):    0.000ns
    Discrete Jitter          (DJ):    0.000ns
    Phase Error              (PE):    0.000ns

    Location             Delay type                Incr(ns)  Path(ns)    Netlist Resource(s)
  -------------------------------------------------------------------    -------------------
                         (clock ap_clk rise edge)     0.000     0.000 r  
                                                      0.000     0.000 r  ap_clk (IN)
                         net (fo=2571, unset)         0.030     0.030    ap_clk
                         FDRE                                         r  layer4_out_reg_384_reg[1]/C
  -------------------------------------------------------------------    -------------------
                         FDRE (Prop_FDRE_C_Q)         0.077     0.107 f  layer4_out_reg_384_reg[1]/Q
                         net (fo=4, unplaced)         0.149     0.256    grp_dense_latency_ap_fixed_16_6_5_3_0_ap_fixed_16_6_5_3_0_config6_s_fu_115/mul_16s_12s_26_1_1_U31/icmp_ln45_fu_112_p2_carry[1]
                         LUT2 (Prop_LUT2_I1_O)        0.070     0.326 f  grp_dense_latency_ap_fixed_16_6_5_3_0_ap_fixed_16_6_5_3_0_config6_s_fu_115/mul_16s_12s_26_1_1_U31/icmp_ln45_fu_112_p2_carry_i_8__0/O
                         net (fo=1, unplaced)         0.260     0.586    call_ret4_relu_ap_fixed_16_6_5_3_0_ap_fixed_16_6_5_3_0_relu_config5_s_fu_103/DI[0]
                         CARRY8 (Prop_CARRY8_DI[0]_CO[7])
                                                      0.140     0.726 f  call_ret4_relu_ap_fixed_16_6_5_3_0_ap_fixed_16_6_5_3_0_relu_config5_s_fu_103/icmp_ln45_fu_112_p2_carry/CO[7]
                         net (fo=16, unplaced)        0.160     0.886    grp_dense_latency_ap_fixed_16_6_5_3_0_ap_fixed_16_6_5_3_0_config6_s_fu_115/mul_16s_12s_26_1_1_U31/CO[0]
                         LUT6 (Prop_LUT6_I3_O)        0.038     0.924 r  grp_dense_latency_ap_fixed_16_6_5_3_0_ap_fixed_16_6_5_3_0_config6_s_fu_115/mul_16s_12s_26_1_1_U31/tmp_product_i_200__1/O
                         net (fo=1, unplaced)         0.186     1.110    grp_dense_latency_ap_fixed_16_6_5_3_0_ap_fixed_16_6_5_3_0_config6_s_fu_115/mul_16s_12s_26_1_1_U31/tmp_product_i_200__1_n_0
                         LUT6 (Prop_LUT6_I2_O)        0.038     1.148 f  grp_dense_latency_ap_fixed_16_6_5_3_0_ap_fixed_16_6_5_3_0_config6_s_fu_115/mul_16s_12s_26_1_1_U31/tmp_product_i_142__2/O
                         net (fo=1, unplaced)         0.186     1.334    grp_dense_latency_ap_fixed_16_6_5_3_0_ap_fixed_16_6_5_3_0_config6_s_fu_115/mul_16s_12s_26_1_1_U31/tmp_product_i_142__2_n_0
                         LUT5 (Prop_LUT5_I1_O)        0.038     1.372 f  grp_dense_latency_ap_fixed_16_6_5_3_0_ap_fixed_16_6_5_3_0_config6_s_fu_115/mul_16s_12s_26_1_1_U31/tmp_product_i_68__2/O
                         net (fo=1, unplaced)         0.186     1.558    grp_dense_latency_ap_fixed_16_6_5_3_0_ap_fixed_16_6_5_3_0_config6_s_fu_115/mul_16s_12s_26_1_1_U31/tmp_product_i_68__2_n_0
                         LUT6 (Prop_LUT6_I1_O)        0.038     1.596 f  grp_dense_latency_ap_fixed_16_6_5_3_0_ap_fixed_16_6_5_3_0_config6_s_fu_115/mul_16s_12s_26_1_1_U31/tmp_product_i_19__2/O
                         net (fo=1, unplaced)         0.228     1.824    grp_dense_latency_ap_fixed_16_6_5_3_0_ap_fixed_16_6_5_3_0_config6_s_fu_115/mul_16s_12s_26_1_1_U31/tmp_product/A[8]
                         DSP_A_B_DATA (Prop_DSP_A_B_DATA_A[8]_A2_DATA[8])
                                                      0.192     2.016 r  grp_dense_latency_ap_fixed_16_6_5_3_0_ap_fixed_16_6_5_3_0_config6_s_fu_115/mul_16s_12s_26_1_1_U31/tmp_product/DSP_A_B_DATA_INST/A2_DATA[8]
                         net (fo=1, unplaced)         0.000     2.016    grp_dense_latency_ap_fixed_16_6_5_3_0_ap_fixed_16_6_5_3_0_config6_s_fu_115/mul_16s_12s_26_1_1_U31/tmp_product/DSP_A_B_DATA.A2_DATA<8>
                         DSP_PREADD_DATA (Prop_DSP_PREADD_DATA_A2_DATA[8]_A2A1[8])
                                                      0.076     2.092 r  grp_dense_latency_ap_fixed_16_6_5_3_0_ap_fixed_16_6_5_3_0_config6_s_fu_115/mul_16s_12s_26_1_1_U31/tmp_product/DSP_PREADD_DATA_INST/A2A1[8]
                         net (fo=1, unplaced)         0.000     2.092    grp_dense_latency_ap_fixed_16_6_5_3_0_ap_fixed_16_6_5_3_0_config6_s_fu_115/mul_16s_12s_26_1_1_U31/tmp_product/DSP_PREADD_DATA.A2A1<8>
                         DSP_MULTIPLIER (Prop_DSP_MULTIPLIER_A2A1[8]_U[10])
                                                      0.505     2.597 f  grp_dense_latency_ap_fixed_16_6_5_3_0_ap_fixed_16_6_5_3_0_config6_s_fu_115/mul_16s_12s_26_1_1_U31/tmp_product/DSP_MULTIPLIER_INST/U[10]
                         net (fo=1, unplaced)         0.000     2.597    grp_dense_latency_ap_fixed_16_6_5_3_0_ap_fixed_16_6_5_3_0_config6_s_fu_115/mul_16s_12s_26_1_1_U31/tmp_product/DSP_MULTIPLIER.U<10>
                         DSP_M_DATA (Prop_DSP_M_DATA_U[10]_U_DATA[10])
                                                      0.047     2.644 r  grp_dense_latency_ap_fixed_16_6_5_3_0_ap_fixed_16_6_5_3_0_config6_s_fu_115/mul_16s_12s_26_1_1_U31/tmp_product/DSP_M_DATA_INST/U_DATA[10]
                         net (fo=1, unplaced)         0.000     2.644    grp_dense_latency_ap_fixed_16_6_5_3_0_ap_fixed_16_6_5_3_0_config6_s_fu_115/mul_16s_12s_26_1_1_U31/tmp_product/DSP_M_DATA.U_DATA<10>
                         DSP_ALU (Prop_DSP_ALU_U_DATA[10]_ALU_OUT[10])
                                                      0.585     3.229 f  grp_dense_latency_ap_fixed_16_6_5_3_0_ap_fixed_16_6_5_3_0_config6_s_fu_115/mul_16s_12s_26_1_1_U31/tmp_product/DSP_ALU_INST/ALU_OUT[10]
                         net (fo=1, unplaced)         0.000     3.229    grp_dense_latency_ap_fixed_16_6_5_3_0_ap_fixed_16_6_5_3_0_config6_s_fu_115/mul_16s_12s_26_1_1_U31/tmp_product/DSP_ALU.ALU_OUT<10>
                         DSP_OUTPUT (Prop_DSP_OUTPUT_ALU_OUT[10]_P[10])
                                                      0.109     3.338 r  grp_dense_latency_ap_fixed_16_6_5_3_0_ap_fixed_16_6_5_3_0_config6_s_fu_115/mul_16s_12s_26_1_1_U31/tmp_product/DSP_OUTPUT_INST/P[10]
                         net (fo=20, unplaced)        0.256     3.594    grp_dense_latency_ap_fixed_16_6_5_3_0_ap_fixed_16_6_5_3_0_config6_s_fu_115/mul_16s_12s_26_1_1_U31/P[0]
                         LUT3 (Prop_LUT3_I2_O)        0.070     3.664 r  grp_dense_latency_ap_fixed_16_6_5_3_0_ap_fixed_16_6_5_3_0_config6_s_fu_115/mul_16s_12s_26_1_1_U31/layer6_out_2_reg_469[15]_i_56/O
                         net (fo=2, unplaced)         0.219     3.883    grp_dense_latency_ap_fixed_16_6_5_3_0_ap_fixed_16_6_5_3_0_config6_s_fu_115/mul_16s_12s_26_1_1_U31/layer6_out_2_reg_469[15]_i_56_n_0
                         LUT4 (Prop_LUT4_I3_O)        0.037     3.920 r  grp_dense_latency_ap_fixed_16_6_5_3_0_ap_fixed_16_6_5_3_0_config6_s_fu_115/mul_16s_12s_26_1_1_U31/layer6_out_2_reg_469[15]_i_63/O
                         net (fo=1, unplaced)         0.023     3.943    grp_dense_latency_ap_fixed_16_6_5_3_0_ap_fixed_16_6_5_3_0_config6_s_fu_115/mul_16s_12s_26_1_1_U31/layer6_out_2_reg_469[15]_i_63_n_0
                         CARRY8 (Prop_CARRY8_S[1]_CO[7])
                                                      0.197     4.140 r  grp_dense_latency_ap_fixed_16_6_5_3_0_ap_fixed_16_6_5_3_0_config6_s_fu_115/mul_16s_12s_26_1_1_U31/layer6_out_2_reg_469_reg[15]_i_25/CO[7]
                         net (fo=1, unplaced)         0.005     4.145    grp_dense_latency_ap_fixed_16_6_5_3_0_ap_fixed_16_6_5_3_0_config6_s_fu_115/mul_16s_12s_26_1_1_U31/layer6_out_2_reg_469_reg[15]_i_25_n_0
                         CARRY8 (Prop_CARRY8_CI_O[0])
                                                      0.056     4.201 r  grp_dense_latency_ap_fixed_16_6_5_3_0_ap_fixed_16_6_5_3_0_config6_s_fu_115/mul_16s_12s_26_1_1_U31/layer6_out_2_reg_469_reg[15]_i_17/O[0]
                         net (fo=3, unplaced)         0.192     4.393    grp_dense_latency_ap_fixed_16_6_5_3_0_ap_fixed_16_6_5_3_0_config6_s_fu_115/mul_16s_12s_26_1_1_U31/layer6_out_2_reg_469_reg[15]_i_17_n_15
                         LUT3 (Prop_LUT3_I1_O)        0.038     4.431 r  grp_dense_latency_ap_fixed_16_6_5_3_0_ap_fixed_16_6_5_3_0_config6_s_fu_115/mul_16s_12s_26_1_1_U31/layer6_out_2_reg_469[15]_i_65/O
                         net (fo=2, unplaced)         0.186     4.617    grp_dense_latency_ap_fixed_16_6_5_3_0_ap_fixed_16_6_5_3_0_config6_s_fu_115/mul_16s_12s_26_1_1_U31/layer6_out_2_reg_469[15]_i_65_n_0
                         LUT5 (Prop_LUT5_I3_O)        0.038     4.655 f  grp_dense_latency_ap_fixed_16_6_5_3_0_ap_fixed_16_6_5_3_0_config6_s_fu_115/mul_16s_12s_26_1_1_U31/layer6_out_2_reg_469[15]_i_26/O
                         net (fo=2, unplaced)         0.186     4.841    grp_dense_latency_ap_fixed_16_6_5_3_0_ap_fixed_16_6_5_3_0_config6_s_fu_115/mul_16s_12s_26_1_1_U31/layer6_out_2_reg_469[15]_i_26_n_0
                         LUT6 (Prop_LUT6_I5_O)        0.038     4.879 r  grp_dense_latency_ap_fixed_16_6_5_3_0_ap_fixed_16_6_5_3_0_config6_s_fu_115/mul_16s_12s_26_1_1_U31/layer6_out_2_reg_469[15]_i_7/O
                         net (fo=2, unplaced)         0.186     5.065    grp_dense_latency_ap_fixed_16_6_5_3_0_ap_fixed_16_6_5_3_0_config6_s_fu_115/mul_16s_12s_26_1_1_U31/layer6_out_2_reg_469[15]_i_7_n_0
                         LUT6 (Prop_LUT6_I0_O)        0.037     5.102 r  grp_dense_latency_ap_fixed_16_6_5_3_0_ap_fixed_16_6_5_3_0_config6_s_fu_115/mul_16s_12s_26_1_1_U31/layer6_out_2_reg_469[15]_i_15/O
                         net (fo=1, unplaced)         0.023     5.125    grp_dense_latency_ap_fixed_16_6_5_3_0_ap_fixed_16_6_5_3_0_config6_s_fu_115/mul_16s_12s_26_1_1_U31/layer6_out_2_reg_469[15]_i_15_n_0
                         CARRY8 (Prop_CARRY8_S[1]_O[7])
                                                      0.238     5.363 r  grp_dense_latency_ap_fixed_16_6_5_3_0_ap_fixed_16_6_5_3_0_config6_s_fu_115/mul_16s_12s_26_1_1_U31/layer6_out_2_reg_469_reg[15]_i_1/O[7]
                         net (fo=1, unplaced)         0.026     5.389    grp_dense_latency_ap_fixed_16_6_5_3_0_ap_fixed_16_6_5_3_0_config6_s_fu_115_ap_return_2[15]
                         FDRE                                         r  layer6_out_2_reg_469_reg[15]/D
  -------------------------------------------------------------------    -------------------

                         (clock ap_clk rise edge)    10.000    10.000 r  
                                                      0.000    10.000 r  ap_clk (IN)
                         net (fo=2571, unset)         0.021    10.021    ap_clk
                         FDRE                                         r  layer6_out_2_reg_469_reg[15]/C
                         clock pessimism              0.000    10.021    
                         clock uncertainty           -0.035     9.986    
                         FDRE (Setup_FDRE_C_D)        0.025    10.011    layer6_out_2_reg_469_reg[15]
  -------------------------------------------------------------------
                         required time                         10.011    
                         arrival time                          -5.389    
  -------------------------------------------------------------------
                         slack                                  4.622    

Slack (MET) :             4.624ns  (required time - arrival time)
  Source:                 layer4_out_reg_384_reg[1]/C
                            (rising edge-triggered cell FDRE clocked by ap_clk  {rise@0.000ns fall@5.000ns period=10.000ns})
  Destination:            layer6_out_2_reg_469_reg[13]/D
                            (rising edge-triggered cell FDRE clocked by ap_clk  {rise@0.000ns fall@5.000ns period=10.000ns})
  Path Group:             ap_clk
  Path Type:              Setup (Max at Slow Process Corner)
  Requirement:            10.000ns  (ap_clk rise@10.000ns - ap_clk rise@0.000ns)
  Data Path Delay:        5.357ns  (logic 2.701ns (50.420%)  route 2.656ns (49.580%))
  Logic Levels:           21  (CARRY8=4 DSP_A_B_DATA=1 DSP_ALU=1 DSP_M_DATA=1 DSP_MULTIPLIER=1 DSP_OUTPUT=1 DSP_PREADD_DATA=1 LUT2=1 LUT3=2 LUT4=1 LUT5=2 LUT6=5)
  Clock Path Skew:        -0.009ns (DCD - SCD + CPR)
    Destination Clock Delay (DCD):    0.021ns = ( 10.021 - 10.000 ) 
    Source Clock Delay      (SCD):    0.030ns
    Clock Pessimism Removal (CPR):    0.000ns
  Clock Uncertainty:      0.035ns  ((TSJ^2 + TIJ^2)^1/2 + DJ) / 2 + PE
    Total System Jitter     (TSJ):    0.071ns
    Total Input Jitter      (TIJ):    0.000ns
    Discrete Jitter          (DJ):    0.000ns
    Phase Error              (PE):    0.000ns

    Location             Delay type                Incr(ns)  Path(ns)    Netlist Resource(s)
  -------------------------------------------------------------------    -------------------
                         (clock ap_clk rise edge)     0.000     0.000 r  
                                                      0.000     0.000 r  ap_clk (IN)
                         net (fo=2571, unset)         0.030     0.030    ap_clk
                         FDRE                                         r  layer4_out_reg_384_reg[1]/C
  -------------------------------------------------------------------    -------------------
                         FDRE (Prop_FDRE_C_Q)         0.077     0.107 f  layer4_out_reg_384_reg[1]/Q
                         net (fo=4, unplaced)         0.149     0.256    grp_dense_latency_ap_fixed_16_6_5_3_0_ap_fixed_16_6_5_3_0_config6_s_fu_115/mul_16s_12s_26_1_1_U31/icmp_ln45_fu_112_p2_carry[1]
                         LUT2 (Prop_LUT2_I1_O)        0.070     0.326 f  grp_dense_latency_ap_fixed_16_6_5_3_0_ap_fixed_16_6_5_3_0_config6_s_fu_115/mul_16s_12s_26_1_1_U31/icmp_ln45_fu_112_p2_carry_i_8__0/O
                         net (fo=1, unplaced)         0.260     0.586    call_ret4_relu_ap_fixed_16_6_5_3_0_ap_fixed_16_6_5_3_0_relu_config5_s_fu_103/DI[0]
                         CARRY8 (Prop_CARRY8_DI[0]_CO[7])
                                                      0.140     0.726 f  call_ret4_relu_ap_fixed_16_6_5_3_0_ap_fixed_16_6_5_3_0_relu_config5_s_fu_103/icmp_ln45_fu_112_p2_carry/CO[7]
                         net (fo=16, unplaced)        0.160     0.886    grp_dense_latency_ap_fixed_16_6_5_3_0_ap_fixed_16_6_5_3_0_config6_s_fu_115/mul_16s_12s_26_1_1_U31/CO[0]
                         LUT6 (Prop_LUT6_I3_O)        0.038     0.924 r  grp_dense_latency_ap_fixed_16_6_5_3_0_ap_fixed_16_6_5_3_0_config6_s_fu_115/mul_16s_12s_26_1_1_U31/tmp_product_i_200__1/O
                         net (fo=1, unplaced)         0.186     1.110    grp_dense_latency_ap_fixed_16_6_5_3_0_ap_fixed_16_6_5_3_0_config6_s_fu_115/mul_16s_12s_26_1_1_U31/tmp_product_i_200__1_n_0
                         LUT6 (Prop_LUT6_I2_O)        0.038     1.148 f  grp_dense_latency_ap_fixed_16_6_5_3_0_ap_fixed_16_6_5_3_0_config6_s_fu_115/mul_16s_12s_26_1_1_U31/tmp_product_i_142__2/O
                         net (fo=1, unplaced)         0.186     1.334    grp_dense_latency_ap_fixed_16_6_5_3_0_ap_fixed_16_6_5_3_0_config6_s_fu_115/mul_16s_12s_26_1_1_U31/tmp_product_i_142__2_n_0
                         LUT5 (Prop_LUT5_I1_O)        0.038     1.372 f  grp_dense_latency_ap_fixed_16_6_5_3_0_ap_fixed_16_6_5_3_0_config6_s_fu_115/mul_16s_12s_26_1_1_U31/tmp_product_i_68__2/O
                         net (fo=1, unplaced)         0.186     1.558    grp_dense_latency_ap_fixed_16_6_5_3_0_ap_fixed_16_6_5_3_0_config6_s_fu_115/mul_16s_12s_26_1_1_U31/tmp_product_i_68__2_n_0
                         LUT6 (Prop_LUT6_I1_O)        0.038     1.596 f  grp_dense_latency_ap_fixed_16_6_5_3_0_ap_fixed_16_6_5_3_0_config6_s_fu_115/mul_16s_12s_26_1_1_U31/tmp_product_i_19__2/O
                         net (fo=1, unplaced)         0.228     1.824    grp_dense_latency_ap_fixed_16_6_5_3_0_ap_fixed_16_6_5_3_0_config6_s_fu_115/mul_16s_12s_26_1_1_U31/tmp_product/A[8]
                         DSP_A_B_DATA (Prop_DSP_A_B_DATA_A[8]_A2_DATA[8])
                                                      0.192     2.016 r  grp_dense_latency_ap_fixed_16_6_5_3_0_ap_fixed_16_6_5_3_0_config6_s_fu_115/mul_16s_12s_26_1_1_U31/tmp_product/DSP_A_B_DATA_INST/A2_DATA[8]
                         net (fo=1, unplaced)         0.000     2.016    grp_dense_latency_ap_fixed_16_6_5_3_0_ap_fixed_16_6_5_3_0_config6_s_fu_115/mul_16s_12s_26_1_1_U31/tmp_product/DSP_A_B_DATA.A2_DATA<8>
                         DSP_PREADD_DATA (Prop_DSP_PREADD_DATA_A2_DATA[8]_A2A1[8])
                                                      0.076     2.092 r  grp_dense_latency_ap_fixed_16_6_5_3_0_ap_fixed_16_6_5_3_0_config6_s_fu_115/mul_16s_12s_26_1_1_U31/tmp_product/DSP_PREADD_DATA_INST/A2A1[8]
                         net (fo=1, unplaced)         0.000     2.092    grp_dense_latency_ap_fixed_16_6_5_3_0_ap_fixed_16_6_5_3_0_config6_s_fu_115/mul_16s_12s_26_1_1_U31/tmp_product/DSP_PREADD_DATA.A2A1<8>
                         DSP_MULTIPLIER (Prop_DSP_MULTIPLIER_A2A1[8]_U[10])
                                                      0.505     2.597 f  grp_dense_latency_ap_fixed_16_6_5_3_0_ap_fixed_16_6_5_3_0_config6_s_fu_115/mul_16s_12s_26_1_1_U31/tmp_product/DSP_MULTIPLIER_INST/U[10]
                         net (fo=1, unplaced)         0.000     2.597    grp_dense_latency_ap_fixed_16_6_5_3_0_ap_fixed_16_6_5_3_0_config6_s_fu_115/mul_16s_12s_26_1_1_U31/tmp_product/DSP_MULTIPLIER.U<10>
                         DSP_M_DATA (Prop_DSP_M_DATA_U[10]_U_DATA[10])
                                                      0.047     2.644 r  grp_dense_latency_ap_fixed_16_6_5_3_0_ap_fixed_16_6_5_3_0_config6_s_fu_115/mul_16s_12s_26_1_1_U31/tmp_product/DSP_M_DATA_INST/U_DATA[10]
                         net (fo=1, unplaced)         0.000     2.644    grp_dense_latency_ap_fixed_16_6_5_3_0_ap_fixed_16_6_5_3_0_config6_s_fu_115/mul_16s_12s_26_1_1_U31/tmp_product/DSP_M_DATA.U_DATA<10>
                         DSP_ALU (Prop_DSP_ALU_U_DATA[10]_ALU_OUT[10])
                                                      0.585     3.229 f  grp_dense_latency_ap_fixed_16_6_5_3_0_ap_fixed_16_6_5_3_0_config6_s_fu_115/mul_16s_12s_26_1_1_U31/tmp_product/DSP_ALU_INST/ALU_OUT[10]
                         net (fo=1, unplaced)         0.000     3.229    grp_dense_latency_ap_fixed_16_6_5_3_0_ap_fixed_16_6_5_3_0_config6_s_fu_115/mul_16s_12s_26_1_1_U31/tmp_product/DSP_ALU.ALU_OUT<10>
                         DSP_OUTPUT (Prop_DSP_OUTPUT_ALU_OUT[10]_P[10])
                                                      0.109     3.338 r  grp_dense_latency_ap_fixed_16_6_5_3_0_ap_fixed_16_6_5_3_0_config6_s_fu_115/mul_16s_12s_26_1_1_U31/tmp_product/DSP_OUTPUT_INST/P[10]
                         net (fo=20, unplaced)        0.256     3.594    grp_dense_latency_ap_fixed_16_6_5_3_0_ap_fixed_16_6_5_3_0_config6_s_fu_115/mul_16s_12s_26_1_1_U31/P[0]
                         LUT3 (Prop_LUT3_I2_O)        0.070     3.664 r  grp_dense_latency_ap_fixed_16_6_5_3_0_ap_fixed_16_6_5_3_0_config6_s_fu_115/mul_16s_12s_26_1_1_U31/layer6_out_2_reg_469[15]_i_56/O
                         net (fo=2, unplaced)         0.219     3.883    grp_dense_latency_ap_fixed_16_6_5_3_0_ap_fixed_16_6_5_3_0_config6_s_fu_115/mul_16s_12s_26_1_1_U31/layer6_out_2_reg_469[15]_i_56_n_0
                         LUT4 (Prop_LUT4_I3_O)        0.037     3.920 r  grp_dense_latency_ap_fixed_16_6_5_3_0_ap_fixed_16_6_5_3_0_config6_s_fu_115/mul_16s_12s_26_1_1_U31/layer6_out_2_reg_469[15]_i_63/O
                         net (fo=1, unplaced)         0.023     3.943    grp_dense_latency_ap_fixed_16_6_5_3_0_ap_fixed_16_6_5_3_0_config6_s_fu_115/mul_16s_12s_26_1_1_U31/layer6_out_2_reg_469[15]_i_63_n_0
                         CARRY8 (Prop_CARRY8_S[1]_CO[7])
                                                      0.197     4.140 r  grp_dense_latency_ap_fixed_16_6_5_3_0_ap_fixed_16_6_5_3_0_config6_s_fu_115/mul_16s_12s_26_1_1_U31/layer6_out_2_reg_469_reg[15]_i_25/CO[7]
                         net (fo=1, unplaced)         0.005     4.145    grp_dense_latency_ap_fixed_16_6_5_3_0_ap_fixed_16_6_5_3_0_config6_s_fu_115/mul_16s_12s_26_1_1_U31/layer6_out_2_reg_469_reg[15]_i_25_n_0
                         CARRY8 (Prop_CARRY8_CI_O[0])
                                                      0.056     4.201 r  grp_dense_latency_ap_fixed_16_6_5_3_0_ap_fixed_16_6_5_3_0_config6_s_fu_115/mul_16s_12s_26_1_1_U31/layer6_out_2_reg_469_reg[15]_i_17/O[0]
                         net (fo=3, unplaced)         0.192     4.393    grp_dense_latency_ap_fixed_16_6_5_3_0_ap_fixed_16_6_5_3_0_config6_s_fu_115/mul_16s_12s_26_1_1_U31/layer6_out_2_reg_469_reg[15]_i_17_n_15
                         LUT3 (Prop_LUT3_I1_O)        0.038     4.431 r  grp_dense_latency_ap_fixed_16_6_5_3_0_ap_fixed_16_6_5_3_0_config6_s_fu_115/mul_16s_12s_26_1_1_U31/layer6_out_2_reg_469[15]_i_65/O
                         net (fo=2, unplaced)         0.186     4.617    grp_dense_latency_ap_fixed_16_6_5_3_0_ap_fixed_16_6_5_3_0_config6_s_fu_115/mul_16s_12s_26_1_1_U31/layer6_out_2_reg_469[15]_i_65_n_0
                         LUT5 (Prop_LUT5_I3_O)        0.038     4.655 f  grp_dense_latency_ap_fixed_16_6_5_3_0_ap_fixed_16_6_5_3_0_config6_s_fu_115/mul_16s_12s_26_1_1_U31/layer6_out_2_reg_469[15]_i_26/O
                         net (fo=2, unplaced)         0.186     4.841    grp_dense_latency_ap_fixed_16_6_5_3_0_ap_fixed_16_6_5_3_0_config6_s_fu_115/mul_16s_12s_26_1_1_U31/layer6_out_2_reg_469[15]_i_26_n_0
                         LUT6 (Prop_LUT6_I5_O)        0.038     4.879 r  grp_dense_latency_ap_fixed_16_6_5_3_0_ap_fixed_16_6_5_3_0_config6_s_fu_115/mul_16s_12s_26_1_1_U31/layer6_out_2_reg_469[15]_i_7/O
                         net (fo=2, unplaced)         0.186     5.065    grp_dense_latency_ap_fixed_16_6_5_3_0_ap_fixed_16_6_5_3_0_config6_s_fu_115/mul_16s_12s_26_1_1_U31/layer6_out_2_reg_469[15]_i_7_n_0
                         LUT6 (Prop_LUT6_I0_O)        0.037     5.102 r  grp_dense_latency_ap_fixed_16_6_5_3_0_ap_fixed_16_6_5_3_0_config6_s_fu_115/mul_16s_12s_26_1_1_U31/layer6_out_2_reg_469[15]_i_15/O
                         net (fo=1, unplaced)         0.023     5.125    grp_dense_latency_ap_fixed_16_6_5_3_0_ap_fixed_16_6_5_3_0_config6_s_fu_115/mul_16s_12s_26_1_1_U31/layer6_out_2_reg_469[15]_i_15_n_0
                         CARRY8 (Prop_CARRY8_S[1]_O[5])
                                                      0.237     5.362 r  grp_dense_latency_ap_fixed_16_6_5_3_0_ap_fixed_16_6_5_3_0_config6_s_fu_115/mul_16s_12s_26_1_1_U31/layer6_out_2_reg_469_reg[15]_i_1/O[5]
                         net (fo=1, unplaced)         0.025     5.387    grp_dense_latency_ap_fixed_16_6_5_3_0_ap_fixed_16_6_5_3_0_config6_s_fu_115_ap_return_2[13]
                         FDRE                                         r  layer6_out_2_reg_469_reg[13]/D
  -------------------------------------------------------------------    -------------------

                         (clock ap_clk rise edge)    10.000    10.000 r  
                                                      0.000    10.000 r  ap_clk (IN)
                         net (fo=2571, unset)         0.021    10.021    ap_clk
                         FDRE                                         r  layer6_out_2_reg_469_reg[13]/C
                         clock pessimism              0.000    10.021    
                         clock uncertainty           -0.035     9.986    
                         FDRE (Setup_FDRE_C_D)        0.025    10.011    layer6_out_2_reg_469_reg[13]
  -------------------------------------------------------------------
                         required time                         10.011    
                         arrival time                          -5.387    
  -------------------------------------------------------------------
                         slack                                  4.624    

Slack (MET) :             4.628ns  (required time - arrival time)
  Source:                 layer4_out_reg_384_reg[1]/C
                            (rising edge-triggered cell FDRE clocked by ap_clk  {rise@0.000ns fall@5.000ns period=10.000ns})
  Destination:            grp_dense_latency_ap_fixed_16_6_5_3_0_ap_fixed_16_6_5_3_0_config6_s_fu_115/add_ln58_7_reg_720_reg[15]/D
                            (rising edge-triggered cell FDRE clocked by ap_clk  {rise@0.000ns fall@5.000ns period=10.000ns})
  Path Group:             ap_clk
  Path Type:              Setup (Max at Slow Process Corner)
  Requirement:            10.000ns  (ap_clk rise@10.000ns - ap_clk rise@0.000ns)
  Data Path Delay:        5.353ns  (logic 2.671ns (49.897%)  route 2.682ns (50.103%))
  Logic Levels:           21  (CARRY8=4 DSP_A_B_DATA=1 DSP_ALU=1 DSP_M_DATA=1 DSP_MULTIPLIER=1 DSP_OUTPUT=1 DSP_PREADD_DATA=1 LUT2=1 LUT3=3 LUT4=1 LUT5=2 LUT6=4)
  Clock Path Skew:        -0.009ns (DCD - SCD + CPR)
    Destination Clock Delay (DCD):    0.021ns = ( 10.021 - 10.000 ) 
    Source Clock Delay      (SCD):    0.030ns
    Clock Pessimism Removal (CPR):    0.000ns
  Clock Uncertainty:      0.035ns  ((TSJ^2 + TIJ^2)^1/2 + DJ) / 2 + PE
    Total System Jitter     (TSJ):    0.071ns
    Total Input Jitter      (TIJ):    0.000ns
    Discrete Jitter          (DJ):    0.000ns
    Phase Error              (PE):    0.000ns

    Location             Delay type                Incr(ns)  Path(ns)    Netlist Resource(s)
  -------------------------------------------------------------------    -------------------
                         (clock ap_clk rise edge)     0.000     0.000 r  
                                                      0.000     0.000 r  ap_clk (IN)
                         net (fo=2571, unset)         0.030     0.030    ap_clk
                         FDRE                                         r  layer4_out_reg_384_reg[1]/C
  -------------------------------------------------------------------    -------------------
                         FDRE (Prop_FDRE_C_Q)         0.077     0.107 f  layer4_out_reg_384_reg[1]/Q
                         net (fo=4, unplaced)         0.149     0.256    grp_dense_latency_ap_fixed_16_6_5_3_0_ap_fixed_16_6_5_3_0_config6_s_fu_115/mul_16s_12s_26_1_1_U31/icmp_ln45_fu_112_p2_carry[1]
                         LUT2 (Prop_LUT2_I1_O)        0.070     0.326 f  grp_dense_latency_ap_fixed_16_6_5_3_0_ap_fixed_16_6_5_3_0_config6_s_fu_115/mul_16s_12s_26_1_1_U31/icmp_ln45_fu_112_p2_carry_i_8__0/O
                         net (fo=1, unplaced)         0.260     0.586    call_ret4_relu_ap_fixed_16_6_5_3_0_ap_fixed_16_6_5_3_0_relu_config5_s_fu_103/DI[0]
                         CARRY8 (Prop_CARRY8_DI[0]_CO[7])
                                                      0.140     0.726 f  call_ret4_relu_ap_fixed_16_6_5_3_0_ap_fixed_16_6_5_3_0_relu_config5_s_fu_103/icmp_ln45_fu_112_p2_carry/CO[7]
                         net (fo=16, unplaced)        0.160     0.886    grp_dense_latency_ap_fixed_16_6_5_3_0_ap_fixed_16_6_5_3_0_config6_s_fu_115/mul_16s_12s_26_1_1_U31/CO[0]
                         LUT6 (Prop_LUT6_I3_O)        0.038     0.924 r  grp_dense_latency_ap_fixed_16_6_5_3_0_ap_fixed_16_6_5_3_0_config6_s_fu_115/mul_16s_12s_26_1_1_U31/tmp_product_i_200__1/O
                         net (fo=1, unplaced)         0.186     1.110    grp_dense_latency_ap_fixed_16_6_5_3_0_ap_fixed_16_6_5_3_0_config6_s_fu_115/mul_16s_12s_26_1_1_U31/tmp_product_i_200__1_n_0
                         LUT6 (Prop_LUT6_I2_O)        0.038     1.148 f  grp_dense_latency_ap_fixed_16_6_5_3_0_ap_fixed_16_6_5_3_0_config6_s_fu_115/mul_16s_12s_26_1_1_U31/tmp_product_i_142__2/O
                         net (fo=1, unplaced)         0.186     1.334    grp_dense_latency_ap_fixed_16_6_5_3_0_ap_fixed_16_6_5_3_0_config6_s_fu_115/mul_16s_12s_26_1_1_U31/tmp_product_i_142__2_n_0
                         LUT5 (Prop_LUT5_I1_O)        0.038     1.372 f  grp_dense_latency_ap_fixed_16_6_5_3_0_ap_fixed_16_6_5_3_0_config6_s_fu_115/mul_16s_12s_26_1_1_U31/tmp_product_i_68__2/O
                         net (fo=1, unplaced)         0.186     1.558    grp_dense_latency_ap_fixed_16_6_5_3_0_ap_fixed_16_6_5_3_0_config6_s_fu_115/mul_16s_12s_26_1_1_U31/tmp_product_i_68__2_n_0
                         LUT6 (Prop_LUT6_I1_O)        0.038     1.596 f  grp_dense_latency_ap_fixed_16_6_5_3_0_ap_fixed_16_6_5_3_0_config6_s_fu_115/mul_16s_12s_26_1_1_U31/tmp_product_i_19__2/O
                         net (fo=1, unplaced)         0.228     1.824    grp_dense_latency_ap_fixed_16_6_5_3_0_ap_fixed_16_6_5_3_0_config6_s_fu_115/mul_16s_12s_26_1_1_U31/tmp_product/A[8]
                         DSP_A_B_DATA (Prop_DSP_A_B_DATA_A[8]_A2_DATA[8])
                                                      0.192     2.016 r  grp_dense_latency_ap_fixed_16_6_5_3_0_ap_fixed_16_6_5_3_0_config6_s_fu_115/mul_16s_12s_26_1_1_U31/tmp_product/DSP_A_B_DATA_INST/A2_DATA[8]
                         net (fo=1, unplaced)         0.000     2.016    grp_dense_latency_ap_fixed_16_6_5_3_0_ap_fixed_16_6_5_3_0_config6_s_fu_115/mul_16s_12s_26_1_1_U31/tmp_product/DSP_A_B_DATA.A2_DATA<8>
                         DSP_PREADD_DATA (Prop_DSP_PREADD_DATA_A2_DATA[8]_A2A1[8])
                                                      0.076     2.092 r  grp_dense_latency_ap_fixed_16_6_5_3_0_ap_fixed_16_6_5_3_0_config6_s_fu_115/mul_16s_12s_26_1_1_U31/tmp_product/DSP_PREADD_DATA_INST/A2A1[8]
                         net (fo=1, unplaced)         0.000     2.092    grp_dense_latency_ap_fixed_16_6_5_3_0_ap_fixed_16_6_5_3_0_config6_s_fu_115/mul_16s_12s_26_1_1_U31/tmp_product/DSP_PREADD_DATA.A2A1<8>
                         DSP_MULTIPLIER (Prop_DSP_MULTIPLIER_A2A1[8]_U[10])
                                                      0.505     2.597 f  grp_dense_latency_ap_fixed_16_6_5_3_0_ap_fixed_16_6_5_3_0_config6_s_fu_115/mul_16s_12s_26_1_1_U31/tmp_product/DSP_MULTIPLIER_INST/U[10]
                         net (fo=1, unplaced)         0.000     2.597    grp_dense_latency_ap_fixed_16_6_5_3_0_ap_fixed_16_6_5_3_0_config6_s_fu_115/mul_16s_12s_26_1_1_U31/tmp_product/DSP_MULTIPLIER.U<10>
                         DSP_M_DATA (Prop_DSP_M_DATA_U[10]_U_DATA[10])
                                                      0.047     2.644 r  grp_dense_latency_ap_fixed_16_6_5_3_0_ap_fixed_16_6_5_3_0_config6_s_fu_115/mul_16s_12s_26_1_1_U31/tmp_product/DSP_M_DATA_INST/U_DATA[10]
                         net (fo=1, unplaced)         0.000     2.644    grp_dense_latency_ap_fixed_16_6_5_3_0_ap_fixed_16_6_5_3_0_config6_s_fu_115/mul_16s_12s_26_1_1_U31/tmp_product/DSP_M_DATA.U_DATA<10>
                         DSP_ALU (Prop_DSP_ALU_U_DATA[10]_ALU_OUT[10])
                                                      0.585     3.229 f  grp_dense_latency_ap_fixed_16_6_5_3_0_ap_fixed_16_6_5_3_0_config6_s_fu_115/mul_16s_12s_26_1_1_U31/tmp_product/DSP_ALU_INST/ALU_OUT[10]
                         net (fo=1, unplaced)         0.000     3.229    grp_dense_latency_ap_fixed_16_6_5_3_0_ap_fixed_16_6_5_3_0_config6_s_fu_115/mul_16s_12s_26_1_1_U31/tmp_product/DSP_ALU.ALU_OUT<10>
                         DSP_OUTPUT (Prop_DSP_OUTPUT_ALU_OUT[10]_P[10])
                                                      0.109     3.338 r  grp_dense_latency_ap_fixed_16_6_5_3_0_ap_fixed_16_6_5_3_0_config6_s_fu_115/mul_16s_12s_26_1_1_U31/tmp_product/DSP_OUTPUT_INST/P[10]
                         net (fo=20, unplaced)        0.256     3.594    grp_dense_latency_ap_fixed_16_6_5_3_0_ap_fixed_16_6_5_3_0_config6_s_fu_115/mul_16s_12s_26_1_1_U31/P[0]
                         LUT3 (Prop_LUT3_I2_O)        0.070     3.664 r  grp_dense_latency_ap_fixed_16_6_5_3_0_ap_fixed_16_6_5_3_0_config6_s_fu_115/mul_16s_12s_26_1_1_U31/add_ln58_7_reg_720[15]_i_63/O
                         net (fo=2, unplaced)         0.219     3.883    grp_dense_latency_ap_fixed_16_6_5_3_0_ap_fixed_16_6_5_3_0_config6_s_fu_115/mul_16s_12s_26_1_1_U31/add_ln58_7_reg_720[15]_i_63_n_0
                         LUT4 (Prop_LUT4_I3_O)        0.037     3.920 r  grp_dense_latency_ap_fixed_16_6_5_3_0_ap_fixed_16_6_5_3_0_config6_s_fu_115/mul_16s_12s_26_1_1_U31/add_ln58_7_reg_720[15]_i_70/O
                         net (fo=1, unplaced)         0.023     3.943    grp_dense_latency_ap_fixed_16_6_5_3_0_ap_fixed_16_6_5_3_0_config6_s_fu_115/mul_16s_12s_26_1_1_U31/add_ln58_7_reg_720[15]_i_70_n_0
                         CARRY8 (Prop_CARRY8_S[1]_CO[7])
                                                      0.197     4.140 r  grp_dense_latency_ap_fixed_16_6_5_3_0_ap_fixed_16_6_5_3_0_config6_s_fu_115/mul_16s_12s_26_1_1_U31/add_ln58_7_reg_720_reg[15]_i_28/CO[7]
                         net (fo=1, unplaced)         0.005     4.145    grp_dense_latency_ap_fixed_16_6_5_3_0_ap_fixed_16_6_5_3_0_config6_s_fu_115/mul_16s_12s_26_1_1_U31/add_ln58_7_reg_720_reg[15]_i_28_n_0
                         CARRY8 (Prop_CARRY8_CI_O[1])
                                                      0.076     4.221 r  grp_dense_latency_ap_fixed_16_6_5_3_0_ap_fixed_16_6_5_3_0_config6_s_fu_115/mul_16s_12s_26_1_1_U31/add_ln58_7_reg_720_reg[15]_i_17/O[1]
                         net (fo=5, unplaced)         0.202     4.423    grp_dense_latency_ap_fixed_16_6_5_3_0_ap_fixed_16_6_5_3_0_config6_s_fu_115/mul_16s_12s_26_1_1_U31/add_ln58_7_reg_720_reg[15]_i_17_n_14
                         LUT3 (Prop_LUT3_I1_O)        0.038     4.461 f  grp_dense_latency_ap_fixed_16_6_5_3_0_ap_fixed_16_6_5_3_0_config6_s_fu_115/mul_16s_12s_26_1_1_U31/add_ln58_7_reg_720[15]_i_25/O
                         net (fo=3, unplaced)         0.192     4.653    grp_dense_latency_ap_fixed_16_6_5_3_0_ap_fixed_16_6_5_3_0_config6_s_fu_115/mul_16s_12s_26_1_1_U31/add_ln58_7_reg_720[15]_i_25_n_0
                         LUT5 (Prop_LUT5_I0_O)        0.038     4.691 r  grp_dense_latency_ap_fixed_16_6_5_3_0_ap_fixed_16_6_5_3_0_config6_s_fu_115/mul_16s_12s_26_1_1_U31/add_ln58_7_reg_720[15]_i_24/O
                         net (fo=2, unplaced)         0.186     4.877    grp_dense_latency_ap_fixed_16_6_5_3_0_ap_fixed_16_6_5_3_0_config6_s_fu_115/mul_16s_12s_26_1_1_U31/add_ln58_7_reg_720[15]_i_24_n_0
                         LUT6 (Prop_LUT6_I0_O)        0.038     4.915 r  grp_dense_latency_ap_fixed_16_6_5_3_0_ap_fixed_16_6_5_3_0_config6_s_fu_115/mul_16s_12s_26_1_1_U31/add_ln58_7_reg_720[15]_i_5/O
                         net (fo=2, unplaced)         0.186     5.101    grp_dense_latency_ap_fixed_16_6_5_3_0_ap_fixed_16_6_5_3_0_config6_s_fu_115/mul_16s_12s_26_1_1_U31/add_ln58_7_reg_720[15]_i_5_n_0
                         LUT3 (Prop_LUT3_I0_O)        0.037     5.138 r  grp_dense_latency_ap_fixed_16_6_5_3_0_ap_fixed_16_6_5_3_0_config6_s_fu_115/mul_16s_12s_26_1_1_U31/add_ln58_7_reg_720[15]_i_13/O
                         net (fo=1, unplaced)         0.032     5.170    grp_dense_latency_ap_fixed_16_6_5_3_0_ap_fixed_16_6_5_3_0_config6_s_fu_115/mul_16s_12s_26_1_1_U31/add_ln58_7_reg_720[15]_i_13_n_0
                         CARRY8 (Prop_CARRY8_S[3]_O[7])
                                                      0.187     5.357 r  grp_dense_latency_ap_fixed_16_6_5_3_0_ap_fixed_16_6_5_3_0_config6_s_fu_115/mul_16s_12s_26_1_1_U31/add_ln58_7_reg_720_reg[15]_i_1/O[7]
                         net (fo=1, unplaced)         0.026     5.383    grp_dense_latency_ap_fixed_16_6_5_3_0_ap_fixed_16_6_5_3_0_config6_s_fu_115/add_ln58_7_fu_498_p2[15]
                         FDRE                                         r  grp_dense_latency_ap_fixed_16_6_5_3_0_ap_fixed_16_6_5_3_0_config6_s_fu_115/add_ln58_7_reg_720_reg[15]/D
  -------------------------------------------------------------------    -------------------

                         (clock ap_clk rise edge)    10.000    10.000 r  
                                                      0.000    10.000 r  ap_clk (IN)
                         net (fo=2571, unset)         0.021    10.021    grp_dense_latency_ap_fixed_16_6_5_3_0_ap_fixed_16_6_5_3_0_config6_s_fu_115/ap_clk
                         FDRE                                         r  grp_dense_latency_ap_fixed_16_6_5_3_0_ap_fixed_16_6_5_3_0_config6_s_fu_115/add_ln58_7_reg_720_reg[15]/C
                         clock pessimism              0.000    10.021    
                         clock uncertainty           -0.035     9.986    
                         FDRE (Setup_FDRE_C_D)        0.025    10.011    grp_dense_latency_ap_fixed_16_6_5_3_0_ap_fixed_16_6_5_3_0_config6_s_fu_115/add_ln58_7_reg_720_reg[15]
  -------------------------------------------------------------------
                         required time                         10.011    
                         arrival time                          -5.383    
  -------------------------------------------------------------------
                         slack                                  4.628    

Slack (MET) :             4.632ns  (required time - arrival time)
  Source:                 layer4_out_reg_384_reg[1]/C
                            (rising edge-triggered cell FDRE clocked by ap_clk  {rise@0.000ns fall@5.000ns period=10.000ns})
  Destination:            grp_dense_latency_ap_fixed_16_6_5_3_0_ap_fixed_16_6_5_3_0_config6_s_fu_115/add_ln58_7_reg_720_reg[13]/D
                            (rising edge-triggered cell FDRE clocked by ap_clk  {rise@0.000ns fall@5.000ns period=10.000ns})
  Path Group:             ap_clk
  Path Type:              Setup (Max at Slow Process Corner)
  Requirement:            10.000ns  (ap_clk rise@10.000ns - ap_clk rise@0.000ns)
  Data Path Delay:        5.349ns  (logic 2.668ns (49.878%)  route 2.681ns (50.122%))
  Logic Levels:           21  (CARRY8=4 DSP_A_B_DATA=1 DSP_ALU=1 DSP_M_DATA=1 DSP_MULTIPLIER=1 DSP_OUTPUT=1 DSP_PREADD_DATA=1 LUT2=1 LUT3=3 LUT4=1 LUT5=2 LUT6=4)
  Clock Path Skew:        -0.009ns (DCD - SCD + CPR)
    Destination Clock Delay (DCD):    0.021ns = ( 10.021 - 10.000 ) 
    Source Clock Delay      (SCD):    0.030ns
    Clock Pessimism Removal (CPR):    0.000ns
  Clock Uncertainty:      0.035ns  ((TSJ^2 + TIJ^2)^1/2 + DJ) / 2 + PE
    Total System Jitter     (TSJ):    0.071ns
    Total Input Jitter      (TIJ):    0.000ns
    Discrete Jitter          (DJ):    0.000ns
    Phase Error              (PE):    0.000ns

    Location             Delay type                Incr(ns)  Path(ns)    Netlist Resource(s)
  -------------------------------------------------------------------    -------------------
                         (clock ap_clk rise edge)     0.000     0.000 r  
                                                      0.000     0.000 r  ap_clk (IN)
                         net (fo=2571, unset)         0.030     0.030    ap_clk
                         FDRE                                         r  layer4_out_reg_384_reg[1]/C
  -------------------------------------------------------------------    -------------------
                         FDRE (Prop_FDRE_C_Q)         0.077     0.107 f  layer4_out_reg_384_reg[1]/Q
                         net (fo=4, unplaced)         0.149     0.256    grp_dense_latency_ap_fixed_16_6_5_3_0_ap_fixed_16_6_5_3_0_config6_s_fu_115/mul_16s_12s_26_1_1_U31/icmp_ln45_fu_112_p2_carry[1]
                         LUT2 (Prop_LUT2_I1_O)        0.070     0.326 f  grp_dense_latency_ap_fixed_16_6_5_3_0_ap_fixed_16_6_5_3_0_config6_s_fu_115/mul_16s_12s_26_1_1_U31/icmp_ln45_fu_112_p2_carry_i_8__0/O
                         net (fo=1, unplaced)         0.260     0.586    call_ret4_relu_ap_fixed_16_6_5_3_0_ap_fixed_16_6_5_3_0_relu_config5_s_fu_103/DI[0]
                         CARRY8 (Prop_CARRY8_DI[0]_CO[7])
                                                      0.140     0.726 f  call_ret4_relu_ap_fixed_16_6_5_3_0_ap_fixed_16_6_5_3_0_relu_config5_s_fu_103/icmp_ln45_fu_112_p2_carry/CO[7]
                         net (fo=16, unplaced)        0.160     0.886    grp_dense_latency_ap_fixed_16_6_5_3_0_ap_fixed_16_6_5_3_0_config6_s_fu_115/mul_16s_12s_26_1_1_U31/CO[0]
                         LUT6 (Prop_LUT6_I3_O)        0.038     0.924 r  grp_dense_latency_ap_fixed_16_6_5_3_0_ap_fixed_16_6_5_3_0_config6_s_fu_115/mul_16s_12s_26_1_1_U31/tmp_product_i_200__1/O
                         net (fo=1, unplaced)         0.186     1.110    grp_dense_latency_ap_fixed_16_6_5_3_0_ap_fixed_16_6_5_3_0_config6_s_fu_115/mul_16s_12s_26_1_1_U31/tmp_product_i_200__1_n_0
                         LUT6 (Prop_LUT6_I2_O)        0.038     1.148 f  grp_dense_latency_ap_fixed_16_6_5_3_0_ap_fixed_16_6_5_3_0_config6_s_fu_115/mul_16s_12s_26_1_1_U31/tmp_product_i_142__2/O
                         net (fo=1, unplaced)         0.186     1.334    grp_dense_latency_ap_fixed_16_6_5_3_0_ap_fixed_16_6_5_3_0_config6_s_fu_115/mul_16s_12s_26_1_1_U31/tmp_product_i_142__2_n_0
                         LUT5 (Prop_LUT5_I1_O)        0.038     1.372 f  grp_dense_latency_ap_fixed_16_6_5_3_0_ap_fixed_16_6_5_3_0_config6_s_fu_115/mul_16s_12s_26_1_1_U31/tmp_product_i_68__2/O
                         net (fo=1, unplaced)         0.186     1.558    grp_dense_latency_ap_fixed_16_6_5_3_0_ap_fixed_16_6_5_3_0_config6_s_fu_115/mul_16s_12s_26_1_1_U31/tmp_product_i_68__2_n_0
                         LUT6 (Prop_LUT6_I1_O)        0.038     1.596 f  grp_dense_latency_ap_fixed_16_6_5_3_0_ap_fixed_16_6_5_3_0_config6_s_fu_115/mul_16s_12s_26_1_1_U31/tmp_product_i_19__2/O
                         net (fo=1, unplaced)         0.228     1.824    grp_dense_latency_ap_fixed_16_6_5_3_0_ap_fixed_16_6_5_3_0_config6_s_fu_115/mul_16s_12s_26_1_1_U31/tmp_product/A[8]
                         DSP_A_B_DATA (Prop_DSP_A_B_DATA_A[8]_A2_DATA[8])
                                                      0.192     2.016 r  grp_dense_latency_ap_fixed_16_6_5_3_0_ap_fixed_16_6_5_3_0_config6_s_fu_115/mul_16s_12s_26_1_1_U31/tmp_product/DSP_A_B_DATA_INST/A2_DATA[8]
                         net (fo=1, unplaced)         0.000     2.016    grp_dense_latency_ap_fixed_16_6_5_3_0_ap_fixed_16_6_5_3_0_config6_s_fu_115/mul_16s_12s_26_1_1_U31/tmp_product/DSP_A_B_DATA.A2_DATA<8>
                         DSP_PREADD_DATA (Prop_DSP_PREADD_DATA_A2_DATA[8]_A2A1[8])
                                                      0.076     2.092 r  grp_dense_latency_ap_fixed_16_6_5_3_0_ap_fixed_16_6_5_3_0_config6_s_fu_115/mul_16s_12s_26_1_1_U31/tmp_product/DSP_PREADD_DATA_INST/A2A1[8]
                         net (fo=1, unplaced)         0.000     2.092    grp_dense_latency_ap_fixed_16_6_5_3_0_ap_fixed_16_6_5_3_0_config6_s_fu_115/mul_16s_12s_26_1_1_U31/tmp_product/DSP_PREADD_DATA.A2A1<8>
                         DSP_MULTIPLIER (Prop_DSP_MULTIPLIER_A2A1[8]_U[10])
                                                      0.505     2.597 f  grp_dense_latency_ap_fixed_16_6_5_3_0_ap_fixed_16_6_5_3_0_config6_s_fu_115/mul_16s_12s_26_1_1_U31/tmp_product/DSP_MULTIPLIER_INST/U[10]
                         net (fo=1, unplaced)         0.000     2.597    grp_dense_latency_ap_fixed_16_6_5_3_0_ap_fixed_16_6_5_3_0_config6_s_fu_115/mul_16s_12s_26_1_1_U31/tmp_product/DSP_MULTIPLIER.U<10>
                         DSP_M_DATA (Prop_DSP_M_DATA_U[10]_U_DATA[10])
                                                      0.047     2.644 r  grp_dense_latency_ap_fixed_16_6_5_3_0_ap_fixed_16_6_5_3_0_config6_s_fu_115/mul_16s_12s_26_1_1_U31/tmp_product/DSP_M_DATA_INST/U_DATA[10]
                         net (fo=1, unplaced)         0.000     2.644    grp_dense_latency_ap_fixed_16_6_5_3_0_ap_fixed_16_6_5_3_0_config6_s_fu_115/mul_16s_12s_26_1_1_U31/tmp_product/DSP_M_DATA.U_DATA<10>
                         DSP_ALU (Prop_DSP_ALU_U_DATA[10]_ALU_OUT[10])
                                                      0.585     3.229 f  grp_dense_latency_ap_fixed_16_6_5_3_0_ap_fixed_16_6_5_3_0_config6_s_fu_115/mul_16s_12s_26_1_1_U31/tmp_product/DSP_ALU_INST/ALU_OUT[10]
                         net (fo=1, unplaced)         0.000     3.229    grp_dense_latency_ap_fixed_16_6_5_3_0_ap_fixed_16_6_5_3_0_config6_s_fu_115/mul_16s_12s_26_1_1_U31/tmp_product/DSP_ALU.ALU_OUT<10>
                         DSP_OUTPUT (Prop_DSP_OUTPUT_ALU_OUT[10]_P[10])
                                                      0.109     3.338 r  grp_dense_latency_ap_fixed_16_6_5_3_0_ap_fixed_16_6_5_3_0_config6_s_fu_115/mul_16s_12s_26_1_1_U31/tmp_product/DSP_OUTPUT_INST/P[10]
                         net (fo=20, unplaced)        0.256     3.594    grp_dense_latency_ap_fixed_16_6_5_3_0_ap_fixed_16_6_5_3_0_config6_s_fu_115/mul_16s_12s_26_1_1_U31/P[0]
                         LUT3 (Prop_LUT3_I2_O)        0.070     3.664 r  grp_dense_latency_ap_fixed_16_6_5_3_0_ap_fixed_16_6_5_3_0_config6_s_fu_115/mul_16s_12s_26_1_1_U31/add_ln58_7_reg_720[15]_i_63/O
                         net (fo=2, unplaced)         0.219     3.883    grp_dense_latency_ap_fixed_16_6_5_3_0_ap_fixed_16_6_5_3_0_config6_s_fu_115/mul_16s_12s_26_1_1_U31/add_ln58_7_reg_720[15]_i_63_n_0
                         LUT4 (Prop_LUT4_I3_O)        0.037     3.920 r  grp_dense_latency_ap_fixed_16_6_5_3_0_ap_fixed_16_6_5_3_0_config6_s_fu_115/mul_16s_12s_26_1_1_U31/add_ln58_7_reg_720[15]_i_70/O
                         net (fo=1, unplaced)         0.023     3.943    grp_dense_latency_ap_fixed_16_6_5_3_0_ap_fixed_16_6_5_3_0_config6_s_fu_115/mul_16s_12s_26_1_1_U31/add_ln58_7_reg_720[15]_i_70_n_0
                         CARRY8 (Prop_CARRY8_S[1]_CO[7])
                                                      0.197     4.140 r  grp_dense_latency_ap_fixed_16_6_5_3_0_ap_fixed_16_6_5_3_0_config6_s_fu_115/mul_16s_12s_26_1_1_U31/add_ln58_7_reg_720_reg[15]_i_28/CO[7]
                         net (fo=1, unplaced)         0.005     4.145    grp_dense_latency_ap_fixed_16_6_5_3_0_ap_fixed_16_6_5_3_0_config6_s_fu_115/mul_16s_12s_26_1_1_U31/add_ln58_7_reg_720_reg[15]_i_28_n_0
                         CARRY8 (Prop_CARRY8_CI_O[1])
                                                      0.076     4.221 r  grp_dense_latency_ap_fixed_16_6_5_3_0_ap_fixed_16_6_5_3_0_config6_s_fu_115/mul_16s_12s_26_1_1_U31/add_ln58_7_reg_720_reg[15]_i_17/O[1]
                         net (fo=5, unplaced)         0.202     4.423    grp_dense_latency_ap_fixed_16_6_5_3_0_ap_fixed_16_6_5_3_0_config6_s_fu_115/mul_16s_12s_26_1_1_U31/add_ln58_7_reg_720_reg[15]_i_17_n_14
                         LUT3 (Prop_LUT3_I1_O)        0.038     4.461 f  grp_dense_latency_ap_fixed_16_6_5_3_0_ap_fixed_16_6_5_3_0_config6_s_fu_115/mul_16s_12s_26_1_1_U31/add_ln58_7_reg_720[15]_i_25/O
                         net (fo=3, unplaced)         0.192     4.653    grp_dense_latency_ap_fixed_16_6_5_3_0_ap_fixed_16_6_5_3_0_config6_s_fu_115/mul_16s_12s_26_1_1_U31/add_ln58_7_reg_720[15]_i_25_n_0
                         LUT5 (Prop_LUT5_I0_O)        0.038     4.691 r  grp_dense_latency_ap_fixed_16_6_5_3_0_ap_fixed_16_6_5_3_0_config6_s_fu_115/mul_16s_12s_26_1_1_U31/add_ln58_7_reg_720[15]_i_24/O
                         net (fo=2, unplaced)         0.186     4.877    grp_dense_latency_ap_fixed_16_6_5_3_0_ap_fixed_16_6_5_3_0_config6_s_fu_115/mul_16s_12s_26_1_1_U31/add_ln58_7_reg_720[15]_i_24_n_0
                         LUT6 (Prop_LUT6_I0_O)        0.038     4.915 r  grp_dense_latency_ap_fixed_16_6_5_3_0_ap_fixed_16_6_5_3_0_config6_s_fu_115/mul_16s_12s_26_1_1_U31/add_ln58_7_reg_720[15]_i_5/O
                         net (fo=2, unplaced)         0.186     5.101    grp_dense_latency_ap_fixed_16_6_5_3_0_ap_fixed_16_6_5_3_0_config6_s_fu_115/mul_16s_12s_26_1_1_U31/add_ln58_7_reg_720[15]_i_5_n_0
                         LUT3 (Prop_LUT3_I0_O)        0.037     5.138 r  grp_dense_latency_ap_fixed_16_6_5_3_0_ap_fixed_16_6_5_3_0_config6_s_fu_115/mul_16s_12s_26_1_1_U31/add_ln58_7_reg_720[15]_i_13/O
                         net (fo=1, unplaced)         0.032     5.170    grp_dense_latency_ap_fixed_16_6_5_3_0_ap_fixed_16_6_5_3_0_config6_s_fu_115/mul_16s_12s_26_1_1_U31/add_ln58_7_reg_720[15]_i_13_n_0
                         CARRY8 (Prop_CARRY8_S[3]_O[5])
                                                      0.184     5.354 r  grp_dense_latency_ap_fixed_16_6_5_3_0_ap_fixed_16_6_5_3_0_config6_s_fu_115/mul_16s_12s_26_1_1_U31/add_ln58_7_reg_720_reg[15]_i_1/O[5]
                         net (fo=1, unplaced)         0.025     5.379    grp_dense_latency_ap_fixed_16_6_5_3_0_ap_fixed_16_6_5_3_0_config6_s_fu_115/add_ln58_7_fu_498_p2[13]
                         FDRE                                         r  grp_dense_latency_ap_fixed_16_6_5_3_0_ap_fixed_16_6_5_3_0_config6_s_fu_115/add_ln58_7_reg_720_reg[13]/D
  -------------------------------------------------------------------    -------------------

                         (clock ap_clk rise edge)    10.000    10.000 r  
                                                      0.000    10.000 r  ap_clk (IN)
                         net (fo=2571, unset)         0.021    10.021    grp_dense_latency_ap_fixed_16_6_5_3_0_ap_fixed_16_6_5_3_0_config6_s_fu_115/ap_clk
                         FDRE                                         r  grp_dense_latency_ap_fixed_16_6_5_3_0_ap_fixed_16_6_5_3_0_config6_s_fu_115/add_ln58_7_reg_720_reg[13]/C
                         clock pessimism              0.000    10.021    
                         clock uncertainty           -0.035     9.986    
                         FDRE (Setup_FDRE_C_D)        0.025    10.011    grp_dense_latency_ap_fixed_16_6_5_3_0_ap_fixed_16_6_5_3_0_config6_s_fu_115/add_ln58_7_reg_720_reg[13]
  -------------------------------------------------------------------
                         required time                         10.011    
                         arrival time                          -5.379    
  -------------------------------------------------------------------
                         slack                                  4.632    





Pulse Width Checks
--------------------------------------------------------------------------------------
Clock Name:         ap_clk
Waveform(ns):       { 0.000 5.000 }
Period(ns):         10.000
Sources:            { ap_clk }

Check Type        Corner  Lib Pin             Reference Pin  Required(ns)  Actual(ns)  Slack(ns)  Location  Pin
Min Period        n/a     RAMB18E2/CLKARDCLK  n/a            1.355         10.000      8.645                grp_softmax_stable_ap_fixed_ap_fixed_16_6_5_3_0_softmax_config7_s_fu_127/exp_table_U/q0_reg/CLKARDCLK
Min Period        n/a     RAMB18E2/CLKBWRCLK  n/a            1.355         10.000      8.645                grp_softmax_stable_ap_fixed_ap_fixed_16_6_5_3_0_softmax_config7_s_fu_127/exp_table_U/q0_reg/CLKBWRCLK
Min Period        n/a     RAMB18E2/CLKARDCLK  n/a            1.355         10.000      8.645                grp_softmax_stable_ap_fixed_ap_fixed_16_6_5_3_0_softmax_config7_s_fu_127/exp_table_U/q2_reg/CLKARDCLK
Min Period        n/a     RAMB18E2/CLKARDCLK  n/a            1.355         10.000      8.645                grp_softmax_stable_ap_fixed_ap_fixed_16_6_5_3_0_softmax_config7_s_fu_127/invert_table_U/q0_reg/CLKARDCLK
Min Period        n/a     FDSE/C              n/a            0.550         10.000      9.450                ap_CS_fsm_reg[0]/C
Min Period        n/a     FDRE/C              n/a            0.550         10.000      9.450                ap_CS_fsm_reg[10]/C
Min Period        n/a     FDRE/C              n/a            0.550         10.000      9.450                ap_CS_fsm_reg[11]/C
Min Period        n/a     FDRE/C              n/a            0.550         10.000      9.450                ap_CS_fsm_reg[12]/C
Min Period        n/a     FDRE/C              n/a            0.550         10.000      9.450                ap_CS_fsm_reg[13]/C
Min Period        n/a     FDRE/C              n/a            0.550         10.000      9.450                ap_CS_fsm_reg[14]/C
Low Pulse Width   Slow    RAMB18E2/CLKARDCLK  n/a            0.542         5.000       4.458                grp_softmax_stable_ap_fixed_ap_fixed_16_6_5_3_0_softmax_config7_s_fu_127/exp_table_U/q0_reg/CLKARDCLK
Low Pulse Width   Fast    RAMB18E2/CLKARDCLK  n/a            0.542         5.000       4.458                grp_softmax_stable_ap_fixed_ap_fixed_16_6_5_3_0_softmax_config7_s_fu_127/exp_table_U/q0_reg/CLKARDCLK
Low Pulse Width   Slow    RAMB18E2/CLKBWRCLK  n/a            0.542         5.000       4.458                grp_softmax_stable_ap_fixed_ap_fixed_16_6_5_3_0_softmax_config7_s_fu_127/exp_table_U/q0_reg/CLKBWRCLK
Low Pulse Width   Fast    RAMB18E2/CLKBWRCLK  n/a            0.542         5.000       4.458                grp_softmax_stable_ap_fixed_ap_fixed_16_6_5_3_0_softmax_config7_s_fu_127/exp_table_U/q0_reg/CLKBWRCLK
Low Pulse Width   Slow    RAMB18E2/CLKARDCLK  n/a            0.542         5.000       4.458                grp_softmax_stable_ap_fixed_ap_fixed_16_6_5_3_0_softmax_config7_s_fu_127/exp_table_U/q2_reg/CLKARDCLK
Low Pulse Width   Fast    RAMB18E2/CLKARDCLK  n/a            0.542         5.000       4.458                grp_softmax_stable_ap_fixed_ap_fixed_16_6_5_3_0_softmax_config7_s_fu_127/exp_table_U/q2_reg/CLKARDCLK
Low Pulse Width   Slow    RAMB18E2/CLKARDCLK  n/a            0.542         5.000       4.458                grp_softmax_stable_ap_fixed_ap_fixed_16_6_5_3_0_softmax_config7_s_fu_127/invert_table_U/q0_reg/CLKARDCLK
Low Pulse Width   Fast    RAMB18E2/CLKARDCLK  n/a            0.542         5.000       4.458                grp_softmax_stable_ap_fixed_ap_fixed_16_6_5_3_0_softmax_config7_s_fu_127/invert_table_U/q0_reg/CLKARDCLK
Low Pulse Width   Slow    FDSE/C              n/a            0.275         5.000       4.725                ap_CS_fsm_reg[0]/C
Low Pulse Width   Fast    FDSE/C              n/a            0.275         5.000       4.725                ap_CS_fsm_reg[0]/C
High Pulse Width  Slow    RAMB18E2/CLKARDCLK  n/a            0.542         5.000       4.458                grp_softmax_stable_ap_fixed_ap_fixed_16_6_5_3_0_softmax_config7_s_fu_127/exp_table_U/q0_reg/CLKARDCLK
High Pulse Width  Fast    RAMB18E2/CLKARDCLK  n/a            0.542         5.000       4.458                grp_softmax_stable_ap_fixed_ap_fixed_16_6_5_3_0_softmax_config7_s_fu_127/exp_table_U/q0_reg/CLKARDCLK
High Pulse Width  Slow    RAMB18E2/CLKBWRCLK  n/a            0.542         5.000       4.458                grp_softmax_stable_ap_fixed_ap_fixed_16_6_5_3_0_softmax_config7_s_fu_127/exp_table_U/q0_reg/CLKBWRCLK
High Pulse Width  Fast    RAMB18E2/CLKBWRCLK  n/a            0.542         5.000       4.458                grp_softmax_stable_ap_fixed_ap_fixed_16_6_5_3_0_softmax_config7_s_fu_127/exp_table_U/q0_reg/CLKBWRCLK
High Pulse Width  Slow    RAMB18E2/CLKARDCLK  n/a            0.542         5.000       4.458                grp_softmax_stable_ap_fixed_ap_fixed_16_6_5_3_0_softmax_config7_s_fu_127/exp_table_U/q2_reg/CLKARDCLK
High Pulse Width  Fast    RAMB18E2/CLKARDCLK  n/a            0.542         5.000       4.458                grp_softmax_stable_ap_fixed_ap_fixed_16_6_5_3_0_softmax_config7_s_fu_127/exp_table_U/q2_reg/CLKARDCLK
High Pulse Width  Slow    RAMB18E2/CLKARDCLK  n/a            0.542         5.000       4.458                grp_softmax_stable_ap_fixed_ap_fixed_16_6_5_3_0_softmax_config7_s_fu_127/invert_table_U/q0_reg/CLKARDCLK
High Pulse Width  Fast    RAMB18E2/CLKARDCLK  n/a            0.542         5.000       4.458                grp_softmax_stable_ap_fixed_ap_fixed_16_6_5_3_0_softmax_config7_s_fu_127/invert_table_U/q0_reg/CLKARDCLK
High Pulse Width  Slow    FDSE/C              n/a            0.275         5.000       4.725                ap_CS_fsm_reg[0]/C
High Pulse Width  Fast    FDSE/C              n/a            0.275         5.000       4.725                ap_CS_fsm_reg[0]/C



--------------------------------------------------------------------------------------
Path Group:  (none)
From Clock:  
  To Clock:  

Max Delay             1 Endpoint
Min Delay             0 Endpoints
--------------------------------------------------------------------------------------


Max Delay Paths
--------------------------------------------------------------------------------------
Slack:                    inf
  Source:                 ap_start
                            (input port)
  Destination:            ap_idle
                            (output port)
  Path Group:             (none)
  Path Type:              Max at Slow Process Corner
  Data Path Delay:        0.090ns  (logic 0.090ns (100.000%)  route 0.000ns (0.000%))
  Logic Levels:           1  (LUT4=1)

    Location             Delay type                Incr(ns)  Path(ns)    Netlist Resource(s)
  -------------------------------------------------------------------    -------------------
                                                      0.000     0.000 f  ap_start (IN)
                         net (fo=12, unset)           0.000     0.000    ap_start
                         LUT4 (Prop_LUT4_I1_O)        0.090     0.090 r  ap_idle_INST_0/O
                         net (fo=0)                   0.000     0.090    ap_idle
                                                                      r  ap_idle (OUT)
  -------------------------------------------------------------------    -------------------





--------------------------------------------------------------------------------------
Path Group:  (none)
From Clock:  ap_clk
  To Clock:  

Max Delay            54 Endpoints
Min Delay             0 Endpoints
--------------------------------------------------------------------------------------


Max Delay Paths
--------------------------------------------------------------------------------------
Slack:                    inf
  Source:                 grp_softmax_stable_ap_fixed_ap_fixed_16_6_5_3_0_softmax_config7_s_fu_127/invert_table_U/q0_reg/CLKARDCLK
                            (rising edge-triggered cell RAMB18E2 clocked by ap_clk  {rise@0.000ns fall@5.000ns period=10.000ns})
  Destination:            layer7_out_0[11]
                            (output port)
  Path Group:             (none)
  Path Type:              Max at Slow Process Corner
  Data Path Delay:        2.770ns  (logic 2.394ns (86.426%)  route 0.376ns (13.574%))
  Logic Levels:           6  (DSP_A_B_DATA=1 DSP_ALU=1 DSP_M_DATA=1 DSP_MULTIPLIER=1 DSP_OUTPUT=1 DSP_PREADD_DATA=1)
  Clock Uncertainty:      0.025ns  ((TSJ^2 + TIJ^2)^1/2 + DJ) / 2 + PE
    Total System Jitter     (TSJ):    0.050ns
    Total Input Jitter      (TIJ):    0.000ns
    Discrete Jitter          (DJ):    0.000ns
    Phase Error              (PE):    0.000ns

    Location             Delay type                Incr(ns)  Path(ns)    Netlist Resource(s)
  -------------------------------------------------------------------    -------------------
                         (clock ap_clk rise edge)     0.000     0.000 r  
                                                      0.000     0.000 r  ap_clk (IN)
                         net (fo=2571, unset)         0.076     0.076    grp_softmax_stable_ap_fixed_ap_fixed_16_6_5_3_0_softmax_config7_s_fu_127/invert_table_U/ap_clk
                         RAMB18E2                                     r  grp_softmax_stable_ap_fixed_ap_fixed_16_6_5_3_0_softmax_config7_s_fu_127/invert_table_U/q0_reg/CLKARDCLK
  -------------------------------------------------------------------    -------------------
                         RAMB18E2 (Prop_RAMB18E2_CLKARDCLK_DOUTADOUT[14])
                                                      0.880     0.956 f  grp_softmax_stable_ap_fixed_ap_fixed_16_6_5_3_0_softmax_config7_s_fu_127/invert_table_U/q0_reg/DOUTADOUT[14]
                         net (fo=39, unplaced)        0.376     1.332    grp_softmax_stable_ap_fixed_ap_fixed_16_6_5_3_0_softmax_config7_s_fu_127/mul_18s_11ns_26_1_1_U40/tmp_product/A[20]
                         DSP_A_B_DATA (Prop_DSP_A_B_DATA_A[20]_A2_DATA[20])
                                                      0.192     1.524 r  grp_softmax_stable_ap_fixed_ap_fixed_16_6_5_3_0_softmax_config7_s_fu_127/mul_18s_11ns_26_1_1_U40/tmp_product/DSP_A_B_DATA_INST/A2_DATA[20]
                         net (fo=1, unplaced)         0.000     1.524    grp_softmax_stable_ap_fixed_ap_fixed_16_6_5_3_0_softmax_config7_s_fu_127/mul_18s_11ns_26_1_1_U40/tmp_product/DSP_A_B_DATA.A2_DATA<20>
                         DSP_PREADD_DATA (Prop_DSP_PREADD_DATA_A2_DATA[20]_A2A1[20])
                                                      0.076     1.600 r  grp_softmax_stable_ap_fixed_ap_fixed_16_6_5_3_0_softmax_config7_s_fu_127/mul_18s_11ns_26_1_1_U40/tmp_product/DSP_PREADD_DATA_INST/A2A1[20]
                         net (fo=1, unplaced)         0.000     1.600    grp_softmax_stable_ap_fixed_ap_fixed_16_6_5_3_0_softmax_config7_s_fu_127/mul_18s_11ns_26_1_1_U40/tmp_product/DSP_PREADD_DATA.A2A1<20>
                         DSP_MULTIPLIER (Prop_DSP_MULTIPLIER_A2A1[20]_U[21])
                                                      0.505     2.105 f  grp_softmax_stable_ap_fixed_ap_fixed_16_6_5_3_0_softmax_config7_s_fu_127/mul_18s_11ns_26_1_1_U40/tmp_product/DSP_MULTIPLIER_INST/U[21]
                         net (fo=1, unplaced)         0.000     2.105    grp_softmax_stable_ap_fixed_ap_fixed_16_6_5_3_0_softmax_config7_s_fu_127/mul_18s_11ns_26_1_1_U40/tmp_product/DSP_MULTIPLIER.U<21>
                         DSP_M_DATA (Prop_DSP_M_DATA_U[21]_U_DATA[21])
                                                      0.047     2.152 r  grp_softmax_stable_ap_fixed_ap_fixed_16_6_5_3_0_softmax_config7_s_fu_127/mul_18s_11ns_26_1_1_U40/tmp_product/DSP_M_DATA_INST/U_DATA[21]
                         net (fo=1, unplaced)         0.000     2.152    grp_softmax_stable_ap_fixed_ap_fixed_16_6_5_3_0_softmax_config7_s_fu_127/mul_18s_11ns_26_1_1_U40/tmp_product/DSP_M_DATA.U_DATA<21>
                         DSP_ALU (Prop_DSP_ALU_U_DATA[21]_ALU_OUT[21])
                                                      0.585     2.737 f  grp_softmax_stable_ap_fixed_ap_fixed_16_6_5_3_0_softmax_config7_s_fu_127/mul_18s_11ns_26_1_1_U40/tmp_product/DSP_ALU_INST/ALU_OUT[21]
                         net (fo=1, unplaced)         0.000     2.737    grp_softmax_stable_ap_fixed_ap_fixed_16_6_5_3_0_softmax_config7_s_fu_127/mul_18s_11ns_26_1_1_U40/tmp_product/DSP_ALU.ALU_OUT<21>
                         DSP_OUTPUT (Prop_DSP_OUTPUT_ALU_OUT[21]_P[21])
                                                      0.109     2.846 r  grp_softmax_stable_ap_fixed_ap_fixed_16_6_5_3_0_softmax_config7_s_fu_127/mul_18s_11ns_26_1_1_U40/tmp_product/DSP_OUTPUT_INST/P[21]
                         net (fo=0)                   0.000     2.846    layer7_out_0[11]
                                                                      r  layer7_out_0[11] (OUT)
  -------------------------------------------------------------------    -------------------

Slack:                    inf
  Source:                 grp_softmax_stable_ap_fixed_ap_fixed_16_6_5_3_0_softmax_config7_s_fu_127/invert_table_U/q0_reg/CLKARDCLK
                            (rising edge-triggered cell RAMB18E2 clocked by ap_clk  {rise@0.000ns fall@5.000ns period=10.000ns})
  Destination:            layer7_out_0[12]
                            (output port)
  Path Group:             (none)
  Path Type:              Max at Slow Process Corner
  Data Path Delay:        2.770ns  (logic 2.394ns (86.426%)  route 0.376ns (13.574%))
  Logic Levels:           6  (DSP_A_B_DATA=1 DSP_ALU=1 DSP_M_DATA=1 DSP_MULTIPLIER=1 DSP_OUTPUT=1 DSP_PREADD_DATA=1)
  Clock Uncertainty:      0.025ns  ((TSJ^2 + TIJ^2)^1/2 + DJ) / 2 + PE
    Total System Jitter     (TSJ):    0.050ns
    Total Input Jitter      (TIJ):    0.000ns
    Discrete Jitter          (DJ):    0.000ns
    Phase Error              (PE):    0.000ns

    Location             Delay type                Incr(ns)  Path(ns)    Netlist Resource(s)
  -------------------------------------------------------------------    -------------------
                         (clock ap_clk rise edge)     0.000     0.000 r  
                                                      0.000     0.000 r  ap_clk (IN)
                         net (fo=2571, unset)         0.076     0.076    grp_softmax_stable_ap_fixed_ap_fixed_16_6_5_3_0_softmax_config7_s_fu_127/invert_table_U/ap_clk
                         RAMB18E2                                     r  grp_softmax_stable_ap_fixed_ap_fixed_16_6_5_3_0_softmax_config7_s_fu_127/invert_table_U/q0_reg/CLKARDCLK
  -------------------------------------------------------------------    -------------------
                         RAMB18E2 (Prop_RAMB18E2_CLKARDCLK_DOUTADOUT[14])
                                                      0.880     0.956 f  grp_softmax_stable_ap_fixed_ap_fixed_16_6_5_3_0_softmax_config7_s_fu_127/invert_table_U/q0_reg/DOUTADOUT[14]
                         net (fo=39, unplaced)        0.376     1.332    grp_softmax_stable_ap_fixed_ap_fixed_16_6_5_3_0_softmax_config7_s_fu_127/mul_18s_11ns_26_1_1_U40/tmp_product/A[20]
                         DSP_A_B_DATA (Prop_DSP_A_B_DATA_A[20]_A2_DATA[20])
                                                      0.192     1.524 r  grp_softmax_stable_ap_fixed_ap_fixed_16_6_5_3_0_softmax_config7_s_fu_127/mul_18s_11ns_26_1_1_U40/tmp_product/DSP_A_B_DATA_INST/A2_DATA[20]
                         net (fo=1, unplaced)         0.000     1.524    grp_softmax_stable_ap_fixed_ap_fixed_16_6_5_3_0_softmax_config7_s_fu_127/mul_18s_11ns_26_1_1_U40/tmp_product/DSP_A_B_DATA.A2_DATA<20>
                         DSP_PREADD_DATA (Prop_DSP_PREADD_DATA_A2_DATA[20]_A2A1[20])
                                                      0.076     1.600 r  grp_softmax_stable_ap_fixed_ap_fixed_16_6_5_3_0_softmax_config7_s_fu_127/mul_18s_11ns_26_1_1_U40/tmp_product/DSP_PREADD_DATA_INST/A2A1[20]
                         net (fo=1, unplaced)         0.000     1.600    grp_softmax_stable_ap_fixed_ap_fixed_16_6_5_3_0_softmax_config7_s_fu_127/mul_18s_11ns_26_1_1_U40/tmp_product/DSP_PREADD_DATA.A2A1<20>
                         DSP_MULTIPLIER (Prop_DSP_MULTIPLIER_A2A1[20]_U[22])
                                                      0.505     2.105 f  grp_softmax_stable_ap_fixed_ap_fixed_16_6_5_3_0_softmax_config7_s_fu_127/mul_18s_11ns_26_1_1_U40/tmp_product/DSP_MULTIPLIER_INST/U[22]
                         net (fo=1, unplaced)         0.000     2.105    grp_softmax_stable_ap_fixed_ap_fixed_16_6_5_3_0_softmax_config7_s_fu_127/mul_18s_11ns_26_1_1_U40/tmp_product/DSP_MULTIPLIER.U<22>
                         DSP_M_DATA (Prop_DSP_M_DATA_U[22]_U_DATA[22])
                                                      0.047     2.152 r  grp_softmax_stable_ap_fixed_ap_fixed_16_6_5_3_0_softmax_config7_s_fu_127/mul_18s_11ns_26_1_1_U40/tmp_product/DSP_M_DATA_INST/U_DATA[22]
                         net (fo=1, unplaced)         0.000     2.152    grp_softmax_stable_ap_fixed_ap_fixed_16_6_5_3_0_softmax_config7_s_fu_127/mul_18s_11ns_26_1_1_U40/tmp_product/DSP_M_DATA.U_DATA<22>
                         DSP_ALU (Prop_DSP_ALU_U_DATA[22]_ALU_OUT[22])
                                                      0.585     2.737 f  grp_softmax_stable_ap_fixed_ap_fixed_16_6_5_3_0_softmax_config7_s_fu_127/mul_18s_11ns_26_1_1_U40/tmp_product/DSP_ALU_INST/ALU_OUT[22]
                         net (fo=1, unplaced)         0.000     2.737    grp_softmax_stable_ap_fixed_ap_fixed_16_6_5_3_0_softmax_config7_s_fu_127/mul_18s_11ns_26_1_1_U40/tmp_product/DSP_ALU.ALU_OUT<22>
                         DSP_OUTPUT (Prop_DSP_OUTPUT_ALU_OUT[22]_P[22])
                                                      0.109     2.846 r  grp_softmax_stable_ap_fixed_ap_fixed_16_6_5_3_0_softmax_config7_s_fu_127/mul_18s_11ns_26_1_1_U40/tmp_product/DSP_OUTPUT_INST/P[22]
                         net (fo=0)                   0.000     2.846    layer7_out_0[12]
                                                                      r  layer7_out_0[12] (OUT)
  -------------------------------------------------------------------    -------------------

Slack:                    inf
  Source:                 grp_softmax_stable_ap_fixed_ap_fixed_16_6_5_3_0_softmax_config7_s_fu_127/invert_table_U/q0_reg/CLKARDCLK
                            (rising edge-triggered cell RAMB18E2 clocked by ap_clk  {rise@0.000ns fall@5.000ns period=10.000ns})
  Destination:            layer7_out_0[13]
                            (output port)
  Path Group:             (none)
  Path Type:              Max at Slow Process Corner
  Data Path Delay:        2.770ns  (logic 2.394ns (86.426%)  route 0.376ns (13.574%))
  Logic Levels:           6  (DSP_A_B_DATA=1 DSP_ALU=1 DSP_M_DATA=1 DSP_MULTIPLIER=1 DSP_OUTPUT=1 DSP_PREADD_DATA=1)
  Clock Uncertainty:      0.025ns  ((TSJ^2 + TIJ^2)^1/2 + DJ) / 2 + PE
    Total System Jitter     (TSJ):    0.050ns
    Total Input Jitter      (TIJ):    0.000ns
    Discrete Jitter          (DJ):    0.000ns
    Phase Error              (PE):    0.000ns

    Location             Delay type                Incr(ns)  Path(ns)    Netlist Resource(s)
  -------------------------------------------------------------------    -------------------
                         (clock ap_clk rise edge)     0.000     0.000 r  
                                                      0.000     0.000 r  ap_clk (IN)
                         net (fo=2571, unset)         0.076     0.076    grp_softmax_stable_ap_fixed_ap_fixed_16_6_5_3_0_softmax_config7_s_fu_127/invert_table_U/ap_clk
                         RAMB18E2                                     r  grp_softmax_stable_ap_fixed_ap_fixed_16_6_5_3_0_softmax_config7_s_fu_127/invert_table_U/q0_reg/CLKARDCLK
  -------------------------------------------------------------------    -------------------
                         RAMB18E2 (Prop_RAMB18E2_CLKARDCLK_DOUTADOUT[14])
                                                      0.880     0.956 f  grp_softmax_stable_ap_fixed_ap_fixed_16_6_5_3_0_softmax_config7_s_fu_127/invert_table_U/q0_reg/DOUTADOUT[14]
                         net (fo=39, unplaced)        0.376     1.332    grp_softmax_stable_ap_fixed_ap_fixed_16_6_5_3_0_softmax_config7_s_fu_127/mul_18s_11ns_26_1_1_U40/tmp_product/A[20]
                         DSP_A_B_DATA (Prop_DSP_A_B_DATA_A[20]_A2_DATA[20])
                                                      0.192     1.524 r  grp_softmax_stable_ap_fixed_ap_fixed_16_6_5_3_0_softmax_config7_s_fu_127/mul_18s_11ns_26_1_1_U40/tmp_product/DSP_A_B_DATA_INST/A2_DATA[20]
                         net (fo=1, unplaced)         0.000     1.524    grp_softmax_stable_ap_fixed_ap_fixed_16_6_5_3_0_softmax_config7_s_fu_127/mul_18s_11ns_26_1_1_U40/tmp_product/DSP_A_B_DATA.A2_DATA<20>
                         DSP_PREADD_DATA (Prop_DSP_PREADD_DATA_A2_DATA[20]_A2A1[20])
                                                      0.076     1.600 r  grp_softmax_stable_ap_fixed_ap_fixed_16_6_5_3_0_softmax_config7_s_fu_127/mul_18s_11ns_26_1_1_U40/tmp_product/DSP_PREADD_DATA_INST/A2A1[20]
                         net (fo=1, unplaced)         0.000     1.600    grp_softmax_stable_ap_fixed_ap_fixed_16_6_5_3_0_softmax_config7_s_fu_127/mul_18s_11ns_26_1_1_U40/tmp_product/DSP_PREADD_DATA.A2A1<20>
                         DSP_MULTIPLIER (Prop_DSP_MULTIPLIER_A2A1[20]_U[23])
                                                      0.505     2.105 f  grp_softmax_stable_ap_fixed_ap_fixed_16_6_5_3_0_softmax_config7_s_fu_127/mul_18s_11ns_26_1_1_U40/tmp_product/DSP_MULTIPLIER_INST/U[23]
                         net (fo=1, unplaced)         0.000     2.105    grp_softmax_stable_ap_fixed_ap_fixed_16_6_5_3_0_softmax_config7_s_fu_127/mul_18s_11ns_26_1_1_U40/tmp_product/DSP_MULTIPLIER.U<23>
                         DSP_M_DATA (Prop_DSP_M_DATA_U[23]_U_DATA[23])
                                                      0.047     2.152 r  grp_softmax_stable_ap_fixed_ap_fixed_16_6_5_3_0_softmax_config7_s_fu_127/mul_18s_11ns_26_1_1_U40/tmp_product/DSP_M_DATA_INST/U_DATA[23]
                         net (fo=1, unplaced)         0.000     2.152    grp_softmax_stable_ap_fixed_ap_fixed_16_6_5_3_0_softmax_config7_s_fu_127/mul_18s_11ns_26_1_1_U40/tmp_product/DSP_M_DATA.U_DATA<23>
                         DSP_ALU (Prop_DSP_ALU_U_DATA[23]_ALU_OUT[23])
                                                      0.585     2.737 f  grp_softmax_stable_ap_fixed_ap_fixed_16_6_5_3_0_softmax_config7_s_fu_127/mul_18s_11ns_26_1_1_U40/tmp_product/DSP_ALU_INST/ALU_OUT[23]
                         net (fo=1, unplaced)         0.000     2.737    grp_softmax_stable_ap_fixed_ap_fixed_16_6_5_3_0_softmax_config7_s_fu_127/mul_18s_11ns_26_1_1_U40/tmp_product/DSP_ALU.ALU_OUT<23>
                         DSP_OUTPUT (Prop_DSP_OUTPUT_ALU_OUT[23]_P[23])
                                                      0.109     2.846 r  grp_softmax_stable_ap_fixed_ap_fixed_16_6_5_3_0_softmax_config7_s_fu_127/mul_18s_11ns_26_1_1_U40/tmp_product/DSP_OUTPUT_INST/P[23]
                         net (fo=0)                   0.000     2.846    layer7_out_0[13]
                                                                      r  layer7_out_0[13] (OUT)
  -------------------------------------------------------------------    -------------------

Slack:                    inf
  Source:                 grp_softmax_stable_ap_fixed_ap_fixed_16_6_5_3_0_softmax_config7_s_fu_127/invert_table_U/q0_reg/CLKARDCLK
                            (rising edge-triggered cell RAMB18E2 clocked by ap_clk  {rise@0.000ns fall@5.000ns period=10.000ns})
  Destination:            layer7_out_0[14]
                            (output port)
  Path Group:             (none)
  Path Type:              Max at Slow Process Corner
  Data Path Delay:        2.770ns  (logic 2.394ns (86.426%)  route 0.376ns (13.574%))
  Logic Levels:           6  (DSP_A_B_DATA=1 DSP_ALU=1 DSP_M_DATA=1 DSP_MULTIPLIER=1 DSP_OUTPUT=1 DSP_PREADD_DATA=1)
  Clock Uncertainty:      0.025ns  ((TSJ^2 + TIJ^2)^1/2 + DJ) / 2 + PE
    Total System Jitter     (TSJ):    0.050ns
    Total Input Jitter      (TIJ):    0.000ns
    Discrete Jitter          (DJ):    0.000ns
    Phase Error              (PE):    0.000ns

    Location             Delay type                Incr(ns)  Path(ns)    Netlist Resource(s)
  -------------------------------------------------------------------    -------------------
                         (clock ap_clk rise edge)     0.000     0.000 r  
                                                      0.000     0.000 r  ap_clk (IN)
                         net (fo=2571, unset)         0.076     0.076    grp_softmax_stable_ap_fixed_ap_fixed_16_6_5_3_0_softmax_config7_s_fu_127/invert_table_U/ap_clk
                         RAMB18E2                                     r  grp_softmax_stable_ap_fixed_ap_fixed_16_6_5_3_0_softmax_config7_s_fu_127/invert_table_U/q0_reg/CLKARDCLK
  -------------------------------------------------------------------    -------------------
                         RAMB18E2 (Prop_RAMB18E2_CLKARDCLK_DOUTADOUT[14])
                                                      0.880     0.956 f  grp_softmax_stable_ap_fixed_ap_fixed_16_6_5_3_0_softmax_config7_s_fu_127/invert_table_U/q0_reg/DOUTADOUT[14]
                         net (fo=39, unplaced)        0.376     1.332    grp_softmax_stable_ap_fixed_ap_fixed_16_6_5_3_0_softmax_config7_s_fu_127/mul_18s_11ns_26_1_1_U40/tmp_product/A[20]
                         DSP_A_B_DATA (Prop_DSP_A_B_DATA_A[20]_A2_DATA[20])
                                                      0.192     1.524 r  grp_softmax_stable_ap_fixed_ap_fixed_16_6_5_3_0_softmax_config7_s_fu_127/mul_18s_11ns_26_1_1_U40/tmp_product/DSP_A_B_DATA_INST/A2_DATA[20]
                         net (fo=1, unplaced)         0.000     1.524    grp_softmax_stable_ap_fixed_ap_fixed_16_6_5_3_0_softmax_config7_s_fu_127/mul_18s_11ns_26_1_1_U40/tmp_product/DSP_A_B_DATA.A2_DATA<20>
                         DSP_PREADD_DATA (Prop_DSP_PREADD_DATA_A2_DATA[20]_A2A1[20])
                                                      0.076     1.600 r  grp_softmax_stable_ap_fixed_ap_fixed_16_6_5_3_0_softmax_config7_s_fu_127/mul_18s_11ns_26_1_1_U40/tmp_product/DSP_PREADD_DATA_INST/A2A1[20]
                         net (fo=1, unplaced)         0.000     1.600    grp_softmax_stable_ap_fixed_ap_fixed_16_6_5_3_0_softmax_config7_s_fu_127/mul_18s_11ns_26_1_1_U40/tmp_product/DSP_PREADD_DATA.A2A1<20>
                         DSP_MULTIPLIER (Prop_DSP_MULTIPLIER_A2A1[20]_U[24])
                                                      0.505     2.105 f  grp_softmax_stable_ap_fixed_ap_fixed_16_6_5_3_0_softmax_config7_s_fu_127/mul_18s_11ns_26_1_1_U40/tmp_product/DSP_MULTIPLIER_INST/U[24]
                         net (fo=1, unplaced)         0.000     2.105    grp_softmax_stable_ap_fixed_ap_fixed_16_6_5_3_0_softmax_config7_s_fu_127/mul_18s_11ns_26_1_1_U40/tmp_product/DSP_MULTIPLIER.U<24>
                         DSP_M_DATA (Prop_DSP_M_DATA_U[24]_U_DATA[24])
                                                      0.047     2.152 r  grp_softmax_stable_ap_fixed_ap_fixed_16_6_5_3_0_softmax_config7_s_fu_127/mul_18s_11ns_26_1_1_U40/tmp_product/DSP_M_DATA_INST/U_DATA[24]
                         net (fo=1, unplaced)         0.000     2.152    grp_softmax_stable_ap_fixed_ap_fixed_16_6_5_3_0_softmax_config7_s_fu_127/mul_18s_11ns_26_1_1_U40/tmp_product/DSP_M_DATA.U_DATA<24>
                         DSP_ALU (Prop_DSP_ALU_U_DATA[24]_ALU_OUT[24])
                                                      0.585     2.737 f  grp_softmax_stable_ap_fixed_ap_fixed_16_6_5_3_0_softmax_config7_s_fu_127/mul_18s_11ns_26_1_1_U40/tmp_product/DSP_ALU_INST/ALU_OUT[24]
                         net (fo=1, unplaced)         0.000     2.737    grp_softmax_stable_ap_fixed_ap_fixed_16_6_5_3_0_softmax_config7_s_fu_127/mul_18s_11ns_26_1_1_U40/tmp_product/DSP_ALU.ALU_OUT<24>
                         DSP_OUTPUT (Prop_DSP_OUTPUT_ALU_OUT[24]_P[24])
                                                      0.109     2.846 r  grp_softmax_stable_ap_fixed_ap_fixed_16_6_5_3_0_softmax_config7_s_fu_127/mul_18s_11ns_26_1_1_U40/tmp_product/DSP_OUTPUT_INST/P[24]
                         net (fo=0)                   0.000     2.846    layer7_out_0[14]
                                                                      r  layer7_out_0[14] (OUT)
  -------------------------------------------------------------------    -------------------

Slack:                    inf
  Source:                 grp_softmax_stable_ap_fixed_ap_fixed_16_6_5_3_0_softmax_config7_s_fu_127/invert_table_U/q0_reg/CLKARDCLK
                            (rising edge-triggered cell RAMB18E2 clocked by ap_clk  {rise@0.000ns fall@5.000ns period=10.000ns})
  Destination:            layer7_out_0[15]
                            (output port)
  Path Group:             (none)
  Path Type:              Max at Slow Process Corner
  Data Path Delay:        2.770ns  (logic 2.394ns (86.426%)  route 0.376ns (13.574%))
  Logic Levels:           6  (DSP_A_B_DATA=1 DSP_ALU=1 DSP_M_DATA=1 DSP_MULTIPLIER=1 DSP_OUTPUT=1 DSP_PREADD_DATA=1)
  Clock Uncertainty:      0.025ns  ((TSJ^2 + TIJ^2)^1/2 + DJ) / 2 + PE
    Total System Jitter     (TSJ):    0.050ns
    Total Input Jitter      (TIJ):    0.000ns
    Discrete Jitter          (DJ):    0.000ns
    Phase Error              (PE):    0.000ns

    Location             Delay type                Incr(ns)  Path(ns)    Netlist Resource(s)
  -------------------------------------------------------------------    -------------------
                         (clock ap_clk rise edge)     0.000     0.000 r  
                                                      0.000     0.000 r  ap_clk (IN)
                         net (fo=2571, unset)         0.076     0.076    grp_softmax_stable_ap_fixed_ap_fixed_16_6_5_3_0_softmax_config7_s_fu_127/invert_table_U/ap_clk
                         RAMB18E2                                     r  grp_softmax_stable_ap_fixed_ap_fixed_16_6_5_3_0_softmax_config7_s_fu_127/invert_table_U/q0_reg/CLKARDCLK
  -------------------------------------------------------------------    -------------------
                         RAMB18E2 (Prop_RAMB18E2_CLKARDCLK_DOUTADOUT[14])
                                                      0.880     0.956 f  grp_softmax_stable_ap_fixed_ap_fixed_16_6_5_3_0_softmax_config7_s_fu_127/invert_table_U/q0_reg/DOUTADOUT[14]
                         net (fo=39, unplaced)        0.376     1.332    grp_softmax_stable_ap_fixed_ap_fixed_16_6_5_3_0_softmax_config7_s_fu_127/mul_18s_11ns_26_1_1_U40/tmp_product/A[20]
                         DSP_A_B_DATA (Prop_DSP_A_B_DATA_A[20]_A2_DATA[20])
                                                      0.192     1.524 r  grp_softmax_stable_ap_fixed_ap_fixed_16_6_5_3_0_softmax_config7_s_fu_127/mul_18s_11ns_26_1_1_U40/tmp_product/DSP_A_B_DATA_INST/A2_DATA[20]
                         net (fo=1, unplaced)         0.000     1.524    grp_softmax_stable_ap_fixed_ap_fixed_16_6_5_3_0_softmax_config7_s_fu_127/mul_18s_11ns_26_1_1_U40/tmp_product/DSP_A_B_DATA.A2_DATA<20>
                         DSP_PREADD_DATA (Prop_DSP_PREADD_DATA_A2_DATA[20]_A2A1[20])
                                                      0.076     1.600 r  grp_softmax_stable_ap_fixed_ap_fixed_16_6_5_3_0_softmax_config7_s_fu_127/mul_18s_11ns_26_1_1_U40/tmp_product/DSP_PREADD_DATA_INST/A2A1[20]
                         net (fo=1, unplaced)         0.000     1.600    grp_softmax_stable_ap_fixed_ap_fixed_16_6_5_3_0_softmax_config7_s_fu_127/mul_18s_11ns_26_1_1_U40/tmp_product/DSP_PREADD_DATA.A2A1<20>
                         DSP_MULTIPLIER (Prop_DSP_MULTIPLIER_A2A1[20]_U[25])
                                                      0.505     2.105 f  grp_softmax_stable_ap_fixed_ap_fixed_16_6_5_3_0_softmax_config7_s_fu_127/mul_18s_11ns_26_1_1_U40/tmp_product/DSP_MULTIPLIER_INST/U[25]
                         net (fo=1, unplaced)         0.000     2.105    grp_softmax_stable_ap_fixed_ap_fixed_16_6_5_3_0_softmax_config7_s_fu_127/mul_18s_11ns_26_1_1_U40/tmp_product/DSP_MULTIPLIER.U<25>
                         DSP_M_DATA (Prop_DSP_M_DATA_U[25]_U_DATA[25])
                                                      0.047     2.152 r  grp_softmax_stable_ap_fixed_ap_fixed_16_6_5_3_0_softmax_config7_s_fu_127/mul_18s_11ns_26_1_1_U40/tmp_product/DSP_M_DATA_INST/U_DATA[25]
                         net (fo=1, unplaced)         0.000     2.152    grp_softmax_stable_ap_fixed_ap_fixed_16_6_5_3_0_softmax_config7_s_fu_127/mul_18s_11ns_26_1_1_U40/tmp_product/DSP_M_DATA.U_DATA<25>
                         DSP_ALU (Prop_DSP_ALU_U_DATA[25]_ALU_OUT[25])
                                                      0.585     2.737 f  grp_softmax_stable_ap_fixed_ap_fixed_16_6_5_3_0_softmax_config7_s_fu_127/mul_18s_11ns_26_1_1_U40/tmp_product/DSP_ALU_INST/ALU_OUT[25]
                         net (fo=1, unplaced)         0.000     2.737    grp_softmax_stable_ap_fixed_ap_fixed_16_6_5_3_0_softmax_config7_s_fu_127/mul_18s_11ns_26_1_1_U40/tmp_product/DSP_ALU.ALU_OUT<25>
                         DSP_OUTPUT (Prop_DSP_OUTPUT_ALU_OUT[25]_P[25])
                                                      0.109     2.846 r  grp_softmax_stable_ap_fixed_ap_fixed_16_6_5_3_0_softmax_config7_s_fu_127/mul_18s_11ns_26_1_1_U40/tmp_product/DSP_OUTPUT_INST/P[25]
                         net (fo=0)                   0.000     2.846    layer7_out_0[15]
                                                                      r  layer7_out_0[15] (OUT)
  -------------------------------------------------------------------    -------------------

Slack:                    inf
  Source:                 grp_softmax_stable_ap_fixed_ap_fixed_16_6_5_3_0_softmax_config7_s_fu_127/invert_table_U/q0_reg/CLKARDCLK
                            (rising edge-triggered cell RAMB18E2 clocked by ap_clk  {rise@0.000ns fall@5.000ns period=10.000ns})
  Destination:            layer7_out_1[11]
                            (output port)
  Path Group:             (none)
  Path Type:              Max at Slow Process Corner
  Data Path Delay:        2.770ns  (logic 2.394ns (86.426%)  route 0.376ns (13.574%))
  Logic Levels:           6  (DSP_A_B_DATA=1 DSP_ALU=1 DSP_M_DATA=1 DSP_MULTIPLIER=1 DSP_OUTPUT=1 DSP_PREADD_DATA=1)
  Clock Uncertainty:      0.025ns  ((TSJ^2 + TIJ^2)^1/2 + DJ) / 2 + PE
    Total System Jitter     (TSJ):    0.050ns
    Total Input Jitter      (TIJ):    0.000ns
    Discrete Jitter          (DJ):    0.000ns
    Phase Error              (PE):    0.000ns

    Location             Delay type                Incr(ns)  Path(ns)    Netlist Resource(s)
  -------------------------------------------------------------------    -------------------
                         (clock ap_clk rise edge)     0.000     0.000 r  
                                                      0.000     0.000 r  ap_clk (IN)
                         net (fo=2571, unset)         0.076     0.076    grp_softmax_stable_ap_fixed_ap_fixed_16_6_5_3_0_softmax_config7_s_fu_127/invert_table_U/ap_clk
                         RAMB18E2                                     r  grp_softmax_stable_ap_fixed_ap_fixed_16_6_5_3_0_softmax_config7_s_fu_127/invert_table_U/q0_reg/CLKARDCLK
  -------------------------------------------------------------------    -------------------
                         RAMB18E2 (Prop_RAMB18E2_CLKARDCLK_DOUTADOUT[14])
                                                      0.880     0.956 f  grp_softmax_stable_ap_fixed_ap_fixed_16_6_5_3_0_softmax_config7_s_fu_127/invert_table_U/q0_reg/DOUTADOUT[14]
                         net (fo=39, unplaced)        0.376     1.332    grp_softmax_stable_ap_fixed_ap_fixed_16_6_5_3_0_softmax_config7_s_fu_127/mul_18s_11ns_26_1_1_U41/tmp_product/A[20]
                         DSP_A_B_DATA (Prop_DSP_A_B_DATA_A[20]_A2_DATA[20])
                                                      0.192     1.524 r  grp_softmax_stable_ap_fixed_ap_fixed_16_6_5_3_0_softmax_config7_s_fu_127/mul_18s_11ns_26_1_1_U41/tmp_product/DSP_A_B_DATA_INST/A2_DATA[20]
                         net (fo=1, unplaced)         0.000     1.524    grp_softmax_stable_ap_fixed_ap_fixed_16_6_5_3_0_softmax_config7_s_fu_127/mul_18s_11ns_26_1_1_U41/tmp_product/DSP_A_B_DATA.A2_DATA<20>
                         DSP_PREADD_DATA (Prop_DSP_PREADD_DATA_A2_DATA[20]_A2A1[20])
                                                      0.076     1.600 r  grp_softmax_stable_ap_fixed_ap_fixed_16_6_5_3_0_softmax_config7_s_fu_127/mul_18s_11ns_26_1_1_U41/tmp_product/DSP_PREADD_DATA_INST/A2A1[20]
                         net (fo=1, unplaced)         0.000     1.600    grp_softmax_stable_ap_fixed_ap_fixed_16_6_5_3_0_softmax_config7_s_fu_127/mul_18s_11ns_26_1_1_U41/tmp_product/DSP_PREADD_DATA.A2A1<20>
                         DSP_MULTIPLIER (Prop_DSP_MULTIPLIER_A2A1[20]_U[21])
                                                      0.505     2.105 f  grp_softmax_stable_ap_fixed_ap_fixed_16_6_5_3_0_softmax_config7_s_fu_127/mul_18s_11ns_26_1_1_U41/tmp_product/DSP_MULTIPLIER_INST/U[21]
                         net (fo=1, unplaced)         0.000     2.105    grp_softmax_stable_ap_fixed_ap_fixed_16_6_5_3_0_softmax_config7_s_fu_127/mul_18s_11ns_26_1_1_U41/tmp_product/DSP_MULTIPLIER.U<21>
                         DSP_M_DATA (Prop_DSP_M_DATA_U[21]_U_DATA[21])
                                                      0.047     2.152 r  grp_softmax_stable_ap_fixed_ap_fixed_16_6_5_3_0_softmax_config7_s_fu_127/mul_18s_11ns_26_1_1_U41/tmp_product/DSP_M_DATA_INST/U_DATA[21]
                         net (fo=1, unplaced)         0.000     2.152    grp_softmax_stable_ap_fixed_ap_fixed_16_6_5_3_0_softmax_config7_s_fu_127/mul_18s_11ns_26_1_1_U41/tmp_product/DSP_M_DATA.U_DATA<21>
                         DSP_ALU (Prop_DSP_ALU_U_DATA[21]_ALU_OUT[21])
                                                      0.585     2.737 f  grp_softmax_stable_ap_fixed_ap_fixed_16_6_5_3_0_softmax_config7_s_fu_127/mul_18s_11ns_26_1_1_U41/tmp_product/DSP_ALU_INST/ALU_OUT[21]
                         net (fo=1, unplaced)         0.000     2.737    grp_softmax_stable_ap_fixed_ap_fixed_16_6_5_3_0_softmax_config7_s_fu_127/mul_18s_11ns_26_1_1_U41/tmp_product/DSP_ALU.ALU_OUT<21>
                         DSP_OUTPUT (Prop_DSP_OUTPUT_ALU_OUT[21]_P[21])
                                                      0.109     2.846 r  grp_softmax_stable_ap_fixed_ap_fixed_16_6_5_3_0_softmax_config7_s_fu_127/mul_18s_11ns_26_1_1_U41/tmp_product/DSP_OUTPUT_INST/P[21]
                         net (fo=0)                   0.000     2.846    layer7_out_1[11]
                                                                      r  layer7_out_1[11] (OUT)
  -------------------------------------------------------------------    -------------------

Slack:                    inf
  Source:                 grp_softmax_stable_ap_fixed_ap_fixed_16_6_5_3_0_softmax_config7_s_fu_127/invert_table_U/q0_reg/CLKARDCLK
                            (rising edge-triggered cell RAMB18E2 clocked by ap_clk  {rise@0.000ns fall@5.000ns period=10.000ns})
  Destination:            layer7_out_1[12]
                            (output port)
  Path Group:             (none)
  Path Type:              Max at Slow Process Corner
  Data Path Delay:        2.770ns  (logic 2.394ns (86.426%)  route 0.376ns (13.574%))
  Logic Levels:           6  (DSP_A_B_DATA=1 DSP_ALU=1 DSP_M_DATA=1 DSP_MULTIPLIER=1 DSP_OUTPUT=1 DSP_PREADD_DATA=1)
  Clock Uncertainty:      0.025ns  ((TSJ^2 + TIJ^2)^1/2 + DJ) / 2 + PE
    Total System Jitter     (TSJ):    0.050ns
    Total Input Jitter      (TIJ):    0.000ns
    Discrete Jitter          (DJ):    0.000ns
    Phase Error              (PE):    0.000ns

    Location             Delay type                Incr(ns)  Path(ns)    Netlist Resource(s)
  -------------------------------------------------------------------    -------------------
                         (clock ap_clk rise edge)     0.000     0.000 r  
                                                      0.000     0.000 r  ap_clk (IN)
                         net (fo=2571, unset)         0.076     0.076    grp_softmax_stable_ap_fixed_ap_fixed_16_6_5_3_0_softmax_config7_s_fu_127/invert_table_U/ap_clk
                         RAMB18E2                                     r  grp_softmax_stable_ap_fixed_ap_fixed_16_6_5_3_0_softmax_config7_s_fu_127/invert_table_U/q0_reg/CLKARDCLK
  -------------------------------------------------------------------    -------------------
                         RAMB18E2 (Prop_RAMB18E2_CLKARDCLK_DOUTADOUT[14])
                                                      0.880     0.956 f  grp_softmax_stable_ap_fixed_ap_fixed_16_6_5_3_0_softmax_config7_s_fu_127/invert_table_U/q0_reg/DOUTADOUT[14]
                         net (fo=39, unplaced)        0.376     1.332    grp_softmax_stable_ap_fixed_ap_fixed_16_6_5_3_0_softmax_config7_s_fu_127/mul_18s_11ns_26_1_1_U41/tmp_product/A[20]
                         DSP_A_B_DATA (Prop_DSP_A_B_DATA_A[20]_A2_DATA[20])
                                                      0.192     1.524 r  grp_softmax_stable_ap_fixed_ap_fixed_16_6_5_3_0_softmax_config7_s_fu_127/mul_18s_11ns_26_1_1_U41/tmp_product/DSP_A_B_DATA_INST/A2_DATA[20]
                         net (fo=1, unplaced)         0.000     1.524    grp_softmax_stable_ap_fixed_ap_fixed_16_6_5_3_0_softmax_config7_s_fu_127/mul_18s_11ns_26_1_1_U41/tmp_product/DSP_A_B_DATA.A2_DATA<20>
                         DSP_PREADD_DATA (Prop_DSP_PREADD_DATA_A2_DATA[20]_A2A1[20])
                                                      0.076     1.600 r  grp_softmax_stable_ap_fixed_ap_fixed_16_6_5_3_0_softmax_config7_s_fu_127/mul_18s_11ns_26_1_1_U41/tmp_product/DSP_PREADD_DATA_INST/A2A1[20]
                         net (fo=1, unplaced)         0.000     1.600    grp_softmax_stable_ap_fixed_ap_fixed_16_6_5_3_0_softmax_config7_s_fu_127/mul_18s_11ns_26_1_1_U41/tmp_product/DSP_PREADD_DATA.A2A1<20>
                         DSP_MULTIPLIER (Prop_DSP_MULTIPLIER_A2A1[20]_U[22])
                                                      0.505     2.105 f  grp_softmax_stable_ap_fixed_ap_fixed_16_6_5_3_0_softmax_config7_s_fu_127/mul_18s_11ns_26_1_1_U41/tmp_product/DSP_MULTIPLIER_INST/U[22]
                         net (fo=1, unplaced)         0.000     2.105    grp_softmax_stable_ap_fixed_ap_fixed_16_6_5_3_0_softmax_config7_s_fu_127/mul_18s_11ns_26_1_1_U41/tmp_product/DSP_MULTIPLIER.U<22>
                         DSP_M_DATA (Prop_DSP_M_DATA_U[22]_U_DATA[22])
                                                      0.047     2.152 r  grp_softmax_stable_ap_fixed_ap_fixed_16_6_5_3_0_softmax_config7_s_fu_127/mul_18s_11ns_26_1_1_U41/tmp_product/DSP_M_DATA_INST/U_DATA[22]
                         net (fo=1, unplaced)         0.000     2.152    grp_softmax_stable_ap_fixed_ap_fixed_16_6_5_3_0_softmax_config7_s_fu_127/mul_18s_11ns_26_1_1_U41/tmp_product/DSP_M_DATA.U_DATA<22>
                         DSP_ALU (Prop_DSP_ALU_U_DATA[22]_ALU_OUT[22])
                                                      0.585     2.737 f  grp_softmax_stable_ap_fixed_ap_fixed_16_6_5_3_0_softmax_config7_s_fu_127/mul_18s_11ns_26_1_1_U41/tmp_product/DSP_ALU_INST/ALU_OUT[22]
                         net (fo=1, unplaced)         0.000     2.737    grp_softmax_stable_ap_fixed_ap_fixed_16_6_5_3_0_softmax_config7_s_fu_127/mul_18s_11ns_26_1_1_U41/tmp_product/DSP_ALU.ALU_OUT<22>
                         DSP_OUTPUT (Prop_DSP_OUTPUT_ALU_OUT[22]_P[22])
                                                      0.109     2.846 r  grp_softmax_stable_ap_fixed_ap_fixed_16_6_5_3_0_softmax_config7_s_fu_127/mul_18s_11ns_26_1_1_U41/tmp_product/DSP_OUTPUT_INST/P[22]
                         net (fo=0)                   0.000     2.846    layer7_out_1[12]
                                                                      r  layer7_out_1[12] (OUT)
  -------------------------------------------------------------------    -------------------

Slack:                    inf
  Source:                 grp_softmax_stable_ap_fixed_ap_fixed_16_6_5_3_0_softmax_config7_s_fu_127/invert_table_U/q0_reg/CLKARDCLK
                            (rising edge-triggered cell RAMB18E2 clocked by ap_clk  {rise@0.000ns fall@5.000ns period=10.000ns})
  Destination:            layer7_out_1[13]
                            (output port)
  Path Group:             (none)
  Path Type:              Max at Slow Process Corner
  Data Path Delay:        2.770ns  (logic 2.394ns (86.426%)  route 0.376ns (13.574%))
  Logic Levels:           6  (DSP_A_B_DATA=1 DSP_ALU=1 DSP_M_DATA=1 DSP_MULTIPLIER=1 DSP_OUTPUT=1 DSP_PREADD_DATA=1)
  Clock Uncertainty:      0.025ns  ((TSJ^2 + TIJ^2)^1/2 + DJ) / 2 + PE
    Total System Jitter     (TSJ):    0.050ns
    Total Input Jitter      (TIJ):    0.000ns
    Discrete Jitter          (DJ):    0.000ns
    Phase Error              (PE):    0.000ns

    Location             Delay type                Incr(ns)  Path(ns)    Netlist Resource(s)
  -------------------------------------------------------------------    -------------------
                         (clock ap_clk rise edge)     0.000     0.000 r  
                                                      0.000     0.000 r  ap_clk (IN)
                         net (fo=2571, unset)         0.076     0.076    grp_softmax_stable_ap_fixed_ap_fixed_16_6_5_3_0_softmax_config7_s_fu_127/invert_table_U/ap_clk
                         RAMB18E2                                     r  grp_softmax_stable_ap_fixed_ap_fixed_16_6_5_3_0_softmax_config7_s_fu_127/invert_table_U/q0_reg/CLKARDCLK
  -------------------------------------------------------------------    -------------------
                         RAMB18E2 (Prop_RAMB18E2_CLKARDCLK_DOUTADOUT[14])
                                                      0.880     0.956 f  grp_softmax_stable_ap_fixed_ap_fixed_16_6_5_3_0_softmax_config7_s_fu_127/invert_table_U/q0_reg/DOUTADOUT[14]
                         net (fo=39, unplaced)        0.376     1.332    grp_softmax_stable_ap_fixed_ap_fixed_16_6_5_3_0_softmax_config7_s_fu_127/mul_18s_11ns_26_1_1_U41/tmp_product/A[20]
                         DSP_A_B_DATA (Prop_DSP_A_B_DATA_A[20]_A2_DATA[20])
                                                      0.192     1.524 r  grp_softmax_stable_ap_fixed_ap_fixed_16_6_5_3_0_softmax_config7_s_fu_127/mul_18s_11ns_26_1_1_U41/tmp_product/DSP_A_B_DATA_INST/A2_DATA[20]
                         net (fo=1, unplaced)         0.000     1.524    grp_softmax_stable_ap_fixed_ap_fixed_16_6_5_3_0_softmax_config7_s_fu_127/mul_18s_11ns_26_1_1_U41/tmp_product/DSP_A_B_DATA.A2_DATA<20>
                         DSP_PREADD_DATA (Prop_DSP_PREADD_DATA_A2_DATA[20]_A2A1[20])
                                                      0.076     1.600 r  grp_softmax_stable_ap_fixed_ap_fixed_16_6_5_3_0_softmax_config7_s_fu_127/mul_18s_11ns_26_1_1_U41/tmp_product/DSP_PREADD_DATA_INST/A2A1[20]
                         net (fo=1, unplaced)         0.000     1.600    grp_softmax_stable_ap_fixed_ap_fixed_16_6_5_3_0_softmax_config7_s_fu_127/mul_18s_11ns_26_1_1_U41/tmp_product/DSP_PREADD_DATA.A2A1<20>
                         DSP_MULTIPLIER (Prop_DSP_MULTIPLIER_A2A1[20]_U[23])
                                                      0.505     2.105 f  grp_softmax_stable_ap_fixed_ap_fixed_16_6_5_3_0_softmax_config7_s_fu_127/mul_18s_11ns_26_1_1_U41/tmp_product/DSP_MULTIPLIER_INST/U[23]
                         net (fo=1, unplaced)         0.000     2.105    grp_softmax_stable_ap_fixed_ap_fixed_16_6_5_3_0_softmax_config7_s_fu_127/mul_18s_11ns_26_1_1_U41/tmp_product/DSP_MULTIPLIER.U<23>
                         DSP_M_DATA (Prop_DSP_M_DATA_U[23]_U_DATA[23])
                                                      0.047     2.152 r  grp_softmax_stable_ap_fixed_ap_fixed_16_6_5_3_0_softmax_config7_s_fu_127/mul_18s_11ns_26_1_1_U41/tmp_product/DSP_M_DATA_INST/U_DATA[23]
                         net (fo=1, unplaced)         0.000     2.152    grp_softmax_stable_ap_fixed_ap_fixed_16_6_5_3_0_softmax_config7_s_fu_127/mul_18s_11ns_26_1_1_U41/tmp_product/DSP_M_DATA.U_DATA<23>
                         DSP_ALU (Prop_DSP_ALU_U_DATA[23]_ALU_OUT[23])
                                                      0.585     2.737 f  grp_softmax_stable_ap_fixed_ap_fixed_16_6_5_3_0_softmax_config7_s_fu_127/mul_18s_11ns_26_1_1_U41/tmp_product/DSP_ALU_INST/ALU_OUT[23]
                         net (fo=1, unplaced)         0.000     2.737    grp_softmax_stable_ap_fixed_ap_fixed_16_6_5_3_0_softmax_config7_s_fu_127/mul_18s_11ns_26_1_1_U41/tmp_product/DSP_ALU.ALU_OUT<23>
                         DSP_OUTPUT (Prop_DSP_OUTPUT_ALU_OUT[23]_P[23])
                                                      0.109     2.846 r  grp_softmax_stable_ap_fixed_ap_fixed_16_6_5_3_0_softmax_config7_s_fu_127/mul_18s_11ns_26_1_1_U41/tmp_product/DSP_OUTPUT_INST/P[23]
                         net (fo=0)                   0.000     2.846    layer7_out_1[13]
                                                                      r  layer7_out_1[13] (OUT)
  -------------------------------------------------------------------    -------------------

Slack:                    inf
  Source:                 grp_softmax_stable_ap_fixed_ap_fixed_16_6_5_3_0_softmax_config7_s_fu_127/invert_table_U/q0_reg/CLKARDCLK
                            (rising edge-triggered cell RAMB18E2 clocked by ap_clk  {rise@0.000ns fall@5.000ns period=10.000ns})
  Destination:            layer7_out_1[14]
                            (output port)
  Path Group:             (none)
  Path Type:              Max at Slow Process Corner
  Data Path Delay:        2.770ns  (logic 2.394ns (86.426%)  route 0.376ns (13.574%))
  Logic Levels:           6  (DSP_A_B_DATA=1 DSP_ALU=1 DSP_M_DATA=1 DSP_MULTIPLIER=1 DSP_OUTPUT=1 DSP_PREADD_DATA=1)
  Clock Uncertainty:      0.025ns  ((TSJ^2 + TIJ^2)^1/2 + DJ) / 2 + PE
    Total System Jitter     (TSJ):    0.050ns
    Total Input Jitter      (TIJ):    0.000ns
    Discrete Jitter          (DJ):    0.000ns
    Phase Error              (PE):    0.000ns

    Location             Delay type                Incr(ns)  Path(ns)    Netlist Resource(s)
  -------------------------------------------------------------------    -------------------
                         (clock ap_clk rise edge)     0.000     0.000 r  
                                                      0.000     0.000 r  ap_clk (IN)
                         net (fo=2571, unset)         0.076     0.076    grp_softmax_stable_ap_fixed_ap_fixed_16_6_5_3_0_softmax_config7_s_fu_127/invert_table_U/ap_clk
                         RAMB18E2                                     r  grp_softmax_stable_ap_fixed_ap_fixed_16_6_5_3_0_softmax_config7_s_fu_127/invert_table_U/q0_reg/CLKARDCLK
  -------------------------------------------------------------------    -------------------
                         RAMB18E2 (Prop_RAMB18E2_CLKARDCLK_DOUTADOUT[14])
                                                      0.880     0.956 f  grp_softmax_stable_ap_fixed_ap_fixed_16_6_5_3_0_softmax_config7_s_fu_127/invert_table_U/q0_reg/DOUTADOUT[14]
                         net (fo=39, unplaced)        0.376     1.332    grp_softmax_stable_ap_fixed_ap_fixed_16_6_5_3_0_softmax_config7_s_fu_127/mul_18s_11ns_26_1_1_U41/tmp_product/A[20]
                         DSP_A_B_DATA (Prop_DSP_A_B_DATA_A[20]_A2_DATA[20])
                                                      0.192     1.524 r  grp_softmax_stable_ap_fixed_ap_fixed_16_6_5_3_0_softmax_config7_s_fu_127/mul_18s_11ns_26_1_1_U41/tmp_product/DSP_A_B_DATA_INST/A2_DATA[20]
                         net (fo=1, unplaced)         0.000     1.524    grp_softmax_stable_ap_fixed_ap_fixed_16_6_5_3_0_softmax_config7_s_fu_127/mul_18s_11ns_26_1_1_U41/tmp_product/DSP_A_B_DATA.A2_DATA<20>
                         DSP_PREADD_DATA (Prop_DSP_PREADD_DATA_A2_DATA[20]_A2A1[20])
                                                      0.076     1.600 r  grp_softmax_stable_ap_fixed_ap_fixed_16_6_5_3_0_softmax_config7_s_fu_127/mul_18s_11ns_26_1_1_U41/tmp_product/DSP_PREADD_DATA_INST/A2A1[20]
                         net (fo=1, unplaced)         0.000     1.600    grp_softmax_stable_ap_fixed_ap_fixed_16_6_5_3_0_softmax_config7_s_fu_127/mul_18s_11ns_26_1_1_U41/tmp_product/DSP_PREADD_DATA.A2A1<20>
                         DSP_MULTIPLIER (Prop_DSP_MULTIPLIER_A2A1[20]_U[24])
                                                      0.505     2.105 f  grp_softmax_stable_ap_fixed_ap_fixed_16_6_5_3_0_softmax_config7_s_fu_127/mul_18s_11ns_26_1_1_U41/tmp_product/DSP_MULTIPLIER_INST/U[24]
                         net (fo=1, unplaced)         0.000     2.105    grp_softmax_stable_ap_fixed_ap_fixed_16_6_5_3_0_softmax_config7_s_fu_127/mul_18s_11ns_26_1_1_U41/tmp_product/DSP_MULTIPLIER.U<24>
                         DSP_M_DATA (Prop_DSP_M_DATA_U[24]_U_DATA[24])
                                                      0.047     2.152 r  grp_softmax_stable_ap_fixed_ap_fixed_16_6_5_3_0_softmax_config7_s_fu_127/mul_18s_11ns_26_1_1_U41/tmp_product/DSP_M_DATA_INST/U_DATA[24]
                         net (fo=1, unplaced)         0.000     2.152    grp_softmax_stable_ap_fixed_ap_fixed_16_6_5_3_0_softmax_config7_s_fu_127/mul_18s_11ns_26_1_1_U41/tmp_product/DSP_M_DATA.U_DATA<24>
                         DSP_ALU (Prop_DSP_ALU_U_DATA[24]_ALU_OUT[24])
                                                      0.585     2.737 f  grp_softmax_stable_ap_fixed_ap_fixed_16_6_5_3_0_softmax_config7_s_fu_127/mul_18s_11ns_26_1_1_U41/tmp_product/DSP_ALU_INST/ALU_OUT[24]
                         net (fo=1, unplaced)         0.000     2.737    grp_softmax_stable_ap_fixed_ap_fixed_16_6_5_3_0_softmax_config7_s_fu_127/mul_18s_11ns_26_1_1_U41/tmp_product/DSP_ALU.ALU_OUT<24>
                         DSP_OUTPUT (Prop_DSP_OUTPUT_ALU_OUT[24]_P[24])
                                                      0.109     2.846 r  grp_softmax_stable_ap_fixed_ap_fixed_16_6_5_3_0_softmax_config7_s_fu_127/mul_18s_11ns_26_1_1_U41/tmp_product/DSP_OUTPUT_INST/P[24]
                         net (fo=0)                   0.000     2.846    layer7_out_1[14]
                                                                      r  layer7_out_1[14] (OUT)
  -------------------------------------------------------------------    -------------------

Slack:                    inf
  Source:                 grp_softmax_stable_ap_fixed_ap_fixed_16_6_5_3_0_softmax_config7_s_fu_127/invert_table_U/q0_reg/CLKARDCLK
                            (rising edge-triggered cell RAMB18E2 clocked by ap_clk  {rise@0.000ns fall@5.000ns period=10.000ns})
  Destination:            layer7_out_1[15]
                            (output port)
  Path Group:             (none)
  Path Type:              Max at Slow Process Corner
  Data Path Delay:        2.770ns  (logic 2.394ns (86.426%)  route 0.376ns (13.574%))
  Logic Levels:           6  (DSP_A_B_DATA=1 DSP_ALU=1 DSP_M_DATA=1 DSP_MULTIPLIER=1 DSP_OUTPUT=1 DSP_PREADD_DATA=1)
  Clock Uncertainty:      0.025ns  ((TSJ^2 + TIJ^2)^1/2 + DJ) / 2 + PE
    Total System Jitter     (TSJ):    0.050ns
    Total Input Jitter      (TIJ):    0.000ns
    Discrete Jitter          (DJ):    0.000ns
    Phase Error              (PE):    0.000ns

    Location             Delay type                Incr(ns)  Path(ns)    Netlist Resource(s)
  -------------------------------------------------------------------    -------------------
                         (clock ap_clk rise edge)     0.000     0.000 r  
                                                      0.000     0.000 r  ap_clk (IN)
                         net (fo=2571, unset)         0.076     0.076    grp_softmax_stable_ap_fixed_ap_fixed_16_6_5_3_0_softmax_config7_s_fu_127/invert_table_U/ap_clk
                         RAMB18E2                                     r  grp_softmax_stable_ap_fixed_ap_fixed_16_6_5_3_0_softmax_config7_s_fu_127/invert_table_U/q0_reg/CLKARDCLK
  -------------------------------------------------------------------    -------------------
                         RAMB18E2 (Prop_RAMB18E2_CLKARDCLK_DOUTADOUT[14])
                                                      0.880     0.956 f  grp_softmax_stable_ap_fixed_ap_fixed_16_6_5_3_0_softmax_config7_s_fu_127/invert_table_U/q0_reg/DOUTADOUT[14]
                         net (fo=39, unplaced)        0.376     1.332    grp_softmax_stable_ap_fixed_ap_fixed_16_6_5_3_0_softmax_config7_s_fu_127/mul_18s_11ns_26_1_1_U41/tmp_product/A[20]
                         DSP_A_B_DATA (Prop_DSP_A_B_DATA_A[20]_A2_DATA[20])
                                                      0.192     1.524 r  grp_softmax_stable_ap_fixed_ap_fixed_16_6_5_3_0_softmax_config7_s_fu_127/mul_18s_11ns_26_1_1_U41/tmp_product/DSP_A_B_DATA_INST/A2_DATA[20]
                         net (fo=1, unplaced)         0.000     1.524    grp_softmax_stable_ap_fixed_ap_fixed_16_6_5_3_0_softmax_config7_s_fu_127/mul_18s_11ns_26_1_1_U41/tmp_product/DSP_A_B_DATA.A2_DATA<20>
                         DSP_PREADD_DATA (Prop_DSP_PREADD_DATA_A2_DATA[20]_A2A1[20])
                                                      0.076     1.600 r  grp_softmax_stable_ap_fixed_ap_fixed_16_6_5_3_0_softmax_config7_s_fu_127/mul_18s_11ns_26_1_1_U41/tmp_product/DSP_PREADD_DATA_INST/A2A1[20]
                         net (fo=1, unplaced)         0.000     1.600    grp_softmax_stable_ap_fixed_ap_fixed_16_6_5_3_0_softmax_config7_s_fu_127/mul_18s_11ns_26_1_1_U41/tmp_product/DSP_PREADD_DATA.A2A1<20>
                         DSP_MULTIPLIER (Prop_DSP_MULTIPLIER_A2A1[20]_U[25])
                                                      0.505     2.105 f  grp_softmax_stable_ap_fixed_ap_fixed_16_6_5_3_0_softmax_config7_s_fu_127/mul_18s_11ns_26_1_1_U41/tmp_product/DSP_MULTIPLIER_INST/U[25]
                         net (fo=1, unplaced)         0.000     2.105    grp_softmax_stable_ap_fixed_ap_fixed_16_6_5_3_0_softmax_config7_s_fu_127/mul_18s_11ns_26_1_1_U41/tmp_product/DSP_MULTIPLIER.U<25>
                         DSP_M_DATA (Prop_DSP_M_DATA_U[25]_U_DATA[25])
                                                      0.047     2.152 r  grp_softmax_stable_ap_fixed_ap_fixed_16_6_5_3_0_softmax_config7_s_fu_127/mul_18s_11ns_26_1_1_U41/tmp_product/DSP_M_DATA_INST/U_DATA[25]
                         net (fo=1, unplaced)         0.000     2.152    grp_softmax_stable_ap_fixed_ap_fixed_16_6_5_3_0_softmax_config7_s_fu_127/mul_18s_11ns_26_1_1_U41/tmp_product/DSP_M_DATA.U_DATA<25>
                         DSP_ALU (Prop_DSP_ALU_U_DATA[25]_ALU_OUT[25])
                                                      0.585     2.737 f  grp_softmax_stable_ap_fixed_ap_fixed_16_6_5_3_0_softmax_config7_s_fu_127/mul_18s_11ns_26_1_1_U41/tmp_product/DSP_ALU_INST/ALU_OUT[25]
                         net (fo=1, unplaced)         0.000     2.737    grp_softmax_stable_ap_fixed_ap_fixed_16_6_5_3_0_softmax_config7_s_fu_127/mul_18s_11ns_26_1_1_U41/tmp_product/DSP_ALU.ALU_OUT<25>
                         DSP_OUTPUT (Prop_DSP_OUTPUT_ALU_OUT[25]_P[25])
                                                      0.109     2.846 r  grp_softmax_stable_ap_fixed_ap_fixed_16_6_5_3_0_softmax_config7_s_fu_127/mul_18s_11ns_26_1_1_U41/tmp_product/DSP_OUTPUT_INST/P[25]
                         net (fo=0)                   0.000     2.846    layer7_out_1[15]
                                                                      r  layer7_out_1[15] (OUT)
  -------------------------------------------------------------------    -------------------





--------------------------------------------------------------------------------------
Path Group:  (none)
From Clock:  
  To Clock:  ap_clk

Max Delay           851 Endpoints
Min Delay             0 Endpoints
--------------------------------------------------------------------------------------


Max Delay Paths
--------------------------------------------------------------------------------------
Slack:                    inf
  Source:                 features[8]
                            (input port)
  Destination:            grp_dense_latency_ap_fixed_16_6_5_3_0_ap_fixed_16_6_5_3_0_config2_s_fu_73/add_ln58_104_reg_938_reg[15]/D
                            (rising edge-triggered cell FDRE clocked by ap_clk  {rise@0.000ns fall@5.000ns period=10.000ns})
  Path Group:             (none)
  Path Type:              Setup (Max at Slow Process Corner)
  Data Path Delay:        3.884ns  (logic 2.368ns (60.968%)  route 1.516ns (39.032%))
  Logic Levels:           16  (CARRY8=3 DSP_A_B_DATA=1 DSP_ALU=1 DSP_M_DATA=1 DSP_MULTIPLIER=1 DSP_OUTPUT=1 DSP_PREADD_DATA=1 LUT1=1 LUT3=1 LUT5=1 LUT6=4)
  Clock Path Skew:        0.021ns (DCD - SCD + CPR)
    Destination Clock Delay (DCD):    0.021ns
    Source Clock Delay      (SCD):    0.000ns
    Clock Pessimism Removal (CPR):    0.000ns
  Clock Uncertainty:      0.025ns  ((TSJ^2 + TIJ^2)^1/2 + DJ) / 2 + PE
    Total System Jitter     (TSJ):    0.050ns
    Total Input Jitter      (TIJ):    0.000ns
    Discrete Jitter          (DJ):    0.000ns
    Phase Error              (PE):    0.000ns

    Location             Delay type                Incr(ns)  Path(ns)    Netlist Resource(s)
  -------------------------------------------------------------------    -------------------
                                                      0.000     0.000 f  features[8] (IN)
                         net (fo=1, unset)            0.000     0.000    grp_dense_latency_ap_fixed_16_6_5_3_0_ap_fixed_16_6_5_3_0_config2_s_fu_73/mul_16s_12s_26_1_1_U1/features[8]
                         LUT3 (Prop_LUT3_I0_O)        0.112     0.112 f  grp_dense_latency_ap_fixed_16_6_5_3_0_ap_fixed_16_6_5_3_0_config2_s_fu_73/mul_16s_12s_26_1_1_U1/a_reg_756[8]_i_1/O
                         net (fo=2, unplaced)         0.140     0.252    grp_dense_latency_ap_fixed_16_6_5_3_0_ap_fixed_16_6_5_3_0_config2_s_fu_73/mul_16s_12s_26_1_1_U1/D[4]
                         LUT6 (Prop_LUT6_I2_O)        0.090     0.342 r  grp_dense_latency_ap_fixed_16_6_5_3_0_ap_fixed_16_6_5_3_0_config2_s_fu_73/mul_16s_12s_26_1_1_U1/tmp_product_i_137/O
                         net (fo=1, unplaced)         0.186     0.528    grp_dense_latency_ap_fixed_16_6_5_3_0_ap_fixed_16_6_5_3_0_config2_s_fu_73/mul_16s_12s_26_1_1_U1/tmp_product_i_137_n_0
                         LUT6 (Prop_LUT6_I0_O)        0.038     0.566 r  grp_dense_latency_ap_fixed_16_6_5_3_0_ap_fixed_16_6_5_3_0_config2_s_fu_73/mul_16s_12s_26_1_1_U1/tmp_product_i_77/O
                         net (fo=1, unplaced)         0.186     0.752    grp_dense_latency_ap_fixed_16_6_5_3_0_ap_fixed_16_6_5_3_0_config2_s_fu_73/mul_16s_12s_26_1_1_U1/tmp_product_i_77_n_0
                         LUT6 (Prop_LUT6_I0_O)        0.038     0.790 f  grp_dense_latency_ap_fixed_16_6_5_3_0_ap_fixed_16_6_5_3_0_config2_s_fu_73/mul_16s_12s_26_1_1_U1/tmp_product_i_20/O
                         net (fo=1, unplaced)         0.228     1.018    grp_dense_latency_ap_fixed_16_6_5_3_0_ap_fixed_16_6_5_3_0_config2_s_fu_73/mul_16s_12s_26_1_1_U1/tmp_product/A[8]
                         DSP_A_B_DATA (Prop_DSP_A_B_DATA_A[8]_A2_DATA[8])
                                                      0.192     1.210 r  grp_dense_latency_ap_fixed_16_6_5_3_0_ap_fixed_16_6_5_3_0_config2_s_fu_73/mul_16s_12s_26_1_1_U1/tmp_product/DSP_A_B_DATA_INST/A2_DATA[8]
                         net (fo=1, unplaced)         0.000     1.210    grp_dense_latency_ap_fixed_16_6_5_3_0_ap_fixed_16_6_5_3_0_config2_s_fu_73/mul_16s_12s_26_1_1_U1/tmp_product/DSP_A_B_DATA.A2_DATA<8>
                         DSP_PREADD_DATA (Prop_DSP_PREADD_DATA_A2_DATA[8]_A2A1[8])
                                                      0.076     1.286 r  grp_dense_latency_ap_fixed_16_6_5_3_0_ap_fixed_16_6_5_3_0_config2_s_fu_73/mul_16s_12s_26_1_1_U1/tmp_product/DSP_PREADD_DATA_INST/A2A1[8]
                         net (fo=1, unplaced)         0.000     1.286    grp_dense_latency_ap_fixed_16_6_5_3_0_ap_fixed_16_6_5_3_0_config2_s_fu_73/mul_16s_12s_26_1_1_U1/tmp_product/DSP_PREADD_DATA.A2A1<8>
                         DSP_MULTIPLIER (Prop_DSP_MULTIPLIER_A2A1[8]_U[13])
                                                      0.505     1.791 f  grp_dense_latency_ap_fixed_16_6_5_3_0_ap_fixed_16_6_5_3_0_config2_s_fu_73/mul_16s_12s_26_1_1_U1/tmp_product/DSP_MULTIPLIER_INST/U[13]
                         net (fo=1, unplaced)         0.000     1.791    grp_dense_latency_ap_fixed_16_6_5_3_0_ap_fixed_16_6_5_3_0_config2_s_fu_73/mul_16s_12s_26_1_1_U1/tmp_product/DSP_MULTIPLIER.U<13>
                         DSP_M_DATA (Prop_DSP_M_DATA_U[13]_U_DATA[13])
                                                      0.047     1.838 r  grp_dense_latency_ap_fixed_16_6_5_3_0_ap_fixed_16_6_5_3_0_config2_s_fu_73/mul_16s_12s_26_1_1_U1/tmp_product/DSP_M_DATA_INST/U_DATA[13]
                         net (fo=1, unplaced)         0.000     1.838    grp_dense_latency_ap_fixed_16_6_5_3_0_ap_fixed_16_6_5_3_0_config2_s_fu_73/mul_16s_12s_26_1_1_U1/tmp_product/DSP_M_DATA.U_DATA<13>
                         DSP_ALU (Prop_DSP_ALU_U_DATA[13]_ALU_OUT[13])
                                                      0.585     2.423 r  grp_dense_latency_ap_fixed_16_6_5_3_0_ap_fixed_16_6_5_3_0_config2_s_fu_73/mul_16s_12s_26_1_1_U1/tmp_product/DSP_ALU_INST/ALU_OUT[13]
                         net (fo=1, unplaced)         0.000     2.423    grp_dense_latency_ap_fixed_16_6_5_3_0_ap_fixed_16_6_5_3_0_config2_s_fu_73/mul_16s_12s_26_1_1_U1/tmp_product/DSP_ALU.ALU_OUT<13>
                         DSP_OUTPUT (Prop_DSP_OUTPUT_ALU_OUT[13]_P[13])
                                                      0.109     2.532 f  grp_dense_latency_ap_fixed_16_6_5_3_0_ap_fixed_16_6_5_3_0_config2_s_fu_73/mul_16s_12s_26_1_1_U1/tmp_product/DSP_OUTPUT_INST/P[13]
                         net (fo=43, unplaced)        0.318     2.850    grp_dense_latency_ap_fixed_16_6_5_3_0_ap_fixed_16_6_5_3_0_config2_s_fu_73/mul_16s_12s_26_1_1_U1/P[3]
                         LUT1 (Prop_LUT1_I0_O)        0.037     2.887 r  grp_dense_latency_ap_fixed_16_6_5_3_0_ap_fixed_16_6_5_3_0_config2_s_fu_73/mul_16s_12s_26_1_1_U1/add_ln58_104_reg_938[7]_i_25/O
                         net (fo=1, unplaced)         0.032     2.919    grp_dense_latency_ap_fixed_16_6_5_3_0_ap_fixed_16_6_5_3_0_config2_s_fu_73/mul_16s_12s_26_1_1_U1/add_ln58_104_reg_938[7]_i_25_n_0
                         CARRY8 (Prop_CARRY8_S[3]_CO[7])
                                                      0.170     3.089 r  grp_dense_latency_ap_fixed_16_6_5_3_0_ap_fixed_16_6_5_3_0_config2_s_fu_73/mul_16s_12s_26_1_1_U1/add_ln58_104_reg_938_reg[7]_i_9/CO[7]
                         net (fo=1, unplaced)         0.005     3.094    grp_dense_latency_ap_fixed_16_6_5_3_0_ap_fixed_16_6_5_3_0_config2_s_fu_73/mul_16s_12s_26_1_1_U1/add_ln58_104_reg_938_reg[7]_i_9_n_0
                         CARRY8 (Prop_CARRY8_CI_O[0])
                                                      0.056     3.150 r  grp_dense_latency_ap_fixed_16_6_5_3_0_ap_fixed_16_6_5_3_0_config2_s_fu_73/mul_16s_12s_26_1_1_U1/add_ln58_104_reg_938_reg[15]_i_17/O[0]
                         net (fo=2, unplaced)         0.186     3.336    grp_dense_latency_ap_fixed_16_6_5_3_0_ap_fixed_16_6_5_3_0_config2_s_fu_73/mul_16s_12s_26_1_1_U1/sext_ln58_6_fu_588_p1[8]
                         LUT5 (Prop_LUT5_I3_O)        0.038     3.374 r  grp_dense_latency_ap_fixed_16_6_5_3_0_ap_fixed_16_6_5_3_0_config2_s_fu_73/mul_16s_12s_26_1_1_U1/add_ln58_104_reg_938[15]_i_7/O
                         net (fo=2, unplaced)         0.186     3.560    grp_dense_latency_ap_fixed_16_6_5_3_0_ap_fixed_16_6_5_3_0_config2_s_fu_73/mul_16s_12s_26_1_1_U1/add_ln58_104_reg_938[15]_i_7_n_0
                         LUT6 (Prop_LUT6_I0_O)        0.037     3.597 r  grp_dense_latency_ap_fixed_16_6_5_3_0_ap_fixed_16_6_5_3_0_config2_s_fu_73/mul_16s_12s_26_1_1_U1/add_ln58_104_reg_938[15]_i_15/O
                         net (fo=1, unplaced)         0.023     3.620    grp_dense_latency_ap_fixed_16_6_5_3_0_ap_fixed_16_6_5_3_0_config2_s_fu_73/mul_16s_12s_26_1_1_U1/add_ln58_104_reg_938[15]_i_15_n_0
                         CARRY8 (Prop_CARRY8_S[1]_O[7])
                                                      0.238     3.858 r  grp_dense_latency_ap_fixed_16_6_5_3_0_ap_fixed_16_6_5_3_0_config2_s_fu_73/mul_16s_12s_26_1_1_U1/add_ln58_104_reg_938_reg[15]_i_1/O[7]
                         net (fo=1, unplaced)         0.026     3.884    grp_dense_latency_ap_fixed_16_6_5_3_0_ap_fixed_16_6_5_3_0_config2_s_fu_73/add_ln58_104_fu_597_p2[15]
                         FDRE                                         r  grp_dense_latency_ap_fixed_16_6_5_3_0_ap_fixed_16_6_5_3_0_config2_s_fu_73/add_ln58_104_reg_938_reg[15]/D
  -------------------------------------------------------------------    -------------------

                         (clock ap_clk rise edge)     0.000     0.000 r  
                                                      0.000     0.000 r  ap_clk (IN)
                         net (fo=2571, unset)         0.021     0.021    grp_dense_latency_ap_fixed_16_6_5_3_0_ap_fixed_16_6_5_3_0_config2_s_fu_73/ap_clk
                         FDRE                                         r  grp_dense_latency_ap_fixed_16_6_5_3_0_ap_fixed_16_6_5_3_0_config2_s_fu_73/add_ln58_104_reg_938_reg[15]/C

Slack:                    inf
  Source:                 features[8]
                            (input port)
  Destination:            grp_dense_latency_ap_fixed_16_6_5_3_0_ap_fixed_16_6_5_3_0_config2_s_fu_73/add_ln58_104_reg_938_reg[13]/D
                            (rising edge-triggered cell FDRE clocked by ap_clk  {rise@0.000ns fall@5.000ns period=10.000ns})
  Path Group:             (none)
  Path Type:              Setup (Max at Slow Process Corner)
  Data Path Delay:        3.882ns  (logic 2.367ns (60.974%)  route 1.515ns (39.026%))
  Logic Levels:           16  (CARRY8=3 DSP_A_B_DATA=1 DSP_ALU=1 DSP_M_DATA=1 DSP_MULTIPLIER=1 DSP_OUTPUT=1 DSP_PREADD_DATA=1 LUT1=1 LUT3=1 LUT5=1 LUT6=4)
  Clock Path Skew:        0.021ns (DCD - SCD + CPR)
    Destination Clock Delay (DCD):    0.021ns
    Source Clock Delay      (SCD):    0.000ns
    Clock Pessimism Removal (CPR):    0.000ns
  Clock Uncertainty:      0.025ns  ((TSJ^2 + TIJ^2)^1/2 + DJ) / 2 + PE
    Total System Jitter     (TSJ):    0.050ns
    Total Input Jitter      (TIJ):    0.000ns
    Discrete Jitter          (DJ):    0.000ns
    Phase Error              (PE):    0.000ns

    Location             Delay type                Incr(ns)  Path(ns)    Netlist Resource(s)
  -------------------------------------------------------------------    -------------------
                                                      0.000     0.000 f  features[8] (IN)
                         net (fo=1, unset)            0.000     0.000    grp_dense_latency_ap_fixed_16_6_5_3_0_ap_fixed_16_6_5_3_0_config2_s_fu_73/mul_16s_12s_26_1_1_U1/features[8]
                         LUT3 (Prop_LUT3_I0_O)        0.112     0.112 f  grp_dense_latency_ap_fixed_16_6_5_3_0_ap_fixed_16_6_5_3_0_config2_s_fu_73/mul_16s_12s_26_1_1_U1/a_reg_756[8]_i_1/O
                         net (fo=2, unplaced)         0.140     0.252    grp_dense_latency_ap_fixed_16_6_5_3_0_ap_fixed_16_6_5_3_0_config2_s_fu_73/mul_16s_12s_26_1_1_U1/D[4]
                         LUT6 (Prop_LUT6_I2_O)        0.090     0.342 r  grp_dense_latency_ap_fixed_16_6_5_3_0_ap_fixed_16_6_5_3_0_config2_s_fu_73/mul_16s_12s_26_1_1_U1/tmp_product_i_137/O
                         net (fo=1, unplaced)         0.186     0.528    grp_dense_latency_ap_fixed_16_6_5_3_0_ap_fixed_16_6_5_3_0_config2_s_fu_73/mul_16s_12s_26_1_1_U1/tmp_product_i_137_n_0
                         LUT6 (Prop_LUT6_I0_O)        0.038     0.566 r  grp_dense_latency_ap_fixed_16_6_5_3_0_ap_fixed_16_6_5_3_0_config2_s_fu_73/mul_16s_12s_26_1_1_U1/tmp_product_i_77/O
                         net (fo=1, unplaced)         0.186     0.752    grp_dense_latency_ap_fixed_16_6_5_3_0_ap_fixed_16_6_5_3_0_config2_s_fu_73/mul_16s_12s_26_1_1_U1/tmp_product_i_77_n_0
                         LUT6 (Prop_LUT6_I0_O)        0.038     0.790 f  grp_dense_latency_ap_fixed_16_6_5_3_0_ap_fixed_16_6_5_3_0_config2_s_fu_73/mul_16s_12s_26_1_1_U1/tmp_product_i_20/O
                         net (fo=1, unplaced)         0.228     1.018    grp_dense_latency_ap_fixed_16_6_5_3_0_ap_fixed_16_6_5_3_0_config2_s_fu_73/mul_16s_12s_26_1_1_U1/tmp_product/A[8]
                         DSP_A_B_DATA (Prop_DSP_A_B_DATA_A[8]_A2_DATA[8])
                                                      0.192     1.210 r  grp_dense_latency_ap_fixed_16_6_5_3_0_ap_fixed_16_6_5_3_0_config2_s_fu_73/mul_16s_12s_26_1_1_U1/tmp_product/DSP_A_B_DATA_INST/A2_DATA[8]
                         net (fo=1, unplaced)         0.000     1.210    grp_dense_latency_ap_fixed_16_6_5_3_0_ap_fixed_16_6_5_3_0_config2_s_fu_73/mul_16s_12s_26_1_1_U1/tmp_product/DSP_A_B_DATA.A2_DATA<8>
                         DSP_PREADD_DATA (Prop_DSP_PREADD_DATA_A2_DATA[8]_A2A1[8])
                                                      0.076     1.286 r  grp_dense_latency_ap_fixed_16_6_5_3_0_ap_fixed_16_6_5_3_0_config2_s_fu_73/mul_16s_12s_26_1_1_U1/tmp_product/DSP_PREADD_DATA_INST/A2A1[8]
                         net (fo=1, unplaced)         0.000     1.286    grp_dense_latency_ap_fixed_16_6_5_3_0_ap_fixed_16_6_5_3_0_config2_s_fu_73/mul_16s_12s_26_1_1_U1/tmp_product/DSP_PREADD_DATA.A2A1<8>
                         DSP_MULTIPLIER (Prop_DSP_MULTIPLIER_A2A1[8]_U[13])
                                                      0.505     1.791 f  grp_dense_latency_ap_fixed_16_6_5_3_0_ap_fixed_16_6_5_3_0_config2_s_fu_73/mul_16s_12s_26_1_1_U1/tmp_product/DSP_MULTIPLIER_INST/U[13]
                         net (fo=1, unplaced)         0.000     1.791    grp_dense_latency_ap_fixed_16_6_5_3_0_ap_fixed_16_6_5_3_0_config2_s_fu_73/mul_16s_12s_26_1_1_U1/tmp_product/DSP_MULTIPLIER.U<13>
                         DSP_M_DATA (Prop_DSP_M_DATA_U[13]_U_DATA[13])
                                                      0.047     1.838 r  grp_dense_latency_ap_fixed_16_6_5_3_0_ap_fixed_16_6_5_3_0_config2_s_fu_73/mul_16s_12s_26_1_1_U1/tmp_product/DSP_M_DATA_INST/U_DATA[13]
                         net (fo=1, unplaced)         0.000     1.838    grp_dense_latency_ap_fixed_16_6_5_3_0_ap_fixed_16_6_5_3_0_config2_s_fu_73/mul_16s_12s_26_1_1_U1/tmp_product/DSP_M_DATA.U_DATA<13>
                         DSP_ALU (Prop_DSP_ALU_U_DATA[13]_ALU_OUT[13])
                                                      0.585     2.423 r  grp_dense_latency_ap_fixed_16_6_5_3_0_ap_fixed_16_6_5_3_0_config2_s_fu_73/mul_16s_12s_26_1_1_U1/tmp_product/DSP_ALU_INST/ALU_OUT[13]
                         net (fo=1, unplaced)         0.000     2.423    grp_dense_latency_ap_fixed_16_6_5_3_0_ap_fixed_16_6_5_3_0_config2_s_fu_73/mul_16s_12s_26_1_1_U1/tmp_product/DSP_ALU.ALU_OUT<13>
                         DSP_OUTPUT (Prop_DSP_OUTPUT_ALU_OUT[13]_P[13])
                                                      0.109     2.532 f  grp_dense_latency_ap_fixed_16_6_5_3_0_ap_fixed_16_6_5_3_0_config2_s_fu_73/mul_16s_12s_26_1_1_U1/tmp_product/DSP_OUTPUT_INST/P[13]
                         net (fo=43, unplaced)        0.318     2.850    grp_dense_latency_ap_fixed_16_6_5_3_0_ap_fixed_16_6_5_3_0_config2_s_fu_73/mul_16s_12s_26_1_1_U1/P[3]
                         LUT1 (Prop_LUT1_I0_O)        0.037     2.887 r  grp_dense_latency_ap_fixed_16_6_5_3_0_ap_fixed_16_6_5_3_0_config2_s_fu_73/mul_16s_12s_26_1_1_U1/add_ln58_104_reg_938[7]_i_25/O
                         net (fo=1, unplaced)         0.032     2.919    grp_dense_latency_ap_fixed_16_6_5_3_0_ap_fixed_16_6_5_3_0_config2_s_fu_73/mul_16s_12s_26_1_1_U1/add_ln58_104_reg_938[7]_i_25_n_0
                         CARRY8 (Prop_CARRY8_S[3]_CO[7])
                                                      0.170     3.089 r  grp_dense_latency_ap_fixed_16_6_5_3_0_ap_fixed_16_6_5_3_0_config2_s_fu_73/mul_16s_12s_26_1_1_U1/add_ln58_104_reg_938_reg[7]_i_9/CO[7]
                         net (fo=1, unplaced)         0.005     3.094    grp_dense_latency_ap_fixed_16_6_5_3_0_ap_fixed_16_6_5_3_0_config2_s_fu_73/mul_16s_12s_26_1_1_U1/add_ln58_104_reg_938_reg[7]_i_9_n_0
                         CARRY8 (Prop_CARRY8_CI_O[0])
                                                      0.056     3.150 r  grp_dense_latency_ap_fixed_16_6_5_3_0_ap_fixed_16_6_5_3_0_config2_s_fu_73/mul_16s_12s_26_1_1_U1/add_ln58_104_reg_938_reg[15]_i_17/O[0]
                         net (fo=2, unplaced)         0.186     3.336    grp_dense_latency_ap_fixed_16_6_5_3_0_ap_fixed_16_6_5_3_0_config2_s_fu_73/mul_16s_12s_26_1_1_U1/sext_ln58_6_fu_588_p1[8]
                         LUT5 (Prop_LUT5_I3_O)        0.038     3.374 r  grp_dense_latency_ap_fixed_16_6_5_3_0_ap_fixed_16_6_5_3_0_config2_s_fu_73/mul_16s_12s_26_1_1_U1/add_ln58_104_reg_938[15]_i_7/O
                         net (fo=2, unplaced)         0.186     3.560    grp_dense_latency_ap_fixed_16_6_5_3_0_ap_fixed_16_6_5_3_0_config2_s_fu_73/mul_16s_12s_26_1_1_U1/add_ln58_104_reg_938[15]_i_7_n_0
                         LUT6 (Prop_LUT6_I0_O)        0.037     3.597 r  grp_dense_latency_ap_fixed_16_6_5_3_0_ap_fixed_16_6_5_3_0_config2_s_fu_73/mul_16s_12s_26_1_1_U1/add_ln58_104_reg_938[15]_i_15/O
                         net (fo=1, unplaced)         0.023     3.620    grp_dense_latency_ap_fixed_16_6_5_3_0_ap_fixed_16_6_5_3_0_config2_s_fu_73/mul_16s_12s_26_1_1_U1/add_ln58_104_reg_938[15]_i_15_n_0
                         CARRY8 (Prop_CARRY8_S[1]_O[5])
                                                      0.237     3.857 r  grp_dense_latency_ap_fixed_16_6_5_3_0_ap_fixed_16_6_5_3_0_config2_s_fu_73/mul_16s_12s_26_1_1_U1/add_ln58_104_reg_938_reg[15]_i_1/O[5]
                         net (fo=1, unplaced)         0.025     3.882    grp_dense_latency_ap_fixed_16_6_5_3_0_ap_fixed_16_6_5_3_0_config2_s_fu_73/add_ln58_104_fu_597_p2[13]
                         FDRE                                         r  grp_dense_latency_ap_fixed_16_6_5_3_0_ap_fixed_16_6_5_3_0_config2_s_fu_73/add_ln58_104_reg_938_reg[13]/D
  -------------------------------------------------------------------    -------------------

                         (clock ap_clk rise edge)     0.000     0.000 r  
                                                      0.000     0.000 r  ap_clk (IN)
                         net (fo=2571, unset)         0.021     0.021    grp_dense_latency_ap_fixed_16_6_5_3_0_ap_fixed_16_6_5_3_0_config2_s_fu_73/ap_clk
                         FDRE                                         r  grp_dense_latency_ap_fixed_16_6_5_3_0_ap_fixed_16_6_5_3_0_config2_s_fu_73/add_ln58_104_reg_938_reg[13]/C

Slack:                    inf
  Source:                 features[8]
                            (input port)
  Destination:            grp_dense_latency_ap_fixed_16_6_5_3_0_ap_fixed_16_6_5_3_0_config2_s_fu_73/add_ln58_104_reg_938_reg[14]/D
                            (rising edge-triggered cell FDRE clocked by ap_clk  {rise@0.000ns fall@5.000ns period=10.000ns})
  Path Group:             (none)
  Path Type:              Setup (Max at Slow Process Corner)
  Data Path Delay:        3.870ns  (logic 2.354ns (60.827%)  route 1.516ns (39.173%))
  Logic Levels:           16  (CARRY8=3 DSP_A_B_DATA=1 DSP_ALU=1 DSP_M_DATA=1 DSP_MULTIPLIER=1 DSP_OUTPUT=1 DSP_PREADD_DATA=1 LUT1=1 LUT3=1 LUT5=1 LUT6=4)
  Clock Path Skew:        0.021ns (DCD - SCD + CPR)
    Destination Clock Delay (DCD):    0.021ns
    Source Clock Delay      (SCD):    0.000ns
    Clock Pessimism Removal (CPR):    0.000ns
  Clock Uncertainty:      0.025ns  ((TSJ^2 + TIJ^2)^1/2 + DJ) / 2 + PE
    Total System Jitter     (TSJ):    0.050ns
    Total Input Jitter      (TIJ):    0.000ns
    Discrete Jitter          (DJ):    0.000ns
    Phase Error              (PE):    0.000ns

    Location             Delay type                Incr(ns)  Path(ns)    Netlist Resource(s)
  -------------------------------------------------------------------    -------------------
                                                      0.000     0.000 f  features[8] (IN)
                         net (fo=1, unset)            0.000     0.000    grp_dense_latency_ap_fixed_16_6_5_3_0_ap_fixed_16_6_5_3_0_config2_s_fu_73/mul_16s_12s_26_1_1_U1/features[8]
                         LUT3 (Prop_LUT3_I0_O)        0.112     0.112 f  grp_dense_latency_ap_fixed_16_6_5_3_0_ap_fixed_16_6_5_3_0_config2_s_fu_73/mul_16s_12s_26_1_1_U1/a_reg_756[8]_i_1/O
                         net (fo=2, unplaced)         0.140     0.252    grp_dense_latency_ap_fixed_16_6_5_3_0_ap_fixed_16_6_5_3_0_config2_s_fu_73/mul_16s_12s_26_1_1_U1/D[4]
                         LUT6 (Prop_LUT6_I2_O)        0.090     0.342 r  grp_dense_latency_ap_fixed_16_6_5_3_0_ap_fixed_16_6_5_3_0_config2_s_fu_73/mul_16s_12s_26_1_1_U1/tmp_product_i_137/O
                         net (fo=1, unplaced)         0.186     0.528    grp_dense_latency_ap_fixed_16_6_5_3_0_ap_fixed_16_6_5_3_0_config2_s_fu_73/mul_16s_12s_26_1_1_U1/tmp_product_i_137_n_0
                         LUT6 (Prop_LUT6_I0_O)        0.038     0.566 r  grp_dense_latency_ap_fixed_16_6_5_3_0_ap_fixed_16_6_5_3_0_config2_s_fu_73/mul_16s_12s_26_1_1_U1/tmp_product_i_77/O
                         net (fo=1, unplaced)         0.186     0.752    grp_dense_latency_ap_fixed_16_6_5_3_0_ap_fixed_16_6_5_3_0_config2_s_fu_73/mul_16s_12s_26_1_1_U1/tmp_product_i_77_n_0
                         LUT6 (Prop_LUT6_I0_O)        0.038     0.790 f  grp_dense_latency_ap_fixed_16_6_5_3_0_ap_fixed_16_6_5_3_0_config2_s_fu_73/mul_16s_12s_26_1_1_U1/tmp_product_i_20/O
                         net (fo=1, unplaced)         0.228     1.018    grp_dense_latency_ap_fixed_16_6_5_3_0_ap_fixed_16_6_5_3_0_config2_s_fu_73/mul_16s_12s_26_1_1_U1/tmp_product/A[8]
                         DSP_A_B_DATA (Prop_DSP_A_B_DATA_A[8]_A2_DATA[8])
                                                      0.192     1.210 r  grp_dense_latency_ap_fixed_16_6_5_3_0_ap_fixed_16_6_5_3_0_config2_s_fu_73/mul_16s_12s_26_1_1_U1/tmp_product/DSP_A_B_DATA_INST/A2_DATA[8]
                         net (fo=1, unplaced)         0.000     1.210    grp_dense_latency_ap_fixed_16_6_5_3_0_ap_fixed_16_6_5_3_0_config2_s_fu_73/mul_16s_12s_26_1_1_U1/tmp_product/DSP_A_B_DATA.A2_DATA<8>
                         DSP_PREADD_DATA (Prop_DSP_PREADD_DATA_A2_DATA[8]_A2A1[8])
                                                      0.076     1.286 r  grp_dense_latency_ap_fixed_16_6_5_3_0_ap_fixed_16_6_5_3_0_config2_s_fu_73/mul_16s_12s_26_1_1_U1/tmp_product/DSP_PREADD_DATA_INST/A2A1[8]
                         net (fo=1, unplaced)         0.000     1.286    grp_dense_latency_ap_fixed_16_6_5_3_0_ap_fixed_16_6_5_3_0_config2_s_fu_73/mul_16s_12s_26_1_1_U1/tmp_product/DSP_PREADD_DATA.A2A1<8>
                         DSP_MULTIPLIER (Prop_DSP_MULTIPLIER_A2A1[8]_U[13])
                                                      0.505     1.791 f  grp_dense_latency_ap_fixed_16_6_5_3_0_ap_fixed_16_6_5_3_0_config2_s_fu_73/mul_16s_12s_26_1_1_U1/tmp_product/DSP_MULTIPLIER_INST/U[13]
                         net (fo=1, unplaced)         0.000     1.791    grp_dense_latency_ap_fixed_16_6_5_3_0_ap_fixed_16_6_5_3_0_config2_s_fu_73/mul_16s_12s_26_1_1_U1/tmp_product/DSP_MULTIPLIER.U<13>
                         DSP_M_DATA (Prop_DSP_M_DATA_U[13]_U_DATA[13])
                                                      0.047     1.838 r  grp_dense_latency_ap_fixed_16_6_5_3_0_ap_fixed_16_6_5_3_0_config2_s_fu_73/mul_16s_12s_26_1_1_U1/tmp_product/DSP_M_DATA_INST/U_DATA[13]
                         net (fo=1, unplaced)         0.000     1.838    grp_dense_latency_ap_fixed_16_6_5_3_0_ap_fixed_16_6_5_3_0_config2_s_fu_73/mul_16s_12s_26_1_1_U1/tmp_product/DSP_M_DATA.U_DATA<13>
                         DSP_ALU (Prop_DSP_ALU_U_DATA[13]_ALU_OUT[13])
                                                      0.585     2.423 r  grp_dense_latency_ap_fixed_16_6_5_3_0_ap_fixed_16_6_5_3_0_config2_s_fu_73/mul_16s_12s_26_1_1_U1/tmp_product/DSP_ALU_INST/ALU_OUT[13]
                         net (fo=1, unplaced)         0.000     2.423    grp_dense_latency_ap_fixed_16_6_5_3_0_ap_fixed_16_6_5_3_0_config2_s_fu_73/mul_16s_12s_26_1_1_U1/tmp_product/DSP_ALU.ALU_OUT<13>
                         DSP_OUTPUT (Prop_DSP_OUTPUT_ALU_OUT[13]_P[13])
                                                      0.109     2.532 f  grp_dense_latency_ap_fixed_16_6_5_3_0_ap_fixed_16_6_5_3_0_config2_s_fu_73/mul_16s_12s_26_1_1_U1/tmp_product/DSP_OUTPUT_INST/P[13]
                         net (fo=43, unplaced)        0.318     2.850    grp_dense_latency_ap_fixed_16_6_5_3_0_ap_fixed_16_6_5_3_0_config2_s_fu_73/mul_16s_12s_26_1_1_U1/P[3]
                         LUT1 (Prop_LUT1_I0_O)        0.037     2.887 r  grp_dense_latency_ap_fixed_16_6_5_3_0_ap_fixed_16_6_5_3_0_config2_s_fu_73/mul_16s_12s_26_1_1_U1/add_ln58_104_reg_938[7]_i_25/O
                         net (fo=1, unplaced)         0.032     2.919    grp_dense_latency_ap_fixed_16_6_5_3_0_ap_fixed_16_6_5_3_0_config2_s_fu_73/mul_16s_12s_26_1_1_U1/add_ln58_104_reg_938[7]_i_25_n_0
                         CARRY8 (Prop_CARRY8_S[3]_CO[7])
                                                      0.170     3.089 r  grp_dense_latency_ap_fixed_16_6_5_3_0_ap_fixed_16_6_5_3_0_config2_s_fu_73/mul_16s_12s_26_1_1_U1/add_ln58_104_reg_938_reg[7]_i_9/CO[7]
                         net (fo=1, unplaced)         0.005     3.094    grp_dense_latency_ap_fixed_16_6_5_3_0_ap_fixed_16_6_5_3_0_config2_s_fu_73/mul_16s_12s_26_1_1_U1/add_ln58_104_reg_938_reg[7]_i_9_n_0
                         CARRY8 (Prop_CARRY8_CI_O[0])
                                                      0.056     3.150 r  grp_dense_latency_ap_fixed_16_6_5_3_0_ap_fixed_16_6_5_3_0_config2_s_fu_73/mul_16s_12s_26_1_1_U1/add_ln58_104_reg_938_reg[15]_i_17/O[0]
                         net (fo=2, unplaced)         0.186     3.336    grp_dense_latency_ap_fixed_16_6_5_3_0_ap_fixed_16_6_5_3_0_config2_s_fu_73/mul_16s_12s_26_1_1_U1/sext_ln58_6_fu_588_p1[8]
                         LUT5 (Prop_LUT5_I3_O)        0.038     3.374 r  grp_dense_latency_ap_fixed_16_6_5_3_0_ap_fixed_16_6_5_3_0_config2_s_fu_73/mul_16s_12s_26_1_1_U1/add_ln58_104_reg_938[15]_i_7/O
                         net (fo=2, unplaced)         0.186     3.560    grp_dense_latency_ap_fixed_16_6_5_3_0_ap_fixed_16_6_5_3_0_config2_s_fu_73/mul_16s_12s_26_1_1_U1/add_ln58_104_reg_938[15]_i_7_n_0
                         LUT6 (Prop_LUT6_I0_O)        0.037     3.597 r  grp_dense_latency_ap_fixed_16_6_5_3_0_ap_fixed_16_6_5_3_0_config2_s_fu_73/mul_16s_12s_26_1_1_U1/add_ln58_104_reg_938[15]_i_15/O
                         net (fo=1, unplaced)         0.023     3.620    grp_dense_latency_ap_fixed_16_6_5_3_0_ap_fixed_16_6_5_3_0_config2_s_fu_73/mul_16s_12s_26_1_1_U1/add_ln58_104_reg_938[15]_i_15_n_0
                         CARRY8 (Prop_CARRY8_S[1]_O[6])
                                                      0.224     3.844 r  grp_dense_latency_ap_fixed_16_6_5_3_0_ap_fixed_16_6_5_3_0_config2_s_fu_73/mul_16s_12s_26_1_1_U1/add_ln58_104_reg_938_reg[15]_i_1/O[6]
                         net (fo=1, unplaced)         0.026     3.870    grp_dense_latency_ap_fixed_16_6_5_3_0_ap_fixed_16_6_5_3_0_config2_s_fu_73/add_ln58_104_fu_597_p2[14]
                         FDRE                                         r  grp_dense_latency_ap_fixed_16_6_5_3_0_ap_fixed_16_6_5_3_0_config2_s_fu_73/add_ln58_104_reg_938_reg[14]/D
  -------------------------------------------------------------------    -------------------

                         (clock ap_clk rise edge)     0.000     0.000 r  
                                                      0.000     0.000 r  ap_clk (IN)
                         net (fo=2571, unset)         0.021     0.021    grp_dense_latency_ap_fixed_16_6_5_3_0_ap_fixed_16_6_5_3_0_config2_s_fu_73/ap_clk
                         FDRE                                         r  grp_dense_latency_ap_fixed_16_6_5_3_0_ap_fixed_16_6_5_3_0_config2_s_fu_73/add_ln58_104_reg_938_reg[14]/C

Slack:                    inf
  Source:                 features[8]
                            (input port)
  Destination:            grp_dense_latency_ap_fixed_16_6_5_3_0_ap_fixed_16_6_5_3_0_config2_s_fu_73/add_ln58_104_reg_938_reg[12]/D
                            (rising edge-triggered cell FDRE clocked by ap_clk  {rise@0.000ns fall@5.000ns period=10.000ns})
  Path Group:             (none)
  Path Type:              Setup (Max at Slow Process Corner)
  Data Path Delay:        3.849ns  (logic 2.334ns (60.639%)  route 1.515ns (39.361%))
  Logic Levels:           16  (CARRY8=3 DSP_A_B_DATA=1 DSP_ALU=1 DSP_M_DATA=1 DSP_MULTIPLIER=1 DSP_OUTPUT=1 DSP_PREADD_DATA=1 LUT1=1 LUT3=1 LUT5=1 LUT6=4)
  Clock Path Skew:        0.021ns (DCD - SCD + CPR)
    Destination Clock Delay (DCD):    0.021ns
    Source Clock Delay      (SCD):    0.000ns
    Clock Pessimism Removal (CPR):    0.000ns
  Clock Uncertainty:      0.025ns  ((TSJ^2 + TIJ^2)^1/2 + DJ) / 2 + PE
    Total System Jitter     (TSJ):    0.050ns
    Total Input Jitter      (TIJ):    0.000ns
    Discrete Jitter          (DJ):    0.000ns
    Phase Error              (PE):    0.000ns

    Location             Delay type                Incr(ns)  Path(ns)    Netlist Resource(s)
  -------------------------------------------------------------------    -------------------
                                                      0.000     0.000 f  features[8] (IN)
                         net (fo=1, unset)            0.000     0.000    grp_dense_latency_ap_fixed_16_6_5_3_0_ap_fixed_16_6_5_3_0_config2_s_fu_73/mul_16s_12s_26_1_1_U1/features[8]
                         LUT3 (Prop_LUT3_I0_O)        0.112     0.112 f  grp_dense_latency_ap_fixed_16_6_5_3_0_ap_fixed_16_6_5_3_0_config2_s_fu_73/mul_16s_12s_26_1_1_U1/a_reg_756[8]_i_1/O
                         net (fo=2, unplaced)         0.140     0.252    grp_dense_latency_ap_fixed_16_6_5_3_0_ap_fixed_16_6_5_3_0_config2_s_fu_73/mul_16s_12s_26_1_1_U1/D[4]
                         LUT6 (Prop_LUT6_I2_O)        0.090     0.342 r  grp_dense_latency_ap_fixed_16_6_5_3_0_ap_fixed_16_6_5_3_0_config2_s_fu_73/mul_16s_12s_26_1_1_U1/tmp_product_i_137/O
                         net (fo=1, unplaced)         0.186     0.528    grp_dense_latency_ap_fixed_16_6_5_3_0_ap_fixed_16_6_5_3_0_config2_s_fu_73/mul_16s_12s_26_1_1_U1/tmp_product_i_137_n_0
                         LUT6 (Prop_LUT6_I0_O)        0.038     0.566 r  grp_dense_latency_ap_fixed_16_6_5_3_0_ap_fixed_16_6_5_3_0_config2_s_fu_73/mul_16s_12s_26_1_1_U1/tmp_product_i_77/O
                         net (fo=1, unplaced)         0.186     0.752    grp_dense_latency_ap_fixed_16_6_5_3_0_ap_fixed_16_6_5_3_0_config2_s_fu_73/mul_16s_12s_26_1_1_U1/tmp_product_i_77_n_0
                         LUT6 (Prop_LUT6_I0_O)        0.038     0.790 f  grp_dense_latency_ap_fixed_16_6_5_3_0_ap_fixed_16_6_5_3_0_config2_s_fu_73/mul_16s_12s_26_1_1_U1/tmp_product_i_20/O
                         net (fo=1, unplaced)         0.228     1.018    grp_dense_latency_ap_fixed_16_6_5_3_0_ap_fixed_16_6_5_3_0_config2_s_fu_73/mul_16s_12s_26_1_1_U1/tmp_product/A[8]
                         DSP_A_B_DATA (Prop_DSP_A_B_DATA_A[8]_A2_DATA[8])
                                                      0.192     1.210 r  grp_dense_latency_ap_fixed_16_6_5_3_0_ap_fixed_16_6_5_3_0_config2_s_fu_73/mul_16s_12s_26_1_1_U1/tmp_product/DSP_A_B_DATA_INST/A2_DATA[8]
                         net (fo=1, unplaced)         0.000     1.210    grp_dense_latency_ap_fixed_16_6_5_3_0_ap_fixed_16_6_5_3_0_config2_s_fu_73/mul_16s_12s_26_1_1_U1/tmp_product/DSP_A_B_DATA.A2_DATA<8>
                         DSP_PREADD_DATA (Prop_DSP_PREADD_DATA_A2_DATA[8]_A2A1[8])
                                                      0.076     1.286 r  grp_dense_latency_ap_fixed_16_6_5_3_0_ap_fixed_16_6_5_3_0_config2_s_fu_73/mul_16s_12s_26_1_1_U1/tmp_product/DSP_PREADD_DATA_INST/A2A1[8]
                         net (fo=1, unplaced)         0.000     1.286    grp_dense_latency_ap_fixed_16_6_5_3_0_ap_fixed_16_6_5_3_0_config2_s_fu_73/mul_16s_12s_26_1_1_U1/tmp_product/DSP_PREADD_DATA.A2A1<8>
                         DSP_MULTIPLIER (Prop_DSP_MULTIPLIER_A2A1[8]_U[13])
                                                      0.505     1.791 f  grp_dense_latency_ap_fixed_16_6_5_3_0_ap_fixed_16_6_5_3_0_config2_s_fu_73/mul_16s_12s_26_1_1_U1/tmp_product/DSP_MULTIPLIER_INST/U[13]
                         net (fo=1, unplaced)         0.000     1.791    grp_dense_latency_ap_fixed_16_6_5_3_0_ap_fixed_16_6_5_3_0_config2_s_fu_73/mul_16s_12s_26_1_1_U1/tmp_product/DSP_MULTIPLIER.U<13>
                         DSP_M_DATA (Prop_DSP_M_DATA_U[13]_U_DATA[13])
                                                      0.047     1.838 r  grp_dense_latency_ap_fixed_16_6_5_3_0_ap_fixed_16_6_5_3_0_config2_s_fu_73/mul_16s_12s_26_1_1_U1/tmp_product/DSP_M_DATA_INST/U_DATA[13]
                         net (fo=1, unplaced)         0.000     1.838    grp_dense_latency_ap_fixed_16_6_5_3_0_ap_fixed_16_6_5_3_0_config2_s_fu_73/mul_16s_12s_26_1_1_U1/tmp_product/DSP_M_DATA.U_DATA<13>
                         DSP_ALU (Prop_DSP_ALU_U_DATA[13]_ALU_OUT[13])
                                                      0.585     2.423 r  grp_dense_latency_ap_fixed_16_6_5_3_0_ap_fixed_16_6_5_3_0_config2_s_fu_73/mul_16s_12s_26_1_1_U1/tmp_product/DSP_ALU_INST/ALU_OUT[13]
                         net (fo=1, unplaced)         0.000     2.423    grp_dense_latency_ap_fixed_16_6_5_3_0_ap_fixed_16_6_5_3_0_config2_s_fu_73/mul_16s_12s_26_1_1_U1/tmp_product/DSP_ALU.ALU_OUT<13>
                         DSP_OUTPUT (Prop_DSP_OUTPUT_ALU_OUT[13]_P[13])
                                                      0.109     2.532 f  grp_dense_latency_ap_fixed_16_6_5_3_0_ap_fixed_16_6_5_3_0_config2_s_fu_73/mul_16s_12s_26_1_1_U1/tmp_product/DSP_OUTPUT_INST/P[13]
                         net (fo=43, unplaced)        0.318     2.850    grp_dense_latency_ap_fixed_16_6_5_3_0_ap_fixed_16_6_5_3_0_config2_s_fu_73/mul_16s_12s_26_1_1_U1/P[3]
                         LUT1 (Prop_LUT1_I0_O)        0.037     2.887 r  grp_dense_latency_ap_fixed_16_6_5_3_0_ap_fixed_16_6_5_3_0_config2_s_fu_73/mul_16s_12s_26_1_1_U1/add_ln58_104_reg_938[7]_i_25/O
                         net (fo=1, unplaced)         0.032     2.919    grp_dense_latency_ap_fixed_16_6_5_3_0_ap_fixed_16_6_5_3_0_config2_s_fu_73/mul_16s_12s_26_1_1_U1/add_ln58_104_reg_938[7]_i_25_n_0
                         CARRY8 (Prop_CARRY8_S[3]_CO[7])
                                                      0.170     3.089 r  grp_dense_latency_ap_fixed_16_6_5_3_0_ap_fixed_16_6_5_3_0_config2_s_fu_73/mul_16s_12s_26_1_1_U1/add_ln58_104_reg_938_reg[7]_i_9/CO[7]
                         net (fo=1, unplaced)         0.005     3.094    grp_dense_latency_ap_fixed_16_6_5_3_0_ap_fixed_16_6_5_3_0_config2_s_fu_73/mul_16s_12s_26_1_1_U1/add_ln58_104_reg_938_reg[7]_i_9_n_0
                         CARRY8 (Prop_CARRY8_CI_O[0])
                                                      0.056     3.150 r  grp_dense_latency_ap_fixed_16_6_5_3_0_ap_fixed_16_6_5_3_0_config2_s_fu_73/mul_16s_12s_26_1_1_U1/add_ln58_104_reg_938_reg[15]_i_17/O[0]
                         net (fo=2, unplaced)         0.186     3.336    grp_dense_latency_ap_fixed_16_6_5_3_0_ap_fixed_16_6_5_3_0_config2_s_fu_73/mul_16s_12s_26_1_1_U1/sext_ln58_6_fu_588_p1[8]
                         LUT5 (Prop_LUT5_I3_O)        0.038     3.374 r  grp_dense_latency_ap_fixed_16_6_5_3_0_ap_fixed_16_6_5_3_0_config2_s_fu_73/mul_16s_12s_26_1_1_U1/add_ln58_104_reg_938[15]_i_7/O
                         net (fo=2, unplaced)         0.186     3.560    grp_dense_latency_ap_fixed_16_6_5_3_0_ap_fixed_16_6_5_3_0_config2_s_fu_73/mul_16s_12s_26_1_1_U1/add_ln58_104_reg_938[15]_i_7_n_0
                         LUT6 (Prop_LUT6_I0_O)        0.037     3.597 r  grp_dense_latency_ap_fixed_16_6_5_3_0_ap_fixed_16_6_5_3_0_config2_s_fu_73/mul_16s_12s_26_1_1_U1/add_ln58_104_reg_938[15]_i_15/O
                         net (fo=1, unplaced)         0.023     3.620    grp_dense_latency_ap_fixed_16_6_5_3_0_ap_fixed_16_6_5_3_0_config2_s_fu_73/mul_16s_12s_26_1_1_U1/add_ln58_104_reg_938[15]_i_15_n_0
                         CARRY8 (Prop_CARRY8_S[1]_O[4])
                                                      0.204     3.824 r  grp_dense_latency_ap_fixed_16_6_5_3_0_ap_fixed_16_6_5_3_0_config2_s_fu_73/mul_16s_12s_26_1_1_U1/add_ln58_104_reg_938_reg[15]_i_1/O[4]
                         net (fo=1, unplaced)         0.025     3.849    grp_dense_latency_ap_fixed_16_6_5_3_0_ap_fixed_16_6_5_3_0_config2_s_fu_73/add_ln58_104_fu_597_p2[12]
                         FDRE                                         r  grp_dense_latency_ap_fixed_16_6_5_3_0_ap_fixed_16_6_5_3_0_config2_s_fu_73/add_ln58_104_reg_938_reg[12]/D
  -------------------------------------------------------------------    -------------------

                         (clock ap_clk rise edge)     0.000     0.000 r  
                                                      0.000     0.000 r  ap_clk (IN)
                         net (fo=2571, unset)         0.021     0.021    grp_dense_latency_ap_fixed_16_6_5_3_0_ap_fixed_16_6_5_3_0_config2_s_fu_73/ap_clk
                         FDRE                                         r  grp_dense_latency_ap_fixed_16_6_5_3_0_ap_fixed_16_6_5_3_0_config2_s_fu_73/add_ln58_104_reg_938_reg[12]/C

Slack:                    inf
  Source:                 features[8]
                            (input port)
  Destination:            grp_dense_latency_ap_fixed_16_6_5_3_0_ap_fixed_16_6_5_3_0_config2_s_fu_73/add_ln58_93_reg_923_reg[15]/D
                            (rising edge-triggered cell FDRE clocked by ap_clk  {rise@0.000ns fall@5.000ns period=10.000ns})
  Path Group:             (none)
  Path Type:              Setup (Max at Slow Process Corner)
  Data Path Delay:        3.827ns  (logic 2.361ns (61.693%)  route 1.466ns (38.307%))
  Logic Levels:           16  (CARRY8=3 DSP_A_B_DATA=1 DSP_ALU=1 DSP_M_DATA=1 DSP_MULTIPLIER=1 DSP_OUTPUT=1 DSP_PREADD_DATA=1 LUT1=1 LUT3=1 LUT6=5)
  Clock Path Skew:        0.021ns (DCD - SCD + CPR)
    Destination Clock Delay (DCD):    0.021ns
    Source Clock Delay      (SCD):    0.000ns
    Clock Pessimism Removal (CPR):    0.000ns
  Clock Uncertainty:      0.025ns  ((TSJ^2 + TIJ^2)^1/2 + DJ) / 2 + PE
    Total System Jitter     (TSJ):    0.050ns
    Total Input Jitter      (TIJ):    0.000ns
    Discrete Jitter          (DJ):    0.000ns
    Phase Error              (PE):    0.000ns

    Location             Delay type                Incr(ns)  Path(ns)    Netlist Resource(s)
  -------------------------------------------------------------------    -------------------
                                                      0.000     0.000 f  features[8] (IN)
                         net (fo=1, unset)            0.000     0.000    grp_dense_latency_ap_fixed_16_6_5_3_0_ap_fixed_16_6_5_3_0_config2_s_fu_73/mul_16s_12s_26_1_1_U1/features[8]
                         LUT3 (Prop_LUT3_I0_O)        0.112     0.112 f  grp_dense_latency_ap_fixed_16_6_5_3_0_ap_fixed_16_6_5_3_0_config2_s_fu_73/mul_16s_12s_26_1_1_U1/a_reg_756[8]_i_1/O
                         net (fo=2, unplaced)         0.140     0.252    grp_dense_latency_ap_fixed_16_6_5_3_0_ap_fixed_16_6_5_3_0_config2_s_fu_73/mul_16s_12s_26_1_1_U1/D[4]
                         LUT6 (Prop_LUT6_I2_O)        0.090     0.342 r  grp_dense_latency_ap_fixed_16_6_5_3_0_ap_fixed_16_6_5_3_0_config2_s_fu_73/mul_16s_12s_26_1_1_U1/tmp_product_i_137/O
                         net (fo=1, unplaced)         0.186     0.528    grp_dense_latency_ap_fixed_16_6_5_3_0_ap_fixed_16_6_5_3_0_config2_s_fu_73/mul_16s_12s_26_1_1_U1/tmp_product_i_137_n_0
                         LUT6 (Prop_LUT6_I0_O)        0.038     0.566 r  grp_dense_latency_ap_fixed_16_6_5_3_0_ap_fixed_16_6_5_3_0_config2_s_fu_73/mul_16s_12s_26_1_1_U1/tmp_product_i_77/O
                         net (fo=1, unplaced)         0.186     0.752    grp_dense_latency_ap_fixed_16_6_5_3_0_ap_fixed_16_6_5_3_0_config2_s_fu_73/mul_16s_12s_26_1_1_U1/tmp_product_i_77_n_0
                         LUT6 (Prop_LUT6_I0_O)        0.038     0.790 f  grp_dense_latency_ap_fixed_16_6_5_3_0_ap_fixed_16_6_5_3_0_config2_s_fu_73/mul_16s_12s_26_1_1_U1/tmp_product_i_20/O
                         net (fo=1, unplaced)         0.228     1.018    grp_dense_latency_ap_fixed_16_6_5_3_0_ap_fixed_16_6_5_3_0_config2_s_fu_73/mul_16s_12s_26_1_1_U1/tmp_product/A[8]
                         DSP_A_B_DATA (Prop_DSP_A_B_DATA_A[8]_A2_DATA[8])
                                                      0.192     1.210 r  grp_dense_latency_ap_fixed_16_6_5_3_0_ap_fixed_16_6_5_3_0_config2_s_fu_73/mul_16s_12s_26_1_1_U1/tmp_product/DSP_A_B_DATA_INST/A2_DATA[8]
                         net (fo=1, unplaced)         0.000     1.210    grp_dense_latency_ap_fixed_16_6_5_3_0_ap_fixed_16_6_5_3_0_config2_s_fu_73/mul_16s_12s_26_1_1_U1/tmp_product/DSP_A_B_DATA.A2_DATA<8>
                         DSP_PREADD_DATA (Prop_DSP_PREADD_DATA_A2_DATA[8]_A2A1[8])
                                                      0.076     1.286 r  grp_dense_latency_ap_fixed_16_6_5_3_0_ap_fixed_16_6_5_3_0_config2_s_fu_73/mul_16s_12s_26_1_1_U1/tmp_product/DSP_PREADD_DATA_INST/A2A1[8]
                         net (fo=1, unplaced)         0.000     1.286    grp_dense_latency_ap_fixed_16_6_5_3_0_ap_fixed_16_6_5_3_0_config2_s_fu_73/mul_16s_12s_26_1_1_U1/tmp_product/DSP_PREADD_DATA.A2A1<8>
                         DSP_MULTIPLIER (Prop_DSP_MULTIPLIER_A2A1[8]_U[13])
                                                      0.505     1.791 f  grp_dense_latency_ap_fixed_16_6_5_3_0_ap_fixed_16_6_5_3_0_config2_s_fu_73/mul_16s_12s_26_1_1_U1/tmp_product/DSP_MULTIPLIER_INST/U[13]
                         net (fo=1, unplaced)         0.000     1.791    grp_dense_latency_ap_fixed_16_6_5_3_0_ap_fixed_16_6_5_3_0_config2_s_fu_73/mul_16s_12s_26_1_1_U1/tmp_product/DSP_MULTIPLIER.U<13>
                         DSP_M_DATA (Prop_DSP_M_DATA_U[13]_U_DATA[13])
                                                      0.047     1.838 r  grp_dense_latency_ap_fixed_16_6_5_3_0_ap_fixed_16_6_5_3_0_config2_s_fu_73/mul_16s_12s_26_1_1_U1/tmp_product/DSP_M_DATA_INST/U_DATA[13]
                         net (fo=1, unplaced)         0.000     1.838    grp_dense_latency_ap_fixed_16_6_5_3_0_ap_fixed_16_6_5_3_0_config2_s_fu_73/mul_16s_12s_26_1_1_U1/tmp_product/DSP_M_DATA.U_DATA<13>
                         DSP_ALU (Prop_DSP_ALU_U_DATA[13]_ALU_OUT[13])
                                                      0.585     2.423 r  grp_dense_latency_ap_fixed_16_6_5_3_0_ap_fixed_16_6_5_3_0_config2_s_fu_73/mul_16s_12s_26_1_1_U1/tmp_product/DSP_ALU_INST/ALU_OUT[13]
                         net (fo=1, unplaced)         0.000     2.423    grp_dense_latency_ap_fixed_16_6_5_3_0_ap_fixed_16_6_5_3_0_config2_s_fu_73/mul_16s_12s_26_1_1_U1/tmp_product/DSP_ALU.ALU_OUT<13>
                         DSP_OUTPUT (Prop_DSP_OUTPUT_ALU_OUT[13]_P[13])
                                                      0.109     2.532 f  grp_dense_latency_ap_fixed_16_6_5_3_0_ap_fixed_16_6_5_3_0_config2_s_fu_73/mul_16s_12s_26_1_1_U1/tmp_product/DSP_OUTPUT_INST/P[13]
                         net (fo=43, unplaced)        0.318     2.850    grp_dense_latency_ap_fixed_16_6_5_3_0_ap_fixed_16_6_5_3_0_config2_s_fu_73/mul_16s_12s_26_1_1_U1/P[3]
                         LUT1 (Prop_LUT1_I0_O)        0.037     2.887 r  grp_dense_latency_ap_fixed_16_6_5_3_0_ap_fixed_16_6_5_3_0_config2_s_fu_73/mul_16s_12s_26_1_1_U1/add_ln58_93_reg_923[15]_i_39/O
                         net (fo=1, unplaced)         0.028     2.915    grp_dense_latency_ap_fixed_16_6_5_3_0_ap_fixed_16_6_5_3_0_config2_s_fu_73/mul_16s_12s_26_1_1_U1/add_ln58_93_reg_923[15]_i_39_n_0
                         CARRY8 (Prop_CARRY8_S[2]_O[5])
                                                      0.200     3.115 r  grp_dense_latency_ap_fixed_16_6_5_3_0_ap_fixed_16_6_5_3_0_config2_s_fu_73/mul_16s_12s_26_1_1_U1/add_ln58_93_reg_923_reg[15]_i_29/O[5]
                         net (fo=2, unplaced)         0.141     3.256    grp_dense_latency_ap_fixed_16_6_5_3_0_ap_fixed_16_6_5_3_0_config2_s_fu_73/mul_16s_12s_26_1_1_U1/sext_ln58_fu_495_p1[6]
                         LUT6 (Prop_LUT6_I4_O)        0.053     3.309 r  grp_dense_latency_ap_fixed_16_6_5_3_0_ap_fixed_16_6_5_3_0_config2_s_fu_73/mul_16s_12s_26_1_1_U1/add_ln58_93_reg_923[7]_i_2/O
                         net (fo=2, unplaced)         0.186     3.495    grp_dense_latency_ap_fixed_16_6_5_3_0_ap_fixed_16_6_5_3_0_config2_s_fu_73/mul_16s_12s_26_1_1_U1/add_ln58_93_reg_923[7]_i_2_n_0
                         LUT6 (Prop_LUT6_I0_O)        0.039     3.534 r  grp_dense_latency_ap_fixed_16_6_5_3_0_ap_fixed_16_6_5_3_0_config2_s_fu_73/mul_16s_12s_26_1_1_U1/add_ln58_93_reg_923[7]_i_10/O
                         net (fo=1, unplaced)         0.022     3.556    grp_dense_latency_ap_fixed_16_6_5_3_0_ap_fixed_16_6_5_3_0_config2_s_fu_73/mul_16s_12s_26_1_1_U1/add_ln58_93_reg_923[7]_i_10_n_0
                         CARRY8 (Prop_CARRY8_S[7]_CO[7])
                                                      0.124     3.680 r  grp_dense_latency_ap_fixed_16_6_5_3_0_ap_fixed_16_6_5_3_0_config2_s_fu_73/mul_16s_12s_26_1_1_U1/add_ln58_93_reg_923_reg[7]_i_1/CO[7]
                         net (fo=1, unplaced)         0.005     3.685    grp_dense_latency_ap_fixed_16_6_5_3_0_ap_fixed_16_6_5_3_0_config2_s_fu_73/mul_16s_12s_26_1_1_U1/add_ln58_93_reg_923_reg[7]_i_1_n_0
                         CARRY8 (Prop_CARRY8_CI_O[7])
                                                      0.116     3.801 r  grp_dense_latency_ap_fixed_16_6_5_3_0_ap_fixed_16_6_5_3_0_config2_s_fu_73/mul_16s_12s_26_1_1_U1/add_ln58_93_reg_923_reg[15]_i_1/O[7]
                         net (fo=1, unplaced)         0.026     3.827    grp_dense_latency_ap_fixed_16_6_5_3_0_ap_fixed_16_6_5_3_0_config2_s_fu_73/add_ln58_93_fu_505_p2[15]
                         FDRE                                         r  grp_dense_latency_ap_fixed_16_6_5_3_0_ap_fixed_16_6_5_3_0_config2_s_fu_73/add_ln58_93_reg_923_reg[15]/D
  -------------------------------------------------------------------    -------------------

                         (clock ap_clk rise edge)     0.000     0.000 r  
                                                      0.000     0.000 r  ap_clk (IN)
                         net (fo=2571, unset)         0.021     0.021    grp_dense_latency_ap_fixed_16_6_5_3_0_ap_fixed_16_6_5_3_0_config2_s_fu_73/ap_clk
                         FDRE                                         r  grp_dense_latency_ap_fixed_16_6_5_3_0_ap_fixed_16_6_5_3_0_config2_s_fu_73/add_ln58_93_reg_923_reg[15]/C

Slack:                    inf
  Source:                 features[8]
                            (input port)
  Destination:            grp_dense_latency_ap_fixed_16_6_5_3_0_ap_fixed_16_6_5_3_0_config2_s_fu_73/add_ln58_93_reg_923_reg[13]/D
                            (rising edge-triggered cell FDRE clocked by ap_clk  {rise@0.000ns fall@5.000ns period=10.000ns})
  Path Group:             (none)
  Path Type:              Setup (Max at Slow Process Corner)
  Data Path Delay:        3.826ns  (logic 2.361ns (61.709%)  route 1.465ns (38.291%))
  Logic Levels:           16  (CARRY8=3 DSP_A_B_DATA=1 DSP_ALU=1 DSP_M_DATA=1 DSP_MULTIPLIER=1 DSP_OUTPUT=1 DSP_PREADD_DATA=1 LUT1=1 LUT3=1 LUT6=5)
  Clock Path Skew:        0.021ns (DCD - SCD + CPR)
    Destination Clock Delay (DCD):    0.021ns
    Source Clock Delay      (SCD):    0.000ns
    Clock Pessimism Removal (CPR):    0.000ns
  Clock Uncertainty:      0.025ns  ((TSJ^2 + TIJ^2)^1/2 + DJ) / 2 + PE
    Total System Jitter     (TSJ):    0.050ns
    Total Input Jitter      (TIJ):    0.000ns
    Discrete Jitter          (DJ):    0.000ns
    Phase Error              (PE):    0.000ns

    Location             Delay type                Incr(ns)  Path(ns)    Netlist Resource(s)
  -------------------------------------------------------------------    -------------------
                                                      0.000     0.000 f  features[8] (IN)
                         net (fo=1, unset)            0.000     0.000    grp_dense_latency_ap_fixed_16_6_5_3_0_ap_fixed_16_6_5_3_0_config2_s_fu_73/mul_16s_12s_26_1_1_U1/features[8]
                         LUT3 (Prop_LUT3_I0_O)        0.112     0.112 f  grp_dense_latency_ap_fixed_16_6_5_3_0_ap_fixed_16_6_5_3_0_config2_s_fu_73/mul_16s_12s_26_1_1_U1/a_reg_756[8]_i_1/O
                         net (fo=2, unplaced)         0.140     0.252    grp_dense_latency_ap_fixed_16_6_5_3_0_ap_fixed_16_6_5_3_0_config2_s_fu_73/mul_16s_12s_26_1_1_U1/D[4]
                         LUT6 (Prop_LUT6_I2_O)        0.090     0.342 r  grp_dense_latency_ap_fixed_16_6_5_3_0_ap_fixed_16_6_5_3_0_config2_s_fu_73/mul_16s_12s_26_1_1_U1/tmp_product_i_137/O
                         net (fo=1, unplaced)         0.186     0.528    grp_dense_latency_ap_fixed_16_6_5_3_0_ap_fixed_16_6_5_3_0_config2_s_fu_73/mul_16s_12s_26_1_1_U1/tmp_product_i_137_n_0
                         LUT6 (Prop_LUT6_I0_O)        0.038     0.566 r  grp_dense_latency_ap_fixed_16_6_5_3_0_ap_fixed_16_6_5_3_0_config2_s_fu_73/mul_16s_12s_26_1_1_U1/tmp_product_i_77/O
                         net (fo=1, unplaced)         0.186     0.752    grp_dense_latency_ap_fixed_16_6_5_3_0_ap_fixed_16_6_5_3_0_config2_s_fu_73/mul_16s_12s_26_1_1_U1/tmp_product_i_77_n_0
                         LUT6 (Prop_LUT6_I0_O)        0.038     0.790 f  grp_dense_latency_ap_fixed_16_6_5_3_0_ap_fixed_16_6_5_3_0_config2_s_fu_73/mul_16s_12s_26_1_1_U1/tmp_product_i_20/O
                         net (fo=1, unplaced)         0.228     1.018    grp_dense_latency_ap_fixed_16_6_5_3_0_ap_fixed_16_6_5_3_0_config2_s_fu_73/mul_16s_12s_26_1_1_U1/tmp_product/A[8]
                         DSP_A_B_DATA (Prop_DSP_A_B_DATA_A[8]_A2_DATA[8])
                                                      0.192     1.210 r  grp_dense_latency_ap_fixed_16_6_5_3_0_ap_fixed_16_6_5_3_0_config2_s_fu_73/mul_16s_12s_26_1_1_U1/tmp_product/DSP_A_B_DATA_INST/A2_DATA[8]
                         net (fo=1, unplaced)         0.000     1.210    grp_dense_latency_ap_fixed_16_6_5_3_0_ap_fixed_16_6_5_3_0_config2_s_fu_73/mul_16s_12s_26_1_1_U1/tmp_product/DSP_A_B_DATA.A2_DATA<8>
                         DSP_PREADD_DATA (Prop_DSP_PREADD_DATA_A2_DATA[8]_A2A1[8])
                                                      0.076     1.286 r  grp_dense_latency_ap_fixed_16_6_5_3_0_ap_fixed_16_6_5_3_0_config2_s_fu_73/mul_16s_12s_26_1_1_U1/tmp_product/DSP_PREADD_DATA_INST/A2A1[8]
                         net (fo=1, unplaced)         0.000     1.286    grp_dense_latency_ap_fixed_16_6_5_3_0_ap_fixed_16_6_5_3_0_config2_s_fu_73/mul_16s_12s_26_1_1_U1/tmp_product/DSP_PREADD_DATA.A2A1<8>
                         DSP_MULTIPLIER (Prop_DSP_MULTIPLIER_A2A1[8]_U[13])
                                                      0.505     1.791 f  grp_dense_latency_ap_fixed_16_6_5_3_0_ap_fixed_16_6_5_3_0_config2_s_fu_73/mul_16s_12s_26_1_1_U1/tmp_product/DSP_MULTIPLIER_INST/U[13]
                         net (fo=1, unplaced)         0.000     1.791    grp_dense_latency_ap_fixed_16_6_5_3_0_ap_fixed_16_6_5_3_0_config2_s_fu_73/mul_16s_12s_26_1_1_U1/tmp_product/DSP_MULTIPLIER.U<13>
                         DSP_M_DATA (Prop_DSP_M_DATA_U[13]_U_DATA[13])
                                                      0.047     1.838 r  grp_dense_latency_ap_fixed_16_6_5_3_0_ap_fixed_16_6_5_3_0_config2_s_fu_73/mul_16s_12s_26_1_1_U1/tmp_product/DSP_M_DATA_INST/U_DATA[13]
                         net (fo=1, unplaced)         0.000     1.838    grp_dense_latency_ap_fixed_16_6_5_3_0_ap_fixed_16_6_5_3_0_config2_s_fu_73/mul_16s_12s_26_1_1_U1/tmp_product/DSP_M_DATA.U_DATA<13>
                         DSP_ALU (Prop_DSP_ALU_U_DATA[13]_ALU_OUT[13])
                                                      0.585     2.423 r  grp_dense_latency_ap_fixed_16_6_5_3_0_ap_fixed_16_6_5_3_0_config2_s_fu_73/mul_16s_12s_26_1_1_U1/tmp_product/DSP_ALU_INST/ALU_OUT[13]
                         net (fo=1, unplaced)         0.000     2.423    grp_dense_latency_ap_fixed_16_6_5_3_0_ap_fixed_16_6_5_3_0_config2_s_fu_73/mul_16s_12s_26_1_1_U1/tmp_product/DSP_ALU.ALU_OUT<13>
                         DSP_OUTPUT (Prop_DSP_OUTPUT_ALU_OUT[13]_P[13])
                                                      0.109     2.532 f  grp_dense_latency_ap_fixed_16_6_5_3_0_ap_fixed_16_6_5_3_0_config2_s_fu_73/mul_16s_12s_26_1_1_U1/tmp_product/DSP_OUTPUT_INST/P[13]
                         net (fo=43, unplaced)        0.318     2.850    grp_dense_latency_ap_fixed_16_6_5_3_0_ap_fixed_16_6_5_3_0_config2_s_fu_73/mul_16s_12s_26_1_1_U1/P[3]
                         LUT1 (Prop_LUT1_I0_O)        0.037     2.887 r  grp_dense_latency_ap_fixed_16_6_5_3_0_ap_fixed_16_6_5_3_0_config2_s_fu_73/mul_16s_12s_26_1_1_U1/add_ln58_93_reg_923[15]_i_39/O
                         net (fo=1, unplaced)         0.028     2.915    grp_dense_latency_ap_fixed_16_6_5_3_0_ap_fixed_16_6_5_3_0_config2_s_fu_73/mul_16s_12s_26_1_1_U1/add_ln58_93_reg_923[15]_i_39_n_0
                         CARRY8 (Prop_CARRY8_S[2]_O[5])
                                                      0.200     3.115 r  grp_dense_latency_ap_fixed_16_6_5_3_0_ap_fixed_16_6_5_3_0_config2_s_fu_73/mul_16s_12s_26_1_1_U1/add_ln58_93_reg_923_reg[15]_i_29/O[5]
                         net (fo=2, unplaced)         0.141     3.256    grp_dense_latency_ap_fixed_16_6_5_3_0_ap_fixed_16_6_5_3_0_config2_s_fu_73/mul_16s_12s_26_1_1_U1/sext_ln58_fu_495_p1[6]
                         LUT6 (Prop_LUT6_I4_O)        0.053     3.309 r  grp_dense_latency_ap_fixed_16_6_5_3_0_ap_fixed_16_6_5_3_0_config2_s_fu_73/mul_16s_12s_26_1_1_U1/add_ln58_93_reg_923[7]_i_2/O
                         net (fo=2, unplaced)         0.186     3.495    grp_dense_latency_ap_fixed_16_6_5_3_0_ap_fixed_16_6_5_3_0_config2_s_fu_73/mul_16s_12s_26_1_1_U1/add_ln58_93_reg_923[7]_i_2_n_0
                         LUT6 (Prop_LUT6_I0_O)        0.039     3.534 r  grp_dense_latency_ap_fixed_16_6_5_3_0_ap_fixed_16_6_5_3_0_config2_s_fu_73/mul_16s_12s_26_1_1_U1/add_ln58_93_reg_923[7]_i_10/O
                         net (fo=1, unplaced)         0.022     3.556    grp_dense_latency_ap_fixed_16_6_5_3_0_ap_fixed_16_6_5_3_0_config2_s_fu_73/mul_16s_12s_26_1_1_U1/add_ln58_93_reg_923[7]_i_10_n_0
                         CARRY8 (Prop_CARRY8_S[7]_CO[7])
                                                      0.124     3.680 r  grp_dense_latency_ap_fixed_16_6_5_3_0_ap_fixed_16_6_5_3_0_config2_s_fu_73/mul_16s_12s_26_1_1_U1/add_ln58_93_reg_923_reg[7]_i_1/CO[7]
                         net (fo=1, unplaced)         0.005     3.685    grp_dense_latency_ap_fixed_16_6_5_3_0_ap_fixed_16_6_5_3_0_config2_s_fu_73/mul_16s_12s_26_1_1_U1/add_ln58_93_reg_923_reg[7]_i_1_n_0
                         CARRY8 (Prop_CARRY8_CI_O[5])
                                                      0.116     3.801 r  grp_dense_latency_ap_fixed_16_6_5_3_0_ap_fixed_16_6_5_3_0_config2_s_fu_73/mul_16s_12s_26_1_1_U1/add_ln58_93_reg_923_reg[15]_i_1/O[5]
                         net (fo=1, unplaced)         0.025     3.826    grp_dense_latency_ap_fixed_16_6_5_3_0_ap_fixed_16_6_5_3_0_config2_s_fu_73/add_ln58_93_fu_505_p2[13]
                         FDRE                                         r  grp_dense_latency_ap_fixed_16_6_5_3_0_ap_fixed_16_6_5_3_0_config2_s_fu_73/add_ln58_93_reg_923_reg[13]/D
  -------------------------------------------------------------------    -------------------

                         (clock ap_clk rise edge)     0.000     0.000 r  
                                                      0.000     0.000 r  ap_clk (IN)
                         net (fo=2571, unset)         0.021     0.021    grp_dense_latency_ap_fixed_16_6_5_3_0_ap_fixed_16_6_5_3_0_config2_s_fu_73/ap_clk
                         FDRE                                         r  grp_dense_latency_ap_fixed_16_6_5_3_0_ap_fixed_16_6_5_3_0_config2_s_fu_73/add_ln58_93_reg_923_reg[13]/C

Slack:                    inf
  Source:                 features[8]
                            (input port)
  Destination:            grp_dense_latency_ap_fixed_16_6_5_3_0_ap_fixed_16_6_5_3_0_config2_s_fu_73/add_ln58_104_reg_938_reg[11]/D
                            (rising edge-triggered cell FDRE clocked by ap_clk  {rise@0.000ns fall@5.000ns period=10.000ns})
  Path Group:             (none)
  Path Type:              Setup (Max at Slow Process Corner)
  Data Path Delay:        3.821ns  (logic 2.301ns (60.220%)  route 1.520ns (39.780%))
  Logic Levels:           16  (CARRY8=3 DSP_A_B_DATA=1 DSP_ALU=1 DSP_M_DATA=1 DSP_MULTIPLIER=1 DSP_OUTPUT=1 DSP_PREADD_DATA=1 LUT1=1 LUT3=1 LUT5=1 LUT6=4)
  Clock Path Skew:        0.021ns (DCD - SCD + CPR)
    Destination Clock Delay (DCD):    0.021ns
    Source Clock Delay      (SCD):    0.000ns
    Clock Pessimism Removal (CPR):    0.000ns
  Clock Uncertainty:      0.025ns  ((TSJ^2 + TIJ^2)^1/2 + DJ) / 2 + PE
    Total System Jitter     (TSJ):    0.050ns
    Total Input Jitter      (TIJ):    0.000ns
    Discrete Jitter          (DJ):    0.000ns
    Phase Error              (PE):    0.000ns

    Location             Delay type                Incr(ns)  Path(ns)    Netlist Resource(s)
  -------------------------------------------------------------------    -------------------
                                                      0.000     0.000 f  features[8] (IN)
                         net (fo=1, unset)            0.000     0.000    grp_dense_latency_ap_fixed_16_6_5_3_0_ap_fixed_16_6_5_3_0_config2_s_fu_73/mul_16s_12s_26_1_1_U1/features[8]
                         LUT3 (Prop_LUT3_I0_O)        0.112     0.112 f  grp_dense_latency_ap_fixed_16_6_5_3_0_ap_fixed_16_6_5_3_0_config2_s_fu_73/mul_16s_12s_26_1_1_U1/a_reg_756[8]_i_1/O
                         net (fo=2, unplaced)         0.140     0.252    grp_dense_latency_ap_fixed_16_6_5_3_0_ap_fixed_16_6_5_3_0_config2_s_fu_73/mul_16s_12s_26_1_1_U1/D[4]
                         LUT6 (Prop_LUT6_I2_O)        0.090     0.342 r  grp_dense_latency_ap_fixed_16_6_5_3_0_ap_fixed_16_6_5_3_0_config2_s_fu_73/mul_16s_12s_26_1_1_U1/tmp_product_i_137/O
                         net (fo=1, unplaced)         0.186     0.528    grp_dense_latency_ap_fixed_16_6_5_3_0_ap_fixed_16_6_5_3_0_config2_s_fu_73/mul_16s_12s_26_1_1_U1/tmp_product_i_137_n_0
                         LUT6 (Prop_LUT6_I0_O)        0.038     0.566 r  grp_dense_latency_ap_fixed_16_6_5_3_0_ap_fixed_16_6_5_3_0_config2_s_fu_73/mul_16s_12s_26_1_1_U1/tmp_product_i_77/O
                         net (fo=1, unplaced)         0.186     0.752    grp_dense_latency_ap_fixed_16_6_5_3_0_ap_fixed_16_6_5_3_0_config2_s_fu_73/mul_16s_12s_26_1_1_U1/tmp_product_i_77_n_0
                         LUT6 (Prop_LUT6_I0_O)        0.038     0.790 f  grp_dense_latency_ap_fixed_16_6_5_3_0_ap_fixed_16_6_5_3_0_config2_s_fu_73/mul_16s_12s_26_1_1_U1/tmp_product_i_20/O
                         net (fo=1, unplaced)         0.228     1.018    grp_dense_latency_ap_fixed_16_6_5_3_0_ap_fixed_16_6_5_3_0_config2_s_fu_73/mul_16s_12s_26_1_1_U1/tmp_product/A[8]
                         DSP_A_B_DATA (Prop_DSP_A_B_DATA_A[8]_A2_DATA[8])
                                                      0.192     1.210 r  grp_dense_latency_ap_fixed_16_6_5_3_0_ap_fixed_16_6_5_3_0_config2_s_fu_73/mul_16s_12s_26_1_1_U1/tmp_product/DSP_A_B_DATA_INST/A2_DATA[8]
                         net (fo=1, unplaced)         0.000     1.210    grp_dense_latency_ap_fixed_16_6_5_3_0_ap_fixed_16_6_5_3_0_config2_s_fu_73/mul_16s_12s_26_1_1_U1/tmp_product/DSP_A_B_DATA.A2_DATA<8>
                         DSP_PREADD_DATA (Prop_DSP_PREADD_DATA_A2_DATA[8]_A2A1[8])
                                                      0.076     1.286 r  grp_dense_latency_ap_fixed_16_6_5_3_0_ap_fixed_16_6_5_3_0_config2_s_fu_73/mul_16s_12s_26_1_1_U1/tmp_product/DSP_PREADD_DATA_INST/A2A1[8]
                         net (fo=1, unplaced)         0.000     1.286    grp_dense_latency_ap_fixed_16_6_5_3_0_ap_fixed_16_6_5_3_0_config2_s_fu_73/mul_16s_12s_26_1_1_U1/tmp_product/DSP_PREADD_DATA.A2A1<8>
                         DSP_MULTIPLIER (Prop_DSP_MULTIPLIER_A2A1[8]_U[13])
                                                      0.505     1.791 f  grp_dense_latency_ap_fixed_16_6_5_3_0_ap_fixed_16_6_5_3_0_config2_s_fu_73/mul_16s_12s_26_1_1_U1/tmp_product/DSP_MULTIPLIER_INST/U[13]
                         net (fo=1, unplaced)         0.000     1.791    grp_dense_latency_ap_fixed_16_6_5_3_0_ap_fixed_16_6_5_3_0_config2_s_fu_73/mul_16s_12s_26_1_1_U1/tmp_product/DSP_MULTIPLIER.U<13>
                         DSP_M_DATA (Prop_DSP_M_DATA_U[13]_U_DATA[13])
                                                      0.047     1.838 r  grp_dense_latency_ap_fixed_16_6_5_3_0_ap_fixed_16_6_5_3_0_config2_s_fu_73/mul_16s_12s_26_1_1_U1/tmp_product/DSP_M_DATA_INST/U_DATA[13]
                         net (fo=1, unplaced)         0.000     1.838    grp_dense_latency_ap_fixed_16_6_5_3_0_ap_fixed_16_6_5_3_0_config2_s_fu_73/mul_16s_12s_26_1_1_U1/tmp_product/DSP_M_DATA.U_DATA<13>
                         DSP_ALU (Prop_DSP_ALU_U_DATA[13]_ALU_OUT[13])
                                                      0.585     2.423 r  grp_dense_latency_ap_fixed_16_6_5_3_0_ap_fixed_16_6_5_3_0_config2_s_fu_73/mul_16s_12s_26_1_1_U1/tmp_product/DSP_ALU_INST/ALU_OUT[13]
                         net (fo=1, unplaced)         0.000     2.423    grp_dense_latency_ap_fixed_16_6_5_3_0_ap_fixed_16_6_5_3_0_config2_s_fu_73/mul_16s_12s_26_1_1_U1/tmp_product/DSP_ALU.ALU_OUT<13>
                         DSP_OUTPUT (Prop_DSP_OUTPUT_ALU_OUT[13]_P[13])
                                                      0.109     2.532 f  grp_dense_latency_ap_fixed_16_6_5_3_0_ap_fixed_16_6_5_3_0_config2_s_fu_73/mul_16s_12s_26_1_1_U1/tmp_product/DSP_OUTPUT_INST/P[13]
                         net (fo=43, unplaced)        0.318     2.850    grp_dense_latency_ap_fixed_16_6_5_3_0_ap_fixed_16_6_5_3_0_config2_s_fu_73/mul_16s_12s_26_1_1_U1/P[3]
                         LUT1 (Prop_LUT1_I0_O)        0.037     2.887 r  grp_dense_latency_ap_fixed_16_6_5_3_0_ap_fixed_16_6_5_3_0_config2_s_fu_73/mul_16s_12s_26_1_1_U1/add_ln58_104_reg_938[7]_i_25/O
                         net (fo=1, unplaced)         0.032     2.919    grp_dense_latency_ap_fixed_16_6_5_3_0_ap_fixed_16_6_5_3_0_config2_s_fu_73/mul_16s_12s_26_1_1_U1/add_ln58_104_reg_938[7]_i_25_n_0
                         CARRY8 (Prop_CARRY8_S[3]_O[4])
                                                      0.149     3.068 r  grp_dense_latency_ap_fixed_16_6_5_3_0_ap_fixed_16_6_5_3_0_config2_s_fu_73/mul_16s_12s_26_1_1_U1/add_ln58_104_reg_938_reg[7]_i_9/O[4]
                         net (fo=2, unplaced)         0.184     3.252    grp_dense_latency_ap_fixed_16_6_5_3_0_ap_fixed_16_6_5_3_0_config2_s_fu_73/mul_16s_12s_26_1_1_U1/sext_ln58_6_fu_588_p1[4]
                         LUT5 (Prop_LUT5_I0_O)        0.038     3.290 r  grp_dense_latency_ap_fixed_16_6_5_3_0_ap_fixed_16_6_5_3_0_config2_s_fu_73/mul_16s_12s_26_1_1_U1/add_ln58_104_reg_938[7]_i_4/O
                         net (fo=2, unplaced)         0.186     3.476    grp_dense_latency_ap_fixed_16_6_5_3_0_ap_fixed_16_6_5_3_0_config2_s_fu_73/mul_16s_12s_26_1_1_U1/add_ln58_104_reg_938[7]_i_4_n_0
                         LUT6 (Prop_LUT6_I0_O)        0.037     3.513 r  grp_dense_latency_ap_fixed_16_6_5_3_0_ap_fixed_16_6_5_3_0_config2_s_fu_73/mul_16s_12s_26_1_1_U1/add_ln58_104_reg_938[7]_i_12/O
                         net (fo=1, unplaced)         0.029     3.542    grp_dense_latency_ap_fixed_16_6_5_3_0_ap_fixed_16_6_5_3_0_config2_s_fu_73/mul_16s_12s_26_1_1_U1/add_ln58_104_reg_938[7]_i_12_n_0
                         CARRY8 (Prop_CARRY8_S[5]_CO[7])
                                                      0.166     3.708 r  grp_dense_latency_ap_fixed_16_6_5_3_0_ap_fixed_16_6_5_3_0_config2_s_fu_73/mul_16s_12s_26_1_1_U1/add_ln58_104_reg_938_reg[7]_i_1/CO[7]
                         net (fo=1, unplaced)         0.005     3.713    grp_dense_latency_ap_fixed_16_6_5_3_0_ap_fixed_16_6_5_3_0_config2_s_fu_73/mul_16s_12s_26_1_1_U1/add_ln58_104_reg_938_reg[7]_i_1_n_0
                         CARRY8 (Prop_CARRY8_CI_O[3])
                                                      0.082     3.795 r  grp_dense_latency_ap_fixed_16_6_5_3_0_ap_fixed_16_6_5_3_0_config2_s_fu_73/mul_16s_12s_26_1_1_U1/add_ln58_104_reg_938_reg[15]_i_1/O[3]
                         net (fo=1, unplaced)         0.026     3.821    grp_dense_latency_ap_fixed_16_6_5_3_0_ap_fixed_16_6_5_3_0_config2_s_fu_73/add_ln58_104_fu_597_p2[11]
                         FDRE                                         r  grp_dense_latency_ap_fixed_16_6_5_3_0_ap_fixed_16_6_5_3_0_config2_s_fu_73/add_ln58_104_reg_938_reg[11]/D
  -------------------------------------------------------------------    -------------------

                         (clock ap_clk rise edge)     0.000     0.000 r  
                                                      0.000     0.000 r  ap_clk (IN)
                         net (fo=2571, unset)         0.021     0.021    grp_dense_latency_ap_fixed_16_6_5_3_0_ap_fixed_16_6_5_3_0_config2_s_fu_73/ap_clk
                         FDRE                                         r  grp_dense_latency_ap_fixed_16_6_5_3_0_ap_fixed_16_6_5_3_0_config2_s_fu_73/add_ln58_104_reg_938_reg[11]/C

Slack:                    inf
  Source:                 features[8]
                            (input port)
  Destination:            grp_dense_latency_ap_fixed_16_6_5_3_0_ap_fixed_16_6_5_3_0_config2_s_fu_73/add_ln58_93_reg_923_reg[14]/D
                            (rising edge-triggered cell FDRE clocked by ap_clk  {rise@0.000ns fall@5.000ns period=10.000ns})
  Path Group:             (none)
  Path Type:              Setup (Max at Slow Process Corner)
  Data Path Delay:        3.814ns  (logic 2.348ns (61.563%)  route 1.466ns (38.437%))
  Logic Levels:           16  (CARRY8=3 DSP_A_B_DATA=1 DSP_ALU=1 DSP_M_DATA=1 DSP_MULTIPLIER=1 DSP_OUTPUT=1 DSP_PREADD_DATA=1 LUT1=1 LUT3=1 LUT6=5)
  Clock Path Skew:        0.021ns (DCD - SCD + CPR)
    Destination Clock Delay (DCD):    0.021ns
    Source Clock Delay      (SCD):    0.000ns
    Clock Pessimism Removal (CPR):    0.000ns
  Clock Uncertainty:      0.025ns  ((TSJ^2 + TIJ^2)^1/2 + DJ) / 2 + PE
    Total System Jitter     (TSJ):    0.050ns
    Total Input Jitter      (TIJ):    0.000ns
    Discrete Jitter          (DJ):    0.000ns
    Phase Error              (PE):    0.000ns

    Location             Delay type                Incr(ns)  Path(ns)    Netlist Resource(s)
  -------------------------------------------------------------------    -------------------
                                                      0.000     0.000 f  features[8] (IN)
                         net (fo=1, unset)            0.000     0.000    grp_dense_latency_ap_fixed_16_6_5_3_0_ap_fixed_16_6_5_3_0_config2_s_fu_73/mul_16s_12s_26_1_1_U1/features[8]
                         LUT3 (Prop_LUT3_I0_O)        0.112     0.112 f  grp_dense_latency_ap_fixed_16_6_5_3_0_ap_fixed_16_6_5_3_0_config2_s_fu_73/mul_16s_12s_26_1_1_U1/a_reg_756[8]_i_1/O
                         net (fo=2, unplaced)         0.140     0.252    grp_dense_latency_ap_fixed_16_6_5_3_0_ap_fixed_16_6_5_3_0_config2_s_fu_73/mul_16s_12s_26_1_1_U1/D[4]
                         LUT6 (Prop_LUT6_I2_O)        0.090     0.342 r  grp_dense_latency_ap_fixed_16_6_5_3_0_ap_fixed_16_6_5_3_0_config2_s_fu_73/mul_16s_12s_26_1_1_U1/tmp_product_i_137/O
                         net (fo=1, unplaced)         0.186     0.528    grp_dense_latency_ap_fixed_16_6_5_3_0_ap_fixed_16_6_5_3_0_config2_s_fu_73/mul_16s_12s_26_1_1_U1/tmp_product_i_137_n_0
                         LUT6 (Prop_LUT6_I0_O)        0.038     0.566 r  grp_dense_latency_ap_fixed_16_6_5_3_0_ap_fixed_16_6_5_3_0_config2_s_fu_73/mul_16s_12s_26_1_1_U1/tmp_product_i_77/O
                         net (fo=1, unplaced)         0.186     0.752    grp_dense_latency_ap_fixed_16_6_5_3_0_ap_fixed_16_6_5_3_0_config2_s_fu_73/mul_16s_12s_26_1_1_U1/tmp_product_i_77_n_0
                         LUT6 (Prop_LUT6_I0_O)        0.038     0.790 f  grp_dense_latency_ap_fixed_16_6_5_3_0_ap_fixed_16_6_5_3_0_config2_s_fu_73/mul_16s_12s_26_1_1_U1/tmp_product_i_20/O
                         net (fo=1, unplaced)         0.228     1.018    grp_dense_latency_ap_fixed_16_6_5_3_0_ap_fixed_16_6_5_3_0_config2_s_fu_73/mul_16s_12s_26_1_1_U1/tmp_product/A[8]
                         DSP_A_B_DATA (Prop_DSP_A_B_DATA_A[8]_A2_DATA[8])
                                                      0.192     1.210 r  grp_dense_latency_ap_fixed_16_6_5_3_0_ap_fixed_16_6_5_3_0_config2_s_fu_73/mul_16s_12s_26_1_1_U1/tmp_product/DSP_A_B_DATA_INST/A2_DATA[8]
                         net (fo=1, unplaced)         0.000     1.210    grp_dense_latency_ap_fixed_16_6_5_3_0_ap_fixed_16_6_5_3_0_config2_s_fu_73/mul_16s_12s_26_1_1_U1/tmp_product/DSP_A_B_DATA.A2_DATA<8>
                         DSP_PREADD_DATA (Prop_DSP_PREADD_DATA_A2_DATA[8]_A2A1[8])
                                                      0.076     1.286 r  grp_dense_latency_ap_fixed_16_6_5_3_0_ap_fixed_16_6_5_3_0_config2_s_fu_73/mul_16s_12s_26_1_1_U1/tmp_product/DSP_PREADD_DATA_INST/A2A1[8]
                         net (fo=1, unplaced)         0.000     1.286    grp_dense_latency_ap_fixed_16_6_5_3_0_ap_fixed_16_6_5_3_0_config2_s_fu_73/mul_16s_12s_26_1_1_U1/tmp_product/DSP_PREADD_DATA.A2A1<8>
                         DSP_MULTIPLIER (Prop_DSP_MULTIPLIER_A2A1[8]_U[13])
                                                      0.505     1.791 f  grp_dense_latency_ap_fixed_16_6_5_3_0_ap_fixed_16_6_5_3_0_config2_s_fu_73/mul_16s_12s_26_1_1_U1/tmp_product/DSP_MULTIPLIER_INST/U[13]
                         net (fo=1, unplaced)         0.000     1.791    grp_dense_latency_ap_fixed_16_6_5_3_0_ap_fixed_16_6_5_3_0_config2_s_fu_73/mul_16s_12s_26_1_1_U1/tmp_product/DSP_MULTIPLIER.U<13>
                         DSP_M_DATA (Prop_DSP_M_DATA_U[13]_U_DATA[13])
                                                      0.047     1.838 r  grp_dense_latency_ap_fixed_16_6_5_3_0_ap_fixed_16_6_5_3_0_config2_s_fu_73/mul_16s_12s_26_1_1_U1/tmp_product/DSP_M_DATA_INST/U_DATA[13]
                         net (fo=1, unplaced)         0.000     1.838    grp_dense_latency_ap_fixed_16_6_5_3_0_ap_fixed_16_6_5_3_0_config2_s_fu_73/mul_16s_12s_26_1_1_U1/tmp_product/DSP_M_DATA.U_DATA<13>
                         DSP_ALU (Prop_DSP_ALU_U_DATA[13]_ALU_OUT[13])
                                                      0.585     2.423 r  grp_dense_latency_ap_fixed_16_6_5_3_0_ap_fixed_16_6_5_3_0_config2_s_fu_73/mul_16s_12s_26_1_1_U1/tmp_product/DSP_ALU_INST/ALU_OUT[13]
                         net (fo=1, unplaced)         0.000     2.423    grp_dense_latency_ap_fixed_16_6_5_3_0_ap_fixed_16_6_5_3_0_config2_s_fu_73/mul_16s_12s_26_1_1_U1/tmp_product/DSP_ALU.ALU_OUT<13>
                         DSP_OUTPUT (Prop_DSP_OUTPUT_ALU_OUT[13]_P[13])
                                                      0.109     2.532 f  grp_dense_latency_ap_fixed_16_6_5_3_0_ap_fixed_16_6_5_3_0_config2_s_fu_73/mul_16s_12s_26_1_1_U1/tmp_product/DSP_OUTPUT_INST/P[13]
                         net (fo=43, unplaced)        0.318     2.850    grp_dense_latency_ap_fixed_16_6_5_3_0_ap_fixed_16_6_5_3_0_config2_s_fu_73/mul_16s_12s_26_1_1_U1/P[3]
                         LUT1 (Prop_LUT1_I0_O)        0.037     2.887 r  grp_dense_latency_ap_fixed_16_6_5_3_0_ap_fixed_16_6_5_3_0_config2_s_fu_73/mul_16s_12s_26_1_1_U1/add_ln58_93_reg_923[15]_i_39/O
                         net (fo=1, unplaced)         0.028     2.915    grp_dense_latency_ap_fixed_16_6_5_3_0_ap_fixed_16_6_5_3_0_config2_s_fu_73/mul_16s_12s_26_1_1_U1/add_ln58_93_reg_923[15]_i_39_n_0
                         CARRY8 (Prop_CARRY8_S[2]_O[5])
                                                      0.200     3.115 r  grp_dense_latency_ap_fixed_16_6_5_3_0_ap_fixed_16_6_5_3_0_config2_s_fu_73/mul_16s_12s_26_1_1_U1/add_ln58_93_reg_923_reg[15]_i_29/O[5]
                         net (fo=2, unplaced)         0.141     3.256    grp_dense_latency_ap_fixed_16_6_5_3_0_ap_fixed_16_6_5_3_0_config2_s_fu_73/mul_16s_12s_26_1_1_U1/sext_ln58_fu_495_p1[6]
                         LUT6 (Prop_LUT6_I4_O)        0.053     3.309 r  grp_dense_latency_ap_fixed_16_6_5_3_0_ap_fixed_16_6_5_3_0_config2_s_fu_73/mul_16s_12s_26_1_1_U1/add_ln58_93_reg_923[7]_i_2/O
                         net (fo=2, unplaced)         0.186     3.495    grp_dense_latency_ap_fixed_16_6_5_3_0_ap_fixed_16_6_5_3_0_config2_s_fu_73/mul_16s_12s_26_1_1_U1/add_ln58_93_reg_923[7]_i_2_n_0
                         LUT6 (Prop_LUT6_I0_O)        0.039     3.534 r  grp_dense_latency_ap_fixed_16_6_5_3_0_ap_fixed_16_6_5_3_0_config2_s_fu_73/mul_16s_12s_26_1_1_U1/add_ln58_93_reg_923[7]_i_10/O
                         net (fo=1, unplaced)         0.022     3.556    grp_dense_latency_ap_fixed_16_6_5_3_0_ap_fixed_16_6_5_3_0_config2_s_fu_73/mul_16s_12s_26_1_1_U1/add_ln58_93_reg_923[7]_i_10_n_0
                         CARRY8 (Prop_CARRY8_S[7]_CO[7])
                                                      0.124     3.680 r  grp_dense_latency_ap_fixed_16_6_5_3_0_ap_fixed_16_6_5_3_0_config2_s_fu_73/mul_16s_12s_26_1_1_U1/add_ln58_93_reg_923_reg[7]_i_1/CO[7]
                         net (fo=1, unplaced)         0.005     3.685    grp_dense_latency_ap_fixed_16_6_5_3_0_ap_fixed_16_6_5_3_0_config2_s_fu_73/mul_16s_12s_26_1_1_U1/add_ln58_93_reg_923_reg[7]_i_1_n_0
                         CARRY8 (Prop_CARRY8_CI_O[6])
                                                      0.103     3.788 r  grp_dense_latency_ap_fixed_16_6_5_3_0_ap_fixed_16_6_5_3_0_config2_s_fu_73/mul_16s_12s_26_1_1_U1/add_ln58_93_reg_923_reg[15]_i_1/O[6]
                         net (fo=1, unplaced)         0.026     3.814    grp_dense_latency_ap_fixed_16_6_5_3_0_ap_fixed_16_6_5_3_0_config2_s_fu_73/add_ln58_93_fu_505_p2[14]
                         FDRE                                         r  grp_dense_latency_ap_fixed_16_6_5_3_0_ap_fixed_16_6_5_3_0_config2_s_fu_73/add_ln58_93_reg_923_reg[14]/D
  -------------------------------------------------------------------    -------------------

                         (clock ap_clk rise edge)     0.000     0.000 r  
                                                      0.000     0.000 r  ap_clk (IN)
                         net (fo=2571, unset)         0.021     0.021    grp_dense_latency_ap_fixed_16_6_5_3_0_ap_fixed_16_6_5_3_0_config2_s_fu_73/ap_clk
                         FDRE                                         r  grp_dense_latency_ap_fixed_16_6_5_3_0_ap_fixed_16_6_5_3_0_config2_s_fu_73/add_ln58_93_reg_923_reg[14]/C

Slack:                    inf
  Source:                 features[8]
                            (input port)
  Destination:            grp_dense_latency_ap_fixed_16_6_5_3_0_ap_fixed_16_6_5_3_0_config2_s_fu_73/add_ln58_104_reg_938_reg[9]/D
                            (rising edge-triggered cell FDRE clocked by ap_clk  {rise@0.000ns fall@5.000ns period=10.000ns})
  Path Group:             (none)
  Path Type:              Setup (Max at Slow Process Corner)
  Data Path Delay:        3.814ns  (logic 2.295ns (60.173%)  route 1.519ns (39.827%))
  Logic Levels:           16  (CARRY8=3 DSP_A_B_DATA=1 DSP_ALU=1 DSP_M_DATA=1 DSP_MULTIPLIER=1 DSP_OUTPUT=1 DSP_PREADD_DATA=1 LUT1=1 LUT3=1 LUT5=1 LUT6=4)
  Clock Path Skew:        0.021ns (DCD - SCD + CPR)
    Destination Clock Delay (DCD):    0.021ns
    Source Clock Delay      (SCD):    0.000ns
    Clock Pessimism Removal (CPR):    0.000ns
  Clock Uncertainty:      0.025ns  ((TSJ^2 + TIJ^2)^1/2 + DJ) / 2 + PE
    Total System Jitter     (TSJ):    0.050ns
    Total Input Jitter      (TIJ):    0.000ns
    Discrete Jitter          (DJ):    0.000ns
    Phase Error              (PE):    0.000ns

    Location             Delay type                Incr(ns)  Path(ns)    Netlist Resource(s)
  -------------------------------------------------------------------    -------------------
                                                      0.000     0.000 f  features[8] (IN)
                         net (fo=1, unset)            0.000     0.000    grp_dense_latency_ap_fixed_16_6_5_3_0_ap_fixed_16_6_5_3_0_config2_s_fu_73/mul_16s_12s_26_1_1_U1/features[8]
                         LUT3 (Prop_LUT3_I0_O)        0.112     0.112 f  grp_dense_latency_ap_fixed_16_6_5_3_0_ap_fixed_16_6_5_3_0_config2_s_fu_73/mul_16s_12s_26_1_1_U1/a_reg_756[8]_i_1/O
                         net (fo=2, unplaced)         0.140     0.252    grp_dense_latency_ap_fixed_16_6_5_3_0_ap_fixed_16_6_5_3_0_config2_s_fu_73/mul_16s_12s_26_1_1_U1/D[4]
                         LUT6 (Prop_LUT6_I2_O)        0.090     0.342 r  grp_dense_latency_ap_fixed_16_6_5_3_0_ap_fixed_16_6_5_3_0_config2_s_fu_73/mul_16s_12s_26_1_1_U1/tmp_product_i_137/O
                         net (fo=1, unplaced)         0.186     0.528    grp_dense_latency_ap_fixed_16_6_5_3_0_ap_fixed_16_6_5_3_0_config2_s_fu_73/mul_16s_12s_26_1_1_U1/tmp_product_i_137_n_0
                         LUT6 (Prop_LUT6_I0_O)        0.038     0.566 r  grp_dense_latency_ap_fixed_16_6_5_3_0_ap_fixed_16_6_5_3_0_config2_s_fu_73/mul_16s_12s_26_1_1_U1/tmp_product_i_77/O
                         net (fo=1, unplaced)         0.186     0.752    grp_dense_latency_ap_fixed_16_6_5_3_0_ap_fixed_16_6_5_3_0_config2_s_fu_73/mul_16s_12s_26_1_1_U1/tmp_product_i_77_n_0
                         LUT6 (Prop_LUT6_I0_O)        0.038     0.790 f  grp_dense_latency_ap_fixed_16_6_5_3_0_ap_fixed_16_6_5_3_0_config2_s_fu_73/mul_16s_12s_26_1_1_U1/tmp_product_i_20/O
                         net (fo=1, unplaced)         0.228     1.018    grp_dense_latency_ap_fixed_16_6_5_3_0_ap_fixed_16_6_5_3_0_config2_s_fu_73/mul_16s_12s_26_1_1_U1/tmp_product/A[8]
                         DSP_A_B_DATA (Prop_DSP_A_B_DATA_A[8]_A2_DATA[8])
                                                      0.192     1.210 r  grp_dense_latency_ap_fixed_16_6_5_3_0_ap_fixed_16_6_5_3_0_config2_s_fu_73/mul_16s_12s_26_1_1_U1/tmp_product/DSP_A_B_DATA_INST/A2_DATA[8]
                         net (fo=1, unplaced)         0.000     1.210    grp_dense_latency_ap_fixed_16_6_5_3_0_ap_fixed_16_6_5_3_0_config2_s_fu_73/mul_16s_12s_26_1_1_U1/tmp_product/DSP_A_B_DATA.A2_DATA<8>
                         DSP_PREADD_DATA (Prop_DSP_PREADD_DATA_A2_DATA[8]_A2A1[8])
                                                      0.076     1.286 r  grp_dense_latency_ap_fixed_16_6_5_3_0_ap_fixed_16_6_5_3_0_config2_s_fu_73/mul_16s_12s_26_1_1_U1/tmp_product/DSP_PREADD_DATA_INST/A2A1[8]
                         net (fo=1, unplaced)         0.000     1.286    grp_dense_latency_ap_fixed_16_6_5_3_0_ap_fixed_16_6_5_3_0_config2_s_fu_73/mul_16s_12s_26_1_1_U1/tmp_product/DSP_PREADD_DATA.A2A1<8>
                         DSP_MULTIPLIER (Prop_DSP_MULTIPLIER_A2A1[8]_U[13])
                                                      0.505     1.791 f  grp_dense_latency_ap_fixed_16_6_5_3_0_ap_fixed_16_6_5_3_0_config2_s_fu_73/mul_16s_12s_26_1_1_U1/tmp_product/DSP_MULTIPLIER_INST/U[13]
                         net (fo=1, unplaced)         0.000     1.791    grp_dense_latency_ap_fixed_16_6_5_3_0_ap_fixed_16_6_5_3_0_config2_s_fu_73/mul_16s_12s_26_1_1_U1/tmp_product/DSP_MULTIPLIER.U<13>
                         DSP_M_DATA (Prop_DSP_M_DATA_U[13]_U_DATA[13])
                                                      0.047     1.838 r  grp_dense_latency_ap_fixed_16_6_5_3_0_ap_fixed_16_6_5_3_0_config2_s_fu_73/mul_16s_12s_26_1_1_U1/tmp_product/DSP_M_DATA_INST/U_DATA[13]
                         net (fo=1, unplaced)         0.000     1.838    grp_dense_latency_ap_fixed_16_6_5_3_0_ap_fixed_16_6_5_3_0_config2_s_fu_73/mul_16s_12s_26_1_1_U1/tmp_product/DSP_M_DATA.U_DATA<13>
                         DSP_ALU (Prop_DSP_ALU_U_DATA[13]_ALU_OUT[13])
                                                      0.585     2.423 r  grp_dense_latency_ap_fixed_16_6_5_3_0_ap_fixed_16_6_5_3_0_config2_s_fu_73/mul_16s_12s_26_1_1_U1/tmp_product/DSP_ALU_INST/ALU_OUT[13]
                         net (fo=1, unplaced)         0.000     2.423    grp_dense_latency_ap_fixed_16_6_5_3_0_ap_fixed_16_6_5_3_0_config2_s_fu_73/mul_16s_12s_26_1_1_U1/tmp_product/DSP_ALU.ALU_OUT<13>
                         DSP_OUTPUT (Prop_DSP_OUTPUT_ALU_OUT[13]_P[13])
                                                      0.109     2.532 f  grp_dense_latency_ap_fixed_16_6_5_3_0_ap_fixed_16_6_5_3_0_config2_s_fu_73/mul_16s_12s_26_1_1_U1/tmp_product/DSP_OUTPUT_INST/P[13]
                         net (fo=43, unplaced)        0.318     2.850    grp_dense_latency_ap_fixed_16_6_5_3_0_ap_fixed_16_6_5_3_0_config2_s_fu_73/mul_16s_12s_26_1_1_U1/P[3]
                         LUT1 (Prop_LUT1_I0_O)        0.037     2.887 r  grp_dense_latency_ap_fixed_16_6_5_3_0_ap_fixed_16_6_5_3_0_config2_s_fu_73/mul_16s_12s_26_1_1_U1/add_ln58_104_reg_938[7]_i_25/O
                         net (fo=1, unplaced)         0.032     2.919    grp_dense_latency_ap_fixed_16_6_5_3_0_ap_fixed_16_6_5_3_0_config2_s_fu_73/mul_16s_12s_26_1_1_U1/add_ln58_104_reg_938[7]_i_25_n_0
                         CARRY8 (Prop_CARRY8_S[3]_O[4])
                                                      0.149     3.068 r  grp_dense_latency_ap_fixed_16_6_5_3_0_ap_fixed_16_6_5_3_0_config2_s_fu_73/mul_16s_12s_26_1_1_U1/add_ln58_104_reg_938_reg[7]_i_9/O[4]
                         net (fo=2, unplaced)         0.184     3.252    grp_dense_latency_ap_fixed_16_6_5_3_0_ap_fixed_16_6_5_3_0_config2_s_fu_73/mul_16s_12s_26_1_1_U1/sext_ln58_6_fu_588_p1[4]
                         LUT5 (Prop_LUT5_I0_O)        0.038     3.290 r  grp_dense_latency_ap_fixed_16_6_5_3_0_ap_fixed_16_6_5_3_0_config2_s_fu_73/mul_16s_12s_26_1_1_U1/add_ln58_104_reg_938[7]_i_4/O
                         net (fo=2, unplaced)         0.186     3.476    grp_dense_latency_ap_fixed_16_6_5_3_0_ap_fixed_16_6_5_3_0_config2_s_fu_73/mul_16s_12s_26_1_1_U1/add_ln58_104_reg_938[7]_i_4_n_0
                         LUT6 (Prop_LUT6_I0_O)        0.037     3.513 r  grp_dense_latency_ap_fixed_16_6_5_3_0_ap_fixed_16_6_5_3_0_config2_s_fu_73/mul_16s_12s_26_1_1_U1/add_ln58_104_reg_938[7]_i_12/O
                         net (fo=1, unplaced)         0.029     3.542    grp_dense_latency_ap_fixed_16_6_5_3_0_ap_fixed_16_6_5_3_0_config2_s_fu_73/mul_16s_12s_26_1_1_U1/add_ln58_104_reg_938[7]_i_12_n_0
                         CARRY8 (Prop_CARRY8_S[5]_CO[7])
                                                      0.166     3.708 r  grp_dense_latency_ap_fixed_16_6_5_3_0_ap_fixed_16_6_5_3_0_config2_s_fu_73/mul_16s_12s_26_1_1_U1/add_ln58_104_reg_938_reg[7]_i_1/CO[7]
                         net (fo=1, unplaced)         0.005     3.713    grp_dense_latency_ap_fixed_16_6_5_3_0_ap_fixed_16_6_5_3_0_config2_s_fu_73/mul_16s_12s_26_1_1_U1/add_ln58_104_reg_938_reg[7]_i_1_n_0
                         CARRY8 (Prop_CARRY8_CI_O[1])
                                                      0.076     3.789 r  grp_dense_latency_ap_fixed_16_6_5_3_0_ap_fixed_16_6_5_3_0_config2_s_fu_73/mul_16s_12s_26_1_1_U1/add_ln58_104_reg_938_reg[15]_i_1/O[1]
                         net (fo=1, unplaced)         0.025     3.814    grp_dense_latency_ap_fixed_16_6_5_3_0_ap_fixed_16_6_5_3_0_config2_s_fu_73/add_ln58_104_fu_597_p2[9]
                         FDRE                                         r  grp_dense_latency_ap_fixed_16_6_5_3_0_ap_fixed_16_6_5_3_0_config2_s_fu_73/add_ln58_104_reg_938_reg[9]/D
  -------------------------------------------------------------------    -------------------

                         (clock ap_clk rise edge)     0.000     0.000 r  
                                                      0.000     0.000 r  ap_clk (IN)
                         net (fo=2571, unset)         0.021     0.021    grp_dense_latency_ap_fixed_16_6_5_3_0_ap_fixed_16_6_5_3_0_config2_s_fu_73/ap_clk
                         FDRE                                         r  grp_dense_latency_ap_fixed_16_6_5_3_0_ap_fixed_16_6_5_3_0_config2_s_fu_73/add_ln58_104_reg_938_reg[9]/C

Slack:                    inf
  Source:                 features[8]
                            (input port)
  Destination:            grp_dense_latency_ap_fixed_16_6_5_3_0_ap_fixed_16_6_5_3_0_config2_s_fu_73/add_ln58_104_reg_938_reg[10]/D
                            (rising edge-triggered cell FDRE clocked by ap_clk  {rise@0.000ns fall@5.000ns period=10.000ns})
  Path Group:             (none)
  Path Type:              Setup (Max at Slow Process Corner)
  Data Path Delay:        3.806ns  (logic 2.286ns (60.063%)  route 1.520ns (39.937%))
  Logic Levels:           16  (CARRY8=3 DSP_A_B_DATA=1 DSP_ALU=1 DSP_M_DATA=1 DSP_MULTIPLIER=1 DSP_OUTPUT=1 DSP_PREADD_DATA=1 LUT1=1 LUT3=1 LUT5=1 LUT6=4)
  Clock Path Skew:        0.021ns (DCD - SCD + CPR)
    Destination Clock Delay (DCD):    0.021ns
    Source Clock Delay      (SCD):    0.000ns
    Clock Pessimism Removal (CPR):    0.000ns
  Clock Uncertainty:      0.025ns  ((TSJ^2 + TIJ^2)^1/2 + DJ) / 2 + PE
    Total System Jitter     (TSJ):    0.050ns
    Total Input Jitter      (TIJ):    0.000ns
    Discrete Jitter          (DJ):    0.000ns
    Phase Error              (PE):    0.000ns

    Location             Delay type                Incr(ns)  Path(ns)    Netlist Resource(s)
  -------------------------------------------------------------------    -------------------
                                                      0.000     0.000 f  features[8] (IN)
                         net (fo=1, unset)            0.000     0.000    grp_dense_latency_ap_fixed_16_6_5_3_0_ap_fixed_16_6_5_3_0_config2_s_fu_73/mul_16s_12s_26_1_1_U1/features[8]
                         LUT3 (Prop_LUT3_I0_O)        0.112     0.112 f  grp_dense_latency_ap_fixed_16_6_5_3_0_ap_fixed_16_6_5_3_0_config2_s_fu_73/mul_16s_12s_26_1_1_U1/a_reg_756[8]_i_1/O
                         net (fo=2, unplaced)         0.140     0.252    grp_dense_latency_ap_fixed_16_6_5_3_0_ap_fixed_16_6_5_3_0_config2_s_fu_73/mul_16s_12s_26_1_1_U1/D[4]
                         LUT6 (Prop_LUT6_I2_O)        0.090     0.342 r  grp_dense_latency_ap_fixed_16_6_5_3_0_ap_fixed_16_6_5_3_0_config2_s_fu_73/mul_16s_12s_26_1_1_U1/tmp_product_i_137/O
                         net (fo=1, unplaced)         0.186     0.528    grp_dense_latency_ap_fixed_16_6_5_3_0_ap_fixed_16_6_5_3_0_config2_s_fu_73/mul_16s_12s_26_1_1_U1/tmp_product_i_137_n_0
                         LUT6 (Prop_LUT6_I0_O)        0.038     0.566 r  grp_dense_latency_ap_fixed_16_6_5_3_0_ap_fixed_16_6_5_3_0_config2_s_fu_73/mul_16s_12s_26_1_1_U1/tmp_product_i_77/O
                         net (fo=1, unplaced)         0.186     0.752    grp_dense_latency_ap_fixed_16_6_5_3_0_ap_fixed_16_6_5_3_0_config2_s_fu_73/mul_16s_12s_26_1_1_U1/tmp_product_i_77_n_0
                         LUT6 (Prop_LUT6_I0_O)        0.038     0.790 f  grp_dense_latency_ap_fixed_16_6_5_3_0_ap_fixed_16_6_5_3_0_config2_s_fu_73/mul_16s_12s_26_1_1_U1/tmp_product_i_20/O
                         net (fo=1, unplaced)         0.228     1.018    grp_dense_latency_ap_fixed_16_6_5_3_0_ap_fixed_16_6_5_3_0_config2_s_fu_73/mul_16s_12s_26_1_1_U1/tmp_product/A[8]
                         DSP_A_B_DATA (Prop_DSP_A_B_DATA_A[8]_A2_DATA[8])
                                                      0.192     1.210 r  grp_dense_latency_ap_fixed_16_6_5_3_0_ap_fixed_16_6_5_3_0_config2_s_fu_73/mul_16s_12s_26_1_1_U1/tmp_product/DSP_A_B_DATA_INST/A2_DATA[8]
                         net (fo=1, unplaced)         0.000     1.210    grp_dense_latency_ap_fixed_16_6_5_3_0_ap_fixed_16_6_5_3_0_config2_s_fu_73/mul_16s_12s_26_1_1_U1/tmp_product/DSP_A_B_DATA.A2_DATA<8>
                         DSP_PREADD_DATA (Prop_DSP_PREADD_DATA_A2_DATA[8]_A2A1[8])
                                                      0.076     1.286 r  grp_dense_latency_ap_fixed_16_6_5_3_0_ap_fixed_16_6_5_3_0_config2_s_fu_73/mul_16s_12s_26_1_1_U1/tmp_product/DSP_PREADD_DATA_INST/A2A1[8]
                         net (fo=1, unplaced)         0.000     1.286    grp_dense_latency_ap_fixed_16_6_5_3_0_ap_fixed_16_6_5_3_0_config2_s_fu_73/mul_16s_12s_26_1_1_U1/tmp_product/DSP_PREADD_DATA.A2A1<8>
                         DSP_MULTIPLIER (Prop_DSP_MULTIPLIER_A2A1[8]_U[13])
                                                      0.505     1.791 f  grp_dense_latency_ap_fixed_16_6_5_3_0_ap_fixed_16_6_5_3_0_config2_s_fu_73/mul_16s_12s_26_1_1_U1/tmp_product/DSP_MULTIPLIER_INST/U[13]
                         net (fo=1, unplaced)         0.000     1.791    grp_dense_latency_ap_fixed_16_6_5_3_0_ap_fixed_16_6_5_3_0_config2_s_fu_73/mul_16s_12s_26_1_1_U1/tmp_product/DSP_MULTIPLIER.U<13>
                         DSP_M_DATA (Prop_DSP_M_DATA_U[13]_U_DATA[13])
                                                      0.047     1.838 r  grp_dense_latency_ap_fixed_16_6_5_3_0_ap_fixed_16_6_5_3_0_config2_s_fu_73/mul_16s_12s_26_1_1_U1/tmp_product/DSP_M_DATA_INST/U_DATA[13]
                         net (fo=1, unplaced)         0.000     1.838    grp_dense_latency_ap_fixed_16_6_5_3_0_ap_fixed_16_6_5_3_0_config2_s_fu_73/mul_16s_12s_26_1_1_U1/tmp_product/DSP_M_DATA.U_DATA<13>
                         DSP_ALU (Prop_DSP_ALU_U_DATA[13]_ALU_OUT[13])
                                                      0.585     2.423 r  grp_dense_latency_ap_fixed_16_6_5_3_0_ap_fixed_16_6_5_3_0_config2_s_fu_73/mul_16s_12s_26_1_1_U1/tmp_product/DSP_ALU_INST/ALU_OUT[13]
                         net (fo=1, unplaced)         0.000     2.423    grp_dense_latency_ap_fixed_16_6_5_3_0_ap_fixed_16_6_5_3_0_config2_s_fu_73/mul_16s_12s_26_1_1_U1/tmp_product/DSP_ALU.ALU_OUT<13>
                         DSP_OUTPUT (Prop_DSP_OUTPUT_ALU_OUT[13]_P[13])
                                                      0.109     2.532 f  grp_dense_latency_ap_fixed_16_6_5_3_0_ap_fixed_16_6_5_3_0_config2_s_fu_73/mul_16s_12s_26_1_1_U1/tmp_product/DSP_OUTPUT_INST/P[13]
                         net (fo=43, unplaced)        0.318     2.850    grp_dense_latency_ap_fixed_16_6_5_3_0_ap_fixed_16_6_5_3_0_config2_s_fu_73/mul_16s_12s_26_1_1_U1/P[3]
                         LUT1 (Prop_LUT1_I0_O)        0.037     2.887 r  grp_dense_latency_ap_fixed_16_6_5_3_0_ap_fixed_16_6_5_3_0_config2_s_fu_73/mul_16s_12s_26_1_1_U1/add_ln58_104_reg_938[7]_i_25/O
                         net (fo=1, unplaced)         0.032     2.919    grp_dense_latency_ap_fixed_16_6_5_3_0_ap_fixed_16_6_5_3_0_config2_s_fu_73/mul_16s_12s_26_1_1_U1/add_ln58_104_reg_938[7]_i_25_n_0
                         CARRY8 (Prop_CARRY8_S[3]_O[4])
                                                      0.149     3.068 r  grp_dense_latency_ap_fixed_16_6_5_3_0_ap_fixed_16_6_5_3_0_config2_s_fu_73/mul_16s_12s_26_1_1_U1/add_ln58_104_reg_938_reg[7]_i_9/O[4]
                         net (fo=2, unplaced)         0.184     3.252    grp_dense_latency_ap_fixed_16_6_5_3_0_ap_fixed_16_6_5_3_0_config2_s_fu_73/mul_16s_12s_26_1_1_U1/sext_ln58_6_fu_588_p1[4]
                         LUT5 (Prop_LUT5_I0_O)        0.038     3.290 r  grp_dense_latency_ap_fixed_16_6_5_3_0_ap_fixed_16_6_5_3_0_config2_s_fu_73/mul_16s_12s_26_1_1_U1/add_ln58_104_reg_938[7]_i_4/O
                         net (fo=2, unplaced)         0.186     3.476    grp_dense_latency_ap_fixed_16_6_5_3_0_ap_fixed_16_6_5_3_0_config2_s_fu_73/mul_16s_12s_26_1_1_U1/add_ln58_104_reg_938[7]_i_4_n_0
                         LUT6 (Prop_LUT6_I0_O)        0.037     3.513 r  grp_dense_latency_ap_fixed_16_6_5_3_0_ap_fixed_16_6_5_3_0_config2_s_fu_73/mul_16s_12s_26_1_1_U1/add_ln58_104_reg_938[7]_i_12/O
                         net (fo=1, unplaced)         0.029     3.542    grp_dense_latency_ap_fixed_16_6_5_3_0_ap_fixed_16_6_5_3_0_config2_s_fu_73/mul_16s_12s_26_1_1_U1/add_ln58_104_reg_938[7]_i_12_n_0
                         CARRY8 (Prop_CARRY8_S[5]_CO[7])
                                                      0.166     3.708 r  grp_dense_latency_ap_fixed_16_6_5_3_0_ap_fixed_16_6_5_3_0_config2_s_fu_73/mul_16s_12s_26_1_1_U1/add_ln58_104_reg_938_reg[7]_i_1/CO[7]
                         net (fo=1, unplaced)         0.005     3.713    grp_dense_latency_ap_fixed_16_6_5_3_0_ap_fixed_16_6_5_3_0_config2_s_fu_73/mul_16s_12s_26_1_1_U1/add_ln58_104_reg_938_reg[7]_i_1_n_0
                         CARRY8 (Prop_CARRY8_CI_O[2])
                                                      0.067     3.780 r  grp_dense_latency_ap_fixed_16_6_5_3_0_ap_fixed_16_6_5_3_0_config2_s_fu_73/mul_16s_12s_26_1_1_U1/add_ln58_104_reg_938_reg[15]_i_1/O[2]
                         net (fo=1, unplaced)         0.026     3.806    grp_dense_latency_ap_fixed_16_6_5_3_0_ap_fixed_16_6_5_3_0_config2_s_fu_73/add_ln58_104_fu_597_p2[10]
                         FDRE                                         r  grp_dense_latency_ap_fixed_16_6_5_3_0_ap_fixed_16_6_5_3_0_config2_s_fu_73/add_ln58_104_reg_938_reg[10]/D
  -------------------------------------------------------------------    -------------------

                         (clock ap_clk rise edge)     0.000     0.000 r  
                                                      0.000     0.000 r  ap_clk (IN)
                         net (fo=2571, unset)         0.021     0.021    grp_dense_latency_ap_fixed_16_6_5_3_0_ap_fixed_16_6_5_3_0_config2_s_fu_73/ap_clk
                         FDRE                                         r  grp_dense_latency_ap_fixed_16_6_5_3_0_ap_fixed_16_6_5_3_0_config2_s_fu_73/add_ln58_104_reg_938_reg[10]/C





