complete,duration_s,n,passage,throughput_ips
True,0.00729775,30,0,4110.856085779864
True,0.00729045,30,1,4114.972326811102
True,0.00730088,30,2,4109.093698293905
True,0.00728957,30,3,4115.469088025768
True,0.00729082,30,4,4114.763497110064
True,0.00729471,30,5,4112.569245384669
True,0.00726947,30,6,4126.848312187821
True,0.0072876,30,7,4116.581590647127
True,0.007313,30,8,4102.283604539861
True,0.00730251,30,9,4108.176503695305
True,0.00729508,30,10,4112.360659512987
True,0.00729212,30,11,4114.029939167211
True,0.00728355,30,12,4118.870605679923
True,0.00729195,30,13,4114.125851109786
True,0.00729565,30,14,4112.03936592353
True,0.00729954,30,15,4109.848017820301
True,0.0072971,30,16,4111.222266379795
True,0.0072871,30,17,4116.864047426274
True,0.00730101,30,18,4109.020532775602
True,0.0073054,30,19,4106.551318202973
True,0.00733132,30,20,4092.032539842757
True,0.00801225,30,21,3744.2665917813347
True,0.00802841,30,22,3736.729937808358
True,0.00800801,30,23,3746.2490681205445
True,0.00800866,30,24,3745.9450145217797
True,0.0080066,30,25,3746.9088002398025
True,0.00891052,30,26,3366.8068754685473
True,0.00799651,30,27,3751.636651489212
True,0.00798954,30,28,3754.9095442290795
True,0.00800404,30,29,3748.10720586104
True,0.00800046,30,30,3749.784387397725
True,0.00799353,30,31,3753.035267272406
True,0.00800266,30,32,3748.7535394481333
True,0.00799324,30,33,3753.17142985823
True,0.00799169,30,34,3753.8993629632787
True,0.00801412,30,35,3743.392911511183
True,0.0079937,30,36,3752.95545241878
True,0.00799326,30,37,3753.1620390178723
True,0.00799212,30,38,3753.697391931052
True,0.00813818,30,39,3686.3279013243746
True,0.00852847,30,40,3517.629774156443
True,0.00801845,30,41,3741.371462065611
True,0.00801344,30,42,3743.710566248702
True,0.00801595,30,43,3742.5383142359915
True,0.00830332,30,44,3613.0126262747917
True,0.00811546,30,45,3696.648125922622
True,0.0076184,30,46,3937.8347159508558
True,0.00730462,30,47,4106.989822879219
True,0.00732898,30,48,4093.3390458153794
True,0.00730923,30,49,4104.3995058303
True,0.00729794,30,50,4110.74906069384
True,0.00729803,30,51,4110.698366545493
True,0.0072831,30,52,4119.125097829221
True,0.00730112,30,53,4108.958625525946
True,0.00730516,30,54,4106.6862327450735
True,0.0073003,30,55,4109.420160815309
True,0.00729621,30,56,4111.723757951046
True,0.00728856,30,57,4116.039382264809
True,0.0073027,30,58,4108.069618086462
True,0.0073057,30,59,4106.38268749059
True,0.00730856,30,60,4104.775769782283
True,0.00730456,30,61,4107.023557887128
True,0.00733198,30,62,4091.6641889366856
True,0.00729464,30,63,4112.6087099569
True,0.00731545,30,64,4100.909718472548
True,0.00730482,30,65,4106.877376855282
True,0.00730052,30,66,4109.296324097461
True,0.00729759,30,67,4110.94621649065
True,0.00728979,30,68,4115.344886478211
True,0.0072984,30,69,4110.489970404472
True,0.00730561,30,70,4106.433275250116
True,0.00730126,30,71,4108.879837178788
True,0.00730652,30,72,4105.921834197402
True,0.00730269,30,73,4108.07524350616
True,0.00731594,30,74,4100.63505168167
True,0.00729178,30,75,4114.221767524527
True,0.00730409,30,76,4107.287834624162
True,0.00731861,30,77,4099.139044162758
True,0.00729767,30,78,4110.901150641232
True,0.00727928,30,79,4121.2867206646815
True,0.00726753,30,80,4127.949936223174
True,0.00728277,30,81,4119.311745393579
True,0.00728251,30,82,4119.458812964212
True,0.00728204,30,83,4119.724692531214
True,0.00729174,30,84,4114.24433674267
True,0.00729616,30,85,4111.751935264578
True,0.0072746,30,86,4123.938085942869
True,0.00729904,30,87,4110.129551283457
True,0.00728463,30,88,4118.25995280474
True,0.00728663,30,89,4117.129592143419
True,0.00728709,30,90,4116.869696957221
True,0.00729989,30,91,4109.650967343344
True,0.00727941,30,92,4121.21312029409
True,0.0072972,30,93,4111.1659266567995
True,0.00729024,30,94,4115.090861206216
True,0.00729482,30,95,4112.507231158548
True,0.00728572,30,96,4117.643829298958
True,0.00726921,30,97,4126.995918401037
True,0.00728233,30,98,4119.560635126395
True,0.0072866,30,99,4117.146542969286
True,0.00729107,30,100,4114.622407959326
True,0.00727645,30,101,4122.889595888105
True,0.00728128,30,102,4120.154698075064
True,0.00726609,30,103,4128.768016911434
True,0.00728875,30,104,4115.932087120563
True,0.00730841,30,105,4104.860017431972
True,0.0072825,30,106,4119.46446961895
True,0.00727344,30,107,4124.595789612618
True,0.00726352,30,108,4130.228869749102
True,0.0072915,30,109,4114.379757251594
True,0.00727499,30,110,4123.717008545716
True,0.00727482,30,111,4123.813372702005
True,0.00726861,30,112,4127.336588426123
True,0.007271,30,113,4125.979920231055
True,0.00726019,30,114,4132.123263991714
True,0.00728249,30,115,4119.470126289222
True,0.00728023,30,116,4120.74893238263
True,0.0072768,30,117,4122.691292875989
True,0.00728109,30,118,4120.262213487266
True,0.00725753,30,119,4133.637752789172
True,0.00730845,30,120,4104.837551053917
True,0.00728571,30,121,4117.649480970283
True,0.00728608,30,122,4117.440379463305
True,0.00728007,30,123,4120.839497422415
True,0.00728284,30,124,4119.272152072544
True,0.00726615,30,125,4128.733923742285
True,0.00728055,30,126,4120.567814244803
True,0.00727602,30,127,4123.13325142042
True,0.00727456,30,128,4123.9607618880045
True,0.00729093,30,129,4114.701416691698
True,0.00726499,30,130,4129.393158146123
True,0.00728169,30,131,4119.922710249955
True,0.00728642,30,132,4117.248250855701
True,0.00727527,30,133,4123.558300929038
True,0.00729959,30,134,4109.819866595247
True,0.00728261,30,135,4119.4022472712395
True,0.00727251,30,136,4125.123238056737
True,0.00728302,30,137,4119.170344170413
True,0.00728247,30,138,4119.481439676373
True,0.00728743,30,139,4116.677621603227
True,0.00729599,30,140,4111.847741019382
True,0.0072882,30,141,4116.242693669219
True,0.00727277,30,142,4124.975765767376
True,0.00728758,30,143,4116.5928881741265
True,0.00731016,30,144,4103.877343313963
True,0.00728466,30,145,4118.242992809548
True,0.00728439,30,146,4118.395637795341
True,0.00727271,30,147,4125.009796898267
True,0.00731165,30,148,4103.041037248774
True,0.00729238,30,149,4113.883258963466
True,0.00730029,30,150,4109.425789934372
True,0.00729131,30,151,4114.486971477005
True,0.00728581,30,152,4117.592964955166
True,0.00727935,30,153,4121.2470893692425
True,0.00729621,30,154,4111.723757951046
True,0.00728768,30,155,4116.536401159216
True,0.00728964,30,156,4115.429568538364
True,0.00729658,30,157,4111.515257833122
True,0.00728683,30,158,4117.016590204519
True,0.0072877,30,159,4116.525103942258
True,0.00728405,30,160,4118.587873504438
True,0.00728965,30,161,4115.423922959264
True,0.00730449,30,162,4107.062916096812
True,0.00728993,30,163,4115.265853032883
True,0.00728292,30,164,4119.226903494752
True,0.00729379,30,165,4113.087983065046
True,0.00729378,30,166,4113.093622237029
True,0.00729851,30,167,4110.428018869605
True,0.00729332,30,168,4113.353040864791
True,0.00729576,30,169,4111.977367676568
True,0.00730779,30,170,4105.208277741971
True,0.00729845,30,171,4110.461810384397
True,0.00729523,30,172,4112.276103700638
True,0.00730147,30,173,4108.761660323195
True,0.00729453,30,174,4112.670727243565
True,0.00727619,30,175,4123.036919046919
True,0.00729279,30,176,4113.651976815458
True,0.00785938,30,177,3817.0949871363905
True,0.00800473,30,178,3747.784122637491
True,0.00814161,30,179,3684.774878678787
True,0.00800601,30,180,3747.184927323349
True,0.00800152,30,181,3749.287635349284
True,0.0080171,30,182,3742.001471853913
True,0.00801237,30,183,3744.210514491967
True,0.00799963,30,184,3750.1734455218552
True,0.00801362,30,185,3743.626475924738
True,0.00801606,30,186,3742.486957432953
True,0.00801523,30,187,3742.8745026655506
True,0.00802297,30,188,3739.263639275729
True,0.00801448,30,189,3743.224763178647
True,0.00802376,30,190,3738.8954804231435
True,0.00740219,30,191,4052.8546281573426
True,0.00730141,30,192,4108.795424445415
True,0.00729233,30,193,4113.911465882647
True,0.00730809,30,194,4105.03975731005
True,0.00730251,30,195,4108.176503695305
True,0.00728397,30,196,4118.633108044102
True,0.00729839,30,197,4110.495602454788
True,0.00729722,30,198,4111.154658897498
True,0.00729497,30,199,4112.422669318723
True,0.00728585,30,200,4117.570358983509
True,0.00727767,30,201,4122.198450877822
True,0.00728754,30,202,4116.615483414156
True,0.00729222,30,203,4113.973522466409
True,0.00731837,30,204,4099.273472098295
True,0.00729527,30,205,4112.253556071262
True,0.00729307,30,206,4113.494042975044
True,0.00727724,30,207,4122.442024723659
True,0.00729173,30,208,4114.2499790858965
True,0.00728429,30,209,4118.4521758469255
True,0.007289,30,210,4115.790917821375
True,0.00728592,30,211,4117.530799130377
True,0.00728077,30,212,4120.443304760348
True,0.00729117,30,213,4114.565975008127
True,0.00729892,30,214,4110.197125054117
True,0.0072954,30,215,4112.180277983387
True,0.00729047,30,216,4114.961038177236
True,0.00729331,30,217,4113.358680763604
True,0.00729959,30,218,4109.819866595247
True,0.00729524,30,219,4112.270466770114
True,0.00729293,30,220,4113.573008379348
True,0.00728724,30,221,4116.784955621058
True,0.00729455,30,222,4112.659451234141
True,0.00728617,30,223,4117.389520145701
True,0.00728789,30,224,4116.41778347368
True,0.00729209,30,225,4114.046864479182
True,0.00729034,30,226,4115.034415404494
True,0.00729408,30,227,4112.924453803633
True,0.00729438,30,228,4112.755299285203
True,0.0072761,30,229,4123.087917978038
True,0.00728945,30,230,4115.536837484309
True,0.00728465,30,231,4118.248646125758
True,0.00731664,30,232,4100.242734369875
True,0.00729426,30,233,4112.822959422889
True,0.00728867,30,234,4115.977263341598
True,0.00727045,30,235,4126.292045196652
True,0.00729287,30,236,4113.606851623572
True,0.00728321,30,237,4119.062885733077
True,0.00728939,30,238,4115.570713050063
True,0.00728106,30,239,4120.279190117923
True,0.00729214,30,240,4114.018655703264
True,0.00727325,30,241,4124.7035369332825
True,0.00729916,30,242,4110.061979734654
True,0.00729112,30,243,4114.594191290227
True,0.00728895,30,244,4115.819150906509
True,0.00729262,30,245,4113.747871135477
True,0.0072754,30,246,4123.48461940237
True,0.0073103,30,247,4103.7987497093145
True,0.0072902,30,248,4115.113439960495
True,0.00730144,30,249,4108.778542314941
True,0.00729196,30,250,4114.120209107016
True,0.00729733,30,251,4111.092687325364
True,0.00727274,30,252,4124.992781262633
True,0.00728362,30,253,4118.831020838539
True,0.00730269,30,254,4108.07524350616
True,0.00729709,30,255,4111.227900437024
True,0.00729848,30,256,4110.444914557552
True,0.00728715,30,257,4116.835800004117
True,0.00728344,30,258,4118.932811967971
True,0.007289,30,259,4115.790917821375
True,0.00729736,30,260,4111.075786311762
True,0.00731487,30,261,4101.234881822917
True,0.00729768,30,262,4110.895517479527
True,0.00731498,30,263,4101.173208949307
True,0.00732218,30,264,4097.1404690952695
True,0.00731191,30,265,4102.895139573655
True,0.00732057,30,266,4098.041545945192
True,0.00730205,30,267,4108.435302415075
True,0.00730809,30,268,4105.03975731005
True,0.00728817,30,269,4116.259637192876
True,0.00730691,30,270,4105.702684171558
True,0.00730508,30,271,4106.731206229089
True,0.0073103,30,272,4103.7987497093145
True,0.0073052,30,273,4106.663746372446
True,0.00730566,30,274,4106.4051707853905
True,0.00731486,30,275,4101.240488539767
True,0.00730486,30,276,4106.854888389374
True,0.00730545,30,277,4106.523212122456
True,0.00731242,30,278,4102.6089858077075
True,0.00730622,30,279,4106.090427060778
True,0.00729935,30,280,4109.9549959927945
True,0.00729289,30,281,4113.59557048029
True,0.00730966,30,282,4104.158059335181
True,0.00731447,30,283,4101.459162454696
True,0.0073121,30,284,4102.788528603274
True,0.00731175,30,285,4102.984921530414
True,0.00728677,30,286,4117.050490134861
True,0.00731261,30,287,4102.502389707643
True,0.00730798,30,288,4105.101546528589
True,0.00733216,30,289,4091.563741107668
True,0.00731223,30,290,4102.715587447331
True,0.0072962,30,291,4111.729393382857
True,0.00729211,30,292,4114.035580922394
True,0.00730643,30,293,4105.972410602716
True,0.00731088,30,294,4103.473179699297
True,0.00730808,30,295,4105.045374434872
True,0.00730691,30,296,4105.702684171558
True,0.00730945,30,297,4104.275971516325
True,0.0072834,30,298,4118.955432902216
True,0.00730289,30,299,4107.962738039324
True,0.00731715,30,300,4099.9569504520205
True,0.00730611,30,301,4106.152247913048
True,0.00730951,30,302,4104.242281630369
True,0.00732693,30,303,4094.484320172296
True,0.00730144,30,304,4108.778542314941
True,0.00730804,30,305,4105.067843087887
True,0.00731141,30,306,4103.175721235712
True,0.00731318,30,307,4102.182634640471
True,0.00729908,30,308,4110.107027186988
True,0.00731699,30,309,4100.046603863064
True,0.0073134,30,310,4102.059233735335
True,0.00730406,30,311,4107.304704506809
True,0.0073049,30,312,4106.832400169749
True,0.00731361,30,313,4101.941448887758
True,0.00731019,30,314,4103.86050157383
True,0.00729726,30,315,4111.132123564187
True,0.00731239,30,316,4102.625817277251
True,0.00730793,30,317,4105.1296331519325
True,0.00745922,30,318,4021.8682382340244
True,0.0073029,30,319,4107.957112927741
True,0.00730842,30,320,4104.854400814403
True,0.00729544,30,321,4112.157731404823
True,0.00730704,30,322,4105.629639361493
True,0.00731399,30,323,4101.728331594656
True,0.00731559,30,324,4100.831238492042
True,0.00730709,30,325,4105.601545895835
True,0.00732147,30,326,4097.537789542264
True,0.00730254,30,327,4108.159626650453
True,0.00789716,30,328,3798.8340112141577
True,0.00801721,30,329,3741.9501297833035
True,0.0080243,30,330,3738.643869247162
True,0.00801846,30,331,3741.366796117958
True,0.0080442,30,332,3729.395092116059
True,0.00801911,30,333,3741.063534482006
True,0.00802525,30,334,3738.2013021401203
True,0.00801396,30,335,3743.4676489525773
True,0.00771738,30,336,3887.329637778624
True,0.00730923,30,337,4104.3995058303
True,0.00730901,30,338,4104.523047580999
True,0.00730773,30,339,4105.241983488717
True,0.00730451,30,340,4107.051670817071
True,0.00729298,30,341,4113.544806101209
True,0.00730562,30,342,4106.427654326396
True,0.00730912,30,343,4104.461275776017
True,0.00730911,30,344,4104.466891317821
True,0.00733217,30,345,4091.5581608173297
True,0.00730812,30,346,4105.022906027815
True,0.00730573,30,347,4106.365825181057
True,0.00731904,30,348,4098.898216159497
True,0.00731497,30,349,4101.178815497535
True,0.00732461,30,350,4095.781208828866
True,0.00732254,30,351,4096.939040278374
True,0.0073266,30,352,4094.668741298829
True,0.00731177,30,353,4102.973698570934
True,0.00731301,30,354,4102.277994970607
True,0.00730836,30,355,4104.888100750373
True,0.00732839,30,356,4093.6685956942797
True,0.00730948,30,357,4104.259126504211
True,0.00732609,30,358,4094.953788446497
True,0.00730759,30,359,4105.32063238359
True,0.00734069,30,360,4086.8092781468767
True,0.00731827,30,361,4099.329486340351
True,0.00731751,30,362,4099.755244611896
True,0.00731094,30,363,4103.439502991408
True,0.00732291,30,364,4096.732036854201
True,0.00730328,30,365,4107.743370102201
True,0.00731644,30,366,4100.3548173701965
True,0.00732294,30,367,4096.715253709575
True,0.00731918,30,368,4098.819813148468
True,0.00731799,30,369,4099.486334362305
True,0.00731511,30,370,4101.100325217256
True,0.00730009,30,371,4109.538375554273
True,0.00731641,30,372,4100.3716303487645
True,0.00731893,30,373,4098.959820629518
True,0.00734171,30,374,4086.241488699499
True,0.00732768,30,375,4094.0652430237133
True,0.00730584,30,376,4106.303997897572
True,0.00730554,30,377,4106.472622147028
True,0.00732719,30,378,4094.339030378631
True,0.00732098,30,379,4097.812041557278
True,0.00732227,30,380,4097.090110034183
True,0.00731508,30,381,4101.11714431011
True,0.0073025,30,382,4108.182129407737
True,0.00731288,30,383,4102.350920567546
True,0.00731115,30,384,4103.321638866662
True,0.00730573,30,385,4106.365825181057
True,0.00731058,30,386,4103.641571530577
True,0.00731123,30,387,4103.276740028696
True,0.0073259,30,388,4095.0599926288924
True,0.00731377,30,389,4101.851712591454
True,0.00731119,30,390,4103.299189324856
True,0.00730756,30,391,4105.337486110275
True,0.00732503,30,392,4095.546366363005
True,0.00730936,30,393,4104.326507382315
True,0.00729296,30,394,4113.55608696606
True,0.0073115,30,395,4103.1252137044385
True,0.0073062,30,396,4106.101667077277
True,0.00730378,30,397,4107.462163427705
True,0.00731005,30,398,4103.939097543793
True,0.00730284,30,399,4107.990863828319
True,0.00729628,30,400,4111.684310360896
True,0.00731356,30,401,4101.969492285562
True,0.00735811,30,402,4077.133937926995
True,0.00733757,30,403,4088.5470257864663
True,0.00732889,30,404,4093.3893127062897
True,0.00732639,30,405,4094.7861088476043
True,0.00729961,30,406,4109.808606213209
True,0.00731323,30,407,4102.154588328276
True,0.00730101,30,408,4109.020532775602
True,0.00729652,30,409,4111.549067226569
True,0.00731324,30,410,4102.148979111857
True,0.00730798,30,411,4105.101546528589
True,0.00729299,30,412,4113.539165691986
True,0.00730385,30,413,4107.422797565668
True,0.00730185,30,414,4108.547833768154
True,0.00729793,30,415,4110.7546934541715
True,0.00731752,30,416,4099.749641955198
True,0.00727956,30,417,4121.128200056048
True,0.00730817,30,418,4104.9948208648675
True,0.00730648,30,419,4105.9443124459385
True,0.00730854,30,420,4104.787002602435
True,0.00730643,30,421,4105.972410602716
True,0.00730727,30,422,4105.500412602792
True,0.00729053,30,423,4114.927172647256
True,0.00730659,30,424,4105.882497854676
True,0.00730214,30,425,4108.3846653172905
True,0.00730081,30,426,4109.133096190697
True,0.00729331,30,427,4113.358680763604
True,0.00728395,30,428,4118.644416834272
True,0.00727884,30,429,4121.535849118815
True,0.00729969,30,430,4109.763565302088
True,0.00732304,30,431,4096.659310887281
True,0.0073006,30,432,4109.251294414158
True,0.00729894,30,433,4110.185862604707
True,0.00728533,30,434,4117.864255977423
True,0.00730697,30,435,4105.66897085933
True,0.0072979,30,436,4110.771591827785
True,0.00729816,30,437,4110.62514387188
True,0.00729308,30,438,4113.488402705029
True,0.00729068,30,439,4114.842511260952
True,0.00728419,30,440,4118.50871545086
True,0.00729728,30,441,4111.120855990177
True,0.00730027,30,442,4109.437048218764
True,0.00730471,30,443,4106.939221406463
True,0.00729978,30,444,4109.7128954571235
True,0.00732611,30,445,4094.9426093793295
True,0.00729308,30,446,4113.488402705029
True,0.00730111,30,447,4108.96425338065
True,0.00729607,30,448,4111.802655402154
True,0.00730579,30,449,4106.332100977444
True,0.00729334,30,450,4113.341761113564
True,0.00728925,30,451,4115.649758205577
True,0.00728355,30,452,4118.870605679923
True,0.00729926,30,453,4110.005671807827
True,0.00729292,30,454,4113.578648881381
True,0.00729579,30,455,4111.960459388222
True,0.00729038,30,456,4115.011837517386
True,0.00741451,30,457,4046.120377476057
True,0.00730451,30,458,4107.051670817071
True,0.00732143,30,459,4097.560176085819
True,0.00730182,30,460,4108.56471400281
True,0.00729979,30,461,4109.707265551475
True,0.00729108,30,462,4114.616764594545
True,0.0072773,30,463,4122.408035947398
True,0.00729577,30,464,4111.971731565002
True,0.00730058,30,465,4109.262551742464
True,0.00730594,30,466,4106.2477928918115
True,0.00731107,30,467,4103.3665386872235
True,0.00729963,30,468,4109.797345892875
True,0.00729375,30,469,4113.1105398457585
True,0.00729682,30,470,4111.380025819467
True,0.00729669,30,471,4111.453275389252
True,0.00730543,30,472,4106.534454508495
True,0.00759504,30,473,3949.946280730582
True,0.00730794,30,474,4105.124015796518
True,0.00729416,30,475,4112.879344571547
True,0.00730614,30,476,4106.135387495997
True,0.00730967,30,477,4104.152444638404
True,0.00730314,30,478,4107.822114871138
True,0.00729394,30,479,4113.003397340806
True,0.00729195,30,480,4114.125851109786
True,0.00729581,30,481,4111.949187273243
True,0.00730483,30,482,4106.871754715716
True,0.00730024,30,483,4109.453935761016
True,0.00730323,30,484,4107.771492887394
True,0.00730055,30,485,4109.279437850572
True,0.00729267,30,486,4113.7196664596095
True,0.00730336,30,487,4107.69837444683
True,0.00732086,30,488,4097.879210912379
True,0.0072989,30,489,4110.20838756525
True,0.00730061,30,490,4109.245665773134
True,0.00730354,30,491,4107.597137826315
True,0.00728305,30,492,4119.15337667598
True,0.00729052,30,493,4114.932816863543
True,0.00730252,30,494,4108.17087799828
True,0.00729116,30,495,4114.571618233587
True,0.00729559,30,496,4112.073183937146
True,0.00729474,30,497,4112.552332228428
True,0.00729164,30,498,4114.300760871354
True,0.0072984,30,499,4110.489970404472
True,0.00730165,30,500,4108.660371285942
True,0.00730428,30,501,4107.180995252099
True,0.0073202,30,502,4098.248681730008
True,0.00728745,30,503,4116.66632361114
True,0.00730278,30,504,4108.024615283494
True,0.00730656,30,505,4105.899356194981
True,0.00730751,30,506,4105.365575962263
True,0.00731319,30,507,4102.177025347352
True,0.00731119,30,508,4103.299189324856
True,0.0072919,30,509,4114.154061355751
True,0.00730542,30,510,4106.540075724599
True,0.00731501,30,511,4101.156389396597
True,0.0073061,30,512,4106.157868082835
True,0.00730115,30,513,4108.941742054334
True,0.00730859,30,514,4104.758920667324
True,0.00728891,30,515,4115.8417376535035
True,0.00732354,30,516,4096.379619692116
True,0.00729008,30,517,4115.181177709984
True,0.00730179,30,518,4108.581594376174
True,0.00730487,30,519,4106.849266311378
True,0.00731215,30,520,4102.760474005593
True,0.00729086,30,521,4114.740922195736
True,0.00730907,30,522,4104.489353638698
True,0.00729959,30,523,4109.819866595247
True,0.00730115,30,524,4108.941742054334
True,0.0073039,30,525,4107.394679554758
True,0.00727554,30,526,4123.405273010663
True,0.00729037,30,527,4115.017481965936
True,0.00729234,30,528,4113.905824467866
True,0.00729661,30,529,4111.498353344909
True,0.00731678,30,530,4100.1642799154815
True,0.00728788,30,531,4116.423431779886
True,0.00727499,30,532,4123.717008545716
True,0.00729561,30,533,4112.061911204135
True,0.00729424,30,534,4112.834236328939
True,0.0073003,30,535,4109.420160815309
True,0.00729159,30,536,4114.328973516064
True,0.00729235,30,537,4113.900183068558
True,0.00727658,30,538,4122.815938256708
True,0.00729172,30,539,4114.255621444598
True,0.00728999,30,540,4115.231982485573
True,0.00729846,30,541,4110.456178426682
True,0.00729574,30,542,4111.98863994605
True,0.00728343,30,543,4118.938467178239
True,0.00729497,30,544,4112.422669318723
True,0.00732308,30,545,4096.636934186162
True,0.00730758,30,546,4105.3262502771095
True,0.00729868,30,547,4110.332279261455
True,0.00729572,30,548,4111.999912277335
True,0.00728518,30,549,4117.949041753258
True,0.00730091,30,550,4109.076813712263
True,0.00730364,30,551,4107.540897415535
True,0.00730871,30,552,4104.691525590699
True,0.00729673,30,553,4111.430736782093
True,0.00730883,30,554,4104.624132727126
True,0.00732982,30,555,4092.869947693122
True,0.00733042,30,556,4092.5349434275254
True,0.00732807,30,557,4093.847356807454
True,0.00732399,30,558,4096.127930267518
True,0.00731995,30,559,4098.388650195698
True,0.00730058,30,560,4109.262551742464
True,0.0072879,30,561,4116.412135182974
True,0.00729066,30,562,4114.853799244513
True,0.00730139,30,563,4108.806679276138
True,0.00730213,30,564,4108.390291599848
True,0.00728957,30,565,4115.469088025768
True,0.00727938,30,566,4121.230104761669
True,0.0072915,30,567,4114.379757251594
True,0.00728702,30,568,4116.9092441080165
True,0.00730736,30,569,4105.449847824659
True,0.00730529,30,570,4106.61315293438
True,0.00730727,30,571,4105.500412602792
True,0.00728574,30,572,4117.63252600285
True,0.00732155,30,573,4097.493017188984
True,0.00730243,30,574,4108.221509826181
True,0.00728843,30,575,4116.112797955115
True,0.00728956,30,576,4115.474733728785
True,0.00729969,30,577,4109.763565302088
True,0.00728611,30,578,4117.423426217831
True,0.007302,30,579,4108.463434675431
True,0.00729652,30,580,4111.549067226569
True,0.00730282,30,581,4108.002114251755
True,0.00730751,30,582,4105.365575962263
True,0.00729911,30,583,4110.090134276645
True,0.00729304,30,584,4113.5109638778895
True,0.00729699,30,585,4111.28424185863
True,0.00730906,30,586,4104.494969257333
True,0.00731678,30,587,4100.1642799154815
True,0.00730049,30,588,4109.313210483132
True,0.00728949,30,589,4115.514254083619
True,0.00730683,30,590,4105.747636115799
True,0.007313,30,591,4102.283604539861
True,0.00731339,30,592,4102.064842706323
True,0.00730495,30,593,4106.804290241548
True,0.00729682,30,594,4111.380025819467
True,0.00728381,30,595,4118.723580104369
True,0.00729403,30,596,4112.952647576169
True,0.00743018,30,597,4037.587245531064
True,0.00730058,30,598,4109.262551742464
True,0.00729635,30,599,4111.644863527654
True,0.00729344,30,600,4113.285363285363
True,0.00728058,30,601,4120.550835235655
True,0.00731365,30,602,4101.9190144455915
True,0.00729161,30,603,4114.31768841175
True,0.0072939,30,604,4113.0259531937645
True,0.00731305,30,605,4102.255556847006
True,0.00729498,30,606,4112.41703198638
True,0.00728132,30,607,4120.132063966424
True,0.00729512,30,608,4112.338110956365
True,0.00729545,30,609,4112.152094798813
True,0.00731366,30,610,4101.9134058733935
True,0.00803521,30,611,3733.5676354445004
True,0.00803725,30,612,3732.619988180037
True,0.0080372,30,613,3732.6432090777885
True,0.00803378,30,614,3734.232204516429
True,0.00806465,30,615,3719.9382490250664
True,0.00803717,30,616,3732.6571417551204
True,0.00803674,30,617,3732.8568548938997
True,0.00802177,30,618,3739.8230066431724
True,0.00802241,30,619,3739.5246565558227
True,0.00803091,30,620,3735.5667041468523
True,0.00804277,30,621,3730.058176474026
True,0.00803279,30,622,3734.6924294049763
True,0.00803081,30,623,3735.613219588062
True,0.00803426,30,624,3734.00910600354
True,0.00803873,30,625,3731.9327804267596
True,0.00804085,30,626,3730.948842473121
True,0.00804635,30,627,3728.3985906653324
True,0.00806665,30,628,3719.0159483800585
True,0.00804559,30,629,3728.750781484018
True,0.00803589,30,630,3733.251699562836
True,0.00804773,30,631,3727.7592563368803
True,0.00808214,30,632,3711.888188029408
True,0.00805203,30,633,3725.7685329041246
True,0.0080436,30,634,3729.673280620618
True,0.00803956,30,635,3731.5474976242485
True,0.00805443,30,636,3724.6583557123226
True,0.00804354,30,637,3729.7011017537056
True,0.00804343,30,638,3729.7521082423787
True,0.00804616,30,639,3728.486632132595
True,0.00804157,30,640,3730.6147928824844
True,0.00806238,30,641,3720.9856146696143
True,0.00803344,30,642,3734.3902487601827
True,0.00803266,30,643,3734.752871402499
True,0.00803375,30,644,3734.2461490586593
True,0.00803035,30,645,3735.827205538986
True,0.00803836,30,646,3732.104558641315
True,0.00804256,30,647,3730.1555723550705
True,0.00803734,30,648,3732.578191292144
True,0.00804023,30,649,3731.236544228212
True,0.00803824,30,650,3732.160273890802
True,0.00803906,30,651,3731.779586170522
True,0.00804421,30,652,3729.3904559925713
True,0.00804073,30,653,3731.0045232211505
True,0.00805569,30,654,3724.07577749392
True,0.00804679,30,655,3728.194721124821
True,0.00803181,30,656,3735.1481172985914
True,0.00803761,30,657,3732.452806244642
True,0.00803864,30,658,3731.9745628613796
True,0.00803323,30,659,3734.487871005809
True,0.00803375,30,660,3734.2461490586593
True,0.0080396,30,661,3731.5289317876513
True,0.00804674,30,662,3728.2178869952304
True,0.00777313,30,663,3859.449153687125
True,0.00730957,30,664,4104.208592297495
True,0.00730292,30,665,4107.94586275079
True,0.00730858,30,666,4104.764537023608
True,0.00732945,30,667,4093.076560997073
True,0.00728819,30,668,4116.248341494939
True,0.00729657,30,669,4111.5208926934165
True,0.00729852,30,670,4110.422387004489
True,0.00730134,30,671,4108.834816622702
True,0.00730126,30,672,4108.879837178788
True,0.00730669,30,673,4105.826304386802
True,0.00728242,30,674,4119.509723416117
True,0.00729796,30,675,4110.737795219486
True,0.00731341,30,676,4102.053624779685
True,0.0073088,30,677,4104.640980735552
True,0.00729833,30,678,4110.529395080793
True,0.0072847,30,679,4118.220379699919
True,0.00731047,30,680,4103.703318664873
True,0.0073039,30,681,4107.394679554758
True,0.00732742,30,682,4094.2105133867035
True,0.00730801,30,683,4105.08469473906
True,0.00730853,30,684,4104.792619035566
True,0.00728424,30,685,4118.480445454845
True,0.00729941,30,686,4109.92121281035
True,0.00730678,30,687,4105.775731580806
True,0.00730293,30,688,4107.940237685422
True,0.00729854,30,689,4110.411123320555
True,0.00729677,30,690,4111.408198422041
True,0.00747659,30,691,4012.524426242445
True,0.00750956,30,692,3994.907824160137
True,0.00744336,30,693,4030.4378667698456
True,0.0073256,30,694,4095.227694659823
True,0.00730904,30,695,4104.5062005407
True,0.00734173,30,696,4086.230357150154
True,0.00730208,30,697,4108.418423243788
True,0.00729689,30,698,4111.340584824494
True,0.00730636,30,699,4106.011748668284
True,0.0073071,30,700,4105.59592724884
True,0.00731166,30,701,4103.035425607864
True,0.00731043,30,702,4103.72577262897
True,0.00729102,30,703,4114.65062501543
True,0.00732052,30,704,4098.069536043888
True,0.00731686,30,705,4100.119450146648
True,0.00730721,30,706,4105.534123146865
True,0.00731543,30,707,4100.920930143546
True,0.00730606,30,708,4106.180348915832
True,0.00732959,30,709,4092.998380536974
True,0.00738461,30,710,4062.5029622417433
True,0.00736538,30,711,4073.1096019485753
True,0.00736378,30,712,4073.9946060311413
True,0.00733736,30,713,4088.664042652943
True,0.00733393,30,714,4090.5762667492054
True,0.00732572,30,715,4095.1606121992104
True,0.00734503,30,716,4084.394481710762
True,0.00734456,30,717,4084.65585412877
True,0.00733662,30,718,4089.0764411949917
True,0.00733236,30,719,4091.4521381928876
True,0.00732996,30,720,4092.7917751256487
True,0.0073135,30,721,4102.003144869078
True,0.00732926,30,722,4093.1826678273114
True,0.00733562,30,723,4089.633868711847
True,0.00735657,30,724,4077.987431642736
True,0.00733465,30,725,4090.174718630064
True,0.00732962,30,726,4092.9816279697993
True,0.00732489,30,727,4095.624644192609
True,0.00731717,30,728,4099.945744051321
True,0.00731993,30,729,4098.399848085979
True,0.00732407,30,730,4096.083188718841
True,0.0073293,30,731,4093.1603290900903
True,0.00747689,30,732,4012.3634291797794
True,0.00731599,30,733,4100.607026526827
True,0.00733858,30,734,4087.984323942779
True,0.00733269,30,735,4091.2680066933144
True,0.00732798,30,736,4093.897636183505
True,0.00732671,30,737,4094.607265744106
True,0.00735565,30,738,4078.497481527805
True,0.00730307,30,739,4107.86148838776
True,0.00734567,30,740,4084.0386241146143
True,0.00733033,30,741,4092.5851905712293
True,0.00732505,30,742,4095.5351840601775
True,0.00731939,30,743,4098.70221425556
True,0.00732713,30,744,4094.372557877368
True,0.00731361,30,745,4101.941448887758
True,0.00732023,30,746,4098.231886156583
True,0.00732054,30,747,4098.0583399585275
True,0.00731878,30,748,4099.043829709323
True,0.00730035,30,749,4109.392015451314
True,0.00731404,30,750,4101.700291494168
True,0.00729056,30,751,4114.910240091296
True,0.00731876,30,752,4099.055031180145
True,0.00733276,30,753,4091.228950627049
True,0.00731358,30,754,4101.958274880428
True,0.00732028,30,755,4098.2038938401265
True,0.00732618,30,756,4094.903483124903
True,0.00731856,30,757,4099.167049255591
True,0.00732742,30,758,4094.2105133867035
True,0.0073329,30,759,4091.1508407314977
True,0.00733982,30,760,4087.293693850803
True,0.00734595,30,761,4083.8829559144833
True,0.00734685,30,762,4083.3826742073134
True,0.00732285,30,763,4096.765603555993
True,0.00733275,30,764,4091.2345300194334
True,0.00732875,30,765,4093.4675081016544
True,0.007326,30,766,4095.004095004095
True,0.00735439,30,767,4079.1962351738216
True,0.00732816,30,768,4093.7970786664046
True,0.00732099,30,769,4097.806444210414
True,0.00732613,30,770,4094.9314303731985
True,0.00733776,30,771,4088.441159154838
True,0.0073413,30,772,4086.469698827183
True,0.00733665,30,773,4089.059720717221
True,0.00733232,30,774,4091.474458288782
True,0.00731437,30,775,4101.515236445518
True,0.0075634,30,776,3966.4701060369675
True,0.00732211,30,777,4097.17963810978
True,0.00731215,30,778,4102.760474005593
True,0.00731671,30,779,4100.203506767386
True,0.007316,30,780,4100.601421541826
True,0.00732093,30,781,4097.840028520966
True,0.00732359,30,782,4096.351652673075
True,0.00732164,30,783,4097.44264946105
True,0.00731135,30,784,4103.209393614038
True,0.00731404,30,785,4101.700291494168
True,0.00731265,30,786,4102.479949129249
True,0.00729846,30,787,4110.456178426682
True,0.00731407,30,788,4101.683467617892
True,0.00731632,30,789,4100.42207011175
True,0.00728898,30,790,4115.802211008948
True,0.00730313,30,791,4107.827739613015
True,0.00729498,30,792,4112.41703198638
True,0.0072909,30,793,4114.718347529111
True,0.0072953,30,794,4112.236645511493
True,0.00731817,30,795,4099.385502113233
True,0.00730583,30,796,4106.309618482774
True,0.00730585,30,797,4106.298377327758
True,0.00730186,30,798,4108.542207054093
True,0.00729827,30,799,4110.563188262424
True,0.00787533,30,800,3809.364179024879
True,0.00803079,30,801,3735.622522815315
True,0.00803686,30,802,3732.8011188449223
True,0.00804846,30,803,3727.4211464056475
True,0.00804166,30,804,3730.573040889567
True,0.00803892,30,805,3731.844576137093
True,0.00803729,30,806,3732.6014116698534
True,0.00803,30,807,3735.9900373599003
True,0.00803672,30,808,3732.8661443972164
True,0.00805912,30,809,3722.490793039439
True,0.00803392,30,810,3734.167131363021
True,0.00804075,30,811,3730.9952429810655
True,0.00804771,30,812,3727.768520485952
True,0.00804317,30,813,3729.8726745797985
True,0.00804664,30,814,3728.264219599733
True,0.00804871,30,815,3727.3053694318714
True,0.0080436,30,816,3729.673280620618
True,0.00804479,30,817,3729.121580550891
True,0.00805367,30,818,3725.009840234328
True,0.00805946,30,819,3722.3337543706407
True,0.00805683,30,820,3723.5488399283595
True,0.00807308,30,821,3716.0538480976284
True,0.00807367,30,822,3715.78228983845
True,0.00731462,30,823,4101.37505434322
True,0.00732456,30,824,4095.809168059242
True,0.00732295,30,825,4096.709659358592
True,0.00731148,30,826,4103.136437492819
True,0.00731803,30,827,4099.463926767176
True,0.00732357,30,828,4096.362839434866
True,0.00729236,30,829,4113.894541684722
True,0.00730941,30,830,4104.298431747569
True,0.00731455,30,831,4101.414304365955
True,0.00730411,30,832,4107.27658811272
True,0.0073078,30,833,4105.202660171324
True,0.00729442,30,834,4112.732746400673
True,0.00731986,30,835,4098.439041183848
True,0.00734164,30,836,4086.280449599817
True,0.00730991,30,837,4104.017696524307
True,0.00730937,30,838,4104.320892224638
True,0.00731205,30,839,4102.816583584631
True,0.0072935,30,840,4113.251525330774
True,0.00731318,30,841,4102.182634640471
True,0.00730225,30,842,4108.322777226198
True,0.00730219,30,843,4108.35653413565
True,0.00730359,30,844,4107.5690174284155
True,0.00731034,30,845,4103.77629494661
True,0.00729034,30,846,4115.034415404494
True,0.00731955,30,847,4098.612619628256
True,0.00735534,30,848,4078.6693749031315
True,0.00732813,30,849,4093.813837909535
True,0.00733953,30,850,4087.4551912724655
True,0.007289,30,851,4115.790917821375
True,0.00726074,30,852,4131.810256254872
True,0.00727228,30,853,4125.2537031027405
True,0.007273,30,854,4124.845318300564
True,0.00727419,30,855,4124.170526202917
True,0.00727443,30,856,4124.034460431952
True,0.00725139,30,857,4137.137845295867
True,0.0072767,30,858,4122.747948932895
True,0.00726732,30,859,4128.069219464672
True,0.00728122,30,860,4120.188649704308
True,0.00729062,30,861,4114.876375397428
True,0.0072754,30,862,4123.48461940237
True,0.00727146,30,863,4125.718906519461
True,0.00729811,30,864,4110.653306129943
True,0.00727758,30,865,4122.249429068454
True,0.00728378,30,866,4118.740544058168
True,0.00727075,30,867,4126.121789361482
True,0.0072615,30,868,4131.3778145011365
True,0.00728738,30,869,4116.705866854754
True,0.00742206,30,870,4042.004510877034
True,0.00728661,30,871,4117.140892678489
True,0.00727653,30,872,4122.844267803473
True,0.0072749,30,873,4123.76802430274
True,0.00725859,30,874,4133.034101664373
True,0.00727943,30,875,4121.201797393477
True,0.00727397,30,876,4124.2952610472685
True,0.00728164,30,877,4119.951000049439
True,0.00729339,30,878,4113.313562006145
True,0.0072822,30,879,4119.634176485129
True,0.00726754,30,880,4127.944256240764
True,0.00727372,30,881,4124.437014347542
True,0.00727501,30,882,4123.705671882238
True,0.00727793,30,883,4122.051187631648
True,0.00727955,30,884,4121.133861296371
True,0.00727267,30,885,4125.032484630817
True,0.00726942,30,886,4126.8766971780415
True,0.00727814,30,887,4121.9322519215075
True,0.00727434,30,888,4124.085484043913
True,0.00727519,30,889,4123.6036447158085
True,0.00727245,30,890,4125.15727162098
True,0.00727151,30,891,4125.690537453706
True,0.00727384,30,892,4124.368971547353
True,0.00729443,30,893,4112.727108218189
True,0.00727558,30,894,4123.3826031739045
True,0.00727893,30,895,4121.4848885756555
True,0.00726262,30,896,4130.740696883494
True,0.00727405,30,897,4124.249902049065
True,0.00727501,30,898,4123.705671882238
True,0.00727222,30,899,4125.287738819782
True,0.00728721,30,900,4116.8019036092
True,0.0072767,30,901,4122.747948932895
True,0.00725998,30,902,4132.242788547627
True,0.00728719,30,903,4116.8132023454855
True,0.00728935,30,904,4115.593297070383
True,0.0072865,30,905,4117.203046730255
True,0.00728179,30,906,4119.86613181649
True,0.0072887,30,907,4115.960322142494
True,0.00728182,30,908,4119.8491585894735
True,0.00728229,30,909,4119.583262957119
True,0.00727996,30,910,4120.901763196501
True,0.00727805,30,911,4121.98322352828
True,0.00726971,30,912,4126.712069669904
True,0.00726005,30,913,4132.202946260701
True,0.00728033,30,914,4120.692331254215
True,0.00728251,30,915,4119.458812964212
True,0.00728332,30,916,4119.00067551611
True,0.00729241,30,917,4113.8663349976205
True,0.00727602,30,918,4123.13325142042
True,0.00727228,30,919,4125.2537031027405
True,0.00728706,30,920,4116.886645643099
True,0.00731257,30,921,4102.524830531537
True,0.00728016,30,922,4120.788554097712
True,0.00728649,30,923,4117.208697191652
True,0.00726635,30,924,4128.620283911455
True,0.00728834,30,925,4116.163625736451
True,0.00727636,30,926,4122.940591174708
True,0.00727519,30,927,4123.6036447158085
True,0.00727444,30,928,4124.028791219668
True,0.00727217,30,929,4125.316102346343
True,0.00725838,30,930,4133.15367892009
True,0.00727924,30,931,4121.309367461438
True,0.00727613,30,932,4123.07091819415
True,0.00728092,30,933,4120.358416244101
True,0.00727329,30,934,4124.680852819013
True,0.00726665,30,935,4128.449835894119
True,0.00730172,30,936,4108.620982453449
True,0.00728991,30,937,4115.277143339218
True,0.00727388,30,938,4124.346291112859
True,0.0073185,30,939,4099.200655872105
True,0.00733627,30,940,4089.271523539892
True,0.00730857,30,941,4104.77015339526
True,0.00733405,30,942,4090.509336587561
True,0.00729505,30,943,4112.3775710927275
True,0.00728567,30,944,4117.67208781073
True,0.00728379,30,945,4118.734889391375
True,0.00727463,30,946,4123.921079147668
True,0.00726844,30,947,4127.4331218253155
True,0.00728438,30,948,4118.401291530645
True,0.00728671,30,949,4117.084390623478
True,0.00731132,30,950,4103.226230010449
True,0.00728904,30,951,4115.768331632149
True,0.0072687,30,952,4127.285484336951
True,0.00728993,30,953,4115.265853032883
True,0.00729251,30,954,4113.809922783787
True,0.00729004,30,955,4115.203757455377
True,0.00729182,30,956,4114.199198553996
True,0.00729826,30,957,4110.568820513383
True,0.00728303,30,958,4119.164688323403
True,0.00729113,30,959,4114.588548002847
True,0.00779096,30,960,3850.6166120734797
True,0.00746797,30,961,4017.1559339418877
True,0.00729704,30,962,4111.256070954798
True,0.00729103,30,963,4114.644981573248
True,0.00729014,30,964,4115.1473085564885
True,0.00728618,30,965,4117.38386918797
True,0.00728506,30,966,4118.016872887801
True,0.00728956,30,967,4115.474733728785
True,0.00728501,30,968,4118.04513652006
True,0.00729091,30,969,4114.712703901159
True,0.00727577,30,970,4123.274924853315
True,0.00728957,30,971,4115.469088025768
True,0.00728074,30,972,4120.460282883333
True,0.00731122,30,973,4103.282352329707
True,0.0072876,30,974,4116.581590647127
True,0.00729261,30,975,4113.753512117061
True,0.00728088,30,976,4120.381052839766
True,0.00728993,30,977,4115.265853032883
True,0.00730353,30,978,4107.602761952097
True,0.00728094,30,979,4120.347098039539
True,0.00727648,30,980,4122.872597739566
True,0.00727636,30,981,4122.940591174708
True,0.00728342,30,982,4118.944122404036
True,0.0072925,30,983,4113.81556393555
True,0.00728313,30,984,4119.108130707539
True,0.00729642,30,985,4111.605417451298
True,0.00729154,30,986,4114.357186547698
True,0.00727625,30,987,4123.0029204604025
True,0.00729383,30,988,4113.06542653174
True,0.00728816,30,989,4116.265285065092
True,0.00727845,30,990,4121.75669270243
True,0.00728426,30,991,4118.469137565106
True,0.00727092,30,992,4126.025317291347
True,0.00729733,30,993,4111.092687325364
True,0.00728299,30,994,4119.18731180463
True,0.0072771,30,995,4122.521334047904
True,0.00727141,30,996,4125.747275975361
True,0.00727256,30,997,4125.094877182175
True,0.00725999,30,998,4132.237096745313
True,0.00727823,30,999,4121.881281575328
True,0.00727773,30,1000,4122.16446611787
True,0.00727173,30,1001,4125.565718199108
True,0.00728228,30,1002,4119.5889199536405
True,0.00728292,30,1003,4119.226903494752
True,0.00727592,30,1004,4123.189919625284
True,0.0072916,30,1005,4114.323330956169
True,0.0072874,30,1006,4116.694568707632
True,0.0073097,30,1007,4104.135600640246
True,0.00730243,30,1008,4108.221509826181
True,0.00727795,30,1009,4122.039860125447
True,0.00742716,30,1010,4039.2289919700124
True,0.0072899,30,1011,4115.2827885156175
True,0.00728621,30,1012,4117.366916407844
True,0.00728691,30,1013,4116.971391165803
True,0.00729198,30,1014,4114.1089251479025
True,0.00726881,30,1015,4127.223025502111
True,0.00729015,30,1016,4115.141663751775
True,0.00729889,30,1017,4110.214018843962
True,0.00729272,30,1018,4113.691462170494
True,0.00728427,30,1019,4118.4634836435225
True,0.00728584,30,1020,4117.576010453153
True,0.00730519,30,1021,4106.669367942518
True,0.0072958,30,1022,4111.954823323008
True,0.00729897,30,1023,4110.168969046317
True,0.0072888,30,1024,4115.903852486006
True,0.00729275,30,1025,4113.674539782661
True,0.00727638,30,1026,4122.929258779778
True,0.00729242,30,1027,4113.860693706616
True,0.00727893,30,1028,4121.4848885756555
True,0.00728918,30,1029,4115.689281921972
True,0.00729017,30,1030,4115.130374188805
True,0.00729395,30,1031,4112.997758416222
True,0.00728141,30,1032,4120.081138131213
True,0.00730162,30,1033,4108.677252445348
True,0.00729581,30,1034,4111.949187273243
True,0.00732341,30,1035,4096.452335728848
True,0.00729444,30,1036,4112.721470051162
True,0.00729876,30,1037,4110.287226871414
True,0.00729114,30,1038,4114.582904730947
True,0.00730499,30,1039,4106.781802576047
True,0.00729148,30,1040,4114.391042696408
True,0.00729617,30,1041,4111.746299770975
True,0.00728939,30,1042,4115.570713050063
True,0.00728082,30,1043,4120.415008199626
True,0.00728536,30,1044,4117.847299241218
True,0.00730442,30,1045,4107.102275060854
True,0.0072934,30,1046,4113.307922231058
True,0.00729976,30,1047,4109.724155314695
True,0.00729613,30,1048,4111.76884183807
True,0.00728243,30,1049,4119.504066637098
True,0.0073158,30,1050,4100.713524153202
True,0.00729959,30,1051,4109.819866595247
True,0.00730307,30,1052,4107.86148838776
True,0.007294,30,1053,4112.969564025226
True,0.00728983,30,1054,4115.322305184071
True,0.00728818,30,1055,4116.253989336158
True,0.00729545,30,1056,4112.152094798813
True,0.00746724,30,1057,4017.548652514182
True,0.00744289,30,1058,4030.6923789012067
True,0.00736972,30,1059,4070.7109632387665
True,0.00746728,30,1060,4017.527131699896
True,0.00741355,30,1061,4046.6443201974766
True,0.00740645,30,1062,4050.5235301662738
True,0.0074539,30,1063,4024.7387273776144
True,0.00752317,30,1064,3987.680725013525
True,0.00748726,30,1065,4006.806228179601
True,0.00742405,30,1066,4040.921060607081
True,0.00731091,30,1067,4103.456341276257
True,0.00727926,30,1068,4121.298044031948
True,0.00729674,30,1069,4111.425102168913
True,0.00728959,30,1070,4115.457796666205
True,0.0072974,30,1071,4111.053251843122
True,0.00729871,30,1072,4110.315384499453
True,0.00730277,30,1073,4108.030240579944
True,0.00727817,30,1074,4121.915261666051
True,0.0072916,30,1075,4114.323330956169
True,0.00729439,30,1076,4112.749661040882
True,0.00730361,30,1077,4107.557769377061
True,0.00732726,30,1078,4094.2999156574215
True,0.00728708,30,1079,4116.875346503675
True,0.00729594,30,1080,4111.875920032237
True,0.0072938,30,1081,4113.082343908525
True,0.00729568,30,1082,4112.022457125313
True,0.00730353,30,1083,4107.602761952097
True,0.00729772,30,1084,4110.872984987092
True,0.0072783,30,1085,4121.841638844236
True,0.00728294,30,1086,4119.215591505628
True,0.00729584,30,1087,4111.9322792166495
True,0.00729315,30,1088,4113.44892124802
True,0.00729742,30,1089,4111.041984701443
True,0.00728646,30,1090,4117.225648668901
True,0.00728047,30,1091,4120.613092286624
True,0.00732177,30,1092,4097.3698982623055
True,0.00732889,30,1093,4093.3893127062897
True,0.00733582,30,1094,4089.522371050544
True,0.00731652,30,1095,4100.309983434748
True,0.00732242,30,1096,4097.006181016659
True,0.00728224,30,1097,4119.611548095092
True,0.00787079,30,1098,3811.561482392491
True,0.00776181,30,1099,3865.07786199353
True,0.00729467,30,1100,4112.591796476057
True,0.00730472,30,1101,4106.93359909757
True,0.00729553,30,1102,4112.107002507015
True,0.00729881,30,1103,4110.259069629159
True,0.00728471,30,1104,4118.214726461314
True,0.00730063,30,1105,4109.234408537345
True,0.00733178,30,1106,4091.775803420179
True,0.00730609,30,1107,4106.163488268006
True,0.00730711,30,1108,4105.590308617223
True,0.00730646,30,1109,4105.955551662501
True,0.00728726,30,1110,4116.77365703982
True,0.00731399,30,1111,4101.728331594656
True,0.00731057,30,1112,4103.647184829637
True,0.00730826,30,1113,4104.944268539981
True,0.00730527,30,1114,4106.624395812886
True,0.00729575,30,1115,4111.983003803584
True,0.00730501,30,1116,4106.770558835648
True,0.00731271,30,1117,4102.446288721965
True,0.00730453,30,1118,4107.040425598909
True,0.00730529,30,1119,4106.61315293438
True,0.00733165,30,1120,4091.848356099923
True,0.0072935,30,1121,4113.251525330774
True,0.00729999,30,1122,4109.594670677631
True,0.00731204,30,1123,4102.822194626944
True,0.00729862,30,1124,4110.366069202123
True,0.00730313,30,1125,4107.827739613015
True,0.00730122,30,1126,4108.902347826802
True,0.00728788,30,1127,4116.423431779886
True,0.00730059,30,1128,4109.256923070601
True,0.0072999,30,1129,4109.645337607365
True,0.00728643,30,1130,4117.242600285736
True,0.00729571,30,1131,4112.005548466153
True,0.0072808,30,1132,4120.426326777278
True,0.00730044,30,1133,4109.341354767658
True,0.00729823,30,1134,4110.5857173588665
True,0.00732798,30,1135,4093.897636183505
True,0.00729095,30,1136,4114.690129544161
True,0.00729066,30,1137,4114.853799244513
True,0.00727854,30,1138,4121.705726697936
True,0.00729735,30,1139,4111.081419967522
True,0.00729466,30,1140,4112.597434287548
True,0.00729427,30,1141,4112.817320993054
True,0.00729897,30,1142,4110.168969046317
True,0.00728957,30,1143,4115.469088025768
True,0.00727721,30,1144,4122.459019321966
True,0.00728728,30,1145,4116.7623585206
True,0.00728129,30,1146,4120.14903952459
True,0.00729414,30,1147,4112.890621786804
True,0.00728883,30,1148,4115.886911891209
True,0.00729347,30,1149,4113.268444238476
True,0.00742411,30,1150,4040.8884027849804
True,0.00728102,30,1151,4120.301825843082
True,0.00729502,30,1152,4112.394482811562
True,0.0072992,30,1153,4110.039456378781
True,0.00729096,30,1154,4114.684485993614
True,0.00727204,30,1155,4125.389849340763
True,0.00728947,30,1156,4115.525545752983
True,0.00730456,30,1157,4107.023557887128
True,0.00729714,30,1158,4111.199730305298
True,0.00729581,30,1159,4111.949187273243
True,0.00729328,30,1160,4113.375600552838
True,0.00730084,30,1161,4109.116211285276
True,0.00730631,30,1162,4106.039847748042
True,0.00732488,30,1163,4095.630235580651
True,0.00730114,30,1164,4108.947369862788
True,0.00731461,30,1165,4101.380661443331
True,0.00730953,30,1166,4104.231051791292
True,0.00730442,30,1167,4107.102275060854
True,0.00731425,30,1168,4101.582527258434
True,0.00732042,30,1169,4098.125517388346
True,0.0073142,30,1170,4101.610565748818
True,0.00731814,30,1171,4099.402307143619
True,0.0073082,30,1172,4104.977969951561
True,0.00730455,30,1173,4107.029180442327
True,0.00731282,30,1174,4102.384579409858
True,0.00730972,30,1175,4104.124371384951
True,0.00730162,30,1176,4108.677252445348
True,0.00732497,30,1177,4095.5799136378714
True,0.00729363,30,1178,4113.178211672377
True,0.0073064,30,1179,4105.989269681375
True,0.00730835,30,1180,4104.893717460165
True,0.00730416,30,1181,4107.248472103569
True,0.00730053,30,1182,4109.2906953330785
True,0.00730774,30,1183,4105.236365825823
True,0.00727954,30,1184,4121.139522552249
True,0.00730643,30,1185,4105.972410602716
True,0.00730778,30,1186,4105.213895327993
True,0.00729859,30,1187,4110.382964380791
True,0.0073006,30,1188,4109.251294414158
True,0.00730003,30,1189,4109.572152443209
True,0.00728517,30,1190,4117.954694262454
True,0.00730893,30,1191,4104.567973697928
True,0.00732176,30,1192,4097.375494416643
True,0.00730682,30,1193,4105.753255178039
True,0.00729443,30,1194,4112.727108218189
True,0.00729811,30,1195,4110.653306129943
True,0.0072961,30,1196,4111.785748550596
True,0.00729942,30,1197,4109.915582333939
True,0.00729955,30,1198,4109.842387544438
True,0.00731243,30,1199,4102.603375348551
True,0.00730072,30,1200,4109.183751739554
True,0.00728599,30,1201,4117.491240037387
True,0.00730176,30,1202,4108.5984748882465
True,0.00735945,30,1203,4076.3915781749993
True,0.00731885,30,1204,4099.004625043552
True,0.00731426,30,1205,4101.5769196063575
True,0.00733024,30,1206,4092.635438948793
True,0.00730141,30,1207,4108.795424445415
True,0.00731693,30,1208,4100.080224903068
True,0.00730127,30,1209,4108.874209555323
True,0.00729655,30,1210,4111.532162460341
True,0.00730805,30,1211,4105.0622259015745
True,0.00729522,30,1212,4112.281740646616
True,0.00728898,30,1213,4115.802211008948
True,0.00729365,30,1214,4113.166932879971
True,0.00729755,30,1215,4110.968749785887
True,0.00730287,30,1216,4107.973988308706
True,0.00730639,30,1217,4105.994889405028
True,0.00730346,30,1218,4107.642131263812
True,0.00729737,30,1219,4111.070152671442
True,0.00732253,30,1220,4096.944635255847
True,0.00729387,30,1221,4113.042870245837
True,0.00729784,30,1222,4110.805388991811
True,0.00728305,30,1223,4119.15337667598
True,0.00727826,30,1224,4121.864291740058
True,0.00729672,30,1225,4111.436371410717
True,0.007301,30,1226,4109.02616079989
True,0.00730138,30,1227,4108.812306714622
True,0.0073006,30,1228,4109.251294414158
True,0.00730442,30,1229,4107.102275060854
True,0.00728825,30,1230,4116.214454773094
True,0.00730724,30,1231,4105.517267805629
True,0.00730747,30,1232,4105.3880481206215
True,0.00730841,30,1233,4104.860017431972
True,0.00733139,30,1234,4091.9934691784233
True,0.00730057,30,1235,4109.268180429747
True,0.00753581,30,1236,3980.9920897687175
True,0.00803239,30,1237,3734.8784110333286
True,0.00802455,30,1238,3738.52739405948
True,0.00802743,30,1239,3737.1861230804875
True,0.00803271,30,1240,3734.7296242488524
True,0.00803249,30,1241,3734.8319138897155
True,0.0080344,30,1242,3733.944040625311
True,0.00803502,30,1243,3733.655921204925
True,0.00802881,30,1244,3736.5437717420136
True,0.00804899,30,1245,3727.1757077596067
True,0.00803848,30,1246,3732.048845055284
True,0.00810026,30,1247,3703.584823203206
True,0.00806104,30,1248,3721.6041602572373
True,0.00806338,30,1249,3720.5241474418917
True,0.00804814,30,1250,3727.569351427783
True,0.00801069,30,1251,3744.995749429824
True,0.00801484,30,1252,3743.05662995144
True,0.00800925,30,1253,3745.669070137653
True,0.00800816,30,1254,3746.178897524525
True,0.00801905,30,1255,3741.0915258041787
True,0.00801002,30,1256,3745.309000476903
True,0.0080123,30,1257,3744.2432260399637
True,0.00801333,30,1258,3743.761956639749
True,0.00800599,30,1259,3747.194288276653
True,0.0080277,30,1260,3737.0604282671247
True,0.00801194,30,1261,3744.411465887163
True,0.00800088,30,1262,3749.587545370009
True,0.00800402,30,1263,3748.1165714228596
True,0.00726876,30,1264,4127.251415647235
True,0.00728001,30,1265,4120.873460338654
True,0.00727566,30,1266,4123.337264248192
True,0.00727903,30,1267,4121.428267227914
True,0.00727909,30,1268,4121.3942951660165
True,0.00727208,30,1269,4125.367157677033
True,0.00726101,30,1270,4131.656615264267
True,0.00728312,30,1271,4119.113786399235
True,0.00728114,30,1272,4120.2339194137185
True,0.00729336,30,1273,4113.3304814242
True,0.007312,30,1274,4102.844638949672
True,0.00727018,30,1275,4126.445287461934
True,0.00728273,30,1276,4119.334370490187
True,0.00729148,30,1277,4114.391042696408
True,0.00728436,30,1278,4118.412599047823
True,0.00728375,30,1279,4118.757508151707
True,0.00728565,30,1280,4117.683391324041
True,0.00726742,30,1281,4128.012417061351
True,0.00728192,30,1282,4119.792582176129
True,0.00728274,30,1283,4119.328714192735
True,0.00727737,30,1284,4122.368383083449
True,0.00728628,30,1285,4117.327360463776
True,0.00725774,30,1286,4133.518147522507
True,0.00727508,30,1287,4123.665994050924
True,0.00741587,30,1288,4045.3783574954796
True,0.00730747,30,1289,4105.3880481206215
True,0.00729054,30,1290,4114.921528446453
True,0.00728656,30,1291,4117.169144287565
True,0.00725786,30,1292,4133.449804763388
True,0.00728204,30,1293,4119.724692531214
True,0.0072705,30,1294,4126.263668248401
True,0.00727991,30,1295,4120.930066443129
True,0.00726483,30,1296,4129.4841035509435
True,0.00727766,30,1297,4122.204115058961
True,0.0072648,30,1298,4129.501156260324
True,0.00729049,30,1299,4114.949749605307
True,0.0072821,30,1300,4119.69074854781
True,0.0072821,30,1301,4119.69074854781
True,0.00727942,30,1302,4121.2074588360065
True,0.00728708,30,1303,4116.875346503675
True,0.00727822,30,1304,4121.886944884875
True,0.00726917,30,1305,4127.018627986414
True,0.0072724,30,1306,4125.185633353501
True,0.00728075,30,1307,4120.454623493459
True,0.0072659,30,1308,4128.875982328411
True,0.00725844,30,1309,4133.119513283847
True,0.00727126,30,1310,4125.832386684014
True,0.00727158,30,1311,4125.650821417079
True,0.00726716,30,1312,4128.160106561573
True,0.00727005,30,1313,4126.519074834423
True,0.00725044,30,1314,4137.6799201151925
True,0.00727748,30,1315,4122.306072981307
True,0.00727065,30,1316,4126.178539745415
True,0.00729932,30,1317,4109.971887792288
True,0.00727242,30,1318,4125.1742886136935
True,0.00727387,30,1319,4124.351961198096
True,0.00726409,30,1320,4129.904778162165
True,0.00728101,30,1321,4120.307484813234
True,0.00728197,30,1322,4119.764294552161
True,0.00728712,30,1323,4116.8527484108945
True,0.00728817,30,1324,4116.259637192876
True,0.00728847,30,1325,4116.090208233004
True,0.00728294,30,1326,4119.215591505628
True,0.00728746,30,1327,4116.660674638351
True,0.00729445,30,1328,4112.715831899595
True,0.00729409,30,1329,4112.918815095509
True,0.00728828,30,1330,4116.197511621397
True,0.00727677,30,1331,4122.708289529558
True,0.00730737,30,1332,4105.444229592863
True,0.00729203,30,1333,4114.080715520919
True,0.00729078,30,1334,4114.7860722721025
True,0.00728558,30,1335,4117.72295410935
True,0.00727166,30,1336,4125.605432597234
True,0.00727502,30,1337,4123.700003573873
True,0.0072812,30,1338,4120.1999670384
True,0.00727748,30,1339,4122.306072981307
True,0.0072768,30,1340,4122.691292875989
True,0.00728616,30,1341,4117.395171118944
True,0.00726446,30,1342,4129.694430143465
True,0.0072916,30,1343,4114.323330956169
True,0.00728308,30,1344,4119.1364093213315
True,0.0072741,30,1345,4124.2215531818365
True,0.00730285,30,1346,4107.98523863971
True,0.00728456,30,1347,4118.299526670108
True,0.00726524,30,1348,4129.251063970358
True,0.00727706,30,1349,4122.543994415327
True,0.00728002,30,1350,4120.867799813736
True,0.00727696,30,1351,4122.600646423782
True,0.00727419,30,1352,4124.170526202917
True,0.00726323,30,1353,4130.393777974813
True,0.00727497,30,1354,4123.728345271526
True,0.00727203,30,1355,4125.3955222957
True,0.00728132,30,1356,4120.132063966424
True,0.00727498,30,1357,4123.722676900829
True,0.00728134,30,1358,4120.120747005359
True,0.0072601,30,1359,4132.174487954711
True,0.00729913,30,1360,4110.078872413562
True,0.00728061,30,1361,4120.533856366431
True,0.00728004,30,1362,4120.856478810556
True,0.00728566,30,1363,4117.677739559628
True,0.0072673,30,1364,4128.080580132924
True,0.00727735,30,1365,4122.379712395309
True,0.00727506,30,1366,4123.6773304962435
True,0.00727403,30,1367,4124.26124170508
True,0.00727778,30,1368,4122.136145912627
True,0.00727726,30,1369,4122.430695069298
True,0.0072584,30,1370,4133.142290311915
True,0.00727305,30,1371,4124.816961247345
True,0.00727003,30,1372,4126.530426972103
True,0.00727789,30,1373,4122.0738428308205
True,0.00728746,30,1374,4116.660674638351
True,0.00726556,30,1375,4129.069197694328
True,0.00727745,30,1376,4122.323066458718
True,0.00728226,30,1377,4119.600233993294
True,0.00727212,30,1378,4125.344466262933
True,0.00728215,30,1379,4119.662462322253
True,0.00727857,30,1380,4121.68873830986
True,0.00725998,30,1381,4132.242788547627
True,0.00727588,30,1382,4123.212587343387
True,0.00729015,30,1383,4115.141663751775
True,0.00727974,30,1384,4121.026300389849
True,0.0072849,30,1385,4118.107317876704
True,0.00726382,30,1386,4130.058288889318
True,0.00728252,30,1387,4119.453156325008
True,0.00727953,30,1388,4121.145183823681
True,0.00730103,30,1389,4109.009276773278
True,0.00728344,30,1390,4118.932811967971
True,0.00727613,30,1391,4123.07091819415
True,0.00726118,30,1392,4131.559884206148
True,0.00728806,30,1393,4116.321764639699
True,0.00728874,30,1394,4115.937734093958
True,0.00728477,30,1395,4118.180807355619
True,0.00728246,30,1396,4119.487096393252
True,0.00726677,30,1397,4128.381660627762
True,0.00728813,30,1398,4116.282228774734
True,0.00727942,30,1399,4121.2074588360065
True,0.00728374,30,1400,4118.7631628806075
True,0.00768473,30,1401,3903.84567837777
True,0.00801393,30,1402,3743.4816625550757
True,0.00803474,30,1403,3733.7860341467176
True,0.00754282,30,1404,3977.2923124242657
True,0.00728543,30,1405,4117.807734066486
True,0.00726158,30,1406,4131.3322995821845
True,0.00728937,30,1407,4115.582005029241
True,0.00728601,30,1408,4117.479937579004
True,0.00729836,30,1409,4110.512498698337
True,0.00728332,30,1410,4119.00067551611
True,0.00729034,30,1411,4115.034415404494
True,0.00728171,30,1412,4119.911394438944
True,0.00728563,30,1413,4117.694694899411
True,0.00729482,30,1414,4112.507231158548
True,0.00733193,30,1415,4091.6920919866934
True,0.00733717,30,1416,4088.7699208277854
True,0.00733322,30,1417,4090.972315026687
True,0.00726384,30,1418,4130.046917332981
True,0.00726543,30,1419,4129.143078936829
True,0.00727607,30,1420,4123.104917902109
True,0.00726881,30,1421,4127.223025502111
True,0.00726405,30,1422,4129.927519772028
True,0.00725737,30,1423,4133.728885257332
True,0.00727411,30,1424,4124.215883455158
True,0.00727058,30,1425,4126.21826594302
True,0.00727318,30,1426,4124.743234733638
True,0.00726355,30,1427,4130.211811029042
True,0.00740171,30,1428,4053.117455290737
True,0.00725908,30,1429,4132.755114973247
True,0.00726458,30,1430,4129.626213765971
True,0.00729452,30,1431,4112.676365271464
True,0.00727182,30,1432,4125.514657953579
True,0.00726688,30,1433,4128.319168611563
True,0.00724744,30,1434,4139.392668307706
True,0.00726101,30,1435,4131.656615264267
True,0.00726485,30,1436,4129.472735156266
True,0.00726783,30,1437,4127.7795435501375
True,0.00727269,30,1438,4125.021140733346
True,0.00725287,30,1439,4136.293632727458
True,0.00728235,30,1440,4119.549321304249
True,0.00727045,30,1441,4126.292045196652
True,0.0072696,30,1442,4126.774513040607
True,0.00727721,30,1443,4122.459019321966
True,0.00726967,30,1444,4126.734776131517
True,0.00726227,30,1445,4130.93977502902
True,0.00730492,30,1446,4106.821156152292
True,0.00727956,30,1447,4121.128200056048
True,0.00729258,30,1448,4113.770435154636
True,0.00728473,30,1449,4118.203420030667
True,0.00728396,30,1450,4118.638762431425
True,0.00727165,30,1451,4125.611106145097
True,0.0072865,30,1452,4117.203046730255
True,0.00727584,30,1453,4123.235255310727
True,0.00727973,30,1454,4121.031961350215
True,0.00728567,30,1455,4117.67208781073
True,0.0072723,30,1456,4125.242357988532
True,0.00728334,30,1457,4118.98936476946
True,0.00728556,30,1458,4117.734257901932
True,0.007284,30,1459,4118.616144975288
True,0.0073071,30,1460,4105.59592724884
True,0.0072764,30,1461,4122.917926447144
True,0.0072705,30,1462,4126.263668248401
True,0.00728112,30,1463,4120.245236996506
True,0.00728582,30,1464,4117.587313438981
True,0.0072779,30,1465,4122.068179007681
True,0.00728295,30,1466,4119.209935534364
True,0.00725871,30,1467,4132.965774910418
True,0.0072747,30,1468,4123.881397171017
True,0.00728389,30,1469,4118.678343577401
True,0.00728116,30,1470,4120.222601893105
True,0.00727461,30,1471,4123.932416995551
True,0.00728089,30,1472,4120.375393667532
True,0.00725851,30,1473,4133.079654088787
True,0.00730053,30,1474,4109.2906953330785
True,0.00727973,30,1475,4121.031961350215
True,0.00727827,30,1476,4121.85862849276
True,0.0072878,30,1477,4116.468618787563
True,0.00726672,30,1478,4128.410066715107
True,0.00728041,30,1479,4120.647051471003
True,0.00727858,30,1480,4121.6830755449555
True,0.00727462,30,1481,4123.926748063816
True,0.00727915,30,1482,4121.360323664164
True,0.00728051,30,1483,4120.590453141333
True,0.00726654,30,1484,4128.512331866335
True,0.00727723,30,1485,4122.447689574193
True,0.00727728,30,1486,4122.419365477212
True,0.00727465,30,1487,4123.9097413621275
True,0.00729929,30,1488,4109.988779730631
True,0.00726266,30,1489,4130.71794631719
True,0.00728085,30,1490,4120.398030449742
True,0.00726856,30,1491,4127.364980133616
True,0.00727771,30,1492,4122.175794308924
True,0.00727328,30,1493,4124.686523824189
True,0.00727721,30,1494,4122.459019321966
True,0.0072572,30,1495,4133.825717907733
True,0.00727974,30,1496,4121.026300389849
True,0.00728137,30,1497,4120.103771680329
True,0.00727401,30,1498,4124.272581423452
True,0.00727123,30,1499,4125.849409247128
True,0.00726602,30,1500,4128.807792987082
True,0.00727209,30,1501,4125.361484800105
True,0.00727451,30,1502,4123.989107170105
True,0.0073017,30,1503,4108.632236328526
True,0.00727942,30,1504,4121.2074588360065
True,0.00727608,30,1505,4123.099251245176
True,0.00727174,30,1506,4125.560044776079
True,0.0072736,30,1507,4124.505059392873
True,0.00727829,30,1508,4121.847302044848
True,0.00726901,30,1509,4127.109468827254
True,0.00727928,30,1510,4121.2867206646815
True,0.00726024,30,1511,4132.094806783247
True,0.00728333,30,1512,4118.99502013502
True,0.00727729,30,1513,4122.413700704521
True,0.00727695,30,1514,4122.606311710263
True,0.0072759,30,1515,4123.201253453181
True,0.00727472,30,1516,4123.870059603669
True,0.00728999,30,1517,4115.231982485573
True,0.00728139,30,1518,4120.092454874687
True,0.00727595,30,1519,4123.172919000268
True,0.00727718,30,1520,4122.476014060391
True,0.00727814,30,1521,4121.9322519215075
True,0.00726968,30,1522,4126.729099492688
True,0.00725867,30,1523,4132.988550244053
True,0.00727188,30,1524,4125.480618492054
True,0.00727493,30,1525,4123.751018910148
True,0.00727386,30,1526,4124.357631298925
True,0.00727432,30,1527,4124.096822795807
True,0.00726244,30,1528,4130.843077533171
True,0.00728384,30,1529,4118.706616290308
True,0.00728653,30,1530,4117.186095439119
True,0.00730151,30,1531,4108.739151216666
True,0.00728147,30,1532,4120.047188273797
True,0.00727097,30,1533,4125.9969440115965
True,0.00726854,30,1534,4127.376336925985
True,0.00727589,30,1535,4123.206920390495
True,0.00726936,30,1536,4126.910759681733
True,0.00727541,30,1537,4123.478951701691
True,0.0072756,30,1538,4123.371268349002
True,0.0072629,30,1539,4130.581448181856
True,0.00727904,30,1540,4121.422605178705
True,0.00741164,30,1541,4047.687151561598
True,0.00746743,30,1542,4017.446430699719
True,0.00728427,30,1543,4118.4634836435225
True,0.0072852,30,1544,4117.9377367814195
True,0.00726934,30,1545,4126.922113974583
True,0.00730859,30,1546,4104.758920667324
True,0.00727321,30,1547,4124.726221297062
True,0.0072847,30,1548,4118.220379699919
True,0.00728654,30,1549,4117.1804450397585
True,0.00727396,30,1550,4124.300930992196
True,0.00727279,30,1551,4124.964422181859
True,0.00728962,30,1552,4115.440859743032
True,0.00728311,30,1553,4119.119442106463
True,0.00728027,30,1554,4120.726291744674
True,0.00727577,30,1555,4123.274924853315
True,0.00726364,30,1556,4130.160635714325
True,0.00728327,30,1557,4119.028952654508
True,0.00729403,30,1558,4112.952647576169
True,0.00729196,30,1559,4114.120209107016
True,0.00730252,30,1560,4108.17087799828
True,0.00728549,30,1561,4117.773821664706
True,0.00726668,30,1562,4128.432791866437
True,0.00729033,30,1563,4115.040059914983
True,0.00728924,30,1564,4115.6554044043005
True,0.00728354,30,1565,4118.876260719376
True,0.00728137,30,1566,4120.103771680329
True,0.00726661,30,1567,4128.472561483278
True,0.007271,30,1568,4125.979920231055
True,0.00741239,30,1569,4047.277598723219
True,0.00726974,30,1570,4126.695039987675
True,0.00731201,30,1571,4102.839027845968
True,0.00731984,30,1572,4098.450239349494
True,0.00729822,30,1573,4110.591349671564
True,0.00733667,30,1574,4089.0485738080083
True,0.0072925,30,1575,4113.81556393555
True,0.00728783,30,1576,4116.451673543428
True,0.00728005,30,1577,4120.850818332292
True,0.0072907,30,1578,4114.831223339323
True,0.00730723,30,1579,4105.52288623733
True,0.00732952,30,1580,4093.0374703936955
True,0.00732059,30,1581,4098.030350012772
True,0.00731032,30,1582,4103.787522297245
True,0.00728589,30,1583,4117.547753260069
True,0.00729256,30,1584,4113.78171725704
True,0.00728164,30,1585,4119.951000049439
True,0.00728291,30,1586,4119.232559512612
True,0.00728769,30,1587,4116.530752542987
True,0.00730802,30,1588,4105.07907750663
True,0.00728078,30,1589,4120.437645417112
True,0.0072723,30,1590,4125.242357988532
True,0.00728465,30,1591,4118.248646125758
True,0.00728955,30,1592,4115.480379447291
True,0.00728657,30,1593,4117.163493934732
True,0.00728599,30,1594,4117.491240037387
True,0.00729128,30,1595,4114.503900549697
True,0.0072731,30,1596,4124.788604584015
True,0.00729673,30,1597,4111.430736782093
True,0.00728703,30,1598,4116.903594468528
True,0.00728031,30,1599,4120.703651355506
True,0.00728692,30,1600,4116.965741355744
True,0.00727776,30,1601,4122.147473948028
True,0.00728824,30,1602,4116.220102521323
True,0.00730536,30,1603,4106.573803344393
True,0.00728016,30,1604,4120.788554097712
True,0.00729184,30,1605,4114.187914161584
True,0.0072908,30,1606,4114.77478466012
True,0.00727289,30,1607,4124.907705190097
True,0.00728808,30,1608,4116.310468600784
True,0.00729084,30,1609,4114.752209621936
True,0.0072834,30,1610,4118.955432902216
True,0.00728848,30,1611,4116.084560841218
True,0.00728647,30,1612,4117.219998160976
True,0.00728188,30,1613,4119.815212555
True,0.0072826,30,1614,4119.4079037706315
True,0.00728031,30,1615,4120.703651355506
True,0.00729028,30,1616,4115.0682826997045
True,0.00731834,30,1617,4099.290276210179
True,0.00727388,30,1618,4124.346291112859
True,0.0072876,30,1619,4116.581590647127
True,0.00728429,30,1620,4118.4521758469255
True,0.0072908,30,1621,4114.77478466012
True,0.00728246,30,1622,4119.487096393252
True,0.00728345,30,1623,4118.927156773232
True,0.00727376,30,1624,4124.414333164691
True,0.00727746,30,1625,4122.3174019506805
True,0.00728032,30,1626,4120.6979912970855
True,0.0072717,30,1627,4125.582738561822
True,0.00727219,30,1628,4125.304756888915
True,0.00725754,30,1629,4133.63205714333
True,0.00728169,30,1630,4119.922710249955
True,0.00730722,30,1631,4105.528504684408
True,0.00727759,30,1632,4122.243764762786
True,0.00728038,30,1633,4120.664031273092
True,0.00728018,30,1634,4120.7772335299405
True,0.00726563,30,1635,4129.029416581907
True,0.00727318,30,1636,4124.743234733638
True,0.00727585,30,1637,4123.229588295525
True,0.00727344,30,1638,4124.595789612618
True,0.00728664,30,1639,4117.123941899147
True,0.00727574,30,1640,4123.291926319522
True,0.00727091,30,1641,4126.030991994125
True,0.00727581,30,1642,4123.252256449798
True,0.00727538,30,1643,4123.4959548504685
True,0.00728386,30,1644,4118.695307158568
True,0.00729632,30,1645,4111.661769220648
True,0.00725265,30,1646,4136.4191019834125
True,0.00727856,30,1647,4121.694401090325
True,0.00727663,30,1648,4122.787609099267
True,0.00727409,30,1649,4124.227222924104
True,0.00727746,30,1650,4122.3174019506805
True,0.00727903,30,1651,4121.428267227914
True,0.00726817,30,1652,4127.586448858516
True,0.00728494,30,1653,4118.084706257017
True,0.00728795,30,1654,4116.383893961951
True,0.00729354,30,1655,4113.228967003677
True,0.00728877,30,1656,4115.920793220255
True,0.00728236,30,1657,4119.54366441648
True,0.00728718,30,1658,4116.818851736886
True,0.00728938,30,1659,4115.576359031907
True,0.00731827,30,1660,4099.329486340351
True,0.00729612,30,1661,4111.774477393464
True,0.00729465,30,1662,4112.603072114495
True,0.00728185,30,1663,4119.8321855023105
True,0.00730047,30,1664,4109.32446815068
True,0.00730051,30,1665,4109.301952877265
True,0.00729184,30,1666,4114.187914161584
True,0.00729745,30,1667,4111.025084104722
True,0.00727655,30,1668,4122.832935938048
True,0.00729913,30,1669,4110.078872413562
True,0.00729319,30,1670,4113.426360755719
True,0.00729501,30,1671,4112.400120082083
True,0.00729036,30,1672,4115.023126429971
True,0.00728688,30,1673,4116.988340689019
True,0.00729321,30,1674,4113.415080602369
True,0.00728606,30,1675,4117.451681704515
True,0.00728878,30,1676,4115.915146293344
True,0.00728264,30,1677,4119.385277866269
True,0.00728105,30,1678,4120.284849025896
True,0.00759764,30,1679,3948.594563575005
True,0.00801699,30,1680,3742.052815333436
True,0.00801926,30,1681,3740.993558009093
True,0.00801309,30,1682,3743.8740860267385
True,0.00802288,30,1683,3739.3055860239715
True,0.00801817,30,1684,3741.5021133251103
True,0.00800611,30,1685,3747.1381232583612
True,0.00801031,30,1686,3745.1734077707356
True,0.00802751,30,1687,3737.148879291337
True,0.0080076,30,1688,3746.440881162895
True,0.00800422,30,1689,3748.0229179108023
True,0.00801401,30,1690,3743.4442931815656
True,0.00800177,30,1691,3749.170496027754
True,0.00801551,30,1692,3742.743755543939
True,0.00801988,30,1693,3740.704349691018
True,0.00801383,30,1694,3743.528375321164
True,0.00800793,30,1695,3746.286493513305
True,0.008023,30,1696,3739.249657235448
True,0.00802388,30,1697,3738.839563901753
True,0.00802655,30,1698,3737.595853760333
True,0.00802169,30,1699,3739.860303751454
True,0.00803975,30,1700,3731.459311545757
True,0.008022,30,1701,3739.7157816005983
True,0.00802327,30,1702,3739.1238235781666
True,0.00802189,30,1703,3739.767062375575
True,0.00802672,30,1704,3737.5166942412347
True,0.00801923,30,1705,3741.0075530942495
True,0.00815336,30,1706,3679.464662421382
True,0.00801771,30,1707,3741.7167744904714
True,0.0075905,30,1708,3952.3088070614585
True,0.00727582,30,1709,4123.246589387863
True,0.00729599,30,1710,4111.847741019382
True,0.00728296,30,1711,4119.204279578633
True,0.00728124,30,1712,4120.1773324323885
True,0.00728738,30,1713,4116.705866854754
True,0.00729924,30,1714,4110.016933269765
True,0.00726715,30,1715,4128.165787138011
True,0.00728242,30,1716,4119.509723416117
True,0.00731778,30,1717,4099.6039782557
True,0.00729812,30,1718,4110.64767364746
True,0.0072866,30,1719,4117.146542969286
True,0.00729449,30,1720,4112.693279447913
True,0.00727972,30,1721,4121.037622326134
True,0.00728354,30,1722,4118.876260719376
True,0.00729203,30,1723,4114.080715520919
True,0.00728933,30,1724,4115.60458917349
True,0.00728571,30,1725,4117.649480970283
True,0.0072703,30,1726,4126.377178383285
True,0.00728741,30,1727,4116.688919657327
True,0.00731717,30,1728,4099.945744051321
True,0.00728849,30,1729,4116.078913464929
True,0.007294,30,1730,4112.969564025226
True,0.00728337,30,1731,4118.972398765956
True,0.00727181,30,1732,4125.520331251779
True,0.00730942,30,1733,4104.2928166667125
True,0.00731571,30,1734,4100.763972328045
True,0.00730544,30,1735,4106.5288333077815
True,0.00730254,30,1736,4108.159626650453
True,0.00726825,30,1737,4127.541017438861
True,0.00725384,30,1738,4135.740518125572
True,0.00729813,30,1739,4110.642041180412
True,0.00730664,30,1740,4105.854400928471
True,0.00729805,30,1741,4110.68710134899
True,0.00733718,30,1742,4088.7643481555588
True,0.00726252,30,1743,4130.797574395664
True,0.00728408,30,1744,4118.570910808228
True,0.00727384,30,1745,4124.368971547353
True,0.00727654,30,1746,4122.8386018629735
True,0.00728274,30,1747,4119.328714192735
True,0.00727302,30,1748,4124.833975432489
True,0.00726272,30,1749,4130.68382093761
True,0.00727362,30,1750,4124.493718396067
True,0.00728159,30,1751,4119.979290237435
True,0.00727017,30,1752,4126.450963319977
True,0.00727538,30,1753,4123.4959548504685
True,0.00726344,30,1754,4130.274360358178
True,0.00727963,30,1755,4121.088571809281
True,0.00727715,30,1756,4122.493008938939
True,0.00729409,30,1757,4112.918815095509
True,0.0072733,30,1758,4124.675181829431
True,0.00726849,30,1759,4127.404729180339
True,0.00726574,30,1760,4128.966904953934
True,0.00727503,30,1761,4123.694335281091
True,0.007279,30,1762,4121.4452534688835
True,0.00727088,30,1763,4126.048016196113
True,0.00728156,30,1764,4119.9962645367195
True,0.00725814,30,1765,4133.290347113723
True,0.00726831,30,1766,4127.506944530434
True,0.00727272,30,1767,4125.004125004125
True,0.00726775,30,1768,4127.824980220838
True,0.00727734,30,1769,4122.38537707459
True,0.00727156,30,1770,4125.662168778089
True,0.00727839,30,1771,4121.790670738996
True,0.00727022,30,1772,4126.422584185898
True,0.00727248,30,1773,4125.140254768662
True,0.00727508,30,1774,4123.665994050924
True,0.00726393,30,1775,4129.995746104381
True,0.00726651,30,1776,4128.529376550779
True,0.00727032,30,1777,4126.365827088766
True,0.00727609,30,1778,4123.093584603819
True,0.00727296,30,1779,4124.868004223865
True,0.00726858,30,1780,4127.353623403746
True,0.00727277,30,1781,4124.975765767376
True,0.0072603,30,1782,4132.060658650469
True,0.00726786,30,1783,4127.762505056509
True,0.00727414,30,1784,4124.198874368653
True,0.00729818,30,1785,4110.613879076702
True,0.00727163,30,1786,4125.6224532876395
True,0.00725298,30,1787,4136.230900953815
True,0.00726656,30,1788,4128.5009688215605
True,0.00728514,30,1789,4117.971651883148
True,0.00726734,30,1790,4128.05785885895
True,0.00727297,30,1791,4124.862332719646
True,0.0072783,30,1792,4121.841638844236
True,0.00726642,30,1793,4128.580511448554
True,0.00727142,30,1794,4125.741602052969
True,0.00727023,30,1795,4126.416908405924
True,0.00727137,30,1796,4125.7699718209915
True,0.00726085,30,1797,4131.747660397888
True,0.00726281,30,1798,4130.6326339254365
True,0.00726598,30,1799,4128.830522517265
True,0.0072852,30,1800,4117.9377367814195
True,0.00726841,30,1801,4127.450157599805
True,0.0072619,30,1802,4131.15024993459
True,0.00727184,30,1803,4125.503311403992
True,0.00726009,30,1804,4132.18017958455
True,0.00727048,30,1805,4126.275018980865
True,0.00727671,30,1806,4122.742283257132
True,0.0072714,30,1807,4125.752949913359
True,0.007267,30,1808,4128.250997660658
True,0.00725942,30,1809,4132.561554504355
True,0.00727864,30,1810,4121.649099282284
True,0.00727086,30,1811,4126.059365742154
True,0.00727093,30,1812,4126.019642604178
True,0.00726886,30,1813,4127.194635747559
True,0.00729719,30,1814,4111.171560559613
True,0.00726898,30,1815,4127.126501930119
True,0.00728349,30,1816,4118.9045361495655
True,0.00727548,30,1817,4123.439278233189
True,0.00727817,30,1818,4121.915261666051
True,0.00727238,30,1819,4125.196978155707
True,0.0072562,30,1820,4134.395413577355
True,0.00727135,30,1821,4125.781319837444
True,0.00728137,30,1822,4120.103771680329
True,0.00727197,30,1823,4125.429560352972
True,0.00727557,30,1824,4123.388270609726
True,0.00729049,30,1825,4114.949749605307
True,0.00726339,30,1826,4130.302792497718
True,0.00727424,30,1827,4124.142178426887
True,0.00730459,30,1828,4107.006690313899
True,0.00728455,30,1829,4118.305180141532
True,0.00727783,30,1830,4122.107826096515
True,0.00726092,30,1831,4131.707827658203
True,0.00728001,30,1832,4120.873460338654
True,0.0072765,30,1833,4122.8612657184085
True,0.0072762,30,1834,4123.031252576894
True,0.00727698,30,1835,4122.589315897529
True,0.00728679,30,1836,4117.03919009605
True,0.00725781,30,1837,4133.478280638375
True,0.00728423,30,1838,4118.486099423
True,0.00728021,30,1839,4120.760252794906
True,0.00727905,30,1840,4121.416943145054
True,0.00727021,30,1841,4126.428259981486
True,0.00726248,30,1842,4130.820325839108
True,0.00730327,30,1843,4107.748994628434
True,0.00728204,30,1844,4119.724692531214
True,0.00736388,30,1845,4073.939282008941
True,0.00801962,30,1846,3740.825625154309
True,0.00815936,30,1847,3676.758961487176
True,0.00801598,30,1848,3742.524307695378
True,0.0080249,30,1849,3738.3643409886727
True,0.0078626,30,1850,3815.531757942665
True,0.00729156,30,1851,4114.345901288613
True,0.00729899,30,1852,4110.157706751208
True,0.00727855,30,1853,4121.700063886351
True,0.00729075,30,1854,4114.8030038061925
True,0.00729572,30,1855,4111.999912277335
True,0.0073249,30,1856,4095.619052819834
True,0.00728338,30,1857,4118.9667434625135
True,0.00729617,30,1858,4111.746299770975
True,0.0072813,30,1859,4120.143380989658
True,0.00729563,30,1860,4112.05063853293
True,0.00728254,30,1861,4119.441843093206
True,0.00728825,30,1862,4116.214454773094
True,0.00727952,30,1863,4121.1508451106665
True,0.00728403,30,1864,4118.599182046202
True,0.00727371,30,1865,4124.4426846822325
True,0.00728006,30,1866,4120.8451578695785
True,0.00728431,30,1867,4118.440868112422
True,0.00727871,30,1868,4121.609461017131
True,0.00728053,30,1869,4120.579133661972
True,0.0072697,30,1870,4126.717746261882
True,0.0073045,30,1871,4107.057293449244
True,0.00728949,30,1872,4115.514254083619
True,0.00728288,30,1873,4119.249527659387
True,0.0072839,30,1874,4118.672689081399
True,0.0072805,30,1875,4120.5961129043335
True,0.00726975,30,1876,4126.689363458166
True,0.00727955,30,1877,4121.133861296371
True,0.00727404,30,1878,4124.255571869277
True,0.00727659,30,1879,4122.810272394075
True,0.00727858,30,1880,4121.6830755449555
True,0.00726455,30,1881,4129.643267649063
True,0.00727491,30,1882,4123.762355822959
True,0.00727828,30,1883,4121.852965261023
True,0.007271,30,1884,4125.979920231055
True,0.00729348,30,1885,4113.262804587111
True,0.00727834,30,1886,4121.818986197402
True,0.00725581,30,1887,4134.617637451918
True,0.00727639,30,1888,4122.9235926056745
True,0.00727923,30,1889,4121.315029199517
True,0.00727971,30,1890,4121.043283317605
True,0.0072845,30,1891,4118.333447731485
True,0.00726346,30,1892,4130.2629876119645
True,0.00728798,30,1893,4116.366949415338
True,0.00729129,30,1894,4114.498257509988
True,0.00728975,30,1895,4115.367468020165
True,0.0072814,30,1896,4120.086796495179
True,0.00728877,30,1897,4115.920793220255
True,0.00728105,30,1898,4120.284849025896
True,0.00731097,30,1899,4103.422664844747
True,0.00729614,30,1900,4111.763206298125
True,0.00728787,30,1901,4116.429080101593
True,0.0072906,30,1902,4114.887663566785
True,0.00726585,30,1903,4128.9043952187285
True,0.00728385,30,1904,4118.700961716675
True,0.0072786,30,1905,4121.671750061825
True,0.00728629,30,1906,4117.321709676667
True,0.0072869,30,1907,4116.977040991368
True,0.00727537,30,1908,4123.501622597889
True,0.00730232,30,1909,4108.283394866289
True,0.00731889,30,1910,4098.9822227141
True,0.00731663,30,1911,4100.248338374361
True,0.00730906,30,1912,4104.494969257333
True,0.00730783,30,1913,4105.185807551626
True,0.00727839,30,1914,4121.790670738996
True,0.00726627,30,1915,4128.665739093097
True,0.00728086,30,1916,4120.392371230871
True,0.00728377,30,1917,4118.746198740488
True,0.00728335,30,1918,4118.983709419429
True,0.00727951,30,1919,4121.156506413206
True,0.00726568,30,1920,4129.00100197091
True,0.00728285,30,1921,4119.266495945955
True,0.00727959,30,1922,4121.111216428398
True,0.00727306,30,1923,4124.811289883488
True,0.00727237,30,1924,4125.20265058021
True,0.00726961,30,1925,4126.7688362924555
True,0.00726355,30,1926,4130.211811029042
True,0.00727297,30,1927,4124.862332719646
True,0.00729745,30,1928,4111.025084104722
True,0.0072824,30,1929,4119.521037020762
True,0.00726924,30,1930,4126.978886376018
True,0.00725935,30,1931,4132.6014037069435
True,0.00728044,30,1932,4120.630071808847
True,0.00727467,30,1933,4123.898403638928
True,0.00727558,30,1934,4123.3826031739045
True,0.00727538,30,1935,4123.4959548504685
True,0.00727757,30,1936,4122.255093389689
True,0.00727033,30,1937,4126.360151464926
True,0.00726953,30,1938,4126.8142507149705
True,0.00727671,30,1939,4122.742283257132
True,0.00727723,30,1940,4122.447689574193
True,0.00727329,30,1941,4124.680852819013
True,0.00729014,30,1942,4115.1473085564885
True,0.00728761,30,1943,4116.57594190688
True,0.00728009,30,1944,4120.82817657474
True,0.00728864,30,1945,4115.99420468016
True,0.00728621,30,1946,4117.366916407844
True,0.00728308,30,1947,4119.1364093213315
True,0.00728307,30,1948,4119.142065090683
True,0.0072875,30,1949,4116.63807890223
True,0.00728756,30,1950,4116.604185763136
True,0.0072857,30,1951,4117.6551326571225
True,0.00728437,30,1952,4118.406945281473
True,0.00728107,30,1953,4120.273531225493
True,0.00726959,30,1954,4126.780189804376
True,0.00728214,30,1955,4119.66811953629
True,0.0073197,30,1956,4098.528628222468
True,0.00727714,30,1957,4122.498673929594
True,0.00728481,30,1958,4118.1581949289
True,0.00727019,30,1959,4126.439611619504
True,0.00728982,30,1960,4115.327950484374
True,0.00727068,30,1961,4126.161514466322
True,0.00727196,30,1962,4125.435233417125
True,0.00728315,30,1963,4119.0968193707395
True,0.00728252,30,1964,4119.453156325008
True,0.00726319,30,1965,4130.416524970433
True,0.00728279,30,1966,4119.300432938476
True,0.00728396,30,1967,4118.638762431425
True,0.00729217,30,1968,4114.001730623395
True,0.00728684,30,1969,4117.010940270406
True,0.00727302,30,1970,4124.833975432489
True,0.00730201,30,1971,4108.457808192538
True,0.00728931,30,1972,4115.615881338563
True,0.00728991,30,1973,4115.277143339218
True,0.00728142,30,1974,4120.075479782789
True,0.00728119,30,1975,4120.205625728761
True,0.00726656,30,1976,4128.5009688215605
True,0.00728638,30,1977,4117.27085329066
True,0.00727635,30,1978,4122.946257395535
True,0.00728491,30,1979,4118.101664948503
True,0.00727645,30,1980,4122.889595888105
True,0.00726971,30,1981,4126.712069669904
True,0.00728833,30,1982,4116.169273345197
True,0.00728488,30,1983,4118.118623779665
True,0.0072875,30,1984,4116.63807890223
True,0.0073034,30,1985,4107.6758769888
True,0.00728103,30,1986,4120.296166888476
True,0.00741437,30,1987,4046.19677733914
True,0.00733404,30,1988,4090.5149140173767
True,0.00728347,30,1989,4118.915846430342
True,0.0072895,30,1990,4115.508608272173
True,0.00728459,30,1991,4118.282566348964
True,0.00728594,30,1992,4117.519496454815
True,0.00726758,30,1993,4127.921536467435
True,0.00727826,30,1994,4121.864291740058
True,0.00727579,30,1995,4123.2635906204005
True,0.00728411,30,1996,4118.553948251742
True,0.00729022,30,1997,4115.102150552384
True,0.00727543,30,1998,4123.467616347075
True,0.0073076,30,1999,4105.315014505446
True,0.00727465,30,2000,4123.9097413621275
True,0.00728283,30,2001,4119.277808214664
True,0.00728665,30,2002,4117.118291670383
True,0.00727732,30,2003,4122.396706479858
True,0.00727182,30,2004,4125.514657953579
True,0.00728299,30,2005,4119.18731180463
True,0.00728428,30,2006,4118.457829737462
True,0.00728549,30,2007,4117.773821664706
True,0.00729536,30,2008,4112.202824809194
True,0.00728349,30,2009,4118.9045361495655
True,0.00727754,30,2010,4122.272086446794
True,0.0072879,30,2011,4116.412135182974
True,0.00728821,30,2012,4116.237045858997
True,0.00730256,30,2013,4108.148375364256
True,0.00728704,30,2014,4116.897944844546
True,0.0072631,30,2015,4130.467706626647
True,0.00728269,30,2016,4119.35699583533
True,0.007308,30,2017,4105.0903119868635
True,0.00728759,30,2018,4116.587239402876
True,0.00728859,30,2019,4116.022440554346
True,0.00728696,30,2020,4116.943142270577
True,0.00727161,30,2021,4125.6338004926
True,0.00727127,30,2022,4125.826712527522
True,0.00727986,30,2023,4120.958370078545
True,0.00728034,30,2024,4120.686671226894
True,0.00728195,30,2025,4119.775609555133
True,0.00726356,30,2026,4130.206124820336
True,0.00727705,30,2027,4122.549659546107
True,0.00730096,30,2028,4109.048673051216
True,0.00728083,30,2029,4120.4093489341185
True,0.00727657,30,2030,4122.821604134915
True,0.00728466,30,2031,4118.242992809548
True,0.00727163,30,2032,4125.6224532876395
True,0.00728162,30,2033,4119.962316078016
True,0.00728579,30,2034,4117.604268034077
True,0.00728734,30,2035,4116.728463335045
True,0.00729096,30,2036,4114.684485993614
True,0.00727804,30,2037,4121.98888711796
True,0.00727534,30,2038,4123.518625933633
True,0.00728447,30,2039,4118.3504084717215
True,0.00729209,30,2040,4114.046864479182
True,0.00728303,30,2041,4119.164688323403
True,0.00731006,30,2042,4103.933483446101
True,0.00727872,30,2043,4121.603798470061
True,0.00729444,30,2044,4112.721470051162
True,0.00728781,30,2045,4116.46297035735
True,0.00728201,30,2046,4119.741664732676
True,0.00728285,30,2047,4119.266495945955
True,0.00727139,30,2048,4125.758623866964
True,0.00726468,30,2049,4129.569368506252
True,0.00728063,30,2050,4120.522537198018
True,0.00728351,30,2051,4118.893225930904
True,0.0072931,30,2052,4113.477122211405
True,0.0073056,30,2053,4106.438896189225
True,0.00727663,30,2054,4122.787609099267
True,0.0072946,30,2055,4112.631261481096
True,0.00731438,30,2056,4101.509628977439
True,0.00729516,30,2057,4112.315562647015
True,0.00728843,30,2058,4116.112797955115
True,0.00728804,30,2059,4116.333060740611
True,0.00727656,30,2060,4122.827270028695
True,0.00728561,30,2061,4117.705998536842
True,0.00728574,30,2062,4117.63252600285
True,0.00731575,30,2063,4100.741550763763
True,0.00733058,30,2064,4092.4456182184767
True,0.00731712,30,2065,4099.973760167935
True,0.0072957,30,2066,4112.011184670422
True,0.00728026,30,2067,4120.731951880839
True,0.0072828,30,2068,4119.294776734223
True,0.00728431,30,2069,4118.440868112422
True,0.00731467,30,2070,4101.347019072631
True,0.00727451,30,2071,4123.989107170105
True,0.00728214,30,2072,4119.66811953629
True,0.00727408,30,2073,4124.232892681961
True,0.00727565,30,2074,4123.342931559379
True,0.00727381,30,2075,4124.385982036924
True,0.00728299,30,2076,4119.18731180463
True,0.00726817,30,2077,4127.586448858516
True,0.00726767,30,2078,4127.8704178918415
True,0.00726932,30,2079,4126.933468329912
True,0.00726713,30,2080,4128.17714833779
True,0.00727074,30,2081,4126.127464329628
True,0.00725791,30,2082,4133.4213292807435
True,0.00727649,30,2083,4122.866931721201
True,0.00727345,30,2084,4124.590118856939
True,0.0072953,30,2085,4112.236645511493
True,0.00727952,30,2086,4121.1508451106665
True,0.00727934,30,2087,4121.252750936212
True,0.0072595,30,2088,4132.516013499552
True,0.0072731,30,2089,4124.788604584015
True,0.00726965,30,2090,4126.746129456026
True,0.00726909,30,2091,4127.06404790696
True,0.00726628,30,2092,4128.660057140655
True,0.00725989,30,2093,4132.294015474064
True,0.00726696,30,2094,4128.273721060801
True,0.00727303,30,2095,4124.828304021845
True,0.00727372,30,2096,4124.437014347542
True,0.00726635,30,2097,4128.620283911455
True,0.00726652,30,2098,4128.52369497366
True,0.00727708,30,2099,4122.532664200476
True,0.00727267,30,2100,4125.032484630817
True,0.00726653,30,2101,4128.518013412178
True,0.0072675,30,2102,4127.96697626419
True,0.00726706,30,2103,4128.216913029479
True,0.0072591,30,2104,4132.743728561391
True,0.00727169,30,2105,4125.588412047268
True,0.00727603,30,2106,4123.127584685604
True,0.00727551,30,2107,4123.422275551817
True,0.00727905,30,2108,4121.416943145054
True,0.00727687,30,2109,4122.651634562662
True,0.00727558,30,2110,4123.3826031739045
True,0.00728387,30,2111,4118.689652615986
True,0.00728055,30,2112,4120.567814244803
True,0.00730566,30,2113,4106.4051707853905
True,0.00727799,30,2114,4122.017205299815
True,0.00729802,30,2115,4110.703999166897
True,0.00729716,30,2116,4111.188462360699
True,0.00729602,30,2117,4111.830833797057
True,0.00729526,30,2118,4112.259192955426
True,0.00729223,30,2119,4113.9678808814315
True,0.00727605,30,2120,4123.116251262704
True,0.00727344,30,2121,4124.595789612618
True,0.00729519,30,2122,4112.298651577272
True,0.00729135,30,2123,4114.464399596783
True,0.0072925,30,2124,4113.81556393555
True,0.00756475,30,2125,3965.762252552959
True,0.00801844,30,2126,3741.3761280249028
True,0.00816725,30,2127,3673.2070158254005
True,0.00802172,30,2128,3739.84631724867
True,0.00801067,30,2129,3745.005099448611
True,0.0080212,30,2130,3740.088764773351
True,0.00801999,30,2131,3740.6530432082836
True,0.00801848,30,2132,3741.357464257565
True,0.00802187,30,2133,3739.7763863039413
True,0.00802686,30,2134,3737.4515065667024
True,0.00800885,30,2135,3745.8561466377823
True,0.00801586,30,2136,3742.58033448688
True,0.00801702,30,2137,3742.038812426563
True,0.00800925,30,2138,3745.669070137653
True,0.00801349,30,2139,3743.6872074464436
True,0.0080344,30,2140,3733.944040625311
True,0.00801638,30,2141,3742.3375638380417
True,0.00801478,30,2142,3743.0846511070795
True,0.00801763,30,2143,3741.7541093814507
True,0.0080138,30,2144,3743.5423893783227
True,0.00801382,30,2145,3743.5330466618916
True,0.00801701,30,2146,3742.0434800505427
True,0.00753187,30,2147,3983.0745883824334
True,0.00728227,30,2148,4119.594576965698
True,0.00726114,30,2149,4131.5826440476285
True,0.00727643,30,2150,4122.900928064999
True,0.00728691,30,2151,4116.971391165803
True,0.00727747,30,2152,4122.31173745821
True,0.00729201,30,2153,4114.091999325289
True,0.00729986,30,2154,4109.667856643826
True,0.0072752,30,2155,4123.597976687926
True,0.0072723,30,2156,4125.242357988532
True,0.00727286,30,2157,4124.924720123858
True,0.00728808,30,2158,4116.310468600784
True,0.00727979,30,2159,4120.997995821308
True,0.00726352,30,2160,4130.228869749102
True,0.00727919,30,2161,4121.337676307391
True,0.00728454,30,2162,4118.310833628479
True,0.00728792,30,2163,4116.400838648065
True,0.00727573,30,2164,4123.297593506081
True,0.00727314,30,2165,4124.765919534067
True,0.00726047,30,2166,4131.963908672579
True,0.00727843,30,2167,4121.768018652374
True,0.00730334,30,2168,4107.709623268258
True,0.00727631,30,2169,4122.968922434586
True,0.00728494,30,2170,4118.084706257017
True,0.00726258,30,2171,4130.763447700404
True,0.00728013,30,2172,4120.805535065994
True,0.00728294,30,2173,4119.215591505628
True,0.00729085,30,2174,4114.746565901095
True,0.00727592,30,2175,4123.189919625284
True,0.00728112,30,2176,4120.245236996506
True,0.00727973,30,2177,4121.031961350215
True,0.00729118,30,2178,4114.560331798145
True,0.00728787,30,2179,4116.429080101593
True,0.00727653,30,2180,4122.844267803473
True,0.00727661,30,2181,4122.7989407155255
True,0.00725765,30,2182,4133.569406074969
True,0.00732383,30,2183,4096.217416297211
True,0.00733212,30,2184,4091.586062421237
True,0.00731465,30,2185,4101.358233134873
True,0.00731358,30,2186,4101.958274880428
True,0.00728311,30,2187,4119.119442106463
True,0.00725636,30,2188,4134.304251718492
True,0.00726924,30,2189,4126.978886376018
True,0.00727306,30,2190,4124.811289883488
True,0.00728181,30,2191,4119.854816316273
True,0.00727103,30,2192,4125.9628965909915
True,0.00727279,30,2193,4124.964422181859
True,0.00726229,30,2194,4130.928398618066
True,0.00727147,30,2195,4125.713232675099
True,0.00727413,30,2196,4124.204544048566
True,0.00729663,30,2197,4111.487083763326
True,0.00726747,30,2198,4127.984016445888
True,0.00726116,30,2199,4131.571264095544
True,0.00727919,30,2200,4121.337676307391
True,0.00727896,30,2201,4121.467902007979
True,0.00726225,30,2202,4130.951151502633
True,0.00727736,30,2203,4122.374047731595
True,0.00727552,30,2204,4123.4166080225195
True,0.00725462,30,2205,4135.295852849633
True,0.00726652,30,2206,4128.52369497366
True,0.00726836,30,2207,4127.478550869798
True,0.00726167,30,2208,4131.281096497087
True,0.00726185,30,2209,4131.178694134414
True,0.00724503,30,2210,4140.769603438494
True,0.00728826,30,2211,4116.208807040363
True,0.00727086,30,2212,4126.059365742154
True,0.00726799,30,2213,4127.688673209512
True,0.00726534,30,2214,4129.194229038146
True,0.00727654,30,2215,4122.8386018629735
True,0.00724455,30,2216,4141.043957181606
True,0.00726628,30,2217,4128.660057140655
True,0.00726151,30,2218,4131.372125081422
True,0.0072606,30,2219,4131.88992645236
True,0.0072622,30,2220,4130.979592960811
True,0.00726244,30,2221,4130.843077533171
True,0.00726709,30,2222,4128.19987092495
True,0.00726532,30,2223,4129.205595899424
True,0.00726295,30,2224,4130.553012205784
True,0.00729462,30,2225,4112.619985688082
True,0.00727,30,2226,4126.547455295736
True,0.00725749,30,2227,4133.660535529501
True,0.00726881,30,2228,4127.223025502111
True,0.00727676,30,2229,4122.713955111891
True,0.0072736,30,2230,4124.505059392873
True,0.00727501,30,2231,4123.705671882238
True,0.00726655,30,2232,4128.5066503361295
True,0.0072834,30,2233,4118.955432902216
True,0.00730066,30,2234,4109.217522799308
True,0.00728666,30,2235,4117.112641457128
True,0.00728152,30,2236,4120.018897153342
True,0.00727197,30,2237,4125.429560352972
True,0.00727466,30,2238,4123.904072492735
True,0.00727833,30,2239,4121.824649335767
True,0.00730027,30,2240,4109.437048218764
True,0.00727567,30,2241,4123.331596952583
True,0.00728233,30,2242,4119.560635126395
True,0.00726589,30,2243,4128.881664875191
True,0.00727537,30,2244,4123.501622597889
True,0.00728385,30,2245,4118.700961716675
True,0.00727808,30,2246,4121.96623285262
True,0.00727308,30,2247,4124.79994720256
True,0.00727049,30,2248,4126.269343606827
True,0.00726208,30,2249,4131.047854058342
True,0.00727433,30,2250,4124.091153412067
True,0.00728026,30,2251,4120.731951880839
True,0.00726875,30,2252,4127.257093723129
True,0.00727979,30,2253,4120.997995821308
True,0.0072824,30,2254,4119.521037020762
True,0.0072806,30,2255,4120.539515973958
True,0.00728446,30,2256,4118.356062082845
True,0.00727678,30,2257,4122.702623962797
True,0.0072744,30,2258,4124.051468162323
True,0.00728861,30,2259,4116.011146158184
True,0.00726805,30,2260,4127.654597863251
True,0.00727767,30,2261,4122.198450877822
True,0.00728433,30,2262,4118.429560440013
True,0.00727437,30,2263,4124.068476032976
True,0.00727947,30,2264,4121.179151778907
True,0.00726727,30,2265,4128.0976212525475
True,0.00741226,30,2266,4047.3485819439684
True,0.00728617,30,2267,4117.389520145701
True,0.00730355,30,2268,4107.591513715933
True,0.00727853,30,2269,4121.711389525082
True,0.00727777,30,2270,4122.141809922545
True,0.00726461,30,2271,4129.609160023731
True,0.00728918,30,2272,4115.689281921972
True,0.00728329,30,2273,4119.017641752559
True,0.00728461,30,2274,4118.27125954581
True,0.00727729,30,2275,4122.413700704521
True,0.00726825,30,2276,4127.541017438861
True,0.00726016,30,2277,4132.140338504936
True,0.00727777,30,2278,4122.141809922545
True,0.00727624,30,2279,4123.00858685255
True,0.0072786,30,2280,4121.671750061825
True,0.00727367,30,2281,4124.465366176909
True,0.00726124,30,2282,4131.525744914092
True,0.00730678,30,2283,4105.775731580806
True,0.00740962,30,2284,4048.7906262399424
True,0.0080106,30,2285,3745.0378248820316
True,0.00801122,30,2286,3744.747990942703
True,0.00800388,30,2287,3748.182131666142
True,0.00800531,30,2288,3747.51258851937
True,0.00801543,30,2289,3742.7811109322893
True,0.00801247,30,2290,3744.1637847005977
True,0.00800563,30,2291,3747.3627934341207
True,0.0080078,30,2292,3746.3473113714126
True,0.00781773,30,2293,3837.4310701444024
True,0.00729059,30,2294,4114.893307674688
True,0.00728813,30,2295,4116.282228774734
True,0.00730192,30,2296,4108.508447093367
True,0.00727953,30,2297,4121.145183823681
True,0.00727484,30,2298,4123.802035508685
True,0.00727711,30,2299,4122.515668994972
True,0.0072761,30,2300,4123.087917978038
True,0.00728041,30,2301,4120.647051471003
True,0.00726465,30,2302,4129.586421919845
True,0.00726986,30,2303,4126.62692266426
True,0.00727841,30,2304,4121.779344664563
True,0.00728305,30,2305,4119.15337667598
True,0.00727367,30,2306,4124.465366176909
True,0.00728046,30,2307,4120.618752111817
True,0.00726135,30,2308,4131.463157677292
True,0.00727426,30,2309,4124.130839425591
True,0.00730056,30,2310,4109.27380913245
True,0.00727574,30,2311,4123.291926319522
True,0.00727857,30,2312,4121.68873830986
True,0.00726981,30,2313,4126.655304609061
True,0.00727367,30,2314,4124.465366176909
True,0.00727877,30,2315,4121.5754859680965
True,0.00727127,30,2316,4125.826712527522
True,0.00727126,30,2317,4125.832386684014
True,0.00726897,30,2318,4127.132179662318
True,0.00726447,30,2319,4129.688745359262
True,0.00727251,30,2320,4125.123238056737
True,0.0072769,30,2321,4122.634638376231
True,0.00726813,30,2322,4127.609164943389
True,0.00727382,30,2323,4124.380311858143
True,0.00726096,30,2324,4131.685066437496
True,0.00730131,30,2325,4108.85169921562
True,0.0072728,30,2326,4124.958750412496
True,0.00727382,30,2327,4124.380311858143
True,0.00726527,30,2328,4129.234013326414
True,0.00727867,30,2329,4121.632111361004
True,0.00725731,30,2330,4133.763060968871
True,0.00727478,30,2331,4123.836047275657
True,0.00727181,30,2332,4125.520331251779
True,0.00727177,30,2333,4125.543024600613
True,0.00728362,30,2334,4118.831020838539
True,0.00726476,30,2335,4129.5238934252475
True,0.00727559,30,2336,4123.376935753664
True,0.00728133,30,2337,4120.12640547812
True,0.00728209,30,2338,4119.696405839532
True,0.0073036,30,2339,4107.563393395038
True,0.00728144,30,2340,4120.064163132567
True,0.00727255,30,2341,4125.10054932589
True,0.00727618,30,2342,4123.042585532518
True,0.00726936,30,2343,4126.910759681733
True,0.00727335,30,2344,4124.646827115428
True,0.00727429,30,2345,4124.113831040555
True,0.00726109,30,2346,4131.61109420211
True,0.00726853,30,2347,4127.382015345606
True,0.00727484,30,2348,4123.802035508685
True,0.00727537,30,2349,4123.501622597889
True,0.00727417,30,2350,4124.181865422447
True,0.0072786,30,2351,4121.671750061825
True,0.00725782,30,2352,4133.4725854319895
True,0.00730906,30,2353,4104.494969257333
True,0.00731943,30,2354,4098.679815231514
True,0.00729584,30,2355,4111.9322792166495
True,0.00729781,30,2356,4110.822287782225
True,0.00724176,30,2357,4142.639358388016
True,0.00725152,30,2358,4137.063677684127
True,0.00725552,30,2359,4134.782896332724
True,0.00726688,30,2360,4128.319168611563
True,0.00725781,30,2361,4133.478280638375
True,0.00725773,30,2362,4133.523842854446
True,0.00724539,30,2363,4140.563861986725
True,0.00726296,30,2364,4130.547325057552
True,0.00725902,30,2365,4132.789274585275
True,0.00725929,30,2366,4132.635560777982
True,0.00727735,30,2367,4122.379712395309
True,0.00724545,30,2368,4140.5295737324805
True,0.00725285,30,2369,4136.3050387089215
True,0.00725706,30,2370,4133.905465849807
True,0.00725738,30,2371,4133.7231893603475
True,0.00725747,30,2372,4133.671926993842
True,0.00725259,30,2373,4136.453322192486
True,0.00724417,30,2374,4141.261179679659
True,0.00725317,30,2375,4136.122550553758
True,0.00726105,30,2376,4131.633854607805
True,0.00725893,30,2377,4132.8405150621375
True,0.00726255,30,2378,4130.780510977549
True,0.0072435,30,2379,4141.644232760406
True,0.00727037,30,2380,4126.337449125698
True,0.00726595,30,2381,4128.847569829134
True,0.00728799,30,2382,4116.361301264134
True,0.00726685,30,2383,4128.336211701081
True,0.00724996,30,2384,4137.953864573046
True,0.00726432,30,2385,4129.774018765693
True,0.00726752,30,2386,4127.955616221214
True,0.00726143,30,2387,4131.4176408778985
True,0.00726299,30,2388,4130.53026370682
True,0.0072693,30,2389,4126.94482274772
True,0.00726279,30,2390,4130.644008707398
True,0.00726904,30,2391,4127.092435864984
True,0.00726182,30,2392,4131.195760842323
True,0.00726677,30,2393,4128.381660627762
True,0.00726599,30,2394,4128.824840111258
True,0.0072457,30,2395,4140.386712118912
True,0.00728198,30,2396,4119.758637073983
True,0.00726566,30,2397,4129.012367768379
True,0.00727683,30,2398,4122.674296362565
True,0.00727092,30,2399,4126.025317291347
True,0.00726443,30,2400,4129.711484589981
True,0.0072548,30,2401,4135.193251364614
True,0.00727231,30,2402,4125.236685454828
True,0.00726813,30,2403,4127.609164943389
True,0.00727475,30,2404,4123.853053369532
True,0.00727159,30,2405,4125.645147759981
True,0.00738963,30,2406,4059.743180646392
True,0.00727092,30,2407,4126.025317291347
True,0.00727302,30,2408,4124.833975432489
True,0.00727847,30,2409,4121.745366814729
True,0.00729989,30,2410,4109.650967343344
True,0.00726931,30,2411,4126.939145531006
True,0.00725176,30,2412,4136.926759848643
True,0.00727106,30,2413,4125.945873091406
True,0.0072772,30,2414,4122.464684219205
True,0.0072706,30,2415,4126.20691552279
True,0.00727926,30,2416,4121.298044031948
True,0.00727132,30,2417,4125.798341979173
True,0.007278,30,2418,4122.011541632317
True,0.00728029,30,2419,4120.714971518992
True,0.00727741,30,2420,4122.345724646543
True,0.0072613,30,2421,4131.49160618622
True,0.00728782,30,2422,4116.457321942638
True,0.00726078,30,2423,4131.787493905614
True,0.00727823,30,2424,4121.881281575328
True,0.00730731,30,2425,4105.477939214294
True,0.00727435,30,2426,4124.079814691348
True,0.00727586,30,2427,4123.223921295901
True,0.00728068,30,2428,4120.4942395490525
True,0.00726178,30,2429,4131.218516672221
True,0.00727151,30,2430,4125.690537453706
True,0.00776257,30,2431,3864.6994487650354
True,0.00801493,30,2432,3743.0145990046076
True,0.00746598,30,2433,4018.226676203258
True,0.00728083,30,2434,4120.4093489341185
True,0.00727709,30,2435,4122.526999116405
True,0.007257,30,2436,4133.93964448119
True,0.00726976,30,2437,4126.683686944273
True,0.00727116,30,2438,4125.889129107323
True,0.00729767,30,2439,4110.901150641232
True,0.0072843,30,2440,4118.446521971912
True,0.00727422,30,2441,4124.153517490536
True,0.00726717,30,2442,4128.154426000768
True,0.00727938,30,2443,4121.230104761669
True,0.00727631,30,2444,4122.968922434586
True,0.00728172,30,2445,4119.905736556748
True,0.00727767,30,2446,4122.198450877822
True,0.00729565,30,2447,4112.03936592353
True,0.00727853,30,2448,4121.711389525082
True,0.00727363,30,2449,4124.488047921052
True,0.00726945,30,2450,4126.859666137053
True,0.00727374,30,2451,4124.425673724934
True,0.00727021,30,2452,4126.428259981486
True,0.00728826,30,2453,4116.208807040363
True,0.00728027,30,2454,4120.726291744674
True,0.00727969,30,2455,4121.054605347205
True,0.00727552,30,2456,4123.4166080225195
True,0.00727287,30,2457,4124.919048463674
True,0.00726036,30,2458,4132.026511082095
True,0.00728783,30,2459,4116.451673543428
True,0.00727178,30,2460,4125.537351239999
True,0.00728304,30,2461,4119.159032491926
True,0.0072806,30,2462,4120.539515973958
True,0.00727287,30,2463,4124.919048463674
True,0.00727041,30,2464,4126.314747036275
True,0.0072746,30,2465,4123.938085942869
True,0.00727839,30,2466,4121.790670738996
True,0.00729431,30,2467,4112.7947674283105
True,0.00727151,30,2468,4125.690537453706
True,0.00726185,30,2469,4131.178694134414
True,0.00727662,30,2470,4122.79327489961
True,0.00727496,30,2471,4123.734013657808
True,0.00727262,30,2472,4125.060844647459
True,0.00727534,30,2473,4123.518625933633
True,0.00727541,30,2474,4123.478951701691
True,0.00726836,30,2475,4127.478550869798
True,0.00728182,30,2476,4119.8491585894735
True,0.00727267,30,2477,4125.032484630817
True,0.00727776,30,2478,4122.147473948028
True,0.00727109,30,2479,4125.928849732296
True,0.00726945,30,2480,4126.859666137053
True,0.00727372,30,2481,4124.437014347542
True,0.00729681,30,2482,4111.385660309094
True,0.00727348,30,2483,4124.573106683459
True,0.00727407,30,2484,4124.238562455407
True,0.00727094,30,2485,4126.013967932619
True,0.00726751,30,2486,4127.9612962348865
True,0.00727245,30,2487,4125.15727162098
True,0.00727439,30,2488,4124.057137436953
True,0.00727485,30,2489,4123.7963669354
True,0.00727064,30,2490,4126.184214869668
True,0.00725392,30,2491,4135.694907029579
True,0.00726775,30,2492,4127.824980220838
True,0.00727591,30,2493,4123.195586531444
True,0.00727777,30,2494,4122.141809922545
True,0.00727262,30,2495,4125.060844647459
True,0.00729431,30,2496,4112.7947674283105
True,0.00725449,30,2497,4135.369957088645
True,0.00726917,30,2498,4127.018627986414
True,0.00727006,30,2499,4126.513398789006
True,0.00726845,30,2500,4127.42744326507
True,0.00727333,30,2501,4124.658168954248
True,0.00725494,30,2502,4135.113453729459
True,0.00728198,30,2503,4119.758637073983
True,0.00727795,30,2504,4122.039860125447
True,0.00727576,30,2505,4123.280591993139
True,0.00728006,30,2506,4120.8451578695785
True,0.00727344,30,2507,4124.595789612618
True,0.00725524,30,2508,4134.942469167113
True,0.00726642,30,2509,4128.580511448554
True,0.00729825,30,2510,4110.574452779776
True,0.00727602,30,2511,4123.13325142042
True,0.00727239,30,2512,4125.191305746804
True,0.00726366,30,2513,4130.149263594386
True,0.0072754,30,2514,4123.48461940237
True,0.00726778,30,2515,4127.8079413521045
True,0.00727595,30,2516,4123.172919000268
True,0.00727256,30,2517,4125.094877182175
True,0.00726881,30,2518,4127.223025502111
True,0.00725934,30,2519,4132.607096512906
True,0.00726717,30,2520,4128.154426000768
True,0.007262,30,2521,4131.093362709998
True,0.00727101,30,2522,4125.974245668759
True,0.0072821,30,2523,4119.69074854781
True,0.00731535,30,2524,4100.965777440587
True,0.00732381,30,2525,4096.228602325838
True,0.00731602,30,2526,4100.590211617792
True,0.00729487,30,2527,4112.479043492208
True,0.00727986,30,2528,4120.958370078545
True,0.00727111,30,2529,4125.917500904264
True,0.00725558,30,2530,4134.748703756281
True,0.00727044,30,2531,4126.297720633139
True,0.00728687,30,2532,4116.993990561105
True,0.00728248,30,2533,4119.475782975031
True,0.00728175,30,2534,4119.888763003399
True,0.00725732,30,2535,4133.757364977705
True,0.00727782,30,2536,4122.113490028608
True,0.00727904,30,2537,4121.422605178705
True,0.00727875,30,2538,4121.586810922206
True,0.00730452,30,2539,4107.046048200293
True,0.00727582,30,2540,4123.246589387863
True,0.00726602,30,2541,4128.807792987082
True,0.00727593,30,2542,4123.184252734702
True,0.00728717,30,2543,4116.824501143791
True,0.00727608,30,2544,4123.099251245176
True,0.00727274,30,2545,4124.992781262633
True,0.0072573,30,2546,4133.7687569757345
True,0.00741052,30,2547,4048.2989048002028
True,0.00727184,30,2548,4125.503311403992
True,0.00727878,30,2549,4121.56982351438
True,0.00727067,30,2550,4126.167189543742
True,0.00726992,30,2551,4126.59286484583
True,0.00725591,30,2552,4134.560654693898
True,0.00729343,30,2553,4113.291002998589
True,0.00727494,30,2554,4123.745350477117
True,0.00727114,30,2555,4125.900477779275
True,0.00726248,30,2556,4130.820325839108
True,0.00727302,30,2557,4124.833975432489
True,0.00726021,30,2558,4132.111881061292
True,0.00726861,30,2559,4127.336588426123
True,0.0072768,30,2560,4122.691292875989
True,0.00728566,30,2561,4117.677739559628
True,0.00727652,30,2562,4122.849933759545
True,0.00726899,30,2563,4127.120824213543
True,0.00726902,30,2564,4127.103791157542
True,0.00727581,30,2565,4123.252256449798
True,0.00729186,30,2566,4114.176629831072
True,0.0073045,30,2567,4107.057293449244
True,0.00728371,30,2568,4118.780127160472
True,0.00727462,30,2569,4123.926748063816
True,0.00746296,30,2570,4019.85271259661
True,0.00802584,30,2571,3737.9264974133553
True,0.00802174,30,2572,3739.8369929716
True,0.00801244,30,2573,3744.177803515534
True,0.00800725,30,2574,3746.604639545412
True,0.00801356,30,2575,3743.654505612986
True,0.00801797,30,2576,3741.5954412401147
True,0.00801815,30,2577,3741.5114459070983
True,0.00801768,30,2578,3741.7307749872784
True,0.00801547,30,2579,3742.762433144906
True,0.0080185,30,2580,3741.348132443724
True,0.00803558,30,2581,3733.395722524074
True,0.00800612,30,2582,3747.133442916169
True,0.00739463,30,2583,4056.9981189052055
True,0.00729033,30,2584,4115.040059914983
True,0.00727883,30,2585,4121.54151147918
True,0.0072791,30,2586,4121.388633210149
True,0.00727234,30,2587,4125.219667947318
True,0.00728564,30,2588,4117.689043103968
True,0.00728545,30,2589,4117.796429870496
True,0.00728668,30,2590,4117.101341077143
True,0.00728765,30,2591,4116.553347100918
True,0.0072835,30,2592,4118.898881032471
True,0.00726316,30,2593,4130.433585381569
True,0.00728536,30,2594,4117.847299241218
True,0.00729752,30,2595,4110.985649919425
True,0.00728283,30,2596,4119.277808214664
True,0.00728373,30,2597,4118.768817625035
True,0.0072635,30,2598,4130.240242307427
True,0.00727744,30,2599,4122.328730982324
True,0.0072817,30,2600,4119.917052336679
True,0.00727974,30,2601,4121.026300389849
True,0.00728324,30,2602,4119.045919123906
True,0.00728519,30,2603,4117.94338925958
True,0.00725657,30,2604,4134.18460787948
True,0.0072961,30,2605,4111.785748550596
True,0.0072835,30,2606,4118.898881032471
True,0.00728099,30,2607,4120.318802800169
True,0.00728536,30,2608,4117.847299241218
True,0.00728994,30,2609,4115.260207902946
True,0.00727608,30,2610,4123.099251245176
True,0.00728971,30,2611,4115.390049809937
True,0.00727979,30,2612,4120.997995821308
True,0.0072821,30,2613,4119.69074854781
True,0.00727534,30,2614,4123.518625933633
True,0.00727218,30,2615,4125.310429609828
True,0.00728047,30,2616,4120.613092286624
True,0.00727254,30,2617,4125.106221485204
True,0.00728031,30,2618,4120.703651355506
True,0.00728048,30,2619,4120.60743247698
True,0.00725619,30,2620,4134.401111327019
True,0.00727866,30,2621,4121.637773985871
True,0.00728096,30,2622,4120.3357798971565
True,0.00730321,30,2623,4107.782742109292
True,0.00728388,30,2624,4118.683998088931
True,0.00728368,30,2625,4118.797091580081
True,0.00728261,30,2626,4119.4022472712395
True,0.00728153,30,2627,4120.013238975875
True,0.0072953,30,2628,4112.236645511493
True,0.0072808,30,2629,4120.426326777278
True,0.00728065,30,2630,4120.511218091791
True,0.00727926,30,2631,4121.298044031948
True,0.00727674,30,2632,4122.725286323271
True,0.00728035,30,2633,4120.681011215121
True,0.00728957,30,2634,4115.469088025768
True,0.00728099,30,2635,4120.318802800169
True,0.00728722,30,2636,4116.796254264315
True,0.00725807,30,2637,4133.33021037273
True,0.00730234,30,2638,4108.2721429021385
True,0.00727669,30,2639,4122.753614624232
True,0.00728373,30,2640,4118.768817625035
True,0.00727955,30,2641,4121.133861296371
True,0.00728185,30,2642,4119.8321855023105
True,0.00727204,30,2643,4125.389849340763
True,0.00730582,30,2644,4106.315239083361
True,0.00729432,30,2645,4112.789129075774
True,0.00728858,30,2646,4116.02808777567
True,0.00729008,30,2647,4115.181177709984
True,0.00727145,30,2648,4125.724580379429
True,0.00728424,30,2649,4118.480445454845
True,0.00728009,30,2650,4120.82817657474
True,0.00728333,30,2651,4118.99502013502
True,0.00731321,30,2652,4102.165806807134
True,0.00728228,30,2653,4119.5889199536405
True,0.00727564,30,2654,4123.348598886146
True,0.00729083,30,2655,4114.75785335826
True,0.00728692,30,2656,4116.965741355744
True,0.00729048,30,2657,4114.95539388353
True,0.00728269,30,2658,4119.35699583533
True,0.00727,30,2659,4126.547455295736
True,0.00728729,30,2660,4116.756709284247
True,0.00728831,30,2661,4116.180568609184
True,0.00728951,30,2662,4115.5029624762155
True,0.00728471,30,2663,4118.214726461314
True,0.0072793,30,2664,4121.275397359636
True,0.00727447,30,2665,4124.011783676337
True,0.00730735,30,2666,4105.455466071832
True,0.007283,30,2667,4119.181655911026
True,0.00727946,30,2668,4121.184813159218
True,0.00727856,30,2669,4121.694401090325
True,0.00728461,30,2670,4118.27125954581
True,0.007277,30,2671,4122.577985433558
True,0.00728549,30,2672,4117.773821664706
True,0.00728337,30,2673,4118.972398765956
True,0.00728051,30,2674,4120.590453141333
True,0.0072748,30,2675,4123.824709957662
True,0.00725789,30,2676,4133.43271942672
True,0.00728069,30,2677,4120.4885800659
True,0.00727567,30,2678,4123.331596952583
True,0.00728906,30,2679,4115.757038630496
True,0.00730345,30,2680,4107.647755512806
True,0.00727139,30,2681,4125.758623866964
True,0.00726085,30,2682,4131.747660397888
True,0.00727776,30,2683,4122.147473948028
True,0.00729065,30,2684,4114.859443259517
True,0.00728145,30,2685,4120.0585048307685
True,0.00742121,30,2686,4042.467468243049
True,0.0072655,30,2687,4129.103296400798
True,0.00727789,30,2688,4122.0738428308205
True,0.00728147,30,2689,4120.047188273797
True,0.007287,30,2690,4116.920543433512
True,0.00727922,30,2691,4121.320690953152
True,0.00728628,30,2692,4117.327360463776
True,0.00728614,30,2693,4117.406473111963
True,0.00733375,30,2694,4090.676666098517
True,0.00732767,30,2695,4094.0708301547425
True,0.00731752,30,2696,4099.749641955198
True,0.00725259,30,2697,4136.453322192486
True,0.00725621,30,2698,4134.389715843395
True,0.00724535,30,2699,4140.586721138385
True,0.00726227,30,2700,4130.93977502902
True,0.00725664,30,2701,4134.144728138643
True,0.00725235,30,2702,4136.5902086909755
True,0.00726047,30,2703,4131.963908672579
True,0.00724295,30,2704,4141.958732284497
True,0.00725989,30,2705,4132.294015474064
True,0.00726313,30,2706,4130.450645933641
True,0.00726941,30,2707,4126.882374222942
True,0.00726203,30,2708,4131.076296848127
True,0.00729555,30,2709,4112.095729588585
True,0.00724888,30,2710,4138.57037225061
True,0.00725534,30,2711,4134.8854774552265
True,0.00726351,30,2712,4130.234556020437
True,0.00725962,30,2713,4132.447703874308
True,0.00726384,30,2714,4130.046917332981
True,0.00725302,30,2715,4136.208089871529
True,0.00726915,30,2716,4127.029982872826
True,0.007256,30,2717,4134.509371554575
True,0.00726519,30,2718,4129.279482023181
True,0.00725309,30,2719,4136.168171082945
True,0.00755262,30,2720,3972.131525219063
True,0.00798827,30,2721,3755.506511422373
True,0.00798947,30,2722,3754.942442990586
True,0.00802203,30,2723,3739.701796178773
True,0.00799017,30,2724,3754.613481315166
True,0.00799164,30,2725,3753.9228493776
True,0.00799196,30,2726,3753.7725414041115
True,0.00798363,30,2727,3757.6891714671146
True,0.00799194,30,2728,3753.781935299815
True,0.00800593,30,2729,3747.2223714171873
True,0.00799581,30,2730,3751.9650917167864
True,0.00799866,30,2731,3750.6282302285636
True,0.00799359,30,2732,3753.00709693642
True,0.00800306,30,2733,3748.56617343866
True,0.00799491,30,2734,3752.387456519211
True,0.00799804,30,2735,3750.9189751489116
True,0.00802068,30,2736,3740.331243734945
True,0.00799388,30,2737,3752.8709462738993
True,0.00798442,30,2738,3757.3173755889593
True,0.00800417,30,2739,3748.0463308500443
True,0.00799993,30,2740,3750.0328127871117
True,0.00800467,30,2741,3747.8122146197156
True,0.00800953,30,2742,3745.5381277053707
True,0.00800847,30,2743,3746.0338866225384
True,0.00800235,30,2744,3748.8987609889596
True,0.00800298,30,2745,3748.6036451421846
True,0.00800228,30,2746,3748.9315545069653
True,0.00800678,30,2747,3746.8245661801625
True,0.00800202,30,2748,3749.0533640255835
True,0.00802072,30,2749,3740.3125903908876
True,0.00800429,30,2750,3747.9901402872706
True,0.00799332,30,2751,3753.1338667787604
True,0.0080065,30,2752,3746.955598576157
True,0.00799947,30,2753,3750.248453960075
True,0.00800329,30,2754,3748.458446463892
True,0.00799985,30,2755,3750.0703138183844
True,0.00800384,30,2756,3748.200863585479
True,0.00800267,30,2757,3748.7488550696207
True,0.0080061,30,2758,3747.1428036122456
True,0.00801188,30,2759,3744.4395073316123
True,0.00726649,30,2760,4128.54073975193
True,0.00727524,30,2761,4123.575304732215
True,0.00728943,30,2762,4115.548129277598
True,0.0072695,30,2763,4126.831281381113
True,0.00726976,30,2764,4126.683686944273
True,0.00726121,30,2765,4131.542814489596
True,0.0072715,30,2766,4125.696211235646
True,0.00727353,30,2767,4124.544753372847
True,0.00727224,30,2768,4125.276393518366
True,0.00727576,30,2769,4123.280591993139
True,0.00727269,30,2770,4125.021140733346
True,0.00726932,30,2771,4126.933468329912
True,0.00728648,30,2772,4117.214347668559
True,0.00728731,30,2773,4116.745410858053
True,0.00727243,30,2774,4125.16861626719
True,0.00728501,30,2775,4118.04513652006
True,0.00726499,30,2776,4129.393158146123
True,0.00729834,30,2777,4110.5237629378735
True,0.00727772,30,2778,4122.170130205614
True,0.00728352,30,2779,4118.887570844866
True,0.00726793,30,2780,4127.722749118388
True,0.00727511,30,2781,4123.648989499815
True,0.00726951,30,2782,4126.82560447678
True,0.0072754,30,2783,4123.48461940237
True,0.00727189,30,2784,4125.474945303078
True,0.00726977,30,2785,4126.678010445998
True,0.00727559,30,2786,4123.376935753664
True,0.00726481,30,2787,4129.495472008215
True,0.00726885,30,2788,4127.200313667224
True,0.00726921,30,2789,4126.995918401037
True,0.00727289,30,2790,4124.907705190097
True,0.00728941,30,2791,4115.559421132849
True,0.00739415,30,2792,4057.2614837405245
True,0.00740379,30,2793,4051.9787838390876
True,0.00738095,30,2794,4064.5174401669165
True,0.00742358,30,2795,4041.176898477554
True,0.00742902,30,2796,4038.2176922393533
True,0.00741862,30,2797,4043.8787806896703
True,0.00735076,30,2798,4081.2106503273135
True,0.00748535,30,2799,4007.8286252479843
True,0.00743626,30,2800,4034.2860523973072
True,0.00745903,30,2801,4021.9706851963324
True,0.00734519,30,2802,4084.3055114980007
True,0.00728817,30,2803,4116.259637192876
True,0.00727725,30,2804,4122.436359888694
True,0.00730382,30,2805,4107.439668557002
True,0.00726376,30,2806,4130.092403934051
True,0.00727448,30,2807,4124.006114526399
True,0.00727493,30,2808,4123.751018910148
True,0.00728579,30,2809,4117.604268034077
True,0.00726865,30,2810,4127.313875341363
True,0.00727861,30,2811,4121.6660873436
True,0.00725904,30,2812,4132.7778879851885
True,0.00727038,30,2813,4126.331773579923
True,0.00728332,30,2814,4119.00067551611
True,0.00727831,30,2815,4121.835975659184
True,0.0072819,30,2816,4119.8038973344865
True,0.00726548,30,2817,4129.114662761442
True,0.00727834,30,2818,4121.818986197402
True,0.00729867,30,2819,4110.3379108796535
True,0.00728429,30,2820,4118.4521758469255
True,0.00728362,30,2821,4118.831020838539
True,0.00740785,30,2822,4049.7580269578893
True,0.00729532,30,2823,4112.225371882248
True,0.00728627,30,2824,4117.333011266395
True,0.0072848,30,2825,4118.163848012299
True,0.00729095,30,2826,4114.690129544161
True,0.00729165,30,2827,4114.295118388842
True,0.00727492,30,2828,4123.756687358761
True,0.00728112,30,2829,4120.245236996506
True,0.00728141,30,2830,4120.081138131213
True,0.0072789,30,2831,4121.501875283354
True,0.00727522,30,2832,4123.586640678907
True,0.00729852,30,2833,4110.422387004489
True,0.00726253,30,2834,4130.791886573963
True,0.00727929,30,2835,4121.281059004381
True,0.00728211,30,2836,4119.685091271624
True,0.00727274,30,2837,4124.992781262633
True,0.00727813,30,2838,4121.937915371119
True,0.007274,30,2839,4124.278251306021
True,0.00726242,30,2840,4130.854453474186
True,0.00728013,30,2841,4120.805535065994
True,0.00726939,30,2842,4126.8937283596015
True,0.00727141,30,2843,4125.747275975361
True,0.00727226,30,2844,4125.2650482793515
True,0.00726847,30,2845,4127.416086191454
True,0.00727676,30,2846,4122.713955111891
True,0.00727716,30,2847,4122.487343963854
True,0.00729024,30,2848,4115.090861206216
True,0.00727139,30,2849,4125.758623866964
True,0.00726553,30,2850,4129.086246977165
True,0.00725612,30,2851,4134.440996014399
True,0.00727347,30,2852,4124.578777392359
True,0.00726865,30,2853,4127.313875341363
True,0.00727317,30,2854,4124.748905910353
True,0.00725675,30,2855,4134.082061528921
True,0.00725737,30,2856,4133.728885257332
True,0.00726576,30,2857,4128.955539406752
True,0.00726937,30,2858,4126.9050825587365
True,0.00726397,30,2859,4129.973003743133
True,0.00726303,30,2860,4130.507515458425
True,0.00724809,30,2861,4139.021452548189
True,0.00728985,30,2862,4115.3110146299305
True,0.00728555,30,2863,4117.7399098214955
True,0.00731672,30,2864,4100.197902885446
True,0.00730233,30,2865,4108.277768876509
True,0.00731352,30,2866,4101.991927279887
True,0.00725509,30,2867,4135.027959680721
True,0.00726325,30,2868,4130.382404570957
True,0.00725512,30,2869,4135.010861295195
True,0.00726111,30,2870,4131.5997140933
True,0.00726435,30,2871,4129.75696380268
True,0.00726508,30,2872,4129.342003116277
True,0.00725212,30,2873,4136.721400087147
True,0.00726318,30,2874,4130.422211758486
True,0.00726964,30,2875,4126.751806141707
True,0.00728768,30,2876,4116.536401159216
True,0.00726842,30,2877,4127.444478992683
True,0.00726515,30,2878,4129.3022167470735
True,0.00727729,30,2879,4122.413700704521
True,0.00726691,30,2880,4128.302125662764
True,0.00727704,30,2881,4122.555324692457
True,0.00726609,30,2882,4128.768016911434
True,0.00725422,30,2883,4135.523874379327
True,0.00726679,30,2884,4128.370298302276
True,0.00727298,30,2885,4124.856661231022
True,0.00726612,30,2886,4128.750970256478
True,0.00726905,30,2887,4127.086758242136
True,0.00727728,30,2888,4122.419365477212
True,0.00725637,30,2889,4134.298554235796
True,0.00726634,30,2890,4128.625965754424
True,0.00729657,30,2891,4111.5208926934165
True,0.00727096,30,2892,4126.002618636328
True,0.00727003,30,2893,4126.530426972103
True,0.00725799,30,2894,4133.375769324565
True,0.0072745,30,2895,4123.994776273284
True,0.00727235,30,2896,4125.213995476015
True,0.0077541,30,2897,3868.9209579448293
True,0.00800154,30,2898,3749.2782639341926
True,0.00801499,30,2899,3742.9865788977904
True,0.00800043,30,2900,3749.7984483334026
True,0.00800652,30,2901,3746.9462388153656
True,0.00800882,30,2902,3745.870178128613
True,0.00800353,30,2903,3748.3460423088313
True,0.00802879,30,2904,3736.553079604773
True,0.00800349,30,2905,3748.364775866528
True,0.00801144,30,2906,3744.6451574248827
True,0.00800557,30,2907,3747.3908791004264
True,0.00800428,30,2908,3747.994822769818
True,0.00801092,30,2909,3744.888227569368
True,0.00800753,30,2910,3746.4736316941676
True,0.00801442,30,2911,3743.2527868517
True,0.00802157,30,2912,3739.9162508087566
True,0.00801942,30,2913,3740.918919323343
True,0.00801477,30,2914,3743.0893213404756
True,0.00801292,30,2915,3743.953515073157
True,0.00801474,30,2916,3743.1033321105865
True,0.0080329,30,2917,3734.641287704316
True,0.00801577,30,2918,3742.622355681363
True,0.00801385,30,2919,3743.5190326746824
True,0.00801882,30,2920,3741.1988297530065
True,0.00801058,30,2921,3745.0471751109158
True,0.00801368,30,2922,3743.5984466562177
True,0.00801183,30,2923,3744.462875522821
True,0.00801825,30,2924,3741.464783462726
True,0.00802179,30,2925,3739.813682482338
True,0.0080111,30,2926,3744.8040843329877
True,0.00802053,30,2927,3740.4011954322223
True,0.00800633,30,2928,3747.035158430891
True,0.00801034,30,2929,3745.159381499412
True,0.00802822,30,2930,3736.818373188577
True,0.00801602,30,2931,3742.5056324709767
True,0.00801551,30,2932,3742.743755543939
True,0.00801436,30,2933,3743.280810944355
True,0.00801223,30,2934,3744.2759381595383
True,0.00802512,30,2935,3738.2618577666126
True,0.00802685,30,2936,3737.456162753758
True,0.00801256,30,2937,3744.1217288856496
True,0.00801551,30,2938,3742.743755543939
True,0.00801009,30,2939,3745.2762703040794
True,0.00800786,30,2940,3746.319241345378
True,0.00799967,30,2941,3750.1546938811225
True,0.00801056,30,2942,3745.0565253864897
True,0.00804459,30,2943,3729.2142918408517
True,0.00801609,30,2944,3742.4729512767444
True,0.00801136,30,2945,3744.6825507778954
True,0.00801129,30,2946,3744.7152705744015
True,0.0080152,30,2947,3742.8885118275275
True,0.00802432,30,2948,3738.6345509650664
True,0.00801833,30,2949,3741.427454345231
True,0.00802374,30,2950,3738.9048000059825
True,0.00802137,30,2951,3740.009499624129
True,0.00802163,30,2952,3739.8882770708697
True,0.00801528,30,2953,3742.851154295296
True,0.00801254,30,2954,3744.131074540657
True,0.008003,30,2955,3748.5942771460705
True,0.0080277,30,2956,3737.0604282671247
True,0.00814428,30,2957,3683.5668714729845
True,0.00801247,30,2958,3744.1637847005977
True,0.00738881,30,2959,4060.193725376617
True,0.00727268,30,2960,4125.026812674282
True,0.00728053,30,2961,4120.579133661972
True,0.00727135,30,2962,4125.781319837444
True,0.00726966,30,2963,4126.740452785963
True,0.00727755,30,2964,4122.266422078859
True,0.00728577,30,2965,4117.615571175044
True,0.00728477,30,2966,4118.180807355619
True,0.00727794,30,2967,4122.0455238707655
True,0.00726937,30,2968,4126.9050825587365
True,0.00725993,30,2969,4132.2712477944
True,0.00729271,30,2970,4113.6971029973765
True,0.00728176,30,2971,4119.883105183362
True,0.00728192,30,2972,4119.792582176129
True,0.00728384,30,2973,4118.706616290308
True,0.00725977,30,2974,4132.362320018403
True,0.00728889,30,2975,4115.853031119965
True,0.00727102,30,2976,4125.968571122071
True,0.00728098,30,2977,4120.324461816953
True,0.0072755,30,2978,4123.427943096694
True,0.00727878,30,2979,4121.56982351438
True,0.00726432,30,2980,4129.774018765693
True,0.00728331,30,2981,4119.006330912731
True,0.00727774,30,2982,4122.15880204569
True,0.00728435,30,2983,4118.418252829696
True,0.00729719,30,2984,4111.171560559613
True,0.00726886,30,2985,4127.194635747559
True,0.00728072,30,2986,4120.471601709721
True,0.00728644,30,2987,4117.236949731282
True,0.00728386,30,2988,4118.695307158568
True,0.0072839,30,2989,4118.672689081399
True,0.00728462,30,2990,4118.265606167514
True,0.00726635,30,2991,4128.620283911455
True,0.00728707,30,2992,4116.8809960656345
True,0.007281,30,2993,4120.313143798929
True,0.00727375,30,2994,4124.420003437017
True,0.00728023,30,2995,4120.74893238263
True,0.00727395,30,2996,4124.306600952715
True,0.00728298,30,2997,4119.192967713766
True,0.00727577,30,2998,4123.274924853315
True,0.00730316,30,2999,4107.810865433593
True,0.00727464,30,3000,4123.915410247105
True,0.00727864,30,3001,4121.649099282284
True,0.00726644,30,3002,4128.56914802847
True,0.00728883,30,3003,4115.886911891209
True,0.00728258,30,3004,4119.419216816018
True,0.0072875,30,3005,4116.63807890223
True,0.00728787,30,3006,4116.429080101593
True,0.00727354,30,3007,4124.539082757502
True,0.00727161,30,3008,4125.6338004926
True,0.0072845,30,3009,4118.333447731485
True,0.00727676,30,3010,4122.713955111891
True,0.00727695,30,3011,4122.606311710263
True,0.00728162,30,3012,4119.962316078016
True,0.00729625,30,3013,4111.7012163782765
True,0.00727601,30,3014,4123.138918170811
True,0.00728873,30,3015,4115.94338108285
True,0.00728427,30,3016,4118.4634836435225
True,0.00728386,30,3017,4118.695307158568
True,0.00727968,30,3018,4121.060266385335
True,0.00726028,30,3019,4132.072041298683
True,0.00727901,30,3020,4121.439591373003
True,0.00728143,30,3021,4120.069821449907
True,0.00728069,30,3022,4120.4885800659
True,0.00727449,30,3023,4124.000445392048
True,0.007262,30,3024,4131.093362709998
True,0.00728229,30,3025,4119.583262957119
True,0.00728612,30,3026,4117.4177751670295
True,0.00729986,30,3027,4109.667856643826
True,0.00727664,30,3028,4122.781943314497
True,0.00726706,30,3029,4128.216913029479
True,0.00726668,30,3030,4128.432791866437
True,0.00728355,30,3031,4118.870605679923
True,0.00727402,30,3032,4124.26691155647
True,0.0072936,30,3033,4113.195129976966
True,0.00732924,30,3034,4093.1938372873587
True,0.00729227,30,3035,4113.945314696247
True,0.00730406,30,3036,4107.304704506809
True,0.00726397,30,3037,4129.973003743133
True,0.00726039,30,3038,4132.009437509555
True,0.0072681,30,3039,4127.626202171131
True,0.00726401,30,3040,4129.950261632349
True,0.00724621,30,3041,4140.095304993921
True,0.00728522,30,3042,4117.926431871652
True,0.00726235,30,3043,4130.894269761166
True,0.00725607,30,3044,4134.469485547962
True,0.0072589,30,3045,4132.85759550345
True,0.0072724,30,3046,4125.185633353501
True,0.00726824,30,3047,4127.546696311624
True,0.00726646,30,3048,4128.55778467094
True,0.00726503,30,3049,4129.3704224208295
True,0.007266,30,3050,4128.819157720892
True,0.00726278,30,3051,4130.649696121871
True,0.00724324,30,3052,4141.792899310253
True,0.00726411,30,3053,4129.8934074511535
True,0.00727093,30,3054,4126.019642604178
True,0.0072645,30,3055,4129.671691100558
True,0.00728966,30,3056,4115.418277395654
True,0.00724,30,3057,4143.646408839779
True,0.00725963,30,3058,4132.442011507474
True,0.007264,30,3059,4129.955947136564
True,0.00727539,30,3060,4123.490287118629
True,0.00726235,30,3061,4130.894269761166
True,0.00726333,30,3062,4130.336911581878
True,0.00725219,30,3063,4136.681471390021
True,0.00726963,30,3064,4126.757482843006
True,0.00726219,30,3065,4130.985281299443
True,0.00726659,30,3066,4128.48392437168
True,0.00725851,30,3067,4133.079654088787
True,0.00724449,30,3068,4141.078253955765
True,0.00726181,30,3069,4131.201449776296
True,0.00727767,30,3070,4122.198450877822
True,0.00726419,30,3071,4129.847925233233
True,0.00726299,30,3072,4130.53026370682
True,0.0072492,30,3073,4138.387684158252
True,0.00727719,30,3074,4122.470349132013
True,0.00727258,30,3075,4125.083532941542
True,0.00727694,30,3076,4122.611977012316
True,0.00728485,30,3077,4118.135582750503
True,0.00728882,30,3078,4115.892558740647
True,0.00727146,30,3079,4125.718906519461
True,0.00728434,30,3080,4118.423906627093
True,0.00727579,30,3081,4123.2635906204005
True,0.00728459,30,3082,4118.282566348964
True,0.0072794,30,3083,4121.218781767728
True,0.00730304,30,3084,4107.878362983086
True,0.00726309,30,3085,4130.473393555635
True,0.00727836,30,3086,4121.807659967355
True,0.00727995,30,3087,4120.907423814724
True,0.00727829,30,3088,4121.847302044848
True,0.00726908,30,3089,4127.069725467322
True,0.00726111,30,3090,4131.5997140933
True,0.00727333,30,3091,4124.658168954248
True,0.00727916,30,3092,4121.354661801636
True,0.00727115,30,3093,4125.894803435495
True,0.00728615,30,3094,4117.400822107697
True,0.00727562,30,3095,4123.359933586416
True,0.0074972,30,3096,4001.49389105266
True,0.00800334,30,3097,3748.4350283756535
True,0.00814798,30,3098,3681.894162724994
True,0.0080283,30,3099,3736.781136728822
True,0.00800875,30,3100,3745.9029186826906
True,0.00800005,30,3101,3749.9765626464837
True,0.00800425,30,3102,3748.00887028766
True,0.00800714,30,3103,3746.6561094223407
True,0.00800154,30,3104,3749.2782639341926
True,0.00799598,30,3105,3751.885322374493
True,0.00801123,30,3106,3744.743316569366
True,0.00768183,30,3107,3905.3194356032354
True,0.00727954,30,3108,4121.139522552249
True,0.00728537,30,3109,4117.841647026849
True,0.00728385,30,3110,4118.700961716675
True,0.0072712,30,3111,4125.86643195071
True,0.007282,30,3112,4119.74732216424
True,0.00727594,30,3113,4123.178585859697
True,0.00726805,30,3114,4127.654597863251
True,0.00727384,30,3115,4124.368971547353
True,0.00727518,30,3116,4123.609312759272
True,0.00726623,30,3117,4128.688467059259
True,0.00726862,30,3118,4127.330910131497
True,0.00727409,30,3119,4124.227222924104
True,0.00727411,30,3120,4124.215883455158
True,0.00726509,30,3121,4129.336319302307
True,0.00726534,30,3122,4129.194229038146
True,0.00725486,30,3123,4135.159052001003
True,0.0072723,30,3124,4125.242357988532
True,0.00727596,30,3125,4123.167252156417
True,0.00729436,30,3126,4112.766575820223
True,0.00727208,30,3127,4125.367157677033
True,0.00727388,30,3128,4124.346291112859
True,0.00725735,30,3129,4133.74027709839
True,0.00727474,30,3130,4123.858722098659
True,0.00726666,30,3131,4128.444154535921
True,0.00728308,30,3132,4119.1364093213315
True,0.00727731,30,3133,4122.402371205843
True,0.00725851,30,3134,4133.079654088787
True,0.00727555,30,3135,4123.399605528104
True,0.00727988,30,3136,4120.947048577724
True,0.00727224,30,3137,4125.276393518366
True,0.00728939,30,3138,4115.570713050063
True,0.0072676,30,3139,4127.910176674555
True,0.00725389,30,3140,4135.71201107268
True,0.00729479,30,3141,4112.524143943829
True,0.00726723,30,3142,4128.120342964238
True,0.00727761,30,3143,4122.232436198147
True,0.00728349,30,3144,4118.9045361495655
True,0.00725544,30,3145,4134.828487314346
True,0.00726822,30,3146,4127.558054104031
True,0.00726764,30,3147,4127.887457276365
True,0.00727615,30,3148,4123.05958508277
True,0.00727524,30,3149,4123.575304732215
True,0.00727555,30,3150,4123.399605528104
True,0.00726887,30,3151,4127.188957843516
True,0.00727106,30,3152,4125.945873091406
True,0.00726717,30,3153,4128.154426000768
True,0.00726968,30,3154,4126.729099492688
True,0.00729695,30,3155,4111.306778859661
True,0.00725065,30,3156,4137.56008082034
True,0.00727049,30,3157,4126.269343606827
True,0.00727435,30,3158,4124.079814691348
True,0.00727296,30,3159,4124.868004223865
True,0.00726997,30,3160,4126.564483759906
True,0.00726555,30,3161,4129.074880772962
True,0.00725014,30,3162,4137.851131150571
True,0.00727185,30,3163,4125.497638152602
True,0.00727183,30,3164,4125.508984670983
True,0.00726321,30,3165,4130.405151441305
True,0.00726655,30,3166,4128.5066503361295
True,0.00725395,30,3167,4135.677803127951
True,0.00727237,30,3168,4125.20265058021
True,0.00729169,30,3169,4114.272548613559
True,0.00727375,30,3170,4124.420003437017
True,0.00726281,30,3171,4130.6326339254365
True,0.0072732,30,3172,4124.731892426992
True,0.00724979,30,3173,4138.050895267311
True,0.00725975,30,3174,4132.373704328662
True,0.00726259,30,3175,4130.757759972682
True,0.0072713,30,3176,4125.809690151693
True,0.00728433,30,3177,4118.429560440013
True,0.00725697,30,3178,4133.956734008822
True,0.0072717,30,3179,4125.582738561822
True,0.00727786,30,3180,4122.090834393627
True,0.00726992,30,3181,4126.59286484583
True,0.00727025,30,3182,4126.405556892817
True,0.00729101,30,3183,4114.6562684730925
True,0.00725529,30,3184,4134.913973114789
True,0.00726774,30,3185,4127.83065987501
True,0.00726691,30,3186,4128.302125662764
True,0.00726917,30,3187,4127.018627986414
True,0.00727274,30,3188,4124.992781262633
True,0.00726121,30,3189,4131.542814489596
True,0.00728015,30,3190,4120.794214404923
True,0.00727994,30,3191,4120.913084448498
True,0.00727266,30,3192,4125.038156602948
True,0.00728161,30,3193,4119.967974115614
True,0.00727241,30,3194,4125.179960975797
True,0.00725918,30,3195,4132.698183541392
True,0.00727294,30,3196,4124.879347279092
True,0.00726784,30,3197,4127.773864036632
True,0.0072903,30,3198,4115.0569935393605
True,0.00726403,30,3199,4129.938890670881
True,0.00724843,30,3200,4138.827304671494
True,0.00726162,30,3201,4131.309542498781
True,0.00725815,30,3202,4133.2846524252045
True,0.00727939,30,3203,4121.224443256921
True,0.0073304,30,3204,4092.546109352832
True,0.00730225,30,3205,4108.322777226198
True,0.00730009,30,3206,4109.538375554273
True,0.00727114,30,3207,4125.900477779275
True,0.00728019,30,3208,4120.771573269379
True,0.00727239,30,3209,4125.191305746804
True,0.00727414,30,3210,4124.198874368653
True,0.00725719,30,3211,4133.831414087271
True,0.00728436,30,3212,4118.412599047823
True,0.00727138,30,3213,4125.764297836174
True,0.00726554,30,3214,4129.080563867242
True,0.0072646,30,3215,4129.6148445888275
True,0.0072622,30,3216,4130.979592960811
True,0.00725494,30,3217,4135.113453729459
True,0.0072699,30,3218,4126.60421738951
True,0.00726511,30,3219,4129.324951721309
True,0.00726396,30,3220,4129.978689309964
True,0.00726633,30,3221,4128.631647613031
True,0.00725339,30,3222,4135.997099287368
True,0.00726845,30,3223,4127.42744326507
True,0.00726094,30,3224,4131.696447016502
True,0.00725994,30,3225,4132.265555913685
True,0.00728613,30,3226,4117.412124131741
True,0.00725532,30,3227,4134.8968756719205
True,0.00725676,30,3228,4134.076364658608
True,0.00726031,30,3229,4132.054967349879
True,0.00726419,30,3230,4129.847925233233
True,0.00725054,30,3231,4137.622852918541
True,0.00726711,30,3232,4128.188509600102
True,0.00724755,30,3233,4139.3298424985
True,0.00726268,30,3234,4130.706571128014
True,0.00725776,30,3235,4133.506756905712
True,0.00725468,30,3236,4135.261651788914
True,0.00740135,30,3237,4053.3145980125246
True,0.00725571,30,3238,4134.6746217806385
True,0.00725359,30,3239,4135.883059285126
True,0.00726272,30,3240,4130.68382093761
True,0.00728279,30,3241,4119.300432938476
True,0.00726946,30,3242,4126.853989154628
True,0.00726552,30,3243,4129.091930102732
True,0.00725039,30,3244,4137.708454303837
True,0.00786094,30,3245,3816.337486356593
True,0.00800633,30,3246,3747.035158430891
True,0.00801179,30,3247,3744.4815702857913
True,0.00800755,30,3248,3746.4642743410905
True,0.00801501,30,3249,3742.97723895541
True,0.00800838,30,3250,3746.0759854052876
True,0.00801663,30,3251,3742.2208583906204
True,0.00801594,30,3252,3742.5429831061615
True,0.00800904,30,3253,3745.7672829702433
True,0.00803165,30,3254,3735.2225258819794
True,0.00800261,30,3255,3748.776961516305
True,0.00801454,30,3256,3743.1967399251857
True,0.00800788,30,3257,3746.309884763508
True,0.0080141,30,3258,3743.402253528157
True,0.00800709,30,3259,3746.679505288438
True,0.00800947,30,3260,3745.5661860272903
True,0.00799693,30,3261,3751.439614952238
True,0.00801636,30,3262,3742.3469005882966
True,0.00804836,30,3263,3727.4674592090814
True,0.00800493,30,3264,3747.6904857381637
True,0.00800311,30,3265,3748.5427540043806
True,0.00800815,30,3266,3746.183575482477
True,0.0080367,30,3267,3732.8754339467687
True,0.00800474,30,3268,3747.7794406813964
True,0.00800145,30,3269,3749.3204356710344
True,0.00800397,30,3270,3748.13998553218
True,0.00800751,30,3271,3746.4829890939877
True,0.0080104,30,3272,3745.131329271946
True,0.00733694,30,3273,4088.898096481639
True,0.00727987,30,3274,4120.952709320359
True,0.00727618,30,3275,4123.042585532518
True,0.0072761,30,3276,4123.087917978038
True,0.00727614,30,3277,4123.065251630672
True,0.00726108,30,3278,4131.616784280025
True,0.00726983,30,3279,4126.643951784292
True,0.00726704,30,3280,4128.228274510668
True,0.00729495,30,3281,4112.4339440297745
True,0.00727514,30,3282,4123.631985088947
True,0.00726425,30,3283,4129.813814227208
True,0.0072866,30,3284,4117.146542969286
True,0.00727349,30,3285,4124.56743599015
True,0.00728765,30,3286,4116.553347100918
True,0.0072797,30,3287,4121.048944324629
True,0.00728131,30,3288,4120.13772247027
True,0.00726706,30,3289,4128.216913029479
True,0.0072858,30,3290,4117.598616486865
True,0.00728359,30,3291,4118.847985677392
True,0.00728399,30,3292,4118.621799316034
True,0.00727096,30,3293,4126.002618636328
True,0.0072749,30,3294,4123.76802430274
True,0.00731209,30,3295,4102.794139568851
True,0.0072845,30,3296,4118.333447731485
True,0.00727774,30,3297,4122.15880204569
True,0.00728861,30,3298,4116.011146158184
True,0.00728211,30,3299,4119.685091271624
True,0.00726763,30,3300,4127.893137102466
True,0.00727491,30,3301,4123.762355822959
True,0.00726756,30,3302,4127.932896322837
True,0.00728277,30,3303,4119.311745393579
True,0.00728588,30,3304,4117.5534046676585
True,0.00728658,30,3305,4117.157843597408
True,0.00726098,30,3306,4131.673685921184
True,0.00727813,30,3307,4121.937915371119
True,0.00727961,30,3308,4121.0998940877325
True,0.00730027,30,3309,4109.437048218764
True,0.00728065,30,3310,4120.511218091791
True,0.00725879,30,3311,4132.920224996177
True,0.0072884,30,3312,4116.1297404094175
True,0.00728068,30,3313,4120.4942395490525
True,0.00727313,30,3314,4124.771590773161
True,0.00727062,30,3315,4126.195565165007
True,0.00727797,30,3316,4122.028532681503
True,0.00726532,30,3317,4129.205595899424
True,0.00727897,30,3318,4121.462239849869
True,0.00728129,30,3319,4120.14903952459
True,0.00727617,30,3320,4123.048252033694
True,0.0072843,30,3321,4118.446521971912
True,0.00726036,30,3322,4132.026511082095
True,0.00727654,30,3323,4122.8386018629735
True,0.00730762,30,3324,4105.303778795285
True,0.00728504,30,3325,4118.028178294148
True,0.00727249,30,3326,4125.134582515754
True,0.00727066,30,3327,4126.172864636773
True,0.00726017,30,3328,4132.13464698485
True,0.00728369,30,3329,4118.791436758017
True,0.00727394,30,3330,4124.312270928823
True,0.00727149,30,3331,4125.7018850331915
True,0.00727458,30,3332,4123.949423884265
False,0.00242213,10,3333,4128.597556695966
