passage,samples,accelerator_mean_ms,device_call_mean_ms,application_e2e_mean_ms,passage_duration_ms,passage_throughput_inf_s
0,30,0.18371366666666666,0.5010633333333333,0.7122969999999998,22.20943,1350.7775751111128
1,30,0.17739866666666668,0.48947166666666675,0.6956086666666667,21.67994,1383.7676672536916
2,30,0.17726133333333333,0.4905633333333333,0.6966253333333333,21.71221,1381.7110280344561
3,30,0.1852343333333333,0.501389,0.7089653333333333,22.10587,1357.1056013628959
4,30,0.183534,0.5012133333333334,0.7080716666666668,22.08859,1358.1672709756483
5,30,0.17817033333333337,0.4887743333333334,0.6946846666666667,21.67292,1384.215878617187
6,30,0.177726,0.4885979999999999,0.6947696666666666,21.67459,1384.1092265182408
7,30,0.17738733333333334,0.488667,0.6945103333333333,21.65942,1385.078640148259
8,30,0.18844599999999997,0.5048546666666668,0.7134233333333333,22.24719,1348.484909779617
9,30,0.17821166666666668,0.48699200000000004,0.693075,21.61319,1388.041284049231
10,30,0.17853899999999995,0.48733866666666664,0.6925443333333334,21.60953,1388.2763762099407
11,30,0.1769906666666667,0.4855456666666668,0.6914613333333333,21.58696,1389.72787275281
12,30,0.18446133333333334,0.49754266666666674,0.7059039999999999,22.00134,1363.553310843794
13,30,0.179944,0.49055966666666667,0.6970376666666666,21.73782,1380.0831914147784
14,30,0.17750133333333332,0.48653366666666664,0.6964539999999999,21.71787,1381.3509335860285
15,30,0.17749766666666666,0.48572066666666674,0.691447,21.5773,1390.3500437960263
16,30,0.178503,0.48681266666666667,0.6926159999999999,21.60033,1388.8676700772626
17,30,0.18699900000000005,0.5025476666666667,0.7102416666666668,22.15234,1354.2587374516643
18,30,0.17857066666666674,0.48782633333333336,0.692974,21.61833,1387.711261693202
19,30,0.17756900000000003,0.4869813333333333,0.6917989999999999,21.57396,1390.565292602749
20,30,0.17874933333333332,0.4869116666666667,0.6920160000000001,21.58154,1390.0768897863638
21,30,0.18211966666666662,0.4941939999999999,0.7026516666666668,21.9088,1369.3127875556854
22,30,0.18184233333333336,0.49330233333333334,0.7001113333333335,21.83488,1373.9484714365271
23,30,0.17682333333333328,0.4863450000000001,0.691517,21.58406,1389.914594381224
24,30,0.17625966666666662,0.4867673333333334,0.6917313333333334,21.57686,1390.3783961150973
25,30,0.17642466666666667,0.48509033333333335,0.6906603333333333,21.57812,1390.2972084685784
26,30,0.189172,0.5018786666666667,0.711041,22.16734,1353.342349600809
27,30,0.17747433333333337,0.4829636666666667,0.6887789999999999,21.4812,1396.5700240210044
28,30,0.17824366666666666,0.48401133333333335,0.6900360000000002,21.53239,1393.2498900493629
29,30,0.17774233333333336,0.4833676666666667,0.6888223333333333,21.48073,1396.6005810789484
30,30,0.182274,0.49140600000000006,0.699026,21.81665,1375.096543236473
31,30,0.18229900000000002,0.4904083333333334,0.6968876666666668,21.75479,1379.0066463523665
32,30,0.1770523333333333,0.4844733333333334,0.6904053333333333,21.53751,1392.9186800145421
33,30,0.17769066666666664,0.483166,0.688782,21.47966,1396.670152134624
34,30,0.1773833333333333,0.4835513333333334,0.6864343333333333,21.42042,1400.532762662917
35,30,0.1886973333333333,0.4993673333333332,0.7063196666666668,22.02278,1362.2258406976778
36,30,0.17658833333333337,0.4830366666666666,0.6855396666666667,21.3882,1402.6425786181167
37,30,0.17749333333333334,0.48352333333333336,0.6854790000000002,21.37816,1403.3013131158154
38,30,0.17740966666666666,0.48342833333333335,0.6858313333333335,21.39278,1402.342285574853
39,30,0.1799663333333333,0.4869043333333332,0.6897986666666666,21.52867,1393.4906336527058
40,30,0.18489066666666665,0.497375,0.7028303333333332,21.94505,1367.0508839123172
41,30,0.17765533333333336,0.48302766666666663,0.6852193333333333,21.37832,1403.2908105033512
42,30,0.1769346666666667,0.48314366666666664,0.6857803333333335,21.38682,1402.7330851430927
43,30,0.17744766666666667,0.4827366666666667,0.6854036666666665,21.37896,1403.2488016255236
44,30,0.18700299999999997,0.49795366666666663,0.7049343333333333,21.98272,1364.7082799580762
45,30,0.17739799999999997,0.48333,0.6852110000000001,21.41403,1400.9506851349324
46,30,0.1768783333333333,0.48250000000000004,0.685259,21.3896,1402.5507723379585
47,30,0.17668799999999998,0.4823596666666667,0.6849496666666665,21.37722,1403.3630191390648
48,30,0.17757766666666666,0.48407899999999987,0.6867593333333333,21.44071,1399.2073956506104
49,30,0.18494033333333335,0.4970916666666666,0.7029863333333333,21.92928,1368.0339710195685
50,30,0.17776666666666668,0.48378933333333335,0.686603,21.42477,1400.2484040668814
51,30,0.17716999999999997,0.4832916666666666,0.6855456666666665,21.39801,1401.9995317321566
52,30,0.17779033333333333,0.48333699999999996,0.6858833333333333,21.40862,1401.3047081035584
53,30,0.18730300000000003,0.5030073333333334,0.7081349999999998,22.09502,1357.772022835915
54,30,0.1768173333333333,0.48268633333333333,0.686001666666667,21.40696,1401.4133720995414
55,30,0.17684666666666665,0.48234866666666665,0.6848390000000001,21.36163,1404.3872120245505
56,30,0.175911,0.482249,0.6845640000000001,21.37191,1403.7116944624977
57,30,0.17753166666666662,0.48307599999999995,0.6851363333333336,21.40409,1401.601282745494
58,30,0.1870303333333334,0.49881833333333336,0.7046676666666667,21.97605,1365.1224856150218
59,30,0.17662499999999998,0.48238466666666674,0.6854030000000001,21.38677,1402.7363645842734
60,30,0.17795366666666668,0.4840096666666666,0.6863706666666667,21.41407,1400.9480682560577
61,30,0.17755133333333334,0.48324,0.6856063333333334,21.38389,1402.9252862785959
62,30,0.188346,0.4993106666666666,0.7042823333333335,22.01941,1362.4343249887258
63,30,0.17650166666666667,0.4824406666666667,0.6853816666666666,21.38303,1402.9817102627644
64,30,0.17759999999999998,0.48345733333333324,0.6859029999999999,21.39481,1402.2092273780418
65,30,0.1772406666666667,0.4831466666666666,0.6852556666666666,21.37468,1403.5297838376996
66,30,0.177459,0.48364233333333334,0.6871733333333334,21.43335,1399.687869605078
67,30,0.18870533333333325,0.5011606666666667,0.7077383333333334,22.09784,1357.598751733201
68,30,0.17669733333333332,0.48400066666666663,0.6867730000000001,21.43873,1399.3366211524656
69,30,0.17635833333333328,0.48191766666666663,0.6847773333333333,21.36628,1404.0815715229792
70,30,0.17660100000000004,0.4832036666666666,0.685616,21.38835,1402.6327416560885
71,30,0.18656399999999998,0.4990643333333334,0.7041933333333332,21.96112,1366.0505475130594
72,30,0.17849100000000004,0.48514399999999996,0.6874386666666666,21.47448,1397.007052091599
73,30,0.17742033333333335,0.48269133333333325,0.6860603333333333,21.4052,1401.5286005269747
74,30,0.17719599999999996,0.48331199999999985,0.6856819999999999,21.41312,1401.010221770578
75,30,0.17716633333333334,0.483843,0.6866209999999999,21.41775,1400.7073572153938
76,30,0.1884596666666666,0.501103,0.7065416666666667,22.03389,1361.5389747339211
77,30,0.17707199999999995,0.48389633333333326,0.6865070000000001,21.42244,1400.4007013206713
78,30,0.17756333333333332,0.482818,0.6853966666666668,21.39871,1401.953669169777
79,30,0.17788533333333334,0.48239599999999994,0.685246,21.37913,1403.2376434401212
80,30,0.18431199999999998,0.4978930000000001,0.7039543333333332,21.96943,1365.5338349697738
81,30,0.18038466666666667,0.4875486666666666,0.6906406666666667,21.55454,1391.8181506077142
82,30,0.17676066666666662,0.48275199999999996,0.6847463333333333,21.36532,1404.1446605995136
83,30,0.1778286666666667,0.4830983333333333,0.6849413333333333,21.36798,1403.9698651908134
84,30,0.17731599999999997,0.4834833333333333,0.6853473333333332,21.3932,1402.3147542209674
85,30,0.1864336666666667,0.49781933333333334,0.7033216666666668,21.96187,1366.0038967537828
86,30,0.17762000000000003,0.48330599999999996,0.6859613333333332,21.40202,1401.7368454005743
87,30,0.17656,0.48241433333333333,0.6849463333333335,21.3689,1403.9094197642369
88,30,0.17730666666666667,0.48316933333333345,0.6855306666666667,21.38862,1402.6150354721342
89,30,0.18039866666666665,0.48893100000000006,0.6923169999999998,21.59648,1389.1152632280816
90,30,0.18447533333333338,0.493328,0.6980280000000001,21.77692,1377.605281187606
91,30,0.17671366666666669,0.482131,0.6845593333333334,21.3912,1402.4458655895883
92,30,0.17697799999999997,0.4825876666666667,0.684928,21.37389,1403.5816596791694
93,30,0.17688500000000001,0.48257766666666674,0.6846856666666666,21.36038,1404.4693961437015
94,30,0.18605466666666667,0.4975996666666667,0.702721,21.91793,1368.7423949250683
95,30,0.177473,0.4829089999999999,0.685813,21.39621,1402.1174778149964
96,30,0.17644833333333335,0.48262666666666665,0.6852,21.37648,1403.4116000389213
97,30,0.17760799999999996,0.48357733333333336,0.6856796666666667,21.41188,1401.091356760826
98,30,0.17774133333333328,0.4843823333333333,0.6870963333333333,21.44939,1398.6411734785931
99,30,0.18774900000000003,0.4985556666666667,0.7044826666666668,21.97403,1365.247976816269
100,30,0.17793333333333336,0.483442,0.6855143333333334,21.39986,1401.8783300451498
101,30,0.176735,0.48307833333333333,0.6857896666666666,21.39283,1402.3390079760368
102,30,0.1773073333333333,0.4832316666666667,0.6857336666666666,21.40194,1401.7420850633166
103,30,0.1864006666666667,0.4972586666666666,0.7028433333333334,21.91499,1368.92601821858
104,30,0.17773799999999998,0.4831,0.685869,21.39837,1401.9759448967375
105,30,0.17723133333333327,0.4828533333333333,0.6854556666666666,21.38196,1403.0519185331934
106,30,0.1759313333333333,0.482481,0.6849343333333333,21.36202,1404.3615725479146
107,30,0.17738033333333336,0.4826813333333334,0.6853073333333335,21.3762,1403.429982878154
108,30,0.18590066666666663,0.5029926666666668,0.7079123333333334,22.09486,1357.7818551464004
109,30,0.17779666666666666,0.4837803333333333,0.6857866666666667,21.39647,1402.1004399323813
110,30,0.17764900000000003,0.48283166666666666,0.6849589999999999,21.38237,1403.0250154683506
111,30,0.177549,0.4833333333333333,0.6854593333333335,21.39643,1402.1030611181397
112,30,0.18660699999999997,0.49738599999999994,0.7028556666666665,21.9381,1367.4839662504958
113,30,0.1782356666666667,0.4836526666666667,0.6873486666666668,21.44677,1398.8120355652622
114,30,0.17754466666666666,0.4835526666666666,0.685637,21.41547,1400.8564836541061
115,30,0.17647233333333334,0.4825706666666667,0.685192,21.37464,1403.5324103704202
116,30,0.1774873333333333,0.48365699999999995,0.6862756666666668,21.40436,1401.5836025931164
117,30,0.186375,0.4977716666666666,0.7041376666666666,21.96302,1365.9323717776517
118,30,0.17764466666666665,0.48339366666666667,0.6860136666666666,21.39828,1401.9818415311886
119,30,0.17752666666666667,0.48290166666666673,0.6853503333333333,21.38928,1402.571755571015
120,30,0.17687600000000003,0.4827193333333334,0.6852543333333333,21.38788,1402.6635645982676
121,30,0.1874263333333333,0.503268,0.707865,22.06945,1359.3451581258255
122,30,0.17793166666666663,0.4848443333333334,0.6874393333333334,21.45076,1398.551846181674
123,30,0.17766533333333337,0.4832883333333334,0.6867019999999998,21.41751,1400.7230532400824
124,30,0.17719833333333332,0.48310033333333346,0.6858433333333334,21.39328,1402.309510276124
125,30,0.177153,0.4834683333333334,0.6861759999999999,21.43429,1399.6264863450106
126,30,0.18694999999999998,0.5009256666666667,0.7063293333333334,22.04379,1360.9274993093293
127,30,0.177712,0.48416233333333325,0.6864526666666666,21.42959,1399.933456496368
128,30,0.17744866666666667,0.48299966666666666,0.6857356666666666,21.39318,1402.3160652133063
129,30,0.1756933333333333,0.48196533333333336,0.6846393333333333,21.3683,1403.9488401042665
130,30,0.18582066666666666,0.49641599999999997,0.701662,21.88388,1370.8720757013837
131,30,0.17802500000000002,0.48407066666666665,0.687174,21.45961,1397.9750796962294
132,30,0.17692433333333335,0.482941,0.6854656666666666,21.38473,1402.8701788612716
133,30,0.17728899999999997,0.48308633333333345,0.6857866666666667,21.39194,1402.397351525855
134,30,0.17654500000000004,0.4830210000000001,0.6858256666666667,21.39148,1402.4275085220845
135,30,0.18687466666666666,0.503225,0.709104,22.11312,1356.6606611821398
136,30,0.177926,0.4837066666666667,0.6858090000000002,21.42706,1400.0987536320895
137,30,0.17820133333333335,0.4837966666666667,0.6861673333333332,21.40569,1401.496517981901
138,30,0.17748233333333333,0.4831710000000001,0.6857570000000001,21.39198,1402.3947292396495
139,30,0.18162100000000006,0.49200866666666665,0.69642,21.72236,1381.0654090991954
140,30,0.18262066666666668,0.4920023333333334,0.6963916666666667,21.75082,1379.2583452026176
141,30,0.17732900000000001,0.48373266666666664,0.686771,21.4232,1400.3510213226782
142,30,0.17793499999999998,0.483144,0.6860406666666667,21.41432,1400.9317129845822
143,30,0.17802733333333334,0.48327900000000007,0.6860539999999999,21.40109,1401.7977588991962
144,30,0.1852366666666666,0.5013683333333333,0.7070319999999999,22.0489,1360.6120940273665
145,30,0.177256,0.4826046666666667,0.6858236666666664,21.40019,1401.8567124871322
146,30,0.17762666666666668,0.4824743333333333,0.6850100000000001,21.3694,1403.8765711718625
147,30,0.17709333333333335,0.4830973333333334,0.685412,21.39876,1401.9503933872804
148,30,0.17895166666666668,0.4861753333333334,0.6907206666666666,21.56353,1391.237891013206
149,30,0.18591900000000003,0.5002633333333333,0.7058966666666665,22.01798,1362.522810902726
150,30,0.1772873333333333,0.48322066666666663,0.68597,21.39554,1402.1613850363206
151,30,0.177379,0.48446600000000006,0.686895,21.42634,1400.1458018494993
152,30,0.17756966666666668,0.4833056666666666,0.6853973333333335,21.38263,1403.0079555227771
153,30,0.18665133333333334,0.5016029999999999,0.7073826666666666,22.0893,1358.1236164115658
154,30,0.177899,0.4830123333333333,0.6857713333333333,21.39827,1401.9824967158559
155,30,0.17733300000000002,0.482969,0.6861289999999999,21.40482,1401.5534818793149
156,30,0.17738999999999996,0.48336466666666666,0.686009,21.40431,1401.5868766617564
157,30,0.17701033333333333,0.48289000000000004,0.6858069999999999,21.39322,1402.3134432310796
158,30,0.1875433333333333,0.4998740000000001,0.705123,21.99816,1363.7504227626312
159,30,0.17691766666666667,0.4833286666666667,0.6860236666666668,21.42985,1399.9164716505247
160,30,0.17652700000000004,0.4825116666666666,0.6854409999999999,21.3811,1403.1083527040237
161,30,0.1779873333333333,0.48284866666666665,0.685288,21.3911,1402.4524218015904
162,30,0.18630299999999997,0.5021096666666667,0.7083696666666666,22.13092,1355.5694928181929
163,30,0.17773333333333333,0.4839563333333333,0.6868070000000003,21.42543,1400.2052700925956
164,30,0.17736066666666667,0.48310433333333336,0.6853226666666665,21.37988,1403.1884182698873
165,30,0.18101966666666666,0.48696966666666663,0.690915,21.56899,1390.8857113847241
166,30,0.17708066666666664,0.4825806666666667,0.685232,21.38995,1402.5278226456817
167,30,0.19275333333333328,0.5052436666666666,0.7117919999999999,22.22767,1349.6691286131204
168,30,0.17771233333333336,0.4831026666666666,0.6868213333333332,21.44542,1398.900091488066
169,30,0.178156,0.4834303333333334,0.6862133333333332,21.40665,1401.4336666409738
170,30,0.177363,0.48324,0.6856783333333333,21.41123,1401.1338909534857
171,30,0.18705899999999998,0.49833999999999995,0.7041323333333332,21.95847,1366.2154057181579
172,30,0.1767123333333333,0.4827946666666667,0.6863773333333332,21.41784,1400.7014712968255
173,30,0.1775993333333333,0.483522,0.6859216666666668,21.39906,1401.9307390137697
174,30,0.17710866666666664,0.48243566666666665,0.6852920000000001,21.39565,1402.1541761993676
175,30,0.1775933333333333,0.48355299999999996,0.6858443333333334,21.39354,1402.292467726239
176,30,0.18597133333333335,0.4999253333333334,0.7053186666666665,22.00276,1363.4653107155648
177,30,0.17927299999999996,0.4863646666666666,0.689549,21.54218,1392.616717528124
178,30,0.17816866666666664,0.4842623333333333,0.6866239999999999,21.42224,1400.4137755902277
179,30,0.17774633333333334,0.4835666666666667,0.6860363333333334,21.41494,1400.8911535591508
180,30,0.18753233333333338,0.4999400000000001,0.7059510000000001,22.01696,1362.5859337528889
181,30,0.17716766666666667,0.48239299999999996,0.6863729999999999,21.41489,1400.8944243934945
182,30,0.17736300000000005,0.4838063333333334,0.6866903333333333,21.45048,1398.570101927789
183,30,0.17711966666666662,0.4827693333333334,0.6855366666666668,21.3818,1403.062417570083
184,30,0.17722833333333335,0.48388466666666663,0.6866926666666665,21.42254,1400.3941642774387
185,30,0.18630866666666665,0.498882,0.7046140000000001,21.97418,1365.238657369695
186,30,0.17663366666666663,0.48432133333333344,0.6868179999999999,21.42908,1399.966774121894
187,30,0.1784883333333333,0.4839400000000001,0.6868329999999999,21.44339,1399.0325223763593
188,30,0.17695133333333335,0.48316533333333334,0.6867693333333335,21.42293,1400.3686703919586
189,30,0.18598900000000002,0.4971543333333333,0.7028843333333332,21.91919,1368.663714306961
190,30,0.17777566666666667,0.4841906666666667,0.6875043333333334,21.4485,1398.6992097349466
191,30,0.17701366666666668,0.4823676666666667,0.6852913333333333,21.39204,1402.3907958287286
192,30,0.17740666666666666,0.4834259999999999,0.6855910000000001,21.40093,1401.8082391746527
193,30,0.17805633333333334,0.483478,0.685717,21.40398,1401.608485898417
194,30,0.1860486666666667,0.4991103333333334,0.7047886666666666,22.00759,1363.1660713417507
195,30,0.17747333333333334,0.48385633333333333,0.686287,21.41767,1400.7125891845378
196,30,0.1774083333333333,0.48342233333333334,0.6867933333333333,21.42673,1400.120317005908
197,30,0.1773843333333333,0.4831126666666667,0.6860126666666668,21.40472,1401.5600297504477
198,30,0.18306266666666665,0.5007786666666666,0.7065773333333333,22.02984,1361.7892821736336
199,30,0.17949066666666666,0.4867923333333333,0.6896336666666667,21.56247,1391.3062835565684
200,30,0.17748066666666668,0.48381866666666656,0.6870516666666667,21.43011,1399.899487216818
201,30,0.17761299999999997,0.4830313333333333,0.6858116666666666,21.39594,1402.1351714390676
202,30,0.17703333333333332,0.4833316666666666,0.6870016666666668,21.42685,1400.1124757022146
203,30,0.1873503333333333,0.5041736666666667,0.709633,22.12958,1355.6515758545802
204,30,0.1778283333333333,0.4832893333333333,0.6857766666666666,21.41114,1401.139780506783
205,30,0.17750166666666672,0.4827086666666667,0.6855713333333332,21.38697,1402.723246911554
206,30,0.17791533333333331,0.48466733333333334,0.687291,21.44054,1399.2184898328119
207,30,0.17985300000000004,0.4888453333333334,0.6923643333333334,21.62228,1387.4577519114544
208,30,0.18542633333333333,0.49622333333333335,0.7015956666666666,21.90464,1369.5728393618886
209,30,0.1770123333333333,0.4831256666666667,0.6854653333333334,21.38422,1402.9036364197525
210,30,0.17716,0.4831473333333333,0.6857996666666666,21.39521,1402.1830119919364
211,30,0.17771199999999998,0.4835876666666667,0.6864656666666666,21.4321,1399.7695046215724
212,30,0.18597833333333336,0.49890433333333345,0.706082,22.0181,1362.5153850695565
213,30,0.17741233333333334,0.48328966666666673,0.685853,21.41742,1400.7289393400326
214,30,0.17663066666666669,0.482326,0.6849736666666666,21.39962,1401.8940523242936
215,30,0.17723999999999995,0.482944,0.6858386666666668,21.39727,1402.0480182752285
216,30,0.1816286666666667,0.48776200000000003,0.6911836666666669,21.58647,1389.7594187470206
217,30,0.1855536666666667,0.49828199999999995,0.7035156666666665,21.94759,1366.892674776593
218,30,0.17764999999999997,0.48324066666666676,0.6865370000000002,21.41675,1400.7727596390678
219,30,0.17632466666666663,0.48320133333333337,0.6855910000000001,21.38871,1402.6091335101557
220,30,0.1773573333333334,0.4831236666666667,0.6854743333333333,21.37948,1403.2146712642216
221,30,0.18559933333333334,0.49662866666666666,0.7030283333333335,21.95606,1366.3653679212027
222,30,0.17658466666666667,0.4829656666666667,0.6855570000000003,21.38352,1402.9495611573773
223,30,0.1770143333333333,0.482999,0.6856966666666665,21.39337,1402.3036108850547
224,30,0.1763283333333333,0.4817103333333333,0.6842513333333334,21.37558,1403.4706894502979
225,30,0.17717166666666667,0.4826493333333334,0.6849546666666665,21.36987,1403.8456948965998
226,30,0.18667733333333333,0.4991576666666667,0.7057983333333334,22.00965,1363.038485391635
227,30,0.17756300000000003,0.4836446666666666,0.686648,21.41897,1400.6275745285604
228,30,0.17676799999999998,0.48292966666666676,0.6852550000000001,21.40187,1401.7466698003493
229,30,0.17787599999999998,0.48351333333333335,0.6858486666666667,21.4055,1401.5089579780897
230,30,0.18634066666666668,0.497088,0.7031890000000001,21.92768,1368.13379253984
231,30,0.176987,0.4834040000000001,0.6864243333333332,21.41546,1400.857137787374
232,30,0.17682733333333334,0.48294933333333334,0.6853313333333334,21.37475,1403.5251874290927
233,30,0.177172,0.4828193333333333,0.6858483333333333,21.43399,1399.6460761622077
234,30,0.17789000000000002,0.4830370000000001,0.6855103333333332,21.3956,1402.157452934248
235,30,0.18791,0.5058130000000001,0.7119979999999999,22.20491,1351.0525374793233
236,30,0.177489,0.48345000000000016,0.686033,21.41512,1400.879378681978
237,30,0.17782866666666663,0.48340333333333335,0.6857526666666668,21.40253,1401.7034434714028
238,30,0.176648,0.48291999999999996,0.6857406666666666,21.38928,1402.571755571015
239,30,0.18760066666666664,0.5030946666666667,0.7091296666666664,22.13289,1355.4488365504913
240,30,0.17823,0.48373066666666664,0.686458,21.43327,1399.6930939609308
241,30,0.17753533333333335,0.483722,0.6867746666666668,21.42319,1400.3516749839775
242,30,0.17728766666666668,0.4835793333333333,0.6860226666666667,21.40152,1401.769593935384
243,30,0.17806733333333333,0.4844986666666666,0.6868793333333334,21.42645,1400.1386137227585
244,30,0.18727866666666665,0.49926033333333336,0.7048233333333332,21.98378,1364.6424773173676
245,30,0.17657500000000004,0.4828003333333334,0.6859616666666667,21.42589,1400.1752085911016
246,30,0.1775846666666667,0.4832270000000001,0.6858136666666667,21.39075,1402.4753690263315
247,30,0.17672233333333334,0.48244766666666666,0.6857506666666666,21.39193,1402.3980070989387
248,30,0.18713300000000005,0.5001363333333334,0.7052316666666668,21.9919,1364.1386146717655
249,30,0.1778476666666666,0.48457999999999996,0.6874979999999998,21.44906,1398.6626919781102
250,30,0.17744266666666667,0.483945,0.6866306666666665,21.45626,1398.1933477689029
251,30,0.17745700000000003,0.482962,0.6860336666666667,21.39709,1402.059812806321
252,30,0.17674233333333333,0.4824133333333333,0.6852253333333332,21.37461,1403.534380276412
253,30,0.18982533333333337,0.5035956666666668,0.7102090000000001,22.16213,1353.660501043898
254,30,0.1773463333333333,0.48423133333333346,0.6871066666666665,21.44683,1398.8081222259887
255,30,0.17767266666666665,0.4840766666666667,0.6870143333333332,21.43409,1399.6395461622117
256,30,0.17836766666666665,0.48456266666666664,0.6872033333333332,21.48104,1396.5804262735883
257,30,0.18816833333333338,0.49815566666666666,0.7035986666666666,21.95239,1366.5937968485437
258,30,0.18157033333333333,0.4895323333333333,0.6929566666666667,21.64304,1386.1269026901953
259,30,0.17800600000000003,0.4838503333333334,0.6870156666666667,21.44459,1398.9542350774718
260,30,0.17712766666666666,0.48354633333333324,0.6860963333333332,21.40409,1401.601282745494
261,30,0.17717833333333335,0.4845466666666667,0.6871216666666666,21.43513,1399.5716377740653
262,30,0.18766066666666664,0.4998726666666667,0.7053189999999999,22.03848,1361.2554041839546
263,30,0.17777366666666666,0.48319766666666664,0.6856229999999999,21.40637,1401.45199769975
264,30,0.17748166666666668,0.48293566666666676,0.6850303333333334,21.40117,1401.7925188202328
265,30,0.17748766666666668,0.4835753333333333,0.6862180000000001,21.40569,1401.496517981901
266,30,0.1812776666666667,0.4897823333333334,0.6935283333333333,21.63613,1386.5695944699908
267,30,0.183055,0.4930873333333334,0.6973536666666666,21.78062,1377.3712594040023
268,30,0.17649333333333334,0.4824113333333334,0.6846986666666667,21.36705,1404.0309729232629
269,30,0.1773616666666667,0.483613,0.6862063333333333,21.40611,1401.4690198265823
270,30,0.17830233333333334,0.48362733333333335,0.6859456666666666,21.41739,1400.7309013843424
271,30,0.18671399999999996,0.4979756666666667,0.70385,21.97103,1365.4343924704488
272,30,0.1777776666666667,0.48387766666666665,0.6866959999999999,21.42892,1399.9772270371068
273,30,0.17806533333333333,0.48396266666666665,0.6867493333333335,21.45074,1398.553150147734
274,30,0.17731399999999997,0.48342166666666664,0.6856783333333333,21.38854,1402.6202817022572
275,30,0.17811033333333334,0.4849866666666666,0.6878266666666665,21.4606,1397.9105896386868
276,30,0.18628933333333333,0.4997603333333333,0.7056043333333335,22.03635,1361.3869810563
277,30,0.1777663333333334,0.4832059999999999,0.6856613333333332,21.40867,1401.3014353530602
278,30,0.17637533333333336,0.48193499999999995,0.6849406666666668,21.40051,1401.8357506433258
279,30,0.17758866666666667,0.483395,0.6862240000000003,21.44334,1399.0357845372969
280,30,0.18656900000000007,0.5045973333333332,0.7096763333333335,22.13128,1355.547442353086
281,30,0.17785766666666666,0.48313966666666663,0.6859239999999999,21.41068,1401.1698834413478
282,30,0.17737033333333335,0.4829610000000001,0.6856343333333333,21.39075,1402.4753690263315
283,30,0.17717299999999997,0.48361,0.68619,21.40994,1401.2183126155421
284,30,0.17741366666666666,0.484009,0.686246,21.4298,1399.919737935025
285,30,0.184177,0.5008673333333333,0.7070976666666667,22.05224,1360.4060177106724
286,30,0.17810299999999998,0.48385666666666666,0.686545,21.42036,1400.5366856579442
287,30,0.17809400000000003,0.483393,0.6861846666666668,21.40844,1401.3164901319292
288,30,0.17817933333333336,0.483801,0.6868023333333333,21.42726,1400.085685243937
289,30,0.18611566666666668,0.49853333333333333,0.7049179999999999,21.98546,1364.5381993371984
290,30,0.17806266666666667,0.48327900000000007,0.6865946666666666,21.4514,1398.5101205515725
291,30,0.1772856666666667,0.483704,0.686061,21.40894,1401.2837627645272
292,30,0.1776893333333333,0.483359,0.6860166666666667,21.41801,1400.6903535856038
293,30,0.17835566666666666,0.48351200000000005,0.6861583333333333,21.40652,1401.4421774300542
294,30,0.18623466666666666,0.49907833333333335,0.7045083333333333,21.97608,1365.120622058165
295,30,0.17734500000000003,0.48360733333333333,0.685832,21.39821,1401.9864278367208
296,30,0.177779,0.4837823333333333,0.6865606666666666,21.4448,1398.9405357009625
297,30,0.1783833333333333,0.48354733333333333,0.6856896666666666,21.4027,1401.6923098487573
298,30,0.186314,0.4982706666666667,0.7040550000000001,21.96198,1365.9970549103498
299,30,0.17644033333333337,0.4828953333333334,0.6856536666666667,21.3974,1402.0395001261836
300,30,0.1778063333333333,0.4845616666666667,0.6869476666666667,21.43132,1399.8204496969854
301,30,0.17760500000000004,0.4833393333333334,0.6857033333333333,21.41562,1400.8466717283927
302,30,0.17734233333333332,0.4831483333333333,0.6869486666666667,21.43276,1399.7264001463182
303,30,0.188938,0.500154,0.7067953333333333,22.06984,1359.3211368999503
304,30,0.17778033333333332,0.48426766666666665,0.6864656666666666,21.43899,1399.3196507857879
305,30,0.17802466666666664,0.4831493333333334,0.6853589999999999,21.40194,1401.7420850633166
306,30,0.1774236666666667,0.48299366666666665,0.6853486666666668,21.40759,1401.372130165049
307,30,0.18666133333333332,0.50266,0.7082180000000001,22.10454,1357.187256554536
308,30,0.17894433333333334,0.48495666666666665,0.6878540000000002,21.48077,1396.5979804262138
309,30,0.17689633333333338,0.484225,0.6871119999999998,21.43286,1399.7198693968046
310,30,0.17839866666666668,0.4852383333333333,0.6879883333333333,21.47692,1396.848337657355
311,30,0.17693266666666668,0.4834896666666667,0.6861883333333334,21.40527,1401.524017216321
312,30,0.19040200000000002,0.502161,0.7085816666666667,22.09673,1357.6669489105402
313,30,0.17732399999999998,0.4841893333333333,0.6866393333333333,21.44881,1398.678994312505
314,30,0.17712266666666668,0.48268466666666665,0.6850080000000001,21.3871,1402.7147205558492
315,30,0.17728833333333333,0.482585,0.6848456666666667,21.37743,1403.3492332801463
316,30,0.185313,0.49473066666666665,0.699839,21.82619,1374.4955028797972
317,30,0.17999099999999998,0.4872606666666667,0.6901010000000001,21.53733,1392.9303214465303
318,30,0.17747933333333332,0.48342166666666664,0.6859509999999998,21.42337,1400.3399091739534
319,30,0.17764833333333332,0.48314533333333326,0.6858696666666667,21.39883,1401.9458073175028
320,30,0.17673733333333333,0.48247466666666666,0.6858606666666665,21.39631,1402.110924734218
321,30,0.1870846666666667,0.5007413333333334,0.7066153333333334,22.03447,1361.503135768639
322,30,0.17767400000000003,0.48424300000000003,0.686665,21.42477,1400.2484040668814
323,30,0.17676733333333333,0.48290333333333335,0.6856740000000001,21.38985,1402.5343796239806
324,30,0.17810066666666663,0.48343100000000006,0.6860839999999998,21.4365,1399.482191589112
325,30,0.18210733333333334,0.49102833333333334,0.6953886666666665,21.7095,1381.8835072203412
326,30,0.18182366666666666,0.4911136666666666,0.6946603333333333,21.67526,1384.0664425709313
327,30,0.177239,0.482589,0.6863333333333332,21.4157,1400.8414387575472
328,30,0.17690466666666665,0.4826926666666667,0.6856293333333333,21.38913,1402.5815916776419
329,30,0.177029,0.482509,0.6852776666666668,21.38015,1403.1706980540362
330,30,0.18629000000000004,0.500343,0.7072276666666666,22.09783,1357.5993660916026
331,30,0.17805933333333332,0.48440099999999997,0.6868363333333334,21.4342,1399.632363232591
332,30,0.17731366666666665,0.48330833333333334,0.686014,21.41654,1400.7864949240166
333,30,0.17744166666666666,0.48313666666666666,0.6867463333333333,21.4263,1400.1484157320676
334,30,0.17809300000000003,0.48474,0.6877923333333334,21.4618,1397.8324278485495
335,30,0.18532666666666667,0.498102,0.7050303333333332,21.99205,1364.1293103644273
336,30,0.17801533333333333,0.48357433333333333,0.6862606666666665,21.43598,1399.5161406196498
337,30,0.17748900000000004,0.4830733333333333,0.6858616666666666,21.39787,1402.0087046047106
338,30,0.17678766666666668,0.4823700000000001,0.6849963333333332,21.37208,1403.7005289143592
339,30,0.18628333333333333,0.49935866666666673,0.7051026666666665,21.9907,1364.2130536999732
340,30,0.177491,0.48349633333333336,0.6859613333333334,21.40256,1401.7014787016133
341,30,0.17765666666666666,0.48343133333333327,0.6858423333333336,21.44021,1399.2400261004905
342,30,0.17660533333333334,0.482911,0.6854699999999999,21.40139,1401.7781088050824
343,30,0.17752366666666666,0.4833523333333333,0.6859610000000002,21.40193,1401.7427400239137
344,30,0.18755833333333333,0.499608,0.7045963333333332,22.0081,1363.1344823042425
345,30,0.17758933333333332,0.48402833333333334,0.6863959999999999,21.4452,1398.9144423927032
346,30,0.177443,0.48317766666666667,0.6853063333333334,21.38344,1402.9548098902703
347,30,0.1775973333333333,0.48843166666666676,0.6903573333333334,21.56786,1390.958583744516
348,30,0.18806333333333333,0.5055723333333334,0.7112389999999998,22.17921,1352.6180598858118
349,30,0.177673,0.4841196666666666,0.686447,21.41958,1400.5876865932946
350,30,0.17845966666666666,0.4842686666666667,0.6869220000000001,21.44843,1398.7037745886296
351,30,0.177926,0.4833633333333334,0.6867783333333334,21.42731,1400.082418185017
352,30,0.17764266666666667,0.4835403333333333,0.6859573333333333,21.40429,1401.5881862934955
353,30,0.18740700000000002,0.5051676666666667,0.7105286666666667,22.17579,1352.8266636724102
354,30,0.17824633333333334,0.4833373333333333,0.6858533333333334,21.39877,1401.949738232618
355,30,0.17801099999999997,0.48369299999999993,0.6865159999999999,21.41364,1400.9762002163106
356,30,0.17647000000000002,0.4824263333333333,0.6859370000000001,21.39829,1401.9811863471334
357,30,0.1870036666666667,0.5032533333333332,0.7099153333333335,22.13552,1355.28779084476
358,30,0.17813466666666666,0.48459533333333327,0.6872106666666669,21.47233,1397.1469328200526
359,30,0.17833166666666664,0.48412466666666665,0.6872306666666667,21.43853,1399.3496755607778
360,30,0.17745366666666668,0.4839616666666666,0.6869833333333334,21.43073,1399.8589875379887
361,30,0.17700966666666668,0.48393566666666665,0.686863,21.43112,1399.8335131341712
362,30,0.19056866666666666,0.5025016666666667,0.7084723333333334,22.0964,1357.687225068337
363,30,0.17805533333333332,0.48369433333333334,0.6865966666666667,21.44088,1399.1963016443356
364,30,0.17799099999999998,0.4837063333333333,0.686448,21.44865,1398.6894280059585
365,30,0.17762033333333335,0.4840783333333334,0.6863863333333334,21.41554,1400.851904738335
366,30,0.18570533333333333,0.5045863333333334,0.7105599999999999,22.15801,1353.912196988809
367,30,0.17801366666666668,0.48407666666666666,0.6868376666666668,21.43551,1399.5468267375022
368,30,0.177889,0.4843766666666667,0.6869573333333332,21.43737,1399.42539593243
369,30,0.19175200000000003,0.49896399999999996,0.7050496666666665,21.99262,1364.093955154047
370,30,0.21146233333333334,0.5366133333333334,0.7523833333333335,23.52078,1275.4679054010962
371,30,0.18863766666666668,0.5006733333333334,0.7070956666666667,22.06191,1359.8097354218198
372,30,0.17721133333333333,0.48304166666666665,0.6858223333333335,21.40518,1401.5299100498105
373,30,0.17763266666666666,0.4835493333333333,0.686586,21.42047,1400.5294935171823
374,30,0.17759466666666665,0.4836926666666667,0.6861306666666666,21.40992,1401.2196215586048
375,30,0.18771033333333334,0.501412,0.7073703333333333,22.08637,1358.303786452912
376,30,0.17696800000000001,0.4829996666666666,0.685549,21.39785,1402.010015024874
377,30,0.1777046666666667,0.48422933333333323,0.6868343333333333,21.42946,1399.941949073845
378,30,0.17775866666666665,0.48374333333333325,0.6860723333333335,21.40763,1401.3695117114785
379,30,0.17709066666666665,0.48357600000000006,0.6865623333333333,21.41665,1400.7793002173544
380,30,0.186226,0.5022823333333333,0.7086393333333333,22.09961,1357.490019054635
381,30,0.1767753333333333,0.483041,0.685866,21.44409,1398.9868537205357
382,30,0.17732233333333333,0.4841953333333333,0.6864903333333333,21.41423,1400.937600838321
383,30,0.17787166666666668,0.483515,0.6865253333333334,21.4184,1400.6648489149516
384,30,0.18630766666666665,0.4967273333333333,0.7024436666666668,21.90866,1369.321537693314
385,30,0.17623399999999997,0.48259866666666673,0.6855950000000001,21.39764,1402.023774584487
386,30,0.17746500000000004,0.4831553333333334,0.6859106666666667,21.40112,1401.795793864994
387,30,0.1773493333333333,0.48361133333333334,0.686107,21.41845,1400.6615791525533
388,30,0.17777800000000002,0.4829576666666667,0.6856876666666665,21.39152,1402.4248861230992
389,30,0.18584999999999996,0.49789100000000003,0.7048479999999998,21.98644,1364.4773778747265
390,30,0.176853,0.482917,0.68533,21.38735,1402.698324009286
391,30,0.17741533333333337,0.4838509999999999,0.6864803333333334,21.41596,1400.8244318723046
392,30,0.177654,0.48337433333333324,0.685979,21.42711,1400.0954865121803
393,30,0.18346866666666667,0.4925523333333333,0.6975300000000001,21.77351,1377.8210311520743
394,30,0.18072633333333335,0.48788433333333336,0.6919883333333334,21.59333,1389.3179051123657
395,30,0.177228,0.48492699999999994,0.6877563333333332,21.45909,1398.00895564537
396,30,0.177505,0.4836116666666666,0.6869070000000002,21.42984,1399.9171249062056
397,30,0.17845366666666665,0.4838706666666666,0.6864216666666667,21.4312,1399.8282877300385
398,30,0.18643666666666667,0.4990046666666667,0.704043,21.98397,1364.630683175059
399,30,0.17751733333333336,0.48404966666666666,0.6863766666666666,21.41725,1400.740057663799
400,30,0.176498,0.4826443333333332,0.6851999999999999,21.38036,1403.1569159733513
401,30,0.17936400000000002,0.48494933333333345,0.6873706666666665,21.46144,1397.8558754678158
402,30,0.1844266666666666,0.4922443333333334,0.6959610000000002,21.72795,1380.7100992040207
403,30,0.18159666666666663,0.49260766666666667,0.6979326666666669,21.77817,1377.5262108799775
404,30,0.177422,0.4834386666666667,0.6861136666666666,21.43268,1399.731624789807
405,30,0.17812133333333333,0.483856,0.6865486666666666,21.43419,1399.6330162231463
406,30,0.17843233333333336,0.4836403333333334,0.6864776666666667,21.41658,1400.7838786584973
407,30,0.18727766666666665,0.5049296666666667,0.7113043333333334,22.18144,1352.4820751042312
408,30,0.17762199999999997,0.48471333333333333,0.6879106666666667,21.46527,1397.6064591780116
409,30,0.17759266666666665,0.4843643333333333,0.6874079999999999,21.48153,1396.548569864437
410,30,0.1779953333333333,0.483806,0.6867840000000001,21.42632,1400.1471087895636
411,30,0.17897699999999997,0.4847613333333334,0.6879880000000002,21.46396,1397.6917586503143
412,30,0.18515899999999996,0.5013810000000001,0.7070080000000001,22.04997,1360.5460687701616
413,30,0.17714033333333334,0.4835496666666666,0.6860683333333332,21.43266,1399.7329309567735
414,30,0.177171,0.482277,0.6852330000000001,21.38412,1402.9101969124752
415,30,0.17808633333333335,0.4831876666666667,0.6857736666666665,21.44268,1399.0788464874727
416,30,0.1858163333333333,0.4975866666666666,0.7036920000000001,21.95184,1366.6280366474973
417,30,0.17760166666666669,0.48296199999999995,0.6861353333333334,21.4245,1400.2660505496044
418,30,0.176903,0.4824859999999999,0.6852053333333334,21.39423,1402.2472414291142
419,30,0.17713766666666667,0.48322399999999993,0.6862463333333333,21.40994,1401.2183126155421
420,30,0.17780966666666664,0.4832583333333333,0.6863076666666666,21.4165,1400.7891111993088
421,30,0.18613400000000002,0.5026849999999999,0.7086890000000001,22.11687,1356.4306341720144
422,30,0.1778066666666667,0.48406099999999996,0.687267,21.44075,1399.2047852803655
423,30,0.17776899999999998,0.482493,0.684645,21.37662,1403.4024087998946
424,30,0.1771756666666667,0.4819086666666666,0.68537,21.38079,1403.1286963671596
425,30,0.18676499999999996,0.499037,0.7046356666666668,21.9774,1365.0386305932457
426,30,0.17810633333333334,0.48355100000000006,0.686738,21.45418,1398.328903738106
427,30,0.17818166666666668,0.48418300000000003,0.6866279999999999,21.42288,1400.3719387869419
428,30,0.1766273333333333,0.48244666666666663,0.6852693333333332,21.38431,1402.8977320287631
429,30,0.178185,0.48442799999999997,0.686971,21.42866,1399.9942133572515
430,30,0.1866526666666667,0.499256,0.7052009999999999,21.9977,1363.7789405256005
431,30,0.17685066666666663,0.4831613333333334,0.6863330000000001,21.4168,1400.7694893728287
432,30,0.1777233333333334,0.48377633333333336,0.6868406666666665,21.42654,1400.132732583049
433,30,0.17679633333333336,0.4827163333333334,0.685433,21.40939,1401.2543094408575
434,30,0.1885093333333333,0.5053436666666666,0.7109896666666666,22.1691,1353.234908047688
435,30,0.1765673333333333,0.4818299999999999,0.6845736666666667,21.3644,1404.2051262848477
436,30,0.17842633333333333,0.4837626666666666,0.6864159999999998,21.41767,1400.7125891845378
437,30,0.17744600000000002,0.4828533333333334,0.685514,21.38703,1402.7193116575793
438,30,0.181163,0.48667866666666665,0.689665,21.56111,1391.3940423289894
439,30,0.18656233333333333,0.4975703333333333,0.702125,21.91691,1368.8060953847964
440,30,0.17826233333333333,0.4857613333333334,0.6883716666666667,21.49846,1395.4487902854437
441,30,0.177221,0.4823506666666667,0.6859393333333333,21.39584,1402.1417247464929
442,30,0.17761,0.4830163333333334,0.6858503333333332,21.39973,1401.8868462359105
443,30,0.18638666666666667,0.5022156666666666,0.707075,22.08323,1358.4969227780539
444,30,0.17718133333333333,0.48355733333333334,0.6872406666666667,21.44745,1398.7676856689257
445,30,0.1770173333333334,0.4835476666666666,0.6858176666666667,21.39676,1402.0814366287232
446,30,0.17753333333333335,0.48329866666666665,0.6864326666666667,21.4161,1400.815274489753
447,30,0.17600766666666662,0.4818533333333334,0.6846006666666665,21.36349,1404.2649398576732
448,30,0.18508133333333335,0.4967483333333333,0.7022366666666665,21.90728,1369.4077950343446
449,30,0.17722533333333335,0.48315233333333324,0.6855119999999999,21.39279,1402.341630053864
450,30,0.1776956666666666,0.48314599999999996,0.6856993333333333,21.45603,1398.2083358384566
451,30,0.1768043333333333,0.48284,0.6850033333333333,21.37145,1403.7419080127927
452,30,0.18256366666666668,0.4961176666666666,0.7000573333333334,21.8472,1373.1736790069208
453,30,0.18698533333333334,0.4965886666666666,0.7005606666666666,21.87364,1371.5138404033348
454,30,0.17808633333333332,0.4836763333333334,0.6866159999999998,21.42087,1400.5033409007196
455,30,0.177463,0.484047,0.6865556666666666,21.43396,1399.6480351740884
456,30,0.177378,0.483047,0.6857926666666666,21.41119,1401.1365085266161
457,30,0.18783866666666665,0.497929,0.7044073333333335,21.97084,1365.4462005094026
458,30,0.1776093333333333,0.4830370000000001,0.6858830000000002,21.4021,1401.731605777003
459,30,0.177337,0.482874,0.6857399999999999,21.39302,1402.3265532402625
460,30,0.17746133333333333,0.48295599999999994,0.6866876666666666,21.4509,1398.5427184873363
461,30,0.1802173333333334,0.48795966666666674,0.6922146666666665,21.59313,1389.3307732598287
462,30,0.18476499999999998,0.49511733333333335,0.7007216666666666,21.87051,1371.7101247296016
463,30,0.17763266666666666,0.48305100000000006,0.6859166666666668,21.40113,1401.7951388548174
464,30,0.177136,0.4829536666666668,0.6866993333333333,21.42215,1400.4196590911743
465,30,0.17733466666666667,0.48302766666666663,0.6861133333333335,21.40405,1401.6039020652634
466,30,0.18542899999999998,0.4988223333333333,0.7045716666666665,21.97488,1365.1951683012605
467,30,0.1776616666666667,0.483748,0.6865336666666668,21.44102,1399.1871655359678
468,30,0.1788056666666667,0.4840326666666667,0.6870586666666667,21.43345,1399.6813392151055
469,30,0.17797466666666664,0.4837373333333333,0.6868866666666666,21.42744,1400.073923903182
470,30,0.17724533333333337,0.48274800000000007,0.6862103333333335,21.41067,1401.1705378673344
471,30,0.186158,0.49682066666666663,0.7025593333333333,21.91388,1368.9953581930722
472,30,0.17776666666666666,0.48462833333333327,0.6871226666666667,21.45105,1398.5329389470446
473,30,0.17770266666666668,0.4835606666666666,0.6860853333333333,21.40228,1401.7198167671856
474,30,0.17770866666666665,0.4842256666666666,0.6866776666666665,21.41954,1400.5903021260026
475,30,0.18839466666666663,0.5043003333333334,0.7102186666666667,22.14366,1354.7895876291454
476,30,0.17708466666666667,0.48291066666666665,0.6867953333333332,21.43072,1399.8596407400219
477,30,0.177604,0.483709,0.6862856666666666,21.43771,1399.4032011814695
478,30,0.17708166666666666,0.4841566666666666,0.6865660000000002,21.42075,1400.511186583103
479,30,0.17753266666666667,0.48363300000000004,0.6863489999999999,21.40855,1401.309289979938
480,30,0.18712799999999996,0.5038496666666666,0.7097833333333333,22.13161,1355.5272300569186
481,30,0.1765923333333333,0.4828543333333332,0.6857236666666667,21.42419,1400.286311874568
482,30,0.1774676666666667,0.4831019999999999,0.6862066666666666,21.40624,1401.4605087114785
483,30,0.17706433333333335,0.48250733333333334,0.6869436666666667,21.43009,1399.9007936970868
484,30,0.18618500000000002,0.49717533333333336,0.7024413333333333,21.93708,1367.5475496283004
485,30,0.17758333333333334,0.48341766666666663,0.6861476666666666,21.43185,1399.7858327675867
486,30,0.1776623333333333,0.48303533333333326,0.6861506666666667,21.40491,1401.5475888476055
487,30,0.177224,0.4828713333333333,0.6859156666666666,21.39924,1401.9189466541802
488,30,0.17805466666666667,0.48405933333333334,0.6869003333333334,21.42982,1399.918431419396
489,30,0.18604266666666666,0.499634,0.705125,22.01839,1362.497439640228
490,30,0.17624200000000004,0.48303633333333335,0.6855116666666666,21.39191,1402.3993182469449
491,30,0.1779893333333333,0.4834090000000001,0.6858536666666667,21.41105,1401.1456701095929
492,30,0.177695,0.48315666666666673,0.6858500000000001,21.41309,1401.0121846029695
493,30,0.18643000000000004,0.49843966666666667,0.7055576666666669,22.00499,1363.3271362540952
494,30,0.17795833333333333,0.48342066666666667,0.6860500000000002,21.42566,1400.1902391804967
495,30,0.1774443333333333,0.48323699999999997,0.6863036666666665,21.43485,1399.5899201533953
496,30,0.177448,0.48339499999999996,0.686385,21.41449,1400.9205916181052
497,30,0.17691400000000002,0.4830113333333334,0.6859769999999998,21.39963,1401.8933972222885
498,30,0.18655766666666668,0.5029636666666667,0.7090663333333335,22.12518,1355.9211721667348
499,30,0.17659266666666668,0.48303266666666667,0.6856156666666666,21.39265,1402.3508074034773
500,30,0.176993,0.48363799999999996,0.6859963333333334,21.40048,1401.8377157895525
501,30,0.1772553333333333,0.4834220000000001,0.6860566666666668,21.44022,1399.239373476578
502,30,0.18602033333333334,0.4972620000000001,0.7020676666666666,21.89939,1369.901170763204
503,30,0.17911433333333335,0.48629700000000003,0.6901563333333333,21.53753,1392.9173865341106
504,30,0.17686899999999994,0.48369966666666664,0.6861103333333333,21.40785,1401.355110391749
505,30,0.17721166666666666,0.48309233333333335,0.685436,21.38521,1402.838690852229
506,30,0.177817,0.48335833333333333,0.6858856666666668,21.42677,1400.1177032282512
507,30,0.18632966666666664,0.49866099999999997,0.7042726666666667,21.96791,1365.6283187613205
508,30,0.17667466666666665,0.48263333333333336,0.6856783333333333,21.39767,1402.0218089165783
509,30,0.17635233333333333,0.48215500000000006,0.6846140000000001,21.38832,1402.634709037456
510,30,0.17740066666666668,0.4834773333333333,0.6860923333333333,21.40372,1401.625511826916
511,30,0.17961033333333332,0.4886593333333333,0.6931236666666667,21.61997,1387.6059957530006
512,30,0.184365,0.4949773333333335,0.7005963333333334,21.8826,1370.9522634421871
513,30,0.17649733333333334,0.4832403333333334,0.6868266666666667,21.42652,1400.1340394987146
514,30,0.17805400000000002,0.4838103333333334,0.6866636666666667,21.43635,1399.4919844096594
515,30,0.17815933333333336,0.4851650000000001,0.6880133333333334,21.46248,1397.7881400471895
516,30,0.18603799999999998,0.497977,0.7038616666666666,21.96722,1365.6712137448435
517,30,0.17795933333333333,0.4836623333333333,0.6862086666666666,21.42844,1400.0085867193318
518,30,0.17696900000000002,0.482539,0.6850360000000001,21.41065,1401.171846721141
519,30,0.177622,0.48268799999999995,0.6862533333333334,21.42166,1400.4516923525068
520,30,0.1781336666666667,0.48484199999999994,0.6882333333333335,21.47023,1397.2835875535568
521,30,0.18584399999999998,0.5010276666666666,0.7071099999999999,22.07102,1359.2484624634476
522,30,0.17721033333333336,0.4833186666666667,0.6862016666666667,21.40694,1401.4146814070577
523,30,0.17687999999999998,0.4836783333333334,0.6860796666666668,21.42067,1400.5164170868604
524,30,0.17762300000000003,0.4832666666666666,0.6859149999999999,21.39905,1401.931394150675
525,30,0.187811,0.499469,0.7051283333333332,21.99061,1364.218636954591
526,30,0.17682999999999996,0.4837509999999999,0.6862436666666666,21.4087,1401.2994717100992
527,30,0.1777723333333334,0.48386133333333337,0.6867339999999998,21.424,1400.2987303958178
528,30,0.176885,0.4864826666666667,0.6901580000000002,21.52666,1393.6207474824241
529,30,0.17749999999999996,0.48336966666666675,0.6861186666666668,21.44646,1398.8322548336648
530,30,0.18717000000000003,0.5024223333333333,0.7086293333333331,22.10353,1357.2492719488698
531,30,0.17809166666666668,0.4842256666666668,0.688716,21.4933,1395.7838023942345
532,30,0.17691100000000004,0.4834813333333334,0.686209,21.40931,1401.2595454967955
533,30,0.17713433333333334,0.4836606666666668,0.6867473333333334,21.42187,1400.4379636324934
534,30,0.1869333333333333,0.4997083333333333,0.7060243333333334,22.01731,1362.5642732922415
535,30,0.178555,0.48576033333333335,0.6884973333333332,21.51458,1394.4032372465556
536,30,0.1771106666666667,0.48320233333333323,0.686351,21.41306,1401.0141474408608
537,30,0.177016,0.483385,0.6860246666666666,21.40457,1401.5698516718626
538,30,0.177682,0.4827273333333334,0.685649,21.39043,1402.4963500032493
539,30,0.18748433333333334,0.4986796666666667,0.7047843333333337,21.99923,1363.6840925796039
540,30,0.17814899999999997,0.4838153333333333,0.6863876666666665,21.46832,1397.4079015032382
541,30,0.17708599999999997,0.48274766666666663,0.6861203333333333,21.40812,1401.3374364493473
542,30,0.1772196666666667,0.48347799999999996,0.6860660000000001,21.40523,1401.5266362473096
543,30,0.18946200000000005,0.50172,0.7079573333333335,22.0771,1358.8741274895708
544,30,0.17735700000000004,0.48327200000000003,0.6863956666666667,21.42517,1400.2222619470463
545,30,0.17874233333333336,0.48482266666666674,0.6870873333333335,21.43666,1399.4717460649188
546,30,0.17699733333333337,0.4825473333333334,0.6850989999999999,21.42745,1400.0732705011562
547,30,0.17761300000000002,0.4834203333333334,0.686218,21.44303,1399.0560102746674
548,30,0.18688966666666668,0.5011213333333334,0.7070126666666666,22.0493,1360.5874109382157
549,30,0.1784453333333333,0.4847316666666666,0.6880006666666668,21.48864,1396.0864903502502
550,30,0.18749633333333332,0.5018936666666666,0.7127653333333335,22.27506,1346.797719063383
551,30,0.17564999999999997,0.4816903333333334,0.6846166666666667,21.36597,1404.1019434174998
552,30,0.19133466666666665,0.5051153333333332,0.711561,22.21704,1350.3148934331487
553,30,0.1783566666666667,0.4835856666666667,0.6866323333333334,21.42804,1400.0347208610774
554,30,0.17844133333333334,0.48382133333333327,0.6869266666666668,21.42951,1399.9386826856985
555,30,0.17745366666666665,0.4833856666666666,0.686275,21.40847,1401.3145264467755
556,30,0.17654433333333336,0.4834480000000001,0.6862240000000001,21.41136,1401.1253839083552
557,30,0.18716833333333335,0.4987693333333334,0.7053003333333334,22.02115,1362.326672312754
558,30,0.17785766666666666,0.4841643333333333,0.6870379999999998,21.43961,1399.2791846493476
559,30,0.17757166666666668,0.4840630000000001,0.6870553333333331,21.43091,1399.847230005632
560,30,0.17747433333333335,0.4835296666666667,0.6863223333333333,21.41527,1400.8695664355387
561,30,0.18682266666666666,0.498759,0.7051223333333334,21.98859,1364.343962027579
562,30,0.1787983333333333,0.4857973333333333,0.6897066666666666,21.52258,1393.8849338694524
563,30,0.17805266666666666,0.4848133333333334,0.6876160000000001,21.4886,1396.0890890984056
564,30,0.17818599999999998,0.4846606666666666,0.687985,21.46174,1397.8363357304672
565,30,0.17734666666666665,0.4852543333333333,0.6887573333333332,21.48431,1396.3678610111285
566,30,0.1896813333333333,0.5022806666666667,0.7094776666666665,22.1247,1355.9505891605309
567,30,0.17820233333333332,0.4847516666666667,0.6876529999999998,21.45441,1398.313913083604
568,30,0.17927966666666667,0.4845069999999999,0.6877860000000001,21.45727,1398.1275343974326
569,30,0.17781533333333335,0.48376899999999995,0.6867616666666667,21.44336,1399.0344796710963
570,30,0.18414,0.4937633333333334,0.6986353333333333,21.79476,1376.4776487559395
571,30,0.182366,0.49127333333333334,0.6952089999999999,21.68836,1383.2304517261794
572,30,0.1786446666666667,0.484519,0.6868403333333332,21.4442,1398.9796774885517
573,30,0.17752900000000008,0.48347266666666666,0.6868549999999999,21.42882,1399.9837601883817
574,30,0.17794700000000002,0.4836533333333334,0.6864319999999999,21.44146,1399.1584528292383
575,30,0.18694866666666668,0.4991703333333333,0.7043946666666666,21.969,1365.5605626109518
576,30,0.17792833333333335,0.4840733333333333,0.6874216666666668,21.47439,1397.0129070022479
577,30,0.17706966666666668,0.4831546666666666,0.6856709999999999,21.39223,1402.378340173044
578,30,0.17747400000000002,0.4850923333333333,0.6877460000000001,21.45467,1398.2969675133666
579,30,0.18025966666666665,0.48857500000000004,0.692161,21.58925,1389.5804624986972
580,30,0.1834233333333333,0.49340733333333325,0.6991896666666666,21.83497,1373.9428082566635
581,30,0.17767033333333335,0.4834966666666667,0.6860163333333333,21.40147,1401.772868873026
582,30,0.17653433333333332,0.48311933333333335,0.6856360000000001,21.38815,1402.6458576361208
583,30,0.17756333333333332,0.48332033333333346,0.6858116666666666,21.39705,1402.0624338401788
584,30,0.18626966666666667,0.4985993333333333,0.7047669999999999,21.98288,1364.698347077362
585,30,0.17847499999999997,0.48375333333333337,0.6861939999999999,21.41324,1401.0023704960108
586,30,0.17829799999999998,0.48328033333333337,0.6857713333333334,21.44926,1398.649650384209
587,30,0.17781433333333335,0.48355333333333334,0.6867383333333332,21.42558,1400.1954672872332
588,30,0.17732633333333336,0.4827496666666667,0.6854246666666665,21.38247,1403.0184539017241
589,30,0.185117,0.4986563333333332,0.7040706666666666,21.9941,1364.0021642167674
590,30,0.17797366666666664,0.4841506666666667,0.6864559999999998,21.41919,1400.613188453905
591,30,0.17772166666666667,0.48374,0.6858023333333333,21.3929,1402.3344193634337
592,30,0.17793433333333333,0.48358900000000005,0.6864666666666666,21.44448,1398.9614110484376
593,30,0.18612099999999998,0.4964193333333334,0.7020749999999999,21.90215,1369.7285426316596
594,30,0.176659,0.48325999999999997,0.6860120000000001,21.40572,1401.494553792164
595,30,0.17778400000000003,0.4832106666666667,0.6859806666666669,21.40173,1401.7558393643878
596,30,0.177169,0.48369666666666666,0.6866463333333334,21.42186,1400.4386173749617
597,30,0.1774296666666667,0.482932,0.6856469999999999,21.42945,1399.9426023533035
598,30,0.18653066666666665,0.5035649999999999,0.7097839999999999,22.13445,1355.3533067232302
599,30,0.17713133333333336,0.48339766666666667,0.6858339999999998,21.39643,1402.1030611181397
600,30,0.17783233333333334,0.4835856666666666,0.686383,21.4157,1400.8414387575472
601,30,0.17663500000000004,0.4830846666666666,0.6861176666666666,21.4023,1401.7185068894464
602,30,0.18611699999999998,0.4987059999999999,0.7043393333333332,21.97873,1364.95602794156
603,30,0.1765366666666667,0.4824456666666666,0.6852446666666666,21.40689,1401.4179546865519
604,30,0.17712699999999998,0.4832903333333333,0.6863383333333335,21.41546,1400.857137787374
605,30,0.17747533333333335,0.4834166666666666,0.6862106666666666,21.40538,1401.5168149315732
606,30,0.177175,0.48428299999999996,0.686966666666667,21.42705,1400.099407057901
607,30,0.18547866666666665,0.496364,0.7021393333333334,21.91262,1369.0740769474394
608,30,0.17621666666666672,0.48253766666666664,0.6854353333333333,21.38538,1402.8275391879874
609,30,0.1784563333333333,0.4842623333333334,0.6866796666666666,21.43106,1399.8374322128725
610,30,0.1776586666666667,0.48307666666666654,0.6852656666666666,21.37538,1403.4838211063382
611,30,0.18792199999999995,0.5029139999999999,0.708748,22.12549,1355.9021743699234
612,30,0.1769906666666667,0.484394,0.6871786666666665,21.44298,1399.0592725451406
613,30,0.1778633333333333,0.4840746666666667,0.6869646666666668,21.42997,1399.9086326299105
614,30,0.17731966666666665,0.48333966666666667,0.6863713333333333,21.43223,1399.7610141361865
615,30,0.177266,0.48266133333333333,0.6851073333333332,21.40422,1401.592770023855
616,30,0.186843,0.504344,0.7105563333333333,22.15654,1354.0020237816916
617,30,0.17719033333333334,0.4832406666666666,0.6860326666666666,21.40486,1401.5508627479926
618,30,0.17736066666666667,0.48319899999999993,0.6870700000000001,21.45691,1398.1509919182213
619,30,0.1776746666666667,0.4834406666666667,0.6864456666666666,21.4135,1400.9853597029912
620,30,0.18601499999999999,0.5043833333333334,0.7100190000000001,22.15572,1354.0521364234608
621,30,0.17759066666666667,0.48595366666666673,0.6889646666666667,21.50042,1395.3215797644884
622,30,0.1771423333333333,0.4835326666666667,0.6863596666666667,21.42786,1400.0464815431872
623,30,0.17821733333333334,0.48357133333333324,0.686037,21.41875,1400.6419608987453
624,30,0.1780476666666666,0.48404700000000006,0.6871916666666668,21.44026,1399.2367629870162
625,30,0.187459,0.5050403333333334,0.7113529999999998,22.18039,1352.5461004067106
626,30,0.17766999999999997,0.4842310000000001,0.687198,21.46065,1397.9073327229137
627,30,0.1765923333333334,0.482795,0.6860149999999998,21.41565,1400.8447093597438
628,30,0.178044,0.4833363333333333,0.6857626666666666,21.41065,1401.171846721141
629,30,0.18473766666666666,0.49437366666666666,0.6988796666666667,21.81249,1375.358796726096
630,30,0.18223766666666666,0.4907906666666666,0.694472,21.67138,1384.3142430246712
631,30,0.17668166666666663,0.4824076666666666,0.6860759999999999,21.42988,1399.9145118871409
632,30,0.17779000000000003,0.4845170000000001,0.687349,21.44219,1399.1108184378554
633,30,0.17809200000000003,0.48436033333333334,0.687022666666667,21.44481,1398.9398833563923
634,30,0.18678166666666662,0.49865533333333334,0.7041486666666668,21.97549,1365.1572729436296
635,30,0.1778843333333334,0.4837493333333334,0.687075,21.43576,1399.5305041668687
636,30,0.17708733333333335,0.4833246666666667,0.6858606666666667,21.40146,1401.7735238623907
637,30,0.17769866666666664,0.48422733333333334,0.6880553333333332,21.49712,1395.5357740943903
638,30,0.1800993333333333,0.487331,0.6915526666666667,21.57296,1390.6297513183172
639,30,0.18548733333333328,0.49655699999999997,0.7023360000000001,21.91518,1368.914149918002
640,30,0.176989,0.483316,0.6861903333333335,21.41451,1400.9192832336578
641,30,0.17693233333333336,0.482532,0.6850693333333334,21.40417,1401.596044135325
642,30,0.1774976666666667,0.483473,0.686587,21.41725,1400.740057663799
643,30,0.18756,0.5042143333333333,0.7113953333333334,22.21051,1350.7118927030492
644,30,0.17793366666666668,0.4848390000000001,0.6876503333333335,21.45643,1398.1822698370606
645,30,0.17752133333333334,0.48293366666666665,0.685653,21.4081,1401.3387456149776
646,30,0.17746099999999998,0.4832816666666666,0.6866926666666667,21.41833,1400.669426607957
647,30,0.17830733333333332,0.4839423333333333,0.6870733333333335,21.43625,1399.4985130328298
648,30,0.18581066666666668,0.4983636666666666,0.7058743333333334,22.04416,1360.9046568342817
649,30,0.17784599999999998,0.4839656666666667,0.6870116666666666,21.43475,1399.5964496903393
650,30,0.17609533333333335,0.48220633333333324,0.6848823333333333,21.36736,1404.0106030880747
651,30,0.176977,0.4832993333333333,0.6872626666666667,21.43754,1399.4142984689474
652,30,0.18740233333333334,0.5012363333333333,0.7068246666666665,22.03957,1361.1880812556687
653,30,0.1780756666666667,0.48545366666666667,0.688456,21.4796,1396.6740535205497
654,30,0.177219,0.4836540000000001,0.687076,21.45438,1398.3158683681374
655,30,0.17722633333333335,0.4833110000000001,0.6871306666666667,21.43494,1399.5840436222354
656,30,0.17850900000000003,0.4845866666666667,0.6872280000000001,21.43619,1399.50243023597
657,30,0.186985,0.5039773333333334,0.7099533333333332,22.1501,1354.395691215841
658,30,0.17799333333333334,0.484474,0.6880610000000001,21.46585,1397.5686963246271
659,30,0.17695999999999995,0.48278099999999996,0.6855936666666665,21.41,1401.2143858010277
660,30,0.17702166666666666,0.4828263333333333,0.6854456666666666,21.43993,1399.2582998172102
661,30,0.18716266666666667,0.5009636666666667,0.7064656666666665,22.03171,1361.6736966853684
662,30,0.17815133333333336,0.48408499999999993,0.6871983333333334,21.44439,1398.9672823521676
663,30,0.177709,0.483176,0.6862163333333335,21.40527,1401.524017216321
664,30,0.1768933333333333,0.48300599999999994,0.6862469999999999,21.4102,1401.2012965782665
665,30,0.17855466666666667,0.48395033333333337,0.6875093333333333,21.47609,1396.9023225363649
666,30,0.18719866666666668,0.5046213333333334,0.7111296666666668,22.21574,1350.3939099035188
667,30,0.17743,0.4838833333333333,0.6880006666666666,21.46863,1397.387723389895
668,30,0.1780756666666667,0.4855946666666667,0.68819,21.47259,1397.1300155221145
669,30,0.17664433333333335,0.48292833333333324,0.6858313333333332,21.4105,1401.1816632026344
670,30,0.1877936666666667,0.5004116666666666,0.7065433333333334,22.03742,1361.3208805749493
671,30,0.1782983333333333,0.4844493333333334,0.6871706666666666,21.47044,1397.269920877262
672,30,0.17770333333333335,0.48424566666666663,0.6879616666666665,21.46261,1397.7796735811721
673,30,0.1775443333333334,0.4828836666666667,0.6853703333333333,21.39788,1402.0080493955475
674,30,0.17717533333333332,0.4844346666666667,0.6871023333333334,21.44883,1398.6776901117685
675,30,0.1885116666666667,0.5039403333333333,0.7098913333333332,22.13596,1355.2608515736385
676,30,0.17836300000000002,0.4841406666666666,0.6867776666666666,21.44388,1399.0005540042196
677,30,0.17888800000000002,0.484472,0.6871203333333332,21.47837,1396.7540367355623
678,30,0.17758233333333334,0.48508866666666667,0.6879843333333331,21.46732,1397.4729961634707
679,30,0.18619966666666668,0.4977153333333334,0.7041243333333332,21.96128,1366.040595083711
680,30,0.17862499999999998,0.48594833333333337,0.6889559999999999,21.4992,1395.400759098013
681,30,0.17878533333333335,0.4844373333333334,0.6877353333333333,21.45516,1398.265032747367
682,30,0.17754466666666663,0.48404566666666665,0.6874216666666666,21.47275,1397.1196050808583
683,30,0.1769593333333333,0.48268999999999995,0.685634,21.3943,1402.2426534170315
684,30,0.18766066666666664,0.5015113333333333,0.7072419999999998,22.05657,1360.1389517953153
685,30,0.17901399999999998,0.484552,0.6877046666666666,21.47198,1397.1697067527073
686,30,0.17782100000000003,0.4837453333333333,0.6877646666666667,21.47476,1396.9888371278655
687,30,0.17839500000000003,0.4839596666666666,0.6868033333333332,21.43973,1399.2713527642372
688,30,0.18427633333333335,0.4999563333333334,0.705157,22.00301,1363.4498189111398
689,30,0.181529,0.4889086666666667,0.6926243333333333,21.66711,1384.5870538341292
690,30,0.17843366666666668,0.48490033333333327,0.6875819999999998,21.45622,1398.1959543666126
691,30,0.17830000000000004,0.48400566666666667,0.6879373333333334,21.46285,1397.764043451825
692,30,0.17713199999999998,0.4836196666666666,0.6860506666666666,21.40649,1401.4441414729831
693,30,0.18734566666666666,0.4993413333333333,0.7050773333333334,21.99174,1364.148539406159
694,30,0.17878733333333335,0.484294,0.6870036666666668,21.47787,1396.7865528564985
695,30,0.17777933333333334,0.48409466666666673,0.6879933333333333,21.4645,1397.656595774418
696,30,0.17845466666666662,0.4838496666666667,0.6871009999999999,21.43977,1399.2687421553496
697,30,0.18143833333333334,0.496004,0.7012343333333334,21.88041,1371.0894814128255
698,30,0.18213633333333334,0.49190166666666674,0.6959676666666667,21.71968,1381.235819312255
699,30,0.17800933333333335,0.484484,0.6874433333333333,21.47373,1397.0558445132726
700,30,0.17756799999999998,0.4844746666666668,0.6871816666666667,21.4394,1399.2928906592535
701,30,0.17865266666666668,0.4842976666666666,0.6872820000000002,21.44405,1398.9894632776925
702,30,0.18656566666666663,0.5024270000000001,0.7078779999999999,22.07442,1359.039104991207
703,30,0.17801866666666663,0.4844526666666667,0.6886223333333332,21.48562,1396.2827230491835
704,30,0.1781493333333333,0.48423566666666673,0.6864433333333333,21.41536,1400.8636791536542
705,30,0.17818299999999995,0.48587533333333327,0.6895006666666669,21.51558,1394.3384282459501
706,30,0.18205333333333334,0.4882916666666666,0.6922283333333331,21.62613,1387.2107492186535
707,30,0.184699,0.49921666666666664,0.7056283333333333,22.01185,1362.9022549217807
708,30,0.1778496666666667,0.48355399999999993,0.6864293333333334,21.41619,1400.8093876641922
709,30,0.1779376666666667,0.4836853333333334,0.6861583333333332,21.4194,1400.5994565674107
710,30,0.182226,0.4876623333333333,0.6906356666666666,21.53989,1392.764772707753
711,30,0.18754433333333329,0.5014026666666667,0.708454,22.11843,1356.3349659085206
712,30,0.17678166666666667,0.48284466666666676,0.6860793333333334,21.41193,1401.0880850068163
713,30,0.17784133333333332,0.48478800000000005,0.6883130000000002,21.50885,1394.7747090151263
714,30,0.1769586666666667,0.483686,0.6866036666666667,21.41984,1400.570685868802
715,30,0.17759233333333332,0.48419666666666666,0.6873663333333333,21.44151,1399.15519009622
716,30,0.1869153333333333,0.5004966666666667,0.7074716666666667,22.09065,1358.0406189949142
717,30,0.1774176666666666,0.48402733333333336,0.6867486666666667,21.42431,1400.278468711478
718,30,0.17752166666666666,0.4834533333333333,0.6859090000000001,21.39692,1402.0709522678965
719,30,0.1774083333333333,0.4830940000000001,0.6865186666666665,21.4196,1400.5863788306037
720,30,0.18657333333333334,0.5031126666666667,0.7090403333333336,22.11089,1356.7974875728655
721,30,0.17672133333333334,0.4835853333333333,0.6862259999999999,21.41128,1401.1306190008256
722,30,0.17766133333333334,0.4831226666666667,0.6858473333333334,21.41275,1401.0344304211276
723,30,0.17786866666666662,0.4835896666666667,0.6866996666666666,21.45537,1398.2513468656098
724,30,0.17734333333333335,0.48385433333333333,0.6866389999999999,21.41974,1400.5772245601488
725,30,0.18902066666666664,0.5007913333333334,0.7070596666666666,22.0542,1360.2851157602634
726,30,0.177182,0.4827563333333334,0.6866936666666668,21.42656,1400.1314256698229
727,30,0.17781033333333332,0.4833480000000001,0.6863363333333333,21.41127,1401.1312733901352
728,30,0.1774843333333333,0.4837676666666667,0.6864836666666666,21.43073,1399.8589875379887
729,30,0.18698933333333337,0.49850133333333335,0.7052799999999999,22.0,1363.6363636363637
730,30,0.17716200000000001,0.4834636666666666,0.6867893333333333,21.43464,1399.6036322513464
731,30,0.177878,0.48393633333333336,0.6860759999999998,21.40443,1401.5790189227184
732,30,0.17772133333333334,0.4832153333333334,0.6855526666666666,21.40649,1401.4441414729831
733,30,0.17745999999999998,0.48246500000000003,0.6856446666666667,21.44212,1399.1153859786255
734,30,0.18777399999999997,0.5016463333333333,0.7075319999999999,22.06938,1359.3494697177719
735,30,0.17654766666666666,0.48192966666666665,0.6844823333333333,21.37654,1403.4076609217395
736,30,0.17744033333333334,0.48334499999999997,0.6874996666666664,21.44871,1398.6855153526717
737,30,0.17781266666666665,0.48373233333333326,0.6865083333333335,21.42091,1400.5007256927927
738,30,0.19142566666666666,0.5043066666666667,0.7108076666666668,22.1629,1353.6134711612651
739,30,0.17769433333333332,0.48316066666666674,0.6855446666666666,21.41454,1400.9173206615692
740,30,0.17756133333333332,0.48273999999999995,0.6864790000000002,21.44668,1398.8179056152283
741,30,0.17771733333333334,0.4834426666666667,0.6863509999999999,21.41598,1400.823123667467
742,30,0.17754166666666668,0.48345466666666664,0.6871083333333333,21.43637,1399.4906786923345
743,30,0.1856606666666666,0.4986606666666667,0.7054379999999998,22.00216,1363.5024924825564
744,30,0.177311,0.48344833333333337,0.6860136666666669,21.42112,1400.486996011413
745,30,0.17825033333333332,0.48348066666666667,0.6863013333333332,21.43532,1399.5592321458228
746,30,0.17439733333333335,0.48044366666666666,0.6873156666666667,21.44504,1398.924879599199
747,30,0.18638766666666665,0.502368,0.7074286666666667,22.06149,1359.8356230698832
748,30,0.179998,0.4877856666666667,0.690739,21.55661,1391.6844995572123
749,30,0.17699733333333334,0.48275433333333334,0.6852343333333334,21.39817,1401.9890485962117
750,30,0.17771433333333334,0.483392,0.6869203333333332,21.43046,1399.8766242068534
751,30,0.17735666666666666,0.48294533333333334,0.6857116666666665,21.41105,1401.1456701095929
752,30,0.18947000000000003,0.5017083333333333,0.7078839999999998,22.09205,1357.9545583139636
753,30,0.178222,0.48363066666666665,0.6865726666666665,21.42675,1400.1190101158597
754,30,0.1766626666666667,0.4842476666666666,0.6869453333333335,21.4536,1398.3667076854235
755,30,0.17790666666666669,0.483318,0.6858073333333332,21.39553,1402.1620403888103
756,30,0.18505166666666664,0.498248,0.7042573333333333,21.96543,1365.7825045992724
757,30,0.18088599999999996,0.48837,0.6917000000000001,21.60945,1388.281515725759
758,30,0.17735766666666664,0.48475799999999997,0.6877363333333333,21.4586,1398.0408787152935
759,30,0.17693933333333337,0.48234899999999997,0.6846999999999999,21.39437,1402.238065434972
760,30,0.17809633333333336,0.48349833333333336,0.6866616666666666,21.42419,1400.286311874568
761,30,0.18673733333333334,0.4988486666666666,0.703693,21.94758,1366.8932975754046
762,30,0.178609,0.4854306666666667,0.68782,21.50392,1395.0944757979012
763,30,0.17695466666666668,0.48202833333333334,0.6847663333333334,21.36648,1404.06842867894
764,30,0.178462,0.4841550000000001,0.6870283333333335,21.43739,1399.4240903393556
765,30,0.180485,0.4878966666666667,0.6917130000000001,21.57735,1390.3468220147518
766,30,0.18656633333333333,0.49704733333333334,0.7021433333333333,21.90285,1369.6847670508632
767,30,0.1773556666666667,0.4837166666666667,0.6863616666666668,21.41064,1401.1725011489614
768,30,0.17713566666666664,0.4838306666666666,0.6865103333333331,21.44187,1399.1316988676829
769,30,0.17777966666666664,0.483021,0.6857206666666668,21.42446,1400.2686648811687
770,30,0.18984066666666666,0.5047769999999999,0.7109306666666665,22.16844,1353.275196630886
771,30,0.17864566666666665,0.4851183333333333,0.6878533333333333,21.48114,1396.573924847564
772,30,0.17797299999999996,0.4842006666666666,0.6872383333333333,21.44214,1399.1140809639337
773,30,0.17662733333333333,0.4829003333333334,0.6867413333333333,21.42232,1400.4085458531101
774,30,0.18046766666666667,0.48609033333333335,0.6892023333333335,21.54815,1392.2308875703948
775,30,0.1873143333333333,0.5000553333333333,0.7054356666666667,22.01095,1362.9579822770029
776,30,0.1774913333333333,0.48338966666666666,0.6871966666666666,21.44886,1398.6757338152238
777,30,0.1777026666666667,0.4836526666666667,0.686413,21.4176,1400.7171671896012
778,30,0.1771506666666667,0.4839,0.686657,21.42577,1400.1830505974815
779,30,0.18748899999999993,0.4995753333333333,0.7056936666666667,22.05397,1360.2993021211148
780,30,0.178254,0.4836213333333334,0.6868993333333332,21.45018,1398.589662184653
781,30,0.17819800000000002,0.4844633333333332,0.6876903333333332,21.463,1397.7542747984905
782,30,0.17722333333333334,0.4828676666666667,0.6854223333333332,21.39211,1402.3862068772085
783,30,0.17739,0.48372,0.686129,21.42169,1400.4497310903107
784,30,0.1883463333333334,0.4999463333333333,0.7055786666666669,22.01205,1362.8898716839187
785,30,0.17814466666666667,0.4847539999999999,0.6873266666666666,21.46986,1397.307667586095
786,30,0.17837033333333333,0.4836973333333333,0.6861010000000001,21.41988,1400.5680704093581
787,30,0.17621833333333334,0.4819906666666666,0.6858806666666665,21.41736,1400.7328634341488
788,30,0.18658966666666663,0.5040856666666665,0.7104079999999999,22.15404,1354.1548178120108
789,30,0.177759,0.48453333333333337,0.6870333333333333,21.44005,1399.2504681658859
790,30,0.17767299999999997,0.48395200000000005,0.686709,21.44134,1399.166283450568
791,30,0.177937,0.48399966666666666,0.6867653333333334,21.45147,1398.5055569618305
792,30,0.17676899999999998,0.48334300000000013,0.6864106666666667,21.41873,1400.6432687652348
793,30,0.18662666666666666,0.5000946666666666,0.7068340000000001,22.05034,1360.523239097447
794,30,0.177558,0.4838043333333334,0.6863306666666665,21.41773,1400.7086652040157
795,30,0.17716200000000001,0.4841106666666667,0.6866893333333334,21.42298,1400.3654020122317
796,30,0.1769716666666667,0.48324600000000006,0.6857459999999999,21.42205,1400.4261963724293
797,30,0.1886826666666667,0.5013373333333333,0.7066263333333332,22.03689,1361.3536211325645
798,30,0.17837133333333335,0.4841336666666667,0.6865483333333334,21.43727,1399.4319239343442
799,30,0.17792266666666665,0.48381799999999997,0.6869776666666669,21.44454,1398.95749687333
800,30,0.17784566666666668,0.4833286666666667,0.6861053333333332,21.40873,1401.2975080726414
801,30,0.17721100000000004,0.4839269999999999,0.6879563333333334,21.46819,1397.416363466133
802,30,0.1883663333333333,0.500418,0.7061040000000001,22.0409,1361.1059439496573
803,30,0.1806196666666667,0.4870226666666667,0.6908333333333335,21.55677,1391.6741701099006
804,30,0.1809763333333333,0.48649633333333336,0.689735,21.52429,1393.7741965007904
805,30,0.18067933333333333,0.4865860000000001,0.6891696666666665,21.49948,1395.3825859974286
806,30,0.21239099999999997,0.5223293333333332,0.7275906666666666,22.67323,1323.146283083619
807,30,0.17815233333333336,0.4830976666666667,0.6861933333333333,21.41672,1400.7747218061402
808,30,0.18046066666666666,0.4863773333333334,0.6896693333333332,21.54316,1392.5533672868792
809,30,0.17930200000000002,0.48612333333333324,0.6891816666666667,21.51217,1394.5594516964118
810,30,0.18015133333333333,0.486921,0.6902523333333331,21.5342,1393.1327841294312
811,30,0.20840933333333336,0.518379,0.7241340000000002,22.58953,1328.048879281685
812,30,0.180072,0.4858946666666666,0.6887323333333335,21.49124,1395.9175924702342
813,30,0.18083533333333335,0.4863326666666667,0.6892266666666667,21.53641,1392.9898251379873
814,30,0.17970299999999997,0.4861683333333333,0.6888043333333335,21.49119,1395.9208401209985
815,30,0.20872233333333332,0.51827,0.725164,22.5982,1327.5393615420699
816,30,0.177885,0.48472533333333334,0.6873846666666666,21.4512,1398.523159543522
817,30,0.17824433333333334,0.48324533333333336,0.6864286666666664,21.42745,1400.0732705011562
818,30,0.17767833333333333,0.48392999999999997,0.6867893333333334,21.42685,1400.1124757022146
819,30,0.177687,0.48320166666666664,0.686283,21.43409,1399.6395461622117
820,30,0.18793633333333334,0.5058163333333333,0.7114156666666667,22.19046,1351.9323168604888
821,30,0.178245,0.485246,0.6881400000000001,21.47854,1396.742981599308
822,30,0.17733966666666665,0.4840863333333333,0.687841,21.48849,1396.0962357057197
823,30,0.1787683333333333,0.48563200000000006,0.688583,21.49984,1395.3592212779258
824,30,0.18882600000000002,0.4992243333333333,0.7052046666666666,21.99703,1363.8204794010828
825,30,0.1774226666666667,0.4837563333333333,0.6883733333333334,21.50467,1395.045820279967
826,30,0.1778433333333333,0.48424266666666665,0.6868353333333332,21.42915,1399.9622010205724
827,30,0.177494,0.4844186666666666,0.6870193333333334,21.44928,1398.6483462381952
828,30,0.1777453333333333,0.4835386666666668,0.6865766666666667,21.42552,1400.1993883929072
829,30,0.18739366666666674,0.4990699999999999,0.7050903333333337,21.99667,1363.842799841976
830,30,0.17726933333333333,0.483984,0.6864410000000002,21.4465,1398.8296458629613
831,30,0.17782533333333334,0.4833176666666666,0.6862086666666668,21.41443,1400.9245167861109
832,30,0.17756966666666668,0.48296466666666665,0.6863473333333333,21.41796,1400.6936234823486
833,30,0.18355299999999997,0.4965823333333334,0.70245,21.91426,1368.9716193930344
834,30,0.17943299999999998,0.4870339999999999,0.6910466666666667,21.57199,1390.6922819823299
835,30,0.17871766666666666,0.48510499999999995,0.6873323333333334,21.44407,1398.988158497897
836,30,0.17738733333333334,0.48304233333333335,0.685646,21.42981,1399.9190846769056
837,30,0.17727933333333332,0.48307700000000003,0.686140666666667,21.42385,1400.308534647134
838,30,0.18798633333333334,0.5016083333333332,0.7079863333333333,22.0851,1358.381895486097
839,30,0.17684733333333336,0.48352266666666666,0.6871279999999997,21.44622,1398.8479088622612
840,30,0.17801533333333336,0.4845216666666667,0.6871566666666666,21.44031,1399.233499888761
841,30,0.17776366666666668,0.48375533333333337,0.6864106666666666,21.41855,1400.6550396735538
842,30,0.181526,0.488766,0.6926209999999998,21.63706,1386.50999719925
843,30,0.18682766666666664,0.49668033333333333,0.7014653333333336,21.89938,1369.9017963065621
844,30,0.17673766666666665,0.483588,0.6859983333333334,21.40854,1401.3099445361524
845,30,0.1775483333333333,0.4838416666666667,0.686583,21.43779,1399.3979789894386
846,30,0.1794906666666667,0.484624,0.6879250000000001,21.46417,1397.6780839883395
847,30,0.1874596666666667,0.5028159999999999,0.7096483333333333,22.13104,1355.5621425834483
848,30,0.17750266666666664,0.48310566666666666,0.6862283333333333,21.44549,1398.895525352883
849,30,0.17737,0.48392033333333323,0.686797,21.44996,1398.6040067207584
850,30,0.1779093333333333,0.48441666666666666,0.687109,21.44003,1399.2517734350185
851,30,0.17802299999999996,0.4837106666666667,0.6871220000000001,21.45307,1398.401254459152
852,30,0.18776100000000004,0.49839933333333336,0.704468,21.98432,1364.6089576570937
853,30,0.1764373333333333,0.4825183333333334,0.6848970000000001,21.40196,1401.7407751439587
854,30,0.178,0.484055,0.686618,21.42593,1400.1725946084955
855,30,0.17818133333333327,0.48331033333333334,0.6857283333333332,21.41297,1401.0200359875346
856,30,0.19000800000000004,0.507004,0.7137803333333335,22.26098,1347.6495643947392
857,30,0.18194099999999996,0.49173833333333333,0.6969453333333334,21.76082,1378.6245187451575
858,30,0.17566766666666667,0.4822383333333334,0.6854126666666667,21.39293,1402.3324528243677
859,30,0.17768899999999999,0.483991,0.6867409999999999,21.45083,1398.547282319612
860,30,0.17757533333333336,0.48483033333333336,0.6874739999999999,21.45272,1398.4240693021677
861,30,0.19260333333333332,0.5058016666666667,0.7126203333333335,22.22569,1349.7893653695342
862,30,0.17799133333333333,0.4838676666666667,0.6877093333333334,21.46131,1397.864342856983
863,30,0.17720666666666668,0.48424066666666665,0.6872263333333334,21.44616,1398.8518224241543
864,30,0.178338,0.4837003333333333,0.6865076666666666,21.45328,1398.3875659106673
865,30,0.18770033333333333,0.5013396666666666,0.7070723333333332,22.08067,1358.6544248883752
866,30,0.17822733333333332,0.48457933333333336,0.6872373333333334,21.45006,1398.5974864405973
867,30,0.17646900000000001,0.48240466666666665,0.6849243333333334,21.37583,1403.4542752258042
868,30,0.17783866666666667,0.4846163333333333,0.68716,21.43583,1399.5259339153185
869,30,0.17745599999999997,0.48329233333333327,0.6855466666666666,21.3944,1402.236099166137
870,30,0.18741933333333333,0.5057153333333333,0.7116883333333331,22.22997,1349.5294865445162
871,30,0.17697966666666667,0.4829703333333333,0.6850976666666667,21.38124,1403.0991654366164
872,30,0.17665166666666668,0.4827273333333333,0.6861363333333336,21.41326,1401.001061958805
873,30,0.177479,0.483269,0.6858653333333332,21.39939,1401.9091198393971
874,30,0.18704199999999999,0.4988043333333334,0.7048276666666665,21.98695,1364.4457280341292
875,30,0.17766333333333337,0.48376433333333335,0.687789,21.46816,1397.4183162413547
876,30,0.17703600000000003,0.4845133333333333,0.6873326666666666,21.47287,1397.111797351728
877,30,0.17708833333333335,0.48340866666666665,0.686781,21.42809,1400.0314540400007
878,30,0.177965,0.4836376666666667,0.6865309999999999,21.41833,1400.669426607957
879,30,0.1866723333333333,0.4993023333333333,0.7048053333333334,21.98347,1364.6617208293321
880,30,0.17795633333333333,0.484158,0.686868,21.43391,1399.6513002060753
881,30,0.17653733333333327,0.48245333333333323,0.6849349999999998,21.3677,1403.988262658124
882,30,0.1768493333333333,0.48337366666666665,0.6865730000000002,21.44353,1399.0233884066663
883,30,0.18612433333333334,0.49857100000000004,0.7040443333333335,21.95616,1366.3591447684842
884,30,0.178419,0.4848116666666667,0.6876710000000001,21.45829,1398.0610756961528
885,30,0.17735400000000004,0.4833293333333334,0.6858850000000001,21.39817,1401.9890485962117
886,30,0.17618100000000003,0.4829483333333334,0.6853843333333333,21.38295,1402.9869592362138
887,30,0.17773899999999998,0.4838423333333334,0.686309,21.43339,1399.6852574417767
888,30,0.18659533333333328,0.4978593333333333,0.7033013333333334,21.95756,1366.2720265821886
889,30,0.17794633333333332,0.4841213333333333,0.6866696666666667,21.44083,1399.1995645690954
890,30,0.17753599999999997,0.482914,0.6852730000000001,21.40098,1401.8049640717388
891,30,0.17794566666666667,0.4877826666666667,0.6904420000000001,21.5629,1391.278538601023
892,30,0.18562233333333336,0.5007273333333333,0.705897,22.01858,1362.485682546286
893,30,0.17968533333333334,0.4860176666666666,0.6888206666666667,21.53989,1392.764772707753
894,30,0.17843766666666666,0.48451533333333324,0.6871043333333333,21.43937,1399.2948486825874
895,30,0.17709600000000003,0.4831526666666666,0.6855806666666666,21.39417,1402.2511740347954
896,30,0.17637099999999997,0.48184866666666665,0.6852633333333334,21.3767,1403.3971567173605
897,30,0.19044699999999998,0.5068966666666667,0.7122063333333334,22.22051,1350.104025515166
898,30,0.17798266666666665,0.48393333333333327,0.6864086666666667,21.43543,1399.552050040517
899,30,0.17761866666666665,0.48333433333333337,0.6866563333333334,21.44516,1398.9170516797262
900,30,0.17626433333333338,0.4819353333333334,0.6849406666666668,21.37381,1403.586913142767
901,30,0.18192433333333333,0.49152066666666666,0.6963809999999999,21.7255,1380.8658028583923
902,30,0.18439933333333333,0.4938946666666666,0.6985930000000002,21.79635,1376.3772374732466
903,30,0.177514,0.483957,0.686589,21.42995,1399.9099391272496
904,30,0.17723300000000003,0.48314333333333337,0.6861196666666666,21.43181,1399.7884453062995
905,30,0.17597366666666667,0.48193500000000006,0.685595,21.39377,1402.2773919697183
906,30,0.18595466666666666,0.49664400000000003,0.7023896666666667,21.90975,1369.2534145757027
907,30,0.177854,0.4834290000000001,0.6862323333333331,21.41413,1400.9441429560761
908,30,0.17829633333333336,0.4833283333333333,0.6862233333333332,21.41124,1401.133236561731
909,30,0.17715066666666662,0.4831396666666667,0.6860183333333334,21.40387,1401.615689125378
910,30,0.17798066666666665,0.4840663333333333,0.687077,21.48837,1396.1040320880552
911,30,0.187141,0.49861466666666665,0.7045346666666668,21.97566,1365.1467123171726
912,30,0.1780576666666667,0.48398300000000005,0.68691,21.43468,1399.6010204024506
913,30,0.17808666666666664,0.48418199999999995,0.6865756666666665,21.41762,1400.715859185101
914,30,0.17694900000000002,0.4827706666666666,0.6856336666666667,21.39558,1402.1587636324884
915,30,0.19210133333333335,0.5038750000000001,0.710155,22.1454,1354.6831396136445
916,30,0.17767533333333332,0.4835149999999999,0.6865513333333335,21.455,1398.2754602656723
917,30,0.1771203333333333,0.4837586666666667,0.6870440000000001,21.43239,1399.7505644494152
918,30,0.1774323333333333,0.48342933333333327,0.6857906666666664,21.39574,1402.1482781151763
919,30,0.17710666666666666,0.483378,0.6857316666666667,21.39857,1401.9628414422086
920,30,0.18657833333333335,0.5038576666666666,0.7099489999999999,22.15838,1353.8895894013913
921,30,0.17776000000000003,0.4840566666666666,0.6869270000000001,21.45528,1398.2572122107006
922,30,0.17762933333333333,0.48455166666666666,0.6871646666666665,21.4417,1399.1427918495267
923,30,0.17741566666666667,0.4827596666666666,0.6856286666666668,21.38908,1402.5848704105085
924,30,0.18860666666666656,0.5012420000000001,0.7065846666666665,22.04894,1360.6096256781505
925,30,0.1786886666666666,0.4852773333333333,0.6882899999999998,21.49303,1395.8013365263064
926,30,0.1775353333333333,0.48388900000000007,0.6867966666666666,21.42841,1400.010546746119
927,30,0.17795733333333336,0.4857663333333334,0.6886493333333334,21.50768,1394.8505836054842
928,30,0.17780233333333326,0.4835623333333333,0.6857979999999999,21.39559,1402.1581082830621
929,30,0.1862566666666666,0.503506,0.7099530000000002,22.1515,1354.3100918673679
930,30,0.17770299999999997,0.48403299999999994,0.6869056666666666,21.43218,1399.7642796952994
931,30,0.1775703333333333,0.484457,0.6868863333333334,21.44155,1399.1525799207614
932,30,0.17806866666666668,0.4834273333333334,0.6865813333333333,21.42099,1400.4954953062393
933,30,0.18644266666666667,0.5037653333333333,0.7093870000000001,22.14105,1354.9492910227834
934,30,0.17860533333333334,0.48425933333333326,0.6870213333333334,21.45279,1398.419506274009
935,30,0.17805866666666667,0.48402133333333336,0.6870583333333334,21.43349,1399.6787270761786
936,30,0.17765433333333336,0.4837896666666667,0.6871273333333333,21.4379,1399.390798539036
937,30,0.17704666666666666,0.484356,0.686916,21.42873,1399.9896400766634
938,30,0.18674966666666665,0.499685,0.7051949999999999,22.0606,1359.8904834863965
939,30,0.178455,0.484533,0.6873703333333334,21.46222,1397.8050732869199
940,30,0.177473,0.48310099999999995,0.686352,21.41349,1400.9860139566226
941,30,0.17769000000000004,0.48471066666666673,0.6875713333333333,21.45232,1398.450144320055
942,30,0.1875133333333334,0.4984563333333334,0.7042126666666667,21.96367,1365.8919479303777
943,30,0.17698933333333333,0.48247900000000005,0.6852986666666666,21.4175,1400.7237072487453
944,30,0.177578,0.4831810000000001,0.6863636666666667,21.41259,1401.0448992858876
945,30,0.1775413333333334,0.48364233333333334,0.6860776666666667,21.43072,1399.8596407400219
946,30,0.17774933333333331,0.48378233333333326,0.686321,21.41159,1401.1103332354112
947,30,0.18739500000000006,0.5051293333333333,0.710768,22.16735,1353.3417390892462
948,30,0.17695333333333335,0.4837426666666666,0.686686,21.43046,1399.8766242068534
949,30,0.17756633333333335,0.48350000000000004,0.6860686666666669,21.40649,1401.4441414729831
950,30,0.1773596666666667,0.48320433333333335,0.6864486666666666,21.44295,1399.0612299147274
951,30,0.18609566666666666,0.4989256666666666,0.7054443333333336,21.99867,1363.7188066369465
952,30,0.17979933333333334,0.4861423333333333,0.6895013333333334,21.51834,1394.1595866595658
953,30,0.17777133333333336,0.4840366666666666,0.6863880000000001,21.41579,1400.8355517120779
954,30,0.17772133333333334,0.48413233333333333,0.6864893333333335,21.42063,1400.5190323533902
955,30,0.17760666666666666,0.484379,0.6866573333333333,21.43881,1399.3313994573393
956,30,0.18669633333333333,0.49853766666666666,0.7046556666666667,21.99847,1363.7312049428892
957,30,0.1769216666666667,0.48310899999999996,0.6862276666666666,21.41458,1400.914703907338
958,30,0.17798366666666668,0.48389933333333335,0.6864323333333332,21.41673,1400.7740677498387
959,30,0.17760666666666663,0.48323666666666665,0.6856286666666667,21.41419,1400.9402176780911
960,30,0.18355133333333334,0.49247266666666667,0.6974493333333331,21.76222,1378.5358295247452
961,30,0.18239033333333335,0.4910286666666667,0.6957866666666666,21.7092,1381.902603504505
962,30,0.177904,0.4840306666666667,0.6870093333333334,21.44827,1398.7142086517936
963,30,0.17777133333333334,0.483506,0.6862929999999998,21.41325,1401.0017162271022
964,30,0.17726566666666663,0.4827186666666667,0.6850179999999999,21.40924,1401.2641270778413
965,30,0.187606,0.5039343333333334,0.7099263333333334,22.1378,1355.148208042353
966,30,0.17728633333333335,0.48319000000000006,0.6865533333333332,21.42401,1400.2980767839447
967,30,0.17765733333333333,0.4829233333333333,0.68616,21.44472,1398.9457544794243
968,30,0.1778313333333333,0.4839529999999999,0.6870550000000001,21.43259,1399.737502560353
969,30,0.17955833333333332,0.4868326666666667,0.6906576666666665,21.54782,1392.2522092722143
970,30,0.18460766666666667,0.4963193333333333,0.7020686666666668,21.92036,1368.5906618321962
971,30,0.17595833333333333,0.48192033333333334,0.6850053333333334,21.37193,1403.7103808593795
972,30,0.17774300000000004,0.48322833333333326,0.687001,21.45662,1398.1698888268515
973,30,0.17857466666666663,0.48362633333333344,0.6863353333333333,21.42785,1400.0471349202091
974,30,0.18835033333333331,0.502271,0.7086293333333331,22.10198,1357.3444551121663
975,30,0.1770206666666667,0.48314533333333326,0.686652,21.42605,1400.1647527192367
976,30,0.17708633333333335,0.4844036666666666,0.687155,21.43903,1399.317039996679
977,30,0.1779893333333333,0.4842466666666666,0.6870316666666667,21.43656,1399.4782744992667
978,30,0.17737799999999998,0.48491533333333336,0.690288,21.52968,1393.4252622426345
979,30,0.18718633333333337,0.5034516666666666,0.7092406666666665,22.15895,1353.8547629738773
980,30,0.17754199999999998,0.48276866666666673,0.6858750000000001,21.40541,1401.5148506849437
981,30,0.17711433333333335,0.48261066666666674,0.6856556666666669,21.39481,1402.2092273780418
982,30,0.17792833333333335,0.48813933333333337,0.691372,21.56343,1391.2443428526908
983,30,0.18863066666666664,0.501923,0.7072276666666666,22.05927,1359.972474157123
984,30,0.17843266666666666,0.48480033333333333,0.6877496666666668,21.48673,1396.2105913743042
985,30,0.17694000000000001,0.4821366666666666,0.6851906666666667,21.37967,1403.2022009694256
986,30,0.17701766666666668,0.48267599999999994,0.685548,21.41527,1400.8695664355387
987,30,0.17707233333333333,0.4828613333333333,0.6853849999999999,21.37818,1403.30000028066
988,30,0.18795566666666666,0.49959933333333334,0.7053570000000001,22.00206,1363.508689640879
989,30,0.17739266666666664,0.48303866666666667,0.6857426666666666,21.42342,1400.3366409284793
990,30,0.176642,0.48207099999999997,0.6846846666666667,21.39764,1402.023774584487
991,30,0.17781533333333335,0.48334733333333335,0.685595,21.3854,1402.8262272391446
992,30,0.18689266666666665,0.49940300000000004,0.7053986666666668,22.00064,1363.5966953688621
993,30,0.17760066666666666,0.48419666666666666,0.686907333333333,21.42936,1399.948481895866
994,30,0.1774716666666666,0.4826253333333333,0.6857289999999999,21.39245,1402.3639181112962
995,30,0.17677566666666664,0.4825883333333333,0.6851786666666666,21.38809,1402.6497924779633
996,30,0.17810099999999998,0.48364766666666675,0.6867256666666667,21.44299,1399.058620089829
997,30,0.18738800000000005,0.503366,0.710519,22.16315,1353.5982024215873
998,30,0.17784466666666668,0.48376633333333335,0.6860773333333333,21.40911,1401.2726358078407
999,30,0.177878,0.482871,0.6852926666666667,21.39668,1402.0866788679364
1000,30,0.1764256666666667,0.48189299999999996,0.6844290000000002,21.38735,1402.698324009286
1001,30,0.18836700000000003,0.5022116666666666,0.707476,22.08577,1358.3406872388873
1002,30,0.178021,0.48428433333333337,0.6868466666666667,21.44872,1398.6848632459187
1003,30,0.17765899999999998,0.483148,0.686751,21.42291,1400.369977748121
1004,30,0.17664666666666665,0.48308599999999996,0.6858376666666667,21.39445,1402.2328220636662
1005,30,0.17751433333333333,0.4833843333333332,0.6858666666666665,21.3993,1401.9150159117355
1006,30,0.18749399999999997,0.5016216666666667,0.7069283333333333,22.05005,1360.54113255979
1007,30,0.17809700000000003,0.4851913333333334,0.6876483333333333,21.48254,1396.482911238615
1008,30,0.17768266666666668,0.4829580000000001,0.6855986666666668,21.40237,1401.7139223366385
1009,30,0.17687433333333333,0.4828026666666666,0.6855496666666667,21.39786,1402.009359814486
1010,30,0.18707500000000002,0.49846133333333337,0.7043253333333334,21.96528,1365.7918314722144
1011,30,0.17798633333333339,0.48534099999999997,0.6888569999999998,21.4951,1395.6669194374533
1012,30,0.177791,0.483894,0.6863439999999998,21.41323,1401.0030247655307
1013,30,0.17807366666666666,0.483782,0.6864960000000001,21.45903,1398.0128645143793
1014,30,0.17705266666666664,0.4834463333333333,0.6855826666666668,21.38936,1402.5665097038902
1015,30,0.188459,0.49983533333333335,0.7067516666666668,22.04495,1360.855887629593
1016,30,0.17783966666666673,0.48282866666666674,0.6860900000000001,21.42456,1400.2621290705622
1017,30,0.17825766666666662,0.48353133333333337,0.6866216666666667,21.41977,1400.575262946334
1018,30,0.176807,0.48262533333333335,0.6854193333333334,21.41417,1400.941526101642
1019,30,0.18342733333333336,0.49258433333333335,0.6978986666666667,21.76745,1378.204612850839
1020,30,0.1824266666666667,0.4916136666666667,0.6965536666666667,21.72975,1380.5957270562249
1021,30,0.17744633333333334,0.48436133333333325,0.6871163333333333,21.43611,1399.5076532076014
1022,30,0.1774926666666667,0.482765,0.685967,21.40617,1401.4650916067658
1023,30,0.1778606666666667,0.48271800000000004,0.6861029999999999,21.40664,1401.4343213133868
1024,30,0.186241,0.5003709999999999,0.7063466666666668,22.04926,1360.5898792068303
1025,30,0.29884833333333327,0.6073153333333335,0.8119276666666668,25.21369,1189.8298107099754
1026,30,0.17986666666666667,0.48655566666666666,0.6896126666666667,21.52875,1393.4854554955582
1027,30,0.18058566666666664,0.4873416666666666,0.6908546666666666,21.57992,1390.1812425625303
1028,30,0.21229433333333333,0.5213329999999999,0.7276103333333334,22.67371,1323.1182722192355
1029,30,0.17787933333333336,0.48564233333333334,0.6887873333333333,21.49873,1395.4312650096076
1030,30,0.17958333333333334,0.48677999999999993,0.689606,21.53656,1392.9801231022968
1031,30,0.18004166666666663,0.486138,0.6896263333333333,21.5174,1394.2204913233013
1032,30,0.18011000000000002,0.4857393333333333,0.6888046666666667,21.49061,1395.9585139742426
1033,30,0.20953099999999997,0.5190656666666668,0.7245543333333335,22.58337,1328.4111273029669
1034,30,0.17752300000000001,0.4833183333333333,0.6877043333333334,21.45757,1398.107987064705
1035,30,0.17783766666666667,0.48385866666666666,0.6865979999999998,21.44411,1398.985548945608
1036,30,0.1773916666666667,0.4835349999999999,0.6856303333333336,21.40817,1401.3341635459733
1037,30,0.1836866666666667,0.5002666666666666,0.7056149999999999,22.03573,1361.425285207252
1038,30,0.1823956666666667,0.48827799999999993,0.6916106666666667,21.58295,1389.9860769727957
1039,30,0.1776386666666667,0.48317799999999994,0.6861400000000001,21.41105,1401.1456701095929
1040,30,0.17700066666666667,0.48375733333333326,0.6866913333333335,21.42179,1400.4431935893313
1041,30,0.17794366666666667,0.4841583333333333,0.6865723333333331,21.44411,1398.985548945608
1042,30,0.18724866666666665,0.5040043333333334,0.7103983333333335,22.15393,1354.161541541388
1043,30,0.17786666666666667,0.48401566666666673,0.686795,21.4255,1400.200695433012
1044,30,0.17685366666666666,0.48406000000000005,0.686608,21.41792,1400.6962394107363
1045,30,0.17665866666666669,0.482723,0.6858473333333334,21.39484,1402.2072611900815
1046,30,0.18355666666666665,0.49434300000000003,0.6992189999999999,21.80923,1375.5643826031455
1047,30,0.18060400000000004,0.488422,0.6931303333333331,21.64998,1385.6825733788207
1048,30,0.17816099999999993,0.4837496666666667,0.686307,21.41285,1401.0278874601
1049,30,0.17698233333333332,0.483599,0.6866763333333333,21.4267,1400.122277345555
1050,30,0.17788066666666671,0.484222,0.6874436666666667,21.44414,1398.9835917877797
1051,30,0.18871800000000002,0.5013850000000001,0.7085433333333333,22.09693,1357.6546606248016
1052,30,0.1784823333333333,0.484547,0.6870470000000001,21.46293,1397.7588334863879
1053,30,0.17748566666666665,0.48336533333333337,0.6862146666666668,21.41112,1401.1410893031286
1054,30,0.17762366666666665,0.48300099999999985,0.6855576666666667,21.40223,1401.7230914722436
1055,30,0.18005666666666667,0.487194,0.6911,21.56331,1391.2520851390627
1056,30,0.1836226666666666,0.4951363333333333,0.7007736666666666,21.86343,1372.1543234524502
1057,30,0.1775993333333333,0.4832436666666667,0.6865326666666667,21.41815,1400.6811979559393
1058,30,0.17701700000000004,0.48282399999999986,0.6865746666666668,21.43324,1399.6950531044304
1059,30,0.17789933333333333,0.48359300000000005,0.686221,21.40843,1401.3171446948702
1060,30,0.18830133333333332,0.5031636666666667,0.7084829999999998,22.10871,1356.9312727879646
1061,30,0.17850933333333333,0.483847,0.6868783333333331,21.45042,1398.5740139353913
1062,30,0.17721033333333333,0.482794,0.6858883333333333,21.40006,1401.8652284152474
1063,30,0.17695533333333335,0.48327800000000004,0.6861963333333332,21.40576,1401.4919348810788
1064,30,0.178042,0.483873,0.687171,21.46192,1397.8246121502643
1065,30,0.18574366666666667,0.49803499999999995,0.7038576666666666,21.95466,1366.4524980118115
1066,30,0.17773066666666665,0.48348766666666676,0.6864906666666667,21.41983,1400.5713397351892
1067,30,0.17740199999999995,0.4830766666666667,0.6859966666666667,21.39808,1401.9949453408904
1068,30,0.17656033333333332,0.4823690000000001,0.6860563333333333,21.40229,1401.7191618280099
1069,30,0.18652,0.49820133333333333,0.704661,22.0032,1363.438045375218
1070,30,0.17853966666666665,0.48379166666666673,0.686249,21.43161,1399.801508146145
1071,30,0.17807566666666663,0.4828946666666667,0.6867979999999999,21.42873,1399.9896400766634
1072,30,0.177537,0.48351266666666665,0.690323,21.53529,1393.0622712765885
1073,30,0.17687799999999998,0.483379,0.6858716666666667,21.39585,1402.1410694129936
1074,30,0.18956600000000004,0.5008640000000001,0.7066659999999999,22.05754,1360.0791384714705
1075,30,0.17828900000000003,0.4858413333333333,0.6886213333333334,21.50615,1394.9498166803448
1076,30,0.17757366666666663,0.483231,0.6860616666666668,21.41077,1401.163993634979
1077,30,0.1770236666666666,0.483617,0.686468,21.41277,1401.033121824033
1078,30,0.19011099999999997,0.5033040000000001,0.7098443333333334,22.13147,1355.5358048968278
1079,30,0.17806200000000003,0.4845466666666667,0.6884359999999999,21.47846,1396.7481839945694
1080,30,0.17787300000000003,0.4845316666666667,0.6876883333333332,21.45389,1398.34780545626
1081,30,0.177864,0.4844899999999999,0.6876803333333333,21.47196,1397.1710081427127
1082,30,0.1767753333333333,0.48338700000000007,0.6865183333333332,21.4156,1400.8479799772128
1083,30,0.18717333333333333,0.49977933333333335,0.7060456666666667,22.02039,1362.3736909291797
1084,30,0.17765633333333336,0.4841466666666666,0.6880996666666666,21.47061,1397.2588575732127
1085,30,0.178129,0.485087,0.688609,21.47996,1396.6506455319284
1086,30,0.178096,0.48397300000000004,0.6872550000000002,21.46458,1397.6513866099406
1087,30,0.1880816666666667,0.5017416666666666,0.708263,22.10286,1357.2904140007222
1088,30,0.17811566666666667,0.4847493333333333,0.6872436666666667,21.44967,1398.6229158770275
1089,30,0.17858933333333335,0.48410833333333325,0.686875,21.42849,1400.005320020216
1090,30,0.17791166666666672,0.4831193333333334,0.6860989999999998,21.40238,1401.7132674029713
1091,30,0.17718533333333328,0.48317333333333334,0.6868133333333335,21.42685,1400.1124757022146
1092,30,0.18587433333333334,0.4980503333333333,0.704459,21.99311,1364.0635635433098
1093,30,0.17831166666666667,0.4843613333333333,0.6869616666666667,21.45591,1398.216155828394
1094,30,0.17694533333333334,0.48248433333333346,0.6860833333333335,21.40691,1401.4166453729192
1095,30,0.17758066666666666,0.48306199999999994,0.685393,21.39541,1402.1699046664683
1096,30,0.18688666666666667,0.49724566666666664,0.7024909999999999,21.9356,1367.6398183774322
1097,30,0.17768933333333337,0.48424666666666666,0.6873133333333333,21.44552,1398.8935684469297
1098,30,0.17692533333333332,0.48334,0.685992,21.42213,1400.4209665425426
1099,30,0.1789903333333333,0.4854426666666667,0.6880000000000001,21.46038,1397.9249202483832
1100,30,0.17848366666666662,0.48354466666666673,0.6861586666666668,21.41879,1400.6393451730933
1101,30,0.19033499999999998,0.502433,0.7090619999999999,22.11606,1356.4803134012116
1102,30,0.1779283333333333,0.4839886666666667,0.6867999999999999,21.42894,1399.9759204141687
1103,30,0.1780016666666667,0.48425700000000005,0.686914,21.42855,1400.0014000014
1104,30,0.17753433333333335,0.48314099999999993,0.6864036666666666,21.44194,1399.1271312204026
1105,30,0.1847123333333333,0.4948666666666666,0.7001963333333332,21.85193,1372.8764461537266
1106,30,0.18211966666666665,0.488926,0.6925829999999997,21.62757,1387.1183863929236
1107,30,0.17820500000000006,0.4838026666666667,0.6868796666666667,21.42775,1400.0536687239678
1108,30,0.17812599999999995,0.48371933333333333,0.6864746666666669,21.4226,1400.390242080793
1109,30,0.17811633333333335,0.4835956666666667,0.6858096666666668,21.42788,1400.0451747909733
1110,30,0.1864006666666667,0.49767099999999986,0.703592,21.96329,1365.9155800428807
1111,30,0.17799366666666666,0.48388233333333336,0.6864476666666666,21.43408,1399.6401991594694
1112,30,0.17847100000000005,0.48409,0.6869853333333334,21.43184,1399.7864859013505
1113,30,0.17707400000000004,0.48340033333333327,0.6863526666666666,21.41221,1401.0697634667322
1114,30,0.17977800000000005,0.48752266666666666,0.6917906666666667,21.58051,1390.1432357251983
1115,30,0.18435999999999997,0.4953833333333334,0.7000190000000001,21.87915,1371.1684411871577
1116,30,0.17776466666666665,0.4842133333333332,0.6867923333333334,21.43007,1399.9021001797942
1117,30,0.17733566666666667,0.48255666666666663,0.6850270000000002,21.38438,1402.8931397590202
1118,30,0.1778456666666667,0.48375466666666667,0.6861756666666667,21.40364,1401.6307506573646
1119,30,0.18703966666666666,0.49954633333333337,0.7042856666666667,21.96714,1365.6761872505933
1120,30,0.17825466666666667,0.483722,0.6870016666666668,21.44724,1398.7813816602975
1121,30,0.17728933333333333,0.4826713333333333,0.6858363333333334,21.41973,1400.5778784326412
1122,30,0.177334,0.48396966666666663,0.6865973333333333,21.4352,1399.5670672538627
1123,30,0.17888500000000002,0.48549833333333337,0.6883576666666664,21.47149,1397.2015915057596
1124,30,0.18573100000000003,0.5026870000000001,0.7074763333333335,22.05996,1359.9299364096762
1125,30,0.17747133333333337,0.482734,0.6854873333333333,21.3872,1402.7081618912248
1126,30,0.17759300000000003,0.4837956666666667,0.686905,21.44531,1398.9072669035795
1127,30,0.17751133333333333,0.48311399999999993,0.6854136666666668,21.38091,1403.1208213308041
1128,30,0.18841999999999998,0.5001433333333333,0.7062793333333333,22.0229,1362.2184181011582
1129,30,0.17736699999999997,0.4838776666666666,0.686785,21.42792,1400.0425612938634
1130,30,0.17714899999999997,0.482744,0.6855233333333335,21.39058,1402.4865150921573
1131,30,0.17722433333333334,0.48267199999999993,0.6856599999999999,21.3894,1402.563886785043
1132,30,0.17768866666666666,0.484477,0.6875726666666666,21.47278,1397.1176531403944
1133,30,0.18755733333333333,0.5003936666666666,0.7058423333333333,22.01468,1362.727053039154
1134,30,0.17707733333333336,0.48261566666666667,0.6860839999999999,21.41067,1401.1705378673344
1135,30,0.178347,0.4831486666666666,0.6853763333333333,21.39742,1402.0381896509018
1136,30,0.1781226666666667,0.482888,0.6855983333333332,21.40297,1401.6746273998422
1137,30,0.18732833333333335,0.4991873333333333,0.7048926666666666,21.9842,1364.6164063281813
1138,30,0.17846266666666669,0.4842593333333334,0.6868096666666669,21.46816,1397.4183162413547
1139,30,0.1782306666666667,0.48305566666666666,0.6861056666666665,21.4087,1401.2994717100992
1140,30,0.17775633333333332,0.4828283333333333,0.6856086666666665,21.40174,1401.7551843915496
1141,30,0.17705,0.4835376666666667,0.6858450000000001,21.39786,1402.009359814486
1142,30,0.18680566666666673,0.5026556666666666,0.7093576666666667,22.12194,1356.1197616483907
1143,30,0.178212,0.48352900000000004,0.6863653333333333,21.42804,1400.0347208610774
1144,30,0.17740133333333333,0.4828316666666666,0.6855176666666668,21.38864,1402.6137239207355
1145,30,0.177661,0.48255099999999995,0.6847996666666667,21.38279,1402.9974573009417
1146,30,0.18662066666666663,0.499201,0.705507,22.00172,1363.5297604005505
1147,30,0.177892,0.4839586666666666,0.6867019999999999,21.42833,1400.0157735110483
1148,30,0.178039,0.4837143333333333,0.6862203333333331,21.42454,1400.2634362278025
1149,30,0.17720299999999997,0.4825796666666667,0.6851036666666667,21.41313,1401.0095674943366
1150,30,0.17745066666666662,0.4824456666666665,0.6859019999999999,21.41765,1400.7138971829309
1151,30,0.185891,0.49641300000000005,0.7026896666666665,21.93719,1367.5406923129171
1152,30,0.178007,0.483675,0.686475,21.42093,1400.4994180924916
1153,30,0.176614,0.48203466666666656,0.6856533333333333,21.39389,1402.2695264863007
1154,30,0.177523,0.483717,0.6866090000000001,21.41973,1400.5778784326412
1155,30,0.18640299999999999,0.4979136666666667,0.7036823333333333,21.9598,1366.1326605888942
1156,30,0.1783046666666666,0.48548866666666673,0.6878753333333332,21.46537,1397.5999481956285
1157,30,0.17712366666666668,0.48276933333333333,0.6851436666666668,21.39196,1402.3960403815265
1158,30,0.17792166666666667,0.4840146666666667,0.6863066666666666,21.41164,1401.1070613927752
1159,30,0.177647,0.48320766666666665,0.6856273333333333,21.38965,1402.5474937645076
1160,30,0.18714533333333336,0.504128,0.7107330000000001,22.18441,1352.3010077797876
1161,30,0.17810166666666669,0.4837483333333333,0.6863103333333335,21.43098,1399.8426576852762
1162,30,0.17799800000000002,0.483991,0.6870846666666667,21.43586,1399.5239752452198
1163,30,0.17773433333333333,0.48353033333333334,0.6865726666666667,21.42241,1400.4026624455419
1164,30,0.18488100000000002,0.49807333333333337,0.7034716666666666,21.96136,1366.0356189234183
1165,30,0.18274400000000005,0.49038033333333336,0.6941003333333333,21.67674,1383.9719441207487
1166,30,0.17909966666666666,0.4847106666666666,0.6873483333333332,21.47503,1396.9712731483962
1167,30,0.17721566666666663,0.48282633333333336,0.6863999999999998,21.4172,1400.7433277926152
1168,30,0.17828799999999997,0.48445299999999997,0.6878943333333332,21.46523,1397.6090635879514
1169,30,0.1879626666666667,0.5033960000000001,0.7094103333333333,22.12213,1356.1081143633096
1170,30,0.17816166666666663,0.48443800000000004,0.6878233333333335,21.46484,1397.634457093554
1171,30,0.17797166666666664,0.4838760000000001,0.686513,21.42107,1400.4902649587532
1172,30,0.17831833333333333,0.48512999999999995,0.6874353333333332,21.48109,1396.5771755530095
1173,30,0.18343433333333337,0.49079966666666663,0.6950306666666666,21.68274,1383.5889744561805
1174,30,0.18195,0.4913743333333333,0.6970316666666665,21.75191,1379.1892298193584
1175,30,0.177824,0.48307833333333333,0.6861656666666666,21.41312,1401.010221770578
1176,30,0.17730500000000002,0.48415166666666665,0.6869603333333335,21.43427,1399.6277923157636
1177,30,0.17733000000000002,0.48350999999999994,0.6858619999999999,21.41556,1400.850596482184
1178,30,0.18670866666666666,0.5028903333333333,0.7090423333333331,22.11684,1356.4324740785755
1179,30,0.17823499999999995,0.4833256666666666,0.6856520000000003,21.42679,1400.1163963430827
1180,30,0.17789500000000003,0.48361499999999996,0.6866676666666668,21.4245,1400.2660505496044
1181,30,0.17781433333333338,0.48329733333333336,0.6862540000000001,21.41135,1401.1260382927746
1182,30,0.17735533333333334,0.48520533333333327,0.688245,21.47514,1396.9641175796758
1183,30,0.18657233333333334,0.4985873333333334,0.7046980000000002,22.00876,1363.0936045465533
1184,30,0.1775743333333333,0.4843016666666667,0.6869246666666666,21.43691,1399.4554252455227
1185,30,0.17840533333333333,0.48405800000000004,0.686481,21.43361,1399.6708907178959
1186,30,0.17659733333333336,0.48291900000000004,0.6867623333333331,21.43046,1399.8766242068534
1187,30,0.18973799999999993,0.5026406666666666,0.7092086666666665,22.11404,1356.6042206670513
1188,30,0.17846966666666664,0.48471333333333333,0.6873493333333333,21.44624,1398.8466043464962
1189,30,0.17811433333333332,0.4834396666666667,0.686456,21.45519,1398.2630776049991
1190,30,0.17752233333333325,0.48305166666666666,0.6860620000000001,21.40174,1401.7551843915496
1191,30,0.17680633333333334,0.4830616666666667,0.6860213333333333,21.4042,1401.5940796666073
1192,30,0.1857593333333333,0.49789999999999995,0.7045006666666667,21.9744,1365.2249890782
1193,30,0.17745433333333333,0.48414966666666676,0.687079,21.43432,1399.6245273934512
1194,30,0.1780146666666667,0.4843119999999999,0.6868316666666667,21.44894,1398.6705170511923
1195,30,0.177398,0.483255,0.6855163333333333,21.39007,1402.5199543526505
1196,30,0.18847733333333333,0.5014916666666667,0.7073943333333335,22.06043,1359.900962945872
1197,30,0.17805033333333334,0.4841603333333333,0.6867216666666667,21.43077,1399.8563747359522
1198,30,0.17856133333333332,0.4846626666666667,0.686984,21.43639,1399.4893729774462
1199,30,0.17800933333333335,0.483131,0.6860016666666666,21.4188,1400.6386912432067
1200,30,0.17720533333333335,0.48355333333333334,0.6860243333333335,21.40657,1401.4389040374053
1201,30,0.187794,0.499578,0.705253,22.02363,1362.1732657150526
1202,30,0.17724900000000002,0.48261733333333334,0.6860943333333333,21.4032,1401.659564924871
1203,30,0.1774376666666667,0.4835056666666666,0.6866723333333333,21.42077,1400.509878963268
1204,30,0.177214,0.48371333333333344,0.6862006666666667,21.40359,1401.6340249462824
1205,30,0.18756866666666666,0.5029779999999999,0.7090473333333333,22.10909,1356.9079505307545
1206,30,0.17791099999999996,0.4840033333333333,0.6863530000000001,21.47119,1397.221113501394
1207,30,0.17689766666666665,0.483977,0.6870689999999999,21.43695,1399.4528139497456
1208,30,0.1780423333333333,0.48396633333333333,0.6864786666666667,21.41846,1400.6609252019052
1209,30,0.17726333333333333,0.4852036666666667,0.6877683333333333,21.45466,1398.2976192584733
1210,30,0.18564466666666668,0.49667733333333336,0.7027113333333334,21.91805,1368.7349011431218
1211,30,0.177904,0.484148,0.6869886666666666,21.45548,1398.2441781773234
1212,30,0.17708133333333334,0.482718,0.6866523333333333,21.42282,1400.3758608810606
1213,30,0.1780763333333333,0.4837743333333334,0.6861536666666667,21.40719,1401.3983152389455
1214,30,0.186594,0.498526,0.7032786666666667,21.93498,1367.6784752026215
1215,30,0.18019066666666664,0.4865123333333333,0.6902826666666666,21.54299,1392.5643562012515
1216,30,0.177537,0.48346933333333336,0.6861613333333334,21.40773,1401.3629656203623
1217,30,0.17791299999999996,0.4850523333333333,0.6874540000000001,21.44339,1399.0325223763593
1218,30,0.17776233333333333,0.48314099999999993,0.6860110000000001,21.4166,1400.7825705294024
1219,30,0.18671600000000002,0.5030446666666667,0.7084893333333334,22.10698,1357.0374605667532
1220,30,0.17743066666666665,0.4834206666666666,0.6858949999999999,21.3999,1401.875709699578
1221,30,0.178271,0.48345533333333335,0.6867590000000001,21.42303,1400.3621336477613
1222,30,0.17787633333333333,0.4841489999999999,0.6865576666666667,21.42034,1400.537993327837
1223,30,0.18286933333333338,0.49280300000000005,0.6976906666666667,21.78757,1376.9318928177856
1224,30,0.18133266666666664,0.4906943333333333,0.6949196666666668,21.68551,1383.412241630471
1225,30,0.17823400000000003,0.4842523333333334,0.6864896666666666,21.41615,1400.8120040249999
1226,30,0.17775266666666664,0.4835196666666667,0.6865653333333334,21.41625,1400.805463141306
1227,30,0.17801799999999998,0.48365466666666673,0.6858116666666666,21.41265,1401.0409734432685
1228,30,0.1872156666666667,0.5018616666666667,0.7084709999999999,22.13153,1355.5321299521543
1229,30,0.177607,0.483439,0.6866643333333333,21.4252,1400.220301327409
1230,30,0.1772516666666667,0.483,0.6856089999999999,21.39346,1402.2977115436213
1231,30,0.17751799999999998,0.48434400000000005,0.6872729999999999,21.44403,1398.9907680599217
1232,30,0.17980600000000005,0.4875316666666666,0.6906683333333331,21.56931,1390.8650763515384
1233,30,0.18529533333333337,0.4964556666666667,0.7026293333333331,21.91655,1368.8285793156313
1234,30,0.17684433333333335,0.483215,0.6856703333333332,21.39145,1402.4294753277595
1235,30,0.178357,0.48408966666666653,0.6877300000000001,21.47683,1396.85419123772
1236,30,0.17725966666666665,0.4835413333333333,0.6866133333333333,21.41488,1400.895078562196
1237,30,0.18921566666666667,0.5026103333333333,0.7097553333333333,22.13066,1355.5854186002587
1238,30,0.17702600000000002,0.48446,0.6871296666666667,21.43629,1399.4959015762522
1239,30,0.17808166666666664,0.48364199999999996,0.686354,21.4243,1400.279122305046
1240,30,0.17720433333333332,0.48328466666666664,0.687087,21.45191,1398.4768722225665
1241,30,0.177978,0.48432066666666673,0.6873003333333334,21.44019,1399.2413313501418
1242,30,0.18525466666666665,0.49764933333333333,0.7044060000000001,21.97245,1365.346149382522
1243,30,0.17697400000000002,0.4830193333333334,0.68631,21.40841,1401.3184538225867
1244,30,0.177118,0.48334299999999997,0.6859363333333334,21.39713,1402.0571917822624
1245,30,0.176749,0.48397166666666663,0.68653,21.44186,1399.1323513911573
1246,30,0.18769266666666662,0.5007013333333333,0.7058989999999999,22.03319,1361.582231170339
1247,30,0.17729366666666665,0.483327,0.6864156666666666,21.41926,1400.6086111284892
1248,30,0.17670533333333333,0.4828656666666667,0.6854086666666664,21.3886,1402.6163470259858
1249,30,0.177292,0.4831106666666667,0.6857400000000001,21.39559,1402.1581082830621
1250,30,0.17679666666666663,0.481971,0.6853239999999998,21.39716,1402.0552260206496
1251,30,0.18785066666666667,0.5001796666666667,0.7058583333333334,22.01829,1362.5036276659087
1252,30,0.17667033333333335,0.48254299999999994,0.6852813333333334,21.40667,1401.4323572979824
1253,30,0.1774046666666667,0.4829006666666667,0.685883,21.39832,1401.9792207986422
1254,30,0.17637933333333333,0.4863443333333334,0.6889680000000001,21.52706,1393.5948522464284
1255,30,0.18749566666666664,0.49989866666666666,0.7059223333333333,22.01819,1362.5098157477976
1256,30,0.17830833333333332,0.48363433333333333,0.6866493333333333,21.44539,1398.9020484122693
1257,30,0.17728499999999997,0.4835953333333334,0.6879813333333334,21.49144,1395.9046020182918
1258,30,0.17746166666666674,0.48296633333333333,0.6863106666666666,21.41436,1400.9290961765844
1259,30,0.1769686666666667,0.4831473333333334,0.6862446666666668,21.42658,1400.1301187590366
1260,30,0.18871066666666667,0.5012216666666666,0.7067686666666666,22.04222,1361.024434017989
1261,30,0.17752800000000002,0.4832120000000001,0.6854666666666667,21.42273,1400.3817440634316
1262,30,0.17739699999999997,0.48293200000000003,0.6866073333333332,21.41953,1400.5909560107061
1263,30,0.1783046666666667,0.4845483333333334,0.6871790000000002,21.45364,1398.364100451019
1264,30,0.18676666666666666,0.501066,0.7075896666666668,22.06725,1359.4806783808585
1265,30,0.1778096666666667,0.48432866666666663,0.686803,21.43436,1399.6219154665687
1266,30,0.17821800000000007,0.48435799999999996,0.6868746666666666,21.43146,1399.8113054360272
1267,30,0.17721533333333334,0.4828636666666667,0.6854286666666666,21.38457,1402.8806751784114
1268,30,0.17766499999999993,0.4828173333333333,0.6857316666666669,21.39645,1402.1017505240354
1269,30,0.18687466666666666,0.5018916666666666,0.7079906666666667,22.10583,1357.1080570148238
1270,30,0.17794633333333337,0.48435900000000004,0.6874646666666666,21.45459,1398.3021814912333
1271,30,0.17695466666666665,0.4836513333333334,0.6870166666666666,21.43181,1399.7884453062995
1272,30,0.17840699999999995,0.48473066666666664,0.6873169999999998,21.44564,1398.8857408778663
1273,30,0.18651633333333334,0.49729433333333334,0.7028946666666667,21.92407,1368.359068366412
1274,30,0.18079366666666666,0.48742766666666665,0.6906156666666666,21.59825,1389.0014237264593
1275,30,0.17774700000000002,0.4837833333333333,0.6865356666666665,21.42166,1400.4516923525068
1276,30,0.1773046666666667,0.48485733333333336,0.6875533333333333,21.45143,1398.5081647237503
1277,30,0.17744233333333334,0.48344133333333333,0.686046,21.41567,1400.8434011170325
1278,30,0.18705533333333332,0.500109,0.7060529999999999,22.02488,1362.0959569359743
1279,30,0.17790133333333327,0.4842943333333333,0.6868996666666668,21.43352,1399.6767679783813
1280,30,0.17826166666666668,0.4840543333333334,0.6866986666666668,21.47725,1396.826874949074
1281,30,0.1772436666666667,0.48294299999999984,0.6861633333333333,21.41128,1401.1306190008256
1282,30,0.18487933333333337,0.49691166666666664,0.7023733333333335,21.91063,1369.198421040381
1283,30,0.18062799999999998,0.48944233333333337,0.6932626666666667,21.63256,1386.79841867999
1284,30,0.178151,0.484558,0.6880713333333333,21.46724,1397.4782039982783
1285,30,0.1771106666666667,0.48294499999999996,0.6867626666666666,21.42529,1400.2144195014396
1286,30,0.17832366666666666,0.48425466666666667,0.687562,21.48999,1395.9987882730518
1287,30,0.18843433333333334,0.5043613333333333,0.7107733333333334,22.16798,1353.3032779711998
1288,30,0.1786063333333333,0.48439400000000005,0.6879130000000001,21.487,1396.1930469586262
1289,30,0.1778256666666667,0.4832823333333333,0.6862853333333333,21.41577,1400.836859940128
1290,30,0.17670966666666665,0.48325733333333337,0.6870100000000001,21.43584,1399.5252810246764
1291,30,0.18097933333333333,0.4894483333333334,0.6930160000000002,21.64794,1385.8131535841285
1292,30,0.186328,0.49787900000000007,0.7035593333333332,21.95236,1366.5956644297014
1293,30,0.17881666666666665,0.48429933333333336,0.6868903333333335,21.44994,1398.605310784086
1294,30,0.17754466666666666,0.48313033333333333,0.6868029999999999,21.42715,1400.0928728272308
1295,30,0.1773043333333333,0.48361899999999997,0.6865373333333336,21.42124,1400.4791506000586
1296,30,0.1884826666666667,0.5059653333333334,0.7116970000000001,22.19365,1351.7379971298096
1297,30,0.17817866666666668,0.4851436666666667,0.6886226666666667,21.5158,1394.3241710742802
1298,30,0.1780163333333333,0.48390933333333325,0.6871303333333333,21.44237,1399.099073469957
1299,30,0.1776326666666667,0.4839626666666666,0.6874213333333332,21.44774,1398.748772597952
1300,30,0.17785533333333334,0.48499666666666663,0.6891666666666666,21.5263,1393.6440540176434
1301,30,0.18512999999999996,0.4988703333333333,0.7042726666666667,21.97398,1365.2510833267345
1302,30,0.17887766666666666,0.48439100000000007,0.6876456666666667,21.45692,1398.1503403097927
1303,30,0.17793800000000007,0.48525133333333337,0.6881593333333331,21.48075,1396.5992807513703
1304,30,0.177345,0.4834556666666667,0.6861773333333333,21.41214,1401.0743438068312
1305,30,0.18861099999999997,0.5005890000000001,0.7067763333333335,22.04789,1360.6744228132488
1306,30,0.17831933333333336,0.48408733333333337,0.6878113333333336,21.47899,1396.7137188480465
1307,30,0.17768666666666666,0.4840466666666666,0.6877629999999999,21.45996,1397.9522795009868
1308,30,0.17774,0.4839273333333333,0.686649,21.44852,1398.69790549651
1309,30,0.17895966666666666,0.484271,0.6870473333333332,21.45133,1398.514684171098
1310,30,0.18962066666666663,0.5001636666666667,0.7064706666666667,22.0441,1360.9083609673337
1311,30,0.177567,0.4838073333333333,0.6873046666666667,21.4498,1398.6144392954711
1312,30,0.17769766666666661,0.4836133333333333,0.6866603333333333,21.42847,1400.006626698033
1313,30,0.17635999999999996,0.482619,0.6862433333333333,21.41388,1400.960498517784
1314,30,0.18600433333333333,0.4973576666666667,0.7036463333333333,21.97681,1365.0752770761544
1315,30,0.17861133333333334,0.48485833333333334,0.6887973333333332,21.49387,1395.746787339832
1316,30,0.17761233333333332,0.48439199999999993,0.687228,21.44431,1398.9725013301895
1317,30,0.17813733333333334,0.4838913333333333,0.6868866666666665,21.46891,1397.3694984980607
1318,30,0.1771156666666667,0.4835673333333333,0.6870876666666667,21.43585,1399.5246281346435
1319,30,0.18763599999999997,0.5000966666666666,0.7065549999999999,22.04073,1361.1164421505096
1320,30,0.17721900000000002,0.4834613333333333,0.6876366666666666,21.48126,1396.566123216236
1321,30,0.17865766666666666,0.484228,0.687139,21.46131,1397.864342856983
1322,30,0.17756033333333338,0.48314,0.6862986666666667,21.42097,1400.496802899215
1323,30,0.18541233333333326,0.5014186666666666,0.7083483333333334,22.09794,1357.592608179767
1324,30,0.17822866666666665,0.485285,0.6883626666666667,21.48254,1396.482911238615
1325,30,0.17749833333333334,0.4835413333333333,0.6858416666666668,21.45934,1397.9926689264441
1326,30,0.17737766666666668,0.4836513333333332,0.6861706666666667,21.41258,1401.0455535951296
1327,30,0.17817166666666667,0.48432500000000006,0.6869453333333334,21.43723,1399.4345351521627
1328,30,0.18632933333333337,0.49964233333333335,0.7057,22.01956,1362.4250439155005
1329,30,0.17820033333333332,0.48426600000000003,0.6868853333333333,21.43639,1399.4893729774462
1330,30,0.17812233333333333,0.48397933333333326,0.6865410000000001,21.42025,1400.543877872574
1331,30,0.1781233333333333,0.48468966666666674,0.6880779999999999,21.50874,1394.781842172066
1332,30,0.18810966666666665,0.5009633333333333,0.7076363333333332,22.07216,1359.1782589470174
1333,30,0.17815766666666663,0.4847543333333333,0.6877126666666667,21.46678,1397.5081498016934
1334,30,0.17759699999999998,0.4834066666666666,0.6866933333333335,21.4313,1399.8217560297321
1335,30,0.178083,0.4852516666666667,0.6878426666666664,21.46401,1397.6885027541452
1336,30,0.177935,0.4838686666666667,0.687213,21.44375,1399.009035266686
1337,30,0.18668166666666666,0.499586,0.7066223333333336,22.07038,1359.2878781425602
1338,30,0.17752666666666667,0.48376433333333335,0.6871993333333334,21.45134,1398.514032223628
1339,30,0.177144,0.4840503333333334,0.6872413333333333,21.44293,1399.0625348308279
1340,30,0.17810866666666667,0.48349433333333336,0.6864436666666667,21.43507,1399.5755553865697
1341,30,0.18363533333333332,0.4955046666666666,0.7012106666666666,21.87745,1371.274988629845
1342,30,0.18190166666666668,0.48959933333333333,0.6936146666666667,21.6807,1383.7191603592134
1343,30,0.17819400000000002,0.4839953333333334,0.6870706666666667,21.43605,1399.5115704619086
1344,30,0.1771613333333334,0.48320466666666667,0.6874380000000001,21.45061,1398.561625986394
1345,30,0.18085233333333334,0.48700800000000005,0.6928883333333332,21.6181,1387.7260258764645
1346,30,0.18793499999999996,0.4990246666666667,0.7053226666666668,22.02085,1362.345231905217
1347,30,0.17834700000000003,0.4840963333333333,0.6888536666666666,21.50253,1395.18465966563
1348,30,0.17794733333333335,0.4844746666666666,0.6875620000000001,21.50088,1395.2917275944055
1349,30,0.17745633333333335,0.48381066666666667,0.6876370000000002,21.45754,1398.1099417733813
1350,30,0.18491566666666667,0.49602866666666673,0.7014966666666668,21.88573,1370.7561959322354
1351,30,0.17980933333333332,0.48729066666666654,0.691223,21.57451,1390.5298428562223
1352,30,0.177932,0.48475933333333343,0.687591,21.45731,1398.1249280548213
1353,30,0.17711633333333332,0.482867,0.6857646666666665,21.43208,1399.7708108592353
1354,30,0.17778333333333335,0.483881,0.6874136666666666,21.47088,1397.2412868033355
1355,30,0.18785833333333332,0.4999113333333333,0.7061766666666666,22.02272,1362.229552026271
1356,30,0.17739200000000002,0.4849073333333333,0.6884736666666667,21.48821,1396.1144273999555
1357,30,0.17793599999999998,0.4839936666666667,0.6875826666666668,21.45498,1398.276763716396
1358,30,0.177558,0.4838036666666667,0.6870953333333333,21.43854,1399.3490228345775
1359,30,0.18666499999999997,0.49460600000000005,0.6985873333333333,21.79451,1376.4934380263653
1360,30,0.18315233333333333,0.4923806666666667,0.6974169999999998,21.80101,1376.0830346850903
1361,30,0.17751966666666666,0.4836496666666667,0.6865593333333334,21.42561,1400.1935067426318
1362,30,0.1781613333333333,0.48415966666666665,0.6867946666666666,21.44408,1398.9875061089122
1363,30,0.17835833333333329,0.48360366666666665,0.6869280000000001,21.43251,1399.7427272867249
1364,30,0.18617000000000003,0.498728,0.7051456666666667,22.00026,1363.6202481243404
1365,30,0.1782576666666667,0.48462866666666665,0.6873256666666666,21.47221,1397.1547409418965
1366,30,0.17705100000000004,0.48368400000000006,0.686655,21.42927,1399.9543614878155
1367,30,0.17754366666666668,0.48401233333333327,0.686307,21.41677,1400.7714515307396
1368,30,0.17795099999999994,0.48516099999999995,0.6881213333333334,21.46986,1397.307667586095
1369,30,0.187686,0.504922,0.710888,22.20474,1351.0628811686154
1370,30,0.17811066666666667,0.4830226666666666,0.6861176666666665,21.41174,1401.1005177533448
1371,30,0.17748533333333336,0.48334000000000005,0.685999,21.42799,1400.0379876973996
1372,30,0.17699600000000001,0.4826833333333333,0.6859063333333334,21.40397,1401.6091407341721
1373,30,0.187228,0.5017673333333333,0.7073386666666667,22.06475,1359.6347114741839
1374,30,0.1774843333333333,0.48299066666666673,0.6862236666666666,21.41829,1400.6720424459656
1375,30,0.17722999999999994,0.48315800000000003,0.6873739999999999,21.44798,1398.733120788065
1376,30,0.178004,0.483977,0.6865719999999998,21.42469,1400.2536326079864
1377,30,0.17856533333333335,0.48381333333333326,0.687069,21.46378,1397.7034800021247
1378,30,0.18655799999999997,0.49858066666666667,0.7058316666666667,22.0219,1362.2802755438904
1379,30,0.178327,0.48439899999999997,0.6882946666666666,21.4798,1396.6610489855584
1380,30,0.17715166666666665,0.4834233333333333,0.6857186666666666,21.40395,1401.610450407518
1381,30,0.17776666666666668,0.48418666666666665,0.6874856666666668,21.45465,1398.2982710041879
1382,30,0.18982300000000002,0.5051463333333334,0.7121099999999999,22.23712,1349.095566332331
1383,30,0.17760599999999999,0.4843176666666667,0.6880599999999998,21.47723,1396.8281757004977
1384,30,0.17727933333333337,0.48407500000000003,0.6867043333333332,21.4294,1399.9458687597412
1385,30,0.17646466666666666,0.48347733333333337,0.6871023333333335,21.44896,1398.6692128662648
1386,30,0.17816566666666664,0.48443300000000006,0.6870169999999998,21.44023,1399.2387208532743
1387,30,0.1890866666666667,0.501295,0.7067879999999999,22.06639,1359.5336618268777
1388,30,0.17799033333333333,0.4848446666666666,0.687618,21.47708,1396.8379314133952
1389,30,0.17726533333333333,0.48372799999999994,0.6873649999999999,21.45292,1398.41103215786
1390,30,0.17764299999999997,0.4842430000000001,0.6867206666666668,21.43599,1399.515487738145
1391,30,0.18819233333333335,0.5021869999999999,0.7088636666666667,22.11416,1356.5968592069514
1392,30,0.17814,0.4849523333333334,0.6880670000000001,21.49317,1395.7922446991302
1393,30,0.17741400000000002,0.485346,0.688363,21.4764,1396.882159021065
1394,30,0.17753499999999997,0.4836436666666667,0.687278,21.48092,1396.5882280647197
1395,30,0.1785256666666667,0.48487166666666665,0.6875750000000002,21.4745,1397.0057510070083
1396,30,0.18738133333333332,0.5016356666666666,0.7072573333333332,22.06956,1359.3383828223127
1397,30,0.17789766666666665,0.483793,0.6870113333333335,21.4425,1399.0905911157747
1398,30,0.17739299999999997,0.4836053333333334,0.6864460000000001,21.42607,1400.1634457462335
1399,30,0.177597,0.48522733333333334,0.6880543333333332,21.48117,1396.5719744315602
1400,30,0.18599833333333335,0.49776400000000004,0.704259,21.97388,1365.2572963900775
1401,30,0.17869100000000004,0.4847896666666667,0.6877050000000001,21.47767,1396.7995597287788
1402,30,0.17775133333333334,0.4831723333333333,0.6864216666666667,21.42411,1400.2915406987736
1403,30,0.17708033333333334,0.48277533333333333,0.6866600000000002,21.43128,1399.823062364917
1404,30,0.17771099999999998,0.48355099999999995,0.6863016666666666,21.42459,1400.2601683392775
1405,30,0.187628,0.5039126666666667,0.7105003333333334,22.1853,1352.2467579883976
1406,30,0.17719366666666667,0.482577,0.6863903333333335,21.42524,1400.217687176433
1407,30,0.17772266666666664,0.4830456666666666,0.6861793333333333,21.41602,1400.820507265122
1408,30,0.17717066666666664,0.48322633333333337,0.6863813333333334,21.42302,1400.3627873194348
1409,30,0.1869196666666667,0.498484,0.7042310000000003,21.98751,1364.4109769591919
1410,30,0.18115033333333336,0.4892423333333333,0.6922659999999999,21.60673,1388.4562819084608
1411,30,0.1780223333333333,0.4843503333333334,0.6872263333333333,21.46745,1397.4645335146931
1412,30,0.17781700000000006,0.48474699999999993,0.6874030000000001,21.44996,1398.6040067207584
1413,30,0.1778426666666667,0.48330233333333344,0.6858566666666667,21.41991,1400.5661088211855
1414,30,0.18703833333333336,0.49933166666666656,0.7054593333333333,22.01264,1362.8533424432508
1415,30,0.17850033333333337,0.4851636666666666,0.6878546666666667,21.46685,1397.5035927488198
1416,30,0.17735699999999996,0.4837526666666667,0.6869190000000001,21.45973,1397.967262402649
1417,30,0.17808700000000005,0.48418333333333335,0.686977,21.44408,1398.9875061089122
1418,30,0.18269666666666665,0.4963413333333333,0.700707,21.87721,1371.2900319556286
1419,30,0.18411999999999998,0.493029,0.6983896666666667,21.81135,1375.4306817322174
1420,30,0.17748766666666663,0.48502233333333333,0.6878810000000001,21.47227,1397.1508368700654
1421,30,0.17831266666666665,0.48422933333333334,0.6873626666666666,21.45044,1398.5727099304256
1422,30,0.17735633333333334,0.48376066666666667,0.687368,21.47228,1397.150186193548
1423,30,0.18766666666666668,0.4979246666666667,0.7042346666666666,21.97511,1365.180879640648
1424,30,0.17776233333333336,0.4849300000000001,0.6885336666666667,21.49174,1395.8851167937078
1425,30,0.17828333333333335,0.484215,0.6871013333333333,21.44238,1399.098420977522
1426,30,0.17909033333333332,0.48503999999999997,0.6886413333333333,21.49111,1395.926036393653
1427,30,0.18504666666666666,0.4932166666666666,0.6974146666666666,21.7589,1378.7461682346075
1428,30,0.183262,0.4932653333333334,0.6976913333333332,21.81268,1375.346816622258
1429,30,0.17730233333333337,0.48457799999999995,0.6872030000000001,21.44376,1399.00838285823
1430,30,0.17853566666666668,0.48455233333333336,0.6873143333333335,21.44803,1398.729860038428
1431,30,0.17778833333333333,0.48416299999999995,0.688069,21.47193,1397.172960232266
1432,30,0.18680166666666664,0.5047253333333332,0.7105996666666667,22.16465,1353.5065972167392
1433,30,0.17779800000000007,0.4833216666666667,0.6863993333333333,21.44519,1398.9150947135465
1434,30,0.17800500000000002,0.48358100000000004,0.686362,21.43599,1399.515487738145
1435,30,0.178224,0.4881803333333334,0.6904943333333333,21.56133,1391.3798453063887
1436,30,0.17789700000000003,0.48409166666666664,0.6879326666666666,21.47191,1397.174261628332
1437,30,0.18757700000000002,0.5021463333333334,0.707955,22.09859,1357.5526764377273
1438,30,0.17864666666666665,0.48547799999999997,0.6885433333333334,21.49015,1395.9883946831455
1439,30,0.17800033333333337,0.48446933333333336,0.6870763333333334,21.46129,1397.8656455413443
1440,30,0.17798833333333336,0.48349333333333333,0.6868883333333334,21.44177,1399.1382241298177
1441,30,0.18843999999999997,0.5023519999999999,0.7090499999999998,22.13098,1355.5658176908569
1442,30,0.17827600000000002,0.48456399999999994,0.6871959999999999,21.44375,1399.009035266686
1443,30,0.17878533333333335,0.48454300000000006,0.687804,21.45692,1398.1503403097927
1444,30,0.1777803333333333,0.48360633333333336,0.6868506666666667,21.4339,1399.6519532143009
1445,30,0.1782836666666667,0.48439666666666675,0.6876723333333333,21.48281,1396.4653599785129
1446,30,0.186206,0.5027066666666666,0.70934,22.12597,1355.8727594767597
1447,30,0.177942,0.4842206666666666,0.6871446666666665,21.44285,1399.0677545195717
1448,30,0.17766866666666664,0.48410866666666663,0.6868766666666665,21.43661,1399.4750102744792
1449,30,0.17869266666666667,0.48446966666666663,0.686881,21.44714,1398.7879036552192
1450,30,0.18703299999999998,0.5000176666666667,0.705599,22.04545,1360.82502285052
1451,30,0.17929000000000003,0.48457233333333344,0.6877920000000001,21.45979,1397.9633537886439
1452,30,0.17719533333333334,0.48416600000000004,0.686608,21.42426,1400.281736685421
1453,30,0.17800133333333332,0.4845213333333334,0.6869493333333332,21.43514,1399.5709848407803
1454,30,0.17822733333333332,0.48361266666666675,0.6860916666666667,21.40706,1401.4068255986576
1455,30,0.1873516666666667,0.5048276666666667,0.7116173333333334,22.19357,1351.7428696690079
1456,30,0.17841366666666666,0.48392166666666664,0.6865256666666667,21.44219,1399.1108184378554
1457,30,0.17748633333333336,0.4837346666666667,0.6871619999999999,21.46117,1397.8734616985
1458,30,0.177531,0.48373066666666664,0.6863676666666666,21.4171,1400.749868096054
1459,30,0.1878956666666667,0.4996323333333333,0.7060373333333334,22.02185,1362.283368563495
1460,30,0.17778633333333332,0.48414133333333337,0.6870999999999999,21.44788,1398.7396423329485
1461,30,0.17819966666666665,0.48412266666666665,0.6867423333333333,21.43203,1399.7740764640587
1462,30,0.17891699999999996,0.48409100000000005,0.6866983333333335,21.47114,1397.2243672203713
1463,30,0.17762466666666665,0.4846073333333333,0.6876610000000001,21.45792,1398.0851825340014
1464,30,0.18690633333333334,0.500982,0.7067253333333333,22.04419,1360.902804775317
1465,30,0.17796633333333334,0.48413533333333336,0.6870456666666667,21.44784,1398.7422509679297
1466,30,0.17833533333333337,0.48398633333333335,0.68676,21.44277,1399.0729742472638
1467,30,0.17795933333333333,0.48396233333333327,0.6872533333333333,21.47531,1396.9530591176565
1468,30,0.186363,0.49802666666666673,0.7040683333333333,21.96591,1365.752659461866
1469,30,0.17775666666666667,0.48510799999999993,0.6888660000000001,21.50121,1395.2703126940298
1470,30,0.17874299999999993,0.48409733333333343,0.6869423333333334,21.45471,1398.2943605390146
1471,30,0.1778226666666667,0.4834896666666666,0.6874726666666666,21.45106,1398.5322869825548
1472,30,0.17824299999999998,0.48436733333333326,0.6873106666666668,21.44482,1398.939231012431
1473,30,0.18934400000000004,0.5066266666666667,0.712745,22.22623,1349.7565714023476
1474,30,0.17873099999999997,0.4848876666666666,0.688184,21.50999,1394.7007878664751
1475,30,0.17815199999999995,0.4848573333333333,0.6875766666666666,21.45417,1398.3295555129841
1476,30,0.17812366666666668,0.48357300000000003,0.6872686666666666,21.45648,1398.1790116552202
1477,30,0.18768933333333332,0.5030450000000001,0.7088616666666668,22.11089,1356.7974875728655
1478,30,0.1787296666666667,0.48535500000000004,0.6892123333333333,21.52455,1393.7573607810616
1479,30,0.17780433333333334,0.483981,0.6872393333333334,21.47301,1397.1026884447033
1480,30,0.17787366666666665,0.4839856666666666,0.6877993333333332,21.46419,1397.6767816535355
1481,30,0.17701499999999995,0.4830610000000001,0.6866749999999998,21.42682,1400.1144360199041
1482,30,0.18741033333333332,0.503282,0.7100393333333334,22.14396,1354.7712333295399
1483,30,0.17699199999999998,0.4837326666666667,0.6870696666666667,21.44503,1398.9255319297758
1484,30,0.17869266666666667,0.48568933333333336,0.6885456666666666,21.49624,1395.5929036892032
1485,30,0.17768466666666663,0.48345733333333324,0.6873213333333333,21.45217,1398.4599227024585
1486,30,0.18376433333333336,0.4940846666666667,0.699131,21.80982,1375.5271707882046
1487,30,0.18208633333333332,0.4912936666666666,0.6955126666666668,21.71627,1381.4527080387195
1488,30,0.17835000000000004,0.4836813333333333,0.6864159999999999,21.43655,1399.4789273460515
1489,30,0.17792099999999997,0.48312033333333343,0.6860289999999999,21.40958,1401.2418739648324
1490,30,0.17727133333333336,0.48419266666666666,0.6874866666666668,21.45047,1398.5707539275363
1491,30,0.18706966666666663,0.5041733333333334,0.7107603333333333,22.19247,1351.8098706453136
1492,30,0.17817866666666668,0.48501533333333335,0.687754,21.46108,1397.8793238737287
1493,30,0.17794799999999997,0.48388600000000004,0.6872420000000001,21.45332,1398.3849585984826
1494,30,0.178243,0.48499200000000003,0.6878283333333333,21.46463,1397.6481309018604
1495,30,0.18289766666666665,0.4916753333333333,0.6956123333333333,21.71833,1381.3216762062275
1496,30,0.18309533333333336,0.49240933333333337,0.6971080000000001,21.80102,1376.0824034838736
1497,30,0.17753233333333332,0.48287166666666664,0.6874216666666666,21.4492,1398.6535628368422
1498,30,0.17753566666666665,0.48371400000000003,0.686301,21.41501,1400.886574416729
1499,30,0.177187,0.48321666666666674,0.6858426666666666,21.39766,1402.0224641386021
1500,30,0.1859106666666667,0.497536,0.7040819999999999,21.96772,1365.6401301546086
1501,30,0.177455,0.4834840000000001,0.6866836666666667,21.45681,1398.1575080359103
1502,30,0.1770196666666667,0.4835636666666668,0.6861360000000001,21.40932,1401.2588909876633
1503,30,0.17825400000000002,0.48307066666666665,0.6856036666666667,21.41332,1400.9971363618533
1504,30,0.1788376666666667,0.48508966666666675,0.6893113333333335,21.50886,1394.7740605499314
1505,30,0.18583400000000003,0.49932499999999996,0.7044903333333333,22.01701,1362.5828393592046
1506,30,0.17769,0.4832616666666666,0.6864106666666667,21.41954,1400.5903021260026
1507,30,0.17712766666666666,0.48400066666666675,0.6869923333333332,21.44104,1399.185860387369
1508,30,0.17743700000000004,0.483564,0.6861936666666666,21.43195,1399.7793014634692
1509,30,0.18780533333333332,0.5040616666666666,0.7099816666666666,22.16169,1353.6873767298432
1510,30,0.17799799999999996,0.4839813333333333,0.6867526666666668,21.4306,1399.867479211968
1511,30,0.17712066666666668,0.4841776666666667,0.6865773333333334,21.42918,1399.9602411291519
1512,30,0.17727866666666664,0.48343366666666665,0.6860233333333333,21.40558,1401.503720058041
1513,30,0.17866766666666667,0.48361,0.686916,21.46232,1397.7985604538558
1514,30,0.18925266666666665,0.5050106666666667,0.7123876666666669,22.23995,1348.9238959619963
1515,30,0.17782333333333333,0.48377833333333337,0.6869516666666666,21.43605,1399.5115704619086
1516,30,0.17705466666666667,0.4836289999999999,0.6871726666666669,21.44193,1399.1277837396167
1517,30,0.17834166666666668,0.48412266666666676,0.686947,21.4331,1399.7041958466111
1518,30,0.18643866666666667,0.4988873333333333,0.7047816666666666,21.98283,1364.701451087053
1519,30,0.17907066666666666,0.48436300000000004,0.6872163333333334,21.49145,1395.9039525020416
1520,30,0.17757866666666666,0.48351400000000005,0.686571,21.42178,1400.4438473366824
1521,30,0.17657066666666668,0.48327266666666663,0.6866626666666666,21.43129,1399.8224091970199
1522,30,0.17734333333333333,0.4836673333333333,0.6862536666666668,21.41803,1400.6890456311808
1523,30,0.186841,0.5006303333333333,0.7059010000000001,22.02667,1361.985266043392
1524,30,0.17828133333333335,0.48436033333333334,0.6873483333333331,21.45097,1398.5381546848464
1525,30,0.17897466666666664,0.484225,0.6865809999999999,21.47025,1397.2822859538198
1526,30,0.17726499999999998,0.48288766666666666,0.685995,21.40381,1401.619618189472
1527,30,0.18771899999999997,0.499453,0.7099296666666668,22.15096,1354.3431074770574
1528,30,0.17796133333333333,0.485074,0.6893483333333333,21.51869,1394.136910750608
1529,30,0.17792999999999998,0.483817,0.6865129999999999,21.43328,1399.6924409143164
1530,30,0.178943,0.48428766666666667,0.6875260000000001,21.47755,1396.8073639684228
1531,30,0.17713633333333334,0.4837303333333333,0.6863206666666668,21.42217,1400.4183516422472
1532,30,0.187096,0.4993863333333333,0.7046416666666667,22.02836,1361.8807755093887
1533,30,0.178382,0.48439066666666675,0.6870046666666667,21.43482,1399.5918790080812
1534,30,0.17750866666666668,0.483597,0.6858466666666666,21.40092,1401.8088941970718
1535,30,0.17687866666666663,0.48336599999999996,0.6858973333333331,21.39973,1401.8868462359105
1536,30,0.18696266666666667,0.498318,0.7040646666666668,21.99942,1363.6723149973955
1537,30,0.1778546666666667,0.4855633333333333,0.6884303333333333,21.48126,1396.566123216236
1538,30,0.17763233333333336,0.4842733333333333,0.6876570000000001,21.45821,1398.0662879149752
1539,30,0.177337,0.48341399999999995,0.6860580000000002,21.40748,1401.3793309628225
1540,30,0.1769853333333333,0.48249099999999995,0.6856306666666667,21.39444,1402.2334774829349
1541,30,0.18724233333333332,0.5059556666666667,0.7118963333333332,22.20014,1351.3428293695445
1542,30,0.17809899999999998,0.48455799999999993,0.6882636666666666,21.50181,1395.2313781956032
1543,30,0.1781513333333333,0.48370499999999994,0.6863446666666665,21.42977,1399.921697713041
1544,30,0.178139,0.48372000000000004,0.6874803333333332,21.45112,1398.5283752083808
1545,30,0.1857353333333333,0.49678533333333336,0.7028383333333335,21.92399,1368.364061468738
1546,30,0.179611,0.487065,0.690369,21.54907,1392.17144869825
1547,30,0.1771926666666667,0.4837466666666667,0.686187,21.43158,1399.8034675931501
1548,30,0.17822766666666665,0.4842483333333333,0.6868196666666666,21.44549,1398.895525352883
1549,30,0.17684200000000003,0.4825526666666667,0.6861493333333334,21.41204,1401.08088720178
1550,30,0.18659766666666663,0.49859,0.7049756666666666,21.99484,1363.9562733804837
1551,30,0.17781033333333335,0.48394600000000004,0.6866476666666667,21.42828,1400.0190402589474
1552,30,0.17848199999999997,0.48357266666666665,0.6860663333333331,21.42113,1400.4863422237763
1553,30,0.17791266666666666,0.4828866666666667,0.6857386666666667,21.42106,1400.4909187500525
1554,30,0.18357266666666666,0.4918156666666666,0.697049,21.74867,1379.3946940203698
1555,30,0.18264066666666673,0.49177966666666667,0.6957923333333332,21.72629,1380.8155925378885
1556,30,0.17690766666666669,0.4828556666666667,0.686327,21.41883,1400.6367294572112
1557,30,0.1775753333333333,0.4829563333333333,0.6859123333333336,21.40289,1401.6798665974547
1558,30,0.17819166666666666,0.4837270000000001,0.6866073333333331,21.42432,1400.2778151185196
1559,30,0.18706033333333333,0.5006533333333334,0.7054923333333333,22.02112,1362.3285282492443
1560,30,0.17819733333333332,0.483503,0.6866966666666665,21.44546,1398.8974822643115
1561,30,0.17756766666666662,0.482803,0.68575,21.39743,1402.0375344141798
1562,30,0.17776266666666665,0.48384333333333335,0.6868276666666666,21.43123,1399.8263282135463
1563,30,0.17921766666666666,0.486318,0.6899970000000002,21.52703,1393.5967943557473
1564,30,0.18718133333333328,0.4984593333333333,0.703955,21.98728,1364.4252495078972
1565,30,0.17755099999999996,0.48299499999999995,0.68548,21.39366,1402.2846020736986
1566,30,0.17811133333333332,0.4835246666666667,0.686005,21.46197,1397.821355635107
1567,30,0.17801999999999998,0.4833943333333333,0.686396,21.41651,1400.7884571295697
1568,30,0.18553600000000003,0.49667799999999995,0.7026693333333334,21.94532,1367.0340646661793
1569,30,0.17832099999999995,0.4852743333333333,0.6881003333333333,21.47191,1397.174261628332
1570,30,0.178038,0.4840526666666667,0.6875373333333332,21.47456,1397.0018477677772
1571,30,0.17783333333333334,0.48402033333333333,0.6866573333333332,21.4215,1400.4621525103285
1572,30,0.17743933333333337,0.4843956666666666,0.6866843333333332,21.42637,1400.1438414439776
1573,30,0.186102,0.5059926666666666,0.7118936666666665,22.22209,1350.0080325477936
1574,30,0.17791999999999997,0.4836813333333333,0.6862606666666667,21.42928,1399.9537081973824
1575,30,0.177945,0.483119,0.6855690000000002,21.40186,1401.7473247652306
1576,30,0.17829766666666666,0.48384599999999994,0.6868090000000001,21.45003,1398.5994425182623
1577,30,0.18674166666666664,0.49829200000000007,0.704041,21.96233,1365.975285864478
1578,30,0.17778033333333332,0.4846406666666666,0.6871259999999999,21.44747,1398.766381302783
1579,30,0.1773213333333333,0.48321333333333333,0.6855986666666667,21.40721,1401.39700596201
1580,30,0.17820066666666665,0.4851413333333333,0.6873863333333333,21.44966,1398.6235679260185
1581,30,0.17769933333333332,0.48321866666666663,0.6858906666666666,21.41965,1400.5831094345613
1582,30,0.186193,0.49712400000000007,0.7044093333333333,22.00013,1363.6283058327383
1583,30,0.1771443333333333,0.4833486666666667,0.6859799999999999,21.41204,1401.08088720178
1584,30,0.1773056666666667,0.4838916666666666,0.686457,21.43918,1399.307249624286
1585,30,0.17779433333333333,0.4832333333333334,0.6862619999999999,21.41559,1400.848634102539
1586,30,0.18622533333333333,0.4971136666666666,0.7071649999999999,22.06118,1359.8547312519095
1587,30,0.17694700000000002,0.4840843333333334,0.6866696666666667,21.44808,1398.7265993039935
1588,30,0.17792566666666668,0.48400233333333337,0.6861116666666667,21.41018,1401.2026054895382
1589,30,0.17703266666666667,0.48332433333333336,0.6856869999999998,21.3957,1402.150899479802
1590,30,0.17763266666666666,0.48442633333333335,0.6868066666666669,21.44685,1398.80681778443
1591,30,0.18746200000000002,0.5049746666666667,0.7105696666666669,22.15884,1353.8614837238772
1592,30,0.17609733333333333,0.4815553333333332,0.6839833333333334,21.36521,1404.1518899182363
1593,30,0.17769233333333334,0.48397699999999994,0.6865023333333333,21.44188,1399.1310463448167
1594,30,0.17783333333333337,0.483176,0.6858106666666667,21.42708,1400.097446782296
1595,30,0.18728466666666665,0.49722799999999995,0.7035926666666668,21.94504,1367.0515068553077
1596,30,0.1776316666666667,0.4838553333333334,0.6879720000000001,21.46988,1397.3063659414956
1597,30,0.17674966666666667,0.48332200000000003,0.6860063333333333,21.40737,1401.3865318345972
1598,30,0.17704433333333336,0.4834636666666666,0.6859923333333335,21.44079,1399.2021749198607
1599,30,0.17764433333333332,0.4826329999999999,0.6848263333333334,21.38333,1402.9620269621244
1600,30,0.18649666666666664,0.4982046666666666,0.7035603333333335,21.95008,1366.7376155348863
1601,30,0.1765883333333333,0.48370633333333335,0.6867366666666666,21.42768,1400.0582424228846
1602,30,0.177477,0.4832643333333333,0.6858139999999999,21.39666,1402.0879894338648
1603,30,0.17724733333333334,0.483347,0.6866160000000001,21.42059,1400.521647629687
1604,30,0.18511366666666665,0.4969756666666667,0.7016310000000001,21.91874,1368.6918134892792
1605,30,0.1811636666666667,0.48793699999999995,0.6917756666666668,21.60353,1388.6619455246434
1606,30,0.17696000000000006,0.48250066666666674,0.6860646666666665,21.40458,1401.5691968728188
1607,30,0.17727666666666664,0.48404833333333325,0.6865153333333336,21.41888,1400.6334598260974
1608,30,0.17727066666666666,0.48389466666666675,0.6865586666666668,21.42227,1400.4118144342312
1609,30,0.18719766666666665,0.5007119999999999,0.7058496666666667,22.01833,1362.5011524488914
1610,30,0.17755466666666664,0.48330866666666666,0.6866350000000001,21.4502,1398.5883581505068
1611,30,0.17691333333333337,0.48271466666666674,0.6860339999999999,21.39952,1401.9006033780197
1612,30,0.17736300000000002,0.484176,0.686598,21.42362,1400.3235680991354
1613,30,0.18192533333333333,0.4906016666666666,0.6960746666666665,21.71435,1381.5748571796992
1614,30,0.182098,0.4956236666666666,0.700113,21.84631,1373.229620929118
1615,30,0.17642966666666673,0.48295933333333335,0.6853383333333335,21.38792,1402.6609413164065
1616,30,0.1775776666666667,0.48344766666666666,0.6857793333333333,21.4219,1400.4360024087498
1617,30,0.1769116666666667,0.48232733333333333,0.6901839999999999,21.52818,1393.522350704983
1618,30,0.18872866666666666,0.5005713333333333,0.7059503333333333,22.01969,1362.4170004209868
1619,30,0.17772366666666667,0.48423800000000006,0.6871256666666667,21.43774,1399.4012428548904
1620,30,0.177165,0.48367,0.6861543333333334,21.41217,1401.0723808002645
1621,30,0.17798966666666663,0.4837696666666667,0.6862100000000002,21.43422,1399.631057253308
1622,30,0.18286833333333335,0.4893176666666667,0.6925573333333334,21.61648,1387.830025980178
1623,30,0.187161,0.497915,0.7030960000000002,21.9369,1367.5587708381768
1624,30,0.17752666666666664,0.48494766666666667,0.6872370000000001,21.44481,1398.9398833563923
1625,30,0.1778273333333333,0.4832326666666667,0.6854103333333335,21.41927,1400.6079572273004
1626,30,0.17744699999999997,0.48240233333333327,0.6852986666666666,21.38274,1403.000737978388
1627,30,0.18566966666666668,0.499304,0.7049443333333332,22.0259,1362.0328794737104
1628,30,0.17771666666666666,0.4838893333333333,0.6866446666666667,21.42799,1400.0379876973996
1629,30,0.17709166666666665,0.48346766666666663,0.6865063333333333,21.42094,1400.498764293257
1630,30,0.177556,0.4832303333333333,0.6857006666666667,21.39821,1401.9864278367208
1631,30,0.1768553333333333,0.4826336666666666,0.6858199999999999,21.39633,1402.109614125413
1632,30,0.186153,0.5018119999999999,0.70924,22.12631,1355.8519246995997
1633,30,0.178531,0.4843283333333333,0.687296,21.47638,1396.8834598754538
1634,30,0.17765366666666663,0.48311266666666663,0.6868916666666665,21.4314,1399.8152243903805
1635,30,0.1775436666666667,0.4836343333333332,0.6867346666666665,21.43414,1399.6362811850627
1636,30,0.18604233333333337,0.496707,0.7021353333333332,21.9041,1369.6066033299703
1637,30,0.1778503333333333,0.48353766666666664,0.6864653333333336,21.42282,1400.3758608810606
1638,30,0.17756533333333335,0.48349733333333333,0.6861029999999999,21.43514,1399.5709848407803
1639,30,0.178296,0.48326500000000006,0.686729,21.42594,1400.1719411143688
1640,30,0.17693566666666666,0.4822453333333332,0.6853156666666665,21.38492,1402.8577146886682
1641,30,0.18619633333333335,0.5002996666666667,0.7059230000000001,22.0256,1362.051431062037
1642,30,0.17759099999999997,0.4838776666666667,0.6863693333333334,21.44193,1399.1277837396167
1643,30,0.17729133333333336,0.4836156666666667,0.686113,21.40503,1401.53973154908
1644,30,0.17779100000000003,0.4833563333333333,0.6858073333333332,21.42702,1400.1013673389953
1645,30,0.18700466666666665,0.4975276666666667,0.703099,21.95675,1366.3224293212793
1646,30,0.17730700000000005,0.48445266666666664,0.688696,21.49044,1395.9695566959076
1647,30,0.178867,0.4844036666666666,0.6876026666666665,21.45524,1398.259819046536
1648,30,0.17715733333333333,0.4840143333333333,0.6873973333333333,21.44682,1398.8087744476804
1649,30,0.1775543333333333,0.48325999999999997,0.686512,21.42118,1400.4830732947485
1650,30,0.18617900000000004,0.49971100000000007,0.7054490000000001,22.05008,1360.5392814901352
1651,30,0.17733233333333337,0.48465366666666665,0.6874793333333333,21.45431,1398.3204307199812
1652,30,0.17837866666666669,0.48382,0.6865756666666665,21.43951,1399.285711287245
1653,30,0.17853266666666662,0.48406000000000016,0.6872476666666665,21.44078,1399.2028275090738
1654,30,0.18729033333333334,0.498024,0.7037486666666666,21.95652,1366.3367418880587
1655,30,0.17767000000000002,0.48496333333333336,0.6875063333333332,21.48729,1396.1742034477127
1656,30,0.17763533333333334,0.48320199999999996,0.6864756666666667,21.4227,1400.383705135207
1657,30,0.17756900000000003,0.484245,0.6867503333333335,21.42686,1400.1118222642049
1658,30,0.17737033333333335,0.48428166666666667,0.6867703333333334,21.43018,1399.8949145550807
1659,30,0.18737800000000007,0.5009349999999999,0.7061673333333335,22.02871,1361.8591374619757
1660,30,0.1769543333333333,0.4828446666666667,0.6863816666666666,21.42348,1400.3327190540472
1661,30,0.1777433333333333,0.4836323333333333,0.6862296666666668,21.44157,1399.151274836684
1662,30,0.17722033333333329,0.4833463333333333,0.6862396666666668,21.42563,1400.1921997159477
1663,30,0.18433400000000005,0.4957723333333333,0.701576,21.88671,1370.694818910654
1664,30,0.1792043333333333,0.4857873333333333,0.6892406666666666,21.51714,1394.2373382336127
1665,30,0.17716400000000002,0.4846136666666666,0.68784,21.46699,1397.4944787322304
1666,30,0.17767866666666662,0.48360100000000006,0.6863466666666668,21.41848,1400.6596173024416
1667,30,0.177059,0.48384666666666665,0.6864089999999999,21.43569,1399.5350744482682
1668,30,0.18742433333333336,0.4989393333333333,0.705162,22.03803,1361.2831999956438
1669,30,0.17678033333333334,0.4833793333333334,0.686204,21.41516,1400.8767620694873
1670,30,0.17780966666666667,0.484206,0.6864486666666667,21.41925,1400.609265030288
1671,30,0.177947,0.48398533333333327,0.686886,21.44504,1398.924879599199
1672,30,0.185316,0.49577333333333345,0.7009233333333335,21.88786,1370.6228018636816
1673,30,0.183231,0.4921936666666667,0.6971226666666667,21.75549,1378.9622757290228
1674,30,0.17738400000000004,0.4839256666666666,0.6870793333333333,21.44451,1398.959453958146
1675,30,0.177726,0.48426566666666665,0.6869653333333333,21.43638,1399.4900258345858
1676,30,0.17721499999999998,0.48360900000000007,0.6879926666666666,21.46974,1397.315477504618
1677,30,0.18733266666666668,0.4997796666666666,0.7062256666666668,22.0351,1361.4642093750426
1678,30,0.17777133333333336,0.48421433333333336,0.687386,21.4795,1396.6805558788612
1679,30,0.17722000000000007,0.4831863333333334,0.6864886666666667,21.4224,1400.4033161550526
1680,30,0.178501,0.48436199999999996,0.6876166666666668,21.4591,1398.008304169327
1681,30,0.1827423333333334,0.49125033333333346,0.6951633333333334,21.69073,1383.0793154495032
1682,30,0.18616566666666665,0.49686499999999995,0.701625,21.89623,1370.0988709015205
1683,30,0.17725233333333332,0.48319999999999996,0.686597,21.43272,1399.7290124631872
1684,30,0.17759033333333332,0.48472100000000007,0.6875260000000002,21.47818,1396.766392683179
1685,30,0.1787553333333333,0.4842883333333334,0.6870833333333333,21.45963,1397.9737768078946
1686,30,0.1868743333333333,0.49977599999999994,0.7059873333333334,22.0369,1361.3530033716174
1687,30,0.17781633333333333,0.4838413333333333,0.686876,21.44283,1399.0690594478435
1688,30,0.17701766666666666,0.483369,0.687194,21.44647,1398.8316025900767
1689,30,0.17802433333333328,0.4843396666666667,0.6869893333333333,21.46173,1397.8369870462448
1690,30,0.17819400000000005,0.4838856666666666,0.6870156666666666,21.43875,1399.3353157250306
1691,30,0.18756900000000004,0.49803400000000003,0.7040019999999999,21.98019,1364.865362856281
1692,30,0.17736833333333332,0.4835156666666666,0.6862316666666665,21.41976,1400.5759168169952
1693,30,0.17716500000000002,0.48469933333333326,0.6873090000000001,21.44373,1399.0103400854234
1694,30,0.178086,0.4832856666666666,0.6863680000000001,21.4311,1399.8348194912999
1695,30,0.18608133333333338,0.5026876666666666,0.7084623333333334,22.12947,1355.6583144557915
1696,30,0.1780083333333333,0.4850816666666667,0.687818,21.47101,1397.232826960632
1697,30,0.17751766666666666,0.48263866666666666,0.685164,21.41795,1400.6942774635293
1698,30,0.17788900000000002,0.48301466666666665,0.6864253333333333,21.4186,1400.6517699569533
1699,30,0.17778433333333335,0.4837563333333333,0.6870456666666664,21.43591,1399.5207108072389
1700,30,0.18606066666666665,0.5007046666666668,0.7075356666666667,22.07546,1358.975079114999
1701,30,0.17775566666666665,0.483624,0.6867683333333333,21.45735,1398.1223217219274
1702,30,0.176704,0.48406400000000005,0.6868859999999998,21.42805,1400.0340674956424
1703,30,0.17703299999999997,0.4828373333333333,0.6855383333333335,21.40145,1401.7741788523676
1704,30,0.18806666666666666,0.5005660000000001,0.7060836666666667,22.03654,1361.375243118929
1705,30,0.17762833333333333,0.48479666666666676,0.6875936666666665,21.45548,1398.2441781773234
1706,30,0.17731433333333332,0.48345133333333334,0.68657,21.44913,1398.6581273925794
1707,30,0.17746599999999998,0.48347500000000004,0.6861476666666667,21.4105,1401.1816632026344
1708,30,0.1776806666666667,0.4854043333333333,0.6923733333333335,21.60007,1388.884387874669
1709,30,0.186999,0.5031556666666667,0.7107209999999999,22.16978,1353.193401107273
1710,30,0.1794376666666667,0.4876256666666666,0.6911020000000001,21.57852,1390.2714365952809
1711,30,0.17735299999999998,0.48297466666666666,0.6865109999999999,21.42562,1400.1928532289849
1712,30,0.17794800000000002,0.48324666666666666,0.6863846666666666,21.41856,1400.6543857290126
1713,30,0.1905333333333333,0.5034766666666666,0.7097586666666668,22.15628,1354.0179127543072
1714,30,0.17777366666666666,0.48336166666666663,0.6866749999999999,21.45153,1398.5016453371857
1715,30,0.17818166666666665,0.48382166666666665,0.6870033333333332,21.43809,1399.3783961164452
1716,30,0.1770453333333333,0.4828713333333334,0.6858970000000001,21.40653,1401.441522750301
1717,30,0.177342,0.4841976666666667,0.6873173333333331,21.44453,1398.9581492343268
1718,30,0.18613200000000005,0.500544,0.7067386666666668,22.07108,1359.2447673607273
1719,30,0.17787266666666668,0.4849633333333333,0.6877823333333334,21.47221,1397.1547409418965
1720,30,0.17779433333333336,0.48311099999999996,0.6861326666666666,21.41985,1400.5700320030253
1721,30,0.17692566666666668,0.4826420000000001,0.6864086666666667,21.42615,1400.1582178786202
1722,30,0.18382099999999998,0.49670233333333336,0.7023193333333334,21.91117,1369.164677194326
1723,30,0.17980000000000002,0.48705300000000007,0.6911056666666666,21.59705,1389.0786010126383
1724,30,0.1775493333333333,0.4841856666666667,0.6865983333333332,21.42581,1400.1804365855946
1725,30,0.17788233333333334,0.48354166666666665,0.686515,21.42543,1400.2052700925956
1726,30,0.17744033333333334,0.48355233333333325,0.6863736666666668,21.41885,1400.6354216029338
1727,30,0.19042766666666672,0.507591,0.7138926666666667,22.26027,1347.6925482035933
1728,30,0.17820766666666665,0.48532766666666666,0.688063,21.47467,1396.9946918858357
1729,30,0.178695,0.48447999999999997,0.6873236666666666,21.45051,1398.5681459321947
1730,30,0.17720433333333338,0.4830246666666667,0.6861563333333333,21.43251,1399.7427272867249
1731,30,0.18374100000000002,0.49578066666666676,0.7012243333333334,21.88004,1371.1126670700785
1732,30,0.1807386666666667,0.4886233333333333,0.6918916666666668,21.5982,1389.004639275495
1733,30,0.17799733333333334,0.48414633333333335,0.687306,21.45007,1398.5968344159248
1734,30,0.17840899999999998,0.48377866666666663,0.6867596666666667,21.43434,1399.6232214287913
1735,30,0.17658266666666664,0.48353966666666665,0.6861489999999999,21.44976,1398.6170474634682
1736,30,0.18920433333333325,0.5006286666666667,0.7066716666666666,22.06306,1359.7388576199312
1737,30,0.17823233333333333,0.4840663333333334,0.686765,21.43385,1399.6552182645673
1738,30,0.17776333333333333,0.48385600000000006,0.6864396666666667,21.42226,1400.4124681522865
1739,30,0.17789,0.48352066666666665,0.6861063333333334,21.41162,1401.108370127996
1740,30,0.18152533333333334,0.4897596666666667,0.6946396666666665,21.69186,1383.0072663201772
1741,30,0.21362366666666663,0.5331353333333334,0.7467666666666667,23.30258,1287.4110935355657
1742,30,0.191934,0.5097530000000001,0.7192213333333334,22.47943,1334.5534117190693
1743,30,0.17678500000000003,0.48264900000000005,0.6855866666666667,21.39777,1402.0152567300238
1744,30,0.177636,0.4833303333333333,0.6856093333333333,21.39668,1402.0866788679364
1745,30,0.19017133333333333,0.5010723333333333,0.7071623333333333,22.07133,1359.229371315639
1746,30,0.17761233333333334,0.483437,0.6862833333333332,21.41983,1400.5713397351892
1747,30,0.17731166666666667,0.4833533333333333,0.6858736666666668,21.45635,1398.1874829595902
1748,30,0.17730699999999996,0.4828466666666667,0.685904,21.40622,1401.4618181070734
1749,30,0.18267200000000003,0.4938643333333334,0.6988576666666668,21.79795,1376.276209460064
1750,30,0.184605,0.4942156666666667,0.6987533333333332,21.8189,1374.9547410731063
1751,30,0.17759499999999998,0.4835283333333333,0.6864956666666668,21.42103,1400.4928801276128
1752,30,0.1764113333333333,0.4831293333333333,0.685592,21.41669,1400.7766839787103
1753,30,0.17804099999999995,0.4838756666666667,0.6866383333333331,21.444,1398.9927252378286
1754,30,0.18770066666666665,0.504642,0.7114426666666667,22.18695,1352.1461940465003
1755,30,0.17844466666666667,0.4846713333333333,0.6879333333333334,21.46946,1397.333700987356
1756,30,0.17702833333333332,0.4828443333333334,0.685603,21.39781,1402.0126358725495
1757,30,0.17794900000000002,0.48411899999999997,0.6868026666666666,21.45986,1397.958793766595
1758,30,0.1825776666666666,0.49028799999999995,0.6940116666666666,21.67045,1384.3736516777456
1759,30,0.18331933333333333,0.4956616666666666,0.7002133333333334,21.88195,1370.9929873708695
1760,30,0.17838066666666663,0.48475599999999996,0.6873123333333334,21.45137,1398.512076384865
1761,30,0.17833266666666664,0.4844716666666667,0.6871386666666667,21.4726,1397.1293648649907
1762,30,0.17697033333333334,0.4830976666666667,0.6861036666666666,21.41306,1401.0141474408608
1763,30,0.18663800000000003,0.4990906666666667,0.7054819999999999,22.01118,1362.9437404082832
1764,30,0.17870400000000003,0.4839576666666667,0.6871313333333332,21.46597,1397.560883575259
1765,30,0.17797300000000002,0.483273,0.6863203333333333,21.41892,1400.6308441321971
1766,30,0.17703133333333335,0.4833703333333333,0.6863010000000002,21.41179,1401.09724595655
1767,30,0.17820333333333338,0.4845126666666666,0.6871213333333333,21.43899,1399.3196507857879
1768,30,0.1856206666666667,0.49800733333333336,0.7046383333333334,22.00109,1363.5688050001158
1769,30,0.17795299999999997,0.4841413333333333,0.6865283333333332,21.45171,1398.48991059454
1770,30,0.1775446666666667,0.48326433333333335,0.6863636666666667,21.4179,1400.6975473785944
1771,30,0.17674333333333334,0.4832916666666666,0.6865466666666666,21.42685,1400.1124757022146
1772,30,0.189113,0.5006843333333333,0.7062003333333333,22.05073,1360.4991762177488
1773,30,0.1773906666666667,0.483116,0.6868000000000002,21.43569,1399.5350744482682
1774,30,0.17789666666666665,0.48387066666666667,0.6867056666666665,21.43074,1399.8583343365651
1775,30,0.17850533333333335,0.4834256666666666,0.6860056666666666,21.44687,1398.805513345304
1776,30,0.1775236666666667,0.48295400000000005,0.6862176666666664,21.41296,1401.0206902735538
1777,30,0.1865643333333333,0.4973666666666666,0.703756,21.9582,1366.232204825532
1778,30,0.17724466666666666,0.4826483333333333,0.6862016666666665,21.45133,1398.514684171098
1779,30,0.17755833333333332,0.48415566666666676,0.6863356666666668,21.41692,1400.7616407961557
1780,30,0.17720366666666668,0.48371233333333336,0.6860610000000001,21.40817,1401.3341635459733
1781,30,0.18673900000000002,0.4987466666666666,0.7044646666666665,21.99212,1364.1249683977715
1782,30,0.17712999999999998,0.48424733333333325,0.6878296666666665,21.47066,1397.2556036935987
1783,30,0.17848433333333333,0.4838700000000001,0.6867650000000001,21.44966,1398.6235679260185
1784,30,0.178079,0.48348033333333335,0.6870750000000001,21.44129,1399.1695462353246
1785,30,0.17749266666666666,0.48229666666666665,0.6851893333333332,21.38174,1403.0663547494264
1786,30,0.18838766666666668,0.5007836666666666,0.7066363333333333,22.07005,1359.3082027453495
1787,30,0.17779799999999998,0.4841043333333333,0.6867110000000002,21.42954,1399.9367228601268
1788,30,0.17746,0.4836623333333333,0.6866660000000001,21.42926,1399.9550147788586
1789,30,0.17779533333333333,0.4840973333333332,0.6867933333333334,21.43048,1399.8753177716972
1790,30,0.18719366666666673,0.4981543333333334,0.7032776666666666,21.99004,1364.25399862847
1791,30,0.18882266666666667,0.49649400000000005,0.7004600000000001,21.87424,1371.4762204309727
1792,30,0.17762733333333333,0.483328,0.6876399999999998,21.47974,1396.6649503206277
1793,30,0.177852,0.4843326666666667,0.6868343333333333,21.43556,1399.5435621929169
1794,30,0.17875233333333335,0.48422433333333337,0.6869793333333335,21.45192,1398.4762203103498
1795,30,0.188474,0.5002470000000001,0.7062240000000003,22.03231,1361.636614590118
1796,30,0.1784336666666667,0.48552366666666663,0.6882886666666667,21.49662,1395.5682335176414
1797,30,0.17777700000000005,0.48392966666666665,0.6867996666666667,21.43168,1399.7969361244661
1798,30,0.17811533333333335,0.4845536666666667,0.6912763333333332,21.59112,1389.4601113791227
1799,30,0.1891423333333333,0.500119,0.705565,22.00892,1363.0836951563274
1800,30,0.17825033333333332,0.484722,0.6874436666666668,21.47374,1397.0551939252314
1801,30,0.17697499999999997,0.48369300000000004,0.6871700000000001,21.44743,1398.768990037501
1802,30,0.17756599999999997,0.48458599999999996,0.6871190000000001,21.43727,1399.4319239343442
1803,30,0.1780153333333333,0.48657466666666666,0.6899906666666666,21.55612,1391.7161344434896
1804,30,0.18651533333333337,0.5000026666666668,0.7074143333333335,22.06591,1359.5632357786285
1805,30,0.17782266666666668,0.48347999999999997,0.6858476666666669,21.43604,1399.5122233397587
1806,30,0.17827299999999996,0.48360666666666663,0.686539,21.42267,1400.385666212475
1807,30,0.177725,0.4833819999999999,0.6864326666666665,21.41586,1400.830972933144
1808,30,0.18493566666666664,0.495106,0.7000526666666669,21.84068,1373.5836063712302
1809,30,0.18053266666666667,0.4874373333333334,0.6907636666666669,21.62264,1387.434651827899
1810,30,0.17797499999999997,0.48427133333333333,0.6869276666666665,21.43429,1399.6264863450106
1811,30,0.1766866666666667,0.482705,0.6857816666666668,21.39755,1402.0296716212836
1812,30,0.17763566666666664,0.48361933333333323,0.6861746666666665,21.41401,1400.951993578036
1813,30,0.188799,0.50499,0.7102733333333332,22.14927,1354.4464445103608
1814,30,0.17771966666666666,0.48433033333333336,0.6868366666666669,21.44891,1398.6724733331437
1815,30,0.17753933333333335,0.4826166666666666,0.6861750000000001,21.44647,1398.8316025900767
1816,30,0.177504,0.483081,0.6858016666666665,21.40066,1401.8259249948367
1817,30,0.1827946666666667,0.491388,0.6963969999999998,21.72471,1380.9160168306043
1818,30,0.1818453333333333,0.4911486666666666,0.6956366666666668,21.7233,1381.0056483131016
1819,30,0.17772133333333331,0.4832363333333333,0.6861496666666668,21.41467,1400.9088162460594
1820,30,0.1770163333333334,0.4830596666666666,0.6860703333333333,21.4303,1399.8870757758875
1821,30,0.17718066666666668,0.48262266666666664,0.6859363333333335,21.39891,1401.9405661316393
1822,30,0.18589666666666665,0.4974686666666666,0.7034893333333334,21.94558,1367.017868746235
1823,30,0.17761900000000003,0.48348233333333346,0.6857806666666666,21.40315,1401.6628393484136
1824,30,0.17689233333333332,0.4827350000000001,0.6856553333333335,21.39453,1402.227578731573
1825,30,0.17682733333333334,0.4844743333333334,0.6872086666666666,21.44251,1399.0899386312515
1826,30,0.17831633333333335,0.4852813333333333,0.6880416666666667,21.48362,1396.4127088451576
1827,30,0.18609233333333333,0.4964110000000001,0.7027179999999998,21.93813,1367.482096240655
1828,30,0.17646166666666668,0.48220233333333334,0.684748,21.36813,1403.9600096030865
1829,30,0.17735066666666668,0.4827793333333333,0.6859949999999998,21.40341,1401.6458125130528
1830,30,0.17681966666666668,0.4827486666666666,0.6862603333333334,21.4104,1401.188207600045
1831,30,0.18732833333333332,0.4989733333333334,0.7052226666666667,21.99775,1363.7758407109818
1832,30,0.17743899999999999,0.48370666666666673,0.6861576666666667,21.43433,1399.6238744108166
1833,30,0.17810033333333333,0.4839079999999999,0.6864310000000001,21.42011,1400.5530317071202
1834,30,0.17696366666666666,0.483145,0.6853163333333333,21.37858,1403.2737440933868
1835,30,0.17721966666666666,0.48294933333333334,0.6849596666666665,21.37788,1403.319693065917
1836,30,0.18672999999999998,0.4985103333333333,0.7044186666666666,21.9753,1365.1690761900861
1837,30,0.1768636666666667,0.48349499999999995,0.6859846666666666,21.42779,1400.0510551951463
1838,30,0.17777266666666672,0.4830393333333334,0.6853553333333334,21.38333,1402.9620269621244
1839,30,0.17727400000000001,0.48202533333333336,0.6855093333333332,21.38866,1402.6124123717896
1840,30,0.18715899999999996,0.5018506666666666,0.7069916666666667,22.06482,1359.630398072588
1841,30,0.17755999999999997,0.4832073333333334,0.6853956666666667,21.40506,1401.5377672382137
1842,30,0.17733366666666667,0.48318266666666665,0.6857216666666666,21.41439,1400.9271335770013
1843,30,0.17760199999999995,0.48253100000000004,0.6859436666666667,21.42512,1400.2255296586438
1844,30,0.17774933333333331,0.4826183333333333,0.6849576666666665,21.38537,1402.828195163329
1845,30,0.18766733333333332,0.5008220000000001,0.7062383333333333,22.0289,1361.8473913813218
1846,30,0.17727166666666666,0.48483966666666667,0.6882760000000001,21.48894,1396.067000047466
1847,30,0.17691333333333334,0.4823926666666666,0.6848673333333332,21.36998,1403.838468730434
1848,30,0.17776399999999998,0.4836843333333334,0.686039,21.41757,1400.7191292009318
1849,30,0.18676733333333337,0.4979426666666667,0.704889,22.0019,1363.5186052113681
1850,30,0.17742300000000003,0.4842093333333333,0.6867390000000001,21.42734,1400.080457956984
1851,30,0.177321,0.48385500000000004,0.6863836666666665,21.42828,1400.0190402589474
1852,30,0.1782616666666667,0.48402100000000003,0.6868233333333333,21.42844,1400.0085867193318
1853,30,0.176861,0.48319866666666667,0.6861580000000002,21.41281,1401.0305046371775
1854,30,0.18665300000000004,0.49793,0.7043900000000001,22.00344,1363.4231738310011
1855,30,0.17762833333333333,0.4842516666666667,0.6866020000000002,21.42161,1400.4549611350408
1856,30,0.17667133333333332,0.4828876666666666,0.6857526666666668,21.39299,1402.328519762782
1857,30,0.17703733333333332,0.483435,0.6863089999999998,21.41126,1401.1319277800558
1858,30,0.18577366666666664,0.4970363333333333,0.7027903333333333,21.92057,1368.5775506750053
1859,30,0.17799466666666666,0.48498533333333343,0.6877786666666665,21.47431,1397.018111408469
1860,30,0.17752500000000004,0.48346100000000003,0.6863973333333334,21.43794,1399.388187484432
1861,30,0.17791233333333337,0.48281233333333334,0.685081,21.38804,1402.653071529696
1862,30,0.177328,0.4825670000000001,0.684939,21.38691,1402.7271821876093
1863,30,0.18706533333333333,0.499651,0.7062046666666667,22.0272,1361.952495096971
1864,30,0.17738,0.4830003333333333,0.6854686666666666,21.40298,1401.6739725028945
1865,30,0.17779466666666668,0.48430066666666666,0.6866419999999999,21.43298,1399.712032577831
1866,30,0.17752333333333328,0.4831263333333334,0.685433,21.41449,1400.9205916181052
1867,30,0.18371099999999993,0.4928193333333334,0.6974589999999999,21.75737,1378.8431230429044
1868,30,0.182614,0.49254200000000004,0.6969163333333335,21.74653,1379.5304354303883
1869,30,0.17730766666666667,0.4840359999999999,0.6864953333333333,21.42254,1400.3941642774387
1870,30,0.17624899999999996,0.4829116666666667,0.6851870000000002,21.37838,1403.286872064207
1871,30,0.17762700000000003,0.48382433333333336,0.6863026666666665,21.41259,1401.0448992858876
1872,30,0.18690600000000002,0.504012,0.7097993333333336,22.15806,1353.9091418653077
1873,30,0.17750066666666664,0.483087,0.6868416666666667,21.43208,1399.7708108592353
1874,30,0.17751499999999995,0.4832296666666666,0.686321,21.41227,1401.0658374847692
1875,30,0.17708000000000002,0.48458633333333334,0.6870093333333334,21.43106,1399.8374322128725
1876,30,0.18049466666666666,0.48726433333333335,0.6908933333333332,21.55601,1391.7232363503265
1877,30,0.18433466666666662,0.5003703333333334,0.7055716666666668,22.03387,1361.540210593963
1878,30,0.17773466666666668,0.484681,0.687132,21.43872,1399.3372738670964
1879,30,0.17706733333333333,0.48422966666666667,0.6866366666666668,21.42117,1400.4837270793332
1880,30,0.17735366666666666,0.483586,0.6857923333333332,21.3985,1401.9674276234316
1881,30,0.18748633333333334,0.5041523333333333,0.7091676666666665,22.12533,1355.9119796179311
1882,30,0.17761733333333332,0.4840526666666667,0.6873963333333332,21.45014,1398.5922702602409
1883,30,0.17766733333333337,0.48412066666666675,0.6865536666666665,21.4385,1399.3516337430324
1884,30,0.17730966666666667,0.4834743333333334,0.6857926666666666,21.39616,1402.1207543783557
1885,30,0.177295,0.48311199999999993,0.686266,21.40855,1401.309289979938
1886,30,0.186798,0.500242,0.7052393333333333,21.99981,1363.6481405975778
1887,30,0.17756999999999998,0.48429966666666674,0.6868750000000001,21.43338,1399.685910481688
1888,30,0.17762766666666666,0.48371,0.6860376666666668,21.4048,1401.554791448647
1889,30,0.17686166666666664,0.484361,0.6867423333333335,21.45033,1398.5798819878296
1890,30,0.1901513333333333,0.5066686666666668,0.7126423333333334,22.21985,1350.1441278856519
1891,30,0.17897633333333335,0.4842793333333334,0.687322,21.44935,1398.6437817463
1892,30,0.17763833333333334,0.4828476666666667,0.6856676666666665,21.39354,1402.292467726239
1893,30,0.17718799999999998,0.48249566666666666,0.6847266666666667,21.39857,1401.9628414422086
1894,30,0.1767176666666667,0.4818006666666667,0.6847953333333333,21.39561,1402.1567975860469
1895,30,0.18814866666666671,0.5001776666666667,0.7060799999999998,22.02611,1362.0198936625668
1896,30,0.17741866666666667,0.482686,0.684816,21.40187,1401.7466698003493
1897,30,0.1778523333333333,0.48305166666666666,0.685608,21.39423,1402.2472414291142
1898,30,0.17689666666666667,0.4831786666666667,0.6854753333333332,21.40349,1401.6405735700112
1899,30,0.18650200000000003,0.4994676666666667,0.7051470000000001,22.02001,1362.3972014544952
1900,30,0.17709099999999997,0.484117,0.6864839999999999,21.43631,1399.4945958516182
1901,30,0.17757099999999998,0.48320433333333335,0.685597,21.39976,1401.8848809519359
1902,30,0.17756899999999998,0.4830440000000001,0.6852579999999999,21.37883,1403.257334475273
1903,30,0.1768503333333333,0.4833259999999999,0.6854223333333335,21.40096,1401.806274111068
1904,30,0.18684766666666666,0.5000286666666667,0.7049490000000002,22.00736,1363.1803178572986
1905,30,0.17721666666666666,0.48409533333333343,0.687598,21.45906,1398.0109100771424
1906,30,0.17769466666666667,0.4835823333333334,0.6870263333333333,21.46453,1397.6546423331888
1907,30,0.17691966666666667,0.4831609999999999,0.6863496666666665,21.41134,1401.1266926778053
1908,30,0.18549566666666664,0.5013566666666667,0.7085566666666667,22.09248,1357.9281275800633
1909,30,0.17728166666666664,0.4835493333333334,0.6860643333333332,21.40964,1401.237947018259
1910,30,0.1765806666666667,0.4839976666666666,0.686459,21.41457,1400.9153580949792
1911,30,0.1773576666666667,0.4834563333333333,0.685794,21.41122,1401.1345453458512
1912,30,0.176806,0.4826503333333333,0.6856163333333334,21.38884,1402.6006085416507
1913,30,0.18610133333333329,0.497758,0.704302,21.9703,1365.4797613141377
1914,30,0.17782333333333333,0.4829746666666666,0.6860133333333334,21.40926,1401.262818051628
1915,30,0.177042,0.48253366666666675,0.6849863333333334,21.42682,1400.1144360199041
1916,30,0.17728733333333338,0.48295,0.685595,21.38775,1402.6720903320827
1917,30,0.18467599999999998,0.4952233333333334,0.7005926666666666,21.8695,1371.773474473582
1918,30,0.1796033333333333,0.4862166666666667,0.6893073333333334,21.51429,1394.422032983659
1919,30,0.176708,0.4822566666666666,0.6850213333333335,21.37182,1403.7176057069544
1920,30,0.177399,0.4829353333333333,0.6856933333333333,21.38919,1402.5776572184361
1921,30,0.17704666666666669,0.4836506666666666,0.6866856666666666,21.42138,1400.4699977312387
1922,30,0.18686133333333332,0.5027649999999999,0.7080286666666666,22.08057,1358.6605780557295
1923,30,0.17734466666666665,0.48379433333333327,0.686133,21.43462,1399.6049381794498
1924,30,0.17732833333333334,0.48266299999999995,0.6857603333333334,21.40921,1401.2660906217463
1925,30,0.17760233333333328,0.4825023333333334,0.6847186666666667,21.37788,1403.319693065917
1926,30,0.184843,0.49782266666666675,0.702859,21.91788,1368.7455173584306
1927,30,0.18172966666666662,0.49547199999999997,0.6994883333333333,21.82123,1374.807927875743
1928,30,0.177915,0.48353833333333335,0.6859463333333333,21.43763,1399.4084234124762
1929,30,0.17715,0.4821243333333333,0.6844116666666665,21.38787,1402.6642204202662
1930,30,0.17704099999999998,0.4825606666666667,0.6855406666666666,21.40006,1401.8652284152474
1931,30,0.18634433333333333,0.5052593333333333,0.7106506666666667,22.16312,1353.6000346521607
1932,30,0.17670899999999998,0.48319999999999996,0.6860396666666667,21.40915,1401.2700177260658
1933,30,0.17713833333333331,0.4831566666666667,0.6856313333333334,21.3907,1402.4786472625956
1934,30,0.1774953333333333,0.48535500000000004,0.6876973333333333,21.46455,1397.6533400420694
1935,30,0.18340499999999998,0.4900156666666667,0.6932449999999998,21.62367,1387.3685641706518
1936,30,0.18356966666666663,0.49640066666666655,0.7013226666666665,21.88562,1370.7630855328748
1937,30,0.17756033333333338,0.48295033333333337,0.6859800000000001,21.40713,1401.4022430844302
1938,30,0.177904,0.4836646666666667,0.6866090000000001,21.42162,1400.4543073773132
1939,30,0.17761766666666665,0.48339366666666667,0.6860983333333336,21.40512,1401.533838633
1940,30,0.18674966666666667,0.498213,0.704085,22.0014,1363.5495922986718
1941,30,0.17712266666666665,0.48397700000000005,0.6863969999999998,21.44394,1398.9966396100715
1942,30,0.17789833333333335,0.4840866666666666,0.6875626666666667,21.45197,1398.4729607583824
1943,30,0.17705533333333331,0.48267533333333346,0.6854866666666666,21.3864,1402.7606329255975
1944,30,0.1775226666666667,0.48353100000000004,0.6863716666666665,21.41426,1400.935638214909
1945,30,0.18652533333333335,0.4969279999999999,0.7034886666666667,22.0003,1363.6177688486066
1946,30,0.177415,0.483362,0.6865863333333333,21.42599,1400.1686736528861
1947,30,0.1776,0.4831779999999999,0.6855556666666666,21.38247,1403.0184539017241
1948,30,0.17711200000000002,0.48382933333333333,0.6871233333333334,21.43489,1399.587308355676
1949,30,0.18686633333333333,0.49862533333333336,0.704836,21.97977,1364.8914433590526
1950,30,0.17742133333333332,0.483282,0.6868163333333334,21.43381,1399.6578303157487
1951,30,0.176799,0.4835156666666666,0.6861143333333334,21.42222,1400.4150830306103
1952,30,0.17678966666666668,0.48397100000000004,0.6864536666666667,21.41475,1400.9035828109131
1953,30,0.228129,0.5509330000000001,0.7648706666666667,23.83896,1258.4441603157186
1954,30,0.31637099999999996,0.6548063333333334,0.8752546666666667,27.21758,1102.2287800752308
1955,30,0.17722833333333335,0.4837,0.6864893333333335,21.42367,1400.3202999299374
1956,30,0.1769773333333333,0.483647,0.6868003333333335,21.42951,1399.9386826856985
1957,30,0.17683500000000002,0.4829546666666667,0.6865696666666667,21.44347,1399.027302950502
1958,30,0.18962533333333334,0.50593,0.7118700000000001,22.2121,1350.6152052259806
1959,30,0.17752,0.48398366666666665,0.6867803333333331,21.42886,1399.9811469205547
1960,30,0.17789633333333335,0.484186,0.686981,21.43055,1399.8707452678536
1961,30,0.1771953333333333,0.48321299999999995,0.6857159999999999,21.39203,1402.3914513956834
1962,30,0.1840876666666667,0.495485,0.7002360000000001,21.86704,1371.9277963546963
1963,30,0.18081899999999998,0.48962533333333336,0.6930026666666668,21.61997,1387.6059957530006
1964,30,0.1786596666666667,0.4840893333333334,0.6872306666666665,21.43822,1399.3699103750218
1965,30,0.1770943333333333,0.4826093333333333,0.6857966666666668,21.39517,1402.1856334864362
1966,30,0.17677333333333334,0.4830676666666666,0.6864536666666667,21.41566,1400.8440552380828
1967,30,0.18796366666666667,0.498841,0.7051639999999999,21.99269,1364.0896134124566
1968,30,0.17790933333333334,0.48530799999999996,0.6876990000000001,21.45939,1397.9894116281964
1969,30,0.17810333333333336,0.4841283333333333,0.6872090000000001,21.45333,1398.3843067719556
1970,30,0.17752566666666666,0.4831463333333333,0.6856283333333334,21.40079,1401.817409544227
1971,30,0.17940000000000006,0.48627766666666655,0.6902163333333333,21.53545,1393.0519213668624
1972,30,0.18542266666666668,0.49496733333333337,0.7005063333333333,21.85302,1372.8079688756977
1973,30,0.17718166666666668,0.48288833333333336,0.6854146666666666,21.38632,1402.7658802449416
1974,30,0.1783516666666667,0.4854386666666667,0.6879823333333331,21.47534,1396.9511076425333
1975,30,0.17718866666666663,0.4826296666666666,0.6856800000000001,21.391,1402.4589780748913
1976,30,0.18530300000000002,0.5012813333333334,0.7073046666666666,22.07088,1359.2570844479242
1977,30,0.17792066666666664,0.48292433333333323,0.6854126666666664,21.40488,1401.5495531860024
1978,30,0.1771566666666666,0.48439033333333337,0.6865003333333333,21.41453,1400.9179748516544
1979,30,0.17832366666666666,0.48789999999999994,0.6902876666666666,21.55683,1391.6702966066903
1980,30,0.17588299999999998,0.4815753333333334,0.6837793333333333,21.34913,1405.2094862882
1981,30,0.18752133333333335,0.5000373333333333,0.7059613333333334,22.03976,1361.1763467478775
1982,30,0.178116,0.4841553333333334,0.6875853333333332,21.45704,1398.1425210560265
1983,30,0.1787123333333333,0.4836723333333333,0.6865463333333334,21.44223,1399.108208427948
1984,30,0.17738400000000001,0.483727,0.6861700000000002,21.40848,1401.3138718862806
1985,30,0.1878323333333333,0.5010296666666666,0.7071093333333334,22.0482,1360.655291588429
1986,30,0.177873,0.4847826666666667,0.6872799999999998,21.46939,1397.3382569323114
1987,30,0.17754266666666665,0.4830523333333333,0.6855076666666666,21.40346,1401.6425381690624
1988,30,0.17823033333333335,0.4832713333333334,0.6857463333333335,21.40702,1401.4094441916718
1989,30,0.177197,0.48221566666666665,0.684818,21.37926,1403.2291108298416
1990,30,0.1868976666666667,0.503432,0.709091,22.11397,1356.6085148890045
1991,30,0.178444,0.48358533333333326,0.6863433333333333,21.43924,1399.3033335136881
1992,30,0.17701466666666665,0.48278166666666666,0.685944,21.40082,1401.815444454932
1993,30,0.17807133333333333,0.483338,0.686223,21.40667,1401.4323572979824
1994,30,0.18568499999999996,0.49711066666666676,0.702221,21.91865,1368.697433464196
1995,30,0.17710000000000006,0.4840083333333334,0.6868293333333334,21.43034,1399.8844628689978
1996,30,0.177578,0.48357766666666674,0.6857789999999999,21.41234,1401.0612572002874
1997,30,0.177221,0.48259900000000017,0.686018,21.39684,1402.07619442871
1998,30,0.17767133333333335,0.483597,0.686006,21.40108,1401.7984139118214
1999,30,0.18807500000000002,0.499974,0.7064793333333333,22.03331,1361.5748155860376
2000,30,0.17828733333333333,0.4832216666666666,0.6858696666666666,21.3994,1401.90846472331
2001,30,0.1775243333333333,0.4833286666666667,0.6862793333333332,21.40926,1401.262818051628
2002,30,0.17723233333333333,0.48327733333333334,0.6860023333333333,21.40305,1401.6693882413956
2003,30,0.1872103333333333,0.5006563333333333,0.7068603333333334,22.06734,1359.4751338403269
2004,30,0.176384,0.482827,0.6859666666666667,21.40501,1401.5410410927163
2005,30,0.17741866666666664,0.4835836666666667,0.6860170000000001,21.40518,1401.5299100498105
2006,30,0.17742166666666667,0.4839283333333334,0.6862149999999999,21.41226,1401.0664918135685
2007,30,0.17782166666666668,0.48413366666666674,0.6867613333333333,21.424,1400.2987303958178
2008,30,0.18707399999999996,0.499499,0.705341,22.02233,1362.2536761550662
2009,30,0.17676366666666668,0.4819586666666666,0.6849003333333333,21.385,1402.8524666822539
2010,30,0.17808100000000002,0.48324533333333336,0.6860106666666667,21.4007,1401.8233048451684
2011,30,0.17746400000000004,0.48331533333333326,0.6862026666666668,21.4068,1401.4238466281743
2012,30,0.18477466666666667,0.494943,0.7001203333333333,21.84316,1373.4276542405037
2013,30,0.1794886666666667,0.48630500000000004,0.6905383333333331,21.57454,1390.5279092856672
2014,30,0.17802866666666667,0.48392966666666665,0.6868873333333333,21.43488,1399.587961304192
2015,30,0.17775333333333335,0.4837173333333333,0.6863743333333333,21.4098,1401.2274752683352
2016,30,0.17712233333333333,0.4831200000000001,0.6865396666666667,21.41723,1400.7413657134935
2017,30,0.1867146666666667,0.5014136666666666,0.706793,22.04521,1360.839837769747
2018,30,0.17775433333333332,0.4834153333333333,0.685916,21.41549,1400.8551753894028
2019,30,0.17771099999999998,0.48346299999999987,0.6871756666666665,21.43627,1399.4972073033227
2020,30,0.17725733333333335,0.483826,0.686481,21.43727,1399.4319239343442
2021,30,0.182859,0.492196,0.6971583333333334,21.75214,1379.1746467244143
2022,30,0.1813596666666667,0.49018599999999996,0.6945200000000001,21.67084,1384.3487377508209
2023,30,0.17725133333333334,0.483597,0.6870456666666667,21.4303,1399.8870757758875
2024,30,0.17874800000000005,0.484381,0.687057,21.44806,1398.727903595943
2025,30,0.17836133333333332,0.48341800000000007,0.6867376666666666,21.45918,1398.0030923828404
2026,30,0.18611800000000003,0.496933,0.7041966666666666,21.96639,1365.7228156287856
2027,30,0.17799933333333331,0.48592366666666664,0.6888249999999999,21.49052,1395.9643600992438
2028,30,0.17684866666666668,0.48311033333333325,0.6859733333333333,21.39855,1401.9641517766393
2029,30,0.177661,0.483794,0.6867903333333333,21.42448,1400.2673577141663
2030,30,0.17844633333333337,0.4849623333333334,0.6885183333333332,21.47465,1396.9959929498268
2031,30,0.18661766666666668,0.4986930000000001,0.7045796666666667,22.00399,1363.3890944324187
2032,30,0.17640566666666663,0.4826223333333333,0.6851070000000001,21.381,1403.1149151115476
2033,30,0.17791633333333337,0.4836176666666667,0.6858773333333332,21.3919,1402.3999738218672
2034,30,0.17768233333333333,0.48334666666666665,0.6862616666666665,21.41079,1401.1626847958437
2035,30,0.186163,0.499375,0.7049853333333334,21.9862,1364.4922724254304
2036,30,0.17716066666666666,0.48277966666666666,0.6852109999999999,21.39997,1401.8711241183983
2037,30,0.17787033333333335,0.48369199999999984,0.6861700000000001,21.4479,1398.7383380191068
2038,30,0.17778999999999998,0.48345733333333335,0.686581,21.42161,1400.4549611350408
2039,30,0.17693766666666663,0.4822430000000001,0.6859473333333332,21.39908,1401.9294287417963
2040,30,0.18685066666666666,0.4998366666666667,0.7054793333333332,22.00713,1363.1945646706317
2041,30,0.17719566666666667,0.48323966666666673,0.686133,21.40954,1401.244491941443
2042,30,0.17662733333333333,0.4824676666666667,0.6853723333333334,21.40936,1401.2562729572487
2043,30,0.1777163333333333,0.48318099999999997,0.686126,21.40643,1401.4480695753566
2044,30,0.18810866666666665,0.5043986666666667,0.7109286666666665,22.16717,1353.3527283816563
2045,30,0.17770633333333336,0.4832466666666667,0.6868619999999999,21.43612,1399.5070003340156
2046,30,0.17711599999999994,0.4838103333333334,0.6862929999999999,21.41361,1400.978162953374
2047,30,0.17715666666666666,0.4841533333333334,0.6867103333333334,21.42624,1400.1523365742194
2048,30,0.17753,0.4834523333333334,0.6859046666666668,21.44413,1398.9842441731141
2049,30,0.1863153333333333,0.49953266666666657,0.7069796666666667,22.05191,1360.4263757651831
2050,30,0.1777763333333333,0.48328833333333343,0.6857340000000002,21.39796,1402.0028077442896
2051,30,0.177636,0.483562,0.6861043333333334,21.44085,1399.1982593973653
2052,30,0.17787500000000006,0.48302966666666663,0.685806,21.39811,1401.9929797538193
2053,30,0.18625633333333333,0.499307,0.7051673333333333,21.99333,1364.0499187708274
2054,30,0.177854,0.48491133333333336,0.6873426666666665,21.46219,1397.807027148674
2055,30,0.17776299999999998,0.4827056666666667,0.685494,21.408,1401.3452914798206
2056,30,0.17668066666666665,0.483508,0.6861206666666667,21.40789,1401.3524920017808
2057,30,0.17757266666666668,0.483685,0.6861486666666666,21.4217,1400.4490773374664
2058,30,0.18642933333333334,0.50076,0.7070233333333333,22.05798,1360.0520083888007
2059,30,0.1785733333333334,0.48491633333333334,0.6881006666666668,21.48582,1396.2697258005512
2060,30,0.1771376666666667,0.48297399999999996,0.6857726666666668,21.40006,1401.8652284152474
2061,30,0.17726433333333336,0.48245633333333343,0.6854326666666668,21.39697,1402.0676759372939
2062,30,0.18657433333333334,0.497199,0.7038183333333332,21.95404,1366.4910877451257
2063,30,0.1782426666666667,0.48549733333333334,0.6882546666666667,21.47587,1396.9166324810124
2064,30,0.177706,0.4834066666666666,0.6862100000000001,21.41792,1400.6962394107363
2065,30,0.17730300000000004,0.483384,0.6883943333333333,21.52073,1394.0047572735684
2066,30,0.17742333333333338,0.4829586666666666,0.6856956666666668,21.4163,1400.8021927223658
2067,30,0.1879483333333333,0.4987116666666667,0.7054553333333331,22.00942,1363.05272924048
2068,30,0.177325,0.484056,0.6866246666666669,21.42865,1399.994866685489
2069,30,0.17807733333333334,0.4836693333333334,0.6867843333333336,21.4355,1399.5474796482472
2070,30,0.17634666666666662,0.48372833333333337,0.6866790000000002,21.42457,1400.261475492857
2071,30,0.18449633333333335,0.49576333333333333,0.7009333333333333,21.8832,1370.9146742706735
2072,30,0.18610533333333334,0.49565499999999996,0.7001723333333335,21.84848,1373.0932311996075
2073,30,0.17760433333333334,0.48392099999999993,0.6865876666666668,21.42664,1400.1261980413167
2074,30,0.17753433333333335,0.4834333333333333,0.6858186666666667,21.40098,1401.8049640717388
2075,30,0.17714966666666668,0.48363599999999995,0.6861786666666666,21.42562,1400.1928532289849
2076,30,0.1877363333333333,0.49955266666666664,0.704944,22.05159,1360.4461174908477
2077,30,0.1779483333333333,0.4833716666666667,0.6864176666666667,21.43838,1399.3594665268552
2078,30,0.1773923333333333,0.4833,0.6860743333333333,21.42977,1399.921697713041
2079,30,0.17678866666666673,0.482731,0.685917,21.40354,1401.6372992504978
2080,30,0.18107966666666667,0.48891300000000004,0.6941466666666667,21.66033,1385.0204498269418
2081,30,0.18305933333333335,0.4930596666666666,0.6973413333333334,21.7722,1377.9039325378235
2082,30,0.1771343333333333,0.4846273333333333,0.6873646666666668,21.46918,1397.3519249454334
2083,30,0.1779893333333334,0.4837236666666668,0.6867313333333332,21.42338,1400.3392555236383
2084,30,0.17644133333333334,0.48225233333333334,0.6859290000000001,21.40283,1401.6837960213672
2085,30,0.1900973333333333,0.503087,0.7099329999999999,22.14441,1354.7437028125835
2086,30,0.17869266666666667,0.484936,0.6874406666666666,21.4669,1397.5003377292483
2087,30,0.178365,0.484374,0.6873396666666666,21.44702,1398.7957301294073
2088,30,0.17776033333333333,0.48427266666666663,0.687561,21.47947,1396.682506598161
2089,30,0.17758033333333328,0.484646,0.6880443333333335,21.50315,1395.1444323273568
2090,30,0.18608766666666668,0.49881866666666663,0.7047960000000002,21.99105,1364.1913414775556
2091,30,0.178137,0.4851720000000001,0.6877696666666665,21.46474,1397.6409683974741
2092,30,0.178536,0.48481333333333326,0.6872699999999999,21.44811,1398.7246428706305
2093,30,0.17763299999999996,0.4839453333333334,0.6865286666666667,21.46013,1397.9412053887836
2094,30,0.18893466666666672,0.5027389999999999,0.7095156666666665,22.13247,1355.4745584202756
2095,30,0.17859166666666665,0.4849613333333333,0.6878480000000001,21.46949,1397.3317484486124
2096,30,0.177451,0.48367999999999994,0.688069,21.47127,1397.215907582551
2097,30,0.17838833333333337,0.48444033333333336,0.6871513333333336,21.44635,1398.8394295532808
2098,30,0.17705933333333332,0.48425166666666664,0.686986,21.45292,1398.41103215786
2099,30,0.18627999999999997,0.49749733333333335,0.7040933333333332,22.01772,1362.5389004856088
2100,30,0.179109,0.4841143333333333,0.6872453333333333,21.46305,1397.7510186110549
2101,30,0.17807800000000001,0.4843376666666667,0.6875426666666666,21.45756,1398.1086386336563
2102,30,0.17784466666666665,0.4837019999999999,0.6868080000000002,21.44771,1398.7507290988176
2103,30,0.1872493333333333,0.4994133333333332,0.7053896666666666,22.01412,1362.7617183880163
2104,30,0.17803333333333335,0.48464833333333335,0.6867969999999998,21.43788,1399.392104069992
2105,30,0.17750866666666668,0.4830836666666667,0.6855123333333334,21.43652,1399.4808858900606
2106,30,0.17897966666666665,0.4853206666666666,0.688365,21.4855,1396.2905215145097
2107,30,0.177644,0.48381933333333327,0.6862150000000001,21.4192,1400.6125345484425
2108,30,0.18765366666666666,0.5018706666666667,0.7091826666666666,22.12828,1355.731218151614
2109,30,0.1787203333333333,0.48407800000000006,0.6870740000000001,21.44482,1398.939231012431
2110,30,0.17796199999999998,0.48448500000000005,0.6870773333333333,21.46425,1397.672874663685
2111,30,0.17802066666666672,0.48427366666666666,0.6868013333333333,21.43352,1399.6767679783813
2112,30,0.1863423333333333,0.5055133333333333,0.711344,22.18639,1352.1803231620827
2113,30,0.17719100000000002,0.4847636666666666,0.6875783333333333,21.47587,1396.9166324810124
2114,30,0.17777300000000001,0.4837156666666667,0.6867743333333334,21.42886,1399.9811469205547
2115,30,0.17736366666666664,0.48305633333333337,0.6866033333333331,21.41748,1400.7250152679028
2116,30,0.1792463333333333,0.4845873333333333,0.6872386666666668,21.4804,1396.6220368335785
2117,30,0.18569999999999995,0.4988289999999999,0.707226,22.0634,1359.7179038588795
2118,30,0.17767866666666665,0.483901,0.6870766666666664,21.43922,1399.3046388814519
2119,30,0.17731533333333332,0.4836776666666666,0.6864806666666665,21.41989,1400.5674165460234
2120,30,0.17820033333333332,0.4849120000000001,0.6875926666666666,21.47775,1396.794356950798
2121,30,0.18785833333333332,0.5038906666666667,0.7101009999999998,22.13947,1355.0459880024227
2122,30,0.17774433333333337,0.484371,0.6871816666666668,21.48661,1396.2183890339147
2123,30,0.17816733333333337,0.4853683333333333,0.6879550000000001,21.46472,1397.6422706655387
2124,30,0.17789433333333332,0.48360633333333325,0.6868633333333333,21.44251,1399.0899386312515
2125,30,0.17819333333333334,0.4841223333333333,0.6877920000000001,21.46034,1397.92752584535
2126,30,0.18676566666666664,0.5010686666666666,0.7069580000000001,22.05218,1360.4097191298092
2127,30,0.17647233333333331,0.48337366666666676,0.6871483333333332,21.44143,1399.1604104763535
2128,30,0.17757366666666663,0.4835966666666666,0.6862733333333335,21.44491,1398.9333599441545
2129,30,0.17835533333333334,0.48472933333333335,0.6872913333333333,21.45668,1398.1659790797087
2130,30,0.1844773333333333,0.4961296666666667,0.7017033333333333,21.88587,1370.7474274497654
2131,30,0.179047,0.4864306666666666,0.6906463333333335,21.5469,1392.3116550408643
2132,30,0.17772699999999997,0.4831830000000001,0.6857673333333332,21.41283,1401.0291960474165
2133,30,0.17718499999999998,0.48388333333333333,0.6871673333333334,21.4642,1397.6761304870436
2134,30,0.17697800000000002,0.4844296666666667,0.6867923333333331,21.42589,1400.1752085911016
2135,30,0.186078,0.49986333333333327,0.7055573333333333,22.00777,1363.154922102512
2136,30,0.27469599999999994,0.6495553333333333,0.8761266666666666,27.27506,1099.9059213801913
2137,30,0.234797,0.5846396666666666,0.8170836666666667,25.62713,1170.6344019014223
2138,30,0.17837033333333333,0.4859366666666667,0.6894263333333333,21.52715,1393.5890259509504
2139,30,0.20495666666666662,0.5158449999999999,0.7214646666666665,22.5322,1331.4279120547483
2140,30,0.1741496666666667,0.48167,0.6849770000000001,21.37995,1403.1838240968757
2141,30,0.17742399999999997,0.48409766666666665,0.6866733333333331,21.42365,1400.321607195786
2142,30,0.177583,0.4840266666666666,0.6865159999999999,21.4164,1400.7956519302966
2143,30,0.182165,0.4913153333333334,0.695532,21.70849,1381.9478001463942
2144,30,0.18228100000000003,0.49311466666666665,0.6975566666666667,21.76534,1378.3382203080678
2145,30,0.17669999999999997,0.4826426666666666,0.6870243333333333,21.45496,1398.2780671695498
2146,30,0.1775296666666666,0.483776,0.686376,21.41034,1401.1921342678352
2147,30,0.17717533333333335,0.48352500000000004,0.6859496666666669,21.3965,1402.0984740494941
2148,30,0.18722,0.49944933333333325,0.7055943333333333,22.0214,1362.3112063719836
2149,30,0.17761733333333335,0.4840453333333333,0.6873009999999998,21.44657,1398.8250801876477
2150,30,0.17728399999999997,0.48365900000000006,0.6863416666666667,21.44783,1398.7429031281952
2151,30,0.17761966666666665,0.4830340000000001,0.6861243333333334,21.42168,1400.450384843766
2152,30,0.17806966666666665,0.4849576666666666,0.6892236666666668,21.50483,1395.0354408753756
2153,30,0.18664699999999998,0.498963,0.7046873333333333,21.99901,1363.6977300342153
2154,30,0.17668833333333336,0.4825336666666667,0.685359,21.38497,1402.854434680058
2155,30,0.17736466666666664,0.48571733333333333,0.6884586666666668,21.4785,1396.7455827920944
2156,30,0.1780253333333333,0.48376433333333335,0.6867249999999999,21.44294,1399.061882372473
2157,30,0.18608499999999997,0.5004293333333333,0.7061543333333334,22.02402,1362.1491444341225
2158,30,0.17736066666666664,0.48387433333333335,0.6867306666666667,21.43591,1399.5207108072389
2159,30,0.17649000000000006,0.4822429999999999,0.6858886666666667,21.40137,1401.7794187942175
2160,30,0.17790299999999998,0.48919866666666667,0.6916030000000001,21.57029,1390.801885371036
2161,30,0.177661,0.4838143333333334,0.6862166666666667,21.41127,1401.1312733901352
2162,30,0.19066066666666664,0.5080986666666667,0.7160483333333334,22.35427,1342.0254832745602
2163,30,0.17740766666666669,0.48433933333333334,0.6869356666666666,21.43108,1399.836125850867
2164,30,0.17660366666666666,0.4837846666666668,0.6865379999999999,21.42024,1400.5445317139304
2165,30,0.17730666666666667,0.483548,0.6864873333333334,21.42648,1400.1366533373657
2166,30,0.18653799999999995,0.5050236666666668,0.7106303333333331,22.17167,1353.078049601135
2167,30,0.17821599999999999,0.48468066666666665,0.6873703333333335,21.48205,1396.5147646523494
2168,30,0.1768203333333333,0.482602,0.6860063333333332,21.40403,1401.6052117288193
2169,30,0.17636666666666667,0.48242199999999996,0.6859093333333334,21.3986,1401.9608759451553
2170,30,0.177666,0.4836223333333333,0.6867486666666666,21.42277,1400.3791293096083
2171,30,0.18593200000000004,0.500655,0.7069616666666667,22.0514,1360.4578394115567
2172,30,0.17753766666666662,0.4833413333333333,0.686263,21.41488,1400.895078562196
2173,30,0.17681099999999997,0.48402233333333344,0.6871120000000002,21.46038,1397.9249202483832
2174,30,0.17722999999999997,0.4836309999999999,0.6862423333333335,21.40758,1401.3727847799705
2175,30,0.1879543333333333,0.500962,0.706567,22.03402,1361.5309416983373
2176,30,0.17710266666666666,0.4855066666666667,0.6882316666666667,21.47838,1396.7533864285856
2177,30,0.17691433333333334,0.48249866666666674,0.6855999999999999,21.39043,1402.4963500032493
2178,30,0.1771376666666667,0.4829443333333333,0.6860446666666667,21.40485,1401.5515175299056
2179,30,0.17742333333333332,0.48451366666666673,0.6874280000000002,21.46448,1397.6578980716047
2180,30,0.18588366666666667,0.4987156666666666,0.7046543333333333,21.98357,1364.655513185529
2181,30,0.178615,0.48418033333333327,0.6872820000000001,21.44917,1398.6555190713673
2182,30,0.17670200000000003,0.4827943333333334,0.685858,21.40118,1401.7918638131168
2183,30,0.17637266666666668,0.48301900000000003,0.6858963333333333,21.39856,1401.9634966091176
2184,30,0.1860516666666667,0.4981083333333335,0.7041523333333333,21.98983,1364.2670270756983
2185,30,0.17833833333333335,0.484161,0.6880923333333334,21.47165,1397.191179997811
2186,30,0.177975,0.4837086666666667,0.6867130000000002,21.42098,1400.4961491024221
2187,30,0.17723066666666665,0.48433666666666675,0.6868223333333334,21.43203,1399.7740764640587
2188,30,0.17799466666666666,0.48367233333333337,0.6862306666666668,21.43934,1399.2968067114004
2189,30,0.18694633333333335,0.4992743333333334,0.70551,22.01064,1362.9771783101262
2190,30,0.17807533333333334,0.48403166666666664,0.6865466666666667,21.47549,1396.9413503486999
2191,30,0.17745433333333333,0.4831406666666666,0.6861276666666668,21.40647,1401.4454508379943
2192,30,0.17627533333333334,0.482628,0.6862733333333332,21.41348,1400.9866682108654
2193,30,0.18471233333333334,0.4957270000000001,0.7008263333333333,21.85855,1372.4606618462797
2194,30,0.18037199999999995,0.48656066666666664,0.6898856666666665,21.53971,1392.7764115672867
2195,30,0.17726966666666666,0.4831276666666667,0.6867686666666668,21.42444,1400.2699720506114
2196,30,0.17684233333333335,0.48358233333333334,0.6858683333333334,21.4218,1400.4425398425901
2197,30,0.176438,0.4833800000000001,0.685596,21.3894,1402.563886785043
2198,30,0.1869033333333333,0.49900199999999995,0.7046336666666667,21.978,1365.001365001365
2199,30,0.17792199999999997,0.4838043333333334,0.686411,21.41767,1400.7125891845378
2200,30,0.17832033333333328,0.48398499999999994,0.6871399999999998,21.45268,1398.4266767601998
2201,30,0.177518,0.482991,0.6858366666666668,21.41805,1400.6877376792004
2202,30,0.1821736666666666,0.490471,0.6960496666666667,21.71247,1381.694482479423
2203,30,0.18213933333333332,0.4910996666666667,0.6950913333333333,21.68843,1383.225987312129
2204,30,0.17762099999999997,0.483564,0.6869063333333335,21.42977,1399.921697713041
2205,30,0.17724433333333334,0.4832566666666666,0.686143,21.40157,1401.7663190130443
2206,30,0.17674966666666667,0.48255800000000004,0.6853850000000001,21.38363,1402.9423442137747
2207,30,0.18579766666666667,0.4986026666666667,0.7050716666666667,22.01255,1362.858914573732
2208,30,0.17928733333333338,0.4853813333333334,0.6882570000000001,21.47596,1396.9107783773113
2209,30,0.176686,0.4835896666666667,0.6865600000000001,21.42136,1400.4713052766024
2210,30,0.1767326666666666,0.482775,0.685764,21.39586,1402.1404140801071
2211,30,0.17742833333333333,0.48344299999999996,0.6876269999999999,21.45233,1398.4494924327569
2212,30,0.18642166666666662,0.4998636666666666,0.7050883333333334,22.02448,1362.120694790524
2213,30,0.17703200000000002,0.4826346666666667,0.6855886666666666,21.41149,1401.116876966526
2214,30,0.17764566666666667,0.48481833333333324,0.6873120000000003,21.47158,1397.1957350134458
2215,30,0.18439333333333338,0.4900076666666667,0.6931526666666668,21.61515,1387.9154204342788
2216,30,0.18775666666666668,0.4998003333333333,0.7070183333333333,22.05079,1360.4954743118046
2217,30,0.17759799999999995,0.48366966666666666,0.6863866666666667,21.42044,1400.5314550027917
2218,30,0.17799500000000004,0.4846243333333333,0.6871363333333332,21.46481,1397.6364104783597
2219,30,0.17795333333333335,0.4834516666666666,0.6866329999999999,21.42165,1400.452346107793
2220,30,0.17755133333333334,0.48303700000000005,0.685831,21.3978,1402.0132910859993
2221,30,0.1868273333333333,0.5019936666666667,0.7093963333333332,22.14362,1354.7920349066685
2222,30,0.17809633333333336,0.4846883333333334,0.6871596666666667,21.43802,1399.3829654044544
2223,30,0.1776606666666667,0.48338099999999995,0.686651,21.42134,1400.4726128244079
2224,30,0.17794266666666667,0.48376199999999986,0.6864063333333333,21.41759,1400.7178211927671
2225,30,0.18538666666666667,0.49745066666666665,0.703285,21.96889,1365.5674000825713
2226,30,0.17863466666666664,0.485807,0.6885960000000002,21.48342,1396.4257087558685
2227,30,0.17769000000000007,0.48360566666666666,0.6863003333333334,21.41092,1401.1541774010645
2228,30,0.17750799999999997,0.4827696666666667,0.6858759999999999,21.41336,1400.9945193094404
2229,30,0.17714133333333332,0.4826283333333333,0.6852116666666668,21.38878,1402.6045431296222
2230,30,0.18694399999999992,0.5012276666666666,0.7070306666666668,22.07058,1359.2755604972774
2231,30,0.17772033333333334,0.48397433333333334,0.6866853333333334,21.4252,1400.220301327409
2232,30,0.17791700000000002,0.48458566666666675,0.6870866666666665,21.4302,1399.8936080857854
2233,30,0.178185,0.48408799999999996,0.686183,21.40734,1401.388495721561
2234,30,0.18734033333333333,0.5001010000000001,0.7064803333333333,22.03568,1361.428374345607
2235,30,0.17673200000000006,0.4837206666666667,0.6864786666666667,21.45115,1398.5264193295
2236,30,0.17861966666666662,0.48383133333333334,0.6869923333333333,21.43856,1399.3477173840035
2237,30,0.17676566666666665,0.48310099999999995,0.6861550000000001,21.41309,1401.0121846029695
2238,30,0.17723066666666668,0.48325566666666664,0.6867666666666667,21.42204,1400.4268501039116
2239,30,0.1862716666666667,0.49838600000000005,0.7045749999999998,21.97863,1364.962238319677
2240,30,0.17737533333333336,0.48529000000000005,0.6876893333333333,21.47268,1397.124159629818
2241,30,0.17755933333333335,0.48288566666666666,0.6861166666666667,21.40598,1401.477531045063
2242,30,0.1776343333333333,0.48358166666666663,0.6870960000000002,21.45343,1398.3777885401075
2243,30,0.18736399999999998,0.49943299999999996,0.7046923333333334,21.98178,1364.766638552474
2244,30,0.17785033333333333,0.4843326666666667,0.6871263333333332,21.48459,1396.3496627117388
2245,30,0.17765633333333336,0.48312733333333335,0.6863106666666664,21.4117,1401.1031352017824
2246,30,0.1774916666666667,0.483304,0.6861263333333334,21.40571,1401.4952085214645
2247,30,0.17718199999999998,0.483233,0.6862256666666668,21.42934,1399.9497884675868
2248,30,0.18603733333333333,0.5001783333333333,0.7061143333333334,22.02939,1361.8170997925954
2249,30,0.17681233333333332,0.48312800000000006,0.6862966666666668,21.41611,1400.8146203955807
2250,30,0.1778746666666667,0.48515633333333336,0.6878656666666667,21.46266,1397.7764172753982
2251,30,0.17794833333333332,0.48451533333333335,0.6870646666666668,21.44959,1398.6281322859784
2252,30,0.18408099999999997,0.4984153333333332,0.7054073333333333,22.02351,1362.1806878195166
2253,30,0.18025,0.48919066666666666,0.6928176666666668,21.62418,1387.3358434863194
2254,30,0.176818,0.48391300000000004,0.6864723333333332,21.4248,1400.2464433740338
2255,30,0.17820633333333336,0.4834136666666665,0.6859020000000001,21.42184,1400.4399248617299
2256,30,0.17785133333333333,0.48349400000000003,0.6866046666666666,21.4473,1398.7774684925375
2257,30,0.18801099999999996,0.5032133333333333,0.7090946666666669,22.11682,1356.4337006857224
2258,30,0.177041,0.483853,0.6865416666666668,21.42109,1400.4889573779858
2259,30,0.17788400000000001,0.48301200000000005,0.6855433333333333,21.43889,1399.326177801183
2260,30,0.17813866666666664,0.48357266666666665,0.6866963333333334,21.42908,1399.966774121894
2261,30,0.18206433333333336,0.4916613333333333,0.6971696666666667,21.74693,1379.505061174152
2262,30,0.1828596666666667,0.49830933333333327,0.7029793333333334,21.93508,1367.6722400830085
2263,30,0.17727366666666672,0.48409599999999997,0.6877343333333332,21.45809,1398.0741063160795
2264,30,0.17786866666666665,0.4846713333333333,0.6875443333333333,21.47972,1396.6662507704941
2265,30,0.17774,0.4841886666666666,0.6871079999999999,21.45279,1398.419506274009
2266,30,0.1884826666666667,0.5063290000000001,0.712553,22.22155,1350.0408387353718
2267,30,0.17769333333333331,0.48430133333333336,0.6883646666666667,21.47965,1396.670802364098
2268,30,0.1775103333333333,0.48413333333333336,0.6871356666666666,21.44794,1398.7357293987209
2269,30,0.17794633333333337,0.4844156666666667,0.688096,21.49414,1395.7292545782248
2270,30,0.179738,0.48818333333333336,0.6918203333333336,21.57951,1390.2076553174747
2271,30,0.184797,0.4955196666666667,0.7016570000000001,21.89403,1370.2365439345795
2272,30,0.17766433333333337,0.4840036666666668,0.6865190000000001,21.43738,1399.4247431355884
2273,30,0.17787500000000003,0.48338966666666666,0.6858586666666666,21.41219,1401.071072132276
2274,30,0.17775866666666665,0.48313333333333336,0.6857866666666667,21.41304,1401.0154560025105
2275,30,0.1878086666666667,0.5014593333333333,0.7074056666666665,22.06255,1359.7702894724318
2276,30,0.1773626666666667,0.483391,0.686402,21.44695,1398.8002956131293
2277,30,0.17744400000000002,0.4848853333333334,0.6876076666666667,21.45396,1398.3432429257814
2278,30,0.17838600000000004,0.4847616666666666,0.6872856666666666,21.45701,1398.1444758612688
2279,30,0.17764533333333332,0.48387699999999995,0.6868940000000001,21.42772,1400.0556288769874
2280,30,0.18628566666666665,0.5011306666666667,0.7072036666666667,22.06106,1359.8621281117046
2281,30,0.177465,0.4840383333333333,0.6870543333333334,21.46374,1397.7060847736695
2282,30,0.177091,0.4841046666666667,0.6869560000000001,21.43355,1399.6748088860688
2283,30,0.17760433333333336,0.48480199999999996,0.6879976666666664,21.46713,1397.4853648345168
2284,30,0.18687199999999998,0.4985303333333334,0.7048776666666665,21.9887,1364.3371368020846
2285,30,0.17869133333333334,0.48452599999999996,0.6869413333333333,21.44799,1398.732468636921
2286,30,0.17732133333333333,0.4832696666666667,0.6863769999999999,21.42024,1400.5445317139304
2287,30,0.17772866666666673,0.48430299999999993,0.68699,21.4606,1397.9105896386868
2288,30,0.17769533333333334,0.48358733333333326,0.686043,21.42121,1400.4811119446567
2289,30,0.1862686666666666,0.4990786666666667,0.7045270000000001,21.98116,1364.8051331230927
2290,30,0.17766500000000002,0.48383633333333337,0.6870413333333333,21.43957,1399.2817952972005
2291,30,0.17652966666666664,0.4823886666666668,0.6862043333333335,21.40948,1401.2484189247004
2292,30,0.17751966666666663,0.48374900000000004,0.6860336666666667,21.40541,1401.5148506849437
2293,30,0.18679766666666664,0.5013523333333333,0.7069399999999999,22.09082,1358.0301681875096
2294,30,0.17722133333333334,0.48445999999999995,0.6867473333333333,21.45895,1398.0180763737274
2295,30,0.17800733333333335,0.4834766666666666,0.6864610000000001,21.41406,1400.94872247486
2296,30,0.17651100000000003,0.4829963333333333,0.68585,21.39787,1402.0087046047106
2297,30,0.17707799999999996,0.4836816666666666,0.6863926666666667,21.41243,1401.0553683071003
2298,30,0.18503633333333333,0.4981543333333333,0.7057893333333332,22.05138,1360.4590733096977
2299,30,0.17738833333333337,0.4833406666666667,0.6865280000000001,21.4217,1400.4490773374664
2300,30,0.177016,0.4832156666666666,0.6858709999999999,21.39915,1401.924842809177
2301,30,0.17650233333333334,0.4823403333333333,0.6856953333333333,21.39326,1402.310821258658
2302,30,0.187386,0.5015243333333335,0.7073066666666669,22.05877,1360.0033002746754
2303,30,0.17730633333333337,0.48385766666666663,0.6867303333333332,21.43424,1399.6297512764622
2304,30,0.17828633333333335,0.48455566666666655,0.6873410000000001,21.47962,1396.6727530561527
2305,30,0.17693533333333336,0.4825513333333334,0.6848329999999999,21.38185,1403.0591366041758
2306,30,0.17698066666666668,0.483465,0.6858780000000001,21.41305,1401.0148017213803
2307,30,0.18707333333333337,0.5038603333333334,0.7093556666666668,22.13594,1355.2620760627287
2308,30,0.17703199999999997,0.4838476666666667,0.6863806666666667,21.41675,1400.7727596390678
2309,30,0.17773933333333336,0.48404633333333336,0.6864793333333332,21.41606,1400.8178908725508
2310,30,0.17708399999999996,0.48342066666666667,0.6866013333333334,21.46035,1397.9268744451979
2311,30,0.185813,0.5005860000000001,0.7060056666666665,22.02959,1361.8047362660857
2312,30,0.17993499999999998,0.48944000000000004,0.6922546666666666,21.61061,1388.2069964707152
2313,30,0.17731966666666665,0.48267333333333334,0.6861336666666666,21.40662,1401.435630660048
2314,30,0.17739466666666664,0.48316999999999993,0.6858156666666668,21.40068,1401.8246149187785
2315,30,0.17597500000000002,0.4824876666666667,0.6853536666666667,21.39184,1402.403907284273
2316,30,0.18794633333333335,0.505606,0.7113873333333331,22.18554,1352.2321295762915
2317,30,0.17769366666666667,0.48358933333333337,0.6861533333333334,21.44197,1399.1251736664121
2318,30,0.17764233333333332,0.4844036666666666,0.6878763333333332,21.46021,1397.9359941025739
2319,30,0.176938,0.48361133333333334,0.6863080000000003,21.40988,1401.222239452066
2320,30,0.18448499999999998,0.5003773333333333,0.7058843333333334,22.00988,1363.0242418404825
2321,30,0.18096666666666666,0.48897866666666673,0.6924036666666668,21.63174,1386.8509884086995
2322,30,0.1774423333333333,0.48383666666666675,0.6868503333333333,21.42878,1399.9863734659648
2323,30,0.17785600000000004,0.4835579999999999,0.6866673333333334,21.41961,1400.5857249501742
2324,30,0.17613066666666669,0.4824956666666666,0.686067,21.42951,1399.9386826856985
2325,30,0.18763966666666668,0.5010093333333333,0.7061300000000001,22.02523,1362.0743120503168
2326,30,0.17723533333333333,0.4836086666666667,0.6863336666666667,21.42004,1400.5576086692647
2327,30,0.17679333333333333,0.482537,0.6863056666666665,21.43499,1399.5807789040255
2328,30,0.1776863333333333,0.48386066666666666,0.6862183333333335,21.4091,1401.273290329813
2329,30,0.1831033333333334,0.49155333333333334,0.6949646666666667,21.67837,1383.8678830557833
2330,30,0.18566233333333332,0.5009503333333334,0.7061183333333333,22.03466,1361.4913958282089
2331,30,0.17736999999999997,0.48338733333333334,0.6858113333333333,21.39813,1401.9916693655005
2332,30,0.1776973333333333,0.4840476666666667,0.6868996666666667,21.45591,1398.216155828394
2333,30,0.17640566666666668,0.4823813333333334,0.6853773333333333,21.38245,1403.0197662101396
2334,30,0.18820833333333334,0.5001276666666666,0.706775,22.04614,1360.7824317544932
2335,30,0.17777166666666666,0.4840873333333333,0.6865916666666667,21.42657,1400.1307722141248
2336,30,0.17716933333333335,0.4838696666666666,0.6864743333333333,21.45135,1398.5133802767657
2337,30,0.17773166666666673,0.483237,0.68609,21.4048,1401.554791448647
2338,30,0.18101266666666668,0.4874466666666667,0.6905933333333334,21.57395,1390.5659371603251
2339,30,0.188105,0.5000083333333333,0.7057013333333334,22.0125,1362.862010221465
2340,30,0.17715766666666663,0.48375133333333337,0.6864909999999999,21.41899,1400.6262666913801
2341,30,0.17671800000000004,0.4834253333333333,0.6861060000000001,21.40399,1401.6078310632736
2342,30,0.17779500000000004,0.48883866666666675,0.6911563333333335,21.55891,1391.5360284912363
2343,30,0.1888053333333333,0.5062466666666666,0.7122306666666667,22.20912,1350.7964295748775
2344,30,0.17759033333333332,0.483792,0.6867526666666666,21.45419,1398.3282519638353
2345,30,0.17780133333333334,0.48359366666666664,0.6866416666666666,21.41905,1400.622343194493
2346,30,0.17773199999999997,0.4841763333333333,0.6880703333333335,21.46431,1397.668967695677
2347,30,0.17772933333333332,0.48414100000000004,0.686455,21.41668,1400.777338037455
2348,30,0.18723033333333333,0.49995666666666677,0.7050376666666666,22.02717,1361.9543500140962
2349,30,0.1779773333333333,0.48469766666666664,0.6870930000000001,21.46225,1397.8031194306284
2350,30,0.17846166666666666,0.48384400000000005,0.6865990000000001,21.4218,1400.4425398425901
2351,30,0.1782496666666666,0.4838613333333333,0.6866766666666666,21.44135,1399.1656308954425
2352,30,0.18564566666666665,0.4974550000000001,0.7034710000000001,21.9656,1365.7719342972648
2353,30,0.17759199999999994,0.4839793333333333,0.6873056666666667,21.44435,1398.969891836311
2354,30,0.17825100000000002,0.4836626666666667,0.6861270000000003,21.41963,1400.5844171911467
2355,30,0.17711366666666667,0.48352699999999993,0.6871026666666666,21.4553,1398.255908796428
2356,30,0.17756433333333332,0.48332166666666676,0.6860746666666667,21.40551,1401.5083032359425
2357,30,0.186465,0.5017906666666666,0.7076633333333332,22.07704,1358.8778205773963
2358,30,0.177449,0.4833006666666666,0.6863446666666668,21.41367,1400.974237484747
2359,30,0.17781499999999997,0.48348500000000005,0.6869843333333334,21.43243,1399.7479520521006
2360,30,0.17795566666666668,0.4842416666666667,0.686603,21.41917,1400.614496266662
2361,30,0.18690533333333334,0.500352,0.7061866666666667,22.0602,1359.9151412951833
2362,30,0.17688466666666663,0.4834833333333334,0.68623,21.41108,1401.143706903155
2363,30,0.17744599999999994,0.48403033333333334,0.6865236666666666,21.41535,1400.8643332936422
2364,30,0.17772899999999997,0.48432333333333333,0.6867313333333332,21.42528,1400.2150730352182
2365,30,0.177955,0.4833953333333333,0.6869426666666667,21.4474,1398.7709465949254
2366,30,0.19033566666666665,0.5033293333333333,0.7099693333333335,22.16046,1353.7625121500187
2367,30,0.17737833333333333,0.4841673333333334,0.686605,21.42131,1400.474574150694
2368,30,0.1777696666666667,0.48363599999999995,0.6862763333333334,21.42642,1400.140574113641
2369,30,0.17714033333333332,0.4836873333333333,0.6862363333333333,21.40603,1401.4742574872594
2370,30,0.188752,0.4996016666666667,0.7048906666666667,21.98513,1364.5586812541023
2371,30,0.17752700000000002,0.4852776666666667,0.6881353333333334,21.47311,1397.096182155263
2372,30,0.17715033333333335,0.48356533333333324,0.6875619999999999,21.47606,1396.9042738751893
2373,30,0.17794466666666672,0.48522666666666664,0.6881173333333331,21.46611,1397.5517688113962
2374,30,0.178357,0.4837803333333333,0.6862403333333335,21.42628,1400.1497226770116
2375,30,0.18757933333333335,0.5018870000000001,0.7073863333333335,22.06372,1359.6981832619342
2376,30,0.1771336666666667,0.483525,0.6862629999999998,21.41019,1401.2019510335967
2377,30,0.17815799999999998,0.48373333333333335,0.6860633333333334,21.40557,1401.504374795906
2378,30,0.17747433333333335,0.48331300000000005,0.6864323333333334,21.44073,1399.2060904642706
2379,30,0.18401266666666669,0.49580666666666656,0.7022503333333334,21.90103,1369.7985893814127
2380,30,0.180283,0.48691633333333334,0.6903193333333333,21.54392,1392.5042424962587
2381,30,0.175989,0.48226166666666664,0.6857273333333336,21.3932,1402.3147542209674
2382,30,0.17742733333333333,0.48303866666666667,0.6859850000000002,21.39854,1401.9648069447728
2383,30,0.17717000000000002,0.4840253333333333,0.6872076666666668,21.43461,1399.6055911444155
2384,30,0.18620499999999998,0.498985,0.7046856666666668,22.00328,1363.4330881577655
2385,30,0.17718,0.48328466666666675,0.68552,21.38995,1402.5278226456817
2386,30,0.17728533333333332,0.4836103333333333,0.6858876666666668,21.39657,1402.093887010862
2387,30,0.178276,0.4841769999999999,0.6866273333333333,21.43428,1399.6271393300824
2388,30,0.18214433333333332,0.4897066666666666,0.6949703333333334,21.67835,1383.8691597838397
2389,30,0.18294533333333335,0.49332100000000007,0.6978449999999999,21.78866,1376.863010391644
2390,30,0.1769853333333333,0.4833443333333334,0.6865773333333334,21.42433,1400.2771615261715
2391,30,0.17705133333333337,0.48318599999999995,0.6858446666666668,21.40404,1401.6045568967354
2392,30,0.178024,0.48392199999999996,0.6865830000000002,21.4301,1399.9001404566475
2393,30,0.1874293333333333,0.5033863333333334,0.7087013333333333,22.13342,1355.416379393695
2394,30,0.17734566666666662,0.4834216666666666,0.6864750000000001,21.42256,1400.3928568761157
2395,30,0.17714100000000002,0.484051,0.6867896666666665,21.44873,1398.6842111397739
2396,30,0.178068,0.4832353333333333,0.6856916666666667,21.40798,1401.3466006601277
2397,30,0.17924099999999996,0.48521066666666673,0.688548,21.4826,1396.4790109204657
2398,30,0.18583366666666665,0.5003183333333332,0.705615,22.00833,1363.1202367467226
2399,30,0.17724433333333334,0.48285766666666663,0.6857403333333334,21.39821,1401.9864278367208
2400,30,0.17836,0.48495499999999997,0.6883573333333334,21.50765,1394.8525292163486
2401,30,0.1777863333333333,0.4836153333333334,0.6867713333333333,21.44532,1398.9066145900365
2402,30,0.187572,0.5055256666666667,0.7113726666666665,22.18526,1352.249196087853
2403,30,0.17768066666666668,0.48318766666666674,0.6868106666666665,21.42914,1399.9628543189322
2404,30,0.17725600000000002,0.48364266666666655,0.6868766666666666,21.4317,1399.7956298380436
2405,30,0.17655366666666666,0.48277666666666674,0.6860163333333333,21.39927,1401.9169812802024
2406,30,0.1776136666666667,0.4843083333333333,0.6870066666666668,21.45677,1398.1601144999922
2407,30,0.18666566666666667,0.5029076666666666,0.7089120000000001,22.10668,1357.0558763233557
2408,30,0.17734466666666665,0.48308000000000006,0.6861600000000002,21.40826,1401.3282723584261
2409,30,0.1772843333333333,0.4825573333333333,0.6855836666666667,21.38416,1402.9075727080233
2410,30,0.1780336666666667,0.4831096666666666,0.6856840000000002,21.40818,1401.3335089671332
2411,30,0.1875166666666667,0.4995396666666666,0.705364,21.99579,1363.8973639955645
2412,30,0.17710299999999995,0.48329266666666665,0.6868583333333333,21.45826,1398.063030273657
2413,30,0.176976,0.48324966666666674,0.6856800000000001,21.39166,1402.4157078038825
2414,30,0.17539699999999997,0.48208233333333333,0.6851676666666665,21.37635,1403.420134868675
2415,30,0.17687733333333336,0.4826126666666667,0.6853840000000001,21.38309,1402.977773558452
2416,30,0.18761333333333335,0.5023276666666665,0.7098883333333332,22.1406,1354.9768298962088
2417,30,0.17810333333333334,0.4839783333333333,0.6863783333333332,21.4196,1400.5863788306037
2418,30,0.17721666666666666,0.48255466666666674,0.6856846666666667,21.43158,1399.8034675931501
2419,30,0.17738233333333334,0.482615,0.6858023333333333,21.39883,1401.9458073175028
2420,30,0.18718333333333337,0.49979033333333334,0.7056983333333331,22.0135,1362.800099938674
2421,30,0.17789333333333332,0.4860030000000001,0.6889133333333335,21.49867,1395.435159477307
2422,30,0.1778176666666667,0.4848253333333334,0.687539,21.45236,1398.4475367745088
2423,30,0.177528,0.48383766666666667,0.6866559999999999,21.44522,1398.9131377528417
2424,30,0.17702733333333337,0.4829303333333333,0.6865713333333332,21.42018,1400.5484547748897
2425,30,0.18696333333333331,0.5039223333333334,0.7104,22.15501,1354.0955296341551
2426,30,0.17801833333333333,0.4846406666666666,0.6872766666666666,21.44634,1398.840081804168
2427,30,0.17708233333333337,0.4826849999999999,0.6854696666666666,21.39963,1401.8933972222885
2428,30,0.17731933333333336,0.4841193333333334,0.6868663333333334,21.43124,1399.8256750426012
2429,30,0.1866406666666667,0.4983933333333333,0.7039946666666667,21.9859,1364.5108910710956
2430,30,0.177617,0.4851226666666666,0.6877646666666666,21.46417,1397.6780839883395
2431,30,0.17777466666666666,0.48312000000000005,0.6857303333333333,21.43483,1399.59122605591
2432,30,0.1771896666666667,0.4844,0.6873276666666667,21.44989,1398.6085709530446
2433,30,0.17597733333333335,0.48333266666666663,0.6860493333333333,21.40655,1401.4402133926299
2434,30,0.18744000000000002,0.49848200000000004,0.7047123333333333,21.98411,1364.621992884861
2435,30,0.17716033333333334,0.48361266666666664,0.6871123333333331,21.47031,1397.2783811691588
2436,30,0.17773433333333333,0.48463966666666664,0.6870896666666668,21.43701,1399.448897024352
2437,30,0.1764083333333333,0.481983,0.6845409999999997,21.37245,1403.67622804124
2438,30,0.18913166666666667,0.5041826666666667,0.7098563333333334,22.13461,1355.3435095535906
2439,30,0.17991433333333334,0.487139,0.6903136666666667,21.53828,1392.8688827520118
2440,30,0.17807733333333334,0.48346966666666663,0.6863313333333333,21.43935,1399.2961540345207
2441,30,0.17745299999999997,0.4830763333333333,0.6860316666666665,21.4025,1401.7054082467
2442,30,0.17683200000000002,0.4822803333333333,0.6846266666666667,21.39049,1402.4924160222602
2443,30,0.18617866666666666,0.4985193333333333,0.7045100000000002,21.97587,1365.1336670630103
2444,30,0.17725033333333332,0.4831316666666667,0.685506,21.40953,1401.245146437124
2445,30,0.1769043333333333,0.4836056666666667,0.6856850000000001,21.39385,1402.2721483043024
2446,30,0.177512,0.4830756666666666,0.6854063333333332,21.42281,1400.3765145655495
2447,30,0.17981933333333336,0.48781966666666665,0.6913170000000001,21.58201,1390.0466175300633
2448,30,0.18475700000000003,0.4942306666666667,0.6994363333333334,21.82492,1374.5754852709654
2449,30,0.17718533333333336,0.4833503333333333,0.6857359999999999,21.39592,1402.136482095652
2450,30,0.17761833333333332,0.48451166666666656,0.687465,21.45102,1398.5348948441613
2451,30,0.17762366666666668,0.4823026666666667,0.6846633333333333,21.37955,1403.210076919299
2452,30,0.187627,0.5011429999999999,0.7063869999999999,22.05296,1360.3616022520332
2453,30,0.1774263333333334,0.484235,0.6876803333333333,21.46293,1397.7588334863879
2454,30,0.1770826666666667,0.48280733333333326,0.6864276666666667,21.42007,1400.5556471103969
2455,30,0.17788733333333337,0.48396566666666657,0.6863863333333332,21.41699,1400.7570625003793
2456,30,0.17801366666666668,0.4844756666666667,0.6873826666666667,21.44785,1398.741598808272
2457,30,0.18495433333333333,0.4994826666666666,0.7051166666666667,22.02564,1362.048957487728
2458,30,0.17863199999999999,0.4842263333333333,0.6867433333333335,21.44498,1398.928793591787
2459,30,0.17756999999999995,0.4841363333333334,0.6874086666666667,21.44797,1398.7337729398166
2460,30,0.1775346666666667,0.48312566666666673,0.6862486666666666,21.41424,1400.936946629906
2461,30,0.18698866666666664,0.4974223333333334,0.7045723333333332,21.9998,1363.6487604432768
2462,30,0.17818333333333333,0.4834446666666668,0.686444,21.42213,1400.4209665425426
2463,30,0.17767533333333335,0.4826863333333334,0.6862923333333334,21.43363,1399.669584666713
2464,30,0.17752366666666666,0.4839303333333333,0.6877350000000001,21.45495,1398.2787188970376
2465,30,0.17661533333333332,0.4824716666666667,0.6847683333333332,21.36647,1404.0690858152986
2466,30,0.18519999999999998,0.49805,0.704324,21.96998,1365.4996499769231
2467,30,0.17767633333333335,0.48501700000000003,0.6875119999999999,21.44744,1398.768337852909
2468,30,0.17751733333333333,0.4838686666666667,0.6861573333333334,21.40833,1401.323690357912
2469,30,0.17773933333333333,0.48270966666666665,0.6853663333333332,21.39979,1401.8829156734716
2470,30,0.18816233333333335,0.5000490000000001,0.7054133333333333,22.00081,1363.5861588732416
2471,30,0.17733,0.48418100000000003,0.686638,21.42525,1400.2170336402141
2472,30,0.177631,0.48403566666666664,0.6864896666666667,21.41858,1400.6530778417616
2473,30,0.1771406666666667,0.48396033333333327,0.6868966666666668,21.43006,1399.9027534220622
2474,30,0.17771533333333336,0.4861906666666666,0.6901416666666667,21.53914,1392.8132692391619
2475,30,0.18765900000000002,0.5012396666666666,0.7076569999999999,22.07135,1359.2281396470992
2476,30,0.17759500000000003,0.4829036666666667,0.6854516666666666,21.3999,1401.875709699578
2477,30,0.17836833333333332,0.48366200000000004,0.6862003333333333,21.41826,1400.674004330884
2478,30,0.17752033333333334,0.48277299999999995,0.685024,21.39861,1401.9602207806956
2479,30,0.18570566666666666,0.49736433333333335,0.7030636666666669,21.94526,1367.037802240666
2480,30,0.1770016666666667,0.4823853333333334,0.6855323333333334,21.43794,1399.388187484432
2481,30,0.17730166666666666,0.4832449999999999,0.686443,21.43985,1399.2635209667978
2482,30,0.17725400000000002,0.48296300000000003,0.6859226666666666,21.40053,1401.8344405489022
2483,30,0.17730466666666667,0.48379200000000006,0.6868423333333331,21.4259,1400.174555094535
2484,30,0.18602833333333332,0.4974726666666667,0.703592,21.95344,1366.5284347236698
2485,30,0.17785666666666666,0.4842823333333333,0.687406,21.44643,1398.8342115680791
2486,30,0.17768100000000003,0.48349933333333334,0.686362,21.43685,1399.4593422074604
2487,30,0.177561,0.4831596666666666,0.6867463333333333,21.42669,1400.1229307933236
2488,30,0.18682133333333337,0.49883333333333335,0.7039156666666667,21.97328,1365.2945759577085
2489,30,0.17812699999999998,0.48437366666666665,0.6875813333333334,21.45838,1398.0552119964323
2490,30,0.17703733333333338,0.4822083333333333,0.6857936666666667,21.39668,1402.0866788679364
2491,30,0.1780606666666667,0.48391,0.6868483333333332,21.44898,1398.6679086837696
2492,30,0.17733866666666664,0.4825986666666667,0.6857436666666666,21.39489,1402.2039842224008
2493,30,0.1858246666666667,0.5025743333333333,0.7083876666666667,22.09047,1358.0516847310175
2494,30,0.17682633333333328,0.4839216666666667,0.686948,21.43505,1399.5768612622783
2495,30,0.17689966666666673,0.4826816666666666,0.6849580000000001,21.38556,1402.815731736742
2496,30,0.17715633333333336,0.48433733333333334,0.6863710000000001,21.41616,1400.8113499338817
2497,30,0.18679833333333334,0.49679066666666666,0.7013723333333335,21.88923,1370.5370175195746
2498,30,0.180428,0.4876506666666666,0.6910136666666667,21.59992,1388.8940329408626
2499,30,0.17737866666666663,0.48276066666666667,0.6863493333333334,21.41384,1400.9631154430965
2500,30,0.177509,0.4833113333333333,0.6864313333333333,21.4179,1400.6975473785944
2501,30,0.17695666666666668,0.483723,0.686587,21.42582,1400.1797830841479
2502,30,0.18638300000000002,0.49897600000000003,0.7051446666666668,21.99884,1363.7082682541443
2503,30,0.17769033333333337,0.483455,0.6859093333333333,21.45621,1398.1966060175585
2504,30,0.1769,0.4828946666666667,0.6853276666666666,21.39196,1402.3960403815265
2505,30,0.17794966666666667,0.4832203333333334,0.6863206666666668,21.42367,1400.3202999299374
2506,30,0.18020066666666665,0.4866323333333334,0.6911033333333335,21.56024,1391.4501879385386
2507,30,0.18400033333333335,0.5004006666666665,0.7061013333333332,22.02651,1361.9951594692034
2508,30,0.17712033333333332,0.4822963333333334,0.6849866666666667,21.41188,1401.091356760826
2509,30,0.17720633333333333,0.4829443333333333,0.685928,21.40226,1401.7211266473728
2510,30,0.17761933333333335,0.4835436666666667,0.6865916666666667,21.42245,1400.4000476136016
2511,30,0.18680466666666665,0.50309,0.7088573333333333,22.12122,1356.1639005443642
2512,30,0.17714000000000002,0.48363866666666677,0.6861783333333332,21.40956,1401.2431829519148
2513,30,0.1770623333333333,0.48437100000000005,0.6870866666666667,21.4377,1399.4038539582139
2514,30,0.17751600000000003,0.4836793333333334,0.6862536666666669,21.40603,1401.4742574872594
2515,30,0.17787299999999998,0.48362066666666664,0.6861799999999999,21.44482,1398.939231012431
2516,30,0.18594633333333332,0.5034393333333333,0.709782,22.13622,1355.2449334168164
2517,30,0.17702533333333334,0.4832763333333333,0.6859036666666665,21.41659,1400.7832245936445
2518,30,0.17670566666666668,0.4831856666666667,0.686027,21.40545,1401.512231698002
2519,30,0.17775000000000002,0.484021,0.6865570000000001,21.43311,1399.7035427896374
2520,30,0.187271,0.4981636666666666,0.7048123333333332,22.01885,1362.4689754460383
2521,30,0.1781773333333333,0.4839556666666667,0.68695,21.45171,1398.48991059454
2522,30,0.17676733333333333,0.482592,0.6854733333333333,21.40148,1401.7722138842735
2523,30,0.1819103333333333,0.48752,0.6908050000000002,21.54637,1392.345903277443
2524,30,0.17705466666666667,0.4828496666666666,0.6860193333333332,21.40304,1401.6700431340594
2525,30,0.1888263333333334,0.5020906666666668,0.70809,22.13589,1355.2651372951348
2526,30,0.17761066666666667,0.483145,0.6857900000000002,21.4111,1401.142398101919
2527,30,0.17680733333333334,0.4826586666666666,0.6853303333333332,21.39663,1402.0899552873514
2528,30,0.17685199999999998,0.48332899999999995,0.6861549999999998,21.40653,1401.441522750301
2529,30,0.18795933333333334,0.49899866666666676,0.7061946666666667,22.05165,1360.4424158736422
2530,30,0.177985,0.48320299999999994,0.6867073333333332,21.44316,1399.0475284426363
2531,30,0.17715499999999998,0.48283100000000007,0.6858626666666667,21.3984,1401.9739793629428
2532,30,0.176264,0.48243033333333335,0.6860390000000002,21.43047,1399.8759709889703
2533,30,0.1776683333333333,0.48342633333333335,0.6865176666666667,21.41548,1400.8558295214489
2534,30,0.1870946666666667,0.5036330000000001,0.7098933333333334,22.13522,1355.3061591436633
2535,30,0.17768866666666666,0.4835293333333333,0.6860013333333332,21.41728,1400.7380955938381
2536,30,0.17756666666666668,0.483752,0.6873213333333332,21.44295,1399.0612299147274
2537,30,0.17761166666666664,0.4828663333333333,0.6858426666666666,21.41162,1401.108370127996
2538,30,0.18638733333333327,0.49993000000000004,0.706407,22.02683,1361.9753727613097
2539,30,0.17723133333333332,0.48410500000000006,0.6867623333333335,21.46441,1397.6624561308697
2540,30,0.17797633333333335,0.48359433333333335,0.6865476666666664,21.41915,1400.6158040818611
2541,30,0.17743099999999998,0.48231166666666664,0.684749,21.37825,1403.2954053769602
2542,30,0.17678400000000002,0.482117,0.6857319999999998,21.40818,1401.3335089671332
2543,30,0.18922033333333335,0.5025236666666667,0.7087789999999999,22.1512,1354.328433674022
2544,30,0.17773066666666668,0.48469433333333334,0.6874149999999999,21.44909,1398.6607357235202
2545,30,0.17753566666666662,0.48297933333333326,0.6858026666666667,21.41356,1400.981434194034
2546,30,0.1775336666666667,0.483252,0.6856906666666666,21.42365,1400.321607195786
2547,30,0.18668599999999996,0.4969983333333333,0.7024993333333335,21.91345,1369.0222215123588
2548,30,0.17783099999999993,0.48541066666666666,0.688106,21.47403,1397.0363271356143
2549,30,0.17776033333333335,0.48471466666666674,0.687395,21.47043,1397.270571665309
2550,30,0.177278,0.48285933333333336,0.68572,21.39457,1402.224957080231
2551,30,0.17708999999999994,0.4826333333333333,0.6857566666666667,21.39715,1402.055881273908
2552,30,0.18759733333333334,0.5001523333333333,0.7067976666666668,22.05235,1360.3992318279006
2553,30,0.17782066666666668,0.48480466666666666,0.6880286666666665,21.46998,1397.2998577548744
2554,30,0.17712300000000006,0.48349133333333333,0.686278,21.42238,1400.4046235759051
2555,30,0.1769313333333333,0.4833896666666667,0.6858280000000001,21.39873,1401.9523588549414
2556,30,0.18162066666666662,0.49835099999999993,0.7027196666666666,21.92836,1368.0913666138279
2557,30,0.18094000000000005,0.488747,0.6920576666666667,21.59403,1389.2728684733697
2558,30,0.17690733333333333,0.4834523333333334,0.686385,21.42872,1399.9902934006325
2559,30,0.17819666666666667,0.48356699999999997,0.6864416666666667,21.42083,1400.505956118414
2560,30,0.17640933333333336,0.48427200000000004,0.6871399999999999,21.4579,1398.086485630001
2561,30,0.18623966666666666,0.49758399999999997,0.7036286666666666,21.96764,1365.6451034339602
2562,30,0.1781943333333333,0.4839953333333333,0.6871956666666666,21.44263,1399.0821088644443
2563,30,0.17692700000000003,0.4835293333333333,0.6868770000000001,21.42383,1400.3098418910156
2564,30,0.17749399999999999,0.48375666666666667,0.6868246666666666,21.42934,1399.9497884675868
2565,30,0.17995366666666665,0.4866453333333333,0.6914403333333333,21.57332,1390.6065454923025
2566,30,0.18516800000000003,0.4947123333333332,0.6999366666666668,21.88559,1370.7649645268873
2567,30,0.177262,0.48345333333333335,0.6861563333333333,21.40521,1401.5279457664747
2568,30,0.17759033333333327,0.484666,0.6873053333333333,21.44505,1398.92422726923
2569,30,0.177568,0.48342399999999996,0.6858513333333333,21.39694,1402.0696417338181
2570,30,0.18490900000000002,0.4996383333333334,0.704815,21.99691,1363.8279194668705
2571,30,0.17750733333333338,0.4839879999999999,0.6870186666666666,21.44782,1398.743555289069
2572,30,0.17753033333333332,0.48351366666666656,0.6866083333333335,21.42031,1400.5399548372548
2573,30,0.17756633333333335,0.48465199999999997,0.6872969999999998,21.44225,1399.106903426646
2574,30,0.17649299999999996,0.482257,0.6853246666666667,21.39637,1402.1069929151533
2575,30,0.186616,0.4999296666666666,0.7058300000000001,22.01944,1362.4324687639648
2576,30,0.17773199999999997,0.4847013333333334,0.687223,21.43574,1399.5318099585086
2577,30,0.17855766666666667,0.4842323333333333,0.6871900000000001,21.45735,1398.1223217219274
2578,30,0.17718733333333334,0.48369299999999993,0.6872586666666667,21.4393,1399.299417425009
2579,30,0.18633033333333332,0.49792233333333336,0.7041769999999998,21.96623,1365.732763428226
2580,30,0.1774073333333334,0.4831466666666667,0.6859526666666665,21.42194,1400.4333874523036
2581,30,0.17777166666666666,0.4838406666666667,0.686989,21.4338,1399.6584833300676
2582,30,0.1775063333333333,0.4831823333333333,0.6867993333333334,21.4262,1400.1549504811867
2583,30,0.17671033333333336,0.48248,0.6851906666666667,21.3926,1402.3540850574498
2584,30,0.18602366666666667,0.496775,0.7037686666666668,21.95108,1366.6753526477967
2585,30,0.17722399999999994,0.4825443333333333,0.6855289999999999,21.38912,1402.5822474229888
2586,30,0.17843833333333334,0.4843793333333334,0.687422,21.44734,1398.7748597261946
2587,30,0.17701266666666668,0.482939,0.6861316666666668,21.4042,1401.5940796666073
2588,30,0.18576133333333336,0.49860899999999997,0.7045616666666666,22.00149,1363.5440145190169
2589,30,0.17754399999999998,0.4830486666666666,0.6860656666666666,21.4076,1401.371475550739
2590,30,0.17701799999999998,0.483436,0.6860906666666666,21.40663,1401.4349759864117
2591,30,0.17713100000000004,0.4825173333333333,0.6849133333333334,21.39468,1402.2177475895878
2592,30,0.17755333333333334,0.4841716666666667,0.6872059999999998,21.43823,1399.3692576299443
2593,30,0.18574133333333329,0.496803,0.7024293333333335,21.93021,1367.9759564545896
2594,30,0.176402,0.48448699999999995,0.6869846666666668,21.45635,1398.1874829595902
2595,30,0.17711400000000002,0.48330533333333325,0.6860453333333333,21.40234,1401.7158871413126
2596,30,0.17692766666666665,0.4839133333333333,0.6867523333333333,21.42158,1400.4569224118857
2597,30,0.187118,0.4994640000000001,0.7047996666666665,22.00361,1363.4126400167972
2598,30,0.17764899999999992,0.48462466666666665,0.6873316666666669,21.44743,1398.768990037501
2599,30,0.17685966666666667,0.48272133333333334,0.6853353333333333,21.38189,1403.0565118424984
2600,30,0.17693666666666666,0.4836236666666667,0.6861569999999999,21.43023,1399.8916483864148
2601,30,0.17702600000000002,0.48350499999999996,0.6861353333333331,21.40353,1401.6379541131766
2602,30,0.18629199999999999,0.49916299999999997,0.704839,21.98459,1364.592198444456
2603,30,0.17637766666666665,0.48205933333333334,0.684569,21.39147,1402.4281641233633
2604,30,0.17747166666666667,0.48363766666666663,0.6865039999999999,21.41797,1400.6929695017782
2605,30,0.1775526666666667,0.48446700000000004,0.6873336666666667,21.45523,1398.2604707570135
2606,30,0.18742599999999995,0.49812899999999993,0.7029799999999999,21.93878,1367.4415806166066
2607,30,0.18045166666666665,0.48760899999999996,0.6910893333333333,21.58092,1390.1168254180081
2608,30,0.17662533333333333,0.4827953333333334,0.68625,21.41736,1400.7328634341488
2609,30,0.17735200000000004,0.483061,0.6863483333333333,21.41005,1401.2111134724114
2610,30,0.176989,0.483596,0.6873840000000001,21.44328,1399.039699150503
2611,30,0.18513166666666664,0.49763700000000005,0.7042930000000002,21.99182,1364.1435770209105
2612,30,0.17633500000000002,0.483344,0.6856253333333334,21.3945,1402.2295449765127
2613,30,0.17730800000000002,0.48387833333333335,0.6865256666666666,21.41637,1400.7976141615036
2614,30,0.1775423333333333,0.4834570000000001,0.685984,21.39905,1401.931394150675
2615,30,0.183353,0.490692,0.6951630000000002,21.6829,1383.5787648331172
2616,30,0.1818813333333334,0.4919133333333333,0.6966643333333333,21.74092,1379.886407750914
2617,30,0.17702833333333332,0.48334433333333326,0.6864316666666668,21.44084,1399.1989119829261
2618,30,0.17657599999999996,0.482181,0.6854240000000001,21.38225,1403.0328894293166
2619,30,0.17661233333333334,0.482614,0.684972,21.36655,1404.0638287416546
2620,30,0.185557,0.4995450000000001,0.7099563333333333,22.13921,1355.0619014860965
2621,30,0.17692999999999998,0.48302900000000004,0.6853833333333336,21.38421,1402.9042924662635
2622,30,0.1763606666666666,0.48416533333333334,0.6867396666666667,21.43994,1399.2576471762513
2623,30,0.1769426666666667,0.482852,0.6851036666666667,21.38461,1402.8780510844015
2624,30,0.17938033333333334,0.486229,0.6889793333333333,21.53213,1393.2667135113898
2625,30,0.1865956666666667,0.4993606666666667,0.7045466666666668,21.97486,1365.196410807623
2626,30,0.176562,0.4819926666666666,0.6843299999999999,21.36164,1404.3865545903777
2627,30,0.1764636666666667,0.482706,0.6855813333333334,21.3864,1402.7606329255975
2628,30,0.17731399999999997,0.48335433333333333,0.6860316666666666,21.42498,1400.234679332256
2629,30,0.18686699999999998,0.49847033333333335,0.7050233333333332,22.00907,1363.0744052338423
2630,30,0.17709166666666668,0.4833516666666667,0.6858590000000001,21.40578,1401.4906254292066
2631,30,0.17707233333333336,0.4829873333333333,0.6853279999999999,21.37967,1403.2022009694256
2632,30,0.17681166666666664,0.4824926666666666,0.6850826666666665,21.37546,1403.4785684144342
2633,30,0.17708966666666665,0.48231566666666664,0.6845876666666668,21.36096,1404.4312615163365
2634,30,0.1858983333333333,0.5014506666666666,0.7073426666666668,22.09373,1357.8512998936803
2635,30,0.177501,0.482291,0.6852833333333331,21.38132,1403.0939156235443
2636,30,0.1772006666666667,0.4829156666666667,0.685389,21.3968,1402.0788155238165
2637,30,0.17693599999999998,0.4830056666666667,0.6854673333333333,21.3831,1402.9771174432146
2638,30,0.18475099999999997,0.5011156666666666,0.7058526666666667,22.01421,1362.7561470522903
2639,30,0.17714900000000003,0.4835323333333333,0.6869456666666666,21.43721,1399.4358407647262
2640,30,0.17685933333333329,0.48245800000000005,0.6853899999999999,21.39891,1401.9405661316393
2641,30,0.1765853333333333,0.48185266666666665,0.6853973333333333,21.38511,1402.845250737546
2642,30,0.17736799999999997,0.4829163333333334,0.6857396666666666,21.3937,1402.281980209127
2643,30,0.18562166666666668,0.497348,0.7039466666666667,21.97001,1365.497785390175
2644,30,0.177627,0.4835979999999999,0.6857536666666665,21.39478,1402.211193571516
2645,30,0.17667466666666667,0.48363999999999996,0.6863236666666667,21.42183,1400.4405786060295
2646,30,0.17718399999999998,0.48308333333333336,0.6855686666666666,21.38516,1402.8419707872188
2647,30,0.1858773333333333,0.49681466666666657,0.702018,21.91816,1368.7280319150877
2648,30,0.17805833333333335,0.48364266666666667,0.686439,21.43024,1399.8909951545106
2649,30,0.17778733333333333,0.483022,0.6854979999999998,21.40153,1401.768938949692
2650,30,0.17726366666666668,0.484155,0.6865113333333335,21.41687,1400.7649110257473
2651,30,0.17762400000000003,0.48258733333333326,0.6848343333333333,21.40054,1401.8337855026089
2652,30,0.18706333333333333,0.4990806666666667,0.705142,21.99834,1363.7392639626444
2653,30,0.17765433333333333,0.48383899999999996,0.6866143333333332,21.42412,1400.2908870936121
2654,30,0.17657266666666668,0.48242000000000007,0.6848830000000002,21.36649,1404.0677715431968
2655,30,0.17670833333333336,0.48179166666666673,0.6853536666666667,21.37804,1403.3091901783325
2656,30,0.18378700000000003,0.49544799999999994,0.7001446666666665,21.83933,1373.6685145560784
2657,30,0.18083366666666661,0.488093,0.6913219999999999,21.62887,1387.0350138495446
2658,30,0.17755866666666667,0.48282566666666665,0.6854586666666668,21.38581,1402.7993328286373
2659,30,0.17640833333333333,0.481918,0.6847196666666666,21.36122,1404.4141673556098
2660,30,0.17668233333333339,0.4824940000000001,0.685162,21.37868,1403.267180200087
2661,30,0.18850133333333335,0.5000479999999999,0.7063423333333334,22.03165,1361.67740500598
2662,30,0.17766533333333337,0.48291366666666674,0.6855720000000001,21.45263,1398.4299360964133
2663,30,0.177951,0.48282666666666674,0.6851033333333333,21.39139,1402.4334089556594
2664,30,0.17645966666666668,0.4826786666666666,0.6850416666666668,21.38611,1402.7796546450008
2665,30,0.18087599999999998,0.48855633333333337,0.692338,21.59746,1389.0522311419954
2666,30,0.1845843333333333,0.4963216666666667,0.7008636666666668,21.89019,1370.4769122606976
2667,30,0.17747333333333332,0.4826536666666667,0.6853130000000002,21.39342,1402.3003334670193
2668,30,0.17706733333333335,0.482731,0.6855743333333333,21.40994,1401.2183126155421
2669,30,0.17683500000000002,0.4831773333333333,0.685919,21.39976,1401.8848809519359
2670,30,0.18583000000000002,0.5026873333333334,0.7087416666666667,22.09904,1357.525032761604
2671,30,0.17732100000000003,0.4831473333333333,0.6867993333333333,21.42884,1399.9824535532487
2672,30,0.17709599999999998,0.48313466666666666,0.6857046666666666,21.39213,1402.3848957537189
2673,30,0.17698299999999997,0.482518,0.6849299999999999,21.37309,1403.63419608489
2674,30,0.17760266666666663,0.48519266666666666,0.6879786666666666,21.49472,1395.691593098212
2675,30,0.18624166666666667,0.49984333333333336,0.7049946666666667,21.9877,1364.3991868180847
2676,30,0.177419,0.48383800000000005,0.6862866666666668,21.42829,1400.0183869081482
2677,30,0.177419,0.48412499999999997,0.6878183333333331,21.45867,1398.0363181874739
2678,30,0.1767473333333333,0.48261266666666663,0.6857203333333335,21.3894,1402.563886785043
2679,30,0.18786499999999998,0.5036623333333333,0.709076,22.12475,1355.9475248307892
2680,30,0.17809700000000006,0.485061,0.6875913333333332,21.45511,1398.2682913301308
2681,30,0.17765766666666666,0.4841899999999999,0.686929,21.44352,1399.0240408291177
2682,30,0.17754733333333333,0.4834623333333334,0.6868053333333333,21.42691,1400.108555083304
2683,30,0.177152,0.48345600000000005,0.6870036666666665,21.43132,1399.8204496969854
2684,30,0.18604933333333334,0.4975019999999999,0.7028613333333333,21.9266,1368.2011803015514
2685,30,0.17716233333333334,0.4833416666666667,0.686037,21.42763,1400.0615093689782
2686,30,0.17689633333333335,0.48336133333333337,0.6860286666666667,21.40175,1401.754529419323
2687,30,0.176503,0.48243099999999994,0.6851440000000001,21.37586,1403.4523055446657
2688,30,0.18939433333333336,0.5007853333333333,0.707501,22.06349,1359.71235738317
2689,30,0.17761666666666667,0.48384233333333326,0.6868106666666666,21.42772,1400.0556288769874
2690,30,0.17775900000000003,0.4833413333333333,0.6863983333333333,21.41264,1401.0416277488437
2691,30,0.178391,0.48497400000000007,0.6876233333333333,21.49182,1395.879920825691
2692,30,0.1769646666666667,0.48246766666666674,0.6850646666666668,21.38803,1402.6537273418824
2693,30,0.18681399999999995,0.49866166666666667,0.705833,22.01499,1362.7078640508125
2694,30,0.17755400000000005,0.48305666666666675,0.6860523333333333,21.40671,1401.4297386193396
2695,30,0.1772226666666667,0.4840013333333333,0.6868413333333333,21.42683,1400.1137825800643
2696,30,0.17788666666666667,0.48416866666666675,0.6868870000000001,21.45257,1398.4338473199248
2697,30,0.18652233333333332,0.49782733333333334,0.7041683333333333,21.96315,1365.9242868167817
2698,30,0.1774763333333333,0.4837636666666667,0.6870396666666666,21.43972,1399.2720054179813
2699,30,0.177528,0.484007,0.6863759999999999,21.40955,1401.2438374463732
2700,30,0.1772593333333333,0.48258300000000004,0.6862973333333333,21.40916,1401.2693632071505
2701,30,0.17739666666666665,0.48311799999999994,0.6861773333333333,21.40509,1401.5358029328538
2702,30,0.1879413333333333,0.5025589999999999,0.7081736666666665,22.10707,1357.0319359372363
2703,30,0.17725833333333332,0.4831840000000001,0.6861096666666667,21.40865,1401.3027444514248
2704,30,0.177563,0.4837169999999999,0.6862366666666667,21.40528,1401.5233624601033
2705,30,0.181707,0.4877983333333334,0.6906706666666665,21.54333,1392.5423785459352
2706,30,0.19060633333333332,0.5031406666666667,0.7091810000000002,22.11327,1356.6514586038156
2707,30,0.178641,0.484573,0.687848,21.46065,1397.9073327229137
2708,30,0.17735633333333337,0.48427133333333333,0.6867273333333332,21.44938,1398.6418255446079
2709,30,0.177705,0.4848993333333333,0.6876236666666667,21.44663,1398.821166775386
2710,30,0.17769000000000001,0.48355500000000007,0.6876916666666666,21.45666,1398.1672823263268
2711,30,0.18800166666666665,0.5004193333333332,0.7066776666666666,22.0437,1360.93305570299
2712,30,0.17695333333333335,0.4828126666666666,0.6866909999999998,21.42687,1400.1111688268047
2713,30,0.17716166666666666,0.483401,0.6861756666666666,21.43584,1399.5252810246764
2714,30,0.17628166666666664,0.48203366666666664,0.6849109999999999,21.36966,1403.8594905113139
2715,30,0.18429700000000002,0.4938613333333334,0.6993489999999999,21.81386,1375.2724185449067
2716,30,0.1794526666666667,0.4879376666666666,0.691338,21.57325,1390.6110576755937
2717,30,0.17672833333333332,0.483601,0.6860649999999999,21.4201,1400.5536855570235
2718,30,0.17800299999999997,0.483256,0.6857409999999999,21.40932,1401.2588909876633
2719,30,0.1777466666666667,0.4839786666666666,0.6867183333333333,21.46095,1397.8877915469725
2720,30,0.1857366666666667,0.4986206666666666,0.7039469999999999,21.95731,1366.2875825863914
2721,30,0.17732166666666663,0.4839099999999999,0.6870359999999999,21.43331,1399.6904817781294
2722,30,0.176571,0.4820003333333333,0.684383,21.36722,1404.0198022952916
2723,30,0.17806399999999997,0.48439033333333337,0.6868459999999997,21.4253,1400.213765968271
2724,30,0.1835813333333333,0.4912416666666667,0.694792,21.6711,1384.3321289643811
2725,30,0.18450133333333335,0.49524099999999993,0.6999506666666667,21.85331,1372.7897513008327
2726,30,0.17648999999999998,0.48278466666666664,0.685952,21.39892,1401.939910986162
2727,30,0.1777256666666667,0.4835886666666667,0.6863293333333332,21.41202,1401.082195888104
2728,30,0.17743833333333336,0.48257533333333336,0.6851936666666668,21.40548,1401.5102674642194
2729,30,0.18685766666666667,0.502928,0.7094936666666666,22.14178,1354.9046192311548
2730,30,0.1771583333333333,0.485032,0.6879986666666666,21.48149,1396.5511703331567
2731,30,0.17700700000000005,0.483553,0.6869073333333333,21.43114,1399.8322067794807
2732,30,0.17761333333333332,0.48487800000000003,0.6876913333333335,21.45527,1398.2578639187482
2733,30,0.17782333333333333,0.48438300000000006,0.6870506666666666,21.45036,1398.577925964879
2734,30,0.18724166666666667,0.5047813333333333,0.7105433333333333,22.1832,1352.374770096289
2735,30,0.17756766666666668,0.483259,0.6866043333333334,21.42587,1400.1765155860649
2736,30,0.17729733333333333,0.4831063333333333,0.6863586666666668,21.41392,1400.9578816022477
2737,30,0.17715366666666663,0.4834570000000001,0.6860516666666666,21.428,1400.0373343289154
2738,30,0.18716333333333332,0.5009196666666667,0.7065883333333332,22.03633,1361.3882166404296
2739,30,0.1770803333333333,0.4831896666666666,0.6863836666666666,21.42055,1400.5242629157515
2740,30,0.17661133333333334,0.48333300000000007,0.6870663333333334,21.43644,1399.4861087008849
2741,30,0.1771613333333334,0.484428,0.6870913333333334,21.43471,1399.599061522176
2742,30,0.17711966666666668,0.483651,0.686665,21.44992,1398.6066148498455
2743,30,0.186762,0.49937133333333333,0.7062883333333332,22.03321,1361.5809952340126
2744,30,0.17776000000000003,0.4836046666666666,0.6861933333333332,21.43026,1399.889688692531
2745,30,0.17804333333333336,0.484492,0.6883906666666666,21.47903,1396.7111177739405
2746,30,0.17797900000000003,0.483734,0.6868876666666669,21.44916,1398.6561711507584
2747,30,0.19064899999999999,0.5053300000000001,0.7124769999999999,22.2747,1346.8194857843202
2748,30,0.17783166666666667,0.48411466666666664,0.6875239999999999,21.45523,1398.2604707570135
2749,30,0.1766836666666667,0.4832253333333334,0.6858650000000001,21.41454,1400.9173206615692
2750,30,0.1772856666666667,0.4838356666666667,0.6870503333333333,21.43466,1399.60232632568
2751,30,0.177519,0.4834583333333333,0.686535,21.41601,1400.821161364792
2752,30,0.18783433333333333,0.5003383333333333,0.7075786666666667,22.06826,1359.4184589088584
2753,30,0.177094,0.48349566666666666,0.6867296666666667,21.42931,1399.951748329741
2754,30,0.177576,0.48433,0.6877510000000001,21.49484,1395.6838013216195
2755,30,0.17722333333333326,0.48302100000000003,0.6860506666666668,21.40484,1401.5521723124302
2756,30,0.18614100000000003,0.5038106666666666,0.7100566666666668,22.14256,1354.8568909827952
2757,30,0.17740033333333335,0.48361633333333326,0.6863879999999999,21.421,1400.4948415106671
2758,30,0.17798233333333335,0.4835313333333334,0.6860739999999999,21.41664,1400.7799542785422
2759,30,0.17707199999999998,0.4829403333333333,0.685631,21.4535,1398.3732258139698
2760,30,0.17728066666666667,0.48407800000000006,0.6875970000000001,21.45124,1398.5205517256811
2761,30,0.18612899999999996,0.49795399999999995,0.7049070000000001,22.0025,1363.4814225656175
2762,30,0.1774623333333333,0.4847273333333334,0.6880423333333333,21.46393,1397.693712195297
2763,30,0.17591766666666667,0.48206133333333334,0.6848486666666668,21.36897,1403.9048208687643
2764,30,0.17746200000000004,0.4835216666666666,0.6866766666666667,21.44418,1398.9809822525272
2765,30,0.18770999999999996,0.500101,0.7057596666666667,22.01065,1362.9765590748116
2766,30,0.17782366666666669,0.485567,0.6883109999999999,21.47703,1396.8411833479768
2767,30,0.17767466666666668,0.48431,0.6866643333333332,21.4214,1400.4686901883163
2768,30,0.17661966666666667,0.48410499999999995,0.6868900000000001,21.42936,1399.948481895866
2769,30,0.17808566666666667,0.483609,0.6861346666666667,21.42348,1400.3327190540472
2770,30,0.18722599999999998,0.5014733333333333,0.7075759999999999,22.0679,1359.4406354931823
2771,30,0.17806766666666668,0.4846776666666667,0.6874983333333333,21.48077,1396.5979804262138
2772,30,0.17748499999999998,0.483987,0.6867253333333333,21.42804,1400.0347208610774
2773,30,0.17739633333333335,0.48369533333333337,0.6863263333333335,21.44316,1399.0475284426363
2774,30,0.1840163333333333,0.4949613333333333,0.7012983333333334,21.87794,1371.2442761978505
2775,30,0.17929333333333333,0.487269,0.6904633333333333,21.54548,1392.403418257565
2776,30,0.1775006666666667,0.48354366666666665,0.6867036666666665,21.45197,1398.4729607583824
2777,30,0.17704733333333336,0.48377733333333334,0.6859899999999999,21.40191,1401.744049946944
2778,30,0.17709166666666668,0.48333466666666675,0.6859916666666668,21.40153,1401.768938949692
2779,30,0.18753066666666668,0.5010273333333334,0.7071066666666666,22.05364,1360.3196569817953
2780,30,0.17697433333333334,0.484179,0.6867676666666667,21.42914,1399.9628543189322
2781,30,0.17760666666666663,0.48416266666666663,0.6870486666666665,21.46117,1397.8734616985
2782,30,0.17764766666666665,0.483132,0.6856683333333333,21.41013,1401.2058777784162
2783,30,0.18042700000000003,0.4892493333333333,0.693852,21.64449,1386.0340437681832
2784,30,0.18476,0.4959169999999999,0.7015150000000002,21.88462,1370.8257214427301
2785,30,0.17827699999999996,0.4837226666666667,0.6874626666666667,21.44477,1398.9424927383227
2786,30,0.17757233333333333,0.4837426666666667,0.6866876666666667,21.42192,1400.434694929306
2787,30,0.1768243333333333,0.4827536666666667,0.6862963333333333,21.41304,1401.0154560025105
2788,30,0.18598733333333337,0.5013203333333334,0.7074053333333333,22.10697,1357.038074417254
2789,30,0.17927200000000001,0.4848503333333333,0.687614,21.46967,1397.3200333307404
2790,30,0.17800766666666665,0.4839719999999999,0.6870373333333332,21.43384,1399.6558712764488
2791,30,0.17712266666666665,0.4836749999999999,0.6866710000000001,21.42373,1400.3163781470362
2792,30,0.17849233333333334,0.48603566666666664,0.6895683333333333,21.51564,1394.3345398974886
2793,30,0.18676900000000002,0.5010060000000001,0.7067720000000002,22.08287,1358.519069305756
2794,30,0.17743566666666669,0.4845143333333333,0.687193,21.45701,1398.1444758612688
2795,30,0.17773566666666665,0.4839256666666667,0.6869763333333334,21.43407,1399.6408521573364
2796,30,0.17797266666666664,0.48398099999999994,0.6864129999999999,21.4324,1399.7499113491722
2797,30,0.18715366666666666,0.49840900000000005,0.7043846666666668,21.96826,1365.6065614664064
2798,30,0.17801899999999998,0.48480366666666674,0.687599,21.4546,1398.3015297418735
2799,30,0.1772199999999999,0.4834756666666668,0.686982,21.45522,1398.2611224680986
2800,30,0.177887,0.48421533333333333,0.6869783333333335,21.43289,1399.7179101838344
2801,30,0.1769206666666667,0.48374,0.6865489999999999,21.41779,1400.7047412454788
2802,30,0.18705033333333335,0.4989633333333333,0.7059946666666667,22.04971,1360.5621117012424
2803,30,0.17752966666666664,0.48432333333333333,0.6870719999999999,21.44153,1399.1538850072732
2804,30,0.17827699999999994,0.4838320000000001,0.6864933333333335,21.41827,1400.673350368634
2805,30,0.17775866666666668,0.483761,0.6871133333333334,21.46146,1397.8545728016638
2806,30,0.186381,0.4983026666666666,0.704176,21.96808,1365.6177508457724
2807,30,0.17755600000000005,0.48352466666666666,0.6863273333333334,21.41903,1400.6236510243461
2808,30,0.17730299999999996,0.48308500000000004,0.6864710000000002,21.42926,1399.9550147788586
2809,30,0.17772833333333338,0.4827286666666667,0.6866316666666666,21.4263,1400.1484157320676
2810,30,0.17734999999999998,0.4823113333333333,0.6851616666666668,21.41697,1400.7583705818329
2811,30,0.18639666666666668,0.5029616666666666,0.7084073333333333,22.1124,1356.704835296033
2812,30,0.17714033333333332,0.483968,0.6865896666666665,21.42671,1400.121623898396
2813,30,0.17757500000000004,0.4843193333333333,0.6868863333333333,21.43115,1399.8315536030498
2814,30,0.17758533333333332,0.48365533333333327,0.6860656666666668,21.40307,1401.6680784579034
2815,30,0.18540533333333334,0.4990036666666667,0.7051736666666666,21.99591,1363.8899231720807
2816,30,0.17702200000000004,0.4833166666666667,0.6865146666666667,21.45445,1398.311306046065
2817,30,0.1776106666666667,0.48453933333333327,0.6872203333333332,21.44372,1399.010992495705
2818,30,0.17722800000000002,0.4833166666666667,0.6862913333333335,21.41153,1401.1142594667451
2819,30,0.17798700000000006,0.48424333333333336,0.686811,21.42516,1400.2229154881459
2820,30,0.18782766666666664,0.4998656666666667,0.7060446666666669,22.02678,1361.978464396521
2821,30,0.17733766666666664,0.48437800000000003,0.6870603333333333,21.43859,1399.3457592127095
2822,30,0.1776326666666667,0.4827563333333334,0.685341,21.42431,1400.278468711478
2823,30,0.17921166666666669,0.48436199999999996,0.6873333333333332,21.44355,1399.0220835635891
2824,30,0.18671100000000002,0.49835300000000005,0.7036963333333335,21.95109,1366.674730047574
2825,30,0.17700000000000002,0.48400033333333337,0.6869106666666666,21.43933,1399.2974593888896
2826,30,0.177832,0.4838599999999999,0.6866536666666666,21.44404,1398.9901156685028
2827,30,0.17758033333333334,0.4838009999999999,0.6868839999999999,21.45437,1398.3165201308639
2828,30,0.17708000000000002,0.48319800000000007,0.685667,21.39771,1402.0191880346074
2829,30,0.18692500000000004,0.5010586666666668,0.706295,22.03154,1361.6842036462272
2830,30,0.17729833333333328,0.4835139999999999,0.6859466666666666,21.42051,1400.5268782115832
2831,30,0.17749933333333331,0.48316866666666664,0.6863043333333333,21.41565,1400.8447093597438
2832,30,0.17666566666666667,0.48269000000000006,0.6857989999999999,21.39691,1402.0716075358544
2833,30,0.18370899999999998,0.49763566666666675,0.703522,21.96454,1365.8378459098165
2834,30,0.18042466666666665,0.4893396666666667,0.6936073333333334,21.647,1385.8733311775304
2835,30,0.17696900000000002,0.4830866666666668,0.6860720000000001,21.41004,1401.2117679369117
2836,30,0.17767133333333335,0.48400033333333337,0.686697,21.42319,1400.3516749839775
2837,30,0.17842666666666668,0.48454333333333327,0.6878763333333333,21.45859,1398.0415302216968
2838,30,0.18683633333333333,0.5010813333333334,0.7074653333333333,22.06835,1359.4129148758288
2839,30,0.17670699999999998,0.4826256666666667,0.6863186666666667,21.44208,1399.117996015312
2840,30,0.17674499999999996,0.4827186666666667,0.6852596666666667,21.38607,1402.782278370921
2841,30,0.177848,0.4842943333333334,0.686746,21.42524,1400.217687176433
2842,30,0.18618333333333334,0.49441100000000004,0.6985166666666669,21.8072,1375.6924318573683
2843,30,0.18189899999999998,0.49187166666666665,0.6960903333333334,21.72136,1381.1289900816525
2844,30,0.17622933333333332,0.482846,0.6865586666666668,21.44973,1398.6190035958493
2845,30,0.17793066666666665,0.4846483333333334,0.6872733333333333,21.44406,1398.9888108874904
2846,30,0.1773816666666667,0.4833846666666667,0.6864703333333332,21.44428,1398.9744584569871
2847,30,0.18773833333333334,0.49866333333333335,0.7055936666666666,22.00468,1363.3463426871012
2848,30,0.17685533333333328,0.48314566666666675,0.6858373333333334,21.41855,1400.6550396735538
2849,30,0.17740766666666666,0.48334366666666667,0.6859006666666668,21.39837,1401.9759448967375
2850,30,0.17793333333333333,0.4833536666666667,0.6868626666666666,21.45567,1398.2317960706891
2851,30,0.17840766666666671,0.484249,0.687408,21.46083,1397.8956079517893
2852,30,0.18612433333333334,0.4976426666666666,0.7038823333333333,21.95765,1366.2664265073904
2853,30,0.17696766666666663,0.48419533333333326,0.6868016666666665,21.43499,1399.5807789040255
2854,30,0.17737666666666663,0.4836553333333334,0.6861966666666668,21.41258,1401.0455535951296
2855,30,0.17786566666666664,0.48342433333333334,0.6858766666666668,21.41303,1401.0161102842521
2856,30,0.18643466666666667,0.501171,0.7073153333333334,22.08678,1358.2785720689028
2857,30,0.17775066666666667,0.4837003333333333,0.6867333333333335,21.43027,1399.8890354624557
2858,30,0.17651433333333333,0.483606,0.6865279999999999,21.42121,1400.4811119446567
2859,30,0.17725866666666665,0.4827593333333333,0.6859263333333334,21.40011,1401.8619530460358
2860,30,0.17715,0.4838986666666666,0.6869246666666667,21.43252,1399.7420741937951
2861,30,0.18622566666666665,0.4993350000000001,0.7048263333333331,22.0103,1362.998232645625
2862,30,0.1792033333333333,0.4856393333333333,0.689189,21.50185,1395.2287826396334
2863,30,0.17672766666666667,0.48333833333333337,0.6861340000000002,21.44359,1399.0194738847367
2864,30,0.17751233333333338,0.4831486666666666,0.6860633333333334,21.40305,1401.6693882413956
2865,30,0.18731066666666668,0.499717,0.7064366666666667,22.0317,1361.6743147374011
2866,30,0.178337,0.48386500000000005,0.6873896666666666,21.44766,1398.7539899457563
2867,30,0.17692933333333333,0.4836193333333333,0.6866456666666667,21.45004,1398.598790491766
2868,30,0.17732966666666664,0.48427299999999995,0.6868283333333332,21.43077,1399.8563747359522
2869,30,0.177989,0.4841576666666666,0.6865503333333333,21.43651,1399.4815387392819
2870,30,0.18825,0.5005166666666666,0.7070359999999999,22.09119,1358.0074228685735
2871,30,0.17773099999999997,0.4838596666666667,0.6869063333333333,21.43509,1399.5742495132981
2872,30,0.17703733333333335,0.48324,0.6863756666666667,21.41393,1400.9572273748909
2873,30,0.17678200000000002,0.4830263333333333,0.6856313333333334,21.41447,1400.9219000049966
2874,30,0.188663,0.5011313333333333,0.7069153333333332,22.05034,1360.523239097447
2875,30,0.17759333333333333,0.484214,0.6867723333333335,21.42882,1399.9837601883817
2876,30,0.17797299999999996,0.4842813333333334,0.6866506666666665,21.42218,1400.4176979186993
2877,30,0.17652100000000004,0.48327299999999995,0.6859073333333333,21.39862,1401.959565616848
2878,30,0.17730133333333334,0.48398433333333324,0.6870100000000001,21.46342,1397.7269232955418
2879,30,0.18764733333333336,0.5038206666666667,0.7106276666666668,22.16269,1353.6262971688004
2880,30,0.1781393333333333,0.48502200000000006,0.6877000000000001,21.47586,1396.9172829400081
2881,30,0.17654733333333336,0.4815686666666667,0.6849930000000001,21.37543,1403.4805381692906
2882,30,0.178385,0.48369,0.6865893333333332,21.42085,1400.5046485083458
2883,30,0.18730133333333335,0.498273,0.7039213333333334,21.96072,1366.0754292208999
2884,30,0.17770100000000003,0.485361,0.6882959999999999,21.50965,1394.7228337048718
2885,30,0.17837733333333333,0.48468,0.6875020000000001,21.45306,1398.4019063014787
2886,30,0.17799199999999998,0.48378600000000005,0.6866966666666668,21.56119,1391.3888797417953
2887,30,0.177244,0.4857916666666667,0.6898466666666665,21.5167,1394.2658493170422
2888,30,0.18884566666666663,0.501722,0.7082526666666666,22.09566,1357.7326950179356
2889,30,0.1780856666666667,0.48433266666666674,0.6888489999999999,21.49644,1395.5799192796576
2890,30,0.177287,0.4840106666666666,0.6873076666666668,21.45786,1398.0890918292878
2891,30,0.17622133333333334,0.48263266666666665,0.685752,21.39612,1402.1233756400693
2892,30,0.1833413333333333,0.4942776666666668,0.6998096666666667,21.83202,1374.1284590248633
2893,30,0.18100299999999997,0.4877663333333333,0.691188,21.61207,1388.1132163647444
2894,30,0.17760000000000004,0.4838496666666667,0.6866420000000001,21.42302,1400.3627873194348
2895,30,0.17717333333333332,0.4833023333333334,0.6863073333333333,21.41218,1401.0717264659647
2896,30,0.17725066666666667,0.48269333333333336,0.685944,21.45132,1398.515336119176
2897,30,0.18668800000000002,0.498416,0.704831,22.00823,1363.1264304307979
2898,30,0.1779506666666667,0.48502366666666674,0.6877119999999998,21.46048,1397.9184062984612
2899,30,0.1778103333333333,0.483227,0.6861046666666666,21.42163,1400.453653620196
2900,30,0.1770593333333333,0.48297566666666664,0.685385,21.38748,1402.6897979565615
2901,30,0.18295966666666666,0.492508,0.6976193333333336,21.77883,1377.4844654189412
2902,30,0.1817533333333333,0.4908483333333334,0.6944823333333333,21.66937,1384.4426487710534
2903,30,0.17733666666666667,0.48309700000000005,0.6867776666666667,21.42622,1400.153643526483
2904,30,0.177222,0.48310000000000003,0.685893,21.40096,1401.806274111068
2905,30,0.176003,0.48258766666666664,0.685754,21.40794,1401.3492190280801
2906,30,0.18574333333333337,0.5028063333333334,0.7081413333333334,22.08414,1358.44094449682
2907,30,0.1766826666666667,0.48419433333333334,0.6876586666666668,21.48512,1396.3152172294128
2908,30,0.17746800000000001,0.4833016666666668,0.6857196666666667,21.41015,1401.204568861031
2909,30,0.17791833333333334,0.48381399999999997,0.686303,21.42884,1399.9824535532487
2910,30,0.181139,0.48915633333333325,0.6925463333333333,21.60389,1388.6388053262629
2911,30,0.18555233333333337,0.496657,0.7016776666666666,21.90126,1369.784204196471
2912,30,0.177361,0.4828686666666667,0.6858513333333334,21.40062,1401.8285451542993
2913,30,0.1770916666666667,0.483972,0.6864963333333335,21.43566,1399.5370331494341
2914,30,0.17674066666666668,0.48299600000000004,0.6855306666666666,21.38494,1402.8564026833835
2915,30,0.18527933333333335,0.5019923333333333,0.7078019999999999,22.08851,1358.1721899756933
2916,30,0.17784066666666667,0.4839780000000001,0.6864556666666667,21.41986,1400.569378137859
2917,30,0.17725133333333334,0.48366299999999995,0.6867896666666665,21.4295,1399.9393359621083
2918,30,0.178112,0.4838110000000001,0.6861433333333333,21.44306,1399.054052919686
2919,30,0.1764506666666667,0.48361399999999993,0.6859379999999999,21.40957,1401.2425284580681
2920,30,0.18637099999999995,0.49802099999999994,0.7040613333333333,21.97828,1364.9839750881324
2921,30,0.17694033333333337,0.48296,0.686152,21.4098,1401.2274752683352
2922,30,0.1774153333333333,0.4841386666666668,0.6881900000000002,21.4649,1397.6305503403232
2923,30,0.17820533333333335,0.48378199999999993,0.6863426666666667,21.42676,1400.1183566717507
2924,30,0.18553133333333333,0.49822766666666657,0.7030936666666666,21.97005,1365.4952992824321
2925,30,0.17766166666666672,0.48354566666666676,0.6863826666666665,21.42247,1400.3987402012933
2926,30,0.17702200000000004,0.48246133333333335,0.6849116666666666,21.40426,1401.5901507456927
2927,30,0.17768366666666666,0.48245333333333335,0.6854276666666668,21.39805,1401.996910933473
2928,30,0.1773833333333333,0.4824213333333333,0.6855949999999998,21.38807,1402.6511040968167
2929,30,0.18743999999999997,0.498925,0.704525,21.98748,1364.412838579046
2930,30,0.17763299999999999,0.48345166666666667,0.6857673333333334,21.42042,1400.532762662917
2931,30,0.17740933333333334,0.48433033333333336,0.6870999999999999,21.43312,1399.7028897332725
2932,30,0.177335,0.48399566666666666,0.6861316666666666,21.40646,1401.4461055214174
2933,30,0.18764733333333336,0.4992336666666667,0.7045153333333333,21.96876,1365.5754808191268
2934,30,0.176967,0.48303133333333326,0.6859356666666666,21.40547,1401.510922208202
2935,30,0.17760966666666667,0.48370033333333334,0.6871513333333331,21.46907,1397.3590844875907
2936,30,0.17683333333333334,0.4838756666666667,0.68628,21.40926,1401.262818051628
2937,30,0.17753033333333335,0.4850296666666666,0.6875016666666666,21.44983,1398.6124831758573
2938,30,0.1857026666666667,0.49901833333333345,0.7042906666666667,21.98524,1364.5518538801487
2939,30,0.17741933333333332,0.4833179999999999,0.6863743333333333,21.43932,1399.2981120669872
2940,30,0.17716466666666666,0.48337666666666673,0.6859990000000001,21.40286,1401.6818313066572
2941,30,0.17786899999999997,0.48405666666666664,0.6875696666666667,21.46799,1397.4293820707016
2942,30,0.18535633333333335,0.5012693333333333,0.7063723333333332,22.02696,1361.9673345754475
2943,30,0.17744566666666667,0.4848693333333333,0.687606,21.47032,1397.277730373837
2944,30,0.1768576666666667,0.48297066666666666,0.6855776666666668,21.38912,1402.5822474229888
2945,30,0.1776853333333333,0.48448533333333343,0.6869970000000002,21.43149,1399.8093459670793
2946,30,0.178068,0.4834023333333333,0.6860533333333333,21.41843,1400.6628870556806
2947,30,0.18648999999999996,0.49783099999999997,0.7047373333333334,22.00186,1363.5210841265236
2948,30,0.17640066666666668,0.48286566666666675,0.6851376666666668,21.38182,1403.061105181879
2949,30,0.17725333333333335,0.484389,0.6870003333333333,21.43106,1399.8374322128725
2950,30,0.17712033333333332,0.4838113333333333,0.6862106666666669,21.40824,1401.329581506934
2951,30,0.18334733333333333,0.4928693333333334,0.697551,21.75794,1378.8070010304284
2952,30,0.18173399999999998,0.4896976666666666,0.6943019999999999,21.69163,1383.0219305787532
2953,30,0.177426,0.4837786666666667,0.6863636666666666,21.43045,1399.8772774253457
2954,30,0.17758133333333334,0.4839936666666667,0.687059,21.43623,1399.4998187647734
2955,30,0.177538,0.483846,0.6868706666666667,21.42729,1400.0837250067552
2956,30,0.18700733333333336,0.5038236666666667,0.7093509999999998,22.12344,1356.027814842538
2957,30,0.17662033333333335,0.4829626666666667,0.685512,21.40198,1401.739465227049
2958,30,0.17714200000000002,0.4834453333333333,0.6859303333333333,21.42543,1400.2052700925956
2959,30,0.17728300000000005,0.4839346666666666,0.6864156666666666,21.42888,1399.9798402902998
2960,30,0.18203166666666667,0.4904089999999999,0.6940096666666667,21.65049,1385.6499321724357
2961,30,0.182607,0.4920023333333334,0.6965483333333334,21.7362,1380.1860490794159
2962,30,0.17693566666666666,0.48374933333333325,0.6865653333333336,21.4189,1400.632151977926
2963,30,0.17671566666666666,0.48311466666666664,0.6857,21.39425,1402.2459305654556
2964,30,0.17720000000000002,0.4834543333333334,0.6864403333333333,21.44375,1399.009035266686
2965,30,0.18704233333333334,0.4989213333333333,0.7047613333333335,21.98807,1364.37622765436
2966,30,0.17722199999999996,0.4842463333333334,0.686567,21.42439,1400.2732399848956
2967,30,0.17656066666666664,0.48257666666666665,0.6845700000000001,21.3602,1404.4812314491437
2968,30,0.177416,0.482766,0.6854493333333332,21.38581,1402.7993328286373
2969,30,0.17790200000000003,0.4832416666666666,0.6860383333333332,21.42235,1400.4065847117613
2970,30,0.18678933333333336,0.5014166666666667,0.7081176666666665,22.08715,1358.255818428362
2971,30,0.1768073333333333,0.48277600000000004,0.6855319999999999,21.38968,1402.5455266277943
2972,30,0.17674633333333334,0.48270733333333327,0.6851179999999999,21.37292,1403.6453605777779
2973,30,0.17720933333333339,0.48331466666666667,0.686198,21.40707,1401.406170951933
2974,30,0.18588466666666667,0.4999183333333334,0.7060010000000001,22.01712,1362.576031742571
2975,30,0.17781433333333332,0.4842646666666666,0.6872520000000001,21.47074,1397.2503975177383
2976,30,0.17684533333333335,0.4835333333333333,0.6860443333333333,21.4017,1401.7578042865755
2977,30,0.17678466666666667,0.48218866666666665,0.6850746666666667,21.37172,1403.724173814742
2978,30,0.17712833333333336,0.4875413333333334,0.6897356666666666,21.51471,1394.3948117357845
2979,30,0.18698766666666666,0.5010583333333333,0.7068639999999999,22.04822,1360.6540573343336
2980,30,0.17754633333333336,0.48298899999999995,0.6855033333333332,21.40219,1401.725711247307
2981,30,0.17632599999999995,0.48283333333333345,0.6855990000000001,21.41626,1400.8048090562966
2982,30,0.17741633333333334,0.4828323333333333,0.6853153333333334,21.38128,1403.0965405251698
2983,30,0.1870953333333333,0.5028396666666667,0.7095776666666668,22.12595,1355.8739850718275
2984,30,0.17748466666666665,0.48355,0.6869916666666668,21.43832,1399.363382951649
2985,30,0.17660199999999998,0.4828193333333334,0.6856573333333333,21.39129,1402.439965051196
2986,30,0.17684366666666665,0.4830423333333333,0.685749,21.40652,1401.4421774300542
2987,30,0.17746199999999998,0.48306533333333335,0.6857040000000001,21.38658,1402.7488266006067
2988,30,0.18751499999999996,0.5047223333333333,0.7121739999999999,22.20542,1351.0215073617162
2989,30,0.17798066666666662,0.4846093333333334,0.6875186666666668,21.45145,1398.5068608415747
2990,30,0.176645,0.4836586666666667,0.686878,21.43721,1399.4358407647262
2991,30,0.17710633333333334,0.4833856666666667,0.6861556666666666,21.41441,1400.9258251803342
2992,30,0.1862686666666667,0.49775866666666657,0.7031310000000001,21.94418,1367.1050820764322
2993,30,0.17764933333333335,0.4838616666666667,0.6869016666666669,21.46886,1397.3727529081657
2994,30,0.17751800000000004,0.4838553333333333,0.6867909999999999,21.42859,1399.9987866677182
2995,30,0.17592200000000002,0.483086,0.6854953333333333,21.38163,1403.0735729689459
2996,30,0.176766,0.4825286666666667,0.6854693333333335,21.38244,1403.020422365268
2997,30,0.18579999999999997,0.4988033333333332,0.7044413333333333,21.97311,1365.305138872012
2998,30,0.17801433333333336,0.48398566666666665,0.6867763333333331,21.46295,1397.757531001097
2999,30,0.17747700000000002,0.4829523333333333,0.6854709999999998,21.38011,1403.173323242958
3000,30,0.17670666666666668,0.4816843333333333,0.6853320000000002,21.38752,1402.6871745765754
3001,30,0.18750800000000006,0.499595,0.7057426666666669,22.01097,1362.9567438418205
3002,30,0.17841866666666667,0.48539899999999997,0.6881756666666664,21.47232,1397.1475834935395
3003,30,0.17803933333333335,0.48323166666666667,0.6856790000000001,21.43375,1399.6617484108006
3004,30,0.17640966666666666,0.482949,0.6862236666666667,21.409,1401.279835583166
3005,30,0.17710833333333337,0.4828536666666666,0.6855773333333334,21.39006,1402.5206100403645
3006,30,0.18593966666666664,0.5029526666666667,0.7092066666666665,22.11713,1356.4146885242344
3007,30,0.17744400000000002,0.485285,0.6878483333333333,21.47628,1396.8899641837413
3008,30,0.1784213333333333,0.4836336666666667,0.6860273333333333,21.42058,1400.5223014502874
3009,30,0.17677799999999996,0.4827343333333334,0.6853440000000002,21.39431,1402.241997989185
3010,30,0.18361133333333332,0.4921556666666666,0.6967863333333333,21.76958,1378.0697652412218
3011,30,0.18154733333333337,0.4901686666666667,0.694442,21.66755,1384.5589372125598
3012,30,0.17757066666666665,0.4840076666666667,0.6863046666666667,21.43009,1399.9007936970868
3013,30,0.1778816666666667,0.48321733333333344,0.6857366666666668,21.41074,1401.1659568982668
3014,30,0.17717533333333335,0.48354733333333333,0.686066,21.41976,1400.5759168169952
3015,30,0.186574,0.5025683333333334,0.7078123333333333,22.11256,1356.695018577677
3016,30,0.17717866666666665,0.4829073333333333,0.6871676666666666,21.43908,1399.3137765239926
3017,30,0.1775246666666667,0.483285,0.6856563333333334,21.3901,1402.5179872931872
3018,30,0.17682666666666663,0.4837576666666666,0.6864703333333334,21.42912,1399.9641609174805
3019,30,0.17821499999999996,0.4851373333333333,0.6888633333333332,21.4958,1395.6214702406983
3020,30,0.18542600000000004,0.4955076666666667,0.700337,21.8885,1370.5827260890421
3021,30,0.17715933333333334,0.483985,0.6864540000000001,21.42048,1400.528839689867
3022,30,0.17808433333333334,0.48352600000000007,0.6860233333333334,21.41439,1400.9271335770013
3023,30,0.17672633333333335,0.4820756666666667,0.6847846666666666,21.38116,1403.104415288974
3024,30,0.186864,0.4991483333333333,0.7062076666666666,22.02419,1362.13863029696
3025,30,0.1773943333333333,0.4830369999999999,0.6860856666666667,21.40999,1401.215040268585
3026,30,0.1775743333333333,0.483636,0.6878023333333334,21.45816,1398.069545571475
3027,30,0.17760033333333336,0.483332,0.6859443333333334,21.44125,1399.1721564740863
3028,30,0.17747899999999997,0.4834973333333334,0.6860573333333334,21.42013,1400.5517240091447
3029,30,0.18551400000000004,0.4979136666666667,0.7038066666666667,21.95625,1366.3535439795046
3030,30,0.17683533333333334,0.483308,0.6869423333333333,21.43462,1399.6049381794498
3031,30,0.17781499999999997,0.483638,0.6866063333333334,21.41809,1400.6851217825679
3032,30,0.17740799999999998,0.4844413333333334,0.6868053333333333,21.45147,1398.5055569618305
3033,30,0.18573566666666666,0.4983606666666667,0.7042096666666667,21.96231,1365.9765297912652
3034,30,0.17815566666666666,0.48386066666666666,0.6869563333333332,21.46464,1397.6474797620644
3035,30,0.17723399999999992,0.483202,0.686662,21.42217,1400.4183516422472
3036,30,0.1779316666666667,0.48416466666666663,0.687113,21.43569,1399.5350744482682
3037,30,0.17712,0.483739,0.6862573333333334,21.42755,1400.0667365144404
3038,30,0.18643633333333334,0.5006506666666667,0.7064916666666667,22.03504,1361.4679165547238
3039,30,0.17785033333333333,0.4845753333333334,0.6870446666666666,21.4401,1399.247205003708
3040,30,0.17784566666666665,0.484541,0.6869463333333332,21.43026,1399.889688692531
3041,30,0.178128,0.48371899999999995,0.6861520000000001,21.40527,1401.524017216321
3042,30,0.18675933333333333,0.4975016666666666,0.7047136666666668,21.97971,1364.8951692265275
3043,30,0.1771086666666667,0.48355166666666655,0.6868466666666666,21.43213,1399.7675452696487
3044,30,0.17859533333333333,0.48539366666666667,0.6881986666666665,21.4979,1395.4851404090632
3045,30,0.17751500000000003,0.4833379999999999,0.6866543333333335,21.42172,1400.447769833608
3046,30,0.1773443333333333,0.4833646666666666,0.686867,21.43523,1399.5651084686285
3047,30,0.18588633333333335,0.4978456666666667,0.7051453333333335,21.99846,1363.731824864104
3048,30,0.17723333333333333,0.483918,0.6867316666666666,21.44388,1399.0005540042196
3049,30,0.17688099999999995,0.48265233333333335,0.686317,21.44295,1399.0612299147274
3050,30,0.178376,0.4852739999999999,0.6879440000000001,21.46753,1397.4593257817737
3051,30,0.18702566666666667,0.49918166666666675,0.7044756666666666,21.98683,1364.453174923352
3052,30,0.17718033333333336,0.48495833333333344,0.6885026666666666,21.48863,1396.087140036382
3053,30,0.1774493333333333,0.4828363333333333,0.6859853333333333,21.40324,1401.656945397052
3054,30,0.17705733333333334,0.4841573333333334,0.687446,21.44718,1398.7852948499524
3055,30,0.1777323333333333,0.48363433333333333,0.6862539999999999,21.44259,1399.084718776976
3056,30,0.187864,0.5010859999999999,0.7066236666666668,22.0541,1360.2912837068845
3057,30,0.17731233333333335,0.4835920000000001,0.6862956666666667,21.41678,1400.770797477492
3058,30,0.1774403333333333,0.4837083333333333,0.6862323333333332,21.41052,1401.1803543304882
3059,30,0.1774996666666667,0.4830446666666666,0.6864399999999998,21.4255,1400.200695433012
3060,30,0.18456500000000003,0.49666233333333326,0.7022026666666666,21.91921,1368.662465481192
3061,30,0.1801336666666667,0.488666,0.692709,21.64698,1385.8746116086402
3062,30,0.17734,0.48297500000000004,0.6855246666666667,21.40838,1401.3204175187473
3063,30,0.17768233333333336,0.4825003333333333,0.6865793333333333,21.42306,1400.360172636402
3064,30,0.1778866666666667,0.48352966666666664,0.6869439999999999,21.43327,1399.6930939609308
3065,30,0.18722066666666667,0.49936700000000006,0.7057996666666667,22.01496,1362.7097210260658
3066,30,0.17737133333333333,0.482668,0.6861163333333332,21.4492,1398.6535628368422
3067,30,0.17752266666666663,0.48345899999999997,0.6865003333333334,21.41884,1400.6360755297671
3068,30,0.17708300000000002,0.4876263333333333,0.6902423333333333,21.53286,1393.2194794374736
3069,30,0.18312833333333334,0.492262,0.6974773333333333,21.76191,1378.5554668684872
3070,30,0.182747,0.49337733333333333,0.6976506666666668,21.77019,1378.031151772217
3071,30,0.1769106666666667,0.4828783333333334,0.6855843333333334,21.40867,1401.3014353530602
3072,30,0.17761166666666667,0.48331999999999997,0.6862966666666667,21.42994,1399.9105923768334
3073,30,0.1772196666666667,0.482792,0.6864113333333334,21.41715,1400.7465979367003
3074,30,0.18833266666666668,0.4982783333333334,0.7046203333333333,21.97826,1364.9852172100977
3075,30,0.17738866666666667,0.483851,0.6869213333333335,21.46736,1397.4703922606225
3076,30,0.17740333333333336,0.48309166666666664,0.6858326666666666,21.40182,1401.7499446308773
3077,30,0.17709533333333333,0.4832389999999999,0.6867243333333332,21.42209,1400.4235814526032
3078,30,0.1786646666666667,0.48536499999999994,0.6885180000000002,21.50245,1395.1898504589012
3079,30,0.18595799999999998,0.49663033333333323,0.7026396666666666,21.93323,1367.7875989993265
3080,30,0.17660033333333333,0.4823246666666667,0.6860850000000002,21.4069,1401.4173000294297
3081,30,0.17753266666666664,0.48275,0.6860350000000002,21.40525,1401.5253267305918
3082,30,0.17734266666666665,0.48478499999999997,0.687811,21.45926,1397.9978806352128
3083,30,0.18677499999999997,0.4983896666666667,0.7038899999999999,21.98411,1364.621992884861
3084,30,0.17796133333333333,0.48324166666666657,0.6864236666666668,21.42567,1400.1895856698995
3085,30,0.17651133333333333,0.4826873333333333,0.6854670000000003,21.3879,1402.6622529561107
3086,30,0.17780433333333334,0.483596,0.6864943333333334,21.41596,1400.8244318723046
3087,30,0.17701499999999998,0.4831126666666667,0.6870310000000001,21.43562,1399.5396447595172
3088,30,0.186258,0.49821000000000004,0.7039500000000002,21.96215,1365.9864812871235
3089,30,0.17739233333333332,0.48456200000000005,0.6871700000000002,21.46122,1397.8702049557294
3090,30,0.17639533333333335,0.482382,0.6848526666666666,21.36989,1403.8443810426727
3091,30,0.17771800000000001,0.48419533333333337,0.6867926666666665,21.42693,1400.1072482152133
3092,30,0.18557900000000002,0.4984733333333333,0.7041396666666666,21.98183,1364.7635342462388
3093,30,0.17778166666666664,0.48549099999999995,0.688637,21.49099,1395.9338308751712
3094,30,0.17745833333333333,0.48418966666666663,0.687253,21.45852,1398.046090783521
3095,30,0.17703999999999998,0.48378399999999994,0.6872276666666667,21.47598,1396.9094774720409
3096,30,0.17738966666666667,0.4839306666666666,0.686674,21.43114,1399.8322067794807
3097,30,0.18755,0.5043203333333334,0.7105320000000003,22.16212,1353.6611118430908
3098,30,0.17795333333333338,0.48445733333333335,0.6874973333333332,21.45614,1398.2011675911886
3099,30,0.17735766666666666,0.4830616666666668,0.6862049999999998,21.42392,1400.3039593127683
3100,30,0.17795866666666665,0.4831916666666667,0.6858336666666668,21.43997,1399.2556892570278
3101,30,0.1853633333333333,0.5013533333333333,0.7082733333333334,22.08536,1358.3659039291188
3102,30,0.177728,0.48336733333333337,0.686685,21.42757,1400.0654297244157
3103,30,0.17818533333333333,0.48485300000000003,0.6873233333333335,21.44849,1398.699861855077
3104,30,0.176548,0.48311866666666675,0.6858629999999999,21.40154,1401.7682839646118
3105,30,0.17780433333333337,0.48337633333333335,0.6866583333333333,21.43772,1399.402548405334
3106,30,0.18758033333333332,0.49930233333333335,0.7063986666666665,22.05835,1360.0291952933921
3107,30,0.177836,0.48427600000000004,0.6870996666666668,21.45481,1398.287843145663
3108,30,0.17703466666666665,0.48268999999999995,0.6866296666666667,21.4234,1400.3379482248383
3109,30,0.1778566666666667,0.48380566666666674,0.686976,21.43639,1399.4893729774462
3110,30,0.18687800000000002,0.4985533333333334,0.703807,21.9531,1366.5495989176927
3111,30,0.1788056666666666,0.48531100000000005,0.6882176666666665,21.49121,1395.9195410588793
3112,30,0.17770166666666667,0.48421733333333344,0.6867156666666665,21.44924,1398.6509545326546
3113,30,0.17714266666666667,0.4837443333333334,0.6865593333333334,21.42464,1400.2569004660056
3114,30,0.274158,0.6029963333333332,0.8221746666666667,25.60476,1171.6571449996015
3115,30,0.19012666666666664,0.5143186666666666,0.7429196666666665,23.14437,1296.2115624663795
3116,30,0.1772266666666667,0.4877263333333333,0.6909256666666667,21.55627,1391.7064501418845
3117,30,0.1803283333333333,0.4863283333333334,0.6900493333333333,21.55735,1391.6367271487452
3118,30,0.180534,0.48664566666666664,0.6903753333333332,21.53749,1392.919973497376
3119,30,0.19407733333333332,0.5260146666666666,0.7416819999999998,23.10385,1298.4848845538731
3120,30,0.17820500000000003,0.4838446666666666,0.687955,21.48128,1396.5648229528222
3121,30,0.18006333333333333,0.48703633333333335,0.690389,21.53624,1393.000820941817
3122,30,0.18106766666666674,0.4877989999999999,0.6908030000000001,21.55329,1391.898870195687
3123,30,0.18035866666666667,0.48687966666666666,0.6902623333333332,21.55667,1391.6806259965012
3124,30,0.19089466666666668,0.5243740000000001,0.7403426666666666,23.07204,1300.2751382192473
3125,30,0.17898833333333333,0.4849133333333333,0.6905796666666667,21.54298,1392.5650026133803
3126,30,0.17967433333333332,0.4859503333333334,0.6891606666666666,21.50196,1395.2216449105103
3127,30,0.18072566666666662,0.4868546666666667,0.6902713333333331,21.53572,1393.0344562429302
3128,30,0.19079966666666665,0.514385,0.7410003333333333,23.06972,1300.4059000282623
3129,30,0.178997,0.48578733333333346,0.6903793333333336,21.56059,1391.4276000795896
3130,30,0.1790473333333333,0.4865726666666666,0.6892843333333334,21.50615,1394.9498166803448
3131,30,0.17970299999999997,0.48691666666666666,0.6902240000000001,21.53184,1393.2854786214277
3132,30,0.19216399999999995,0.5148689999999999,0.7296713333333336,22.74996,1318.6836372459557
3133,30,0.18135033333333334,0.49014233333333335,0.6941273333333332,21.66183,1384.924542386308
3134,30,0.18048499999999998,0.48731466666666673,0.6917923333333333,21.60885,1388.320063307395
3135,30,0.179664,0.4865136666666668,0.6901566666666666,21.52937,1393.4453260824632
3136,30,0.17956,0.4870763333333334,0.6900156666666665,21.52886,1393.4783355923166
3137,30,0.192472,0.5246299999999999,0.7403566666666668,23.07135,1300.3140258372396
3138,30,0.18114566666666665,0.4878183333333333,0.6910966666666667,21.58034,1390.154186634687
3139,30,0.17873999999999995,0.485354,0.6895093333333333,21.51617,1394.3001937612503
3140,30,0.17909199999999997,0.48629933333333336,0.6894120000000001,21.54678,1392.3194092110282
3141,30,0.1872633333333333,0.5224766666666667,0.7402266666666667,23.05008,1301.5139209928989
3142,30,0.17742199999999997,0.484365,0.6878676666666667,21.4694,1397.3376060812134
3143,30,0.17905066666666666,0.4858176666666667,0.6905776666666665,21.54361,1392.5242798212555
3144,30,0.17965133333333333,0.48573266666666665,0.6894690000000001,21.53847,1392.8565956634802
3145,30,0.18034466666666668,0.49117399999999994,0.6952663333333334,21.68607,1383.376517736962
3146,30,0.1995493333333333,0.525694,0.7420896666666668,23.14276,1296.3017375628492
3147,30,0.17918333333333333,0.48655699999999996,0.6906476666666667,21.56774,1390.9663228507022
3148,30,0.17973466666666668,0.4875446666666667,0.6908816666666667,21.55757,1391.6225251732917
3149,30,0.17940999999999996,0.4913433333333334,0.6944943333333332,21.66428,1384.7679221280375
3150,30,0.1884636666666667,0.5249673333333333,0.7417953333333335,23.09719,1298.8592984687748
3151,30,0.17602100000000004,0.48267333333333334,0.6875626666666668,21.4573,1398.1255796395633
3152,30,0.1800613333333333,0.4872756666666667,0.6902693333333334,21.56068,1391.421791891536
3153,30,0.17928666666666665,0.4862363333333333,0.6892276666666668,21.4984,1395.4526848509656
3154,30,0.17893033333333333,0.48684,0.690147,21.53233,1393.2537723506932
3155,30,0.20052866666666663,0.522203,0.7398813333333332,23.03912,1302.1330675824424
3156,30,0.17976399999999998,0.48753133333333337,0.6912196666666666,21.59838,1388.9930633686415
3157,30,0.17989166666666667,0.4871506666666667,0.6898963333333334,21.55653,1391.6896643383698
3158,30,0.17924,0.48735033333333333,0.6914843333333334,21.57617,1390.4228600349368
3159,30,0.19414533333333334,0.526511,0.7426256666666667,23.16659,1294.96831428363
3160,30,0.1801266666666667,0.48895833333333333,0.6935026666666666,21.64682,1385.8848551426952
3161,30,0.17786100000000002,0.4836183333333334,0.6863999999999998,21.43174,1399.7930172725125
3162,30,0.17963866666666664,0.4862726666666667,0.6904059999999999,21.53545,1393.0519213668624
3163,30,0.1788116666666667,0.4866833333333333,0.6892813333333334,21.53498,1393.082324664337
3164,30,0.189482,0.5139186666666666,0.7407493333333334,23.08122,1299.7579850631812
3165,30,0.17891233333333337,0.48634933333333336,0.6895319999999999,21.51245,1394.5413005027322
3166,30,0.1795353333333333,0.48567466666666675,0.6888106666666666,21.49026,1395.981249179861
3167,30,0.1799226666666667,0.48797599999999997,0.6911193333333334,21.56052,1391.4321175927112
3168,30,0.200345,0.5235306666666666,0.739553,23.04534,1301.7816183228365
3169,30,0.17498699999999995,0.4824786666666666,0.6850516666666665,21.4072,1401.3976606001718
3170,30,0.17900466666666667,0.48595633333333327,0.6885683333333333,21.51352,1394.4719413652438
3171,30,0.1791736666666667,0.4858896666666667,0.6884766666666666,21.47565,1396.9309427188468
3172,30,0.17863966666666664,0.48586966666666664,0.6888886666666667,21.49417,1395.7273065207914
3173,30,0.18462499999999996,0.5211636666666667,0.7382970000000001,22.99825,1304.4470774950266
3174,30,0.179359,0.4858666666666666,0.6908496666666666,21.58832,1389.6403240270665
3175,30,0.17913733333333334,0.4857396666666667,0.6883900000000001,21.47809,1396.7722455767716
3176,30,0.180258,0.48697033333333334,0.6902973333333334,21.53915,1392.8126225965277
3177,30,0.201612,0.5250459999999999,0.7410539999999999,23.08828,1299.360541365576
3178,30,0.17678333333333332,0.48407633333333333,0.6880136666666666,21.47281,1397.115701205385
3179,30,0.17915699999999998,0.48585333333333325,0.6890666666666668,21.49629,1395.5896575641657
3180,30,0.17889799999999997,0.48498433333333324,0.6880580000000001,21.48786,1396.1371676844506
3181,30,0.17826266666666665,0.4858063333333333,0.6901146666666667,21.54527,1392.4169899007998
3182,30,0.19875466666666666,0.5218783333333333,0.7388243333333333,23.00788,1303.9010982324317
3183,30,0.17933399999999997,0.48683233333333337,0.6897639999999999,21.51977,1394.06694402403
3184,30,0.17895366666666668,0.48514833333333335,0.6891513333333332,21.50281,1395.166492193346
3185,30,0.17918666666666666,0.4853313333333333,0.6897016666666665,21.51719,1394.2340984115492
3186,30,0.19307266666666667,0.5247196666666667,0.7422916666666666,23.13681,1296.6351022461608
3187,30,0.17747733333333335,0.48544633333333326,0.6882026666666667,21.48681,1396.205392982951
3188,30,0.17932399999999998,0.486574,0.6895863333333333,21.51305,1394.5024066787369
3189,30,0.17922766666666667,0.4859703333333334,0.688554,21.47957,1396.676004221686
3190,30,0.17938233333333337,0.488074,0.6919646666666669,21.58801,1389.6602790159907
3191,30,0.19207466666666664,0.5251429999999999,0.7408836666666665,23.10146,1298.6192214691193
3192,30,0.17921200000000004,0.48755433333333337,0.6903216666666665,21.54172,1392.6464553433987
3193,30,0.178362,0.4852203333333333,0.6880036666666667,21.46334,1397.7321330230989
3194,30,0.17913633333333331,0.4855483333333333,0.6899836666666667,21.52578,1393.6777203892261
3195,30,0.2059483333333333,0.5262399999999999,0.7434316666666666,23.16474,1295.0717340233475
3196,30,0.17962333333333327,0.486207,0.6910503333333334,21.57628,1390.4157713934005
3197,30,0.179661,0.48602233333333333,0.6894889999999999,21.53361,1393.1709546146697
3198,30,0.17957499999999996,0.48615100000000006,0.6901186666666668,21.53096,1393.3424241185717
3199,30,0.17922033333333331,0.4861826666666667,0.6907606666666667,21.55072,1392.0648590859146
3200,30,0.1944216666666667,0.5239276666666668,0.7411103333333333,23.09755,1298.839054358579
3201,30,0.17921466666666672,0.48566533333333334,0.6895483333333332,21.5283,1393.5145831301124
3202,30,0.17949699999999996,0.4854463333333333,0.6881906666666666,21.48346,1396.4231087543626
3203,30,0.1799386666666667,0.48712899999999987,0.6900023333333333,21.54969,1392.131394929579
3204,30,0.1920743333333333,0.5257096666666666,0.7426796666666667,23.17659,1294.4095744887406
3205,30,0.17803699999999997,0.48394033333333336,0.6884020000000002,21.49622,1395.5942021434466
3206,30,0.17927333333333334,0.48585200000000006,0.6885859999999997,21.49557,1395.6364032216873
3207,30,0.17949266666666666,0.48718566666666674,0.6900659999999998,21.53012,1393.396785526509
3208,30,0.180305,0.48729233333333344,0.6899533333333334,21.55727,1391.6418915753247
3209,30,0.18883166666666668,0.5147100000000001,0.7420859999999999,23.10239,1298.5669448052777
3210,30,0.179574,0.4856553333333333,0.6904773333333334,21.5416,1392.654213243213
3211,30,0.17959466666666665,0.4859643333333333,0.6887380000000002,21.50164,1395.242409416212
3212,30,0.17983733333333338,0.48730433333333323,0.6899799999999998,21.54611,1392.3627049151796
3213,30,0.20072566666666672,0.5226676666666666,0.7404096666666665,23.05664,1301.1436184977517
3214,30,0.17880333333333337,0.4873199999999999,0.6902296666666667,21.55994,1391.469549544201
3215,30,0.17953600000000006,0.48630233333333334,0.6890326666666666,21.49219,1395.8558899767775
3216,30,0.17873300000000006,0.48516599999999993,0.6885183333333333,21.48369,1396.408158933591
3217,30,0.18083633333333335,0.48717133333333335,0.6905376666666668,21.54134,1392.6710223226596
3218,30,0.18961500000000003,0.5147280000000001,0.7262496666666666,22.63273,1325.5139790913424
3219,30,0.17849833333333334,0.48518133333333335,0.6891639999999999,21.5131,1394.499165624666
3220,30,0.17973233333333336,0.4867546666666668,0.6898019999999998,21.5426,1392.5895667189661
3221,30,0.17905933333333335,0.486906,0.6899013333333334,21.51705,1394.2431699512713
3222,30,0.1932986666666667,0.5252829999999998,0.7412320000000001,23.07958,1299.8503438970727
3223,30,0.17899266666666672,0.4873713333333333,0.690725,21.54942,1392.1488374165058
3224,30,0.1785836666666666,0.485674,0.6887796666666668,21.49116,1395.9227887187105
3225,30,0.17893566666666666,0.48524800000000007,0.6893,21.53222,1393.260889959326
3226,30,0.18983266666666665,0.5125476666666667,0.7384366666666667,22.98874,1304.9867021855048
3227,30,0.1777256666666667,0.48553833333333335,0.6907126666666666,21.55475,1391.8045906354748
3228,30,0.17898600000000003,0.4858633333333333,0.6900869999999998,21.53082,1393.3514840586656
3229,30,0.17933566666666667,0.4855796666666667,0.6889220000000001,21.49508,1395.668218029428
3230,30,0.17915100000000003,0.48721000000000003,0.6903606666666666,21.53197,1393.277066613041
3231,30,0.18786866666666668,0.5223903333333334,0.7385763333333332,23.04964,1301.538765898296
3232,30,0.177345,0.485103,0.6897513333333334,21.52197,1393.9244409317548
3233,30,0.178664,0.4846923333333333,0.6878396666666666,21.4596,1397.9757311413075
3234,30,0.18010800000000002,0.48771099999999995,0.6907913333333333,21.54614,1392.360766243977
3235,30,0.197771,0.5271506666666667,0.7421863333333332,23.11986,1297.5857120242079
3236,30,0.17802100000000004,0.4849036666666667,0.6884193333333333,21.47914,1396.7039648701018
3237,30,0.17928533333333327,0.4860973333333334,0.6917700000000001,21.62067,1387.5610700315947
3238,30,0.178761,0.4849050000000001,0.6880923333333333,21.46653,1397.524425233142
3239,30,0.180697,0.4869263333333333,0.690092,21.5332,1393.1974810989543
3240,30,0.1929996666666667,0.5323643333333332,0.7464696666666667,23.23877,1290.9461215029885
3241,30,0.18084866666666663,0.48709100000000005,0.6911160000000002,21.56259,1391.2985406669607
3242,30,0.1787736666666667,0.48524466666666666,0.6886116666666666,21.50499,1395.025061625232
3243,30,0.17887299999999998,0.48548399999999997,0.6881863333333335,21.49984,1395.3592212779258
3244,30,0.19146033333333332,0.5171300000000001,0.7419290000000001,23.09653,1298.8964143098551
3245,30,0.177368,0.48495200000000005,0.6880970000000001,21.47296,1397.1059416121486
3246,30,0.17919833333333332,0.4888846666666667,0.6920550000000001,21.59096,1389.4704079855644
3247,30,0.17884033333333338,0.4862076666666668,0.6894596666666668,21.51128,1394.6171497000644
3248,30,0.17976533333333336,0.4902163333333333,0.6939059999999998,21.68057,1383.7274573500604
3249,30,0.192565,0.5264823333333333,0.7421963333333333,23.151,1295.8403524685757
3250,30,0.17997066666666667,0.48680599999999996,0.6938643333333334,21.68516,1383.434570000867
3251,30,0.17879599999999998,0.4861783333333333,0.6892406666666665,21.50937,1394.7409896245217
3252,30,0.17947233333333332,0.487348,0.6907603333333334,21.5514,1392.0209359948774
3253,30,0.20086933333333334,0.523167,0.7411566666666668,23.07864,1299.9032871954325
3254,30,0.17751666666666666,0.4839466666666667,0.6880836666666666,21.50178,1395.2333248689176
3255,30,0.17889799999999997,0.4863526666666666,0.691006,21.55522,1391.7742430835779
3256,30,0.17865566666666666,0.4854486666666667,0.6892040000000001,21.50084,1395.2943233845747
3257,30,0.1799293333333333,0.4871816666666666,0.6903056666666667,21.53328,1393.1923051202605
3258,30,0.19853633333333334,0.5204523333333333,0.7385146666666668,22.99882,1304.4147482349094
3259,30,0.17935099999999995,0.48703099999999994,0.6922716666666667,21.6138,1388.0021097632068
3260,30,0.17890733333333328,0.4849126666666667,0.6890206666666666,21.51336,1394.4823123863498
3261,30,0.17876799999999995,0.485785,0.6900826666666666,21.53218,1393.2634781986774
3262,30,0.19304200000000002,0.5248956666666665,0.7414609999999999,23.08696,1299.4348324768614
3263,30,0.17721799999999996,0.4840486666666667,0.6875746666666667,21.4562,1398.1972576691119
3264,30,0.17964566666666662,0.4858226666666667,0.6894256666666666,21.54475,1392.4505970131934
3265,30,0.179896,0.4860710000000001,0.689225,21.50172,1395.2372182318438
3266,30,0.17965666666666666,0.4862080000000001,0.6897433333333332,21.55119,1392.0345001830524
3267,30,0.19180633333333333,0.5238913333333334,0.739771,23.03594,1302.312820748795
3268,30,0.178224,0.4845416666666667,0.6896850000000001,21.525,1393.7282229965158
3269,30,0.183855,0.4970436666666666,0.7600419999999999,23.6765,1267.079171330222
3270,30,0.17701533333333333,0.483863,0.6873416666666669,21.45709,1398.1392630594362
3271,30,0.19092733333333334,0.5157173333333334,0.7429323333333334,23.17396,1294.556476320836
3272,30,0.175702,0.4818096666666667,0.6865693333333334,21.42678,1400.117049785362
3273,30,0.1796963333333333,0.48646333333333336,0.6898943333333333,21.52316,1393.847371854319
3274,30,0.17886999999999997,0.48623000000000005,0.689668,21.53534,1393.0590369132783
3275,30,0.179721,0.48539233333333337,0.6884963333333334,21.49652,1395.5747255834897
3276,30,0.18946500000000002,0.51628,0.741367,23.09912,1298.7507749212957
3277,30,0.17962833333333336,0.48611133333333334,0.6906556666666668,21.54717,1392.294208473781
3278,30,0.18010800000000005,0.4862736666666666,0.6892683333333333,21.50443,1395.0613896764526
3279,30,0.17970799999999995,0.48672533333333334,0.6918406666666667,21.58762,1389.68538449352
3280,30,0.19268966666666673,0.5260486666666666,0.7408963333333333,23.09932,1298.7395299948223
3281,30,0.17721766666666666,0.48489066666666675,0.6881830000000001,21.4776,1396.8041121913063
3282,30,0.180103,0.48726133333333344,0.6898636666666668,21.52461,1393.75347567273
3283,30,0.17953433333333335,0.48640733333333336,0.6904693333333334,21.56318,1391.2604727132082
3284,30,0.17997966666666665,0.4873410000000001,0.6901396666666666,21.55154,1392.0118933496167
3285,30,0.19030033333333338,0.5232963333333333,0.739168,23.02036,1303.1942159027922
3286,30,0.17876466666666666,0.4846049999999999,0.694147,21.65244,1385.5251417392221
3287,30,0.18034333333333336,0.4859826666666666,0.6891953333333335,21.51708,1394.2412260399644
3288,30,0.17906833333333333,0.48794299999999996,0.6916866666666668,21.60463,1388.5912417847471
3289,30,0.19998833333333332,0.5210936666666667,0.73791,23.01082,1303.734504028974
3290,30,0.17881033333333335,0.4847653333333332,0.6884506666666667,21.47883,1396.7241232413496
3291,30,0.180246,0.4856196666666666,0.6886949999999998,21.48893,1396.0676497154582
3292,30,0.17933033333333334,0.48553066666666667,0.688563,21.49465,1395.6961383414011
3293,30,0.18306466666666668,0.5162059999999999,0.7312223333333332,22.81135,1315.134790356555
3294,30,0.17886133333333334,0.4874830000000001,0.6917963333333332,21.59323,1389.3243391563003
3295,30,0.18092633333333333,0.488892,0.6922340000000001,21.60066,1388.8464519139693
3296,30,0.17962266666666668,0.48686266666666655,0.6899486666666665,21.531,1393.3398355858992
3297,30,0.1796823333333334,0.48740866666666666,0.6917116666666668,21.58168,1390.0678723806489
3298,30,0.192698,0.5259926666666668,0.7426906666666666,23.12822,1297.116682563552
3299,30,0.1802873333333333,0.48789666666666665,0.6916169999999998,21.5809,1390.1181137023943
3300,30,0.17969733333333332,0.48580466666666666,0.6890316666666665,21.52145,1393.9581208515224
3301,30,0.18039400000000003,0.48586199999999996,0.6897333333333334,21.51837,1394.1576429813226
3302,30,0.20165266666666673,0.5249909999999999,0.7421936666666668,23.10894,1298.1988788754481
3303,30,0.177992,0.4847866666666666,0.6878473333333333,21.4657,1397.5784623841757
3304,30,0.1803493333333333,0.488672,0.6919596666666666,21.58997,1389.5341216314798
3305,30,0.17955266666666664,0.4863266666666667,0.6896760000000001,21.53533,1393.059683784739
3306,30,0.17968666666666672,0.48770299999999994,0.6917876666666667,21.58009,1390.1702912267742
3307,30,0.19456700000000002,0.5256326666666667,0.7417023333333334,23.09621,1298.9144106327403
3308,30,0.1789096666666667,0.4858349999999999,0.689667,21.52519,1393.715920742163
3309,30,0.17985533333333334,0.48624899999999993,0.6902843333333332,21.53698,1392.9529581213335
3310,30,0.17971733333333334,0.48706799999999995,0.6905973333333333,21.54491,1392.4402561904412
3311,30,0.19132566666666667,0.5155546666666667,0.7442216666666667,23.18198,1294.1086136732065
3312,30,0.17588533333333328,0.48272066666666663,0.68561,21.40727,1401.3930781458823
3313,30,0.18035433333333334,0.4876740000000001,0.6907683333333332,21.55414,1391.843979857234
3314,30,0.17961733333333335,0.4859743333333333,0.6891676666666665,21.50655,1394.923872029684
3315,30,0.1805236666666667,0.4872490000000001,0.6902376666666666,21.55345,1391.8885375659117
3316,30,0.19007466666666667,0.5156746666666666,0.7414146666666668,23.0907,1299.2243630552562
3317,30,0.17923200000000003,0.486201,0.6911453333333334,21.56811,1390.9424608832205
3318,30,0.18014466666666665,0.4860676666666666,0.6895103333333334,21.51729,1394.227618812592
3319,30,0.17946333333333334,0.4859343333333333,0.6892559999999999,21.50834,1394.807781539626
3320,30,0.183042,0.5288293333333333,0.7443696666666665,23.1795,1294.247071766
3321,30,0.17785833333333337,0.4846793333333333,0.6885333333333336,21.49038,1395.9734541687956
3322,30,0.17921233333333336,0.4855173333333333,0.6904196666666667,21.54532,1392.4137585331757
3323,30,0.179858,0.4862673333333332,0.6902519999999999,21.53844,1392.8585357156787
3324,30,0.17983233333333332,0.4867956666666666,0.6902993333333334,21.55214,1391.9731404862812
3325,30,0.192696,0.5254359999999999,0.7415696666666666,23.09525,1298.968402593607
3326,30,0.18149700000000005,0.48886066666666667,0.6915673333333333,21.57991,1390.1818867641246
3327,30,0.17953533333333335,0.4866713333333333,0.6902263333333333,21.54314,1392.554660091333
3328,30,0.18036233333333335,0.4874873333333334,0.6899983333333334,21.54679,1392.3187630268824
3329,30,0.18937,0.5234306666666666,0.741035,23.08726,1299.4179473874337
3330,30,0.1776316666666667,0.48329133333333335,0.6874833333333332,21.48177,1396.5329672554915
3331,30,0.17989133333333332,0.487362,0.6905229999999999,21.54533,1392.4131122614506
3332,30,0.18422366666666667,0.48986999999999997,0.6933229999999999,21.63484,1386.6522701346532
3333,10,0.180145,0.48561799999999994,0.689965,7.1949,1389.873382534851
