passage,inferences,inference_only_mean_ms,inference_only_median_ms,inference_only_p95_ms,end_to_end_mean_ms,end_to_end_median_ms,end_to_end_p95_ms,passage_duration_s,throughput_effective_fps
1,30,0.36415843333333336,0.3070905,0.5833202,0.4397421999999999,0.3692885,0.6859625999999999,0.013268945,2260.918256877242
2,30,0.34913353333333336,0.305268,0.49752224999999994,0.4326638,0.3808935,0.6466813,0.013177361,2276.6318688544693
3,30,0.3176266666666666,0.268911,0.5113787999999999,0.38995009999999997,0.32646050000000004,0.6366132499999999,0.011763043,2550.3604807021447
4,30,0.28571983333333334,0.2688565,0.3616231999999998,0.34885076666666665,0.32867349999999995,0.4581708999999997,0.010531098,2848.7058044659734
5,30,0.20633536666666663,0.18196,0.32908764999999995,0.2506429333333334,0.21942899999999999,0.4141406999999999,0.007561389,3967.5250142533337
6,30,0.19950786666666667,0.186039,0.30393364999999994,0.24265279999999997,0.2222855,0.37426965,0.007320905,4097.854022146169
7,30,0.2048519,0.19199850000000002,0.29905209999999993,0.24850276666666665,0.23070000000000002,0.3665662999999999,0.007497049,4001.5744861744934
8,30,0.12900006666666666,0.1101535,0.21403644999999996,0.1575805666666667,0.13284400000000002,0.2696203999999999,0.004755415,6308.597672337746
9,30,0.10800826666666666,0.1032805,0.12800439999999996,0.13101503333333336,0.124137,0.15738879999999994,0.00395404,7587.176659821348
10,30,0.10974466666666667,0.1050595,0.14669769999999988,0.13300263333333334,0.1268225,0.17508034999999986,0.004013846,7474.128304872684
11,30,0.15681906666666665,0.10879,0.3599227999999998,0.1887994666666667,0.130942,0.4266174999999998,0.005693326,5269.327630281491
12,30,0.1204237,0.1050255,0.2139396999999998,0.14613776666666667,0.1276785,0.25664889999999985,0.004411018,6801.15111749714
13,30,0.12060916666666664,0.12017449999999999,0.13395915,0.14617496666666668,0.14567000000000002,0.16776914999999998,0.00440982,6802.998761854225
14,30,0.11003676666666665,0.1086125,0.12229164999999997,0.1334118333333333,0.13081199999999998,0.14955614999999994,0.004025954,7451.649969175008
15,30,0.11453880000000001,0.1121515,0.13082939999999998,0.13830863333333332,0.13663799999999998,0.15895855,0.004172984,7189.100173880369
16,30,0.11890226666666666,0.10959250000000001,0.16286174999999994,0.14394276666666667,0.13289849999999997,0.2092349999999999,0.004342376,6908.6601436632845
17,30,0.11083993333333335,0.1053905,0.14613214999999996,0.1344351,0.12644450000000002,0.17909079999999997,0.004056393,7395.733105741973
18,30,0.10444736666666667,0.100194,0.12583999999999998,0.12588950000000002,0.120318,0.15293104999999996,0.003798332,7898.203737851246
19,30,0.23170616666666666,0.23432150000000002,0.3909678999999999,0.28143999999999997,0.301157,0.45365284999999994,0.008486274,3535.120360242905
20,30,0.26476646666666664,0.251442,0.35038249999999993,0.3264340666666667,0.3040395,0.4170798,0.009849058,3045.976579689144
21,30,0.2990822,0.268502,0.43680614999999995,0.3594125666666666,0.32898150000000004,0.5426918,0.010837072,2768.2754160902505
22,30,0.15250913333333332,0.14034000000000002,0.2181118,0.1867395666666667,0.1685655,0.27826544999999997,0.005634058,5324.758815049472
23,30,0.1389659,0.125699,0.21278565,0.16807376666666665,0.152592,0.26268864999999997,0.005072131,5914.6737337817185
24,30,0.10960273333333334,0.10417950000000001,0.13209414999999997,0.13310286666666668,0.12523,0.16530514999999996,0.004016453,7469.27699639458
25,30,0.10729223333333335,0.103155,0.12372964999999997,0.13031133333333333,0.124121,0.15258434999999995,0.003933052,7627.664215982905
26,30,0.13741873333333335,0.110055,0.17941214999999996,0.1639303,0.1350045,0.22399475,0.004948401,6062.564452638338
27,30,0.10717789999999998,0.1029565,0.12367059999999998,0.13038156666666667,0.12399199999999999,0.15647724999999998,0.003935118,7623.659570056096
28,30,0.1109877,0.106355,0.1334219,0.13446110000000003,0.1290595,0.16527635,0.004057685,7393.378243998733
29,30,0.10671046666666667,0.10316149999999999,0.12450794999999998,0.12949190000000002,0.1241215,0.15325484999999994,0.003911214,7670.2527655096355
30,30,0.1211403666666667,0.11386750000000001,0.16279694999999994,0.14743466666666669,0.1376815,0.20254014999999997,0.00445109,6739.922131432974
31,30,0.11392616666666668,0.110621,0.12687804999999996,0.13851643333333336,0.1345895,0.15805389999999997,0.004178877,7178.962194867186
32,30,0.11964803333333336,0.111463,0.16925699999999994,0.14705769999999999,0.13394650000000002,0.21911424999999995,0.004437175,6761.0585564013145
33,30,0.1902299,0.1323115,0.39806904999999987,0.22956660000000004,0.1627325,0.46469709999999986,0.00692125,4334.477153693336
34,30,0.11099503333333333,0.1062215,0.12854489999999996,0.13479033333333332,0.129159,0.15932339999999995,0.004068176,7374.312222480051
35,30,0.12772113333333335,0.12579800000000002,0.15686205,0.15436536666666664,0.152646,0.1850662,0.004658462,6439.8936816485775
36,30,0.1245066,0.11823449999999999,0.15932149999999998,0.1520822333333333,0.144215,0.19187019999999996,0.004588611,6537.926182890639
37,30,0.12566043333333335,0.1131785,0.18039099999999997,0.15193160000000003,0.136415,0.22853699999999993,0.004581937,6547.449255631406
38,30,0.11250930000000002,0.10979749999999999,0.12825185,0.1355406333333333,0.1319515,0.1553931,0.004089188,7336.419846678607
39,30,0.14148226666666666,0.139689,0.1755676,0.17007849999999997,0.166458,0.21329619999999996,0.005130024,5847.925857656805
40,30,0.1750029666666667,0.1304465,0.3258562,0.20857403333333335,0.159145,0.3651823,0.006293701,4766.670675966336
41,30,0.18289366666666668,0.174406,0.24213985,0.22211086666666663,0.21434599999999998,0.28210695,0.006701847,4476.377929845309
42,30,0.27815739999999994,0.272891,0.3540815999999999,0.3313630666666667,0.320624,0.42376974999999995,0.009991924,3002.4247582347507
43,30,0.19952743333333334,0.1854285,0.2701233,0.2353307,0.219493,0.323117,0.007093112,4229.455279995578
44,30,0.14940373333333332,0.1377305,0.2144359999999999,0.1765119,0.1604785,0.2699076499999999,0.005322962,5635.959828381267
45,30,0.12518683333333333,0.110304,0.19235414999999992,0.14970346666666665,0.1317975,0.2201355999999999,0.004515271,6644.119478099985
46,30,0.15599866666666667,0.1410285,0.23000899999999996,0.18638559999999996,0.17090450000000001,0.25924384999999994,0.005621066,5337.0659586633565
47,30,0.1310524,0.118085,0.19984799999999991,0.15708119999999998,0.1417315,0.2574719499999999,0.004742076,6326.34314591331
48,30,0.1441915,0.13715650000000001,0.18933155,0.17101409999999995,0.16124149999999998,0.22386699999999998,0.005155482,5819.048539011483
49,30,0.13883913333333334,0.1218735,0.21664279999999994,0.16543833333333335,0.1481835,0.2515642,0.004989909,6012.133688209545
50,30,0.10718090000000001,0.1024235,0.12151529999999998,0.13012613333333334,0.1250985,0.14931019999999995,0.003925478,7642.381386419693
51,30,0.11761726666666665,0.119362,0.1385591,0.14408386666666664,0.145061,0.17758224999999997,0.00434569,6903.391636310919
52,30,0.10761336666666668,0.1039935,0.12620824999999997,0.13044723333333333,0.12571100000000002,0.1602283999999999,0.003934639,7624.587668652702
53,30,0.1162335,0.110554,0.16595154999999998,0.14039906666666668,0.13664300000000001,0.20210199999999998,0.004234744,7084.253499148945
54,30,0.10575639999999999,0.1024745,0.12120024999999998,0.1284436333333333,0.1235875,0.14896904999999996,0.003874934,7742.067348760004
55,30,0.12462559999999999,0.1148015,0.16119969999999995,0.15070746666666668,0.13954149999999998,0.18851039999999997,0.004548678,6595.322860840008
56,30,0.1110271,0.10722999999999999,0.13085875,0.1349399666666667,0.1284595,0.16066919999999998,0.004071258,7368.729763625886
57,30,0.10847636666666667,0.1036685,0.13120834999999997,0.1315778333333333,0.1243445,0.16199455,0.003968914,7558.742769432646
58,30,0.10691186666666669,0.10367299999999999,0.12270619999999996,0.12933996666666667,0.1245595,0.15278089999999997,0.00390166,7689.034923596623
59,30,0.11341293333333333,0.10928299999999999,0.14571074999999994,0.13719513333333336,0.131373,0.17729319999999996,0.004139205,7247.768593244355
60,30,0.10787543333333331,0.1045745,0.12638015,0.13115426666666666,0.126629,0.15590859999999998,0.003956886,7581.7195643240675
61,30,0.10823329999999998,0.1046495,0.1233213,0.13153726666666668,0.126066,0.15210425,0.003968442,7559.641793933236
62,30,0.10919233333333334,0.1048265,0.13420789999999996,0.13211103333333335,0.1265305,0.16211644999999997,0.00398519,7527.871945879619
63,30,0.11974636666666667,0.113139,0.15219724999999995,0.1460644,0.14013799999999998,0.18604614999999997,0.004407459,6806.643011313322
64,30,0.10898616666666666,0.1050305,0.13190915,0.1314311333333333,0.1268965,0.15521315,0.003968669,7559.209397407543
65,30,0.10878503333333334,0.102969,0.13703729999999997,0.1320985,0.1247945,0.16495334999999997,0.003984694,7528.808987591016
66,30,0.12018376666666666,0.1055865,0.18845839999999986,0.14713833333333332,0.126627,0.25341254999999974,0.004439242,6757.91047210312
67,30,0.1631431,0.106511,0.29082464999999985,0.194432,0.128196,0.3450822499999997,0.005860209,5119.271343394067
68,30,0.10894706666666668,0.106123,0.12254789999999997,0.13091543333333333,0.1258215,0.14980634999999995,0.003949201,7596.473311943352
69,30,0.11174433333333332,0.102969,0.15308204999999986,0.13383206666666667,0.1231765,0.1905218999999998,0.004038141,7429.161091700364
70,30,0.14525496666666662,0.1362735,0.20022629999999997,0.17832546666666665,0.16607850000000002,0.24045714999999998,0.00538243,5573.690693608649
71,30,0.1857539,0.185415,0.19668055,0.22703566666666666,0.226243,0.24362735,0.006854096,4376.94482248279
72,30,0.13776356666666667,0.119721,0.2584819499999998,0.16511353333333334,0.145015,0.29559044999999984,0.004982481,6021.096718682921
73,30,0.14089846666666667,0.10442850000000001,0.36014574999999976,0.17027353333333334,0.12816,0.4126537999999997,0.005134973,5842.289725768763
74,30,0.13056,0.130135,0.14569054999999997,0.15864449999999997,0.15673949999999998,0.17723475,0.004787214,6266.6929032209555
75,30,0.10773929999999998,0.10305249999999999,0.13323284999999993,0.130321,0.123652,0.16528749999999992,0.003933551,7626.696590434444
76,30,0.130985,0.11756549999999999,0.21953744999999997,0.1602855333333333,0.143198,0.27698429999999996,0.004839161,6199.421759267774
77,30,0.12824663333333333,0.111756,0.22950904999999977,0.1524231666666667,0.1362795,0.2606668999999998,0.004596678,6526.45236407684
78,30,0.11257960000000002,0.10899400000000001,0.13304724999999998,0.1368445,0.132412,0.16546049999999995,0.004129321,7265.116952641851
79,30,0.11286923333333335,0.10509,0.17288929999999994,0.13678023333333333,0.1271765,0.2023644,0.004128168,7267.146104519003
80,30,0.11917726666666667,0.109101,0.16849859999999997,0.14415286666666666,0.13154,0.19902964999999995,0.004349842,6896.802228678652
81,30,0.10900016666666666,0.105159,0.12920425,0.13170206666666667,0.12760500000000002,0.15602874999999997,0.00397744,7542.5399251780045
82,30,0.11224533333333332,0.1076815,0.146972,0.13580576666666666,0.1292705,0.1707524,0.004096635,7323.083457520623
83,30,0.12261136666666668,0.11568,0.16815074999999993,0.14917119999999998,0.1405925,0.2186507999999999,0.00450035,6666.14818847423
84,30,0.1251522333333333,0.1125355,0.20213859999999997,0.15226179999999997,0.135201,0.24732079999999995,0.004595108,6528.6822420713515
85,30,0.12080883333333334,0.1129645,0.16716724999999996,0.14777623333333334,0.1361935,0.20789304999999988,0.004457848,6729.704556997008
86,30,0.11027446666666667,0.10726,0.12192719999999997,0.13309873333333336,0.1293155,0.14982314999999996,0.004014634,7472.661268748284
87,30,0.22332106666666668,0.1402215,0.5036820499999999,0.26595806666666666,0.173816,0.5926931999999999,0.008016309,3742.370709512321
88,30,0.1640108666666667,0.1601285,0.19391774999999997,0.19800490000000004,0.19215949999999998,0.23682934999999997,0.005972109,5023.351047343577
89,30,0.12162299999999998,0.10513249999999999,0.18960474999999996,0.14706459999999996,0.126338,0.2276417999999999,0.004435971,6762.893625769871
90,30,0.12552236666666666,0.111296,0.20027869999999975,0.15056426666666667,0.1348935,0.23091259999999977,0.004539706,6608.357457509363
91,30,0.13828636666666666,0.135996,0.1503833,0.1678894,0.1645435,0.1838347,0.005064307,5923.811490891054
92,30,0.15801089999999998,0.14500649999999998,0.23872789999999985,0.19291606666666664,0.175763,0.29419639999999986,0.005818137,5156.289719544246
93,30,0.1218896,0.115066,0.17133489999999982,0.14663226666666665,0.14043650000000002,0.21066184999999976,0.004425032,6779.611989246632
94,30,0.10870366666666668,0.102775,0.12816985,0.13145183333333332,0.12470200000000001,0.1530202,0.003967482,7561.470978318239
95,30,0.10917310000000001,0.105726,0.12061394999999998,0.1323291,0.1281515,0.14900394999999997,0.003995057,7509.279592256131
96,30,0.10509403333333335,0.1023915,0.11914229999999995,0.12665003333333333,0.1233895,0.14467074999999996,0.00382025,7852.8892088214125
97,30,0.11871316666666666,0.112245,0.1490357,0.14261226666666665,0.13527,0.18239054999999998,0.004300593,6975.7821770160535
98,30,0.11542193333333334,0.105711,0.15866764999999994,0.13948316666666666,0.12579,0.19969284999999992,0.004211246,7123.782367498835
99,30,0.10906590000000001,0.105116,0.12690405,0.13154776666666665,0.12624200000000002,0.15438339999999998,0.003967829,7560.809702232632
100,30,0.11611303333333332,0.10825399999999999,0.14872464999999996,0.14197593333333333,0.130895,0.1895644499999999,0.004283107,7004.261159013771
101,30,0.17553883333333337,0.1195495,0.3764883,0.21848180000000003,0.1472115,0.43085499999999993,0.006585301,4555.600419783394
102,30,0.11214923333333333,0.106738,0.14364154999999992,0.13422376666666666,0.12825550000000002,0.1766494499999999,0.00405157,7404.53700664187
103,30,0.12900873333333332,0.129714,0.1418642,0.15582933333333332,0.15704800000000002,0.17031515,0.004700955,6381.682019929994
104,30,0.11809396666666667,0.11145050000000001,0.14778404999999997,0.14254493333333332,0.1337755,0.18080909999999994,0.004299882,6976.935646140988
105,30,0.12463666666666667,0.11049,0.19600149999999994,0.14998396666666663,0.132103,0.24379494999999993,0.004522603,6633.348096218041
106,30,0.12691193333333334,0.1224995,0.16768734999999987,0.1526458,0.14707599999999998,0.2003895999999999,0.004605156,6514.437295935251
107,30,0.144547,0.1369515,0.19067189999999998,0.17572556666666667,0.166931,0.2360545499999999,0.00530037,5659.982227655804
108,30,0.16098466666666666,0.1587835,0.1825674,0.19408249999999994,0.1953765,0.22417104999999998,0.005854133,5124.584631063216
109,30,0.13304776666666665,0.12295600000000001,0.19998034999999992,0.16028013333333332,0.148251,0.23417659999999996,0.004834251,6205.718321204256
110,30,0.11770560000000001,0.11479400000000001,0.1402736,0.14283086666666664,0.13989800000000002,0.1662341,0.004308843,6962.425876273515
111,30,0.1157929,0.104158,0.17376664999999997,0.14118943333333334,0.1268425,0.2145161999999999,0.00426199,7038.965365944077
112,30,0.12280203333333332,0.118445,0.14205869999999998,0.1488923666666667,0.14523049999999998,0.17255309999999996,0.004490859,6680.236453649513
113,30,0.11697339999999999,0.106016,0.18115654999999983,0.14247093333333333,0.1273805,0.21703059999999988,0.004297225,6981.24952731123
114,30,0.1274082,0.1192685,0.1783276999999999,0.15424039999999997,0.1447975,0.23010319999999984,0.004651884,6449.0000180572
115,30,0.10498299999999998,0.1038925,0.12078504999999995,0.12672270000000002,0.1248,0.14847844999999996,0.003826658,7839.739009861869
116,30,0.12293923333333331,0.121116,0.1344063,0.14815550000000002,0.14489950000000001,0.16202475,0.004469326,6712.421515011436
117,30,0.11526626666666667,0.10942650000000001,0.14781184999999994,0.13965263333333333,0.1313735,0.18352294999999993,0.004213875,7119.337901575154
118,30,0.1243446,0.1167555,0.17420934999999996,0.15083066666666664,0.14271699999999998,0.21230234999999995,0.004550211,6593.100847411251
119,30,0.30900093333333334,0.3206235,0.4309935,0.38184343333333337,0.404664,0.5019821499999999,0.011518918,2604.4112823791265
120,30,0.20032753333333336,0.2549765,0.29991224999999994,0.24465860000000006,0.3125635,0.38559619999999994,0.007381824,4064.036205685749
121,30,0.18141933333333335,0.1805835,0.25621005,0.2170079333333333,0.2084545,0.308573,0.006550359,4579.901651191942
122,30,0.2156687333333333,0.2053215,0.29070699999999994,0.2546951666666667,0.242223,0.3366975,0.007679544,3906.481947365625
123,30,0.1523123,0.13429950000000002,0.25073455,0.1791742666666667,0.1580835,0.28540819999999995,0.005402602,5552.879890097401
124,30,0.11335613333333332,0.11218,0.12853759999999997,0.13766116666666667,0.136219,0.15715494999999996,0.004155719,7218.967403715217
125,30,0.12942213333333333,0.1261035,0.17101634999999998,0.15723570000000003,0.150343,0.20239699999999997,0.004744856,6322.636556304343
126,30,0.10605646666666667,0.102154,0.12756599999999998,0.12815453333333332,0.122644,0.15203919999999999,0.00386567,7760.621056634426
127,30,0.1120005,0.1050995,0.13435054999999996,0.13516406666666664,0.12693,0.16627419999999993,0.004076191,7359.812138341898
128,30,0.11458939999999998,0.1106225,0.13990989999999995,0.13841773333333332,0.1325935,0.16918679999999992,0.004175195,7185.293141996961
129,30,0.13439493333333333,0.132711,0.1838991999999999,0.16395936666666666,0.159294,0.22174489999999988,0.004945464,6066.16487350833
130,30,0.12611076666666668,0.1217695,0.15928389999999998,0.1528048333333333,0.146916,0.1921749,0.004608686,6509.4475952581715
131,30,0.11016656666666666,0.10561000000000001,0.12397004999999996,0.1338323,0.128611,0.15388479999999996,0.004036827,7431.579307213315
132,30,0.15272566666666665,0.135383,0.2729784499999999,0.18056973333333332,0.1593685,0.29721994999999996,0.005446055,5508.574555343272
133,30,0.12877936666666667,0.12425050000000001,0.14902554999999995,0.1517956,0.145793,0.17948284999999997,0.004575595,6556.524342735754
134,30,0.12712506666666665,0.1265955,0.17988179999999998,0.1506194,0.148448,0.21306559999999997,0.004541123,6606.295403141469
135,30,0.10756096666666665,0.103424,0.13160609999999992,0.13049843333333333,0.1242915,0.16560354999999988,0.003936582,7620.824359812649
136,30,0.12286970000000003,0.11258850000000001,0.18761899999999992,0.1488519333333333,0.1371015,0.22340694999999994,0.004489184,6682.728977025668
137,30,0.11134400000000001,0.1075765,0.1264524,0.13475446666666668,0.1298825,0.15456855,0.004069242,7372.380408931197
138,30,0.1114508,0.104995,0.14109674999999997,0.1345758,0.1256025,0.17069499999999999,0.004059431,7390.198281483293
139,30,0.18962403333333336,0.12031049999999999,0.43323429999999974,0.2288390666666667,0.1481365,0.4961112999999998,0.006898494,4348.775254425096
140,30,0.10793426666666667,0.10505400000000001,0.12146399999999997,0.1309201666666667,0.1275015,0.14901294999999995,0.003949901,7595.127067741699
141,30,0.10934553333333334,0.10344500000000001,0.13288085,0.13235203333333337,0.125115,0.1596511,0.003992664,7513.78027302072
142,30,0.10729593333333336,0.102653,0.12090769999999997,0.13002650000000002,0.124039,0.14885114999999996,0.003922252,7648.667143263615
143,30,0.13550973333333335,0.1198295,0.24139109999999994,0.16075293333333332,0.145868,0.2646100999999999,0.004845388,6191.454636862931
144,30,0.11112933333333333,0.1069045,0.13636974999999998,0.13407803333333332,0.128189,0.16350615,0.004044972,7416.614997582184
145,30,0.10818013333333334,0.10280049999999999,0.1307419,0.13121119999999997,0.125108,0.15739584999999998,0.0039583,7579.011191673194
146,30,0.10525843333333332,0.102552,0.11815499999999997,0.12746493333333334,0.123634,0.14519084999999995,0.003849444,7793.333270986667
147,30,0.1161074,0.1089515,0.15292569999999997,0.14195810000000003,0.135836,0.18277854999999998,0.004281874,7006.278092255868
148,30,0.10697669999999998,0.1030455,0.12210164999999996,0.12969689999999998,0.12411900000000001,0.15067389999999994,0.003912907,7666.934072289477
149,30,0.10829773333333333,0.102758,0.12441669999999998,0.13120526666666668,0.12431500000000001,0.15254019999999996,0.003957929,7579.721617037598
150,30,0.11543313333333331,0.1064065,0.1680684999999998,0.13907480000000003,0.1279825,0.20164254999999975,0.004197607,7146.929190846118
151,30,0.1170881,0.11565149999999999,0.14631869999999997,0.14228336666666666,0.1393625,0.17820929999999996,0.004292414,6989.074213251565
152,30,0.12252730000000002,0.117291,0.15428364999999997,0.1486936,0.1417725,0.1850635,0.004484828,6689.219742652338
153,30,0.1118921,0.1028175,0.15439649999999996,0.13600603333333336,0.124174,0.18430039999999998,0.00410261,7312.418192321474
154,30,0.11048916666666668,0.10724449999999999,0.12877734999999998,0.13390286666666668,0.12845800000000002,0.15895864999999998,0.004039133,7427.3365100876845
155,30,0.11258900000000001,0.10509099999999999,0.16108584999999992,0.13764436666666666,0.1268455,0.1939166499999999,0.004151748,7225.872090502602
156,30,0.10892610000000001,0.106085,0.12294544999999997,0.1320957,0.128076,0.15229849999999995,0.003984911,7528.399003139593
157,30,0.11000766666666668,0.1041645,0.14332235,0.13332596666666668,0.126502,0.16711649999999997,0.00402302,7457.084478824365
158,30,0.11255629999999998,0.10552500000000001,0.1412968,0.13598833333333332,0.1272065,0.16776605,0.004102326,7312.924423851249
159,30,0.12726016666666667,0.1037665,0.20563199999999984,0.15145879999999998,0.12488849999999999,0.2352974499999999,0.004565937,6570.39288978363
160,30,0.11019253333333334,0.10935049999999999,0.12315655,0.13449326666666667,0.1316515,0.14959305,0.004057256,7394.159993848059
161,30,0.10750786666666666,0.104935,0.12233269999999997,0.13014063333333334,0.12680950000000002,0.15035724999999997,0.003925689,7641.970619679756
162,30,0.12238679999999999,0.114784,0.15868144999999997,0.14736556666666664,0.138956,0.19406609999999996,0.004446896,6746.278752640044
163,30,0.1074788,0.10309,0.12340204999999999,0.13038663333333333,0.1247265,0.15197629999999998,0.003934633,7624.599295537856
164,30,0.11033359999999998,0.105864,0.13045869999999998,0.13386796666666667,0.12981700000000002,0.1543605,0.004039284,7427.058854985191
165,30,0.10902066666666665,0.105134,0.12740189999999998,0.13222013333333335,0.12696049999999998,0.15538049999999998,0.003990335,7518.165768037019
166,30,0.11812256666666664,0.112525,0.15168034999999996,0.14292436666666666,0.13467400000000002,0.18619074999999993,0.004316342,6950.329700473225
167,30,0.10834816666666666,0.1036985,0.12337519999999998,0.13134033333333334,0.1249445,0.14982039999999994,0.003968482,7559.565597122528
168,30,0.11389513333333334,0.104024,0.17799669999999998,0.1367469666666667,0.1255215,0.19875364999999998,0.00412579,7271.33470196011
169,30,0.10559576666666666,0.10467,0.11789899999999998,0.12775276666666666,0.1260615,0.14319254999999995,0.003857325,7777.410511170306
170,30,0.12319386666666667,0.1181715,0.15943735,0.14779389999999998,0.1423125,0.19370054999999997,0.004458318,6728.995105328961
171,30,0.10755383333333332,0.1045045,0.12407984999999998,0.129819,0.12558799999999998,0.15307179999999998,0.003916333,7660.227054236705
172,30,0.10714736666666666,0.10151450000000001,0.14305019999999993,0.13002613333333332,0.12211,0.17482444999999994,0.003923161,7646.894940075108
173,30,0.1101894,0.105468,0.1297497,0.13311083333333334,0.1275695,0.15697465,0.004015283,7471.453444252871
174,30,0.13376269999999998,0.11836150000000001,0.1998641,0.16008930000000002,0.1443895,0.2330851,0.004826568,6215.596672418165
175,30,0.11863703333333332,0.115512,0.14435924999999997,0.14416063333333332,0.13878649999999998,0.17869329999999994,0.004348822,6898.419847949629
176,30,0.11893909999999999,0.1085255,0.18152619999999992,0.1437110666666667,0.130567,0.2326618499999998,0.004337421,6916.552485912712
177,30,0.10584513333333333,0.101481,0.12324034999999998,0.12875706666666667,0.12275900000000001,0.15231894999999998,0.003885737,7720.5431041781785
178,30,0.12024906666666667,0.111458,0.15694619999999998,0.14697616666666669,0.1345585,0.19667199999999996,0.004434295,6765.449750185768
179,30,0.10676930000000001,0.1023805,0.126412,0.12982303333333334,0.1247675,0.15515145,0.003917034,7658.856165149447
180,30,0.11045406666666666,0.104641,0.14412549999999993,0.13330013333333332,0.125629,0.1825609499999999,0.004021101,7460.643241739016
181,30,0.11783533333333333,0.1051205,0.17638209999999988,0.14084886666666666,0.1263265,0.20607784999999984,0.004247936,7062.253291951668
182,30,0.11380286666666665,0.10724449999999999,0.1349067,0.13726103333333337,0.128964,0.16627669999999994,0.004140194,7246.0372629881595
183,30,0.11153576666666667,0.10979549999999999,0.14168759999999994,0.13531870000000001,0.1319145,0.16541789999999995,0.004081971,7349.390772251933
184,30,0.10677093333333336,0.102606,0.12231489999999998,0.12897963333333334,0.12393950000000001,0.15060414999999996,0.003895165,7701.856018936297
185,30,0.11528826666666664,0.1067945,0.1595043,0.13969320000000002,0.1288,0.20477964999999995,0.00421385,7119.380139302538
186,30,0.10819853333333333,0.1041125,0.13175469999999992,0.13193546666666667,0.124734,0.16791049999999988,0.003980244,7537.226360996964
187,30,0.10692103333333335,0.10281599999999999,0.12708669999999997,0.12917533333333334,0.1245965,0.15509924999999997,0.003897067,7698.0970560680635
188,30,0.10854689999999999,0.1027515,0.13842254999999998,0.13100979999999998,0.1246125,0.17002084999999997,0.003952284,7590.547642831334
189,30,0.11031550000000001,0.10681550000000001,0.1332807,0.13364796666666665,0.12808350000000002,0.16140644999999998,0.004032042,7440.3986863232085
190,30,0.10888113333333334,0.1025105,0.13198084999999998,0.13180676666666666,0.123444,0.16208714999999996,0.003976225,7544.844670510346
191,30,0.12253930000000003,0.1123525,0.16968979999999997,0.14762670000000003,0.13576850000000001,0.20365104999999994,0.004452482,6737.814998466024
192,30,0.10634466666666667,0.10305600000000001,0.12549009999999997,0.12871966666666665,0.12493499999999999,0.15438209999999997,0.003883155,7725.67667270557
193,30,0.11391836666666669,0.1074725,0.1566386,0.1374775,0.129168,0.19047909999999993,0.004147759,7232.82138619915
194,30,0.10886483333333333,0.1027775,0.13987339999999995,0.1321548,0.1235845,0.16878574999999993,0.003990121,7518.568985752562
195,30,0.12959096666666667,0.110405,0.23574554999999994,0.15337236666666662,0.134125,0.2615691499999999,0.00462708,6483.5706320184645
196,30,0.11109266666666667,0.108793,0.13277255,0.1345426,0.1310485,0.1602505,0.004058727,7391.480136505856
197,30,0.1289698333333333,0.1154075,0.21767199999999975,0.15563826666666664,0.13993450000000002,0.25523119999999977,0.004693548,6391.753104474484
198,30,0.1136408,0.109685,0.1367914,0.13715953333333333,0.13312400000000002,0.16513794999999998,0.004138375,7249.222218866102
199,30,0.12913429999999998,0.11252100000000001,0.18144099999999996,0.15782500000000002,0.13781949999999998,0.23849589999999993,0.004761728,6300.233864681058
200,30,0.10723789999999998,0.1032765,0.1258712,0.12985893333333334,0.12401799999999999,0.15505265,0.00391767,7657.612815780809
201,30,0.11841946666666667,0.11845449999999999,0.1426486,0.14412283333333334,0.145588,0.17989064999999993,0.004352807,6892.104336351233
202,30,0.10733993333333333,0.104208,0.12421194999999997,0.1296288,0.12515300000000001,0.15276904999999996,0.003911012,7670.648926671664
203,30,0.10974280000000002,0.10380349999999999,0.12892394999999995,0.13363466666666665,0.12492149999999999,0.16198719999999994,0.004031695,7441.0390666952735
204,30,0.11473850000000001,0.10588449999999999,0.15111315,0.13826999999999998,0.127515,0.18887934999999995,0.004171434,7191.771462763165
205,30,0.11382439999999999,0.1041945,0.14879254999999994,0.138646,0.12494849999999999,0.18906949999999997,0.004182938,7171.992508614759
206,30,0.12731473333333335,0.112566,0.20307954999999997,0.15192693333333335,0.135464,0.23467875,0.004581989,6547.374950048986
207,30,0.11391810000000001,0.10567499999999999,0.15375394999999997,0.13738770000000003,0.1272625,0.18702009999999997,0.004144507,7238.4966414581995
208,30,0.11043509999999998,0.105911,0.1291697,0.13335496666666666,0.12770150000000002,0.1585152,0.004023163,7456.819422926687
209,30,0.1117906,0.1032125,0.14260404999999995,0.13741346666666668,0.125115,0.17812949999999994,0.004147119,7233.937584139736
210,30,0.11133346666666667,0.10757449999999999,0.13393409999999997,0.13609266666666667,0.1298875,0.16720124999999997,0.004106761,7305.027003032317
211,30,0.11349483333333334,0.1050175,0.1662464499999999,0.13782329999999998,0.12693100000000002,0.2043770499999999,0.004159399,7212.580471361367
212,30,0.1090422,0.1054245,0.1211805,0.13265459999999998,0.1285695,0.15153049999999996,0.004003631,7493.198049470594
213,30,0.11361310000000001,0.1040445,0.1642320499999999,0.13853336666666666,0.1261515,0.19779049999999992,0.004180889,7175.50741002691
214,30,0.12337943333333334,0.1253755,0.15469839999999996,0.14918569999999998,0.1495455,0.18735889999999994,0.004502336,6663.207721502793
215,30,0.11138253333333334,0.10460649999999999,0.14951444999999997,0.1345611,0.12791049999999998,0.18396149999999994,0.004060537,7388.1853557792965
216,30,0.115254,0.108175,0.15393915,0.14049416666666667,0.1312505,0.18256659999999997,0.004240246,7075.061211071245
217,30,0.10736766666666667,0.1036445,0.12544375,0.13005760000000002,0.12477150000000001,0.15448499999999998,0.003923782,7645.684699098982
218,30,0.11270156666666664,0.1070955,0.15390224999999996,0.13705796666666667,0.12997150000000002,0.18840799999999994,0.004139213,7247.754585231541
219,30,0.11615749999999998,0.10731850000000001,0.16330294999999997,0.14142259999999998,0.130137,0.19865465,0.004266956,7030.773225690633
220,30,0.11745666666666667,0.1124485,0.14797544999999998,0.14302193333333335,0.13688099999999997,0.17732554999999994,0.004314208,6953.767644026436
221,30,0.11298386666666667,0.1099695,0.13056849999999998,0.13725466666666666,0.1329155,0.15811029999999998,0.00414272,7241.619032905917
222,30,0.12576576666666667,0.1068295,0.2009361,0.1538499666666667,0.13017,0.24510979999999996,0.004641624,6463.255102093578
223,30,0.10684113333333332,0.10198199999999999,0.12253964999999996,0.1296618,0.123388,0.15139774999999997,0.003911365,7669.956651961656
224,30,0.11723313333333332,0.11167550000000001,0.15083534999999998,0.14210413333333335,0.1355245,0.18151419999999996,0.004285965,6999.590523954348
225,30,0.10803013333333333,0.10345399999999999,0.13430314999999998,0.131058,0.124335,0.16387254999999998,0.003954007,7587.239982124463
226,30,0.1118219,0.1047675,0.1452137499999999,0.13623406666666668,0.126575,0.18073614999999987,0.004110772,7297.899275367254
227,30,0.11656463333333335,0.10666600000000001,0.16750804999999996,0.14217220000000003,0.130099,0.20552469999999995,0.004291977,6989.785825972507
228,30,0.11936100000000001,0.10696,0.15864359999999997,0.1448392666666667,0.131272,0.19579934999999998,0.004369958,6865.0545382816035
229,30,0.11785026666666669,0.1125635,0.15052544999999998,0.14256410000000003,0.1366305,0.18161685,0.004302664,6972.424525828649
230,30,0.10688553333333332,0.10284,0.12655315,0.12991326666666667,0.12406700000000001,0.15456255,0.003920813,7651.474324330183
231,30,0.11063580000000002,0.10789850000000001,0.12834674999999998,0.1349977,0.129293,0.15830474999999997,0.004076891,7358.548462541677
232,30,0.11436056666666665,0.1045875,0.15134009999999992,0.1391712333333333,0.126059,0.18429604999999993,0.004199891,7143.042521817828
233,30,0.10579223333333333,0.10295750000000001,0.12366155,0.12883660000000002,0.124518,0.14992165,0.00388774,7716.565408180588
234,30,0.11382973333333335,0.104877,0.16424379999999997,0.13839543333333335,0.1259485,0.21094684999999994,0.004175487,7184.790660346925
235,30,0.11626713333333334,0.10868,0.1498305,0.14109736666666667,0.131941,0.17768819999999996,0.004259627,7042.870185581976
236,30,0.10746720000000001,0.10437199999999999,0.12225709999999998,0.13005613333333332,0.1251045,0.14881209999999997,0.003924249,7644.774834624408
237,30,0.12090709999999999,0.113081,0.17575449999999992,0.14745119999999998,0.13677050000000002,0.22115619999999994,0.004448094,6744.46178520508
238,30,0.11047933333333335,0.1030035,0.14498664999999994,0.132798,0.12397849999999999,0.1817615499999999,0.004005421,7489.849381625551
239,30,0.11783673333333335,0.113198,0.14967599999999992,0.1428056666666667,0.1385245,0.18200579999999994,0.004308016,6963.762437279714
240,30,0.10606976666666666,0.102354,0.12281164999999997,0.12840250000000003,0.12322050000000001,0.15111724999999995,0.003873474,7744.985509132112
241,30,0.1097861,0.103354,0.14812209999999995,0.13363176666666662,0.1261815,0.1776467999999999,0.004034922,7435.087964525708
242,30,0.11287346666666666,0.103818,0.15944709999999993,0.13761883333333333,0.126447,0.19793264999999988,0.004151568,7226.185383450302
243,30,0.11858126666666666,0.11430850000000001,0.14981959999999997,0.14468413333333333,0.139046,0.18413499999999994,0.004364031,6874.378298412637
244,30,0.11153666666666667,0.11189550000000001,0.1224186,0.13630459999999997,0.13517849999999998,0.14749435,0.004112087,7295.565487792451
245,30,0.13774396666666666,0.12333549999999999,0.20225799999999997,0.17056813333333337,0.151221,0.2544336499999999,0.005145903,5829.880586555945
246,30,0.11716763333333334,0.110943,0.15029839999999997,0.14215423333333332,0.13574150000000001,0.18039129999999995,0.004289387,6994.006369674734
247,30,0.11686226666666669,0.1065025,0.17313259999999997,0.1418802666666667,0.12814199999999998,0.21034154999999996,0.004279851,7009.589819832512
248,30,0.11086119999999998,0.1084355,0.12678484999999998,0.13469543333333334,0.130703,0.15520319999999999,0.004063485,7382.825333426848
249,30,0.11305676666666664,0.1081495,0.14971004999999996,0.13721093333333334,0.1298735,0.19008289999999997,0.004139368,7247.483190670653
250,30,0.12511603333333332,0.120193,0.17681429999999992,0.15165750000000003,0.1442735,0.21360139999999989,0.004575073,6557.272419478334
251,30,0.11063016666666665,0.1036035,0.14553284999999994,0.13400333333333334,0.125999,0.17759309999999992,0.004043235,7419.801223525222
252,30,0.11031053333333334,0.10823150000000001,0.12350494999999997,0.13523953333333333,0.13118849999999999,0.15529815,0.004086514,7341.220414269962
253,30,0.11068813333333336,0.10689,0.12616129999999998,0.13450936666666666,0.1292465,0.15473474999999995,0.004058614,7391.685930221499
254,30,0.11684736666666667,0.1135845,0.13285244999999998,0.14174376666666666,0.139269,0.15958694999999998,0.004275895,7016.074997164336
255,30,0.11033686666666666,0.105157,0.12911354999999997,0.13402050000000001,0.127393,0.15943649999999993,0.004043008,7420.217818020642
256,30,0.11944876666666666,0.11019,0.16532574999999997,0.14500576666666667,0.13395449999999998,0.20042159999999995,0.004375556,6856.271522979023
257,30,0.11098453333333332,0.1084515,0.12574689999999997,0.1347823,0.130891,0.15760474999999993,0.004067161,7376.152554570621
258,30,0.11763590000000002,0.1163515,0.13545184999999998,0.1426855333333333,0.1405975,0.16415269999999996,0.004305195,6968.325476546358
259,30,0.10761383333333333,0.1054145,0.11788434999999998,0.1313561,0.1280015,0.14559335,0.003964653,7566.866507611132
260,30,0.11552053333333334,0.112386,0.14544149999999995,0.14088820000000002,0.135693,0.17521894999999996,0.004252682,7054.371805839233
261,30,0.11866630000000002,0.1129435,0.15236189999999994,0.14497310000000002,0.1380965,0.18862004999999993,0.00437516,6856.892090803536
262,30,0.11248626666666665,0.11018649999999999,0.13329899999999997,0.13601686666666665,0.132641,0.1565926,0.00410455,7308.962005579174
263,30,0.10819430000000001,0.10547100000000001,0.1267177,0.1305845333333333,0.12705699999999998,0.15442479999999997,0.003939636,7614.916708041048
264,30,0.11086386666666666,0.1060205,0.1367445,0.1336979,0.127975,0.16352629999999999,0.004032504,7439.546247195291
265,30,0.10713919999999999,0.1035475,0.12244019999999997,0.1295970666666667,0.12505650000000001,0.14976924999999996,0.003910819,7671.027475319108
266,30,0.11253549999999998,0.1104045,0.1304792,0.13640643333333333,0.1325895,0.15911004999999998,0.004114679,7290.969720845781
267,30,0.12417316666666665,0.120073,0.16607384999999994,0.15201693333333333,0.1451105,0.20737059999999996,0.004588132,6538.608740986528
268,30,0.12004260000000001,0.1124185,0.1612198,0.14565903333333333,0.1355065,0.19979964999999997,0.004394374,6826.910954779906
269,30,0.11804233333333333,0.109601,0.15977924999999998,0.14306103333333334,0.133313,0.19796149999999996,0.004320177,6944.159926780778
270,30,0.10903463333333333,0.1031525,0.13716744999999997,0.13170779999999999,0.12465499999999999,0.16557864999999997,0.003973814,7549.422293041395
271,30,0.10775576666666668,0.105346,0.12331054999999996,0.12995336666666663,0.12578,0.15121879999999996,0.00392043,7652.221822606194
272,30,0.11595763333333335,0.110277,0.15594224999999995,0.14097046666666666,0.133967,0.19472684999999995,0.004253525,7052.9737100404955
273,30,0.11956396666666665,0.1143025,0.160192,0.14648933333333333,0.14065149999999998,0.19614234999999997,0.004419902,6787.480808398014
274,30,0.12050459999999998,0.10587949999999999,0.18271284999999993,0.14791796666666668,0.127371,0.24114674999999988,0.00446356,6721.092580809936
275,30,0.1120459,0.108929,0.12640325,0.1366817,0.135023,0.15611609999999998,0.004122895,7276.440462345027
276,30,0.1103743,0.1067225,0.1289987,0.13405020000000004,0.128776,0.1582457,0.004043407,7419.485597170901
277,30,0.11676193333333332,0.106856,0.15742529999999996,0.1404231,0.1292455,0.19270974999999993,0.004252776,7054.215881579467
278,30,0.10840993333333332,0.1037495,0.12859619999999997,0.13161743333333334,0.1245465,0.15409604999999996,0.003969377,7557.861095078649
279,30,0.10619803333333334,0.102004,0.12299054999999999,0.12854243333333334,0.122558,0.15065924999999997,0.003877182,7737.578478389717
280,30,0.1180782,0.1115775,0.16077349999999996,0.14328573333333333,0.135847,0.20514759999999996,0.004321633,6941.820372067688
281,30,0.11985116666666666,0.11144899999999999,0.1704448,0.14563413333333328,0.13495,0.21174159999999995,0.004392727,6829.470622690643
282,30,0.1046753,0.101488,0.11841824999999996,0.12614666666666668,0.12267800000000001,0.14343999999999996,0.003805547,7883.229401712816
283,30,0.11846546666666667,0.11108499999999999,0.15919234999999993,0.14411193333333336,0.134629,0.20676209999999995,0.004347287,6900.8556370904425
284,30,0.10966729999999997,0.1067315,0.12809564999999995,0.133471,0.1287925,0.16007049999999995,0.004025995,7451.574082928568
285,30,0.12985590000000002,0.11222,0.1953287499999999,0.15649643333333335,0.1359805,0.2495873999999998,0.004719962,6355.983374442421
286,30,0.1066891,0.10386799999999999,0.12021139999999997,0.12928353333333334,0.125274,0.14683339999999995,0.003903977,7684.471501753213
287,30,0.12593610000000002,0.1246645,0.1374944,0.15219093333333328,0.150509,0.17045004999999996,0.004590879,6534.696296722262
288,30,0.11113866666666665,0.1052905,0.1441636999999999,0.13381843333333332,0.1270755,0.17006534999999992,0.004038056,7429.317473556583
289,30,0.11400483333333335,0.11086850000000001,0.13318715,0.1388242,0.1341595,0.17015329999999998,0.004189355,7161.006885308121
290,30,0.1170655,0.11396,0.14331149999999995,0.14160993333333333,0.1371275,0.16908769999999995,0.00427216,7022.208906033482
291,30,0.11269723333333334,0.107547,0.14061034999999997,0.1366242,0.12926549999999998,0.17296794999999993,0.00412164,7278.65606894343
292,30,0.11038246666666666,0.108799,0.12824660000000002,0.13362883333333336,0.13067499999999999,0.1564452,0.004030385,7443.4576349405825
293,30,0.11226156666666665,0.103526,0.15179434999999994,0.13509169999999998,0.12376899999999999,0.18484289999999992,0.004074842,7362.248646695994
294,30,0.10597266666666667,0.10491349999999999,0.11702659999999998,0.12759179999999998,0.1263635,0.13862015,0.003849,7794.23226812159
295,30,0.10824233333333332,0.104229,0.13644244999999994,0.13046259999999998,0.124799,0.16375904999999996,0.003935213,7623.475527245921
296,30,0.1127287,0.1070315,0.14238309999999998,0.1358485333333333,0.1276475,0.16696095,0.004098291,7320.12441283452
297,30,0.11060983333333335,0.1058115,0.13190765,0.1342516,0.12748350000000003,0.1605709,0.004049938,7407.520806491358
298,30,0.11510776666666665,0.109981,0.14581519999999998,0.1386392,0.1336125,0.17683344999999992,0.004184352,7169.568908160691
299,30,0.10910396666666666,0.1038415,0.12493799999999997,0.1327099,0.125755,0.15911174999999994,0.004004827,7490.960283677672
300,30,0.11407223333333331,0.10676849999999999,0.15393294999999987,0.13816190000000003,0.130343,0.18355184999999988,0.004168195,7197.360008348937
301,30,0.12358753333333332,0.104805,0.24043589999999992,0.14712453333333333,0.126109,0.2766382,0.004439096,6758.132736935629
302,30,0.11187846666666666,0.10785249999999999,0.1309667,0.1352667,0.13068950000000001,0.15628984999999998,0.00408279,7347.916498276913
303,30,0.10769669999999999,0.104459,0.12181889999999998,0.13047726666666667,0.1250405,0.14997465,0.003942621,7609.151374174692
304,30,0.117998,0.1129955,0.1518595999999999,0.14263056666666665,0.1372165,0.18281459999999988,0.004303969,6970.3104274217585
305,30,0.1076491,0.1029315,0.12736454999999997,0.13079816666666663,0.125668,0.15457354999999992,0.003946993,7600.722879417318
306,30,0.11658926666666666,0.11162,0.15162994999999999,0.1404556,0.134042,0.178777,0.004237854,7079.05463472786
307,30,0.10940406666666669,0.10463449999999999,0.13095989999999996,0.1320888,0.126012,0.16098354999999995,0.003983966,7530.184745552547
308,30,0.12280676666666666,0.11145150000000001,0.165826,0.14946653333333335,0.134794,0.20573524999999995,0.004510095,6651.744586311374
309,30,0.11308893333333332,0.1071845,0.14175189999999996,0.1377147,0.1298975,0.17749964999999993,0.004154259,7221.504484915359
310,30,0.11627136666666668,0.1106315,0.15444059999999996,0.1406096,0.133764,0.19520159999999998,0.004240702,7074.300434220561
311,30,0.12228320000000002,0.112945,0.17176169999999996,0.14838833333333332,0.1363315,0.2163162999999999,0.004475427,6703.270995147503
312,30,0.12056443333333332,0.11485100000000001,0.1553685,0.14641443333333334,0.1380525,0.19987479999999996,0.00441684,6792.186268916239
313,30,0.1254994,0.12298200000000001,0.14635255,0.15297336666666664,0.14869700000000002,0.17205904999999996,0.004615465,6499.886793638344
314,30,0.11519583333333333,0.10925750000000001,0.13706644999999992,0.13999976666666666,0.131253,0.16761404999999993,0.004224736,7101.035425645532
315,30,0.10914353333333333,0.10488,0.12416999999999999,0.13266373333333334,0.1271495,0.15129745,0.004003886,7492.720821721698
316,30,0.11629986666666667,0.11292350000000001,0.14381459999999993,0.1410353,0.1357005,0.17307999999999993,0.004257883,7045.754897445515
317,30,0.11287406666666665,0.110802,0.12776489999999996,0.13755883333333332,0.135634,0.15773044999999997,0.004151196,7226.832941638988
318,30,0.11043713333333334,0.107442,0.12793675,0.13411523333333336,0.129202,0.15681534999999996,0.004046171,7414.417235455446
319,30,0.11575493333333335,0.115808,0.13407405,0.14134290000000005,0.14058500000000002,0.16264409999999999,0.004263843,7035.906340829154
320,30,0.13172446666666668,0.114528,0.19051525,0.16200453333333337,0.1386235,0.2392421999999999,0.004890808,6133.955779903852
321,30,0.12059800000000002,0.1159565,0.16535829999999999,0.14590460000000002,0.142617,0.20230194999999998,0.004400081,6818.056303963495
322,30,0.10472446666666667,0.10180449999999999,0.12146634999999997,0.1268107,0.12251300000000001,0.14980889999999997,0.003825651,7841.802610849762
323,30,0.12288786666666666,0.11665700000000001,0.14594364999999992,0.14944396666666662,0.141017,0.1882751999999999,0.004510509,6651.13405161147
324,30,0.10603653333333336,0.1016325,0.12454299999999996,0.12898283333333332,0.1228145,0.15524279999999996,0.003891052,7709.997193561022
325,30,0.10987096666666665,0.106712,0.12284344999999997,0.13422136666666665,0.12871300000000002,0.16234664999999998,0.004048916,7409.390562807429
326,30,0.11816696666666666,0.11269850000000001,0.16447684999999992,0.1449965,0.1364285,0.20946839999999992,0.004374378,6858.117885559958
327,30,0.11623656666666668,0.1160805,0.14395414999999998,0.14221746666666665,0.1417515,0.18143719999999994,0.004290947,6991.463655924905
328,30,0.10468113333333336,0.101434,0.12276794999999995,0.12687373333333332,0.122875,0.14936534999999995,0.003827291,7838.442386533974
329,30,0.11561786666666667,0.1069215,0.14802099999999999,0.14123166666666667,0.1290105,0.19370829999999994,0.004260051,7042.169213467163
330,30,0.10598486666666666,0.10144600000000001,0.12464874999999997,0.12846693333333334,0.1238245,0.15343254999999997,0.003875178,7741.579870653683
331,30,0.12194413333333333,0.10947950000000001,0.18825259999999985,0.14892476666666665,0.1333415,0.22479554999999987,0.004491327,6679.540367468234
332,30,0.10976453333333333,0.105025,0.12723929999999997,0.13317646666666666,0.1274555,0.15772134999999995,0.004018238,7465.9589601213265
333,30,0.10878973333333332,0.104336,0.12616399999999997,0.13205303333333335,0.1258,0.15595379999999995,0.003983391,7531.271723011876
334,30,0.11214706666666667,0.10728,0.14456525,0.13642319999999997,0.12985449999999998,0.17485114999999998,0.004115326,7289.823455055565
335,30,0.1221421,0.1147675,0.17394694999999993,0.14861876666666665,0.1391695,0.21850144999999999,0.004485433,6688.317493539644
336,30,0.1261755,0.12090899999999999,0.16209569999999998,0.15479643333333337,0.147441,0.21093079999999995,0.004668691,6425.784015262522
337,30,0.1103237,0.10663700000000001,0.12681604999999996,0.13384643333333335,0.1284545,0.15639134999999996,0.004042581,7421.0015828996375
338,30,0.1209203,0.111564,0.16311905,0.14772369999999999,0.134841,0.20372694999999996,0.004456363,6731.947105745201
339,30,0.11727526666666667,0.1094975,0.1557174,0.14334833333333333,0.1319495,0.20630369999999995,0.004330062,6928.307262113106
340,30,0.11182026666666663,0.1087795,0.129489,0.13562329999999997,0.131098,0.15962174999999998,0.004090817,7333.498418531066
341,30,0.11030926666666667,0.10740150000000001,0.12677164999999996,0.13403596666666667,0.12966850000000002,0.15660284999999996,0.004044975,7416.609496968461
342,30,0.12310033333333334,0.1175845,0.15447484999999997,0.15033973333333334,0.143019,0.20326585,0.004537074,6612.191028843699
343,30,0.11477346666666667,0.111212,0.13616469999999997,0.1399048,0.133865,0.16992894999999994,0.004222328,7105.085156813966
344,30,0.11043646666666666,0.106553,0.12823964999999998,0.13389636666666668,0.1289235,0.15344485,0.004042158,7421.778168987952
345,30,0.11183376666666667,0.10745099999999999,0.12619129999999998,0.13667970000000002,0.1301655,0.15758079999999994,0.004126131,7270.733769722774
346,30,0.15491053333333327,0.13352799999999998,0.2898014499999996,0.18566033333333334,0.163192,0.33970614999999976,0.005599595,5357.530321389315
347,30,0.10844340000000002,0.105412,0.12555219999999997,0.13135586666666665,0.125569,0.15392299999999998,0.003964486,7567.185254280127
348,30,0.10622713333333335,0.10241,0.11643015,0.12929890000000002,0.1237595,0.1488239,0.003901729,7688.8989471078075
349,30,0.10835633333333333,0.1019345,0.14950189999999988,0.1306824666666667,0.124079,0.17538834999999992,0.0039446,7605.333874157075
350,30,0.13515036666666666,0.11527399999999999,0.2154467999999999,0.16020236666666668,0.138617,0.26580129999999996,0.004828629,6212.943674073945
351,30,0.11000653333333335,0.10677149999999999,0.12600945,0.13314436666666668,0.12839,0.15352269999999996,0.004016277,7469.604312650746
352,30,0.13264450000000003,0.12982,0.14270765,0.1598117,0.1568385,0.17143005,0.004820392,6223.560241573715
353,30,0.12586443333333333,0.121635,0.15897814999999998,0.15214043333333335,0.14606550000000001,0.19424274999999996,0.004589979,6535.977615583862
354,30,0.10714263333333335,0.104476,0.12179684999999997,0.12924256666666667,0.1251215,0.14973244999999996,0.003902569,7687.2439667306335
355,30,0.130129,0.114736,0.19212549999999998,0.1588607666666667,0.1395315,0.23443729999999993,0.004791582,6260.980194015255
356,30,0.10665946666666667,0.10498750000000001,0.11756929999999999,0.12962403333333333,0.1271705,0.1453599,0.003910762,7671.139281807485
357,30,0.13876506666666666,0.1336725,0.17867554999999996,0.1696577333333333,0.1649605,0.20833409999999997,0.005118356,5861.257012994016
358,30,0.20323193333333336,0.2023005,0.24726464999999995,0.2454155,0.243691,0.29045554999999995,0.007404302,4051.6985936013957
359,30,0.2514738,0.25281,0.3466838499999999,0.30451423333333333,0.310192,0.4115991999999999,0.009188916,3264.802943023965
360,30,0.1421367,0.1349255,0.18786424999999998,0.1732896333333333,0.163908,0.23533345,0.005228667,5737.600042228736
361,30,0.12430453333333333,0.1181565,0.17000529999999991,0.15359816666666667,0.14368599999999998,0.21220419999999993,0.00463333,6474.824802032232
362,30,0.12196803333333331,0.11787,0.16332744999999999,0.14816359999999998,0.14139200000000002,0.1989792,0.004471547,6709.087481357123
363,30,0.1311208,0.127896,0.15542764999999997,0.1607312,0.156702,0.18785014999999997,0.004849246,6186.528792311217
364,30,0.13151113333333334,0.1296995,0.15254404999999996,0.1611107,0.1602315,0.18937009999999999,0.004860246,6172.527069617463
365,30,0.1384873,0.134796,0.16926719999999998,0.16829216666666663,0.16408250000000002,0.20114049999999997,0.005077388,5908.549829164129
366,30,0.12793663333333333,0.1214955,0.18370629999999996,0.15578336666666667,0.147259,0.2180628999999999,0.004700009,6382.966500702446
367,30,0.12632623333333334,0.1043955,0.19606584999999999,0.1500419333333333,0.126504,0.22346285,0.004523264,6632.378742430245
368,30,0.10563073333333334,0.100443,0.12228349999999998,0.12804403333333333,0.1219735,0.15031709999999995,0.00386275,7766.487605980195
369,30,0.15679296666666664,0.13073449999999998,0.29220609999999997,0.18077226666666665,0.154767,0.32066334999999996,0.005446086,5508.543199648335
370,30,0.13043923333333335,0.124553,0.17457584999999995,0.15433576666666665,0.1449395,0.21029319999999987,0.004652959,6447.5100683242645
371,30,0.1063005,0.1028885,0.11831254999999999,0.12906520000000002,0.1252185,0.14729309999999995,0.003900405,7691.50895868506
372,30,0.11956526666666667,0.1070005,0.1811861499999999,0.1459491333333333,0.129414,0.2524224999999998,0.00440237,6814.5112746089035
373,30,0.11415876666666666,0.10563449999999999,0.14112455,0.1381974333333333,0.12693949999999998,0.17237039999999998,0.004168246,7197.271946041573
374,30,0.1151495,0.1130475,0.12693585,0.13862159999999998,0.13606800000000002,0.15406355,0.004181559,7174.357697691221
375,30,0.13508003333333332,0.132809,0.15557734999999998,0.16288993333333338,0.15877,0.19087929999999997,0.004913044,6106.194041820102
376,30,0.10758953333333335,0.1037545,0.12158894999999999,0.12931543333333334,0.124972,0.14731184999999997,0.003903926,7684.571889938488
377,30,0.116306,0.1105635,0.15495909999999993,0.14079796666666666,0.13307750000000002,0.19222329999999993,0.004247222,7063.440526537111
378,30,0.14591119999999996,0.133451,0.23861149999999987,0.17775933333333335,0.167651,0.2773354499999999,0.005360498,5596.494952521202
379,30,0.10679296666666668,0.10312850000000001,0.13115579999999993,0.12925396666666666,0.124884,0.15619599999999997,0.003899275,7693.737938462919
380,30,0.13537436666666666,0.1325825,0.15608364999999996,0.1634322,0.15975450000000002,0.18608599999999997,0.004929948,6085.256883034061
381,30,0.11282760000000001,0.105347,0.14554709999999993,0.13654876666666665,0.126558,0.17965354999999994,0.004118453,7284.288542324023
382,30,0.10794093333333336,0.1044545,0.12633299999999995,0.1307768,0.1252885,0.15630639999999993,0.003944899,7604.7574348544795
383,30,0.12060856666666668,0.1051085,0.21958179999999955,0.1433312,0.12689,0.2488839999999996,0.00432173,6941.664564884895
384,30,0.11430716666666667,0.1046645,0.1525446999999999,0.13967906666666668,0.1275035,0.1899264499999999,0.004214429,7118.402042127179
385,30,0.1129758,0.107039,0.132124,0.1372263,0.130452,0.1598117,0.004140466,7245.561248419865
386,30,0.10584613333333333,0.10319149999999999,0.11660179999999996,0.12804596666666665,0.12504949999999998,0.14178064999999995,0.003864596,7762.777791003251
387,30,0.11583143333333336,0.1084665,0.1546853,0.1401629,0.133375,0.18390984999999999,0.004229579,7092.904518392966
388,30,0.11267580000000002,0.1046415,0.14880074999999993,0.13700033333333334,0.127669,0.18108275,0.004139183,7247.807115558795
389,30,0.106293,0.1043105,0.12101934999999997,0.1281952,0.12485399999999999,0.14695124999999998,0.00386926,7753.420550699618
390,30,0.10473853333333334,0.103169,0.11335734999999998,0.12681699999999999,0.12369,0.13911715,0.003827343,7838.335889937222
391,30,0.1376103,0.106577,0.31816719999999976,0.1670554333333333,0.12931199999999998,0.37817449999999975,0.005038883,5953.700453056758
392,30,0.12148789999999998,0.1035475,0.22543629999999984,0.14812966666666666,0.124554,0.2834173999999999,0.004467774,6714.753252962214
393,30,0.10614143333333334,0.1009385,0.12277974999999998,0.12832780000000002,0.1214675,0.15039319999999995,0.00387112,7749.695178656306
394,30,0.1070832,0.1029235,0.12272299999999997,0.12922023333333335,0.124444,0.15092364999999996,0.003897652,7696.941645893476
395,30,0.11639516666666667,0.11185049999999999,0.14559169999999996,0.14149493333333332,0.1362195,0.1846215,0.00426796,7029.119298212729
396,30,0.10764603333333332,0.10344149999999999,0.12164889999999998,0.13047426666666667,0.125158,0.15550609999999992,0.003935788,7622.361773550811
397,30,0.10661933333333333,0.103577,0.12523879999999996,0.12854026666666665,0.12461449999999999,0.15266104999999994,0.003877678,7736.588752340963
398,30,0.10647019999999999,0.103635,0.12331269999999998,0.12822873333333334,0.12454599999999999,0.15150699999999995,0.003867938,7756.070547149411
399,30,0.11200860000000001,0.1093465,0.13672899999999996,0.13447336666666665,0.131194,0.16239469999999998,0.004056114,7396.241821605605
400,30,0.11896419999999999,0.115422,0.13926094999999994,0.1443122,0.140291,0.16465749999999998,0.004352946,6891.884254939069
401,30,0.12270869999999999,0.114078,0.17045315,0.14945763333333334,0.137273,0.20485944999999997,0.004508564,6654.003358940896
402,30,0.10730416666666667,0.105196,0.12187139999999998,0.12974646666666667,0.1262595,0.15013659999999995,0.003915894,7661.085821015585
403,30,0.16644509999999998,0.1077555,0.23037759999999993,0.1942216,0.130966,0.2900853999999999,0.005852006,5126.447238775901
404,30,0.11330570000000001,0.107849,0.13361979999999996,0.13773453333333335,0.131504,0.16437384999999996,0.004155506,7219.337428462382
405,30,0.1072848,0.10441,0.12065744999999996,0.13032586666666665,0.12716,0.14736134999999995,0.003932013,7629.679759451456
406,30,0.11190273333333335,0.10967450000000001,0.12707729999999998,0.13585356666666668,0.13236799999999999,0.15773009999999996,0.004104281,7309.441044606838
407,30,0.14924599999999996,0.12605349999999999,0.2604107499999999,0.17865786666666664,0.1546345,0.2956594999999999,0.00539019,5565.6665163936705
408,30,0.1353098,0.1291255,0.17368729999999996,0.16493943333333333,0.1558005,0.21377349999999992,0.004977059,6027.656091679845
409,30,0.13641303333333335,0.1328995,0.16596034999999998,0.16645453333333332,0.16309449999999998,0.20293049999999996,0.005025546,5969.500627394516
410,30,0.14462683333333332,0.133021,0.21100879999999994,0.1754251666666667,0.16046549999999998,0.25322179999999994,0.005294863,5665.868975269048
411,30,0.10958003333333334,0.10500999999999999,0.1292593,0.13240739999999998,0.126588,0.15626429999999997,0.003994077,7511.12209404075
412,30,0.1184779,0.10505049999999999,0.18334885,0.14151280000000002,0.127486,0.2049413,0.004267502,7029.873682543089
413,30,0.14270916666666666,0.117145,0.26667539999999995,0.16993319999999995,0.14220850000000002,0.3060406999999999,0.00512299,5855.955213654526
414,30,0.10637230000000003,0.10270199999999999,0.12229139999999998,0.12897703333333335,0.124392,0.15024829999999995,0.00389103,7710.040786115758
415,30,0.12435823333333333,0.1087825,0.19240249999999998,0.14810090000000004,0.132138,0.22410149999999998,0.004465211,6718.607474540397
416,30,0.10555706666666667,0.101239,0.12244814999999998,0.12803126666666667,0.122055,0.15075309999999995,0.003862663,7766.662533076274
417,30,0.12891399999999997,0.11873449999999999,0.18747024999999992,0.15736766666666668,0.143474,0.23075389999999982,0.00474754,6319.062082678609
418,30,0.1124517,0.10356850000000001,0.16556424999999994,0.13516406666666667,0.125033,0.19670559999999998,0.00407663,7359.019582351108
419,30,0.11418066666666667,0.1028655,0.18293819999999986,0.1373689,0.1239485,0.20817324999999987,0.004143308,7240.591334267208
420,30,0.10970383333333333,0.1045535,0.13109459999999998,0.13335316666666666,0.1259235,0.1578944,0.004028883,7446.23261583918
421,30,0.1360454,0.1155255,0.24805089999999974,0.16385533333333333,0.14052350000000002,0.2883931499999998,0.004943923,6068.055671579027
422,30,0.11213443333333334,0.1092445,0.13387444999999995,0.13662693333333334,0.1314845,0.16581949999999995,0.004129535,7264.740461093077
423,30,0.10414929999999999,0.1014855,0.11328654999999999,0.1265954333333333,0.122501,0.1403913,0.003828295,7836.386694337819
424,30,0.11149426666666666,0.1075875,0.13567014999999996,0.1349756666666667,0.1291285,0.16675214999999996,0.004071481,7368.32616927354
425,30,0.11914183333333335,0.104089,0.1870067999999998,0.14524193333333332,0.124911,0.24201584999999975,0.004381954,6846.260823367839
426,30,0.1080086,0.104133,0.127247,0.13112563333333332,0.1261505,0.15404834999999997,0.003957776,7580.0146344815885
427,30,0.10717360000000002,0.10415150000000001,0.12306904999999997,0.13016216666666666,0.126257,0.15143919999999997,0.003928526,7636.451941516997
428,30,0.12275993333333332,0.1143165,0.16569545,0.1502734666666667,0.1382545,0.2046298,0.004542902,6603.708378477018
429,30,0.10442093333333333,0.1029255,0.11204725,0.12648023333333333,0.124072,0.13812264999999999,0.003816834,7859.917407987878
430,30,0.11293393333333333,0.1090155,0.14564159999999998,0.13753459999999998,0.1317325,0.17212185,0.004150676,7227.738325034284
431,30,0.10797083333333332,0.1039325,0.12593845,0.1307538,0.1257775,0.1536909,0.003946765,7601.161964292275
432,30,0.13889476666666664,0.11469750000000001,0.3070407499999995,0.16600530000000002,0.1372805,0.3536188999999995,0.005010081,5987.927141297715
433,30,0.10779643333333332,0.1033145,0.12244754999999999,0.13108296666666666,0.1250105,0.15070089999999997,0.003956337,7582.771639524136
434,30,0.10965476666666668,0.1061005,0.13040585,0.13344216666666667,0.127199,0.1605275,0.004027658,7448.497364969916
435,30,0.10731223333333335,0.1041155,0.12307244999999996,0.13034816666666665,0.1259345,0.15160999999999997,0.003932985,7627.794156346897
436,30,0.1392861,0.11546000000000001,0.2896521499999999,0.16673203333333328,0.141571,0.32094839999999986,0.00502729,5967.429768324485
437,30,0.1119777,0.10667950000000001,0.14320655,0.13522503333333333,0.1288755,0.16950235,0.004079792,7353.316051406543
438,30,0.10521783333333333,0.10032250000000001,0.12249614999999997,0.12750376666666666,0.1208515,0.14985664999999995,0.003847108,7798.065455921695
439,30,0.10815683333333335,0.10383300000000001,0.12254814999999998,0.13103216666666667,0.126201,0.15069554999999996,0.003956561,7582.342342251263
440,30,0.13039553333333334,0.114232,0.20786589999999996,0.15783533333333333,0.13731949999999998,0.24916259999999998,0.004764018,6297.205426175971
441,30,0.10803006666666666,0.1052785,0.12477809999999998,0.13089526666666665,0.1262155,0.15391264999999998,0.003948739,7597.362094582601
442,30,0.10504986666666667,0.1017675,0.12502124999999992,0.12798969999999998,0.122776,0.15570104999999992,0.003861679,7768.641567566854
443,30,0.11172326666666667,0.1041775,0.15760234999999992,0.1353045,0.12742900000000001,0.1916194999999999,0.004080988,7351.1610423750335
444,30,0.1407972333333333,0.1162195,0.2777372499999998,0.16922986666666665,0.14226650000000002,0.3254790499999998,0.005102167,5879.854579436541
445,30,0.12447916666666665,0.110054,0.21114789999999997,0.1525551,0.1333125,0.2682086999999999,0.004603184,6517.228075175792
446,30,0.10689996666666665,0.102024,0.12452059999999998,0.12941586666666666,0.1233215,0.15223414999999996,0.003905133,7682.19673952206
447,30,0.1171483,0.108743,0.14775639999999998,0.1425564666666667,0.1314685,0.18349469999999998,0.004303492,6971.083018162924
448,30,0.10943943333333332,0.10313449999999999,0.13231539999999994,0.13412049999999998,0.12444,0.1644918999999999,0.004047499,7411.984536623727
449,30,0.1190267,0.1044635,0.18804155,0.14332466666666663,0.1263405,0.22455784999999995,0.004323393,6938.994442559351
450,30,0.10583130000000002,0.10156699999999999,0.12192134999999998,0.12826273333333335,0.122618,0.15048004999999998,0.003870379,7751.178889715968
451,30,0.12315176666666666,0.11582100000000001,0.17817879999999992,0.15083206666666663,0.14018049999999999,0.22004624999999992,0.004556595,6583.863608681482
452,30,0.10800983333333333,0.1038995,0.13116644999999993,0.13142769999999998,0.1254115,0.15979309999999994,0.003965582,7565.0938500326065
453,30,0.11940383333333333,0.1059075,0.19389105,0.14520450000000001,0.127994,0.24457885,0.004380306,6848.8365881287755
454,30,0.10599636666666666,0.102499,0.12284234999999996,0.12856066666666668,0.123562,0.15178244999999996,0.003878384,7735.1804256618225
455,30,0.12472163333333335,0.116978,0.18538564999999993,0.15147163333333333,0.142908,0.22825214999999993,0.004569401,6565.411965375768
456,30,0.10429070000000001,0.1020475,0.11445074999999998,0.1261841,0.12330150000000001,0.13955629999999997,0.003807271,7879.659735280205
457,30,0.10743853333333335,0.10247,0.12528639999999996,0.13011483333333335,0.12474550000000001,0.15263129999999994,0.003930231,7633.139120830302
458,30,0.1088493,0.10511999999999999,0.12761845,0.13181676666666667,0.125944,0.1553087,0.003976879,7543.603916538572
459,30,0.11988626666666669,0.10520199999999999,0.1786762,0.14534750000000005,0.126962,0.2162479,0.004384457,6842.3524281342025
460,30,0.11549353333333333,0.10627900000000001,0.16114955,0.14078113333333334,0.1274265,0.20718894999999998,0.004247744,7062.57250907776
461,30,0.10715753333333335,0.1039475,0.12283784999999997,0.13084116666666668,0.1247785,0.15859854999999995,0.003946923,7600.857680780699
462,30,0.10778423333333334,0.10381,0.12630134999999995,0.13102153333333336,0.1264745,0.15329094999999995,0.003952458,7590.213482344405
463,30,0.12069176666666667,0.109805,0.18833965,0.14632479999999998,0.133452,0.22710075,0.004417691,6790.877859044465
464,30,0.11142293333333333,0.103192,0.1576580999999999,0.13345896666666665,0.123944,0.18773019999999996,0.004025307,7452.847695840343
465,30,0.10583453333333333,0.10188349999999999,0.12508329999999995,0.12837223333333334,0.1227065,0.15333309999999994,0.003872601,7746.731460328601
466,30,0.10846836666666669,0.105547,0.12808744999999996,0.1315113,0.127494,0.15673969999999995,0.003967294,7561.829297248957
467,30,0.12769763333333334,0.116242,0.20365644999999996,0.15549696666666668,0.140819,0.24708259999999999,0.004691056,6395.148555037501
468,30,0.12431003333333333,0.113096,0.17761015,0.15168866666666664,0.138825,0.2245429,0.004576936,6554.603341624178
469,30,0.10536736666666667,0.103168,0.12005439999999998,0.12756526666666665,0.12401100000000001,0.14677739999999997,0.003849275,7793.675432386618
470,30,0.12713666666666665,0.114703,0.1778285,0.1538958666666667,0.138432,0.22774664999999997,0.004642476,6462.068947690844
471,30,0.11003439999999999,0.104755,0.14035224999999996,0.1340139333333333,0.126325,0.17180044999999997,0.004044472,7417.531880552022
472,30,0.11547703333333331,0.10501550000000001,0.17780014999999993,0.13970416666666666,0.127249,0.21076425,0.004214521,7118.246652466556
473,30,0.1072096,0.10396,0.12317954999999997,0.1298627,0.125633,0.15161649999999996,0.003923149,7646.918330147542
474,30,0.12190963333333334,0.114843,0.16129749999999993,0.1483702,0.138937,0.20625349999999987,0.004483535,6691.1488367995335
475,30,0.10582726666666666,0.1030585,0.12014509999999996,0.12858336666666667,0.12491850000000002,0.15212484999999992,0.003880877,7730.211496009793
476,30,0.1152543,0.103698,0.15999194999999994,0.14123013333333334,0.12680599999999997,0.20393275,0.004261818,7039.249447066956
477,30,0.10745963333333332,0.1030565,0.1241816,0.13024190000000002,0.12474650000000001,0.15253474999999997,0.003929038,7635.456821746188
478,30,0.12347676666666667,0.1175615,0.1571032,0.1496677333333333,0.143963,0.19228285,0.00452308,6632.648549218675
479,30,0.1070545666666667,0.103023,0.13079414999999997,0.12938453333333333,0.1241765,0.15940529999999997,0.003904039,7684.349464746638
480,30,0.11852893333333332,0.10678299999999999,0.16942029999999997,0.14423463333333333,0.12894250000000002,0.20271534999999996,0.004350485,6895.782883977303
481,30,0.10821276666666667,0.10503,0.13936814999999994,0.13066306666666666,0.125979,0.16652469999999994,0.003941623,7611.077974732743
482,30,0.12918413333333334,0.109351,0.20418519999999996,0.15334083333333334,0.1305575,0.23496284999999992,0.00462207,6490.598368263571
483,30,0.11288389999999998,0.1079125,0.1364659,0.13677636666666665,0.13069550000000002,0.16653769999999998,0.004125851,7271.227196522608
484,30,0.10949803333333336,0.1048415,0.12776559999999995,0.13276563333333333,0.126149,0.16037269999999992,0.004008962,7483.233814638304
485,30,0.11133283333333334,0.10848050000000001,0.12809934999999997,0.1352093,0.1306315,0.15707424999999997,0.004079138,7354.494993795257
486,30,0.15255556666666664,0.13005850000000002,0.2747591499999999,0.1773356,0.16155550000000002,0.2983034499999999,0.005343251,5614.559375930496
487,30,0.12905506666666666,0.105154,0.23212019999999986,0.15202659999999998,0.1263705,0.2721598499999999,0.004583268,6545.547849263888
488,30,0.10683279999999999,0.101537,0.12806104999999995,0.12951356666666666,0.12285650000000001,0.15466624999999995,0.003906932,7678.659367503708
489,30,0.12417496666666666,0.11893200000000001,0.15587564999999998,0.1506340333333333,0.14423550000000002,0.18977114999999994,0.004544241,6601.762538562545
490,30,0.11544776666666666,0.11386550000000001,0.14021859999999997,0.1400121666666667,0.1381165,0.16552085,0.004223434,7103.224532453923
491,30,0.1531639666666667,0.1296545,0.2651308,0.17865553333333334,0.1520015,0.29154315,0.005386127,5569.864951197772
492,30,0.13356286666666667,0.1301155,0.1573174,0.1571582,0.1522405,0.18712335,0.004738137,6331.602484267551
493,30,0.13470756666666667,0.1299325,0.1553929,0.15831346666666665,0.151466,0.18555429999999998,0.004771766,6286.9805434717455
494,30,0.12754446666666666,0.123941,0.1425023,0.1500416333333333,0.145822,0.17046074999999997,0.004522986,6632.786393767304
495,30,0.12230109999999998,0.12299,0.15063225,0.14501646666666668,0.144801,0.17622339999999997,0.004372003,6861.843415935442
496,30,0.13670673333333333,0.11737700000000001,0.21784284999999998,0.16034596666666667,0.1429085,0.2427666,0.004833439,6206.760859090184
497,30,0.10710926666666666,0.104217,0.12307084999999998,0.1297042,0.125499,0.15379294999999996,0.003912856,7667.034002784667
498,30,0.10891606666666667,0.10352700000000001,0.12903694999999998,0.13200706666666667,0.12498050000000001,0.16196924999999998,0.00398187,7534.148528204085
499,30,0.10484016666666666,0.10281599999999999,0.11681085,0.12681673333333335,0.124416,0.14235044999999996,0.003826012,7841.0627044557095
500,30,0.11851876666666665,0.112829,0.15632409999999994,0.14314643333333332,0.13773049999999998,0.1869037999999999,0.004317641,6948.23863308691
501,30,0.10734696666666667,0.1047555,0.12307934999999998,0.12942456666666666,0.1256845,0.15110094999999996,0.00390413,7684.170352933944
502,30,0.10720036666666669,0.10327449999999999,0.12276954999999998,0.12939613333333336,0.123983,0.14920399999999998,0.003902806,7686.777154693315
503,30,0.10615356666666667,0.102561,0.12400459999999999,0.1287113,0.1246925,0.15190249999999997,0.003882846,7726.291488253719
504,30,0.11365013333333335,0.10664499999999999,0.17001044999999998,0.1371935,0.1281445,0.20531644999999996,0.004138017,7249.849384379039
505,30,0.10662003333333332,0.1024725,0.12402344999999997,0.12896753333333333,0.12357599999999999,0.15328849999999997,0.003890556,7710.980127262016
506,30,0.10612463333333334,0.10285949999999999,0.12470359999999997,0.12930816666666667,0.123964,0.15076834999999997,0.003900929,7690.475781538193
507,30,0.10777313333333334,0.1035475,0.12513574999999996,0.13027063333333333,0.12478700000000001,0.15327679999999996,0.003929468,7634.621276976934
508,30,0.11478476666666665,0.1066275,0.17559159999999993,0.13845163333333332,0.1278225,0.20250169999999992,0.004192362,7155.870604685379
509,30,0.10739710000000001,0.10403950000000001,0.12372644999999996,0.12991443333333333,0.125965,0.15072569999999996,0.003919085,7654.848006613788
510,30,0.1041075,0.102465,0.11828794999999999,0.12616773333333337,0.1235775,0.14550419999999997,0.003806413,7881.435882023312
511,30,0.10736256666666669,0.10203599999999999,0.12558839999999996,0.13011799999999998,0.123284,0.15655049999999993,0.003925112,7643.094005979958
512,30,0.12016433333333333,0.111977,0.16749699999999998,0.14710130000000005,0.13611050000000002,0.20380669999999998,0.004436977,6761.360268489108
513,30,0.11214309999999998,0.108864,0.12810395,0.1360156,0.1302875,0.15828704999999998,0.004104574,7308.919269088583
514,30,0.10461026666666667,0.10124050000000001,0.1165076,0.12711683333333335,0.12328249999999999,0.14429504999999998,0.003835404,7821.861790830901
515,30,0.10683500000000001,0.10324,0.12035994999999995,0.12995083333333332,0.1248795,0.15106264999999994,0.00392134,7650.446021003025
516,30,0.12122459999999997,0.1179115,0.1585834,0.14846323333333336,0.1433305,0.2013255499999999,0.004479605,6697.019045205994
517,30,0.10638626666666667,0.1023115,0.12396569999999998,0.12961956666666666,0.1248705,0.15208955,0.003911809,7669.086092904843
518,30,0.10666826666666668,0.1035625,0.12217159999999996,0.12958196666666666,0.12542599999999998,0.14989004999999994,0.003910457,7671.737599978724
519,30,0.10783063333333336,0.104258,0.12637779999999996,0.13099300000000003,0.12743500000000002,0.15502614999999995,0.003953696,7587.83679878271
520,30,0.11153613333333333,0.105907,0.14284454999999993,0.13624156666666667,0.128367,0.17272719999999994,0.004111061,7297.386246518842
521,30,0.10649706666666667,0.102822,0.12309429999999998,0.12947593333333335,0.124466,0.15318244999999994,0.003906247,7680.00589824453
522,30,0.10574176666666667,0.102052,0.12163459999999997,0.1282252,0.1232,0.14984879999999995,0.003868322,7755.3006187178835
523,30,0.10277236666666667,0.1007785,0.11363385,0.1248902,0.12145500000000001,0.13985519999999999,0.003768046,7961.686242683873
524,30,0.11581403333333334,0.106043,0.16027409999999992,0.13899509999999998,0.1291295,0.1888692,0.004192909,7154.937061596138
525,30,0.12766709999999998,0.1077565,0.22342645,0.1550027,0.1289835,0.25185789999999997,0.004678818,6411.8758199186195
526,30,0.10763889999999998,0.10367699999999999,0.12571859999999999,0.1301251,0.125132,0.15316109999999997,0.003925351,7642.6286464573495
527,30,0.1125968,0.1054915,0.16240659999999998,0.13414790000000001,0.12633250000000001,0.18963385,0.004045584,7415.493041301331
528,30,0.14328363333333333,0.10855100000000001,0.2526820999999999,0.1725848,0.1301205,0.28789064999999997,0.005203325,5765.544147251998
529,30,0.13447686666666667,0.131731,0.15502575,0.1626564,0.1574515,0.18548825,0.004906114,6114.819182758493
530,30,0.1118113,0.106844,0.13878659999999995,0.13760646666666668,0.12852,0.17598989999999998,0.004150916,7227.320427587549
531,30,0.1703456,0.1662975,0.20192944999999998,0.20515899999999998,0.202925,0.24026409999999998,0.006188194,4847.941095576512
532,30,0.12875833333333336,0.1206045,0.17819919999999997,0.1562930333333333,0.1444835,0.21894944999999996,0.004714511,6363.332273484991
533,30,0.10645166666666665,0.10334499999999999,0.12096124999999998,0.1280551,0.1240045,0.14802999999999994,0.003862754,7766.479563544559
534,30,0.10850213333333332,0.1044075,0.12510759999999999,0.13116026666666666,0.12675150000000002,0.15312904999999996,0.003956705,7582.066391100677
535,30,0.12263806666666667,0.1174915,0.17046775,0.15002483333333336,0.14283200000000001,0.20524989999999996,0.004525943,6628.452899207966
536,30,0.11346283333333333,0.110968,0.13280164999999997,0.13779243333333333,0.1339245,0.16104534999999995,0.00415659,7217.4546924281685
537,30,0.11824663333333332,0.1180885,0.13103344999999997,0.14362540000000004,0.14425500000000002,0.16037689999999996,0.004332257,6924.796936100513
538,30,0.11561339999999999,0.1119925,0.13825869999999996,0.14150259999999998,0.136266,0.16974634999999993,0.004268574,7028.108215999067
539,30,0.11298693333333332,0.107791,0.1372262499999999,0.13696556666666668,0.12953150000000002,0.16782269999999988,0.004131233,7261.754541561805
540,30,0.11096123333333335,0.1079215,0.12748329999999997,0.13562086666666667,0.130189,0.1622411,0.004091405,7332.444478119374
541,30,0.11045863333333332,0.1075215,0.12972379999999994,0.13432786666666666,0.130565,0.15915144999999994,0.00405634,7395.829738138321
542,30,0.21991509999999995,0.22196549999999998,0.40344489999999983,0.26965913333333336,0.2832595,0.4731405999999997,0.008139428,3685.7626850437155
543,30,0.17779690000000004,0.14468150000000002,0.32206914999999986,0.2185367666666667,0.18280000000000002,0.3756524999999999,0.006590182,4552.226326981561
544,30,0.15695356666666666,0.143586,0.23415954999999994,0.18604883333333336,0.1727305,0.26093114999999995,0.005614245,5343.550201318253
545,30,0.2235641666666667,0.2169235,0.2861508,0.2714204,0.26306149999999995,0.35203364999999986,0.008186851,3664.412605041914
546,30,0.27533706666666663,0.26387,0.3740692999999999,0.33132746666666674,0.31764899999999996,0.4517385499999998,0.009992775,3002.1690671510164
547,30,0.2687379,0.248056,0.4102063,0.3274976,0.2984765,0.5077383999999998,0.00987931,3036.649320650936
548,30,0.3033652666666667,0.2748775,0.44123009999999996,0.3676978666666667,0.3358485,0.5248173999999999,0.011092291,2704.5810464222404
549,30,0.26029840000000004,0.263148,0.3531445499999999,0.3138424,0.318772,0.4081830999999999,0.009464625,3169.697690082808
550,30,0.1420316,0.128881,0.22781259999999984,0.17153930000000003,0.155432,0.2816545499999998,0.005174674,5797.466661667962
551,30,0.1066129333333333,0.1012025,0.13105024999999998,0.1287099,0.1213295,0.16140894999999997,0.003883133,7725.720442745587
552,30,0.10746253333333335,0.105074,0.12148574999999998,0.13013543333333333,0.1265965,0.15093135,0.003925999,7641.367203608558
553,30,0.11804159999999998,0.1084855,0.1705405999999998,0.14223599999999997,0.1305555,0.2003484999999998,0.00429227,6989.308687477722
554,30,0.10868300000000002,0.10631650000000001,0.12261324999999997,0.13140173333333335,0.127388,0.14960039999999997,0.003964334,7567.475394353755
555,30,0.10929326666666665,0.1030455,0.13218889999999997,0.13252873333333334,0.1240375,0.16446894999999995,0.003999055,7501.772293704388
556,30,0.11852226666666667,0.1089875,0.17303944999999996,0.1433656,0.13120199999999999,0.20229619999999998,0.004326246,6934.418431129437
557,30,0.1146649,0.11315549999999999,0.13232129999999998,0.13906796666666665,0.136471,0.16270769999999996,0.004199107,7144.376173314946
558,30,0.1721874,0.163203,0.24248929999999994,0.20808910000000003,0.1957785,0.28982494999999997,0.006278571,4778.1573227411145
559,30,0.1254750666666667,0.1180745,0.17050614999999994,0.15264463333333333,0.141684,0.20975054999999992,0.004610953,6506.2471901144945
560,30,0.11239980000000001,0.1085345,0.13360194999999997,0.13613996666666667,0.1318685,0.15913985,0.004109175,7300.735549106573
561,30,0.11975946666666665,0.112218,0.16898769999999996,0.14451273333333334,0.1344235,0.19776919999999998,0.004360956,6879.225564302873
562,30,0.10942943333333334,0.105976,0.1261921,0.13314643333333334,0.128274,0.15486094999999997,0.004018252,7465.932947958466
563,30,0.10983596666666666,0.10562099999999999,0.12577419999999997,0.13381183333333332,0.12897799999999998,0.15496294999999996,0.004038417,7428.653356005583
564,30,0.1121983,0.106235,0.14086459999999995,0.13631813333333334,0.128181,0.17844465,0.004112398,7295.0137608276245
565,30,0.10966573333333332,0.1065435,0.12683094999999997,0.13236923333333336,0.1288675,0.15528699999999998,0.003993223,7512.728440159741
566,30,0.11478203333333335,0.1080635,0.15617869999999998,0.13927263333333337,0.130376,0.1921723,0.004206015,7132.642180306062
567,30,0.11137726666666668,0.107288,0.13915299999999992,0.1346673,0.129607,0.1729793999999999,0.004062945,7383.806573802993
568,30,0.11122853333333334,0.10884150000000001,0.12923244999999994,0.13430726666666667,0.1308025,0.15822054999999996,0.004052224,7403.341967275254
569,30,0.11109169999999999,0.1072295,0.12814335,0.13467539999999997,0.130021,0.15864119999999995,0.004063267,7383.221432408946
570,30,0.10911909999999998,0.1050925,0.12709469999999998,0.1324198,0.12744499999999997,0.15620064999999997,0.003999845,7500.290636262155
571,30,0.11135886666666667,0.1075245,0.12623954999999995,0.13480373333333334,0.1299995,0.15601209999999996,0.004066952,7376.531613847421
572,30,0.11350076666666668,0.1095225,0.13394949999999997,0.13900703333333336,0.132463,0.16550739999999994,0.004194037,7153.012717818178
573,30,0.1126868333333333,0.10826050000000001,0.1429773999999999,0.13640976666666665,0.1314345,0.17808414999999989,0.004116829,7287.16203660633
574,30,0.11454353333333335,0.10850599999999999,0.15168794999999993,0.13920343333333332,0.13071549999999998,0.18388829999999992,0.004200503,7142.001803117388
575,30,0.11555003333333332,0.109434,0.15258534999999993,0.14035799999999998,0.1323535,0.18059859999999994,0.004233896,7085.6723925197975
576,30,0.11234846666666666,0.10785549999999999,0.12913479999999997,0.13653206666666665,0.1308915,0.16003694999999996,0.004124215,7274.111558199561
577,30,0.11009603333333333,0.10566500000000001,0.12782934999999998,0.13303843333333334,0.1283815,0.15248,0.004013283,7475.176806619418
578,30,0.10994796666666667,0.1055755,0.12823479999999998,0.13331996666666668,0.12761450000000002,0.15713234999999998,0.004022496,7458.055893654088
579,30,0.11398896666666668,0.1092805,0.14629794999999995,0.13837046666666666,0.1327145,0.17476465,0.004175029,7185.578830709918
580,30,0.10904553333333333,0.1060285,0.12611564999999997,0.13279286666666665,0.128277,0.15740529999999997,0.004006321,7488.1668243757795
581,30,0.11232333333333333,0.1084025,0.12606174999999997,0.13640913333333332,0.13137949999999998,0.15526729999999997,0.004115174,7290.092715399154
582,30,0.11012143333333332,0.1060645,0.12813644999999999,0.13392079999999998,0.128203,0.15772259999999996,0.004040245,7425.292278067296
583,30,0.11225049999999999,0.108379,0.13062184999999996,0.13688186666666666,0.1319165,0.16125179999999995,0.004129266,7265.213720792024
584,30,0.1095363,0.1079055,0.11687579999999999,0.13285329999999998,0.12986150000000002,0.14359364999999996,0.004011854,7477.839422870325
585,30,0.10943576666666664,0.105821,0.12479774999999997,0.1332207,0.129477,0.15392209999999995,0.00401934,7463.911985549867
586,30,0.1105091,0.106465,0.12649279999999996,0.1344957,0.130263,0.15625094999999997,0.004057897,7392.991985750254
587,30,0.1103648,0.10695450000000001,0.12831725,0.13376710000000003,0.1294725,0.15484824999999997,0.004036152,7432.822153377771
588,30,0.10902099999999999,0.1054065,0.12641219999999997,0.1326753,0.1288875,0.15606754999999994,0.004003094,7494.2032337986575
589,30,0.11011123333333334,0.106297,0.12946074999999999,0.13407059999999998,0.128057,0.15898484999999998,0.004045382,7415.863322672618
590,30,0.1101724666666667,0.10674149999999999,0.12797474999999997,0.13361363333333334,0.1286365,0.15650944999999997,0.004031473,7441.4488203195215
591,30,0.11166766666666668,0.1084675,0.12965464999999998,0.13542403333333333,0.13099,0.152798,0.004085871,7342.3757137707
592,30,0.10845126666666666,0.105134,0.12918309999999997,0.1319369,0.12769,0.15454535,0.003980902,7535.9805390838565
593,30,0.11141993333333335,0.107161,0.13073134999999997,0.13569483333333335,0.130825,0.16151069999999998,0.004102127,7313.279184189081
594,30,0.1091551,0.1069985,0.12770969999999998,0.13254519999999997,0.1289115,0.15788714999999998,0.003999243,7501.419643667563
595,30,0.1164819,0.111703,0.13462234999999997,0.1421833,0.1365225,0.16929534999999998,0.004288899,6994.802162513037
596,30,0.11178676666666668,0.10873050000000001,0.12776749999999998,0.13583356666666668,0.1316255,0.15578034999999998,0.004100237,7316.650232657284
597,30,0.10888736666666668,0.107018,0.11899379999999998,0.13319526666666665,0.13000450000000002,0.14750344999999998,0.004019332,7463.92684157467
598,30,0.10960703333333334,0.1055425,0.12646554999999998,0.13361586666666667,0.12953599999999998,0.15536384999999997,0.004032039,7440.404222280587
599,30,0.11377733333333333,0.1077955,0.14289999999999997,0.13797513333333333,0.130921,0.17241699999999996,0.004164152,7204.347968085699
600,30,0.11119003333333334,0.10671349999999999,0.13599024999999998,0.13470026666666668,0.129329,0.16546769999999997,0.004071729,7367.877380837478
601,30,0.11250563333333333,0.107817,0.1305464,0.13721713333333335,0.129937,0.16287259999999998,0.004141168,7244.332999772046
602,30,0.10863286666666665,0.10584099999999999,0.12178089999999997,0.13202909999999998,0.12865549999999998,0.14792729999999996,0.003985031,7528.172302800154
603,30,0.13001206666666665,0.1116335,0.2243327999999998,0.1580504666666667,0.13733,0.26908579999999976,0.004768709,6291.010837524369
604,30,0.11798020000000001,0.10451099999999999,0.17585959999999998,0.14003406666666665,0.12581799999999999,0.20936199999999994,0.004223869,7102.4929987175265
605,30,0.1077294,0.1040755,0.1296081,0.13027556666666668,0.124753,0.15531655,0.003931256,7631.148925432482
606,30,0.10890976666666667,0.1067695,0.12860279999999996,0.13108396666666666,0.1290845,0.15293985,0.003955315,7584.730925349814
607,30,0.11722040000000002,0.109386,0.16933119999999996,0.14272573333333335,0.1336705,0.20876189999999992,0.004305842,6967.278409193835
608,30,0.1088011,0.105587,0.12149299999999998,0.13232086666666668,0.127966,0.15062079999999997,0.003991967,7515.092183878273
609,30,0.10873516666666669,0.1046175,0.12292454999999998,0.13215513333333334,0.1274745,0.15305044999999995,0.003986853,7524.731912613783
610,30,0.11132236666666666,0.108891,0.12650759999999997,0.13495673333333336,0.13095050000000003,0.15660394999999996,0.004074848,7362.23780617093
611,30,0.11127166666666666,0.10544500000000001,0.15137935,0.1346185333333333,0.127564,0.1806543,0.004060618,7388.037978455496
612,30,0.11238169999999999,0.107491,0.13097889999999998,0.13621813333333335,0.130345,0.1605791,0.004109277,7300.55433109036
613,30,0.11767599999999999,0.111792,0.16906045,0.14367343333333332,0.13480599999999998,0.20539699999999997,0.004334193,6921.7037635379875
614,30,0.1147361,0.1097435,0.13638444999999996,0.1382436,0.133052,0.16317549999999997,0.004169521,7195.071088501533
615,30,0.10426990000000003,0.1019515,0.11327564999999999,0.12632613333333334,0.122814,0.1396537,0.003810771,7872.422667224034
616,30,0.10795646666666667,0.1039265,0.12375069999999996,0.13093490000000002,0.12619950000000002,0.15252844999999995,0.003949329,7596.227105921032
617,30,0.10672966666666667,0.103719,0.12161924999999997,0.12854423333333334,0.124475,0.14841439999999997,0.003877513,7736.917967779863
618,30,0.11462643333333332,0.111561,0.1377043,0.138433,0.133397,0.16464695,0.004175222,7185.246676703658
619,30,0.11120219999999999,0.107792,0.13245679999999996,0.13453183333333335,0.1294485,0.1577186,0.00405876,7391.420039618012
620,30,0.11033589999999999,0.10630049999999999,0.1260707,0.13320383333333333,0.1278825,0.1560232,0.004017455,7467.414071843991
621,30,0.10818183333333332,0.1036915,0.12769445,0.13032023333333334,0.1256675,0.15669914999999995,0.003930471,7632.67303078944
622,30,0.14159169999999996,0.1150235,0.2829335999999998,0.1706637,0.14077699999999999,0.3321033999999997,0.005145807,5829.989348609461
623,30,0.15100103333333334,0.13021,0.2528024999999999,0.17996170000000003,0.15707500000000002,0.2855691499999998,0.00542994,5524.922927325163
624,30,0.11131593333333333,0.1070885,0.13095039999999997,0.13515146666666666,0.1294495,0.16076859999999998,0.004077456,7357.528812082828
625,30,0.11384860000000002,0.1111165,0.13345015,0.1383642666666667,0.1343745,0.16268909999999998,0.004174153,7187.086817373489
626,30,0.11429893333333334,0.1070055,0.14183909999999997,0.14026353333333333,0.130498,0.18476714999999996,0.004253625,7052.807899144847
627,30,0.11429303333333334,0.11108499999999999,0.1331625,0.13822733333333334,0.134413,0.16221644999999998,0.004173301,7188.554096625189
628,30,0.11045793333333334,0.10521900000000001,0.12754644999999998,0.13419573333333332,0.128281,0.15873289999999998,0.004048256,7410.598539222816
629,30,0.11545369999999999,0.113821,0.12989155,0.1397917,0.137518,0.16171405,0.004217319,7113.524018458173
630,30,0.11769276666666667,0.111793,0.14077944999999994,0.1433809,0.135795,0.17937744999999994,0.004324695,6936.905377142203
631,30,0.11208270000000001,0.1083065,0.12454435,0.13669856666666666,0.134033,0.15958459999999997,0.004124297,7273.966933031254
632,30,0.10977866666666665,0.1069735,0.12460589999999998,0.13359696666666665,0.1285035,0.15305499999999997,0.004030418,7443.396689871869
633,30,0.13092826666666665,0.126013,0.17861219999999992,0.1587897666666667,0.153545,0.22516259999999994,0.004790984,6261.761675680821
634,30,0.12971336666666664,0.108593,0.24404259999999992,0.15513253333333335,0.1315895,0.27028679999999994,0.00467824,6412.668011901912
635,30,0.12142846666666665,0.1123715,0.17761089999999996,0.14703729999999998,0.13664300000000001,0.22449639999999993,0.004434749,6764.757148600744
636,30,0.10966293333333335,0.1052475,0.12624539999999998,0.1333799333333333,0.1278805,0.15568674999999996,0.004024491,7454.358824507249
637,30,0.1292472666666667,0.1190975,0.18009414999999984,0.15833596666666663,0.143815,0.2208155499999998,0.004776053,6281.33733021807
638,30,0.1452451,0.1132355,0.30452349999999995,0.17098973333333328,0.1386405,0.33010539999999994,0.005153457,5821.335076629144
639,30,0.1344102,0.1296495,0.16694304999999998,0.1633582333333333,0.157584,0.20412194999999997,0.004928929,6086.514940669666
640,30,0.1402335,0.13465549999999998,0.19628729999999994,0.17058310000000002,0.1641845,0.24614019999999995,0.005145762,5830.040332219019
641,30,0.11078613333333334,0.10482749999999999,0.14164549999999998,0.13367249999999997,0.12688,0.16716714999999996,0.00403358,7437.561669782178
642,30,0.16134123333333333,0.135545,0.27192939999999993,0.18898276666666666,0.161586,0.2982829999999999,0.005697026,5265.905403977444
643,30,0.16116710000000006,0.138307,0.30380804999999994,0.1877266,0.163824,0.33366119999999994,0.005657845,5302.3721929462545
644,30,0.1360812666666667,0.1328005,0.17080684999999998,0.16023316666666662,0.15602549999999998,0.1992893,0.004834985,6204.776229915915
645,30,0.12883429999999998,0.10514000000000001,0.24865444999999992,0.15228113333333332,0.127791,0.2747231499999999,0.004592623,6532.214814932557
646,30,0.1183207,0.10597000000000001,0.18810264999999987,0.14347726666666666,0.128251,0.2382263499999998,0.004331057,6926.715580053553
647,30,0.11556566666666666,0.112675,0.14072359999999998,0.14070283333333336,0.135748,0.17612099999999994,0.004246467,7064.696369947063
648,30,0.11479436666666668,0.108694,0.14675474999999993,0.13828936666666666,0.13208,0.1779498499999999,0.004172589,7189.780733256978
649,30,0.11021276666666666,0.10685249999999999,0.13969099999999995,0.13343239999999998,0.1297165,0.16497799999999996,0.004026738,7450.199143823114
650,30,0.1204628,0.10790849999999999,0.1709456,0.14663666666666667,0.13096950000000002,0.20550434999999995,0.004424878,6779.847941570366
651,30,0.11923146666666667,0.1141115,0.14604109999999998,0.14361006666666665,0.13721699999999998,0.17581319999999995,0.004331329,6926.28059424717
652,30,0.1127816,0.1114715,0.12573044999999997,0.13640793333333334,0.134974,0.15175484999999997,0.004114995,7290.409830388616
653,30,0.10702769999999999,0.1034215,0.12675944999999997,0.1301168,0.1246225,0.15832159999999992,0.003926491,7640.409719518013
654,30,0.1238013,0.1149455,0.1586039,0.15189116666666666,0.1391255,0.21580004999999994,0.004582947,6546.00631427769
655,30,0.107728,0.1022885,0.13109374999999995,0.13032176666666667,0.123702,0.1635725499999999,0.003931563,7630.553039592651
656,30,0.10703163333333335,0.1036575,0.13171494999999997,0.12922496666666666,0.125083,0.15500929999999996,0.003898541,7695.1864813015945
657,30,0.1427592666666667,0.12565949999999998,0.2568036999999999,0.16581796666666668,0.14651799999999998,0.28036969999999994,0.004997437,6003.077177361115
658,30,0.15251316666666667,0.137451,0.30012679999999997,0.17946130000000002,0.16329749999999998,0.33035129999999996,0.005409183,5546.124063467626
659,30,0.11451703333333334,0.109352,0.15203199999999992,0.13908893333333336,0.1312195,0.1854832499999999,0.004195977,7149.705539377361
660,30,0.11022663333333332,0.1071545,0.12911909999999996,0.1336126333333333,0.1282085,0.15888884999999997,0.004031247,7441.866003249119
661,30,0.1176427,0.109696,0.16477884999999992,0.14288733333333334,0.13227250000000002,0.20019839999999997,0.004311676,6957.8511929003935
662,30,0.12492550000000001,0.117532,0.17229964999999994,0.15300343333333333,0.140183,0.21757049999999997,0.004618281,6495.923483218106
663,30,0.10958430000000002,0.107576,0.13272314999999998,0.13215476666666667,0.12955250000000001,0.15791064999999999,0.003986366,7525.651182054032
664,30,0.1429220333333333,0.125595,0.2427858999999999,0.1661243666666667,0.1468985,0.2682020999999999,0.005005576,5993.316253713858
665,30,0.1365964333333333,0.13569900000000001,0.15543254999999997,0.16105956666666665,0.1610855,0.18416794999999997,0.004854695,6179.584917281106
666,30,0.13430743333333334,0.127303,0.16622789999999998,0.1583631,0.147871,0.1986026,0.004775742,6281.746375746428
667,30,0.1292707,0.122115,0.18200749999999996,0.15726840000000006,0.1454225,0.23378274999999987,0.004743223,6324.813317864245
668,30,0.11771876666666668,0.1156275,0.15719029999999995,0.1415513,0.1401895,0.18330249999999995,0.004270508,7024.925371876133
669,30,0.12335260000000002,0.11382300000000001,0.16796099999999992,0.14852083333333332,0.13712200000000002,0.20310934999999988,0.004480613,6695.512422072606
670,30,0.11332296666666666,0.110849,0.13580399999999998,0.13652223333333333,0.1332495,0.16098749999999998,0.004117969,7285.144691472909
671,30,0.10572953333333333,0.10270599999999999,0.12073289999999999,0.12779899999999997,0.1228705,0.14800679999999997,0.003856341,7779.395027566286
672,30,0.11804013333333332,0.1167605,0.13883784999999998,0.14322786666666668,0.142372,0.17274489999999998,0.004320861,6943.060653883567
673,30,0.10616376666666666,0.102036,0.12199974999999998,0.12838253333333335,0.123197,0.14992694999999995,0.003872999,7745.935384956206
674,30,0.10787733333333334,0.1030035,0.1289333,0.13066623333333333,0.1245295,0.15410595,0.003942039,7610.274784191633
675,30,0.11279513333333334,0.104697,0.13557519999999998,0.136068,0.12565700000000002,0.16931369999999998,0.004104587,7308.8961203648505
676,30,0.12185850000000001,0.1169765,0.15084785,0.14675273333333336,0.1409175,0.18214254999999996,0.004425615,6778.718889916995
677,30,0.11092933333333334,0.106492,0.13030675,0.13375416666666667,0.1284335,0.15393035,0.004034445,7435.967028922193
678,30,0.10995773333333334,0.104145,0.13350334999999997,0.13240896666666668,0.12474350000000001,0.15948644999999997,0.003994108,7511.063796972941
679,30,0.10584836666666668,0.1027395,0.12185009999999999,0.12797,0.12356700000000001,0.1502704,0.003864201,7763.571304908829
680,30,0.11874013333333332,0.115237,0.14141075,0.14306803333333334,0.13910299999999998,0.16606455,0.004315671,6951.410336886199
681,30,0.10773866666666666,0.100349,0.13688874999999995,0.1305719,0.121442,0.16877554999999994,0.003938967,7616.210036793911
682,30,0.1087091,0.1036745,0.1355916999999999,0.13111006666666666,0.12473899999999999,0.1675941499999999,0.003954383,7586.518554221987
683,30,0.11430243333333331,0.108267,0.14038984999999995,0.13861759999999998,0.130244,0.17240569999999994,0.004181516,7174.431474135218
684,30,0.1357731,0.129854,0.1598114,0.16421369999999996,0.1579205,0.20162969999999994,0.004953017,6056.914401868599
685,30,0.11939056666666666,0.11105699999999999,0.15882494999999996,0.14505696666666668,0.13356,0.18975314999999998,0.004376861,6854.227264699519
686,30,0.1125049,0.1085035,0.13946269999999994,0.13628126666666668,0.13089499999999998,0.1730707499999999,0.004112297,7295.19292988809
687,30,0.11544020000000002,0.1060595,0.1707960499999999,0.13888366666666668,0.12778899999999999,0.2100943999999998,0.004190992,7158.209798539343
688,30,0.11617786666666667,0.108815,0.1470679,0.14084919999999998,0.1308335,0.17975349999999998,0.004249555,7059.562707154043
689,30,0.10944023333333332,0.1064795,0.13896124999999995,0.13229086666666667,0.130766,0.16822344999999994,0.00399538,7508.672516756855
690,30,0.10982960000000003,0.1049255,0.12891929999999996,0.1335279,0.12725750000000002,0.16024844999999993,0.004029696,7444.7303220888125
691,30,0.11032446666666666,0.10488249999999999,0.14472784999999994,0.1335151,0.12783450000000002,0.17219444999999994,0.00402934,7445.388078444608
692,30,0.13488609999999998,0.11771799999999999,0.20369299999999985,0.16202436666666664,0.14255299999999999,0.24731574999999997,0.004888361,6137.026295725705
693,30,0.11334226666666665,0.1090985,0.13253079999999998,0.13705153333333334,0.131855,0.16057519999999995,0.004135237,7254.723248026655
694,30,0.1103306,0.1067495,0.12899615,0.1336252666666667,0.1292135,0.15562769999999998,0.004031477,7441.441436972106
695,30,0.12328610000000002,0.120392,0.15070229999999996,0.1483841,0.1438085,0.1843560499999999,0.004475038,6703.853687946337
696,30,0.1074746,0.10377600000000001,0.12812444999999997,0.13007673333333333,0.125512,0.15530329999999998,0.003927962,7637.54842842166
697,30,0.10962773333333334,0.106697,0.12385419999999998,0.1328264,0.1288745,0.15029679999999995,0.004008983,7483.19461569181
698,30,0.11488706666666666,0.11047850000000001,0.13261934999999997,0.13881106666666668,0.132409,0.16599329999999995,0.004187584,7164.035396066084
699,30,0.11884926666666668,0.11591699999999999,0.13801199999999997,0.14279556666666665,0.14023249999999998,0.162514,0.004308283,6963.330867540502
700,30,0.11408106666666668,0.111515,0.13390625,0.13737729999999998,0.133072,0.16026184999999998,0.00414462,7238.29928919901
701,30,0.11161789999999998,0.10904849999999999,0.12651704999999996,0.13495,0.1304155,0.15676539999999994,0.004072734,7366.05926141997
702,30,0.11242436666666665,0.1084675,0.13019604999999998,0.13676036666666666,0.131476,0.16085854999999996,0.004126176,7270.654475233243
703,30,0.12215586666666667,0.1203395,0.14265304999999998,0.148073,0.14632,0.17737059999999996,0.004467412,6715.2973578438705
704,30,0.10696236666666667,0.1011595,0.1318395,0.1297887,0.122961,0.16192575,0.003915689,7661.486905625038
705,30,0.11586973333333332,0.1101095,0.14454594999999992,0.1406513666666667,0.1327465,0.1782189499999999,0.004242949,7070.553994403421
706,30,0.10568983333333334,0.103437,0.11960689999999997,0.1279248,0.124383,0.14778959999999994,0.003859451,7773.126281432255
707,30,0.13906506666666668,0.12825999999999999,0.23013444999999988,0.1680256333333333,0.15584,0.2758951999999999,0.005069884,5917.295149159231
708,30,0.11704513333333333,0.114151,0.15038939999999995,0.1425248,0.1374335,0.19141414999999992,0.004299247,6977.966141512688
709,30,0.11098526666666665,0.1045845,0.13165599999999997,0.13455616666666667,0.12630750000000002,0.16250864999999995,0.0040587,7391.5293074137035
710,30,0.11380046666666668,0.108472,0.1441099999999999,0.13704440000000004,0.1310735,0.1812994499999999,0.00413434,7256.297256635883
711,30,0.11780866666666666,0.10603850000000001,0.15512479999999995,0.14314066666666667,0.1271925,0.19126194999999993,0.004318351,6947.096241134637
712,30,0.10880936666666666,0.1077925,0.1280983,0.1316846,0.1295725,0.15495669999999998,0.003972741,7551.46132103754
713,30,0.1097926,0.108585,0.12271199999999999,0.13309226666666665,0.1310965,0.14922819999999998,0.004019053,7464.444982437405
714,30,0.1149646,0.111474,0.13329765,0.13986386666666664,0.13408,0.16695089999999999,0.004218829,7110.977951464731
715,30,0.11851249999999999,0.108076,0.16720964999999985,0.14434713333333335,0.1306235,0.22126669999999973,0.004353731,6890.6416129062645
716,30,0.11991346666666666,0.1132525,0.1665293499999999,0.14537766666666666,0.1383275,0.20911174999999985,0.004384186,6842.775374949877
717,30,0.10939769999999999,0.1062955,0.12654504999999996,0.13237516666666668,0.1281245,0.15637714999999996,0.003992795,7513.5337526719995
718,30,0.11560433333333334,0.1141355,0.13501304999999997,0.13985920000000002,0.136765,0.16867529999999992,0.00422026,7108.566770767678
719,30,0.10690273333333335,0.1033445,0.12428579999999996,0.12942336666666665,0.125281,0.15194824999999995,0.003904415,7683.609452376349
720,30,0.11212399999999997,0.10878550000000001,0.13369684999999998,0.13611226666666665,0.13135950000000002,0.16010615,0.004105244,7307.7264104155565
721,30,0.10847546666666666,0.105242,0.13431849999999995,0.13181053333333334,0.1260305,0.16401909999999992,0.003976451,7544.415862285239
722,30,0.1215655,0.11892849999999999,0.1444608,0.14686426666666666,0.1446615,0.17027019999999995,0.004449208,6742.773095795927
723,30,0.11229383333333333,0.1097505,0.13694924999999997,0.13595476666666664,0.131834,0.16570649999999998,0.004101413,7314.552326234885
724,30,0.11109343333333334,0.107346,0.13123959999999998,0.13480899999999998,0.130685,0.15967744999999997,0.004066243,7377.817803805627
725,30,0.10849879999999999,0.10493649999999999,0.12547165,0.13151553333333332,0.127369,0.15279525,0.003967518,7561.402367928766
726,30,0.11769779999999998,0.11151849999999999,0.15414219999999998,0.14258873333333336,0.1339075,0.19279259999999995,0.004301153,6974.8739465906
727,30,0.10513123333333334,0.102598,0.12043924999999998,0.1278000333333333,0.12371750000000001,0.14797269999999998,0.003855478,7781.136346777235
728,30,0.10869213333333334,0.105445,0.12754655,0.13186683333333335,0.12636350000000002,0.15427579999999996,0.003979691,7538.273700144057
729,30,0.10765786666666667,0.1046275,0.12150174999999998,0.1304739,0.125525,0.14921669999999995,0.003937138,7619.748152084077
730,30,0.15158686666666663,0.13242700000000002,0.24733449999999996,0.17840276666666668,0.158166,0.2765120999999999,0.005383245,5572.846860954684
731,30,0.11437490000000002,0.1070835,0.14262399999999997,0.13879433333333335,0.128744,0.17344189999999998,0.004188354,7162.718337561725
732,30,0.1039602,0.1004495,0.11829964999999999,0.12615956666666667,0.121203,0.1462502,0.003807453,7879.283079791136
733,30,0.10596436666666666,0.102627,0.11963224999999998,0.1283389,0.124312,0.14570704999999998,0.003874006,7743.921924746632
734,30,0.10889693333333335,0.10533000000000001,0.12630804999999998,0.13248313333333334,0.12641,0.15469159999999998,0.003998241,7503.299575988542
735,30,0.14027513333333333,0.10970350000000001,0.2353055,0.1667502,0.1325535,0.25654805,0.005029105,5965.276127660886
736,30,0.11586916666666668,0.1055625,0.1762569999999999,0.1393185666666667,0.1272375,0.20675964999999996,0.004203639,7136.67372483698
737,30,0.111582,0.111301,0.13541665,0.13428996666666665,0.132621,0.1581931,0.004051747,7404.213540480194
738,30,0.11171703333333333,0.10553799999999999,0.136375,0.1349550333333333,0.1281485,0.16574194999999997,0.00407168,7367.966048412449
739,30,0.11672086666666665,0.108983,0.16401624999999992,0.14309386666666668,0.13056800000000002,0.20367394999999988,0.004317222,6948.9129815422975
740,30,0.11143443333333332,0.1084435,0.12405544999999998,0.13497446666666668,0.13058,0.15121134999999997,0.004072989,7365.598090247728
741,30,0.1281096,0.1262525,0.1591945,0.15562990000000002,0.15237,0.19087649999999998,0.004694624,6390.2881253109945
742,30,0.10722323333333335,0.1044495,0.12095749999999998,0.1300919666666667,0.126462,0.14815279999999997,0.003924709,7643.878820060289
743,30,0.10811496666666667,0.102672,0.12716669999999997,0.13117073333333332,0.123899,0.15607579999999996,0.003956802,7581.880518661283
744,30,0.10712586666666667,0.10280500000000001,0.13578535,0.1297046,0.12306600000000001,0.16524829999999996,0.003913349,7666.06811710379
745,30,0.12087503333333335,0.118984,0.1381696,0.14586506666666665,0.14312599999999998,0.17451584999999994,0.004399553,6818.874553846721
746,30,0.11001316666666666,0.105069,0.12717404999999998,0.13342023333333333,0.1265515,0.15506384999999995,0.004025289,7452.881022952638
747,30,0.11495133333333335,0.109054,0.13898059999999993,0.13909829999999998,0.13103700000000001,0.16875169999999992,0.004200648,7141.755272043742
748,30,0.10601463333333336,0.101336,0.12123669999999996,0.12837566666666667,0.122112,0.14991284999999996,0.003874072,7743.789996675333
749,30,0.11593676666666665,0.115964,0.13690699999999995,0.1413771,0.1410705,0.16367479999999998,0.004265294,7033.512812950291
750,30,0.10727043333333335,0.10328,0.13798869999999994,0.12923199999999999,0.124035,0.16241969999999997,0.003899386,7693.51892836462
751,30,0.10933290000000001,0.104533,0.12663254999999998,0.13255763333333334,0.125678,0.15844545,0.004000084,7499.84250330743
752,30,0.10810716666666668,0.10251,0.13429709999999995,0.1314306,0.123639,0.16734614999999992,0.003965461,7565.324687344044
753,30,0.13750196666666667,0.133448,0.18252714999999997,0.16982226666666664,0.165532,0.21998214999999996,0.0051226,5856.401046343654
754,30,0.13383820000000002,0.130011,0.16489359999999997,0.1612376666666667,0.160169,0.19757949999999996,0.004867263,6163.628306093178
755,30,0.10504613333333333,0.1019095,0.12246449999999998,0.12740623333333334,0.1228885,0.150245,0.003843859,7804.656726482423
756,30,0.12064626666666664,0.116992,0.1543141,0.1456410333333333,0.1394535,0.19212605,0.004394105,6827.328887225044
757,30,0.11206050000000002,0.10333,0.14845324999999993,0.1366036,0.124562,0.1872259999999999,0.004121502,7278.899779740493
758,30,0.11360720000000003,0.111318,0.14102355,0.1371883666666667,0.13417800000000002,0.16355265,0.004138329,7249.3027983033735
759,30,0.11153323333333333,0.10683300000000001,0.14215909999999995,0.13531826666666666,0.127579,0.17800774999999994,0.004082771,7347.950693291395
760,30,0.11832216666666669,0.113284,0.15514675,0.14286993333333334,0.1386745,0.18137855,0.004309873,6960.7619528464065
761,30,0.11005293333333332,0.105326,0.12731504999999999,0.1335380333333333,0.126743,0.15904104999999996,0.004028152,7447.583904480268
762,30,0.13116306666666663,0.112368,0.2360114999999999,0.15831333333333336,0.1364245,0.26115339999999987,0.004773907,6284.160960823075
763,30,0.1045188,0.10349749999999999,0.11400549999999998,0.12611093333333334,0.124229,0.1384105,0.003804526,7885.34498121448
764,30,0.12915780000000002,0.12325,0.1616338,0.15718526666666668,0.146824,0.20678159999999998,0.004746937,6319.86478859947
765,30,0.1056824,0.10287099999999999,0.12029854999999996,0.12759463333333335,0.1235445,0.14752194999999996,0.00384965,7792.916239138623
766,30,0.11407086666666665,0.108181,0.1500627,0.1381007333333333,0.1295485,0.18442544999999996,0.004165415,7202.16352992439
767,30,0.11377353333333332,0.10592599999999999,0.14300715,0.1376449333333333,0.127552,0.18166624999999995,0.004153181,7223.378899210028
768,30,0.1270105,0.12090999999999999,0.15494934999999996,0.15318426666666662,0.1465245,0.1943909999999999,0.004621153,6491.886332263831
769,30,0.11515563333333331,0.1099695,0.13937624999999998,0.13959803333333334,0.132009,0.16997519999999997,0.004227746,7095.979749019927
770,30,0.12011313333333334,0.110649,0.16994749999999992,0.14677110000000004,0.135712,0.21325319999999992,0.004428637,6774.093248103198
771,30,0.12481993333333333,0.1149895,0.17170839999999993,0.15181086666666668,0.140278,0.21512704999999993,0.004581626,6547.893695382381
772,30,0.11447093333333333,0.1071085,0.14861429999999992,0.13895466666666667,0.1288105,0.18257839999999992,0.004193,7154.781779155736
773,30,0.11658740000000002,0.10964,0.16301879999999996,0.14134103333333334,0.132863,0.20052704999999998,0.004265104,7033.826138823345
774,30,0.10445626666666667,0.1021485,0.11583904999999999,0.1266399666666667,0.1234105,0.14411495,0.003822,7849.293563579278
775,30,0.13366516666666667,0.1273445,0.18048924999999988,0.16323766666666667,0.15631,0.22877199999999986,0.004926359,6089.690174832975
776,30,0.12336566666666667,0.1168005,0.15616564999999993,0.15014936666666667,0.1442045,0.18581849999999997,0.004530912,6621.1835498018945
777,30,0.11196173333333335,0.10687350000000001,0.13376339999999998,0.1362842,0.129966,0.16521459999999996,0.004113513,7293.036390063676
778,30,0.10789453333333333,0.10545650000000001,0.12340369999999999,0.1311890666666667,0.12730750000000002,0.15310169999999998,0.003959222,7577.246236760657
779,30,0.11768960000000002,0.1131365,0.1425077,0.14292209999999997,0.13681,0.17395534999999998,0.004312474,6956.563680152042
780,30,0.11257333333333333,0.109542,0.13282195,0.1366156,0.132684,0.16028594999999998,0.004123061,7276.1475030323345
781,30,0.11025579999999999,0.10580300000000001,0.12911569999999997,0.1339343,0.127662,0.15856379999999998,0.004045101,7416.378478559621
782,30,0.12386923333333333,0.112232,0.17121594999999995,0.15135250000000006,0.1378855,0.22293564999999993,0.004566673,6569.33395493831
783,30,0.11714726666666668,0.1068855,0.15006754999999997,0.1421897666666667,0.1315,0.17810129999999996,0.004289223,6994.273788049723
784,30,0.11292799999999999,0.1068685,0.14982284999999998,0.13735393333333332,0.130688,0.18091199999999993,0.004144502,7238.505374107673
785,30,0.10759953333333334,0.1046735,0.11925184999999998,0.13068173333333333,0.126168,0.14979709999999996,0.003943549,7607.360780860083
786,30,0.11999913333333333,0.1158165,0.15498565,0.14588046666666665,0.140492,0.1843636,0.004402117,6814.90292057208
787,30,0.1100155,0.10602600000000001,0.12267494999999998,0.1338262,0.128571,0.15275189999999994,0.004043822,7418.724167384223
788,30,0.11001550000000002,0.107209,0.12569909999999998,0.13375689999999998,0.130209,0.15444494999999997,0.004035507,7434.010150397459
789,30,0.11070276666666666,0.106511,0.13030709999999995,0.1344613,0.12862849999999998,0.16178274999999995,0.004056764,7395.056749665497
790,30,0.14620539999999999,0.115651,0.2794915499999999,0.1738861,0.14128800000000002,0.31036015,0.005243053,5721.857093567431
791,30,0.11200896666666667,0.109147,0.12672489999999997,0.13643566666666665,0.13216499999999998,0.15664589999999998,0.004118231,7284.681213851287
792,30,0.11561906666666665,0.109361,0.14490064999999996,0.1400089333333333,0.1324905,0.16996569999999997,0.004224254,7101.845674999657
793,30,0.10891300000000001,0.1052475,0.12988434999999995,0.13212000000000002,0.1280485,0.1598981999999999,0.003986874,7524.692277709304
794,30,0.11870586666666667,0.1190175,0.1299466,0.14445910000000003,0.1443035,0.16535659999999996,0.004357576,6884.5615085084
795,30,0.10700770000000003,0.1041055,0.11860494999999997,0.12960416666666666,0.1263705,0.14528789999999997,0.003910833,7671.0000145749
796,30,0.12244946666666669,0.11303250000000001,0.18348869999999995,0.15034416666666667,0.1380255,0.23323359999999996,0.004535964,6613.809104305061
797,30,0.11610920000000001,0.104444,0.13392934999999997,0.1382574,0.125808,0.16202564999999994,0.004173174,7188.772862094895
798,30,0.1482555,0.126078,0.31523799999999974,0.18187363333333328,0.152399,0.3928041999999997,0.005491242,5463.244927103922
799,30,0.1078858,0.104134,0.1260595,0.1306139666666667,0.12609900000000002,0.15421169999999998,0.00394035,7613.536868552287
800,30,0.11068363333333335,0.107569,0.12548694999999996,0.13386293333333335,0.130471,0.15296979999999993,0.004039327,7426.979791435554
801,30,0.11916493333333332,0.1120065,0.17032914999999993,0.1448889666666667,0.1363225,0.20533274999999995,0.004382412,6845.545329832065
802,30,0.13707750000000002,0.1322795,0.16521535,0.16634226666666668,0.1602115,0.1979347,0.005018726,5977.6126451214905
803,30,0.16363819999999998,0.1613155,0.21121189999999995,0.19779806666666666,0.19397799999999998,0.25998704999999994,0.005966785,5027.833246882534
804,30,0.12621323333333334,0.1149675,0.18141695,0.1519771666666667,0.1364995,0.21884504999999996,0.004583478,6545.247953628227
805,30,0.1299046333333333,0.119069,0.2184145999999999,0.15481623333333333,0.144304,0.2440346499999999,0.004668801,6425.632619595481
806,30,0.11085556666666667,0.106322,0.1314092,0.1344052666666667,0.12905650000000002,0.16345949999999995,0.004058568,7391.769707936395
807,30,0.10806520000000001,0.1044335,0.12304839999999997,0.13080503333333335,0.125658,0.15140984999999996,0.003945999,7602.637507003929
808,30,0.11492003333333331,0.110958,0.13532709999999998,0.13989626666666666,0.13467600000000002,0.16444934999999997,0.004219636,7109.617986006377
809,30,0.10475073333333335,0.1023655,0.11582334999999999,0.12714993333333333,0.1237985,0.14283334999999997,0.003836392,7819.847398284638
810,30,0.10610113333333335,0.101714,0.11998164999999997,0.12881186666666664,0.12438,0.14659659999999997,0.003886001,7720.0186000981475
811,30,0.10734816666666668,0.1030745,0.13018934999999995,0.13026046666666663,0.1240215,0.1669219499999999,0.003930028,7633.533399762036
812,30,0.1321861,0.111951,0.2226134499999999,0.15828399999999998,0.13643149999999998,0.2647073999999998,0.004773382,6284.852123714381
813,30,0.10878649999999998,0.104961,0.12468214999999999,0.1326821,0.1268125,0.15666295,0.004004507,7491.558886025171
814,30,0.1053959,0.1030325,0.12662104999999996,0.12761103333333332,0.1241765,0.15672914999999996,0.003850553,7791.088708556927
815,30,0.14026170000000002,0.1134385,0.22787094999999993,0.16852830000000002,0.136054,0.2658584499999999,0.00508782,5896.435015389696
816,30,0.11504586666666668,0.1128845,0.12792254999999997,0.1398345,0.13750600000000002,0.15976789999999996,0.004219771,7109.390533277754
817,30,0.10892779999999999,0.1034545,0.14186264999999998,0.13159506666666668,0.124968,0.17260194999999995,0.003971533,7553.758208731993
818,30,0.1111134,0.107029,0.13238264999999996,0.13457106666666668,0.12883899999999998,0.16288269999999994,0.004061323,7386.755498146786
819,30,0.11271343333333332,0.1086055,0.14827664999999995,0.13606926666666666,0.13231900000000002,0.17909899999999992,0.004105922,7306.5197049529925
820,30,0.1259182,0.1183785,0.16648924999999998,0.1529956,0.1423005,0.2023206,0.004616388,6498.587207141168
821,30,0.12129803333333333,0.107547,0.20025804999999977,0.14754556666666663,0.1314015,0.24935059999999978,0.004451724,6738.962253724625
822,30,0.10844359999999999,0.103879,0.12995079999999995,0.13131923333333334,0.1246025,0.15891259999999993,0.003962048,7571.841633417868
823,30,0.1066783,0.1037195,0.1174836,0.12898166666666666,0.125004,0.1428287,0.003891749,7708.616357324175
824,30,0.12057403333333333,0.1104985,0.17476255,0.1465424,0.1355545,0.2136403999999999,0.004421356,6785.248688411428
825,30,0.10663153333333335,0.10193450000000001,0.12808719999999998,0.1282931,0.122114,0.1562311,0.003869991,7751.956012300803
826,30,0.10440780000000001,0.1015325,0.11504059999999998,0.1264513,0.12181349999999999,0.14461499999999997,0.003815167,7863.351722218189
827,30,0.12573726666666665,0.1158805,0.1956669999999998,0.1489738,0.137299,0.22049769999999982,0.004491117,6679.85269588835
828,30,0.1179226,0.10645,0.1694048499999999,0.1405153333333333,0.1285485,0.1939198999999999,0.004238139,7078.57859310419
829,30,0.10388750000000001,0.1007055,0.11510255,0.12564419999999998,0.1220465,0.14304364999999997,0.003790362,7914.811302983726
830,30,0.10690633333333334,0.1042375,0.12446659999999996,0.12941153333333333,0.125341,0.15157184999999995,0.003905027,7682.4052689008295
831,30,0.12422843333333332,0.1165095,0.17321145,0.14904506666666667,0.13966800000000001,0.20661329999999997,0.004494446,6674.904982727571
832,30,0.1071518,0.1029225,0.13072969999999998,0.12960463333333333,0.123503,0.15890979999999996,0.003913556,7665.662635209512
833,30,0.10624173333333334,0.10272,0.12200569999999997,0.12824186666666668,0.1236885,0.15318114999999996,0.0038686,7754.7433179961745
834,30,0.10981606666666668,0.102832,0.14185839999999997,0.1326246333333333,0.1250455,0.17111989999999996,0.004000348,7499.347556762562
835,30,0.12555316666666666,0.118467,0.16049624999999998,0.15067803333333332,0.142956,0.20101309999999992,0.004544562,6601.296230527826
836,30,0.10936910000000002,0.1064305,0.12828659999999997,0.13243686666666665,0.12823299999999999,0.15919914999999996,0.003996411,7506.735418354118
837,30,0.1104363,0.1026425,0.14858135,0.13221873333333337,0.12251999999999999,0.17819649999999998,0.003988165,7522.256476349398
838,30,0.10668536666666668,0.1036205,0.12240774999999998,0.1286072,0.1252345,0.14839754999999996,0.003879766,7732.42509986427
839,30,0.11626063333333335,0.11286550000000001,0.13773965,0.14078316666666665,0.1372045,0.1630588,0.004246117,7065.27870051626
840,30,0.10574896666666664,0.103075,0.11626564999999997,0.1278609,0.1237925,0.14216079999999995,0.003857229,7777.60407795337
841,30,0.10286276666666666,0.1006725,0.11412719999999998,0.12446633333333333,0.120975,0.13988924999999994,0.003755767,7987.715957885566
842,30,0.1075984,0.1036995,0.13105945,0.13004793333333334,0.12479000000000001,0.1612764,0.0039235,7646.234229641902
843,30,0.1337575666666667,0.12396399999999999,0.18387954999999984,0.16329373333333336,0.152042,0.24408849999999976,0.004925581,6090.6520469361885
844,30,0.10915393333333333,0.104613,0.12907069999999998,0.13204200000000002,0.125329,0.1578763,0.003983014,7531.9845724870665
845,30,0.12694160000000002,0.1224605,0.15635575,0.15028536666666667,0.1449615,0.18358645,0.004530458,6621.847062703152
846,30,0.1370105,0.1285155,0.19783229999999996,0.16013089999999996,0.150978,0.22167724999999996,0.004826294,6215.949546380722
847,30,0.13394003333333335,0.12467900000000001,0.19136679999999998,0.15678793333333332,0.1460545,0.21649759999999998,0.004727024,6346.487769048772
848,30,0.10883256666666667,0.1035395,0.12376089999999998,0.13142056666666665,0.124893,0.15167969999999995,0.003964699,7566.778713844355
849,30,0.1091933,0.1064125,0.12648935,0.13306310000000002,0.1295945,0.15377819999999998,0.004018359,7465.7341467001825
850,30,0.11320046666666667,0.1041455,0.15061664999999994,0.13622146666666665,0.126844,0.17745364999999996,0.004108925,7301.179748961103
851,30,0.1094378,0.10339,0.14392759999999985,0.13226646666666667,0.12459799999999999,0.1842063499999998,0.003989701,7519.3604733788325
852,30,0.11398696666666665,0.10494400000000001,0.16613495,0.13796213333333332,0.12703,0.2023671499999999,0.004161211,7209.439752033723
853,30,0.10711083333333331,0.1050055,0.12305654999999999,0.1295048,0.12681900000000002,0.15064549999999996,0.003906959,7678.606302241718
854,30,0.10890646666666667,0.106267,0.12630839999999996,0.13184920000000003,0.1282645,0.15342869999999995,0.00397849,7540.549303881623
855,30,0.10866866666666669,0.1035655,0.13560554999999996,0.13199673333333334,0.12466350000000001,0.16650599999999996,0.003981885,7534.120146613978
856,30,0.10760396666666668,0.1048535,0.125828,0.13036003333333332,0.1266625,0.15285479999999999,0.003935015,7623.859121248584
857,30,0.10643180000000001,0.103377,0.12290714999999999,0.12919126666666667,0.1252075,0.14945975,0.003902491,7687.397613473036
858,30,0.1095117,0.1065725,0.12268919999999998,0.13263476666666668,0.1286935,0.14879249999999997,0.004002468,7495.375353406947
859,30,0.1077595,0.103882,0.12224769999999997,0.1308909,0.1251855,0.15009364999999997,0.003950211,7594.531026317328
860,30,0.10872216666666666,0.104497,0.14063844999999994,0.13250206666666667,0.12640099999999999,0.17167034999999994,0.003998759,7502.327597137011
861,30,0.10520616666666666,0.102838,0.11600194999999999,0.12736486666666666,0.123719,0.14266969999999998,0.003844058,7804.252693377675
862,30,0.10845573333333336,0.1057285,0.12041539999999998,0.1317044,0.127923,0.14833359999999998,0.003974761,7547.62361812446
863,30,0.11048813333333332,0.1045605,0.14022505,0.13344716666666667,0.126061,0.16949334999999996,0.004026106,7451.368642554369
864,30,0.10786456666666666,0.10557,0.12290669999999997,0.13067440000000002,0.126546,0.15027309999999997,0.003942191,7609.981353009024
865,30,0.12861506666666667,0.10946049999999999,0.23892889999999983,0.15388923333333338,0.1312525,0.2695817999999999,0.004640133,6465.331920442797
866,30,0.12163056666666665,0.1168515,0.15579374999999998,0.14688583333333333,0.141857,0.18587315,0.004434951,6764.449032244099
867,30,0.11506176666666666,0.1087545,0.1449228499999999,0.13923620000000003,0.130384,0.17822699999999989,0.004200433,7142.120824210266
868,30,0.10876989999999999,0.10230700000000001,0.13627464999999994,0.13151839999999998,0.122727,0.16669804999999993,0.003968012,7560.461006670343
869,30,0.10664089999999998,0.104032,0.12175404999999999,0.1294681,0.12504749999999998,0.15019199999999996,0.003906314,7679.874172941551
870,30,0.12567893333333335,0.115799,0.1969484,0.1531805,0.1401015,0.23613895,0.004624484,6487.21024875424
871,30,0.10565883333333334,0.1033705,0.11704844999999997,0.12778636666666665,0.1246235,0.14387474999999997,0.003855998,7780.087022866714
872,30,0.10698586666666667,0.1034525,0.12316749999999997,0.13053653333333334,0.12532300000000002,0.15210854999999995,0.003938936,7616.269977476151
873,30,0.10743616666666665,0.103913,0.12580014999999997,0.13022086666666666,0.1252965,0.15307514999999997,0.003927982,7637.509540522335
874,30,0.11483536666666666,0.1124695,0.12594139999999998,0.1394892333333333,0.135283,0.15412379999999998,0.004211478,7123.389935789763
875,30,0.11266956666666667,0.110432,0.12557164999999998,0.13636856666666666,0.13418950000000002,0.15373129999999996,0.004113045,7293.8662231996
876,30,0.1148116,0.1063085,0.1601067,0.1372974666666667,0.1263935,0.18898314999999996,0.004141038,7244.560421807287
877,30,0.10720636666666668,0.1046485,0.12290129999999996,0.1295151,0.1250545,0.15038124999999997,0.00390677,7678.977774478661
878,30,0.11618613333333334,0.1135865,0.14719869999999993,0.13971526666666667,0.137292,0.1743446999999999,0.004225697,7099.42052163229
879,30,0.1051745,0.102538,0.11671794999999997,0.12724483333333333,0.12386,0.14278404999999994,0.00383872,7815.105035011671
880,30,0.11032266666666665,0.10586799999999999,0.12972804999999996,0.13330786666666666,0.12770700000000001,0.15996834999999993,0.004021557,7459.79728746851
881,30,0.1176757,0.10783200000000001,0.1714529,0.14038219999999998,0.128965,0.19675084999999998,0.004233371,7086.551119663267
882,30,0.11844663333333331,0.1128915,0.15499559999999998,0.14214506666666668,0.13540750000000001,0.18896994999999994,0.004287286,6997.433807774894
883,30,0.11328960000000002,0.110457,0.13210295,0.1370119,0.134125,0.16061809999999999,0.004139562,7247.143538374349
884,30,0.11327230000000002,0.105242,0.1604240499999999,0.13770290000000002,0.1265025,0.19245184999999992,0.004153424,7222.9562885946625
885,30,0.11653193333333332,0.10516500000000001,0.17427969999999993,0.14116936666666666,0.1269925,0.20730414999999996,0.004258921,7044.037679966358
886,30,0.11653536666666667,0.1072765,0.16227409999999998,0.14137566666666668,0.1293105,0.20260359999999997,0.004264798,7034.330817075041
887,30,0.1144127,0.10864199999999999,0.15715179999999992,0.13791436666666668,0.13158150000000002,0.19225474999999986,0.004159483,7212.4348146151815
888,30,0.11097336666666664,0.1059445,0.13055369999999997,0.13422716666666668,0.129123,0.15897469999999997,0.0040485,7410.151908114116
889,30,0.12053113333333335,0.114034,0.15518769999999996,0.14471273333333334,0.14007999999999998,0.1842753,0.004363935,6874.529524385674
890,30,0.1356198,0.10402600000000001,0.2813770999999999,0.15913066666666664,0.1257635,0.30882644999999986,0.004806874,6241.062278728337
891,30,0.11007486666666667,0.10346,0.13134839999999995,0.1337174,0.12704300000000002,0.16100634999999996,0.00403358,7437.561669782178
892,30,0.10656313333333335,0.1027505,0.11984304999999998,0.12868290000000002,0.12406700000000001,0.14596129999999996,0.003881719,7728.534703310569
893,30,0.11204123333333332,0.10754949999999999,0.13519414999999999,0.13604070000000001,0.129883,0.16347345,0.004108581,7301.791056328207
894,30,0.10624349999999999,0.101842,0.12553544999999997,0.12843113333333334,0.123026,0.15422929999999996,0.003874636,7742.662794647033
895,30,0.10867533333333332,0.103572,0.13253974999999996,0.1321409,0.125696,0.1582899,0.003985231,7527.794499239819
896,30,0.11404843333333335,0.1037315,0.172224,0.13544963333333332,0.12404000000000001,0.1920326,0.004084549,7344.752137873729
897,30,0.11122173333333336,0.10888,0.12807200000000002,0.13565033333333334,0.131172,0.1559081,0.004091667,7331.974962771897
898,30,0.1117763,0.1033795,0.14483604999999997,0.13581969999999996,0.125282,0.17473194999999994,0.004097444,7321.637586749202
899,30,0.10637886666666667,0.10431599999999999,0.11827544999999998,0.1291664,0.127047,0.14424474999999995,0.003897586,7697.071982504041
900,30,0.1031304,0.10149749999999999,0.11147049999999997,0.12481153333333331,0.1225725,0.13735704999999998,0.003771013,7955.422057680522
901,30,0.11104416666666667,0.10865,0.1256683,0.13452083333333334,0.13168950000000001,0.1533725,0.004059792,7389.54113905343
902,30,0.1071371,0.1022595,0.12543709999999997,0.1300657,0.123403,0.15331969999999995,0.003925022,7643.269260656373
903,30,0.1077991,0.10458200000000001,0.1290927,0.13038156666666667,0.1260415,0.15450509999999998,0.003934546,7624.767889357502
904,30,0.10765503333333334,0.10320599999999999,0.1316783,0.1305604,0.124349,0.15809855,0.003940187,7613.851829875079
905,30,0.10760489999999999,0.1045495,0.12509469999999998,0.13021283333333333,0.1256815,0.15339859999999997,0.003929343,7634.8641490447635
906,30,0.11046019999999998,0.1036595,0.13861714999999997,0.1336451,0.1245075,0.1685671,0.00403528,7434.428342023355
907,30,0.10741906666666666,0.10358300000000001,0.12187799999999997,0.12994376666666665,0.123808,0.14803044999999995,0.003922214,7648.741246653038
908,30,0.10536876666666667,0.101469,0.12040979999999998,0.12744070000000002,0.12220500000000001,0.14609069999999996,0.003844674,7803.002283158467
909,30,0.11725743333333334,0.10428,0.18637669999999992,0.13984676666666665,0.12558950000000002,0.21005509999999997,0.004217704,7112.8746825286935
910,30,0.11075476666666667,0.1017525,0.14184509999999995,0.1332532,0.122446,0.16888704999999996,0.004019131,7464.30011860773
911,30,0.10390266666666667,0.1002115,0.12457509999999995,0.1260692333333333,0.1208195,0.14975449999999996,0.003803612,7887.239813103965
912,30,0.10743156666666663,0.1027695,0.12115709999999999,0.1304839333333333,0.12454899999999999,0.1543734,0.003940325,7613.585173811805
913,30,0.12417589999999999,0.1134085,0.15156385,0.14964000000000002,0.137466,0.18488289999999996,0.00451317,6647.212491441714
914,30,0.1542979666666667,0.120589,0.3222732499999998,0.1850676,0.1452755,0.35669589999999984,0.005579579,5376.749751190905
915,30,0.10629310000000002,0.102955,0.11972349999999998,0.12892273333333332,0.123888,0.1497316,0.003889429,7713.214458986139
916,30,0.1065501,0.10384950000000001,0.12226139999999996,0.12914453333333334,0.12536999999999998,0.15176179999999997,0.003896151,7699.906908125481
917,30,0.16136203333333332,0.1129165,0.3810787499999999,0.19202733333333333,0.1361125,0.4449345499999999,0.0057892,5182.06315207628
918,30,0.1074332,0.103564,0.12716949999999996,0.1301939,0.1253225,0.15600639999999996,0.003931801,7630.091146525472
919,30,0.10646826666666669,0.103229,0.11688899999999997,0.12825440000000002,0.1243695,0.14322584999999996,0.003869488,7752.96369959023
920,30,0.11043976666666667,0.107422,0.12075534999999997,0.13294686666666666,0.12936150000000002,0.14815144999999996,0.004010617,7480.1458229494365
921,30,0.110918,0.104617,0.13698395,0.134486,0.1262605,0.16511699999999999,0.004057365,7393.961351764014
922,30,0.10963086666666667,0.10578,0.13035095,0.13201400000000002,0.12673,0.1587718,0.003987328,7523.835510898526
923,30,0.10709923333333334,0.102937,0.12375639999999999,0.12968453333333332,0.12404000000000001,0.15116575,0.003912189,7668.3411767683
924,30,0.1089058,0.10516800000000001,0.1246084,0.13232343333333335,0.1268995,0.15224,0.003991539,7515.898003251378
925,30,0.10833366666666668,0.1033545,0.13107559999999996,0.13139763333333332,0.125307,0.15801644999999997,0.003963335,7569.3828556001445
926,30,0.10758443333333334,0.10244,0.1274776,0.13000093333333332,0.123407,0.15350394999999997,0.003921606,7649.927096194773
927,30,0.10644263333333331,0.1030585,0.12508845,0.12813310000000003,0.1234905,0.15003599999999997,0.00386522,7761.524570399615
928,30,0.1320879,0.1095865,0.26719455,0.15597046666666664,0.131022,0.29155629999999993,0.004701489,6380.957181863023
929,30,0.10783193333333332,0.1028985,0.12989469999999997,0.1307437,0.12436849999999999,0.15954474999999996,0.003944235,7606.037672704593
930,30,0.1118804,0.1079225,0.14133079999999992,0.13513219999999998,0.1290405,0.16892604999999997,0.004076434,7359.3734131351075
931,30,0.1076327666666667,0.1039775,0.12157249999999997,0.1304475,0.1255755,0.14902439999999997,0.003934665,7624.537285893462
932,30,0.24345226666666664,0.225802,0.41951434999999987,0.30315490000000006,0.288549,0.49168419999999985,0.009143999,3280.8402538101764
933,30,0.11624513333333335,0.1048245,0.1540239499999999,0.14196273333333334,0.127794,0.19740314999999983,0.004283959,7002.868141361763
934,30,0.11139106666666668,0.107584,0.1282292,0.13459533333333334,0.130915,0.15638154999999998,0.004060802,7387.703217246249
935,30,0.12710353333333332,0.12466250000000001,0.15620979999999995,0.15496043333333334,0.1508905,0.18539219999999995,0.004678383,6412.472001544123
936,30,0.13286483333333335,0.1306465,0.16877029999999998,0.16134579999999998,0.1593755,0.19738289999999997,0.004869696,6160.548830974254
937,30,0.27939633333333336,0.28254999999999997,0.37833734999999985,0.3484330333333334,0.360873,0.47025489999999986,0.010511094,2854.1272678181736
938,30,0.13854780000000003,0.10453799999999999,0.2577733499999999,0.16827623333333333,0.12569049999999998,0.3140066499999999,0.005076142,5910.000153660005
939,30,0.1095222333333333,0.1051665,0.12321829999999996,0.13262476666666664,0.1273555,0.15103299999999997,0.00400057,7498.931402275175
940,30,0.10647196666666667,0.103057,0.12195609999999998,0.12837289999999998,0.123301,0.14844015,0.003872813,7746.307399815069
941,30,0.1089985,0.1058325,0.12964989999999998,0.131895,0.1284735,0.15634474999999998,0.003979445,7538.739698626317
942,30,0.11008296666666666,0.105836,0.1258916,0.13294853333333334,0.12639250000000002,0.15280979999999997,0.004010927,7479.567690960219
943,30,0.10630003333333334,0.1036315,0.12141719999999999,0.12848766666666667,0.124478,0.14797874999999996,0.003877313,7737.317054362132
944,30,0.10663966666666666,0.1032595,0.12359804999999997,0.12889749999999997,0.12385499999999999,0.15089494999999997,0.003889745,7712.587843161955
945,30,0.13066546666666665,0.1131655,0.24743045,0.15559663333333332,0.1433135,0.2691616,0.004693963,6391.188000416706
946,30,0.10555503333333333,0.10241700000000001,0.11685199999999997,0.12773853333333332,0.12356349999999999,0.14355839999999997,0.003855048,7782.004270763944
947,30,0.1127294,0.105615,0.1528291,0.1355802,0.1267235,0.18409989999999998,0.004090212,7334.583146301463
948,30,0.10930480000000001,0.10467399999999999,0.12818779999999994,0.13235470000000002,0.1271205,0.15712159999999992,0.003993943,7511.3740982282425
949,30,0.1146373,0.11446,0.13500109999999999,0.13880303333333333,0.1365135,0.16361235,0.004187107,7164.851531140714
950,30,0.15931133333333333,0.115314,0.3594596999999999,0.19207143333333326,0.1407805,0.42511684999999977,0.005789654,5181.6567967619485
951,30,0.1066039,0.1014365,0.12439764999999996,0.12895436666666668,0.12177850000000001,0.15214044999999993,0.003890579,7710.934542133703
952,30,0.11515096666666666,0.11302999999999999,0.1298517,0.13935569999999997,0.136882,0.15867964999999998,0.0042129,7120.985544399345
953,30,0.10855806666666666,0.107099,0.13251399999999997,0.13135563333333333,0.1283075,0.16591249999999996,0.003962896,7570.221373460217
954,30,0.1066061,0.10349249999999999,0.11644884999999999,0.1291555666666667,0.1251215,0.1438635,0.003896429,7699.357539942343
955,30,0.10782376666666667,0.10566149999999999,0.12375849999999997,0.13023036666666668,0.1268675,0.14996754999999995,0.00392851,7636.483043189403
956,30,0.12565663333333335,0.12342449999999999,0.15001769999999998,0.15226933333333334,0.149192,0.17611485,0.004593228,6531.35442002879
957,30,0.11043833333333335,0.106536,0.12881715,0.13343786666666665,0.1283185,0.15727644999999996,0.004026846,7449.99932950006
958,30,0.10632923333333334,0.10392799999999999,0.1131572,0.12933663333333334,0.124855,0.1403141,0.00390295,7686.4935497508295
959,30,0.10588996666666667,0.10235050000000001,0.12460899999999996,0.127847,0.1233225,0.15068019999999996,0.003856866,7778.336089457088
960,30,0.11427296666666667,0.111768,0.12780365,0.13896366666666668,0.134933,0.15675219999999998,0.004192812,7155.102589860934
961,30,0.10593696666666667,0.1024715,0.12680509999999998,0.12860723333333335,0.12440899999999999,0.1541155,0.003880258,7731.444661669404
962,30,0.1250886,0.120143,0.17055679999999998,0.15215933333333334,0.14708,0.21235584999999996,0.004590085,6535.82667859092
963,30,0.13206506666666668,0.1288875,0.15594774999999997,0.16153193333333335,0.15745900000000002,0.18879004999999996,0.004872653,6156.810263320618
964,30,0.1336839333333333,0.1303725,0.15257235,0.16287123333333334,0.15715449999999997,0.18655694999999997,0.004917461,6100.709288797613
965,30,0.1379235,0.1319095,0.17282684999999998,0.16766746666666668,0.161958,0.21043494999999998,0.005056536,5932.915339671268
966,30,0.13192543333333337,0.12908950000000002,0.15499194999999996,0.1585756333333333,0.154281,0.18535089999999996,0.00478343,6271.650259332739
967,30,0.1335489,0.130089,0.15885409999999997,0.1631831333333333,0.157833,0.19627559999999997,0.004922685,6094.2351582520505
968,30,0.1360561333333333,0.12791950000000002,0.18139274999999996,0.16528466666666664,0.156026,0.21507549999999998,0.004990604,6011.296428247963
969,30,0.13597910000000002,0.1300775,0.17379094999999986,0.16534220000000002,0.1576365,0.20896819999999983,0.004993654,6007.624877494516
970,30,0.13735866666666666,0.134994,0.15112445,0.16647123333333333,0.166003,0.18367484999999997,0.005021886,5973.851258272291
971,30,0.1337989,0.1286625,0.15967405,0.1640761,0.158233,0.20130775,0.004950039,6060.558310752704
972,30,0.12132336666666668,0.114301,0.15896839999999993,0.1473617,0.141027,0.19098664999999992,0.004445736,6748.039019860829
973,30,0.10914143333333334,0.10508200000000001,0.12776015,0.1326235,0.1259495,0.15579904999999997,0.004001047,7498.037388713505
974,30,0.1515433,0.1248575,0.2921973,0.1785382,0.15443649999999998,0.32270109999999996,0.005381346,5574.813438868267
975,30,0.10955879999999998,0.1054085,0.13118054999999998,0.1329603,0.1286235,0.15832014999999997,0.004010933,7479.556502190388
976,30,0.11023760000000002,0.1062585,0.12513584999999997,0.13400739999999997,0.128663,0.15541999999999995,0.004043371,7419.551656278883
977,30,0.12995316666666665,0.12395049999999999,0.16508335,0.15804776666666667,0.1506825,0.19551775,0.00479271,6259.506625687763
978,30,0.11759906666666664,0.1072095,0.16775174999999992,0.14373896666666666,0.1297065,0.21206089999999986,0.00433625,6918.420294032862
979,30,0.125305,0.11680650000000001,0.18571754999999981,0.15098640000000002,0.1408695,0.2223889499999998,0.004553973,6587.6543405066295
980,30,0.11076889999999999,0.105929,0.12833704999999998,0.13436493333333333,0.12780000000000002,0.15785534999999998,0.004053378,7401.234229820165
981,30,0.11691373333333335,0.11196149999999999,0.14968635,0.1418447,0.1347215,0.1841516,0.004279854,7009.5849064010135
982,30,0.10701176666666669,0.10570399999999999,0.1183958,0.13034749999999998,0.1281415,0.144199,0.00393285,7628.0559899309665
983,30,0.11301533333333337,0.10856199999999999,0.1469447499999999,0.1372181,0.1313315,0.18232719999999988,0.004139823,7246.686633703905
984,30,0.1088924333333333,0.106937,0.1202214,0.13291146666666667,0.1303625,0.1495293,0.004011423,7478.642865636459
985,30,0.12336489999999997,0.1184365,0.16205785,0.15159530000000002,0.1456365,0.19818175,0.004572757,6560.5935325231585
986,30,0.11148216666666667,0.10871,0.12636284999999997,0.13581073333333332,0.1329365,0.15529784999999996,0.004103029,7311.671450530815
987,30,0.10998379999999999,0.106076,0.12851834999999998,0.13478226666666665,0.128961,0.15992864999999995,0.004067839,7374.923147155037
988,30,0.11145049999999998,0.1072935,0.12508209999999997,0.13539713333333334,0.130529,0.15400874999999997,0.004086765,7340.769532870131
989,30,0.12830433333333333,0.11319950000000001,0.2236400999999998,0.15519586666666668,0.137296,0.25746949999999985,0.004682035,6407.470255989116
990,30,0.11085536666666668,0.106076,0.12912909999999997,0.13471423333333335,0.129017,0.16081904999999994,0.00406572,7378.766860482276
991,30,0.12340703333333332,0.109241,0.20292364999999984,0.148194,0.132652,0.24578264999999988,0.004470717,6710.333040539135
992,30,0.11696533333333335,0.1075505,0.17604414999999982,0.14117083333333333,0.12999,0.2057182999999998,0.004257843,7045.821088283434
993,30,0.11824039999999998,0.106078,0.17890449999999994,0.1435584,0.1272595,0.23654724999999985,0.004330669,6927.33616907688
994,30,0.11245226666666668,0.1107755,0.12718154999999998,0.13598610000000003,0.1339345,0.15176779999999998,0.004103424,7310.9676211866
995,30,0.10470473333333331,0.10271949999999999,0.11282149999999998,0.12653163333333337,0.1239335,0.1356231,0.003818811,7855.848325565208
996,30,0.11165966666666666,0.109207,0.1258781,0.13488583333333334,0.1313005,0.15451894999999996,0.004071515,7368.264638592759
997,30,0.10969593333333333,0.1021125,0.15024989999999988,0.13220823333333337,0.12439050000000001,0.17756574999999986,0.003987768,7523.005350361405
998,30,0.11031573333333333,0.10482749999999999,0.13735879999999992,0.1340251333333333,0.1271175,0.16508064999999994,0.004042847,7420.513316482173
999,30,0.10796953333333335,0.104961,0.11671165,0.13028326666666667,0.12669049999999998,0.1407914,0.003930439,7632.7351728394715
1000,30,0.12129136666666666,0.1173115,0.13785239999999999,0.14794173333333333,0.142535,0.16977735,0.004462409,6722.826168556043
1001,30,0.11599453333333334,0.1069505,0.15710714999999997,0.14016953333333335,0.128289,0.1896511,0.004228882,7094.073563651103
1002,30,0.11072743333333332,0.10653750000000001,0.13506229999999997,0.13405066666666668,0.128486,0.16707414999999995,0.004044356,7417.744629800147
1003,30,0.11043623333333331,0.10192000000000001,0.15485444999999992,0.13467583333333336,0.123619,0.1880022999999999,0.004068701,7373.360686862957
1004,30,0.13177096666666666,0.12332,0.17998205,0.15966380000000002,0.1511945,0.21592324999999996,0.004816017,6229.213891894485
1005,30,0.1089817,0.10594049999999999,0.12621254999999995,0.1322072,0.128583,0.15502554999999996,0.003988488,7521.6473009320825
1006,30,0.11974653333333332,0.1077665,0.16702644999999997,0.1463908333333333,0.13133899999999998,0.21090849999999992,0.004416934,6792.0417194370575
1007,30,0.1095963,0.10739699999999999,0.12717964999999998,0.13299136666666664,0.1295405,0.15622899999999995,0.004012673,7476.313170796624
1008,30,0.11132183333333333,0.10856850000000001,0.13045429999999997,0.13494636666666665,0.130902,0.15970209999999996,0.004070838,7369.490016551874
1009,30,0.1111221333333333,0.10669899999999999,0.131167,0.13507903333333332,0.1308265,0.15953654999999997,0.004076035,7360.093816662516
1010,30,0.10895266666666667,0.10327149999999999,0.13137444999999998,0.13286130000000002,0.12569950000000002,0.1605257999999999,0.004007407,7486.137544801413
1011,30,0.1049501,0.1025305,0.11918209999999997,0.1272869,0.12441450000000001,0.14537754999999997,0.00383971,7813.0900510715655
1012,30,0.17007589999999997,0.10807,0.27297645,0.19526490000000002,0.1321235,0.30167195,0.005881978,5100.325094721537
1013,30,0.11383360000000002,0.1088945,0.14971425,0.1382712,0.131829,0.1837257499999999,0.00417168,7191.347370843402
1014,30,0.11046966666666667,0.10713349999999999,0.12825319999999996,0.1339725,0.1309295,0.15780324999999992,0.00404218,7421.737775160927
1015,30,0.11286766666666667,0.108663,0.12731429999999996,0.13675116666666665,0.130096,0.15790144999999994,0.004125344,7272.1208219241835
1016,30,0.12644086666666668,0.108158,0.20472189999999993,0.15537003333333332,0.131024,0.2552911999999999,0.004687867,6399.49896189461
1017,30,0.10963753333333333,0.106601,0.12990734999999998,0.13288416666666666,0.128436,0.15745435,0.004008574,7483.958135736049
1018,30,0.10495056666666666,0.102212,0.11788609999999997,0.12718896666666665,0.1233805,0.14447614999999994,0.003837035,7818.536969300515
1019,30,0.1125072333333333,0.10939950000000001,0.128335,0.13617153333333334,0.1340175,0.15534789999999998,0.004110152,7299.000134301603
1020,30,0.11872906666666669,0.10404749999999999,0.20734969999999991,0.1452464666666667,0.12543100000000001,0.26202479999999995,0.004385978,6839.979589500906
1021,30,0.10926463333333333,0.1051885,0.12590205,0.1327778,0.1265165,0.15633824999999998,0.00400701,7486.8792441246715
1022,30,0.12084243333333335,0.1157395,0.15566354999999998,0.14706323333333335,0.138379,0.19823129999999994,0.004439401,6757.668433196281
1023,30,0.1246075,0.1171325,0.1644302,0.15197976666666665,0.1419195,0.1933252,0.004584094,6544.3684182741445
1024,30,0.11789803333333335,0.109591,0.16835345,0.14261196666666667,0.13243349999999998,0.21163975,0.004303061,6971.781250602768
1025,30,0.11115163333333332,0.1073645,0.13000189999999998,0.13474586666666666,0.1293415,0.15905704999999995,0.004064885,7380.28259102041
1026,30,0.1343793,0.1144445,0.25671819999999956,0.1610521666666667,0.140405,0.2963132999999996,0.004856523,6177.258915483361
1027,30,0.11703816666666667,0.10703950000000001,0.14504399999999995,0.1416098666666667,0.1293365,0.17365919999999996,0.004270968,7024.168759868957
1028,30,0.11142316666666667,0.110491,0.12052544999999999,0.1350925,0.13320700000000002,0.14605,0.004076389,7359.454654597489
1029,30,0.11031623333333335,0.1079755,0.12098949999999999,0.1336439,0.1304585,0.15010669999999998,0.00403265,7439.276902285099
1030,30,0.10909410000000001,0.1061235,0.12614535,0.1323845,0.12811250000000002,0.15297009999999997,0.003994373,7510.565488000245
1031,30,0.11377006666666666,0.106962,0.15285624999999994,0.13769959999999998,0.1285305,0.18433934999999993,0.004154769,7220.618041580651
1032,30,0.113058,0.10770099999999999,0.13603315,0.13677023333333335,0.13103399999999998,0.16368304999999997,0.004127158,7268.924523849099
1033,30,0.10487760000000002,0.1026515,0.11745934999999996,0.1267432,0.1234315,0.14241934999999994,0.003825617,7841.872304519768
1034,30,0.14656333333333335,0.128277,0.26012775,0.1758026,0.15841100000000002,0.2892599,0.005306392,5653.558953051339
1035,30,0.11252766666666665,0.10849800000000001,0.14051299999999992,0.13627656666666665,0.130623,0.1724922999999999,0.004112329,7295.1361625006175
1036,30,0.11377733333333334,0.112674,0.12869185,0.13840563333333333,0.1361915,0.15995544999999997,0.004176327,7183.345556993024
1037,30,0.1100008666666667,0.1072825,0.12658269999999996,0.13364243333333334,0.1305705,0.15575894999999995,0.004035005,7434.935024863661
1038,30,0.11800929999999998,0.1155795,0.1354122,0.1431620333333333,0.13967449999999998,0.1625703,0.004317995,6947.668999153542
1039,30,0.1124874333333333,0.1084745,0.13050675,0.13612946666666664,0.1316635,0.15800735,0.004106547,7305.407681928394
1040,30,0.14431086666666668,0.1279025,0.22511779999999976,0.17411863333333333,0.157802,0.2595439999999998,0.005251474,5712.681810859199
1041,30,0.14012193333333334,0.135541,0.17853365,0.16950666666666667,0.164222,0.21234125,0.005112547,5867.916715484474
1042,30,0.14108166666666666,0.128784,0.19169255,0.17070480000000002,0.1566555,0.23670089999999994,0.005149898,5825.3580944709975
1043,30,0.1462727666666667,0.109624,0.2638677,0.17549026666666662,0.1321135,0.3171758999999999,0.005291642,5669.317765638719
1044,30,0.11771419999999999,0.1147685,0.14728194999999997,0.14195996666666666,0.13846750000000002,0.17615384999999995,0.004282454,7005.329187423847
1045,30,0.11893296666666668,0.1148245,0.15212559999999992,0.1436085,0.1383395,0.18585259999999992,0.004331296,6926.333365348385
1046,30,0.11194513333333332,0.11150550000000001,0.12345885,0.13435646666666667,0.1330315,0.150575,0.004052746,7402.3884052935955
1047,30,0.10591296666666665,0.1011395,0.12181374999999996,0.12806803333333333,0.1216535,0.15045184999999994,0.003863386,7765.209067900541
1048,30,0.1160584,0.11283299999999999,0.14037989999999997,0.14072603333333333,0.1372325,0.1719173,0.004245114,7066.948025424052
1049,30,0.1130194,0.104783,0.1420978,0.13693723333333332,0.12517,0.18079864999999995,0.004130025,7263.878547950679
1050,30,0.10972970000000003,0.10753850000000001,0.12394739999999997,0.1324811333333333,0.12973600000000002,0.15092299999999995,0.003996747,7506.104339353979
1051,30,0.10868499999999998,0.10406699999999999,0.13140874999999996,0.13085803333333335,0.124482,0.1622814999999999,0.003947374,7599.989258681848
1052,30,0.12915923333333332,0.112736,0.18488715,0.15635030000000003,0.1361335,0.23794494999999996,0.004717702,6359.028187876216
1053,30,0.1363923,0.1067545,0.24555769999999993,0.16531643333333332,0.12902750000000002,0.2847286499999999,0.0049854,6017.571308220003
1054,30,0.1136775,0.111455,0.12760725,0.1373203,0.13385,0.15522879999999997,0.004148824,7230.964726389937
1055,30,0.1534972,0.14910050000000002,0.17857939999999994,0.18619899999999998,0.179149,0.23348754999999993,0.005622733,5335.483651811316
1056,30,0.15285580000000001,0.1486115,0.1788773,0.18602076666666667,0.181162,0.2189854,0.005612455,5345.254438565655
1057,30,0.13622003333333332,0.12832149999999998,0.18692379999999997,0.16555356666666665,0.153291,0.22763844999999994,0.004994171,6007.002964055496
1058,30,0.1106907,0.107322,0.12660909999999997,0.133827,0.12922450000000002,0.15578079999999997,0.00403748,7430.377364098397
1059,30,0.12214386666666667,0.1159765,0.15256524999999999,0.14954836666666665,0.14174199999999998,0.18801074999999998,0.004512399,6648.34825111875
1060,30,0.10997110000000002,0.10591800000000001,0.13439474999999995,0.13220473333333332,0.12680049999999998,0.15986054999999996,0.003987764,7523.01289645024
1061,30,0.12688843333333336,0.1112975,0.2071183499999999,0.1521742333333333,0.1326155,0.25064259999999994,0.004589957,6536.008943003169
1062,30,0.15068833333333334,0.14889449999999999,0.1738543,0.18253429999999998,0.17822749999999998,0.21313174999999998,0.005507625,5446.993940219241
1063,30,0.16387876666666668,0.156559,0.21533359999999996,0.19787229999999997,0.187472,0.26178139999999994,0.00596935,5025.672811947699
1064,30,0.11778063333333331,0.107645,0.16073544999999995,0.14282373333333334,0.13000699999999998,0.2078860999999999,0.004308863,6962.393559507463
1065,30,0.13023223333333334,0.128527,0.1603334,0.16001783333333333,0.1538585,0.2007565,0.004828727,6212.817581114029
1066,30,0.130774,0.114151,0.17869439999999998,0.16012690000000004,0.135989,0.21714894999999998,0.004833047,6207.2642786217475
1067,30,0.11106896666666666,0.10673099999999999,0.12699234999999995,0.1351048,0.128813,0.16079685,0.004076615,7359.046660035348
1068,30,0.1067807666666667,0.10332050000000001,0.12456419999999997,0.12947743333333334,0.12441350000000001,0.15177024999999997,0.003906266,7679.968542848848
1069,30,0.11184740000000001,0.106331,0.14475539999999998,0.13536573333333332,0.12948199999999999,0.1756114,0.00408344,7346.746860490175
1070,30,0.11372583333333333,0.1047795,0.16103839999999991,0.13846426666666664,0.127139,0.21196989999999985,0.004176297,7183.397157817081
1071,30,0.11272753333333332,0.107264,0.1488134999999999,0.13590569999999996,0.128984,0.17474499999999993,0.004116399,7287.923255252953
1072,30,0.11241656666666665,0.1084955,0.13483099999999998,0.13618180000000002,0.131015,0.16305354999999996,0.004109301,7300.511692864553
1073,30,0.14980959999999996,0.11822650000000001,0.32210454999999993,0.18168363333333337,0.14389849999999998,0.3781255499999998,0.005479754,5474.698316749255
1074,30,0.11007886666666665,0.106754,0.12429535,0.13301636666666666,0.12870700000000002,0.14926794999999998,0.004013723,7474.357348526542
1075,30,0.1097749,0.10626,0.12631774999999995,0.13281869999999998,0.127506,0.15889909999999993,0.004007727,7485.539808474979
1076,30,0.11331466666666666,0.1110315,0.13511489999999995,0.13769003333333335,0.133956,0.16991269999999997,0.004156352,7217.867976533267
1077,30,0.11506113333333333,0.1077615,0.15282749999999998,0.13924353333333334,0.129152,0.18665139999999997,0.004202036,7139.396235539152
1078,30,0.10550003333333335,0.103933,0.11434789999999999,0.12699,0.124749,0.13985165,0.003832504,7827.780479811632
1079,30,0.10789083333333334,0.10411100000000001,0.12205019999999997,0.1310556666666667,0.1246045,0.15195609999999998,0.003953791,7587.654481483721
1080,30,0.10736133333333334,0.1030845,0.12585899999999997,0.1298791333333333,0.1236685,0.15374639999999995,0.00391793,7657.104644544441
1081,30,0.11508043333333336,0.1070555,0.15521279999999993,0.1411144,0.1285355,0.2015699499999999,0.004258678,7044.439612480681
1082,30,0.11873763333333333,0.111608,0.14888344999999997,0.14240660000000002,0.1334475,0.18241584999999993,0.004295196,6984.547387360204
1083,30,0.10723979999999998,0.10329050000000001,0.12059534999999998,0.1296109,0.124554,0.14923809999999998,0.003918039,7656.891623590271
1084,30,0.11098193333333334,0.1074145,0.12750104999999998,0.1337199666666667,0.1283325,0.15531129999999999,0.004034321,7436.19558285025
1085,30,0.11517803333333333,0.10766049999999999,0.13755389999999995,0.13929513333333338,0.13032,0.16786094999999993,0.004201312,7140.626547135753
1086,30,0.10697649999999997,0.103768,0.11959969999999999,0.12905223333333332,0.124499,0.14569894999999997,0.003893071,7705.998683301691
1087,30,0.10890986666666667,0.102591,0.13453605,0.13140680000000002,0.1234065,0.16140839999999998,0.003964003,7568.107289525261
1088,30,0.1338431,0.131638,0.15098205,0.16495673333333336,0.1634645,0.18214309999999997,0.004992537,6008.968987110161
1089,30,0.12979616666666666,0.1273945,0.18941354999999996,0.15777000000000002,0.156922,0.21951764999999993,0.004762208,6299.59884154577
1090,30,0.11029236666666667,0.10613449999999999,0.12735939999999998,0.13404116666666666,0.128638,0.15580855,0.004043482,7419.347977807246
1091,30,0.10716299999999998,0.10280249999999999,0.12536059999999996,0.1300399,0.1237935,0.15578659999999994,0.003922891,7647.421251316949
1092,30,0.11283313333333332,0.1096095,0.12562345,0.1372431,0.135186,0.15540599999999996,0.004139943,7246.476581923954
1093,30,0.1074679,0.10408200000000001,0.12389439999999999,0.13026666666666667,0.1251235,0.15201569999999998,0.003929526,7634.508589585614
1094,30,0.11192549999999998,0.109586,0.12569165,0.13517386666666667,0.131105,0.15310289999999996,0.004078814,7355.079197041101
1095,30,0.10688613333333333,0.10391700000000001,0.12316699999999998,0.12922946666666668,0.12431,0.15020444999999996,0.003898537,7695.19437676236
1096,30,0.11126533333333334,0.10728,0.13334664999999996,0.1355263,0.128847,0.15915234999999997,0.004087978,7338.591352497494
1097,30,0.10861903333333335,0.1027155,0.12550429999999999,0.13132786666666665,0.1234635,0.15781169999999997,0.003961455,7572.975081125495
1098,30,0.10957676666666667,0.1037585,0.13676799999999995,0.13231776666666667,0.125929,0.16251704999999997,0.003991665,7515.6607581047
1099,30,0.10699209999999999,0.1034165,0.12256729999999996,0.12961196666666666,0.1255795,0.15060939999999995,0.003910071,7672.494949580199
1100,30,0.11171816666666666,0.110458,0.12952295,0.13455113333333332,0.13330350000000002,0.15538115,0.004058619,7391.676824062569
1101,30,0.10530723333333333,0.1020935,0.11772074999999999,0.12716993333333332,0.1225945,0.14383939999999998,0.003836409,7819.812746763966
1102,30,0.10827796666666667,0.10413,0.12119109999999998,0.13115343333333335,0.12698949999999998,0.14694554999999998,0.003956539,7582.38450322365
1103,30,0.10643920000000003,0.103176,0.12833284999999994,0.128615,0.1240835,0.15511599999999992,0.003879927,7732.104238043654
1104,30,0.10976273333333332,0.107409,0.12669469999999997,0.13315196666666665,0.1290945,0.15591124999999995,0.00402167,7459.587683723429
1105,30,0.11110709999999999,0.1060415,0.13620364999999995,0.1347581666666667,0.126591,0.16601134999999992,0.004068877,7373.041750831986
1106,30,0.10949133333333336,0.105927,0.127182,0.13293073333333333,0.12962,0.15494795,0.004013921,7473.988650997366
1107,30,0.10773783333333334,0.10387450000000001,0.12058534999999998,0.13048446666666666,0.1257415,0.14894404999999997,0.003936946,7620.119757802113
1108,30,0.11293443333333333,0.1125195,0.12614725,0.13692256666666666,0.1356885,0.1521462,0.004130548,7262.958813213161
1109,30,0.10866616666666666,0.104978,0.12787554999999995,0.13092433333333334,0.125449,0.15640774999999996,0.003949667,7595.577044849604
1110,30,0.1104941,0.10526350000000001,0.14175424999999992,0.13297596666666667,0.1262475,0.16687544999999995,0.0040108,7479.804527775007
1111,30,0.11614246666666668,0.110709,0.146305,0.14153616666666666,0.1328735,0.17994505,0.004273121,7020.629652190985
1112,30,0.14223276666666665,0.1373545,0.17842164999999996,0.1756549666666666,0.1714705,0.2215550499999999,0.005302687,5657.5091081182045
1113,30,0.11203473333333336,0.106069,0.15338519999999997,0.13588996666666667,0.1274865,0.19482629999999995,0.004101258,7314.82876717339
1114,30,0.1103345,0.10438149999999999,0.12860025,0.13377303333333332,0.1254885,0.15568824999999997,0.004036368,7432.424397379029
1115,30,0.10929423333333335,0.1071555,0.13115199999999994,0.1329952,0.1297395,0.15874779999999994,0.004013985,7473.869483817203
1116,30,0.11252140000000001,0.1081725,0.13369074999999997,0.13735123333333335,0.130522,0.16755179999999997,0.004146438,7235.1256668977085
1117,30,0.10754263333333335,0.10436000000000001,0.12632944999999998,0.13059983333333333,0.127091,0.15354594999999996,0.003941707,7610.915778367088
1118,30,0.10833496666666666,0.1039675,0.1252952,0.13135963333333334,0.126815,0.15217474999999997,0.003963867,7568.366950757933
1119,30,0.10617696666666668,0.1030965,0.12226489999999998,0.1287317,0.1255865,0.15047494999999997,0.003884435,7723.130905781664
1120,30,0.11081713333333336,0.10608000000000001,0.12994609999999995,0.13579480000000005,0.12926349999999998,0.16428964999999998,0.004097466,7321.598275617174
1121,30,0.11105696666666667,0.1038665,0.15181029999999993,0.13496733333333333,0.125581,0.18073974999999995,0.004076876,7358.575536759028
1122,30,0.11318810000000003,0.1053155,0.15199339999999995,0.13729206666666668,0.1267885,0.19349739999999993,0.004145158,7237.359830433484
1123,30,0.11391463333333333,0.110673,0.14792829999999998,0.13775996666666668,0.13329200000000002,0.17718524999999996,0.004155165,7219.929894480725
1124,30,0.10748726666666665,0.1038495,0.12482129999999998,0.12975103333333335,0.1247065,0.15276714999999996,0.003914367,7664.07442122826
1125,30,0.10649696666666664,0.10329949999999999,0.12004394999999997,0.12883616666666667,0.12445,0.14705629999999995,0.003886967,7718.099999305371
1126,30,0.10869403333333333,0.1061575,0.12489224999999997,0.13160703333333335,0.12786999999999998,0.15201059999999994,0.003970503,7555.717751629957
1127,30,0.11071803333333331,0.1056025,0.14063679999999995,0.13318390000000002,0.127554,0.17400239999999992,0.004017967,7466.462516989313
1128,30,0.11760966666666667,0.11081250000000001,0.16603574999999987,0.14294696666666667,0.13202,0.21343489999999982,0.004311101,6958.7792074460785
1129,30,0.10972726666666667,0.10476099999999999,0.13707909999999998,0.13254400000000002,0.1266455,0.16746404999999998,0.003998017,7503.719969174717
1130,30,0.10708736666666666,0.1046925,0.11707304999999997,0.1299731,0.126932,0.14526029999999995,0.003920676,7651.741689443352
1131,30,0.11500863333333333,0.111851,0.13293039999999998,0.13950876666666667,0.1351525,0.16142055,0.004208545,7128.354336237346
1132,30,0.10980146666666667,0.103365,0.13627825,0.13356653333333338,0.124859,0.16946264999999996,0.004032047,7440.38945974588
1133,30,0.10646623333333333,0.1032585,0.12400829999999996,0.12919806666666667,0.124889,0.15203419999999995,0.003897469,7697.303044616903
1134,30,0.10732423333333334,0.10448750000000001,0.12726069999999998,0.13061930000000002,0.1257455,0.1613069,0.003944479,7605.567173763633
1135,30,0.1431729,0.13098549999999998,0.17497879999999993,0.1751017,0.1631445,0.21968529999999992,0.005286001,5675.367825318232
1136,30,0.13182813333333332,0.104579,0.2488211499999999,0.15931653333333332,0.1282075,0.29682904999999987,0.004804223,6244.506135539504
1137,30,0.10743296666666666,0.10335849999999999,0.12625594999999998,0.12962236666666668,0.12398300000000001,0.15390754999999995,0.003913309,7666.146476038564
1138,30,0.10460983333333332,0.102935,0.11586434999999998,0.12623153333333334,0.1232665,0.1426332,0.003808196,7877.74578829451
1139,30,0.11728376666666668,0.115227,0.12886804999999998,0.14167706666666663,0.1383095,0.15682059999999998,0.004277838,7012.88828609218
1140,30,0.10639373333333334,0.103599,0.12187419999999999,0.12892606666666667,0.124158,0.14867469999999997,0.003889725,7712.627499373349
1141,30,0.11677876666666666,0.1074055,0.16115654999999998,0.14353259999999998,0.130565,0.20545584999999997,0.004331533,6925.954390743415
1142,30,0.10621113333333333,0.102196,0.1271925,0.12911836666666668,0.1231925,0.15632074999999998,0.003895582,7701.031578850093
1143,30,0.11327236666666668,0.11019799999999999,0.1274046,0.13680816666666665,0.133634,0.15378665,0.00412666,7269.801728274198
1144,30,0.11169180000000001,0.10709250000000001,0.1371075,0.13436766666666664,0.1285355,0.16211264999999997,0.004052887,7402.13087608907
1145,30,0.10450886666666669,0.1037895,0.11295495,0.12688353333333333,0.12427,0.14072895,0.003827969,7837.0540618275645
1146,30,0.10333293333333333,0.10112550000000001,0.11292689999999997,0.12489630000000002,0.12141450000000001,0.13816284999999995,0.003767923,7961.946143803894
1147,30,0.1297354,0.126164,0.16747229999999994,0.16010276666666667,0.15222049999999998,0.22103069999999989,0.004829678,6211.594230505637
1148,30,0.10511183333333333,0.1035205,0.11621154999999998,0.12691216666666666,0.12456500000000001,0.14185619999999996,0.003829243,7834.446651727248
1149,30,0.10823690000000001,0.1042705,0.12410259999999997,0.13082003333333334,0.124894,0.15291009999999997,0.003947756,7599.253854594863
1150,30,0.10686369999999999,0.104197,0.12495199999999998,0.12922773333333334,0.125923,0.15246969999999996,0.003898313,7695.636548424921
1151,30,0.10947703333333332,0.10516600000000001,0.13143659999999996,0.1319263,0.1280535,0.1562708,0.0039798,7538.067239559776
1152,30,0.10921416666666667,0.1079295,0.12408914999999998,0.1318219,0.1287,0.15187249999999997,0.003976343,7544.620773409135
1153,30,0.10798163333333331,0.1046015,0.12374319999999998,0.13080906666666667,0.125756,0.1519332,0.003946086,7602.4698904179995
1154,30,0.11363953333333335,0.1111645,0.13635085,0.1378513,0.1365645,0.16255945,0.004158731,7213.738998747455
1155,30,0.11688933333333335,0.1098375,0.1443538,0.14136089999999998,0.13263999999999998,0.17444954999999998,0.004263903,7035.807334266281
1156,30,0.11200053333333333,0.106238,0.14744399999999996,0.1364048333333333,0.128666,0.1904481,0.004119869,7281.784930540267
1157,30,0.10991920000000001,0.1059365,0.13005404999999998,0.1333322666666667,0.128452,0.16087309999999996,0.004024938,7453.530961222261
1158,30,0.11227453333333334,0.11055599999999999,0.13206184999999995,0.13605656666666668,0.1350875,0.15856174999999997,0.004105065,7308.045061405849
1159,30,0.11937620000000003,0.1184645,0.13941745,0.14481133333333332,0.14132,0.16966179999999997,0.004369377,6865.967390774475
1160,30,0.10863203333333332,0.104796,0.12037779999999998,0.1315116,0.125917,0.14838904999999997,0.003968577,7559.384635853103
1161,30,0.10726936666666667,0.104236,0.12346289999999996,0.12983056666666665,0.124857,0.15322724999999995,0.003917538,7657.87083622418
1162,30,0.10923403333333333,0.104124,0.1383381,0.13247943333333334,0.125337,0.16404794999999997,0.003999261,7501.385881041523
1163,30,0.11565489999999999,0.106826,0.14601309999999995,0.14124116666666667,0.130945,0.17734965,0.004262843,7037.556860527118
1164,30,0.1053631,0.1024345,0.12538994999999994,0.1280373333333333,0.12330749999999999,0.15397179999999994,0.003864296,7763.380444976265
1165,30,0.1069657,0.1032955,0.11964294999999998,0.12906030000000002,0.12497250000000001,0.14467399999999997,0.003893825,7704.5064942569325
1166,30,0.10780186666666669,0.1028415,0.12206549999999998,0.1299650333333333,0.123557,0.15040129999999996,0.003921162,7650.793310758393
1167,30,0.10985923333333332,0.105851,0.13435499999999997,0.13329236666666666,0.12804500000000002,0.16450699999999993,0.004021455,7459.986497424439
1168,30,0.12704436666666666,0.1085615,0.21253164999999988,0.15432643333333337,0.13021850000000001,0.26613534999999994,0.004654398,6445.516691954577
1169,30,0.10673996666666666,0.1026165,0.12857959999999996,0.1293981,0.123495,0.15940814999999997,0.003904206,7684.02077144495
1170,30,0.11151123333333332,0.1071595,0.14293364999999997,0.13503903333333334,0.1298355,0.17157774999999997,0.004073525,7364.628914760558
1171,30,0.11056536666666666,0.104044,0.12924399999999997,0.1342507666666667,0.1252765,0.15870159999999994,0.004049688,7407.978096090365
1172,30,0.10486546666666667,0.1016825,0.11947294999999997,0.12686556666666665,0.12248200000000001,0.14870469999999997,0.003827892,7837.211708167315
1173,30,0.1138328,0.10621900000000001,0.15821675,0.1383344,0.1276975,0.20190419999999998,0.004173364,7188.445580112351
1174,30,0.10636526666666667,0.10286000000000001,0.12457414999999997,0.12882666666666664,0.12341099999999999,0.15370859999999995,0.00389282,7706.495548214405
1175,30,0.10926886666666664,0.101034,0.14441444999999994,0.1315694,0.122022,0.17610164999999992,0.003970529,7555.668274932634
1176,30,0.10622456666666664,0.102294,0.12623144999999997,0.12868056666666666,0.1233455,0.15376594999999996,0.00388144,7729.090234552125
1177,30,0.10590723333333331,0.1022005,0.12346514999999998,0.1283885,0.12312500000000001,0.15138864999999996,0.003872813,7746.307399815069
1178,30,0.10822023333333333,0.10544100000000001,0.11981329999999997,0.1308364666666667,0.126468,0.14775309999999997,0.003947012,7600.686291300863
1179,30,0.1108784,0.1061375,0.14289064999999998,0.13425896666666665,0.1279855,0.17085294999999998,0.004050146,7407.140384568852
1180,30,0.10614970000000001,0.102658,0.12119894999999997,0.12806889999999999,0.123284,0.15033104999999997,0.003863788,7764.401152444182
1181,30,0.10310266666666665,0.1008975,0.11531979999999999,0.12480996666666666,0.12183949999999999,0.14403794999999997,0.00376582,7966.39244573559
1182,30,0.13278323333333333,0.131426,0.15049224999999997,0.1643891,0.16332000000000002,0.18623279999999998,0.004963851,6043.6947039707675
1183,30,0.12663633333333335,0.12262300000000001,0.1879911999999999,0.15658383333333334,0.1505585,0.22783809999999988,0.004726487,6347.208825497669
1184,30,0.10880126666666666,0.1056665,0.12518809999999997,0.13203563333333335,0.12804749999999998,0.15438524999999995,0.003987948,7522.665792031391
1185,30,0.10398406666666667,0.1011475,0.11155455,0.1259573,0.12261649999999999,0.13791319999999999,0.003800142,7894.441839278637
1186,30,0.10984949999999999,0.1076845,0.12209209999999995,0.13292723333333334,0.12885649999999998,0.14998844999999997,0.004009648,7481.9535280902455
1187,30,0.10972796666666668,0.10354,0.13522694999999993,0.134087,0.1250965,0.17764779999999986,0.004045067,7416.440815442611
1188,30,0.10553353333333333,0.102715,0.11765109999999998,0.1273214666666667,0.1234475,0.14464584999999996,0.003841376,7809.701523620703
1189,30,0.10604863333333334,0.102797,0.12133134999999999,0.12875003333333335,0.12409,0.14831784999999997,0.003884087,7723.822870085041
1190,30,0.11234189999999998,0.1063625,0.13404985,0.1358795333333333,0.1280065,0.16347494999999998,0.004098759,7319.288594425775
1191,30,0.1163126,0.104408,0.17496364999999997,0.14224646666666668,0.126197,0.23506754999999988,0.004300699,6975.6102438231555
1192,30,0.10822056666666666,0.10546749999999999,0.12363669999999997,0.13107330000000003,0.12715300000000002,0.15197994999999995,0.003954058,7587.142120828779
1193,30,0.10623359999999998,0.1025895,0.12311574999999995,0.1282964,0.1235405,0.15149799999999997,0.003870051,7751.835828520089
1194,30,0.10940283333333335,0.1051885,0.13028174999999997,0.1321332,0.1267235,0.15548194999999998,0.003985627,7527.046560051906
1195,30,0.10927633333333331,0.10166449999999999,0.1479276,0.13201756666666667,0.122313,0.17548885,0.00398206,7533.78904386172
1196,30,0.11243330000000003,0.1042275,0.13880179999999992,0.13446576666666668,0.124673,0.17210079999999991,0.00405581,7396.796201005472
1197,30,0.10641416666666667,0.1023815,0.1318421999999999,0.12825079999999997,0.124308,0.1588765999999999,0.003868556,7754.831518530428
1198,30,0.10851910000000002,0.1046305,0.12425179999999998,0.13109156666666666,0.1262625,0.15268129999999996,0.003955009,7585.317757810412
1199,30,0.10915883333333332,0.10209599999999999,0.13437139999999992,0.13134856666666664,0.1230435,0.16081954999999995,0.003964366,7567.414310384055
1200,30,0.13704953333333333,0.11251249999999999,0.26790329999999996,0.16605746666666668,0.1341365,0.30822399999999994,0.005009767,5988.302449994181
1201,30,0.10457160000000001,0.102489,0.1149978,0.12618690000000002,0.1229825,0.14115974999999997,0.003808117,7877.909213398642
1202,30,0.11930586666666666,0.109878,0.1727832499999999,0.14357733333333336,0.1326815,0.21014324999999986,0.004334203,6921.687793580504
1203,30,0.10699673333333333,0.10237,0.12714564999999997,0.1290682,0.12323049999999999,0.15633924999999996,0.003895726,7700.746921113036
1204,30,0.10774226666666666,0.104643,0.12661099999999997,0.13039589999999998,0.12614,0.15329309999999996,0.003935491,7622.937010909185
1205,30,0.12249099999999999,0.124994,0.14258915,0.15017713333333335,0.15496749999999998,0.174046,0.00453612,6613.581651279066
1206,30,0.1450808,0.141967,0.1668473,0.18029843333333334,0.17802800000000002,0.22409604999999996,0.00544539,5509.24727154529
1207,30,0.11685006666666665,0.111373,0.14461489999999994,0.14091559999999997,0.135082,0.1809932499999999,0.004252745,7054.267302648055
1208,30,0.11677180000000001,0.1153805,0.14075734999999995,0.14166906666666668,0.138485,0.16846874999999994,0.004278568,7011.691762290561
1209,30,0.12361269999999999,0.115337,0.1662252,0.15130873333333333,0.14153700000000002,0.2021993,0.004566361,6569.7828095501
1210,30,0.11143440000000003,0.105437,0.13241334999999999,0.13517143333333334,0.127356,0.16277154999999996,0.004077828,7356.857621263083
1211,30,0.10591446666666667,0.10399,0.1166545,0.12834483333333335,0.12572650000000002,0.14323865,0.003872292,7747.349631690999
1212,30,0.10850886666666668,0.1039485,0.12618254999999998,0.1311557,0.12497249999999999,0.15570324999999996,0.003956238,7582.961389077199
1213,30,0.1267215,0.1192675,0.2023707,0.15497959999999997,0.1439815,0.22945364999999995,0.004676126,6415.567074112203
1214,30,0.1181942,0.1141285,0.13701719999999998,0.14365983333333332,0.13912400000000003,0.1650449,0.004334552,6921.130488225773
1215,30,0.14778693333333334,0.15173799999999998,0.19375009999999995,0.1783136,0.18228250000000001,0.22270715,0.005379158,5577.081022717682
1216,30,0.13322596666666667,0.1224715,0.19643634999999987,0.1602404,0.1486595,0.24552119999999983,0.004832716,6207.689423504299
1217,30,0.12071756666666666,0.1025795,0.20791689999999974,0.1445504666666667,0.123412,0.24259244999999977,0.004359198,6881.999854101603
1218,30,0.10668236666666667,0.1047045,0.12294784999999997,0.1290626,0.1260675,0.15108839999999996,0.003894051,7704.059345909954
1219,30,0.1079425,0.1014295,0.13558924999999994,0.13043763333333333,0.12221850000000001,0.16433329999999993,0.00393562,7622.687149674003
1220,30,0.10577593333333332,0.101893,0.12234779999999996,0.1281508,0.1222915,0.15071209999999996,0.003866449,7759.057471080053
1221,30,0.11190336666666667,0.10966899999999999,0.13232729999999998,0.13534366666666664,0.132183,0.16155524999999998,0.004082704,7348.0712782508845
1222,30,0.1082464,0.10243350000000001,0.12590349999999997,0.13146616666666666,0.1245125,0.1544419,0.003966278,7563.766332062452
1223,30,0.10742140000000001,0.10314899999999999,0.12593674999999996,0.12988729999999998,0.1239305,0.15419654999999996,0.00391781,7657.339176733941
1224,30,0.11619213333333335,0.101949,0.18800769999999978,0.14076066666666667,0.1227695,0.22214184999999978,0.00424675,7064.225584270325
1225,30,0.11709963333333334,0.1096335,0.14566679999999999,0.14268966666666666,0.1319975,0.18080529999999997,0.004309247,6961.773135770588
1226,30,0.11368916666666665,0.1057295,0.14327099999999998,0.13771656666666668,0.1283675,0.17696535,0.004154486,7221.109903848515
1227,30,0.10938439999999999,0.107113,0.12762054999999997,0.13313003333333334,0.13081,0.1536401,0.004016058,7470.011638278132
1228,30,0.1165257,0.112023,0.14133154999999997,0.1417853,0.1362775,0.17013694999999998,0.004282704,7004.920255987806
1229,30,0.1171631,0.107642,0.16422009999999998,0.1429328,0.1302315,0.19729889999999997,0.004311899,6957.491351258459
1230,30,0.11687413333333334,0.11254600000000001,0.14993744999999992,0.14283763333333335,0.1369155,0.19352124999999987,0.004309514,6961.341812557053
1231,30,0.11028076666666667,0.10660149999999999,0.13118054999999995,0.133973,0.129371,0.16175799999999996,0.004042292,7421.532140676625
1232,30,0.12030186666666665,0.11558650000000001,0.1464981,0.14593773333333332,0.141354,0.17052074999999997,0.004402194,6814.783719209104
1233,30,0.10943446666666667,0.106238,0.12228124999999997,0.1329534,0.12774200000000002,0.15133524999999998,0.004011391,7478.70252488476
1234,30,0.11024346666666668,0.106186,0.13304415,0.13393673333333334,0.1287845,0.16098999999999997,0.004041258,7423.4310207366125
1235,30,0.11117516666666666,0.106661,0.12859484999999996,0.13454963333333333,0.129164,0.15833004999999994,0.004058863,7391.232470768291
1236,30,0.11409116666666665,0.1101495,0.1341715,0.13935233333333333,0.1347765,0.1621299,0.004203627,7136.694097739881
1237,30,0.11334666666666668,0.10903399999999999,0.13393609999999997,0.13725356666666666,0.13214,0.16218705,0.004140014,7246.352307021184
1238,30,0.11243183333333334,0.1071385,0.13988249999999997,0.13620716666666668,0.129528,0.16805214999999998,0.00410959,7299.998296667064
1239,30,0.10660916666666666,0.103909,0.12068329999999998,0.1294894,0.125282,0.14827149999999997,0.003907078,7678.372430752599
1240,30,0.11662510000000001,0.1118615,0.14312024999999995,0.1432352333333333,0.13789200000000001,0.1714731,0.004320025,6944.40425691981
1241,30,0.1102778,0.106307,0.12994184999999997,0.13395633333333334,0.12916650000000002,0.15970664999999995,0.004041057,7423.800258199773
1242,30,0.1116243,0.107601,0.12826829999999997,0.13627416666666664,0.130174,0.15869034999999995,0.004117993,7285.10223305382
1243,30,0.10991893333333334,0.10621749999999999,0.12592694999999995,0.13398233333333331,0.1307845,0.15525379999999994,0.004043832,7418.705821606833
1244,30,0.11362946666666666,0.1097365,0.1316754,0.13815723333333332,0.13478099999999998,0.1567571,0.004168568,7196.715994557363
1245,30,0.12776456666666666,0.1147405,0.17285434999999993,0.15352343333333335,0.1398295,0.2114245999999999,0.004631347,6477.597122392254
1246,30,0.12395526666666665,0.108897,0.22105649999999993,0.14909550000000002,0.1312375,0.25273699999999993,0.00449849,6668.9044546058785
1247,30,0.11190623333333334,0.10568949999999999,0.13504619999999998,0.13647736666666666,0.128609,0.16625234999999997,0.004119694,7282.094252631385
1248,30,0.12184120000000002,0.10847799999999999,0.18563174999999987,0.14811726666666664,0.13235550000000001,0.21736904999999992,0.00447037,6710.853911421202
1249,30,0.111241,0.10573350000000001,0.13113254999999996,0.1353556,0.12878499999999998,0.16396519999999992,0.004084689,7344.500401376948
1250,30,0.11703746666666669,0.1189705,0.13968134999999998,0.1439644333333333,0.14525,0.1729325,0.00434794,6899.819224736312
1251,30,0.14433366666666667,0.1380055,0.19199994999999995,0.1773245,0.17085650000000002,0.23676589999999997,0.005353352,5603.965515437804
1252,30,0.11839719999999998,0.111481,0.1604936,0.14373813333333332,0.1350275,0.1928,0.004335892,6918.991524696648
1253,30,0.13035133333333335,0.1193215,0.18419249999999995,0.16033843333333336,0.15540500000000002,0.23236424999999997,0.004838355,6200.45449331436
1254,30,0.10816183333333333,0.1050525,0.12056254999999999,0.13127903333333332,0.127276,0.14782515,0.00396582,7564.63984749686
1255,30,0.12006800000000002,0.113403,0.1694776499999999,0.1452649,0.137941,0.19964734999999995,0.004390042,6833.647605193754
1256,30,0.11262686666666667,0.108982,0.14085359999999997,0.13654853333333333,0.131121,0.16631595,0.004118949,7283.411375086217
1257,30,0.10965810000000001,0.103637,0.13685334999999993,0.13374683333333331,0.1262775,0.1705749999999999,0.004034614,7435.655554657769
1258,30,0.10659400000000002,0.10489699999999999,0.1132067,0.12938653333333333,0.1273085,0.14285755,0.003903704,7685.008904363651
1259,30,0.10791766666666666,0.1062865,0.12339024999999999,0.13154693333333334,0.1284415,0.14920575,0.003976667,7544.006073427823
1260,30,0.12285500000000002,0.11353150000000001,0.16730179999999995,0.14926546666666668,0.1382375,0.2129984499999999,0.00450264,6662.7578487287465
1261,30,0.1073522,0.10407,0.1360067499999999,0.12981803333333333,0.124348,0.16504959999999988,0.003916362,7660.170331547493
1262,30,0.11071563333333333,0.105156,0.12841135,0.13440476666666668,0.127587,0.1589464,0.004054808,7398.624053222742
1263,30,0.11096253333333334,0.10261200000000001,0.14535124999999993,0.1345844,0.12442349999999999,0.17260359999999997,0.00405974,7389.635789484056
1264,30,0.1067437,0.103049,0.12089849999999996,0.12908153333333336,0.12424299999999999,0.14746089999999995,0.003893764,7704.6271936357725
1265,30,0.10583953333333333,0.10271,0.12218404999999997,0.12786859999999997,0.123106,0.14976529999999996,0.003857582,7776.892364180463
1266,30,0.10648039999999999,0.10223299999999999,0.12831564999999998,0.12911653333333334,0.12328549999999999,0.15203965,0.003894928,7702.324664281342
1267,30,0.10913683333333332,0.1032055,0.1480744999999999,0.1318026,0.12413750000000001,0.17944164999999984,0.003975904,7545.4538137741765
1268,30,0.11470766666666667,0.1090855,0.13383589999999998,0.13849893333333335,0.1320175,0.15981209999999998,0.004178182,7180.156345511038
1269,30,0.108274,0.10375899999999999,0.12773289999999998,0.1311433333333333,0.125062,0.15612944999999995,0.003957828,7579.915044312183
1270,30,0.11366906666666665,0.107566,0.14114944999999998,0.1375883,0.129854,0.16939335,0.004150685,7227.722653007876
1271,30,0.11325716666666666,0.108686,0.13518339999999998,0.13712976666666668,0.1291775,0.16136815,0.004136149,7253.123618128843
1272,30,0.10663466666666667,0.10377349999999999,0.12032854999999998,0.12907453333333332,0.12613249999999998,0.14688739999999997,0.003893763,7704.62917234562
1273,30,0.12195636666666664,0.124637,0.1422096,0.14893196666666667,0.153393,0.17403949999999999,0.004495244,6673.720047232142
1274,30,0.14126863333333334,0.1369825,0.16404534999999998,0.17486839999999995,0.1697135,0.20954169999999997,0.005279573,5682.277714504563
1275,30,0.11003736666666668,0.10613149999999999,0.1285952,0.13338550000000002,0.12778450000000002,0.15590124999999996,0.004023543,7456.115170137364
1276,30,0.1111314,0.1080145,0.13829584999999997,0.13455456666666665,0.1300685,0.16516949999999997,0.004062497,7384.620837873849
1277,30,0.10887706666666667,0.105531,0.12228809999999997,0.13152193333333334,0.12631350000000002,0.15017049999999996,0.00396776,7560.941185958828
1278,30,0.11951043333333332,0.1171175,0.14258254999999997,0.14399300000000004,0.141763,0.16705589999999998,0.00434314,6907.44484405292
1279,30,0.10502980000000002,0.10267,0.11526294999999999,0.12684226666666665,0.12304999999999999,0.14223719999999995,0.003826822,7839.403034685177
1280,30,0.11187149999999998,0.10818749999999999,0.12771274999999999,0.13526826666666664,0.1305825,0.15620239999999996,0.004080101,7352.75915963845
1281,30,0.10758486666666668,0.1041765,0.12142265,0.1303653,0.12504549999999998,0.1464695,0.003932726,7628.296504765397
1282,30,0.11339300000000001,0.11167250000000001,0.12961084999999997,0.1378268666666667,0.1353965,0.16194224999999995,0.004156843,7217.015412898682
1283,30,0.11222783333333333,0.109044,0.12766054999999998,0.13539973333333333,0.132688,0.1537529,0.004084246,7345.2970266727325
1284,30,0.1093436,0.102633,0.13624879999999998,0.1327506,0.1242425,0.16485755,0.004004645,7491.300727030735
1285,30,0.10795630000000002,0.10365150000000001,0.12220919999999998,0.13118203333333336,0.12456300000000001,0.15367814999999999,0.003959429,7576.850096314392
1286,30,0.11652379999999998,0.113763,0.14553729999999998,0.14126376666666665,0.13669399999999998,0.17444695,0.004262758,7037.697190410528
1287,30,0.1044129,0.1029005,0.11445499999999999,0.12665613333333334,0.12464,0.13966510000000001,0.00382319,7846.850405028262
1288,30,0.1117134,0.105814,0.14382689999999995,0.13534233333333334,0.12830350000000001,0.17441749999999998,0.004084625,7344.615478777122
1289,30,0.10838680000000002,0.1053,0.12558155,0.13120476666666667,0.1269725,0.15288994999999997,0.003959557,7576.605160627818
1290,30,0.11649093333333332,0.113647,0.1401475,0.13999603333333335,0.13630350000000002,0.1652914,0.004228335,7094.9912908981905
1291,30,0.11308353333333333,0.108636,0.14615089999999997,0.13680543333333334,0.1312195,0.17727984999999996,0.004137059,7251.528199138566
1292,30,0.10804103333333331,0.104618,0.120041,0.13170289999999998,0.1264265,0.14881589999999997,0.003974515,7548.090773339641
1293,30,0.10787246666666665,0.103829,0.12829074999999995,0.1307605,0.1257335,0.15877879999999994,0.003948531,7597.762307045329
1294,30,0.12565236666666665,0.1145225,0.18306385,0.15403263333333334,0.1384705,0.2260341,0.004647171,6455.540370690039
1295,30,0.11462943333333332,0.1090055,0.14357179999999997,0.13908046666666665,0.1316715,0.17162965,0.004196143,7149.422696033
1296,30,0.11526676666666669,0.1128245,0.13234864999999996,0.14024899999999998,0.137856,0.16408964999999998,0.004230839,7090.792157300242
1297,30,0.11399863333333335,0.1113005,0.13266414999999998,0.13831580000000002,0.1344815,0.16041019999999998,0.004175216,7185.257002272458
1298,30,0.11432936666666667,0.1105885,0.13616169999999997,0.13851696666666669,0.132828,0.16673524999999997,0.004178994,7178.761204251549
1299,30,0.1076399,0.10581950000000001,0.1195864,0.1307437,0.127976,0.14670779999999997,0.003944638,7605.260609465304
1300,30,0.1068115333333333,0.10450000000000001,0.12022074999999999,0.12994403333333335,0.12600250000000002,0.14923935,0.003920235,7652.60245878117
1301,30,0.12508353333333336,0.1117815,0.17453429999999992,0.1519223666666667,0.1355445,0.214301,0.004582331,6546.886289969013
1302,30,0.10782213333333333,0.104822,0.11888954999999998,0.13112303333333336,0.127465,0.14618124999999996,0.003955636,7584.115424169463
1303,30,0.11050813333333334,0.10757749999999999,0.12683465,0.13469050000000002,0.1313405,0.15623984999999996,0.004063632,7382.558263149813
1304,30,0.10913490000000002,0.1052375,0.12932389999999994,0.13226983333333334,0.1272085,0.15778774999999995,0.003990123,7518.565217162479
1305,30,0.11156116666666667,0.1081155,0.12809369999999998,0.13594129999999996,0.131439,0.15660594999999994,0.004101386,7314.600478960039
1306,30,0.10996596666666666,0.10659350000000001,0.12690664999999995,0.13288043333333335,0.1293195,0.15539879999999995,0.004008586,7483.9357319513665
1307,30,0.11144253333333333,0.107296,0.1312929,0.1350208,0.12987100000000001,0.16007124999999997,0.004072711,7366.100860090491
1308,30,0.10948070000000001,0.10565849999999999,0.13343549999999996,0.13330693333333335,0.1269075,0.16420829999999995,0.004021533,7459.84180659465
1309,30,0.12267283333333334,0.11226900000000001,0.16252299999999997,0.14886836666666664,0.1369745,0.19958199999999998,0.004491145,6679.81105041142
1310,30,0.11073936666666666,0.1062365,0.12966049999999998,0.13403469999999998,0.128659,0.15626674999999998,0.0040486,7409.968878130711
1311,30,0.12147526666666669,0.1102685,0.1512258,0.14630563333333332,0.134172,0.18686194999999994,0.004412267,6799.2258854688525
1312,30,0.1099256,0.106696,0.12764214999999995,0.13373056666666666,0.129808,0.15615844999999995,0.004034421,7436.0112640698635
1313,30,0.11884150000000002,0.1143625,0.13617665,0.14421723333333333,0.1386815,0.1648218,0.004349854,6896.783202378746
1314,30,0.1109039,0.1085795,0.12565755,0.13510566666666668,0.132798,0.15300684999999997,0.004076441,7359.3607757355
1315,30,0.11056936666666667,0.1075445,0.1292032,0.1341355333333333,0.129502,0.15774149999999998,0.004046799,7413.26663370234
1316,30,0.10815846666666669,0.1049095,0.12933459999999994,0.13193913333333335,0.127091,0.16456764999999993,0.003980857,7536.065726550841
1317,30,0.1191884666666667,0.114094,0.1653673499999999,0.1455394,0.140402,0.19059854999999992,0.004389413,6834.626862407343
1318,30,0.10906600000000004,0.1061325,0.1262199,0.13257200000000002,0.1287495,0.1542302,0.003999457,7501.018263229234
1319,30,0.1120625,0.1076405,0.13132585,0.13616040000000001,0.1312075,0.160164,0.004107463,7303.778512429692
1320,30,0.1168385,0.1139955,0.13501729999999998,0.1422880333333333,0.137839,0.16677264999999997,0.004292203,6989.417788487637
1321,30,0.11669073333333335,0.10862,0.15150879999999994,0.14269379999999998,0.1317295,0.18066334999999997,0.004304929,6968.756046847695
1322,30,0.11152066666666666,0.1092255,0.12842819999999996,0.13624350000000002,0.132766,0.15806009999999993,0.004110361,7298.629001199652
1323,30,0.1119546333333333,0.107015,0.13148069999999998,0.13586713333333336,0.1297035,0.1609125,0.004099199,7318.5029563092685
1324,30,0.10949186666666666,0.1056545,0.1291511,0.13336716666666668,0.1285095,0.15663109999999997,0.004023572,7456.06142999305
1325,30,0.12895166666666666,0.107698,0.2736647999999998,0.15875013333333335,0.13035249999999998,0.3478630499999999,0.004789166,6264.138683019131
1326,30,0.11211913333333334,0.107415,0.13695654999999998,0.13660123333333332,0.130159,0.17425095,0.004122206,7277.656672179896
1327,30,0.11041326666666666,0.106061,0.13047239999999996,0.13450356666666666,0.1290095,0.16009399999999993,0.004061496,7386.440858245335
1328,30,0.11188266666666666,0.1105955,0.12324209999999997,0.13648576666666665,0.134301,0.15328269999999997,0.004118811,7283.655404435892
1329,30,0.10640933333333334,0.103932,0.11791369999999998,0.12957593333333334,0.126225,0.14339064999999995,0.003910647,7671.364866222904
1330,30,0.11226286666666668,0.1100085,0.12718179999999998,0.13643593333333334,0.132345,0.15590184999999998,0.004117235,7286.443450519583
1331,30,0.10920516666666667,0.10473199999999999,0.12507214999999997,0.13308943333333334,0.1275935,0.15668505,0.004017601,7467.1427053109555
1332,30,0.11934883333333332,0.111764,0.16474919999999998,0.14508123333333334,0.136959,0.19956925,0.004378724,6851.311021201611
1333,30,0.11382086666666666,0.1085815,0.13067194999999995,0.13815106666666666,0.13181,0.16386289999999992,0.004169662,7194.827782203929
1334,30,0.11466526666666668,0.11034,0.1386142,0.1398085666666667,0.13446950000000002,0.17039089999999998,0.004219961,7109.070439276571
1335,30,0.109394,0.1058645,0.12445109999999997,0.1335981,0.1280735,0.15623344999999997,0.004032715,7439.156994729357
1336,30,0.11357343333333333,0.10928650000000001,0.14291444999999997,0.13879766666666665,0.134152,0.17134379999999994,0.004189083,7161.471854341392
1337,30,0.11052776666666665,0.10634650000000001,0.13023859999999993,0.13438440000000001,0.128223,0.15957459999999993,0.004054256,7399.631399694543
1338,30,0.11497643333333335,0.109902,0.14965414999999999,0.1388806333333333,0.133488,0.17866369999999998,0.004189505,7160.7504943901495
1339,30,0.10801873333333334,0.1057435,0.12245929999999998,0.1309875,0.127701,0.15065394999999998,0.003952415,7590.296059497801
1340,30,0.11253306666666667,0.1083905,0.1305037,0.13644550000000003,0.13237300000000002,0.15934469999999998,0.004117553,7285.880716046641
1341,30,0.1069098,0.104254,0.11901854999999999,0.1302374,0.127293,0.14695025,0.003929641,7634.285167525481
1342,30,0.10958556666666669,0.1067135,0.12541764999999996,0.13329660000000002,0.1287515,0.15802279999999994,0.004025473,7452.540359853364
1343,30,0.11898856666666667,0.11647850000000001,0.14145719999999995,0.14620726666666664,0.1424455,0.1696656,0.004410569,6801.843480965836
1344,30,0.11346246666666665,0.11099149999999999,0.13280609999999998,0.1377297666666667,0.132992,0.1610008,0.00415986,7211.781165712308
1345,30,0.1074233,0.104596,0.11563219999999999,0.13107883333333334,0.1272065,0.14252754999999998,0.00395564,7584.107755002983
1346,30,0.10945450000000001,0.1049155,0.1276317,0.13342073333333332,0.12736,0.15658509999999998,0.004025908,7451.735111681638
1347,30,0.10892563333333335,0.106309,0.12399199999999998,0.13255460000000002,0.1289875,0.15215939999999997,0.003999583,7500.781956518967
1348,30,0.11544256666666666,0.1107245,0.15173189999999998,0.13982453333333333,0.134052,0.18477844999999996,0.004218261,7111.93546345283
1349,30,0.11124486666666668,0.10781199999999999,0.12579294999999996,0.13524813333333335,0.1300635,0.15589194999999995,0.004080471,7352.0924422695325
1350,30,0.11320926666666667,0.1086385,0.13232339999999998,0.13731003333333333,0.132891,0.16093244999999998,0.004141791,7243.243321548577
1351,30,0.11122190000000001,0.108761,0.12653134999999996,0.1350980333333333,0.1318245,0.15642809999999996,0.004075777,7360.5597165890085
1352,30,0.11643186666666666,0.10919899999999999,0.14870675,0.141515,0.132994,0.18213099999999993,0.004269159,7027.145159034836
1353,30,0.10808233333333334,0.10431850000000001,0.12466199999999997,0.1312816,0.126521,0.15378479999999994,0.003961187,7573.487442021798
1354,30,0.11118736666666666,0.1056395,0.13931575,0.13581966666666664,0.128948,0.16763145,0.00409764,7321.287375172051
1355,30,0.10684719999999999,0.104532,0.11778909999999998,0.12909686666666667,0.126053,0.1424938,0.003894606,7702.96148057082
1356,30,0.11655073333333334,0.10919799999999999,0.16458839999999994,0.14131486666666668,0.13222699999999998,0.19965569999999996,0.004263635,7036.249585154452
1357,30,0.11170643333333335,0.107748,0.12931014999999993,0.13578663333333332,0.1293905,0.1665218499999999,0.004097008,7322.416749003175
1358,30,0.11349636666666665,0.10842950000000001,0.13592849999999995,0.1387581,0.13035449999999998,0.1744483999999999,0.004185555,7167.508251593876
1359,30,0.12032789999999999,0.1123625,0.1643142,0.1467535666666667,0.13790550000000001,0.20654014999999998,0.004426189,6777.839807563572
1360,30,0.11306556666666667,0.1083685,0.140457,0.13656256666666663,0.12952999999999998,0.16817959999999998,0.004119576,7282.302838932939
1361,30,0.17442883333333334,0.12299399999999999,0.3476785499999999,0.21046703333333336,0.150307,0.4015714499999999,0.006354093,4721.36621229812
1362,30,0.10781293333333336,0.102606,0.13229485,0.13029429999999997,0.124048,0.16112474999999998,0.003931599,7630.483169824796
1363,30,0.1138964,0.113914,0.1250191,0.13807219999999998,0.138304,0.1519429,0.004164512,7203.725190370444
1364,30,0.10866233333333335,0.107532,0.12411804999999998,0.13155853333333337,0.1277335,0.15011029999999997,0.00396891,7558.750387385958
1365,30,0.11631263333333333,0.1117745,0.13918214999999998,0.14101930000000001,0.13510250000000001,0.17190219999999998,0.00425656,7047.944819290694
1366,30,0.14155123333333333,0.13919700000000002,0.17784534999999996,0.17585586666666667,0.1716425,0.22202289999999997,0.005309282,5650.481552872874
1367,30,0.12039996666666666,0.1052745,0.19252545,0.1472605,0.1284265,0.23201929999999993,0.004444282,6750.246721517671
1368,30,0.10767813333333334,0.10394500000000001,0.12785169999999998,0.1308257,0.1258625,0.15648949999999998,0.003946204,7602.242560192022
1369,30,0.10614443333333336,0.1020325,0.12726774999999996,0.12871806666666666,0.123635,0.15544609999999995,0.003883185,7725.6169870866315
1370,30,0.11209216666666669,0.1091695,0.1357859,0.13633510000000001,0.1307565,0.17016225,0.004112154,7295.446619946627
1371,30,0.11214376666666667,0.10587350000000001,0.14550424999999992,0.13604576666666668,0.1282285,0.1750848999999999,0.004105744,7306.836471051289
1372,30,0.11056699999999998,0.1067765,0.13146349999999998,0.13353186666666667,0.1301395,0.15643674999999999,0.004029226,7445.59873285837
1373,30,0.11413393333333333,0.1120525,0.13223379999999998,0.1385616,0.135424,0.16133704999999998,0.004180701,7175.83008208432
1374,30,0.1262365,0.1205,0.15606274999999994,0.15170243333333333,0.1450305,0.1895112499999999,0.00457582,6556.201948503219
1375,30,0.11182926666666668,0.108682,0.12780559999999996,0.13589953333333332,0.1318635,0.15872824999999996,0.004102942,7311.826489382496
1376,30,0.11433366666666668,0.114949,0.1259393,0.13872913333333334,0.137536,0.1547718,0.004187057,7164.937090658188
1377,30,0.10827126666666666,0.105294,0.1277936,0.1311077,0.1266,0.15323589999999998,0.003956904,7581.685074998029
1378,30,0.11689050000000002,0.1128555,0.13167865,0.1424393,0.1356495,0.16825289999999993,0.004312289,6956.862121253932
1379,30,0.11477870000000003,0.1117875,0.13292939999999998,0.13847803333333333,0.1349075,0.16190274999999996,0.00417884,7179.025758344422
1380,30,0.11885313333333332,0.1141615,0.13791149999999996,0.14319456666666666,0.135792,0.16707529999999993,0.004320871,6943.044585223673
1381,30,0.11419193333333334,0.1115815,0.13348359999999995,0.1393859,0.1356115,0.16462004999999993,0.004205505,7133.5071531242975
1382,30,0.2874158333333333,0.260753,0.40849254999999995,0.3586745333333334,0.330307,0.47817509999999996,0.010821139,2772.3514132846826
1383,30,0.16839279999999998,0.1315935,0.24275195,0.2102578333333333,0.1629915,0.31011194999999997,0.006345099,4728.058616579505
1384,30,0.11937926666666665,0.1158335,0.14043174999999994,0.1462346,0.14260699999999998,0.17439649999999995,0.004411553,6800.326324992581
1385,30,0.12197870000000002,0.115317,0.13837855,0.14860636666666666,0.140318,0.16964734999999997,0.004485085,6688.836443456479
1386,30,0.1424125333333333,0.1415785,0.16024405,0.17577143333333337,0.1749395,0.2020568,0.005307557,5652.31800619381
1387,30,0.13902,0.1323695,0.18662214999999996,0.1709762,0.159837,0.2458863999999999,0.00515952,5814.494371569448
1388,30,0.11141339999999998,0.110602,0.12347989999999999,0.13440743333333333,0.13260650000000002,0.15032414999999996,0.00405547,7397.416329056804
1389,30,0.17823943333333334,0.126749,0.3470270999999999,0.21460496666666665,0.15392299999999998,0.39904639999999986,0.006472192,4635.214777311921
1390,30,0.11520906666666668,0.11264750000000001,0.12807239999999998,0.13903879999999996,0.1355585,0.15786009999999998,0.004193654,7153.665991519568
1391,30,0.11901376666666666,0.115552,0.13998989999999997,0.14386416666666665,0.1400075,0.1642044,0.004338743,6914.445036269722
1392,30,0.11893193333333334,0.11582100000000001,0.14359949999999996,0.14359416666666663,0.1389595,0.16931424999999997,0.004332193,6924.899236945354
1393,30,0.12145723333333333,0.115797,0.14573899999999995,0.14640636666666665,0.140016,0.17364214999999994,0.004416465,6792.762990310124
1394,30,0.1228924,0.1129175,0.16201389999999996,0.14868816666666665,0.13789400000000002,0.19596129999999998,0.004485229,6688.621695793013
1395,30,0.11558523333333334,0.1126585,0.13582855,0.1392965,0.1352025,0.16365495,0.004206749,7131.397665988629
1396,30,0.11334486666666667,0.1090775,0.14453944999999999,0.13650386666666667,0.1297835,0.17623514999999998,0.004117063,7286.747858849865
1397,30,0.11357006666666666,0.1098325,0.13252749999999996,0.1369998666666667,0.132295,0.16272269999999997,0.004133223,7258.2582647972295
1398,30,0.12062,0.1130955,0.15662105,0.14651346666666668,0.1376985,0.20336384999999996,0.004420354,6786.786759612466
1399,30,0.13006203333333335,0.11109,0.19876354999999998,0.15661310000000006,0.1353045,0.24232239999999997,0.004723392,6351.367830575993
1400,30,0.11377366666666668,0.11032149999999999,0.13714634999999994,0.13856679999999996,0.133163,0.16877579999999992,0.004181618,7174.256472016335
1401,30,0.1179263,0.1116045,0.1424564,0.14408269999999998,0.1350595,0.17487779999999997,0.004347855,6899.954115305133
1402,30,0.10895106666666667,0.10610900000000001,0.12149845,0.13183343333333333,0.128245,0.14914534999999998,0.003977606,7542.225147488213
1403,30,0.11357640000000001,0.108602,0.13319739999999997,0.1377815,0.13090649999999998,0.16303609999999993,0.004156504,7217.604024920943
1404,30,0.11040936666666666,0.106815,0.12789989999999998,0.1341734,0.129875,0.15764574999999995,0.004048125,7410.838351088468
1405,30,0.11446353333333331,0.10975299999999999,0.14310119999999993,0.13955506666666664,0.13397199999999998,0.17183649999999995,0.004210998,7124.201911280889
1406,30,0.10772516666666666,0.10631750000000001,0.11972589999999997,0.13054873333333333,0.128228,0.14695414999999995,0.003940278,7613.675989359126
1407,30,0.11049956666666667,0.108068,0.12451004999999997,0.1342245,0.1308355,0.15337724999999997,0.004049025,7409.191101561486
1408,30,0.11607366666666666,0.1120105,0.14055149999999994,0.14175716666666668,0.136424,0.16848714999999997,0.004281432,7007.0013957946785
1409,30,0.1141985666666667,0.10808200000000001,0.1352955,0.13905119999999999,0.131439,0.1663798,0.004194581,7152.0850354302365
1410,30,0.11645526666666668,0.11347299999999999,0.13623649999999998,0.14130643333333334,0.13716899999999999,0.16649394999999997,0.004263889,7035.830435548392
1411,30,0.11744853333333334,0.113194,0.14029194999999997,0.142514,0.1389135,0.16731759999999998,0.004298922,6978.493678182576
1412,30,0.11845996666666665,0.1130245,0.13802129999999999,0.1435096,0.13746550000000002,0.16793955,0.004334461,6921.275794152952
1413,30,0.118292,0.114136,0.13928489999999996,0.14435159999999997,0.138269,0.17333754999999995,0.00435599,6887.068152130744
1414,30,0.11568183333333334,0.113485,0.13333319999999999,0.14094369999999998,0.1389795,0.16347849999999997,0.00425335,7053.263897868738
1415,30,0.1094597,0.1053165,0.13275474999999998,0.13332993333333334,0.1274825,0.16362284999999993,0.004025542,7452.412619219971
1416,30,0.11702999999999998,0.11548,0.13417424999999997,0.14208343333333331,0.138949,0.16301694999999994,0.00428805,6996.187078042467
1417,30,0.11158693333333333,0.108486,0.12615984999999996,0.1359731,0.130442,0.15651089999999995,0.0041035,7310.832216400633
1418,30,0.11598836666666663,0.11312649999999999,0.13546205,0.14203733333333338,0.13684000000000002,0.16475824999999997,0.004286694,6998.400165722116
1419,30,0.10949903333333334,0.1063485,0.12801104999999996,0.1335998,0.12928,0.1618732499999999,0.004032676,7439.228938798952
1420,30,0.11068313333333332,0.1068475,0.128716,0.13443066666666667,0.12927149999999998,0.15733679999999997,0.004056313,7395.878966933765
1421,30,0.11015546666666663,0.1061265,0.12896429999999998,0.13406563333333332,0.12845849999999998,0.15783719999999998,0.004045292,7416.028311429682
1422,30,0.11329900000000001,0.1085195,0.13961814999999994,0.13742363333333335,0.1313265,0.17040099999999994,0.004144576,7238.376133047144
1423,30,0.10968396666666669,0.107011,0.12522464999999997,0.13285200000000003,0.128384,0.15457684999999996,0.004007291,7486.354247794833
1424,30,0.11313216666666669,0.109267,0.13567945,0.13764286666666664,0.132351,0.16348875,0.004151909,7225.591890381028
1425,30,0.11114766666666667,0.107044,0.13167594999999996,0.13503603333333333,0.1298205,0.16150169999999994,0.004073156,7365.296099633798
1426,30,0.10971823333333332,0.10682,0.13509649999999998,0.13271713333333335,0.1289305,0.1632363,0.004003455,7493.527465651543
1427,30,0.10908656666666666,0.10531199999999999,0.12128454999999998,0.13262356666666666,0.12743100000000002,0.14950994999999995,0.004000712,7498.665237587709
1428,30,0.10744596666666667,0.10511799999999999,0.11654139999999999,0.13032249999999998,0.1264725,0.14439475,0.003931463,7630.747128994983
1429,30,0.11004839999999999,0.107375,0.12565359999999998,0.1337893,0.1298625,0.15474179999999996,0.004036033,7433.041305658304
1430,30,0.1128343,0.11118700000000001,0.13231949999999998,0.13598356666666664,0.132666,0.1574329,0.004106716,7305.1070490386965
1431,30,0.12273676666666668,0.118241,0.1588393499999999,0.14963313333333333,0.143076,0.19636499999999996,0.004513275,6647.057846020905
1432,30,0.14705589999999996,0.12816899999999998,0.2627160499999999,0.1759401,0.15864699999999998,0.2956508999999999,0.005304715,5655.346234434838
1433,30,0.1400408,0.133101,0.15704314999999996,0.17049233333333338,0.1624825,0.18978199999999995,0.00514339,5832.728997801061
1434,30,0.1346673333333333,0.1333595,0.15380809999999998,0.16312866666666667,0.16097050000000002,0.1870286,0.004922747,6094.158403834282
1435,30,0.15356776666666666,0.1402725,0.22281709999999988,0.18755679999999997,0.1728425,0.2672448999999999,0.005656884,5303.272967944897
1436,30,0.10687929999999998,0.10430900000000001,0.12260649999999998,0.1289023333333333,0.124943,0.14951224999999996,0.003889465,7713.143067234183
1437,30,0.10860316666666667,0.102571,0.1364558,0.1315709,0.123286,0.16473155,0.003969257,7558.08958704362
1438,30,0.10683739999999999,0.103671,0.12182829999999999,0.12921803333333334,0.124998,0.14894414999999997,0.003898961,7694.357548074988
1439,30,0.11839956666666665,0.1160445,0.15691749999999996,0.14178256666666667,0.139787,0.18575414999999998,0.00427652,7015.049619784311
1440,30,0.10603760000000001,0.101908,0.12167309999999998,0.1281264,0.1230555,0.14834839999999994,0.003865281,7761.402081763266
1441,30,0.10514303333333336,0.1003025,0.12354269999999999,0.1273016,0.120619,0.15197204999999997,0.0038401,7812.296554777219
1442,30,0.10679726666666665,0.103929,0.12174554999999998,0.12896169999999998,0.1250135,0.14844844999999995,0.003889715,7712.647327631973
1443,30,0.10789703333333334,0.102328,0.12508475,0.1303951,0.12368,0.15499589999999996,0.003933455,7626.882727780031
1444,30,0.10562383333333333,0.1014955,0.12384119999999998,0.12765426666666665,0.122287,0.15006419999999995,0.003850625,7790.9430287291025
1445,30,0.10737326666666669,0.102221,0.13907164999999988,0.12973500000000002,0.123339,0.16900259999999986,0.003913348,7666.070076057637
1446,30,0.10540476666666666,0.10116,0.12091384999999998,0.12718313333333334,0.12167,0.14802464999999998,0.003836248,7820.140929366402
1447,30,0.11089136666666666,0.109436,0.13260834999999999,0.13339333333333334,0.1311245,0.1536581,0.00403109,7442.155843704804
1448,30,0.10388739999999999,0.1014115,0.11989489999999997,0.12515046666666665,0.12170600000000001,0.14582174999999997,0.003775343,7946.297859558721
1449,30,0.10672406666666667,0.10187750000000001,0.12315699999999996,0.1289191,0.122806,0.15155864999999993,0.003889582,7712.911053167153
1450,30,0.10553739999999998,0.1026525,0.12419889999999999,0.12693359999999998,0.123228,0.15149079999999995,0.003829122,7834.694219719298
1451,30,0.10409753333333335,0.1031705,0.11146945,0.12626179999999998,0.123858,0.13656415,0.00380944,7875.173253811584
1452,30,0.10440313333333333,0.101743,0.11822069999999997,0.12590756666666666,0.1219315,0.14357284999999995,0.003798385,7898.093531856302
1453,30,0.10836313333333333,0.105865,0.12618744999999998,0.13060696666666669,0.128237,0.15158934999999998,0.003939668,7614.8548557898785
1454,30,0.11387963333333334,0.11037549999999999,0.14394079999999995,0.13829940000000002,0.1339955,0.1734134,0.004172021,7190.75958630122
1455,30,0.11074503333333334,0.10927,0.12796709999999997,0.13353310000000002,0.1334455,0.15388939999999998,0.004028121,7447.641220310909
1456,30,0.10490396666666668,0.102375,0.1147845,0.12705046666666664,0.1225005,0.14088884999999998,0.003832751,7827.276021844362
1457,30,0.10563310000000001,0.10297,0.12064715,0.1277316666666667,0.1256155,0.14401314999999998,0.003854646,7782.8158539072065
1458,30,0.10569926666666668,0.102328,0.12124129999999998,0.12789563333333334,0.123,0.14955094999999993,0.003858999,7774.036738542819
1459,30,0.1089525,0.1074895,0.12110104999999999,0.13136176666666666,0.129473,0.14774774999999996,0.003963058,7569.911921551488
1460,30,0.10406393333333334,0.101387,0.11548299999999999,0.1259423,0.12260650000000001,0.14140119999999998,0.00380039,7893.926675946416
1461,30,0.10715986666666666,0.1040775,0.12309189999999999,0.1294642,0.1258605,0.14877474999999996,0.003906047,7680.399134982246
1462,30,0.10220230000000001,0.100938,0.1111515,0.12417199999999999,0.12107599999999999,0.13766325,0.003747574,8005.178817016022
1463,30,0.1053008,0.1029845,0.12306199999999999,0.12791846666666667,0.12463,0.14869699999999997,0.003860799,7770.412290305711
1464,30,0.11091963333333332,0.1031155,0.13646074999999994,0.13339466666666666,0.12396650000000001,0.16889749999999992,0.004028908,7446.186410809082
1465,30,0.1044852,0.101491,0.11950954999999996,0.1260904,0.1221495,0.14335464999999994,0.003805501,7883.3246923335455
1466,30,0.1051429,0.10048399999999999,0.12334849999999997,0.12726910000000002,0.1222665,0.15066734999999995,0.003841115,7810.232185185812
1467,30,0.10461603333333337,0.10153999999999999,0.11915964999999996,0.12684673333333335,0.1234125,0.14604629999999996,0.003827459,7838.098331033722
1468,30,0.10490216666666669,0.101637,0.12250924999999996,0.1268822,0.1221675,0.14982964999999995,0.003828496,7835.975275930809
1469,30,0.10484776666666666,0.10101,0.12367774999999999,0.12646886666666665,0.1228555,0.1457365,0.00381533,7863.015781072672
1470,30,0.10511476666666666,0.102009,0.11689019999999997,0.1270973333333333,0.1226735,0.14519369999999995,0.003834405,7823.899666310679
1471,30,0.10316636666666665,0.1008825,0.11390289999999999,0.12473643333333334,0.121728,0.1408747,0.003763484,7971.337197129043
1472,30,0.10593849999999999,0.101354,0.12239644999999998,0.12819943333333333,0.12482850000000001,0.14698855,0.003868183,7755.579299117958
1473,30,0.10301500000000002,0.09973,0.11573589999999996,0.12450649999999999,0.1197205,0.14558834999999995,0.003756404,7986.361424383533
1474,30,0.10513460000000001,0.10136049999999999,0.12463639999999997,0.12727853333333333,0.1212065,0.15453899999999993,0.003844482,7803.391978425181
1475,30,0.10645806666666666,0.1042025,0.12478589999999995,0.12855093333333334,0.124395,0.15297874999999994,0.003878107,7735.732923305108
1476,30,0.10536483333333332,0.1019085,0.12191949999999997,0.12749906666666666,0.123101,0.14993539999999994,0.003850677,7790.837818908208
1477,30,0.10480899999999999,0.1015095,0.12072454999999997,0.12671966666666667,0.1223625,0.14827774999999996,0.003826429,7840.208194115192
1478,30,0.12378713333333335,0.1134565,0.18720069999999997,0.1516047,0.13556800000000002,0.24647689999999994,0.004574133,6558.619961422197
1479,30,0.11284783333333333,0.105388,0.14547815,0.13670476666666667,0.1263265,0.17242905,0.004123608,7275.182316068841
1480,30,0.11191689999999999,0.10733300000000001,0.13846479999999994,0.13547183333333335,0.12785000000000002,0.16977929999999994,0.004089382,7336.071807427137
1481,30,0.1112452,0.10095599999999999,0.16217534999999988,0.13501616666666666,0.12163,0.1895718999999999,0.004076878,7358.571926851871
1482,30,0.10656676666666667,0.102145,0.12644219999999998,0.12923193333333335,0.1236025,0.15569984999999995,0.003898548,7695.172664284241
1483,30,0.13724210000000003,0.133982,0.16564794999999996,0.17012009999999997,0.165559,0.21007954999999995,0.00513333,5844.1596390647
1484,30,0.1325428333333333,0.12794250000000001,0.1688656499999999,0.1620766333333333,0.1568365,0.20441704999999988,0.00489056,6134.266832428188
1485,30,0.1304748666666667,0.1265905,0.1511434,0.15920410000000002,0.155609,0.1855808,0.004803216,6245.81530374649
1486,30,0.13103360000000003,0.12754,0.15669859999999997,0.15956009999999995,0.1552905,0.18903824999999994,0.004814008,6231.813490962209
1487,30,0.13141733333333333,0.12723050000000002,0.15508469999999994,0.15927963333333334,0.1545775,0.1881994499999999,0.004804646,6243.956370562993
1488,30,0.1291102,0.1263175,0.15089824999999996,0.15707890000000002,0.154148,0.1857737499999999,0.004738248,6331.4541577393165
1489,30,0.1300741,0.127213,0.15641479999999994,0.15893353333333335,0.15705550000000001,0.1896731499999999,0.004794829,6256.740334222556
1490,30,0.1298381333333333,0.1267875,0.15441114999999994,0.158565,0.15418300000000001,0.18875944999999994,0.004785074,6269.495518773586
1491,30,0.13194753333333334,0.128692,0.15615029999999994,0.1605567333333333,0.155984,0.19029334999999994,0.004843306,6194.1161677581385
1492,30,0.1286788,0.12599,0.15318424999999997,0.15741873333333334,0.15348650000000003,0.1886099,0.004751175,6314.227533189159
1493,30,0.1260076,0.12455849999999999,0.15794009999999997,0.15270633333333333,0.151561,0.19132724999999998,0.004606765,6512.162005224925
1494,30,0.11536790000000001,0.111735,0.13814249999999997,0.13985816666666667,0.1368105,0.16691499999999998,0.004218378,7111.738208382463
1495,30,0.10782766666666668,0.104292,0.13344989999999998,0.13140473333333336,0.1266735,0.16273364999999998,0.003964265,7567.607110019134
1496,30,0.10949023333333334,0.104868,0.12762289999999996,0.13303103333333333,0.12659700000000002,0.15687279999999995,0.004013696,7474.407628280767
1497,30,0.1077866,0.104549,0.11870449999999999,0.13097723333333333,0.1266065,0.14760394999999998,0.003956809,7581.867105538831
1498,30,0.1262007,0.1065755,0.20951619999999996,0.15099893333333334,0.1292225,0.24357859999999995,0.004560224,6578.624207933645
1499,30,0.11029943333333332,0.1067125,0.12741859999999997,0.13418663333333333,0.1296535,0.15747454999999994,0.004048628,7409.917631355609
1500,30,0.11683629999999999,0.1122645,0.15159755,0.14195780000000002,0.136469,0.1748629,0.004283396,7003.788582704004
1501,30,0.1098625,0.1064305,0.12609744999999997,0.13459349999999998,0.127995,0.16264615,0.004061008,7387.328466233014
1502,30,0.11308929999999999,0.107029,0.13379424999999998,0.13721943333333333,0.1295125,0.1665418499999999,0.00414006,7246.271793162417
1503,30,0.11137499999999999,0.107669,0.12667715,0.13564916666666665,0.1296815,0.15664289999999997,0.004093286,7329.074977902839
1504,30,0.10887896666666669,0.105433,0.12516149999999998,0.13202476666666665,0.127793,0.15284569999999997,0.003984654,7528.884565636063
1505,30,0.12175510000000002,0.11718300000000001,0.14398599999999998,0.14796880000000004,0.1446915,0.17464749999999998,0.004465612,6718.0041615796445
1506,30,0.11337093333333333,0.10606850000000001,0.14273809999999992,0.1380211,0.12884649999999997,0.17547824999999992,0.004165971,7201.202312738134
1507,30,0.11208489999999999,0.10706750000000001,0.13964449999999998,0.136958,0.1299785,0.16837195,0.004133139,7258.405778271672
1508,30,0.10830849999999999,0.105434,0.12438665,0.1313840666666667,0.1270465,0.15162809999999996,0.003965144,7565.929509747943
1509,30,0.12866343333333335,0.11003,0.17117499999999994,0.15622196666666668,0.13246950000000002,0.2385371999999999,0.004713117,6365.214358141332
1510,30,0.11024826666666666,0.106489,0.12353159999999998,0.13378446666666666,0.128345,0.15488624999999995,0.004035476,7434.067257493292
1511,30,0.1135708,0.106545,0.16022654999999994,0.1374945,0.128732,0.19006779999999995,0.00414754,7233.203296411849
1512,30,0.1078136,0.10605049999999999,0.11770284999999998,0.13091306666666663,0.12868400000000002,0.14207695,0.003949899,7595.13091347399
1513,30,0.11411733333333332,0.1092505,0.1416453,0.13885196666666666,0.132247,0.17384819999999998,0.004189704,7160.410377439552
1514,30,0.11454293333333333,0.11053199999999999,0.13668219999999998,0.1386453,0.1340425,0.1634604,0.00418272,7172.366307092036
1515,30,0.11611803333333333,0.1089865,0.1583947,0.1404533666666667,0.1309765,0.18471384999999998,0.004242136,7071.909057135368
1516,30,0.13874330000000004,0.12780249999999999,0.21810664999999996,0.16569006666666664,0.154278,0.24932754999999993,0.004999704,6000.355221029085
1517,30,0.13197746666666668,0.129108,0.15374559999999998,0.16085213333333337,0.1562885,0.1879767,0.004852682,6182.148346007425
1518,30,0.13157163333333333,0.1263775,0.15552774999999994,0.15976063333333332,0.1548995,0.18862354999999992,0.004819543,6224.656570135385
1519,30,0.13292453333333332,0.12743300000000002,0.16025249999999996,0.16166800000000003,0.1554775,0.20095029999999992,0.004877511,6150.678081505095
1520,30,0.13109673333333335,0.1261375,0.15018744999999994,0.15977493333333334,0.1548275,0.18216649999999995,0.00482238,6220.994612618665
1521,30,0.13127463333333333,0.1075505,0.23996219999999985,0.1597887,0.129515,0.2694414499999998,0.004819546,6224.652695502854
1522,30,0.1351253666666667,0.1318415,0.1658690999999999,0.16805956666666672,0.16523949999999998,0.2131710999999999,0.005073191,5913.4379131398755
1523,30,0.1275671,0.1274275,0.15840955,0.15784443333333334,0.1586765,0.1895494,0.004766067,6294.4981679863085
1524,30,0.11657,0.1042805,0.16720805,0.13990226666666666,0.12574950000000001,0.20323994999999995,0.004219433,7109.960034914644
1525,30,0.1064964,0.10278200000000001,0.12040094999999996,0.1288295,0.12408,0.14745804999999995,0.003887032,7717.970935150522
1526,30,0.10767073333333332,0.1034325,0.12535309999999997,0.13088916666666667,0.12546400000000002,0.15379819999999997,0.003948663,7597.508321170989
1527,30,0.11643593333333331,0.1136165,0.14603524999999998,0.1409372,0.138212,0.17479574999999997,0.004255349,7049.950544596929
1528,30,0.10758713333333333,0.10362099999999999,0.12380789999999996,0.13020473333333332,0.12445600000000001,0.15453364999999994,0.003927644,7638.166799231295
1529,30,0.1063885,0.10209299999999999,0.12079494999999997,0.12929123333333334,0.1234125,0.14934564999999997,0.003901174,7689.992807293394
1530,30,0.1052852,0.10221949999999999,0.12113089999999997,0.12797726666666667,0.123004,0.15035324999999997,0.003861171,7769.663659029864
1531,30,0.13528146666666666,0.1098585,0.22211864999999995,0.1586939666666667,0.13246,0.25015979999999993,0.004783158,6272.0069042252
1532,30,0.10972333333333331,0.103854,0.16142974999999996,0.13258146666666665,0.124171,0.19857174999999996,0.004004914,7490.797555203432
1533,30,0.1064336333333333,0.103099,0.12866134999999998,0.128794,0.1238955,0.15340884999999999,0.003885381,7721.250502846439
1534,30,0.10690546666666667,0.103072,0.12420484999999998,0.12986403333333332,0.123989,0.15667559999999994,0.003918125,7656.723560376456
1535,30,0.1124078,0.104596,0.15329859999999995,0.13547343333333334,0.12583,0.18425619999999998,0.004086528,7341.195264048111
1536,30,0.10753993333333332,0.10495,0.12268324999999998,0.1301205666666667,0.126886,0.15106694999999995,0.003925732,7641.886914338523
1537,30,0.13757683333333331,0.12017349999999999,0.2477375,0.1658860333333333,0.14429150000000002,0.3001087,0.00500283,5996.6059210486865
1538,30,0.10918903333333334,0.10404150000000001,0.12908514999999998,0.13216979999999998,0.126291,0.1545713,0.003987254,7523.9751468052955
1539,30,0.11546526666666666,0.10688349999999999,0.16242064999999997,0.13888606666666664,0.1287505,0.18594765,0.004190127,7159.687522597764
1540,30,0.1087948,0.1059615,0.12476319999999996,0.13183023333333332,0.1272475,0.15266719999999995,0.003976746,7543.85620806559
1541,30,0.1067716,0.1027475,0.12278449999999998,0.12956936666666669,0.124389,0.15131359999999996,0.003912493,7667.745348042795
1542,30,0.10888753333333336,0.106361,0.11863544999999999,0.1318215,0.1288375,0.14696939999999997,0.003977516,7542.395806830192
1543,30,0.11462909999999998,0.1053,0.16350204999999993,0.13705853333333332,0.127752,0.19109104999999998,0.004134545,7255.937473168148
1544,30,0.1055011,0.1023015,0.12246554999999999,0.12777346666666667,0.1228345,0.15215135,0.003855794,7780.498646971285
1545,30,0.1428402,0.13983800000000002,0.17336064999999998,0.17761240000000003,0.1727285,0.21539614999999998,0.005365858,5590.904567359032
1546,30,0.1359353,0.124137,0.19514334999999994,0.1691709,0.1559305,0.24289479999999994,0.00510696,5874.336200009399
1547,30,0.12325473333333332,0.1126115,0.21404835,0.1503419,0.13694800000000001,0.26453329999999997,0.004540092,6607.795612952336
1548,30,0.13693400000000006,0.1272165,0.19773949999999996,0.16607906666666666,0.155026,0.24220019999999995,0.005012006,5985.627311699148
1549,30,0.12113170000000002,0.119153,0.13865809999999998,0.1473726,0.1445685,0.16578914999999997,0.004452708,6737.473016420569
1550,30,0.11463876666666667,0.1095775,0.15341664999999996,0.1395103,0.132354,0.1876307499999999,0.004211153,7123.939690626297
1551,30,0.1087315,0.1062475,0.12407114999999998,0.13159953333333332,0.1283895,0.15124125,0.003971663,7553.510960018511
1552,30,0.1126481,0.1062375,0.14753284999999988,0.13669706666666667,0.130008,0.18214849999999982,0.004128714,7266.18506392063
1553,30,0.11122716666666667,0.10649549999999999,0.12688869999999997,0.13564766666666667,0.13049650000000002,0.15952054999999996,0.004092784,7329.973924839424
1554,30,0.1111042,0.106268,0.13382389999999994,0.1354098333333333,0.1287575,0.16696294999999992,0.004085493,7343.055048680783
1555,30,0.1094818,0.107306,0.1257265,0.13315776666666668,0.1302895,0.15610469999999999,0.004018466,7465.535356028892
1556,30,0.10902689999999998,0.106183,0.13008919999999993,0.1322038,0.128215,0.15950134999999993,0.003989098,7520.497114886623
1557,30,0.10894426666666668,0.104669,0.12294469999999998,0.13291596666666666,0.1268905,0.15404324999999994,0.004010817,7479.77282433978
1558,30,0.1093141,0.105355,0.12559629999999997,0.13237586666666665,0.1274655,0.15490469999999995,0.003993967,7511.3289619067955
1559,30,0.10634959999999999,0.1043905,0.11987835,0.12872456666666665,0.12621500000000002,0.14545589999999997,0.003884851,7722.3038927361695
1560,30,0.1087581,0.1051995,0.1279576,0.13243029999999997,0.12755149999999998,0.15745735,0.003995595,7508.268480664331
1561,30,0.10926573333333334,0.1063485,0.12233454999999999,0.13315413333333334,0.1286365,0.15280069999999998,0.004017902,7466.583306412152
1562,30,0.10926749999999999,0.10702149999999999,0.12580614999999995,0.13290343333333332,0.1296315,0.15409294999999995,0.004009709,7481.839704577065
1563,30,0.10806843333333334,0.1049345,0.12140939999999996,0.13109576666666664,0.1273935,0.14971349999999997,0.003955898,7583.613126526518
1564,30,0.10848613333333332,0.10427700000000001,0.12286209999999997,0.1317153,0.12689450000000002,0.15046289999999996,0.003973688,7549.661674494826
1565,30,0.11185416666666664,0.107015,0.13323364999999998,0.13584359999999998,0.1280465,0.1601968,0.004098793,7319.227880012482
1566,30,0.10808460000000002,0.1047545,0.12420154999999998,0.13155376666666668,0.12656450000000002,0.15216884999999997,0.003972755,7551.434709666215
1567,30,0.12281863333333334,0.10911699999999999,0.18937945,0.1492634,0.1343485,0.23314409999999994,0.004503485,6661.507699037524
1568,30,0.13931926666666666,0.132567,0.1755170999999999,0.17004413333333337,0.1620685,0.21986579999999983,0.005130594,5847.27616334483
1569,30,0.13418856666666665,0.129457,0.16527444999999993,0.16306479999999995,0.155903,0.20284499999999997,0.004921338,6095.90318730394
1570,30,0.1519751666666667,0.1312005,0.20842354999999999,0.18131130000000004,0.1603565,0.24081989999999998,0.00546846,5486.0052007329305
1571,30,0.13185723333333332,0.12879849999999998,0.15447654999999993,0.16014433333333333,0.1561785,0.18764344999999993,0.004830932,6209.981842013094
1572,30,0.13306730000000003,0.1295335,0.15367444999999996,0.1622179,0.1587845,0.18873649999999995,0.004895803,6127.697540117525
1573,30,0.13247576666666666,0.13046449999999998,0.15386989999999995,0.16200056666666665,0.1584485,0.19200704999999998,0.004887834,6137.68798203867
1574,30,0.13367393333333333,0.1297595,0.15573065,0.16259000000000004,0.155333,0.18771054999999998,0.004905066,6116.125654578349
1575,30,0.13130553333333334,0.12626749999999998,0.1800583,0.15720979999999998,0.1498535,0.21682764999999998,0.004740001,6329.112588794813
1576,30,0.12745686666666667,0.112506,0.18572449999999993,0.15137989999999998,0.13476300000000002,0.20747334999999995,0.004564609,6572.3044405336805
1577,30,0.11216466666666668,0.104741,0.14735669999999998,0.1354176,0.126869,0.17318205,0.004084142,7345.484069848698
1578,30,0.10387613333333333,0.10232949999999999,0.11564589999999998,0.12544273333333333,0.123527,0.1399568,0.003784234,7927.628154072924
1579,30,0.10798623333333333,0.105682,0.12110839999999998,0.13079006666666668,0.1265915,0.14958479999999993,0.00394559,7603.425596678824
1580,30,0.10716693333333334,0.10349249999999999,0.13705349999999994,0.12963586666666665,0.125296,0.16456084999999995,0.003911016,7670.641081499028
1581,30,0.12071153333333333,0.10741300000000001,0.20372379999999987,0.14404106666666663,0.130548,0.23431289999999996,0.00434334,6907.126773404799
1582,30,0.11390376666666666,0.104948,0.16192579999999984,0.137418,0.125868,0.20557949999999975,0.004145268,7237.16777781316
1583,30,0.11322943333333334,0.10996049999999999,0.1326555,0.13691916666666665,0.132865,0.16069424999999998,0.004136317,7252.829026401991
1584,30,0.11839070000000002,0.1128875,0.16168164999999987,0.14341596666666667,0.1364545,0.19209999999999988,0.004329436,6929.309037020064
1585,30,0.11031060000000001,0.1048995,0.12606284999999998,0.13360653333333333,0.1263945,0.15602234999999998,0.004031044,7442.2407693887735
1586,30,0.10602776666666668,0.10351450000000001,0.11743494999999998,0.12857316666666666,0.12471,0.14717434999999998,0.00388066,7730.643756474414
1587,30,0.10758286666666667,0.1061155,0.11826655,0.130049,0.129446,0.14521849999999997,0.00392386,7645.532715234488
1588,30,0.10849639999999998,0.104144,0.12745515,0.1307972,0.125385,0.1547469,0.003947436,7599.869890227478
1589,30,0.12543849999999998,0.11249300000000001,0.15284964999999998,0.14997096666666662,0.137801,0.18991589999999992,0.004523954,6631.367162442411
1590,30,0.11426813333333333,0.1030315,0.1544938,0.13721176666666668,0.123345,0.18998049999999994,0.004140154,7246.107270405883
1591,30,0.11247136666666666,0.10288649999999999,0.16774904999999998,0.13509620000000003,0.12427250000000001,0.20511254999999992,0.004076287,7359.638808552981
1592,30,0.1259727,0.1082515,0.21712739999999983,0.1491629666666667,0.13063999999999998,0.24061729999999984,0.004500358,6666.136338486849
1593,30,0.10660643333333332,0.102748,0.12552349999999998,0.13010646666666664,0.1238655,0.15559849999999995,0.003927632,7638.190135939415
1594,30,0.10785099999999997,0.1023665,0.12337939999999997,0.13082213333333334,0.12311549999999999,0.15180199999999996,0.003947575,7599.602287480288
1595,30,0.11306363333333333,0.1040995,0.15685129999999992,0.1372052666666667,0.12624400000000002,0.19315494999999988,0.004140212,7246.0057600915125
1596,30,0.10682013333333336,0.101801,0.13725374999999992,0.12988436666666667,0.1225185,0.16640724999999995,0.003919282,7654.4632409711785
1597,30,0.10774790000000002,0.1032505,0.12823605,0.13075676666666666,0.124135,0.15504369999999998,0.00394492,7604.71695243503
1598,30,0.1029273,0.099655,0.11851164999999998,0.12455953333333333,0.12049599999999999,0.14472169999999995,0.00375759,7983.840706410226
1599,30,0.11180136666666665,0.1066135,0.1472962,0.13489759999999998,0.1283175,0.17197339999999997,0.004069127,7372.588764125573
1600,30,0.1149005,0.104956,0.16194864999999997,0.13975413333333334,0.1281035,0.1952071,0.004219861,7109.238906210418
1601,30,0.20212660000000002,0.19607049999999998,0.24054014999999998,0.25422893333333335,0.246481,0.29901535,0.007674132,3909.2369013199145
1602,30,0.15977456666666662,0.1399335,0.23496164999999997,0.19932490000000003,0.18068099999999998,0.30114969999999996,0.006014684,4987.793207423698
1603,30,0.12458146666666668,0.114569,0.18921354999999992,0.14891353333333335,0.138752,0.21756644999999997,0.00449107,6679.9226019634525
1604,30,0.11041820000000001,0.104976,0.13124404999999997,0.1346714333333333,0.126374,0.15934264999999997,0.004063208,7383.328640817798
1605,30,0.10551826666666668,0.10259,0.12441844999999994,0.12750136666666664,0.1250845,0.14987779999999992,0.003846478,7799.342671399654
1606,30,0.11327226666666666,0.104874,0.15685249999999987,0.13771046666666667,0.1264655,0.1969139499999999,0.004154778,7220.602400417063
1607,30,0.11107023333333334,0.1065545,0.13922794999999993,0.13399536666666664,0.127524,0.16495899999999997,0.004043111,7420.028784764999
1608,30,0.10859946666666666,0.1033855,0.14065989999999992,0.13118253333333335,0.12428700000000001,0.1726005499999999,0.003957555,7580.437921898749
1609,30,0.10680533333333335,0.1017905,0.12276644999999996,0.1293438,0.121924,0.15191244999999995,0.003902484,7687.411402583585
1610,30,0.10440950000000002,0.101026,0.12114569999999998,0.1262141,0.1217635,0.14792964999999997,0.003807941,7878.2733240877415
1611,30,0.11019176666666668,0.109518,0.1288678,0.1341105,0.131018,0.1578521,0.004045576,7415.507705206872
1612,30,0.11408149999999999,0.107788,0.14131989999999997,0.1388925,0.132467,0.16424179999999997,0.004191445,7157.43615865173
1613,30,0.10589873333333334,0.102964,0.12036509999999996,0.12873653333333332,0.12485750000000001,0.15139144999999993,0.003883804,7724.385679606901
1614,30,0.11106060000000001,0.1030195,0.14742529999999995,0.13513570000000003,0.124664,0.18940454999999998,0.004077024,7358.308413195507
1615,30,0.10508563333333334,0.10156899999999999,0.1189856,0.12846370000000001,0.1230295,0.14668335,0.003875561,7740.814813648914
1616,30,0.10471070000000002,0.101021,0.12010274999999998,0.1267121,0.12092649999999999,0.14644229999999997,0.003822887,7847.472342237686
1617,30,0.10592046666666668,0.1021585,0.12300625,0.12815693333333333,0.122793,0.15026544999999997,0.003870658,7750.620178791307
1618,30,0.10633953333333332,0.1011065,0.125077,0.12876610000000002,0.1229485,0.1536218,0.00388436,7723.280025538313
1619,30,0.1051023,0.1015445,0.11962684999999999,0.12785470000000002,0.1229455,0.1455439,0.003856986,7778.094086937313
1620,30,0.10789939999999999,0.1033375,0.1253562,0.13093143333333332,0.12391550000000001,0.15143045,0.003950556,7593.867799874245
1621,30,0.10891256666666665,0.106558,0.12531514999999996,0.13194633333333333,0.1297285,0.15373559999999997,0.003980074,7537.548296840711
1622,30,0.11240846666666666,0.1067815,0.14358055,0.1362946333333333,0.129797,0.16907429999999998,0.004111474,7296.653219745521
1623,30,0.11022063333333335,0.10310849999999999,0.1368413,0.13370923333333332,0.1248415,0.1728366999999999,0.004032764,7439.066605434882
1624,30,0.10551923333333334,0.10213050000000001,0.12288264999999998,0.12814553333333334,0.123506,0.15174504999999996,0.003866044,7759.87029635462
1625,30,0.10937793333333333,0.10430249999999999,0.12802784999999997,0.13325179999999998,0.1255815,0.16204254999999998,0.004020238,7462.244772573166
1626,30,0.10499013333333335,0.100569,0.12290654999999999,0.12741739999999996,0.12150649999999999,0.15019339999999998,0.003844283,7803.79592241258
1627,30,0.10676136666666666,0.1020275,0.12334259999999997,0.1294005666666667,0.122339,0.15394419999999995,0.003903824,7684.772674177934
1628,30,0.10616106666666665,0.10334099999999999,0.11991789999999998,0.1289214,0.1244055,0.14716069999999998,0.0038899,7712.280521350163
1629,30,0.10755123333333333,0.102022,0.12333959999999998,0.13092546666666668,0.12350749999999999,0.15337924999999997,0.003954645,7586.015938219487
1630,30,0.14427646666666666,0.1226395,0.2637589499999998,0.17214109999999996,0.153538,0.2885054499999998,0.005189159,5781.283633821974
1631,30,0.11327536666666667,0.1085275,0.13736115,0.1369333666666667,0.132398,0.16870524999999997,0.004132406,7259.693263440233
1632,30,0.10918786666666667,0.10523850000000001,0.12970479999999998,0.1325293,0.127876,0.15629439999999997,0.004000107,7499.799380366575
1633,30,0.11132309999999998,0.1090495,0.12784384999999998,0.1355809,0.1323015,0.15841229999999998,0.004092453,7330.566777431531
1634,30,0.10853166666666665,0.1047675,0.13044444999999993,0.1322838,0.1272705,0.1640314499999999,0.003996916,7505.786961747508
1635,30,0.12429413333333333,0.12078749999999999,0.14514755,0.1522096,0.146953,0.17324325,0.004597009,6525.982437711129
1636,30,0.12418519999999998,0.112156,0.1797504499999999,0.1514592,0.1384455,0.20782209999999995,0.004569539,6565.213690046195
1637,30,0.13285596666666663,0.1157455,0.19157414999999994,0.16184696666666662,0.13957150000000001,0.24666974999999988,0.00488578,6140.268288789098
1638,30,0.12484086666666667,0.1193035,0.16011085,0.15177830000000003,0.1419985,0.19575384999999995,0.004581464,6548.125228093028
1639,30,0.10846136666666666,0.104236,0.12905669999999997,0.13217610000000002,0.126575,0.16062624999999997,0.003988443,7521.732164656733
1640,30,0.12621570000000001,0.10587150000000001,0.2629165999999995,0.1507936,0.12761,0.3012066999999995,0.004547999,6596.307518977028
1641,30,0.12849950000000002,0.10562250000000001,0.2287074499999997,0.15347586666666663,0.128589,0.26235934999999966,0.004628075,6482.176714940878
1642,30,0.11024553333333333,0.10547400000000001,0.1273578,0.13464446666666666,0.12860749999999999,0.15043625,0.004064025,7381.8443538118
1643,30,0.11049743333333334,0.1062865,0.12757534999999998,0.1338292,0.12907449999999998,0.15575389999999997,0.00403709,7431.095170035843
1644,30,0.13380783333333335,0.114433,0.24635759999999993,0.1610448,0.13985599999999998,0.29736094999999985,0.004855278,6178.842900447718
1645,30,0.12620383333333335,0.1089065,0.2242368499999996,0.1514088666666667,0.13202550000000002,0.2521577499999996,0.004566765,6569.201612082075
1646,30,0.128953,0.105283,0.22682269999999985,0.1528473,0.12605349999999999,0.2665267999999999,0.004608587,6509.587428858346
1647,30,0.10630056666666664,0.1009805,0.12289414999999997,0.12920726666666668,0.1218635,0.15196969999999993,0.003898056,7696.143924048295
1648,30,0.1265652333333333,0.10436999999999999,0.2534838499999996,0.150439,0.1256435,0.29801589999999956,0.004535612,6614.322389128524
1649,30,0.11121723333333336,0.105961,0.14418184999999997,0.13452663333333334,0.12754900000000002,0.17290699999999995,0.00405914,7390.728085259439
1650,30,0.10576596666666666,0.102713,0.11598619999999998,0.12908083333333334,0.124911,0.14391419999999996,0.003894092,7703.978231639108
1651,30,0.10916953333333333,0.10287750000000001,0.13366709999999998,0.13272746666666665,0.12523,0.15969329999999998,0.004007659,7485.666819457443
1652,30,0.10944553333333333,0.1071715,0.12486749999999999,0.13233083333333331,0.128686,0.15416204999999997,0.003993136,7512.892122882866
1653,30,0.1253827,0.1255985,0.14998185,0.15265363333333332,0.151285,0.18896615,0.004606274,6512.856160966543
1654,30,0.10367103333333336,0.1000775,0.11612609999999997,0.12561436666666664,0.120031,0.14223004999999997,0.003790316,7914.907358647669
1655,30,0.10711989999999999,0.102894,0.12465765,0.13036776666666666,0.12458949999999999,0.15566875,0.003932066,7629.576919614269
1656,30,0.11243343333333336,0.102219,0.14720824999999996,0.1348095,0.122386,0.18191494999999985,0.004066324,7377.670839805191
1657,30,0.11305619999999998,0.11063100000000001,0.13941434999999994,0.13695723333333334,0.133571,0.16784419999999994,0.004131371,7261.511977500932
1658,30,0.12476230000000002,0.114244,0.17082409999999992,0.15019056666666664,0.13962000000000002,0.21358604999999983,0.004529667,6623.003412833658
1659,30,0.1130381,0.106014,0.16568799999999995,0.1367465,0.127555,0.19047369999999994,0.004124507,7273.596577724319
1660,30,0.10875716666666667,0.1031935,0.15035934999999992,0.13158826666666665,0.1249625,0.1855402999999999,0.003969522,7557.585019052673
1661,30,0.12601743333333332,0.1189025,0.19671664999999985,0.15241610000000003,0.1462195,0.23956474999999983,0.004597748,6524.933510927524
1662,30,0.10634746666666665,0.10161400000000001,0.12185244999999997,0.12881106666666667,0.122875,0.14907984999999996,0.003886054,7719.913310520132
1663,30,0.11180743333333333,0.10889850000000001,0.13909289999999996,0.13483199999999998,0.1313195,0.16254199999999996,0.004067351,7375.807989032664
1664,30,0.10586083333333335,0.10224849999999999,0.12989229999999993,0.1278949,0.1230015,0.15792869999999995,0.003857988,7776.0739535737275
1665,30,0.11001253333333334,0.10516400000000001,0.13401144999999998,0.13350689999999998,0.1267685,0.16013139999999998,0.004027871,7448.103476998147
1666,30,0.10985663333333333,0.10314100000000001,0.13122824999999994,0.13382836666666667,0.1246865,0.1690177499999999,0.004037769,7429.845540941049
1667,30,0.10842633333333333,0.10393150000000001,0.129521,0.1311758,0.125633,0.15752834999999996,0.003957424,7580.6888521422015
1668,30,0.10415489999999998,0.100547,0.11420015,0.12649636666666667,0.12095349999999999,0.13921619999999998,0.003830028,7832.840908734871
1669,30,0.12345529999999999,0.1239555,0.1734199499999999,0.1503736,0.15019749999999998,0.22333509999999984,0.004535879,6613.933043628369
1670,30,0.10606166666666668,0.101487,0.12345834999999997,0.12863660000000002,0.1223805,0.15329689999999996,0.003880789,7730.386784749184
1671,30,0.1313824,0.112966,0.25155185,0.15563790000000002,0.13683050000000002,0.27551115,0.004694582,6390.345295917719
1672,30,0.10447196666666667,0.1018015,0.11450304999999998,0.1264088,0.1224845,0.14109919999999995,0.003814626,7864.466922838569
1673,30,0.10598533333333335,0.10176299999999999,0.13322589999999998,0.12878236666666668,0.122339,0.16946929999999993,0.003886748,7718.534878000837
1674,30,0.10565243333333335,0.1013945,0.11934619999999997,0.1283406,0.1223075,0.14722669999999996,0.003874113,7743.708043621856
1675,30,0.1103067,0.1038065,0.13217079999999998,0.1336938,0.125977,0.15803285,0.004034706,7435.486005671789
1676,30,0.1116366,0.10338649999999999,0.17132504999999987,0.1350195,0.1241525,0.20496904999999993,0.004075881,7360.371904871609
1677,30,0.13927989999999998,0.12404000000000001,0.21086569999999996,0.16318506666666668,0.1453095,0.24121004999999995,0.004920534,6096.899238985037
1678,30,0.12849086666666668,0.12238750000000001,0.16885654999999997,0.15081603333333332,0.1443955,0.19976094999999996,0.004547511,6597.015378302549
1679,30,0.13332750000000002,0.122996,0.19877894999999993,0.1555351333333333,0.143282,0.22218539999999995,0.00468967,6397.038597598552
1680,30,0.13485889999999998,0.13042399999999998,0.1610989,0.15965933333333332,0.154973,0.18997614999999995,0.004813345,6232.671873717757
1681,30,0.13090443333333332,0.1259535,0.15474439999999998,0.15499363333333332,0.147448,0.18608584999999997,0.004673677,6418.928821996043
1682,30,0.13935273333333334,0.127101,0.19364969999999998,0.16193536666666666,0.149476,0.21975719999999999,0.004880644,6146.729816802865
1683,30,0.13620900000000002,0.1284725,0.17434059999999998,0.16126116666666668,0.15367,0.20799255,0.004862054,6170.231758018319
1684,30,0.12973503333333333,0.12304999999999999,0.1636369,0.15323623333333333,0.14358100000000001,0.19714194999999995,0.004619886,6493.666726841311
1685,30,0.12929813333333331,0.12483949999999999,0.16230464999999997,0.15215269999999997,0.1461935,0.18573159999999997,0.004586741,6540.591675004104
1686,30,0.11726486666666668,0.108521,0.15123099999999998,0.1400879,0.1304295,0.17663769999999995,0.004229004,7093.8689109776205
1687,30,0.11192616666666667,0.1038365,0.13893679999999997,0.13707946666666665,0.125403,0.16766275,0.004135738,7253.844416643415
1688,30,0.10798223333333333,0.1041445,0.1265044,0.13078320000000002,0.12513549999999998,0.15564755,0.003945494,7603.610599838702
1689,30,0.12628883333333332,0.10415849999999999,0.20601344999999996,0.14867333333333338,0.1265185,0.22858554999999994,0.004482319,6692.964066145225
1690,30,0.11855626666666666,0.1046725,0.19176234999999991,0.14280826666666666,0.125988,0.22461039999999993,0.004306487,6966.234891687818
1691,30,0.12379633333333333,0.103152,0.22571509999999997,0.14813643333333334,0.1241495,0.25487014999999996,0.004471342,6709.395076466976
1692,30,0.10464213333333333,0.100607,0.12322924999999996,0.1266062,0.1214205,0.15175954999999994,0.003820408,7852.56443814378
1693,30,0.1110802,0.108418,0.13208189999999997,0.13434480000000001,0.1292565,0.15760415,0.004052081,7403.603234979755
1694,30,0.10206903333333334,0.0998685,0.11020174999999999,0.1237404,0.12071599999999999,0.1354599,0.003733009,8036.412449045797
1695,30,0.10803856666666668,0.10183149999999999,0.1431215999999999,0.13059876666666667,0.12257799999999999,0.17079494999999992,0.003939576,7615.032683720278
1696,30,0.10728026666666667,0.102409,0.12729179999999998,0.13003193333333332,0.12314,0.15365924999999997,0.003922875,7647.452442405123
1697,30,0.11193676666666666,0.109389,0.12959465,0.13573763333333336,0.1330605,0.15659744999999997,0.004094256,7327.338593385464
1698,30,0.12560393333333333,0.10590550000000001,0.24659589999999992,0.14883766666666665,0.12674600000000003,0.2697440999999999,0.004486816,6686.255910650225
1699,30,0.10880599999999999,0.101274,0.13806489999999988,0.13183359999999997,0.122618,0.16711864999999987,0.003978227,7541.047808483528
1700,30,0.10572939999999999,0.101101,0.12290184999999997,0.12789226666666667,0.12189749999999999,0.15219659999999996,0.003858087,7775.874416517823
1701,30,0.11150473333333336,0.106292,0.13384134999999994,0.13577483333333334,0.128339,0.17336079999999993,0.004095705,7324.746289100412
1702,30,0.10804936666666666,0.1032265,0.12406099999999999,0.1308522,0.12454,0.1531266,0.003947159,7600.403226725854
1703,30,0.12410413333333334,0.11804700000000001,0.16243074999999996,0.14974296666666667,0.14417,0.20020274999999993,0.004519018,6638.610423769058
1704,30,0.10800420000000001,0.10083700000000001,0.12961749999999994,0.13151556666666667,0.1213545,0.16265139999999992,0.003966774,7562.82056905687
1705,30,0.1129088333333333,0.106085,0.14315634999999996,0.13672683333333335,0.12952,0.17755734999999992,0.004123669,7275.07469682945
1706,30,0.11016503333333334,0.10504050000000001,0.14050079999999995,0.13275403333333335,0.126701,0.16216909999999995,0.004004457,7491.652426284012
1707,30,0.10480273333333333,0.1002045,0.1254187,0.12735786666666668,0.120711,0.15652799999999997,0.003841926,7808.5835073346025
1708,30,0.10614663333333334,0.101547,0.12682074999999995,0.12867413333333333,0.121924,0.1604051499999999,0.003881709,7728.554613444748
1709,30,0.16431919999999997,0.139984,0.32971609999999996,0.19512963333333336,0.168934,0.36140225,0.005898286,5086.223353699702
1710,30,0.13793106666666669,0.134994,0.15858055,0.16941293333333332,0.164773,0.1984226,0.00511212,5868.406844909743
1711,30,0.13106313333333333,0.1274015,0.14898329999999999,0.15974353333333335,0.15577,0.18034825,0.004818852,6225.549155691023
1712,30,0.13989230000000002,0.139401,0.16413864999999997,0.17226063333333336,0.170844,0.2033727,0.005199719,5769.542546433759
1713,30,0.13366513333333335,0.131062,0.16374009999999994,0.1633117666666667,0.1595925,0.20146944999999997,0.00492737,6088.440689455023
1714,30,0.13681023333333334,0.131074,0.18045034999999995,0.16742353333333335,0.1600725,0.21596109999999996,0.005052035,5938.201140728439
1715,30,0.13606893333333334,0.134377,0.15497249999999996,0.1648420333333334,0.163521,0.18691404999999994,0.004974197,6031.124219647915
1716,30,0.13119716666666667,0.125423,0.15613634999999995,0.15897053333333327,0.15306950000000002,0.18796404999999994,0.004797678,6253.02490079576
1717,30,0.13383209999999998,0.1320465,0.15479774999999998,0.16133323333333335,0.15814699999999998,0.18704724999999997,0.00486883,6161.6445840171045
1718,30,0.13472613333333336,0.13160650000000002,0.1587149,0.163805,0.1607885,0.19044575,0.004943678,6068.356393761892
1719,30,0.13619563333333332,0.1325405,0.16218719999999998,0.16423736666666666,0.1590725,0.19630984999999995,0.004956271,6052.937783264878
1720,30,0.1269089333333333,0.1245445,0.14100844999999998,0.15483190000000005,0.152449,0.17308505,0.004677475,6413.716802334592
1721,30,0.1304173,0.1257645,0.15475269999999997,0.15897886666666666,0.15356199999999998,0.18674504999999997,0.004796805,6254.162927198416
1722,30,0.13194630000000002,0.125746,0.16617444999999997,0.1611232666666667,0.1541775,0.20104009999999994,0.004860602,6172.07498165865
1723,30,0.13324983333333335,0.13183050000000002,0.15683949999999997,0.1622572,0.158765,0.18937879999999993,0.004894689,6129.092164997613
1724,30,0.15621080000000004,0.1437185,0.2796006,0.18704136666666665,0.172852,0.32461299999999993,0.005639807,5319.330962921249
1725,30,0.11671619999999999,0.1147975,0.14784019999999992,0.1419717,0.137849,0.18835019999999986,0.004283909,7002.9498759194
1726,30,0.10840066666666666,0.1061795,0.120859,0.13158636666666665,0.1282995,0.1536602,0.00397045,7555.818609981236
1727,30,0.1082619,0.102478,0.13242864999999998,0.1309655,0.122973,0.16147944999999997,0.003951718,7591.634828193713
1728,30,0.10560206666666665,0.1016245,0.12487199999999998,0.1280942,0.12344150000000001,0.153105,0.003865498,7760.966374837084
1729,30,0.12023576666666667,0.114732,0.14473695,0.14596076666666669,0.1377335,0.18146194999999996,0.004406484,6808.149082125341
1730,30,0.13411416666666667,0.132048,0.15642619999999993,0.16372190000000003,0.16117599999999999,0.19035429999999992,0.004940646,6072.080452637166
1731,30,0.13160899999999998,0.128232,0.15380284999999996,0.16041850000000002,0.15698099999999998,0.18708014999999995,0.004840427,6197.800318029794
1732,30,0.13862786666666665,0.1384305,0.16802144999999993,0.16969506666666667,0.167938,0.20641154999999992,0.005120025,5859.346389910205
1733,30,0.1450221,0.11473449999999999,0.25213030000000003,0.17711056666666664,0.139457,0.30470169999999996,0.005341966,5615.909947760805
1734,30,0.10997603333333332,0.1032875,0.1407972999999999,0.13266036666666667,0.1241985,0.18112319999999987,0.004001571,7497.055531440027
1735,30,0.11858376666666669,0.107749,0.16956689999999988,0.143858,0.1300135,0.20328204999999994,0.004339931,6912.552296338352
1736,30,0.12596503333333334,0.116421,0.1851572999999999,0.1520574666666667,0.1408755,0.22072249999999996,0.004586993,6540.232348294406
1737,30,0.1332053,0.1247375,0.18735479999999996,0.16049793333333337,0.149638,0.23295749999999993,0.004845398,6191.441858852462
1738,30,0.10958943333333333,0.10425999999999999,0.13851449999999993,0.1316075,0.125344,0.17224199999999992,0.003969697,7557.251850708
1739,30,0.11578686666666667,0.1092595,0.15553304999999998,0.13988669999999997,0.13119750000000002,0.19564139999999997,0.004220392,7108.344438146978
1740,30,0.10895926666666665,0.1043035,0.14092234999999995,0.13091100000000003,0.1248625,0.17380114999999996,0.003949233,7596.411758941546
1741,30,0.11043196666666666,0.1052675,0.13057275,0.13434970000000002,0.127543,0.15922694999999998,0.004052831,7402.233155046436
1742,30,0.10351139999999999,0.101298,0.11544194999999999,0.12507513333333334,0.121349,0.14184409999999997,0.003773512,7950.153596967493
1743,30,0.12981563333333335,0.1216335,0.19482374999999993,0.15898066666666663,0.146811,0.25402349999999996,0.004796479,6254.588000906498
1744,30,0.10797993333333336,0.1044315,0.12283999999999996,0.13071833333333335,0.125807,0.14856539999999996,0.003943825,7606.828396290403
1745,30,0.11736206666666667,0.114411,0.14090384999999997,0.14229096666666666,0.1369725,0.17369099999999993,0.00429247,6988.983033078857
1746,30,0.1445066,0.12057799999999999,0.18939019999999993,0.17400396666666665,0.14654899999999998,0.25035814999999983,0.005251546,5712.603488572699
1747,30,0.13661240000000002,0.130335,0.168208,0.16630693333333335,0.159194,0.20192614999999997,0.005018138,5978.31307150182
1748,30,0.13760720000000004,0.11689050000000001,0.23351654999999996,0.16584976666666668,0.14050400000000002,0.27869884999999994,0.005004591,5994.495853906942
1749,30,0.10784556666666666,0.10302349999999999,0.13211079999999997,0.13075336666666665,0.124545,0.15755824999999998,0.003944756,7605.033112314171
1750,30,0.11064346666666665,0.10735149999999999,0.12654789999999996,0.13469299999999998,0.1297365,0.1650901999999999,0.004063926,7382.024180558406
1751,30,0.10955353333333333,0.10495399999999999,0.13836914999999994,0.13258103333333335,0.1268255,0.16987514999999992,0.003999556,7500.832592417759
1752,30,0.10844423333333336,0.107128,0.12305629999999997,0.13159736666666666,0.1287235,0.15331309999999998,0.003972201,7552.487902802502
1753,30,0.11145916666666668,0.106488,0.13354549999999998,0.13575796666666665,0.13093749999999998,0.16239685,0.004096303,7323.67698385593
1754,30,0.11683083333333334,0.1148925,0.14371134999999996,0.1416685,0.13893850000000002,0.1830548,0.004280862,7007.934383308782
1755,30,0.10875589999999999,0.1071585,0.12243999999999997,0.1317521,0.1290195,0.14936634999999995,0.003974847,7547.460317340517
1756,30,0.11848716666666666,0.11105999999999999,0.16090989999999983,0.14445293333333334,0.133607,0.19749984999999978,0.004359181,6882.0266926287295
1757,30,0.10996806666666668,0.10506,0.12976284999999996,0.13362676666666667,0.128064,0.16130524999999996,0.004033623,7437.482382463606
1758,30,0.11857563333333335,0.1156965,0.14952684999999996,0.14480523333333334,0.13890999999999998,0.1862322499999999,0.004374331,6858.1915726084735
1759,30,0.10720133333333333,0.10416,0.12289489999999999,0.12986513333333333,0.12579600000000002,0.14854104999999995,0.00391974,7653.568859159026
1760,30,0.11054093333333333,0.10585649999999999,0.13273154999999995,0.13471703333333332,0.12787700000000002,0.16133989999999995,0.004066053,7378.162557153091
1761,30,0.11232796666666665,0.10542750000000001,0.14644404999999996,0.13718203333333331,0.127694,0.18180765,0.004141552,7243.661313439986
1762,30,0.11976286666666668,0.118943,0.14049624999999996,0.14590883333333335,0.144497,0.17112645,0.004403844,6812.230405981684
1763,30,0.11778926666666668,0.110487,0.14949274999999998,0.1439536,0.1352875,0.18391189999999993,0.004344709,6904.950366065943
1764,30,0.11356210000000001,0.1106865,0.13851515,0.13771256666666665,0.133154,0.16982459999999994,0.004155314,7219.6710044054425
1765,30,0.10889463333333334,0.10512099999999999,0.12539204999999998,0.13203886666666667,0.1269045,0.15465144999999994,0.003983729,7530.632731292716
1766,30,0.15284953333333332,0.1209525,0.33089644999999995,0.18074076666666666,0.1484685,0.35676459999999993,0.005448115,5506.491694833901
1767,30,0.14794243333333335,0.125633,0.28634534999999994,0.17721493333333332,0.1524675,0.3177819499999999,0.005346579,5611.064570447757
1768,30,0.1484956,0.1265825,0.26720139999999976,0.17299953333333334,0.148837,0.3023692499999998,0.005213546,5754.240971500011
1769,30,0.14562153333333336,0.135855,0.2096615999999999,0.17460336666666668,0.163539,0.2509758999999999,0.005265175,5697.816311898465
1770,30,0.1495163,0.1417505,0.20242739999999998,0.17737789999999995,0.1736495,0.23230574999999998,0.005348035,5609.536960771573
1771,30,0.13057186666666667,0.1273535,0.15496734999999998,0.15972926666666665,0.1571265,0.1965931,0.004825622,6216.81515875052
1772,30,0.1386386,0.131038,0.17519834999999992,0.16879343333333333,0.158895,0.2133566499999999,0.005092848,5890.613660568703
1773,30,0.1269741,0.124138,0.15648359999999997,0.15426509999999996,0.1508475,0.19427274999999997,0.004656973,6441.952744840908
1774,30,0.11978923333333331,0.1181125,0.15120299999999998,0.14521033333333336,0.14313350000000002,0.1885826999999999,0.004382275,6845.759337330496
1775,30,0.14420203333333334,0.140583,0.16850755,0.17592736666666664,0.1710735,0.2037669,0.005307206,5652.691830692082
1776,30,0.1373636666666667,0.12856800000000002,0.19430375,0.16682853333333333,0.15743000000000001,0.23369395,0.005031997,5961.847751499057
1777,30,0.12808463333333334,0.121511,0.17703214999999994,0.15577409999999997,0.151194,0.22033809999999993,0.00470129,6381.227280172037
1778,30,0.14154819999999999,0.1401555,0.16156310000000002,0.17246346666666668,0.170788,0.19396249999999998,0.005202935,5765.976319135258
1779,30,0.1341822,0.128027,0.18100689999999992,0.16370086666666667,0.15505249999999998,0.22735199999999992,0.004940331,6072.467614012097
1780,30,0.13287053333333337,0.12896,0.15844095,0.16140440000000003,0.1572755,0.1912293,0.004870026,6160.131383282142
1781,30,0.11140993333333332,0.10756399999999999,0.13230044999999999,0.13523383333333333,0.130608,0.16360249999999996,0.004079891,7353.137620588393
1782,30,0.11730259999999999,0.11467050000000001,0.13469799999999998,0.1424368,0.1383665,0.16117410000000001,0.004296667,6982.156168956078
1783,30,0.1155249,0.11029900000000001,0.15167374999999994,0.1398645,0.1320285,0.18752614999999992,0.004219855,7109.249014480356
1784,30,0.10709719999999999,0.10488600000000001,0.12266149999999998,0.13003123333333333,0.12689650000000002,0.1518952,0.003923395,7646.438862260874
1785,30,0.11149126666666666,0.10494049999999999,0.13866414999999999,0.1350465,0.1272875,0.1656432,0.004074052,7363.676261373198
1786,30,0.12234110000000002,0.1097755,0.16801189999999996,0.14729293333333332,0.1329435,0.20180225,0.004443127,6752.001462033383
1787,30,0.11272826666666667,0.1084965,0.1294917,0.13803353333333337,0.1324005,0.16651029999999997,0.004163757,7205.031417539497
1788,30,0.1195142,0.1173935,0.14457814999999996,0.14633940000000004,0.14409349999999999,0.17616379999999993,0.004418138,6790.1907998346815
1789,30,0.12376426666666669,0.1182115,0.15533424999999998,0.15027613333333328,0.1451305,0.19243914999999998,0.004533009,6618.120546418505
1790,30,0.11115403333333335,0.106005,0.13370759999999995,0.1349006,0.128443,0.16266859999999997,0.004069161,7372.5271622331975
1791,30,0.11801943333333333,0.11263500000000001,0.1472694,0.1443718,0.13839649999999998,0.1835262,0.00435584,6887.305318836321
1792,30,0.10966336666666666,0.10613800000000001,0.12381164999999997,0.13338453333333333,0.1303905,0.15275934999999996,0.004023432,7456.32087232989
1793,30,0.11270793333333333,0.1111375,0.12862184999999998,0.13693476666666668,0.134744,0.1577565,0.00413088,7262.375087148501
1794,30,0.11862253333333332,0.1111135,0.16099039999999998,0.1448105,0.134063,0.19388109999999995,0.004368335,6867.605163065561
1795,30,0.12094676666666666,0.1131755,0.17442044999999995,0.14725249999999998,0.136722,0.22800139999999988,0.004442904,6752.340361169181
1796,30,0.10671156666666669,0.1035305,0.12485924999999996,0.12884900000000002,0.124265,0.15326054999999997,0.003886975,7718.084114253372
1797,30,0.11260283333333332,0.110159,0.1249058,0.1364750666666667,0.133821,0.15198789999999998,0.004117414,7286.126680484402
1798,30,0.11134616666666666,0.1041725,0.15069579999999988,0.13474419999999998,0.1261295,0.1815236999999999,0.00406497,7380.128266629274
1799,30,0.11108706666666666,0.1055935,0.13552199999999998,0.13437190000000002,0.12874449999999998,0.16420814999999997,0.004055905,7396.622948515806
1800,30,0.12851783333333333,0.1053615,0.2684962999999999,0.158872,0.12787500000000002,0.3432186999999999,0.004794759,6256.8316780885125
1801,30,0.12440230000000001,0.120059,0.16674549999999994,0.15247766666666665,0.1464385,0.2055625499999999,0.004603344,6517.001553653171
1802,30,0.10693233333333334,0.1038365,0.12748014999999996,0.12913666666666665,0.12499099999999999,0.15592329999999996,0.003896991,7698.247186098198
1803,30,0.13896303333333332,0.13801950000000002,0.15597569999999997,0.16794076666666669,0.165678,0.18507854999999998,0.005067427,5920.16421746184
1804,30,0.1256661,0.1198915,0.16889834999999997,0.15351949999999998,0.143438,0.21855244999999993,0.004637541,6468.945503662393
1805,30,0.11284939999999999,0.1083945,0.12985744999999999,0.13734016666666665,0.1320665,0.15806584999999995,0.004151693,7225.967816021079
1806,30,0.11796949999999999,0.1112205,0.14952084999999998,0.14331066666666667,0.136912,0.17855159999999998,0.004324546,6937.1443846359825
1807,30,0.1089385,0.102645,0.1509342,0.1323625,0.123072,0.18911099999999995,0.003994057,7511.1597055324955
1808,30,0.1451272,0.11419599999999999,0.2865774,0.17946143333333334,0.1395105,0.36520834999999996,0.005422527,5532.475910216768
1809,30,0.14687703333333332,0.13834649999999998,0.18347509999999997,0.17769713333333334,0.1676955,0.22362159999999998,0.005360838,5596.140006469138
1810,30,0.19971890000000003,0.184189,0.2980424499999998,0.24581103333333335,0.2254855,0.38590669999999977,0.007414579,4046.0827243192093
1811,30,0.1987907666666667,0.196576,0.23148434999999995,0.2389318666666667,0.236422,0.27940559999999987,0.007211951,4159.7620394259475
1812,30,0.14493326666666664,0.13610850000000002,0.20053585,0.17518623333333333,0.163788,0.24604715,0.005283517,5678.036050607957
1813,30,0.11433673333333334,0.109266,0.14114164999999998,0.1386463,0.1310725,0.17826899999999993,0.004182735,7172.340585765056
1814,30,0.11007446666666668,0.1030595,0.13899569999999997,0.13361183333333332,0.124479,0.16995534999999995,0.004030582,7443.093826152154
1815,30,0.11586096666666666,0.1094695,0.15039265,0.141757,0.13212000000000002,0.1821003,0.004276748,7014.675636722107
1816,30,0.11713799999999999,0.1108625,0.14903389999999994,0.14191206666666664,0.13447399999999998,0.18062144999999996,0.004280557,7008.433715518799
1817,30,0.11635493333333333,0.1087185,0.14796974999999998,0.1412725333333333,0.1336815,0.18302564999999996,0.004266108,7032.170774860833
1818,30,0.10625676666666667,0.1024475,0.13082929999999995,0.1277013,0.1232065,0.15916019999999995,0.003852674,7786.799506005439
1819,30,0.11564939999999999,0.1096945,0.14620669999999994,0.14025433333333334,0.1318135,0.18745524999999996,0.004231093,7090.3664844993955
1820,30,0.1059488,0.103709,0.11436489999999999,0.1277712,0.12428700000000001,0.14029414999999998,0.003854172,7783.773012724912
1821,30,0.11883176666666667,0.11712349999999999,0.131961,0.14432416666666664,0.1414315,0.16045665,0.004353218,6891.453632691953
1822,30,0.10586929999999999,0.10383400000000001,0.12021159999999997,0.12774766666666665,0.1250375,0.14442779999999997,0.003859215,7773.601626237461
1823,30,0.11021290000000002,0.107072,0.13704909999999998,0.1334974,0.12926100000000001,0.16574104999999997,0.004026611,7450.434124379037
1824,30,0.1062855,0.1054865,0.1146099,0.12923953333333332,0.12832900000000003,0.14172764999999998,0.003898554,7695.160821166002
1825,30,0.1161394,0.1121795,0.13721074999999996,0.14034623333333332,0.13569799999999999,0.1666228,0.004238733,7077.586627890929
1826,30,0.11162173333333332,0.10763,0.14095959999999996,0.1346284666666667,0.1280835,0.16842659999999995,0.004061517,7386.402666786819
1827,30,0.10993766666666666,0.10454050000000001,0.13277619999999993,0.13257953333333336,0.1249365,0.16482304999999992,0.003999594,7500.761327274718
1828,30,0.10817503333333332,0.103822,0.12871515,0.13062343333333334,0.1248775,0.154937,0.003940303,7613.627682947225
1829,30,0.11228656666666667,0.110231,0.12919294999999997,0.1364333666666667,0.133522,0.15530585,0.004116373,7287.969287525692
1830,30,0.10957566666666667,0.1058705,0.12907649999999998,0.13211073333333334,0.12774950000000002,0.1543114,0.003984957,7528.312099729056
1831,30,0.12314340000000001,0.118318,0.15975244999999996,0.1499969,0.143596,0.19298729999999992,0.004524195,6631.013915182701
1832,30,0.1121615,0.112439,0.1313372,0.13643586666666666,0.1349475,0.16282825,0.004116256,7288.176439949312
1833,30,0.11209113333333329,0.1093395,0.1314088,0.13548503333333334,0.1315085,0.15886865,0.004086591,7341.082090182258
1834,30,0.12424043333333333,0.11047,0.20247219999999996,0.15135443333333337,0.13553500000000002,0.25252319999999984,0.004565061,6571.653697508095
1835,30,0.10883696666666667,0.1043375,0.1327514,0.13200313333333333,0.1252345,0.16670814999999997,0.003982393,7533.159082993568
1836,30,0.10408716666666666,0.1015405,0.1275532,0.12601773333333335,0.1223075,0.15617485,0.003802288,7889.986239863998
1837,30,0.11986956666666666,0.11597450000000001,0.14404154999999996,0.14414373333333336,0.13997500000000002,0.17060404999999995,0.004347517,6900.490555873616
1838,30,0.10599243333333333,0.1021315,0.12984444999999994,0.12824666666666668,0.1232635,0.15497499999999997,0.003868905,7754.131983080483
1839,30,0.15409663333333332,0.111972,0.25736559999999997,0.19019956666666665,0.13666450000000002,0.3235514,0.005744274,5222.592097800349
1840,30,0.11570123333333333,0.1119685,0.13463519999999995,0.14031483333333333,0.1356865,0.16861364999999995,0.00423615,7081.902198930633
1841,30,0.11236903333333334,0.10277649999999999,0.14833489999999996,0.13624519999999998,0.1245705,0.17797154999999998,0.004113445,7293.156952384194
1842,30,0.12056240000000001,0.114383,0.13997244999999994,0.14616513333333334,0.1398365,0.17207754999999994,0.004411104,6801.018520533636
1843,30,0.10719986666666666,0.10284399999999999,0.13008219999999998,0.13026263333333332,0.1245145,0.15839969999999995,0.00393105,7631.5488228335935
1844,30,0.13628293333333333,0.115066,0.2558647499999999,0.16687783333333334,0.13802999999999999,0.32250989999999996,0.005038206,5954.500471000987
1845,30,0.12567376666666666,0.10633200000000001,0.23505164999999997,0.15591256666666664,0.129623,0.29941344999999997,0.00470734,6373.0259552103735
1846,30,0.11144960000000002,0.1050285,0.13645365,0.13490860000000002,0.12702249999999998,0.1661875,0.004072467,7366.542196658685
1847,30,0.12490580000000001,0.1217775,0.15028414999999995,0.1515243,0.147401,0.17797145,0.004572618,6560.792963680763
1848,30,0.11596469999999999,0.10667750000000001,0.1691190499999999,0.14081906666666671,0.12833050000000001,0.21077804999999988,0.004250205,7058.4830614052735
1849,30,0.11747163333333335,0.1144145,0.13493834999999998,0.1428134,0.13848100000000002,0.1660536,0.00431039,6959.9270599644115
1850,30,0.10816816666666668,0.103978,0.12066769999999996,0.1314513,0.12572850000000002,0.15401914999999994,0.003966555,7563.238124770739
1851,30,0.11837546666666668,0.105715,0.1562615,0.14237443333333333,0.1287645,0.19354084999999993,0.004295433,6984.162015796777
1852,30,0.1311292666666667,0.106451,0.23668075,0.15882243333333337,0.12779400000000002,0.2904078999999999,0.004789234,6264.0497415661885
1853,30,0.1235736,0.1208165,0.14340075,0.14897273333333333,0.147217,0.17090304999999997,0.00449345,6676.384515238847
1854,30,0.11060193333333333,0.1072245,0.12953715,0.13349366666666668,0.12891350000000001,0.15666974999999994,0.004028082,7447.713328576728
1855,30,0.3036753333333334,0.311819,0.4702591,0.3788869333333333,0.394543,0.5636623499999999,0.011427344,2625.281955281997
1856,30,0.2097747,0.204059,0.24147969999999996,0.26659173333333336,0.2597785,0.30848374999999995,0.008052494,3725.553847044158
1857,30,0.13308373333333334,0.112527,0.26975409999999994,0.1628921,0.1381095,0.33166094999999995,0.004914414,6104.491807161546
1858,30,0.13195449999999997,0.12993100000000002,0.1511521,0.15975533333333336,0.1570415,0.17958145,0.004819437,6224.793476914419
1859,30,0.14207260000000002,0.12140200000000001,0.27924994999999997,0.17002486666666666,0.1467415,0.3276297999999999,0.005126893,5851.497193329371
1860,30,0.11774723333333333,0.102304,0.15975484999999995,0.14091979999999996,0.1246485,0.18900004999999992,0.00424958,7059.5211762103545
1861,30,0.1173148,0.11563499999999999,0.1296794,0.14252346666666665,0.140146,0.1572746,0.004299681,6977.261801515043
1862,30,0.11029506666666666,0.1062355,0.12684989999999996,0.13339826666666668,0.128478,0.15741734999999996,0.004024729,7453.9180153496045
1863,30,0.12231289999999999,0.12100050000000001,0.14749765,0.14877843333333332,0.14809650000000002,0.17783605,0.00448843,6683.851591759257
1864,30,0.1137174,0.108575,0.1464922,0.13771103333333334,0.1307235,0.17395689999999997,0.004154179,7221.643554598875
1865,30,0.11250756666666666,0.109112,0.1330949,0.1364394666666667,0.1310015,0.16020815,0.004115973,7288.6775496340715
1866,30,0.11602126666666668,0.112073,0.13167425,0.14121586666666666,0.136531,0.161387,0.004260526,7041.384092011174
1867,30,0.12256243333333333,0.1173315,0.1632797,0.14917106666666669,0.14122200000000001,0.19698635,0.004503992,6660.757834383365
1868,30,0.12812643333333332,0.1252365,0.17198639999999998,0.15616266666666664,0.151627,0.21179174999999995,0.004711075,6367.973339418285
1869,30,0.11194403333333333,0.1066885,0.13868684999999994,0.13565153333333332,0.12970900000000002,0.17082609999999995,0.004091927,7331.50909094908
1870,30,0.111581,0.105017,0.15305304999999997,0.1350547,0.1281945,0.1880502999999999,0.004075426,7361.193651902893
1871,30,0.1326406333333333,0.121682,0.20172514999999994,0.16198406666666668,0.147848,0.2528038499999999,0.004886931,6138.822095094038
1872,30,0.11845506666666666,0.1144645,0.13994909999999997,0.144086,0.1400745,0.17087234999999995,0.004346471,6902.151193462466
1873,30,0.12510283333333336,0.12029,0.1509521,0.15212106666666664,0.1458375,0.18138084999999998,0.00459242,6532.503560214441
1874,30,0.1174564,0.115789,0.14711415,0.14209583333333334,0.1403545,0.17769749999999998,0.004286481,6998.747923996397
1875,30,0.12485696666666665,0.11448449999999999,0.18092214999999992,0.15074986666666668,0.139984,0.22735844999999993,0.004547343,6597.259102733179
1876,30,0.11502436666666667,0.1064485,0.14579734999999996,0.14003076666666664,0.12876300000000002,0.18184289999999995,0.004223648,7102.864632658782
1877,30,0.11032013333333332,0.10465650000000001,0.13238965,0.13312259999999998,0.12551,0.16017545,0.004020051,7462.591892490916
1878,30,0.12066123333333333,0.1190735,0.1406201,0.14567549999999996,0.14381349999999998,0.1692669,0.004394023,6827.456296883289
1879,30,0.1113851,0.10617599999999999,0.13719704999999993,0.13498363333333332,0.12778299999999998,0.17001614999999987,0.004071991,7367.403316952322
1880,30,0.11562206666666668,0.11127000000000001,0.1351162,0.14046106666666666,0.1344615,0.164881,0.004236771,7080.864176987616
1881,30,0.12118556666666666,0.109933,0.17605874999999999,0.1472774,0.1340805,0.22723059999999995,0.004442606,6752.793292945627
1882,30,0.11919356666666668,0.1148615,0.15619754999999996,0.14392966666666668,0.13741199999999998,0.1842152,0.004340866,6911.063368461501
1883,30,0.11521120000000003,0.111555,0.13848785,0.1385070333333333,0.1352025,0.16576314999999997,0.004177198,7181.847736209775
1884,30,0.11021226666666667,0.105253,0.13818569999999997,0.13323236666666669,0.127035,0.16646809999999998,0.004019028,7464.4914143419755
1885,30,0.10754616666666668,0.1034205,0.12316644999999997,0.13017446666666668,0.1249755,0.15202434999999997,0.003928282,7636.926269549895
1886,30,0.11990450000000001,0.1054255,0.18675199999999992,0.1457825333333333,0.126118,0.23582829999999988,0.004398026,6821.242075422018
1887,30,0.11884130000000001,0.11556849999999999,0.15143044999999994,0.14509606666666663,0.1406685,0.18946579999999988,0.004379425,6850.21435462418
1888,30,0.11097240000000001,0.10641049999999999,0.1321119,0.13497603333333333,0.12908750000000002,0.16281645,0.004074327,7363.179244081292
1889,30,0.12131846666666668,0.1166105,0.15557765,0.14718860000000003,0.14186100000000001,0.18222875,0.004441567,6754.372949907093
1890,30,0.11270213333333334,0.1078415,0.12903815,0.13770643333333332,0.1308555,0.15700884999999995,0.004159582,7212.263155288199
1891,30,0.11737176666666667,0.113791,0.1310326,0.1425212333333333,0.1381475,0.16116595,0.004300502,6975.929786801634
1892,30,0.11348710000000001,0.1061415,0.16096429999999998,0.13727859999999997,0.1284225,0.20027559999999997,0.00414258,7241.863766058833
1893,30,0.1438557,0.111665,0.2976242,0.16870966666666662,0.1344715,0.31975005,0.005084913,5899.805955382128
1894,30,0.1082799,0.10485649999999999,0.12461794999999996,0.13121746666666667,0.1269295,0.15276709999999993,0.003958514,7578.601465095236
1895,30,0.12378623333333334,0.1185705,0.1648179,0.14963323333333334,0.142479,0.20252939999999997,0.004516386,6642.4791857914715
1896,30,0.1189611,0.1134145,0.1517035,0.1438924,0.1369735,0.18749634999999998,0.004341243,6910.4632014379295
1897,30,0.2300590333333333,0.22418749999999998,0.4304077499999999,0.28301339999999997,0.28639349999999997,0.5079167499999999,0.008538412,3513.5338983408155
1898,30,0.2724376,0.24614399999999997,0.4007086499999999,0.33522130000000006,0.311607,0.49119765,0.010116443,2965.469187144138
1899,30,0.11859050000000002,0.1085705,0.14284839999999993,0.14492013333333334,0.1307105,0.1912071999999998,0.004372892,6860.448417203078
1900,30,0.11225353333333335,0.10681550000000001,0.14225369999999996,0.1358229333333333,0.12901,0.17054604999999998,0.004098179,7320.324466061633
1901,30,0.1501971,0.14723799999999998,0.17144759999999998,0.1833964,0.179535,0.21283159999999995,0.005534795,5420.254950725365
1902,30,0.1629574,0.148749,0.22416104999999997,0.198837,0.1828365,0.27415144999999996,0.005998456,5001.286997854115
1903,30,0.1489338,0.1351485,0.24298104999999992,0.18030616666666666,0.1634015,0.2984649999999999,0.005437394,5517.348935905693
1904,30,0.11157496666666668,0.10882649999999999,0.12459965,0.134927,0.1312645,0.1488696,0.004074908,7362.129402676084
1905,30,0.11626443333333332,0.113051,0.1311301,0.14057316666666664,0.136766,0.15805429999999998,0.004240731,7074.252057015641
1906,30,0.11800079999999999,0.112912,0.15225734999999999,0.1424596,0.13661450000000003,0.18428159999999996,0.00429737,6981.013969008952
1907,30,0.10807573333333334,0.1066115,0.12179029999999998,0.13037276666666667,0.127274,0.14919049999999995,0.003937192,7619.6436445060335
1908,30,0.13407633333333333,0.11508099999999999,0.2665623499999999,0.1594059,0.1449075,0.29413439999999996,0.004804912,6243.610705045171
1909,30,0.11499726666666667,0.1069065,0.1308963,0.1379173333333333,0.12788149999999998,0.15678935,0.004159472,7212.453888378141
1910,30,0.11857400000000001,0.115648,0.14848725000000002,0.1435955,0.139033,0.18245759999999997,0.004330988,6926.825934405729
1911,30,0.1130516,0.10876549999999999,0.13472379999999998,0.13680340000000005,0.1305425,0.16219019999999998,0.004126429,7270.20869618743
1912,30,0.11443516666666669,0.1132445,0.13850234999999997,0.13784976666666668,0.1361725,0.16357544999999998,0.004157856,7215.257094040775
1913,30,0.1115888333333333,0.1083895,0.13670984999999994,0.13399176666666668,0.1302515,0.16471919999999993,0.004041641,7422.727550517227
1914,30,0.12457300000000002,0.1231785,0.14665209999999995,0.15123403333333332,0.14860800000000002,0.17483014999999996,0.004561468,6576.830090663795
1915,30,0.11712410000000002,0.1100525,0.14874109999999996,0.14154910000000004,0.1336395,0.17880544999999995,0.004269954,7025.836812293528
1916,30,0.1227783,0.1176845,0.15837669999999998,0.1475729,0.140808,0.19526664999999993,0.004454968,6734.055104323981
1917,30,0.11475976666666667,0.1064315,0.15610424999999992,0.1385298,0.12890600000000002,0.18489059999999993,0.00417915,7178.493234270126
1918,30,0.1249796,0.1170055,0.18027149999999995,0.15218223333333333,0.1415495,0.22403789999999993,0.00459063,6535.050744669033
1919,30,0.11016396666666667,0.1057275,0.1320018,0.13369626666666667,0.1279225,0.1629407,0.004033593,7437.537699019212
1920,30,0.11165703333333332,0.107309,0.13318769999999996,0.13554200000000002,0.129616,0.16770384999999996,0.004093544,7328.613055093581
1921,30,0.11597486666666669,0.10727500000000001,0.15535784999999996,0.14156246666666666,0.12948549999999998,0.19431369999999998,0.004271496,7023.3005017445885
1922,30,0.1472756,0.140648,0.19851219999999997,0.17787119999999998,0.169373,0.2352787,0.005367327,5589.374375736749
1923,30,0.1420978333333334,0.13542549999999998,0.19867315,0.1710753,0.1644275,0.23273495,0.005160373,5813.533246530822
1924,30,0.10835176666666667,0.104626,0.12597474999999997,0.13112473333333333,0.126035,0.15782889999999994,0.003960086,7575.5930553023345
1925,30,0.11308123333333334,0.105133,0.1396895,0.13813023333333332,0.128794,0.17706469999999996,0.00416688,7199.6313788734005
1926,30,0.10712433333333334,0.1028805,0.12346059999999998,0.12971226666666666,0.124091,0.15180734999999995,0.003913545,7665.684181477407
1927,30,0.11639979999999998,0.1114675,0.15090095,0.14092776666666665,0.135752,0.1787254,0.004251779,7055.870025229439
1928,30,0.10749923333333333,0.104046,0.12308754999999998,0.1305838,0.1261265,0.15247289999999997,0.003940638,7612.980436162876
1929,30,0.11636593333333332,0.1058785,0.1549378,0.14042406666666668,0.1274405,0.18750854999999994,0.004237921,7078.942717431494
1930,30,0.11242356666666665,0.10879050000000001,0.12555639999999998,0.13614706666666668,0.131851,0.15270914999999996,0.004111471,7296.658543864227
1931,30,0.12276686666666664,0.1173815,0.16574949999999997,0.14954833333333334,0.141521,0.19927394999999998,0.004515113,6644.351979673598
1932,30,0.11910516666666665,0.1049355,0.19439734999999986,0.14528033333333334,0.12862099999999999,0.23344214999999985,0.00438905,6835.192125858671
1933,30,0.11073326666666666,0.1048875,0.1376255,0.13425486666666667,0.1276405,0.16869694999999998,0.004055475,7397.407208773325
1934,30,0.1175409,0.10363,0.14311749999999993,0.1409271666666667,0.1251765,0.18323534999999988,0.004252656,7054.414935042948
1935,30,0.18424846666666667,0.11813699999999999,0.43835119999999994,0.21900383333333334,0.144779,0.5041786999999999,0.006605719,4541.519250213338
1936,30,0.14204523333333335,0.12238550000000001,0.23538689999999982,0.1679908,0.1493785,0.26739354999999987,0.005063838,5924.360139483135
1937,30,0.11984776666666665,0.11376649999999999,0.15402754999999996,0.14513013333333333,0.1351925,0.18271969999999993,0.004378316,6851.949470983821
1938,30,0.11659083333333332,0.116964,0.13002599999999997,0.1405774,0.139884,0.15935789999999997,0.004240634,7074.41387301993
1939,30,0.1703069,0.1476285,0.3089818499999999,0.20225253333333335,0.18178699999999998,0.33462999999999987,0.006098033,4919.619162441397
1940,30,0.13344213333333332,0.1195195,0.20149139999999996,0.1582243,0.145292,0.22940254999999996,0.004770847,6288.191593652029
1941,30,0.12095423333333334,0.11828949999999999,0.1447473,0.14706163333333333,0.1428735,0.17729549999999997,0.004436099,6762.6984880184145
1942,30,0.1183929,0.115099,0.1366192,0.1435111,0.13866699999999998,0.16610669999999997,0.004333285,6923.154142873132
1943,30,0.11895286666666664,0.1041695,0.18017424999999992,0.14363179999999998,0.1251495,0.2426164499999999,0.004331885,6925.391602039297
1944,30,0.1198377,0.115921,0.1403068,0.14472780000000002,0.13987850000000002,0.16983164999999997,0.004365143,6872.6270823200975
1945,30,0.11587806666666664,0.1109425,0.13975035,0.14008196666666667,0.132214,0.17499399999999998,0.004225935,7099.020690095801
1946,30,0.1694393,0.1486615,0.3443248999999998,0.20440989999999998,0.1785295,0.39515544999999996,0.006164655,4866.452380546843
1947,30,0.17874660000000003,0.169149,0.24740445,0.21396693333333333,0.201807,0.30999845,0.006453044,4648.968765748382
1948,30,0.1348696666666667,0.129299,0.19567289999999973,0.16166920000000004,0.156032,0.22960774999999975,0.004875996,6152.589132558764
1949,30,0.10988823333333333,0.10519600000000001,0.12923115,0.13332513333333332,0.12729249999999998,0.15654744999999998,0.004022104,7458.782766432692
1950,30,0.1151533,0.1142145,0.12995624999999997,0.13920786666666668,0.13751799999999997,0.15953005,0.00419918,7144.251973004253
1951,30,0.18801263333333337,0.14175700000000002,0.4131623,0.22554946666666664,0.171149,0.4695354499999999,0.006798137,4412.973730891272
1952,30,0.11542446666666668,0.1134605,0.13425365,0.13952456666666666,0.1382815,0.16123384999999998,0.004210589,7124.893928141645
1953,30,0.11629516666666666,0.114843,0.14133985,0.14087843333333333,0.13881100000000002,0.17064265,0.004251504,7056.326420015129
1954,30,0.14789083333333333,0.129849,0.22363,0.18110523333333334,0.158497,0.2821225,0.005463709,5490.775588524206
1955,30,0.11848436666666667,0.114544,0.1388415,0.14301926666666667,0.137404,0.1686325,0.004313985,6954.127100581017
1956,30,0.1218588,0.1181625,0.14324099999999998,0.1472046,0.141438,0.18529909999999988,0.004439127,6758.08554249518
1957,30,0.1241893,0.1068895,0.24039015,0.1505861,0.128669,0.28937385,0.004544795,6600.957798976631
1958,30,0.14491219999999996,0.1063365,0.3259265499999995,0.17543096666666666,0.1275755,0.3867619499999996,0.005292715,5668.1684163987675
1959,30,0.12090633333333334,0.11028450000000001,0.18035509999999982,0.14520499999999997,0.13369599999999998,0.20998379999999983,0.004383793,6843.388818769498
1960,30,0.10585633333333333,0.10208300000000001,0.12063454999999998,0.12783019999999998,0.12303549999999999,0.14768134999999996,0.003856038,7780.00631736513
1961,30,0.12485899999999998,0.1192985,0.15916144999999998,0.15092766666666663,0.145559,0.19916174999999994,0.004552077,6590.398185267956
1962,30,0.10652363333333331,0.102311,0.12102669999999997,0.1292521,0.1234785,0.14825869999999994,0.003898992,7694.296371985375
1963,30,0.11393136666666664,0.105051,0.1617096,0.13778496666666668,0.12748749999999998,0.20619249999999997,0.004157925,7215.137358177457
1964,30,0.1064536,0.1037035,0.12242139999999999,0.12852553333333333,0.12382850000000001,0.14977664999999996,0.00387754,7736.86409424532
1965,30,0.12941336666666667,0.1191285,0.20679369999999994,0.15857569999999999,0.1458575,0.2512945499999999,0.004783257,6271.877091279018
1966,30,0.11117553333333333,0.1064695,0.13330594999999998,0.13530883333333332,0.130907,0.16275374999999997,0.004081657,7349.95615751152
1967,30,0.112399,0.10538700000000001,0.14418419999999993,0.13544763333333334,0.12759700000000002,0.17119859999999995,0.004085867,7342.3829018418855
1968,30,0.11933696666666664,0.111746,0.16306304999999996,0.1464548,0.1388595,0.20174804999999996,0.004418963,6788.92310254691
1969,30,0.16211736666666668,0.1269005,0.2903242499999999,0.1885743,0.1533295,0.3179081499999999,0.005686229,5275.904294392646
1970,30,0.14188753333333332,0.13464749999999998,0.1776074,0.17206876666666665,0.1616675,0.21878730000000002,0.00519191,5778.220346654699
1971,30,0.10589186666666667,0.102561,0.12422484999999997,0.12824916666666666,0.1231035,0.15077434999999997,0.003870667,7750.602157199263
1972,30,0.12849713333333335,0.11770749999999999,0.19038194999999994,0.1578964333333333,0.142303,0.24525319999999998,0.00476316,6298.339757639887
1973,30,0.14674039999999997,0.11418249999999999,0.3022334499999999,0.17450413333333328,0.1400115,0.3355902999999999,0.005262747,5700.445033743785
1974,30,0.12123756666666669,0.10684350000000001,0.19027719999999995,0.14712019999999998,0.12890449999999998,0.2348164499999999,0.00443945,6757.593846084537
1975,30,0.12207909999999998,0.1179925,0.14766654999999998,0.14730543333333335,0.1446275,0.1747775,0.004446492,6746.89170699059
1976,30,0.13290376666666667,0.1296985,0.14857709999999996,0.16146496666666665,0.157688,0.1775463,0.004877221,6151.043801377875
1977,30,0.11618833333333335,0.1111785,0.13894199999999998,0.14065940000000002,0.13453700000000002,0.16606614999999997,0.004244787,7067.492432482478
1978,30,0.11600176666666666,0.113007,0.13832089999999994,0.14011400000000002,0.1357975,0.16702264999999994,0.004227179,7096.931547019892
1979,30,0.12431696666666664,0.116467,0.19245674999999993,0.14815323333333333,0.139913,0.21764104999999992,0.004468326,6713.923737883047
1980,30,0.11199889999999997,0.108649,0.13571509999999995,0.13592983333333336,0.131377,0.16816129999999993,0.004101481,7314.43105551385
1981,30,0.10840136666666665,0.1030465,0.12597979999999998,0.13163956666666668,0.1242985,0.1560103,0.003972521,7551.87952436249
1982,30,0.10841903333333333,0.106161,0.12946765,0.13078003333333335,0.1277095,0.15827365,0.003945227,7604.125187219899
1983,30,0.11597260000000001,0.104413,0.16446004999999997,0.1402698666666667,0.12714750000000002,0.19936584999999996,0.004231531,7089.6325703391985
1984,30,0.11257303333333331,0.1094735,0.13897424999999994,0.1361474666666667,0.131388,0.17068824999999993,0.00411039,7298.577507243838
1985,30,0.10827060000000001,0.10513,0.12460349999999999,0.13081856666666666,0.12628699999999998,0.15151929999999997,0.003946747,7601.196631048305
1986,30,0.11428833333333335,0.1068015,0.15430544999999998,0.13813599999999998,0.12882549999999998,0.19124709999999992,0.004166812,7199.748872759318
1987,30,0.11725089999999999,0.111553,0.14909029999999995,0.1426251,0.1341215,0.18219124999999994,0.004301929,6973.615789567889
1988,30,0.11239613333333334,0.1119565,0.1321721,0.13560889999999998,0.1342595,0.1568724,0.00409102,7333.134523908463
1989,30,0.10649600000000001,0.10344600000000001,0.12487314999999999,0.12890103333333333,0.125373,0.15289039999999998,0.003888966,7714.13275405339
1990,30,0.11048163333333333,0.1048145,0.14991064999999992,0.1339227,0.1258795,0.17828994999999995,0.00404071,7424.437784448772
1991,30,0.11463676666666668,0.1036745,0.15454854999999998,0.1392448666666667,0.1242765,0.19351234999999997,0.004200604,7141.830079674256
1992,30,0.1164607,0.10722000000000001,0.1727543999999999,0.14199176666666669,0.129479,0.21504544999999986,0.004283883,7002.992378643395
1993,30,0.10569906666666665,0.1036745,0.11706469999999998,0.12787060000000003,0.1245075,0.14338749999999997,0.003862308,7767.376397739383
1994,30,0.11856693333333333,0.114436,0.15220604999999998,0.14393646666666668,0.13769399999999998,0.18276825,0.004348245,6899.335249048755
1995,30,0.10712626666666665,0.10293050000000001,0.13295475,0.12993063333333332,0.1245295,0.16438434999999998,0.00391977,7653.510282491064
1996,30,0.2024089,0.15391549999999998,0.32519155,0.25125916666666664,0.1958155,0.3920222,0.007578355,3958.6427397502493
1997,30,0.16427993333333335,0.175854,0.2206059499999999,0.19765136666666666,0.212242,0.26956505,0.005963424,5030.666945700993
1998,30,0.11177206666666664,0.1087255,0.12712664999999998,0.13548733333333335,0.1323495,0.1529168,0.004087057,7340.245071208941
1999,30,0.13407646666666664,0.11228199999999999,0.22435619999999998,0.16005736666666665,0.137045,0.25459755,0.004826064,6216.2457853853575
2000,30,0.11841996666666668,0.10696649999999999,0.19574989999999992,0.14397200000000002,0.12952000000000002,0.23889439999999992,0.004343046,6907.594347377394
2001,30,0.14495976666666668,0.13892949999999998,0.23153884999999996,0.17248713333333326,0.167196,0.2603268999999999,0.005201652,5767.3985110884005
2002,30,0.10877026666666664,0.1040545,0.13338375,0.13116636666666667,0.1259675,0.16018564999999998,0.003956433,7582.587649026283
2003,30,0.10681253333333335,0.1030845,0.12215684999999997,0.1296447,0.123999,0.15032114999999996,0.003910604,7671.449218586183
2004,30,0.11615406666666667,0.108434,0.16209324999999994,0.14077716666666668,0.13309500000000002,0.19249399999999997,0.004250819,7057.463514677995
2005,30,0.11928896666666663,0.111958,0.1701094499999999,0.14399066666666668,0.1347275,0.19639634999999991,0.004343711,6906.536829913408
2006,30,0.11229556666666668,0.108587,0.13711025,0.1360895,0.1325405,0.1617705,0.004105375,7307.493225344823
2007,30,0.10647839999999999,0.102403,0.11998079999999997,0.12931786666666667,0.1246985,0.14757534999999997,0.003900862,7690.607870773178
2008,30,0.1238706,0.1176175,0.16666104999999995,0.14967359999999996,0.14197749999999998,0.20281685,0.004519058,6638.551662758035
2009,30,0.14943290000000004,0.1086135,0.2843295,0.1819189,0.1306795,0.3302331,0.005485865,5468.599755918164
2010,30,0.11191136666666668,0.109483,0.13395964999999996,0.13599913333333333,0.1330245,0.16423329999999994,0.004107898,7303.005089220814
2011,30,0.10862573333333334,0.1036435,0.14236405,0.13077266666666665,0.124881,0.16548015,0.003944768,7605.00997777309
2012,30,0.38075076666666663,0.3839575,0.43568989999999996,0.47681780000000007,0.48544,0.5511306499999999,0.01438588,2085.3781624759836
2013,30,0.21169223333333337,0.22956300000000002,0.3221282,0.2625871,0.289859,0.40743194999999993,0.007925069,3785.456000446179
2014,30,0.1470565,0.144313,0.17852139999999997,0.18242620000000004,0.174708,0.22716539999999996,0.005504661,5449.926889230781
2015,30,0.20841516666666665,0.2055035,0.24370029999999998,0.2524623333333334,0.25366299999999997,0.30532249999999994,0.007617361,3938.371832449585
2016,30,0.1472857,0.133302,0.22268824999999995,0.1811882333333333,0.1613005,0.2782483499999999,0.00546846,5486.0052007329305
2017,30,0.11853810000000001,0.113365,0.15486564999999997,0.1452782333333333,0.1365325,0.19352029999999998,0.004383567,6843.741637803187
2018,30,0.11707863333333332,0.114865,0.14555599999999996,0.14176403333333332,0.139799,0.17385089999999995,0.004283023,7004.398528796132
2019,30,0.12137440000000001,0.112693,0.17359419999999995,0.1474750666666667,0.13661800000000002,0.21375129999999992,0.004450477,6740.850475128845
2020,30,0.10842593333333334,0.1076355,0.1184301,0.13172176666666666,0.1302755,0.14384,0.003975256,7546.683785899575
2021,30,0.1067091333333333,0.1026225,0.12718025,0.12948046666666665,0.124104,0.15492499999999998,0.003907233,7678.067829586819
2022,30,0.12147290000000001,0.118666,0.14988289999999999,0.1480587,0.1429685,0.18462439999999994,0.00447021,6711.0941096727
2023,30,0.11063233333333332,0.1038165,0.14179479999999994,0.1336803,0.12556050000000002,0.17404924999999993,0.004033848,7437.067534522868
2024,30,0.11471676666666665,0.11128450000000001,0.13459339999999997,0.1386357666666667,0.1344905,0.16236314999999998,0.004181896,7173.779548797961
2025,30,0.10720913333333336,0.102204,0.12481299999999997,0.12995076666666666,0.12388099999999999,0.15283914999999995,0.00392069,7651.714366603837
2026,30,0.11975243333333332,0.1147765,0.14811329999999995,0.14727086666666667,0.141785,0.18072314999999992,0.004442079,6753.594431796463
2027,30,0.11538653333333332,0.10533899999999999,0.15392334999999993,0.13983270000000003,0.1265375,0.18389919999999996,0.004223586,7102.968898940379
2028,30,0.11041229999999999,0.109093,0.12612084999999998,0.13320233333333334,0.130853,0.15224549999999998,0.004018293,7465.8567705242
2029,30,0.10615983333333336,0.1030545,0.12700029999999998,0.1288883,0.1246425,0.15470514999999999,0.003888409,7715.237774627104
2030,30,0.12483853333333335,0.1183195,0.15564385,0.15037256666666668,0.141052,0.19231909999999997,0.004537188,6612.024892951316
2031,30,0.10600040000000001,0.1028635,0.12370519999999996,0.12830926666666667,0.124569,0.15154744999999994,0.003871033,7749.8693501192065
2032,30,0.11213383333333334,0.1074175,0.13797964999999993,0.13593436666666667,0.129513,0.16599944999999997,0.004100877,7315.508365649591
2033,30,0.10679169999999999,0.1021015,0.12453019999999998,0.1294528,0.12318899999999999,0.15217794999999995,0.003905947,7680.595768452567
2034,30,0.12975993333333335,0.1255425,0.1587571,0.15681503333333333,0.15255449999999998,0.19979594999999994,0.004729657,6342.954679377384
2035,30,0.11008970000000001,0.104908,0.13778984999999994,0.1336338333333333,0.125683,0.17041039999999993,0.004030839,7442.619266113085
2036,30,0.11185716666666666,0.10598450000000001,0.14174079999999994,0.135544,0.12869150000000001,0.17012064999999998,0.00408885,7337.026303239298
2037,30,0.10762966666666667,0.101884,0.12673459999999998,0.13070866666666667,0.1229655,0.15593889999999996,0.003942841,7608.726803845248
2038,30,0.1548513,0.13558900000000002,0.2873952499999997,0.1801946,0.16055999999999998,0.3093215499999997,0.005429243,5525.632210604683
2039,30,0.12475286666666667,0.122824,0.14170684999999997,0.15182776666666664,0.149297,0.16715094999999996,0.004588274,6538.406381135913
2040,30,0.10909886666666664,0.1032295,0.1254805,0.13245393333333333,0.12495049999999999,0.15624989999999997,0.003995463,7508.516534879686
2041,30,0.1237178,0.1199035,0.14863464999999998,0.15047853333333333,0.1444155,0.19224,0.004539576,6608.546701277828
2042,30,0.11667676666666664,0.113453,0.15275114999999995,0.1413909,0.13664199999999999,0.1845566,0.004269201,7027.0760266382395
2043,30,0.11968056666666668,0.1126475,0.15301109999999998,0.14448223333333335,0.1374015,0.18726999999999994,0.004357881,6884.079670830846
2044,30,0.10903189999999999,0.10673099999999999,0.12454245,0.1317918666666667,0.12863249999999998,0.15141054999999998,0.003985302,7527.66038809606
2045,30,0.12366733333333334,0.1158305,0.1602674,0.15019883333333336,0.1398935,0.20729014999999998,0.004530148,6622.300198580708
2046,30,0.10652953333333331,0.10240450000000001,0.12469169999999997,0.1294842,0.1235445,0.15342939999999997,0.003906243,7680.013762584662
2047,30,0.12174376666666667,0.11343249999999999,0.1696483999999998,0.1470133666666667,0.1387545,0.20660899999999977,0.004433531,6766.615593755857
2048,30,0.11374213333333333,0.1062415,0.16121114999999994,0.13739983333333333,0.1280655,0.19238439999999993,0.004145874,7236.1099251930955
2049,30,0.12376000000000001,0.121666,0.1732198499999999,0.15078190000000002,0.146397,0.21845934999999989,0.004548724,6595.2561641462535
2050,30,0.11550233333333333,0.1103085,0.16439239999999988,0.13923109999999997,0.13182850000000002,0.20536344999999984,0.004199025,7144.515691142587
2051,30,0.11050220000000001,0.104586,0.13465384999999996,0.13417890000000002,0.1265815,0.16460629999999996,0.00404772,7411.579852361328
2052,30,0.11709689999999999,0.10800850000000001,0.15984404999999993,0.1412723,0.1298375,0.19954194999999988,0.004263874,7035.855187090426
2053,30,0.1132478,0.106427,0.13361605,0.1381917,0.1307405,0.16928474999999996,0.004171582,7191.516312037016
2054,30,0.11628243333333334,0.110452,0.14745779999999994,0.13947269999999998,0.1329335,0.1798359499999999,0.004206561,7131.716383050192
2055,30,0.10960020000000001,0.102865,0.14355725,0.1331378,0.1236725,0.17719845,0.004016545,7469.105910676963
2056,30,0.11812969999999999,0.1072265,0.15144494999999997,0.14257740000000002,0.1301905,0.18758119999999992,0.004303202,6971.5528111392405
2057,30,0.11667566666666668,0.11260899999999999,0.14674499999999996,0.14142513333333334,0.1361955,0.18012834999999996,0.00426697,7030.750157605982
2058,30,0.11727723333333334,0.11289450000000001,0.14446249999999997,0.14132103333333335,0.1372525,0.17769669999999993,0.004264122,7035.445983956369
2059,30,0.106728,0.102896,0.12278604999999997,0.12942143333333336,0.125001,0.15068274999999998,0.003905997,7680.497450458871
2060,30,0.1229739,0.11600099999999999,0.15865729999999997,0.14967629999999998,0.14177,0.18993179999999998,0.004517502,6640.838233165144
2061,30,0.11703833333333333,0.11501149999999999,0.13916629999999997,0.1426038,0.1397685,0.17135964999999995,0.004311648,6957.896377440829
2062,30,0.1251714,0.11284949999999999,0.19346559999999996,0.1537353333333333,0.1353095,0.25539914999999996,0.004640697,6464.546166233219
2063,30,0.11017443333333331,0.10818449999999999,0.12295449999999998,0.1333086,0.129903,0.15094494999999997,0.004022921,7457.267990099732
2064,30,0.1341425333333333,0.123607,0.20236344999999992,0.16316996666666667,0.14984350000000002,0.24598404999999993,0.004922543,6094.41095791342
2065,30,0.11429576666666665,0.109751,0.14393984999999995,0.13809673333333333,0.1322135,0.17283544999999995,0.004166785,7199.795525807067
2066,30,0.10916573333333333,0.10462650000000001,0.13413774999999994,0.13303420000000002,0.1259015,0.16719714999999993,0.004017468,7467.389908270583
2067,30,0.11075163333333334,0.104969,0.13790414999999995,0.13391486666666666,0.126276,0.16537359999999995,0.004039872,7425.977852763652
2068,30,0.11612296666666667,0.105393,0.16969759999999992,0.14090719999999998,0.1262415,0.21198774999999986,0.004250739,7057.596337954412
2069,30,0.11233220000000001,0.10874149999999999,0.13793719999999995,0.1367271,0.13129449999999998,0.17962684999999998,0.004123663,7275.085282187221
2070,30,0.10912363333333334,0.102201,0.14351894999999995,0.13148956666666667,0.12281500000000001,0.17490589999999992,0.003966028,7564.243116790905
2071,30,0.12188459999999998,0.113287,0.19059754999999998,0.1482532,0.13686500000000001,0.22938504999999995,0.004472681,6707.386464628262
2072,30,0.11426816666666666,0.113841,0.131933,0.13791206666666664,0.1362375,0.16193159999999998,0.004160796,7210.158825378606
2073,30,0.11227476666666665,0.110472,0.12446224999999997,0.1361728,0.13491550000000002,0.15569619999999998,0.004107827,7303.13131492636
2074,30,0.10958286666666665,0.1054605,0.12977334999999995,0.13264926666666668,0.12644450000000002,0.15894209999999998,0.004001571,7497.055531440027
2075,30,0.15407723333333337,0.14077299999999998,0.31298104999999987,0.1800999,0.16446,0.34112129999999985,0.005427453,5527.454590578675
2076,30,0.1284817,0.1247345,0.1451746,0.1505386,0.1458215,0.17309199999999997,0.004538276,6610.439735265109
2077,30,0.13078283333333335,0.126141,0.15590809999999994,0.1541709666666667,0.1467505,0.18788449999999993,0.00464817,6454.152924699398
2078,30,0.13097846666666665,0.126425,0.15390994999999996,0.15502376666666665,0.14855649999999998,0.18252015,0.004677576,6413.578314922088
2079,30,0.1373808333333333,0.132015,0.16656485,0.16423743333333332,0.15768900000000002,0.20113099999999995,0.004954003,6055.7088883474635
2080,30,0.12350136666666665,0.11595050000000001,0.17732144999999985,0.14853013333333331,0.141613,0.20213399999999987,0.004479434,6697.274700330444
2081,30,0.10651903333333333,0.1028965,0.13084694999999996,0.1292054,0.1239805,0.16252469999999997,0.003897898,7696.455884684515
2082,30,0.12998023333333333,0.1247135,0.15386164999999996,0.15716920000000004,0.1519835,0.19728034999999988,0.004741001,6327.777614896095
2083,30,0.12518733333333334,0.123195,0.14734314999999998,0.15252856666666664,0.1507455,0.17609714999999998,0.004600915,6520.442129445991
2084,30,0.12099296666666669,0.1132465,0.1614448999999999,0.14720353333333333,0.13483450000000002,0.19722689999999987,0.004440147,6756.533060729746
2085,30,0.10884509999999999,0.10425999999999999,0.13394334999999996,0.13107839999999998,0.12620599999999998,0.16439844999999995,0.00395444,7586.4092007970785
2086,30,0.16016750000000005,0.1345775,0.3448895499999999,0.19037026666666668,0.162507,0.40048195,0.005741159,5225.425737207417
2087,30,0.11503229999999998,0.11360500000000001,0.12755024999999998,0.13896983333333332,0.1367195,0.15536974999999997,0.004192652,7155.3756429105015
2088,30,0.10745523333333334,0.10441500000000001,0.12350964999999996,0.1295612333333333,0.12497249999999999,0.15044124999999994,0.003908545,7675.490495823893
2089,30,0.23617543333333338,0.2585485,0.4437113999999999,0.2864488,0.32916,0.5287536999999999,0.008638454,3472.843636141374
2090,30,0.1762892,0.168687,0.20743544999999994,0.21641093333333333,0.2043895,0.25600619999999996,0.006529724,4594.374892415055
2091,30,0.19665473333333336,0.21249200000000001,0.2971109999999999,0.23708626666666668,0.25796549999999996,0.33394925,0.00715233,4194.437337203401
2092,30,0.25960106666666666,0.2601425,0.28570344999999997,0.3145614666666667,0.3153035,0.3461679999999999,0.009489043,3161.541158576265
2093,30,0.18164766666666665,0.153872,0.3285488999999999,0.22286113333333332,0.186997,0.3989125499999998,0.006722027,4462.939527020644
2094,30,0.1091248,0.104519,0.12559839999999997,0.13185913333333332,0.12591049999999998,0.15482039999999994,0.003978274,7540.958717272867
2095,30,0.10739306666666668,0.104898,0.11676589999999999,0.12993413333333334,0.125341,0.14917939999999996,0.003923581,7646.076377676414
2096,30,0.11185869999999999,0.11052000000000001,0.12413639999999998,0.13605133333333333,0.134352,0.15571195,0.00410418,7309.62092305893
2097,30,0.11802006666666669,0.10913400000000001,0.15910804999999992,0.14267273333333336,0.132255,0.19441194999999992,0.004305631,6967.6198448032355
2098,30,0.11227449999999999,0.108797,0.12796349999999998,0.13643533333333333,0.13033499999999998,0.15627629999999998,0.004115999,7288.631508413874
2099,30,0.10782103333333336,0.105116,0.1300226,0.13079723333333332,0.126604,0.1608321,0.00394746,7599.823684090529
2100,30,0.11444163333333333,0.11232,0.13154354999999998,0.13835769999999997,0.13662400000000002,0.1584206,0.004175922,7184.042230673848
2101,30,0.11486103333333332,0.11043700000000001,0.13643384999999997,0.14029206666666666,0.134231,0.16806109999999996,0.004233289,7086.688388153985
2102,30,0.12204603333333333,0.118237,0.15303004999999997,0.1473613,0.1433595,0.18752569999999993,0.004447127,6745.928326310446
2103,30,0.10635416666666668,0.1020315,0.13456354999999998,0.1288712,0.1228255,0.16140654999999998,0.003889451,7713.170830536238
2104,30,0.11457713333333333,0.1154005,0.1272901,0.13876773333333334,0.138411,0.15393779999999999,0.004188319,7162.778193351556
2105,30,0.11027903333333332,0.10611799999999999,0.12928705,0.1332418333333333,0.128076,0.1575295,0.00402131,7460.255488882975
2106,30,0.11041536666666667,0.109121,0.12679634999999995,0.13408869999999998,0.13075900000000001,0.16245045,0.004049152,7408.958715306316
2107,30,0.10579146666666668,0.1024135,0.11854624999999996,0.1279781,0.12364449999999999,0.14580204999999996,0.003861814,7768.3699939976395
2108,30,0.11420570000000001,0.1133465,0.12568355,0.1389287666666667,0.1366045,0.15722465,0.004191739,7156.934150718831
2109,30,0.10873686666666667,0.1042855,0.13292125,0.13190956666666664,0.12562099999999998,0.16740719999999998,0.003979524,7538.590042427185
2110,30,0.11113066666666667,0.106504,0.13076985,0.13524799999999998,0.12949100000000002,0.15753859999999997,0.00407964,7353.590022649058
2111,30,0.11220456666666667,0.107424,0.14523839999999993,0.13618449999999999,0.12900050000000002,0.1786437499999999,0.004108768,7301.458734102292
2112,30,0.11965299999999998,0.118204,0.14119189999999998,0.1465717,0.14282899999999998,0.16985334999999996,0.004425333,6779.150857121938
2113,30,0.111882,0.1074475,0.14573694999999998,0.13521280000000002,0.130218,0.1776882,0.0040785,7355.645457888931
2114,30,0.11312156666666666,0.1076715,0.14037569999999996,0.13696413333333332,0.1303325,0.1665215,0.004131443,7261.385428771497
2115,30,0.11152376666666666,0.102948,0.14607719999999996,0.13500603333333333,0.12470900000000001,0.17891889999999994,0.004072334,7366.782783533963
2116,30,0.1209384,0.1179705,0.13976565,0.14603563333333333,0.141461,0.16324365000000002,0.00440586,6809.113317263826
2117,30,0.10817760000000001,0.1025105,0.12905394999999997,0.1308124,0.1231505,0.15858669999999997,0.003946336,7601.988274693285
2118,30,0.11277886666666666,0.1096675,0.13254359999999996,0.1366357,0.1321795,0.1635465499999999,0.004122683,7276.814637458179
2119,30,0.11116733333333333,0.108941,0.12826209999999996,0.1343381,0.1298185,0.15640659999999992,0.00405293,7402.052342379464
2120,30,0.11982150000000001,0.1152545,0.1433748,0.1452219333333333,0.1381955,0.17764959999999996,0.004380861,6847.968926656199
2121,30,0.11803340000000001,0.113012,0.15077949999999996,0.14305063333333334,0.1379525,0.18596284999999996,0.004316896,6949.437744156913
2122,30,0.11384509999999999,0.110727,0.13848505,0.13752863333333334,0.1332305,0.1735367,0.004148209,7232.036765746374
2123,30,0.11237333333333331,0.104658,0.1278139,0.13597436666666668,0.12820150000000002,0.15618695,0.004102376,7312.835293498208
2124,30,0.11893530000000001,0.1157225,0.14943344999999997,0.14451696666666666,0.13956,0.18589004999999997,0.004359836,6880.992771287728
2125,30,0.12406426666666667,0.1186555,0.15327849999999993,0.15037276666666666,0.145512,0.18048854999999994,0.004535522,6614.4536395149225
2126,30,0.11451736666666665,0.111481,0.14701429999999996,0.13861626666666668,0.13448149999999998,0.18365404999999993,0.004181622,7174.2496093621085
2127,30,0.12024616666666664,0.119309,0.13470079999999998,0.1456904333333333,0.1434645,0.16287615,0.004398126,6821.086981136967
2128,30,0.11160383333333333,0.107126,0.1275118,0.13485913333333333,0.1293815,0.15616075,0.004067829,7374.941277030081
2129,30,0.11518496666666665,0.1119635,0.14602749999999998,0.13998376666666668,0.13478800000000002,0.18186679999999994,0.004227648,7096.144239066261
2130,30,0.10609866666666665,0.1029495,0.12183919999999997,0.12828433333333336,0.12338099999999999,0.14950094999999997,0.003870419,7751.098782844958
2131,30,0.11654216666666668,0.1162475,0.14094684999999998,0.14086603333333333,0.139792,0.16630179999999997,0.004250642,7057.75739288324
2132,30,0.1075339,0.10341900000000001,0.12352954999999997,0.13003843333333334,0.1246275,0.15170499999999995,0.003922812,7647.575259788131
2133,30,0.11318990000000001,0.1104315,0.14238409999999996,0.13704413333333332,0.1333565,0.16722399999999996,0.004134347,7256.284970758381
2134,30,0.10736893333333335,0.104379,0.12145629999999999,0.12999566666666668,0.1263015,0.14846534999999997,0.003921412,7650.305553203795
2135,30,0.12225846666666666,0.1106075,0.1628172,0.14752456666666666,0.136967,0.19074914999999998,0.004453332,6736.528963032623
2136,30,0.11160149999999999,0.110213,0.13512055,0.13516733333333336,0.13322299999999998,0.16299309999999997,0.004076998,7358.355338903772
2137,30,0.11024373333333334,0.1050015,0.1282293,0.13329726666666666,0.1258665,0.1552374,0.004046925,7413.0358234956175
2138,30,0.1051598,0.101952,0.12235379999999997,0.12708963333333337,0.1224465,0.14885009999999996,0.003834284,7824.146568172832
2139,30,0.1150242,0.1129825,0.1340517,0.1392679,0.1360495,0.16330399999999998,0.004201772,7139.844808333246
2140,30,0.107057,0.1018515,0.12199709999999997,0.1295704666666667,0.12298500000000001,0.15036509999999995,0.003909771,7673.083666536991
2141,30,0.11096166666666667,0.105767,0.13251709999999997,0.1346881,0.12835649999999998,0.16130585,0.004063802,7382.249430459457
2142,30,0.1079277,0.10418849999999999,0.12285859999999997,0.130811,0.125088,0.15305474999999996,0.003948076,7598.637918824257
2143,30,0.11358036666666667,0.11215,0.14504825,0.13735156666666667,0.1347775,0.16934685,0.004144281,7238.891378263203
2144,30,0.11114056666666668,0.109424,0.13368824999999998,0.13430523333333333,0.130546,0.15986655,0.004053039,7401.853276023251
2145,30,0.10966840000000001,0.106966,0.1254002,0.1332905,0.129188,0.15663769999999996,0.004023151,7456.841664655391
2146,30,0.10677003333333332,0.103413,0.12208759999999996,0.12928936666666666,0.1247395,0.15073874999999995,0.003907107,7678.315439019203
2147,30,0.11266406666666666,0.107281,0.14311329999999997,0.13739706666666668,0.1288415,0.1756258,0.00414666,7234.738319514983
2148,30,0.11918273333333333,0.11594650000000001,0.14727905,0.14444066666666666,0.140041,0.17708254999999995,0.004358435,6883.204636526643
2149,30,0.11568933333333335,0.112838,0.13647464999999998,0.14080069999999997,0.135679,0.16913524999999993,0.004248928,7060.604463055152
2150,30,0.10399703333333334,0.1008745,0.12127364999999998,0.12563526666666666,0.12230099999999999,0.14586489999999996,0.003791216,7913.028432038692
2151,30,0.11479833333333334,0.110063,0.1420166,0.13860276666666665,0.13081199999999998,0.17330074999999998,0.004180996,7175.323774526452
2152,30,0.11445140000000001,0.10603699999999999,0.16060164999999987,0.1382031,0.12769550000000002,0.19277074999999982,0.004168128,7197.475701322032
2153,30,0.1094525,0.104458,0.13387864999999996,0.13212320000000002,0.1245825,0.16265704999999997,0.003986128,7526.100516591539
2154,30,0.10597146666666667,0.1024495,0.12357279999999998,0.1281911,0.12314149999999999,0.15121754999999998,0.003869117,7753.707111984466
2155,30,0.11579436666666669,0.11131250000000001,0.14168485,0.14021496666666666,0.133383,0.17329104999999997,0.004229342,7093.301984091143
2156,30,0.1104528,0.1078455,0.13401954999999996,0.13362059999999998,0.1304235,0.16099119999999997,0.004030545,7443.162153009084
2157,30,0.10924506666666668,0.105133,0.13204319999999997,0.13230036666666664,0.12716,0.15596575,0.003995128,7509.146139998519
2158,30,0.10972420000000001,0.107232,0.125181,0.1330123666666667,0.1295855,0.15228459999999996,0.00401282,7476.039294062529
2159,30,0.11085123333333334,0.104569,0.1492807,0.13434216666666668,0.1262395,0.18248564999999997,0.004053907,7400.268432403605
2160,30,0.11526023333333332,0.109065,0.1424956,0.13872316666666668,0.129389,0.171239,0.004184477,7169.354736565645
2161,30,0.10931919999999999,0.1049925,0.13651374999999996,0.13277386666666666,0.126526,0.16826669999999994,0.004005192,7490.277619649694
2162,30,0.10945113333333337,0.105439,0.1234305,0.13244026666666667,0.1263135,0.1529546,0.003995985,7507.535688947782
2163,30,0.11179760000000001,0.107208,0.14498809999999995,0.13503010000000001,0.129171,0.17755139999999994,0.004078646,7355.382153783388
2164,30,0.11093479999999999,0.1068765,0.14225089999999996,0.1338949666666667,0.127979,0.17264669999999996,0.00403876,7428.022462339926
2165,30,0.10740306666666667,0.1033245,0.1256781,0.12949929999999998,0.124301,0.15361499999999997,0.003906607,7679.298173581319
2166,30,0.10559589999999999,0.102939,0.12674775,0.12844536666666667,0.1243545,0.1555905,0.003875616,7740.704961482252
2167,30,0.11521783333333334,0.10848450000000001,0.1527770499999999,0.13917923333333335,0.130069,0.18373229999999985,0.004197934,7146.372477509174
2168,30,0.1092799,0.105125,0.12990404999999997,0.1308626,0.124808,0.1545374,0.00395059,7593.802444698133
2169,30,0.10624826666666667,0.10201,0.12605784999999994,0.12878779999999998,0.122949,0.15668344999999992,0.003884687,7722.629905575404
2170,30,0.11141416666666668,0.10719100000000001,0.12909295,0.1350653666666667,0.129193,0.15803384999999998,0.004077017,7358.321046981164
2171,30,0.10967893333333333,0.108346,0.12301364999999997,0.1331875,0.13068,0.15088014999999996,0.004017534,7467.267234079413
2172,30,0.11928716666666665,0.1155235,0.1421504,0.14493480000000003,0.14074150000000002,0.17051205,0.004374577,6857.805909005602
2173,30,0.10889696666666664,0.1027065,0.13204759999999996,0.13169373333333334,0.124296,0.15822015,0.00397256,7551.805384940693
2174,30,0.11248776666666666,0.11004749999999999,0.1269389,0.1364421,0.1346455,0.1568983,0.004115986,7288.654528951264
2175,30,0.11030183333333334,0.1042435,0.13672165,0.13332386666666665,0.1248855,0.16740364999999996,0.004021684,7459.5617159379
2176,30,0.11414276666666665,0.1098735,0.13402414999999998,0.13814763333333333,0.1313345,0.16344014999999998,0.004168458,7196.905906212801
2177,30,0.10500510000000002,0.1012905,0.11872609999999996,0.12700076666666668,0.12184400000000001,0.14547569999999996,0.003831185,7830.4754273155695
2178,30,0.11452749999999996,0.110424,0.1319645,0.13891966666666664,0.13475399999999998,0.1597875,0.004190318,7159.3611749752645
2179,30,0.11388526666666668,0.1076705,0.13786849999999998,0.13742453333333332,0.12934800000000002,0.16811489999999996,0.004144941,7237.738727764762
2180,30,0.10739049999999999,0.10537550000000001,0.11869545,0.12976553333333335,0.126663,0.14467095,0.003920531,7652.024687472182
2181,30,0.10904143333333334,0.10256950000000001,0.14127765,0.1314489,0.124099,0.16993344999999999,0.003965356,7565.525012130059
2182,30,0.11443756666666664,0.109069,0.14076974999999997,0.13767986666666668,0.13244699999999998,0.16959824999999995,0.004153089,7223.538912842946
2183,30,0.11008290000000001,0.1047595,0.12551210000000002,0.1327346666666667,0.126351,0.15162425,0.00400469,7491.216548596771
2184,30,0.11241773333333334,0.110943,0.12486299999999999,0.13615120000000003,0.133189,0.1601012,0.004108151,7302.555334504501
2185,30,0.10791673333333332,0.104556,0.12718354999999995,0.1310548666666667,0.1263425,0.15599744999999995,0.003954548,7586.202013479165
2186,30,0.11381283333333332,0.10922799999999999,0.14046189999999997,0.1372013,0.1317575,0.17155189999999998,0.004140012,7246.355807664325
2187,30,0.10851546666666666,0.103485,0.13224409999999995,0.13091306666666666,0.12498899999999999,0.16291169999999994,0.003950794,7593.410337263852
2188,30,0.1087476,0.1053655,0.12322744999999996,0.13215656666666667,0.127484,0.15305419999999997,0.003989019,7520.646053578586
2189,30,0.10476213333333334,0.102938,0.11531604999999999,0.12680653333333333,0.1250725,0.14120059999999998,0.003827147,7838.737315289954
2190,30,0.13453880000000001,0.117868,0.23776039999999982,0.16024089999999996,0.14254250000000002,0.2647538999999999,0.004832837,6207.5340012501965
2191,30,0.11056993333333333,0.10520099999999999,0.1293259,0.13465706666666666,0.12837549999999998,0.15822250000000002,0.004063155,7383.424949331246
2192,30,0.11331980000000001,0.11193900000000001,0.13350939999999997,0.1369601,0.1355255,0.16253859999999998,0.004131087,7262.011184949626
2193,30,0.10770250000000002,0.105213,0.12179074999999998,0.13060576666666665,0.126919,0.14916684999999996,0.00394004,7614.135897097492
2194,30,0.12086280000000002,0.11419950000000001,0.15800424999999996,0.14620576666666668,0.136799,0.18493834999999995,0.004410214,6802.3909950854995
2195,30,0.12005430000000002,0.1165945,0.13981874999999996,0.14514653333333336,0.1418125,0.16949444999999996,0.004380417,6848.6630382449885
2196,30,0.1136558,0.107207,0.14384144999999993,0.13758386666666664,0.12956299999999998,0.17683809999999994,0.00415101,7227.156764257374
2197,30,0.10821286666666667,0.10322100000000001,0.13350454999999994,0.1309615,0.123833,0.16364174999999992,0.003952021,7591.052780336947
2198,30,0.1153474,0.11384849999999999,0.14617054999999998,0.13921583333333334,0.1366075,0.17386469999999998,0.004204654,7134.9509376990345
2199,30,0.11935113333333333,0.11427,0.14306275,0.1442117,0.138305,0.17143215,0.004350651,6895.519773937281
2200,30,0.12084743333333334,0.11322850000000001,0.1667673499999999,0.1458166,0.137939,0.20759089999999986,0.004399081,6819.606185928379
2201,30,0.14077923333333334,0.1101,0.32879794999999945,0.1688450333333333,0.1354235,0.3824758999999993,0.005096971,5885.848673653431
2202,30,0.2549573,0.2242965,0.40403029999999995,0.31931603333333336,0.2875505,0.47694374999999994,0.009631967,3114.6286111653
2203,30,0.12041423333333333,0.1099995,0.1585776499999999,0.14653683333333334,0.13296750000000002,0.20336419999999986,0.004421188,6785.506519967031
2204,30,0.13525546666666666,0.142041,0.1936287,0.1632512333333333,0.172298,0.22377115,0.004923986,6092.624958722466
2205,30,0.11602786666666666,0.11246149999999999,0.14363869999999995,0.14052816666666665,0.13530399999999998,0.17742554999999993,0.004239328,7076.593271386409
2206,30,0.10924389999999999,0.1044235,0.13647534999999997,0.1321146,0.12577,0.16685969999999997,0.003985837,7526.649985937709
2207,30,0.10854316666666666,0.10531499999999999,0.12391029999999999,0.13161640000000002,0.12680599999999997,0.15054754999999997,0.003971297,7554.207101609372
2208,30,0.14305226666666665,0.114114,0.25275319999999996,0.16943439999999999,0.1380015,0.27386534999999995,0.005107831,5873.334493643192
2209,30,0.11421223333333333,0.1100415,0.14675719999999992,0.1392282333333333,0.135387,0.17707099999999995,0.00419999,7142.874149700357
2210,30,0.11875456666666669,0.119061,0.13933014999999999,0.14398929999999996,0.1435515,0.1694308,0.004343311,6907.172891832982
2211,30,0.11664556666666666,0.112244,0.14549019999999996,0.1416138,0.137265,0.17808014999999994,0.004275636,7016.500001403299
2212,30,0.11518043333333333,0.11222499999999999,0.12886614999999998,0.13973703333333332,0.1366635,0.15615989999999996,0.004217118,7113.863069518093
2213,30,0.11528193333333332,0.11037749999999999,0.14794794999999997,0.13963269999999997,0.13269,0.18032914999999994,0.004211654,7123.092257816051
2214,30,0.11853509999999999,0.11222750000000001,0.16513739999999996,0.14515503333333332,0.135573,0.20448894999999995,0.004379242,6850.500611749704
2215,30,0.12231006666666665,0.1135575,0.15451895,0.1487008,0.13959500000000002,0.18380989999999997,0.004493896,6675.721912567626
2216,30,0.12724393333333334,0.1168815,0.18331155,0.1545442,0.1416715,0.21768215,0.004661004,6436.381517801744
2217,30,0.12157093333333334,0.114736,0.17356504999999994,0.14668846666666668,0.137137,0.20269254999999997,0.004424882,6779.841812730826
2218,30,0.11641720000000001,0.114375,0.13875684999999996,0.1415256666666667,0.13885399999999998,0.16363984999999998,0.004269125,7027.201124352179
2219,30,0.12103776666666667,0.10756850000000001,0.2048041499999999,0.14638626666666668,0.131714,0.2491975499999999,0.00441588,6793.6628712736765
2220,30,0.11587909999999998,0.112655,0.13907784999999998,0.14010403333333332,0.135617,0.16780704999999999,0.004226214,7098.552037355421
2221,30,0.11060216666666664,0.10667599999999999,0.12812439999999994,0.1347684,0.1295775,0.15826839999999995,0.004065688,7378.824936886452
2222,30,0.16435506666666672,0.12175849999999999,0.32266449999999997,0.19395139999999997,0.15142,0.3550847,0.005845721,5131.95891490545
2223,30,0.11623466666666667,0.10872100000000001,0.15464295,0.14103633333333335,0.132145,0.19674024999999998,0.004254409,7051.508211833889
2224,30,0.10860183333333333,0.107242,0.12187925,0.13100900000000001,0.1278715,0.14803175,0.00395313,7588.923207686062
2225,30,0.10705406666666668,0.10213749999999999,0.12783304999999998,0.12950993333333335,0.1230045,0.15701995,0.003906663,7679.188094801112
2226,30,0.1138679,0.11158599999999999,0.13946624999999993,0.13835236666666667,0.134462,0.16858674999999992,0.004173542,7188.138995606131
2227,30,0.12439226666666667,0.1165855,0.15892019999999998,0.1499148,0.14049099999999998,0.19170944999999998,0.004522684,6633.229294816972
2228,30,0.10593913333333334,0.1012335,0.11883339999999996,0.12811306666666666,0.12240799999999999,0.14578689999999997,0.003866096,7759.765924074312
2229,30,0.10980433333333334,0.1071895,0.12320874999999999,0.13242566666666666,0.1294395,0.14988779999999996,0.003996481,7506.603934811651
2230,30,0.11228800000000001,0.1036115,0.14358315,0.1369675,0.125613,0.17359504999999997,0.004133551,7257.682317213456
2231,30,0.10784283333333332,0.1037955,0.12215779999999997,0.13140216666666668,0.1262115,0.15035884999999996,0.003965785,7564.7066091580855
2232,30,0.10848356666666666,0.1064865,0.12453685,0.13158963333333334,0.1290015,0.15270504999999998,0.003975773,7545.702433212358
2233,30,0.1092369,0.104007,0.13210449999999999,0.13319966666666663,0.1263995,0.16831464999999998,0.004019037,7464.474698789785
2234,30,0.12541806666666666,0.1030345,0.15964299999999995,0.15050093333333334,0.12573,0.20319449999999992,0.004539688,6608.383659846228
2235,30,0.111322,0.105015,0.14313720000000002,0.13494293333333335,0.12672250000000002,0.1769536,0.004070539,7370.031339829935
2236,30,0.10593259999999999,0.10133600000000001,0.12204629999999997,0.12825056666666665,0.121879,0.14983664999999996,0.00386902,7753.9015047738185
2237,30,0.12354299999999999,0.1100055,0.17159824999999998,0.15109386666666666,0.132675,0.20973015,0.004558666,6580.87256228028
2238,30,0.14162460000000002,0.13659949999999998,0.17033535,0.17239423333333334,0.16740349999999998,0.20274485,0.005200597,5768.568493194146
2239,30,0.13230409999999998,0.13051000000000001,0.1487228,0.16193083333333333,0.15877950000000002,0.18102639999999998,0.004886988,6138.750494169415
2240,30,0.13340310000000002,0.125779,0.17682199999999998,0.16163236666666667,0.15261550000000002,0.22581234999999997,0.004876572,6151.862414827465
2241,30,0.11415223333333334,0.102958,0.15298815,0.1382373,0.1233715,0.19180444999999996,0.00417112,7192.3128560194855
2242,30,0.13108623333333333,0.128445,0.14902264999999998,0.15977243333333332,0.15773399999999999,0.18175414999999995,0.004822778,6220.4812247215195
2243,30,0.13471019999999997,0.1312685,0.16154444999999995,0.16338456666666668,0.15796549999999998,0.19552014999999992,0.00493082,6084.180724504241
2244,30,0.17367276666666667,0.1426125,0.3337631,0.2050263,0.173527,0.36595269999999996,0.006179514,4854.750713405618
2245,30,0.13524003333333334,0.13290449999999998,0.15373829999999997,0.16496986666666671,0.1632165,0.18890624999999994,0.004977518,6027.100253580198
2246,30,0.13185439999999998,0.12694650000000002,0.1599422,0.16074650000000001,0.15521000000000001,0.19871634999999999,0.004850058,6185.493039464683
2247,30,0.14315719999999998,0.143296,0.1589644,0.17389473333333336,0.17443999999999998,0.19371379999999996,0.005249152,5715.208856592455
2248,30,0.1395786,0.1376155,0.16776069999999998,0.17032753333333336,0.16884749999999998,0.20505104999999998,0.005137999,5838.848937105671
2249,30,0.13136089999999997,0.12956299999999998,0.15512049999999997,0.15982593333333334,0.15701500000000002,0.19170144999999997,0.004827084,6214.932244808668
2250,30,0.11541139999999998,0.11241799999999999,0.13932524999999998,0.1400571,0.13609749999999998,0.16893119999999998,0.004225292,7100.10101077038
2251,30,0.1132062,0.1068475,0.14910184999999992,0.13760199999999997,0.1281735,0.18731609999999987,0.004150742,7227.623398418886
2252,30,0.10984149999999998,0.10720099999999999,0.1282248,0.13350656666666666,0.1305595,0.15777264999999996,0.004027307,7449.146538865798
2253,30,0.11114203333333335,0.105375,0.14539774999999996,0.13462016666666665,0.1286205,0.17162195,0.004061049,7387.253884402774
2254,30,0.11369423333333332,0.10950199999999999,0.13262629999999997,0.1379323,0.132443,0.1599842,0.004160862,7210.044457134122
2255,30,0.11332816666666666,0.10671,0.13979795,0.13772979999999999,0.129498,0.17096279999999997,0.004154841,7220.492914169278
2256,30,0.11675859999999999,0.11092350000000001,0.15027584999999993,0.1426376666666667,0.1345145,0.18142014999999992,0.004301938,6973.601200203258
2257,30,0.11019056666666664,0.107588,0.12540164999999998,0.13386253333333328,0.1296855,0.15484779999999995,0.004038199,7429.054387859538
2258,30,0.1724137333333333,0.13494699999999998,0.33083044999999994,0.20385476666666666,0.16543249999999998,0.3618446999999999,0.006144375,4882.5144949649075
2259,30,0.13844596666666667,0.132811,0.16859615,0.1683265666666667,0.1634275,0.20414749999999998,0.005082261,5902.884562599205
2260,30,0.13241440000000002,0.1302725,0.14666695,0.16125050000000002,0.15820299999999998,0.18095019999999998,0.00486934,6160.999231928763
2261,30,0.14491059999999997,0.138032,0.22645544999999978,0.1769594666666667,0.16429850000000001,0.2838815499999997,0.005339826,5618.160591749619
2262,30,0.13399856666666665,0.117018,0.2188595499999999,0.15976416666666665,0.14174599999999998,0.24297404999999986,0.004817438,6227.376460267885
2263,30,0.13757300000000003,0.11246249999999999,0.23365624999999998,0.1683340333333333,0.1364235,0.2779014,0.005077167,5908.807017771919
2264,30,0.13176673333333333,0.1138125,0.21028279999999996,0.16027836666666667,0.137644,0.2747939,0.004842361,6195.32496647813
2265,30,0.1342807,0.1199105,0.22464214999999968,0.1616467,0.1437925,0.2806152999999997,0.004875613,6153.072444429039
2266,30,0.15964819999999996,0.1501475,0.21524814999999994,0.1958518,0.1853155,0.2708930999999999,0.00591359,5073.060526685144
2267,30,0.14854920000000002,0.14469300000000002,0.17944294999999996,0.18066893333333336,0.177635,0.21993294999999993,0.005454128,5500.42096555123
2268,30,0.12986959999999997,0.11631849999999999,0.20135259999999988,0.1575270666666667,0.14062249999999998,0.24101849999999986,0.004754651,6309.6113679006085
2269,30,0.11374426666666666,0.112109,0.13565664999999996,0.13693606666666666,0.134748,0.16684564999999996,0.004131477,7261.325671182485
2270,30,0.1152985,0.1076455,0.15740844999999995,0.1400923,0.129445,0.18534959999999995,0.00422801,7095.536670916104
2271,30,0.12701146666666666,0.119599,0.16813684999999998,0.15344690000000002,0.14494449999999998,0.2004656,0.004629195,6480.608399516546
2272,30,0.11830866666666667,0.115176,0.14097429999999997,0.1435110333333333,0.1390245,0.16929124999999998,0.004330599,6927.448142855064
2273,30,0.12282966666666667,0.116309,0.15778084999999994,0.14946533333333328,0.1421515,0.19884604999999989,0.004511059,6650.323128116923
2274,30,0.1231453,0.11509749999999999,0.17750454999999987,0.1496472,0.13823649999999998,0.21231409999999984,0.004520236,6636.82161727839
2275,30,0.12067023333333335,0.1192715,0.1421962,0.14669959999999999,0.144399,0.17484905,0.004427409,6775.972131781816
2276,30,0.12701656666666666,0.1199345,0.18523559999999992,0.1558164333333333,0.1450285,0.23060964999999983,0.004702038,6380.2121548145715
2277,30,0.11063409999999996,0.10750499999999999,0.12435555,0.1333027333333333,0.129665,0.1499666,0.004022045,7458.892180470382
2278,30,0.1401152,0.1238665,0.22040294999999988,0.16984246666666672,0.150887,0.2646915999999998,0.005123097,5855.832907321489
2279,30,0.13688716666666673,0.13211,0.16138829999999996,0.16696366666666668,0.1596905,0.19377624999999998,0.005035671,5957.498017642534
2280,30,0.13732960000000002,0.128341,0.2021604,0.16629210000000003,0.15663,0.23257974999999997,0.005019596,5976.576600985418
2281,30,0.11721716666666666,0.11509749999999999,0.13473839999999998,0.14295799999999997,0.14001000000000002,0.16446734999999996,0.004315932,6950.989959990102
2282,30,0.13380476666666666,0.127026,0.18384689999999995,0.16237623333333331,0.1546455,0.2211260499999999,0.004899889,6122.587674945289
2283,30,0.11883453333333334,0.1125285,0.14898625,0.1450544,0.1359485,0.1898215,0.004384731,6841.924852402576
2284,30,0.11254686666666668,0.107986,0.13154315,0.13657846666666665,0.12994,0.16209879999999996,0.004121077,7279.650440892029
2285,30,0.26147896666666665,0.25254299999999996,0.42509995,0.31748963333333335,0.319163,0.4855816999999999,0.009574452,3133.338597342177
2286,30,0.20160643333333328,0.21285749999999998,0.2997184999999999,0.2537119666666667,0.2783515,0.3746838499999999,0.007655991,3918.499904192677
2287,30,0.1284290333333333,0.122108,0.16023864999999995,0.15532976666666662,0.14737050000000002,0.19063239999999995,0.004688401,6398.770071075405
2288,30,0.12829383333333333,0.1218445,0.17345339999999992,0.15684546666666663,0.1486715,0.21468324999999994,0.004732801,6338.741054187573
2289,30,0.11429393333333333,0.1085565,0.13247974999999998,0.1388748,0.131782,0.16553034999999997,0.004190637,7158.816189519637
2290,30,0.16872316666666667,0.13375949999999998,0.32531144999999995,0.20076773333333334,0.1664285,0.36268865,0.006050396,4958.353139199484
2291,30,0.13946456666666668,0.1319605,0.1796222999999999,0.16916256666666665,0.16207850000000001,0.21698559999999986,0.005103714,5878.072321450614
2292,30,0.17653696666666666,0.14189400000000002,0.3362107,0.21650160000000002,0.1739385,0.4234741499999999,0.006532288,4592.57154614126
2293,30,0.24974816666666666,0.2381685,0.29079775,0.3183908333333333,0.303593,0.3865436499999999,0.009605289,3123.2792683281054
2294,30,0.1344379666666667,0.12929000000000002,0.14929934999999997,0.16492656666666672,0.1567675,0.18868339999999992,0.004977224,6027.456268795619
2295,30,0.13831673333333333,0.1293695,0.19470969999999996,0.16841446666666668,0.1582945,0.23721814999999993,0.005079643,5905.926853521005
2296,30,0.11668033333333333,0.11358299999999999,0.14785195,0.14059023333333334,0.137276,0.1686951,0.004243165,7070.194065043428
2297,30,0.12298183333333332,0.12037500000000001,0.14498999999999998,0.14833653333333335,0.14494200000000002,0.17492419999999997,0.00447651,6701.649275886795
2298,30,0.11642123333333333,0.1121155,0.14778464999999996,0.14087059999999998,0.134983,0.17983304999999997,0.004250852,7057.408726532939
2299,30,0.14322290000000004,0.135,0.17879864999999995,0.1746841,0.1643,0.22346079999999993,0.005269799,5692.816746900593
2300,30,0.1384775666666667,0.135258,0.17629754999999997,0.17137703333333335,0.1650875,0.2222534,0.005175159,5796.923340906047
2301,30,0.10763826666666668,0.104594,0.12734979999999996,0.13067269999999997,0.12629800000000002,0.15746329999999994,0.003942875,7608.661192657642
2302,30,0.13419193333333335,0.131941,0.1535315,0.16295236666666668,0.1594775,0.1863466,0.004917552,6100.596394303507
2303,30,0.12107996666666668,0.109384,0.18261659999999996,0.1486504333333333,0.135282,0.22624444999999993,0.004485562,6688.125144630706
2304,30,0.13609143333333334,0.132488,0.15696144999999997,0.1660015333333333,0.162563,0.18893079999999995,0.005008821,5989.433441522466
2305,30,0.1391030666666667,0.133693,0.18880434999999995,0.1695646666666667,0.1614625,0.22468799999999997,0.005115789,5864.1980738455
2306,30,0.10668246666666667,0.1019745,0.12830899999999995,0.12889313333333333,0.12220400000000001,0.15718604999999994,0.003888291,7715.471912981822
2307,30,0.12923446666666666,0.1245735,0.1675479499999999,0.1557978333333333,0.150125,0.1987644499999999,0.004699399,6383.7950342160775
2308,30,0.10856796666666664,0.105263,0.1216496,0.13177593333333334,0.126181,0.15004655,0.0039753,7546.600256584408
2309,30,0.12090153333333332,0.11208850000000001,0.15802684999999997,0.14619830000000003,0.13434400000000002,0.19163874999999994,0.004410136,6802.51130577379
2310,30,0.1092017666666667,0.106072,0.12092019999999996,0.13159810000000002,0.127941,0.14677229999999997,0.003969762,7557.128109947145
2311,30,0.11798466666666668,0.1060355,0.17636715,0.14147623333333334,0.1285175,0.1973827,0.004267026,7030.657886781098
2312,30,0.11114743333333332,0.1091725,0.127387,0.1348422333333333,0.132767,0.16688554999999997,0.004069477,7371.954676239723
2313,30,0.11733876666666668,0.11422099999999999,0.1362033,0.1440552,0.13792100000000002,0.18118114999999996,0.004346527,6902.062267184811
2314,30,0.11894006666666666,0.10591049999999999,0.1625533999999999,0.14124409999999996,0.1265755,0.18896914999999992,0.004259637,7042.853651613976
2315,30,0.11642423333333335,0.1040485,0.18815559999999987,0.1392242,0.12577549999999998,0.22138299999999983,0.004200383,7142.205841705387
2316,30,0.12857563333333333,0.109739,0.2027587499999999,0.15848346666666668,0.1331175,0.2606121,0.004783177,6271.981990212782
2317,30,0.14845403333333335,0.1460995,0.1789054,0.17953706666666663,0.17851299999999998,0.21479025,0.005422511,5532.492234686108
2318,30,0.1326908,0.1262665,0.16136584999999998,0.1631477,0.1557265,0.19803154999999997,0.004924637,6091.8195594924055
2319,30,0.1413210666666667,0.13616450000000002,0.17560089999999995,0.17318716666666664,0.16731600000000002,0.2147485999999999,0.005230597,5735.482966858276
2320,30,0.12147013333333331,0.10668949999999999,0.1921526499999999,0.14883049999999998,0.128477,0.24207384999999987,0.004490974,6680.065393386824
2321,30,0.11847253333333334,0.1160795,0.13613755,0.1437568,0.14121450000000002,0.16266535,0.004337408,6916.573216077436
2322,30,0.10927379999999998,0.104358,0.13456479999999998,0.132476,0.126247,0.16485669999999997,0.003996289,7506.964586395028
2323,30,0.12555073333333333,0.120525,0.16084119999999996,0.14958609999999997,0.14445550000000001,0.18646789999999996,0.004510916,6650.533949202335
2324,30,0.1197947,0.10330249999999999,0.23230729999999997,0.14298383333333337,0.124805,0.25624739999999996,0.004311322,6958.422497786061
2325,30,0.11358059999999998,0.1113565,0.13879499999999995,0.13707436666666667,0.1340885,0.16820169999999995,0.004134403,7256.1866852360545
2326,30,0.11069483333333334,0.10737050000000001,0.12948239999999997,0.13394733333333333,0.1293285,0.15695299999999998,0.004040923,7424.046436915526
2327,30,0.12256346666666666,0.1218785,0.14599305,0.14924206666666665,0.146548,0.17832949999999997,0.004501825,6663.964059020508
2328,30,0.1031882,0.100409,0.11445204999999999,0.12507273333333332,0.1208995,0.14218239999999996,0.003773373,7950.446457320811
2329,30,0.11357010000000001,0.1074425,0.14457369999999992,0.13711,0.129035,0.1758431499999999,0.004136059,7253.281444969716
2330,30,0.1110341,0.105598,0.14313549999999994,0.13357053333333332,0.12717699999999998,0.17398024999999992,0.00402874,7446.49691963244
2331,30,0.1373182,0.1260085,0.22997389999999973,0.1633076333333333,0.1534455,0.2539043999999997,0.004923048,6093.785800991581
2332,30,0.1221056,0.11818300000000001,0.15041249999999995,0.14795166666666668,0.14414949999999999,0.18548094999999992,0.004463304,6721.478079915685
2333,30,0.11282000000000002,0.107339,0.13639715,0.13667106666666665,0.13019799999999998,0.16445759999999998,0.004122703,7276.7793362752545
2334,30,0.1190918,0.1059,0.16221824999999998,0.14311810000000003,0.12705899999999998,0.19544959999999992,0.004321228,6942.470982785449
2335,30,0.12240533333333332,0.11408650000000001,0.16763849999999994,0.14933439999999998,0.138193,0.20424689999999995,0.0045045,6660.00666000666
2336,30,0.11564953333333333,0.1127785,0.1284171,0.14055446666666666,0.136776,0.15936684999999998,0.004244423,7068.098537775335
2337,30,0.11468646666666667,0.1095145,0.14749859999999995,0.13902303333333335,0.132019,0.17830149999999995,0.004193922,7153.208857961593
2338,30,0.13028623333333333,0.123507,0.17114829999999992,0.15781673333333332,0.1485525,0.20439299999999988,0.004761585,6300.42307340938
2339,30,0.12240206666666667,0.1200235,0.14256694999999997,0.14771966666666667,0.144169,0.1708046,0.004455373,6733.442968748071
2340,30,0.12389243333333333,0.1233095,0.14479694999999998,0.15025023333333332,0.146984,0.17973825,0.004533038,6618.07820715379
2341,30,0.14453356666666667,0.1395385,0.17923209999999992,0.17676103333333332,0.16953400000000002,0.21640744999999992,0.005333498,5624.826333486953
2342,30,0.14942419999999998,0.142537,0.18604114999999993,0.1818466,0.1736105,0.2280232499999999,0.005486912,5467.556250218702
2343,30,0.15032846666666666,0.1453285,0.1715851,0.18336476666666668,0.1789975,0.20789975,0.005531884,5423.107209044875
2344,30,0.14700613333333334,0.1445975,0.1643199,0.17757566666666663,0.174226,0.19913205,0.005367644,5589.044280880028
2345,30,0.145038,0.1408315,0.17141094999999998,0.17705830000000003,0.1731785,0.20610535,0.005341261,5616.6511990333365
2346,30,0.1391405666666667,0.13692500000000002,0.1590767,0.16838116666666664,0.1641545,0.1890923,0.005080213,5905.264208410159
2347,30,0.15300093333333334,0.1364225,0.2640296999999999,0.18258833333333335,0.163727,0.2922496499999999,0.005504634,5449.9536208946865
2348,30,0.12455000000000001,0.11437349999999999,0.17921104999999987,0.1492654333333333,0.1384285,0.21404494999999985,0.004501866,6663.90336807004
2349,30,0.12210443333333333,0.1182375,0.14327869999999998,0.1474582,0.1422595,0.17144274999999998,0.004448386,6744.019066690705
2350,30,0.11824863333333334,0.113596,0.13895889999999994,0.14290163333333336,0.1370915,0.17028734999999992,0.004311767,6957.704347196868
2351,30,0.1343049,0.12270400000000001,0.20409899999999995,0.16309206666666667,0.14740999999999999,0.24238364999999998,0.004927965,6087.705574207609
2352,30,0.1130161,0.1107355,0.13566334999999996,0.13698526666666666,0.1350615,0.16673214999999994,0.004132667,7259.234775025427
2353,30,0.10811483333333333,0.10191049999999999,0.13453264999999998,0.1308275,0.1221035,0.16516339999999996,0.003946617,7601.4470114531
2354,30,0.11034443333333334,0.105392,0.1339715,0.13448843333333332,0.127062,0.16849084999999997,0.004058878,7391.205155710519
2355,30,0.15800676666666671,0.1144155,0.3554826499999999,0.19281333333333336,0.138343,0.4410034499999999,0.005817507,5156.848113805449
2356,30,0.11116380000000001,0.1062405,0.14192479999999993,0.1348213666666667,0.1282565,0.17158014999999993,0.004068335,7374.024017196224
2357,30,0.10681209999999998,0.102053,0.12344104999999998,0.12977296666666666,0.1239035,0.15178624999999996,0.003916765,7659.382168702999
2358,30,0.1327253,0.116566,0.21985599999999988,0.16349456666666665,0.14165250000000001,0.28615185,0.004935706,6078.1578157207905
2359,30,0.13795556666666667,0.138076,0.16618119999999997,0.16856036666666666,0.17154950000000002,0.1997604,0.005087096,5897.274201233867
2360,30,0.11566866666666668,0.109437,0.14493379999999997,0.14071743333333336,0.13272499999999998,0.17779084999999997,0.004246545,7064.566606500108
2361,30,0.10469033333333333,0.102191,0.11884394999999996,0.12721729999999998,0.1231715,0.14534294999999997,0.003839111,7814.3090939543035
2362,30,0.12812126666666665,0.122458,0.175588,0.15511010000000003,0.151439,0.21323504999999993,0.004680012,6410.239973743657
2363,30,0.10832186666666667,0.1044415,0.12520284999999998,0.13127916666666664,0.125574,0.15476019999999993,0.003960847,7574.13755189231
2364,30,0.10930873333333332,0.1036795,0.12751684999999996,0.13269356666666668,0.1248185,0.15982994999999997,0.004002734,7494.877251398669
2365,30,0.10778966666666667,0.103976,0.12350239999999997,0.1304621,0.12509,0.15110129999999997,0.003935852,7622.237828048412
2366,30,0.11579920000000002,0.1065485,0.15703969999999995,0.14041950000000003,0.127861,0.18817304999999995,0.004236127,7081.940650032447
2367,30,0.11397260000000001,0.109361,0.1387369,0.13790753333333333,0.1321425,0.161018,0.004159295,7212.760816436438
2368,30,0.10841386666666666,0.10401099999999999,0.12474814999999997,0.13128006666666667,0.12596800000000002,0.15269869999999997,0.003966282,7563.758703995329
2369,30,0.10709673333333332,0.1034355,0.12114279999999997,0.13002213333333332,0.124413,0.14902099999999996,0.003922796,7647.606452132612
2370,30,0.12178293333333334,0.10645650000000001,0.18166685,0.1470874,0.1289075,0.21637449999999997,0.004436125,6762.65885203866
2371,30,0.10810813333333336,0.103422,0.13354389999999997,0.13139853333333332,0.1257125,0.16183599999999998,0.003967475,7561.484319371893
2372,30,0.10579463333333333,0.10246,0.12489439999999997,0.127911,0.123363,0.15168594999999996,0.003858935,7774.165670061818
2373,30,0.11068296666666666,0.1048335,0.1315528,0.13394996666666667,0.125473,0.15797445,0.004042599,7420.968540288067
2374,30,0.11328836666666665,0.1037005,0.15629144999999994,0.13924033333333335,0.125159,0.19735614999999998,0.004198967,7144.614377774344
2375,30,0.11472296666666669,0.110674,0.14086344999999997,0.13922803333333336,0.134521,0.16421889999999997,0.004199537,7143.644644635826
2376,30,0.10688516666666667,0.102869,0.12279744999999997,0.12911866666666666,0.12377350000000001,0.14974849999999998,0.00389507,7702.043865707163
2377,30,0.11234006666666667,0.105404,0.14554815,0.1357437,0.1270795,0.17588649999999995,0.004097118,7322.220155728978
2378,30,0.11532623333333333,0.106954,0.15528409999999998,0.13998816666666664,0.128195,0.19417424999999994,0.00422225,7105.216413049913
2379,30,0.11274736666666668,0.1080035,0.13754389999999997,0.13611753333333337,0.13022650000000002,0.16275569999999998,0.004106802,7304.954073753739
2380,30,0.1059936,0.102796,0.115119,0.1287536333333333,0.1235905,0.14194135,0.003884407,7723.186576483876
2381,30,0.11669463333333333,0.114725,0.14755724999999995,0.14221353333333334,0.138049,0.18430329999999995,0.004290877,6991.57771243501
2382,30,0.1135591,0.1113955,0.1415259,0.13763893333333332,0.1350805,0.17246849999999997,0.004152208,7225.07157637575
2383,30,0.11467376666666666,0.107743,0.13658629999999997,0.1399231,0.130044,0.17197599999999993,0.004221297,7106.820486689281
2384,30,0.10775649999999999,0.1032545,0.12697014999999998,0.13084883333333336,0.125046,0.15537534999999997,0.003946763,7601.165816138441
2385,30,0.12232160000000002,0.114331,0.16142664999999992,0.14895840000000002,0.138452,0.19712619999999995,0.004507537,6655.519411155139
2386,30,0.1080990666666667,0.10448750000000001,0.1270028,0.13170873333333336,0.12680550000000002,0.15822024999999998,0.003973223,7550.545237455839
2387,30,0.1119189333333333,0.10939199999999999,0.13156359999999998,0.1363379,0.1333555,0.1586686,0.004111632,7296.372827140172
2388,30,0.10682806666666664,0.1039925,0.12363224999999996,0.12931463333333335,0.1246485,0.15338274999999993,0.003901315,7689.714878188509
2389,30,0.11959433333333334,0.11103550000000001,0.15993625,0.146022,0.1348065,0.20304935,0.004404047,6811.916403253643
2390,30,0.11020783333333334,0.1060865,0.12713529999999998,0.1337286666666667,0.1281815,0.15336874999999997,0.004034244,7436.33751453804
2391,30,0.11172723333333333,0.1084665,0.13420934999999998,0.13527009999999998,0.130226,0.16304375,0.004080737,7351.613201242814
2392,30,0.1059917,0.101105,0.12339199999999996,0.12879156666666666,0.12266250000000001,0.15422989999999992,0.003885073,7721.862626519502
2393,30,0.12518193333333333,0.1177575,0.16799725,0.1512165,0.141386,0.20148724999999998,0.004562012,6576.045832409034
2394,30,0.10774240000000003,0.1038055,0.1268656,0.13060136666666666,0.12638549999999998,0.15497904999999998,0.003940142,7613.938786977728
2395,30,0.11467553333333333,0.107439,0.15875629999999985,0.13850023333333333,0.1311615,0.1934072999999998,0.004177962,7180.534432816765
2396,30,0.1049381,0.1021245,0.11276019999999999,0.12716586666666665,0.1238725,0.13994279999999998,0.003836387,7819.857589966809
2397,30,0.1392189,0.134304,0.20284759999999988,0.16901726666666667,0.162528,0.24349864999999982,0.005098629,5883.934681264316
2398,30,0.13875483333333336,0.1370635,0.15997665,0.16995256666666664,0.168242,0.19571239999999998,0.005128971,5849.126462208501
2399,30,0.13283826666666668,0.1272815,0.15865994999999997,0.1621282333333333,0.155778,0.19427024999999995,0.004893247,6130.898358492837
2400,30,0.14686383333333333,0.13717649999999998,0.19529224999999995,0.17938006666666667,0.166931,0.24087629999999993,0.00541227,5542.960717037398
2401,30,0.13456976666666665,0.13214599999999999,0.15701929999999997,0.16426486666666668,0.1602175,0.19385799999999997,0.004958449,6050.279028785009
2402,30,0.13635896666666666,0.13154349999999998,0.16733199999999993,0.16619930000000002,0.16180450000000002,0.20211434999999991,0.005020315,5975.720647011193
2403,30,0.13689276666666667,0.1328585,0.16845490000000002,0.16773886666666668,0.161386,0.21108474999999996,0.005062186,5926.293502451313
2404,30,0.11583320000000001,0.111656,0.135723,0.14051743333333333,0.136042,0.165383,0.004242583,7071.163958371586
2405,30,0.11112626666666667,0.106323,0.13432229999999995,0.1355547,0.1275395,0.16833684999999993,0.004090795,7333.537857555804
2406,30,0.10697076666666665,0.1029725,0.12365499999999999,0.13028683333333332,0.1244625,0.15235225,0.003931259,7631.1431019935335
2407,30,0.11874913333333334,0.112654,0.1545721,0.14536163333333332,0.1359995,0.19255689999999995,0.004386397,6839.326216938412
2408,30,0.10573336666666668,0.10207250000000001,0.11821789999999999,0.12842083333333332,0.1225445,0.1459005,0.003875265,7741.406071584782
2409,30,0.11122256666666666,0.10950850000000001,0.12638145,0.13544260000000002,0.13352750000000002,0.16001009999999996,0.004087208,7339.973889266218
2410,30,0.1071318666666667,0.10305049999999999,0.12688009999999997,0.1299548,0.124618,0.15558719999999995,0.003920147,7652.774245455592
2411,30,0.11471413333333337,0.1114705,0.13166495,0.1388338,0.136197,0.16008095,0.004190983,7158.22517056261
2412,30,0.10954863333333334,0.1064075,0.12430919999999998,0.1324426,0.12851800000000002,0.15135479999999996,0.003995323,7508.779640594765
2413,30,0.11105596666666669,0.1037815,0.15081904999999998,0.1346325,0.125095,0.18440164999999994,0.004061806,7385.877119685184
2414,30,0.10638493333333333,0.10354250000000001,0.12350134999999997,0.12917146666666668,0.12467400000000001,0.15154864999999995,0.003896646,7698.928771050796
2415,30,0.12479189999999998,0.1081655,0.18486744999999988,0.1512992333333333,0.13001000000000001,0.23128714999999989,0.004564379,6572.635620311109
2416,30,0.10582076666666665,0.10241449999999999,0.1238383,0.1279883,0.122952,0.15443545,0.003862084,7767.826903816695
2417,30,0.10852610000000001,0.10585249999999999,0.12198909999999999,0.13080736666666667,0.1277125,0.14722955,0.00394669,7601.3064111952035
2418,30,0.10696083333333334,0.10274,0.12487754999999998,0.12973316666666668,0.124014,0.15459759999999997,0.003914182,7664.436656241329
2419,30,0.11508096666666669,0.1049155,0.16135894999999992,0.14118973333333334,0.126676,0.20596424999999988,0.004264991,7034.012498502341
2420,30,0.10881123333333331,0.103837,0.1279817,0.13246666666666668,0.1259675,0.16442379999999998,0.003996469,7506.626474520383
2421,30,0.10646289999999999,0.1023915,0.11926264999999998,0.12937656666666666,0.12381400000000001,0.14632394999999998,0.003903547,7685.317994121757
2422,30,0.10593053333333331,0.101643,0.12235179999999997,0.1280888666666667,0.1225195,0.14963279999999995,0.00386448,7763.010806111042
2423,30,0.14585166666666669,0.135972,0.1945029,0.17767586666666665,0.1662805,0.2333273,0.005361574,5595.371806861194
2424,30,0.12452413333333333,0.12510349999999998,0.15324144999999995,0.15196099999999998,0.15292250000000002,0.18562744999999992,0.004585016,6543.052412467045
2425,30,0.10554203333333331,0.103395,0.11790559999999997,0.12784353333333331,0.124637,0.14620859999999997,0.003857075,7777.9146114607565
2426,30,0.135964,0.11141200000000001,0.27885695,0.15973843333333335,0.1342485,0.30172659999999996,0.004815374,6230.04568284831
2427,30,0.13847466666666666,0.12812600000000002,0.1796245999999999,0.16302409999999995,0.15014450000000001,0.21893319999999983,0.004914074,6104.91417101167
2428,30,0.12093543333333333,0.115995,0.15111434999999995,0.1449465,0.13897199999999998,0.18573679999999992,0.004371799,6862.163608162224
2429,30,0.1075165,0.1045475,0.12585404999999997,0.13051573333333336,0.1269745,0.15564179999999994,0.003937377,7619.285631017808
2430,30,0.12349860000000001,0.1186115,0.16166714999999998,0.15143823333333334,0.14353549999999998,0.19833265,0.004571242,6562.767842962591
2431,30,0.10519366666666667,0.10109850000000001,0.12877369999999994,0.12728146666666668,0.1220945,0.15644179999999994,0.003840286,7811.91817484427
2432,30,0.10620886666666667,0.1015205,0.12620024999999999,0.12900273333333334,0.121946,0.15299559999999998,0.003891906,7708.305390726292
2433,30,0.10262470000000001,0.1010115,0.11437294999999997,0.12398333333333333,0.12127299999999999,0.13891699999999996,0.003741268,8018.671744446001
2434,30,0.11760706666666669,0.10569600000000001,0.1595839,0.14367753333333336,0.1294095,0.19145304999999999,0.004338576,6914.711186343168
2435,30,0.10833113333333336,0.10295,0.12458344999999997,0.13181333333333334,0.125675,0.15210244999999994,0.003976635,7544.066780079137
2436,30,0.10812546666666666,0.1034305,0.12444514999999996,0.13153706666666667,0.1240705,0.15607914999999994,0.003973422,7550.167085197596
2437,30,0.10379753333333333,0.1013305,0.11847469999999997,0.1250648,0.1217115,0.14304264999999997,0.003773125,7950.969024349843
2438,30,0.11997650000000001,0.1077195,0.16222299999999998,0.1452690333333333,0.129525,0.19580159999999996,0.004382599,6845.253239002701
2439,30,0.10860423333333333,0.104684,0.12888134999999995,0.13110190000000002,0.12636999999999998,0.15683524999999995,0.003954833,7585.655323499122
2440,30,0.10955010000000003,0.1026975,0.14771564999999998,0.13339736666666668,0.12433,0.18591909999999998,0.004025645,7452.221942073879
2441,30,0.10813403333333334,0.10253799999999999,0.14594369999999995,0.1311864,0.12349,0.17826379999999994,0.003958772,7578.1075545649
2442,30,0.11691776666666667,0.1119475,0.15484884999999995,0.14234833333333335,0.13513799999999998,0.18498204999999998,0.004294703,6985.349161513613
2443,30,0.10914329999999998,0.1073515,0.13588679999999995,0.1318922,0.127779,0.16304484999999994,0.00398061,7536.5333453917865
2444,30,0.10741043333333335,0.10194500000000001,0.12518679999999996,0.1302934,0.122891,0.15448609999999996,0.003931897,7629.904852543187
2445,30,0.1087281,0.10292000000000001,0.13397869999999995,0.13190316666666668,0.125019,0.16367424999999997,0.003980954,7535.882102631681
2446,30,0.1177827,0.10625,0.15691724999999998,0.1443659333333333,0.12932749999999998,0.1911463,0.004357072,6885.357873360826
2447,30,0.10877353333333334,0.1046925,0.13669474999999992,0.13215590000000002,0.1275935,0.16917944999999987,0.003988985,7520.710155590959
2448,30,0.10738349999999999,0.10223199999999999,0.13409529999999992,0.13010193333333334,0.123199,0.1647836499999999,0.003926022,7641.322437826379
2449,30,0.10767386666666666,0.103635,0.12297799999999999,0.13011676666666666,0.12440899999999999,0.15020499999999998,0.00392561,7642.124408690624
2450,30,0.11856816666666666,0.1148425,0.15356344999999993,0.1446074,0.13921450000000002,0.17925274999999996,0.004362281,6877.136067117181
2451,30,0.11070453333333334,0.10658100000000001,0.13012994999999997,0.13447793333333333,0.1296605,0.15884104999999996,0.004058032,7392.746040445221
2452,30,0.10878923333333335,0.103608,0.12397529999999997,0.13181223333333333,0.12532700000000002,0.15074399999999996,0.003976978,7543.416131545108
2453,30,0.11165476666666667,0.1079955,0.1343395,0.1360300666666667,0.13031700000000002,0.16076735,0.004104936,7308.274720970071
2454,30,0.11208996666666667,0.1036295,0.13980904999999996,0.13657046666666664,0.1251045,0.17404669999999994,0.004129931,7264.0438786991845
2455,30,0.1112726,0.1077455,0.12956929999999997,0.1355877,0.1305445,0.1630593,0.004090449,7334.15818165683
2456,30,0.10643576666666667,0.10187550000000001,0.11982204999999997,0.1290287,0.12375549999999999,0.14760284999999998,0.003893681,7704.791430011857
2457,30,0.11294926666666667,0.1078015,0.1278037,0.13756130000000003,0.1300085,0.1614294,0.004152369,7224.791438333154
2458,30,0.10788536666666666,0.1032565,0.12383484999999998,0.1310866,0.12445049999999999,0.15340824999999994,0.003955389,7584.589025251372
2459,30,0.11055879999999998,0.104745,0.13992465,0.13459106666666668,0.126034,0.16689479999999998,0.004061193,7386.991950394871
2460,30,0.10665849999999999,0.10306799999999999,0.12789029999999998,0.1296178666666667,0.124401,0.15960289999999994,0.003910812,7671.041205764942
2461,30,0.1151481,0.11187949999999999,0.14196749999999997,0.1406115666666667,0.1365405,0.17997719999999998,0.00424631,7064.957574929763
2462,30,0.10922870000000001,0.10285150000000001,0.13405259999999997,0.13227960000000002,0.124664,0.16683889999999996,0.003990664,7517.545952252558
2463,30,0.10850216666666666,0.105072,0.12369564999999996,0.13202426666666667,0.126317,0.15508389999999994,0.00398374,7530.611937526042
2464,30,0.10646399999999999,0.10405600000000001,0.11970729999999997,0.12878136666666667,0.1257305,0.14688849999999995,0.003884877,7722.252210301639
2465,30,0.11199533333333335,0.106548,0.1391044,0.13700849999999998,0.12858799999999998,0.17571464999999994,0.004134182,7256.574577510133
2466,30,0.1069931,0.102756,0.12150859999999998,0.12998883333333336,0.124157,0.15043644999999997,0.003922145,7648.875806478342
2467,30,0.11076353333333334,0.10775850000000001,0.12610529999999998,0.13517996666666665,0.13081399999999999,0.1566454,0.004077417,7357.599185955226
2468,30,0.10429436666666667,0.1017435,0.11046334999999999,0.127115,0.123961,0.13739674999999998,0.003834692,7823.314101888757
2469,30,0.11381593333333333,0.1078585,0.14524789999999996,0.13848603333333334,0.131715,0.17892775,0.004179047,7178.670160924249
2470,30,0.10935303333333332,0.1038825,0.1419198499999999,0.13250686666666664,0.125461,0.17424864999999992,0.003997611,7504.482051905501
2471,30,0.1073661666666667,0.10430800000000001,0.1147352,0.13049726666666667,0.125434,0.1415411,0.003942077,7610.201424274563
2472,30,0.10741496666666667,0.104027,0.12256144999999999,0.1300029666666667,0.1254535,0.15058879999999997,0.003921891,7649.371183441865
2473,30,0.11886446666666664,0.11220949999999999,0.1550403499999999,0.14468830000000002,0.1365285,0.1854564999999999,0.004364425,6873.757711496933
2474,30,0.11527726666666667,0.10982800000000001,0.1401411,0.13975566666666667,0.13378,0.16727344999999996,0.004215712,7116.235644180627
2475,30,0.10969313333333333,0.1071645,0.12494419999999996,0.13379506666666666,0.12881399999999998,0.15816274999999994,0.004036449,7432.275249854513
2476,30,0.10819366666666667,0.1049705,0.13295979999999996,0.13103726666666668,0.12631199999999998,0.16488884999999995,0.003952854,7589.453088831513
2477,30,0.12276623333333332,0.120491,0.15471079999999995,0.14931833333333333,0.14774900000000002,0.18255649999999998,0.004505896,6657.943281425049
2478,30,0.10637209999999998,0.10252549999999999,0.11899075,0.1295903,0.123385,0.14701374999999997,0.003909264,7674.078803580418
2479,30,0.10871983333333331,0.1049485,0.12598249999999997,0.13214546666666668,0.1262525,0.15383044999999995,0.003987073,7524.316710529253
2480,30,0.10740666666666666,0.1046015,0.12830879999999997,0.1297935,0.126066,0.15707689999999996,0.003915169,7662.504479372411
2481,30,0.11422776666666666,0.112482,0.13621704999999998,0.1402812333333333,0.138343,0.16799099999999997,0.004233305,7086.661603640655
2482,30,0.10535016666666666,0.103203,0.11517919999999998,0.12803096666666663,0.124361,0.14139754999999996,0.003862584,7766.821381748591
2483,30,0.11302850000000002,0.106084,0.14093755,0.13721306666666663,0.127643,0.17297794999999996,0.004139979,7246.413568764478
2484,30,0.10363956666666665,0.101776,0.11663625,0.12565046666666665,0.1224945,0.1418851,0.003792087,7911.210897851236
2485,30,0.12171356666666666,0.1160725,0.15287839999999997,0.14868190000000006,0.14202700000000001,0.17982345,0.004487608,6685.075880067957
2486,30,0.10444063333333335,0.101749,0.11514259999999997,0.12662953333333332,0.122655,0.14119894999999996,0.003822657,7847.9445056148115
2487,30,0.11151819999999997,0.1068105,0.12458099999999998,0.1360091,0.130018,0.15372799999999998,0.004105271,7307.678348152899
2488,30,0.10392993333333332,0.1023235,0.11400204999999998,0.12569626666666667,0.1228515,0.14182834999999996,0.003799109,7896.588384276418
2489,30,0.11592856666666668,0.1139195,0.14178124999999997,0.1419951,0.136557,0.1695953,0.004284273,7002.354891950163
2490,30,0.10523463333333334,0.1018265,0.12332674999999996,0.12785999999999997,0.12256600000000001,0.15267899999999993,0.003858244,7775.557999960604
2491,30,0.11351486666666667,0.10313,0.14832724999999997,0.13798163333333333,0.1278185,0.17866795,0.004164194,7204.27530513708
2492,30,0.1042096,0.10304050000000001,0.11235395,0.12623996666666668,0.1239645,0.13884124999999997,0.003808786,7876.525486073515
2493,30,0.12214430000000001,0.121638,0.15292659999999997,0.14937126666666664,0.147607,0.1865132,0.004506185,6657.516280401271
2494,30,0.1050091,0.10318,0.11402804999999999,0.1276275666666667,0.12437000000000001,0.14419249999999997,0.003850153,7791.898140151833
2495,30,0.1097516,0.10530400000000001,0.13230784999999995,0.13326696666666668,0.1265145,0.16408889999999993,0.004020515,7461.730648934279
2496,30,0.10591846666666667,0.10228000000000001,0.12199279999999997,0.1283319,0.12296399999999999,0.14984369999999997,0.003871463,7749.008578927398
2497,30,0.11941823333333333,0.114842,0.1384036,0.14648436666666662,0.142483,0.170448,0.00442045,6786.6393692949805
2498,30,0.11824503333333335,0.113581,0.1429601,0.14342023333333334,0.136897,0.17085619999999996,0.004328708,6930.47440483396
2499,30,0.10999593333333334,0.1025295,0.14765099999999998,0.1344097,0.1237375,0.18164494999999994,0.004055738,7396.927513562267
2500,30,0.10564413333333333,0.10108049999999999,0.12472639999999999,0.12835736666666667,0.1219075,0.15349049999999997,0.003872403,7747.127558779393
2501,30,0.12159070000000002,0.12125649999999999,0.14901744999999997,0.1489265333333333,0.1503335,0.17790024999999998,0.004492247,6678.172415719794
2502,30,0.10343379999999999,0.1014185,0.11417624999999998,0.12533196666666666,0.12229000000000001,0.13973529999999995,0.003781255,7933.873806447859
2503,30,0.10362766666666666,0.100301,0.11545899999999999,0.12547613333333332,0.1203935,0.14209239999999998,0.003785662,7924.637751600645
2504,30,0.10798103333333334,0.103258,0.12852385,0.1309648,0.124315,0.15752914999999998,0.003950901,7593.204689259488
2505,30,0.11357933333333332,0.1033055,0.14824979999999996,0.1388381,0.125721,0.18585469999999998,0.004193935,7153.186685058304
2506,30,0.10355113333333331,0.1005935,0.11984954999999999,0.12506426666666667,0.1215105,0.14613764999999998,0.003773456,7950.271581277216
2507,30,0.11064349999999998,0.103188,0.14846459999999995,0.13549286666666666,0.124744,0.18613684999999996,0.004091303,7332.627282799636
2508,30,0.10398369999999998,0.10035250000000001,0.11386134999999999,0.1254804,0.12121699999999999,0.13850969999999996,0.003785385,7925.217646289611
2509,30,0.1223764,0.115847,0.16271659999999993,0.1486928,0.139657,0.19587724999999997,0.00448479,6689.276420969544
2510,30,0.10599969999999999,0.104601,0.11706074999999998,0.12830756666666662,0.126417,0.14382319999999998,0.003871757,7748.420161699198
2511,30,0.10714133333333334,0.102882,0.12340254999999997,0.13013113333333334,0.1244975,0.15258234999999995,0.003926142,7641.088885730573
2512,30,0.10625176666666668,0.10234399999999999,0.13180754999999997,0.12951963333333333,0.12227099999999999,0.16611209999999993,0.003907739,7677.073622368331
2513,30,0.11439466666666666,0.1054295,0.14590324999999996,0.1397067,0.126697,0.18886849999999994,0.004214246,7118.711152600015
2514,30,0.10784596666666668,0.1032775,0.12263699999999997,0.13094600000000003,0.12504,0.15182769999999995,0.003949999,7594.938631630033
2515,30,0.10624503333333335,0.1012355,0.13158549999999997,0.1288536333333333,0.12323200000000001,0.15713464999999996,0.003886477,7719.073083412046
2516,30,0.10658609999999999,0.10299549999999999,0.12190349999999997,0.1293587,0.12401899999999999,0.15014564999999996,0.00390268,7687.025326186108
2517,30,0.11841203333333332,0.11454049999999999,0.15241629999999998,0.14453803333333332,0.136303,0.19585739999999996,0.004360356,6880.172169428368
2518,30,0.10790953333333331,0.10462250000000001,0.12360189999999997,0.1310074,0.126942,0.15287679999999998,0.003952466,7590.198119351311
2519,30,0.10598926666666666,0.10241700000000001,0.12127959999999997,0.12812096666666664,0.122805,0.14844409999999997,0.003864919,7762.129038150605
2520,30,0.11049746666666668,0.1061295,0.12472069999999999,0.13450323333333333,0.1293965,0.15849965,0.004057993,7392.817089630267
2521,30,0.12779823333333334,0.116529,0.173956,0.1550702333333333,0.1406445,0.20500459999999998,0.004677305,6413.949913465126
2522,30,0.11629473333333334,0.1155675,0.13208974999999998,0.14085519999999996,0.139591,0.15742185,0.004253633,7052.794634609992
2523,30,0.10819026666666669,0.105185,0.13105299999999995,0.13136099999999998,0.127451,0.1645823999999999,0.00396267,7570.653120244684
2524,30,0.12526620000000002,0.1233185,0.14545194999999997,0.15296706666666668,0.1483785,0.18386615,0.004614165,6501.718079002377
2525,30,0.11249850000000002,0.1119475,0.1281793,0.13754536666666667,0.13506649999999998,0.1566427,0.004150183,7228.596907654433
2526,30,0.11713936666666667,0.11197750000000001,0.15035149999999997,0.14189603333333334,0.135073,0.1754953,0.004282044,7005.999938347201
2527,30,0.11164223333333334,0.109369,0.12866634999999998,0.1357055,0.1324685,0.16317955,0.004093879,7328.013358479819
2528,30,0.12271276666666668,0.11746000000000001,0.16097404999999998,0.1492716,0.1454175,0.19528334999999994,0.004506704,6656.749589056658
2529,30,0.11301026666666666,0.1094,0.13470659999999998,0.13710456666666665,0.1332835,0.16506369999999998,0.004136866,7251.866509575122
2530,30,0.11201189999999998,0.107041,0.13441414999999998,0.13666643333333334,0.12893349999999998,0.16971379999999997,0.004124209,7274.122140754748
2531,30,0.10969536666666667,0.1070625,0.12547585,0.13324083333333336,0.130033,0.15364384999999997,0.004021427,7460.038439091397
2532,30,0.12274546666666666,0.1201335,0.14942224999999998,0.15082343333333334,0.147447,0.19101174999999995,0.004552786,6589.37187032292
2533,30,0.10716669999999999,0.1016355,0.13190619999999997,0.12968786666666665,0.1220855,0.16144279999999997,0.003914053,7664.689262000285
2534,30,0.10885183333333333,0.103535,0.12211679999999998,0.13281479999999998,0.12584099999999998,0.14983449999999995,0.004011845,7477.856198332687
2535,30,0.10332446666666667,0.101349,0.11346149999999999,0.12494643333333334,0.122236,0.13748449999999998,0.003769774,7958.036741725101
2536,30,0.12488529999999999,0.1155605,0.17640659999999997,0.1514659333333333,0.13988099999999998,0.21395744999999997,0.004569423,6565.380355462823
2537,30,0.10521463333333334,0.102619,0.1192152,0.12753796666666667,0.12387999999999999,0.1473557,0.003847539,7797.191919302182
2538,30,0.1115608,0.1062045,0.12844114999999998,0.13557016666666666,0.127255,0.15927324999999995,0.004089508,7335.8457790032435
2539,30,0.10316023333333332,0.1016465,0.1130071,0.12537236666666665,0.122514,0.13866465,0.003786581,7922.714448733568
2540,30,0.11609133333333334,0.1095795,0.14942519999999995,0.14001353333333336,0.130695,0.17771024999999996,0.004225147,7100.34467439831
2541,30,0.10771116666666665,0.101839,0.12767519999999996,0.13121836666666667,0.12399850000000001,0.1576016,0.003959539,7576.639603751852
2542,30,0.11003606666666665,0.103851,0.13523499999999997,0.13404203333333334,0.12588749999999999,0.16563535000000001,0.004046869,7413.138404035318
2543,30,0.10970826666666667,0.1022875,0.14333434999999997,0.13322153333333334,0.123768,0.18068294999999995,0.004020275,7462.176094918879
2544,30,0.1309823,0.12389549999999999,0.17019705,0.16054773333333336,0.14779599999999998,0.21719214999999997,0.004844695,6192.340281483148
2545,30,0.1132929,0.10906099999999999,0.13300589999999995,0.1376203666666667,0.1342835,0.16210389999999994,0.004151717,7225.926044573847
2546,30,0.10953273333333333,0.101998,0.13572504999999999,0.13290683333333334,0.12304899999999999,0.16899644999999996,0.004009832,7481.610202123182
2547,30,0.11199053333333331,0.1056415,0.15315194999999998,0.13577543333333333,0.12881150000000002,0.17605114999999996,0.004095714,7324.7301935633195
2548,30,0.11899459999999998,0.113316,0.15348374999999995,0.14447266666666667,0.1357535,0.18826689999999993,0.004357713,6884.345068158458
2549,30,0.11104159999999998,0.108732,0.12741399999999994,0.13450199999999998,0.1319715,0.15608389999999994,0.004057925,7392.94097352711
2550,30,0.10665279999999999,0.1024575,0.12574619999999995,0.12917816666666668,0.1233075,0.15427854999999996,0.003897189,7697.856070105914
2551,30,0.11561819999999999,0.103736,0.15477139999999998,0.14118466666666665,0.125058,0.19563409999999998,0.004259627,7042.870185581976
2552,30,0.11057390000000002,0.1035265,0.14041145,0.13398349999999998,0.12443,0.17126879999999997,0.004041482,7423.019575492357
2553,30,0.10832316666666668,0.1041345,0.11952489999999999,0.13157773333333336,0.1262045,0.14510315,0.003969268,7558.0686413716585
2554,30,0.10402646666666665,0.100387,0.12069084999999999,0.1261213,0.120787,0.14919009999999996,0.003805155,7884.04151736263
2555,30,0.11966576666666666,0.1140375,0.16881869999999996,0.14532373333333334,0.13777899999999998,0.20342594999999997,0.004383574,6843.7307092340625
2556,30,0.1119693,0.1076105,0.13469599999999993,0.13522083333333337,0.1304055,0.16542679999999993,0.004086556,7341.144964121378
2557,30,0.11185423333333334,0.1089125,0.12823355,0.13580056666666668,0.1328375,0.15724914999999998,0.004100107,7316.882217951872
2558,30,0.1060888,0.1012015,0.13070409999999996,0.1285568,0.1217145,0.15917429999999994,0.00387797,7736.0062094343175
2559,30,0.11828670000000001,0.1132995,0.15938159999999998,0.1430928,0.137014,0.19085595,0.004318076,6947.538672316097
2560,30,0.10554256666666668,0.10130249999999999,0.12448094999999995,0.12784446666666666,0.122224,0.15305124999999994,0.003857412,7777.235099595272
2561,30,0.1056448,0.10224849999999999,0.11819775,0.12819896666666666,0.1240795,0.14497675,0.003868575,7754.793431689964
2562,30,0.11064766666666667,0.102908,0.1566171499999999,0.13359516666666665,0.124709,0.1922817499999999,0.004029763,7444.606543858784
2563,30,0.11962,0.113327,0.14567514999999998,0.14680923333333334,0.14075900000000002,0.18341634999999998,0.004428359,6774.5185067425655
2564,30,0.11096466666666666,0.1076445,0.1291483,0.13462533333333332,0.130971,0.15948795,0.004061448,7386.528154490715
2565,30,0.1085906666666667,0.101508,0.12518769999999999,0.1320006,0.1233975,0.15455819999999998,0.003982551,7532.8602194924815
2566,30,0.10456249999999999,0.1013035,0.11972759999999998,0.126672,0.1220375,0.14830769999999996,0.003821457,7850.40888854696
2567,30,0.13450646666666669,0.1218425,0.2086394,0.16469896666666667,0.1489165,0.24131689999999997,0.004967368,6039.415642247564
2568,30,0.11336940000000001,0.11095,0.14477324999999996,0.1375068333333333,0.13420900000000002,0.1763606,0.004149262,7230.201418951129
2569,30,0.11054456666666666,0.1058885,0.12631604999999999,0.13390043333333335,0.1272705,0.15792294999999995,0.004040164,7425.441145458452
2570,30,0.10577026666666665,0.1012785,0.12284824999999996,0.12831526666666665,0.122048,0.15464284999999994,0.003871692,7748.550246248927
2571,30,0.128135,0.11779700000000001,0.18622614999999992,0.1563603333333333,0.144183,0.23929734999999988,0.004722169,6353.01277866167
2572,30,0.10963353333333334,0.103052,0.14065164999999993,0.13368946666666667,0.126115,0.17615109999999987,0.004036481,7432.216329025208
2573,30,0.10800716666666667,0.102335,0.13361435,0.13154906666666666,0.12267549999999999,0.16443035,0.003974949,7547.266644175812
2574,30,0.10779886666666667,0.1015105,0.14011229999999997,0.1312821,0.122927,0.16963874999999995,0.003963783,7568.527338656026
2575,30,0.11449883333333334,0.1036895,0.15624709999999994,0.13967556666666667,0.123888,0.2047598499999999,0.004215448,7116.68131121532
2576,30,0.10985563333333331,0.10484,0.13320749999999998,0.13331196666666664,0.1271275,0.16259779999999996,0.004023087,7456.960289449371
2577,30,0.11120636666666668,0.1055845,0.12877129999999998,0.13498923333333337,0.128531,0.15735879999999997,0.004072153,7367.110224001897
2578,30,0.11280596666666667,0.106732,0.13933595,0.13724606666666664,0.1302625,0.16758325,0.004141325,7244.058362963544
2579,30,0.12042186666666668,0.112044,0.1593213499999999,0.14795716666666667,0.136187,0.2046783999999999,0.004463287,6721.503681031491
2580,30,0.11074196666666666,0.10785349999999999,0.1257962,0.13435406666666663,0.13039499999999998,0.15231814999999999,0.004053109,7401.7254408899435
2581,30,0.10732243333333333,0.102359,0.12854604999999997,0.1299163,0.1231225,0.15806934999999994,0.003918968,7655.076540558636
2582,30,0.11249273333333333,0.10500499999999999,0.14368079999999994,0.13659083333333333,0.127276,0.17427604999999993,0.004120475,7280.7139953524775
2583,30,0.11210873333333331,0.1038485,0.14096489999999992,0.13627033333333333,0.1275405,0.17459304999999992,0.004111065,7297.379146279614
2584,30,0.1075587,0.1049335,0.1224371,0.1305523333333333,0.1269285,0.14860959999999998,0.003938327,7617.447713204109
2585,30,0.108307,0.1060685,0.1198072,0.13100673333333332,0.12706099999999998,0.14774700000000002,0.003952309,7590.499629457109
2586,30,0.12090166666666669,0.111672,0.1643239,0.14682773333333332,0.135685,0.1937418,0.004429816,6772.290316347226
2587,30,0.11376193333333331,0.10749600000000001,0.1352643,0.13915370000000002,0.1320655,0.17003945,0.004198265,7145.809042544956
2588,30,0.11103096666666666,0.10808,0.12238659999999998,0.13422976666666667,0.129972,0.15179939999999997,0.004048975,7409.282596212622
2589,30,0.10477749999999998,0.1024265,0.11877134999999997,0.12685096666666668,0.1233215,0.14756779999999997,0.003826977,7839.085523639154
2590,30,0.12441776666666668,0.1219015,0.17344164999999995,0.15195713333333336,0.14772649999999998,0.20859964999999994,0.00458947,6536.702495059342
2591,30,0.12658370000000002,0.1159985,0.16874784999999992,0.15401223333333333,0.1423235,0.20314004999999993,0.00464574,6457.528832866239
2592,30,0.12167159999999998,0.1170245,0.13909554999999998,0.1477091,0.1409605,0.17275769999999996,0.004455809,6732.784102729718
2593,30,0.10649226666666665,0.10183,0.12961489999999992,0.12958546666666665,0.12254100000000001,0.16088899999999992,0.003908913,7674.76789583191
2594,30,0.1256504333333333,0.11871999999999999,0.17902364999999998,0.15250993333333332,0.144584,0.21458695,0.004600485,6521.051584778562
2595,30,0.1175799,0.1095405,0.14153899999999997,0.1432327,0.1351175,0.1757768,0.004320569,6943.529891549007
2596,30,0.10674713333333334,0.100694,0.12694939999999996,0.12939613333333336,0.12198400000000001,0.15656794999999996,0.00390402,7684.3868627722195
2597,30,0.11312973333333333,0.1035915,0.16542844999999995,0.1372318,0.124642,0.2013303499999999,0.004141145,7244.373234938646
2598,30,0.12519836666666664,0.1096745,0.1986739499999999,0.15385663333333335,0.1339865,0.2478782999999998,0.004642273,6462.351524781072
2599,30,0.10932800000000001,0.107954,0.12184634999999998,0.13276943333333333,0.1318735,0.15115039999999996,0.00400581,7489.122050222052
2600,30,0.10855383333333331,0.104041,0.1251068,0.13104926666666666,0.124936,0.15115734999999997,0.003953211,7588.767713132439
2601,30,0.11173756666666666,0.1067365,0.13526334999999998,0.13512593333333334,0.1289165,0.16334490000000002,0.004076603,7359.068322326211
2602,30,0.12107326666666667,0.1107475,0.18148969999999992,0.14740023333333335,0.134722,0.21933164999999993,0.004448227,6744.260128810873
2603,30,0.10803243333333334,0.10455300000000001,0.13022354999999994,0.13111123333333333,0.12754949999999998,0.15884464999999992,0.003956122,7583.183733969781
2604,30,0.10545266666666667,0.1015315,0.12410154999999998,0.12811253333333333,0.1229885,0.15286099999999997,0.003865306,7761.351882619383
2605,30,0.12201653333333334,0.120709,0.14365834999999996,0.14876170000000002,0.148003,0.1770331,0.00448759,6685.102694319223
2606,30,0.1070007,0.102138,0.1343227499999999,0.1294066666666667,0.1226265,0.1663925999999999,0.00390417,7684.091625108537
2607,30,0.11151989999999999,0.107542,0.13906049999999995,0.1354188,0.129809,0.16814785,0.004091846,7331.65422159094
2608,30,0.10641316666666666,0.10248550000000001,0.12502839999999998,0.1300665,0.1238685,0.1536551,0.003923488,7646.2576156725845
2609,30,0.1265404,0.122943,0.1572471,0.154541,0.15080100000000002,0.1850086,0.004662155,6434.792494029049
2610,30,0.11478766666666666,0.112238,0.1336995,0.13956029999999997,0.136181,0.16236474999999997,0.004210303,7125.37791223102
2611,30,0.11037416666666666,0.10731299999999999,0.1262992,0.13351263333333332,0.129417,0.15238785,0.004032858,7438.893211712388
2612,30,0.10608559999999999,0.103162,0.12534629999999997,0.12829883333333336,0.1237975,0.15383289999999994,0.003870878,7750.179674998799
2613,30,0.13058550000000002,0.129754,0.1599787,0.15925393333333335,0.15840100000000001,0.18829424999999997,0.004804596,6244.021349557798
2614,30,0.11194943333333336,0.105723,0.14281895,0.13586603333333333,0.12668849999999998,0.176387,0.004099276,7318.365486978677
2615,30,0.1122207,0.10999300000000001,0.13044509999999998,0.13637356666666667,0.1318655,0.15989099999999995,0.004118114,7284.888179394742
2616,30,0.11237553333333332,0.10864499999999999,0.13109289999999998,0.1361662,0.1309595,0.15834574999999995,0.004109689,7299.822443985421
2617,30,0.11531276666666668,0.10417,0.1699720999999999,0.1398568666666667,0.12620199999999998,0.20615054999999988,0.004220665,7107.884657986359
2618,30,0.11417926666666668,0.1074525,0.13779365,0.13855893333333333,0.1290105,0.1694169,0.004181597,7174.292501166421
2619,30,0.10907046666666666,0.1037825,0.13320159999999998,0.13278506666666667,0.12522250000000001,0.16386009999999998,0.004011803,7477.934484818919
2620,30,0.11405153333333333,0.1079,0.13999294999999995,0.1389084666666667,0.1321905,0.17140359999999996,0.0041922,7156.147130385
2621,30,0.11433293333333334,0.1082355,0.1547955499999999,0.13904116666666663,0.131404,0.19279414999999983,0.004195175,7151.0723628930855
2622,30,0.10872136666666667,0.1049805,0.13206979999999996,0.13150396666666667,0.12691550000000001,0.15715464999999998,0.003967737,7560.9850148837995
2623,30,0.1197469,0.11637149999999999,0.13780104999999998,0.1448717,0.14113900000000001,0.16645629999999997,0.004370843,6863.664515060367
2624,30,0.11061210000000002,0.1056155,0.14608144999999997,0.13371003333333334,0.1273705,0.18157204999999993,0.004037984,7429.449943338062
2625,30,0.12236559999999998,0.1175265,0.14590820000000002,0.14892826666666667,0.1418525,0.17795199999999997,0.004492912,6677.183973333998
2626,30,0.10996796666666667,0.1045475,0.13468324999999998,0.1341215666666667,0.1269905,0.1624535,0.004046735,7413.383876137182
2627,30,0.10973169999999999,0.107879,0.12575134999999998,0.1330981,0.130807,0.15776649999999998,0.004015172,7471.659993644108
2628,30,0.1172336,0.112485,0.14416944999999995,0.14284866666666662,0.13556200000000002,0.1753804,0.004310611,6959.570232618996
2629,30,0.11018256666666668,0.10201750000000001,0.14394594999999996,0.13333323333333333,0.123101,0.17543939999999997,0.004022094,7458.801310958917
2630,30,0.10881666666666664,0.1079285,0.1155089,0.1321951,0.1296195,0.14200235,0.003989639,7519.477326144045
2631,30,0.11516040000000001,0.10639850000000001,0.14746199999999998,0.13991180000000003,0.128218,0.1795378,0.004220918,7107.458614453065
2632,30,0.1220217,0.117585,0.14436699999999997,0.14689276666666667,0.1414165,0.17008979999999999,0.004430582,6771.119460152188
2633,30,0.11211856666666666,0.1095615,0.1248449,0.13555896666666667,0.13224249999999999,0.15430205,0.004089706,7335.490619619111
2634,30,0.1076522,0.105524,0.12189729999999999,0.130643,0.12727899999999998,0.15010139999999997,0.003942183,7609.996796191349
2635,30,0.1028916,0.1007785,0.11266759999999996,0.12489436666666666,0.12163199999999999,0.13967684999999996,0.003768483,7960.762991368145
2636,30,0.13353926666666668,0.127963,0.15815225000000002,0.1613557,0.15619850000000002,0.19501219999999997,0.004866278,6164.875907212864
2637,30,0.10953063333333334,0.1065075,0.12553284999999997,0.1327192,0.126838,0.15357799999999996,0.004004195,7492.142615432065
2638,30,0.1126041,0.1098235,0.13110159999999998,0.1368668,0.1316635,0.16018829999999995,0.004128911,7265.838377237969
2639,30,0.10437600000000001,0.10142999999999999,0.11929874999999998,0.12703123333333335,0.122054,0.14783894999999997,0.003832718,7827.343415299534
2640,30,0.12357093333333333,0.11414350000000001,0.17414334999999997,0.14864639999999998,0.1378205,0.2086498,0.004486592,6686.5897322511155
2641,30,0.11706333333333335,0.11407300000000001,0.13723899999999997,0.14133643333333337,0.1388275,0.163748,0.004267051,7030.6166952305
2642,30,0.1112964,0.105917,0.1431748,0.1343905,0.127491,0.17191959999999995,0.00405432,7399.514591842775
2643,30,0.10888096666666666,0.1042565,0.12496329999999996,0.13234696666666668,0.126194,0.15588119999999994,0.003994227,7510.8400198586605
2644,30,0.1254401,0.112793,0.16276654999999995,0.15037083333333331,0.136289,0.20775999999999986,0.004534764,6615.559266149242
2645,30,0.11233486666666663,0.109417,0.1321951,0.13600679999999998,0.1327545,0.15950199999999998,0.00410277,7312.133022323941
2646,30,0.11482339999999998,0.11257349999999999,0.13180064999999996,0.13931193333333336,0.136883,0.16387579999999993,0.004202188,7139.137991922304
2647,30,0.12635616666666669,0.1142565,0.2138791999999998,0.15371619999999997,0.1383835,0.26675094999999976,0.004637529,6468.962242608079
2648,30,0.11009696666666667,0.10516,0.1320987,0.13320610000000002,0.1256775,0.16195229999999997,0.004018796,7464.922329971464
2649,30,0.12008916666666666,0.11649,0.1422465,0.1452776333333333,0.1392735,0.17653889999999994,0.004381775,6846.540500139783
2650,30,0.10703643333333332,0.1048075,0.12195704999999997,0.12946916666666664,0.12582300000000002,0.15024949999999995,0.003906193,7680.112068195299
2651,30,0.12567533333333333,0.117818,0.16245469999999998,0.15047806666666666,0.141566,0.18844429999999998,0.004538302,6610.401863957048
2652,30,0.1050262,0.1030195,0.1225617,0.12718069999999998,0.124201,0.15180574999999996,0.003837705,7817.171981692183
2653,30,0.11096366666666665,0.108099,0.12784979999999999,0.1346832666666667,0.130979,0.16127984999999997,0.004063532,7382.739941509012
2654,30,0.10900890000000002,0.10620650000000001,0.12229115,0.13220736666666666,0.1274075,0.14921725,0.00398868,7521.285237221337
2655,30,0.17816436666666666,0.1378575,0.32511629999999975,0.22103826666666665,0.16523100000000002,0.42083789999999965,0.006667966,4499.123120903736
2656,30,0.12741333333333332,0.114135,0.18839619999999993,0.15406129999999998,0.13724599999999998,0.24153574999999988,0.004649503,6452.302536421635
2657,30,0.11398043333333334,0.106818,0.14875679999999994,0.13818433333333333,0.129539,0.19136349999999994,0.00417004,7194.175595437934
2658,30,0.14545756666666662,0.143788,0.20348549999999999,0.1756649333333333,0.174761,0.2359202,0.005306416,5653.533382983919
2659,30,0.13588206666666666,0.1243295,0.1797538,0.16522156666666665,0.149897,0.21838095,0.004985213,6017.797032945233
2660,30,0.11983199999999998,0.118183,0.1384001,0.14614123333333334,0.14306200000000002,0.17354039999999998,0.00441131,6800.7009255753965
2661,30,0.11610863333333335,0.1099035,0.1349415,0.1414086,0.13350050000000002,0.16415059999999998,0.004267706,7029.537648563421
2662,30,0.11810276666666668,0.107898,0.1657155999999999,0.14312983333333332,0.129966,0.2015727999999999,0.004319838,6944.704870877102
2663,30,0.11863426666666668,0.112517,0.15497519999999998,0.14382093333333332,0.135733,0.18785,0.004340295,6911.972573292829
2664,30,0.10677713333333333,0.104873,0.12175699999999996,0.12988853333333333,0.1270845,0.14759849999999994,0.003919897,7653.262317861922
2665,30,0.1368343333333333,0.13381700000000002,0.17905224999999997,0.16588913333333333,0.1636755,0.22426049999999997,0.005004258,5994.894747632916
2666,30,0.10941893333333334,0.1049825,0.1286386,0.13296383333333334,0.127178,0.15793739999999998,0.00401152,7478.462029355456
2667,30,0.12695663333333332,0.1213535,0.16703864999999996,0.15448953333333335,0.14675850000000001,0.20725829999999995,0.004660822,6436.63285145839
2668,30,0.11164016666666668,0.1047005,0.14556614999999998,0.13513866666666668,0.1261575,0.1776091,0.004076801,7358.710910834255
2669,30,0.12862463333333332,0.12497549999999999,0.16692654999999998,0.15621030000000002,0.150924,0.20053189999999999,0.004712222,6366.423313672403
2670,30,0.10817676666666667,0.10529849999999999,0.1174217,0.13171176666666667,0.1286315,0.14475849999999998,0.003973803,7549.443190817462
2671,30,0.11289029999999999,0.10757800000000001,0.13814744999999995,0.13716323333333336,0.130338,0.17184079999999993,0.004137797,7250.234847190424
2672,30,0.11300120000000001,0.1078615,0.13320959999999998,0.13746150000000001,0.130334,0.16083254999999996,0.004146918,7234.288211148616
2673,30,0.11853786666666669,0.11167450000000001,0.15625329999999998,0.14531523333333335,0.13448349999999998,0.19574404999999995,0.004383495,6843.854047968573
2674,30,0.10973623333333334,0.1064465,0.12655594999999997,0.13339426666666665,0.1280765,0.15663039999999995,0.004025451,7452.581089671691
2675,30,0.13086233333333333,0.11253250000000001,0.22027485,0.15690823333333334,0.13683050000000002,0.2509161,0.004736324,6334.02613503637
2676,30,0.12030333333333333,0.1179645,0.14083004999999996,0.14622079999999998,0.141673,0.17042505,0.004413093,6797.953272228798
2677,30,0.11069016666666666,0.104973,0.14618344999999988,0.13473183333333336,0.127824,0.18111644999999987,0.004064435,7381.0997100458
2678,30,0.11575776666666668,0.112322,0.13694504999999998,0.1401326,0.13577499999999998,0.16159135,0.004227196,7096.903006153489
2679,30,0.10949253333333334,0.104627,0.12436309999999998,0.13326906666666669,0.1275115,0.15217794999999995,0.0040207,7461.387320615812
2680,30,0.2549839333333333,0.22913,0.5214543999999999,0.3115541333333333,0.2904695,0.6181218999999999,0.009393358,3193.746049069992
2681,30,0.1843502333333333,0.2251945,0.2608988,0.23178823333333334,0.285478,0.34025055,0.006992831,4290.10796914726
2682,30,0.13563373333333334,0.12721349999999998,0.18060889999999993,0.16406533333333337,0.1541855,0.21134484999999995,0.004948035,6063.012892996917
2683,30,0.1075833,0.101628,0.14127174999999995,0.13060936666666667,0.12238650000000001,0.17351474999999994,0.003939889,7614.427716110783
2684,30,0.11906306666666668,0.118059,0.14981519999999998,0.14438763333333332,0.143671,0.1783888,0.004354761,6889.011819477578
2685,30,0.10317043333333334,0.1012685,0.11394164999999998,0.1247002,0.1224025,0.13942059999999998,0.003762097,7974.2760487036885
2686,30,0.1342861333333333,0.119888,0.22322404999999995,0.16395010000000002,0.1452955,0.2849553999999999,0.00494543,6066.206578598828
2687,30,0.11076203333333336,0.1056485,0.1401305,0.13476513333333334,0.1288585,0.16903274999999998,0.004065448,7379.260539059902
2688,30,0.1332072,0.111106,0.2352331999999999,0.15783646666666665,0.13548549999999998,0.26035644999999985,0.004758352,6304.703813421117
2689,30,0.14319253333333337,0.1211135,0.226952,0.1746719333333333,0.149839,0.2797071,0.005269867,5692.743289346771
2690,30,0.10910046666666667,0.1035445,0.14036329999999997,0.13189926666666665,0.1246475,0.1734827,0.003978724,7540.105822871855
2691,30,0.11846056666666668,0.1134805,0.15915524999999997,0.14324796666666667,0.136751,0.19093614999999997,0.004322843,6939.877298342781
2692,30,0.1073594,0.10445650000000001,0.12360454999999997,0.12979963333333333,0.12537900000000002,0.15207944999999995,0.00392027,7652.534136679361
2693,30,0.14682160000000002,0.127446,0.25207460000000004,0.18075136666666666,0.1535975,0.3214277,0.005452667,5501.8947608573935
2694,30,0.10852736666666667,0.103818,0.12608295,0.1315576333333333,0.12632749999999998,0.15521149999999997,0.00396914,7558.31238001179
2695,30,0.11626306666666666,0.112594,0.1348402,0.141425,0.13612000000000002,0.16776059999999998,0.004266041,7032.281218113
2696,30,0.12053563333333332,0.105808,0.19864129999999983,0.14657160000000002,0.12718449999999998,0.2411157999999999,0.004422838,6782.975094272048
2697,30,0.11976933333333335,0.1081815,0.19007474999999996,0.14408263333333338,0.1285105,0.22704669999999996,0.004345498,6903.696653410036
2698,30,0.10761276666666665,0.10435849999999999,0.11846654999999999,0.1304853,0.1261025,0.14408639999999998,0.00393817,7617.751392144066
2699,30,0.1058715,0.10222200000000001,0.12410285,0.12846256666666667,0.1235,0.15343905,0.003876959,7738.023538551735
2700,30,0.13389563333333332,0.105705,0.2648177499999999,0.15761306666666672,0.12807800000000003,0.29143174999999993,0.004756311,6307.409250572555
2701,30,0.11625216666666667,0.1112875,0.14953764999999997,0.14090653333333333,0.13378,0.18787349999999994,0.004252273,7055.0503224981085
2702,30,0.11716719999999999,0.1155655,0.13263464999999997,0.14223370000000005,0.13832250000000001,0.16318789999999997,0.004292006,6989.738597755921
2703,30,0.11290143333333331,0.105769,0.1392473,0.1368858666666667,0.1273435,0.17236304999999996,0.004131576,7261.151676745146
2704,30,0.12034086666666668,0.113887,0.14956664999999997,0.1440489,0.13695649999999998,0.1787306,0.004346616,6901.920942636754
2705,30,0.1098151,0.1026795,0.1346611,0.13369373333333334,0.124493,0.16576889999999997,0.004037326,7430.660788848857
2706,30,0.1122654333333333,0.106543,0.14083964999999993,0.13524389999999997,0.128748,0.17327949999999992,0.004080933,7351.260116252827
2707,30,0.1027411,0.0999025,0.11459019999999999,0.1241649,0.120339,0.13971065,0.00374719,8005.999162038755
2708,30,0.12461896666666666,0.1165495,0.15720999999999993,0.15021820000000002,0.1416665,0.18587059999999997,0.00453028,6622.107242819428
2709,30,0.10683263333333333,0.10188749999999999,0.12307409999999998,0.1294326,0.12274399999999999,0.15085349999999997,0.003904788,7682.875485173587
2710,30,0.11097676666666666,0.106779,0.12750804999999998,0.13515796666666666,0.130213,0.15610244999999998,0.004081218,7350.7467623635885
2711,30,0.10707163333333333,0.1016885,0.13112679999999996,0.12962986666666668,0.1225185,0.16081204999999993,0.00391047,7671.712095988461
2712,30,0.12505263333333336,0.11737500000000001,0.1530069,0.15003513333333332,0.142167,0.18902529999999995,0.004525471,6629.144237141284
2713,30,0.10899406666666667,0.1025635,0.14238139999999994,0.131075,0.1235425,0.1752673999999999,0.003953497,7588.218733946174
2714,30,0.13132466666666665,0.1134565,0.24600999999999976,0.15618803333333334,0.137909,0.2759790499999998,0.004708902,6370.9119450776425
2715,30,0.11121569999999999,0.1075225,0.12587104999999998,0.13441533333333336,0.12928800000000001,0.15389789999999995,0.004054983,7398.304752449024
2716,30,0.12281490000000002,0.1202105,0.17946219999999985,0.14849949999999998,0.1452115,0.22065829999999986,0.004480514,6695.66036396717
2717,30,0.11939889999999999,0.10530149999999999,0.20172494999999974,0.14225426666666666,0.1270985,0.23340374999999983,0.004289431,6993.93462676052
2718,30,0.11535070000000001,0.1057975,0.15564345,0.14007989999999998,0.12758550000000002,0.19276599999999994,0.004225167,7100.311064627741
2719,30,0.11796476666666665,0.112415,0.15505799999999992,0.14270583333333334,0.1358525,0.19401514999999986,0.004305403,6967.988827062181
2720,30,0.11199213333333333,0.10231799999999999,0.14518664999999994,0.1357343666666667,0.12479,0.17796079999999992,0.004094215,7327.411970304442
2721,30,0.11097390000000001,0.10963,0.12299099999999999,0.13484296666666667,0.13225599999999998,0.15141619999999995,0.004071741,7367.855666654632
2722,30,0.1064222,0.1033345,0.12615419999999997,0.12864556666666666,0.123924,0.15531499999999995,0.003880941,7730.084018283194
2723,30,0.1322712,0.1224745,0.1803319,0.15904913333333334,0.149172,0.20940615,0.004795803,6255.469626254456
2724,30,0.12034766666666664,0.1128275,0.16083604999999995,0.14689143333333332,0.135989,0.19239879999999998,0.004433984,6765.924279383958
2725,30,0.131654,0.118297,0.23272249999999978,0.157095,0.142152,0.2565143499999998,0.004735817,6334.704233715112
2726,30,0.11558796666666667,0.107047,0.1460359999999999,0.13912936666666667,0.12985649999999999,0.18021749999999986,0.004196969,7148.0156274682995
2727,30,0.11737746666666667,0.112542,0.14933174999999999,0.14183993333333333,0.1354445,0.18300504999999997,0.004282949,7004.51954949732
2728,30,0.11009103333333334,0.1055555,0.14025284999999998,0.13328856666666666,0.128286,0.16571705,0.004020726,7461.339071600502
2729,30,0.1083215,0.10244049999999999,0.13680059999999997,0.13138890000000003,0.122567,0.16687204999999997,0.003963545,7568.981807952225
2730,30,0.10521223333333334,0.1026,0.11786159999999996,0.12684816666666668,0.123597,0.14494309999999996,0.003826696,7839.66115939181
2731,30,0.15003970000000003,0.1050345,0.29144539999999997,0.17496326666666667,0.1255465,0.3188157,0.005271048,5691.4678067814975
2732,30,0.10894703333333335,0.106183,0.12299024999999998,0.13191423333333333,0.1291115,0.15062214999999995,0.003979602,7538.4422864397
2733,30,0.11355693333333332,0.1109965,0.1356098,0.13768456666666667,0.1332455,0.1646801,0.004153044,7223.6171829626655
2734,30,0.11181236666666668,0.10588800000000001,0.13839055,0.1358554,0.1287705,0.17007595,0.004098921,7318.9993171373635
2735,30,0.11427590000000001,0.10592399999999999,0.14406779999999997,0.1386893,0.12896000000000002,0.17880399999999994,0.004182933,7172.001081537764
2736,30,0.11226653333333335,0.111848,0.12412094999999997,0.13606306666666665,0.1344805,0.15206004999999997,0.004104769,7308.5720536283525
2737,30,0.10527200000000002,0.10126750000000001,0.11779874999999997,0.12753076666666666,0.122053,0.14468664999999994,0.003847342,7797.591168136339
2738,30,0.114609,0.110517,0.1481784999999999,0.13913423333333336,0.1340285,0.1802139999999999,0.004196905,7148.124629935632
2739,30,0.10933543333333333,0.102228,0.13333314999999996,0.13216976666666666,0.12353900000000001,0.16230694999999992,0.003987182,7524.111013743542
2740,30,0.11118826666666666,0.1082825,0.12585074999999998,0.13397673333333335,0.12974,0.15348689999999998,0.004041635,7422.738569910444
2741,30,0.1152328,0.1116115,0.14014704999999997,0.14050853333333332,0.1349885,0.18616639999999987,0.004239181,7076.8386629398465
2742,30,0.11651343333333332,0.11557049999999999,0.1369974,0.1413188,0.1402325,0.1646966,0.004264389,7035.005483786774
2743,30,0.11019483333333333,0.105344,0.13447235,0.13288953333333334,0.126839,0.16379069999999998,0.004009359,7482.492837383732
2744,30,0.11263093333333335,0.109763,0.1273627,0.13622326666666668,0.132498,0.15763464999999996,0.004114222,7291.779587975564
2745,30,0.10421703333333333,0.100906,0.11956659999999998,0.12622503333333335,0.1216275,0.14835214999999996,0.003809202,7875.66529682595
2746,30,0.12381403333333334,0.122671,0.14491895,0.15085466666666666,0.1500865,0.17368024999999998,0.004553022,6589.030318764108
2747,30,0.11992676666666667,0.112644,0.14955010000000002,0.14601596666666666,0.14014100000000002,0.18053364999999996,0.004411178,6800.904429610412
2748,30,0.11719063333333334,0.11435999999999999,0.1397986,0.1419311,0.13856849999999998,0.16604594999999997,0.004282642,7005.021666532015
2749,30,0.10832760000000001,0.10497999999999999,0.12648684999999996,0.1308216666666667,0.127417,0.15523344999999994,0.003948635,7597.562195543524
2750,30,0.11569726666666665,0.11426449999999999,0.14521865,0.1405233,0.1383285,0.18498569999999998,0.004240182,7075.167999864157
2751,30,0.10781146666666669,0.10419149999999999,0.13341974999999998,0.1302132,0.124788,0.1603337,0.003928386,7636.724089740673
2752,30,0.11624666666666666,0.116297,0.1459104499999999,0.14058690000000001,0.14104499999999998,0.1767916499999999,0.004240952,7073.883411083172
2753,30,0.10734740000000001,0.1039225,0.12319479999999998,0.13020073333333335,0.124708,0.15087624999999996,0.003927467,7638.511030137237
2754,30,0.12084840000000001,0.1185235,0.15909705,0.14617076666666667,0.143555,0.19496059999999998,0.004408408,6805.177742169055
2755,30,0.10382436666666667,0.100965,0.11658759999999999,0.1256782,0.120961,0.14247584999999996,0.00379154,7912.352236821977
2756,30,0.11112650000000003,0.1066075,0.13599099999999997,0.13478069999999998,0.128228,0.16487949999999993,0.004068957,7372.89678902972
2757,30,0.10720863333333333,0.10173650000000001,0.13047004999999998,0.13017163333333331,0.12282950000000001,0.15984879999999996,0.003926518,7640.357181604668
2758,30,0.12130493333333334,0.114884,0.15277549999999995,0.1461278,0.13772800000000002,0.19393209999999997,0.00440818,6805.529719748286
2759,30,0.10862680000000001,0.1054,0.12661304999999998,0.1314593,0.12638850000000001,0.15437129999999996,0.003974577,7547.97302958277
2760,30,0.11498210000000003,0.1088555,0.14273434999999998,0.1400262333333333,0.131188,0.17270755,0.004224673,7101.141319103277
2761,30,0.11333523333333334,0.10498099999999999,0.15249999999999997,0.13736160000000003,0.12719550000000002,0.19106354999999994,0.004147801,7232.748147753473
2762,30,0.11261673333333332,0.1034775,0.14957479999999995,0.13632910000000004,0.124192,0.1850409999999999,0.004111811,7296.0551931983255
2763,30,0.10997263333333333,0.105766,0.12517994999999998,0.13343253333333335,0.1284655,0.15168669999999995,0.00402491,7453.582813031845
2764,30,0.10989239999999999,0.107932,0.12049404999999998,0.13248963333333333,0.1291785,0.14645829999999996,0.003997461,7504.763648726029
2765,30,0.1084707,0.1041105,0.12340245,0.1309278,0.12502850000000001,0.15021815,0.003950423,7594.1234647530155
2766,30,0.11215100000000001,0.1030335,0.14971945,0.13611316666666667,0.1235315,0.18803004999999998,0.004105719,7306.880962871546
2767,30,0.10769446666666668,0.105336,0.12324964999999997,0.1303904,0.12776549999999998,0.15320874999999995,0.003933236,7627.307387606542
2768,30,0.10744566666666665,0.1013555,0.13525634999999994,0.13004713333333334,0.122242,0.16584864999999993,0.003923065,7647.082064661177
2769,30,0.11318410000000001,0.1081995,0.13343744999999999,0.13808240000000002,0.129998,0.1643936,0.004166399,7200.462557714707
2770,30,0.11537826666666667,0.1106745,0.14011989999999996,0.14040853333333334,0.1337735,0.17131634999999992,0.004235726,7082.611103739949
2771,30,0.11988143333333334,0.114399,0.15336154999999993,0.1445164,0.1390055,0.18501564999999998,0.004361669,6878.101020503848
2772,30,0.11170753333333333,0.10539950000000001,0.13034004999999999,0.13549043333333335,0.1278285,0.15944705,0.004086861,7340.597098849215
2773,30,0.11650123333333331,0.11507049999999999,0.13681959999999999,0.1414111666666667,0.139173,0.1674,0.004266209,7032.00429233542
2774,30,0.10827606666666666,0.103956,0.13031994999999996,0.13075306666666667,0.124818,0.15972684999999995,0.003945155,7604.263964280238
2775,30,0.11307203333333331,0.1105635,0.12686945,0.13626643333333335,0.133304,0.153243,0.004110021,7299.232777642742
2776,30,0.1060653,0.1027975,0.12494499999999997,0.1285405,0.124927,0.15246879999999996,0.003877344,7737.255193245685
2777,30,0.11429390000000002,0.111329,0.1342267,0.13949243333333333,0.134911,0.16623489999999996,0.00420759,7129.972264407892
2778,30,0.10806116666666668,0.10241700000000001,0.13090614999999992,0.13168093333333333,0.1240155,0.1640988499999999,0.003976633,7544.070574277283
2779,30,0.1094753,0.1054825,0.1287653,0.13239226666666667,0.127542,0.15277749999999998,0.003993346,7512.497038824084
2780,30,0.106678,0.1035665,0.11879904999999998,0.1293311,0.1243435,0.14536724999999998,0.003901259,7689.8252589740905
2781,30,0.11643713333333335,0.11708850000000001,0.13213199999999997,0.14095566666666667,0.14052399999999998,0.1592955,0.00425195,7055.586260421689
2782,30,0.11200206666666665,0.108131,0.13197859999999997,0.1350028,0.1295645,0.1581458,0.004071832,7367.691004933406
2783,30,0.10923603333333334,0.106427,0.12480449999999996,0.13331336666666666,0.127695,0.15654594999999996,0.004021892,7459.1759301343745
2784,30,0.10681643333333332,0.1036775,0.12135319999999997,0.1292559666666667,0.1253625,0.14895289999999997,0.003900175,7691.962540142429
2785,30,0.11278673333333335,0.1092835,0.134373,0.1366969666666667,0.13208599999999998,0.15921659999999999,0.004124634,7273.372619243307
2786,30,0.10758593333333333,0.1024385,0.12974604999999995,0.1308193666666667,0.1237675,0.1621904499999999,0.003947279,7600.172169233541
2787,30,0.11269813333333335,0.109641,0.1297749,0.13612486666666665,0.1324565,0.1555408,0.004107601,7303.533132843234
2788,30,0.11221003333333333,0.104908,0.14802884999999993,0.13640593333333334,0.126002,0.18264275,0.004115908,7288.7926552294175
2789,30,0.11293933333333332,0.10945099999999999,0.12983095,0.13584876666666668,0.13223849999999998,0.1539111,0.004102036,7313.441422747143
2790,30,0.1079686,0.10279650000000001,0.1330979,0.13097793333333335,0.1248695,0.161648,0.003952443,7590.242288124079
2791,30,0.11380326666666668,0.10688,0.14844559999999987,0.13764353333333335,0.12996649999999998,0.17895134999999984,0.004162586,7207.058304621213
2792,30,0.1040803,0.100298,0.12199979999999999,0.12632343333333332,0.1213285,0.14864229999999998,0.003810772,7872.420601389955
2793,30,0.12123813333333336,0.1176155,0.13977595,0.14837036666666667,0.14406,0.1702157,0.004475991,6702.426345361284
2794,30,0.11895916666666667,0.115912,0.14850319999999995,0.14350636666666666,0.140242,0.17407159999999994,0.004329022,6929.971711855472
2795,30,0.108024,0.10380500000000001,0.13034869999999993,0.13079433333333332,0.12600050000000002,0.1598064999999999,0.003956427,7582.5991481708115
2796,30,0.10853403333333332,0.103905,0.12925674999999998,0.13117693333333333,0.12557200000000002,0.1548493,0.00395826,7579.08778099468
2797,30,0.11905096666666665,0.11225299999999999,0.15690469999999995,0.14492903333333335,0.136553,0.18569334999999995,0.004372787,6860.613151292298
2798,30,0.1073183,0.105373,0.12083474999999996,0.13048496666666667,0.12730550000000002,0.14947319999999994,0.003937294,7619.4462491243985
2799,30,0.11015513333333334,0.10623350000000001,0.12624219999999997,0.13431843333333332,0.12810749999999999,0.15511614999999995,0.004055173,7397.95811424075
2800,30,0.10949396666666668,0.106625,0.12893895,0.13287896666666665,0.128901,0.15944779999999997,0.004008607,7483.896525650931
2801,30,0.1383169333333333,0.1164045,0.25345914999999986,0.1645176,0.14168150000000002,0.28375729999999993,0.004960548,6047.718921377234
2802,30,0.1096983,0.105168,0.12589299999999998,0.13323946666666667,0.127243,0.15671449999999995,0.004019507,7463.601879533982
2803,30,0.11067076666666667,0.1075825,0.12566684999999997,0.13469780000000003,0.13026549999999998,0.15460839999999995,0.004064137,7381.6409240141265
2804,30,0.11420893333333332,0.1108555,0.12930279999999997,0.13851660000000002,0.13411849999999997,0.15782269999999995,0.004179094,7178.589426320633
2805,30,0.11297006666666666,0.1060535,0.14941594999999988,0.13760913333333333,0.1291515,0.18334709999999987,0.004151381,7226.510888786165
2806,30,0.10860299999999998,0.10520550000000001,0.11904824999999997,0.13205876666666666,0.12741049999999998,0.14650359999999996,0.00398435,7529.459008370248
2807,30,0.109534,0.104959,0.13421049999999998,0.1329922,0.12622899999999998,0.1622708,0.004011588,7478.335262743831
2808,30,0.11686706666666666,0.1119135,0.15225864999999994,0.14154983333333335,0.13580599999999998,0.18094039999999997,0.004269343,7026.8423033707995
2809,30,0.11154479999999999,0.105046,0.13000439999999996,0.1356397,0.1281945,0.16041389999999994,0.004091995,7331.387257315808
2810,30,0.1098717,0.1077855,0.12441189999999996,0.13379813333333332,0.1310095,0.15355509999999994,0.004037404,7430.517233350936
2811,30,0.10652513333333333,0.104535,0.11394289999999999,0.12939526666666668,0.1275415,0.1404743,0.003903438,7685.532599723629
2812,30,0.11373453333333333,0.10930899999999999,0.13232229999999995,0.13796723333333336,0.13219,0.1604466,0.004165485,7202.042499252788
2813,30,0.11061723333333333,0.104746,0.13400589999999993,0.13391633333333333,0.1266585,0.1661687999999999,0.004039839,7426.038512920936
2814,30,0.11088146666666668,0.1071145,0.12140804999999999,0.13501226666666666,0.13071300000000002,0.14881754999999997,0.004073822,7364.092000092296
2815,30,0.10656366666666668,0.103632,0.12341529999999998,0.1295383,0.125181,0.15303609999999998,0.003908206,7676.156272212877
2816,30,0.12312903333333333,0.123224,0.14509265,0.15128789999999998,0.1517035,0.17231559999999999,0.004564592,6572.328917896714
2817,30,0.11912426666666667,0.1132075,0.14703635,0.14458530000000003,0.1374695,0.17725419999999997,0.004361637,6878.151483032632
2818,30,0.11305063333333334,0.1075435,0.13357365,0.13772016666666664,0.13045,0.16452585,0.00415424,7221.537513480203
2819,30,0.10733020000000001,0.1034095,0.1201134,0.13015476666666667,0.12547550000000002,0.14676674999999997,0.003926761,7639.884372896644
2820,30,0.1233676,0.1219885,0.15357669999999998,0.14920203333333332,0.14760099999999998,0.19040299999999996,0.004501114,6665.016704753535
2821,30,0.10933583333333333,0.106198,0.12500554999999997,0.13279400000000002,0.128928,0.15384024999999996,0.004006306,7488.194860801946
2822,30,0.11472689999999999,0.109063,0.14241759999999998,0.1387116333333333,0.1302235,0.17541224999999996,0.00418424,7169.760816779153
2823,30,0.10974110000000002,0.1058505,0.12868694999999997,0.1331541,0.12704300000000002,0.15890224999999997,0.004017311,7467.681740348208
2824,30,0.11873516666666667,0.1153495,0.1391845,0.14408879999999996,0.1394975,0.16788389999999997,0.004346391,6902.27823497702
2825,30,0.11158093333333333,0.10659550000000001,0.1481851499999999,0.13515133333333332,0.127991,0.18415129999999993,0.004077027,7358.30299872922
2826,30,0.10992163333333331,0.1049145,0.1302156,0.1331389,0.125263,0.15987424999999997,0.004016153,7469.834939057352
2827,30,0.10846610000000001,0.1032575,0.1268394,0.13176263333333335,0.124347,0.1583984,0.003976216,7544.8617479533295
2828,30,0.11627670000000001,0.11067099999999999,0.13746829999999996,0.14046066666666668,0.132836,0.16856929999999998,0.004237528,7079.599238046333
2829,30,0.11419053333333332,0.107969,0.1505906,0.13824160000000002,0.13122899999999998,0.18128844999999996,0.004175628,7184.548048820441
2830,30,0.11462456666666668,0.10950950000000001,0.14092165,0.13991716666666668,0.13154,0.17453914999999998,0.004223555,7103.021033229115
2831,30,0.12573356666666666,0.107176,0.24571064999999992,0.15324606666666668,0.1294345,0.29961045,0.004626624,6484.209652653857
2832,30,0.1140039,0.10646649999999999,0.15609374999999992,0.138234,0.12880750000000002,0.1912906499999999,0.004171722,7191.274969904514
2833,30,0.11203749999999998,0.1088665,0.12820404999999996,0.13613350000000005,0.1316095,0.15771484999999996,0.004108811,7301.382322039149
2834,30,0.11408936666666668,0.10632849999999999,0.15712374999999995,0.1399354333333333,0.12984,0.22418359999999996,0.004222422,7104.926982665399
2835,30,0.13695823333333332,0.114597,0.25508109999999995,0.1681920333333333,0.1378685,0.3169577499999999,0.005075528,5910.715101955895
2836,30,0.10591773333333333,0.10289899999999999,0.11735629999999997,0.12787246666666666,0.123934,0.14449179999999995,0.00385768,7776.694801020302
2837,30,0.11194736666666667,0.1096335,0.12612445,0.1359803,0.13283699999999998,0.1552177,0.004104568,7308.9299531643765
2838,30,0.11171473333333334,0.106745,0.13011804999999996,0.13567363333333335,0.1292535,0.16016129999999995,0.004093322,7329.010520061701
2839,30,0.1645113,0.144428,0.2819511999999999,0.1969558,0.17370049999999998,0.3360954499999999,0.005937421,5052.698806434646
2840,30,0.11047746666666666,0.10674600000000001,0.12536889999999995,0.13408923333333334,0.12913550000000001,0.15535394999999994,0.004046176,7414.408073202944
2841,30,0.10773076666666666,0.1048325,0.12485349999999995,0.12998649999999998,0.12639899999999998,0.15192519999999993,0.003922111,7648.9421130610535
2842,30,0.13504466666666667,0.1042795,0.29307295,0.16364273333333335,0.126691,0.3567865999999998,0.004937067,6076.482251506816
2843,30,0.12436083333333334,0.105161,0.23902964999999993,0.14820066666666667,0.126359,0.2679026499999999,0.004469147,6712.690363507847
2844,30,0.11290383333333333,0.1102585,0.13166684999999997,0.1369501,0.133789,0.15774,0.004131975,7260.450510954204
2845,30,0.10461096666666667,0.10107849999999999,0.12266704999999997,0.12657210000000002,0.12206700000000001,0.14986749999999996,0.003817925,7857.671379086808
2846,30,0.14273483333333334,0.1191875,0.24401149999999996,0.1722234,0.144866,0.2967372,0.005198392,5771.0153447450675
2847,30,0.10724363333333332,0.1033525,0.12670369999999997,0.1297133,0.1247425,0.15397729999999996,0.003912645,7667.447468400532
2848,30,0.1125303,0.108187,0.13191909999999998,0.1362875,0.13041350000000002,0.16283649999999997,0.004110546,7298.30051774144
2849,30,0.10729033333333333,0.103493,0.12407694999999998,0.1297975,0.124239,0.15175419999999995,0.003915988,7660.901923090674
2850,30,0.13158403333333332,0.1148825,0.24118944999999997,0.16140833333333332,0.139102,0.29747399999999996,0.004869416,6160.903073387035
2851,30,0.10602890000000004,0.10217799999999999,0.12243574999999997,0.12812483333333333,0.123394,0.15047399999999994,0.003865205,7761.554691148335
2852,30,0.11251176666666667,0.107485,0.13493199999999997,0.1360799,0.1288725,0.16566534999999996,0.004104635,7308.810649424371
2853,30,0.11347013333333332,0.106289,0.1510597,0.13739816666666668,0.1271895,0.18349329999999994,0.004146344,7235.289691352189
2854,30,0.12102070000000002,0.1083005,0.1638146499999999,0.14851483333333332,0.1290915,0.21482859999999981,0.004480574,6695.57070143245
2855,30,0.1108167,0.10850599999999999,0.13096714999999998,0.13463706666666667,0.130795,0.15744794999999998,0.004061607,7386.2389935806195
2856,30,0.1177002,0.1059075,0.1859161499999999,0.1412459666666667,0.1276095,0.2253334999999999,0.004259852,7042.498190077966
2857,30,0.12797876666666666,0.1076515,0.22697655,0.15706343333333334,0.12974,0.28493999999999997,0.004739474,6329.816346708517
2858,30,0.10850536666666667,0.1023795,0.13692114999999996,0.1314266666666667,0.12337200000000001,0.16910129999999995,0.003964905,7566.3855754425385
2859,30,0.11138503333333333,0.1097085,0.12411849999999998,0.1351553,0.13382349999999998,0.15339774999999997,0.004076996,7358.3589485984285
2860,30,0.1085099,0.105735,0.11447759999999998,0.13128256666666668,0.12775199999999998,0.13950924999999997,0.003960385,7575.021115371359
2861,30,0.14988543333333335,0.131701,0.23041034999999999,0.18466046666666672,0.15817599999999998,0.2903476,0.005570424,5385.586447279417
2862,30,0.11119476666666667,0.105373,0.14920509999999998,0.13512353333333332,0.1265385,0.18282564999999998,0.004076764,7358.7776972127895
2863,30,0.11065123333333333,0.106044,0.12685614999999997,0.13417013333333333,0.12741449999999999,0.15634945,0.004052749,7402.382925762243
2864,30,0.12263656666666665,0.1077475,0.22584304999999996,0.1459934,0.12921349999999998,0.25189274999999994,0.00440153,6815.811774542034
2865,30,0.1410437333333333,0.12335650000000001,0.23809019999999997,0.17220993333333334,0.1484795,0.29885505,0.005195366,5774.376627171214
2866,30,0.11464700000000001,0.113119,0.12942579999999995,0.13876466666666668,0.135819,0.16148024999999994,0.004185845,7167.011678645531
2867,30,0.10964770000000001,0.1040505,0.13579044999999995,0.13363656666666665,0.1263975,0.16749484999999995,0.004031592,7441.229171999548
2868,30,0.1341791,0.107575,0.25309544999999994,0.16220896666666668,0.1312655,0.30596154999999986,0.004893203,6130.9534879300945
2869,30,0.13044836666666668,0.12284300000000001,0.15751715,0.15399286666666664,0.145447,0.188523,0.004645119,6458.3921316116985
2870,30,0.12397739999999999,0.12244250000000001,0.14606135,0.14683130000000003,0.142731,0.17391325,0.004427986,6775.089171465312
2871,30,0.10957689999999998,0.1057025,0.12511004999999994,0.13240546666666667,0.127589,0.15620554999999992,0.003995055,7509.283351543346
2872,30,0.13043666666666665,0.11313799999999999,0.22101929999999995,0.1600131666666667,0.1384595,0.27837894999999996,0.004829169,6212.248939724412
2873,30,0.11226203333333333,0.1028395,0.1481207999999999,0.13502246666666665,0.123608,0.18925639999999988,0.004076723,7358.851705156323
2874,30,0.1219438,0.102906,0.22905424999999982,0.1450308,0.1246755,0.26575399999999977,0.004374175,6858.436162247738
2875,30,0.12604393333333333,0.1107665,0.18769649999999996,0.15251316666666667,0.1348205,0.23230529999999996,0.004604003,6516.0687340994355
2876,30,0.14306029999999997,0.1302875,0.20059804999999997,0.17537640000000004,0.16056350000000003,0.24415394999999998,0.005293971,5666.823637681431
2877,30,0.13202146666666667,0.129026,0.14311345,0.16199643333333336,0.157758,0.1793841,0.004888242,6137.175696293269
2878,30,0.1341926,0.12982349999999998,0.16255004999999995,0.16365400000000002,0.15814250000000002,0.19690894999999994,0.004937835,6075.537153428578
2879,30,0.1375739,0.1321,0.17405124999999996,0.16704620000000003,0.162242,0.21518474999999995,0.005039783,5952.637246484621
2880,30,0.11777420000000001,0.1115515,0.1637662499999999,0.14312390000000003,0.1357515,0.19941234999999985,0.004321401,6942.193052669724
2881,30,0.11186560000000001,0.107197,0.13123729999999997,0.13645696666666665,0.13024449999999999,0.16362054999999998,0.004116094,7288.463285823891
2882,30,0.12156366666666665,0.119739,0.14855379999999999,0.1484807,0.1452515,0.177583,0.00447915,6697.699340276615
2883,30,0.1284102,0.12177550000000001,0.16903824999999997,0.1564006666666667,0.14707,0.20708125,0.004717046,6359.912538482771
2884,30,0.11114713333333331,0.10906450000000001,0.12443099999999999,0.13510996666666666,0.1338675,0.1504669,0.004076167,7359.855472064809
2885,30,0.10999283333333335,0.1056715,0.13081839999999997,0.13376273333333336,0.12921149999999998,0.16253984999999999,0.004035618,7433.805677346071
2886,30,0.11846566666666666,0.1155,0.14367684999999997,0.14379259999999996,0.139849,0.17068574999999997,0.004337675,6916.147475317998
2887,30,0.10898766666666668,0.105067,0.12751084999999995,0.13284733333333335,0.12789,0.15669854999999996,0.004008582,7483.9431998646905
2888,30,0.10964863333333333,0.105904,0.12815505,0.13357196666666668,0.1290455,0.15542235,0.004029338,7445.391774033352
2889,30,0.10701703333333334,0.10612150000000001,0.11567729999999998,0.1301514,0.127587,0.14368319999999996,0.003927322,7638.793050327934
2890,30,0.12247406666666666,0.12109349999999999,0.16204339999999998,0.14954226666666667,0.146949,0.199263,0.004510296,6651.448153291935
2891,30,0.10902586666666665,0.1057535,0.1248304,0.13228130000000002,0.12864199999999998,0.153082,0.003993416,7512.365353371651
2892,30,0.11008520000000002,0.1054195,0.14113489999999995,0.13347783333333335,0.1278455,0.17024554999999997,0.004032043,7440.396841005912
2893,30,0.1132013,0.108076,0.14265489999999997,0.13695443333333335,0.13100099999999998,0.16814869999999996,0.004131229,7261.761572645815
2894,30,0.12297746666666667,0.112592,0.1817020499999999,0.1503869333333333,0.135648,0.21590514999999988,0.004535982,6613.782858926689
2895,30,0.1091415333333333,0.10530700000000001,0.1374615999999999,0.13267656666666666,0.1270575,0.16255404999999995,0.004002626,7495.07948032117
2896,30,0.11082756666666667,0.107101,0.13079799999999994,0.13595453333333332,0.12891249999999999,0.16889634999999997,0.004101516,7314.368638327876
2897,30,0.11081440000000001,0.10659350000000001,0.12586309999999998,0.1347234,0.12910850000000001,0.15431309999999995,0.004067861,7374.883261743703
2898,30,0.11914953333333335,0.1096525,0.16713755,0.14541876666666662,0.13311800000000001,0.21152719999999994,0.004386353,6839.394822988483
2899,30,0.11404893333333331,0.106876,0.15569894999999997,0.13825526666666665,0.129515,0.19128165,0.004170988,7192.540472425239
2900,30,0.11140396666666667,0.1074125,0.12753949999999997,0.135321,0.12935449999999998,0.15725749999999997,0.004082399,7348.620259803121
2901,30,0.11134989999999999,0.10738,0.13427849999999994,0.13519983333333332,0.13061099999999998,0.15994869999999994,0.004078666,7355.34608619583
2902,30,0.11132513333333333,0.1062545,0.13150244999999997,0.13551456666666667,0.1295825,0.16356739999999995,0.004087513,7339.42619876683
2903,30,0.11217413333333333,0.10723250000000001,0.1288185,0.13613953333333334,0.1292335,0.1569351,0.004106399,7305.6709783925035
2904,30,0.10889499999999999,0.106242,0.12166474999999996,0.1315851,0.128469,0.14759074999999994,0.00396907,7558.445681230112
2905,30,0.14277363333333334,0.12367149999999999,0.2529226999999997,0.17334130000000003,0.15005200000000002,0.2953759999999997,0.005229373,5736.825428210992
2906,30,0.12425546666666666,0.11517050000000001,0.16793064999999996,0.15125443333333338,0.1395655,0.2095561999999999,0.004562377,6575.519734559419
2907,30,0.11287513333333334,0.1092915,0.13664685,0.13663243333333333,0.13093149999999998,0.16513909999999996,0.00412152,7278.867990450125
2908,30,0.13776196666666665,0.1165185,0.23902814999999974,0.16468613333333332,0.1424135,0.27387784999999976,0.004965148,6042.115965123296
2909,30,0.13116673333333334,0.1248985,0.18906834999999994,0.15869343333333333,0.15317,0.22259919999999997,0.004786313,6267.872577493365
2910,30,0.1122257,0.11037549999999999,0.12532919999999997,0.13685196666666669,0.133792,0.15519304999999994,0.00412881,7266.016116023745
2911,30,0.12209016666666667,0.110857,0.17996149999999997,0.14953473333333334,0.134831,0.23553119999999994,0.004511466,6649.723172024349
2912,30,0.14783916666666666,0.121461,0.2877482499999999,0.17609656666666662,0.1490355,0.3235128499999999,0.005310543,5649.1398337232185
2913,30,0.12483239999999997,0.12303700000000001,0.15434219999999996,0.15168776666666664,0.1498815,0.1882932499999999,0.004577267,6554.129352733847
2914,30,0.11020093333333332,0.10614,0.12732824999999995,0.1334715333333333,0.12858,0.15764714999999996,0.004031592,7441.229171999548
2915,30,0.11755433333333333,0.109012,0.1559892,0.144346,0.1334035,0.19971764999999997,0.004354917,6888.765044201761
2916,30,0.13062176666666667,0.12369749999999999,0.1711991999999999,0.15784223333333333,0.15135700000000002,0.20886229999999992,0.004762463,6299.261537569951
2917,30,0.10844043333333332,0.10751,0.11738599999999999,0.13213429999999998,0.1303285,0.14466814999999997,0.00398736,7523.775129408933
2918,30,0.11210180000000002,0.1094975,0.12519904999999998,0.13663776666666666,0.1324325,0.15492145,0.004126238,7270.545227880699
2919,30,0.1135863,0.10961,0.1352677,0.13775779999999999,0.132376,0.16802499999999995,0.004160932,7209.923161445561
2920,30,0.11763106666666666,0.109971,0.14460604999999996,0.14582836666666665,0.1336185,0.19764029999999996,0.004400051,6818.102790172205
2921,30,0.11407866666666666,0.111581,0.12993,0.1384617333333333,0.1352845,0.15799339999999998,0.004176476,7183.089283884308
2922,30,0.11352046666666664,0.1092195,0.13374764999999997,0.13814823333333334,0.1324805,0.16359335,0.004167378,7198.7710258104735
2923,30,0.11428713333333332,0.1105035,0.13545044999999997,0.13959673333333333,0.13469399999999998,0.16614779999999998,0.004210823,7124.497990060376
2924,30,0.11715203333333334,0.10799800000000001,0.15242749999999994,0.14293563333333334,0.131465,0.18484409999999993,0.004315705,6951.355572264554
2925,30,0.12006166666666665,0.1123165,0.16681094999999996,0.1468479,0.1361695,0.20150949999999998,0.00442978,6772.345353493853
2926,30,0.11266296666666666,0.110212,0.12990455,0.13735386666666666,0.1333425,0.16019499999999995,0.004143941,7239.485311204961
2927,30,0.13506066666666666,0.1284265,0.1842306499999999,0.16453823333333334,0.1586435,0.22452314999999995,0.004962434,6045.420452947082
2928,30,0.112625,0.1080355,0.13538314999999998,0.1369227,0.13158799999999998,0.16475805,0.004131749,7260.847645875875
2929,30,0.11064446666666666,0.106071,0.12533999999999998,0.13495549999999995,0.129008,0.15062174999999994,0.004072241,7366.951022790646
2930,30,0.1147292,0.1108645,0.13260955,0.14014360000000003,0.13349250000000001,0.1679647,0.004228076,7095.425910035676
2931,30,0.11886733333333334,0.1103045,0.15649734999999995,0.14418953333333334,0.13157950000000002,0.18459789999999998,0.004353418,6891.137033016355
2932,30,0.11162810000000002,0.108832,0.12762014999999996,0.13550323333333333,0.130774,0.15763099999999997,0.004087835,7338.848069944115
2933,30,0.11137976666666667,0.105975,0.13316085,0.1356319,0.128355,0.16288674999999997,0.00409153,7332.220465204947
2934,30,0.11256896666666669,0.1093305,0.12931939999999997,0.13696856666666665,0.132717,0.15934449999999997,0.004132078,7260.269530246041
2935,30,0.12007663333333335,0.11501149999999999,0.15136359999999996,0.1460852,0.1393215,0.17977939999999998,0.004407192,6807.055376756901
2936,30,0.12751873333333333,0.109147,0.22421184999999977,0.15122683333333334,0.13207649999999999,0.24987334999999974,0.004559285,6579.979097599734
2937,30,0.11390233333333334,0.1121105,0.13250709999999996,0.13790736666666667,0.13580799999999998,0.15747679999999997,0.004159664,7212.120979002149
2938,30,0.12272293333333333,0.1188005,0.1645913,0.14958376666666667,0.144413,0.19639079999999995,0.004516211,6642.736577188267
2939,30,0.11336853333333333,0.1080255,0.14552384999999995,0.1368974,0.130037,0.17822304999999994,0.00412897,7265.734553653817
2940,30,0.11393783333333332,0.10974600000000001,0.13277024999999998,0.13782963333333334,0.132623,0.15625604999999998,0.004157969,7215.061006948344
2941,30,0.10672663333333335,0.10406850000000001,0.12048019999999997,0.12885649999999998,0.125221,0.15039999999999995,0.003887415,7717.210537079267
2942,30,0.12673833333333331,0.1212955,0.17786719999999998,0.15312309999999998,0.14596399999999998,0.21531044999999996,0.004617837,6496.548059188751
2943,30,0.11031823333333333,0.1060625,0.13446094999999997,0.1335165666666667,0.1279025,0.16315299999999996,0.004027862,7448.120119308954
2944,30,0.11731096666666668,0.11148050000000001,0.1431092,0.14356929999999998,0.13483699999999998,0.18943914999999995,0.004331284,6926.352555039106
2945,30,0.11635036666666668,0.114566,0.13139255,0.14082999999999998,0.13789200000000001,0.163011,0.004247716,7062.619063986386
2946,30,0.12233016666666668,0.118234,0.15983539999999996,0.1481198333333333,0.143063,0.19505704999999998,0.004475767,6702.761783622785
2947,30,0.1103916,0.1072235,0.12376254999999999,0.13439520000000002,0.130121,0.15285469999999998,0.004055073,7398.140551353822
2948,30,0.11327063333333331,0.1071255,0.14835114999999996,0.1372591,0.13003399999999998,0.17851709999999996,0.004146084,7235.743414749918
2949,30,0.12065613333333333,0.11759349999999999,0.14370434999999998,0.1465534,0.143348,0.17661944999999998,0.004420379,6786.748376100782
2950,30,0.13112533333333334,0.1117165,0.23132589999999995,0.15943663333333333,0.13543899999999998,0.2835021999999999,0.004809343,6237.858268790561
2951,30,0.11501183333333334,0.10922950000000001,0.13620824999999998,0.13941109999999995,0.132605,0.16470899999999997,0.004204709,7134.857608457565
2952,30,0.11278756666666667,0.1083115,0.13080984999999998,0.13715190000000002,0.1309885,0.16312064999999995,0.004136992,7251.6456401172645
2953,30,0.12110753333333332,0.120088,0.14535825,0.1474979333333333,0.1465295,0.17230964999999998,0.004448505,6743.838660403888
2954,30,0.10971183333333336,0.105161,0.12820245,0.133291,0.127938,0.15672689999999997,0.004021325,7460.227661280796
2955,30,0.10665836666666666,0.10451250000000001,0.1178008,0.13023446666666666,0.126981,0.14551645,0.003929891,7633.799512505564
2956,30,0.10998179999999999,0.106855,0.12686494999999998,0.13340409999999997,0.1290245,0.15507354999999998,0.004025199,7453.047662985109
2957,30,0.13119849999999997,0.11954200000000001,0.18633734999999998,0.15769353333333333,0.146083,0.22497664999999997,0.004756562,6307.076413594525
2958,30,0.11090810000000001,0.1072485,0.13091704999999998,0.13479466666666665,0.1304255,0.16104974999999996,0.004067437,7375.652038372075
2959,30,0.11054689999999998,0.105368,0.12726829999999995,0.13485476666666665,0.1286895,0.15690674999999996,0.004069525,7371.867724120137
2960,30,0.11391893333333332,0.1102785,0.13529944999999996,0.13837380000000002,0.1320785,0.16311764999999998,0.00417618,7183.598408114593
2961,30,0.12398743333333334,0.1141765,0.16456055,0.14973253333333333,0.137902,0.19845334999999997,0.004518401,6639.5169441579
2962,30,0.11103663333333333,0.1064685,0.12758559999999997,0.13563846666666668,0.130544,0.15798379999999995,0.004093875,7328.0205184574515
2963,30,0.10682586666666666,0.1042485,0.12045449999999998,0.1297013,0.126279,0.14764659999999993,0.003913949,7664.892925278281
2964,30,0.10981693333333332,0.1062375,0.12795399999999998,0.13305936666666665,0.128689,0.15677574999999996,0.004013853,7474.115270290167
2965,30,0.1465785,0.1348225,0.20991799999999997,0.1768586,0.1655015,0.2692593499999999,0.005333507,5624.816841901586
2966,30,0.12317443333333333,0.114986,0.16163955,0.14789776666666665,0.13742749999999998,0.19431735,0.004465115,6718.751924642478
2967,30,0.11135583333333333,0.10327,0.15009389999999992,0.13455486666666666,0.12483849999999999,0.18150179999999996,0.004058073,7392.6713491846995
2968,30,0.12433566666666665,0.1075835,0.2068712499999999,0.14732453333333334,0.1285535,0.2297056999999999,0.004442473,6752.995459961153
2969,30,0.12858983333333335,0.104373,0.21092685,0.15149996666666665,0.12667499999999998,0.2337861,0.0045663,6569.8705735497015
2970,30,0.10930226666666666,0.10382250000000001,0.13594914999999994,0.13206253333333332,0.1254675,0.16492754999999998,0.003983509,7531.0486307423935
2971,30,0.10683793333333334,0.105011,0.1172743,0.12941099999999997,0.1276235,0.14436279999999999,0.003904301,7683.8338027728905
2972,30,0.1524892666666667,0.1340655,0.24657319999999977,0.18010240000000005,0.1623985,0.2729577499999997,0.005429572,5525.297389923184
2973,30,0.12025113333333332,0.115458,0.13996154999999996,0.1456918333333333,0.139929,0.17033839999999995,0.004395419,6825.287873579287
2974,30,0.11614506666666664,0.111413,0.13347465,0.14055363333333334,0.1341735,0.16522439999999997,0.004244065,7068.694753732565
2975,30,0.11857753333333333,0.10597999999999999,0.17672739999999995,0.1430471,0.129451,0.20162894999999997,0.00431536,6951.911312150088
2976,30,0.1177462,0.105124,0.17633659999999995,0.14274476666666666,0.1262295,0.22670225,0.004306386,6966.398274562476
2977,30,0.10799956666666666,0.104291,0.13352354999999996,0.13051036666666666,0.12612,0.1586815,0.003938357,7617.389688136449
2978,30,0.1056442,0.10274900000000001,0.12145529999999997,0.1282505,0.1232035,0.15015984999999998,0.003868792,7754.358466415357
2979,30,0.11329903333333333,0.10758300000000001,0.1484131499999999,0.13747810000000002,0.12916450000000002,0.18644339999999984,0.004166479,7200.324302606589
2980,30,0.11290926666666666,0.1057765,0.14485284999999998,0.13699773333333332,0.1280105,0.17613979999999999,0.004132361,7259.772319020531
2981,30,0.10968260000000002,0.1033375,0.13574574999999997,0.13249236666666667,0.1247425,0.1625457,0.003996473,7506.618961269099
2982,30,0.10926746666666667,0.1059225,0.13151124999999997,0.13172973333333335,0.12844899999999998,0.15748585,0.003973632,7549.768071124854
2983,30,0.10799396666666666,0.1037415,0.12170699999999998,0.13043626666666663,0.125028,0.14767544999999996,0.003941863,7610.614574885022
2984,30,0.10853023333333332,0.101539,0.12859604999999996,0.132502,0.1234835,0.15977259999999993,0.003996955,7505.713724572831
2985,30,0.10830353333333334,0.103531,0.14233244999999994,0.13105963333333334,0.125465,0.16790904999999998,0.003953286,7588.62374237533
2986,30,0.10625069999999999,0.103403,0.12268904999999998,0.12825373333333331,0.12437999999999999,0.14939404999999997,0.00386861,7754.723272700014
2987,30,0.12317600000000001,0.1089705,0.20316629999999988,0.1480169,0.13277250000000002,0.24349684999999985,0.004465348,6718.401342963639
2988,30,0.11657340000000002,0.10704749999999999,0.16665254999999995,0.14182760000000003,0.1296455,0.21108409999999994,0.004278274,7012.1736008493135
2989,30,0.10698273333333333,0.1059535,0.11639419999999999,0.12925789999999998,0.1291695,0.13957689999999998,0.003899163,7693.958934263584
2990,30,0.11013686666666665,0.1073135,0.12725445000000002,0.13367286666666667,0.13026949999999998,0.15301864999999998,0.004032561,7439.441089669816
2991,30,0.12432373333333332,0.119782,0.15963464999999996,0.15023233333333333,0.14271050000000002,0.19840744999999993,0.004531485,6620.346310315493
2992,30,0.1095222,0.1038855,0.13438015,0.13225813333333333,0.124792,0.1622737,0.003989655,7519.447170244044
2993,30,0.105981,0.10368949999999999,0.11420084999999999,0.12817513333333333,0.124474,0.13949445,0.003866791,7758.371217891011
2994,30,0.11212106666666667,0.10972299999999999,0.13873104999999997,0.13489263333333332,0.13206400000000001,0.16394379999999997,0.004068248,7374.181711636065
2995,30,0.15686980000000003,0.144299,0.2207641999999999,0.18658246666666667,0.1735555,0.26137245,0.005624047,5334.237071631869
2996,30,0.11530493333333333,0.103115,0.15064214999999995,0.13723716666666663,0.1242505,0.18601934999999992,0.004138769,7248.532111842918
2997,30,0.10676273333333335,0.10259750000000001,0.12196139999999997,0.1300765,0.1242905,0.15100304999999997,0.003924284,7644.706652219869
2998,30,0.13286016666666667,0.118315,0.21351819999999982,0.1592668,0.14328849999999999,0.24534654999999986,0.004803366,6245.620258793521
2999,30,0.11692633333333331,0.1038065,0.14326379999999997,0.1440514333333333,0.12830550000000002,0.18272664999999993,0.004347256,6900.904846643492
3000,30,0.15842413333333333,0.134306,0.31263019999999975,0.18870696666666664,0.161216,0.34043504999999974,0.00570075,5262.465465070385
3001,30,0.11198986666666665,0.108688,0.12897254999999996,0.1359627,0.1309775,0.15922794999999995,0.004102865,7311.963713161414
3002,30,0.13952953333333334,0.12482,0.24988614999999978,0.1667335666666667,0.1507065,0.2756538499999998,0.005028853,5965.575052601458
3003,30,0.10940216666666669,0.106154,0.12206049999999999,0.13242926666666668,0.127331,0.15005254999999998,0.003997128,7505.388869208092
3004,30,0.1137758,0.108242,0.12942479999999998,0.13822949999999998,0.1312515,0.15902554999999996,0.004173796,7187.701555131109
3005,30,0.11537863333333331,0.1110325,0.14527469999999995,0.13979206666666666,0.1344755,0.16952879999999995,0.00421903,7110.639175355472
3006,30,0.12002466666666665,0.107908,0.1586790999999999,0.14734726666666662,0.130791,0.20378579999999985,0.004447923,6744.721075432286
3007,30,0.11160643333333332,0.1046955,0.1411436499999999,0.13506906666666665,0.1260045,0.18014874999999983,0.004075699,7360.700581667095
3008,30,0.10727323333333333,0.1029795,0.12400254999999998,0.1309265666666667,0.126107,0.15293054999999994,0.003951182,7592.664676038714
3009,30,0.11823323333333333,0.104715,0.17877179999999993,0.14323836666666667,0.12562600000000002,0.21027294999999996,0.00432352,6938.7906150544
3010,30,0.11026656666666668,0.103019,0.1298276,0.13329033333333334,0.1245075,0.16125899999999999,0.004021002,7460.826928213415
3011,30,0.11221963333333333,0.10777400000000001,0.14283344999999995,0.13656910000000003,0.1295965,0.17488999999999993,0.004120255,7281.1027472814185
3012,30,0.10607856666666667,0.10316900000000001,0.11881144999999999,0.12839686666666666,0.12460850000000001,0.14392404999999997,0.003873567,7744.799560714969
3013,30,0.12367186666666667,0.11030100000000001,0.18349024999999997,0.14991473333333333,0.1345005,0.22078299999999998,0.004522473,6633.538774029165
3014,30,0.10735460000000001,0.103544,0.13238909999999993,0.13080096666666668,0.1254265,0.16287214999999994,0.003950047,7594.846339803045
3015,30,0.10967679999999999,0.1043225,0.14475479999999985,0.13297366666666668,0.12667450000000002,0.17428154999999987,0.004010351,7480.64196874538
3016,30,0.10780060000000004,0.10494049999999999,0.12251399999999997,0.13142363333333335,0.127443,0.15050399999999997,0.003964321,7567.500209998131
3017,30,0.13096516666666666,0.12405,0.17478605,0.15904986666666662,0.150774,0.2162709,0.004799964,6250.046875351565
3018,30,0.10632103333333334,0.101146,0.12691164999999996,0.12929003333333333,0.122666,0.15471754999999995,0.003900107,7692.096652732861
3019,30,0.10808926666666667,0.10566249999999999,0.12218499999999997,0.13083963333333334,0.1269095,0.15078789999999995,0.003946567,7601.543316000971
3020,30,0.11375080000000001,0.105172,0.16310329999999992,0.13608036666666667,0.12646000000000002,0.19446794999999997,0.004103167,7311.425540320441
3021,30,0.12415003333333334,0.112509,0.19380194999999972,0.15083713333333335,0.1355985,0.24738909999999975,0.004550718,6592.366303515182
3022,30,0.10719769999999999,0.104216,0.12443519999999997,0.12965893333333328,0.125714,0.15466064999999998,0.003911569,7669.556640826226
3023,30,0.11222579999999999,0.1080345,0.1323599,0.1351741,0.130616,0.15958059999999996,0.004077402,7357.626253187692
3024,30,0.10762266666666669,0.1038915,0.12514314999999998,0.13015263333333332,0.124742,0.15362394999999995,0.003925932,7641.497611267847
3025,30,0.11714806666666666,0.107182,0.16990015,0.14223276666666665,0.1303585,0.20684374999999997,0.004291277,6990.926011068501
3026,30,0.10742353333333335,0.103187,0.12318344999999996,0.1296098,0.124046,0.15060849999999995,0.003910198,7672.2457532841045
3027,30,0.10857266666666666,0.1032865,0.1305141,0.13109326666666668,0.12454299999999999,0.1577575,0.00395469,7585.929617745006
3028,30,0.10909283333333333,0.105266,0.13213694999999998,0.13194613333333333,0.12686350000000002,0.1594127,0.003980347,7537.031319128709
3029,30,0.11509636666666667,0.10875750000000001,0.14795994999999992,0.13989,0.13212849999999998,0.1826630499999999,0.004220452,7108.243382462351
3030,30,0.10744553333333334,0.104105,0.12448079999999997,0.13014516666666667,0.12558950000000002,0.15314324999999995,0.003925878,7641.602719187912
3031,30,0.11236599999999998,0.103846,0.13627455,0.1362176333333333,0.12474850000000001,0.16738009999999998,0.004108776,7301.444517783399
3032,30,0.10554963333333335,0.1020905,0.11812014999999998,0.12786776666666666,0.1230565,0.14631355,0.003857042,7777.981157581379
3033,30,0.12062403333333331,0.107345,0.17836614999999992,0.14693373333333334,0.130845,0.21640499999999996,0.004432942,6767.514666332202
3034,30,0.11792106666666666,0.10557349999999999,0.16807624999999993,0.1413832,0.12844,0.19642659999999995,0.004267886,7029.241174670551
3035,30,0.11976083333333334,0.103362,0.21834814999999994,0.1420212,0.1240435,0.24332544999999994,0.004282249,7005.664546830415
3036,30,0.10917260000000001,0.107382,0.12197059999999998,0.13239883333333333,0.129573,0.14772995,0.003994844,7509.679977490986
3037,30,0.11945523333333334,0.10935,0.16463719999999996,0.14492663333333333,0.13087949999999998,0.20471075,0.004372163,6861.592305684852
3038,30,0.1051024,0.10296,0.11565854999999998,0.12743433333333334,0.124319,0.14301005,0.003844938,7802.4665157149475
3039,30,0.1124402,0.1032605,0.14131204999999997,0.13635263333333333,0.1252255,0.17691184999999993,0.004113295,7293.422912774308
3040,30,0.11882513333333335,0.115958,0.14378059999999998,0.1445724,0.140569,0.1709287,0.004361854,6877.809298523059
3041,30,0.11535943333333334,0.1083885,0.14273470000000002,0.13979273333333334,0.12952049999999998,0.17695434999999995,0.004217521,7113.183313135844
3042,30,0.10718716666666667,0.1038885,0.12738739999999996,0.12999423333333335,0.1243705,0.15780759999999994,0.003921529,7650.077304031157
3043,30,0.10647396666666668,0.1023115,0.12132729999999997,0.1291225666666667,0.123869,0.14922374999999996,0.003895707,7700.784478914867
3044,30,0.13030756666666668,0.120199,0.18184204999999998,0.15577570000000002,0.1456705,0.20946055,0.004698134,6385.513908287844
3045,30,0.10691183333333336,0.102937,0.12650309999999995,0.1291262,0.124066,0.15453734999999993,0.003896664,7698.8932071125455
3046,30,0.11273823333333335,0.1075885,0.14743299999999998,0.13717313333333334,0.1289415,0.18858529999999996,0.004139702,7246.898448245791
3047,30,0.10839739999999999,0.10335,0.12968804999999997,0.13096970000000002,0.124167,0.15769654999999994,0.003951878,7591.327465068507
3048,30,0.1131543,0.1057235,0.14603309999999994,0.1375135666666667,0.12803599999999998,0.17653724999999995,0.004150358,7228.292113595984
3049,30,0.10923266666666669,0.10270750000000001,0.1355303,0.13216183333333334,0.12352,0.16437975000000002,0.003988367,7521.875494406609
3050,30,0.10962593333333334,0.1071375,0.12534545,0.1326011,0.1286605,0.15124429999999997,0.004001392,7497.390907964028
3051,30,0.10684306666666667,0.1022445,0.12500929999999996,0.1290685,0.1231275,0.15273909999999996,0.003897659,7696.927822572473
3052,30,0.14737803333333332,0.1249875,0.3064204,0.17409770000000002,0.152082,0.33264059999999995,0.005248845,5715.543133775144
3053,30,0.10631873333333333,0.10217899999999999,0.12867659999999997,0.12855666666666668,0.1230125,0.15509244999999997,0.003879399,7733.156604927723
3054,30,0.11000530000000003,0.1053865,0.13852624999999996,0.1327981666666667,0.12596000000000002,0.16771789999999995,0.004005755,7489.224877707199
3055,30,0.10608263333333334,0.10292799999999999,0.12270874999999998,0.12836416666666667,0.12463350000000001,0.15023614999999996,0.003872435,7747.063540123979
3056,30,0.11506973333333333,0.11001649999999999,0.14523974999999997,0.13916486666666666,0.13503900000000002,0.18089685,0.004198651,7145.152097661844
3057,30,0.10507936666666669,0.1012405,0.12267724999999996,0.12719586666666666,0.1218445,0.15006794999999995,0.003837235,7818.129460405735
3058,30,0.10709053333333332,0.1037815,0.12613214999999994,0.12923959999999998,0.1243195,0.15488009999999994,0.003898892,7694.493717702362
3059,30,0.10992503333333331,0.1031475,0.14695399999999992,0.13221846666666667,0.1244565,0.1792556999999999,0.003988275,7522.049006149275
3060,30,0.11592213333333333,0.1054465,0.15435444999999995,0.14162529999999998,0.128147,0.19132059999999992,0.004272138,7022.2450679261765
3061,30,0.11219413333333335,0.105594,0.14798354999999996,0.13591573333333332,0.1275445,0.1872613999999999,0.004100237,7316.650232657284
3062,30,0.14416573333333332,0.1113875,0.34883594999999995,0.17164380000000007,0.1343055,0.39035129999999996,0.005174632,5797.513716917454
3063,30,0.129568,0.121338,0.16510499999999992,0.15667799999999998,0.149343,0.2061769999999999,0.004725477,6348.565446408903
3064,30,0.11601926666666666,0.1058595,0.1493718,0.1422301,0.126551,0.18331404999999995,0.004290824,6991.664071982444
3065,30,0.10899866666666666,0.1071245,0.12774139999999995,0.13171123333333332,0.12946049999999998,0.15529444999999995,0.003973094,7550.7903915688885
3066,30,0.1049328,0.102163,0.12749074999999993,0.12667136666666665,0.12334049999999999,0.15442304999999992,0.00382131,7850.710881870354
3067,30,0.11956303333333333,0.115717,0.16323209999999994,0.14562559999999997,0.140436,0.19567015,0.004393343,6828.513048036541
3068,30,0.10356696666666669,0.1016315,0.11528524999999996,0.12497976666666667,0.121822,0.13948019999999994,0.003779257,7938.0682499232
3069,30,0.10890356666666667,0.104365,0.12581335,0.1311088333333333,0.124839,0.15231964999999997,0.003955751,7583.894941820149
3070,30,0.10942296666666668,0.10204450000000001,0.14127729999999994,0.13315363333333333,0.12330350000000001,0.17112614999999992,0.004016903,7468.4402386614765
3071,30,0.11388986666666666,0.11075299999999999,0.13507809999999995,0.13776933333333335,0.133848,0.16183794999999998,0.004155667,7219.057734895505
3072,30,0.10694413333333334,0.1018855,0.12729365,0.12927873333333334,0.122902,0.1548552,0.003899918,7692.469431408557
3073,30,0.10756420000000001,0.10318849999999999,0.12185874999999996,0.13020973333333333,0.124135,0.15008204999999997,0.003927889,7637.690372614908
3074,30,0.10498959999999997,0.1017625,0.11778279999999998,0.12663176666666667,0.12228449999999999,0.14492359999999999,0.00382008,7853.23867562983
3075,30,0.10947276666666665,0.10462350000000001,0.14467259999999998,0.13272506666666667,0.1264435,0.17315429999999998,0.004005164,7490.329983990668
3076,30,0.10632983333333333,0.10322,0.12515269999999998,0.1281812,0.12338550000000001,0.15359484999999995,0.00386683,7758.292968659082
3077,30,0.10478416666666666,0.102412,0.11453169999999999,0.12673286666666667,0.123395,0.14347849999999995,0.003822959,7847.324546248076
3078,30,0.11052883333333334,0.1045185,0.15352304999999994,0.13369996666666667,0.12619249999999999,0.19249904999999995,0.004032409,7439.721516344201
3079,30,0.10932473333333335,0.1046095,0.13351654999999996,0.1333336333333333,0.127857,0.16733839999999997,0.004023025,7457.075210817729
3080,30,0.10658613333333335,0.1026455,0.11981909999999997,0.12889456666666665,0.12336949999999999,0.14580424999999994,0.003888358,7715.338968274012
3081,30,0.10376699999999998,0.10119600000000001,0.11295754999999998,0.12575033333333333,0.12152299999999999,0.14180654999999998,0.00379361,7908.034826985378
3082,30,0.10679360000000002,0.10201099999999999,0.12134129999999997,0.12927126666666666,0.123088,0.14910589999999996,0.003899907,7692.491128634606
3083,30,0.11063913333333335,0.10658400000000001,0.13790474999999994,0.1337075,0.127574,0.16383599999999998,0.004032796,7439.007576877184
3084,30,0.10625593333333333,0.10127749999999999,0.12508814999999995,0.12864379999999997,0.12283649999999999,0.15247064999999996,0.003883229,7725.529449847021
3085,30,0.10672683333333334,0.102314,0.12399799999999997,0.12948556666666663,0.1232315,0.15249399999999994,0.003910697,7671.266784412088
3086,30,0.11099673333333332,0.107077,0.13160455,0.13456263333333332,0.130033,0.16176579999999996,0.004059846,7389.442850787937
3087,30,0.13802720000000004,0.117898,0.24970094999999987,0.1645398,0.1423625,0.2784319999999999,0.004963499,6044.123308980218
3088,30,0.10879549999999998,0.10254150000000001,0.13888204999999995,0.13178793333333333,0.1236675,0.1743284499999999,0.003976164,7544.960419137641
3089,30,0.10772073333333335,0.1052115,0.12299604999999998,0.13054153333333335,0.1262765,0.14952004999999996,0.003939346,7615.477289885174
3090,30,0.10577270000000001,0.1022255,0.12460924999999999,0.12795253333333334,0.122841,0.15178914999999998,0.003861525,7768.951385786703
3091,30,0.12716973333333334,0.11335049999999999,0.21124079999999973,0.15303923333333333,0.13865699999999997,0.24330349999999978,0.004616647,6498.222627807584
3092,30,0.10742660000000001,0.103594,0.12674894999999997,0.13059376666666667,0.124496,0.15451244999999997,0.003940683,7612.893500948947
3093,30,0.10771419999999998,0.104043,0.12423539999999997,0.13054053333333332,0.1254635,0.15212254999999997,0.003939153,7615.850412512537
3094,30,0.10776673333333334,0.10175100000000001,0.12338464999999998,0.13143549999999998,0.12329899999999999,0.15259679999999995,0.003974606,7547.917957150972
3095,30,0.11405086666666665,0.1121955,0.13815919999999998,0.13757226666666664,0.1360915,0.16430055,0.00415069,7227.713946355907
3096,30,0.1054713,0.1023255,0.1186077,0.12737936666666666,0.123275,0.14615974999999998,0.003842205,7808.016490530828
3097,30,0.10612636666666668,0.10212650000000001,0.12445144999999995,0.12842539999999997,0.12297949999999999,0.15251039999999993,0.003873865,7744.203786141231
3098,30,0.10607846666666666,0.1016485,0.12691234999999998,0.12805773333333334,0.122695,0.15440539999999994,0.003862838,7766.3106762437355
3099,30,0.11345126666666668,0.10802600000000001,0.14600285,0.13966086666666666,0.13310149999999998,0.18208494999999997,0.004213359,7120.209789861248
3100,30,0.1075542,0.1031535,0.12214184999999998,0.13025176666666666,0.124263,0.15013684999999996,0.003929415,7634.724252846797
3101,30,0.10587996666666667,0.102674,0.11168865,0.1279670333333333,0.122923,0.13783204999999998,0.003860393,7771.229509534392
3102,30,0.1121939,0.1039075,0.15610205,0.1360414,0.124729,0.19291324999999998,0.004107765,7303.241543759197
3103,30,0.11439296666666669,0.111922,0.13598875,0.13896180000000002,0.1354205,0.17316774999999998,0.004192691,7155.30908430886
3104,30,0.10884353333333333,0.10344400000000001,0.12831305,0.1314715333333333,0.125171,0.15568794999999996,0.003965957,7564.378534613462
3105,30,0.10706629999999998,0.102724,0.12371424999999997,0.12970416666666668,0.12414649999999999,0.15251494999999995,0.003913077,7666.600989451524
3106,30,0.10733146666666668,0.1044955,0.12310059999999996,0.1295669,0.125966,0.15082264999999997,0.003908602,7675.378562462999
3107,30,0.11331306666666666,0.10806850000000001,0.13211525,0.13802860000000003,0.1308205,0.16658669999999998,0.00416417,7204.316826642525
3108,30,0.13434930000000003,0.128935,0.17781304999999997,0.16395766666666664,0.157443,0.22463159999999996,0.00494658,6064.796283492838
3109,30,0.12181109999999998,0.1125405,0.15668369999999998,0.14729383333333335,0.135276,0.19276325,0.004443992,6750.687219958992
3110,30,0.11459346666666669,0.10932549999999999,0.1512325,0.1385395333333333,0.133818,0.17562345,0.004178831,7179.0412199009725
3111,30,0.12867879999999998,0.107629,0.21542244999999993,0.15607203333333336,0.1295245,0.2706461999999999,0.004717929,6358.722227485831
3112,30,0.10632986666666668,0.1040825,0.12261504999999998,0.12841586666666666,0.1249975,0.14987404999999995,0.003873821,7744.291747088985
3113,30,0.10623999999999999,0.102631,0.12319994999999996,0.12826856666666667,0.12390999999999999,0.15065279999999995,0.003869885,7752.168346087804
3114,30,0.1048232,0.10179150000000001,0.12127849999999996,0.1267998333333333,0.122629,0.14851769999999995,0.003825557,7841.995296371221
3115,30,0.12276826666666668,0.1068395,0.16568079999999996,0.1483356333333333,0.12732949999999998,0.20761754999999996,0.004479182,6697.651490830245
3116,30,0.10409070000000001,0.101966,0.11611415,0.1263241,0.1229995,0.14211074999999998,0.003810513,7872.9556886434975
3117,30,0.1117009,0.106186,0.13384159999999998,0.1362499333333333,0.1272315,0.16477599999999998,0.004109827,7299.577330140661
3118,30,0.13193363333333333,0.1095555,0.23726424999999984,0.1560048,0.1326545,0.2739623999999999,0.004702903,6379.038649106733
3119,30,0.12228043333333334,0.1031045,0.21873519999999994,0.1454816,0.12369250000000001,0.2607093,0.004394344,6826.957561811274
3120,30,0.1068337,0.1023855,0.12314004999999997,0.1295093,0.12410650000000001,0.15209524999999996,0.00390762,7677.307414743502
3121,30,0.1062357,0.102198,0.12270209999999997,0.12824076666666664,0.1224045,0.15012844999999994,0.003868409,7755.126203046265
3122,30,0.12844373333333334,0.111002,0.21305889999999997,0.1532994,0.1339255,0.24075974999999997,0.004627788,6482.578717953373
3123,30,0.10685453333333333,0.1023445,0.12647244999999996,0.1293884666666667,0.12370800000000001,0.15442644999999994,0.003903088,7686.221781317767
3124,30,0.10957166666666666,0.10542,0.127217,0.13280906666666664,0.12708550000000002,0.15570074999999997,0.004006522,7487.791156519295
3125,30,0.11103883333333334,0.1039225,0.14370164999999996,0.13448426666666666,0.12688,0.17442804999999997,0.004057227,7394.212845374439
3126,30,0.11632363333333334,0.111593,0.1332987,0.14141703333333336,0.1363545,0.16392554999999998,0.00426648,7031.557630646342
3127,30,0.10472513333333336,0.102009,0.11435469999999998,0.12655326666666666,0.1232365,0.14121999999999996,0.003818228,7857.047824278697
3128,30,0.10731810000000003,0.10386000000000001,0.12093144999999995,0.12992473333333335,0.12490499999999999,0.14923494999999995,0.00392081,7651.480178840597
3129,30,0.10653766666666666,0.1034565,0.12191564999999999,0.12857383333333336,0.1245975,0.14865619999999996,0.003879504,7732.9473046038875
3130,30,0.11615916666666667,0.11016500000000001,0.15051589999999998,0.14236763333333333,0.136032,0.1896825,0.004296941,6981.710942738101
3131,30,0.11262496666666665,0.105548,0.15205679999999988,0.1357661,0.127609,0.19039259999999986,0.004097062,7322.320238258537
3132,30,0.1175056,0.10302249999999999,0.19282764999999996,0.14080083333333335,0.124495,0.22160114999999994,0.004250536,7057.933399458327
3133,30,0.12096103333333333,0.1117325,0.18429629999999986,0.14694213333333334,0.13503300000000001,0.21324244999999986,0.004433516,6766.63848737661
3134,30,0.11811039999999999,0.1178295,0.14431539999999998,0.1441861,0.1443105,0.17217485,0.004351206,6894.640244566679
3135,30,0.10684400000000001,0.103992,0.12803349999999997,0.12997693333333332,0.1251535,0.15599264999999995,0.003922102,7648.959664995963
3136,30,0.10639656666666666,0.102589,0.12513079999999996,0.12956203333333333,0.1239615,0.15360544999999995,0.003912951,7666.847859837755
3137,30,0.10565796666666664,0.101915,0.12161529999999997,0.12822753333333334,0.123003,0.15204604999999993,0.003869046,7753.849398533902
3138,30,0.1337331333333333,0.1193685,0.22014079999999991,0.15892963333333332,0.14661449999999998,0.24276959999999992,0.00479316,6258.918959517312
3139,30,0.10298913333333333,0.100914,0.1109979,0.1252161,0.1227415,0.13913834999999997,0.003778771,7939.089190638967
3140,30,0.11137349999999999,0.10534199999999999,0.1380089,0.13477056666666665,0.1257645,0.17144655,0.004070438,7370.214212819357
3141,30,0.10599943333333334,0.10193949999999999,0.12196164999999996,0.128688,0.12288850000000001,0.14981504999999998,0.003882903,7726.178068316412
3142,30,0.11611336666666669,0.1124135,0.13777874999999998,0.1414402,0.135809,0.16739284999999998,0.004267498,7029.880271765798
3143,30,0.1059098,0.1029645,0.12215489999999998,0.12805156666666667,0.1239275,0.14909534999999996,0.003863247,7765.4884608724215
3144,30,0.1084131,0.1041035,0.1456846999999999,0.13101873333333333,0.12476600000000002,0.1793440499999999,0.003951915,7591.256390888973
3145,30,0.10548850000000001,0.101646,0.12638684999999994,0.1274132,0.12233,0.15483169999999993,0.003843653,7805.075015876824
3146,30,0.1333162,0.11478949999999999,0.24437689999999992,0.15815476666666667,0.14085799999999998,0.2748130499999999,0.004769165,6290.409327418951
3147,30,0.10550523333333334,0.102075,0.12495219999999996,0.12777146666666667,0.12228349999999999,0.15337554999999994,0.003855596,7780.898206139855
3148,30,0.11195246666666667,0.103497,0.15419624999999992,0.1361239,0.12524200000000002,0.1924983999999999,0.004107224,7304.203520431319
3149,30,0.1144987,0.1027995,0.17074369999999997,0.13764439999999997,0.12425749999999999,0.20880614999999997,0.004151706,7225.945189760547
3150,30,0.1241939,0.10603850000000001,0.20809134999999998,0.14808983333333334,0.128971,0.23211374999999998,0.004469823,6711.675160291581
3151,30,0.10715653333333335,0.102962,0.12751469999999998,0.12993443333333332,0.123768,0.15901234999999994,0.003919978,7653.104175584658
3152,30,0.10527290000000002,0.1024915,0.12168674999999997,0.12722466666666668,0.12324650000000001,0.14901884999999995,0.00383844,7815.675118016695
3153,30,0.11584950000000002,0.10324349999999999,0.1848465999999999,0.13915750000000002,0.1246475,0.22711854999999992,0.004202135,7139.228035272546
3154,30,0.13731396666666665,0.125627,0.1984039499999998,0.1625914333333333,0.14845550000000002,0.25716184999999975,0.004908724,6111.567894222613
3155,30,0.1282412,0.12344849999999999,0.19579464999999996,0.15008903333333334,0.14579399999999998,0.21574709999999997,0.004524268,6630.906922401591
3156,30,0.1234783,0.118342,0.15954449999999998,0.15030606666666663,0.1411195,0.19876734999999995,0.004534584,6615.821870319305
3157,30,0.1369975,0.134021,0.16654855,0.16668579999999997,0.1624335,0.21093589999999998,0.005027376,5967.327687445697
3158,30,0.1070208,0.10244400000000001,0.12768544999999995,0.13007283333333333,0.124089,0.15652599999999994,0.003923257,7646.707824646715
3159,30,0.11002203333333331,0.104668,0.13116119999999998,0.1336209,0.1256215,0.16163704999999995,0.004030225,7443.753140333356
3160,30,0.10606426666666667,0.1027345,0.12354004999999998,0.1293406,0.1243,0.16569744999999997,0.003902373,7687.6300650911635
3161,30,0.12479803333333334,0.11320949999999999,0.17126334999999998,0.15133723333333332,0.1375665,0.2099574,0.004565407,6571.155649430599
3162,30,0.10599669999999999,0.101988,0.1192901,0.1284859666666667,0.1232955,0.1465481,0.003876562,7738.815992108472
3163,30,0.11450669999999999,0.10887050000000001,0.15605409999999995,0.13905303333333335,0.1317335,0.19124379999999996,0.004194932,7151.486603358529
3164,30,0.10545993333333334,0.10061400000000001,0.12201474999999998,0.12791323333333335,0.1213415,0.15129229999999996,0.003858782,7774.473914307676
3165,30,0.1259331,0.106141,0.20783224999999983,0.15101533333333333,0.1275705,0.24638964999999988,0.004554473,6586.931133415436
3166,30,0.10762700000000001,0.104184,0.12644519999999995,0.1301583,0.1263645,0.15767919999999996,0.003926857,7639.69760039645
3167,30,0.10808676666666668,0.1015025,0.12699544999999998,0.13111723333333336,0.12243899999999999,0.15549189999999996,0.003958588,7578.459794249869
3168,30,0.10999373333333336,0.101866,0.14647709999999997,0.13134266666666664,0.12260650000000001,0.17361105,0.003963396,7569.266356427669
3169,30,0.11771196666666668,0.10494049999999999,0.16139209999999993,0.14360349999999997,0.1261945,0.20261639999999992,0.004331826,6925.485926720047
3170,30,0.10585633333333334,0.102351,0.1254165,0.12873826666666666,0.123245,0.15371929999999998,0.003888443,7715.1703136705355
3171,30,0.1147745,0.1126495,0.13884934999999998,0.1393259666666667,0.13513,0.16650284999999998,0.004204816,7134.676047655831
3172,30,0.11259253333333336,0.1044745,0.14590224999999996,0.13564753333333332,0.12582749999999998,0.1805636999999999,0.004092853,7329.850351331945
3173,30,0.10765576666666668,0.102343,0.12024855,0.13113823333333335,0.123746,0.1542096,0.003958832,7577.992700877431
3174,30,0.10645063333333334,0.101298,0.12153384999999997,0.12906003333333335,0.12249499999999999,0.14968789999999996,0.003895586,7701.023671406561
3175,30,0.10664266666666666,0.1029795,0.12795725,0.1291899333333333,0.12432750000000001,0.1541507,0.00390284,7686.710190527923
3176,30,0.11289320000000001,0.106312,0.14530129999999997,0.13738046666666667,0.12791249999999998,0.17697539999999995,0.004147805,7232.7411727407625
3177,30,0.11162443333333333,0.10560549999999999,0.1505320999999999,0.13517379999999998,0.1274835,0.18016824999999986,0.004087891,7338.747535098172
3178,30,0.10548356666666667,0.10165650000000001,0.12121874999999997,0.1280103,0.1234015,0.14964954999999996,0.003862577,7766.835457260788
3179,30,0.11462383333333333,0.1059465,0.15697664999999994,0.13905123333333333,0.1291175,0.19660429999999993,0.004194753,7151.791774152138
3180,30,0.12852553333333336,0.122651,0.17037624999999995,0.1551239,0.146933,0.20937179999999989,0.00467964,6410.749544836783
3181,30,0.1090115,0.10529050000000001,0.13284035,0.13220383333333333,0.1263825,0.16873484999999994,0.003989533,7519.677115090914
3182,30,0.10857723333333334,0.1060015,0.12700559999999997,0.13203423333333333,0.1273815,0.15443884999999996,0.003983857,7530.390774568464
3183,30,0.10448943333333334,0.1009455,0.11742524999999998,0.12690703333333334,0.1223505,0.14438814999999997,0.003830064,7832.767285350845
3184,30,0.12065823333333332,0.1061665,0.16003074999999994,0.14553943333333333,0.1288765,0.1949760999999999,0.004392939,6829.141037469448
3185,30,0.10774063333333334,0.102642,0.13124624999999998,0.13029283333333333,0.122848,0.1611155,0.003934856,7624.167186804296
3186,30,0.10914059999999998,0.1054455,0.13052804999999998,0.13205853333333334,0.1269265,0.16065414999999997,0.003983403,7531.249035058718
3187,30,0.11045746666666668,0.104557,0.13859759999999996,0.13478103333333333,0.12706050000000002,0.16875325,0.004070844,7369.479154691264
3188,30,0.1174445,0.113356,0.1523842,0.1431532,0.1387045,0.1883032,0.004321502,6942.03080317908
3189,30,0.10588096666666665,0.1016075,0.12131324999999998,0.1279043,0.12267900000000001,0.14814559999999996,0.003858684,7774.671364641417
3190,30,0.10787876666666667,0.10441349999999999,0.12126289999999999,0.13023506666666668,0.1256175,0.14946539999999997,0.003928534,7636.436390775796
3191,30,0.10571059999999997,0.102554,0.12410229999999996,0.1278195,0.123051,0.15212154999999997,0.003856294,7779.489841801481
3192,30,0.11684703333333332,0.10896249999999999,0.16290374999999999,0.14204056666666665,0.1322815,0.20569339999999997,0.004290141,6992.77716047095
3193,30,0.10727569999999999,0.101882,0.14124329999999988,0.13034516666666668,0.1240025,0.17567539999999982,0.003931843,7630.009641788851
3194,30,0.10700306666666666,0.1031555,0.12495309999999998,0.12973923333333331,0.12494150000000001,0.15337914999999996,0.003914791,7663.244346888506
3195,30,0.11159816666666665,0.10618849999999999,0.1421007,0.13482943333333336,0.1286015,0.17139779999999996,0.004067541,7375.463455684897
3196,30,0.11239243333333333,0.10924500000000001,0.1429746,0.13675896666666668,0.1308145,0.1724375,0.004126204,7270.605137312649
3197,30,0.10557516666666666,0.101574,0.12471614999999996,0.12807390000000002,0.122918,0.15301844999999994,0.003864119,7763.736054712601
3198,30,0.10570993333333331,0.1013485,0.11979809999999996,0.12797366666666668,0.1224205,0.14919849999999996,0.003860828,7770.353924080534
3199,30,0.10569960000000002,0.101494,0.12209134999999997,0.1278124,0.1225845,0.15000194999999994,0.003856189,7779.701669186858
3200,30,0.11873033333333333,0.1101495,0.16553964999999998,0.14469786666666667,0.1328365,0.20176104999999994,0.004364855,6873.080549067495
3201,30,0.10942853333333333,0.10265550000000001,0.12926964999999999,0.13267753333333332,0.1237835,0.1608477,0.004002116,7496.034597697818
3202,30,0.10503020000000002,0.103301,0.11699849999999999,0.12741346666666667,0.1242125,0.1445263,0.003843862,7804.650635220515
3203,30,0.11477459999999996,0.110862,0.13625489999999998,0.14097383333333333,0.1351295,0.17671949999999997,0.004253477,7053.053302039719
3204,30,0.14960666666666664,0.1272185,0.2874751,0.17630223333333334,0.1556065,0.3096659,0.005318329,5640.869528756119
3205,30,0.10826779999999998,0.10500300000000001,0.12868125,0.13088203333333331,0.126907,0.15896915,0.003948027,7598.732227515162
3206,30,0.10719886666666671,0.103831,0.12845514999999993,0.13017083333333332,0.124917,0.1579320999999999,0.003926909,7639.596435771748
3207,30,0.10314369999999999,0.1008475,0.11532454999999997,0.12493563333333334,0.1220985,0.14410539999999997,0.00376933,7958.974141293015
3208,30,0.12417506666666665,0.1135485,0.17327379999999995,0.15185463333333335,0.1385995,0.20897934999999998,0.004580825,6549.038655700665
3209,30,0.10530086666666666,0.101006,0.12754875,0.12726410000000002,0.122647,0.15541159999999996,0.003839536,7813.444124498376
3210,30,0.1137759,0.10246150000000001,0.15670204999999998,0.13837926666666664,0.1234335,0.19151344999999995,0.004174919,7185.768155022888
3211,30,0.10595623333333334,0.101471,0.12306139999999996,0.12871386666666668,0.1219495,0.15197014999999994,0.00388296,7726.064651709005
3212,30,0.11458726666666667,0.1094655,0.13589639999999997,0.13942176666666667,0.1352285,0.16340799999999997,0.004205352,7133.766685880279
3213,30,0.10624983333333332,0.104347,0.11995899999999997,0.12877396666666668,0.1265255,0.15033099999999994,0.003885871,7720.276869715953
3214,30,0.10491926666666668,0.102433,0.11373894999999998,0.12713456666666667,0.123668,0.14055864999999995,0.0038367,7819.21964187974
3215,30,0.10620973333333333,0.102016,0.12397924999999999,0.12865310000000002,0.1228155,0.15403244999999996,0.003882616,7726.749181479703
3216,30,0.13397393333333335,0.115894,0.21577584999999977,0.1606760666666667,0.139816,0.2472279499999998,0.004847033,6189.353363181146
3217,30,0.10639276666666667,0.1023505,0.12249689999999998,0.12890846666666667,0.125575,0.15039349999999999,0.003890392,7711.3051846703365
3218,30,0.1140052,0.10434850000000001,0.16685834999999996,0.13997543333333332,0.1263665,0.20355404999999996,0.004225743,7099.34323975689
3219,30,0.10885576666666669,0.10255900000000001,0.12652074999999996,0.13264149999999997,0.124496,0.15744204999999994,0.004003177,7494.047852493157
3220,30,0.13823133333333332,0.12042649999999999,0.26075584999999996,0.1642754666666667,0.14412399999999997,0.28362519999999997,0.004953377,6056.474199318969
3221,30,0.11255746666666668,0.10695,0.13840054999999998,0.13545863333333333,0.12889050000000002,0.16881739999999995,0.004085944,7342.244533943685
3222,30,0.10755733333333332,0.103425,0.13303194999999995,0.13013973333333334,0.12422849999999999,0.16248579999999996,0.003930723,7632.183697502979
3223,30,0.12014436666666665,0.1157135,0.15433024999999995,0.14613576666666667,0.14159,0.18702754999999993,0.004412163,6799.38615141825
3224,30,0.11059086666666668,0.10344300000000001,0.14241239999999997,0.13401183333333336,0.1237515,0.17617449999999993,0.004043208,7419.8507719612735
3225,30,0.11013306666666667,0.1045075,0.1407146499999999,0.1328911,0.12603350000000002,0.17882669999999987,0.004008619,7483.874122235115
3226,30,0.14790156666666665,0.1244605,0.28891609999999995,0.17446853333333331,0.152443,0.31720029999999994,0.005259189,5704.301556760938
3227,30,0.12490763333333335,0.1240105,0.1576858,0.15173723333333333,0.14939449999999999,0.18980609999999995,0.004578456,6552.427281162034
3228,30,0.10646996666666667,0.103892,0.12202844999999996,0.12891396666666666,0.1248305,0.15287034999999996,0.003890076,7711.931592082005
3229,30,0.11403736666666667,0.10804449999999999,0.13770424999999997,0.13859373333333333,0.13219150000000002,0.16737224999999994,0.004181976,7173.642316455189
3230,30,0.10488650000000001,0.10154350000000001,0.1214473,0.12708726666666667,0.123112,0.14565704999999998,0.00383483,7823.032572499955
3231,30,0.1267094666666667,0.11596899999999999,0.1887467999999999,0.15507846666666666,0.14182899999999998,0.22812959999999985,0.004678818,6411.8758199186195
3232,30,0.10769213333333334,0.103078,0.12584054999999994,0.13066906666666667,0.124848,0.15459989999999996,0.003941862,7610.616505600653
3233,30,0.11092993333333334,0.10100300000000001,0.16101559999999995,0.1358312333333333,0.1230755,0.20486419999999989,0.004098663,7319.460028794756
3234,30,0.11212166666666666,0.103433,0.13930035,0.13610563333333334,0.125896,0.16987875,0.004119103,7283.139071783347
3235,30,0.11876753333333334,0.1117745,0.15228959999999997,0.14469153333333337,0.13623000000000002,0.19270499999999996,0.004364805,6873.159282029781
3236,30,0.10530669999999999,0.10306850000000001,0.11933459999999997,0.1274209,0.12450349999999999,0.14654739999999997,0.003843981,7804.40902283336
3237,30,0.10828969999999999,0.10204150000000001,0.13006904999999996,0.13179976666666668,0.122863,0.16168404999999994,0.003977276,7542.850936168373
3238,30,0.10694050000000001,0.10282,0.11999839999999998,0.12943686666666665,0.12321,0.14865259999999997,0.00390528,7681.907571288102
3239,30,0.1393203,0.104769,0.2876822999999999,0.16623290000000004,0.125748,0.3329739499999999,0.005017076,5979.578543358722
3240,30,0.11128040000000002,0.10786699999999999,0.13589004999999998,0.13490903333333334,0.13151449999999998,0.15817879999999998,0.004069853,7371.273606196587
3241,30,0.11677503333333332,0.1053145,0.17254929999999993,0.1430858,0.12821,0.23099274999999994,0.004317827,6947.939322256311
3242,30,0.11984330000000001,0.1149955,0.15508674999999994,0.14509803333333335,0.139439,0.18929219999999988,0.004377744,6852.844752913829
3243,30,0.10894136666666666,0.1041985,0.14996209999999993,0.1318642,0.126382,0.18532779999999993,0.003979099,7539.3952248989035
3244,30,0.11051736666666666,0.10527349999999999,0.13076784999999996,0.13495563333333332,0.12845,0.15966349999999993,0.004070608,7369.90641201511
3245,30,0.10566223333333333,0.1026135,0.12263099999999996,0.1279017,0.123832,0.15098644999999994,0.003858869,7774.298635170046
3246,30,0.11990653333333334,0.11920549999999999,0.15840815,0.1462938666666667,0.14334449999999999,0.1877872,0.004413575,6797.210877803141
3247,30,0.1078062,0.1001595,0.13829755,0.13099199999999997,0.121897,0.170698,0.003951687,7591.694382677576
3248,30,0.10811573333333332,0.1029605,0.12238464999999997,0.1312480666666667,0.1242065,0.15189469999999994,0.003959716,7576.300926632111
3249,30,0.1501916,0.124741,0.29522515,0.1783447666666667,0.14936,0.33024639999999994,0.005376552,5579.784218584699
3250,30,0.12064196666666666,0.1113385,0.16478795000000002,0.14740753333333337,0.134936,0.20443094999999997,0.004446684,6746.600388064454
3251,30,0.10980319999999999,0.107249,0.128241,0.13339703333333336,0.12912649999999998,0.15649014999999997,0.004024556,7454.238430276532
3252,30,0.10933040000000001,0.1034915,0.13720744999999993,0.1325622,0.12377850000000001,0.16810679999999992,0.003999006,7501.864213256994
3253,30,0.10820306666666665,0.10253,0.13357934999999996,0.13155813333333335,0.12395500000000001,0.16303599999999996,0.003969055,7558.474246388624
3254,30,0.11848736666666666,0.11266899999999999,0.15488289999999996,0.14428530000000003,0.13736,0.18823844999999995,0.004353209,6891.467880361361
3255,30,0.10934523333333333,0.1069125,0.12480504999999999,0.13226836666666666,0.128535,0.15266944999999998,0.003991462,7516.042993770202
3256,30,0.10871170000000001,0.1029205,0.1485704,0.13230886666666666,0.124774,0.18535414999999997,0.003997945,7503.855105560481
3257,30,0.11729356666666665,0.11183,0.13756875,0.1428805,0.13635049999999999,0.16355775,0.004314426,6953.416282953978
3258,30,0.10807736666666665,0.10269249999999999,0.13019104999999995,0.13130443333333333,0.1245075,0.16088119999999995,0.003962934,7570.148783704194
3259,30,0.11013049999999998,0.1069745,0.12399669999999996,0.13406876666666667,0.1290065,0.15361279999999994,0.004045892,7414.928525032305
3260,30,0.10813286666666665,0.1038725,0.12879024999999997,0.13160793333333334,0.12729649999999998,0.15719594999999995,0.00397189,7553.079264531496
3261,30,0.11486979999999998,0.10707649999999999,0.15150234999999995,0.13903703333333334,0.13078800000000002,0.17549429999999996,0.004197643,7146.867897055562
3262,30,0.11170856666666666,0.103293,0.14092735,0.1349838,0.1250145,0.17173929999999998,0.004073046,7365.495012823326
3263,30,0.10611639999999999,0.102365,0.12156154999999998,0.12900816666666665,0.1235855,0.15293159999999997,0.003892877,7706.382708726734
3264,30,0.11137913333333334,0.105001,0.14776569999999994,0.13524163333333333,0.12711699999999998,0.18198129999999998,0.004080025,7352.896121960037
3265,30,0.1445643,0.12489600000000001,0.26974834999999986,0.17310223333333333,0.153225,0.3199561499999998,0.005220884,5746.153333420164
3266,30,0.10955646666666667,0.1048285,0.14179559999999994,0.1319303666666667,0.125695,0.17148124999999995,0.003979914,7537.851320405415
3267,30,0.11265116666666666,0.111195,0.13220194999999996,0.13609493333333333,0.13412400000000002,0.1602005,0.004105179,7307.842118455736
3268,30,0.1071527,0.10294600000000001,0.13142345,0.12873063333333332,0.1240125,0.15626995,0.003883642,7724.707890171133
3269,30,0.12093963333333332,0.1177675,0.14309509999999995,0.14605266666666666,0.1431515,0.1734712499999999,0.004405727,6809.318870642689
3270,30,0.11021453333333331,0.103616,0.13051904999999994,0.13320756666666667,0.124319,0.15923964999999993,0.004018013,7466.3770376054035
3271,30,0.11217453333333334,0.106772,0.14710259999999994,0.13536236666666665,0.127724,0.17468619999999996,0.004083908,7345.904951825556
3272,30,0.15352273333333336,0.1363705,0.24942799999999996,0.1851005,0.16515400000000002,0.29303664999999995,0.005582051,5374.368668433878
3273,30,0.11989556666666665,0.1074445,0.17522234999999992,0.14485356666666668,0.13129649999999998,0.21281569999999989,0.004374968,6857.1930126117495
3274,30,0.10999289999999999,0.1064995,0.12429394999999996,0.1335685,0.1290215,0.15305844999999996,0.004029773,7444.588069849095
3275,30,0.10648553333333335,0.1015465,0.12819684999999997,0.12901333333333334,0.1220895,0.15723204999999996,0.003894086,7703.990101913517
3276,30,0.11384786666666666,0.1105415,0.1468321,0.13793913333333332,0.1342295,0.17295874999999997,0.004162135,7207.839245963911
3277,30,0.11287053333333333,0.1073895,0.1435848999999999,0.13735543333333336,0.130565,0.1762786499999999,0.004143206,7240.769587609209
3278,30,0.10709830000000001,0.1044625,0.11943804999999998,0.1293378,0.125689,0.14723524999999996,0.003901541,7689.269445073113
3279,30,0.10607423333333334,0.1027585,0.12078194999999997,0.1285628,0.123578,0.14803519999999995,0.003878459,7735.030846013842
3280,30,0.11272526666666667,0.1055935,0.1534963,0.1375088,0.128742,0.18757559999999998,0.00414876,7231.076273392532
3281,30,0.11216839999999999,0.103689,0.14540625,0.13527793333333335,0.12379799999999999,0.17873184999999997,0.004080782,7351.5321328118
3282,30,0.10351783333333335,0.1018405,0.11353909999999999,0.12580116666666666,0.1224175,0.14214364999999998,0.00379978,7895.19393228029
3283,30,0.10584783333333334,0.10266800000000001,0.11927349999999998,0.12790856666666667,0.123535,0.1484371,0.00385849,7775.062265290308
3284,30,0.1170536,0.1071195,0.1495133999999999,0.14055023333333333,0.130521,0.18575139999999987,0.004239129,7076.925472190159
3285,30,0.12053446666666666,0.101038,0.20366304999999987,0.14289566666666667,0.1222375,0.22830414999999984,0.004308989,6962.189970779688
3286,30,0.10648593333333335,0.10197,0.12247409999999999,0.1287625,0.1232985,0.14970064999999996,0.00388452,7722.961910351859
3287,30,0.10893130000000002,0.10246,0.1485494,0.13166883333333332,0.12324,0.17770585,0.00397246,7551.995488941362
3288,30,0.11170286666666666,0.107718,0.12667109999999995,0.13526346666666667,0.13039800000000001,0.15419574999999994,0.004080792,7351.514117847712
3289,30,0.10675843333333335,0.1015285,0.12503019999999998,0.12981636666666665,0.122645,0.15428044999999996,0.003916187,7660.51263639862
3290,30,0.1220364,0.1233815,0.14888509999999996,0.14849943333333332,0.149645,0.18564639999999993,0.004484969,6689.009444658369
3291,30,0.13280896666666664,0.1294265,0.15119069999999996,0.1610864,0.156335,0.18904524999999994,0.004861033,6171.52773906287
3292,30,0.13724873333333334,0.1368705,0.15987934999999998,0.1672316,0.167247,0.19246734999999993,0.005045756,5945.5907102919755
3293,30,0.1314516666666667,0.12657000000000002,0.1508068,0.15470143333333333,0.1491915,0.18306299999999998,0.004663438,6433.022160903608
3294,30,0.14548703333333338,0.128136,0.25845524999999986,0.17003103333333333,0.1496505,0.2885993499999998,0.005124533,5854.191981981578
3295,30,0.1420976,0.1125905,0.25997544999999994,0.16673463333333333,0.1348855,0.30247809999999986,0.005025604,5969.431733976652
3296,30,0.12784143333333337,0.102923,0.22081214999999998,0.15046806666666665,0.123984,0.2438805,0.004536365,6613.224464962586
3297,30,0.10935436666666667,0.10527900000000001,0.1229283,0.1323754,0.1265725,0.15045204999999998,0.003993921,7511.415473666104
3298,30,0.10647143333333335,0.1025555,0.12232879999999997,0.12904396666666668,0.1246915,0.14903679999999997,0.00389317,7705.802726313004
3299,30,0.1363685333333333,0.11807999999999999,0.2455912499999999,0.16387723333333332,0.1455745,0.2687569499999999,0.004940854,6071.824830282377
3300,30,0.10964903333333333,0.10284299999999999,0.1445241999999999,0.13201166666666667,0.1233935,0.18234354999999985,0.003982794,7532.400621272404
3301,30,0.1119981,0.1014825,0.17988654999999998,0.13444483333333332,0.1226365,0.203207,0.004055888,7396.653950996675
3302,30,0.13393156666666667,0.1102315,0.2561115499999999,0.15819750000000002,0.1343315,0.2805252499999999,0.004770897,6288.1256920868345
3303,30,0.11095523333333333,0.10210250000000001,0.14761279999999993,0.13412803333333337,0.1232335,0.1798602499999999,0.004048143,7410.80539891995
3304,30,0.10692873333333333,0.1024285,0.1277516,0.12977909999999998,0.12393850000000001,0.1568762,0.003916861,7659.194441671533
3305,30,0.10694176666666667,0.102494,0.12728849999999994,0.12950479999999998,0.124202,0.15490464999999992,0.003908422,7675.732047358243
3306,30,0.10839386666666667,0.1047115,0.13065249999999998,0.13134886666666667,0.1254925,0.15751454999999998,0.003966521,7563.3029549068315
3307,30,0.11161953333333334,0.106165,0.14187144999999995,0.13374126666666666,0.1267135,0.16694274999999997,0.004038836,7427.882686991996
3308,30,0.10662003333333335,0.103669,0.12705679999999997,0.1293221333333333,0.12610949999999999,0.15504734999999997,0.003901426,7689.496097068098
3309,30,0.10779739999999997,0.10338900000000001,0.12790589999999993,0.13105253333333333,0.1246245,0.15690399999999993,0.003953658,7587.909728155547
3310,30,0.14206196666666665,0.124615,0.2330198499999999,0.16956369999999996,0.150907,0.2783639,0.005113309,5867.042261674387
3311,30,0.10930520000000003,0.103005,0.13767809999999997,0.13226723333333334,0.1238785,0.16827469999999994,0.003992209,7514.636633502905
3312,30,0.10924856666666666,0.1058525,0.12523704999999996,0.1322634666666667,0.12726300000000001,0.15593329999999997,0.003990082,7518.642474014318
3313,30,0.1085475,0.10395199999999999,0.13253259999999994,0.13070206666666667,0.12491849999999999,0.1586211,0.003942643,7609.10891500955
3314,30,0.11253020000000001,0.107401,0.13567884999999996,0.13561573333333332,0.129679,0.16173804999999997,0.004090979,7333.208016956333
3315,30,0.10838063333333334,0.1045355,0.12782409999999997,0.13080433333333336,0.126424,0.15481359999999997,0.003945819,7602.984323406624
3316,30,0.1080519,0.10371849999999999,0.12685629999999998,0.1306219333333333,0.124759,0.15398699999999996,0.003940595,7613.06350944464
3317,30,0.12047693333333334,0.110279,0.16516944999999994,0.1481709333333333,0.13448100000000002,0.20952469999999992,0.004469757,6711.774264238525
3318,30,0.14517963333333336,0.13377250000000002,0.24884534999999977,0.17210826666666668,0.16078,0.27432774999999976,0.005188732,5781.759397093549
3319,30,0.1058353,0.1026985,0.11872645,0.12795740000000003,0.1237935,0.14513379999999998,0.003861048,7769.911174375454
3320,30,0.11001499999999997,0.1072805,0.12861484999999998,0.1337868,0.1293935,0.15967064999999997,0.004045012,7416.541656736742
3321,30,0.10675143333333333,0.104074,0.12503045,0.12901543333333335,0.1248235,0.15380624999999998,0.003892775,7706.58463435467
3322,30,0.16231133333333334,0.1308725,0.3017313,0.18903383333333335,0.15942699999999999,0.32844065,0.00569718,5265.763061725275
3323,30,0.10886039999999998,0.104911,0.12805774999999997,0.13141696666666666,0.12670700000000001,0.15586479999999994,0.003964615,7566.939034433355
3324,30,0.11313300000000001,0.107935,0.13025774999999998,0.13682713333333335,0.1309985,0.16161299999999998,0.004127618,7268.114442760933
3325,30,0.12385303333333332,0.11803849999999999,0.16030255,0.1487688666666667,0.140685,0.1903818,0.004487334,6685.48407584548
3326,30,0.1135063,0.107708,0.13990404999999995,0.13714976666666664,0.129275,0.1736283999999999,0.004137344,7251.028679268632
3327,30,0.10853259999999998,0.1054725,0.12226234999999996,0.13131700000000002,0.126589,0.15125539999999996,0.003960991,7573.862197616708
3328,30,0.10639580000000001,0.103347,0.12039834999999997,0.12919503333333332,0.124758,0.14758924999999998,0.003897337,7697.563746732705
3329,30,0.11430483333333336,0.111027,0.13196095,0.1385713,0.133963,0.16060889999999997,0.004189507,7160.747075968604
3330,30,0.1179058,0.1136485,0.1453419,0.14260086666666666,0.13589800000000002,0.17800254999999995,0.004301081,6974.990705824885
3331,30,0.11325743333333334,0.1100645,0.13892884999999996,0.13738423333333336,0.13340200000000002,0.16667574999999993,0.004148251,7231.963543189648
3332,30,0.10758733333333333,0.104986,0.118849,0.13023146666666668,0.1265115,0.14462819999999998,0.003931919,7629.862161453479
3333,30,0.12036036666666668,0.107355,0.15933314999999998,0.1443654,0.129494,0.19734619999999994,0.004356586,6886.1259711159155
3334,10,0.14445409999999997,0.12061849999999999,0.26013109999999984,0.17133120000000002,0.14781450000000002,0.2964116499999998,0.001722628,5805.083860241445
