monotonic_s,timestamp,pstate,power_instant_w,power_average_w,utilization_gpu_percent,utilization_memory_percent,memory_used_mib,clock_sm_mhz,clock_memory_mhz,temperature_c,fan_speed_percent
94063.153919439,2026/09/03 15:39:02.974,P2,27.41,25.89,2.0,1.0,705.0,1755.0,6801.0,42.0,31.0
94063.254908819,2026/09/03 15:39:03.079,P2,27.41,25.89,2.0,1.0,705.0,1755.0,6801.0,42.0,31.0
94063.355723748,2026/09/03 15:39:03.180,P2,27.41,25.89,2.0,1.0,705.0,1755.0,6801.0,42.0,31.0
94063.456522074,2026/09/03 15:39:03.280,P2,27.41,25.89,2.0,1.0,705.0,1755.0,6801.0,42.0,31.0
94063.557391856,2026/09/03 15:39:03.381,P2,27.41,25.89,2.0,1.0,705.0,1755.0,6801.0,42.0,31.0
94063.658318539,2026/09/03 15:39:03.482,P2,27.07,27.17,1.0,1.0,705.0,1755.0,6801.0,43.0,31.0
94063.759185182,2026/09/03 15:39:03.583,P2,27.07,27.17,1.0,1.0,705.0,1755.0,6801.0,43.0,31.0
94063.860061609,2026/09/03 15:39:03.684,P2,27.07,27.17,1.0,1.0,705.0,1755.0,6801.0,43.0,31.0
94063.961015127,2026/09/03 15:39:03.785,P2,27.07,27.17,1.0,1.0,705.0,1755.0,6801.0,43.0,31.0
94064.062137748,2026/09/03 15:39:03.886,P2,27.07,27.17,1.0,1.0,705.0,1755.0,6801.0,43.0,31.0
94064.163166751,2026/09/03 15:39:03.987,P2,27.14,27.18,1.0,1.0,705.0,1755.0,6801.0,43.0,31.0
94064.264157776,2026/09/03 15:39:04.088,P2,27.14,27.18,1.0,1.0,705.0,1755.0,6801.0,43.0,31.0
94064.365082048,2026/09/03 15:39:04.189,P2,27.14,27.18,1.0,1.0,705.0,1755.0,6801.0,43.0,31.0
94064.46591426,2026/09/03 15:39:04.290,P2,27.14,27.18,1.0,1.0,699.0,1755.0,6801.0,43.0,31.0
94064.566961975,2026/09/03 15:39:04.391,P2,27.14,27.18,1.0,1.0,705.0,1755.0,6801.0,43.0,31.0
94064.667896187,2026/09/03 15:39:04.492,P2,28.12,27.22,6.0,2.0,709.0,1755.0,6801.0,43.0,31.0
94064.769019181,2026/09/03 15:39:04.593,P2,28.12,27.22,6.0,2.0,708.0,1755.0,6801.0,43.0,31.0
94064.869865091,2026/09/03 15:39:04.694,P2,28.12,27.22,6.0,2.0,708.0,1755.0,6801.0,43.0,31.0
94064.970729131,2026/09/03 15:39:04.794,P2,28.12,27.22,6.0,2.0,708.0,1755.0,6801.0,43.0,31.0
94065.071572111,2026/09/03 15:39:04.895,P2,28.12,27.22,6.0,2.0,708.0,1755.0,6801.0,43.0,31.0
94065.172531229,2026/09/03 15:39:04.996,P2,27.74,27.48,6.0,2.0,708.0,1755.0,6801.0,43.0,31.0
94065.273367376,2026/09/03 15:39:05.097,P2,27.74,27.48,6.0,2.0,708.0,1755.0,6801.0,43.0,31.0
94065.374180846,2026/09/03 15:39:05.198,P2,27.74,27.48,6.0,2.0,708.0,1755.0,6801.0,43.0,31.0
94065.47501833,2026/09/03 15:39:05.299,P2,27.74,27.48,6.0,2.0,708.0,1755.0,6801.0,43.0,31.0
94065.575941807,2026/09/03 15:39:05.400,P2,27.74,27.48,6.0,2.0,708.0,1755.0,6801.0,43.0,31.0
94065.676928122,2026/09/03 15:39:05.501,P2,27.73,27.8,5.0,1.0,708.0,1755.0,6801.0,43.0,31.0
94065.777854847,2026/09/03 15:39:05.602,P2,27.73,27.8,5.0,1.0,708.0,1755.0,6801.0,43.0,31.0
94065.878674377,2026/09/03 15:39:05.702,P2,27.73,27.8,5.0,1.0,708.0,1755.0,6801.0,43.0,31.0
94065.979532702,2026/09/03 15:39:05.803,P2,27.73,27.8,5.0,1.0,708.0,1755.0,6801.0,43.0,31.0
94066.080345152,2026/09/03 15:39:05.904,P2,27.73,27.8,5.0,1.0,708.0,1755.0,6801.0,43.0,31.0
94066.18121499,2026/09/03 15:39:06.005,P2,27.73,27.81,5.0,1.0,708.0,1755.0,6801.0,43.0,31.0
94066.282355437,2026/09/03 15:39:06.106,P2,27.73,27.81,5.0,1.0,712.0,1755.0,6801.0,43.0,31.0
94066.383584783,2026/09/03 15:39:06.207,P2,27.73,27.81,5.0,1.0,712.0,1755.0,6801.0,43.0,31.0
94066.484523608,2026/09/03 15:39:06.308,P2,27.73,27.81,5.0,1.0,712.0,1755.0,6801.0,43.0,31.0
94066.585481851,2026/09/03 15:39:06.409,P2,27.73,27.81,5.0,1.0,712.0,1755.0,6801.0,43.0,31.0
94066.686525521,2026/09/03 15:39:06.510,P2,27.77,27.82,5.0,1.0,712.0,1755.0,6801.0,43.0,31.0
94066.787481744,2026/09/03 15:39:06.611,P2,27.77,27.82,5.0,1.0,712.0,1755.0,6801.0,43.0,31.0
94066.888456461,2026/09/03 15:39:06.712,P2,27.77,27.82,5.0,1.0,712.0,1755.0,6801.0,43.0,31.0
94066.989382748,2026/09/03 15:39:06.813,P2,27.77,27.82,5.0,1.0,712.0,1755.0,6801.0,43.0,31.0
94067.090342413,2026/09/03 15:39:06.914,P2,27.77,27.82,5.0,1.0,712.0,1755.0,6801.0,43.0,31.0
94067.191309851,2026/09/03 15:39:07.015,P2,27.91,27.82,5.0,1.0,712.0,1755.0,6801.0,43.0,30.0
94067.292186687,2026/09/03 15:39:07.116,P2,27.91,27.82,5.0,1.0,712.0,1755.0,6801.0,43.0,31.0
94067.393124344,2026/09/03 15:39:07.217,P2,27.91,27.82,5.0,1.0,712.0,1755.0,6801.0,43.0,31.0
94067.494083029,2026/09/03 15:39:07.318,P2,27.91,27.82,5.0,1.0,712.0,1755.0,6801.0,43.0,31.0
94067.595117562,2026/09/03 15:39:07.419,P2,27.91,27.82,5.0,1.0,712.0,1755.0,6801.0,43.0,31.0
94067.69607968,2026/09/03 15:39:07.520,P2,27.89,27.81,5.0,1.0,712.0,1755.0,6801.0,43.0,31.0
94067.79701834,2026/09/03 15:39:07.621,P2,27.89,27.81,5.0,1.0,712.0,1755.0,6801.0,43.0,31.0
94067.898086656,2026/09/03 15:39:07.722,P2,27.89,27.81,5.0,1.0,712.0,1755.0,6801.0,43.0,31.0
94067.999067117,2026/09/03 15:39:07.823,P2,27.89,27.81,5.0,1.0,712.0,1755.0,6801.0,43.0,31.0
94068.100100917,2026/09/03 15:39:07.924,P2,27.89,27.81,5.0,1.0,712.0,1755.0,6801.0,43.0,30.0
94068.201277216,2026/09/03 15:39:08.025,P2,27.81,27.83,5.0,1.0,712.0,1755.0,6801.0,44.0,31.0
94068.302527866,2026/09/03 15:39:08.126,P2,27.81,27.83,5.0,1.0,712.0,1755.0,6801.0,44.0,31.0
94068.403706371,2026/09/03 15:39:08.227,P2,27.81,27.83,5.0,1.0,712.0,1755.0,6801.0,44.0,30.0
94068.504278436,2026/09/03 15:39:08.328,P2,27.81,27.83,5.0,1.0,712.0,1755.0,6801.0,44.0,31.0
94068.605175377,2026/09/03 15:39:08.429,P2,27.81,27.83,5.0,1.0,712.0,1755.0,6801.0,44.0,31.0
94068.706360899,2026/09/03 15:39:08.530,P2,28.91,28.26,23.0,1.0,712.0,1755.0,6801.0,43.0,31.0
94068.807269816,2026/09/03 15:39:08.631,P2,28.91,28.26,23.0,1.0,712.0,1755.0,6801.0,43.0,31.0
94068.908110069,2026/09/03 15:39:08.732,P2,28.91,28.26,23.0,1.0,712.0,1755.0,6801.0,43.0,31.0
94069.009308579,2026/09/03 15:39:08.833,P2,28.91,28.26,23.0,1.0,712.0,1755.0,6801.0,43.0,31.0
94069.109983251,2026/09/03 15:39:08.934,P2,28.91,28.26,23.0,1.0,712.0,1755.0,6801.0,43.0,31.0
94069.210780859,2026/09/03 15:39:09.035,P2,28.9,28.77,23.0,1.0,712.0,1755.0,6801.0,44.0,31.0
94069.311899405,2026/09/03 15:39:09.135,P2,28.9,28.77,23.0,1.0,712.0,1755.0,6801.0,44.0,31.0
94069.412434163,2026/09/03 15:39:09.236,P2,28.9,28.77,23.0,1.0,712.0,1755.0,6801.0,44.0,31.0
94069.513320298,2026/09/03 15:39:09.337,P2,28.9,28.77,23.0,1.0,701.0,1755.0,6801.0,44.0,31.0
94069.614225246,2026/09/03 15:39:09.438,P2,28.9,28.77,23.0,1.0,701.0,1755.0,6801.0,44.0,31.0
94069.715124509,2026/09/03 15:39:09.539,P2,28.18,28.88,20.0,1.0,701.0,1755.0,6801.0,44.0,31.0
94069.816093313,2026/09/03 15:39:09.640,P2,28.18,28.88,20.0,1.0,701.0,1755.0,6801.0,44.0,30.0
94069.916792323,2026/09/03 15:39:09.741,P2,28.18,28.88,20.0,1.0,701.0,1755.0,6801.0,44.0,30.0
94070.017760835,2026/09/03 15:39:09.841,P2,28.18,28.88,20.0,1.0,701.0,1755.0,6801.0,44.0,30.0
94070.118548928,2026/09/03 15:39:09.942,P2,28.18,28.88,20.0,1.0,701.0,1755.0,6801.0,44.0,31.0
94070.220806988,2026/09/03 15:39:10.043,P2,28.24,28.57,20.0,1.0,701.0,1755.0,6801.0,44.0,31.0
94070.320567903,2026/09/03 15:39:10.144,P2,28.24,28.57,20.0,1.0,701.0,1755.0,6801.0,44.0,31.0
94070.42147829,2026/09/03 15:39:10.245,P2,28.24,28.57,20.0,1.0,701.0,1755.0,6801.0,44.0,31.0
94070.522350288,2026/09/03 15:39:10.346,P2,28.24,28.57,20.0,1.0,701.0,1755.0,6801.0,44.0,30.0
94070.623424772,2026/09/03 15:39:10.447,P2,28.24,28.57,20.0,1.0,701.0,1755.0,6801.0,44.0,30.0
94070.724277858,2026/09/03 15:39:10.548,P2,27.9,28.06,23.0,1.0,701.0,1755.0,6801.0,44.0,31.0
94070.825082527,2026/09/03 15:39:10.649,P2,27.9,28.06,23.0,1.0,701.0,1755.0,6801.0,44.0,31.0
94070.925811791,2026/09/03 15:39:10.750,P2,27.9,28.06,23.0,1.0,701.0,1755.0,6801.0,44.0,31.0
94071.02688445,2026/09/03 15:39:10.850,P2,27.9,28.06,23.0,1.0,701.0,1755.0,6801.0,44.0,31.0
94071.127472191,2026/09/03 15:39:10.951,P2,27.9,28.06,23.0,1.0,701.0,1755.0,6801.0,44.0,31.0
94071.228425209,2026/09/03 15:39:11.052,P2,27.98,27.93,23.0,1.0,701.0,1755.0,6801.0,44.0,31.0
94071.329142169,2026/09/03 15:39:11.153,P2,27.98,27.93,23.0,1.0,701.0,1755.0,6801.0,44.0,31.0
94071.430149437,2026/09/03 15:39:11.254,P2,27.98,27.93,23.0,1.0,701.0,1755.0,6801.0,44.0,31.0
94071.530864306,2026/09/03 15:39:11.355,P2,27.98,27.93,23.0,1.0,701.0,1755.0,6801.0,44.0,31.0
94071.63162012,2026/09/03 15:39:11.455,P2,27.98,27.93,23.0,1.0,701.0,1755.0,6801.0,44.0,31.0
94071.732436572,2026/09/03 15:39:11.556,P2,28.09,27.92,25.0,1.0,701.0,1755.0,6801.0,44.0,30.0
94071.833363577,2026/09/03 15:39:11.657,P2,28.09,27.92,25.0,1.0,701.0,1755.0,6801.0,44.0,31.0
94071.934174811,2026/09/03 15:39:11.758,P2,28.09,27.92,25.0,1.0,701.0,1755.0,6801.0,44.0,30.0
94072.034948633,2026/09/03 15:39:11.859,P2,28.09,27.92,25.0,1.0,701.0,1755.0,6801.0,44.0,30.0
94072.135881158,2026/09/03 15:39:11.960,P2,28.09,27.92,25.0,1.0,701.0,1755.0,6801.0,44.0,31.0
94072.236907832,2026/09/03 15:39:12.060,P2,28.03,27.94,25.0,1.0,701.0,1755.0,6801.0,44.0,31.0
94072.337543981,2026/09/03 15:39:12.161,P2,28.03,27.94,25.0,1.0,701.0,1755.0,6801.0,44.0,31.0
94072.438473788,2026/09/03 15:39:12.262,P2,28.03,27.94,25.0,1.0,701.0,1755.0,6801.0,44.0,31.0
94072.539485035,2026/09/03 15:39:12.363,P2,28.03,27.94,25.0,1.0,701.0,1755.0,6801.0,44.0,31.0
94072.64038121,2026/09/03 15:39:12.464,P2,28.03,27.94,25.0,1.0,701.0,1755.0,6801.0,44.0,31.0
94072.741742842,2026/09/03 15:39:12.565,P2,27.95,27.97,23.0,1.0,701.0,1755.0,6801.0,44.0,31.0
94072.842578286,2026/09/03 15:39:12.666,P2,27.95,27.97,23.0,1.0,701.0,1755.0,6801.0,44.0,31.0
94072.943206677,2026/09/03 15:39:12.767,P2,27.95,27.97,23.0,1.0,701.0,1755.0,6801.0,44.0,30.0
94073.044249941,2026/09/03 15:39:12.868,P2,27.95,27.97,23.0,1.0,701.0,1755.0,6801.0,44.0,30.0
94073.144920632,2026/09/03 15:39:12.969,P2,27.95,27.97,23.0,1.0,701.0,1755.0,6801.0,44.0,30.0
94073.246152969,2026/09/03 15:39:13.070,P2,27.87,27.92,23.0,1.0,701.0,1755.0,6801.0,44.0,30.0
94073.346933748,2026/09/03 15:39:13.171,P2,27.87,27.92,23.0,1.0,701.0,1755.0,6801.0,44.0,31.0
94073.447683702,2026/09/03 15:39:13.271,P2,27.87,27.92,23.0,1.0,701.0,1755.0,6801.0,44.0,30.0
94073.54865793,2026/09/03 15:39:13.372,P2,27.87,27.92,23.0,1.0,701.0,1755.0,6801.0,44.0,30.0
94073.649691671,2026/09/03 15:39:13.473,P2,27.91,27.99,23.0,1.0,701.0,1755.0,6801.0,44.0,30.0
94073.75051761,2026/09/03 15:39:13.574,P2,27.91,27.99,23.0,1.0,701.0,1755.0,6801.0,44.0,31.0
94073.851070171,2026/09/03 15:39:13.675,P2,27.91,27.99,23.0,1.0,701.0,1755.0,6801.0,44.0,31.0
94073.951937957,2026/09/03 15:39:13.776,P2,27.91,27.99,23.0,1.0,701.0,1755.0,6801.0,44.0,31.0
94074.053071569,2026/09/03 15:39:13.877,P2,27.91,27.99,23.0,1.0,701.0,1755.0,6801.0,44.0,31.0
94074.154148367,2026/09/03 15:39:13.978,P2,28.05,28.06,23.0,1.0,701.0,1755.0,6801.0,44.0,31.0
94074.255177281,2026/09/03 15:39:14.079,P2,28.05,28.06,23.0,1.0,701.0,1755.0,6801.0,44.0,30.0
94074.356241374,2026/09/03 15:39:14.180,P2,28.05,28.06,23.0,1.0,701.0,1755.0,6801.0,44.0,30.0
94074.457345306,2026/09/03 15:39:14.281,P2,28.05,28.06,23.0,1.0,701.0,1755.0,6801.0,44.0,31.0
94074.558387285,2026/09/03 15:39:14.382,P2,28.05,28.06,23.0,1.0,701.0,1755.0,6801.0,44.0,31.0
94074.659403242,2026/09/03 15:39:14.483,P2,27.99,28.04,22.0,1.0,701.0,1755.0,6801.0,44.0,31.0
94074.760381818,2026/09/03 15:39:14.584,P2,27.99,28.04,22.0,1.0,701.0,1755.0,6801.0,44.0,31.0
94074.861340028,2026/09/03 15:39:14.685,P2,27.99,28.04,22.0,1.0,701.0,1755.0,6801.0,44.0,31.0
94074.962473927,2026/09/03 15:39:14.786,P2,27.99,28.04,22.0,1.0,701.0,1755.0,6801.0,44.0,31.0
94075.063427397,2026/09/03 15:39:14.887,P2,27.99,28.04,22.0,1.0,701.0,1755.0,6801.0,44.0,31.0
94075.164506856,2026/09/03 15:39:14.988,P2,27.91,28.04,22.0,1.0,695.0,1755.0,6801.0,44.0,31.0
94075.265485017,2026/09/03 15:39:15.089,P2,27.91,28.04,22.0,1.0,706.0,1755.0,6801.0,44.0,31.0
94075.366505214,2026/09/03 15:39:15.190,P2,27.91,28.04,22.0,1.0,709.0,1755.0,6801.0,44.0,30.0
94075.467346143,2026/09/03 15:39:15.291,P2,27.91,28.04,22.0,1.0,709.0,1755.0,6801.0,44.0,31.0
94075.568409685,2026/09/03 15:39:15.392,P2,27.91,28.04,22.0,1.0,709.0,1755.0,6801.0,44.0,31.0
94075.669296417,2026/09/03 15:39:15.493,P2,28.96,28.39,28.0,1.0,709.0,1755.0,6801.0,44.0,30.0
94075.770105571,2026/09/03 15:39:15.594,P2,28.96,28.39,28.0,1.0,709.0,1755.0,6801.0,44.0,31.0
94075.870934424,2026/09/03 15:39:15.695,P2,28.96,28.39,28.0,1.0,709.0,1755.0,6801.0,44.0,30.0
94075.971951927,2026/09/03 15:39:15.796,P2,28.96,28.39,28.0,1.0,709.0,1755.0,6801.0,44.0,31.0
94076.07247502,2026/09/03 15:39:15.896,P2,28.96,28.39,28.0,1.0,709.0,1755.0,6801.0,44.0,31.0
94076.17360903,2026/09/03 15:39:15.997,P2,28.98,28.81,28.0,1.0,709.0,1755.0,6801.0,44.0,31.0
94076.274497987,2026/09/03 15:39:16.098,P2,28.98,28.81,28.0,1.0,709.0,1755.0,6801.0,44.0,31.0
94076.374960497,2026/09/03 15:39:16.199,P2,28.98,28.81,28.0,1.0,709.0,1755.0,6801.0,44.0,30.0
94076.475779127,2026/09/03 15:39:16.300,P2,28.98,28.81,28.0,1.0,709.0,1755.0,6801.0,44.0,30.0
94076.576597973,2026/09/03 15:39:16.400,P2,28.98,28.81,28.0,1.0,713.0,1755.0,6801.0,44.0,30.0
94076.677926713,2026/09/03 15:39:16.501,P2,29.49,29.03,30.0,3.0,715.0,1755.0,6801.0,44.0,31.0
94076.778740355,2026/09/03 15:39:16.602,P2,29.49,29.03,30.0,3.0,715.0,1755.0,6801.0,44.0,30.0
94076.879798703,2026/09/03 15:39:16.703,P2,29.49,29.03,30.0,3.0,715.0,1755.0,6801.0,44.0,31.0
94076.980567297,2026/09/03 15:39:16.804,P2,29.49,29.03,30.0,3.0,715.0,1755.0,6801.0,44.0,31.0
94077.081766873,2026/09/03 15:39:16.905,P2,29.49,29.03,30.0,3.0,715.0,1755.0,6801.0,44.0,31.0
94077.182254273,2026/09/03 15:39:17.006,P2,29.1,29.05,30.0,3.0,715.0,1755.0,6801.0,44.0,31.0
94077.283156001,2026/09/03 15:39:17.107,P2,29.1,29.05,30.0,3.0,715.0,1755.0,6801.0,44.0,31.0
94077.384114174,2026/09/03 15:39:17.208,P2,29.1,29.05,30.0,3.0,715.0,1755.0,6801.0,44.0,31.0
94077.484904731,2026/09/03 15:39:17.309,P2,29.1,29.05,30.0,3.0,715.0,1755.0,6801.0,44.0,31.0
94077.585859157,2026/09/03 15:39:17.409,P2,29.1,29.05,30.0,3.0,715.0,1755.0,6801.0,44.0,31.0
94077.686524935,2026/09/03 15:39:17.510,P2,28.86,29.02,27.0,1.0,715.0,1755.0,6801.0,44.0,31.0
94077.787361891,2026/09/03 15:39:17.611,P2,28.86,29.02,27.0,1.0,715.0,1755.0,6801.0,44.0,31.0
94077.888249692,2026/09/03 15:39:17.712,P2,28.86,29.02,27.0,1.0,715.0,1755.0,6801.0,44.0,31.0
94077.989757987,2026/09/03 15:39:17.813,P2,28.86,29.02,27.0,1.0,715.0,1755.0,6801.0,44.0,31.0
94078.090093308,2026/09/03 15:39:17.914,P2,28.86,29.02,27.0,1.0,715.0,1755.0,6801.0,44.0,31.0
94078.191363965,2026/09/03 15:39:18.015,P2,28.97,28.94,27.0,1.0,715.0,1755.0,6801.0,44.0,31.0
94078.291935139,2026/09/03 15:39:18.116,P2,28.97,28.94,27.0,1.0,715.0,1755.0,6801.0,44.0,31.0
94078.392885075,2026/09/03 15:39:18.217,P2,28.97,28.94,27.0,1.0,715.0,1755.0,6801.0,44.0,30.0
94078.493810488,2026/09/03 15:39:18.317,P2,28.97,28.94,27.0,1.0,715.0,1755.0,6801.0,44.0,31.0
94078.594652177,2026/09/03 15:39:18.418,P2,28.97,28.94,27.0,1.0,715.0,1755.0,6801.0,44.0,31.0
94078.695569091,2026/09/03 15:39:18.519,P2,29.1,28.94,28.0,1.0,715.0,1755.0,6801.0,44.0,30.0
94078.79633269,2026/09/03 15:39:18.620,P2,29.1,28.94,28.0,1.0,715.0,1755.0,6801.0,44.0,31.0
94078.897485301,2026/09/03 15:39:18.721,P2,29.1,28.94,28.0,1.0,715.0,1755.0,6801.0,44.0,30.0
94078.998351903,2026/09/03 15:39:18.822,P2,29.1,28.94,28.0,1.0,715.0,1755.0,6801.0,44.0,30.0
94079.099582907,2026/09/03 15:39:18.923,P2,29.1,28.94,28.0,1.0,715.0,1755.0,6801.0,44.0,30.0
94079.200759058,2026/09/03 15:39:19.024,P2,28.92,28.97,28.0,1.0,715.0,1755.0,6801.0,45.0,31.0
94079.301657968,2026/09/03 15:39:19.125,P2,28.92,28.97,28.0,1.0,715.0,1755.0,6801.0,45.0,30.0
94079.402446033,2026/09/03 15:39:19.226,P2,28.92,28.97,28.0,1.0,715.0,1755.0,6801.0,45.0,31.0
94079.503327132,2026/09/03 15:39:19.327,P2,28.92,28.97,28.0,1.0,715.0,1755.0,6801.0,45.0,31.0
94079.604187635,2026/09/03 15:39:19.428,P2,28.92,28.97,28.0,1.0,715.0,1755.0,6801.0,45.0,30.0
94079.70506053,2026/09/03 15:39:19.529,P2,28.94,28.96,22.0,1.0,715.0,1755.0,6801.0,45.0,31.0
94079.805844992,2026/09/03 15:39:19.630,P2,28.94,28.96,22.0,1.0,715.0,1755.0,6801.0,45.0,30.0
94079.906702317,2026/09/03 15:39:19.731,P2,28.94,28.96,22.0,1.0,715.0,1755.0,6801.0,45.0,30.0
94080.007549429,2026/09/03 15:39:19.831,P2,28.94,28.96,22.0,1.0,715.0,1755.0,6801.0,45.0,30.0
94080.108690509,2026/09/03 15:39:19.932,P2,28.94,28.96,22.0,1.0,714.0,1755.0,6801.0,45.0,30.0
94080.209726997,2026/09/03 15:39:20.033,P2,28.86,28.94,22.0,1.0,704.0,1755.0,6801.0,45.0,30.0
94080.31071018,2026/09/03 15:39:20.134,P2,28.86,28.94,22.0,1.0,704.0,1755.0,6801.0,45.0,30.0
94080.41132127,2026/09/03 15:39:20.235,P2,28.86,28.94,22.0,1.0,704.0,1755.0,6801.0,45.0,30.0
94080.512003601,2026/09/03 15:39:20.336,P2,28.86,28.94,22.0,1.0,704.0,1755.0,6801.0,45.0,30.0
94080.613152551,2026/09/03 15:39:20.437,P2,28.86,28.94,22.0,1.0,704.0,1755.0,6801.0,45.0,31.0
94080.713863854,2026/09/03 15:39:20.538,P2,28.09,28.62,18.0,1.0,704.0,1755.0,6801.0,45.0,31.0
94080.814739193,2026/09/03 15:39:20.639,P2,28.09,28.62,18.0,1.0,702.0,1755.0,6801.0,45.0,31.0
94080.915776468,2026/09/03 15:39:20.739,P2,28.09,28.62,18.0,1.0,702.0,1755.0,6801.0,45.0,31.0
94081.01703285,2026/09/03 15:39:20.840,P2,28.09,28.62,18.0,1.0,702.0,1755.0,6801.0,45.0,31.0
94081.117565981,2026/09/03 15:39:20.941,P2,28.09,28.62,18.0,1.0,702.0,1755.0,6801.0,45.0,31.0
94081.218570116,2026/09/03 15:39:21.042,P2,27.87,28.24,18.0,1.0,702.0,1755.0,6801.0,45.0,31.0
94081.319532822,2026/09/03 15:39:21.143,P2,27.87,28.24,18.0,1.0,702.0,1755.0,6801.0,45.0,30.0
94081.42038778,2026/09/03 15:39:21.244,P2,27.87,28.24,18.0,1.0,702.0,1755.0,6801.0,45.0,31.0
94081.521353803,2026/09/03 15:39:21.345,P2,27.87,28.24,18.0,1.0,702.0,1755.0,6801.0,45.0,30.0
94081.622144813,2026/09/03 15:39:21.446,P2,27.87,28.24,18.0,1.0,702.0,1755.0,6801.0,45.0,30.0
94081.723148691,2026/09/03 15:39:21.547,P2,28.3,28.11,29.0,1.0,702.0,1755.0,6801.0,45.0,30.0
94081.824047248,2026/09/03 15:39:21.647,P2,28.3,28.11,29.0,1.0,702.0,1755.0,6801.0,45.0,30.0
94081.924670867,2026/09/03 15:39:21.748,P2,28.3,28.11,29.0,1.0,702.0,1755.0,6801.0,45.0,31.0
94082.025302524,2026/09/03 15:39:21.849,P2,28.3,28.11,29.0,1.0,702.0,1755.0,6801.0,45.0,31.0
94082.12633817,2026/09/03 15:39:21.950,P2,28.3,28.11,29.0,1.0,702.0,1755.0,6801.0,45.0,31.0
94082.22701206,2026/09/03 15:39:22.051,P2,28.0,28.05,29.0,1.0,702.0,1755.0,6801.0,45.0,31.0
94082.327825965,2026/09/03 15:39:22.152,P2,28.0,28.05,29.0,1.0,702.0,1755.0,6801.0,45.0,30.0
94082.4285881,2026/09/03 15:39:22.252,P2,28.0,28.05,29.0,1.0,702.0,1755.0,6801.0,45.0,30.0
94082.529549811,2026/09/03 15:39:22.353,P2,28.0,28.05,29.0,1.0,702.0,1755.0,6801.0,45.0,30.0
94082.630403234,2026/09/03 15:39:22.454,P2,28.0,28.05,29.0,1.0,702.0,1755.0,6801.0,45.0,30.0
94082.731510209,2026/09/03 15:39:22.555,P2,28.11,28.1,23.0,1.0,702.0,1755.0,6801.0,45.0,31.0
94082.832275922,2026/09/03 15:39:22.656,P2,28.11,28.1,23.0,1.0,702.0,1755.0,6801.0,45.0,31.0
94082.933122421,2026/09/03 15:39:22.757,P2,28.11,28.1,23.0,1.0,702.0,1755.0,6801.0,45.0,31.0
94083.034200991,2026/09/03 15:39:22.858,P2,28.11,28.1,23.0,1.0,702.0,1755.0,6801.0,45.0,31.0
94083.134821474,2026/09/03 15:39:22.959,P2,28.11,28.1,23.0,1.0,702.0,1755.0,6801.0,45.0,30.0
94083.235978808,2026/09/03 15:39:23.059,P2,27.91,28.09,23.0,1.0,702.0,1755.0,6801.0,45.0,31.0
94083.337122794,2026/09/03 15:39:23.161,P2,27.91,28.09,23.0,1.0,702.0,1755.0,6801.0,45.0,31.0
94083.43793344,2026/09/03 15:39:23.262,P2,27.91,28.09,23.0,1.0,702.0,1755.0,6801.0,45.0,31.0
94083.538863955,2026/09/03 15:39:23.363,P2,27.91,28.09,23.0,1.0,702.0,1755.0,6801.0,45.0,31.0
94083.639843412,2026/09/03 15:39:23.464,P2,27.91,28.09,23.0,1.0,702.0,1755.0,6801.0,45.0,31.0
94083.740615547,2026/09/03 15:39:23.564,P2,28.14,28.06,20.0,1.0,702.0,1755.0,6801.0,45.0,31.0
94083.841748744,2026/09/03 15:39:23.665,P2,28.14,28.06,20.0,1.0,702.0,1755.0,6801.0,45.0,31.0
94083.942264169,2026/09/03 15:39:23.766,P2,28.14,28.06,20.0,1.0,702.0,1755.0,6801.0,45.0,31.0
94084.043112673,2026/09/03 15:39:23.867,P2,28.14,28.06,20.0,1.0,702.0,1755.0,6801.0,45.0,31.0
94084.143929734,2026/09/03 15:39:23.968,P2,28.14,28.06,20.0,1.0,702.0,1755.0,6801.0,45.0,31.0
94084.245018309,2026/09/03 15:39:24.069,P2,28.22,28.08,20.0,1.0,702.0,1755.0,6801.0,45.0,31.0
94084.345695686,2026/09/03 15:39:24.170,P2,28.22,28.08,20.0,1.0,702.0,1755.0,6801.0,45.0,31.0
94084.446545969,2026/09/03 15:39:24.270,P2,28.22,28.08,20.0,1.0,702.0,1755.0,6801.0,45.0,31.0
94084.547495262,2026/09/03 15:39:24.371,P2,28.22,28.08,20.0,1.0,702.0,1755.0,6801.0,45.0,31.0
94084.648188177,2026/09/03 15:39:24.472,P2,27.97,28.09,25.0,1.0,702.0,1755.0,6801.0,45.0,31.0
94084.749125989,2026/09/03 15:39:24.573,P2,27.97,28.09,25.0,1.0,702.0,1755.0,6801.0,45.0,31.0
94084.850021825,2026/09/03 15:39:24.674,P2,27.97,28.09,25.0,1.0,702.0,1755.0,6801.0,45.0,31.0
94084.950672968,2026/09/03 15:39:24.774,P2,27.97,28.09,25.0,1.0,702.0,1755.0,6801.0,45.0,31.0
94085.051789557,2026/09/03 15:39:24.875,P2,27.97,28.09,25.0,1.0,702.0,1755.0,6801.0,45.0,31.0
94085.152578094,2026/09/03 15:39:24.976,P2,28.04,28.03,25.0,1.0,702.0,1755.0,6801.0,45.0,31.0
94085.253466089,2026/09/03 15:39:25.077,P2,28.04,28.03,25.0,1.0,702.0,1755.0,6801.0,45.0,31.0
94085.354404403,2026/09/03 15:39:25.178,P2,28.04,28.03,25.0,1.0,702.0,1755.0,6801.0,45.0,31.0
94085.45515904,2026/09/03 15:39:25.279,P2,28.04,28.03,25.0,1.0,702.0,1755.0,6801.0,45.0,31.0
94085.556328356,2026/09/03 15:39:25.380,P2,28.04,28.03,25.0,1.0,702.0,1755.0,6801.0,45.0,30.0
94085.657098267,2026/09/03 15:39:25.481,P2,28.08,28.01,25.0,1.0,702.0,1755.0,6801.0,45.0,31.0
94085.758085838,2026/09/03 15:39:25.582,P2,28.08,28.01,25.0,1.0,702.0,1755.0,6801.0,45.0,31.0
94085.859180945,2026/09/03 15:39:25.683,P2,28.08,28.01,25.0,1.0,702.0,1755.0,6801.0,45.0,30.0
94085.959908747,2026/09/03 15:39:25.784,P2,28.08,28.01,25.0,1.0,702.0,1755.0,6801.0,45.0,30.0
94086.060940089,2026/09/03 15:39:25.884,P2,28.08,28.01,25.0,1.0,702.0,1755.0,6801.0,45.0,31.0
94086.161931593,2026/09/03 15:39:25.985,P2,27.99,28.04,25.0,1.0,702.0,1755.0,6801.0,45.0,30.0
94086.262584021,2026/09/03 15:39:26.086,P2,27.99,28.04,25.0,1.0,702.0,1755.0,6801.0,45.0,31.0
94086.363442362,2026/09/03 15:39:26.187,P2,27.99,28.04,25.0,1.0,702.0,1755.0,6801.0,45.0,31.0
94086.464279677,2026/09/03 15:39:26.288,P2,27.99,28.04,25.0,1.0,702.0,1755.0,6801.0,45.0,31.0
94086.565307762,2026/09/03 15:39:26.389,P2,27.99,28.04,25.0,1.0,702.0,1755.0,6801.0,45.0,31.0
94086.666169333,2026/09/03 15:39:26.490,P2,27.94,28.03,25.0,1.0,702.0,1755.0,6801.0,45.0,31.0
94086.766928746,2026/09/03 15:39:26.591,P2,27.94,28.03,25.0,1.0,702.0,1755.0,6801.0,45.0,31.0
94086.86780876,2026/09/03 15:39:26.692,P2,27.94,28.03,25.0,1.0,702.0,1755.0,6801.0,45.0,31.0
94086.968914402,2026/09/03 15:39:26.792,P2,27.94,28.03,25.0,1.0,702.0,1755.0,6801.0,45.0,31.0
94087.069613391,2026/09/03 15:39:26.893,P2,27.94,28.03,25.0,1.0,702.0,1755.0,6801.0,45.0,30.0
94087.170554936,2026/09/03 15:39:26.994,P2,28.05,28.03,25.0,1.0,702.0,1755.0,6801.0,45.0,30.0
94087.271276367,2026/09/03 15:39:27.095,P2,28.05,28.03,25.0,1.0,702.0,1755.0,6801.0,45.0,30.0
94087.372091958,2026/09/03 15:39:27.196,P2,28.05,28.03,25.0,1.0,702.0,1755.0,6801.0,45.0,30.0
94087.473096004,2026/09/03 15:39:27.297,P2,28.05,28.03,25.0,1.0,702.0,1755.0,6801.0,45.0,30.0
94087.57366593,2026/09/03 15:39:27.397,P2,28.05,28.03,25.0,1.0,702.0,1755.0,6801.0,45.0,31.0
94087.67486106,2026/09/03 15:39:27.498,P2,28.1,28.04,26.0,1.0,702.0,1755.0,6801.0,45.0,31.0
94087.775731193,2026/09/03 15:39:27.599,P2,28.1,28.04,26.0,1.0,702.0,1755.0,6801.0,45.0,31.0
94087.876566624,2026/09/03 15:39:27.700,P2,28.1,28.04,26.0,1.0,702.0,1755.0,6801.0,45.0,31.0
94087.977507563,2026/09/03 15:39:27.801,P2,28.1,28.04,26.0,1.0,702.0,1755.0,6801.0,45.0,31.0
94088.078643358,2026/09/03 15:39:27.902,P2,28.1,28.04,26.0,1.0,702.0,1755.0,6801.0,45.0,31.0
94088.179431179,2026/09/03 15:39:28.003,P2,28.2,28.08,26.0,1.0,702.0,1755.0,6801.0,45.0,31.0
94088.280354308,2026/09/03 15:39:28.104,P2,28.2,28.08,26.0,1.0,702.0,1755.0,6801.0,45.0,31.0
94088.381435795,2026/09/03 15:39:28.205,P2,28.2,28.08,26.0,1.0,702.0,1755.0,6801.0,45.0,31.0
94088.482265651,2026/09/03 15:39:28.306,P2,28.2,28.08,26.0,1.0,702.0,1755.0,6801.0,45.0,31.0
94088.583047952,2026/09/03 15:39:28.407,P2,28.2,28.08,26.0,1.0,702.0,1755.0,6801.0,45.0,31.0
94088.683805189,2026/09/03 15:39:28.508,P2,28.26,28.14,28.0,1.0,702.0,1755.0,6801.0,45.0,31.0
94088.784651884,2026/09/03 15:39:28.608,P2,28.26,28.14,28.0,1.0,702.0,1755.0,6801.0,45.0,31.0
94088.88551831,2026/09/03 15:39:28.709,P2,28.26,28.14,28.0,1.0,702.0,1755.0,6801.0,45.0,31.0
94088.986640123,2026/09/03 15:39:28.810,P2,28.26,28.14,28.0,1.0,702.0,1755.0,6801.0,45.0,31.0
94089.087266468,2026/09/03 15:39:28.911,P2,28.26,28.14,28.0,1.0,702.0,1755.0,6801.0,45.0,31.0
94089.188169556,2026/09/03 15:39:29.012,P2,28.17,28.22,28.0,1.0,702.0,1755.0,6801.0,45.0,31.0
94089.289105928,2026/09/03 15:39:29.113,P2,28.17,28.22,28.0,1.0,702.0,1755.0,6801.0,45.0,31.0
94089.389823457,2026/09/03 15:39:29.214,P2,28.17,28.22,28.0,1.0,702.0,1755.0,6801.0,45.0,31.0
94089.490611012,2026/09/03 15:39:29.314,P2,28.17,28.22,28.0,1.0,702.0,1755.0,6801.0,45.0,31.0
94089.591357068,2026/09/03 15:39:29.415,P2,28.17,28.22,28.0,1.0,702.0,1755.0,6801.0,45.0,31.0
94089.692270001,2026/09/03 15:39:29.516,P2,27.96,28.17,21.0,1.0,702.0,1755.0,6801.0,45.0,31.0
94089.793240552,2026/09/03 15:39:29.617,P2,27.96,28.17,21.0,1.0,702.0,1755.0,6801.0,45.0,31.0
94089.894214341,2026/09/03 15:39:29.718,P2,27.96,28.17,21.0,1.0,702.0,1755.0,6801.0,45.0,31.0
94089.995528826,2026/09/03 15:39:29.819,P2,27.96,28.17,21.0,1.0,702.0,1755.0,6801.0,45.0,31.0
94090.096664864,2026/09/03 15:39:29.920,P2,27.96,28.17,21.0,1.0,702.0,1755.0,6801.0,45.0,31.0
94090.197378406,2026/09/03 15:39:30.021,P2,27.97,28.07,21.0,1.0,702.0,1755.0,6801.0,45.0,31.0
94090.298323577,2026/09/03 15:39:30.122,P2,27.97,28.07,21.0,1.0,702.0,1755.0,6801.0,45.0,31.0
94090.399464733,2026/09/03 15:39:30.223,P2,27.97,28.07,21.0,1.0,702.0,1755.0,6801.0,45.0,31.0
94090.500412347,2026/09/03 15:39:30.324,P2,27.97,28.07,21.0,1.0,702.0,1755.0,6801.0,45.0,31.0
94090.600848087,2026/09/03 15:39:30.425,P2,27.97,28.07,21.0,1.0,702.0,1755.0,6801.0,45.0,31.0
94090.701739828,2026/09/03 15:39:30.525,P2,28.05,28.05,23.0,1.0,702.0,1755.0,6801.0,45.0,31.0
94090.802425641,2026/09/03 15:39:30.626,P2,28.05,28.05,23.0,1.0,702.0,1755.0,6801.0,45.0,31.0
94090.903260094,2026/09/03 15:39:30.727,P2,28.05,28.05,23.0,1.0,702.0,1755.0,6801.0,45.0,31.0
94091.004124172,2026/09/03 15:39:30.828,P2,28.05,28.05,23.0,1.0,702.0,1755.0,6801.0,45.0,31.0
94091.10506684,2026/09/03 15:39:30.929,P2,28.05,28.05,23.0,1.0,702.0,1755.0,6801.0,45.0,31.0
94091.205975631,2026/09/03 15:39:31.030,P2,28.27,28.12,23.0,1.0,702.0,1755.0,6801.0,45.0,31.0
94091.306614968,2026/09/03 15:39:31.130,P2,28.27,28.12,23.0,1.0,702.0,1755.0,6801.0,45.0,31.0
94091.407649914,2026/09/03 15:39:31.231,P2,28.27,28.12,23.0,1.0,702.0,1755.0,6801.0,45.0,31.0
94091.508291924,2026/09/03 15:39:31.332,P2,28.27,28.12,23.0,1.0,702.0,1755.0,6801.0,45.0,31.0
94091.655957892,2026/09/03 15:39:31.433,P2,28.27,28.12,23.0,1.0,702.0,1755.0,6801.0,45.0,31.0
94091.710062751,2026/09/03 15:39:31.534,P2,27.84,28.16,15.0,1.0,702.0,1755.0,6801.0,45.0,31.0
94091.810909195,2026/09/03 15:39:31.635,P2,27.84,28.16,15.0,1.0,702.0,1755.0,6801.0,45.0,31.0
94091.911670858,2026/09/03 15:39:31.736,P2,27.84,28.16,15.0,1.0,702.0,1755.0,6801.0,45.0,31.0
94092.012828318,2026/09/03 15:39:31.836,P2,27.84,28.16,15.0,1.0,702.0,1755.0,6801.0,45.0,31.0
94092.113925367,2026/09/03 15:39:31.937,P2,27.84,28.16,15.0,1.0,702.0,1755.0,6801.0,45.0,31.0
94092.214653774,2026/09/03 15:39:32.038,P2,28.17,28.13,15.0,1.0,702.0,1755.0,6801.0,45.0,30.0
94092.315651602,2026/09/03 15:39:32.139,P2,28.17,28.13,15.0,1.0,702.0,1755.0,6801.0,45.0,30.0
94092.416428257,2026/09/03 15:39:32.240,P2,28.17,28.13,15.0,1.0,702.0,1755.0,6801.0,45.0,31.0
94092.517512206,2026/09/03 15:39:32.341,P2,28.17,28.13,15.0,1.0,702.0,1755.0,6801.0,45.0,31.0
94092.618136194,2026/09/03 15:39:32.442,P2,28.17,28.13,15.0,1.0,702.0,1755.0,6801.0,45.0,31.0
94092.719049793,2026/09/03 15:39:32.543,P2,28.15,28.1,25.0,1.0,702.0,1755.0,6801.0,46.0,31.0
94092.819877593,2026/09/03 15:39:32.644,P2,28.15,28.1,25.0,1.0,702.0,1755.0,6801.0,46.0,30.0
94092.920903708,2026/09/03 15:39:32.745,P2,28.15,28.1,25.0,1.0,702.0,1755.0,6801.0,46.0,31.0
94093.021703459,2026/09/03 15:39:32.845,P2,28.15,28.1,25.0,1.0,702.0,1755.0,6801.0,46.0,30.0
94093.122482,2026/09/03 15:39:32.946,P2,28.15,28.1,25.0,1.0,702.0,1755.0,6801.0,46.0,30.0
94093.22351383,2026/09/03 15:39:33.047,P2,28.18,28.17,25.0,1.0,702.0,1755.0,6801.0,45.0,30.0
94093.324381352,2026/09/03 15:39:33.148,P2,28.18,28.17,25.0,1.0,701.0,1755.0,6801.0,45.0,30.0
94093.425317852,2026/09/03 15:39:33.249,P2,28.18,28.17,25.0,1.0,701.0,1755.0,6801.0,45.0,30.0
94093.526130314,2026/09/03 15:39:33.350,P2,28.18,28.17,25.0,1.0,701.0,1755.0,6801.0,45.0,30.0
94093.627047638,2026/09/03 15:39:33.451,P2,28.18,28.17,25.0,1.0,701.0,1755.0,6801.0,45.0,31.0
94093.728251386,2026/09/03 15:39:33.551,P2,28.3,28.24,18.0,1.0,701.0,1755.0,6801.0,45.0,30.0
94093.828804841,2026/09/03 15:39:33.652,P2,28.3,28.24,18.0,1.0,701.0,1755.0,6801.0,45.0,31.0
94093.929411232,2026/09/03 15:39:33.753,P2,28.3,28.24,18.0,1.0,701.0,1755.0,6801.0,45.0,31.0
94094.030308513,2026/09/03 15:39:33.854,P2,28.3,28.24,18.0,1.0,701.0,1755.0,6801.0,45.0,31.0
94094.131152647,2026/09/03 15:39:33.955,P2,28.3,28.24,18.0,1.0,701.0,1755.0,6801.0,45.0,31.0
94094.231991718,2026/09/03 15:39:34.056,P2,28.37,28.32,18.0,1.0,701.0,1755.0,6801.0,46.0,30.0
94094.333037192,2026/09/03 15:39:34.157,P2,28.37,28.32,18.0,1.0,701.0,1755.0,6801.0,46.0,30.0
94094.433998018,2026/09/03 15:39:34.258,P2,28.37,28.32,18.0,1.0,701.0,1755.0,6801.0,46.0,30.0
94094.534763367,2026/09/03 15:39:34.358,P2,28.37,28.32,18.0,1.0,701.0,1755.0,6801.0,46.0,31.0
94094.635694703,2026/09/03 15:39:34.459,P2,28.37,28.32,18.0,1.0,701.0,1755.0,6801.0,46.0,30.0
94094.736803243,2026/09/03 15:39:34.560,P2,28.34,28.35,22.0,1.0,701.0,1755.0,6801.0,45.0,31.0
94094.837347684,2026/09/03 15:39:34.661,P2,28.34,28.35,22.0,1.0,701.0,1755.0,6801.0,45.0,31.0
94094.938396308,2026/09/03 15:39:34.762,P2,28.34,28.35,22.0,1.0,701.0,1755.0,6801.0,45.0,31.0
94095.039255378,2026/09/03 15:39:34.863,P2,28.34,28.35,22.0,1.0,701.0,1755.0,6801.0,45.0,31.0
94095.140003339,2026/09/03 15:39:34.964,P2,28.34,28.35,22.0,1.0,701.0,1755.0,6801.0,45.0,31.0
94095.240966825,2026/09/03 15:39:35.065,P2,28.26,28.35,22.0,1.0,701.0,1755.0,6801.0,46.0,31.0
94095.341736839,2026/09/03 15:39:35.166,P2,28.26,28.35,22.0,1.0,701.0,1755.0,6801.0,46.0,31.0
94095.442522921,2026/09/03 15:39:35.266,P2,28.26,28.35,22.0,1.0,701.0,1755.0,6801.0,46.0,31.0
94095.543569149,2026/09/03 15:39:35.367,P2,28.26,28.35,22.0,1.0,701.0,1755.0,6801.0,46.0,31.0
94095.64438193,2026/09/03 15:39:35.468,P2,28.26,28.35,22.0,1.0,701.0,1755.0,6801.0,46.0,31.0
94095.745319226,2026/09/03 15:39:35.569,P2,28.58,28.34,23.0,1.0,701.0,1755.0,6801.0,46.0,31.0
94095.846319864,2026/09/03 15:39:35.670,P2,28.58,28.34,23.0,1.0,701.0,1755.0,6801.0,46.0,31.0
94095.946821397,2026/09/03 15:39:35.771,P2,28.58,28.34,23.0,1.0,701.0,1755.0,6801.0,46.0,31.0
94096.047624421,2026/09/03 15:39:35.871,P2,28.58,28.34,23.0,1.0,701.0,1755.0,6801.0,46.0,31.0
94096.148565112,2026/09/03 15:39:35.972,P2,28.38,28.4,23.0,1.0,701.0,1755.0,6801.0,46.0,31.0
94096.249597303,2026/09/03 15:39:36.073,P2,28.38,28.4,23.0,1.0,701.0,1755.0,6801.0,46.0,31.0
94096.350293448,2026/09/03 15:39:36.174,P2,28.38,28.4,23.0,1.0,701.0,1755.0,6801.0,46.0,31.0
94096.451322571,2026/09/03 15:39:36.275,P2,28.38,28.4,23.0,1.0,701.0,1755.0,6801.0,46.0,31.0
94096.552115734,2026/09/03 15:39:36.376,P2,28.38,28.4,23.0,1.0,701.0,1755.0,6801.0,46.0,30.0
94096.653111191,2026/09/03 15:39:36.477,P2,28.56,28.46,28.0,1.0,701.0,1755.0,6801.0,46.0,31.0
94096.754187255,2026/09/03 15:39:36.578,P2,28.56,28.46,28.0,1.0,701.0,1755.0,6801.0,46.0,31.0
94096.855121037,2026/09/03 15:39:36.679,P2,28.56,28.46,28.0,1.0,701.0,1755.0,6801.0,46.0,31.0
94096.95590013,2026/09/03 15:39:36.780,P2,28.56,28.46,28.0,1.0,701.0,1755.0,6801.0,46.0,31.0
94097.05677631,2026/09/03 15:39:36.881,P2,28.56,28.46,28.0,1.0,701.0,1755.0,6801.0,46.0,31.0
94097.157592702,2026/09/03 15:39:36.981,P2,28.25,28.42,28.0,1.0,701.0,1755.0,6801.0,46.0,31.0
94097.258702543,2026/09/03 15:39:37.082,P2,28.25,28.42,28.0,1.0,701.0,1755.0,6801.0,46.0,31.0
94097.359817629,2026/09/03 15:39:37.183,P2,28.25,28.42,28.0,1.0,701.0,1755.0,6801.0,46.0,31.0
94097.460112313,2026/09/03 15:39:37.284,P2,28.25,28.42,28.0,1.0,701.0,1755.0,6801.0,46.0,31.0
94097.560910935,2026/09/03 15:39:37.385,P2,28.25,28.42,28.0,1.0,701.0,1755.0,6801.0,46.0,30.0
94097.661632089,2026/09/03 15:39:37.485,P2,28.36,28.37,25.0,1.0,701.0,1755.0,6801.0,46.0,30.0
94097.762556571,2026/09/03 15:39:37.586,P2,28.36,28.37,25.0,1.0,701.0,1755.0,6801.0,46.0,30.0
94097.863350077,2026/09/03 15:39:37.687,P2,28.36,28.37,25.0,1.0,701.0,1755.0,6801.0,46.0,31.0
94097.964026814,2026/09/03 15:39:37.788,P2,28.36,28.37,25.0,1.0,701.0,1755.0,6801.0,46.0,30.0
94098.064830296,2026/09/03 15:39:37.889,P2,28.36,28.37,25.0,1.0,710.0,1755.0,6801.0,46.0,31.0
94098.165715086,2026/09/03 15:39:37.990,P2,29.49,28.48,25.0,1.0,711.0,1755.0,6801.0,46.0,30.0
94098.266613786,2026/09/03 15:39:38.090,P2,29.49,28.48,25.0,1.0,712.0,1755.0,6801.0,46.0,30.0
94098.367522813,2026/09/03 15:39:38.191,P2,29.49,28.48,25.0,1.0,712.0,1755.0,6801.0,46.0,30.0
94098.468430451,2026/09/03 15:39:38.292,P2,29.49,28.48,25.0,1.0,712.0,1755.0,6801.0,46.0,31.0
94098.569204336,2026/09/03 15:39:38.393,P2,29.49,28.48,25.0,1.0,712.0,1755.0,6801.0,46.0,30.0
94098.670040417,2026/09/03 15:39:38.494,P2,29.17,28.79,20.0,1.0,712.0,1755.0,6801.0,46.0,30.0
94098.771552433,2026/09/03 15:39:38.595,P2,29.17,28.79,20.0,1.0,712.0,1755.0,6801.0,46.0,30.0
94098.872148568,2026/09/03 15:39:38.696,P2,29.17,28.79,20.0,1.0,712.0,1755.0,6801.0,46.0,31.0
94098.973148237,2026/09/03 15:39:38.797,P2,29.17,28.79,20.0,1.0,712.0,1755.0,6801.0,46.0,30.0
94099.074037146,2026/09/03 15:39:38.898,P2,29.17,28.79,20.0,1.0,712.0,1755.0,6801.0,46.0,31.0
94099.175783686,2026/09/03 15:39:38.999,P2,28.98,29.06,20.0,1.0,712.0,1755.0,6801.0,46.0,30.0
94099.27600898,2026/09/03 15:39:39.100,P2,28.98,29.06,20.0,1.0,712.0,1755.0,6801.0,46.0,30.0
94099.376834645,2026/09/03 15:39:39.201,P2,28.98,29.06,20.0,1.0,712.0,1755.0,6801.0,46.0,30.0
94099.478073512,2026/09/03 15:39:39.302,P2,28.98,29.06,20.0,1.0,712.0,1755.0,6801.0,46.0,31.0
94099.578571912,2026/09/03 15:39:39.402,P2,28.98,29.06,20.0,1.0,726.0,1755.0,6801.0,46.0,31.0
94099.680129245,2026/09/03 15:39:39.503,P2,29.11,29.11,18.0,2.0,713.0,1755.0,6801.0,46.0,31.0
94099.78038806,2026/09/03 15:39:39.604,P2,29.11,29.11,18.0,2.0,724.0,1755.0,6801.0,46.0,31.0
94099.881310813,2026/09/03 15:39:39.705,P2,29.11,29.11,18.0,2.0,724.0,1755.0,6801.0,46.0,31.0
94099.982230228,2026/09/03 15:39:39.806,P2,29.11,29.11,18.0,2.0,724.0,1755.0,6801.0,46.0,31.0
94100.08350008,2026/09/03 15:39:39.907,P2,29.11,29.11,18.0,2.0,724.0,1755.0,6801.0,46.0,31.0
94100.183981013,2026/09/03 15:39:40.008,P2,28.51,28.95,18.0,2.0,735.0,1755.0,6801.0,46.0,31.0
94100.284914155,2026/09/03 15:39:40.108,P2,28.51,28.95,18.0,2.0,736.0,1755.0,6801.0,46.0,31.0
94100.385415725,2026/09/03 15:39:40.209,P2,28.51,28.95,18.0,2.0,735.0,1755.0,6801.0,46.0,31.0
94100.486586081,2026/09/03 15:39:40.310,P2,28.51,28.95,18.0,2.0,745.0,1755.0,6801.0,46.0,31.0
94100.587301216,2026/09/03 15:39:40.411,P2,28.51,28.95,18.0,2.0,748.0,1755.0,6801.0,46.0,31.0
94100.688311926,2026/09/03 15:39:40.512,P2,28.93,28.92,28.0,1.0,748.0,1755.0,6801.0,46.0,31.0
94100.789486401,2026/09/03 15:39:40.613,P2,28.93,28.92,28.0,1.0,748.0,1755.0,6801.0,46.0,31.0
94100.890254178,2026/09/03 15:39:40.714,P2,28.93,28.92,28.0,1.0,748.0,1755.0,6801.0,46.0,31.0
94100.991478726,2026/09/03 15:39:40.815,P2,28.93,28.92,28.0,1.0,748.0,1755.0,6801.0,46.0,31.0
94101.092667132,2026/09/03 15:39:40.916,P2,28.93,28.92,28.0,1.0,748.0,1755.0,6801.0,46.0,31.0
94101.193937721,2026/09/03 15:39:41.017,P2,29.7,29.22,28.0,1.0,748.0,1755.0,6801.0,46.0,30.0
94101.294625008,2026/09/03 15:39:41.118,P2,29.7,29.22,28.0,1.0,749.0,1755.0,6801.0,46.0,31.0
94101.395541586,2026/09/03 15:39:41.219,P2,29.7,29.22,28.0,1.0,744.0,1755.0,6801.0,46.0,30.0
94101.496693324,2026/09/03 15:39:41.320,P2,29.7,29.22,28.0,1.0,754.0,1755.0,6801.0,46.0,31.0
94101.597663101,2026/09/03 15:39:41.421,P2,29.7,29.22,28.0,1.0,761.0,1755.0,6801.0,46.0,31.0
94101.698502761,2026/09/03 15:39:41.522,P2,29.38,29.47,29.0,1.0,761.0,1755.0,6801.0,46.0,30.0
94101.799211714,2026/09/03 15:39:41.623,P2,29.38,29.47,29.0,1.0,761.0,1755.0,6801.0,46.0,31.0
94101.900090238,2026/09/03 15:39:41.724,P2,29.38,29.47,29.0,1.0,761.0,1755.0,6801.0,46.0,30.0
94102.001966242,2026/09/03 15:39:41.825,P2,29.38,29.47,29.0,1.0,761.0,1755.0,6801.0,46.0,30.0
94102.102058825,2026/09/03 15:39:41.926,P2,29.38,29.47,29.0,1.0,761.0,1755.0,6801.0,46.0,30.0
94102.20394348,2026/09/03 15:39:42.027,P2,29.92,29.58,29.0,1.0,761.0,1755.0,6801.0,46.0,30.0
94102.304064287,2026/09/03 15:39:42.128,P2,29.92,29.58,29.0,1.0,761.0,1755.0,6801.0,46.0,30.0
94102.405065668,2026/09/03 15:39:42.229,P2,29.92,29.58,29.0,1.0,761.0,1755.0,6801.0,46.0,30.0
94102.506035433,2026/09/03 15:39:42.330,P2,29.92,29.58,29.0,1.0,761.0,1755.0,6801.0,46.0,30.0
94102.606585137,2026/09/03 15:39:42.430,P2,29.92,29.58,29.0,1.0,761.0,1755.0,6801.0,46.0,30.0
94102.707637612,2026/09/03 15:39:42.531,P2,29.67,29.67,28.0,2.0,761.0,1755.0,6801.0,46.0,30.0
94102.808593167,2026/09/03 15:39:42.632,P2,29.67,29.67,28.0,2.0,761.0,1755.0,6801.0,46.0,30.0
94102.909776483,2026/09/03 15:39:42.733,P2,29.67,29.67,28.0,2.0,761.0,1755.0,6801.0,46.0,30.0
94103.01056131,2026/09/03 15:39:42.834,P2,29.67,29.67,28.0,2.0,761.0,1755.0,6801.0,46.0,30.0
94103.111506279,2026/09/03 15:39:42.935,P2,29.67,29.67,28.0,2.0,761.0,1755.0,6801.0,46.0,30.0
94103.212662524,2026/09/03 15:39:43.036,P2,29.74,29.74,28.0,2.0,761.0,1755.0,6801.0,46.0,30.0
94103.313374208,2026/09/03 15:39:43.137,P2,29.74,29.74,28.0,2.0,761.0,1755.0,6801.0,46.0,30.0
94103.414293339,2026/09/03 15:39:43.238,P2,29.74,29.74,28.0,2.0,761.0,1755.0,6801.0,46.0,30.0
94103.515312741,2026/09/03 15:39:43.339,P2,29.74,29.74,28.0,2.0,761.0,1755.0,6801.0,46.0,30.0
94103.616152792,2026/09/03 15:39:43.440,P2,29.74,29.74,28.0,2.0,761.0,1755.0,6801.0,46.0,30.0
94103.717033568,2026/09/03 15:39:43.541,P2,29.82,29.74,32.0,2.0,761.0,1755.0,6801.0,46.0,30.0
94103.817777163,2026/09/03 15:39:43.642,P2,29.82,29.74,32.0,2.0,761.0,1755.0,6801.0,46.0,30.0
94103.91848347,2026/09/03 15:39:43.742,P2,29.82,29.74,32.0,2.0,761.0,1755.0,6801.0,46.0,30.0
94104.019358427,2026/09/03 15:39:43.843,P2,29.82,29.74,32.0,2.0,761.0,1755.0,6801.0,46.0,30.0
94104.120225046,2026/09/03 15:39:43.944,P2,29.82,29.74,32.0,2.0,761.0,1755.0,6801.0,46.0,30.0
94104.221144025,2026/09/03 15:39:44.045,P2,29.82,29.78,32.0,2.0,761.0,1755.0,6801.0,47.0,30.0
94104.321993228,2026/09/03 15:39:44.146,P2,29.82,29.78,32.0,2.0,750.0,1755.0,6801.0,47.0,30.0
94104.422944558,2026/09/03 15:39:44.247,P2,29.82,29.78,32.0,2.0,750.0,1755.0,6801.0,47.0,30.0
94104.523950791,2026/09/03 15:39:44.348,P2,29.82,29.78,32.0,2.0,750.0,1755.0,6801.0,47.0,30.0
94104.625358035,2026/09/03 15:39:44.448,P2,29.82,29.78,32.0,2.0,750.0,1755.0,6801.0,47.0,30.0
94104.725608431,2026/09/03 15:39:44.549,P2,29.75,29.75,31.0,2.0,750.0,1755.0,6801.0,47.0,30.0
94104.826468914,2026/09/03 15:39:44.650,P2,29.75,29.75,31.0,2.0,750.0,1755.0,6801.0,47.0,30.0
94104.927455699,2026/09/03 15:39:44.751,P2,29.75,29.75,31.0,2.0,750.0,1755.0,6801.0,47.0,30.0
94105.028519289,2026/09/03 15:39:44.852,P2,29.75,29.75,31.0,2.0,750.0,1755.0,6801.0,47.0,30.0
94105.129412815,2026/09/03 15:39:44.953,P2,29.75,29.75,31.0,2.0,750.0,1755.0,6801.0,47.0,30.0
94105.230222428,2026/09/03 15:39:45.054,P2,29.74,29.75,31.0,2.0,750.0,1755.0,6801.0,47.0,30.0
94105.332095493,2026/09/03 15:39:45.155,P2,29.74,29.75,31.0,2.0,750.0,1755.0,6801.0,47.0,30.0
94105.433026791,2026/09/03 15:39:45.257,P2,29.74,29.75,31.0,2.0,750.0,1755.0,6801.0,47.0,30.0
94105.534108232,2026/09/03 15:39:45.358,P2,29.74,29.75,31.0,2.0,749.0,1755.0,6801.0,47.0,30.0
94105.634765407,2026/09/03 15:39:45.459,P2,29.74,29.75,31.0,2.0,751.0,1755.0,6801.0,47.0,30.0
94105.735567608,2026/09/03 15:39:45.559,P2,29.76,29.77,22.0,2.0,739.0,1755.0,6801.0,47.0,30.0
94105.836448449,2026/09/03 15:39:45.660,P2,29.76,29.77,22.0,2.0,730.0,1755.0,6801.0,47.0,30.0
94105.937555187,2026/09/03 15:39:45.761,P2,29.76,29.77,22.0,2.0,744.0,1755.0,6801.0,47.0,30.0
94106.03820788,2026/09/03 15:39:45.862,P2,29.76,29.77,22.0,2.0,754.0,1755.0,6801.0,47.0,30.0
94106.139061554,2026/09/03 15:39:45.963,P2,29.76,29.77,22.0,2.0,754.0,1755.0,6801.0,47.0,30.0
94106.240351227,2026/09/03 15:39:46.064,P2,29.66,29.59,22.0,2.0,754.0,1755.0,6801.0,46.0,30.0
94106.340826318,2026/09/03 15:39:46.165,P2,29.66,29.59,22.0,2.0,754.0,1755.0,6801.0,46.0,30.0
94106.441862721,2026/09/03 15:39:46.266,P2,29.66,29.59,22.0,2.0,754.0,1755.0,6801.0,46.0,30.0
94106.542705485,2026/09/03 15:39:46.366,P2,29.66,29.59,22.0,2.0,754.0,1755.0,6801.0,46.0,30.0
94106.643807457,2026/09/03 15:39:46.467,P2,29.66,29.59,22.0,2.0,754.0,1755.0,6801.0,46.0,30.0
94106.744235377,2026/09/03 15:39:46.568,P2,29.73,29.59,28.0,2.0,743.0,1755.0,6801.0,47.0,30.0
94106.845178948,2026/09/03 15:39:46.669,P2,29.73,29.59,28.0,2.0,742.0,1755.0,6801.0,47.0,30.0
94106.946277218,2026/09/03 15:39:46.770,P2,29.73,29.59,28.0,2.0,742.0,1755.0,6801.0,47.0,30.0
94107.04705912,2026/09/03 15:39:46.871,P2,29.73,29.59,28.0,2.0,742.0,1755.0,6801.0,47.0,30.0
94107.148103865,2026/09/03 15:39:46.972,P2,29.56,29.65,28.0,2.0,742.0,1755.0,6801.0,47.0,30.0
94107.24898843,2026/09/03 15:39:47.073,P2,29.56,29.65,28.0,2.0,742.0,1755.0,6801.0,47.0,30.0
94107.349990544,2026/09/03 15:39:47.174,P2,29.56,29.65,28.0,2.0,742.0,1755.0,6801.0,47.0,30.0
94107.450948701,2026/09/03 15:39:47.275,P2,29.56,29.65,28.0,2.0,742.0,1755.0,6801.0,47.0,30.0
94107.551821861,2026/09/03 15:39:47.376,P2,29.56,29.65,28.0,2.0,744.0,1755.0,6801.0,47.0,31.0
94107.652833316,2026/09/03 15:39:47.476,P2,29.46,29.61,27.0,2.0,744.0,1755.0,6801.0,47.0,30.0
94107.753984364,2026/09/03 15:39:47.577,P2,29.46,29.61,27.0,2.0,744.0,1755.0,6801.0,47.0,30.0
94107.854583373,2026/09/03 15:39:47.678,P2,29.46,29.61,27.0,2.0,742.0,1755.0,6801.0,47.0,31.0
94107.955565901,2026/09/03 15:39:47.779,P2,29.46,29.61,27.0,2.0,742.0,1755.0,6801.0,47.0,30.0
94108.056310129,2026/09/03 15:39:47.880,P2,29.46,29.61,27.0,2.0,744.0,1755.0,6801.0,47.0,31.0
94108.157701275,2026/09/03 15:39:47.981,P2,29.39,29.59,27.0,2.0,743.0,1755.0,6801.0,47.0,31.0
94108.257998214,2026/09/03 15:39:48.082,P2,29.39,29.59,27.0,2.0,743.0,1755.0,6801.0,47.0,31.0
94108.359059731,2026/09/03 15:39:48.183,P2,29.39,29.59,27.0,2.0,739.0,1755.0,6801.0,47.0,31.0
94108.459683604,2026/09/03 15:39:48.284,P2,29.39,29.59,27.0,2.0,749.0,1755.0,6801.0,47.0,31.0
94108.560793135,2026/09/03 15:39:48.384,P2,29.39,29.59,27.0,2.0,754.0,1755.0,6801.0,47.0,31.0
94108.661486339,2026/09/03 15:39:48.485,P2,29.23,29.33,26.0,2.0,754.0,1755.0,6801.0,47.0,31.0
94108.762150543,2026/09/03 15:39:48.586,P2,29.23,29.33,26.0,2.0,755.0,1755.0,6801.0,47.0,31.0
94108.863038513,2026/09/03 15:39:48.687,P2,29.23,29.33,26.0,2.0,755.0,1755.0,6801.0,47.0,31.0
94108.96389157,2026/09/03 15:39:48.788,P2,29.23,29.33,26.0,2.0,755.0,1755.0,6801.0,47.0,31.0
94109.069106942,2026/09/03 15:39:48.889,P2,29.23,29.33,26.0,2.0,762.0,1755.0,6801.0,47.0,31.0
94109.169117181,2026/09/03 15:39:48.993,P2,29.47,29.17,26.0,2.0,765.0,1755.0,6801.0,47.0,31.0
94109.270239524,2026/09/03 15:39:49.094,P2,29.47,29.17,26.0,2.0,767.0,1755.0,6801.0,47.0,31.0
94109.370910734,2026/09/03 15:39:49.195,P2,29.47,29.17,26.0,2.0,767.0,1755.0,6801.0,47.0,31.0
94109.471905069,2026/09/03 15:39:49.296,P2,29.47,29.17,26.0,2.0,767.0,1755.0,6801.0,47.0,31.0
94109.572716717,2026/09/03 15:39:49.396,P2,29.47,29.17,26.0,2.0,767.0,1755.0,6801.0,47.0,31.0
94109.673640654,2026/09/03 15:39:49.497,P2,30.0,29.44,28.0,2.0,767.0,1755.0,6801.0,47.0,31.0
94109.774492146,2026/09/03 15:39:49.598,P2,30.0,29.44,28.0,2.0,767.0,1755.0,6801.0,47.0,31.0
94109.875420657,2026/09/03 15:39:49.699,P2,30.0,29.44,28.0,2.0,767.0,1755.0,6801.0,47.0,31.0
94109.976598074,2026/09/03 15:39:49.800,P2,30.0,29.44,28.0,2.0,767.0,1755.0,6801.0,47.0,31.0
94110.07725532,2026/09/03 15:39:49.901,P2,30.0,29.44,28.0,2.0,767.0,1755.0,6801.0,47.0,31.0
94110.178366633,2026/09/03 15:39:50.002,P2,29.86,29.77,28.0,2.0,767.0,1755.0,6801.0,47.0,31.0
94110.279143938,2026/09/03 15:39:50.103,P2,29.86,29.77,28.0,2.0,767.0,1755.0,6801.0,47.0,31.0
94110.380024236,2026/09/03 15:39:50.204,P2,29.86,29.77,28.0,2.0,767.0,1755.0,6801.0,47.0,31.0
94110.480975909,2026/09/03 15:39:50.305,P2,29.86,29.77,28.0,2.0,767.0,1755.0,6801.0,47.0,31.0
94110.581832915,2026/09/03 15:39:50.406,P2,29.86,29.77,28.0,2.0,767.0,1755.0,6801.0,47.0,31.0
94110.68287447,2026/09/03 15:39:50.507,P2,30.17,29.96,29.0,2.0,767.0,1755.0,6801.0,47.0,31.0
94110.783808939,2026/09/03 15:39:50.608,P2,30.17,29.96,29.0,2.0,767.0,1755.0,6801.0,47.0,31.0
94110.885014466,2026/09/03 15:39:50.708,P2,30.17,29.96,29.0,2.0,767.0,1755.0,6801.0,47.0,31.0
94110.985744227,2026/09/03 15:39:50.809,P2,30.17,29.96,29.0,2.0,767.0,1755.0,6801.0,47.0,31.0
94111.086825174,2026/09/03 15:39:50.910,P2,30.17,29.96,29.0,2.0,767.0,1755.0,6801.0,47.0,31.0
94111.187907166,2026/09/03 15:39:51.011,P2,29.95,30.0,29.0,2.0,767.0,1755.0,6801.0,47.0,31.0
94111.28914471,2026/09/03 15:39:51.113,P2,29.95,30.0,29.0,2.0,767.0,1755.0,6801.0,47.0,31.0
94111.390241752,2026/09/03 15:39:51.214,P2,29.95,30.0,29.0,2.0,767.0,1755.0,6801.0,47.0,30.0
94111.49112282,2026/09/03 15:39:51.315,P2,29.95,30.0,29.0,2.0,767.0,1755.0,6801.0,47.0,30.0
94111.592326428,2026/09/03 15:39:51.416,P2,29.95,30.0,29.0,2.0,767.0,1755.0,6801.0,47.0,31.0
94111.693275018,2026/09/03 15:39:51.517,P2,29.92,30.0,26.0,2.0,757.0,1755.0,6801.0,47.0,30.0
94111.794206181,2026/09/03 15:39:51.618,P2,29.92,30.0,26.0,2.0,755.0,1755.0,6801.0,47.0,31.0
94111.89788831,2026/09/03 15:39:51.719,P2,29.92,30.0,26.0,2.0,755.0,1755.0,6801.0,47.0,30.0
94111.995683338,2026/09/03 15:39:51.819,P2,29.92,30.0,26.0,2.0,755.0,1755.0,6801.0,47.0,30.0
94112.096688034,2026/09/03 15:39:51.920,P2,29.92,30.0,26.0,2.0,755.0,1755.0,6801.0,47.0,30.0
94112.19747677,2026/09/03 15:39:52.021,P2,29.86,29.85,26.0,2.0,755.0,1755.0,6801.0,47.0,30.0
94112.298690279,2026/09/03 15:39:52.122,P2,29.86,29.85,26.0,2.0,755.0,1755.0,6801.0,47.0,30.0
94112.399245758,2026/09/03 15:39:52.223,P2,29.86,29.85,26.0,2.0,755.0,1755.0,6801.0,47.0,30.0
94112.500303599,2026/09/03 15:39:52.324,P2,29.86,29.85,26.0,2.0,755.0,1755.0,6801.0,47.0,30.0
94112.601021123,2026/09/03 15:39:52.425,P2,29.86,29.85,26.0,2.0,755.0,1755.0,6801.0,47.0,31.0
94112.702076531,2026/09/03 15:39:52.526,P2,29.71,29.82,31.0,2.0,755.0,1755.0,6801.0,47.0,31.0
94112.802957256,2026/09/03 15:39:52.627,P2,29.71,29.82,31.0,2.0,755.0,1755.0,6801.0,47.0,31.0
94112.904125876,2026/09/03 15:39:52.728,P2,29.71,29.82,31.0,2.0,755.0,1755.0,6801.0,47.0,31.0
94113.004889001,2026/09/03 15:39:52.829,P2,29.71,29.82,31.0,2.0,755.0,1755.0,6801.0,47.0,31.0
94113.10604256,2026/09/03 15:39:52.930,P2,29.71,29.82,31.0,2.0,755.0,1755.0,6801.0,47.0,31.0
94113.207199322,2026/09/03 15:39:53.031,P2,29.74,29.84,31.0,2.0,755.0,1755.0,6801.0,47.0,31.0
94113.308406431,2026/09/03 15:39:53.132,P2,29.74,29.84,31.0,2.0,755.0,1755.0,6801.0,47.0,31.0
94113.409194107,2026/09/03 15:39:53.233,P2,29.74,29.84,31.0,2.0,755.0,1755.0,6801.0,47.0,31.0
94113.510013532,2026/09/03 15:39:53.334,P2,29.74,29.84,31.0,2.0,755.0,1755.0,6801.0,47.0,31.0
94113.610926045,2026/09/03 15:39:53.435,P2,29.74,29.84,31.0,2.0,755.0,1755.0,6801.0,47.0,31.0
94113.711876707,2026/09/03 15:39:53.536,P2,29.72,29.74,29.0,2.0,755.0,1755.0,6801.0,47.0,31.0
94113.812583132,2026/09/03 15:39:53.636,P2,29.72,29.74,29.0,2.0,743.0,1755.0,6801.0,47.0,31.0
94113.913766687,2026/09/03 15:39:53.737,P2,29.72,29.74,29.0,2.0,743.0,1755.0,6801.0,47.0,31.0
94114.0141347,2026/09/03 15:39:53.838,P2,29.72,29.74,29.0,2.0,732.0,1755.0,6801.0,47.0,31.0
94114.114975009,2026/09/03 15:39:53.939,P2,29.72,29.74,29.0,2.0,730.0,1755.0,6801.0,47.0,31.0
94114.215744015,2026/09/03 15:39:54.040,P2,29.17,29.61,29.0,2.0,706.0,1755.0,6801.0,47.0,31.0
94114.316521803,2026/09/03 15:39:54.140,P2,29.17,29.61,29.0,2.0,708.0,1755.0,6801.0,47.0,31.0
94114.417330866,2026/09/03 15:39:54.241,P2,29.17,29.61,29.0,2.0,708.0,1755.0,6801.0,47.0,31.0
94114.518149191,2026/09/03 15:39:54.342,P2,29.17,29.61,29.0,2.0,706.0,1755.0,6801.0,47.0,31.0
94114.618975465,2026/09/03 15:39:54.443,P2,29.17,29.61,29.0,2.0,708.0,1755.0,6801.0,47.0,31.0
94114.719862907,2026/09/03 15:39:54.544,P2,28.7,29.28,27.0,1.0,706.0,1755.0,6801.0,47.0,31.0
94114.820705139,2026/09/03 15:39:54.645,P2,28.7,29.28,27.0,1.0,706.0,1755.0,6801.0,47.0,31.0
94114.921615669,2026/09/03 15:39:54.745,P2,28.7,29.28,27.0,1.0,706.0,1755.0,6801.0,47.0,31.0
94115.022422047,2026/09/03 15:39:54.846,P2,28.7,29.28,27.0,1.0,706.0,1755.0,6801.0,47.0,31.0
94115.123492007,2026/09/03 15:39:54.947,P2,28.7,29.28,27.0,1.0,706.0,1755.0,6801.0,47.0,31.0
94115.224334104,2026/09/03 15:39:55.048,P2,28.3,28.79,27.0,1.0,706.0,1755.0,6801.0,47.0,31.0
94115.325222273,2026/09/03 15:39:55.149,P2,28.3,28.79,27.0,1.0,706.0,1755.0,6801.0,47.0,31.0
94115.426220906,2026/09/03 15:39:55.250,P2,28.3,28.79,27.0,1.0,706.0,1755.0,6801.0,47.0,31.0
94115.527494135,2026/09/03 15:39:55.351,P2,28.3,28.79,27.0,1.0,706.0,1755.0,6801.0,47.0,31.0
94115.628243393,2026/09/03 15:39:55.452,P2,28.3,28.79,27.0,1.0,706.0,1755.0,6801.0,47.0,31.0
94115.729350695,2026/09/03 15:39:55.553,P2,28.29,28.42,24.0,1.0,706.0,1755.0,6801.0,47.0,31.0
94115.830369799,2026/09/03 15:39:55.654,P2,28.29,28.42,24.0,1.0,706.0,1755.0,6801.0,47.0,31.0
94115.931145788,2026/09/03 15:39:55.755,P2,28.29,28.42,24.0,1.0,706.0,1755.0,6801.0,47.0,31.0
94116.032123487,2026/09/03 15:39:55.856,P2,28.29,28.42,24.0,1.0,706.0,1755.0,6801.0,47.0,31.0
94116.132991865,2026/09/03 15:39:55.957,P2,28.29,28.42,24.0,1.0,706.0,1755.0,6801.0,47.0,31.0
94116.233948892,2026/09/03 15:39:56.058,P2,28.46,28.34,24.0,1.0,706.0,1755.0,6801.0,47.0,31.0
94116.334990927,2026/09/03 15:39:56.159,P2,28.46,28.34,24.0,1.0,706.0,1755.0,6801.0,47.0,31.0
94116.436024181,2026/09/03 15:39:56.260,P2,28.46,28.34,24.0,1.0,706.0,1755.0,6801.0,47.0,31.0
94116.536836614,2026/09/03 15:39:56.361,P2,28.46,28.34,24.0,1.0,706.0,1755.0,6801.0,47.0,31.0
94116.637856433,2026/09/03 15:39:56.461,P2,28.46,28.34,24.0,1.0,706.0,1755.0,6801.0,47.0,31.0
94116.738702491,2026/09/03 15:39:56.562,P2,28.4,28.41,24.0,1.0,706.0,1755.0,6801.0,47.0,31.0
94116.839405814,2026/09/03 15:39:56.663,P2,28.4,28.41,24.0,1.0,706.0,1755.0,6801.0,47.0,31.0
94116.940358378,2026/09/03 15:39:56.764,P2,28.4,28.41,24.0,1.0,706.0,1755.0,6801.0,47.0,31.0
94117.041195144,2026/09/03 15:39:56.865,P2,28.4,28.41,24.0,1.0,706.0,1755.0,6801.0,47.0,31.0
94117.142201621,2026/09/03 15:39:56.966,P2,28.4,28.41,24.0,1.0,706.0,1755.0,6801.0,47.0,31.0
94117.243019346,2026/09/03 15:39:57.067,P2,28.4,28.42,24.0,1.0,706.0,1755.0,6801.0,47.0,31.0
94117.34386183,2026/09/03 15:39:57.168,P2,28.4,28.42,24.0,1.0,706.0,1755.0,6801.0,47.0,31.0
94117.444782204,2026/09/03 15:39:57.268,P2,28.4,28.42,24.0,1.0,706.0,1755.0,6801.0,47.0,31.0
94117.545899696,2026/09/03 15:39:57.369,P2,28.4,28.42,24.0,1.0,706.0,1755.0,6801.0,47.0,31.0
94117.646902736,2026/09/03 15:39:57.470,P2,28.4,28.42,24.0,1.0,706.0,1755.0,6801.0,47.0,31.0
94117.747668625,2026/09/03 15:39:57.571,P2,28.25,28.4,17.0,1.0,706.0,1755.0,6801.0,47.0,31.0
94117.848890405,2026/09/03 15:39:57.672,P2,28.25,28.4,17.0,1.0,706.0,1755.0,6801.0,47.0,31.0
94117.954569602,2026/09/03 15:39:57.773,P2,28.25,28.4,17.0,1.0,706.0,1755.0,6801.0,47.0,31.0
94118.05063509,2026/09/03 15:39:57.874,P2,28.25,28.4,17.0,1.0,706.0,1755.0,6801.0,47.0,31.0
94118.151314346,2026/09/03 15:39:57.975,P2,28.28,28.37,17.0,1.0,706.0,1755.0,6801.0,47.0,31.0
94118.252170765,2026/09/03 15:39:58.076,P2,28.28,28.37,17.0,1.0,706.0,1755.0,6801.0,47.0,31.0
94118.353031939,2026/09/03 15:39:58.177,P2,28.28,28.37,17.0,1.0,706.0,1755.0,6801.0,47.0,31.0
94118.453781277,2026/09/03 15:39:58.278,P2,28.28,28.37,17.0,1.0,706.0,1755.0,6801.0,47.0,31.0
94118.554761939,2026/09/03 15:39:58.378,P2,28.28,28.37,17.0,1.0,706.0,1755.0,6801.0,47.0,31.0
94118.655642032,2026/09/03 15:39:58.479,P2,28.6,28.42,24.0,1.0,706.0,1755.0,6801.0,47.0,31.0
94118.756489718,2026/09/03 15:39:58.580,P2,28.6,28.42,24.0,1.0,706.0,1755.0,6801.0,47.0,31.0
94118.857071734,2026/09/03 15:39:58.681,P2,28.6,28.42,24.0,1.0,706.0,1755.0,6801.0,47.0,31.0
94118.957977125,2026/09/03 15:39:58.782,P2,28.6,28.42,24.0,1.0,706.0,1755.0,6801.0,47.0,31.0
94119.058799502,2026/09/03 15:39:58.883,P2,28.6,28.42,24.0,1.0,706.0,1755.0,6801.0,47.0,31.0
94119.159699666,2026/09/03 15:39:58.983,P2,28.38,28.44,24.0,1.0,706.0,1755.0,6801.0,47.0,31.0
94119.260566405,2026/09/03 15:39:59.084,P2,28.38,28.44,24.0,1.0,706.0,1755.0,6801.0,47.0,31.0
94119.361125067,2026/09/03 15:39:59.185,P2,28.38,28.44,24.0,1.0,706.0,1755.0,6801.0,47.0,31.0
94119.462017465,2026/09/03 15:39:59.286,P2,28.38,28.44,24.0,1.0,706.0,1755.0,6801.0,47.0,31.0
94119.562767078,2026/09/03 15:39:59.387,P2,28.38,28.44,24.0,1.0,706.0,1755.0,6801.0,47.0,31.0
94119.663657735,2026/09/03 15:39:59.487,P2,29.71,28.56,25.0,3.0,706.0,1755.0,6801.0,47.0,31.0
94119.764814176,2026/09/03 15:39:59.588,P2,29.71,28.56,25.0,3.0,706.0,1755.0,6801.0,47.0,31.0
94119.865851469,2026/09/03 15:39:59.689,P2,29.71,28.56,25.0,3.0,706.0,1755.0,6801.0,47.0,31.0
94119.966658708,2026/09/03 15:39:59.790,P2,29.71,28.56,25.0,3.0,706.0,1755.0,6801.0,47.0,31.0
94120.067785564,2026/09/03 15:39:59.891,P2,29.71,28.56,25.0,3.0,706.0,1755.0,6801.0,47.0,31.0
94120.168459598,2026/09/03 15:39:59.992,P2,28.53,28.64,25.0,3.0,706.0,1755.0,6801.0,47.0,31.0
94120.269245466,2026/09/03 15:40:00.093,P2,28.53,28.64,25.0,3.0,706.0,1755.0,6801.0,47.0,31.0
94120.370174021,2026/09/03 15:40:00.194,P2,28.53,28.64,25.0,3.0,706.0,1755.0,6801.0,47.0,31.0
94120.470968789,2026/09/03 15:40:00.295,P2,28.53,28.64,25.0,3.0,706.0,1755.0,6801.0,47.0,31.0
94120.572181786,2026/09/03 15:40:00.396,P2,28.53,28.64,25.0,3.0,706.0,1755.0,6801.0,47.0,31.0
94120.672963666,2026/09/03 15:40:00.497,P2,28.39,28.64,19.0,1.0,706.0,1755.0,6801.0,47.0,31.0
94120.773728417,2026/09/03 15:40:00.598,P2,28.39,28.64,19.0,1.0,706.0,1755.0,6801.0,47.0,31.0
94120.8744867,2026/09/03 15:40:00.698,P2,28.39,28.64,19.0,1.0,706.0,1755.0,6801.0,47.0,31.0
94120.975399245,2026/09/03 15:40:00.799,P2,28.39,28.64,19.0,1.0,706.0,1755.0,6801.0,47.0,31.0
94121.076142498,2026/09/03 15:40:00.900,P2,28.39,28.64,19.0,1.0,706.0,1755.0,6801.0,47.0,31.0
94121.177243045,2026/09/03 15:40:01.001,P2,28.49,28.45,19.0,1.0,706.0,1755.0,6801.0,47.0,31.0
94121.277919148,2026/09/03 15:40:01.102,P2,28.49,28.45,19.0,1.0,706.0,1755.0,6801.0,47.0,31.0
94121.378617828,2026/09/03 15:40:01.202,P2,28.49,28.45,19.0,1.0,706.0,1755.0,6801.0,47.0,31.0
94121.479691492,2026/09/03 15:40:01.303,P2,28.49,28.45,19.0,1.0,706.0,1755.0,6801.0,47.0,31.0
94121.580750338,2026/09/03 15:40:01.404,P2,28.49,28.45,19.0,1.0,706.0,1755.0,6801.0,47.0,31.0
94121.681609984,2026/09/03 15:40:01.505,P2,28.37,28.41,25.0,1.0,706.0,1755.0,6801.0,47.0,31.0
94121.782393245,2026/09/03 15:40:01.606,P2,28.37,28.41,25.0,1.0,706.0,1755.0,6801.0,47.0,31.0
94121.883762807,2026/09/03 15:40:01.707,P2,28.37,28.41,25.0,1.0,706.0,1755.0,6801.0,47.0,31.0
94121.984525554,2026/09/03 15:40:01.808,P2,28.37,28.41,25.0,1.0,706.0,1755.0,6801.0,47.0,31.0
94122.085870545,2026/09/03 15:40:01.909,P2,28.37,28.41,25.0,1.0,706.0,1755.0,6801.0,47.0,31.0
94122.186764386,2026/09/03 15:40:02.010,P2,28.63,28.42,25.0,1.0,706.0,1755.0,6801.0,47.0,31.0
94122.287728216,2026/09/03 15:40:02.111,P2,28.63,28.42,25.0,1.0,706.0,1755.0,6801.0,47.0,31.0
94122.38865027,2026/09/03 15:40:02.212,P2,28.63,28.42,25.0,1.0,706.0,1755.0,6801.0,47.0,31.0
94122.489526946,2026/09/03 15:40:02.313,P2,28.63,28.42,25.0,1.0,706.0,1755.0,6801.0,47.0,31.0
94122.590644144,2026/09/03 15:40:02.414,P2,28.63,28.42,25.0,1.0,706.0,1755.0,6801.0,47.0,31.0
94122.69166153,2026/09/03 15:40:02.515,P2,28.43,28.44,16.0,1.0,706.0,1755.0,6801.0,47.0,31.0
94122.792387995,2026/09/03 15:40:02.616,P2,28.43,28.44,16.0,1.0,706.0,1755.0,6801.0,47.0,31.0
94122.893053415,2026/09/03 15:40:02.717,P2,28.43,28.44,16.0,1.0,706.0,1755.0,6801.0,47.0,31.0
94122.994005804,2026/09/03 15:40:02.818,P2,28.43,28.44,16.0,1.0,706.0,1755.0,6801.0,47.0,31.0
94123.095033911,2026/09/03 15:40:02.919,P2,28.43,28.44,16.0,1.0,706.0,1755.0,6801.0,47.0,31.0
94123.195836205,2026/09/03 15:40:03.020,P2,28.4,28.46,16.0,1.0,706.0,1755.0,6801.0,47.0,31.0
94123.296817337,2026/09/03 15:40:03.121,P2,28.4,28.46,16.0,1.0,706.0,1755.0,6801.0,47.0,31.0
94123.39761101,2026/09/03 15:40:03.222,P2,28.4,28.46,16.0,1.0,706.0,1755.0,6801.0,47.0,31.0
94123.498689966,2026/09/03 15:40:03.322,P2,28.4,28.46,16.0,1.0,706.0,1755.0,6801.0,47.0,31.0
94123.599462841,2026/09/03 15:40:03.423,P2,28.4,28.46,16.0,1.0,706.0,1755.0,6801.0,47.0,31.0
94123.700322513,2026/09/03 15:40:03.524,P2,28.31,28.38,24.0,1.0,706.0,1755.0,6801.0,47.0,31.0
94123.801265784,2026/09/03 15:40:03.625,P2,28.31,28.38,24.0,1.0,706.0,1755.0,6801.0,47.0,31.0
94123.90226988,2026/09/03 15:40:03.726,P2,28.31,28.38,24.0,1.0,706.0,1755.0,6801.0,47.0,31.0
94124.00321407,2026/09/03 15:40:03.827,P2,28.31,28.38,24.0,1.0,706.0,1755.0,6801.0,47.0,31.0
94124.104117788,2026/09/03 15:40:03.928,P2,28.31,28.38,24.0,1.0,706.0,1755.0,6801.0,47.0,31.0
94124.205150701,2026/09/03 15:40:04.029,P2,28.37,28.35,24.0,1.0,706.0,1755.0,6801.0,47.0,31.0
94124.305985237,2026/09/03 15:40:04.130,P2,28.37,28.35,24.0,1.0,706.0,1755.0,6801.0,47.0,31.0
94124.407060118,2026/09/03 15:40:04.231,P2,28.37,28.35,24.0,1.0,706.0,1755.0,6801.0,47.0,31.0
94124.507683522,2026/09/03 15:40:04.331,P2,28.37,28.35,24.0,1.0,706.0,1755.0,6801.0,47.0,31.0
94124.608466172,2026/09/03 15:40:04.432,P2,28.37,28.35,24.0,1.0,706.0,1755.0,6801.0,47.0,31.0
94124.709349611,2026/09/03 15:40:04.533,P2,28.23,28.32,15.0,1.0,706.0,1755.0,6801.0,47.0,31.0
94124.810281175,2026/09/03 15:40:04.634,P2,28.23,28.32,15.0,1.0,706.0,1755.0,6801.0,47.0,31.0
94124.911025613,2026/09/03 15:40:04.735,P2,28.23,28.32,15.0,1.0,706.0,1755.0,6801.0,47.0,31.0
94125.01187862,2026/09/03 15:40:04.836,P2,28.23,28.32,15.0,1.0,706.0,1755.0,6801.0,47.0,31.0
94125.112659848,2026/09/03 15:40:04.936,P2,28.23,28.32,15.0,1.0,706.0,1755.0,6801.0,47.0,31.0
94125.213591182,2026/09/03 15:40:05.037,P2,28.37,28.33,15.0,1.0,706.0,1755.0,6801.0,47.0,31.0
94125.314166275,2026/09/03 15:40:05.138,P2,28.37,28.33,15.0,1.0,706.0,1755.0,6801.0,47.0,31.0
94125.415220158,2026/09/03 15:40:05.239,P2,28.37,28.33,15.0,1.0,706.0,1755.0,6801.0,47.0,31.0
94125.515792246,2026/09/03 15:40:05.340,P2,28.37,28.33,15.0,1.0,706.0,1755.0,6801.0,47.0,31.0
94125.616779861,2026/09/03 15:40:05.440,P2,28.37,28.33,15.0,1.0,706.0,1755.0,6801.0,47.0,31.0
94125.71775171,2026/09/03 15:40:05.541,P2,28.24,28.3,19.0,1.0,706.0,1755.0,6801.0,47.0,31.0
94125.818366588,2026/09/03 15:40:05.642,P2,28.24,28.3,19.0,1.0,706.0,1755.0,6801.0,47.0,31.0
94125.919115336,2026/09/03 15:40:05.743,P2,28.24,28.3,19.0,1.0,706.0,1755.0,6801.0,47.0,31.0
94126.085775108,2026/09/03 15:40:05.844,P2,28.24,28.3,19.0,1.0,706.0,1755.0,6801.0,47.0,31.0
94126.121019449,2026/09/03 15:40:05.945,P2,28.24,28.3,19.0,1.0,706.0,1755.0,6801.0,47.0,31.0
94126.222112337,2026/09/03 15:40:06.046,P2,27.84,28.22,19.0,1.0,706.0,1755.0,6801.0,47.0,31.0
94126.323164852,2026/09/03 15:40:06.147,P2,27.84,28.22,19.0,1.0,706.0,1755.0,6801.0,47.0,31.0
94126.423897018,2026/09/03 15:40:06.248,P2,27.84,28.22,19.0,1.0,706.0,1755.0,6801.0,47.0,31.0
94126.525075689,2026/09/03 15:40:06.349,P2,27.84,28.22,19.0,1.0,706.0,1755.0,6801.0,47.0,31.0
94126.625917218,2026/09/03 15:40:06.450,P2,27.84,28.22,19.0,1.0,706.0,1755.0,6801.0,47.0,31.0
94126.726692577,2026/09/03 15:40:06.550,P2,28.31,28.26,24.0,1.0,706.0,1755.0,6801.0,47.0,31.0
94126.827515903,2026/09/03 15:40:06.651,P2,28.31,28.26,24.0,1.0,706.0,1755.0,6801.0,47.0,31.0
94126.928627822,2026/09/03 15:40:06.752,P2,28.31,28.26,24.0,1.0,706.0,1755.0,6801.0,47.0,31.0
94127.029145533,2026/09/03 15:40:06.853,P2,28.31,28.26,24.0,1.0,706.0,1755.0,6801.0,47.0,31.0
94127.130012429,2026/09/03 15:40:06.954,P2,28.31,28.26,24.0,1.0,706.0,1755.0,6801.0,47.0,31.0
94127.231347225,2026/09/03 15:40:07.055,P2,28.28,28.28,24.0,1.0,706.0,1755.0,6801.0,47.0,31.0
94127.332032177,2026/09/03 15:40:07.156,P2,28.28,28.28,24.0,1.0,706.0,1755.0,6801.0,47.0,31.0
94127.4327078,2026/09/03 15:40:07.256,P2,28.28,28.28,24.0,1.0,706.0,1755.0,6801.0,47.0,31.0
94127.533669002,2026/09/03 15:40:07.357,P2,28.28,28.28,24.0,1.0,706.0,1755.0,6801.0,47.0,31.0
94127.634350613,2026/09/03 15:40:07.458,P2,28.28,28.28,24.0,1.0,706.0,1755.0,6801.0,47.0,31.0
94127.735289805,2026/09/03 15:40:07.559,P2,28.56,28.41,29.0,1.0,706.0,1755.0,6801.0,47.0,31.0
94127.835992494,2026/09/03 15:40:07.660,P2,28.56,28.41,29.0,1.0,706.0,1755.0,6801.0,47.0,31.0
94127.936893878,2026/09/03 15:40:07.761,P2,28.56,28.41,29.0,1.0,706.0,1755.0,6801.0,47.0,31.0
94128.037644603,2026/09/03 15:40:07.861,P2,28.56,28.41,29.0,1.0,706.0,1755.0,6801.0,47.0,31.0
94128.138678104,2026/09/03 15:40:07.962,P2,28.56,28.41,29.0,1.0,706.0,1755.0,6801.0,47.0,31.0
94128.239329189,2026/09/03 15:40:08.063,P2,28.29,28.45,29.0,1.0,706.0,1755.0,6801.0,47.0,31.0
94128.3401343,2026/09/03 15:40:08.164,P2,28.29,28.45,29.0,1.0,706.0,1755.0,6801.0,47.0,31.0
94128.44118857,2026/09/03 15:40:08.265,P2,28.29,28.45,29.0,1.0,706.0,1755.0,6801.0,47.0,31.0
94128.542166359,2026/09/03 15:40:08.366,P2,28.29,28.45,29.0,1.0,706.0,1755.0,6801.0,47.0,31.0
94128.64298366,2026/09/03 15:40:08.467,P2,28.29,28.45,29.0,1.0,706.0,1755.0,6801.0,47.0,31.0
94128.744035898,2026/09/03 15:40:08.568,P2,28.33,28.36,15.0,1.0,706.0,1755.0,6801.0,47.0,31.0
94128.844745757,2026/09/03 15:40:08.669,P2,28.33,28.36,15.0,1.0,706.0,1755.0,6801.0,47.0,31.0
94128.945647361,2026/09/03 15:40:08.769,P2,28.33,28.36,15.0,1.0,706.0,1755.0,6801.0,47.0,31.0
94129.046799912,2026/09/03 15:40:08.870,P2,28.33,28.36,15.0,1.0,706.0,1755.0,6801.0,47.0,31.0
94129.147220721,2026/09/03 15:40:08.971,P2,28.33,28.36,15.0,1.0,706.0,1755.0,6801.0,47.0,31.0
94129.248188717,2026/09/03 15:40:09.072,P2,28.4,28.38,15.0,1.0,706.0,1755.0,6801.0,47.0,31.0
94129.349132712,2026/09/03 15:40:09.173,P2,28.4,28.38,15.0,1.0,706.0,1755.0,6801.0,47.0,31.0
94129.449990388,2026/09/03 15:40:09.274,P2,28.4,28.38,15.0,1.0,706.0,1755.0,6801.0,47.0,31.0
94129.550710578,2026/09/03 15:40:09.374,P2,28.4,28.38,15.0,1.0,706.0,1755.0,6801.0,47.0,31.0
94129.651451974,2026/09/03 15:40:09.475,P2,28.13,28.35,16.0,1.0,706.0,1755.0,6801.0,47.0,31.0
94129.752134137,2026/09/03 15:40:09.576,P2,28.13,28.35,16.0,1.0,706.0,1755.0,6801.0,47.0,31.0
94129.853013765,2026/09/03 15:40:09.677,P2,28.13,28.35,16.0,1.0,706.0,1755.0,6801.0,47.0,31.0
94129.953798501,2026/09/03 15:40:09.778,P2,28.13,28.35,16.0,1.0,706.0,1755.0,6801.0,47.0,31.0
94130.054672186,2026/09/03 15:40:09.879,P2,28.13,28.35,16.0,1.0,706.0,1755.0,6801.0,47.0,31.0
94130.155603601,2026/09/03 15:40:09.979,P2,28.43,28.3,16.0,1.0,706.0,1755.0,6801.0,47.0,31.0
94130.25667875,2026/09/03 15:40:10.080,P2,28.43,28.3,16.0,1.0,706.0,1755.0,6801.0,47.0,31.0
94130.357344941,2026/09/03 15:40:10.181,P2,28.43,28.3,16.0,1.0,706.0,1755.0,6801.0,47.0,31.0
94130.458147235,2026/09/03 15:40:10.282,P2,28.43,28.3,16.0,1.0,706.0,1755.0,6801.0,47.0,31.0
94130.558936999,2026/09/03 15:40:10.383,P2,28.43,28.3,16.0,1.0,706.0,1755.0,6801.0,47.0,31.0
94130.659968453,2026/09/03 15:40:10.484,P2,28.37,28.28,21.0,1.0,706.0,1755.0,6801.0,47.0,31.0
94130.760766677,2026/09/03 15:40:10.584,P2,28.37,28.28,21.0,1.0,706.0,1755.0,6801.0,47.0,31.0
94130.86195065,2026/09/03 15:40:10.685,P2,28.37,28.28,21.0,1.0,706.0,1755.0,6801.0,47.0,31.0
94130.962595403,2026/09/03 15:40:10.786,P2,28.37,28.28,21.0,1.0,706.0,1755.0,6801.0,47.0,31.0
94131.063539757,2026/09/03 15:40:10.887,P2,28.37,28.28,21.0,1.0,706.0,1755.0,6801.0,47.0,31.0
94131.164708443,2026/09/03 15:40:10.988,P2,28.23,28.29,21.0,1.0,706.0,1755.0,6801.0,47.0,31.0
94131.265648066,2026/09/03 15:40:11.089,P2,28.23,28.29,21.0,1.0,706.0,1755.0,6801.0,47.0,31.0
94131.366140113,2026/09/03 15:40:11.190,P2,28.23,28.29,21.0,1.0,706.0,1755.0,6801.0,47.0,31.0
94131.466969976,2026/09/03 15:40:11.291,P2,28.23,28.29,21.0,1.0,706.0,1755.0,6801.0,47.0,31.0
94131.567729505,2026/09/03 15:40:11.392,P2,28.23,28.29,21.0,1.0,706.0,1755.0,6801.0,47.0,31.0
94131.668826616,2026/09/03 15:40:11.492,P2,28.27,28.28,24.0,1.0,706.0,1755.0,6801.0,47.0,31.0
94131.769564979,2026/09/03 15:40:11.593,P2,28.27,28.28,24.0,1.0,706.0,1755.0,6801.0,47.0,31.0
94131.870419142,2026/09/03 15:40:11.694,P2,28.27,28.28,24.0,1.0,706.0,1755.0,6801.0,47.0,31.0
94131.971201796,2026/09/03 15:40:11.795,P2,28.27,28.28,24.0,1.0,706.0,1755.0,6801.0,47.0,31.0
94132.072085106,2026/09/03 15:40:11.896,P2,28.27,28.28,24.0,1.0,706.0,1755.0,6801.0,47.0,31.0
94132.172998152,2026/09/03 15:40:11.997,P2,28.4,28.26,24.0,1.0,706.0,1755.0,6801.0,47.0,31.0
94132.273806477,2026/09/03 15:40:12.098,P2,28.4,28.26,24.0,1.0,706.0,1755.0,6801.0,47.0,31.0
94132.374930378,2026/09/03 15:40:12.199,P2,28.4,28.26,24.0,1.0,706.0,1755.0,6801.0,47.0,31.0
94132.475737517,2026/09/03 15:40:12.299,P2,28.4,28.26,24.0,1.0,706.0,1755.0,6801.0,47.0,31.0
94132.576526588,2026/09/03 15:40:12.400,P2,28.4,28.26,24.0,1.0,706.0,1755.0,6801.0,47.0,31.0
94132.677685922,2026/09/03 15:40:12.501,P2,28.44,28.32,26.0,1.0,706.0,1755.0,6801.0,48.0,31.0
94132.778308455,2026/09/03 15:40:12.602,P2,28.44,28.32,26.0,1.0,706.0,1755.0,6801.0,48.0,31.0
94132.879083405,2026/09/03 15:40:12.703,P2,28.44,28.32,26.0,1.0,706.0,1755.0,6801.0,48.0,31.0
94132.980012379,2026/09/03 15:40:12.804,P2,28.44,28.32,26.0,1.0,706.0,1755.0,6801.0,48.0,31.0
94133.082421046,2026/09/03 15:40:12.905,P2,28.44,28.32,26.0,1.0,706.0,1755.0,6801.0,48.0,31.0
94133.182115196,2026/09/03 15:40:13.006,P2,28.34,28.37,26.0,1.0,706.0,1755.0,6801.0,48.0,31.0
94133.283013863,2026/09/03 15:40:13.107,P2,28.34,28.37,26.0,1.0,706.0,1755.0,6801.0,48.0,31.0
94133.383893196,2026/09/03 15:40:13.208,P2,28.34,28.37,26.0,1.0,706.0,1755.0,6801.0,48.0,31.0
94133.484610873,2026/09/03 15:40:13.308,P2,28.34,28.37,26.0,1.0,706.0,1755.0,6801.0,48.0,31.0
94133.585452293,2026/09/03 15:40:13.409,P2,28.34,28.37,26.0,1.0,705.0,1755.0,6801.0,48.0,31.0
94133.686421842,2026/09/03 15:40:13.510,P2,28.49,28.36,26.0,1.0,705.0,1755.0,6801.0,48.0,31.0
94133.787140459,2026/09/03 15:40:13.611,P2,28.49,28.36,26.0,1.0,705.0,1755.0,6801.0,48.0,31.0
94133.888150001,2026/09/03 15:40:13.712,P2,28.49,28.36,26.0,1.0,705.0,1755.0,6801.0,48.0,31.0
94133.988827282,2026/09/03 15:40:13.813,P2,28.49,28.36,26.0,1.0,705.0,1755.0,6801.0,48.0,31.0
94134.089680768,2026/09/03 15:40:13.913,P2,28.49,28.36,26.0,1.0,705.0,1755.0,6801.0,48.0,31.0
94134.190516671,2026/09/03 15:40:14.014,P2,28.36,28.36,26.0,1.0,705.0,1755.0,6801.0,48.0,31.0
94134.29152522,2026/09/03 15:40:14.115,P2,28.36,28.36,26.0,1.0,705.0,1755.0,6801.0,48.0,31.0
94134.392125701,2026/09/03 15:40:14.216,P2,28.36,28.36,26.0,1.0,705.0,1755.0,6801.0,48.0,31.0
94134.492939406,2026/09/03 15:40:14.317,P2,28.36,28.36,26.0,1.0,705.0,1755.0,6801.0,48.0,31.0
94134.593721922,2026/09/03 15:40:14.418,P2,28.36,28.36,26.0,1.0,705.0,1755.0,6801.0,48.0,31.0
94134.694621319,2026/09/03 15:40:14.518,P2,28.28,28.35,25.0,1.0,705.0,1755.0,6801.0,48.0,31.0
94134.795392343,2026/09/03 15:40:14.619,P2,28.28,28.35,25.0,1.0,705.0,1755.0,6801.0,48.0,31.0
94134.896404338,2026/09/03 15:40:14.720,P2,28.28,28.35,25.0,1.0,705.0,1755.0,6801.0,48.0,31.0
94134.996928214,2026/09/03 15:40:14.821,P2,28.28,28.35,25.0,1.0,705.0,1755.0,6801.0,48.0,31.0
94135.097793419,2026/09/03 15:40:14.922,P2,28.28,28.35,25.0,1.0,705.0,1755.0,6801.0,48.0,31.0
94135.199151853,2026/09/03 15:40:15.022,P2,28.32,28.29,25.0,1.0,705.0,1755.0,6801.0,48.0,31.0
94135.299777927,2026/09/03 15:40:15.123,P2,28.32,28.29,25.0,1.0,705.0,1755.0,6801.0,48.0,31.0
94135.400618983,2026/09/03 15:40:15.224,P2,28.32,28.29,25.0,1.0,719.0,1755.0,6801.0,48.0,31.0
94135.502289574,2026/09/03 15:40:15.325,P2,28.32,28.29,25.0,1.0,708.0,1755.0,6801.0,48.0,31.0
94135.60364226,2026/09/03 15:40:15.427,P2,28.32,28.29,25.0,1.0,712.0,1755.0,6801.0,48.0,31.0
94135.70436874,2026/09/03 15:40:15.528,P2,29.11,28.45,29.0,2.0,712.0,1755.0,6801.0,48.0,31.0
94135.805162864,2026/09/03 15:40:15.629,P2,29.11,28.45,29.0,2.0,712.0,1755.0,6801.0,48.0,31.0
94135.905971385,2026/09/03 15:40:15.730,P2,29.11,28.45,29.0,2.0,712.0,1755.0,6801.0,48.0,31.0
94136.007135134,2026/09/03 15:40:15.831,P2,29.11,28.45,29.0,2.0,712.0,1755.0,6801.0,48.0,31.0
94136.107799262,2026/09/03 15:40:15.932,P2,29.11,28.45,29.0,2.0,712.0,1755.0,6801.0,48.0,31.0
94136.208610666,2026/09/03 15:40:16.032,P2,29.16,28.82,29.0,2.0,712.0,1755.0,6801.0,48.0,31.0
94136.309544474,2026/09/03 15:40:16.133,P2,29.16,28.82,29.0,2.0,712.0,1755.0,6801.0,48.0,31.0
94136.410562849,2026/09/03 15:40:16.234,P2,29.16,28.82,29.0,2.0,712.0,1755.0,6801.0,48.0,31.0
94136.51117407,2026/09/03 15:40:16.335,P2,29.16,28.82,29.0,2.0,716.0,1755.0,6801.0,48.0,31.0
94136.611996667,2026/09/03 15:40:16.436,P2,29.16,28.82,29.0,2.0,716.0,1755.0,6801.0,48.0,31.0
94136.71304062,2026/09/03 15:40:16.536,P2,29.87,29.24,29.0,3.0,716.0,1755.0,6801.0,48.0,31.0
94136.813549653,2026/09/03 15:40:16.637,P2,29.87,29.24,29.0,3.0,716.0,1755.0,6801.0,48.0,31.0
94136.914525824,2026/09/03 15:40:16.738,P2,29.87,29.24,29.0,3.0,716.0,1755.0,6801.0,48.0,31.0
94137.015332298,2026/09/03 15:40:16.839,P2,29.87,29.24,29.0,3.0,716.0,1755.0,6801.0,48.0,31.0
94137.116172914,2026/09/03 15:40:16.940,P2,29.87,29.24,29.0,3.0,716.0,1755.0,6801.0,48.0,31.0
94137.216838318,2026/09/03 15:40:17.041,P2,29.09,29.27,29.0,3.0,716.0,1755.0,6801.0,48.0,31.0
94137.31771624,2026/09/03 15:40:17.141,P2,29.09,29.27,29.0,3.0,716.0,1755.0,6801.0,48.0,31.0
94137.418865656,2026/09/03 15:40:17.242,P2,29.09,29.27,29.0,3.0,716.0,1755.0,6801.0,48.0,31.0
94137.519777598,2026/09/03 15:40:17.343,P2,29.09,29.27,29.0,3.0,716.0,1755.0,6801.0,48.0,31.0
94137.620905974,2026/09/03 15:40:17.444,P2,29.09,29.27,29.0,3.0,716.0,1755.0,6801.0,48.0,31.0
94137.721852772,2026/09/03 15:40:17.545,P2,29.29,29.25,27.0,1.0,716.0,1755.0,6801.0,48.0,31.0
94137.822548178,2026/09/03 15:40:17.646,P2,29.29,29.25,27.0,1.0,716.0,1755.0,6801.0,48.0,31.0
94137.92347255,2026/09/03 15:40:17.747,P2,29.29,29.25,27.0,1.0,716.0,1755.0,6801.0,48.0,31.0
94138.024440809,2026/09/03 15:40:17.848,P2,29.29,29.25,27.0,1.0,716.0,1755.0,6801.0,48.0,31.0
94138.125102631,2026/09/03 15:40:17.949,P2,29.29,29.25,27.0,1.0,716.0,1755.0,6801.0,48.0,31.0
94138.226048079,2026/09/03 15:40:18.050,P2,29.15,29.19,27.0,1.0,716.0,1755.0,6801.0,48.0,31.0
94138.326927071,2026/09/03 15:40:18.151,P2,29.15,29.19,27.0,1.0,716.0,1755.0,6801.0,48.0,31.0
94138.427827497,2026/09/03 15:40:18.252,P2,29.15,29.19,27.0,1.0,716.0,1755.0,6801.0,48.0,31.0
94138.528819126,2026/09/03 15:40:18.352,P2,29.15,29.19,27.0,1.0,716.0,1755.0,6801.0,48.0,31.0
94138.629544295,2026/09/03 15:40:18.453,P2,29.15,29.19,27.0,1.0,716.0,1755.0,6801.0,48.0,31.0
94138.730592048,2026/09/03 15:40:18.554,P2,29.15,29.2,27.0,1.0,716.0,1755.0,6801.0,48.0,31.0
94138.831392906,2026/09/03 15:40:18.655,P2,29.15,29.2,27.0,1.0,716.0,1755.0,6801.0,48.0,31.0
94138.932348336,2026/09/03 15:40:18.756,P2,29.15,29.2,27.0,1.0,716.0,1755.0,6801.0,48.0,31.0
94139.033279164,2026/09/03 15:40:18.857,P2,29.15,29.2,27.0,1.0,716.0,1755.0,6801.0,48.0,31.0
94139.134005922,2026/09/03 15:40:18.958,P2,29.15,29.2,27.0,1.0,716.0,1755.0,6801.0,48.0,31.0
94139.234825986,2026/09/03 15:40:19.059,P2,29.23,29.17,27.0,1.0,716.0,1755.0,6801.0,48.0,31.0
94139.335610338,2026/09/03 15:40:19.159,P2,29.23,29.17,27.0,1.0,716.0,1755.0,6801.0,48.0,31.0
94139.436542059,2026/09/03 15:40:19.260,P2,29.23,29.17,27.0,1.0,716.0,1755.0,6801.0,48.0,31.0
94139.53758243,2026/09/03 15:40:19.361,P2,29.23,29.17,27.0,1.0,716.0,1755.0,6801.0,48.0,31.0
94139.638516421,2026/09/03 15:40:19.462,P2,29.23,29.17,27.0,1.0,716.0,1755.0,6801.0,48.0,31.0
94139.739521972,2026/09/03 15:40:19.563,P2,29.18,29.18,27.0,1.0,716.0,1755.0,6801.0,48.0,31.0
94139.84053437,2026/09/03 15:40:19.664,P2,29.18,29.18,27.0,1.0,716.0,1755.0,6801.0,48.0,31.0
94139.941357697,2026/09/03 15:40:19.765,P2,29.18,29.18,27.0,1.0,716.0,1755.0,6801.0,48.0,31.0
94140.042551936,2026/09/03 15:40:19.866,P2,29.18,29.18,27.0,1.0,716.0,1755.0,6801.0,48.0,31.0
94140.143636125,2026/09/03 15:40:19.967,P2,29.18,29.18,27.0,1.0,716.0,1755.0,6801.0,48.0,31.0
94140.244418435,2026/09/03 15:40:20.068,P2,29.16,29.19,27.0,1.0,716.0,1755.0,6801.0,48.0,31.0
94140.345193421,2026/09/03 15:40:20.169,P2,29.16,29.19,27.0,1.0,715.0,1755.0,6801.0,48.0,31.0
94140.446131135,2026/09/03 15:40:20.270,P2,29.16,29.19,27.0,1.0,705.0,1755.0,6801.0,48.0,31.0
94140.547094555,2026/09/03 15:40:20.371,P2,29.16,29.19,27.0,1.0,705.0,1755.0,6801.0,48.0,31.0
94140.647884963,2026/09/03 15:40:20.472,P2,29.16,29.19,27.0,1.0,705.0,1755.0,6801.0,48.0,31.0
94140.748907125,2026/09/03 15:40:20.572,P2,28.63,29.13,26.0,1.0,705.0,1755.0,6801.0,48.0,31.0
94140.849697985,2026/09/03 15:40:20.673,P2,28.63,29.13,26.0,1.0,705.0,1755.0,6801.0,48.0,31.0
94140.95068152,2026/09/03 15:40:20.774,P2,28.63,29.13,26.0,1.0,705.0,1755.0,6801.0,48.0,31.0
94141.051520608,2026/09/03 15:40:20.875,P2,28.63,29.13,26.0,1.0,705.0,1755.0,6801.0,48.0,31.0
94141.152437253,2026/09/03 15:40:20.976,P2,28.35,28.83,26.0,1.0,705.0,1755.0,6801.0,48.0,31.0
94141.253196995,2026/09/03 15:40:21.077,P2,28.35,28.83,26.0,1.0,705.0,1755.0,6801.0,48.0,31.0
94141.354285404,2026/09/03 15:40:21.178,P2,28.35,28.83,26.0,1.0,705.0,1755.0,6801.0,48.0,31.0
94141.454917857,2026/09/03 15:40:21.279,P2,28.35,28.83,26.0,1.0,705.0,1755.0,6801.0,48.0,31.0
94141.555732859,2026/09/03 15:40:21.379,P2,28.35,28.83,26.0,1.0,705.0,1755.0,6801.0,48.0,31.0
94141.65668931,2026/09/03 15:40:21.480,P2,28.4,28.43,25.0,1.0,705.0,1755.0,6801.0,48.0,31.0
94141.757561885,2026/09/03 15:40:21.581,P2,28.4,28.43,25.0,1.0,705.0,1755.0,6801.0,48.0,31.0
94141.858713376,2026/09/03 15:40:21.682,P2,28.4,28.43,25.0,1.0,705.0,1755.0,6801.0,48.0,31.0
94141.959774441,2026/09/03 15:40:21.783,P2,28.4,28.43,25.0,1.0,705.0,1755.0,6801.0,48.0,31.0
94142.060621319,2026/09/03 15:40:21.884,P2,28.4,28.43,25.0,1.0,705.0,1755.0,6801.0,48.0,31.0
94142.16141698,2026/09/03 15:40:21.985,P2,28.5,28.34,25.0,1.0,705.0,1755.0,6801.0,48.0,31.0
94142.262680473,2026/09/03 15:40:22.086,P2,28.5,28.34,25.0,1.0,705.0,1755.0,6801.0,48.0,31.0
94142.363336344,2026/09/03 15:40:22.187,P2,28.5,28.34,25.0,1.0,705.0,1755.0,6801.0,48.0,31.0
94142.464503452,2026/09/03 15:40:22.288,P2,28.5,28.34,25.0,1.0,705.0,1755.0,6801.0,48.0,31.0
94142.56520771,2026/09/03 15:40:22.389,P2,28.5,28.34,25.0,1.0,705.0,1755.0,6801.0,48.0,31.0
94142.666171809,2026/09/03 15:40:22.490,P2,28.47,28.43,25.0,1.0,705.0,1755.0,6801.0,48.0,31.0
94142.766975734,2026/09/03 15:40:22.591,P2,28.47,28.43,25.0,1.0,705.0,1755.0,6801.0,48.0,31.0
94142.868117046,2026/09/03 15:40:22.692,P2,28.47,28.43,25.0,1.0,705.0,1755.0,6801.0,48.0,31.0
94142.968799129,2026/09/03 15:40:22.793,P2,28.47,28.43,25.0,1.0,705.0,1755.0,6801.0,48.0,31.0
94143.069699425,2026/09/03 15:40:22.893,P2,28.47,28.43,25.0,1.0,705.0,1755.0,6801.0,48.0,31.0
94143.170786439,2026/09/03 15:40:22.994,P2,28.3,28.45,25.0,1.0,705.0,1755.0,6801.0,48.0,31.0
94143.271679517,2026/09/03 15:40:23.095,P2,28.3,28.45,25.0,1.0,705.0,1755.0,6801.0,48.0,31.0
94143.372651241,2026/09/03 15:40:23.196,P2,28.3,28.45,25.0,1.0,705.0,1755.0,6801.0,48.0,31.0
94143.473117197,2026/09/03 15:40:23.297,P2,28.3,28.45,25.0,1.0,699.0,1755.0,6801.0,48.0,31.0
94143.574226482,2026/09/03 15:40:23.398,P2,28.3,28.45,25.0,1.0,712.0,1755.0,6801.0,48.0,31.0
94143.675221509,2026/09/03 15:40:23.499,P2,29.05,28.5,28.0,2.0,712.0,1755.0,6801.0,48.0,31.0
94143.775852634,2026/09/03 15:40:23.600,P2,29.05,28.5,28.0,2.0,712.0,1755.0,6801.0,48.0,31.0
94143.876862597,2026/09/03 15:40:23.700,P2,29.05,28.5,28.0,2.0,712.0,1755.0,6801.0,48.0,31.0
94143.977900186,2026/09/03 15:40:23.801,P2,29.05,28.5,28.0,2.0,712.0,1755.0,6801.0,48.0,31.0
94144.07883828,2026/09/03 15:40:23.902,P2,29.05,28.5,28.0,2.0,712.0,1755.0,6801.0,48.0,31.0
94144.179863119,2026/09/03 15:40:24.004,P2,29.19,28.79,28.0,2.0,712.0,1755.0,6801.0,48.0,31.0
94144.280782741,2026/09/03 15:40:24.104,P2,29.19,28.79,28.0,2.0,712.0,1755.0,6801.0,48.0,31.0
94144.381633953,2026/09/03 15:40:24.206,P2,29.19,28.79,28.0,2.0,712.0,1755.0,6801.0,48.0,31.0
94144.482768713,2026/09/03 15:40:24.306,P2,29.19,28.79,28.0,2.0,712.0,1755.0,6801.0,48.0,31.0
94144.583404476,2026/09/03 15:40:24.407,P2,29.19,28.79,28.0,2.0,712.0,1755.0,6801.0,48.0,31.0
94144.684271641,2026/09/03 15:40:24.508,P2,29.19,29.12,28.0,1.0,712.0,1755.0,6801.0,48.0,31.0
94144.785386068,2026/09/03 15:40:24.609,P2,29.19,29.12,28.0,1.0,712.0,1755.0,6801.0,48.0,31.0
94144.886086624,2026/09/03 15:40:24.710,P2,29.19,29.12,28.0,1.0,712.0,1755.0,6801.0,48.0,31.0
94144.987092913,2026/09/03 15:40:24.811,P2,29.19,29.12,28.0,1.0,712.0,1755.0,6801.0,48.0,31.0
94145.088078641,2026/09/03 15:40:24.912,P2,29.19,29.12,28.0,1.0,712.0,1755.0,6801.0,48.0,31.0
94145.189073943,2026/09/03 15:40:25.013,P2,29.21,29.22,28.0,1.0,712.0,1755.0,6801.0,48.0,31.0
94145.289736419,2026/09/03 15:40:25.113,P2,29.21,29.22,28.0,1.0,712.0,1755.0,6801.0,48.0,31.0
94145.390537496,2026/09/03 15:40:25.214,P2,29.21,29.22,28.0,1.0,712.0,1755.0,6801.0,48.0,31.0
94145.4912721,2026/09/03 15:40:25.315,P2,29.21,29.22,28.0,1.0,712.0,1755.0,6801.0,48.0,31.0
94145.592130092,2026/09/03 15:40:25.416,P2,29.21,29.22,28.0,1.0,712.0,1755.0,6801.0,48.0,31.0
94145.693111861,2026/09/03 15:40:25.517,P2,29.29,29.25,28.0,1.0,712.0,1755.0,6801.0,48.0,31.0
94145.793851843,2026/09/03 15:40:25.618,P2,29.29,29.25,28.0,1.0,712.0,1755.0,6801.0,48.0,31.0
94145.894843836,2026/09/03 15:40:25.719,P2,29.29,29.25,28.0,1.0,712.0,1755.0,6801.0,48.0,31.0
94145.995863706,2026/09/03 15:40:25.819,P2,29.29,29.25,28.0,1.0,712.0,1755.0,6801.0,48.0,31.0
94146.097004632,2026/09/03 15:40:25.921,P2,29.29,29.25,28.0,1.0,712.0,1755.0,6801.0,48.0,31.0
94146.197951197,2026/09/03 15:40:26.022,P2,29.29,29.28,28.0,1.0,712.0,1755.0,6801.0,48.0,31.0
94146.298902564,2026/09/03 15:40:26.123,P2,29.29,29.28,28.0,1.0,712.0,1755.0,6801.0,48.0,31.0
94146.399777374,2026/09/03 15:40:26.223,P2,29.29,29.28,28.0,1.0,712.0,1755.0,6801.0,48.0,31.0
94146.500873033,2026/09/03 15:40:26.324,P2,29.29,29.28,28.0,1.0,712.0,1755.0,6801.0,48.0,31.0
94146.601714404,2026/09/03 15:40:26.425,P2,29.29,29.28,28.0,1.0,712.0,1755.0,6801.0,48.0,31.0
94146.702848833,2026/09/03 15:40:26.526,P2,29.36,29.31,25.0,1.0,712.0,1755.0,6801.0,48.0,31.0
94146.803343289,2026/09/03 15:40:26.627,P2,29.36,29.31,25.0,1.0,712.0,1755.0,6801.0,48.0,31.0
94146.904545259,2026/09/03 15:40:26.728,P2,29.36,29.31,25.0,1.0,712.0,1755.0,6801.0,48.0,31.0
94147.005103997,2026/09/03 15:40:26.829,P2,29.36,29.31,25.0,1.0,712.0,1755.0,6801.0,48.0,31.0
94147.106026588,2026/09/03 15:40:26.930,P2,29.36,29.31,25.0,1.0,712.0,1755.0,6801.0,48.0,31.0
94147.207137668,2026/09/03 15:40:27.031,P2,29.09,29.29,25.0,1.0,712.0,1755.0,6801.0,48.0,31.0
94147.307896148,2026/09/03 15:40:27.132,P2,29.09,29.29,25.0,1.0,712.0,1755.0,6801.0,48.0,31.0
94147.408769187,2026/09/03 15:40:27.233,P2,29.09,29.29,25.0,1.0,712.0,1755.0,6801.0,48.0,31.0
94147.509567597,2026/09/03 15:40:27.333,P2,29.09,29.29,25.0,1.0,712.0,1755.0,6801.0,48.0,31.0
94147.610480625,2026/09/03 15:40:27.434,P2,29.09,29.29,25.0,1.0,712.0,1755.0,6801.0,48.0,31.0
94147.711595176,2026/09/03 15:40:27.535,P2,29.34,29.26,24.0,1.0,712.0,1755.0,6801.0,48.0,31.0
94147.812365106,2026/09/03 15:40:27.636,P2,29.34,29.26,24.0,1.0,712.0,1755.0,6801.0,48.0,31.0
94147.913242204,2026/09/03 15:40:27.737,P2,29.34,29.26,24.0,1.0,712.0,1755.0,6801.0,48.0,31.0
94148.014019218,2026/09/03 15:40:27.838,P2,29.34,29.26,24.0,1.0,712.0,1755.0,6801.0,48.0,31.0
94148.115086338,2026/09/03 15:40:27.939,P2,29.34,29.26,24.0,1.0,712.0,1755.0,6801.0,48.0,31.0
94148.216087039,2026/09/03 15:40:28.040,P2,29.26,29.27,24.0,1.0,712.0,1755.0,6801.0,48.0,31.0
94148.317062423,2026/09/03 15:40:28.141,P2,29.26,29.27,24.0,1.0,712.0,1755.0,6801.0,48.0,31.0
94148.418062324,2026/09/03 15:40:28.242,P2,29.26,29.27,24.0,1.0,699.0,1755.0,6801.0,48.0,31.0
94148.519088721,2026/09/03 15:40:28.343,P2,29.26,29.27,24.0,1.0,699.0,1755.0,6801.0,48.0,31.0
94148.619973336,2026/09/03 15:40:28.444,P2,29.26,29.27,24.0,1.0,699.0,1755.0,6801.0,48.0,31.0
94148.720609151,2026/09/03 15:40:28.544,P2,28.75,29.25,22.0,1.0,699.0,1755.0,6801.0,48.0,31.0
94148.821603371,2026/09/03 15:40:28.645,P2,28.75,29.25,22.0,1.0,699.0,1755.0,6801.0,48.0,31.0
94148.922410449,2026/09/03 15:40:28.746,P2,28.75,29.25,22.0,1.0,699.0,1755.0,6801.0,48.0,31.0
94149.023317293,2026/09/03 15:40:28.847,P2,28.75,29.25,22.0,1.0,699.0,1755.0,6801.0,48.0,31.0
94149.124006521,2026/09/03 15:40:28.948,P2,28.75,29.25,22.0,1.0,699.0,1755.0,6801.0,48.0,31.0
94149.224890491,2026/09/03 15:40:29.049,P2,28.57,28.95,22.0,1.0,699.0,1755.0,6801.0,48.0,31.0
94149.3261532,2026/09/03 15:40:29.150,P2,28.57,28.95,22.0,1.0,699.0,1755.0,6801.0,48.0,31.0
94149.426846502,2026/09/03 15:40:29.250,P2,28.57,28.95,22.0,1.0,699.0,1755.0,6801.0,48.0,31.0
94149.527533482,2026/09/03 15:40:29.351,P2,28.57,28.95,22.0,1.0,699.0,1755.0,6801.0,48.0,31.0
94149.628384933,2026/09/03 15:40:29.452,P2,28.57,28.95,22.0,1.0,699.0,1755.0,6801.0,48.0,31.0
94149.729182156,2026/09/03 15:40:29.553,P2,28.36,28.55,22.0,1.0,699.0,1755.0,6801.0,48.0,31.0
94149.830084832,2026/09/03 15:40:29.654,P2,28.36,28.55,22.0,1.0,699.0,1755.0,6801.0,48.0,31.0
94149.930939731,2026/09/03 15:40:29.755,P2,28.36,28.55,22.0,1.0,699.0,1755.0,6801.0,48.0,31.0
94150.031675395,2026/09/03 15:40:29.856,P2,28.36,28.55,22.0,1.0,699.0,1755.0,6801.0,48.0,31.0
94150.13248607,2026/09/03 15:40:29.956,P2,28.36,28.55,22.0,1.0,699.0,1755.0,6801.0,48.0,31.0
94150.233377832,2026/09/03 15:40:30.057,P2,28.38,28.4,22.0,1.0,699.0,1755.0,6801.0,48.0,31.0
94150.334434492,2026/09/03 15:40:30.158,P2,28.38,28.4,22.0,1.0,699.0,1755.0,6801.0,48.0,31.0
94150.435559769,2026/09/03 15:40:30.259,P2,28.38,28.4,22.0,1.0,699.0,1755.0,6801.0,48.0,31.0
94150.536328908,2026/09/03 15:40:30.360,P2,28.38,28.4,22.0,1.0,699.0,1755.0,6801.0,48.0,31.0
94150.63755051,2026/09/03 15:40:30.461,P2,28.38,28.4,22.0,1.0,699.0,1755.0,6801.0,48.0,31.0
94150.738359915,2026/09/03 15:40:30.562,P2,28.33,28.4,25.0,1.0,699.0,1755.0,6801.0,48.0,31.0
94150.83898066,2026/09/03 15:40:30.663,P2,28.33,28.4,25.0,1.0,699.0,1755.0,6801.0,48.0,31.0
94150.940203943,2026/09/03 15:40:30.764,P2,28.33,28.4,25.0,1.0,699.0,1755.0,6801.0,48.0,31.0
94151.040828678,2026/09/03 15:40:30.865,P2,28.33,28.4,25.0,1.0,699.0,1755.0,6801.0,48.0,31.0
94151.141797084,2026/09/03 15:40:30.965,P2,28.33,28.4,25.0,1.0,699.0,1755.0,6801.0,48.0,31.0
94151.247348607,2026/09/03 15:40:31.066,P2,28.37,28.38,25.0,1.0,699.0,1755.0,6801.0,48.0,31.0
94151.343506561,2026/09/03 15:40:31.167,P2,28.37,28.38,25.0,1.0,699.0,1755.0,6801.0,48.0,31.0
94151.444430142,2026/09/03 15:40:31.268,P2,28.37,28.38,25.0,1.0,699.0,1755.0,6801.0,48.0,31.0
94151.545143705,2026/09/03 15:40:31.369,P2,28.37,28.38,25.0,1.0,699.0,1755.0,6801.0,48.0,31.0
94151.645992503,2026/09/03 15:40:31.470,P2,28.37,28.38,25.0,1.0,699.0,1755.0,6801.0,48.0,31.0
94151.746906498,2026/09/03 15:40:31.571,P2,28.46,28.38,24.0,1.0,699.0,1755.0,6801.0,48.0,31.0
94151.847820925,2026/09/03 15:40:31.672,P2,28.46,28.38,24.0,1.0,699.0,1755.0,6801.0,48.0,31.0
94151.948779793,2026/09/03 15:40:31.772,P2,28.46,28.38,24.0,1.0,699.0,1755.0,6801.0,48.0,31.0
94152.049681296,2026/09/03 15:40:31.873,P2,28.46,28.38,24.0,1.0,699.0,1755.0,6801.0,48.0,31.0
94152.150268884,2026/09/03 15:40:31.974,P2,28.47,28.43,24.0,1.0,699.0,1755.0,6801.0,48.0,31.0
94152.251397377,2026/09/03 15:40:32.075,P2,28.47,28.43,24.0,1.0,699.0,1755.0,6801.0,48.0,31.0
94152.352418417,2026/09/03 15:40:32.176,P2,28.47,28.43,24.0,1.0,699.0,1755.0,6801.0,48.0,31.0
94152.45292928,2026/09/03 15:40:32.277,P2,28.47,28.43,24.0,1.0,699.0,1755.0,6801.0,48.0,31.0
94152.553811413,2026/09/03 15:40:32.377,P2,28.47,28.43,24.0,1.0,699.0,1755.0,6801.0,48.0,31.0
94152.654943068,2026/09/03 15:40:32.478,P2,28.35,28.48,25.0,1.0,699.0,1755.0,6801.0,48.0,31.0
94152.755863572,2026/09/03 15:40:32.579,P2,28.35,28.48,25.0,1.0,699.0,1755.0,6801.0,48.0,31.0
94152.856689639,2026/09/03 15:40:32.680,P2,28.35,28.48,25.0,1.0,699.0,1755.0,6801.0,48.0,31.0
94152.957367361,2026/09/03 15:40:32.781,P2,28.35,28.48,25.0,1.0,699.0,1755.0,6801.0,48.0,31.0
94153.058317592,2026/09/03 15:40:32.882,P2,28.35,28.48,25.0,1.0,699.0,1755.0,6801.0,48.0,31.0
94153.159097846,2026/09/03 15:40:32.983,P2,28.38,28.43,25.0,1.0,699.0,1755.0,6801.0,48.0,31.0
94153.259901879,2026/09/03 15:40:33.084,P2,28.38,28.43,25.0,1.0,699.0,1755.0,6801.0,48.0,31.0
94153.360766139,2026/09/03 15:40:33.185,P2,28.38,28.43,25.0,1.0,699.0,1755.0,6801.0,48.0,31.0
94153.461840244,2026/09/03 15:40:33.286,P2,28.38,28.43,25.0,1.0,699.0,1755.0,6801.0,48.0,31.0
94153.562566443,2026/09/03 15:40:33.386,P2,28.38,28.43,25.0,1.0,699.0,1755.0,6801.0,48.0,31.0
94153.663430895,2026/09/03 15:40:33.487,P2,28.36,28.38,22.0,1.0,699.0,1755.0,6801.0,48.0,31.0
94153.76433127,2026/09/03 15:40:33.588,P2,28.36,28.38,22.0,1.0,699.0,1755.0,6801.0,48.0,31.0
94153.865336482,2026/09/03 15:40:33.689,P2,28.36,28.38,22.0,1.0,699.0,1755.0,6801.0,48.0,31.0
94153.965950253,2026/09/03 15:40:33.790,P2,28.36,28.38,22.0,1.0,699.0,1755.0,6801.0,48.0,31.0
94154.066916748,2026/09/03 15:40:33.891,P2,28.36,28.38,22.0,1.0,699.0,1755.0,6801.0,48.0,31.0
94154.168154615,2026/09/03 15:40:33.992,P2,28.5,28.42,22.0,1.0,699.0,1755.0,6801.0,48.0,31.0
94154.268675275,2026/09/03 15:40:34.093,P2,28.5,28.42,22.0,1.0,699.0,1755.0,6801.0,48.0,31.0
94154.369717466,2026/09/03 15:40:34.193,P2,28.5,28.42,22.0,1.0,699.0,1755.0,6801.0,48.0,31.0
94154.471107388,2026/09/03 15:40:34.294,P2,28.5,28.42,22.0,1.0,699.0,1755.0,6801.0,48.0,31.0
94154.5717045,2026/09/03 15:40:34.395,P2,28.5,28.42,22.0,1.0,699.0,1755.0,6801.0,48.0,31.0
94154.672581438,2026/09/03 15:40:34.496,P2,28.42,28.44,22.0,1.0,699.0,1755.0,6801.0,48.0,31.0
94154.77365128,2026/09/03 15:40:34.597,P2,28.42,28.44,22.0,1.0,699.0,1755.0,6801.0,48.0,31.0
94154.874398096,2026/09/03 15:40:34.698,P2,28.42,28.44,22.0,1.0,699.0,1755.0,6801.0,48.0,31.0
94154.975370638,2026/09/03 15:40:34.799,P2,28.42,28.44,22.0,1.0,699.0,1755.0,6801.0,48.0,31.0
94155.076485426,2026/09/03 15:40:34.900,P2,28.42,28.44,22.0,1.0,699.0,1755.0,6801.0,48.0,31.0
94155.177361955,2026/09/03 15:40:35.001,P2,28.4,28.42,22.0,1.0,699.0,1755.0,6801.0,48.0,31.0
94155.278324797,2026/09/03 15:40:35.102,P2,28.4,28.42,22.0,1.0,699.0,1755.0,6801.0,48.0,31.0
94155.379119461,2026/09/03 15:40:35.203,P2,28.4,28.42,22.0,1.0,699.0,1755.0,6801.0,48.0,31.0
94155.480006696,2026/09/03 15:40:35.304,P2,28.4,28.42,22.0,1.0,699.0,1755.0,6801.0,48.0,31.0
94155.581125457,2026/09/03 15:40:35.405,P2,28.4,28.42,22.0,1.0,699.0,1755.0,6801.0,48.0,31.0
94155.681716109,2026/09/03 15:40:35.505,P2,28.43,28.4,22.0,1.0,699.0,1755.0,6801.0,48.0,31.0
94155.782938666,2026/09/03 15:40:35.606,P2,28.43,28.4,22.0,1.0,699.0,1755.0,6801.0,48.0,31.0
94155.883352048,2026/09/03 15:40:35.707,P2,28.43,28.4,22.0,1.0,699.0,1755.0,6801.0,48.0,31.0
94155.984260114,2026/09/03 15:40:35.808,P2,28.43,28.4,22.0,1.0,699.0,1755.0,6801.0,48.0,31.0
94156.085104778,2026/09/03 15:40:35.909,P2,28.43,28.4,22.0,1.0,699.0,1755.0,6801.0,48.0,31.0
94156.185976258,2026/09/03 15:40:36.010,P2,28.5,28.43,22.0,1.0,699.0,1755.0,6801.0,48.0,31.0
94156.286697956,2026/09/03 15:40:36.111,P2,28.5,28.43,22.0,1.0,699.0,1755.0,6801.0,48.0,31.0
94156.387698343,2026/09/03 15:40:36.211,P2,28.5,28.43,22.0,1.0,699.0,1755.0,6801.0,48.0,31.0
94156.488527259,2026/09/03 15:40:36.312,P2,28.5,28.43,22.0,1.0,699.0,1755.0,6801.0,48.0,31.0
94156.589523484,2026/09/03 15:40:36.413,P2,28.5,28.43,22.0,1.0,699.0,1755.0,6801.0,48.0,31.0
94156.690445925,2026/09/03 15:40:36.514,P2,28.38,28.45,23.0,1.0,699.0,1755.0,6801.0,48.0,31.0
94156.791209483,2026/09/03 15:40:36.615,P2,28.38,28.45,23.0,1.0,699.0,1755.0,6801.0,48.0,31.0
94156.892289771,2026/09/03 15:40:36.716,P2,28.38,28.45,23.0,1.0,699.0,1755.0,6801.0,48.0,31.0
94156.993236106,2026/09/03 15:40:36.817,P2,28.38,28.45,23.0,1.0,699.0,1755.0,6801.0,48.0,31.0
94157.094114933,2026/09/03 15:40:36.918,P2,28.38,28.45,23.0,1.0,699.0,1755.0,6801.0,48.0,31.0
94157.195319457,2026/09/03 15:40:37.019,P2,28.33,28.42,23.0,1.0,699.0,1755.0,6801.0,48.0,31.0
94157.296047071,2026/09/03 15:40:37.120,P2,28.33,28.42,23.0,1.0,699.0,1755.0,6801.0,48.0,31.0
94157.396859515,2026/09/03 15:40:37.221,P2,28.33,28.42,23.0,1.0,699.0,1755.0,6801.0,48.0,31.0
94157.497611068,2026/09/03 15:40:37.321,P2,28.33,28.42,23.0,1.0,699.0,1755.0,6801.0,48.0,31.0
94157.598572942,2026/09/03 15:40:37.422,P2,28.33,28.42,23.0,1.0,699.0,1755.0,6801.0,48.0,31.0
94157.699474168,2026/09/03 15:40:37.523,P2,28.39,28.38,23.0,1.0,699.0,1755.0,6801.0,48.0,31.0
94157.800278205,2026/09/03 15:40:37.624,P2,28.39,28.38,23.0,1.0,699.0,1755.0,6801.0,48.0,31.0
94157.901168739,2026/09/03 15:40:37.725,P2,28.39,28.38,23.0,1.0,699.0,1755.0,6801.0,48.0,31.0
94158.00194452,2026/09/03 15:40:37.826,P2,28.39,28.38,23.0,1.0,699.0,1755.0,6801.0,48.0,31.0
94158.102630497,2026/09/03 15:40:37.926,P2,28.39,28.38,23.0,1.0,699.0,1755.0,6801.0,48.0,31.0
94158.203485613,2026/09/03 15:40:38.027,P2,28.35,28.37,23.0,1.0,699.0,1755.0,6801.0,48.0,31.0
94158.30428747,2026/09/03 15:40:38.128,P2,28.35,28.37,23.0,1.0,699.0,1755.0,6801.0,48.0,31.0
94158.405701977,2026/09/03 15:40:38.229,P2,28.35,28.37,23.0,1.0,699.0,1755.0,6801.0,48.0,31.0
94158.506140299,2026/09/03 15:40:38.330,P2,28.35,28.37,23.0,1.0,699.0,1755.0,6801.0,48.0,31.0
94158.606889934,2026/09/03 15:40:38.431,P2,28.35,28.37,23.0,1.0,699.0,1755.0,6801.0,48.0,31.0
94158.707732984,2026/09/03 15:40:38.531,P2,28.59,28.41,20.0,1.0,699.0,1755.0,6801.0,48.0,31.0
94158.808497946,2026/09/03 15:40:38.632,P2,28.59,28.41,20.0,1.0,699.0,1755.0,6801.0,48.0,31.0
94158.909929162,2026/09/03 15:40:38.733,P2,28.59,28.41,20.0,1.0,699.0,1755.0,6801.0,48.0,31.0
94159.010433666,2026/09/03 15:40:38.834,P2,28.59,28.41,20.0,1.0,699.0,1755.0,6801.0,48.0,31.0
94159.111216084,2026/09/03 15:40:38.935,P2,28.59,28.41,20.0,1.0,699.0,1755.0,6801.0,48.0,31.0
94159.212320609,2026/09/03 15:40:39.036,P2,28.53,28.45,20.0,1.0,699.0,1755.0,6801.0,48.0,31.0
94159.313089976,2026/09/03 15:40:39.137,P2,28.53,28.45,20.0,1.0,699.0,1755.0,6801.0,48.0,31.0
94159.414177683,2026/09/03 15:40:39.238,P2,28.53,28.45,20.0,1.0,699.0,1755.0,6801.0,48.0,31.0
94159.514838762,2026/09/03 15:40:39.339,P2,28.53,28.45,20.0,1.0,699.0,1755.0,6801.0,48.0,31.0
94159.615780271,2026/09/03 15:40:39.440,P2,28.53,28.45,20.0,1.0,699.0,1755.0,6801.0,48.0,31.0
94159.716677741,2026/09/03 15:40:39.540,P2,28.38,28.46,24.0,1.0,699.0,1755.0,6801.0,48.0,31.0
94159.817596798,2026/09/03 15:40:39.641,P2,28.38,28.46,24.0,1.0,699.0,1755.0,6801.0,48.0,31.0
94159.918243911,2026/09/03 15:40:39.742,P2,28.38,28.46,24.0,1.0,699.0,1755.0,6801.0,48.0,31.0
94160.019248229,2026/09/03 15:40:39.843,P2,28.38,28.46,24.0,1.0,699.0,1755.0,6801.0,48.0,31.0
94160.119880091,2026/09/03 15:40:39.944,P2,28.38,28.46,24.0,1.0,699.0,1755.0,6801.0,48.0,31.0
94160.220800934,2026/09/03 15:40:40.044,P2,28.45,28.44,24.0,1.0,699.0,1755.0,6801.0,49.0,31.0
94160.321524016,2026/09/03 15:40:40.145,P2,28.45,28.44,24.0,1.0,699.0,1755.0,6801.0,49.0,31.0
94160.422317645,2026/09/03 15:40:40.246,P2,28.45,28.44,24.0,1.0,699.0,1755.0,6801.0,49.0,31.0
94160.523114813,2026/09/03 15:40:40.347,P2,28.45,28.44,24.0,1.0,699.0,1755.0,6801.0,49.0,31.0
94160.623933916,2026/09/03 15:40:40.448,P2,28.45,28.44,24.0,1.0,699.0,1755.0,6801.0,49.0,31.0
94160.725105258,2026/09/03 15:40:40.549,P2,28.46,28.45,23.0,1.0,699.0,1755.0,6801.0,48.0,31.0
94160.825758072,2026/09/03 15:40:40.650,P2,28.46,28.45,23.0,1.0,699.0,1755.0,6801.0,48.0,31.0
94160.926763758,2026/09/03 15:40:40.751,P2,28.46,28.45,23.0,1.0,699.0,1755.0,6801.0,48.0,31.0
94161.027569376,2026/09/03 15:40:40.851,P2,28.46,28.45,23.0,1.0,699.0,1755.0,6801.0,48.0,31.0
94161.128592059,2026/09/03 15:40:40.952,P2,28.46,28.45,23.0,1.0,699.0,1755.0,6801.0,48.0,31.0
94161.229357588,2026/09/03 15:40:41.053,P2,28.43,28.49,23.0,1.0,699.0,1755.0,6801.0,48.0,31.0
94161.330443777,2026/09/03 15:40:41.154,P2,28.43,28.49,23.0,1.0,699.0,1755.0,6801.0,48.0,31.0
94161.43120916,2026/09/03 15:40:41.255,P2,28.43,28.49,23.0,1.0,699.0,1755.0,6801.0,48.0,31.0
94161.532290177,2026/09/03 15:40:41.356,P2,28.43,28.49,23.0,1.0,699.0,1755.0,6801.0,48.0,31.0
94161.633347852,2026/09/03 15:40:41.457,P2,28.43,28.49,23.0,1.0,699.0,1755.0,6801.0,48.0,31.0
94161.734141544,2026/09/03 15:40:41.558,P2,28.61,28.56,24.0,1.0,699.0,1755.0,6801.0,49.0,31.0
94161.835143781,2026/09/03 15:40:41.659,P2,28.61,28.56,24.0,1.0,699.0,1755.0,6801.0,49.0,31.0
94161.935927568,2026/09/03 15:40:41.760,P2,28.61,28.56,24.0,1.0,699.0,1755.0,6801.0,49.0,31.0
94162.03673558,2026/09/03 15:40:41.860,P2,28.61,28.56,24.0,1.0,699.0,1755.0,6801.0,49.0,31.0
94162.13740017,2026/09/03 15:40:41.961,P2,28.61,28.56,24.0,1.0,699.0,1755.0,6801.0,49.0,31.0
94162.238396404,2026/09/03 15:40:42.062,P2,28.84,28.61,24.0,1.0,699.0,1755.0,6801.0,48.0,31.0
94162.339097651,2026/09/03 15:40:42.163,P2,28.84,28.61,24.0,1.0,699.0,1755.0,6801.0,48.0,31.0
94162.440190789,2026/09/03 15:40:42.264,P2,28.84,28.61,24.0,1.0,699.0,1755.0,6801.0,48.0,31.0
94162.541081912,2026/09/03 15:40:42.365,P2,28.84,28.61,24.0,1.0,699.0,1755.0,6801.0,48.0,31.0
94162.641651483,2026/09/03 15:40:42.466,P2,28.84,28.61,24.0,1.0,699.0,1755.0,6801.0,48.0,31.0
94162.742453917,2026/09/03 15:40:42.566,P2,28.54,28.67,17.0,1.0,699.0,1755.0,6801.0,49.0,31.0
94162.843479768,2026/09/03 15:40:42.667,P2,28.54,28.67,17.0,1.0,699.0,1755.0,6801.0,49.0,31.0
94162.94413794,2026/09/03 15:40:42.768,P2,28.54,28.67,17.0,1.0,699.0,1755.0,6801.0,49.0,31.0
94163.044820935,2026/09/03 15:40:42.869,P2,28.54,28.67,17.0,1.0,699.0,1755.0,6801.0,49.0,31.0
94163.145575779,2026/09/03 15:40:42.969,P2,28.54,28.67,17.0,1.0,699.0,1755.0,6801.0,49.0,31.0
94163.246407473,2026/09/03 15:40:43.070,P2,28.43,28.61,17.0,1.0,699.0,1755.0,6801.0,49.0,31.0
94163.347251404,2026/09/03 15:40:43.171,P2,28.43,28.61,17.0,1.0,699.0,1755.0,6801.0,49.0,31.0
94163.448067302,2026/09/03 15:40:43.272,P2,28.43,28.61,17.0,1.0,699.0,1755.0,6801.0,49.0,31.0
94163.548697532,2026/09/03 15:40:43.373,P2,28.43,28.61,17.0,1.0,699.0,1755.0,6801.0,49.0,31.0
94163.64967955,2026/09/03 15:40:43.473,P2,28.43,28.61,17.0,1.0,699.0,1755.0,6801.0,49.0,31.0
94163.75059212,2026/09/03 15:40:43.574,P2,28.4,28.46,18.0,1.0,699.0,1755.0,6801.0,48.0,31.0
94163.851686015,2026/09/03 15:40:43.675,P2,28.4,28.46,18.0,1.0,699.0,1755.0,6801.0,48.0,31.0
94163.952634321,2026/09/03 15:40:43.776,P2,28.4,28.46,18.0,1.0,699.0,1755.0,6801.0,48.0,31.0
94164.05334317,2026/09/03 15:40:43.877,P2,28.4,28.46,18.0,1.0,699.0,1755.0,6801.0,48.0,31.0
94164.154211471,2026/09/03 15:40:43.978,P2,28.73,28.47,18.0,1.0,699.0,1755.0,6801.0,49.0,31.0
94164.25510212,2026/09/03 15:40:44.079,P2,28.73,28.47,18.0,1.0,699.0,1755.0,6801.0,49.0,31.0
94164.355961832,2026/09/03 15:40:44.180,P2,28.73,28.47,18.0,1.0,699.0,1755.0,6801.0,49.0,31.0
94164.456885668,2026/09/03 15:40:44.281,P2,28.73,28.47,18.0,1.0,699.0,1755.0,6801.0,49.0,31.0
94164.557697175,2026/09/03 15:40:44.381,P2,28.73,28.47,18.0,1.0,699.0,1755.0,6801.0,49.0,31.0
94164.658430145,2026/09/03 15:40:44.482,P2,28.51,28.53,21.0,1.0,699.0,1755.0,6801.0,49.0,31.0
94164.759157304,2026/09/03 15:40:44.583,P2,28.51,28.53,21.0,1.0,699.0,1755.0,6801.0,49.0,31.0
94164.86003337,2026/09/03 15:40:44.684,P2,28.51,28.53,21.0,1.0,699.0,1755.0,6801.0,49.0,31.0
94164.960850455,2026/09/03 15:40:44.785,P2,28.51,28.53,21.0,1.0,699.0,1755.0,6801.0,49.0,31.0
94165.061720602,2026/09/03 15:40:44.886,P2,28.51,28.53,21.0,1.0,699.0,1755.0,6801.0,49.0,31.0
94165.162743518,2026/09/03 15:40:44.986,P2,28.54,28.6,21.0,1.0,699.0,1755.0,6801.0,49.0,31.0
94165.26336042,2026/09/03 15:40:45.087,P2,28.54,28.6,21.0,1.0,699.0,1755.0,6801.0,49.0,31.0
94165.36435158,2026/09/03 15:40:45.188,P2,28.54,28.6,21.0,1.0,699.0,1755.0,6801.0,49.0,31.0
94165.485523257,2026/09/03 15:40:45.289,P2,28.54,28.6,21.0,1.0,699.0,1755.0,6801.0,49.0,31.0
94165.56618947,2026/09/03 15:40:45.390,P2,28.54,28.6,21.0,1.0,699.0,1755.0,6801.0,49.0,31.0
94165.666919251,2026/09/03 15:40:45.490,P2,28.35,28.51,16.0,1.0,699.0,1755.0,6801.0,49.0,31.0
94165.767733417,2026/09/03 15:40:45.591,P2,28.35,28.51,16.0,1.0,699.0,1755.0,6801.0,49.0,31.0
94165.868544115,2026/09/03 15:40:45.692,P2,28.35,28.51,16.0,1.0,699.0,1755.0,6801.0,49.0,31.0
94165.969501173,2026/09/03 15:40:45.793,P2,28.35,28.51,16.0,1.0,699.0,1755.0,6801.0,49.0,31.0
94166.070413356,2026/09/03 15:40:45.894,P2,28.35,28.51,16.0,1.0,699.0,1755.0,6801.0,49.0,31.0
94166.171528289,2026/09/03 15:40:45.995,P2,28.47,28.45,16.0,1.0,699.0,1755.0,6801.0,49.0,31.0
94166.272683225,2026/09/03 15:40:46.096,P2,28.47,28.45,16.0,1.0,699.0,1755.0,6801.0,49.0,31.0
94166.373311323,2026/09/03 15:40:46.197,P2,28.47,28.45,16.0,1.0,699.0,1755.0,6801.0,49.0,31.0
94166.474280879,2026/09/03 15:40:46.298,P2,28.47,28.45,16.0,1.0,699.0,1755.0,6801.0,49.0,31.0
94166.575103623,2026/09/03 15:40:46.399,P2,28.47,28.45,16.0,1.0,699.0,1755.0,6801.0,49.0,31.0
94166.676257065,2026/09/03 15:40:46.500,P2,28.57,28.45,19.0,1.0,699.0,1755.0,6801.0,49.0,31.0
94166.77688294,2026/09/03 15:40:46.601,P2,28.57,28.45,19.0,1.0,699.0,1755.0,6801.0,49.0,31.0
94166.877916836,2026/09/03 15:40:46.701,P2,28.57,28.45,19.0,1.0,699.0,1755.0,6801.0,49.0,31.0
94166.978504353,2026/09/03 15:40:46.802,P2,28.57,28.45,19.0,1.0,699.0,1755.0,6801.0,49.0,31.0
94167.079420743,2026/09/03 15:40:46.903,P2,28.57,28.45,19.0,1.0,699.0,1755.0,6801.0,49.0,31.0
94167.180231114,2026/09/03 15:40:47.004,P2,28.44,28.49,19.0,1.0,699.0,1755.0,6801.0,49.0,31.0
94167.281060711,2026/09/03 15:40:47.105,P2,28.44,28.49,19.0,1.0,699.0,1755.0,6801.0,49.0,31.0
94167.382139167,2026/09/03 15:40:47.206,P2,28.44,28.49,19.0,1.0,699.0,1755.0,6801.0,49.0,31.0
94167.482676012,2026/09/03 15:40:47.307,P2,28.44,28.49,19.0,1.0,699.0,1755.0,6801.0,49.0,31.0
94167.583858816,2026/09/03 15:40:47.407,P2,28.44,28.49,19.0,1.0,699.0,1755.0,6801.0,49.0,31.0
94167.684455225,2026/09/03 15:40:47.508,P2,28.41,28.47,20.0,1.0,699.0,1755.0,6801.0,49.0,31.0
94167.785369447,2026/09/03 15:40:47.609,P2,28.41,28.47,20.0,1.0,699.0,1755.0,6801.0,49.0,31.0
94167.886629236,2026/09/03 15:40:47.710,P2,28.41,28.47,20.0,1.0,699.0,1755.0,6801.0,49.0,31.0
94167.987131212,2026/09/03 15:40:47.811,P2,28.41,28.47,20.0,1.0,699.0,1755.0,6801.0,49.0,31.0
94168.088200784,2026/09/03 15:40:47.912,P2,28.41,28.47,20.0,1.0,699.0,1755.0,6801.0,49.0,31.0
94168.189150899,2026/09/03 15:40:48.013,P2,28.37,28.43,20.0,1.0,699.0,1755.0,6801.0,49.0,31.0
94168.290306915,2026/09/03 15:40:48.114,P2,28.37,28.43,20.0,1.0,699.0,1755.0,6801.0,49.0,31.0
94168.391358847,2026/09/03 15:40:48.215,P2,28.37,28.43,20.0,1.0,699.0,1755.0,6801.0,49.0,31.0
94168.492341827,2026/09/03 15:40:48.316,P2,28.37,28.43,20.0,1.0,699.0,1755.0,6801.0,49.0,31.0
94168.593168652,2026/09/03 15:40:48.417,P2,28.37,28.43,20.0,1.0,699.0,1755.0,6801.0,49.0,31.0
94168.694025309,2026/09/03 15:40:48.518,P2,28.27,28.42,23.0,1.0,699.0,1755.0,6801.0,49.0,31.0
94168.79494738,2026/09/03 15:40:48.619,P2,28.27,28.42,23.0,1.0,699.0,1755.0,6801.0,49.0,31.0
94168.895786296,2026/09/03 15:40:48.720,P2,28.27,28.42,23.0,1.0,699.0,1755.0,6801.0,49.0,31.0
94168.996687802,2026/09/03 15:40:48.821,P2,28.27,28.42,23.0,1.0,699.0,1755.0,6801.0,49.0,31.0
94169.097744826,2026/09/03 15:40:48.921,P2,28.27,28.42,23.0,1.0,699.0,1755.0,6801.0,49.0,31.0
94169.198547393,2026/09/03 15:40:49.022,P2,28.35,28.38,23.0,1.0,699.0,1755.0,6801.0,49.0,31.0
94169.299214738,2026/09/03 15:40:49.123,P2,28.35,28.38,23.0,1.0,699.0,1755.0,6801.0,49.0,31.0
94169.400635375,2026/09/03 15:40:49.224,P2,28.35,28.38,23.0,1.0,699.0,1755.0,6801.0,49.0,31.0
94169.500917274,2026/09/03 15:40:49.325,P2,28.35,28.38,23.0,1.0,699.0,1755.0,6801.0,49.0,31.0
94169.601949877,2026/09/03 15:40:49.426,P2,28.35,28.38,23.0,1.0,699.0,1755.0,6801.0,49.0,31.0
94169.703364183,2026/09/03 15:40:49.527,P2,28.4,28.34,19.0,1.0,699.0,1755.0,6801.0,49.0,31.0
94169.803814209,2026/09/03 15:40:49.628,P2,28.4,28.34,19.0,1.0,699.0,1755.0,6801.0,49.0,31.0
94169.904743676,2026/09/03 15:40:49.728,P2,28.4,28.34,19.0,1.0,699.0,1755.0,6801.0,49.0,31.0
94170.005603689,2026/09/03 15:40:49.829,P2,28.4,28.34,19.0,1.0,699.0,1755.0,6801.0,49.0,31.0
94170.10631298,2026/09/03 15:40:49.930,P2,28.4,28.34,19.0,1.0,699.0,1755.0,6801.0,49.0,31.0
94170.207130029,2026/09/03 15:40:50.031,P2,28.44,28.37,19.0,1.0,699.0,1755.0,6801.0,49.0,31.0
94170.308198056,2026/09/03 15:40:50.132,P2,28.44,28.37,19.0,1.0,699.0,1755.0,6801.0,49.0,31.0
94170.40911888,2026/09/03 15:40:50.233,P2,28.44,28.37,19.0,1.0,699.0,1755.0,6801.0,49.0,31.0
94170.510063673,2026/09/03 15:40:50.334,P2,28.44,28.37,19.0,1.0,699.0,1755.0,6801.0,49.0,31.0
94170.611228616,2026/09/03 15:40:50.435,P2,28.44,28.37,19.0,1.0,699.0,1755.0,6801.0,49.0,31.0
94170.711902141,2026/09/03 15:40:50.536,P2,28.51,28.44,22.0,1.0,699.0,1755.0,6801.0,49.0,31.0
94170.81288267,2026/09/03 15:40:50.637,P2,28.51,28.44,22.0,1.0,699.0,1755.0,6801.0,49.0,31.0
94170.913640548,2026/09/03 15:40:50.737,P2,28.51,28.44,22.0,1.0,699.0,1755.0,6801.0,49.0,31.0
94171.014627525,2026/09/03 15:40:50.838,P2,28.51,28.44,22.0,1.0,699.0,1755.0,6801.0,49.0,31.0
94171.115502457,2026/09/03 15:40:50.939,P2,28.51,28.44,22.0,1.0,699.0,1755.0,6801.0,49.0,31.0
94171.216296751,2026/09/03 15:40:51.040,P2,28.44,28.5,22.0,1.0,699.0,1755.0,6801.0,49.0,31.0
94171.317120853,2026/09/03 15:40:51.141,P2,28.44,28.5,22.0,1.0,699.0,1755.0,6801.0,49.0,31.0
94171.417885633,2026/09/03 15:40:51.242,P2,28.44,28.5,22.0,1.0,699.0,1755.0,6801.0,49.0,31.0
94171.518685526,2026/09/03 15:40:51.343,P2,28.44,28.5,22.0,1.0,699.0,1755.0,6801.0,49.0,31.0
94171.619484206,2026/09/03 15:40:51.443,P2,28.44,28.5,22.0,1.0,699.0,1755.0,6801.0,49.0,31.0
94171.720481166,2026/09/03 15:40:51.544,P2,28.36,28.46,24.0,1.0,699.0,1755.0,6801.0,49.0,31.0
94171.821436766,2026/09/03 15:40:51.645,P2,28.36,28.46,24.0,1.0,699.0,1755.0,6801.0,49.0,31.0
94171.922334033,2026/09/03 15:40:51.746,P2,28.36,28.46,24.0,1.0,699.0,1755.0,6801.0,49.0,31.0
94172.02324933,2026/09/03 15:40:51.847,P2,28.36,28.46,24.0,1.0,699.0,1755.0,6801.0,49.0,31.0
94172.124073357,2026/09/03 15:40:51.948,P2,28.36,28.46,24.0,1.0,699.0,1755.0,6801.0,49.0,31.0
94172.22508184,2026/09/03 15:40:52.049,P2,28.53,28.43,24.0,1.0,699.0,1755.0,6801.0,49.0,31.0
94172.326025942,2026/09/03 15:40:52.150,P2,28.53,28.43,24.0,1.0,699.0,1755.0,6801.0,49.0,31.0
94172.427072094,2026/09/03 15:40:52.251,P2,28.53,28.43,24.0,1.0,699.0,1755.0,6801.0,49.0,31.0
94172.52827756,2026/09/03 15:40:52.352,P2,28.53,28.43,24.0,1.0,699.0,1755.0,6801.0,49.0,31.0
94172.629127646,2026/09/03 15:40:52.453,P2,28.53,28.43,24.0,1.0,699.0,1755.0,6801.0,49.0,31.0
94172.730368367,2026/09/03 15:40:52.554,P2,28.49,28.49,21.0,1.0,699.0,1755.0,6801.0,49.0,31.0
94172.831047149,2026/09/03 15:40:52.655,P2,28.49,28.49,21.0,1.0,699.0,1755.0,6801.0,49.0,31.0
94172.931958744,2026/09/03 15:40:52.756,P2,28.49,28.49,21.0,1.0,699.0,1755.0,6801.0,49.0,31.0
94173.032942979,2026/09/03 15:40:52.857,P2,28.49,28.49,21.0,1.0,699.0,1755.0,6801.0,49.0,31.0
94173.133793354,2026/09/03 15:40:52.958,P2,28.49,28.49,21.0,1.0,699.0,1755.0,6801.0,49.0,31.0
94173.234754899,2026/09/03 15:40:53.058,P2,28.38,28.48,21.0,1.0,699.0,1755.0,6801.0,49.0,31.0
94173.335648781,2026/09/03 15:40:53.159,P2,28.38,28.48,21.0,1.0,699.0,1755.0,6801.0,49.0,31.0
94173.436425112,2026/09/03 15:40:53.260,P2,28.38,28.48,21.0,1.0,699.0,1755.0,6801.0,49.0,31.0
94173.537457965,2026/09/03 15:40:53.361,P2,28.38,28.48,21.0,1.0,699.0,1755.0,6801.0,49.0,31.0
94173.638036093,2026/09/03 15:40:53.462,P2,28.38,28.48,21.0,1.0,699.0,1755.0,6801.0,49.0,31.0
94173.739161664,2026/09/03 15:40:53.563,P2,28.47,28.45,23.0,1.0,699.0,1755.0,6801.0,49.0,31.0
94173.839650995,2026/09/03 15:40:53.663,P2,28.47,28.45,23.0,1.0,699.0,1755.0,6801.0,49.0,31.0
94173.940634757,2026/09/03 15:40:53.764,P2,28.47,28.45,23.0,1.0,699.0,1755.0,6801.0,49.0,31.0
94174.041553766,2026/09/03 15:40:53.865,P2,28.47,28.45,23.0,1.0,699.0,1755.0,6801.0,49.0,31.0
94174.142378348,2026/09/03 15:40:53.966,P2,28.47,28.45,23.0,1.0,699.0,1755.0,6801.0,49.0,31.0
94174.243102031,2026/09/03 15:40:54.067,P2,28.51,28.49,23.0,1.0,699.0,1755.0,6801.0,49.0,31.0
94174.343980672,2026/09/03 15:40:54.168,P2,28.51,28.49,23.0,1.0,699.0,1755.0,6801.0,49.0,31.0
94174.4451147,2026/09/03 15:40:54.269,P2,28.51,28.49,23.0,1.0,699.0,1755.0,6801.0,49.0,31.0
94174.545557602,2026/09/03 15:40:54.369,P2,28.51,28.49,23.0,1.0,699.0,1755.0,6801.0,49.0,31.0
94174.646440516,2026/09/03 15:40:54.470,P2,28.51,28.49,23.0,1.0,699.0,1755.0,6801.0,49.0,31.0
94174.74738689,2026/09/03 15:40:54.571,P2,28.39,28.52,22.0,1.0,699.0,1755.0,6801.0,49.0,31.0
94174.84864656,2026/09/03 15:40:54.672,P2,28.39,28.52,22.0,1.0,699.0,1755.0,6801.0,49.0,31.0
94174.949502077,2026/09/03 15:40:54.773,P2,28.39,28.52,22.0,1.0,699.0,1755.0,6801.0,49.0,31.0
94175.050335661,2026/09/03 15:40:54.874,P2,28.39,28.52,22.0,1.0,699.0,1755.0,6801.0,49.0,31.0
94175.151426404,2026/09/03 15:40:54.975,P2,28.42,28.51,22.0,1.0,699.0,1755.0,6801.0,49.0,31.0
94175.252335114,2026/09/03 15:40:55.076,P2,28.42,28.51,22.0,1.0,699.0,1755.0,6801.0,49.0,31.0
94175.353364634,2026/09/03 15:40:55.177,P2,28.42,28.51,22.0,1.0,699.0,1755.0,6801.0,49.0,31.0
94175.454094168,2026/09/03 15:40:55.278,P2,28.42,28.51,22.0,1.0,699.0,1755.0,6801.0,49.0,31.0
94175.555090753,2026/09/03 15:40:55.379,P2,28.42,28.51,22.0,1.0,699.0,1755.0,6801.0,49.0,31.0
94175.65576592,2026/09/03 15:40:55.479,P2,28.5,28.46,15.0,1.0,699.0,1755.0,6801.0,49.0,31.0
94175.756644601,2026/09/03 15:40:55.580,P2,28.5,28.46,15.0,1.0,699.0,1755.0,6801.0,49.0,31.0
94175.857351881,2026/09/03 15:40:55.681,P2,28.5,28.46,15.0,1.0,699.0,1755.0,6801.0,49.0,31.0
94175.958314943,2026/09/03 15:40:55.782,P2,28.5,28.46,15.0,1.0,699.0,1755.0,6801.0,49.0,31.0
94176.059253911,2026/09/03 15:40:55.883,P2,28.5,28.46,15.0,1.0,699.0,1755.0,6801.0,49.0,31.0
94176.160089922,2026/09/03 15:40:55.984,P2,28.5,28.44,15.0,1.0,699.0,1755.0,6801.0,49.0,31.0
94176.260912439,2026/09/03 15:40:56.085,P2,28.5,28.44,15.0,1.0,699.0,1755.0,6801.0,49.0,31.0
94176.361689672,2026/09/03 15:40:56.185,P2,28.5,28.44,15.0,1.0,699.0,1755.0,6801.0,49.0,31.0
94176.462451889,2026/09/03 15:40:56.286,P2,28.5,28.44,15.0,1.0,699.0,1755.0,6801.0,49.0,31.0
94176.563554134,2026/09/03 15:40:56.387,P2,28.5,28.44,15.0,1.0,699.0,1755.0,6801.0,49.0,31.0
94176.664434302,2026/09/03 15:40:56.488,P2,28.5,28.47,25.0,1.0,699.0,1755.0,6801.0,49.0,31.0
94176.765347315,2026/09/03 15:40:56.589,P2,28.5,28.47,25.0,1.0,699.0,1755.0,6801.0,49.0,31.0
94176.866768526,2026/09/03 15:40:56.690,P2,28.5,28.47,25.0,1.0,699.0,1755.0,6801.0,49.0,31.0
94176.967213154,2026/09/03 15:40:56.791,P2,28.5,28.47,25.0,1.0,699.0,1755.0,6801.0,49.0,31.0
94177.068282285,2026/09/03 15:40:56.892,P2,28.5,28.47,25.0,1.0,699.0,1755.0,6801.0,49.0,31.0
94177.169207171,2026/09/03 15:40:56.993,P2,28.53,28.49,25.0,1.0,699.0,1755.0,6801.0,49.0,31.0
94177.270815065,2026/09/03 15:40:57.094,P2,28.53,28.49,25.0,1.0,699.0,1755.0,6801.0,49.0,31.0
94177.371213561,2026/09/03 15:40:57.195,P2,28.53,28.49,25.0,1.0,699.0,1755.0,6801.0,49.0,31.0
94177.472108754,2026/09/03 15:40:57.296,P2,28.53,28.49,25.0,1.0,699.0,1755.0,6801.0,49.0,31.0
94177.572928429,2026/09/03 15:40:57.397,P2,28.53,28.49,25.0,1.0,699.0,1755.0,6801.0,49.0,31.0
94177.673847751,2026/09/03 15:40:57.498,P2,28.47,28.5,18.0,1.0,699.0,1755.0,6801.0,49.0,31.0
94177.774630858,2026/09/03 15:40:57.598,P2,28.47,28.5,18.0,1.0,699.0,1755.0,6801.0,49.0,31.0
94177.875595575,2026/09/03 15:40:57.699,P2,28.47,28.5,18.0,1.0,699.0,1755.0,6801.0,49.0,31.0
94177.976430677,2026/09/03 15:40:57.800,P2,28.47,28.5,18.0,1.0,699.0,1755.0,6801.0,49.0,31.0
94178.077185519,2026/09/03 15:40:57.901,P2,28.47,28.5,18.0,1.0,699.0,1755.0,6801.0,49.0,31.0
94178.178261082,2026/09/03 15:40:58.002,P2,28.46,28.49,18.0,1.0,699.0,1755.0,6801.0,49.0,31.0
94178.279076551,2026/09/03 15:40:58.103,P2,28.46,28.49,18.0,1.0,699.0,1755.0,6801.0,49.0,31.0
94178.379672698,2026/09/03 15:40:58.203,P2,28.46,28.49,18.0,1.0,699.0,1755.0,6801.0,49.0,31.0
94178.480925177,2026/09/03 15:40:58.304,P2,28.46,28.49,18.0,1.0,699.0,1755.0,6801.0,49.0,31.0
94178.581693923,2026/09/03 15:40:58.405,P2,28.46,28.49,18.0,1.0,699.0,1755.0,6801.0,49.0,31.0
94178.682398348,2026/09/03 15:40:58.506,P2,28.48,28.49,15.0,1.0,699.0,1755.0,6801.0,49.0,31.0
94178.783157783,2026/09/03 15:40:58.607,P2,28.48,28.49,15.0,1.0,699.0,1755.0,6801.0,49.0,31.0
94178.883967855,2026/09/03 15:40:58.708,P2,28.48,28.49,15.0,1.0,699.0,1755.0,6801.0,49.0,31.0
94178.984949041,2026/09/03 15:40:58.809,P2,28.48,28.49,15.0,1.0,699.0,1755.0,6801.0,49.0,31.0
94179.086141862,2026/09/03 15:40:58.910,P2,28.48,28.49,15.0,1.0,699.0,1755.0,6801.0,49.0,31.0
94179.186885557,2026/09/03 15:40:59.011,P2,28.42,28.47,15.0,1.0,699.0,1755.0,6801.0,49.0,31.0
94179.28774869,2026/09/03 15:40:59.112,P2,28.42,28.47,15.0,1.0,699.0,1755.0,6801.0,49.0,31.0
94179.388750375,2026/09/03 15:40:59.212,P2,28.42,28.47,15.0,1.0,699.0,1755.0,6801.0,49.0,31.0
94179.489604734,2026/09/03 15:40:59.313,P2,28.42,28.47,15.0,1.0,699.0,1755.0,6801.0,49.0,31.0
94179.590420682,2026/09/03 15:40:59.414,P2,28.42,28.47,15.0,1.0,699.0,1755.0,6801.0,49.0,31.0
94179.691017457,2026/09/03 15:40:59.515,P2,28.47,28.43,22.0,1.0,699.0,1755.0,6801.0,49.0,31.0
94179.791999236,2026/09/03 15:40:59.616,P2,28.47,28.43,22.0,1.0,699.0,1755.0,6801.0,49.0,31.0
94179.892729619,2026/09/03 15:40:59.717,P2,28.47,28.43,22.0,1.0,699.0,1755.0,6801.0,49.0,31.0
94179.993656225,2026/09/03 15:40:59.817,P2,28.47,28.43,22.0,1.0,699.0,1755.0,6801.0,49.0,31.0
94180.09447575,2026/09/03 15:40:59.918,P2,28.47,28.43,22.0,1.0,699.0,1755.0,6801.0,49.0,31.0
94180.195547565,2026/09/03 15:41:00.019,P2,28.5,28.45,22.0,1.0,699.0,1755.0,6801.0,49.0,31.0
94180.296151168,2026/09/03 15:41:00.120,P2,28.5,28.45,22.0,1.0,699.0,1755.0,6801.0,49.0,31.0
94180.39744731,2026/09/03 15:41:00.221,P2,28.5,28.45,22.0,1.0,699.0,1755.0,6801.0,49.0,31.0
94180.497891174,2026/09/03 15:41:00.322,P2,28.5,28.45,22.0,1.0,699.0,1755.0,6801.0,49.0,31.0
94180.598863739,2026/09/03 15:41:00.422,P2,28.5,28.45,22.0,1.0,699.0,1755.0,6801.0,49.0,31.0
94180.699606245,2026/09/03 15:41:00.523,P2,28.5,28.51,17.0,1.0,699.0,1755.0,6801.0,49.0,31.0
94180.800513169,2026/09/03 15:41:00.624,P2,28.5,28.51,17.0,1.0,699.0,1755.0,6801.0,49.0,31.0
94180.901441319,2026/09/03 15:41:00.725,P2,28.5,28.51,17.0,1.0,699.0,1755.0,6801.0,49.0,31.0
94181.002512773,2026/09/03 15:41:00.826,P2,28.5,28.51,17.0,1.0,699.0,1755.0,6801.0,49.0,31.0
94181.103118922,2026/09/03 15:41:00.927,P2,28.5,28.51,17.0,1.0,699.0,1755.0,6801.0,49.0,31.0
94181.203973838,2026/09/03 15:41:01.028,P2,28.39,28.49,17.0,1.0,699.0,1755.0,6801.0,49.0,31.0
94181.305013878,2026/09/03 15:41:01.129,P2,28.39,28.49,17.0,1.0,699.0,1755.0,6801.0,49.0,31.0
94181.405977319,2026/09/03 15:41:01.230,P2,28.39,28.49,17.0,1.0,699.0,1755.0,6801.0,49.0,31.0
94181.506929161,2026/09/03 15:41:01.331,P2,28.39,28.49,17.0,1.0,699.0,1755.0,6801.0,49.0,31.0
94181.607777966,2026/09/03 15:41:01.432,P2,28.39,28.49,17.0,1.0,699.0,1755.0,6801.0,49.0,31.0
94181.708772055,2026/09/03 15:41:01.532,P2,28.47,28.44,23.0,1.0,699.0,1755.0,6801.0,49.0,31.0
94181.809700942,2026/09/03 15:41:01.633,P2,28.47,28.44,23.0,1.0,699.0,1755.0,6801.0,49.0,31.0
94181.910564551,2026/09/03 15:41:01.734,P2,28.47,28.44,23.0,1.0,699.0,1755.0,6801.0,49.0,31.0
94182.011392081,2026/09/03 15:41:01.835,P2,28.47,28.44,23.0,1.0,699.0,1755.0,6801.0,49.0,31.0
94182.112177924,2026/09/03 15:41:01.936,P2,28.47,28.44,23.0,1.0,705.0,1755.0,6801.0,49.0,31.0
94182.213089957,2026/09/03 15:41:02.037,P2,28.64,28.48,23.0,1.0,705.0,1755.0,6801.0,49.0,31.0
94182.314163979,2026/09/03 15:41:02.138,P2,28.64,28.48,23.0,1.0,705.0,1755.0,6801.0,49.0,31.0
94182.414941733,2026/09/03 15:41:02.239,P2,28.64,28.48,23.0,1.0,705.0,1755.0,6801.0,49.0,31.0
94182.515874313,2026/09/03 15:41:02.340,P2,28.64,28.48,23.0,1.0,705.0,1755.0,6801.0,49.0,31.0
94182.616655593,2026/09/03 15:41:02.440,P2,28.64,28.48,23.0,1.0,705.0,1755.0,6801.0,49.0,31.0
94182.717490231,2026/09/03 15:41:02.541,P2,28.33,28.48,24.0,1.0,705.0,1755.0,6801.0,49.0,31.0
94182.818235431,2026/09/03 15:41:02.642,P2,28.33,28.48,24.0,1.0,705.0,1755.0,6801.0,49.0,31.0
94182.919300037,2026/09/03 15:41:02.743,P2,28.33,28.48,24.0,1.0,705.0,1755.0,6801.0,49.0,31.0
94183.020414092,2026/09/03 15:41:02.844,P2,28.33,28.48,24.0,1.0,705.0,1755.0,6801.0,49.0,31.0
94183.121172681,2026/09/03 15:41:02.945,P2,28.33,28.48,24.0,1.0,705.0,1755.0,6801.0,49.0,31.0
94183.221954202,2026/09/03 15:41:03.046,P2,28.53,28.45,24.0,1.0,705.0,1755.0,6801.0,49.0,31.0
94183.32278331,2026/09/03 15:41:03.147,P2,28.53,28.45,24.0,1.0,705.0,1755.0,6801.0,49.0,31.0
94183.424091872,2026/09/03 15:41:03.247,P2,28.53,28.45,24.0,1.0,705.0,1755.0,6801.0,49.0,31.0
94183.524998584,2026/09/03 15:41:03.348,P2,28.53,28.45,24.0,1.0,705.0,1755.0,6801.0,49.0,31.0
94183.625922857,2026/09/03 15:41:03.450,P2,28.53,28.45,24.0,1.0,705.0,1755.0,6801.0,49.0,31.0
94183.726934526,2026/09/03 15:41:03.551,P2,28.39,28.4,22.0,1.0,705.0,1755.0,6801.0,49.0,31.0
94183.827759848,2026/09/03 15:41:03.652,P2,28.39,28.4,22.0,1.0,705.0,1755.0,6801.0,49.0,31.0
94183.928594805,2026/09/03 15:41:03.752,P2,28.39,28.4,22.0,1.0,705.0,1755.0,6801.0,49.0,31.0
94184.029411026,2026/09/03 15:41:03.853,P2,28.39,28.4,22.0,1.0,705.0,1755.0,6801.0,49.0,31.0
94184.130155253,2026/09/03 15:41:03.954,P2,28.39,28.4,22.0,1.0,705.0,1755.0,6801.0,49.0,31.0
94184.230969348,2026/09/03 15:41:04.055,P2,28.45,28.39,22.0,1.0,705.0,1755.0,6801.0,49.0,31.0
94184.331734087,2026/09/03 15:41:04.156,P2,28.45,28.39,22.0,1.0,705.0,1755.0,6801.0,49.0,31.0
94184.432565495,2026/09/03 15:41:04.256,P2,28.45,28.39,22.0,1.0,705.0,1755.0,6801.0,49.0,31.0
94184.533433378,2026/09/03 15:41:04.357,P2,28.45,28.39,22.0,1.0,705.0,1755.0,6801.0,49.0,31.0
94184.634204154,2026/09/03 15:41:04.458,P2,28.45,28.39,22.0,1.0,705.0,1755.0,6801.0,49.0,31.0
94184.735036681,2026/09/03 15:41:04.559,P2,28.3,28.38,23.0,1.0,705.0,1755.0,6801.0,49.0,31.0
94184.835729758,2026/09/03 15:41:04.660,P2,28.3,28.38,23.0,1.0,705.0,1755.0,6801.0,49.0,31.0
94184.936632656,2026/09/03 15:41:04.760,P2,28.3,28.38,23.0,1.0,705.0,1755.0,6801.0,49.0,31.0
94185.037355284,2026/09/03 15:41:04.861,P2,28.3,28.38,23.0,1.0,705.0,1755.0,6801.0,49.0,31.0
94185.137987672,2026/09/03 15:41:04.962,P2,28.3,28.38,23.0,1.0,705.0,1755.0,6801.0,49.0,31.0
94185.239169597,2026/09/03 15:41:05.063,P2,28.34,28.38,23.0,1.0,705.0,1755.0,6801.0,49.0,31.0
94185.339747404,2026/09/03 15:41:05.164,P2,28.34,28.38,23.0,1.0,705.0,1755.0,6801.0,49.0,31.0
94185.440400988,2026/09/03 15:41:05.264,P2,28.34,28.38,23.0,1.0,705.0,1755.0,6801.0,49.0,31.0
94185.541208202,2026/09/03 15:41:05.365,P2,28.34,28.38,23.0,1.0,705.0,1755.0,6801.0,49.0,31.0
94185.642270131,2026/09/03 15:41:05.466,P2,28.34,28.38,23.0,1.0,705.0,1755.0,6801.0,49.0,31.0
94185.743088843,2026/09/03 15:41:05.567,P2,28.35,28.39,20.0,1.0,705.0,1755.0,6801.0,49.0,31.0
94185.843985462,2026/09/03 15:41:05.668,P2,28.35,28.39,20.0,1.0,705.0,1755.0,6801.0,49.0,31.0
94185.944968306,2026/09/03 15:41:05.769,P2,28.35,28.39,20.0,1.0,705.0,1755.0,6801.0,49.0,31.0
94186.045910592,2026/09/03 15:41:05.870,P2,28.35,28.39,20.0,1.0,705.0,1755.0,6801.0,49.0,31.0
94186.146725615,2026/09/03 15:41:05.971,P2,28.35,28.39,20.0,1.0,705.0,1755.0,6801.0,49.0,31.0
94186.24763507,2026/09/03 15:41:06.071,P2,28.49,28.42,20.0,1.0,705.0,1755.0,6801.0,49.0,31.0
94186.348623483,2026/09/03 15:41:06.172,P2,28.49,28.42,20.0,1.0,705.0,1755.0,6801.0,49.0,31.0
94186.449553384,2026/09/03 15:41:06.273,P2,28.49,28.42,20.0,1.0,705.0,1755.0,6801.0,49.0,31.0
94186.550248463,2026/09/03 15:41:06.374,P2,28.49,28.42,20.0,1.0,705.0,1755.0,6801.0,49.0,31.0
94186.65109901,2026/09/03 15:41:06.475,P2,28.53,28.44,21.0,1.0,705.0,1755.0,6801.0,49.0,31.0
94186.752040921,2026/09/03 15:41:06.576,P2,28.53,28.44,21.0,1.0,705.0,1755.0,6801.0,49.0,31.0
94186.852918496,2026/09/03 15:41:06.677,P2,28.53,28.44,21.0,1.0,705.0,1755.0,6801.0,49.0,31.0
94186.953572602,2026/09/03 15:41:06.777,P2,28.53,28.44,21.0,1.0,705.0,1755.0,6801.0,49.0,31.0
94187.054533279,2026/09/03 15:41:06.878,P2,28.53,28.44,21.0,1.0,705.0,1755.0,6801.0,49.0,31.0
94187.155404508,2026/09/03 15:41:06.979,P2,28.36,28.44,21.0,1.0,705.0,1755.0,6801.0,49.0,31.0
94187.256088727,2026/09/03 15:41:07.080,P2,28.36,28.44,21.0,1.0,705.0,1755.0,6801.0,49.0,31.0
94187.35720336,2026/09/03 15:41:07.181,P2,28.36,28.44,21.0,1.0,705.0,1755.0,6801.0,49.0,31.0
94187.457833462,2026/09/03 15:41:07.282,P2,28.36,28.44,21.0,1.0,705.0,1755.0,6801.0,49.0,31.0
94187.55906851,2026/09/03 15:41:07.383,P2,28.36,28.44,21.0,1.0,705.0,1755.0,6801.0,49.0,31.0
94187.659913404,2026/09/03 15:41:07.483,P2,28.48,28.43,22.0,1.0,705.0,1755.0,6801.0,49.0,31.0
94187.760577647,2026/09/03 15:41:07.584,P2,28.48,28.43,22.0,1.0,705.0,1755.0,6801.0,49.0,31.0
94187.86149335,2026/09/03 15:41:07.685,P2,28.48,28.43,22.0,1.0,705.0,1755.0,6801.0,49.0,31.0
94187.962352696,2026/09/03 15:41:07.786,P2,28.48,28.43,22.0,1.0,705.0,1755.0,6801.0,49.0,31.0
94188.063324008,2026/09/03 15:41:07.887,P2,28.48,28.43,22.0,1.0,705.0,1755.0,6801.0,49.0,31.0
94188.164407914,2026/09/03 15:41:07.988,P2,28.54,28.44,22.0,1.0,705.0,1755.0,6801.0,49.0,31.0
94188.265713339,2026/09/03 15:41:08.089,P2,28.54,28.44,22.0,1.0,705.0,1755.0,6801.0,49.0,31.0
94188.366420636,2026/09/03 15:41:08.190,P2,28.54,28.44,22.0,1.0,705.0,1755.0,6801.0,49.0,31.0
94188.46762987,2026/09/03 15:41:08.291,P2,28.54,28.44,22.0,1.0,705.0,1755.0,6801.0,49.0,31.0
94188.568650328,2026/09/03 15:41:08.392,P2,28.54,28.44,22.0,1.0,705.0,1755.0,6801.0,49.0,31.0
94188.669501537,2026/09/03 15:41:08.493,P2,28.36,28.44,17.0,1.0,705.0,1755.0,6801.0,49.0,31.0
94188.770325044,2026/09/03 15:41:08.594,P2,28.36,28.44,17.0,1.0,705.0,1755.0,6801.0,49.0,31.0
94188.871130636,2026/09/03 15:41:08.695,P2,28.36,28.44,17.0,1.0,705.0,1755.0,6801.0,49.0,31.0
94188.972093325,2026/09/03 15:41:08.796,P2,28.36,28.44,17.0,1.0,705.0,1755.0,6801.0,49.0,31.0
94189.072861105,2026/09/03 15:41:08.897,P2,28.36,28.44,17.0,1.0,705.0,1755.0,6801.0,49.0,31.0
94189.173745694,2026/09/03 15:41:08.997,P2,28.42,28.42,17.0,1.0,705.0,1755.0,6801.0,49.0,31.0
94189.274421952,2026/09/03 15:41:09.098,P2,28.42,28.42,17.0,1.0,705.0,1755.0,6801.0,49.0,31.0
94189.375318207,2026/09/03 15:41:09.199,P2,28.42,28.42,17.0,1.0,705.0,1755.0,6801.0,49.0,31.0
94189.475995287,2026/09/03 15:41:09.300,P2,28.42,28.42,17.0,1.0,705.0,1755.0,6801.0,49.0,31.0
94189.576804541,2026/09/03 15:41:09.401,P2,28.42,28.42,17.0,1.0,705.0,1755.0,6801.0,49.0,31.0
94189.677799034,2026/09/03 15:41:09.501,P2,28.66,28.48,27.0,1.0,705.0,1755.0,6801.0,49.0,31.0
94189.778378182,2026/09/03 15:41:09.602,P2,28.66,28.48,27.0,1.0,705.0,1755.0,6801.0,49.0,31.0
94189.879486594,2026/09/03 15:41:09.703,P2,28.66,28.48,27.0,1.0,705.0,1755.0,6801.0,49.0,31.0
94189.980171164,2026/09/03 15:41:09.804,P2,28.66,28.48,27.0,1.0,705.0,1755.0,6801.0,49.0,31.0
94190.080810754,2026/09/03 15:41:09.905,P2,28.66,28.48,27.0,1.0,705.0,1755.0,6801.0,49.0,31.0
94190.181874969,2026/09/03 15:41:10.005,P2,28.48,28.52,27.0,1.0,705.0,1755.0,6801.0,49.0,31.0
94190.282822785,2026/09/03 15:41:10.106,P2,28.48,28.52,27.0,1.0,705.0,1755.0,6801.0,49.0,31.0
94190.383910425,2026/09/03 15:41:10.207,P2,28.48,28.52,27.0,1.0,705.0,1755.0,6801.0,49.0,31.0
94190.484683288,2026/09/03 15:41:10.308,P2,28.48,28.52,27.0,1.0,705.0,1755.0,6801.0,49.0,31.0
94190.585364388,2026/09/03 15:41:10.409,P2,28.48,28.52,27.0,1.0,705.0,1755.0,6801.0,49.0,31.0
94190.686279496,2026/09/03 15:41:10.510,P2,28.63,28.53,24.0,1.0,705.0,1755.0,6801.0,49.0,31.0
94190.787283852,2026/09/03 15:41:10.611,P2,28.63,28.53,24.0,1.0,705.0,1755.0,6801.0,49.0,31.0
94190.888086039,2026/09/03 15:41:10.712,P2,28.63,28.53,24.0,1.0,705.0,1755.0,6801.0,49.0,31.0
94190.988968432,2026/09/03 15:41:10.813,P2,28.63,28.53,24.0,1.0,705.0,1755.0,6801.0,49.0,31.0
94191.089745168,2026/09/03 15:41:10.914,P2,28.63,28.53,24.0,1.0,705.0,1755.0,6801.0,49.0,31.0
94191.190720225,2026/09/03 15:41:11.014,P2,28.45,28.54,24.0,1.0,705.0,1755.0,6801.0,49.0,31.0
94191.291504274,2026/09/03 15:41:11.115,P2,28.45,28.54,24.0,1.0,705.0,1755.0,6801.0,49.0,31.0
94191.392213668,2026/09/03 15:41:11.216,P2,28.45,28.54,24.0,1.0,705.0,1755.0,6801.0,49.0,31.0
94191.493377198,2026/09/03 15:41:11.317,P2,28.45,28.54,24.0,1.0,705.0,1755.0,6801.0,49.0,31.0
94191.594159672,2026/09/03 15:41:11.418,P2,28.45,28.54,24.0,1.0,705.0,1755.0,6801.0,49.0,31.0
94191.694995099,2026/09/03 15:41:11.519,P2,28.49,28.61,23.0,1.0,705.0,1755.0,6801.0,49.0,31.0
94191.795761835,2026/09/03 15:41:11.620,P2,28.49,28.61,23.0,1.0,705.0,1755.0,6801.0,49.0,31.0
94191.896491524,2026/09/03 15:41:11.720,P2,28.49,28.61,23.0,1.0,705.0,1755.0,6801.0,49.0,31.0
94191.997689798,2026/09/03 15:41:11.821,P2,28.49,28.61,23.0,1.0,705.0,1755.0,6801.0,49.0,31.0
94192.098268064,2026/09/03 15:41:11.922,P2,28.49,28.61,23.0,1.0,705.0,1755.0,6801.0,49.0,31.0
94192.199370931,2026/09/03 15:41:12.023,P2,28.51,28.58,23.0,1.0,705.0,1755.0,6801.0,49.0,31.0
94192.29995666,2026/09/03 15:41:12.124,P2,28.51,28.58,23.0,1.0,705.0,1755.0,6801.0,49.0,31.0
94192.400966913,2026/09/03 15:41:12.225,P2,28.51,28.58,23.0,1.0,705.0,1755.0,6801.0,49.0,31.0
94192.502069391,2026/09/03 15:41:12.326,P2,28.51,28.58,23.0,1.0,705.0,1755.0,6801.0,49.0,31.0
94192.603101538,2026/09/03 15:41:12.427,P2,28.51,28.58,23.0,1.0,705.0,1755.0,6801.0,49.0,31.0
94192.703996292,2026/09/03 15:41:12.528,P2,28.59,28.52,25.0,1.0,705.0,1755.0,6801.0,49.0,31.0
94192.804959593,2026/09/03 15:41:12.629,P2,28.59,28.52,25.0,1.0,705.0,1755.0,6801.0,49.0,31.0
94192.905741364,2026/09/03 15:41:12.730,P2,28.59,28.52,25.0,1.0,705.0,1755.0,6801.0,49.0,31.0
94193.006594748,2026/09/03 15:41:12.830,P2,28.59,28.52,25.0,1.0,705.0,1755.0,6801.0,49.0,31.0
94193.107633623,2026/09/03 15:41:12.931,P2,28.59,28.52,25.0,1.0,705.0,1755.0,6801.0,49.0,31.0
94193.208245373,2026/09/03 15:41:13.032,P2,28.44,28.52,25.0,1.0,705.0,1755.0,6801.0,49.0,31.0
94193.309395242,2026/09/03 15:41:13.133,P2,28.44,28.52,25.0,1.0,705.0,1755.0,6801.0,49.0,31.0
94193.409996113,2026/09/03 15:41:13.234,P2,28.44,28.52,25.0,1.0,705.0,1755.0,6801.0,49.0,31.0
94193.510987422,2026/09/03 15:41:13.335,P2,28.44,28.52,25.0,1.0,705.0,1755.0,6801.0,49.0,31.0
94193.611907596,2026/09/03 15:41:13.435,P2,28.44,28.52,25.0,1.0,705.0,1755.0,6801.0,49.0,31.0
94193.712741597,2026/09/03 15:41:13.536,P2,28.42,28.48,21.0,1.0,705.0,1755.0,6801.0,49.0,31.0
94193.813501306,2026/09/03 15:41:13.637,P2,28.42,28.48,21.0,1.0,705.0,1755.0,6801.0,49.0,31.0
94193.914592087,2026/09/03 15:41:13.738,P2,28.42,28.48,21.0,1.0,705.0,1755.0,6801.0,49.0,31.0
94194.015352922,2026/09/03 15:41:13.839,P2,28.42,28.48,21.0,1.0,705.0,1755.0,6801.0,49.0,31.0
94194.116451127,2026/09/03 15:41:13.940,P2,28.42,28.48,21.0,1.0,705.0,1755.0,6801.0,49.0,31.0
94194.217479021,2026/09/03 15:41:14.041,P2,28.53,28.46,21.0,1.0,705.0,1755.0,6801.0,49.0,31.0
94194.318352348,2026/09/03 15:41:14.142,P2,28.53,28.46,21.0,1.0,705.0,1755.0,6801.0,49.0,31.0
94194.4193156,2026/09/03 15:41:14.243,P2,28.53,28.46,21.0,1.0,705.0,1755.0,6801.0,49.0,31.0
94194.520048869,2026/09/03 15:41:14.344,P2,28.53,28.46,21.0,1.0,705.0,1755.0,6801.0,49.0,31.0
94194.620960878,2026/09/03 15:41:14.445,P2,28.53,28.46,21.0,1.0,705.0,1755.0,6801.0,49.0,31.0
94194.722030317,2026/09/03 15:41:14.546,P2,28.41,28.45,25.0,1.0,705.0,1755.0,6801.0,49.0,31.0
94194.82305225,2026/09/03 15:41:14.647,P2,28.41,28.45,25.0,1.0,705.0,1755.0,6801.0,49.0,31.0
94194.923931196,2026/09/03 15:41:14.748,P2,28.41,28.45,25.0,1.0,705.0,1755.0,6801.0,49.0,31.0
94195.024715898,2026/09/03 15:41:14.848,P2,28.41,28.45,25.0,1.0,705.0,1755.0,6801.0,49.0,31.0
94195.125569787,2026/09/03 15:41:14.949,P2,28.41,28.45,25.0,1.0,705.0,1755.0,6801.0,49.0,31.0
94195.226385276,2026/09/03 15:41:15.050,P2,28.42,28.42,25.0,1.0,705.0,1755.0,6801.0,49.0,31.0
94195.327278772,2026/09/03 15:41:15.151,P2,28.42,28.42,25.0,1.0,705.0,1755.0,6801.0,49.0,31.0
94195.42803091,2026/09/03 15:41:15.252,P2,28.42,28.42,25.0,1.0,705.0,1755.0,6801.0,49.0,31.0
94195.528958499,2026/09/03 15:41:15.353,P2,28.42,28.42,25.0,1.0,705.0,1755.0,6801.0,49.0,31.0
94195.629672173,2026/09/03 15:41:15.453,P2,28.42,28.42,25.0,1.0,705.0,1755.0,6801.0,49.0,31.0
94195.730469978,2026/09/03 15:41:15.554,P2,28.59,28.42,22.0,1.0,705.0,1755.0,6801.0,49.0,31.0
94195.831225427,2026/09/03 15:41:15.655,P2,28.59,28.42,22.0,1.0,705.0,1755.0,6801.0,49.0,31.0
94195.931955905,2026/09/03 15:41:15.756,P2,28.59,28.42,22.0,1.0,705.0,1755.0,6801.0,49.0,31.0
94196.032745196,2026/09/03 15:41:15.857,P2,28.59,28.42,22.0,1.0,705.0,1755.0,6801.0,49.0,31.0
94196.133593257,2026/09/03 15:41:15.957,P2,28.59,28.42,22.0,1.0,705.0,1755.0,6801.0,49.0,31.0
94196.234367821,2026/09/03 15:41:16.058,P2,28.51,28.43,22.0,1.0,705.0,1755.0,6801.0,49.0,31.0
94196.335162792,2026/09/03 15:41:16.159,P2,28.51,28.43,22.0,1.0,705.0,1755.0,6801.0,49.0,31.0
94196.435840384,2026/09/03 15:41:16.260,P2,28.51,28.43,22.0,1.0,705.0,1755.0,6801.0,49.0,31.0
94196.536642116,2026/09/03 15:41:16.361,P2,28.51,28.43,22.0,1.0,705.0,1755.0,6801.0,49.0,31.0
94196.637638754,2026/09/03 15:41:16.461,P2,28.51,28.43,22.0,1.0,705.0,1755.0,6801.0,49.0,31.0
94196.738462341,2026/09/03 15:41:16.562,P2,28.55,28.49,21.0,1.0,705.0,1755.0,6801.0,49.0,31.0
94196.839243616,2026/09/03 15:41:16.663,P2,28.55,28.49,21.0,1.0,705.0,1755.0,6801.0,49.0,31.0
94196.940134043,2026/09/03 15:41:16.764,P2,28.55,28.49,21.0,1.0,705.0,1755.0,6801.0,49.0,31.0
94197.041255131,2026/09/03 15:41:16.865,P2,28.55,28.49,21.0,1.0,705.0,1755.0,6801.0,49.0,31.0
94197.142506292,2026/09/03 15:41:16.966,P2,28.55,28.49,21.0,1.0,705.0,1755.0,6801.0,49.0,31.0
94197.24318815,2026/09/03 15:41:17.067,P2,28.39,28.51,21.0,1.0,705.0,1755.0,6801.0,49.0,31.0
94197.344300152,2026/09/03 15:41:17.168,P2,28.39,28.51,21.0,1.0,705.0,1755.0,6801.0,49.0,31.0
94197.445006046,2026/09/03 15:41:17.269,P2,28.39,28.51,21.0,1.0,705.0,1755.0,6801.0,49.0,31.0
94197.546160003,2026/09/03 15:41:17.370,P2,28.39,28.51,21.0,1.0,705.0,1755.0,6801.0,49.0,31.0
94197.646829927,2026/09/03 15:41:17.471,P2,28.39,28.51,21.0,1.0,705.0,1755.0,6801.0,49.0,31.0
94197.747725754,2026/09/03 15:41:17.571,P2,28.48,28.45,24.0,1.0,705.0,1755.0,6801.0,49.0,31.0
94197.848774623,2026/09/03 15:41:17.672,P2,28.48,28.45,24.0,1.0,705.0,1755.0,6801.0,49.0,31.0
94197.949640136,2026/09/03 15:41:17.773,P2,28.48,28.45,24.0,1.0,705.0,1755.0,6801.0,49.0,31.0
94198.050558294,2026/09/03 15:41:17.874,P2,28.48,28.45,24.0,1.0,705.0,1755.0,6801.0,49.0,31.0
94198.151624629,2026/09/03 15:41:17.975,P2,28.42,28.42,24.0,1.0,705.0,1755.0,6801.0,49.0,31.0
94198.252400417,2026/09/03 15:41:18.076,P2,28.42,28.42,24.0,1.0,705.0,1755.0,6801.0,49.0,31.0
94198.353428922,2026/09/03 15:41:18.177,P2,28.42,28.42,24.0,1.0,705.0,1755.0,6801.0,49.0,31.0
94198.454319103,2026/09/03 15:41:18.278,P2,28.42,28.42,24.0,1.0,705.0,1755.0,6801.0,49.0,31.0
94198.555183275,2026/09/03 15:41:18.379,P2,28.42,28.42,24.0,1.0,705.0,1755.0,6801.0,49.0,31.0
94198.655968635,2026/09/03 15:41:18.480,P2,28.62,28.49,23.0,1.0,705.0,1755.0,6801.0,49.0,31.0
94198.756964706,2026/09/03 15:41:18.581,P2,28.62,28.49,23.0,1.0,705.0,1755.0,6801.0,49.0,31.0
94198.857652662,2026/09/03 15:41:18.681,P2,28.62,28.49,23.0,1.0,705.0,1755.0,6801.0,49.0,31.0
94198.958600921,2026/09/03 15:41:18.782,P2,28.62,28.49,23.0,1.0,705.0,1755.0,6801.0,49.0,31.0
94199.059632244,2026/09/03 15:41:18.883,P2,28.62,28.49,23.0,1.0,705.0,1755.0,6801.0,49.0,31.0
94199.161189789,2026/09/03 15:41:18.984,P2,28.48,28.5,23.0,1.0,705.0,1755.0,6801.0,49.0,31.0
94199.26219232,2026/09/03 15:41:19.086,P2,28.48,28.5,23.0,1.0,705.0,1755.0,6801.0,49.0,31.0
94199.362999106,2026/09/03 15:41:19.187,P2,28.48,28.5,23.0,1.0,705.0,1755.0,6801.0,49.0,31.0
94199.464254248,2026/09/03 15:41:19.288,P2,28.48,28.5,23.0,1.0,705.0,1755.0,6801.0,49.0,31.0
94199.565164241,2026/09/03 15:41:19.389,P2,28.48,28.5,23.0,1.0,705.0,1755.0,6801.0,49.0,31.0
94199.666061655,2026/09/03 15:41:19.490,P2,28.6,28.51,22.0,1.0,705.0,1755.0,6801.0,49.0,31.0
94199.767246267,2026/09/03 15:41:19.591,P2,28.6,28.51,22.0,1.0,705.0,1755.0,6801.0,49.0,31.0
94199.867915367,2026/09/03 15:41:19.692,P2,28.6,28.51,22.0,1.0,705.0,1755.0,6801.0,49.0,31.0
94199.968913346,2026/09/03 15:41:19.793,P2,28.6,28.51,22.0,1.0,705.0,1755.0,6801.0,49.0,31.0
94200.069797973,2026/09/03 15:41:19.894,P2,28.6,28.51,22.0,1.0,705.0,1755.0,6801.0,49.0,31.0
94200.170831649,2026/09/03 15:41:19.994,P2,28.55,28.53,22.0,1.0,705.0,1755.0,6801.0,49.0,31.0
94200.271670706,2026/09/03 15:41:20.095,P2,28.55,28.53,22.0,1.0,705.0,1755.0,6801.0,49.0,31.0
94200.372524215,2026/09/03 15:41:20.196,P2,28.55,28.53,22.0,1.0,705.0,1755.0,6801.0,49.0,31.0
94200.4734951,2026/09/03 15:41:20.297,P2,28.55,28.53,22.0,1.0,705.0,1755.0,6801.0,49.0,31.0
94200.574300527,2026/09/03 15:41:20.398,P2,28.55,28.53,22.0,1.0,705.0,1755.0,6801.0,49.0,31.0
94200.675645819,2026/09/03 15:41:20.499,P2,28.59,28.56,25.0,1.0,705.0,1755.0,6801.0,49.0,31.0
94200.776019878,2026/09/03 15:41:20.600,P2,28.59,28.56,25.0,1.0,705.0,1755.0,6801.0,49.0,31.0
94200.876893824,2026/09/03 15:41:20.701,P2,28.59,28.56,25.0,1.0,705.0,1755.0,6801.0,49.0,31.0
94200.978114933,2026/09/03 15:41:20.802,P2,28.59,28.56,25.0,1.0,705.0,1755.0,6801.0,49.0,31.0
94201.078762523,2026/09/03 15:41:20.903,P2,28.59,28.56,25.0,1.0,705.0,1755.0,6801.0,49.0,31.0
94201.180092873,2026/09/03 15:41:21.004,P2,28.54,28.57,25.0,1.0,705.0,1755.0,6801.0,49.0,31.0
94201.281133733,2026/09/03 15:41:21.105,P2,28.54,28.57,25.0,1.0,705.0,1755.0,6801.0,49.0,31.0
94201.381770451,2026/09/03 15:41:21.206,P2,28.54,28.57,25.0,1.0,705.0,1755.0,6801.0,49.0,31.0
94201.482765548,2026/09/03 15:41:21.306,P2,28.54,28.57,25.0,1.0,705.0,1755.0,6801.0,49.0,31.0
94201.583478492,2026/09/03 15:41:21.407,P2,28.54,28.57,25.0,1.0,705.0,1755.0,6801.0,49.0,31.0
94201.68445952,2026/09/03 15:41:21.508,P2,28.49,28.53,22.0,1.0,705.0,1755.0,6801.0,49.0,31.0
94201.785249482,2026/09/03 15:41:21.609,P2,28.49,28.53,22.0,1.0,705.0,1755.0,6801.0,49.0,31.0
94201.886089375,2026/09/03 15:41:21.710,P2,28.49,28.53,22.0,1.0,705.0,1755.0,6801.0,49.0,31.0
94201.9868121,2026/09/03 15:41:21.810,P2,28.49,28.53,22.0,1.0,705.0,1755.0,6801.0,49.0,31.0
94202.087502635,2026/09/03 15:41:21.911,P2,28.49,28.53,22.0,1.0,705.0,1755.0,6801.0,49.0,31.0
94202.188569675,2026/09/03 15:41:22.012,P2,28.65,28.51,22.0,1.0,705.0,1755.0,6801.0,49.0,31.0
94202.28945113,2026/09/03 15:41:22.113,P2,28.65,28.51,22.0,1.0,705.0,1755.0,6801.0,49.0,31.0
94202.390228935,2026/09/03 15:41:22.214,P2,28.65,28.51,22.0,1.0,705.0,1755.0,6801.0,49.0,31.0
94202.491199864,2026/09/03 15:41:22.315,P2,28.65,28.51,22.0,1.0,705.0,1755.0,6801.0,49.0,31.0
94202.592124076,2026/09/03 15:41:22.416,P2,28.65,28.51,22.0,1.0,705.0,1755.0,6801.0,49.0,31.0
94202.692979161,2026/09/03 15:41:22.517,P2,28.4,28.6,22.0,1.0,705.0,1755.0,6801.0,49.0,31.0
94202.793828066,2026/09/03 15:41:22.618,P2,28.4,28.6,22.0,1.0,705.0,1755.0,6801.0,49.0,31.0
94202.894696427,2026/09/03 15:41:22.718,P2,28.4,28.6,22.0,1.0,705.0,1755.0,6801.0,49.0,31.0
94202.995708866,2026/09/03 15:41:22.819,P2,28.4,28.6,22.0,1.0,705.0,1755.0,6801.0,49.0,31.0
94203.096339067,2026/09/03 15:41:22.920,P2,28.4,28.6,22.0,1.0,705.0,1755.0,6801.0,49.0,31.0
94203.197629257,2026/09/03 15:41:23.021,P2,28.38,28.57,22.0,1.0,705.0,1755.0,6801.0,49.0,31.0
94203.298473559,2026/09/03 15:41:23.122,P2,28.38,28.57,22.0,1.0,705.0,1755.0,6801.0,49.0,31.0
94203.399388151,2026/09/03 15:41:23.223,P2,28.38,28.57,22.0,1.0,705.0,1755.0,6801.0,49.0,31.0
94203.500187149,2026/09/03 15:41:23.324,P2,28.38,28.57,22.0,1.0,705.0,1755.0,6801.0,49.0,31.0
94203.600957755,2026/09/03 15:41:23.425,P2,28.38,28.57,22.0,1.0,705.0,1755.0,6801.0,49.0,31.0
94203.701977115,2026/09/03 15:41:23.526,P2,28.45,28.43,23.0,1.0,705.0,1755.0,6801.0,49.0,31.0
94203.802748,2026/09/03 15:41:23.627,P2,28.45,28.43,23.0,1.0,705.0,1755.0,6801.0,49.0,31.0
94203.903626021,2026/09/03 15:41:23.727,P2,28.45,28.43,23.0,1.0,705.0,1755.0,6801.0,49.0,31.0
94204.004649134,2026/09/03 15:41:23.828,P2,28.45,28.43,23.0,1.0,705.0,1755.0,6801.0,49.0,31.0
94204.105435151,2026/09/03 15:41:23.929,P2,28.45,28.43,23.0,1.0,705.0,1755.0,6801.0,49.0,31.0
94204.206571519,2026/09/03 15:41:24.030,P2,28.48,28.43,23.0,1.0,705.0,1755.0,6801.0,49.0,31.0
94204.307311483,2026/09/03 15:41:24.131,P2,28.48,28.43,23.0,1.0,705.0,1755.0,6801.0,49.0,31.0
94204.408232391,2026/09/03 15:41:24.232,P2,28.48,28.43,23.0,1.0,705.0,1755.0,6801.0,49.0,31.0
94204.509043811,2026/09/03 15:41:24.333,P2,28.48,28.43,23.0,1.0,705.0,1755.0,6801.0,49.0,31.0
94204.609982539,2026/09/03 15:41:24.434,P2,28.48,28.43,23.0,1.0,705.0,1755.0,6801.0,49.0,31.0
94204.710858381,2026/09/03 15:41:24.535,P2,28.42,28.46,23.0,1.0,705.0,1755.0,6801.0,49.0,31.0
94204.811808826,2026/09/03 15:41:24.636,P2,28.42,28.46,23.0,1.0,705.0,1755.0,6801.0,49.0,31.0
94204.912787817,2026/09/03 15:41:24.736,P2,28.42,28.46,23.0,1.0,705.0,1755.0,6801.0,49.0,31.0
94205.013777383,2026/09/03 15:41:24.837,P2,28.42,28.46,23.0,1.0,705.0,1755.0,6801.0,49.0,31.0
94205.114512969,2026/09/03 15:41:24.938,P2,28.42,28.46,23.0,1.0,705.0,1755.0,6801.0,49.0,31.0
94205.215460986,2026/09/03 15:41:25.039,P2,28.44,28.48,23.0,1.0,705.0,1755.0,6801.0,49.0,31.0
94205.316584176,2026/09/03 15:41:25.140,P2,28.44,28.48,23.0,1.0,705.0,1755.0,6801.0,49.0,31.0
94205.417482026,2026/09/03 15:41:25.241,P2,28.44,28.48,23.0,1.0,705.0,1755.0,6801.0,49.0,31.0
94205.518390992,2026/09/03 15:41:25.342,P2,28.44,28.48,23.0,1.0,705.0,1755.0,6801.0,49.0,31.0
94205.619284964,2026/09/03 15:41:25.443,P2,28.44,28.48,23.0,1.0,705.0,1755.0,6801.0,49.0,31.0
94205.720465725,2026/09/03 15:41:25.544,P2,28.8,28.53,22.0,1.0,705.0,1755.0,6801.0,49.0,31.0
94205.82119249,2026/09/03 15:41:25.645,P2,28.8,28.53,22.0,1.0,705.0,1755.0,6801.0,49.0,31.0
94205.922207513,2026/09/03 15:41:25.746,P2,28.8,28.53,22.0,1.0,705.0,1755.0,6801.0,49.0,31.0
94206.023046296,2026/09/03 15:41:25.847,P2,28.8,28.53,22.0,1.0,705.0,1755.0,6801.0,49.0,31.0
94206.123751776,2026/09/03 15:41:25.948,P2,28.8,28.53,22.0,1.0,705.0,1755.0,6801.0,49.0,31.0
94206.22466179,2026/09/03 15:41:26.048,P2,28.68,28.63,22.0,1.0,705.0,1755.0,6801.0,49.0,31.0
94206.325586051,2026/09/03 15:41:26.149,P2,28.68,28.63,22.0,1.0,705.0,1755.0,6801.0,49.0,31.0
94206.426366289,2026/09/03 15:41:26.250,P2,28.68,28.63,22.0,1.0,705.0,1755.0,6801.0,49.0,31.0
94206.527383195,2026/09/03 15:41:26.351,P2,28.68,28.63,22.0,1.0,705.0,1755.0,6801.0,49.0,31.0
94206.627944234,2026/09/03 15:41:26.452,P2,28.68,28.63,22.0,1.0,705.0,1755.0,6801.0,49.0,31.0
94206.729116678,2026/09/03 15:41:26.553,P2,28.59,28.65,15.0,1.0,705.0,1755.0,6801.0,49.0,31.0
94206.829786409,2026/09/03 15:41:26.654,P2,28.59,28.65,15.0,1.0,705.0,1755.0,6801.0,49.0,31.0
94206.93092437,2026/09/03 15:41:26.754,P2,28.59,28.65,15.0,1.0,705.0,1755.0,6801.0,49.0,31.0
94207.031534621,2026/09/03 15:41:26.855,P2,28.59,28.65,15.0,1.0,705.0,1755.0,6801.0,49.0,31.0
94207.132170128,2026/09/03 15:41:26.956,P2,28.59,28.65,15.0,1.0,705.0,1755.0,6801.0,49.0,31.0
94207.233045833,2026/09/03 15:41:27.057,P2,28.55,28.58,15.0,1.0,705.0,1755.0,6801.0,49.0,31.0
94207.334093369,2026/09/03 15:41:27.158,P2,28.55,28.58,15.0,1.0,705.0,1755.0,6801.0,49.0,31.0
94207.434629091,2026/09/03 15:41:27.258,P2,28.55,28.58,15.0,1.0,705.0,1755.0,6801.0,49.0,31.0
94207.535625592,2026/09/03 15:41:27.359,P2,28.55,28.58,15.0,1.0,705.0,1755.0,6801.0,49.0,31.0
94207.636241037,2026/09/03 15:41:27.460,P2,28.55,28.58,15.0,1.0,705.0,1755.0,6801.0,49.0,31.0
94207.737420817,2026/09/03 15:41:27.561,P2,28.47,28.58,23.0,1.0,705.0,1755.0,6801.0,50.0,31.0
94207.838164756,2026/09/03 15:41:27.662,P2,28.47,28.58,23.0,1.0,705.0,1755.0,6801.0,50.0,31.0
94207.939115665,2026/09/03 15:41:27.763,P2,28.47,28.58,23.0,1.0,705.0,1755.0,6801.0,50.0,31.0
94208.039849351,2026/09/03 15:41:27.864,P2,28.47,28.58,23.0,1.0,705.0,1755.0,6801.0,50.0,31.0
94208.140677419,2026/09/03 15:41:27.964,P2,28.47,28.58,23.0,1.0,705.0,1755.0,6801.0,50.0,31.0
94208.241585818,2026/09/03 15:41:28.065,P2,28.61,28.65,23.0,1.0,705.0,1755.0,6801.0,49.0,31.0
94208.342473765,2026/09/03 15:41:28.166,P2,28.61,28.65,23.0,1.0,705.0,1755.0,6801.0,49.0,31.0
94208.443260111,2026/09/03 15:41:28.267,P2,28.61,28.65,23.0,1.0,705.0,1755.0,6801.0,49.0,31.0
94208.544081012,2026/09/03 15:41:28.368,P2,28.61,28.65,23.0,1.0,705.0,1755.0,6801.0,49.0,31.0
94208.645230424,2026/09/03 15:41:28.469,P2,28.61,28.65,23.0,1.0,705.0,1755.0,6801.0,49.0,31.0
94208.746057102,2026/09/03 15:41:28.570,P2,28.6,28.68,23.0,1.0,705.0,1755.0,6801.0,49.0,31.0
94208.847211235,2026/09/03 15:41:28.670,P2,28.6,28.68,23.0,1.0,705.0,1755.0,6801.0,49.0,31.0
94208.94744976,2026/09/03 15:41:28.771,P2,28.6,28.68,23.0,1.0,705.0,1755.0,6801.0,49.0,31.0
94209.048339458,2026/09/03 15:41:28.872,P2,28.6,28.68,23.0,1.0,705.0,1755.0,6801.0,49.0,31.0
94209.149281458,2026/09/03 15:41:28.973,P2,28.6,28.68,23.0,1.0,705.0,1755.0,6801.0,49.0,31.0
94209.250117846,2026/09/03 15:41:29.074,P2,28.73,28.65,23.0,1.0,705.0,1755.0,6801.0,50.0,31.0
94209.350954024,2026/09/03 15:41:29.175,P2,28.73,28.65,23.0,1.0,705.0,1755.0,6801.0,50.0,31.0
94209.451968176,2026/09/03 15:41:29.276,P2,28.73,28.65,23.0,1.0,705.0,1755.0,6801.0,50.0,31.0
94209.552777777,2026/09/03 15:41:29.376,P2,28.73,28.65,23.0,1.0,705.0,1755.0,6801.0,50.0,31.0
94209.653805361,2026/09/03 15:41:29.477,P2,28.53,28.58,15.0,1.0,705.0,1755.0,6801.0,49.0,31.0
94209.754806607,2026/09/03 15:41:29.578,P2,28.53,28.58,15.0,1.0,705.0,1755.0,6801.0,49.0,31.0
94209.855780345,2026/09/03 15:41:29.679,P2,28.53,28.58,15.0,1.0,705.0,1755.0,6801.0,49.0,31.0
94209.956563656,2026/09/03 15:41:29.780,P2,28.53,28.58,15.0,1.0,705.0,1755.0,6801.0,49.0,31.0
94210.057887383,2026/09/03 15:41:29.881,P2,28.53,28.58,15.0,1.0,705.0,1755.0,6801.0,49.0,31.0
94210.158689062,2026/09/03 15:41:29.982,P2,28.57,28.56,15.0,1.0,705.0,1755.0,6801.0,49.0,31.0
94210.259721142,2026/09/03 15:41:30.083,P2,28.57,28.56,15.0,1.0,705.0,1755.0,6801.0,49.0,31.0
94210.360956458,2026/09/03 15:41:30.184,P2,28.57,28.56,15.0,1.0,705.0,1755.0,6801.0,49.0,31.0
94210.461615696,2026/09/03 15:41:30.285,P2,28.57,28.56,15.0,1.0,705.0,1755.0,6801.0,49.0,31.0
94210.562503354,2026/09/03 15:41:30.386,P2,28.57,28.56,15.0,1.0,705.0,1755.0,6801.0,49.0,31.0
94210.663626676,2026/09/03 15:41:30.487,P2,28.51,28.55,15.0,1.0,705.0,1755.0,6801.0,50.0,31.0
94210.764332216,2026/09/03 15:41:30.588,P2,28.51,28.55,15.0,1.0,705.0,1755.0,6801.0,50.0,31.0
94210.86515976,2026/09/03 15:41:30.689,P2,28.51,28.55,15.0,1.0,705.0,1755.0,6801.0,50.0,31.0
94210.965925493,2026/09/03 15:41:30.790,P2,28.51,28.55,15.0,1.0,705.0,1755.0,6801.0,50.0,31.0
94211.06680116,2026/09/03 15:41:30.891,P2,28.51,28.55,15.0,1.0,705.0,1755.0,6801.0,50.0,31.0
94211.16786473,2026/09/03 15:41:30.991,P2,28.37,28.51,15.0,1.0,705.0,1755.0,6801.0,49.0,31.0
94211.268786258,2026/09/03 15:41:31.092,P2,28.37,28.51,15.0,1.0,705.0,1755.0,6801.0,49.0,31.0
94211.369774355,2026/09/03 15:41:31.193,P2,28.37,28.51,15.0,1.0,705.0,1755.0,6801.0,49.0,31.0
94211.470485072,2026/09/03 15:41:31.294,P2,28.37,28.51,15.0,1.0,705.0,1755.0,6801.0,49.0,31.0
94211.571432547,2026/09/03 15:41:31.395,P2,28.37,28.51,15.0,1.0,705.0,1755.0,6801.0,49.0,31.0
94211.672246218,2026/09/03 15:41:31.496,P2,28.39,28.45,22.0,1.0,705.0,1755.0,6801.0,50.0,31.0
94211.77311832,2026/09/03 15:41:31.597,P2,28.39,28.45,22.0,1.0,705.0,1755.0,6801.0,50.0,31.0
94211.874249823,2026/09/03 15:41:31.698,P2,28.39,28.45,22.0,1.0,705.0,1755.0,6801.0,50.0,31.0
94211.975292552,2026/09/03 15:41:31.799,P2,28.39,28.45,22.0,1.0,705.0,1755.0,6801.0,50.0,31.0
94212.076225718,2026/09/03 15:41:31.900,P2,28.39,28.45,22.0,1.0,705.0,1755.0,6801.0,50.0,31.0
94212.177317207,2026/09/03 15:41:32.001,P2,28.72,28.46,22.0,1.0,705.0,1755.0,6801.0,50.0,31.0
94212.27802574,2026/09/03 15:41:32.102,P2,28.72,28.46,22.0,1.0,705.0,1755.0,6801.0,50.0,31.0
94212.379056457,2026/09/03 15:41:32.203,P2,28.72,28.46,22.0,1.0,705.0,1755.0,6801.0,50.0,31.0
94212.479849387,2026/09/03 15:41:32.304,P2,28.72,28.46,22.0,1.0,705.0,1755.0,6801.0,50.0,31.0
94212.580727811,2026/09/03 15:41:32.405,P2,28.72,28.46,22.0,1.0,705.0,1755.0,6801.0,50.0,31.0
94212.681834513,2026/09/03 15:41:32.505,P2,28.41,28.5,23.0,1.0,705.0,1755.0,6801.0,50.0,31.0
94212.782563785,2026/09/03 15:41:32.606,P2,28.41,28.5,23.0,1.0,705.0,1755.0,6801.0,50.0,31.0
94212.88360487,2026/09/03 15:41:32.707,P2,28.41,28.5,23.0,1.0,705.0,1755.0,6801.0,50.0,31.0
94212.984445169,2026/09/03 15:41:32.808,P2,28.41,28.5,23.0,1.0,705.0,1755.0,6801.0,50.0,31.0
94213.085459281,2026/09/03 15:41:32.909,P2,28.41,28.5,23.0,1.0,705.0,1755.0,6801.0,50.0,31.0
94213.18619055,2026/09/03 15:41:33.010,P2,28.51,28.54,23.0,1.0,705.0,1755.0,6801.0,50.0,31.0
94213.287076131,2026/09/03 15:41:33.111,P2,28.51,28.54,23.0,1.0,705.0,1755.0,6801.0,50.0,31.0
94213.388010515,2026/09/03 15:41:33.212,P2,28.51,28.54,23.0,1.0,705.0,1755.0,6801.0,50.0,31.0
94213.488730059,2026/09/03 15:41:33.313,P2,28.51,28.54,23.0,1.0,705.0,1755.0,6801.0,50.0,31.0
94213.59025419,2026/09/03 15:41:33.413,P2,28.51,28.54,23.0,1.0,705.0,1755.0,6801.0,50.0,31.0
94213.690426038,2026/09/03 15:41:33.514,P2,28.45,28.52,16.0,1.0,705.0,1755.0,6801.0,50.0,31.0
94213.791472556,2026/09/03 15:41:33.615,P2,28.45,28.52,16.0,1.0,705.0,1755.0,6801.0,50.0,31.0
94213.892124286,2026/09/03 15:41:33.716,P2,28.45,28.52,16.0,1.0,705.0,1755.0,6801.0,50.0,31.0
94213.993008642,2026/09/03 15:41:33.817,P2,28.45,28.52,16.0,1.0,705.0,1755.0,6801.0,50.0,31.0
94214.093973816,2026/09/03 15:41:33.918,P2,28.45,28.52,16.0,1.0,705.0,1755.0,6801.0,50.0,31.0
94214.194996543,2026/09/03 15:41:34.019,P2,28.64,28.55,16.0,1.0,705.0,1755.0,6801.0,50.0,31.0
94214.296128204,2026/09/03 15:41:34.120,P2,28.64,28.55,16.0,1.0,705.0,1755.0,6801.0,50.0,31.0
94214.396871894,2026/09/03 15:41:34.221,P2,28.64,28.55,16.0,1.0,705.0,1755.0,6801.0,50.0,31.0
94214.497719267,2026/09/03 15:41:34.322,P2,28.64,28.55,16.0,1.0,705.0,1755.0,6801.0,50.0,31.0
94214.598582913,2026/09/03 15:41:34.422,P2,28.64,28.55,16.0,1.0,705.0,1755.0,6801.0,50.0,31.0
94214.699506068,2026/09/03 15:41:34.523,P2,28.56,28.59,21.0,1.0,705.0,1755.0,6801.0,50.0,31.0
94214.800361165,2026/09/03 15:41:34.624,P2,28.56,28.59,21.0,1.0,705.0,1755.0,6801.0,50.0,31.0
94214.901153913,2026/09/03 15:41:34.725,P2,28.56,28.59,21.0,1.0,705.0,1755.0,6801.0,50.0,31.0
94215.002030792,2026/09/03 15:41:34.826,P2,28.56,28.59,21.0,1.0,705.0,1755.0,6801.0,50.0,31.0
94215.102752508,2026/09/03 15:41:34.927,P2,28.56,28.59,21.0,1.0,705.0,1755.0,6801.0,50.0,31.0
94215.203757084,2026/09/03 15:41:35.027,P2,28.56,28.63,21.0,1.0,705.0,1755.0,6801.0,50.0,31.0
94215.304492974,2026/09/03 15:41:35.128,P2,28.56,28.63,21.0,1.0,705.0,1755.0,6801.0,50.0,31.0
94215.405325817,2026/09/03 15:41:35.229,P2,28.56,28.63,21.0,1.0,705.0,1755.0,6801.0,50.0,31.0
94215.5063175,2026/09/03 15:41:35.330,P2,28.56,28.63,21.0,1.0,705.0,1755.0,6801.0,50.0,31.0
94215.606969427,2026/09/03 15:41:35.431,P2,28.56,28.63,21.0,1.0,705.0,1755.0,6801.0,50.0,31.0
94215.707832996,2026/09/03 15:41:35.532,P2,28.69,28.6,20.0,1.0,705.0,1755.0,6801.0,50.0,31.0
94215.808698064,2026/09/03 15:41:35.632,P2,28.69,28.6,20.0,1.0,705.0,1755.0,6801.0,50.0,31.0
94215.909642891,2026/09/03 15:41:35.733,P2,28.69,28.6,20.0,1.0,705.0,1755.0,6801.0,50.0,31.0
94216.01042711,2026/09/03 15:41:35.834,P2,28.69,28.6,20.0,1.0,705.0,1755.0,6801.0,50.0,31.0
94216.111383767,2026/09/03 15:41:35.935,P2,28.69,28.6,20.0,1.0,705.0,1755.0,6801.0,50.0,31.0
94216.212090531,2026/09/03 15:41:36.036,P2,28.77,28.6,20.0,1.0,705.0,1755.0,6801.0,50.0,31.0
94216.312957113,2026/09/03 15:41:36.137,P2,28.77,28.6,20.0,1.0,705.0,1755.0,6801.0,50.0,31.0
94216.413782323,2026/09/03 15:41:36.237,P2,28.77,28.6,20.0,1.0,705.0,1755.0,6801.0,50.0,31.0
94216.514853657,2026/09/03 15:41:36.338,P2,28.77,28.6,20.0,1.0,705.0,1755.0,6801.0,50.0,31.0
94216.615796583,2026/09/03 15:41:36.439,P2,28.77,28.6,20.0,1.0,705.0,1755.0,6801.0,50.0,31.0
94216.716696416,2026/09/03 15:41:36.540,P2,28.59,28.66,24.0,1.0,705.0,1755.0,6801.0,50.0,31.0
94216.817382966,2026/09/03 15:41:36.641,P2,28.59,28.66,24.0,1.0,705.0,1755.0,6801.0,50.0,31.0
94216.918170299,2026/09/03 15:41:36.742,P2,28.59,28.66,24.0,1.0,705.0,1755.0,6801.0,50.0,31.0
94217.019005151,2026/09/03 15:41:36.843,P2,28.59,28.66,24.0,1.0,705.0,1755.0,6801.0,50.0,31.0
94217.119851324,2026/09/03 15:41:36.944,P2,28.59,28.66,24.0,1.0,705.0,1755.0,6801.0,50.0,31.0
94217.220764412,2026/09/03 15:41:37.044,P2,28.53,28.64,24.0,1.0,705.0,1755.0,6801.0,50.0,31.0
94217.321431414,2026/09/03 15:41:37.145,P2,28.53,28.64,24.0,1.0,705.0,1755.0,6801.0,50.0,31.0
94217.422381546,2026/09/03 15:41:37.246,P2,28.53,28.64,24.0,1.0,705.0,1755.0,6801.0,50.0,31.0
94217.523102685,2026/09/03 15:41:37.347,P2,28.53,28.64,24.0,1.0,705.0,1755.0,6801.0,50.0,31.0
94217.623699122,2026/09/03 15:41:37.448,P2,28.53,28.64,24.0,1.0,705.0,1755.0,6801.0,50.0,31.0
94217.724646458,2026/09/03 15:41:37.548,P2,28.42,28.53,22.0,1.0,705.0,1755.0,6801.0,50.0,31.0
94217.825850235,2026/09/03 15:41:37.649,P2,28.42,28.53,22.0,1.0,705.0,1755.0,6801.0,50.0,31.0
94217.926189783,2026/09/03 15:41:37.750,P2,28.42,28.53,22.0,1.0,705.0,1755.0,6801.0,50.0,31.0
94218.027029782,2026/09/03 15:41:37.851,P2,28.42,28.53,22.0,1.0,705.0,1755.0,6801.0,50.0,31.0
94218.127907999,2026/09/03 15:41:37.952,P2,28.42,28.53,22.0,1.0,705.0,1755.0,6801.0,50.0,31.0
94218.22886032,2026/09/03 15:41:38.053,P2,28.61,28.49,22.0,1.0,705.0,1755.0,6801.0,50.0,31.0
94218.32955493,2026/09/03 15:41:38.153,P2,28.61,28.49,22.0,1.0,705.0,1755.0,6801.0,50.0,31.0
94218.430274244,2026/09/03 15:41:38.254,P2,28.61,28.49,22.0,1.0,705.0,1755.0,6801.0,50.0,31.0
94218.531166194,2026/09/03 15:41:38.355,P2,28.61,28.49,22.0,1.0,705.0,1755.0,6801.0,50.0,31.0
94218.631888847,2026/09/03 15:41:38.456,P2,28.61,28.49,22.0,1.0,705.0,1755.0,6801.0,50.0,31.0
94218.732796479,2026/09/03 15:41:38.556,P2,28.5,28.53,24.0,1.0,705.0,1755.0,6801.0,50.0,31.0
94218.833805792,2026/09/03 15:41:38.657,P2,28.5,28.53,24.0,1.0,705.0,1755.0,6801.0,50.0,31.0
94218.934720918,2026/09/03 15:41:38.758,P2,28.5,28.53,24.0,1.0,705.0,1755.0,6801.0,50.0,31.0
94219.03551306,2026/09/03 15:41:38.859,P2,28.5,28.53,24.0,1.0,705.0,1755.0,6801.0,50.0,31.0
94219.136367705,2026/09/03 15:41:38.960,P2,28.5,28.53,24.0,1.0,705.0,1755.0,6801.0,50.0,31.0
94219.237298188,2026/09/03 15:41:39.061,P2,28.54,28.56,24.0,1.0,705.0,1755.0,6801.0,50.0,31.0
94219.338107424,2026/09/03 15:41:39.162,P2,28.54,28.56,24.0,1.0,705.0,1755.0,6801.0,50.0,31.0
94219.438791723,2026/09/03 15:41:39.263,P2,28.54,28.56,24.0,1.0,705.0,1755.0,6801.0,50.0,31.0
94219.539515305,2026/09/03 15:41:39.363,P2,28.54,28.56,24.0,1.0,705.0,1755.0,6801.0,50.0,31.0
94219.640515333,2026/09/03 15:41:39.464,P2,28.54,28.56,24.0,1.0,705.0,1755.0,6801.0,50.0,31.0
94219.741122735,2026/09/03 15:41:39.565,P2,28.6,28.51,20.0,1.0,705.0,1755.0,6801.0,50.0,31.0
94219.842166781,2026/09/03 15:41:39.666,P2,28.6,28.51,20.0,1.0,705.0,1755.0,6801.0,50.0,31.0
94219.942831805,2026/09/03 15:41:39.767,P2,28.6,28.51,20.0,1.0,705.0,1755.0,6801.0,50.0,31.0
94220.043813142,2026/09/03 15:41:39.867,P2,28.6,28.51,20.0,1.0,705.0,1755.0,6801.0,50.0,31.0
94220.144545951,2026/09/03 15:41:39.968,P2,28.6,28.51,20.0,1.0,705.0,1755.0,6801.0,50.0,31.0
94220.245451785,2026/09/03 15:41:40.069,P2,28.46,28.54,20.0,1.0,705.0,1755.0,6801.0,50.0,31.0
94220.346374581,2026/09/03 15:41:40.170,P2,28.46,28.54,20.0,1.0,705.0,1755.0,6801.0,50.0,31.0
94220.44727137,2026/09/03 15:41:40.271,P2,28.46,28.54,20.0,1.0,705.0,1755.0,6801.0,50.0,31.0
94220.548059908,2026/09/03 15:41:40.372,P2,28.46,28.54,20.0,1.0,705.0,1755.0,6801.0,50.0,31.0
94220.64901021,2026/09/03 15:41:40.473,P2,28.46,28.54,20.0,1.0,705.0,1755.0,6801.0,50.0,31.0
94220.749786457,2026/09/03 15:41:40.574,P2,28.52,28.56,21.0,1.0,705.0,1755.0,6801.0,50.0,31.0
94220.850647341,2026/09/03 15:41:40.674,P2,28.52,28.56,21.0,1.0,705.0,1755.0,6801.0,50.0,31.0
94220.951868736,2026/09/03 15:41:40.775,P2,28.52,28.56,21.0,1.0,705.0,1755.0,6801.0,50.0,31.0
94221.052940736,2026/09/03 15:41:40.876,P2,28.52,28.56,21.0,1.0,705.0,1755.0,6801.0,50.0,31.0
94221.153798169,2026/09/03 15:41:40.977,P2,28.42,28.48,21.0,1.0,705.0,1755.0,6801.0,50.0,31.0
94221.258313195,2026/09/03 15:41:41.079,P2,28.42,28.48,21.0,1.0,705.0,1755.0,6801.0,50.0,31.0
94221.359573444,2026/09/03 15:41:41.183,P2,28.42,28.48,21.0,1.0,705.0,1755.0,6801.0,50.0,31.0
94221.459941919,2026/09/03 15:41:41.284,P2,28.42,28.48,21.0,1.0,705.0,1755.0,6801.0,50.0,31.0
94221.560719163,2026/09/03 15:41:41.385,P2,28.42,28.48,21.0,1.0,705.0,1755.0,6801.0,50.0,31.0
94221.661667921,2026/09/03 15:41:41.485,P2,28.43,28.43,23.0,1.0,705.0,1755.0,6801.0,50.0,31.0
94221.762757878,2026/09/03 15:41:41.586,P2,28.43,28.43,23.0,1.0,705.0,1755.0,6801.0,50.0,31.0
94221.863302373,2026/09/03 15:41:41.687,P2,28.43,28.43,23.0,1.0,705.0,1755.0,6801.0,50.0,31.0
94221.964333684,2026/09/03 15:41:41.788,P2,28.43,28.43,23.0,1.0,705.0,1755.0,6801.0,50.0,31.0
94222.065265926,2026/09/03 15:41:41.889,P2,28.43,28.43,23.0,1.0,705.0,1755.0,6801.0,50.0,31.0
94222.166206596,2026/09/03 15:41:41.990,P2,28.5,28.49,23.0,1.0,705.0,1755.0,6801.0,50.0,31.0
94222.26706204,2026/09/03 15:41:42.091,P2,28.5,28.49,23.0,1.0,705.0,1755.0,6801.0,50.0,31.0
94222.367854406,2026/09/03 15:41:42.192,P2,28.5,28.49,23.0,1.0,705.0,1755.0,6801.0,50.0,31.0
94222.469164134,2026/09/03 15:41:42.293,P2,28.5,28.49,23.0,1.0,705.0,1755.0,6801.0,50.0,31.0
94222.569822545,2026/09/03 15:41:42.393,P2,28.5,28.49,23.0,1.0,705.0,1755.0,6801.0,50.0,31.0
94222.670687231,2026/09/03 15:41:42.494,P2,28.44,28.51,25.0,1.0,705.0,1755.0,6801.0,50.0,31.0
94222.771478021,2026/09/03 15:41:42.595,P2,28.44,28.51,25.0,1.0,705.0,1755.0,6801.0,50.0,31.0
94222.872443048,2026/09/03 15:41:42.696,P2,28.44,28.51,25.0,1.0,705.0,1755.0,6801.0,50.0,31.0
94222.973375806,2026/09/03 15:41:42.797,P2,28.44,28.51,25.0,1.0,705.0,1755.0,6801.0,50.0,31.0
94223.07439328,2026/09/03 15:41:42.898,P2,28.44,28.51,25.0,1.0,705.0,1755.0,6801.0,50.0,31.0
94223.17528527,2026/09/03 15:41:42.999,P2,28.43,28.47,25.0,1.0,705.0,1755.0,6801.0,50.0,31.0
94223.275876173,2026/09/03 15:41:43.100,P2,28.43,28.47,25.0,1.0,705.0,1755.0,6801.0,50.0,31.0
94223.376631308,2026/09/03 15:41:43.200,P2,28.43,28.47,25.0,1.0,705.0,1755.0,6801.0,50.0,31.0
94223.477479731,2026/09/03 15:41:43.301,P2,28.43,28.47,25.0,1.0,705.0,1755.0,6801.0,50.0,31.0
94223.57834686,2026/09/03 15:41:43.402,P2,28.43,28.47,25.0,1.0,705.0,1755.0,6801.0,50.0,31.0
94223.67929705,2026/09/03 15:41:43.503,P2,28.43,28.46,24.0,1.0,705.0,1755.0,6801.0,50.0,31.0
94223.780167712,2026/09/03 15:41:43.604,P2,28.43,28.46,24.0,1.0,705.0,1755.0,6801.0,50.0,31.0
94223.881087207,2026/09/03 15:41:43.705,P2,28.43,28.46,24.0,1.0,705.0,1755.0,6801.0,50.0,31.0
94223.981896552,2026/09/03 15:41:43.806,P2,28.43,28.46,24.0,1.0,705.0,1755.0,6801.0,50.0,31.0
94224.082710045,2026/09/03 15:41:43.906,P2,28.43,28.46,24.0,1.0,705.0,1755.0,6801.0,50.0,31.0
94224.183347781,2026/09/03 15:41:44.007,P2,28.4,28.44,24.0,1.0,705.0,1755.0,6801.0,50.0,31.0
94224.284189881,2026/09/03 15:41:44.108,P2,28.4,28.44,24.0,1.0,705.0,1755.0,6801.0,50.0,31.0
94224.385193906,2026/09/03 15:41:44.209,P2,28.4,28.44,24.0,1.0,705.0,1755.0,6801.0,50.0,31.0
94224.485949773,2026/09/03 15:41:44.310,P2,28.4,28.44,24.0,1.0,705.0,1755.0,6801.0,50.0,31.0
94224.586835202,2026/09/03 15:41:44.410,P2,28.4,28.44,24.0,1.0,705.0,1755.0,6801.0,50.0,31.0
94224.687535821,2026/09/03 15:41:44.511,P2,28.52,28.46,22.0,1.0,705.0,1755.0,6801.0,50.0,31.0
94224.788302263,2026/09/03 15:41:44.612,P2,28.52,28.46,22.0,1.0,705.0,1755.0,6801.0,50.0,31.0
94224.889107436,2026/09/03 15:41:44.713,P2,28.52,28.46,22.0,1.0,705.0,1755.0,6801.0,50.0,31.0
94224.990354636,2026/09/03 15:41:44.814,P2,28.52,28.46,22.0,1.0,705.0,1755.0,6801.0,50.0,31.0
94225.091211702,2026/09/03 15:41:44.915,P2,28.52,28.46,22.0,1.0,705.0,1755.0,6801.0,50.0,31.0
94225.192106668,2026/09/03 15:41:45.016,P2,28.37,28.43,22.0,1.0,705.0,1755.0,6801.0,50.0,31.0
94225.293029849,2026/09/03 15:41:45.117,P2,28.37,28.43,22.0,1.0,705.0,1755.0,6801.0,50.0,31.0
94225.393872265,2026/09/03 15:41:45.218,P2,28.37,28.43,22.0,1.0,705.0,1755.0,6801.0,50.0,31.0
94225.494652187,2026/09/03 15:41:45.318,P2,28.37,28.43,22.0,1.0,705.0,1755.0,6801.0,50.0,31.0
94225.595461048,2026/09/03 15:41:45.419,P2,28.37,28.43,22.0,1.0,705.0,1755.0,6801.0,50.0,31.0
94225.696376904,2026/09/03 15:41:45.520,P2,28.33,28.38,24.0,1.0,705.0,1755.0,6801.0,50.0,31.0
94225.797134305,2026/09/03 15:41:45.621,P2,28.33,28.38,24.0,1.0,705.0,1755.0,6801.0,50.0,31.0
94225.897963983,2026/09/03 15:41:45.722,P2,28.33,28.38,24.0,1.0,705.0,1755.0,6801.0,50.0,31.0
94225.998938416,2026/09/03 15:41:45.823,P2,28.33,28.38,24.0,1.0,705.0,1755.0,6801.0,50.0,31.0
94226.099721129,2026/09/03 15:41:45.924,P2,28.33,28.38,24.0,1.0,705.0,1755.0,6801.0,50.0,31.0
94226.200753621,2026/09/03 15:41:46.024,P2,28.49,28.43,24.0,1.0,705.0,1755.0,6801.0,50.0,31.0
94226.301350788,2026/09/03 15:41:46.125,P2,28.49,28.43,24.0,1.0,705.0,1755.0,6801.0,50.0,31.0
94226.40230892,2026/09/03 15:41:46.226,P2,28.49,28.43,24.0,1.0,705.0,1755.0,6801.0,50.0,31.0
94226.503188255,2026/09/03 15:41:46.327,P2,28.49,28.43,24.0,1.0,705.0,1755.0,6801.0,50.0,31.0
94226.604104478,2026/09/03 15:41:46.428,P2,28.49,28.43,24.0,1.0,705.0,1755.0,6801.0,50.0,31.0
94226.704937596,2026/09/03 15:41:46.529,P2,28.43,28.45,20.0,1.0,705.0,1755.0,6801.0,50.0,31.0
94226.805872634,2026/09/03 15:41:46.630,P2,28.43,28.45,20.0,1.0,705.0,1755.0,6801.0,50.0,31.0
94226.906844226,2026/09/03 15:41:46.730,P2,28.43,28.45,20.0,1.0,705.0,1755.0,6801.0,50.0,31.0
94227.007509543,2026/09/03 15:41:46.831,P2,28.43,28.45,20.0,1.0,705.0,1755.0,6801.0,50.0,31.0
94227.108305224,2026/09/03 15:41:46.932,P2,28.43,28.45,20.0,1.0,705.0,1755.0,6801.0,50.0,31.0
94227.209297731,2026/09/03 15:41:47.033,P2,28.54,28.45,20.0,1.0,705.0,1755.0,6801.0,50.0,31.0
94227.310364625,2026/09/03 15:41:47.134,P2,28.54,28.45,20.0,1.0,705.0,1755.0,6801.0,50.0,31.0
94227.411411517,2026/09/03 15:41:47.235,P2,28.54,28.45,20.0,1.0,705.0,1755.0,6801.0,50.0,31.0
94227.512460503,2026/09/03 15:41:47.336,P2,28.54,28.45,20.0,1.0,705.0,1755.0,6801.0,50.0,31.0
94227.613504251,2026/09/03 15:41:47.437,P2,28.54,28.45,20.0,1.0,705.0,1755.0,6801.0,50.0,31.0
94227.714515847,2026/09/03 15:41:47.538,P2,28.44,28.5,24.0,1.0,705.0,1755.0,6801.0,50.0,31.0
94227.815119608,2026/09/03 15:41:47.639,P2,28.44,28.5,24.0,1.0,705.0,1755.0,6801.0,50.0,31.0
94227.916109464,2026/09/03 15:41:47.740,P2,28.44,28.5,24.0,1.0,705.0,1755.0,6801.0,50.0,31.0
94228.016735573,2026/09/03 15:41:47.841,P2,28.44,28.5,24.0,1.0,705.0,1755.0,6801.0,50.0,31.0
94228.117515644,2026/09/03 15:41:47.941,P2,28.44,28.5,24.0,1.0,705.0,1755.0,6801.0,50.0,31.0
94228.218388453,2026/09/03 15:41:48.042,P2,28.57,28.54,24.0,1.0,705.0,1755.0,6801.0,50.0,31.0
94228.319234451,2026/09/03 15:41:48.143,P2,28.57,28.54,24.0,1.0,705.0,1755.0,6801.0,50.0,31.0
94228.420457472,2026/09/03 15:41:48.244,P2,28.57,28.54,24.0,1.0,705.0,1755.0,6801.0,50.0,31.0
94228.520948521,2026/09/03 15:41:48.345,P2,28.57,28.54,24.0,1.0,705.0,1755.0,6801.0,50.0,31.0
94228.621867281,2026/09/03 15:41:48.446,P2,28.57,28.54,24.0,1.0,705.0,1755.0,6801.0,50.0,31.0
94228.722624204,2026/09/03 15:41:48.546,P2,28.41,28.54,24.0,1.0,705.0,1755.0,6801.0,50.0,31.0
94228.823644429,2026/09/03 15:41:48.647,P2,28.41,28.54,24.0,1.0,705.0,1755.0,6801.0,50.0,31.0
94228.924140702,2026/09/03 15:41:48.748,P2,28.41,28.54,24.0,1.0,705.0,1755.0,6801.0,50.0,31.0
94229.025056289,2026/09/03 15:41:48.849,P2,28.41,28.54,24.0,1.0,705.0,1755.0,6801.0,50.0,31.0
94229.125867186,2026/09/03 15:41:48.950,P2,28.41,28.54,24.0,1.0,705.0,1755.0,6801.0,50.0,31.0
94229.226634557,2026/09/03 15:41:49.050,P2,28.57,28.5,24.0,1.0,705.0,1755.0,6801.0,50.0,31.0
94229.327477269,2026/09/03 15:41:49.151,P2,28.57,28.5,24.0,1.0,705.0,1755.0,6801.0,50.0,31.0
94229.428104983,2026/09/03 15:41:49.252,P2,28.57,28.5,24.0,1.0,705.0,1755.0,6801.0,50.0,31.0
94229.529076383,2026/09/03 15:41:49.353,P2,28.57,28.5,24.0,1.0,705.0,1755.0,6801.0,50.0,31.0
94229.630036969,2026/09/03 15:41:49.454,P2,28.57,28.5,24.0,1.0,705.0,1755.0,6801.0,50.0,31.0
94229.730990129,2026/09/03 15:41:49.555,P2,28.53,28.46,24.0,1.0,705.0,1755.0,6801.0,50.0,31.0
94229.832022587,2026/09/03 15:41:49.656,P2,28.53,28.46,24.0,1.0,705.0,1755.0,6801.0,50.0,31.0
94229.932831395,2026/09/03 15:41:49.757,P2,28.53,28.46,24.0,1.0,705.0,1755.0,6801.0,50.0,31.0
94230.033859513,2026/09/03 15:41:49.857,P2,28.53,28.46,24.0,1.0,705.0,1755.0,6801.0,50.0,31.0
94230.134681577,2026/09/03 15:41:49.958,P2,28.53,28.46,24.0,1.0,705.0,1755.0,6801.0,50.0,31.0
94230.235644917,2026/09/03 15:41:50.059,P2,28.57,28.52,24.0,1.0,705.0,1755.0,6801.0,50.0,31.0
94230.336325827,2026/09/03 15:41:50.160,P2,28.57,28.52,24.0,1.0,705.0,1755.0,6801.0,50.0,31.0
94230.437151076,2026/09/03 15:41:50.261,P2,28.57,28.52,24.0,1.0,705.0,1755.0,6801.0,50.0,31.0
94230.537854984,2026/09/03 15:41:50.362,P2,28.57,28.52,24.0,1.0,705.0,1755.0,6801.0,50.0,31.0
94230.638768925,2026/09/03 15:41:50.463,P2,28.57,28.52,24.0,1.0,705.0,1755.0,6801.0,50.0,31.0
94230.739633922,2026/09/03 15:41:50.563,P2,28.43,28.53,24.0,1.0,705.0,1755.0,6801.0,50.0,31.0
94230.84056782,2026/09/03 15:41:50.664,P2,28.43,28.53,24.0,1.0,705.0,1755.0,6801.0,50.0,31.0
94230.941238864,2026/09/03 15:41:50.765,P2,28.43,28.53,24.0,1.0,705.0,1755.0,6801.0,50.0,31.0
94231.042109422,2026/09/03 15:41:50.866,P2,28.43,28.53,24.0,1.0,705.0,1755.0,6801.0,50.0,31.0
94231.14292049,2026/09/03 15:41:50.967,P2,28.43,28.53,24.0,1.0,705.0,1755.0,6801.0,50.0,31.0
94231.24389822,2026/09/03 15:41:51.068,P2,28.29,28.48,24.0,1.0,705.0,1755.0,6801.0,50.0,31.0
94231.344737072,2026/09/03 15:41:51.168,P2,28.29,28.48,24.0,1.0,705.0,1755.0,6801.0,50.0,31.0
94231.44569846,2026/09/03 15:41:51.269,P2,28.29,28.48,24.0,1.0,705.0,1755.0,6801.0,50.0,31.0
94231.546549211,2026/09/03 15:41:51.370,P2,28.29,28.48,24.0,1.0,705.0,1755.0,6801.0,50.0,31.0
94231.647329779,2026/09/03 15:41:51.471,P2,28.29,28.48,24.0,1.0,705.0,1755.0,6801.0,50.0,31.0
94231.752883291,2026/09/03 15:41:51.572,P2,28.4,28.4,23.0,1.0,705.0,1755.0,6801.0,50.0,31.0
94231.849585786,2026/09/03 15:41:51.673,P2,28.4,28.4,23.0,1.0,705.0,1755.0,6801.0,50.0,31.0
94231.950576201,2026/09/03 15:41:51.774,P2,28.4,28.4,23.0,1.0,705.0,1755.0,6801.0,50.0,31.0
94232.051526615,2026/09/03 15:41:51.875,P2,28.4,28.4,23.0,1.0,705.0,1755.0,6801.0,50.0,31.0
94232.152522471,2026/09/03 15:41:51.976,P2,28.43,28.41,23.0,1.0,705.0,1755.0,6801.0,50.0,31.0
94232.253280645,2026/09/03 15:41:52.077,P2,28.43,28.41,23.0,1.0,705.0,1755.0,6801.0,50.0,31.0
94232.354095356,2026/09/03 15:41:52.178,P2,28.43,28.41,23.0,1.0,705.0,1755.0,6801.0,50.0,31.0
94232.454912498,2026/09/03 15:41:52.279,P2,28.43,28.41,23.0,1.0,705.0,1755.0,6801.0,50.0,31.0
94232.555779423,2026/09/03 15:41:52.379,P2,28.43,28.41,23.0,1.0,705.0,1755.0,6801.0,50.0,31.0
94232.656746536,2026/09/03 15:41:52.480,P2,28.52,28.47,22.0,1.0,705.0,1755.0,6801.0,50.0,31.0
94232.75768067,2026/09/03 15:41:52.581,P2,28.52,28.47,22.0,1.0,705.0,1755.0,6801.0,50.0,31.0
94232.85837804,2026/09/03 15:41:52.682,P2,28.52,28.47,22.0,1.0,705.0,1755.0,6801.0,50.0,31.0
94232.959283672,2026/09/03 15:41:52.783,P2,28.52,28.47,22.0,1.0,705.0,1755.0,6801.0,50.0,31.0
94233.060104137,2026/09/03 15:41:52.884,P2,28.52,28.47,22.0,1.0,705.0,1755.0,6801.0,50.0,31.0
94233.161033859,2026/09/03 15:41:52.985,P2,28.37,28.43,22.0,1.0,705.0,1755.0,6801.0,50.0,31.0
94233.261807418,2026/09/03 15:41:53.086,P2,28.37,28.43,22.0,1.0,705.0,1755.0,6801.0,50.0,31.0
94233.362691964,2026/09/03 15:41:53.186,P2,28.37,28.43,22.0,1.0,705.0,1755.0,6801.0,50.0,31.0
94233.463662229,2026/09/03 15:41:53.287,P2,28.37,28.43,22.0,1.0,705.0,1755.0,6801.0,50.0,31.0
94233.564262632,2026/09/03 15:41:53.388,P2,28.37,28.43,22.0,1.0,705.0,1755.0,6801.0,50.0,31.0
94233.665431122,2026/09/03 15:41:53.489,P2,28.43,28.5,24.0,1.0,705.0,1755.0,6801.0,50.0,31.0
94233.766007654,2026/09/03 15:41:53.590,P2,28.43,28.5,24.0,1.0,705.0,1755.0,6801.0,50.0,31.0
94233.866998306,2026/09/03 15:41:53.691,P2,28.43,28.5,24.0,1.0,705.0,1755.0,6801.0,50.0,31.0
94233.967750913,2026/09/03 15:41:53.791,P2,28.43,28.5,24.0,1.0,705.0,1755.0,6801.0,50.0,31.0
94234.068769189,2026/09/03 15:41:53.892,P2,28.43,28.5,24.0,1.0,705.0,1755.0,6801.0,50.0,31.0
94234.169784686,2026/09/03 15:41:53.993,P2,28.41,28.51,24.0,1.0,705.0,1755.0,6801.0,50.0,31.0
94234.270573789,2026/09/03 15:41:54.094,P2,28.41,28.51,24.0,1.0,705.0,1755.0,6801.0,50.0,31.0
94234.371529227,2026/09/03 15:41:54.195,P2,28.41,28.51,24.0,1.0,705.0,1755.0,6801.0,50.0,31.0
94234.472408153,2026/09/03 15:41:54.296,P2,28.41,28.51,24.0,1.0,705.0,1755.0,6801.0,50.0,31.0
94234.573381318,2026/09/03 15:41:54.397,P2,28.41,28.51,24.0,1.0,705.0,1755.0,6801.0,50.0,31.0
94234.674008816,2026/09/03 15:41:54.498,P2,28.37,28.42,23.0,1.0,705.0,1755.0,6801.0,50.0,31.0
94234.775024721,2026/09/03 15:41:54.599,P2,28.37,28.42,23.0,1.0,705.0,1755.0,6801.0,50.0,31.0
94234.875648175,2026/09/03 15:41:54.699,P2,28.37,28.42,23.0,1.0,705.0,1755.0,6801.0,50.0,31.0
94234.976655031,2026/09/03 15:41:54.800,P2,28.37,28.42,23.0,1.0,705.0,1755.0,6801.0,50.0,31.0
94235.094416494,2026/09/03 15:41:54.901,P2,28.37,28.42,23.0,1.0,705.0,1755.0,6801.0,50.0,31.0
94235.178330017,2026/09/03 15:41:55.002,P2,28.41,28.42,23.0,1.0,705.0,1755.0,6801.0,50.0,31.0
94235.279290383,2026/09/03 15:41:55.103,P2,28.41,28.42,23.0,1.0,705.0,1755.0,6801.0,50.0,31.0
94235.380238659,2026/09/03 15:41:55.204,P2,28.41,28.42,23.0,1.0,705.0,1755.0,6801.0,50.0,31.0
94235.480979711,2026/09/03 15:41:55.305,P2,28.41,28.42,23.0,1.0,705.0,1755.0,6801.0,50.0,31.0
94235.581942522,2026/09/03 15:41:55.406,P2,28.41,28.42,23.0,1.0,705.0,1755.0,6801.0,50.0,31.0
94235.682739542,2026/09/03 15:41:55.506,P2,28.44,28.44,23.0,1.0,705.0,1755.0,6801.0,50.0,31.0
94235.783433286,2026/09/03 15:41:55.607,P2,28.44,28.44,23.0,1.0,705.0,1755.0,6801.0,50.0,31.0
94235.884317883,2026/09/03 15:41:55.708,P2,28.44,28.44,23.0,1.0,705.0,1755.0,6801.0,50.0,31.0
94235.985230723,2026/09/03 15:41:55.809,P2,28.44,28.44,23.0,1.0,705.0,1755.0,6801.0,50.0,31.0
94236.086360162,2026/09/03 15:41:55.910,P2,28.44,28.44,23.0,1.0,705.0,1755.0,6801.0,50.0,31.0
94236.18737264,2026/09/03 15:41:56.011,P2,28.63,28.51,23.0,1.0,705.0,1755.0,6801.0,50.0,31.0
94236.288323827,2026/09/03 15:41:56.112,P2,28.63,28.51,23.0,1.0,705.0,1755.0,6801.0,50.0,31.0
94236.3890138,2026/09/03 15:41:56.213,P2,28.63,28.51,23.0,1.0,705.0,1755.0,6801.0,50.0,31.0
94236.490254728,2026/09/03 15:41:56.314,P2,28.63,28.51,23.0,1.0,705.0,1755.0,6801.0,50.0,31.0
94236.590692907,2026/09/03 15:41:56.415,P2,28.63,28.51,23.0,1.0,705.0,1755.0,6801.0,50.0,31.0
94236.691637711,2026/09/03 15:41:56.515,P2,28.6,28.6,19.0,1.0,705.0,1755.0,6801.0,50.0,31.0
94236.792754059,2026/09/03 15:41:56.616,P2,28.6,28.6,19.0,1.0,705.0,1755.0,6801.0,50.0,31.0
94236.893319269,2026/09/03 15:41:56.717,P2,28.6,28.6,19.0,1.0,705.0,1755.0,6801.0,50.0,31.0
94236.994490463,2026/09/03 15:41:56.818,P2,28.6,28.6,19.0,1.0,705.0,1755.0,6801.0,50.0,31.0
94237.095121835,2026/09/03 15:41:56.919,P2,28.6,28.6,19.0,1.0,705.0,1755.0,6801.0,50.0,31.0
94237.195817567,2026/09/03 15:41:57.020,P2,28.55,28.58,19.0,1.0,705.0,1755.0,6801.0,50.0,31.0
94237.297079196,2026/09/03 15:41:57.120,P2,28.55,28.58,19.0,1.0,705.0,1755.0,6801.0,50.0,31.0
94237.397662195,2026/09/03 15:41:57.221,P2,28.55,28.58,19.0,1.0,705.0,1755.0,6801.0,50.0,31.0
94237.498763643,2026/09/03 15:41:57.322,P2,28.55,28.58,19.0,1.0,705.0,1755.0,6801.0,50.0,31.0
94237.599360721,2026/09/03 15:41:57.423,P2,28.55,28.58,19.0,1.0,705.0,1755.0,6801.0,50.0,31.0
94237.700348327,2026/09/03 15:41:57.524,P2,28.54,28.54,20.0,1.0,705.0,1755.0,6801.0,50.0,31.0
94237.800873006,2026/09/03 15:41:57.625,P2,28.54,28.54,20.0,1.0,705.0,1755.0,6801.0,50.0,31.0
94237.901837082,2026/09/03 15:41:57.726,P2,28.54,28.54,20.0,1.0,705.0,1755.0,6801.0,50.0,31.0
94238.002767404,2026/09/03 15:41:57.826,P2,28.54,28.54,20.0,1.0,705.0,1755.0,6801.0,50.0,31.0
94238.103667363,2026/09/03 15:41:57.927,P2,28.54,28.54,20.0,1.0,705.0,1755.0,6801.0,50.0,31.0
94238.204414774,2026/09/03 15:41:58.028,P2,28.61,28.55,20.0,1.0,705.0,1755.0,6801.0,50.0,31.0
94238.305196571,2026/09/03 15:41:58.129,P2,28.61,28.55,20.0,1.0,705.0,1755.0,6801.0,50.0,31.0
94238.406186902,2026/09/03 15:41:58.230,P2,28.61,28.55,20.0,1.0,705.0,1755.0,6801.0,50.0,31.0
94238.507132334,2026/09/03 15:41:58.331,P2,28.61,28.55,20.0,1.0,705.0,1755.0,6801.0,50.0,31.0
94238.608058444,2026/09/03 15:41:58.432,P2,28.61,28.55,20.0,1.0,705.0,1755.0,6801.0,50.0,31.0
94238.709413273,2026/09/03 15:41:58.533,P2,28.56,28.57,20.0,1.0,705.0,1755.0,6801.0,50.0,31.0
94238.810052117,2026/09/03 15:41:58.634,P2,28.56,28.57,20.0,1.0,705.0,1755.0,6801.0,50.0,31.0
94238.910805011,2026/09/03 15:41:58.735,P2,28.56,28.57,20.0,1.0,705.0,1755.0,6801.0,50.0,31.0
94239.012060967,2026/09/03 15:41:58.835,P2,28.56,28.57,20.0,1.0,705.0,1755.0,6801.0,50.0,31.0
94239.112646843,2026/09/03 15:41:58.936,P2,28.56,28.57,20.0,1.0,705.0,1755.0,6801.0,50.0,31.0
94239.215377872,2026/09/03 15:41:59.037,P2,28.41,28.6,20.0,1.0,705.0,1755.0,6801.0,50.0,31.0
94239.314228829,2026/09/03 15:41:59.138,P2,28.41,28.6,20.0,1.0,705.0,1755.0,6801.0,50.0,31.0
94239.415095346,2026/09/03 15:41:59.239,P2,28.41,28.6,20.0,1.0,705.0,1755.0,6801.0,50.0,31.0
94239.515795664,2026/09/03 15:41:59.340,P2,28.41,28.6,20.0,1.0,705.0,1755.0,6801.0,50.0,31.0
94239.616809101,2026/09/03 15:41:59.440,P2,28.41,28.6,20.0,1.0,705.0,1755.0,6801.0,50.0,31.0
94239.717504812,2026/09/03 15:41:59.541,P2,28.4,28.53,13.0,1.0,705.0,1755.0,6801.0,50.0,31.0
94239.818344187,2026/09/03 15:41:59.642,P2,28.4,28.53,13.0,1.0,705.0,1755.0,6801.0,50.0,31.0
94239.919093545,2026/09/03 15:41:59.743,P2,28.4,28.53,13.0,1.0,705.0,1755.0,6801.0,50.0,31.0
94240.019995405,2026/09/03 15:41:59.844,P2,28.4,28.53,13.0,1.0,705.0,1755.0,6801.0,50.0,31.0
94240.12076277,2026/09/03 15:41:59.945,P2,28.4,28.53,13.0,1.0,705.0,1755.0,6801.0,50.0,31.0
94240.221824984,2026/09/03 15:42:00.045,P2,28.53,28.48,13.0,1.0,705.0,1755.0,6801.0,50.0,31.0
94240.322929515,2026/09/03 15:42:00.146,P2,28.53,28.48,13.0,1.0,705.0,1755.0,6801.0,50.0,31.0
94240.42321453,2026/09/03 15:42:00.247,P2,28.53,28.48,13.0,1.0,705.0,1755.0,6801.0,50.0,31.0
94240.523996272,2026/09/03 15:42:00.348,P2,28.53,28.48,13.0,1.0,705.0,1755.0,6801.0,50.0,31.0
94240.624838545,2026/09/03 15:42:00.449,P2,28.53,28.48,13.0,1.0,705.0,1755.0,6801.0,50.0,31.0
94240.726027933,2026/09/03 15:42:00.550,P2,28.61,28.48,20.0,1.0,705.0,1755.0,6801.0,50.0,31.0
94240.826763437,2026/09/03 15:42:00.651,P2,28.61,28.48,20.0,1.0,705.0,1755.0,6801.0,50.0,31.0
94240.927675536,2026/09/03 15:42:00.751,P2,28.61,28.48,20.0,1.0,705.0,1755.0,6801.0,50.0,31.0
94241.028554718,2026/09/03 15:42:00.852,P2,28.61,28.48,20.0,1.0,705.0,1755.0,6801.0,50.0,31.0
94241.12958774,2026/09/03 15:42:00.953,P2,28.61,28.48,20.0,1.0,705.0,1755.0,6801.0,50.0,31.0
94241.230233747,2026/09/03 15:42:01.054,P2,28.46,28.47,20.0,1.0,705.0,1755.0,6801.0,50.0,31.0
94241.331239659,2026/09/03 15:42:01.155,P2,28.46,28.47,20.0,1.0,705.0,1755.0,6801.0,50.0,31.0
94241.43207435,2026/09/03 15:42:01.256,P2,28.46,28.47,20.0,1.0,705.0,1755.0,6801.0,50.0,31.0
94241.532753397,2026/09/03 15:42:01.357,P2,28.46,28.47,20.0,1.0,705.0,1755.0,6801.0,50.0,31.0
94241.633657408,2026/09/03 15:42:01.457,P2,28.46,28.47,20.0,1.0,705.0,1755.0,6801.0,50.0,31.0
94241.73466894,2026/09/03 15:42:01.558,P2,28.44,28.56,24.0,1.0,705.0,1755.0,6801.0,50.0,31.0
94241.835336317,2026/09/03 15:42:01.659,P2,28.44,28.56,24.0,1.0,705.0,1755.0,6801.0,50.0,31.0
94241.936192707,2026/09/03 15:42:01.760,P2,28.44,28.56,24.0,1.0,705.0,1755.0,6801.0,50.0,31.0
94242.037015401,2026/09/03 15:42:01.861,P2,28.44,28.56,24.0,1.0,705.0,1755.0,6801.0,50.0,31.0
94242.137986091,2026/09/03 15:42:01.962,P2,28.44,28.56,24.0,1.0,705.0,1755.0,6801.0,50.0,31.0
94242.238888259,2026/09/03 15:42:02.062,P2,28.48,28.55,24.0,1.0,705.0,1755.0,6801.0,50.0,31.0
94242.339693261,2026/09/03 15:42:02.163,P2,28.48,28.55,24.0,1.0,705.0,1755.0,6801.0,50.0,31.0
94242.440568797,2026/09/03 15:42:02.264,P2,28.48,28.55,24.0,1.0,705.0,1755.0,6801.0,50.0,31.0
94242.541144081,2026/09/03 15:42:02.365,P2,28.48,28.55,24.0,1.0,705.0,1755.0,6801.0,50.0,31.0
94242.642396755,2026/09/03 15:42:02.466,P2,28.48,28.55,24.0,1.0,705.0,1755.0,6801.0,50.0,31.0
94242.74310447,2026/09/03 15:42:02.567,P2,28.48,28.48,24.0,1.0,705.0,1755.0,6801.0,50.0,31.0
94242.844034853,2026/09/03 15:42:02.668,P2,28.48,28.48,24.0,1.0,705.0,1755.0,6801.0,50.0,31.0
94242.944874942,2026/09/03 15:42:02.769,P2,28.48,28.48,24.0,1.0,705.0,1755.0,6801.0,50.0,31.0
94243.045998275,2026/09/03 15:42:02.869,P2,28.48,28.48,24.0,1.0,705.0,1755.0,6801.0,50.0,31.0
94243.147086722,2026/09/03 15:42:02.971,P2,28.48,28.48,24.0,1.0,705.0,1755.0,6801.0,50.0,31.0
94243.248067641,2026/09/03 15:42:03.072,P2,28.32,28.43,24.0,1.0,705.0,1755.0,6801.0,50.0,31.0
94243.348859787,2026/09/03 15:42:03.173,P2,28.32,28.43,24.0,1.0,705.0,1755.0,6801.0,50.0,31.0
94243.450232818,2026/09/03 15:42:03.274,P2,28.32,28.43,24.0,1.0,705.0,1755.0,6801.0,50.0,31.0
94243.55081304,2026/09/03 15:42:03.375,P2,28.32,28.43,24.0,1.0,705.0,1755.0,6801.0,50.0,31.0
94243.651766851,2026/09/03 15:42:03.475,P2,28.32,28.43,24.0,1.0,705.0,1755.0,6801.0,50.0,31.0
94243.752554514,2026/09/03 15:42:03.576,P2,28.41,28.41,23.0,1.0,705.0,1755.0,6801.0,50.0,31.0
94243.85347711,2026/09/03 15:42:03.677,P2,28.41,28.41,23.0,1.0,705.0,1755.0,6801.0,50.0,31.0
94243.954230126,2026/09/03 15:42:03.778,P2,28.41,28.41,23.0,1.0,705.0,1755.0,6801.0,50.0,31.0
94244.055034004,2026/09/03 15:42:03.879,P2,28.41,28.41,23.0,1.0,705.0,1755.0,6801.0,50.0,31.0
94244.155914473,2026/09/03 15:42:03.980,P2,28.54,28.44,23.0,1.0,705.0,1755.0,6801.0,50.0,31.0
94244.256775067,2026/09/03 15:42:04.081,P2,28.54,28.44,23.0,1.0,705.0,1755.0,6801.0,50.0,31.0
94244.357670549,2026/09/03 15:42:04.181,P2,28.54,28.44,23.0,1.0,705.0,1755.0,6801.0,50.0,31.0
94244.458580236,2026/09/03 15:42:04.282,P2,28.54,28.44,23.0,1.0,705.0,1755.0,6801.0,50.0,31.0
94244.559695838,2026/09/03 15:42:04.383,P2,28.54,28.44,23.0,1.0,705.0,1755.0,6801.0,50.0,31.0
94244.660496657,2026/09/03 15:42:04.484,P2,28.44,28.47,22.0,1.0,705.0,1755.0,6801.0,50.0,31.0
94244.761493752,2026/09/03 15:42:04.585,P2,28.44,28.47,22.0,1.0,705.0,1755.0,6801.0,50.0,31.0
94244.862475333,2026/09/03 15:42:04.686,P2,28.44,28.47,22.0,1.0,705.0,1755.0,6801.0,50.0,31.0
94244.963104534,2026/09/03 15:42:04.787,P2,28.44,28.47,22.0,1.0,705.0,1755.0,6801.0,50.0,31.0
94245.063964385,2026/09/03 15:42:04.888,P2,28.44,28.47,22.0,1.0,705.0,1755.0,6801.0,50.0,31.0
94245.165177382,2026/09/03 15:42:04.988,P2,28.42,28.45,22.0,1.0,705.0,1755.0,6801.0,50.0,31.0
94245.265920817,2026/09/03 15:42:05.089,P2,28.42,28.45,22.0,1.0,705.0,1755.0,6801.0,50.0,31.0
94245.367106619,2026/09/03 15:42:05.191,P2,28.42,28.45,22.0,1.0,705.0,1755.0,6801.0,50.0,31.0
94245.467722079,2026/09/03 15:42:05.292,P2,28.42,28.45,22.0,1.0,705.0,1755.0,6801.0,50.0,31.0
94245.568549269,2026/09/03 15:42:05.392,P2,28.42,28.45,22.0,1.0,705.0,1755.0,6801.0,50.0,31.0
94245.669527077,2026/09/03 15:42:05.493,P2,28.33,28.41,23.0,1.0,705.0,1755.0,6801.0,50.0,31.0
94245.77039231,2026/09/03 15:42:05.594,P2,28.33,28.41,23.0,1.0,705.0,1755.0,6801.0,50.0,31.0
94245.871493341,2026/09/03 15:42:05.695,P2,28.33,28.41,23.0,1.0,705.0,1755.0,6801.0,50.0,31.0
94245.972367983,2026/09/03 15:42:05.796,P2,28.33,28.41,23.0,1.0,705.0,1755.0,6801.0,50.0,31.0
94246.072947637,2026/09/03 15:42:05.897,P2,28.33,28.41,23.0,1.0,705.0,1755.0,6801.0,50.0,31.0
94246.173979685,2026/09/03 15:42:05.998,P2,28.43,28.39,23.0,1.0,705.0,1755.0,6801.0,50.0,31.0
94246.274726136,2026/09/03 15:42:06.098,P2,28.43,28.39,23.0,1.0,705.0,1755.0,6801.0,50.0,31.0
94246.37550592,2026/09/03 15:42:06.199,P2,28.43,28.39,23.0,1.0,705.0,1755.0,6801.0,50.0,31.0
94246.476229276,2026/09/03 15:42:06.300,P2,28.43,28.39,23.0,1.0,705.0,1755.0,6801.0,50.0,31.0
94246.577028033,2026/09/03 15:42:06.401,P2,28.43,28.39,23.0,1.0,705.0,1755.0,6801.0,50.0,31.0
94246.677945221,2026/09/03 15:42:06.502,P2,28.46,28.4,25.0,1.0,705.0,1755.0,6801.0,50.0,31.0
94246.778851715,2026/09/03 15:42:06.603,P2,28.46,28.4,25.0,1.0,705.0,1755.0,6801.0,50.0,31.0
94246.879444221,2026/09/03 15:42:06.703,P2,28.46,28.4,25.0,1.0,705.0,1755.0,6801.0,50.0,31.0
94246.980250071,2026/09/03 15:42:06.804,P2,28.46,28.4,25.0,1.0,705.0,1755.0,6801.0,50.0,31.0
94247.081029864,2026/09/03 15:42:06.905,P2,28.46,28.4,25.0,1.0,705.0,1755.0,6801.0,50.0,31.0
94247.182112228,2026/09/03 15:42:07.006,P2,28.42,28.44,25.0,1.0,705.0,1755.0,6801.0,50.0,31.0
94247.282844324,2026/09/03 15:42:07.107,P2,28.42,28.44,25.0,1.0,705.0,1755.0,6801.0,50.0,31.0
94247.383813432,2026/09/03 15:42:07.208,P2,28.42,28.44,25.0,1.0,705.0,1755.0,6801.0,50.0,31.0
94247.484833526,2026/09/03 15:42:07.308,P2,28.42,28.44,25.0,1.0,705.0,1755.0,6801.0,50.0,31.0
94247.585947743,2026/09/03 15:42:07.409,P2,28.42,28.44,25.0,1.0,705.0,1755.0,6801.0,50.0,31.0
94247.686628081,2026/09/03 15:42:07.510,P2,28.49,28.45,17.0,1.0,705.0,1755.0,6801.0,50.0,31.0
94247.787438843,2026/09/03 15:42:07.611,P2,28.49,28.45,17.0,1.0,705.0,1755.0,6801.0,50.0,31.0
94247.888292204,2026/09/03 15:42:07.712,P2,28.49,28.45,17.0,1.0,705.0,1755.0,6801.0,50.0,31.0
94247.989088969,2026/09/03 15:42:07.813,P2,28.49,28.45,17.0,1.0,705.0,1755.0,6801.0,50.0,31.0
94248.089907648,2026/09/03 15:42:07.914,P2,28.49,28.45,17.0,1.0,705.0,1755.0,6801.0,50.0,31.0
94248.190782718,2026/09/03 15:42:08.015,P2,28.54,28.49,17.0,1.0,705.0,1755.0,6801.0,50.0,31.0
94248.291902226,2026/09/03 15:42:08.116,P2,28.54,28.49,17.0,1.0,705.0,1755.0,6801.0,50.0,31.0
94248.392633622,2026/09/03 15:42:08.216,P2,28.54,28.49,17.0,1.0,705.0,1755.0,6801.0,50.0,31.0
94248.493528036,2026/09/03 15:42:08.317,P2,28.54,28.49,17.0,1.0,705.0,1755.0,6801.0,50.0,31.0
94248.594448412,2026/09/03 15:42:08.418,P2,28.54,28.49,17.0,1.0,705.0,1755.0,6801.0,50.0,31.0
94248.695117753,2026/09/03 15:42:08.519,P2,28.48,28.51,24.0,1.0,705.0,1755.0,6801.0,50.0,31.0
94248.796354178,2026/09/03 15:42:08.620,P2,28.48,28.51,24.0,1.0,705.0,1755.0,6801.0,50.0,31.0
94248.897029327,2026/09/03 15:42:08.721,P2,28.48,28.51,24.0,1.0,705.0,1755.0,6801.0,50.0,31.0
94248.99769554,2026/09/03 15:42:08.821,P2,28.48,28.51,24.0,1.0,705.0,1755.0,6801.0,50.0,31.0
94249.09863677,2026/09/03 15:42:08.922,P2,28.48,28.51,24.0,1.0,705.0,1755.0,6801.0,50.0,31.0
94249.199317047,2026/09/03 15:42:09.023,P2,28.42,28.47,24.0,1.0,705.0,1755.0,6801.0,50.0,31.0
94249.300305492,2026/09/03 15:42:09.124,P2,28.42,28.47,24.0,1.0,705.0,1755.0,6801.0,50.0,31.0
94249.401217065,2026/09/03 15:42:09.225,P2,28.42,28.47,24.0,1.0,705.0,1755.0,6801.0,50.0,31.0
94249.501814088,2026/09/03 15:42:09.326,P2,28.42,28.47,24.0,1.0,705.0,1755.0,6801.0,50.0,31.0
94249.602757306,2026/09/03 15:42:09.426,P2,28.42,28.47,24.0,1.0,705.0,1755.0,6801.0,50.0,31.0
94249.703789669,2026/09/03 15:42:09.527,P2,28.54,28.48,17.0,1.0,705.0,1755.0,6801.0,50.0,31.0
94249.804670024,2026/09/03 15:42:09.628,P2,28.54,28.48,17.0,1.0,705.0,1755.0,6801.0,50.0,31.0
94249.905831673,2026/09/03 15:42:09.729,P2,28.54,28.48,17.0,1.0,705.0,1755.0,6801.0,50.0,31.0
94250.006495628,2026/09/03 15:42:09.830,P2,28.54,28.48,17.0,1.0,705.0,1755.0,6801.0,50.0,31.0
94250.107589717,2026/09/03 15:42:09.931,P2,28.54,28.48,17.0,1.0,705.0,1755.0,6801.0,50.0,31.0
94250.208391251,2026/09/03 15:42:10.032,P2,28.51,28.54,17.0,1.0,705.0,1755.0,6801.0,50.0,31.0
94250.309219097,2026/09/03 15:42:10.133,P2,28.51,28.54,17.0,1.0,705.0,1755.0,6801.0,50.0,31.0
94250.410322921,2026/09/03 15:42:10.234,P2,28.51,28.54,17.0,1.0,705.0,1755.0,6801.0,50.0,31.0
94250.510946607,2026/09/03 15:42:10.335,P2,28.51,28.54,17.0,1.0,705.0,1755.0,6801.0,50.0,31.0
94250.611516576,2026/09/03 15:42:10.435,P2,28.51,28.54,17.0,1.0,705.0,1755.0,6801.0,50.0,31.0
94250.712386476,2026/09/03 15:42:10.536,P2,28.52,28.54,23.0,1.0,705.0,1755.0,6801.0,50.0,31.0
94250.813077053,2026/09/03 15:42:10.637,P2,28.52,28.54,23.0,1.0,705.0,1755.0,6801.0,50.0,31.0
94250.913823243,2026/09/03 15:42:10.738,P2,28.52,28.54,23.0,1.0,705.0,1755.0,6801.0,50.0,31.0
94251.014708822,2026/09/03 15:42:10.839,P2,28.52,28.54,23.0,1.0,705.0,1755.0,6801.0,50.0,31.0
94251.115361625,2026/09/03 15:42:10.939,P2,28.52,28.54,23.0,1.0,705.0,1755.0,6801.0,50.0,31.0
94251.21607047,2026/09/03 15:42:11.040,P2,28.55,28.49,23.0,1.0,705.0,1755.0,6801.0,50.0,31.0
94251.316819988,2026/09/03 15:42:11.141,P2,28.55,28.49,23.0,1.0,705.0,1755.0,6801.0,50.0,31.0
94251.41755954,2026/09/03 15:42:11.241,P2,28.55,28.49,23.0,1.0,705.0,1755.0,6801.0,50.0,31.0
94251.518576015,2026/09/03 15:42:11.342,P2,28.55,28.49,23.0,1.0,705.0,1755.0,6801.0,50.0,31.0
94251.619211492,2026/09/03 15:42:11.443,P2,28.55,28.49,23.0,1.0,705.0,1755.0,6801.0,50.0,31.0
94251.720104336,2026/09/03 15:42:11.544,P2,28.88,28.53,28.0,1.0,705.0,1755.0,6801.0,50.0,31.0
94251.820838402,2026/09/03 15:42:11.645,P2,28.88,28.53,28.0,1.0,705.0,1755.0,6801.0,50.0,31.0
94251.921621111,2026/09/03 15:42:11.745,P2,28.88,28.53,28.0,1.0,705.0,1755.0,6801.0,50.0,31.0
94252.022561677,2026/09/03 15:42:11.846,P2,28.88,28.53,28.0,1.0,705.0,1755.0,6801.0,50.0,31.0
94252.123665529,2026/09/03 15:42:11.947,P2,28.88,28.53,28.0,1.0,705.0,1755.0,6801.0,50.0,31.0
94252.224778688,2026/09/03 15:42:12.048,P2,28.58,28.6,28.0,1.0,705.0,1755.0,6801.0,50.0,31.0
94252.325366539,2026/09/03 15:42:12.149,P2,28.58,28.6,28.0,1.0,705.0,1755.0,6801.0,50.0,31.0
94252.42610407,2026/09/03 15:42:12.250,P2,28.58,28.6,28.0,1.0,705.0,1755.0,6801.0,50.0,31.0
94252.527107909,2026/09/03 15:42:12.351,P2,28.58,28.6,28.0,1.0,705.0,1755.0,6801.0,50.0,31.0
94252.628045424,2026/09/03 15:42:12.452,P2,28.58,28.6,28.0,1.0,705.0,1755.0,6801.0,50.0,31.0
94252.728705247,2026/09/03 15:42:12.553,P2,28.45,28.61,16.0,1.0,705.0,1755.0,6801.0,50.0,31.0
94252.829893402,2026/09/03 15:42:12.653,P2,28.45,28.61,16.0,1.0,705.0,1755.0,6801.0,50.0,31.0
94252.930705152,2026/09/03 15:42:12.754,P2,28.45,28.61,16.0,1.0,705.0,1755.0,6801.0,50.0,31.0
94253.031757903,2026/09/03 15:42:12.855,P2,28.45,28.61,16.0,1.0,705.0,1755.0,6801.0,50.0,31.0
94253.132241994,2026/09/03 15:42:12.956,P2,28.45,28.61,16.0,1.0,705.0,1755.0,6801.0,50.0,31.0
94253.233554394,2026/09/03 15:42:13.057,P2,28.44,28.51,16.0,1.0,705.0,1755.0,6801.0,50.0,31.0
94253.334083957,2026/09/03 15:42:13.158,P2,28.44,28.51,16.0,1.0,705.0,1755.0,6801.0,50.0,31.0
94253.434854653,2026/09/03 15:42:13.259,P2,28.44,28.51,16.0,1.0,705.0,1755.0,6801.0,50.0,31.0
94253.535695115,2026/09/03 15:42:13.360,P2,28.44,28.51,16.0,1.0,705.0,1755.0,6801.0,50.0,31.0
94253.636933993,2026/09/03 15:42:13.460,P2,28.44,28.51,16.0,1.0,705.0,1755.0,6801.0,50.0,31.0
94253.73754791,2026/09/03 15:42:13.561,P2,28.35,28.45,23.0,1.0,705.0,1755.0,6801.0,50.0,31.0
94253.83864661,2026/09/03 15:42:13.662,P2,28.35,28.45,23.0,1.0,705.0,1755.0,6801.0,50.0,31.0
94253.939442378,2026/09/03 15:42:13.763,P2,28.35,28.45,23.0,1.0,705.0,1755.0,6801.0,50.0,31.0
94254.040366455,2026/09/03 15:42:13.864,P2,28.35,28.45,23.0,1.0,705.0,1755.0,6801.0,50.0,31.0
94254.141306198,2026/09/03 15:42:13.965,P2,28.35,28.45,23.0,1.0,705.0,1755.0,6801.0,50.0,31.0
94254.242696529,2026/09/03 15:42:14.066,P2,28.76,28.52,23.0,1.0,705.0,1755.0,6801.0,50.0,31.0
94254.343908539,2026/09/03 15:42:14.167,P2,28.76,28.52,23.0,1.0,705.0,1755.0,6801.0,50.0,31.0
94254.444943323,2026/09/03 15:42:14.268,P2,28.76,28.52,23.0,1.0,705.0,1755.0,6801.0,50.0,31.0
94254.545781281,2026/09/03 15:42:14.369,P2,28.76,28.52,23.0,1.0,705.0,1755.0,6801.0,50.0,31.0
94254.646720227,2026/09/03 15:42:14.470,P2,28.76,28.52,23.0,1.0,705.0,1755.0,6801.0,50.0,31.0
94254.74791173,2026/09/03 15:42:14.571,P2,28.5,28.57,25.0,1.0,705.0,1755.0,6801.0,50.0,31.0
94254.848532465,2026/09/03 15:42:14.672,P2,28.5,28.57,25.0,1.0,705.0,1755.0,6801.0,50.0,31.0
94254.949372386,2026/09/03 15:42:14.773,P2,28.5,28.57,25.0,1.0,705.0,1755.0,6801.0,50.0,31.0
94255.050336825,2026/09/03 15:42:14.874,P2,28.5,28.57,25.0,1.0,705.0,1755.0,6801.0,50.0,31.0
94255.151086712,2026/09/03 15:42:14.975,P2,28.5,28.57,25.0,1.0,705.0,1755.0,6801.0,50.0,31.0
94255.252076308,2026/09/03 15:42:15.076,P2,28.35,28.53,25.0,1.0,705.0,1755.0,6801.0,50.0,31.0
94255.352739048,2026/09/03 15:42:15.177,P2,28.35,28.53,25.0,1.0,705.0,1755.0,6801.0,50.0,31.0
94255.453500384,2026/09/03 15:42:15.277,P2,28.35,28.53,25.0,1.0,705.0,1755.0,6801.0,50.0,31.0
94255.554685282,2026/09/03 15:42:15.378,P2,28.35,28.53,25.0,1.0,705.0,1755.0,6801.0,50.0,31.0
94255.655782297,2026/09/03 15:42:15.479,P2,28.55,28.47,16.0,1.0,705.0,1755.0,6801.0,50.0,31.0
94255.756085384,2026/09/03 15:42:15.580,P2,28.55,28.47,16.0,1.0,705.0,1755.0,6801.0,50.0,31.0
94255.856963752,2026/09/03 15:42:15.681,P2,28.55,28.47,16.0,1.0,705.0,1755.0,6801.0,50.0,31.0
94255.957908192,2026/09/03 15:42:15.782,P2,28.55,28.47,16.0,1.0,705.0,1755.0,6801.0,50.0,31.0
94256.058765046,2026/09/03 15:42:15.882,P2,28.55,28.47,16.0,1.0,705.0,1755.0,6801.0,50.0,31.0
94256.159710852,2026/09/03 15:42:15.983,P2,28.77,28.54,16.0,1.0,705.0,1755.0,6801.0,50.0,31.0
94256.260806915,2026/09/03 15:42:16.084,P2,28.77,28.54,16.0,1.0,705.0,1755.0,6801.0,50.0,31.0
94256.361765729,2026/09/03 15:42:16.185,P2,28.77,28.54,16.0,1.0,705.0,1755.0,6801.0,50.0,31.0
94256.462500776,2026/09/03 15:42:16.286,P2,28.77,28.54,16.0,1.0,705.0,1755.0,6801.0,50.0,31.0
94256.563582251,2026/09/03 15:42:16.387,P2,28.77,28.54,16.0,1.0,705.0,1755.0,6801.0,50.0,31.0
94256.664282091,2026/09/03 15:42:16.488,P2,28.46,28.59,24.0,1.0,705.0,1755.0,6801.0,50.0,31.0
94256.765138363,2026/09/03 15:42:16.589,P2,28.46,28.59,24.0,1.0,705.0,1755.0,6801.0,50.0,31.0
94256.865938165,2026/09/03 15:42:16.690,P2,28.46,28.59,24.0,1.0,705.0,1755.0,6801.0,50.0,31.0
94256.966830785,2026/09/03 15:42:16.791,P2,28.46,28.59,24.0,1.0,705.0,1755.0,6801.0,50.0,31.0
94257.067778744,2026/09/03 15:42:16.891,P2,28.46,28.59,24.0,1.0,705.0,1755.0,6801.0,50.0,31.0
94257.168604882,2026/09/03 15:42:16.992,P2,28.72,28.52,24.0,1.0,705.0,1755.0,6801.0,50.0,31.0
94257.269200894,2026/09/03 15:42:17.093,P2,28.72,28.52,24.0,1.0,705.0,1755.0,6801.0,50.0,31.0
94257.370060099,2026/09/03 15:42:17.194,P2,28.72,28.52,24.0,1.0,705.0,1755.0,6801.0,50.0,31.0
94257.47120439,2026/09/03 15:42:17.295,P2,28.72,28.52,24.0,1.0,705.0,1755.0,6801.0,50.0,31.0
94257.572017678,2026/09/03 15:42:17.396,P2,28.72,28.52,24.0,1.0,705.0,1755.0,6801.0,50.0,31.0
94257.672716562,2026/09/03 15:42:17.497,P2,28.4,28.46,22.0,1.0,705.0,1755.0,6801.0,50.0,31.0
94257.773495306,2026/09/03 15:42:17.597,P2,28.4,28.46,22.0,1.0,705.0,1755.0,6801.0,50.0,31.0
94257.874266648,2026/09/03 15:42:17.698,P2,28.4,28.46,22.0,1.0,705.0,1755.0,6801.0,50.0,31.0
94257.975063963,2026/09/03 15:42:17.799,P2,28.4,28.46,22.0,1.0,705.0,1755.0,6801.0,50.0,31.0
94258.076279873,2026/09/03 15:42:17.900,P2,28.4,28.46,22.0,1.0,705.0,1755.0,6801.0,50.0,31.0
94258.176885749,2026/09/03 15:42:18.001,P2,28.44,28.47,22.0,1.0,705.0,1755.0,6801.0,50.0,31.0
94258.277733461,2026/09/03 15:42:18.102,P2,28.44,28.47,22.0,1.0,705.0,1755.0,6801.0,50.0,31.0
94258.378750396,2026/09/03 15:42:18.202,P2,28.44,28.47,22.0,1.0,705.0,1755.0,6801.0,50.0,31.0
94258.479862949,2026/09/03 15:42:18.303,P2,28.44,28.47,22.0,1.0,705.0,1755.0,6801.0,50.0,31.0
94258.580821944,2026/09/03 15:42:18.404,P2,28.44,28.47,22.0,1.0,705.0,1755.0,6801.0,50.0,31.0
94258.68177031,2026/09/03 15:42:18.505,P2,27.91,28.41,23.0,1.0,705.0,1755.0,6801.0,50.0,31.0
94258.782633068,2026/09/03 15:42:18.606,P2,27.91,28.41,23.0,1.0,705.0,1755.0,6801.0,50.0,31.0
94258.883580435,2026/09/03 15:42:18.707,P2,27.91,28.41,23.0,1.0,705.0,1755.0,6801.0,50.0,31.0
94258.984440688,2026/09/03 15:42:18.808,P2,27.91,28.41,23.0,1.0,705.0,1755.0,6801.0,50.0,31.0
94259.0851897,2026/09/03 15:42:18.909,P2,27.91,28.41,23.0,1.0,705.0,1755.0,6801.0,50.0,31.0
94259.186432113,2026/09/03 15:42:19.010,P2,27.91,28.17,23.0,1.0,705.0,1755.0,6801.0,50.0,31.0
94259.287226958,2026/09/03 15:42:19.111,P2,27.91,28.17,23.0,1.0,705.0,1755.0,6801.0,50.0,31.0
94259.38791745,2026/09/03 15:42:19.212,P2,27.91,28.17,23.0,1.0,705.0,1755.0,6801.0,50.0,31.0
94259.488690095,2026/09/03 15:42:19.312,P2,27.91,28.17,23.0,1.0,705.0,1755.0,6801.0,50.0,31.0
94259.589634043,2026/09/03 15:42:19.413,P2,27.91,28.17,23.0,1.0,705.0,1755.0,6801.0,50.0,31.0
94259.690604132,2026/09/03 15:42:19.514,P2,27.85,27.9,22.0,1.0,705.0,1755.0,6801.0,50.0,31.0
94259.791211201,2026/09/03 15:42:19.615,P2,27.85,27.9,22.0,1.0,705.0,1755.0,6801.0,50.0,31.0
94259.892312325,2026/09/03 15:42:19.716,P2,27.85,27.9,22.0,1.0,705.0,1755.0,6801.0,50.0,31.0
94259.993252086,2026/09/03 15:42:19.817,P2,27.85,27.9,22.0,1.0,705.0,1755.0,6801.0,50.0,31.0
94260.093910147,2026/09/03 15:42:19.918,P2,27.85,27.9,22.0,1.0,705.0,1755.0,6801.0,50.0,31.0
94260.194954215,2026/09/03 15:42:20.019,P2,28.31,28.01,22.0,1.0,705.0,1755.0,6801.0,50.0,31.0
94260.2958483,2026/09/03 15:42:20.120,P2,28.31,28.01,22.0,1.0,705.0,1755.0,6801.0,50.0,31.0
94260.396572758,2026/09/03 15:42:20.220,P2,28.31,28.01,22.0,1.0,705.0,1755.0,6801.0,50.0,31.0
94260.497428359,2026/09/03 15:42:20.321,P2,28.31,28.01,22.0,1.0,705.0,1755.0,6801.0,50.0,31.0
94260.598321165,2026/09/03 15:42:20.422,P2,28.31,28.01,22.0,1.0,705.0,1755.0,6801.0,50.0,31.0
94260.69913187,2026/09/03 15:42:20.523,P2,28.04,28.05,23.0,1.0,705.0,1755.0,6801.0,50.0,31.0
94260.80015987,2026/09/03 15:42:20.624,P2,28.04,28.05,23.0,1.0,705.0,1755.0,6801.0,50.0,31.0
94260.901461246,2026/09/03 15:42:20.725,P2,28.04,28.05,23.0,1.0,705.0,1755.0,6801.0,50.0,31.0
94261.002339539,2026/09/03 15:42:20.826,P2,28.04,28.05,23.0,1.0,705.0,1755.0,6801.0,50.0,31.0
94261.103121548,2026/09/03 15:42:20.927,P2,28.04,28.05,23.0,1.0,705.0,1755.0,6801.0,50.0,31.0
94261.204183501,2026/09/03 15:42:21.028,P2,27.91,28.0,23.0,1.0,705.0,1755.0,6801.0,50.0,31.0
94261.304895175,2026/09/03 15:42:21.129,P2,27.91,28.0,23.0,1.0,705.0,1755.0,6801.0,50.0,31.0
94261.405879791,2026/09/03 15:42:21.230,P2,27.91,28.0,23.0,1.0,705.0,1755.0,6801.0,50.0,31.0
94261.506623187,2026/09/03 15:42:21.330,P2,27.91,28.0,23.0,1.0,705.0,1755.0,6801.0,50.0,31.0
94261.607323252,2026/09/03 15:42:21.431,P2,27.91,28.0,23.0,1.0,705.0,1755.0,6801.0,50.0,31.0
94261.708433263,2026/09/03 15:42:21.532,P2,28.09,27.95,22.0,1.0,705.0,1755.0,6801.0,50.0,31.0
94261.809300741,2026/09/03 15:42:21.633,P2,28.09,27.95,22.0,1.0,705.0,1755.0,6801.0,50.0,31.0
94261.909823726,2026/09/03 15:42:21.734,P2,28.09,27.95,22.0,1.0,705.0,1755.0,6801.0,50.0,31.0
94262.010805916,2026/09/03 15:42:21.835,P2,28.09,27.95,22.0,1.0,705.0,1755.0,6801.0,50.0,31.0
94262.111522528,2026/09/03 15:42:21.935,P2,28.09,27.95,22.0,1.0,705.0,1755.0,6801.0,50.0,31.0
94262.21257663,2026/09/03 15:42:22.036,P2,27.97,27.96,22.0,1.0,705.0,1755.0,6801.0,50.0,31.0
94262.313250071,2026/09/03 15:42:22.137,P2,27.97,27.96,22.0,1.0,705.0,1755.0,6801.0,50.0,31.0
94262.414319383,2026/09/03 15:42:22.238,P2,27.97,27.96,22.0,1.0,705.0,1755.0,6801.0,50.0,31.0
94262.515345573,2026/09/03 15:42:22.339,P2,27.97,27.96,22.0,1.0,705.0,1755.0,6801.0,50.0,31.0
94262.61590398,2026/09/03 15:42:22.440,P2,27.97,27.96,22.0,1.0,705.0,1755.0,6801.0,50.0,31.0
94262.716873627,2026/09/03 15:42:22.541,P2,27.93,28.01,23.0,1.0,705.0,1755.0,6801.0,50.0,31.0
94262.817929742,2026/09/03 15:42:22.642,P2,27.93,28.01,23.0,1.0,705.0,1755.0,6801.0,50.0,31.0
94262.918600059,2026/09/03 15:42:22.742,P2,27.93,28.01,23.0,1.0,705.0,1755.0,6801.0,50.0,31.0
94263.019503741,2026/09/03 15:42:22.843,P2,27.93,28.01,23.0,1.0,705.0,1755.0,6801.0,50.0,31.0
94263.120464545,2026/09/03 15:42:22.944,P2,27.93,28.01,23.0,1.0,705.0,1755.0,6801.0,50.0,31.0
94263.221380303,2026/09/03 15:42:23.045,P2,28.03,28.07,23.0,1.0,705.0,1755.0,6801.0,50.0,31.0
94263.322271133,2026/09/03 15:42:23.146,P2,28.03,28.07,23.0,1.0,705.0,1755.0,6801.0,50.0,31.0
94263.423288262,2026/09/03 15:42:23.247,P2,28.03,28.07,23.0,1.0,705.0,1755.0,6801.0,50.0,31.0
94263.524099246,2026/09/03 15:42:23.348,P2,28.03,28.07,23.0,1.0,705.0,1755.0,6801.0,50.0,31.0
94263.624955633,2026/09/03 15:42:23.449,P2,28.03,28.07,23.0,1.0,705.0,1755.0,6801.0,50.0,31.0
94263.725784097,2026/09/03 15:42:23.549,P2,27.86,28.01,22.0,1.0,705.0,1755.0,6801.0,50.0,31.0
94263.82670165,2026/09/03 15:42:23.650,P2,27.86,28.01,22.0,1.0,705.0,1755.0,6801.0,50.0,31.0
94263.92754904,2026/09/03 15:42:23.751,P2,27.86,28.01,22.0,1.0,705.0,1755.0,6801.0,50.0,31.0
94264.028251719,2026/09/03 15:42:23.852,P2,27.86,28.01,22.0,1.0,705.0,1755.0,6801.0,50.0,31.0
94264.129215791,2026/09/03 15:42:23.953,P2,27.86,28.01,22.0,1.0,705.0,1755.0,6801.0,50.0,31.0
94264.233994376,2026/09/03 15:42:24.054,P2,28.31,28.0,22.0,1.0,705.0,1755.0,6801.0,50.0,31.0
94264.330760041,2026/09/03 15:42:24.154,P2,28.31,28.0,22.0,1.0,705.0,1755.0,6801.0,50.0,31.0
94264.431538194,2026/09/03 15:42:24.255,P2,28.31,28.0,22.0,1.0,705.0,1755.0,6801.0,50.0,31.0
94264.532370464,2026/09/03 15:42:24.356,P2,28.31,28.0,22.0,1.0,705.0,1755.0,6801.0,50.0,31.0
94264.633081114,2026/09/03 15:42:24.457,P2,28.31,28.0,22.0,1.0,705.0,1755.0,6801.0,50.0,31.0
94264.734032038,2026/09/03 15:42:24.558,P2,27.98,28.02,24.0,1.0,705.0,1755.0,6801.0,50.0,31.0
94264.834858851,2026/09/03 15:42:24.659,P2,27.98,28.02,24.0,1.0,705.0,1755.0,6801.0,50.0,31.0
94264.935678461,2026/09/03 15:42:24.760,P2,27.98,28.02,24.0,1.0,705.0,1755.0,6801.0,50.0,31.0
94265.036811885,2026/09/03 15:42:24.860,P2,27.98,28.02,24.0,1.0,705.0,1755.0,6801.0,50.0,31.0
94265.137751366,2026/09/03 15:42:24.961,P2,27.98,28.02,24.0,1.0,705.0,1755.0,6801.0,50.0,31.0
94265.239142387,2026/09/03 15:42:25.062,P2,27.85,27.96,24.0,1.0,705.0,1755.0,6801.0,50.0,31.0
94265.340128689,2026/09/03 15:42:25.164,P2,27.85,27.96,24.0,1.0,705.0,1755.0,6801.0,50.0,31.0
94265.441174116,2026/09/03 15:42:25.265,P2,27.85,27.96,24.0,1.0,705.0,1755.0,6801.0,50.0,31.0
94265.541998647,2026/09/03 15:42:25.366,P2,27.85,27.96,24.0,1.0,705.0,1755.0,6801.0,50.0,31.0
94265.643278336,2026/09/03 15:42:25.467,P2,27.85,27.96,24.0,1.0,705.0,1755.0,6801.0,50.0,31.0
94265.744307328,2026/09/03 15:42:25.568,P2,28.12,27.94,24.0,1.0,705.0,1755.0,6801.0,50.0,31.0
94265.844977243,2026/09/03 15:42:25.669,P2,28.12,27.94,24.0,1.0,705.0,1755.0,6801.0,50.0,31.0
94265.94588774,2026/09/03 15:42:25.770,P2,28.12,27.94,24.0,1.0,705.0,1755.0,6801.0,50.0,31.0
94266.04694875,2026/09/03 15:42:25.870,P2,28.12,27.94,24.0,1.0,705.0,1755.0,6801.0,50.0,31.0
94266.147780105,2026/09/03 15:42:25.971,P2,28.12,27.94,24.0,1.0,705.0,1755.0,6801.0,50.0,31.0
94266.248745039,2026/09/03 15:42:26.072,P2,28.05,28.01,24.0,1.0,705.0,1755.0,6801.0,50.0,31.0
94266.349502979,2026/09/03 15:42:26.173,P2,28.05,28.01,24.0,1.0,705.0,1755.0,6801.0,50.0,31.0
94266.450318506,2026/09/03 15:42:26.274,P2,28.05,28.01,24.0,1.0,705.0,1755.0,6801.0,50.0,31.0
94266.5511195,2026/09/03 15:42:26.375,P2,28.05,28.01,24.0,1.0,705.0,1755.0,6801.0,50.0,31.0
94266.652131102,2026/09/03 15:42:26.476,P2,28.05,28.01,24.0,1.0,705.0,1755.0,6801.0,50.0,31.0
94266.752834244,2026/09/03 15:42:26.577,P2,28.01,28.05,24.0,1.0,705.0,1755.0,6801.0,50.0,31.0
94266.853704659,2026/09/03 15:42:26.677,P2,28.01,28.05,24.0,1.0,705.0,1755.0,6801.0,50.0,31.0
94266.954485216,2026/09/03 15:42:26.778,P2,28.01,28.05,24.0,1.0,705.0,1755.0,6801.0,50.0,31.0
94267.055387933,2026/09/03 15:42:26.879,P2,28.01,28.05,24.0,1.0,705.0,1755.0,6801.0,50.0,31.0
94267.156406982,2026/09/03 15:42:26.980,P2,27.92,27.96,24.0,1.0,705.0,1755.0,6801.0,50.0,31.0
94267.257428308,2026/09/03 15:42:27.081,P2,27.92,27.96,24.0,1.0,705.0,1755.0,6801.0,50.0,31.0
94267.358179914,2026/09/03 15:42:27.182,P2,27.92,27.96,24.0,1.0,705.0,1755.0,6801.0,50.0,31.0
94267.45914611,2026/09/03 15:42:27.283,P2,27.92,27.96,24.0,1.0,705.0,1755.0,6801.0,50.0,31.0
94267.559986746,2026/09/03 15:42:27.384,P2,27.92,27.96,24.0,1.0,705.0,1755.0,6801.0,50.0,31.0
94267.660969807,2026/09/03 15:42:27.485,P2,27.94,27.93,21.0,1.0,705.0,1755.0,6801.0,50.0,31.0
94267.761906098,2026/09/03 15:42:27.586,P2,27.94,27.93,21.0,1.0,705.0,1755.0,6801.0,50.0,31.0
94267.862697995,2026/09/03 15:42:27.686,P2,27.94,27.93,21.0,1.0,705.0,1755.0,6801.0,50.0,31.0
94267.963645294,2026/09/03 15:42:27.787,P2,27.94,27.93,21.0,1.0,705.0,1755.0,6801.0,50.0,31.0
94268.064378418,2026/09/03 15:42:27.888,P2,27.94,27.93,21.0,1.0,705.0,1755.0,6801.0,50.0,31.0
94268.165333566,2026/09/03 15:42:27.989,P2,28.1,28.01,21.0,1.0,705.0,1755.0,6801.0,50.0,31.0
94268.265994574,2026/09/03 15:42:28.090,P2,28.1,28.01,21.0,1.0,705.0,1755.0,6801.0,50.0,31.0
94268.366940265,2026/09/03 15:42:28.191,P2,28.1,28.01,21.0,1.0,705.0,1755.0,6801.0,50.0,31.0
94268.467923727,2026/09/03 15:42:28.292,P2,28.1,28.01,21.0,1.0,705.0,1755.0,6801.0,50.0,31.0
94268.568598845,2026/09/03 15:42:28.392,P2,28.1,28.01,21.0,1.0,705.0,1755.0,6801.0,50.0,31.0
94268.669459932,2026/09/03 15:42:28.493,P2,28.03,28.07,24.0,1.0,705.0,1755.0,6801.0,50.0,31.0
94268.770230175,2026/09/03 15:42:28.594,P2,28.03,28.07,24.0,1.0,705.0,1755.0,6801.0,50.0,31.0
94268.871005496,2026/09/03 15:42:28.695,P2,28.03,28.07,24.0,1.0,705.0,1755.0,6801.0,50.0,31.0
94268.971792297,2026/09/03 15:42:28.796,P2,28.03,28.07,24.0,1.0,705.0,1755.0,6801.0,50.0,31.0
94269.072731347,2026/09/03 15:42:28.896,P2,28.03,28.07,24.0,1.0,705.0,1755.0,6801.0,50.0,31.0
94269.1734766,2026/09/03 15:42:28.997,P2,27.92,28.05,24.0,1.0,705.0,1755.0,6801.0,50.0,31.0
94269.27456408,2026/09/03 15:42:29.098,P2,27.92,28.05,24.0,1.0,705.0,1755.0,6801.0,50.0,31.0
94269.375284195,2026/09/03 15:42:29.199,P2,27.92,28.05,24.0,1.0,705.0,1755.0,6801.0,50.0,31.0
94269.476391,2026/09/03 15:42:29.300,P2,27.92,28.05,24.0,1.0,705.0,1755.0,6801.0,50.0,31.0
94269.577220257,2026/09/03 15:42:29.401,P2,27.92,28.05,24.0,1.0,705.0,1755.0,6801.0,50.0,31.0
94269.67821251,2026/09/03 15:42:29.502,P2,27.98,28.21,23.0,1.0,705.0,1755.0,6801.0,50.0,31.0
94269.779263002,2026/09/03 15:42:29.603,P2,27.98,28.21,23.0,1.0,705.0,1755.0,6801.0,50.0,31.0
94269.880493302,2026/09/03 15:42:29.704,P2,27.98,28.21,23.0,1.0,705.0,1755.0,6801.0,50.0,31.0
94269.981281276,2026/09/03 15:42:29.805,P2,27.98,28.21,23.0,1.0,705.0,1755.0,6801.0,50.0,31.0
94270.082111673,2026/09/03 15:42:29.906,P2,27.98,28.21,23.0,1.0,705.0,1755.0,6801.0,50.0,31.0
94270.183295474,2026/09/03 15:42:30.007,P2,28.18,28.25,23.0,1.0,705.0,1755.0,6801.0,50.0,31.0
94270.284262976,2026/09/03 15:42:30.108,P2,28.18,28.25,23.0,1.0,705.0,1755.0,6801.0,50.0,31.0
94270.384910183,2026/09/03 15:42:30.209,P2,28.18,28.25,23.0,1.0,705.0,1755.0,6801.0,50.0,31.0
94270.485828981,2026/09/03 15:42:30.310,P2,28.18,28.25,23.0,1.0,705.0,1755.0,6801.0,50.0,31.0
94270.58683308,2026/09/03 15:42:30.411,P2,28.18,28.25,23.0,1.0,705.0,1755.0,6801.0,50.0,31.0
94270.687675565,2026/09/03 15:42:30.511,P2,28.1,28.06,26.0,1.0,705.0,1755.0,6801.0,50.0,31.0
94270.788356198,2026/09/03 15:42:30.612,P2,28.1,28.06,26.0,1.0,705.0,1755.0,6801.0,50.0,31.0
94270.88925752,2026/09/03 15:42:30.713,P2,28.1,28.06,26.0,1.0,705.0,1755.0,6801.0,50.0,31.0
94270.998338008,2026/09/03 15:42:30.814,P2,28.1,28.06,26.0,1.0,705.0,1755.0,6801.0,50.0,31.0
94271.090847297,2026/09/03 15:42:30.915,P2,28.1,28.06,26.0,1.0,705.0,1755.0,6801.0,50.0,31.0
94271.191664427,2026/09/03 15:42:31.015,P2,28.21,28.08,26.0,1.0,705.0,1755.0,6801.0,50.0,31.0
94271.292648251,2026/09/03 15:42:31.116,P2,28.21,28.08,26.0,1.0,705.0,1755.0,6801.0,50.0,31.0
94271.393565282,2026/09/03 15:42:31.217,P2,28.21,28.08,26.0,1.0,705.0,1755.0,6801.0,50.0,31.0
94271.494423715,2026/09/03 15:42:31.318,P2,28.21,28.08,26.0,1.0,705.0,1755.0,6801.0,50.0,31.0
94271.595260807,2026/09/03 15:42:31.419,P2,28.21,28.08,26.0,1.0,705.0,1755.0,6801.0,50.0,31.0
94271.696366391,2026/09/03 15:42:31.520,P2,28.08,28.1,24.0,1.0,705.0,1755.0,6801.0,50.0,31.0
94271.79715544,2026/09/03 15:42:31.621,P2,28.08,28.1,24.0,1.0,705.0,1755.0,6801.0,50.0,31.0
94271.898237554,2026/09/03 15:42:31.722,P2,28.08,28.1,24.0,1.0,705.0,1755.0,6801.0,50.0,31.0
94271.998992593,2026/09/03 15:42:31.823,P2,28.08,28.1,24.0,1.0,705.0,1755.0,6801.0,50.0,31.0
94272.099931816,2026/09/03 15:42:31.924,P2,28.08,28.1,24.0,1.0,705.0,1755.0,6801.0,50.0,31.0
94272.200767554,2026/09/03 15:42:32.024,P2,28.1,28.13,24.0,1.0,705.0,1755.0,6801.0,50.0,31.0
94272.301529208,2026/09/03 15:42:32.125,P2,28.1,28.13,24.0,1.0,705.0,1755.0,6801.0,50.0,31.0
94272.402296683,2026/09/03 15:42:32.226,P2,28.1,28.13,24.0,1.0,705.0,1755.0,6801.0,50.0,31.0
94272.503138025,2026/09/03 15:42:32.327,P2,28.1,28.13,24.0,1.0,699.0,1755.0,6801.0,50.0,31.0
94272.60371212,2026/09/03 15:42:32.428,P2,28.1,28.13,24.0,1.0,709.0,1755.0,6801.0,50.0,31.0
94272.704756383,2026/09/03 15:42:32.528,P2,28.92,28.25,25.0,2.0,713.0,1755.0,6801.0,50.0,31.0
94272.805682606,2026/09/03 15:42:32.629,P2,28.92,28.25,25.0,2.0,713.0,1755.0,6801.0,50.0,31.0
94272.906688439,2026/09/03 15:42:32.730,P2,28.92,28.25,25.0,2.0,713.0,1755.0,6801.0,50.0,31.0
94273.007166256,2026/09/03 15:42:32.831,P2,28.92,28.25,25.0,2.0,713.0,1755.0,6801.0,50.0,31.0
94273.108293359,2026/09/03 15:42:32.932,P2,28.92,28.25,25.0,2.0,713.0,1755.0,6801.0,50.0,31.0
94273.208929556,2026/09/03 15:42:33.033,P2,29.05,28.64,25.0,2.0,713.0,1755.0,6801.0,50.0,31.0
94273.309964804,2026/09/03 15:42:33.134,P2,29.05,28.64,25.0,2.0,713.0,1755.0,6801.0,50.0,31.0
94273.410666029,2026/09/03 15:42:33.234,P2,29.05,28.64,25.0,2.0,713.0,1755.0,6801.0,50.0,31.0
94273.511533733,2026/09/03 15:42:33.335,P2,29.05,28.64,25.0,2.0,713.0,1755.0,6801.0,50.0,31.0
94273.612084499,2026/09/03 15:42:33.436,P2,29.05,28.64,25.0,2.0,713.0,1755.0,6801.0,50.0,31.0
94273.712922134,2026/09/03 15:42:33.537,P2,29.04,29.0,27.0,1.0,713.0,1755.0,6801.0,50.0,31.0
94273.813712719,2026/09/03 15:42:33.638,P2,29.04,29.0,27.0,1.0,713.0,1755.0,6801.0,50.0,31.0
94273.914639087,2026/09/03 15:42:33.738,P2,29.04,29.0,27.0,1.0,713.0,1755.0,6801.0,50.0,31.0
94274.015886334,2026/09/03 15:42:33.839,P2,29.04,29.0,27.0,1.0,713.0,1755.0,6801.0,50.0,31.0
94274.116548195,2026/09/03 15:42:33.940,P2,29.04,29.0,27.0,1.0,713.0,1755.0,6801.0,50.0,31.0
94274.217828831,2026/09/03 15:42:34.041,P2,29.09,29.09,27.0,1.0,713.0,1755.0,6801.0,50.0,31.0
94274.318939255,2026/09/03 15:42:34.142,P2,29.09,29.09,27.0,1.0,713.0,1755.0,6801.0,50.0,31.0
94274.419313684,2026/09/03 15:42:34.243,P2,29.09,29.09,27.0,1.0,713.0,1755.0,6801.0,50.0,31.0
94274.520211046,2026/09/03 15:42:34.344,P2,29.09,29.09,27.0,1.0,713.0,1755.0,6801.0,50.0,31.0
94274.621128883,2026/09/03 15:42:34.445,P2,29.09,29.09,27.0,1.0,713.0,1755.0,6801.0,50.0,31.0
94274.72234865,2026/09/03 15:42:34.546,P2,29.11,29.11,19.0,1.0,713.0,1755.0,6801.0,50.0,31.0
94274.823210126,2026/09/03 15:42:34.647,P2,29.11,29.11,19.0,1.0,713.0,1755.0,6801.0,50.0,31.0
94274.923832723,2026/09/03 15:42:34.748,P2,29.11,29.11,19.0,1.0,713.0,1755.0,6801.0,50.0,31.0
94275.024743898,2026/09/03 15:42:34.848,P2,29.11,29.11,19.0,1.0,713.0,1755.0,6801.0,50.0,31.0
94275.125543807,2026/09/03 15:42:34.949,P2,29.11,29.11,19.0,1.0,713.0,1755.0,6801.0,50.0,31.0
94275.226953878,2026/09/03 15:42:35.050,P2,29.08,29.11,19.0,1.0,713.0,1755.0,6801.0,51.0,31.0
94275.327432712,2026/09/03 15:42:35.151,P2,29.08,29.11,19.0,1.0,713.0,1755.0,6801.0,51.0,31.0
94275.428290419,2026/09/03 15:42:35.252,P2,29.08,29.11,19.0,1.0,713.0,1755.0,6801.0,51.0,31.0
94275.529091734,2026/09/03 15:42:35.353,P2,29.08,29.11,19.0,1.0,713.0,1755.0,6801.0,51.0,31.0
94275.630138219,2026/09/03 15:42:35.454,P2,29.08,29.11,19.0,1.0,713.0,1755.0,6801.0,51.0,31.0
94275.73124751,2026/09/03 15:42:35.554,P2,29.15,29.11,20.0,1.0,713.0,1755.0,6801.0,50.0,31.0
94275.832154853,2026/09/03 15:42:35.655,P2,29.15,29.11,20.0,1.0,713.0,1755.0,6801.0,50.0,31.0
94275.932747724,2026/09/03 15:42:35.756,P2,29.15,29.11,20.0,1.0,713.0,1755.0,6801.0,50.0,31.0
94276.033433733,2026/09/03 15:42:35.857,P2,29.15,29.11,20.0,1.0,713.0,1755.0,6801.0,50.0,31.0
94276.134646651,2026/09/03 15:42:35.958,P2,29.15,29.11,20.0,1.0,713.0,1755.0,6801.0,50.0,31.0
94276.235596594,2026/09/03 15:42:36.059,P2,29.04,29.07,20.0,1.0,713.0,1755.0,6801.0,50.0,31.0
94276.336736871,2026/09/03 15:42:36.160,P2,29.04,29.07,20.0,1.0,713.0,1755.0,6801.0,50.0,31.0
94276.437625972,2026/09/03 15:42:36.261,P2,29.04,29.07,20.0,1.0,713.0,1755.0,6801.0,50.0,31.0
94276.53855888,2026/09/03 15:42:36.362,P2,29.04,29.07,20.0,1.0,713.0,1755.0,6801.0,50.0,31.0
94276.639588556,2026/09/03 15:42:36.463,P2,29.04,29.07,20.0,1.0,713.0,1755.0,6801.0,50.0,31.0
94276.740688669,2026/09/03 15:42:36.564,P2,28.94,29.06,26.0,1.0,713.0,1755.0,6801.0,51.0,31.0
94276.841194859,2026/09/03 15:42:36.665,P2,28.94,29.06,26.0,1.0,713.0,1755.0,6801.0,51.0,31.0
94276.942603005,2026/09/03 15:42:36.766,P2,28.94,29.06,26.0,1.0,713.0,1755.0,6801.0,51.0,31.0
94277.043133221,2026/09/03 15:42:36.867,P2,28.94,29.06,26.0,1.0,713.0,1755.0,6801.0,51.0,31.0
94277.143832594,2026/09/03 15:42:36.968,P2,28.94,29.06,26.0,1.0,713.0,1755.0,6801.0,51.0,31.0
94277.244817233,2026/09/03 15:42:37.069,P2,29.05,29.03,26.0,1.0,713.0,1755.0,6801.0,50.0,31.0
94277.345699502,2026/09/03 15:42:37.169,P2,29.05,29.03,26.0,1.0,713.0,1755.0,6801.0,50.0,31.0
94277.446626169,2026/09/03 15:42:37.270,P2,29.05,29.03,26.0,1.0,700.0,1755.0,6801.0,50.0,31.0
94277.547443512,2026/09/03 15:42:37.371,P2,29.05,29.03,26.0,1.0,700.0,1755.0,6801.0,50.0,31.0
94277.648385072,2026/09/03 15:42:37.472,P2,29.05,29.03,26.0,1.0,700.0,1755.0,6801.0,50.0,31.0
94277.749385262,2026/09/03 15:42:37.573,P2,28.47,28.92,22.0,1.0,700.0,1755.0,6801.0,50.0,31.0
94277.850171277,2026/09/03 15:42:37.674,P2,28.47,28.92,22.0,1.0,700.0,1755.0,6801.0,50.0,31.0
94277.95093303,2026/09/03 15:42:37.775,P2,28.47,28.92,22.0,1.0,700.0,1755.0,6801.0,50.0,31.0
94278.051765063,2026/09/03 15:42:37.875,P2,28.47,28.92,22.0,1.0,700.0,1755.0,6801.0,50.0,31.0
94278.152473048,2026/09/03 15:42:37.976,P2,28.47,28.92,22.0,1.0,698.0,1755.0,6801.0,50.0,31.0
94278.253563578,2026/09/03 15:42:38.077,P2,28.31,28.64,22.0,1.0,698.0,1755.0,6801.0,50.0,31.0
94278.354574334,2026/09/03 15:42:38.178,P2,28.31,28.64,22.0,1.0,698.0,1755.0,6801.0,50.0,31.0
94278.455660606,2026/09/03 15:42:38.279,P2,28.31,28.64,22.0,1.0,698.0,1755.0,6801.0,50.0,31.0
94278.556659563,2026/09/03 15:42:38.380,P2,28.31,28.64,22.0,1.0,698.0,1755.0,6801.0,50.0,31.0
94278.657418927,2026/09/03 15:42:38.481,P2,28.16,28.27,23.0,1.0,698.0,1755.0,6801.0,50.0,31.0
94278.75822967,2026/09/03 15:42:38.582,P2,28.16,28.27,23.0,1.0,698.0,1755.0,6801.0,50.0,31.0
94278.858993731,2026/09/03 15:42:38.683,P2,28.16,28.27,23.0,1.0,698.0,1755.0,6801.0,50.0,31.0
94278.960173174,2026/09/03 15:42:38.784,P2,28.16,28.27,23.0,1.0,698.0,1755.0,6801.0,50.0,31.0
94279.060747814,2026/09/03 15:42:38.885,P2,28.16,28.27,23.0,1.0,698.0,1755.0,6801.0,50.0,31.0
94279.161851679,2026/09/03 15:42:38.985,P2,28.03,28.09,23.0,1.0,698.0,1755.0,6801.0,50.0,31.0
94279.262471914,2026/09/03 15:42:39.086,P2,28.03,28.09,23.0,1.0,698.0,1755.0,6801.0,50.0,31.0
94279.363401739,2026/09/03 15:42:39.187,P2,28.03,28.09,23.0,1.0,698.0,1755.0,6801.0,50.0,31.0
94279.46407234,2026/09/03 15:42:39.288,P2,28.03,28.09,23.0,1.0,698.0,1755.0,6801.0,50.0,31.0
94279.564962947,2026/09/03 15:42:39.389,P2,28.03,28.09,23.0,1.0,698.0,1755.0,6801.0,50.0,31.0
94279.665884606,2026/09/03 15:42:39.490,P2,28.05,28.06,23.0,1.0,698.0,1755.0,6801.0,50.0,31.0
94279.766692802,2026/09/03 15:42:39.590,P2,28.05,28.06,23.0,1.0,698.0,1755.0,6801.0,50.0,31.0
94279.867421152,2026/09/03 15:42:39.691,P2,28.05,28.06,23.0,1.0,698.0,1755.0,6801.0,50.0,31.0
94279.968504294,2026/09/03 15:42:39.792,P2,28.05,28.06,23.0,1.0,698.0,1755.0,6801.0,50.0,31.0
94280.069424289,2026/09/03 15:42:39.893,P2,28.05,28.06,23.0,1.0,698.0,1755.0,6801.0,50.0,31.0
94280.170418909,2026/09/03 15:42:39.994,P2,28.08,28.06,23.0,1.0,698.0,1755.0,6801.0,50.0,31.0
94280.271193858,2026/09/03 15:42:40.095,P2,28.08,28.06,23.0,1.0,698.0,1755.0,6801.0,50.0,31.0
94280.37177246,2026/09/03 15:42:40.196,P2,28.08,28.06,23.0,1.0,698.0,1755.0,6801.0,50.0,31.0
94280.472697575,2026/09/03 15:42:40.296,P2,28.08,28.06,23.0,1.0,698.0,1755.0,6801.0,50.0,31.0
94280.573549492,2026/09/03 15:42:40.397,P2,28.08,28.06,23.0,1.0,698.0,1755.0,6801.0,50.0,31.0
94280.674698097,2026/09/03 15:42:40.498,P2,28.03,28.05,24.0,1.0,698.0,1755.0,6801.0,50.0,31.0
94280.775476657,2026/09/03 15:42:40.599,P2,28.03,28.05,24.0,1.0,698.0,1755.0,6801.0,50.0,31.0
94280.876266705,2026/09/03 15:42:40.700,P2,28.03,28.05,24.0,1.0,698.0,1755.0,6801.0,50.0,31.0
94280.977284147,2026/09/03 15:42:40.801,P2,28.03,28.05,24.0,1.0,698.0,1755.0,6801.0,50.0,31.0
94281.077883541,2026/09/03 15:42:40.902,P2,28.03,28.05,24.0,1.0,698.0,1755.0,6801.0,50.0,31.0
94281.178857232,2026/09/03 15:42:41.003,P2,28.01,28.02,24.0,1.0,698.0,1755.0,6801.0,50.0,31.0
94281.279765108,2026/09/03 15:42:41.103,P2,28.01,28.02,24.0,1.0,698.0,1755.0,6801.0,50.0,31.0
94281.380673204,2026/09/03 15:42:41.204,P2,28.01,28.02,24.0,1.0,698.0,1755.0,6801.0,50.0,31.0
94281.481359507,2026/09/03 15:42:41.305,P2,28.01,28.02,24.0,1.0,698.0,1755.0,6801.0,50.0,31.0
94281.582331358,2026/09/03 15:42:41.406,P2,28.01,28.02,24.0,1.0,698.0,1755.0,6801.0,50.0,31.0
94281.683105771,2026/09/03 15:42:41.507,P2,28.02,28.01,24.0,1.0,697.0,1755.0,6801.0,50.0,31.0
94281.783916184,2026/09/03 15:42:41.608,P2,28.02,28.01,24.0,1.0,697.0,1755.0,6801.0,50.0,31.0
94281.884782117,2026/09/03 15:42:41.708,P2,28.02,28.01,24.0,1.0,697.0,1755.0,6801.0,50.0,31.0
94281.985657973,2026/09/03 15:42:41.809,P2,28.02,28.01,24.0,1.0,697.0,1755.0,6801.0,50.0,31.0
94282.086441481,2026/09/03 15:42:41.910,P2,28.02,28.01,24.0,1.0,697.0,1755.0,6801.0,50.0,31.0
94282.187138697,2026/09/03 15:42:42.011,P2,28.12,28.08,24.0,1.0,697.0,1755.0,6801.0,50.0,31.0
94282.287936097,2026/09/03 15:42:42.112,P2,28.12,28.08,24.0,1.0,697.0,1755.0,6801.0,50.0,31.0
94282.388830651,2026/09/03 15:42:42.212,P2,28.12,28.08,24.0,1.0,697.0,1755.0,6801.0,50.0,31.0
94282.489817702,2026/09/03 15:42:42.313,P2,28.12,28.08,24.0,1.0,697.0,1755.0,6801.0,50.0,31.0
94282.590410474,2026/09/03 15:42:42.414,P2,28.12,28.08,24.0,1.0,697.0,1755.0,6801.0,50.0,31.0
94282.69129572,2026/09/03 15:42:42.515,P2,28.09,28.12,24.0,1.0,697.0,1755.0,6801.0,50.0,31.0
94282.792210137,2026/09/03 15:42:42.616,P2,28.09,28.12,24.0,1.0,697.0,1755.0,6801.0,50.0,31.0
94282.893371476,2026/09/03 15:42:42.717,P2,28.09,28.12,24.0,1.0,697.0,1755.0,6801.0,50.0,31.0
94282.994073953,2026/09/03 15:42:42.818,P2,28.09,28.12,24.0,1.0,697.0,1755.0,6801.0,50.0,31.0
94283.09497266,2026/09/03 15:42:42.919,P2,28.09,28.12,24.0,1.0,697.0,1755.0,6801.0,50.0,31.0
94283.195955334,2026/09/03 15:42:43.020,P2,28.1,28.12,24.0,1.0,697.0,1755.0,6801.0,50.0,31.0
94283.296733667,2026/09/03 15:42:43.120,P2,28.1,28.12,24.0,1.0,697.0,1755.0,6801.0,50.0,31.0
94283.397533961,2026/09/03 15:42:43.221,P2,28.1,28.12,24.0,1.0,697.0,1755.0,6801.0,50.0,31.0
94283.498516796,2026/09/03 15:42:43.322,P2,28.1,28.12,24.0,1.0,697.0,1755.0,6801.0,50.0,31.0
94283.599219694,2026/09/03 15:42:43.423,P2,28.1,28.12,24.0,1.0,697.0,1755.0,6801.0,50.0,31.0
94283.699863084,2026/09/03 15:42:43.524,P2,28.12,28.12,23.0,1.0,697.0,1755.0,6801.0,50.0,31.0
94283.80066459,2026/09/03 15:42:43.624,P2,28.12,28.12,23.0,1.0,697.0,1755.0,6801.0,50.0,31.0
94283.901350929,2026/09/03 15:42:43.725,P2,28.12,28.12,23.0,1.0,697.0,1755.0,6801.0,50.0,31.0
94284.002261337,2026/09/03 15:42:43.826,P2,28.12,28.12,23.0,1.0,697.0,1755.0,6801.0,50.0,31.0
94284.103123848,2026/09/03 15:42:43.927,P2,28.12,28.12,23.0,1.0,697.0,1755.0,6801.0,50.0,31.0
94284.203793602,2026/09/03 15:42:44.028,P2,28.26,28.1,23.0,1.0,697.0,1755.0,6801.0,50.0,31.0
94284.304590403,2026/09/03 15:42:44.128,P2,28.26,28.1,23.0,1.0,697.0,1755.0,6801.0,50.0,31.0
94284.405280092,2026/09/03 15:42:44.229,P2,28.26,28.1,23.0,1.0,697.0,1755.0,6801.0,50.0,31.0
94284.506228253,2026/09/03 15:42:44.330,P2,28.26,28.1,23.0,1.0,697.0,1755.0,6801.0,50.0,31.0
94284.607087443,2026/09/03 15:42:44.431,P2,28.26,28.1,23.0,1.0,697.0,1755.0,6801.0,50.0,31.0
94284.707768687,2026/09/03 15:42:44.531,P2,28.39,28.22,25.0,1.0,697.0,1755.0,6801.0,50.0,31.0
94284.808656874,2026/09/03 15:42:44.632,P2,28.39,28.22,25.0,1.0,697.0,1755.0,6801.0,50.0,31.0
94284.909253934,2026/09/03 15:42:44.733,P2,28.39,28.22,25.0,1.0,697.0,1755.0,6801.0,50.0,31.0
94285.010093536,2026/09/03 15:42:44.834,P2,28.39,28.22,25.0,1.0,697.0,1755.0,6801.0,50.0,31.0
94285.110772741,2026/09/03 15:42:44.935,P2,28.39,28.22,25.0,1.0,697.0,1755.0,6801.0,50.0,31.0
94285.211705306,2026/09/03 15:42:45.035,P2,28.23,28.29,25.0,1.0,697.0,1755.0,6801.0,50.0,31.0
94285.312777077,2026/09/03 15:42:45.136,P2,28.23,28.29,25.0,1.0,697.0,1755.0,6801.0,50.0,31.0
94285.413521081,2026/09/03 15:42:45.237,P2,28.23,28.29,25.0,1.0,697.0,1755.0,6801.0,50.0,31.0
94285.514410181,2026/09/03 15:42:45.338,P2,28.23,28.29,25.0,1.0,697.0,1755.0,6801.0,50.0,31.0
94285.615452608,2026/09/03 15:42:45.439,P2,28.23,28.29,25.0,1.0,697.0,1755.0,6801.0,50.0,31.0
94285.716076519,2026/09/03 15:42:45.540,P2,28.51,28.31,27.0,1.0,697.0,1755.0,6801.0,50.0,31.0
94285.816913275,2026/09/03 15:42:45.641,P2,28.51,28.31,27.0,1.0,697.0,1755.0,6801.0,50.0,31.0
94285.917781486,2026/09/03 15:42:45.742,P2,28.51,28.31,27.0,1.0,697.0,1755.0,6801.0,50.0,31.0
94286.018945178,2026/09/03 15:42:45.842,P2,28.51,28.31,27.0,1.0,697.0,1755.0,6801.0,50.0,31.0
94286.119692963,2026/09/03 15:42:45.943,P2,28.51,28.31,27.0,1.0,697.0,1755.0,6801.0,50.0,31.0
94286.220354063,2026/09/03 15:42:46.044,P2,28.09,28.31,27.0,1.0,697.0,1755.0,6801.0,50.0,31.0
94286.321194606,2026/09/03 15:42:46.145,P2,28.09,28.31,27.0,1.0,697.0,1755.0,6801.0,50.0,31.0
94286.422180145,2026/09/03 15:42:46.246,P2,28.09,28.31,27.0,1.0,697.0,1755.0,6801.0,50.0,31.0
94286.522901898,2026/09/03 15:42:46.347,P2,28.09,28.31,27.0,1.0,697.0,1755.0,6801.0,50.0,31.0
94286.62369468,2026/09/03 15:42:46.448,P2,28.09,28.31,27.0,1.0,697.0,1755.0,6801.0,50.0,31.0
94286.724755994,2026/09/03 15:42:46.548,P2,28.37,28.25,24.0,1.0,697.0,1755.0,6801.0,50.0,31.0
94286.825696324,2026/09/03 15:42:46.649,P2,28.37,28.25,24.0,1.0,697.0,1755.0,6801.0,50.0,31.0
94286.926496265,2026/09/03 15:42:46.750,P2,28.37,28.25,24.0,1.0,697.0,1755.0,6801.0,50.0,31.0
94287.02720792,2026/09/03 15:42:46.851,P2,28.37,28.25,24.0,1.0,697.0,1755.0,6801.0,50.0,31.0
94287.128395039,2026/09/03 15:42:46.952,P2,28.37,28.25,24.0,1.0,697.0,1755.0,6801.0,50.0,31.0
94287.229324962,2026/09/03 15:42:47.053,P2,28.25,28.2,24.0,1.0,697.0,1755.0,6801.0,50.0,31.0
94287.330014747,2026/09/03 15:42:47.154,P2,28.25,28.2,24.0,1.0,697.0,1755.0,6801.0,50.0,31.0
94287.431461908,2026/09/03 15:42:47.255,P2,28.25,28.2,24.0,1.0,697.0,1755.0,6801.0,50.0,31.0
94287.532051653,2026/09/03 15:42:47.356,P2,28.25,28.2,24.0,1.0,697.0,1755.0,6801.0,50.0,31.0
94287.633443319,2026/09/03 15:42:47.457,P2,28.25,28.2,24.0,1.0,697.0,1755.0,6801.0,50.0,31.0
94287.734034965,2026/09/03 15:42:47.558,P2,28.15,28.2,14.0,1.0,697.0,1755.0,6801.0,50.0,31.0
94287.834939821,2026/09/03 15:42:47.659,P2,28.15,28.2,14.0,1.0,697.0,1755.0,6801.0,50.0,31.0
94287.935840121,2026/09/03 15:42:47.760,P2,28.15,28.2,14.0,1.0,697.0,1755.0,6801.0,50.0,31.0
94288.036934365,2026/09/03 15:42:47.860,P2,28.15,28.2,14.0,1.0,697.0,1755.0,6801.0,50.0,31.0
94288.137555469,2026/09/03 15:42:47.961,P2,28.15,28.2,14.0,1.0,697.0,1755.0,6801.0,50.0,31.0
94288.238615848,2026/09/03 15:42:48.062,P2,28.03,28.17,14.0,1.0,697.0,1755.0,6801.0,50.0,31.0
94288.339504517,2026/09/03 15:42:48.163,P2,28.03,28.17,14.0,1.0,697.0,1755.0,6801.0,50.0,31.0
94288.440448552,2026/09/03 15:42:48.264,P2,28.03,28.17,14.0,1.0,697.0,1755.0,6801.0,50.0,31.0
94288.541122726,2026/09/03 15:42:48.365,P2,28.03,28.17,14.0,1.0,697.0,1755.0,6801.0,50.0,31.0
94288.641925894,2026/09/03 15:42:48.466,P2,28.03,28.17,14.0,1.0,697.0,1755.0,6801.0,50.0,31.0
94288.742725093,2026/09/03 15:42:48.566,P2,27.98,28.09,24.0,1.0,697.0,1755.0,6801.0,50.0,31.0
94288.843437507,2026/09/03 15:42:48.667,P2,27.98,28.09,24.0,1.0,697.0,1755.0,6801.0,50.0,31.0
94288.944307788,2026/09/03 15:42:48.768,P2,27.98,28.09,24.0,1.0,697.0,1755.0,6801.0,50.0,31.0
94289.045256986,2026/09/03 15:42:48.869,P2,27.98,28.09,24.0,1.0,697.0,1755.0,6801.0,50.0,31.0
94289.145894774,2026/09/03 15:42:48.970,P2,27.98,28.09,24.0,1.0,697.0,1755.0,6801.0,50.0,31.0
94289.247053592,2026/09/03 15:42:49.070,P2,28.26,28.04,24.0,1.0,697.0,1755.0,6801.0,50.0,31.0
94289.347645444,2026/09/03 15:42:49.171,P2,28.26,28.04,24.0,1.0,697.0,1755.0,6801.0,50.0,31.0
94289.44869005,2026/09/03 15:42:49.272,P2,28.26,28.04,24.0,1.0,697.0,1755.0,6801.0,50.0,31.0
94289.549434981,2026/09/03 15:42:49.373,P2,28.26,28.04,24.0,1.0,697.0,1755.0,6801.0,50.0,31.0
94289.653119828,2026/09/03 15:42:49.474,P2,28.26,28.04,24.0,1.0,697.0,1755.0,6801.0,50.0,31.0
94289.753985494,2026/09/03 15:42:49.578,P2,28.03,28.08,22.0,1.0,697.0,1755.0,6801.0,50.0,31.0
94289.854586731,2026/09/03 15:42:49.678,P2,28.03,28.08,22.0,1.0,697.0,1755.0,6801.0,50.0,31.0
94289.955569371,2026/09/03 15:42:49.779,P2,28.03,28.08,22.0,1.0,697.0,1755.0,6801.0,50.0,31.0
94290.056264284,2026/09/03 15:42:49.880,P2,28.03,28.08,22.0,1.0,697.0,1755.0,6801.0,50.0,31.0
94290.157162328,2026/09/03 15:42:49.981,P2,28.04,28.14,22.0,1.0,697.0,1755.0,6801.0,50.0,31.0
94290.25788396,2026/09/03 15:42:50.082,P2,28.04,28.14,22.0,1.0,697.0,1755.0,6801.0,50.0,31.0
94290.359052836,2026/09/03 15:42:50.183,P2,28.04,28.14,22.0,1.0,697.0,1755.0,6801.0,50.0,31.0
94290.459648174,2026/09/03 15:42:50.283,P2,28.04,28.14,22.0,1.0,697.0,1755.0,6801.0,50.0,31.0
94290.560250682,2026/09/03 15:42:50.384,P2,28.04,28.14,22.0,1.0,697.0,1755.0,6801.0,50.0,31.0
94290.661326393,2026/09/03 15:42:50.485,P2,28.25,28.13,18.0,1.0,697.0,1755.0,6801.0,50.0,31.0
94290.761824977,2026/09/03 15:42:50.586,P2,28.25,28.13,18.0,1.0,697.0,1755.0,6801.0,50.0,31.0
94290.862636746,2026/09/03 15:42:50.686,P2,28.25,28.13,18.0,1.0,697.0,1755.0,6801.0,50.0,31.0
94290.963653151,2026/09/03 15:42:50.787,P2,28.25,28.13,18.0,1.0,697.0,1755.0,6801.0,50.0,31.0
94291.06471035,2026/09/03 15:42:50.888,P2,28.25,28.13,18.0,1.0,697.0,1755.0,6801.0,50.0,31.0
94291.165663162,2026/09/03 15:42:50.989,P2,28.24,28.17,18.0,1.0,697.0,1755.0,6801.0,50.0,31.0
94291.266434597,2026/09/03 15:42:51.090,P2,28.24,28.17,18.0,1.0,697.0,1755.0,6801.0,50.0,31.0
94291.367132627,2026/09/03 15:42:51.191,P2,28.24,28.17,18.0,1.0,697.0,1755.0,6801.0,50.0,31.0
94291.468102356,2026/09/03 15:42:51.292,P2,28.24,28.17,18.0,1.0,697.0,1755.0,6801.0,50.0,31.0
94291.569322102,2026/09/03 15:42:51.393,P2,28.24,28.17,18.0,1.0,697.0,1755.0,6801.0,50.0,31.0
94291.669848301,2026/09/03 15:42:51.493,P2,28.2,28.23,13.0,1.0,705.0,1755.0,6801.0,50.0,31.0
94291.770785213,2026/09/03 15:42:51.594,P2,28.2,28.23,13.0,1.0,705.0,1755.0,6801.0,50.0,31.0
94291.871746893,2026/09/03 15:42:51.695,P2,28.2,28.23,13.0,1.0,705.0,1755.0,6801.0,50.0,31.0
94291.972765889,2026/09/03 15:42:51.796,P2,28.2,28.23,13.0,1.0,705.0,1755.0,6801.0,50.0,31.0
94292.073463603,2026/09/03 15:42:51.897,P2,28.2,28.23,13.0,1.0,705.0,1755.0,6801.0,50.0,31.0
94292.174537595,2026/09/03 15:42:51.998,P2,28.89,28.46,13.0,1.0,705.0,1755.0,6801.0,50.0,31.0
94292.275344845,2026/09/03 15:42:52.099,P2,28.89,28.46,13.0,1.0,705.0,1755.0,6801.0,50.0,31.0
94292.376303539,2026/09/03 15:42:52.200,P2,28.89,28.46,13.0,1.0,706.0,1755.0,6801.0,50.0,31.0
94292.477082124,2026/09/03 15:42:52.301,P2,28.89,28.46,13.0,1.0,706.0,1755.0,6801.0,50.0,31.0
94292.57793789,2026/09/03 15:42:52.402,P2,28.89,28.46,13.0,1.0,706.0,1755.0,6801.0,50.0,31.0
94292.678917433,2026/09/03 15:42:52.503,P2,28.36,28.6,25.0,1.0,706.0,1755.0,6801.0,50.0,31.0
94292.779620602,2026/09/03 15:42:52.603,P2,28.36,28.6,25.0,1.0,706.0,1755.0,6801.0,50.0,31.0
94292.880357385,2026/09/03 15:42:52.704,P2,28.36,28.6,25.0,1.0,706.0,1755.0,6801.0,50.0,31.0
94292.981313706,2026/09/03 15:42:52.805,P2,28.36,28.6,25.0,1.0,706.0,1755.0,6801.0,50.0,31.0
94293.082159117,2026/09/03 15:42:52.906,P2,28.36,28.6,25.0,1.0,706.0,1755.0,6801.0,50.0,31.0
94293.183199621,2026/09/03 15:42:53.007,P2,28.17,28.45,25.0,1.0,706.0,1755.0,6801.0,50.0,31.0
94293.283827275,2026/09/03 15:42:53.108,P2,28.17,28.45,25.0,1.0,706.0,1755.0,6801.0,50.0,31.0
94293.384690375,2026/09/03 15:42:53.209,P2,28.17,28.45,25.0,1.0,720.0,1755.0,6801.0,50.0,31.0
94293.485645573,2026/09/03 15:42:53.309,P2,28.17,28.45,25.0,1.0,715.0,1755.0,6801.0,50.0,31.0
94293.586436244,2026/09/03 15:42:53.410,P2,28.17,28.45,25.0,1.0,716.0,1755.0,6801.0,50.0,31.0
94293.687310805,2026/09/03 15:42:53.511,P2,29.02,28.46,27.0,2.0,716.0,1755.0,6801.0,50.0,31.0
94293.788283841,2026/09/03 15:42:53.612,P2,29.02,28.46,27.0,2.0,727.0,1755.0,6801.0,50.0,31.0
94293.889274255,2026/09/03 15:42:53.713,P2,29.02,28.46,27.0,2.0,727.0,1755.0,6801.0,50.0,31.0
94293.990396844,2026/09/03 15:42:53.814,P2,29.02,28.46,27.0,2.0,727.0,1755.0,6801.0,50.0,31.0
94294.091319353,2026/09/03 15:42:53.915,P2,29.02,28.46,27.0,2.0,727.0,1755.0,6801.0,50.0,31.0
94294.192252401,2026/09/03 15:42:54.016,P2,28.68,28.8,27.0,2.0,727.0,1755.0,6801.0,51.0,31.0
94294.292872159,2026/09/03 15:42:54.117,P2,28.68,28.8,27.0,2.0,727.0,1755.0,6801.0,51.0,31.0
94294.39370876,2026/09/03 15:42:54.218,P2,28.68,28.8,27.0,2.0,727.0,1755.0,6801.0,51.0,31.0
94294.494694747,2026/09/03 15:42:54.318,P2,28.68,28.8,27.0,2.0,727.0,1755.0,6801.0,51.0,31.0
94294.595678192,2026/09/03 15:42:54.419,P2,28.68,28.8,27.0,2.0,727.0,1755.0,6801.0,51.0,31.0
94294.696479498,2026/09/03 15:42:54.520,P2,28.3,28.81,23.0,1.0,727.0,1755.0,6801.0,50.0,31.0
94294.797039615,2026/09/03 15:42:54.621,P2,28.3,28.81,23.0,1.0,727.0,1755.0,6801.0,50.0,31.0
94294.897912738,2026/09/03 15:42:54.722,P2,28.3,28.81,23.0,1.0,727.0,1755.0,6801.0,50.0,31.0
94294.998719192,2026/09/03 15:42:54.822,P2,28.3,28.81,23.0,1.0,727.0,1755.0,6801.0,50.0,31.0
94295.099501854,2026/09/03 15:42:54.923,P2,28.3,28.81,23.0,1.0,727.0,1755.0,6801.0,50.0,31.0
94295.200508731,2026/09/03 15:42:55.024,P2,28.36,28.5,23.0,1.0,727.0,1755.0,6801.0,50.0,31.0
94295.300947941,2026/09/03 15:42:55.125,P2,28.36,28.5,23.0,1.0,727.0,1755.0,6801.0,50.0,31.0
94295.401887663,2026/09/03 15:42:55.226,P2,28.36,28.5,23.0,1.0,727.0,1755.0,6801.0,50.0,31.0
94295.502689903,2026/09/03 15:42:55.326,P2,28.36,28.5,23.0,1.0,727.0,1755.0,6801.0,50.0,31.0
94295.603585406,2026/09/03 15:42:55.427,P2,28.36,28.5,23.0,1.0,727.0,1755.0,6801.0,50.0,31.0
94295.70435218,2026/09/03 15:42:55.528,P2,28.5,28.45,22.0,1.0,727.0,1755.0,6801.0,50.0,31.0
94295.804939762,2026/09/03 15:42:55.629,P2,28.5,28.45,22.0,1.0,727.0,1755.0,6801.0,50.0,31.0
94295.90592869,2026/09/03 15:42:55.730,P2,28.5,28.45,22.0,1.0,727.0,1755.0,6801.0,50.0,31.0
94296.006846638,2026/09/03 15:42:55.830,P2,28.5,28.45,22.0,1.0,727.0,1755.0,6801.0,50.0,31.0
94296.107383668,2026/09/03 15:42:55.931,P2,28.5,28.45,22.0,1.0,727.0,1755.0,6801.0,50.0,31.0
94296.210893641,2026/09/03 15:42:56.032,P2,27.9,28.45,22.0,1.0,727.0,1755.0,6801.0,50.0,31.0
94296.312020355,2026/09/03 15:42:56.136,P2,27.9,28.45,22.0,1.0,727.0,1755.0,6801.0,50.0,31.0
94296.41292261,2026/09/03 15:42:56.237,P2,27.9,28.45,22.0,1.0,727.0,1755.0,6801.0,50.0,31.0
94296.513737638,2026/09/03 15:42:56.338,P2,27.9,28.45,22.0,1.0,727.0,1755.0,6801.0,50.0,31.0
94296.614506173,2026/09/03 15:42:56.438,P2,27.9,28.45,22.0,1.0,727.0,1755.0,6801.0,50.0,31.0
94296.715319422,2026/09/03 15:42:56.539,P2,27.94,28.2,21.0,1.0,727.0,1755.0,6801.0,50.0,31.0
94296.816115181,2026/09/03 15:42:56.640,P2,27.94,28.2,21.0,1.0,727.0,1755.0,6801.0,50.0,31.0
94296.916954576,2026/09/03 15:42:56.741,P2,27.94,28.2,21.0,1.0,727.0,1755.0,6801.0,50.0,31.0
94297.018130552,2026/09/03 15:42:56.842,P2,27.94,28.2,21.0,1.0,727.0,1755.0,6801.0,50.0,31.0
94297.118767366,2026/09/03 15:42:56.943,P2,27.94,28.2,21.0,1.0,727.0,1755.0,6801.0,50.0,31.0
94297.219679246,2026/09/03 15:42:57.043,P2,27.88,27.9,21.0,1.0,727.0,1755.0,6801.0,50.0,31.0
94297.320487773,2026/09/03 15:42:57.144,P2,27.88,27.9,21.0,1.0,727.0,1755.0,6801.0,50.0,31.0
94297.421472987,2026/09/03 15:42:57.245,P2,27.88,27.9,21.0,1.0,727.0,1755.0,6801.0,50.0,31.0
94297.522269281,2026/09/03 15:42:57.346,P2,27.88,27.9,21.0,1.0,727.0,1755.0,6801.0,50.0,31.0
94297.623532785,2026/09/03 15:42:57.447,P2,27.88,27.9,21.0,1.0,727.0,1755.0,6801.0,50.0,31.0
94297.724113858,2026/09/03 15:42:57.548,P2,27.91,27.92,20.0,1.0,727.0,1755.0,6801.0,50.0,31.0
94297.824755183,2026/09/03 15:42:57.649,P2,27.91,27.92,20.0,1.0,727.0,1755.0,6801.0,50.0,31.0
94297.92555497,2026/09/03 15:42:57.749,P2,27.91,27.92,20.0,1.0,727.0,1755.0,6801.0,50.0,31.0
94298.026341909,2026/09/03 15:42:57.850,P2,27.91,27.92,20.0,1.0,727.0,1755.0,6801.0,50.0,31.0
94298.127345931,2026/09/03 15:42:57.951,P2,27.91,27.92,20.0,1.0,727.0,1755.0,6801.0,50.0,31.0
94298.228642896,2026/09/03 15:42:58.052,P2,28.0,27.93,20.0,1.0,727.0,1755.0,6801.0,50.0,31.0
94298.329459567,2026/09/03 15:42:58.153,P2,28.0,27.93,20.0,1.0,727.0,1755.0,6801.0,50.0,31.0
94298.430568732,2026/09/03 15:42:58.254,P2,28.0,27.93,20.0,1.0,727.0,1755.0,6801.0,50.0,31.0
94298.531508509,2026/09/03 15:42:58.355,P2,28.0,27.93,20.0,1.0,727.0,1755.0,6801.0,50.0,31.0
94298.632660579,2026/09/03 15:42:58.456,P2,28.0,27.93,20.0,1.0,727.0,1755.0,6801.0,50.0,31.0
94298.733632305,2026/09/03 15:42:58.557,P2,27.87,28.0,23.0,1.0,727.0,1755.0,6801.0,50.0,31.0
94298.83450522,2026/09/03 15:42:58.658,P2,27.87,28.0,23.0,1.0,727.0,1755.0,6801.0,50.0,31.0
94298.935622235,2026/09/03 15:42:58.759,P2,27.87,28.0,23.0,1.0,727.0,1755.0,6801.0,50.0,31.0
94299.036073406,2026/09/03 15:42:58.860,P2,27.87,28.0,23.0,1.0,727.0,1755.0,6801.0,50.0,31.0
94299.137024205,2026/09/03 15:42:58.961,P2,27.87,28.0,23.0,1.0,727.0,1755.0,6801.0,50.0,31.0
94299.237778937,2026/09/03 15:42:59.062,P2,27.87,27.99,23.0,1.0,727.0,1755.0,6801.0,50.0,31.0
94299.338871519,2026/09/03 15:42:59.163,P2,27.87,27.99,23.0,1.0,727.0,1755.0,6801.0,50.0,31.0
94299.439570996,2026/09/03 15:42:59.263,P2,27.87,27.99,23.0,1.0,727.0,1755.0,6801.0,50.0,31.0
94299.540539282,2026/09/03 15:42:59.364,P2,27.87,27.99,23.0,1.0,727.0,1755.0,6801.0,50.0,31.0
94299.641326166,2026/09/03 15:42:59.465,P2,27.87,27.99,23.0,1.0,727.0,1755.0,6801.0,50.0,31.0
94299.742282432,2026/09/03 15:42:59.566,P2,28.44,27.98,26.0,2.0,727.0,1755.0,6801.0,50.0,31.0
94299.843366635,2026/09/03 15:42:59.667,P2,28.44,27.98,26.0,2.0,759.0,1755.0,6801.0,50.0,31.0
94299.943919689,2026/09/03 15:42:59.768,P2,28.44,27.98,26.0,2.0,759.0,1755.0,6801.0,50.0,31.0
94300.044988613,2026/09/03 15:42:59.869,P2,28.44,27.98,26.0,2.0,759.0,1755.0,6801.0,50.0,31.0
94300.145839744,2026/09/03 15:42:59.969,P2,28.44,27.98,26.0,2.0,764.0,1755.0,6801.0,50.0,31.0
94300.246796513,2026/09/03 15:43:00.070,P2,28.48,28.34,26.0,2.0,764.0,1755.0,6801.0,50.0,31.0
94300.347747624,2026/09/03 15:43:00.171,P2,28.48,28.34,26.0,2.0,764.0,1755.0,6801.0,50.0,31.0
94300.44867807,2026/09/03 15:43:00.272,P2,28.48,28.34,26.0,2.0,764.0,1755.0,6801.0,50.0,31.0
94300.549779902,2026/09/03 15:43:00.373,P2,28.48,28.34,26.0,2.0,764.0,1755.0,6801.0,50.0,31.0
94300.65043033,2026/09/03 15:43:00.474,P2,28.48,28.34,26.0,2.0,764.0,1755.0,6801.0,50.0,31.0
94300.751142339,2026/09/03 15:43:00.575,P2,28.47,28.64,23.0,2.0,764.0,1755.0,6801.0,50.0,31.0
94300.851972055,2026/09/03 15:43:00.676,P2,28.47,28.64,23.0,2.0,764.0,1755.0,6801.0,50.0,31.0
94300.952842624,2026/09/03 15:43:00.777,P2,28.47,28.64,23.0,2.0,762.0,1755.0,6801.0,50.0,31.0
94301.053678825,2026/09/03 15:43:00.877,P2,28.47,28.64,23.0,2.0,762.0,1755.0,6801.0,50.0,31.0
94301.155232948,2026/09/03 15:43:00.978,P2,28.96,28.67,23.0,2.0,762.0,1755.0,6801.0,51.0,31.0
94301.255976653,2026/09/03 15:43:01.080,P2,28.96,28.67,23.0,2.0,762.0,1755.0,6801.0,51.0,31.0
94301.356951268,2026/09/03 15:43:01.181,P2,28.96,28.67,23.0,2.0,762.0,1755.0,6801.0,51.0,31.0
94301.457885539,2026/09/03 15:43:01.282,P2,28.96,28.67,23.0,2.0,762.0,1755.0,6801.0,51.0,31.0
94301.558816812,2026/09/03 15:43:01.383,P2,28.96,28.67,23.0,2.0,762.0,1755.0,6801.0,51.0,31.0
94301.659700706,2026/09/03 15:43:01.483,P2,28.32,28.67,27.0,1.0,762.0,1755.0,6801.0,50.0,31.0
94301.760466737,2026/09/03 15:43:01.584,P2,28.32,28.67,27.0,1.0,762.0,1755.0,6801.0,50.0,31.0
94301.861440606,2026/09/03 15:43:01.685,P2,28.32,28.67,27.0,1.0,762.0,1755.0,6801.0,50.0,31.0
94301.96208139,2026/09/03 15:43:01.786,P2,28.32,28.67,27.0,1.0,762.0,1755.0,6801.0,50.0,31.0
94302.062979231,2026/09/03 15:43:01.887,P2,28.32,28.67,27.0,1.0,762.0,1755.0,6801.0,50.0,31.0
94302.163904682,2026/09/03 15:43:01.988,P2,28.37,28.54,27.0,1.0,762.0,1755.0,6801.0,51.0,31.0
94302.264752757,2026/09/03 15:43:02.089,P2,28.37,28.54,27.0,1.0,762.0,1755.0,6801.0,51.0,31.0
94302.365666957,2026/09/03 15:43:02.189,P2,28.37,28.54,27.0,1.0,762.0,1755.0,6801.0,51.0,31.0
94302.466808716,2026/09/03 15:43:02.290,P2,28.37,28.54,27.0,1.0,762.0,1755.0,6801.0,51.0,31.0
94302.567356122,2026/09/03 15:43:02.391,P2,28.37,28.54,27.0,1.0,762.0,1755.0,6801.0,51.0,31.0
94302.668661012,2026/09/03 15:43:02.492,P2,28.4,28.33,26.0,1.0,762.0,1755.0,6801.0,51.0,31.0
94302.769259482,2026/09/03 15:43:02.593,P2,28.4,28.33,26.0,1.0,762.0,1755.0,6801.0,51.0,31.0
94302.870666616,2026/09/03 15:43:02.694,P2,28.4,28.33,26.0,1.0,762.0,1755.0,6801.0,51.0,31.0
94302.971253568,2026/09/03 15:43:02.795,P2,28.4,28.33,26.0,1.0,759.0,1755.0,6801.0,51.0,31.0
94303.072227544,2026/09/03 15:43:02.896,P2,28.4,28.33,26.0,1.0,759.0,1755.0,6801.0,51.0,31.0
94303.173298566,2026/09/03 15:43:02.997,P2,28.9,28.43,26.0,1.0,759.0,1755.0,6801.0,50.0,31.0
94303.2741402,2026/09/03 15:43:03.098,P2,28.9,28.43,26.0,1.0,759.0,1755.0,6801.0,50.0,31.0
94303.374939683,2026/09/03 15:43:03.199,P2,28.9,28.43,26.0,1.0,759.0,1755.0,6801.0,50.0,31.0
94303.475844664,2026/09/03 15:43:03.300,P2,28.9,28.43,26.0,1.0,759.0,1755.0,6801.0,50.0,31.0
94303.576848208,2026/09/03 15:43:03.400,P2,28.9,28.43,26.0,1.0,752.0,1755.0,6801.0,50.0,31.0
94303.677655801,2026/09/03 15:43:03.501,P2,28.98,28.55,24.0,2.0,752.0,1755.0,6801.0,51.0,31.0
94303.778971293,2026/09/03 15:43:03.602,P2,28.98,28.55,24.0,2.0,752.0,1755.0,6801.0,51.0,31.0
94303.879474154,2026/09/03 15:43:03.703,P2,28.98,28.55,24.0,2.0,752.0,1755.0,6801.0,51.0,31.0
94303.980528703,2026/09/03 15:43:03.804,P2,28.98,28.55,24.0,2.0,752.0,1755.0,6801.0,51.0,31.0
94304.081466749,2026/09/03 15:43:03.905,P2,28.98,28.55,24.0,2.0,752.0,1755.0,6801.0,51.0,31.0
94304.18215029,2026/09/03 15:43:04.006,P2,28.82,28.64,24.0,2.0,752.0,1755.0,6801.0,50.0,31.0
94304.282912056,2026/09/03 15:43:04.107,P2,28.82,28.64,24.0,2.0,752.0,1755.0,6801.0,50.0,31.0
94304.383758877,2026/09/03 15:43:04.208,P2,28.82,28.64,24.0,2.0,752.0,1755.0,6801.0,50.0,31.0
94304.48466047,2026/09/03 15:43:04.308,P2,28.82,28.64,24.0,2.0,752.0,1755.0,6801.0,50.0,31.0
94304.585550219,2026/09/03 15:43:04.409,P2,28.82,28.64,24.0,2.0,752.0,1755.0,6801.0,50.0,31.0
94304.686514481,2026/09/03 15:43:04.510,P2,27.97,28.4,18.0,1.0,752.0,1755.0,6801.0,50.0,31.0
94304.787683617,2026/09/03 15:43:04.611,P2,27.97,28.4,18.0,1.0,752.0,1755.0,6801.0,50.0,31.0
94304.888255376,2026/09/03 15:43:04.712,P2,27.97,28.4,18.0,1.0,752.0,1755.0,6801.0,50.0,31.0
94304.98906033,2026/09/03 15:43:04.813,P2,27.97,28.4,18.0,1.0,752.0,1755.0,6801.0,50.0,31.0
94305.090025567,2026/09/03 15:43:04.914,P2,27.97,28.4,18.0,1.0,752.0,1755.0,6801.0,50.0,31.0
94305.190800278,2026/09/03 15:43:05.014,P2,27.97,28.03,18.0,1.0,752.0,1755.0,6801.0,50.0,31.0
94305.291646078,2026/09/03 15:43:05.115,P2,27.97,28.03,18.0,1.0,752.0,1755.0,6801.0,50.0,31.0
94305.392493161,2026/09/03 15:43:05.216,P2,27.97,28.03,18.0,1.0,752.0,1755.0,6801.0,50.0,31.0
94305.493334886,2026/09/03 15:43:05.317,P2,27.97,28.03,18.0,1.0,752.0,1755.0,6801.0,50.0,31.0
94305.594409632,2026/09/03 15:43:05.418,P2,27.97,28.03,18.0,1.0,752.0,1755.0,6801.0,50.0,31.0
94305.695077761,2026/09/03 15:43:05.519,P2,27.98,27.94,21.0,1.0,752.0,1755.0,6801.0,51.0,31.0
94305.796108444,2026/09/03 15:43:05.620,P2,27.98,27.94,21.0,1.0,752.0,1755.0,6801.0,51.0,31.0
94305.896650779,2026/09/03 15:43:05.721,P2,27.98,27.94,21.0,1.0,752.0,1755.0,6801.0,51.0,31.0
94305.997562388,2026/09/03 15:43:05.821,P2,27.98,27.94,21.0,1.0,752.0,1755.0,6801.0,51.0,31.0
94306.098273669,2026/09/03 15:43:05.922,P2,27.98,27.94,21.0,1.0,752.0,1755.0,6801.0,51.0,31.0
94306.199360677,2026/09/03 15:43:06.023,P2,28.16,28.01,21.0,1.0,752.0,1755.0,6801.0,51.0,31.0
94306.299946618,2026/09/03 15:43:06.124,P2,28.16,28.01,21.0,1.0,752.0,1755.0,6801.0,51.0,31.0
94306.400973181,2026/09/03 15:43:06.225,P2,28.16,28.01,21.0,1.0,752.0,1755.0,6801.0,51.0,31.0
94306.501652931,2026/09/03 15:43:06.325,P2,28.16,28.01,21.0,1.0,752.0,1755.0,6801.0,51.0,31.0
94306.602578698,2026/09/03 15:43:06.426,P2,28.16,28.01,21.0,1.0,752.0,1755.0,6801.0,51.0,31.0
94306.703454872,2026/09/03 15:43:06.527,P2,28.03,28.07,24.0,1.0,752.0,1755.0,6801.0,50.0,31.0
94306.804307533,2026/09/03 15:43:06.628,P2,28.03,28.07,24.0,1.0,752.0,1755.0,6801.0,50.0,31.0
94306.905375827,2026/09/03 15:43:06.729,P2,28.03,28.07,24.0,1.0,752.0,1755.0,6801.0,50.0,31.0
94307.006349966,2026/09/03 15:43:06.830,P2,28.03,28.07,24.0,1.0,752.0,1755.0,6801.0,50.0,31.0
94307.107224524,2026/09/03 15:43:06.931,P2,28.03,28.07,24.0,1.0,752.0,1755.0,6801.0,50.0,31.0
94307.208380929,2026/09/03 15:43:07.032,P2,27.98,28.08,24.0,1.0,752.0,1755.0,6801.0,50.0,31.0
94307.309120182,2026/09/03 15:43:07.133,P2,27.98,28.08,24.0,1.0,752.0,1755.0,6801.0,50.0,31.0
94307.410104549,2026/09/03 15:43:07.234,P2,27.98,28.08,24.0,1.0,752.0,1755.0,6801.0,50.0,31.0
94307.510953333,2026/09/03 15:43:07.335,P2,27.98,28.08,24.0,1.0,752.0,1755.0,6801.0,50.0,31.0
94307.611783218,2026/09/03 15:43:07.435,P2,27.98,28.08,24.0,1.0,752.0,1755.0,6801.0,50.0,31.0
94307.712816137,2026/09/03 15:43:07.536,P2,28.0,28.07,24.0,1.0,752.0,1755.0,6801.0,51.0,31.0
94307.813596119,2026/09/03 15:43:07.637,P2,28.0,28.07,24.0,1.0,752.0,1755.0,6801.0,51.0,31.0
94307.91461057,2026/09/03 15:43:07.738,P2,28.0,28.07,24.0,1.0,752.0,1755.0,6801.0,51.0,31.0
94308.015830796,2026/09/03 15:43:07.839,P2,28.0,28.07,24.0,1.0,752.0,1755.0,6801.0,51.0,31.0
94308.116682585,2026/09/03 15:43:07.940,P2,28.0,28.07,24.0,1.0,752.0,1755.0,6801.0,51.0,31.0
94308.217697871,2026/09/03 15:43:08.041,P2,27.97,27.99,24.0,1.0,752.0,1755.0,6801.0,50.0,31.0
94308.318453723,2026/09/03 15:43:08.142,P2,27.97,27.99,24.0,1.0,752.0,1755.0,6801.0,50.0,31.0
94308.419424482,2026/09/03 15:43:08.243,P2,27.97,27.99,24.0,1.0,752.0,1755.0,6801.0,50.0,31.0
94308.520392518,2026/09/03 15:43:08.344,P2,27.97,27.99,24.0,1.0,752.0,1755.0,6801.0,50.0,31.0
94308.621351914,2026/09/03 15:43:08.445,P2,27.97,27.99,24.0,1.0,752.0,1755.0,6801.0,50.0,31.0
94308.72222352,2026/09/03 15:43:08.546,P2,28.02,27.98,21.0,1.0,752.0,1755.0,6801.0,50.0,31.0
94308.823033524,2026/09/03 15:43:08.647,P2,28.02,27.98,21.0,1.0,752.0,1755.0,6801.0,50.0,31.0
94308.923986873,2026/09/03 15:43:08.748,P2,28.02,27.98,21.0,1.0,752.0,1755.0,6801.0,50.0,31.0
94309.025061954,2026/09/03 15:43:08.849,P2,28.02,27.98,21.0,1.0,752.0,1755.0,6801.0,50.0,31.0
94309.126233645,2026/09/03 15:43:08.950,P2,28.02,27.98,21.0,1.0,752.0,1755.0,6801.0,50.0,31.0
94309.227469112,2026/09/03 15:43:09.051,P2,27.87,27.92,21.0,1.0,752.0,1755.0,6801.0,50.0,31.0
94309.328252402,2026/09/03 15:43:09.152,P2,27.87,27.92,21.0,1.0,752.0,1755.0,6801.0,50.0,31.0
94309.42922874,2026/09/03 15:43:09.253,P2,27.87,27.92,21.0,1.0,752.0,1755.0,6801.0,50.0,31.0
94309.530084298,2026/09/03 15:43:09.354,P2,27.87,27.92,21.0,1.0,752.0,1755.0,6801.0,50.0,31.0
94309.63090968,2026/09/03 15:43:09.455,P2,27.87,27.92,21.0,1.0,752.0,1755.0,6801.0,50.0,31.0
94309.731980405,2026/09/03 15:43:09.556,P2,28.23,27.94,27.0,1.0,752.0,1755.0,6801.0,50.0,31.0
94309.83274082,2026/09/03 15:43:09.657,P2,28.23,27.94,27.0,1.0,752.0,1755.0,6801.0,50.0,31.0
94309.933747556,2026/09/03 15:43:09.757,P2,28.23,27.94,27.0,1.0,752.0,1755.0,6801.0,50.0,31.0
94310.034641668,2026/09/03 15:43:09.858,P2,28.23,27.94,27.0,1.0,752.0,1755.0,6801.0,50.0,31.0
94310.135412276,2026/09/03 15:43:09.959,P2,28.23,27.94,27.0,1.0,752.0,1755.0,6801.0,50.0,31.0
94310.236485377,2026/09/03 15:43:10.060,P2,27.96,28.02,27.0,1.0,752.0,1755.0,6801.0,50.0,31.0
94310.337285621,2026/09/03 15:43:10.161,P2,27.96,28.02,27.0,1.0,752.0,1755.0,6801.0,50.0,31.0
94310.43813967,2026/09/03 15:43:10.262,P2,27.96,28.02,27.0,1.0,752.0,1755.0,6801.0,50.0,31.0
94310.539133764,2026/09/03 15:43:10.363,P2,27.96,28.02,27.0,1.0,752.0,1755.0,6801.0,50.0,31.0
94310.63999463,2026/09/03 15:43:10.464,P2,27.96,28.02,27.0,1.0,752.0,1755.0,6801.0,50.0,31.0
94310.740840714,2026/09/03 15:43:10.565,P2,28.01,28.02,22.0,1.0,752.0,1755.0,6801.0,50.0,31.0
94310.841769612,2026/09/03 15:43:10.666,P2,28.01,28.02,22.0,1.0,752.0,1755.0,6801.0,50.0,31.0
94310.942920414,2026/09/03 15:43:10.766,P2,28.01,28.02,22.0,1.0,752.0,1755.0,6801.0,50.0,31.0
94311.044082724,2026/09/03 15:43:10.867,P2,28.01,28.02,22.0,1.0,752.0,1755.0,6801.0,50.0,31.0
94311.144835432,2026/09/03 15:43:10.968,P2,28.01,28.02,22.0,1.0,752.0,1755.0,6801.0,50.0,31.0
94311.246086343,2026/09/03 15:43:11.069,P2,28.08,27.98,22.0,1.0,752.0,1755.0,6801.0,50.0,31.0
94311.34650286,2026/09/03 15:43:11.170,P2,28.08,27.98,22.0,1.0,752.0,1755.0,6801.0,50.0,31.0
94311.447380948,2026/09/03 15:43:11.271,P2,28.08,27.98,22.0,1.0,752.0,1755.0,6801.0,50.0,31.0
94311.548257591,2026/09/03 15:43:11.372,P2,28.08,27.98,22.0,1.0,752.0,1755.0,6801.0,50.0,31.0
94311.649142956,2026/09/03 15:43:11.473,P2,28.08,27.98,22.0,1.0,752.0,1755.0,6801.0,50.0,31.0
94311.750355323,2026/09/03 15:43:11.574,P2,27.95,28.0,21.0,1.0,752.0,1755.0,6801.0,50.0,31.0
94311.851117522,2026/09/03 15:43:11.675,P2,27.95,28.0,21.0,1.0,752.0,1755.0,6801.0,50.0,31.0
94311.952068663,2026/09/03 15:43:11.776,P2,27.95,28.0,21.0,1.0,752.0,1755.0,6801.0,50.0,31.0
94312.05290384,2026/09/03 15:43:11.877,P2,27.95,28.0,21.0,1.0,752.0,1755.0,6801.0,50.0,31.0
94312.15371144,2026/09/03 15:43:11.977,P2,27.95,28.0,21.0,1.0,752.0,1755.0,6801.0,50.0,31.0
94312.254729792,2026/09/03 15:43:12.078,P2,27.95,28.0,21.0,1.0,752.0,1755.0,6801.0,50.0,31.0
94312.355396703,2026/09/03 15:43:12.179,P2,27.95,28.0,21.0,1.0,752.0,1755.0,6801.0,50.0,31.0
94312.456274115,2026/09/03 15:43:12.280,P2,27.95,28.0,21.0,1.0,752.0,1755.0,6801.0,50.0,31.0
94312.557224338,2026/09/03 15:43:12.381,P2,27.95,28.0,21.0,1.0,752.0,1755.0,6801.0,50.0,31.0
94312.658160651,2026/09/03 15:43:12.482,P2,28.03,27.97,22.0,1.0,752.0,1755.0,6801.0,50.0,31.0
94312.759118741,2026/09/03 15:43:12.583,P2,28.03,27.97,22.0,1.0,752.0,1755.0,6801.0,50.0,31.0
94312.859833846,2026/09/03 15:43:12.684,P2,28.03,27.97,22.0,1.0,752.0,1755.0,6801.0,50.0,31.0
94312.960618866,2026/09/03 15:43:12.784,P2,28.03,27.97,22.0,1.0,752.0,1755.0,6801.0,50.0,31.0
94313.061462625,2026/09/03 15:43:12.885,P2,28.03,27.97,22.0,1.0,752.0,1755.0,6801.0,50.0,31.0
94313.162630951,2026/09/03 15:43:12.986,P2,28.07,28.0,22.0,1.0,752.0,1755.0,6801.0,50.0,31.0
94313.263538152,2026/09/03 15:43:13.087,P2,28.07,28.0,22.0,1.0,752.0,1755.0,6801.0,50.0,31.0
94313.364664771,2026/09/03 15:43:13.188,P2,28.07,28.0,22.0,1.0,752.0,1755.0,6801.0,50.0,31.0
94313.465626566,2026/09/03 15:43:13.289,P2,28.07,28.0,22.0,1.0,752.0,1755.0,6801.0,50.0,31.0
94313.566613794,2026/09/03 15:43:13.390,P2,28.07,28.0,22.0,1.0,752.0,1755.0,6801.0,50.0,31.0
94313.667425928,2026/09/03 15:43:13.491,P2,28.04,28.06,22.0,1.0,752.0,1755.0,6801.0,50.0,31.0
94313.768321345,2026/09/03 15:43:13.592,P2,28.04,28.06,22.0,1.0,752.0,1755.0,6801.0,50.0,31.0
94313.869325695,2026/09/03 15:43:13.693,P2,28.04,28.06,22.0,1.0,752.0,1755.0,6801.0,50.0,31.0
94313.97017428,2026/09/03 15:43:13.794,P2,28.04,28.06,22.0,1.0,752.0,1755.0,6801.0,50.0,31.0
94314.07112346,2026/09/03 15:43:13.895,P2,28.04,28.06,22.0,1.0,752.0,1755.0,6801.0,50.0,31.0
94314.171932238,2026/09/03 15:43:13.996,P2,27.98,28.02,22.0,1.0,752.0,1755.0,6801.0,50.0,31.0
94314.272965298,2026/09/03 15:43:14.097,P2,27.98,28.02,22.0,1.0,752.0,1755.0,6801.0,50.0,31.0
94314.373755606,2026/09/03 15:43:14.198,P2,27.98,28.02,22.0,1.0,752.0,1755.0,6801.0,50.0,31.0
94314.474464629,2026/09/03 15:43:14.298,P2,27.98,28.02,22.0,1.0,752.0,1755.0,6801.0,50.0,31.0
94314.57541021,2026/09/03 15:43:14.399,P2,27.98,28.02,22.0,1.0,752.0,1755.0,6801.0,50.0,31.0
94314.676548664,2026/09/03 15:43:14.500,P2,27.94,27.99,21.0,0.0,752.0,1755.0,6801.0,50.0,31.0
94314.777315862,2026/09/03 15:43:14.601,P2,27.94,27.99,21.0,0.0,752.0,1755.0,6801.0,50.0,31.0
94314.878169684,2026/09/03 15:43:14.702,P2,27.94,27.99,21.0,0.0,752.0,1755.0,6801.0,50.0,31.0
94314.979121212,2026/09/03 15:43:14.803,P2,27.94,27.99,21.0,0.0,752.0,1755.0,6801.0,50.0,31.0
94315.079839625,2026/09/03 15:43:14.904,P2,27.94,27.99,21.0,0.0,752.0,1755.0,6801.0,50.0,31.0
94315.180933861,2026/09/03 15:43:15.005,P2,27.89,27.96,21.0,0.0,752.0,1755.0,6801.0,50.0,31.0
94315.281916496,2026/09/03 15:43:15.106,P2,27.89,27.96,21.0,0.0,752.0,1755.0,6801.0,50.0,31.0
94315.382838103,2026/09/03 15:43:15.207,P2,27.89,27.96,21.0,0.0,752.0,1755.0,6801.0,50.0,31.0
94315.483864605,2026/09/03 15:43:15.307,P2,27.89,27.96,21.0,0.0,752.0,1755.0,6801.0,50.0,31.0
94315.584731279,2026/09/03 15:43:15.408,P2,27.89,27.96,21.0,0.0,752.0,1755.0,6801.0,50.0,31.0
94315.685559556,2026/09/03 15:43:15.509,P2,27.85,27.89,21.0,0.0,752.0,1755.0,6801.0,51.0,31.0
94315.786531167,2026/09/03 15:43:15.610,P2,27.85,27.89,21.0,0.0,752.0,1755.0,6801.0,51.0,31.0
94315.887405687,2026/09/03 15:43:15.711,P2,27.85,27.89,21.0,0.0,752.0,1755.0,6801.0,51.0,31.0
94315.988111323,2026/09/03 15:43:15.812,P2,27.85,27.89,21.0,0.0,752.0,1755.0,6801.0,51.0,31.0
94316.088727806,2026/09/03 15:43:15.913,P2,27.85,27.89,21.0,0.0,752.0,1755.0,6801.0,51.0,31.0
94316.189556098,2026/09/03 15:43:16.013,P2,27.95,27.91,21.0,0.0,752.0,1755.0,6801.0,51.0,31.0
94316.290316866,2026/09/03 15:43:16.114,P2,27.95,27.91,21.0,0.0,752.0,1755.0,6801.0,51.0,31.0
94316.391278334,2026/09/03 15:43:16.215,P2,27.95,27.91,21.0,0.0,752.0,1755.0,6801.0,51.0,31.0
94316.491943128,2026/09/03 15:43:16.316,P2,27.95,27.91,21.0,0.0,752.0,1755.0,6801.0,51.0,31.0
94316.592583523,2026/09/03 15:43:16.416,P2,27.95,27.91,21.0,0.0,752.0,1755.0,6801.0,51.0,31.0
94316.693391372,2026/09/03 15:43:16.517,P2,28.0,27.98,21.0,0.0,752.0,1755.0,6801.0,50.0,31.0
94316.794161148,2026/09/03 15:43:16.618,P2,28.0,27.98,21.0,0.0,752.0,1755.0,6801.0,50.0,31.0
94316.894907313,2026/09/03 15:43:16.719,P2,28.0,27.98,21.0,0.0,752.0,1755.0,6801.0,50.0,31.0
94316.995797863,2026/09/03 15:43:16.819,P2,28.0,27.98,21.0,0.0,752.0,1755.0,6801.0,50.0,31.0
94317.09640904,2026/09/03 15:43:16.920,P2,28.0,27.98,21.0,0.0,752.0,1755.0,6801.0,50.0,31.0
94317.197388574,2026/09/03 15:43:17.021,P2,28.03,28.01,21.0,0.0,752.0,1755.0,6801.0,50.0,31.0
94317.297990353,2026/09/03 15:43:17.122,P2,28.03,28.01,21.0,0.0,752.0,1755.0,6801.0,50.0,31.0
94317.398757848,2026/09/03 15:43:17.223,P2,28.03,28.01,21.0,0.0,752.0,1755.0,6801.0,50.0,31.0
94317.499314454,2026/09/03 15:43:17.323,P2,28.03,28.01,21.0,0.0,752.0,1755.0,6801.0,50.0,31.0
94317.600098351,2026/09/03 15:43:17.424,P2,28.03,28.01,21.0,0.0,752.0,1755.0,6801.0,50.0,31.0
94317.700972053,2026/09/03 15:43:17.525,P2,28.04,28.04,22.0,0.0,752.0,1755.0,6801.0,51.0,31.0
94317.801907448,2026/09/03 15:43:17.626,P2,28.04,28.04,22.0,0.0,752.0,1755.0,6801.0,51.0,31.0
94317.902759834,2026/09/03 15:43:17.727,P2,28.04,28.04,22.0,0.0,752.0,1755.0,6801.0,51.0,31.0
94318.003729739,2026/09/03 15:43:17.827,P2,28.04,28.04,22.0,0.0,752.0,1755.0,6801.0,51.0,31.0
94318.104472884,2026/09/03 15:43:17.928,P2,28.04,28.04,22.0,0.0,752.0,1755.0,6801.0,51.0,31.0
94318.205335213,2026/09/03 15:43:18.029,P2,28.11,28.05,22.0,0.0,752.0,1755.0,6801.0,50.0,31.0
94318.30640736,2026/09/03 15:43:18.130,P2,28.11,28.05,22.0,0.0,752.0,1755.0,6801.0,50.0,31.0
94318.407231659,2026/09/03 15:43:18.231,P2,28.11,28.05,22.0,0.0,752.0,1755.0,6801.0,50.0,31.0
94318.507906035,2026/09/03 15:43:18.332,P2,28.11,28.05,22.0,0.0,752.0,1755.0,6801.0,50.0,31.0
94318.608729736,2026/09/03 15:43:18.432,P2,28.11,28.05,22.0,0.0,752.0,1755.0,6801.0,50.0,31.0
94318.709550297,2026/09/03 15:43:18.533,P2,28.05,28.03,22.0,1.0,752.0,1755.0,6801.0,50.0,31.0
94318.810248335,2026/09/03 15:43:18.634,P2,28.05,28.03,22.0,1.0,752.0,1755.0,6801.0,50.0,31.0
94318.911281181,2026/09/03 15:43:18.735,P2,28.05,28.03,22.0,1.0,752.0,1755.0,6801.0,50.0,31.0
94319.012075818,2026/09/03 15:43:18.836,P2,28.05,28.03,22.0,1.0,752.0,1755.0,6801.0,50.0,31.0
94319.113102428,2026/09/03 15:43:18.937,P2,28.05,28.03,22.0,1.0,752.0,1755.0,6801.0,50.0,31.0
94319.213933434,2026/09/03 15:43:19.038,P2,28.09,28.05,22.0,1.0,752.0,1755.0,6801.0,51.0,31.0
94319.314685959,2026/09/03 15:43:19.138,P2,28.09,28.05,22.0,1.0,752.0,1755.0,6801.0,51.0,31.0
94319.415704849,2026/09/03 15:43:19.239,P2,28.09,28.05,22.0,1.0,752.0,1755.0,6801.0,51.0,31.0
94319.516439421,2026/09/03 15:43:19.340,P2,28.09,28.05,22.0,1.0,752.0,1755.0,6801.0,51.0,31.0
94319.617579281,2026/09/03 15:43:19.441,P2,28.09,28.05,22.0,1.0,752.0,1755.0,6801.0,51.0,31.0
94319.718481969,2026/09/03 15:43:19.542,P2,28.04,28.06,22.0,1.0,752.0,1755.0,6801.0,50.0,31.0
94319.819230481,2026/09/03 15:43:19.643,P2,28.04,28.06,22.0,1.0,752.0,1755.0,6801.0,50.0,31.0
94319.920244394,2026/09/03 15:43:19.744,P2,28.04,28.06,22.0,1.0,752.0,1755.0,6801.0,50.0,31.0
94320.021440896,2026/09/03 15:43:19.845,P2,28.04,28.06,22.0,1.0,752.0,1755.0,6801.0,50.0,31.0
94320.122356598,2026/09/03 15:43:19.946,P2,28.04,28.06,22.0,1.0,746.0,1755.0,6801.0,50.0,31.0
94320.223780979,2026/09/03 15:43:20.047,P2,28.17,28.07,22.0,1.0,746.0,1755.0,6801.0,50.0,31.0
94320.324335826,2026/09/03 15:43:20.148,P2,28.17,28.07,22.0,1.0,746.0,1755.0,6801.0,50.0,31.0
94320.425436559,2026/09/03 15:43:20.249,P2,28.17,28.07,22.0,1.0,746.0,1755.0,6801.0,50.0,31.0
94320.526125668,2026/09/03 15:43:20.350,P2,28.17,28.07,22.0,1.0,746.0,1755.0,6801.0,50.0,31.0
94320.626953609,2026/09/03 15:43:20.451,P2,28.17,28.07,22.0,1.0,748.0,1755.0,6801.0,50.0,31.0
94320.727867039,2026/09/03 15:43:20.552,P2,29.0,28.16,27.0,2.0,748.0,1755.0,6801.0,51.0,31.0
94320.82897734,2026/09/03 15:43:20.653,P2,29.0,28.16,27.0,2.0,748.0,1755.0,6801.0,51.0,31.0
94320.929647408,2026/09/03 15:43:20.753,P2,29.0,28.16,27.0,2.0,748.0,1755.0,6801.0,51.0,31.0
94321.030534186,2026/09/03 15:43:20.854,P2,29.0,28.16,27.0,2.0,748.0,1755.0,6801.0,51.0,31.0
94321.131333486,2026/09/03 15:43:20.955,P2,29.0,28.16,27.0,2.0,748.0,1755.0,6801.0,51.0,31.0
94321.232361062,2026/09/03 15:43:21.056,P2,28.09,28.32,27.0,2.0,748.0,1755.0,6801.0,51.0,31.0
94321.333532228,2026/09/03 15:43:21.157,P2,28.09,28.32,27.0,2.0,748.0,1755.0,6801.0,51.0,31.0
94321.434483102,2026/09/03 15:43:21.258,P2,28.09,28.32,27.0,2.0,748.0,1755.0,6801.0,51.0,31.0
94321.535164989,2026/09/03 15:43:21.359,P2,28.09,28.32,27.0,2.0,748.0,1755.0,6801.0,51.0,31.0
94321.6360447,2026/09/03 15:43:21.460,P2,28.09,28.32,27.0,2.0,748.0,1755.0,6801.0,51.0,31.0
94321.737084626,2026/09/03 15:43:21.561,P2,28.3,28.32,24.0,1.0,748.0,1755.0,6801.0,51.0,31.0
94321.837785386,2026/09/03 15:43:21.662,P2,28.3,28.32,24.0,1.0,748.0,1755.0,6801.0,51.0,31.0
94321.938670637,2026/09/03 15:43:21.762,P2,28.3,28.32,24.0,1.0,748.0,1755.0,6801.0,51.0,31.0
94322.03967595,2026/09/03 15:43:21.863,P2,28.3,28.32,24.0,1.0,748.0,1755.0,6801.0,51.0,31.0
94322.140760114,2026/09/03 15:43:21.964,P2,28.3,28.32,24.0,1.0,748.0,1755.0,6801.0,51.0,31.0
94322.241642375,2026/09/03 15:43:22.065,P2,28.36,28.25,24.0,1.0,748.0,1755.0,6801.0,51.0,31.0
94322.342708081,2026/09/03 15:43:22.166,P2,28.36,28.25,24.0,1.0,748.0,1755.0,6801.0,51.0,31.0
94322.443619175,2026/09/03 15:43:22.267,P2,28.36,28.25,24.0,1.0,748.0,1755.0,6801.0,51.0,31.0
94322.544303706,2026/09/03 15:43:22.368,P2,28.36,28.25,24.0,1.0,748.0,1755.0,6801.0,51.0,31.0
94322.645277552,2026/09/03 15:43:22.469,P2,28.36,28.25,24.0,1.0,748.0,1755.0,6801.0,51.0,31.0
94322.74637148,2026/09/03 15:43:22.570,P2,27.98,28.24,22.0,0.0,748.0,1755.0,6801.0,50.0,31.0
94322.847013971,2026/09/03 15:43:22.671,P2,27.98,28.24,22.0,0.0,748.0,1755.0,6801.0,50.0,31.0
94322.947864502,2026/09/03 15:43:22.772,P2,27.98,28.24,22.0,0.0,748.0,1755.0,6801.0,50.0,31.0
94323.048682133,2026/09/03 15:43:22.872,P2,27.98,28.24,22.0,0.0,748.0,1755.0,6801.0,50.0,31.0
94323.149552118,2026/09/03 15:43:22.973,P2,27.98,28.24,22.0,0.0,748.0,1755.0,6801.0,50.0,31.0
94323.250304882,2026/09/03 15:43:23.074,P2,28.02,28.05,22.0,0.0,748.0,1755.0,6801.0,50.0,31.0
94323.351162497,2026/09/03 15:43:23.175,P2,28.02,28.05,22.0,0.0,748.0,1755.0,6801.0,50.0,31.0
94323.452124455,2026/09/03 15:43:23.276,P2,28.02,28.05,22.0,0.0,748.0,1755.0,6801.0,50.0,31.0
94323.552633136,2026/09/03 15:43:23.377,P2,28.02,28.05,22.0,0.0,748.0,1755.0,6801.0,50.0,31.0
94323.653635428,2026/09/03 15:43:23.477,P2,28.02,28.05,22.0,0.0,748.0,1755.0,6801.0,50.0,31.0
94323.75442246,2026/09/03 15:43:23.578,P2,28.12,28.0,18.0,0.0,748.0,1755.0,6801.0,51.0,31.0
94323.855464797,2026/09/03 15:43:23.679,P2,28.12,28.0,18.0,0.0,748.0,1755.0,6801.0,51.0,31.0
94323.956204593,2026/09/03 15:43:23.780,P2,28.12,28.0,18.0,0.0,748.0,1755.0,6801.0,51.0,31.0
94324.057034676,2026/09/03 15:43:23.881,P2,28.12,28.0,18.0,0.0,748.0,1755.0,6801.0,51.0,31.0
94324.158146701,2026/09/03 15:43:23.982,P2,28.04,28.05,18.0,0.0,748.0,1755.0,6801.0,51.0,31.0
94324.259435313,2026/09/03 15:43:24.083,P2,28.04,28.05,18.0,0.0,748.0,1755.0,6801.0,51.0,31.0
94324.360337461,2026/09/03 15:43:24.184,P2,28.04,28.05,18.0,0.0,748.0,1755.0,6801.0,51.0,31.0
94324.460959043,2026/09/03 15:43:24.285,P2,28.04,28.05,18.0,0.0,748.0,1755.0,6801.0,51.0,31.0
94324.561996543,2026/09/03 15:43:24.386,P2,28.04,28.05,18.0,0.0,748.0,1755.0,6801.0,51.0,31.0
94324.662861726,2026/09/03 15:43:24.487,P2,28.11,28.1,18.0,1.0,748.0,1755.0,6801.0,50.0,31.0
94324.763800266,2026/09/03 15:43:24.588,P2,28.11,28.1,18.0,1.0,748.0,1755.0,6801.0,50.0,31.0
94324.864566827,2026/09/03 15:43:24.688,P2,28.11,28.1,18.0,1.0,748.0,1755.0,6801.0,50.0,31.0
94324.965694238,2026/09/03 15:43:24.789,P2,28.11,28.1,18.0,1.0,748.0,1755.0,6801.0,50.0,31.0
94325.066145736,2026/09/03 15:43:24.890,P2,28.11,28.1,18.0,1.0,748.0,1755.0,6801.0,50.0,31.0
94325.167194075,2026/09/03 15:43:24.991,P2,28.29,28.09,18.0,1.0,748.0,1755.0,6801.0,51.0,31.0
94325.268038263,2026/09/03 15:43:25.092,P2,28.29,28.09,18.0,1.0,748.0,1755.0,6801.0,51.0,31.0
94325.368796818,2026/09/03 15:43:25.193,P2,28.29,28.09,18.0,1.0,748.0,1755.0,6801.0,51.0,31.0
94325.469593015,2026/09/03 15:43:25.293,P2,28.29,28.09,18.0,1.0,748.0,1755.0,6801.0,51.0,31.0
94325.570522473,2026/09/03 15:43:25.394,P2,28.29,28.09,18.0,1.0,748.0,1755.0,6801.0,51.0,31.0
94325.671301152,2026/09/03 15:43:25.495,P2,28.01,28.11,17.0,0.0,748.0,1755.0,6801.0,51.0,31.0
94325.771982837,2026/09/03 15:43:25.596,P2,28.01,28.11,17.0,0.0,748.0,1755.0,6801.0,51.0,31.0
94325.872954088,2026/09/03 15:43:25.697,P2,28.01,28.11,17.0,0.0,748.0,1755.0,6801.0,51.0,31.0
94325.973661109,2026/09/03 15:43:25.797,P2,28.01,28.11,17.0,0.0,748.0,1755.0,6801.0,51.0,31.0
94326.074650998,2026/09/03 15:43:25.898,P2,28.01,28.11,17.0,0.0,748.0,1755.0,6801.0,51.0,31.0
94326.175306659,2026/09/03 15:43:25.999,P2,28.15,28.14,17.0,0.0,748.0,1755.0,6801.0,50.0,31.0
94326.276239166,2026/09/03 15:43:26.100,P2,28.15,28.14,17.0,0.0,748.0,1755.0,6801.0,50.0,31.0
94326.376972133,2026/09/03 15:43:26.201,P2,28.15,28.14,17.0,0.0,748.0,1755.0,6801.0,50.0,31.0
94326.477827808,2026/09/03 15:43:26.302,P2,28.15,28.14,17.0,0.0,748.0,1755.0,6801.0,50.0,31.0
94326.578793413,2026/09/03 15:43:26.402,P2,28.15,28.14,17.0,0.0,748.0,1755.0,6801.0,50.0,31.0
94326.679830302,2026/09/03 15:43:26.503,P2,28.1,28.16,14.0,1.0,748.0,1755.0,6801.0,51.0,31.0
94326.780827015,2026/09/03 15:43:26.604,P2,28.1,28.16,14.0,1.0,748.0,1755.0,6801.0,51.0,31.0
94326.881663147,2026/09/03 15:43:26.705,P2,28.1,28.16,14.0,1.0,748.0,1755.0,6801.0,51.0,31.0
94326.982367376,2026/09/03 15:43:26.806,P2,28.1,28.16,14.0,1.0,748.0,1755.0,6801.0,51.0,31.0
94327.083280792,2026/09/03 15:43:26.907,P2,28.1,28.16,14.0,1.0,748.0,1755.0,6801.0,51.0,31.0
94327.184189008,2026/09/03 15:43:27.008,P2,27.94,28.13,14.0,1.0,748.0,1755.0,6801.0,50.0,31.0
94327.284798154,2026/09/03 15:43:27.109,P2,27.94,28.13,14.0,1.0,748.0,1755.0,6801.0,50.0,31.0
94327.385582025,2026/09/03 15:43:27.209,P2,27.94,28.13,14.0,1.0,748.0,1755.0,6801.0,50.0,31.0
94327.48630398,2026/09/03 15:43:27.310,P2,27.94,28.13,14.0,1.0,748.0,1755.0,6801.0,50.0,31.0
94327.58697228,2026/09/03 15:43:27.411,P2,27.94,28.13,14.0,1.0,748.0,1755.0,6801.0,50.0,31.0
94327.688048436,2026/09/03 15:43:27.512,P2,28.12,28.11,19.0,0.0,748.0,1755.0,6801.0,51.0,31.0
94327.78854876,2026/09/03 15:43:27.612,P2,28.12,28.11,19.0,0.0,748.0,1755.0,6801.0,51.0,31.0
94327.889289357,2026/09/03 15:43:27.713,P2,28.12,28.11,19.0,0.0,748.0,1755.0,6801.0,51.0,31.0
94327.9904306,2026/09/03 15:43:27.814,P2,28.12,28.11,19.0,0.0,748.0,1755.0,6801.0,51.0,31.0
94328.090905539,2026/09/03 15:43:27.915,P2,28.12,28.11,19.0,0.0,748.0,1755.0,6801.0,51.0,31.0
94328.191741412,2026/09/03 15:43:28.016,P2,28.39,28.19,19.0,0.0,748.0,1755.0,6801.0,51.0,31.0
94328.292527745,2026/09/03 15:43:28.116,P2,28.39,28.19,19.0,0.0,748.0,1755.0,6801.0,51.0,31.0
94328.393279356,2026/09/03 15:43:28.217,P2,28.39,28.19,19.0,0.0,748.0,1755.0,6801.0,51.0,31.0
94328.494069253,2026/09/03 15:43:28.318,P2,28.39,28.19,19.0,0.0,748.0,1755.0,6801.0,51.0,31.0
94328.595020706,2026/09/03 15:43:28.419,P2,28.39,28.19,19.0,0.0,748.0,1755.0,6801.0,51.0,31.0
94328.695786784,2026/09/03 15:43:28.520,P2,28.07,28.16,20.0,1.0,748.0,1755.0,6801.0,51.0,31.0
94328.79670368,2026/09/03 15:43:28.620,P2,28.07,28.16,20.0,1.0,748.0,1755.0,6801.0,51.0,31.0
94328.897600595,2026/09/03 15:43:28.721,P2,28.07,28.16,20.0,1.0,748.0,1755.0,6801.0,51.0,31.0
94328.998696974,2026/09/03 15:43:28.822,P2,28.07,28.16,20.0,1.0,748.0,1755.0,6801.0,51.0,31.0
94329.099653159,2026/09/03 15:43:28.923,P2,28.07,28.16,20.0,1.0,748.0,1755.0,6801.0,51.0,31.0
94329.200410713,2026/09/03 15:43:29.024,P2,28.14,28.14,20.0,1.0,748.0,1755.0,6801.0,51.0,31.0
94329.301210985,2026/09/03 15:43:29.125,P2,28.14,28.14,20.0,1.0,748.0,1755.0,6801.0,51.0,31.0
94329.40212893,2026/09/03 15:43:29.226,P2,28.14,28.14,20.0,1.0,748.0,1755.0,6801.0,51.0,31.0
94329.502986761,2026/09/03 15:43:29.327,P2,28.14,28.14,20.0,1.0,748.0,1755.0,6801.0,51.0,31.0
94329.603852108,2026/09/03 15:43:29.428,P2,28.14,28.14,20.0,1.0,748.0,1755.0,6801.0,51.0,31.0
94329.70470932,2026/09/03 15:43:29.529,P2,28.06,28.13,22.0,0.0,748.0,1755.0,6801.0,50.0,31.0
94329.805780144,2026/09/03 15:43:29.629,P2,28.06,28.13,22.0,0.0,748.0,1755.0,6801.0,50.0,31.0
94329.906442365,2026/09/03 15:43:29.730,P2,28.06,28.13,22.0,0.0,748.0,1755.0,6801.0,50.0,31.0
94330.007548359,2026/09/03 15:43:29.831,P2,28.06,28.13,22.0,0.0,748.0,1755.0,6801.0,50.0,31.0
94330.1085227,2026/09/03 15:43:29.932,P2,28.06,28.13,22.0,0.0,748.0,1755.0,6801.0,50.0,31.0
94330.209525156,2026/09/03 15:43:30.033,P2,28.53,28.21,22.0,0.0,748.0,1755.0,6801.0,51.0,31.0
94330.310365606,2026/09/03 15:43:30.134,P2,28.53,28.21,22.0,0.0,748.0,1755.0,6801.0,51.0,31.0
94330.411034926,2026/09/03 15:43:30.235,P2,28.53,28.21,22.0,0.0,748.0,1755.0,6801.0,51.0,31.0
94330.512177174,2026/09/03 15:43:30.336,P2,28.53,28.21,22.0,0.0,748.0,1755.0,6801.0,51.0,31.0
94330.613014695,2026/09/03 15:43:30.437,P2,28.53,28.21,22.0,0.0,748.0,1755.0,6801.0,51.0,31.0
94330.713781356,2026/09/03 15:43:30.538,P2,28.1,28.28,23.0,1.0,748.0,1755.0,6801.0,51.0,31.0
94330.814736783,2026/09/03 15:43:30.638,P2,28.1,28.28,23.0,1.0,748.0,1755.0,6801.0,51.0,31.0
94330.915495943,2026/09/03 15:43:30.739,P2,28.1,28.28,23.0,1.0,748.0,1755.0,6801.0,51.0,31.0
94331.016544191,2026/09/03 15:43:30.840,P2,28.1,28.28,23.0,1.0,748.0,1755.0,6801.0,51.0,31.0
94331.11763399,2026/09/03 15:43:30.941,P2,28.1,28.28,23.0,1.0,748.0,1755.0,6801.0,51.0,31.0
94331.218792787,2026/09/03 15:43:31.042,P2,28.31,28.31,23.0,1.0,748.0,1755.0,6801.0,50.0,31.0
94331.319727559,2026/09/03 15:43:31.143,P2,28.31,28.31,23.0,1.0,748.0,1755.0,6801.0,50.0,31.0
94331.420810841,2026/09/03 15:43:31.244,P2,28.31,28.31,23.0,1.0,748.0,1755.0,6801.0,50.0,31.0
94331.521676879,2026/09/03 15:43:31.345,P2,28.31,28.31,23.0,1.0,748.0,1755.0,6801.0,50.0,31.0
94331.622691591,2026/09/03 15:43:31.446,P2,28.31,28.31,23.0,1.0,748.0,1755.0,6801.0,50.0,31.0
94331.723628643,2026/09/03 15:43:31.547,P2,28.5,28.28,26.0,0.0,748.0,1755.0,6801.0,51.0,31.0
94331.824227708,2026/09/03 15:43:31.648,P2,28.5,28.28,26.0,0.0,748.0,1755.0,6801.0,51.0,31.0
94331.925110594,2026/09/03 15:43:31.749,P2,28.5,28.28,26.0,0.0,748.0,1755.0,6801.0,51.0,31.0
94332.025881644,2026/09/03 15:43:31.850,P2,28.5,28.28,26.0,0.0,748.0,1755.0,6801.0,51.0,31.0
94332.12659266,2026/09/03 15:43:31.950,P2,28.5,28.28,26.0,0.0,748.0,1755.0,6801.0,51.0,31.0
94332.227692679,2026/09/03 15:43:32.051,P2,28.17,28.31,26.0,0.0,748.0,1755.0,6801.0,51.0,31.0
94332.328545189,2026/09/03 15:43:32.152,P2,28.17,28.31,26.0,0.0,748.0,1755.0,6801.0,51.0,31.0
94332.429450958,2026/09/03 15:43:32.253,P2,28.17,28.31,26.0,0.0,748.0,1755.0,6801.0,51.0,31.0
94332.530167436,2026/09/03 15:43:32.354,P2,28.17,28.31,26.0,0.0,748.0,1755.0,6801.0,51.0,31.0
94332.631067509,2026/09/03 15:43:32.455,P2,28.17,28.31,26.0,0.0,748.0,1755.0,6801.0,51.0,31.0
94332.732135132,2026/09/03 15:43:32.556,P2,28.25,28.3,21.0,1.0,748.0,1755.0,6801.0,50.0,31.0
94332.832938069,2026/09/03 15:43:32.657,P2,28.25,28.3,21.0,1.0,748.0,1755.0,6801.0,50.0,31.0
94332.93389436,2026/09/03 15:43:32.758,P2,28.25,28.3,21.0,1.0,748.0,1755.0,6801.0,50.0,31.0
94333.034586767,2026/09/03 15:43:32.858,P2,28.25,28.3,21.0,1.0,748.0,1755.0,6801.0,50.0,31.0
94333.135666971,2026/09/03 15:43:32.959,P2,28.25,28.3,21.0,1.0,748.0,1755.0,6801.0,50.0,31.0
94333.236657234,2026/09/03 15:43:33.060,P2,27.99,28.24,21.0,1.0,748.0,1755.0,6801.0,50.0,31.0
94333.337799397,2026/09/03 15:43:33.161,P2,27.99,28.24,21.0,1.0,748.0,1755.0,6801.0,50.0,31.0
94333.438675633,2026/09/03 15:43:33.262,P2,27.99,28.24,21.0,1.0,748.0,1755.0,6801.0,50.0,31.0
94333.539323704,2026/09/03 15:43:33.363,P2,27.99,28.24,21.0,1.0,748.0,1755.0,6801.0,50.0,31.0
94333.640223021,2026/09/03 15:43:33.464,P2,27.99,28.24,21.0,1.0,748.0,1755.0,6801.0,50.0,31.0
94333.741285345,2026/09/03 15:43:33.565,P2,28.14,28.14,22.0,0.0,748.0,1755.0,6801.0,51.0,31.0
94333.84217261,2026/09/03 15:43:33.666,P2,28.14,28.14,22.0,0.0,748.0,1755.0,6801.0,51.0,31.0
94333.942959582,2026/09/03 15:43:33.767,P2,28.14,28.14,22.0,0.0,748.0,1755.0,6801.0,51.0,31.0
94334.043836494,2026/09/03 15:43:33.868,P2,28.14,28.14,22.0,0.0,748.0,1755.0,6801.0,51.0,31.0
94334.144882957,2026/09/03 15:43:33.969,P2,28.14,28.14,22.0,0.0,748.0,1755.0,6801.0,51.0,31.0
94334.24576479,2026/09/03 15:43:34.069,P2,28.23,28.12,22.0,0.0,748.0,1755.0,6801.0,50.0,31.0
94334.346649468,2026/09/03 15:43:34.170,P2,28.23,28.12,22.0,0.0,748.0,1755.0,6801.0,50.0,31.0
94334.447301698,2026/09/03 15:43:34.271,P2,28.23,28.12,22.0,0.0,748.0,1755.0,6801.0,50.0,31.0
94334.548244387,2026/09/03 15:43:34.372,P2,28.23,28.12,22.0,0.0,748.0,1755.0,6801.0,50.0,31.0
94334.649077846,2026/09/03 15:43:34.473,P2,28.23,28.12,22.0,0.0,748.0,1755.0,6801.0,50.0,31.0
94334.750259924,2026/09/03 15:43:34.574,P2,28.07,28.15,23.0,1.0,748.0,1755.0,6801.0,51.0,31.0
94334.851132456,2026/09/03 15:43:34.675,P2,28.07,28.15,23.0,1.0,748.0,1755.0,6801.0,51.0,31.0
94334.951757195,2026/09/03 15:43:34.776,P2,28.07,28.15,23.0,1.0,748.0,1755.0,6801.0,51.0,31.0
94335.052584932,2026/09/03 15:43:34.876,P2,28.07,28.15,23.0,1.0,748.0,1755.0,6801.0,51.0,31.0
94335.15350676,2026/09/03 15:43:34.977,P2,28.07,28.15,23.0,1.0,748.0,1755.0,6801.0,51.0,31.0
94335.254202799,2026/09/03 15:43:35.078,P2,27.88,28.05,23.0,1.0,748.0,1755.0,6801.0,51.0,31.0
94335.355107999,2026/09/03 15:43:35.179,P2,27.88,28.05,23.0,1.0,748.0,1755.0,6801.0,51.0,31.0
94335.456156345,2026/09/03 15:43:35.280,P2,27.88,28.05,23.0,1.0,748.0,1755.0,6801.0,51.0,31.0
94335.557041826,2026/09/03 15:43:35.381,P2,27.88,28.05,23.0,1.0,748.0,1755.0,6801.0,51.0,31.0
94335.658030648,2026/09/03 15:43:35.482,P2,28.12,28.0,17.0,1.0,748.0,1755.0,6801.0,50.0,31.0
94335.759045379,2026/09/03 15:43:35.583,P2,28.12,28.0,17.0,1.0,748.0,1755.0,6801.0,50.0,31.0
94335.859913264,2026/09/03 15:43:35.684,P2,28.12,28.0,17.0,1.0,748.0,1755.0,6801.0,50.0,31.0
94335.960903506,2026/09/03 15:43:35.785,P2,28.12,28.0,17.0,1.0,748.0,1755.0,6801.0,50.0,31.0
94336.061959929,2026/09/03 15:43:35.886,P2,28.12,28.0,17.0,1.0,748.0,1755.0,6801.0,50.0,31.0
94336.163025216,2026/09/03 15:43:35.987,P2,28.14,28.05,17.0,1.0,748.0,1755.0,6801.0,51.0,31.0
94336.263790499,2026/09/03 15:43:36.087,P2,28.14,28.05,17.0,1.0,748.0,1755.0,6801.0,51.0,31.0
94336.364652896,2026/09/03 15:43:36.188,P2,28.14,28.05,17.0,1.0,748.0,1755.0,6801.0,51.0,31.0
94336.465585195,2026/09/03 15:43:36.289,P2,28.14,28.05,17.0,1.0,748.0,1755.0,6801.0,51.0,31.0
94336.566260689,2026/09/03 15:43:36.390,P2,28.14,28.05,17.0,1.0,748.0,1755.0,6801.0,51.0,31.0
94336.667388464,2026/09/03 15:43:36.491,P2,28.2,28.12,21.0,1.0,748.0,1755.0,6801.0,51.0,31.0
94336.768119363,2026/09/03 15:43:36.592,P2,28.2,28.12,21.0,1.0,748.0,1755.0,6801.0,51.0,31.0
94336.868753526,2026/09/03 15:43:36.693,P2,28.2,28.12,21.0,1.0,748.0,1755.0,6801.0,51.0,31.0
94336.969732452,2026/09/03 15:43:36.794,P2,28.2,28.12,21.0,1.0,748.0,1755.0,6801.0,51.0,31.0
94337.070639304,2026/09/03 15:43:36.894,P2,28.2,28.12,21.0,1.0,748.0,1755.0,6801.0,51.0,31.0
94337.171557858,2026/09/03 15:43:36.995,P2,28.1,28.11,21.0,1.0,748.0,1755.0,6801.0,51.0,31.0
94337.272647386,2026/09/03 15:43:37.096,P2,28.1,28.11,21.0,1.0,748.0,1755.0,6801.0,51.0,31.0
94337.37324046,2026/09/03 15:43:37.197,P2,28.1,28.11,21.0,1.0,748.0,1755.0,6801.0,51.0,31.0
94337.474273429,2026/09/03 15:43:37.298,P2,28.1,28.11,21.0,1.0,748.0,1755.0,6801.0,51.0,31.0
94337.574860432,2026/09/03 15:43:37.399,P2,28.1,28.11,21.0,1.0,748.0,1755.0,6801.0,51.0,31.0
94337.676041543,2026/09/03 15:43:37.500,P2,28.14,28.14,16.0,0.0,748.0,1755.0,6801.0,51.0,31.0
94337.77743083,2026/09/03 15:43:37.601,P2,28.14,28.14,16.0,0.0,748.0,1755.0,6801.0,51.0,31.0
94337.877950666,2026/09/03 15:43:37.702,P2,28.14,28.14,16.0,0.0,748.0,1755.0,6801.0,51.0,31.0
94337.9785949,2026/09/03 15:43:37.802,P2,28.14,28.14,16.0,0.0,748.0,1755.0,6801.0,51.0,31.0
94338.079642186,2026/09/03 15:43:37.903,P2,28.14,28.14,16.0,0.0,748.0,1755.0,6801.0,51.0,31.0
94338.180399173,2026/09/03 15:43:38.004,P2,28.21,28.15,16.0,0.0,748.0,1755.0,6801.0,51.0,31.0
94338.281129802,2026/09/03 15:43:38.105,P2,28.21,28.15,16.0,0.0,748.0,1755.0,6801.0,51.0,31.0
94338.381969058,2026/09/03 15:43:38.206,P2,28.21,28.15,16.0,0.0,748.0,1755.0,6801.0,51.0,31.0
94338.483085302,2026/09/03 15:43:38.307,P2,28.21,28.15,16.0,0.0,748.0,1755.0,6801.0,51.0,31.0
94338.583860351,2026/09/03 15:43:38.408,P2,28.21,28.15,16.0,0.0,748.0,1755.0,6801.0,51.0,31.0
94338.684687918,2026/09/03 15:43:38.508,P2,28.2,28.15,23.0,1.0,748.0,1755.0,6801.0,51.0,31.0
94338.78556192,2026/09/03 15:43:38.609,P2,28.2,28.15,23.0,1.0,748.0,1755.0,6801.0,51.0,31.0
94338.886466571,2026/09/03 15:43:38.710,P2,28.2,28.15,23.0,1.0,748.0,1755.0,6801.0,51.0,31.0
94338.987304622,2026/09/03 15:43:38.811,P2,28.2,28.15,23.0,1.0,748.0,1755.0,6801.0,51.0,31.0
94339.087936973,2026/09/03 15:43:38.912,P2,28.2,28.15,23.0,1.0,748.0,1755.0,6801.0,51.0,31.0
94339.18910949,2026/09/03 15:43:39.013,P2,28.07,28.22,23.0,1.0,748.0,1755.0,6801.0,51.0,31.0
94339.289834376,2026/09/03 15:43:39.113,P2,28.07,28.22,23.0,1.0,748.0,1755.0,6801.0,51.0,31.0
94339.390587331,2026/09/03 15:43:39.214,P2,28.07,28.22,23.0,1.0,748.0,1755.0,6801.0,51.0,31.0
94339.491484805,2026/09/03 15:43:39.315,P2,28.07,28.22,23.0,1.0,748.0,1755.0,6801.0,51.0,31.0
94339.592179365,2026/09/03 15:43:39.416,P2,28.07,28.22,23.0,1.0,748.0,1755.0,6801.0,51.0,31.0
94339.693118741,2026/09/03 15:43:39.517,P2,28.16,28.22,22.0,1.0,748.0,1755.0,6801.0,51.0,31.0
94339.794110805,2026/09/03 15:43:39.618,P2,28.16,28.22,22.0,1.0,748.0,1755.0,6801.0,51.0,31.0
94339.895015514,2026/09/03 15:43:39.719,P2,28.16,28.22,22.0,1.0,748.0,1755.0,6801.0,51.0,31.0
94339.996156451,2026/09/03 15:43:39.820,P2,28.16,28.22,22.0,1.0,748.0,1755.0,6801.0,51.0,31.0
94340.097054788,2026/09/03 15:43:39.921,P2,28.16,28.22,22.0,1.0,748.0,1755.0,6801.0,51.0,31.0
94340.197977917,2026/09/03 15:43:40.022,P2,28.28,28.17,22.0,1.0,748.0,1755.0,6801.0,51.0,31.0
94340.298664578,2026/09/03 15:43:40.122,P2,28.28,28.17,22.0,1.0,748.0,1755.0,6801.0,51.0,31.0
94340.399480929,2026/09/03 15:43:40.223,P2,28.28,28.17,22.0,1.0,748.0,1755.0,6801.0,51.0,31.0
94340.500355618,2026/09/03 15:43:40.324,P2,28.28,28.17,22.0,1.0,748.0,1755.0,6801.0,51.0,31.0
94340.601089375,2026/09/03 15:43:40.425,P2,28.28,28.17,22.0,1.0,748.0,1755.0,6801.0,51.0,31.0
94340.701948414,2026/09/03 15:43:40.526,P2,28.24,28.22,22.0,1.0,748.0,1755.0,6801.0,51.0,31.0
94340.803085621,2026/09/03 15:43:40.627,P2,28.24,28.22,22.0,1.0,748.0,1755.0,6801.0,51.0,31.0
94340.903782187,2026/09/03 15:43:40.727,P2,28.24,28.22,22.0,1.0,748.0,1755.0,6801.0,51.0,31.0
94341.004412001,2026/09/03 15:43:40.828,P2,28.24,28.22,22.0,1.0,748.0,1755.0,6801.0,51.0,31.0
94341.105365504,2026/09/03 15:43:40.929,P2,28.24,28.22,22.0,1.0,748.0,1755.0,6801.0,51.0,31.0
94341.20609019,2026/09/03 15:43:41.030,P2,28.11,28.21,22.0,1.0,748.0,1755.0,6801.0,51.0,31.0
94341.307103015,2026/09/03 15:43:41.131,P2,28.11,28.21,22.0,1.0,748.0,1755.0,6801.0,51.0,31.0
94341.407614359,2026/09/03 15:43:41.231,P2,28.11,28.21,22.0,1.0,748.0,1755.0,6801.0,51.0,31.0
94341.508366518,2026/09/03 15:43:41.332,P2,28.11,28.21,22.0,1.0,748.0,1755.0,6801.0,51.0,31.0
94341.609109346,2026/09/03 15:43:41.433,P2,28.11,28.21,22.0,1.0,748.0,1755.0,6801.0,51.0,31.0
94341.710146058,2026/09/03 15:43:41.534,P2,28.16,28.15,21.0,1.0,748.0,1755.0,6801.0,51.0,31.0
94341.810860225,2026/09/03 15:43:41.635,P2,28.16,28.15,21.0,1.0,748.0,1755.0,6801.0,51.0,31.0
94341.911627199,2026/09/03 15:43:41.736,P2,28.16,28.15,21.0,1.0,748.0,1755.0,6801.0,51.0,31.0
94342.01275004,2026/09/03 15:43:41.836,P2,28.16,28.15,21.0,1.0,748.0,1755.0,6801.0,51.0,31.0
94342.113527413,2026/09/03 15:43:41.937,P2,28.16,28.15,21.0,1.0,748.0,1755.0,6801.0,51.0,31.0
94342.214704848,2026/09/03 15:43:42.038,P2,28.21,28.16,21.0,1.0,748.0,1755.0,6801.0,51.0,31.0
94342.315978392,2026/09/03 15:43:42.139,P2,28.21,28.16,21.0,1.0,748.0,1755.0,6801.0,51.0,31.0
94342.416842741,2026/09/03 15:43:42.240,P2,28.21,28.16,21.0,1.0,746.0,1755.0,6801.0,51.0,31.0
94342.518002542,2026/09/03 15:43:42.342,P2,28.21,28.16,21.0,1.0,746.0,1755.0,6801.0,51.0,31.0
94342.619034485,2026/09/03 15:43:42.443,P2,28.21,28.16,21.0,1.0,746.0,1755.0,6801.0,51.0,31.0
94342.719947923,2026/09/03 15:43:42.544,P2,28.3,28.49,21.0,1.0,746.0,1755.0,6801.0,51.0,31.0
94342.820893382,2026/09/03 15:43:42.645,P2,28.3,28.49,21.0,1.0,746.0,1755.0,6801.0,51.0,31.0
94342.921743452,2026/09/03 15:43:42.746,P2,28.3,28.49,21.0,1.0,746.0,1755.0,6801.0,51.0,31.0
94343.022792024,2026/09/03 15:43:42.846,P2,28.3,28.49,21.0,1.0,746.0,1755.0,6801.0,51.0,31.0
94343.123436388,2026/09/03 15:43:42.947,P2,28.3,28.49,21.0,1.0,746.0,1755.0,6801.0,51.0,31.0
94343.224377437,2026/09/03 15:43:43.048,P2,28.17,28.48,21.0,1.0,746.0,1755.0,6801.0,51.0,31.0
94343.325045098,2026/09/03 15:43:43.149,P2,28.17,28.48,21.0,1.0,746.0,1755.0,6801.0,51.0,31.0
94343.426024208,2026/09/03 15:43:43.250,P2,28.17,28.48,21.0,1.0,746.0,1755.0,6801.0,51.0,31.0
94343.526936658,2026/09/03 15:43:43.351,P2,28.17,28.48,21.0,1.0,746.0,1755.0,6801.0,51.0,31.0
94343.628251756,2026/09/03 15:43:43.452,P2,28.17,28.48,21.0,1.0,747.0,1755.0,6801.0,51.0,31.0
94343.729102425,2026/09/03 15:43:43.553,P2,28.83,28.26,27.0,2.0,750.0,1755.0,6801.0,51.0,31.0
94343.830229404,2026/09/03 15:43:43.654,P2,28.83,28.26,27.0,2.0,751.0,1755.0,6801.0,51.0,31.0
94343.93095611,2026/09/03 15:43:43.755,P2,28.83,28.26,27.0,2.0,751.0,1755.0,6801.0,51.0,31.0
94344.032042643,2026/09/03 15:43:43.856,P2,28.83,28.26,27.0,2.0,751.0,1755.0,6801.0,51.0,31.0
94344.13311399,2026/09/03 15:43:43.957,P2,28.83,28.26,27.0,2.0,751.0,1755.0,6801.0,51.0,31.0
94344.234247918,2026/09/03 15:43:44.058,P2,29.39,28.72,27.0,2.0,751.0,1755.0,6801.0,51.0,31.0
94344.335214268,2026/09/03 15:43:44.159,P2,29.39,28.72,27.0,2.0,751.0,1755.0,6801.0,51.0,31.0
94344.436145884,2026/09/03 15:43:44.260,P2,29.39,28.72,27.0,2.0,751.0,1755.0,6801.0,51.0,31.0
94344.537262167,2026/09/03 15:43:44.361,P2,29.39,28.72,27.0,2.0,751.0,1755.0,6801.0,51.0,31.0
94344.63815522,2026/09/03 15:43:44.462,P2,29.39,28.72,27.0,2.0,751.0,1755.0,6801.0,51.0,31.0
94344.738906775,2026/09/03 15:43:44.563,P2,29.02,29.15,28.0,1.0,751.0,1755.0,6801.0,51.0,31.0
94344.839906961,2026/09/03 15:43:44.664,P2,29.02,29.15,28.0,1.0,751.0,1755.0,6801.0,51.0,31.0
94344.940949379,2026/09/03 15:43:44.765,P2,29.02,29.15,28.0,1.0,751.0,1755.0,6801.0,51.0,31.0
94345.041920019,2026/09/03 15:43:44.866,P2,29.02,29.15,28.0,1.0,751.0,1755.0,6801.0,51.0,31.0
94345.142769449,2026/09/03 15:43:44.967,P2,29.02,29.15,28.0,1.0,751.0,1755.0,6801.0,51.0,31.0
94345.243707604,2026/09/03 15:43:45.067,P2,29.09,29.15,28.0,1.0,751.0,1755.0,6801.0,51.0,31.0
94345.344596235,2026/09/03 15:43:45.168,P2,29.09,29.15,28.0,1.0,751.0,1755.0,6801.0,51.0,31.0
94345.445243272,2026/09/03 15:43:45.269,P2,29.09,29.15,28.0,1.0,751.0,1755.0,6801.0,51.0,31.0
94345.5461179,2026/09/03 15:43:45.370,P2,29.09,29.15,28.0,1.0,751.0,1755.0,6801.0,51.0,31.0
94345.646839726,2026/09/03 15:43:45.471,P2,29.09,29.15,28.0,1.0,751.0,1755.0,6801.0,51.0,31.0
94345.74787859,2026/09/03 15:43:45.572,P2,29.02,29.07,26.0,1.0,751.0,1755.0,6801.0,51.0,31.0
94345.848760449,2026/09/03 15:43:45.672,P2,29.02,29.07,26.0,1.0,751.0,1755.0,6801.0,51.0,31.0
94345.949747734,2026/09/03 15:43:45.773,P2,29.02,29.07,26.0,1.0,751.0,1755.0,6801.0,51.0,31.0
94346.050446744,2026/09/03 15:43:45.874,P2,29.02,29.07,26.0,1.0,751.0,1755.0,6801.0,51.0,31.0
94346.151536867,2026/09/03 15:43:45.975,P2,29.02,29.07,26.0,1.0,751.0,1755.0,6801.0,51.0,31.0
94346.25243771,2026/09/03 15:43:46.076,P2,28.98,29.03,26.0,1.0,751.0,1755.0,6801.0,51.0,31.0
94346.353496081,2026/09/03 15:43:46.177,P2,28.98,29.03,26.0,1.0,751.0,1755.0,6801.0,51.0,31.0
94346.454585074,2026/09/03 15:43:46.278,P2,28.98,29.03,26.0,1.0,751.0,1755.0,6801.0,51.0,31.0
94346.555369068,2026/09/03 15:43:46.379,P2,28.98,29.03,26.0,1.0,751.0,1755.0,6801.0,51.0,31.0
94346.656502025,2026/09/03 15:43:46.480,P2,28.96,28.99,27.0,1.0,751.0,1755.0,6801.0,51.0,31.0
94346.757394102,2026/09/03 15:43:46.581,P2,28.96,28.99,27.0,1.0,751.0,1755.0,6801.0,51.0,31.0
94346.85831348,2026/09/03 15:43:46.682,P2,28.96,28.99,27.0,1.0,751.0,1755.0,6801.0,51.0,31.0
94346.959375693,2026/09/03 15:43:46.783,P2,28.96,28.99,27.0,1.0,751.0,1755.0,6801.0,51.0,31.0
94347.06012087,2026/09/03 15:43:46.884,P2,28.96,28.99,27.0,1.0,751.0,1755.0,6801.0,51.0,31.0
94347.161158532,2026/09/03 15:43:46.985,P2,28.94,28.97,27.0,1.0,751.0,1755.0,6801.0,51.0,31.0
94347.262101244,2026/09/03 15:43:47.086,P2,28.94,28.97,27.0,1.0,751.0,1755.0,6801.0,51.0,31.0
94347.3628282,2026/09/03 15:43:47.187,P2,28.94,28.97,27.0,1.0,751.0,1755.0,6801.0,51.0,31.0
94347.46368728,2026/09/03 15:43:47.288,P2,28.94,28.97,27.0,1.0,751.0,1755.0,6801.0,51.0,31.0
94347.564520435,2026/09/03 15:43:47.388,P2,28.94,28.97,27.0,1.0,751.0,1755.0,6801.0,51.0,31.0
94347.665477823,2026/09/03 15:43:47.489,P2,28.96,28.95,27.0,1.0,751.0,1755.0,6801.0,51.0,31.0
94347.76649689,2026/09/03 15:43:47.590,P2,28.96,28.95,27.0,1.0,751.0,1755.0,6801.0,51.0,31.0
94347.867238297,2026/09/03 15:43:47.691,P2,28.96,28.95,27.0,1.0,751.0,1755.0,6801.0,51.0,31.0
94347.968087719,2026/09/03 15:43:47.792,P2,28.96,28.95,27.0,1.0,751.0,1755.0,6801.0,51.0,31.0
94348.068779491,2026/09/03 15:43:47.893,P2,28.96,28.95,27.0,1.0,751.0,1755.0,6801.0,51.0,31.0
94348.169669411,2026/09/03 15:43:47.993,P2,28.92,28.94,27.0,1.0,751.0,1755.0,6801.0,51.0,31.0
94348.270682456,2026/09/03 15:43:48.094,P2,28.92,28.94,27.0,1.0,751.0,1755.0,6801.0,51.0,31.0
94348.371511095,2026/09/03 15:43:48.195,P2,28.92,28.94,27.0,1.0,751.0,1755.0,6801.0,51.0,31.0
94348.475787275,2026/09/03 15:43:48.296,P2,28.92,28.94,27.0,1.0,748.0,1755.0,6801.0,51.0,31.0
94348.57662464,2026/09/03 15:43:48.400,P2,28.92,28.94,27.0,1.0,738.0,1755.0,6801.0,51.0,31.0
94348.677617056,2026/09/03 15:43:48.501,P2,28.28,28.89,25.0,1.0,738.0,1755.0,6801.0,51.0,31.0
94348.778444048,2026/09/03 15:43:48.602,P2,28.28,28.89,25.0,1.0,738.0,1755.0,6801.0,51.0,31.0
94348.879209763,2026/09/03 15:43:48.703,P2,28.28,28.89,25.0,1.0,738.0,1755.0,6801.0,51.0,31.0
94348.980111517,2026/09/03 15:43:48.804,P2,28.28,28.89,25.0,1.0,738.0,1755.0,6801.0,51.0,31.0
94349.081195714,2026/09/03 15:43:48.905,P2,28.28,28.89,25.0,1.0,738.0,1755.0,6801.0,51.0,31.0
94349.181984196,2026/09/03 15:43:49.006,P2,28.3,28.57,25.0,1.0,736.0,1755.0,6801.0,51.0,31.0
94349.283153825,2026/09/03 15:43:49.107,P2,28.3,28.57,25.0,1.0,736.0,1755.0,6801.0,51.0,31.0
94349.383751499,2026/09/03 15:43:49.207,P2,28.3,28.57,25.0,1.0,736.0,1755.0,6801.0,51.0,31.0
94349.484611424,2026/09/03 15:43:49.308,P2,28.3,28.57,25.0,1.0,736.0,1755.0,6801.0,51.0,31.0
94349.585314189,2026/09/03 15:43:49.409,P2,28.3,28.57,25.0,1.0,736.0,1755.0,6801.0,51.0,31.0
94349.686065462,2026/09/03 15:43:49.510,P2,27.74,28.12,12.0,0.0,736.0,1755.0,6801.0,51.0,31.0
94349.786979317,2026/09/03 15:43:49.611,P2,27.74,28.12,12.0,0.0,736.0,1755.0,6801.0,51.0,31.0
94349.887650201,2026/09/03 15:43:49.712,P2,27.74,28.12,12.0,0.0,736.0,1755.0,6801.0,51.0,31.0
94349.988695186,2026/09/03 15:43:49.812,P2,27.74,28.12,12.0,0.0,736.0,1755.0,6801.0,51.0,31.0
94350.08936834,2026/09/03 15:43:49.913,P2,27.74,28.12,12.0,0.0,736.0,1755.0,6801.0,51.0,31.0
94350.190358457,2026/09/03 15:43:50.014,P2,28.01,28.0,12.0,0.0,736.0,1755.0,6801.0,51.0,31.0
94350.291379889,2026/09/03 15:43:50.115,P2,28.01,28.0,12.0,0.0,736.0,1755.0,6801.0,51.0,31.0
94350.392272078,2026/09/03 15:43:50.216,P2,28.01,28.0,12.0,0.0,736.0,1755.0,6801.0,51.0,31.0
94350.493303078,2026/09/03 15:43:50.317,P2,28.01,28.0,12.0,0.0,736.0,1755.0,6801.0,51.0,31.0
94350.594197092,2026/09/03 15:43:50.418,P2,28.01,28.0,12.0,0.0,736.0,1755.0,6801.0,51.0,31.0
94350.695251825,2026/09/03 15:43:50.519,P2,27.99,27.98,22.0,1.0,736.0,1755.0,6801.0,51.0,31.0
94350.79604006,2026/09/03 15:43:50.620,P2,27.99,27.98,22.0,1.0,736.0,1755.0,6801.0,51.0,31.0
94350.896901488,2026/09/03 15:43:50.721,P2,27.99,27.98,22.0,1.0,736.0,1755.0,6801.0,51.0,31.0
94350.997792673,2026/09/03 15:43:50.822,P2,27.99,27.98,22.0,1.0,736.0,1755.0,6801.0,51.0,31.0
94351.098818286,2026/09/03 15:43:50.922,P2,27.99,27.98,22.0,1.0,736.0,1755.0,6801.0,51.0,31.0
94351.199677395,2026/09/03 15:43:51.023,P2,28.0,28.02,22.0,1.0,736.0,1755.0,6801.0,51.0,31.0
94351.300545344,2026/09/03 15:43:51.124,P2,28.0,28.02,22.0,1.0,736.0,1755.0,6801.0,51.0,31.0
94351.401435949,2026/09/03 15:43:51.225,P2,28.0,28.02,22.0,1.0,736.0,1755.0,6801.0,51.0,31.0
94351.502201344,2026/09/03 15:43:51.326,P2,28.0,28.02,22.0,1.0,736.0,1755.0,6801.0,51.0,31.0
94351.602827125,2026/09/03 15:43:51.427,P2,28.0,28.02,22.0,1.0,736.0,1755.0,6801.0,51.0,31.0
94351.703918249,2026/09/03 15:43:51.528,P2,27.95,28.0,22.0,0.0,736.0,1755.0,6801.0,51.0,31.0
94351.804769645,2026/09/03 15:43:51.628,P2,27.95,28.0,22.0,0.0,736.0,1755.0,6801.0,51.0,31.0
94351.905670859,2026/09/03 15:43:51.729,P2,27.95,28.0,22.0,0.0,736.0,1755.0,6801.0,51.0,31.0
94352.006390634,2026/09/03 15:43:51.830,P2,27.95,28.0,22.0,0.0,736.0,1755.0,6801.0,51.0,31.0
94352.107395401,2026/09/03 15:43:51.931,P2,27.95,28.0,22.0,0.0,736.0,1755.0,6801.0,51.0,31.0
94352.208239739,2026/09/03 15:43:52.032,P2,28.02,27.97,22.0,0.0,736.0,1755.0,6801.0,51.0,31.0
94352.308936112,2026/09/03 15:43:52.133,P2,28.02,27.97,22.0,0.0,736.0,1755.0,6801.0,51.0,31.0
94352.409816281,2026/09/03 15:43:52.234,P2,28.02,27.97,22.0,0.0,736.0,1755.0,6801.0,51.0,31.0
94352.511211412,2026/09/03 15:43:52.335,P2,28.02,27.97,22.0,0.0,736.0,1755.0,6801.0,51.0,31.0
94352.611919348,2026/09/03 15:43:52.436,P2,28.02,27.97,22.0,0.0,736.0,1755.0,6801.0,51.0,31.0
94352.712849543,2026/09/03 15:43:52.537,P2,28.03,28.0,22.0,0.0,736.0,1755.0,6801.0,51.0,31.0
94352.813882287,2026/09/03 15:43:52.638,P2,28.03,28.0,22.0,0.0,736.0,1755.0,6801.0,51.0,31.0
94352.914703282,2026/09/03 15:43:52.739,P2,28.03,28.0,22.0,0.0,736.0,1755.0,6801.0,51.0,31.0
94353.015479912,2026/09/03 15:43:52.839,P2,28.03,28.0,22.0,0.0,736.0,1755.0,6801.0,51.0,31.0
94353.116277182,2026/09/03 15:43:52.940,P2,28.03,28.0,22.0,0.0,736.0,1755.0,6801.0,51.0,31.0
94353.21712311,2026/09/03 15:43:53.041,P2,28.01,28.02,22.0,0.0,736.0,1755.0,6801.0,51.0,31.0
94353.318074136,2026/09/03 15:43:53.142,P2,28.01,28.02,22.0,0.0,736.0,1755.0,6801.0,51.0,31.0
94353.418860359,2026/09/03 15:43:53.243,P2,28.01,28.02,22.0,0.0,736.0,1755.0,6801.0,51.0,31.0
94353.519471954,2026/09/03 15:43:53.343,P2,28.01,28.02,22.0,0.0,736.0,1755.0,6801.0,51.0,31.0
94353.620315991,2026/09/03 15:43:53.444,P2,28.01,28.02,22.0,0.0,736.0,1755.0,6801.0,51.0,31.0
94353.721351582,2026/09/03 15:43:53.545,P2,28.01,27.99,21.0,1.0,736.0,1755.0,6801.0,51.0,31.0
94353.822243246,2026/09/03 15:43:53.646,P2,28.01,27.99,21.0,1.0,736.0,1755.0,6801.0,51.0,31.0
94353.922892428,2026/09/03 15:43:53.747,P2,28.01,27.99,21.0,1.0,736.0,1755.0,6801.0,51.0,31.0
94354.023829291,2026/09/03 15:43:53.848,P2,28.01,27.99,21.0,1.0,736.0,1755.0,6801.0,51.0,31.0
94354.124438147,2026/09/03 15:43:53.948,P2,28.01,27.99,21.0,1.0,736.0,1755.0,6801.0,51.0,31.0
94354.225423493,2026/09/03 15:43:54.049,P2,28.12,28.01,21.0,1.0,736.0,1755.0,6801.0,51.0,31.0
94354.326048265,2026/09/03 15:43:54.150,P2,28.12,28.01,21.0,1.0,736.0,1755.0,6801.0,51.0,31.0
94354.426825977,2026/09/03 15:43:54.251,P2,28.12,28.01,21.0,1.0,736.0,1755.0,6801.0,51.0,31.0
94354.527886433,2026/09/03 15:43:54.352,P2,28.12,28.01,21.0,1.0,736.0,1755.0,6801.0,51.0,31.0
94354.628777038,2026/09/03 15:43:54.452,P2,28.12,28.01,21.0,1.0,736.0,1755.0,6801.0,51.0,31.0
94354.729830326,2026/09/03 15:43:54.553,P2,27.98,28.02,20.0,1.0,736.0,1755.0,6801.0,51.0,31.0
94354.83065397,2026/09/03 15:43:54.654,P2,27.98,28.02,20.0,1.0,736.0,1755.0,6801.0,51.0,31.0
94354.931663884,2026/09/03 15:43:54.755,P2,27.98,28.02,20.0,1.0,736.0,1755.0,6801.0,51.0,31.0
94355.032479886,2026/09/03 15:43:54.856,P2,27.98,28.02,20.0,1.0,736.0,1755.0,6801.0,51.0,31.0
94355.133294915,2026/09/03 15:43:54.957,P2,27.98,28.02,20.0,1.0,736.0,1755.0,6801.0,51.0,31.0
94355.234108983,2026/09/03 15:43:55.058,P2,27.96,27.98,20.0,1.0,736.0,1755.0,6801.0,51.0,31.0
94355.334897886,2026/09/03 15:43:55.159,P2,27.96,27.98,20.0,1.0,736.0,1755.0,6801.0,51.0,31.0
94355.435685144,2026/09/03 15:43:55.259,P2,27.96,27.98,20.0,1.0,736.0,1755.0,6801.0,51.0,31.0
94355.536265704,2026/09/03 15:43:55.360,P2,27.96,27.98,20.0,1.0,736.0,1755.0,6801.0,51.0,31.0
94355.637175379,2026/09/03 15:43:55.461,P2,27.96,27.98,20.0,1.0,736.0,1755.0,6801.0,51.0,31.0
94355.737929075,2026/09/03 15:43:55.562,P2,28.08,27.99,22.0,0.0,736.0,1755.0,6801.0,51.0,31.0
94355.838869968,2026/09/03 15:43:55.663,P2,28.08,27.99,22.0,0.0,736.0,1755.0,6801.0,51.0,31.0
94355.939577644,2026/09/03 15:43:55.763,P2,28.08,27.99,22.0,0.0,736.0,1755.0,6801.0,51.0,31.0
94356.04046057,2026/09/03 15:43:55.864,P2,28.08,27.99,22.0,0.0,736.0,1755.0,6801.0,51.0,31.0
94356.141235066,2026/09/03 15:43:55.965,P2,28.08,27.99,22.0,0.0,736.0,1755.0,6801.0,51.0,31.0
94356.241976989,2026/09/03 15:43:56.066,P2,27.98,28.02,22.0,0.0,736.0,1755.0,6801.0,51.0,31.0
94356.342750315,2026/09/03 15:43:56.167,P2,27.98,28.02,22.0,0.0,736.0,1755.0,6801.0,51.0,31.0
94356.443718056,2026/09/03 15:43:56.267,P2,27.98,28.02,22.0,0.0,736.0,1755.0,6801.0,51.0,31.0
94356.544359228,2026/09/03 15:43:56.368,P2,27.98,28.02,22.0,0.0,736.0,1755.0,6801.0,51.0,31.0
94356.645092282,2026/09/03 15:43:56.469,P2,27.98,28.02,22.0,0.0,736.0,1755.0,6801.0,51.0,31.0
94356.746043481,2026/09/03 15:43:56.570,P2,27.96,28.01,19.0,1.0,736.0,1755.0,6801.0,51.0,31.0
94356.846931245,2026/09/03 15:43:56.671,P2,27.96,28.01,19.0,1.0,736.0,1755.0,6801.0,51.0,31.0
94356.948116243,2026/09/03 15:43:56.772,P2,27.96,28.01,19.0,1.0,736.0,1755.0,6801.0,51.0,31.0
94357.048707358,2026/09/03 15:43:56.872,P2,27.96,28.01,19.0,1.0,736.0,1755.0,6801.0,51.0,31.0
94357.149581641,2026/09/03 15:43:56.973,P2,27.96,28.01,19.0,1.0,736.0,1755.0,6801.0,51.0,31.0
94357.250785483,2026/09/03 15:43:57.074,P2,28.07,28.01,19.0,1.0,736.0,1755.0,6801.0,51.0,31.0
94357.3514991,2026/09/03 15:43:57.175,P2,28.07,28.01,19.0,1.0,736.0,1755.0,6801.0,51.0,31.0
94357.452354621,2026/09/03 15:43:57.276,P2,28.07,28.01,19.0,1.0,736.0,1755.0,6801.0,51.0,31.0
94357.553153356,2026/09/03 15:43:57.377,P2,28.07,28.01,19.0,1.0,736.0,1755.0,6801.0,51.0,31.0
94357.653956209,2026/09/03 15:43:57.478,P2,28.07,28.01,19.0,1.0,736.0,1755.0,6801.0,51.0,31.0
94357.754793562,2026/09/03 15:43:57.579,P2,28.09,28.02,21.0,1.0,736.0,1755.0,6801.0,51.0,31.0
94357.855583444,2026/09/03 15:43:57.679,P2,28.09,28.02,21.0,1.0,736.0,1755.0,6801.0,51.0,31.0
94357.956428524,2026/09/03 15:43:57.780,P2,28.09,28.02,21.0,1.0,736.0,1755.0,6801.0,51.0,31.0
94358.057430495,2026/09/03 15:43:57.881,P2,28.09,28.02,21.0,1.0,736.0,1755.0,6801.0,51.0,31.0
94358.158182195,2026/09/03 15:43:57.982,P2,28.04,28.03,21.0,1.0,736.0,1755.0,6801.0,51.0,31.0
94358.259247556,2026/09/03 15:43:58.083,P2,28.04,28.03,21.0,1.0,736.0,1755.0,6801.0,51.0,31.0
94358.35989029,2026/09/03 15:43:58.184,P2,28.04,28.03,21.0,1.0,736.0,1755.0,6801.0,51.0,31.0
94358.460591102,2026/09/03 15:43:58.284,P2,28.04,28.03,21.0,1.0,736.0,1755.0,6801.0,51.0,31.0
94358.561582438,2026/09/03 15:43:58.385,P2,28.04,28.03,21.0,1.0,736.0,1755.0,6801.0,51.0,31.0
94358.662453286,2026/09/03 15:43:58.486,P2,28.03,28.05,22.0,1.0,736.0,1755.0,6801.0,51.0,31.0
94358.763444841,2026/09/03 15:43:58.587,P2,28.03,28.05,22.0,1.0,736.0,1755.0,6801.0,51.0,31.0
94358.864129268,2026/09/03 15:43:58.688,P2,28.03,28.05,22.0,1.0,736.0,1755.0,6801.0,51.0,31.0
94358.965038416,2026/09/03 15:43:58.789,P2,28.03,28.05,22.0,1.0,736.0,1755.0,6801.0,51.0,31.0
94359.065837116,2026/09/03 15:43:58.890,P2,28.03,28.05,22.0,1.0,736.0,1755.0,6801.0,51.0,31.0
94359.166765796,2026/09/03 15:43:58.991,P2,27.94,28.02,22.0,1.0,736.0,1755.0,6801.0,51.0,31.0
94359.267634037,2026/09/03 15:43:59.091,P2,27.94,28.02,22.0,1.0,736.0,1755.0,6801.0,51.0,31.0
94359.36869061,2026/09/03 15:43:59.192,P2,27.94,28.02,22.0,1.0,736.0,1755.0,6801.0,51.0,31.0
94359.469446001,2026/09/03 15:43:59.293,P2,27.94,28.02,22.0,1.0,736.0,1755.0,6801.0,51.0,31.0
94359.570452652,2026/09/03 15:43:59.394,P2,27.94,28.02,22.0,1.0,736.0,1755.0,6801.0,51.0,31.0
94359.671418125,2026/09/03 15:43:59.495,P2,28.03,28.0,21.0,1.0,736.0,1755.0,6801.0,51.0,31.0
94359.772105513,2026/09/03 15:43:59.596,P2,28.03,28.0,21.0,1.0,736.0,1755.0,6801.0,51.0,31.0
94359.87288095,2026/09/03 15:43:59.697,P2,28.03,28.0,21.0,1.0,736.0,1755.0,6801.0,51.0,31.0
94359.973716043,2026/09/03 15:43:59.798,P2,28.03,28.0,21.0,1.0,736.0,1755.0,6801.0,51.0,31.0
94360.074583931,2026/09/03 15:43:59.898,P2,28.03,28.0,21.0,1.0,736.0,1755.0,6801.0,51.0,31.0
94360.175255945,2026/09/03 15:43:59.999,P2,28.0,28.0,21.0,1.0,736.0,1755.0,6801.0,51.0,31.0
94360.276062191,2026/09/03 15:44:00.100,P2,28.0,28.0,21.0,1.0,736.0,1755.0,6801.0,51.0,31.0
94360.376957945,2026/09/03 15:44:00.201,P2,28.0,28.0,21.0,1.0,736.0,1755.0,6801.0,51.0,31.0
94360.477564987,2026/09/03 15:44:00.301,P2,28.0,28.0,21.0,1.0,736.0,1755.0,6801.0,51.0,31.0
94360.578459487,2026/09/03 15:44:00.402,P2,28.0,28.0,21.0,1.0,736.0,1755.0,6801.0,51.0,31.0
94360.679146697,2026/09/03 15:44:00.503,P2,28.23,28.09,26.0,1.0,736.0,1755.0,6801.0,51.0,31.0
94360.779899244,2026/09/03 15:44:00.604,P2,28.23,28.09,26.0,1.0,736.0,1755.0,6801.0,51.0,31.0
94360.880663532,2026/09/03 15:44:00.704,P2,28.23,28.09,26.0,1.0,736.0,1755.0,6801.0,51.0,31.0
94360.981468989,2026/09/03 15:44:00.805,P2,28.23,28.09,26.0,1.0,736.0,1755.0,6801.0,51.0,31.0
94361.082158824,2026/09/03 15:44:00.906,P2,28.23,28.09,26.0,1.0,736.0,1755.0,6801.0,51.0,31.0
94361.182937799,2026/09/03 15:44:01.007,P2,27.99,28.1,26.0,1.0,736.0,1755.0,6801.0,51.0,31.0
94361.283765029,2026/09/03 15:44:01.108,P2,27.99,28.1,26.0,1.0,736.0,1755.0,6801.0,51.0,31.0
94361.384672351,2026/09/03 15:44:01.208,P2,27.99,28.1,26.0,1.0,736.0,1755.0,6801.0,51.0,31.0
94361.485270068,2026/09/03 15:44:01.309,P2,27.99,28.1,26.0,1.0,736.0,1755.0,6801.0,51.0,31.0
94361.586368541,2026/09/03 15:44:01.410,P2,27.99,28.1,26.0,1.0,736.0,1755.0,6801.0,51.0,31.0
94361.687311731,2026/09/03 15:44:01.511,P2,28.02,28.03,22.0,0.0,736.0,1755.0,6801.0,51.0,31.0
94361.788311167,2026/09/03 15:44:01.612,P2,28.02,28.03,22.0,0.0,736.0,1755.0,6801.0,51.0,31.0
94361.888967386,2026/09/03 15:44:01.713,P2,28.02,28.03,22.0,0.0,736.0,1755.0,6801.0,51.0,31.0
94361.989905781,2026/09/03 15:44:01.814,P2,28.02,28.03,22.0,0.0,736.0,1755.0,6801.0,51.0,31.0
94362.090706075,2026/09/03 15:44:01.914,P2,28.02,28.03,22.0,0.0,742.0,1755.0,6801.0,51.0,31.0
94362.191638341,2026/09/03 15:44:02.015,P2,28.55,28.06,22.0,0.0,742.0,1755.0,6801.0,51.0,31.0
94362.292477254,2026/09/03 15:44:02.116,P2,28.55,28.06,22.0,0.0,742.0,1755.0,6801.0,51.0,31.0
94362.393425068,2026/09/03 15:44:02.217,P2,28.55,28.06,22.0,0.0,742.0,1755.0,6801.0,51.0,31.0
94362.493940661,2026/09/03 15:44:02.318,P2,28.55,28.06,22.0,0.0,742.0,1755.0,6801.0,51.0,31.0
94362.594742929,2026/09/03 15:44:02.419,P2,28.55,28.06,22.0,0.0,742.0,1755.0,6801.0,51.0,31.0
94362.695807215,2026/09/03 15:44:02.520,P2,28.11,28.09,20.0,1.0,742.0,1755.0,6801.0,51.0,31.0
94362.796779447,2026/09/03 15:44:02.621,P2,28.11,28.09,20.0,1.0,742.0,1755.0,6801.0,51.0,31.0
94362.897704522,2026/09/03 15:44:02.722,P2,28.11,28.09,20.0,1.0,742.0,1755.0,6801.0,51.0,31.0
94362.99857382,2026/09/03 15:44:02.822,P2,28.11,28.09,20.0,1.0,742.0,1755.0,6801.0,51.0,31.0
94363.099537851,2026/09/03 15:44:02.923,P2,28.11,28.09,20.0,1.0,742.0,1755.0,6801.0,51.0,31.0
94363.200365193,2026/09/03 15:44:03.024,P2,28.16,28.1,20.0,1.0,742.0,1755.0,6801.0,51.0,31.0
94363.301333575,2026/09/03 15:44:03.125,P2,28.16,28.1,20.0,1.0,742.0,1755.0,6801.0,51.0,31.0
94363.402238604,2026/09/03 15:44:03.226,P2,28.16,28.1,20.0,1.0,742.0,1755.0,6801.0,51.0,31.0
94363.503112815,2026/09/03 15:44:03.327,P2,28.16,28.1,20.0,1.0,742.0,1755.0,6801.0,51.0,31.0
94363.603967394,2026/09/03 15:44:03.428,P2,28.16,28.1,20.0,1.0,742.0,1755.0,6801.0,51.0,31.0
94363.704939999,2026/09/03 15:44:03.529,P2,28.11,28.07,20.0,1.0,742.0,1755.0,6801.0,51.0,31.0
94363.805781153,2026/09/03 15:44:03.629,P2,28.11,28.07,20.0,1.0,742.0,1755.0,6801.0,51.0,31.0
94363.906824911,2026/09/03 15:44:03.730,P2,28.11,28.07,20.0,1.0,742.0,1755.0,6801.0,51.0,31.0
94364.007723998,2026/09/03 15:44:03.831,P2,28.11,28.07,20.0,1.0,742.0,1755.0,6801.0,51.0,31.0
94364.10868992,2026/09/03 15:44:03.932,P2,28.11,28.07,20.0,1.0,742.0,1755.0,6801.0,51.0,31.0
94364.209754312,2026/09/03 15:44:04.033,P2,28.13,28.11,20.0,1.0,742.0,1755.0,6801.0,51.0,31.0
94364.310649242,2026/09/03 15:44:04.134,P2,28.13,28.11,20.0,1.0,742.0,1755.0,6801.0,51.0,31.0
94364.411616664,2026/09/03 15:44:04.235,P2,28.13,28.11,20.0,1.0,742.0,1755.0,6801.0,51.0,31.0
94364.512361173,2026/09/03 15:44:04.336,P2,28.13,28.11,20.0,1.0,742.0,1755.0,6801.0,51.0,31.0
94364.613332023,2026/09/03 15:44:04.437,P2,28.13,28.11,20.0,1.0,742.0,1755.0,6801.0,51.0,31.0
94364.714283914,2026/09/03 15:44:04.538,P2,28.14,28.11,21.0,1.0,742.0,1755.0,6801.0,51.0,31.0
94364.81506216,2026/09/03 15:44:04.639,P2,28.14,28.11,21.0,1.0,742.0,1755.0,6801.0,51.0,31.0
94364.91607557,2026/09/03 15:44:04.740,P2,28.14,28.11,21.0,1.0,742.0,1755.0,6801.0,51.0,31.0
94365.016974511,2026/09/03 15:44:04.841,P2,28.14,28.11,21.0,1.0,742.0,1755.0,6801.0,51.0,31.0
94365.117952122,2026/09/03 15:44:04.942,P2,28.14,28.11,21.0,1.0,742.0,1755.0,6801.0,51.0,31.0
94365.218900564,2026/09/03 15:44:05.043,P2,28.01,28.08,21.0,1.0,742.0,1755.0,6801.0,51.0,31.0
94365.319830414,2026/09/03 15:44:05.143,P2,28.01,28.08,21.0,1.0,742.0,1755.0,6801.0,51.0,31.0
94365.420673417,2026/09/03 15:44:05.244,P2,28.01,28.08,21.0,1.0,742.0,1755.0,6801.0,51.0,31.0
94365.521480192,2026/09/03 15:44:05.345,P2,28.01,28.08,21.0,1.0,742.0,1755.0,6801.0,51.0,31.0
94365.622430212,2026/09/03 15:44:05.446,P2,28.01,28.08,21.0,1.0,742.0,1755.0,6801.0,51.0,31.0
94365.723354238,2026/09/03 15:44:05.547,P2,27.97,28.01,22.0,1.0,742.0,1755.0,6801.0,51.0,31.0
94365.824117105,2026/09/03 15:44:05.648,P2,27.97,28.01,22.0,1.0,742.0,1755.0,6801.0,51.0,31.0
94365.924835232,2026/09/03 15:44:05.749,P2,27.97,28.01,22.0,1.0,742.0,1755.0,6801.0,51.0,31.0
94366.026203063,2026/09/03 15:44:05.849,P2,27.97,28.01,22.0,1.0,742.0,1755.0,6801.0,51.0,31.0
94366.12649413,2026/09/03 15:44:05.950,P2,27.97,28.01,22.0,1.0,742.0,1755.0,6801.0,51.0,31.0
94366.227560627,2026/09/03 15:44:06.051,P2,27.99,27.96,22.0,1.0,742.0,1755.0,6801.0,51.0,31.0
94366.328608464,2026/09/03 15:44:06.152,P2,27.99,27.96,22.0,1.0,742.0,1755.0,6801.0,51.0,31.0
94366.429349262,2026/09/03 15:44:06.253,P2,27.99,27.96,22.0,1.0,742.0,1755.0,6801.0,51.0,31.0
94366.530223562,2026/09/03 15:44:06.354,P2,27.99,27.96,22.0,1.0,742.0,1755.0,6801.0,51.0,31.0
94366.631194749,2026/09/03 15:44:06.455,P2,27.99,27.96,22.0,1.0,742.0,1755.0,6801.0,51.0,31.0
94366.732055789,2026/09/03 15:44:06.556,P2,28.04,28.0,23.0,1.0,742.0,1755.0,6801.0,51.0,31.0
94366.832949387,2026/09/03 15:44:06.657,P2,28.04,28.0,23.0,1.0,742.0,1755.0,6801.0,51.0,31.0
94366.933956567,2026/09/03 15:44:06.758,P2,28.04,28.0,23.0,1.0,742.0,1755.0,6801.0,51.0,31.0
94367.03436471,2026/09/03 15:44:06.858,P2,28.04,28.0,23.0,1.0,742.0,1755.0,6801.0,51.0,31.0
94367.135281392,2026/09/03 15:44:06.959,P2,28.04,28.0,23.0,1.0,742.0,1755.0,6801.0,51.0,31.0
94367.236309962,2026/09/03 15:44:07.060,P2,28.24,28.06,23.0,1.0,742.0,1755.0,6801.0,51.0,31.0
94367.337142995,2026/09/03 15:44:07.161,P2,28.24,28.06,23.0,1.0,742.0,1755.0,6801.0,51.0,31.0
94367.43799438,2026/09/03 15:44:07.262,P2,28.24,28.06,23.0,1.0,742.0,1755.0,6801.0,51.0,31.0
94367.538829387,2026/09/03 15:44:07.363,P2,28.24,28.06,23.0,1.0,742.0,1755.0,6801.0,51.0,31.0
94367.639886079,2026/09/03 15:44:07.464,P2,28.24,28.06,23.0,1.0,742.0,1755.0,6801.0,51.0,31.0
94367.740741487,2026/09/03 15:44:07.564,P2,28.16,28.12,21.0,1.0,742.0,1755.0,6801.0,51.0,31.0
94367.841610595,2026/09/03 15:44:07.665,P2,28.16,28.12,21.0,1.0,742.0,1755.0,6801.0,51.0,31.0
94367.942425049,2026/09/03 15:44:07.766,P2,28.16,28.12,21.0,1.0,742.0,1755.0,6801.0,51.0,31.0
94368.043249953,2026/09/03 15:44:07.867,P2,28.16,28.12,21.0,1.0,742.0,1755.0,6801.0,51.0,31.0
94368.144253138,2026/09/03 15:44:07.968,P2,28.16,28.12,21.0,1.0,742.0,1755.0,6801.0,51.0,31.0
94368.245249078,2026/09/03 15:44:08.069,P2,28.01,28.1,21.0,1.0,742.0,1755.0,6801.0,51.0,31.0
94368.346242265,2026/09/03 15:44:08.170,P2,28.01,28.1,21.0,1.0,742.0,1755.0,6801.0,51.0,31.0
94368.447111843,2026/09/03 15:44:08.271,P2,28.01,28.1,21.0,1.0,742.0,1755.0,6801.0,51.0,31.0
94368.54816083,2026/09/03 15:44:08.372,P2,28.01,28.1,21.0,1.0,742.0,1755.0,6801.0,51.0,31.0
94368.648841755,2026/09/03 15:44:08.473,P2,28.01,28.1,21.0,1.0,742.0,1755.0,6801.0,51.0,31.0
94368.749880732,2026/09/03 15:44:08.574,P2,28.03,28.05,20.0,1.0,742.0,1755.0,6801.0,51.0,31.0
94368.850736473,2026/09/03 15:44:08.675,P2,28.03,28.05,20.0,1.0,742.0,1755.0,6801.0,51.0,31.0
94368.951655838,2026/09/03 15:44:08.775,P2,28.03,28.05,20.0,1.0,742.0,1755.0,6801.0,51.0,31.0
94369.052458184,2026/09/03 15:44:08.876,P2,28.03,28.05,20.0,1.0,742.0,1755.0,6801.0,51.0,31.0
94369.153446902,2026/09/03 15:44:08.977,P2,28.03,28.05,20.0,1.0,742.0,1755.0,6801.0,51.0,31.0
94369.255861745,2026/09/03 15:44:09.078,P2,28.03,28.02,20.0,1.0,742.0,1755.0,6801.0,51.0,31.0
94369.355160478,2026/09/03 15:44:09.179,P2,28.03,28.02,20.0,1.0,742.0,1755.0,6801.0,51.0,31.0
94369.456214062,2026/09/03 15:44:09.280,P2,28.03,28.02,20.0,1.0,742.0,1755.0,6801.0,51.0,31.0
94369.55709524,2026/09/03 15:44:09.381,P2,28.03,28.02,20.0,1.0,742.0,1755.0,6801.0,51.0,31.0
94369.658127166,2026/09/03 15:44:09.482,P2,28.19,28.06,22.0,1.0,742.0,1755.0,6801.0,51.0,31.0
94369.75867952,2026/09/03 15:44:09.582,P2,28.19,28.06,22.0,1.0,742.0,1755.0,6801.0,51.0,31.0
94369.859658848,2026/09/03 15:44:09.683,P2,28.19,28.06,22.0,1.0,742.0,1755.0,6801.0,51.0,31.0
94369.960303931,2026/09/03 15:44:09.784,P2,28.19,28.06,22.0,1.0,742.0,1755.0,6801.0,51.0,31.0
94370.061351198,2026/09/03 15:44:09.885,P2,28.19,28.06,22.0,1.0,742.0,1755.0,6801.0,51.0,31.0
94370.161924064,2026/09/03 15:44:09.986,P2,28.11,28.08,22.0,1.0,742.0,1755.0,6801.0,51.0,31.0
94370.262839344,2026/09/03 15:44:10.087,P2,28.11,28.08,22.0,1.0,742.0,1755.0,6801.0,51.0,31.0
94370.36349269,2026/09/03 15:44:10.187,P2,28.11,28.08,22.0,1.0,742.0,1755.0,6801.0,51.0,31.0
94370.464408834,2026/09/03 15:44:10.288,P2,28.11,28.08,22.0,1.0,742.0,1755.0,6801.0,51.0,31.0
94370.565362051,2026/09/03 15:44:10.389,P2,28.11,28.08,22.0,1.0,742.0,1755.0,6801.0,51.0,31.0
94370.666339002,2026/09/03 15:44:10.490,P2,28.07,28.09,21.0,1.0,742.0,1755.0,6801.0,51.0,31.0
94370.767118927,2026/09/03 15:44:10.591,P2,28.07,28.09,21.0,1.0,742.0,1755.0,6801.0,51.0,31.0
94370.86792153,2026/09/03 15:44:10.692,P2,28.07,28.09,21.0,1.0,742.0,1755.0,6801.0,51.0,31.0
94370.968968403,2026/09/03 15:44:10.793,P2,28.07,28.09,21.0,1.0,742.0,1755.0,6801.0,51.0,31.0
94371.069571056,2026/09/03 15:44:10.893,P2,28.07,28.09,21.0,1.0,742.0,1755.0,6801.0,51.0,31.0
94371.170577365,2026/09/03 15:44:10.994,P2,28.06,28.06,21.0,1.0,742.0,1755.0,6801.0,51.0,31.0
94371.271428938,2026/09/03 15:44:11.095,P2,28.06,28.06,21.0,1.0,742.0,1755.0,6801.0,51.0,31.0
94371.372029612,2026/09/03 15:44:11.196,P2,28.06,28.06,21.0,1.0,742.0,1755.0,6801.0,51.0,31.0
94371.473052303,2026/09/03 15:44:11.297,P2,28.06,28.06,21.0,1.0,742.0,1755.0,6801.0,51.0,31.0
94371.573689564,2026/09/03 15:44:11.398,P2,28.06,28.06,21.0,1.0,742.0,1755.0,6801.0,51.0,31.0
94371.674801428,2026/09/03 15:44:11.498,P2,28.08,28.03,18.0,1.0,742.0,1755.0,6801.0,51.0,31.0
94371.77535838,2026/09/03 15:44:11.599,P2,28.08,28.03,18.0,1.0,742.0,1755.0,6801.0,51.0,31.0
94371.876326934,2026/09/03 15:44:11.700,P2,28.08,28.03,18.0,1.0,742.0,1755.0,6801.0,51.0,31.0
94371.97713633,2026/09/03 15:44:11.801,P2,28.08,28.03,18.0,1.0,742.0,1755.0,6801.0,51.0,31.0
94372.077949388,2026/09/03 15:44:11.902,P2,28.08,28.03,18.0,1.0,742.0,1755.0,6801.0,51.0,31.0
94372.178581929,2026/09/03 15:44:12.002,P2,28.07,28.07,18.0,1.0,742.0,1755.0,6801.0,51.0,31.0
94372.279578648,2026/09/03 15:44:12.103,P2,28.07,28.07,18.0,1.0,742.0,1755.0,6801.0,51.0,31.0
94372.380392017,2026/09/03 15:44:12.204,P2,28.07,28.07,18.0,1.0,742.0,1755.0,6801.0,51.0,31.0
94372.480841744,2026/09/03 15:44:12.305,P2,28.07,28.07,18.0,1.0,742.0,1755.0,6801.0,51.0,31.0
94372.581567614,2026/09/03 15:44:12.406,P2,28.07,28.07,18.0,1.0,742.0,1755.0,6801.0,51.0,31.0
94372.682681465,2026/09/03 15:44:12.506,P2,28.09,28.14,18.0,0.0,742.0,1755.0,6801.0,51.0,31.0
94372.783411549,2026/09/03 15:44:12.607,P2,28.09,28.14,18.0,0.0,742.0,1755.0,6801.0,51.0,31.0
94372.8844755,2026/09/03 15:44:12.708,P2,28.09,28.14,18.0,0.0,742.0,1755.0,6801.0,51.0,31.0
94372.985154754,2026/09/03 15:44:12.809,P2,28.09,28.14,18.0,0.0,742.0,1755.0,6801.0,51.0,31.0
94373.086310131,2026/09/03 15:44:12.910,P2,28.09,28.14,18.0,0.0,742.0,1755.0,6801.0,51.0,31.0
94373.186988312,2026/09/03 15:44:13.011,P2,27.97,28.09,18.0,0.0,742.0,1755.0,6801.0,51.0,31.0
94373.287782553,2026/09/03 15:44:13.112,P2,27.97,28.09,18.0,0.0,742.0,1755.0,6801.0,51.0,31.0
94373.388707797,2026/09/03 15:44:13.212,P2,27.97,28.09,18.0,0.0,742.0,1755.0,6801.0,51.0,31.0
94373.489489449,2026/09/03 15:44:13.313,P2,27.97,28.09,18.0,0.0,742.0,1755.0,6801.0,51.0,31.0
94373.590365628,2026/09/03 15:44:13.414,P2,27.97,28.09,18.0,0.0,742.0,1755.0,6801.0,51.0,31.0
94373.691089729,2026/09/03 15:44:13.515,P2,28.14,28.07,21.0,1.0,742.0,1755.0,6801.0,51.0,31.0
94373.79191982,2026/09/03 15:44:13.616,P2,28.14,28.07,21.0,1.0,742.0,1755.0,6801.0,51.0,31.0
94373.892707495,2026/09/03 15:44:13.717,P2,28.14,28.07,21.0,1.0,742.0,1755.0,6801.0,51.0,31.0
94373.993924269,2026/09/03 15:44:13.817,P2,28.14,28.07,21.0,1.0,742.0,1755.0,6801.0,51.0,31.0
94374.094702958,2026/09/03 15:44:13.918,P2,28.14,28.07,21.0,1.0,742.0,1755.0,6801.0,51.0,31.0
94374.195712768,2026/09/03 15:44:14.019,P2,28.13,28.27,21.0,1.0,742.0,1755.0,6801.0,51.0,31.0
94374.296503487,2026/09/03 15:44:14.120,P2,28.13,28.27,21.0,1.0,742.0,1755.0,6801.0,51.0,31.0
94374.397204717,2026/09/03 15:44:14.221,P2,28.13,28.27,21.0,1.0,742.0,1755.0,6801.0,51.0,31.0
94374.497939575,2026/09/03 15:44:14.322,P2,28.13,28.27,21.0,1.0,742.0,1755.0,6801.0,51.0,31.0
94374.598709729,2026/09/03 15:44:14.423,P2,28.13,28.27,21.0,1.0,742.0,1755.0,6801.0,51.0,31.0
94374.699543456,2026/09/03 15:44:14.523,P2,28.01,28.29,21.0,1.0,742.0,1755.0,6801.0,51.0,31.0
94374.800398352,2026/09/03 15:44:14.624,P2,28.01,28.29,21.0,1.0,742.0,1755.0,6801.0,51.0,31.0
94374.901130498,2026/09/03 15:44:14.725,P2,28.01,28.29,21.0,1.0,742.0,1755.0,6801.0,51.0,31.0
94375.001897877,2026/09/03 15:44:14.826,P2,28.01,28.29,21.0,1.0,742.0,1755.0,6801.0,51.0,31.0
94375.102913922,2026/09/03 15:44:14.927,P2,28.01,28.29,21.0,1.0,742.0,1755.0,6801.0,51.0,31.0
94375.204259368,2026/09/03 15:44:15.028,P2,28.73,28.18,21.0,1.0,742.0,1755.0,6801.0,51.0,31.0
94375.305393056,2026/09/03 15:44:15.129,P2,28.73,28.18,21.0,1.0,742.0,1755.0,6801.0,51.0,31.0
94375.406235638,2026/09/03 15:44:15.230,P2,28.73,28.18,21.0,1.0,742.0,1755.0,6801.0,51.0,31.0
94375.507083869,2026/09/03 15:44:15.331,P2,28.73,28.18,21.0,1.0,742.0,1755.0,6801.0,51.0,31.0
94375.608199073,2026/09/03 15:44:15.432,P2,28.73,28.18,21.0,1.0,742.0,1755.0,6801.0,51.0,31.0
94375.709523377,2026/09/03 15:44:15.533,P2,27.98,28.24,22.0,0.0,742.0,1755.0,6801.0,51.0,31.0
94375.809850765,2026/09/03 15:44:15.634,P2,27.98,28.24,22.0,0.0,742.0,1755.0,6801.0,51.0,31.0
94375.910722232,2026/09/03 15:44:15.735,P2,27.98,28.24,22.0,0.0,742.0,1755.0,6801.0,51.0,31.0
94376.01183028,2026/09/03 15:44:15.835,P2,27.98,28.24,22.0,0.0,742.0,1755.0,6801.0,51.0,31.0
94376.112673409,2026/09/03 15:44:15.936,P2,27.98,28.24,22.0,0.0,742.0,1755.0,6801.0,51.0,31.0
94376.213418467,2026/09/03 15:44:16.037,P2,28.14,28.22,22.0,0.0,742.0,1755.0,6801.0,51.0,31.0
94376.314297693,2026/09/03 15:44:16.138,P2,28.14,28.22,22.0,0.0,742.0,1755.0,6801.0,51.0,31.0
94376.415062693,2026/09/03 15:44:16.239,P2,28.14,28.22,22.0,0.0,742.0,1755.0,6801.0,51.0,31.0
94376.516131278,2026/09/03 15:44:16.340,P2,28.14,28.22,22.0,0.0,742.0,1755.0,6801.0,51.0,31.0
94376.617379401,2026/09/03 15:44:16.441,P2,28.14,28.22,22.0,0.0,733.0,1755.0,6801.0,51.0,31.0
94376.71800465,2026/09/03 15:44:16.541,P2,28.78,28.14,21.0,2.0,733.0,1755.0,6801.0,51.0,31.0
94376.818586348,2026/09/03 15:44:16.642,P2,28.78,28.14,21.0,2.0,731.0,1755.0,6801.0,51.0,31.0
94376.919462608,2026/09/03 15:44:16.743,P2,28.78,28.14,21.0,2.0,731.0,1755.0,6801.0,51.0,31.0
94377.020294972,2026/09/03 15:44:16.844,P2,28.78,28.14,21.0,2.0,731.0,1755.0,6801.0,51.0,31.0
94377.121018393,2026/09/03 15:44:16.945,P2,28.78,28.14,21.0,2.0,731.0,1755.0,6801.0,51.0,31.0
94377.22202871,2026/09/03 15:44:17.046,P2,27.9,28.3,21.0,2.0,731.0,1755.0,6801.0,51.0,31.0
94377.322996163,2026/09/03 15:44:17.147,P2,27.9,28.3,21.0,2.0,731.0,1755.0,6801.0,51.0,31.0
94377.424085458,2026/09/03 15:44:17.248,P2,27.9,28.3,21.0,2.0,731.0,1755.0,6801.0,51.0,31.0
94377.524983022,2026/09/03 15:44:17.349,P2,27.9,28.3,21.0,2.0,731.0,1755.0,6801.0,51.0,31.0
94377.625643807,2026/09/03 15:44:17.450,P2,27.9,28.3,21.0,2.0,731.0,1755.0,6801.0,51.0,31.0
94377.72655213,2026/09/03 15:44:17.550,P2,27.93,28.22,19.0,1.0,731.0,1755.0,6801.0,51.0,31.0
94377.827569175,2026/09/03 15:44:17.651,P2,27.93,28.22,19.0,1.0,731.0,1755.0,6801.0,51.0,31.0
94377.928246421,2026/09/03 15:44:17.752,P2,27.93,28.22,19.0,1.0,731.0,1755.0,6801.0,51.0,31.0
94378.029172457,2026/09/03 15:44:17.853,P2,27.93,28.22,19.0,1.0,731.0,1755.0,6801.0,51.0,31.0
94378.13017817,2026/09/03 15:44:17.954,P2,27.93,28.22,19.0,1.0,731.0,1755.0,6801.0,51.0,31.0
94378.230662987,2026/09/03 15:44:18.054,P2,27.83,27.89,19.0,1.0,731.0,1755.0,6801.0,51.0,31.0
94378.331456437,2026/09/03 15:44:18.155,P2,27.83,27.89,19.0,1.0,731.0,1755.0,6801.0,51.0,31.0
94378.432345225,2026/09/03 15:44:18.256,P2,27.83,27.89,19.0,1.0,731.0,1755.0,6801.0,51.0,31.0
94378.533148047,2026/09/03 15:44:18.357,P2,27.83,27.89,19.0,1.0,731.0,1755.0,6801.0,51.0,31.0
94378.633780723,2026/09/03 15:44:18.458,P2,27.83,27.89,19.0,1.0,731.0,1755.0,6801.0,51.0,31.0
94378.7345684,2026/09/03 15:44:18.558,P2,27.83,27.84,18.0,1.0,731.0,1755.0,6801.0,51.0,31.0
94378.835489689,2026/09/03 15:44:18.659,P2,27.83,27.84,18.0,1.0,731.0,1755.0,6801.0,51.0,31.0
94378.936368953,2026/09/03 15:44:18.760,P2,27.83,27.84,18.0,1.0,731.0,1755.0,6801.0,51.0,31.0
94379.037433287,2026/09/03 15:44:18.861,P2,27.83,27.84,18.0,1.0,731.0,1755.0,6801.0,51.0,31.0
94379.138066388,2026/09/03 15:44:18.962,P2,27.83,27.84,18.0,1.0,731.0,1755.0,6801.0,51.0,31.0
94379.239088073,2026/09/03 15:44:19.063,P2,27.75,27.8,18.0,1.0,731.0,1755.0,6801.0,51.0,31.0
94379.339657324,2026/09/03 15:44:19.164,P2,27.75,27.8,18.0,1.0,731.0,1755.0,6801.0,51.0,31.0
94379.440769875,2026/09/03 15:44:19.264,P2,27.75,27.8,18.0,1.0,731.0,1755.0,6801.0,51.0,31.0
94379.541393151,2026/09/03 15:44:19.365,P2,27.75,27.8,18.0,1.0,731.0,1755.0,6801.0,51.0,31.0
94379.642844003,2026/09/03 15:44:19.466,P2,27.75,27.8,18.0,1.0,731.0,1755.0,6801.0,51.0,31.0
94379.743376804,2026/09/03 15:44:19.567,P2,27.76,27.76,18.0,0.0,731.0,1755.0,6801.0,51.0,31.0
94379.844555883,2026/09/03 15:44:19.668,P2,27.76,27.76,18.0,0.0,731.0,1755.0,6801.0,51.0,31.0
94379.945367915,2026/09/03 15:44:19.769,P2,27.76,27.76,18.0,0.0,731.0,1755.0,6801.0,51.0,31.0
94380.046143184,2026/09/03 15:44:19.870,P2,27.76,27.76,18.0,0.0,731.0,1755.0,6801.0,51.0,31.0
94380.146916854,2026/09/03 15:44:19.971,P2,27.76,27.76,18.0,0.0,731.0,1755.0,6801.0,51.0,31.0
94380.247954226,2026/09/03 15:44:20.072,P2,27.81,27.79,18.0,0.0,731.0,1755.0,6801.0,51.0,31.0
94380.348525186,2026/09/03 15:44:20.172,P2,27.81,27.79,18.0,0.0,731.0,1755.0,6801.0,51.0,31.0
94380.449298058,2026/09/03 15:44:20.273,P2,27.81,27.79,18.0,0.0,731.0,1755.0,6801.0,51.0,31.0
94380.550155109,2026/09/03 15:44:20.374,P2,27.81,27.79,18.0,0.0,731.0,1755.0,6801.0,51.0,31.0
94380.650883209,2026/09/03 15:44:20.475,P2,27.81,27.79,18.0,0.0,731.0,1755.0,6801.0,51.0,31.0
94380.751664726,2026/09/03 15:44:20.576,P2,27.95,27.85,19.0,0.0,731.0,1755.0,6801.0,51.0,31.0
94380.852519603,2026/09/03 15:44:20.676,P2,27.95,27.85,19.0,0.0,731.0,1755.0,6801.0,51.0,31.0
94380.953483018,2026/09/03 15:44:20.777,P2,27.95,27.85,19.0,0.0,731.0,1755.0,6801.0,51.0,31.0
94381.054459128,2026/09/03 15:44:20.878,P2,27.95,27.85,19.0,0.0,731.0,1755.0,6801.0,51.0,31.0
94381.155010466,2026/09/03 15:44:20.979,P2,27.95,27.85,19.0,0.0,731.0,1755.0,6801.0,51.0,31.0
94381.255959303,2026/09/03 15:44:21.080,P2,27.89,27.87,19.0,0.0,731.0,1755.0,6801.0,51.0,31.0
94381.356968033,2026/09/03 15:44:21.181,P2,27.89,27.87,19.0,0.0,731.0,1755.0,6801.0,51.0,31.0
94381.457910205,2026/09/03 15:44:21.281,P2,27.89,27.87,19.0,0.0,731.0,1755.0,6801.0,51.0,31.0
94381.558447433,2026/09/03 15:44:21.382,P2,27.89,27.87,19.0,0.0,731.0,1755.0,6801.0,51.0,31.0
94381.659687737,2026/09/03 15:44:21.483,P2,27.88,27.9,12.0,0.0,731.0,1755.0,6801.0,51.0,31.0
94381.760606886,2026/09/03 15:44:21.584,P2,27.88,27.9,12.0,0.0,731.0,1755.0,6801.0,51.0,31.0
94381.86138731,2026/09/03 15:44:21.685,P2,27.88,27.9,12.0,0.0,731.0,1755.0,6801.0,51.0,31.0
94381.962611739,2026/09/03 15:44:21.786,P2,27.88,27.9,12.0,0.0,731.0,1755.0,6801.0,51.0,31.0
94382.063316397,2026/09/03 15:44:21.887,P2,27.88,27.9,12.0,0.0,731.0,1755.0,6801.0,51.0,31.0
94382.164446824,2026/09/03 15:44:21.988,P2,27.99,27.95,12.0,0.0,731.0,1755.0,6801.0,51.0,31.0
94382.265053247,2026/09/03 15:44:22.089,P2,27.99,27.95,12.0,0.0,745.0,1755.0,6801.0,51.0,31.0
94382.366399892,2026/09/03 15:44:22.190,P2,27.99,27.95,12.0,0.0,741.0,1755.0,6801.0,51.0,31.0
94382.466964261,2026/09/03 15:44:22.291,P2,27.99,27.95,12.0,0.0,742.0,1755.0,6801.0,51.0,31.0
94382.568202392,2026/09/03 15:44:22.392,P2,27.99,27.95,12.0,0.0,742.0,1755.0,6801.0,51.0,31.0
94382.668612863,2026/09/03 15:44:22.492,P2,28.1,28.17,17.0,1.0,742.0,1755.0,6801.0,51.0,31.0
94382.769390419,2026/09/03 15:44:22.593,P2,28.1,28.17,17.0,1.0,742.0,1755.0,6801.0,51.0,31.0
94382.870236574,2026/09/03 15:44:22.694,P2,28.1,28.17,17.0,1.0,742.0,1755.0,6801.0,51.0,31.0
94382.971117997,2026/09/03 15:44:22.795,P2,28.1,28.17,17.0,1.0,742.0,1755.0,6801.0,51.0,31.0
94383.071715892,2026/09/03 15:44:22.896,P2,28.1,28.17,17.0,1.0,742.0,1755.0,6801.0,51.0,31.0
94383.172685747,2026/09/03 15:44:22.996,P2,28.0,28.19,17.0,1.0,742.0,1755.0,6801.0,51.0,31.0
94383.273454622,2026/09/03 15:44:23.097,P2,28.0,28.19,17.0,1.0,742.0,1755.0,6801.0,51.0,31.0
94383.374106865,2026/09/03 15:44:23.198,P2,28.0,28.19,17.0,1.0,742.0,1755.0,6801.0,51.0,31.0
94383.475206951,2026/09/03 15:44:23.299,P2,28.0,28.19,17.0,1.0,742.0,1755.0,6801.0,51.0,31.0
94383.575739738,2026/09/03 15:44:23.400,P2,28.0,28.19,17.0,1.0,742.0,1755.0,6801.0,51.0,31.0
94383.676587329,2026/09/03 15:44:23.500,P2,28.04,28.01,22.0,0.0,742.0,1755.0,6801.0,51.0,31.0
94383.77758975,2026/09/03 15:44:23.601,P2,28.04,28.01,22.0,0.0,742.0,1755.0,6801.0,51.0,31.0
94383.878333616,2026/09/03 15:44:23.702,P2,28.04,28.01,22.0,0.0,742.0,1755.0,6801.0,51.0,31.0
94383.979353167,2026/09/03 15:44:23.803,P2,28.04,28.01,22.0,0.0,742.0,1755.0,6801.0,51.0,31.0
94384.080278662,2026/09/03 15:44:23.904,P2,28.04,28.01,22.0,0.0,742.0,1755.0,6801.0,51.0,31.0
94384.181164033,2026/09/03 15:44:24.005,P2,28.03,27.98,22.0,0.0,742.0,1755.0,6801.0,51.0,31.0
94384.282186864,2026/09/03 15:44:24.106,P2,28.03,27.98,22.0,0.0,742.0,1755.0,6801.0,51.0,31.0
94384.383047186,2026/09/03 15:44:24.207,P2,28.03,27.98,22.0,0.0,742.0,1755.0,6801.0,51.0,31.0
94384.484044232,2026/09/03 15:44:24.308,P2,28.03,27.98,22.0,0.0,742.0,1755.0,6801.0,51.0,31.0
94384.584765924,2026/09/03 15:44:24.409,P2,28.03,27.98,22.0,0.0,742.0,1755.0,6801.0,51.0,31.0
94384.685608715,2026/09/03 15:44:24.509,P2,27.93,27.96,22.0,1.0,742.0,1755.0,6801.0,51.0,31.0
94384.786462762,2026/09/03 15:44:24.610,P2,27.93,27.96,22.0,1.0,742.0,1755.0,6801.0,51.0,31.0
94384.887208448,2026/09/03 15:44:24.711,P2,27.93,27.96,22.0,1.0,742.0,1755.0,6801.0,51.0,31.0
94384.988096323,2026/09/03 15:44:24.812,P2,27.93,27.96,22.0,1.0,742.0,1755.0,6801.0,51.0,31.0
94385.08881776,2026/09/03 15:44:24.913,P2,27.93,27.96,22.0,1.0,742.0,1755.0,6801.0,51.0,31.0
94385.189887184,2026/09/03 15:44:25.013,P2,27.89,27.94,22.0,1.0,742.0,1755.0,6801.0,51.0,31.0
94385.290827669,2026/09/03 15:44:25.114,P2,27.89,27.94,22.0,1.0,742.0,1755.0,6801.0,51.0,31.0
94385.391644273,2026/09/03 15:44:25.215,P2,27.89,27.94,22.0,1.0,742.0,1755.0,6801.0,51.0,31.0
94385.492453159,2026/09/03 15:44:25.316,P2,27.89,27.94,22.0,1.0,742.0,1755.0,6801.0,51.0,31.0
94385.593223762,2026/09/03 15:44:25.417,P2,27.89,27.94,22.0,1.0,742.0,1755.0,6801.0,51.0,31.0
94385.694413096,2026/09/03 15:44:25.518,P2,27.88,27.91,22.0,1.0,742.0,1755.0,6801.0,51.0,31.0
94385.795084202,2026/09/03 15:44:25.619,P2,27.88,27.91,22.0,1.0,742.0,1755.0,6801.0,51.0,31.0
94385.896044423,2026/09/03 15:44:25.720,P2,27.88,27.91,22.0,1.0,742.0,1755.0,6801.0,51.0,31.0
94385.997085014,2026/09/03 15:44:25.821,P2,27.88,27.91,22.0,1.0,742.0,1755.0,6801.0,51.0,31.0
94386.097962589,2026/09/03 15:44:25.922,P2,27.88,27.91,22.0,1.0,742.0,1755.0,6801.0,51.0,31.0
94386.199124227,2026/09/03 15:44:26.022,P2,27.95,27.93,22.0,1.0,742.0,1755.0,6801.0,51.0,31.0
94386.2999299,2026/09/03 15:44:26.124,P2,27.95,27.93,22.0,1.0,742.0,1755.0,6801.0,51.0,31.0
94386.400921167,2026/09/03 15:44:26.225,P2,27.95,27.93,22.0,1.0,742.0,1755.0,6801.0,51.0,31.0
94386.501926583,2026/09/03 15:44:26.326,P2,27.95,27.93,22.0,1.0,742.0,1755.0,6801.0,51.0,31.0
94386.603117006,2026/09/03 15:44:26.427,P2,27.95,27.93,22.0,1.0,742.0,1755.0,6801.0,51.0,31.0
94386.704019911,2026/09/03 15:44:26.528,P2,27.86,27.92,22.0,1.0,742.0,1755.0,6801.0,51.0,31.0
94386.804964177,2026/09/03 15:44:26.629,P2,27.86,27.92,22.0,1.0,742.0,1755.0,6801.0,51.0,31.0
94386.905744291,2026/09/03 15:44:26.730,P2,27.86,27.92,22.0,1.0,742.0,1755.0,6801.0,51.0,31.0
94387.006602512,2026/09/03 15:44:26.830,P2,27.86,27.92,22.0,1.0,742.0,1755.0,6801.0,51.0,31.0
94387.107423328,2026/09/03 15:44:26.931,P2,27.86,27.92,22.0,1.0,742.0,1755.0,6801.0,51.0,31.0
94387.208574918,2026/09/03 15:44:27.032,P2,27.81,27.86,22.0,1.0,742.0,1755.0,6801.0,51.0,31.0
94387.309253158,2026/09/03 15:44:27.133,P2,27.81,27.86,22.0,1.0,742.0,1755.0,6801.0,51.0,31.0
94387.410327662,2026/09/03 15:44:27.234,P2,27.81,27.86,22.0,1.0,742.0,1755.0,6801.0,51.0,31.0
94387.511114481,2026/09/03 15:44:27.335,P2,27.81,27.86,22.0,1.0,742.0,1755.0,6801.0,51.0,31.0
94387.611921936,2026/09/03 15:44:27.436,P2,27.81,27.86,22.0,1.0,742.0,1755.0,6801.0,51.0,31.0
94387.712823329,2026/09/03 15:44:27.537,P2,28.23,27.92,26.0,0.0,742.0,1755.0,6801.0,51.0,31.0
94387.813713043,2026/09/03 15:44:27.637,P2,28.23,27.92,26.0,0.0,742.0,1755.0,6801.0,51.0,31.0
94387.914576078,2026/09/03 15:44:27.738,P2,28.23,27.92,26.0,0.0,742.0,1755.0,6801.0,51.0,31.0
94388.015693774,2026/09/03 15:44:27.839,P2,28.23,27.92,26.0,0.0,742.0,1755.0,6801.0,51.0,31.0
94388.116482123,2026/09/03 15:44:27.940,P2,28.23,27.92,26.0,0.0,742.0,1755.0,6801.0,51.0,31.0
94388.217381763,2026/09/03 15:44:28.041,P2,28.3,28.11,26.0,0.0,742.0,1755.0,6801.0,51.0,31.0
94388.318196864,2026/09/03 15:44:28.142,P2,28.3,28.11,26.0,0.0,742.0,1755.0,6801.0,51.0,31.0
94388.419182102,2026/09/03 15:44:28.243,P2,28.3,28.11,26.0,0.0,742.0,1755.0,6801.0,51.0,31.0
94388.520220811,2026/09/03 15:44:28.344,P2,28.3,28.11,26.0,0.0,742.0,1755.0,6801.0,51.0,31.0
94388.621143924,2026/09/03 15:44:28.445,P2,28.3,28.11,26.0,0.0,742.0,1755.0,6801.0,51.0,31.0
94388.722114852,2026/09/03 15:44:28.546,P2,28.28,28.23,27.0,1.0,742.0,1755.0,6801.0,51.0,31.0
94388.823119381,2026/09/03 15:44:28.647,P2,28.28,28.23,27.0,1.0,742.0,1755.0,6801.0,51.0,31.0
94388.924130806,2026/09/03 15:44:28.748,P2,28.28,28.23,27.0,1.0,742.0,1755.0,6801.0,51.0,31.0
94389.024715609,2026/09/03 15:44:28.849,P2,28.28,28.23,27.0,1.0,742.0,1755.0,6801.0,51.0,31.0
94389.125592101,2026/09/03 15:44:28.949,P2,28.28,28.23,27.0,1.0,742.0,1755.0,6801.0,51.0,31.0
94389.226423033,2026/09/03 15:44:29.050,P2,27.96,28.2,27.0,1.0,742.0,1755.0,6801.0,51.0,31.0
94389.327320745,2026/09/03 15:44:29.151,P2,27.96,28.2,27.0,1.0,742.0,1755.0,6801.0,51.0,31.0
94389.428253629,2026/09/03 15:44:29.252,P2,27.96,28.2,27.0,1.0,742.0,1755.0,6801.0,51.0,31.0
94389.52903759,2026/09/03 15:44:29.353,P2,27.96,28.2,27.0,1.0,742.0,1755.0,6801.0,51.0,31.0
94389.629757546,2026/09/03 15:44:29.454,P2,27.96,28.2,27.0,1.0,742.0,1755.0,6801.0,51.0,31.0
94389.730912082,2026/09/03 15:44:29.554,P2,28.02,28.12,22.0,0.0,742.0,1755.0,6801.0,51.0,31.0
94389.831577591,2026/09/03 15:44:29.655,P2,28.02,28.12,22.0,0.0,742.0,1755.0,6801.0,51.0,31.0
94389.932242716,2026/09/03 15:44:29.756,P2,28.02,28.12,22.0,0.0,742.0,1755.0,6801.0,51.0,31.0
94390.033167938,2026/09/03 15:44:29.857,P2,28.02,28.12,22.0,0.0,742.0,1755.0,6801.0,51.0,31.0
94390.134086838,2026/09/03 15:44:29.958,P2,28.02,28.12,22.0,0.0,742.0,1755.0,6801.0,51.0,31.0
94390.234893957,2026/09/03 15:44:30.058,P2,27.98,28.01,22.0,0.0,742.0,1755.0,6801.0,51.0,31.0
94390.335566219,2026/09/03 15:44:30.159,P2,27.98,28.01,22.0,0.0,742.0,1755.0,6801.0,51.0,31.0
94390.436474759,2026/09/03 15:44:30.260,P2,27.98,28.01,22.0,0.0,742.0,1755.0,6801.0,51.0,31.0
94390.537356049,2026/09/03 15:44:30.361,P2,27.98,28.01,22.0,0.0,742.0,1755.0,6801.0,51.0,31.0
94390.63813007,2026/09/03 15:44:30.462,P2,27.98,28.01,22.0,0.0,742.0,1755.0,6801.0,51.0,31.0
94390.739186632,2026/09/03 15:44:30.563,P2,27.94,27.97,22.0,1.0,742.0,1755.0,6801.0,51.0,31.0
94390.840169158,2026/09/03 15:44:30.664,P2,27.94,27.97,22.0,1.0,742.0,1755.0,6801.0,51.0,31.0
94390.940878531,2026/09/03 15:44:30.765,P2,27.94,27.97,22.0,1.0,742.0,1755.0,6801.0,51.0,31.0
94391.041867839,2026/09/03 15:44:30.865,P2,27.94,27.97,22.0,1.0,742.0,1755.0,6801.0,51.0,31.0
94391.142647199,2026/09/03 15:44:30.966,P2,27.94,27.97,22.0,1.0,742.0,1755.0,6801.0,51.0,31.0
94391.243559555,2026/09/03 15:44:31.067,P2,27.88,27.95,22.0,1.0,742.0,1755.0,6801.0,51.0,31.0
94391.344325609,2026/09/03 15:44:31.168,P2,27.88,27.95,22.0,1.0,742.0,1755.0,6801.0,51.0,31.0
94391.445184464,2026/09/03 15:44:31.269,P2,27.88,27.95,22.0,1.0,742.0,1755.0,6801.0,51.0,31.0
94391.545635817,2026/09/03 15:44:31.369,P2,27.88,27.95,22.0,1.0,742.0,1755.0,6801.0,51.0,31.0
94391.646649624,2026/09/03 15:44:31.470,P2,27.88,27.95,22.0,1.0,742.0,1755.0,6801.0,51.0,31.0
94391.747346276,2026/09/03 15:44:31.571,P2,27.91,27.9,21.0,0.0,742.0,1755.0,6801.0,51.0,31.0
94391.848216499,2026/09/03 15:44:31.672,P2,27.91,27.9,21.0,0.0,742.0,1755.0,6801.0,51.0,31.0
94391.948991256,2026/09/03 15:44:31.773,P2,27.91,27.9,21.0,0.0,742.0,1755.0,6801.0,51.0,31.0
94392.050182559,2026/09/03 15:44:31.874,P2,27.91,27.9,21.0,0.0,742.0,1755.0,6801.0,51.0,31.0
94392.150928823,2026/09/03 15:44:31.975,P2,27.91,27.9,21.0,0.0,742.0,1755.0,6801.0,51.0,31.0
94392.251792157,2026/09/03 15:44:32.076,P2,28.01,27.94,21.0,0.0,742.0,1755.0,6801.0,51.0,31.0
94392.352881392,2026/09/03 15:44:32.176,P2,28.01,27.94,21.0,0.0,742.0,1755.0,6801.0,51.0,31.0
94392.453503096,2026/09/03 15:44:32.277,P2,28.01,27.94,21.0,0.0,742.0,1755.0,6801.0,51.0,31.0
94392.554300838,2026/09/03 15:44:32.378,P2,28.01,27.94,21.0,0.0,742.0,1755.0,6801.0,51.0,31.0
94392.655104323,2026/09/03 15:44:32.479,P2,28.01,27.94,21.0,0.0,742.0,1755.0,6801.0,51.0,31.0
94392.755971482,2026/09/03 15:44:32.580,P2,27.95,27.98,23.0,1.0,742.0,1755.0,6801.0,51.0,31.0
94392.856994907,2026/09/03 15:44:32.681,P2,27.95,27.98,23.0,1.0,742.0,1755.0,6801.0,51.0,31.0
94392.957984274,2026/09/03 15:44:32.782,P2,27.95,27.98,23.0,1.0,742.0,1755.0,6801.0,51.0,31.0
94393.08823934,2026/09/03 15:44:32.883,P2,27.95,27.98,23.0,1.0,742.0,1755.0,6801.0,51.0,31.0
94393.160170543,2026/09/03 15:44:32.984,P2,27.38,27.9,23.0,1.0,742.0,1755.0,6801.0,51.0,31.0
94393.26099265,2026/09/03 15:44:33.085,P2,27.38,27.9,23.0,1.0,742.0,1755.0,6801.0,51.0,31.0
94393.361853753,2026/09/03 15:44:33.186,P2,27.38,27.9,23.0,1.0,742.0,1755.0,6801.0,51.0,31.0
94393.46290978,2026/09/03 15:44:33.286,P2,27.38,27.9,23.0,1.0,742.0,1755.0,6801.0,51.0,31.0
94393.56348495,2026/09/03 15:44:33.387,P2,27.38,27.9,23.0,1.0,742.0,1755.0,6801.0,51.0,31.0
94393.664692589,2026/09/03 15:44:33.488,P2,27.88,27.88,22.0,0.0,742.0,1755.0,6801.0,51.0,31.0
94393.765093938,2026/09/03 15:44:33.589,P2,27.88,27.88,22.0,0.0,742.0,1755.0,6801.0,51.0,31.0
94393.865804763,2026/09/03 15:44:33.690,P2,27.88,27.88,22.0,0.0,742.0,1755.0,6801.0,51.0,31.0
94393.966571172,2026/09/03 15:44:33.790,P2,27.88,27.88,22.0,0.0,742.0,1755.0,6801.0,51.0,31.0
94394.067483257,2026/09/03 15:44:33.891,P2,27.88,27.88,22.0,0.0,742.0,1755.0,6801.0,51.0,31.0
94394.168147607,2026/09/03 15:44:33.992,P2,28.03,27.9,22.0,0.0,742.0,1755.0,6801.0,51.0,31.0
94394.268965946,2026/09/03 15:44:34.093,P2,28.03,27.9,22.0,0.0,742.0,1755.0,6801.0,51.0,31.0
94394.369709924,2026/09/03 15:44:34.193,P2,28.03,27.9,22.0,0.0,742.0,1755.0,6801.0,51.0,31.0
94394.470743456,2026/09/03 15:44:34.294,P2,28.03,27.9,22.0,0.0,742.0,1755.0,6801.0,51.0,31.0
94394.571395383,2026/09/03 15:44:34.395,P2,28.03,27.9,22.0,0.0,742.0,1755.0,6801.0,51.0,31.0
94394.672393584,2026/09/03 15:44:34.496,P2,27.92,27.99,22.0,1.0,742.0,1755.0,6801.0,51.0,31.0
94394.773391014,2026/09/03 15:44:34.597,P2,27.92,27.99,22.0,1.0,742.0,1755.0,6801.0,51.0,31.0
94394.874017302,2026/09/03 15:44:34.698,P2,27.92,27.99,22.0,1.0,742.0,1755.0,6801.0,51.0,31.0
94394.974772455,2026/09/03 15:44:34.799,P2,27.92,27.99,22.0,1.0,742.0,1755.0,6801.0,51.0,31.0
94395.075583618,2026/09/03 15:44:34.899,P2,27.92,27.99,22.0,1.0,742.0,1755.0,6801.0,51.0,31.0
94395.176531937,2026/09/03 15:44:35.000,P2,27.88,27.98,22.0,1.0,742.0,1755.0,6801.0,51.0,31.0
94395.277703455,2026/09/03 15:44:35.101,P2,27.88,27.98,22.0,1.0,742.0,1755.0,6801.0,51.0,31.0
94395.378658493,2026/09/03 15:44:35.202,P2,27.88,27.98,22.0,1.0,742.0,1755.0,6801.0,51.0,31.0
94395.479601644,2026/09/03 15:44:35.303,P2,27.88,27.98,22.0,1.0,742.0,1755.0,6801.0,51.0,31.0
94395.580301631,2026/09/03 15:44:35.404,P2,27.88,27.98,22.0,1.0,742.0,1755.0,6801.0,51.0,31.0
94395.681325422,2026/09/03 15:44:35.505,P2,27.95,27.93,19.0,0.0,742.0,1755.0,6801.0,51.0,31.0
94395.781979693,2026/09/03 15:44:35.606,P2,27.95,27.93,19.0,0.0,742.0,1755.0,6801.0,51.0,31.0
94395.882826735,2026/09/03 15:44:35.706,P2,27.95,27.93,19.0,0.0,742.0,1755.0,6801.0,51.0,31.0
94395.983675903,2026/09/03 15:44:35.807,P2,27.95,27.93,19.0,0.0,742.0,1755.0,6801.0,51.0,31.0
94396.084637803,2026/09/03 15:44:35.908,P2,27.95,27.93,19.0,0.0,742.0,1755.0,6801.0,51.0,31.0
94396.185297993,2026/09/03 15:44:36.009,P2,28.0,27.96,19.0,0.0,742.0,1755.0,6801.0,51.0,31.0
94396.286294738,2026/09/03 15:44:36.110,P2,28.0,27.96,19.0,0.0,742.0,1755.0,6801.0,51.0,31.0
94396.387127404,2026/09/03 15:44:36.211,P2,28.0,27.96,19.0,0.0,742.0,1755.0,6801.0,51.0,31.0
94396.48849346,2026/09/03 15:44:36.312,P2,28.0,27.96,19.0,0.0,742.0,1755.0,6801.0,51.0,31.0
94396.588757946,2026/09/03 15:44:36.413,P2,28.0,27.96,19.0,0.0,742.0,1755.0,6801.0,51.0,31.0
94396.689741602,2026/09/03 15:44:36.513,P2,28.09,28.0,20.0,1.0,742.0,1755.0,6801.0,51.0,31.0
94396.79071688,2026/09/03 15:44:36.614,P2,28.09,28.0,20.0,1.0,742.0,1755.0,6801.0,51.0,31.0
94396.891520731,2026/09/03 15:44:36.715,P2,28.09,28.0,20.0,1.0,742.0,1755.0,6801.0,51.0,31.0
94396.992418676,2026/09/03 15:44:36.816,P2,28.09,28.0,20.0,1.0,742.0,1755.0,6801.0,51.0,31.0
94397.093113599,2026/09/03 15:44:36.917,P2,28.09,28.0,20.0,1.0,742.0,1755.0,6801.0,51.0,31.0
94397.194254598,2026/09/03 15:44:37.018,P2,27.97,27.97,20.0,1.0,742.0,1755.0,6801.0,51.0,31.0
94397.295009588,2026/09/03 15:44:37.119,P2,27.97,27.97,20.0,1.0,742.0,1755.0,6801.0,51.0,31.0
94397.395906293,2026/09/03 15:44:37.220,P2,27.97,27.97,20.0,1.0,742.0,1755.0,6801.0,51.0,31.0
94397.496984735,2026/09/03 15:44:37.320,P2,27.97,27.97,20.0,1.0,742.0,1755.0,6801.0,51.0,31.0
94397.59786635,2026/09/03 15:44:37.421,P2,27.97,27.97,20.0,1.0,742.0,1755.0,6801.0,51.0,31.0
94397.698808447,2026/09/03 15:44:37.523,P2,27.94,27.94,20.0,0.0,742.0,1755.0,6801.0,51.0,31.0
94397.799780556,2026/09/03 15:44:37.623,P2,27.94,27.94,20.0,0.0,742.0,1755.0,6801.0,51.0,31.0
94397.90053033,2026/09/03 15:44:37.724,P2,27.94,27.94,20.0,0.0,742.0,1755.0,6801.0,51.0,31.0
94398.001712881,2026/09/03 15:44:37.825,P2,27.94,27.94,20.0,0.0,742.0,1755.0,6801.0,51.0,31.0
94398.102543572,2026/09/03 15:44:37.926,P2,27.94,27.94,20.0,0.0,742.0,1755.0,6801.0,51.0,31.0
94398.203388349,2026/09/03 15:44:38.027,P2,28.09,27.95,20.0,0.0,742.0,1755.0,6801.0,51.0,31.0
94398.304375327,2026/09/03 15:44:38.128,P2,28.09,27.95,20.0,0.0,742.0,1755.0,6801.0,51.0,31.0
94398.404960623,2026/09/03 15:44:38.229,P2,28.09,27.95,20.0,0.0,742.0,1755.0,6801.0,51.0,31.0
94398.505735837,2026/09/03 15:44:38.330,P2,28.09,27.95,20.0,0.0,742.0,1755.0,6801.0,51.0,31.0
94398.606593997,2026/09/03 15:44:38.430,P2,28.09,27.95,20.0,0.0,742.0,1755.0,6801.0,51.0,31.0
94398.707450269,2026/09/03 15:44:38.531,P2,27.76,27.95,17.0,1.0,742.0,1755.0,6801.0,51.0,31.0
94398.808396495,2026/09/03 15:44:38.632,P2,27.76,27.95,17.0,1.0,742.0,1755.0,6801.0,51.0,31.0
94398.909125683,2026/09/03 15:44:38.733,P2,27.76,27.95,17.0,1.0,742.0,1755.0,6801.0,51.0,31.0
94399.0099814,2026/09/03 15:44:38.834,P2,27.76,27.95,17.0,1.0,742.0,1755.0,6801.0,51.0,31.0
94399.11085269,2026/09/03 15:44:38.935,P2,27.76,27.95,17.0,1.0,742.0,1755.0,6801.0,51.0,31.0
94399.211904227,2026/09/03 15:44:39.035,P2,27.89,27.93,17.0,1.0,742.0,1755.0,6801.0,51.0,31.0
94399.312679411,2026/09/03 15:44:39.136,P2,27.89,27.93,17.0,1.0,742.0,1755.0,6801.0,51.0,31.0
94399.413472304,2026/09/03 15:44:39.237,P2,27.89,27.93,17.0,1.0,742.0,1755.0,6801.0,51.0,31.0
94399.51432821,2026/09/03 15:44:39.338,P2,27.89,27.93,17.0,1.0,742.0,1755.0,6801.0,51.0,31.0
94399.61509573,2026/09/03 15:44:39.439,P2,27.89,27.93,17.0,1.0,742.0,1755.0,6801.0,51.0,31.0
94399.716322307,2026/09/03 15:44:39.540,P2,28.02,27.89,19.0,1.0,742.0,1755.0,6801.0,51.0,31.0
94399.817193514,2026/09/03 15:44:39.641,P2,28.02,27.89,19.0,1.0,742.0,1755.0,6801.0,51.0,31.0
94399.918155468,2026/09/03 15:44:39.742,P2,28.02,27.89,19.0,1.0,742.0,1755.0,6801.0,51.0,31.0
94400.019278874,2026/09/03 15:44:39.843,P2,28.02,27.89,19.0,1.0,742.0,1755.0,6801.0,51.0,31.0
94400.11972236,2026/09/03 15:44:39.943,P2,28.02,27.89,19.0,1.0,742.0,1755.0,6801.0,51.0,31.0
94400.220512555,2026/09/03 15:44:40.044,P2,27.75,27.92,19.0,1.0,742.0,1755.0,6801.0,51.0,31.0
94400.321647782,2026/09/03 15:44:40.145,P2,27.75,27.92,19.0,1.0,742.0,1755.0,6801.0,51.0,31.0
94400.42237616,2026/09/03 15:44:40.246,P2,27.75,27.92,19.0,1.0,742.0,1755.0,6801.0,51.0,31.0
94400.523166822,2026/09/03 15:44:40.347,P2,27.75,27.92,19.0,1.0,742.0,1755.0,6801.0,51.0,31.0
94400.623873617,2026/09/03 15:44:40.448,P2,27.75,27.92,19.0,1.0,742.0,1755.0,6801.0,51.0,31.0
94400.724777959,2026/09/03 15:44:40.549,P2,27.82,27.94,12.0,1.0,742.0,1755.0,6801.0,51.0,31.0
94400.825683324,2026/09/03 15:44:40.649,P2,27.82,27.94,12.0,1.0,742.0,1755.0,6801.0,51.0,31.0
94400.926461922,2026/09/03 15:44:40.750,P2,27.82,27.94,12.0,1.0,742.0,1755.0,6801.0,51.0,31.0
94401.027430629,2026/09/03 15:44:40.851,P2,27.82,27.94,12.0,1.0,742.0,1755.0,6801.0,51.0,31.0
94401.128302272,2026/09/03 15:44:40.952,P2,27.82,27.94,12.0,1.0,742.0,1755.0,6801.0,51.0,31.0
94401.229165573,2026/09/03 15:44:41.053,P2,27.97,27.94,12.0,1.0,742.0,1755.0,6801.0,51.0,31.0
94401.330015784,2026/09/03 15:44:41.154,P2,27.97,27.94,12.0,1.0,742.0,1755.0,6801.0,51.0,31.0
94401.43096087,2026/09/03 15:44:41.255,P2,27.97,27.94,12.0,1.0,742.0,1755.0,6801.0,51.0,31.0
94401.531661178,2026/09/03 15:44:41.355,P2,27.97,27.94,12.0,1.0,742.0,1755.0,6801.0,51.0,31.0
94401.632359138,2026/09/03 15:44:41.456,P2,27.97,27.94,12.0,1.0,742.0,1755.0,6801.0,51.0,31.0
94401.733186243,2026/09/03 15:44:41.557,P2,27.89,27.92,22.0,1.0,742.0,1755.0,6801.0,51.0,31.0
94401.834250812,2026/09/03 15:44:41.658,P2,27.89,27.92,22.0,1.0,742.0,1755.0,6801.0,51.0,31.0
94401.935444499,2026/09/03 15:44:41.759,P2,27.89,27.92,22.0,1.0,742.0,1755.0,6801.0,51.0,31.0
94402.03634837,2026/09/03 15:44:41.860,P2,27.89,27.92,22.0,1.0,742.0,1755.0,6801.0,51.0,31.0
94402.137585392,2026/09/03 15:44:41.961,P2,27.89,27.92,22.0,1.0,742.0,1755.0,6801.0,51.0,31.0
94402.238394018,2026/09/03 15:44:42.062,P2,27.96,27.92,22.0,1.0,742.0,1755.0,6801.0,51.0,31.0
94402.339034363,2026/09/03 15:44:42.163,P2,27.96,27.92,22.0,1.0,742.0,1755.0,6801.0,51.0,31.0
94402.439988204,2026/09/03 15:44:42.264,P2,27.96,27.92,22.0,1.0,742.0,1755.0,6801.0,51.0,31.0
94402.540807049,2026/09/03 15:44:42.365,P2,27.96,27.92,22.0,1.0,742.0,1755.0,6801.0,51.0,31.0
94402.64168798,2026/09/03 15:44:42.465,P2,27.96,27.92,22.0,1.0,742.0,1755.0,6801.0,51.0,31.0
94402.742452334,2026/09/03 15:44:42.566,P2,27.87,27.94,21.0,1.0,742.0,1755.0,6801.0,51.0,31.0
94402.843461176,2026/09/03 15:44:42.667,P2,27.87,27.94,21.0,1.0,742.0,1755.0,6801.0,51.0,31.0
94402.944315851,2026/09/03 15:44:42.768,P2,27.87,27.94,21.0,1.0,742.0,1755.0,6801.0,51.0,31.0
94403.04520425,2026/09/03 15:44:42.869,P2,27.87,27.94,21.0,1.0,742.0,1755.0,6801.0,51.0,31.0
94403.145997956,2026/09/03 15:44:42.970,P2,27.87,27.94,21.0,1.0,742.0,1755.0,6801.0,51.0,31.0
94403.247221688,2026/09/03 15:44:43.071,P2,28.13,28.0,21.0,1.0,742.0,1755.0,6801.0,51.0,31.0
94403.347936686,2026/09/03 15:44:43.172,P2,28.13,28.0,21.0,1.0,742.0,1755.0,6801.0,51.0,31.0
94403.4488039,2026/09/03 15:44:43.273,P2,28.13,28.0,21.0,1.0,742.0,1755.0,6801.0,51.0,31.0
94403.549635107,2026/09/03 15:44:43.373,P2,28.13,28.0,21.0,1.0,742.0,1755.0,6801.0,51.0,31.0
94403.650510984,2026/09/03 15:44:43.474,P2,28.13,28.0,21.0,1.0,742.0,1755.0,6801.0,51.0,31.0
94403.751491044,2026/09/03 15:44:43.575,P2,27.92,28.01,17.0,0.0,742.0,1755.0,6801.0,51.0,31.0
94403.852318254,2026/09/03 15:44:43.676,P2,27.92,28.01,17.0,0.0,742.0,1755.0,6801.0,51.0,31.0
94403.95330086,2026/09/03 15:44:43.777,P2,27.92,28.01,17.0,0.0,742.0,1755.0,6801.0,51.0,31.0
94404.054115842,2026/09/03 15:44:43.878,P2,27.92,28.01,17.0,0.0,742.0,1755.0,6801.0,51.0,31.0
94404.154967176,2026/09/03 15:44:43.979,P2,27.92,28.01,17.0,0.0,742.0,1755.0,6801.0,51.0,31.0
94404.256035399,2026/09/03 15:44:44.080,P2,27.92,27.98,17.0,0.0,742.0,1755.0,6801.0,51.0,31.0
94404.357151557,2026/09/03 15:44:44.181,P2,27.92,27.98,17.0,0.0,742.0,1755.0,6801.0,51.0,31.0
94404.457864831,2026/09/03 15:44:44.282,P2,27.92,27.98,17.0,0.0,742.0,1755.0,6801.0,51.0,31.0
94404.558818159,2026/09/03 15:44:44.382,P2,27.92,27.98,17.0,0.0,742.0,1755.0,6801.0,51.0,31.0
94404.659366494,2026/09/03 15:44:44.483,P2,27.93,27.98,22.0,1.0,742.0,1755.0,6801.0,51.0,31.0
94404.760399412,2026/09/03 15:44:44.584,P2,27.93,27.98,22.0,1.0,742.0,1755.0,6801.0,51.0,31.0
94404.861256167,2026/09/03 15:44:44.685,P2,27.93,27.98,22.0,1.0,742.0,1755.0,6801.0,51.0,31.0
94404.961983726,2026/09/03 15:44:44.786,P2,27.93,27.98,22.0,1.0,742.0,1755.0,6801.0,51.0,31.0
94405.062634405,2026/09/03 15:44:44.887,P2,27.93,27.98,22.0,1.0,742.0,1755.0,6801.0,51.0,31.0
94405.163636311,2026/09/03 15:44:44.987,P2,27.9,27.98,22.0,1.0,742.0,1755.0,6801.0,51.0,31.0
94405.264429849,2026/09/03 15:44:45.088,P2,27.9,27.98,22.0,1.0,742.0,1755.0,6801.0,51.0,31.0
94405.365166695,2026/09/03 15:44:45.189,P2,27.9,27.98,22.0,1.0,742.0,1755.0,6801.0,51.0,31.0
94405.466180416,2026/09/03 15:44:45.290,P2,27.9,27.98,22.0,1.0,742.0,1755.0,6801.0,51.0,31.0
94405.566568585,2026/09/03 15:44:45.390,P2,27.9,27.98,22.0,1.0,742.0,1755.0,6801.0,51.0,31.0
94405.66739255,2026/09/03 15:44:45.491,P2,27.87,27.91,21.0,0.0,742.0,1755.0,6801.0,51.0,31.0
94405.768143487,2026/09/03 15:44:45.592,P2,27.87,27.91,21.0,0.0,742.0,1755.0,6801.0,51.0,31.0
94405.86893642,2026/09/03 15:44:45.693,P2,27.87,27.91,21.0,0.0,742.0,1755.0,6801.0,51.0,31.0
94405.969824295,2026/09/03 15:44:45.794,P2,27.87,27.91,21.0,0.0,742.0,1755.0,6801.0,51.0,31.0
94406.070674348,2026/09/03 15:44:45.894,P2,27.87,27.91,21.0,0.0,742.0,1755.0,6801.0,51.0,31.0
94406.171429556,2026/09/03 15:44:45.995,P2,27.85,27.89,21.0,0.0,742.0,1755.0,6801.0,51.0,31.0
94406.272366893,2026/09/03 15:44:46.096,P2,27.85,27.89,21.0,0.0,742.0,1755.0,6801.0,51.0,31.0
94406.373477297,2026/09/03 15:44:46.197,P2,27.85,27.89,21.0,0.0,742.0,1755.0,6801.0,51.0,31.0
94406.474672465,2026/09/03 15:44:46.298,P2,27.85,27.89,21.0,0.0,742.0,1755.0,6801.0,51.0,31.0
94406.575560357,2026/09/03 15:44:46.399,P2,27.85,27.89,21.0,0.0,742.0,1755.0,6801.0,51.0,31.0
94406.676464148,2026/09/03 15:44:46.500,P2,27.9,27.97,21.0,1.0,742.0,1755.0,6801.0,51.0,31.0
94406.777318194,2026/09/03 15:44:46.601,P2,27.9,27.97,21.0,1.0,742.0,1755.0,6801.0,51.0,31.0
94406.878192284,2026/09/03 15:44:46.702,P2,27.9,27.97,21.0,1.0,742.0,1755.0,6801.0,51.0,31.0
94406.979214583,2026/09/03 15:44:46.803,P2,27.9,27.97,21.0,1.0,742.0,1755.0,6801.0,51.0,31.0
94407.079781424,2026/09/03 15:44:46.904,P2,27.9,27.97,21.0,1.0,742.0,1755.0,6801.0,51.0,31.0
94407.180637252,2026/09/03 15:44:47.004,P2,27.89,27.95,21.0,1.0,742.0,1755.0,6801.0,51.0,31.0
94407.281285018,2026/09/03 15:44:47.105,P2,27.89,27.95,21.0,1.0,742.0,1755.0,6801.0,51.0,31.0
94407.382147398,2026/09/03 15:44:47.206,P2,27.89,27.95,21.0,1.0,742.0,1755.0,6801.0,51.0,31.0
94407.482985607,2026/09/03 15:44:47.307,P2,27.89,27.95,21.0,1.0,742.0,1755.0,6801.0,51.0,31.0
94407.584090935,2026/09/03 15:44:47.408,P2,27.89,27.95,21.0,1.0,742.0,1755.0,6801.0,51.0,31.0
94407.68466855,2026/09/03 15:44:47.508,P2,27.89,27.9,21.0,0.0,742.0,1755.0,6801.0,51.0,31.0
94407.785540329,2026/09/03 15:44:47.609,P2,27.89,27.9,21.0,0.0,742.0,1755.0,6801.0,51.0,31.0
94407.886233511,2026/09/03 15:44:47.710,P2,27.89,27.9,21.0,0.0,742.0,1755.0,6801.0,51.0,31.0
94407.987171786,2026/09/03 15:44:47.811,P2,27.89,27.9,21.0,0.0,742.0,1755.0,6801.0,51.0,31.0
94408.088189326,2026/09/03 15:44:47.912,P2,27.89,27.9,21.0,0.0,742.0,1755.0,6801.0,51.0,31.0
94408.189131079,2026/09/03 15:44:48.013,P2,27.94,27.93,21.0,0.0,742.0,1755.0,6801.0,51.0,31.0
94408.289577937,2026/09/03 15:44:48.113,P2,27.94,27.93,21.0,0.0,742.0,1755.0,6801.0,51.0,31.0
94408.390622477,2026/09/03 15:44:48.214,P2,27.94,27.93,21.0,0.0,742.0,1755.0,6801.0,51.0,31.0
94408.49136431,2026/09/03 15:44:48.315,P2,27.94,27.93,21.0,0.0,742.0,1755.0,6801.0,51.0,31.0
94408.592498879,2026/09/03 15:44:48.416,P2,27.94,27.93,21.0,0.0,742.0,1755.0,6801.0,51.0,31.0
94408.693701051,2026/09/03 15:44:48.517,P2,27.95,27.92,23.0,1.0,742.0,1755.0,6801.0,51.0,31.0
94408.79465689,2026/09/03 15:44:48.618,P2,27.95,27.92,23.0,1.0,742.0,1755.0,6801.0,51.0,31.0
94408.895607021,2026/09/03 15:44:48.719,P2,27.95,27.92,23.0,1.0,742.0,1755.0,6801.0,51.0,31.0
94408.996257567,2026/09/03 15:44:48.820,P2,27.95,27.92,23.0,1.0,742.0,1755.0,6801.0,51.0,31.0
94409.097057263,2026/09/03 15:44:48.921,P2,27.95,27.92,23.0,1.0,742.0,1755.0,6801.0,51.0,31.0
94409.197964648,2026/09/03 15:44:49.022,P2,27.77,27.86,23.0,1.0,742.0,1755.0,6801.0,51.0,31.0
94409.298931432,2026/09/03 15:44:49.123,P2,27.77,27.86,23.0,1.0,742.0,1755.0,6801.0,51.0,31.0
94409.399543275,2026/09/03 15:44:49.223,P2,27.77,27.86,23.0,1.0,742.0,1755.0,6801.0,51.0,31.0
94409.500813822,2026/09/03 15:44:49.324,P2,27.77,27.86,23.0,1.0,742.0,1755.0,6801.0,51.0,31.0
94409.60133014,2026/09/03 15:44:49.425,P2,27.77,27.86,23.0,1.0,742.0,1755.0,6801.0,51.0,31.0
94409.702401056,2026/09/03 15:44:49.526,P2,27.8,27.84,17.0,1.0,742.0,1755.0,6801.0,51.0,31.0
94409.80304156,2026/09/03 15:44:49.627,P2,27.8,27.84,17.0,1.0,742.0,1755.0,6801.0,51.0,31.0
94409.904028001,2026/09/03 15:44:49.728,P2,27.8,27.84,17.0,1.0,742.0,1755.0,6801.0,51.0,31.0
94410.004933696,2026/09/03 15:44:49.829,P2,27.8,27.84,17.0,1.0,742.0,1755.0,6801.0,51.0,31.0
94410.105823823,2026/09/03 15:44:49.930,P2,27.8,27.84,17.0,1.0,742.0,1755.0,6801.0,51.0,31.0
94410.206849296,2026/09/03 15:44:50.030,P2,27.91,27.86,17.0,1.0,742.0,1755.0,6801.0,51.0,31.0
94410.307807982,2026/09/03 15:44:50.131,P2,27.91,27.86,17.0,1.0,742.0,1755.0,6801.0,51.0,31.0
94410.408697436,2026/09/03 15:44:50.232,P2,27.91,27.86,17.0,1.0,742.0,1755.0,6801.0,51.0,31.0
94410.50944428,2026/09/03 15:44:50.333,P2,27.91,27.86,17.0,1.0,742.0,1755.0,6801.0,51.0,31.0
94410.610232128,2026/09/03 15:44:50.434,P2,27.91,27.86,17.0,1.0,742.0,1755.0,6801.0,51.0,31.0
94410.711750867,2026/09/03 15:44:50.535,P2,27.92,27.9,22.0,0.0,742.0,1755.0,6801.0,51.0,31.0
94410.812092395,2026/09/03 15:44:50.636,P2,27.92,27.9,22.0,0.0,742.0,1755.0,6801.0,51.0,31.0
94410.913151941,2026/09/03 15:44:50.737,P2,27.92,27.9,22.0,0.0,742.0,1755.0,6801.0,51.0,31.0
94411.01429273,2026/09/03 15:44:50.838,P2,27.92,27.9,22.0,0.0,742.0,1755.0,6801.0,51.0,31.0
94411.115121891,2026/09/03 15:44:50.939,P2,27.92,27.9,22.0,0.0,742.0,1755.0,6801.0,51.0,31.0
94411.215983619,2026/09/03 15:44:51.040,P2,27.88,27.87,22.0,0.0,742.0,1755.0,6801.0,51.0,31.0
94411.316640507,2026/09/03 15:44:51.140,P2,27.88,27.87,22.0,0.0,742.0,1755.0,6801.0,51.0,31.0
94411.41749158,2026/09/03 15:44:51.241,P2,27.88,27.87,22.0,0.0,742.0,1755.0,6801.0,51.0,31.0
94411.518261258,2026/09/03 15:44:51.342,P2,27.88,27.87,22.0,0.0,742.0,1755.0,6801.0,51.0,31.0
94411.619219533,2026/09/03 15:44:51.443,P2,27.88,27.87,22.0,0.0,742.0,1755.0,6801.0,51.0,31.0
94411.719998201,2026/09/03 15:44:51.544,P2,27.92,27.85,21.0,1.0,742.0,1755.0,6801.0,51.0,31.0
94411.820866943,2026/09/03 15:44:51.645,P2,27.92,27.85,21.0,1.0,742.0,1755.0,6801.0,51.0,31.0
94411.921497968,2026/09/03 15:44:51.745,P2,27.92,27.85,21.0,1.0,742.0,1755.0,6801.0,51.0,31.0
94412.02228342,2026/09/03 15:44:51.846,P2,27.92,27.85,21.0,1.0,742.0,1755.0,6801.0,51.0,31.0
94412.12327623,2026/09/03 15:44:51.947,P2,27.92,27.85,21.0,1.0,742.0,1755.0,6801.0,51.0,31.0
94412.224163271,2026/09/03 15:44:52.048,P2,27.99,27.93,21.0,1.0,742.0,1755.0,6801.0,51.0,31.0
94412.324962701,2026/09/03 15:44:52.149,P2,27.99,27.93,21.0,1.0,742.0,1755.0,6801.0,51.0,31.0
94412.425822807,2026/09/03 15:44:52.250,P2,27.99,27.93,21.0,1.0,742.0,1755.0,6801.0,51.0,31.0
94412.52663646,2026/09/03 15:44:52.350,P2,27.99,27.93,21.0,1.0,742.0,1755.0,6801.0,51.0,31.0
94412.627594862,2026/09/03 15:44:52.451,P2,27.99,27.93,21.0,1.0,742.0,1755.0,6801.0,51.0,31.0
94412.728392716,2026/09/03 15:44:52.552,P2,27.88,27.95,22.0,1.0,742.0,1755.0,6801.0,51.0,31.0
94412.829272498,2026/09/03 15:44:52.653,P2,27.88,27.95,22.0,1.0,742.0,1755.0,6801.0,51.0,31.0
94412.930177614,2026/09/03 15:44:52.754,P2,27.88,27.95,22.0,1.0,742.0,1755.0,6801.0,51.0,31.0
94413.031574809,2026/09/03 15:44:52.855,P2,27.88,27.95,22.0,1.0,742.0,1755.0,6801.0,51.0,31.0
94413.132076787,2026/09/03 15:44:52.956,P2,27.88,27.95,22.0,1.0,742.0,1755.0,6801.0,51.0,31.0
94413.233172639,2026/09/03 15:44:53.057,P2,27.85,27.89,22.0,1.0,742.0,1755.0,6801.0,51.0,31.0
94413.334294012,2026/09/03 15:44:53.158,P2,27.85,27.89,22.0,1.0,742.0,1755.0,6801.0,51.0,31.0
94413.434981969,2026/09/03 15:44:53.259,P2,27.85,27.89,22.0,1.0,742.0,1755.0,6801.0,51.0,31.0
94413.535704247,2026/09/03 15:44:53.360,P2,27.85,27.89,22.0,1.0,742.0,1755.0,6801.0,51.0,31.0
94413.636638324,2026/09/03 15:44:53.460,P2,27.85,27.89,22.0,1.0,742.0,1755.0,6801.0,51.0,31.0
94413.737488992,2026/09/03 15:44:53.561,P2,27.97,27.88,22.0,0.0,742.0,1755.0,6801.0,51.0,31.0
94413.838200085,2026/09/03 15:44:53.662,P2,27.97,27.88,22.0,0.0,742.0,1755.0,6801.0,51.0,31.0
94413.93900913,2026/09/03 15:44:53.763,P2,27.97,27.88,22.0,0.0,742.0,1755.0,6801.0,51.0,31.0
94414.043956833,2026/09/03 15:44:53.864,P2,27.97,27.88,22.0,0.0,742.0,1755.0,6801.0,51.0,31.0
94414.140679455,2026/09/03 15:44:53.964,P2,27.97,27.88,22.0,0.0,742.0,1755.0,6801.0,51.0,31.0
94414.241480527,2026/09/03 15:44:54.065,P2,27.82,27.89,22.0,0.0,742.0,1755.0,6801.0,51.0,31.0
94414.342171984,2026/09/03 15:44:54.166,P2,27.82,27.89,22.0,0.0,742.0,1755.0,6801.0,51.0,31.0
94414.443298516,2026/09/03 15:44:54.267,P2,27.82,27.89,22.0,0.0,742.0,1755.0,6801.0,51.0,31.0
94414.54383132,2026/09/03 15:44:54.368,P2,27.82,27.89,22.0,0.0,742.0,1755.0,6801.0,51.0,31.0
94414.645005823,2026/09/03 15:44:54.468,P2,27.82,27.89,22.0,0.0,742.0,1755.0,6801.0,51.0,31.0
94414.745841788,2026/09/03 15:44:54.569,P2,27.97,27.9,22.0,1.0,742.0,1755.0,6801.0,51.0,31.0
94414.84664304,2026/09/03 15:44:54.670,P2,27.97,27.9,22.0,1.0,742.0,1755.0,6801.0,51.0,31.0
94414.947392777,2026/09/03 15:44:54.771,P2,27.97,27.9,22.0,1.0,742.0,1755.0,6801.0,51.0,31.0
94415.048263965,2026/09/03 15:44:54.872,P2,27.97,27.9,22.0,1.0,742.0,1755.0,6801.0,51.0,31.0
94415.148801046,2026/09/03 15:44:54.973,P2,27.97,27.9,22.0,1.0,742.0,1755.0,6801.0,51.0,31.0
94415.249812042,2026/09/03 15:44:55.073,P2,27.94,27.89,22.0,1.0,742.0,1755.0,6801.0,51.0,31.0
94415.35076545,2026/09/03 15:44:55.174,P2,27.94,27.89,22.0,1.0,742.0,1755.0,6801.0,51.0,31.0
94415.45190806,2026/09/03 15:44:55.275,P2,27.94,27.89,22.0,1.0,742.0,1755.0,6801.0,51.0,31.0
94415.552693154,2026/09/03 15:44:55.376,P2,27.94,27.89,22.0,1.0,742.0,1755.0,6801.0,51.0,31.0
94415.653338339,2026/09/03 15:44:55.477,P2,27.94,27.89,22.0,1.0,742.0,1755.0,6801.0,51.0,31.0
94415.754770307,2026/09/03 15:44:55.578,P2,27.8,27.91,17.0,0.0,742.0,1755.0,6801.0,51.0,31.0
94415.855270543,2026/09/03 15:44:55.679,P2,27.8,27.91,17.0,0.0,742.0,1755.0,6801.0,51.0,31.0
94415.955948532,2026/09/03 15:44:55.780,P2,27.8,27.91,17.0,0.0,742.0,1755.0,6801.0,51.0,31.0
94416.056754932,2026/09/03 15:44:55.881,P2,27.8,27.91,17.0,0.0,742.0,1755.0,6801.0,51.0,31.0
94416.157416321,2026/09/03 15:44:55.981,P2,27.8,27.91,17.0,0.0,742.0,1755.0,6801.0,51.0,31.0
94416.258395727,2026/09/03 15:44:56.082,P2,27.89,27.9,17.0,0.0,742.0,1755.0,6801.0,51.0,31.0
94416.359181018,2026/09/03 15:44:56.183,P2,27.89,27.9,17.0,0.0,742.0,1755.0,6801.0,51.0,31.0
94416.459930921,2026/09/03 15:44:56.284,P2,27.89,27.9,17.0,0.0,742.0,1755.0,6801.0,51.0,31.0
94416.560943116,2026/09/03 15:44:56.385,P2,27.89,27.9,17.0,0.0,742.0,1755.0,6801.0,51.0,31.0
94416.661787805,2026/09/03 15:44:56.485,P2,28.03,27.93,23.0,1.0,742.0,1755.0,6801.0,51.0,31.0
94416.762693825,2026/09/03 15:44:56.586,P2,28.03,27.93,23.0,1.0,742.0,1755.0,6801.0,51.0,31.0
94416.863484832,2026/09/03 15:44:56.687,P2,28.03,27.93,23.0,1.0,742.0,1755.0,6801.0,51.0,31.0
94416.964321557,2026/09/03 15:44:56.788,P2,28.03,27.93,23.0,1.0,742.0,1755.0,6801.0,51.0,31.0
94417.065039004,2026/09/03 15:44:56.889,P2,28.03,27.93,23.0,1.0,742.0,1755.0,6801.0,51.0,31.0
94417.165933556,2026/09/03 15:44:56.990,P2,28.06,28.01,23.0,1.0,742.0,1755.0,6801.0,51.0,31.0
94417.266898852,2026/09/03 15:44:57.091,P2,28.06,28.01,23.0,1.0,742.0,1755.0,6801.0,51.0,31.0
94417.367621431,2026/09/03 15:44:57.191,P2,28.06,28.01,23.0,1.0,742.0,1755.0,6801.0,51.0,31.0
94417.468514669,2026/09/03 15:44:57.292,P2,28.06,28.01,23.0,1.0,742.0,1755.0,6801.0,51.0,31.0
94417.569374334,2026/09/03 15:44:57.393,P2,28.06,28.01,23.0,1.0,742.0,1755.0,6801.0,51.0,31.0
94417.670650447,2026/09/03 15:44:57.494,P2,27.93,28.02,22.0,0.0,742.0,1755.0,6801.0,51.0,31.0
94417.771619722,2026/09/03 15:44:57.595,P2,27.93,28.02,22.0,0.0,742.0,1755.0,6801.0,51.0,31.0
94417.872548594,2026/09/03 15:44:57.696,P2,27.93,28.02,22.0,0.0,742.0,1755.0,6801.0,51.0,31.0
94417.973601116,2026/09/03 15:44:57.797,P2,27.93,28.02,22.0,0.0,742.0,1755.0,6801.0,51.0,31.0
94418.074456087,2026/09/03 15:44:57.898,P2,27.93,28.02,22.0,0.0,742.0,1755.0,6801.0,51.0,31.0
94418.175131965,2026/09/03 15:44:57.999,P2,28.04,28.02,22.0,0.0,742.0,1755.0,6801.0,51.0,31.0
94418.275911268,2026/09/03 15:44:58.100,P2,28.04,28.02,22.0,0.0,742.0,1755.0,6801.0,51.0,31.0
94418.376872035,2026/09/03 15:44:58.201,P2,28.04,28.02,22.0,0.0,742.0,1755.0,6801.0,51.0,31.0
94418.477775171,2026/09/03 15:44:58.302,P2,28.04,28.02,22.0,0.0,742.0,1755.0,6801.0,51.0,31.0
94418.578646658,2026/09/03 15:44:58.402,P2,28.04,28.02,22.0,0.0,742.0,1755.0,6801.0,51.0,31.0
94418.679586933,2026/09/03 15:44:58.503,P2,28.07,28.04,17.0,1.0,742.0,1755.0,6801.0,51.0,31.0
94418.780486892,2026/09/03 15:44:58.604,P2,28.07,28.04,17.0,1.0,742.0,1755.0,6801.0,51.0,31.0
94418.881549413,2026/09/03 15:44:58.705,P2,28.07,28.04,17.0,1.0,742.0,1755.0,6801.0,51.0,31.0
94418.982236684,2026/09/03 15:44:58.806,P2,28.07,28.04,17.0,1.0,742.0,1755.0,6801.0,51.0,31.0
94419.083088338,2026/09/03 15:44:58.907,P2,28.07,28.04,17.0,1.0,742.0,1755.0,6801.0,51.0,31.0
94419.184257293,2026/09/03 15:44:59.008,P2,27.88,28.01,17.0,1.0,742.0,1755.0,6801.0,51.0,31.0
94419.285007484,2026/09/03 15:44:59.109,P2,27.88,28.01,17.0,1.0,742.0,1755.0,6801.0,51.0,31.0
94419.385948834,2026/09/03 15:44:59.210,P2,27.88,28.01,17.0,1.0,742.0,1755.0,6801.0,51.0,31.0
94419.48680555,2026/09/03 15:44:59.311,P2,27.88,28.01,17.0,1.0,742.0,1755.0,6801.0,51.0,31.0
94419.58775759,2026/09/03 15:44:59.411,P2,27.88,28.01,17.0,1.0,742.0,1755.0,6801.0,51.0,31.0
94419.688757152,2026/09/03 15:44:59.512,P2,27.96,27.94,22.0,0.0,742.0,1755.0,6801.0,51.0,31.0
94419.789957189,2026/09/03 15:44:59.613,P2,27.96,27.94,22.0,0.0,742.0,1755.0,6801.0,51.0,31.0
94419.890837846,2026/09/03 15:44:59.714,P2,27.96,27.94,22.0,0.0,742.0,1755.0,6801.0,51.0,31.0
94419.991905925,2026/09/03 15:44:59.815,P2,27.96,27.94,22.0,0.0,742.0,1755.0,6801.0,51.0,31.0
94420.092713236,2026/09/03 15:44:59.916,P2,27.96,27.94,22.0,0.0,742.0,1755.0,6801.0,51.0,31.0
94420.193973199,2026/09/03 15:45:00.017,P2,28.0,27.93,22.0,0.0,742.0,1755.0,6801.0,51.0,31.0
94420.294641108,2026/09/03 15:45:00.118,P2,28.0,27.93,22.0,0.0,742.0,1755.0,6801.0,51.0,31.0
94420.395430566,2026/09/03 15:45:00.219,P2,28.0,27.93,22.0,0.0,742.0,1755.0,6801.0,51.0,31.0
94420.496277783,2026/09/03 15:45:00.320,P2,28.0,27.93,22.0,0.0,742.0,1755.0,6801.0,51.0,31.0
94420.597177947,2026/09/03 15:45:00.421,P2,28.0,27.93,22.0,0.0,742.0,1755.0,6801.0,51.0,31.0
94420.697978102,2026/09/03 15:45:00.522,P2,27.88,27.97,22.0,1.0,742.0,1755.0,6801.0,51.0,31.0
94420.79899939,2026/09/03 15:45:00.623,P2,27.88,27.97,22.0,1.0,742.0,1755.0,6801.0,51.0,31.0
94420.899756592,2026/09/03 15:45:00.724,P2,27.88,27.97,22.0,1.0,742.0,1755.0,6801.0,51.0,31.0
94421.000600114,2026/09/03 15:45:00.824,P2,27.88,27.97,22.0,1.0,742.0,1755.0,6801.0,51.0,31.0
94421.10164469,2026/09/03 15:45:00.925,P2,27.88,27.97,22.0,1.0,742.0,1755.0,6801.0,51.0,31.0
94421.202295037,2026/09/03 15:45:01.026,P2,27.92,27.96,22.0,1.0,742.0,1755.0,6801.0,51.0,31.0
94421.303181807,2026/09/03 15:45:01.127,P2,27.92,27.96,22.0,1.0,742.0,1755.0,6801.0,51.0,31.0
94421.403956654,2026/09/03 15:45:01.228,P2,27.92,27.96,22.0,1.0,742.0,1755.0,6801.0,51.0,31.0
94421.504582235,2026/09/03 15:45:01.328,P2,27.92,27.96,22.0,1.0,742.0,1755.0,6801.0,51.0,31.0
94421.605604866,2026/09/03 15:45:01.429,P2,27.92,27.96,22.0,1.0,742.0,1755.0,6801.0,51.0,31.0
94421.706219096,2026/09/03 15:45:01.530,P2,27.83,27.92,20.0,0.0,742.0,1755.0,6801.0,51.0,31.0
94421.807252681,2026/09/03 15:45:01.631,P2,27.83,27.92,20.0,0.0,742.0,1755.0,6801.0,51.0,31.0
94421.908041283,2026/09/03 15:45:01.732,P2,27.83,27.92,20.0,0.0,742.0,1755.0,6801.0,51.0,31.0
94422.009075499,2026/09/03 15:45:01.833,P2,27.83,27.92,20.0,0.0,742.0,1755.0,6801.0,51.0,31.0
94422.109926549,2026/09/03 15:45:01.934,P2,27.83,27.92,20.0,0.0,742.0,1755.0,6801.0,51.0,31.0
94422.210942595,2026/09/03 15:45:02.035,P2,28.18,27.96,20.0,0.0,742.0,1755.0,6801.0,51.0,31.0
94422.311590155,2026/09/03 15:45:02.135,P2,28.18,27.96,20.0,0.0,742.0,1755.0,6801.0,51.0,31.0
94422.412635133,2026/09/03 15:45:02.236,P2,28.18,27.96,20.0,0.0,742.0,1755.0,6801.0,51.0,31.0
94422.513430166,2026/09/03 15:45:02.337,P2,28.18,27.96,20.0,0.0,742.0,1755.0,6801.0,51.0,31.0
94422.614220432,2026/09/03 15:45:02.438,P2,28.18,27.96,20.0,0.0,742.0,1755.0,6801.0,51.0,31.0
94422.715239064,2026/09/03 15:45:02.539,P2,27.92,28.0,13.0,1.0,742.0,1755.0,6801.0,51.0,31.0
94422.816125145,2026/09/03 15:45:02.640,P2,27.92,28.0,13.0,1.0,742.0,1755.0,6801.0,51.0,31.0
94422.916825177,2026/09/03 15:45:02.741,P2,27.92,28.0,13.0,1.0,742.0,1755.0,6801.0,51.0,31.0
94423.017683308,2026/09/03 15:45:02.841,P2,27.92,28.0,13.0,1.0,742.0,1755.0,6801.0,51.0,31.0
94423.11850547,2026/09/03 15:45:02.942,P2,27.92,28.0,13.0,1.0,742.0,1755.0,6801.0,51.0,31.0
94423.219505597,2026/09/03 15:45:03.043,P2,28.0,28.01,13.0,1.0,742.0,1755.0,6801.0,51.0,31.0
94423.320058609,2026/09/03 15:45:03.144,P2,28.0,28.01,13.0,1.0,742.0,1755.0,6801.0,51.0,31.0
94423.420980404,2026/09/03 15:45:03.245,P2,28.0,28.01,13.0,1.0,742.0,1755.0,6801.0,51.0,31.0
94423.521784617,2026/09/03 15:45:03.345,P2,28.0,28.01,13.0,1.0,742.0,1755.0,6801.0,51.0,31.0
94423.622335662,2026/09/03 15:45:03.446,P2,28.0,28.01,13.0,1.0,742.0,1755.0,6801.0,51.0,31.0
94423.723186546,2026/09/03 15:45:03.547,P2,27.85,27.95,19.0,0.0,742.0,1755.0,6801.0,51.0,31.0
94423.823934205,2026/09/03 15:45:03.648,P2,27.85,27.95,19.0,0.0,742.0,1755.0,6801.0,51.0,31.0
94423.924817469,2026/09/03 15:45:03.749,P2,27.85,27.95,19.0,0.0,742.0,1755.0,6801.0,51.0,31.0
94424.025645148,2026/09/03 15:45:03.849,P2,27.85,27.95,19.0,0.0,742.0,1755.0,6801.0,51.0,31.0
94424.126430083,2026/09/03 15:45:03.950,P2,27.85,27.95,19.0,0.0,742.0,1755.0,6801.0,51.0,31.0
94424.227654001,2026/09/03 15:45:04.051,P2,28.04,27.94,19.0,0.0,742.0,1755.0,6801.0,51.0,31.0
94424.328605957,2026/09/03 15:45:04.152,P2,28.04,27.94,19.0,0.0,742.0,1755.0,6801.0,51.0,31.0
94424.429566064,2026/09/03 15:45:04.253,P2,28.04,27.94,19.0,0.0,742.0,1755.0,6801.0,51.0,31.0
94424.530325601,2026/09/03 15:45:04.354,P2,28.04,27.94,19.0,0.0,742.0,1755.0,6801.0,51.0,31.0
94424.631153259,2026/09/03 15:45:04.455,P2,28.04,27.94,19.0,0.0,742.0,1755.0,6801.0,51.0,31.0
94424.732193373,2026/09/03 15:45:04.556,P2,27.94,27.95,21.0,1.0,742.0,1755.0,6801.0,51.0,31.0
94424.832820911,2026/09/03 15:45:04.657,P2,27.94,27.95,21.0,1.0,742.0,1755.0,6801.0,51.0,31.0
94424.9336895,2026/09/03 15:45:04.757,P2,27.94,27.95,21.0,1.0,742.0,1755.0,6801.0,51.0,31.0
94425.034410942,2026/09/03 15:45:04.858,P2,27.94,27.95,21.0,1.0,742.0,1755.0,6801.0,51.0,31.0
94425.135504949,2026/09/03 15:45:04.959,P2,27.94,27.95,21.0,1.0,742.0,1755.0,6801.0,51.0,31.0
94425.236458484,2026/09/03 15:45:05.060,P2,27.91,27.94,21.0,1.0,742.0,1755.0,6801.0,51.0,31.0
94425.337180305,2026/09/03 15:45:05.161,P2,27.91,27.94,21.0,1.0,742.0,1755.0,6801.0,51.0,31.0
94425.437875386,2026/09/03 15:45:05.262,P2,27.91,27.94,21.0,1.0,742.0,1755.0,6801.0,51.0,31.0
94425.538627839,2026/09/03 15:45:05.362,P2,27.91,27.94,21.0,1.0,742.0,1755.0,6801.0,51.0,31.0
94425.639474813,2026/09/03 15:45:05.463,P2,27.91,27.94,21.0,1.0,742.0,1755.0,6801.0,51.0,31.0
94425.740431274,2026/09/03 15:45:05.564,P2,27.96,27.91,21.0,0.0,742.0,1755.0,6801.0,51.0,31.0
94425.841214822,2026/09/03 15:45:05.665,P2,27.96,27.91,21.0,0.0,742.0,1755.0,6801.0,51.0,31.0
94425.942114513,2026/09/03 15:45:05.766,P2,27.96,27.91,21.0,0.0,742.0,1755.0,6801.0,51.0,31.0
94426.042826898,2026/09/03 15:45:05.867,P2,27.96,27.91,21.0,0.0,742.0,1755.0,6801.0,51.0,31.0
94426.143629943,2026/09/03 15:45:05.967,P2,27.96,27.91,21.0,0.0,742.0,1755.0,6801.0,51.0,31.0
94426.244490791,2026/09/03 15:45:06.068,P2,27.94,27.94,21.0,0.0,742.0,1755.0,6801.0,51.0,31.0
94426.34525666,2026/09/03 15:45:06.169,P2,27.94,27.94,21.0,0.0,742.0,1755.0,6801.0,51.0,31.0
94426.446264704,2026/09/03 15:45:06.270,P2,27.94,27.94,21.0,0.0,742.0,1755.0,6801.0,51.0,31.0
94426.546976714,2026/09/03 15:45:06.371,P2,27.94,27.94,21.0,0.0,742.0,1755.0,6801.0,51.0,31.0
94426.647973236,2026/09/03 15:45:06.472,P2,27.94,27.94,21.0,0.0,742.0,1755.0,6801.0,51.0,31.0
94426.748924836,2026/09/03 15:45:06.573,P2,28.02,27.98,22.0,1.0,742.0,1755.0,6801.0,51.0,31.0
94426.849856908,2026/09/03 15:45:06.674,P2,28.02,27.98,22.0,1.0,742.0,1755.0,6801.0,51.0,31.0
94426.950631118,2026/09/03 15:45:06.775,P2,28.02,27.98,22.0,1.0,742.0,1755.0,6801.0,51.0,31.0
94427.051645545,2026/09/03 15:45:06.875,P2,28.02,27.98,22.0,1.0,742.0,1755.0,6801.0,51.0,31.0
94427.152345884,2026/09/03 15:45:06.976,P2,28.02,27.98,22.0,1.0,742.0,1755.0,6801.0,51.0,31.0
94427.253163165,2026/09/03 15:45:07.077,P2,27.82,27.93,22.0,1.0,742.0,1755.0,6801.0,51.0,31.0
94427.354010813,2026/09/03 15:45:07.178,P2,27.82,27.93,22.0,1.0,742.0,1755.0,6801.0,51.0,31.0
94427.454822507,2026/09/03 15:45:07.279,P2,27.82,27.93,22.0,1.0,742.0,1755.0,6801.0,51.0,31.0
94427.555639399,2026/09/03 15:45:07.379,P2,27.82,27.93,22.0,1.0,742.0,1755.0,6801.0,51.0,31.0
94427.656419905,2026/09/03 15:45:07.480,P2,27.82,27.93,22.0,1.0,742.0,1755.0,6801.0,51.0,31.0
94427.75720266,2026/09/03 15:45:07.581,P2,27.99,27.9,21.0,0.0,742.0,1755.0,6801.0,51.0,31.0
94427.857922772,2026/09/03 15:45:07.682,P2,27.99,27.9,21.0,0.0,742.0,1755.0,6801.0,51.0,31.0
94427.958731147,2026/09/03 15:45:07.783,P2,27.99,27.9,21.0,0.0,742.0,1755.0,6801.0,51.0,31.0
94428.059561813,2026/09/03 15:45:07.883,P2,27.99,27.9,21.0,0.0,742.0,1755.0,6801.0,51.0,31.0
94428.160470621,2026/09/03 15:45:07.984,P2,27.92,27.93,21.0,0.0,742.0,1755.0,6801.0,51.0,31.0
94428.261110034,2026/09/03 15:45:08.085,P2,27.92,27.93,21.0,0.0,742.0,1755.0,6801.0,51.0,31.0
94428.361953825,2026/09/03 15:45:08.186,P2,27.92,27.93,21.0,0.0,742.0,1755.0,6801.0,51.0,31.0
94428.462876969,2026/09/03 15:45:08.287,P2,27.92,27.93,21.0,0.0,742.0,1755.0,6801.0,51.0,31.0
94428.563706086,2026/09/03 15:45:08.387,P2,27.92,27.93,21.0,0.0,742.0,1755.0,6801.0,51.0,31.0
94428.664481671,2026/09/03 15:45:08.488,P2,27.9,27.93,22.0,1.0,742.0,1755.0,6801.0,51.0,31.0
94428.765358125,2026/09/03 15:45:08.589,P2,27.9,27.93,22.0,1.0,742.0,1755.0,6801.0,51.0,31.0
94428.866401794,2026/09/03 15:45:08.690,P2,27.9,27.93,22.0,1.0,742.0,1755.0,6801.0,51.0,31.0
94428.96723027,2026/09/03 15:45:08.791,P2,27.9,27.93,22.0,1.0,742.0,1755.0,6801.0,51.0,31.0
94429.068290888,2026/09/03 15:45:08.892,P2,27.9,27.93,22.0,1.0,742.0,1755.0,6801.0,51.0,31.0
94429.169177491,2026/09/03 15:45:08.993,P2,27.83,27.87,22.0,1.0,742.0,1755.0,6801.0,51.0,31.0
94429.270182842,2026/09/03 15:45:09.094,P2,27.83,27.87,22.0,1.0,742.0,1755.0,6801.0,51.0,31.0
94429.371098748,2026/09/03 15:45:09.195,P2,27.83,27.87,22.0,1.0,742.0,1755.0,6801.0,51.0,31.0
94429.471914743,2026/09/03 15:45:09.296,P2,27.83,27.87,22.0,1.0,742.0,1755.0,6801.0,51.0,31.0
94429.572747183,2026/09/03 15:45:09.397,P2,27.83,27.87,22.0,1.0,742.0,1755.0,6801.0,51.0,31.0
94429.673677526,2026/09/03 15:45:09.497,P2,27.95,27.88,21.0,1.0,742.0,1755.0,6801.0,51.0,31.0
94429.774788472,2026/09/03 15:45:09.598,P2,27.95,27.88,21.0,1.0,742.0,1755.0,6801.0,51.0,31.0
94429.875522013,2026/09/03 15:45:09.699,P2,27.95,27.88,21.0,1.0,742.0,1755.0,6801.0,51.0,31.0
94429.976424101,2026/09/03 15:45:09.800,P2,27.95,27.88,21.0,1.0,742.0,1755.0,6801.0,51.0,31.0
94430.077222298,2026/09/03 15:45:09.901,P2,27.95,27.88,21.0,1.0,742.0,1755.0,6801.0,51.0,31.0
94430.178302834,2026/09/03 15:45:10.002,P2,28.02,27.9,21.0,1.0,742.0,1755.0,6801.0,51.0,31.0
94430.279046809,2026/09/03 15:45:10.103,P2,28.02,27.9,21.0,1.0,742.0,1755.0,6801.0,51.0,31.0
94430.379945655,2026/09/03 15:45:10.204,P2,28.02,27.9,21.0,1.0,742.0,1755.0,6801.0,51.0,31.0
94430.480659259,2026/09/03 15:45:10.305,P2,28.02,27.9,21.0,1.0,742.0,1755.0,6801.0,51.0,31.0
94430.581480335,2026/09/03 15:45:10.405,P2,28.02,27.9,21.0,1.0,742.0,1755.0,6801.0,51.0,31.0
94430.682440317,2026/09/03 15:45:10.506,P2,27.84,27.89,21.0,0.0,742.0,1755.0,6801.0,51.0,31.0
94430.783384158,2026/09/03 15:45:10.607,P2,27.84,27.89,21.0,0.0,742.0,1755.0,6801.0,51.0,31.0
94430.884340574,2026/09/03 15:45:10.708,P2,27.84,27.89,21.0,0.0,742.0,1755.0,6801.0,51.0,31.0
94430.98545915,2026/09/03 15:45:10.809,P2,27.84,27.89,21.0,0.0,742.0,1755.0,6801.0,51.0,31.0
94431.086364018,2026/09/03 15:45:10.910,P2,27.84,27.89,21.0,0.0,742.0,1755.0,6801.0,51.0,31.0
94431.187207826,2026/09/03 15:45:11.011,P2,27.89,27.87,21.0,0.0,742.0,1755.0,6801.0,51.0,31.0
94431.288190585,2026/09/03 15:45:11.112,P2,27.89,27.87,21.0,0.0,742.0,1755.0,6801.0,51.0,31.0
94431.389174229,2026/09/03 15:45:11.213,P2,27.89,27.87,21.0,0.0,742.0,1755.0,6801.0,51.0,31.0
94431.490249254,2026/09/03 15:45:11.314,P2,27.89,27.87,21.0,0.0,742.0,1755.0,6801.0,51.0,31.0
94431.590899384,2026/09/03 15:45:11.415,P2,27.89,27.87,21.0,0.0,742.0,1755.0,6801.0,51.0,31.0
94431.691742372,2026/09/03 15:45:11.515,P2,28.15,27.92,24.0,1.0,742.0,1755.0,6801.0,51.0,31.0
94431.792702757,2026/09/03 15:45:11.616,P2,28.15,27.92,24.0,1.0,742.0,1755.0,6801.0,51.0,31.0
94431.893287152,2026/09/03 15:45:11.717,P2,28.15,27.92,24.0,1.0,742.0,1755.0,6801.0,51.0,31.0
94431.994177653,2026/09/03 15:45:11.818,P2,28.15,27.92,24.0,1.0,742.0,1755.0,6801.0,51.0,31.0
94432.094827261,2026/09/03 15:45:11.919,P2,28.15,27.92,24.0,1.0,742.0,1755.0,6801.0,51.0,31.0
94432.195834036,2026/09/03 15:45:12.019,P2,27.94,27.98,24.0,1.0,742.0,1755.0,6801.0,51.0,31.0
94432.296717851,2026/09/03 15:45:12.120,P2,27.94,27.98,24.0,1.0,742.0,1755.0,6801.0,51.0,31.0
94432.397563116,2026/09/03 15:45:12.221,P2,27.94,27.98,24.0,1.0,742.0,1755.0,6801.0,51.0,31.0
94432.498197866,2026/09/03 15:45:12.322,P2,27.94,27.98,24.0,1.0,742.0,1755.0,6801.0,51.0,31.0
94432.598819632,2026/09/03 15:45:12.423,P2,27.94,27.98,24.0,1.0,742.0,1755.0,6801.0,51.0,31.0
94432.699604404,2026/09/03 15:45:12.523,P2,27.96,27.99,20.0,0.0,742.0,1755.0,6801.0,51.0,31.0
94432.800412244,2026/09/03 15:45:12.624,P2,27.96,27.99,20.0,0.0,742.0,1755.0,6801.0,51.0,31.0
94432.90119864,2026/09/03 15:45:12.725,P2,27.96,27.99,20.0,0.0,742.0,1755.0,6801.0,51.0,31.0
94433.002019207,2026/09/03 15:45:12.826,P2,27.96,27.99,20.0,0.0,742.0,1755.0,6801.0,51.0,31.0
94433.102916522,2026/09/03 15:45:12.927,P2,27.96,27.99,20.0,0.0,742.0,1755.0,6801.0,51.0,31.0
94433.204084991,2026/09/03 15:45:13.028,P2,27.97,27.94,20.0,0.0,742.0,1755.0,6801.0,51.0,31.0
94433.304879099,2026/09/03 15:45:13.129,P2,27.97,27.94,20.0,0.0,742.0,1755.0,6801.0,51.0,31.0
94433.405840706,2026/09/03 15:45:13.230,P2,27.97,27.94,20.0,0.0,742.0,1755.0,6801.0,51.0,31.0
94433.506714917,2026/09/03 15:45:13.330,P2,27.97,27.94,20.0,0.0,742.0,1755.0,6801.0,51.0,31.0
94433.607506054,2026/09/03 15:45:13.431,P2,27.97,27.94,20.0,0.0,742.0,1755.0,6801.0,51.0,31.0
94433.708505888,2026/09/03 15:45:13.532,P2,27.71,27.89,10.0,0.0,742.0,1755.0,6801.0,51.0,31.0
94433.809491028,2026/09/03 15:45:13.633,P2,27.71,27.89,10.0,0.0,742.0,1755.0,6801.0,51.0,31.0
94433.910168306,2026/09/03 15:45:13.734,P2,27.71,27.89,10.0,0.0,742.0,1755.0,6801.0,51.0,31.0
94434.01089191,2026/09/03 15:45:13.835,P2,27.71,27.89,10.0,0.0,742.0,1755.0,6801.0,51.0,31.0
94434.111875128,2026/09/03 15:45:13.936,P2,27.71,27.89,10.0,0.0,742.0,1755.0,6801.0,51.0,31.0
94434.212732429,2026/09/03 15:45:14.036,P2,27.82,27.87,10.0,0.0,742.0,1755.0,6801.0,51.0,31.0
94434.313779668,2026/09/03 15:45:14.137,P2,27.82,27.87,10.0,0.0,742.0,1755.0,6801.0,51.0,31.0
94434.414527337,2026/09/03 15:45:14.238,P2,27.82,27.87,10.0,0.0,742.0,1755.0,6801.0,51.0,31.0
94434.515384322,2026/09/03 15:45:14.339,P2,27.82,27.87,10.0,0.0,742.0,1755.0,6801.0,51.0,31.0
94434.616495549,2026/09/03 15:45:14.440,P2,27.82,27.87,10.0,0.0,742.0,1755.0,6801.0,51.0,31.0
94434.717165252,2026/09/03 15:45:14.541,P2,27.98,27.89,21.0,1.0,742.0,1755.0,6801.0,51.0,31.0
94434.818155533,2026/09/03 15:45:14.642,P2,27.98,27.89,21.0,1.0,742.0,1755.0,6801.0,51.0,31.0
94434.918845772,2026/09/03 15:45:14.743,P2,27.98,27.89,21.0,1.0,742.0,1755.0,6801.0,51.0,31.0
94435.019862142,2026/09/03 15:45:14.844,P2,27.98,27.89,21.0,1.0,742.0,1755.0,6801.0,51.0,31.0
94435.120581558,2026/09/03 15:45:14.944,P2,27.98,27.89,21.0,1.0,742.0,1755.0,6801.0,51.0,31.0
94435.221790203,2026/09/03 15:45:15.045,P2,27.91,27.93,21.0,1.0,742.0,1755.0,6801.0,51.0,31.0
94435.322705072,2026/09/03 15:45:15.146,P2,27.91,27.93,21.0,1.0,742.0,1755.0,6801.0,51.0,31.0
94435.423582167,2026/09/03 15:45:15.247,P2,27.91,27.93,21.0,1.0,742.0,1755.0,6801.0,51.0,31.0
94435.524657816,2026/09/03 15:45:15.348,P2,27.91,27.93,21.0,1.0,742.0,1755.0,6801.0,51.0,31.0
94435.625592061,2026/09/03 15:45:15.449,P2,27.91,27.93,21.0,1.0,742.0,1755.0,6801.0,51.0,31.0
94435.726909841,2026/09/03 15:45:15.550,P2,27.93,27.94,22.0,0.0,742.0,1755.0,6801.0,51.0,31.0
94435.827748748,2026/09/03 15:45:15.651,P2,27.93,27.94,22.0,0.0,742.0,1755.0,6801.0,51.0,31.0
94435.928462887,2026/09/03 15:45:15.752,P2,27.93,27.94,22.0,0.0,742.0,1755.0,6801.0,51.0,31.0
94436.029427019,2026/09/03 15:45:15.853,P2,27.93,27.94,22.0,0.0,742.0,1755.0,6801.0,51.0,31.0
94436.130487118,2026/09/03 15:45:15.954,P2,27.93,27.94,22.0,0.0,742.0,1755.0,6801.0,51.0,31.0
94436.231418607,2026/09/03 15:45:16.055,P2,28.14,27.97,22.0,0.0,742.0,1755.0,6801.0,51.0,31.0
94436.332279293,2026/09/03 15:45:16.156,P2,28.14,27.97,22.0,0.0,742.0,1755.0,6801.0,51.0,31.0
94436.432966782,2026/09/03 15:45:16.257,P2,28.14,27.97,22.0,0.0,742.0,1755.0,6801.0,51.0,31.0
94436.533909922,2026/09/03 15:45:16.358,P2,28.14,27.97,22.0,0.0,742.0,1755.0,6801.0,51.0,31.0
94436.635209997,2026/09/03 15:45:16.459,P2,28.14,27.97,22.0,0.0,742.0,1755.0,6801.0,51.0,31.0
94436.735718067,2026/09/03 15:45:16.559,P2,27.97,28.01,18.0,1.0,742.0,1755.0,6801.0,51.0,31.0
94436.836691426,2026/09/03 15:45:16.660,P2,27.97,28.01,18.0,1.0,742.0,1755.0,6801.0,51.0,31.0
94436.937335482,2026/09/03 15:45:16.761,P2,27.97,28.01,18.0,1.0,742.0,1755.0,6801.0,51.0,31.0
94437.038376765,2026/09/03 15:45:16.862,P2,27.97,28.01,18.0,1.0,742.0,1755.0,6801.0,51.0,31.0
94437.138977644,2026/09/03 15:45:16.963,P2,27.97,28.01,18.0,1.0,742.0,1755.0,6801.0,51.0,31.0
94437.239883616,2026/09/03 15:45:17.064,P2,27.93,27.99,18.0,1.0,742.0,1755.0,6801.0,51.0,31.0
94437.340746476,2026/09/03 15:45:17.164,P2,27.93,27.99,18.0,1.0,742.0,1755.0,6801.0,51.0,31.0
94437.441487245,2026/09/03 15:45:17.265,P2,27.93,27.99,18.0,1.0,742.0,1755.0,6801.0,51.0,31.0
94437.542256418,2026/09/03 15:45:17.366,P2,27.93,27.99,18.0,1.0,742.0,1755.0,6801.0,51.0,31.0
94437.643339698,2026/09/03 15:45:17.467,P2,27.93,27.99,18.0,1.0,742.0,1755.0,6801.0,51.0,31.0
94437.744325416,2026/09/03 15:45:17.568,P2,27.87,27.95,20.0,0.0,742.0,1755.0,6801.0,51.0,31.0
94437.845570594,2026/09/03 15:45:17.669,P2,27.87,27.95,20.0,0.0,742.0,1755.0,6801.0,51.0,31.0
94437.946244101,2026/09/03 15:45:17.770,P2,27.87,27.95,20.0,0.0,742.0,1755.0,6801.0,51.0,31.0
94438.047156584,2026/09/03 15:45:17.871,P2,27.87,27.95,20.0,0.0,742.0,1755.0,6801.0,51.0,31.0
94438.148223138,2026/09/03 15:45:17.972,P2,27.87,27.95,20.0,0.0,742.0,1755.0,6801.0,51.0,31.0
94438.24888442,2026/09/03 15:45:18.073,P2,27.96,27.97,20.0,0.0,742.0,1755.0,6801.0,51.0,31.0
94438.349821077,2026/09/03 15:45:18.174,P2,27.96,27.97,20.0,0.0,742.0,1755.0,6801.0,51.0,31.0
94438.450637448,2026/09/03 15:45:18.274,P2,27.96,27.97,20.0,0.0,742.0,1755.0,6801.0,51.0,31.0
94438.551337988,2026/09/03 15:45:18.375,P2,27.96,27.97,20.0,0.0,742.0,1755.0,6801.0,51.0,31.0
94438.652159667,2026/09/03 15:45:18.476,P2,27.96,27.97,20.0,0.0,742.0,1755.0,6801.0,51.0,31.0
94438.752871424,2026/09/03 15:45:18.577,P2,27.95,28.05,22.0,1.0,742.0,1755.0,6801.0,51.0,31.0
94438.853861062,2026/09/03 15:45:18.678,P2,27.95,28.05,22.0,1.0,742.0,1755.0,6801.0,51.0,31.0
94438.954601434,2026/09/03 15:45:18.778,P2,27.95,28.05,22.0,1.0,742.0,1755.0,6801.0,51.0,31.0
94439.055462732,2026/09/03 15:45:18.879,P2,27.95,28.05,22.0,1.0,742.0,1755.0,6801.0,51.0,31.0
94439.156152404,2026/09/03 15:45:18.980,P2,27.95,28.05,22.0,1.0,742.0,1755.0,6801.0,51.0,31.0
94439.256939712,2026/09/03 15:45:19.081,P2,27.87,28.01,22.0,1.0,742.0,1755.0,6801.0,51.0,31.0
94439.357857411,2026/09/03 15:45:19.182,P2,27.87,28.01,22.0,1.0,742.0,1755.0,6801.0,51.0,31.0
94439.458605035,2026/09/03 15:45:19.282,P2,27.87,28.01,22.0,1.0,742.0,1755.0,6801.0,51.0,31.0
94439.559543653,2026/09/03 15:45:19.383,P2,27.87,28.01,22.0,1.0,742.0,1755.0,6801.0,51.0,31.0
94439.660463677,2026/09/03 15:45:19.484,P2,27.84,27.9,22.0,1.0,742.0,1755.0,6801.0,51.0,31.0
94439.761412916,2026/09/03 15:45:19.585,P2,27.84,27.9,22.0,1.0,742.0,1755.0,6801.0,51.0,31.0
94439.862159181,2026/09/03 15:45:19.686,P2,27.84,27.9,22.0,1.0,742.0,1755.0,6801.0,51.0,31.0
94439.962921712,2026/09/03 15:45:19.787,P2,27.84,27.9,22.0,1.0,742.0,1755.0,6801.0,51.0,31.0
94440.064022402,2026/09/03 15:45:19.888,P2,27.84,27.9,22.0,1.0,742.0,1755.0,6801.0,51.0,31.0
94440.165153447,2026/09/03 15:45:19.989,P2,28.26,27.99,22.0,1.0,742.0,1755.0,6801.0,51.0,31.0
94440.265866008,2026/09/03 15:45:20.090,P2,28.26,27.99,22.0,1.0,742.0,1755.0,6801.0,51.0,31.0
94440.367110713,2026/09/03 15:45:20.191,P2,28.26,27.99,22.0,1.0,742.0,1755.0,6801.0,51.0,31.0
94440.467807041,2026/09/03 15:45:20.292,P2,28.26,27.99,22.0,1.0,742.0,1755.0,6801.0,51.0,31.0
94440.568522267,2026/09/03 15:45:20.392,P2,28.26,27.99,22.0,1.0,742.0,1755.0,6801.0,51.0,31.0
94440.669622288,2026/09/03 15:45:20.493,P2,27.87,28.02,20.0,1.0,742.0,1755.0,6801.0,51.0,31.0
94440.770241474,2026/09/03 15:45:20.594,P2,27.87,28.02,20.0,1.0,742.0,1755.0,6801.0,51.0,31.0
94440.871137383,2026/09/03 15:45:20.695,P2,27.87,28.02,20.0,1.0,742.0,1755.0,6801.0,51.0,31.0
94440.971931479,2026/09/03 15:45:20.796,P2,27.87,28.02,20.0,1.0,742.0,1755.0,6801.0,51.0,31.0
94441.072976126,2026/09/03 15:45:20.897,P2,27.87,28.02,20.0,1.0,742.0,1755.0,6801.0,51.0,31.0
94441.173923844,2026/09/03 15:45:20.997,P2,27.99,28.06,20.0,1.0,742.0,1755.0,6801.0,51.0,31.0
94441.274714053,2026/09/03 15:45:21.098,P2,27.99,28.06,20.0,1.0,742.0,1755.0,6801.0,51.0,31.0
94441.375446417,2026/09/03 15:45:21.199,P2,27.99,28.06,20.0,1.0,742.0,1755.0,6801.0,51.0,31.0
94441.476416584,2026/09/03 15:45:21.300,P2,27.99,28.06,20.0,1.0,742.0,1755.0,6801.0,51.0,31.0
94441.57728253,2026/09/03 15:45:21.401,P2,27.99,28.06,20.0,1.0,742.0,1755.0,6801.0,51.0,31.0
94441.678271613,2026/09/03 15:45:21.502,P2,27.91,28.0,22.0,1.0,742.0,1755.0,6801.0,51.0,31.0
94441.778996248,2026/09/03 15:45:21.603,P2,27.91,28.0,22.0,1.0,742.0,1755.0,6801.0,51.0,31.0
94441.879962164,2026/09/03 15:45:21.704,P2,27.91,28.0,22.0,1.0,742.0,1755.0,6801.0,51.0,31.0
94441.980930773,2026/09/03 15:45:21.805,P2,27.91,28.0,22.0,1.0,742.0,1755.0,6801.0,51.0,31.0
94442.082091121,2026/09/03 15:45:21.906,P2,27.91,28.0,22.0,1.0,742.0,1755.0,6801.0,51.0,31.0
94442.183158349,2026/09/03 15:45:22.007,P2,27.82,27.93,22.0,1.0,742.0,1755.0,6801.0,51.0,31.0
94442.284275302,2026/09/03 15:45:22.108,P2,27.82,27.93,22.0,1.0,742.0,1755.0,6801.0,51.0,31.0
94442.385294205,2026/09/03 15:45:22.209,P2,27.82,27.93,22.0,1.0,742.0,1755.0,6801.0,51.0,31.0
94442.486174955,2026/09/03 15:45:22.310,P2,27.82,27.93,22.0,1.0,742.0,1755.0,6801.0,51.0,31.0
94442.587346821,2026/09/03 15:45:22.411,P2,27.82,27.93,22.0,1.0,742.0,1755.0,6801.0,51.0,31.0
94442.688252252,2026/09/03 15:45:22.512,P2,27.9,27.93,22.0,1.0,742.0,1755.0,6801.0,51.0,31.0
94442.789260505,2026/09/03 15:45:22.613,P2,27.9,27.93,22.0,1.0,742.0,1755.0,6801.0,51.0,31.0
94442.890019855,2026/09/03 15:45:22.714,P2,27.9,27.93,22.0,1.0,742.0,1755.0,6801.0,51.0,31.0
94442.990847876,2026/09/03 15:45:22.815,P2,27.9,27.93,22.0,1.0,742.0,1755.0,6801.0,51.0,31.0
94443.091494501,2026/09/03 15:45:22.915,P2,27.9,27.93,22.0,1.0,742.0,1755.0,6801.0,51.0,31.0
94443.192639064,2026/09/03 15:45:23.016,P2,27.89,27.92,22.0,1.0,742.0,1755.0,6801.0,51.0,31.0
94443.293598807,2026/09/03 15:45:23.117,P2,27.89,27.92,22.0,1.0,742.0,1755.0,6801.0,51.0,31.0
94443.394325838,2026/09/03 15:45:23.218,P2,27.89,27.92,22.0,1.0,742.0,1755.0,6801.0,51.0,31.0
94443.495300204,2026/09/03 15:45:23.319,P2,27.89,27.92,22.0,1.0,742.0,1755.0,6801.0,51.0,31.0
94443.596128297,2026/09/03 15:45:23.420,P2,27.89,27.92,22.0,1.0,742.0,1755.0,6801.0,51.0,31.0
94443.697331773,2026/09/03 15:45:23.521,P2,27.86,27.88,22.0,1.0,742.0,1755.0,6801.0,51.0,31.0
94443.797897785,2026/09/03 15:45:23.622,P2,27.86,27.88,22.0,1.0,742.0,1755.0,6801.0,51.0,31.0
94443.898852102,2026/09/03 15:45:23.723,P2,27.86,27.88,22.0,1.0,742.0,1755.0,6801.0,51.0,31.0
94443.999621074,2026/09/03 15:45:23.823,P2,27.86,27.88,22.0,1.0,742.0,1755.0,6801.0,51.0,31.0
94444.100590106,2026/09/03 15:45:23.924,P2,27.86,27.88,22.0,1.0,742.0,1755.0,6801.0,51.0,31.0
94444.201898971,2026/09/03 15:45:24.025,P2,27.9,27.88,22.0,1.0,742.0,1755.0,6801.0,51.0,31.0
94444.302637134,2026/09/03 15:45:24.126,P2,27.9,27.88,22.0,1.0,742.0,1755.0,6801.0,51.0,31.0
94444.403625529,2026/09/03 15:45:24.227,P2,27.9,27.88,22.0,1.0,742.0,1755.0,6801.0,51.0,31.0
94444.504546376,2026/09/03 15:45:24.328,P2,27.9,27.88,22.0,1.0,742.0,1755.0,6801.0,51.0,31.0
94444.605528925,2026/09/03 15:45:24.429,P2,27.9,27.88,22.0,1.0,742.0,1755.0,6801.0,51.0,31.0
94444.706536712,2026/09/03 15:45:24.530,P2,27.84,27.9,20.0,1.0,742.0,1755.0,6801.0,51.0,31.0
94444.807128834,2026/09/03 15:45:24.631,P2,27.84,27.9,20.0,1.0,742.0,1755.0,6801.0,51.0,31.0
94444.907959551,2026/09/03 15:45:24.732,P2,27.84,27.9,20.0,1.0,742.0,1755.0,6801.0,51.0,31.0
94445.008880248,2026/09/03 15:45:24.833,P2,27.84,27.9,20.0,1.0,742.0,1755.0,6801.0,51.0,31.0
94445.109398974,2026/09/03 15:45:24.933,P2,27.84,27.9,20.0,1.0,742.0,1755.0,6801.0,51.0,31.0
94445.210591287,2026/09/03 15:45:25.034,P2,27.86,27.9,20.0,1.0,742.0,1755.0,6801.0,51.0,31.0
94445.311401526,2026/09/03 15:45:25.135,P2,27.86,27.9,20.0,1.0,742.0,1755.0,6801.0,51.0,31.0
94445.4121396,2026/09/03 15:45:25.236,P2,27.86,27.9,20.0,1.0,742.0,1755.0,6801.0,51.0,31.0
94445.512969296,2026/09/03 15:45:25.337,P2,27.86,27.9,20.0,1.0,742.0,1755.0,6801.0,51.0,31.0
94445.613851358,2026/09/03 15:45:25.438,P2,27.86,27.9,20.0,1.0,742.0,1755.0,6801.0,51.0,31.0
94445.714795858,2026/09/03 15:45:25.539,P2,27.69,27.86,15.0,1.0,742.0,1755.0,6801.0,51.0,31.0
94445.815759293,2026/09/03 15:45:25.639,P2,27.69,27.86,15.0,1.0,742.0,1755.0,6801.0,51.0,31.0
94445.916446052,2026/09/03 15:45:25.740,P2,27.69,27.86,15.0,1.0,742.0,1755.0,6801.0,51.0,31.0
94446.017490107,2026/09/03 15:45:25.841,P2,27.69,27.86,15.0,1.0,742.0,1755.0,6801.0,51.0,31.0
94446.118148877,2026/09/03 15:45:25.942,P2,27.69,27.86,15.0,1.0,742.0,1755.0,6801.0,51.0,31.0
94446.219126106,2026/09/03 15:45:26.043,P2,27.88,27.85,15.0,1.0,742.0,1755.0,6801.0,51.0,31.0
94446.32012306,2026/09/03 15:45:26.144,P2,27.88,27.85,15.0,1.0,742.0,1755.0,6801.0,51.0,31.0
94446.420920093,2026/09/03 15:45:26.245,P2,27.88,27.85,15.0,1.0,742.0,1755.0,6801.0,51.0,31.0
94446.521952441,2026/09/03 15:45:26.346,P2,27.88,27.85,15.0,1.0,742.0,1755.0,6801.0,51.0,31.0
94446.623318615,2026/09/03 15:45:26.447,P2,27.88,27.85,15.0,1.0,742.0,1755.0,6801.0,51.0,31.0
94446.724207223,2026/09/03 15:45:26.548,P2,27.84,27.83,17.0,1.0,742.0,1755.0,6801.0,51.0,31.0
94446.825008259,2026/09/03 15:45:26.649,P2,27.84,27.83,17.0,1.0,742.0,1755.0,6801.0,51.0,31.0
94446.925977797,2026/09/03 15:45:26.750,P2,27.84,27.83,17.0,1.0,742.0,1755.0,6801.0,51.0,31.0
94447.026858459,2026/09/03 15:45:26.851,P2,27.84,27.83,17.0,1.0,742.0,1755.0,6801.0,51.0,31.0
94447.127966583,2026/09/03 15:45:26.952,P2,27.84,27.83,17.0,1.0,742.0,1755.0,6801.0,51.0,31.0
94447.229023561,2026/09/03 15:45:27.053,P2,27.86,27.86,17.0,1.0,742.0,1755.0,6801.0,51.0,31.0
94447.329835169,2026/09/03 15:45:27.154,P2,27.86,27.86,17.0,1.0,742.0,1755.0,6801.0,51.0,31.0
94447.430647619,2026/09/03 15:45:27.254,P2,27.86,27.86,17.0,1.0,742.0,1755.0,6801.0,51.0,31.0
94447.531477754,2026/09/03 15:45:27.355,P2,27.86,27.86,17.0,1.0,742.0,1755.0,6801.0,51.0,31.0
94447.632428334,2026/09/03 15:45:27.456,P2,27.86,27.86,17.0,1.0,742.0,1755.0,6801.0,51.0,31.0
94447.733187554,2026/09/03 15:45:27.557,P2,27.88,27.88,19.0,1.0,742.0,1755.0,6801.0,51.0,31.0
94447.834280073,2026/09/03 15:45:27.658,P2,27.88,27.88,19.0,1.0,742.0,1755.0,6801.0,51.0,31.0
94447.935152836,2026/09/03 15:45:27.759,P2,27.88,27.88,19.0,1.0,742.0,1755.0,6801.0,51.0,31.0
94448.035917944,2026/09/03 15:45:27.860,P2,27.88,27.88,19.0,1.0,742.0,1755.0,6801.0,51.0,31.0
94448.13682321,2026/09/03 15:45:27.961,P2,27.88,27.88,19.0,1.0,742.0,1755.0,6801.0,51.0,31.0
94448.237873011,2026/09/03 15:45:28.061,P2,27.84,27.86,19.0,1.0,742.0,1755.0,6801.0,51.0,31.0
94448.33866268,2026/09/03 15:45:28.162,P2,27.84,27.86,19.0,1.0,742.0,1755.0,6801.0,51.0,31.0
94448.43969157,2026/09/03 15:45:28.263,P2,27.84,27.86,19.0,1.0,742.0,1755.0,6801.0,51.0,31.0
94448.540479462,2026/09/03 15:45:28.364,P2,27.84,27.86,19.0,1.0,742.0,1755.0,6801.0,51.0,31.0
94448.641606269,2026/09/03 15:45:28.465,P2,27.84,27.86,19.0,1.0,742.0,1755.0,6801.0,51.0,31.0
94448.742358348,2026/09/03 15:45:28.566,P2,27.85,27.84,21.0,0.0,742.0,1755.0,6801.0,51.0,31.0
94448.843275699,2026/09/03 15:45:28.667,P2,27.85,27.84,21.0,0.0,742.0,1755.0,6801.0,51.0,31.0
94448.944357684,2026/09/03 15:45:28.768,P2,27.85,27.84,21.0,0.0,742.0,1755.0,6801.0,51.0,31.0
94449.045073417,2026/09/03 15:45:28.869,P2,27.85,27.84,21.0,0.0,742.0,1755.0,6801.0,51.0,31.0
94449.145986081,2026/09/03 15:45:28.970,P2,27.85,27.84,21.0,0.0,742.0,1755.0,6801.0,51.0,31.0
94449.246785714,2026/09/03 15:45:29.070,P2,27.87,27.85,21.0,0.0,742.0,1755.0,6801.0,51.0,31.0
94449.347382742,2026/09/03 15:45:29.171,P2,27.87,27.85,21.0,0.0,742.0,1755.0,6801.0,51.0,31.0
94449.448500599,2026/09/03 15:45:29.272,P2,27.87,27.85,21.0,0.0,742.0,1755.0,6801.0,51.0,31.0
94449.54889483,2026/09/03 15:45:29.373,P2,27.87,27.85,21.0,0.0,742.0,1755.0,6801.0,51.0,31.0
94449.649654878,2026/09/03 15:45:29.474,P2,27.87,27.85,21.0,0.0,742.0,1755.0,6801.0,51.0,31.0
94449.750473373,2026/09/03 15:45:29.574,P2,27.9,27.84,20.0,1.0,742.0,1755.0,6801.0,51.0,31.0
94449.85133912,2026/09/03 15:45:29.675,P2,27.9,27.84,20.0,1.0,742.0,1755.0,6801.0,51.0,31.0
94449.952134024,2026/09/03 15:45:29.776,P2,27.9,27.84,20.0,1.0,742.0,1755.0,6801.0,51.0,31.0
94450.052792994,2026/09/03 15:45:29.877,P2,27.9,27.84,20.0,1.0,742.0,1755.0,6801.0,51.0,31.0
94450.153663916,2026/09/03 15:45:29.978,P2,27.9,27.84,20.0,1.0,742.0,1755.0,6801.0,51.0,31.0
94450.254676579,2026/09/03 15:45:30.078,P2,27.9,27.92,20.0,1.0,742.0,1755.0,6801.0,51.0,31.0
94450.355421178,2026/09/03 15:45:30.179,P2,27.9,27.92,20.0,1.0,742.0,1755.0,6801.0,51.0,31.0
94450.456260057,2026/09/03 15:45:30.280,P2,27.9,27.92,20.0,1.0,742.0,1755.0,6801.0,51.0,31.0
94450.557034188,2026/09/03 15:45:30.381,P2,27.9,27.92,20.0,1.0,742.0,1755.0,6801.0,51.0,31.0
94450.65800996,2026/09/03 15:45:30.482,P2,27.9,27.92,20.0,1.0,742.0,1755.0,6801.0,51.0,31.0
94450.758788697,2026/09/03 15:45:30.583,P2,27.91,27.94,22.0,1.0,742.0,1755.0,6801.0,51.0,31.0
94450.859893904,2026/09/03 15:45:30.684,P2,27.91,27.94,22.0,1.0,742.0,1755.0,6801.0,51.0,31.0
94450.960690937,2026/09/03 15:45:30.784,P2,27.91,27.94,22.0,1.0,742.0,1755.0,6801.0,51.0,31.0
94451.061582335,2026/09/03 15:45:30.885,P2,27.91,27.94,22.0,1.0,742.0,1755.0,6801.0,51.0,31.0
94451.162355844,2026/09/03 15:45:30.986,P2,27.97,27.9,22.0,1.0,742.0,1755.0,6801.0,51.0,31.0
94451.263272749,2026/09/03 15:45:31.087,P2,27.97,27.9,22.0,1.0,742.0,1755.0,6801.0,51.0,31.0
94451.364233226,2026/09/03 15:45:31.188,P2,27.97,27.9,22.0,1.0,742.0,1755.0,6801.0,51.0,31.0
94451.464779467,2026/09/03 15:45:31.289,P2,27.97,27.9,22.0,1.0,742.0,1755.0,6801.0,51.0,31.0
94451.565603133,2026/09/03 15:45:31.389,P2,27.97,27.9,22.0,1.0,742.0,1755.0,6801.0,51.0,31.0
94451.666381899,2026/09/03 15:45:31.490,P2,27.88,27.91,22.0,0.0,742.0,1755.0,6801.0,51.0,31.0
94451.767153662,2026/09/03 15:45:31.591,P2,27.88,27.91,22.0,0.0,742.0,1755.0,6801.0,51.0,31.0
94451.867958314,2026/09/03 15:45:31.692,P2,27.88,27.91,22.0,0.0,742.0,1755.0,6801.0,51.0,31.0
94451.968931462,2026/09/03 15:45:31.793,P2,27.88,27.91,22.0,0.0,742.0,1755.0,6801.0,51.0,31.0
94452.06975723,2026/09/03 15:45:31.894,P2,27.88,27.91,22.0,0.0,742.0,1755.0,6801.0,51.0,31.0
94452.170573257,2026/09/03 15:45:31.994,P2,27.86,27.92,22.0,0.0,742.0,1755.0,6801.0,51.0,31.0
94452.271474226,2026/09/03 15:45:32.095,P2,27.86,27.92,22.0,0.0,742.0,1755.0,6801.0,51.0,31.0
94452.372423874,2026/09/03 15:45:32.196,P2,27.86,27.92,22.0,0.0,742.0,1755.0,6801.0,51.0,31.0
94452.473022554,2026/09/03 15:45:32.297,P2,27.86,27.92,22.0,0.0,742.0,1755.0,6801.0,51.0,31.0
94452.573724415,2026/09/03 15:45:32.398,P2,27.86,27.92,22.0,0.0,742.0,1755.0,6801.0,51.0,31.0
94452.674752441,2026/09/03 15:45:32.499,P2,27.85,27.88,22.0,1.0,742.0,1755.0,6801.0,51.0,31.0
94452.775675894,2026/09/03 15:45:32.599,P2,27.85,27.88,22.0,1.0,742.0,1755.0,6801.0,51.0,31.0
94452.876502798,2026/09/03 15:45:32.700,P2,27.85,27.88,22.0,1.0,742.0,1755.0,6801.0,51.0,31.0
94452.977221454,2026/09/03 15:45:32.801,P2,27.85,27.88,22.0,1.0,742.0,1755.0,6801.0,51.0,31.0
94453.078137036,2026/09/03 15:45:32.902,P2,27.85,27.88,22.0,1.0,742.0,1755.0,6801.0,51.0,31.0
94453.179215898,2026/09/03 15:45:33.003,P2,27.92,27.86,22.0,1.0,742.0,1755.0,6801.0,51.0,31.0
94453.280105327,2026/09/03 15:45:33.104,P2,27.92,27.86,22.0,1.0,742.0,1755.0,6801.0,51.0,31.0
94453.38132854,2026/09/03 15:45:33.205,P2,27.92,27.86,22.0,1.0,742.0,1755.0,6801.0,51.0,31.0
94453.48226579,2026/09/03 15:45:33.306,P2,27.92,27.86,22.0,1.0,742.0,1755.0,6801.0,51.0,31.0
94453.582901452,2026/09/03 15:45:33.407,P2,27.92,27.86,22.0,1.0,742.0,1755.0,6801.0,51.0,31.0
94453.683719012,2026/09/03 15:45:33.508,P2,27.94,27.91,17.0,1.0,742.0,1755.0,6801.0,51.0,31.0
94453.784604051,2026/09/03 15:45:33.608,P2,27.94,27.91,17.0,1.0,742.0,1755.0,6801.0,51.0,31.0
94453.88530512,2026/09/03 15:45:33.709,P2,27.94,27.91,17.0,1.0,742.0,1755.0,6801.0,51.0,31.0
94453.986335021,2026/09/03 15:45:33.810,P2,27.94,27.91,17.0,1.0,742.0,1755.0,6801.0,51.0,31.0
94454.086983615,2026/09/03 15:45:33.911,P2,27.94,27.91,17.0,1.0,742.0,1755.0,6801.0,51.0,31.0
94454.188084137,2026/09/03 15:45:34.012,P2,27.87,27.92,17.0,1.0,742.0,1755.0,6801.0,51.0,31.0
94454.288556522,2026/09/03 15:45:34.112,P2,27.87,27.92,17.0,1.0,742.0,1755.0,6801.0,51.0,31.0
94454.389334344,2026/09/03 15:45:34.213,P2,27.87,27.92,17.0,1.0,742.0,1755.0,6801.0,51.0,31.0
94454.490032687,2026/09/03 15:45:34.314,P2,27.87,27.92,17.0,1.0,742.0,1755.0,6801.0,51.0,31.0
94454.590906065,2026/09/03 15:45:34.415,P2,27.87,27.92,17.0,1.0,742.0,1755.0,6801.0,51.0,31.0
94454.691781696,2026/09/03 15:45:34.516,P2,27.78,27.88,21.0,0.0,742.0,1755.0,6801.0,51.0,31.0
94454.792675406,2026/09/03 15:45:34.616,P2,27.78,27.88,21.0,0.0,742.0,1755.0,6801.0,51.0,31.0
94454.89325047,2026/09/03 15:45:34.717,P2,27.78,27.88,21.0,0.0,742.0,1755.0,6801.0,51.0,31.0
94454.994192038,2026/09/03 15:45:34.818,P2,27.78,27.88,21.0,0.0,742.0,1755.0,6801.0,51.0,31.0
94455.095150563,2026/09/03 15:45:34.919,P2,27.78,27.88,21.0,0.0,742.0,1755.0,6801.0,51.0,31.0
94455.195861329,2026/09/03 15:45:35.020,P2,27.87,27.85,21.0,0.0,742.0,1755.0,6801.0,51.0,31.0
94455.296854038,2026/09/03 15:45:35.120,P2,27.87,27.85,21.0,0.0,742.0,1755.0,6801.0,51.0,31.0
94455.397514878,2026/09/03 15:45:35.221,P2,27.87,27.85,21.0,0.0,742.0,1755.0,6801.0,51.0,31.0
94455.498509037,2026/09/03 15:45:35.322,P2,27.87,27.85,21.0,0.0,742.0,1755.0,6801.0,51.0,31.0
94455.599493512,2026/09/03 15:45:35.423,P2,27.87,27.85,21.0,0.0,742.0,1755.0,6801.0,51.0,31.0
94455.706283932,2026/09/03 15:45:35.524,P2,27.87,27.86,21.0,1.0,742.0,1755.0,6801.0,51.0,31.0
94455.801263232,2026/09/03 15:45:35.625,P2,27.87,27.86,21.0,1.0,742.0,1755.0,6801.0,51.0,31.0
94455.901864203,2026/09/03 15:45:35.726,P2,27.87,27.86,21.0,1.0,742.0,1755.0,6801.0,51.0,31.0
94456.00281388,2026/09/03 15:45:35.827,P2,27.87,27.86,21.0,1.0,742.0,1755.0,6801.0,51.0,31.0
94456.103414581,2026/09/03 15:45:35.927,P2,27.87,27.86,21.0,1.0,742.0,1755.0,6801.0,51.0,31.0
94456.204523076,2026/09/03 15:45:36.028,P2,27.92,27.87,21.0,1.0,742.0,1755.0,6801.0,51.0,31.0
94456.305097571,2026/09/03 15:45:36.129,P2,27.92,27.87,21.0,1.0,742.0,1755.0,6801.0,51.0,31.0
94456.406010343,2026/09/03 15:45:36.230,P2,27.92,27.87,21.0,1.0,742.0,1755.0,6801.0,51.0,31.0
94456.506481071,2026/09/03 15:45:36.330,P2,27.92,27.87,21.0,1.0,742.0,1755.0,6801.0,51.0,31.0
94456.607282916,2026/09/03 15:45:36.431,P2,27.92,27.87,21.0,1.0,742.0,1755.0,6801.0,51.0,31.0
94456.70829001,2026/09/03 15:45:36.532,P2,27.8,27.83,19.0,1.0,742.0,1755.0,6801.0,51.0,31.0
94456.809142071,2026/09/03 15:45:36.633,P2,27.8,27.83,19.0,1.0,742.0,1755.0,6801.0,51.0,31.0
94456.909959991,2026/09/03 15:45:36.734,P2,27.8,27.83,19.0,1.0,742.0,1755.0,6801.0,51.0,31.0
94457.010770111,2026/09/03 15:45:36.835,P2,27.8,27.83,19.0,1.0,742.0,1755.0,6801.0,51.0,31.0
94457.111774426,2026/09/03 15:45:36.936,P2,27.8,27.83,19.0,1.0,742.0,1755.0,6801.0,51.0,31.0
94457.212839696,2026/09/03 15:45:37.036,P2,27.91,27.83,19.0,1.0,742.0,1755.0,6801.0,51.0,31.0
94457.313588696,2026/09/03 15:45:37.137,P2,27.91,27.83,19.0,1.0,742.0,1755.0,6801.0,51.0,31.0
94457.414429348,2026/09/03 15:45:37.238,P2,27.91,27.83,19.0,1.0,742.0,1755.0,6801.0,51.0,31.0
94457.515134114,2026/09/03 15:45:37.339,P2,27.91,27.83,19.0,1.0,742.0,1755.0,6801.0,51.0,31.0
94457.616037172,2026/09/03 15:45:37.440,P2,27.91,27.83,19.0,1.0,742.0,1755.0,6801.0,51.0,31.0
94457.716746403,2026/09/03 15:45:37.540,P2,27.75,27.85,17.0,0.0,742.0,1755.0,6801.0,51.0,31.0
94457.817665285,2026/09/03 15:45:37.641,P2,27.75,27.85,17.0,0.0,742.0,1755.0,6801.0,51.0,31.0
94457.918647261,2026/09/03 15:45:37.742,P2,27.75,27.85,17.0,0.0,742.0,1755.0,6801.0,51.0,31.0
94458.019543545,2026/09/03 15:45:37.843,P2,27.75,27.85,17.0,0.0,742.0,1755.0,6801.0,51.0,31.0
94458.120350688,2026/09/03 15:45:37.944,P2,27.75,27.85,17.0,0.0,742.0,1755.0,6801.0,51.0,31.0
94458.221365139,2026/09/03 15:45:38.045,P2,27.78,27.83,17.0,0.0,742.0,1755.0,6801.0,51.0,31.0
94458.322079214,2026/09/03 15:45:38.146,P2,27.78,27.83,17.0,0.0,742.0,1755.0,6801.0,51.0,31.0
94458.423017346,2026/09/03 15:45:38.247,P2,27.78,27.83,17.0,0.0,742.0,1755.0,6801.0,51.0,31.0
94458.524063098,2026/09/03 15:45:38.348,P2,27.78,27.83,17.0,0.0,742.0,1755.0,6801.0,51.0,31.0
94458.625116227,2026/09/03 15:45:38.449,P2,27.78,27.83,17.0,0.0,742.0,1755.0,6801.0,51.0,31.0
94458.725875492,2026/09/03 15:45:38.550,P2,27.85,27.76,19.0,1.0,742.0,1755.0,6801.0,51.0,31.0
94458.826630587,2026/09/03 15:45:38.650,P2,27.85,27.76,19.0,1.0,742.0,1755.0,6801.0,51.0,31.0
94458.927387802,2026/09/03 15:45:38.751,P2,27.85,27.76,19.0,1.0,742.0,1755.0,6801.0,51.0,31.0
94459.02837244,2026/09/03 15:45:38.852,P2,27.85,27.76,19.0,1.0,742.0,1755.0,6801.0,51.0,31.0
94459.128920197,2026/09/03 15:45:38.953,P2,27.85,27.76,19.0,1.0,742.0,1755.0,6801.0,51.0,31.0
94459.229711592,2026/09/03 15:45:39.054,P2,27.83,27.79,19.0,1.0,742.0,1755.0,6801.0,51.0,31.0
94459.330708529,2026/09/03 15:45:39.154,P2,27.83,27.79,19.0,1.0,742.0,1755.0,6801.0,51.0,31.0
94459.431292685,2026/09/03 15:45:39.255,P2,27.83,27.79,19.0,1.0,742.0,1755.0,6801.0,51.0,31.0
94459.532094901,2026/09/03 15:45:39.356,P2,27.83,27.79,19.0,1.0,742.0,1755.0,6801.0,51.0,31.0
94459.633037132,2026/09/03 15:45:39.457,P2,27.83,27.79,19.0,1.0,742.0,1755.0,6801.0,51.0,31.0
94459.733769273,2026/09/03 15:45:39.558,P2,27.78,27.82,21.0,1.0,742.0,1755.0,6801.0,51.0,31.0
94459.834566616,2026/09/03 15:45:39.658,P2,27.78,27.82,21.0,1.0,742.0,1755.0,6801.0,51.0,31.0
94459.935565532,2026/09/03 15:45:39.759,P2,27.78,27.82,21.0,1.0,742.0,1755.0,6801.0,51.0,31.0
94460.036380401,2026/09/03 15:45:39.860,P2,27.78,27.82,21.0,1.0,742.0,1755.0,6801.0,51.0,31.0
94460.137320924,2026/09/03 15:45:39.961,P2,27.78,27.82,21.0,1.0,742.0,1755.0,6801.0,51.0,31.0
94460.238253279,2026/09/03 15:45:40.062,P2,27.89,27.81,21.0,1.0,742.0,1755.0,6801.0,51.0,31.0
94460.339073153,2026/09/03 15:45:40.163,P2,27.89,27.81,21.0,1.0,742.0,1755.0,6801.0,51.0,31.0
94460.439899437,2026/09/03 15:45:40.264,P2,27.89,27.81,21.0,1.0,742.0,1755.0,6801.0,51.0,31.0
94460.540625224,2026/09/03 15:45:40.365,P2,27.89,27.81,21.0,1.0,742.0,1755.0,6801.0,51.0,31.0
94460.641308878,2026/09/03 15:45:40.465,P2,27.89,27.81,21.0,1.0,742.0,1755.0,6801.0,51.0,31.0
94460.742160046,2026/09/03 15:45:40.566,P2,27.83,27.83,19.0,0.0,742.0,1755.0,6801.0,51.0,31.0
94460.843114614,2026/09/03 15:45:40.667,P2,27.83,27.83,19.0,0.0,742.0,1755.0,6801.0,51.0,31.0
94460.943648919,2026/09/03 15:45:40.768,P2,27.83,27.83,19.0,0.0,742.0,1755.0,6801.0,51.0,31.0
94461.044601592,2026/09/03 15:45:40.868,P2,27.83,27.83,19.0,0.0,742.0,1755.0,6801.0,51.0,31.0
94461.145244618,2026/09/03 15:45:40.969,P2,27.83,27.83,19.0,0.0,742.0,1755.0,6801.0,51.0,31.0
94461.246177014,2026/09/03 15:45:41.070,P2,27.71,27.81,19.0,0.0,742.0,1755.0,6801.0,51.0,31.0
94461.346919077,2026/09/03 15:45:41.171,P2,27.71,27.81,19.0,0.0,742.0,1755.0,6801.0,51.0,31.0
94461.447783929,2026/09/03 15:45:41.272,P2,27.71,27.81,19.0,0.0,742.0,1755.0,6801.0,51.0,31.0
94461.548666132,2026/09/03 15:45:41.372,P2,27.71,27.81,19.0,0.0,742.0,1755.0,6801.0,51.0,31.0
94461.649179452,2026/09/03 15:45:41.473,P2,27.71,27.81,19.0,0.0,742.0,1755.0,6801.0,51.0,31.0
94461.749902063,2026/09/03 15:45:41.574,P2,27.86,27.76,20.0,1.0,742.0,1755.0,6801.0,51.0,31.0
94461.850680207,2026/09/03 15:45:41.675,P2,27.86,27.76,20.0,1.0,742.0,1755.0,6801.0,51.0,31.0
94461.95164604,2026/09/03 15:45:41.775,P2,27.86,27.76,20.0,1.0,742.0,1755.0,6801.0,51.0,31.0
94462.052440051,2026/09/03 15:45:41.876,P2,27.86,27.76,20.0,1.0,742.0,1755.0,6801.0,51.0,31.0
94462.153310803,2026/09/03 15:45:41.977,P2,27.86,27.76,20.0,1.0,742.0,1755.0,6801.0,51.0,31.0
94462.254150907,2026/09/03 15:45:42.078,P2,27.82,27.78,20.0,1.0,742.0,1755.0,6801.0,51.0,31.0
94462.355139395,2026/09/03 15:45:42.179,P2,27.82,27.78,20.0,1.0,742.0,1755.0,6801.0,51.0,31.0
94462.456093095,2026/09/03 15:45:42.280,P2,27.82,27.78,20.0,1.0,742.0,1755.0,6801.0,51.0,31.0
94462.557109062,2026/09/03 15:45:42.381,P2,27.82,27.78,20.0,1.0,742.0,1755.0,6801.0,51.0,31.0
94462.657887325,2026/09/03 15:45:42.482,P2,27.82,27.78,20.0,1.0,742.0,1755.0,6801.0,51.0,31.0
94462.758985656,2026/09/03 15:45:42.583,P2,27.83,27.83,21.0,1.0,742.0,1755.0,6801.0,51.0,31.0
94462.85977813,2026/09/03 15:45:42.684,P2,27.83,27.83,21.0,1.0,742.0,1755.0,6801.0,51.0,31.0
94462.960795231,2026/09/03 15:45:42.784,P2,27.83,27.83,21.0,1.0,742.0,1755.0,6801.0,51.0,31.0
94463.061841085,2026/09/03 15:45:42.885,P2,27.83,27.83,21.0,1.0,742.0,1755.0,6801.0,51.0,31.0
94463.16247746,2026/09/03 15:45:42.986,P2,27.63,27.8,21.0,1.0,742.0,1755.0,6801.0,51.0,31.0
94463.263383886,2026/09/03 15:45:43.087,P2,27.63,27.8,21.0,1.0,742.0,1755.0,6801.0,51.0,31.0
94463.364394988,2026/09/03 15:45:43.188,P2,27.63,27.8,21.0,1.0,742.0,1755.0,6801.0,51.0,31.0
94463.465033611,2026/09/03 15:45:43.289,P2,27.63,27.8,21.0,1.0,742.0,1755.0,6801.0,51.0,31.0
94463.565927495,2026/09/03 15:45:43.390,P2,27.63,27.8,21.0,1.0,742.0,1755.0,6801.0,51.0,31.0
94463.666917249,2026/09/03 15:45:43.491,P2,27.7,27.77,22.0,0.0,742.0,1755.0,6801.0,51.0,31.0
94463.767990719,2026/09/03 15:45:43.592,P2,27.7,27.77,22.0,0.0,742.0,1755.0,6801.0,51.0,31.0
94463.868670339,2026/09/03 15:45:43.692,P2,27.7,27.77,22.0,0.0,742.0,1755.0,6801.0,51.0,31.0
94463.969656506,2026/09/03 15:45:43.793,P2,27.7,27.77,22.0,0.0,742.0,1755.0,6801.0,51.0,31.0
94464.070622904,2026/09/03 15:45:43.894,P2,27.7,27.77,22.0,0.0,742.0,1755.0,6801.0,51.0,31.0
94464.171510356,2026/09/03 15:45:43.995,P2,27.83,27.77,22.0,0.0,742.0,1755.0,6801.0,51.0,31.0
94464.272454438,2026/09/03 15:45:44.096,P2,27.83,27.77,22.0,0.0,742.0,1755.0,6801.0,51.0,31.0
94464.373452951,2026/09/03 15:45:44.197,P2,27.83,27.77,22.0,0.0,742.0,1755.0,6801.0,51.0,31.0
94464.47430386,2026/09/03 15:45:44.298,P2,27.83,27.77,22.0,0.0,742.0,1755.0,6801.0,51.0,31.0
94464.575495283,2026/09/03 15:45:44.399,P2,27.83,27.77,22.0,0.0,742.0,1755.0,6801.0,51.0,31.0
94464.676697119,2026/09/03 15:45:44.500,P2,27.71,27.75,20.0,1.0,742.0,1755.0,6801.0,51.0,31.0
94464.777656012,2026/09/03 15:45:44.601,P2,27.71,27.75,20.0,1.0,742.0,1755.0,6801.0,51.0,31.0
94464.878544677,2026/09/03 15:45:44.702,P2,27.71,27.75,20.0,1.0,742.0,1755.0,6801.0,51.0,31.0
94464.979831645,2026/09/03 15:45:44.803,P2,27.71,27.75,20.0,1.0,742.0,1755.0,6801.0,51.0,31.0
94465.080531132,2026/09/03 15:45:44.904,P2,27.71,27.75,20.0,1.0,742.0,1755.0,6801.0,51.0,31.0
94465.181481301,2026/09/03 15:45:45.005,P2,27.77,27.74,20.0,1.0,742.0,1755.0,6801.0,51.0,31.0
94465.282422584,2026/09/03 15:45:45.106,P2,27.77,27.74,20.0,1.0,742.0,1755.0,6801.0,51.0,31.0
94465.383047493,2026/09/03 15:45:45.207,P2,27.77,27.74,20.0,1.0,742.0,1755.0,6801.0,51.0,31.0
94465.484093208,2026/09/03 15:45:45.308,P2,27.77,27.74,20.0,1.0,742.0,1755.0,6801.0,51.0,31.0
94465.584627913,2026/09/03 15:45:45.409,P2,27.77,27.74,20.0,1.0,742.0,1755.0,6801.0,51.0,31.0
94465.685610501,2026/09/03 15:45:45.509,P2,27.71,27.71,17.0,1.0,742.0,1755.0,6801.0,51.0,31.0
94465.786362023,2026/09/03 15:45:45.610,P2,27.71,27.71,17.0,1.0,742.0,1755.0,6801.0,51.0,31.0
94465.887290355,2026/09/03 15:45:45.711,P2,27.71,27.71,17.0,1.0,742.0,1755.0,6801.0,51.0,31.0
94465.988104036,2026/09/03 15:45:45.812,P2,27.71,27.71,17.0,1.0,742.0,1755.0,6801.0,51.0,31.0
94466.089109224,2026/09/03 15:45:45.913,P2,27.71,27.71,17.0,1.0,742.0,1755.0,6801.0,51.0,31.0
94466.18989416,2026/09/03 15:45:46.014,P2,27.99,27.76,17.0,1.0,742.0,1755.0,6801.0,51.0,31.0
94466.290741426,2026/09/03 15:45:46.115,P2,27.99,27.76,17.0,1.0,742.0,1755.0,6801.0,51.0,31.0
94466.391682719,2026/09/03 15:45:46.216,P2,27.99,27.76,17.0,1.0,742.0,1755.0,6801.0,51.0,31.0
94466.49277658,2026/09/03 15:45:46.316,P2,27.99,27.76,17.0,1.0,742.0,1755.0,6801.0,51.0,31.0
94466.593912753,2026/09/03 15:45:46.417,P2,27.99,27.76,17.0,1.0,742.0,1755.0,6801.0,51.0,31.0
94466.694669865,2026/09/03 15:45:46.518,P2,27.79,27.75,22.0,1.0,742.0,1755.0,6801.0,51.0,31.0
94466.795761941,2026/09/03 15:45:46.619,P2,27.79,27.75,22.0,1.0,742.0,1755.0,6801.0,51.0,31.0
94466.896650323,2026/09/03 15:45:46.720,P2,27.79,27.75,22.0,1.0,742.0,1755.0,6801.0,51.0,31.0
94466.997571913,2026/09/03 15:45:46.821,P2,27.79,27.75,22.0,1.0,742.0,1755.0,6801.0,51.0,31.0
94467.098577954,2026/09/03 15:45:46.922,P2,27.79,27.75,22.0,1.0,742.0,1755.0,6801.0,51.0,31.0
94467.199313003,2026/09/03 15:45:47.023,P2,27.68,27.74,22.0,1.0,742.0,1755.0,6801.0,51.0,31.0
94467.300023209,2026/09/03 15:45:47.124,P2,27.68,27.74,22.0,1.0,742.0,1755.0,6801.0,51.0,31.0
94467.401092663,2026/09/03 15:45:47.225,P2,27.68,27.74,22.0,1.0,742.0,1755.0,6801.0,51.0,31.0
94467.501849735,2026/09/03 15:45:47.326,P2,27.68,27.74,22.0,1.0,742.0,1755.0,6801.0,51.0,31.0
94467.602679847,2026/09/03 15:45:47.426,P2,27.68,27.74,22.0,1.0,742.0,1755.0,6801.0,51.0,31.0
94467.703626064,2026/09/03 15:45:47.527,P2,27.71,27.74,22.0,1.0,742.0,1755.0,6801.0,51.0,31.0
94467.804676767,2026/09/03 15:45:47.628,P2,27.71,27.74,22.0,1.0,742.0,1755.0,6801.0,51.0,31.0
94467.905377105,2026/09/03 15:45:47.729,P2,27.71,27.74,22.0,1.0,742.0,1755.0,6801.0,51.0,31.0
94468.006493596,2026/09/03 15:45:47.830,P2,27.71,27.74,22.0,1.0,742.0,1755.0,6801.0,51.0,31.0
94468.107217159,2026/09/03 15:45:47.931,P2,27.71,27.74,22.0,1.0,742.0,1755.0,6801.0,51.0,31.0
94468.2080633,2026/09/03 15:45:48.032,P2,27.8,27.7,22.0,1.0,742.0,1755.0,6801.0,51.0,31.0
94468.309175264,2026/09/03 15:45:48.133,P2,27.8,27.7,22.0,1.0,742.0,1755.0,6801.0,51.0,31.0
94468.409978504,2026/09/03 15:45:48.234,P2,27.8,27.7,22.0,1.0,742.0,1755.0,6801.0,51.0,31.0
94468.51085339,2026/09/03 15:45:48.334,P2,27.8,27.7,22.0,1.0,742.0,1755.0,6801.0,51.0,31.0
94468.611620578,2026/09/03 15:45:48.435,P2,27.8,27.7,22.0,1.0,742.0,1755.0,6801.0,51.0,31.0
94468.712615096,2026/09/03 15:45:48.536,P2,27.66,27.67,22.0,1.0,742.0,1755.0,6801.0,51.0,31.0
94468.813722135,2026/09/03 15:45:48.637,P2,27.66,27.67,22.0,1.0,742.0,1755.0,6801.0,51.0,31.0
94468.914716836,2026/09/03 15:45:48.738,P2,27.66,27.67,22.0,1.0,742.0,1755.0,6801.0,51.0,31.0
94469.015732882,2026/09/03 15:45:48.839,P2,27.66,27.67,22.0,1.0,742.0,1755.0,6801.0,51.0,31.0
94469.116500642,2026/09/03 15:45:48.940,P2,27.66,27.67,22.0,1.0,742.0,1755.0,6801.0,51.0,31.0
94469.217511899,2026/09/03 15:45:49.041,P2,27.8,27.72,22.0,1.0,742.0,1755.0,6801.0,51.0,31.0
94469.318406371,2026/09/03 15:45:49.142,P2,27.8,27.72,22.0,1.0,742.0,1755.0,6801.0,51.0,31.0
94469.419297701,2026/09/03 15:45:49.243,P2,27.8,27.72,22.0,1.0,742.0,1755.0,6801.0,51.0,31.0
94469.52034689,2026/09/03 15:45:49.344,P2,27.8,27.72,22.0,1.0,742.0,1755.0,6801.0,51.0,31.0
94469.621133196,2026/09/03 15:45:49.445,P2,27.8,27.72,22.0,1.0,742.0,1755.0,6801.0,51.0,31.0
