local_index,mnist_test_index,label,prediction,correct,logit_0,logit_1,logit_2,logit_3,logit_4,logit_5,logit_6,logit_7,logit_8,logit_9
0,372,0,0,1,12.502873420715332,-8.195220947265625,-0.19731450080871582,-4.422347545623779,-6.772705554962158,-0.399947851896286,-0.6557796001434326,-3.144285202026367,-4.846035957336426,1.2161695957183838
1,4719,1,1,1,-1.7587862014770508,8.246471405029297,-1.5167629718780518,-4.203171730041504,-0.20363417267799377,-3.8130507469177246,-2.8912832736968994,1.2126730680465698,-1.784637689590454,-1.3765454292297363
2,306,2,2,1,-4.0019989013671875,3.969454050064087,14.617177963256836,1.1126794815063477,-7.388735294342041,-11.07455062866211,-9.681268692016602,3.865058422088623,-1.5687505006790161,-8.9022216796875
3,7024,3,3,1,-11.725500106811523,-5.996922969818115,-5.0380659103393555,16.308687210083008,-10.937067985534668,-2.4617769718170166,-16.315702438354492,-4.892382621765137,0.590638279914856,1.514121651649475
4,6175,4,4,1,-5.772133827209473,0.8502524495124817,-4.7247314453125,-9.6912202835083,19.121910095214844,-7.3172454833984375,2.1383585929870605,-0.19383834302425385,-7.491885662078857,0.11638129502534866
5,3558,5,0,0,6.508453369140625,-8.776435852050781,-3.750335693359375,-0.5133780837059021,-5.789679527282715,3.1462013721466064,0.4177592098712921,-5.52985954284668,-3.298917055130005,-3.835010051727295
6,5034,6,6,1,0.6049017906188965,-4.816381931304932,-3.148876190185547,-7.141008377075195,-2.8465867042541504,1.2365977764129639,15.16226577758789,-10.02715015411377,1.1037527322769165,-4.262773513793945
7,579,7,7,1,-2.6921935081481934,-2.7993757724761963,-2.6636950969696045,-2.8835794925689697,-6.56955623626709,-0.182434543967247,-12.243435859680176,10.494747161865234,-1.4612170457839966,1.671373724937439
8,9695,8,8,1,-8.555256843566895,-4.262461185455322,-0.6289880275726318,4.349417686462402,-5.397213459014893,-3.3273658752441406,-8.441595077514648,-2.9084811210632324,8.160370826721191,-3.342681646347046
9,7884,9,9,1,-4.791888236999512,-7.864367961883545,-7.060731887817383,-0.998907744884491,1.4126031398773193,-4.118337154388428,-12.115998268127441,-0.14466387033462524,-1.216408610343933,15.350547790527344
10,4891,0,0,1,13.429327011108398,-5.3389787673950195,0.8600224256515503,-4.654777526855469,-2.331813335418701,-6.461087226867676,0.4505572021007538,-3.449150562286377,-5.410158157348633,3.9785988330841064
11,2015,1,1,1,-6.722353935241699,12.778790473937988,-3.5637385845184326,-7.797551155090332,1.1616225242614746,-4.296870231628418,-3.5515434741973877,-0.8951511383056641,0.011019350960850716,-2.6203577518463135
12,1407,2,2,1,-6.229189872741699,-1.1579304933547974,18.501060485839844,1.2205753326416016,-6.3776140213012695,-10.84569263458252,-6.397800922393799,2.8797242641448975,-1.047114610671997,-10.05886459350586
13,2427,3,3,1,-16.212200164794922,2.0215227603912354,1.1308447122573853,18.40056610107422,-15.622171401977539,-3.2687435150146484,-11.268561363220215,-3.496814250946045,0.525890588760376,-9.636384010314941
14,1015,4,4,1,-9.572750091552734,-3.6235713958740234,-4.083813190460205,-5.9151105880737305,12.428780555725098,-7.070637226104736,-11.683858871459961,-0.9861897230148315,-1.3365150690078735,2.904428243637085
15,7809,5,5,1,-8.287095069885254,-6.4518938064575195,-10.619699478149414,0.24274928867816925,-7.294841766357422,16.859556198120117,-4.119812488555908,-7.995988368988037,2.0426571369171143,1.5722209215164185
16,4702,6,6,1,-2.2258310317993164,-4.686079978942871,-2.8237802982330322,-5.586318492889404,-12.15306282043457,3.990635633468628,13.429182052612305,-8.818802833557129,4.907900810241699,-6.323495864868164
17,3609,7,7,1,-1.526410460472107,-1.4575612545013428,1.7883301973342896,0.01563972793519497,-7.935863494873047,-3.7114243507385254,-12.399222373962402,9.367121696472168,-2.6657726764678955,1.4154478311538696
18,1946,8,8,1,-7.836099147796631,-7.533542156219482,-2.988023281097412,3.1304001808166504,-10.950190544128418,-1.258602261543274,-6.20969295501709,-7.606016635894775,12.441230773925781,-1.4552252292633057
19,8933,9,9,1,-9.013522148132324,-8.443727493286133,-6.418946266174316,-0.2160371094942093,-0.7371038198471069,-1.4713371992111206,-12.147491455078125,0.27758827805519104,0.6167282462120056,14.980788230895996
20,8338,0,0,1,12.702877044677734,-4.483060359954834,0.25240227580070496,-4.125194072723389,0.5383769869804382,-6.128719806671143,1.3747849464416504,-4.849915981292725,-5.7073187828063965,2.280409336090088
21,3430,1,1,1,-4.799073219299316,8.911911010742188,-1.6918045282363892,-3.7664451599121094,0.8304212093353271,-3.929640769958496,-3.340650796890259,0.2980620265007019,-1.2417254447937012,-0.6008803248405457
22,8091,2,2,1,-2.4218719005584717,4.553527355194092,8.605732917785645,-0.9763447642326355,-5.645543575286865,-8.60317611694336,-4.999079704284668,1.510178804397583,1.9859766960144043,-5.704729080200195
23,3083,3,3,1,-9.1248197555542,-2.302967071533203,-4.241978645324707,15.03697395324707,-12.543522834777832,3.415497303009033,-6.3112688064575195,-9.046957015991211,2.371830701828003,-3.4458093643188477
24,1422,4,4,1,-3.8259668350219727,-2.438993453979492,-4.378665924072266,-5.487173080444336,14.042158126831055,-3.108920097351074,-0.5207889080047607,-3.2473092079162598,-5.050082206726074,7.692656993865967
25,8652,5,5,1,-3.3728394508361816,-3.579845428466797,-8.223423957824707,3.3833930492401123,-9.816091537475586,13.390259742736816,-1.3986841440200806,-5.9911603927612305,-0.7320408225059509,2.9891510009765625
26,2542,6,6,1,2.736048936843872,-2.9001517295837402,-1.4913586378097534,-5.084724426269531,-2.2607781887054443,0.18044012784957886,10.461992263793945,-4.399009704589844,-1.2976337671279907,-0.24093003571033478
27,1361,7,7,1,-4.5584516525268555,2.4283299446105957,-0.9221172332763672,-1.3817051649093628,-7.037724494934082,-5.418285369873047,-14.935728073120117,11.268712043762207,-2.854374885559082,0.46378353238105774
28,6850,8,8,1,-9.10498332977295,-8.440911293029785,-1.1139839887619019,2.806389331817627,-12.562076568603516,-2.5251095294952393,-3.8333706855773926,-8.469240188598633,14.920943260192871,-5.055307865142822
29,9901,9,9,1,-8.153656959533691,-7.288970470428467,-7.241246700286865,-2.822442054748535,5.694272041320801,-2.988665819168091,-11.734468460083008,-2.6596498489379883,0.05242494121193886,13.522119522094727
30,5405,0,0,1,8.253082275390625,-10.989677429199219,-5.316516876220703,-7.076433181762695,-12.089030265808105,3.9815714359283447,-3.6479082107543945,-0.6924474835395813,0.9170505404472351,-2.6494438648223877
31,7717,1,1,1,-5.291225433349609,11.997313499450684,-3.791032314300537,-6.409104824066162,-2.139861822128296,-1.6174256801605225,0.31131842732429504,-2.2579421997070312,-0.2865992486476898,-1.470829963684082
32,3817,2,2,1,0.1184648796916008,-2.221189022064209,15.849494934082031,-0.09696367383003235,1.9604824781417847,-13.692761421203613,-1.6090409755706787,-3.454444169998169,0.5437213778495789,-10.754789352416992
33,576,3,3,1,-17.293916702270508,-2.2786614894866943,-5.683676242828369,21.763324737548828,-19.87685203552246,2.8171536922454834,-14.153346061706543,-5.6144561767578125,2.219231605529785,-7.027927875518799
34,6626,4,4,1,-7.645242691040039,1.3307998180389404,-3.0656285285949707,-7.444513320922852,13.838589668273926,-6.850152969360352,-4.828100681304932,0.6586056351661682,-6.21980094909668,2.9250433444976807
35,2698,5,5,1,-8.30159854888916,0.7657763957977295,-12.063735008239746,0.18721748888492584,-11.49299144744873,14.607914924621582,-1.949821949005127,-8.34033489227295,4.03065824508667,1.4154822826385498
36,9698,6,6,1,-0.70295649766922,1.5696684122085571,0.9520867466926575,-2.2075188159942627,0.025122126564383507,-0.147990420460701,4.037381172180176,-1.4869405031204224,-1.9674140214920044,-4.813450336456299
37,3009,7,7,1,-3.1293959617614746,0.5739908814430237,-0.11857770383358002,-0.7550053596496582,-8.198007583618164,-5.842723369598389,-15.29690933227539,9.705636978149414,-2.7874550819396973,3.5385446548461914
38,8524,8,8,1,-3.8811564445495605,-8.726502418518066,-0.8682467341423035,-2.6582653522491455,-10.468558311462402,-2.8062102794647217,1.4273732900619507,-10.079529762268066,13.750112533569336,-0.6866848468780518
39,9272,9,9,1,-10.86695671081543,-4.431058883666992,-8.992210388183594,-2.116485357284546,4.228915691375732,-1.176983118057251,-14.7833833694458,0.5165534019470215,-1.4346508979797363,14.954512596130371
40,4957,0,0,1,14.003911972045898,-5.512480735778809,1.0464322566986084,-4.264691352844238,-1.3573594093322754,-6.816192626953125,3.6039986610412598,-3.9009978771209717,-6.522514343261719,1.1830005645751953
41,1785,1,1,1,-8.78945255279541,13.008054733276367,-3.9137890338897705,-7.825345993041992,5.124843597412109,-5.184616565704346,-1.683849811553955,-0.6919098496437073,-1.2694892883300781,-0.5795301198959351
42,7281,2,2,1,-4.5454583168029785,0.26720744371414185,17.03114891052246,0.821803867816925,-7.131534099578857,-8.900749206542969,-5.7003092765808105,1.7906407117843628,-1.8093817234039307,-10.556326866149902
43,7097,3,3,1,-13.104647636413574,-0.6928569674491882,-3.938863515853882,16.368253707885742,-18.31456184387207,1.831445574760437,-10.10250473022461,-3.599730968475342,2.541402578353882,-1.550533652305603
44,2012,4,4,1,-10.224780082702637,-2.612299919128418,-6.156311988830566,-9.20093822479248,16.33426284790039,-5.477167129516602,-6.66880464553833,-0.5639938116073608,-1.9144024848937988,4.676608562469482
45,638,5,5,1,-2.762289524078369,-7.1323771476745605,-11.72480297088623,-1.8819490671157837,-14.209209442138672,12.64866828918457,-4.364567756652832,-0.5336203575134277,0.3922305107116699,-2.2181763648986816
46,2210,6,6,1,0.345921128988266,-1.8378074169158936,-2.289560317993164,-4.777653694152832,0.26758843660354614,0.2661512792110443,9.19861125946045,-5.200165271759033,-1.4135422706604004,-1.8082937002182007
47,1156,7,7,1,-6.834565162658691,2.2176318168640137,-4.009535312652588,0.8317891955375671,-4.923773765563965,0.6135812401771545,-6.158947467803955,3.9263272285461426,2.260161876678467,-3.84466814994812
48,355,8,8,1,-4.545346260070801,-5.905600547790527,-6.7064208984375,-3.8945062160491943,-8.73147201538086,2.6723473072052,0.0920892134308815,-7.819924831390381,12.292139053344727,-0.2657240331172943
49,2443,9,9,1,-8.88814640045166,-7.296468734741211,-7.21804141998291,0.4744940996170044,0.667855441570282,-3.1491129398345947,-16.30662727355957,2.594757318496704,-2.5615885257720947,14.13385009765625
50,6621,0,0,1,7.86400842666626,-7.547715187072754,-3.246392011642456,-2.1775119304656982,-8.85644817352295,1.9419939517974854,-7.199726581573486,-0.22379657626152039,-3.5360774993896484,-0.022584060207009315
51,6456,1,1,1,-1.9384453296661377,12.834535598754883,-1.7503489255905151,-7.395198345184326,1.061050295829773,-5.747114181518555,-3.6382155418395996,0.20744650065898895,-2.602832555770874,-1.218790054321289
52,2260,2,2,1,-5.666850566864014,-2.5724523067474365,15.0454740524292,1.221975564956665,-4.957313060760498,-8.454439163208008,-2.2871150970458984,-4.106484889984131,1.5774669647216797,-11.022907257080078
53,4501,3,3,1,-8.107782363891602,-2.0628862380981445,-5.030837059020996,15.591256141662598,-11.610284805297852,2.601922035217285,-10.072601318359375,-8.48279857635498,-2.590261459350586,-1.3783621788024902
54,8355,4,4,1,-11.280020713806152,-0.123900406062603,-1.8387353420257568,-6.175282001495361,14.084918975830078,-7.1397013664245605,-6.079764366149902,1.5226367712020874,-2.4197700023651123,0.7656152248382568
55,3537,5,5,1,-9.367419242858887,1.9547010660171509,-12.485048294067383,2.7155556678771973,-15.2582426071167,16.590213775634766,-1.1285712718963623,-9.456528663635254,6.64990234375,3.5741825103759766
56,3382,6,6,1,0.1405259072780609,-6.007616996765137,-3.2175490856170654,-7.371898651123047,-5.212435722351074,2.482611656188965,16.325437545776367,-11.378835678100586,2.528601884841919,-4.742748737335205
57,5154,7,7,1,-1.8464089632034302,-0.9938416481018066,2.280170202255249,-0.014342534355819225,-9.91974925994873,-6.126601219177246,-15.556838989257812,10.506171226501465,-2.9790706634521484,3.4014856815338135
58,3905,8,8,1,-10.935203552246094,-2.2410740852355957,2.555605888366699,1.6546918153762817,-2.870439052581787,-6.383758068084717,-8.379817962646484,-4.249941349029541,10.567890167236328,-7.576820373535156
59,8994,9,9,1,-7.322196006774902,-8.965178489685059,-6.261626720428467,-0.48455896973609924,3.0123064517974854,-2.47662353515625,-13.322487831115723,-1.535205364227295,-3.7313694953918457,14.3764009475708
60,8691,0,0,1,10.680717468261719,-7.6348347663879395,-2.078738212585449,-4.4212188720703125,-3.7043473720550537,-4.083179950714111,-2.948904275894165,-4.103531837463379,-1.8104625940322876,3.3171916007995605
61,4262,1,1,1,-2.2988758087158203,10.820792198181152,-0.0751054584980011,-6.574120998382568,1.250054955482483,-7.673830986022949,-4.138312339782715,0.15982742607593536,-1.4235442876815796,-1.4256216287612915
62,8820,2,2,1,-6.082420349121094,-1.8628005981445312,18.18099021911621,0.4574345350265503,-7.254918098449707,-6.42857027053833,-6.859845161437988,2.145569086074829,-2.061257839202881,-8.516610145568848
63,7831,3,3,1,-9.712074279785156,-7.841230392456055,-0.7590512037277222,16.77243423461914,-11.171871185302734,-3.023529529571533,-16.213464736938477,-4.616233825683594,-0.7808324694633484,-0.7449120283126831
64,5032,4,4,1,-9.723121643066406,0.8630777597427368,-2.5146350860595703,-10.555719375610352,18.02193832397461,-8.910989761352539,-6.6806559562683105,2.0175259113311768,-5.597923755645752,1.2819684743881226
65,3590,5,5,1,-8.0582857131958,-1.2795953750610352,-13.026050567626953,2.019364595413208,-12.008955001831055,17.760988235473633,-4.810137748718262,-9.61162281036377,2.7008631229400635,5.507390975952148
66,8944,6,6,1,-1.476676344871521,-5.878748893737793,-2.889448642730713,-5.797853469848633,-6.813237190246582,4.295419216156006,12.37458324432373,-9.148271560668945,2.6959755420684814,-7.085743427276611
67,1477,7,7,1,-3.453139066696167,-0.7208993434906006,2.610759735107422,-2.4916861057281494,-2.205749034881592,-3.0134103298187256,-8.677156448364258,10.316442489624023,-4.404377460479736,-0.28424492478370667
68,6457,8,8,1,-5.136141300201416,-7.0971479415893555,-4.187321662902832,-2.062749147415161,-5.682372570037842,-3.9906952381134033,-6.725074768066406,-6.99509859085083,12.910405158996582,0.013148924335837364
69,8044,9,9,1,-6.842164993286133,-9.005950927734375,-6.240431308746338,-1.7236696481704712,1.6372637748718262,-5.49196720123291,-18.44527244567871,-0.20432113111019135,-0.9579639434814453,12.628162384033203
70,3895,0,0,1,10.373188972473145,-7.008468151092529,-0.1204085499048233,-3.9460580348968506,-3.8885936737060547,-6.188996315002441,-2.6529593467712402,-3.137877941131592,-2.2362077236175537,1.8549531698226929
71,2946,1,1,1,-2.734532594680786,7.964016437530518,-5.493696689605713,-10.136985778808594,0.7242469191551208,-2.5078485012054443,-1.9738370180130005,-1.8447751998901367,1.1287639141082764,-1.8167250156402588
72,4103,2,2,1,-9.012700080871582,5.359490871429443,15.377849578857422,1.6764675378799438,-3.886241912841797,-11.400702476501465,-6.722045421600342,1.5010942220687866,-2.1486668586730957,-10.487826347351074
73,3138,3,3,1,-3.2560789585113525,-1.5697144269943237,-2.218658208847046,8.375768661499023,-9.02381706237793,4.166839599609375,-4.031397819519043,-5.871819972991943,-0.7562437653541565,-2.2702932357788086
74,163,4,4,1,-8.83639144897461,-0.702443540096283,-4.514084815979004,-7.337614059448242,16.948265075683594,-3.551934242248535,-3.0563981533050537,0.9021191000938416,-6.327008247375488,3.3302855491638184
75,6942,5,5,1,-9.742744445800781,-4.287357330322266,-16.627470016479492,5.136709213256836,-12.397025108337402,19.9409236907959,-4.58882474899292,-12.934896469116211,0.8501632213592529,3.3464643955230713
76,2535,6,6,1,1.9396921396255493,-3.0195200443267822,-4.220741271972656,-9.291136741638184,-3.422545909881592,0.11049895733594894,14.67116641998291,-9.48900318145752,2.6120100021362305,-4.638369083404541
77,3505,7,7,1,-5.2263383865356445,2.6537811756134033,-0.04155908524990082,0.12380585074424744,-6.731748580932617,-4.103708267211914,-11.963078498840332,8.862855911254883,-2.1031486988067627,0.15849722921848297
78,572,8,8,1,-9.682373046875,-8.323138236999512,-4.446649551391602,1.867007851600647,-3.290038824081421,-1.9738655090332031,-9.220808029174805,-6.409029483795166,11.417868614196777,0.699630618095398
79,8374,9,9,1,-9.101568222045898,-4.720096111297607,-5.067661762237549,-0.5886393785476685,0.9976032972335815,-0.9094950556755066,-10.823225021362305,-0.43596234917640686,2.8209900856018066,9.791947364807129
80,2033,0,0,1,10.658390045166016,-4.644148349761963,2.3132779598236084,-5.298250675201416,3.0533335208892822,-10.527081489562988,1.236893892288208,-1.0545564889907837,-1.9981580972671509,-2.621500015258789
81,96,1,1,1,-8.514522552490234,8.62325382232666,-3.04945707321167,-2.7300257682800293,1.123652458190918,-3.4438819885253906,-7.357626438140869,1.5906345844268799,-0.6048613786697388,1.0036407709121704
82,7012,2,2,1,-5.359220027923584,-1.021944522857666,17.498376846313477,-0.767262876033783,-3.4145190715789795,-10.034649848937988,-5.649131774902344,0.053614623844623566,-1.751818299293518,-10.424392700195312
83,7250,3,3,1,-14.119063377380371,-2.7383248805999756,-6.932094097137451,21.0628719329834,-17.803020477294922,3.3810417652130127,-14.550232887268066,-6.98284912109375,1.2352473735809326,-1.388140082359314
84,6705,4,4,1,-5.170447826385498,-1.4137903451919556,-3.804525136947632,-7.822096824645996,17.470483779907227,-6.22489070892334,2.1839840412139893,-2.0915513038635254,-7.676698207855225,1.6052252054214478
85,211,5,5,1,-4.433241367340088,-7.354771137237549,-9.261109352111816,1.477170467376709,-7.367130279541016,10.149831771850586,-3.0490527153015137,-7.480590343475342,2.7050063610076904,-0.5110722184181213
86,2388,6,6,1,-1.5515551567077637,-5.4145965576171875,-2.2440073490142822,-3.7238142490386963,-4.244377613067627,2.3014895915985107,11.142731666564941,-10.096970558166504,2.7375359535217285,-6.943972110748291
87,7260,7,7,1,-2.6986732482910156,-4.974599361419678,-2.743891954421997,-3.596651077270508,-7.06174373626709,0.04120323061943054,-12.472014427185059,10.699711799621582,-0.2985430657863617,2.3934102058410645
88,128,8,8,1,-11.300882339477539,-6.734585762023926,-4.204263687133789,3.0407721996307373,-10.931580543518066,-0.9327641129493713,-9.175349235534668,-7.047174453735352,16.150938034057617,-4.599236965179443
89,4633,9,9,1,-6.917864799499512,-5.584133625030518,-8.286656379699707,-7.553200721740723,4.9798102378845215,1.0341402292251587,-5.895118713378906,-0.9163163304328918,2.608452796936035,10.46036434173584
90,13,0,0,1,13.325081825256348,-10.212108612060547,-3.116637945175171,-4.8716535568237305,-6.311873435974121,-1.3906718492507935,-3.0654919147491455,-3.8055262565612793,-3.8949484825134277,0.7678059935569763
91,4691,1,1,1,-1.382964015007019,12.526090621948242,-2.7627344131469727,-8.848544120788574,-0.176112562417984,-5.523139953613281,-1.9401606321334839,-1.1360057592391968,-1.120396375656128,-3.1479063034057617
92,4710,2,2,1,-4.92876672744751,3.143528938293457,14.941203117370605,2.1318695545196533,-9.919819831848145,-9.172837257385254,-11.330979347229004,0.7897956967353821,-1.4114497900009155,-4.649340629577637
93,2392,3,3,1,-5.462591648101807,-3.914226531982422,-3.783569812774658,12.701531410217285,-11.189177513122559,-0.2930319607257843,-10.29998779296875,-4.538302421569824,-2.8390023708343506,2.128614664077759
94,7629,4,4,1,-4.192390441894531,-3.699841022491455,-6.956529140472412,-8.751550674438477,14.6686429977417,-1.6120365858078003,1.392829418182373,-2.3382480144500732,-4.137413501739502,4.477844715118408
95,3095,5,5,1,-4.132827281951904,-5.036637783050537,-8.397233963012695,-1.6759040355682373,-14.077198028564453,15.962291717529297,2.651228904724121,-6.918583393096924,1.213156819343567,1.1138811111450195
96,9426,6,6,1,-0.9236705899238586,-3.0743350982666016,-2.4035537242889404,-6.948484897613525,3.925950527191162,-1.5047236680984497,12.056879043579102,-6.500329971313477,-1.1303749084472656,0.7465044260025024
97,2365,7,7,1,-8.704865455627441,0.05842846632003784,-1.3384616374969482,-1.4148907661437988,-3.551508903503418,-2.445345401763916,-14.981595993041992,11.967215538024902,-1.622691035270691,-4.096042633056641
98,3951,8,8,1,-1.196575403213501,-7.834910869598389,0.9141713976860046,-0.06989076733589172,-8.430807113647461,0.5477827787399292,-5.1605072021484375,-1.4383243322372437,5.517199516296387,0.27955764532089233
99,9397,9,9,1,-9.447690963745117,-4.111780166625977,-7.097665786743164,-3.821789264678955,2.5279648303985596,-0.7003101706504822,-11.610660552978516,1.867675542831421,0.9345178604125977,13.562997817993164
100,9542,0,0,1,8.878886222839355,-7.186430931091309,-1.3745551109313965,-4.050541877746582,-7.689780235290527,-1.7962476015090942,-4.863738536834717,-2.138801336288452,0.8948726058006287,-4.976850509643555
101,4953,1,1,1,-6.106432914733887,10.120973587036133,-2.3396966457366943,-2.958585500717163,-1.4436275959014893,-3.0879480838775635,-1.3516550064086914,-1.0636409521102905,-0.040108822286129,-1.3800861835479736
102,2082,2,2,1,-2.363238573074341,5.426756381988525,12.152243614196777,0.9537913799285889,-7.139758586883545,-7.931416034698486,-7.677262306213379,3.100944995880127,-3.608894109725952,-6.526393890380859
103,5248,3,3,1,-10.939191818237305,-3.5201311111450195,-2.10465407371521,15.904500007629395,-14.45547866821289,-2.7322120666503906,-10.496578216552734,-6.329084396362305,2.6741509437561035,-1.5306549072265625
104,5888,4,4,1,1.7202974557876587,-1.8555692434310913,-1.8844388723373413,-6.5600666999816895,12.853048324584961,-4.432765960693359,2.1810460090637207,-3.506953477859497,-6.973511219024658,1.0711989402770996
105,6155,5,5,1,-10.711285591125488,-3.331559896469116,-15.457775115966797,2.2590668201446533,-10.924605369567871,20.371755599975586,-0.12681272625923157,-11.630786895751953,3.3386929035186768,2.3661625385284424
106,9756,6,6,1,-2.7881734371185303,-8.088332176208496,-0.3834434449672699,-4.033274173736572,-6.4755988121032715,3.5058181285858154,10.21513843536377,-9.245923042297363,4.315854072570801,-4.759522438049316
107,6648,7,7,1,-4.877345561981201,-2.046497344970703,-0.2230980545282364,1.397131323814392,-8.117542266845703,-5.209789752960205,-15.425469398498535,9.449263572692871,-1.8329193592071533,2.5030720233917236
108,1686,8,8,1,-7.181488513946533,-1.5773807764053345,-5.33954381942749,-0.19358877837657928,-5.71728515625,3.5423717498779297,2.09120512008667,-9.226232528686523,9.109161376953125,-3.921290397644043
109,7008,9,9,1,-6.858558654785156,-7.595794200897217,-7.0533013343811035,-2.039125680923462,1.7992258071899414,-1.372065544128418,-11.339395523071289,-0.4293946623802185,-1.0637708902359009,14.390768051147461
110,7703,0,0,1,14.283342361450195,-10.828574180603027,-1.730918526649475,-5.58817720413208,-6.684350490570068,-3.3762764930725098,-1.9219328165054321,-4.5391106605529785,-3.190253257751465,-0.3797345757484436
111,5759,1,1,1,-1.5090489387512207,10.814252853393555,0.727994978427887,-7.389815330505371,2.6855690479278564,-6.204404354095459,-2.4094934463500977,-0.283458948135376,-2.3684592247009277,-2.055610418319702
112,1930,2,2,1,-2.572826385498047,-2.7206857204437256,13.069108963012695,-0.7311167120933533,2.3747901916503906,-9.133150100708008,-5.477815628051758,0.5823798179626465,-3.9420833587646484,-10.690978050231934
113,7714,3,3,1,-16.942729949951172,1.448170781135559,-1.1712627410888672,17.464563369750977,-16.155658721923828,0.8283010721206665,-12.820882797241211,-2.6633143424987793,0.7802509069442749,-9.340616226196289
114,9224,4,4,1,-10.863147735595703,3.22715163230896,-2.1038951873779297,-12.09149169921875,19.030153274536133,-7.619264602661133,-8.161454200744629,4.734260559082031,-7.583365440368652,-2.1503963470458984
115,9685,5,5,1,-6.980522155761719,-6.115349769592285,-11.247386932373047,3.489457607269287,-9.552321434020996,15.454869270324707,-3.3939545154571533,-11.224369049072266,0.8064714670181274,-0.6905668377876282
116,7331,6,6,1,0.3848593235015869,-3.397792100906372,-2.9963204860687256,-7.395139694213867,0.8651198744773865,0.44907069206237793,15.273948669433594,-10.210803985595703,-0.9418065547943115,-3.5895657539367676
117,1328,7,7,1,-2.6619021892547607,-4.049597263336182,-4.413525104522705,-1.3631911277770996,-3.1863579750061035,-1.308748483657837,-9.95827865600586,6.079651832580566,0.10659544169902802,3.3102071285247803
118,6336,8,8,1,-2.374976396560669,-8.002497673034668,0.6213216781616211,-1.3950527906417847,-10.700149536132812,-3.02396821975708,-1.7508078813552856,-8.343496322631836,11.107709884643555,-2.346675157546997
119,2538,9,9,1,-5.668618202209473,-5.241074085235596,-7.247836112976074,-1.694652795791626,0.9022579193115234,-3.913630962371826,-10.844372749328613,0.6492502093315125,-0.6488285660743713,14.594532012939453
120,5669,0,0,1,15.68410587310791,-12.872603416442871,-3.272949695587158,-8.485884666442871,-10.019477844238281,-0.6266007423400879,-0.40733060240745544,-6.717916965484619,-1.8078770637512207,-0.7978614568710327
121,9878,1,1,1,-2.809732437133789,11.171582221984863,-2.565969944000244,-7.191017150878906,1.6853910684585571,-5.123713970184326,-3.88616943359375,0.9939234256744385,-2.7226264476776123,-0.17936593294143677
122,9603,2,2,1,-4.855350971221924,3.5953633785247803,15.631353378295898,-1.411687970161438,-4.527990341186523,-10.343667984008789,-7.6926422119140625,4.043030738830566,-2.124837875366211,-11.776833534240723
123,6794,3,3,1,-14.572495460510254,-1.4428625106811523,-5.766090393066406,20.847766876220703,-16.22652244567871,-1.8194783926010132,-15.058626174926758,-2.889143943786621,-1.982164740562439,-1.1816306114196777
124,5698,4,4,1,-7.852357387542725,0.2110811471939087,0.6606055498123169,-7.292986869812012,11.588991165161133,-8.498741149902344,1.223448634147644,-0.37910714745521545,-4.295456409454346,-6.126906394958496
125,6866,5,5,1,-7.542115211486816,-1.9454665184020996,-12.267607688903809,3.9485676288604736,-10.580887794494629,16.798171997070312,0.5690337419509888,-11.964346885681152,0.5286980867385864,4.39714241027832
126,7897,6,6,1,-0.32434242963790894,-4.0355401039123535,-2.8053808212280273,-7.069627285003662,-3.0848333835601807,2.1457622051239014,14.945584297180176,-11.399002075195312,1.7162288427352905,-6.0972394943237305
127,8387,7,7,1,-1.576007604598999,-2.9967923164367676,-2.4279863834381104,-2.171046733856201,-3.684061288833618,-0.1681879460811615,-11.992681503295898,8.352356910705566,-1.5134398937225342,0.6818320751190186
128,1268,8,8,1,-8.059149742126465,-6.863271236419678,-4.285726547241211,0.9277706146240234,-13.384285926818848,-1.3311781883239746,-5.95701265335083,-6.61287260055542,13.334205627441406,-0.18901309370994568
129,4319,9,9,1,-6.264983177185059,-7.857516288757324,-7.265345573425293,0.010583305731415749,1.7879393100738525,-1.442874550819397,-13.69450855255127,0.06498340517282486,-3.2314891815185547,14.810224533081055
130,5043,0,0,1,15.019792556762695,-10.268543243408203,-3.0800132751464844,-4.521871089935303,-1.0550930500030518,-3.696699380874634,1.4471690654754639,-6.167491912841797,-6.45242977142334,-0.4484077990055084
131,4013,1,1,1,-7.5974249839782715,10.259549140930176,4.438954830169678,-1.3332470655441284,-1.6284395456314087,-2.3862807750701904,-5.71897554397583,-4.2912774085998535,-1.5559189319610596,0.9894561171531677
132,174,2,2,1,-6.021693229675293,0.26393139362335205,15.099363327026367,2.0446715354919434,-6.665513038635254,-7.73921012878418,-7.540140151977539,0.5567429065704346,0.18494650721549988,-8.388911247253418
133,1845,3,3,1,-15.11601734161377,-4.362785339355469,-5.343090057373047,20.40508270263672,-19.46525764465332,-1.019682765007019,-12.345226287841797,-5.044270992279053,2.417966842651367,-2.821645975112915
134,5151,4,4,1,-13.16946792602539,-3.644831895828247,-4.792433261871338,-8.586654663085938,17.63070297241211,-5.5032501220703125,-12.15395450592041,1.8625564575195312,-3.3016300201416016,4.26435661315918
135,9478,5,5,1,-10.815732955932617,-2.138296127319336,-10.452436447143555,5.6591339111328125,-11.052123069763184,13.810729026794434,-3.406215190887451,-13.106729507446289,6.570084571838379,-5.135184288024902
136,5591,6,6,1,0.5368364453315735,-5.150791168212891,-2.7947263717651367,-7.835107326507568,-2.9212028980255127,0.05741853266954422,15.457962989807129,-11.31033992767334,3.3545055389404297,-4.920072555541992
137,7416,7,7,1,-4.432497024536133,0.6431156396865845,4.743505954742432,0.06725427508354187,-9.051063537597656,-7.043857097625732,-16.018571853637695,12.684615135192871,-4.128393650054932,-0.18880538642406464
138,8405,8,8,1,-2.7074294090270996,-9.530953407287598,-6.937252044677734,-3.0211381912231445,-8.001264572143555,0.8317515254020691,-2.206745147705078,-7.7353410720825195,11.402908325195312,-1.4133570194244385
139,5580,9,9,1,-6.146765232086182,-7.310320854187012,-7.684688091278076,-4.161678314208984,5.112046718597412,-2.9437122344970703,-11.229418754577637,1.2658946514129639,-3.581857442855835,15.12448787689209
140,9585,0,0,1,10.731795310974121,-10.150297164916992,-3.497896194458008,-4.352339744567871,-1.0570927858352661,-3.9386069774627686,0.26846736669540405,-5.595277786254883,-3.8566224575042725,3.4210948944091797
141,1603,1,1,1,-7.89442777633667,14.013472557067871,-2.0246646404266357,-7.103748321533203,2.1466000080108643,-4.033847332000732,-1.4053875207901,-1.5241109132766724,-0.136178120970726,-2.5803987979888916
142,5216,2,2,1,-6.383120059967041,3.26015305519104,18.078182220458984,2.3334248065948486,-7.283384323120117,-13.249811172485352,-10.562810897827148,2.723158121109009,-3.351480722427368,-13.126078605651855
143,2431,3,3,1,-10.617327690124512,-6.8010149002075195,-2.413555383682251,18.134809494018555,-11.836637496948242,-1.3177522420883179,-15.413902282714844,-4.673226833343506,-2.2689874172210693,-1.749194622039795
144,3543,4,4,1,-5.090670108795166,0.6495484709739685,-4.141229629516602,-7.4015326499938965,14.853564262390137,-2.189066171646118,-0.45841580629348755,-1.9017610549926758,-5.90062141418457,3.8979036808013916
145,2291,5,5,1,-10.28188419342041,0.38264015316963196,-7.326144218444824,7.628431797027588,-13.088738441467285,13.781096458435059,-8.25720500946045,-4.386557102203369,1.6217775344848633,0.9830240607261658
146,2026,6,6,1,0.3460352420806885,-1.665024757385254,-2.982139825820923,-7.153578281402588,-0.597429096698761,0.6486194133758545,13.254561424255371,-7.385171413421631,-1.1129052639007568,-2.4675915241241455
147,3973,7,7,1,-5.336419582366943,2.087413787841797,1.0487815141677856,-0.6829832792282104,-6.326451301574707,-7.669096946716309,-16.77571678161621,12.459179878234863,-3.8966188430786133,0.34837278723716736
148,5489,8,8,1,-9.539098739624023,-4.551474571228027,-1.5666444301605225,0.9970777630805969,-10.713208198547363,-2.620450735092163,-8.794798851013184,-7.272050380706787,14.738900184631348,-4.591014385223389
149,3165,9,9,1,-9.704543113708496,-7.8306379318237305,-9.198436737060547,-1.7212843894958496,5.185410499572754,-2.6241273880004883,-16.517868041992188,0.6824011206626892,-2.146454095840454,15.841014862060547
150,2817,0,0,1,9.400952339172363,-11.795587539672852,-2.667226552963257,-6.335898399353027,-3.0678513050079346,-3.8595163822174072,2.499498128890991,-5.457310676574707,-0.58301842212677,1.6197737455368042
151,1834,1,1,1,-3.4009368419647217,13.748867988586426,-3.628058433532715,-6.888019561767578,-0.9432107210159302,-6.176313400268555,-4.267412185668945,0.784885823726654,-3.147315263748169,-0.8951341509819031
152,8569,2,2,1,-4.214866638183594,-3.9322736263275146,16.44084930419922,1.4311606884002686,-4.6529221534729,-7.381412506103516,-9.35739803314209,1.928697109222412,-1.9653918743133545,-8.672837257385254
153,2745,3,3,1,-14.538813591003418,0.5438100695610046,5.215618133544922,15.433918952941895,-17.240690231323242,-4.171853542327881,-12.486002922058105,0.36519983410835266,2.3932652473449707,-12.641511917114258
154,9104,4,4,1,-6.95388126373291,2.368903636932373,-4.331133842468262,-9.419081687927246,18.316577911376953,-7.2582621574401855,-1.285200595855713,2.883488893508911,-8.384653091430664,-0.35377374291419983
155,9970,5,5,1,-6.516926288604736,3.0258898735046387,-11.489230155944824,3.319364309310913,-8.13653564453125,13.312211990356445,-1.3831425905227661,-9.934470176696777,-1.348875880241394,2.915809392929077
156,6402,6,6,1,1.5851895809173584,-2.9653677940368652,0.02185019850730896,-5.051783561706543,2.4220986366271973,-4.1013336181640625,11.626754760742188,-5.841578006744385,0.1356707066297531,-3.6509413719177246
157,1949,7,7,1,-4.18248987197876,-1.9255625009536743,2.9376935958862305,0.1623331755399704,-4.540854454040527,-4.603527069091797,-15.377681732177734,8.563087463378906,-3.9474985599517822,1.9292691946029663
158,5176,8,8,1,-11.150018692016602,-4.320614337921143,-2.8500561714172363,-3.5716326236724854,2.1940104961395264,-1.892156720161438,-6.1269378662109375,-5.561835289001465,10.750848770141602,-5.137488842010498
159,1282,9,9,1,-4.308496952056885,-4.181650161743164,-2.232729434967041,-4.2515764236450195,1.4777363538742065,-4.9356489181518555,-7.578437805175781,-1.0744967460632324,-0.06875233352184296,12.88579273223877
160,9459,0,0,1,17.469697952270508,-7.867641448974609,1.4789071083068848,-5.718665599822998,-5.4387898445129395,-7.100141525268555,-1.377413272857666,-3.756927728652954,-6.825695037841797,4.913957595825195
161,9641,1,1,1,-2.016087055206299,10.345881462097168,-2.163889169692993,-5.617813587188721,0.17018218338489532,-5.74833869934082,-5.1221923828125,1.125259280204773,-1.4677544832229614,-1.7991060018539429
162,293,2,2,1,-4.8650031089782715,0.4372471272945404,16.337928771972656,0.44788482785224915,-7.109356880187988,-11.253459930419922,-10.542802810668945,2.1540920734405518,1.683719277381897,-9.980839729309082
163,2502,3,3,1,-11.433838844299316,-1.2022243738174438,-1.077609896659851,17.29994010925293,-14.602646827697754,-1.9733872413635254,-11.204710006713867,-5.990678310394287,2.4660518169403076,-4.477847099304199
164,8836,4,4,1,-6.929731369018555,1.4599230289459229,-5.290651798248291,-11.195230484008789,19.809782028198242,-6.484105587005615,-0.4202629327774048,1.4416546821594238,-7.741199970245361,0.6285109519958496
165,8232,5,5,1,-6.535177230834961,-5.53981876373291,-10.594185829162598,2.469949960708618,-8.015316009521484,14.045366287231445,-3.9310007095336914,-9.069658279418945,0.13690513372421265,0.1346818208694458
166,9195,6,6,1,0.1568496823310852,-6.90097713470459,-2.1162946224212646,-6.945478439331055,-3.2188522815704346,1.6005613803863525,14.400494575500488,-10.88580322265625,2.990905523300171,-3.4994845390319824
167,8188,7,7,1,-2.3200201988220215,-2.9465107917785645,0.8776949048042297,-1.340307593345642,-7.714414596557617,-5.881269931793213,-14.122551918029785,11.032342910766602,-0.6454386711120605,4.094465732574463
168,7951,8,8,1,-4.722954750061035,-7.07683801651001,-2.3286685943603516,0.4347773492336273,-11.903227806091309,-3.112649440765381,-4.828246593475342,-4.846988677978516,10.911544799804688,-2.283147096633911
169,2735,9,9,1,-0.13002321124076843,-3.6795284748077393,-3.0876026153564453,-1.0256551504135132,-1.8558419942855835,-2.1247031688690186,-4.514164447784424,2.052417278289795,-2.5496866703033447,8.459453582763672
170,3458,0,0,1,12.745407104492188,-6.571789741516113,-2.1649534702301025,-3.7084059715270996,-1.7615759372711182,-4.055861473083496,-0.5267340540885925,-3.5295584201812744,-5.659450531005859,1.8244082927703857
171,5732,1,1,1,-2.055476665496826,9.721489906311035,-1.437637209892273,-4.509396553039551,-2.1156980991363525,-6.856465816497803,-6.580760955810547,1.41556978225708,-0.5480079650878906,-1.3845884799957275
172,5879,2,2,1,-4.219510078430176,-0.4007207453250885,12.814299583435059,2.8526649475097656,-7.738375663757324,-10.391304016113281,-6.225566387176514,0.5984609723091125,-0.49754562973976135,-13.290216445922852
173,2031,3,3,1,-14.6898193359375,-2.0742034912109375,-4.525979042053223,20.32969856262207,-15.22616958618164,-1.1745191812515259,-11.39511775970459,-3.8059492111206055,-1.3187856674194336,-4.825236797332764
174,1547,4,4,1,-7.742923736572266,-1.4460283517837524,-7.525079727172852,-6.617971420288086,13.004979133605957,-4.3031415939331055,-4.931654453277588,-0.7821901440620422,-5.251977443695068,4.30417537689209
175,1135,5,5,1,-5.689338684082031,-1.3510451316833496,-12.435317039489746,-0.6907920837402344,-12.155204772949219,12.755237579345703,-2.444121837615967,-7.143164157867432,5.339385986328125,2.0539605617523193
176,6167,6,6,1,-0.10814304649829865,-3.748183488845825,-2.6052894592285156,-8.238316535949707,0.8689668774604797,-0.8792555332183838,16.041950225830078,-9.977893829345703,0.6354845762252808,-2.452692985534668
177,1883,7,7,1,-3.020051956176758,-2.8906662464141846,-2.413949728012085,-1.2336305379867554,-5.34903621673584,-0.3831559717655182,-13.858424186706543,9.897696495056152,-4.630730628967285,5.016419887542725
178,3662,8,8,1,-1.3717076778411865,-7.778588771820068,-4.676101207733154,-2.7567381858825684,0.11309370398521423,-0.3239987790584564,1.1309778690338135,-11.495539665222168,6.767125129699707,-1.1135318279266357
179,3950,9,9,1,-8.006884574890137,-3.381870746612549,-7.953543663024902,-3.5062224864959717,2.9631848335266113,-2.8574628829956055,-10.740148544311523,2.2457942962646484,-0.044960882514715195,12.815500259399414
180,8634,0,0,1,13.78475570678711,-8.061894416809082,0.43791723251342773,-6.191334247589111,-7.293727874755859,-1.8905314207077026,-0.8148737549781799,-4.681894779205322,-3.012547016143799,-4.098525047302246
181,6783,1,6,0,-2.127195119857788,4.4653544425964355,-1.181825876235962,-6.786436557769775,-0.4593140780925751,-2.5754079818725586,5.892086982727051,-5.840059280395508,1.0529097318649292,-7.581771373748779
182,4997,2,2,1,-1.7266323566436768,-4.423114776611328,10.119842529296875,3.874509334564209,-7.107069969177246,-9.530999183654785,-3.989910840988159,-3.7051010131835938,1.0137265920639038,-8.606430053710938
183,4818,3,3,1,-19.237361907958984,0.6185619235038757,-3.8144173622131348,23.571298599243164,-18.85761833190918,-2.7192654609680176,-13.66408920288086,-5.879672050476074,0.5003612041473389,-4.186678409576416
184,6300,4,4,1,-6.64413595199585,-1.6106058359146118,-3.927900552749634,-8.93319034576416,17.086240768432617,-5.342369556427002,-3.5441770553588867,-1.4407861232757568,-3.020395040512085,1.4757343530654907
185,5275,5,5,1,-8.650541305541992,-3.5501108169555664,-12.367862701416016,0.8788266181945801,-12.730697631835938,19.979385375976562,-4.973311424255371,-7.57568883895874,1.1923094987869263,6.877631664276123
186,4686,6,6,1,3.0076370239257812,-2.8747222423553467,-1.44725501537323,-5.813249111175537,-1.7309720516204834,-2.1809732913970947,13.29362678527832,-6.3382039070129395,0.5301151871681213,-1.724940538406372
187,7861,7,7,1,-6.056339740753174,-1.7758277654647827,-3.2616639137268066,-1.0821609497070312,-2.5787503719329834,-6.596449375152588,-17.26935386657715,9.934707641601562,-0.37691593170166016,1.2666783332824707
188,6327,8,8,1,-6.530296325683594,-7.5546040534973145,-0.6610724925994873,0.1892990916967392,-10.368471145629883,-2.810171127319336,-4.077859878540039,-9.9683256149292,15.933222770690918,-3.3965842723846436
189,4585,9,9,1,-5.62098503112793,-5.347080230712891,-4.385477542877197,-3.0129172801971436,6.3751091957092285,-0.7931273579597473,-7.303321361541748,-2.33417010307312,-3.224381685256958,11.563104629516602
190,1807,0,0,1,14.397902488708496,-6.414031028747559,0.1610383242368698,-4.114719390869141,-0.2520570158958435,-5.764662742614746,-1.1679311990737915,-4.350390911102295,-6.985567092895508,5.385221481323242
191,3598,1,1,1,-12.764679908752441,13.162689208984375,-3.863726854324341,-3.868816375732422,4.811485290527344,-3.427262544631958,-4.526665687561035,0.2873452603816986,-0.8176881670951843,-1.3003792762756348
192,9798,2,2,1,-3.1410162448883057,0.2844964265823364,15.327162742614746,1.9162368774414062,-4.278783798217773,-8.762592315673828,-9.495821952819824,3.316162347793579,-5.623071670532227,-8.088191986083984
193,6045,3,3,1,-6.628962516784668,-1.8779138326644897,-1.342023491859436,9.404245376586914,-7.917530536651611,0.07266290485858917,-5.248596668243408,-7.1674981117248535,2.6423468589782715,0.683329701423645
194,6999,4,4,1,-7.383304595947266,0.6210018396377563,-4.325329303741455,-8.125048637390137,13.184754371643066,-6.754775047302246,-3.937148094177246,1.6848703622817993,-6.354104995727539,1.9757555723190308
195,5197,5,5,1,-11.451425552368164,-4.161884307861328,-13.297258377075195,7.100973129272461,-10.417162895202637,17.158645629882812,-7.007806777954102,-11.102677345275879,2.2249810695648193,2.350609540939331
196,3447,6,6,1,3.0979065895080566,-4.121005535125732,-3.494007110595703,-5.533143997192383,5.84946870803833,-4.044734477996826,10.267906188964844,-7.4663190841674805,0.006468931213021278,0.4996829628944397
197,2565,7,7,1,-4.12742280960083,-0.8820046782493591,0.9570622444152832,0.26228076219558716,-8.277996063232422,-3.087080717086792,-13.863378524780273,11.469969749450684,-2.2554290294647217,-0.08623172342777252
198,3289,8,9,0,-10.416674613952637,-9.814567565917969,-9.786077499389648,1.2743778228759766,-2.559443950653076,-1.406922459602356,-15.760331153869629,-4.066116809844971,7.0629048347473145,7.614356994628906
199,2161,9,9,1,-6.971106052398682,-8.227763175964355,-6.9746246337890625,0.5573104619979858,3.661681652069092,-0.5830364227294922,-12.362350463867188,-1.4661448001861572,-4.166476249694824,12.327225685119629
200,3043,0,0,1,12.843417167663574,-6.1912665367126465,2.0602922439575195,-4.333992958068848,-7.226653575897217,-2.572450637817383,0.27683359384536743,-2.8623504638671875,-5.261658668518066,0.8003041744232178
201,107,1,1,1,-0.20082417130470276,7.38743782043457,-4.476389408111572,-7.7434000968933105,-1.299816608428955,-2.9562158584594727,1.2755762338638306,-3.559577465057373,0.18438053131103516,-2.468065023422241
202,5125,2,2,1,-7.05610466003418,2.4661643505096436,14.474679946899414,0.8644843697547913,-3.657087802886963,-10.04867172241211,-12.076156616210938,5.592148780822754,-6.457115650177002,-10.915131568908691
203,4785,3,3,1,-13.853568077087402,-3.9716076850891113,-4.835407733917236,16.407644271850586,-18.170610427856445,-3.0339016914367676,-14.088542938232422,-2.4021854400634766,5.577428817749023,-2.459958553314209
204,6323,4,4,1,-10.501422882080078,-2.786674976348877,-4.318060398101807,-7.687738418579102,15.006462097167969,-2.0431618690490723,-5.383953094482422,1.4784280061721802,-4.603621482849121,3.24664306640625
205,120,5,5,1,-10.191106796264648,-4.530801773071289,-11.816354751586914,5.40816068649292,-16.14560317993164,19.03822898864746,-5.204615116119385,-7.57358980178833,2.169257640838623,7.124311447143555
206,8073,6,6,1,0.8189009428024292,-7.303497791290283,-3.013786792755127,-6.912732124328613,0.9760560393333435,0.09316478669643402,14.578293800354004,-13.074122428894043,2.045102119445801,-4.918514728546143
207,3361,7,7,1,-1.7769992351531982,-6.944769859313965,2.194182872772217,-0.8650364875793457,-9.233403205871582,-2.9573190212249756,-10.54689884185791,9.218425750732422,0.504654586315155,1.546791672706604
208,1353,8,8,1,-10.431814193725586,-3.345928907394409,-1.962265133857727,2.855522632598877,-9.355732917785645,-1.3111045360565186,-9.291003227233887,-4.438734531402588,12.737229347229004,0.6390872001647949
209,7499,9,9,1,-7.438789367675781,-5.615930557250977,-6.961771011352539,-4.191355228424072,4.969516754150391,-2.8414289951324463,-12.393299102783203,-0.0749058797955513,-0.37747442722320557,11.284175872802734
210,9519,0,0,1,14.3267183303833,-9.862625122070312,0.19029846787452698,-7.615100383758545,-4.085928440093994,-6.4528045654296875,-0.9407080411911011,-3.9366345405578613,-2.8566625118255615,3.6061384677886963
211,2379,1,1,1,-3.1457266807556152,13.592695236206055,-1.4080108404159546,-7.27756929397583,-1.6061298847198486,-6.528356075286865,-2.697887897491455,-0.576927661895752,-1.8081533908843994,-1.406798243522644
212,690,2,2,1,-4.497786521911621,1.6995787620544434,15.649801254272461,2.7695252895355225,-11.941503524780273,-9.58940315246582,-10.653913497924805,3.7721688747406006,-1.0746068954467773,-7.366553783416748
213,4630,3,3,1,-7.817631244659424,0.989631175994873,-1.0574009418487549,9.09332275390625,-6.248115539550781,0.07108114659786224,-5.191040992736816,-3.540883779525757,-0.1679692417383194,-3.4326319694519043
214,8462,4,4,1,-10.076872825622559,0.9552852511405945,-4.655950546264648,-12.714874267578125,23.12038803100586,-9.349602699279785,-2.363180637359619,1.5442776679992676,-7.570408821105957,-2.775496482849121
215,5981,5,5,1,-7.572392463684082,-5.947071075439453,-7.1879682540893555,4.6031174659729,-5.917441368103027,9.426532745361328,-11.20370101928711,-6.364598274230957,0.7969702482223511,9.230539321899414
216,8869,6,6,1,1.9200057983398438,-4.388157367706299,-3.1911394596099854,-7.354366302490234,-0.05518154799938202,-0.056478820741176605,14.489847183227539,-8.732568740844727,-0.22664238512516022,-1.7998676300048828
217,4027,7,7,1,-4.1115570068359375,5.3509840965271,-2.0009334087371826,-4.86760950088501,0.554710865020752,-4.777632236480713,-10.230785369873047,5.990045070648193,-3.6113617420196533,2.8859188556671143
218,8027,8,8,1,-8.376287460327148,-10.383623123168945,-2.7207326889038086,-2.0119683742523193,-14.56472396850586,-3.55513334274292,-3.106510877609253,-8.687570571899414,17.44789695739746,-2.57782244682312
219,5017,9,9,1,-4.864970684051514,-9.251469612121582,-6.856310844421387,-5.834925174713135,4.315812110900879,-3.1896893978118896,-5.303835868835449,-1.9575246572494507,0.8937811851501465,14.429384231567383
220,4470,0,0,1,12.101982116699219,-11.576910972595215,-4.552073001861572,-4.8132805824279785,-7.586719989776611,-0.00445135124027729,-1.0277776718139648,-5.58469295501709,-1.6061285734176636,-3.3964180946350098
221,6159,1,1,1,-3.423334836959839,12.817436218261719,-2.7255280017852783,-7.137411594390869,-2.527329444885254,-5.250188827514648,-1.9537509679794312,-1.9219056367874146,-0.1201048195362091,-1.8798327445983887
222,775,2,2,1,-4.035959720611572,0.1732306033372879,15.26340389251709,2.3555681705474854,-11.59126091003418,-10.936525344848633,-12.137675285339355,7.999352931976318,0.9876457452774048,-10.551641464233398
223,2075,3,3,1,-15.451510429382324,-2.2383477687835693,0.9506734609603882,17.325763702392578,-16.87042236328125,-1.3105523586273193,-9.992359161376953,-4.050522327423096,2.871817111968994,-11.041414260864258
224,6369,4,4,1,-8.715618133544922,-2.0880067348480225,0.726462185382843,-7.402804851531982,13.9883394241333,-5.917009353637695,0.2805379629135132,-0.09499641507863998,-5.086400985717773,-3.2513160705566406
225,2957,5,5,1,-1.4132466316223145,-3.3067843914031982,-8.180987358093262,-4.233199119567871,-6.161993026733398,10.520575523376465,1.6212676763534546,-4.460853099822998,-0.7785028219223022,-0.469680517911911
226,3362,6,6,1,-0.06787092238664627,-3.8918635845184326,-4.3822126388549805,-7.7772698402404785,-2.726485013961792,1.9862526655197144,14.984659194946289,-8.869132995605469,0.6969246864318848,-2.5958855152130127
227,5655,7,7,1,-2.938953161239624,2.2176430225372314,4.60506534576416,-0.13448217511177063,-9.322980880737305,-8.222814559936523,-11.620169639587402,7.195893287658691,-0.3144456148147583,1.8869438171386719
228,3198,8,8,1,-10.941356658935547,-6.459764003753662,-0.6595448851585388,-0.18973757326602936,-11.998282432556152,0.0003712214529514313,-1.4048265218734741,-11.077106475830078,18.4128360748291,-11.296524047851562
229,2692,9,9,1,-6.701537609100342,-5.163311004638672,-7.626917839050293,-2.711224317550659,1.1363203525543213,-0.9839878082275391,-12.000724792480469,2.4457271099090576,-1.3653475046157837,12.93340015411377
230,8172,0,0,1,12.485706329345703,-7.738766670227051,-0.8266327977180481,-6.480643272399902,-0.30134207010269165,-5.4678168296813965,4.325407028198242,-5.895933151245117,-4.171140193939209,4.7943854331970215
231,9005,1,1,1,-4.021702766418457,10.509650230407715,-1.1752086877822876,-8.751729011535645,2.862227439880371,-5.821572303771973,-3.1029739379882812,-0.022599775344133377,-0.7653156518936157,-3.041754961013794
232,244,2,2,1,-5.873226642608643,1.9771673679351807,11.4072904586792,1.8936952352523804,-4.815835475921631,-8.47364330291748,-9.812642097473145,4.444399356842041,1.3907207250595093,-10.284784317016602
233,2681,3,3,1,-9.627737998962402,-5.241384506225586,-0.29981181025505066,13.449275016784668,-9.46605396270752,-4.051854133605957,-9.88382625579834,-5.990446090698242,0.521489143371582,-2.012590169906616
234,1301,4,4,1,-7.568457126617432,-1.4651234149932861,-6.197003364562988,-9.283454895019531,12.062291145324707,-2.3267948627471924,0.15561792254447937,-2.6174116134643555,-2.7879855632781982,5.872329235076904
235,5982,5,5,1,-10.598918914794922,-1.8477327823638916,-11.19374942779541,7.488864898681641,-7.556358814239502,12.808476448059082,-6.136203289031982,-9.298480033874512,3.0459794998168945,2.997633695602417
236,3181,6,6,1,7.286773204803467,-10.945245742797852,-3.50518798828125,-5.929789066314697,-8.591568946838379,3.2653727531433105,12.067950248718262,-7.839149475097656,-2.833958387374878,-7.792054653167725
237,2843,7,7,1,-5.76588249206543,-4.114982604980469,0.4413657784461975,1.2508678436279297,-8.219442367553711,-6.4690961837768555,-18.846355438232422,10.01963996887207,-2.0463833808898926,4.10347318649292
238,3002,8,8,1,-7.584600448608398,-5.165368556976318,-3.9275636672973633,0.7635471224784851,-7.320578098297119,-1.85136878490448,-7.361886978149414,-6.865884304046631,12.516022682189941,0.4770154654979706
239,5622,9,9,1,-9.199545860290527,-5.363648414611816,-7.847148895263672,-3.012801170349121,5.033849716186523,-3.7319743633270264,-13.930052757263184,-0.415211021900177,-2.3787548542022705,13.83508586883545
240,8163,0,0,1,11.47779369354248,-7.148003578186035,-0.11554871499538422,-4.893624782562256,1.4809283018112183,-5.488905429840088,1.5572850704193115,-2.479743719100952,-5.250527381896973,2.5933775901794434
241,8979,1,1,1,-5.042819023132324,11.080344200134277,-1.7801871299743652,-7.818541526794434,2.7637698650360107,-5.1337809562683105,-3.3565096855163574,0.2062327265739441,-1.0029271841049194,-2.233168840408325
242,4247,2,2,1,-4.792040824890137,6.656330108642578,16.872074127197266,-1.5305789709091187,-4.857402324676514,-10.563579559326172,-7.659873962402344,3.9945156574249268,-4.295050144195557,-5.645596027374268
243,7656,3,3,1,-15.602157592773438,1.091686487197876,-0.19379647076129913,15.284345626831055,-11.125457763671875,-1.894588589668274,-11.320642471313477,-2.173311710357666,0.7763626575469971,-8.780068397521973
244,4421,4,4,1,-1.5836453437805176,-2.358703851699829,-4.239005088806152,-7.098972797393799,14.775391578674316,-3.582442283630371,3.266099452972412,-3.7240283489227295,-5.6955366134643555,3.9445035457611084
245,6537,5,5,1,-7.955961227416992,-4.5820841789245605,-11.484732627868652,-2.5499556064605713,-8.769214630126953,16.814958572387695,0.676315426826477,-8.900125503540039,1.12885582447052,2.380511522293091
246,9403,6,6,1,0.5556512475013733,-4.692760944366455,-2.397879123687744,-8.4666748046875,-1.2911311388015747,-1.1158925294876099,16.379474639892578,-9.7279052734375,1.480005145072937,-4.035304069519043
247,9935,7,7,1,-4.785704135894775,-1.4633718729019165,-0.4264795780181885,-1.583566427230835,-3.381035089492798,-5.283610820770264,-17.017318725585938,9.330636024475098,-4.324420928955078,4.352602005004883
248,5231,8,8,1,-10.81273365020752,-3.7953383922576904,-6.928109645843506,-5.114202499389648,1.0597120523452759,-0.5357718467712402,-5.411555767059326,-7.8584089279174805,12.755744934082031,-3.3682169914245605
249,2958,9,9,1,-2.9898743629455566,-5.258160591125488,-5.953436374664307,-1.7086759805679321,0.8015478253364563,-3.5830161571502686,-8.84971809387207,-0.5038791298866272,-2.4274227619171143,12.504300117492676
250,8425,0,0,1,10.757068634033203,-5.383420467376709,1.037520170211792,-4.945949077606201,1.917843222618103,-5.760073661804199,2.666874885559082,-4.433279514312744,-3.6586179733276367,0.4916676878929138
251,4179,1,1,1,-5.111438751220703,9.901315689086914,-2.470534324645996,-4.095630645751953,-0.8278389573097229,-3.4368557929992676,-1.544911503791809,-1.323620319366455,-0.39567551016807556,-0.3943302035331726
252,5189,2,2,1,-4.460292339324951,4.569064140319824,18.26331901550293,1.379130482673645,-8.415412902832031,-12.492536544799805,-9.395546913146973,0.697084367275238,-2.1145811080932617,-10.133627891540527
253,5359,3,3,1,-15.48665714263916,-7.547855377197266,0.4026400148868561,17.93938446044922,-12.534191131591797,-5.595982551574707,-19.440073013305664,-6.876532077789307,6.230125427246094,-2.4340507984161377
254,803,4,4,1,-4.322593688964844,-1.3196995258331299,-2.145496368408203,-9.817399978637695,17.128036499023438,-4.812923431396484,0.7987181544303894,-3.291118621826172,-4.043868064880371,-0.19410255551338196
255,2743,5,5,1,-6.490144729614258,1.4079270362854004,-6.806780815124512,-1.8205585479736328,-8.510833740234375,7.947150707244873,2.4077420234680176,-5.337399482727051,4.292870998382568,0.08632563799619675
256,5481,6,6,1,1.1569207906723022,-2.125904083251953,-2.459413528442383,-4.525940418243408,1.1652820110321045,-1.4184727668762207,12.991783142089844,-5.787708282470703,-1.7411701679229736,-0.7210773229598999
257,3719,7,7,1,-3.581453561782837,1.6161531209945679,1.8134186267852783,0.4510340690612793,-8.154120445251465,-6.087223529815674,-15.187240600585938,9.884432792663574,-2.913172960281372,1.8310171365737915
258,2213,8,8,1,-11.826786041259766,-4.270199298858643,-0.7316152453422546,2.8009352684020996,-8.300056457519531,-3.075190544128418,-9.503593444824219,-6.928053855895996,15.282044410705566,-7.023406982421875
259,8640,9,9,1,-7.138189792633057,-5.160890579223633,-6.392844200134277,-2.6188971996307373,3.663052558898926,-0.2847915291786194,-10.499545097351074,-0.09830884635448456,-1.3149454593658447,11.870376586914062
260,8992,0,0,1,14.224438667297363,-7.888490200042725,1.3488174676895142,-6.076120376586914,-0.7088040113449097,-6.638540267944336,-0.09417499601840973,-4.108580112457275,-5.399832725524902,3.808208465576172
261,6419,1,1,1,-3.432718276977539,10.727622032165527,-0.33582526445388794,-3.99161696434021,-2.1283717155456543,-6.585361480712891,-4.854556560516357,0.8211196064949036,-2.0115652084350586,-0.6150723695755005
262,4962,2,2,1,-3.176115036010742,1.0839805603027344,16.191650390625,-0.0962933599948883,-2.9107091426849365,-11.793807029724121,-4.79310941696167,0.12904024124145508,-3.8379404544830322,-11.088829040527344
263,5583,3,3,1,-14.308109283447266,-4.267609119415283,-10.07001781463623,17.673234939575195,-12.735855102539062,4.787534713745117,-13.986684799194336,-5.419798374176025,1.0886425971984863,-2.4480550289154053
264,2447,4,4,1,-7.653217315673828,-3.9751126766204834,-6.535599708557129,-6.389403343200684,9.435612678527832,-3.5079145431518555,-8.420574188232422,0.7499037384986877,-5.024792194366455,8.37569808959961
265,8192,5,5,1,-8.3451509475708,-5.8378987312316895,-11.332769393920898,-0.993892252445221,-8.25086784362793,15.661090850830078,-0.5797368288040161,-8.54245376586914,1.645177960395813,5.8609299659729
266,1478,6,6,1,-1.4131815433502197,-1.0174946784973145,-2.0483920574188232,-5.9907660484313965,-3.093655824661255,1.1028327941894531,11.078807830810547,-8.156527519226074,1.463773488998413,-6.18009090423584
267,1799,7,7,1,-6.459575653076172,0.7853809595108032,-0.25411564111709595,-0.5754780173301697,-6.498676300048828,-6.171257495880127,-18.91240882873535,12.217653274536133,-3.128559112548828,1.7143194675445557
268,1669,8,8,1,-8.397651672363281,-8.412572860717773,-3.6944663524627686,6.152972221374512,-11.948968887329102,-0.6761341094970703,-7.6660966873168945,-7.196701526641846,10.223484992980957,-1.4267288446426392
269,9843,9,9,1,-7.756285190582275,-5.005371570587158,-7.652629375457764,-2.01354718208313,4.973952293395996,-1.4287971258163452,-11.648357391357422,-0.5021284818649292,-3.0651001930236816,10.574810981750488
270,5830,0,0,1,9.515849113464355,-8.984816551208496,-2.5326175689697266,-0.5915175080299377,-2.014822483062744,-3.517158269882202,-4.606357097625732,-6.404312610626221,-4.6192803382873535,3.330547571182251
271,1885,1,1,1,-3.6528444290161133,6.928338527679443,-3.5194602012634277,-7.618584156036377,-0.02661042846739292,-2.7261924743652344,-0.7164446115493774,-2.4508440494537354,2.3456614017486572,-3.7333483695983887
272,6499,2,2,1,-10.3626070022583,2.622117757797241,16.160388946533203,2.860239028930664,-6.621056079864502,-11.188033103942871,-12.257819175720215,2.8428852558135986,-0.5387482047080994,-13.050679206848145
273,5181,3,3,1,-19.599063873291016,3.256115198135376,-4.452111721038818,21.328466415405273,-19.511655807495117,0.810984194278717,-13.763689994812012,-4.867823123931885,0.9576274752616882,-5.591160297393799
274,6700,4,4,1,-0.32963812351226807,0.8976572751998901,-2.290911912918091,-5.289637088775635,9.81469440460205,-3.507920503616333,2.062366247177124,-1.9891060590744019,-3.8425071239471436,0.27618351578712463
275,739,5,5,1,-5.082845211029053,-4.535476207733154,-9.91105842590332,1.1426618099212646,-7.196783542633057,13.2924222946167,-1.6616202592849731,-9.70200252532959,1.1389693021774292,3.7353720664978027
276,4336,6,6,1,0.012710923328995705,-2.0571601390838623,-1.1005338430404663,-6.52676248550415,-0.4495236575603485,-1.5089112520217896,12.078577041625977,-7.195643424987793,0.8124292492866516,-4.848238945007324
277,679,7,7,1,-3.8631017208099365,3.582125663757324,3.4738757610321045,1.417084813117981,-11.03913402557373,-7.388730049133301,-17.06598663330078,10.979052543640137,-4.084656715393066,1.1911078691482544
278,8297,8,8,1,-6.5184173583984375,-6.633362770080566,-7.916325569152832,-4.152226448059082,-9.927786827087402,4.982632160186768,0.12888285517692566,-7.113771915435791,11.509321212768555,0.7288926839828491
279,6571,9,9,1,-2.4018399715423584,-2.474738836288452,-0.7962600588798523,1.2324132919311523,-3.2364494800567627,-0.6941340565681458,-7.508334636688232,2.518922805786133,-1.4630811214447021,2.8379666805267334
280,608,0,0,1,14.734367370605469,-5.4131855964660645,3.2180445194244385,-3.5736117362976074,-5.201329231262207,-6.354658126831055,-1.3245799541473389,-2.941636562347412,-7.113381385803223,3.6295464038848877
281,2421,1,1,1,-6.3696136474609375,11.644200325012207,-3.6281890869140625,-4.736561298370361,0.640906810760498,-3.5918431282043457,-4.17863130569458,0.2689354419708252,-0.9957178831100464,-1.2950538396835327
282,9849,2,2,1,-5.9176025390625,3.3801095485687256,11.789060592651367,4.629567623138428,-13.422650337219238,-8.814253807067871,-10.081557273864746,2.935645341873169,0.9706770181655884,-8.538191795349121
283,3943,3,3,1,-12.024767875671387,-0.3073684871196747,-6.898806095123291,10.099227905273438,-7.0413665771484375,6.175769805908203,-5.801360607147217,-7.813807964324951,0.5963637828826904,-3.376528263092041
284,8520,4,4,1,-10.918394088745117,-1.7465511560440063,-7.358695983886719,-8.277495384216309,12.917381286621094,-7.140272617340088,-13.792915344238281,1.2082360982894897,-0.16669343411922455,9.235918045043945
285,6932,5,5,1,-11.698227882385254,-1.836748719215393,-15.386551856994629,0.666780948638916,-13.088129997253418,21.78849220275879,-0.6354367136955261,-10.950662612915039,1.4140692949295044,-0.32309049367904663
286,5354,6,6,1,-1.306722640991211,-3.717366933822632,-2.3534274101257324,-8.624736785888672,-2.2112631797790527,1.2514393329620361,15.749655723571777,-10.472395896911621,1.2862859964370728,-6.010004043579102
287,3373,7,7,1,-1.5791370868682861,-5.481163024902344,1.2510719299316406,-1.585101842880249,-3.682236671447754,-2.365104913711548,-7.519812107086182,6.516391754150391,-3.035755157470703,5.48914098739624
288,5530,8,8,1,-0.3771110773086548,-14.429265022277832,-4.372312068939209,-1.3279637098312378,-10.84852409362793,-0.2957557439804077,-3.0878539085388184,-12.469635963439941,12.445487022399902,-2.221001148223877
289,4692,9,9,1,-1.6928315162658691,-6.762703895568848,-7.6130218505859375,1.8106714487075806,-2.692861795425415,1.5989512205123901,-11.111930847167969,-0.36660251021385193,-3.2044425010681152,9.861217498779297
290,4887,0,0,1,11.253618240356445,-6.542157173156738,0.6569715142250061,-3.7744123935699463,-10.18806266784668,-0.8269891738891602,-3.0353217124938965,-1.0744028091430664,-3.1604583263397217,-2.4455864429473877
291,8914,1,1,1,-2.109097719192505,12.392081260681152,-2.968562126159668,-7.851685047149658,1.000535011291504,-4.709662914276123,-2.147916078567505,-0.6759883761405945,-2.160482883453369,-1.3302918672561646
292,8800,2,2,1,-6.8423542976379395,1.46477472782135,19.15549087524414,0.07499463111162186,-4.041534423828125,-12.511590003967285,-7.523873329162598,1.6235835552215576,-2.2479963302612305,-12.019221305847168
293,7730,3,3,1,-10.545310974121094,-2.8721323013305664,-5.052472114562988,12.672245979309082,-7.6093854904174805,1.5317898988723755,-10.853141784667969,-7.177985191345215,0.5299815535545349,4.806567668914795
294,300,4,4,1,-4.48476505279541,0.8902907371520996,2.7211523056030273,-7.502630710601807,10.557657241821289,-6.964517116546631,-0.6009983420372009,0.14969299733638763,-3.5899434089660645,-5.702577114105225
295,6486,5,5,1,-8.583809852600098,-3.2066967487335205,-10.9246244430542,0.9351993203163147,-7.933587074279785,16.186742782592773,-2.285121440887451,-9.866249084472656,1.7569669485092163,-0.3859841227531433
296,1106,6,6,1,-0.17923696339130402,-4.585068702697754,-4.695639610290527,-8.338424682617188,-3.4244518280029297,-0.14151987433433533,15.264337539672852,-8.295777320861816,1.3847564458847046,-4.677651882171631
297,223,7,7,1,-4.190356254577637,-2.0307419300079346,1.7983133792877197,-0.009508023038506508,-9.173772811889648,-5.922612190246582,-17.692174911499023,11.438862800598145,-2.336587429046631,3.068429708480835
298,6603,8,8,1,-3.4747962951660156,-12.77131175994873,-8.359691619873047,-3.913022756576538,-5.433877468109131,0.4065517783164978,-8.237293243408203,-3.061673641204834,8.812737464904785,3.980085849761963
299,58,9,9,1,-6.957390308380127,-7.727159023284912,-6.157842636108398,-1.0210466384887695,2.8546082973480225,-1.729466199874878,-12.430859565734863,0.6109357476234436,-4.029329776763916,14.566631317138672
300,3608,0,0,1,17.74476432800293,-7.5460968017578125,0.9254839420318604,-5.18502140045166,-5.362031936645508,-7.236283302307129,-0.5100633502006531,-3.0800704956054688,-8.040584564208984,5.266709804534912
301,1025,1,1,1,-2.0146896839141846,12.595118522644043,-2.7692127227783203,-7.329934597015381,-0.2373926341533661,-4.105975151062012,-2.046849489212036,-0.26558971405029297,-2.5732669830322266,-1.7917472124099731
302,8907,2,2,1,-4.474972724914551,-1.0663607120513916,19.99803924560547,1.815873384475708,-6.549534797668457,-11.384242057800293,-10.96010971069336,3.8760147094726562,-2.6457629203796387,-10.936577796936035
303,9056,3,3,1,-18.710664749145508,-3.364043712615967,-6.881289482116699,23.215883255004883,-21.587751388549805,4.32127571105957,-14.489240646362305,-9.216976165771484,5.0179290771484375,-5.09164571762085
304,5395,4,4,1,-0.9337980151176453,-1.1106112003326416,-4.882855415344238,-6.164348125457764,11.879193305969238,-4.125194072723389,2.4985954761505127,-1.3594650030136108,-5.112313270568848,2.5274386405944824
305,9228,5,5,1,-6.309385299682617,-5.5172200202941895,-13.182962417602539,2.1251485347747803,-9.732111930847168,17.84579086303711,-4.623764514923096,-10.424108505249023,-0.3950924277305603,2.1886932849884033
306,3218,6,6,1,-3.6443233489990234,-6.221325874328613,-6.661972522735596,-3.8444085121154785,-3.8838016986846924,7.670450687408447,7.936050891876221,-11.304642677307129,4.342572212219238,-0.8457283973693848
307,9851,7,7,1,-5.475983619689941,-0.7857711911201477,-0.06536626815795898,-0.32547134160995483,-6.400284290313721,-4.435422420501709,-16.56206703186035,11.04538631439209,-2.7287285327911377,2.267171859741211
308,3781,8,8,1,-5.812313556671143,-3.582390069961548,-0.8756682872772217,-2.1193935871124268,-4.918996810913086,-3.2646002769470215,-2.1458351612091064,-7.816256523132324,11.007810592651367,-4.09519624710083
309,99,9,9,1,-5.370663166046143,-8.367670059204102,-5.412093162536621,-0.9425025582313538,0.7943683862686157,-3.316206216812134,-13.036312103271484,1.0087957382202148,-3.4604132175445557,17.051485061645508
310,9677,0,0,1,5.612652778625488,-4.098463535308838,1.5325838327407837,-2.1379570960998535,1.1682664155960083,-5.348422050476074,1.3856632709503174,-4.04226016998291,-1.417191743850708,-1.9667165279388428
311,176,1,1,1,-2.9172961711883545,8.782333374023438,-3.0332298278808594,-4.7574028968811035,-0.9143654704093933,-2.256988525390625,-1.9868046045303345,-0.694988489151001,-1.0106687545776367,-0.9642999172210693
312,2729,2,2,1,-6.521483421325684,1.0941169261932373,14.159287452697754,1.8747360706329346,-4.0187811851501465,-9.375540733337402,-7.960592269897461,3.2932441234588623,-2.525838613510132,-11.590484619140625
313,8201,3,3,1,-15.270861625671387,-5.4731059074401855,-3.270362138748169,16.049482345581055,-14.88442325592041,1.8310348987579346,-17.00230598449707,-4.107024669647217,1.0286369323730469,2.7715227603912354
314,1230,4,4,1,-8.347818374633789,-2.6899430751800537,-2.0682172775268555,-5.229020595550537,13.235573768615723,-4.943174362182617,-3.8924083709716797,-1.1260411739349365,-2.971522808074951,1.6758294105529785
315,2064,5,5,1,-8.44808292388916,-3.4762089252471924,-10.502909660339355,0.5911426544189453,-10.963611602783203,16.300373077392578,-0.7110792398452759,-8.006409645080566,2.003854274749756,0.793241560459137
316,5467,6,6,1,1.2271814346313477,-4.592123985290527,-1.8362197875976562,-6.693403720855713,0.17812134325504303,-0.7335754632949829,14.951805114746094,-8.347103118896484,-0.8672541975975037,-2.673884153366089
317,689,7,7,1,-3.5789573192596436,-0.11333179473876953,-4.00466775894165,-3.688232660293579,2.7829904556274414,-1.9097223281860352,-8.816231727600098,5.20948600769043,-3.7372682094573975,3.770019769668579
318,8241,8,8,1,-4.4343976974487305,-6.955386638641357,-1.1290918588638306,-3.203892707824707,-4.742956161499023,-2.167325735092163,-1.8915685415267944,-9.80689811706543,12.134432792663574,-3.076465129852295
319,235,9,9,1,-3.8168036937713623,-6.8445281982421875,-4.45747184753418,-1.3460509777069092,-1.0236799716949463,-0.9272807240486145,-7.135176658630371,1.2204275131225586,1.1023863554000854,9.391844749450684
320,8067,0,0,1,13.476491928100586,-10.613011360168457,-1.9344362020492554,-6.322853088378906,-6.889464378356934,-2.5224318504333496,-1.3569546937942505,-5.981611251831055,-2.43133807182312,-0.47466450929641724
321,9848,1,1,1,-2.811079978942871,11.612943649291992,-2.389846086502075,-7.669531345367432,1.2915682792663574,-6.524923801422119,-4.351710319519043,0.7983617782592773,-2.0246243476867676,-1.0434640645980835
322,985,2,2,1,-4.7566094398498535,5.324289321899414,18.319652557373047,0.6147942543029785,-11.58785343170166,-10.46827507019043,-10.1556978225708,2.345149517059326,-2.543471574783325,-7.945468425750732
323,9479,3,3,1,-14.537099838256836,-3.3208656311035156,-2.4945828914642334,16.613277435302734,-15.669717788696289,-1.754465103149414,-11.597740173339844,-6.165160179138184,5.631845474243164,-2.532362222671509
324,544,4,4,1,-8.631608009338379,-0.698815643787384,-7.3128814697265625,-9.211578369140625,14.953788757324219,-2.1856815814971924,-2.407320737838745,1.0297651290893555,-3.7674713134765625,0.39767274260520935
325,412,5,5,1,-9.987686157226562,-5.657869815826416,-14.168611526489258,8.083541870117188,-5.6479010581970215,12.421541213989258,-15.227575302124023,-7.994149208068848,0.6633090376853943,5.823088645935059
326,7668,6,6,1,-0.27279776334762573,-2.056370735168457,0.5516664385795593,-6.872349739074707,-0.05688692629337311,-1.1762051582336426,12.540864944458008,-6.234257698059082,-1.2694569826126099,-7.240328311920166
327,6724,7,7,1,-5.47391939163208,-2.3805606365203857,-3.7303380966186523,-2.4806745052337646,-0.5800179839134216,-3.956705093383789,-16.566410064697266,8.599021911621094,-1.6622357368469238,3.1603002548217773
328,3206,8,8,1,-6.699272632598877,-5.5479044914245605,-3.4866063594818115,3.8531978130340576,-4.626469135284424,-0.8276772499084473,-5.180671691894531,-9.384661674499512,10.531978607177734,-2.844961643218994
329,3888,9,9,1,-2.4228272438049316,-7.3296122550964355,-5.733674049377441,-3.400574207305908,2.7140743732452393,-3.0663039684295654,-6.388192176818848,0.5512153506278992,-3.3196256160736084,12.167405128479004
330,6971,0,0,1,10.822306632995605,-7.9940690994262695,3.596534490585327,-4.678145885467529,-4.514102935791016,-4.288112640380859,-0.8305801153182983,-2.1389122009277344,-2.6330108642578125,-2.4637508392333984
331,1707,1,1,1,-8.199143409729004,12.906257629394531,-2.1933717727661133,-4.993983745574951,3.5756654739379883,-4.220882415771484,-2.573668956756592,0.3256950080394745,-2.1395905017852783,-0.5495587587356567
332,6989,2,2,1,-7.982453346252441,-0.3522956371307373,15.366130828857422,-0.4584882855415344,-1.3231889009475708,-9.157929420471191,-3.860013723373413,-4.047461986541748,1.3743640184402466,-10.920576095581055
333,9283,3,3,1,-12.072944641113281,0.19662931561470032,-1.162538766860962,14.709531784057617,-14.447299003601074,-1.9801439046859741,-11.366565704345703,-2.5183658599853516,0.9195482134819031,-2.99330472946167
334,881,4,4,1,-10.651000022888184,-1.7366843223571777,-9.252806663513184,-6.688380241394043,16.243745803833008,-3.3640828132629395,-8.984968185424805,-1.538635492324829,-4.536604881286621,7.454779624938965
335,2346,5,5,1,-7.446832656860352,-5.393052101135254,-14.662446022033691,-0.5335026383399963,-12.119726181030273,20.78792381286621,-0.41827112436294556,-9.949681282043457,-0.5276602506637573,2.9643423557281494
336,1744,6,6,1,-0.21845658123493195,-4.3660359382629395,-1.8889989852905273,-6.908501625061035,-3.735063076019287,0.11709069460630417,13.565092086791992,-8.325563430786133,1.5821151733398438,-5.277561187744141
337,1126,7,7,1,-2.9419631958007812,-3.304558038711548,1.3560863733291626,-1.9300645589828491,-5.863804817199707,-4.091963291168213,-10.498878479003906,8.804469108581543,0.6394751071929932,2.0558876991271973
338,4429,8,8,1,-7.114584922790527,-8.341764450073242,-4.702258586883545,1.0222152471542358,-13.011404991149902,3.831261396408081,-2.8388354778289795,-8.061171531677246,12.15462589263916,-0.32170018553733826
339,5144,9,9,1,-9.041193008422852,-5.112468719482422,-8.95941162109375,-3.727076292037964,6.452193737030029,-2.6003215312957764,-13.015357971191406,0.3024173378944397,-1.5988985300064087,12.503849983215332
340,6131,0,0,1,16.21882438659668,-9.493613243103027,-0.4873904585838318,-7.167989730834961,-1.9915951490402222,-6.155215263366699,1.1592035293579102,-5.233180522918701,-5.726849555969238,2.569020986557007
341,7812,1,1,1,-1.4264798164367676,6.823070526123047,-3.8285388946533203,-5.61151123046875,-2.0396652221679688,-6.781464576721191,-7.161197662353516,0.8834166526794434,-0.5555272102355957,0.08936939388513565
342,7492,2,2,1,-1.1733813285827637,-3.0664703845977783,10.167096138000488,1.4370317459106445,-6.908701419830322,-5.704057216644287,-9.746872901916504,6.384367942810059,-1.1823102235794067,-2.5114808082580566
343,8489,3,3,1,-12.92612075805664,-3.373792886734009,-1.8141655921936035,15.659339904785156,-9.390881538391113,-0.5962421298027039,-12.89851188659668,-3.5627386569976807,0.5186286568641663,-3.050891637802124
344,7066,4,4,1,-10.193800926208496,1.2135825157165527,-2.334203004837036,-13.47631549835205,22.433013916015625,-10.007201194763184,-3.4427785873413086,0.6443006992340088,-5.589224338531494,-2.6908743381500244
345,5488,5,5,1,-8.824609756469727,-1.8324859142303467,-11.600589752197266,4.995694637298584,-12.819533348083496,18.648916244506836,-3.2742199897766113,-8.809938430786133,1.4497647285461426,2.876340627670288
346,732,6,6,1,1.5094681978225708,-4.503910541534424,-3.8878157138824463,-5.881841659545898,-2.082547187805176,-1.2146552801132202,14.109342575073242,-6.124867916107178,0.6161180734634399,-0.7642841935157776
347,2059,7,7,1,-4.416893005371094,2.7532029151916504,0.483354389667511,-0.9279907941818237,-3.5255086421966553,-5.484668254852295,-11.644579887390137,8.224287986755371,-2.496216058731079,0.4241422116756439
348,5236,8,8,1,-10.60395336151123,-4.9121880531311035,-4.211710453033447,-2.2701480388641357,-1.6573755741119385,-0.27803805470466614,-3.964207649230957,-9.104696273803711,13.785125732421875,-6.925784111022949
349,6000,9,9,1,-10.553827285766602,-6.86410665512085,-8.10815715789795,-0.572144627571106,2.3222873210906982,0.42288389801979065,-16.54404640197754,1.0917264223098755,-2.886155366897583,13.66683578491211
350,5865,0,0,1,12.154189109802246,-9.813885688781738,-2.6210341453552246,-5.072096824645996,-5.3271284103393555,-3.188199996948242,-2.425079107284546,-4.794907093048096,-2.825455904006958,2.510244607925415
351,5227,1,1,1,-1.2191177606582642,12.159738540649414,-3.2074570655822754,-8.94601821899414,-1.3322618007659912,-4.469056129455566,-1.6142491102218628,-1.6877683401107788,-0.9136391282081604,-2.0577425956726074
352,2940,2,2,1,-4.844030857086182,5.626504898071289,11.705157279968262,-0.7627703547477722,-5.946957588195801,-7.589031219482422,-4.072186470031738,0.8243177533149719,-2.018239736557007,-9.481191635131836
353,2731,3,3,1,-12.728860855102539,-5.05452823638916,-4.053689956665039,12.95462703704834,-6.774946212768555,1.4118067026138306,-14.444058418273926,-3.427478075027466,-1.974426507949829,-0.6601504683494568
354,19,4,4,1,-7.427964210510254,-0.023110968992114067,-2.2124385833740234,-6.083878040313721,13.253067016601562,-4.998696804046631,-1.9070322513580322,0.734796941280365,-5.213805198669434,0.3496764600276947
355,5618,5,5,1,-11.205598831176758,-1.7075492143630981,-8.252693176269531,2.994499683380127,-15.211402893066406,17.1678409576416,-0.8713340163230896,-9.093908309936523,3.0457937717437744,-2.825289011001587
356,6675,6,6,1,1.6860157251358032,-6.650684833526611,-2.428422212600708,-6.585085868835449,-4.311986446380615,1.9171128273010254,13.192688941955566,-9.322521209716797,1.7743641138076782,-3.7189064025878906
357,8891,7,7,1,-5.464418888092041,-0.7630477547645569,0.8470081090927124,-0.034295447170734406,-9.51145076751709,-6.702917098999023,-19.078245162963867,13.850634574890137,-3.5275838375091553,0.9862909317016602
358,2423,8,8,1,-8.893940925598145,-8.704755783081055,-2.872694730758667,2.466202974319458,-9.939600944519043,-2.4290685653686523,-9.277356147766113,-4.734930038452148,12.816978454589844,0.676439106464386
359,1745,9,9,1,-7.482245445251465,-7.272710800170898,-7.843440055847168,-2.6390390396118164,4.385468482971191,-4.452457427978516,-14.63305950164795,1.5417629480361938,-3.0936012268066406,14.045110702514648
360,3734,0,0,1,13.611001968383789,-6.847565174102783,-0.1497858762741089,-4.362039566040039,-7.6559038162231445,-1.3736077547073364,-1.4560208320617676,-2.0471816062927246,-5.771775245666504,2.1701252460479736
361,3380,1,1,1,-2.10880708694458,9.53311824798584,-2.61479115486145,-5.828688621520996,-1.303874135017395,-3.342998743057251,-2.540408134460449,-0.47801637649536133,-0.7050962448120117,-1.280600666999817
362,7678,2,2,1,-2.0084338188171387,-2.2365293502807617,21.81831932067871,0.663094162940979,-3.8619983196258545,-16.228111267089844,-7.267993450164795,-2.271469831466675,0.7023938894271851,-8.426911354064941
363,2364,3,3,1,-13.912225723266602,-2.1581597328186035,-4.310802936553955,18.105878829956055,-13.539663314819336,2.6261377334594727,-13.288731575012207,-5.5608673095703125,1.2942651510238647,-2.6166844367980957
364,968,4,4,1,-9.41766357421875,-0.7135426998138428,-5.53668212890625,-8.654071807861328,16.326059341430664,-5.683584213256836,-3.859153985977173,-1.3565340042114258,-5.396085262298584,4.073770523071289
365,791,5,5,1,-8.861928939819336,-4.319803714752197,-7.812346458435059,-3.5020580291748047,-3.2296836376190186,10.385418891906738,-4.9516167640686035,-2.6169416904449463,1.936034083366394,6.132864952087402
366,5681,6,6,1,-4.375685691833496,-2.6921682357788086,-3.1410670280456543,-5.496814727783203,-5.364692211151123,2.0941972732543945,13.89024543762207,-9.05147933959961,2.2099218368530273,-7.622055530548096
367,1164,7,7,1,-6.7122416496276855,-7.5780205726623535,-8.189641952514648,-4.451540470123291,-3.3002681732177734,1.9271210432052612,-15.980462074279785,10.280081748962402,-2.0367441177368164,6.266872882843018
368,9900,8,8,1,-7.521465301513672,-4.71462345123291,-8.694053649902344,-1.8651052713394165,-7.170116901397705,4.3250017166137695,0.7253239154815674,-10.543517112731934,12.516067504882812,-2.3501851558685303
369,2088,9,9,1,-8.72653579711914,-7.03196382522583,-7.680312633514404,-1.2708792686462402,1.409899353981018,-0.0034233108162879944,-15.706255912780762,1.2695215940475464,-1.2625635862350464,15.630616188049316
370,8629,0,0,1,13.81766414642334,-7.7239813804626465,0.29278382658958435,-6.192121982574463,-2.382345199584961,-5.260747909545898,-0.11836463958024979,-5.683173179626465,-4.651843547821045,1.9600261449813843
371,3601,1,1,1,-7.199680328369141,7.962331771850586,-3.760627269744873,-6.615724563598633,2.085578441619873,-1.438535451889038,4.645231246948242,-4.447476387023926,0.06946087628602982,-3.2986855506896973
372,6330,2,2,1,-4.634177207946777,-2.0639166831970215,19.267898559570312,0.3220885396003723,-6.04394006729126,-9.699294090270996,-8.407978057861328,3.29525089263916,-4.13076639175415,-12.798702239990234
373,3078,3,3,1,-6.401264190673828,1.5645774602890015,-0.17482902109622955,7.567203044891357,-5.628768444061279,-1.459946632385254,-3.542933225631714,-1.6213823556900024,-0.12956948578357697,-3.4177541732788086
374,7085,4,4,1,-11.233964920043945,-3.5746889114379883,-3.661003589630127,-7.980447769165039,16.426774978637695,-5.159828186035156,-8.64973258972168,0.22237789630889893,-4.5544633865356445,2.0652661323547363
375,152,5,5,1,-3.0751874446868896,-5.667746067047119,-9.113574028015137,-3.220935821533203,-6.642028331756592,12.043964385986328,-1.9769409894943237,-6.127078533172607,1.1297060251235962,3.356323003768921
376,2039,6,6,1,1.2256252765655518,-3.75785493850708,-2.1148934364318848,-4.313896179199219,-4.889274597167969,-0.975302517414093,11.732795715332031,-5.961609840393066,2.7711994647979736,-1.64827561378479
377,859,7,7,1,-3.626119375228882,2.905331611633301,-1.1785941123962402,-3.457080125808716,-1.5964244604110718,-6.293799877166748,-12.106144905090332,9.494535446166992,-3.1892595291137695,2.8952252864837646
378,805,8,8,1,-7.597935199737549,-7.326030254364014,-6.077332019805908,-0.7953572869300842,-12.123880386352539,0.30856600403785706,-7.540853500366211,-8.257268905639648,15.951290130615234,-2.1871392726898193
379,3006,9,9,1,-5.301074981689453,-5.104701519012451,-7.3068647384643555,-1.7296324968338013,3.138618230819702,-3.1162538528442383,-11.836468696594238,0.9527304172515869,-4.3410186767578125,13.507609367370605
380,7810,0,0,1,13.317508697509766,-11.221613883972168,-0.023555796593427658,-7.3565287590026855,-0.8242189884185791,-5.4022746086120605,3.0480692386627197,-5.8789215087890625,-3.6735148429870605,-0.07994657754898071
381,3651,1,1,1,-6.513453960418701,12.983424186706543,-2.711156129837036,-5.497582912445068,0.9868389368057251,-4.8154168128967285,-2.8416707515716553,-0.5675494074821472,-1.022660493850708,-1.0601286888122559
382,3267,2,2,1,-9.321233749389648,4.896204948425293,15.30366039276123,5.173520088195801,-11.3528413772583,-10.193323135375977,-11.946828842163086,5.20867919921875,-1.6267364025115967,-10.074235916137695
383,4907,3,3,1,-4.735157012939453,-3.2009663581848145,-0.7178019285202026,9.127671241760254,-10.558338165283203,0.43479007482528687,-13.403225898742676,0.09850479662418365,-1.924675703048706,2.432210683822632
384,3621,4,4,1,-11.739036560058594,-2.384572744369507,-6.291975975036621,-7.451826095581055,18.908397674560547,-4.775849342346191,-6.438945293426514,0.18006667494773865,-7.003926753997803,6.380573272705078
385,1521,5,5,1,-9.189530372619629,-3.382702112197876,-11.35184097290039,-1.2319380044937134,-11.710290908813477,17.939369201660156,-0.1661531925201416,-8.60428524017334,3.4622557163238525,3.540872573852539
386,8083,6,6,1,-1.3263829946517944,-2.2546281814575195,-4.086048126220703,-7.675110816955566,-3.9897680282592773,3.02354097366333,15.129066467285156,-9.736649513244629,0.712317705154419,-4.696198463439941
387,1975,7,7,1,-5.239312171936035,-0.8016217947006226,-1.9043736457824707,-0.5762739777565002,-3.1437809467315674,-5.1469879150390625,-13.214688301086426,9.304956436157227,-0.8812215924263,1.0427218675613403
388,4978,8,8,1,-11.520537376403809,-3.8227226734161377,-4.898074150085449,2.1805362701416016,-3.283935546875,-5.387083053588867,-17.231857299804688,2.3203415870666504,5.811840534210205,2.943326473236084
389,7061,9,9,1,-4.761524677276611,-3.321197748184204,-6.779972553253174,-2.4523415565490723,1.6642768383026123,-2.635732650756836,-11.444842338562012,2.005021810531616,-3.35933780670166,9.891236305236816
390,2376,0,0,1,10.581154823303223,-8.561298370361328,-2.285637140274048,-6.7915120124816895,-8.235148429870605,0.44697028398513794,2.0536293983459473,-5.696503639221191,0.08393724262714386,-5.212254047393799
391,2950,1,1,1,-4.355903148651123,12.53450870513916,-1.7380269765853882,-6.692243576049805,-2.0103402137756348,-4.297488212585449,-0.7388922572135925,-1.697877049446106,-0.4767356812953949,-2.7276859283447266
392,9123,2,2,1,-8.307303428649902,0.6578819751739502,16.502670288085938,6.543734073638916,-13.38338851928711,-9.658513069152832,-9.829030990600586,0.6290116906166077,0.04690811038017273,-8.657572746276855
393,912,3,3,1,-15.6732759475708,-2.3563122749328613,-7.849308013916016,20.98043441772461,-16.213991165161133,4.1634840965271,-14.061357498168945,-8.84841251373291,2.739696502685547,1.12322998046875
394,1816,4,4,1,-8.052118301391602,-2.970383405685425,-5.540806293487549,-8.543108940124512,13.796566009521484,-3.6642961502075195,-4.878762245178223,-1.4007611274719238,-1.8182064294815063,4.017922401428223
395,2768,5,5,1,-11.122990608215332,-3.174370050430298,-14.805712699890137,3.8082985877990723,-14.112116813659668,22.047025680541992,-8.24972915649414,-10.583950996398926,5.232628345489502,4.54935359954834
396,4488,6,6,1,-5.013664722442627,-3.025691509246826,-4.561849117279053,-3.1089413166046143,-10.772860527038574,6.19287633895874,11.604048728942871,-7.2262115478515625,1.8596978187561035,-4.943288803100586
397,9262,7,7,1,-3.0154170989990234,-2.9600911140441895,-2.185102701187134,-2.3831496238708496,-6.254776954650879,-2.1043310165405273,-14.292472839355469,11.261950492858887,-0.7141562700271606,2.4993302822113037
398,1675,8,8,1,-10.477860450744629,-3.0404508113861084,-1.772013783454895,1.5112583637237549,-7.744272708892822,-2.815716028213501,-5.209378242492676,-6.896507740020752,14.962770462036133,-7.298155784606934
399,5707,9,9,1,-8.058045387268066,-6.969658851623535,-6.23416805267334,-1.5680598020553589,-0.2887509763240814,-3.3094356060028076,-12.470891952514648,0.9133160710334778,-0.2149193286895752,14.633056640625
400,7385,0,0,1,12.143414497375488,-8.191618919372559,-1.4326401948928833,-6.024464130401611,-3.684748888015747,-5.554304599761963,0.7824239730834961,-4.746365070343018,-1.624354362487793,0.4479566514492035
401,964,1,1,1,-1.6732991933822632,9.148350715637207,-0.9465891122817993,-4.5915608406066895,0.9357802271842957,-4.451141834259033,-3.0922844409942627,1.0922900438308716,-2.3242027759552,-1.1269416809082031
402,7604,2,2,1,-5.096738338470459,1.899835228919983,13.347216606140137,2.769704818725586,-10.834741592407227,-8.07460880279541,-10.418216705322266,2.7701029777526855,-0.9825080633163452,-7.078548431396484
403,5356,3,3,1,-18.817472457885742,-4.06197452545166,-4.334118366241455,21.7425594329834,-17.09060287475586,-2.6008172035217285,-17.767610549926758,-7.785803318023682,6.171712875366211,-0.8415775895118713
404,6396,4,4,1,-9.023104667663574,-1.2499918937683105,-2.398477554321289,-10.06717300415039,18.240446090698242,-10.024620056152344,-4.008693695068359,1.187028408050537,-3.6735711097717285,-1.3792834281921387
405,9870,5,5,1,-4.779251575469971,1.0706841945648193,-11.300102233886719,-2.9482104778289795,-14.981468200683594,15.547327041625977,3.8834304809570312,-9.615010261535645,4.320343971252441,0.6712589859962463
406,6399,6,6,1,1.4486521482467651,-2.831904649734497,-1.4506096839904785,-5.4078497886657715,1.569126844406128,-2.5492801666259766,13.845166206359863,-6.593955993652344,-0.7656728029251099,-0.9731932878494263
407,9077,7,7,1,-7.44244909286499,0.3628261089324951,0.9941677451133728,-2.7260513305664062,-3.8625662326812744,-6.3173441886901855,-17.266921997070312,14.417896270751953,-3.144230842590332,0.8247140049934387
408,9321,8,8,1,-7.691345691680908,-8.627647399902344,-2.391261339187622,4.8009562492370605,-11.488765716552734,-1.3170264959335327,-4.501537322998047,-7.716040134429932,12.240541458129883,-4.2748613357543945
409,7071,9,9,1,-6.842718124389648,-7.8142266273498535,-7.664710998535156,-3.364560127258301,4.507205009460449,-2.4568328857421875,-12.596254348754883,0.3297051191329956,-4.235537528991699,12.474923133850098
410,1610,0,0,1,14.688178062438965,-9.847082138061523,-0.6954624652862549,-4.250941276550293,-7.525163173675537,-1.6806824207305908,-2.3012843132019043,-3.650221824645996,-5.086273193359375,-1.6828999519348145
411,2786,1,1,1,-3.8113226890563965,8.925104141235352,-2.4867403507232666,-4.195104122161865,-0.5010581016540527,-2.048755168914795,-1.789920449256897,-0.5141346454620361,-1.2010509967803955,-1.2205809354782104
412,3696,2,2,1,-2.4606854915618896,2.7193896770477295,13.611087799072266,1.716450572013855,-10.560614585876465,-10.88347053527832,-9.802669525146484,2.8197293281555176,-0.06600107252597809,-8.261770248413086
413,3094,3,3,1,-8.204977989196777,-0.7936233878135681,-1.5717365741729736,12.4775972366333,-8.673909187316895,-2.3647990226745605,-6.422086715698242,-5.207587242126465,0.16803185641765594,-1.9271794557571411
414,2998,4,4,1,-10.69615650177002,-5.20855188369751,-3.714202642440796,-6.706493854522705,12.284879684448242,-2.3383853435516357,-10.4051513671875,-1.9110561609268188,-1.4442429542541504,6.521206855773926
415,1737,5,3,0,-7.390844345092773,2.472169876098633,-1.1954822540283203,5.392561912536621,-7.453127861022949,3.4352941513061523,-0.02291746437549591,-5.049744606018066,1.028159260749817,-7.761747360229492
416,9555,6,6,1,-0.2602282166481018,-3.3617937564849854,-3.9551823139190674,-7.681002140045166,-1.7456610202789307,0.7419261336326599,14.659281730651855,-8.083395004272461,0.516041100025177,-1.384171962738037
417,8805,7,7,1,-4.527403354644775,0.4162604510784149,0.540784478187561,-0.5521897077560425,-7.109028339385986,-6.792365550994873,-16.972454071044922,10.86434555053711,-3.2123806476593018,3.060837745666504
418,8183,8,8,1,-5.5544633865356445,-7.0730085372924805,-5.314671039581299,0.5346377491950989,-5.409361839294434,5.1915059089660645,2.1613829135894775,-11.640316009521484,7.358798503875732,-2.1815850734710693
419,4093,9,9,1,-0.08403526246547699,-6.994603633880615,-4.929927349090576,-0.8026647567749023,3.7752888202667236,-4.010793685913086,-4.681024551391602,-2.060291051864624,-4.883346080780029,9.923147201538086
420,7723,0,0,1,15.32402229309082,-7.878849029541016,1.4287443161010742,-5.396567344665527,-2.9502737522125244,-4.757563591003418,-0.6383984088897705,-5.727622032165527,-6.226048946380615,0.17220056056976318
421,8305,1,1,1,-4.385896682739258,11.592697143554688,-1.7361952066421509,-7.381059169769287,0.7648530602455139,-5.1995134353637695,-3.0912532806396484,-0.4429570734500885,-0.543367326259613,-1.949794888496399
422,6412,2,2,1,-0.07299575209617615,-3.2240707874298096,21.609331130981445,-0.0449865460395813,-10.476812362670898,-10.401786804199219,-4.251091957092285,0.9603496193885803,-4.330718994140625,-12.988679885864258
423,6213,3,3,1,-13.438138961791992,-1.5868682861328125,-8.124140739440918,19.102705001831055,-14.650718688964844,4.250443458557129,-8.94354248046875,-9.394830703735352,1.5876775979995728,-0.37882760167121887
424,8107,4,4,1,-3.0500223636627197,-3.1844260692596436,-4.407414436340332,-3.840747594833374,12.156774520874023,-3.3334829807281494,1.4617427587509155,-4.1376423835754395,-5.086723804473877,1.523490309715271
425,2413,5,5,1,-4.162632465362549,-3.1372740268707275,-7.125548362731934,2.0040390491485596,-10.073542594909668,13.179479598999023,-4.345118999481201,-4.652081489562988,0.5206425189971924,4.746510982513428
426,8336,6,6,1,1.7518545389175415,-1.3554511070251465,-0.9447969198226929,-5.481241226196289,4.300799369812012,-2.6826276779174805,11.911114692687988,-5.120206356048584,-4.426502227783203,0.48898911476135254
427,8064,7,7,1,-7.740015029907227,0.9771366119384766,-4.439743995666504,1.4235501289367676,-10.184381484985352,-6.3377861976623535,-20.28765106201172,9.17107105255127,-1.3770302534103394,2.9894323348999023
428,9807,8,8,1,-7.4956865310668945,-8.732083320617676,-3.4358363151550293,0.8141312599182129,-13.767822265625,0.4068818986415863,-2.553121328353882,-10.398348808288574,16.163782119750977,-4.232077598571777
429,9423,9,9,1,-11.24999713897705,-7.078021049499512,-8.48665714263916,-2.8848583698272705,6.60107421875,-1.3629792928695679,-13.989582061767578,-0.17973648011684418,-2.3355870246887207,13.4471435546875
430,2479,0,0,1,9.475398063659668,-3.5065419673919678,1.6301043033599854,-2.9430429935455322,-2.167559862136841,-5.460058689117432,-2.0785834789276123,-0.6764175891876221,-4.676558017730713,4.3593878746032715
431,735,1,1,1,-5.7036309242248535,11.835260391235352,-2.094305992126465,-4.4862565994262695,-0.47387757897377014,-2.0372397899627686,-0.5885967016220093,-1.6520509719848633,-1.2271754741668701,-2.207559108734131
432,1644,2,2,1,-2.668672800064087,4.768423557281494,12.307076454162598,0.7449837327003479,-8.155673027038574,-9.426734924316406,-7.671000003814697,3.1197926998138428,-2.1236259937286377,-7.0699920654296875
433,8167,3,3,1,-17.066471099853516,-3.859727382659912,-6.703375339508057,24.34352684020996,-19.865976333618164,-1.7110645771026611,-16.358572006225586,-4.614809989929199,-1.3187134265899658,0.48531508445739746
434,1427,4,4,1,-5.285558223724365,-2.3453619480133057,-3.535817861557007,-7.377444744110107,8.551155090332031,-0.9775620698928833,-1.290202260017395,-2.973647356033325,2.5531675815582275,3.5905959606170654
435,1089,5,5,1,-4.180111408233643,-6.001522064208984,-10.48434066772461,3.23122239112854,-4.854989051818848,13.624459266662598,-2.4087398052215576,-8.005634307861328,-1.297450304031372,3.2852063179016113
436,3690,6,6,1,-0.2565598487854004,-4.057328224182129,-3.2097299098968506,-4.257020473480225,-4.766076564788818,3.8018927574157715,10.45692253112793,-8.033904075622559,-1.0779154300689697,-6.260338306427002
437,9009,7,2,0,-7.139969825744629,1.9321033954620361,14.75619125366211,0.7197661995887756,-6.442256927490234,-8.435576438903809,-12.236651420593262,8.715113639831543,-3.8428163528442383,-9.745162010192871
438,1687,8,8,1,-5.9101033210754395,-0.7012736797332764,-5.776770114898682,-3.259086847305298,-8.458422660827637,-2.3757262229919434,-4.638883113861084,-4.793346881866455,10.570269584655762,0.5919128656387329
439,788,9,9,1,-6.012666702270508,-7.350772857666016,-6.656180381774902,-1.4994397163391113,1.6911851167678833,-3.3851664066314697,-12.390390396118164,0.5448954105377197,-2.3218319416046143,13.330057144165039
440,3090,0,0,1,11.366164207458496,-8.235212326049805,-1.7967100143432617,-5.362893581390381,-2.4844095706939697,-4.29939079284668,-2.0124411582946777,-2.110358715057373,-4.014244556427002,2.697427749633789
441,6101,1,1,1,-6.0898213386535645,8.956031799316406,-6.36696720123291,-5.687319278717041,-5.168062686920166,1.1993205547332764,1.1633304357528687,-6.288239002227783,3.761849880218506,-5.265538215637207
442,4521,2,2,1,-3.3688652515411377,2.2256317138671875,10.78677749633789,2.265505075454712,-6.672138214111328,-6.52169942855835,-10.156691551208496,7.378698825836182,-5.714859962463379,-3.6447153091430664
443,9229,3,3,1,-14.160348892211914,-2.7670645713806152,-2.4416303634643555,16.429386138916016,-12.100174903869629,-4.296511173248291,-14.351248741149902,-2.7659687995910645,-0.6015124320983887,2.0764245986938477
444,1024,4,4,1,-10.241497993469238,-0.23277488350868225,-4.262420177459717,-8.32463264465332,14.326135635375977,-7.602604866027832,-7.7625908851623535,1.4706727266311646,-2.2894277572631836,-2.5200963020324707
445,8676,5,5,1,-10.468016624450684,-5.452784538269043,-14.168989181518555,3.666926145553589,-9.550443649291992,19.708526611328125,-4.317227840423584,-12.136216163635254,1.701934814453125,3.15179705619812
446,8804,6,6,1,1.1131566762924194,-3.9249420166015625,-1.8263704776763916,-6.383912563323975,1.845130205154419,-0.8645227551460266,13.766227722167969,-9.098716735839844,-1.0974764823913574,-3.814619541168213
447,9340,7,7,1,-6.087227821350098,2.0715110301971436,0.4932217597961426,-0.9798714518547058,-5.607182502746582,-6.901808261871338,-16.738773345947266,12.09188175201416,-3.349339723587036,0.5887133479118347
448,4434,8,8,1,-11.528898239135742,-1.165954828262329,-1.2704416513442993,4.887052536010742,-10.360901832580566,-2.3736658096313477,-7.9682111740112305,-3.892578125,11.761106491088867,-4.0446014404296875
449,3501,9,9,1,-7.336025238037109,-5.091433048248291,-5.56327486038208,-0.11061999201774597,1.7890472412109375,-2.6376473903656006,-12.787176132202148,1.2184640169143677,-2.6567282676696777,13.246444702148438
450,9134,0,0,1,10.380247116088867,-10.643733024597168,-2.9142255783081055,-4.58335542678833,-4.466715335845947,0.3578675091266632,1.2388153076171875,-5.073297500610352,-4.342379570007324,5.008489608764648
451,7183,1,1,1,-2.4358086585998535,9.969002723693848,-1.0214234590530396,-5.0974016189575195,-1.091727375984192,-3.362273931503296,-0.8330091238021851,-1.0221675634384155,-0.9409971833229065,-2.7904300689697266
452,9847,2,2,1,-3.6357338428497314,3.9497783184051514,11.726946830749512,2.540355920791626,-12.169473648071289,-4.336184501647949,-8.279642105102539,6.022318363189697,-2.942983865737915,-4.759621620178223
453,7993,3,3,1,-12.915733337402344,-4.043467044830322,-6.863208293914795,20.488187789916992,-16.493785858154297,3.7751147747039795,-15.438857078552246,-6.997303485870361,0.13556556403636932,-3.7367048263549805
454,1300,4,4,1,-0.35460519790649414,-0.4185835123062134,-3.089496612548828,-5.008194446563721,11.72279167175293,-5.47432279586792,3.2449941635131836,-1.1434550285339355,-5.527285099029541,1.733533263206482
455,5807,5,5,1,-5.975690841674805,-3.214543342590332,-9.327977180480957,-0.342343270778656,-11.306604385375977,16.80638313293457,-4.886202335357666,-5.7764892578125,1.954009771347046,7.662325859069824
456,8040,6,6,1,-2.007658004760742,-3.2764792442321777,-4.119901657104492,-5.88420295715332,-4.66302490234375,2.22875714302063,14.556144714355469,-7.785362243652344,0.31817391514778137,-4.498504638671875
457,5988,7,7,1,-7.445522308349609,1.6096076965332031,2.8495419025421143,-0.5983500480651855,-4.434281349182129,-2.69305682182312,-14.468364715576172,9.288515090942383,-3.833555221557617,2.8622629642486572
458,1877,8,8,1,-3.6391565799713135,-4.217064380645752,-6.972127437591553,-1.6654300689697266,-7.976195335388184,1.8177815675735474,-1.14897882938385,-7.001835823059082,10.2470121383667,-0.5165136456489563
459,7288,9,9,1,-8.748239517211914,-6.384993553161621,-9.013453483581543,-1.6188242435455322,4.578759670257568,-4.156831741333008,-15.177095413208008,-1.5934412479400635,-1.7976415157318115,15.657683372497559
460,8978,0,0,1,13.464902877807617,-9.81786823272705,-1.8690624237060547,-6.468983173370361,-0.9483580589294434,-5.454741954803467,1.0961018800735474,-5.024728298187256,-4.507476329803467,5.526897430419922
461,5091,1,1,1,-1.7652631998062134,10.83177375793457,-2.5968775749206543,-8.49392318725586,2.661219835281372,-7.2718586921691895,-3.0614421367645264,-1.5488927364349365,-1.3727011680603027,-2.338796854019165
462,4504,2,2,1,-2.1006691455841064,0.17103825509548187,9.05364990234375,0.9811818599700928,-1.6221065521240234,-4.861365795135498,-6.470975399017334,5.4013285636901855,-4.661394119262695,-4.193353652954102
463,7932,3,3,1,-17.486425399780273,-0.698388397693634,-4.415200710296631,19.171937942504883,-11.019664764404297,-0.4812161922454834,-14.585320472717285,-5.372321605682373,3.9034554958343506,-3.825310707092285
464,722,4,4,1,-6.736211776733398,0.08953797817230225,-4.558605194091797,-7.772016525268555,17.81694221496582,-5.413820266723633,-0.5416068434715271,0.37234947085380554,-7.928417205810547,3.633197546005249
465,8601,5,5,1,-3.7532927989959717,-6.449786186218262,-11.105522155761719,1.4070053100585938,-7.853271484375,15.709332466125488,-7.327607154846191,-6.957391262054443,-0.42796820402145386,5.4236369132995605
466,8018,6,6,1,0.07222948223352432,-3.658128499984741,-2.7910425662994385,-7.805311679840088,1.4401825666427612,0.7622280716896057,14.360880851745605,-8.0123929977417,-2.16011118888855,-1.5716649293899536
467,3103,7,7,1,-6.187371253967285,1.2473384141921997,-0.46508273482322693,-0.842678964138031,-2.8243942260742188,-3.294656991958618,-12.775117874145508,8.178197860717773,-1.9160631895065308,1.1933872699737549
468,3205,8,8,1,-5.163640022277832,-5.621440410614014,-1.4641706943511963,1.9582931995391846,-8.462050437927246,-0.12926357984542847,-1.6161587238311768,-8.964731216430664,11.050313949584961,-3.3178961277008057
469,4500,9,9,1,-5.468194961547852,4.5442938804626465,-1.3703970909118652,-3.709010601043701,-0.29505500197410583,-2.7837297916412354,-7.064234256744385,-1.4805819988250732,-0.02730269357562065,6.44272518157959
470,7838,0,0,1,8.643421173095703,-10.854772567749023,-3.4896481037139893,-7.492954730987549,-4.17316198348999,-4.146088123321533,1.9015642404556274,-3.7535624504089355,0.2684384286403656,3.9874727725982666
471,8244,1,1,1,-3.478086233139038,10.088415145874023,-0.5070724487304688,-6.8449177742004395,0.7942590117454529,-4.793231964111328,-1.4203779697418213,-1.0556427240371704,-0.3741752803325653,-3.1415340900421143
472,186,2,2,1,-5.332236289978027,3.870558738708496,16.27541160583496,3.2857964038848877,-12.786178588867188,-12.006237983703613,-12.298201560974121,5.389101982116699,-1.386086344718933,-11.51865005493164
473,5215,3,3,1,-17.90680694580078,1.782067894935608,-1.705647349357605,18.355287551879883,-15.045845031738281,-1.645358920097351,-14.267526626586914,-3.0807602405548096,1.366312026977539,-6.739186763763428
474,4221,4,4,1,-10.212879180908203,-3.0024173259735107,-2.8275306224823,-5.179386138916016,14.215452194213867,-3.963752508163452,-8.173322677612305,-2.964226722717285,-5.449893474578857,3.9343247413635254
475,2400,5,5,1,-4.525571346282959,-3.224360227584839,-5.127583026885986,1.5734937191009521,-8.64290714263916,10.869179725646973,-3.7273781299591064,-4.667363166809082,1.2775145769119263,1.4901843070983887
476,1593,6,6,1,-0.5918094515800476,0.38721656799316406,-0.4353380501270294,-4.688848972320557,-0.38899585604667664,0.3119747042655945,7.394499778747559,-4.285150527954102,-0.98919677734375,-4.055420875549316
477,3329,7,7,1,-11.095348358154297,1.8867003917694092,7.719221115112305,0.26857423782348633,-5.766098976135254,-12.623810768127441,-16.386306762695312,13.472264289855957,-2.313319206237793,-11.284222602844238
478,8300,8,8,1,-6.949305057525635,-10.999739646911621,-7.61173152923584,-1.731499195098877,-12.474943161010742,1.119594931602478,-4.572336196899414,-8.477934837341309,16.335214614868164,-2.7054975032806396
479,7347,9,9,1,-10.59681224822998,-9.670811653137207,-8.961830139160156,-1.208946704864502,3.754089832305908,-4.211008071899414,-16.47873878479004,0.4443874955177307,0.3742908835411072,16.612211227416992
480,2894,0,0,1,12.194059371948242,-13.330212593078613,-7.5161285400390625,-4.978693962097168,-7.688785552978516,4.024677753448486,6.668911457061768,-10.084545135498047,-2.4121103286743164,-5.591364860534668
481,4931,1,1,1,-3.625953435897827,11.447864532470703,-4.098349571228027,-6.589713096618652,-0.9420721530914307,-5.938973903656006,-4.778963565826416,0.809948742389679,-2.6917967796325684,0.36723092198371887
482,5785,2,2,1,-7.509028911590576,2.09732723236084,19.582164764404297,2.477908134460449,-8.279539108276367,-11.334941864013672,-9.775959014892578,2.8363664150238037,-3.6405067443847656,-12.331282615661621
483,6862,3,3,1,-11.879883766174316,-3.3369672298431396,-1.8899390697479248,15.90971851348877,-10.932927131652832,-0.5113925337791443,-13.544211387634277,-6.6445488929748535,0.5120949745178223,-0.47790586948394775
484,3288,4,4,1,-2.9157793521881104,-4.974123001098633,-2.461225748062134,-5.731557846069336,11.784158706665039,-3.0093579292297363,-0.5230564475059509,-6.017341613769531,-4.421156406402588,4.487458229064941
485,9831,5,5,1,-5.229863166809082,3.3915722370147705,-9.280159950256348,0.06039440631866455,-10.548925399780273,11.872885704040527,1.7077076435089111,-8.483597755432129,1.7838062047958374,0.6906951665878296
486,7042,6,6,1,-1.7229918241500854,-5.422025203704834,-0.45405006408691406,-7.114897727966309,-2.3695268630981445,-0.608374297618866,14.491806030273438,-11.079377174377441,3.5745396614074707,-6.388977527618408
487,3993,7,7,1,-4.420761585235596,-0.45325490832328796,1.2267988920211792,-0.4643944203853607,-8.330821990966797,-5.970986366271973,-17.89159393310547,12.225715637207031,-3.092803716659546,1.6631077527999878
488,4136,8,8,1,-8.94011116027832,-7.7594313621521,2.823606014251709,4.395260810852051,-9.927384376525879,-5.260098457336426,-7.857252597808838,-8.542854309082031,13.042205810546875,-6.710058689117432
489,4570,9,9,1,-7.017637252807617,-5.896646976470947,-7.177351474761963,-4.306137561798096,3.6526029109954834,-1.4666452407836914,-8.579763412475586,-0.42846551537513733,-0.7999733090400696,12.128886222839355
490,3412,0,0,1,9.424248695373535,-6.665919303894043,0.23387566208839417,-2.8086235523223877,-4.722455024719238,-5.664619445800781,-6.732575416564941,-0.6755076050758362,-2.174616575241089,4.656660079956055
491,8509,1,1,1,-4.3417558670043945,11.354806900024414,-2.1009018421173096,-6.506557464599609,-0.5566816329956055,-5.356402397155762,-1.3786048889160156,-1.384376883506775,0.3972487449645996,-3.8423008918762207
492,5167,2,2,1,-4.069505214691162,-0.2457597553730011,14.638708114624023,4.29448938369751,-7.630192756652832,-11.368547439575195,-9.349687576293945,-1.406082034111023,0.03406553715467453,-8.557026863098145
493,51,3,3,1,-10.599355697631836,-3.0766420364379883,-0.3217063844203949,15.890329360961914,-12.304984092712402,-1.3640432357788086,-11.480743408203125,-3.5660459995269775,0.7913488745689392,-4.29766845703125
494,2265,4,4,1,-9.188013076782227,-0.9234691262245178,-2.6228079795837402,-7.730672836303711,14.902637481689453,-4.135977268218994,-1.9051982164382935,0.9762464761734009,-6.852952003479004,1.9317792654037476
495,5020,5,5,1,-8.390464782714844,-0.6987633109092712,-12.408120155334473,-0.5117821097373962,-9.169779777526855,14.639902114868164,1.3335293531417847,-12.62711238861084,4.332962989807129,2.1515069007873535
496,2062,6,6,1,-0.3042466640472412,-4.767973899841309,-4.0295233726501465,-8.625061988830566,-3.919635772705078,0.09033995866775513,14.685997009277344,-9.60877513885498,2.7504618167877197,-6.961622714996338
497,3656,7,7,1,-11.689730644226074,-4.330049991607666,0.31287598609924316,3.9328951835632324,-2.713132619857788,-4.511010646820068,-15.734803199768066,10.021790504455566,-5.667966365814209,-1.7049869298934937
498,3246,8,8,1,-2.4937760829925537,-10.004786491394043,-4.900749683380127,2.569769859313965,-4.765232086181641,-3.1772804260253906,-6.65851354598999,-9.363578796386719,7.487673759460449,1.6509809494018555
499,6627,9,9,1,-5.0087690353393555,-2.3578941822052,-4.547952175140381,-1.811465859413147,2.320636749267578,0.05634550005197525,-6.748903274536133,-0.08320093899965286,-2.566577672958374,8.527694702148438
500,271,0,0,1,11.39038372039795,-7.648684978485107,-3.20394229888916,-3.717556953430176,-2.1955835819244385,-2.7475967407226562,-0.13666170835494995,-3.43806529045105,-6.487764358520508,3.5125184059143066
501,7582,1,1,1,-3.1804120540618896,11.057635307312012,-1.7603044509887695,-7.245419502258301,1.2220710515975952,-5.573564052581787,-3.8724093437194824,1.5861876010894775,-2.351365804672241,-0.77376389503479
502,3668,2,2,1,-4.102892875671387,-1.5387616157531738,17.550233840942383,2.1698241233825684,-3.7295544147491455,-11.362296104431152,-9.0006685256958,4.050060272216797,-5.002381324768066,-10.820399284362793
503,2229,3,3,1,-12.953454971313477,-0.12566164135932922,3.448782444000244,16.689809799194336,-14.988896369934082,-4.981706619262695,-12.196135520935059,-2.658590316772461,1.7027270793914795,-6.410862445831299
504,6687,4,4,1,-6.267621040344238,0.4630439877510071,-2.081425189971924,-6.699712753295898,11.476133346557617,-4.649646282196045,-3.6618969440460205,1.9983221292495728,-4.616992950439453,0.7020066976547241
505,7474,5,5,1,-7.73972225189209,-4.185111999511719,-9.122386932373047,1.8949018716812134,-12.218060493469238,15.140140533447266,-1.1541112661361694,-9.645586013793945,3.1101534366607666,-3.3431472778320312
506,4883,6,6,1,3.0686511993408203,-7.225375652313232,-4.7101945877075195,-7.582946300506592,-1.9359676837921143,2.335334062576294,12.967174530029297,-7.792752742767334,-2.6849582195281982,-4.0198655128479
507,4793,7,7,1,-7.031946182250977,-0.46390488743782043,-0.09197287261486053,-0.8105297088623047,-6.290157318115234,-1.7093883752822876,-14.043734550476074,10.729145050048828,-1.375363826751709,-2.525280475616455
508,8627,8,8,1,-9.433871269226074,-7.316886901855469,-2.7738595008850098,2.3489017486572266,-9.437249183654785,-3.029721736907959,-8.205230712890625,-7.023665904998779,14.358945846557617,-3.0865726470947266
509,1627,9,9,1,1.0680204629898071,-8.667608261108398,-0.875357985496521,-2.0463688373565674,1.6701730489730835,-3.9636881351470947,-5.463837623596191,-3.965479850769043,-1.256374716758728,12.026941299438477
510,1692,0,0,1,14.048375129699707,-4.393210411071777,3.0229649543762207,-4.129309177398682,-5.861921310424805,-4.738041400909424,1.1627177000045776,-3.6506264209747314,-6.539928913116455,2.4527955055236816
511,5614,1,1,1,-7.396361351013184,13.483551979064941,-3.353870391845703,-8.198515892028809,1.9005831480026245,-4.425503253936768,-2.871858596801758,-1.3397883176803589,0.10848334431648254,-1.9506956338882446
512,2726,2,2,1,0.08007311075925827,-2.4903218746185303,14.741580963134766,0.8705122470855713,-4.161018371582031,-8.185595512390137,-5.213058948516846,0.7340236902236938,-3.2746260166168213,-4.64747428894043
513,894,3,3,1,-6.332763195037842,-5.527095794677734,-0.37827444076538086,12.215529441833496,-8.420675277709961,-2.8945274353027344,-3.9004714488983154,-7.353312969207764,3.3061232566833496,-5.561352729797363
514,9861,4,4,1,-1.4588077068328857,0.053674835711717606,-0.7112089395523071,-6.905661582946777,14.821673393249512,-6.826610565185547,0.9266384840011597,-0.6835081577301025,-6.163294792175293,-0.23260726034641266
515,9331,5,5,1,-5.64395809173584,-2.926813840866089,-9.900282859802246,2.857633113861084,-10.576997756958008,13.805330276489258,-5.732617378234863,-7.684940814971924,1.5406872034072876,8.068921089172363
516,2866,6,6,1,-2.47263240814209,0.23486411571502686,-3.4482336044311523,-5.676853179931641,-2.084421396255493,1.2194219827651978,10.451306343078613,-5.438433647155762,-0.15912893414497375,-2.418789863586426
517,4938,7,7,1,-6.677013874053955,2.705150604248047,2.3392040729522705,0.28398993611335754,-5.882759094238281,-6.253444671630859,-15.49816608428955,10.3869047164917,-3.0050556659698486,1.1400120258331299
518,7552,8,8,1,-2.577721357345581,-8.876299858093262,-4.164507865905762,-1.3807966709136963,-1.427757978439331,-4.871899127960205,-9.201181411743164,-8.059270858764648,6.976583003997803,1.7240746021270752
519,7756,9,9,1,-7.3113226890563965,-7.71202278137207,-9.629251480102539,-0.5416591167449951,-2.1516733169555664,-4.847144603729248,-17.250185012817383,-0.959997832775116,2.3592379093170166,12.623912811279297
520,8895,0,0,1,12.953458786010742,-5.6621503829956055,0.21113812923431396,-5.874487400054932,-5.904842376708984,-6.510822772979736,-4.544546127319336,-1.5277771949768066,-1.4648542404174805,0.04005979746580124
521,5984,1,1,1,-8.95706558227539,12.985151290893555,-1.8822511434555054,-5.081952095031738,3.120192289352417,-5.590919017791748,-4.231524467468262,1.1997908353805542,-1.2691123485565186,-1.3207647800445557
522,8495,2,2,1,-6.992825984954834,4.33534049987793,16.514686584472656,1.507054328918457,-6.915458679199219,-12.912013053894043,-10.401834487915039,3.1928627490997314,-0.8994438648223877,-14.7023344039917
523,595,3,3,1,-14.014887809753418,-0.10634126514196396,-0.8684265613555908,14.188998222351074,-11.173480987548828,0.5842515230178833,-8.9866304397583,-4.904356956481934,0.8553044199943542,-8.983161926269531
524,9064,4,4,1,-8.147784233093262,2.3518733978271484,-5.042546272277832,-10.374810218811035,20.58620262145996,-7.63594388961792,0.739205002784729,1.4301215410232544,-9.30235481262207,1.0098159313201904
525,9109,5,5,1,-10.113475799560547,-1.6083842515945435,-16.355934143066406,3.497323989868164,-14.016162872314453,21.949092864990234,-2.352292537689209,-11.91259479522705,2.2680017948150635,3.1370084285736084
526,2000,6,6,1,-2.8764901161193848,-4.4605560302734375,0.011183012276887894,-3.465820074081421,-4.362136363983154,0.9381206035614014,9.580345153808594,-7.23485803604126,2.4954028129577637,-5.901056289672852
527,2407,7,7,1,-7.685815334320068,-0.13950197398662567,-0.6543155312538147,-0.5851501226425171,-3.854485511779785,-5.6935954093933105,-17.615028381347656,12.185831069946289,-4.30622673034668,1.8625084161758423
528,1568,8,8,1,-8.702173233032227,-5.904918193817139,-6.137271881103516,3.896991014480591,-12.050639152526855,2.959052562713623,-4.327742099761963,-10.22293758392334,13.546716690063477,-4.332630634307861
529,3387,9,9,1,-8.370512008666992,-3.410964012145996,-8.166158676147461,-1.0627508163452148,2.2339749336242676,-3.510640859603882,-14.643590927124023,0.31015878915786743,-1.9478574991226196,14.72829818725586
530,4361,0,0,1,13.341931343078613,-7.401360034942627,-1.0639435052871704,-4.64068603515625,-6.458111763000488,-1.3795316219329834,0.5913742184638977,-3.7649621963500977,-5.006302833557129,-3.7507174015045166
531,2746,1,1,1,-2.0665884017944336,12.110126495361328,-3.309185266494751,-7.674704074859619,0.8810241222381592,-4.463203430175781,-3.8622703552246094,0.7776275277137756,-2.9473044872283936,-0.4502403140068054
532,7955,2,2,1,-4.774048805236816,-3.1907827854156494,18.665800094604492,-0.41485509276390076,-2.523287773132324,-10.090176582336426,-7.450224876403809,1.5950912237167358,-1.8496607542037964,-11.650504112243652
533,3630,3,3,1,-18.526819229125977,-1.167737364768982,-3.045718193054199,20.66049575805664,-15.048702239990234,-1.5644445419311523,-17.430513381958008,-5.072149753570557,4.0834221839904785,-4.63326358795166
534,4906,4,4,1,-5.4999098777771,3.2509660720825195,-3.484001636505127,-7.967248916625977,13.826075553894043,-5.109113693237305,-2.685535430908203,2.1898746490478516,-5.4405035972595215,1.3979926109313965
535,6716,5,5,1,-6.117160797119141,-5.366291046142578,-4.538700580596924,0.40824416279792786,-12.876605033874512,12.014076232910156,1.0352749824523926,-7.706931114196777,1.4435335397720337,-5.538412570953369
536,2677,6,6,1,-1.3163737058639526,-4.594147205352783,-2.0128767490386963,-7.4796223640441895,-4.228325843811035,2.0644490718841553,15.285091400146484,-10.108766555786133,1.5996004343032837,-6.599061965942383
537,8003,7,7,1,-5.312725067138672,1.5764912366867065,0.28358274698257446,0.2167147845029831,-10.673192024230957,-6.641967296600342,-16.598669052124023,10.748809814453125,-2.2876691818237305,2.3322298526763916
538,7287,8,8,1,-2.5665535926818848,-10.073139190673828,-3.64835786819458,-0.29051512479782104,-12.803813934326172,-2.974806785583496,-4.9813079833984375,-8.953039169311523,12.963727951049805,1.7988115549087524
539,9562,9,9,1,-5.912013053894043,-6.958031177520752,-7.1456685066223145,-4.009927272796631,2.711613655090332,-4.755656719207764,-12.903543472290039,-2.8851318359375,1.8333905935287476,10.327107429504395
540,8221,0,0,1,14.62804126739502,-5.992129802703857,0.008432675153017044,-5.059782981872559,-0.7089294791221619,-6.691922187805176,-0.6549901962280273,-4.901402473449707,-6.433063983917236,2.649980068206787
541,5746,1,1,1,-1.8340604305267334,11.845280647277832,0.22550684213638306,-8.0302734375,1.6769728660583496,-7.4594292640686035,-4.5042548179626465,-0.28942880034446716,-1.8072878122329712,-2.07966947555542
542,7749,2,2,1,-7.109165191650391,0.29536691308021545,16.982433319091797,1.7599399089813232,-8.98362922668457,-8.83481502532959,-8.2295503616333,3.4574036598205566,0.7229735255241394,-9.708943367004395
543,449,3,3,1,-11.465633392333984,-7.649981498718262,-11.106324195861816,13.990619659423828,-13.929443359375,13.254493713378906,-10.526776313781738,-8.948326110839844,0.5051990151405334,-0.7245895862579346
544,2124,4,4,1,-4.846015930175781,-0.6372451186180115,-3.078845977783203,-8.959948539733887,16.579021453857422,-5.675105571746826,0.3206213712692261,-1.5592097043991089,-4.119183540344238,-1.145662546157837
545,3053,5,5,1,-8.83665943145752,-3.5759379863739014,-15.282690048217773,-0.09844682365655899,-13.6685791015625,21.63348960876465,-1.0109403133392334,-9.35163402557373,-0.14693517982959747,4.872443675994873
546,9210,6,6,1,1.9420121908187866,-5.189143180847168,-2.570131778717041,-5.737071990966797,1.115243911743164,-0.9225241541862488,11.657893180847168,-8.954423904418945,1.0288870334625244,-1.6679441928863525
547,8525,7,7,1,-5.6619038581848145,3.2150933742523193,-0.7022791504859924,2.029273271560669,-11.931894302368164,-8.099370002746582,-17.8302059173584,10.822710990905762,-2.0010337829589844,1.0395647287368774
548,9263,8,8,1,-4.256701469421387,-10.639086723327637,-4.211352825164795,-4.36207914352417,-6.328027248382568,-0.9219599962234497,-3.018106698989868,-8.05992603302002,13.049264907836914,-1.2422165870666504
549,6650,9,9,1,-7.586239814758301,-3.6796376705169678,-6.759582042694092,-3.2659475803375244,5.4333577156066895,-2.2443854808807373,-10.886295318603516,0.7435770630836487,-0.9006648659706116,10.253079414367676
550,661,0,0,1,8.516265869140625,-1.8772588968276978,-3.0391552448272705,-3.9120023250579834,-3.4479331970214844,-2.2412078380584717,1.4396299123764038,-2.623575210571289,-2.943067789077759,-4.092259407043457
551,1338,1,1,1,-5.0761637687683105,10.473766326904297,-1.8047212362289429,-3.5424976348876953,-1.4941847324371338,-4.9630632400512695,-4.260416507720947,0.7734523415565491,-0.6650590300559998,-1.6373330354690552
552,6912,2,2,1,-2.2684829235076904,1.0766268968582153,13.999549865722656,0.07759285718202591,-3.422368049621582,-9.239891052246094,-6.108447074890137,3.0528218746185303,-1.6761889457702637,-11.199560165405273
553,7055,3,3,1,-14.34959602355957,-0.21468088030815125,-5.711602687835693,19.062820434570312,-19.28214454650879,-1.6376030445098877,-12.960563659667969,-3.079129219055176,2.9240684509277344,-5.600480079650879
554,6872,4,4,1,-0.07669089734554291,-0.26820576190948486,-2.323784351348877,-6.013312816619873,11.786445617675781,-5.457340240478516,2.9080874919891357,-0.44014981389045715,-7.4363603591918945,-0.5315226912498474
555,7870,5,5,1,-4.722861289978027,-7.212295055389404,-9.709917068481445,1.250881552696228,-7.633325099945068,14.043192863464355,-5.649099349975586,-6.967918872833252,-3.3682022094726562,2.880999803543091
556,5088,6,6,1,2.1611695289611816,-9.247783660888672,-2.1561641693115234,-6.601928234100342,-2.7700178623199463,0.09450685232877731,13.235271453857422,-11.77293872833252,3.710573196411133,-5.113955974578857
557,1770,7,7,1,-5.0960822105407715,0.8006866574287415,-0.7147554755210876,0.7339638471603394,-9.35582447052002,-3.5485968589782715,-15.267016410827637,10.351714134216309,-2.062652111053467,-0.5404430031776428
558,2179,8,8,1,-8.817060470581055,-6.8461503982543945,-0.4874638319015503,5.780152797698975,-13.152642250061035,-2.6912522315979004,-9.217000961303711,-5.836800575256348,12.878304481506348,-2.6369986534118652
559,4224,9,7,0,-5.0658793449401855,1.6990677118301392,-0.26690325140953064,-2.0979526042938232,0.2793005108833313,-3.47220778465271,-10.359320640563965,5.586660385131836,-3.1787073612213135,4.551142692565918
560,2638,0,0,1,13.614913940429688,-6.947474002838135,-2.021653175354004,-3.344672203063965,-0.6257957816123962,-3.9176406860351562,4.208954811096191,-6.320099353790283,-7.511194705963135,1.0313671827316284
561,9348,1,1,1,-2.3255228996276855,10.887051582336426,-2.721287965774536,-7.034584999084473,-1.3611352443695068,-3.449277877807617,-0.24153998494148254,-2.0541160106658936,-0.7441532611846924,-2.40763258934021
562,1352,2,2,1,2.1897706985473633,-6.964145183563232,18.35471534729004,-0.8977173566818237,-11.745226860046387,-6.928585529327393,-3.725166082382202,0.8356784582138062,-0.4579220116138458,-10.441058158874512
563,9219,3,3,1,-11.893242835998535,-5.6125993728637695,-4.8491058349609375,15.141782760620117,-10.960498809814453,-0.30863702297210693,-13.928049087524414,-5.112723350524902,-0.0026755351573228836,6.095993995666504
564,5525,4,4,1,-5.261707782745361,-3.3625290393829346,-1.769293189048767,-7.547199726104736,13.42814826965332,-7.3473687171936035,-1.8623156547546387,-0.6820246577262878,-6.630606651306152,1.1644868850708008
565,1339,5,5,1,-8.255487442016602,-5.498231410980225,-9.52211856842041,4.346253871917725,-8.812538146972656,14.473907470703125,-6.265482425689697,-7.846532821655273,2.1172142028808594,3.0935871601104736
566,7409,6,6,1,0.8804315328598022,-4.718409061431885,-0.9037131667137146,-6.835474967956543,0.1280251294374466,-1.6844062805175781,14.347620010375977,-9.299095153808594,1.2437323331832886,-3.907470941543579
567,7032,7,7,1,-2.791149377822876,-2.8060007095336914,-5.313017845153809,-3.60613751411438,-4.630327224731445,-1.106718897819519,-15.567296028137207,11.559627532958984,-3.4735958576202393,4.988588809967041
568,4986,8,8,1,-8.272078514099121,-3.5851845741271973,-2.3239352703094482,-1.0489108562469482,-7.6706132888793945,-0.6690562963485718,-1.4061444997787476,-5.9807963371276855,11.627313613891602,-2.720083236694336
569,4662,9,9,1,-9.563282012939453,-4.672553539276123,-8.726611137390137,-2.8114423751831055,5.114076137542725,-1.5949960947036743,-10.855522155761719,0.3411045968532562,-3.113072633743286,12.91135025024414
570,7491,0,0,1,9.988877296447754,-6.533014297485352,-1.1924347877502441,-4.159603595733643,-0.5265932083129883,-5.400634765625,0.42771005630493164,-3.3979244232177734,-0.6673892736434937,-0.9189706444740295
571,700,1,1,1,-8.917130470275879,13.211604118347168,-3.093416452407837,-6.869980812072754,3.123612403869629,-4.943395137786865,-3.6591103076934814,0.4833343029022217,-0.5917539596557617,-1.494089961051941
572,4418,2,2,1,-4.34738826751709,-3.087311029434204,18.348793029785156,1.6913912296295166,-9.403324127197266,-7.234502792358398,-8.479212760925293,4.089406490325928,-1.0360463857650757,-8.957491874694824
573,8050,3,3,1,-8.010907173156738,-10.473884582519531,1.5125066041946411,16.547367095947266,-8.95849323272705,-5.19325590133667,-13.981072425842285,-7.975337982177734,0.6547963619232178,-6.058122634887695
574,4842,4,4,1,-12.03298568725586,-2.423959493637085,-6.477956295013428,-5.651606559753418,16.6773738861084,-3.34074330329895,-8.739729881286621,-3.0126383304595947,-3.3454999923706055,6.751513481140137
575,7306,5,5,1,-10.647109985351562,-2.9873383045196533,-12.984468460083008,4.210007667541504,-10.54458236694336,17.340003967285156,-3.6799702644348145,-10.660698890686035,2.2485365867614746,2.0910046100616455
576,587,6,6,1,2.496589422225952,-7.1666035652160645,-3.832720994949341,-6.279674053192139,-0.1511029601097107,0.8903650045394897,13.861363410949707,-10.478154182434082,-2.4928650856018066,-7.771222114562988
577,7978,7,7,1,-4.449808120727539,-3.440943956375122,5.192621231079102,2.573564052581787,-12.76359748840332,-7.895416736602783,-16.58156967163086,13.317520141601562,-1.111409068107605,-2.141122817993164
578,7114,8,8,1,-9.384730339050293,-7.022460460662842,-1.6797043085098267,0.9393324851989746,-8.200551986694336,-5.8673224449157715,-8.26085090637207,-8.137282371520996,15.618515968322754,-3.5599584579467773
579,1554,9,9,1,-7.73796272277832,0.8867555856704712,-5.747232913970947,-2.395658493041992,-1.6666271686553955,-6.32729959487915,-14.181730270385742,1.2367796897888184,2.547931671142578,8.080822944641113
580,8587,0,0,1,15.614242553710938,-8.4330415725708,1.3007116317749023,-6.044055938720703,-5.322628974914551,-5.686727523803711,-0.8865676522254944,-5.585716247558594,-4.401824474334717,0.07888130098581314
581,3003,1,1,1,-6.372995853424072,11.585862159729004,-4.7229533195495605,-5.994015693664551,1.3897343873977661,-4.961775779724121,-3.8650689125061035,-1.028300404548645,-0.9857354164123535,-0.5307759046554565
582,8793,2,2,1,-3.856670618057251,-0.13904260098934174,18.09115982055664,1.095374345779419,-7.543331623077393,-8.185272216796875,-7.63647985458374,5.516353130340576,-3.1116960048675537,-9.44011116027832
583,7157,3,3,1,-14.792521476745605,1.633181095123291,-2.5969672203063965,17.42776870727539,-18.878433227539062,-3.724884033203125,-13.030385971069336,-1.5302894115447998,2.744016408920288,-6.510284900665283
584,5004,4,4,1,-6.87164306640625,-0.5211287140846252,-2.9937334060668945,-9.07323932647705,17.453786849975586,-5.452038288116455,-2.615159034729004,-1.0143600702285767,-5.065730094909668,1.159045696258545
585,9013,5,5,1,-2.7028260231018066,-6.516241073608398,-5.319596290588379,-0.715398907661438,-10.883255958557129,8.429649353027344,-1.2784518003463745,-1.945881724357605,0.07399721443653107,-6.3911943435668945
586,937,6,6,1,0.36229756474494934,-4.546701908111572,-4.382668495178223,-8.084924697875977,-0.5348740220069885,-0.9054523706436157,17.214637756347656,-9.189322471618652,0.12940984964370728,-5.138598918914795
587,7204,7,7,1,-4.050468444824219,2.0002894401550293,4.358936309814453,-0.46174749732017517,-7.069268703460693,-6.895008087158203,-13.429458618164062,10.236611366271973,-3.6355133056640625,0.10488568246364594
588,8667,8,8,1,-7.975935459136963,-9.640292167663574,-5.756079196929932,1.0783494710922241,-12.396883010864258,3.261732339859009,-1.1598635911941528,-11.529768943786621,14.628911972045898,-4.27494478225708
589,2589,9,9,1,1.9173800945281982,-7.529355049133301,-7.7751994132995605,0.2753242254257202,-5.1453142166137695,0.08437543362379074,-9.471564292907715,1.1720376014709473,-3.883937120437622,14.436381340026855
590,5290,0,0,1,16.069982528686523,-9.968612670898438,-0.17775237560272217,-7.761918544769287,-5.1544904708862305,-6.189467430114746,-1.441017985343933,-5.814700603485107,-3.472961187362671,2.5707342624664307
591,2612,1,1,1,-7.865711688995361,13.875357627868652,-1.0598680973052979,-5.736319541931152,2.423685073852539,-6.3106184005737305,-2.9449899196624756,0.15619583427906036,-0.6880683898925781,-3.133949041366577
592,7022,2,2,1,-5.70132303237915,-0.8311139345169067,18.56645965576172,-0.5658429861068726,-4.572829246520996,-10.999567985534668,-6.605388164520264,2.9222142696380615,-1.2049461603164673,-11.873542785644531
593,408,3,3,1,-8.26280689239502,-4.488536834716797,-2.619129180908203,13.01908016204834,-9.025568008422852,1.070171594619751,-5.9369401931762695,-8.208516120910645,1.758931040763855,-3.5016603469848633
594,3684,4,4,1,-6.695712566375732,-2.7508654594421387,-5.648934364318848,-8.42827320098877,17.43739891052246,-3.6232964992523193,-2.5412824153900146,-1.6183996200561523,-6.948513984680176,5.482491970062256
595,8270,5,5,1,-1.179043173789978,-10.13414478302002,-7.255219459533691,-3.376983880996704,-11.916460990905762,12.599873542785645,-0.016282428056001663,-8.513838768005371,4.206954002380371,-3.7038896083831787
596,1587,6,6,1,-0.43586716055870056,-5.158695220947266,-8.066237449645996,-4.675380229949951,-4.212504863739014,6.651479244232178,9.790797233581543,-11.518082618713379,2.5770788192749023,0.24156609177589417
597,5745,7,7,1,-5.34893274307251,5.108471870422363,-2.227688789367676,-1.859715223312378,-5.608785629272461,-6.544100761413574,-14.307598114013672,8.079272270202637,-1.5834039449691772,1.7717361450195312
598,9575,8,8,1,-7.960235595703125,-7.923305511474609,-2.935595989227295,0.6981226801872253,-11.284430503845215,-1.718741536140442,-4.203403949737549,-8.759319305419922,15.828353881835938,-2.336617946624756
599,7495,9,9,1,-5.317737102508545,-5.390749454498291,-9.269952774047852,-3.044461488723755,0.5917794108390808,-1.9687062501907349,-12.484373092651367,-1.9379775524139404,1.6943819522857666,11.663748741149902
600,9220,0,0,1,13.281298637390137,-9.164288520812988,-3.3253660202026367,-4.493592262268066,-3.4682250022888184,-2.8504421710968018,-0.9781599640846252,-5.937285423278809,-5.343719005584717,2.71860408782959
601,7226,1,1,1,-2.5698459148406982,8.855741500854492,-0.7580657601356506,-6.093809604644775,1.698237657546997,-4.918557643890381,-3.040717124938965,1.0136373043060303,-1.5601457357406616,-1.4764314889907837
602,9181,2,2,1,-7.71258020401001,2.3572399616241455,14.484012603759766,4.387725830078125,-7.929867744445801,-11.869888305664062,-11.358352661132812,3.941521167755127,-2.4392213821411133,-9.071515083312988
603,9656,3,3,1,-11.131219863891602,-0.37071001529693604,-4.324630260467529,13.331539154052734,-14.131952285766602,5.982015609741211,-8.229460716247559,-3.2812037467956543,1.046066164970398,-2.19976544380188
604,5956,4,4,1,-11.485984802246094,-3.376574754714966,-4.204741477966309,-8.811422348022461,17.323633193969727,-3.641303777694702,-8.424909591674805,-0.08414851874113083,-3.2680745124816895,2.946345806121826
605,6775,5,5,1,-5.790122032165527,-2.2548253536224365,-9.02192211151123,-0.9007275104522705,-6.751391887664795,13.212139129638672,-5.4316630363464355,-6.046060085296631,-1.1914291381835938,2.6468777656555176
606,7152,6,6,1,1.0925555229187012,-4.491413593292236,-3.1237730979919434,-7.204608917236328,0.9045885801315308,0.23302915692329407,13.490591049194336,-9.10419750213623,0.09422416985034943,-1.5498286485671997
607,2851,7,7,1,-3.1766512393951416,-4.131725311279297,-3.0126936435699463,-1.0201423168182373,-1.611875295639038,-2.1331193447113037,-15.432101249694824,8.010031700134277,-5.6837263107299805,5.159769535064697
608,3737,8,8,1,-7.542962551116943,-9.27042293548584,-7.689420700073242,-1.589702844619751,-6.387548923492432,1.7618038654327393,-3.6224915981292725,-8.545101165771484,13.188983917236328,-0.5263986587524414
609,6671,9,9,1,-5.520153522491455,-5.98866081237793,-7.954934120178223,-0.026013441383838654,0.49876269698143005,-3.1154582500457764,-11.567790031433105,-0.3752513527870178,-0.5370992422103882,11.55713939666748
610,2333,0,0,1,6.713634014129639,-4.123300075531006,2.0049095153808594,-3.7768325805664062,-3.271625280380249,-3.507737398147583,-0.2612230181694031,-1.4734501838684082,-2.3276052474975586,4.41322135925293
611,2302,1,1,1,-1.586668848991394,10.587668418884277,0.16533537209033966,-4.437145709991455,-2.477410316467285,-7.91526460647583,-7.516404151916504,3.3267369270324707,-1.8242067098617554,-2.17177152633667
612,2112,2,2,1,-7.991229057312012,0.8649574518203735,13.537361145019531,2.225229024887085,-6.539000988006592,-8.625237464904785,-5.1233391761779785,-1.2678624391555786,2.2213387489318848,-13.16327953338623
613,807,3,3,1,-14.607117652893066,-1.1043314933776855,-6.134472846984863,18.154972076416016,-13.672890663146973,3.7782208919525146,-9.31401538848877,-10.40031909942627,2.8861968517303467,-1.9556342363357544
614,3672,4,4,1,-3.8330726623535156,-1.1133463382720947,-3.175708055496216,-7.401495456695557,10.999467849731445,-3.2590079307556152,1.0051536560058594,-2.914964437484741,-3.302706003189087,1.3775757551193237
615,2670,5,5,1,-2.5306556224823,-5.42933464050293,-6.273707866668701,1.2501246929168701,-12.382830619812012,14.173314094543457,-3.838162899017334,-4.168674945831299,1.598212480545044,2.3494129180908203
616,1162,6,6,1,1.1289819478988647,-2.9547979831695557,-2.425177812576294,-4.57961893081665,-1.0375690460205078,-2.4111270904541016,14.382072448730469,-5.6237897872924805,-1.2920153141021729,-2.95328426361084
617,5097,7,7,1,-2.4318556785583496,-3.2232046127319336,-2.192375421524048,-2.9246978759765625,-3.9335384368896484,-2.3393521308898926,-11.945293426513672,10.319918632507324,-4.073443412780762,3.2039811611175537
618,5183,8,8,1,-11.19616985321045,-4.19888973236084,-3.4905714988708496,-3.2529489994049072,0.8233161568641663,-2.202610731124878,-6.008052825927734,-5.579520225524902,11.88659954071045,-3.4043169021606445
619,8590,9,9,1,-5.7961201667785645,-7.4620513916015625,-7.711909770965576,-1.6875345706939697,1.7452092170715332,-2.7759740352630615,-12.04821491241455,0.8166250586509705,-1.3148553371429443,14.644967079162598
620,3016,0,0,1,7.779461860656738,-10.293891906738281,-6.77482795715332,-4.0573410987854,-3.338620901107788,3.550370693206787,1.2771692276000977,-6.205334663391113,-3.91839861869812,-0.9780126810073853
621,5252,1,1,1,-2.6126596927642822,10.201766014099121,-1.7790991067886353,-6.587700843811035,1.6152589321136475,-3.8142364025115967,-1.5584862232208252,-0.3544992506504059,-1.793535828590393,-1.1370227336883545
622,7848,2,2,1,-5.559787750244141,-2.7300243377685547,11.693839073181152,0.7275627255439758,0.16621221601963043,-6.220363140106201,-11.950864791870117,1.6478523015975952,-5.6896281242370605,-5.639131546020508
623,734,3,3,1,-12.401687622070312,-2.8690919876098633,-3.077954053878784,16.509746551513672,-11.917522430419922,-0.07311397790908813,-12.23635196685791,-7.664065837860107,2.29412841796875,-2.3202850818634033
624,5027,4,4,1,-9.283946990966797,-2.314997673034668,-1.266184687614441,-7.2686357498168945,14.135649681091309,-8.123703002929688,-9.254137992858887,0.23572814464569092,-2.7383201122283936,-0.5450969934463501
625,1970,5,5,1,-8.319135665893555,-8.004849433898926,-12.693233489990234,6.972370147705078,-12.011974334716797,16.2868709564209,-8.983017921447754,-7.246226787567139,-0.36294132471084595,8.137556076049805
626,5886,6,6,1,-2.0987296104431152,-3.0088329315185547,0.3304091989994049,-6.669865131378174,-2.3870065212249756,0.055443793535232544,13.872392654418945,-10.010354995727539,2.0193707942962646,-8.950841903686523
627,2474,7,7,1,-3.757581949234009,1.1367217302322388,0.8693336248397827,-0.7951825261116028,-9.277396202087402,-7.6222710609436035,-17.338045120239258,10.432061195373535,-2.4976165294647217,2.7784616947174072
628,641,8,8,1,-5.8337082862854,-9.379096031188965,-0.8375613689422607,0.8562042117118835,-9.999996185302734,-0.9402400851249695,1.4803266525268555,-10.245532989501953,11.840588569641113,-8.707283973693848
629,5344,9,9,1,-8.453543663024902,-6.922464847564697,-7.847864627838135,-1.2591325044631958,2.2223150730133057,-1.2344496250152588,-16.497438430786133,2.0986452102661133,-2.4899377822875977,16.796966552734375
630,7516,0,0,1,15.933026313781738,-4.795668125152588,1.3178104162216187,-6.643129825592041,-4.580358028411865,-8.527029991149902,0.37261471152305603,-4.426224708557129,-2.382417917251587,-0.8581444621086121
631,7373,1,1,1,-2.099243640899658,11.340660095214844,-2.9430770874023438,-6.184824466705322,-1.2073602676391602,-6.549478530883789,-4.84713888168335,-0.9723682999610901,-1.5519325733184814,-0.25322216749191284
632,2848,2,2,1,-3.527153730392456,0.12564171850681305,10.969635009765625,1.831149697303772,-7.139448165893555,-7.981003761291504,-6.911272048950195,2.416444778442383,0.8833411335945129,-5.631230354309082
633,9914,3,3,1,-13.161916732788086,-3.4503493309020996,-7.4456787109375,13.645959854125977,-9.167545318603516,-0.7084197998046875,-13.828472137451172,-5.801012992858887,1.4124407768249512,4.505785942077637
634,2394,4,4,1,-9.39346694946289,-2.593916654586792,-0.40383976697921753,-4.63451623916626,13.420019149780273,-4.063940525054932,-7.3862152099609375,-2.353882312774658,-4.663990497589111,2.1311280727386475
635,3952,5,5,1,-10.562214851379395,0.618234395980835,-13.297999382019043,4.363040924072266,-12.439165115356445,16.534433364868164,-0.8240817189216614,-11.340156555175781,3.5168893337249756,2.6422066688537598
636,2751,6,6,1,5.343905448913574,-9.12205982208252,-4.278243064880371,-5.50075626373291,-4.328006267547607,2.2443125247955322,11.818887710571289,-9.482381820678711,-1.1805200576782227,-4.972397804260254
637,3059,7,7,1,-4.765965938568115,-0.5474980473518372,-0.7035157084465027,-1.3312708139419556,-4.829580783843994,-0.5158628821372986,-13.963977813720703,6.379654407501221,-2.3378331661224365,3.487506866455078
638,2233,8,8,1,-12.645588874816895,-4.132594585418701,-8.479445457458496,-4.636203765869141,-2.4539730548858643,2.5729947090148926,-4.729578971862793,-3.6884119510650635,11.699785232543945,1.0437605381011963
639,5080,9,9,1,-8.264756202697754,-6.780400276184082,-6.210387229919434,-1.483640193939209,1.3379758596420288,-2.324944019317627,-12.761564254760742,0.59529709815979,-0.5567583441734314,15.695903778076172
640,9310,0,0,1,11.834171295166016,-6.172487735748291,2.145657539367676,-3.728825330734253,-6.17349100112915,-3.3317322731018066,-1.4099055528640747,-2.2903692722320557,-3.5405027866363525,1.9287339448928833
641,7270,1,1,1,-3.4743876457214355,11.722980499267578,-4.442255020141602,-6.750128746032715,-1.7522737979888916,-3.1884982585906982,-1.5015406608581543,-1.2822504043579102,-1.2094085216522217,-1.69236159324646
642,2891,2,2,1,-4.577348232269287,0.1433461606502533,13.557156562805176,2.6044182777404785,-9.621299743652344,-9.032814025878906,-9.295344352722168,1.8284300565719604,1.2837120294570923,-10.882606506347656
643,3129,3,3,1,-9.47215747833252,-3.357457160949707,2.112697124481201,12.882444381713867,-11.346196174621582,-1.6396117210388184,-7.703178882598877,-5.21218204498291,2.7825369834899902,-2.131988048553467
644,4929,4,4,1,-1.7388986349105835,0.2525172531604767,-1.5708324909210205,-4.0881195068359375,6.604695796966553,-1.3549776077270508,1.0287104845046997,-0.9744792580604553,-3.0703861713409424,0.47877877950668335
645,8834,5,5,1,-8.08355712890625,-6.527902126312256,-12.271718978881836,-0.6162375807762146,-13.362021446228027,20.50751304626465,0.34024322032928467,-12.220220565795898,4.435074329376221,0.16828639805316925
646,2097,6,6,1,0.8805395364761353,-3.084956169128418,-3.93758487701416,-5.295036315917969,-5.712732791900635,3.8567872047424316,10.618949890136719,-5.420612812042236,-0.1547120064496994,-0.8847585916519165
647,9660,7,7,1,-1.1440194845199585,-2.665910005569458,-0.056364722549915314,-1.7428661584854126,-3.9816925525665283,-3.944788932800293,-10.956624031066895,8.539918899536133,-1.0336359739303589,3.782963514328003
648,4629,8,8,1,-9.592996597290039,-9.693103790283203,-3.306818962097168,1.0343034267425537,-9.960489273071289,-0.49689432978630066,-7.321776866912842,-10.65542221069336,16.754920959472656,-2.4654574394226074
649,322,9,9,1,-11.172038078308105,-5.28079891204834,-10.144527435302734,-0.14544565975666046,5.154097080230713,-0.5426815152168274,-16.07142448425293,-0.965721607208252,-1.00289785861969,14.41672420501709
650,1094,0,0,1,12.08487319946289,-7.639917850494385,-2.029169797897339,-6.5072736740112305,-6.827426910400391,-1.6988956928253174,-0.6455523371696472,-2.9719507694244385,-2.946141242980957,-1.9022295475006104
651,8819,1,1,1,-3.568103790283203,10.652425765991211,-1.0227433443069458,-7.1413445472717285,1.9549264907836914,-4.956447124481201,-3.658909559249878,1.5347270965576172,-2.3206911087036133,-1.533704161643982
652,9111,2,2,1,-7.419440269470215,2.287252902984619,19.656986236572266,2.130680799484253,-7.952014923095703,-14.05864143371582,-9.507109642028809,1.777300477027893,-1.991249442100525,-12.147298812866211
653,8864,3,3,1,-11.852132797241211,-4.38428258895874,-3.7607033252716064,16.939481735229492,-11.625672340393066,0.7657257914543152,-11.666309356689453,-7.413177490234375,1.2357275485992432,-3.4244933128356934
654,6100,4,4,1,-8.71883773803711,3.0456411838531494,-1.6547348499298096,-7.971295356750488,18.403451919555664,-8.206538200378418,-1.7897987365722656,3.6446657180786133,-8.882246017456055,-0.12444663792848587
655,397,5,5,1,-10.830464363098145,-1.5455083847045898,-10.317331314086914,6.140992641448975,-12.394648551940918,13.791749954223633,-2.182499885559082,-10.59304141998291,4.050525188446045,0.9316560626029968
656,8668,6,6,1,0.6328265070915222,-3.242342472076416,-3.8299026489257812,-5.715920925140381,-1.456653356552124,-0.996086835861206,13.867993354797363,-6.487051963806152,0.481978178024292,-0.3583317995071411
657,2234,7,7,1,-2.4629039764404297,1.4543801546096802,3.4263827800750732,-1.5047153234481812,-7.444282531738281,-9.114608764648438,-17.24085235595703,11.3441801071167,-4.037831783294678,2.2843661308288574
658,4956,8,8,1,-10.691420555114746,-0.4387906789779663,-7.190286636352539,-3.895630121231079,3.4071569442749023,0.7375741004943848,-1.7382566928863525,-6.589156627655029,8.759082794189453,-0.9747655987739563
659,7640,9,9,1,-8.397887229919434,-3.0251286029815674,-6.636045455932617,-3.5814993381500244,3.6050729751586914,-4.152176856994629,-10.35231876373291,-0.36671215295791626,-0.04174714535474777,13.157852172851562
660,2557,0,0,1,11.416815757751465,-10.267391204833984,-3.093118906021118,-3.5794150829315186,-5.329892158508301,-0.802338719367981,-1.5432673692703247,-4.926928520202637,-3.083225727081299,-3.3073971271514893
661,1646,1,1,1,-2.9640285968780518,11.839686393737793,-3.1566550731658936,-7.9684929847717285,1.3959985971450806,-6.148228645324707,-3.1804745197296143,-0.5897173285484314,-1.3276652097702026,-0.7901859879493713
662,6384,2,2,1,-2.219954490661621,-3.857989549636841,18.40395736694336,-2.3157896995544434,-7.591833114624023,-8.091035842895508,-0.1507876217365265,-0.38402703404426575,-1.7920502424240112,-9.948253631591797
663,6821,3,3,1,-8.182051658630371,-2.821274518966675,-2.864152669906616,13.26380443572998,-11.23886775970459,3.6818041801452637,-9.158879280090332,-5.971898555755615,-2.0332834720611572,-4.228462219238281
664,740,4,4,1,-8.537443161010742,-2.336153507232666,-3.2569289207458496,-4.828578948974609,8.93856143951416,-6.199374675750732,-13.226912498474121,1.3982582092285156,-2.6667449474334717,8.772466659545898
665,9675,5,5,1,-5.374066352844238,-4.918977737426758,-5.376755714416504,2.2837908267974854,-9.465893745422363,11.830352783203125,-3.798508644104004,-5.622950553894043,-0.6207383275032043,-1.9584910869598389
666,5619,6,6,1,-2.4812331199645996,-3.7188198566436768,-4.631368637084961,-7.9459309577941895,1.9625505208969116,0.9670541286468506,13.530804634094238,-6.952565670013428,-1.8790310621261597,-0.4491848051548004
667,705,7,7,1,-5.073919773101807,1.683640718460083,1.0345109701156616,-0.9462623596191406,-5.464543342590332,-6.8555474281311035,-16.088960647583008,10.731481552124023,-3.878316879272461,2.211158037185669
668,7524,8,8,1,-1.0396889448165894,-11.651619911193848,-2.6040704250335693,-0.49010688066482544,-5.152475833892822,-2.4924259185791016,-3.8713011741638184,-10.322249412536621,8.085108757019043,2.281369924545288
669,8002,9,9,1,-8.222898483276367,-11.124563217163086,-9.357220649719238,1.0903602838516235,1.8712767362594604,-3.6127309799194336,-18.71707534790039,-2.318598747253418,-1.6046658754348755,13.979233741760254
670,7139,0,0,1,12.539649963378906,-5.210832118988037,-0.4851131737232208,-5.430298328399658,-3.8283023834228516,-5.663363933563232,0.004728937521576881,-3.5872037410736084,-2.2878434658050537,-1.150696873664856
671,1083,1,1,1,-4.972414493560791,10.644153594970703,-0.5271830558776855,-3.845428466796875,0.11412610113620758,-3.105440855026245,-2.2206149101257324,-0.30428174138069153,-1.0516576766967773,-1.4980875253677368
672,4905,2,2,1,-2.761244773864746,4.407032012939453,15.486074447631836,1.8373398780822754,-11.262243270874023,-9.814361572265625,-10.423097610473633,3.3463685512542725,-2.9520773887634277,-5.974350452423096
673,6184,3,3,1,-13.965563774108887,-4.086387634277344,-4.465250015258789,18.51762580871582,-14.693014144897461,-3.995668411254883,-13.030973434448242,-4.735592842102051,0.8263605237007141,1.4676777124404907
674,6699,4,4,1,-5.272242546081543,2.0393285751342773,-1.5628983974456787,-9.463142395019531,13.805601119995117,-5.250657081604004,-1.9001741409301758,-0.09427633881568909,-3.849414110183716,-1.1971863508224487
675,6120,5,5,1,-5.940829753875732,-9.13349437713623,-8.537290573120117,-0.12147868424654007,-10.862091064453125,15.0628023147583,-1.740014672279358,-9.016871452331543,2.2241604328155518,0.9963931441307068
676,6824,6,6,1,-0.9021382927894592,-3.4616305828094482,-4.386660575866699,-7.261130332946777,-3.6298553943634033,2.2614667415618896,14.548287391662598,-8.08073902130127,-0.009412787854671478,-3.341614007949829
677,7079,7,7,1,-6.058949947357178,-3.9048659801483154,-0.3462579548358917,0.7286664843559265,-7.164989471435547,-3.7669155597686768,-18.832897186279297,10.048413276672363,-1.7970916032791138,3.1225779056549072
678,5495,8,8,1,-11.77830696105957,-4.838138103485107,-3.660356044769287,5.6960129737854,-11.647886276245117,-0.4071734845638275,-11.77700138092041,-2.660674571990967,12.217506408691406,-5.219141960144043
679,6124,9,9,1,-5.878005504608154,-10.7938814163208,-7.103645324707031,1.57697331905365,-2.0524187088012695,1.9216046333312988,-10.777356147766113,-3.6856141090393066,-2.1078546047210693,16.013200759887695
680,5791,0,0,1,14.950648307800293,-6.592045783996582,0.41171687841415405,-4.518673896789551,4.660199165344238,-9.325035095214844,2.6529760360717773,-5.239875316619873,-8.326276779174805,3.467885732650757
681,6135,1,1,1,-2.281984567642212,11.830525398254395,-3.6604559421539307,-7.3902764320373535,-2.966296434402466,-4.2873053550720215,-1.6502174139022827,-2.0659801959991455,0.49035975337028503,-2.8578133583068848
682,1345,2,2,1,-6.891785621643066,-1.062206506729126,16.415325164794922,2.2492623329162598,-9.069162368774414,-6.896388053894043,-13.089805603027344,4.952381134033203,-2.923999309539795,-13.782233238220215
683,4002,3,3,1,-19.27783203125,-1.806126356124878,-6.449372291564941,18.926036834716797,-15.861213684082031,4.88641357421875,-12.882806777954102,-8.538861274719238,7.3349080085754395,-7.878117561340332
684,3530,4,4,1,-2.5289971828460693,0.6990109086036682,-6.086352825164795,-6.701566696166992,13.364928245544434,-5.154200553894043,0.9704596996307373,0.8582271337509155,-7.756308555603027,2.6718292236328125
685,5624,5,5,1,-10.21387004852295,-7.907464027404785,-12.807930946350098,3.3837883472442627,-14.371417045593262,20.800172805786133,-3.583878755569458,-13.473299026489258,5.725872993469238,-1.2710386514663696
686,2144,6,6,1,3.889559745788574,-4.663877010345459,-3.779165506362915,-7.566411018371582,-0.6883602142333984,-1.319252610206604,13.602317810058594,-7.445309162139893,-0.6016794443130493,-2.6335856914520264
687,1660,7,7,1,-1.4329748153686523,1.977391004562378,3.7012252807617188,-0.5466132164001465,-7.76265811920166,-6.957319259643555,-11.361300468444824,9.57974624633789,-3.0778517723083496,-0.352001428604126
688,5129,8,8,1,-8.52257251739502,-7.913751602172852,-9.596577644348145,-0.9195907115936279,-10.568462371826172,3.322145700454712,-4.135863304138184,-7.773301124572754,15.310601234436035,-6.132336616516113
689,5073,9,9,1,-10.606217384338379,-7.9237060546875,-8.716785430908203,-0.5324581861495972,4.833548545837402,-3.1281936168670654,-17.43434715270996,0.1688728630542755,-2.698871374130249,15.318922996520996
690,5253,0,0,1,13.40768814086914,-3.945378303527832,1.9938021898269653,-6.354082107543945,-5.6275105476379395,-7.38291597366333,-0.8639930486679077,-4.240866184234619,-0.8870823383331299,-0.9273561239242554
691,5872,1,1,1,-2.266634941101074,11.670853614807129,-3.26690936088562,-7.327856540679932,-1.4877620935440063,-4.879005432128906,-4.400361061096191,0.5439212322235107,-1.4631389379501343,-1.323080062866211
692,4549,2,2,1,-5.685522556304932,6.050982475280762,17.4340763092041,0.48955366015434265,-6.12166690826416,-11.874067306518555,-10.069279670715332,6.340975761413574,-3.192136764526367,-8.530420303344727
693,9100,3,3,1,-17.929941177368164,-0.3758618235588074,-0.4125139117240906,22.62183952331543,-19.42371368408203,-5.4717936515808105,-15.30739688873291,-4.184619426727295,3.5818464756011963,-7.032761096954346
694,4544,4,4,1,-5.237595081329346,-0.03043556585907936,-4.078719139099121,-7.579037666320801,14.366217613220215,-5.677610874176025,1.1877095699310303,-1.8856366872787476,-5.704899311065674,1.5097442865371704
695,9382,5,5,1,-9.157444953918457,-5.0215582847595215,-8.163599967956543,0.4993516504764557,-2.140362501144409,9.40897274017334,-5.359222412109375,-9.753324508666992,3.5845513343811035,-2.070613145828247
696,217,6,6,1,-1.9352877140045166,-7.2020697593688965,-5.7536396980285645,-7.8751301765441895,-6.287909984588623,6.756479740142822,10.916234970092773,-11.802948951721191,4.6815032958984375,-5.207736015319824
697,1699,7,7,1,-2.8275341987609863,-0.8541394472122192,1.6848759651184082,0.6372660994529724,-9.916919708251953,-4.127027988433838,-16.47364616394043,12.187064170837402,-2.6497609615325928,0.5054088830947876
698,878,8,8,1,-6.465671539306641,-7.651749134063721,-3.7927052974700928,-1.1328893899917603,-9.12019157409668,-0.2696702480316162,-6.005062103271484,-5.581653594970703,10.710289001464844,4.253792762756348
699,7242,9,9,1,-6.875647068023682,-7.763777732849121,-4.659020900726318,-0.11071976274251938,0.5793092846870422,-3.8536715507507324,-13.716621398925781,2.692142963409424,-3.7457010746002197,13.070852279663086
700,9230,0,0,1,16.674396514892578,-8.15043830871582,-0.08393151313066483,-4.7425127029418945,-1.0561223030090332,-6.99672269821167,-2.362333059310913,-4.156412601470947,-7.988913059234619,5.778322696685791
701,4190,1,1,1,-6.896536350250244,10.131241798400879,-3.422670602798462,-2.783395290374756,0.1886902153491974,-2.7075283527374268,-2.3329455852508545,-1.2305150032043457,-0.22626584768295288,-0.7788913249969482
702,1895,2,2,1,-0.8445223569869995,-4.885469436645508,16.84148597717285,-0.587272047996521,-5.034144401550293,-6.653788089752197,-6.526899814605713,1.4695429801940918,-3.820834159851074,-8.199117660522461
703,3448,3,3,1,-4.5811333656311035,2.158412218093872,5.552272796630859,6.244969367980957,-4.59282922744751,-6.414187431335449,-9.952221870422363,0.8160446882247925,-4.172398090362549,-2.862377166748047
704,8925,4,4,1,-7.983981132507324,1.3433257341384888,-0.5461472272872925,-11.864359855651855,19.696697235107422,-7.310201168060303,-1.4062397480010986,0.1462603211402893,-6.548742771148682,-3.9425952434539795
705,4461,5,5,1,-7.105447769165039,-2.214130163192749,-8.413688659667969,3.0292975902557373,-7.284028053283691,12.765073776245117,-10.579809188842773,-4.086370468139648,0.7727904915809631,3.6446373462677
706,8478,6,6,1,0.9376687407493591,-5.033096790313721,-3.5112144947052,-8.131482124328613,-0.7024226188659668,0.6327518820762634,15.961572647094727,-11.227509498596191,0.5777216553688049,-4.203888893127441
707,3084,7,7,1,-1.481012225151062,-2.7854785919189453,-0.7186224460601807,-2.8700478076934814,-2.9619240760803223,-3.007946729660034,-13.442450523376465,9.25498104095459,-3.079671859741211,3.020470380783081
708,8585,8,8,1,-10.936356544494629,-7.775147438049316,-3.5898280143737793,2.23480486869812,-9.813643455505371,-2.1294288635253906,-8.420685768127441,-9.004009246826172,16.47092628479004,-3.9344210624694824
709,252,9,9,1,-6.344361305236816,-4.211199760437012,-6.945058822631836,-1.5561314821243286,2.3972692489624023,-2.863060712814331,-10.993514060974121,1.4295940399169922,-3.6387102603912354,14.5889253616333
710,1271,0,0,1,14.290266990661621,-5.071733474731445,3.182774066925049,-4.527832508087158,-2.232839584350586,-6.0631303787231445,1.1250455379486084,-3.800654172897339,-8.000872611999512,4.166247367858887
711,8659,1,1,1,-4.272425174713135,13.910024642944336,-2.579076051712036,-6.417755603790283,-0.607598066329956,-6.208922386169434,-3.4758944511413574,0.676708996295929,-2.4425344467163086,-1.841069221496582
712,764,2,2,1,-1.3501026630401611,-7.684231758117676,14.424898147583008,-0.6298890113830566,-6.710879325866699,-4.5758771896362305,-6.3122944831848145,2.0744080543518066,1.0637614727020264,-3.3220326900482178
713,4366,3,3,1,-17.169464111328125,-3.9594688415527344,-5.430378437042236,21.970272064208984,-17.799270629882812,-1.6550331115722656,-14.322022438049316,-7.683902263641357,4.381654739379883,-1.9714782238006592
714,9565,4,4,1,-4.814536094665527,-2.435250759124756,-4.621086597442627,-8.925566673278809,16.58374786376953,-3.95424222946167,0.8289735913276672,-3.8620996475219727,-3.3049492835998535,2.612083673477173
715,5726,5,5,1,-7.3177876472473145,-5.189241886138916,-12.136693000793457,0.8897800445556641,-6.802035808563232,14.407285690307617,-5.37407922744751,-7.305886268615723,0.4500848352909088,6.254347324371338
716,1908,6,6,1,-0.17448556423187256,-3.2970833778381348,-0.9063557982444763,-5.122257232666016,-1.8453251123428345,0.07148101180791855,9.82274341583252,-7.590066432952881,1.7294830083847046,-3.2521374225616455
717,6170,7,7,1,-7.609213352203369,0.21283477544784546,-1.6653687953948975,-1.6900426149368286,-4.01549768447876,-6.702963352203369,-18.789791107177734,11.364507675170898,-3.9097297191619873,2.012148857116699
718,9722,8,8,1,-3.8034865856170654,-6.025815010070801,-6.185426235198975,-0.04104768857359886,-7.6602935791015625,-2.08383846282959,-4.427829742431641,-8.094426155090332,11.695367813110352,-2.1930878162384033
719,4610,9,9,1,-8.600563049316406,-7.497090816497803,-7.826120853424072,-0.3778650462627411,1.7680290937423706,-3.568413019180298,-14.137866020202637,1.355668544769287,-0.8116852045059204,14.361164093017578
720,4157,0,0,1,12.980867385864258,-8.925938606262207,-2.750580072402954,-3.344893217086792,-0.24673572182655334,-6.070706844329834,0.6892904043197632,-5.640862941741943,-4.153392791748047,-0.5733173489570618
721,489,1,1,1,-2.3695201873779297,11.491453170776367,-1.5553598403930664,-5.912138938903809,0.5437280535697937,-4.379995822906494,-1.563111662864685,0.15326917171478271,-2.4659206867218018,-2.364678382873535
722,1210,2,2,1,-6.248917102813721,0.4474354088306427,16.39474105834961,3.8395559787750244,-4.531998634338379,-10.715486526489258,-10.828274726867676,3.792703866958618,-4.510985374450684,-10.258376121520996
723,8419,3,3,1,-12.497152328491211,-5.163718223571777,-4.151397705078125,13.829193115234375,-7.327943325042725,1.1899974346160889,-14.994260787963867,-7.768510341644287,2.303614377975464,1.5280771255493164
724,9453,4,4,1,-7.707325458526611,-2.2049968242645264,-5.996672630310059,-9.30370807647705,18.44551658630371,-3.557018280029297,-1.456601619720459,-1.148722767829895,-4.165075302124023,4.748477935791016
725,8463,5,5,1,-6.210515975952148,-3.69049334526062,-12.508942604064941,3.98506498336792,-9.746511459350586,16.76755714416504,-7.400940895080566,-7.447483539581299,-0.9015657305717468,2.6543476581573486
726,7670,6,6,1,-1.1544313430786133,-2.051077127456665,-0.5441917777061462,-6.524428844451904,-0.7424830198287964,-1.49459707736969,12.13268756866455,-7.578779220581055,1.489396095275879,-4.929689407348633
727,7998,7,7,1,-7.034509658813477,-2.4075846672058105,2.332937240600586,-0.5232710242271423,-7.137086868286133,-6.079545497894287,-15.170648574829102,13.005032539367676,-2.056053400039673,0.32533642649650574
728,9107,8,8,1,-12.969560623168945,-1.565140962600708,-4.465689659118652,3.5880696773529053,-7.9705634117126465,-4.559944152832031,-9.045390129089355,-5.648531913757324,15.664054870605469,-6.203521251678467
729,3716,9,9,1,-7.474120140075684,-7.561476230621338,-8.666807174682617,4.88883638381958,-0.2737633287906647,0.5529376864433289,-12.628609657287598,-8.293416023254395,0.06880529224872589,11.010701179504395
730,884,0,0,1,11.941323280334473,-9.661497116088867,-2.8504910469055176,-4.433844089508057,-4.692854404449463,-1.9430845975875854,-0.42085787653923035,-2.882751703262329,-4.602588653564453,0.5154241323471069
731,9171,1,1,1,-5.382501602172852,12.864075660705566,-3.4359724521636963,-6.995491027832031,-1.592491865158081,-5.1740899085998535,-1.5062443017959595,-1.1308848857879639,0.13470683991909027,-2.1936938762664795
732,7994,2,2,1,-5.636850357055664,-3.7652645111083984,17.743154525756836,0.9336998462677002,-5.048384189605713,-7.836367607116699,-12.000473976135254,5.54210090637207,-3.343489646911621,-10.564833641052246
733,8598,3,3,1,-12.917122840881348,-5.0290727615356445,3.8054487705230713,16.42292594909668,-9.974295616149902,-7.335031032562256,-13.36970329284668,-4.588370323181152,3.362217903137207,-4.4162821769714355
734,8583,4,4,1,-6.003119468688965,-1.6518104076385498,-3.566788911819458,-7.786636829376221,14.655850410461426,-3.9726438522338867,-2.7722411155700684,0.00967012532055378,-5.585885047912598,2.929702043533325
735,3797,5,5,1,-9.021026611328125,-2.454923391342163,-11.672345161437988,-0.5107554197311401,-12.017858505249023,19.615558624267578,-4.530230522155762,-6.931173324584961,2.1993839740753174,5.444530010223389
736,8831,6,6,1,0.9543465375900269,-3.973201036453247,-3.0821800231933594,-7.042733669281006,-0.4794808328151703,-0.011577972210943699,14.846238136291504,-10.081768989562988,0.6840513348579407,-3.797499179840088
737,9067,7,7,1,-6.402617454528809,-1.6524969339370728,-5.176790714263916,-4.694337844848633,-0.8102986216545105,-3.6467695236206055,-13.611221313476562,14.532520294189453,-4.729126930236816,2.6333348751068115
738,7481,8,8,1,-8.238177299499512,-1.1761682033538818,-9.850395202636719,-3.3791232109069824,-6.231716632843018,5.245560169219971,-3.1039693355560303,-6.293193340301514,11.149605751037598,-1.4859261512756348
739,1952,9,9,1,-4.743103504180908,-4.57877779006958,-3.180657386779785,0.8677011728286743,2.6178624629974365,1.6315929889678955,-7.73443603515625,-6.363556861877441,-0.8942649364471436,7.68690299987793
740,443,0,0,1,5.908465385437012,-2.661689281463623,-1.7053642272949219,-3.2708961963653564,-3.6971566677093506,-1.316261887550354,-2.841803550720215,-1.4701440334320068,-0.6481285095214844,-2.358996629714966
741,9378,1,1,1,-6.643806457519531,12.48303508758545,-5.249350547790527,-6.235354900360107,0.1072378158569336,-3.714568614959717,-0.20510005950927734,-1.9467501640319824,-0.8754368424415588,-0.7391484975814819
742,4920,2,2,1,-4.7552080154418945,-0.26054614782333374,19.90017318725586,0.4955262839794159,-5.9824628829956055,-11.516153335571289,-7.690860748291016,3.2508535385131836,-3.176558494567871,-10.13396167755127
743,3487,3,3,1,-11.80494213104248,-4.379839897155762,-4.096541881561279,17.345783233642578,-11.777112007141113,-2.477626085281372,-11.62830638885498,-6.5275092124938965,1.9750664234161377,-2.2031142711639404
744,9972,4,4,1,-6.646279811859131,-0.1913263201713562,-5.496404647827148,-8.106706619262695,15.817133903503418,-4.583739757537842,-2.1434197425842285,-0.3281961977481842,-5.6817851066589355,4.983956813812256
745,102,5,5,1,-10.591042518615723,-3.832195281982422,-13.549216270446777,5.876936435699463,-12.73355484008789,17.61543083190918,-7.616909980773926,-9.076396942138672,3.3387067317962646,2.640500545501709
746,1888,6,6,1,-3.66090989112854,-1.4605249166488647,0.1900917887687683,-4.95503044128418,-2.9808671474456787,0.746375560760498,7.996781826019287,-7.318878173828125,3.936145782470703,-7.8272175788879395
747,5162,7,7,1,-1.6917698383331299,-1.6503245830535889,1.3276711702346802,-1.380077600479126,-6.7727813720703125,-2.6454379558563232,-13.788308143615723,7.825898170471191,-2.7395176887512207,4.498311519622803
748,5016,8,8,1,-7.820505619049072,-10.002318382263184,-4.5932745933532715,-1.544731855392456,-7.764479637145996,-0.30347198247909546,-2.6794400215148926,-10.128487586975098,14.907976150512695,-2.7071900367736816
749,1512,9,9,1,-4.732234001159668,-4.486203670501709,-4.6390557289123535,-0.6210314631462097,1.8855955600738525,-2.9227182865142822,-12.426727294921875,-1.1645768880844116,-3.3254783153533936,12.842134475708008
750,9455,0,0,1,16.718643188476562,-6.785063743591309,1.777695894241333,-4.776034355163574,-3.3691718578338623,-6.864548683166504,-1.0771855115890503,-3.099652051925659,-8.875687599182129,6.727014541625977
751,3268,1,1,1,-4.31825590133667,11.968422889709473,-2.9142343997955322,-7.5663161277771,-0.8396662473678589,-1.9546300172805786,-0.36978879570961,-2.40810227394104,-0.9735305309295654,-1.8694851398468018
752,3547,2,2,1,-3.2218403816223145,-6.96243143081665,17.740009307861328,1.6758537292480469,-4.492880344390869,-9.522132873535156,-8.289277076721191,-0.5815237164497375,-0.1949915736913681,-10.60859489440918
753,7692,3,3,1,-11.874991416931152,-2.0818536281585693,-2.44224214553833,13.79326343536377,-10.52210521697998,1.3852157592773438,-10.459150314331055,-7.123852729797363,1.9477370977401733,-3.2001051902770996
754,3722,4,4,1,-5.176687717437744,-2.4253690242767334,-4.486837387084961,-9.85087776184082,18.081687927246094,-5.837653636932373,0.5953190922737122,-2.4271047115325928,-6.746079921722412,1.8810639381408691
755,9883,5,5,1,-7.812002658843994,6.341124534606934,-8.884566307067871,-1.0905238389968872,-7.428399562835693,11.487918853759766,3.961164712905884,-9.518776893615723,2.0243375301361084,0.26272642612457275
756,9269,6,6,1,-0.7964007258415222,-2.4531049728393555,-1.5955779552459717,-7.054566383361816,-1.057740330696106,-0.15575693547725677,13.499512672424316,-8.028671264648438,0.25138193368911743,-4.334822177886963
757,4760,7,7,1,-5.793697357177734,4.518848419189453,-0.30514979362487793,0.3652631342411041,-6.451796054840088,-6.998172283172607,-13.790681838989258,9.390496253967285,-1.9028611183166504,0.3508438169956207
758,8408,8,5,0,-2.559281826019287,-6.2110466957092285,1.1871724128723145,-1.8294063806533813,-7.082302093505859,3.3159990310668945,1.708692193031311,-2.318967580795288,-0.969343364238739,-6.946990013122559
759,2755,9,9,1,-7.59183931350708,-6.743061065673828,-6.661574840545654,-3.745915174484253,4.915373802185059,-3.6791181564331055,-11.067113876342773,-0.4891786277294159,0.3780144155025482,11.013254165649414
760,4186,0,0,1,13.601654052734375,-6.088733673095703,-0.011114532127976418,-5.984406471252441,-4.0460381507873535,-7.573901653289795,-0.8751706480979919,-2.7021524906158447,-2.930889844894409,-0.517825186252594
761,3434,1,1,1,-1.5472867488861084,9.785069465637207,-3.325334072113037,-7.3862199783325195,-1.7193619012832642,-2.600396156311035,-0.6673429012298584,-1.254502534866333,-0.65293288230896,-2.345155954360962
762,4517,2,2,1,-7.266970634460449,-2.8334076404571533,19.95755386352539,1.981494665145874,-5.815245628356934,-10.162108421325684,-6.896610260009766,-2.4292263984680176,-0.9708696603775024,-12.753551483154297
763,9409,3,3,1,-18.25161361694336,-1.0423734188079834,-4.367819309234619,22.804365158081055,-19.4973087310791,-1.8360159397125244,-14.17587661743164,-5.966413974761963,0.5028764009475708,0.6164630651473999
764,8247,4,4,1,-11.36150074005127,-1.7162214517593384,-2.045313835144043,-7.686840534210205,14.938255310058594,-6.212352275848389,-8.216279983520508,0.7383889555931091,-3.583296298980713,3.593482255935669
765,1131,5,5,1,-5.454883575439453,-3.9307432174682617,-8.340837478637695,-7.875292778015137,-5.836025238037109,13.814785957336426,7.304294586181641,-7.66325044631958,-1.3550313711166382,-2.2086257934570312
766,6325,6,6,1,1.0466431379318237,-4.049370765686035,-0.34218892455101013,-6.74545955657959,-0.6932182312011719,-2.012683629989624,13.993759155273438,-7.217960834503174,0.18065164983272552,-4.666429042816162
767,832,7,7,1,-11.47726058959961,-1.1113972663879395,0.014574259519577026,3.151718854904175,-2.8885996341705322,-7.821831703186035,-15.665314674377441,10.214544296264648,-5.399641513824463,-2.4094178676605225
768,9450,8,8,1,-4.340908527374268,-4.444467067718506,-2.1792831420898438,-3.573453664779663,-14.146381378173828,1.2386350631713867,4.779970645904541,-10.353289604187012,13.58867073059082,-3.6178436279296875
769,8288,9,9,1,-7.54988431930542,-7.308021068572998,-8.100353240966797,-8.283187866210938,5.294476509094238,2.2638089656829834,-2.387392997741699,-2.408607006072998,0.36070916056632996,12.009149551391602
770,4650,0,0,1,14.708864212036133,-5.583420276641846,0.23757529258728027,-4.008670330047607,-1.4604508876800537,-6.418338775634766,2.853942632675171,-4.017820358276367,-7.626715660095215,4.136707305908203
771,6758,1,1,1,-3.1312222480773926,11.967936515808105,-0.9686943292617798,-7.391160488128662,1.9633331298828125,-7.149871826171875,-3.485670804977417,-0.27049505710601807,-1.8629282712936401,-1.7595653533935547
772,4969,2,2,1,0.1327473223209381,4.549116611480713,15.46396541595459,0.20971110463142395,-10.261188507080078,-10.155433654785156,-10.90513801574707,6.281447410583496,-4.157644271850586,-4.54849910736084
773,2551,3,3,1,-15.102057456970215,-1.1410118341445923,-5.243767738342285,16.971284866333008,-19.884164810180664,3.353109836578369,-10.120341300964355,-7.732419490814209,8.396587371826172,-4.0487775802612305
774,4768,4,4,1,-3.5000648498535156,-2.8355553150177,-2.13254714012146,-6.497589111328125,13.538198471069336,-4.409952640533447,1.1182315349578857,-4.0464396476745605,-2.2773642539978027,3.347003698348999
775,3100,5,5,1,-5.207449436187744,-2.793760061264038,-4.781487464904785,5.9273457527160645,-14.856285095214844,10.981843948364258,-3.669139862060547,-4.375520706176758,1.3780150413513184,-0.03225603699684143
776,8177,6,6,1,0.8584742546081543,-5.460760593414307,-3.4207985401153564,-6.4498209953308105,-0.4338417053222656,0.7946346998214722,13.522819519042969,-9.294050216674805,0.9587858319282532,0.045717753469944
777,8698,7,7,1,-5.7589030265808105,-1.9599848985671997,-3.082181930541992,-3.085195779800415,-1.4076688289642334,-3.6507933139801025,-16.18952751159668,10.999837875366211,-2.149348735809326,2.0879666805267334
778,8699,8,8,1,-8.737048149108887,-8.966232299804688,-7.339690208435059,-1.282329797744751,-6.44048547744751,0.9956419467926025,-4.343512535095215,-11.71037769317627,16.898208618164062,-4.34421968460083
779,2414,9,4,0,-6.084903717041016,-2.3750503063201904,-2.9554684162139893,-6.000708103179932,6.767714023590088,-9.464088439941406,-9.80837345123291,0.9522641897201538,-1.6467822790145874,4.335189342498779
780,1197,0,0,1,8.911338806152344,-4.899369716644287,-2.189525842666626,-4.785787582397461,-4.87988805770874,-3.6314995288848877,1.8162444829940796,-2.1958577632904053,-1.7801159620285034,-1.838887333869934
781,8187,1,1,1,-2.843320369720459,10.334329605102539,-0.08721356093883514,-6.656331539154053,0.8354519009590149,-7.731184959411621,-4.525791645050049,0.9792919754981995,-0.9479302167892456,-1.848227858543396
782,8394,2,2,1,-4.044919013977051,-1.6903516054153442,17.2833251953125,0.6201427578926086,-6.2303080558776855,-8.217613220214844,-10.793245315551758,5.881689071655273,-3.661074638366699,-9.35218334197998
783,6563,3,3,1,-10.4571533203125,-5.292357444763184,-0.6659471392631531,10.769420623779297,-6.786755561828613,-1.9150116443634033,-13.20611572265625,-1.2631030082702637,-1.3110313415527344,-1.2913652658462524
784,2847,4,4,1,-6.428961753845215,-3.046088695526123,-3.8311145305633545,-5.769625186920166,13.018683433532715,-1.766364574432373,-6.056462287902832,-1.3386013507843018,-7.748116970062256,4.24511194229126
785,6324,5,5,1,-13.403075218200684,0.7622015476226807,-11.571231842041016,1.498400092124939,-13.499855995178223,16.930038452148438,2.0396652221679688,-9.281458854675293,3.8890650272369385,2.5028438568115234
786,2732,6,6,1,-2.515714645385742,-0.8559433817863464,-1.7486594915390015,-4.613945484161377,-2.4329006671905518,2.3193235397338867,7.972562789916992,-5.7609453201293945,1.1311959028244019,-6.005356311798096
787,3494,7,7,1,-2.057450532913208,2.6659305095672607,3.1518235206604004,-0.5993760824203491,-9.310909271240234,-7.087342262268066,-12.286336898803711,8.321179389953613,-2.7497286796569824,2.397630453109741
788,5601,8,8,1,-9.011594772338867,-3.945706605911255,4.200189590454102,-1.5220837593078613,-1.0332506895065308,-7.250524520874023,-5.139438629150391,-3.995880365371704,9.585186958312988,-12.125100135803223
789,3891,9,9,1,-7.861538887023926,-7.665491104125977,-7.57312536239624,-2.4011688232421875,4.540595054626465,-2.1860861778259277,-13.224787712097168,-2.8314685821533203,0.0853765606880188,11.628400802612305
790,2370,0,0,1,11.538398742675781,-7.923867225646973,0.788224458694458,-3.6879425048828125,-2.449930191040039,-5.668620586395264,3.1648712158203125,-4.61042594909668,-4.459353446960449,0.7288870215415955
791,4153,1,1,1,-4.955712795257568,12.207457542419434,-3.816438674926758,-6.640214920043945,-1.1395694017410278,-4.195631980895996,-2.1220619678497314,-1.5721759796142578,-0.48480913043022156,-0.5785055756568909
792,6266,2,2,1,-7.80703067779541,0.6660705208778381,15.00101375579834,2.6919355392456055,-6.496365547180176,-6.573022365570068,-7.514599800109863,1.0395066738128662,-1.133259654045105,-9.584278106689453
793,577,3,3,1,-11.3009672164917,-3.326505184173584,-4.237005710601807,15.064825057983398,-11.440232276916504,-3.4053773880004883,-8.958828926086426,-2.4965603351593018,0.9372075796127319,-3.259901285171509
794,908,4,4,1,-6.465333461761475,0.8644599914550781,-0.935362696647644,-6.94860315322876,12.606043815612793,-6.2708940505981445,-3.5988636016845703,0.9638078212738037,-4.935688018798828,0.1435139924287796
795,6385,5,5,1,-11.350244522094727,-1.6315791606903076,-10.03345775604248,7.535757541656494,-14.951058387756348,18.012422561645508,-5.915665149688721,-6.804651737213135,-0.30915260314941406,3.644061803817749
796,499,6,6,1,-1.2932442426681519,-2.8760602474212646,-0.9793150424957275,-4.199171543121338,-5.288532733917236,2.052647829055786,9.559944152832031,-5.840598106384277,1.2767895460128784,-4.96185827255249
797,2238,7,7,1,-4.310192584991455,1.8097681999206543,1.6020402908325195,0.16167959570884705,-9.874855995178223,-8.861724853515625,-18.568374633789062,13.034263610839844,-4.7973809242248535,1.4939030408859253
798,4839,8,8,1,-6.461381912231445,-4.708841323852539,-0.4530348777770996,3.454575777053833,-9.4795560836792,-5.390260696411133,-8.241968154907227,-1.29031503200531,9.5287446975708,-1.6312552690505981
799,9571,9,9,1,-9.328863143920898,-6.371402263641357,-5.377986431121826,-2.8950836658477783,5.726743221282959,-5.060776233673096,-12.38134765625,-0.3758796751499176,-0.5390570163726807,10.5748929977417
800,7555,0,0,1,12.277246475219727,-8.477972030639648,-2.9919545650482178,-5.507505416870117,0.1833178550004959,-5.993102550506592,2.0942893028259277,-5.945507049560547,-3.3941092491149902,3.3473336696624756
801,790,1,1,1,-3.617314577102661,11.237972259521484,-4.38440465927124,-5.981472969055176,-4.2033233642578125,-2.9496634006500244,-2.2430617809295654,-1.0017169713974,0.42638668417930603,-2.73777174949646
802,4451,2,2,1,-2.066305637359619,3.0480334758758545,8.876617431640625,0.08977773040533066,-5.874345302581787,-4.842750549316406,-5.6638617515563965,2.5676493644714355,-2.0043227672576904,-3.2402913570404053
803,2985,3,3,1,-11.74698543548584,0.18562889099121094,-1.8713337182998657,10.787202835083008,-6.513862133026123,-0.20496049523353577,-12.68661880493164,-2.9482533931732178,-0.25889959931373596,-0.5903366804122925
804,7402,4,4,1,-7.850874423980713,-2.314415693283081,-5.655993461608887,-9.17149829864502,12.461315155029297,-4.541179180145264,-6.239661693572998,-0.9672755002975464,0.5773875117301941,1.6241648197174072
805,8702,5,5,1,-10.091850280761719,-1.9303933382034302,-11.846980094909668,-0.4002330005168915,-9.168086051940918,17.722196578979492,-2.2860589027404785,-11.076339721679688,3.906637191772461,2.0928525924682617
806,5484,6,6,1,0.6388744115829468,-3.654001474380493,-2.287672519683838,-7.094609260559082,0.8940973877906799,-0.4854543209075928,14.640547752380371,-8.524284362792969,-0.7383257150650024,-1.9160302877426147
807,2887,7,7,1,-6.611752033233643,0.3784981369972229,0.3610191345214844,-0.44108694791793823,-5.354190349578857,-6.240625381469727,-17.754432678222656,11.32667064666748,-3.36051082611084,0.9576759934425354
808,5349,8,8,1,-3.378641366958618,-5.281914234161377,-0.8479438424110413,-3.0392773151397705,-6.357942581176758,-3.2293355464935303,-4.808565139770508,-4.8453803062438965,10.654603958129883,-4.501845836639404
809,3820,9,9,1,4.483055114746094,-9.028999328613281,-2.6777002811431885,-1.0659061670303345,-2.4376208782196045,-2.8141274452209473,-3.42571759223938,0.5533235669136047,-2.5048153400421143,10.577619552612305
810,4365,0,0,1,11.565324783325195,-8.601028442382812,-1.8850808143615723,-4.010446071624756,-1.386173129081726,-5.900693416595459,0.030534494668245316,-3.865150213241577,-4.534544944763184,4.999917030334473
811,4603,1,1,1,-4.706673622131348,10.968335151672363,-3.747154474258423,-5.270402431488037,-0.27043893933296204,-4.338142395019531,-3.4195499420166016,-0.8517296314239502,-1.1190357208251953,-0.7095726132392883
812,7564,2,2,1,-7.7267045974731445,1.9709985256195068,13.601526260375977,1.0249598026275635,-5.166629314422607,-10.399324417114258,-9.971953392028809,3.6799066066741943,-1.5866191387176514,-9.603277206420898
813,1290,3,5,0,-6.831608295440674,0.6682928800582886,-7.821992874145508,6.647500038146973,-5.964371681213379,7.5312581062316895,-4.36181640625,-7.613801956176758,0.6223424673080444,3.057312250137329
814,7056,4,4,1,-10.975980758666992,1.1689064502716064,-0.9507040977478027,-10.085010528564453,16.63100242614746,-7.702170372009277,-9.354873657226562,4.194511413574219,-4.395712375640869,-2.0901224613189697
815,7541,5,5,1,-4.470304012298584,-2.860987901687622,-6.845553874969482,1.247349739074707,-4.004753589630127,8.340231895446777,-2.917964458465576,-4.851161003112793,-4.648412227630615,0.5829612612724304
816,6691,6,6,1,2.4606730937957764,-7.875407695770264,-3.0828092098236084,-4.616782188415527,-5.136453628540039,3.054353952407837,12.018845558166504,-11.10796070098877,2.7547833919525146,-4.429676055908203
817,9721,7,7,1,-4.487762451171875,-0.1219160407781601,-4.519865989685059,-2.2826123237609863,-5.143636703491211,-2.3234479427337646,-14.0499906539917,9.743535041809082,-1.162311315536499,2.5987253189086914
818,7979,8,8,1,-5.840901851654053,-11.665617942810059,-1.8879616260528564,-3.193325996398926,-9.993363380432129,-4.6040449142456055,-5.131077766418457,-8.244457244873047,15.329777717590332,-0.7118781208992004
819,185,9,9,1,-3.937969923019409,-4.286077499389648,-5.284246444702148,-4.463004112243652,4.030361175537109,-2.5970513820648193,-3.3878214359283447,-0.9593738317489624,-0.9035550355911255,10.380464553833008
820,6818,0,0,1,12.033560752868652,-8.568431854248047,-1.3630115985870361,-1.8861700296401978,-10.394503593444824,-1.409936547279358,-1.274289608001709,-3.3846867084503174,-2.9843428134918213,-6.165165424346924
821,8078,1,1,1,-4.662927627563477,11.879436492919922,-3.8429315090179443,-4.74616813659668,-2.1436047554016113,-5.9205322265625,-3.8164219856262207,-0.10230247676372528,-0.6642035245895386,-2.0916624069213867
822,974,2,2,1,-2.2017853260040283,5.329289436340332,19.385997772216797,-1.140771746635437,-9.771502494812012,-10.310050010681152,-10.048494338989258,3.5747127532958984,-4.70695686340332,-6.373021602630615
823,7595,3,3,1,-8.465733528137207,-5.148176193237305,-3.7930753231048584,12.50961685180664,-11.364043235778809,-1.5192970037460327,-8.47817611694336,-7.527347564697266,5.353668212890625,1.424543857574463
824,2165,4,4,1,-7.260998725891113,2.3615901470184326,-4.134129047393799,-9.276082992553711,18.08208656311035,-7.097894668579102,-1.94905424118042,1.0240651369094849,-7.429163455963135,2.837468147277832
825,9830,5,5,1,-3.812243700027466,-0.18467263877391815,-12.106046676635742,-0.657994270324707,-13.186363220214844,13.746267318725586,-1.0866767168045044,-6.155316352844238,2.334094285964966,1.7261581420898438
826,7050,6,6,1,0.34349730610847473,-5.357027530670166,-1.6292630434036255,-6.76554536819458,-1.0148756504058838,-0.2567358613014221,13.471405029296875,-10.882678985595703,2.6728618144989014,-4.050981521606445
827,8421,7,7,1,-4.894811630249023,-0.06425102055072784,1.5557688474655151,0.3500356078147888,-10.744244575500488,-6.591897964477539,-18.486913681030273,14.114842414855957,-2.629122495651245,-0.7195954322814941
828,3091,8,8,1,-2.3871054649353027,-11.38518238067627,-5.261682033538818,-0.8532750606536865,-11.013636589050293,0.6191431283950806,-3.874239444732666,-11.891939163208008,12.84066390991211,2.094547748565674
829,7991,9,9,1,-7.902461528778076,-10.292431831359863,-5.5692973136901855,-3.588809013366699,0.8620439767837524,-5.280132293701172,-16.047653198242188,0.25738197565078735,2.563361644744873,11.904668807983398
830,4023,0,0,1,13.996426582336426,-8.626282691955566,-3.6574079990386963,-4.545657157897949,-6.963165760040283,-0.7324802875518799,-2.6739258766174316,-4.141251087188721,-4.326089859008789,1.6972284317016602
831,5318,1,1,1,-1.6452248096466064,13.61328411102295,-2.8278048038482666,-8.925520896911621,0.9647626876831055,-5.593399524688721,-2.3038482666015625,-0.7614930868148804,-3.1788582801818848,-1.0221067667007446
832,8693,2,2,1,-5.989588737487793,-2.282684564590454,13.330132484436035,-0.09539593011140823,-0.8396397829055786,-8.140337944030762,-6.511404037475586,0.35499128699302673,-0.4545685648918152,-10.73226261138916
833,6875,3,3,1,-15.135388374328613,-2.0414252281188965,-3.291006326675415,20.7056884765625,-14.500872611999512,-2.877483606338501,-13.534010887145996,-4.76383638381958,-1.0892497301101685,-2.8058314323425293
834,2169,4,4,1,-11.27497673034668,-2.381466865539551,-4.3363938331604,-6.518818378448486,14.7955322265625,-5.362102031707764,-8.24370002746582,0.9295104146003723,-3.962156057357788,5.026392936706543
835,8710,5,5,1,-9.314339637756348,-4.399308204650879,-10.868572235107422,0.3545137047767639,-7.109017848968506,15.792250633239746,-2.55096697807312,-10.469159126281738,1.2041630744934082,3.0977330207824707
836,5117,6,6,1,4.283971309661865,-8.248720169067383,-3.611128568649292,-7.154416084289551,-2.571575164794922,0.6006836295127869,14.081750869750977,-10.325117111206055,0.8155825138092041,-3.041712522506714
837,2399,7,7,1,-3.2191147804260254,0.5418935418128967,2.5084052085876465,-1.0506027936935425,-6.789674758911133,-6.37362813949585,-16.758506774902344,11.730756759643555,-3.6768455505371094,1.5877875089645386
838,184,8,8,1,-5.220024585723877,-8.62076187133789,3.2571070194244385,6.404524326324463,-11.08340072631836,-5.968440532684326,-8.268218994140625,-4.369253635406494,7.883559226989746,-5.811559200286865
839,6508,9,9,1,-11.547225952148438,-9.430806159973145,-9.167799949645996,-1.7083022594451904,5.076188564300537,-3.1922101974487305,-17.169389724731445,-0.14784856140613556,-0.25153040885925293,15.818316459655762
840,4070,0,0,1,16.64006233215332,-8.383258819580078,0.6984350085258484,-5.519567966461182,-8.164495468139648,-4.493872165679932,-3.703420639038086,-1.8585400581359863,-6.0832600593566895,3.144408941268921
841,6694,1,1,1,-4.2898406982421875,8.21717643737793,3.031123399734497,-4.849037170410156,1.9959163665771484,-7.207289695739746,-5.2508649826049805,2.4169509410858154,-0.7797643542289734,-5.682377815246582
842,7400,2,2,1,-6.855429172515869,-2.107752799987793,11.300065040588379,-1.6815638542175293,0.9919790625572205,-9.119258880615234,-10.32617473602295,6.212351322174072,-3.9056179523468018,-7.0693840980529785
843,1763,3,3,1,-10.07787036895752,-0.502131462097168,-3.53973388671875,12.093027114868164,-9.679742813110352,0.040132343769073486,-9.215399742126465,-4.143372058868408,0.9303938746452332,0.20160071551799774
844,3029,4,4,1,-8.624238014221191,-1.0800409317016602,-4.925008296966553,-6.697038650512695,13.242997169494629,-4.589323043823242,-6.847348690032959,0.6906073093414307,-4.745894432067871,4.058598518371582
845,2040,5,5,1,-2.3483569622039795,-6.950921058654785,-6.476632118225098,-5.8499274253845215,-7.204285621643066,9.788481712341309,5.464881420135498,-8.810543060302734,2.5337023735046387,-3.3694965839385986
846,8326,6,6,1,2.8092472553253174,-0.4371519684791565,4.289668560028076,-6.282776832580566,4.825178146362305,-5.341465950012207,8.445340156555176,-3.2815442085266113,-6.292325496673584,-9.194303512573242
847,2749,7,7,1,-7.304916858673096,-5.699359893798828,-5.849190711975098,-1.8799065351486206,-3.2689170837402344,-0.30036643147468567,-18.111949920654297,10.590409278869629,-3.834071636199951,4.853041172027588
848,8530,8,8,1,-6.091955661773682,-9.611076354980469,0.2076801210641861,0.3750115633010864,-1.4169338941574097,-2.3734753131866455,-6.80364465713501,-10.142402648925781,10.440935134887695,0.009937952272593975
849,4560,9,9,1,-3.7102370262145996,-3.1935155391693115,-2.904867172241211,-3.5121161937713623,0.09319333732128143,0.5320462584495544,-2.443826913833618,0.5814632177352905,-1.4630829095840454,12.865440368652344
850,2081,0,0,1,12.324660301208496,-4.022936820983887,1.8870941400527954,-6.311920642852783,-5.537768363952637,-5.553511619567871,0.6999062895774841,-2.865785837173462,-2.6762144565582275,-2.410229206085205
851,4930,1,1,1,-6.490821838378906,11.810650825500488,0.26585304737091064,-5.804722785949707,2.2983367443084717,-4.353871822357178,-1.0806533098220825,-1.0243182182312012,-0.8632787466049194,-0.5292036533355713
852,2462,2,6,0,4.547090530395508,-10.359118461608887,1.7811790704727173,-7.552299976348877,-4.234655857086182,-1.6083916425704956,6.711042404174805,-7.61009407043457,2.7801246643066406,-1.819220781326294
853,1426,3,3,1,-16.313005447387695,0.8729697465896606,-3.5030453205108643,18.24795913696289,-14.66406536102295,-0.18068264424800873,-12.916934967041016,-4.800865650177002,1.2761896848678589,-4.133083820343018
854,6265,4,4,1,-7.258382320404053,-1.6993004083633423,-5.412508964538574,-10.29621410369873,16.98370361328125,-6.40482234954834,-5.203693389892578,-0.5931631922721863,-2.6261119842529297,2.313699245452881
855,2930,5,5,1,-2.7477264404296875,-2.1227827072143555,-7.198111534118652,-2.4006075859069824,-3.4273602962493896,5.359006404876709,-4.818787574768066,0.6175037622451782,-1.1922880411148071,-0.032583773136138916
856,6550,6,6,1,-1.1597501039505005,-3.8027334213256836,-1.318131446838379,-7.348161697387695,-2.261005401611328,-0.21415290236473083,13.786524772644043,-9.428792953491211,2.553149461746216,-4.414919853210449
857,4821,7,7,1,-3.269392251968384,-5.153657913208008,-3.8154513835906982,-2.8701531887054443,-7.418035507202148,-0.4719175100326538,-14.02840518951416,12.120963096618652,-3.473670721054077,3.9219439029693604
858,7127,8,8,1,-8.030799865722656,-5.394470691680908,-6.516185760498047,-0.7604899406433105,-8.478019714355469,0.8158280253410339,-5.61275053024292,-5.5010552406311035,13.232372283935547,-5.261435031890869
859,206,9,9,1,-8.72011661529541,-5.67366886138916,-7.334278106689453,-3.539537191390991,1.4835519790649414,-2.042552947998047,-10.438482284545898,-2.102800130844116,3.8236443996429443,13.34345817565918
860,6163,0,0,1,11.959762573242188,-11.905478477478027,-3.7516191005706787,-5.614727973937988,-1.470219612121582,-0.7964131236076355,2.368415117263794,-6.010168075561523,-5.4790496826171875,-0.9098559617996216
861,2343,1,1,1,-3.0534229278564453,7.533755302429199,0.6246815919876099,-2.4819138050079346,-4.4969258308410645,-7.93257999420166,-9.171238899230957,4.857262134552002,-1.1278599500656128,-0.6929341554641724
862,3876,2,2,1,-1.741191029548645,2.495515823364258,10.058686256408691,2.0289719104766846,-9.089716911315918,-9.12877082824707,-6.91642427444458,1.4051060676574707,-0.7281630039215088,-10.13431453704834
863,8272,3,3,1,-13.243840217590332,-1.3906160593032837,-5.130476951599121,15.0118989944458,-11.7454252243042,3.7121517658233643,-9.092964172363281,-9.377503395080566,5.05391263961792,-4.949291706085205
864,9766,4,4,1,-5.6125078201293945,0.3409229815006256,-0.6810243129730225,-7.781788349151611,12.506125450134277,-4.702248573303223,-3.2272651195526123,0.017272217199206352,-4.2174577713012695,-1.827915072441101
865,8415,5,5,1,-7.3988471031188965,-6.416520118713379,-8.098031044006348,2.308988094329834,-7.469083309173584,12.980202674865723,-3.08241868019104,-9.256814956665039,2.1263935565948486,-0.3007782995700836
866,9001,6,6,1,-0.18545444309711456,-4.422746181488037,-0.5778536796569824,-5.862406253814697,0.8790431618690491,-1.1820029020309448,11.955121994018555,-8.095378875732422,0.8486411571502686,-3.080878734588623
867,8151,7,7,1,-3.7611324787139893,2.2581160068511963,2.9482834339141846,-0.3926037549972534,-7.980774402618408,-5.788679599761963,-14.569828033447266,9.819059371948242,-3.5603439807891846,1.6164840459823608
868,520,8,8,1,-5.22114896774292,-3.298088312149048,-5.390938758850098,-2.1565189361572266,-6.375627517700195,0.02716756798326969,-1.1437623500823975,-7.980376243591309,10.924683570861816,-0.6956620812416077
869,4134,9,9,1,-1.060684323310852,-5.037637233734131,-5.840479850769043,-3.5082969665527344,2.2381062507629395,-3.6799376010894775,-5.562243461608887,-0.5660783052444458,-2.1235177516937256,10.89566707611084
870,972,0,0,1,15.464810371398926,-7.092700958251953,-0.7603757977485657,-5.7722954750061035,-6.744563102722168,-3.9515721797943115,0.2558245360851288,-4.885043621063232,-4.815882205963135,2.8235044479370117
871,8048,1,1,1,-2.7884018421173096,12.611518859863281,-3.806025743484497,-7.515732765197754,-2.1661481857299805,-5.576619625091553,-2.8739821910858154,-1.960315227508545,-0.3965482711791992,-1.3613886833190918
872,926,2,2,1,-0.25858190655708313,-8.702221870422363,6.683813571929932,-3.672940492630005,-6.483119010925293,-2.376915454864502,2.400620222091675,-5.413959980010986,4.653068542480469,-3.8315229415893555
873,9582,3,3,1,-12.729372024536133,-3.125001907348633,-7.05271577835083,16.50514793395996,-13.531218528747559,-0.2321883887052536,-15.803984642028809,-4.458381652832031,0.6694366931915283,1.6981635093688965
874,9381,4,4,1,-10.70207405090332,-3.1878368854522705,-8.401598930358887,-9.767937660217285,18.35409927368164,-2.469970941543579,-7.927759647369385,2.2041592597961426,-2.2638139724731445,5.003942012786865
875,7559,5,5,1,-6.958895206451416,-1.3668357133865356,-11.606690406799316,3.816054105758667,-11.477860450744629,18.30867576599121,-4.501198768615723,-7.337264537811279,0.10731342434883118,5.983362197875977
876,8967,6,6,1,-2.4019827842712402,-6.50855016708374,-2.9010632038116455,-5.203263282775879,-6.578293323516846,3.830857992172241,14.474422454833984,-12.638639450073242,4.319399833679199,-8.47354507446289
877,6208,7,7,1,-3.59828519821167,-0.8105553984642029,-1.1783959865570068,-1.6793873310089111,-6.552221298217773,-4.188222408294678,-15.153058052062988,10.236712455749512,-2.2268123626708984,3.090820789337158
878,1740,8,8,1,-3.5368332862854004,-8.187919616699219,-4.516413688659668,0.6442258954048157,-8.826706886291504,2.2186081409454346,0.44771328568458557,-10.700490951538086,10.515432357788086,-5.07577657699585
879,5333,9,9,1,-8.549604415893555,-11.981145858764648,-8.332198143005371,1.5627155303955078,0.44156476855278015,-1.2641816139221191,-16.760238647460938,-1.1569488048553467,-1.082482933998108,16.413616180419922
880,4065,0,0,1,2.498697519302368,-6.595461845397949,0.2807575464248657,0.310695618391037,-10.802035331726074,2.4671032428741455,1.317516565322876,-2.485137701034546,-1.0165833234786987,-1.671271562576294
881,7517,1,1,1,-2.915151357650757,10.9937105178833,-3.2892956733703613,-7.814669609069824,-1.1999605894088745,-3.5569138526916504,-1.8728243112564087,-2.0840346813201904,0.31336966156959534,-2.0076444149017334
882,3337,2,2,1,-6.659841060638428,0.28636544942855835,9.592639923095703,-0.28113898634910583,-2.822566032409668,-13.792252540588379,-11.618623733520508,8.634193420410156,-2.9359140396118164,-9.5100679397583
883,5708,3,3,1,-14.126819610595703,1.378615140914917,-6.291597366333008,19.39734649658203,-17.73503303527832,3.1249425411224365,-14.163280487060547,-4.419451713562012,1.2227602005004883,-2.6616852283477783
884,5355,4,4,1,-2.248615264892578,-1.571656346321106,-4.799370765686035,-6.743685245513916,14.486227035522461,-5.566352367401123,1.4132548570632935,-1.9130228757858276,-4.889785289764404,3.1723031997680664
885,2515,5,5,1,-8.166054725646973,-5.175936222076416,-8.355013847351074,-5.7310919761657715,-10.812321662902832,14.525617599487305,5.116826057434082,-6.924745559692383,3.6043999195098877,6.375796318054199
886,7758,6,6,1,0.09835536032915115,-5.322533130645752,-3.7098422050476074,-8.705648422241211,-1.7724612951278687,1.5395691394805908,15.858931541442871,-11.178296089172363,2.4167306423187256,-2.110854387283325
887,4083,7,7,1,-6.314097881317139,-1.502719521522522,0.13316597044467926,-0.5502544641494751,-5.984618186950684,-4.89499568939209,-15.804773330688477,11.934338569641113,-1.8173191547393799,1.0863428115844727
888,9564,8,8,1,-7.5107035636901855,-6.160584926605225,1.5924912691116333,0.9545189738273621,-9.624977111816406,-1.3614963293075562,-5.193376064300537,-6.505116939544678,12.056167602539062,-5.098221302032471
889,521,9,9,1,-7.302313327789307,-4.33967399597168,-7.476059913635254,-0.5812610387802124,4.237507343292236,-3.954141616821289,-11.649336814880371,-2.5676393508911133,-4.192346096038818,12.269224166870117
890,346,0,0,1,10.201869010925293,-5.550055027008057,-2.5218586921691895,-5.5485453605651855,-9.965407371520996,-1.0889073610305786,-5.037505626678467,-0.47008204460144043,-0.5573691129684448,-3.7824881076812744
891,3652,1,1,1,-2.155306339263916,10.010184288024902,-3.916362762451172,-6.743786334991455,-1.6570607423782349,-2.8042755126953125,0.07822281122207642,-1.861557126045227,-0.8481603860855103,-1.5087916851043701
892,5761,2,2,1,-5.232100963592529,0.9611010551452637,16.576807022094727,-0.3239676356315613,-6.8862104415893555,-7.844770908355713,-3.9939534664154053,1.9571526050567627,-2.549891233444214,-13.954545974731445
893,205,3,3,1,-10.450739860534668,-2.867060661315918,-1.485237717628479,12.668749809265137,-8.938910484313965,-1.080100417137146,-10.588245391845703,-1.8577214479446411,-1.463650107383728,-2.6517746448516846
894,6543,4,4,1,-12.184560775756836,-0.7738201022148132,4.030258655548096,-4.43704891204834,9.650005340576172,-4.781845569610596,-5.867055892944336,2.138150215148926,-6.264303684234619,-4.681250095367432
895,7673,5,5,1,-4.467001914978027,-4.5214009284973145,-5.303042888641357,-1.8127583265304565,-9.788506507873535,9.996766090393066,0.729665219783783,-3.2997279167175293,0.11354945600032806,5.379179954528809
896,4388,6,6,1,-1.3546198606491089,-7.511851787567139,-5.328277111053467,-5.78387975692749,-4.584120273590088,4.324017524719238,13.986437797546387,-9.345844268798828,-1.219171404838562,-5.224460124969482
897,133,7,7,1,-8.190143585205078,-3.7982733249664307,2.9818036556243896,4.814137935638428,-10.190361022949219,-4.715928077697754,-19.3571834564209,13.797977447509766,-4.207686424255371,-3.2126028537750244
898,538,8,8,1,-2.3678460121154785,-7.186942100524902,-2.179687738418579,-0.09236712753772736,-6.158947467803955,-1.4951245784759521,-0.451862096786499,-8.13310432434082,8.224040985107422,-2.8216464519500732
899,4454,9,9,1,-7.872105121612549,-7.444735050201416,-5.690022945404053,2.355623722076416,-3.5267341136932373,-0.3314368724822998,-13.205670356750488,-4.761515140533447,4.631877899169922,10.16512393951416
900,6211,0,0,1,13.58017349243164,-9.495100021362305,-2.6494131088256836,-5.799737930297852,-6.1734843254089355,-1.349025011062622,1.2563986778259277,-6.011272430419922,-3.4395580291748047,-4.031059741973877
901,4732,1,1,1,-1.5794132947921753,12.560568809509277,-0.7222952842712402,-7.8282599449157715,-1.377463698387146,-6.579233646392822,-3.441237688064575,0.4050073027610779,-0.9703213572502136,-4.018129348754883
902,9547,2,2,1,-4.314728736877441,-4.703361511230469,18.77865219116211,1.02029550075531,-4.68521785736084,-8.075864791870117,-9.934311866760254,2.715134382247925,-1.601712703704834,-7.801056385040283
903,1384,3,3,1,-9.65595531463623,0.8849208950996399,-0.891535758972168,11.561861038208008,-11.437722206115723,-3.131620407104492,-9.915634155273438,-0.09825951606035233,0.9508698582649231,-3.5504839420318604
904,3610,4,4,1,-7.31242036819458,-0.3228108286857605,-2.5302305221557617,-8.968652725219727,15.798249244689941,-5.332641124725342,-2.4479382038116455,-0.8533823490142822,-4.268308639526367,0.1366126388311386
905,2814,5,5,1,-4.324762344360352,-5.673399925231934,-7.460197925567627,0.2633063793182373,-13.037908554077148,13.04196834564209,1.9234700202941895,-9.106868743896484,5.893222332000732,-1.4753530025482178
906,1151,6,6,1,-3.811995506286621,-3.6839661598205566,-2.1594505310058594,-2.0872716903686523,-5.519041061401367,3.072608709335327,8.868614196777344,-9.22441291809082,3.2363572120666504,-5.761455059051514
907,3189,7,7,1,-6.5903120040893555,-1.5278185606002808,2.2349114418029785,-2.612865924835205,-2.600602388381958,-0.22426511347293854,-5.496291160583496,5.920271873474121,-3.552663564682007,-2.9913790225982666
908,4305,8,8,1,-4.388336658477783,-9.20751953125,-3.063363790512085,-3.6990809440612793,-12.332856178283691,-1.6083301305770874,-0.7753121256828308,-7.707056045532227,14.298187255859375,-3.0298941135406494
909,5106,9,9,1,-7.359766483306885,-6.933369159698486,-7.372177600860596,-3.97609543800354,6.111562728881836,-3.6890382766723633,-13.8660249710083,1.7657068967819214,-2.8983075618743896,13.476619720458984
910,183,0,0,1,16.14510726928711,-6.357384204864502,2.783172369003296,-5.426958084106445,-3.1786649227142334,-7.497649669647217,2.0996835231781006,-3.745556354522705,-7.326251029968262,3.62831711769104
911,3532,1,1,1,-5.848339557647705,11.555438041687012,-1.9390517473220825,-4.201072692871094,-0.5397424697875977,-3.4284491539001465,-3.8793482780456543,0.6279172301292419,-0.8492483496665955,-2.874587059020996
912,208,2,2,1,-4.314511775970459,0.13896676898002625,16.39417266845703,-0.6626971960067749,-3.6205766201019287,-8.638869285583496,-6.6434855461120605,3.831387758255005,-3.804532289505005,-10.618181228637695
913,933,3,3,1,-11.834932327270508,-4.22152853012085,-2.036015510559082,16.76158905029297,-12.200864791870117,-0.325583815574646,-11.520800590515137,-5.437624931335449,1.561058759689331,-4.585460662841797
914,7947,4,4,1,-5.477015972137451,-0.3237728774547577,-4.058894157409668,-9.756644248962402,17.92106056213379,-5.772823810577393,1.9625965356826782,-0.14959146082401276,-7.05413818359375,0.47002989053726196
915,1931,5,5,1,-7.452229022979736,-0.4563100039958954,-10.821585655212402,1.989679217338562,-5.82821798324585,11.649362564086914,-1.3634226322174072,-7.856970310211182,0.020970191806554794,1.3520981073379517
916,1266,6,6,1,-0.3392299711704254,-2.8444290161132812,-3.9547791481018066,-5.775680065155029,3.9232800006866455,-1.660646677017212,10.189980506896973,-5.217041015625,-1.0090305805206299,2.7822182178497314
917,7180,7,7,1,-4.227119445800781,0.15312540531158447,1.0339003801345825,-2.2387192249298096,-4.636929035186768,-5.858442306518555,-14.781811714172363,11.978611946105957,-3.309037446975708,1.8770782947540283
918,8209,8,8,1,-7.720659255981445,-5.834877967834473,-2.2713639736175537,0.9751260280609131,-9.780953407287598,-0.8496109247207642,-0.8754491806030273,-10.876389503479004,14.671065330505371,-6.139904022216797
919,7227,9,9,1,-4.3826727867126465,-5.926689147949219,-4.55132532119751,-0.40475037693977356,0.6389437913894653,-3.4154105186462402,-12.380220413208008,0.7461728453636169,-4.188776969909668,12.226922988891602
920,611,0,0,1,11.344392776489258,-9.461101531982422,-3.353586435317993,-5.525583744049072,-3.9647064208984375,-3.3469550609588623,1.481478214263916,-2.4480140209198,-3.5628631114959717,0.980687141418457
921,5350,1,1,1,-1.6518293619155884,13.69443130493164,-0.4328058958053589,-7.9506425857543945,2.1708385944366455,-7.349525451660156,-3.7445857524871826,0.7425177097320557,-3.94403076171875,-1.523812174797058
922,2662,2,2,1,-4.232310771942139,-2.592731475830078,13.43442440032959,-2.0979950428009033,-3.822395086288452,-5.937857151031494,0.038542766124010086,-1.6848698854446411,-1.6300338506698608,-9.148988723754883
923,8684,3,3,1,-14.674826622009277,-4.074222564697266,0.7308980822563171,17.454599380493164,-14.468547821044922,-2.802898645401001,-12.476536750793457,-6.3814616203308105,4.857054710388184,-3.5587656497955322
924,5256,4,4,1,-7.049215316772461,-0.02456630952656269,-5.196215629577637,-9.121183395385742,17.330293655395508,-4.771011829376221,-3.2173564434051514,0.6254940032958984,-4.719755172729492,3.615992784500122
925,2077,5,5,1,-5.5183916091918945,-3.0887091159820557,-8.906319618225098,4.975561618804932,-11.271595001220703,14.825943946838379,-4.621721267700195,-7.34517240524292,1.4539979696273804,4.503747940063477
926,2846,6,6,1,-2.890990972518921,-0.2959747612476349,-3.9423327445983887,-7.773906707763672,-4.17319393157959,2.6139261722564697,13.402934074401855,-6.399755477905273,0.02180406078696251,-3.6277894973754883
927,8651,7,7,1,-4.680957317352295,-0.4809330701828003,-1.3494356870651245,-2.2479658126831055,-2.297307014465332,-5.502717971801758,-14.77806282043457,10.151511192321777,-2.8792505264282227,3.606940984725952
928,3732,8,8,1,-6.67433500289917,-0.18806999921798706,-5.6421427726745605,-3.0045390129089355,-7.318264484405518,0.3289434313774109,-0.454857736825943,-8.63968563079834,12.282660484313965,-2.1307976245880127
929,4752,9,9,1,-5.659760475158691,-7.359293460845947,-7.565857887268066,0.44499683380126953,0.05101481452584267,-0.7214223146438599,-11.644598960876465,-0.98671555519104,-3.090552568435669,13.064096450805664
930,1288,0,0,1,7.627867698669434,-1.7402690649032593,-2.620361328125,-6.531976222991943,-0.39291948080062866,-5.257194519042969,2.317673444747925,-3.078263282775879,-0.9480742812156677,-0.6887065172195435
931,1528,1,1,1,-3.201237201690674,11.506892204284668,-4.403512001037598,-7.53294563293457,-2.749103546142578,-1.914076328277588,0.6199528574943542,-3.0790114402770996,-0.4211426377296448,-1.571068286895752
932,2058,2,2,1,-4.772995471954346,2.478116989135742,14.249466896057129,2.179354667663574,-14.080886840820312,-9.076125144958496,-11.904938697814941,6.892346382141113,0.1126822978258133,-8.41758918762207
933,1519,3,3,1,-8.251505851745605,-7.010344982147217,-1.8470849990844727,15.057856559753418,-12.888888359069824,-0.703646719455719,-11.559526443481445,-6.417473793029785,1.7294255495071411,-3.2879793643951416
934,752,4,4,1,-6.330999374389648,1.4401462078094482,-5.170471668243408,-9.321502685546875,17.492090225219727,-6.09874963760376,0.06484638154506683,0.635349452495575,-8.19890022277832,0.9008587002754211
935,5632,5,5,1,-9.533556938171387,-3.357527256011963,-16.230791091918945,2.0406765937805176,-10.962730407714844,20.455442428588867,-5.971641540527344,-12.126953125,2.7040817737579346,6.562987327575684
936,2762,6,6,1,-0.15869258344173431,-2.8005261421203613,-3.0088915824890137,-6.913397312164307,-1.902652382850647,1.7140676975250244,12.825572967529297,-8.665018081665039,0.9577358961105347,-5.150460243225098
937,2591,7,7,1,-4.984440803527832,1.6062215566635132,0.41860729455947876,-1.0187150239944458,-5.531467437744141,-6.907015800476074,-15.66979694366455,11.039216041564941,-3.3854033946990967,1.2484537363052368
938,4667,8,8,1,-10.427395820617676,-7.885913848876953,-2.117002487182617,3.759394645690918,-13.246091842651367,-0.37679290771484375,-4.620321273803711,-10.937970161437988,17.054153442382812,-9.025349617004395
939,7864,9,9,1,-6.053643226623535,-8.133997917175293,-7.430346965789795,-1.9254144430160522,3.3932061195373535,-3.076634407043457,-12.009551048278809,1.1979726552963257,-2.913968324661255,15.107747077941895
940,4403,0,0,1,8.89273738861084,-7.215500354766846,-1.5553944110870361,-3.7960562705993652,-3.222744941711426,0.5298853516578674,1.133842945098877,-3.5360567569732666,-5.304703235626221,3.555342435836792
941,1766,1,1,1,-3.444190502166748,9.86173152923584,-3.6123881340026855,-7.006178379058838,0.7912827134132385,-4.368263244628906,-0.29623308777809143,-2.062070608139038,-0.35769253969192505,-1.3649344444274902
942,5799,2,2,1,-7.493344783782959,3.818850517272949,16.818134307861328,4.220757961273193,-7.811429977416992,-12.51587200164795,-11.190460205078125,6.138309001922607,-2.780003309249878,-11.740500450134277
943,648,3,3,1,-16.09591293334961,-1.5438671112060547,-3.188732385635376,20.66090965270996,-13.657873153686523,-1.567033290863037,-13.563405990600586,-6.632428169250488,1.8072596788406372,-3.2549290657043457
944,589,4,4,1,-10.265564918518066,-1.0133732557296753,-4.866239547729492,-7.879500865936279,14.37347412109375,-4.221683979034424,-7.28725528717041,-0.9636926651000977,-2.1476190090179443,4.301471710205078
945,6977,5,5,1,-9.154715538024902,-4.960635185241699,-15.960759162902832,3.840968370437622,-11.764740943908691,21.36136245727539,-7.3531107902526855,-10.825380325317383,3.4028968811035156,4.229493141174316
946,461,6,6,1,-0.8740781545639038,-3.4830641746520996,-4.5304789543151855,-7.597044467926025,-0.8159370422363281,-1.2315908670425415,16.072011947631836,-8.850899696350098,0.7993606925010681,-3.6673922538757324
947,3202,7,7,1,-11.598123550415039,-1.305172324180603,-1.2194701433181763,2.181868076324463,-6.916818618774414,-1.946149468421936,-14.961803436279297,10.562135696411133,0.32329559326171875,-9.839757919311523
948,4497,8,8,1,-10.443121910095215,-1.6724011898040771,0.7416545748710632,2.471419334411621,-9.931710243225098,-3.403543472290039,-9.011542320251465,3.226330041885376,5.888600826263428,-5.381594181060791
949,6173,9,9,1,-4.209693908691406,-9.074620246887207,-4.174681663513184,-5.079968452453613,1.8457956314086914,-1.553589105606079,-5.990270614624023,-0.6584208607673645,3.497960329055786,8.761539459228516
950,7868,0,0,1,10.434426307678223,-11.939472198486328,-3.978503465652466,-4.460673809051514,-3.822728395462036,-2.108531951904297,-1.8563294410705566,-7.671476364135742,-1.109570026397705,0.4533398449420929
951,2018,1,1,1,-2.0434470176696777,5.20082950592041,1.7305010557174683,-1.1729021072387695,-4.642975330352783,-8.677568435668945,-9.75291633605957,4.728391647338867,-1.0941853523254395,-3.6099698543548584
952,1224,2,2,1,-1.003255009651184,1.4348974227905273,6.164496421813965,-3.2470970153808594,3.8693392276763916,-4.418068885803223,-1.2595609426498413,2.3288586139678955,-4.791587829589844,-8.740669250488281
953,6681,3,3,1,-4.604561805725098,-5.015841484069824,1.0384752750396729,10.089396476745605,-8.997267723083496,-2.3867666721343994,-7.16228723526001,-3.0842361450195312,-1.4664663076400757,-0.7503387928009033
954,2936,4,4,1,-9.339767456054688,-0.903332531452179,-5.067117691040039,-7.939243793487549,17.468080520629883,-6.110210418701172,-4.705641746520996,0.44897735118865967,-5.649770259857178,6.31157922744751
955,7403,5,5,1,-10.200016975402832,1.2608007192611694,-7.522267818450928,5.051555633544922,-10.771702766418457,11.841775894165039,-5.65802526473999,-7.4423604011535645,3.2134463787078857,5.573031425476074
956,1981,6,6,1,-0.8654880523681641,-3.238856315612793,-2.339890480041504,-5.721500873565674,-0.6000285148620605,-0.04892239347100258,8.698264122009277,-6.240268230438232,1.8798037767410278,0.9414265751838684
957,2695,7,7,1,-7.237908363342285,-1.8459640741348267,-0.6967353820800781,0.08907322585582733,-4.970470428466797,3.7834386825561523,-10.36214828491211,7.518585681915283,-6.2751383781433105,-3.946925401687622
958,4159,8,8,1,-11.074443817138672,-2.1791415214538574,5.166398525238037,8.376802444458008,-11.198988914489746,-7.332165718078613,-9.792747497558594,-2.6528077125549316,9.199567794799805,-8.753223419189453
959,3798,9,9,1,-9.871901512145996,-5.597317218780518,-7.608372211456299,-4.7074971199035645,7.47475004196167,-3.7968063354492188,-13.767842292785645,1.4257181882858276,-2.9194812774658203,13.450875282287598
960,5459,0,0,1,10.678627967834473,-9.75808334350586,-4.392394542694092,-4.93344259262085,0.8020636439323425,-0.9318161606788635,2.363036870956421,-5.550596714019775,-5.9698166847229,-0.09247815608978271
961,1527,1,5,0,-8.904903411865234,5.390293598175049,-5.910373210906982,0.21303464472293854,1.3879177570343018,5.931499004364014,-0.9001977443695068,-7.774786472320557,-0.7497328519821167,-0.0849078819155693
962,1381,2,2,1,-6.979215621948242,1.2943614721298218,18.591720581054688,5.9393792152404785,-14.104862213134766,-11.942334175109863,-12.494401931762695,2.685497522354126,-1.2983542680740356,-10.056718826293945
963,4854,3,3,1,-11.755705833435059,-10.442778587341309,-7.559123992919922,18.115327835083008,-11.841453552246094,5.433130741119385,-15.706748008728027,-7.749958038330078,1.1123218536376953,0.455784410238266
964,5274,4,4,1,-11.655275344848633,-3.3740134239196777,-6.723587512969971,-9.688831329345703,17.689626693725586,-5.474277973175049,-8.81353759765625,0.5743917226791382,-2.590974807739258,4.9897308349609375
965,1866,5,5,1,-10.51201057434082,-2.7417759895324707,-10.890140533447266,3.1513724327087402,-15.351407051086426,17.844539642333984,-0.3216942846775055,-10.257826805114746,4.97930383682251,-0.5456639528274536
966,9138,6,6,1,-0.32423362135887146,-5.879671096801758,-2.908313035964966,-8.819899559020996,-4.029532432556152,1.6531355381011963,17.503541946411133,-10.046969413757324,0.9208232164382935,-4.272627830505371
967,1241,7,7,1,-6.976408004760742,0.7807310819625854,-1.2206555604934692,-1.267601728439331,-1.1977308988571167,-3.5196373462677,-12.980831146240234,8.682580947875977,-1.0371067523956299,-2.835662364959717
968,7961,8,8,1,-5.557372570037842,-7.428342342376709,-4.096988677978516,-1.631273627281189,-9.054438591003418,-4.540716171264648,-5.305709362030029,-7.215162754058838,14.724797248840332,-2.563519239425659
969,7224,9,9,1,-4.077095031738281,-7.207087516784668,-7.052585124969482,-1.0961834192276,0.3416946828365326,-3.8072988986968994,-13.129316329956055,2.2417349815368652,-2.4454195499420166,14.662515640258789
970,6795,0,0,1,12.500221252441406,-7.281328201293945,-4.0562310218811035,-4.285866737365723,-2.099095344543457,-3.1666653156280518,-0.11058760434389114,-5.394110679626465,-4.420251369476318,0.9178120493888855
971,9591,1,1,1,-2.188396453857422,9.611778259277344,0.9603601098060608,-6.237329483032227,-1.1149152517318726,-6.955918788909912,-1.65591299533844,-2.104952096939087,1.4773427248001099,-4.739855766296387
972,6279,2,2,1,-6.352742671966553,0.21584227681159973,14.88174057006836,-1.0101202726364136,-1.9498534202575684,-8.871654510498047,-9.461241722106934,4.799332618713379,-5.737723350524902,-9.467619895935059
973,8483,3,3,1,-15.214571952819824,-5.32255220413208,0.08871769905090332,18.978750228881836,-12.92967414855957,-3.364874839782715,-14.932339668273926,-4.633565902709961,1.577171802520752,-2.5870630741119385
974,5696,4,4,1,-4.472232818603516,1.4310141801834106,0.8491753339767456,-6.608182430267334,11.8118314743042,-6.823667526245117,0.8438084721565247,0.10728728771209717,-5.286990165710449,-3.715109348297119
975,6042,5,5,1,-9.669204711914062,-4.756283760070801,-6.291786193847656,4.175871849060059,-8.29612922668457,11.198263168334961,-10.730188369750977,-6.894969940185547,5.654456615447998,8.113113403320312
976,7904,6,6,1,0.9589225053787231,-5.4719767570495605,-3.772841215133667,-8.18919849395752,0.2916709780693054,1.225191593170166,15.082714080810547,-11.196847915649414,1.5346195697784424,-0.8358445167541504
977,254,7,7,1,-3.241138219833374,1.3654427528381348,1.845619797706604,1.241966724395752,-8.815155029296875,-4.992648601531982,-16.03025245666504,10.009245872497559,-3.243100643157959,1.361626386642456
978,6262,8,8,1,-10.229207992553711,-7.0714545249938965,-5.802816867828369,3.088489294052124,-9.375311851501465,-0.822394847869873,-8.828680038452148,-8.49240779876709,15.461155891418457,-6.407568454742432
979,5447,9,9,1,-8.712082862854004,-7.926690578460693,-8.819580078125,-1.065881371498108,4.397342205047607,-2.9291796684265137,-15.237689971923828,0.18133576214313507,-2.6279006004333496,13.684168815612793
980,545,0,0,1,10.487519264221191,-4.4490203857421875,0.9694390892982483,-3.8914990425109863,-5.007504463195801,-6.49248743057251,-3.522880792617798,-0.9336003661155701,-1.8404607772827148,3.0465025901794434
981,9594,1,1,1,-0.9516778588294983,8.609596252441406,-0.20210160315036774,-7.559316635131836,-3.7905824184417725,-5.405595302581787,1.0965622663497925,-4.085334300994873,2.0753588676452637,-5.013605117797852
982,1538,2,2,1,-5.929111957550049,0.07801458984613419,12.03552532196045,1.4757877588272095,-2.364321708679199,-8.401118278503418,-4.300536632537842,-0.97239089012146,1.3548108339309692,-10.141058921813965
983,8842,3,3,1,-14.892834663391113,-1.1702107191085815,-8.124419212341309,20.560813903808594,-14.938386917114258,3.3253538608551025,-13.08375358581543,-9.424297332763672,2.6517491340637207,0.7021096348762512
984,5068,4,4,1,-7.540309429168701,0.11298764497041702,-5.262273788452148,-5.547873497009277,7.153372764587402,-5.747856140136719,-7.362949371337891,2.0764193534851074,-3.8578178882598877,1.6034969091415405
985,2035,5,3,0,-9.6089506149292,-1.806167721748352,-6.124532699584961,10.826889991760254,-7.692342281341553,4.0461015701293945,-8.83415699005127,-3.827052116394043,-2.25705623626709,0.9216634631156921
986,1578,6,6,1,-1.5615322589874268,-4.123500823974609,-0.7947700023651123,-5.742802619934082,-3.9071645736694336,0.1772916465997696,13.077354431152344,-8.283656120300293,1.7477079629898071,-5.704233646392822
987,3192,7,7,1,-4.544253349304199,2.393542528152466,3.563934326171875,1.8991954326629639,-9.315179824829102,-5.0813798904418945,-14.58300495147705,10.490534782409668,-3.7984509468078613,-0.9251133799552917
988,8125,8,8,1,-11.090307235717773,-5.781060695648193,-2.4642083644866943,-5.204453468322754,-8.677475929260254,1.7094768285751343,-1.9270367622375488,-8.46705150604248,16.84559440612793,-2.720014810562134
989,7357,9,9,1,-8.469783782958984,-9.016372680664062,-9.499767303466797,-0.11329600214958191,0.3677314221858978,-2.6167068481445312,-15.860479354858398,-2.830232858657837,2.184971809387207,13.355971336364746
990,9791,0,0,1,10.321065902709961,-5.055479526519775,-1.4834949970245361,-3.6953673362731934,-1.4599570035934448,-6.788014888763428,-1.247279167175293,-3.676121234893799,-0.576901376247406,0.2005881518125534
991,3175,1,1,1,-8.588090896606445,13.481388092041016,-3.709120035171509,-5.9752397537231445,3.3620665073394775,-5.035149574279785,-3.397873640060425,0.2985399067401886,-2.203216075897217,-0.8570307493209839
992,8094,2,2,1,-5.4365763664245605,2.350611686706543,4.990993976593018,-1.0374805927276611,-4.915827751159668,-3.906398057937622,-7.1380534172058105,-3.2089340686798096,3.820753812789917,-2.1608550548553467
993,6481,3,3,1,-11.021707534790039,-4.867288112640381,-3.4993717670440674,17.173873901367188,-8.564896583557129,-1.7550389766693115,-11.51904296875,-6.880181312561035,0.3766947388648987,0.23735888302326202
994,210,4,4,1,-7.329496383666992,0.3710126578807831,-5.193690776824951,-6.893821716308594,12.657678604125977,-3.067655086517334,-3.989705801010132,1.773762822151184,-3.4779460430145264,4.368035316467285
995,540,5,5,1,-10.121896743774414,0.8893012404441833,-9.26119327545166,2.539609909057617,-14.318757057189941,17.503746032714844,-4.38646125793457,-5.345813274383545,2.722860813140869,5.340647220611572
996,1688,6,6,1,-1.9262571334838867,-2.305623769760132,-4.553750991821289,-5.956184387207031,-4.2655744552612305,2.7919716835021973,12.14887809753418,-9.409544944763184,3.1245102882385254,-4.342100143432617
997,554,7,7,1,-8.734001159667969,1.8650563955307007,1.6883634328842163,-1.8541383743286133,-0.29675325751304626,-5.359948635101318,-12.34154224395752,11.390037536621094,-3.6201016902923584,-4.4872517585754395
998,2349,8,8,1,-10.13364315032959,-8.721100807189941,-5.735077857971191,1.103463053703308,-10.969003677368164,1.0257203578948975,-7.020359992980957,-7.996661186218262,16.95563316345215,-3.5338761806488037
999,2244,9,9,1,-4.493244171142578,-5.341991424560547,-7.5801920890808105,-2.544489622116089,3.4370977878570557,-3.190258026123047,-10.050690650939941,-0.9664204120635986,-2.9996531009674072,12.225606918334961
