cpu 0 pkg 0 die 0 l3 0 node 0 lnode 0 core 0 ht_id 0 siblings 0 1 -1 -1
cpu 1 pkg 0 die 0 l3 0 node 0 lnode 0 core 0 ht_id 1 siblings 0 1 -1 -1
cpu 2 pkg 0 die 0 l3 0 node 0 lnode 0 core 4 ht_id 0 siblings 2 3 -1 -1
cpu 3 pkg 0 die 0 l3 0 node 0 lnode 0 core 4 ht_id 1 siblings 2 3 -1 -1
cpu 4 pkg 0 die 0 l3 0 node 0 lnode 0 core 8 ht_id 0 siblings 4 5 -1 -1
cpu 5 pkg 0 die 0 l3 0 node 0 lnode 0 core 8 ht_id 1 siblings 4 5 -1 -1
cpu 6 pkg 0 die 0 l3 0 node 0 lnode 0 core 12 ht_id 0 siblings 6 7 -1 -1
cpu 7 pkg 0 die 0 l3 0 node 0 lnode 0 core 12 ht_id 1 siblings 6 7 -1 -1
cpu 8 pkg 0 die 0 l3 0 node 0 lnode 0 core 16 ht_id 0 siblings 8 9 -1 -1
cpu 9 pkg 0 die 0 l3 0 node 0 lnode 0 core 16 ht_id 1 siblings 8 9 -1 -1
cpu 10 pkg 0 die 0 l3 0 node 0 lnode 0 core 20 ht_id 0 siblings 10 11 -1 -1
cpu 11 pkg 0 die 0 l3 0 node 0 lnode 0 core 20 ht_id 1 siblings 10 11 -1 -1
cpu 12 pkg 0 die 0 l3 0 node 0 lnode 0 core 24 ht_id 0 siblings 12 13 -1 -1
cpu 13 pkg 0 die 0 l3 0 node 0 lnode 0 core 24 ht_id 1 siblings 12 13 -1 -1
cpu 14 pkg 0 die 0 l3 0 node 0 lnode 0 core 28 ht_id 0 siblings 14 15 -1 -1
cpu 15 pkg 0 die 0 l3 0 node 0 lnode 0 core 28 ht_id 1 siblings 14 15 -1 -1
cpu 16 pkg 0 die 0 l3 0 node 0 lnode 0 core 32 ht_id 0 siblings 16 -1 -1 -1
cpu 17 pkg 0 die 0 l3 0 node 0 lnode 0 core 33 ht_id 0 siblings 17 -1 -1 -1
cpu 18 pkg 0 die 0 l3 0 node 0 lnode 0 core 34 ht_id 0 siblings 18 -1 -1 -1
cpu 19 pkg 0 die 0 l3 0 node 0 lnode 0 core 35 ht_id 0 siblings 19 -1 -1 -1
cpu 20 pkg 0 die 0 l3 0 node 0 lnode 0 core 36 ht_id 0 siblings 20 -1 -1 -1
cpu 21 pkg 0 die 0 l3 0 node 0 lnode 0 core 37 ht_id 0 siblings 21 -1 -1 -1
cpu 22 pkg 0 die 0 l3 0 node 0 lnode 0 core 38 ht_id 0 siblings 22 -1 -1 -1
cpu 23 pkg 0 die 0 l3 0 node 0 lnode 0 core 39 ht_id 0 siblings 23 -1 -1 -1
Time_Of_Day_Seconds	Busy%	Bzy_MHz	PkgTmp	PkgWatt	CorWatt
1788466596.469081	0.94	1337	49	11.10	3.18
1788466596.570147	1.68	1958	49	10.68	3.59
1788466596.670769	72.90	3740	62	79.03	70.21
1788466596.772423	56.01	3779	68	70.79	61.57
1788466596.874075	4.56	5038	71	40.70	31.91
1788466596.975645	4.40	5059	71	40.35	31.81
1788466597.077387	4.36	5104	71	40.55	31.86
1788466597.178913	4.42	5060	71	40.13	31.52
1788466597.280614	4.53	5013	71	41.80	32.99
1788466597.382253	4.51	5060	73	42.94	34.27
1788466597.483968	4.42	5096	71	39.53	30.63
1788466597.585937	4.36	5069	73	42.84	34.19
1788466597.686507	87.54	3739	63	91.04	81.51
1788466597.788280	41.14	3816	74	63.52	54.84
1788466597.889747	4.46	5016	75	41.98	33.42
1788466597.991382	4.38	5063	73	40.85	32.21
1788466598.093477	3.65	5074	53	31.52	23.20
1788466598.195628	0.29	1350	51	8.00	1.05
1788466598.298097	0.41	1162	50	8.38	1.31
1788466598.400034	3.74	3809	69	24.25	15.65
1788466598.502628	4.43	5037	71	38.34	29.82
1788466598.603880	4.28	4066	53	31.31	22.52
1788466598.705565	14.40	2812	55	29.78	21.13
1788466598.807784	1.09	4232	51	14.97	7.80
1788466598.910037	6.27	2839	51	15.68	7.39
1788466599.013498	5.84	2058	50	9.43	2.32
1788466599.116050	0.93	2746	50	10.64	3.61
1788466599.218167	6.80	2088	50	13.01	5.31
1788466599.319795	6.62	2368	50	13.29	5.51
1788466599.422169	0.57	1434	50	8.16	1.21
1788466599.524598	6.74	2183	50	11.38	4.23
1788466599.626491	6.94	2177	51	13.27	5.02
1788466599.731409	1.26	1596	50	7.93	1.23
1788466599.833282	7.54	2600	50	19.72	10.96
1788466599.935385	0.45	1325	50	8.73	1.37
1788466600.037855	0.27	1254	50	7.24	0.55
1788466600.140437	0.33	1062	50	6.68	0.26
1788466600.242859	5.64	3006	54	12.27	4.98
1788466600.344763	0.67	2510	50	11.20	3.71
1788466600.446675	6.21	2382	49	13.85	5.73
1788466600.548712	6.46	2311	50	13.14	5.18
1788466600.656663	1.55	1786	49	8.25	1.51
1788466600.758589	5.49	2530	49	14.49	5.78
1788466600.860210	6.94	3161	49	16.97	8.94
1788466600.962044	4.27	3721	51	29.48	20.86
1788466601.063652	7.81	2343	51	17.41	8.81
1788466601.165663	0.75	1720	50	11.20	2.81
1788466601.267879	6.30	2340	50	12.19	4.86
1788466601.371293	3.58	1667	50	9.73	1.72
1788466601.473684	3.12	2946	49	12.18	4.98
1788466601.575925	6.72	2210	50	12.94	5.19
1788466601.677922	0.78	1459	50	8.71	1.36
1788466601.780214	6.60	2178	50	13.05	4.82
1788466601.883611	2.63	2243	53	8.67	1.58
1788466601.985686	5.15	3780	50	21.62	13.11
1788466602.089177	2.15	1491	50	8.93	1.37
1788466602.191723	4.60	2584	50	11.74	4.62
1788466602.293441	6.90	2076	51	13.01	4.64
1788466602.395841	0.68	1340	49	8.23	1.20
1788466602.497949	6.55	2262	50	13.40	5.05
1788466602.600359	0.52	1214	50	8.98	1.02
1788466602.702583	5.88	2929	50	14.99	7.29
1788466602.804405	6.72	2010	52	13.34	4.86
1788466602.909612	0.95	1581	49	9.31	1.69
1788466603.011756	5.58	2530	50	14.22	6.09
1788466603.113009	7.48	3296	54	19.71	11.85
1788466603.218987	0.49	1642	50	9.89	2.97
1788466603.320892	5.96	2913	50	16.86	7.70
1788466603.422966	6.64	2328	50	13.52	5.16
1788466603.525063	1.81	1503	50	7.93	1.16
1788466603.627381	5.35	2519	50	11.55	4.80
1788466603.730088	6.48	2337	49	13.17	5.05
1788466603.831405	16.41	2195	53	21.19	12.02
1788466603.931846	14.80	3482	55	43.23	34.39
1788466604.032321	18.45	3454	54	43.19	34.38
1788466604.133042	19.55	2935	54	36.44	27.67
1788466604.233830	14.94	3459	54	42.65	33.82
1788466604.334314	18.72	3169	58	39.84	31.03
1788466604.434924	18.17	3148	54	37.63	28.92
1788466604.535515	13.42	2661	51	28.12	19.65
1788466604.637123	18.21	2951	53	33.98	25.27
1788466604.737732	18.19	3010	53	36.34	27.46
1788466604.839150	17.87	3003	55	33.51	24.93
1788466604.939561	14.48	3547	58	45.35	36.38
1788466605.040055	18.30	3419	55	43.74	34.92
1788466605.140448	18.14	3113	55	37.73	28.87
1788466605.241853	16.27	3271	55	39.30	30.55
1788466605.342305	17.52	3514	58	46.58	37.66
1788466605.442832	18.77	2605	52	28.80	19.90
1788466605.543225	13.91	3300	54	39.45	30.55
1788466605.644415	18.04	3256	55	39.82	31.04
1788466605.745288	18.48	3305	57	41.68	32.72
1788466605.846937	17.43	3312	55	41.74	32.86
1788466605.947630	14.62	3413	53	42.71	33.71
1788466606.048114	18.59	3193	57	42.35	33.43
1788466606.148669	18.45	3599	57	46.09	37.26
1788466606.252797	16.80	3071	54	35.93	27.17
1788466606.353656	15.31	3022	53	36.53	27.60
1788466606.454277	20.04	3280	56	41.34	32.42
1788466606.555650	14.14	2683	54	29.19	20.48
1788466606.656342	18.15	3335	54	42.58	33.66
1788466606.756700	18.46	3167	59	39.11	30.14
1788466606.857159	18.37	3258	58	43.69	34.77
1788466606.957797	14.15	3291	54	39.74	30.98
1788466607.058362	18.50	3170	54	40.34	31.33
1788466607.158720	18.12	3088	58	35.13	26.26
1788466607.260038	17.14	3424	54	42.02	33.28
1788466607.360417	14.01	2916	57	33.53	24.54
1788466607.461423	18.34	2951	54	36.25	27.41
1788466607.562491	19.07	2852	53	33.59	24.75
1788466607.664272	15.19	3281	60	40.07	31.27
1788466607.764651	18.68	3387	57	43.98	34.92
1788466607.866492	15.03	3493	58	43.09	34.22
1788466607.966889	17.09	3255	58	42.09	33.12
1788466608.067618	18.39	3356	55	42.99	34.10
1788466608.168081	18.06	3403	55	43.40	34.46
1788466608.268797	14.17	3226	54	39.64	30.71
1788466608.369262	18.23	3232	59	41.42	32.52
1788466608.469912	18.77	3294	58	41.79	32.84
1788466608.570283	18.76	3326	59	41.55	32.65
1788466608.671087	14.29	3156	54	37.26	28.69
1788466608.771564	19.10	3522	59	47.66	38.70
1788466608.872149	16.96	3378	56	42.80	34.22
1788466608.972696	15.97	3325	55	40.33	31.62
1788466609.073207	18.78	3379	57	42.58	33.86
1788466609.174978	4.68	3316	52	22.05	13.39
1788466609.275579	8.27	2083	52	16.77	8.16
1788466609.375956	14.15	2953	58	33.96	25.38
1788466609.476643	18.61	2948	53	35.07	26.41
1788466609.577099	18.96	2730	56	30.37	21.84
1788466609.677554	14.68	3639	57	45.85	37.29
1788466609.777901	18.56	3373	55	45.01	36.03
1788466609.878351	19.41	3396	57	42.48	33.82
1788466609.979148	15.34	3280	54	40.38	31.77
1788466610.079664	19.02	3219	57	39.37	30.91
1788466610.180435	16.20	2519	54	28.89	20.38
1788466610.281096	16.36	2723	54	29.94	21.56
1788466610.381646	18.89	2740	53	31.98	23.17
1788466610.484894	17.43	2326	53	25.64	17.23
1788466610.585350	16.01	2971	58	37.10	28.45
1788466610.685809	18.45	3347	57	43.05	34.42
1788466610.786359	18.90	3370	60	44.37	35.72
1788466610.887051	15.23	2947	56	33.99	25.45
1788466610.987458	17.87	3395	58	44.45	35.68
1788466611.087915	19.94	3348	59	44.83	36.07
1788466611.188247	14.20	3454	60	40.82	32.77
1788466611.288973	18.91	2880	54	34.25	25.72
1788466611.389606	19.07	3043	55	38.19	29.35
1788466611.493426	16.51	2241	54	22.19	13.96
1788466611.593985	15.94	2904	54	34.36	25.95
1788466611.694421	19.27	3114	58	37.95	29.10
1788466611.794793	18.78	3338	60	42.26	33.41
1788466611.897042	14.88	3395	57	40.12	31.90
1788466611.997648	18.04	3162	58	40.28	31.65
1788466612.098090	19.06	2951	60	36.01	27.10
1788466612.199553	18.69	3131	57	38.88	30.65
1788466612.300451	15.12	3503	55	43.19	34.89
1788466612.400801	17.85	2565	57	28.10	19.41
1788466612.501366	13.95	3339	54	40.55	31.93
1788466612.602063	18.80	3187	55	40.25	31.35
1788466612.702545	18.81	3203	57	39.03	30.15
1788466612.803073	16.85	2792	55	30.68	22.57
1788466612.904005	15.49	2726	54	30.28	21.67
1788466613.004379	19.05	2917	59	35.57	26.70
1788466613.104991	19.16	3268	58	40.31	31.57
1788466613.206632	15.56	2609	57	28.65	20.26
1788466613.307331	17.22	3304	57	40.59	31.63
1788466613.407713	20.01	3118	59	39.21	30.56
1788466613.508481	14.29	3483	58	42.91	34.80
1788466613.608859	18.80	3371	59	43.75	34.91
1788466613.709504	18.70	2795	55	31.60	23.09
1788466613.811960	16.87	2835	58	29.95	21.47
1788466613.912568	15.77	2776	54	31.70	23.23
1788466614.012923	19.16	3125	59	40.38	31.92
1788466614.113345	18.83	2923	58	35.24	26.69
1788466614.215032	14.47	2875	55	33.02	24.40
1788466614.315738	18.50	3197	55	39.61	31.12
1788466614.416237	19.10	3004	57	37.55	28.85
1788466614.516736	18.67	3129	58	38.15	29.77
1788466614.617178	15.12	3478	56	42.27	33.72
1788466614.717661	19.10	2713	55	31.32	22.78
1788466614.818900	16.00	2703	55	28.43	20.60
1788466614.919518	17.03	2971	54	34.78	26.31
1788466615.019860	18.89	3261	58	41.94	33.23
1788466615.121645	2.04	3351	53	16.71	8.75
1788466615.222663	8.32	1983	53	16.18	7.57
1788466615.323243	14.27	2784	57	30.94	22.88
1788466615.423637	18.77	3451	60	43.10	34.42
1788466615.524176	18.83	3446	60	44.34	35.68
1788466615.629393	14.54	3286	58	37.15	29.21
1788466615.730639	19.75	3305	55	43.77	34.43
1788466615.831377	17.88	2375	54	24.81	16.81
1788466615.932087	15.90	2847	55	33.59	24.78
1788466616.032425	18.76	3321	60	42.96	34.42
1788466616.133209	18.02	3388	55	42.62	33.88
1788466616.233994	15.94	3453	58	42.54	34.19
1788466616.334564	16.74	3211	58	39.17	30.47
1788466616.434906	18.73	3344	59	42.85	34.09
1788466616.535311	18.20	2813	58	31.73	23.10
1788466616.636867	14.16	2941	57	33.49	25.06
1788466616.737309	18.68	3354	59	43.24	34.26
1788466616.838166	20.27	3120	58	39.12	30.18
1788466616.938748	14.01	2925	55	33.71	25.07
1788466617.039174	19.00	3080	57	37.96	29.05
1788466617.139803	18.90	3309	55	40.18	31.59
1788466617.243337	15.64	3275	58	39.16	30.78
1788466617.343877	17.34	3183	57	41.69	32.91
1788466617.444236	19.12	3206	58	40.79	31.79
1788466617.544675	19.10	3184	57	40.81	32.10
1788466617.647584	15.59	3243	58	39.27	30.94
1788466617.748343	17.63	3207	55	39.81	30.97
1788466617.848943	19.05	2983	56	35.74	27.00
1788466617.949554	19.13	2766	57	32.56	24.33
1788466618.049907	15.36	3432	55	41.73	33.32
1788466618.150386	18.58	2978	58	35.53	26.56
1788466618.251720	16.24	2899	55	34.30	25.40
1788466618.352171	16.54	2811	59	32.12	23.50
1788466618.452549	19.14	3214	58	41.44	32.57
1788466618.553161	19.13	3222	60	40.66	32.12
1788466618.657269	15.75	3244	58	39.66	31.23
1788466618.757875	17.34	3198	58	40.57	31.88
1788466618.858473	19.09	3248	55	40.77	31.81
1788466618.959062	19.27	2518	55	27.63	18.81
1788466619.059529	14.36	2627	57	28.40	20.39
1788466619.160118	20.13	3175	60	41.56	32.65
1788466619.260853	15.87	3247	58	39.99	31.27
1788466619.361329	17.55	2960	58	35.49	26.71
1788466619.461709	19.10	2909	60	35.90	27.10
1788466619.562205	18.34	3429	57	43.84	35.24
1788466619.663274	14.33	3173	56	37.81	29.36
1788466619.764068	18.87	2908	58	36.75	27.86
1788466619.864447	19.07	2801	56	32.27	23.40
1788466619.966558	16.96	2788	58	32.31	24.33
1788466620.066943	15.66	3153	59	37.74	29.34
1788466620.167483	19.05	3221	59	40.65	32.18
1788466620.268194	19.50	3254	60	41.52	32.76
1788466620.369055	14.43	3202	55	37.67	29.05
1788466620.469650	19.37	2556	57	30.46	21.50
1788466620.571287	18.55	3146	60	37.23	28.48
1788466620.671707	14.11	3549	61	43.50	34.76
1788466620.772210	18.36	3563	63	44.39	35.42
1788466620.872630	18.10	3448	63	42.68	33.84
1788466620.973414	16.17	3530	63	42.82	34.51
1788466621.073861	16.40	3541	62	44.38	35.34
1788466621.174419	18.53	3487	61	43.83	34.84
1788466621.274821	18.36	3500	62	44.47	35.44
1788466621.378859	16.16	3504	62	42.56	33.89
1788466621.479398	17.86	3463	57	44.06	34.73
1788466621.582119	19.16	2586	59	27.53	18.84
1788466621.683989	5.21	3004	55	22.58	13.65
1788466621.784688	5.98	2197	55	15.92	7.09
1788466621.885105	14.36	3370	60	41.84	33.01
1788466621.985724	18.75	3149	58	40.41	31.70
1788466622.087108	15.90	3453	63	41.43	32.90
1788466622.187825	16.54	3419	60	43.75	34.90
1788466622.288371	18.87	3350	59	42.59	33.72
1788466622.388878	19.30	2818	58	32.10	23.69
1788466622.490797	14.92	2715	55	31.12	22.59
1788466622.591456	19.95	3027	60	40.05	31.17
1788466622.696503	17.10	3240	59	37.81	29.38
1788466622.797405	15.72	3097	56	38.59	29.87
1788466622.897994	18.49	2569	55	27.92	18.95
1788466623.001765	16.47	2344	60	23.82	15.47
1788466623.102207	15.46	3186	58	39.45	30.36
1788466623.202699	18.99	3101	58	38.93	30.08
1788466623.303848	19.12	3378	58	42.97	34.44
1788466623.404362	14.43	2943	57	34.98	26.09
1788466623.505163	19.14	2953	57	34.92	26.30
1788466623.605856	19.03	2661	57	30.75	21.81
1788466623.706220	15.61	3491	62	43.71	34.77
1788466623.806692	18.95	3359	59	42.26	33.65
1788466623.907023	19.14	3225	58	41.98	33.14
1788466624.007644	13.77	2968	57	34.94	26.07
1788466624.108166	19.31	2844	58	35.92	27.33
1788466624.208601	18.67	3340	60	40.66	32.23
1788466624.312535	15.88	2301	57	23.89	15.78
1788466624.413162	17.31	3052	57	37.94	28.65
1788466624.513995	19.06	2559	55	29.41	20.70
1788466624.614653	19.06	2650	56	29.57	21.00
1788466624.715029	14.44	2891	57	33.11	24.32
1788466624.815433	20.38	3339	62	43.36	34.74
1788466624.917214	17.30	3071	57	37.16	28.66
1788466625.018046	15.78	2843	56	34.51	25.63
1788466625.118433	18.80	3018	61	37.71	28.85
1788466625.218894	19.06	2914	58	36.10	27.35
1788466625.319471	14.29	3309	58	40.12	31.99
1788466625.420174	18.87	3252	55	40.21	31.33
1788466625.520684	18.73	2993	59	34.68	25.76
1788466625.621378	18.94	2698	58	31.06	22.35
1788466625.722098	14.77	2974	55	35.48	26.83
1788466625.822634	18.62	3275	60	41.80	32.83
1788466625.923260	20.01	3407	61	44.11	35.01
1788466626.023977	14.74	3098	57	36.16	28.07
1788466626.124740	19.17	2765	58	31.94	23.36
1788466626.225525	18.62	3005	60	36.40	27.89
1788466626.325954	14.33	2956	60	34.86	26.10
1788466626.426453	19.01	2999	57	37.37	28.34
1788466626.527020	18.95	3325	57	41.30	32.35
1788466626.628312	17.02	2750	58	31.20	22.85
1788466626.728710	15.54	3167	63	37.70	28.61
1788466626.829247	18.88	3399	62	43.08	34.37
1788466626.929603	18.89	3376	60	44.02	35.15
1788466627.032127	16.54	3398	60	41.69	33.05
1788466627.132748	17.57	3439	63	45.60	36.45
1788466627.233179	19.02	3229	63	42.27	33.37
1788466627.333610	14.37	3494	63	43.27	34.60
1788466627.434280	19.02	3104	58	38.47	29.47
1788466627.535085	18.73	3279	58	42.64	33.77
1788466627.635957	18.82	2733	58	31.48	22.97
1788466627.736442	14.42	2581	63	29.04	20.39
1788466627.836901	18.95	3342	59	43.35	34.60
1788466627.937381	18.87	3222	60	40.95	31.99
1788466628.040434	17.73	3315	59	40.82	32.47
1788466628.140901	15.64	3469	60	44.96	35.95
1788466628.241388	14.34	2693	57	30.54	21.83
1788466628.343552	8.47	3315	55	28.53	20.54
1788466628.445736	0.45	1399	55	9.86	1.76
1788466628.546230	18.68	2727	62	32.91	23.99
1788466628.646738	14.32	3322	59	40.83	32.18
1788466628.747317	18.83	3264	63	40.56	31.63
1788466628.848206	19.10	2742	56	34.51	25.55
1788466628.949426	15.88	2419	56	26.04	17.59
1788466629.050003	16.50	3260	61	40.66	32.04
1788466629.150397	18.93	3213	59	41.04	32.13
1788466629.250830	18.93	3425	60	44.04	35.10
1788466629.351706	15.18	3534	63	43.63	35.20
1788466629.452122	17.26	3424	59	43.28	34.15
1788466629.552417	18.62	3361	63	41.88	32.88
1788466629.653273	19.58	3531	64	44.83	35.98
1788466629.753624	14.54	3555	63	45.27	36.07
1788466629.854240	18.65	3519	60	44.87	35.75
1788466629.954611	18.87	3342	60	43.36	34.85
1788466630.055071	13.92	3534	64	43.72	34.97
1788466630.155442	18.13	3553	63	45.12	35.97
1788466630.255982	18.90	3483	63	44.49	35.47
1788466630.356325	18.82	3507	63	44.43	35.98
1788466630.456875	14.21	3476	62	42.75	34.14
1788466630.557357	18.61	3238	58	40.75	31.62
1788466630.657811	19.02	2623	63	30.50	21.48
1788466630.758212	16.68	3142	60	38.98	30.41
1788466630.858801	18.24	3319	62	41.54	33.06
1788466630.959524	18.66	2764	62	30.99	22.52
1788466631.060426	14.25	2853	58	33.48	24.59
1788466631.160907	19.25	2932	60	37.24	28.51
1788466631.261461	19.52	2895	63	34.08	25.41
1788466631.362181	14.16	2840	58	32.33	24.17
1788466631.462671	18.75	2998	59	36.71	27.61
1788466631.563120	19.03	3311	59	41.88	33.07
1788466631.663802	14.52	3159	58	38.24	29.24
1788466631.764604	19.06	2724	58	33.86	25.13
1788466631.865292	18.91	2970	59	33.51	25.10
1788466631.965763	15.26	3464	62	43.40	34.68
1788466632.066181	19.04	3131	60	39.45	30.83
1788466632.166854	19.01	3286	63	42.30	33.71
1788466632.267347	13.60	3390	60	42.40	33.47
1788466632.367764	19.15	3084	62	38.01	29.04
1788466632.468200	19.14	3144	63	40.78	31.65
1788466632.570242	16.42	2690	58	29.92	21.70
1788466632.670732	16.91	3210	61	41.53	32.25
1788466632.771100	18.09	2986	62	34.51	25.46
1788466632.871600	18.76	3432	63	44.75	35.63
1788466632.972231	14.54	3246	61	39.45	30.78
1788466633.072678	20.81	3320	60	42.66	33.53
1788466633.174596	16.12	2937	59	35.97	26.94
1788466633.275288	16.64	3139	58	38.59	29.54
1788466633.375701	18.85	2913	62	35.00	25.99
1788466633.477214	18.89	3203	59	39.68	30.86
1788466633.577737	14.35	3504	64	44.61	35.57
1788466633.678165	18.95	3449	62	44.09	35.23
1788466633.778554	19.01	3374	61	43.78	34.80
1788466633.879312	15.73	3343	60	41.09	32.51
1788466633.980260	16.50	2866	58	34.41	25.40
1788466634.080729	19.14	2650	63	32.32	23.19
1788466634.181228	19.05	3217	63	40.50	32.03
1788466634.281889	15.44	3490	60	43.62	34.83
1788466634.382627	18.50	3346	62	42.63	34.09
1788466634.484081	16.77	3432	60	42.83	33.95
1788466634.584433	15.79	3515	61	44.28	35.46
1788466634.684858	18.93	3501	64	44.47	35.48
1788466634.786580	10.93	3529	58	38.05	29.61
1788466634.888705	0.33	1473	57	9.49	1.23
1788466634.990715	0.30	1454	57	8.88	1.14
1788466635.091409	14.17	2629	63	25.48	16.63
1788466635.192342	18.03	3301	60	41.71	33.06
1788466635.292989	15.18	3490	63	43.87	35.03
1788466635.393510	20.33	3455	64	45.69	36.73
1788466635.494765	14.91	3531	61	44.22	35.05
1788466635.595376	17.60	2867	58	33.15	24.27
1788466635.696080	19.11	3199	63	40.92	32.12
1788466635.796469	18.96	3290	60	42.35	33.51
1788466635.897183	13.53	3073	59	36.67	27.78
1788466635.997685	18.98	2947	60	38.43	29.70
1788466636.098765	18.78	2647	58	29.68	21.09
1788466636.200304	17.02	2806	60	33.11	24.58
1788466636.301184	15.79	2544	58	28.86	19.72
1788466636.401825	18.11	2583	58	31.00	21.91
1788466636.502734	19.12	3074	64	35.16	26.31
1788466636.603324	14.81	3388	58	41.63	33.11
1788466636.704033	18.43	2944	64	34.44	25.50
1788466636.808207	17.77	3423	63	41.53	33.39
1788466636.908679	14.25	3478	64	45.18	35.82
1788466637.009045	18.70	3508	64	45.27	36.22
1788466637.109613	18.62	3521	60	44.36	35.46
1788466637.212045	16.97	2444	59	27.11	18.78
1788466637.312551	15.90	3252	61	41.25	32.10
1788466637.412973	18.77	3428	61	44.05	34.88
1788466637.513443	18.95	3250	60	42.58	33.68
1788466637.616356	15.74	2903	62	33.57	25.36
1788466637.717050	19.04	3322	60	43.82	34.42
1788466637.818245	19.05	2814	63	32.31	23.85
1788466637.918863	14.49	3174	60	38.19	29.59
1788466638.019391	19.22	2989	62	38.63	29.84
1788466638.119861	18.53	3148	59	38.95	30.38
1788466638.220385	14.19	2345	59	25.32	16.55
1788466638.321430	18.81	2636	59	31.72	23.15
1788466638.421789	19.22	3015	60	37.84	28.77
1788466638.522411	18.82	3369	63	44.12	35.29
1788466638.623072	13.79	3176	60	37.93	28.95
1788466638.723849	18.79	2839	58	32.85	24.06
1788466638.824193	20.41	2964	62	37.50	28.47
1788466638.924632	14.77	3500	62	43.39	34.87
1788466639.024974	18.35	3227	63	41.20	32.27
1788466639.125448	18.94	3255	61	41.10	32.53
1788466639.226004	14.22	3054	65	36.03	27.43
1788466639.326699	18.91	3397	65	42.84	34.12
1788466639.427107	18.40	3380	63	43.66	34.91
1788466639.528868	18.59	3285	64	43.64	34.69
1788466639.629466	14.66	3251	61	40.66	31.80
1788466639.729919	18.97	3111	63	37.80	29.08
1788466639.830321	18.89	3051	63	38.53	29.62
1788466639.930828	14.40	3302	63	40.15	31.59
1788466640.031180	20.61	3419	63	44.67	35.80
1788466640.133917	15.43	2829	59	33.75	25.02
1788466640.234564	17.91	2396	60	26.00	16.87
1788466640.335176	18.73	2742	63	31.37	22.47
1788466640.436397	15.00	3224	59	39.89	31.13
1788466640.536888	18.64	3002	63	38.00	29.23
1788466640.637425	18.59	3306	62	40.08	31.02
1788466640.738638	17.64	2619	59	31.15	22.28
1788466640.839252	15.51	3248	60	40.56	31.62
1788466640.939929	13.74	2619	58	29.62	21.20
1788466641.040341	14.39	2892	63	33.88	25.31
1788466641.140741	14.29	2784	63	32.08	23.85
1788466641.241404	19.35	3350	62	42.36	33.23
1788466641.343406	17.21	3181	63	39.09	30.68
1788466641.443949	16.43	3342	64	43.14	33.86
1788466641.544528	18.93	3135	59	39.72	30.58
1788466641.645025	19.22	2548	59	27.95	19.46
1788466641.749121	14.99	2933	60	34.37	25.49
1788466641.849622	18.50	3132	63	41.31	31.92
1788466641.950295	18.61	3073	60	36.17	27.16
1788466642.051401	17.78	2880	63	31.65	23.55
1788466642.152018	14.61	3463	62	44.01	35.09
1788466642.252513	18.81	3354	62	44.04	35.28
1788466642.353145	19.21	3075	60	39.39	30.42
1788466642.453568	14.94	3236	60	39.55	30.65
1788466642.554014	18.49	3094	63	38.78	29.91
1788466642.657280	18.72	2947	60	35.22	26.72
1788466642.757846	14.41	3406	63	43.85	34.82
1788466642.858289	18.90	3074	60	38.40	29.28
1788466642.958890	18.59	2855	60	35.83	26.68
1788466643.060352	16.58	2391	62	25.03	16.51
1788466643.160751	16.52	3132	64	38.38	29.31
1788466643.261173	18.94	3387	64	44.07	35.15
1788466643.361922	18.57	3168	65	40.92	32.44
1788466643.462465	16.28	2797	60	33.26	24.19
1788466643.562931	18.72	3265	62	43.36	34.38
1788466643.663761	19.68	2810	62	31.27	22.62
1788466643.764336	14.48	3400	63	42.52	33.79
1788466643.864721	18.48	3200	62	40.91	31.80
1788466643.965150	19.08	3329	63	43.46	34.33
1788466644.066658	14.93	3340	60	40.50	32.36
1788466644.167127	18.30	3380	64	43.20	34.46
1788466644.267564	18.68	2568	63	31.52	22.59
1788466644.369116	17.81	2337	63	24.48	15.88
1788466644.469494	15.25	3438	65	44.04	34.86
1788466644.570197	19.45	2622	60	32.17	23.31
1788466644.670762	18.75	3186	68	40.23	31.15
1788466644.771434	15.37	3394	59	42.16	33.45
1788466644.871841	18.80	2926	60	34.48	25.73
1788466644.973611	17.74	2641	62	30.05	21.63
1788466645.074054	15.55	3291	61	40.93	32.18
1788466645.174515	18.41	3172	62	40.85	32.00
1788466645.275107	19.16	2893	59	34.37	25.39
1788466645.376452	15.35	2665	59	30.26	21.69
1788466645.476959	18.02	2940	60	35.19	26.45
1788466645.578436	18.80	3196	60	38.59	29.80
1788466645.679016	19.20	2860	61	34.73	25.61
1788466645.779630	14.26	2529	60	28.51	19.89
1788466645.880165	20.50	3310	64	42.86	33.70
1788466645.982053	17.80	2801	60	34.18	25.32
1788466646.082608	14.81	3171	63	39.92	30.71
1788466646.183380	18.27	2850	62	32.51	23.90
1788466646.283774	18.83	3119	60	37.41	28.80
1788466646.384414	14.45	2498	63	27.81	18.94
1788466646.485123	13.59	3496	60	43.68	34.69
1788466646.587227	0.27	1407	58	10.83	2.65
1788466646.689286	0.27	1443	57	8.32	1.09
1788466646.790109	18.71	2464	59	29.03	19.38
1788466646.890811	19.79	2950	60	36.49	27.40
1788466646.991410	15.16	3039	58	36.64	27.79
1788466647.091762	19.13	2886	65	35.93	26.79
1788466647.192193	18.34	3358	62	43.99	35.23
1788466647.292834	14.48	3180	61	38.96	30.16
1788466647.393287	19.06	3010	65	38.35	29.56
1788466647.493980	18.84	3183	61	40.19	31.08
1788466647.595354	16.62	2711	60	31.67	22.58
1788466647.695704	16.33	3471	63	45.22	36.09
1788466647.796268	19.22	2715	58	31.82	22.91
1788466647.896777	19.21	3047	62	37.23	28.47
1788466647.997341	14.36	2918	60	34.46	25.80
1788466648.097935	20.10	3145	60	39.51	30.26
1788466648.199783	15.59	3140	61	37.38	28.87
1788466648.300231	17.85	3435	65	44.83	35.70
1788466648.400933	18.86	3321	61	43.58	34.69
1788466648.501315	18.41	2665	61	32.38	23.30
1788466648.602120	14.43	2479	62	27.24	19.03
1788466648.702559	19.20	2861	63	36.37	27.57
1788466648.803224	19.02	3152	64	40.03	31.18
1788466648.904775	16.49	3172	63	39.79	31.20
1788466649.005340	16.29	3249	63	42.44	33.18
1788466649.105727	19.17	3069	62	40.73	31.61
1788466649.206257	18.85	2497	63	27.84	19.54
1788466649.306691	16.36	3533	65	45.15	36.64
1788466649.407212	18.46	3353	63	42.67	33.81
1788466649.507814	14.32	2840	60	33.47	24.86
1788466649.608387	19.13	3129	63	40.26	31.08
1788466649.708816	19.25	3212	61	42.85	33.58
1788466649.810174	18.17	2945	63	34.14	25.34
1788466649.910725	14.52	3160	63	38.92	30.08
1788466650.011183	19.08	3167	63	40.85	31.71
1788466650.111582	19.23	3229	63	42.68	33.79
1788466650.215992	16.95	3066	61	36.17	27.80
1788466650.316470	16.08	3288	64	42.28	33.14
1788466650.417028	20.36	3427	62	44.75	35.57
1788466650.517493	14.39	3382	63	42.12	33.31
1788466650.618185	18.99	2522	60	29.40	20.62
1788466650.719017	17.89	2768	59	31.05	21.89
1788466650.820107	17.28	2588	62	29.70	21.15
1788466650.920736	16.24	2907	59	35.82	26.81
1788466651.021221	19.68	3114	63	38.92	29.80
1788466651.122040	18.61	2621	62	32.33	23.49
1788466651.222580	13.98	2488	60	28.35	19.70
1788466651.322968	19.02	3027	63	36.01	27.26
1788466651.423657	19.40	2722	60	33.12	24.48
1788466651.525389	15.49	3440	68	41.84	33.05
1788466651.625943	17.59	3583	62	47.07	37.77
1788466651.726489	18.77	3214	65	40.69	32.14
1788466651.826942	13.99	3522	66	44.10	35.57
1788466651.927366	18.14	3558	65	44.87	35.86
1788466652.027918	18.00	3528	65	46.17	36.83
1788466652.128734	14.09	3118	61	38.03	29.27
1788466652.229185	14.04	2733	64	31.34	23.23
1788466652.329551	19.30	3074	65	40.28	31.39
1788466652.431036	10.35	3500	60	37.96	28.89
1788466652.531622	15.87	2628	65	28.76	19.59
1788466652.632258	19.10	3320	65	44.97	36.05
1788466652.732769	15.55	3526	63	44.73	36.01
1788466652.833216	18.95	3404	66	44.79	35.42
1788466652.934281	14.21	3604	65	48.88	39.44
1788466653.034747	15.68	3541	66	45.92	36.52
1788466653.135158	18.66	3512	66	45.73	36.42
1788466653.235854	19.09	3180	62	41.03	31.94
1788466653.338211	14.67	2721	60	31.74	23.14
1788466653.438888	18.50	2570	62	31.91	22.67
1788466653.539282	19.10	2961	63	36.48	27.35
1788466653.644366	18.16	2872	62	33.90	25.61
1788466653.745257	15.13	2647	60	30.08	21.40
1788466653.845717	20.52	2820	65	36.91	27.73
1788466653.946141	14.17	3495	65	43.74	34.99
1788466654.046735	18.75	3284	63	43.54	34.52
1788466654.147083	18.74	3363	63	43.32	34.38
1788466654.249594	18.57	3143	65	37.82	29.68
1788466654.350158	14.45	3335	63	42.78	33.85
1788466654.450806	18.72	3337	63	42.98	33.75
1788466654.551181	20.20	2827	61	36.75	27.50
1788466654.653556	17.24	2787	65	31.53	22.53
1788466654.753906	15.85	3076	65	38.71	29.71
1788466654.854428	18.94	3267	62	43.69	34.41
1788466654.954869	19.90	3141	65	39.11	29.85
1788466655.055630	14.49	2635	60	30.80	21.73
1788466655.155991	18.73	3137	63	38.86	29.65
1788466655.258234	18.51	2740	62	34.82	26.07
1788466655.358608	15.00	2890	64	34.36	25.85
1788466655.459099	18.66	3438	65	44.85	35.65
1788466655.559410	19.13	2845	63	35.66	27.00
1788466655.661295	15.12	2923	64	34.36	25.67
1788466655.761801	17.41	3132	65	37.57	28.76
1788466655.862261	18.72	3370	61	42.68	33.68
1788466655.962820	19.10	2643	63	31.64	23.14
1788466656.063271	14.31	3086	64	36.91	28.53
1788466656.163757	20.11	3475	62	45.94	36.90
1788466656.264341	16.96	3034	63	36.36	28.12
1788466656.364884	15.76	3213	61	40.36	31.11
1788466656.465426	19.00	2822	60	35.16	26.15
1788466656.565801	19.15	2933	64	36.41	27.51
1788466656.666223	14.43	3319	63	41.20	32.62
1788466656.766748	18.95	3238	63	41.71	32.84
1788466656.867190	18.99	3213	63	42.20	33.43
1788466656.967994	16.92	2824	63	33.89	25.43
1788466657.068953	15.99	2337	60	26.67	17.77
1788466657.169454	19.40	2624	63	30.82	21.93
1788466657.269956	14.70	3439	63	42.58	34.37
1788466657.371337	6.37	4259	79	48.13	39.43
1788466657.471959	15.26	2945	64	33.24	23.85
1788466657.574279	18.72	2728	63	31.78	23.14
1788466657.674784	14.03	2389	61	27.93	18.99
1788466657.775307	19.09	3346	65	43.86	34.92
1788466657.875728	18.81	3272	65	42.36	33.66
1788466657.976389	16.72	2799	63	34.20	25.35
1788466658.076896	16.61	3311	62	41.99	33.35
1788466658.177262	14.43	3102	64	37.29	28.89
1788466658.277754	14.37	3345	63	41.66	33.18
1788466658.378631	20.36	3221	61	41.86	32.79
1788466658.480649	18.07	2665	63	30.58	21.72
1788466658.581184	15.39	3326	63	42.35	33.66
1788466658.681651	19.02	3203	63	41.64	32.83
1788466658.782116	19.02	3116	61	39.71	30.68
1788466658.882866	15.07	3119	61	38.79	30.05
1788466658.983433	17.96	2994	63	36.36	27.70
1788466659.084099	18.98	2593	61	30.61	21.76
1788466659.186416	18.11	2482	63	26.19	17.88
1788466659.286967	15.03	2625	64	31.07	22.09
1788466659.387461	19.04	3228	61	41.87	33.06
1788466659.487947	19.80	3260	65	41.38	32.45
1788466659.588299	14.49	3550	65	44.64	36.36
1788466659.688900	18.61	3185	62	41.25	31.97
1788466659.789290	18.84	2597	65	27.56	19.26
1788466659.889815	14.53	3302	63	41.05	32.40
1788466659.990269	19.01	3148	63	41.94	33.04
1788466660.090878	18.58	3419	65	43.49	34.76
1788466660.192285	18.50	3280	65	42.03	33.76
1788466660.292886	14.26	2429	60	27.80	18.93
1788466660.393269	18.65	3159	63	38.50	29.71
1788466660.493741	14.40	2691	63	30.74	21.90
1788466660.594137	20.52	3338	66	45.61	36.34
1788466660.694668	14.42	3056	63	37.53	28.68
1788466660.795217	18.89	2746	62	32.49	23.57
1788466660.898949	17.98	2445	63	26.01	17.59
1788466660.999348	15.35	3183	65	40.59	31.66
1788466661.099827	19.29	2886	65	37.83	28.72
1788466661.200215	14.52	3455	64	43.92	35.11
1788466661.300883	19.10	3189	65	41.54	32.87
1788466661.401259	19.03	3063	66	38.16	29.80
1788466661.502373	14.32	2668	62	31.06	22.25
1788466661.603101	18.77	2932	62	35.71	26.36
1788466661.706485	17.53	2675	65	30.11	21.84
1788466661.807127	17.20	3187	62	40.39	31.66
1788466661.910429	13.21	2297	63	22.07	13.48
1788466662.010812	16.15	3263	63	41.13	32.24
1788466662.111432	18.84	3476	65	45.22	36.27
1788466662.211891	18.94	3390	66	44.65	35.48
1788466662.315293	16.38	3367	63	42.01	33.76
1788466662.415703	16.69	3205	64	41.59	32.67
1788466662.516344	19.07	2506	60	28.93	19.99
1788466662.616847	18.98	2984	63	36.71	27.84
1788466662.717416	14.41	3405	63	42.69	33.95
1788466662.817782	19.08	3134	63	42.24	33.33
1788466662.918552	19.90	3274	64	43.24	34.17
1788466663.019480	14.60	3228	63	39.68	31.65
1788466663.119930	19.05	2749	65	35.25	26.15
1788466663.220367	18.99	3190	66	41.65	32.72
1788466663.323156	15.36	3369	63	41.17	32.93
1788466663.423547	17.53	3383	64	45.51	36.60
1788466663.524224	19.07	3026	62	38.90	29.51
1788466663.630779	18.73	2431	63	27.48	19.15
1788466663.731356	14.64	3089	64	39.22	30.36
1788466663.831850	19.01	3339	65	44.19	35.21
1788466663.932272	18.85	3433	64	45.52	36.33
1788466664.032733	17.70	3193	63	40.98	32.38
1788466664.133317	17.25	3418	65	44.63	36.05
1788466664.233888	19.17	3049	65	38.97	30.61
1788466664.334588	14.25	2907	63	35.62	26.78
1788466664.435321	14.24	2311	62	25.36	16.85
1788466664.535941	14.22	2423	61	26.67	18.31
1788466664.636749	14.89	2903	62	33.84	25.95
1788466664.737529	18.66	2757	61	32.56	23.80
1788466664.837897	18.94	3016	66	37.64	28.42
1788466664.938377	18.94	3103	63	38.28	29.60
1788466665.038737	14.35	3359	65	42.47	33.75
1788466665.139241	18.79	3381	65	44.22	35.28
1788466665.239883	20.16	2965	65	37.60	28.58
1788466665.340389	15.03	3372	66	41.98	33.97
1788466665.440737	19.24	3226	66	43.21	34.34
1788466665.542194	17.53	2609	63	32.09	23.59
1788466665.642832	15.99	2900	64	35.69	26.70
1788466665.743603	19.29	3246	63	43.40	34.35
1788466665.843972	19.00	2841	63	32.96	24.51
1788466665.945211	15.11	3138	65	38.79	30.13
1788466666.045634	18.09	3254	65	42.74	33.91
1788466666.146616	19.24	3027	63	37.26	28.52
1788466666.247014	18.47	3214	65	42.23	33.06
1788466666.348074	14.21	2551	61	29.90	21.01
1788466666.448668	20.63	3085	66	41.57	32.16
1788466666.549396	17.09	3350	65	43.76	34.45
1788466666.649817	16.18	3511	65	46.16	36.80
1788466666.750467	19.02	2896	65	38.86	29.69
1788466666.851244	19.11	3104	63	39.85	31.08
1788466666.951854	14.41	2978	66	36.02	26.87
1788466667.052287	18.92	3129	63	39.83	30.48
1788466667.152720	19.02	3213	66	41.42	32.57
1788466667.253442	17.44	3361	65	42.55	33.92
1788466667.354319	15.78	3042	62	38.30	29.53
1788466667.454860	18.62	3310	63	41.82	32.58
1788466667.555568	19.38	2301	63	25.26	16.44
1788466667.656071	15.45	3543	64	45.37	36.90
1788466667.756518	19.29	3217	65	42.52	33.82
1788466667.860604	17.14	3277	63	41.81	33.55
1788466667.961116	16.18	3130	63	39.93	31.12
1788466668.061536	19.22	3017	63	37.59	28.74
1788466668.161973	18.99	3303	65	42.46	33.76
1788466668.264221	15.13	3065	65	36.73	28.04
1788466668.364717	18.41	3048	64	39.60	30.25
1788466668.465066	19.00	3138	64	40.52	31.60
1788466668.565703	14.54	3228	66	39.82	31.51
1788466668.666046	20.50	3318	66	44.35	35.15
1788466668.766756	14.31	3246	63	40.38	32.30
1788466668.867150	19.03	3185	65	42.24	32.99
1788466668.972482	17.44	2643	65	28.12	20.41
1788466669.073106	15.36	3021	63	39.94	30.32
1788466669.173705	18.68	3041	63	38.44	29.64
1788466669.274340	18.80	3268	65	41.45	32.67
1788466669.376933	17.01	3062	66	37.93	29.79
1788466669.477301	16.28	3266	65	44.05	34.69
1788466669.580423	18.90	3402	65	44.53	35.43
1788466669.681017	19.45	2594	63	32.74	23.81
1788466669.781560	15.46	2996	63	36.28	27.52
1788466669.882067	19.12	3102	64	39.32	30.49
1788466669.984132	17.54	3373	65	42.46	33.45
1788466670.084700	15.63	2773	63	32.67	23.75
1788466670.185472	19.12	2572	63	29.76	20.99
1788466670.285876	19.14	2873	68	34.45	25.55
1788466670.387693	15.19	3323	65	41.23	32.65
1788466670.489687	9.84	3173	61	28.80	19.76
1788466670.590449	4.47	1971	62	12.70	4.68
1788466670.690999	14.33	2779	63	33.17	24.36
1788466670.791691	19.70	2859	65	34.82	25.64
1788466670.892245	15.42	3285	63	41.63	32.57
1788466670.992695	18.79	3385	65	44.02	35.15
1788466671.093050	18.92	3490	66	45.40	36.89
1788466671.193656	14.52	3364	68	43.12	34.22
1788466671.294021	18.76	3244	66	42.52	33.63
1788466671.394621	18.74	2934	68	38.12	29.31
1788466671.496312	17.88	3442	65	45.13	36.13
1788466671.596819	15.51	3469	68	44.84	36.17
1788466671.697173	19.49	3237	65	43.14	34.23
1788466671.797759	18.93	3219	64	42.05	33.10
1788466671.898446	15.44	2995	66	36.53	27.72
1788466671.999057	19.87	3289	66	43.77	34.60
1788466672.100081	17.88	3030	65	39.27	30.99
1788466672.200656	15.63	3155	64	39.15	30.52
1788466672.301380	19.02	3172	63	40.86	31.94
1788466672.401836	19.28	3141	65	40.42	31.58
1788466672.502352	14.29	3259	63	42.02	32.67
1788466672.602912	19.46	2682	65	34.32	25.00
1788466672.703278	19.18	3010	65	39.12	30.00
1788466672.803684	14.51	3427	65	44.50	35.64
1788466672.904039	18.78	3312	65	42.82	33.79
1788466673.005194	19.09	3128	64	40.16	31.24
1788466673.105546	15.80	3441	64	44.80	35.97
1788466673.207808	18.51	3422	66	45.50	36.30
1788466673.308394	14.39	2943	63	36.84	27.53
1788466673.409035	18.96	3193	66	43.17	33.84
1788466673.509669	15.43	3219	65	41.25	32.00
1788466673.613314	18.18	3275	67	41.77	33.16
1788466673.713663	18.98	3339	65	45.45	36.16
1788466673.814282	14.29	3125	65	38.95	30.21
1788466673.914865	18.88	2906	63	36.55	27.61
1788466674.018715	18.26	2200	63	22.20	13.81
1788466674.119216	15.92	3267	64	42.79	33.79
1788466674.219942	20.02	2372	65	27.30	18.21
1788466674.320289	15.18	3493	65	44.61	35.96
1788466674.420706	19.07	3230	69	43.35	34.07
1788466674.521153	14.44	3352	66	43.03	34.03
1788466674.621690	19.01	3310	68	45.07	36.02
1788466674.722073	17.73	3188	66	42.18	32.91
1788466674.822611	15.27	3266	65	42.43	33.34
1788466674.923179	19.17	3068	65	39.84	30.92
1788466675.023599	18.97	3252	65	42.39	33.63
1788466675.124938	15.34	3236	68	40.36	31.60
1788466675.225486	18.06	2901	65	34.77	25.99
1788466675.325843	20.06	3315	67	42.89	33.97
1788466675.426586	14.14	2653	63	31.38	22.91
1788466675.527070	19.74	2178	63	24.93	15.93
1788466675.627562	19.11	3070	65	38.79	29.81
1788466675.727929	14.48	3194	65	39.85	31.44
1788466675.828388	19.14	3257	65	43.06	34.08
1788466675.928960	18.88	3353	66	45.13	35.81
1788466676.030218	17.08	2795	63	35.26	26.80
1788466676.130721	16.69	2724	63	33.00	23.98
1788466676.231351	18.83	3119	65	38.90	30.02
1788466676.332153	19.22	3025	63	39.82	31.37
1788466676.432913	14.30	3071	65	37.88	28.99
1788466676.533322	20.78	2823	68	36.39	27.13
1788466676.633848	15.93	3344	64	42.87	34.31
1788466676.734231	17.71	3324	65	44.67	35.31
1788466676.834754	18.91	3432	66	45.87	36.48
1788466676.936422	17.83	3427	65	45.18	36.07
1788466677.037067	15.17	3529	66	46.06	37.26
1788466677.137445	18.81	3466	66	46.84	37.47
1788466677.238089	14.38	3465	66	44.30	35.45
1788466677.338424	14.14	3536	66	44.79	36.59
1788466677.438811	14.26	3535	66	45.11	36.81
1788466677.540859	15.99	3496	65	44.81	36.02
1788466677.643783	18.58	3549	66	47.05	37.97
1788466677.747204	16.71	3167	65	42.02	33.00
1788466677.847716	16.96	3100	66	40.79	31.79
1788466677.948109	18.92	3180	65	42.61	33.37
1788466678.048921	14.25	2521	64	29.38	21.07
1788466678.149520	19.07	2848	64	35.28	26.30
1788466678.250195	19.16	2470	63	27.72	18.94
1788466678.350661	14.36	3195	68	40.30	31.12
1788466678.451100	19.11	3320	66	43.92	34.50
1788466678.551631	14.56	3287	65	41.90	32.81
1788466678.652131	19.16	3171	69	42.02	33.18
1788466678.752650	19.40	3077	63	41.19	32.17
1788466678.853561	14.93	2919	63	35.00	26.16
1788466678.954012	16.14	2288	65	25.45	16.11
1788466679.054854	15.68	3439	65	45.14	36.22
1788466679.155512	17.62	2669	63	31.54	22.50
1788466679.255993	18.99	2773	66	35.03	25.66
1788466679.356392	18.93	3329	68	44.44	35.37
1788466679.457152	14.38	3358	67	42.80	34.22
1788466679.557900	18.92	3021	63	37.52	28.64
1788466679.658365	19.53	2781	65	35.09	25.85
1788466679.760978	17.73	3161	64	41.21	32.83
1788466679.861561	15.44	3410	67	46.49	36.87
1788466679.961916	20.57	3180	65	43.25	33.92
1788466680.062349	14.27	3274	68	41.01	32.76
1788466680.162851	18.87	3162	66	41.10	31.80
1788466680.263296	19.24	3090	69	40.14	31.04
1788466680.364031	18.67	3378	66	44.57	35.99
1788466680.464506	14.41	2963	65	37.28	28.24
1788466680.565017	19.06	3143	64	41.09	32.00
1788466680.665512	18.96	2728	68	32.57	23.58
1788466680.767370	15.33	2463	63	28.72	20.24
1788466680.867882	18.04	3024	65	41.25	31.77
1788466680.968373	19.09	3270	65	41.47	32.55
1788466681.069231	19.01	2571	64	29.89	21.30
1788466681.169709	16.30	3489	67	46.32	37.37
1788466681.270247	18.77	3457	66	46.01	37.10
1788466681.371838	14.70	3273	69	40.87	32.60
1788466681.472300	18.91	3044	69	40.49	31.36
1788466681.572770	18.97	3320	66	44.10	34.68
1788466681.673179	19.50	3119	67	40.95	32.05
1788466681.773519	14.36	3168	66	39.63	30.75
1788466681.874089	19.15	3192	65	43.38	33.99
1788466681.974569	18.89	3121	67	39.58	30.14
1788466682.078431	15.26	3240	66	40.61	32.20
1788466682.178796	18.09	3269	66	42.77	33.68
1788466682.279444	19.71	3469	65	46.60	37.50
1788466682.379778	14.86	3540	67	46.84	37.77
1788466682.480414	19.44	3010	69	39.05	30.31
1788466682.581137	14.21	3442	65	44.35	35.84
1788466682.682065	19.21	2848	63	37.53	28.24
1788466682.783908	17.65	3164	68	40.37	31.36
1788466682.884365	16.07	3153	68	41.69	32.26
1788466682.984730	18.80	3354	68	44.41	35.62
1788466683.086189	11.53	2844	63	31.21	22.57
1788466683.186855	18.81	2766	65	36.30	26.75
1788466683.287675	19.03	3121	66	40.73	31.27
1788466683.388339	17.12	3241	66	42.13	33.18
1788466683.488816	17.56	3458	66	46.18	36.75
1788466683.589330	19.05	2379	64	27.83	19.10
1788466683.689898	14.71	3073	66	38.37	29.38
1788466683.790425	19.18	3190	64	42.28	33.14
1788466683.891232	18.77	3307	64	42.89	33.89
1788466683.992683	18.53	3165	68	38.43	30.07
1788466684.093348	14.63	2895	63	35.75	27.09
1788466684.193971	19.00	2675	63	31.06	22.22
1788466684.294508	14.43	3167	65	39.54	31.19
1788466684.394896	14.37	3373	66	43.26	34.57
1788466684.495465	20.03	2864	68	36.84	27.99
1788466684.595820	14.94	3364	66	42.81	34.49
1788466684.696321	19.31	3143	68	42.23	33.07
1788466684.797014	18.90	3254	68	41.97	32.98
1788466684.897495	14.33	3508	65	45.51	36.68
1788466684.997848	19.33	2972	68	38.94	29.74
1788466685.098267	19.07	3264	68	43.59	34.76
1788466685.198983	14.22	2629	65	31.56	22.91
1788466685.299538	19.13	2993	69	40.00	30.94
1788466685.400218	18.50	2762	65	31.09	22.83
1788466685.501156	14.68	3065	63	38.31	29.19
1788466685.601816	19.86	2909	65	35.27	26.29
1788466685.702338	14.46	2910	65	34.98	26.49
1788466685.803139	18.26	2888	63	33.73	24.92
1788466685.904048	18.86	2413	63	26.84	17.91
1788466686.004846	14.81	2817	65	33.21	24.85
1788466686.105613	18.60	2410	63	28.11	19.36
1788466686.206038	19.18	3129	66	41.69	32.76
1788466686.306575	19.10	3279	68	43.09	34.53
1788466686.407206	14.36	3531	67	46.27	36.91
1788466686.507690	19.23	2935	66	38.35	28.90
1788466686.608368	19.00	3243	65	42.68	33.77
1788466686.711292	15.63	2444	63	28.50	20.29
1788466686.811671	19.41	3108	65	41.95	32.44
1788466686.912736	19.00	2817	65	33.90	25.12
1788466687.013293	13.80	2280	63	24.85	16.36
1788466687.113788	19.43	2710	69	36.84	27.75
1788466687.214150	18.65	3494	69	47.15	37.81
1788466687.317555	15.92	3534	69	44.49	36.24
1788466687.418019	17.16	3545	70	48.43	39.34
1788466687.518438	18.17	3495	69	47.21	37.97
1788466687.618832	19.29	3432	70	46.27	37.00
1788466687.719422	15.77	3496	68	46.68	37.65
1788466687.819778	17.48	3483	70	47.11	37.87
1788466687.920286	20.26	3527	70	48.36	39.09
1788466688.020935	14.18	3511	67	45.81	37.14
1788466688.121487	18.78	3125	70	40.40	31.44
1788466688.221850	18.78	3453	66	47.00	37.48
1788466688.322266	19.09	3284	69	43.55	34.88
1788466688.422609	14.32	3532	70	46.66	37.67
1788466688.523167	18.94	3412	69	45.37	36.19
1788466688.623503	19.02	3461	71	47.27	38.72
1788466688.723920	18.95	3272	69	43.98	34.45
1788466688.824600	14.32	3486	66	45.46	36.53
1788466688.925057	19.39	3083	66	42.36	33.25
1788466689.025664	19.50	3389	68	46.17	37.16
1788466689.126126	15.11	3418	65	44.67	35.90
1788466689.226520	19.20	2915	66	37.53	28.61
1788466689.326935	18.97	3235	66	42.02	33.23
1788466689.427587	14.40	3025	65	38.47	29.49
1788466689.528038	19.20	2755	69	33.94	24.60
1788466689.628473	19.00	3216	65	41.85	32.98
1788466689.731244	18.27	3234	65	41.51	33.07
1788466689.831763	15.21	3472	69	46.16	36.91
1788466689.932332	18.79	3213	65	42.52	33.36
1788466690.032695	18.85	3301	69	43.51	34.61
1788466690.133260	14.03	3541	70	45.56	37.01
1788466690.233624	19.92	3487	70	48.55	39.23
1788466690.334012	14.31	3512	70	45.91	37.33
1788466690.434404	18.48	3536	70	47.61	38.31
1788466690.536596	15.95	3078	65	41.19	32.28
1788466690.637206	17.64	2280	63	25.90	16.96
1788466690.737782	19.08	3023	66	39.68	30.27
1788466690.838164	14.37	2767	64	32.19	23.85
1788466690.938651	19.02	3133	66	41.97	33.06
1788466691.043610	17.87	3020	66	36.85	28.27
1788466691.144237	15.46	2738	64	34.93	25.47
1788466691.244633	18.94	3127	66	40.76	31.70
1788466691.345036	14.40	3350	66	42.18	34.03
1788466691.445808	14.41	3033	66	36.66	28.67
1788466691.547814	9.71	2314	63	23.61	14.70
1788466691.648375	15.75	3166	65	32.37	23.16
1788466691.749216	14.28	2880	63	35.57	26.79
1788466691.849765	19.58	2366	68	30.79	21.30
1788466691.952509	17.84	2440	64	29.99	21.27
1788466692.052941	15.37	3378	66	44.17	35.35
1788466692.153573	18.81	2902	63	34.49	25.58
1788466692.254086	19.00	2342	65	27.11	18.35
1788466692.356978	15.46	3333	66	42.28	33.55
1788466692.457319	17.90	3120	65	41.46	32.03
1788466692.557737	19.24	3042	66	40.47	31.14
1788466692.658251	19.08	2854	66	35.69	27.10
1788466692.759431	15.57	3215	65	40.55	31.73
1788466692.859939	18.82	2438	65	27.50	18.98
1788466692.960577	14.08	2421	63	28.31	19.64
1788466693.060958	18.87	3258	69	43.76	34.57
1788466693.161525	19.12	3121	68	41.52	32.09
1788466693.263206	17.59	2747	64	34.55	25.39
1788466693.363725	15.79	3058	66	38.66	29.97
1788466693.464091	18.71	3169	66	43.20	34.14
1788466693.564632	19.03	3213	66	42.22	32.93
1788466693.665459	15.18	3388	66	43.11	34.47
1788466693.765941	18.70	3195	65	43.70	34.51
1788466693.866655	19.47	3137	66	39.72	30.42
1788466693.967059	15.05	3056	70	38.15	29.42
1788466694.067462	19.04	3131	67	41.58	32.48
1788466694.167919	14.42	2684	69	31.10	22.55
1788466694.268520	18.85	2943	63	38.11	28.92
1788466694.369172	17.29	2387	65	27.60	18.57
1788466694.469606	15.74	3283	65	42.07	33.22
1788466694.570039	19.17	3018	68	39.26	29.82
1788466694.670538	14.31	3497	68	44.83	36.25
1788466694.771005	18.62	3202	65	40.90	31.62
1788466694.871381	19.06	3041	67	40.16	31.06
1788466694.972650	14.20	2544	63	29.42	21.08
1788466695.073332	20.20	3075	68	39.59	30.19
1788466695.174267	14.48	2905	65	35.13	26.41
1788466695.274668	18.70	3393	67	44.41	35.21
1788466695.375630	15.15	3331	68	42.38	34.21
1788466695.476669	17.93	3223	65	42.77	33.51
1788466695.577339	18.26	2735	64	31.79	22.40
1788466695.677679	14.53	2849	68	34.21	25.85
1788466695.778085	18.97	3107	65	40.09	30.93
1788466695.878907	17.47	2573	65	29.40	20.83
1788466695.979321	15.65	3371	69	44.38	35.40
1788466696.080843	15.54	3240	63	39.38	30.22
1788466696.183455	18.13	2757	63	33.85	24.49
1788466696.284019	16.07	3202	65	41.81	32.51
1788466696.384714	19.02	3198	66	44.43	34.97
1788466696.485273	14.43	3320	66	42.91	34.09
1788466696.586143	19.67	2901	64	38.87	29.43
1788466696.686508	18.47	2651	66	32.52	23.07
1788466696.787433	17.65	3188	65	42.91	33.67
1788466696.888040	15.75	3020	65	39.11	29.99
1788466696.988540	18.95	3129	68	40.77	31.51
1788466697.089088	19.12	2849	65	36.38	27.58
1788466697.189773	14.43	3017	65	37.39	28.59
1788466697.290310	19.29	2816	65	34.33	25.31
1788466697.390887	19.76	3288	68	43.77	34.86
1788466697.492492	15.19	3299	67	41.66	33.30
1788466697.593084	14.52	3270	70	42.74	33.68
1788466697.693417	14.68	3048	68	37.68	29.27
1788466697.793840	18.92	3445	68	46.06	37.16
1788466697.894349	15.89	2974	65	38.34	28.98
1788466697.995080	17.58	2956	66	37.09	28.24
1788466698.095544	19.16	3226	70	42.05	33.12
1788466698.196094	19.32	2850	69	37.61	28.67
1788466698.296509	14.59	3294	69	42.71	33.90
1788466698.396948	18.84	3441	70	45.22	36.29
1788466698.497530	20.15	3364	68	47.10	37.63
1788466698.598101	14.55	2716	65	32.23	23.29
1788466698.698581	19.23	2596	63	33.12	24.00
1788466698.799069	18.98	3190	69	42.35	33.68
1788466698.899429	14.32	3090	66	38.46	30.04
1788466698.999891	19.04	3265	65	43.12	34.17
1788466699.100478	14.88	2560	66	29.80	21.25
1788466699.200990	18.32	2577	65	29.87	20.68
1788466699.301532	18.93	2562	69	30.25	21.03
1788466699.401945	14.38	3236	67	41.04	32.50
1788466699.502464	18.88	3306	65	44.30	34.80
1788466699.609656	18.10	3328	66	42.27	33.72
1788466699.710020	16.35	3504	68	50.53	40.72
1788466699.812238	16.14	2684	65	31.26	22.69
1788466699.912582	17.43	3259	66	43.15	34.16
1788466700.013337	18.79	3406	65	45.90	36.87
1788466700.113928	13.62	2186	63	24.55	15.91
1788466700.214596	18.92	3159	65	40.75	31.58
1788466700.315019	18.82	2828	67	34.94	26.13
1788466700.419361	16.09	2324	63	25.47	17.26
1788466700.519760	16.52	3052	69	40.52	30.68
1788466700.620182	19.09	3160	68	43.72	34.37
1788466700.720970	19.45	2951	66	37.38	28.26
1788466700.821845	14.86	2860	63	35.36	26.05
1788466700.922276	19.04	3124	66	41.40	31.96
1788466701.024802	17.71	2431	69	26.54	18.23
1788466701.125241	15.54	3281	66	42.98	33.77
1788466701.225741	19.07	2995	65	39.31	30.28
1788466701.326227	19.19	2961	65	39.37	30.26
1788466701.427355	15.83	3045	68	37.63	29.20
1788466701.527881	17.49	3424	65	46.33	36.90
1788466701.628560	19.01	3055	64	39.71	30.48
1788466701.729044	19.18	3129	67	39.10	30.00
1788466701.829583	14.28	3323	65	42.92	33.96
1788466701.930227	20.47	2903	66	38.29	29.33
1788466702.031809	16.60	3076	68	39.19	30.77
1788466702.132250	16.47	3262	65	42.67	33.90
1788466702.232728	18.88	2890	70	36.73	27.87
1788466702.333263	18.94	3326	67	45.14	36.40
1788466702.434019	14.27	3165	65	40.56	31.31
1788466702.534482	19.11	3017	69	40.35	30.89
1788466702.635195	18.94	3302	67	44.58	35.10
1788466702.736232	19.03	2882	68	35.33	26.62
1788466702.836934	14.36	3153	66	39.48	30.86
1788466702.937286	18.94	3074	66	40.68	31.55
1788466703.038001	19.66	3249	70	43.35	34.14
1788466703.138357	14.84	3148	68	40.30	31.55
1788466703.238986	19.07	2877	65	35.98	26.59
1788466703.339379	18.73	3371	70	44.27	35.45
1788466703.440156	14.10	2841	65	34.58	26.28
1788466703.540523	18.85	3426	67	45.71	36.14
1788466703.640934	19.23	3362	69	45.46	36.44
1788466703.743588	18.74	3176	69	41.49	33.07
1788466703.844269	14.45	3395	66	44.90	35.97
1788466703.944651	14.23	3247	69	41.31	32.60
1788466704.045199	14.25	3310	70	42.13	33.90
1788466704.146311	15.23	3367	68	42.85	34.71
1788466704.246856	19.46	3307	68	44.21	35.35
1788466704.347948	19.07	3152	65	41.67	32.76
1788466704.448463	14.41	3158	66	40.54	31.44
1788466704.548979	19.15	2941	65	38.27	28.89
1788466704.652746	18.71	3037	67	36.30	27.78
1788466704.753487	10.48	2417	64	27.24	17.54
1788466704.854044	19.27	3029	66	40.43	31.01
1788466704.954391	18.93	3200	69	42.72	33.38
1788466705.055578	16.77	3343	69	44.94	35.79
1788466705.155923	16.76	3213	70	43.36	34.45
1788466705.256574	20.28	3224	68	43.50	34.16
1788466705.357088	14.13	2633	66	30.61	22.51
1788466705.457706	18.82	3383	67	44.98	35.88
1788466705.558056	19.01	3297	66	43.24	34.27
1788466705.659202	19.00	3285	68	42.68	34.16
1788466705.759542	14.26	3528	70	46.21	37.32
1788466705.860097	19.07	3159	67	41.49	32.47
1788466705.960588	18.94	3278	65	44.94	35.91
1788466706.061036	16.82	2739	69	33.55	24.97
1788466706.161662	16.57	2741	65	32.62	23.96
1788466706.262130	18.99	2949	66	38.01	29.10
1788466706.362777	19.37	3240	69	43.98	35.02
1788466706.463394	15.34	3152	65	39.86	30.92
1788466706.563848	19.29	2606	65	32.50	23.14
1788466706.664813	14.54	2265	65	25.44	16.85
1788466706.765500	18.47	3024	65	39.85	30.91
1788466706.866093	18.98	2603	65	31.72	22.69
1788466706.967060	13.62	2194	63	24.41	15.52
1788466707.067685	19.25	3184	68	40.90	31.52
1788466707.169578	15.08	3030	69	37.18	28.35
1788466707.270154	18.29	3251	70	45.23	35.68
1788466707.370662	18.80	3383	70	45.82	36.71
1788466707.471204	14.44	3021	64	38.18	29.08
1788466707.571654	20.32	3212	66	43.18	33.67
1788466707.672130	14.73	3181	70	40.17	31.66
1788466707.772484	19.05	3127	66	42.57	33.32
1788466707.873699	18.47	3223	65	43.87	34.75
1788466707.974216	14.25	2810	64	34.95	25.98
1788466708.074891	18.91	2598	65	31.27	21.95
1788466708.175255	14.50	2564	68	28.45	20.25
1788466708.275787	19.09	3254	68	44.51	35.01
1788466708.376126	18.81	3318	68	45.41	36.44
1788466708.480126	17.66	2983	68	35.60	26.94
1788466708.580680	14.81	3283	67	43.58	34.12
1788466708.681282	19.62	3254	65	43.59	34.51
1788466708.782079	15.27	3061	65	38.18	29.55
1788466708.882691	18.23	3285	65	44.75	35.33
1788466708.983245	19.19	2242	64	25.71	16.37
1788466709.084175	18.52	3285	67	43.04	34.51
1788466709.184771	14.14	2440	63	27.75	18.62
1788466709.285295	19.50	2378	66	30.82	21.35
1788466709.387413	18.78	3202	66	40.74	31.52
1788466709.488358	14.48	2572	63	31.03	21.95
1788466709.588900	19.46	2821	68	37.15	27.77
1788466709.689421	19.84	3251	66	44.78	35.17
1788466709.789791	15.12	3047	69	38.04	28.91
1788466709.890253	14.49	2974	66	37.69	28.50
1788466709.990753	14.42	3402	69	43.45	35.27
1788466710.091222	14.28	3302	69	41.56	33.43
1788466710.191846	18.97	2904	65	37.67	28.74
1788466710.292573	19.37	2775	65	34.65	25.82
1788466710.395365	14.88	3086	64	39.00	30.22
1788466710.495828	19.09	2601	66	33.90	24.43
1788466710.596384	19.13	3068	66	40.74	31.32
1788466710.696939	17.02	3263	69	43.46	34.48
1788466710.797590	15.63	3016	65	37.05	28.37
1788466710.898264	20.33	3044	66	39.04	30.03
1788466710.998844	14.42	3271	67	41.89	33.68
1788466711.099314	18.99	2907	66	37.55	28.20
1788466711.199699	19.05	3230	65	41.91	33.01
1788466711.300153	14.21	2523	69	29.64	20.75
1788466711.400819	19.02	3202	66	43.86	34.93
1788466711.501329	18.92	3240	67	44.56	35.41
1788466711.601679	14.45	3332	67	43.34	34.34
1788466711.702567	19.83	3074	65	41.81	32.66
1788466711.803527	16.01	2188	64	25.35	16.73
1788466711.904014	17.23	3228	69	45.12	35.73
1788466712.004594	19.82	3518	67	47.97	38.64
1788466712.105217	14.84	2942	70	35.97	27.72
1788466712.205640	18.92	3461	66	47.04	37.78
1788466712.306224	14.50	3143	70	39.32	31.05
1788466712.406938	18.77	2845	65	35.51	26.56
1788466712.507411	18.96	3134	68	41.49	32.00
1788466712.607750	14.47	3261	68	42.01	33.09
1788466712.708296	18.92	3115	65	39.75	30.52
1788466712.811285	18.02	2696	67	31.49	23.31
1788466712.912045	14.98	3206	64	41.91	32.79
1788466713.012389	18.99	2688	69	32.91	23.75
1788466713.113072	14.20	3518	69	46.29	37.55
1788466713.213653	20.74	3116	68	41.32	31.99
1788466713.314137	14.46	2701	65	32.38	23.72
1788466713.414906	19.33	2317	65	27.78	18.50
1788466713.517313	12.69	2750	65	30.26	21.47
1788466713.617844	16.94	2991	64	39.97	30.44
1788466713.718641	19.26	3305	67	44.30	34.98
1788466713.819151	19.00	3252	66	43.15	34.19
1788466713.919739	15.25	3356	69	43.23	34.66
1788466714.020303	18.13	3155	66	42.21	33.35
1788466714.120790	18.84	3305	70	44.00	34.57
1788466714.221418	19.38	3284	69	45.71	36.69
1788466714.321931	15.24	3432	67	44.58	35.89
1788466714.422556	18.09	2677	63	31.05	21.69
1788466714.523655	17.28	2987	66	38.55	29.72
1788466714.624021	16.36	3291	67	42.88	34.06
1788466714.724533	18.90	3359	70	46.62	37.60
1788466714.825051	19.31	3167	69	42.07	32.79
1788466714.925539	14.47	3479	66	45.97	37.38
1788466715.026015	18.79	3370	68	45.55	36.58
1788466715.126610	19.06	3145	65	42.15	33.18
1788466715.226942	18.85	2870	69	34.53	25.82
1788466715.327810	14.29	2612	64	31.32	22.81
1788466715.428286	20.32	3277	67	44.00	34.61
1788466715.531180	16.55	2939	69	35.59	26.92
1788466715.631580	17.17	3314	68	45.86	36.33
1788466715.732015	19.36	3269	68	42.51	33.56
1788466715.833661	19.26	3087	65	40.32	31.41
1788466715.934131	14.25	2896	69	35.49	26.84
1788466716.034735	18.93	3117	68	40.35	31.39
1788466716.135474	18.69	3196	65	41.33	32.56
1788466716.236037	14.06	2390	64	27.38	18.82
1788466716.336804	19.18	2960	65	37.01	27.75
1788466716.437303	19.24	2736	68	33.08	23.69
1788466716.538147	15.56	3169	65	40.39	31.16
1788466716.638630	14.21	2734	70	32.56	24.03
1788466716.739288	19.24	3108	67	41.11	32.70
1788466716.840115	14.20	2714	63	33.00	24.27
1788466716.940892	14.88	3196	70	41.36	32.24
1788466717.041429	18.73	3172	65	41.30	32.36
1788466717.142038	19.72	2535	65	30.89	21.96
1788466717.242786	15.64	3416	69	44.82	35.96
1788466717.343250	17.72	3396	67	45.07	36.22
1788466717.443794	19.04	3242	68	42.45	33.43
1788466717.544607	19.18	3086	66	41.56	32.84
1788466717.644953	16.06	3233	70	41.58	32.97
1788466717.745364	18.99	3269	66	43.14	33.96
1788466717.846032	14.81	3308	68	43.44	34.12
1788466717.946593	18.02	3073	70	39.78	30.79
1788466718.046941	19.00	3295	70	45.41	36.08
1788466718.147351	19.01	3307	69	46.40	37.11
1788466718.248030	14.24	2952	65	36.87	27.97
1788466718.348770	18.92	2742	65	34.12	24.62
1788466718.449123	18.81	2696	69	32.35	23.56
1788466718.552141	15.72	3184	68	40.47	31.86
1788466718.653336	17.51	2775	64	33.21	24.22
1788466718.753986	20.60	3047	66	41.35	32.16
1788466718.854322	14.40	3311	66	42.81	34.17
1788466718.954761	18.86	3471	68	46.86	37.81
1788466719.055452	18.99	2280	64	26.54	17.88
1788466719.156319	16.17	2495	66	28.60	19.75
1788466719.256682	16.97	3526	70	46.99	37.95
1788466719.357083	18.97	3325	69	46.28	37.33
1788466719.457554	19.07	3302	69	45.47	36.63
1788466719.559390	14.77	2879	66	35.11	26.18
1788466719.659856	19.23	2936	68	39.64	29.91
1788466719.760459	19.17	2712	68	32.09	23.01
1788466719.861410	18.76	2575	65	29.97	21.10
1788466719.962034	16.23	3496	70	46.83	38.03
1788466720.062386	19.14	3186	70	44.32	35.41
1788466720.164159	14.31	3277	66	41.23	32.98
1788466720.264530	19.53	2904	69	39.76	30.66
1788466720.365404	19.24	2885	66	36.72	27.98
1788466720.466973	17.64	3287	68	44.59	35.76
1788466720.567485	15.92	3370	66	45.07	35.64
1788466720.668152	19.24	2980	66	39.97	30.82
1788466720.771344	16.91	2784	66	33.17	25.03
1788466720.871974	16.79	3058	66	41.24	31.48
1788466720.972555	19.60	2997	66	37.62	28.48
1788466721.073047	15.04	3204	65	40.12	31.73
1788466721.173658	18.57	2980	67	36.03	26.61
1788466721.274528	14.27	2534	64	29.84	21.10
1788466721.375273	18.91	2608	65	31.15	22.07
1788466721.476043	18.44	2675	68	31.89	23.51
1788466721.576446	15.31	3464	67	46.47	37.03
1788466721.677262	19.04	2795	64	34.11	24.86
1788466721.777733	14.46	2732	66	33.14	24.33
1788466721.878263	18.97	3008	65	39.90	30.53
1788466721.978809	18.87	2792	67	34.36	25.39
1788466722.079695	14.31	2968	66	37.44	28.31
1788466722.180304	19.84	3416	66	45.49	36.25
1788466722.282447	17.81	2586	66	31.35	22.50
1788466722.383185	15.62	2716	64	32.69	23.42
1788466722.483552	19.01	2614	70	34.89	25.48
1788466722.584387	18.85	2793	66	36.34	27.38
1788466722.684940	15.03	2990	68	37.87	28.78
1788466722.785436	18.90	3250	70	42.95	33.84
1788466722.886029	14.02	2601	65	30.57	22.01
1788466722.986583	14.36	2633	70	30.63	22.47
1788466723.086964	18.77	3353	68	45.09	36.58
1788466723.187450	14.22	3313	67	43.26	34.05
1788466723.287898	20.46	3426	68	46.98	37.85
1788466723.390040	16.16	3262	66	42.39	33.69
1788466723.490516	17.12	2535	66	29.29	20.37
1788466723.591042	18.95	2914	68	35.85	27.01
1788466723.691401	19.07	2913	65	35.77	27.01
1788466723.792110	14.40	2523	65	29.12	20.63
1788466723.892462	19.19	3053	66	40.99	31.80
1788466723.993242	19.19	2578	65	32.15	23.23
1788466724.094571	15.65	2144	63	23.31	15.12
1788466724.195168	17.67	2685	64	32.23	23.37
1788466724.295530	19.05	2906	66	37.10	27.92
1788466724.396262	15.41	3181	65	41.07	32.35
1788466724.496777	19.64	3283	68	44.50	35.24
1788466724.597468	14.46	2634	64	32.30	23.25
1788466724.697813	19.38	3107	67	42.41	33.26
1788466724.798337	18.86	3407	66	45.99	36.76
1788466724.898788	14.29	2837	68	35.75	26.30
1788466724.999277	19.30	2761	70	35.70	26.64
1788466725.101545	14.68	3433	68	44.14	35.70
1788466725.202092	18.41	3358	71	46.44	37.23
1788466725.302571	19.45	3311	70	44.95	35.45
1788466725.403250	14.22	2869	65	35.02	26.62
1788466725.503888	20.66	2643	67	31.87	22.97
1788466725.604371	15.02	2954	68	37.34	28.19
1788466725.704711	19.51	2838	70	37.41	27.95
1788466725.805162	14.21	3391	68	43.71	34.86
1788466725.905557	18.84	3353	67	45.37	36.08
1788466726.007075	17.74	3373	67	44.91	35.71
1788466726.107891	15.13	3022	64	37.81	29.03
1788466726.208386	18.76	3159	70	41.45	32.08
1788466726.308755	14.20	3405	67	44.52	35.91
1788466726.409514	18.67	3330	66	43.97	34.94
1788466726.509899	18.89	2821	67	33.94	24.45
1788466726.611501	10.87	2751	63	29.69	20.33
1788466726.711974	20.37	2656	66	34.82	25.27
1788466726.812723	14.43	3359	67	43.35	34.45
1788466726.913082	19.03	3310	67	45.96	36.43
1788466727.013507	19.07	3336	70	46.03	36.54
1788466727.114267	18.62	3493	69	46.04	37.03
1788466727.214986	14.19	3426	68	44.91	35.94
1788466727.315339	19.09	3231	69	44.52	35.27
1788466727.415847	18.83	3472	69	46.40	37.20
1788466727.516291	16.96	3471	67	46.18	37.19
1788466727.616718	16.09	3476	69	46.58	37.31
1788466727.717117	19.27	3424	70	47.34	38.13
1788466727.817676	19.59	3370	67	46.59	37.31
1788466727.918438	14.84	2859	66	36.14	26.84
1788466728.018933	18.83	2830	69	35.30	26.42
1788466728.119339	18.91	3151	67	42.31	33.74
1788466728.220453	14.24	3212	65	41.14	32.20
1788466728.320961	19.10	2716	65	34.82	25.67
1788466728.421821	19.19	2932	67	38.29	29.03
1788466728.522977	15.18	3159	66	40.54	31.43
1788466728.623647	17.98	3302	66	44.40	35.24
1788466728.724249	19.31	2834	65	36.61	27.58
1788466728.824882	18.98	2979	68	38.46	29.29
1788466728.925313	14.37	3433	66	45.30	36.54
1788466729.025722	20.49	3290	71	45.89	37.01
1788466729.130210	17.95	3220	66	42.51	34.12
1788466729.230699	15.38	3359	70	46.62	37.05
1788466729.331509	18.96	2840	65	36.44	27.35
1788466729.432337	19.07	2093	64	23.85	15.11
1788466729.532815	14.17	2859	66	34.94	26.41
1788466729.633348	19.44	3186	66	42.42	33.14
1788466729.734105	14.48	2991	65	36.56	28.01
1788466729.834887	14.34	2862	65	35.48	26.27
1788466729.935247	14.51	3259	67	41.24	32.92
1788466730.036829	14.75	3146	65	39.97	31.18
1788466730.137275	20.09	2997	70	41.16	31.61
1788466730.238016	14.35	3368	65	43.64	35.14
1788466730.338470	19.18	3050	67	41.47	32.19
1788466730.439020	18.85	2831	68	35.59	26.39
1788466730.539541	14.22	3480	71	46.25	37.38
1788466730.640095	18.95	3286	67	45.39	36.12
1788466730.742392	17.04	2933	65	37.76	29.10
1788466730.843238	12.27	2233	64	23.67	14.11
1788466730.944221	19.17	2282	63	27.12	17.76
1788466731.045494	18.94	2321	68	26.52	17.52
1788466731.146055	14.42	2771	65	34.21	25.03
1788466731.246733	21.04	2885	68	38.65	29.34
1788466731.347066	14.39	3259	69	41.36	33.06
1788466731.447484	19.33	3082	67	41.90	32.79
1788466731.547915	19.15	3116	70	41.96	32.69
1788466731.648821	16.41	3274	68	44.46	35.33
1788466731.749244	16.92	2799	68	33.83	25.08
1788466731.849765	19.06	3122	66	43.45	34.09
1788466731.950218	18.97	2603	66	30.64	21.71
1788466732.051015	14.20	2558	64	30.51	21.64
1788466732.151366	19.36	2687	66	33.41	23.95
1788466732.252063	18.90	2911	65	37.38	28.40
1788466732.353330	17.51	2824	66	32.06	23.85
1788466732.453910	16.61	3298	65	43.23	34.34
1788466732.554260	19.03	2792	69	33.72	24.77
1788466732.654746	14.34	3144	65	39.89	30.88
1788466732.755359	18.94	3118	65	39.30	30.37
1788466732.855998	19.09	2816	65	35.13	26.21
1788466732.956343	19.10	3348	67	45.33	36.42
1788466733.056782	14.36	3188	69	40.56	31.86
1788466733.157337	18.81	3098	65	41.49	32.51
1788466733.258002	18.76	3419	70	45.18	35.82
1788466733.358496	18.72	3353	67	44.37	35.57
1788466733.458958	14.40	3124	67	39.74	30.82
1788466733.559540	19.79	3215	69	44.20	35.08
1788466733.661868	16.52	2957	68	36.95	28.21
1788466733.762346	17.22	3110	66	40.80	31.83
1788466733.862808	19.00	3053	69	41.12	31.78
1788466733.963195	19.01	2528	66	31.14	22.32
1788466734.063836	14.37	2497	65	29.36	20.56
1788466734.164421	19.17	2972	68	39.66	30.67
1788466734.265119	19.17	2912	66	37.33	28.10
1788466734.366300	17.31	2822	65	34.94	26.11
1788466734.466846	16.15	3007	68	38.40	29.46
1788466734.567405	19.17	3037	66	40.10	30.61
1788466734.667911	19.51	3168	70	43.01	33.77
1788466734.768263	15.38	3557	70	47.53	38.55
1788466734.868722	19.13	3226	68	42.02	33.03
1788466734.969982	16.15	2855	67	34.20	25.76
1788466735.070635	17.11	3293	66	44.54	35.57
1788466735.171000	19.14	3089	66	41.32	32.29
1788466735.271660	18.41	2980	66	39.20	30.09
1788466735.374029	14.78	3229	69	40.72	31.95
1788466735.474900	18.37	2825	65	36.15	27.00
1788466735.575518	19.54	2586	68	31.69	22.54
1788466735.676340	17.57	3179	67	42.41	33.48
1788466735.776776	15.97	3110	68	40.63	31.86
1788466735.877287	20.72	3181	69	44.51	35.28
1788466735.977868	14.32	3356	67	43.05	34.68
1788466736.078412	19.15	3110	68	40.87	31.37
1788466736.179042	14.60	2815	67	34.88	25.92
1788466736.279417	14.05	2695	67	31.87	23.68
1788466736.379753	18.80	3257	66	44.09	34.93
1788466736.484873	16.68	2944	65	37.33	29.13
1788466736.585613	16.85	2360	64	29.10	19.14
1788466736.686097	19.11	2890	67	36.78	27.46
1788466736.786560	19.14	3140	68	42.07	33.38
1788466736.887276	14.49	2942	69	36.44	27.32
1788466736.987815	20.30	3283	66	44.57	35.44
1788466737.089076	17.50	3169	68	40.05	31.63
1788466737.189546	15.89	3376	68	45.23	36.40
1788466737.289971	18.84	3174	70	42.01	32.98
1788466737.390390	18.93	3370	67	45.55	36.49
1788466737.491109	14.49	3458	68	45.87	37.15
1788466737.591536	18.99	3200	69	42.71	33.18
1788466737.692025	19.25	3423	67	47.53	37.90
1788466737.792900	16.88	2603	65	32.26	22.76
1788466737.893372	16.91	3342	69	45.63	35.96
1788466737.993812	19.15	3217	66	42.70	33.23
1788466738.094573	19.51	2822	68	35.52	26.06
1788466738.194967	15.72	3429	66	46.38	37.02
1788466738.295637	18.89	2596	65	30.93	21.94
1788466738.396289	14.93	3115	66	40.05	30.59
1788466738.496800	18.28	3381	67	46.48	37.06
1788466738.597308	18.92	3105	65	42.30	32.81
1788466738.697756	19.30	2742	69	33.22	24.40
1788466738.798157	16.53	3234	69	44.70	34.95
1788466738.898664	20.28	3249	71	46.01	36.19
1788466738.999177	18.98	3164	69	43.05	33.45
1788466739.105933	15.91	2266	64	26.99	17.84
1788466739.206341	16.89	2310	65	27.94	18.31
1788466739.306846	20.49	3280	70	44.96	35.60
1788466739.407229	14.47	3273	68	41.94	33.00
1788466739.507660	18.98	2548	67	32.07	22.56
1788466739.608101	23.29	3069	73	44.66	35.14
1788466739.709709	93.32	3245	72	78.65	68.81
1788466739.810811	17.19	3109	65	40.97	31.18
1788466739.911405	19.38	2684	71	35.23	25.57
1788466740.013217	18.95	3029	68	39.12	29.57
1788466740.113659	15.54	3369	68	46.18	36.42
1788466740.214097	19.64	3234	71	43.83	34.20
1788466740.315877	19.16	2724	69	34.88	25.35
1788466740.416371	16.44	3323	68	45.46	35.67
1788466740.516820	19.37	2529	70	30.47	20.96
1788466740.617771	14.52	2733	64	33.82	24.36
1788466740.718426	19.72	2494	67	32.17	22.56
1788466740.818890	19.38	2906	67	37.85	28.37
1788466740.919855	14.47	2652	66	32.65	23.11
1788466741.020351	19.38	2562	65	31.31	21.76
1788466741.120892	19.25	2393	65	29.53	20.09
1788466741.224162	15.17	2460	65	29.50	20.23
1788466741.324932	18.43	3072	67	40.79	31.02
1788466741.425408	20.68	3144	68	42.95	33.32
1788466741.526039	14.79	3147	68	40.65	31.09
1788466741.626735	19.45	2851	65	36.26	26.69
1788466741.727415	19.38	2758	66	34.25	24.74
1788466741.827778	14.65	3293	67	43.94	34.22
1788466741.928425	19.24	3360	67	46.41	36.80
1788466742.030276	17.74	2739	68	33.18	23.70
1788466742.130874	16.41	3348	66	45.24	35.49
1788466742.231250	19.29	3093	70	42.15	32.44
1788466742.331856	14.75	2962	65	38.25	28.72
1788466742.432459	14.52	2361	65	27.58	18.12
1788466742.532941	14.55	3203	66	41.85	32.21
1788466742.633579	14.83	3260	70	43.08	33.39
1788466742.734214	20.68	3320	70	45.89	36.27
1788466742.834859	14.56	2965	65	38.64	29.03
1788466742.935543	19.73	2611	69	30.92	21.34
1788466743.038519	17.58	3110	66	42.10	32.68
1788466743.139292	18.40	2658	66	35.13	25.23
1788466743.239908	19.65	2815	67	37.34	27.71
1788466743.340385	19.88	2717	65	36.10	26.49
1788466743.441152	14.60	2609	65	31.65	22.19
1788466743.541652	19.66	3185	70	43.78	34.09
1788466743.642019	19.87	3312	70	46.26	36.60
1788466743.742533	14.71	2956	65	37.78	28.13
1788466743.843236	21.06	2986	67	40.64	31.10
1788466743.944630	15.54	2923	65	37.81	28.25
1788466744.045325	18.80	2726	65	35.72	26.09
1788466744.145853	19.54	2709	69	35.25	25.62
1788466744.246827	17.72	3284	69	44.45	34.79
1788466744.347566	15.43	2522	64	30.68	21.22
1788466744.448166	18.94	2528	64	30.29	20.73
1788466744.548826	19.63	2585	65	31.69	22.12
1788466744.649234	14.68	3367	68	44.27	34.67
1788466744.749884	19.41	3192	68	44.02	34.42
1788466744.850316	20.19	3196	67	45.00	35.38
1788466744.951122	15.36	3199	68	41.75	32.15
1788466745.051910	19.38	3066	65	41.65	32.02
1788466745.152701	19.52	2723	66	35.86	26.30
1788466745.253059	14.86	3301	69	43.60	34.02
1788466745.354238	19.02	3155	65	42.70	33.13
1788466745.454674	19.55	2729	69	35.20	25.68
1788466745.555952	15.82	3413	67	46.08	36.45
1788466745.656326	18.72	3047	68	41.33	31.68
1788466745.756945	19.42	3197	67	44.43	34.74
1788466745.857347	19.47	3110	68	43.40	33.79
1788466745.958204	14.48	2697	65	33.81	24.22
1788466746.058772	21.34	2404	68	29.99	20.41
1788466746.159653	14.47	2819	66	35.82	26.32
1788466746.260620	19.19	2835	65	35.25	25.64
1788466746.361314	18.09	2873	67	37.51	27.87
1788466746.461687	16.10	3268	68	44.98	35.33
1788466746.562294	19.15	3122	66	42.36	32.74
1788466746.662997	14.51	3246	68	43.00	33.36
1788466746.763428	19.19	3418	68	47.82	38.09
1788466746.863937	19.43	2937	68	37.66	28.17
1788466746.964393	14.66	3339	69	44.56	34.94
1788466747.064844	19.36	2913	67	39.49	29.83
1788466747.167202	17.30	3237	69	42.56	33.22
1788466747.268006	17.75	3262	65	44.32	34.49
1788466747.368690	14.97	2141	64	25.09	15.58
1788466747.469116	18.59	2618	66	30.58	21.12
1788466747.569915	19.06	2836	67	35.11	25.51
1788466747.670335	15.00	3237	65	43.07	33.42
1788466747.770800	19.45	3162	69	42.41	32.82
1788466747.871553	19.08	2957	68	38.66	29.12
1788466747.972096	15.16	3051	65	40.73	31.05
1788466748.072464	19.58	3006	70	40.32	30.73
1788466748.172938	14.62	3482	66	47.02	37.33
1788466748.273380	19.49	2671	66	32.84	23.34
1788466748.373942	20.56	3052	66	41.53	31.91
1788466748.474326	15.03	3248	70	43.09	33.38
1788466748.574871	19.28	3232	70	44.93	35.31
1788466748.675344	18.82	2993	68	40.78	31.17
1788466748.776317	14.48	2320	65	27.63	18.15
1788466748.876706	14.75	3253	68	42.94	33.24
1788466748.977461	14.87	3395	66	45.54	35.96
1788466749.078071	19.57	2861	66	37.94	28.29
1788466749.179010	19.33	3071	66	40.18	30.61
1788466749.282426	18.04	3056	68	37.37	28.11
1788466749.383154	15.38	2819	64	36.25	26.44
1788466749.483544	20.61	2903	67	38.33	28.75
1788466749.584353	14.55	2717	66	33.39	23.82
1788466749.684781	19.17	3289	70	46.50	36.79
1788466749.785576	19.08	3365	71	46.90	37.30
1788466749.887473	19.00	2943	69	40.59	31.02
1788466749.987942	15.08	3051	68	40.08	30.33
1788466750.088614	19.21	3374	67	46.71	37.07
1788466750.189300	19.09	3276	66	44.68	35.02
1788466750.291632	16.85	3038	68	38.90	29.44
1788466750.392103	17.29	3178	69	45.08	35.20
1788466750.492458	19.43	3158	70	42.17	32.50
1788466750.593722	21.23	2435	66	31.89	22.27
1788466750.694158	17.93	3528	69	50.65	40.56
1788466750.794612	18.81	3260	67	45.74	36.04
1788466750.895478	15.13	3455	69	46.75	37.31
1788466750.996171	17.70	2698	65	33.00	23.56
1788466751.096555	18.94	3330	69	44.77	35.09
1788466751.197115	18.92	3431	69	47.28	38.02
1788466751.297515	14.28	3421	67	45.76	36.52
1788466751.397928	18.77	3397	70	46.59	37.46
1788466751.498426	18.77	3534	72	47.96	38.86
1788466751.598879	18.80	3389	69	44.96	36.14
1788466751.699311	14.59	3494	69	47.08	37.60
1788466751.799747	20.31	3555	70	49.56	40.04
1788466751.901465	18.19	3506	70	47.48	38.13
1788466752.001962	14.87	2806	68	34.64	25.80
1788466752.102664	19.05	3256	70	44.11	35.02
1788466752.203294	19.24	3064	69	41.65	32.66
1788466752.305672	16.36	3124	66	40.46	31.69
1788466752.406203	17.06	3227	69	42.71	33.58
1788466752.506573	18.83	3023	66	40.21	30.82
1788466752.607047	18.87	3082	66	41.80	32.68
1788466752.707782	14.45	3131	66	40.46	31.16
1788466752.808299	18.95	3105	71	41.98	32.60
1788466752.909051	14.94	2445	67	28.28	18.97
1788466753.009541	15.68	3536	70	48.08	38.70
1788466753.109904	18.78	3455	68	47.10	38.12
1788466753.213576	16.56	3261	70	43.34	34.21
1788466753.314087	17.04	3011	66	39.96	30.57
1788466753.414523	19.20	3009	69	40.02	30.86
1788466753.514885	19.21	2794	69	36.15	26.94
1788466753.615592	14.44	3322	70	42.93	34.26
1788466753.716285	19.18	2891	65	37.04	27.63
1788466753.816892	19.35	2492	69	30.87	21.41
1788466753.919085	15.66	3320	67	42.68	34.01
1788466754.019636	18.16	3213	66	44.26	34.50
1788466754.120339	20.41	3221	69	43.74	34.36
1788466754.220874	14.88	3164	66	40.31	32.02
1788466754.321353	19.19	3228	68	43.53	34.39
1788466754.422543	18.88	2708	66	34.08	24.89
1788466754.523328	14.74	3236	65	42.21	33.27
1788466754.623778	19.49	3081	70	39.73	30.26
1788466754.724287	14.69	3095	68	40.19	30.86
1788466754.824863	14.50	3206	66	41.57	32.67
1788466754.927114	15.15	2728	66	32.96	24.01
1788466755.027735	18.48	3252	70	44.86	35.62
1788466755.128084	19.21	3322	67	44.12	35.50
1788466755.228576	14.32	3481	70	46.35	37.39
1788466755.328954	20.41	3341	68	45.68	36.17
1788466755.429713	14.66	3379	71	43.65	35.43
1788466755.530097	18.79	3221	71	43.46	34.04
1788466755.630540	14.56	3310	69	42.96	34.24
1788466755.731267	19.43	3013	66	39.87	30.77
1788466755.831732	19.25	3016	71	40.66	31.14
1788466755.932183	14.26	3537	67	46.49	37.70
1788466756.032593	18.91	3298	72	45.54	36.06
1788466756.133033	19.33	2860	69	36.83	28.17
1788466756.233573	14.55	3407	73	44.85	36.11
1788466756.334132	19.75	3303	68	46.12	36.67
1788466756.434713	19.43	3488	70	48.21	38.69
1788466756.535166	15.31	3402	66	45.28	36.35
1788466756.635726	19.33	3115	68	43.06	33.75
1788466756.736228	18.97	3321	70	45.29	35.68
1788466756.836714	14.35	3477	69	46.78	37.64
1788466756.937227	18.56	3147	70	42.55	33.00
1788466757.037633	18.95	3204	69	44.92	35.20
1788466757.140955	16.20	3169	66	41.23	32.70
1788466757.241521	17.78	3195	68	45.79	35.92
1788466757.341891	19.50	2344	66	29.29	20.25
1788466757.447575	15.42	2431	65	26.98	18.93
1788466757.547981	19.01	3378	68	48.12	38.59
1788466757.651364	19.35	2973	66	39.62	30.76
1788466757.751855	14.71	3118	71	40.71	31.61
1788466757.852367	18.95	3162	67	42.00	32.35
1788466757.952708	18.94	3035	71	39.55	30.16
1788466758.053314	17.15	3255	66	43.24	34.65
1788466758.153730	16.33	3241	69	44.32	35.45
1788466758.254149	18.89	3194	71	42.49	33.36
1788466758.354700	18.90	3418	72	46.15	36.95
1788466758.455172	16.40	3387	69	45.64	37.04
1788466758.555537	17.08	3357	73	45.30	36.26
1788466758.656165	20.34	3481	70	48.28	38.87
1788466758.756655	14.28	2901	68	36.46	27.62
1788466758.857348	18.77	2945	68	37.37	28.27
1788466758.957895	19.18	3330	69	44.42	34.97
1788466759.058536	14.49	3322	68	42.92	34.59
1788466759.159209	18.89	2820	65	35.31	26.05
1788466759.260571	18.64	2559	69	29.20	20.66
1788466759.361181	14.72	2729	65	33.68	24.67
1788466759.461823	18.87	3094	67	38.99	30.02
1788466759.565254	15.10	2913	67	35.37	26.90
1788466759.665696	18.37	3228	69	44.80	35.11
1788466759.766127	19.88	2645	68	34.14	24.79
1788466759.866718	15.57	3367	69	44.76	35.35
1788466759.967148	19.30	3094	71	42.26	32.89
1788466760.067546	14.38	3242	69	42.00	32.76
1788466760.167927	18.71	3276	69	44.18	34.75
1788466760.268604	16.40	2426	66	28.74	20.15
1788466760.369122	17.29	3000	69	39.52	30.60
1788466760.469819	19.14	3170	67	42.77	33.87
1788466760.570248	14.60	3096	66	38.35	30.08
1788466760.670686	19.08	3039	67	40.71	31.18
1788466760.771061	19.31	3277	71	44.24	34.80
1788466760.871553	14.20	3317	68	43.81	34.59
1788466760.971923	20.39	3463	67	47.82	38.52
1788466761.072444	14.30	2775	71	34.09	25.45
1788466761.175896	15.34	3227	65	38.32	29.08
1788466761.276534	18.92	2428	69	28.22	18.64
1788466761.377187	14.24	3443	67	45.52	36.56
1788466761.477718	18.72	3311	68	44.50	34.91
1788466761.578329	14.17	2382	66	27.70	18.76
1788466761.680462	17.29	2951	69	35.85	26.93
1788466761.780881	16.01	3393	69	46.48	36.95
1788466761.881474	19.17	3241	67	44.19	34.65
1788466761.981822	14.36	2996	67	37.52	28.96
1788466762.082400	20.74	3317	73	45.85	36.48
1788466762.182941	14.55	2974	66	37.75	28.94
1788466762.283524	19.16	2562	66	30.14	21.12
1788466762.384150	19.32	2639	68	30.35	21.57
1788466762.484826	14.37	2945	65	36.58	28.02
1788466762.585175	19.18	3087	67	40.75	31.73
1788466762.685617	19.43	2734	70	34.61	25.83
1788466762.788117	13.95	2159	65	24.70	15.66
1788466762.888722	18.50	3051	68	42.01	32.42
1788466762.989128	19.19	3244	69	42.97	33.53
1788466763.089969	19.04	2988	66	36.36	27.23
1788466763.190341	15.74	3501	68	46.65	37.98
1788466763.291265	19.32	3184	65	42.62	33.51
1788466763.391635	14.49	3277	70	42.26	33.58
1788466763.492300	19.16	3164	68	42.79	33.73
1788466763.592690	19.31	2688	69	34.37	25.28
1788466763.693842	17.44	3314	70	43.98	35.23
1788466763.794638	16.24	3263	69	44.57	35.13
1788466763.895206	19.21	3155	65	42.83	33.70
1788466763.997812	18.88	2996	69	36.70	28.11
1788466764.098364	14.58	3070	69	40.33	31.33
1788466764.198913	20.13	2897	68	37.96	28.94
1788466764.299509	14.65	3032	65	37.52	29.34
1788466764.400003	19.57	2481	65	31.68	22.41
1788466764.500571	14.44	2719	65	32.36	23.93
1788466764.601044	19.33	2905	69	38.32	29.06
1788466764.703464	18.56	3335	67	45.47	36.21
1788466764.804048	15.43	3323	70	44.83	35.47
1788466764.904498	19.60	2847	69	39.02	29.50
1788466765.004906	14.37	3180	69	40.92	32.23
1788466765.105337	19.02	2917	71	36.47	27.48
1788466765.206139	19.17	3346	67	46.28	36.91
1788466765.306841	14.50	3480	69	46.18	37.51
1788466765.407186	20.66	3315	69	46.45	37.15
1788466765.508221	11.83	3235	65	37.51	29.04
1788466765.608717	18.48	2693	69	33.60	24.00
1788466765.709253	19.20	3186	70	44.34	34.76
1788466765.809797	14.41	3172	65	41.34	32.33
1788466765.910404	19.42	2943	68	39.98	30.89
1788466766.011025	17.85	3290	65	41.95	32.85
1788466766.111892	18.29	2912	69	36.60	28.06
1788466766.212309	15.40	3308	70	44.08	35.22
1788466766.312842	19.00	3271	67	46.01	36.79
1788466766.413329	19.39	2955	69	40.03	30.61
1788466766.513743	15.59	3394	68	45.08	36.03
1788466766.614347	18.99	3025	65	40.17	31.40
1788466766.714951	14.54	2422	68	28.61	19.46
1788466766.815317	19.24	3035	69	41.76	32.20
1788466766.916105	19.13	3155	65	43.97	34.34
1788466767.016564	18.43	2952	68	36.79	27.88
1788466767.116966	14.84	3292	67	43.60	34.80
1788466767.217362	19.40	2896	69	37.88	28.71
1788466767.317936	19.15	2998	66	39.18	29.92
1788466767.418452	14.50	2863	70	34.72	26.24
1788466767.519006	19.20	3289	70	45.32	35.84
1788466767.619619	20.42	3249	70	43.97	34.88
1788466767.720048	15.01	3324	68	43.83	34.68
1788466767.820446	19.01	3244	70	45.22	36.07
1788466767.920859	19.21	3160	73	43.67	34.31
1788466768.021536	14.47	3372	67	43.89	35.31
1788466768.122212	19.50	2855	73	39.79	30.60
1788466768.222647	18.96	3103	71	40.78	31.69
1788466768.323226	14.44	3391	70	45.02	35.97
1788466768.423707	14.46	3494	71	46.69	37.62
1788466768.524298	14.43	3331	69	42.77	34.52
1788466768.624806	18.77	3247	69	43.60	34.81
1788466768.725333	14.42	3534	71	47.14	37.80
1788466768.825753	20.14	3394	69	47.55	38.44
1788466768.926782	18.03	3223	69	44.32	35.17
1788466769.027251	14.96	3245	69	42.56	33.31
1788466769.127648	18.67	3375	67	44.97	35.84
1788466769.228168	19.07	3351	69	45.73	36.39
1788466769.328957	17.45	3449	68	47.22	38.32
1788466769.429310	15.59	3383	70	44.82	35.81
1788466769.529775	19.07	3361	68	46.53	37.40
1788466769.630232	18.61	2704	69	35.56	26.55
1788466769.731168	14.65	2957	68	38.07	28.47
1788466769.831727	19.02	2967	66	39.39	30.09
1788466769.932550	20.06	3232	69	42.84	33.20
1788466770.033529	14.75	3295	66	42.49	34.26
1788466770.134542	18.59	2120	65	24.71	15.55
1788466770.237311	17.07	2879	69	34.64	26.41
1788466770.337881	16.24	3472	69	47.74	38.11
1788466770.438230	18.93	3415	69	46.85	37.60
1788466770.538663	18.94	3366	69	47.31	38.24
1788466770.639291	17.53	3341	68	44.58	35.95
1788466770.739822	15.79	3444	69	46.32	36.80
1788466770.840447	18.88	3443	70	47.09	38.00
1788466770.941113	18.88	3400	69	45.78	36.80
1788466771.042303	16.89	3442	69	46.32	37.48
1788466771.142714	17.91	3504	71	48.11	39.09
1788466771.243110	18.76	3348	69	43.54	34.81
1788466771.343608	14.44	3477	73	46.25	37.48
1788466771.443972	18.90	3348	72	46.35	37.30
1788466771.544613	18.82	3432	69	47.20	37.73
1788466771.644952	19.39	3372	70	46.85	38.02
1788466771.745602	14.25	3521	69	46.96	37.59
1788466771.845946	18.92	3505	71	48.90	39.33
1788466771.946488	19.09	3163	70	43.42	34.00
1788466772.048381	18.55	3299	69	44.72	35.43
1788466772.148864	14.90	3417	70	45.92	37.04
1788466772.249216	20.68	3344	70	46.61	37.45
1788466772.349763	14.45	3355	69	43.97	35.31
1788466772.450312	18.75	3315	70	44.68	35.66
1788466772.551332	15.81	3506	69	46.15	37.78
1788466772.651833	17.56	3379	71	46.56	37.54
1788466772.752278	19.34	3376	70	46.54	37.15
1788466772.852785	14.46	3095	68	41.17	31.57
1788466772.953287	19.33	3136	68	42.02	32.57
1788466773.053709	19.17	3281	68	45.62	35.99
1788466773.154311	14.28	3518	70	46.80	37.78
1788466773.255003	19.28	3034	65	40.50	31.37
1788466773.355630	19.70	3134	71	40.62	31.49
1788466773.455981	15.37	3518	73	47.51	38.42
1788466773.556449	18.76	3292	68	45.06	35.96
1788466773.657470	15.51	2930	71	37.38	27.94
1788466773.758282	18.57	3264	69	43.51	34.27
1788466773.858678	19.09	3158	69	42.99	33.39
1788466773.959425	19.20	2867	67	35.30	26.14
1788466774.060052	14.50	3009	69	38.55	29.51
1788466774.160624	19.10	2851	68	36.28	27.23
1788466774.261208	19.39	3096	71	41.70	32.60
1788466774.363313	16.91	3270	70	43.96	35.14
1788466774.463779	16.71	3204	69	42.00	32.94
1788466774.564283	20.35	3430	69	47.35	38.21
1788466774.664676	14.46	3069	69	38.68	30.37
1788466774.765359	18.66	2468	66	28.10	19.07
1788466774.866016	19.13	2628	66	32.22	23.00
1788466774.967842	15.75	3248	70	41.42	32.83
1788466775.068362	17.29	3035	66	40.22	31.01
1788466775.168856	19.16	3230	71	44.01	34.77
1788466775.269486	14.42	3085	65	39.76	30.63
1788466775.370397	14.36	2877	65	35.20	26.87
1788466775.470882	16.69	2801	67	33.27	24.89
1788466775.571464	16.72	3362	67	44.33	35.53
1788466775.672116	21.60	2992	69	38.70	29.54
1788466775.772729	14.70	2656	65	31.79	23.07
1788466775.873147	19.07	3055	69	40.65	31.15
1788466775.973591	19.19	3214	69	44.91	35.91
1788466776.074209	14.38	3340	69	44.02	35.39
1788466776.174663	19.04	3224	68	43.46	34.25
1788466776.275525	18.80	2932	66	38.48	29.60
1788466776.376064	14.97	2986	65	38.83	29.80
1788466776.476424	19.34	2493	70	29.40	20.43
1788466776.577029	14.56	3250	68	42.53	33.59
1788466776.677515	18.80	2622	65	29.86	20.97
1788466776.778206	19.55	3090	70	41.71	32.06
1788466776.879080	15.28	3417	66	45.45	36.24
1788466776.979561	18.87	2543	66	28.41	19.42
1788466777.079931	14.45	3073	70	38.71	29.71
1788466777.180402	19.13	3178	71	44.20	34.60
1788466777.281313	16.59	3426	70	45.72	36.60
1788466777.381930	16.46	2944	67	36.00	27.18
1788466777.482406	19.18	2472	65	31.18	21.97
1788466777.582950	14.27	2731	66	33.05	24.71
1788466777.683591	19.84	3174	66	43.39	34.45
1788466777.785326	18.52	2871	68	38.70	29.18
1788466777.886222	15.12	2800	65	34.57	25.15
1788466777.987070	19.96	3007	70	39.18	29.99
1788466778.087839	14.44	2869	66	35.59	26.84
1788466778.188485	19.24	2669	66	34.07	24.77
1788466778.289032	18.95	3299	67	44.08	34.72
1788466778.389429	14.40	3348	67	44.00	34.72
1788466778.489954	19.03	3074	65	39.70	30.66
1788466778.590711	19.46	2706	73	35.36	26.46
1788466778.691464	19.16	3141	66	43.33	34.58
1788466778.791914	14.15	2820	69	34.82	25.75
1788466778.892371	19.13	2978	68	39.05	29.79
1788466778.993029	19.17	2755	65	35.35	25.94
1788466779.094860	17.91	3220	67	42.20	33.68
1788466779.195509	16.95	3445	70	48.03	38.65
1788466779.295855	19.17	3286	71	45.36	36.36
1788466779.396752	14.93	3453	70	46.07	37.21
1788466779.497267	18.66	3152	72	42.71	33.69
1788466779.598302	19.27	3221	66	43.94	34.33
1788466779.698793	19.47	2532	69	30.17	21.38
1788466779.799530	14.10	2574	69	30.33	21.68
1788466779.899904	18.72	3485	73	47.72	38.39
1788466780.000334	18.93	3435	71	47.52	38.01
1788466780.100721	18.57	3417	73	45.67	36.75
1788466780.201170	14.40	3534	73	46.56	37.93
1788466780.301623	20.25	3521	73	48.67	39.59
1788466780.403965	17.87	3021	69	36.85	28.56
1788466780.504511	15.55	3372	73	45.77	36.64
1788466780.605048	19.23	3330	71	46.77	37.39
1788466780.705556	18.98	3452	71	46.94	38.09
1788466780.808016	17.30	3273	69	44.54	35.65
1788466780.908583	16.25	3036	65	40.85	31.15
1788466781.009051	19.48	2597	68	33.45	24.27
1788466781.109558	19.02	3298	69	44.05	35.00
1788466781.210202	14.54	3284	69	43.66	34.54
1788466781.310623	19.14	3012	67	40.38	31.20
1788466781.411041	20.17	3009	70	39.22	30.09
1788466781.511370	14.95	3402	71	44.12	35.81
1788466781.611780	19.02	3362	68	46.72	37.10
1788466781.712209	19.34	3297	70	44.81	35.63
1788466781.813477	15.33	3180	67	42.03	33.08
1788466781.914058	17.91	3168	65	40.56	31.54
1788466782.014509	19.21	2889	69	38.45	29.36
1788466782.114895	18.55	3209	70	43.85	34.55
1788466782.215323	14.30	3434	70	45.01	36.19
1788466782.315749	14.53	3361	73	44.00	35.18
1788466782.416426	14.38	3331	66	44.35	35.37
1788466782.517809	18.04	3253	70	43.67	35.16
1788466782.618519	16.72	3169	68	41.06	32.02
1788466782.719151	19.09	2883	66	36.53	27.66
1788466782.826943	15.41	2640	65	31.88	23.26
1788466782.927512	17.94	3181	67	43.71	34.39
1788466783.028393	19.32	2622	66	33.12	23.95
1788466783.128767	19.14	3024	70	39.18	30.03
1788466783.229705	14.44	3060	65	39.13	30.10
1788466783.330418	19.22	2693	66	33.15	24.06
1788466783.431075	19.12	2494	69	29.46	20.60
1788466783.533479	14.88	3361	69	43.09	34.69
1788466783.633930	18.72	2939	66	39.55	30.42
1788466783.734512	20.33	3336	71	46.48	37.25
1788466783.835076	14.54	3256	66	43.06	34.20
1788466783.935459	19.22	2963	69	40.34	31.15
1788466784.036042	19.22	2828	69	36.70	27.47
1788466784.137610	15.87	2991	66	39.29	30.33
1788466784.238281	17.94	2725	67	35.42	26.44
1788466784.338923	19.05	3184	68	43.16	33.76
1788466784.439383	19.06	2369	69	26.33	17.40
1788466784.540163	14.02	2543	65	30.30	21.62
1788466784.640747	19.06	3048	68	40.91	32.06
1788466784.741204	19.04	3073	70	40.71	31.59
1788466784.845563	18.67	3280	69	44.01	35.12
1788466784.945941	16.00	3255	69	43.76	34.69
1788466785.046488	19.11	3129	69	41.33	32.47
1788466785.147346	14.47	2879	66	35.63	26.69
1788466785.247823	19.21	2765	66	36.54	27.17
1788466785.348185	19.13	3226	68	45.46	36.05
1788466785.448672	18.91	3322	70	44.63	35.89
1788466785.549336	14.59	3299	67	43.65	34.58
1788466785.649868	19.39	2891	66	37.31	28.09
1788466785.750349	19.50	2955	65	39.05	30.08
1788466785.850928	14.50	2887	66	35.42	26.81
1788466785.951474	19.04	2784	70	33.59	24.33
1788466786.052437	20.18	3198	67	42.51	33.23
1788466786.152791	14.61	3156	70	40.58	31.48
1788466786.253409	19.11	3227	70	43.71	34.69
1788466786.354011	19.32	3336	70	47.43	37.71
1788466786.456126	15.02	3368	67	44.44	34.94
1788466786.556598	18.21	3076	69	40.56	30.87
1788466786.657319	19.24	3291	69	45.08	35.40
1788466786.757834	19.36	2745	71	35.05	25.43
1788466786.858289	14.42	3539	73	47.26	38.19
1788466786.958646	18.96	3342	72	47.09	37.39
1788466787.059142	19.02	3383	71	47.51	37.96
1788466787.159534	19.00	3360	71	45.95	37.28
1788466787.260154	15.47	3541	69	48.36	39.06
1788466787.360616	19.15	3050	69	40.77	31.23
1788466787.461261	15.72	3496	72	46.80	38.04
1788466787.561991	17.47	3450	69	46.05	37.12
1788466787.663237	19.46	3101	68	41.47	32.57
1788466787.763636	19.89	2736	70	34.76	24.97
1788466787.864177	14.44	3315	69	44.00	34.45
1788466787.964543	18.86	3400	70	46.58	37.47
1788466788.064956	18.84	3412	69	48.25	38.77
1788466788.165304	18.86	3380	71	45.38	36.65
1788466788.265814	14.30	3477	72	46.95	37.80
1788466788.366273	20.04	3436	71	48.09	38.55
1788466788.466867	16.92	3374	71	43.92	35.11
1788466788.567375	16.02	3309	66	44.15	34.84
1788466788.668128	14.21	2687	65	32.37	24.12
1788466788.768648	13.92	2029	66	22.86	13.92
1788466788.869201	18.77	3315	69	43.24	34.30
1788466788.969571	14.32	3327	67	43.47	34.72
1788466789.070386	18.62	2965	68	36.85	27.71
1788466789.170857	19.01	3184	71	44.45	34.94
1788466789.271275	14.50	3457	71	45.85	36.74
1788466789.371845	19.05	3232	68	44.98	35.45
1788466789.473419	17.97	3265	70	43.60	34.53
1788466789.573760	16.63	3372	68	44.88	35.93
1788466789.676642	16.62	2962	66	39.07	30.07
1788466789.777244	17.42	3152	68	44.01	34.42
1788466789.877752	19.05	3073	68	41.20	31.74
1788466789.978228	19.50	2489	68	31.37	22.23
1788466790.078988	14.39	3283	69	42.88	33.81
1788466790.179333	18.96	3192	68	43.28	33.81
1788466790.279749	19.26	2875	71	37.63	28.48
1788466790.381124	18.00	3277	68	45.66	36.74
1788466790.481618	14.80	3150	69	41.26	31.77
1788466790.582038	20.33	3063	71	41.94	32.53
1788466790.682498	14.29	2674	68	32.58	23.66
1788466790.782910	19.04	3312	69	44.56	35.22
1788466790.883344	18.56	3439	71	46.21	36.70
1788466790.984005	18.88	2972	71	39.31	30.24
1788466791.084411	14.41	3447	69	46.26	37.41
1788466791.185002	18.88	3306	69	44.82	35.23
1788466791.285453	19.01	3041	69	40.52	31.16
1788466791.386328	17.41	3445	73	45.98	37.35
1788466791.486724	15.49	3457	70	46.98	38.01
1788466791.587067	18.88	3201	69	42.91	33.56
1788466791.687936	19.68	2533	71	31.30	22.02
1788466791.788751	15.72	3298	68	43.79	34.45
1788466791.889536	19.63	2562	65	33.53	24.44
1788466791.990353	14.05	2367	65	27.19	18.59
1788466792.090789	19.27	3125	67	41.04	31.97
1788466792.191209	18.94	3318	68	44.55	35.59
1788466792.294622	17.60	3384	68	44.61	36.16
1788466792.394972	15.93	3384	69	46.85	37.26
1788466792.495440	19.17	3103	70	41.29	32.21
1788466792.596383	17.00	2320	65	28.00	19.48
1788466792.697145	16.28	2480	65	28.89	19.72
1788466792.797690	20.07	3080	68	41.69	32.12
1788466792.898157	15.24	3494	71	47.14	37.60
1788466792.998689	18.98	3387	70	46.62	37.36
1788466793.099293	14.53	3353	71	44.39	35.33
1788466793.199786	18.78	3007	65	37.93	28.46
1788466793.302256	16.82	2416	65	28.89	19.84
1788466793.402890	17.16	3093	68	42.34	33.20
1788466793.503366	18.95	3314	67	46.34	36.84
1788466793.603756	18.91	3360	70	45.45	36.09
1788466793.704430	14.64	3297	70	42.77	33.55
1788466793.804849	19.02	3380	71	45.85	36.69
1788466793.905535	20.46	3061	73	41.73	32.13
1788466794.005903	14.76	3215	69	42.09	33.24
1788466794.106459	19.63	3070	67	42.08	32.53
1788466794.207056	18.79	3056	68	40.32	30.87
1788466794.310061	14.60	2338	65	26.36	17.49
1788466794.410658	18.58	2476	65	29.43	19.93
1788466794.511256	18.83	3289	69	43.69	34.40
1788466794.612426	18.29	3224	69	44.24	35.22
1788466794.713012	14.56	3466	71	46.87	37.48
1788466794.814866	0.34	2123	64	13.82	5.86
1788466794.915613	16.45	2186	68	24.65	15.12
1788466795.016019	18.29	3413	70	47.43	38.01
1788466795.116528	19.12	3256	70	45.26	35.98
1788466795.217477	14.40	2865	65	35.94	26.77
1788466795.317990	19.17	3018	70	40.97	31.44
1788466795.418536	19.15	3115	66	42.04	32.49
1788466795.521065	16.26	3143	66	40.44	31.38
1788466795.621670	17.25	2753	65	35.90	26.46
1788466795.722273	19.77	3121	66	42.49	33.17
1788466795.822696	18.96	3317	68	45.17	35.66
1788466795.924639	15.06	2821	66	34.75	25.82
1788466796.025216	18.46	2959	65	39.38	30.06
1788466796.125878	20.39	2872	69	37.60	28.17
1788466796.226220	14.66	3438	70	45.73	37.04
1788466796.326745	19.01	3247	69	44.82	35.38
1788466796.427401	18.59	2902	67	36.55	27.49
1788466796.529459	14.60	2188	67	24.26	15.32
1788466796.630236	18.81	2914	64	37.78	28.67
1788466796.730706	19.08	2725	69	32.90	24.02
1788466796.834405	18.12	3149	67	40.27	31.11
1788466796.935070	14.70	3210	65	42.79	33.40
1788466797.035919	19.06	2496	65	30.08	20.92
1788466797.136493	19.09	3086	69	41.84	32.74
1788466797.237173	14.90	2298	65	27.56	18.39
1788466797.338088	19.98	2986	65	39.75	30.80
1788466797.439524	16.66	2533	66	28.44	20.03
1788466797.540074	16.63	3121	66	42.46	33.10
1788466797.644545	19.39	2830	68	34.29	25.51
1788466797.746423	17.29	2731	65	35.56	26.48
1788466797.846794	16.27	3075	67	38.96	29.96
1788466797.947267	19.18	3104	68	42.89	33.41
1788466798.047947	14.43	3331	67	43.10	34.52
1788466798.148573	19.19	3173	69	43.95	34.82
1788466798.249216	19.18	2440	68	29.47	20.90
1788466798.350024	13.93	2249	65	25.69	16.80
1788466798.450455	20.16	2866	71	36.10	27.15
1788466798.550972	14.68	3297	68	42.00	33.78
1788466798.651452	19.10	2982	68	39.42	30.45
1788466798.752152	14.05	2384	65	27.14	18.47
1788466798.853118	19.32	2120	65	24.55	15.18
1788466798.956278	17.60	2825	68	33.62	24.89
1788466799.056701	15.57	3275	69	44.20	34.76
1788466799.157241	19.60	2619	68	33.71	24.36
1788466799.257573	14.33	3343	69	43.08	34.26
1788466799.358467	18.27	3240	66	44.74	35.44
1788466799.458837	16.15	2525	71	28.51	18.94
1788466799.559397	14.30	3342	67	44.44	34.97
1788466799.660294	20.59	3373	68	47.01	37.52
1788466799.761045	16.54	2373	65	27.33	18.13
1788466799.861780	16.98	3006	65	39.44	30.00
1788466799.962343	19.55	2917	66	36.98	27.49
1788466800.062852	18.91	2607	70	30.86	21.64
1788466800.163265	14.35	3456	71	45.65	36.69
1788466800.263617	18.91	3332	71	46.36	36.99
1788466800.364204	19.11	3263	68	44.77	35.61
1788466800.464598	18.89	2527	66	28.47	20.03
1788466800.565536	14.39	2994	65	37.86	28.76
1788466800.666084	19.17	2791	68	36.92	27.77
1788466800.766721	19.20	3216	68	43.14	34.21
1788466800.867215	15.42	3195	65	41.78	32.85
1788466800.968188	19.22	2671	65	33.01	23.76
1788466801.070309	16.59	2687	67	30.47	22.08
1788466801.170749	16.60	3338	73	45.95	36.79
1788466801.271114	19.02	3440	68	47.70	38.00
1788466801.371778	19.35	2458	71	31.30	22.17
1788466801.472236	14.35	3312	68	43.10	34.48
1788466801.572901	14.13	2461	65	28.02	19.92
1788466801.673498	14.22	2319	65	26.67	17.99
1788466801.774191	19.20	2823	66	36.18	26.73
1788466801.874884	19.10	3151	68	41.22	32.32
1788466801.975716	15.29	2911	68	35.88	26.92
1788466802.076271	19.08	2308	65	26.27	17.32
1788466802.178147	14.49	2329	64	25.72	17.27
1788466802.278502	18.82	2293	69	28.25	19.19
1788466802.378943	19.15	3168	71	42.42	33.45
1788466802.482039	16.83	3326	69	43.99	35.20
1788466802.582609	16.26	3134	67	41.19	32.15
1788466802.683283	18.91	3034	66	37.85	28.80
1788466802.783832	19.06	3428	71	45.49	36.41
1788466802.889506	16.39	3186	66	41.08	32.14
1788466802.990002	16.97	2963	70	40.42	31.02
1788466803.090369	20.60	3319	69	45.98	36.74
1788466803.190894	14.34	3431	70	45.37	36.45
1788466803.291323	18.93	3349	70	46.47	36.96
1788466803.391847	19.00	3216	71	42.61	33.78
1788466803.492380	14.26	3187	67	41.04	32.08
1788466803.592794	18.91	3253	69	44.23	35.18
1788466803.693270	17.95	3271	70	43.31	34.54
1788466803.794008	15.79	3100	66	40.58	31.16
1788466803.894503	15.77	2151	68	23.76	14.30
1788466803.995891	15.33	3337	67	44.08	34.90
1788466804.096336	17.91	3190	68	43.20	33.60
1788466804.197156	20.72	2841	67	37.17	27.84
1788466804.297820	14.43	3026	65	37.95	29.33
1788466804.398882	19.12	2738	66	34.05	24.68
1788466804.499421	19.48	2406	66	27.90	19.14
1788466804.600004	14.36	3070	71	38.36	29.74
1788466804.700477	18.70	3423	70	45.42	36.41
1788466804.800932	19.08	3110	67	40.91	31.73
1788466804.901360	19.11	3066	67	41.12	31.96
1788466805.001844	14.47	3039	69	38.19	29.63
1788466805.102273	19.07	3339	69	46.22	37.07
1788466805.202717	19.22	3179	69	42.76	33.69
1788466805.303305	19.12	3141	69	42.15	33.45
1788466805.403893	15.80	3263	68	42.01	33.34
1788466805.504349	19.27	2774	70	33.53	24.80
1788466805.606894	14.96	2796	66	33.38	24.35
1788466805.707298	18.23	3170	68	43.93	34.09
1788466805.808302	19.21	2810	68	36.65	27.18
1788466805.910839	18.00	2964	68	36.37	26.93
1788466806.011262	15.80	3431	70	46.85	37.66
1788466806.111824	19.10	3367	71	46.03	36.45
1788466806.213387	16.41	2897	65	37.38	28.26
1788466806.313823	17.04	3377	68	46.01	36.89
1788466806.414387	19.81	2879	68	37.47	27.89
1788466806.514880	15.15	3383	71	44.52	35.75
1788466806.615330	19.34	2995	70	39.98	30.81
1788466806.715720	14.33	3507	67	46.18	37.59
1788466806.816176	19.17	3312	68	46.51	36.77
1788466806.918647	17.33	3021	70	38.89	29.50
1788466807.019398	16.20	2887	68	37.61	27.82
1788466807.119871	18.95	3249	69	43.86	34.57
1788466807.220309	19.04	3315	68	45.54	36.24
1788466807.322202	16.51	3369	68	44.40	35.51
1788466807.422707	16.94	3286	70	44.77	35.71
1788466807.523193	20.21	3411	68	47.48	38.37
1788466807.623599	14.41	3000	68	36.82	28.55
1788466807.724294	19.44	3097	70	41.82	32.62
1788466807.824798	19.08	3096	71	41.42	32.17
1788466807.925170	14.47	3361	68	44.49	35.39
1788466808.025593	14.21	2520	67	29.34	20.84
1788466808.132986	10.89	2334	65	22.68	13.93
1788466808.233530	15.82	2727	67	36.34	26.91
1788466808.333886	19.19	3140	71	43.11	33.82
1788466808.434327	18.98	3236	67	44.21	34.65
1788466808.534679	14.48	3311	70	42.65	34.04
1788466808.635098	20.33	3438	66	46.53	37.26
1788466808.735783	17.24	3407	70	46.07	37.05
1788466808.836288	16.21	3323	69	47.04	37.40
1788466808.936776	19.29	3188	72	43.34	34.04
1788466809.037304	19.00	3341	69	45.58	36.58
1788466809.139281	15.72	3120	71	39.54	30.67
1788466809.239804	17.68	2791	66	34.41	25.09
1788466809.340188	19.13	2765	68	35.35	25.96
1788466809.442335	19.06	2938	68	35.93	26.89
1788466809.542793	14.37	3409	72	45.36	36.24
1788466809.643370	19.16	3306	69	44.68	35.24
1788466809.743884	20.01	3360	67	45.81	36.53
1788466809.844339	14.91	3535	69	47.46	38.30
1788466809.944715	19.02	3318	68	45.82	36.22
1788466810.045217	19.23	2999	70	40.90	31.57
1788466810.145682	14.38	2925	71	36.05	27.52
1788466810.246114	18.77	3441	73	48.09	38.60
1788466810.346584	19.09	3129	67	42.18	33.11
1788466810.447779	19.08	2822	67	34.42	25.91
1788466810.548246	14.45	3091	71	39.69	30.95
1788466810.648811	18.97	3380	71	46.15	37.00
1788466810.749169	19.37	3406	71	47.18	37.87
1788466810.850278	16.77	2502	65	32.38	23.06
1788466810.950844	18.31	3115	68	42.81	33.91
1788466811.051312	19.25	3283	67	44.76	35.99
1788466811.151811	14.28	2691	65	32.50	23.93
1788466811.252405	19.23	3158	68	43.38	34.32
1788466811.352873	19.31	2753	68	34.68	25.57
1788466811.453901	15.93	2989	66	37.78	29.14
1788466811.554375	17.88	2985	73	39.91	30.90
1788466811.654962	18.72	3449	71	46.79	37.82
1788466811.755684	19.45	3286	69	45.82	36.77
1788466811.856194	14.26	3245	68	42.66	33.00
1788466811.956823	18.94	3248	69	44.16	34.97
1788466812.057400	19.73	2781	69	35.14	26.10
1788466812.158059	15.02	2942	65	36.67	27.61
1788466812.258807	18.91	2509	66	29.37	20.29
1788466812.362729	16.82	2225	65	24.37	15.83
1788466812.463260	15.93	2926	67	38.12	28.54
1788466812.563698	18.92	3301	69	43.94	34.67
1788466812.664306	18.93	3080	65	39.88	30.41
1788466812.766528	15.17	2628	68	30.64	21.88
1788466812.867358	18.29	3193	67	43.96	34.14
1788466812.967949	18.96	3469	71	47.41	37.97
1788466813.068494	19.40	3097	68	39.61	30.81
1788466813.169189	14.45	3428	67	45.51	36.89
1788466813.269642	20.08	3412	70	47.04	37.76
1788466813.370391	17.49	3267	71	43.15	33.62
1788466813.471049	15.76	3452	72	46.16	37.36
1788466813.571461	18.95	3330	69	46.30	37.20
1788466813.672101	19.15	2856	66	35.12	26.16
1788466813.773363	15.12	2392	66	27.54	19.26
1788466813.873966	18.00	2958	65	38.65	29.16
1788466813.974504	19.09	3084	68	39.14	29.94
1788466814.074997	19.19	3211	69	43.70	34.26
1788466814.175638	14.39	3294	69	42.85	33.97
1788466814.276409	15.88	3045	66	40.60	30.82
1788466814.376812	14.60	2794	70	35.74	26.06
1788466814.478359	16.79	2566	66	31.25	21.76
1788466814.578749	18.69	3180	69	44.13	34.35
1788466814.680406	17.88	2948	66	38.52	28.96
1788466814.780912	15.80	3391	71	46.98	37.26
1788466814.881669	18.98	3340	66	45.61	35.92
1788466814.982044	19.21	2722	71	33.40	23.78
1788466815.083615	15.13	3333	70	44.12	34.62
1788466815.184324	18.58	3230	69	44.21	34.45
1788466815.284842	19.40	2937	70	40.58	30.99
1788466815.385430	18.04	2675	68	34.45	24.83
1788466815.486221	15.20	2542	65	30.26	20.78
1788466815.586947	19.37	2880	65	37.93	28.26
1788466815.688191	20.18	2236	65	26.69	17.15
1788466815.788804	15.49	2965	65	37.83	28.19
1788466815.889445	18.96	2332	66	29.09	19.48
1788466815.989867	14.94	2766	70	34.20	24.63
1788466816.090421	18.43	3294	66	44.85	35.17
1788466816.191007	19.56	3080	68	40.85	31.28
1788466816.291587	19.49	3210	69	43.92	34.17
1788466816.391967	14.57	3217	68	42.69	32.91
1788466816.492661	19.34	2946	66	37.65	28.05
1788466816.593166	19.05	2624	67	33.36	23.68
1788466816.695516	15.75	2743	65	33.89	24.51
1788466816.796502	17.40	3196	66	42.98	33.23
1788466816.897153	20.46	3060	70	41.06	31.32
1788466816.997551	14.57	3397	70	45.25	35.62
1788466817.098503	19.17	3116	65	42.14	32.50
1788466817.198881	19.25	2667	71	32.43	22.90
1788466817.299848	15.49	3147	68	41.44	31.81
1788466817.400245	18.10	3133	69	41.82	32.14
1788466817.500949	19.20	3278	69	45.02	35.37
1788466817.601327	19.10	3210	67	43.74	34.01
1788466817.701796	14.57	3513	73	47.14	37.48
1788466817.802149	18.94	3351	69	46.56	36.78
1788466817.902670	19.17	3333	67	45.81	36.09
1788466818.004519	18.99	3091	70	39.34	29.75
1788466818.105251	16.19	3066	65	40.48	30.67
1788466818.205971	19.36	2819	68	36.12	26.56
1788466818.306551	15.97	3125	67	41.92	32.06
1788466818.406924	19.70	3225	73	44.90	35.14
1788466818.507424	19.36	3383	71	47.09	37.40
1788466818.608990	16.60	3033	69	38.51	28.97
1788466818.709618	17.18	2643	70	32.67	22.94
1788466818.809995	19.43	3169	71	43.21	33.58
1788466818.910455	19.42	3132	68	43.01	33.29
1788466819.011149	14.64	3426	68	45.87	36.27
1788466819.112090	19.19	2959	65	38.42	28.75
1788466819.212523	19.70	2559	68	30.60	20.99
1788466819.313078	15.64	3386	70	45.36	35.75
1788466819.413432	19.11	3005	70	40.11	30.47
1788466819.514047	14.63	3204	66	41.93	32.34
1788466819.614493	19.46	2839	68	38.39	28.68
1788466819.715040	19.58	3203	68	43.31	33.62
1788466819.815416	14.49	3446	68	46.48	36.78
1788466819.915888	19.33	2895	70	38.31	28.73
1788466820.016268	14.47	3437	70	46.86	37.09
1788466820.116808	14.47	3143	66	40.79	31.18
1788466820.217331	14.57	3290	67	44.13	34.40
1788466820.318010	20.68	3034	71	40.56	30.89
1788466820.418523	14.49	3170	65	41.57	31.87
1788466820.519167	19.31	3168	71	44.09	34.40
1788466820.622215	15.98	3050	66	39.53	30.16
1788466820.722777	17.91	3017	66	41.20	31.34
1788466820.823192	19.18	3291	69	45.88	36.20
1788466820.923721	14.63	3322	68	44.53	34.84
1788466821.024632	16.75	3100	64	37.48	27.88
1788466821.125211	17.85	2287	65	25.69	16.08
1788466821.226493	16.86	2676	65	32.43	22.90
1788466821.327480	16.87	2850	65	37.00	27.50
1788466821.427861	20.49	3184	70	43.85	34.11
1788466821.528582	14.52	3010	66	38.99	29.32
1788466821.629074	19.86	2807	70	38.18	28.55
1788466821.729510	19.12	3280	69	47.01	37.24
1788466821.830126	16.28	3151	68	42.09	32.48
1788466821.930694	17.23	3328	70	45.39	35.66
1788466822.031347	19.02	3105	66	43.25	33.46
1788466822.131999	19.14	2715	68	33.82	24.23
1788466822.234856	15.59	2845	66	35.88	26.42
1788466822.335389	18.40	2933	69	39.09	29.18
1788466822.435778	19.87	2446	71	32.19	22.66
1788466822.537694	17.32	2817	65	37.10	27.53
1788466822.638173	18.06	3197	69	43.27	33.44
1788466822.738671	19.44	3095	68	41.51	31.90
1788466822.839334	14.56	3258	70	42.75	33.10
1788466822.939978	19.17	3148	68	42.61	33.01
1788466823.040875	19.73	2535	68	32.89	23.32
1788466823.141364	17.35	3267	67	44.67	34.97
1788466823.242369	16.54	2723	65	33.68	24.15
1788466823.342849	19.31	2788	70	36.30	26.69
1788466823.443260	19.45	3034	67	42.14	32.46
1788466823.544031	14.74	3004	70	38.06	28.50
1788466823.644408	19.48	3106	69	41.44	31.76
1788466823.745255	20.18	3065	68	42.50	32.91
1788466823.845737	16.37	3051	67	40.72	30.87
1788466823.946644	19.31	2587	65	32.45	22.79
1788466824.047150	19.19	2419	68	28.46	18.98
1788466824.147728	14.57	3118	70	40.78	31.21
1788466824.248227	18.67	3274	68	44.73	35.13
1788466824.349801	14.77	3381	67	44.51	35.21
1788466824.450202	18.44	3334	68	45.57	36.20
1788466824.550958	18.95	3075	70	40.52	31.29
1788466824.652421	15.61	2477	68	28.23	19.35
1788466824.752922	17.45	3054	70	41.52	32.49
1788466824.853555	20.45	3053	68	41.37	32.00
1788466824.954099	14.59	3385	73	44.85	35.50
1788466825.054591	18.98	3183	70	41.18	32.07
1788466825.155207	18.90	3426	71	46.28	37.35
1788466825.258773	17.73	3418	68	45.47	36.36
1788466825.359228	15.29	3489	68	47.85	38.30
1788466825.459740	18.31	3220	69	43.47	34.07
1788466825.560309	19.08	3285	69	44.61	35.11
1788466825.663096	15.65	2484	66	29.39	20.50
1788466825.763630	17.86	3269	67	44.54	34.75
1788466825.864138	19.18	2871	67	35.90	26.68
1788466825.964748	19.26	2510	67	30.35	21.71
1788466826.065367	15.91	3503	68	47.58	38.15
1788466826.165981	19.00	3031	69	41.55	32.36
1788466826.269633	16.04	2897	66	37.00	28.16
1788466826.370178	17.63	3201	70	45.17	35.31
1788466826.470812	14.19	2655	65	31.89	23.24
1788466826.571266	14.23	3020	70	38.09	29.40
1788466826.672051	14.01	2466	64	28.36	20.24
1788466826.773190	19.45	2785	66	35.17	25.95
1788466826.873769	19.43	3002	69	40.53	30.88
1788466826.974562	14.41	2940	66	37.17	27.77
1788466827.074952	20.80	2912	68	40.32	30.72
1788466827.175777	16.18	2950	70	36.82	28.02
1788466827.276502	16.99	2949	65	37.12	27.60
1788466827.377218	18.78	3004	66	37.72	28.22
1788466827.477605	19.26	2679	70	32.47	23.47
1788466827.578069	14.18	2968	67	37.19	28.19
1788466827.678922	19.55	2825	66	36.80	27.48
1788466827.779495	19.35	2336	65	28.11	18.84
1788466827.880869	16.71	3000	69	38.17	28.93
1788466827.981300	16.45	3379	69	45.63	36.65
1788466828.081871	18.82	3396	70	45.85	36.64
1788466828.182289	19.54	3441	68	48.26	38.86
1788466828.282767	15.00	3358	70	43.71	34.64
1788466828.383293	19.02	3206	70	43.88	34.34
1788466828.483704	19.15	3276	67	45.60	36.09
1788466828.584190	14.24	2765	71	33.98	25.25
1788466828.684561	19.09	3309	68	44.50	35.33
1788466828.784978	19.00	3147	71	43.34	33.79
1788466828.888268	16.42	2838	67	34.01	24.93
1788466828.988656	16.71	2829	71	35.54	26.42
1788466829.089052	18.82	3361	69	45.77	36.59
1788466829.189496	19.01	3316	71	43.35	34.42
1788466829.292280	18.22	3448	71	48.77	38.95
1788466829.393065	19.59	3304	66	45.76	35.84
1788466829.493513	19.05	2636	70	32.46	22.80
1788466829.594096	14.48	2438	68	29.36	19.86
1788466829.694716	19.21	3126	69	41.74	32.03
1788466829.795170	19.27	3454	70	48.48	38.73
1788466829.896650	13.30	2856	68	33.64	24.14
1788466829.997129	16.68	3437	72	47.37	37.65
1788466830.097724	19.08	3408	69	47.55	37.83
1788466830.198345	19.28	3323	70	47.16	37.41
1788466830.299911	15.02	2945	70	37.47	27.94
1788466830.400586	18.66	2532	65	30.69	21.01
1788466830.501209	20.51	2600	70	31.44	21.92
1788466830.601857	15.12	3481	68	47.25	37.54
1788466830.702738	19.05	3131	66	42.36	32.70
1788466830.803400	19.52	2674	66	32.80	23.22
1788466830.903793	14.73	3229	67	42.40	32.77
1788466831.004291	19.02	3272	70	45.18	35.54
1788466831.104881	19.33	2914	68	37.55	28.01
1788466831.205384	19.24	3121	67	42.77	33.15
1788466831.306026	14.38	3009	68	39.11	29.56
1788466831.406741	19.14	2712	71	34.19	24.55
1788466831.507393	20.04	3224	68	45.85	36.05
1788466831.609396	14.87	2733	66	33.63	24.18
1788466831.710024	20.50	3103	66	43.01	33.23
1788466831.811919	17.73	3282	68	44.25	34.65
1788466831.912340	16.16	3316	70	45.39	35.55
1788466832.012809	19.29	3264	69	44.38	34.74
1788466832.116695	17.87	2972	70	37.25	27.91
1788466832.217349	15.82	3266	69	45.68	35.59
1788466832.318228	19.33	2938	66	36.84	27.26
1788466832.419368	14.32	2206	64	25.85	16.31
1788466832.519766	19.26	2960	67	36.61	26.92
1788466832.620592	14.73	2858	65	36.05	26.45
1788466832.721413	14.61	2771	65	34.60	25.11
1788466832.822563	15.87	2569	67	30.07	20.52
1788466832.924219	19.52	3343	68	45.62	36.03
1788466833.024856	19.96	3083	69	44.98	35.08
1788466833.125848	14.38	2974	65	38.62	29.02
1788466833.226371	19.61	2584	67	34.33	24.70
1788466833.326827	19.46	2749	67	35.28	25.77
1788466833.429533	14.67	2276	65	25.74	16.40
1788466833.530284	18.68	2785	66	36.29	26.62
1788466833.630793	19.18	3182	69	43.20	33.51
1788466833.731159	19.23	3231	70	44.51	34.79
1788466833.831678	15.09	3461	68	46.73	37.04
1788466833.932228	19.50	2883	66	39.19	29.47
1788466834.032912	19.72	2885	69	34.94	25.37
1788466834.133356	15.18	2838	66	35.10	25.58
1788466834.234100	19.16	2990	65	39.22	29.58
1788466834.334422	19.30	2723	70	32.30	22.67
1788466834.435579	13.74	2995	65	38.72	29.22
1788466834.536060	19.50	2844	66	39.69	29.95
1788466834.636625	19.23	2898	71	37.90	28.24
1788466834.737583	17.33	3324	69	45.34	35.75
1788466834.838151	16.31	3364	71	45.17	35.52
1788466834.939293	19.08	3462	71	47.89	38.23
1788466835.039754	19.32	3269	70	47.13	37.37
1788466835.141440	15.69	2645	68	33.67	24.17
1788466835.242073	19.04	3342	71	47.29	37.54
1788466835.343427	18.65	2660	65	35.08	25.54
1788466835.444229	15.27	3007	70	38.94	29.31
1788466835.544604	19.06	3217	70	45.58	35.84
1788466835.645050	19.66	3206	70	43.69	33.95
1788466835.746374	16.25	3279	68	43.57	34.00
1788466835.846832	17.32	3282	70	43.79	34.07
1788466835.947212	19.22	3143	68	43.05	33.31
1788466836.047677	19.42	2811	68	35.60	25.98
1788466836.148315	14.48	3236	66	42.50	32.87
1788466836.248888	19.65	2516	68	32.07	22.40
1788466836.349693	20.66	3235	70	45.62	35.89
1788466836.450277	15.15	3435	70	46.21	36.54
1788466836.550736	19.10	3371	69	47.35	37.54
1788466836.653336	17.21	2994	67	41.04	31.55
1788466836.753912	16.77	2967	65	39.72	29.92
1788466836.854901	19.30	2743	68	33.37	23.73
1788466836.955459	14.72	2852	65	36.33	26.71
1788466837.056176	19.28	2785	68	36.01	26.48
1788466837.156804	19.02	3177	70	44.90	35.17
1788466837.257607	14.36	3283	68	43.66	34.00
1788466837.358396	19.05	3040	66	40.08	30.44
1788466837.458931	14.48	2634	66	31.83	22.30
1788466837.559291	20.43	3480	71	48.29	38.59
1788466837.659805	14.75	3251	70	43.27	33.52
1788466837.760208	19.07	3311	69	45.83	36.16
1788466837.860666	19.40	2706	68	35.21	25.52
1788466837.962683	14.84	3261	71	42.37	32.83
1788466838.063187	18.66	3077	69	41.82	32.01
1788466838.163641	19.12	3030	67	39.72	30.01
1788466838.264127	19.44	2853	67	38.74	29.13
1788466838.364634	14.35	2358	65	28.85	19.20
1788466838.465219	19.28	2893	65	36.99	27.45
1788466838.565825	20.13	3254	70	44.71	34.95
1788466838.666681	14.45	2659	65	32.85	23.22
1788466838.767099	19.51	2610	70	33.52	23.98
1788466838.867718	18.64	3281	68	46.01	36.26
1788466838.968296	14.56	2940	66	37.80	28.12
1788466839.069040	19.20	2791	65	35.47	25.95
1788466839.169568	19.16	3033	68	39.75	30.09
1788466839.272330	17.76	2333	66	26.58	17.31
1788466839.373065	15.90	2990	65	39.15	29.35
1788466839.473659	19.51	2642	69	34.35	24.71
1788466839.574438	14.49	2695	65	33.27	23.77
1788466839.675094	14.46	2673	65	33.42	23.78
1788466839.775506	14.39	2800	69	35.19	25.52
1788466839.876382	19.81	3292	69	43.81	34.21
1788466839.976968	15.17	3026	65	39.20	29.52
1788466840.077641	19.30	3036	67	40.78	31.13
1788466840.178005	19.36	3027	67	40.38	30.67
1788466840.278516	14.52	3411	70	45.53	35.87
1788466840.379069	19.35	3230	68	45.75	36.08
1788466840.479668	19.30	2712	68	36.46	26.80
1788466840.582974	16.86	3100	68	40.75	31.34
1788466840.683525	16.96	3194	65	43.82	33.91
1788466840.784024	19.30	2854	66	36.69	27.12
1788466840.884688	19.56	2860	71	37.30	27.68
1788466840.985582	14.14	2598	65	32.30	22.71
1788466841.086081	20.67	2713	69	35.10	25.56
1788466841.186765	14.70	3100	65	40.43	30.75
1788466841.287533	19.27	3098	68	41.09	31.57
1788466841.388164	14.38	2379	66	28.06	18.50
1788466841.488758	19.33	3061	69	42.54	32.88
1788466841.589353	19.34	3276	71	46.44	36.73
1788466841.689812	18.96	3456	70	47.36	37.67
1788466841.790255	14.56	3292	70	43.91	34.25
1788466841.890759	19.35	2862	70	39.25	29.54
1788466841.991132	19.38	3239	71	45.85	36.11
1788466842.092759	16.46	3277	67	43.62	34.05
1788466842.193338	18.78	3375	70	47.52	37.69
1788466842.295613	19.26	3011	66	40.61	31.14
1788466842.396103	14.64	3461	70	47.98	38.06
1788466842.496752	19.49	3131	67	43.18	33.52
1788466842.597100	19.38	3102	67	42.76	33.08
1788466842.702444	16.49	2516	68	30.39	21.18
1788466842.803124	16.92	3222	69	43.85	33.81
1788466842.903612	19.13	3237	71	44.54	34.79
1788466843.004010	19.09	3336	69	45.01	35.37
1788466843.105293	14.84	3303	68	44.55	34.90
1788466843.206885	18.43	3234	71	44.63	35.00
1788466843.307498	19.97	3019	68	43.00	33.14
1788466843.408059	14.86	3443	68	46.45	36.81
1788466843.508533	19.12	2818	70	38.10	28.38
1788466843.608964	19.31	3444	71	48.09	38.40
1788466843.709645	14.34	2482	66	31.03	21.37
1788466843.810013	19.69	2978	70	41.21	31.52
1788466843.910512	19.45	3208	66	43.51	33.76
1788466844.011147	14.92	2300	65	26.99	17.49
1788466844.111695	18.65	3286	71	45.92	36.12
1788466844.212080	19.15	3220	70	44.34	34.61
1788466844.312729	19.59	2755	67	34.25	24.67
1788466844.413365	14.38	2561	68	31.68	22.06
1788466844.514027	20.41	3296	65	45.92	36.25
1788466844.616284	16.82	2594	67	30.54	21.13
1788466844.716775	17.11	2939	70	40.45	30.54
1788466844.817144	19.18	2955	70	38.63	29.01
1788466844.917873	19.16	3334	71	46.23	36.59
1788466845.018333	14.46	3390	70	45.50	35.83
1788466845.118862	19.12	3074	70	39.32	29.68
1788466845.219513	19.18	3293	67	44.64	34.94
1788466845.320796	17.27	2576	66	32.83	23.37
1788466845.421491	16.86	2555	66	32.80	23.09
1788466845.522188	19.77	2586	65	31.86	22.32
1788466845.624761	19.46	2646	69	32.79	23.15
1788466845.725312	15.88	3387	68	45.32	35.67
1788466845.825794	19.21	2952	66	38.51	28.81
1788466845.926417	14.65	3102	68	40.49	30.82
1788466846.026904	14.49	2351	68	27.40	17.87
1788466846.127374	14.64	3391	70	45.79	36.02
1788466846.227772	19.00	3401	69	46.83	37.16
1788466846.328393	19.32	3349	68	46.15	36.44
1788466846.428917	14.50	3343	73	44.65	34.94
1788466846.529356	19.18	3409	70	46.70	37.01
1788466846.630685	17.78	2814	70	36.40	26.82
1788466846.731255	16.23	3214	68	44.53	34.81
1788466846.831617	20.06	3235	68	44.66	35.00
1788466846.932259	15.33	3095	67	40.06	30.39
1788466847.032826	19.11	3143	68	42.53	32.85
1788466847.133310	14.55	3422	71	45.39	35.79
1788466847.233965	19.17	3031	68	41.42	31.73
1788466847.334467	19.39	3052	69	41.85	32.18
1788466847.435368	14.48	3102	65	40.47	30.93
1788466847.535890	19.50	2881	67	37.55	27.90
1788466847.638118	11.95	2793	65	32.83	23.31
1788466847.738656	18.41	2986	69	42.50	32.67
1788466847.839020	19.16	3433	69	47.29	37.57
1788466847.939651	18.44	3225	69	43.51	33.77
1788466848.040053	17.22	3509	71	47.81	38.13
1788466848.140539	19.75	3176	69	43.19	33.53
1788466848.241155	14.74	2664	65	34.18	24.51
1788466848.341775	19.92	2688	69	36.02	26.31
1788466848.442139	19.26	3284	69	45.24	35.58
1788466848.542946	20.82	3388	71	48.74	38.96
1788466848.643561	15.72	2989	68	38.86	29.15
1788466848.744132	19.64	2918	68	39.35	29.71
1788466848.844817	19.20	3089	68	41.39	31.73
1788466848.946164	15.15	2884	68	36.23	26.66
1788466849.046703	18.76	2988	65	39.54	29.89
1788466849.147307	20.38	2854	68	38.00	28.38
1788466849.247741	14.90	3381	68	45.34	35.71
1788466849.348262	19.41	2908	69	38.86	29.32
1788466849.448670	19.24	3098	69	40.55	30.87
1788466849.551443	15.73	3405	70	45.21	35.77
1788466849.651869	17.84	2974	69	40.65	30.77
1788466849.752362	19.40	3202	68	45.12	35.44
1788466849.852735	19.26	3463	69	48.36	38.58
1788466849.953347	14.63	2992	66	38.18	28.60
1788466850.053983	19.09	3094	66	41.48	31.74
1788466850.154496	19.59	2514	68	32.45	22.85
1788466850.260994	15.82	2600	66	31.93	22.85
1788466850.361795	19.66	3001	65	41.63	31.35
1788466850.462266	19.19	3256	69	44.22	34.59
1788466850.563024	14.49	3222	67	42.76	33.08
1788466850.663532	19.34	3270	70	44.31	34.61
1788466850.764164	19.14	3182	71	42.77	33.20
1788466850.866292	17.26	3331	70	45.29	35.67
1788466850.966817	16.71	2926	68	38.27	28.51
1788466851.067346	19.38	3051	69	40.71	30.99
1788466851.167927	19.54	2694	69	34.48	24.94
1788466851.270071	14.78	3107	68	40.14	30.62
1788466851.370831	18.68	2911	65	38.55	28.82
1788466851.471276	20.31	2904	68	37.69	28.12
1788466851.571724	14.69	3214	69	42.38	32.66
1788466851.672120	19.07	3385	69	46.47	36.82
1788466851.772604	19.00	3100	70	40.49	30.75
1788466851.874753	15.28	2911	66	36.92	27.48
1788466851.975503	17.81	2873	66	36.53	26.68
1788466852.075893	18.26	2971	69	36.60	26.98
1788466852.176341	19.37	3223	70	45.56	35.79
1788466852.276767	14.51	3449	69	46.60	36.83
1788466852.377416	14.26	3459	68	46.06	36.43
1788466852.478056	14.27	2352	65	27.79	18.17
1788466852.579805	16.98	2549	68	28.95	19.47
1788466852.680215	17.46	3437	71	46.79	37.04
1788466852.780701	19.23	3044	71	38.83	29.15
1788466852.881391	13.77	3054	65	39.50	29.85
1788466852.981949	18.59	3447	72	46.38	36.71
1788466853.082314	18.98	3524	71	48.17	38.54
1788466853.183399	18.46	3536	72	48.44	38.76
1788466853.283774	14.92	3445	70	47.31	37.55
1788466853.384533	19.28	3050	67	40.50	30.94
1788466853.484898	19.15	3055	71	40.34	30.63
1788466853.585818	16.99	3481	71	47.78	38.03
1788466853.686443	16.50	3491	69	47.14	37.47
1788466853.786967	20.62	3422	70	49.13	39.30
1788466853.895907	15.38	3162	68	40.09	31.17
1788466853.996580	18.44	3228	68	47.41	36.88
1788466854.097255	19.63	3358	69	46.27	36.54
1788466854.197943	14.60	3481	67	47.30	37.54
1788466854.298305	19.08	3307	72	47.02	37.29
1788466854.398755	19.27	3378	70	48.23	38.43
1788466854.499209	14.26	3458	71	46.99	36.92
1788466854.599766	18.71	3139	70	41.17	31.80
1788466854.703250	18.30	3350	71	45.32	35.96
1788466854.803694	15.32	3409	71	47.81	37.79
1788466854.904308	20.15	3517	69	49.46	39.67
1788466855.004895	14.93	3445	67	46.80	37.12
1788466855.105491	19.22	3267	68	45.84	36.09
1788466855.205931	14.54	3188	71	42.10	32.46
1788466855.306304	19.29	3031	70	41.90	32.16
1788466855.406904	19.10	3388	70	47.39	37.75
1788466855.507380	14.36	3475	68	46.62	36.95
1788466855.607844	19.63	3006	69	41.11	31.31
1788466855.708496	14.51	2448	65	30.00	20.41
1788466855.809310	19.57	2464	65	31.05	21.49
1788466855.909693	19.14	3270	71	43.34	33.59
1788466856.014374	18.12	3357	70	45.41	36.10
1788466856.114757	16.80	3424	69	49.41	39.25
1788466856.215233	18.64	3060	69	42.04	32.33
1788466856.316033	15.12	3385	71	45.66	35.96
1788466856.416733	18.68	3283	70	47.27	37.50
1788466856.517200	19.09	3283	67	46.15	36.47
1788466856.617714	19.10	3250	69	45.18	35.38
1788466856.718695	14.35	2527	66	31.07	21.61
1788466856.819168	19.38	3216	68	43.52	33.75
1788466856.919653	19.01	3339	69	47.52	37.69
1788466857.024338	17.22	3349	68	43.88	34.59
1788466857.125374	16.15	2890	66	38.79	28.73
1788466857.226035	20.82	2868	69	38.86	29.19
1788466857.326859	14.49	3307	69	44.09	34.38
1788466857.427548	18.68	3209	69	41.72	32.01
1788466857.527902	19.08	3117	69	41.15	31.50
1788466857.630243	18.99	3246	68	44.32	34.73
1788466857.730629	15.09	3304	69	45.22	35.33
1788466857.831285	19.22	3313	69	45.88	36.21
1788466857.931714	19.32	3380	69	47.31	37.49
1788466858.032393	15.96	3017	66	41.54	31.79
1788466858.132960	17.99	3207	74	44.54	34.85
1788466858.233463	19.31	3223	69	45.79	36.05
1788466858.334031	19.24	3180	69	42.99	33.23
1788466858.434761	15.63	3039	67	39.86	30.10
1788466858.535275	18.94	3046	68	39.12	29.46
1788466858.637212	17.16	2738	67	33.63	24.07
1788466858.737714	16.54	3228	69	43.62	33.91
1788466858.838158	19.42	2934	71	41.08	31.36
1788466858.938676	19.25	3280	69	45.51	35.79
1788466859.039624	14.35	2189	65	26.15	16.61
1788466859.140227	19.09	2964	65	38.69	29.04
1788466859.240853	14.61	3092	66	40.06	30.40
1788466859.341371	14.29	2348	67	27.87	18.37
1788466859.442053	19.54	2746	69	34.49	24.85
1788466859.542774	15.66	3447	68	47.18	37.42
1788466859.643259	19.26	2572	69	32.72	23.05
1788466859.744074	15.96	3225	70	42.66	33.00
1788466859.845071	17.40	2985	65	37.52	27.90
1788466859.945537	19.34	2683	69	34.17	24.57
1788466860.046294	18.99	3339	69	46.54	36.80
1788466860.146754	14.52	3337	68	45.15	35.38
1788466860.247496	19.00	3147	68	42.24	32.50
1788466860.347916	19.23	3053	70	39.68	30.01
1788466860.448411	14.67	3277	70	43.79	34.12
1788466860.548997	16.88	3164	65	43.90	34.27
1788466860.650358	14.50	2454	66	30.13	20.51
1788466860.750733	19.52	2771	67	36.70	27.07
1788466860.851283	19.45	2921	69	40.84	31.19
1788466860.951762	15.42	2964	69	37.94	28.21
1788466861.052250	18.05	3227	69	43.49	33.88
1788466861.153026	18.87	3024	65	38.55	28.89
1788466861.253636	19.13	2646	70	34.20	24.56
1788466861.355183	14.27	3045	66	39.01	29.53
1788466861.455897	19.28	3060	66	41.57	31.80
1788466861.556549	20.27	2792	68	35.14	25.53
1788466861.657260	15.61	2881	65	37.15	27.45
1788466861.757840	19.68	2807	69	36.22	26.54
1788466861.859316	19.27	3104	69	42.23	32.64
1788466861.959915	14.63	2805	69	36.12	26.35
1788466862.060383	19.27	3218	67	46.06	36.32
1788466862.160983	19.21	3113	70	40.90	31.27
1788466862.266032	17.14	3209	68	41.29	31.99
1788466862.366471	16.82	3154	71	44.54	34.51
1788466862.467247	19.23	2981	68	40.14	30.42
1788466862.567717	19.13	2647	66	33.25	23.59
1788466862.668220	14.57	2958	71	37.92	28.25
1788466862.769084	20.48	3277	66	44.91	35.29
1788466862.870141	14.14	2107	65	24.23	14.71
1788466862.970711	19.29	2678	66	35.32	25.66
1788466863.071265	18.96	2883	68	36.02	26.44
1788466863.172427	16.84	2901	70	37.82	28.21
1788466863.272905	16.55	2855	66	35.83	26.18
1788466863.373316	19.37	2973	68	39.84	30.27
1788466863.473806	19.04	2888	66	37.75	28.08
1788466863.574220	14.55	3424	70	45.90	36.20
1788466863.674899	19.26	3128	65	42.02	32.31
1788466863.775361	20.38	2781	71	34.95	25.36
1788466863.875985	14.83	3424	71	46.60	36.82
1788466863.976493	19.71	2626	67	33.03	23.45
1788466864.077283	19.29	3203	71	42.96	33.25
1788466864.177808	14.37	3473	70	46.84	37.11
1788466864.278556	19.32	2995	69	39.84	30.23
1788466864.378925	19.44	2690	67	33.68	24.03
1788466864.479721	17.11	3023	69	40.07	30.35
1788466864.580366	16.69	2926	70	37.45	27.81
1788466864.681035	19.07	3042	66	41.23	31.56
1788466864.781508	19.51	2820	68	36.47	26.81
1788466864.882147	14.38	2629	65	32.47	22.91
1788466864.982725	20.74	3095	66	42.28	32.59
1788466865.084567	16.38	2564	66	30.81	21.30
1788466865.185419	15.50	2541	65	29.24	19.70
1788466865.287219	0.88	1667	64	13.24	4.04
1788466865.387781	13.91	2437	65	28.48	18.81
1788466865.488462	15.38	2476	66	29.23	19.70
1788466865.588932	18.22	3140	65	42.60	32.96
1788466865.689515	19.80	2713	67	35.86	26.18
1788466865.790654	16.97	2429	65	28.73	19.28
1788466865.891477	17.06	3272	67	45.04	35.32
1788466865.991864	19.28	3013	71	41.40	31.68
1788466866.092360	19.45	3410	70	47.63	37.96
1788466866.193296	14.87	2708	68	34.04	24.39
1788466866.293780	19.55	2518	71	31.56	21.90
1788466866.395411	17.17	2980	67	38.35	28.81
1788466866.495904	16.58	2758	68	33.84	24.15
1788466866.596285	19.24	2976	69	39.45	29.82
1788466866.696728	19.36	2689	66	35.40	25.73
1788466866.797154	14.44	2813	68	34.53	25.00
1788466866.897820	19.38	3130	65	42.50	32.91
1788466866.998358	19.02	3192	71	42.21	32.52
1788466867.100270	18.20	3161	67	42.85	33.30
1788466867.200856	15.49	3252	70	44.02	34.22
1788466867.301598	20.55	2920	69	38.33	28.79
1788466867.402020	14.55	3166	68	41.94	32.24
1788466867.502531	19.30	3334	69	46.17	36.49
1788466867.603103	18.86	3347	66	46.50	36.75
1788466867.703619	18.20	3080	69	41.14	31.40
1788466867.804140	15.35	3368	67	46.10	36.44
1788466867.904621	19.37	3088	70	41.20	31.43
1788466868.005131	19.03	2761	67	33.99	24.42
1788466868.105971	14.63	2526	66	31.38	21.75
1788466868.206505	19.22	2529	66	32.77	23.21
1788466868.307158	19.12	3144	66	40.41	30.71
1788466868.408422	17.83	3326	70	45.08	35.50
1788466868.508943	17.03	3505	68	48.55	38.69
1788466868.609346	19.26	3337	70	45.02	35.34
1788466868.710770	15.91	3326	69	44.07	34.42
1788466868.811172	17.70	3367	71	47.18	37.39
1788466868.912234	19.62	2454	66	31.18	21.61
1788466869.013406	18.35	2374	66	27.01	17.56
1788466869.113967	15.57	3216	68	43.43	33.64
1788466869.214453	19.44	2915	69	39.23	29.66
1788466869.315104	19.21	3300	71	45.15	35.44
1788466869.415637	14.46	3229	67	42.61	33.03
1788466869.516380	19.22	2784	69	36.36	26.70
1788466869.617153	19.95	3212	69	43.35	33.64
1788466869.717670	14.92	3422	73	46.24	36.54
1788466869.818161	18.92	3174	67	44.05	34.32
1788466869.918630	18.81	3479	71	48.10	38.33
1788466870.019236	14.53	3116	67	40.81	31.17
1788466870.120058	19.67	2493	69	31.88	22.24
1788466870.220629	18.84	3410	68	45.38	35.73
1788466870.321797	15.46	2418	65	30.32	20.71
1788466870.422630	18.36	3053	66	41.70	32.03
1788466870.523230	19.43	3127	67	42.69	32.95
1788466870.623668	19.30	3001	67	39.83	30.24
1788466870.724163	14.44	2998	71	39.25	29.56
1788466870.824536	20.76	3331	69	47.40	37.77
1788466870.925229	15.76	2464	66	31.23	21.61
1788466871.025629	17.83	3198	70	44.72	34.97
1788466871.126162	19.11	2681	69	33.42	23.90
1788466871.226694	14.49	2900	66	37.08	27.43
1788466871.327377	14.39	2452	65	28.73	19.27
1788466871.431544	17.54	2414	65	25.56	16.45
1788466871.532103	16.03	3193	68	44.62	34.50
1788466871.632437	19.39	3289	69	44.83	35.23
1788466871.732966	19.25	3175	71	43.42	33.68
1788466871.834629	14.88	2599	65	31.54	22.09
1788466871.935180	20.04	3141	69	42.09	32.27
1788466872.035609	14.59	3334	69	44.32	34.70
1788466872.136177	19.10	3396	69	47.36	37.63
1788466872.236753	19.26	3164	68	42.52	32.90
1788466872.339879	19.06	2660	68	32.92	23.30
1788466872.440375	15.18	2768	67	34.82	25.19
1788466872.540968	19.10	3387	69	46.50	36.77
1788466872.641649	19.36	3004	66	38.70	29.12
1788466872.744748	17.02	2722	68	32.58	23.19
1788466872.845200	16.50	3121	70	41.81	31.95
1788466872.945800	19.23	3190	68	42.78	33.17
1788466873.046383	19.78	3023	68	40.57	30.92
1788466873.147030	15.33	2830	65	36.11	26.49
1788466873.247469	19.46	2720	70	33.68	24.17
1788466873.350160	18.66	2878	69	35.92	26.49
1788466873.450753	14.98	3319	66	45.13	35.26
1788466873.551472	19.21	2901	65	37.46	27.93
1788466873.651886	19.36	3051	70	40.57	30.83
1788466873.753692	16.95	2567	66	30.78	21.28
1788466873.854432	16.41	2665	65	33.35	23.73
1788466873.955070	19.72	2658	65	33.56	23.95
1788466874.055472	19.39	2598	69	30.80	21.24
1788466874.156179	14.45	3343	68	44.28	34.62
1788466874.256687	20.62	3462	66	47.87	38.10
1788466874.357470	16.21	2736	67	34.38	24.80
1788466874.457953	16.79	2989	69	39.47	29.75
1788466874.558569	19.48	2914	68	38.06	28.42
1788466874.658932	19.19	3362	71	46.35	36.69
1788466874.759681	14.63	3168	69	42.00	32.34
1788466874.860504	19.55	3018	65	40.09	30.49
1788466874.961240	19.63	2284	68	28.27	18.70
1788466875.061869	14.56	2380	65	27.92	18.36
1788466875.162526	18.73	2391	65	29.29	19.73
1788466875.263308	20.11	2772	69	35.92	26.41
1788466875.363825	15.64	3463	67	47.39	37.66
1788466875.464456	19.50	2229	65	26.89	17.44
1788466875.566235	14.35	2246	65	26.10	16.63
1788466875.666609	19.67	2819	69	37.29	27.53
1788466875.767664	19.20	3011	66	41.55	32.00
1788466875.869150	16.58	2252	65	26.03	16.43
1788466875.969828	16.99	3079	66	40.83	31.15
1788466876.070428	19.41	2716	65	34.39	24.85
1788466876.171212	19.36	3145	70	42.95	33.28
1788466876.271888	17.83	2574	65	34.14	24.41
1788466876.372645	21.11	3028	67	42.40	32.56
1788466876.473368	14.86	3122	66	40.93	31.23
1788466876.574168	19.23	3028	66	39.97	30.28
1788466876.674543	19.20	3404	71	47.75	38.01
1788466876.775138	14.54	3194	69	42.00	32.38
1788466876.875514	19.07	3385	68	47.03	37.31
1788466876.977381	16.81	3232	70	43.44	33.90
1788466877.077843	17.12	3090	68	41.21	31.47
1788466877.178317	19.69	2691	69	35.11	25.55
1788466877.278855	14.47	2885	68	37.32	27.70
1788466877.379536	18.93	3254	67	44.89	35.24
1788466877.481865	19.31	2726	66	35.63	26.24
1788466877.582431	16.21	3429	71	47.26	37.42
1788466877.683230	16.85	2832	69	35.91	26.22
1788466877.783782	17.21	3442	73	47.07	37.37
1788466877.884369	14.64	3096	68	40.08	30.45
1788466877.985162	14.40	3361	68	45.53	35.82
1788466878.085602	14.50	3112	69	40.35	30.69
1788466878.186266	18.70	2868	65	37.94	28.29
1788466878.286851	14.36	2387	65	28.63	19.02
1788466878.387479	19.10	2373	65	27.00	17.50
1788466878.490019	18.85	2324	65	26.52	17.13
1788466878.590512	15.49	2940	70	38.70	28.89
1788466878.691328	20.28	3394	67	47.46	37.77
1788466878.792173	15.35	3321	69	43.09	33.54
1788466878.892793	17.61	3298	66	44.77	34.98
1788466878.993778	19.39	3212	68	43.22	33.63
1788466879.094327	19.18	2653	67	34.20	24.55
1788466879.195019	14.41	2832	67	36.23	26.61
1788466879.295495	19.44	2777	68	35.55	26.04
1788466879.396257	19.09	3496	71	47.51	37.76
1788466879.497489	17.96	3191	68	43.35	33.68
1788466879.598044	16.40	3045	70	40.26	30.55
1788466879.698461	19.27	3290	70	45.76	36.09
1788466879.799110	19.57	3335	68	45.83	36.10
1788466879.899455	15.35	3291	68	43.34	33.66
1788466880.000312	19.45	2735	67	34.52	24.87
1788466880.101351	16.63	2450	66	28.67	19.08
1788466880.201888	17.34	3299	70	45.63	35.90
1788466880.302456	18.56	2732	65	36.32	26.70
1788466880.403205	19.33	2872	69	36.56	26.93
1788466880.503679	14.56	3125	67	40.73	31.09
1788466880.604290	19.31	3094	68	43.34	33.56
1788466880.704807	19.32	2922	66	38.96	29.28
1788466880.805793	18.28	2991	67	37.56	28.05
1788466880.906660	15.43	2493	66	30.49	20.88
1788466881.007196	20.90	2771	67	36.10	26.44
1788466881.108046	14.00	2257	66	27.02	17.48
1788466881.208688	19.75	2496	66	31.71	22.13
1788466881.309091	19.33	3349	71	46.34	36.69
1788466881.409710	14.63	2533	65	31.24	21.68
1788466881.510132	19.10	3272	69	44.06	34.43
1788466881.614382	16.10	2730	66	32.99	23.75
1788466881.715085	18.21	2767	65	35.43	25.42
1788466881.815777	19.16	3024	66	38.92	29.35
1788466881.916395	14.52	3237	67	42.97	33.22
1788466882.016899	19.44	3245	68	44.50	34.76
1788466882.120637	16.46	2708	68	33.08	23.80
1788466882.221258	19.06	3387	69	47.98	37.88
1788466882.327477	15.94	3418	69	44.50	35.26
1788466882.427925	17.78	3137	71	45.34	35.14
1788466882.528328	18.83	2530	68	34.17	24.53
1788466882.629121	13.03	2473	65	30.09	20.50
1788466882.729710	19.38	2152	65	25.15	15.67
1788466882.830459	14.29	2191	64	25.52	15.97
1788466882.930933	19.48	3016	68	39.38	29.71
1788466883.032487	17.05	2729	66	34.20	24.77
1788466883.133119	17.02	3195	69	43.85	34.13
1788466883.234296	19.92	3075	66	42.52	32.83
1788466883.334895	14.86	2740	65	34.21	24.56
1788466883.435789	19.27	2201	66	25.45	16.02
1788466883.536239	14.50	2565	65	31.57	21.93
1788466883.636907	19.40	2863	65	37.01	27.35
1788466883.740521	18.83	3137	69	40.39	31.00
1788466883.841109	15.11	3292	66	45.70	35.70
1788466883.941621	19.38	3237	67	44.63	34.97
1788466884.042378	19.22	2697	69	33.07	23.46
1788466884.150641	17.81	3141	69	40.01	31.00
1788466884.251455	15.61	2475	65	32.63	22.34
1788466884.351943	20.51	3258	68	44.31	34.52
1788466884.453255	15.11	3261	69	43.02	33.49
1788466884.553857	18.68	3051	66	40.24	30.43
1788466884.654646	14.62	2549	65	30.45	20.92
1788466884.755262	14.34	2425	65	29.09	19.52
1788466884.855813	19.34	2793	67	35.46	25.83
1788466884.956381	16.90	3150	67	41.73	32.13
1788466885.057254	16.82	3033	66	39.94	30.28
1788466885.157744	19.40	2949	68	38.96	29.41
1788466885.258372	19.35	3112	68	43.27	33.59
1788466885.359396	14.43	3208	65	42.47	32.83
1788466885.460543	20.71	3037	69	42.72	33.08
1788466885.562376	17.08	3317	70	45.21	35.56
1788466885.663192	16.62	3108	68	41.28	31.46
1788466885.763736	19.15	2831	66	36.76	27.18
1788466885.864617	19.04	3054	70	37.89	28.22
1788466885.965373	14.38	2305	68	26.72	17.15
1788466886.065895	19.64	2934	67	39.85	30.15
1788466886.166310	19.10	3289	69	44.79	35.13
1788466886.266795	19.59	3249	67	46.22	36.43
1788466886.367312	14.64	2879	65	36.92	27.34
1788466886.467847	19.14	2885	66	36.91	27.20
1788466886.570706	15.41	2655	65	32.35	23.00
1788466886.671338	19.65	3179	70	45.53	35.63
1788466886.772036	14.48	2522	65	29.85	20.39
1788466886.872621	19.39	3075	69	41.77	32.07
1788466886.973002	19.40	2779	68	37.42	27.74
1788466887.073445	14.54	3166	71	41.30	31.66
1788466887.174077	19.04	3260	66	44.40	34.78
1788466887.274854	14.15	2043	66	23.57	14.07
1788466887.375217	19.22	2913	67	36.54	26.94
1788466887.475696	19.33	3118	67	41.58	31.98
1788466887.576304	14.59	3211	65	42.58	32.91
1788466887.677355	19.16	2869	65	36.64	27.02
1788466887.778608	15.70	2756	66	33.55	24.07
1788466887.879266	19.26	3431	70	48.71	38.87
1788466887.979807	14.32	2504	65	30.52	20.88
1788466888.080343	19.18	3113	68	42.75	33.11
1788466888.180904	15.95	2183	66	25.24	15.65
1788466888.281715	13.99	2071	65	23.51	14.06
1788466888.382488	19.90	2290	66	27.08	17.48
1788466888.483073	19.56	2929	68	37.51	27.86
1788466888.583663	14.55	2878	68	35.91	26.37
1788466888.684149	19.08	3305	71	46.13	36.37
1788466888.784624	19.36	3219	68	44.58	34.93
1788466888.886107	15.22	3215	67	42.37	32.80
1788466888.986646	21.42	3346	68	48.33	38.52
1788466889.087345	15.69	2955	68	38.86	29.21
1788466889.188145	17.70	2792	65	33.40	23.80
1788466889.288689	19.38	2878	67	37.85	28.29
1788466889.389117	19.06	3016	67	39.36	29.65
1788466889.489683	14.54	2503	66	30.69	21.10
1788466889.590165	19.29	3332	70	45.52	35.86
1788466889.690620	19.60	2950	70	38.71	29.08
1788466889.795375	17.35	3346	69	45.00	35.64
1788466889.896235	16.38	2950	65	39.85	29.75
1788466889.996705	19.63	2771	67	37.21	27.51
1788466890.097370	19.50	3242	70	46.04	36.37
1788466890.197984	15.41	2954	66	37.65	27.97
1788466890.298499	19.23	2761	65	33.53	23.92
1788466890.401398	16.81	2134	65	24.57	15.20
1788466890.502052	17.24	2570	65	32.91	23.09
1788466890.602569	19.39	3249	67	42.75	33.15
1788466890.703458	19.47	3081	68	42.29	32.62
1788466890.804105	14.62	3143	67	41.18	31.52
1788466890.904603	19.13	3314	69	45.58	35.86
1788466891.005030	14.56	2918	68	37.02	27.43
1788466891.105913	14.14	2245	65	25.90	16.49
1788466891.206550	14.41	2424	68	28.69	19.13
1788466891.307354	20.55	2822	69	36.94	27.32
1788466891.407809	14.58	2978	68	38.36	28.70
1788466891.508418	19.25	3350	69	45.44	35.82
1788466891.608794	19.31	3235	69	42.65	32.93
1788466891.712389	16.47	2739	65	35.28	25.97
1788466891.812892	17.58	2608	70	32.95	23.02
1788466891.913430	20.01	2938	69	40.65	31.02
1788466892.015774	15.48	2924	67	36.01	26.60
1788466892.116290	18.29	3178	68	43.32	33.41
1788466892.216655	19.46	2648	70	33.67	24.11
1788466892.317090	14.55	3168	68	41.80	32.09
1788466892.417635	20.67	3293	70	45.44	35.80
1788466892.518284	14.67	2834	65	35.86	26.24
1788466892.618678	19.43	2812	70	35.79	26.23
1788466892.720519	15.66	2589	68	30.72	21.22
1788466892.821082	14.22	2812	65	32.15	22.45
1788466892.921807	19.27	3127	70	42.09	32.47
1788466893.022228	19.31	3382	69	46.65	36.92
1788466893.123002	14.67	2863	67	35.71	26.23
1788466893.223559	19.48	2714	65	33.06	23.44
1788466893.324235	19.46	2966	65	38.94	29.31
1788466893.424850	15.68	2380	65	29.04	19.49
1788466893.525777	19.95	3043	66	40.98	31.41
1788466893.627742	18.55	2540	66	29.33	19.80
1788466893.728305	15.42	3050	66	39.61	29.85
1788466893.828888	19.56	3152	66	42.32	32.63
1788466893.929390	18.78	2742	66	31.98	22.39
1788466894.029784	14.40	3529	71	47.75	38.00
1788466894.130403	18.84	3109	65	39.85	30.21
1788466894.230848	19.55	2908	70	37.51	27.83
1788466894.332624	18.23	2925	66	37.64	28.18
1788466894.433314	15.74	3210	67	42.68	32.86
1788466894.533895	19.14	3241	68	43.45	33.79
1788466894.634442	19.66	2692	69	35.04	25.42
1788466894.734907	15.65	3414	68	46.03	36.31
1788466894.835876	19.14	3018	65	39.16	29.65
1788466894.940780	18.52	2656	67	31.90	22.32
1788466895.041388	15.11	3384	69	45.84	36.13
1788466895.141974	19.16	3219	71	45.55	35.83
1788466895.242478	19.40	3177	70	43.81	34.18
1788466895.344433	15.08	3180	67	41.43	31.93
1788466895.445013	18.96	3065	65	40.84	31.07
1788466895.545625	19.53	2662	67	32.16	22.64
1788466895.647725	15.96	3065	68	39.00	29.52
1788466895.748397	19.35	3208	67	43.97	34.07
1788466895.849389	18.48	2741	69	33.06	23.53
1788466895.950043	15.60	3167	70	41.97	32.20
1788466896.050488	19.52	2958	66	38.50	28.87
1788466896.151005	19.65	2686	68	36.00	26.34
1788466896.251533	14.53	3417	68	45.70	36.04
1788466896.352238	18.97	3291	68	45.55	35.83
1788466896.452773	19.25	2939	65	36.60	27.03
1788466896.554976	16.12	3035	70	37.88	28.35
1788466896.655587	17.33	3274	68	44.82	35.01
1788466896.756191	19.19	3187	66	43.08	33.37
1788466896.857093	19.84	2686	67	34.72	25.10
1788466896.957710	15.75	3011	66	37.84	28.28
1788466897.058074	19.35	2617	70	33.53	23.87
1788466897.162572	15.31	2852	66	35.07	25.90
1788466897.263142	18.49	2801	65	37.50	27.52
1788466897.364990	8.83	3040	64	28.66	19.26
1788466897.465622	9.48	2244	64	17.85	8.55
1788466897.566250	14.57	2418	64	28.59	19.10
1788466897.666626	19.57	2586	68	34.11	24.43
1788466897.767345	14.57	2760	65	34.16	24.63
1788466897.868178	19.37	2863	65	37.85	28.18
1788466897.968838	19.37	3002	69	37.73	28.07
1788466898.069322	15.19	3401	69	45.66	35.96
1788466898.169773	18.98	3340	68	46.55	36.77
1788466898.270245	19.01	3268	66	43.68	34.10
1788466898.370731	14.44	3440	70	46.71	36.93
1788466898.471101	19.01	3429	67	46.09	36.42
1788466898.571713	19.05	3362	67	46.91	37.18
1788466898.672641	18.05	2652	65	34.83	25.30
1788466898.773438	15.96	3093	66	40.88	31.22
1788466898.873898	18.90	3152	68	40.82	31.15
1788466898.974527	19.43	3213	68	44.90	35.29
1788466899.075121	15.73	2703	66	34.68	25.07
1788466899.175639	19.59	3343	73	47.17	37.43
1788466899.277576	19.15	3359	71	46.55	37.04
1788466899.378165	14.27	3041	65	39.82	30.07
1788466899.478566	19.16	3071	69	42.35	32.76
1788466899.579021	19.69	3080	68	41.86	32.11
1788466899.679576	14.54	3000	65	38.70	29.12
1788466899.780231	19.18	2869	65	36.75	27.09
1788466899.882350	16.96	3336	70	43.73	34.15
1788466899.982878	16.49	3516	69	49.00	39.11
1788466900.083269	18.92	3509	73	48.20	38.54
1788466900.183940	14.59	3403	69	46.01	36.30
1788466900.284339	20.85	3350	73	47.49	37.79
1788466900.384847	14.41	3443	71	46.65	36.90
1788466900.485297	19.04	3376	69	47.64	37.86
1788466900.585795	19.22	3152	68	42.39	32.74
1788466900.686333	14.42	3267	68	43.13	33.52
1788466900.787044	19.14	3227	67	43.70	34.00
1788466900.887690	17.36	3373	68	46.52	36.80
1788466900.988386	16.56	3320	68	45.89	36.24
1788466901.088810	19.09	3042	68	43.71	33.98
1788466901.189347	14.44	2702	69	33.36	23.85
1788466901.289891	19.14	3429	71	47.10	37.41
1788466901.390422	19.25	3274	69	46.94	37.21
1788466901.491188	15.47	3306	68	44.02	34.38
1788466901.591832	19.24	3304	71	44.73	35.02
1788466901.695671	18.15	3007	69	37.97	28.62
1788466901.796258	14.89	2945	70	39.06	29.10
1788466901.896609	18.76	3454	69	48.07	38.25
1788466901.997726	18.89	2955	66	38.73	29.21
1788466902.102205	16.58	2467	67	28.18	18.90
1788466902.203179	17.36	3315	68	46.14	36.06
1788466902.303620	19.23	3028	68	40.86	31.14
1788466902.404335	19.86	2924	68	38.11	28.46
1788466902.505225	14.47	3129	68	41.52	31.77
1788466902.605707	20.71	3261	71	43.62	33.86
1788466902.706526	14.49	2719	66	34.09	24.54
1788466902.807156	19.57	2577	71	33.19	23.58
1788466902.907708	19.33	3311	69	46.79	37.04
1788466903.008449	16.02	3152	66	42.50	32.90
1788466903.108993	17.85	3218	70	43.68	33.95
1788466903.209618	19.19	3058	68	40.54	30.85
1788466903.310125	19.09	2941	69	36.43	26.87
1788466903.410697	14.70	3157	69	41.49	31.81
1788466903.511182	19.21	3215	69	43.45	33.83
1788466903.611734	14.48	3236	69	43.08	33.34
1788466903.712945	14.63	2814	68	34.95	25.40
1788466903.813598	18.77	2971	70	37.69	27.93
1788466903.913948	15.51	3008	69	38.56	28.91
1788466904.014487	19.35	3035	68	40.02	30.30
1788466904.115457	17.70	3356	67	45.54	35.91
1788466904.216059	16.01	3017	67	39.00	29.34
1788466904.316842	19.39	3130	68	41.73	32.04
1788466904.417726	19.28	2740	68	35.79	26.15
1788466904.518284	14.52	2273	65	26.08	16.60
1788466904.618844	19.34	3098	68	42.23	32.48
1788466904.719250	19.45	2973	67	38.75	29.16
1788466904.821550	17.88	3191	68	41.63	32.10
1788466904.922106	15.68	3377	69	46.05	36.22
1788466905.022579	20.58	3334	68	48.18	38.51
1788466905.123049	14.68	2940	67	37.79	28.13
1788466905.223687	19.12	3262	71	45.78	36.07
1788466905.324190	19.29	3211	69	44.04	34.41
1788466905.427123	17.74	2753	66	33.49	24.07
1788466905.527570	16.41	2863	69	38.67	28.81
1788466905.628288	19.37	3075	68	40.83	31.21
1788466905.728750	19.50	3095	68	42.08	32.36
1788466905.829481	14.58	2703	65	33.90	24.27
1788466905.930288	19.15	2884	66	38.10	28.53
1788466906.030833	19.21	3067	71	42.60	32.86
1788466906.132717	13.61	2476	65	27.76	18.26
1788466906.233303	17.98	3222	70	44.98	35.18
1788466906.334592	19.58	3226	69	44.32	34.61
1788466906.435182	14.46	3504	70	47.03	37.32
1788466906.535581	19.19	3506	69	49.17	39.34
1788466906.636145	19.41	3133	67	43.35	33.71
1788466906.736859	14.97	3014	67	38.96	29.28
1788466906.837603	18.70	2834	66	35.64	26.00
1788466906.937978	19.32	2721	67	35.77	26.15
1788466907.039776	17.69	2772	65	35.55	26.01
1788466907.140506	16.24	2192	65	26.12	16.56
1788466907.241435	19.76	3035	70	38.73	29.10
1788466907.341901	14.52	2754	65	34.92	25.31
1788466907.442555	19.41	2749	66	36.04	26.41
1788466907.543227	19.68	2205	65	27.07	17.59
1788466907.643924	14.59	2588	66	31.63	22.04
1788466907.744402	19.48	3299	68	44.11	34.39
1788466907.845098	19.44	3136	66	40.65	31.04
1788466907.945564	14.33	2654	65	33.00	23.37
1788466908.046305	19.16	2649	65	30.74	21.23
1788466908.147178	19.74	2242	65	28.14	18.56
1788466908.248075	14.16	2077	64	23.62	14.11
1788466908.348504	21.41	2383	67	29.79	20.17
1788466908.448954	14.80	2702	70	32.80	23.28
1788466908.549668	19.20	3319	66	45.54	35.82
1788466908.650156	19.54	2921	69	39.41	29.83
1788466908.751027	15.13	3115	68	39.93	30.43
1788466908.851581	18.86	2989	68	38.56	28.81
1788466908.952300	19.20	3208	66	43.53	33.93
1788466909.056754	18.48	2459	68	27.76	18.58
1788466909.157521	15.31	2748	65	35.47	25.61
1788466909.258079	14.07	2638	70	32.48	22.86
1788466909.358769	14.62	2916	65	36.92	27.31
1788466909.459297	20.31	2903	68	37.75	28.22
1788466909.560150	14.40	2329	65	27.67	18.12
1788466909.660754	18.91	2435	64	29.75	20.12
1788466909.761381	14.34	2342	65	27.11	17.65
1788466909.862111	19.49	2857	70	38.06	28.48
1788466909.962868	19.35	2569	66	32.36	22.70
1788466910.063580	14.59	2751	68	33.71	24.18
1788466910.164295	19.29	2969	66	39.13	29.47
1788466910.267750	16.20	2568	66	29.63	20.20
1788466910.368261	17.43	3012	66	39.46	29.71
1788466910.468993	19.04	2658	65	33.57	23.96
1788466910.569426	14.52	2435	69	28.27	18.81
1788466910.670072	20.94	2866	70	39.60	29.93
1788466910.770458	14.55	3316	68	43.93	34.30
1788466910.871224	19.21	3233	66	43.31	33.67
1788466910.972105	12.64	2466	65	27.89	18.36
1788466911.072910	18.26	2792	68	35.41	25.79
1788466911.173678	19.37	2654	65	35.15	25.55
1788466911.274338	14.34	2931	69	36.72	27.20
1788466911.374706	18.79	3462	70	47.41	37.68
1788466911.475658	18.52	2998	65	38.37	28.86
1788466911.579541	18.70	2561	68	30.38	21.04
1788466911.680130	15.16	3435	68	47.33	37.33
1788466911.780613	21.04	3201	68	43.86	34.19
1788466911.881475	14.48	2736	65	34.78	25.18
1788466911.981999	19.32	2980	70	40.92	31.22
1788466912.082730	19.08	3327	67	44.19	34.57
1788466912.185376	19.10	3094	68	38.96	29.46
1788466912.285918	14.79	3439	70	47.57	37.65
1788466912.386404	19.43	3166	66	43.75	34.10
1788466912.486895	19.39	3292	68	45.94	36.15
1788466912.587549	17.74	3255	69	43.41	33.80
1788466912.687989	15.90	3475	70	47.07	37.37
1788466912.788770	19.46	3194	68	44.46	34.70
1788466912.889286	19.75	2911	68	37.69	28.08
1788466912.989879	15.62	3142	66	41.35	31.66
1788466913.090483	19.14	2541	68	32.06	22.53
1788466913.191924	17.29	3159	68	43.03	33.41
1788466913.292422	16.49	3248	68	43.70	33.95
1788466913.393037	19.44	3143	66	42.99	33.35
1788466913.493735	19.12	2508	68	29.10	19.57
1788466913.594087	14.37	2839	67	35.86	26.20
1788466913.694754	19.03	2748	68	32.57	22.94
1788466913.795383	19.46	3082	66	40.87	31.31
1788466913.897785	17.86	2614	69	32.11	22.62
1788466913.998400	15.54	2661	65	34.48	24.73
1788466914.098854	20.69	3432	68	48.32	38.56
1788466914.199442	14.35	2520	65	31.00	21.47
1788466914.300110	19.57	2582	65	33.70	24.05
1788466914.400569	19.22	2788	70	35.01	25.37
1788466914.501718	14.70	2957	65	37.90	28.37
1788466914.602084	19.25	2970	68	40.06	30.38
1788466914.703046	19.22	3301	68	45.98	36.27
1788466914.803535	14.61	3261	70	43.51	33.82
1788466914.904084	14.61	2675	68	33.06	23.52
1788466915.004888	14.46	2560	65	31.53	21.97
1788466915.105423	14.56	2539	70	29.99	20.52
1788466915.206024	20.38	3236	70	44.68	35.02
1788466915.306767	14.72	3283	66	43.66	33.99
1788466915.407149	19.48	2535	68	32.72	23.21
1788466915.508255	11.22	3055	65	35.79	26.19
1788466915.608870	19.42	2358	69	30.44	20.81
1788466915.709487	19.45	3055	66	41.45	31.85
1788466915.810390	16.87	2539	68	29.54	19.96
1788466915.911252	16.59	2990	68	37.53	27.90
1788466916.011938	19.13	2891	66	37.40	27.77
1788466916.112639	19.45	2591	70	32.28	22.75
1788466916.213065	14.57	2813	67	35.82	26.17
1788466916.313683	20.93	3180	66	44.41	34.69
1788466916.416194	17.05	2502	65	30.01	20.68
1788466916.516710	17.18	2602	68	33.25	23.44
1788466916.617604	19.46	2611	65	33.95	24.45
1788466916.718470	18.08	2585	67	31.62	22.07
1788466916.818858	15.27	3247	66	43.17	33.49
1788466916.919689	19.31	2609	65	32.58	23.09
1788466917.020171	19.26	2949	68	38.69	29.04
1788466917.122221	15.48	3320	68	43.77	34.26
1788466917.222606	18.39	3087	68	42.43	32.65
1788466917.323128	19.18	3211	69	42.74	33.18
1788466917.423864	19.56	2805	68	35.78	26.23
1788466917.524334	15.80	3358	71	44.80	35.14
1788466917.625198	19.56	3160	68	42.31	32.68
1788466917.726421	14.56	3056	65	39.49	29.86
1788466917.826867	19.25	2804	65	37.06	27.38
1788466917.928013	19.37	3033	66	39.65	30.14
1788466918.028491	14.46	2729	65	34.39	24.73
1788466918.129274	19.13	2855	65	36.13	26.49
1788466918.229939	19.58	2332	68	28.88	19.29
1788466918.331833	15.50	3112	66	40.72	31.19
1788466918.432443	18.05	3124	65	41.01	31.32
1788466918.533054	20.75	2920	69	37.58	27.94
1788466918.633572	14.60	3359	66	44.85	35.22
1788466918.734261	19.25	3245	70	45.19	35.46
1788466918.834688	19.29	3217	70	44.69	35.08
1788466918.936356	15.49	3003	66	39.57	30.02
1788466919.037051	18.54	2770	65	36.29	26.59
1788466919.137558	19.08	3125	67	41.22	31.67
1788466919.238461	17.89	3074	66	40.42	30.79
1788466919.339071	15.95	2572	67	32.26	22.65
1788466919.439713	19.33	2633	65	33.34	23.77
1788466919.540207	19.35	2725	69	34.35	24.79
1788466919.640770	14.60	2499	66	30.29	20.73
1788466919.741259	20.60	3072	68	43.00	33.36
1788466919.843977	15.78	2387	65	29.27	19.86
1788466919.944646	18.42	2726	66	35.88	26.17
1788466920.045084	19.22	3097	69	41.90	32.16
1788466920.145525	16.33	3290	67	44.38	34.75
1788466920.246385	13.91	2130	65	24.09	14.53
1788466920.346940	19.19	3175	68	41.78	32.06
1788466920.449300	15.40	3372	66	44.84	35.39
1788466920.550149	18.32	2700	65	34.26	24.45
1788466920.650715	19.17	3158	67	41.57	32.00
1788466920.751379	19.38	3494	70	47.96	38.25
1788466920.851731	15.69	3557	70	49.09	39.29
1788466920.952293	19.03	3456	70	46.93	37.32
1788466921.053229	17.57	2941	69	37.78	28.17
1788466921.154062	16.41	2951	65	36.66	27.15
1788466921.254552	19.29	3075	68	41.85	32.17
1788466921.355132	19.22	3349	71	46.66	36.97
1788466921.455880	14.47	3242	68	42.43	32.86
1788466921.556879	14.53	3176	65	41.79	32.11
1788466921.657380	14.43	2245	65	26.21	16.62
1788466921.757919	19.49	2917	68	35.67	26.04
1788466921.858930	14.62	2992	65	38.09	28.52
1788466921.959627	21.07	3110	69	42.68	33.00
1788466922.061177	15.30	2773	66	34.87	25.30
1788466922.161784	18.91	2969	67	40.13	30.37
1788466922.262328	19.33	3063	67	41.86	32.26
1788466922.364613	14.99	2675	65	33.29	23.78
1788466922.465003	18.84	3183	71	44.48	34.66
1788466922.565774	19.21	3341	68	45.72	36.03
1788466922.666367	17.52	2381	69	29.34	19.57
1788466922.766928	19.14	3095	65	42.19	32.47
1788466922.869937	16.19	3119	66	40.27	30.89
1788466922.970465	17.20	2760	68	33.83	24.59
1788466923.070974	19.82	2878	66	35.70	26.10
1788466923.172029	15.23	3070	65	38.87	30.08
1788466923.272545	18.63	2419	68	26.44	17.40
1788466923.373618	13.75	2408	65	28.46	18.99
1788466923.474224	18.85	2640	65	31.47	21.92
1788466923.574784	14.14	2284	65	26.32	17.33
1788466923.675260	19.25	3137	71	42.83	33.25
1788466923.775701	18.72	3395	71	46.69	37.20
1788466923.877884	18.30	3118	68	40.18	31.24
1788466923.978389	14.75	2774	68	34.08	25.26
1788466924.078935	19.17	3138	68	41.98	32.83
1788466924.179397	19.63	3375	67	45.10	36.16
1788466924.279765	14.96	3407	70	44.87	36.31
1788466924.380369	19.14	3266	67	44.62	35.41
1788466924.484487	18.87	3033	67	38.41	29.84
1788466924.585141	14.51	2373	65	28.02	19.06
1788466924.685699	18.57	3279	69	44.63	35.04
1788466924.786200	19.01	3359	68	45.67	36.15
1788466924.891718	18.48	2971	69	36.18	27.60
1788466924.992237	16.18	3382	71	47.58	37.26
1788466925.092728	19.12	3434	71	47.37	37.88
1788466925.193162	18.87	3419	71	47.17	37.62
1788466925.295059	16.61	3413	71	45.96	36.38
1788466925.395784	18.60	3380	68	47.07	37.36
1788466925.496154	18.78	3397	71	47.15	37.71
1788466925.596586	14.13	3015	71	38.17	29.25
1788466925.697176	18.98	3474	71	47.65	37.99
1788466925.797701	18.79	3509	71	47.60	38.49
1788466925.898227	18.91	3501	73	47.85	38.58
1788466925.998791	14.34	3533	71	47.05	38.01
1788466926.099277	18.84	3356	71	46.17	36.80
1788466926.199935	19.15	3408	69	47.15	37.83
1788466926.300599	18.16	2742	68	32.64	23.79
1788466926.401169	15.32	3128	68	40.12	30.97
1788466926.501590	20.14	3357	68	45.72	36.16
1788466926.603246	15.02	3313	70	42.84	33.80
1788466926.703689	18.45	3314	67	46.15	36.39
1788466926.804397	19.02	2933	65	37.64	28.28
1788466926.904775	18.97	3108	69	39.86	30.64
1788466927.005496	14.36	3021	68	38.18	29.30
1788466927.105866	18.92	2982	66	39.10	30.02
1788466927.206527	18.69	3131	70	41.04	31.83
1788466927.307323	17.75	3317	70	43.58	34.96
1788466927.407824	15.36	3353	68	44.62	35.24
1788466927.508530	18.80	3361	67	45.22	35.95
1788466927.609050	14.38	2568	68	30.12	21.49
1788466927.709712	14.67	3241	69	41.67	32.73
1788466927.813113	16.87	2982	68	37.53	28.55
1788466927.913769	17.89	3345	70	46.38	37.09
1788466928.016158	16.97	2965	68	35.75	27.06
1788466928.116954	15.46	2655	65	31.62	22.44
1788466928.217529	18.96	3251	67	45.16	35.54
1788466928.317857	14.29	3472	69	45.59	36.89
1788466928.418397	18.74	3480	69	47.00	37.70
1788466928.518733	18.92	3488	69	48.00	38.66
1788466928.619515	13.55	2660	65	32.21	23.18
1788466928.720005	19.36	2820	68	37.36	27.99
1788466928.820441	14.86	2801	68	30.34	21.04
1788466928.921588	14.73	3416	70	44.87	35.63
1788466929.022112	19.80	3418	68	47.48	37.89
1788466929.122462	19.19	3061	69	42.30	32.94
1788466929.222959	14.16	3445	69	45.28	36.44
1788466929.323765	19.06	3267	67	43.96	34.56
1788466929.424247	19.02	2903	69	36.01	27.08
1788466929.525487	16.68	3318	70	45.02	36.17
1788466929.626127	16.91	3387	69	47.31	37.58
1788466929.726556	18.89	3448	69	46.51	37.13
1788466929.827130	19.16	3150	67	43.17	33.75
1788466929.928487	15.31	3285	68	42.66	34.08
1788466930.029196	17.84	3314	68	45.29	35.69
1788466930.129559	20.24	2912	69	37.87	28.56
1788466930.230201	14.31	3256	71	41.89	33.55
1788466930.331007	18.57	2719	66	32.58	23.68
1788466930.431681	19.39	2601	69	33.32	24.08
1788466930.532896	16.37	3305	67	43.36	34.72
1788466930.633384	16.85	3372	69	45.42	36.48
1788466930.733764	19.01	3492	69	47.96	38.57
1788466930.834205	19.07	3229	71	43.75	34.72
1788466930.935012	15.81	3375	71	45.06	36.28
1788466931.035436	17.57	2975	70	38.71	29.17
1788466931.135869	19.18	2829	70	37.92	28.41
1788466931.236497	18.95	3250	70	43.69	34.75
1788466931.336933	15.69	3428	67	46.01	36.82
1788466931.437764	18.85	3138	67	39.66	30.76
1788466931.538404	17.41	3300	70	43.76	35.05
1788466931.638839	15.78	3477	69	46.68	37.77
1788466931.739193	19.38	3359	69	47.11	37.77
1788466931.839847	18.99	3274	70	44.19	34.73
1788466931.942774	16.77	3299	69	41.85	33.37
1788466932.043233	16.35	3350	69	46.44	37.29
1788466932.143650	19.16	2951	69	38.02	28.93
1788466932.246048	17.44	3374	67	45.31	36.54
1788466932.346412	15.78	3418	71	46.41	37.42
1788466932.446906	19.88	3287	70	46.01	36.48
1788466932.547278	14.88	3408	68	44.51	36.12
1788466932.647707	19.07	3427	69	47.18	37.55
1788466932.748542	14.31	3300	66	44.27	34.65
1788466932.849996	15.01	2733	65	31.09	21.70
1788466932.950602	19.06	3026	69	39.35	29.58
1788466933.051038	18.59	2964	69	38.15	28.85
1788466933.151480	14.93	3343	70	44.86	35.42
1788466933.252291	19.15	3254	69	45.55	36.15
1788466933.352998	19.38	2884	68	38.04	28.79
1788466933.461740	17.53	3135	68	38.10	29.27
1788466933.562148	17.21	3189	67	45.78	35.41
1788466933.662897	19.49	2548	67	30.54	21.31
1788466933.763333	14.26	2934	68	36.71	27.88
1788466933.863981	19.17	2864	67	37.76	28.21
1788466933.964438	18.72	3248	68	44.11	35.02
1788466934.066335	17.68	2439	66	26.46	17.52
1788466934.166723	15.52	2947	65	37.24	27.97
1788466934.267301	19.13	3118	70	41.80	32.87
1788466934.367716	18.98	3165	67	43.11	34.06
1788466934.468933	16.38	3226	69	41.80	32.82
1788466934.569473	17.09	2900	67	35.68	26.76
1788466934.670009	20.31	3510	69	48.79	39.35
1788466934.770344	14.34	3508	69	46.62	37.60
1788466934.870929	14.36	3385	68	45.49	35.95
1788466934.971307	18.71	3414	69	46.16	36.94
1788466935.072129	19.16	3215	71	44.64	35.86
1788466935.172487	14.37	3401	70	44.65	35.77
1788466935.272906	19.01	3012	69	39.21	30.03
1788466935.373420	19.12	3099	71	42.70	33.36
1788466935.474865	18.13	2575	66	30.26	21.34
1788466935.575640	15.24	2865	65	35.47	26.71
1788466935.676237	19.45	2683	66	35.21	25.74
1788466935.776801	19.49	2613	67	31.73	22.86
1788466935.877434	15.30	3220	65	41.84	32.58
1788466935.978022	18.90	2832	67	36.45	27.35
1788466936.079704	16.55	2831	68	36.21	27.35
1788466936.180205	17.00	3189	67	43.67	34.22
1788466936.280620	19.18	3259	69	45.47	36.31
1788466936.381230	19.52	3086	69	43.08	33.66
1788466936.481865	14.41	3327	67	43.40	34.60
1788466936.582332	18.72	2889	70	35.28	26.31
1788466936.682948	19.00	3112	65	40.47	31.30
1788466936.783296	18.92	2785	70	33.11	24.09
1788466936.883887	14.38	3479	69	46.10	36.91
1788466936.984294	20.57	3216	71	46.08	36.70
1788466937.084962	14.31	3185	70	39.94	31.48
1788466937.185617	15.14	2612	65	29.04	19.50
1788466937.287373	16.12	2219	65	24.85	15.56
1788466937.388177	16.86	3077	65	39.20	30.23
1788466937.488776	19.40	2221	65	26.04	16.64
1788466937.589287	18.91	3084	69	39.36	30.56
1788466937.689704	14.67	2859	69	36.09	26.55
1788466937.790084	18.89	3406	67	46.46	37.20
1788466937.890518	19.24	3345	70	45.85	36.74
1788466937.992965	16.45	3124	68	40.15	31.70
1788466938.093387	18.44	3424	68	46.97	37.86
1788466938.193919	18.74	3235	68	41.79	32.74
1788466938.294644	14.23	2956	66	36.45	27.94
1788466938.395003	18.89	3197	67	44.70	35.12
1788466938.495605	19.14	3019	68	41.06	31.88
1788466938.599077	18.29	2503	65	30.11	21.51
1788466938.699557	15.31	3361	69	45.63	35.75
1788466938.799982	18.70	3174	65	41.63	32.32
1788466938.900611	18.87	2920	68	36.19	27.06
1788466939.001423	16.49	3444	69	46.02	37.30
1788466939.101975	16.64	3381	69	44.41	35.54
1788466939.202364	20.34	3138	68	43.14	33.98
1788466939.302815	14.26	2446	67	29.18	20.05
1788466939.403698	19.21	2887	65	37.84	28.76
1788466939.504448	19.08	2529	66	30.90	21.53
1788466939.607786	16.82	2575	65	29.84	21.24
1788466939.708371	16.92	3164	70	42.70	32.97
1788466939.808756	19.01	3313	69	45.13	35.97
1788466939.910325	17.93	3065	70	40.36	31.61
1788466940.010667	15.36	2939	67	38.47	29.02
1788466940.111314	19.02	2971	66	38.19	28.97
1788466940.211915	19.23	2483	65	30.16	20.87
1788466940.314803	15.18	2728	70	31.55	22.81
1788466940.415366	19.47	3299	65	44.80	35.56
1788466940.518383	17.22	2235	66	23.41	15.24
1788466940.618745	15.90	2968	68	38.09	29.15
1788466940.719378	19.01	2849	66	34.99	25.77
1788466940.819806	19.28	2642	66	32.86	23.64
1788466940.920403	14.49	2809	65	34.64	25.52
1788466941.020859	19.00	3070	69	41.58	32.61
1788466941.121434	14.34	2566	65	30.68	21.66
1788466941.221818	14.41	2617	66	29.95	21.70
1788466941.322423	18.94	3048	67	40.55	31.64
1788466941.422806	19.54	2991	70	39.26	30.41
1788466941.523356	15.42	3418	66	44.32	35.72
1788466941.623734	19.34	2962	69	38.61	29.60
1788466941.725138	18.04	3337	69	45.87	36.35
1788466941.825693	14.35	2827	66	35.70	26.54
1788466941.926294	19.29	2808	68	37.68	28.13
1788466942.026728	18.86	2950	68	38.27	29.14
1788466942.127454	15.72	2370	68	26.37	17.86
1788466942.227887	17.58	3281	68	44.70	35.74
1788466942.328430	19.19	2910	67	39.86	30.74
1788466942.430166	18.34	2576	69	31.46	22.71
1788466942.530569	15.15	3355	69	45.42	36.46
1788466942.630980	19.87	3562	67	47.96	38.82
1788466942.732127	15.78	2937	66	36.42	27.33
1788466942.832737	17.52	2686	65	32.75	23.81
1788466942.933291	19.07	2799	68	35.91	26.36
1788466943.035018	19.13	3349	70	44.87	35.90
1788466943.135637	14.53	3044	69	38.96	29.86
1788466943.236340	19.02	2891	65	35.81	26.57
1788466943.337012	18.69	2849	66	33.80	25.00
1788466943.437576	14.83	2696	66	33.28	24.11
1788466943.538248	18.84	2778	65	34.13	25.16
1788466943.638913	19.79	2790	66	36.94	28.02
1788466943.739473	19.11	2729	69	35.00	25.66
1788466943.839872	15.69	3424	68	45.73	36.50
1788466943.941007	18.58	3147	69	43.31	34.13
1788466944.041505	15.07	3217	69	41.91	32.69
1788466944.142275	18.74	3079	65	39.53	30.19
1788466944.242726	14.35	3173	69	40.19	31.55
1788466944.343305	19.04	2860	65	36.42	27.45
1788466944.443763	19.02	3157	71	41.39	32.28
1788466944.544202	14.41	3278	67	43.40	34.27
1788466944.644569	19.04	3333	71	45.53	35.96
1788466944.745570	18.99	3408	71	47.34	37.92
1788466944.845934	14.34	3227	71	42.28	33.07
1788466944.946728	19.99	3390	70	46.56	37.09
1788466945.047292	14.52	2942	65	37.14	28.41
1788466945.147878	19.30	2424	65	30.44	21.18
1788466945.248737	14.32	2540	65	29.55	21.00
1788466945.349350	19.11	3068	67	41.34	32.21
1788466945.449929	19.12	3158	66	43.10	33.67
1788466945.550569	14.34	3138	66	39.46	30.82
1788466945.651122	19.21	3092	68	41.48	32.05
1788466945.752024	16.06	3147	66	40.61	31.27
1788466945.852462	17.87	3149	69	42.73	33.50
1788466945.952895	19.16	3150	73	45.21	35.75
1788466946.053360	18.68	2460	68	29.47	20.19
1788466946.153791	15.52	3372	71	45.24	35.77
1788466946.254161	19.05	3105	71	41.45	32.39
1788466946.357327	16.91	2832	70	32.81	23.64
1788466946.457851	16.33	3180	65	43.06	33.84
1788466946.558706	19.13	2894	66	38.32	29.06
1788466946.659050	19.05	3012	70	38.98	30.08
1788466946.762330	15.18	2759	66	32.97	24.17
1788466946.862918	18.35	2780	65	36.16	26.47
1788466946.963556	18.78	3046	65	40.33	31.11
1788466947.063891	18.87	3022	69	37.74	28.86
1788466947.164298	14.31	3535	69	46.45	37.47
1788466947.264674	20.06	3497	69	48.18	38.71
1788466947.365081	14.21	3526	69	46.84	38.08
1788466947.465434	14.85	3538	69	47.32	38.17
1788466947.565986	14.15	3098	70	38.60	30.37
1788466947.666553	19.16	3061	66	39.36	30.07
1788466947.767104	19.17	3036	69	41.66	32.09
1788466947.868653	18.01	2546	69	31.81	22.78
1788466947.969157	15.40	2897	66	36.58	27.51
1788466948.069711	19.08	2888	66	36.99	27.93
1788466948.170373	18.59	2832	66	35.92	26.61
1788466948.270929	14.97	3012	66	37.89	29.17
1788466948.371371	20.19	3281	69	44.66	35.63
1788466948.471722	14.60	3166	67	40.54	31.84
1788466948.572410	18.95	3130	67	40.85	31.91
1788466948.672948	14.26	3165	66	40.38	31.81
1788466948.773521	19.08	2984	65	39.03	29.84
1788466948.875543	18.12	2309	66	25.50	16.66
1788466948.976156	15.07	2704	65	32.39	23.57
1788466949.076575	18.91	2629	65	32.00	22.78
1788466949.176975	14.59	3043	70	38.53	29.23
1788466949.277524	18.88	3166	65	41.33	32.31
1788466949.378068	18.62	2642	67	30.28	21.70
1788466949.478572	14.23	3114	65	40.19	31.09
1788466949.579010	20.37	2985	70	40.89	31.39
1788466949.679555	14.50	2699	67	32.69	24.14
1788466949.780219	19.01	3243	69	45.24	35.76
1788466949.882766	16.14	3133	66	40.26	31.72
1788466949.983288	17.37	3209	67	43.11	33.95
1788466950.083919	19.19	2797	66	33.91	24.50
1788466950.184385	14.37	3274	68	41.98	33.01
1788466950.284935	19.06	3112	68	42.77	33.66
1788466950.386774	15.05	2588	69	30.43	21.07
1788466950.487450	14.73	3073	68	39.28	29.87
1788466950.588213	19.02	3161	70	43.63	34.16
1788466950.688687	19.79	2982	70	40.11	30.65
1788466950.789243	14.90	3481	66	46.74	37.40
1788466950.889626	19.09	2913	68	38.09	28.66
1788466950.990251	17.77	2668	68	33.59	24.91
1788466951.090784	15.68	2901	65	36.26	27.52
1788466951.191235	19.06	2914	70	37.55	28.39
1788466951.291676	19.13	2966	70	38.53	29.26
1788466951.392177	14.47	3249	68	42.36	33.44
1788466951.492541	19.19	2937	69	36.42	27.51
1788466951.593039	18.93	3325	67	45.67	36.41
1788466951.693494	19.45	3086	68	39.67	30.99
1788466951.794214	14.36	2942	65	36.75	28.06
1788466951.894724	20.67	3191	66	43.63	34.32
1788466951.996635	15.35	2453	65	28.51	19.98
1788466952.097232	18.01	2659	65	32.17	23.15
1788466952.197726	19.01	3026	67	38.31	29.16
1788466952.298175	19.08	2803	67	34.06	25.50
1788466952.398629	14.46	3107	66	39.61	30.58
1788466952.499186	18.87	3252	67	43.75	34.62
1788466952.599670	19.17	3024	66	40.69	31.61
1788466952.703198	17.25	3513	70	46.69	37.70
1788466952.803683	14.98	2753	68	32.65	23.86
1788466952.904038	18.81	3279	70	43.17	34.02
1788466953.004641	19.86	3170	70	43.31	34.03
1788466953.105357	15.10	3105	67	39.62	30.85
1788466953.206159	18.93	2841	66	35.44	26.25
1788466953.306506	19.11	2627	67	30.18	21.51
1788466953.407007	14.53	3241	68	42.22	33.19
1788466953.507392	19.11	2965	71	37.64	28.18
1788466953.608034	19.15	3060	67	40.08	30.96
1788466953.708656	14.58	2678	65	32.30	23.14
1788466953.809394	19.12	3071	69	41.03	31.48
1788466953.910035	18.68	3103	65	40.29	31.27
1788466954.010891	14.30	2423	65	27.67	19.17
1788466954.111355	14.40	2836	65	34.37	25.66
1788466954.211827	14.47	3256	70	41.26	33.02
1788466954.312277	19.17	2758	68	34.00	25.42
1788466954.412723	15.58	3488	70	45.85	36.91
1788466954.513116	19.23	2629	69	34.08	25.09
1788466954.613633	14.47	3413	66	44.22	35.62
1788466954.713984	19.05	3405	72	46.90	37.32
1788466954.814543	18.11	3263	69	44.02	34.47
1788466954.914929	18.52	3479	71	46.65	37.35
1788466955.015373	14.24	3531	71	46.90	37.61
1788466955.115716	18.87	3202	71	45.21	35.58
1788466955.216130	18.88	3410	71	47.41	37.79
1788466955.316528	19.04	3308	72	46.33	36.84
1788466955.416985	14.33	3490	68	46.94	37.71
1788466955.517385	20.44	3372	73	47.70	38.49
1788466955.621747	16.68	3288	69	44.42	35.83
1788466955.722213	16.60	2533	68	30.58	20.95
1788466955.822703	18.90	3248	69	44.22	35.00
1788466955.923303	18.77	3420	67	47.22	37.82
1788466956.026113	16.07	2715	65	31.19	22.82
1788466956.126813	17.26	3066	66	41.45	31.94
1788466956.227355	18.84	3277	69	44.92	35.88
1788466956.327713	19.28	3085	72	41.52	32.26
1788466956.430876	14.78	2818	65	34.68	26.05
1788466956.531301	18.62	3027	68	42.27	32.85
1788466956.631922	19.80	3273	68	44.69	35.50
1788466956.732448	14.30	2428	66	28.85	19.57
1788466956.833114	19.04	3276	70	43.76	34.27
1788466956.933971	18.98	3030	69	39.18	29.73
1788466957.034444	14.13	2811	70	34.33	25.61
1788466957.135721	18.73	2808	65	34.88	25.83
1788466957.236349	18.73	2760	66	34.01	24.56
1788466957.337703	16.77	2109	66	23.53	14.61
1788466957.438207	16.32	2705	65	32.18	23.09
1788466957.539163	19.22	3091	66	39.82	30.54
1788466957.639801	19.16	2240	66	26.13	17.23
1788466957.740161	16.26	3412	71	46.70	37.06
1788466957.840744	19.05	3489	68	47.12	37.90
1788466957.941326	14.31	2868	65	35.44	26.85
1788466958.041899	19.38	2710	66	35.92	26.40
1788466958.142285	19.24	3062	67	39.67	30.83
1788466958.244298	14.81	3067	68	38.37	29.83
1788466958.344936	18.72	2779	71	34.69	25.42
1788466958.445504	18.87	3136	65	41.64	32.12
1788466958.549737	17.79	2975	69	35.84	27.57
1788466958.650157	15.60	3252	71	43.43	34.26
1788466958.750545	20.30	3333	69	46.71	37.38
1788466958.851136	14.43	3120	71	40.19	30.76
1788466958.951499	19.08	3380	70	45.84	36.69
1788466959.052210	18.56	3371	69	45.32	36.10
1788466959.156054	17.91	3068	71	38.88	29.88
1788466959.256590	15.41	3479	70	47.51	38.31
1788466959.357333	18.56	3265	66	44.39	34.94
1788466959.457788	19.05	3208	69	43.74	34.63
1788466959.558664	17.20	3226	69	45.21	36.08
1788466959.659163	16.54	3306	71	44.48	35.07
1788466959.759577	19.04	3263	69	44.49	35.33
1788466959.860391	19.42	3375	69	46.92	37.27
1788466959.960755	15.45	3359	69	43.95	35.11
1788466960.061288	19.08	3240	69	45.16	35.68
1788466960.162887	17.08	3425	69	46.23	37.19
1788466960.263651	15.64	2817	66	34.80	25.92
1788466960.364131	19.27	2753	66	36.64	27.61
1788466960.464614	14.36	3215	68	41.29	32.20
1788466960.565273	14.35	3447	66	44.88	36.62
1788466960.669290	15.29	2851	68	33.32	25.33
1788466960.769814	18.00	3119	69	43.48	33.86
1788466960.870304	19.19	3020	67	40.94	31.69
1788466960.970680	19.40	2663	69	33.24	24.52
1788466961.071536	15.85	3365	68	44.74	36.05
1788466961.171983	19.24	3008	68	39.33	30.41
1788466961.272647	14.21	2428	65	28.40	19.82
1788466961.373067	19.36	2903	71	39.87	30.32
1788466961.475479	18.44	3056	68	37.90	29.06
1788466961.576132	14.83	2912	65	36.85	28.01
1788466961.678461	18.91	3055	69	38.35	29.13
1788466961.779029	14.53	3316	67	44.75	35.10
1788466961.879470	18.98	3362	68	45.86	36.65
1788466961.980074	18.82	3379	67	46.74	37.31
1788466962.080691	14.15	2597	66	31.26	22.30
1788466962.181265	20.62	2892	70	38.53	29.18
1788466962.281887	14.31	2648	65	30.72	22.56
1788466962.382299	19.26	2584	67	31.93	22.92
1788466962.483272	14.40	2580	65	29.83	21.77
1788466962.583679	18.85	2997	69	39.99	30.97
1788466962.684635	19.35	2518	65	32.05	23.12
1788466962.784978	14.33	2862	67	35.53	26.27
1788466962.885604	18.93	3024	66	39.56	30.26
1788466962.985972	18.94	3210	69	43.26	33.84
1788466963.087755	17.92	3177	69	41.78	33.19
1788466963.188397	15.15	2551	65	30.07	21.27
1788466963.289266	20.45	3180	66	42.64	33.74
1788466963.390399	14.51	2712	69	31.30	22.20
1788466963.490959	17.97	3036	68	39.90	30.54
1788466963.591539	19.12	2901	68	35.94	26.87
1788466963.692039	18.96	3260	71	43.85	34.45
1788466963.792561	14.50	3097	66	39.88	30.87
1788466963.893006	18.97	3311	69	44.91	35.63
1788466963.993577	18.75	3553	69	47.65	38.60
1788466964.094143	19.08	3220	71	43.30	34.04
1788466964.194595	14.55	2987	68	37.46	28.51
1788466964.295107	22.35	3281	70	47.41	37.62
1788466964.395844	20.71	3300	68	45.81	35.98
1788466964.496510	15.09	2983	65	38.90	29.18
1788466964.597009	19.81	2761	69	36.05	26.45
1788466964.697557	19.54	2365	68	28.55	18.97
1788466964.797991	14.28	2931	68	36.96	27.41
1788466964.898774	19.36	2675	66	32.98	23.39
1788466964.999191	19.24	3169	71	41.37	31.78
1788466965.099627	17.87	3266	69	45.03	35.30
1788466965.200116	15.93	2420	66	28.64	19.18
1788466965.300621	19.41	3084	69	41.62	31.96
1788466965.401014	19.25	3055	68	39.17	29.61
1788466965.503221	16.31	2828	66	35.41	25.95
1788466965.603921	18.95	3138	65	42.43	32.68
1788466965.704550	19.01	2702	71	32.54	22.92
1788466965.805113	14.90	3526	70	47.23	37.56
1788466965.905679	19.29	3303	72	47.32	37.59
1788466966.006297	19.25	3320	68	46.96	37.23
1788466966.106799	17.95	3413	70	47.12	37.44
1788466966.207196	15.69	3490	71	48.03	38.26
1788466966.307839	19.48	3335	71	47.04	37.34
1788466966.408231	20.43	3487	71	50.15	40.21
1788466966.512615	17.61	3377	69	47.33	37.60
1788466966.613188	16.45	3337	68	47.20	37.42
1788466966.713736	20.83	3496	70	48.61	38.93
1788466966.814289	14.48	3362	69	44.95	35.30
1788466966.915275	19.21	2766	67	33.62	24.02
1788466967.015789	19.48	2505	66	31.13	21.55
1788466967.116411	14.20	2175	65	25.46	15.90
1788466967.216883	14.09	2374	66	28.04	18.58
1788466967.317760	14.55	2836	66	35.36	25.79
1788466967.418223	19.25	3084	67	41.48	31.81
1788466967.518959	19.03	3077	69	39.69	30.14
1788466967.621885	18.50	3248	69	44.09	34.59
1788466967.722848	14.74	2826	65	36.21	26.41
1788466967.823310	20.44	3195	68	43.88	34.12
1788466967.924034	14.48	2748	65	34.33	24.77
1788466968.024499	19.34	3208	67	44.03	34.26
1788466968.125240	19.16	2571	66	29.38	19.91
1788466968.226466	15.10	3266	71	42.44	32.80
1788466968.326916	18.70	3400	69	47.46	37.70
1788466968.427295	19.25	3245	69	44.93	35.23
1788466968.528165	19.56	3015	70	40.79	31.17
1788466968.628566	14.40	3408	66	45.66	35.92
1788466968.729101	19.34	2953	70	40.84	31.22
1788466968.829499	19.53	3416	69	47.75	38.06
1788466968.930194	15.08	2841	65	35.32	25.77
1788466969.030581	19.79	2525	69	31.97	22.35
1788466969.131261	14.11	2476	65	30.36	20.88
1788466969.231847	19.35	2732	65	34.51	24.92
1788466969.332398	19.24	2863	66	36.97	27.34
1788466969.432861	15.93	2260	65	25.71	16.26
1788466969.533937	17.39	3087	65	40.43	30.81
1788466969.634504	19.10	2812	68	35.22	25.57
1788466969.735124	19.07	3291	70	45.66	36.01
1788466969.835506	15.12	3475	70	47.23	37.50
1788466969.936000	20.63	3345	70	47.42	37.76
1788466970.036355	14.70	3266	70	43.52	33.76
1788466970.137118	18.76	3191	67	42.06	32.47
1788466970.237540	19.32	2930	67	38.71	29.01
1788466970.337982	13.96	2489	67	30.03	20.51
1788466970.438626	19.09	3255	68	45.31	35.60
1788466970.539169	19.82	3083	69	41.23	31.54
1788466970.639861	14.41	3089	68	41.05	31.36
1788466970.740343	19.12	2731	71	36.02	26.36
1788466970.840902	14.57	2824	66	35.69	26.18
1788466970.941402	19.41	2884	67	39.04	29.37
1788466971.041774	20.11	3397	69	46.82	37.19
1788466971.142586	14.76	2809	65	35.96	26.35
1788466971.242965	19.02	3152	70	42.31	32.68
1788466971.343548	19.16	2650	69	33.55	23.96
1788466971.443990	14.45	3184	68	41.61	32.01
1788466971.544508	19.44	3023	70	41.86	32.15
1788466971.645118	19.35	2919	67	37.22	27.65
1788466971.746802	17.03	3056	68	41.78	32.06
1788466971.847591	17.12	2710	66	34.25	24.62
1788466971.948255	19.13	3380	72	45.87	36.23
1788466972.048648	19.10	3337	73	46.37	36.61
1788466972.149308	14.35	3046	65	40.01	30.31
1788466972.249712	20.18	3027	69	43.51	33.81
1788466972.350374	15.28	3483	73	47.16	37.42
1788466972.450789	18.25	3427	70	47.36	37.64
1788466972.551223	19.56	3202	70	45.62	35.82
1788466972.653043	18.77	3230	69	43.42	33.85
1788466972.753505	15.03	3532	70	49.09	39.20
1788466972.853871	19.07	3489	70	48.14	38.47
1788466972.954334	18.98	3461	68	47.92	38.17
1788466973.055769	18.91	3213	73	41.37	31.80
1788466973.156263	14.64	3158	67	42.17	32.39
1788466973.257173	14.59	2701	67	33.76	24.22
1788466973.357844	14.75	2915	66	37.14	27.50
1788466973.461264	15.95	3017	69	37.93	28.51
1788466973.561723	19.18	3484	71	49.75	39.73
1788466973.662096	19.64	3221	69	43.72	34.05
1788466973.762743	14.59	3031	69	39.35	29.68
1788466973.863119	19.17	3261	71	45.02	35.29
1788466973.963759	19.10	3320	71	46.35	36.61
1788466974.064549	16.42	3154	70	42.33	32.67
1788466974.165010	17.28	3353	71	46.87	37.11
1788466974.265375	19.34	3288	70	47.36	37.58
1788466974.365939	19.45	3120	73	43.21	33.48
1788466974.466304	14.59	3288	73	44.12	34.36
1788466974.566990	19.12	2853	66	34.87	25.29
1788466974.667638	20.31	2793	72	36.09	26.44
1788466974.768334	15.04	3307	69	44.31	34.63
1788466974.868869	19.11	2687	66	33.78	24.22
1788466974.969543	19.29	2407	68	27.98	18.41
1788466975.070571	14.62	3032	66	39.11	29.57
1788466975.171239	19.73	2432	65	31.05	21.46
1788466975.271880	19.52	2854	66	37.51	27.87
1788466975.372717	15.50	2636	68	31.81	22.23
1788466975.473392	18.08	3190	66	42.67	33.11
1788466975.573879	18.97	3371	71	45.72	35.96
1788466975.674311	19.38	3359	70	47.05	37.27
1788466975.775370	15.05	3088	66	40.96	31.39
1788466975.875858	20.17	3202	67	44.79	35.01
1788466975.979317	17.49	3245	68	44.30	34.78
1788466976.079689	16.35	2713	67	35.56	25.69
1788466976.180418	19.40	3157	66	43.75	34.08
1788466976.281081	14.85	3268	68	43.28	33.52
1788466976.381811	19.03	3308	66	46.17	36.42
1788466976.482445	18.87	2346	68	27.99	18.36
1788466976.582917	14.38	3515	69	47.08	37.36
1788466976.683568	19.50	2751	65	37.46	27.76
1788466976.784069	18.98	2957	70	37.78	28.21
1788466976.885247	15.43	2689	66	33.08	23.51
1788466976.985904	19.59	3098	65	42.52	32.82
1788466977.086408	17.02	2414	67	27.53	17.95
1788466977.186995	16.33	2636	68	32.33	22.84
1788466977.287643	19.43	2782	66	35.00	25.40
1788466977.388447	19.73	2572	65	33.41	23.81
1788466977.488830	14.50	3143	68	40.78	31.18
1788466977.589281	18.93	3427	69	47.09	37.36
1788466977.689774	19.60	3422	70	47.85	38.14
1788466977.790395	19.35	3287	69	46.69	36.93
1788466977.890985	14.31	2601	66	32.47	22.89
1788466977.991665	19.78	2501	65	32.40	22.75
1788466978.092159	19.71	2875	68	35.92	26.35
1788466978.192780	15.37	2938	69	37.38	27.70
1788466978.293186	19.23	2627	68	34.49	24.80
1788466978.397260	17.84	3182	68	41.25	31.91
1788466978.497636	15.99	3220	69	44.70	34.67
1788466978.598241	19.14	3332	68	46.16	36.45
1788466978.699416	18.57	2764	71	34.68	25.08
1788466978.800013	14.94	2878	66	36.55	26.94
1788466978.900485	18.93	3190	67	43.73	34.03
1788466979.001302	14.75	2926	67	36.67	27.24
1788466979.102209	18.92	2944	68	37.12	27.39
1788466979.202784	19.26	2402	68	27.68	18.09
1788466979.303294	15.71	3508	67	47.96	38.25
1788466979.404245	14.58	3042	68	38.66	29.13
1788466979.504830	14.42	2751	68	34.69	25.02
1788466979.605429	19.95	2680	70	32.41	22.76
1788466979.706003	14.51	3121	68	40.25	30.65
1788466979.806439	19.38	3204	67	44.61	34.84
1788466979.907033	19.73	2819	70	39.12	29.52
1788466980.007984	16.04	2590	66	30.46	20.85
1788466980.108351	17.60	3409	70	47.11	37.31
1788466980.208790	19.57	2810	68	36.40	26.82
1788466980.309654	19.49	3064	68	41.81	32.09
1788466980.410197	15.87	3446	68	46.84	37.14
1788466980.510714	19.21	3200	66	45.24	35.48
1788466980.612976	15.42	2678	70	31.61	22.19
1788466980.713548	18.29	3320	69	47.33	37.39
1788466980.814125	19.46	3082	69	42.01	32.40
1788466980.917522	19.09	3394	71	45.43	35.96
1788466981.018501	14.05	2913	66	38.35	28.48
1788466981.119009	19.40	3011	69	40.13	30.42
1788466981.219563	18.98	3364	69	46.97	37.24
1788466981.320988	18.10	3493	73	47.34	37.77
1788466981.421514	15.32	3544	70	48.98	39.12
1788466981.521868	20.57	3389	70	48.21	38.50
1788466981.624546	15.38	2809	70	33.95	24.54
1788466981.725221	18.25	3088	69	40.71	30.81
1788466981.825862	19.58	2661	65	32.02	22.39
1788466981.926485	19.11	2700	69	32.00	22.34
1788466982.027169	14.64	3012	65	38.72	29.13
1788466982.127653	19.23	3059	71	40.42	30.72
1788466982.228139	19.20	3397	69	47.58	37.80
1788466982.329879	18.44	3147	69	42.53	32.94
1788466982.430589	15.70	2940	66	37.98	28.22
1788466982.531232	19.42	2529	65	29.62	20.07
1788466982.634297	19.61	2479	65	31.56	22.14
1788466982.734802	16.41	2879	66	36.83	26.99
1788466982.838011	19.28	2322	66	25.87	16.66
1788466982.938435	14.89	2906	69	37.24	27.42
1788466983.038968	19.41	3002	65	39.14	29.50
1788466983.142743	16.62	2691	65	35.45	25.92
1788466983.243623	17.82	2813	69	38.46	28.76
1788466983.344188	18.88	3421	71	46.55	36.93
1788466983.444753	14.40	3536	72	47.77	38.07
1788466983.545122	19.14	3278	73	47.10	37.42
1788466983.645706	19.35	3330	68	45.66	35.94
1788466983.746071	14.24	3165	69	41.39	31.74
1788466983.846679	20.51	3050	67	42.27	32.53
1788466983.947397	14.50	2696	68	33.29	23.76
1788466984.048151	19.27	2867	68	37.86	28.16
1788466984.149030	14.44	2309	65	27.25	17.70
1788466984.249813	19.28	2479	65	30.43	20.81
1788466984.350189	19.35	2471	70	29.09	19.56
1788466984.450954	14.58	3210	65	42.43	32.78
1788466984.551461	19.45	2920	66	38.53	28.85
1788466984.651931	14.63	2747	69	34.02	24.47
1788466984.752503	19.39	3087	69	42.23	32.62
1788466984.852946	19.30	2927	69	39.55	29.90
1788466984.953365	14.62	2924	67	36.77	27.24
1788466985.054100	20.76	2819	69	37.45	27.85
1788466985.154679	14.51	2750	65	33.87	24.29
1788466985.255138	19.28	3256	67	45.37	35.76
1788466985.355656	19.30	3151	67	43.28	33.58
1788466985.456393	17.46	2911	68	37.89	28.39
1788466985.557964	9.63	2748	63	25.98	16.52
1788466985.658875	4.94	1931	64	15.91	6.49
1788466985.759635	14.28	2185	64	25.12	15.58
1788466985.860328	19.49	2917	70	37.55	28.01
1788466985.960703	14.81	2760	68	34.11	24.47
1788466986.061228	19.39	3000	68	39.99	30.38
1788466986.161673	20.11	3303	69	46.78	37.04
1788466986.262172	15.11	3467	68	46.35	36.70
1788466986.363018	18.79	2643	65	33.03	23.41
1788466986.464384	19.09	2800	67	33.60	24.02
1788466986.565261	14.49	3029	65	39.23	29.58
1788466986.665828	19.61	2619	68	35.13	25.50
1788466986.766225	19.47	3052	70	40.99	31.38
1788466986.867182	14.73	3322	66	44.52	34.91
1788466986.967806	19.68	2598	65	34.82	25.21
1788466987.068290	18.89	3377	70	45.36	35.73
1788466987.170010	16.53	2822	66	37.25	27.72
1788466987.270548	18.59	3267	71	46.54	36.74
1788466987.372281	18.25	2505	67	29.85	20.44
1788466987.472756	15.97	3275	70	44.93	35.16
1788466987.573517	19.23	2796	65	36.00	26.46
1788466987.674136	19.65	2832	67	37.36	27.71
1788466987.777455	15.28	2232	66	25.23	15.92
1788466987.878062	18.49	2901	67	38.59	28.74
1788466987.978624	19.20	3187	67	44.30	34.62
1788466988.079065	14.61	3244	69	42.50	32.86
1788466988.179981	18.88	2953	65	38.13	28.48
1788466988.281121	17.40	2691	65	35.10	25.51
1788466988.381874	18.37	3297	69	45.19	35.46
1788466988.485002	15.93	3163	67	41.38	31.90
1788466988.585508	18.15	2851	68	38.07	28.22
1788466988.686066	19.50	2583	67	31.18	21.64
1788466988.786540	14.59	2671	71	33.00	23.41
1788466988.887049	18.94	3419	70	47.00	37.42
1788466988.988357	16.96	3054	68	39.90	30.33
1788466989.088989	16.80	3013	65	40.02	30.38
1788466989.189444	19.23	2991	70	39.64	29.98
1788466989.290146	14.71	3236	66	42.02	32.48
1788466989.390803	19.64	3027	67	41.46	31.82
1788466989.492064	16.55	2808	66	37.05	27.47
1788466989.592517	18.99	3084	69	42.25	32.60
1788466989.693420	14.79	3128	68	40.84	31.17
1788466989.794023	19.03	3443	71	47.55	37.80
1788466989.894900	19.41	2593	65	32.92	23.32
1788466989.995406	14.56	2823	68	35.89	26.24
1788466990.095954	18.72	2790	69	35.57	25.98
1788466990.196899	14.80	2725	70	30.13	20.65
1788466990.297512	14.94	3260	71	43.83	34.02
1788466990.398032	19.06	3162	70	42.34	32.71
1788466990.498546	19.16	3021	68	39.93	30.21
1788466990.599990	15.87	3118	68	40.44	30.94
1788466990.700655	19.25	3367	68	47.89	38.07
1788466990.801348	19.13	3066	71	40.45	30.89
1788466990.902159	14.41	2767	67	34.58	24.98
1788466991.002577	19.27	3229	66	43.52	33.82
1788466991.103244	19.39	3161	66	43.27	33.70
1788466991.204330	16.41	2596	68	31.95	22.43
1788466991.304792	17.50	3388	70	46.65	36.91
1788466991.405399	19.03	3361	70	46.75	37.17
1788466991.505997	19.71	2490	69	31.42	21.82
1788466991.606371	14.56	3135	69	41.00	31.32
1788466991.706867	20.33	3365	69	47.20	37.53
1788466991.807494	20.04	3490	70	48.77	39.04
1788466991.908836	14.93	3056	66	39.64	30.09
1788466992.009444	19.50	2719	68	35.89	26.21
1788466992.110035	19.53	2945	71	37.75	28.09
1788466992.210650	14.44	2651	65	33.17	23.55
1788466992.311150	14.43	2758	68	33.65	24.10
1788466992.411654	14.64	2577	69	31.24	21.63
1788466992.514446	17.95	2834	68	35.89	26.48
1788466992.615199	16.38	3183	65	42.59	32.73
1788466992.715856	19.49	2907	70	38.96	29.30
1788466992.818437	17.68	3481	71	46.82	37.34
1788466992.919062	16.91	3296	66	44.77	34.93
1788466993.020448	16.26	2183	66	25.41	16.03
1788466993.120946	17.75	3124	70	43.72	33.94
1788466993.221679	18.93	3248	68	43.72	34.05
1788466993.322894	14.55	2611	65	31.71	22.26
1788466993.423262	19.07	2997	71	39.67	30.03
1788466993.524103	17.42	3151	68	41.11	31.46
1788466993.624676	16.27	3077	66	41.26	31.53
1788466993.725234	19.87	2791	70	35.53	25.93
1788466993.825692	14.59	3328	68	44.70	34.95
1788466993.926155	20.75	3168	67	43.15	33.48
1788466994.027058	14.60	3182	66	41.91	32.25
1788466994.127698	19.14	2945	66	38.65	28.93
1788466994.230267	15.56	2309	65	26.55	17.25
1788466994.330802	18.33	3296	69	46.66	36.71
1788466994.431172	19.28	3339	69	46.08	36.44
1788466994.531626	14.58	2936	70	37.92	28.21
1788466994.632013	15.76	2568	67	30.11	20.51
1788466994.732684	15.60	3026	69	39.24	29.59
1788466994.833248	17.98	2718	66	32.81	23.30
1788466994.933893	19.43	2940	68	37.17	27.52
1788466995.034477	19.60	3264	71	42.95	33.33
1788466995.135039	15.57	3158	65	41.37	31.69
1788466995.235587	19.14	3010	71	38.73	29.07
1788466995.336351	17.55	3017	70	40.55	30.99
1788466995.436766	16.46	3204	67	44.14	34.42
1788466995.537457	19.09	3115	66	42.28	32.67
1788466995.637817	19.36	3158	70	43.54	33.78
1788466995.741632	15.77	2841	66	36.50	27.25
1788466995.842101	18.17	3016	69	42.03	32.01
1788466995.942983	18.94	3111	69	41.03	31.39
1788466996.043462	19.27	3163	72	42.73	33.08
1788466996.144560	14.68	3437	69	46.51	36.78
1788466996.245674	20.92	3233	70	46.63	36.90
1788466996.348129	15.00	2862	68	36.70	27.15
1788466996.448814	18.83	2991	68	42.37	32.47
1788466996.549346	19.04	3077	68	42.39	32.75
1788466996.650558	17.32	2755	73	33.65	24.07
1788466996.751004	16.37	2850	68	35.04	25.37
1788466996.851475	19.13	3295	68	47.33	37.61
1788466996.951929	19.25	2697	70	32.39	22.87
1788466997.052681	14.46	2812	66	35.35	25.84
1788466997.153334	19.02	3234	68	45.21	35.49
1788466997.253804	19.12	3282	69	45.29	35.57
1788466997.354284	18.99	3401	71	46.27	36.64
1788466997.454785	15.71	3495	70	48.34	38.60
1788466997.555755	18.86	3003	66	39.46	29.84
1788466997.660349	16.74	2606	71	30.56	21.25
1788466997.760879	16.59	3068	71	40.26	30.20
1788466997.861467	18.99	3416	67	46.40	36.71
1788466997.961990	19.32	3118	69	43.74	33.99
1788466998.062841	16.22	3159	69	42.55	32.86
1788466998.163537	17.58	3339	68	45.68	36.01
1788466998.263941	19.65	2940	69	40.56	30.79
1788466998.364573	19.45	3009	68	40.16	30.47
1788466998.465128	14.47	3479	68	47.11	37.42
1788466998.565596	20.64	3266	71	45.61	35.94
1788466998.666052	14.60	3242	70	43.66	33.87
1788466998.766678	14.56	2755	66	34.32	24.72
1788466998.867143	14.43	2427	70	28.77	19.25
1788466998.967803	18.23	2886	65	37.71	28.07
1788466999.068207	19.18	3218	68	44.27	34.58
1788466999.169894	14.99	3265	70	42.76	33.16
1788466999.270400	18.85	3058	68	40.03	30.34
1788466999.371183	18.75	3445	68	46.29	36.59
1788466999.471648	18.85	2999	68	38.34	28.72
1788466999.572301	14.62	3262	70	43.33	33.57
1788466999.672838	20.80	3184	68	44.03	34.29
1788466999.773708	16.34	2453	68	28.03	18.54
1788466999.874275	17.01	3376	68	45.27	35.50
1788466999.974882	19.21	3062	65	39.49	29.80
1788467000.075423	18.98	3311	71	43.79	34.14
1788467000.176579	16.97	3510	71	48.01	38.30
1788467000.276995	16.31	3479	69	48.24	38.41
1788467000.377703	19.31	2377	65	29.55	19.97
1788467000.478241	18.93	3000	66	39.33	29.69
1788467000.579633	14.34	2805	67	35.09	25.47
1788467000.680048	19.25	3070	69	41.95	32.21
1788467000.780808	19.82	2968	71	40.37	30.70
1788467000.881164	14.95	2901	70	36.83	27.18
1788467000.981728	19.06	3307	67	44.03	34.34
1788467001.082086	19.05	3311	71	43.41	33.81
1788467001.186736	15.98	3513	71	46.13	36.78
1788467001.287230	17.27	3541	73	50.32	40.26
1788467001.387841	18.88	3385	73	47.80	38.05
1788467001.488297	19.07	3309	71	46.25	36.61
1788467001.589500	16.45	3474	70	47.81	38.12
1788467001.690028	17.26	3515	73	48.53	38.74
1788467001.790494	18.92	3450	68	47.23	37.49
1788467001.890976	19.85	3382	73	46.53	36.72
1788467001.991442	15.44	3454	68	47.06	37.35
1788467002.091876	19.41	3119	73	43.43	33.64
1788467002.194299	18.12	3017	70	39.87	30.41
1788467002.294706	15.46	3500	73	49.17	39.15
1788467002.396455	19.47	3529	72	48.51	38.86
1788467002.496858	20.16	3146	68	46.10	36.01
1788467002.597909	15.67	2685	71	32.87	23.45
1788467002.698327	17.51	3408	69	47.67	37.89
1788467002.798838	19.04	3152	70	43.25	33.48
1788467002.899325	19.03	3221	71	44.12	34.46
1788467003.000086	14.36	3239	68	43.00	33.71
1788467003.100866	20.42	3079	66	41.98	32.47
1788467003.203868	15.84	3157	70	41.67	32.21
1788467003.304300	16.59	3423	67	47.92	38.25
1788467003.404828	18.98	3084	70	41.04	31.46
1788467003.505317	19.11	3055	71	40.80	31.14
1788467003.607701	14.81	3254	66	43.52	34.21
1788467003.708072	18.50	2693	70	34.01	24.79
1788467003.808559	18.82	3360	69	45.27	36.10
1788467003.909895	18.14	2820	67	36.95	27.81
1788467004.010368	15.14	3526	72	46.86	38.00
1788467004.110858	18.67	3506	70	47.86	38.26
1788467004.211439	19.68	3270	71	43.26	33.96
1788467004.311848	15.05	3528	69	47.87	38.97
1788467004.412417	18.99	3253	69	44.21	34.88
1788467004.512908	19.35	3028	71	40.42	30.82
1788467004.613548	14.48	3532	69	47.39	38.31
1788467004.713897	19.01	3266	69	44.58	35.43
1788467004.814505	14.05	2499	65	29.71	21.01
1788467004.915024	14.31	2666	65	32.45	23.37
1788467005.015752	14.55	3244	70	41.88	32.57
1788467005.116100	18.88	3027	69	40.38	31.44
1788467005.216828	16.99	3398	71	45.50	36.85
1788467005.317216	15.98	3520	68	47.97	38.61
1788467005.417821	20.27	3368	70	47.43	37.91
1788467005.518270	14.37	3362	68	44.73	35.40
1788467005.618812	18.96	3217	70	42.91	33.69
1788467005.719483	65.79	3518	77	72.45	62.44
1788467005.820141	37.24	3537	68	61.49	51.43
1788467005.920570	19.30	3157	70	44.31	34.57
1788467006.021417	19.13	3416	69	48.11	38.29
1788467006.123359	18.10	2786	71	34.16	24.58
1788467006.223914	15.31	2991	69	39.23	29.36
1788467006.324627	19.14	3283	68	43.17	33.51
1788467006.425611	19.22	2841	66	37.06	27.40
1788467006.526505	17.88	2965	70	38.38	28.66
1788467006.627086	17.38	3486	71	48.43	38.64
1788467006.727505	19.42	2783	70	36.10	26.47
1788467006.828205	14.63	2984	68	38.90	29.21
1788467006.928799	19.51	2354	65	28.83	19.23
1788467007.029435	19.07	3115	69	40.49	30.90
1788467007.130513	16.93	2892	66	39.27	29.66
1788467007.231191	16.70	2213	65	26.03	16.45
1788467007.331597	19.60	2874	70	39.42	29.78
1788467007.432239	19.32	3070	68	40.05	30.48
1788467007.533296	13.85	3045	65	38.67	29.04
1788467007.633827	21.35	2844	71	39.39	29.64
1788467007.734178	14.79	3052	69	39.36	29.72
1788467007.835017	19.32	2820	67	35.94	26.40
1788467007.935529	19.01	3323	70	45.00	35.25
1788467008.036319	19.55	3136	68	44.83	35.07
1788467008.137223	14.41	2890	66	36.91	27.26
1788467008.237758	19.80	2748	69	38.45	28.73
1788467008.338428	19.22	3078	68	41.75	32.13
1788467008.439677	15.44	2368	65	28.52	18.97
1788467008.540079	18.41	2990	70	40.61	30.87
1788467008.640878	19.39	2633	66	32.77	23.16
1788467008.741764	18.00	3163	70	40.92	31.33
1788467008.842278	17.46	3342	70	45.07	35.32
1788467008.943051	19.47	3011	66	42.05	32.38
1788467009.044262	14.39	2954	66	37.01	27.52
1788467009.145085	19.37	2499	66	31.03	21.46
1788467009.245782	19.51	2989	67	38.44	28.77
1788467009.348306	15.82	2736	69	32.41	23.01
1788467009.448805	17.67	3162	68	43.12	33.28
1788467009.549608	18.90	3298	65	43.16	33.50
1788467009.651651	17.45	2691	68	31.67	22.19
1788467009.752008	16.60	2995	69	40.21	30.39
1788467009.852473	20.35	3519	69	48.96	39.28
1788467009.953069	14.35	2891	65	37.17	27.50
1788467010.053809	19.36	2522	65	30.45	20.83
1788467010.154398	19.44	2861	65	36.73	27.16
1788467010.258328	16.51	2264	65	25.32	16.03
1788467010.358791	16.97	2798	68	35.93	26.00
1788467010.459565	19.60	2469	65	30.31	20.80
1788467010.560086	19.39	2608	66	32.82	23.18
1788467010.660720	14.59	3216	68	42.13	32.46
1788467010.761342	19.22	3106	68	42.23	32.59
1788467010.862144	14.70	3214	67	42.39	32.74
1788467010.962694	14.55	2728	66	33.77	24.19
1788467011.063414	14.49	2254	65	26.13	16.70
1788467011.163934	20.80	3303	69	45.24	35.53
1788467011.264412	14.57	2888	68	36.35	26.82
1788467011.364981	18.99	3189	68	41.25	31.57
1788467011.465572	19.48	2612	67	30.71	21.24
1788467011.566136	14.56	3084	69	39.87	30.17
1788467011.666920	19.18	3360	66	45.91	36.32
1788467011.767369	19.50	3004	67	40.41	30.69
1788467011.870230	19.01	3321	68	45.77	36.23
1788467011.970905	14.59	2682	68	34.13	24.31
1788467012.072215	16.35	2871	65	34.40	24.91
1788467012.176291	17.55	2518	68	27.34	17.95
1788467012.276861	16.64	3265	68	44.59	34.67
1788467012.377645	19.47	2587	68	32.07	22.45
1788467012.478226	14.71	2914	70	37.27	27.59
1788467012.578609	19.32	2937	71	38.18	28.49
1788467012.679537	19.28	3209	65	43.61	34.02
1788467012.783411	18.54	2622	67	31.25	21.95
1788467012.883972	15.35	3039	67	40.91	30.99
1788467012.984511	19.40	3032	73	40.36	30.79
1788467013.085088	18.80	3210	68	41.89	32.21
1788467013.186507	15.66	3137	66	42.28	32.71
1788467013.287241	18.02	2439	65	30.90	21.29
1788467013.387747	20.26	2822	68	35.52	26.00
1788467013.488260	15.01	3224	69	43.00	33.31
1788467013.588847	19.20	3386	68	46.68	37.00
1788467013.689296	18.85	3439	68	47.62	37.80
1788467013.790298	15.60	2998	66	38.87	29.23
1788467013.891893	18.00	2166	66	24.83	15.32
1788467013.992429	19.66	2252	66	27.18	17.59
1788467014.094614	17.92	2998	67	39.11	29.57
1788467014.195244	15.88	3166	66	42.30	32.50
1788467014.295988	19.23	3228	70	44.67	34.94
1788467014.396555	14.40	3345	67	44.77	35.15
1788467014.497211	20.53	3280	69	46.14	36.38
1788467014.597824	14.51	2519	65	30.78	21.15
1788467014.698649	19.68	2729	69	35.69	26.15
1788467014.803328	16.81	3108	68	39.68	30.38
1788467014.903965	16.49	2428	66	29.39	19.44
1788467015.004354	19.59	2692	68	32.90	23.30
1788467015.105226	14.55	2441	66	29.47	19.94
1788467015.205815	19.44	2716	65	35.58	26.07
1788467015.310433	17.87	2825	65	36.61	26.98
1788467015.410882	15.58	2150	68	25.13	15.56
1788467015.511337	20.15	3406	70	47.82	38.18
1788467015.611789	14.89	2787	66	35.36	25.68
1788467015.712556	19.54	3117	65	39.88	30.28
1788467015.813839	19.61	2742	69	35.27	25.70
1788467015.914285	14.64	3390	70	45.59	35.85
1788467016.014758	19.52	3316	70	46.09	36.38
1788467016.115290	19.52	3257	70	45.30	35.53
1788467016.216504	16.25	3294	68	43.74	34.20
1788467016.317062	17.79	2866	69	37.17	27.39
1788467016.417650	19.69	2841	67	37.95	28.32
1788467016.518260	19.32	3407	69	47.07	37.31
1788467016.618677	14.54	3415	68	45.87	36.16
1788467016.719215	19.94	3312	66	45.54	35.78
1788467016.820264	15.88	2336	66	27.72	18.23
1788467016.921230	18.22	2898	66	37.96	28.25
1788467017.021795	19.34	2911	66	35.95	26.41
1788467017.122523	19.33	2864	68	36.63	27.00
1788467017.223113	14.40	3067	65	39.66	29.98
1788467017.323872	19.44	2637	66	32.62	23.13
1788467017.424355	19.44	2742	70	34.03	24.40
1788467017.526958	14.90	3004	67	37.89	28.43
1788467017.627578	19.39	3226	69	45.14	35.29
1788467017.728374	14.60	2407	65	29.05	19.46
1788467017.828991	14.36	2406	65	28.40	18.83
1788467017.929688	14.40	3036	65	38.65	29.08
1788467018.030392	20.76	3037	70	40.00	30.33
1788467018.131109	14.50	2922	65	37.75	28.04
1788467018.231711	19.72	2653	67	33.33	23.77
1788467018.332609	19.60	2481	65	30.06	20.47
1788467018.433252	14.56	2394	65	28.05	18.48
1788467018.533824	19.55	2614	67	31.64	22.00
1788467018.634332	19.64	2995	66	39.48	29.89
1788467018.736587	15.78	2960	66	38.64	29.22
1788467018.837232	18.48	2871	65	38.16	28.32
1788467018.937800	19.49	2838	68	35.62	26.06
1788467019.038318	14.74	3024	67	38.67	29.07
1788467019.138886	20.65	3309	69	46.64	36.94
1788467019.239244	14.65	3369	71	45.25	35.60
1788467019.339697	19.35	3057	68	40.97	31.36
1788467019.440343	15.58	2922	68	37.28	27.65
1788467019.541267	17.77	3274	71	45.14	35.42
1788467019.641643	19.29	3083	68	42.86	33.20
1788467019.742465	14.72	2994	65	39.05	29.37
1788467019.842837	19.54	2732	69	36.86	27.22
1788467019.944224	16.00	3374	68	45.77	36.10
1788467020.044959	17.73	2797	66	35.01	25.29
1788467020.145456	19.13	3040	68	39.39	29.79
1788467020.245824	14.60	3212	70	42.83	33.08
1788467020.346682	20.39	3212	67	45.06	35.40
1788467020.447176	14.46	2596	68	32.04	22.39
1788467020.547790	18.89	3480	70	47.74	38.06
1788467020.648290	18.93	2883	68	38.23	28.50
1788467020.748894	15.03	3334	70	45.19	35.49
1788467020.849300	19.25	3263	67	44.69	35.04
1788467020.951166	16.93	2613	67	34.55	24.91
1788467021.051619	19.23	2923	67	37.82	28.00
1788467021.152421	18.84	2983	65	38.68	29.04
1788467021.252858	18.26	3001	70	38.06	28.42
1788467021.353347	14.39	3398	70	45.07	35.58
1788467021.453712	20.11	3558	70	49.33	39.64
1788467021.554845	15.69	3244	68	44.58	34.99
1788467021.655877	17.78	2970	69	38.63	29.40
1788467021.756512	19.01	2622	68	31.91	22.34
1788467021.856863	19.16	2821	69	33.91	25.06
1788467021.957486	14.45	2704	66	33.30	23.76
1788467022.058044	19.13	2757	65	34.76	25.27
1788467022.158579	24.21	3169	71	47.76	37.82
1788467022.263145	20.97	3573	71	51.49	41.92
1788467022.363694	18.34	3500	71	51.39	41.00
1788467022.464109	19.14	3371	71	47.88	38.22
1788467022.565208	19.78	3085	68	43.08	33.41
1788467022.665588	15.76	3349	71	45.05	35.29
1788467022.766056	19.05	3320	67	45.77	36.02
1788467022.866979	18.27	3369	70	46.31	36.64
1788467022.967584	15.41	2993	70	38.52	28.86
1788467023.068158	19.14	2903	70	38.88	29.22
1788467023.168722	19.41	3040	71	40.89	31.30
1788467023.272842	15.53	3164	70	41.21	31.87
1788467023.373543	18.59	3050	67	41.79	31.81
1788467023.473977	19.42	2961	69	40.50	30.78
1788467023.574578	19.39	2935	69	38.14	28.55
1788467023.675186	14.74	2774	65	35.03	25.34
1788467023.775755	20.64	3259	69	45.61	35.96
1788467023.876832	15.57	2994	69	38.62	28.94
1788467023.977719	18.60	2868	65	38.59	28.91
1788467024.078098	19.19	3175	68	43.25	33.45
1788467024.178913	19.08	2922	68	38.45	28.80
1788467024.279392	14.19	2789	67	35.74	26.09
1788467024.380526	14.70	2762	65	34.60	25.00
1788467024.481017	14.47	3260	67	43.00	33.28
1788467024.581577	19.41	2844	68	38.64	29.01
1788467024.682158	14.50	3091	65	40.85	31.15
1788467024.782815	18.87	2807	66	34.01	24.45
1788467024.884285	14.92	2194	65	25.35	15.86
1788467024.984892	20.66	2547	68	32.60	22.94
1788467025.085259	14.43	3034	68	38.87	29.24
1788467025.185948	19.04	2705	66	36.61	26.99
1788467025.288373	17.76	3083	68	41.75	32.14
1788467025.389236	16.03	2707	65	33.80	24.23
1788467025.489726	19.51	2359	67	29.70	20.19
1788467025.590406	14.65	3050	67	39.75	30.07
1788467025.691742	16.80	3085	65	39.39	29.83
1788467025.792469	18.05	2375	65	26.82	17.19
1788467025.895738	15.34	2177	65	24.89	15.56
1788467025.996312	18.65	2618	69	34.41	24.56
1788467026.096737	20.40	3307	70	45.83	36.16
1788467026.197613	14.26	2631	65	32.43	22.81
1788467026.298000	19.33	3069	71	41.20	31.44
1788467026.398427	18.91	3334	72	45.87	36.22
1788467026.500583	17.29	3466	71	47.32	37.69
1788467026.601065	16.00	3077	70	40.29	30.48
1788467026.701427	18.88	3398	70	46.40	36.72
1788467026.801891	18.90	2950	68	37.70	28.06
1788467026.903704	16.51	2668	66	31.55	22.12
1788467027.004229	17.15	3320	71	47.15	37.35
1788467027.104610	19.03	3280	71	44.71	35.10
1788467027.205358	19.42	2842	66	36.74	27.12
1788467027.306022	15.76	3020	65	38.37	28.84
1788467027.406556	19.19	3038	73	40.18	30.54
1788467027.509023	15.85	2850	66	37.75	28.27
1788467027.609624	17.77	2656	67	34.53	24.80
1788467027.710198	19.10	3196	68	43.16	33.47
1788467027.810895	19.11	2419	69	27.73	18.25
1788467027.911560	14.43	2517	68	30.33	20.74
1788467028.012284	19.02	3015	65	38.34	28.71
1788467028.112879	18.99	3298	69	43.90	34.27
1788467028.213345	19.13	3142	69	42.56	32.88
1788467028.313735	14.34	3489	71	46.97	37.30
1788467028.414187	20.78	2971	68	39.83	30.12
1788467028.515227	14.36	2292	66	26.89	17.44
1788467028.616269	19.40	2122	65	25.12	15.60
1788467028.716748	14.60	3082	69	39.82	30.18
1788467028.817200	19.32	3113	71	43.11	33.43
1788467028.917610	19.20	3212	69	44.37	34.74
1788467029.018410	14.55	2826	65	35.47	25.93
1788467029.119014	19.25	2939	68	38.88	29.36
1788467029.220329	17.27	3276	70	44.05	34.45
1788467029.320761	16.75	3406	69	47.44	37.72
1788467029.421358	19.44	2739	66	36.78	27.17
1788467029.522011	14.46	2336	65	26.87	17.45
1788467029.622771	20.27	3094	68	41.60	31.90
1788467029.723185	14.63	3239	71	42.74	33.05
1788467029.823661	19.07	3284	67	44.88	35.23
1788467029.924751	17.54	3020	69	39.25	29.62
1788467030.025646	16.25	3117	68	41.32	31.61
1788467030.126215	19.27	2774	68	35.47	25.83
1788467030.226776	14.63	3001	69	38.32	28.76
1788467030.327767	15.02	2834	65	32.65	23.07
1788467030.428428	19.47	2406	66	28.70	19.08
1788467030.529126	18.77	3122	69	42.21	32.56
1788467030.629716	14.99	3067	71	39.09	29.50
1788467030.730230	20.76	3397	68	48.74	38.99
1788467030.831119	14.63	2735	65	33.67	24.19
1788467030.931655	19.48	2209	65	25.91	16.32
1788467031.032383	14.69	2793	70	34.93	25.36
1788467031.132995	14.55	3255	68	42.41	32.86
1788467031.233520	14.61	3095	70	40.34	30.68
1788467031.334037	18.84	3392	66	46.94	37.25
1788467031.434511	19.19	2739	71	33.29	23.76
1788467031.534946	14.78	3511	70	47.15	37.49
1788467031.635404	18.97	3403	70	47.43	37.64
1788467031.735892	19.24	3256	68	43.83	34.10
1788467031.836864	19.40	3168	68	40.78	31.17
1788467031.937265	15.95	3346	69	44.75	34.99
1788467032.037736	19.04	3146	71	41.24	31.56
1788467032.139055	16.92	3290	69	44.40	34.78
1788467032.239675	16.91	3400	70	47.06	37.27
1788467032.340097	19.43	3073	70	42.36	32.62
1788467032.440631	19.31	3237	68	45.27	35.64
1788467032.546589	16.29	2819	68	34.95	25.76
1788467032.647291	17.71	2694	66	35.07	24.96
1788467032.747861	19.45	2754	70	36.50	26.91
1788467032.852452	19.36	2540	65	30.94	21.70
1788467032.953015	14.42	3470	68	47.88	37.86
1788467033.053462	20.90	3039	66	42.00	32.28
1788467033.154137	14.36	2753	67	34.32	24.72
1788467033.254630	19.93	2773	67	37.96	28.31
1788467033.355009	18.97	3432	69	47.96	38.21
1788467033.455768	15.58	3283	70	43.28	33.64
1788467033.556160	18.45	2995	69	38.52	28.90
1788467033.656704	19.69	2571	66	34.05	24.39
1788467033.758193	18.68	3257	67	43.83	34.05
1788467033.858745	15.12	3375	68	45.09	35.45
1788467033.959366	19.27	3289	69	45.76	36.02
1788467034.060284	19.07	3062	66	41.45	31.75
1788467034.163273	16.54	2306	65	26.86	17.58
1788467034.263997	18.80	3130	68	42.77	32.87
1788467034.364465	19.47	2757	69	36.19	26.54
1788467034.465031	14.66	3252	65	43.27	33.56
1788467034.565404	19.26	3144	71	43.82	34.11
1788467034.665873	19.14	2893	68	37.79	28.21
1788467034.766647	15.97	2843	66	38.50	28.84
1788467034.867231	17.38	3038	70	40.99	31.27
1788467034.967635	19.37	3182	68	43.24	33.61
1788467035.068138	19.16	3289	68	46.65	36.96
1788467035.172825	15.64	3092	68	39.96	30.73
1788467035.273396	18.57	3113	68	44.54	34.48
1788467035.373819	20.71	3139	69	42.65	33.02
1788467035.474778	14.07	2450	65	29.79	20.21
1788467035.575415	19.70	2411	68	29.16	19.55
1788467035.677260	19.11	2594	66	32.83	23.32
1788467035.777755	15.23	3294	68	43.96	34.22
1788467035.878336	19.43	3080	69	42.89	33.18
1788467035.978727	19.13	3349	70	45.50	35.77
1788467036.080318	17.05	3333	70	45.87	36.25
1788467036.180722	17.06	2720	67	33.71	24.05
1788467036.281608	19.61	2828	68	37.87	28.17
1788467036.382449	19.19	2381	69	28.55	18.97
1788467036.482996	15.91	3401	70	45.82	36.18
1788467036.583710	19.48	2984	69	40.29	30.61
1788467036.684357	14.67	2681	66	33.59	23.96
1788467036.784941	18.54	2679	65	33.15	23.64
1788467036.885683	19.54	2748	65	33.77	24.15
1788467036.987345	18.72	2987	69	37.50	28.05
1788467037.087921	15.64	3434	69	47.20	37.34
1788467037.188334	19.10	2976	69	39.09	29.41
1788467037.288939	19.22	3085	69	43.03	33.44
1788467037.389685	17.20	3248	68	43.87	34.21
1788467037.490384	16.95	2759	68	35.09	25.47
1788467037.590984	14.52	3083	69	39.37	29.76
1788467037.691463	14.79	3120	69	40.83	31.10
1788467037.791835	20.26	3133	69	43.01	33.37
1788467037.892449	15.12	3191	67	42.19	32.47
1788467037.992894	19.37	3125	67	41.77	32.16
1788467038.093384	19.13	3375	71	47.29	37.48
1788467038.193995	14.93	3209	68	41.97	32.35
1788467038.294821	18.81	3214	70	44.98	35.24
1788467038.395235	19.47	3089	71	43.72	34.01
1788467038.495766	19.54	2925	68	37.60	27.94
1788467038.596262	14.75	2874	65	37.07	27.37
1788467038.696905	19.52	3099	69	43.15	33.49
1788467038.797269	19.25	3028	70	42.04	32.33
1788467038.898542	17.42	3260	69	45.08	35.41
1788467038.999065	17.63	3312	66	45.16	35.43
1788467039.101909	18.84	2966	68	39.90	30.51
1788467039.203077	15.17	2641	66	33.40	23.60
1788467039.303679	19.31	2826	67	39.88	30.20
1788467039.404256	19.50	2868	69	38.00	28.44
1788467039.505830	16.26	2729	65	36.41	26.73
1788467039.606364	18.26	3015	68	42.69	32.97
1788467039.707044	19.49	2815	65	35.87	26.22
1788467039.809599	19.26	2826	65	34.18	24.73
1788467039.910710	15.10	3162	65	42.48	32.61
1788467040.011270	20.63	3176	70	43.17	33.44
1788467040.111732	14.76	3427	71	46.27	36.59
1788467040.212459	19.58	3233	66	43.55	33.81
1788467040.313063	19.69	2649	67	33.26	23.62
1788467040.414702	16.11	2938	68	37.41	27.91
1788467040.515154	17.93	3119	71	41.79	31.97
1788467040.615916	19.44	2997	65	38.86	29.23
1788467040.716485	18.76	3336	69	44.09	34.36
1788467040.816845	14.43	2692	66	33.78	24.23
1788467040.917601	19.24	2539	68	32.22	22.60
1788467041.017990	19.27	3117	71	43.54	33.84
1788467041.119250	17.27	3312	68	45.11	35.55
1788467041.220073	17.57	3200	65	44.19	34.47
1788467041.320720	19.19	2593	70	30.91	21.32
1788467041.421315	14.79	3061	69	39.62	30.00
1788467041.521999	18.90	2945	65	37.43	27.85
1788467041.622509	19.59	3089	67	40.27	30.54
1788467041.722990	19.08	3066	68	38.99	29.41
1788467041.823541	14.33	3399	73	45.66	35.94
1788467041.923995	19.47	3296	70	46.56	36.79
1788467042.024470	19.21	3293	69	45.15	35.47
1788467042.125098	19.30	3265	70	45.45	35.71
1788467042.225456	14.50	2979	69	37.73	28.15
1788467042.326010	20.65	3257	69	45.52	35.76
1788467042.428192	17.05	3284	68	45.16	35.59
1788467042.528718	16.80	3292	68	45.54	35.69
1788467042.629260	19.63	2871	69	39.75	30.06
1788467042.730847	18.47	2496	66	31.41	21.83
1788467042.831445	15.49	2993	65	38.54	28.86
1788467042.932088	18.87	3132	71	41.26	31.54
1788467043.032852	19.12	3108	71	42.14	32.53
1788467043.133781	14.97	3461	69	47.18	37.50
1788467043.234270	18.35	3184	69	43.77	34.03
1788467043.334832	19.17	3238	70	45.23	35.60
1788467043.435701	19.25	3071	69	40.53	30.87
1788467043.536225	15.15	3129	71	41.49	31.74
1788467043.636578	19.08	3333	68	45.07	35.36
1788467043.737010	14.47	3421	68	46.03	36.30
1788467043.837389	14.54	3260	71	43.60	33.86
1788467043.938151	14.42	3208	68	41.78	32.11
1788467044.039298	19.16	2574	66	31.98	22.37
1788467044.139875	19.33	2582	69	33.00	23.33
1788467044.241196	17.68	3349	70	45.99	36.29
1788467044.341693	15.78	3392	68	46.37	36.61
1788467044.442054	19.32	3085	69	41.44	31.77
1788467044.542750	19.72	3188	68	44.51	34.75
1788467044.643453	15.41	2898	68	36.83	27.24
1788467044.743942	19.26	3120	69	42.92	33.19
1788467044.845975	17.57	2371	65	29.57	20.09
1788467044.946512	16.39	2358	67	28.76	19.05
1788467045.047140	19.33	3018	70	39.52	29.97
1788467045.147648	18.95	3427	68	47.84	38.09
1788467045.248095	14.40	3254	67	42.83	33.23
1788467045.348644	19.73	2456	66	31.21	21.56
1788467045.449432	19.45	3117	66	42.93	33.26
1788467045.551412	17.77	2754	69	32.27	22.82
1788467045.651880	16.00	3083	65	40.79	30.96
1788467045.752678	20.17	2966	68	39.97	30.24
1788467045.853281	15.12	2968	68	37.52	27.93
1788467045.953862	19.27	3156	67	43.05	33.32
1788467046.054569	14.56	2250	65	26.57	16.95
1788467046.155106	19.33	2943	67	39.93	30.25
1788467046.256487	17.88	3024	67	41.03	31.50
1788467046.357023	16.07	3124	69	41.49	31.79
1788467046.457394	19.10	3344	69	46.43	36.63
1788467046.558307	14.49	2575	68	31.30	21.77
1788467046.658660	19.13	3294	72	45.81	36.05
1788467046.759231	19.02	3289	68	46.08	36.45
1788467046.860003	14.52	3073	67	40.09	30.40
1788467046.960713	20.38	2980	71	40.01	30.33
1788467047.061282	14.62	3474	68	47.26	37.50
1788467047.161837	19.17	2623	68	33.79	24.21
1788467047.262292	14.67	2933	67	37.62	27.97
1788467047.362742	19.50	2974	71	40.83	31.24
1788467047.463105	18.93	3462	71	47.98	38.34
1788467047.563657	14.56	3237	71	43.19	33.41
1788467047.664128	19.38	3256	68	45.33	35.67
1788467047.765645	15.56	2770	65	34.63	25.02
1788467047.866691	18.55	2527	65	31.67	21.99
1788467047.967341	18.46	2998	68	39.83	30.14
1788467048.068555	19.40	3118	68	43.45	33.71
1788467048.169044	16.15	3493	71	47.58	37.90
1788467048.269680	19.43	2891	68	40.64	30.89
1788467048.370167	14.37	2719	71	33.93	24.28
1788467048.470540	18.20	2980	70	36.60	26.98
1788467048.570994	18.83	3525	71	47.91	38.17
1788467048.671939	18.49	3500	73	48.29	38.54
1788467048.772493	14.85	3459	73	46.94	37.17
1788467048.873072	18.66	3219	69	40.75	31.13
1788467048.973538	18.89	2894	71	36.68	26.94
1788467049.074217	16.25	3495	70	47.15	37.52
1788467049.174654	17.37	3444	73	48.09	38.33
1788467049.275048	20.41	3547	71	50.02	40.23
1788467049.375624	14.39	3345	73	44.72	35.03
1788467049.476092	18.52	3422	70	46.47	36.72
1788467049.576693	19.49	2802	66	36.29	26.61
1788467049.677550	18.07	3069	70	41.59	31.98
1788467049.778187	15.85	2498	65	30.44	20.78
1788467049.878797	19.54	2671	71	34.76	25.10
1788467049.979457	14.64	2697	68	33.51	23.87
1788467050.079810	14.46	3029	71	38.93	29.33
1788467050.180683	19.17	2813	68	37.80	28.15
1788467050.281231	14.57	2805	70	35.41	25.75
1788467050.381796	20.27	3355	71	46.51	36.83
1788467050.482249	14.71	3156	68	41.67	31.92
1788467050.582698	19.31	3134	70	41.82	32.16
1788467050.684751	16.02	3230	69	43.58	34.00
1788467050.785269	18.05	3091	69	41.66	31.85
1788467050.885918	19.50	3199	68	42.12	32.51
1788467050.986703	16.85	2481	65	30.85	21.24
1788467051.087107	17.57	2736	68	36.46	26.92
1788467051.188088	19.21	3079	66	41.08	31.44
1788467051.288642	18.54	2260	68	26.07	16.53
1788467051.389125	15.28	3101	71	40.83	31.17
1788467051.489626	20.63	3476	68	48.83	39.17
1788467051.591629	15.97	2569	66	30.66	21.16
1788467051.692103	18.74	2878	66	37.45	27.74
1788467051.792870	19.14	2934	66	37.37	27.72
1788467051.893255	19.27	3291	68	46.61	36.88
1788467051.994079	14.38	3050	68	39.49	29.86
1788467052.094441	19.62	2699	71	36.76	27.07
1788467052.194880	19.19	3184	71	43.51	33.88
1788467052.298332	14.84	3210	68	40.74	31.31
1788467052.398881	17.86	3430	73	48.40	38.42
1788467052.499487	19.29	3143	68	43.08	33.35
1788467052.600221	19.26	2519	69	29.20	19.69
1788467052.700591	15.95	3540	70	49.23	39.41
1788467052.801077	19.37	3217	70	43.81	34.17
1788467052.902617	14.39	2804	66	36.11	26.54
1788467053.003196	18.95	2912	69	40.52	30.75
1788467053.103799	19.29	2936	66	38.63	29.04
1788467053.204564	18.70	2683	67	31.64	22.13
1788467053.305363	14.71	2564	65	31.47	21.93
1788467053.406155	19.47	2581	69	32.73	23.15
1788467053.506762	19.25	2660	67	33.06	23.43
1788467053.607401	14.67	2821	68	35.72	26.06
1788467053.707807	19.56	2763	69	35.18	25.59
1788467053.808614	20.54	2952	70	39.33	29.64
1788467053.909231	14.91	2687	65	32.92	23.36
1788467054.009721	19.30	3067	69	42.39	32.69
1788467054.110099	19.34	2825	67	37.50	27.89
1788467054.210871	14.63	2798	69	35.51	25.84
1788467054.311338	19.04	3307	67	44.66	35.01
1788467054.412059	19.34	3005	67	40.01	30.33
1788467054.512449	19.39	3092	68	41.76	32.04
1788467054.613270	14.45	2793	65	34.62	25.10
1788467054.713711	19.89	2371	69	29.50	19.87
1788467054.814256	19.12	3142	68	43.11	33.51
1788467054.915856	14.90	2089	65	24.14	14.66
1788467055.016474	20.21	3040	66	42.11	32.31
1788467055.118433	16.51	2494	66	30.27	20.91
1788467055.218927	17.71	3180	68	43.55	33.78
1788467055.319492	19.49	2905	69	38.28	28.65
1788467055.420141	19.13	3057	68	39.35	29.80
1788467055.520584	14.69	3418	69	46.04	36.31
1788467055.621526	19.37	3013	68	40.82	31.15
1788467055.721892	19.68	2553	70	33.72	24.13
1788467055.826486	15.80	2588	66	31.38	22.12
1788467055.926930	18.07	3121	70	43.31	33.30
1788467056.027425	14.53	3490	68	47.94	38.15
1788467056.128083	14.64	2942	67	37.91	28.36
1788467056.228721	20.13	2679	68	34.51	24.86
1788467056.329157	15.47	3299	68	44.05	34.39
1788467056.429675	19.69	3201	71	43.20	33.45
1788467056.530489	18.76	3264	70	44.08	34.46
1788467056.630949	14.87	3495	69	47.87	38.13
1788467056.732206	20.15	2870	66	38.79	29.17
1788467056.832771	19.53	3281	71	46.26	36.45
1788467056.938129	16.55	2578	65	33.23	23.98
1788467057.038846	17.10	2921	68	41.27	31.20
1788467057.139369	19.84	3109	67	42.16	32.44
1788467057.240097	19.88	2398	66	29.18	19.67
1788467057.340747	14.67	2917	67	37.20	27.56
1788467057.441566	20.83	3110	69	43.83	34.13
1788467057.542625	15.16	2604	68	31.05	21.55
1788467057.643222	18.98	3176	66	41.84	32.12
1788467057.743970	19.41	2810	66	35.21	25.55
1788467057.845581	19.21	2782	66	34.17	24.63
1788467057.946093	14.64	3381	70	45.62	35.88
1788467058.046973	18.65	3352	67	45.66	35.92
1788467058.147387	19.50	2896	68	39.01	29.28
1788467058.249280	16.75	3224	70	42.85	33.31
1788467058.349885	17.01	3243	68	44.02	34.21
1788467058.450385	19.46	2966	71	39.61	29.93
1788467058.551310	19.92	2717	66	36.91	27.33
1788467058.651954	15.85	3243	69	43.56	33.86
1788467058.752546	19.41	2282	68	27.39	17.81
1788467058.855195	14.73	2585	67	30.82	21.47
1788467058.955572	19.00	3051	68	42.06	32.18
1788467059.056224	19.60	3023	69	38.55	28.99
1788467059.157547	16.38	2773	66	34.15	24.63
1788467059.258005	17.53	3280	68	45.31	35.60
1788467059.358469	19.34	3052	67	40.58	30.90
1788467059.459220	14.41	3012	65	38.58	29.03
1788467059.559737	19.22	2627	65	34.03	24.37
1788467059.662518	18.27	3058	70	38.87	29.48
1788467059.763115	17.02	3036	65	40.60	30.72
1788467059.864634	16.56	3018	69	38.28	28.64
1788467059.965008	16.99	3107	69	40.28	30.56
1788467060.065685	19.58	2257	66	26.85	17.23
1788467060.166203	14.76	3135	66	40.91	31.29
1788467060.266692	19.25	2958	68	39.06	29.37
1788467060.368285	15.73	3391	70	45.48	35.82
1788467060.468901	17.87	2685	71	33.37	23.70
1788467060.569392	19.35	3144	67	40.94	31.23
1788467060.669902	14.53	3305	70	43.70	34.05
1788467060.770397	20.63	3318	69	46.43	36.69
1788467060.870875	14.33	3446	71	46.19	36.52
1788467060.971565	18.89	3540	73	48.41	38.74
1788467061.072234	18.14	3324	71	46.98	37.25
1788467061.172600	15.51	3410	70	46.64	36.86
1788467061.273089	19.42	3172	73	44.04	34.42
1788467061.373622	14.83	2670	70	29.29	19.68
1788467061.474267	14.83	2621	68	32.96	23.39
1788467061.574822	19.43	2574	66	32.05	22.40
1788467061.675366	20.02	2507	69	32.26	22.61
1788467061.775774	14.58	3010	70	38.69	29.04
1788467061.876865	20.98	3185	68	43.53	33.86
1788467061.978848	17.45	2871	68	36.56	27.01
1788467062.079421	16.39	3403	71	47.34	37.49
1788467062.179824	19.44	3084	71	41.14	31.51
1788467062.280384	19.59	2468	68	30.53	20.88
1788467062.380761	14.62	3132	68	40.83	31.16
1788467062.481330	18.96	3288	68	44.76	35.14
1788467062.581782	14.51	3143	70	41.33	31.57
1788467062.682277	19.08	3104	68	43.29	33.62
1788467062.782622	14.56	3262	70	43.48	33.77
1788467062.883984	16.66	2647	65	34.52	25.03
1788467062.984886	19.08	2687	66	35.90	26.15
1788467063.085790	17.64	2791	70	35.34	25.79
1788467063.186189	16.43	3355	66	45.92	36.23
1788467063.286763	19.27	3125	67	42.96	33.24
1788467063.387286	19.10	2768	68	35.71	26.14
1788467063.488049	14.06	2262	66	26.64	17.11
1788467063.588544	19.34	2959	68	39.79	30.06
1788467063.689026	19.28	2913	68	37.57	27.98
1788467063.790620	18.90	2849	70	34.85	25.27
1788467063.891174	14.62	3261	69	43.36	33.61
1788467063.991667	20.43	2847	67	38.18	28.46
1788467064.092264	14.94	2856	65	35.89	26.30
1788467064.192844	19.34	2773	66	34.62	24.95
1788467064.293683	14.48	3022	66	38.88	29.31
1788467064.394167	19.38	2509	69	30.98	21.37
1788467064.498769	19.20	2632	66	33.06	23.79
1788467064.599511	14.56	2848	65	37.56	27.61
1788467064.700023	19.39	2636	67	33.23	23.59
1788467064.800602	14.56	2991	67	38.19	28.65
1788467064.901470	19.42	2935	66	39.45	29.82
1788467065.002174	19.34	3116	68	41.76	32.10
1788467065.102844	14.53	2859	65	36.76	27.14
1788467065.203504	20.72	2805	70	36.60	27.06
1788467065.304046	14.61	3187	67	41.88	32.20
1788467065.404681	19.26	2795	66	36.45	26.83
1788467065.505144	14.62	2860	71	36.11	26.53
1788467065.605564	19.37	3095	66	43.03	33.31
1788467065.706006	19.70	2923	67	37.09	27.50
1788467065.806482	14.48	2606	66	32.62	22.97
1788467065.907018	19.49	2900	71	38.11	28.50
1788467066.007562	15.23	2756	71	30.27	20.64
1788467066.108110	14.57	3357	68	44.68	35.00
1788467066.209477	19.27	3106	68	41.67	32.02
1788467066.310085	20.12	2752	70	34.67	25.02
1788467066.410660	14.49	3081	65	40.31	30.57
1788467066.511136	19.57	2374	68	28.91	19.37
1788467066.611570	18.18	2900	68	38.55	28.84
1788467066.712283	15.95	3008	68	38.98	29.41
1788467066.812932	19.16	2619	65	31.18	21.60
1788467066.913782	22.51	2664	68	35.60	25.71
1788467067.014655	14.49	2572	65	30.86	21.35
1788467067.115155	19.00	3091	70	43.17	33.45
1788467067.215598	19.08	3294	67	45.03	35.33
1788467067.316194	18.96	3310	68	43.72	34.49
1788467067.416604	14.28	2947	68	37.55	28.11
1788467067.517178	20.11	2879	66	39.49	29.96
1788467067.617752	14.68	3246	70	41.65	32.61
1788467067.718274	18.70	3215	69	44.42	34.83
1788467067.818798	19.04	3275	70	45.20	35.58
1788467067.919262	19.22	3146	71	43.99	34.47
1788467068.019649	14.38	3020	71	38.11	29.37
1788467068.120150	18.94	3094	68	40.71	31.61
1788467068.220704	18.82	3356	70	46.49	37.31
1788467068.321240	18.98	2752	67	30.67	22.22
1788467068.421743	14.54	2884	70	36.10	27.30
1788467068.522382	19.21	3191	70	41.72	32.58
1788467068.622850	19.39	3136	68	42.25	33.17
1788467068.723313	15.20	3282	68	42.53	33.48
1788467068.823872	14.32	3027	67	38.03	29.30
1788467068.924460	14.39	2362	68	27.53	18.14
1788467069.024889	19.24	2797	68	35.16	26.03
1788467069.125612	14.41	3076	68	39.09	30.50
1788467069.226124	19.21	2794	69	35.47	25.96
1788467069.327773	15.00	2363	66	27.49	18.20
1788467069.428375	18.76	2841	66	35.05	25.56
1788467069.528844	19.01	3219	70	44.35	34.91
1788467069.629538	14.52	3228	68	41.89	32.61
1788467069.730347	20.45	3106	70	41.10	31.72
1788467069.830856	14.30	2897	65	36.14	27.83
1788467069.931471	20.17	2153	69	25.43	16.15
1788467070.033004	14.68	2828	67	33.95	25.17
1788467070.133437	18.69	3114	69	42.59	33.13
1788467070.233841	18.86	3204	68	42.96	33.73
1788467070.334420	19.08	2612	68	30.76	21.91
1788467070.435292	13.61	3381	71	43.58	34.80
1788467070.536105	18.60	2881	68	35.45	26.22
1788467070.636562	19.45	2402	65	28.80	19.68
1788467070.739064	15.44	3173	67	40.56	31.36
1788467070.839733	18.77	3075	65	41.14	31.46
1788467070.940198	18.99	2712	66	32.22	22.64
1788467071.040743	14.18	3215	67	41.51	32.73
1788467071.141440	19.19	3148	71	42.87	33.84
1788467071.241859	18.61	3408	69	45.17	36.04
1788467071.343442	17.25	3436	71	46.30	37.04
1788467071.443810	15.76	3506	69	47.43	38.25
1788467071.544303	19.01	3192	66	44.33	35.02
1788467071.644837	19.20	3222	69	41.80	32.63
1788467071.745643	14.32	2926	65	36.16	27.72
1788467071.846065	18.92	3105	68	42.45	33.00
1788467071.946909	19.98	3349	66	46.00	36.27
1788467072.047562	14.41	2792	69	33.96	25.31
1788467072.148115	18.75	3287	68	44.58	35.20
1788467072.248465	19.41	3169	68	42.84	33.70
1788467072.348981	14.34	3467	70	45.70	36.89
1788467072.449478	18.96	3183	68	41.86	32.76
1788467072.549932	19.05	3480	72	46.95	37.99
1788467072.650553	14.27	3081	65	39.92	30.76
1788467072.751696	19.18	2458	65	31.10	22.17
1788467072.852041	19.13	2600	70	32.67	23.62
1788467072.952880	14.52	3309	65	43.69	34.23
1788467073.053317	20.19	3183	70	44.03	34.61
1788467073.153758	16.09	3315	69	43.74	35.04
1788467073.254300	16.98	3259	69	42.45	33.59
1788467073.354972	18.96	2944	66	37.23	27.86
1788467073.455518	18.67	2369	68	25.38	16.87
1788467073.556125	14.47	3352	67	44.16	35.11
1788467073.656495	19.29	3081	73	42.14	32.88
1788467073.756905	19.14	3313	70	46.35	36.96
1788467073.857292	17.61	3300	70	44.24	35.62
1788467073.957739	15.80	3442	73	47.32	38.24
1788467074.058214	18.95	3448	72	47.18	37.81
1788467074.158884	19.53	3245	70	44.90	35.70
1788467074.259339	15.19	2941	66	36.00	27.62
1788467074.359994	19.04	3093	68	41.07	31.93
1788467074.460372	19.16	3030	70	40.79	31.71
1788467074.561070	14.37	3237	68	42.34	33.60
1788467074.661476	18.25	3046	68	41.43	31.82
1788467074.762047	19.12	3049	69	40.29	30.79
1788467074.862631	17.32	2446	66	29.71	20.56
1788467074.963166	16.43	3327	70	45.49	36.35
1788467075.063510	19.16	3272	71	44.32	35.20
1788467075.164163	14.11	2614	65	32.44	23.36
1788467075.264562	14.18	2794	70	33.43	24.85
1788467075.365074	14.39	3256	68	42.82	33.34
1788467075.465760	20.07	3378	69	47.24	38.13
1788467075.566271	14.67	3369	69	44.07	35.50
1788467075.666780	18.59	3052	68	38.44	29.06
1788467075.767567	18.55	3016	66	39.32	30.16
1788467075.868877	15.92	2610	65	31.68	22.53
1788467075.969416	17.72	3202	68	44.11	34.69
1788467076.069997	19.24	2902	66	37.34	28.10
1788467076.170808	19.31	2503	69	31.76	22.82
1788467076.271375	14.45	2664	66	32.55	23.37
1788467076.371946	18.94	2883	68	38.26	28.83
1788467076.472404	19.17	2899	70	37.35	28.47
1788467076.573500	15.46	3115	67	40.08	31.48
1788467076.673861	19.64	3375	69	45.71	36.68
1788467076.774322	18.51	3228	71	43.44	34.39
1788467076.874729	14.88	3311	69	44.95	35.46
1788467076.975184	19.27	3011	68	40.14	30.64
1788467077.075740	18.77	3296	68	43.61	34.64
1788467077.177481	15.37	2683	68	32.12	23.28
1788467077.277854	18.30	2970	71	39.80	30.72
1788467077.378377	19.12	2895	67	39.09	30.07
1788467077.479314	19.17	2997	67	37.78	28.54
1788467077.580150	14.19	2830	65	35.42	26.36
1788467077.680799	20.06	3264	69	42.46	33.50
1788467077.781436	14.18	2555	69	29.83	21.60
1788467077.881909	18.95	3405	70	45.99	36.52
1788467077.982720	14.16	2483	65	29.32	20.42
1788467078.083391	19.36	2606	68	32.48	23.35
1788467078.183946	19.17	2850	66	36.80	27.36
1788467078.284498	14.30	3080	65	38.94	30.03
1788467078.385238	19.13	2616	65	30.89	22.05
1788467078.485594	14.52	3086	68	39.37	30.66
1788467078.586011	18.28	3102	69	39.86	30.88
1788467078.686362	19.04	2534	69	30.30	21.30
1788467078.786901	14.35	2834	66	34.79	26.20
1788467078.887273	20.23	3337	69	44.96	35.39
1788467078.987866	14.40	2628	65	32.16	23.05
1788467079.088393	19.09	2670	68	32.69	23.43
1788467079.191715	12.96	2263	65	24.36	15.27
1788467079.292432	16.54	3256	70	43.90	34.73
1788467079.392904	18.76	3421	71	47.35	37.66
1788467079.493298	19.23	3305	71	45.19	35.71
1788467079.597395	15.17	3275	69	41.93	33.01
1788467079.697793	18.23	3443	70	47.73	38.36
1788467079.798258	19.12	3223	73	44.07	34.71
1788467079.898863	19.43	3313	70	44.90	35.65
1788467079.999296	15.39	3465	71	45.94	37.14
1788467080.099725	19.36	3016	68	40.77	31.26
1788467080.203691	17.31	3144	70	39.03	30.36
1788467080.304025	15.98	3376	69	47.64	38.39
1788467080.404433	19.11	3427	73	47.24	38.02
1788467080.504825	19.33	2928	70	39.47	30.54
1788467080.605883	14.25	3181	66	40.32	31.92
1788467080.706610	18.87	2677	66	33.70	24.72
1788467080.807167	18.94	3039	71	40.57	31.44
1788467080.908611	18.05	2708	70	32.94	23.80
1788467081.009394	15.33	2772	66	34.03	25.27
1788467081.109743	19.73	3278	70	44.21	35.05
1788467081.213435	15.85	3300	71	41.69	33.15
1788467081.313913	17.16	3325	68	45.99	36.46
1788467081.414429	18.69	3230	68	43.01	34.00
1788467081.514848	18.52	3148	68	41.39	32.07
1788467081.616545	14.64	3381	69	43.90	34.92
1788467081.716929	18.71	3293	68	44.24	35.09
1788467081.817405	14.17	2544	68	29.94	21.36
1788467081.917785	14.25	3204	69	41.28	32.03
1788467082.018428	19.02	2650	66	32.25	23.37
1788467082.118779	14.26	3084	68	39.32	30.26
1788467082.219299	20.27	3456	70	48.03	38.54
1788467082.319798	18.75	3350	71	46.31	37.60
1788467082.420305	14.32	3441	73	46.11	36.84
1788467082.520716	18.91	3211	69	44.45	35.30
1788467082.621194	19.01	3268	70	44.18	35.12
1788467082.722250	18.08	3188	68	42.68	34.11
1788467082.822666	15.50	3264	69	44.51	35.51
1788467082.923557	19.12	3058	66	40.04	30.58
1788467083.024196	19.45	3092	69	41.51	31.87
1788467083.124640	14.89	2748	68	34.26	25.09
1788467083.225661	19.24	2440	65	29.95	21.02
1788467083.326305	18.98	2747	67	32.40	23.40
1788467083.426742	11.89	3632	69	46.24	36.74
1788467083.527185	18.96	3427	69	47.03	37.41
1788467083.629394	18.39	3044	69	41.60	32.22
1788467083.730082	15.68	2785	66	34.35	25.14
1788467083.830772	19.29	2884	66	37.16	28.07
1788467083.931128	19.18	2947	67	39.31	29.80
1788467084.032700	16.20	2908	68	35.70	26.96
1788467084.133377	17.32	3295	68	45.48	36.38
1788467084.233919	18.87	2852	67	36.63	27.11
1788467084.334258	19.03	3103	70	39.81	30.37
1788467084.435221	14.35	3424	68	45.61	36.46
1788467084.535743	20.46	3222	71	43.39	34.42
1788467084.637910	15.63	3348	68	43.89	35.23
1788467084.738524	17.60	2830	65	35.61	26.55
1788467084.839271	18.94	2698	66	32.85	23.58
1788467084.939830	19.23	2887	67	36.74	27.28
1788467085.040535	14.26	2989	68	36.93	28.25
1788467085.140924	19.04	3192	67	42.22	33.08
1788467085.241650	18.90	3312	68	44.66	35.58
1788467085.342099	19.20	3032	70	39.46	30.71
1788467085.442550	14.37	3522	68	46.43	37.70
1788467085.542957	18.90	3336	73	46.36	37.21
1788467085.645586	19.41	3090	68	40.46	31.22
1788467085.746164	15.52	3326	68	45.57	36.20
1788467085.847933	17.97	2145	66	23.34	14.99
1788467085.948544	15.40	2583	65	31.56	22.18
1788467086.049046	18.87	3156	68	40.63	31.13
1788467086.149492	14.44	3348	70	42.93	34.32
1788467086.250061	18.91	3313	68	44.74	35.54
1788467086.350511	19.28	2541	70	31.11	21.98
1788467086.451241	14.44	2715	68	32.27	23.44
1788467086.552108	19.46	2526	65	31.75	22.74
1788467086.652802	19.15	3017	68	38.66	29.75
1788467086.753406	17.95	2449	65	29.64	20.69
1788467086.853906	17.29	3462	70	47.33	38.06
1788467086.954283	18.87	3493	70	47.44	37.98
1788467087.054704	14.40	3172	73	40.55	31.71
1788467087.155058	19.02	3265	69	44.37	35.28
1788467087.255527	19.42	2999	68	40.71	31.42
1788467087.355916	19.11	3301	70	44.16	35.59
1788467087.456333	14.29	3116	69	39.33	30.54
1788467087.556807	18.96	2993	65	37.56	28.35
1788467087.657249	18.49	3045	70	39.74	30.39
1788467087.757699	18.97	3190	68	40.46	31.38
1788467087.858107	14.35	3232	69	42.18	32.94
1788467087.958597	20.56	3369	69	47.20	37.69
1788467088.060269	15.13	2800	66	34.64	26.04
1788467088.160659	18.14	3190	70	42.72	33.45
1788467088.261131	14.60	3131	68	40.63	31.63
1788467088.361540	14.33	3232	67	41.28	32.61
1788467088.461992	18.99	3301	68	44.40	35.30
1788467088.562957	18.64	3253	70	43.42	34.33
1788467088.663367	14.80	3350	69	44.14	35.16
1788467088.764128	18.96	2662	67	32.72	23.45
1788467088.864565	19.26	2616	69	32.11	23.14
1788467088.965924	15.48	2639	67	32.17	23.00
1788467089.066500	19.77	3271	71	44.78	35.60
1788467089.168607	17.90	3235	66	41.78	32.86
1788467089.269180	15.68	3212	70	42.14	33.14
1788467089.369641	19.30	3183	70	42.70	33.57
1788467089.470289	19.05	3188	69	41.77	32.87
1788467089.570795	14.43	3212	65	41.68	32.89
1788467089.671449	19.53	2986	68	39.13	29.85
1788467089.771895	19.01	3078	66	41.48	32.33
1788467089.872740	14.58	3008	68	37.39	28.85
1788467089.973359	19.18	3003	69	40.64	31.38
1788467090.077269	17.13	3242	68	41.03	32.00
1788467090.177770	17.45	3358	66	47.06	37.44
1788467090.278997	16.96	2871	66	36.49	27.24
1788467090.379521	16.66	2946	67	38.45	29.11
1788467090.480039	18.93	3297	69	43.40	33.79
1788467090.580380	14.34	3045	69	38.27	29.60
1788467090.680786	19.06	3377	73	46.83	37.65
1788467090.781663	19.04	3054	66	41.45	32.49
1788467090.882748	13.86	2207	66	24.75	15.76
1788467090.983123	19.66	2650	68	34.32	24.76
1788467091.083695	14.51	3152	70	39.84	31.29
1788467091.184102	19.01	3016	68	39.16	30.05
1788467091.284712	19.40	2967	69	38.05	29.00
1788467091.385061	15.70	3504	71	47.01	37.94
1788467091.485865	18.87	3164	70	43.81	34.76
1788467091.586367	14.34	3135	67	40.46	31.43
1788467091.687004	19.44	2528	70	31.39	22.31
1788467091.787503	14.37	3065	68	38.55	29.33
1788467091.888554	16.08	3112	65	35.76	26.28
1788467091.990488	7.77	2289	64	22.02	12.78
1788467092.093030	0.26	1359	63	7.34	0.64
1788467092.194909	0.81	1423	64	10.38	1.82
