Copyright 1986-2022 Xilinx, Inc. All Rights Reserved. Copyright 2022-2024 Advanced Micro Devices, Inc. All Rights Reserved.
---------------------------------------------------------------------------------------------------------------------------------------------
| Tool Version : Vivado v.2024.2 (lin64) Build 5239630 Fri Nov 08 22:34:34 MST 2024
| Date         : Wed Sep  9 17:44:02 2026
| Host         : ubuntu running 64-bit Ubuntu 24.04.3 LTS
| Command      : report_methodology -file {/home/miguel/Downloads/Plano testes TCC/H1/LeNet/RF128/vivado_ooc/methodology.rpt}
| Design       : lenet_mnist_cap64_hls
| Device       : xczu7ev-ffvc1156-2-e
| Speed File   : -2
| Design State : Synthesized
---------------------------------------------------------------------------------------------------------------------------------------------

Report Methodology

Table of Contents
-----------------
1. REPORT SUMMARY
2. REPORT DETAILS

1. REPORT SUMMARY
-----------------
            Netlist: lenet_mnist_cap64_hls
          Floorplan: design_1
      Design limits: <entire design considered>
             Max checks: <unlimited>
             Checks found: 1000
+-----------+------------------+-----------------------------+--------+
| Rule      | Severity         | Description                 | Checks |
+-----------+------------------+-----------------------------+--------+
| TIMING-17 | Critical Warning | Non-clocked sequential cell | 1000   |
+-----------+------------------+-----------------------------+--------+

2. REPORT DETAILS
-----------------
TIMING-17#1 Critical Warning
Non-clocked sequential cell  
The clock pin conv_2d_cl_array_ap_fixed_1u_array_ap_fixed_22_12_4_0_0_6u_config2_U0/ap_CS_fsm_reg[0]/C is not reached by a timing clock
Related violations: <none>

TIMING-17#2 Critical Warning
Non-clocked sequential cell  
The clock pin conv_2d_cl_array_ap_fixed_1u_array_ap_fixed_22_12_4_0_0_6u_config2_U0/ap_CS_fsm_reg[1]/C is not reached by a timing clock
Related violations: <none>

TIMING-17#3 Critical Warning
Non-clocked sequential cell  
The clock pin conv_2d_cl_array_ap_fixed_1u_array_ap_fixed_22_12_4_0_0_6u_config2_U0/ap_CS_fsm_reg[2]/C is not reached by a timing clock
Related violations: <none>

TIMING-17#4 Critical Warning
Non-clocked sequential cell  
The clock pin conv_2d_cl_array_ap_fixed_1u_array_ap_fixed_22_12_4_0_0_6u_config2_U0/grp_compute_output_buffer_2d_array_array_ap_fixed_22_12_4_0_0_6u_config2_s_fu_118/and_ln284_1_reg_478_reg[0]/C is not reached by a timing clock
Related violations: <none>

TIMING-17#5 Critical Warning
Non-clocked sequential cell  
The clock pin conv_2d_cl_array_ap_fixed_1u_array_ap_fixed_22_12_4_0_0_6u_config2_U0/grp_compute_output_buffer_2d_array_array_ap_fixed_22_12_4_0_0_6u_config2_s_fu_118/ap_CS_fsm_reg[0]/C is not reached by a timing clock
Related violations: <none>

TIMING-17#6 Critical Warning
Non-clocked sequential cell  
The clock pin conv_2d_cl_array_ap_fixed_1u_array_ap_fixed_22_12_4_0_0_6u_config2_U0/grp_compute_output_buffer_2d_array_array_ap_fixed_22_12_4_0_0_6u_config2_s_fu_118/ap_CS_fsm_reg[1]/C is not reached by a timing clock
Related violations: <none>

TIMING-17#7 Critical Warning
Non-clocked sequential cell  
The clock pin conv_2d_cl_array_ap_fixed_1u_array_ap_fixed_22_12_4_0_0_6u_config2_U0/grp_compute_output_buffer_2d_array_array_ap_fixed_22_12_4_0_0_6u_config2_s_fu_118/ap_CS_fsm_reg[2]/C is not reached by a timing clock
Related violations: <none>

TIMING-17#8 Critical Warning
Non-clocked sequential cell  
The clock pin conv_2d_cl_array_ap_fixed_1u_array_ap_fixed_22_12_4_0_0_6u_config2_U0/grp_compute_output_buffer_2d_array_array_ap_fixed_22_12_4_0_0_6u_config2_s_fu_118/call_ln281_shift_line_buffer_array_ap_fixed_22_12_4_0_0_1u_config2_s_fu_131/void_conv_2d_buffer_resource_cl_stream_stream_weight_t_bias_t_line_buffer_1_U/lenet_mnist_cap64_hls_shift_line_buffer_array_ap_fixed_22_12_4_0_0_1u_config2_s_void_conv_2d_bufferbkb_core_U/ShiftRegMem_reg[0][0]__0/C is not reached by a timing clock
Related violations: <none>

TIMING-17#9 Critical Warning
Non-clocked sequential cell  
The clock pin conv_2d_cl_array_ap_fixed_1u_array_ap_fixed_22_12_4_0_0_6u_config2_U0/grp_compute_output_buffer_2d_array_array_ap_fixed_22_12_4_0_0_6u_config2_s_fu_118/call_ln281_shift_line_buffer_array_ap_fixed_22_12_4_0_0_1u_config2_s_fu_131/void_conv_2d_buffer_resource_cl_stream_stream_weight_t_bias_t_line_buffer_1_U/lenet_mnist_cap64_hls_shift_line_buffer_array_ap_fixed_22_12_4_0_0_1u_config2_s_void_conv_2d_bufferbkb_core_U/ShiftRegMem_reg[0][10]__0/C is not reached by a timing clock
Related violations: <none>

TIMING-17#10 Critical Warning
Non-clocked sequential cell  
The clock pin conv_2d_cl_array_ap_fixed_1u_array_ap_fixed_22_12_4_0_0_6u_config2_U0/grp_compute_output_buffer_2d_array_array_ap_fixed_22_12_4_0_0_6u_config2_s_fu_118/call_ln281_shift_line_buffer_array_ap_fixed_22_12_4_0_0_1u_config2_s_fu_131/void_conv_2d_buffer_resource_cl_stream_stream_weight_t_bias_t_line_buffer_1_U/lenet_mnist_cap64_hls_shift_line_buffer_array_ap_fixed_22_12_4_0_0_1u_config2_s_void_conv_2d_bufferbkb_core_U/ShiftRegMem_reg[0][11]__0/C is not reached by a timing clock
Related violations: <none>

TIMING-17#11 Critical Warning
Non-clocked sequential cell  
The clock pin conv_2d_cl_array_ap_fixed_1u_array_ap_fixed_22_12_4_0_0_6u_config2_U0/grp_compute_output_buffer_2d_array_array_ap_fixed_22_12_4_0_0_6u_config2_s_fu_118/call_ln281_shift_line_buffer_array_ap_fixed_22_12_4_0_0_1u_config2_s_fu_131/void_conv_2d_buffer_resource_cl_stream_stream_weight_t_bias_t_line_buffer_1_U/lenet_mnist_cap64_hls_shift_line_buffer_array_ap_fixed_22_12_4_0_0_1u_config2_s_void_conv_2d_bufferbkb_core_U/ShiftRegMem_reg[0][12]__0/C is not reached by a timing clock
Related violations: <none>

TIMING-17#12 Critical Warning
Non-clocked sequential cell  
The clock pin conv_2d_cl_array_ap_fixed_1u_array_ap_fixed_22_12_4_0_0_6u_config2_U0/grp_compute_output_buffer_2d_array_array_ap_fixed_22_12_4_0_0_6u_config2_s_fu_118/call_ln281_shift_line_buffer_array_ap_fixed_22_12_4_0_0_1u_config2_s_fu_131/void_conv_2d_buffer_resource_cl_stream_stream_weight_t_bias_t_line_buffer_1_U/lenet_mnist_cap64_hls_shift_line_buffer_array_ap_fixed_22_12_4_0_0_1u_config2_s_void_conv_2d_bufferbkb_core_U/ShiftRegMem_reg[0][13]__0/C is not reached by a timing clock
Related violations: <none>

TIMING-17#13 Critical Warning
Non-clocked sequential cell  
The clock pin conv_2d_cl_array_ap_fixed_1u_array_ap_fixed_22_12_4_0_0_6u_config2_U0/grp_compute_output_buffer_2d_array_array_ap_fixed_22_12_4_0_0_6u_config2_s_fu_118/call_ln281_shift_line_buffer_array_ap_fixed_22_12_4_0_0_1u_config2_s_fu_131/void_conv_2d_buffer_resource_cl_stream_stream_weight_t_bias_t_line_buffer_1_U/lenet_mnist_cap64_hls_shift_line_buffer_array_ap_fixed_22_12_4_0_0_1u_config2_s_void_conv_2d_bufferbkb_core_U/ShiftRegMem_reg[0][14]__0/C is not reached by a timing clock
Related violations: <none>

TIMING-17#14 Critical Warning
Non-clocked sequential cell  
The clock pin conv_2d_cl_array_ap_fixed_1u_array_ap_fixed_22_12_4_0_0_6u_config2_U0/grp_compute_output_buffer_2d_array_array_ap_fixed_22_12_4_0_0_6u_config2_s_fu_118/call_ln281_shift_line_buffer_array_ap_fixed_22_12_4_0_0_1u_config2_s_fu_131/void_conv_2d_buffer_resource_cl_stream_stream_weight_t_bias_t_line_buffer_1_U/lenet_mnist_cap64_hls_shift_line_buffer_array_ap_fixed_22_12_4_0_0_1u_config2_s_void_conv_2d_bufferbkb_core_U/ShiftRegMem_reg[0][15]__0/C is not reached by a timing clock
Related violations: <none>

TIMING-17#15 Critical Warning
Non-clocked sequential cell  
The clock pin conv_2d_cl_array_ap_fixed_1u_array_ap_fixed_22_12_4_0_0_6u_config2_U0/grp_compute_output_buffer_2d_array_array_ap_fixed_22_12_4_0_0_6u_config2_s_fu_118/call_ln281_shift_line_buffer_array_ap_fixed_22_12_4_0_0_1u_config2_s_fu_131/void_conv_2d_buffer_resource_cl_stream_stream_weight_t_bias_t_line_buffer_1_U/lenet_mnist_cap64_hls_shift_line_buffer_array_ap_fixed_22_12_4_0_0_1u_config2_s_void_conv_2d_bufferbkb_core_U/ShiftRegMem_reg[0][16]__0/C is not reached by a timing clock
Related violations: <none>

TIMING-17#16 Critical Warning
Non-clocked sequential cell  
The clock pin conv_2d_cl_array_ap_fixed_1u_array_ap_fixed_22_12_4_0_0_6u_config2_U0/grp_compute_output_buffer_2d_array_array_ap_fixed_22_12_4_0_0_6u_config2_s_fu_118/call_ln281_shift_line_buffer_array_ap_fixed_22_12_4_0_0_1u_config2_s_fu_131/void_conv_2d_buffer_resource_cl_stream_stream_weight_t_bias_t_line_buffer_1_U/lenet_mnist_cap64_hls_shift_line_buffer_array_ap_fixed_22_12_4_0_0_1u_config2_s_void_conv_2d_bufferbkb_core_U/ShiftRegMem_reg[0][17]__0/C is not reached by a timing clock
Related violations: <none>

TIMING-17#17 Critical Warning
Non-clocked sequential cell  
The clock pin conv_2d_cl_array_ap_fixed_1u_array_ap_fixed_22_12_4_0_0_6u_config2_U0/grp_compute_output_buffer_2d_array_array_ap_fixed_22_12_4_0_0_6u_config2_s_fu_118/call_ln281_shift_line_buffer_array_ap_fixed_22_12_4_0_0_1u_config2_s_fu_131/void_conv_2d_buffer_resource_cl_stream_stream_weight_t_bias_t_line_buffer_1_U/lenet_mnist_cap64_hls_shift_line_buffer_array_ap_fixed_22_12_4_0_0_1u_config2_s_void_conv_2d_bufferbkb_core_U/ShiftRegMem_reg[0][18]__0/C is not reached by a timing clock
Related violations: <none>

TIMING-17#18 Critical Warning
Non-clocked sequential cell  
The clock pin conv_2d_cl_array_ap_fixed_1u_array_ap_fixed_22_12_4_0_0_6u_config2_U0/grp_compute_output_buffer_2d_array_array_ap_fixed_22_12_4_0_0_6u_config2_s_fu_118/call_ln281_shift_line_buffer_array_ap_fixed_22_12_4_0_0_1u_config2_s_fu_131/void_conv_2d_buffer_resource_cl_stream_stream_weight_t_bias_t_line_buffer_1_U/lenet_mnist_cap64_hls_shift_line_buffer_array_ap_fixed_22_12_4_0_0_1u_config2_s_void_conv_2d_bufferbkb_core_U/ShiftRegMem_reg[0][19]__0/C is not reached by a timing clock
Related violations: <none>

TIMING-17#19 Critical Warning
Non-clocked sequential cell  
The clock pin conv_2d_cl_array_ap_fixed_1u_array_ap_fixed_22_12_4_0_0_6u_config2_U0/grp_compute_output_buffer_2d_array_array_ap_fixed_22_12_4_0_0_6u_config2_s_fu_118/call_ln281_shift_line_buffer_array_ap_fixed_22_12_4_0_0_1u_config2_s_fu_131/void_conv_2d_buffer_resource_cl_stream_stream_weight_t_bias_t_line_buffer_1_U/lenet_mnist_cap64_hls_shift_line_buffer_array_ap_fixed_22_12_4_0_0_1u_config2_s_void_conv_2d_bufferbkb_core_U/ShiftRegMem_reg[0][1]__0/C is not reached by a timing clock
Related violations: <none>

TIMING-17#20 Critical Warning
Non-clocked sequential cell  
The clock pin conv_2d_cl_array_ap_fixed_1u_array_ap_fixed_22_12_4_0_0_6u_config2_U0/grp_compute_output_buffer_2d_array_array_ap_fixed_22_12_4_0_0_6u_config2_s_fu_118/call_ln281_shift_line_buffer_array_ap_fixed_22_12_4_0_0_1u_config2_s_fu_131/void_conv_2d_buffer_resource_cl_stream_stream_weight_t_bias_t_line_buffer_1_U/lenet_mnist_cap64_hls_shift_line_buffer_array_ap_fixed_22_12_4_0_0_1u_config2_s_void_conv_2d_bufferbkb_core_U/ShiftRegMem_reg[0][20]__0/C is not reached by a timing clock
Related violations: <none>

TIMING-17#21 Critical Warning
Non-clocked sequential cell  
The clock pin conv_2d_cl_array_ap_fixed_1u_array_ap_fixed_22_12_4_0_0_6u_config2_U0/grp_compute_output_buffer_2d_array_array_ap_fixed_22_12_4_0_0_6u_config2_s_fu_118/call_ln281_shift_line_buffer_array_ap_fixed_22_12_4_0_0_1u_config2_s_fu_131/void_conv_2d_buffer_resource_cl_stream_stream_weight_t_bias_t_line_buffer_1_U/lenet_mnist_cap64_hls_shift_line_buffer_array_ap_fixed_22_12_4_0_0_1u_config2_s_void_conv_2d_bufferbkb_core_U/ShiftRegMem_reg[0][21]__0/C is not reached by a timing clock
Related violations: <none>

TIMING-17#22 Critical Warning
Non-clocked sequential cell  
The clock pin conv_2d_cl_array_ap_fixed_1u_array_ap_fixed_22_12_4_0_0_6u_config2_U0/grp_compute_output_buffer_2d_array_array_ap_fixed_22_12_4_0_0_6u_config2_s_fu_118/call_ln281_shift_line_buffer_array_ap_fixed_22_12_4_0_0_1u_config2_s_fu_131/void_conv_2d_buffer_resource_cl_stream_stream_weight_t_bias_t_line_buffer_1_U/lenet_mnist_cap64_hls_shift_line_buffer_array_ap_fixed_22_12_4_0_0_1u_config2_s_void_conv_2d_bufferbkb_core_U/ShiftRegMem_reg[0][2]__0/C is not reached by a timing clock
Related violations: <none>

TIMING-17#23 Critical Warning
Non-clocked sequential cell  
The clock pin conv_2d_cl_array_ap_fixed_1u_array_ap_fixed_22_12_4_0_0_6u_config2_U0/grp_compute_output_buffer_2d_array_array_ap_fixed_22_12_4_0_0_6u_config2_s_fu_118/call_ln281_shift_line_buffer_array_ap_fixed_22_12_4_0_0_1u_config2_s_fu_131/void_conv_2d_buffer_resource_cl_stream_stream_weight_t_bias_t_line_buffer_1_U/lenet_mnist_cap64_hls_shift_line_buffer_array_ap_fixed_22_12_4_0_0_1u_config2_s_void_conv_2d_bufferbkb_core_U/ShiftRegMem_reg[0][3]__0/C is not reached by a timing clock
Related violations: <none>

TIMING-17#24 Critical Warning
Non-clocked sequential cell  
The clock pin conv_2d_cl_array_ap_fixed_1u_array_ap_fixed_22_12_4_0_0_6u_config2_U0/grp_compute_output_buffer_2d_array_array_ap_fixed_22_12_4_0_0_6u_config2_s_fu_118/call_ln281_shift_line_buffer_array_ap_fixed_22_12_4_0_0_1u_config2_s_fu_131/void_conv_2d_buffer_resource_cl_stream_stream_weight_t_bias_t_line_buffer_1_U/lenet_mnist_cap64_hls_shift_line_buffer_array_ap_fixed_22_12_4_0_0_1u_config2_s_void_conv_2d_bufferbkb_core_U/ShiftRegMem_reg[0][4]__0/C is not reached by a timing clock
Related violations: <none>

TIMING-17#25 Critical Warning
Non-clocked sequential cell  
The clock pin conv_2d_cl_array_ap_fixed_1u_array_ap_fixed_22_12_4_0_0_6u_config2_U0/grp_compute_output_buffer_2d_array_array_ap_fixed_22_12_4_0_0_6u_config2_s_fu_118/call_ln281_shift_line_buffer_array_ap_fixed_22_12_4_0_0_1u_config2_s_fu_131/void_conv_2d_buffer_resource_cl_stream_stream_weight_t_bias_t_line_buffer_1_U/lenet_mnist_cap64_hls_shift_line_buffer_array_ap_fixed_22_12_4_0_0_1u_config2_s_void_conv_2d_bufferbkb_core_U/ShiftRegMem_reg[0][5]__0/C is not reached by a timing clock
Related violations: <none>

TIMING-17#26 Critical Warning
Non-clocked sequential cell  
The clock pin conv_2d_cl_array_ap_fixed_1u_array_ap_fixed_22_12_4_0_0_6u_config2_U0/grp_compute_output_buffer_2d_array_array_ap_fixed_22_12_4_0_0_6u_config2_s_fu_118/call_ln281_shift_line_buffer_array_ap_fixed_22_12_4_0_0_1u_config2_s_fu_131/void_conv_2d_buffer_resource_cl_stream_stream_weight_t_bias_t_line_buffer_1_U/lenet_mnist_cap64_hls_shift_line_buffer_array_ap_fixed_22_12_4_0_0_1u_config2_s_void_conv_2d_bufferbkb_core_U/ShiftRegMem_reg[0][6]__0/C is not reached by a timing clock
Related violations: <none>

TIMING-17#27 Critical Warning
Non-clocked sequential cell  
The clock pin conv_2d_cl_array_ap_fixed_1u_array_ap_fixed_22_12_4_0_0_6u_config2_U0/grp_compute_output_buffer_2d_array_array_ap_fixed_22_12_4_0_0_6u_config2_s_fu_118/call_ln281_shift_line_buffer_array_ap_fixed_22_12_4_0_0_1u_config2_s_fu_131/void_conv_2d_buffer_resource_cl_stream_stream_weight_t_bias_t_line_buffer_1_U/lenet_mnist_cap64_hls_shift_line_buffer_array_ap_fixed_22_12_4_0_0_1u_config2_s_void_conv_2d_bufferbkb_core_U/ShiftRegMem_reg[0][7]__0/C is not reached by a timing clock
Related violations: <none>

TIMING-17#28 Critical Warning
Non-clocked sequential cell  
The clock pin conv_2d_cl_array_ap_fixed_1u_array_ap_fixed_22_12_4_0_0_6u_config2_U0/grp_compute_output_buffer_2d_array_array_ap_fixed_22_12_4_0_0_6u_config2_s_fu_118/call_ln281_shift_line_buffer_array_ap_fixed_22_12_4_0_0_1u_config2_s_fu_131/void_conv_2d_buffer_resource_cl_stream_stream_weight_t_bias_t_line_buffer_1_U/lenet_mnist_cap64_hls_shift_line_buffer_array_ap_fixed_22_12_4_0_0_1u_config2_s_void_conv_2d_bufferbkb_core_U/ShiftRegMem_reg[0][8]__0/C is not reached by a timing clock
Related violations: <none>

TIMING-17#29 Critical Warning
Non-clocked sequential cell  
The clock pin conv_2d_cl_array_ap_fixed_1u_array_ap_fixed_22_12_4_0_0_6u_config2_U0/grp_compute_output_buffer_2d_array_array_ap_fixed_22_12_4_0_0_6u_config2_s_fu_118/call_ln281_shift_line_buffer_array_ap_fixed_22_12_4_0_0_1u_config2_s_fu_131/void_conv_2d_buffer_resource_cl_stream_stream_weight_t_bias_t_line_buffer_1_U/lenet_mnist_cap64_hls_shift_line_buffer_array_ap_fixed_22_12_4_0_0_1u_config2_s_void_conv_2d_bufferbkb_core_U/ShiftRegMem_reg[0][9]__0/C is not reached by a timing clock
Related violations: <none>

TIMING-17#30 Critical Warning
Non-clocked sequential cell  
The clock pin conv_2d_cl_array_ap_fixed_1u_array_ap_fixed_22_12_4_0_0_6u_config2_U0/grp_compute_output_buffer_2d_array_array_ap_fixed_22_12_4_0_0_6u_config2_s_fu_118/call_ln281_shift_line_buffer_array_ap_fixed_22_12_4_0_0_1u_config2_s_fu_131/void_conv_2d_buffer_resource_cl_stream_stream_weight_t_bias_t_line_buffer_1_U/lenet_mnist_cap64_hls_shift_line_buffer_array_ap_fixed_22_12_4_0_0_1u_config2_s_void_conv_2d_bufferbkb_core_U/ShiftRegMem_reg[1][0]/C is not reached by a timing clock
Related violations: <none>

TIMING-17#31 Critical Warning
Non-clocked sequential cell  
The clock pin conv_2d_cl_array_ap_fixed_1u_array_ap_fixed_22_12_4_0_0_6u_config2_U0/grp_compute_output_buffer_2d_array_array_ap_fixed_22_12_4_0_0_6u_config2_s_fu_118/call_ln281_shift_line_buffer_array_ap_fixed_22_12_4_0_0_1u_config2_s_fu_131/void_conv_2d_buffer_resource_cl_stream_stream_weight_t_bias_t_line_buffer_1_U/lenet_mnist_cap64_hls_shift_line_buffer_array_ap_fixed_22_12_4_0_0_1u_config2_s_void_conv_2d_bufferbkb_core_U/ShiftRegMem_reg[1][10]/C is not reached by a timing clock
Related violations: <none>

TIMING-17#32 Critical Warning
Non-clocked sequential cell  
The clock pin conv_2d_cl_array_ap_fixed_1u_array_ap_fixed_22_12_4_0_0_6u_config2_U0/grp_compute_output_buffer_2d_array_array_ap_fixed_22_12_4_0_0_6u_config2_s_fu_118/call_ln281_shift_line_buffer_array_ap_fixed_22_12_4_0_0_1u_config2_s_fu_131/void_conv_2d_buffer_resource_cl_stream_stream_weight_t_bias_t_line_buffer_1_U/lenet_mnist_cap64_hls_shift_line_buffer_array_ap_fixed_22_12_4_0_0_1u_config2_s_void_conv_2d_bufferbkb_core_U/ShiftRegMem_reg[1][11]/C is not reached by a timing clock
Related violations: <none>

TIMING-17#33 Critical Warning
Non-clocked sequential cell  
The clock pin conv_2d_cl_array_ap_fixed_1u_array_ap_fixed_22_12_4_0_0_6u_config2_U0/grp_compute_output_buffer_2d_array_array_ap_fixed_22_12_4_0_0_6u_config2_s_fu_118/call_ln281_shift_line_buffer_array_ap_fixed_22_12_4_0_0_1u_config2_s_fu_131/void_conv_2d_buffer_resource_cl_stream_stream_weight_t_bias_t_line_buffer_1_U/lenet_mnist_cap64_hls_shift_line_buffer_array_ap_fixed_22_12_4_0_0_1u_config2_s_void_conv_2d_bufferbkb_core_U/ShiftRegMem_reg[1][12]/C is not reached by a timing clock
Related violations: <none>

TIMING-17#34 Critical Warning
Non-clocked sequential cell  
The clock pin conv_2d_cl_array_ap_fixed_1u_array_ap_fixed_22_12_4_0_0_6u_config2_U0/grp_compute_output_buffer_2d_array_array_ap_fixed_22_12_4_0_0_6u_config2_s_fu_118/call_ln281_shift_line_buffer_array_ap_fixed_22_12_4_0_0_1u_config2_s_fu_131/void_conv_2d_buffer_resource_cl_stream_stream_weight_t_bias_t_line_buffer_1_U/lenet_mnist_cap64_hls_shift_line_buffer_array_ap_fixed_22_12_4_0_0_1u_config2_s_void_conv_2d_bufferbkb_core_U/ShiftRegMem_reg[1][13]/C is not reached by a timing clock
Related violations: <none>

TIMING-17#35 Critical Warning
Non-clocked sequential cell  
The clock pin conv_2d_cl_array_ap_fixed_1u_array_ap_fixed_22_12_4_0_0_6u_config2_U0/grp_compute_output_buffer_2d_array_array_ap_fixed_22_12_4_0_0_6u_config2_s_fu_118/call_ln281_shift_line_buffer_array_ap_fixed_22_12_4_0_0_1u_config2_s_fu_131/void_conv_2d_buffer_resource_cl_stream_stream_weight_t_bias_t_line_buffer_1_U/lenet_mnist_cap64_hls_shift_line_buffer_array_ap_fixed_22_12_4_0_0_1u_config2_s_void_conv_2d_bufferbkb_core_U/ShiftRegMem_reg[1][14]/C is not reached by a timing clock
Related violations: <none>

TIMING-17#36 Critical Warning
Non-clocked sequential cell  
The clock pin conv_2d_cl_array_ap_fixed_1u_array_ap_fixed_22_12_4_0_0_6u_config2_U0/grp_compute_output_buffer_2d_array_array_ap_fixed_22_12_4_0_0_6u_config2_s_fu_118/call_ln281_shift_line_buffer_array_ap_fixed_22_12_4_0_0_1u_config2_s_fu_131/void_conv_2d_buffer_resource_cl_stream_stream_weight_t_bias_t_line_buffer_1_U/lenet_mnist_cap64_hls_shift_line_buffer_array_ap_fixed_22_12_4_0_0_1u_config2_s_void_conv_2d_bufferbkb_core_U/ShiftRegMem_reg[1][15]/C is not reached by a timing clock
Related violations: <none>

TIMING-17#37 Critical Warning
Non-clocked sequential cell  
The clock pin conv_2d_cl_array_ap_fixed_1u_array_ap_fixed_22_12_4_0_0_6u_config2_U0/grp_compute_output_buffer_2d_array_array_ap_fixed_22_12_4_0_0_6u_config2_s_fu_118/call_ln281_shift_line_buffer_array_ap_fixed_22_12_4_0_0_1u_config2_s_fu_131/void_conv_2d_buffer_resource_cl_stream_stream_weight_t_bias_t_line_buffer_1_U/lenet_mnist_cap64_hls_shift_line_buffer_array_ap_fixed_22_12_4_0_0_1u_config2_s_void_conv_2d_bufferbkb_core_U/ShiftRegMem_reg[1][16]/C is not reached by a timing clock
Related violations: <none>

TIMING-17#38 Critical Warning
Non-clocked sequential cell  
The clock pin conv_2d_cl_array_ap_fixed_1u_array_ap_fixed_22_12_4_0_0_6u_config2_U0/grp_compute_output_buffer_2d_array_array_ap_fixed_22_12_4_0_0_6u_config2_s_fu_118/call_ln281_shift_line_buffer_array_ap_fixed_22_12_4_0_0_1u_config2_s_fu_131/void_conv_2d_buffer_resource_cl_stream_stream_weight_t_bias_t_line_buffer_1_U/lenet_mnist_cap64_hls_shift_line_buffer_array_ap_fixed_22_12_4_0_0_1u_config2_s_void_conv_2d_bufferbkb_core_U/ShiftRegMem_reg[1][17]/C is not reached by a timing clock
Related violations: <none>

TIMING-17#39 Critical Warning
Non-clocked sequential cell  
The clock pin conv_2d_cl_array_ap_fixed_1u_array_ap_fixed_22_12_4_0_0_6u_config2_U0/grp_compute_output_buffer_2d_array_array_ap_fixed_22_12_4_0_0_6u_config2_s_fu_118/call_ln281_shift_line_buffer_array_ap_fixed_22_12_4_0_0_1u_config2_s_fu_131/void_conv_2d_buffer_resource_cl_stream_stream_weight_t_bias_t_line_buffer_1_U/lenet_mnist_cap64_hls_shift_line_buffer_array_ap_fixed_22_12_4_0_0_1u_config2_s_void_conv_2d_bufferbkb_core_U/ShiftRegMem_reg[1][18]/C is not reached by a timing clock
Related violations: <none>

TIMING-17#40 Critical Warning
Non-clocked sequential cell  
The clock pin conv_2d_cl_array_ap_fixed_1u_array_ap_fixed_22_12_4_0_0_6u_config2_U0/grp_compute_output_buffer_2d_array_array_ap_fixed_22_12_4_0_0_6u_config2_s_fu_118/call_ln281_shift_line_buffer_array_ap_fixed_22_12_4_0_0_1u_config2_s_fu_131/void_conv_2d_buffer_resource_cl_stream_stream_weight_t_bias_t_line_buffer_1_U/lenet_mnist_cap64_hls_shift_line_buffer_array_ap_fixed_22_12_4_0_0_1u_config2_s_void_conv_2d_bufferbkb_core_U/ShiftRegMem_reg[1][19]/C is not reached by a timing clock
Related violations: <none>

TIMING-17#41 Critical Warning
Non-clocked sequential cell  
The clock pin conv_2d_cl_array_ap_fixed_1u_array_ap_fixed_22_12_4_0_0_6u_config2_U0/grp_compute_output_buffer_2d_array_array_ap_fixed_22_12_4_0_0_6u_config2_s_fu_118/call_ln281_shift_line_buffer_array_ap_fixed_22_12_4_0_0_1u_config2_s_fu_131/void_conv_2d_buffer_resource_cl_stream_stream_weight_t_bias_t_line_buffer_1_U/lenet_mnist_cap64_hls_shift_line_buffer_array_ap_fixed_22_12_4_0_0_1u_config2_s_void_conv_2d_bufferbkb_core_U/ShiftRegMem_reg[1][1]/C is not reached by a timing clock
Related violations: <none>

TIMING-17#42 Critical Warning
Non-clocked sequential cell  
The clock pin conv_2d_cl_array_ap_fixed_1u_array_ap_fixed_22_12_4_0_0_6u_config2_U0/grp_compute_output_buffer_2d_array_array_ap_fixed_22_12_4_0_0_6u_config2_s_fu_118/call_ln281_shift_line_buffer_array_ap_fixed_22_12_4_0_0_1u_config2_s_fu_131/void_conv_2d_buffer_resource_cl_stream_stream_weight_t_bias_t_line_buffer_1_U/lenet_mnist_cap64_hls_shift_line_buffer_array_ap_fixed_22_12_4_0_0_1u_config2_s_void_conv_2d_bufferbkb_core_U/ShiftRegMem_reg[1][20]/C is not reached by a timing clock
Related violations: <none>

TIMING-17#43 Critical Warning
Non-clocked sequential cell  
The clock pin conv_2d_cl_array_ap_fixed_1u_array_ap_fixed_22_12_4_0_0_6u_config2_U0/grp_compute_output_buffer_2d_array_array_ap_fixed_22_12_4_0_0_6u_config2_s_fu_118/call_ln281_shift_line_buffer_array_ap_fixed_22_12_4_0_0_1u_config2_s_fu_131/void_conv_2d_buffer_resource_cl_stream_stream_weight_t_bias_t_line_buffer_1_U/lenet_mnist_cap64_hls_shift_line_buffer_array_ap_fixed_22_12_4_0_0_1u_config2_s_void_conv_2d_bufferbkb_core_U/ShiftRegMem_reg[1][21]/C is not reached by a timing clock
Related violations: <none>

TIMING-17#44 Critical Warning
Non-clocked sequential cell  
The clock pin conv_2d_cl_array_ap_fixed_1u_array_ap_fixed_22_12_4_0_0_6u_config2_U0/grp_compute_output_buffer_2d_array_array_ap_fixed_22_12_4_0_0_6u_config2_s_fu_118/call_ln281_shift_line_buffer_array_ap_fixed_22_12_4_0_0_1u_config2_s_fu_131/void_conv_2d_buffer_resource_cl_stream_stream_weight_t_bias_t_line_buffer_1_U/lenet_mnist_cap64_hls_shift_line_buffer_array_ap_fixed_22_12_4_0_0_1u_config2_s_void_conv_2d_bufferbkb_core_U/ShiftRegMem_reg[1][2]/C is not reached by a timing clock
Related violations: <none>

TIMING-17#45 Critical Warning
Non-clocked sequential cell  
The clock pin conv_2d_cl_array_ap_fixed_1u_array_ap_fixed_22_12_4_0_0_6u_config2_U0/grp_compute_output_buffer_2d_array_array_ap_fixed_22_12_4_0_0_6u_config2_s_fu_118/call_ln281_shift_line_buffer_array_ap_fixed_22_12_4_0_0_1u_config2_s_fu_131/void_conv_2d_buffer_resource_cl_stream_stream_weight_t_bias_t_line_buffer_1_U/lenet_mnist_cap64_hls_shift_line_buffer_array_ap_fixed_22_12_4_0_0_1u_config2_s_void_conv_2d_bufferbkb_core_U/ShiftRegMem_reg[1][3]/C is not reached by a timing clock
Related violations: <none>

TIMING-17#46 Critical Warning
Non-clocked sequential cell  
The clock pin conv_2d_cl_array_ap_fixed_1u_array_ap_fixed_22_12_4_0_0_6u_config2_U0/grp_compute_output_buffer_2d_array_array_ap_fixed_22_12_4_0_0_6u_config2_s_fu_118/call_ln281_shift_line_buffer_array_ap_fixed_22_12_4_0_0_1u_config2_s_fu_131/void_conv_2d_buffer_resource_cl_stream_stream_weight_t_bias_t_line_buffer_1_U/lenet_mnist_cap64_hls_shift_line_buffer_array_ap_fixed_22_12_4_0_0_1u_config2_s_void_conv_2d_bufferbkb_core_U/ShiftRegMem_reg[1][4]/C is not reached by a timing clock
Related violations: <none>

TIMING-17#47 Critical Warning
Non-clocked sequential cell  
The clock pin conv_2d_cl_array_ap_fixed_1u_array_ap_fixed_22_12_4_0_0_6u_config2_U0/grp_compute_output_buffer_2d_array_array_ap_fixed_22_12_4_0_0_6u_config2_s_fu_118/call_ln281_shift_line_buffer_array_ap_fixed_22_12_4_0_0_1u_config2_s_fu_131/void_conv_2d_buffer_resource_cl_stream_stream_weight_t_bias_t_line_buffer_1_U/lenet_mnist_cap64_hls_shift_line_buffer_array_ap_fixed_22_12_4_0_0_1u_config2_s_void_conv_2d_bufferbkb_core_U/ShiftRegMem_reg[1][5]/C is not reached by a timing clock
Related violations: <none>

TIMING-17#48 Critical Warning
Non-clocked sequential cell  
The clock pin conv_2d_cl_array_ap_fixed_1u_array_ap_fixed_22_12_4_0_0_6u_config2_U0/grp_compute_output_buffer_2d_array_array_ap_fixed_22_12_4_0_0_6u_config2_s_fu_118/call_ln281_shift_line_buffer_array_ap_fixed_22_12_4_0_0_1u_config2_s_fu_131/void_conv_2d_buffer_resource_cl_stream_stream_weight_t_bias_t_line_buffer_1_U/lenet_mnist_cap64_hls_shift_line_buffer_array_ap_fixed_22_12_4_0_0_1u_config2_s_void_conv_2d_bufferbkb_core_U/ShiftRegMem_reg[1][6]/C is not reached by a timing clock
Related violations: <none>

TIMING-17#49 Critical Warning
Non-clocked sequential cell  
The clock pin conv_2d_cl_array_ap_fixed_1u_array_ap_fixed_22_12_4_0_0_6u_config2_U0/grp_compute_output_buffer_2d_array_array_ap_fixed_22_12_4_0_0_6u_config2_s_fu_118/call_ln281_shift_line_buffer_array_ap_fixed_22_12_4_0_0_1u_config2_s_fu_131/void_conv_2d_buffer_resource_cl_stream_stream_weight_t_bias_t_line_buffer_1_U/lenet_mnist_cap64_hls_shift_line_buffer_array_ap_fixed_22_12_4_0_0_1u_config2_s_void_conv_2d_bufferbkb_core_U/ShiftRegMem_reg[1][7]/C is not reached by a timing clock
Related violations: <none>

TIMING-17#50 Critical Warning
Non-clocked sequential cell  
The clock pin conv_2d_cl_array_ap_fixed_1u_array_ap_fixed_22_12_4_0_0_6u_config2_U0/grp_compute_output_buffer_2d_array_array_ap_fixed_22_12_4_0_0_6u_config2_s_fu_118/call_ln281_shift_line_buffer_array_ap_fixed_22_12_4_0_0_1u_config2_s_fu_131/void_conv_2d_buffer_resource_cl_stream_stream_weight_t_bias_t_line_buffer_1_U/lenet_mnist_cap64_hls_shift_line_buffer_array_ap_fixed_22_12_4_0_0_1u_config2_s_void_conv_2d_bufferbkb_core_U/ShiftRegMem_reg[1][8]/C is not reached by a timing clock
Related violations: <none>

TIMING-17#51 Critical Warning
Non-clocked sequential cell  
The clock pin conv_2d_cl_array_ap_fixed_1u_array_ap_fixed_22_12_4_0_0_6u_config2_U0/grp_compute_output_buffer_2d_array_array_ap_fixed_22_12_4_0_0_6u_config2_s_fu_118/call_ln281_shift_line_buffer_array_ap_fixed_22_12_4_0_0_1u_config2_s_fu_131/void_conv_2d_buffer_resource_cl_stream_stream_weight_t_bias_t_line_buffer_1_U/lenet_mnist_cap64_hls_shift_line_buffer_array_ap_fixed_22_12_4_0_0_1u_config2_s_void_conv_2d_bufferbkb_core_U/ShiftRegMem_reg[1][9]/C is not reached by a timing clock
Related violations: <none>

TIMING-17#52 Critical Warning
Non-clocked sequential cell  
The clock pin conv_2d_cl_array_ap_fixed_1u_array_ap_fixed_22_12_4_0_0_6u_config2_U0/grp_compute_output_buffer_2d_array_array_ap_fixed_22_12_4_0_0_6u_config2_s_fu_118/call_ln281_shift_line_buffer_array_ap_fixed_22_12_4_0_0_1u_config2_s_fu_131/void_conv_2d_buffer_resource_cl_stream_stream_weight_t_bias_t_line_buffer_1_U/lenet_mnist_cap64_hls_shift_line_buffer_array_ap_fixed_22_12_4_0_0_1u_config2_s_void_conv_2d_bufferbkb_core_U/ShiftRegMem_reg[27][0]_srl23/CLK is not reached by a timing clock
Related violations: <none>

TIMING-17#53 Critical Warning
Non-clocked sequential cell  
The clock pin conv_2d_cl_array_ap_fixed_1u_array_ap_fixed_22_12_4_0_0_6u_config2_U0/grp_compute_output_buffer_2d_array_array_ap_fixed_22_12_4_0_0_6u_config2_s_fu_118/call_ln281_shift_line_buffer_array_ap_fixed_22_12_4_0_0_1u_config2_s_fu_131/void_conv_2d_buffer_resource_cl_stream_stream_weight_t_bias_t_line_buffer_1_U/lenet_mnist_cap64_hls_shift_line_buffer_array_ap_fixed_22_12_4_0_0_1u_config2_s_void_conv_2d_bufferbkb_core_U/ShiftRegMem_reg[27][10]_srl23/CLK is not reached by a timing clock
Related violations: <none>

TIMING-17#54 Critical Warning
Non-clocked sequential cell  
The clock pin conv_2d_cl_array_ap_fixed_1u_array_ap_fixed_22_12_4_0_0_6u_config2_U0/grp_compute_output_buffer_2d_array_array_ap_fixed_22_12_4_0_0_6u_config2_s_fu_118/call_ln281_shift_line_buffer_array_ap_fixed_22_12_4_0_0_1u_config2_s_fu_131/void_conv_2d_buffer_resource_cl_stream_stream_weight_t_bias_t_line_buffer_1_U/lenet_mnist_cap64_hls_shift_line_buffer_array_ap_fixed_22_12_4_0_0_1u_config2_s_void_conv_2d_bufferbkb_core_U/ShiftRegMem_reg[27][11]_srl23/CLK is not reached by a timing clock
Related violations: <none>

TIMING-17#55 Critical Warning
Non-clocked sequential cell  
The clock pin conv_2d_cl_array_ap_fixed_1u_array_ap_fixed_22_12_4_0_0_6u_config2_U0/grp_compute_output_buffer_2d_array_array_ap_fixed_22_12_4_0_0_6u_config2_s_fu_118/call_ln281_shift_line_buffer_array_ap_fixed_22_12_4_0_0_1u_config2_s_fu_131/void_conv_2d_buffer_resource_cl_stream_stream_weight_t_bias_t_line_buffer_1_U/lenet_mnist_cap64_hls_shift_line_buffer_array_ap_fixed_22_12_4_0_0_1u_config2_s_void_conv_2d_bufferbkb_core_U/ShiftRegMem_reg[27][12]_srl23/CLK is not reached by a timing clock
Related violations: <none>

TIMING-17#56 Critical Warning
Non-clocked sequential cell  
The clock pin conv_2d_cl_array_ap_fixed_1u_array_ap_fixed_22_12_4_0_0_6u_config2_U0/grp_compute_output_buffer_2d_array_array_ap_fixed_22_12_4_0_0_6u_config2_s_fu_118/call_ln281_shift_line_buffer_array_ap_fixed_22_12_4_0_0_1u_config2_s_fu_131/void_conv_2d_buffer_resource_cl_stream_stream_weight_t_bias_t_line_buffer_1_U/lenet_mnist_cap64_hls_shift_line_buffer_array_ap_fixed_22_12_4_0_0_1u_config2_s_void_conv_2d_bufferbkb_core_U/ShiftRegMem_reg[27][13]_srl23/CLK is not reached by a timing clock
Related violations: <none>

TIMING-17#57 Critical Warning
Non-clocked sequential cell  
The clock pin conv_2d_cl_array_ap_fixed_1u_array_ap_fixed_22_12_4_0_0_6u_config2_U0/grp_compute_output_buffer_2d_array_array_ap_fixed_22_12_4_0_0_6u_config2_s_fu_118/call_ln281_shift_line_buffer_array_ap_fixed_22_12_4_0_0_1u_config2_s_fu_131/void_conv_2d_buffer_resource_cl_stream_stream_weight_t_bias_t_line_buffer_1_U/lenet_mnist_cap64_hls_shift_line_buffer_array_ap_fixed_22_12_4_0_0_1u_config2_s_void_conv_2d_bufferbkb_core_U/ShiftRegMem_reg[27][14]_srl23/CLK is not reached by a timing clock
Related violations: <none>

TIMING-17#58 Critical Warning
Non-clocked sequential cell  
The clock pin conv_2d_cl_array_ap_fixed_1u_array_ap_fixed_22_12_4_0_0_6u_config2_U0/grp_compute_output_buffer_2d_array_array_ap_fixed_22_12_4_0_0_6u_config2_s_fu_118/call_ln281_shift_line_buffer_array_ap_fixed_22_12_4_0_0_1u_config2_s_fu_131/void_conv_2d_buffer_resource_cl_stream_stream_weight_t_bias_t_line_buffer_1_U/lenet_mnist_cap64_hls_shift_line_buffer_array_ap_fixed_22_12_4_0_0_1u_config2_s_void_conv_2d_bufferbkb_core_U/ShiftRegMem_reg[27][15]_srl23/CLK is not reached by a timing clock
Related violations: <none>

TIMING-17#59 Critical Warning
Non-clocked sequential cell  
The clock pin conv_2d_cl_array_ap_fixed_1u_array_ap_fixed_22_12_4_0_0_6u_config2_U0/grp_compute_output_buffer_2d_array_array_ap_fixed_22_12_4_0_0_6u_config2_s_fu_118/call_ln281_shift_line_buffer_array_ap_fixed_22_12_4_0_0_1u_config2_s_fu_131/void_conv_2d_buffer_resource_cl_stream_stream_weight_t_bias_t_line_buffer_1_U/lenet_mnist_cap64_hls_shift_line_buffer_array_ap_fixed_22_12_4_0_0_1u_config2_s_void_conv_2d_bufferbkb_core_U/ShiftRegMem_reg[27][16]_srl23/CLK is not reached by a timing clock
Related violations: <none>

TIMING-17#60 Critical Warning
Non-clocked sequential cell  
The clock pin conv_2d_cl_array_ap_fixed_1u_array_ap_fixed_22_12_4_0_0_6u_config2_U0/grp_compute_output_buffer_2d_array_array_ap_fixed_22_12_4_0_0_6u_config2_s_fu_118/call_ln281_shift_line_buffer_array_ap_fixed_22_12_4_0_0_1u_config2_s_fu_131/void_conv_2d_buffer_resource_cl_stream_stream_weight_t_bias_t_line_buffer_1_U/lenet_mnist_cap64_hls_shift_line_buffer_array_ap_fixed_22_12_4_0_0_1u_config2_s_void_conv_2d_bufferbkb_core_U/ShiftRegMem_reg[27][17]_srl23/CLK is not reached by a timing clock
Related violations: <none>

TIMING-17#61 Critical Warning
Non-clocked sequential cell  
The clock pin conv_2d_cl_array_ap_fixed_1u_array_ap_fixed_22_12_4_0_0_6u_config2_U0/grp_compute_output_buffer_2d_array_array_ap_fixed_22_12_4_0_0_6u_config2_s_fu_118/call_ln281_shift_line_buffer_array_ap_fixed_22_12_4_0_0_1u_config2_s_fu_131/void_conv_2d_buffer_resource_cl_stream_stream_weight_t_bias_t_line_buffer_1_U/lenet_mnist_cap64_hls_shift_line_buffer_array_ap_fixed_22_12_4_0_0_1u_config2_s_void_conv_2d_bufferbkb_core_U/ShiftRegMem_reg[27][18]_srl23/CLK is not reached by a timing clock
Related violations: <none>

TIMING-17#62 Critical Warning
Non-clocked sequential cell  
The clock pin conv_2d_cl_array_ap_fixed_1u_array_ap_fixed_22_12_4_0_0_6u_config2_U0/grp_compute_output_buffer_2d_array_array_ap_fixed_22_12_4_0_0_6u_config2_s_fu_118/call_ln281_shift_line_buffer_array_ap_fixed_22_12_4_0_0_1u_config2_s_fu_131/void_conv_2d_buffer_resource_cl_stream_stream_weight_t_bias_t_line_buffer_1_U/lenet_mnist_cap64_hls_shift_line_buffer_array_ap_fixed_22_12_4_0_0_1u_config2_s_void_conv_2d_bufferbkb_core_U/ShiftRegMem_reg[27][19]_srl23/CLK is not reached by a timing clock
Related violations: <none>

TIMING-17#63 Critical Warning
Non-clocked sequential cell  
The clock pin conv_2d_cl_array_ap_fixed_1u_array_ap_fixed_22_12_4_0_0_6u_config2_U0/grp_compute_output_buffer_2d_array_array_ap_fixed_22_12_4_0_0_6u_config2_s_fu_118/call_ln281_shift_line_buffer_array_ap_fixed_22_12_4_0_0_1u_config2_s_fu_131/void_conv_2d_buffer_resource_cl_stream_stream_weight_t_bias_t_line_buffer_1_U/lenet_mnist_cap64_hls_shift_line_buffer_array_ap_fixed_22_12_4_0_0_1u_config2_s_void_conv_2d_bufferbkb_core_U/ShiftRegMem_reg[27][1]_srl23/CLK is not reached by a timing clock
Related violations: <none>

TIMING-17#64 Critical Warning
Non-clocked sequential cell  
The clock pin conv_2d_cl_array_ap_fixed_1u_array_ap_fixed_22_12_4_0_0_6u_config2_U0/grp_compute_output_buffer_2d_array_array_ap_fixed_22_12_4_0_0_6u_config2_s_fu_118/call_ln281_shift_line_buffer_array_ap_fixed_22_12_4_0_0_1u_config2_s_fu_131/void_conv_2d_buffer_resource_cl_stream_stream_weight_t_bias_t_line_buffer_1_U/lenet_mnist_cap64_hls_shift_line_buffer_array_ap_fixed_22_12_4_0_0_1u_config2_s_void_conv_2d_bufferbkb_core_U/ShiftRegMem_reg[27][20]_srl23/CLK is not reached by a timing clock
Related violations: <none>

TIMING-17#65 Critical Warning
Non-clocked sequential cell  
The clock pin conv_2d_cl_array_ap_fixed_1u_array_ap_fixed_22_12_4_0_0_6u_config2_U0/grp_compute_output_buffer_2d_array_array_ap_fixed_22_12_4_0_0_6u_config2_s_fu_118/call_ln281_shift_line_buffer_array_ap_fixed_22_12_4_0_0_1u_config2_s_fu_131/void_conv_2d_buffer_resource_cl_stream_stream_weight_t_bias_t_line_buffer_1_U/lenet_mnist_cap64_hls_shift_line_buffer_array_ap_fixed_22_12_4_0_0_1u_config2_s_void_conv_2d_bufferbkb_core_U/ShiftRegMem_reg[27][21]_srl23/CLK is not reached by a timing clock
Related violations: <none>

TIMING-17#66 Critical Warning
Non-clocked sequential cell  
The clock pin conv_2d_cl_array_ap_fixed_1u_array_ap_fixed_22_12_4_0_0_6u_config2_U0/grp_compute_output_buffer_2d_array_array_ap_fixed_22_12_4_0_0_6u_config2_s_fu_118/call_ln281_shift_line_buffer_array_ap_fixed_22_12_4_0_0_1u_config2_s_fu_131/void_conv_2d_buffer_resource_cl_stream_stream_weight_t_bias_t_line_buffer_1_U/lenet_mnist_cap64_hls_shift_line_buffer_array_ap_fixed_22_12_4_0_0_1u_config2_s_void_conv_2d_bufferbkb_core_U/ShiftRegMem_reg[27][2]_srl23/CLK is not reached by a timing clock
Related violations: <none>

TIMING-17#67 Critical Warning
Non-clocked sequential cell  
The clock pin conv_2d_cl_array_ap_fixed_1u_array_ap_fixed_22_12_4_0_0_6u_config2_U0/grp_compute_output_buffer_2d_array_array_ap_fixed_22_12_4_0_0_6u_config2_s_fu_118/call_ln281_shift_line_buffer_array_ap_fixed_22_12_4_0_0_1u_config2_s_fu_131/void_conv_2d_buffer_resource_cl_stream_stream_weight_t_bias_t_line_buffer_1_U/lenet_mnist_cap64_hls_shift_line_buffer_array_ap_fixed_22_12_4_0_0_1u_config2_s_void_conv_2d_bufferbkb_core_U/ShiftRegMem_reg[27][3]_srl23/CLK is not reached by a timing clock
Related violations: <none>

TIMING-17#68 Critical Warning
Non-clocked sequential cell  
The clock pin conv_2d_cl_array_ap_fixed_1u_array_ap_fixed_22_12_4_0_0_6u_config2_U0/grp_compute_output_buffer_2d_array_array_ap_fixed_22_12_4_0_0_6u_config2_s_fu_118/call_ln281_shift_line_buffer_array_ap_fixed_22_12_4_0_0_1u_config2_s_fu_131/void_conv_2d_buffer_resource_cl_stream_stream_weight_t_bias_t_line_buffer_1_U/lenet_mnist_cap64_hls_shift_line_buffer_array_ap_fixed_22_12_4_0_0_1u_config2_s_void_conv_2d_bufferbkb_core_U/ShiftRegMem_reg[27][4]_srl23/CLK is not reached by a timing clock
Related violations: <none>

TIMING-17#69 Critical Warning
Non-clocked sequential cell  
The clock pin conv_2d_cl_array_ap_fixed_1u_array_ap_fixed_22_12_4_0_0_6u_config2_U0/grp_compute_output_buffer_2d_array_array_ap_fixed_22_12_4_0_0_6u_config2_s_fu_118/call_ln281_shift_line_buffer_array_ap_fixed_22_12_4_0_0_1u_config2_s_fu_131/void_conv_2d_buffer_resource_cl_stream_stream_weight_t_bias_t_line_buffer_1_U/lenet_mnist_cap64_hls_shift_line_buffer_array_ap_fixed_22_12_4_0_0_1u_config2_s_void_conv_2d_bufferbkb_core_U/ShiftRegMem_reg[27][5]_srl23/CLK is not reached by a timing clock
Related violations: <none>

TIMING-17#70 Critical Warning
Non-clocked sequential cell  
The clock pin conv_2d_cl_array_ap_fixed_1u_array_ap_fixed_22_12_4_0_0_6u_config2_U0/grp_compute_output_buffer_2d_array_array_ap_fixed_22_12_4_0_0_6u_config2_s_fu_118/call_ln281_shift_line_buffer_array_ap_fixed_22_12_4_0_0_1u_config2_s_fu_131/void_conv_2d_buffer_resource_cl_stream_stream_weight_t_bias_t_line_buffer_1_U/lenet_mnist_cap64_hls_shift_line_buffer_array_ap_fixed_22_12_4_0_0_1u_config2_s_void_conv_2d_bufferbkb_core_U/ShiftRegMem_reg[27][6]_srl23/CLK is not reached by a timing clock
Related violations: <none>

TIMING-17#71 Critical Warning
Non-clocked sequential cell  
The clock pin conv_2d_cl_array_ap_fixed_1u_array_ap_fixed_22_12_4_0_0_6u_config2_U0/grp_compute_output_buffer_2d_array_array_ap_fixed_22_12_4_0_0_6u_config2_s_fu_118/call_ln281_shift_line_buffer_array_ap_fixed_22_12_4_0_0_1u_config2_s_fu_131/void_conv_2d_buffer_resource_cl_stream_stream_weight_t_bias_t_line_buffer_1_U/lenet_mnist_cap64_hls_shift_line_buffer_array_ap_fixed_22_12_4_0_0_1u_config2_s_void_conv_2d_bufferbkb_core_U/ShiftRegMem_reg[27][7]_srl23/CLK is not reached by a timing clock
Related violations: <none>

TIMING-17#72 Critical Warning
Non-clocked sequential cell  
The clock pin conv_2d_cl_array_ap_fixed_1u_array_ap_fixed_22_12_4_0_0_6u_config2_U0/grp_compute_output_buffer_2d_array_array_ap_fixed_22_12_4_0_0_6u_config2_s_fu_118/call_ln281_shift_line_buffer_array_ap_fixed_22_12_4_0_0_1u_config2_s_fu_131/void_conv_2d_buffer_resource_cl_stream_stream_weight_t_bias_t_line_buffer_1_U/lenet_mnist_cap64_hls_shift_line_buffer_array_ap_fixed_22_12_4_0_0_1u_config2_s_void_conv_2d_bufferbkb_core_U/ShiftRegMem_reg[27][8]_srl23/CLK is not reached by a timing clock
Related violations: <none>

TIMING-17#73 Critical Warning
Non-clocked sequential cell  
The clock pin conv_2d_cl_array_ap_fixed_1u_array_ap_fixed_22_12_4_0_0_6u_config2_U0/grp_compute_output_buffer_2d_array_array_ap_fixed_22_12_4_0_0_6u_config2_s_fu_118/call_ln281_shift_line_buffer_array_ap_fixed_22_12_4_0_0_1u_config2_s_fu_131/void_conv_2d_buffer_resource_cl_stream_stream_weight_t_bias_t_line_buffer_1_U/lenet_mnist_cap64_hls_shift_line_buffer_array_ap_fixed_22_12_4_0_0_1u_config2_s_void_conv_2d_bufferbkb_core_U/ShiftRegMem_reg[27][9]_srl23/CLK is not reached by a timing clock
Related violations: <none>

TIMING-17#74 Critical Warning
Non-clocked sequential cell  
The clock pin conv_2d_cl_array_ap_fixed_1u_array_ap_fixed_22_12_4_0_0_6u_config2_U0/grp_compute_output_buffer_2d_array_array_ap_fixed_22_12_4_0_0_6u_config2_s_fu_118/call_ln281_shift_line_buffer_array_ap_fixed_22_12_4_0_0_1u_config2_s_fu_131/void_conv_2d_buffer_resource_cl_stream_stream_weight_t_bias_t_line_buffer_1_U/lenet_mnist_cap64_hls_shift_line_buffer_array_ap_fixed_22_12_4_0_0_1u_config2_s_void_conv_2d_bufferbkb_core_U/ShiftRegMem_reg[2][0]/C is not reached by a timing clock
Related violations: <none>

TIMING-17#75 Critical Warning
Non-clocked sequential cell  
The clock pin conv_2d_cl_array_ap_fixed_1u_array_ap_fixed_22_12_4_0_0_6u_config2_U0/grp_compute_output_buffer_2d_array_array_ap_fixed_22_12_4_0_0_6u_config2_s_fu_118/call_ln281_shift_line_buffer_array_ap_fixed_22_12_4_0_0_1u_config2_s_fu_131/void_conv_2d_buffer_resource_cl_stream_stream_weight_t_bias_t_line_buffer_1_U/lenet_mnist_cap64_hls_shift_line_buffer_array_ap_fixed_22_12_4_0_0_1u_config2_s_void_conv_2d_bufferbkb_core_U/ShiftRegMem_reg[2][10]/C is not reached by a timing clock
Related violations: <none>

TIMING-17#76 Critical Warning
Non-clocked sequential cell  
The clock pin conv_2d_cl_array_ap_fixed_1u_array_ap_fixed_22_12_4_0_0_6u_config2_U0/grp_compute_output_buffer_2d_array_array_ap_fixed_22_12_4_0_0_6u_config2_s_fu_118/call_ln281_shift_line_buffer_array_ap_fixed_22_12_4_0_0_1u_config2_s_fu_131/void_conv_2d_buffer_resource_cl_stream_stream_weight_t_bias_t_line_buffer_1_U/lenet_mnist_cap64_hls_shift_line_buffer_array_ap_fixed_22_12_4_0_0_1u_config2_s_void_conv_2d_bufferbkb_core_U/ShiftRegMem_reg[2][11]/C is not reached by a timing clock
Related violations: <none>

TIMING-17#77 Critical Warning
Non-clocked sequential cell  
The clock pin conv_2d_cl_array_ap_fixed_1u_array_ap_fixed_22_12_4_0_0_6u_config2_U0/grp_compute_output_buffer_2d_array_array_ap_fixed_22_12_4_0_0_6u_config2_s_fu_118/call_ln281_shift_line_buffer_array_ap_fixed_22_12_4_0_0_1u_config2_s_fu_131/void_conv_2d_buffer_resource_cl_stream_stream_weight_t_bias_t_line_buffer_1_U/lenet_mnist_cap64_hls_shift_line_buffer_array_ap_fixed_22_12_4_0_0_1u_config2_s_void_conv_2d_bufferbkb_core_U/ShiftRegMem_reg[2][12]/C is not reached by a timing clock
Related violations: <none>

TIMING-17#78 Critical Warning
Non-clocked sequential cell  
The clock pin conv_2d_cl_array_ap_fixed_1u_array_ap_fixed_22_12_4_0_0_6u_config2_U0/grp_compute_output_buffer_2d_array_array_ap_fixed_22_12_4_0_0_6u_config2_s_fu_118/call_ln281_shift_line_buffer_array_ap_fixed_22_12_4_0_0_1u_config2_s_fu_131/void_conv_2d_buffer_resource_cl_stream_stream_weight_t_bias_t_line_buffer_1_U/lenet_mnist_cap64_hls_shift_line_buffer_array_ap_fixed_22_12_4_0_0_1u_config2_s_void_conv_2d_bufferbkb_core_U/ShiftRegMem_reg[2][13]/C is not reached by a timing clock
Related violations: <none>

TIMING-17#79 Critical Warning
Non-clocked sequential cell  
The clock pin conv_2d_cl_array_ap_fixed_1u_array_ap_fixed_22_12_4_0_0_6u_config2_U0/grp_compute_output_buffer_2d_array_array_ap_fixed_22_12_4_0_0_6u_config2_s_fu_118/call_ln281_shift_line_buffer_array_ap_fixed_22_12_4_0_0_1u_config2_s_fu_131/void_conv_2d_buffer_resource_cl_stream_stream_weight_t_bias_t_line_buffer_1_U/lenet_mnist_cap64_hls_shift_line_buffer_array_ap_fixed_22_12_4_0_0_1u_config2_s_void_conv_2d_bufferbkb_core_U/ShiftRegMem_reg[2][14]/C is not reached by a timing clock
Related violations: <none>

TIMING-17#80 Critical Warning
Non-clocked sequential cell  
The clock pin conv_2d_cl_array_ap_fixed_1u_array_ap_fixed_22_12_4_0_0_6u_config2_U0/grp_compute_output_buffer_2d_array_array_ap_fixed_22_12_4_0_0_6u_config2_s_fu_118/call_ln281_shift_line_buffer_array_ap_fixed_22_12_4_0_0_1u_config2_s_fu_131/void_conv_2d_buffer_resource_cl_stream_stream_weight_t_bias_t_line_buffer_1_U/lenet_mnist_cap64_hls_shift_line_buffer_array_ap_fixed_22_12_4_0_0_1u_config2_s_void_conv_2d_bufferbkb_core_U/ShiftRegMem_reg[2][15]/C is not reached by a timing clock
Related violations: <none>

TIMING-17#81 Critical Warning
Non-clocked sequential cell  
The clock pin conv_2d_cl_array_ap_fixed_1u_array_ap_fixed_22_12_4_0_0_6u_config2_U0/grp_compute_output_buffer_2d_array_array_ap_fixed_22_12_4_0_0_6u_config2_s_fu_118/call_ln281_shift_line_buffer_array_ap_fixed_22_12_4_0_0_1u_config2_s_fu_131/void_conv_2d_buffer_resource_cl_stream_stream_weight_t_bias_t_line_buffer_1_U/lenet_mnist_cap64_hls_shift_line_buffer_array_ap_fixed_22_12_4_0_0_1u_config2_s_void_conv_2d_bufferbkb_core_U/ShiftRegMem_reg[2][16]/C is not reached by a timing clock
Related violations: <none>

TIMING-17#82 Critical Warning
Non-clocked sequential cell  
The clock pin conv_2d_cl_array_ap_fixed_1u_array_ap_fixed_22_12_4_0_0_6u_config2_U0/grp_compute_output_buffer_2d_array_array_ap_fixed_22_12_4_0_0_6u_config2_s_fu_118/call_ln281_shift_line_buffer_array_ap_fixed_22_12_4_0_0_1u_config2_s_fu_131/void_conv_2d_buffer_resource_cl_stream_stream_weight_t_bias_t_line_buffer_1_U/lenet_mnist_cap64_hls_shift_line_buffer_array_ap_fixed_22_12_4_0_0_1u_config2_s_void_conv_2d_bufferbkb_core_U/ShiftRegMem_reg[2][17]/C is not reached by a timing clock
Related violations: <none>

TIMING-17#83 Critical Warning
Non-clocked sequential cell  
The clock pin conv_2d_cl_array_ap_fixed_1u_array_ap_fixed_22_12_4_0_0_6u_config2_U0/grp_compute_output_buffer_2d_array_array_ap_fixed_22_12_4_0_0_6u_config2_s_fu_118/call_ln281_shift_line_buffer_array_ap_fixed_22_12_4_0_0_1u_config2_s_fu_131/void_conv_2d_buffer_resource_cl_stream_stream_weight_t_bias_t_line_buffer_1_U/lenet_mnist_cap64_hls_shift_line_buffer_array_ap_fixed_22_12_4_0_0_1u_config2_s_void_conv_2d_bufferbkb_core_U/ShiftRegMem_reg[2][18]/C is not reached by a timing clock
Related violations: <none>

TIMING-17#84 Critical Warning
Non-clocked sequential cell  
The clock pin conv_2d_cl_array_ap_fixed_1u_array_ap_fixed_22_12_4_0_0_6u_config2_U0/grp_compute_output_buffer_2d_array_array_ap_fixed_22_12_4_0_0_6u_config2_s_fu_118/call_ln281_shift_line_buffer_array_ap_fixed_22_12_4_0_0_1u_config2_s_fu_131/void_conv_2d_buffer_resource_cl_stream_stream_weight_t_bias_t_line_buffer_1_U/lenet_mnist_cap64_hls_shift_line_buffer_array_ap_fixed_22_12_4_0_0_1u_config2_s_void_conv_2d_bufferbkb_core_U/ShiftRegMem_reg[2][19]/C is not reached by a timing clock
Related violations: <none>

TIMING-17#85 Critical Warning
Non-clocked sequential cell  
The clock pin conv_2d_cl_array_ap_fixed_1u_array_ap_fixed_22_12_4_0_0_6u_config2_U0/grp_compute_output_buffer_2d_array_array_ap_fixed_22_12_4_0_0_6u_config2_s_fu_118/call_ln281_shift_line_buffer_array_ap_fixed_22_12_4_0_0_1u_config2_s_fu_131/void_conv_2d_buffer_resource_cl_stream_stream_weight_t_bias_t_line_buffer_1_U/lenet_mnist_cap64_hls_shift_line_buffer_array_ap_fixed_22_12_4_0_0_1u_config2_s_void_conv_2d_bufferbkb_core_U/ShiftRegMem_reg[2][1]/C is not reached by a timing clock
Related violations: <none>

TIMING-17#86 Critical Warning
Non-clocked sequential cell  
The clock pin conv_2d_cl_array_ap_fixed_1u_array_ap_fixed_22_12_4_0_0_6u_config2_U0/grp_compute_output_buffer_2d_array_array_ap_fixed_22_12_4_0_0_6u_config2_s_fu_118/call_ln281_shift_line_buffer_array_ap_fixed_22_12_4_0_0_1u_config2_s_fu_131/void_conv_2d_buffer_resource_cl_stream_stream_weight_t_bias_t_line_buffer_1_U/lenet_mnist_cap64_hls_shift_line_buffer_array_ap_fixed_22_12_4_0_0_1u_config2_s_void_conv_2d_bufferbkb_core_U/ShiftRegMem_reg[2][20]/C is not reached by a timing clock
Related violations: <none>

TIMING-17#87 Critical Warning
Non-clocked sequential cell  
The clock pin conv_2d_cl_array_ap_fixed_1u_array_ap_fixed_22_12_4_0_0_6u_config2_U0/grp_compute_output_buffer_2d_array_array_ap_fixed_22_12_4_0_0_6u_config2_s_fu_118/call_ln281_shift_line_buffer_array_ap_fixed_22_12_4_0_0_1u_config2_s_fu_131/void_conv_2d_buffer_resource_cl_stream_stream_weight_t_bias_t_line_buffer_1_U/lenet_mnist_cap64_hls_shift_line_buffer_array_ap_fixed_22_12_4_0_0_1u_config2_s_void_conv_2d_bufferbkb_core_U/ShiftRegMem_reg[2][21]/C is not reached by a timing clock
Related violations: <none>

TIMING-17#88 Critical Warning
Non-clocked sequential cell  
The clock pin conv_2d_cl_array_ap_fixed_1u_array_ap_fixed_22_12_4_0_0_6u_config2_U0/grp_compute_output_buffer_2d_array_array_ap_fixed_22_12_4_0_0_6u_config2_s_fu_118/call_ln281_shift_line_buffer_array_ap_fixed_22_12_4_0_0_1u_config2_s_fu_131/void_conv_2d_buffer_resource_cl_stream_stream_weight_t_bias_t_line_buffer_1_U/lenet_mnist_cap64_hls_shift_line_buffer_array_ap_fixed_22_12_4_0_0_1u_config2_s_void_conv_2d_bufferbkb_core_U/ShiftRegMem_reg[2][2]/C is not reached by a timing clock
Related violations: <none>

TIMING-17#89 Critical Warning
Non-clocked sequential cell  
The clock pin conv_2d_cl_array_ap_fixed_1u_array_ap_fixed_22_12_4_0_0_6u_config2_U0/grp_compute_output_buffer_2d_array_array_ap_fixed_22_12_4_0_0_6u_config2_s_fu_118/call_ln281_shift_line_buffer_array_ap_fixed_22_12_4_0_0_1u_config2_s_fu_131/void_conv_2d_buffer_resource_cl_stream_stream_weight_t_bias_t_line_buffer_1_U/lenet_mnist_cap64_hls_shift_line_buffer_array_ap_fixed_22_12_4_0_0_1u_config2_s_void_conv_2d_bufferbkb_core_U/ShiftRegMem_reg[2][3]/C is not reached by a timing clock
Related violations: <none>

TIMING-17#90 Critical Warning
Non-clocked sequential cell  
The clock pin conv_2d_cl_array_ap_fixed_1u_array_ap_fixed_22_12_4_0_0_6u_config2_U0/grp_compute_output_buffer_2d_array_array_ap_fixed_22_12_4_0_0_6u_config2_s_fu_118/call_ln281_shift_line_buffer_array_ap_fixed_22_12_4_0_0_1u_config2_s_fu_131/void_conv_2d_buffer_resource_cl_stream_stream_weight_t_bias_t_line_buffer_1_U/lenet_mnist_cap64_hls_shift_line_buffer_array_ap_fixed_22_12_4_0_0_1u_config2_s_void_conv_2d_bufferbkb_core_U/ShiftRegMem_reg[2][4]/C is not reached by a timing clock
Related violations: <none>

TIMING-17#91 Critical Warning
Non-clocked sequential cell  
The clock pin conv_2d_cl_array_ap_fixed_1u_array_ap_fixed_22_12_4_0_0_6u_config2_U0/grp_compute_output_buffer_2d_array_array_ap_fixed_22_12_4_0_0_6u_config2_s_fu_118/call_ln281_shift_line_buffer_array_ap_fixed_22_12_4_0_0_1u_config2_s_fu_131/void_conv_2d_buffer_resource_cl_stream_stream_weight_t_bias_t_line_buffer_1_U/lenet_mnist_cap64_hls_shift_line_buffer_array_ap_fixed_22_12_4_0_0_1u_config2_s_void_conv_2d_bufferbkb_core_U/ShiftRegMem_reg[2][5]/C is not reached by a timing clock
Related violations: <none>

TIMING-17#92 Critical Warning
Non-clocked sequential cell  
The clock pin conv_2d_cl_array_ap_fixed_1u_array_ap_fixed_22_12_4_0_0_6u_config2_U0/grp_compute_output_buffer_2d_array_array_ap_fixed_22_12_4_0_0_6u_config2_s_fu_118/call_ln281_shift_line_buffer_array_ap_fixed_22_12_4_0_0_1u_config2_s_fu_131/void_conv_2d_buffer_resource_cl_stream_stream_weight_t_bias_t_line_buffer_1_U/lenet_mnist_cap64_hls_shift_line_buffer_array_ap_fixed_22_12_4_0_0_1u_config2_s_void_conv_2d_bufferbkb_core_U/ShiftRegMem_reg[2][6]/C is not reached by a timing clock
Related violations: <none>

TIMING-17#93 Critical Warning
Non-clocked sequential cell  
The clock pin conv_2d_cl_array_ap_fixed_1u_array_ap_fixed_22_12_4_0_0_6u_config2_U0/grp_compute_output_buffer_2d_array_array_ap_fixed_22_12_4_0_0_6u_config2_s_fu_118/call_ln281_shift_line_buffer_array_ap_fixed_22_12_4_0_0_1u_config2_s_fu_131/void_conv_2d_buffer_resource_cl_stream_stream_weight_t_bias_t_line_buffer_1_U/lenet_mnist_cap64_hls_shift_line_buffer_array_ap_fixed_22_12_4_0_0_1u_config2_s_void_conv_2d_bufferbkb_core_U/ShiftRegMem_reg[2][7]/C is not reached by a timing clock
Related violations: <none>

TIMING-17#94 Critical Warning
Non-clocked sequential cell  
The clock pin conv_2d_cl_array_ap_fixed_1u_array_ap_fixed_22_12_4_0_0_6u_config2_U0/grp_compute_output_buffer_2d_array_array_ap_fixed_22_12_4_0_0_6u_config2_s_fu_118/call_ln281_shift_line_buffer_array_ap_fixed_22_12_4_0_0_1u_config2_s_fu_131/void_conv_2d_buffer_resource_cl_stream_stream_weight_t_bias_t_line_buffer_1_U/lenet_mnist_cap64_hls_shift_line_buffer_array_ap_fixed_22_12_4_0_0_1u_config2_s_void_conv_2d_bufferbkb_core_U/ShiftRegMem_reg[2][8]/C is not reached by a timing clock
Related violations: <none>

TIMING-17#95 Critical Warning
Non-clocked sequential cell  
The clock pin conv_2d_cl_array_ap_fixed_1u_array_ap_fixed_22_12_4_0_0_6u_config2_U0/grp_compute_output_buffer_2d_array_array_ap_fixed_22_12_4_0_0_6u_config2_s_fu_118/call_ln281_shift_line_buffer_array_ap_fixed_22_12_4_0_0_1u_config2_s_fu_131/void_conv_2d_buffer_resource_cl_stream_stream_weight_t_bias_t_line_buffer_1_U/lenet_mnist_cap64_hls_shift_line_buffer_array_ap_fixed_22_12_4_0_0_1u_config2_s_void_conv_2d_bufferbkb_core_U/ShiftRegMem_reg[2][9]/C is not reached by a timing clock
Related violations: <none>

TIMING-17#96 Critical Warning
Non-clocked sequential cell  
The clock pin conv_2d_cl_array_ap_fixed_1u_array_ap_fixed_22_12_4_0_0_6u_config2_U0/grp_compute_output_buffer_2d_array_array_ap_fixed_22_12_4_0_0_6u_config2_s_fu_118/call_ln281_shift_line_buffer_array_ap_fixed_22_12_4_0_0_1u_config2_s_fu_131/void_conv_2d_buffer_resource_cl_stream_stream_weight_t_bias_t_line_buffer_1_U/lenet_mnist_cap64_hls_shift_line_buffer_array_ap_fixed_22_12_4_0_0_1u_config2_s_void_conv_2d_bufferbkb_core_U/ShiftRegMem_reg[3][0]/C is not reached by a timing clock
Related violations: <none>

TIMING-17#97 Critical Warning
Non-clocked sequential cell  
The clock pin conv_2d_cl_array_ap_fixed_1u_array_ap_fixed_22_12_4_0_0_6u_config2_U0/grp_compute_output_buffer_2d_array_array_ap_fixed_22_12_4_0_0_6u_config2_s_fu_118/call_ln281_shift_line_buffer_array_ap_fixed_22_12_4_0_0_1u_config2_s_fu_131/void_conv_2d_buffer_resource_cl_stream_stream_weight_t_bias_t_line_buffer_1_U/lenet_mnist_cap64_hls_shift_line_buffer_array_ap_fixed_22_12_4_0_0_1u_config2_s_void_conv_2d_bufferbkb_core_U/ShiftRegMem_reg[3][10]/C is not reached by a timing clock
Related violations: <none>

TIMING-17#98 Critical Warning
Non-clocked sequential cell  
The clock pin conv_2d_cl_array_ap_fixed_1u_array_ap_fixed_22_12_4_0_0_6u_config2_U0/grp_compute_output_buffer_2d_array_array_ap_fixed_22_12_4_0_0_6u_config2_s_fu_118/call_ln281_shift_line_buffer_array_ap_fixed_22_12_4_0_0_1u_config2_s_fu_131/void_conv_2d_buffer_resource_cl_stream_stream_weight_t_bias_t_line_buffer_1_U/lenet_mnist_cap64_hls_shift_line_buffer_array_ap_fixed_22_12_4_0_0_1u_config2_s_void_conv_2d_bufferbkb_core_U/ShiftRegMem_reg[3][11]/C is not reached by a timing clock
Related violations: <none>

TIMING-17#99 Critical Warning
Non-clocked sequential cell  
The clock pin conv_2d_cl_array_ap_fixed_1u_array_ap_fixed_22_12_4_0_0_6u_config2_U0/grp_compute_output_buffer_2d_array_array_ap_fixed_22_12_4_0_0_6u_config2_s_fu_118/call_ln281_shift_line_buffer_array_ap_fixed_22_12_4_0_0_1u_config2_s_fu_131/void_conv_2d_buffer_resource_cl_stream_stream_weight_t_bias_t_line_buffer_1_U/lenet_mnist_cap64_hls_shift_line_buffer_array_ap_fixed_22_12_4_0_0_1u_config2_s_void_conv_2d_bufferbkb_core_U/ShiftRegMem_reg[3][12]/C is not reached by a timing clock
Related violations: <none>

TIMING-17#100 Critical Warning
Non-clocked sequential cell  
The clock pin conv_2d_cl_array_ap_fixed_1u_array_ap_fixed_22_12_4_0_0_6u_config2_U0/grp_compute_output_buffer_2d_array_array_ap_fixed_22_12_4_0_0_6u_config2_s_fu_118/call_ln281_shift_line_buffer_array_ap_fixed_22_12_4_0_0_1u_config2_s_fu_131/void_conv_2d_buffer_resource_cl_stream_stream_weight_t_bias_t_line_buffer_1_U/lenet_mnist_cap64_hls_shift_line_buffer_array_ap_fixed_22_12_4_0_0_1u_config2_s_void_conv_2d_bufferbkb_core_U/ShiftRegMem_reg[3][13]/C is not reached by a timing clock
Related violations: <none>

TIMING-17#101 Critical Warning
Non-clocked sequential cell  
The clock pin conv_2d_cl_array_ap_fixed_1u_array_ap_fixed_22_12_4_0_0_6u_config2_U0/grp_compute_output_buffer_2d_array_array_ap_fixed_22_12_4_0_0_6u_config2_s_fu_118/call_ln281_shift_line_buffer_array_ap_fixed_22_12_4_0_0_1u_config2_s_fu_131/void_conv_2d_buffer_resource_cl_stream_stream_weight_t_bias_t_line_buffer_1_U/lenet_mnist_cap64_hls_shift_line_buffer_array_ap_fixed_22_12_4_0_0_1u_config2_s_void_conv_2d_bufferbkb_core_U/ShiftRegMem_reg[3][14]/C is not reached by a timing clock
Related violations: <none>

TIMING-17#102 Critical Warning
Non-clocked sequential cell  
The clock pin conv_2d_cl_array_ap_fixed_1u_array_ap_fixed_22_12_4_0_0_6u_config2_U0/grp_compute_output_buffer_2d_array_array_ap_fixed_22_12_4_0_0_6u_config2_s_fu_118/call_ln281_shift_line_buffer_array_ap_fixed_22_12_4_0_0_1u_config2_s_fu_131/void_conv_2d_buffer_resource_cl_stream_stream_weight_t_bias_t_line_buffer_1_U/lenet_mnist_cap64_hls_shift_line_buffer_array_ap_fixed_22_12_4_0_0_1u_config2_s_void_conv_2d_bufferbkb_core_U/ShiftRegMem_reg[3][15]/C is not reached by a timing clock
Related violations: <none>

TIMING-17#103 Critical Warning
Non-clocked sequential cell  
The clock pin conv_2d_cl_array_ap_fixed_1u_array_ap_fixed_22_12_4_0_0_6u_config2_U0/grp_compute_output_buffer_2d_array_array_ap_fixed_22_12_4_0_0_6u_config2_s_fu_118/call_ln281_shift_line_buffer_array_ap_fixed_22_12_4_0_0_1u_config2_s_fu_131/void_conv_2d_buffer_resource_cl_stream_stream_weight_t_bias_t_line_buffer_1_U/lenet_mnist_cap64_hls_shift_line_buffer_array_ap_fixed_22_12_4_0_0_1u_config2_s_void_conv_2d_bufferbkb_core_U/ShiftRegMem_reg[3][16]/C is not reached by a timing clock
Related violations: <none>

TIMING-17#104 Critical Warning
Non-clocked sequential cell  
The clock pin conv_2d_cl_array_ap_fixed_1u_array_ap_fixed_22_12_4_0_0_6u_config2_U0/grp_compute_output_buffer_2d_array_array_ap_fixed_22_12_4_0_0_6u_config2_s_fu_118/call_ln281_shift_line_buffer_array_ap_fixed_22_12_4_0_0_1u_config2_s_fu_131/void_conv_2d_buffer_resource_cl_stream_stream_weight_t_bias_t_line_buffer_1_U/lenet_mnist_cap64_hls_shift_line_buffer_array_ap_fixed_22_12_4_0_0_1u_config2_s_void_conv_2d_bufferbkb_core_U/ShiftRegMem_reg[3][17]/C is not reached by a timing clock
Related violations: <none>

TIMING-17#105 Critical Warning
Non-clocked sequential cell  
The clock pin conv_2d_cl_array_ap_fixed_1u_array_ap_fixed_22_12_4_0_0_6u_config2_U0/grp_compute_output_buffer_2d_array_array_ap_fixed_22_12_4_0_0_6u_config2_s_fu_118/call_ln281_shift_line_buffer_array_ap_fixed_22_12_4_0_0_1u_config2_s_fu_131/void_conv_2d_buffer_resource_cl_stream_stream_weight_t_bias_t_line_buffer_1_U/lenet_mnist_cap64_hls_shift_line_buffer_array_ap_fixed_22_12_4_0_0_1u_config2_s_void_conv_2d_bufferbkb_core_U/ShiftRegMem_reg[3][18]/C is not reached by a timing clock
Related violations: <none>

TIMING-17#106 Critical Warning
Non-clocked sequential cell  
The clock pin conv_2d_cl_array_ap_fixed_1u_array_ap_fixed_22_12_4_0_0_6u_config2_U0/grp_compute_output_buffer_2d_array_array_ap_fixed_22_12_4_0_0_6u_config2_s_fu_118/call_ln281_shift_line_buffer_array_ap_fixed_22_12_4_0_0_1u_config2_s_fu_131/void_conv_2d_buffer_resource_cl_stream_stream_weight_t_bias_t_line_buffer_1_U/lenet_mnist_cap64_hls_shift_line_buffer_array_ap_fixed_22_12_4_0_0_1u_config2_s_void_conv_2d_bufferbkb_core_U/ShiftRegMem_reg[3][19]/C is not reached by a timing clock
Related violations: <none>

TIMING-17#107 Critical Warning
Non-clocked sequential cell  
The clock pin conv_2d_cl_array_ap_fixed_1u_array_ap_fixed_22_12_4_0_0_6u_config2_U0/grp_compute_output_buffer_2d_array_array_ap_fixed_22_12_4_0_0_6u_config2_s_fu_118/call_ln281_shift_line_buffer_array_ap_fixed_22_12_4_0_0_1u_config2_s_fu_131/void_conv_2d_buffer_resource_cl_stream_stream_weight_t_bias_t_line_buffer_1_U/lenet_mnist_cap64_hls_shift_line_buffer_array_ap_fixed_22_12_4_0_0_1u_config2_s_void_conv_2d_bufferbkb_core_U/ShiftRegMem_reg[3][1]/C is not reached by a timing clock
Related violations: <none>

TIMING-17#108 Critical Warning
Non-clocked sequential cell  
The clock pin conv_2d_cl_array_ap_fixed_1u_array_ap_fixed_22_12_4_0_0_6u_config2_U0/grp_compute_output_buffer_2d_array_array_ap_fixed_22_12_4_0_0_6u_config2_s_fu_118/call_ln281_shift_line_buffer_array_ap_fixed_22_12_4_0_0_1u_config2_s_fu_131/void_conv_2d_buffer_resource_cl_stream_stream_weight_t_bias_t_line_buffer_1_U/lenet_mnist_cap64_hls_shift_line_buffer_array_ap_fixed_22_12_4_0_0_1u_config2_s_void_conv_2d_bufferbkb_core_U/ShiftRegMem_reg[3][20]/C is not reached by a timing clock
Related violations: <none>

TIMING-17#109 Critical Warning
Non-clocked sequential cell  
The clock pin conv_2d_cl_array_ap_fixed_1u_array_ap_fixed_22_12_4_0_0_6u_config2_U0/grp_compute_output_buffer_2d_array_array_ap_fixed_22_12_4_0_0_6u_config2_s_fu_118/call_ln281_shift_line_buffer_array_ap_fixed_22_12_4_0_0_1u_config2_s_fu_131/void_conv_2d_buffer_resource_cl_stream_stream_weight_t_bias_t_line_buffer_1_U/lenet_mnist_cap64_hls_shift_line_buffer_array_ap_fixed_22_12_4_0_0_1u_config2_s_void_conv_2d_bufferbkb_core_U/ShiftRegMem_reg[3][21]/C is not reached by a timing clock
Related violations: <none>

TIMING-17#110 Critical Warning
Non-clocked sequential cell  
The clock pin conv_2d_cl_array_ap_fixed_1u_array_ap_fixed_22_12_4_0_0_6u_config2_U0/grp_compute_output_buffer_2d_array_array_ap_fixed_22_12_4_0_0_6u_config2_s_fu_118/call_ln281_shift_line_buffer_array_ap_fixed_22_12_4_0_0_1u_config2_s_fu_131/void_conv_2d_buffer_resource_cl_stream_stream_weight_t_bias_t_line_buffer_1_U/lenet_mnist_cap64_hls_shift_line_buffer_array_ap_fixed_22_12_4_0_0_1u_config2_s_void_conv_2d_bufferbkb_core_U/ShiftRegMem_reg[3][2]/C is not reached by a timing clock
Related violations: <none>

TIMING-17#111 Critical Warning
Non-clocked sequential cell  
The clock pin conv_2d_cl_array_ap_fixed_1u_array_ap_fixed_22_12_4_0_0_6u_config2_U0/grp_compute_output_buffer_2d_array_array_ap_fixed_22_12_4_0_0_6u_config2_s_fu_118/call_ln281_shift_line_buffer_array_ap_fixed_22_12_4_0_0_1u_config2_s_fu_131/void_conv_2d_buffer_resource_cl_stream_stream_weight_t_bias_t_line_buffer_1_U/lenet_mnist_cap64_hls_shift_line_buffer_array_ap_fixed_22_12_4_0_0_1u_config2_s_void_conv_2d_bufferbkb_core_U/ShiftRegMem_reg[3][3]/C is not reached by a timing clock
Related violations: <none>

TIMING-17#112 Critical Warning
Non-clocked sequential cell  
The clock pin conv_2d_cl_array_ap_fixed_1u_array_ap_fixed_22_12_4_0_0_6u_config2_U0/grp_compute_output_buffer_2d_array_array_ap_fixed_22_12_4_0_0_6u_config2_s_fu_118/call_ln281_shift_line_buffer_array_ap_fixed_22_12_4_0_0_1u_config2_s_fu_131/void_conv_2d_buffer_resource_cl_stream_stream_weight_t_bias_t_line_buffer_1_U/lenet_mnist_cap64_hls_shift_line_buffer_array_ap_fixed_22_12_4_0_0_1u_config2_s_void_conv_2d_bufferbkb_core_U/ShiftRegMem_reg[3][4]/C is not reached by a timing clock
Related violations: <none>

TIMING-17#113 Critical Warning
Non-clocked sequential cell  
The clock pin conv_2d_cl_array_ap_fixed_1u_array_ap_fixed_22_12_4_0_0_6u_config2_U0/grp_compute_output_buffer_2d_array_array_ap_fixed_22_12_4_0_0_6u_config2_s_fu_118/call_ln281_shift_line_buffer_array_ap_fixed_22_12_4_0_0_1u_config2_s_fu_131/void_conv_2d_buffer_resource_cl_stream_stream_weight_t_bias_t_line_buffer_1_U/lenet_mnist_cap64_hls_shift_line_buffer_array_ap_fixed_22_12_4_0_0_1u_config2_s_void_conv_2d_bufferbkb_core_U/ShiftRegMem_reg[3][5]/C is not reached by a timing clock
Related violations: <none>

TIMING-17#114 Critical Warning
Non-clocked sequential cell  
The clock pin conv_2d_cl_array_ap_fixed_1u_array_ap_fixed_22_12_4_0_0_6u_config2_U0/grp_compute_output_buffer_2d_array_array_ap_fixed_22_12_4_0_0_6u_config2_s_fu_118/call_ln281_shift_line_buffer_array_ap_fixed_22_12_4_0_0_1u_config2_s_fu_131/void_conv_2d_buffer_resource_cl_stream_stream_weight_t_bias_t_line_buffer_1_U/lenet_mnist_cap64_hls_shift_line_buffer_array_ap_fixed_22_12_4_0_0_1u_config2_s_void_conv_2d_bufferbkb_core_U/ShiftRegMem_reg[3][6]/C is not reached by a timing clock
Related violations: <none>

TIMING-17#115 Critical Warning
Non-clocked sequential cell  
The clock pin conv_2d_cl_array_ap_fixed_1u_array_ap_fixed_22_12_4_0_0_6u_config2_U0/grp_compute_output_buffer_2d_array_array_ap_fixed_22_12_4_0_0_6u_config2_s_fu_118/call_ln281_shift_line_buffer_array_ap_fixed_22_12_4_0_0_1u_config2_s_fu_131/void_conv_2d_buffer_resource_cl_stream_stream_weight_t_bias_t_line_buffer_1_U/lenet_mnist_cap64_hls_shift_line_buffer_array_ap_fixed_22_12_4_0_0_1u_config2_s_void_conv_2d_bufferbkb_core_U/ShiftRegMem_reg[3][7]/C is not reached by a timing clock
Related violations: <none>

TIMING-17#116 Critical Warning
Non-clocked sequential cell  
The clock pin conv_2d_cl_array_ap_fixed_1u_array_ap_fixed_22_12_4_0_0_6u_config2_U0/grp_compute_output_buffer_2d_array_array_ap_fixed_22_12_4_0_0_6u_config2_s_fu_118/call_ln281_shift_line_buffer_array_ap_fixed_22_12_4_0_0_1u_config2_s_fu_131/void_conv_2d_buffer_resource_cl_stream_stream_weight_t_bias_t_line_buffer_1_U/lenet_mnist_cap64_hls_shift_line_buffer_array_ap_fixed_22_12_4_0_0_1u_config2_s_void_conv_2d_bufferbkb_core_U/ShiftRegMem_reg[3][8]/C is not reached by a timing clock
Related violations: <none>

TIMING-17#117 Critical Warning
Non-clocked sequential cell  
The clock pin conv_2d_cl_array_ap_fixed_1u_array_ap_fixed_22_12_4_0_0_6u_config2_U0/grp_compute_output_buffer_2d_array_array_ap_fixed_22_12_4_0_0_6u_config2_s_fu_118/call_ln281_shift_line_buffer_array_ap_fixed_22_12_4_0_0_1u_config2_s_fu_131/void_conv_2d_buffer_resource_cl_stream_stream_weight_t_bias_t_line_buffer_1_U/lenet_mnist_cap64_hls_shift_line_buffer_array_ap_fixed_22_12_4_0_0_1u_config2_s_void_conv_2d_bufferbkb_core_U/ShiftRegMem_reg[3][9]/C is not reached by a timing clock
Related violations: <none>

TIMING-17#118 Critical Warning
Non-clocked sequential cell  
The clock pin conv_2d_cl_array_ap_fixed_1u_array_ap_fixed_22_12_4_0_0_6u_config2_U0/grp_compute_output_buffer_2d_array_array_ap_fixed_22_12_4_0_0_6u_config2_s_fu_118/call_ln281_shift_line_buffer_array_ap_fixed_22_12_4_0_0_1u_config2_s_fu_131/void_conv_2d_buffer_resource_cl_stream_stream_weight_t_bias_t_line_buffer_1_U/lenet_mnist_cap64_hls_shift_line_buffer_array_ap_fixed_22_12_4_0_0_1u_config2_s_void_conv_2d_bufferbkb_core_U/ShiftRegMem_reg[4][0]/C is not reached by a timing clock
Related violations: <none>

TIMING-17#119 Critical Warning
Non-clocked sequential cell  
The clock pin conv_2d_cl_array_ap_fixed_1u_array_ap_fixed_22_12_4_0_0_6u_config2_U0/grp_compute_output_buffer_2d_array_array_ap_fixed_22_12_4_0_0_6u_config2_s_fu_118/call_ln281_shift_line_buffer_array_ap_fixed_22_12_4_0_0_1u_config2_s_fu_131/void_conv_2d_buffer_resource_cl_stream_stream_weight_t_bias_t_line_buffer_1_U/lenet_mnist_cap64_hls_shift_line_buffer_array_ap_fixed_22_12_4_0_0_1u_config2_s_void_conv_2d_bufferbkb_core_U/ShiftRegMem_reg[4][10]/C is not reached by a timing clock
Related violations: <none>

TIMING-17#120 Critical Warning
Non-clocked sequential cell  
The clock pin conv_2d_cl_array_ap_fixed_1u_array_ap_fixed_22_12_4_0_0_6u_config2_U0/grp_compute_output_buffer_2d_array_array_ap_fixed_22_12_4_0_0_6u_config2_s_fu_118/call_ln281_shift_line_buffer_array_ap_fixed_22_12_4_0_0_1u_config2_s_fu_131/void_conv_2d_buffer_resource_cl_stream_stream_weight_t_bias_t_line_buffer_1_U/lenet_mnist_cap64_hls_shift_line_buffer_array_ap_fixed_22_12_4_0_0_1u_config2_s_void_conv_2d_bufferbkb_core_U/ShiftRegMem_reg[4][11]/C is not reached by a timing clock
Related violations: <none>

TIMING-17#121 Critical Warning
Non-clocked sequential cell  
The clock pin conv_2d_cl_array_ap_fixed_1u_array_ap_fixed_22_12_4_0_0_6u_config2_U0/grp_compute_output_buffer_2d_array_array_ap_fixed_22_12_4_0_0_6u_config2_s_fu_118/call_ln281_shift_line_buffer_array_ap_fixed_22_12_4_0_0_1u_config2_s_fu_131/void_conv_2d_buffer_resource_cl_stream_stream_weight_t_bias_t_line_buffer_1_U/lenet_mnist_cap64_hls_shift_line_buffer_array_ap_fixed_22_12_4_0_0_1u_config2_s_void_conv_2d_bufferbkb_core_U/ShiftRegMem_reg[4][12]/C is not reached by a timing clock
Related violations: <none>

TIMING-17#122 Critical Warning
Non-clocked sequential cell  
The clock pin conv_2d_cl_array_ap_fixed_1u_array_ap_fixed_22_12_4_0_0_6u_config2_U0/grp_compute_output_buffer_2d_array_array_ap_fixed_22_12_4_0_0_6u_config2_s_fu_118/call_ln281_shift_line_buffer_array_ap_fixed_22_12_4_0_0_1u_config2_s_fu_131/void_conv_2d_buffer_resource_cl_stream_stream_weight_t_bias_t_line_buffer_1_U/lenet_mnist_cap64_hls_shift_line_buffer_array_ap_fixed_22_12_4_0_0_1u_config2_s_void_conv_2d_bufferbkb_core_U/ShiftRegMem_reg[4][13]/C is not reached by a timing clock
Related violations: <none>

TIMING-17#123 Critical Warning
Non-clocked sequential cell  
The clock pin conv_2d_cl_array_ap_fixed_1u_array_ap_fixed_22_12_4_0_0_6u_config2_U0/grp_compute_output_buffer_2d_array_array_ap_fixed_22_12_4_0_0_6u_config2_s_fu_118/call_ln281_shift_line_buffer_array_ap_fixed_22_12_4_0_0_1u_config2_s_fu_131/void_conv_2d_buffer_resource_cl_stream_stream_weight_t_bias_t_line_buffer_1_U/lenet_mnist_cap64_hls_shift_line_buffer_array_ap_fixed_22_12_4_0_0_1u_config2_s_void_conv_2d_bufferbkb_core_U/ShiftRegMem_reg[4][14]/C is not reached by a timing clock
Related violations: <none>

TIMING-17#124 Critical Warning
Non-clocked sequential cell  
The clock pin conv_2d_cl_array_ap_fixed_1u_array_ap_fixed_22_12_4_0_0_6u_config2_U0/grp_compute_output_buffer_2d_array_array_ap_fixed_22_12_4_0_0_6u_config2_s_fu_118/call_ln281_shift_line_buffer_array_ap_fixed_22_12_4_0_0_1u_config2_s_fu_131/void_conv_2d_buffer_resource_cl_stream_stream_weight_t_bias_t_line_buffer_1_U/lenet_mnist_cap64_hls_shift_line_buffer_array_ap_fixed_22_12_4_0_0_1u_config2_s_void_conv_2d_bufferbkb_core_U/ShiftRegMem_reg[4][15]/C is not reached by a timing clock
Related violations: <none>

TIMING-17#125 Critical Warning
Non-clocked sequential cell  
The clock pin conv_2d_cl_array_ap_fixed_1u_array_ap_fixed_22_12_4_0_0_6u_config2_U0/grp_compute_output_buffer_2d_array_array_ap_fixed_22_12_4_0_0_6u_config2_s_fu_118/call_ln281_shift_line_buffer_array_ap_fixed_22_12_4_0_0_1u_config2_s_fu_131/void_conv_2d_buffer_resource_cl_stream_stream_weight_t_bias_t_line_buffer_1_U/lenet_mnist_cap64_hls_shift_line_buffer_array_ap_fixed_22_12_4_0_0_1u_config2_s_void_conv_2d_bufferbkb_core_U/ShiftRegMem_reg[4][16]/C is not reached by a timing clock
Related violations: <none>

TIMING-17#126 Critical Warning
Non-clocked sequential cell  
The clock pin conv_2d_cl_array_ap_fixed_1u_array_ap_fixed_22_12_4_0_0_6u_config2_U0/grp_compute_output_buffer_2d_array_array_ap_fixed_22_12_4_0_0_6u_config2_s_fu_118/call_ln281_shift_line_buffer_array_ap_fixed_22_12_4_0_0_1u_config2_s_fu_131/void_conv_2d_buffer_resource_cl_stream_stream_weight_t_bias_t_line_buffer_1_U/lenet_mnist_cap64_hls_shift_line_buffer_array_ap_fixed_22_12_4_0_0_1u_config2_s_void_conv_2d_bufferbkb_core_U/ShiftRegMem_reg[4][17]/C is not reached by a timing clock
Related violations: <none>

TIMING-17#127 Critical Warning
Non-clocked sequential cell  
The clock pin conv_2d_cl_array_ap_fixed_1u_array_ap_fixed_22_12_4_0_0_6u_config2_U0/grp_compute_output_buffer_2d_array_array_ap_fixed_22_12_4_0_0_6u_config2_s_fu_118/call_ln281_shift_line_buffer_array_ap_fixed_22_12_4_0_0_1u_config2_s_fu_131/void_conv_2d_buffer_resource_cl_stream_stream_weight_t_bias_t_line_buffer_1_U/lenet_mnist_cap64_hls_shift_line_buffer_array_ap_fixed_22_12_4_0_0_1u_config2_s_void_conv_2d_bufferbkb_core_U/ShiftRegMem_reg[4][18]/C is not reached by a timing clock
Related violations: <none>

TIMING-17#128 Critical Warning
Non-clocked sequential cell  
The clock pin conv_2d_cl_array_ap_fixed_1u_array_ap_fixed_22_12_4_0_0_6u_config2_U0/grp_compute_output_buffer_2d_array_array_ap_fixed_22_12_4_0_0_6u_config2_s_fu_118/call_ln281_shift_line_buffer_array_ap_fixed_22_12_4_0_0_1u_config2_s_fu_131/void_conv_2d_buffer_resource_cl_stream_stream_weight_t_bias_t_line_buffer_1_U/lenet_mnist_cap64_hls_shift_line_buffer_array_ap_fixed_22_12_4_0_0_1u_config2_s_void_conv_2d_bufferbkb_core_U/ShiftRegMem_reg[4][19]/C is not reached by a timing clock
Related violations: <none>

TIMING-17#129 Critical Warning
Non-clocked sequential cell  
The clock pin conv_2d_cl_array_ap_fixed_1u_array_ap_fixed_22_12_4_0_0_6u_config2_U0/grp_compute_output_buffer_2d_array_array_ap_fixed_22_12_4_0_0_6u_config2_s_fu_118/call_ln281_shift_line_buffer_array_ap_fixed_22_12_4_0_0_1u_config2_s_fu_131/void_conv_2d_buffer_resource_cl_stream_stream_weight_t_bias_t_line_buffer_1_U/lenet_mnist_cap64_hls_shift_line_buffer_array_ap_fixed_22_12_4_0_0_1u_config2_s_void_conv_2d_bufferbkb_core_U/ShiftRegMem_reg[4][1]/C is not reached by a timing clock
Related violations: <none>

TIMING-17#130 Critical Warning
Non-clocked sequential cell  
The clock pin conv_2d_cl_array_ap_fixed_1u_array_ap_fixed_22_12_4_0_0_6u_config2_U0/grp_compute_output_buffer_2d_array_array_ap_fixed_22_12_4_0_0_6u_config2_s_fu_118/call_ln281_shift_line_buffer_array_ap_fixed_22_12_4_0_0_1u_config2_s_fu_131/void_conv_2d_buffer_resource_cl_stream_stream_weight_t_bias_t_line_buffer_1_U/lenet_mnist_cap64_hls_shift_line_buffer_array_ap_fixed_22_12_4_0_0_1u_config2_s_void_conv_2d_bufferbkb_core_U/ShiftRegMem_reg[4][20]/C is not reached by a timing clock
Related violations: <none>

TIMING-17#131 Critical Warning
Non-clocked sequential cell  
The clock pin conv_2d_cl_array_ap_fixed_1u_array_ap_fixed_22_12_4_0_0_6u_config2_U0/grp_compute_output_buffer_2d_array_array_ap_fixed_22_12_4_0_0_6u_config2_s_fu_118/call_ln281_shift_line_buffer_array_ap_fixed_22_12_4_0_0_1u_config2_s_fu_131/void_conv_2d_buffer_resource_cl_stream_stream_weight_t_bias_t_line_buffer_1_U/lenet_mnist_cap64_hls_shift_line_buffer_array_ap_fixed_22_12_4_0_0_1u_config2_s_void_conv_2d_bufferbkb_core_U/ShiftRegMem_reg[4][21]/C is not reached by a timing clock
Related violations: <none>

TIMING-17#132 Critical Warning
Non-clocked sequential cell  
The clock pin conv_2d_cl_array_ap_fixed_1u_array_ap_fixed_22_12_4_0_0_6u_config2_U0/grp_compute_output_buffer_2d_array_array_ap_fixed_22_12_4_0_0_6u_config2_s_fu_118/call_ln281_shift_line_buffer_array_ap_fixed_22_12_4_0_0_1u_config2_s_fu_131/void_conv_2d_buffer_resource_cl_stream_stream_weight_t_bias_t_line_buffer_1_U/lenet_mnist_cap64_hls_shift_line_buffer_array_ap_fixed_22_12_4_0_0_1u_config2_s_void_conv_2d_bufferbkb_core_U/ShiftRegMem_reg[4][2]/C is not reached by a timing clock
Related violations: <none>

TIMING-17#133 Critical Warning
Non-clocked sequential cell  
The clock pin conv_2d_cl_array_ap_fixed_1u_array_ap_fixed_22_12_4_0_0_6u_config2_U0/grp_compute_output_buffer_2d_array_array_ap_fixed_22_12_4_0_0_6u_config2_s_fu_118/call_ln281_shift_line_buffer_array_ap_fixed_22_12_4_0_0_1u_config2_s_fu_131/void_conv_2d_buffer_resource_cl_stream_stream_weight_t_bias_t_line_buffer_1_U/lenet_mnist_cap64_hls_shift_line_buffer_array_ap_fixed_22_12_4_0_0_1u_config2_s_void_conv_2d_bufferbkb_core_U/ShiftRegMem_reg[4][3]/C is not reached by a timing clock
Related violations: <none>

TIMING-17#134 Critical Warning
Non-clocked sequential cell  
The clock pin conv_2d_cl_array_ap_fixed_1u_array_ap_fixed_22_12_4_0_0_6u_config2_U0/grp_compute_output_buffer_2d_array_array_ap_fixed_22_12_4_0_0_6u_config2_s_fu_118/call_ln281_shift_line_buffer_array_ap_fixed_22_12_4_0_0_1u_config2_s_fu_131/void_conv_2d_buffer_resource_cl_stream_stream_weight_t_bias_t_line_buffer_1_U/lenet_mnist_cap64_hls_shift_line_buffer_array_ap_fixed_22_12_4_0_0_1u_config2_s_void_conv_2d_bufferbkb_core_U/ShiftRegMem_reg[4][4]/C is not reached by a timing clock
Related violations: <none>

TIMING-17#135 Critical Warning
Non-clocked sequential cell  
The clock pin conv_2d_cl_array_ap_fixed_1u_array_ap_fixed_22_12_4_0_0_6u_config2_U0/grp_compute_output_buffer_2d_array_array_ap_fixed_22_12_4_0_0_6u_config2_s_fu_118/call_ln281_shift_line_buffer_array_ap_fixed_22_12_4_0_0_1u_config2_s_fu_131/void_conv_2d_buffer_resource_cl_stream_stream_weight_t_bias_t_line_buffer_1_U/lenet_mnist_cap64_hls_shift_line_buffer_array_ap_fixed_22_12_4_0_0_1u_config2_s_void_conv_2d_bufferbkb_core_U/ShiftRegMem_reg[4][5]/C is not reached by a timing clock
Related violations: <none>

TIMING-17#136 Critical Warning
Non-clocked sequential cell  
The clock pin conv_2d_cl_array_ap_fixed_1u_array_ap_fixed_22_12_4_0_0_6u_config2_U0/grp_compute_output_buffer_2d_array_array_ap_fixed_22_12_4_0_0_6u_config2_s_fu_118/call_ln281_shift_line_buffer_array_ap_fixed_22_12_4_0_0_1u_config2_s_fu_131/void_conv_2d_buffer_resource_cl_stream_stream_weight_t_bias_t_line_buffer_1_U/lenet_mnist_cap64_hls_shift_line_buffer_array_ap_fixed_22_12_4_0_0_1u_config2_s_void_conv_2d_bufferbkb_core_U/ShiftRegMem_reg[4][6]/C is not reached by a timing clock
Related violations: <none>

TIMING-17#137 Critical Warning
Non-clocked sequential cell  
The clock pin conv_2d_cl_array_ap_fixed_1u_array_ap_fixed_22_12_4_0_0_6u_config2_U0/grp_compute_output_buffer_2d_array_array_ap_fixed_22_12_4_0_0_6u_config2_s_fu_118/call_ln281_shift_line_buffer_array_ap_fixed_22_12_4_0_0_1u_config2_s_fu_131/void_conv_2d_buffer_resource_cl_stream_stream_weight_t_bias_t_line_buffer_1_U/lenet_mnist_cap64_hls_shift_line_buffer_array_ap_fixed_22_12_4_0_0_1u_config2_s_void_conv_2d_bufferbkb_core_U/ShiftRegMem_reg[4][7]/C is not reached by a timing clock
Related violations: <none>

TIMING-17#138 Critical Warning
Non-clocked sequential cell  
The clock pin conv_2d_cl_array_ap_fixed_1u_array_ap_fixed_22_12_4_0_0_6u_config2_U0/grp_compute_output_buffer_2d_array_array_ap_fixed_22_12_4_0_0_6u_config2_s_fu_118/call_ln281_shift_line_buffer_array_ap_fixed_22_12_4_0_0_1u_config2_s_fu_131/void_conv_2d_buffer_resource_cl_stream_stream_weight_t_bias_t_line_buffer_1_U/lenet_mnist_cap64_hls_shift_line_buffer_array_ap_fixed_22_12_4_0_0_1u_config2_s_void_conv_2d_bufferbkb_core_U/ShiftRegMem_reg[4][8]/C is not reached by a timing clock
Related violations: <none>

TIMING-17#139 Critical Warning
Non-clocked sequential cell  
The clock pin conv_2d_cl_array_ap_fixed_1u_array_ap_fixed_22_12_4_0_0_6u_config2_U0/grp_compute_output_buffer_2d_array_array_ap_fixed_22_12_4_0_0_6u_config2_s_fu_118/call_ln281_shift_line_buffer_array_ap_fixed_22_12_4_0_0_1u_config2_s_fu_131/void_conv_2d_buffer_resource_cl_stream_stream_weight_t_bias_t_line_buffer_1_U/lenet_mnist_cap64_hls_shift_line_buffer_array_ap_fixed_22_12_4_0_0_1u_config2_s_void_conv_2d_bufferbkb_core_U/ShiftRegMem_reg[4][9]/C is not reached by a timing clock
Related violations: <none>

TIMING-17#140 Critical Warning
Non-clocked sequential cell  
The clock pin conv_2d_cl_array_ap_fixed_1u_array_ap_fixed_22_12_4_0_0_6u_config2_U0/grp_compute_output_buffer_2d_array_array_ap_fixed_22_12_4_0_0_6u_config2_s_fu_118/call_ln281_shift_line_buffer_array_ap_fixed_22_12_4_0_0_1u_config2_s_fu_131/void_conv_2d_buffer_resource_cl_stream_stream_weight_t_bias_t_line_buffer_2_U/lenet_mnist_cap64_hls_shift_line_buffer_array_ap_fixed_22_12_4_0_0_1u_config2_s_void_conv_2d_bufferbkb_core_U/ShiftRegMem_reg[0][0]__0/C is not reached by a timing clock
Related violations: <none>

TIMING-17#141 Critical Warning
Non-clocked sequential cell  
The clock pin conv_2d_cl_array_ap_fixed_1u_array_ap_fixed_22_12_4_0_0_6u_config2_U0/grp_compute_output_buffer_2d_array_array_ap_fixed_22_12_4_0_0_6u_config2_s_fu_118/call_ln281_shift_line_buffer_array_ap_fixed_22_12_4_0_0_1u_config2_s_fu_131/void_conv_2d_buffer_resource_cl_stream_stream_weight_t_bias_t_line_buffer_2_U/lenet_mnist_cap64_hls_shift_line_buffer_array_ap_fixed_22_12_4_0_0_1u_config2_s_void_conv_2d_bufferbkb_core_U/ShiftRegMem_reg[0][10]__0/C is not reached by a timing clock
Related violations: <none>

TIMING-17#142 Critical Warning
Non-clocked sequential cell  
The clock pin conv_2d_cl_array_ap_fixed_1u_array_ap_fixed_22_12_4_0_0_6u_config2_U0/grp_compute_output_buffer_2d_array_array_ap_fixed_22_12_4_0_0_6u_config2_s_fu_118/call_ln281_shift_line_buffer_array_ap_fixed_22_12_4_0_0_1u_config2_s_fu_131/void_conv_2d_buffer_resource_cl_stream_stream_weight_t_bias_t_line_buffer_2_U/lenet_mnist_cap64_hls_shift_line_buffer_array_ap_fixed_22_12_4_0_0_1u_config2_s_void_conv_2d_bufferbkb_core_U/ShiftRegMem_reg[0][11]__0/C is not reached by a timing clock
Related violations: <none>

TIMING-17#143 Critical Warning
Non-clocked sequential cell  
The clock pin conv_2d_cl_array_ap_fixed_1u_array_ap_fixed_22_12_4_0_0_6u_config2_U0/grp_compute_output_buffer_2d_array_array_ap_fixed_22_12_4_0_0_6u_config2_s_fu_118/call_ln281_shift_line_buffer_array_ap_fixed_22_12_4_0_0_1u_config2_s_fu_131/void_conv_2d_buffer_resource_cl_stream_stream_weight_t_bias_t_line_buffer_2_U/lenet_mnist_cap64_hls_shift_line_buffer_array_ap_fixed_22_12_4_0_0_1u_config2_s_void_conv_2d_bufferbkb_core_U/ShiftRegMem_reg[0][12]__0/C is not reached by a timing clock
Related violations: <none>

TIMING-17#144 Critical Warning
Non-clocked sequential cell  
The clock pin conv_2d_cl_array_ap_fixed_1u_array_ap_fixed_22_12_4_0_0_6u_config2_U0/grp_compute_output_buffer_2d_array_array_ap_fixed_22_12_4_0_0_6u_config2_s_fu_118/call_ln281_shift_line_buffer_array_ap_fixed_22_12_4_0_0_1u_config2_s_fu_131/void_conv_2d_buffer_resource_cl_stream_stream_weight_t_bias_t_line_buffer_2_U/lenet_mnist_cap64_hls_shift_line_buffer_array_ap_fixed_22_12_4_0_0_1u_config2_s_void_conv_2d_bufferbkb_core_U/ShiftRegMem_reg[0][13]__0/C is not reached by a timing clock
Related violations: <none>

TIMING-17#145 Critical Warning
Non-clocked sequential cell  
The clock pin conv_2d_cl_array_ap_fixed_1u_array_ap_fixed_22_12_4_0_0_6u_config2_U0/grp_compute_output_buffer_2d_array_array_ap_fixed_22_12_4_0_0_6u_config2_s_fu_118/call_ln281_shift_line_buffer_array_ap_fixed_22_12_4_0_0_1u_config2_s_fu_131/void_conv_2d_buffer_resource_cl_stream_stream_weight_t_bias_t_line_buffer_2_U/lenet_mnist_cap64_hls_shift_line_buffer_array_ap_fixed_22_12_4_0_0_1u_config2_s_void_conv_2d_bufferbkb_core_U/ShiftRegMem_reg[0][14]__0/C is not reached by a timing clock
Related violations: <none>

TIMING-17#146 Critical Warning
Non-clocked sequential cell  
The clock pin conv_2d_cl_array_ap_fixed_1u_array_ap_fixed_22_12_4_0_0_6u_config2_U0/grp_compute_output_buffer_2d_array_array_ap_fixed_22_12_4_0_0_6u_config2_s_fu_118/call_ln281_shift_line_buffer_array_ap_fixed_22_12_4_0_0_1u_config2_s_fu_131/void_conv_2d_buffer_resource_cl_stream_stream_weight_t_bias_t_line_buffer_2_U/lenet_mnist_cap64_hls_shift_line_buffer_array_ap_fixed_22_12_4_0_0_1u_config2_s_void_conv_2d_bufferbkb_core_U/ShiftRegMem_reg[0][15]__0/C is not reached by a timing clock
Related violations: <none>

TIMING-17#147 Critical Warning
Non-clocked sequential cell  
The clock pin conv_2d_cl_array_ap_fixed_1u_array_ap_fixed_22_12_4_0_0_6u_config2_U0/grp_compute_output_buffer_2d_array_array_ap_fixed_22_12_4_0_0_6u_config2_s_fu_118/call_ln281_shift_line_buffer_array_ap_fixed_22_12_4_0_0_1u_config2_s_fu_131/void_conv_2d_buffer_resource_cl_stream_stream_weight_t_bias_t_line_buffer_2_U/lenet_mnist_cap64_hls_shift_line_buffer_array_ap_fixed_22_12_4_0_0_1u_config2_s_void_conv_2d_bufferbkb_core_U/ShiftRegMem_reg[0][16]__0/C is not reached by a timing clock
Related violations: <none>

TIMING-17#148 Critical Warning
Non-clocked sequential cell  
The clock pin conv_2d_cl_array_ap_fixed_1u_array_ap_fixed_22_12_4_0_0_6u_config2_U0/grp_compute_output_buffer_2d_array_array_ap_fixed_22_12_4_0_0_6u_config2_s_fu_118/call_ln281_shift_line_buffer_array_ap_fixed_22_12_4_0_0_1u_config2_s_fu_131/void_conv_2d_buffer_resource_cl_stream_stream_weight_t_bias_t_line_buffer_2_U/lenet_mnist_cap64_hls_shift_line_buffer_array_ap_fixed_22_12_4_0_0_1u_config2_s_void_conv_2d_bufferbkb_core_U/ShiftRegMem_reg[0][17]__0/C is not reached by a timing clock
Related violations: <none>

TIMING-17#149 Critical Warning
Non-clocked sequential cell  
The clock pin conv_2d_cl_array_ap_fixed_1u_array_ap_fixed_22_12_4_0_0_6u_config2_U0/grp_compute_output_buffer_2d_array_array_ap_fixed_22_12_4_0_0_6u_config2_s_fu_118/call_ln281_shift_line_buffer_array_ap_fixed_22_12_4_0_0_1u_config2_s_fu_131/void_conv_2d_buffer_resource_cl_stream_stream_weight_t_bias_t_line_buffer_2_U/lenet_mnist_cap64_hls_shift_line_buffer_array_ap_fixed_22_12_4_0_0_1u_config2_s_void_conv_2d_bufferbkb_core_U/ShiftRegMem_reg[0][18]__0/C is not reached by a timing clock
Related violations: <none>

TIMING-17#150 Critical Warning
Non-clocked sequential cell  
The clock pin conv_2d_cl_array_ap_fixed_1u_array_ap_fixed_22_12_4_0_0_6u_config2_U0/grp_compute_output_buffer_2d_array_array_ap_fixed_22_12_4_0_0_6u_config2_s_fu_118/call_ln281_shift_line_buffer_array_ap_fixed_22_12_4_0_0_1u_config2_s_fu_131/void_conv_2d_buffer_resource_cl_stream_stream_weight_t_bias_t_line_buffer_2_U/lenet_mnist_cap64_hls_shift_line_buffer_array_ap_fixed_22_12_4_0_0_1u_config2_s_void_conv_2d_bufferbkb_core_U/ShiftRegMem_reg[0][19]__0/C is not reached by a timing clock
Related violations: <none>

TIMING-17#151 Critical Warning
Non-clocked sequential cell  
The clock pin conv_2d_cl_array_ap_fixed_1u_array_ap_fixed_22_12_4_0_0_6u_config2_U0/grp_compute_output_buffer_2d_array_array_ap_fixed_22_12_4_0_0_6u_config2_s_fu_118/call_ln281_shift_line_buffer_array_ap_fixed_22_12_4_0_0_1u_config2_s_fu_131/void_conv_2d_buffer_resource_cl_stream_stream_weight_t_bias_t_line_buffer_2_U/lenet_mnist_cap64_hls_shift_line_buffer_array_ap_fixed_22_12_4_0_0_1u_config2_s_void_conv_2d_bufferbkb_core_U/ShiftRegMem_reg[0][1]__0/C is not reached by a timing clock
Related violations: <none>

TIMING-17#152 Critical Warning
Non-clocked sequential cell  
The clock pin conv_2d_cl_array_ap_fixed_1u_array_ap_fixed_22_12_4_0_0_6u_config2_U0/grp_compute_output_buffer_2d_array_array_ap_fixed_22_12_4_0_0_6u_config2_s_fu_118/call_ln281_shift_line_buffer_array_ap_fixed_22_12_4_0_0_1u_config2_s_fu_131/void_conv_2d_buffer_resource_cl_stream_stream_weight_t_bias_t_line_buffer_2_U/lenet_mnist_cap64_hls_shift_line_buffer_array_ap_fixed_22_12_4_0_0_1u_config2_s_void_conv_2d_bufferbkb_core_U/ShiftRegMem_reg[0][20]__0/C is not reached by a timing clock
Related violations: <none>

TIMING-17#153 Critical Warning
Non-clocked sequential cell  
The clock pin conv_2d_cl_array_ap_fixed_1u_array_ap_fixed_22_12_4_0_0_6u_config2_U0/grp_compute_output_buffer_2d_array_array_ap_fixed_22_12_4_0_0_6u_config2_s_fu_118/call_ln281_shift_line_buffer_array_ap_fixed_22_12_4_0_0_1u_config2_s_fu_131/void_conv_2d_buffer_resource_cl_stream_stream_weight_t_bias_t_line_buffer_2_U/lenet_mnist_cap64_hls_shift_line_buffer_array_ap_fixed_22_12_4_0_0_1u_config2_s_void_conv_2d_bufferbkb_core_U/ShiftRegMem_reg[0][21]__0/C is not reached by a timing clock
Related violations: <none>

TIMING-17#154 Critical Warning
Non-clocked sequential cell  
The clock pin conv_2d_cl_array_ap_fixed_1u_array_ap_fixed_22_12_4_0_0_6u_config2_U0/grp_compute_output_buffer_2d_array_array_ap_fixed_22_12_4_0_0_6u_config2_s_fu_118/call_ln281_shift_line_buffer_array_ap_fixed_22_12_4_0_0_1u_config2_s_fu_131/void_conv_2d_buffer_resource_cl_stream_stream_weight_t_bias_t_line_buffer_2_U/lenet_mnist_cap64_hls_shift_line_buffer_array_ap_fixed_22_12_4_0_0_1u_config2_s_void_conv_2d_bufferbkb_core_U/ShiftRegMem_reg[0][2]__0/C is not reached by a timing clock
Related violations: <none>

TIMING-17#155 Critical Warning
Non-clocked sequential cell  
The clock pin conv_2d_cl_array_ap_fixed_1u_array_ap_fixed_22_12_4_0_0_6u_config2_U0/grp_compute_output_buffer_2d_array_array_ap_fixed_22_12_4_0_0_6u_config2_s_fu_118/call_ln281_shift_line_buffer_array_ap_fixed_22_12_4_0_0_1u_config2_s_fu_131/void_conv_2d_buffer_resource_cl_stream_stream_weight_t_bias_t_line_buffer_2_U/lenet_mnist_cap64_hls_shift_line_buffer_array_ap_fixed_22_12_4_0_0_1u_config2_s_void_conv_2d_bufferbkb_core_U/ShiftRegMem_reg[0][3]__0/C is not reached by a timing clock
Related violations: <none>

TIMING-17#156 Critical Warning
Non-clocked sequential cell  
The clock pin conv_2d_cl_array_ap_fixed_1u_array_ap_fixed_22_12_4_0_0_6u_config2_U0/grp_compute_output_buffer_2d_array_array_ap_fixed_22_12_4_0_0_6u_config2_s_fu_118/call_ln281_shift_line_buffer_array_ap_fixed_22_12_4_0_0_1u_config2_s_fu_131/void_conv_2d_buffer_resource_cl_stream_stream_weight_t_bias_t_line_buffer_2_U/lenet_mnist_cap64_hls_shift_line_buffer_array_ap_fixed_22_12_4_0_0_1u_config2_s_void_conv_2d_bufferbkb_core_U/ShiftRegMem_reg[0][4]__0/C is not reached by a timing clock
Related violations: <none>

TIMING-17#157 Critical Warning
Non-clocked sequential cell  
The clock pin conv_2d_cl_array_ap_fixed_1u_array_ap_fixed_22_12_4_0_0_6u_config2_U0/grp_compute_output_buffer_2d_array_array_ap_fixed_22_12_4_0_0_6u_config2_s_fu_118/call_ln281_shift_line_buffer_array_ap_fixed_22_12_4_0_0_1u_config2_s_fu_131/void_conv_2d_buffer_resource_cl_stream_stream_weight_t_bias_t_line_buffer_2_U/lenet_mnist_cap64_hls_shift_line_buffer_array_ap_fixed_22_12_4_0_0_1u_config2_s_void_conv_2d_bufferbkb_core_U/ShiftRegMem_reg[0][5]__0/C is not reached by a timing clock
Related violations: <none>

TIMING-17#158 Critical Warning
Non-clocked sequential cell  
The clock pin conv_2d_cl_array_ap_fixed_1u_array_ap_fixed_22_12_4_0_0_6u_config2_U0/grp_compute_output_buffer_2d_array_array_ap_fixed_22_12_4_0_0_6u_config2_s_fu_118/call_ln281_shift_line_buffer_array_ap_fixed_22_12_4_0_0_1u_config2_s_fu_131/void_conv_2d_buffer_resource_cl_stream_stream_weight_t_bias_t_line_buffer_2_U/lenet_mnist_cap64_hls_shift_line_buffer_array_ap_fixed_22_12_4_0_0_1u_config2_s_void_conv_2d_bufferbkb_core_U/ShiftRegMem_reg[0][6]__0/C is not reached by a timing clock
Related violations: <none>

TIMING-17#159 Critical Warning
Non-clocked sequential cell  
The clock pin conv_2d_cl_array_ap_fixed_1u_array_ap_fixed_22_12_4_0_0_6u_config2_U0/grp_compute_output_buffer_2d_array_array_ap_fixed_22_12_4_0_0_6u_config2_s_fu_118/call_ln281_shift_line_buffer_array_ap_fixed_22_12_4_0_0_1u_config2_s_fu_131/void_conv_2d_buffer_resource_cl_stream_stream_weight_t_bias_t_line_buffer_2_U/lenet_mnist_cap64_hls_shift_line_buffer_array_ap_fixed_22_12_4_0_0_1u_config2_s_void_conv_2d_bufferbkb_core_U/ShiftRegMem_reg[0][7]__0/C is not reached by a timing clock
Related violations: <none>

TIMING-17#160 Critical Warning
Non-clocked sequential cell  
The clock pin conv_2d_cl_array_ap_fixed_1u_array_ap_fixed_22_12_4_0_0_6u_config2_U0/grp_compute_output_buffer_2d_array_array_ap_fixed_22_12_4_0_0_6u_config2_s_fu_118/call_ln281_shift_line_buffer_array_ap_fixed_22_12_4_0_0_1u_config2_s_fu_131/void_conv_2d_buffer_resource_cl_stream_stream_weight_t_bias_t_line_buffer_2_U/lenet_mnist_cap64_hls_shift_line_buffer_array_ap_fixed_22_12_4_0_0_1u_config2_s_void_conv_2d_bufferbkb_core_U/ShiftRegMem_reg[0][8]__0/C is not reached by a timing clock
Related violations: <none>

TIMING-17#161 Critical Warning
Non-clocked sequential cell  
The clock pin conv_2d_cl_array_ap_fixed_1u_array_ap_fixed_22_12_4_0_0_6u_config2_U0/grp_compute_output_buffer_2d_array_array_ap_fixed_22_12_4_0_0_6u_config2_s_fu_118/call_ln281_shift_line_buffer_array_ap_fixed_22_12_4_0_0_1u_config2_s_fu_131/void_conv_2d_buffer_resource_cl_stream_stream_weight_t_bias_t_line_buffer_2_U/lenet_mnist_cap64_hls_shift_line_buffer_array_ap_fixed_22_12_4_0_0_1u_config2_s_void_conv_2d_bufferbkb_core_U/ShiftRegMem_reg[0][9]__0/C is not reached by a timing clock
Related violations: <none>

TIMING-17#162 Critical Warning
Non-clocked sequential cell  
The clock pin conv_2d_cl_array_ap_fixed_1u_array_ap_fixed_22_12_4_0_0_6u_config2_U0/grp_compute_output_buffer_2d_array_array_ap_fixed_22_12_4_0_0_6u_config2_s_fu_118/call_ln281_shift_line_buffer_array_ap_fixed_22_12_4_0_0_1u_config2_s_fu_131/void_conv_2d_buffer_resource_cl_stream_stream_weight_t_bias_t_line_buffer_2_U/lenet_mnist_cap64_hls_shift_line_buffer_array_ap_fixed_22_12_4_0_0_1u_config2_s_void_conv_2d_bufferbkb_core_U/ShiftRegMem_reg[1][0]/C is not reached by a timing clock
Related violations: <none>

TIMING-17#163 Critical Warning
Non-clocked sequential cell  
The clock pin conv_2d_cl_array_ap_fixed_1u_array_ap_fixed_22_12_4_0_0_6u_config2_U0/grp_compute_output_buffer_2d_array_array_ap_fixed_22_12_4_0_0_6u_config2_s_fu_118/call_ln281_shift_line_buffer_array_ap_fixed_22_12_4_0_0_1u_config2_s_fu_131/void_conv_2d_buffer_resource_cl_stream_stream_weight_t_bias_t_line_buffer_2_U/lenet_mnist_cap64_hls_shift_line_buffer_array_ap_fixed_22_12_4_0_0_1u_config2_s_void_conv_2d_bufferbkb_core_U/ShiftRegMem_reg[1][10]/C is not reached by a timing clock
Related violations: <none>

TIMING-17#164 Critical Warning
Non-clocked sequential cell  
The clock pin conv_2d_cl_array_ap_fixed_1u_array_ap_fixed_22_12_4_0_0_6u_config2_U0/grp_compute_output_buffer_2d_array_array_ap_fixed_22_12_4_0_0_6u_config2_s_fu_118/call_ln281_shift_line_buffer_array_ap_fixed_22_12_4_0_0_1u_config2_s_fu_131/void_conv_2d_buffer_resource_cl_stream_stream_weight_t_bias_t_line_buffer_2_U/lenet_mnist_cap64_hls_shift_line_buffer_array_ap_fixed_22_12_4_0_0_1u_config2_s_void_conv_2d_bufferbkb_core_U/ShiftRegMem_reg[1][11]/C is not reached by a timing clock
Related violations: <none>

TIMING-17#165 Critical Warning
Non-clocked sequential cell  
The clock pin conv_2d_cl_array_ap_fixed_1u_array_ap_fixed_22_12_4_0_0_6u_config2_U0/grp_compute_output_buffer_2d_array_array_ap_fixed_22_12_4_0_0_6u_config2_s_fu_118/call_ln281_shift_line_buffer_array_ap_fixed_22_12_4_0_0_1u_config2_s_fu_131/void_conv_2d_buffer_resource_cl_stream_stream_weight_t_bias_t_line_buffer_2_U/lenet_mnist_cap64_hls_shift_line_buffer_array_ap_fixed_22_12_4_0_0_1u_config2_s_void_conv_2d_bufferbkb_core_U/ShiftRegMem_reg[1][12]/C is not reached by a timing clock
Related violations: <none>

TIMING-17#166 Critical Warning
Non-clocked sequential cell  
The clock pin conv_2d_cl_array_ap_fixed_1u_array_ap_fixed_22_12_4_0_0_6u_config2_U0/grp_compute_output_buffer_2d_array_array_ap_fixed_22_12_4_0_0_6u_config2_s_fu_118/call_ln281_shift_line_buffer_array_ap_fixed_22_12_4_0_0_1u_config2_s_fu_131/void_conv_2d_buffer_resource_cl_stream_stream_weight_t_bias_t_line_buffer_2_U/lenet_mnist_cap64_hls_shift_line_buffer_array_ap_fixed_22_12_4_0_0_1u_config2_s_void_conv_2d_bufferbkb_core_U/ShiftRegMem_reg[1][13]/C is not reached by a timing clock
Related violations: <none>

TIMING-17#167 Critical Warning
Non-clocked sequential cell  
The clock pin conv_2d_cl_array_ap_fixed_1u_array_ap_fixed_22_12_4_0_0_6u_config2_U0/grp_compute_output_buffer_2d_array_array_ap_fixed_22_12_4_0_0_6u_config2_s_fu_118/call_ln281_shift_line_buffer_array_ap_fixed_22_12_4_0_0_1u_config2_s_fu_131/void_conv_2d_buffer_resource_cl_stream_stream_weight_t_bias_t_line_buffer_2_U/lenet_mnist_cap64_hls_shift_line_buffer_array_ap_fixed_22_12_4_0_0_1u_config2_s_void_conv_2d_bufferbkb_core_U/ShiftRegMem_reg[1][14]/C is not reached by a timing clock
Related violations: <none>

TIMING-17#168 Critical Warning
Non-clocked sequential cell  
The clock pin conv_2d_cl_array_ap_fixed_1u_array_ap_fixed_22_12_4_0_0_6u_config2_U0/grp_compute_output_buffer_2d_array_array_ap_fixed_22_12_4_0_0_6u_config2_s_fu_118/call_ln281_shift_line_buffer_array_ap_fixed_22_12_4_0_0_1u_config2_s_fu_131/void_conv_2d_buffer_resource_cl_stream_stream_weight_t_bias_t_line_buffer_2_U/lenet_mnist_cap64_hls_shift_line_buffer_array_ap_fixed_22_12_4_0_0_1u_config2_s_void_conv_2d_bufferbkb_core_U/ShiftRegMem_reg[1][15]/C is not reached by a timing clock
Related violations: <none>

TIMING-17#169 Critical Warning
Non-clocked sequential cell  
The clock pin conv_2d_cl_array_ap_fixed_1u_array_ap_fixed_22_12_4_0_0_6u_config2_U0/grp_compute_output_buffer_2d_array_array_ap_fixed_22_12_4_0_0_6u_config2_s_fu_118/call_ln281_shift_line_buffer_array_ap_fixed_22_12_4_0_0_1u_config2_s_fu_131/void_conv_2d_buffer_resource_cl_stream_stream_weight_t_bias_t_line_buffer_2_U/lenet_mnist_cap64_hls_shift_line_buffer_array_ap_fixed_22_12_4_0_0_1u_config2_s_void_conv_2d_bufferbkb_core_U/ShiftRegMem_reg[1][16]/C is not reached by a timing clock
Related violations: <none>

TIMING-17#170 Critical Warning
Non-clocked sequential cell  
The clock pin conv_2d_cl_array_ap_fixed_1u_array_ap_fixed_22_12_4_0_0_6u_config2_U0/grp_compute_output_buffer_2d_array_array_ap_fixed_22_12_4_0_0_6u_config2_s_fu_118/call_ln281_shift_line_buffer_array_ap_fixed_22_12_4_0_0_1u_config2_s_fu_131/void_conv_2d_buffer_resource_cl_stream_stream_weight_t_bias_t_line_buffer_2_U/lenet_mnist_cap64_hls_shift_line_buffer_array_ap_fixed_22_12_4_0_0_1u_config2_s_void_conv_2d_bufferbkb_core_U/ShiftRegMem_reg[1][17]/C is not reached by a timing clock
Related violations: <none>

TIMING-17#171 Critical Warning
Non-clocked sequential cell  
The clock pin conv_2d_cl_array_ap_fixed_1u_array_ap_fixed_22_12_4_0_0_6u_config2_U0/grp_compute_output_buffer_2d_array_array_ap_fixed_22_12_4_0_0_6u_config2_s_fu_118/call_ln281_shift_line_buffer_array_ap_fixed_22_12_4_0_0_1u_config2_s_fu_131/void_conv_2d_buffer_resource_cl_stream_stream_weight_t_bias_t_line_buffer_2_U/lenet_mnist_cap64_hls_shift_line_buffer_array_ap_fixed_22_12_4_0_0_1u_config2_s_void_conv_2d_bufferbkb_core_U/ShiftRegMem_reg[1][18]/C is not reached by a timing clock
Related violations: <none>

TIMING-17#172 Critical Warning
Non-clocked sequential cell  
The clock pin conv_2d_cl_array_ap_fixed_1u_array_ap_fixed_22_12_4_0_0_6u_config2_U0/grp_compute_output_buffer_2d_array_array_ap_fixed_22_12_4_0_0_6u_config2_s_fu_118/call_ln281_shift_line_buffer_array_ap_fixed_22_12_4_0_0_1u_config2_s_fu_131/void_conv_2d_buffer_resource_cl_stream_stream_weight_t_bias_t_line_buffer_2_U/lenet_mnist_cap64_hls_shift_line_buffer_array_ap_fixed_22_12_4_0_0_1u_config2_s_void_conv_2d_bufferbkb_core_U/ShiftRegMem_reg[1][19]/C is not reached by a timing clock
Related violations: <none>

TIMING-17#173 Critical Warning
Non-clocked sequential cell  
The clock pin conv_2d_cl_array_ap_fixed_1u_array_ap_fixed_22_12_4_0_0_6u_config2_U0/grp_compute_output_buffer_2d_array_array_ap_fixed_22_12_4_0_0_6u_config2_s_fu_118/call_ln281_shift_line_buffer_array_ap_fixed_22_12_4_0_0_1u_config2_s_fu_131/void_conv_2d_buffer_resource_cl_stream_stream_weight_t_bias_t_line_buffer_2_U/lenet_mnist_cap64_hls_shift_line_buffer_array_ap_fixed_22_12_4_0_0_1u_config2_s_void_conv_2d_bufferbkb_core_U/ShiftRegMem_reg[1][1]/C is not reached by a timing clock
Related violations: <none>

TIMING-17#174 Critical Warning
Non-clocked sequential cell  
The clock pin conv_2d_cl_array_ap_fixed_1u_array_ap_fixed_22_12_4_0_0_6u_config2_U0/grp_compute_output_buffer_2d_array_array_ap_fixed_22_12_4_0_0_6u_config2_s_fu_118/call_ln281_shift_line_buffer_array_ap_fixed_22_12_4_0_0_1u_config2_s_fu_131/void_conv_2d_buffer_resource_cl_stream_stream_weight_t_bias_t_line_buffer_2_U/lenet_mnist_cap64_hls_shift_line_buffer_array_ap_fixed_22_12_4_0_0_1u_config2_s_void_conv_2d_bufferbkb_core_U/ShiftRegMem_reg[1][20]/C is not reached by a timing clock
Related violations: <none>

TIMING-17#175 Critical Warning
Non-clocked sequential cell  
The clock pin conv_2d_cl_array_ap_fixed_1u_array_ap_fixed_22_12_4_0_0_6u_config2_U0/grp_compute_output_buffer_2d_array_array_ap_fixed_22_12_4_0_0_6u_config2_s_fu_118/call_ln281_shift_line_buffer_array_ap_fixed_22_12_4_0_0_1u_config2_s_fu_131/void_conv_2d_buffer_resource_cl_stream_stream_weight_t_bias_t_line_buffer_2_U/lenet_mnist_cap64_hls_shift_line_buffer_array_ap_fixed_22_12_4_0_0_1u_config2_s_void_conv_2d_bufferbkb_core_U/ShiftRegMem_reg[1][21]/C is not reached by a timing clock
Related violations: <none>

TIMING-17#176 Critical Warning
Non-clocked sequential cell  
The clock pin conv_2d_cl_array_ap_fixed_1u_array_ap_fixed_22_12_4_0_0_6u_config2_U0/grp_compute_output_buffer_2d_array_array_ap_fixed_22_12_4_0_0_6u_config2_s_fu_118/call_ln281_shift_line_buffer_array_ap_fixed_22_12_4_0_0_1u_config2_s_fu_131/void_conv_2d_buffer_resource_cl_stream_stream_weight_t_bias_t_line_buffer_2_U/lenet_mnist_cap64_hls_shift_line_buffer_array_ap_fixed_22_12_4_0_0_1u_config2_s_void_conv_2d_bufferbkb_core_U/ShiftRegMem_reg[1][2]/C is not reached by a timing clock
Related violations: <none>

TIMING-17#177 Critical Warning
Non-clocked sequential cell  
The clock pin conv_2d_cl_array_ap_fixed_1u_array_ap_fixed_22_12_4_0_0_6u_config2_U0/grp_compute_output_buffer_2d_array_array_ap_fixed_22_12_4_0_0_6u_config2_s_fu_118/call_ln281_shift_line_buffer_array_ap_fixed_22_12_4_0_0_1u_config2_s_fu_131/void_conv_2d_buffer_resource_cl_stream_stream_weight_t_bias_t_line_buffer_2_U/lenet_mnist_cap64_hls_shift_line_buffer_array_ap_fixed_22_12_4_0_0_1u_config2_s_void_conv_2d_bufferbkb_core_U/ShiftRegMem_reg[1][3]/C is not reached by a timing clock
Related violations: <none>

TIMING-17#178 Critical Warning
Non-clocked sequential cell  
The clock pin conv_2d_cl_array_ap_fixed_1u_array_ap_fixed_22_12_4_0_0_6u_config2_U0/grp_compute_output_buffer_2d_array_array_ap_fixed_22_12_4_0_0_6u_config2_s_fu_118/call_ln281_shift_line_buffer_array_ap_fixed_22_12_4_0_0_1u_config2_s_fu_131/void_conv_2d_buffer_resource_cl_stream_stream_weight_t_bias_t_line_buffer_2_U/lenet_mnist_cap64_hls_shift_line_buffer_array_ap_fixed_22_12_4_0_0_1u_config2_s_void_conv_2d_bufferbkb_core_U/ShiftRegMem_reg[1][4]/C is not reached by a timing clock
Related violations: <none>

TIMING-17#179 Critical Warning
Non-clocked sequential cell  
The clock pin conv_2d_cl_array_ap_fixed_1u_array_ap_fixed_22_12_4_0_0_6u_config2_U0/grp_compute_output_buffer_2d_array_array_ap_fixed_22_12_4_0_0_6u_config2_s_fu_118/call_ln281_shift_line_buffer_array_ap_fixed_22_12_4_0_0_1u_config2_s_fu_131/void_conv_2d_buffer_resource_cl_stream_stream_weight_t_bias_t_line_buffer_2_U/lenet_mnist_cap64_hls_shift_line_buffer_array_ap_fixed_22_12_4_0_0_1u_config2_s_void_conv_2d_bufferbkb_core_U/ShiftRegMem_reg[1][5]/C is not reached by a timing clock
Related violations: <none>

TIMING-17#180 Critical Warning
Non-clocked sequential cell  
The clock pin conv_2d_cl_array_ap_fixed_1u_array_ap_fixed_22_12_4_0_0_6u_config2_U0/grp_compute_output_buffer_2d_array_array_ap_fixed_22_12_4_0_0_6u_config2_s_fu_118/call_ln281_shift_line_buffer_array_ap_fixed_22_12_4_0_0_1u_config2_s_fu_131/void_conv_2d_buffer_resource_cl_stream_stream_weight_t_bias_t_line_buffer_2_U/lenet_mnist_cap64_hls_shift_line_buffer_array_ap_fixed_22_12_4_0_0_1u_config2_s_void_conv_2d_bufferbkb_core_U/ShiftRegMem_reg[1][6]/C is not reached by a timing clock
Related violations: <none>

TIMING-17#181 Critical Warning
Non-clocked sequential cell  
The clock pin conv_2d_cl_array_ap_fixed_1u_array_ap_fixed_22_12_4_0_0_6u_config2_U0/grp_compute_output_buffer_2d_array_array_ap_fixed_22_12_4_0_0_6u_config2_s_fu_118/call_ln281_shift_line_buffer_array_ap_fixed_22_12_4_0_0_1u_config2_s_fu_131/void_conv_2d_buffer_resource_cl_stream_stream_weight_t_bias_t_line_buffer_2_U/lenet_mnist_cap64_hls_shift_line_buffer_array_ap_fixed_22_12_4_0_0_1u_config2_s_void_conv_2d_bufferbkb_core_U/ShiftRegMem_reg[1][7]/C is not reached by a timing clock
Related violations: <none>

TIMING-17#182 Critical Warning
Non-clocked sequential cell  
The clock pin conv_2d_cl_array_ap_fixed_1u_array_ap_fixed_22_12_4_0_0_6u_config2_U0/grp_compute_output_buffer_2d_array_array_ap_fixed_22_12_4_0_0_6u_config2_s_fu_118/call_ln281_shift_line_buffer_array_ap_fixed_22_12_4_0_0_1u_config2_s_fu_131/void_conv_2d_buffer_resource_cl_stream_stream_weight_t_bias_t_line_buffer_2_U/lenet_mnist_cap64_hls_shift_line_buffer_array_ap_fixed_22_12_4_0_0_1u_config2_s_void_conv_2d_bufferbkb_core_U/ShiftRegMem_reg[1][8]/C is not reached by a timing clock
Related violations: <none>

TIMING-17#183 Critical Warning
Non-clocked sequential cell  
The clock pin conv_2d_cl_array_ap_fixed_1u_array_ap_fixed_22_12_4_0_0_6u_config2_U0/grp_compute_output_buffer_2d_array_array_ap_fixed_22_12_4_0_0_6u_config2_s_fu_118/call_ln281_shift_line_buffer_array_ap_fixed_22_12_4_0_0_1u_config2_s_fu_131/void_conv_2d_buffer_resource_cl_stream_stream_weight_t_bias_t_line_buffer_2_U/lenet_mnist_cap64_hls_shift_line_buffer_array_ap_fixed_22_12_4_0_0_1u_config2_s_void_conv_2d_bufferbkb_core_U/ShiftRegMem_reg[1][9]/C is not reached by a timing clock
Related violations: <none>

TIMING-17#184 Critical Warning
Non-clocked sequential cell  
The clock pin conv_2d_cl_array_ap_fixed_1u_array_ap_fixed_22_12_4_0_0_6u_config2_U0/grp_compute_output_buffer_2d_array_array_ap_fixed_22_12_4_0_0_6u_config2_s_fu_118/call_ln281_shift_line_buffer_array_ap_fixed_22_12_4_0_0_1u_config2_s_fu_131/void_conv_2d_buffer_resource_cl_stream_stream_weight_t_bias_t_line_buffer_2_U/lenet_mnist_cap64_hls_shift_line_buffer_array_ap_fixed_22_12_4_0_0_1u_config2_s_void_conv_2d_bufferbkb_core_U/ShiftRegMem_reg[27][0]_srl23/CLK is not reached by a timing clock
Related violations: <none>

TIMING-17#185 Critical Warning
Non-clocked sequential cell  
The clock pin conv_2d_cl_array_ap_fixed_1u_array_ap_fixed_22_12_4_0_0_6u_config2_U0/grp_compute_output_buffer_2d_array_array_ap_fixed_22_12_4_0_0_6u_config2_s_fu_118/call_ln281_shift_line_buffer_array_ap_fixed_22_12_4_0_0_1u_config2_s_fu_131/void_conv_2d_buffer_resource_cl_stream_stream_weight_t_bias_t_line_buffer_2_U/lenet_mnist_cap64_hls_shift_line_buffer_array_ap_fixed_22_12_4_0_0_1u_config2_s_void_conv_2d_bufferbkb_core_U/ShiftRegMem_reg[27][10]_srl23/CLK is not reached by a timing clock
Related violations: <none>

TIMING-17#186 Critical Warning
Non-clocked sequential cell  
The clock pin conv_2d_cl_array_ap_fixed_1u_array_ap_fixed_22_12_4_0_0_6u_config2_U0/grp_compute_output_buffer_2d_array_array_ap_fixed_22_12_4_0_0_6u_config2_s_fu_118/call_ln281_shift_line_buffer_array_ap_fixed_22_12_4_0_0_1u_config2_s_fu_131/void_conv_2d_buffer_resource_cl_stream_stream_weight_t_bias_t_line_buffer_2_U/lenet_mnist_cap64_hls_shift_line_buffer_array_ap_fixed_22_12_4_0_0_1u_config2_s_void_conv_2d_bufferbkb_core_U/ShiftRegMem_reg[27][11]_srl23/CLK is not reached by a timing clock
Related violations: <none>

TIMING-17#187 Critical Warning
Non-clocked sequential cell  
The clock pin conv_2d_cl_array_ap_fixed_1u_array_ap_fixed_22_12_4_0_0_6u_config2_U0/grp_compute_output_buffer_2d_array_array_ap_fixed_22_12_4_0_0_6u_config2_s_fu_118/call_ln281_shift_line_buffer_array_ap_fixed_22_12_4_0_0_1u_config2_s_fu_131/void_conv_2d_buffer_resource_cl_stream_stream_weight_t_bias_t_line_buffer_2_U/lenet_mnist_cap64_hls_shift_line_buffer_array_ap_fixed_22_12_4_0_0_1u_config2_s_void_conv_2d_bufferbkb_core_U/ShiftRegMem_reg[27][12]_srl23/CLK is not reached by a timing clock
Related violations: <none>

TIMING-17#188 Critical Warning
Non-clocked sequential cell  
The clock pin conv_2d_cl_array_ap_fixed_1u_array_ap_fixed_22_12_4_0_0_6u_config2_U0/grp_compute_output_buffer_2d_array_array_ap_fixed_22_12_4_0_0_6u_config2_s_fu_118/call_ln281_shift_line_buffer_array_ap_fixed_22_12_4_0_0_1u_config2_s_fu_131/void_conv_2d_buffer_resource_cl_stream_stream_weight_t_bias_t_line_buffer_2_U/lenet_mnist_cap64_hls_shift_line_buffer_array_ap_fixed_22_12_4_0_0_1u_config2_s_void_conv_2d_bufferbkb_core_U/ShiftRegMem_reg[27][13]_srl23/CLK is not reached by a timing clock
Related violations: <none>

TIMING-17#189 Critical Warning
Non-clocked sequential cell  
The clock pin conv_2d_cl_array_ap_fixed_1u_array_ap_fixed_22_12_4_0_0_6u_config2_U0/grp_compute_output_buffer_2d_array_array_ap_fixed_22_12_4_0_0_6u_config2_s_fu_118/call_ln281_shift_line_buffer_array_ap_fixed_22_12_4_0_0_1u_config2_s_fu_131/void_conv_2d_buffer_resource_cl_stream_stream_weight_t_bias_t_line_buffer_2_U/lenet_mnist_cap64_hls_shift_line_buffer_array_ap_fixed_22_12_4_0_0_1u_config2_s_void_conv_2d_bufferbkb_core_U/ShiftRegMem_reg[27][14]_srl23/CLK is not reached by a timing clock
Related violations: <none>

TIMING-17#190 Critical Warning
Non-clocked sequential cell  
The clock pin conv_2d_cl_array_ap_fixed_1u_array_ap_fixed_22_12_4_0_0_6u_config2_U0/grp_compute_output_buffer_2d_array_array_ap_fixed_22_12_4_0_0_6u_config2_s_fu_118/call_ln281_shift_line_buffer_array_ap_fixed_22_12_4_0_0_1u_config2_s_fu_131/void_conv_2d_buffer_resource_cl_stream_stream_weight_t_bias_t_line_buffer_2_U/lenet_mnist_cap64_hls_shift_line_buffer_array_ap_fixed_22_12_4_0_0_1u_config2_s_void_conv_2d_bufferbkb_core_U/ShiftRegMem_reg[27][15]_srl23/CLK is not reached by a timing clock
Related violations: <none>

TIMING-17#191 Critical Warning
Non-clocked sequential cell  
The clock pin conv_2d_cl_array_ap_fixed_1u_array_ap_fixed_22_12_4_0_0_6u_config2_U0/grp_compute_output_buffer_2d_array_array_ap_fixed_22_12_4_0_0_6u_config2_s_fu_118/call_ln281_shift_line_buffer_array_ap_fixed_22_12_4_0_0_1u_config2_s_fu_131/void_conv_2d_buffer_resource_cl_stream_stream_weight_t_bias_t_line_buffer_2_U/lenet_mnist_cap64_hls_shift_line_buffer_array_ap_fixed_22_12_4_0_0_1u_config2_s_void_conv_2d_bufferbkb_core_U/ShiftRegMem_reg[27][16]_srl23/CLK is not reached by a timing clock
Related violations: <none>

TIMING-17#192 Critical Warning
Non-clocked sequential cell  
The clock pin conv_2d_cl_array_ap_fixed_1u_array_ap_fixed_22_12_4_0_0_6u_config2_U0/grp_compute_output_buffer_2d_array_array_ap_fixed_22_12_4_0_0_6u_config2_s_fu_118/call_ln281_shift_line_buffer_array_ap_fixed_22_12_4_0_0_1u_config2_s_fu_131/void_conv_2d_buffer_resource_cl_stream_stream_weight_t_bias_t_line_buffer_2_U/lenet_mnist_cap64_hls_shift_line_buffer_array_ap_fixed_22_12_4_0_0_1u_config2_s_void_conv_2d_bufferbkb_core_U/ShiftRegMem_reg[27][17]_srl23/CLK is not reached by a timing clock
Related violations: <none>

TIMING-17#193 Critical Warning
Non-clocked sequential cell  
The clock pin conv_2d_cl_array_ap_fixed_1u_array_ap_fixed_22_12_4_0_0_6u_config2_U0/grp_compute_output_buffer_2d_array_array_ap_fixed_22_12_4_0_0_6u_config2_s_fu_118/call_ln281_shift_line_buffer_array_ap_fixed_22_12_4_0_0_1u_config2_s_fu_131/void_conv_2d_buffer_resource_cl_stream_stream_weight_t_bias_t_line_buffer_2_U/lenet_mnist_cap64_hls_shift_line_buffer_array_ap_fixed_22_12_4_0_0_1u_config2_s_void_conv_2d_bufferbkb_core_U/ShiftRegMem_reg[27][18]_srl23/CLK is not reached by a timing clock
Related violations: <none>

TIMING-17#194 Critical Warning
Non-clocked sequential cell  
The clock pin conv_2d_cl_array_ap_fixed_1u_array_ap_fixed_22_12_4_0_0_6u_config2_U0/grp_compute_output_buffer_2d_array_array_ap_fixed_22_12_4_0_0_6u_config2_s_fu_118/call_ln281_shift_line_buffer_array_ap_fixed_22_12_4_0_0_1u_config2_s_fu_131/void_conv_2d_buffer_resource_cl_stream_stream_weight_t_bias_t_line_buffer_2_U/lenet_mnist_cap64_hls_shift_line_buffer_array_ap_fixed_22_12_4_0_0_1u_config2_s_void_conv_2d_bufferbkb_core_U/ShiftRegMem_reg[27][19]_srl23/CLK is not reached by a timing clock
Related violations: <none>

TIMING-17#195 Critical Warning
Non-clocked sequential cell  
The clock pin conv_2d_cl_array_ap_fixed_1u_array_ap_fixed_22_12_4_0_0_6u_config2_U0/grp_compute_output_buffer_2d_array_array_ap_fixed_22_12_4_0_0_6u_config2_s_fu_118/call_ln281_shift_line_buffer_array_ap_fixed_22_12_4_0_0_1u_config2_s_fu_131/void_conv_2d_buffer_resource_cl_stream_stream_weight_t_bias_t_line_buffer_2_U/lenet_mnist_cap64_hls_shift_line_buffer_array_ap_fixed_22_12_4_0_0_1u_config2_s_void_conv_2d_bufferbkb_core_U/ShiftRegMem_reg[27][1]_srl23/CLK is not reached by a timing clock
Related violations: <none>

TIMING-17#196 Critical Warning
Non-clocked sequential cell  
The clock pin conv_2d_cl_array_ap_fixed_1u_array_ap_fixed_22_12_4_0_0_6u_config2_U0/grp_compute_output_buffer_2d_array_array_ap_fixed_22_12_4_0_0_6u_config2_s_fu_118/call_ln281_shift_line_buffer_array_ap_fixed_22_12_4_0_0_1u_config2_s_fu_131/void_conv_2d_buffer_resource_cl_stream_stream_weight_t_bias_t_line_buffer_2_U/lenet_mnist_cap64_hls_shift_line_buffer_array_ap_fixed_22_12_4_0_0_1u_config2_s_void_conv_2d_bufferbkb_core_U/ShiftRegMem_reg[27][20]_srl23/CLK is not reached by a timing clock
Related violations: <none>

TIMING-17#197 Critical Warning
Non-clocked sequential cell  
The clock pin conv_2d_cl_array_ap_fixed_1u_array_ap_fixed_22_12_4_0_0_6u_config2_U0/grp_compute_output_buffer_2d_array_array_ap_fixed_22_12_4_0_0_6u_config2_s_fu_118/call_ln281_shift_line_buffer_array_ap_fixed_22_12_4_0_0_1u_config2_s_fu_131/void_conv_2d_buffer_resource_cl_stream_stream_weight_t_bias_t_line_buffer_2_U/lenet_mnist_cap64_hls_shift_line_buffer_array_ap_fixed_22_12_4_0_0_1u_config2_s_void_conv_2d_bufferbkb_core_U/ShiftRegMem_reg[27][21]_srl23/CLK is not reached by a timing clock
Related violations: <none>

TIMING-17#198 Critical Warning
Non-clocked sequential cell  
The clock pin conv_2d_cl_array_ap_fixed_1u_array_ap_fixed_22_12_4_0_0_6u_config2_U0/grp_compute_output_buffer_2d_array_array_ap_fixed_22_12_4_0_0_6u_config2_s_fu_118/call_ln281_shift_line_buffer_array_ap_fixed_22_12_4_0_0_1u_config2_s_fu_131/void_conv_2d_buffer_resource_cl_stream_stream_weight_t_bias_t_line_buffer_2_U/lenet_mnist_cap64_hls_shift_line_buffer_array_ap_fixed_22_12_4_0_0_1u_config2_s_void_conv_2d_bufferbkb_core_U/ShiftRegMem_reg[27][2]_srl23/CLK is not reached by a timing clock
Related violations: <none>

TIMING-17#199 Critical Warning
Non-clocked sequential cell  
The clock pin conv_2d_cl_array_ap_fixed_1u_array_ap_fixed_22_12_4_0_0_6u_config2_U0/grp_compute_output_buffer_2d_array_array_ap_fixed_22_12_4_0_0_6u_config2_s_fu_118/call_ln281_shift_line_buffer_array_ap_fixed_22_12_4_0_0_1u_config2_s_fu_131/void_conv_2d_buffer_resource_cl_stream_stream_weight_t_bias_t_line_buffer_2_U/lenet_mnist_cap64_hls_shift_line_buffer_array_ap_fixed_22_12_4_0_0_1u_config2_s_void_conv_2d_bufferbkb_core_U/ShiftRegMem_reg[27][3]_srl23/CLK is not reached by a timing clock
Related violations: <none>

TIMING-17#200 Critical Warning
Non-clocked sequential cell  
The clock pin conv_2d_cl_array_ap_fixed_1u_array_ap_fixed_22_12_4_0_0_6u_config2_U0/grp_compute_output_buffer_2d_array_array_ap_fixed_22_12_4_0_0_6u_config2_s_fu_118/call_ln281_shift_line_buffer_array_ap_fixed_22_12_4_0_0_1u_config2_s_fu_131/void_conv_2d_buffer_resource_cl_stream_stream_weight_t_bias_t_line_buffer_2_U/lenet_mnist_cap64_hls_shift_line_buffer_array_ap_fixed_22_12_4_0_0_1u_config2_s_void_conv_2d_bufferbkb_core_U/ShiftRegMem_reg[27][4]_srl23/CLK is not reached by a timing clock
Related violations: <none>

TIMING-17#201 Critical Warning
Non-clocked sequential cell  
The clock pin conv_2d_cl_array_ap_fixed_1u_array_ap_fixed_22_12_4_0_0_6u_config2_U0/grp_compute_output_buffer_2d_array_array_ap_fixed_22_12_4_0_0_6u_config2_s_fu_118/call_ln281_shift_line_buffer_array_ap_fixed_22_12_4_0_0_1u_config2_s_fu_131/void_conv_2d_buffer_resource_cl_stream_stream_weight_t_bias_t_line_buffer_2_U/lenet_mnist_cap64_hls_shift_line_buffer_array_ap_fixed_22_12_4_0_0_1u_config2_s_void_conv_2d_bufferbkb_core_U/ShiftRegMem_reg[27][5]_srl23/CLK is not reached by a timing clock
Related violations: <none>

TIMING-17#202 Critical Warning
Non-clocked sequential cell  
The clock pin conv_2d_cl_array_ap_fixed_1u_array_ap_fixed_22_12_4_0_0_6u_config2_U0/grp_compute_output_buffer_2d_array_array_ap_fixed_22_12_4_0_0_6u_config2_s_fu_118/call_ln281_shift_line_buffer_array_ap_fixed_22_12_4_0_0_1u_config2_s_fu_131/void_conv_2d_buffer_resource_cl_stream_stream_weight_t_bias_t_line_buffer_2_U/lenet_mnist_cap64_hls_shift_line_buffer_array_ap_fixed_22_12_4_0_0_1u_config2_s_void_conv_2d_bufferbkb_core_U/ShiftRegMem_reg[27][6]_srl23/CLK is not reached by a timing clock
Related violations: <none>

TIMING-17#203 Critical Warning
Non-clocked sequential cell  
The clock pin conv_2d_cl_array_ap_fixed_1u_array_ap_fixed_22_12_4_0_0_6u_config2_U0/grp_compute_output_buffer_2d_array_array_ap_fixed_22_12_4_0_0_6u_config2_s_fu_118/call_ln281_shift_line_buffer_array_ap_fixed_22_12_4_0_0_1u_config2_s_fu_131/void_conv_2d_buffer_resource_cl_stream_stream_weight_t_bias_t_line_buffer_2_U/lenet_mnist_cap64_hls_shift_line_buffer_array_ap_fixed_22_12_4_0_0_1u_config2_s_void_conv_2d_bufferbkb_core_U/ShiftRegMem_reg[27][7]_srl23/CLK is not reached by a timing clock
Related violations: <none>

TIMING-17#204 Critical Warning
Non-clocked sequential cell  
The clock pin conv_2d_cl_array_ap_fixed_1u_array_ap_fixed_22_12_4_0_0_6u_config2_U0/grp_compute_output_buffer_2d_array_array_ap_fixed_22_12_4_0_0_6u_config2_s_fu_118/call_ln281_shift_line_buffer_array_ap_fixed_22_12_4_0_0_1u_config2_s_fu_131/void_conv_2d_buffer_resource_cl_stream_stream_weight_t_bias_t_line_buffer_2_U/lenet_mnist_cap64_hls_shift_line_buffer_array_ap_fixed_22_12_4_0_0_1u_config2_s_void_conv_2d_bufferbkb_core_U/ShiftRegMem_reg[27][8]_srl23/CLK is not reached by a timing clock
Related violations: <none>

TIMING-17#205 Critical Warning
Non-clocked sequential cell  
The clock pin conv_2d_cl_array_ap_fixed_1u_array_ap_fixed_22_12_4_0_0_6u_config2_U0/grp_compute_output_buffer_2d_array_array_ap_fixed_22_12_4_0_0_6u_config2_s_fu_118/call_ln281_shift_line_buffer_array_ap_fixed_22_12_4_0_0_1u_config2_s_fu_131/void_conv_2d_buffer_resource_cl_stream_stream_weight_t_bias_t_line_buffer_2_U/lenet_mnist_cap64_hls_shift_line_buffer_array_ap_fixed_22_12_4_0_0_1u_config2_s_void_conv_2d_bufferbkb_core_U/ShiftRegMem_reg[27][9]_srl23/CLK is not reached by a timing clock
Related violations: <none>

TIMING-17#206 Critical Warning
Non-clocked sequential cell  
The clock pin conv_2d_cl_array_ap_fixed_1u_array_ap_fixed_22_12_4_0_0_6u_config2_U0/grp_compute_output_buffer_2d_array_array_ap_fixed_22_12_4_0_0_6u_config2_s_fu_118/call_ln281_shift_line_buffer_array_ap_fixed_22_12_4_0_0_1u_config2_s_fu_131/void_conv_2d_buffer_resource_cl_stream_stream_weight_t_bias_t_line_buffer_2_U/lenet_mnist_cap64_hls_shift_line_buffer_array_ap_fixed_22_12_4_0_0_1u_config2_s_void_conv_2d_bufferbkb_core_U/ShiftRegMem_reg[2][0]/C is not reached by a timing clock
Related violations: <none>

TIMING-17#207 Critical Warning
Non-clocked sequential cell  
The clock pin conv_2d_cl_array_ap_fixed_1u_array_ap_fixed_22_12_4_0_0_6u_config2_U0/grp_compute_output_buffer_2d_array_array_ap_fixed_22_12_4_0_0_6u_config2_s_fu_118/call_ln281_shift_line_buffer_array_ap_fixed_22_12_4_0_0_1u_config2_s_fu_131/void_conv_2d_buffer_resource_cl_stream_stream_weight_t_bias_t_line_buffer_2_U/lenet_mnist_cap64_hls_shift_line_buffer_array_ap_fixed_22_12_4_0_0_1u_config2_s_void_conv_2d_bufferbkb_core_U/ShiftRegMem_reg[2][10]/C is not reached by a timing clock
Related violations: <none>

TIMING-17#208 Critical Warning
Non-clocked sequential cell  
The clock pin conv_2d_cl_array_ap_fixed_1u_array_ap_fixed_22_12_4_0_0_6u_config2_U0/grp_compute_output_buffer_2d_array_array_ap_fixed_22_12_4_0_0_6u_config2_s_fu_118/call_ln281_shift_line_buffer_array_ap_fixed_22_12_4_0_0_1u_config2_s_fu_131/void_conv_2d_buffer_resource_cl_stream_stream_weight_t_bias_t_line_buffer_2_U/lenet_mnist_cap64_hls_shift_line_buffer_array_ap_fixed_22_12_4_0_0_1u_config2_s_void_conv_2d_bufferbkb_core_U/ShiftRegMem_reg[2][11]/C is not reached by a timing clock
Related violations: <none>

TIMING-17#209 Critical Warning
Non-clocked sequential cell  
The clock pin conv_2d_cl_array_ap_fixed_1u_array_ap_fixed_22_12_4_0_0_6u_config2_U0/grp_compute_output_buffer_2d_array_array_ap_fixed_22_12_4_0_0_6u_config2_s_fu_118/call_ln281_shift_line_buffer_array_ap_fixed_22_12_4_0_0_1u_config2_s_fu_131/void_conv_2d_buffer_resource_cl_stream_stream_weight_t_bias_t_line_buffer_2_U/lenet_mnist_cap64_hls_shift_line_buffer_array_ap_fixed_22_12_4_0_0_1u_config2_s_void_conv_2d_bufferbkb_core_U/ShiftRegMem_reg[2][12]/C is not reached by a timing clock
Related violations: <none>

TIMING-17#210 Critical Warning
Non-clocked sequential cell  
The clock pin conv_2d_cl_array_ap_fixed_1u_array_ap_fixed_22_12_4_0_0_6u_config2_U0/grp_compute_output_buffer_2d_array_array_ap_fixed_22_12_4_0_0_6u_config2_s_fu_118/call_ln281_shift_line_buffer_array_ap_fixed_22_12_4_0_0_1u_config2_s_fu_131/void_conv_2d_buffer_resource_cl_stream_stream_weight_t_bias_t_line_buffer_2_U/lenet_mnist_cap64_hls_shift_line_buffer_array_ap_fixed_22_12_4_0_0_1u_config2_s_void_conv_2d_bufferbkb_core_U/ShiftRegMem_reg[2][13]/C is not reached by a timing clock
Related violations: <none>

TIMING-17#211 Critical Warning
Non-clocked sequential cell  
The clock pin conv_2d_cl_array_ap_fixed_1u_array_ap_fixed_22_12_4_0_0_6u_config2_U0/grp_compute_output_buffer_2d_array_array_ap_fixed_22_12_4_0_0_6u_config2_s_fu_118/call_ln281_shift_line_buffer_array_ap_fixed_22_12_4_0_0_1u_config2_s_fu_131/void_conv_2d_buffer_resource_cl_stream_stream_weight_t_bias_t_line_buffer_2_U/lenet_mnist_cap64_hls_shift_line_buffer_array_ap_fixed_22_12_4_0_0_1u_config2_s_void_conv_2d_bufferbkb_core_U/ShiftRegMem_reg[2][14]/C is not reached by a timing clock
Related violations: <none>

TIMING-17#212 Critical Warning
Non-clocked sequential cell  
The clock pin conv_2d_cl_array_ap_fixed_1u_array_ap_fixed_22_12_4_0_0_6u_config2_U0/grp_compute_output_buffer_2d_array_array_ap_fixed_22_12_4_0_0_6u_config2_s_fu_118/call_ln281_shift_line_buffer_array_ap_fixed_22_12_4_0_0_1u_config2_s_fu_131/void_conv_2d_buffer_resource_cl_stream_stream_weight_t_bias_t_line_buffer_2_U/lenet_mnist_cap64_hls_shift_line_buffer_array_ap_fixed_22_12_4_0_0_1u_config2_s_void_conv_2d_bufferbkb_core_U/ShiftRegMem_reg[2][15]/C is not reached by a timing clock
Related violations: <none>

TIMING-17#213 Critical Warning
Non-clocked sequential cell  
The clock pin conv_2d_cl_array_ap_fixed_1u_array_ap_fixed_22_12_4_0_0_6u_config2_U0/grp_compute_output_buffer_2d_array_array_ap_fixed_22_12_4_0_0_6u_config2_s_fu_118/call_ln281_shift_line_buffer_array_ap_fixed_22_12_4_0_0_1u_config2_s_fu_131/void_conv_2d_buffer_resource_cl_stream_stream_weight_t_bias_t_line_buffer_2_U/lenet_mnist_cap64_hls_shift_line_buffer_array_ap_fixed_22_12_4_0_0_1u_config2_s_void_conv_2d_bufferbkb_core_U/ShiftRegMem_reg[2][16]/C is not reached by a timing clock
Related violations: <none>

TIMING-17#214 Critical Warning
Non-clocked sequential cell  
The clock pin conv_2d_cl_array_ap_fixed_1u_array_ap_fixed_22_12_4_0_0_6u_config2_U0/grp_compute_output_buffer_2d_array_array_ap_fixed_22_12_4_0_0_6u_config2_s_fu_118/call_ln281_shift_line_buffer_array_ap_fixed_22_12_4_0_0_1u_config2_s_fu_131/void_conv_2d_buffer_resource_cl_stream_stream_weight_t_bias_t_line_buffer_2_U/lenet_mnist_cap64_hls_shift_line_buffer_array_ap_fixed_22_12_4_0_0_1u_config2_s_void_conv_2d_bufferbkb_core_U/ShiftRegMem_reg[2][17]/C is not reached by a timing clock
Related violations: <none>

TIMING-17#215 Critical Warning
Non-clocked sequential cell  
The clock pin conv_2d_cl_array_ap_fixed_1u_array_ap_fixed_22_12_4_0_0_6u_config2_U0/grp_compute_output_buffer_2d_array_array_ap_fixed_22_12_4_0_0_6u_config2_s_fu_118/call_ln281_shift_line_buffer_array_ap_fixed_22_12_4_0_0_1u_config2_s_fu_131/void_conv_2d_buffer_resource_cl_stream_stream_weight_t_bias_t_line_buffer_2_U/lenet_mnist_cap64_hls_shift_line_buffer_array_ap_fixed_22_12_4_0_0_1u_config2_s_void_conv_2d_bufferbkb_core_U/ShiftRegMem_reg[2][18]/C is not reached by a timing clock
Related violations: <none>

TIMING-17#216 Critical Warning
Non-clocked sequential cell  
The clock pin conv_2d_cl_array_ap_fixed_1u_array_ap_fixed_22_12_4_0_0_6u_config2_U0/grp_compute_output_buffer_2d_array_array_ap_fixed_22_12_4_0_0_6u_config2_s_fu_118/call_ln281_shift_line_buffer_array_ap_fixed_22_12_4_0_0_1u_config2_s_fu_131/void_conv_2d_buffer_resource_cl_stream_stream_weight_t_bias_t_line_buffer_2_U/lenet_mnist_cap64_hls_shift_line_buffer_array_ap_fixed_22_12_4_0_0_1u_config2_s_void_conv_2d_bufferbkb_core_U/ShiftRegMem_reg[2][19]/C is not reached by a timing clock
Related violations: <none>

TIMING-17#217 Critical Warning
Non-clocked sequential cell  
The clock pin conv_2d_cl_array_ap_fixed_1u_array_ap_fixed_22_12_4_0_0_6u_config2_U0/grp_compute_output_buffer_2d_array_array_ap_fixed_22_12_4_0_0_6u_config2_s_fu_118/call_ln281_shift_line_buffer_array_ap_fixed_22_12_4_0_0_1u_config2_s_fu_131/void_conv_2d_buffer_resource_cl_stream_stream_weight_t_bias_t_line_buffer_2_U/lenet_mnist_cap64_hls_shift_line_buffer_array_ap_fixed_22_12_4_0_0_1u_config2_s_void_conv_2d_bufferbkb_core_U/ShiftRegMem_reg[2][1]/C is not reached by a timing clock
Related violations: <none>

TIMING-17#218 Critical Warning
Non-clocked sequential cell  
The clock pin conv_2d_cl_array_ap_fixed_1u_array_ap_fixed_22_12_4_0_0_6u_config2_U0/grp_compute_output_buffer_2d_array_array_ap_fixed_22_12_4_0_0_6u_config2_s_fu_118/call_ln281_shift_line_buffer_array_ap_fixed_22_12_4_0_0_1u_config2_s_fu_131/void_conv_2d_buffer_resource_cl_stream_stream_weight_t_bias_t_line_buffer_2_U/lenet_mnist_cap64_hls_shift_line_buffer_array_ap_fixed_22_12_4_0_0_1u_config2_s_void_conv_2d_bufferbkb_core_U/ShiftRegMem_reg[2][20]/C is not reached by a timing clock
Related violations: <none>

TIMING-17#219 Critical Warning
Non-clocked sequential cell  
The clock pin conv_2d_cl_array_ap_fixed_1u_array_ap_fixed_22_12_4_0_0_6u_config2_U0/grp_compute_output_buffer_2d_array_array_ap_fixed_22_12_4_0_0_6u_config2_s_fu_118/call_ln281_shift_line_buffer_array_ap_fixed_22_12_4_0_0_1u_config2_s_fu_131/void_conv_2d_buffer_resource_cl_stream_stream_weight_t_bias_t_line_buffer_2_U/lenet_mnist_cap64_hls_shift_line_buffer_array_ap_fixed_22_12_4_0_0_1u_config2_s_void_conv_2d_bufferbkb_core_U/ShiftRegMem_reg[2][21]/C is not reached by a timing clock
Related violations: <none>

TIMING-17#220 Critical Warning
Non-clocked sequential cell  
The clock pin conv_2d_cl_array_ap_fixed_1u_array_ap_fixed_22_12_4_0_0_6u_config2_U0/grp_compute_output_buffer_2d_array_array_ap_fixed_22_12_4_0_0_6u_config2_s_fu_118/call_ln281_shift_line_buffer_array_ap_fixed_22_12_4_0_0_1u_config2_s_fu_131/void_conv_2d_buffer_resource_cl_stream_stream_weight_t_bias_t_line_buffer_2_U/lenet_mnist_cap64_hls_shift_line_buffer_array_ap_fixed_22_12_4_0_0_1u_config2_s_void_conv_2d_bufferbkb_core_U/ShiftRegMem_reg[2][2]/C is not reached by a timing clock
Related violations: <none>

TIMING-17#221 Critical Warning
Non-clocked sequential cell  
The clock pin conv_2d_cl_array_ap_fixed_1u_array_ap_fixed_22_12_4_0_0_6u_config2_U0/grp_compute_output_buffer_2d_array_array_ap_fixed_22_12_4_0_0_6u_config2_s_fu_118/call_ln281_shift_line_buffer_array_ap_fixed_22_12_4_0_0_1u_config2_s_fu_131/void_conv_2d_buffer_resource_cl_stream_stream_weight_t_bias_t_line_buffer_2_U/lenet_mnist_cap64_hls_shift_line_buffer_array_ap_fixed_22_12_4_0_0_1u_config2_s_void_conv_2d_bufferbkb_core_U/ShiftRegMem_reg[2][3]/C is not reached by a timing clock
Related violations: <none>

TIMING-17#222 Critical Warning
Non-clocked sequential cell  
The clock pin conv_2d_cl_array_ap_fixed_1u_array_ap_fixed_22_12_4_0_0_6u_config2_U0/grp_compute_output_buffer_2d_array_array_ap_fixed_22_12_4_0_0_6u_config2_s_fu_118/call_ln281_shift_line_buffer_array_ap_fixed_22_12_4_0_0_1u_config2_s_fu_131/void_conv_2d_buffer_resource_cl_stream_stream_weight_t_bias_t_line_buffer_2_U/lenet_mnist_cap64_hls_shift_line_buffer_array_ap_fixed_22_12_4_0_0_1u_config2_s_void_conv_2d_bufferbkb_core_U/ShiftRegMem_reg[2][4]/C is not reached by a timing clock
Related violations: <none>

TIMING-17#223 Critical Warning
Non-clocked sequential cell  
The clock pin conv_2d_cl_array_ap_fixed_1u_array_ap_fixed_22_12_4_0_0_6u_config2_U0/grp_compute_output_buffer_2d_array_array_ap_fixed_22_12_4_0_0_6u_config2_s_fu_118/call_ln281_shift_line_buffer_array_ap_fixed_22_12_4_0_0_1u_config2_s_fu_131/void_conv_2d_buffer_resource_cl_stream_stream_weight_t_bias_t_line_buffer_2_U/lenet_mnist_cap64_hls_shift_line_buffer_array_ap_fixed_22_12_4_0_0_1u_config2_s_void_conv_2d_bufferbkb_core_U/ShiftRegMem_reg[2][5]/C is not reached by a timing clock
Related violations: <none>

TIMING-17#224 Critical Warning
Non-clocked sequential cell  
The clock pin conv_2d_cl_array_ap_fixed_1u_array_ap_fixed_22_12_4_0_0_6u_config2_U0/grp_compute_output_buffer_2d_array_array_ap_fixed_22_12_4_0_0_6u_config2_s_fu_118/call_ln281_shift_line_buffer_array_ap_fixed_22_12_4_0_0_1u_config2_s_fu_131/void_conv_2d_buffer_resource_cl_stream_stream_weight_t_bias_t_line_buffer_2_U/lenet_mnist_cap64_hls_shift_line_buffer_array_ap_fixed_22_12_4_0_0_1u_config2_s_void_conv_2d_bufferbkb_core_U/ShiftRegMem_reg[2][6]/C is not reached by a timing clock
Related violations: <none>

TIMING-17#225 Critical Warning
Non-clocked sequential cell  
The clock pin conv_2d_cl_array_ap_fixed_1u_array_ap_fixed_22_12_4_0_0_6u_config2_U0/grp_compute_output_buffer_2d_array_array_ap_fixed_22_12_4_0_0_6u_config2_s_fu_118/call_ln281_shift_line_buffer_array_ap_fixed_22_12_4_0_0_1u_config2_s_fu_131/void_conv_2d_buffer_resource_cl_stream_stream_weight_t_bias_t_line_buffer_2_U/lenet_mnist_cap64_hls_shift_line_buffer_array_ap_fixed_22_12_4_0_0_1u_config2_s_void_conv_2d_bufferbkb_core_U/ShiftRegMem_reg[2][7]/C is not reached by a timing clock
Related violations: <none>

TIMING-17#226 Critical Warning
Non-clocked sequential cell  
The clock pin conv_2d_cl_array_ap_fixed_1u_array_ap_fixed_22_12_4_0_0_6u_config2_U0/grp_compute_output_buffer_2d_array_array_ap_fixed_22_12_4_0_0_6u_config2_s_fu_118/call_ln281_shift_line_buffer_array_ap_fixed_22_12_4_0_0_1u_config2_s_fu_131/void_conv_2d_buffer_resource_cl_stream_stream_weight_t_bias_t_line_buffer_2_U/lenet_mnist_cap64_hls_shift_line_buffer_array_ap_fixed_22_12_4_0_0_1u_config2_s_void_conv_2d_bufferbkb_core_U/ShiftRegMem_reg[2][8]/C is not reached by a timing clock
Related violations: <none>

TIMING-17#227 Critical Warning
Non-clocked sequential cell  
The clock pin conv_2d_cl_array_ap_fixed_1u_array_ap_fixed_22_12_4_0_0_6u_config2_U0/grp_compute_output_buffer_2d_array_array_ap_fixed_22_12_4_0_0_6u_config2_s_fu_118/call_ln281_shift_line_buffer_array_ap_fixed_22_12_4_0_0_1u_config2_s_fu_131/void_conv_2d_buffer_resource_cl_stream_stream_weight_t_bias_t_line_buffer_2_U/lenet_mnist_cap64_hls_shift_line_buffer_array_ap_fixed_22_12_4_0_0_1u_config2_s_void_conv_2d_bufferbkb_core_U/ShiftRegMem_reg[2][9]/C is not reached by a timing clock
Related violations: <none>

TIMING-17#228 Critical Warning
Non-clocked sequential cell  
The clock pin conv_2d_cl_array_ap_fixed_1u_array_ap_fixed_22_12_4_0_0_6u_config2_U0/grp_compute_output_buffer_2d_array_array_ap_fixed_22_12_4_0_0_6u_config2_s_fu_118/call_ln281_shift_line_buffer_array_ap_fixed_22_12_4_0_0_1u_config2_s_fu_131/void_conv_2d_buffer_resource_cl_stream_stream_weight_t_bias_t_line_buffer_2_U/lenet_mnist_cap64_hls_shift_line_buffer_array_ap_fixed_22_12_4_0_0_1u_config2_s_void_conv_2d_bufferbkb_core_U/ShiftRegMem_reg[3][0]/C is not reached by a timing clock
Related violations: <none>

TIMING-17#229 Critical Warning
Non-clocked sequential cell  
The clock pin conv_2d_cl_array_ap_fixed_1u_array_ap_fixed_22_12_4_0_0_6u_config2_U0/grp_compute_output_buffer_2d_array_array_ap_fixed_22_12_4_0_0_6u_config2_s_fu_118/call_ln281_shift_line_buffer_array_ap_fixed_22_12_4_0_0_1u_config2_s_fu_131/void_conv_2d_buffer_resource_cl_stream_stream_weight_t_bias_t_line_buffer_2_U/lenet_mnist_cap64_hls_shift_line_buffer_array_ap_fixed_22_12_4_0_0_1u_config2_s_void_conv_2d_bufferbkb_core_U/ShiftRegMem_reg[3][10]/C is not reached by a timing clock
Related violations: <none>

TIMING-17#230 Critical Warning
Non-clocked sequential cell  
The clock pin conv_2d_cl_array_ap_fixed_1u_array_ap_fixed_22_12_4_0_0_6u_config2_U0/grp_compute_output_buffer_2d_array_array_ap_fixed_22_12_4_0_0_6u_config2_s_fu_118/call_ln281_shift_line_buffer_array_ap_fixed_22_12_4_0_0_1u_config2_s_fu_131/void_conv_2d_buffer_resource_cl_stream_stream_weight_t_bias_t_line_buffer_2_U/lenet_mnist_cap64_hls_shift_line_buffer_array_ap_fixed_22_12_4_0_0_1u_config2_s_void_conv_2d_bufferbkb_core_U/ShiftRegMem_reg[3][11]/C is not reached by a timing clock
Related violations: <none>

TIMING-17#231 Critical Warning
Non-clocked sequential cell  
The clock pin conv_2d_cl_array_ap_fixed_1u_array_ap_fixed_22_12_4_0_0_6u_config2_U0/grp_compute_output_buffer_2d_array_array_ap_fixed_22_12_4_0_0_6u_config2_s_fu_118/call_ln281_shift_line_buffer_array_ap_fixed_22_12_4_0_0_1u_config2_s_fu_131/void_conv_2d_buffer_resource_cl_stream_stream_weight_t_bias_t_line_buffer_2_U/lenet_mnist_cap64_hls_shift_line_buffer_array_ap_fixed_22_12_4_0_0_1u_config2_s_void_conv_2d_bufferbkb_core_U/ShiftRegMem_reg[3][12]/C is not reached by a timing clock
Related violations: <none>

TIMING-17#232 Critical Warning
Non-clocked sequential cell  
The clock pin conv_2d_cl_array_ap_fixed_1u_array_ap_fixed_22_12_4_0_0_6u_config2_U0/grp_compute_output_buffer_2d_array_array_ap_fixed_22_12_4_0_0_6u_config2_s_fu_118/call_ln281_shift_line_buffer_array_ap_fixed_22_12_4_0_0_1u_config2_s_fu_131/void_conv_2d_buffer_resource_cl_stream_stream_weight_t_bias_t_line_buffer_2_U/lenet_mnist_cap64_hls_shift_line_buffer_array_ap_fixed_22_12_4_0_0_1u_config2_s_void_conv_2d_bufferbkb_core_U/ShiftRegMem_reg[3][13]/C is not reached by a timing clock
Related violations: <none>

TIMING-17#233 Critical Warning
Non-clocked sequential cell  
The clock pin conv_2d_cl_array_ap_fixed_1u_array_ap_fixed_22_12_4_0_0_6u_config2_U0/grp_compute_output_buffer_2d_array_array_ap_fixed_22_12_4_0_0_6u_config2_s_fu_118/call_ln281_shift_line_buffer_array_ap_fixed_22_12_4_0_0_1u_config2_s_fu_131/void_conv_2d_buffer_resource_cl_stream_stream_weight_t_bias_t_line_buffer_2_U/lenet_mnist_cap64_hls_shift_line_buffer_array_ap_fixed_22_12_4_0_0_1u_config2_s_void_conv_2d_bufferbkb_core_U/ShiftRegMem_reg[3][14]/C is not reached by a timing clock
Related violations: <none>

TIMING-17#234 Critical Warning
Non-clocked sequential cell  
The clock pin conv_2d_cl_array_ap_fixed_1u_array_ap_fixed_22_12_4_0_0_6u_config2_U0/grp_compute_output_buffer_2d_array_array_ap_fixed_22_12_4_0_0_6u_config2_s_fu_118/call_ln281_shift_line_buffer_array_ap_fixed_22_12_4_0_0_1u_config2_s_fu_131/void_conv_2d_buffer_resource_cl_stream_stream_weight_t_bias_t_line_buffer_2_U/lenet_mnist_cap64_hls_shift_line_buffer_array_ap_fixed_22_12_4_0_0_1u_config2_s_void_conv_2d_bufferbkb_core_U/ShiftRegMem_reg[3][15]/C is not reached by a timing clock
Related violations: <none>

TIMING-17#235 Critical Warning
Non-clocked sequential cell  
The clock pin conv_2d_cl_array_ap_fixed_1u_array_ap_fixed_22_12_4_0_0_6u_config2_U0/grp_compute_output_buffer_2d_array_array_ap_fixed_22_12_4_0_0_6u_config2_s_fu_118/call_ln281_shift_line_buffer_array_ap_fixed_22_12_4_0_0_1u_config2_s_fu_131/void_conv_2d_buffer_resource_cl_stream_stream_weight_t_bias_t_line_buffer_2_U/lenet_mnist_cap64_hls_shift_line_buffer_array_ap_fixed_22_12_4_0_0_1u_config2_s_void_conv_2d_bufferbkb_core_U/ShiftRegMem_reg[3][16]/C is not reached by a timing clock
Related violations: <none>

TIMING-17#236 Critical Warning
Non-clocked sequential cell  
The clock pin conv_2d_cl_array_ap_fixed_1u_array_ap_fixed_22_12_4_0_0_6u_config2_U0/grp_compute_output_buffer_2d_array_array_ap_fixed_22_12_4_0_0_6u_config2_s_fu_118/call_ln281_shift_line_buffer_array_ap_fixed_22_12_4_0_0_1u_config2_s_fu_131/void_conv_2d_buffer_resource_cl_stream_stream_weight_t_bias_t_line_buffer_2_U/lenet_mnist_cap64_hls_shift_line_buffer_array_ap_fixed_22_12_4_0_0_1u_config2_s_void_conv_2d_bufferbkb_core_U/ShiftRegMem_reg[3][17]/C is not reached by a timing clock
Related violations: <none>

TIMING-17#237 Critical Warning
Non-clocked sequential cell  
The clock pin conv_2d_cl_array_ap_fixed_1u_array_ap_fixed_22_12_4_0_0_6u_config2_U0/grp_compute_output_buffer_2d_array_array_ap_fixed_22_12_4_0_0_6u_config2_s_fu_118/call_ln281_shift_line_buffer_array_ap_fixed_22_12_4_0_0_1u_config2_s_fu_131/void_conv_2d_buffer_resource_cl_stream_stream_weight_t_bias_t_line_buffer_2_U/lenet_mnist_cap64_hls_shift_line_buffer_array_ap_fixed_22_12_4_0_0_1u_config2_s_void_conv_2d_bufferbkb_core_U/ShiftRegMem_reg[3][18]/C is not reached by a timing clock
Related violations: <none>

TIMING-17#238 Critical Warning
Non-clocked sequential cell  
The clock pin conv_2d_cl_array_ap_fixed_1u_array_ap_fixed_22_12_4_0_0_6u_config2_U0/grp_compute_output_buffer_2d_array_array_ap_fixed_22_12_4_0_0_6u_config2_s_fu_118/call_ln281_shift_line_buffer_array_ap_fixed_22_12_4_0_0_1u_config2_s_fu_131/void_conv_2d_buffer_resource_cl_stream_stream_weight_t_bias_t_line_buffer_2_U/lenet_mnist_cap64_hls_shift_line_buffer_array_ap_fixed_22_12_4_0_0_1u_config2_s_void_conv_2d_bufferbkb_core_U/ShiftRegMem_reg[3][19]/C is not reached by a timing clock
Related violations: <none>

TIMING-17#239 Critical Warning
Non-clocked sequential cell  
The clock pin conv_2d_cl_array_ap_fixed_1u_array_ap_fixed_22_12_4_0_0_6u_config2_U0/grp_compute_output_buffer_2d_array_array_ap_fixed_22_12_4_0_0_6u_config2_s_fu_118/call_ln281_shift_line_buffer_array_ap_fixed_22_12_4_0_0_1u_config2_s_fu_131/void_conv_2d_buffer_resource_cl_stream_stream_weight_t_bias_t_line_buffer_2_U/lenet_mnist_cap64_hls_shift_line_buffer_array_ap_fixed_22_12_4_0_0_1u_config2_s_void_conv_2d_bufferbkb_core_U/ShiftRegMem_reg[3][1]/C is not reached by a timing clock
Related violations: <none>

TIMING-17#240 Critical Warning
Non-clocked sequential cell  
The clock pin conv_2d_cl_array_ap_fixed_1u_array_ap_fixed_22_12_4_0_0_6u_config2_U0/grp_compute_output_buffer_2d_array_array_ap_fixed_22_12_4_0_0_6u_config2_s_fu_118/call_ln281_shift_line_buffer_array_ap_fixed_22_12_4_0_0_1u_config2_s_fu_131/void_conv_2d_buffer_resource_cl_stream_stream_weight_t_bias_t_line_buffer_2_U/lenet_mnist_cap64_hls_shift_line_buffer_array_ap_fixed_22_12_4_0_0_1u_config2_s_void_conv_2d_bufferbkb_core_U/ShiftRegMem_reg[3][20]/C is not reached by a timing clock
Related violations: <none>

TIMING-17#241 Critical Warning
Non-clocked sequential cell  
The clock pin conv_2d_cl_array_ap_fixed_1u_array_ap_fixed_22_12_4_0_0_6u_config2_U0/grp_compute_output_buffer_2d_array_array_ap_fixed_22_12_4_0_0_6u_config2_s_fu_118/call_ln281_shift_line_buffer_array_ap_fixed_22_12_4_0_0_1u_config2_s_fu_131/void_conv_2d_buffer_resource_cl_stream_stream_weight_t_bias_t_line_buffer_2_U/lenet_mnist_cap64_hls_shift_line_buffer_array_ap_fixed_22_12_4_0_0_1u_config2_s_void_conv_2d_bufferbkb_core_U/ShiftRegMem_reg[3][21]/C is not reached by a timing clock
Related violations: <none>

TIMING-17#242 Critical Warning
Non-clocked sequential cell  
The clock pin conv_2d_cl_array_ap_fixed_1u_array_ap_fixed_22_12_4_0_0_6u_config2_U0/grp_compute_output_buffer_2d_array_array_ap_fixed_22_12_4_0_0_6u_config2_s_fu_118/call_ln281_shift_line_buffer_array_ap_fixed_22_12_4_0_0_1u_config2_s_fu_131/void_conv_2d_buffer_resource_cl_stream_stream_weight_t_bias_t_line_buffer_2_U/lenet_mnist_cap64_hls_shift_line_buffer_array_ap_fixed_22_12_4_0_0_1u_config2_s_void_conv_2d_bufferbkb_core_U/ShiftRegMem_reg[3][2]/C is not reached by a timing clock
Related violations: <none>

TIMING-17#243 Critical Warning
Non-clocked sequential cell  
The clock pin conv_2d_cl_array_ap_fixed_1u_array_ap_fixed_22_12_4_0_0_6u_config2_U0/grp_compute_output_buffer_2d_array_array_ap_fixed_22_12_4_0_0_6u_config2_s_fu_118/call_ln281_shift_line_buffer_array_ap_fixed_22_12_4_0_0_1u_config2_s_fu_131/void_conv_2d_buffer_resource_cl_stream_stream_weight_t_bias_t_line_buffer_2_U/lenet_mnist_cap64_hls_shift_line_buffer_array_ap_fixed_22_12_4_0_0_1u_config2_s_void_conv_2d_bufferbkb_core_U/ShiftRegMem_reg[3][3]/C is not reached by a timing clock
Related violations: <none>

TIMING-17#244 Critical Warning
Non-clocked sequential cell  
The clock pin conv_2d_cl_array_ap_fixed_1u_array_ap_fixed_22_12_4_0_0_6u_config2_U0/grp_compute_output_buffer_2d_array_array_ap_fixed_22_12_4_0_0_6u_config2_s_fu_118/call_ln281_shift_line_buffer_array_ap_fixed_22_12_4_0_0_1u_config2_s_fu_131/void_conv_2d_buffer_resource_cl_stream_stream_weight_t_bias_t_line_buffer_2_U/lenet_mnist_cap64_hls_shift_line_buffer_array_ap_fixed_22_12_4_0_0_1u_config2_s_void_conv_2d_bufferbkb_core_U/ShiftRegMem_reg[3][4]/C is not reached by a timing clock
Related violations: <none>

TIMING-17#245 Critical Warning
Non-clocked sequential cell  
The clock pin conv_2d_cl_array_ap_fixed_1u_array_ap_fixed_22_12_4_0_0_6u_config2_U0/grp_compute_output_buffer_2d_array_array_ap_fixed_22_12_4_0_0_6u_config2_s_fu_118/call_ln281_shift_line_buffer_array_ap_fixed_22_12_4_0_0_1u_config2_s_fu_131/void_conv_2d_buffer_resource_cl_stream_stream_weight_t_bias_t_line_buffer_2_U/lenet_mnist_cap64_hls_shift_line_buffer_array_ap_fixed_22_12_4_0_0_1u_config2_s_void_conv_2d_bufferbkb_core_U/ShiftRegMem_reg[3][5]/C is not reached by a timing clock
Related violations: <none>

TIMING-17#246 Critical Warning
Non-clocked sequential cell  
The clock pin conv_2d_cl_array_ap_fixed_1u_array_ap_fixed_22_12_4_0_0_6u_config2_U0/grp_compute_output_buffer_2d_array_array_ap_fixed_22_12_4_0_0_6u_config2_s_fu_118/call_ln281_shift_line_buffer_array_ap_fixed_22_12_4_0_0_1u_config2_s_fu_131/void_conv_2d_buffer_resource_cl_stream_stream_weight_t_bias_t_line_buffer_2_U/lenet_mnist_cap64_hls_shift_line_buffer_array_ap_fixed_22_12_4_0_0_1u_config2_s_void_conv_2d_bufferbkb_core_U/ShiftRegMem_reg[3][6]/C is not reached by a timing clock
Related violations: <none>

TIMING-17#247 Critical Warning
Non-clocked sequential cell  
The clock pin conv_2d_cl_array_ap_fixed_1u_array_ap_fixed_22_12_4_0_0_6u_config2_U0/grp_compute_output_buffer_2d_array_array_ap_fixed_22_12_4_0_0_6u_config2_s_fu_118/call_ln281_shift_line_buffer_array_ap_fixed_22_12_4_0_0_1u_config2_s_fu_131/void_conv_2d_buffer_resource_cl_stream_stream_weight_t_bias_t_line_buffer_2_U/lenet_mnist_cap64_hls_shift_line_buffer_array_ap_fixed_22_12_4_0_0_1u_config2_s_void_conv_2d_bufferbkb_core_U/ShiftRegMem_reg[3][7]/C is not reached by a timing clock
Related violations: <none>

TIMING-17#248 Critical Warning
Non-clocked sequential cell  
The clock pin conv_2d_cl_array_ap_fixed_1u_array_ap_fixed_22_12_4_0_0_6u_config2_U0/grp_compute_output_buffer_2d_array_array_ap_fixed_22_12_4_0_0_6u_config2_s_fu_118/call_ln281_shift_line_buffer_array_ap_fixed_22_12_4_0_0_1u_config2_s_fu_131/void_conv_2d_buffer_resource_cl_stream_stream_weight_t_bias_t_line_buffer_2_U/lenet_mnist_cap64_hls_shift_line_buffer_array_ap_fixed_22_12_4_0_0_1u_config2_s_void_conv_2d_bufferbkb_core_U/ShiftRegMem_reg[3][8]/C is not reached by a timing clock
Related violations: <none>

TIMING-17#249 Critical Warning
Non-clocked sequential cell  
The clock pin conv_2d_cl_array_ap_fixed_1u_array_ap_fixed_22_12_4_0_0_6u_config2_U0/grp_compute_output_buffer_2d_array_array_ap_fixed_22_12_4_0_0_6u_config2_s_fu_118/call_ln281_shift_line_buffer_array_ap_fixed_22_12_4_0_0_1u_config2_s_fu_131/void_conv_2d_buffer_resource_cl_stream_stream_weight_t_bias_t_line_buffer_2_U/lenet_mnist_cap64_hls_shift_line_buffer_array_ap_fixed_22_12_4_0_0_1u_config2_s_void_conv_2d_bufferbkb_core_U/ShiftRegMem_reg[3][9]/C is not reached by a timing clock
Related violations: <none>

TIMING-17#250 Critical Warning
Non-clocked sequential cell  
The clock pin conv_2d_cl_array_ap_fixed_1u_array_ap_fixed_22_12_4_0_0_6u_config2_U0/grp_compute_output_buffer_2d_array_array_ap_fixed_22_12_4_0_0_6u_config2_s_fu_118/call_ln281_shift_line_buffer_array_ap_fixed_22_12_4_0_0_1u_config2_s_fu_131/void_conv_2d_buffer_resource_cl_stream_stream_weight_t_bias_t_line_buffer_2_U/lenet_mnist_cap64_hls_shift_line_buffer_array_ap_fixed_22_12_4_0_0_1u_config2_s_void_conv_2d_bufferbkb_core_U/ShiftRegMem_reg[4][0]/C is not reached by a timing clock
Related violations: <none>

TIMING-17#251 Critical Warning
Non-clocked sequential cell  
The clock pin conv_2d_cl_array_ap_fixed_1u_array_ap_fixed_22_12_4_0_0_6u_config2_U0/grp_compute_output_buffer_2d_array_array_ap_fixed_22_12_4_0_0_6u_config2_s_fu_118/call_ln281_shift_line_buffer_array_ap_fixed_22_12_4_0_0_1u_config2_s_fu_131/void_conv_2d_buffer_resource_cl_stream_stream_weight_t_bias_t_line_buffer_2_U/lenet_mnist_cap64_hls_shift_line_buffer_array_ap_fixed_22_12_4_0_0_1u_config2_s_void_conv_2d_bufferbkb_core_U/ShiftRegMem_reg[4][10]/C is not reached by a timing clock
Related violations: <none>

TIMING-17#252 Critical Warning
Non-clocked sequential cell  
The clock pin conv_2d_cl_array_ap_fixed_1u_array_ap_fixed_22_12_4_0_0_6u_config2_U0/grp_compute_output_buffer_2d_array_array_ap_fixed_22_12_4_0_0_6u_config2_s_fu_118/call_ln281_shift_line_buffer_array_ap_fixed_22_12_4_0_0_1u_config2_s_fu_131/void_conv_2d_buffer_resource_cl_stream_stream_weight_t_bias_t_line_buffer_2_U/lenet_mnist_cap64_hls_shift_line_buffer_array_ap_fixed_22_12_4_0_0_1u_config2_s_void_conv_2d_bufferbkb_core_U/ShiftRegMem_reg[4][11]/C is not reached by a timing clock
Related violations: <none>

TIMING-17#253 Critical Warning
Non-clocked sequential cell  
The clock pin conv_2d_cl_array_ap_fixed_1u_array_ap_fixed_22_12_4_0_0_6u_config2_U0/grp_compute_output_buffer_2d_array_array_ap_fixed_22_12_4_0_0_6u_config2_s_fu_118/call_ln281_shift_line_buffer_array_ap_fixed_22_12_4_0_0_1u_config2_s_fu_131/void_conv_2d_buffer_resource_cl_stream_stream_weight_t_bias_t_line_buffer_2_U/lenet_mnist_cap64_hls_shift_line_buffer_array_ap_fixed_22_12_4_0_0_1u_config2_s_void_conv_2d_bufferbkb_core_U/ShiftRegMem_reg[4][12]/C is not reached by a timing clock
Related violations: <none>

TIMING-17#254 Critical Warning
Non-clocked sequential cell  
The clock pin conv_2d_cl_array_ap_fixed_1u_array_ap_fixed_22_12_4_0_0_6u_config2_U0/grp_compute_output_buffer_2d_array_array_ap_fixed_22_12_4_0_0_6u_config2_s_fu_118/call_ln281_shift_line_buffer_array_ap_fixed_22_12_4_0_0_1u_config2_s_fu_131/void_conv_2d_buffer_resource_cl_stream_stream_weight_t_bias_t_line_buffer_2_U/lenet_mnist_cap64_hls_shift_line_buffer_array_ap_fixed_22_12_4_0_0_1u_config2_s_void_conv_2d_bufferbkb_core_U/ShiftRegMem_reg[4][13]/C is not reached by a timing clock
Related violations: <none>

TIMING-17#255 Critical Warning
Non-clocked sequential cell  
The clock pin conv_2d_cl_array_ap_fixed_1u_array_ap_fixed_22_12_4_0_0_6u_config2_U0/grp_compute_output_buffer_2d_array_array_ap_fixed_22_12_4_0_0_6u_config2_s_fu_118/call_ln281_shift_line_buffer_array_ap_fixed_22_12_4_0_0_1u_config2_s_fu_131/void_conv_2d_buffer_resource_cl_stream_stream_weight_t_bias_t_line_buffer_2_U/lenet_mnist_cap64_hls_shift_line_buffer_array_ap_fixed_22_12_4_0_0_1u_config2_s_void_conv_2d_bufferbkb_core_U/ShiftRegMem_reg[4][14]/C is not reached by a timing clock
Related violations: <none>

TIMING-17#256 Critical Warning
Non-clocked sequential cell  
The clock pin conv_2d_cl_array_ap_fixed_1u_array_ap_fixed_22_12_4_0_0_6u_config2_U0/grp_compute_output_buffer_2d_array_array_ap_fixed_22_12_4_0_0_6u_config2_s_fu_118/call_ln281_shift_line_buffer_array_ap_fixed_22_12_4_0_0_1u_config2_s_fu_131/void_conv_2d_buffer_resource_cl_stream_stream_weight_t_bias_t_line_buffer_2_U/lenet_mnist_cap64_hls_shift_line_buffer_array_ap_fixed_22_12_4_0_0_1u_config2_s_void_conv_2d_bufferbkb_core_U/ShiftRegMem_reg[4][15]/C is not reached by a timing clock
Related violations: <none>

TIMING-17#257 Critical Warning
Non-clocked sequential cell  
The clock pin conv_2d_cl_array_ap_fixed_1u_array_ap_fixed_22_12_4_0_0_6u_config2_U0/grp_compute_output_buffer_2d_array_array_ap_fixed_22_12_4_0_0_6u_config2_s_fu_118/call_ln281_shift_line_buffer_array_ap_fixed_22_12_4_0_0_1u_config2_s_fu_131/void_conv_2d_buffer_resource_cl_stream_stream_weight_t_bias_t_line_buffer_2_U/lenet_mnist_cap64_hls_shift_line_buffer_array_ap_fixed_22_12_4_0_0_1u_config2_s_void_conv_2d_bufferbkb_core_U/ShiftRegMem_reg[4][16]/C is not reached by a timing clock
Related violations: <none>

TIMING-17#258 Critical Warning
Non-clocked sequential cell  
The clock pin conv_2d_cl_array_ap_fixed_1u_array_ap_fixed_22_12_4_0_0_6u_config2_U0/grp_compute_output_buffer_2d_array_array_ap_fixed_22_12_4_0_0_6u_config2_s_fu_118/call_ln281_shift_line_buffer_array_ap_fixed_22_12_4_0_0_1u_config2_s_fu_131/void_conv_2d_buffer_resource_cl_stream_stream_weight_t_bias_t_line_buffer_2_U/lenet_mnist_cap64_hls_shift_line_buffer_array_ap_fixed_22_12_4_0_0_1u_config2_s_void_conv_2d_bufferbkb_core_U/ShiftRegMem_reg[4][17]/C is not reached by a timing clock
Related violations: <none>

TIMING-17#259 Critical Warning
Non-clocked sequential cell  
The clock pin conv_2d_cl_array_ap_fixed_1u_array_ap_fixed_22_12_4_0_0_6u_config2_U0/grp_compute_output_buffer_2d_array_array_ap_fixed_22_12_4_0_0_6u_config2_s_fu_118/call_ln281_shift_line_buffer_array_ap_fixed_22_12_4_0_0_1u_config2_s_fu_131/void_conv_2d_buffer_resource_cl_stream_stream_weight_t_bias_t_line_buffer_2_U/lenet_mnist_cap64_hls_shift_line_buffer_array_ap_fixed_22_12_4_0_0_1u_config2_s_void_conv_2d_bufferbkb_core_U/ShiftRegMem_reg[4][18]/C is not reached by a timing clock
Related violations: <none>

TIMING-17#260 Critical Warning
Non-clocked sequential cell  
The clock pin conv_2d_cl_array_ap_fixed_1u_array_ap_fixed_22_12_4_0_0_6u_config2_U0/grp_compute_output_buffer_2d_array_array_ap_fixed_22_12_4_0_0_6u_config2_s_fu_118/call_ln281_shift_line_buffer_array_ap_fixed_22_12_4_0_0_1u_config2_s_fu_131/void_conv_2d_buffer_resource_cl_stream_stream_weight_t_bias_t_line_buffer_2_U/lenet_mnist_cap64_hls_shift_line_buffer_array_ap_fixed_22_12_4_0_0_1u_config2_s_void_conv_2d_bufferbkb_core_U/ShiftRegMem_reg[4][19]/C is not reached by a timing clock
Related violations: <none>

TIMING-17#261 Critical Warning
Non-clocked sequential cell  
The clock pin conv_2d_cl_array_ap_fixed_1u_array_ap_fixed_22_12_4_0_0_6u_config2_U0/grp_compute_output_buffer_2d_array_array_ap_fixed_22_12_4_0_0_6u_config2_s_fu_118/call_ln281_shift_line_buffer_array_ap_fixed_22_12_4_0_0_1u_config2_s_fu_131/void_conv_2d_buffer_resource_cl_stream_stream_weight_t_bias_t_line_buffer_2_U/lenet_mnist_cap64_hls_shift_line_buffer_array_ap_fixed_22_12_4_0_0_1u_config2_s_void_conv_2d_bufferbkb_core_U/ShiftRegMem_reg[4][1]/C is not reached by a timing clock
Related violations: <none>

TIMING-17#262 Critical Warning
Non-clocked sequential cell  
The clock pin conv_2d_cl_array_ap_fixed_1u_array_ap_fixed_22_12_4_0_0_6u_config2_U0/grp_compute_output_buffer_2d_array_array_ap_fixed_22_12_4_0_0_6u_config2_s_fu_118/call_ln281_shift_line_buffer_array_ap_fixed_22_12_4_0_0_1u_config2_s_fu_131/void_conv_2d_buffer_resource_cl_stream_stream_weight_t_bias_t_line_buffer_2_U/lenet_mnist_cap64_hls_shift_line_buffer_array_ap_fixed_22_12_4_0_0_1u_config2_s_void_conv_2d_bufferbkb_core_U/ShiftRegMem_reg[4][20]/C is not reached by a timing clock
Related violations: <none>

TIMING-17#263 Critical Warning
Non-clocked sequential cell  
The clock pin conv_2d_cl_array_ap_fixed_1u_array_ap_fixed_22_12_4_0_0_6u_config2_U0/grp_compute_output_buffer_2d_array_array_ap_fixed_22_12_4_0_0_6u_config2_s_fu_118/call_ln281_shift_line_buffer_array_ap_fixed_22_12_4_0_0_1u_config2_s_fu_131/void_conv_2d_buffer_resource_cl_stream_stream_weight_t_bias_t_line_buffer_2_U/lenet_mnist_cap64_hls_shift_line_buffer_array_ap_fixed_22_12_4_0_0_1u_config2_s_void_conv_2d_bufferbkb_core_U/ShiftRegMem_reg[4][21]/C is not reached by a timing clock
Related violations: <none>

TIMING-17#264 Critical Warning
Non-clocked sequential cell  
The clock pin conv_2d_cl_array_ap_fixed_1u_array_ap_fixed_22_12_4_0_0_6u_config2_U0/grp_compute_output_buffer_2d_array_array_ap_fixed_22_12_4_0_0_6u_config2_s_fu_118/call_ln281_shift_line_buffer_array_ap_fixed_22_12_4_0_0_1u_config2_s_fu_131/void_conv_2d_buffer_resource_cl_stream_stream_weight_t_bias_t_line_buffer_2_U/lenet_mnist_cap64_hls_shift_line_buffer_array_ap_fixed_22_12_4_0_0_1u_config2_s_void_conv_2d_bufferbkb_core_U/ShiftRegMem_reg[4][2]/C is not reached by a timing clock
Related violations: <none>

TIMING-17#265 Critical Warning
Non-clocked sequential cell  
The clock pin conv_2d_cl_array_ap_fixed_1u_array_ap_fixed_22_12_4_0_0_6u_config2_U0/grp_compute_output_buffer_2d_array_array_ap_fixed_22_12_4_0_0_6u_config2_s_fu_118/call_ln281_shift_line_buffer_array_ap_fixed_22_12_4_0_0_1u_config2_s_fu_131/void_conv_2d_buffer_resource_cl_stream_stream_weight_t_bias_t_line_buffer_2_U/lenet_mnist_cap64_hls_shift_line_buffer_array_ap_fixed_22_12_4_0_0_1u_config2_s_void_conv_2d_bufferbkb_core_U/ShiftRegMem_reg[4][3]/C is not reached by a timing clock
Related violations: <none>

TIMING-17#266 Critical Warning
Non-clocked sequential cell  
The clock pin conv_2d_cl_array_ap_fixed_1u_array_ap_fixed_22_12_4_0_0_6u_config2_U0/grp_compute_output_buffer_2d_array_array_ap_fixed_22_12_4_0_0_6u_config2_s_fu_118/call_ln281_shift_line_buffer_array_ap_fixed_22_12_4_0_0_1u_config2_s_fu_131/void_conv_2d_buffer_resource_cl_stream_stream_weight_t_bias_t_line_buffer_2_U/lenet_mnist_cap64_hls_shift_line_buffer_array_ap_fixed_22_12_4_0_0_1u_config2_s_void_conv_2d_bufferbkb_core_U/ShiftRegMem_reg[4][4]/C is not reached by a timing clock
Related violations: <none>

TIMING-17#267 Critical Warning
Non-clocked sequential cell  
The clock pin conv_2d_cl_array_ap_fixed_1u_array_ap_fixed_22_12_4_0_0_6u_config2_U0/grp_compute_output_buffer_2d_array_array_ap_fixed_22_12_4_0_0_6u_config2_s_fu_118/call_ln281_shift_line_buffer_array_ap_fixed_22_12_4_0_0_1u_config2_s_fu_131/void_conv_2d_buffer_resource_cl_stream_stream_weight_t_bias_t_line_buffer_2_U/lenet_mnist_cap64_hls_shift_line_buffer_array_ap_fixed_22_12_4_0_0_1u_config2_s_void_conv_2d_bufferbkb_core_U/ShiftRegMem_reg[4][5]/C is not reached by a timing clock
Related violations: <none>

TIMING-17#268 Critical Warning
Non-clocked sequential cell  
The clock pin conv_2d_cl_array_ap_fixed_1u_array_ap_fixed_22_12_4_0_0_6u_config2_U0/grp_compute_output_buffer_2d_array_array_ap_fixed_22_12_4_0_0_6u_config2_s_fu_118/call_ln281_shift_line_buffer_array_ap_fixed_22_12_4_0_0_1u_config2_s_fu_131/void_conv_2d_buffer_resource_cl_stream_stream_weight_t_bias_t_line_buffer_2_U/lenet_mnist_cap64_hls_shift_line_buffer_array_ap_fixed_22_12_4_0_0_1u_config2_s_void_conv_2d_bufferbkb_core_U/ShiftRegMem_reg[4][6]/C is not reached by a timing clock
Related violations: <none>

TIMING-17#269 Critical Warning
Non-clocked sequential cell  
The clock pin conv_2d_cl_array_ap_fixed_1u_array_ap_fixed_22_12_4_0_0_6u_config2_U0/grp_compute_output_buffer_2d_array_array_ap_fixed_22_12_4_0_0_6u_config2_s_fu_118/call_ln281_shift_line_buffer_array_ap_fixed_22_12_4_0_0_1u_config2_s_fu_131/void_conv_2d_buffer_resource_cl_stream_stream_weight_t_bias_t_line_buffer_2_U/lenet_mnist_cap64_hls_shift_line_buffer_array_ap_fixed_22_12_4_0_0_1u_config2_s_void_conv_2d_bufferbkb_core_U/ShiftRegMem_reg[4][7]/C is not reached by a timing clock
Related violations: <none>

TIMING-17#270 Critical Warning
Non-clocked sequential cell  
The clock pin conv_2d_cl_array_ap_fixed_1u_array_ap_fixed_22_12_4_0_0_6u_config2_U0/grp_compute_output_buffer_2d_array_array_ap_fixed_22_12_4_0_0_6u_config2_s_fu_118/call_ln281_shift_line_buffer_array_ap_fixed_22_12_4_0_0_1u_config2_s_fu_131/void_conv_2d_buffer_resource_cl_stream_stream_weight_t_bias_t_line_buffer_2_U/lenet_mnist_cap64_hls_shift_line_buffer_array_ap_fixed_22_12_4_0_0_1u_config2_s_void_conv_2d_bufferbkb_core_U/ShiftRegMem_reg[4][8]/C is not reached by a timing clock
Related violations: <none>

TIMING-17#271 Critical Warning
Non-clocked sequential cell  
The clock pin conv_2d_cl_array_ap_fixed_1u_array_ap_fixed_22_12_4_0_0_6u_config2_U0/grp_compute_output_buffer_2d_array_array_ap_fixed_22_12_4_0_0_6u_config2_s_fu_118/call_ln281_shift_line_buffer_array_ap_fixed_22_12_4_0_0_1u_config2_s_fu_131/void_conv_2d_buffer_resource_cl_stream_stream_weight_t_bias_t_line_buffer_2_U/lenet_mnist_cap64_hls_shift_line_buffer_array_ap_fixed_22_12_4_0_0_1u_config2_s_void_conv_2d_bufferbkb_core_U/ShiftRegMem_reg[4][9]/C is not reached by a timing clock
Related violations: <none>

TIMING-17#272 Critical Warning
Non-clocked sequential cell  
The clock pin conv_2d_cl_array_ap_fixed_1u_array_ap_fixed_22_12_4_0_0_6u_config2_U0/grp_compute_output_buffer_2d_array_array_ap_fixed_22_12_4_0_0_6u_config2_s_fu_118/call_ln281_shift_line_buffer_array_ap_fixed_22_12_4_0_0_1u_config2_s_fu_131/void_conv_2d_buffer_resource_cl_stream_stream_weight_t_bias_t_line_buffer_3_U/lenet_mnist_cap64_hls_shift_line_buffer_array_ap_fixed_22_12_4_0_0_1u_config2_s_void_conv_2d_bufferbkb_core_U/ShiftRegMem_reg[0][0]/C is not reached by a timing clock
Related violations: <none>

TIMING-17#273 Critical Warning
Non-clocked sequential cell  
The clock pin conv_2d_cl_array_ap_fixed_1u_array_ap_fixed_22_12_4_0_0_6u_config2_U0/grp_compute_output_buffer_2d_array_array_ap_fixed_22_12_4_0_0_6u_config2_s_fu_118/call_ln281_shift_line_buffer_array_ap_fixed_22_12_4_0_0_1u_config2_s_fu_131/void_conv_2d_buffer_resource_cl_stream_stream_weight_t_bias_t_line_buffer_3_U/lenet_mnist_cap64_hls_shift_line_buffer_array_ap_fixed_22_12_4_0_0_1u_config2_s_void_conv_2d_bufferbkb_core_U/ShiftRegMem_reg[0][10]/C is not reached by a timing clock
Related violations: <none>

TIMING-17#274 Critical Warning
Non-clocked sequential cell  
The clock pin conv_2d_cl_array_ap_fixed_1u_array_ap_fixed_22_12_4_0_0_6u_config2_U0/grp_compute_output_buffer_2d_array_array_ap_fixed_22_12_4_0_0_6u_config2_s_fu_118/call_ln281_shift_line_buffer_array_ap_fixed_22_12_4_0_0_1u_config2_s_fu_131/void_conv_2d_buffer_resource_cl_stream_stream_weight_t_bias_t_line_buffer_3_U/lenet_mnist_cap64_hls_shift_line_buffer_array_ap_fixed_22_12_4_0_0_1u_config2_s_void_conv_2d_bufferbkb_core_U/ShiftRegMem_reg[0][11]/C is not reached by a timing clock
Related violations: <none>

TIMING-17#275 Critical Warning
Non-clocked sequential cell  
The clock pin conv_2d_cl_array_ap_fixed_1u_array_ap_fixed_22_12_4_0_0_6u_config2_U0/grp_compute_output_buffer_2d_array_array_ap_fixed_22_12_4_0_0_6u_config2_s_fu_118/call_ln281_shift_line_buffer_array_ap_fixed_22_12_4_0_0_1u_config2_s_fu_131/void_conv_2d_buffer_resource_cl_stream_stream_weight_t_bias_t_line_buffer_3_U/lenet_mnist_cap64_hls_shift_line_buffer_array_ap_fixed_22_12_4_0_0_1u_config2_s_void_conv_2d_bufferbkb_core_U/ShiftRegMem_reg[0][12]/C is not reached by a timing clock
Related violations: <none>

TIMING-17#276 Critical Warning
Non-clocked sequential cell  
The clock pin conv_2d_cl_array_ap_fixed_1u_array_ap_fixed_22_12_4_0_0_6u_config2_U0/grp_compute_output_buffer_2d_array_array_ap_fixed_22_12_4_0_0_6u_config2_s_fu_118/call_ln281_shift_line_buffer_array_ap_fixed_22_12_4_0_0_1u_config2_s_fu_131/void_conv_2d_buffer_resource_cl_stream_stream_weight_t_bias_t_line_buffer_3_U/lenet_mnist_cap64_hls_shift_line_buffer_array_ap_fixed_22_12_4_0_0_1u_config2_s_void_conv_2d_bufferbkb_core_U/ShiftRegMem_reg[0][13]/C is not reached by a timing clock
Related violations: <none>

TIMING-17#277 Critical Warning
Non-clocked sequential cell  
The clock pin conv_2d_cl_array_ap_fixed_1u_array_ap_fixed_22_12_4_0_0_6u_config2_U0/grp_compute_output_buffer_2d_array_array_ap_fixed_22_12_4_0_0_6u_config2_s_fu_118/call_ln281_shift_line_buffer_array_ap_fixed_22_12_4_0_0_1u_config2_s_fu_131/void_conv_2d_buffer_resource_cl_stream_stream_weight_t_bias_t_line_buffer_3_U/lenet_mnist_cap64_hls_shift_line_buffer_array_ap_fixed_22_12_4_0_0_1u_config2_s_void_conv_2d_bufferbkb_core_U/ShiftRegMem_reg[0][14]/C is not reached by a timing clock
Related violations: <none>

TIMING-17#278 Critical Warning
Non-clocked sequential cell  
The clock pin conv_2d_cl_array_ap_fixed_1u_array_ap_fixed_22_12_4_0_0_6u_config2_U0/grp_compute_output_buffer_2d_array_array_ap_fixed_22_12_4_0_0_6u_config2_s_fu_118/call_ln281_shift_line_buffer_array_ap_fixed_22_12_4_0_0_1u_config2_s_fu_131/void_conv_2d_buffer_resource_cl_stream_stream_weight_t_bias_t_line_buffer_3_U/lenet_mnist_cap64_hls_shift_line_buffer_array_ap_fixed_22_12_4_0_0_1u_config2_s_void_conv_2d_bufferbkb_core_U/ShiftRegMem_reg[0][15]/C is not reached by a timing clock
Related violations: <none>

TIMING-17#279 Critical Warning
Non-clocked sequential cell  
The clock pin conv_2d_cl_array_ap_fixed_1u_array_ap_fixed_22_12_4_0_0_6u_config2_U0/grp_compute_output_buffer_2d_array_array_ap_fixed_22_12_4_0_0_6u_config2_s_fu_118/call_ln281_shift_line_buffer_array_ap_fixed_22_12_4_0_0_1u_config2_s_fu_131/void_conv_2d_buffer_resource_cl_stream_stream_weight_t_bias_t_line_buffer_3_U/lenet_mnist_cap64_hls_shift_line_buffer_array_ap_fixed_22_12_4_0_0_1u_config2_s_void_conv_2d_bufferbkb_core_U/ShiftRegMem_reg[0][16]/C is not reached by a timing clock
Related violations: <none>

TIMING-17#280 Critical Warning
Non-clocked sequential cell  
The clock pin conv_2d_cl_array_ap_fixed_1u_array_ap_fixed_22_12_4_0_0_6u_config2_U0/grp_compute_output_buffer_2d_array_array_ap_fixed_22_12_4_0_0_6u_config2_s_fu_118/call_ln281_shift_line_buffer_array_ap_fixed_22_12_4_0_0_1u_config2_s_fu_131/void_conv_2d_buffer_resource_cl_stream_stream_weight_t_bias_t_line_buffer_3_U/lenet_mnist_cap64_hls_shift_line_buffer_array_ap_fixed_22_12_4_0_0_1u_config2_s_void_conv_2d_bufferbkb_core_U/ShiftRegMem_reg[0][17]/C is not reached by a timing clock
Related violations: <none>

TIMING-17#281 Critical Warning
Non-clocked sequential cell  
The clock pin conv_2d_cl_array_ap_fixed_1u_array_ap_fixed_22_12_4_0_0_6u_config2_U0/grp_compute_output_buffer_2d_array_array_ap_fixed_22_12_4_0_0_6u_config2_s_fu_118/call_ln281_shift_line_buffer_array_ap_fixed_22_12_4_0_0_1u_config2_s_fu_131/void_conv_2d_buffer_resource_cl_stream_stream_weight_t_bias_t_line_buffer_3_U/lenet_mnist_cap64_hls_shift_line_buffer_array_ap_fixed_22_12_4_0_0_1u_config2_s_void_conv_2d_bufferbkb_core_U/ShiftRegMem_reg[0][18]/C is not reached by a timing clock
Related violations: <none>

TIMING-17#282 Critical Warning
Non-clocked sequential cell  
The clock pin conv_2d_cl_array_ap_fixed_1u_array_ap_fixed_22_12_4_0_0_6u_config2_U0/grp_compute_output_buffer_2d_array_array_ap_fixed_22_12_4_0_0_6u_config2_s_fu_118/call_ln281_shift_line_buffer_array_ap_fixed_22_12_4_0_0_1u_config2_s_fu_131/void_conv_2d_buffer_resource_cl_stream_stream_weight_t_bias_t_line_buffer_3_U/lenet_mnist_cap64_hls_shift_line_buffer_array_ap_fixed_22_12_4_0_0_1u_config2_s_void_conv_2d_bufferbkb_core_U/ShiftRegMem_reg[0][19]/C is not reached by a timing clock
Related violations: <none>

TIMING-17#283 Critical Warning
Non-clocked sequential cell  
The clock pin conv_2d_cl_array_ap_fixed_1u_array_ap_fixed_22_12_4_0_0_6u_config2_U0/grp_compute_output_buffer_2d_array_array_ap_fixed_22_12_4_0_0_6u_config2_s_fu_118/call_ln281_shift_line_buffer_array_ap_fixed_22_12_4_0_0_1u_config2_s_fu_131/void_conv_2d_buffer_resource_cl_stream_stream_weight_t_bias_t_line_buffer_3_U/lenet_mnist_cap64_hls_shift_line_buffer_array_ap_fixed_22_12_4_0_0_1u_config2_s_void_conv_2d_bufferbkb_core_U/ShiftRegMem_reg[0][1]/C is not reached by a timing clock
Related violations: <none>

TIMING-17#284 Critical Warning
Non-clocked sequential cell  
The clock pin conv_2d_cl_array_ap_fixed_1u_array_ap_fixed_22_12_4_0_0_6u_config2_U0/grp_compute_output_buffer_2d_array_array_ap_fixed_22_12_4_0_0_6u_config2_s_fu_118/call_ln281_shift_line_buffer_array_ap_fixed_22_12_4_0_0_1u_config2_s_fu_131/void_conv_2d_buffer_resource_cl_stream_stream_weight_t_bias_t_line_buffer_3_U/lenet_mnist_cap64_hls_shift_line_buffer_array_ap_fixed_22_12_4_0_0_1u_config2_s_void_conv_2d_bufferbkb_core_U/ShiftRegMem_reg[0][20]/C is not reached by a timing clock
Related violations: <none>

TIMING-17#285 Critical Warning
Non-clocked sequential cell  
The clock pin conv_2d_cl_array_ap_fixed_1u_array_ap_fixed_22_12_4_0_0_6u_config2_U0/grp_compute_output_buffer_2d_array_array_ap_fixed_22_12_4_0_0_6u_config2_s_fu_118/call_ln281_shift_line_buffer_array_ap_fixed_22_12_4_0_0_1u_config2_s_fu_131/void_conv_2d_buffer_resource_cl_stream_stream_weight_t_bias_t_line_buffer_3_U/lenet_mnist_cap64_hls_shift_line_buffer_array_ap_fixed_22_12_4_0_0_1u_config2_s_void_conv_2d_bufferbkb_core_U/ShiftRegMem_reg[0][21]/C is not reached by a timing clock
Related violations: <none>

TIMING-17#286 Critical Warning
Non-clocked sequential cell  
The clock pin conv_2d_cl_array_ap_fixed_1u_array_ap_fixed_22_12_4_0_0_6u_config2_U0/grp_compute_output_buffer_2d_array_array_ap_fixed_22_12_4_0_0_6u_config2_s_fu_118/call_ln281_shift_line_buffer_array_ap_fixed_22_12_4_0_0_1u_config2_s_fu_131/void_conv_2d_buffer_resource_cl_stream_stream_weight_t_bias_t_line_buffer_3_U/lenet_mnist_cap64_hls_shift_line_buffer_array_ap_fixed_22_12_4_0_0_1u_config2_s_void_conv_2d_bufferbkb_core_U/ShiftRegMem_reg[0][2]/C is not reached by a timing clock
Related violations: <none>

TIMING-17#287 Critical Warning
Non-clocked sequential cell  
The clock pin conv_2d_cl_array_ap_fixed_1u_array_ap_fixed_22_12_4_0_0_6u_config2_U0/grp_compute_output_buffer_2d_array_array_ap_fixed_22_12_4_0_0_6u_config2_s_fu_118/call_ln281_shift_line_buffer_array_ap_fixed_22_12_4_0_0_1u_config2_s_fu_131/void_conv_2d_buffer_resource_cl_stream_stream_weight_t_bias_t_line_buffer_3_U/lenet_mnist_cap64_hls_shift_line_buffer_array_ap_fixed_22_12_4_0_0_1u_config2_s_void_conv_2d_bufferbkb_core_U/ShiftRegMem_reg[0][3]/C is not reached by a timing clock
Related violations: <none>

TIMING-17#288 Critical Warning
Non-clocked sequential cell  
The clock pin conv_2d_cl_array_ap_fixed_1u_array_ap_fixed_22_12_4_0_0_6u_config2_U0/grp_compute_output_buffer_2d_array_array_ap_fixed_22_12_4_0_0_6u_config2_s_fu_118/call_ln281_shift_line_buffer_array_ap_fixed_22_12_4_0_0_1u_config2_s_fu_131/void_conv_2d_buffer_resource_cl_stream_stream_weight_t_bias_t_line_buffer_3_U/lenet_mnist_cap64_hls_shift_line_buffer_array_ap_fixed_22_12_4_0_0_1u_config2_s_void_conv_2d_bufferbkb_core_U/ShiftRegMem_reg[0][4]/C is not reached by a timing clock
Related violations: <none>

TIMING-17#289 Critical Warning
Non-clocked sequential cell  
The clock pin conv_2d_cl_array_ap_fixed_1u_array_ap_fixed_22_12_4_0_0_6u_config2_U0/grp_compute_output_buffer_2d_array_array_ap_fixed_22_12_4_0_0_6u_config2_s_fu_118/call_ln281_shift_line_buffer_array_ap_fixed_22_12_4_0_0_1u_config2_s_fu_131/void_conv_2d_buffer_resource_cl_stream_stream_weight_t_bias_t_line_buffer_3_U/lenet_mnist_cap64_hls_shift_line_buffer_array_ap_fixed_22_12_4_0_0_1u_config2_s_void_conv_2d_bufferbkb_core_U/ShiftRegMem_reg[0][5]/C is not reached by a timing clock
Related violations: <none>

TIMING-17#290 Critical Warning
Non-clocked sequential cell  
The clock pin conv_2d_cl_array_ap_fixed_1u_array_ap_fixed_22_12_4_0_0_6u_config2_U0/grp_compute_output_buffer_2d_array_array_ap_fixed_22_12_4_0_0_6u_config2_s_fu_118/call_ln281_shift_line_buffer_array_ap_fixed_22_12_4_0_0_1u_config2_s_fu_131/void_conv_2d_buffer_resource_cl_stream_stream_weight_t_bias_t_line_buffer_3_U/lenet_mnist_cap64_hls_shift_line_buffer_array_ap_fixed_22_12_4_0_0_1u_config2_s_void_conv_2d_bufferbkb_core_U/ShiftRegMem_reg[0][6]/C is not reached by a timing clock
Related violations: <none>

TIMING-17#291 Critical Warning
Non-clocked sequential cell  
The clock pin conv_2d_cl_array_ap_fixed_1u_array_ap_fixed_22_12_4_0_0_6u_config2_U0/grp_compute_output_buffer_2d_array_array_ap_fixed_22_12_4_0_0_6u_config2_s_fu_118/call_ln281_shift_line_buffer_array_ap_fixed_22_12_4_0_0_1u_config2_s_fu_131/void_conv_2d_buffer_resource_cl_stream_stream_weight_t_bias_t_line_buffer_3_U/lenet_mnist_cap64_hls_shift_line_buffer_array_ap_fixed_22_12_4_0_0_1u_config2_s_void_conv_2d_bufferbkb_core_U/ShiftRegMem_reg[0][7]/C is not reached by a timing clock
Related violations: <none>

TIMING-17#292 Critical Warning
Non-clocked sequential cell  
The clock pin conv_2d_cl_array_ap_fixed_1u_array_ap_fixed_22_12_4_0_0_6u_config2_U0/grp_compute_output_buffer_2d_array_array_ap_fixed_22_12_4_0_0_6u_config2_s_fu_118/call_ln281_shift_line_buffer_array_ap_fixed_22_12_4_0_0_1u_config2_s_fu_131/void_conv_2d_buffer_resource_cl_stream_stream_weight_t_bias_t_line_buffer_3_U/lenet_mnist_cap64_hls_shift_line_buffer_array_ap_fixed_22_12_4_0_0_1u_config2_s_void_conv_2d_bufferbkb_core_U/ShiftRegMem_reg[0][8]/C is not reached by a timing clock
Related violations: <none>

TIMING-17#293 Critical Warning
Non-clocked sequential cell  
The clock pin conv_2d_cl_array_ap_fixed_1u_array_ap_fixed_22_12_4_0_0_6u_config2_U0/grp_compute_output_buffer_2d_array_array_ap_fixed_22_12_4_0_0_6u_config2_s_fu_118/call_ln281_shift_line_buffer_array_ap_fixed_22_12_4_0_0_1u_config2_s_fu_131/void_conv_2d_buffer_resource_cl_stream_stream_weight_t_bias_t_line_buffer_3_U/lenet_mnist_cap64_hls_shift_line_buffer_array_ap_fixed_22_12_4_0_0_1u_config2_s_void_conv_2d_bufferbkb_core_U/ShiftRegMem_reg[0][9]/C is not reached by a timing clock
Related violations: <none>

TIMING-17#294 Critical Warning
Non-clocked sequential cell  
The clock pin conv_2d_cl_array_ap_fixed_1u_array_ap_fixed_22_12_4_0_0_6u_config2_U0/grp_compute_output_buffer_2d_array_array_ap_fixed_22_12_4_0_0_6u_config2_s_fu_118/call_ln281_shift_line_buffer_array_ap_fixed_22_12_4_0_0_1u_config2_s_fu_131/void_conv_2d_buffer_resource_cl_stream_stream_weight_t_bias_t_line_buffer_3_U/lenet_mnist_cap64_hls_shift_line_buffer_array_ap_fixed_22_12_4_0_0_1u_config2_s_void_conv_2d_bufferbkb_core_U/ShiftRegMem_reg[1][0]/C is not reached by a timing clock
Related violations: <none>

TIMING-17#295 Critical Warning
Non-clocked sequential cell  
The clock pin conv_2d_cl_array_ap_fixed_1u_array_ap_fixed_22_12_4_0_0_6u_config2_U0/grp_compute_output_buffer_2d_array_array_ap_fixed_22_12_4_0_0_6u_config2_s_fu_118/call_ln281_shift_line_buffer_array_ap_fixed_22_12_4_0_0_1u_config2_s_fu_131/void_conv_2d_buffer_resource_cl_stream_stream_weight_t_bias_t_line_buffer_3_U/lenet_mnist_cap64_hls_shift_line_buffer_array_ap_fixed_22_12_4_0_0_1u_config2_s_void_conv_2d_bufferbkb_core_U/ShiftRegMem_reg[1][10]/C is not reached by a timing clock
Related violations: <none>

TIMING-17#296 Critical Warning
Non-clocked sequential cell  
The clock pin conv_2d_cl_array_ap_fixed_1u_array_ap_fixed_22_12_4_0_0_6u_config2_U0/grp_compute_output_buffer_2d_array_array_ap_fixed_22_12_4_0_0_6u_config2_s_fu_118/call_ln281_shift_line_buffer_array_ap_fixed_22_12_4_0_0_1u_config2_s_fu_131/void_conv_2d_buffer_resource_cl_stream_stream_weight_t_bias_t_line_buffer_3_U/lenet_mnist_cap64_hls_shift_line_buffer_array_ap_fixed_22_12_4_0_0_1u_config2_s_void_conv_2d_bufferbkb_core_U/ShiftRegMem_reg[1][11]/C is not reached by a timing clock
Related violations: <none>

TIMING-17#297 Critical Warning
Non-clocked sequential cell  
The clock pin conv_2d_cl_array_ap_fixed_1u_array_ap_fixed_22_12_4_0_0_6u_config2_U0/grp_compute_output_buffer_2d_array_array_ap_fixed_22_12_4_0_0_6u_config2_s_fu_118/call_ln281_shift_line_buffer_array_ap_fixed_22_12_4_0_0_1u_config2_s_fu_131/void_conv_2d_buffer_resource_cl_stream_stream_weight_t_bias_t_line_buffer_3_U/lenet_mnist_cap64_hls_shift_line_buffer_array_ap_fixed_22_12_4_0_0_1u_config2_s_void_conv_2d_bufferbkb_core_U/ShiftRegMem_reg[1][12]/C is not reached by a timing clock
Related violations: <none>

TIMING-17#298 Critical Warning
Non-clocked sequential cell  
The clock pin conv_2d_cl_array_ap_fixed_1u_array_ap_fixed_22_12_4_0_0_6u_config2_U0/grp_compute_output_buffer_2d_array_array_ap_fixed_22_12_4_0_0_6u_config2_s_fu_118/call_ln281_shift_line_buffer_array_ap_fixed_22_12_4_0_0_1u_config2_s_fu_131/void_conv_2d_buffer_resource_cl_stream_stream_weight_t_bias_t_line_buffer_3_U/lenet_mnist_cap64_hls_shift_line_buffer_array_ap_fixed_22_12_4_0_0_1u_config2_s_void_conv_2d_bufferbkb_core_U/ShiftRegMem_reg[1][13]/C is not reached by a timing clock
Related violations: <none>

TIMING-17#299 Critical Warning
Non-clocked sequential cell  
The clock pin conv_2d_cl_array_ap_fixed_1u_array_ap_fixed_22_12_4_0_0_6u_config2_U0/grp_compute_output_buffer_2d_array_array_ap_fixed_22_12_4_0_0_6u_config2_s_fu_118/call_ln281_shift_line_buffer_array_ap_fixed_22_12_4_0_0_1u_config2_s_fu_131/void_conv_2d_buffer_resource_cl_stream_stream_weight_t_bias_t_line_buffer_3_U/lenet_mnist_cap64_hls_shift_line_buffer_array_ap_fixed_22_12_4_0_0_1u_config2_s_void_conv_2d_bufferbkb_core_U/ShiftRegMem_reg[1][14]/C is not reached by a timing clock
Related violations: <none>

TIMING-17#300 Critical Warning
Non-clocked sequential cell  
The clock pin conv_2d_cl_array_ap_fixed_1u_array_ap_fixed_22_12_4_0_0_6u_config2_U0/grp_compute_output_buffer_2d_array_array_ap_fixed_22_12_4_0_0_6u_config2_s_fu_118/call_ln281_shift_line_buffer_array_ap_fixed_22_12_4_0_0_1u_config2_s_fu_131/void_conv_2d_buffer_resource_cl_stream_stream_weight_t_bias_t_line_buffer_3_U/lenet_mnist_cap64_hls_shift_line_buffer_array_ap_fixed_22_12_4_0_0_1u_config2_s_void_conv_2d_bufferbkb_core_U/ShiftRegMem_reg[1][15]/C is not reached by a timing clock
Related violations: <none>

TIMING-17#301 Critical Warning
Non-clocked sequential cell  
The clock pin conv_2d_cl_array_ap_fixed_1u_array_ap_fixed_22_12_4_0_0_6u_config2_U0/grp_compute_output_buffer_2d_array_array_ap_fixed_22_12_4_0_0_6u_config2_s_fu_118/call_ln281_shift_line_buffer_array_ap_fixed_22_12_4_0_0_1u_config2_s_fu_131/void_conv_2d_buffer_resource_cl_stream_stream_weight_t_bias_t_line_buffer_3_U/lenet_mnist_cap64_hls_shift_line_buffer_array_ap_fixed_22_12_4_0_0_1u_config2_s_void_conv_2d_bufferbkb_core_U/ShiftRegMem_reg[1][16]/C is not reached by a timing clock
Related violations: <none>

TIMING-17#302 Critical Warning
Non-clocked sequential cell  
The clock pin conv_2d_cl_array_ap_fixed_1u_array_ap_fixed_22_12_4_0_0_6u_config2_U0/grp_compute_output_buffer_2d_array_array_ap_fixed_22_12_4_0_0_6u_config2_s_fu_118/call_ln281_shift_line_buffer_array_ap_fixed_22_12_4_0_0_1u_config2_s_fu_131/void_conv_2d_buffer_resource_cl_stream_stream_weight_t_bias_t_line_buffer_3_U/lenet_mnist_cap64_hls_shift_line_buffer_array_ap_fixed_22_12_4_0_0_1u_config2_s_void_conv_2d_bufferbkb_core_U/ShiftRegMem_reg[1][17]/C is not reached by a timing clock
Related violations: <none>

TIMING-17#303 Critical Warning
Non-clocked sequential cell  
The clock pin conv_2d_cl_array_ap_fixed_1u_array_ap_fixed_22_12_4_0_0_6u_config2_U0/grp_compute_output_buffer_2d_array_array_ap_fixed_22_12_4_0_0_6u_config2_s_fu_118/call_ln281_shift_line_buffer_array_ap_fixed_22_12_4_0_0_1u_config2_s_fu_131/void_conv_2d_buffer_resource_cl_stream_stream_weight_t_bias_t_line_buffer_3_U/lenet_mnist_cap64_hls_shift_line_buffer_array_ap_fixed_22_12_4_0_0_1u_config2_s_void_conv_2d_bufferbkb_core_U/ShiftRegMem_reg[1][18]/C is not reached by a timing clock
Related violations: <none>

TIMING-17#304 Critical Warning
Non-clocked sequential cell  
The clock pin conv_2d_cl_array_ap_fixed_1u_array_ap_fixed_22_12_4_0_0_6u_config2_U0/grp_compute_output_buffer_2d_array_array_ap_fixed_22_12_4_0_0_6u_config2_s_fu_118/call_ln281_shift_line_buffer_array_ap_fixed_22_12_4_0_0_1u_config2_s_fu_131/void_conv_2d_buffer_resource_cl_stream_stream_weight_t_bias_t_line_buffer_3_U/lenet_mnist_cap64_hls_shift_line_buffer_array_ap_fixed_22_12_4_0_0_1u_config2_s_void_conv_2d_bufferbkb_core_U/ShiftRegMem_reg[1][19]/C is not reached by a timing clock
Related violations: <none>

TIMING-17#305 Critical Warning
Non-clocked sequential cell  
The clock pin conv_2d_cl_array_ap_fixed_1u_array_ap_fixed_22_12_4_0_0_6u_config2_U0/grp_compute_output_buffer_2d_array_array_ap_fixed_22_12_4_0_0_6u_config2_s_fu_118/call_ln281_shift_line_buffer_array_ap_fixed_22_12_4_0_0_1u_config2_s_fu_131/void_conv_2d_buffer_resource_cl_stream_stream_weight_t_bias_t_line_buffer_3_U/lenet_mnist_cap64_hls_shift_line_buffer_array_ap_fixed_22_12_4_0_0_1u_config2_s_void_conv_2d_bufferbkb_core_U/ShiftRegMem_reg[1][1]/C is not reached by a timing clock
Related violations: <none>

TIMING-17#306 Critical Warning
Non-clocked sequential cell  
The clock pin conv_2d_cl_array_ap_fixed_1u_array_ap_fixed_22_12_4_0_0_6u_config2_U0/grp_compute_output_buffer_2d_array_array_ap_fixed_22_12_4_0_0_6u_config2_s_fu_118/call_ln281_shift_line_buffer_array_ap_fixed_22_12_4_0_0_1u_config2_s_fu_131/void_conv_2d_buffer_resource_cl_stream_stream_weight_t_bias_t_line_buffer_3_U/lenet_mnist_cap64_hls_shift_line_buffer_array_ap_fixed_22_12_4_0_0_1u_config2_s_void_conv_2d_bufferbkb_core_U/ShiftRegMem_reg[1][20]/C is not reached by a timing clock
Related violations: <none>

TIMING-17#307 Critical Warning
Non-clocked sequential cell  
The clock pin conv_2d_cl_array_ap_fixed_1u_array_ap_fixed_22_12_4_0_0_6u_config2_U0/grp_compute_output_buffer_2d_array_array_ap_fixed_22_12_4_0_0_6u_config2_s_fu_118/call_ln281_shift_line_buffer_array_ap_fixed_22_12_4_0_0_1u_config2_s_fu_131/void_conv_2d_buffer_resource_cl_stream_stream_weight_t_bias_t_line_buffer_3_U/lenet_mnist_cap64_hls_shift_line_buffer_array_ap_fixed_22_12_4_0_0_1u_config2_s_void_conv_2d_bufferbkb_core_U/ShiftRegMem_reg[1][21]/C is not reached by a timing clock
Related violations: <none>

TIMING-17#308 Critical Warning
Non-clocked sequential cell  
The clock pin conv_2d_cl_array_ap_fixed_1u_array_ap_fixed_22_12_4_0_0_6u_config2_U0/grp_compute_output_buffer_2d_array_array_ap_fixed_22_12_4_0_0_6u_config2_s_fu_118/call_ln281_shift_line_buffer_array_ap_fixed_22_12_4_0_0_1u_config2_s_fu_131/void_conv_2d_buffer_resource_cl_stream_stream_weight_t_bias_t_line_buffer_3_U/lenet_mnist_cap64_hls_shift_line_buffer_array_ap_fixed_22_12_4_0_0_1u_config2_s_void_conv_2d_bufferbkb_core_U/ShiftRegMem_reg[1][2]/C is not reached by a timing clock
Related violations: <none>

TIMING-17#309 Critical Warning
Non-clocked sequential cell  
The clock pin conv_2d_cl_array_ap_fixed_1u_array_ap_fixed_22_12_4_0_0_6u_config2_U0/grp_compute_output_buffer_2d_array_array_ap_fixed_22_12_4_0_0_6u_config2_s_fu_118/call_ln281_shift_line_buffer_array_ap_fixed_22_12_4_0_0_1u_config2_s_fu_131/void_conv_2d_buffer_resource_cl_stream_stream_weight_t_bias_t_line_buffer_3_U/lenet_mnist_cap64_hls_shift_line_buffer_array_ap_fixed_22_12_4_0_0_1u_config2_s_void_conv_2d_bufferbkb_core_U/ShiftRegMem_reg[1][3]/C is not reached by a timing clock
Related violations: <none>

TIMING-17#310 Critical Warning
Non-clocked sequential cell  
The clock pin conv_2d_cl_array_ap_fixed_1u_array_ap_fixed_22_12_4_0_0_6u_config2_U0/grp_compute_output_buffer_2d_array_array_ap_fixed_22_12_4_0_0_6u_config2_s_fu_118/call_ln281_shift_line_buffer_array_ap_fixed_22_12_4_0_0_1u_config2_s_fu_131/void_conv_2d_buffer_resource_cl_stream_stream_weight_t_bias_t_line_buffer_3_U/lenet_mnist_cap64_hls_shift_line_buffer_array_ap_fixed_22_12_4_0_0_1u_config2_s_void_conv_2d_bufferbkb_core_U/ShiftRegMem_reg[1][4]/C is not reached by a timing clock
Related violations: <none>

TIMING-17#311 Critical Warning
Non-clocked sequential cell  
The clock pin conv_2d_cl_array_ap_fixed_1u_array_ap_fixed_22_12_4_0_0_6u_config2_U0/grp_compute_output_buffer_2d_array_array_ap_fixed_22_12_4_0_0_6u_config2_s_fu_118/call_ln281_shift_line_buffer_array_ap_fixed_22_12_4_0_0_1u_config2_s_fu_131/void_conv_2d_buffer_resource_cl_stream_stream_weight_t_bias_t_line_buffer_3_U/lenet_mnist_cap64_hls_shift_line_buffer_array_ap_fixed_22_12_4_0_0_1u_config2_s_void_conv_2d_bufferbkb_core_U/ShiftRegMem_reg[1][5]/C is not reached by a timing clock
Related violations: <none>

TIMING-17#312 Critical Warning
Non-clocked sequential cell  
The clock pin conv_2d_cl_array_ap_fixed_1u_array_ap_fixed_22_12_4_0_0_6u_config2_U0/grp_compute_output_buffer_2d_array_array_ap_fixed_22_12_4_0_0_6u_config2_s_fu_118/call_ln281_shift_line_buffer_array_ap_fixed_22_12_4_0_0_1u_config2_s_fu_131/void_conv_2d_buffer_resource_cl_stream_stream_weight_t_bias_t_line_buffer_3_U/lenet_mnist_cap64_hls_shift_line_buffer_array_ap_fixed_22_12_4_0_0_1u_config2_s_void_conv_2d_bufferbkb_core_U/ShiftRegMem_reg[1][6]/C is not reached by a timing clock
Related violations: <none>

TIMING-17#313 Critical Warning
Non-clocked sequential cell  
The clock pin conv_2d_cl_array_ap_fixed_1u_array_ap_fixed_22_12_4_0_0_6u_config2_U0/grp_compute_output_buffer_2d_array_array_ap_fixed_22_12_4_0_0_6u_config2_s_fu_118/call_ln281_shift_line_buffer_array_ap_fixed_22_12_4_0_0_1u_config2_s_fu_131/void_conv_2d_buffer_resource_cl_stream_stream_weight_t_bias_t_line_buffer_3_U/lenet_mnist_cap64_hls_shift_line_buffer_array_ap_fixed_22_12_4_0_0_1u_config2_s_void_conv_2d_bufferbkb_core_U/ShiftRegMem_reg[1][7]/C is not reached by a timing clock
Related violations: <none>

TIMING-17#314 Critical Warning
Non-clocked sequential cell  
The clock pin conv_2d_cl_array_ap_fixed_1u_array_ap_fixed_22_12_4_0_0_6u_config2_U0/grp_compute_output_buffer_2d_array_array_ap_fixed_22_12_4_0_0_6u_config2_s_fu_118/call_ln281_shift_line_buffer_array_ap_fixed_22_12_4_0_0_1u_config2_s_fu_131/void_conv_2d_buffer_resource_cl_stream_stream_weight_t_bias_t_line_buffer_3_U/lenet_mnist_cap64_hls_shift_line_buffer_array_ap_fixed_22_12_4_0_0_1u_config2_s_void_conv_2d_bufferbkb_core_U/ShiftRegMem_reg[1][8]/C is not reached by a timing clock
Related violations: <none>

TIMING-17#315 Critical Warning
Non-clocked sequential cell  
The clock pin conv_2d_cl_array_ap_fixed_1u_array_ap_fixed_22_12_4_0_0_6u_config2_U0/grp_compute_output_buffer_2d_array_array_ap_fixed_22_12_4_0_0_6u_config2_s_fu_118/call_ln281_shift_line_buffer_array_ap_fixed_22_12_4_0_0_1u_config2_s_fu_131/void_conv_2d_buffer_resource_cl_stream_stream_weight_t_bias_t_line_buffer_3_U/lenet_mnist_cap64_hls_shift_line_buffer_array_ap_fixed_22_12_4_0_0_1u_config2_s_void_conv_2d_bufferbkb_core_U/ShiftRegMem_reg[1][9]/C is not reached by a timing clock
Related violations: <none>

TIMING-17#316 Critical Warning
Non-clocked sequential cell  
The clock pin conv_2d_cl_array_ap_fixed_1u_array_ap_fixed_22_12_4_0_0_6u_config2_U0/grp_compute_output_buffer_2d_array_array_ap_fixed_22_12_4_0_0_6u_config2_s_fu_118/call_ln281_shift_line_buffer_array_ap_fixed_22_12_4_0_0_1u_config2_s_fu_131/void_conv_2d_buffer_resource_cl_stream_stream_weight_t_bias_t_line_buffer_3_U/lenet_mnist_cap64_hls_shift_line_buffer_array_ap_fixed_22_12_4_0_0_1u_config2_s_void_conv_2d_bufferbkb_core_U/ShiftRegMem_reg[27][0]_srl23/CLK is not reached by a timing clock
Related violations: <none>

TIMING-17#317 Critical Warning
Non-clocked sequential cell  
The clock pin conv_2d_cl_array_ap_fixed_1u_array_ap_fixed_22_12_4_0_0_6u_config2_U0/grp_compute_output_buffer_2d_array_array_ap_fixed_22_12_4_0_0_6u_config2_s_fu_118/call_ln281_shift_line_buffer_array_ap_fixed_22_12_4_0_0_1u_config2_s_fu_131/void_conv_2d_buffer_resource_cl_stream_stream_weight_t_bias_t_line_buffer_3_U/lenet_mnist_cap64_hls_shift_line_buffer_array_ap_fixed_22_12_4_0_0_1u_config2_s_void_conv_2d_bufferbkb_core_U/ShiftRegMem_reg[27][10]_srl23/CLK is not reached by a timing clock
Related violations: <none>

TIMING-17#318 Critical Warning
Non-clocked sequential cell  
The clock pin conv_2d_cl_array_ap_fixed_1u_array_ap_fixed_22_12_4_0_0_6u_config2_U0/grp_compute_output_buffer_2d_array_array_ap_fixed_22_12_4_0_0_6u_config2_s_fu_118/call_ln281_shift_line_buffer_array_ap_fixed_22_12_4_0_0_1u_config2_s_fu_131/void_conv_2d_buffer_resource_cl_stream_stream_weight_t_bias_t_line_buffer_3_U/lenet_mnist_cap64_hls_shift_line_buffer_array_ap_fixed_22_12_4_0_0_1u_config2_s_void_conv_2d_bufferbkb_core_U/ShiftRegMem_reg[27][11]_srl23/CLK is not reached by a timing clock
Related violations: <none>

TIMING-17#319 Critical Warning
Non-clocked sequential cell  
The clock pin conv_2d_cl_array_ap_fixed_1u_array_ap_fixed_22_12_4_0_0_6u_config2_U0/grp_compute_output_buffer_2d_array_array_ap_fixed_22_12_4_0_0_6u_config2_s_fu_118/call_ln281_shift_line_buffer_array_ap_fixed_22_12_4_0_0_1u_config2_s_fu_131/void_conv_2d_buffer_resource_cl_stream_stream_weight_t_bias_t_line_buffer_3_U/lenet_mnist_cap64_hls_shift_line_buffer_array_ap_fixed_22_12_4_0_0_1u_config2_s_void_conv_2d_bufferbkb_core_U/ShiftRegMem_reg[27][12]_srl23/CLK is not reached by a timing clock
Related violations: <none>

TIMING-17#320 Critical Warning
Non-clocked sequential cell  
The clock pin conv_2d_cl_array_ap_fixed_1u_array_ap_fixed_22_12_4_0_0_6u_config2_U0/grp_compute_output_buffer_2d_array_array_ap_fixed_22_12_4_0_0_6u_config2_s_fu_118/call_ln281_shift_line_buffer_array_ap_fixed_22_12_4_0_0_1u_config2_s_fu_131/void_conv_2d_buffer_resource_cl_stream_stream_weight_t_bias_t_line_buffer_3_U/lenet_mnist_cap64_hls_shift_line_buffer_array_ap_fixed_22_12_4_0_0_1u_config2_s_void_conv_2d_bufferbkb_core_U/ShiftRegMem_reg[27][13]_srl23/CLK is not reached by a timing clock
Related violations: <none>

TIMING-17#321 Critical Warning
Non-clocked sequential cell  
The clock pin conv_2d_cl_array_ap_fixed_1u_array_ap_fixed_22_12_4_0_0_6u_config2_U0/grp_compute_output_buffer_2d_array_array_ap_fixed_22_12_4_0_0_6u_config2_s_fu_118/call_ln281_shift_line_buffer_array_ap_fixed_22_12_4_0_0_1u_config2_s_fu_131/void_conv_2d_buffer_resource_cl_stream_stream_weight_t_bias_t_line_buffer_3_U/lenet_mnist_cap64_hls_shift_line_buffer_array_ap_fixed_22_12_4_0_0_1u_config2_s_void_conv_2d_bufferbkb_core_U/ShiftRegMem_reg[27][14]_srl23/CLK is not reached by a timing clock
Related violations: <none>

TIMING-17#322 Critical Warning
Non-clocked sequential cell  
The clock pin conv_2d_cl_array_ap_fixed_1u_array_ap_fixed_22_12_4_0_0_6u_config2_U0/grp_compute_output_buffer_2d_array_array_ap_fixed_22_12_4_0_0_6u_config2_s_fu_118/call_ln281_shift_line_buffer_array_ap_fixed_22_12_4_0_0_1u_config2_s_fu_131/void_conv_2d_buffer_resource_cl_stream_stream_weight_t_bias_t_line_buffer_3_U/lenet_mnist_cap64_hls_shift_line_buffer_array_ap_fixed_22_12_4_0_0_1u_config2_s_void_conv_2d_bufferbkb_core_U/ShiftRegMem_reg[27][15]_srl23/CLK is not reached by a timing clock
Related violations: <none>

TIMING-17#323 Critical Warning
Non-clocked sequential cell  
The clock pin conv_2d_cl_array_ap_fixed_1u_array_ap_fixed_22_12_4_0_0_6u_config2_U0/grp_compute_output_buffer_2d_array_array_ap_fixed_22_12_4_0_0_6u_config2_s_fu_118/call_ln281_shift_line_buffer_array_ap_fixed_22_12_4_0_0_1u_config2_s_fu_131/void_conv_2d_buffer_resource_cl_stream_stream_weight_t_bias_t_line_buffer_3_U/lenet_mnist_cap64_hls_shift_line_buffer_array_ap_fixed_22_12_4_0_0_1u_config2_s_void_conv_2d_bufferbkb_core_U/ShiftRegMem_reg[27][16]_srl23/CLK is not reached by a timing clock
Related violations: <none>

TIMING-17#324 Critical Warning
Non-clocked sequential cell  
The clock pin conv_2d_cl_array_ap_fixed_1u_array_ap_fixed_22_12_4_0_0_6u_config2_U0/grp_compute_output_buffer_2d_array_array_ap_fixed_22_12_4_0_0_6u_config2_s_fu_118/call_ln281_shift_line_buffer_array_ap_fixed_22_12_4_0_0_1u_config2_s_fu_131/void_conv_2d_buffer_resource_cl_stream_stream_weight_t_bias_t_line_buffer_3_U/lenet_mnist_cap64_hls_shift_line_buffer_array_ap_fixed_22_12_4_0_0_1u_config2_s_void_conv_2d_bufferbkb_core_U/ShiftRegMem_reg[27][17]_srl23/CLK is not reached by a timing clock
Related violations: <none>

TIMING-17#325 Critical Warning
Non-clocked sequential cell  
The clock pin conv_2d_cl_array_ap_fixed_1u_array_ap_fixed_22_12_4_0_0_6u_config2_U0/grp_compute_output_buffer_2d_array_array_ap_fixed_22_12_4_0_0_6u_config2_s_fu_118/call_ln281_shift_line_buffer_array_ap_fixed_22_12_4_0_0_1u_config2_s_fu_131/void_conv_2d_buffer_resource_cl_stream_stream_weight_t_bias_t_line_buffer_3_U/lenet_mnist_cap64_hls_shift_line_buffer_array_ap_fixed_22_12_4_0_0_1u_config2_s_void_conv_2d_bufferbkb_core_U/ShiftRegMem_reg[27][18]_srl23/CLK is not reached by a timing clock
Related violations: <none>

TIMING-17#326 Critical Warning
Non-clocked sequential cell  
The clock pin conv_2d_cl_array_ap_fixed_1u_array_ap_fixed_22_12_4_0_0_6u_config2_U0/grp_compute_output_buffer_2d_array_array_ap_fixed_22_12_4_0_0_6u_config2_s_fu_118/call_ln281_shift_line_buffer_array_ap_fixed_22_12_4_0_0_1u_config2_s_fu_131/void_conv_2d_buffer_resource_cl_stream_stream_weight_t_bias_t_line_buffer_3_U/lenet_mnist_cap64_hls_shift_line_buffer_array_ap_fixed_22_12_4_0_0_1u_config2_s_void_conv_2d_bufferbkb_core_U/ShiftRegMem_reg[27][19]_srl23/CLK is not reached by a timing clock
Related violations: <none>

TIMING-17#327 Critical Warning
Non-clocked sequential cell  
The clock pin conv_2d_cl_array_ap_fixed_1u_array_ap_fixed_22_12_4_0_0_6u_config2_U0/grp_compute_output_buffer_2d_array_array_ap_fixed_22_12_4_0_0_6u_config2_s_fu_118/call_ln281_shift_line_buffer_array_ap_fixed_22_12_4_0_0_1u_config2_s_fu_131/void_conv_2d_buffer_resource_cl_stream_stream_weight_t_bias_t_line_buffer_3_U/lenet_mnist_cap64_hls_shift_line_buffer_array_ap_fixed_22_12_4_0_0_1u_config2_s_void_conv_2d_bufferbkb_core_U/ShiftRegMem_reg[27][1]_srl23/CLK is not reached by a timing clock
Related violations: <none>

TIMING-17#328 Critical Warning
Non-clocked sequential cell  
The clock pin conv_2d_cl_array_ap_fixed_1u_array_ap_fixed_22_12_4_0_0_6u_config2_U0/grp_compute_output_buffer_2d_array_array_ap_fixed_22_12_4_0_0_6u_config2_s_fu_118/call_ln281_shift_line_buffer_array_ap_fixed_22_12_4_0_0_1u_config2_s_fu_131/void_conv_2d_buffer_resource_cl_stream_stream_weight_t_bias_t_line_buffer_3_U/lenet_mnist_cap64_hls_shift_line_buffer_array_ap_fixed_22_12_4_0_0_1u_config2_s_void_conv_2d_bufferbkb_core_U/ShiftRegMem_reg[27][20]_srl23/CLK is not reached by a timing clock
Related violations: <none>

TIMING-17#329 Critical Warning
Non-clocked sequential cell  
The clock pin conv_2d_cl_array_ap_fixed_1u_array_ap_fixed_22_12_4_0_0_6u_config2_U0/grp_compute_output_buffer_2d_array_array_ap_fixed_22_12_4_0_0_6u_config2_s_fu_118/call_ln281_shift_line_buffer_array_ap_fixed_22_12_4_0_0_1u_config2_s_fu_131/void_conv_2d_buffer_resource_cl_stream_stream_weight_t_bias_t_line_buffer_3_U/lenet_mnist_cap64_hls_shift_line_buffer_array_ap_fixed_22_12_4_0_0_1u_config2_s_void_conv_2d_bufferbkb_core_U/ShiftRegMem_reg[27][21]_srl23/CLK is not reached by a timing clock
Related violations: <none>

TIMING-17#330 Critical Warning
Non-clocked sequential cell  
The clock pin conv_2d_cl_array_ap_fixed_1u_array_ap_fixed_22_12_4_0_0_6u_config2_U0/grp_compute_output_buffer_2d_array_array_ap_fixed_22_12_4_0_0_6u_config2_s_fu_118/call_ln281_shift_line_buffer_array_ap_fixed_22_12_4_0_0_1u_config2_s_fu_131/void_conv_2d_buffer_resource_cl_stream_stream_weight_t_bias_t_line_buffer_3_U/lenet_mnist_cap64_hls_shift_line_buffer_array_ap_fixed_22_12_4_0_0_1u_config2_s_void_conv_2d_bufferbkb_core_U/ShiftRegMem_reg[27][2]_srl23/CLK is not reached by a timing clock
Related violations: <none>

TIMING-17#331 Critical Warning
Non-clocked sequential cell  
The clock pin conv_2d_cl_array_ap_fixed_1u_array_ap_fixed_22_12_4_0_0_6u_config2_U0/grp_compute_output_buffer_2d_array_array_ap_fixed_22_12_4_0_0_6u_config2_s_fu_118/call_ln281_shift_line_buffer_array_ap_fixed_22_12_4_0_0_1u_config2_s_fu_131/void_conv_2d_buffer_resource_cl_stream_stream_weight_t_bias_t_line_buffer_3_U/lenet_mnist_cap64_hls_shift_line_buffer_array_ap_fixed_22_12_4_0_0_1u_config2_s_void_conv_2d_bufferbkb_core_U/ShiftRegMem_reg[27][3]_srl23/CLK is not reached by a timing clock
Related violations: <none>

TIMING-17#332 Critical Warning
Non-clocked sequential cell  
The clock pin conv_2d_cl_array_ap_fixed_1u_array_ap_fixed_22_12_4_0_0_6u_config2_U0/grp_compute_output_buffer_2d_array_array_ap_fixed_22_12_4_0_0_6u_config2_s_fu_118/call_ln281_shift_line_buffer_array_ap_fixed_22_12_4_0_0_1u_config2_s_fu_131/void_conv_2d_buffer_resource_cl_stream_stream_weight_t_bias_t_line_buffer_3_U/lenet_mnist_cap64_hls_shift_line_buffer_array_ap_fixed_22_12_4_0_0_1u_config2_s_void_conv_2d_bufferbkb_core_U/ShiftRegMem_reg[27][4]_srl23/CLK is not reached by a timing clock
Related violations: <none>

TIMING-17#333 Critical Warning
Non-clocked sequential cell  
The clock pin conv_2d_cl_array_ap_fixed_1u_array_ap_fixed_22_12_4_0_0_6u_config2_U0/grp_compute_output_buffer_2d_array_array_ap_fixed_22_12_4_0_0_6u_config2_s_fu_118/call_ln281_shift_line_buffer_array_ap_fixed_22_12_4_0_0_1u_config2_s_fu_131/void_conv_2d_buffer_resource_cl_stream_stream_weight_t_bias_t_line_buffer_3_U/lenet_mnist_cap64_hls_shift_line_buffer_array_ap_fixed_22_12_4_0_0_1u_config2_s_void_conv_2d_bufferbkb_core_U/ShiftRegMem_reg[27][5]_srl23/CLK is not reached by a timing clock
Related violations: <none>

TIMING-17#334 Critical Warning
Non-clocked sequential cell  
The clock pin conv_2d_cl_array_ap_fixed_1u_array_ap_fixed_22_12_4_0_0_6u_config2_U0/grp_compute_output_buffer_2d_array_array_ap_fixed_22_12_4_0_0_6u_config2_s_fu_118/call_ln281_shift_line_buffer_array_ap_fixed_22_12_4_0_0_1u_config2_s_fu_131/void_conv_2d_buffer_resource_cl_stream_stream_weight_t_bias_t_line_buffer_3_U/lenet_mnist_cap64_hls_shift_line_buffer_array_ap_fixed_22_12_4_0_0_1u_config2_s_void_conv_2d_bufferbkb_core_U/ShiftRegMem_reg[27][6]_srl23/CLK is not reached by a timing clock
Related violations: <none>

TIMING-17#335 Critical Warning
Non-clocked sequential cell  
The clock pin conv_2d_cl_array_ap_fixed_1u_array_ap_fixed_22_12_4_0_0_6u_config2_U0/grp_compute_output_buffer_2d_array_array_ap_fixed_22_12_4_0_0_6u_config2_s_fu_118/call_ln281_shift_line_buffer_array_ap_fixed_22_12_4_0_0_1u_config2_s_fu_131/void_conv_2d_buffer_resource_cl_stream_stream_weight_t_bias_t_line_buffer_3_U/lenet_mnist_cap64_hls_shift_line_buffer_array_ap_fixed_22_12_4_0_0_1u_config2_s_void_conv_2d_bufferbkb_core_U/ShiftRegMem_reg[27][7]_srl23/CLK is not reached by a timing clock
Related violations: <none>

TIMING-17#336 Critical Warning
Non-clocked sequential cell  
The clock pin conv_2d_cl_array_ap_fixed_1u_array_ap_fixed_22_12_4_0_0_6u_config2_U0/grp_compute_output_buffer_2d_array_array_ap_fixed_22_12_4_0_0_6u_config2_s_fu_118/call_ln281_shift_line_buffer_array_ap_fixed_22_12_4_0_0_1u_config2_s_fu_131/void_conv_2d_buffer_resource_cl_stream_stream_weight_t_bias_t_line_buffer_3_U/lenet_mnist_cap64_hls_shift_line_buffer_array_ap_fixed_22_12_4_0_0_1u_config2_s_void_conv_2d_bufferbkb_core_U/ShiftRegMem_reg[27][8]_srl23/CLK is not reached by a timing clock
Related violations: <none>

TIMING-17#337 Critical Warning
Non-clocked sequential cell  
The clock pin conv_2d_cl_array_ap_fixed_1u_array_ap_fixed_22_12_4_0_0_6u_config2_U0/grp_compute_output_buffer_2d_array_array_ap_fixed_22_12_4_0_0_6u_config2_s_fu_118/call_ln281_shift_line_buffer_array_ap_fixed_22_12_4_0_0_1u_config2_s_fu_131/void_conv_2d_buffer_resource_cl_stream_stream_weight_t_bias_t_line_buffer_3_U/lenet_mnist_cap64_hls_shift_line_buffer_array_ap_fixed_22_12_4_0_0_1u_config2_s_void_conv_2d_bufferbkb_core_U/ShiftRegMem_reg[27][9]_srl23/CLK is not reached by a timing clock
Related violations: <none>

TIMING-17#338 Critical Warning
Non-clocked sequential cell  
The clock pin conv_2d_cl_array_ap_fixed_1u_array_ap_fixed_22_12_4_0_0_6u_config2_U0/grp_compute_output_buffer_2d_array_array_ap_fixed_22_12_4_0_0_6u_config2_s_fu_118/call_ln281_shift_line_buffer_array_ap_fixed_22_12_4_0_0_1u_config2_s_fu_131/void_conv_2d_buffer_resource_cl_stream_stream_weight_t_bias_t_line_buffer_3_U/lenet_mnist_cap64_hls_shift_line_buffer_array_ap_fixed_22_12_4_0_0_1u_config2_s_void_conv_2d_bufferbkb_core_U/ShiftRegMem_reg[2][0]/C is not reached by a timing clock
Related violations: <none>

TIMING-17#339 Critical Warning
Non-clocked sequential cell  
The clock pin conv_2d_cl_array_ap_fixed_1u_array_ap_fixed_22_12_4_0_0_6u_config2_U0/grp_compute_output_buffer_2d_array_array_ap_fixed_22_12_4_0_0_6u_config2_s_fu_118/call_ln281_shift_line_buffer_array_ap_fixed_22_12_4_0_0_1u_config2_s_fu_131/void_conv_2d_buffer_resource_cl_stream_stream_weight_t_bias_t_line_buffer_3_U/lenet_mnist_cap64_hls_shift_line_buffer_array_ap_fixed_22_12_4_0_0_1u_config2_s_void_conv_2d_bufferbkb_core_U/ShiftRegMem_reg[2][10]/C is not reached by a timing clock
Related violations: <none>

TIMING-17#340 Critical Warning
Non-clocked sequential cell  
The clock pin conv_2d_cl_array_ap_fixed_1u_array_ap_fixed_22_12_4_0_0_6u_config2_U0/grp_compute_output_buffer_2d_array_array_ap_fixed_22_12_4_0_0_6u_config2_s_fu_118/call_ln281_shift_line_buffer_array_ap_fixed_22_12_4_0_0_1u_config2_s_fu_131/void_conv_2d_buffer_resource_cl_stream_stream_weight_t_bias_t_line_buffer_3_U/lenet_mnist_cap64_hls_shift_line_buffer_array_ap_fixed_22_12_4_0_0_1u_config2_s_void_conv_2d_bufferbkb_core_U/ShiftRegMem_reg[2][11]/C is not reached by a timing clock
Related violations: <none>

TIMING-17#341 Critical Warning
Non-clocked sequential cell  
The clock pin conv_2d_cl_array_ap_fixed_1u_array_ap_fixed_22_12_4_0_0_6u_config2_U0/grp_compute_output_buffer_2d_array_array_ap_fixed_22_12_4_0_0_6u_config2_s_fu_118/call_ln281_shift_line_buffer_array_ap_fixed_22_12_4_0_0_1u_config2_s_fu_131/void_conv_2d_buffer_resource_cl_stream_stream_weight_t_bias_t_line_buffer_3_U/lenet_mnist_cap64_hls_shift_line_buffer_array_ap_fixed_22_12_4_0_0_1u_config2_s_void_conv_2d_bufferbkb_core_U/ShiftRegMem_reg[2][12]/C is not reached by a timing clock
Related violations: <none>

TIMING-17#342 Critical Warning
Non-clocked sequential cell  
The clock pin conv_2d_cl_array_ap_fixed_1u_array_ap_fixed_22_12_4_0_0_6u_config2_U0/grp_compute_output_buffer_2d_array_array_ap_fixed_22_12_4_0_0_6u_config2_s_fu_118/call_ln281_shift_line_buffer_array_ap_fixed_22_12_4_0_0_1u_config2_s_fu_131/void_conv_2d_buffer_resource_cl_stream_stream_weight_t_bias_t_line_buffer_3_U/lenet_mnist_cap64_hls_shift_line_buffer_array_ap_fixed_22_12_4_0_0_1u_config2_s_void_conv_2d_bufferbkb_core_U/ShiftRegMem_reg[2][13]/C is not reached by a timing clock
Related violations: <none>

TIMING-17#343 Critical Warning
Non-clocked sequential cell  
The clock pin conv_2d_cl_array_ap_fixed_1u_array_ap_fixed_22_12_4_0_0_6u_config2_U0/grp_compute_output_buffer_2d_array_array_ap_fixed_22_12_4_0_0_6u_config2_s_fu_118/call_ln281_shift_line_buffer_array_ap_fixed_22_12_4_0_0_1u_config2_s_fu_131/void_conv_2d_buffer_resource_cl_stream_stream_weight_t_bias_t_line_buffer_3_U/lenet_mnist_cap64_hls_shift_line_buffer_array_ap_fixed_22_12_4_0_0_1u_config2_s_void_conv_2d_bufferbkb_core_U/ShiftRegMem_reg[2][14]/C is not reached by a timing clock
Related violations: <none>

TIMING-17#344 Critical Warning
Non-clocked sequential cell  
The clock pin conv_2d_cl_array_ap_fixed_1u_array_ap_fixed_22_12_4_0_0_6u_config2_U0/grp_compute_output_buffer_2d_array_array_ap_fixed_22_12_4_0_0_6u_config2_s_fu_118/call_ln281_shift_line_buffer_array_ap_fixed_22_12_4_0_0_1u_config2_s_fu_131/void_conv_2d_buffer_resource_cl_stream_stream_weight_t_bias_t_line_buffer_3_U/lenet_mnist_cap64_hls_shift_line_buffer_array_ap_fixed_22_12_4_0_0_1u_config2_s_void_conv_2d_bufferbkb_core_U/ShiftRegMem_reg[2][15]/C is not reached by a timing clock
Related violations: <none>

TIMING-17#345 Critical Warning
Non-clocked sequential cell  
The clock pin conv_2d_cl_array_ap_fixed_1u_array_ap_fixed_22_12_4_0_0_6u_config2_U0/grp_compute_output_buffer_2d_array_array_ap_fixed_22_12_4_0_0_6u_config2_s_fu_118/call_ln281_shift_line_buffer_array_ap_fixed_22_12_4_0_0_1u_config2_s_fu_131/void_conv_2d_buffer_resource_cl_stream_stream_weight_t_bias_t_line_buffer_3_U/lenet_mnist_cap64_hls_shift_line_buffer_array_ap_fixed_22_12_4_0_0_1u_config2_s_void_conv_2d_bufferbkb_core_U/ShiftRegMem_reg[2][16]/C is not reached by a timing clock
Related violations: <none>

TIMING-17#346 Critical Warning
Non-clocked sequential cell  
The clock pin conv_2d_cl_array_ap_fixed_1u_array_ap_fixed_22_12_4_0_0_6u_config2_U0/grp_compute_output_buffer_2d_array_array_ap_fixed_22_12_4_0_0_6u_config2_s_fu_118/call_ln281_shift_line_buffer_array_ap_fixed_22_12_4_0_0_1u_config2_s_fu_131/void_conv_2d_buffer_resource_cl_stream_stream_weight_t_bias_t_line_buffer_3_U/lenet_mnist_cap64_hls_shift_line_buffer_array_ap_fixed_22_12_4_0_0_1u_config2_s_void_conv_2d_bufferbkb_core_U/ShiftRegMem_reg[2][17]/C is not reached by a timing clock
Related violations: <none>

TIMING-17#347 Critical Warning
Non-clocked sequential cell  
The clock pin conv_2d_cl_array_ap_fixed_1u_array_ap_fixed_22_12_4_0_0_6u_config2_U0/grp_compute_output_buffer_2d_array_array_ap_fixed_22_12_4_0_0_6u_config2_s_fu_118/call_ln281_shift_line_buffer_array_ap_fixed_22_12_4_0_0_1u_config2_s_fu_131/void_conv_2d_buffer_resource_cl_stream_stream_weight_t_bias_t_line_buffer_3_U/lenet_mnist_cap64_hls_shift_line_buffer_array_ap_fixed_22_12_4_0_0_1u_config2_s_void_conv_2d_bufferbkb_core_U/ShiftRegMem_reg[2][18]/C is not reached by a timing clock
Related violations: <none>

TIMING-17#348 Critical Warning
Non-clocked sequential cell  
The clock pin conv_2d_cl_array_ap_fixed_1u_array_ap_fixed_22_12_4_0_0_6u_config2_U0/grp_compute_output_buffer_2d_array_array_ap_fixed_22_12_4_0_0_6u_config2_s_fu_118/call_ln281_shift_line_buffer_array_ap_fixed_22_12_4_0_0_1u_config2_s_fu_131/void_conv_2d_buffer_resource_cl_stream_stream_weight_t_bias_t_line_buffer_3_U/lenet_mnist_cap64_hls_shift_line_buffer_array_ap_fixed_22_12_4_0_0_1u_config2_s_void_conv_2d_bufferbkb_core_U/ShiftRegMem_reg[2][19]/C is not reached by a timing clock
Related violations: <none>

TIMING-17#349 Critical Warning
Non-clocked sequential cell  
The clock pin conv_2d_cl_array_ap_fixed_1u_array_ap_fixed_22_12_4_0_0_6u_config2_U0/grp_compute_output_buffer_2d_array_array_ap_fixed_22_12_4_0_0_6u_config2_s_fu_118/call_ln281_shift_line_buffer_array_ap_fixed_22_12_4_0_0_1u_config2_s_fu_131/void_conv_2d_buffer_resource_cl_stream_stream_weight_t_bias_t_line_buffer_3_U/lenet_mnist_cap64_hls_shift_line_buffer_array_ap_fixed_22_12_4_0_0_1u_config2_s_void_conv_2d_bufferbkb_core_U/ShiftRegMem_reg[2][1]/C is not reached by a timing clock
Related violations: <none>

TIMING-17#350 Critical Warning
Non-clocked sequential cell  
The clock pin conv_2d_cl_array_ap_fixed_1u_array_ap_fixed_22_12_4_0_0_6u_config2_U0/grp_compute_output_buffer_2d_array_array_ap_fixed_22_12_4_0_0_6u_config2_s_fu_118/call_ln281_shift_line_buffer_array_ap_fixed_22_12_4_0_0_1u_config2_s_fu_131/void_conv_2d_buffer_resource_cl_stream_stream_weight_t_bias_t_line_buffer_3_U/lenet_mnist_cap64_hls_shift_line_buffer_array_ap_fixed_22_12_4_0_0_1u_config2_s_void_conv_2d_bufferbkb_core_U/ShiftRegMem_reg[2][20]/C is not reached by a timing clock
Related violations: <none>

TIMING-17#351 Critical Warning
Non-clocked sequential cell  
The clock pin conv_2d_cl_array_ap_fixed_1u_array_ap_fixed_22_12_4_0_0_6u_config2_U0/grp_compute_output_buffer_2d_array_array_ap_fixed_22_12_4_0_0_6u_config2_s_fu_118/call_ln281_shift_line_buffer_array_ap_fixed_22_12_4_0_0_1u_config2_s_fu_131/void_conv_2d_buffer_resource_cl_stream_stream_weight_t_bias_t_line_buffer_3_U/lenet_mnist_cap64_hls_shift_line_buffer_array_ap_fixed_22_12_4_0_0_1u_config2_s_void_conv_2d_bufferbkb_core_U/ShiftRegMem_reg[2][21]/C is not reached by a timing clock
Related violations: <none>

TIMING-17#352 Critical Warning
Non-clocked sequential cell  
The clock pin conv_2d_cl_array_ap_fixed_1u_array_ap_fixed_22_12_4_0_0_6u_config2_U0/grp_compute_output_buffer_2d_array_array_ap_fixed_22_12_4_0_0_6u_config2_s_fu_118/call_ln281_shift_line_buffer_array_ap_fixed_22_12_4_0_0_1u_config2_s_fu_131/void_conv_2d_buffer_resource_cl_stream_stream_weight_t_bias_t_line_buffer_3_U/lenet_mnist_cap64_hls_shift_line_buffer_array_ap_fixed_22_12_4_0_0_1u_config2_s_void_conv_2d_bufferbkb_core_U/ShiftRegMem_reg[2][2]/C is not reached by a timing clock
Related violations: <none>

TIMING-17#353 Critical Warning
Non-clocked sequential cell  
The clock pin conv_2d_cl_array_ap_fixed_1u_array_ap_fixed_22_12_4_0_0_6u_config2_U0/grp_compute_output_buffer_2d_array_array_ap_fixed_22_12_4_0_0_6u_config2_s_fu_118/call_ln281_shift_line_buffer_array_ap_fixed_22_12_4_0_0_1u_config2_s_fu_131/void_conv_2d_buffer_resource_cl_stream_stream_weight_t_bias_t_line_buffer_3_U/lenet_mnist_cap64_hls_shift_line_buffer_array_ap_fixed_22_12_4_0_0_1u_config2_s_void_conv_2d_bufferbkb_core_U/ShiftRegMem_reg[2][3]/C is not reached by a timing clock
Related violations: <none>

TIMING-17#354 Critical Warning
Non-clocked sequential cell  
The clock pin conv_2d_cl_array_ap_fixed_1u_array_ap_fixed_22_12_4_0_0_6u_config2_U0/grp_compute_output_buffer_2d_array_array_ap_fixed_22_12_4_0_0_6u_config2_s_fu_118/call_ln281_shift_line_buffer_array_ap_fixed_22_12_4_0_0_1u_config2_s_fu_131/void_conv_2d_buffer_resource_cl_stream_stream_weight_t_bias_t_line_buffer_3_U/lenet_mnist_cap64_hls_shift_line_buffer_array_ap_fixed_22_12_4_0_0_1u_config2_s_void_conv_2d_bufferbkb_core_U/ShiftRegMem_reg[2][4]/C is not reached by a timing clock
Related violations: <none>

TIMING-17#355 Critical Warning
Non-clocked sequential cell  
The clock pin conv_2d_cl_array_ap_fixed_1u_array_ap_fixed_22_12_4_0_0_6u_config2_U0/grp_compute_output_buffer_2d_array_array_ap_fixed_22_12_4_0_0_6u_config2_s_fu_118/call_ln281_shift_line_buffer_array_ap_fixed_22_12_4_0_0_1u_config2_s_fu_131/void_conv_2d_buffer_resource_cl_stream_stream_weight_t_bias_t_line_buffer_3_U/lenet_mnist_cap64_hls_shift_line_buffer_array_ap_fixed_22_12_4_0_0_1u_config2_s_void_conv_2d_bufferbkb_core_U/ShiftRegMem_reg[2][5]/C is not reached by a timing clock
Related violations: <none>

TIMING-17#356 Critical Warning
Non-clocked sequential cell  
The clock pin conv_2d_cl_array_ap_fixed_1u_array_ap_fixed_22_12_4_0_0_6u_config2_U0/grp_compute_output_buffer_2d_array_array_ap_fixed_22_12_4_0_0_6u_config2_s_fu_118/call_ln281_shift_line_buffer_array_ap_fixed_22_12_4_0_0_1u_config2_s_fu_131/void_conv_2d_buffer_resource_cl_stream_stream_weight_t_bias_t_line_buffer_3_U/lenet_mnist_cap64_hls_shift_line_buffer_array_ap_fixed_22_12_4_0_0_1u_config2_s_void_conv_2d_bufferbkb_core_U/ShiftRegMem_reg[2][6]/C is not reached by a timing clock
Related violations: <none>

TIMING-17#357 Critical Warning
Non-clocked sequential cell  
The clock pin conv_2d_cl_array_ap_fixed_1u_array_ap_fixed_22_12_4_0_0_6u_config2_U0/grp_compute_output_buffer_2d_array_array_ap_fixed_22_12_4_0_0_6u_config2_s_fu_118/call_ln281_shift_line_buffer_array_ap_fixed_22_12_4_0_0_1u_config2_s_fu_131/void_conv_2d_buffer_resource_cl_stream_stream_weight_t_bias_t_line_buffer_3_U/lenet_mnist_cap64_hls_shift_line_buffer_array_ap_fixed_22_12_4_0_0_1u_config2_s_void_conv_2d_bufferbkb_core_U/ShiftRegMem_reg[2][7]/C is not reached by a timing clock
Related violations: <none>

TIMING-17#358 Critical Warning
Non-clocked sequential cell  
The clock pin conv_2d_cl_array_ap_fixed_1u_array_ap_fixed_22_12_4_0_0_6u_config2_U0/grp_compute_output_buffer_2d_array_array_ap_fixed_22_12_4_0_0_6u_config2_s_fu_118/call_ln281_shift_line_buffer_array_ap_fixed_22_12_4_0_0_1u_config2_s_fu_131/void_conv_2d_buffer_resource_cl_stream_stream_weight_t_bias_t_line_buffer_3_U/lenet_mnist_cap64_hls_shift_line_buffer_array_ap_fixed_22_12_4_0_0_1u_config2_s_void_conv_2d_bufferbkb_core_U/ShiftRegMem_reg[2][8]/C is not reached by a timing clock
Related violations: <none>

TIMING-17#359 Critical Warning
Non-clocked sequential cell  
The clock pin conv_2d_cl_array_ap_fixed_1u_array_ap_fixed_22_12_4_0_0_6u_config2_U0/grp_compute_output_buffer_2d_array_array_ap_fixed_22_12_4_0_0_6u_config2_s_fu_118/call_ln281_shift_line_buffer_array_ap_fixed_22_12_4_0_0_1u_config2_s_fu_131/void_conv_2d_buffer_resource_cl_stream_stream_weight_t_bias_t_line_buffer_3_U/lenet_mnist_cap64_hls_shift_line_buffer_array_ap_fixed_22_12_4_0_0_1u_config2_s_void_conv_2d_bufferbkb_core_U/ShiftRegMem_reg[2][9]/C is not reached by a timing clock
Related violations: <none>

TIMING-17#360 Critical Warning
Non-clocked sequential cell  
The clock pin conv_2d_cl_array_ap_fixed_1u_array_ap_fixed_22_12_4_0_0_6u_config2_U0/grp_compute_output_buffer_2d_array_array_ap_fixed_22_12_4_0_0_6u_config2_s_fu_118/call_ln281_shift_line_buffer_array_ap_fixed_22_12_4_0_0_1u_config2_s_fu_131/void_conv_2d_buffer_resource_cl_stream_stream_weight_t_bias_t_line_buffer_3_U/lenet_mnist_cap64_hls_shift_line_buffer_array_ap_fixed_22_12_4_0_0_1u_config2_s_void_conv_2d_bufferbkb_core_U/ShiftRegMem_reg[3][0]/C is not reached by a timing clock
Related violations: <none>

TIMING-17#361 Critical Warning
Non-clocked sequential cell  
The clock pin conv_2d_cl_array_ap_fixed_1u_array_ap_fixed_22_12_4_0_0_6u_config2_U0/grp_compute_output_buffer_2d_array_array_ap_fixed_22_12_4_0_0_6u_config2_s_fu_118/call_ln281_shift_line_buffer_array_ap_fixed_22_12_4_0_0_1u_config2_s_fu_131/void_conv_2d_buffer_resource_cl_stream_stream_weight_t_bias_t_line_buffer_3_U/lenet_mnist_cap64_hls_shift_line_buffer_array_ap_fixed_22_12_4_0_0_1u_config2_s_void_conv_2d_bufferbkb_core_U/ShiftRegMem_reg[3][10]/C is not reached by a timing clock
Related violations: <none>

TIMING-17#362 Critical Warning
Non-clocked sequential cell  
The clock pin conv_2d_cl_array_ap_fixed_1u_array_ap_fixed_22_12_4_0_0_6u_config2_U0/grp_compute_output_buffer_2d_array_array_ap_fixed_22_12_4_0_0_6u_config2_s_fu_118/call_ln281_shift_line_buffer_array_ap_fixed_22_12_4_0_0_1u_config2_s_fu_131/void_conv_2d_buffer_resource_cl_stream_stream_weight_t_bias_t_line_buffer_3_U/lenet_mnist_cap64_hls_shift_line_buffer_array_ap_fixed_22_12_4_0_0_1u_config2_s_void_conv_2d_bufferbkb_core_U/ShiftRegMem_reg[3][11]/C is not reached by a timing clock
Related violations: <none>

TIMING-17#363 Critical Warning
Non-clocked sequential cell  
The clock pin conv_2d_cl_array_ap_fixed_1u_array_ap_fixed_22_12_4_0_0_6u_config2_U0/grp_compute_output_buffer_2d_array_array_ap_fixed_22_12_4_0_0_6u_config2_s_fu_118/call_ln281_shift_line_buffer_array_ap_fixed_22_12_4_0_0_1u_config2_s_fu_131/void_conv_2d_buffer_resource_cl_stream_stream_weight_t_bias_t_line_buffer_3_U/lenet_mnist_cap64_hls_shift_line_buffer_array_ap_fixed_22_12_4_0_0_1u_config2_s_void_conv_2d_bufferbkb_core_U/ShiftRegMem_reg[3][12]/C is not reached by a timing clock
Related violations: <none>

TIMING-17#364 Critical Warning
Non-clocked sequential cell  
The clock pin conv_2d_cl_array_ap_fixed_1u_array_ap_fixed_22_12_4_0_0_6u_config2_U0/grp_compute_output_buffer_2d_array_array_ap_fixed_22_12_4_0_0_6u_config2_s_fu_118/call_ln281_shift_line_buffer_array_ap_fixed_22_12_4_0_0_1u_config2_s_fu_131/void_conv_2d_buffer_resource_cl_stream_stream_weight_t_bias_t_line_buffer_3_U/lenet_mnist_cap64_hls_shift_line_buffer_array_ap_fixed_22_12_4_0_0_1u_config2_s_void_conv_2d_bufferbkb_core_U/ShiftRegMem_reg[3][13]/C is not reached by a timing clock
Related violations: <none>

TIMING-17#365 Critical Warning
Non-clocked sequential cell  
The clock pin conv_2d_cl_array_ap_fixed_1u_array_ap_fixed_22_12_4_0_0_6u_config2_U0/grp_compute_output_buffer_2d_array_array_ap_fixed_22_12_4_0_0_6u_config2_s_fu_118/call_ln281_shift_line_buffer_array_ap_fixed_22_12_4_0_0_1u_config2_s_fu_131/void_conv_2d_buffer_resource_cl_stream_stream_weight_t_bias_t_line_buffer_3_U/lenet_mnist_cap64_hls_shift_line_buffer_array_ap_fixed_22_12_4_0_0_1u_config2_s_void_conv_2d_bufferbkb_core_U/ShiftRegMem_reg[3][14]/C is not reached by a timing clock
Related violations: <none>

TIMING-17#366 Critical Warning
Non-clocked sequential cell  
The clock pin conv_2d_cl_array_ap_fixed_1u_array_ap_fixed_22_12_4_0_0_6u_config2_U0/grp_compute_output_buffer_2d_array_array_ap_fixed_22_12_4_0_0_6u_config2_s_fu_118/call_ln281_shift_line_buffer_array_ap_fixed_22_12_4_0_0_1u_config2_s_fu_131/void_conv_2d_buffer_resource_cl_stream_stream_weight_t_bias_t_line_buffer_3_U/lenet_mnist_cap64_hls_shift_line_buffer_array_ap_fixed_22_12_4_0_0_1u_config2_s_void_conv_2d_bufferbkb_core_U/ShiftRegMem_reg[3][15]/C is not reached by a timing clock
Related violations: <none>

TIMING-17#367 Critical Warning
Non-clocked sequential cell  
The clock pin conv_2d_cl_array_ap_fixed_1u_array_ap_fixed_22_12_4_0_0_6u_config2_U0/grp_compute_output_buffer_2d_array_array_ap_fixed_22_12_4_0_0_6u_config2_s_fu_118/call_ln281_shift_line_buffer_array_ap_fixed_22_12_4_0_0_1u_config2_s_fu_131/void_conv_2d_buffer_resource_cl_stream_stream_weight_t_bias_t_line_buffer_3_U/lenet_mnist_cap64_hls_shift_line_buffer_array_ap_fixed_22_12_4_0_0_1u_config2_s_void_conv_2d_bufferbkb_core_U/ShiftRegMem_reg[3][16]/C is not reached by a timing clock
Related violations: <none>

TIMING-17#368 Critical Warning
Non-clocked sequential cell  
The clock pin conv_2d_cl_array_ap_fixed_1u_array_ap_fixed_22_12_4_0_0_6u_config2_U0/grp_compute_output_buffer_2d_array_array_ap_fixed_22_12_4_0_0_6u_config2_s_fu_118/call_ln281_shift_line_buffer_array_ap_fixed_22_12_4_0_0_1u_config2_s_fu_131/void_conv_2d_buffer_resource_cl_stream_stream_weight_t_bias_t_line_buffer_3_U/lenet_mnist_cap64_hls_shift_line_buffer_array_ap_fixed_22_12_4_0_0_1u_config2_s_void_conv_2d_bufferbkb_core_U/ShiftRegMem_reg[3][17]/C is not reached by a timing clock
Related violations: <none>

TIMING-17#369 Critical Warning
Non-clocked sequential cell  
The clock pin conv_2d_cl_array_ap_fixed_1u_array_ap_fixed_22_12_4_0_0_6u_config2_U0/grp_compute_output_buffer_2d_array_array_ap_fixed_22_12_4_0_0_6u_config2_s_fu_118/call_ln281_shift_line_buffer_array_ap_fixed_22_12_4_0_0_1u_config2_s_fu_131/void_conv_2d_buffer_resource_cl_stream_stream_weight_t_bias_t_line_buffer_3_U/lenet_mnist_cap64_hls_shift_line_buffer_array_ap_fixed_22_12_4_0_0_1u_config2_s_void_conv_2d_bufferbkb_core_U/ShiftRegMem_reg[3][18]/C is not reached by a timing clock
Related violations: <none>

TIMING-17#370 Critical Warning
Non-clocked sequential cell  
The clock pin conv_2d_cl_array_ap_fixed_1u_array_ap_fixed_22_12_4_0_0_6u_config2_U0/grp_compute_output_buffer_2d_array_array_ap_fixed_22_12_4_0_0_6u_config2_s_fu_118/call_ln281_shift_line_buffer_array_ap_fixed_22_12_4_0_0_1u_config2_s_fu_131/void_conv_2d_buffer_resource_cl_stream_stream_weight_t_bias_t_line_buffer_3_U/lenet_mnist_cap64_hls_shift_line_buffer_array_ap_fixed_22_12_4_0_0_1u_config2_s_void_conv_2d_bufferbkb_core_U/ShiftRegMem_reg[3][19]/C is not reached by a timing clock
Related violations: <none>

TIMING-17#371 Critical Warning
Non-clocked sequential cell  
The clock pin conv_2d_cl_array_ap_fixed_1u_array_ap_fixed_22_12_4_0_0_6u_config2_U0/grp_compute_output_buffer_2d_array_array_ap_fixed_22_12_4_0_0_6u_config2_s_fu_118/call_ln281_shift_line_buffer_array_ap_fixed_22_12_4_0_0_1u_config2_s_fu_131/void_conv_2d_buffer_resource_cl_stream_stream_weight_t_bias_t_line_buffer_3_U/lenet_mnist_cap64_hls_shift_line_buffer_array_ap_fixed_22_12_4_0_0_1u_config2_s_void_conv_2d_bufferbkb_core_U/ShiftRegMem_reg[3][1]/C is not reached by a timing clock
Related violations: <none>

TIMING-17#372 Critical Warning
Non-clocked sequential cell  
The clock pin conv_2d_cl_array_ap_fixed_1u_array_ap_fixed_22_12_4_0_0_6u_config2_U0/grp_compute_output_buffer_2d_array_array_ap_fixed_22_12_4_0_0_6u_config2_s_fu_118/call_ln281_shift_line_buffer_array_ap_fixed_22_12_4_0_0_1u_config2_s_fu_131/void_conv_2d_buffer_resource_cl_stream_stream_weight_t_bias_t_line_buffer_3_U/lenet_mnist_cap64_hls_shift_line_buffer_array_ap_fixed_22_12_4_0_0_1u_config2_s_void_conv_2d_bufferbkb_core_U/ShiftRegMem_reg[3][20]/C is not reached by a timing clock
Related violations: <none>

TIMING-17#373 Critical Warning
Non-clocked sequential cell  
The clock pin conv_2d_cl_array_ap_fixed_1u_array_ap_fixed_22_12_4_0_0_6u_config2_U0/grp_compute_output_buffer_2d_array_array_ap_fixed_22_12_4_0_0_6u_config2_s_fu_118/call_ln281_shift_line_buffer_array_ap_fixed_22_12_4_0_0_1u_config2_s_fu_131/void_conv_2d_buffer_resource_cl_stream_stream_weight_t_bias_t_line_buffer_3_U/lenet_mnist_cap64_hls_shift_line_buffer_array_ap_fixed_22_12_4_0_0_1u_config2_s_void_conv_2d_bufferbkb_core_U/ShiftRegMem_reg[3][21]/C is not reached by a timing clock
Related violations: <none>

TIMING-17#374 Critical Warning
Non-clocked sequential cell  
The clock pin conv_2d_cl_array_ap_fixed_1u_array_ap_fixed_22_12_4_0_0_6u_config2_U0/grp_compute_output_buffer_2d_array_array_ap_fixed_22_12_4_0_0_6u_config2_s_fu_118/call_ln281_shift_line_buffer_array_ap_fixed_22_12_4_0_0_1u_config2_s_fu_131/void_conv_2d_buffer_resource_cl_stream_stream_weight_t_bias_t_line_buffer_3_U/lenet_mnist_cap64_hls_shift_line_buffer_array_ap_fixed_22_12_4_0_0_1u_config2_s_void_conv_2d_bufferbkb_core_U/ShiftRegMem_reg[3][2]/C is not reached by a timing clock
Related violations: <none>

TIMING-17#375 Critical Warning
Non-clocked sequential cell  
The clock pin conv_2d_cl_array_ap_fixed_1u_array_ap_fixed_22_12_4_0_0_6u_config2_U0/grp_compute_output_buffer_2d_array_array_ap_fixed_22_12_4_0_0_6u_config2_s_fu_118/call_ln281_shift_line_buffer_array_ap_fixed_22_12_4_0_0_1u_config2_s_fu_131/void_conv_2d_buffer_resource_cl_stream_stream_weight_t_bias_t_line_buffer_3_U/lenet_mnist_cap64_hls_shift_line_buffer_array_ap_fixed_22_12_4_0_0_1u_config2_s_void_conv_2d_bufferbkb_core_U/ShiftRegMem_reg[3][3]/C is not reached by a timing clock
Related violations: <none>

TIMING-17#376 Critical Warning
Non-clocked sequential cell  
The clock pin conv_2d_cl_array_ap_fixed_1u_array_ap_fixed_22_12_4_0_0_6u_config2_U0/grp_compute_output_buffer_2d_array_array_ap_fixed_22_12_4_0_0_6u_config2_s_fu_118/call_ln281_shift_line_buffer_array_ap_fixed_22_12_4_0_0_1u_config2_s_fu_131/void_conv_2d_buffer_resource_cl_stream_stream_weight_t_bias_t_line_buffer_3_U/lenet_mnist_cap64_hls_shift_line_buffer_array_ap_fixed_22_12_4_0_0_1u_config2_s_void_conv_2d_bufferbkb_core_U/ShiftRegMem_reg[3][4]/C is not reached by a timing clock
Related violations: <none>

TIMING-17#377 Critical Warning
Non-clocked sequential cell  
The clock pin conv_2d_cl_array_ap_fixed_1u_array_ap_fixed_22_12_4_0_0_6u_config2_U0/grp_compute_output_buffer_2d_array_array_ap_fixed_22_12_4_0_0_6u_config2_s_fu_118/call_ln281_shift_line_buffer_array_ap_fixed_22_12_4_0_0_1u_config2_s_fu_131/void_conv_2d_buffer_resource_cl_stream_stream_weight_t_bias_t_line_buffer_3_U/lenet_mnist_cap64_hls_shift_line_buffer_array_ap_fixed_22_12_4_0_0_1u_config2_s_void_conv_2d_bufferbkb_core_U/ShiftRegMem_reg[3][5]/C is not reached by a timing clock
Related violations: <none>

TIMING-17#378 Critical Warning
Non-clocked sequential cell  
The clock pin conv_2d_cl_array_ap_fixed_1u_array_ap_fixed_22_12_4_0_0_6u_config2_U0/grp_compute_output_buffer_2d_array_array_ap_fixed_22_12_4_0_0_6u_config2_s_fu_118/call_ln281_shift_line_buffer_array_ap_fixed_22_12_4_0_0_1u_config2_s_fu_131/void_conv_2d_buffer_resource_cl_stream_stream_weight_t_bias_t_line_buffer_3_U/lenet_mnist_cap64_hls_shift_line_buffer_array_ap_fixed_22_12_4_0_0_1u_config2_s_void_conv_2d_bufferbkb_core_U/ShiftRegMem_reg[3][6]/C is not reached by a timing clock
Related violations: <none>

TIMING-17#379 Critical Warning
Non-clocked sequential cell  
The clock pin conv_2d_cl_array_ap_fixed_1u_array_ap_fixed_22_12_4_0_0_6u_config2_U0/grp_compute_output_buffer_2d_array_array_ap_fixed_22_12_4_0_0_6u_config2_s_fu_118/call_ln281_shift_line_buffer_array_ap_fixed_22_12_4_0_0_1u_config2_s_fu_131/void_conv_2d_buffer_resource_cl_stream_stream_weight_t_bias_t_line_buffer_3_U/lenet_mnist_cap64_hls_shift_line_buffer_array_ap_fixed_22_12_4_0_0_1u_config2_s_void_conv_2d_bufferbkb_core_U/ShiftRegMem_reg[3][7]/C is not reached by a timing clock
Related violations: <none>

TIMING-17#380 Critical Warning
Non-clocked sequential cell  
The clock pin conv_2d_cl_array_ap_fixed_1u_array_ap_fixed_22_12_4_0_0_6u_config2_U0/grp_compute_output_buffer_2d_array_array_ap_fixed_22_12_4_0_0_6u_config2_s_fu_118/call_ln281_shift_line_buffer_array_ap_fixed_22_12_4_0_0_1u_config2_s_fu_131/void_conv_2d_buffer_resource_cl_stream_stream_weight_t_bias_t_line_buffer_3_U/lenet_mnist_cap64_hls_shift_line_buffer_array_ap_fixed_22_12_4_0_0_1u_config2_s_void_conv_2d_bufferbkb_core_U/ShiftRegMem_reg[3][8]/C is not reached by a timing clock
Related violations: <none>

TIMING-17#381 Critical Warning
Non-clocked sequential cell  
The clock pin conv_2d_cl_array_ap_fixed_1u_array_ap_fixed_22_12_4_0_0_6u_config2_U0/grp_compute_output_buffer_2d_array_array_ap_fixed_22_12_4_0_0_6u_config2_s_fu_118/call_ln281_shift_line_buffer_array_ap_fixed_22_12_4_0_0_1u_config2_s_fu_131/void_conv_2d_buffer_resource_cl_stream_stream_weight_t_bias_t_line_buffer_3_U/lenet_mnist_cap64_hls_shift_line_buffer_array_ap_fixed_22_12_4_0_0_1u_config2_s_void_conv_2d_bufferbkb_core_U/ShiftRegMem_reg[3][9]/C is not reached by a timing clock
Related violations: <none>

TIMING-17#382 Critical Warning
Non-clocked sequential cell  
The clock pin conv_2d_cl_array_ap_fixed_1u_array_ap_fixed_22_12_4_0_0_6u_config2_U0/grp_compute_output_buffer_2d_array_array_ap_fixed_22_12_4_0_0_6u_config2_s_fu_118/call_ln281_shift_line_buffer_array_ap_fixed_22_12_4_0_0_1u_config2_s_fu_131/void_conv_2d_buffer_resource_cl_stream_stream_weight_t_bias_t_line_buffer_3_U/lenet_mnist_cap64_hls_shift_line_buffer_array_ap_fixed_22_12_4_0_0_1u_config2_s_void_conv_2d_bufferbkb_core_U/ShiftRegMem_reg[4][0]/C is not reached by a timing clock
Related violations: <none>

TIMING-17#383 Critical Warning
Non-clocked sequential cell  
The clock pin conv_2d_cl_array_ap_fixed_1u_array_ap_fixed_22_12_4_0_0_6u_config2_U0/grp_compute_output_buffer_2d_array_array_ap_fixed_22_12_4_0_0_6u_config2_s_fu_118/call_ln281_shift_line_buffer_array_ap_fixed_22_12_4_0_0_1u_config2_s_fu_131/void_conv_2d_buffer_resource_cl_stream_stream_weight_t_bias_t_line_buffer_3_U/lenet_mnist_cap64_hls_shift_line_buffer_array_ap_fixed_22_12_4_0_0_1u_config2_s_void_conv_2d_bufferbkb_core_U/ShiftRegMem_reg[4][10]/C is not reached by a timing clock
Related violations: <none>

TIMING-17#384 Critical Warning
Non-clocked sequential cell  
The clock pin conv_2d_cl_array_ap_fixed_1u_array_ap_fixed_22_12_4_0_0_6u_config2_U0/grp_compute_output_buffer_2d_array_array_ap_fixed_22_12_4_0_0_6u_config2_s_fu_118/call_ln281_shift_line_buffer_array_ap_fixed_22_12_4_0_0_1u_config2_s_fu_131/void_conv_2d_buffer_resource_cl_stream_stream_weight_t_bias_t_line_buffer_3_U/lenet_mnist_cap64_hls_shift_line_buffer_array_ap_fixed_22_12_4_0_0_1u_config2_s_void_conv_2d_bufferbkb_core_U/ShiftRegMem_reg[4][11]/C is not reached by a timing clock
Related violations: <none>

TIMING-17#385 Critical Warning
Non-clocked sequential cell  
The clock pin conv_2d_cl_array_ap_fixed_1u_array_ap_fixed_22_12_4_0_0_6u_config2_U0/grp_compute_output_buffer_2d_array_array_ap_fixed_22_12_4_0_0_6u_config2_s_fu_118/call_ln281_shift_line_buffer_array_ap_fixed_22_12_4_0_0_1u_config2_s_fu_131/void_conv_2d_buffer_resource_cl_stream_stream_weight_t_bias_t_line_buffer_3_U/lenet_mnist_cap64_hls_shift_line_buffer_array_ap_fixed_22_12_4_0_0_1u_config2_s_void_conv_2d_bufferbkb_core_U/ShiftRegMem_reg[4][12]/C is not reached by a timing clock
Related violations: <none>

TIMING-17#386 Critical Warning
Non-clocked sequential cell  
The clock pin conv_2d_cl_array_ap_fixed_1u_array_ap_fixed_22_12_4_0_0_6u_config2_U0/grp_compute_output_buffer_2d_array_array_ap_fixed_22_12_4_0_0_6u_config2_s_fu_118/call_ln281_shift_line_buffer_array_ap_fixed_22_12_4_0_0_1u_config2_s_fu_131/void_conv_2d_buffer_resource_cl_stream_stream_weight_t_bias_t_line_buffer_3_U/lenet_mnist_cap64_hls_shift_line_buffer_array_ap_fixed_22_12_4_0_0_1u_config2_s_void_conv_2d_bufferbkb_core_U/ShiftRegMem_reg[4][13]/C is not reached by a timing clock
Related violations: <none>

TIMING-17#387 Critical Warning
Non-clocked sequential cell  
The clock pin conv_2d_cl_array_ap_fixed_1u_array_ap_fixed_22_12_4_0_0_6u_config2_U0/grp_compute_output_buffer_2d_array_array_ap_fixed_22_12_4_0_0_6u_config2_s_fu_118/call_ln281_shift_line_buffer_array_ap_fixed_22_12_4_0_0_1u_config2_s_fu_131/void_conv_2d_buffer_resource_cl_stream_stream_weight_t_bias_t_line_buffer_3_U/lenet_mnist_cap64_hls_shift_line_buffer_array_ap_fixed_22_12_4_0_0_1u_config2_s_void_conv_2d_bufferbkb_core_U/ShiftRegMem_reg[4][14]/C is not reached by a timing clock
Related violations: <none>

TIMING-17#388 Critical Warning
Non-clocked sequential cell  
The clock pin conv_2d_cl_array_ap_fixed_1u_array_ap_fixed_22_12_4_0_0_6u_config2_U0/grp_compute_output_buffer_2d_array_array_ap_fixed_22_12_4_0_0_6u_config2_s_fu_118/call_ln281_shift_line_buffer_array_ap_fixed_22_12_4_0_0_1u_config2_s_fu_131/void_conv_2d_buffer_resource_cl_stream_stream_weight_t_bias_t_line_buffer_3_U/lenet_mnist_cap64_hls_shift_line_buffer_array_ap_fixed_22_12_4_0_0_1u_config2_s_void_conv_2d_bufferbkb_core_U/ShiftRegMem_reg[4][15]/C is not reached by a timing clock
Related violations: <none>

TIMING-17#389 Critical Warning
Non-clocked sequential cell  
The clock pin conv_2d_cl_array_ap_fixed_1u_array_ap_fixed_22_12_4_0_0_6u_config2_U0/grp_compute_output_buffer_2d_array_array_ap_fixed_22_12_4_0_0_6u_config2_s_fu_118/call_ln281_shift_line_buffer_array_ap_fixed_22_12_4_0_0_1u_config2_s_fu_131/void_conv_2d_buffer_resource_cl_stream_stream_weight_t_bias_t_line_buffer_3_U/lenet_mnist_cap64_hls_shift_line_buffer_array_ap_fixed_22_12_4_0_0_1u_config2_s_void_conv_2d_bufferbkb_core_U/ShiftRegMem_reg[4][16]/C is not reached by a timing clock
Related violations: <none>

TIMING-17#390 Critical Warning
Non-clocked sequential cell  
The clock pin conv_2d_cl_array_ap_fixed_1u_array_ap_fixed_22_12_4_0_0_6u_config2_U0/grp_compute_output_buffer_2d_array_array_ap_fixed_22_12_4_0_0_6u_config2_s_fu_118/call_ln281_shift_line_buffer_array_ap_fixed_22_12_4_0_0_1u_config2_s_fu_131/void_conv_2d_buffer_resource_cl_stream_stream_weight_t_bias_t_line_buffer_3_U/lenet_mnist_cap64_hls_shift_line_buffer_array_ap_fixed_22_12_4_0_0_1u_config2_s_void_conv_2d_bufferbkb_core_U/ShiftRegMem_reg[4][17]/C is not reached by a timing clock
Related violations: <none>

TIMING-17#391 Critical Warning
Non-clocked sequential cell  
The clock pin conv_2d_cl_array_ap_fixed_1u_array_ap_fixed_22_12_4_0_0_6u_config2_U0/grp_compute_output_buffer_2d_array_array_ap_fixed_22_12_4_0_0_6u_config2_s_fu_118/call_ln281_shift_line_buffer_array_ap_fixed_22_12_4_0_0_1u_config2_s_fu_131/void_conv_2d_buffer_resource_cl_stream_stream_weight_t_bias_t_line_buffer_3_U/lenet_mnist_cap64_hls_shift_line_buffer_array_ap_fixed_22_12_4_0_0_1u_config2_s_void_conv_2d_bufferbkb_core_U/ShiftRegMem_reg[4][18]/C is not reached by a timing clock
Related violations: <none>

TIMING-17#392 Critical Warning
Non-clocked sequential cell  
The clock pin conv_2d_cl_array_ap_fixed_1u_array_ap_fixed_22_12_4_0_0_6u_config2_U0/grp_compute_output_buffer_2d_array_array_ap_fixed_22_12_4_0_0_6u_config2_s_fu_118/call_ln281_shift_line_buffer_array_ap_fixed_22_12_4_0_0_1u_config2_s_fu_131/void_conv_2d_buffer_resource_cl_stream_stream_weight_t_bias_t_line_buffer_3_U/lenet_mnist_cap64_hls_shift_line_buffer_array_ap_fixed_22_12_4_0_0_1u_config2_s_void_conv_2d_bufferbkb_core_U/ShiftRegMem_reg[4][19]/C is not reached by a timing clock
Related violations: <none>

TIMING-17#393 Critical Warning
Non-clocked sequential cell  
The clock pin conv_2d_cl_array_ap_fixed_1u_array_ap_fixed_22_12_4_0_0_6u_config2_U0/grp_compute_output_buffer_2d_array_array_ap_fixed_22_12_4_0_0_6u_config2_s_fu_118/call_ln281_shift_line_buffer_array_ap_fixed_22_12_4_0_0_1u_config2_s_fu_131/void_conv_2d_buffer_resource_cl_stream_stream_weight_t_bias_t_line_buffer_3_U/lenet_mnist_cap64_hls_shift_line_buffer_array_ap_fixed_22_12_4_0_0_1u_config2_s_void_conv_2d_bufferbkb_core_U/ShiftRegMem_reg[4][1]/C is not reached by a timing clock
Related violations: <none>

TIMING-17#394 Critical Warning
Non-clocked sequential cell  
The clock pin conv_2d_cl_array_ap_fixed_1u_array_ap_fixed_22_12_4_0_0_6u_config2_U0/grp_compute_output_buffer_2d_array_array_ap_fixed_22_12_4_0_0_6u_config2_s_fu_118/call_ln281_shift_line_buffer_array_ap_fixed_22_12_4_0_0_1u_config2_s_fu_131/void_conv_2d_buffer_resource_cl_stream_stream_weight_t_bias_t_line_buffer_3_U/lenet_mnist_cap64_hls_shift_line_buffer_array_ap_fixed_22_12_4_0_0_1u_config2_s_void_conv_2d_bufferbkb_core_U/ShiftRegMem_reg[4][20]/C is not reached by a timing clock
Related violations: <none>

TIMING-17#395 Critical Warning
Non-clocked sequential cell  
The clock pin conv_2d_cl_array_ap_fixed_1u_array_ap_fixed_22_12_4_0_0_6u_config2_U0/grp_compute_output_buffer_2d_array_array_ap_fixed_22_12_4_0_0_6u_config2_s_fu_118/call_ln281_shift_line_buffer_array_ap_fixed_22_12_4_0_0_1u_config2_s_fu_131/void_conv_2d_buffer_resource_cl_stream_stream_weight_t_bias_t_line_buffer_3_U/lenet_mnist_cap64_hls_shift_line_buffer_array_ap_fixed_22_12_4_0_0_1u_config2_s_void_conv_2d_bufferbkb_core_U/ShiftRegMem_reg[4][21]/C is not reached by a timing clock
Related violations: <none>

TIMING-17#396 Critical Warning
Non-clocked sequential cell  
The clock pin conv_2d_cl_array_ap_fixed_1u_array_ap_fixed_22_12_4_0_0_6u_config2_U0/grp_compute_output_buffer_2d_array_array_ap_fixed_22_12_4_0_0_6u_config2_s_fu_118/call_ln281_shift_line_buffer_array_ap_fixed_22_12_4_0_0_1u_config2_s_fu_131/void_conv_2d_buffer_resource_cl_stream_stream_weight_t_bias_t_line_buffer_3_U/lenet_mnist_cap64_hls_shift_line_buffer_array_ap_fixed_22_12_4_0_0_1u_config2_s_void_conv_2d_bufferbkb_core_U/ShiftRegMem_reg[4][2]/C is not reached by a timing clock
Related violations: <none>

TIMING-17#397 Critical Warning
Non-clocked sequential cell  
The clock pin conv_2d_cl_array_ap_fixed_1u_array_ap_fixed_22_12_4_0_0_6u_config2_U0/grp_compute_output_buffer_2d_array_array_ap_fixed_22_12_4_0_0_6u_config2_s_fu_118/call_ln281_shift_line_buffer_array_ap_fixed_22_12_4_0_0_1u_config2_s_fu_131/void_conv_2d_buffer_resource_cl_stream_stream_weight_t_bias_t_line_buffer_3_U/lenet_mnist_cap64_hls_shift_line_buffer_array_ap_fixed_22_12_4_0_0_1u_config2_s_void_conv_2d_bufferbkb_core_U/ShiftRegMem_reg[4][3]/C is not reached by a timing clock
Related violations: <none>

TIMING-17#398 Critical Warning
Non-clocked sequential cell  
The clock pin conv_2d_cl_array_ap_fixed_1u_array_ap_fixed_22_12_4_0_0_6u_config2_U0/grp_compute_output_buffer_2d_array_array_ap_fixed_22_12_4_0_0_6u_config2_s_fu_118/call_ln281_shift_line_buffer_array_ap_fixed_22_12_4_0_0_1u_config2_s_fu_131/void_conv_2d_buffer_resource_cl_stream_stream_weight_t_bias_t_line_buffer_3_U/lenet_mnist_cap64_hls_shift_line_buffer_array_ap_fixed_22_12_4_0_0_1u_config2_s_void_conv_2d_bufferbkb_core_U/ShiftRegMem_reg[4][4]/C is not reached by a timing clock
Related violations: <none>

TIMING-17#399 Critical Warning
Non-clocked sequential cell  
The clock pin conv_2d_cl_array_ap_fixed_1u_array_ap_fixed_22_12_4_0_0_6u_config2_U0/grp_compute_output_buffer_2d_array_array_ap_fixed_22_12_4_0_0_6u_config2_s_fu_118/call_ln281_shift_line_buffer_array_ap_fixed_22_12_4_0_0_1u_config2_s_fu_131/void_conv_2d_buffer_resource_cl_stream_stream_weight_t_bias_t_line_buffer_3_U/lenet_mnist_cap64_hls_shift_line_buffer_array_ap_fixed_22_12_4_0_0_1u_config2_s_void_conv_2d_bufferbkb_core_U/ShiftRegMem_reg[4][5]/C is not reached by a timing clock
Related violations: <none>

TIMING-17#400 Critical Warning
Non-clocked sequential cell  
The clock pin conv_2d_cl_array_ap_fixed_1u_array_ap_fixed_22_12_4_0_0_6u_config2_U0/grp_compute_output_buffer_2d_array_array_ap_fixed_22_12_4_0_0_6u_config2_s_fu_118/call_ln281_shift_line_buffer_array_ap_fixed_22_12_4_0_0_1u_config2_s_fu_131/void_conv_2d_buffer_resource_cl_stream_stream_weight_t_bias_t_line_buffer_3_U/lenet_mnist_cap64_hls_shift_line_buffer_array_ap_fixed_22_12_4_0_0_1u_config2_s_void_conv_2d_bufferbkb_core_U/ShiftRegMem_reg[4][6]/C is not reached by a timing clock
Related violations: <none>

TIMING-17#401 Critical Warning
Non-clocked sequential cell  
The clock pin conv_2d_cl_array_ap_fixed_1u_array_ap_fixed_22_12_4_0_0_6u_config2_U0/grp_compute_output_buffer_2d_array_array_ap_fixed_22_12_4_0_0_6u_config2_s_fu_118/call_ln281_shift_line_buffer_array_ap_fixed_22_12_4_0_0_1u_config2_s_fu_131/void_conv_2d_buffer_resource_cl_stream_stream_weight_t_bias_t_line_buffer_3_U/lenet_mnist_cap64_hls_shift_line_buffer_array_ap_fixed_22_12_4_0_0_1u_config2_s_void_conv_2d_bufferbkb_core_U/ShiftRegMem_reg[4][7]/C is not reached by a timing clock
Related violations: <none>

TIMING-17#402 Critical Warning
Non-clocked sequential cell  
The clock pin conv_2d_cl_array_ap_fixed_1u_array_ap_fixed_22_12_4_0_0_6u_config2_U0/grp_compute_output_buffer_2d_array_array_ap_fixed_22_12_4_0_0_6u_config2_s_fu_118/call_ln281_shift_line_buffer_array_ap_fixed_22_12_4_0_0_1u_config2_s_fu_131/void_conv_2d_buffer_resource_cl_stream_stream_weight_t_bias_t_line_buffer_3_U/lenet_mnist_cap64_hls_shift_line_buffer_array_ap_fixed_22_12_4_0_0_1u_config2_s_void_conv_2d_bufferbkb_core_U/ShiftRegMem_reg[4][8]/C is not reached by a timing clock
Related violations: <none>

TIMING-17#403 Critical Warning
Non-clocked sequential cell  
The clock pin conv_2d_cl_array_ap_fixed_1u_array_ap_fixed_22_12_4_0_0_6u_config2_U0/grp_compute_output_buffer_2d_array_array_ap_fixed_22_12_4_0_0_6u_config2_s_fu_118/call_ln281_shift_line_buffer_array_ap_fixed_22_12_4_0_0_1u_config2_s_fu_131/void_conv_2d_buffer_resource_cl_stream_stream_weight_t_bias_t_line_buffer_3_U/lenet_mnist_cap64_hls_shift_line_buffer_array_ap_fixed_22_12_4_0_0_1u_config2_s_void_conv_2d_bufferbkb_core_U/ShiftRegMem_reg[4][9]/C is not reached by a timing clock
Related violations: <none>

TIMING-17#404 Critical Warning
Non-clocked sequential cell  
The clock pin conv_2d_cl_array_ap_fixed_1u_array_ap_fixed_22_12_4_0_0_6u_config2_U0/grp_compute_output_buffer_2d_array_array_ap_fixed_22_12_4_0_0_6u_config2_s_fu_118/call_ln281_shift_line_buffer_array_ap_fixed_22_12_4_0_0_1u_config2_s_fu_131/void_conv_2d_buffer_resource_cl_stream_stream_weight_t_bias_t_line_buffer_U/lenet_mnist_cap64_hls_shift_line_buffer_array_ap_fixed_22_12_4_0_0_1u_config2_s_void_conv_2d_bufferbkb_core_U/ShiftRegMem_reg[0][0]__0/C is not reached by a timing clock
Related violations: <none>

TIMING-17#405 Critical Warning
Non-clocked sequential cell  
The clock pin conv_2d_cl_array_ap_fixed_1u_array_ap_fixed_22_12_4_0_0_6u_config2_U0/grp_compute_output_buffer_2d_array_array_ap_fixed_22_12_4_0_0_6u_config2_s_fu_118/call_ln281_shift_line_buffer_array_ap_fixed_22_12_4_0_0_1u_config2_s_fu_131/void_conv_2d_buffer_resource_cl_stream_stream_weight_t_bias_t_line_buffer_U/lenet_mnist_cap64_hls_shift_line_buffer_array_ap_fixed_22_12_4_0_0_1u_config2_s_void_conv_2d_bufferbkb_core_U/ShiftRegMem_reg[0][10]__0/C is not reached by a timing clock
Related violations: <none>

TIMING-17#406 Critical Warning
Non-clocked sequential cell  
The clock pin conv_2d_cl_array_ap_fixed_1u_array_ap_fixed_22_12_4_0_0_6u_config2_U0/grp_compute_output_buffer_2d_array_array_ap_fixed_22_12_4_0_0_6u_config2_s_fu_118/call_ln281_shift_line_buffer_array_ap_fixed_22_12_4_0_0_1u_config2_s_fu_131/void_conv_2d_buffer_resource_cl_stream_stream_weight_t_bias_t_line_buffer_U/lenet_mnist_cap64_hls_shift_line_buffer_array_ap_fixed_22_12_4_0_0_1u_config2_s_void_conv_2d_bufferbkb_core_U/ShiftRegMem_reg[0][11]__0/C is not reached by a timing clock
Related violations: <none>

TIMING-17#407 Critical Warning
Non-clocked sequential cell  
The clock pin conv_2d_cl_array_ap_fixed_1u_array_ap_fixed_22_12_4_0_0_6u_config2_U0/grp_compute_output_buffer_2d_array_array_ap_fixed_22_12_4_0_0_6u_config2_s_fu_118/call_ln281_shift_line_buffer_array_ap_fixed_22_12_4_0_0_1u_config2_s_fu_131/void_conv_2d_buffer_resource_cl_stream_stream_weight_t_bias_t_line_buffer_U/lenet_mnist_cap64_hls_shift_line_buffer_array_ap_fixed_22_12_4_0_0_1u_config2_s_void_conv_2d_bufferbkb_core_U/ShiftRegMem_reg[0][12]__0/C is not reached by a timing clock
Related violations: <none>

TIMING-17#408 Critical Warning
Non-clocked sequential cell  
The clock pin conv_2d_cl_array_ap_fixed_1u_array_ap_fixed_22_12_4_0_0_6u_config2_U0/grp_compute_output_buffer_2d_array_array_ap_fixed_22_12_4_0_0_6u_config2_s_fu_118/call_ln281_shift_line_buffer_array_ap_fixed_22_12_4_0_0_1u_config2_s_fu_131/void_conv_2d_buffer_resource_cl_stream_stream_weight_t_bias_t_line_buffer_U/lenet_mnist_cap64_hls_shift_line_buffer_array_ap_fixed_22_12_4_0_0_1u_config2_s_void_conv_2d_bufferbkb_core_U/ShiftRegMem_reg[0][13]__0/C is not reached by a timing clock
Related violations: <none>

TIMING-17#409 Critical Warning
Non-clocked sequential cell  
The clock pin conv_2d_cl_array_ap_fixed_1u_array_ap_fixed_22_12_4_0_0_6u_config2_U0/grp_compute_output_buffer_2d_array_array_ap_fixed_22_12_4_0_0_6u_config2_s_fu_118/call_ln281_shift_line_buffer_array_ap_fixed_22_12_4_0_0_1u_config2_s_fu_131/void_conv_2d_buffer_resource_cl_stream_stream_weight_t_bias_t_line_buffer_U/lenet_mnist_cap64_hls_shift_line_buffer_array_ap_fixed_22_12_4_0_0_1u_config2_s_void_conv_2d_bufferbkb_core_U/ShiftRegMem_reg[0][14]__0/C is not reached by a timing clock
Related violations: <none>

TIMING-17#410 Critical Warning
Non-clocked sequential cell  
The clock pin conv_2d_cl_array_ap_fixed_1u_array_ap_fixed_22_12_4_0_0_6u_config2_U0/grp_compute_output_buffer_2d_array_array_ap_fixed_22_12_4_0_0_6u_config2_s_fu_118/call_ln281_shift_line_buffer_array_ap_fixed_22_12_4_0_0_1u_config2_s_fu_131/void_conv_2d_buffer_resource_cl_stream_stream_weight_t_bias_t_line_buffer_U/lenet_mnist_cap64_hls_shift_line_buffer_array_ap_fixed_22_12_4_0_0_1u_config2_s_void_conv_2d_bufferbkb_core_U/ShiftRegMem_reg[0][15]__0/C is not reached by a timing clock
Related violations: <none>

TIMING-17#411 Critical Warning
Non-clocked sequential cell  
The clock pin conv_2d_cl_array_ap_fixed_1u_array_ap_fixed_22_12_4_0_0_6u_config2_U0/grp_compute_output_buffer_2d_array_array_ap_fixed_22_12_4_0_0_6u_config2_s_fu_118/call_ln281_shift_line_buffer_array_ap_fixed_22_12_4_0_0_1u_config2_s_fu_131/void_conv_2d_buffer_resource_cl_stream_stream_weight_t_bias_t_line_buffer_U/lenet_mnist_cap64_hls_shift_line_buffer_array_ap_fixed_22_12_4_0_0_1u_config2_s_void_conv_2d_bufferbkb_core_U/ShiftRegMem_reg[0][16]__0/C is not reached by a timing clock
Related violations: <none>

TIMING-17#412 Critical Warning
Non-clocked sequential cell  
The clock pin conv_2d_cl_array_ap_fixed_1u_array_ap_fixed_22_12_4_0_0_6u_config2_U0/grp_compute_output_buffer_2d_array_array_ap_fixed_22_12_4_0_0_6u_config2_s_fu_118/call_ln281_shift_line_buffer_array_ap_fixed_22_12_4_0_0_1u_config2_s_fu_131/void_conv_2d_buffer_resource_cl_stream_stream_weight_t_bias_t_line_buffer_U/lenet_mnist_cap64_hls_shift_line_buffer_array_ap_fixed_22_12_4_0_0_1u_config2_s_void_conv_2d_bufferbkb_core_U/ShiftRegMem_reg[0][17]__0/C is not reached by a timing clock
Related violations: <none>

TIMING-17#413 Critical Warning
Non-clocked sequential cell  
The clock pin conv_2d_cl_array_ap_fixed_1u_array_ap_fixed_22_12_4_0_0_6u_config2_U0/grp_compute_output_buffer_2d_array_array_ap_fixed_22_12_4_0_0_6u_config2_s_fu_118/call_ln281_shift_line_buffer_array_ap_fixed_22_12_4_0_0_1u_config2_s_fu_131/void_conv_2d_buffer_resource_cl_stream_stream_weight_t_bias_t_line_buffer_U/lenet_mnist_cap64_hls_shift_line_buffer_array_ap_fixed_22_12_4_0_0_1u_config2_s_void_conv_2d_bufferbkb_core_U/ShiftRegMem_reg[0][18]__0/C is not reached by a timing clock
Related violations: <none>

TIMING-17#414 Critical Warning
Non-clocked sequential cell  
The clock pin conv_2d_cl_array_ap_fixed_1u_array_ap_fixed_22_12_4_0_0_6u_config2_U0/grp_compute_output_buffer_2d_array_array_ap_fixed_22_12_4_0_0_6u_config2_s_fu_118/call_ln281_shift_line_buffer_array_ap_fixed_22_12_4_0_0_1u_config2_s_fu_131/void_conv_2d_buffer_resource_cl_stream_stream_weight_t_bias_t_line_buffer_U/lenet_mnist_cap64_hls_shift_line_buffer_array_ap_fixed_22_12_4_0_0_1u_config2_s_void_conv_2d_bufferbkb_core_U/ShiftRegMem_reg[0][19]__0/C is not reached by a timing clock
Related violations: <none>

TIMING-17#415 Critical Warning
Non-clocked sequential cell  
The clock pin conv_2d_cl_array_ap_fixed_1u_array_ap_fixed_22_12_4_0_0_6u_config2_U0/grp_compute_output_buffer_2d_array_array_ap_fixed_22_12_4_0_0_6u_config2_s_fu_118/call_ln281_shift_line_buffer_array_ap_fixed_22_12_4_0_0_1u_config2_s_fu_131/void_conv_2d_buffer_resource_cl_stream_stream_weight_t_bias_t_line_buffer_U/lenet_mnist_cap64_hls_shift_line_buffer_array_ap_fixed_22_12_4_0_0_1u_config2_s_void_conv_2d_bufferbkb_core_U/ShiftRegMem_reg[0][1]__0/C is not reached by a timing clock
Related violations: <none>

TIMING-17#416 Critical Warning
Non-clocked sequential cell  
The clock pin conv_2d_cl_array_ap_fixed_1u_array_ap_fixed_22_12_4_0_0_6u_config2_U0/grp_compute_output_buffer_2d_array_array_ap_fixed_22_12_4_0_0_6u_config2_s_fu_118/call_ln281_shift_line_buffer_array_ap_fixed_22_12_4_0_0_1u_config2_s_fu_131/void_conv_2d_buffer_resource_cl_stream_stream_weight_t_bias_t_line_buffer_U/lenet_mnist_cap64_hls_shift_line_buffer_array_ap_fixed_22_12_4_0_0_1u_config2_s_void_conv_2d_bufferbkb_core_U/ShiftRegMem_reg[0][20]__0/C is not reached by a timing clock
Related violations: <none>

TIMING-17#417 Critical Warning
Non-clocked sequential cell  
The clock pin conv_2d_cl_array_ap_fixed_1u_array_ap_fixed_22_12_4_0_0_6u_config2_U0/grp_compute_output_buffer_2d_array_array_ap_fixed_22_12_4_0_0_6u_config2_s_fu_118/call_ln281_shift_line_buffer_array_ap_fixed_22_12_4_0_0_1u_config2_s_fu_131/void_conv_2d_buffer_resource_cl_stream_stream_weight_t_bias_t_line_buffer_U/lenet_mnist_cap64_hls_shift_line_buffer_array_ap_fixed_22_12_4_0_0_1u_config2_s_void_conv_2d_bufferbkb_core_U/ShiftRegMem_reg[0][21]__0/C is not reached by a timing clock
Related violations: <none>

TIMING-17#418 Critical Warning
Non-clocked sequential cell  
The clock pin conv_2d_cl_array_ap_fixed_1u_array_ap_fixed_22_12_4_0_0_6u_config2_U0/grp_compute_output_buffer_2d_array_array_ap_fixed_22_12_4_0_0_6u_config2_s_fu_118/call_ln281_shift_line_buffer_array_ap_fixed_22_12_4_0_0_1u_config2_s_fu_131/void_conv_2d_buffer_resource_cl_stream_stream_weight_t_bias_t_line_buffer_U/lenet_mnist_cap64_hls_shift_line_buffer_array_ap_fixed_22_12_4_0_0_1u_config2_s_void_conv_2d_bufferbkb_core_U/ShiftRegMem_reg[0][2]__0/C is not reached by a timing clock
Related violations: <none>

TIMING-17#419 Critical Warning
Non-clocked sequential cell  
The clock pin conv_2d_cl_array_ap_fixed_1u_array_ap_fixed_22_12_4_0_0_6u_config2_U0/grp_compute_output_buffer_2d_array_array_ap_fixed_22_12_4_0_0_6u_config2_s_fu_118/call_ln281_shift_line_buffer_array_ap_fixed_22_12_4_0_0_1u_config2_s_fu_131/void_conv_2d_buffer_resource_cl_stream_stream_weight_t_bias_t_line_buffer_U/lenet_mnist_cap64_hls_shift_line_buffer_array_ap_fixed_22_12_4_0_0_1u_config2_s_void_conv_2d_bufferbkb_core_U/ShiftRegMem_reg[0][3]__0/C is not reached by a timing clock
Related violations: <none>

TIMING-17#420 Critical Warning
Non-clocked sequential cell  
The clock pin conv_2d_cl_array_ap_fixed_1u_array_ap_fixed_22_12_4_0_0_6u_config2_U0/grp_compute_output_buffer_2d_array_array_ap_fixed_22_12_4_0_0_6u_config2_s_fu_118/call_ln281_shift_line_buffer_array_ap_fixed_22_12_4_0_0_1u_config2_s_fu_131/void_conv_2d_buffer_resource_cl_stream_stream_weight_t_bias_t_line_buffer_U/lenet_mnist_cap64_hls_shift_line_buffer_array_ap_fixed_22_12_4_0_0_1u_config2_s_void_conv_2d_bufferbkb_core_U/ShiftRegMem_reg[0][4]__0/C is not reached by a timing clock
Related violations: <none>

TIMING-17#421 Critical Warning
Non-clocked sequential cell  
The clock pin conv_2d_cl_array_ap_fixed_1u_array_ap_fixed_22_12_4_0_0_6u_config2_U0/grp_compute_output_buffer_2d_array_array_ap_fixed_22_12_4_0_0_6u_config2_s_fu_118/call_ln281_shift_line_buffer_array_ap_fixed_22_12_4_0_0_1u_config2_s_fu_131/void_conv_2d_buffer_resource_cl_stream_stream_weight_t_bias_t_line_buffer_U/lenet_mnist_cap64_hls_shift_line_buffer_array_ap_fixed_22_12_4_0_0_1u_config2_s_void_conv_2d_bufferbkb_core_U/ShiftRegMem_reg[0][5]__0/C is not reached by a timing clock
Related violations: <none>

TIMING-17#422 Critical Warning
Non-clocked sequential cell  
The clock pin conv_2d_cl_array_ap_fixed_1u_array_ap_fixed_22_12_4_0_0_6u_config2_U0/grp_compute_output_buffer_2d_array_array_ap_fixed_22_12_4_0_0_6u_config2_s_fu_118/call_ln281_shift_line_buffer_array_ap_fixed_22_12_4_0_0_1u_config2_s_fu_131/void_conv_2d_buffer_resource_cl_stream_stream_weight_t_bias_t_line_buffer_U/lenet_mnist_cap64_hls_shift_line_buffer_array_ap_fixed_22_12_4_0_0_1u_config2_s_void_conv_2d_bufferbkb_core_U/ShiftRegMem_reg[0][6]__0/C is not reached by a timing clock
Related violations: <none>

TIMING-17#423 Critical Warning
Non-clocked sequential cell  
The clock pin conv_2d_cl_array_ap_fixed_1u_array_ap_fixed_22_12_4_0_0_6u_config2_U0/grp_compute_output_buffer_2d_array_array_ap_fixed_22_12_4_0_0_6u_config2_s_fu_118/call_ln281_shift_line_buffer_array_ap_fixed_22_12_4_0_0_1u_config2_s_fu_131/void_conv_2d_buffer_resource_cl_stream_stream_weight_t_bias_t_line_buffer_U/lenet_mnist_cap64_hls_shift_line_buffer_array_ap_fixed_22_12_4_0_0_1u_config2_s_void_conv_2d_bufferbkb_core_U/ShiftRegMem_reg[0][7]__0/C is not reached by a timing clock
Related violations: <none>

TIMING-17#424 Critical Warning
Non-clocked sequential cell  
The clock pin conv_2d_cl_array_ap_fixed_1u_array_ap_fixed_22_12_4_0_0_6u_config2_U0/grp_compute_output_buffer_2d_array_array_ap_fixed_22_12_4_0_0_6u_config2_s_fu_118/call_ln281_shift_line_buffer_array_ap_fixed_22_12_4_0_0_1u_config2_s_fu_131/void_conv_2d_buffer_resource_cl_stream_stream_weight_t_bias_t_line_buffer_U/lenet_mnist_cap64_hls_shift_line_buffer_array_ap_fixed_22_12_4_0_0_1u_config2_s_void_conv_2d_bufferbkb_core_U/ShiftRegMem_reg[0][8]__0/C is not reached by a timing clock
Related violations: <none>

TIMING-17#425 Critical Warning
Non-clocked sequential cell  
The clock pin conv_2d_cl_array_ap_fixed_1u_array_ap_fixed_22_12_4_0_0_6u_config2_U0/grp_compute_output_buffer_2d_array_array_ap_fixed_22_12_4_0_0_6u_config2_s_fu_118/call_ln281_shift_line_buffer_array_ap_fixed_22_12_4_0_0_1u_config2_s_fu_131/void_conv_2d_buffer_resource_cl_stream_stream_weight_t_bias_t_line_buffer_U/lenet_mnist_cap64_hls_shift_line_buffer_array_ap_fixed_22_12_4_0_0_1u_config2_s_void_conv_2d_bufferbkb_core_U/ShiftRegMem_reg[0][9]__0/C is not reached by a timing clock
Related violations: <none>

TIMING-17#426 Critical Warning
Non-clocked sequential cell  
The clock pin conv_2d_cl_array_ap_fixed_1u_array_ap_fixed_22_12_4_0_0_6u_config2_U0/grp_compute_output_buffer_2d_array_array_ap_fixed_22_12_4_0_0_6u_config2_s_fu_118/call_ln281_shift_line_buffer_array_ap_fixed_22_12_4_0_0_1u_config2_s_fu_131/void_conv_2d_buffer_resource_cl_stream_stream_weight_t_bias_t_line_buffer_U/lenet_mnist_cap64_hls_shift_line_buffer_array_ap_fixed_22_12_4_0_0_1u_config2_s_void_conv_2d_bufferbkb_core_U/ShiftRegMem_reg[1][0]/C is not reached by a timing clock
Related violations: <none>

TIMING-17#427 Critical Warning
Non-clocked sequential cell  
The clock pin conv_2d_cl_array_ap_fixed_1u_array_ap_fixed_22_12_4_0_0_6u_config2_U0/grp_compute_output_buffer_2d_array_array_ap_fixed_22_12_4_0_0_6u_config2_s_fu_118/call_ln281_shift_line_buffer_array_ap_fixed_22_12_4_0_0_1u_config2_s_fu_131/void_conv_2d_buffer_resource_cl_stream_stream_weight_t_bias_t_line_buffer_U/lenet_mnist_cap64_hls_shift_line_buffer_array_ap_fixed_22_12_4_0_0_1u_config2_s_void_conv_2d_bufferbkb_core_U/ShiftRegMem_reg[1][10]/C is not reached by a timing clock
Related violations: <none>

TIMING-17#428 Critical Warning
Non-clocked sequential cell  
The clock pin conv_2d_cl_array_ap_fixed_1u_array_ap_fixed_22_12_4_0_0_6u_config2_U0/grp_compute_output_buffer_2d_array_array_ap_fixed_22_12_4_0_0_6u_config2_s_fu_118/call_ln281_shift_line_buffer_array_ap_fixed_22_12_4_0_0_1u_config2_s_fu_131/void_conv_2d_buffer_resource_cl_stream_stream_weight_t_bias_t_line_buffer_U/lenet_mnist_cap64_hls_shift_line_buffer_array_ap_fixed_22_12_4_0_0_1u_config2_s_void_conv_2d_bufferbkb_core_U/ShiftRegMem_reg[1][11]/C is not reached by a timing clock
Related violations: <none>

TIMING-17#429 Critical Warning
Non-clocked sequential cell  
The clock pin conv_2d_cl_array_ap_fixed_1u_array_ap_fixed_22_12_4_0_0_6u_config2_U0/grp_compute_output_buffer_2d_array_array_ap_fixed_22_12_4_0_0_6u_config2_s_fu_118/call_ln281_shift_line_buffer_array_ap_fixed_22_12_4_0_0_1u_config2_s_fu_131/void_conv_2d_buffer_resource_cl_stream_stream_weight_t_bias_t_line_buffer_U/lenet_mnist_cap64_hls_shift_line_buffer_array_ap_fixed_22_12_4_0_0_1u_config2_s_void_conv_2d_bufferbkb_core_U/ShiftRegMem_reg[1][12]/C is not reached by a timing clock
Related violations: <none>

TIMING-17#430 Critical Warning
Non-clocked sequential cell  
The clock pin conv_2d_cl_array_ap_fixed_1u_array_ap_fixed_22_12_4_0_0_6u_config2_U0/grp_compute_output_buffer_2d_array_array_ap_fixed_22_12_4_0_0_6u_config2_s_fu_118/call_ln281_shift_line_buffer_array_ap_fixed_22_12_4_0_0_1u_config2_s_fu_131/void_conv_2d_buffer_resource_cl_stream_stream_weight_t_bias_t_line_buffer_U/lenet_mnist_cap64_hls_shift_line_buffer_array_ap_fixed_22_12_4_0_0_1u_config2_s_void_conv_2d_bufferbkb_core_U/ShiftRegMem_reg[1][13]/C is not reached by a timing clock
Related violations: <none>

TIMING-17#431 Critical Warning
Non-clocked sequential cell  
The clock pin conv_2d_cl_array_ap_fixed_1u_array_ap_fixed_22_12_4_0_0_6u_config2_U0/grp_compute_output_buffer_2d_array_array_ap_fixed_22_12_4_0_0_6u_config2_s_fu_118/call_ln281_shift_line_buffer_array_ap_fixed_22_12_4_0_0_1u_config2_s_fu_131/void_conv_2d_buffer_resource_cl_stream_stream_weight_t_bias_t_line_buffer_U/lenet_mnist_cap64_hls_shift_line_buffer_array_ap_fixed_22_12_4_0_0_1u_config2_s_void_conv_2d_bufferbkb_core_U/ShiftRegMem_reg[1][14]/C is not reached by a timing clock
Related violations: <none>

TIMING-17#432 Critical Warning
Non-clocked sequential cell  
The clock pin conv_2d_cl_array_ap_fixed_1u_array_ap_fixed_22_12_4_0_0_6u_config2_U0/grp_compute_output_buffer_2d_array_array_ap_fixed_22_12_4_0_0_6u_config2_s_fu_118/call_ln281_shift_line_buffer_array_ap_fixed_22_12_4_0_0_1u_config2_s_fu_131/void_conv_2d_buffer_resource_cl_stream_stream_weight_t_bias_t_line_buffer_U/lenet_mnist_cap64_hls_shift_line_buffer_array_ap_fixed_22_12_4_0_0_1u_config2_s_void_conv_2d_bufferbkb_core_U/ShiftRegMem_reg[1][15]/C is not reached by a timing clock
Related violations: <none>

TIMING-17#433 Critical Warning
Non-clocked sequential cell  
The clock pin conv_2d_cl_array_ap_fixed_1u_array_ap_fixed_22_12_4_0_0_6u_config2_U0/grp_compute_output_buffer_2d_array_array_ap_fixed_22_12_4_0_0_6u_config2_s_fu_118/call_ln281_shift_line_buffer_array_ap_fixed_22_12_4_0_0_1u_config2_s_fu_131/void_conv_2d_buffer_resource_cl_stream_stream_weight_t_bias_t_line_buffer_U/lenet_mnist_cap64_hls_shift_line_buffer_array_ap_fixed_22_12_4_0_0_1u_config2_s_void_conv_2d_bufferbkb_core_U/ShiftRegMem_reg[1][16]/C is not reached by a timing clock
Related violations: <none>

TIMING-17#434 Critical Warning
Non-clocked sequential cell  
The clock pin conv_2d_cl_array_ap_fixed_1u_array_ap_fixed_22_12_4_0_0_6u_config2_U0/grp_compute_output_buffer_2d_array_array_ap_fixed_22_12_4_0_0_6u_config2_s_fu_118/call_ln281_shift_line_buffer_array_ap_fixed_22_12_4_0_0_1u_config2_s_fu_131/void_conv_2d_buffer_resource_cl_stream_stream_weight_t_bias_t_line_buffer_U/lenet_mnist_cap64_hls_shift_line_buffer_array_ap_fixed_22_12_4_0_0_1u_config2_s_void_conv_2d_bufferbkb_core_U/ShiftRegMem_reg[1][17]/C is not reached by a timing clock
Related violations: <none>

TIMING-17#435 Critical Warning
Non-clocked sequential cell  
The clock pin conv_2d_cl_array_ap_fixed_1u_array_ap_fixed_22_12_4_0_0_6u_config2_U0/grp_compute_output_buffer_2d_array_array_ap_fixed_22_12_4_0_0_6u_config2_s_fu_118/call_ln281_shift_line_buffer_array_ap_fixed_22_12_4_0_0_1u_config2_s_fu_131/void_conv_2d_buffer_resource_cl_stream_stream_weight_t_bias_t_line_buffer_U/lenet_mnist_cap64_hls_shift_line_buffer_array_ap_fixed_22_12_4_0_0_1u_config2_s_void_conv_2d_bufferbkb_core_U/ShiftRegMem_reg[1][18]/C is not reached by a timing clock
Related violations: <none>

TIMING-17#436 Critical Warning
Non-clocked sequential cell  
The clock pin conv_2d_cl_array_ap_fixed_1u_array_ap_fixed_22_12_4_0_0_6u_config2_U0/grp_compute_output_buffer_2d_array_array_ap_fixed_22_12_4_0_0_6u_config2_s_fu_118/call_ln281_shift_line_buffer_array_ap_fixed_22_12_4_0_0_1u_config2_s_fu_131/void_conv_2d_buffer_resource_cl_stream_stream_weight_t_bias_t_line_buffer_U/lenet_mnist_cap64_hls_shift_line_buffer_array_ap_fixed_22_12_4_0_0_1u_config2_s_void_conv_2d_bufferbkb_core_U/ShiftRegMem_reg[1][19]/C is not reached by a timing clock
Related violations: <none>

TIMING-17#437 Critical Warning
Non-clocked sequential cell  
The clock pin conv_2d_cl_array_ap_fixed_1u_array_ap_fixed_22_12_4_0_0_6u_config2_U0/grp_compute_output_buffer_2d_array_array_ap_fixed_22_12_4_0_0_6u_config2_s_fu_118/call_ln281_shift_line_buffer_array_ap_fixed_22_12_4_0_0_1u_config2_s_fu_131/void_conv_2d_buffer_resource_cl_stream_stream_weight_t_bias_t_line_buffer_U/lenet_mnist_cap64_hls_shift_line_buffer_array_ap_fixed_22_12_4_0_0_1u_config2_s_void_conv_2d_bufferbkb_core_U/ShiftRegMem_reg[1][1]/C is not reached by a timing clock
Related violations: <none>

TIMING-17#438 Critical Warning
Non-clocked sequential cell  
The clock pin conv_2d_cl_array_ap_fixed_1u_array_ap_fixed_22_12_4_0_0_6u_config2_U0/grp_compute_output_buffer_2d_array_array_ap_fixed_22_12_4_0_0_6u_config2_s_fu_118/call_ln281_shift_line_buffer_array_ap_fixed_22_12_4_0_0_1u_config2_s_fu_131/void_conv_2d_buffer_resource_cl_stream_stream_weight_t_bias_t_line_buffer_U/lenet_mnist_cap64_hls_shift_line_buffer_array_ap_fixed_22_12_4_0_0_1u_config2_s_void_conv_2d_bufferbkb_core_U/ShiftRegMem_reg[1][20]/C is not reached by a timing clock
Related violations: <none>

TIMING-17#439 Critical Warning
Non-clocked sequential cell  
The clock pin conv_2d_cl_array_ap_fixed_1u_array_ap_fixed_22_12_4_0_0_6u_config2_U0/grp_compute_output_buffer_2d_array_array_ap_fixed_22_12_4_0_0_6u_config2_s_fu_118/call_ln281_shift_line_buffer_array_ap_fixed_22_12_4_0_0_1u_config2_s_fu_131/void_conv_2d_buffer_resource_cl_stream_stream_weight_t_bias_t_line_buffer_U/lenet_mnist_cap64_hls_shift_line_buffer_array_ap_fixed_22_12_4_0_0_1u_config2_s_void_conv_2d_bufferbkb_core_U/ShiftRegMem_reg[1][21]/C is not reached by a timing clock
Related violations: <none>

TIMING-17#440 Critical Warning
Non-clocked sequential cell  
The clock pin conv_2d_cl_array_ap_fixed_1u_array_ap_fixed_22_12_4_0_0_6u_config2_U0/grp_compute_output_buffer_2d_array_array_ap_fixed_22_12_4_0_0_6u_config2_s_fu_118/call_ln281_shift_line_buffer_array_ap_fixed_22_12_4_0_0_1u_config2_s_fu_131/void_conv_2d_buffer_resource_cl_stream_stream_weight_t_bias_t_line_buffer_U/lenet_mnist_cap64_hls_shift_line_buffer_array_ap_fixed_22_12_4_0_0_1u_config2_s_void_conv_2d_bufferbkb_core_U/ShiftRegMem_reg[1][2]/C is not reached by a timing clock
Related violations: <none>

TIMING-17#441 Critical Warning
Non-clocked sequential cell  
The clock pin conv_2d_cl_array_ap_fixed_1u_array_ap_fixed_22_12_4_0_0_6u_config2_U0/grp_compute_output_buffer_2d_array_array_ap_fixed_22_12_4_0_0_6u_config2_s_fu_118/call_ln281_shift_line_buffer_array_ap_fixed_22_12_4_0_0_1u_config2_s_fu_131/void_conv_2d_buffer_resource_cl_stream_stream_weight_t_bias_t_line_buffer_U/lenet_mnist_cap64_hls_shift_line_buffer_array_ap_fixed_22_12_4_0_0_1u_config2_s_void_conv_2d_bufferbkb_core_U/ShiftRegMem_reg[1][3]/C is not reached by a timing clock
Related violations: <none>

TIMING-17#442 Critical Warning
Non-clocked sequential cell  
The clock pin conv_2d_cl_array_ap_fixed_1u_array_ap_fixed_22_12_4_0_0_6u_config2_U0/grp_compute_output_buffer_2d_array_array_ap_fixed_22_12_4_0_0_6u_config2_s_fu_118/call_ln281_shift_line_buffer_array_ap_fixed_22_12_4_0_0_1u_config2_s_fu_131/void_conv_2d_buffer_resource_cl_stream_stream_weight_t_bias_t_line_buffer_U/lenet_mnist_cap64_hls_shift_line_buffer_array_ap_fixed_22_12_4_0_0_1u_config2_s_void_conv_2d_bufferbkb_core_U/ShiftRegMem_reg[1][4]/C is not reached by a timing clock
Related violations: <none>

TIMING-17#443 Critical Warning
Non-clocked sequential cell  
The clock pin conv_2d_cl_array_ap_fixed_1u_array_ap_fixed_22_12_4_0_0_6u_config2_U0/grp_compute_output_buffer_2d_array_array_ap_fixed_22_12_4_0_0_6u_config2_s_fu_118/call_ln281_shift_line_buffer_array_ap_fixed_22_12_4_0_0_1u_config2_s_fu_131/void_conv_2d_buffer_resource_cl_stream_stream_weight_t_bias_t_line_buffer_U/lenet_mnist_cap64_hls_shift_line_buffer_array_ap_fixed_22_12_4_0_0_1u_config2_s_void_conv_2d_bufferbkb_core_U/ShiftRegMem_reg[1][5]/C is not reached by a timing clock
Related violations: <none>

TIMING-17#444 Critical Warning
Non-clocked sequential cell  
The clock pin conv_2d_cl_array_ap_fixed_1u_array_ap_fixed_22_12_4_0_0_6u_config2_U0/grp_compute_output_buffer_2d_array_array_ap_fixed_22_12_4_0_0_6u_config2_s_fu_118/call_ln281_shift_line_buffer_array_ap_fixed_22_12_4_0_0_1u_config2_s_fu_131/void_conv_2d_buffer_resource_cl_stream_stream_weight_t_bias_t_line_buffer_U/lenet_mnist_cap64_hls_shift_line_buffer_array_ap_fixed_22_12_4_0_0_1u_config2_s_void_conv_2d_bufferbkb_core_U/ShiftRegMem_reg[1][6]/C is not reached by a timing clock
Related violations: <none>

TIMING-17#445 Critical Warning
Non-clocked sequential cell  
The clock pin conv_2d_cl_array_ap_fixed_1u_array_ap_fixed_22_12_4_0_0_6u_config2_U0/grp_compute_output_buffer_2d_array_array_ap_fixed_22_12_4_0_0_6u_config2_s_fu_118/call_ln281_shift_line_buffer_array_ap_fixed_22_12_4_0_0_1u_config2_s_fu_131/void_conv_2d_buffer_resource_cl_stream_stream_weight_t_bias_t_line_buffer_U/lenet_mnist_cap64_hls_shift_line_buffer_array_ap_fixed_22_12_4_0_0_1u_config2_s_void_conv_2d_bufferbkb_core_U/ShiftRegMem_reg[1][7]/C is not reached by a timing clock
Related violations: <none>

TIMING-17#446 Critical Warning
Non-clocked sequential cell  
The clock pin conv_2d_cl_array_ap_fixed_1u_array_ap_fixed_22_12_4_0_0_6u_config2_U0/grp_compute_output_buffer_2d_array_array_ap_fixed_22_12_4_0_0_6u_config2_s_fu_118/call_ln281_shift_line_buffer_array_ap_fixed_22_12_4_0_0_1u_config2_s_fu_131/void_conv_2d_buffer_resource_cl_stream_stream_weight_t_bias_t_line_buffer_U/lenet_mnist_cap64_hls_shift_line_buffer_array_ap_fixed_22_12_4_0_0_1u_config2_s_void_conv_2d_bufferbkb_core_U/ShiftRegMem_reg[1][8]/C is not reached by a timing clock
Related violations: <none>

TIMING-17#447 Critical Warning
Non-clocked sequential cell  
The clock pin conv_2d_cl_array_ap_fixed_1u_array_ap_fixed_22_12_4_0_0_6u_config2_U0/grp_compute_output_buffer_2d_array_array_ap_fixed_22_12_4_0_0_6u_config2_s_fu_118/call_ln281_shift_line_buffer_array_ap_fixed_22_12_4_0_0_1u_config2_s_fu_131/void_conv_2d_buffer_resource_cl_stream_stream_weight_t_bias_t_line_buffer_U/lenet_mnist_cap64_hls_shift_line_buffer_array_ap_fixed_22_12_4_0_0_1u_config2_s_void_conv_2d_bufferbkb_core_U/ShiftRegMem_reg[1][9]/C is not reached by a timing clock
Related violations: <none>

TIMING-17#448 Critical Warning
Non-clocked sequential cell  
The clock pin conv_2d_cl_array_ap_fixed_1u_array_ap_fixed_22_12_4_0_0_6u_config2_U0/grp_compute_output_buffer_2d_array_array_ap_fixed_22_12_4_0_0_6u_config2_s_fu_118/call_ln281_shift_line_buffer_array_ap_fixed_22_12_4_0_0_1u_config2_s_fu_131/void_conv_2d_buffer_resource_cl_stream_stream_weight_t_bias_t_line_buffer_U/lenet_mnist_cap64_hls_shift_line_buffer_array_ap_fixed_22_12_4_0_0_1u_config2_s_void_conv_2d_bufferbkb_core_U/ShiftRegMem_reg[27][0]_srl23/CLK is not reached by a timing clock
Related violations: <none>

TIMING-17#449 Critical Warning
Non-clocked sequential cell  
The clock pin conv_2d_cl_array_ap_fixed_1u_array_ap_fixed_22_12_4_0_0_6u_config2_U0/grp_compute_output_buffer_2d_array_array_ap_fixed_22_12_4_0_0_6u_config2_s_fu_118/call_ln281_shift_line_buffer_array_ap_fixed_22_12_4_0_0_1u_config2_s_fu_131/void_conv_2d_buffer_resource_cl_stream_stream_weight_t_bias_t_line_buffer_U/lenet_mnist_cap64_hls_shift_line_buffer_array_ap_fixed_22_12_4_0_0_1u_config2_s_void_conv_2d_bufferbkb_core_U/ShiftRegMem_reg[27][10]_srl23/CLK is not reached by a timing clock
Related violations: <none>

TIMING-17#450 Critical Warning
Non-clocked sequential cell  
The clock pin conv_2d_cl_array_ap_fixed_1u_array_ap_fixed_22_12_4_0_0_6u_config2_U0/grp_compute_output_buffer_2d_array_array_ap_fixed_22_12_4_0_0_6u_config2_s_fu_118/call_ln281_shift_line_buffer_array_ap_fixed_22_12_4_0_0_1u_config2_s_fu_131/void_conv_2d_buffer_resource_cl_stream_stream_weight_t_bias_t_line_buffer_U/lenet_mnist_cap64_hls_shift_line_buffer_array_ap_fixed_22_12_4_0_0_1u_config2_s_void_conv_2d_bufferbkb_core_U/ShiftRegMem_reg[27][11]_srl23/CLK is not reached by a timing clock
Related violations: <none>

TIMING-17#451 Critical Warning
Non-clocked sequential cell  
The clock pin conv_2d_cl_array_ap_fixed_1u_array_ap_fixed_22_12_4_0_0_6u_config2_U0/grp_compute_output_buffer_2d_array_array_ap_fixed_22_12_4_0_0_6u_config2_s_fu_118/call_ln281_shift_line_buffer_array_ap_fixed_22_12_4_0_0_1u_config2_s_fu_131/void_conv_2d_buffer_resource_cl_stream_stream_weight_t_bias_t_line_buffer_U/lenet_mnist_cap64_hls_shift_line_buffer_array_ap_fixed_22_12_4_0_0_1u_config2_s_void_conv_2d_bufferbkb_core_U/ShiftRegMem_reg[27][12]_srl23/CLK is not reached by a timing clock
Related violations: <none>

TIMING-17#452 Critical Warning
Non-clocked sequential cell  
The clock pin conv_2d_cl_array_ap_fixed_1u_array_ap_fixed_22_12_4_0_0_6u_config2_U0/grp_compute_output_buffer_2d_array_array_ap_fixed_22_12_4_0_0_6u_config2_s_fu_118/call_ln281_shift_line_buffer_array_ap_fixed_22_12_4_0_0_1u_config2_s_fu_131/void_conv_2d_buffer_resource_cl_stream_stream_weight_t_bias_t_line_buffer_U/lenet_mnist_cap64_hls_shift_line_buffer_array_ap_fixed_22_12_4_0_0_1u_config2_s_void_conv_2d_bufferbkb_core_U/ShiftRegMem_reg[27][13]_srl23/CLK is not reached by a timing clock
Related violations: <none>

TIMING-17#453 Critical Warning
Non-clocked sequential cell  
The clock pin conv_2d_cl_array_ap_fixed_1u_array_ap_fixed_22_12_4_0_0_6u_config2_U0/grp_compute_output_buffer_2d_array_array_ap_fixed_22_12_4_0_0_6u_config2_s_fu_118/call_ln281_shift_line_buffer_array_ap_fixed_22_12_4_0_0_1u_config2_s_fu_131/void_conv_2d_buffer_resource_cl_stream_stream_weight_t_bias_t_line_buffer_U/lenet_mnist_cap64_hls_shift_line_buffer_array_ap_fixed_22_12_4_0_0_1u_config2_s_void_conv_2d_bufferbkb_core_U/ShiftRegMem_reg[27][14]_srl23/CLK is not reached by a timing clock
Related violations: <none>

TIMING-17#454 Critical Warning
Non-clocked sequential cell  
The clock pin conv_2d_cl_array_ap_fixed_1u_array_ap_fixed_22_12_4_0_0_6u_config2_U0/grp_compute_output_buffer_2d_array_array_ap_fixed_22_12_4_0_0_6u_config2_s_fu_118/call_ln281_shift_line_buffer_array_ap_fixed_22_12_4_0_0_1u_config2_s_fu_131/void_conv_2d_buffer_resource_cl_stream_stream_weight_t_bias_t_line_buffer_U/lenet_mnist_cap64_hls_shift_line_buffer_array_ap_fixed_22_12_4_0_0_1u_config2_s_void_conv_2d_bufferbkb_core_U/ShiftRegMem_reg[27][15]_srl23/CLK is not reached by a timing clock
Related violations: <none>

TIMING-17#455 Critical Warning
Non-clocked sequential cell  
The clock pin conv_2d_cl_array_ap_fixed_1u_array_ap_fixed_22_12_4_0_0_6u_config2_U0/grp_compute_output_buffer_2d_array_array_ap_fixed_22_12_4_0_0_6u_config2_s_fu_118/call_ln281_shift_line_buffer_array_ap_fixed_22_12_4_0_0_1u_config2_s_fu_131/void_conv_2d_buffer_resource_cl_stream_stream_weight_t_bias_t_line_buffer_U/lenet_mnist_cap64_hls_shift_line_buffer_array_ap_fixed_22_12_4_0_0_1u_config2_s_void_conv_2d_bufferbkb_core_U/ShiftRegMem_reg[27][16]_srl23/CLK is not reached by a timing clock
Related violations: <none>

TIMING-17#456 Critical Warning
Non-clocked sequential cell  
The clock pin conv_2d_cl_array_ap_fixed_1u_array_ap_fixed_22_12_4_0_0_6u_config2_U0/grp_compute_output_buffer_2d_array_array_ap_fixed_22_12_4_0_0_6u_config2_s_fu_118/call_ln281_shift_line_buffer_array_ap_fixed_22_12_4_0_0_1u_config2_s_fu_131/void_conv_2d_buffer_resource_cl_stream_stream_weight_t_bias_t_line_buffer_U/lenet_mnist_cap64_hls_shift_line_buffer_array_ap_fixed_22_12_4_0_0_1u_config2_s_void_conv_2d_bufferbkb_core_U/ShiftRegMem_reg[27][17]_srl23/CLK is not reached by a timing clock
Related violations: <none>

TIMING-17#457 Critical Warning
Non-clocked sequential cell  
The clock pin conv_2d_cl_array_ap_fixed_1u_array_ap_fixed_22_12_4_0_0_6u_config2_U0/grp_compute_output_buffer_2d_array_array_ap_fixed_22_12_4_0_0_6u_config2_s_fu_118/call_ln281_shift_line_buffer_array_ap_fixed_22_12_4_0_0_1u_config2_s_fu_131/void_conv_2d_buffer_resource_cl_stream_stream_weight_t_bias_t_line_buffer_U/lenet_mnist_cap64_hls_shift_line_buffer_array_ap_fixed_22_12_4_0_0_1u_config2_s_void_conv_2d_bufferbkb_core_U/ShiftRegMem_reg[27][18]_srl23/CLK is not reached by a timing clock
Related violations: <none>

TIMING-17#458 Critical Warning
Non-clocked sequential cell  
The clock pin conv_2d_cl_array_ap_fixed_1u_array_ap_fixed_22_12_4_0_0_6u_config2_U0/grp_compute_output_buffer_2d_array_array_ap_fixed_22_12_4_0_0_6u_config2_s_fu_118/call_ln281_shift_line_buffer_array_ap_fixed_22_12_4_0_0_1u_config2_s_fu_131/void_conv_2d_buffer_resource_cl_stream_stream_weight_t_bias_t_line_buffer_U/lenet_mnist_cap64_hls_shift_line_buffer_array_ap_fixed_22_12_4_0_0_1u_config2_s_void_conv_2d_bufferbkb_core_U/ShiftRegMem_reg[27][19]_srl23/CLK is not reached by a timing clock
Related violations: <none>

TIMING-17#459 Critical Warning
Non-clocked sequential cell  
The clock pin conv_2d_cl_array_ap_fixed_1u_array_ap_fixed_22_12_4_0_0_6u_config2_U0/grp_compute_output_buffer_2d_array_array_ap_fixed_22_12_4_0_0_6u_config2_s_fu_118/call_ln281_shift_line_buffer_array_ap_fixed_22_12_4_0_0_1u_config2_s_fu_131/void_conv_2d_buffer_resource_cl_stream_stream_weight_t_bias_t_line_buffer_U/lenet_mnist_cap64_hls_shift_line_buffer_array_ap_fixed_22_12_4_0_0_1u_config2_s_void_conv_2d_bufferbkb_core_U/ShiftRegMem_reg[27][1]_srl23/CLK is not reached by a timing clock
Related violations: <none>

TIMING-17#460 Critical Warning
Non-clocked sequential cell  
The clock pin conv_2d_cl_array_ap_fixed_1u_array_ap_fixed_22_12_4_0_0_6u_config2_U0/grp_compute_output_buffer_2d_array_array_ap_fixed_22_12_4_0_0_6u_config2_s_fu_118/call_ln281_shift_line_buffer_array_ap_fixed_22_12_4_0_0_1u_config2_s_fu_131/void_conv_2d_buffer_resource_cl_stream_stream_weight_t_bias_t_line_buffer_U/lenet_mnist_cap64_hls_shift_line_buffer_array_ap_fixed_22_12_4_0_0_1u_config2_s_void_conv_2d_bufferbkb_core_U/ShiftRegMem_reg[27][20]_srl23/CLK is not reached by a timing clock
Related violations: <none>

TIMING-17#461 Critical Warning
Non-clocked sequential cell  
The clock pin conv_2d_cl_array_ap_fixed_1u_array_ap_fixed_22_12_4_0_0_6u_config2_U0/grp_compute_output_buffer_2d_array_array_ap_fixed_22_12_4_0_0_6u_config2_s_fu_118/call_ln281_shift_line_buffer_array_ap_fixed_22_12_4_0_0_1u_config2_s_fu_131/void_conv_2d_buffer_resource_cl_stream_stream_weight_t_bias_t_line_buffer_U/lenet_mnist_cap64_hls_shift_line_buffer_array_ap_fixed_22_12_4_0_0_1u_config2_s_void_conv_2d_bufferbkb_core_U/ShiftRegMem_reg[27][21]_srl23/CLK is not reached by a timing clock
Related violations: <none>

TIMING-17#462 Critical Warning
Non-clocked sequential cell  
The clock pin conv_2d_cl_array_ap_fixed_1u_array_ap_fixed_22_12_4_0_0_6u_config2_U0/grp_compute_output_buffer_2d_array_array_ap_fixed_22_12_4_0_0_6u_config2_s_fu_118/call_ln281_shift_line_buffer_array_ap_fixed_22_12_4_0_0_1u_config2_s_fu_131/void_conv_2d_buffer_resource_cl_stream_stream_weight_t_bias_t_line_buffer_U/lenet_mnist_cap64_hls_shift_line_buffer_array_ap_fixed_22_12_4_0_0_1u_config2_s_void_conv_2d_bufferbkb_core_U/ShiftRegMem_reg[27][2]_srl23/CLK is not reached by a timing clock
Related violations: <none>

TIMING-17#463 Critical Warning
Non-clocked sequential cell  
The clock pin conv_2d_cl_array_ap_fixed_1u_array_ap_fixed_22_12_4_0_0_6u_config2_U0/grp_compute_output_buffer_2d_array_array_ap_fixed_22_12_4_0_0_6u_config2_s_fu_118/call_ln281_shift_line_buffer_array_ap_fixed_22_12_4_0_0_1u_config2_s_fu_131/void_conv_2d_buffer_resource_cl_stream_stream_weight_t_bias_t_line_buffer_U/lenet_mnist_cap64_hls_shift_line_buffer_array_ap_fixed_22_12_4_0_0_1u_config2_s_void_conv_2d_bufferbkb_core_U/ShiftRegMem_reg[27][3]_srl23/CLK is not reached by a timing clock
Related violations: <none>

TIMING-17#464 Critical Warning
Non-clocked sequential cell  
The clock pin conv_2d_cl_array_ap_fixed_1u_array_ap_fixed_22_12_4_0_0_6u_config2_U0/grp_compute_output_buffer_2d_array_array_ap_fixed_22_12_4_0_0_6u_config2_s_fu_118/call_ln281_shift_line_buffer_array_ap_fixed_22_12_4_0_0_1u_config2_s_fu_131/void_conv_2d_buffer_resource_cl_stream_stream_weight_t_bias_t_line_buffer_U/lenet_mnist_cap64_hls_shift_line_buffer_array_ap_fixed_22_12_4_0_0_1u_config2_s_void_conv_2d_bufferbkb_core_U/ShiftRegMem_reg[27][4]_srl23/CLK is not reached by a timing clock
Related violations: <none>

TIMING-17#465 Critical Warning
Non-clocked sequential cell  
The clock pin conv_2d_cl_array_ap_fixed_1u_array_ap_fixed_22_12_4_0_0_6u_config2_U0/grp_compute_output_buffer_2d_array_array_ap_fixed_22_12_4_0_0_6u_config2_s_fu_118/call_ln281_shift_line_buffer_array_ap_fixed_22_12_4_0_0_1u_config2_s_fu_131/void_conv_2d_buffer_resource_cl_stream_stream_weight_t_bias_t_line_buffer_U/lenet_mnist_cap64_hls_shift_line_buffer_array_ap_fixed_22_12_4_0_0_1u_config2_s_void_conv_2d_bufferbkb_core_U/ShiftRegMem_reg[27][5]_srl23/CLK is not reached by a timing clock
Related violations: <none>

TIMING-17#466 Critical Warning
Non-clocked sequential cell  
The clock pin conv_2d_cl_array_ap_fixed_1u_array_ap_fixed_22_12_4_0_0_6u_config2_U0/grp_compute_output_buffer_2d_array_array_ap_fixed_22_12_4_0_0_6u_config2_s_fu_118/call_ln281_shift_line_buffer_array_ap_fixed_22_12_4_0_0_1u_config2_s_fu_131/void_conv_2d_buffer_resource_cl_stream_stream_weight_t_bias_t_line_buffer_U/lenet_mnist_cap64_hls_shift_line_buffer_array_ap_fixed_22_12_4_0_0_1u_config2_s_void_conv_2d_bufferbkb_core_U/ShiftRegMem_reg[27][6]_srl23/CLK is not reached by a timing clock
Related violations: <none>

TIMING-17#467 Critical Warning
Non-clocked sequential cell  
The clock pin conv_2d_cl_array_ap_fixed_1u_array_ap_fixed_22_12_4_0_0_6u_config2_U0/grp_compute_output_buffer_2d_array_array_ap_fixed_22_12_4_0_0_6u_config2_s_fu_118/call_ln281_shift_line_buffer_array_ap_fixed_22_12_4_0_0_1u_config2_s_fu_131/void_conv_2d_buffer_resource_cl_stream_stream_weight_t_bias_t_line_buffer_U/lenet_mnist_cap64_hls_shift_line_buffer_array_ap_fixed_22_12_4_0_0_1u_config2_s_void_conv_2d_bufferbkb_core_U/ShiftRegMem_reg[27][7]_srl23/CLK is not reached by a timing clock
Related violations: <none>

TIMING-17#468 Critical Warning
Non-clocked sequential cell  
The clock pin conv_2d_cl_array_ap_fixed_1u_array_ap_fixed_22_12_4_0_0_6u_config2_U0/grp_compute_output_buffer_2d_array_array_ap_fixed_22_12_4_0_0_6u_config2_s_fu_118/call_ln281_shift_line_buffer_array_ap_fixed_22_12_4_0_0_1u_config2_s_fu_131/void_conv_2d_buffer_resource_cl_stream_stream_weight_t_bias_t_line_buffer_U/lenet_mnist_cap64_hls_shift_line_buffer_array_ap_fixed_22_12_4_0_0_1u_config2_s_void_conv_2d_bufferbkb_core_U/ShiftRegMem_reg[27][8]_srl23/CLK is not reached by a timing clock
Related violations: <none>

TIMING-17#469 Critical Warning
Non-clocked sequential cell  
The clock pin conv_2d_cl_array_ap_fixed_1u_array_ap_fixed_22_12_4_0_0_6u_config2_U0/grp_compute_output_buffer_2d_array_array_ap_fixed_22_12_4_0_0_6u_config2_s_fu_118/call_ln281_shift_line_buffer_array_ap_fixed_22_12_4_0_0_1u_config2_s_fu_131/void_conv_2d_buffer_resource_cl_stream_stream_weight_t_bias_t_line_buffer_U/lenet_mnist_cap64_hls_shift_line_buffer_array_ap_fixed_22_12_4_0_0_1u_config2_s_void_conv_2d_bufferbkb_core_U/ShiftRegMem_reg[27][9]_srl23/CLK is not reached by a timing clock
Related violations: <none>

TIMING-17#470 Critical Warning
Non-clocked sequential cell  
The clock pin conv_2d_cl_array_ap_fixed_1u_array_ap_fixed_22_12_4_0_0_6u_config2_U0/grp_compute_output_buffer_2d_array_array_ap_fixed_22_12_4_0_0_6u_config2_s_fu_118/call_ln281_shift_line_buffer_array_ap_fixed_22_12_4_0_0_1u_config2_s_fu_131/void_conv_2d_buffer_resource_cl_stream_stream_weight_t_bias_t_line_buffer_U/lenet_mnist_cap64_hls_shift_line_buffer_array_ap_fixed_22_12_4_0_0_1u_config2_s_void_conv_2d_bufferbkb_core_U/ShiftRegMem_reg[2][0]/C is not reached by a timing clock
Related violations: <none>

TIMING-17#471 Critical Warning
Non-clocked sequential cell  
The clock pin conv_2d_cl_array_ap_fixed_1u_array_ap_fixed_22_12_4_0_0_6u_config2_U0/grp_compute_output_buffer_2d_array_array_ap_fixed_22_12_4_0_0_6u_config2_s_fu_118/call_ln281_shift_line_buffer_array_ap_fixed_22_12_4_0_0_1u_config2_s_fu_131/void_conv_2d_buffer_resource_cl_stream_stream_weight_t_bias_t_line_buffer_U/lenet_mnist_cap64_hls_shift_line_buffer_array_ap_fixed_22_12_4_0_0_1u_config2_s_void_conv_2d_bufferbkb_core_U/ShiftRegMem_reg[2][10]/C is not reached by a timing clock
Related violations: <none>

TIMING-17#472 Critical Warning
Non-clocked sequential cell  
The clock pin conv_2d_cl_array_ap_fixed_1u_array_ap_fixed_22_12_4_0_0_6u_config2_U0/grp_compute_output_buffer_2d_array_array_ap_fixed_22_12_4_0_0_6u_config2_s_fu_118/call_ln281_shift_line_buffer_array_ap_fixed_22_12_4_0_0_1u_config2_s_fu_131/void_conv_2d_buffer_resource_cl_stream_stream_weight_t_bias_t_line_buffer_U/lenet_mnist_cap64_hls_shift_line_buffer_array_ap_fixed_22_12_4_0_0_1u_config2_s_void_conv_2d_bufferbkb_core_U/ShiftRegMem_reg[2][11]/C is not reached by a timing clock
Related violations: <none>

TIMING-17#473 Critical Warning
Non-clocked sequential cell  
The clock pin conv_2d_cl_array_ap_fixed_1u_array_ap_fixed_22_12_4_0_0_6u_config2_U0/grp_compute_output_buffer_2d_array_array_ap_fixed_22_12_4_0_0_6u_config2_s_fu_118/call_ln281_shift_line_buffer_array_ap_fixed_22_12_4_0_0_1u_config2_s_fu_131/void_conv_2d_buffer_resource_cl_stream_stream_weight_t_bias_t_line_buffer_U/lenet_mnist_cap64_hls_shift_line_buffer_array_ap_fixed_22_12_4_0_0_1u_config2_s_void_conv_2d_bufferbkb_core_U/ShiftRegMem_reg[2][12]/C is not reached by a timing clock
Related violations: <none>

TIMING-17#474 Critical Warning
Non-clocked sequential cell  
The clock pin conv_2d_cl_array_ap_fixed_1u_array_ap_fixed_22_12_4_0_0_6u_config2_U0/grp_compute_output_buffer_2d_array_array_ap_fixed_22_12_4_0_0_6u_config2_s_fu_118/call_ln281_shift_line_buffer_array_ap_fixed_22_12_4_0_0_1u_config2_s_fu_131/void_conv_2d_buffer_resource_cl_stream_stream_weight_t_bias_t_line_buffer_U/lenet_mnist_cap64_hls_shift_line_buffer_array_ap_fixed_22_12_4_0_0_1u_config2_s_void_conv_2d_bufferbkb_core_U/ShiftRegMem_reg[2][13]/C is not reached by a timing clock
Related violations: <none>

TIMING-17#475 Critical Warning
Non-clocked sequential cell  
The clock pin conv_2d_cl_array_ap_fixed_1u_array_ap_fixed_22_12_4_0_0_6u_config2_U0/grp_compute_output_buffer_2d_array_array_ap_fixed_22_12_4_0_0_6u_config2_s_fu_118/call_ln281_shift_line_buffer_array_ap_fixed_22_12_4_0_0_1u_config2_s_fu_131/void_conv_2d_buffer_resource_cl_stream_stream_weight_t_bias_t_line_buffer_U/lenet_mnist_cap64_hls_shift_line_buffer_array_ap_fixed_22_12_4_0_0_1u_config2_s_void_conv_2d_bufferbkb_core_U/ShiftRegMem_reg[2][14]/C is not reached by a timing clock
Related violations: <none>

TIMING-17#476 Critical Warning
Non-clocked sequential cell  
The clock pin conv_2d_cl_array_ap_fixed_1u_array_ap_fixed_22_12_4_0_0_6u_config2_U0/grp_compute_output_buffer_2d_array_array_ap_fixed_22_12_4_0_0_6u_config2_s_fu_118/call_ln281_shift_line_buffer_array_ap_fixed_22_12_4_0_0_1u_config2_s_fu_131/void_conv_2d_buffer_resource_cl_stream_stream_weight_t_bias_t_line_buffer_U/lenet_mnist_cap64_hls_shift_line_buffer_array_ap_fixed_22_12_4_0_0_1u_config2_s_void_conv_2d_bufferbkb_core_U/ShiftRegMem_reg[2][15]/C is not reached by a timing clock
Related violations: <none>

TIMING-17#477 Critical Warning
Non-clocked sequential cell  
The clock pin conv_2d_cl_array_ap_fixed_1u_array_ap_fixed_22_12_4_0_0_6u_config2_U0/grp_compute_output_buffer_2d_array_array_ap_fixed_22_12_4_0_0_6u_config2_s_fu_118/call_ln281_shift_line_buffer_array_ap_fixed_22_12_4_0_0_1u_config2_s_fu_131/void_conv_2d_buffer_resource_cl_stream_stream_weight_t_bias_t_line_buffer_U/lenet_mnist_cap64_hls_shift_line_buffer_array_ap_fixed_22_12_4_0_0_1u_config2_s_void_conv_2d_bufferbkb_core_U/ShiftRegMem_reg[2][16]/C is not reached by a timing clock
Related violations: <none>

TIMING-17#478 Critical Warning
Non-clocked sequential cell  
The clock pin conv_2d_cl_array_ap_fixed_1u_array_ap_fixed_22_12_4_0_0_6u_config2_U0/grp_compute_output_buffer_2d_array_array_ap_fixed_22_12_4_0_0_6u_config2_s_fu_118/call_ln281_shift_line_buffer_array_ap_fixed_22_12_4_0_0_1u_config2_s_fu_131/void_conv_2d_buffer_resource_cl_stream_stream_weight_t_bias_t_line_buffer_U/lenet_mnist_cap64_hls_shift_line_buffer_array_ap_fixed_22_12_4_0_0_1u_config2_s_void_conv_2d_bufferbkb_core_U/ShiftRegMem_reg[2][17]/C is not reached by a timing clock
Related violations: <none>

TIMING-17#479 Critical Warning
Non-clocked sequential cell  
The clock pin conv_2d_cl_array_ap_fixed_1u_array_ap_fixed_22_12_4_0_0_6u_config2_U0/grp_compute_output_buffer_2d_array_array_ap_fixed_22_12_4_0_0_6u_config2_s_fu_118/call_ln281_shift_line_buffer_array_ap_fixed_22_12_4_0_0_1u_config2_s_fu_131/void_conv_2d_buffer_resource_cl_stream_stream_weight_t_bias_t_line_buffer_U/lenet_mnist_cap64_hls_shift_line_buffer_array_ap_fixed_22_12_4_0_0_1u_config2_s_void_conv_2d_bufferbkb_core_U/ShiftRegMem_reg[2][18]/C is not reached by a timing clock
Related violations: <none>

TIMING-17#480 Critical Warning
Non-clocked sequential cell  
The clock pin conv_2d_cl_array_ap_fixed_1u_array_ap_fixed_22_12_4_0_0_6u_config2_U0/grp_compute_output_buffer_2d_array_array_ap_fixed_22_12_4_0_0_6u_config2_s_fu_118/call_ln281_shift_line_buffer_array_ap_fixed_22_12_4_0_0_1u_config2_s_fu_131/void_conv_2d_buffer_resource_cl_stream_stream_weight_t_bias_t_line_buffer_U/lenet_mnist_cap64_hls_shift_line_buffer_array_ap_fixed_22_12_4_0_0_1u_config2_s_void_conv_2d_bufferbkb_core_U/ShiftRegMem_reg[2][19]/C is not reached by a timing clock
Related violations: <none>

TIMING-17#481 Critical Warning
Non-clocked sequential cell  
The clock pin conv_2d_cl_array_ap_fixed_1u_array_ap_fixed_22_12_4_0_0_6u_config2_U0/grp_compute_output_buffer_2d_array_array_ap_fixed_22_12_4_0_0_6u_config2_s_fu_118/call_ln281_shift_line_buffer_array_ap_fixed_22_12_4_0_0_1u_config2_s_fu_131/void_conv_2d_buffer_resource_cl_stream_stream_weight_t_bias_t_line_buffer_U/lenet_mnist_cap64_hls_shift_line_buffer_array_ap_fixed_22_12_4_0_0_1u_config2_s_void_conv_2d_bufferbkb_core_U/ShiftRegMem_reg[2][1]/C is not reached by a timing clock
Related violations: <none>

TIMING-17#482 Critical Warning
Non-clocked sequential cell  
The clock pin conv_2d_cl_array_ap_fixed_1u_array_ap_fixed_22_12_4_0_0_6u_config2_U0/grp_compute_output_buffer_2d_array_array_ap_fixed_22_12_4_0_0_6u_config2_s_fu_118/call_ln281_shift_line_buffer_array_ap_fixed_22_12_4_0_0_1u_config2_s_fu_131/void_conv_2d_buffer_resource_cl_stream_stream_weight_t_bias_t_line_buffer_U/lenet_mnist_cap64_hls_shift_line_buffer_array_ap_fixed_22_12_4_0_0_1u_config2_s_void_conv_2d_bufferbkb_core_U/ShiftRegMem_reg[2][20]/C is not reached by a timing clock
Related violations: <none>

TIMING-17#483 Critical Warning
Non-clocked sequential cell  
The clock pin conv_2d_cl_array_ap_fixed_1u_array_ap_fixed_22_12_4_0_0_6u_config2_U0/grp_compute_output_buffer_2d_array_array_ap_fixed_22_12_4_0_0_6u_config2_s_fu_118/call_ln281_shift_line_buffer_array_ap_fixed_22_12_4_0_0_1u_config2_s_fu_131/void_conv_2d_buffer_resource_cl_stream_stream_weight_t_bias_t_line_buffer_U/lenet_mnist_cap64_hls_shift_line_buffer_array_ap_fixed_22_12_4_0_0_1u_config2_s_void_conv_2d_bufferbkb_core_U/ShiftRegMem_reg[2][21]/C is not reached by a timing clock
Related violations: <none>

TIMING-17#484 Critical Warning
Non-clocked sequential cell  
The clock pin conv_2d_cl_array_ap_fixed_1u_array_ap_fixed_22_12_4_0_0_6u_config2_U0/grp_compute_output_buffer_2d_array_array_ap_fixed_22_12_4_0_0_6u_config2_s_fu_118/call_ln281_shift_line_buffer_array_ap_fixed_22_12_4_0_0_1u_config2_s_fu_131/void_conv_2d_buffer_resource_cl_stream_stream_weight_t_bias_t_line_buffer_U/lenet_mnist_cap64_hls_shift_line_buffer_array_ap_fixed_22_12_4_0_0_1u_config2_s_void_conv_2d_bufferbkb_core_U/ShiftRegMem_reg[2][2]/C is not reached by a timing clock
Related violations: <none>

TIMING-17#485 Critical Warning
Non-clocked sequential cell  
The clock pin conv_2d_cl_array_ap_fixed_1u_array_ap_fixed_22_12_4_0_0_6u_config2_U0/grp_compute_output_buffer_2d_array_array_ap_fixed_22_12_4_0_0_6u_config2_s_fu_118/call_ln281_shift_line_buffer_array_ap_fixed_22_12_4_0_0_1u_config2_s_fu_131/void_conv_2d_buffer_resource_cl_stream_stream_weight_t_bias_t_line_buffer_U/lenet_mnist_cap64_hls_shift_line_buffer_array_ap_fixed_22_12_4_0_0_1u_config2_s_void_conv_2d_bufferbkb_core_U/ShiftRegMem_reg[2][3]/C is not reached by a timing clock
Related violations: <none>

TIMING-17#486 Critical Warning
Non-clocked sequential cell  
The clock pin conv_2d_cl_array_ap_fixed_1u_array_ap_fixed_22_12_4_0_0_6u_config2_U0/grp_compute_output_buffer_2d_array_array_ap_fixed_22_12_4_0_0_6u_config2_s_fu_118/call_ln281_shift_line_buffer_array_ap_fixed_22_12_4_0_0_1u_config2_s_fu_131/void_conv_2d_buffer_resource_cl_stream_stream_weight_t_bias_t_line_buffer_U/lenet_mnist_cap64_hls_shift_line_buffer_array_ap_fixed_22_12_4_0_0_1u_config2_s_void_conv_2d_bufferbkb_core_U/ShiftRegMem_reg[2][4]/C is not reached by a timing clock
Related violations: <none>

TIMING-17#487 Critical Warning
Non-clocked sequential cell  
The clock pin conv_2d_cl_array_ap_fixed_1u_array_ap_fixed_22_12_4_0_0_6u_config2_U0/grp_compute_output_buffer_2d_array_array_ap_fixed_22_12_4_0_0_6u_config2_s_fu_118/call_ln281_shift_line_buffer_array_ap_fixed_22_12_4_0_0_1u_config2_s_fu_131/void_conv_2d_buffer_resource_cl_stream_stream_weight_t_bias_t_line_buffer_U/lenet_mnist_cap64_hls_shift_line_buffer_array_ap_fixed_22_12_4_0_0_1u_config2_s_void_conv_2d_bufferbkb_core_U/ShiftRegMem_reg[2][5]/C is not reached by a timing clock
Related violations: <none>

TIMING-17#488 Critical Warning
Non-clocked sequential cell  
The clock pin conv_2d_cl_array_ap_fixed_1u_array_ap_fixed_22_12_4_0_0_6u_config2_U0/grp_compute_output_buffer_2d_array_array_ap_fixed_22_12_4_0_0_6u_config2_s_fu_118/call_ln281_shift_line_buffer_array_ap_fixed_22_12_4_0_0_1u_config2_s_fu_131/void_conv_2d_buffer_resource_cl_stream_stream_weight_t_bias_t_line_buffer_U/lenet_mnist_cap64_hls_shift_line_buffer_array_ap_fixed_22_12_4_0_0_1u_config2_s_void_conv_2d_bufferbkb_core_U/ShiftRegMem_reg[2][6]/C is not reached by a timing clock
Related violations: <none>

TIMING-17#489 Critical Warning
Non-clocked sequential cell  
The clock pin conv_2d_cl_array_ap_fixed_1u_array_ap_fixed_22_12_4_0_0_6u_config2_U0/grp_compute_output_buffer_2d_array_array_ap_fixed_22_12_4_0_0_6u_config2_s_fu_118/call_ln281_shift_line_buffer_array_ap_fixed_22_12_4_0_0_1u_config2_s_fu_131/void_conv_2d_buffer_resource_cl_stream_stream_weight_t_bias_t_line_buffer_U/lenet_mnist_cap64_hls_shift_line_buffer_array_ap_fixed_22_12_4_0_0_1u_config2_s_void_conv_2d_bufferbkb_core_U/ShiftRegMem_reg[2][7]/C is not reached by a timing clock
Related violations: <none>

TIMING-17#490 Critical Warning
Non-clocked sequential cell  
The clock pin conv_2d_cl_array_ap_fixed_1u_array_ap_fixed_22_12_4_0_0_6u_config2_U0/grp_compute_output_buffer_2d_array_array_ap_fixed_22_12_4_0_0_6u_config2_s_fu_118/call_ln281_shift_line_buffer_array_ap_fixed_22_12_4_0_0_1u_config2_s_fu_131/void_conv_2d_buffer_resource_cl_stream_stream_weight_t_bias_t_line_buffer_U/lenet_mnist_cap64_hls_shift_line_buffer_array_ap_fixed_22_12_4_0_0_1u_config2_s_void_conv_2d_bufferbkb_core_U/ShiftRegMem_reg[2][8]/C is not reached by a timing clock
Related violations: <none>

TIMING-17#491 Critical Warning
Non-clocked sequential cell  
The clock pin conv_2d_cl_array_ap_fixed_1u_array_ap_fixed_22_12_4_0_0_6u_config2_U0/grp_compute_output_buffer_2d_array_array_ap_fixed_22_12_4_0_0_6u_config2_s_fu_118/call_ln281_shift_line_buffer_array_ap_fixed_22_12_4_0_0_1u_config2_s_fu_131/void_conv_2d_buffer_resource_cl_stream_stream_weight_t_bias_t_line_buffer_U/lenet_mnist_cap64_hls_shift_line_buffer_array_ap_fixed_22_12_4_0_0_1u_config2_s_void_conv_2d_bufferbkb_core_U/ShiftRegMem_reg[2][9]/C is not reached by a timing clock
Related violations: <none>

TIMING-17#492 Critical Warning
Non-clocked sequential cell  
The clock pin conv_2d_cl_array_ap_fixed_1u_array_ap_fixed_22_12_4_0_0_6u_config2_U0/grp_compute_output_buffer_2d_array_array_ap_fixed_22_12_4_0_0_6u_config2_s_fu_118/call_ln281_shift_line_buffer_array_ap_fixed_22_12_4_0_0_1u_config2_s_fu_131/void_conv_2d_buffer_resource_cl_stream_stream_weight_t_bias_t_line_buffer_U/lenet_mnist_cap64_hls_shift_line_buffer_array_ap_fixed_22_12_4_0_0_1u_config2_s_void_conv_2d_bufferbkb_core_U/ShiftRegMem_reg[3][0]/C is not reached by a timing clock
Related violations: <none>

TIMING-17#493 Critical Warning
Non-clocked sequential cell  
The clock pin conv_2d_cl_array_ap_fixed_1u_array_ap_fixed_22_12_4_0_0_6u_config2_U0/grp_compute_output_buffer_2d_array_array_ap_fixed_22_12_4_0_0_6u_config2_s_fu_118/call_ln281_shift_line_buffer_array_ap_fixed_22_12_4_0_0_1u_config2_s_fu_131/void_conv_2d_buffer_resource_cl_stream_stream_weight_t_bias_t_line_buffer_U/lenet_mnist_cap64_hls_shift_line_buffer_array_ap_fixed_22_12_4_0_0_1u_config2_s_void_conv_2d_bufferbkb_core_U/ShiftRegMem_reg[3][10]/C is not reached by a timing clock
Related violations: <none>

TIMING-17#494 Critical Warning
Non-clocked sequential cell  
The clock pin conv_2d_cl_array_ap_fixed_1u_array_ap_fixed_22_12_4_0_0_6u_config2_U0/grp_compute_output_buffer_2d_array_array_ap_fixed_22_12_4_0_0_6u_config2_s_fu_118/call_ln281_shift_line_buffer_array_ap_fixed_22_12_4_0_0_1u_config2_s_fu_131/void_conv_2d_buffer_resource_cl_stream_stream_weight_t_bias_t_line_buffer_U/lenet_mnist_cap64_hls_shift_line_buffer_array_ap_fixed_22_12_4_0_0_1u_config2_s_void_conv_2d_bufferbkb_core_U/ShiftRegMem_reg[3][11]/C is not reached by a timing clock
Related violations: <none>

TIMING-17#495 Critical Warning
Non-clocked sequential cell  
The clock pin conv_2d_cl_array_ap_fixed_1u_array_ap_fixed_22_12_4_0_0_6u_config2_U0/grp_compute_output_buffer_2d_array_array_ap_fixed_22_12_4_0_0_6u_config2_s_fu_118/call_ln281_shift_line_buffer_array_ap_fixed_22_12_4_0_0_1u_config2_s_fu_131/void_conv_2d_buffer_resource_cl_stream_stream_weight_t_bias_t_line_buffer_U/lenet_mnist_cap64_hls_shift_line_buffer_array_ap_fixed_22_12_4_0_0_1u_config2_s_void_conv_2d_bufferbkb_core_U/ShiftRegMem_reg[3][12]/C is not reached by a timing clock
Related violations: <none>

TIMING-17#496 Critical Warning
Non-clocked sequential cell  
The clock pin conv_2d_cl_array_ap_fixed_1u_array_ap_fixed_22_12_4_0_0_6u_config2_U0/grp_compute_output_buffer_2d_array_array_ap_fixed_22_12_4_0_0_6u_config2_s_fu_118/call_ln281_shift_line_buffer_array_ap_fixed_22_12_4_0_0_1u_config2_s_fu_131/void_conv_2d_buffer_resource_cl_stream_stream_weight_t_bias_t_line_buffer_U/lenet_mnist_cap64_hls_shift_line_buffer_array_ap_fixed_22_12_4_0_0_1u_config2_s_void_conv_2d_bufferbkb_core_U/ShiftRegMem_reg[3][13]/C is not reached by a timing clock
Related violations: <none>

TIMING-17#497 Critical Warning
Non-clocked sequential cell  
The clock pin conv_2d_cl_array_ap_fixed_1u_array_ap_fixed_22_12_4_0_0_6u_config2_U0/grp_compute_output_buffer_2d_array_array_ap_fixed_22_12_4_0_0_6u_config2_s_fu_118/call_ln281_shift_line_buffer_array_ap_fixed_22_12_4_0_0_1u_config2_s_fu_131/void_conv_2d_buffer_resource_cl_stream_stream_weight_t_bias_t_line_buffer_U/lenet_mnist_cap64_hls_shift_line_buffer_array_ap_fixed_22_12_4_0_0_1u_config2_s_void_conv_2d_bufferbkb_core_U/ShiftRegMem_reg[3][14]/C is not reached by a timing clock
Related violations: <none>

TIMING-17#498 Critical Warning
Non-clocked sequential cell  
The clock pin conv_2d_cl_array_ap_fixed_1u_array_ap_fixed_22_12_4_0_0_6u_config2_U0/grp_compute_output_buffer_2d_array_array_ap_fixed_22_12_4_0_0_6u_config2_s_fu_118/call_ln281_shift_line_buffer_array_ap_fixed_22_12_4_0_0_1u_config2_s_fu_131/void_conv_2d_buffer_resource_cl_stream_stream_weight_t_bias_t_line_buffer_U/lenet_mnist_cap64_hls_shift_line_buffer_array_ap_fixed_22_12_4_0_0_1u_config2_s_void_conv_2d_bufferbkb_core_U/ShiftRegMem_reg[3][15]/C is not reached by a timing clock
Related violations: <none>

TIMING-17#499 Critical Warning
Non-clocked sequential cell  
The clock pin conv_2d_cl_array_ap_fixed_1u_array_ap_fixed_22_12_4_0_0_6u_config2_U0/grp_compute_output_buffer_2d_array_array_ap_fixed_22_12_4_0_0_6u_config2_s_fu_118/call_ln281_shift_line_buffer_array_ap_fixed_22_12_4_0_0_1u_config2_s_fu_131/void_conv_2d_buffer_resource_cl_stream_stream_weight_t_bias_t_line_buffer_U/lenet_mnist_cap64_hls_shift_line_buffer_array_ap_fixed_22_12_4_0_0_1u_config2_s_void_conv_2d_bufferbkb_core_U/ShiftRegMem_reg[3][16]/C is not reached by a timing clock
Related violations: <none>

TIMING-17#500 Critical Warning
Non-clocked sequential cell  
The clock pin conv_2d_cl_array_ap_fixed_1u_array_ap_fixed_22_12_4_0_0_6u_config2_U0/grp_compute_output_buffer_2d_array_array_ap_fixed_22_12_4_0_0_6u_config2_s_fu_118/call_ln281_shift_line_buffer_array_ap_fixed_22_12_4_0_0_1u_config2_s_fu_131/void_conv_2d_buffer_resource_cl_stream_stream_weight_t_bias_t_line_buffer_U/lenet_mnist_cap64_hls_shift_line_buffer_array_ap_fixed_22_12_4_0_0_1u_config2_s_void_conv_2d_bufferbkb_core_U/ShiftRegMem_reg[3][17]/C is not reached by a timing clock
Related violations: <none>

TIMING-17#501 Critical Warning
Non-clocked sequential cell  
The clock pin conv_2d_cl_array_ap_fixed_1u_array_ap_fixed_22_12_4_0_0_6u_config2_U0/grp_compute_output_buffer_2d_array_array_ap_fixed_22_12_4_0_0_6u_config2_s_fu_118/call_ln281_shift_line_buffer_array_ap_fixed_22_12_4_0_0_1u_config2_s_fu_131/void_conv_2d_buffer_resource_cl_stream_stream_weight_t_bias_t_line_buffer_U/lenet_mnist_cap64_hls_shift_line_buffer_array_ap_fixed_22_12_4_0_0_1u_config2_s_void_conv_2d_bufferbkb_core_U/ShiftRegMem_reg[3][18]/C is not reached by a timing clock
Related violations: <none>

TIMING-17#502 Critical Warning
Non-clocked sequential cell  
The clock pin conv_2d_cl_array_ap_fixed_1u_array_ap_fixed_22_12_4_0_0_6u_config2_U0/grp_compute_output_buffer_2d_array_array_ap_fixed_22_12_4_0_0_6u_config2_s_fu_118/call_ln281_shift_line_buffer_array_ap_fixed_22_12_4_0_0_1u_config2_s_fu_131/void_conv_2d_buffer_resource_cl_stream_stream_weight_t_bias_t_line_buffer_U/lenet_mnist_cap64_hls_shift_line_buffer_array_ap_fixed_22_12_4_0_0_1u_config2_s_void_conv_2d_bufferbkb_core_U/ShiftRegMem_reg[3][19]/C is not reached by a timing clock
Related violations: <none>

TIMING-17#503 Critical Warning
Non-clocked sequential cell  
The clock pin conv_2d_cl_array_ap_fixed_1u_array_ap_fixed_22_12_4_0_0_6u_config2_U0/grp_compute_output_buffer_2d_array_array_ap_fixed_22_12_4_0_0_6u_config2_s_fu_118/call_ln281_shift_line_buffer_array_ap_fixed_22_12_4_0_0_1u_config2_s_fu_131/void_conv_2d_buffer_resource_cl_stream_stream_weight_t_bias_t_line_buffer_U/lenet_mnist_cap64_hls_shift_line_buffer_array_ap_fixed_22_12_4_0_0_1u_config2_s_void_conv_2d_bufferbkb_core_U/ShiftRegMem_reg[3][1]/C is not reached by a timing clock
Related violations: <none>

TIMING-17#504 Critical Warning
Non-clocked sequential cell  
The clock pin conv_2d_cl_array_ap_fixed_1u_array_ap_fixed_22_12_4_0_0_6u_config2_U0/grp_compute_output_buffer_2d_array_array_ap_fixed_22_12_4_0_0_6u_config2_s_fu_118/call_ln281_shift_line_buffer_array_ap_fixed_22_12_4_0_0_1u_config2_s_fu_131/void_conv_2d_buffer_resource_cl_stream_stream_weight_t_bias_t_line_buffer_U/lenet_mnist_cap64_hls_shift_line_buffer_array_ap_fixed_22_12_4_0_0_1u_config2_s_void_conv_2d_bufferbkb_core_U/ShiftRegMem_reg[3][20]/C is not reached by a timing clock
Related violations: <none>

TIMING-17#505 Critical Warning
Non-clocked sequential cell  
The clock pin conv_2d_cl_array_ap_fixed_1u_array_ap_fixed_22_12_4_0_0_6u_config2_U0/grp_compute_output_buffer_2d_array_array_ap_fixed_22_12_4_0_0_6u_config2_s_fu_118/call_ln281_shift_line_buffer_array_ap_fixed_22_12_4_0_0_1u_config2_s_fu_131/void_conv_2d_buffer_resource_cl_stream_stream_weight_t_bias_t_line_buffer_U/lenet_mnist_cap64_hls_shift_line_buffer_array_ap_fixed_22_12_4_0_0_1u_config2_s_void_conv_2d_bufferbkb_core_U/ShiftRegMem_reg[3][21]/C is not reached by a timing clock
Related violations: <none>

TIMING-17#506 Critical Warning
Non-clocked sequential cell  
The clock pin conv_2d_cl_array_ap_fixed_1u_array_ap_fixed_22_12_4_0_0_6u_config2_U0/grp_compute_output_buffer_2d_array_array_ap_fixed_22_12_4_0_0_6u_config2_s_fu_118/call_ln281_shift_line_buffer_array_ap_fixed_22_12_4_0_0_1u_config2_s_fu_131/void_conv_2d_buffer_resource_cl_stream_stream_weight_t_bias_t_line_buffer_U/lenet_mnist_cap64_hls_shift_line_buffer_array_ap_fixed_22_12_4_0_0_1u_config2_s_void_conv_2d_bufferbkb_core_U/ShiftRegMem_reg[3][2]/C is not reached by a timing clock
Related violations: <none>

TIMING-17#507 Critical Warning
Non-clocked sequential cell  
The clock pin conv_2d_cl_array_ap_fixed_1u_array_ap_fixed_22_12_4_0_0_6u_config2_U0/grp_compute_output_buffer_2d_array_array_ap_fixed_22_12_4_0_0_6u_config2_s_fu_118/call_ln281_shift_line_buffer_array_ap_fixed_22_12_4_0_0_1u_config2_s_fu_131/void_conv_2d_buffer_resource_cl_stream_stream_weight_t_bias_t_line_buffer_U/lenet_mnist_cap64_hls_shift_line_buffer_array_ap_fixed_22_12_4_0_0_1u_config2_s_void_conv_2d_bufferbkb_core_U/ShiftRegMem_reg[3][3]/C is not reached by a timing clock
Related violations: <none>

TIMING-17#508 Critical Warning
Non-clocked sequential cell  
The clock pin conv_2d_cl_array_ap_fixed_1u_array_ap_fixed_22_12_4_0_0_6u_config2_U0/grp_compute_output_buffer_2d_array_array_ap_fixed_22_12_4_0_0_6u_config2_s_fu_118/call_ln281_shift_line_buffer_array_ap_fixed_22_12_4_0_0_1u_config2_s_fu_131/void_conv_2d_buffer_resource_cl_stream_stream_weight_t_bias_t_line_buffer_U/lenet_mnist_cap64_hls_shift_line_buffer_array_ap_fixed_22_12_4_0_0_1u_config2_s_void_conv_2d_bufferbkb_core_U/ShiftRegMem_reg[3][4]/C is not reached by a timing clock
Related violations: <none>

TIMING-17#509 Critical Warning
Non-clocked sequential cell  
The clock pin conv_2d_cl_array_ap_fixed_1u_array_ap_fixed_22_12_4_0_0_6u_config2_U0/grp_compute_output_buffer_2d_array_array_ap_fixed_22_12_4_0_0_6u_config2_s_fu_118/call_ln281_shift_line_buffer_array_ap_fixed_22_12_4_0_0_1u_config2_s_fu_131/void_conv_2d_buffer_resource_cl_stream_stream_weight_t_bias_t_line_buffer_U/lenet_mnist_cap64_hls_shift_line_buffer_array_ap_fixed_22_12_4_0_0_1u_config2_s_void_conv_2d_bufferbkb_core_U/ShiftRegMem_reg[3][5]/C is not reached by a timing clock
Related violations: <none>

TIMING-17#510 Critical Warning
Non-clocked sequential cell  
The clock pin conv_2d_cl_array_ap_fixed_1u_array_ap_fixed_22_12_4_0_0_6u_config2_U0/grp_compute_output_buffer_2d_array_array_ap_fixed_22_12_4_0_0_6u_config2_s_fu_118/call_ln281_shift_line_buffer_array_ap_fixed_22_12_4_0_0_1u_config2_s_fu_131/void_conv_2d_buffer_resource_cl_stream_stream_weight_t_bias_t_line_buffer_U/lenet_mnist_cap64_hls_shift_line_buffer_array_ap_fixed_22_12_4_0_0_1u_config2_s_void_conv_2d_bufferbkb_core_U/ShiftRegMem_reg[3][6]/C is not reached by a timing clock
Related violations: <none>

TIMING-17#511 Critical Warning
Non-clocked sequential cell  
The clock pin conv_2d_cl_array_ap_fixed_1u_array_ap_fixed_22_12_4_0_0_6u_config2_U0/grp_compute_output_buffer_2d_array_array_ap_fixed_22_12_4_0_0_6u_config2_s_fu_118/call_ln281_shift_line_buffer_array_ap_fixed_22_12_4_0_0_1u_config2_s_fu_131/void_conv_2d_buffer_resource_cl_stream_stream_weight_t_bias_t_line_buffer_U/lenet_mnist_cap64_hls_shift_line_buffer_array_ap_fixed_22_12_4_0_0_1u_config2_s_void_conv_2d_bufferbkb_core_U/ShiftRegMem_reg[3][7]/C is not reached by a timing clock
Related violations: <none>

TIMING-17#512 Critical Warning
Non-clocked sequential cell  
The clock pin conv_2d_cl_array_ap_fixed_1u_array_ap_fixed_22_12_4_0_0_6u_config2_U0/grp_compute_output_buffer_2d_array_array_ap_fixed_22_12_4_0_0_6u_config2_s_fu_118/call_ln281_shift_line_buffer_array_ap_fixed_22_12_4_0_0_1u_config2_s_fu_131/void_conv_2d_buffer_resource_cl_stream_stream_weight_t_bias_t_line_buffer_U/lenet_mnist_cap64_hls_shift_line_buffer_array_ap_fixed_22_12_4_0_0_1u_config2_s_void_conv_2d_bufferbkb_core_U/ShiftRegMem_reg[3][8]/C is not reached by a timing clock
Related violations: <none>

TIMING-17#513 Critical Warning
Non-clocked sequential cell  
The clock pin conv_2d_cl_array_ap_fixed_1u_array_ap_fixed_22_12_4_0_0_6u_config2_U0/grp_compute_output_buffer_2d_array_array_ap_fixed_22_12_4_0_0_6u_config2_s_fu_118/call_ln281_shift_line_buffer_array_ap_fixed_22_12_4_0_0_1u_config2_s_fu_131/void_conv_2d_buffer_resource_cl_stream_stream_weight_t_bias_t_line_buffer_U/lenet_mnist_cap64_hls_shift_line_buffer_array_ap_fixed_22_12_4_0_0_1u_config2_s_void_conv_2d_bufferbkb_core_U/ShiftRegMem_reg[3][9]/C is not reached by a timing clock
Related violations: <none>

TIMING-17#514 Critical Warning
Non-clocked sequential cell  
The clock pin conv_2d_cl_array_ap_fixed_1u_array_ap_fixed_22_12_4_0_0_6u_config2_U0/grp_compute_output_buffer_2d_array_array_ap_fixed_22_12_4_0_0_6u_config2_s_fu_118/call_ln281_shift_line_buffer_array_ap_fixed_22_12_4_0_0_1u_config2_s_fu_131/void_conv_2d_buffer_resource_cl_stream_stream_weight_t_bias_t_line_buffer_U/lenet_mnist_cap64_hls_shift_line_buffer_array_ap_fixed_22_12_4_0_0_1u_config2_s_void_conv_2d_bufferbkb_core_U/ShiftRegMem_reg[4][0]/C is not reached by a timing clock
Related violations: <none>

TIMING-17#515 Critical Warning
Non-clocked sequential cell  
The clock pin conv_2d_cl_array_ap_fixed_1u_array_ap_fixed_22_12_4_0_0_6u_config2_U0/grp_compute_output_buffer_2d_array_array_ap_fixed_22_12_4_0_0_6u_config2_s_fu_118/call_ln281_shift_line_buffer_array_ap_fixed_22_12_4_0_0_1u_config2_s_fu_131/void_conv_2d_buffer_resource_cl_stream_stream_weight_t_bias_t_line_buffer_U/lenet_mnist_cap64_hls_shift_line_buffer_array_ap_fixed_22_12_4_0_0_1u_config2_s_void_conv_2d_bufferbkb_core_U/ShiftRegMem_reg[4][10]/C is not reached by a timing clock
Related violations: <none>

TIMING-17#516 Critical Warning
Non-clocked sequential cell  
The clock pin conv_2d_cl_array_ap_fixed_1u_array_ap_fixed_22_12_4_0_0_6u_config2_U0/grp_compute_output_buffer_2d_array_array_ap_fixed_22_12_4_0_0_6u_config2_s_fu_118/call_ln281_shift_line_buffer_array_ap_fixed_22_12_4_0_0_1u_config2_s_fu_131/void_conv_2d_buffer_resource_cl_stream_stream_weight_t_bias_t_line_buffer_U/lenet_mnist_cap64_hls_shift_line_buffer_array_ap_fixed_22_12_4_0_0_1u_config2_s_void_conv_2d_bufferbkb_core_U/ShiftRegMem_reg[4][11]/C is not reached by a timing clock
Related violations: <none>

TIMING-17#517 Critical Warning
Non-clocked sequential cell  
The clock pin conv_2d_cl_array_ap_fixed_1u_array_ap_fixed_22_12_4_0_0_6u_config2_U0/grp_compute_output_buffer_2d_array_array_ap_fixed_22_12_4_0_0_6u_config2_s_fu_118/call_ln281_shift_line_buffer_array_ap_fixed_22_12_4_0_0_1u_config2_s_fu_131/void_conv_2d_buffer_resource_cl_stream_stream_weight_t_bias_t_line_buffer_U/lenet_mnist_cap64_hls_shift_line_buffer_array_ap_fixed_22_12_4_0_0_1u_config2_s_void_conv_2d_bufferbkb_core_U/ShiftRegMem_reg[4][12]/C is not reached by a timing clock
Related violations: <none>

TIMING-17#518 Critical Warning
Non-clocked sequential cell  
The clock pin conv_2d_cl_array_ap_fixed_1u_array_ap_fixed_22_12_4_0_0_6u_config2_U0/grp_compute_output_buffer_2d_array_array_ap_fixed_22_12_4_0_0_6u_config2_s_fu_118/call_ln281_shift_line_buffer_array_ap_fixed_22_12_4_0_0_1u_config2_s_fu_131/void_conv_2d_buffer_resource_cl_stream_stream_weight_t_bias_t_line_buffer_U/lenet_mnist_cap64_hls_shift_line_buffer_array_ap_fixed_22_12_4_0_0_1u_config2_s_void_conv_2d_bufferbkb_core_U/ShiftRegMem_reg[4][13]/C is not reached by a timing clock
Related violations: <none>

TIMING-17#519 Critical Warning
Non-clocked sequential cell  
The clock pin conv_2d_cl_array_ap_fixed_1u_array_ap_fixed_22_12_4_0_0_6u_config2_U0/grp_compute_output_buffer_2d_array_array_ap_fixed_22_12_4_0_0_6u_config2_s_fu_118/call_ln281_shift_line_buffer_array_ap_fixed_22_12_4_0_0_1u_config2_s_fu_131/void_conv_2d_buffer_resource_cl_stream_stream_weight_t_bias_t_line_buffer_U/lenet_mnist_cap64_hls_shift_line_buffer_array_ap_fixed_22_12_4_0_0_1u_config2_s_void_conv_2d_bufferbkb_core_U/ShiftRegMem_reg[4][14]/C is not reached by a timing clock
Related violations: <none>

TIMING-17#520 Critical Warning
Non-clocked sequential cell  
The clock pin conv_2d_cl_array_ap_fixed_1u_array_ap_fixed_22_12_4_0_0_6u_config2_U0/grp_compute_output_buffer_2d_array_array_ap_fixed_22_12_4_0_0_6u_config2_s_fu_118/call_ln281_shift_line_buffer_array_ap_fixed_22_12_4_0_0_1u_config2_s_fu_131/void_conv_2d_buffer_resource_cl_stream_stream_weight_t_bias_t_line_buffer_U/lenet_mnist_cap64_hls_shift_line_buffer_array_ap_fixed_22_12_4_0_0_1u_config2_s_void_conv_2d_bufferbkb_core_U/ShiftRegMem_reg[4][15]/C is not reached by a timing clock
Related violations: <none>

TIMING-17#521 Critical Warning
Non-clocked sequential cell  
The clock pin conv_2d_cl_array_ap_fixed_1u_array_ap_fixed_22_12_4_0_0_6u_config2_U0/grp_compute_output_buffer_2d_array_array_ap_fixed_22_12_4_0_0_6u_config2_s_fu_118/call_ln281_shift_line_buffer_array_ap_fixed_22_12_4_0_0_1u_config2_s_fu_131/void_conv_2d_buffer_resource_cl_stream_stream_weight_t_bias_t_line_buffer_U/lenet_mnist_cap64_hls_shift_line_buffer_array_ap_fixed_22_12_4_0_0_1u_config2_s_void_conv_2d_bufferbkb_core_U/ShiftRegMem_reg[4][16]/C is not reached by a timing clock
Related violations: <none>

TIMING-17#522 Critical Warning
Non-clocked sequential cell  
The clock pin conv_2d_cl_array_ap_fixed_1u_array_ap_fixed_22_12_4_0_0_6u_config2_U0/grp_compute_output_buffer_2d_array_array_ap_fixed_22_12_4_0_0_6u_config2_s_fu_118/call_ln281_shift_line_buffer_array_ap_fixed_22_12_4_0_0_1u_config2_s_fu_131/void_conv_2d_buffer_resource_cl_stream_stream_weight_t_bias_t_line_buffer_U/lenet_mnist_cap64_hls_shift_line_buffer_array_ap_fixed_22_12_4_0_0_1u_config2_s_void_conv_2d_bufferbkb_core_U/ShiftRegMem_reg[4][17]/C is not reached by a timing clock
Related violations: <none>

TIMING-17#523 Critical Warning
Non-clocked sequential cell  
The clock pin conv_2d_cl_array_ap_fixed_1u_array_ap_fixed_22_12_4_0_0_6u_config2_U0/grp_compute_output_buffer_2d_array_array_ap_fixed_22_12_4_0_0_6u_config2_s_fu_118/call_ln281_shift_line_buffer_array_ap_fixed_22_12_4_0_0_1u_config2_s_fu_131/void_conv_2d_buffer_resource_cl_stream_stream_weight_t_bias_t_line_buffer_U/lenet_mnist_cap64_hls_shift_line_buffer_array_ap_fixed_22_12_4_0_0_1u_config2_s_void_conv_2d_bufferbkb_core_U/ShiftRegMem_reg[4][18]/C is not reached by a timing clock
Related violations: <none>

TIMING-17#524 Critical Warning
Non-clocked sequential cell  
The clock pin conv_2d_cl_array_ap_fixed_1u_array_ap_fixed_22_12_4_0_0_6u_config2_U0/grp_compute_output_buffer_2d_array_array_ap_fixed_22_12_4_0_0_6u_config2_s_fu_118/call_ln281_shift_line_buffer_array_ap_fixed_22_12_4_0_0_1u_config2_s_fu_131/void_conv_2d_buffer_resource_cl_stream_stream_weight_t_bias_t_line_buffer_U/lenet_mnist_cap64_hls_shift_line_buffer_array_ap_fixed_22_12_4_0_0_1u_config2_s_void_conv_2d_bufferbkb_core_U/ShiftRegMem_reg[4][19]/C is not reached by a timing clock
Related violations: <none>

TIMING-17#525 Critical Warning
Non-clocked sequential cell  
The clock pin conv_2d_cl_array_ap_fixed_1u_array_ap_fixed_22_12_4_0_0_6u_config2_U0/grp_compute_output_buffer_2d_array_array_ap_fixed_22_12_4_0_0_6u_config2_s_fu_118/call_ln281_shift_line_buffer_array_ap_fixed_22_12_4_0_0_1u_config2_s_fu_131/void_conv_2d_buffer_resource_cl_stream_stream_weight_t_bias_t_line_buffer_U/lenet_mnist_cap64_hls_shift_line_buffer_array_ap_fixed_22_12_4_0_0_1u_config2_s_void_conv_2d_bufferbkb_core_U/ShiftRegMem_reg[4][1]/C is not reached by a timing clock
Related violations: <none>

TIMING-17#526 Critical Warning
Non-clocked sequential cell  
The clock pin conv_2d_cl_array_ap_fixed_1u_array_ap_fixed_22_12_4_0_0_6u_config2_U0/grp_compute_output_buffer_2d_array_array_ap_fixed_22_12_4_0_0_6u_config2_s_fu_118/call_ln281_shift_line_buffer_array_ap_fixed_22_12_4_0_0_1u_config2_s_fu_131/void_conv_2d_buffer_resource_cl_stream_stream_weight_t_bias_t_line_buffer_U/lenet_mnist_cap64_hls_shift_line_buffer_array_ap_fixed_22_12_4_0_0_1u_config2_s_void_conv_2d_bufferbkb_core_U/ShiftRegMem_reg[4][20]/C is not reached by a timing clock
Related violations: <none>

TIMING-17#527 Critical Warning
Non-clocked sequential cell  
The clock pin conv_2d_cl_array_ap_fixed_1u_array_ap_fixed_22_12_4_0_0_6u_config2_U0/grp_compute_output_buffer_2d_array_array_ap_fixed_22_12_4_0_0_6u_config2_s_fu_118/call_ln281_shift_line_buffer_array_ap_fixed_22_12_4_0_0_1u_config2_s_fu_131/void_conv_2d_buffer_resource_cl_stream_stream_weight_t_bias_t_line_buffer_U/lenet_mnist_cap64_hls_shift_line_buffer_array_ap_fixed_22_12_4_0_0_1u_config2_s_void_conv_2d_bufferbkb_core_U/ShiftRegMem_reg[4][21]/C is not reached by a timing clock
Related violations: <none>

TIMING-17#528 Critical Warning
Non-clocked sequential cell  
The clock pin conv_2d_cl_array_ap_fixed_1u_array_ap_fixed_22_12_4_0_0_6u_config2_U0/grp_compute_output_buffer_2d_array_array_ap_fixed_22_12_4_0_0_6u_config2_s_fu_118/call_ln281_shift_line_buffer_array_ap_fixed_22_12_4_0_0_1u_config2_s_fu_131/void_conv_2d_buffer_resource_cl_stream_stream_weight_t_bias_t_line_buffer_U/lenet_mnist_cap64_hls_shift_line_buffer_array_ap_fixed_22_12_4_0_0_1u_config2_s_void_conv_2d_bufferbkb_core_U/ShiftRegMem_reg[4][2]/C is not reached by a timing clock
Related violations: <none>

TIMING-17#529 Critical Warning
Non-clocked sequential cell  
The clock pin conv_2d_cl_array_ap_fixed_1u_array_ap_fixed_22_12_4_0_0_6u_config2_U0/grp_compute_output_buffer_2d_array_array_ap_fixed_22_12_4_0_0_6u_config2_s_fu_118/call_ln281_shift_line_buffer_array_ap_fixed_22_12_4_0_0_1u_config2_s_fu_131/void_conv_2d_buffer_resource_cl_stream_stream_weight_t_bias_t_line_buffer_U/lenet_mnist_cap64_hls_shift_line_buffer_array_ap_fixed_22_12_4_0_0_1u_config2_s_void_conv_2d_bufferbkb_core_U/ShiftRegMem_reg[4][3]/C is not reached by a timing clock
Related violations: <none>

TIMING-17#530 Critical Warning
Non-clocked sequential cell  
The clock pin conv_2d_cl_array_ap_fixed_1u_array_ap_fixed_22_12_4_0_0_6u_config2_U0/grp_compute_output_buffer_2d_array_array_ap_fixed_22_12_4_0_0_6u_config2_s_fu_118/call_ln281_shift_line_buffer_array_ap_fixed_22_12_4_0_0_1u_config2_s_fu_131/void_conv_2d_buffer_resource_cl_stream_stream_weight_t_bias_t_line_buffer_U/lenet_mnist_cap64_hls_shift_line_buffer_array_ap_fixed_22_12_4_0_0_1u_config2_s_void_conv_2d_bufferbkb_core_U/ShiftRegMem_reg[4][4]/C is not reached by a timing clock
Related violations: <none>

TIMING-17#531 Critical Warning
Non-clocked sequential cell  
The clock pin conv_2d_cl_array_ap_fixed_1u_array_ap_fixed_22_12_4_0_0_6u_config2_U0/grp_compute_output_buffer_2d_array_array_ap_fixed_22_12_4_0_0_6u_config2_s_fu_118/call_ln281_shift_line_buffer_array_ap_fixed_22_12_4_0_0_1u_config2_s_fu_131/void_conv_2d_buffer_resource_cl_stream_stream_weight_t_bias_t_line_buffer_U/lenet_mnist_cap64_hls_shift_line_buffer_array_ap_fixed_22_12_4_0_0_1u_config2_s_void_conv_2d_bufferbkb_core_U/ShiftRegMem_reg[4][5]/C is not reached by a timing clock
Related violations: <none>

TIMING-17#532 Critical Warning
Non-clocked sequential cell  
The clock pin conv_2d_cl_array_ap_fixed_1u_array_ap_fixed_22_12_4_0_0_6u_config2_U0/grp_compute_output_buffer_2d_array_array_ap_fixed_22_12_4_0_0_6u_config2_s_fu_118/call_ln281_shift_line_buffer_array_ap_fixed_22_12_4_0_0_1u_config2_s_fu_131/void_conv_2d_buffer_resource_cl_stream_stream_weight_t_bias_t_line_buffer_U/lenet_mnist_cap64_hls_shift_line_buffer_array_ap_fixed_22_12_4_0_0_1u_config2_s_void_conv_2d_bufferbkb_core_U/ShiftRegMem_reg[4][6]/C is not reached by a timing clock
Related violations: <none>

TIMING-17#533 Critical Warning
Non-clocked sequential cell  
The clock pin conv_2d_cl_array_ap_fixed_1u_array_ap_fixed_22_12_4_0_0_6u_config2_U0/grp_compute_output_buffer_2d_array_array_ap_fixed_22_12_4_0_0_6u_config2_s_fu_118/call_ln281_shift_line_buffer_array_ap_fixed_22_12_4_0_0_1u_config2_s_fu_131/void_conv_2d_buffer_resource_cl_stream_stream_weight_t_bias_t_line_buffer_U/lenet_mnist_cap64_hls_shift_line_buffer_array_ap_fixed_22_12_4_0_0_1u_config2_s_void_conv_2d_bufferbkb_core_U/ShiftRegMem_reg[4][7]/C is not reached by a timing clock
Related violations: <none>

TIMING-17#534 Critical Warning
Non-clocked sequential cell  
The clock pin conv_2d_cl_array_ap_fixed_1u_array_ap_fixed_22_12_4_0_0_6u_config2_U0/grp_compute_output_buffer_2d_array_array_ap_fixed_22_12_4_0_0_6u_config2_s_fu_118/call_ln281_shift_line_buffer_array_ap_fixed_22_12_4_0_0_1u_config2_s_fu_131/void_conv_2d_buffer_resource_cl_stream_stream_weight_t_bias_t_line_buffer_U/lenet_mnist_cap64_hls_shift_line_buffer_array_ap_fixed_22_12_4_0_0_1u_config2_s_void_conv_2d_bufferbkb_core_U/ShiftRegMem_reg[4][8]/C is not reached by a timing clock
Related violations: <none>

TIMING-17#535 Critical Warning
Non-clocked sequential cell  
The clock pin conv_2d_cl_array_ap_fixed_1u_array_ap_fixed_22_12_4_0_0_6u_config2_U0/grp_compute_output_buffer_2d_array_array_ap_fixed_22_12_4_0_0_6u_config2_s_fu_118/call_ln281_shift_line_buffer_array_ap_fixed_22_12_4_0_0_1u_config2_s_fu_131/void_conv_2d_buffer_resource_cl_stream_stream_weight_t_bias_t_line_buffer_U/lenet_mnist_cap64_hls_shift_line_buffer_array_ap_fixed_22_12_4_0_0_1u_config2_s_void_conv_2d_bufferbkb_core_U/ShiftRegMem_reg[4][9]/C is not reached by a timing clock
Related violations: <none>

TIMING-17#536 Critical Warning
Non-clocked sequential cell  
The clock pin conv_2d_cl_array_ap_fixed_1u_array_ap_fixed_22_12_4_0_0_6u_config2_U0/grp_compute_output_buffer_2d_array_array_ap_fixed_22_12_4_0_0_6u_config2_s_fu_118/grp_dense_resource_rf_gt_nin_rem0_ap_fixed_ap_fixed_22_12_4_0_0_config2_mult_s_fu_195/acc20_reg_920_reg[0]/C is not reached by a timing clock
Related violations: <none>

TIMING-17#537 Critical Warning
Non-clocked sequential cell  
The clock pin conv_2d_cl_array_ap_fixed_1u_array_ap_fixed_22_12_4_0_0_6u_config2_U0/grp_compute_output_buffer_2d_array_array_ap_fixed_22_12_4_0_0_6u_config2_s_fu_118/grp_dense_resource_rf_gt_nin_rem0_ap_fixed_ap_fixed_22_12_4_0_0_config2_mult_s_fu_195/acc20_reg_920_reg[10]/C is not reached by a timing clock
Related violations: <none>

TIMING-17#538 Critical Warning
Non-clocked sequential cell  
The clock pin conv_2d_cl_array_ap_fixed_1u_array_ap_fixed_22_12_4_0_0_6u_config2_U0/grp_compute_output_buffer_2d_array_array_ap_fixed_22_12_4_0_0_6u_config2_s_fu_118/grp_dense_resource_rf_gt_nin_rem0_ap_fixed_ap_fixed_22_12_4_0_0_config2_mult_s_fu_195/acc20_reg_920_reg[11]/C is not reached by a timing clock
Related violations: <none>

TIMING-17#539 Critical Warning
Non-clocked sequential cell  
The clock pin conv_2d_cl_array_ap_fixed_1u_array_ap_fixed_22_12_4_0_0_6u_config2_U0/grp_compute_output_buffer_2d_array_array_ap_fixed_22_12_4_0_0_6u_config2_s_fu_118/grp_dense_resource_rf_gt_nin_rem0_ap_fixed_ap_fixed_22_12_4_0_0_config2_mult_s_fu_195/acc20_reg_920_reg[12]/C is not reached by a timing clock
Related violations: <none>

TIMING-17#540 Critical Warning
Non-clocked sequential cell  
The clock pin conv_2d_cl_array_ap_fixed_1u_array_ap_fixed_22_12_4_0_0_6u_config2_U0/grp_compute_output_buffer_2d_array_array_ap_fixed_22_12_4_0_0_6u_config2_s_fu_118/grp_dense_resource_rf_gt_nin_rem0_ap_fixed_ap_fixed_22_12_4_0_0_config2_mult_s_fu_195/acc20_reg_920_reg[13]/C is not reached by a timing clock
Related violations: <none>

TIMING-17#541 Critical Warning
Non-clocked sequential cell  
The clock pin conv_2d_cl_array_ap_fixed_1u_array_ap_fixed_22_12_4_0_0_6u_config2_U0/grp_compute_output_buffer_2d_array_array_ap_fixed_22_12_4_0_0_6u_config2_s_fu_118/grp_dense_resource_rf_gt_nin_rem0_ap_fixed_ap_fixed_22_12_4_0_0_config2_mult_s_fu_195/acc20_reg_920_reg[14]/C is not reached by a timing clock
Related violations: <none>

TIMING-17#542 Critical Warning
Non-clocked sequential cell  
The clock pin conv_2d_cl_array_ap_fixed_1u_array_ap_fixed_22_12_4_0_0_6u_config2_U0/grp_compute_output_buffer_2d_array_array_ap_fixed_22_12_4_0_0_6u_config2_s_fu_118/grp_dense_resource_rf_gt_nin_rem0_ap_fixed_ap_fixed_22_12_4_0_0_config2_mult_s_fu_195/acc20_reg_920_reg[15]/C is not reached by a timing clock
Related violations: <none>

TIMING-17#543 Critical Warning
Non-clocked sequential cell  
The clock pin conv_2d_cl_array_ap_fixed_1u_array_ap_fixed_22_12_4_0_0_6u_config2_U0/grp_compute_output_buffer_2d_array_array_ap_fixed_22_12_4_0_0_6u_config2_s_fu_118/grp_dense_resource_rf_gt_nin_rem0_ap_fixed_ap_fixed_22_12_4_0_0_config2_mult_s_fu_195/acc20_reg_920_reg[16]/C is not reached by a timing clock
Related violations: <none>

TIMING-17#544 Critical Warning
Non-clocked sequential cell  
The clock pin conv_2d_cl_array_ap_fixed_1u_array_ap_fixed_22_12_4_0_0_6u_config2_U0/grp_compute_output_buffer_2d_array_array_ap_fixed_22_12_4_0_0_6u_config2_s_fu_118/grp_dense_resource_rf_gt_nin_rem0_ap_fixed_ap_fixed_22_12_4_0_0_config2_mult_s_fu_195/acc20_reg_920_reg[17]/C is not reached by a timing clock
Related violations: <none>

TIMING-17#545 Critical Warning
Non-clocked sequential cell  
The clock pin conv_2d_cl_array_ap_fixed_1u_array_ap_fixed_22_12_4_0_0_6u_config2_U0/grp_compute_output_buffer_2d_array_array_ap_fixed_22_12_4_0_0_6u_config2_s_fu_118/grp_dense_resource_rf_gt_nin_rem0_ap_fixed_ap_fixed_22_12_4_0_0_config2_mult_s_fu_195/acc20_reg_920_reg[18]/C is not reached by a timing clock
Related violations: <none>

TIMING-17#546 Critical Warning
Non-clocked sequential cell  
The clock pin conv_2d_cl_array_ap_fixed_1u_array_ap_fixed_22_12_4_0_0_6u_config2_U0/grp_compute_output_buffer_2d_array_array_ap_fixed_22_12_4_0_0_6u_config2_s_fu_118/grp_dense_resource_rf_gt_nin_rem0_ap_fixed_ap_fixed_22_12_4_0_0_config2_mult_s_fu_195/acc20_reg_920_reg[19]/C is not reached by a timing clock
Related violations: <none>

TIMING-17#547 Critical Warning
Non-clocked sequential cell  
The clock pin conv_2d_cl_array_ap_fixed_1u_array_ap_fixed_22_12_4_0_0_6u_config2_U0/grp_compute_output_buffer_2d_array_array_ap_fixed_22_12_4_0_0_6u_config2_s_fu_118/grp_dense_resource_rf_gt_nin_rem0_ap_fixed_ap_fixed_22_12_4_0_0_config2_mult_s_fu_195/acc20_reg_920_reg[1]/C is not reached by a timing clock
Related violations: <none>

TIMING-17#548 Critical Warning
Non-clocked sequential cell  
The clock pin conv_2d_cl_array_ap_fixed_1u_array_ap_fixed_22_12_4_0_0_6u_config2_U0/grp_compute_output_buffer_2d_array_array_ap_fixed_22_12_4_0_0_6u_config2_s_fu_118/grp_dense_resource_rf_gt_nin_rem0_ap_fixed_ap_fixed_22_12_4_0_0_config2_mult_s_fu_195/acc20_reg_920_reg[20]/C is not reached by a timing clock
Related violations: <none>

TIMING-17#549 Critical Warning
Non-clocked sequential cell  
The clock pin conv_2d_cl_array_ap_fixed_1u_array_ap_fixed_22_12_4_0_0_6u_config2_U0/grp_compute_output_buffer_2d_array_array_ap_fixed_22_12_4_0_0_6u_config2_s_fu_118/grp_dense_resource_rf_gt_nin_rem0_ap_fixed_ap_fixed_22_12_4_0_0_config2_mult_s_fu_195/acc20_reg_920_reg[21]/C is not reached by a timing clock
Related violations: <none>

TIMING-17#550 Critical Warning
Non-clocked sequential cell  
The clock pin conv_2d_cl_array_ap_fixed_1u_array_ap_fixed_22_12_4_0_0_6u_config2_U0/grp_compute_output_buffer_2d_array_array_ap_fixed_22_12_4_0_0_6u_config2_s_fu_118/grp_dense_resource_rf_gt_nin_rem0_ap_fixed_ap_fixed_22_12_4_0_0_config2_mult_s_fu_195/acc20_reg_920_reg[2]/C is not reached by a timing clock
Related violations: <none>

TIMING-17#551 Critical Warning
Non-clocked sequential cell  
The clock pin conv_2d_cl_array_ap_fixed_1u_array_ap_fixed_22_12_4_0_0_6u_config2_U0/grp_compute_output_buffer_2d_array_array_ap_fixed_22_12_4_0_0_6u_config2_s_fu_118/grp_dense_resource_rf_gt_nin_rem0_ap_fixed_ap_fixed_22_12_4_0_0_config2_mult_s_fu_195/acc20_reg_920_reg[3]/C is not reached by a timing clock
Related violations: <none>

TIMING-17#552 Critical Warning
Non-clocked sequential cell  
The clock pin conv_2d_cl_array_ap_fixed_1u_array_ap_fixed_22_12_4_0_0_6u_config2_U0/grp_compute_output_buffer_2d_array_array_ap_fixed_22_12_4_0_0_6u_config2_s_fu_118/grp_dense_resource_rf_gt_nin_rem0_ap_fixed_ap_fixed_22_12_4_0_0_config2_mult_s_fu_195/acc20_reg_920_reg[4]/C is not reached by a timing clock
Related violations: <none>

TIMING-17#553 Critical Warning
Non-clocked sequential cell  
The clock pin conv_2d_cl_array_ap_fixed_1u_array_ap_fixed_22_12_4_0_0_6u_config2_U0/grp_compute_output_buffer_2d_array_array_ap_fixed_22_12_4_0_0_6u_config2_s_fu_118/grp_dense_resource_rf_gt_nin_rem0_ap_fixed_ap_fixed_22_12_4_0_0_config2_mult_s_fu_195/acc20_reg_920_reg[5]/C is not reached by a timing clock
Related violations: <none>

TIMING-17#554 Critical Warning
Non-clocked sequential cell  
The clock pin conv_2d_cl_array_ap_fixed_1u_array_ap_fixed_22_12_4_0_0_6u_config2_U0/grp_compute_output_buffer_2d_array_array_ap_fixed_22_12_4_0_0_6u_config2_s_fu_118/grp_dense_resource_rf_gt_nin_rem0_ap_fixed_ap_fixed_22_12_4_0_0_config2_mult_s_fu_195/acc20_reg_920_reg[6]/C is not reached by a timing clock
Related violations: <none>

TIMING-17#555 Critical Warning
Non-clocked sequential cell  
The clock pin conv_2d_cl_array_ap_fixed_1u_array_ap_fixed_22_12_4_0_0_6u_config2_U0/grp_compute_output_buffer_2d_array_array_ap_fixed_22_12_4_0_0_6u_config2_s_fu_118/grp_dense_resource_rf_gt_nin_rem0_ap_fixed_ap_fixed_22_12_4_0_0_config2_mult_s_fu_195/acc20_reg_920_reg[7]/C is not reached by a timing clock
Related violations: <none>

TIMING-17#556 Critical Warning
Non-clocked sequential cell  
The clock pin conv_2d_cl_array_ap_fixed_1u_array_ap_fixed_22_12_4_0_0_6u_config2_U0/grp_compute_output_buffer_2d_array_array_ap_fixed_22_12_4_0_0_6u_config2_s_fu_118/grp_dense_resource_rf_gt_nin_rem0_ap_fixed_ap_fixed_22_12_4_0_0_config2_mult_s_fu_195/acc20_reg_920_reg[8]/C is not reached by a timing clock
Related violations: <none>

TIMING-17#557 Critical Warning
Non-clocked sequential cell  
The clock pin conv_2d_cl_array_ap_fixed_1u_array_ap_fixed_22_12_4_0_0_6u_config2_U0/grp_compute_output_buffer_2d_array_array_ap_fixed_22_12_4_0_0_6u_config2_s_fu_118/grp_dense_resource_rf_gt_nin_rem0_ap_fixed_ap_fixed_22_12_4_0_0_config2_mult_s_fu_195/acc20_reg_920_reg[9]/C is not reached by a timing clock
Related violations: <none>

TIMING-17#558 Critical Warning
Non-clocked sequential cell  
The clock pin conv_2d_cl_array_ap_fixed_1u_array_ap_fixed_22_12_4_0_0_6u_config2_U0/grp_compute_output_buffer_2d_array_array_ap_fixed_22_12_4_0_0_6u_config2_s_fu_118/grp_dense_resource_rf_gt_nin_rem0_ap_fixed_ap_fixed_22_12_4_0_0_config2_mult_s_fu_195/acc_118_reg_934_reg[0]/C is not reached by a timing clock
Related violations: <none>

TIMING-17#559 Critical Warning
Non-clocked sequential cell  
The clock pin conv_2d_cl_array_ap_fixed_1u_array_ap_fixed_22_12_4_0_0_6u_config2_U0/grp_compute_output_buffer_2d_array_array_ap_fixed_22_12_4_0_0_6u_config2_s_fu_118/grp_dense_resource_rf_gt_nin_rem0_ap_fixed_ap_fixed_22_12_4_0_0_config2_mult_s_fu_195/acc_118_reg_934_reg[10]/C is not reached by a timing clock
Related violations: <none>

TIMING-17#560 Critical Warning
Non-clocked sequential cell  
The clock pin conv_2d_cl_array_ap_fixed_1u_array_ap_fixed_22_12_4_0_0_6u_config2_U0/grp_compute_output_buffer_2d_array_array_ap_fixed_22_12_4_0_0_6u_config2_s_fu_118/grp_dense_resource_rf_gt_nin_rem0_ap_fixed_ap_fixed_22_12_4_0_0_config2_mult_s_fu_195/acc_118_reg_934_reg[11]/C is not reached by a timing clock
Related violations: <none>

TIMING-17#561 Critical Warning
Non-clocked sequential cell  
The clock pin conv_2d_cl_array_ap_fixed_1u_array_ap_fixed_22_12_4_0_0_6u_config2_U0/grp_compute_output_buffer_2d_array_array_ap_fixed_22_12_4_0_0_6u_config2_s_fu_118/grp_dense_resource_rf_gt_nin_rem0_ap_fixed_ap_fixed_22_12_4_0_0_config2_mult_s_fu_195/acc_118_reg_934_reg[12]/C is not reached by a timing clock
Related violations: <none>

TIMING-17#562 Critical Warning
Non-clocked sequential cell  
The clock pin conv_2d_cl_array_ap_fixed_1u_array_ap_fixed_22_12_4_0_0_6u_config2_U0/grp_compute_output_buffer_2d_array_array_ap_fixed_22_12_4_0_0_6u_config2_s_fu_118/grp_dense_resource_rf_gt_nin_rem0_ap_fixed_ap_fixed_22_12_4_0_0_config2_mult_s_fu_195/acc_118_reg_934_reg[13]/C is not reached by a timing clock
Related violations: <none>

TIMING-17#563 Critical Warning
Non-clocked sequential cell  
The clock pin conv_2d_cl_array_ap_fixed_1u_array_ap_fixed_22_12_4_0_0_6u_config2_U0/grp_compute_output_buffer_2d_array_array_ap_fixed_22_12_4_0_0_6u_config2_s_fu_118/grp_dense_resource_rf_gt_nin_rem0_ap_fixed_ap_fixed_22_12_4_0_0_config2_mult_s_fu_195/acc_118_reg_934_reg[14]/C is not reached by a timing clock
Related violations: <none>

TIMING-17#564 Critical Warning
Non-clocked sequential cell  
The clock pin conv_2d_cl_array_ap_fixed_1u_array_ap_fixed_22_12_4_0_0_6u_config2_U0/grp_compute_output_buffer_2d_array_array_ap_fixed_22_12_4_0_0_6u_config2_s_fu_118/grp_dense_resource_rf_gt_nin_rem0_ap_fixed_ap_fixed_22_12_4_0_0_config2_mult_s_fu_195/acc_118_reg_934_reg[15]/C is not reached by a timing clock
Related violations: <none>

TIMING-17#565 Critical Warning
Non-clocked sequential cell  
The clock pin conv_2d_cl_array_ap_fixed_1u_array_ap_fixed_22_12_4_0_0_6u_config2_U0/grp_compute_output_buffer_2d_array_array_ap_fixed_22_12_4_0_0_6u_config2_s_fu_118/grp_dense_resource_rf_gt_nin_rem0_ap_fixed_ap_fixed_22_12_4_0_0_config2_mult_s_fu_195/acc_118_reg_934_reg[16]/C is not reached by a timing clock
Related violations: <none>

TIMING-17#566 Critical Warning
Non-clocked sequential cell  
The clock pin conv_2d_cl_array_ap_fixed_1u_array_ap_fixed_22_12_4_0_0_6u_config2_U0/grp_compute_output_buffer_2d_array_array_ap_fixed_22_12_4_0_0_6u_config2_s_fu_118/grp_dense_resource_rf_gt_nin_rem0_ap_fixed_ap_fixed_22_12_4_0_0_config2_mult_s_fu_195/acc_118_reg_934_reg[17]/C is not reached by a timing clock
Related violations: <none>

TIMING-17#567 Critical Warning
Non-clocked sequential cell  
The clock pin conv_2d_cl_array_ap_fixed_1u_array_ap_fixed_22_12_4_0_0_6u_config2_U0/grp_compute_output_buffer_2d_array_array_ap_fixed_22_12_4_0_0_6u_config2_s_fu_118/grp_dense_resource_rf_gt_nin_rem0_ap_fixed_ap_fixed_22_12_4_0_0_config2_mult_s_fu_195/acc_118_reg_934_reg[18]/C is not reached by a timing clock
Related violations: <none>

TIMING-17#568 Critical Warning
Non-clocked sequential cell  
The clock pin conv_2d_cl_array_ap_fixed_1u_array_ap_fixed_22_12_4_0_0_6u_config2_U0/grp_compute_output_buffer_2d_array_array_ap_fixed_22_12_4_0_0_6u_config2_s_fu_118/grp_dense_resource_rf_gt_nin_rem0_ap_fixed_ap_fixed_22_12_4_0_0_config2_mult_s_fu_195/acc_118_reg_934_reg[19]/C is not reached by a timing clock
Related violations: <none>

TIMING-17#569 Critical Warning
Non-clocked sequential cell  
The clock pin conv_2d_cl_array_ap_fixed_1u_array_ap_fixed_22_12_4_0_0_6u_config2_U0/grp_compute_output_buffer_2d_array_array_ap_fixed_22_12_4_0_0_6u_config2_s_fu_118/grp_dense_resource_rf_gt_nin_rem0_ap_fixed_ap_fixed_22_12_4_0_0_config2_mult_s_fu_195/acc_118_reg_934_reg[1]/C is not reached by a timing clock
Related violations: <none>

TIMING-17#570 Critical Warning
Non-clocked sequential cell  
The clock pin conv_2d_cl_array_ap_fixed_1u_array_ap_fixed_22_12_4_0_0_6u_config2_U0/grp_compute_output_buffer_2d_array_array_ap_fixed_22_12_4_0_0_6u_config2_s_fu_118/grp_dense_resource_rf_gt_nin_rem0_ap_fixed_ap_fixed_22_12_4_0_0_config2_mult_s_fu_195/acc_118_reg_934_reg[20]/C is not reached by a timing clock
Related violations: <none>

TIMING-17#571 Critical Warning
Non-clocked sequential cell  
The clock pin conv_2d_cl_array_ap_fixed_1u_array_ap_fixed_22_12_4_0_0_6u_config2_U0/grp_compute_output_buffer_2d_array_array_ap_fixed_22_12_4_0_0_6u_config2_s_fu_118/grp_dense_resource_rf_gt_nin_rem0_ap_fixed_ap_fixed_22_12_4_0_0_config2_mult_s_fu_195/acc_118_reg_934_reg[21]/C is not reached by a timing clock
Related violations: <none>

TIMING-17#572 Critical Warning
Non-clocked sequential cell  
The clock pin conv_2d_cl_array_ap_fixed_1u_array_ap_fixed_22_12_4_0_0_6u_config2_U0/grp_compute_output_buffer_2d_array_array_ap_fixed_22_12_4_0_0_6u_config2_s_fu_118/grp_dense_resource_rf_gt_nin_rem0_ap_fixed_ap_fixed_22_12_4_0_0_config2_mult_s_fu_195/acc_118_reg_934_reg[2]/C is not reached by a timing clock
Related violations: <none>

TIMING-17#573 Critical Warning
Non-clocked sequential cell  
The clock pin conv_2d_cl_array_ap_fixed_1u_array_ap_fixed_22_12_4_0_0_6u_config2_U0/grp_compute_output_buffer_2d_array_array_ap_fixed_22_12_4_0_0_6u_config2_s_fu_118/grp_dense_resource_rf_gt_nin_rem0_ap_fixed_ap_fixed_22_12_4_0_0_config2_mult_s_fu_195/acc_118_reg_934_reg[3]/C is not reached by a timing clock
Related violations: <none>

TIMING-17#574 Critical Warning
Non-clocked sequential cell  
The clock pin conv_2d_cl_array_ap_fixed_1u_array_ap_fixed_22_12_4_0_0_6u_config2_U0/grp_compute_output_buffer_2d_array_array_ap_fixed_22_12_4_0_0_6u_config2_s_fu_118/grp_dense_resource_rf_gt_nin_rem0_ap_fixed_ap_fixed_22_12_4_0_0_config2_mult_s_fu_195/acc_118_reg_934_reg[4]/C is not reached by a timing clock
Related violations: <none>

TIMING-17#575 Critical Warning
Non-clocked sequential cell  
The clock pin conv_2d_cl_array_ap_fixed_1u_array_ap_fixed_22_12_4_0_0_6u_config2_U0/grp_compute_output_buffer_2d_array_array_ap_fixed_22_12_4_0_0_6u_config2_s_fu_118/grp_dense_resource_rf_gt_nin_rem0_ap_fixed_ap_fixed_22_12_4_0_0_config2_mult_s_fu_195/acc_118_reg_934_reg[5]/C is not reached by a timing clock
Related violations: <none>

TIMING-17#576 Critical Warning
Non-clocked sequential cell  
The clock pin conv_2d_cl_array_ap_fixed_1u_array_ap_fixed_22_12_4_0_0_6u_config2_U0/grp_compute_output_buffer_2d_array_array_ap_fixed_22_12_4_0_0_6u_config2_s_fu_118/grp_dense_resource_rf_gt_nin_rem0_ap_fixed_ap_fixed_22_12_4_0_0_config2_mult_s_fu_195/acc_118_reg_934_reg[6]/C is not reached by a timing clock
Related violations: <none>

TIMING-17#577 Critical Warning
Non-clocked sequential cell  
The clock pin conv_2d_cl_array_ap_fixed_1u_array_ap_fixed_22_12_4_0_0_6u_config2_U0/grp_compute_output_buffer_2d_array_array_ap_fixed_22_12_4_0_0_6u_config2_s_fu_118/grp_dense_resource_rf_gt_nin_rem0_ap_fixed_ap_fixed_22_12_4_0_0_config2_mult_s_fu_195/acc_118_reg_934_reg[7]/C is not reached by a timing clock
Related violations: <none>

TIMING-17#578 Critical Warning
Non-clocked sequential cell  
The clock pin conv_2d_cl_array_ap_fixed_1u_array_ap_fixed_22_12_4_0_0_6u_config2_U0/grp_compute_output_buffer_2d_array_array_ap_fixed_22_12_4_0_0_6u_config2_s_fu_118/grp_dense_resource_rf_gt_nin_rem0_ap_fixed_ap_fixed_22_12_4_0_0_config2_mult_s_fu_195/acc_118_reg_934_reg[8]/C is not reached by a timing clock
Related violations: <none>

TIMING-17#579 Critical Warning
Non-clocked sequential cell  
The clock pin conv_2d_cl_array_ap_fixed_1u_array_ap_fixed_22_12_4_0_0_6u_config2_U0/grp_compute_output_buffer_2d_array_array_ap_fixed_22_12_4_0_0_6u_config2_s_fu_118/grp_dense_resource_rf_gt_nin_rem0_ap_fixed_ap_fixed_22_12_4_0_0_config2_mult_s_fu_195/acc_118_reg_934_reg[9]/C is not reached by a timing clock
Related violations: <none>

TIMING-17#580 Critical Warning
Non-clocked sequential cell  
The clock pin conv_2d_cl_array_ap_fixed_1u_array_ap_fixed_22_12_4_0_0_6u_config2_U0/grp_compute_output_buffer_2d_array_array_ap_fixed_22_12_4_0_0_6u_config2_s_fu_118/grp_dense_resource_rf_gt_nin_rem0_ap_fixed_ap_fixed_22_12_4_0_0_config2_mult_s_fu_195/acc_216_reg_948_reg[0]/C is not reached by a timing clock
Related violations: <none>

TIMING-17#581 Critical Warning
Non-clocked sequential cell  
The clock pin conv_2d_cl_array_ap_fixed_1u_array_ap_fixed_22_12_4_0_0_6u_config2_U0/grp_compute_output_buffer_2d_array_array_ap_fixed_22_12_4_0_0_6u_config2_s_fu_118/grp_dense_resource_rf_gt_nin_rem0_ap_fixed_ap_fixed_22_12_4_0_0_config2_mult_s_fu_195/acc_216_reg_948_reg[10]/C is not reached by a timing clock
Related violations: <none>

TIMING-17#582 Critical Warning
Non-clocked sequential cell  
The clock pin conv_2d_cl_array_ap_fixed_1u_array_ap_fixed_22_12_4_0_0_6u_config2_U0/grp_compute_output_buffer_2d_array_array_ap_fixed_22_12_4_0_0_6u_config2_s_fu_118/grp_dense_resource_rf_gt_nin_rem0_ap_fixed_ap_fixed_22_12_4_0_0_config2_mult_s_fu_195/acc_216_reg_948_reg[11]/C is not reached by a timing clock
Related violations: <none>

TIMING-17#583 Critical Warning
Non-clocked sequential cell  
The clock pin conv_2d_cl_array_ap_fixed_1u_array_ap_fixed_22_12_4_0_0_6u_config2_U0/grp_compute_output_buffer_2d_array_array_ap_fixed_22_12_4_0_0_6u_config2_s_fu_118/grp_dense_resource_rf_gt_nin_rem0_ap_fixed_ap_fixed_22_12_4_0_0_config2_mult_s_fu_195/acc_216_reg_948_reg[12]/C is not reached by a timing clock
Related violations: <none>

TIMING-17#584 Critical Warning
Non-clocked sequential cell  
The clock pin conv_2d_cl_array_ap_fixed_1u_array_ap_fixed_22_12_4_0_0_6u_config2_U0/grp_compute_output_buffer_2d_array_array_ap_fixed_22_12_4_0_0_6u_config2_s_fu_118/grp_dense_resource_rf_gt_nin_rem0_ap_fixed_ap_fixed_22_12_4_0_0_config2_mult_s_fu_195/acc_216_reg_948_reg[13]/C is not reached by a timing clock
Related violations: <none>

TIMING-17#585 Critical Warning
Non-clocked sequential cell  
The clock pin conv_2d_cl_array_ap_fixed_1u_array_ap_fixed_22_12_4_0_0_6u_config2_U0/grp_compute_output_buffer_2d_array_array_ap_fixed_22_12_4_0_0_6u_config2_s_fu_118/grp_dense_resource_rf_gt_nin_rem0_ap_fixed_ap_fixed_22_12_4_0_0_config2_mult_s_fu_195/acc_216_reg_948_reg[14]/C is not reached by a timing clock
Related violations: <none>

TIMING-17#586 Critical Warning
Non-clocked sequential cell  
The clock pin conv_2d_cl_array_ap_fixed_1u_array_ap_fixed_22_12_4_0_0_6u_config2_U0/grp_compute_output_buffer_2d_array_array_ap_fixed_22_12_4_0_0_6u_config2_s_fu_118/grp_dense_resource_rf_gt_nin_rem0_ap_fixed_ap_fixed_22_12_4_0_0_config2_mult_s_fu_195/acc_216_reg_948_reg[15]/C is not reached by a timing clock
Related violations: <none>

TIMING-17#587 Critical Warning
Non-clocked sequential cell  
The clock pin conv_2d_cl_array_ap_fixed_1u_array_ap_fixed_22_12_4_0_0_6u_config2_U0/grp_compute_output_buffer_2d_array_array_ap_fixed_22_12_4_0_0_6u_config2_s_fu_118/grp_dense_resource_rf_gt_nin_rem0_ap_fixed_ap_fixed_22_12_4_0_0_config2_mult_s_fu_195/acc_216_reg_948_reg[16]/C is not reached by a timing clock
Related violations: <none>

TIMING-17#588 Critical Warning
Non-clocked sequential cell  
The clock pin conv_2d_cl_array_ap_fixed_1u_array_ap_fixed_22_12_4_0_0_6u_config2_U0/grp_compute_output_buffer_2d_array_array_ap_fixed_22_12_4_0_0_6u_config2_s_fu_118/grp_dense_resource_rf_gt_nin_rem0_ap_fixed_ap_fixed_22_12_4_0_0_config2_mult_s_fu_195/acc_216_reg_948_reg[17]/C is not reached by a timing clock
Related violations: <none>

TIMING-17#589 Critical Warning
Non-clocked sequential cell  
The clock pin conv_2d_cl_array_ap_fixed_1u_array_ap_fixed_22_12_4_0_0_6u_config2_U0/grp_compute_output_buffer_2d_array_array_ap_fixed_22_12_4_0_0_6u_config2_s_fu_118/grp_dense_resource_rf_gt_nin_rem0_ap_fixed_ap_fixed_22_12_4_0_0_config2_mult_s_fu_195/acc_216_reg_948_reg[18]/C is not reached by a timing clock
Related violations: <none>

TIMING-17#590 Critical Warning
Non-clocked sequential cell  
The clock pin conv_2d_cl_array_ap_fixed_1u_array_ap_fixed_22_12_4_0_0_6u_config2_U0/grp_compute_output_buffer_2d_array_array_ap_fixed_22_12_4_0_0_6u_config2_s_fu_118/grp_dense_resource_rf_gt_nin_rem0_ap_fixed_ap_fixed_22_12_4_0_0_config2_mult_s_fu_195/acc_216_reg_948_reg[19]/C is not reached by a timing clock
Related violations: <none>

TIMING-17#591 Critical Warning
Non-clocked sequential cell  
The clock pin conv_2d_cl_array_ap_fixed_1u_array_ap_fixed_22_12_4_0_0_6u_config2_U0/grp_compute_output_buffer_2d_array_array_ap_fixed_22_12_4_0_0_6u_config2_s_fu_118/grp_dense_resource_rf_gt_nin_rem0_ap_fixed_ap_fixed_22_12_4_0_0_config2_mult_s_fu_195/acc_216_reg_948_reg[1]/C is not reached by a timing clock
Related violations: <none>

TIMING-17#592 Critical Warning
Non-clocked sequential cell  
The clock pin conv_2d_cl_array_ap_fixed_1u_array_ap_fixed_22_12_4_0_0_6u_config2_U0/grp_compute_output_buffer_2d_array_array_ap_fixed_22_12_4_0_0_6u_config2_s_fu_118/grp_dense_resource_rf_gt_nin_rem0_ap_fixed_ap_fixed_22_12_4_0_0_config2_mult_s_fu_195/acc_216_reg_948_reg[20]/C is not reached by a timing clock
Related violations: <none>

TIMING-17#593 Critical Warning
Non-clocked sequential cell  
The clock pin conv_2d_cl_array_ap_fixed_1u_array_ap_fixed_22_12_4_0_0_6u_config2_U0/grp_compute_output_buffer_2d_array_array_ap_fixed_22_12_4_0_0_6u_config2_s_fu_118/grp_dense_resource_rf_gt_nin_rem0_ap_fixed_ap_fixed_22_12_4_0_0_config2_mult_s_fu_195/acc_216_reg_948_reg[21]/C is not reached by a timing clock
Related violations: <none>

TIMING-17#594 Critical Warning
Non-clocked sequential cell  
The clock pin conv_2d_cl_array_ap_fixed_1u_array_ap_fixed_22_12_4_0_0_6u_config2_U0/grp_compute_output_buffer_2d_array_array_ap_fixed_22_12_4_0_0_6u_config2_s_fu_118/grp_dense_resource_rf_gt_nin_rem0_ap_fixed_ap_fixed_22_12_4_0_0_config2_mult_s_fu_195/acc_216_reg_948_reg[2]/C is not reached by a timing clock
Related violations: <none>

TIMING-17#595 Critical Warning
Non-clocked sequential cell  
The clock pin conv_2d_cl_array_ap_fixed_1u_array_ap_fixed_22_12_4_0_0_6u_config2_U0/grp_compute_output_buffer_2d_array_array_ap_fixed_22_12_4_0_0_6u_config2_s_fu_118/grp_dense_resource_rf_gt_nin_rem0_ap_fixed_ap_fixed_22_12_4_0_0_config2_mult_s_fu_195/acc_216_reg_948_reg[3]/C is not reached by a timing clock
Related violations: <none>

TIMING-17#596 Critical Warning
Non-clocked sequential cell  
The clock pin conv_2d_cl_array_ap_fixed_1u_array_ap_fixed_22_12_4_0_0_6u_config2_U0/grp_compute_output_buffer_2d_array_array_ap_fixed_22_12_4_0_0_6u_config2_s_fu_118/grp_dense_resource_rf_gt_nin_rem0_ap_fixed_ap_fixed_22_12_4_0_0_config2_mult_s_fu_195/acc_216_reg_948_reg[4]/C is not reached by a timing clock
Related violations: <none>

TIMING-17#597 Critical Warning
Non-clocked sequential cell  
The clock pin conv_2d_cl_array_ap_fixed_1u_array_ap_fixed_22_12_4_0_0_6u_config2_U0/grp_compute_output_buffer_2d_array_array_ap_fixed_22_12_4_0_0_6u_config2_s_fu_118/grp_dense_resource_rf_gt_nin_rem0_ap_fixed_ap_fixed_22_12_4_0_0_config2_mult_s_fu_195/acc_216_reg_948_reg[5]/C is not reached by a timing clock
Related violations: <none>

TIMING-17#598 Critical Warning
Non-clocked sequential cell  
The clock pin conv_2d_cl_array_ap_fixed_1u_array_ap_fixed_22_12_4_0_0_6u_config2_U0/grp_compute_output_buffer_2d_array_array_ap_fixed_22_12_4_0_0_6u_config2_s_fu_118/grp_dense_resource_rf_gt_nin_rem0_ap_fixed_ap_fixed_22_12_4_0_0_config2_mult_s_fu_195/acc_216_reg_948_reg[6]/C is not reached by a timing clock
Related violations: <none>

TIMING-17#599 Critical Warning
Non-clocked sequential cell  
The clock pin conv_2d_cl_array_ap_fixed_1u_array_ap_fixed_22_12_4_0_0_6u_config2_U0/grp_compute_output_buffer_2d_array_array_ap_fixed_22_12_4_0_0_6u_config2_s_fu_118/grp_dense_resource_rf_gt_nin_rem0_ap_fixed_ap_fixed_22_12_4_0_0_config2_mult_s_fu_195/acc_216_reg_948_reg[7]/C is not reached by a timing clock
Related violations: <none>

TIMING-17#600 Critical Warning
Non-clocked sequential cell  
The clock pin conv_2d_cl_array_ap_fixed_1u_array_ap_fixed_22_12_4_0_0_6u_config2_U0/grp_compute_output_buffer_2d_array_array_ap_fixed_22_12_4_0_0_6u_config2_s_fu_118/grp_dense_resource_rf_gt_nin_rem0_ap_fixed_ap_fixed_22_12_4_0_0_config2_mult_s_fu_195/acc_216_reg_948_reg[8]/C is not reached by a timing clock
Related violations: <none>

TIMING-17#601 Critical Warning
Non-clocked sequential cell  
The clock pin conv_2d_cl_array_ap_fixed_1u_array_ap_fixed_22_12_4_0_0_6u_config2_U0/grp_compute_output_buffer_2d_array_array_ap_fixed_22_12_4_0_0_6u_config2_s_fu_118/grp_dense_resource_rf_gt_nin_rem0_ap_fixed_ap_fixed_22_12_4_0_0_config2_mult_s_fu_195/acc_216_reg_948_reg[9]/C is not reached by a timing clock
Related violations: <none>

TIMING-17#602 Critical Warning
Non-clocked sequential cell  
The clock pin conv_2d_cl_array_ap_fixed_1u_array_ap_fixed_22_12_4_0_0_6u_config2_U0/grp_compute_output_buffer_2d_array_array_ap_fixed_22_12_4_0_0_6u_config2_s_fu_118/grp_dense_resource_rf_gt_nin_rem0_ap_fixed_ap_fixed_22_12_4_0_0_config2_mult_s_fu_195/acc_314_reg_962_reg[0]/C is not reached by a timing clock
Related violations: <none>

TIMING-17#603 Critical Warning
Non-clocked sequential cell  
The clock pin conv_2d_cl_array_ap_fixed_1u_array_ap_fixed_22_12_4_0_0_6u_config2_U0/grp_compute_output_buffer_2d_array_array_ap_fixed_22_12_4_0_0_6u_config2_s_fu_118/grp_dense_resource_rf_gt_nin_rem0_ap_fixed_ap_fixed_22_12_4_0_0_config2_mult_s_fu_195/acc_314_reg_962_reg[10]/C is not reached by a timing clock
Related violations: <none>

TIMING-17#604 Critical Warning
Non-clocked sequential cell  
The clock pin conv_2d_cl_array_ap_fixed_1u_array_ap_fixed_22_12_4_0_0_6u_config2_U0/grp_compute_output_buffer_2d_array_array_ap_fixed_22_12_4_0_0_6u_config2_s_fu_118/grp_dense_resource_rf_gt_nin_rem0_ap_fixed_ap_fixed_22_12_4_0_0_config2_mult_s_fu_195/acc_314_reg_962_reg[11]/C is not reached by a timing clock
Related violations: <none>

TIMING-17#605 Critical Warning
Non-clocked sequential cell  
The clock pin conv_2d_cl_array_ap_fixed_1u_array_ap_fixed_22_12_4_0_0_6u_config2_U0/grp_compute_output_buffer_2d_array_array_ap_fixed_22_12_4_0_0_6u_config2_s_fu_118/grp_dense_resource_rf_gt_nin_rem0_ap_fixed_ap_fixed_22_12_4_0_0_config2_mult_s_fu_195/acc_314_reg_962_reg[12]/C is not reached by a timing clock
Related violations: <none>

TIMING-17#606 Critical Warning
Non-clocked sequential cell  
The clock pin conv_2d_cl_array_ap_fixed_1u_array_ap_fixed_22_12_4_0_0_6u_config2_U0/grp_compute_output_buffer_2d_array_array_ap_fixed_22_12_4_0_0_6u_config2_s_fu_118/grp_dense_resource_rf_gt_nin_rem0_ap_fixed_ap_fixed_22_12_4_0_0_config2_mult_s_fu_195/acc_314_reg_962_reg[13]/C is not reached by a timing clock
Related violations: <none>

TIMING-17#607 Critical Warning
Non-clocked sequential cell  
The clock pin conv_2d_cl_array_ap_fixed_1u_array_ap_fixed_22_12_4_0_0_6u_config2_U0/grp_compute_output_buffer_2d_array_array_ap_fixed_22_12_4_0_0_6u_config2_s_fu_118/grp_dense_resource_rf_gt_nin_rem0_ap_fixed_ap_fixed_22_12_4_0_0_config2_mult_s_fu_195/acc_314_reg_962_reg[14]/C is not reached by a timing clock
Related violations: <none>

TIMING-17#608 Critical Warning
Non-clocked sequential cell  
The clock pin conv_2d_cl_array_ap_fixed_1u_array_ap_fixed_22_12_4_0_0_6u_config2_U0/grp_compute_output_buffer_2d_array_array_ap_fixed_22_12_4_0_0_6u_config2_s_fu_118/grp_dense_resource_rf_gt_nin_rem0_ap_fixed_ap_fixed_22_12_4_0_0_config2_mult_s_fu_195/acc_314_reg_962_reg[15]/C is not reached by a timing clock
Related violations: <none>

TIMING-17#609 Critical Warning
Non-clocked sequential cell  
The clock pin conv_2d_cl_array_ap_fixed_1u_array_ap_fixed_22_12_4_0_0_6u_config2_U0/grp_compute_output_buffer_2d_array_array_ap_fixed_22_12_4_0_0_6u_config2_s_fu_118/grp_dense_resource_rf_gt_nin_rem0_ap_fixed_ap_fixed_22_12_4_0_0_config2_mult_s_fu_195/acc_314_reg_962_reg[16]/C is not reached by a timing clock
Related violations: <none>

TIMING-17#610 Critical Warning
Non-clocked sequential cell  
The clock pin conv_2d_cl_array_ap_fixed_1u_array_ap_fixed_22_12_4_0_0_6u_config2_U0/grp_compute_output_buffer_2d_array_array_ap_fixed_22_12_4_0_0_6u_config2_s_fu_118/grp_dense_resource_rf_gt_nin_rem0_ap_fixed_ap_fixed_22_12_4_0_0_config2_mult_s_fu_195/acc_314_reg_962_reg[17]/C is not reached by a timing clock
Related violations: <none>

TIMING-17#611 Critical Warning
Non-clocked sequential cell  
The clock pin conv_2d_cl_array_ap_fixed_1u_array_ap_fixed_22_12_4_0_0_6u_config2_U0/grp_compute_output_buffer_2d_array_array_ap_fixed_22_12_4_0_0_6u_config2_s_fu_118/grp_dense_resource_rf_gt_nin_rem0_ap_fixed_ap_fixed_22_12_4_0_0_config2_mult_s_fu_195/acc_314_reg_962_reg[18]/C is not reached by a timing clock
Related violations: <none>

TIMING-17#612 Critical Warning
Non-clocked sequential cell  
The clock pin conv_2d_cl_array_ap_fixed_1u_array_ap_fixed_22_12_4_0_0_6u_config2_U0/grp_compute_output_buffer_2d_array_array_ap_fixed_22_12_4_0_0_6u_config2_s_fu_118/grp_dense_resource_rf_gt_nin_rem0_ap_fixed_ap_fixed_22_12_4_0_0_config2_mult_s_fu_195/acc_314_reg_962_reg[19]/C is not reached by a timing clock
Related violations: <none>

TIMING-17#613 Critical Warning
Non-clocked sequential cell  
The clock pin conv_2d_cl_array_ap_fixed_1u_array_ap_fixed_22_12_4_0_0_6u_config2_U0/grp_compute_output_buffer_2d_array_array_ap_fixed_22_12_4_0_0_6u_config2_s_fu_118/grp_dense_resource_rf_gt_nin_rem0_ap_fixed_ap_fixed_22_12_4_0_0_config2_mult_s_fu_195/acc_314_reg_962_reg[1]/C is not reached by a timing clock
Related violations: <none>

TIMING-17#614 Critical Warning
Non-clocked sequential cell  
The clock pin conv_2d_cl_array_ap_fixed_1u_array_ap_fixed_22_12_4_0_0_6u_config2_U0/grp_compute_output_buffer_2d_array_array_ap_fixed_22_12_4_0_0_6u_config2_s_fu_118/grp_dense_resource_rf_gt_nin_rem0_ap_fixed_ap_fixed_22_12_4_0_0_config2_mult_s_fu_195/acc_314_reg_962_reg[20]/C is not reached by a timing clock
Related violations: <none>

TIMING-17#615 Critical Warning
Non-clocked sequential cell  
The clock pin conv_2d_cl_array_ap_fixed_1u_array_ap_fixed_22_12_4_0_0_6u_config2_U0/grp_compute_output_buffer_2d_array_array_ap_fixed_22_12_4_0_0_6u_config2_s_fu_118/grp_dense_resource_rf_gt_nin_rem0_ap_fixed_ap_fixed_22_12_4_0_0_config2_mult_s_fu_195/acc_314_reg_962_reg[21]/C is not reached by a timing clock
Related violations: <none>

TIMING-17#616 Critical Warning
Non-clocked sequential cell  
The clock pin conv_2d_cl_array_ap_fixed_1u_array_ap_fixed_22_12_4_0_0_6u_config2_U0/grp_compute_output_buffer_2d_array_array_ap_fixed_22_12_4_0_0_6u_config2_s_fu_118/grp_dense_resource_rf_gt_nin_rem0_ap_fixed_ap_fixed_22_12_4_0_0_config2_mult_s_fu_195/acc_314_reg_962_reg[2]/C is not reached by a timing clock
Related violations: <none>

TIMING-17#617 Critical Warning
Non-clocked sequential cell  
The clock pin conv_2d_cl_array_ap_fixed_1u_array_ap_fixed_22_12_4_0_0_6u_config2_U0/grp_compute_output_buffer_2d_array_array_ap_fixed_22_12_4_0_0_6u_config2_s_fu_118/grp_dense_resource_rf_gt_nin_rem0_ap_fixed_ap_fixed_22_12_4_0_0_config2_mult_s_fu_195/acc_314_reg_962_reg[3]/C is not reached by a timing clock
Related violations: <none>

TIMING-17#618 Critical Warning
Non-clocked sequential cell  
The clock pin conv_2d_cl_array_ap_fixed_1u_array_ap_fixed_22_12_4_0_0_6u_config2_U0/grp_compute_output_buffer_2d_array_array_ap_fixed_22_12_4_0_0_6u_config2_s_fu_118/grp_dense_resource_rf_gt_nin_rem0_ap_fixed_ap_fixed_22_12_4_0_0_config2_mult_s_fu_195/acc_314_reg_962_reg[4]/C is not reached by a timing clock
Related violations: <none>

TIMING-17#619 Critical Warning
Non-clocked sequential cell  
The clock pin conv_2d_cl_array_ap_fixed_1u_array_ap_fixed_22_12_4_0_0_6u_config2_U0/grp_compute_output_buffer_2d_array_array_ap_fixed_22_12_4_0_0_6u_config2_s_fu_118/grp_dense_resource_rf_gt_nin_rem0_ap_fixed_ap_fixed_22_12_4_0_0_config2_mult_s_fu_195/acc_314_reg_962_reg[5]/C is not reached by a timing clock
Related violations: <none>

TIMING-17#620 Critical Warning
Non-clocked sequential cell  
The clock pin conv_2d_cl_array_ap_fixed_1u_array_ap_fixed_22_12_4_0_0_6u_config2_U0/grp_compute_output_buffer_2d_array_array_ap_fixed_22_12_4_0_0_6u_config2_s_fu_118/grp_dense_resource_rf_gt_nin_rem0_ap_fixed_ap_fixed_22_12_4_0_0_config2_mult_s_fu_195/acc_314_reg_962_reg[6]/C is not reached by a timing clock
Related violations: <none>

TIMING-17#621 Critical Warning
Non-clocked sequential cell  
The clock pin conv_2d_cl_array_ap_fixed_1u_array_ap_fixed_22_12_4_0_0_6u_config2_U0/grp_compute_output_buffer_2d_array_array_ap_fixed_22_12_4_0_0_6u_config2_s_fu_118/grp_dense_resource_rf_gt_nin_rem0_ap_fixed_ap_fixed_22_12_4_0_0_config2_mult_s_fu_195/acc_314_reg_962_reg[7]/C is not reached by a timing clock
Related violations: <none>

TIMING-17#622 Critical Warning
Non-clocked sequential cell  
The clock pin conv_2d_cl_array_ap_fixed_1u_array_ap_fixed_22_12_4_0_0_6u_config2_U0/grp_compute_output_buffer_2d_array_array_ap_fixed_22_12_4_0_0_6u_config2_s_fu_118/grp_dense_resource_rf_gt_nin_rem0_ap_fixed_ap_fixed_22_12_4_0_0_config2_mult_s_fu_195/acc_314_reg_962_reg[8]/C is not reached by a timing clock
Related violations: <none>

TIMING-17#623 Critical Warning
Non-clocked sequential cell  
The clock pin conv_2d_cl_array_ap_fixed_1u_array_ap_fixed_22_12_4_0_0_6u_config2_U0/grp_compute_output_buffer_2d_array_array_ap_fixed_22_12_4_0_0_6u_config2_s_fu_118/grp_dense_resource_rf_gt_nin_rem0_ap_fixed_ap_fixed_22_12_4_0_0_config2_mult_s_fu_195/acc_314_reg_962_reg[9]/C is not reached by a timing clock
Related violations: <none>

TIMING-17#624 Critical Warning
Non-clocked sequential cell  
The clock pin conv_2d_cl_array_ap_fixed_1u_array_ap_fixed_22_12_4_0_0_6u_config2_U0/grp_compute_output_buffer_2d_array_array_ap_fixed_22_12_4_0_0_6u_config2_s_fu_118/grp_dense_resource_rf_gt_nin_rem0_ap_fixed_ap_fixed_22_12_4_0_0_config2_mult_s_fu_195/acc_412_reg_976_reg[0]/C is not reached by a timing clock
Related violations: <none>

TIMING-17#625 Critical Warning
Non-clocked sequential cell  
The clock pin conv_2d_cl_array_ap_fixed_1u_array_ap_fixed_22_12_4_0_0_6u_config2_U0/grp_compute_output_buffer_2d_array_array_ap_fixed_22_12_4_0_0_6u_config2_s_fu_118/grp_dense_resource_rf_gt_nin_rem0_ap_fixed_ap_fixed_22_12_4_0_0_config2_mult_s_fu_195/acc_412_reg_976_reg[10]/C is not reached by a timing clock
Related violations: <none>

TIMING-17#626 Critical Warning
Non-clocked sequential cell  
The clock pin conv_2d_cl_array_ap_fixed_1u_array_ap_fixed_22_12_4_0_0_6u_config2_U0/grp_compute_output_buffer_2d_array_array_ap_fixed_22_12_4_0_0_6u_config2_s_fu_118/grp_dense_resource_rf_gt_nin_rem0_ap_fixed_ap_fixed_22_12_4_0_0_config2_mult_s_fu_195/acc_412_reg_976_reg[11]/C is not reached by a timing clock
Related violations: <none>

TIMING-17#627 Critical Warning
Non-clocked sequential cell  
The clock pin conv_2d_cl_array_ap_fixed_1u_array_ap_fixed_22_12_4_0_0_6u_config2_U0/grp_compute_output_buffer_2d_array_array_ap_fixed_22_12_4_0_0_6u_config2_s_fu_118/grp_dense_resource_rf_gt_nin_rem0_ap_fixed_ap_fixed_22_12_4_0_0_config2_mult_s_fu_195/acc_412_reg_976_reg[12]/C is not reached by a timing clock
Related violations: <none>

TIMING-17#628 Critical Warning
Non-clocked sequential cell  
The clock pin conv_2d_cl_array_ap_fixed_1u_array_ap_fixed_22_12_4_0_0_6u_config2_U0/grp_compute_output_buffer_2d_array_array_ap_fixed_22_12_4_0_0_6u_config2_s_fu_118/grp_dense_resource_rf_gt_nin_rem0_ap_fixed_ap_fixed_22_12_4_0_0_config2_mult_s_fu_195/acc_412_reg_976_reg[13]/C is not reached by a timing clock
Related violations: <none>

TIMING-17#629 Critical Warning
Non-clocked sequential cell  
The clock pin conv_2d_cl_array_ap_fixed_1u_array_ap_fixed_22_12_4_0_0_6u_config2_U0/grp_compute_output_buffer_2d_array_array_ap_fixed_22_12_4_0_0_6u_config2_s_fu_118/grp_dense_resource_rf_gt_nin_rem0_ap_fixed_ap_fixed_22_12_4_0_0_config2_mult_s_fu_195/acc_412_reg_976_reg[14]/C is not reached by a timing clock
Related violations: <none>

TIMING-17#630 Critical Warning
Non-clocked sequential cell  
The clock pin conv_2d_cl_array_ap_fixed_1u_array_ap_fixed_22_12_4_0_0_6u_config2_U0/grp_compute_output_buffer_2d_array_array_ap_fixed_22_12_4_0_0_6u_config2_s_fu_118/grp_dense_resource_rf_gt_nin_rem0_ap_fixed_ap_fixed_22_12_4_0_0_config2_mult_s_fu_195/acc_412_reg_976_reg[15]/C is not reached by a timing clock
Related violations: <none>

TIMING-17#631 Critical Warning
Non-clocked sequential cell  
The clock pin conv_2d_cl_array_ap_fixed_1u_array_ap_fixed_22_12_4_0_0_6u_config2_U0/grp_compute_output_buffer_2d_array_array_ap_fixed_22_12_4_0_0_6u_config2_s_fu_118/grp_dense_resource_rf_gt_nin_rem0_ap_fixed_ap_fixed_22_12_4_0_0_config2_mult_s_fu_195/acc_412_reg_976_reg[16]/C is not reached by a timing clock
Related violations: <none>

TIMING-17#632 Critical Warning
Non-clocked sequential cell  
The clock pin conv_2d_cl_array_ap_fixed_1u_array_ap_fixed_22_12_4_0_0_6u_config2_U0/grp_compute_output_buffer_2d_array_array_ap_fixed_22_12_4_0_0_6u_config2_s_fu_118/grp_dense_resource_rf_gt_nin_rem0_ap_fixed_ap_fixed_22_12_4_0_0_config2_mult_s_fu_195/acc_412_reg_976_reg[17]/C is not reached by a timing clock
Related violations: <none>

TIMING-17#633 Critical Warning
Non-clocked sequential cell  
The clock pin conv_2d_cl_array_ap_fixed_1u_array_ap_fixed_22_12_4_0_0_6u_config2_U0/grp_compute_output_buffer_2d_array_array_ap_fixed_22_12_4_0_0_6u_config2_s_fu_118/grp_dense_resource_rf_gt_nin_rem0_ap_fixed_ap_fixed_22_12_4_0_0_config2_mult_s_fu_195/acc_412_reg_976_reg[18]/C is not reached by a timing clock
Related violations: <none>

TIMING-17#634 Critical Warning
Non-clocked sequential cell  
The clock pin conv_2d_cl_array_ap_fixed_1u_array_ap_fixed_22_12_4_0_0_6u_config2_U0/grp_compute_output_buffer_2d_array_array_ap_fixed_22_12_4_0_0_6u_config2_s_fu_118/grp_dense_resource_rf_gt_nin_rem0_ap_fixed_ap_fixed_22_12_4_0_0_config2_mult_s_fu_195/acc_412_reg_976_reg[19]/C is not reached by a timing clock
Related violations: <none>

TIMING-17#635 Critical Warning
Non-clocked sequential cell  
The clock pin conv_2d_cl_array_ap_fixed_1u_array_ap_fixed_22_12_4_0_0_6u_config2_U0/grp_compute_output_buffer_2d_array_array_ap_fixed_22_12_4_0_0_6u_config2_s_fu_118/grp_dense_resource_rf_gt_nin_rem0_ap_fixed_ap_fixed_22_12_4_0_0_config2_mult_s_fu_195/acc_412_reg_976_reg[1]/C is not reached by a timing clock
Related violations: <none>

TIMING-17#636 Critical Warning
Non-clocked sequential cell  
The clock pin conv_2d_cl_array_ap_fixed_1u_array_ap_fixed_22_12_4_0_0_6u_config2_U0/grp_compute_output_buffer_2d_array_array_ap_fixed_22_12_4_0_0_6u_config2_s_fu_118/grp_dense_resource_rf_gt_nin_rem0_ap_fixed_ap_fixed_22_12_4_0_0_config2_mult_s_fu_195/acc_412_reg_976_reg[20]/C is not reached by a timing clock
Related violations: <none>

TIMING-17#637 Critical Warning
Non-clocked sequential cell  
The clock pin conv_2d_cl_array_ap_fixed_1u_array_ap_fixed_22_12_4_0_0_6u_config2_U0/grp_compute_output_buffer_2d_array_array_ap_fixed_22_12_4_0_0_6u_config2_s_fu_118/grp_dense_resource_rf_gt_nin_rem0_ap_fixed_ap_fixed_22_12_4_0_0_config2_mult_s_fu_195/acc_412_reg_976_reg[21]/C is not reached by a timing clock
Related violations: <none>

TIMING-17#638 Critical Warning
Non-clocked sequential cell  
The clock pin conv_2d_cl_array_ap_fixed_1u_array_ap_fixed_22_12_4_0_0_6u_config2_U0/grp_compute_output_buffer_2d_array_array_ap_fixed_22_12_4_0_0_6u_config2_s_fu_118/grp_dense_resource_rf_gt_nin_rem0_ap_fixed_ap_fixed_22_12_4_0_0_config2_mult_s_fu_195/acc_412_reg_976_reg[2]/C is not reached by a timing clock
Related violations: <none>

TIMING-17#639 Critical Warning
Non-clocked sequential cell  
The clock pin conv_2d_cl_array_ap_fixed_1u_array_ap_fixed_22_12_4_0_0_6u_config2_U0/grp_compute_output_buffer_2d_array_array_ap_fixed_22_12_4_0_0_6u_config2_s_fu_118/grp_dense_resource_rf_gt_nin_rem0_ap_fixed_ap_fixed_22_12_4_0_0_config2_mult_s_fu_195/acc_412_reg_976_reg[3]/C is not reached by a timing clock
Related violations: <none>

TIMING-17#640 Critical Warning
Non-clocked sequential cell  
The clock pin conv_2d_cl_array_ap_fixed_1u_array_ap_fixed_22_12_4_0_0_6u_config2_U0/grp_compute_output_buffer_2d_array_array_ap_fixed_22_12_4_0_0_6u_config2_s_fu_118/grp_dense_resource_rf_gt_nin_rem0_ap_fixed_ap_fixed_22_12_4_0_0_config2_mult_s_fu_195/acc_412_reg_976_reg[4]/C is not reached by a timing clock
Related violations: <none>

TIMING-17#641 Critical Warning
Non-clocked sequential cell  
The clock pin conv_2d_cl_array_ap_fixed_1u_array_ap_fixed_22_12_4_0_0_6u_config2_U0/grp_compute_output_buffer_2d_array_array_ap_fixed_22_12_4_0_0_6u_config2_s_fu_118/grp_dense_resource_rf_gt_nin_rem0_ap_fixed_ap_fixed_22_12_4_0_0_config2_mult_s_fu_195/acc_412_reg_976_reg[5]/C is not reached by a timing clock
Related violations: <none>

TIMING-17#642 Critical Warning
Non-clocked sequential cell  
The clock pin conv_2d_cl_array_ap_fixed_1u_array_ap_fixed_22_12_4_0_0_6u_config2_U0/grp_compute_output_buffer_2d_array_array_ap_fixed_22_12_4_0_0_6u_config2_s_fu_118/grp_dense_resource_rf_gt_nin_rem0_ap_fixed_ap_fixed_22_12_4_0_0_config2_mult_s_fu_195/acc_412_reg_976_reg[6]/C is not reached by a timing clock
Related violations: <none>

TIMING-17#643 Critical Warning
Non-clocked sequential cell  
The clock pin conv_2d_cl_array_ap_fixed_1u_array_ap_fixed_22_12_4_0_0_6u_config2_U0/grp_compute_output_buffer_2d_array_array_ap_fixed_22_12_4_0_0_6u_config2_s_fu_118/grp_dense_resource_rf_gt_nin_rem0_ap_fixed_ap_fixed_22_12_4_0_0_config2_mult_s_fu_195/acc_412_reg_976_reg[7]/C is not reached by a timing clock
Related violations: <none>

TIMING-17#644 Critical Warning
Non-clocked sequential cell  
The clock pin conv_2d_cl_array_ap_fixed_1u_array_ap_fixed_22_12_4_0_0_6u_config2_U0/grp_compute_output_buffer_2d_array_array_ap_fixed_22_12_4_0_0_6u_config2_s_fu_118/grp_dense_resource_rf_gt_nin_rem0_ap_fixed_ap_fixed_22_12_4_0_0_config2_mult_s_fu_195/acc_412_reg_976_reg[8]/C is not reached by a timing clock
Related violations: <none>

TIMING-17#645 Critical Warning
Non-clocked sequential cell  
The clock pin conv_2d_cl_array_ap_fixed_1u_array_ap_fixed_22_12_4_0_0_6u_config2_U0/grp_compute_output_buffer_2d_array_array_ap_fixed_22_12_4_0_0_6u_config2_s_fu_118/grp_dense_resource_rf_gt_nin_rem0_ap_fixed_ap_fixed_22_12_4_0_0_config2_mult_s_fu_195/acc_412_reg_976_reg[9]/C is not reached by a timing clock
Related violations: <none>

TIMING-17#646 Critical Warning
Non-clocked sequential cell  
The clock pin conv_2d_cl_array_ap_fixed_1u_array_ap_fixed_22_12_4_0_0_6u_config2_U0/grp_compute_output_buffer_2d_array_array_ap_fixed_22_12_4_0_0_6u_config2_s_fu_118/grp_dense_resource_rf_gt_nin_rem0_ap_fixed_ap_fixed_22_12_4_0_0_config2_mult_s_fu_195/acc_510_reg_990_reg[0]/C is not reached by a timing clock
Related violations: <none>

TIMING-17#647 Critical Warning
Non-clocked sequential cell  
The clock pin conv_2d_cl_array_ap_fixed_1u_array_ap_fixed_22_12_4_0_0_6u_config2_U0/grp_compute_output_buffer_2d_array_array_ap_fixed_22_12_4_0_0_6u_config2_s_fu_118/grp_dense_resource_rf_gt_nin_rem0_ap_fixed_ap_fixed_22_12_4_0_0_config2_mult_s_fu_195/acc_510_reg_990_reg[10]/C is not reached by a timing clock
Related violations: <none>

TIMING-17#648 Critical Warning
Non-clocked sequential cell  
The clock pin conv_2d_cl_array_ap_fixed_1u_array_ap_fixed_22_12_4_0_0_6u_config2_U0/grp_compute_output_buffer_2d_array_array_ap_fixed_22_12_4_0_0_6u_config2_s_fu_118/grp_dense_resource_rf_gt_nin_rem0_ap_fixed_ap_fixed_22_12_4_0_0_config2_mult_s_fu_195/acc_510_reg_990_reg[11]/C is not reached by a timing clock
Related violations: <none>

TIMING-17#649 Critical Warning
Non-clocked sequential cell  
The clock pin conv_2d_cl_array_ap_fixed_1u_array_ap_fixed_22_12_4_0_0_6u_config2_U0/grp_compute_output_buffer_2d_array_array_ap_fixed_22_12_4_0_0_6u_config2_s_fu_118/grp_dense_resource_rf_gt_nin_rem0_ap_fixed_ap_fixed_22_12_4_0_0_config2_mult_s_fu_195/acc_510_reg_990_reg[12]/C is not reached by a timing clock
Related violations: <none>

TIMING-17#650 Critical Warning
Non-clocked sequential cell  
The clock pin conv_2d_cl_array_ap_fixed_1u_array_ap_fixed_22_12_4_0_0_6u_config2_U0/grp_compute_output_buffer_2d_array_array_ap_fixed_22_12_4_0_0_6u_config2_s_fu_118/grp_dense_resource_rf_gt_nin_rem0_ap_fixed_ap_fixed_22_12_4_0_0_config2_mult_s_fu_195/acc_510_reg_990_reg[13]/C is not reached by a timing clock
Related violations: <none>

TIMING-17#651 Critical Warning
Non-clocked sequential cell  
The clock pin conv_2d_cl_array_ap_fixed_1u_array_ap_fixed_22_12_4_0_0_6u_config2_U0/grp_compute_output_buffer_2d_array_array_ap_fixed_22_12_4_0_0_6u_config2_s_fu_118/grp_dense_resource_rf_gt_nin_rem0_ap_fixed_ap_fixed_22_12_4_0_0_config2_mult_s_fu_195/acc_510_reg_990_reg[14]/C is not reached by a timing clock
Related violations: <none>

TIMING-17#652 Critical Warning
Non-clocked sequential cell  
The clock pin conv_2d_cl_array_ap_fixed_1u_array_ap_fixed_22_12_4_0_0_6u_config2_U0/grp_compute_output_buffer_2d_array_array_ap_fixed_22_12_4_0_0_6u_config2_s_fu_118/grp_dense_resource_rf_gt_nin_rem0_ap_fixed_ap_fixed_22_12_4_0_0_config2_mult_s_fu_195/acc_510_reg_990_reg[15]/C is not reached by a timing clock
Related violations: <none>

TIMING-17#653 Critical Warning
Non-clocked sequential cell  
The clock pin conv_2d_cl_array_ap_fixed_1u_array_ap_fixed_22_12_4_0_0_6u_config2_U0/grp_compute_output_buffer_2d_array_array_ap_fixed_22_12_4_0_0_6u_config2_s_fu_118/grp_dense_resource_rf_gt_nin_rem0_ap_fixed_ap_fixed_22_12_4_0_0_config2_mult_s_fu_195/acc_510_reg_990_reg[16]/C is not reached by a timing clock
Related violations: <none>

TIMING-17#654 Critical Warning
Non-clocked sequential cell  
The clock pin conv_2d_cl_array_ap_fixed_1u_array_ap_fixed_22_12_4_0_0_6u_config2_U0/grp_compute_output_buffer_2d_array_array_ap_fixed_22_12_4_0_0_6u_config2_s_fu_118/grp_dense_resource_rf_gt_nin_rem0_ap_fixed_ap_fixed_22_12_4_0_0_config2_mult_s_fu_195/acc_510_reg_990_reg[17]/C is not reached by a timing clock
Related violations: <none>

TIMING-17#655 Critical Warning
Non-clocked sequential cell  
The clock pin conv_2d_cl_array_ap_fixed_1u_array_ap_fixed_22_12_4_0_0_6u_config2_U0/grp_compute_output_buffer_2d_array_array_ap_fixed_22_12_4_0_0_6u_config2_s_fu_118/grp_dense_resource_rf_gt_nin_rem0_ap_fixed_ap_fixed_22_12_4_0_0_config2_mult_s_fu_195/acc_510_reg_990_reg[18]/C is not reached by a timing clock
Related violations: <none>

TIMING-17#656 Critical Warning
Non-clocked sequential cell  
The clock pin conv_2d_cl_array_ap_fixed_1u_array_ap_fixed_22_12_4_0_0_6u_config2_U0/grp_compute_output_buffer_2d_array_array_ap_fixed_22_12_4_0_0_6u_config2_s_fu_118/grp_dense_resource_rf_gt_nin_rem0_ap_fixed_ap_fixed_22_12_4_0_0_config2_mult_s_fu_195/acc_510_reg_990_reg[19]/C is not reached by a timing clock
Related violations: <none>

TIMING-17#657 Critical Warning
Non-clocked sequential cell  
The clock pin conv_2d_cl_array_ap_fixed_1u_array_ap_fixed_22_12_4_0_0_6u_config2_U0/grp_compute_output_buffer_2d_array_array_ap_fixed_22_12_4_0_0_6u_config2_s_fu_118/grp_dense_resource_rf_gt_nin_rem0_ap_fixed_ap_fixed_22_12_4_0_0_config2_mult_s_fu_195/acc_510_reg_990_reg[1]/C is not reached by a timing clock
Related violations: <none>

TIMING-17#658 Critical Warning
Non-clocked sequential cell  
The clock pin conv_2d_cl_array_ap_fixed_1u_array_ap_fixed_22_12_4_0_0_6u_config2_U0/grp_compute_output_buffer_2d_array_array_ap_fixed_22_12_4_0_0_6u_config2_s_fu_118/grp_dense_resource_rf_gt_nin_rem0_ap_fixed_ap_fixed_22_12_4_0_0_config2_mult_s_fu_195/acc_510_reg_990_reg[20]/C is not reached by a timing clock
Related violations: <none>

TIMING-17#659 Critical Warning
Non-clocked sequential cell  
The clock pin conv_2d_cl_array_ap_fixed_1u_array_ap_fixed_22_12_4_0_0_6u_config2_U0/grp_compute_output_buffer_2d_array_array_ap_fixed_22_12_4_0_0_6u_config2_s_fu_118/grp_dense_resource_rf_gt_nin_rem0_ap_fixed_ap_fixed_22_12_4_0_0_config2_mult_s_fu_195/acc_510_reg_990_reg[21]/C is not reached by a timing clock
Related violations: <none>

TIMING-17#660 Critical Warning
Non-clocked sequential cell  
The clock pin conv_2d_cl_array_ap_fixed_1u_array_ap_fixed_22_12_4_0_0_6u_config2_U0/grp_compute_output_buffer_2d_array_array_ap_fixed_22_12_4_0_0_6u_config2_s_fu_118/grp_dense_resource_rf_gt_nin_rem0_ap_fixed_ap_fixed_22_12_4_0_0_config2_mult_s_fu_195/acc_510_reg_990_reg[2]/C is not reached by a timing clock
Related violations: <none>

TIMING-17#661 Critical Warning
Non-clocked sequential cell  
The clock pin conv_2d_cl_array_ap_fixed_1u_array_ap_fixed_22_12_4_0_0_6u_config2_U0/grp_compute_output_buffer_2d_array_array_ap_fixed_22_12_4_0_0_6u_config2_s_fu_118/grp_dense_resource_rf_gt_nin_rem0_ap_fixed_ap_fixed_22_12_4_0_0_config2_mult_s_fu_195/acc_510_reg_990_reg[3]/C is not reached by a timing clock
Related violations: <none>

TIMING-17#662 Critical Warning
Non-clocked sequential cell  
The clock pin conv_2d_cl_array_ap_fixed_1u_array_ap_fixed_22_12_4_0_0_6u_config2_U0/grp_compute_output_buffer_2d_array_array_ap_fixed_22_12_4_0_0_6u_config2_s_fu_118/grp_dense_resource_rf_gt_nin_rem0_ap_fixed_ap_fixed_22_12_4_0_0_config2_mult_s_fu_195/acc_510_reg_990_reg[4]/C is not reached by a timing clock
Related violations: <none>

TIMING-17#663 Critical Warning
Non-clocked sequential cell  
The clock pin conv_2d_cl_array_ap_fixed_1u_array_ap_fixed_22_12_4_0_0_6u_config2_U0/grp_compute_output_buffer_2d_array_array_ap_fixed_22_12_4_0_0_6u_config2_s_fu_118/grp_dense_resource_rf_gt_nin_rem0_ap_fixed_ap_fixed_22_12_4_0_0_config2_mult_s_fu_195/acc_510_reg_990_reg[5]/C is not reached by a timing clock
Related violations: <none>

TIMING-17#664 Critical Warning
Non-clocked sequential cell  
The clock pin conv_2d_cl_array_ap_fixed_1u_array_ap_fixed_22_12_4_0_0_6u_config2_U0/grp_compute_output_buffer_2d_array_array_ap_fixed_22_12_4_0_0_6u_config2_s_fu_118/grp_dense_resource_rf_gt_nin_rem0_ap_fixed_ap_fixed_22_12_4_0_0_config2_mult_s_fu_195/acc_510_reg_990_reg[6]/C is not reached by a timing clock
Related violations: <none>

TIMING-17#665 Critical Warning
Non-clocked sequential cell  
The clock pin conv_2d_cl_array_ap_fixed_1u_array_ap_fixed_22_12_4_0_0_6u_config2_U0/grp_compute_output_buffer_2d_array_array_ap_fixed_22_12_4_0_0_6u_config2_s_fu_118/grp_dense_resource_rf_gt_nin_rem0_ap_fixed_ap_fixed_22_12_4_0_0_config2_mult_s_fu_195/acc_510_reg_990_reg[7]/C is not reached by a timing clock
Related violations: <none>

TIMING-17#666 Critical Warning
Non-clocked sequential cell  
The clock pin conv_2d_cl_array_ap_fixed_1u_array_ap_fixed_22_12_4_0_0_6u_config2_U0/grp_compute_output_buffer_2d_array_array_ap_fixed_22_12_4_0_0_6u_config2_s_fu_118/grp_dense_resource_rf_gt_nin_rem0_ap_fixed_ap_fixed_22_12_4_0_0_config2_mult_s_fu_195/acc_510_reg_990_reg[8]/C is not reached by a timing clock
Related violations: <none>

TIMING-17#667 Critical Warning
Non-clocked sequential cell  
The clock pin conv_2d_cl_array_ap_fixed_1u_array_ap_fixed_22_12_4_0_0_6u_config2_U0/grp_compute_output_buffer_2d_array_array_ap_fixed_22_12_4_0_0_6u_config2_s_fu_118/grp_dense_resource_rf_gt_nin_rem0_ap_fixed_ap_fixed_22_12_4_0_0_config2_mult_s_fu_195/acc_510_reg_990_reg[9]/C is not reached by a timing clock
Related violations: <none>

TIMING-17#668 Critical Warning
Non-clocked sequential cell  
The clock pin conv_2d_cl_array_ap_fixed_1u_array_ap_fixed_22_12_4_0_0_6u_config2_U0/grp_compute_output_buffer_2d_array_array_ap_fixed_22_12_4_0_0_6u_config2_s_fu_118/grp_dense_resource_rf_gt_nin_rem0_ap_fixed_ap_fixed_22_12_4_0_0_config2_mult_s_fu_195/ap_CS_fsm_reg[0]/C is not reached by a timing clock
Related violations: <none>

TIMING-17#669 Critical Warning
Non-clocked sequential cell  
The clock pin conv_2d_cl_array_ap_fixed_1u_array_ap_fixed_22_12_4_0_0_6u_config2_U0/grp_compute_output_buffer_2d_array_array_ap_fixed_22_12_4_0_0_6u_config2_s_fu_118/grp_dense_resource_rf_gt_nin_rem0_ap_fixed_ap_fixed_22_12_4_0_0_config2_mult_s_fu_195/ap_CS_fsm_reg[1]/C is not reached by a timing clock
Related violations: <none>

TIMING-17#670 Critical Warning
Non-clocked sequential cell  
The clock pin conv_2d_cl_array_ap_fixed_1u_array_ap_fixed_22_12_4_0_0_6u_config2_U0/grp_compute_output_buffer_2d_array_array_ap_fixed_22_12_4_0_0_6u_config2_s_fu_118/grp_dense_resource_rf_gt_nin_rem0_ap_fixed_ap_fixed_22_12_4_0_0_config2_mult_s_fu_195/ap_enable_reg_pp0_iter1_reg/C is not reached by a timing clock
Related violations: <none>

TIMING-17#671 Critical Warning
Non-clocked sequential cell  
The clock pin conv_2d_cl_array_ap_fixed_1u_array_ap_fixed_22_12_4_0_0_6u_config2_U0/grp_compute_output_buffer_2d_array_array_ap_fixed_22_12_4_0_0_6u_config2_s_fu_118/grp_dense_resource_rf_gt_nin_rem0_ap_fixed_ap_fixed_22_12_4_0_0_config2_mult_s_fu_195/ap_enable_reg_pp0_iter2_reg/C is not reached by a timing clock
Related violations: <none>

TIMING-17#672 Critical Warning
Non-clocked sequential cell  
The clock pin conv_2d_cl_array_ap_fixed_1u_array_ap_fixed_22_12_4_0_0_6u_config2_U0/grp_compute_output_buffer_2d_array_array_ap_fixed_22_12_4_0_0_6u_config2_s_fu_118/grp_dense_resource_rf_gt_nin_rem0_ap_fixed_ap_fixed_22_12_4_0_0_config2_mult_s_fu_195/ap_phi_reg_pp0_iter1_p_ZZN4nnet24compute_output_buffer_2dINS_5arrayI8ap_fixedILi22ELi12EL9ap_q_mode4EL_757_reg_620_reg[0]/C is not reached by a timing clock
Related violations: <none>

TIMING-17#673 Critical Warning
Non-clocked sequential cell  
The clock pin conv_2d_cl_array_ap_fixed_1u_array_ap_fixed_22_12_4_0_0_6u_config2_U0/grp_compute_output_buffer_2d_array_array_ap_fixed_22_12_4_0_0_6u_config2_s_fu_118/grp_dense_resource_rf_gt_nin_rem0_ap_fixed_ap_fixed_22_12_4_0_0_config2_mult_s_fu_195/ap_phi_reg_pp0_iter1_p_ZZN4nnet24compute_output_buffer_2dINS_5arrayI8ap_fixedILi22ELi12EL9ap_q_mode4EL_757_reg_620_reg[10]/C is not reached by a timing clock
Related violations: <none>

TIMING-17#674 Critical Warning
Non-clocked sequential cell  
The clock pin conv_2d_cl_array_ap_fixed_1u_array_ap_fixed_22_12_4_0_0_6u_config2_U0/grp_compute_output_buffer_2d_array_array_ap_fixed_22_12_4_0_0_6u_config2_s_fu_118/grp_dense_resource_rf_gt_nin_rem0_ap_fixed_ap_fixed_22_12_4_0_0_config2_mult_s_fu_195/ap_phi_reg_pp0_iter1_p_ZZN4nnet24compute_output_buffer_2dINS_5arrayI8ap_fixedILi22ELi12EL9ap_q_mode4EL_757_reg_620_reg[11]/C is not reached by a timing clock
Related violations: <none>

TIMING-17#675 Critical Warning
Non-clocked sequential cell  
The clock pin conv_2d_cl_array_ap_fixed_1u_array_ap_fixed_22_12_4_0_0_6u_config2_U0/grp_compute_output_buffer_2d_array_array_ap_fixed_22_12_4_0_0_6u_config2_s_fu_118/grp_dense_resource_rf_gt_nin_rem0_ap_fixed_ap_fixed_22_12_4_0_0_config2_mult_s_fu_195/ap_phi_reg_pp0_iter1_p_ZZN4nnet24compute_output_buffer_2dINS_5arrayI8ap_fixedILi22ELi12EL9ap_q_mode4EL_757_reg_620_reg[12]/C is not reached by a timing clock
Related violations: <none>

TIMING-17#676 Critical Warning
Non-clocked sequential cell  
The clock pin conv_2d_cl_array_ap_fixed_1u_array_ap_fixed_22_12_4_0_0_6u_config2_U0/grp_compute_output_buffer_2d_array_array_ap_fixed_22_12_4_0_0_6u_config2_s_fu_118/grp_dense_resource_rf_gt_nin_rem0_ap_fixed_ap_fixed_22_12_4_0_0_config2_mult_s_fu_195/ap_phi_reg_pp0_iter1_p_ZZN4nnet24compute_output_buffer_2dINS_5arrayI8ap_fixedILi22ELi12EL9ap_q_mode4EL_757_reg_620_reg[13]/C is not reached by a timing clock
Related violations: <none>

TIMING-17#677 Critical Warning
Non-clocked sequential cell  
The clock pin conv_2d_cl_array_ap_fixed_1u_array_ap_fixed_22_12_4_0_0_6u_config2_U0/grp_compute_output_buffer_2d_array_array_ap_fixed_22_12_4_0_0_6u_config2_s_fu_118/grp_dense_resource_rf_gt_nin_rem0_ap_fixed_ap_fixed_22_12_4_0_0_config2_mult_s_fu_195/ap_phi_reg_pp0_iter1_p_ZZN4nnet24compute_output_buffer_2dINS_5arrayI8ap_fixedILi22ELi12EL9ap_q_mode4EL_757_reg_620_reg[14]/C is not reached by a timing clock
Related violations: <none>

TIMING-17#678 Critical Warning
Non-clocked sequential cell  
The clock pin conv_2d_cl_array_ap_fixed_1u_array_ap_fixed_22_12_4_0_0_6u_config2_U0/grp_compute_output_buffer_2d_array_array_ap_fixed_22_12_4_0_0_6u_config2_s_fu_118/grp_dense_resource_rf_gt_nin_rem0_ap_fixed_ap_fixed_22_12_4_0_0_config2_mult_s_fu_195/ap_phi_reg_pp0_iter1_p_ZZN4nnet24compute_output_buffer_2dINS_5arrayI8ap_fixedILi22ELi12EL9ap_q_mode4EL_757_reg_620_reg[15]/C is not reached by a timing clock
Related violations: <none>

TIMING-17#679 Critical Warning
Non-clocked sequential cell  
The clock pin conv_2d_cl_array_ap_fixed_1u_array_ap_fixed_22_12_4_0_0_6u_config2_U0/grp_compute_output_buffer_2d_array_array_ap_fixed_22_12_4_0_0_6u_config2_s_fu_118/grp_dense_resource_rf_gt_nin_rem0_ap_fixed_ap_fixed_22_12_4_0_0_config2_mult_s_fu_195/ap_phi_reg_pp0_iter1_p_ZZN4nnet24compute_output_buffer_2dINS_5arrayI8ap_fixedILi22ELi12EL9ap_q_mode4EL_757_reg_620_reg[16]/C is not reached by a timing clock
Related violations: <none>

TIMING-17#680 Critical Warning
Non-clocked sequential cell  
The clock pin conv_2d_cl_array_ap_fixed_1u_array_ap_fixed_22_12_4_0_0_6u_config2_U0/grp_compute_output_buffer_2d_array_array_ap_fixed_22_12_4_0_0_6u_config2_s_fu_118/grp_dense_resource_rf_gt_nin_rem0_ap_fixed_ap_fixed_22_12_4_0_0_config2_mult_s_fu_195/ap_phi_reg_pp0_iter1_p_ZZN4nnet24compute_output_buffer_2dINS_5arrayI8ap_fixedILi22ELi12EL9ap_q_mode4EL_757_reg_620_reg[17]/C is not reached by a timing clock
Related violations: <none>

TIMING-17#681 Critical Warning
Non-clocked sequential cell  
The clock pin conv_2d_cl_array_ap_fixed_1u_array_ap_fixed_22_12_4_0_0_6u_config2_U0/grp_compute_output_buffer_2d_array_array_ap_fixed_22_12_4_0_0_6u_config2_s_fu_118/grp_dense_resource_rf_gt_nin_rem0_ap_fixed_ap_fixed_22_12_4_0_0_config2_mult_s_fu_195/ap_phi_reg_pp0_iter1_p_ZZN4nnet24compute_output_buffer_2dINS_5arrayI8ap_fixedILi22ELi12EL9ap_q_mode4EL_757_reg_620_reg[18]/C is not reached by a timing clock
Related violations: <none>

TIMING-17#682 Critical Warning
Non-clocked sequential cell  
The clock pin conv_2d_cl_array_ap_fixed_1u_array_ap_fixed_22_12_4_0_0_6u_config2_U0/grp_compute_output_buffer_2d_array_array_ap_fixed_22_12_4_0_0_6u_config2_s_fu_118/grp_dense_resource_rf_gt_nin_rem0_ap_fixed_ap_fixed_22_12_4_0_0_config2_mult_s_fu_195/ap_phi_reg_pp0_iter1_p_ZZN4nnet24compute_output_buffer_2dINS_5arrayI8ap_fixedILi22ELi12EL9ap_q_mode4EL_757_reg_620_reg[19]/C is not reached by a timing clock
Related violations: <none>

TIMING-17#683 Critical Warning
Non-clocked sequential cell  
The clock pin conv_2d_cl_array_ap_fixed_1u_array_ap_fixed_22_12_4_0_0_6u_config2_U0/grp_compute_output_buffer_2d_array_array_ap_fixed_22_12_4_0_0_6u_config2_s_fu_118/grp_dense_resource_rf_gt_nin_rem0_ap_fixed_ap_fixed_22_12_4_0_0_config2_mult_s_fu_195/ap_phi_reg_pp0_iter1_p_ZZN4nnet24compute_output_buffer_2dINS_5arrayI8ap_fixedILi22ELi12EL9ap_q_mode4EL_757_reg_620_reg[1]/C is not reached by a timing clock
Related violations: <none>

TIMING-17#684 Critical Warning
Non-clocked sequential cell  
The clock pin conv_2d_cl_array_ap_fixed_1u_array_ap_fixed_22_12_4_0_0_6u_config2_U0/grp_compute_output_buffer_2d_array_array_ap_fixed_22_12_4_0_0_6u_config2_s_fu_118/grp_dense_resource_rf_gt_nin_rem0_ap_fixed_ap_fixed_22_12_4_0_0_config2_mult_s_fu_195/ap_phi_reg_pp0_iter1_p_ZZN4nnet24compute_output_buffer_2dINS_5arrayI8ap_fixedILi22ELi12EL9ap_q_mode4EL_757_reg_620_reg[20]/C is not reached by a timing clock
Related violations: <none>

TIMING-17#685 Critical Warning
Non-clocked sequential cell  
The clock pin conv_2d_cl_array_ap_fixed_1u_array_ap_fixed_22_12_4_0_0_6u_config2_U0/grp_compute_output_buffer_2d_array_array_ap_fixed_22_12_4_0_0_6u_config2_s_fu_118/grp_dense_resource_rf_gt_nin_rem0_ap_fixed_ap_fixed_22_12_4_0_0_config2_mult_s_fu_195/ap_phi_reg_pp0_iter1_p_ZZN4nnet24compute_output_buffer_2dINS_5arrayI8ap_fixedILi22ELi12EL9ap_q_mode4EL_757_reg_620_reg[21]/C is not reached by a timing clock
Related violations: <none>

TIMING-17#686 Critical Warning
Non-clocked sequential cell  
The clock pin conv_2d_cl_array_ap_fixed_1u_array_ap_fixed_22_12_4_0_0_6u_config2_U0/grp_compute_output_buffer_2d_array_array_ap_fixed_22_12_4_0_0_6u_config2_s_fu_118/grp_dense_resource_rf_gt_nin_rem0_ap_fixed_ap_fixed_22_12_4_0_0_config2_mult_s_fu_195/ap_phi_reg_pp0_iter1_p_ZZN4nnet24compute_output_buffer_2dINS_5arrayI8ap_fixedILi22ELi12EL9ap_q_mode4EL_757_reg_620_reg[2]/C is not reached by a timing clock
Related violations: <none>

TIMING-17#687 Critical Warning
Non-clocked sequential cell  
The clock pin conv_2d_cl_array_ap_fixed_1u_array_ap_fixed_22_12_4_0_0_6u_config2_U0/grp_compute_output_buffer_2d_array_array_ap_fixed_22_12_4_0_0_6u_config2_s_fu_118/grp_dense_resource_rf_gt_nin_rem0_ap_fixed_ap_fixed_22_12_4_0_0_config2_mult_s_fu_195/ap_phi_reg_pp0_iter1_p_ZZN4nnet24compute_output_buffer_2dINS_5arrayI8ap_fixedILi22ELi12EL9ap_q_mode4EL_757_reg_620_reg[3]/C is not reached by a timing clock
Related violations: <none>

TIMING-17#688 Critical Warning
Non-clocked sequential cell  
The clock pin conv_2d_cl_array_ap_fixed_1u_array_ap_fixed_22_12_4_0_0_6u_config2_U0/grp_compute_output_buffer_2d_array_array_ap_fixed_22_12_4_0_0_6u_config2_s_fu_118/grp_dense_resource_rf_gt_nin_rem0_ap_fixed_ap_fixed_22_12_4_0_0_config2_mult_s_fu_195/ap_phi_reg_pp0_iter1_p_ZZN4nnet24compute_output_buffer_2dINS_5arrayI8ap_fixedILi22ELi12EL9ap_q_mode4EL_757_reg_620_reg[4]/C is not reached by a timing clock
Related violations: <none>

TIMING-17#689 Critical Warning
Non-clocked sequential cell  
The clock pin conv_2d_cl_array_ap_fixed_1u_array_ap_fixed_22_12_4_0_0_6u_config2_U0/grp_compute_output_buffer_2d_array_array_ap_fixed_22_12_4_0_0_6u_config2_s_fu_118/grp_dense_resource_rf_gt_nin_rem0_ap_fixed_ap_fixed_22_12_4_0_0_config2_mult_s_fu_195/ap_phi_reg_pp0_iter1_p_ZZN4nnet24compute_output_buffer_2dINS_5arrayI8ap_fixedILi22ELi12EL9ap_q_mode4EL_757_reg_620_reg[5]/C is not reached by a timing clock
Related violations: <none>

TIMING-17#690 Critical Warning
Non-clocked sequential cell  
The clock pin conv_2d_cl_array_ap_fixed_1u_array_ap_fixed_22_12_4_0_0_6u_config2_U0/grp_compute_output_buffer_2d_array_array_ap_fixed_22_12_4_0_0_6u_config2_s_fu_118/grp_dense_resource_rf_gt_nin_rem0_ap_fixed_ap_fixed_22_12_4_0_0_config2_mult_s_fu_195/ap_phi_reg_pp0_iter1_p_ZZN4nnet24compute_output_buffer_2dINS_5arrayI8ap_fixedILi22ELi12EL9ap_q_mode4EL_757_reg_620_reg[6]/C is not reached by a timing clock
Related violations: <none>

TIMING-17#691 Critical Warning
Non-clocked sequential cell  
The clock pin conv_2d_cl_array_ap_fixed_1u_array_ap_fixed_22_12_4_0_0_6u_config2_U0/grp_compute_output_buffer_2d_array_array_ap_fixed_22_12_4_0_0_6u_config2_s_fu_118/grp_dense_resource_rf_gt_nin_rem0_ap_fixed_ap_fixed_22_12_4_0_0_config2_mult_s_fu_195/ap_phi_reg_pp0_iter1_p_ZZN4nnet24compute_output_buffer_2dINS_5arrayI8ap_fixedILi22ELi12EL9ap_q_mode4EL_757_reg_620_reg[7]/C is not reached by a timing clock
Related violations: <none>

TIMING-17#692 Critical Warning
Non-clocked sequential cell  
The clock pin conv_2d_cl_array_ap_fixed_1u_array_ap_fixed_22_12_4_0_0_6u_config2_U0/grp_compute_output_buffer_2d_array_array_ap_fixed_22_12_4_0_0_6u_config2_s_fu_118/grp_dense_resource_rf_gt_nin_rem0_ap_fixed_ap_fixed_22_12_4_0_0_config2_mult_s_fu_195/ap_phi_reg_pp0_iter1_p_ZZN4nnet24compute_output_buffer_2dINS_5arrayI8ap_fixedILi22ELi12EL9ap_q_mode4EL_757_reg_620_reg[8]/C is not reached by a timing clock
Related violations: <none>

TIMING-17#693 Critical Warning
Non-clocked sequential cell  
The clock pin conv_2d_cl_array_ap_fixed_1u_array_ap_fixed_22_12_4_0_0_6u_config2_U0/grp_compute_output_buffer_2d_array_array_ap_fixed_22_12_4_0_0_6u_config2_s_fu_118/grp_dense_resource_rf_gt_nin_rem0_ap_fixed_ap_fixed_22_12_4_0_0_config2_mult_s_fu_195/ap_phi_reg_pp0_iter1_p_ZZN4nnet24compute_output_buffer_2dINS_5arrayI8ap_fixedILi22ELi12EL9ap_q_mode4EL_757_reg_620_reg[9]/C is not reached by a timing clock
Related violations: <none>

TIMING-17#694 Critical Warning
Non-clocked sequential cell  
The clock pin conv_2d_cl_array_ap_fixed_1u_array_ap_fixed_22_12_4_0_0_6u_config2_U0/grp_compute_output_buffer_2d_array_array_ap_fixed_22_12_4_0_0_6u_config2_s_fu_118/grp_dense_resource_rf_gt_nin_rem0_ap_fixed_ap_fixed_22_12_4_0_0_config2_mult_s_fu_195/ap_phi_reg_pp0_iter1_p_ZZN4nnet24compute_output_buffer_2dINS_5arrayI8ap_fixedILi22ELi12EL9ap_q_mode4EL_758_reg_632_reg[0]/C is not reached by a timing clock
Related violations: <none>

TIMING-17#695 Critical Warning
Non-clocked sequential cell  
The clock pin conv_2d_cl_array_ap_fixed_1u_array_ap_fixed_22_12_4_0_0_6u_config2_U0/grp_compute_output_buffer_2d_array_array_ap_fixed_22_12_4_0_0_6u_config2_s_fu_118/grp_dense_resource_rf_gt_nin_rem0_ap_fixed_ap_fixed_22_12_4_0_0_config2_mult_s_fu_195/ap_phi_reg_pp0_iter1_p_ZZN4nnet24compute_output_buffer_2dINS_5arrayI8ap_fixedILi22ELi12EL9ap_q_mode4EL_758_reg_632_reg[10]/C is not reached by a timing clock
Related violations: <none>

TIMING-17#696 Critical Warning
Non-clocked sequential cell  
The clock pin conv_2d_cl_array_ap_fixed_1u_array_ap_fixed_22_12_4_0_0_6u_config2_U0/grp_compute_output_buffer_2d_array_array_ap_fixed_22_12_4_0_0_6u_config2_s_fu_118/grp_dense_resource_rf_gt_nin_rem0_ap_fixed_ap_fixed_22_12_4_0_0_config2_mult_s_fu_195/ap_phi_reg_pp0_iter1_p_ZZN4nnet24compute_output_buffer_2dINS_5arrayI8ap_fixedILi22ELi12EL9ap_q_mode4EL_758_reg_632_reg[11]/C is not reached by a timing clock
Related violations: <none>

TIMING-17#697 Critical Warning
Non-clocked sequential cell  
The clock pin conv_2d_cl_array_ap_fixed_1u_array_ap_fixed_22_12_4_0_0_6u_config2_U0/grp_compute_output_buffer_2d_array_array_ap_fixed_22_12_4_0_0_6u_config2_s_fu_118/grp_dense_resource_rf_gt_nin_rem0_ap_fixed_ap_fixed_22_12_4_0_0_config2_mult_s_fu_195/ap_phi_reg_pp0_iter1_p_ZZN4nnet24compute_output_buffer_2dINS_5arrayI8ap_fixedILi22ELi12EL9ap_q_mode4EL_758_reg_632_reg[12]/C is not reached by a timing clock
Related violations: <none>

TIMING-17#698 Critical Warning
Non-clocked sequential cell  
The clock pin conv_2d_cl_array_ap_fixed_1u_array_ap_fixed_22_12_4_0_0_6u_config2_U0/grp_compute_output_buffer_2d_array_array_ap_fixed_22_12_4_0_0_6u_config2_s_fu_118/grp_dense_resource_rf_gt_nin_rem0_ap_fixed_ap_fixed_22_12_4_0_0_config2_mult_s_fu_195/ap_phi_reg_pp0_iter1_p_ZZN4nnet24compute_output_buffer_2dINS_5arrayI8ap_fixedILi22ELi12EL9ap_q_mode4EL_758_reg_632_reg[13]/C is not reached by a timing clock
Related violations: <none>

TIMING-17#699 Critical Warning
Non-clocked sequential cell  
The clock pin conv_2d_cl_array_ap_fixed_1u_array_ap_fixed_22_12_4_0_0_6u_config2_U0/grp_compute_output_buffer_2d_array_array_ap_fixed_22_12_4_0_0_6u_config2_s_fu_118/grp_dense_resource_rf_gt_nin_rem0_ap_fixed_ap_fixed_22_12_4_0_0_config2_mult_s_fu_195/ap_phi_reg_pp0_iter1_p_ZZN4nnet24compute_output_buffer_2dINS_5arrayI8ap_fixedILi22ELi12EL9ap_q_mode4EL_758_reg_632_reg[14]/C is not reached by a timing clock
Related violations: <none>

TIMING-17#700 Critical Warning
Non-clocked sequential cell  
The clock pin conv_2d_cl_array_ap_fixed_1u_array_ap_fixed_22_12_4_0_0_6u_config2_U0/grp_compute_output_buffer_2d_array_array_ap_fixed_22_12_4_0_0_6u_config2_s_fu_118/grp_dense_resource_rf_gt_nin_rem0_ap_fixed_ap_fixed_22_12_4_0_0_config2_mult_s_fu_195/ap_phi_reg_pp0_iter1_p_ZZN4nnet24compute_output_buffer_2dINS_5arrayI8ap_fixedILi22ELi12EL9ap_q_mode4EL_758_reg_632_reg[15]/C is not reached by a timing clock
Related violations: <none>

TIMING-17#701 Critical Warning
Non-clocked sequential cell  
The clock pin conv_2d_cl_array_ap_fixed_1u_array_ap_fixed_22_12_4_0_0_6u_config2_U0/grp_compute_output_buffer_2d_array_array_ap_fixed_22_12_4_0_0_6u_config2_s_fu_118/grp_dense_resource_rf_gt_nin_rem0_ap_fixed_ap_fixed_22_12_4_0_0_config2_mult_s_fu_195/ap_phi_reg_pp0_iter1_p_ZZN4nnet24compute_output_buffer_2dINS_5arrayI8ap_fixedILi22ELi12EL9ap_q_mode4EL_758_reg_632_reg[16]/C is not reached by a timing clock
Related violations: <none>

TIMING-17#702 Critical Warning
Non-clocked sequential cell  
The clock pin conv_2d_cl_array_ap_fixed_1u_array_ap_fixed_22_12_4_0_0_6u_config2_U0/grp_compute_output_buffer_2d_array_array_ap_fixed_22_12_4_0_0_6u_config2_s_fu_118/grp_dense_resource_rf_gt_nin_rem0_ap_fixed_ap_fixed_22_12_4_0_0_config2_mult_s_fu_195/ap_phi_reg_pp0_iter1_p_ZZN4nnet24compute_output_buffer_2dINS_5arrayI8ap_fixedILi22ELi12EL9ap_q_mode4EL_758_reg_632_reg[17]/C is not reached by a timing clock
Related violations: <none>

TIMING-17#703 Critical Warning
Non-clocked sequential cell  
The clock pin conv_2d_cl_array_ap_fixed_1u_array_ap_fixed_22_12_4_0_0_6u_config2_U0/grp_compute_output_buffer_2d_array_array_ap_fixed_22_12_4_0_0_6u_config2_s_fu_118/grp_dense_resource_rf_gt_nin_rem0_ap_fixed_ap_fixed_22_12_4_0_0_config2_mult_s_fu_195/ap_phi_reg_pp0_iter1_p_ZZN4nnet24compute_output_buffer_2dINS_5arrayI8ap_fixedILi22ELi12EL9ap_q_mode4EL_758_reg_632_reg[18]/C is not reached by a timing clock
Related violations: <none>

TIMING-17#704 Critical Warning
Non-clocked sequential cell  
The clock pin conv_2d_cl_array_ap_fixed_1u_array_ap_fixed_22_12_4_0_0_6u_config2_U0/grp_compute_output_buffer_2d_array_array_ap_fixed_22_12_4_0_0_6u_config2_s_fu_118/grp_dense_resource_rf_gt_nin_rem0_ap_fixed_ap_fixed_22_12_4_0_0_config2_mult_s_fu_195/ap_phi_reg_pp0_iter1_p_ZZN4nnet24compute_output_buffer_2dINS_5arrayI8ap_fixedILi22ELi12EL9ap_q_mode4EL_758_reg_632_reg[19]/C is not reached by a timing clock
Related violations: <none>

TIMING-17#705 Critical Warning
Non-clocked sequential cell  
The clock pin conv_2d_cl_array_ap_fixed_1u_array_ap_fixed_22_12_4_0_0_6u_config2_U0/grp_compute_output_buffer_2d_array_array_ap_fixed_22_12_4_0_0_6u_config2_s_fu_118/grp_dense_resource_rf_gt_nin_rem0_ap_fixed_ap_fixed_22_12_4_0_0_config2_mult_s_fu_195/ap_phi_reg_pp0_iter1_p_ZZN4nnet24compute_output_buffer_2dINS_5arrayI8ap_fixedILi22ELi12EL9ap_q_mode4EL_758_reg_632_reg[1]/C is not reached by a timing clock
Related violations: <none>

TIMING-17#706 Critical Warning
Non-clocked sequential cell  
The clock pin conv_2d_cl_array_ap_fixed_1u_array_ap_fixed_22_12_4_0_0_6u_config2_U0/grp_compute_output_buffer_2d_array_array_ap_fixed_22_12_4_0_0_6u_config2_s_fu_118/grp_dense_resource_rf_gt_nin_rem0_ap_fixed_ap_fixed_22_12_4_0_0_config2_mult_s_fu_195/ap_phi_reg_pp0_iter1_p_ZZN4nnet24compute_output_buffer_2dINS_5arrayI8ap_fixedILi22ELi12EL9ap_q_mode4EL_758_reg_632_reg[20]/C is not reached by a timing clock
Related violations: <none>

TIMING-17#707 Critical Warning
Non-clocked sequential cell  
The clock pin conv_2d_cl_array_ap_fixed_1u_array_ap_fixed_22_12_4_0_0_6u_config2_U0/grp_compute_output_buffer_2d_array_array_ap_fixed_22_12_4_0_0_6u_config2_s_fu_118/grp_dense_resource_rf_gt_nin_rem0_ap_fixed_ap_fixed_22_12_4_0_0_config2_mult_s_fu_195/ap_phi_reg_pp0_iter1_p_ZZN4nnet24compute_output_buffer_2dINS_5arrayI8ap_fixedILi22ELi12EL9ap_q_mode4EL_758_reg_632_reg[21]/C is not reached by a timing clock
Related violations: <none>

TIMING-17#708 Critical Warning
Non-clocked sequential cell  
The clock pin conv_2d_cl_array_ap_fixed_1u_array_ap_fixed_22_12_4_0_0_6u_config2_U0/grp_compute_output_buffer_2d_array_array_ap_fixed_22_12_4_0_0_6u_config2_s_fu_118/grp_dense_resource_rf_gt_nin_rem0_ap_fixed_ap_fixed_22_12_4_0_0_config2_mult_s_fu_195/ap_phi_reg_pp0_iter1_p_ZZN4nnet24compute_output_buffer_2dINS_5arrayI8ap_fixedILi22ELi12EL9ap_q_mode4EL_758_reg_632_reg[2]/C is not reached by a timing clock
Related violations: <none>

TIMING-17#709 Critical Warning
Non-clocked sequential cell  
The clock pin conv_2d_cl_array_ap_fixed_1u_array_ap_fixed_22_12_4_0_0_6u_config2_U0/grp_compute_output_buffer_2d_array_array_ap_fixed_22_12_4_0_0_6u_config2_s_fu_118/grp_dense_resource_rf_gt_nin_rem0_ap_fixed_ap_fixed_22_12_4_0_0_config2_mult_s_fu_195/ap_phi_reg_pp0_iter1_p_ZZN4nnet24compute_output_buffer_2dINS_5arrayI8ap_fixedILi22ELi12EL9ap_q_mode4EL_758_reg_632_reg[3]/C is not reached by a timing clock
Related violations: <none>

TIMING-17#710 Critical Warning
Non-clocked sequential cell  
The clock pin conv_2d_cl_array_ap_fixed_1u_array_ap_fixed_22_12_4_0_0_6u_config2_U0/grp_compute_output_buffer_2d_array_array_ap_fixed_22_12_4_0_0_6u_config2_s_fu_118/grp_dense_resource_rf_gt_nin_rem0_ap_fixed_ap_fixed_22_12_4_0_0_config2_mult_s_fu_195/ap_phi_reg_pp0_iter1_p_ZZN4nnet24compute_output_buffer_2dINS_5arrayI8ap_fixedILi22ELi12EL9ap_q_mode4EL_758_reg_632_reg[4]/C is not reached by a timing clock
Related violations: <none>

TIMING-17#711 Critical Warning
Non-clocked sequential cell  
The clock pin conv_2d_cl_array_ap_fixed_1u_array_ap_fixed_22_12_4_0_0_6u_config2_U0/grp_compute_output_buffer_2d_array_array_ap_fixed_22_12_4_0_0_6u_config2_s_fu_118/grp_dense_resource_rf_gt_nin_rem0_ap_fixed_ap_fixed_22_12_4_0_0_config2_mult_s_fu_195/ap_phi_reg_pp0_iter1_p_ZZN4nnet24compute_output_buffer_2dINS_5arrayI8ap_fixedILi22ELi12EL9ap_q_mode4EL_758_reg_632_reg[5]/C is not reached by a timing clock
Related violations: <none>

TIMING-17#712 Critical Warning
Non-clocked sequential cell  
The clock pin conv_2d_cl_array_ap_fixed_1u_array_ap_fixed_22_12_4_0_0_6u_config2_U0/grp_compute_output_buffer_2d_array_array_ap_fixed_22_12_4_0_0_6u_config2_s_fu_118/grp_dense_resource_rf_gt_nin_rem0_ap_fixed_ap_fixed_22_12_4_0_0_config2_mult_s_fu_195/ap_phi_reg_pp0_iter1_p_ZZN4nnet24compute_output_buffer_2dINS_5arrayI8ap_fixedILi22ELi12EL9ap_q_mode4EL_758_reg_632_reg[6]/C is not reached by a timing clock
Related violations: <none>

TIMING-17#713 Critical Warning
Non-clocked sequential cell  
The clock pin conv_2d_cl_array_ap_fixed_1u_array_ap_fixed_22_12_4_0_0_6u_config2_U0/grp_compute_output_buffer_2d_array_array_ap_fixed_22_12_4_0_0_6u_config2_s_fu_118/grp_dense_resource_rf_gt_nin_rem0_ap_fixed_ap_fixed_22_12_4_0_0_config2_mult_s_fu_195/ap_phi_reg_pp0_iter1_p_ZZN4nnet24compute_output_buffer_2dINS_5arrayI8ap_fixedILi22ELi12EL9ap_q_mode4EL_758_reg_632_reg[7]/C is not reached by a timing clock
Related violations: <none>

TIMING-17#714 Critical Warning
Non-clocked sequential cell  
The clock pin conv_2d_cl_array_ap_fixed_1u_array_ap_fixed_22_12_4_0_0_6u_config2_U0/grp_compute_output_buffer_2d_array_array_ap_fixed_22_12_4_0_0_6u_config2_s_fu_118/grp_dense_resource_rf_gt_nin_rem0_ap_fixed_ap_fixed_22_12_4_0_0_config2_mult_s_fu_195/ap_phi_reg_pp0_iter1_p_ZZN4nnet24compute_output_buffer_2dINS_5arrayI8ap_fixedILi22ELi12EL9ap_q_mode4EL_758_reg_632_reg[8]/C is not reached by a timing clock
Related violations: <none>

TIMING-17#715 Critical Warning
Non-clocked sequential cell  
The clock pin conv_2d_cl_array_ap_fixed_1u_array_ap_fixed_22_12_4_0_0_6u_config2_U0/grp_compute_output_buffer_2d_array_array_ap_fixed_22_12_4_0_0_6u_config2_s_fu_118/grp_dense_resource_rf_gt_nin_rem0_ap_fixed_ap_fixed_22_12_4_0_0_config2_mult_s_fu_195/ap_phi_reg_pp0_iter1_p_ZZN4nnet24compute_output_buffer_2dINS_5arrayI8ap_fixedILi22ELi12EL9ap_q_mode4EL_758_reg_632_reg[9]/C is not reached by a timing clock
Related violations: <none>

TIMING-17#716 Critical Warning
Non-clocked sequential cell  
The clock pin conv_2d_cl_array_ap_fixed_1u_array_ap_fixed_22_12_4_0_0_6u_config2_U0/grp_compute_output_buffer_2d_array_array_ap_fixed_22_12_4_0_0_6u_config2_s_fu_118/grp_dense_resource_rf_gt_nin_rem0_ap_fixed_ap_fixed_22_12_4_0_0_config2_mult_s_fu_195/ap_phi_reg_pp0_iter1_p_ZZN4nnet24compute_output_buffer_2dINS_5arrayI8ap_fixedILi22ELi12EL9ap_q_mode4EL_759_reg_644_reg[0]/C is not reached by a timing clock
Related violations: <none>

TIMING-17#717 Critical Warning
Non-clocked sequential cell  
The clock pin conv_2d_cl_array_ap_fixed_1u_array_ap_fixed_22_12_4_0_0_6u_config2_U0/grp_compute_output_buffer_2d_array_array_ap_fixed_22_12_4_0_0_6u_config2_s_fu_118/grp_dense_resource_rf_gt_nin_rem0_ap_fixed_ap_fixed_22_12_4_0_0_config2_mult_s_fu_195/ap_phi_reg_pp0_iter1_p_ZZN4nnet24compute_output_buffer_2dINS_5arrayI8ap_fixedILi22ELi12EL9ap_q_mode4EL_759_reg_644_reg[10]/C is not reached by a timing clock
Related violations: <none>

TIMING-17#718 Critical Warning
Non-clocked sequential cell  
The clock pin conv_2d_cl_array_ap_fixed_1u_array_ap_fixed_22_12_4_0_0_6u_config2_U0/grp_compute_output_buffer_2d_array_array_ap_fixed_22_12_4_0_0_6u_config2_s_fu_118/grp_dense_resource_rf_gt_nin_rem0_ap_fixed_ap_fixed_22_12_4_0_0_config2_mult_s_fu_195/ap_phi_reg_pp0_iter1_p_ZZN4nnet24compute_output_buffer_2dINS_5arrayI8ap_fixedILi22ELi12EL9ap_q_mode4EL_759_reg_644_reg[11]/C is not reached by a timing clock
Related violations: <none>

TIMING-17#719 Critical Warning
Non-clocked sequential cell  
The clock pin conv_2d_cl_array_ap_fixed_1u_array_ap_fixed_22_12_4_0_0_6u_config2_U0/grp_compute_output_buffer_2d_array_array_ap_fixed_22_12_4_0_0_6u_config2_s_fu_118/grp_dense_resource_rf_gt_nin_rem0_ap_fixed_ap_fixed_22_12_4_0_0_config2_mult_s_fu_195/ap_phi_reg_pp0_iter1_p_ZZN4nnet24compute_output_buffer_2dINS_5arrayI8ap_fixedILi22ELi12EL9ap_q_mode4EL_759_reg_644_reg[12]/C is not reached by a timing clock
Related violations: <none>

TIMING-17#720 Critical Warning
Non-clocked sequential cell  
The clock pin conv_2d_cl_array_ap_fixed_1u_array_ap_fixed_22_12_4_0_0_6u_config2_U0/grp_compute_output_buffer_2d_array_array_ap_fixed_22_12_4_0_0_6u_config2_s_fu_118/grp_dense_resource_rf_gt_nin_rem0_ap_fixed_ap_fixed_22_12_4_0_0_config2_mult_s_fu_195/ap_phi_reg_pp0_iter1_p_ZZN4nnet24compute_output_buffer_2dINS_5arrayI8ap_fixedILi22ELi12EL9ap_q_mode4EL_759_reg_644_reg[13]/C is not reached by a timing clock
Related violations: <none>

TIMING-17#721 Critical Warning
Non-clocked sequential cell  
The clock pin conv_2d_cl_array_ap_fixed_1u_array_ap_fixed_22_12_4_0_0_6u_config2_U0/grp_compute_output_buffer_2d_array_array_ap_fixed_22_12_4_0_0_6u_config2_s_fu_118/grp_dense_resource_rf_gt_nin_rem0_ap_fixed_ap_fixed_22_12_4_0_0_config2_mult_s_fu_195/ap_phi_reg_pp0_iter1_p_ZZN4nnet24compute_output_buffer_2dINS_5arrayI8ap_fixedILi22ELi12EL9ap_q_mode4EL_759_reg_644_reg[14]/C is not reached by a timing clock
Related violations: <none>

TIMING-17#722 Critical Warning
Non-clocked sequential cell  
The clock pin conv_2d_cl_array_ap_fixed_1u_array_ap_fixed_22_12_4_0_0_6u_config2_U0/grp_compute_output_buffer_2d_array_array_ap_fixed_22_12_4_0_0_6u_config2_s_fu_118/grp_dense_resource_rf_gt_nin_rem0_ap_fixed_ap_fixed_22_12_4_0_0_config2_mult_s_fu_195/ap_phi_reg_pp0_iter1_p_ZZN4nnet24compute_output_buffer_2dINS_5arrayI8ap_fixedILi22ELi12EL9ap_q_mode4EL_759_reg_644_reg[15]/C is not reached by a timing clock
Related violations: <none>

TIMING-17#723 Critical Warning
Non-clocked sequential cell  
The clock pin conv_2d_cl_array_ap_fixed_1u_array_ap_fixed_22_12_4_0_0_6u_config2_U0/grp_compute_output_buffer_2d_array_array_ap_fixed_22_12_4_0_0_6u_config2_s_fu_118/grp_dense_resource_rf_gt_nin_rem0_ap_fixed_ap_fixed_22_12_4_0_0_config2_mult_s_fu_195/ap_phi_reg_pp0_iter1_p_ZZN4nnet24compute_output_buffer_2dINS_5arrayI8ap_fixedILi22ELi12EL9ap_q_mode4EL_759_reg_644_reg[16]/C is not reached by a timing clock
Related violations: <none>

TIMING-17#724 Critical Warning
Non-clocked sequential cell  
The clock pin conv_2d_cl_array_ap_fixed_1u_array_ap_fixed_22_12_4_0_0_6u_config2_U0/grp_compute_output_buffer_2d_array_array_ap_fixed_22_12_4_0_0_6u_config2_s_fu_118/grp_dense_resource_rf_gt_nin_rem0_ap_fixed_ap_fixed_22_12_4_0_0_config2_mult_s_fu_195/ap_phi_reg_pp0_iter1_p_ZZN4nnet24compute_output_buffer_2dINS_5arrayI8ap_fixedILi22ELi12EL9ap_q_mode4EL_759_reg_644_reg[17]/C is not reached by a timing clock
Related violations: <none>

TIMING-17#725 Critical Warning
Non-clocked sequential cell  
The clock pin conv_2d_cl_array_ap_fixed_1u_array_ap_fixed_22_12_4_0_0_6u_config2_U0/grp_compute_output_buffer_2d_array_array_ap_fixed_22_12_4_0_0_6u_config2_s_fu_118/grp_dense_resource_rf_gt_nin_rem0_ap_fixed_ap_fixed_22_12_4_0_0_config2_mult_s_fu_195/ap_phi_reg_pp0_iter1_p_ZZN4nnet24compute_output_buffer_2dINS_5arrayI8ap_fixedILi22ELi12EL9ap_q_mode4EL_759_reg_644_reg[18]/C is not reached by a timing clock
Related violations: <none>

TIMING-17#726 Critical Warning
Non-clocked sequential cell  
The clock pin conv_2d_cl_array_ap_fixed_1u_array_ap_fixed_22_12_4_0_0_6u_config2_U0/grp_compute_output_buffer_2d_array_array_ap_fixed_22_12_4_0_0_6u_config2_s_fu_118/grp_dense_resource_rf_gt_nin_rem0_ap_fixed_ap_fixed_22_12_4_0_0_config2_mult_s_fu_195/ap_phi_reg_pp0_iter1_p_ZZN4nnet24compute_output_buffer_2dINS_5arrayI8ap_fixedILi22ELi12EL9ap_q_mode4EL_759_reg_644_reg[19]/C is not reached by a timing clock
Related violations: <none>

TIMING-17#727 Critical Warning
Non-clocked sequential cell  
The clock pin conv_2d_cl_array_ap_fixed_1u_array_ap_fixed_22_12_4_0_0_6u_config2_U0/grp_compute_output_buffer_2d_array_array_ap_fixed_22_12_4_0_0_6u_config2_s_fu_118/grp_dense_resource_rf_gt_nin_rem0_ap_fixed_ap_fixed_22_12_4_0_0_config2_mult_s_fu_195/ap_phi_reg_pp0_iter1_p_ZZN4nnet24compute_output_buffer_2dINS_5arrayI8ap_fixedILi22ELi12EL9ap_q_mode4EL_759_reg_644_reg[1]/C is not reached by a timing clock
Related violations: <none>

TIMING-17#728 Critical Warning
Non-clocked sequential cell  
The clock pin conv_2d_cl_array_ap_fixed_1u_array_ap_fixed_22_12_4_0_0_6u_config2_U0/grp_compute_output_buffer_2d_array_array_ap_fixed_22_12_4_0_0_6u_config2_s_fu_118/grp_dense_resource_rf_gt_nin_rem0_ap_fixed_ap_fixed_22_12_4_0_0_config2_mult_s_fu_195/ap_phi_reg_pp0_iter1_p_ZZN4nnet24compute_output_buffer_2dINS_5arrayI8ap_fixedILi22ELi12EL9ap_q_mode4EL_759_reg_644_reg[20]/C is not reached by a timing clock
Related violations: <none>

TIMING-17#729 Critical Warning
Non-clocked sequential cell  
The clock pin conv_2d_cl_array_ap_fixed_1u_array_ap_fixed_22_12_4_0_0_6u_config2_U0/grp_compute_output_buffer_2d_array_array_ap_fixed_22_12_4_0_0_6u_config2_s_fu_118/grp_dense_resource_rf_gt_nin_rem0_ap_fixed_ap_fixed_22_12_4_0_0_config2_mult_s_fu_195/ap_phi_reg_pp0_iter1_p_ZZN4nnet24compute_output_buffer_2dINS_5arrayI8ap_fixedILi22ELi12EL9ap_q_mode4EL_759_reg_644_reg[21]/C is not reached by a timing clock
Related violations: <none>

TIMING-17#730 Critical Warning
Non-clocked sequential cell  
The clock pin conv_2d_cl_array_ap_fixed_1u_array_ap_fixed_22_12_4_0_0_6u_config2_U0/grp_compute_output_buffer_2d_array_array_ap_fixed_22_12_4_0_0_6u_config2_s_fu_118/grp_dense_resource_rf_gt_nin_rem0_ap_fixed_ap_fixed_22_12_4_0_0_config2_mult_s_fu_195/ap_phi_reg_pp0_iter1_p_ZZN4nnet24compute_output_buffer_2dINS_5arrayI8ap_fixedILi22ELi12EL9ap_q_mode4EL_759_reg_644_reg[2]/C is not reached by a timing clock
Related violations: <none>

TIMING-17#731 Critical Warning
Non-clocked sequential cell  
The clock pin conv_2d_cl_array_ap_fixed_1u_array_ap_fixed_22_12_4_0_0_6u_config2_U0/grp_compute_output_buffer_2d_array_array_ap_fixed_22_12_4_0_0_6u_config2_s_fu_118/grp_dense_resource_rf_gt_nin_rem0_ap_fixed_ap_fixed_22_12_4_0_0_config2_mult_s_fu_195/ap_phi_reg_pp0_iter1_p_ZZN4nnet24compute_output_buffer_2dINS_5arrayI8ap_fixedILi22ELi12EL9ap_q_mode4EL_759_reg_644_reg[3]/C is not reached by a timing clock
Related violations: <none>

TIMING-17#732 Critical Warning
Non-clocked sequential cell  
The clock pin conv_2d_cl_array_ap_fixed_1u_array_ap_fixed_22_12_4_0_0_6u_config2_U0/grp_compute_output_buffer_2d_array_array_ap_fixed_22_12_4_0_0_6u_config2_s_fu_118/grp_dense_resource_rf_gt_nin_rem0_ap_fixed_ap_fixed_22_12_4_0_0_config2_mult_s_fu_195/ap_phi_reg_pp0_iter1_p_ZZN4nnet24compute_output_buffer_2dINS_5arrayI8ap_fixedILi22ELi12EL9ap_q_mode4EL_759_reg_644_reg[4]/C is not reached by a timing clock
Related violations: <none>

TIMING-17#733 Critical Warning
Non-clocked sequential cell  
The clock pin conv_2d_cl_array_ap_fixed_1u_array_ap_fixed_22_12_4_0_0_6u_config2_U0/grp_compute_output_buffer_2d_array_array_ap_fixed_22_12_4_0_0_6u_config2_s_fu_118/grp_dense_resource_rf_gt_nin_rem0_ap_fixed_ap_fixed_22_12_4_0_0_config2_mult_s_fu_195/ap_phi_reg_pp0_iter1_p_ZZN4nnet24compute_output_buffer_2dINS_5arrayI8ap_fixedILi22ELi12EL9ap_q_mode4EL_759_reg_644_reg[5]/C is not reached by a timing clock
Related violations: <none>

TIMING-17#734 Critical Warning
Non-clocked sequential cell  
The clock pin conv_2d_cl_array_ap_fixed_1u_array_ap_fixed_22_12_4_0_0_6u_config2_U0/grp_compute_output_buffer_2d_array_array_ap_fixed_22_12_4_0_0_6u_config2_s_fu_118/grp_dense_resource_rf_gt_nin_rem0_ap_fixed_ap_fixed_22_12_4_0_0_config2_mult_s_fu_195/ap_phi_reg_pp0_iter1_p_ZZN4nnet24compute_output_buffer_2dINS_5arrayI8ap_fixedILi22ELi12EL9ap_q_mode4EL_759_reg_644_reg[6]/C is not reached by a timing clock
Related violations: <none>

TIMING-17#735 Critical Warning
Non-clocked sequential cell  
The clock pin conv_2d_cl_array_ap_fixed_1u_array_ap_fixed_22_12_4_0_0_6u_config2_U0/grp_compute_output_buffer_2d_array_array_ap_fixed_22_12_4_0_0_6u_config2_s_fu_118/grp_dense_resource_rf_gt_nin_rem0_ap_fixed_ap_fixed_22_12_4_0_0_config2_mult_s_fu_195/ap_phi_reg_pp0_iter1_p_ZZN4nnet24compute_output_buffer_2dINS_5arrayI8ap_fixedILi22ELi12EL9ap_q_mode4EL_759_reg_644_reg[7]/C is not reached by a timing clock
Related violations: <none>

TIMING-17#736 Critical Warning
Non-clocked sequential cell  
The clock pin conv_2d_cl_array_ap_fixed_1u_array_ap_fixed_22_12_4_0_0_6u_config2_U0/grp_compute_output_buffer_2d_array_array_ap_fixed_22_12_4_0_0_6u_config2_s_fu_118/grp_dense_resource_rf_gt_nin_rem0_ap_fixed_ap_fixed_22_12_4_0_0_config2_mult_s_fu_195/ap_phi_reg_pp0_iter1_p_ZZN4nnet24compute_output_buffer_2dINS_5arrayI8ap_fixedILi22ELi12EL9ap_q_mode4EL_759_reg_644_reg[8]/C is not reached by a timing clock
Related violations: <none>

TIMING-17#737 Critical Warning
Non-clocked sequential cell  
The clock pin conv_2d_cl_array_ap_fixed_1u_array_ap_fixed_22_12_4_0_0_6u_config2_U0/grp_compute_output_buffer_2d_array_array_ap_fixed_22_12_4_0_0_6u_config2_s_fu_118/grp_dense_resource_rf_gt_nin_rem0_ap_fixed_ap_fixed_22_12_4_0_0_config2_mult_s_fu_195/ap_phi_reg_pp0_iter1_p_ZZN4nnet24compute_output_buffer_2dINS_5arrayI8ap_fixedILi22ELi12EL9ap_q_mode4EL_759_reg_644_reg[9]/C is not reached by a timing clock
Related violations: <none>

TIMING-17#738 Critical Warning
Non-clocked sequential cell  
The clock pin conv_2d_cl_array_ap_fixed_1u_array_ap_fixed_22_12_4_0_0_6u_config2_U0/grp_compute_output_buffer_2d_array_array_ap_fixed_22_12_4_0_0_6u_config2_s_fu_118/grp_dense_resource_rf_gt_nin_rem0_ap_fixed_ap_fixed_22_12_4_0_0_config2_mult_s_fu_195/ap_phi_reg_pp0_iter1_p_ZZN4nnet24compute_output_buffer_2dINS_5arrayI8ap_fixedILi22ELi12EL9ap_q_mode4EL_760_reg_656_reg[0]/C is not reached by a timing clock
Related violations: <none>

TIMING-17#739 Critical Warning
Non-clocked sequential cell  
The clock pin conv_2d_cl_array_ap_fixed_1u_array_ap_fixed_22_12_4_0_0_6u_config2_U0/grp_compute_output_buffer_2d_array_array_ap_fixed_22_12_4_0_0_6u_config2_s_fu_118/grp_dense_resource_rf_gt_nin_rem0_ap_fixed_ap_fixed_22_12_4_0_0_config2_mult_s_fu_195/ap_phi_reg_pp0_iter1_p_ZZN4nnet24compute_output_buffer_2dINS_5arrayI8ap_fixedILi22ELi12EL9ap_q_mode4EL_760_reg_656_reg[10]/C is not reached by a timing clock
Related violations: <none>

TIMING-17#740 Critical Warning
Non-clocked sequential cell  
The clock pin conv_2d_cl_array_ap_fixed_1u_array_ap_fixed_22_12_4_0_0_6u_config2_U0/grp_compute_output_buffer_2d_array_array_ap_fixed_22_12_4_0_0_6u_config2_s_fu_118/grp_dense_resource_rf_gt_nin_rem0_ap_fixed_ap_fixed_22_12_4_0_0_config2_mult_s_fu_195/ap_phi_reg_pp0_iter1_p_ZZN4nnet24compute_output_buffer_2dINS_5arrayI8ap_fixedILi22ELi12EL9ap_q_mode4EL_760_reg_656_reg[11]/C is not reached by a timing clock
Related violations: <none>

TIMING-17#741 Critical Warning
Non-clocked sequential cell  
The clock pin conv_2d_cl_array_ap_fixed_1u_array_ap_fixed_22_12_4_0_0_6u_config2_U0/grp_compute_output_buffer_2d_array_array_ap_fixed_22_12_4_0_0_6u_config2_s_fu_118/grp_dense_resource_rf_gt_nin_rem0_ap_fixed_ap_fixed_22_12_4_0_0_config2_mult_s_fu_195/ap_phi_reg_pp0_iter1_p_ZZN4nnet24compute_output_buffer_2dINS_5arrayI8ap_fixedILi22ELi12EL9ap_q_mode4EL_760_reg_656_reg[12]/C is not reached by a timing clock
Related violations: <none>

TIMING-17#742 Critical Warning
Non-clocked sequential cell  
The clock pin conv_2d_cl_array_ap_fixed_1u_array_ap_fixed_22_12_4_0_0_6u_config2_U0/grp_compute_output_buffer_2d_array_array_ap_fixed_22_12_4_0_0_6u_config2_s_fu_118/grp_dense_resource_rf_gt_nin_rem0_ap_fixed_ap_fixed_22_12_4_0_0_config2_mult_s_fu_195/ap_phi_reg_pp0_iter1_p_ZZN4nnet24compute_output_buffer_2dINS_5arrayI8ap_fixedILi22ELi12EL9ap_q_mode4EL_760_reg_656_reg[13]/C is not reached by a timing clock
Related violations: <none>

TIMING-17#743 Critical Warning
Non-clocked sequential cell  
The clock pin conv_2d_cl_array_ap_fixed_1u_array_ap_fixed_22_12_4_0_0_6u_config2_U0/grp_compute_output_buffer_2d_array_array_ap_fixed_22_12_4_0_0_6u_config2_s_fu_118/grp_dense_resource_rf_gt_nin_rem0_ap_fixed_ap_fixed_22_12_4_0_0_config2_mult_s_fu_195/ap_phi_reg_pp0_iter1_p_ZZN4nnet24compute_output_buffer_2dINS_5arrayI8ap_fixedILi22ELi12EL9ap_q_mode4EL_760_reg_656_reg[14]/C is not reached by a timing clock
Related violations: <none>

TIMING-17#744 Critical Warning
Non-clocked sequential cell  
The clock pin conv_2d_cl_array_ap_fixed_1u_array_ap_fixed_22_12_4_0_0_6u_config2_U0/grp_compute_output_buffer_2d_array_array_ap_fixed_22_12_4_0_0_6u_config2_s_fu_118/grp_dense_resource_rf_gt_nin_rem0_ap_fixed_ap_fixed_22_12_4_0_0_config2_mult_s_fu_195/ap_phi_reg_pp0_iter1_p_ZZN4nnet24compute_output_buffer_2dINS_5arrayI8ap_fixedILi22ELi12EL9ap_q_mode4EL_760_reg_656_reg[15]/C is not reached by a timing clock
Related violations: <none>

TIMING-17#745 Critical Warning
Non-clocked sequential cell  
The clock pin conv_2d_cl_array_ap_fixed_1u_array_ap_fixed_22_12_4_0_0_6u_config2_U0/grp_compute_output_buffer_2d_array_array_ap_fixed_22_12_4_0_0_6u_config2_s_fu_118/grp_dense_resource_rf_gt_nin_rem0_ap_fixed_ap_fixed_22_12_4_0_0_config2_mult_s_fu_195/ap_phi_reg_pp0_iter1_p_ZZN4nnet24compute_output_buffer_2dINS_5arrayI8ap_fixedILi22ELi12EL9ap_q_mode4EL_760_reg_656_reg[16]/C is not reached by a timing clock
Related violations: <none>

TIMING-17#746 Critical Warning
Non-clocked sequential cell  
The clock pin conv_2d_cl_array_ap_fixed_1u_array_ap_fixed_22_12_4_0_0_6u_config2_U0/grp_compute_output_buffer_2d_array_array_ap_fixed_22_12_4_0_0_6u_config2_s_fu_118/grp_dense_resource_rf_gt_nin_rem0_ap_fixed_ap_fixed_22_12_4_0_0_config2_mult_s_fu_195/ap_phi_reg_pp0_iter1_p_ZZN4nnet24compute_output_buffer_2dINS_5arrayI8ap_fixedILi22ELi12EL9ap_q_mode4EL_760_reg_656_reg[17]/C is not reached by a timing clock
Related violations: <none>

TIMING-17#747 Critical Warning
Non-clocked sequential cell  
The clock pin conv_2d_cl_array_ap_fixed_1u_array_ap_fixed_22_12_4_0_0_6u_config2_U0/grp_compute_output_buffer_2d_array_array_ap_fixed_22_12_4_0_0_6u_config2_s_fu_118/grp_dense_resource_rf_gt_nin_rem0_ap_fixed_ap_fixed_22_12_4_0_0_config2_mult_s_fu_195/ap_phi_reg_pp0_iter1_p_ZZN4nnet24compute_output_buffer_2dINS_5arrayI8ap_fixedILi22ELi12EL9ap_q_mode4EL_760_reg_656_reg[18]/C is not reached by a timing clock
Related violations: <none>

TIMING-17#748 Critical Warning
Non-clocked sequential cell  
The clock pin conv_2d_cl_array_ap_fixed_1u_array_ap_fixed_22_12_4_0_0_6u_config2_U0/grp_compute_output_buffer_2d_array_array_ap_fixed_22_12_4_0_0_6u_config2_s_fu_118/grp_dense_resource_rf_gt_nin_rem0_ap_fixed_ap_fixed_22_12_4_0_0_config2_mult_s_fu_195/ap_phi_reg_pp0_iter1_p_ZZN4nnet24compute_output_buffer_2dINS_5arrayI8ap_fixedILi22ELi12EL9ap_q_mode4EL_760_reg_656_reg[19]/C is not reached by a timing clock
Related violations: <none>

TIMING-17#749 Critical Warning
Non-clocked sequential cell  
The clock pin conv_2d_cl_array_ap_fixed_1u_array_ap_fixed_22_12_4_0_0_6u_config2_U0/grp_compute_output_buffer_2d_array_array_ap_fixed_22_12_4_0_0_6u_config2_s_fu_118/grp_dense_resource_rf_gt_nin_rem0_ap_fixed_ap_fixed_22_12_4_0_0_config2_mult_s_fu_195/ap_phi_reg_pp0_iter1_p_ZZN4nnet24compute_output_buffer_2dINS_5arrayI8ap_fixedILi22ELi12EL9ap_q_mode4EL_760_reg_656_reg[1]/C is not reached by a timing clock
Related violations: <none>

TIMING-17#750 Critical Warning
Non-clocked sequential cell  
The clock pin conv_2d_cl_array_ap_fixed_1u_array_ap_fixed_22_12_4_0_0_6u_config2_U0/grp_compute_output_buffer_2d_array_array_ap_fixed_22_12_4_0_0_6u_config2_s_fu_118/grp_dense_resource_rf_gt_nin_rem0_ap_fixed_ap_fixed_22_12_4_0_0_config2_mult_s_fu_195/ap_phi_reg_pp0_iter1_p_ZZN4nnet24compute_output_buffer_2dINS_5arrayI8ap_fixedILi22ELi12EL9ap_q_mode4EL_760_reg_656_reg[20]/C is not reached by a timing clock
Related violations: <none>

TIMING-17#751 Critical Warning
Non-clocked sequential cell  
The clock pin conv_2d_cl_array_ap_fixed_1u_array_ap_fixed_22_12_4_0_0_6u_config2_U0/grp_compute_output_buffer_2d_array_array_ap_fixed_22_12_4_0_0_6u_config2_s_fu_118/grp_dense_resource_rf_gt_nin_rem0_ap_fixed_ap_fixed_22_12_4_0_0_config2_mult_s_fu_195/ap_phi_reg_pp0_iter1_p_ZZN4nnet24compute_output_buffer_2dINS_5arrayI8ap_fixedILi22ELi12EL9ap_q_mode4EL_760_reg_656_reg[21]/C is not reached by a timing clock
Related violations: <none>

TIMING-17#752 Critical Warning
Non-clocked sequential cell  
The clock pin conv_2d_cl_array_ap_fixed_1u_array_ap_fixed_22_12_4_0_0_6u_config2_U0/grp_compute_output_buffer_2d_array_array_ap_fixed_22_12_4_0_0_6u_config2_s_fu_118/grp_dense_resource_rf_gt_nin_rem0_ap_fixed_ap_fixed_22_12_4_0_0_config2_mult_s_fu_195/ap_phi_reg_pp0_iter1_p_ZZN4nnet24compute_output_buffer_2dINS_5arrayI8ap_fixedILi22ELi12EL9ap_q_mode4EL_760_reg_656_reg[2]/C is not reached by a timing clock
Related violations: <none>

TIMING-17#753 Critical Warning
Non-clocked sequential cell  
The clock pin conv_2d_cl_array_ap_fixed_1u_array_ap_fixed_22_12_4_0_0_6u_config2_U0/grp_compute_output_buffer_2d_array_array_ap_fixed_22_12_4_0_0_6u_config2_s_fu_118/grp_dense_resource_rf_gt_nin_rem0_ap_fixed_ap_fixed_22_12_4_0_0_config2_mult_s_fu_195/ap_phi_reg_pp0_iter1_p_ZZN4nnet24compute_output_buffer_2dINS_5arrayI8ap_fixedILi22ELi12EL9ap_q_mode4EL_760_reg_656_reg[3]/C is not reached by a timing clock
Related violations: <none>

TIMING-17#754 Critical Warning
Non-clocked sequential cell  
The clock pin conv_2d_cl_array_ap_fixed_1u_array_ap_fixed_22_12_4_0_0_6u_config2_U0/grp_compute_output_buffer_2d_array_array_ap_fixed_22_12_4_0_0_6u_config2_s_fu_118/grp_dense_resource_rf_gt_nin_rem0_ap_fixed_ap_fixed_22_12_4_0_0_config2_mult_s_fu_195/ap_phi_reg_pp0_iter1_p_ZZN4nnet24compute_output_buffer_2dINS_5arrayI8ap_fixedILi22ELi12EL9ap_q_mode4EL_760_reg_656_reg[4]/C is not reached by a timing clock
Related violations: <none>

TIMING-17#755 Critical Warning
Non-clocked sequential cell  
The clock pin conv_2d_cl_array_ap_fixed_1u_array_ap_fixed_22_12_4_0_0_6u_config2_U0/grp_compute_output_buffer_2d_array_array_ap_fixed_22_12_4_0_0_6u_config2_s_fu_118/grp_dense_resource_rf_gt_nin_rem0_ap_fixed_ap_fixed_22_12_4_0_0_config2_mult_s_fu_195/ap_phi_reg_pp0_iter1_p_ZZN4nnet24compute_output_buffer_2dINS_5arrayI8ap_fixedILi22ELi12EL9ap_q_mode4EL_760_reg_656_reg[5]/C is not reached by a timing clock
Related violations: <none>

TIMING-17#756 Critical Warning
Non-clocked sequential cell  
The clock pin conv_2d_cl_array_ap_fixed_1u_array_ap_fixed_22_12_4_0_0_6u_config2_U0/grp_compute_output_buffer_2d_array_array_ap_fixed_22_12_4_0_0_6u_config2_s_fu_118/grp_dense_resource_rf_gt_nin_rem0_ap_fixed_ap_fixed_22_12_4_0_0_config2_mult_s_fu_195/ap_phi_reg_pp0_iter1_p_ZZN4nnet24compute_output_buffer_2dINS_5arrayI8ap_fixedILi22ELi12EL9ap_q_mode4EL_760_reg_656_reg[6]/C is not reached by a timing clock
Related violations: <none>

TIMING-17#757 Critical Warning
Non-clocked sequential cell  
The clock pin conv_2d_cl_array_ap_fixed_1u_array_ap_fixed_22_12_4_0_0_6u_config2_U0/grp_compute_output_buffer_2d_array_array_ap_fixed_22_12_4_0_0_6u_config2_s_fu_118/grp_dense_resource_rf_gt_nin_rem0_ap_fixed_ap_fixed_22_12_4_0_0_config2_mult_s_fu_195/ap_phi_reg_pp0_iter1_p_ZZN4nnet24compute_output_buffer_2dINS_5arrayI8ap_fixedILi22ELi12EL9ap_q_mode4EL_760_reg_656_reg[7]/C is not reached by a timing clock
Related violations: <none>

TIMING-17#758 Critical Warning
Non-clocked sequential cell  
The clock pin conv_2d_cl_array_ap_fixed_1u_array_ap_fixed_22_12_4_0_0_6u_config2_U0/grp_compute_output_buffer_2d_array_array_ap_fixed_22_12_4_0_0_6u_config2_s_fu_118/grp_dense_resource_rf_gt_nin_rem0_ap_fixed_ap_fixed_22_12_4_0_0_config2_mult_s_fu_195/ap_phi_reg_pp0_iter1_p_ZZN4nnet24compute_output_buffer_2dINS_5arrayI8ap_fixedILi22ELi12EL9ap_q_mode4EL_760_reg_656_reg[8]/C is not reached by a timing clock
Related violations: <none>

TIMING-17#759 Critical Warning
Non-clocked sequential cell  
The clock pin conv_2d_cl_array_ap_fixed_1u_array_ap_fixed_22_12_4_0_0_6u_config2_U0/grp_compute_output_buffer_2d_array_array_ap_fixed_22_12_4_0_0_6u_config2_s_fu_118/grp_dense_resource_rf_gt_nin_rem0_ap_fixed_ap_fixed_22_12_4_0_0_config2_mult_s_fu_195/ap_phi_reg_pp0_iter1_p_ZZN4nnet24compute_output_buffer_2dINS_5arrayI8ap_fixedILi22ELi12EL9ap_q_mode4EL_760_reg_656_reg[9]/C is not reached by a timing clock
Related violations: <none>

TIMING-17#760 Critical Warning
Non-clocked sequential cell  
The clock pin conv_2d_cl_array_ap_fixed_1u_array_ap_fixed_22_12_4_0_0_6u_config2_U0/grp_compute_output_buffer_2d_array_array_ap_fixed_22_12_4_0_0_6u_config2_s_fu_118/grp_dense_resource_rf_gt_nin_rem0_ap_fixed_ap_fixed_22_12_4_0_0_config2_mult_s_fu_195/ap_phi_reg_pp0_iter1_p_ZZN4nnet24compute_output_buffer_2dINS_5arrayI8ap_fixedILi22ELi12EL9ap_q_mode4EL_761_reg_668_reg[0]/C is not reached by a timing clock
Related violations: <none>

TIMING-17#761 Critical Warning
Non-clocked sequential cell  
The clock pin conv_2d_cl_array_ap_fixed_1u_array_ap_fixed_22_12_4_0_0_6u_config2_U0/grp_compute_output_buffer_2d_array_array_ap_fixed_22_12_4_0_0_6u_config2_s_fu_118/grp_dense_resource_rf_gt_nin_rem0_ap_fixed_ap_fixed_22_12_4_0_0_config2_mult_s_fu_195/ap_phi_reg_pp0_iter1_p_ZZN4nnet24compute_output_buffer_2dINS_5arrayI8ap_fixedILi22ELi12EL9ap_q_mode4EL_761_reg_668_reg[10]/C is not reached by a timing clock
Related violations: <none>

TIMING-17#762 Critical Warning
Non-clocked sequential cell  
The clock pin conv_2d_cl_array_ap_fixed_1u_array_ap_fixed_22_12_4_0_0_6u_config2_U0/grp_compute_output_buffer_2d_array_array_ap_fixed_22_12_4_0_0_6u_config2_s_fu_118/grp_dense_resource_rf_gt_nin_rem0_ap_fixed_ap_fixed_22_12_4_0_0_config2_mult_s_fu_195/ap_phi_reg_pp0_iter1_p_ZZN4nnet24compute_output_buffer_2dINS_5arrayI8ap_fixedILi22ELi12EL9ap_q_mode4EL_761_reg_668_reg[11]/C is not reached by a timing clock
Related violations: <none>

TIMING-17#763 Critical Warning
Non-clocked sequential cell  
The clock pin conv_2d_cl_array_ap_fixed_1u_array_ap_fixed_22_12_4_0_0_6u_config2_U0/grp_compute_output_buffer_2d_array_array_ap_fixed_22_12_4_0_0_6u_config2_s_fu_118/grp_dense_resource_rf_gt_nin_rem0_ap_fixed_ap_fixed_22_12_4_0_0_config2_mult_s_fu_195/ap_phi_reg_pp0_iter1_p_ZZN4nnet24compute_output_buffer_2dINS_5arrayI8ap_fixedILi22ELi12EL9ap_q_mode4EL_761_reg_668_reg[12]/C is not reached by a timing clock
Related violations: <none>

TIMING-17#764 Critical Warning
Non-clocked sequential cell  
The clock pin conv_2d_cl_array_ap_fixed_1u_array_ap_fixed_22_12_4_0_0_6u_config2_U0/grp_compute_output_buffer_2d_array_array_ap_fixed_22_12_4_0_0_6u_config2_s_fu_118/grp_dense_resource_rf_gt_nin_rem0_ap_fixed_ap_fixed_22_12_4_0_0_config2_mult_s_fu_195/ap_phi_reg_pp0_iter1_p_ZZN4nnet24compute_output_buffer_2dINS_5arrayI8ap_fixedILi22ELi12EL9ap_q_mode4EL_761_reg_668_reg[13]/C is not reached by a timing clock
Related violations: <none>

TIMING-17#765 Critical Warning
Non-clocked sequential cell  
The clock pin conv_2d_cl_array_ap_fixed_1u_array_ap_fixed_22_12_4_0_0_6u_config2_U0/grp_compute_output_buffer_2d_array_array_ap_fixed_22_12_4_0_0_6u_config2_s_fu_118/grp_dense_resource_rf_gt_nin_rem0_ap_fixed_ap_fixed_22_12_4_0_0_config2_mult_s_fu_195/ap_phi_reg_pp0_iter1_p_ZZN4nnet24compute_output_buffer_2dINS_5arrayI8ap_fixedILi22ELi12EL9ap_q_mode4EL_761_reg_668_reg[14]/C is not reached by a timing clock
Related violations: <none>

TIMING-17#766 Critical Warning
Non-clocked sequential cell  
The clock pin conv_2d_cl_array_ap_fixed_1u_array_ap_fixed_22_12_4_0_0_6u_config2_U0/grp_compute_output_buffer_2d_array_array_ap_fixed_22_12_4_0_0_6u_config2_s_fu_118/grp_dense_resource_rf_gt_nin_rem0_ap_fixed_ap_fixed_22_12_4_0_0_config2_mult_s_fu_195/ap_phi_reg_pp0_iter1_p_ZZN4nnet24compute_output_buffer_2dINS_5arrayI8ap_fixedILi22ELi12EL9ap_q_mode4EL_761_reg_668_reg[15]/C is not reached by a timing clock
Related violations: <none>

TIMING-17#767 Critical Warning
Non-clocked sequential cell  
The clock pin conv_2d_cl_array_ap_fixed_1u_array_ap_fixed_22_12_4_0_0_6u_config2_U0/grp_compute_output_buffer_2d_array_array_ap_fixed_22_12_4_0_0_6u_config2_s_fu_118/grp_dense_resource_rf_gt_nin_rem0_ap_fixed_ap_fixed_22_12_4_0_0_config2_mult_s_fu_195/ap_phi_reg_pp0_iter1_p_ZZN4nnet24compute_output_buffer_2dINS_5arrayI8ap_fixedILi22ELi12EL9ap_q_mode4EL_761_reg_668_reg[16]/C is not reached by a timing clock
Related violations: <none>

TIMING-17#768 Critical Warning
Non-clocked sequential cell  
The clock pin conv_2d_cl_array_ap_fixed_1u_array_ap_fixed_22_12_4_0_0_6u_config2_U0/grp_compute_output_buffer_2d_array_array_ap_fixed_22_12_4_0_0_6u_config2_s_fu_118/grp_dense_resource_rf_gt_nin_rem0_ap_fixed_ap_fixed_22_12_4_0_0_config2_mult_s_fu_195/ap_phi_reg_pp0_iter1_p_ZZN4nnet24compute_output_buffer_2dINS_5arrayI8ap_fixedILi22ELi12EL9ap_q_mode4EL_761_reg_668_reg[17]/C is not reached by a timing clock
Related violations: <none>

TIMING-17#769 Critical Warning
Non-clocked sequential cell  
The clock pin conv_2d_cl_array_ap_fixed_1u_array_ap_fixed_22_12_4_0_0_6u_config2_U0/grp_compute_output_buffer_2d_array_array_ap_fixed_22_12_4_0_0_6u_config2_s_fu_118/grp_dense_resource_rf_gt_nin_rem0_ap_fixed_ap_fixed_22_12_4_0_0_config2_mult_s_fu_195/ap_phi_reg_pp0_iter1_p_ZZN4nnet24compute_output_buffer_2dINS_5arrayI8ap_fixedILi22ELi12EL9ap_q_mode4EL_761_reg_668_reg[18]/C is not reached by a timing clock
Related violations: <none>

TIMING-17#770 Critical Warning
Non-clocked sequential cell  
The clock pin conv_2d_cl_array_ap_fixed_1u_array_ap_fixed_22_12_4_0_0_6u_config2_U0/grp_compute_output_buffer_2d_array_array_ap_fixed_22_12_4_0_0_6u_config2_s_fu_118/grp_dense_resource_rf_gt_nin_rem0_ap_fixed_ap_fixed_22_12_4_0_0_config2_mult_s_fu_195/ap_phi_reg_pp0_iter1_p_ZZN4nnet24compute_output_buffer_2dINS_5arrayI8ap_fixedILi22ELi12EL9ap_q_mode4EL_761_reg_668_reg[19]/C is not reached by a timing clock
Related violations: <none>

TIMING-17#771 Critical Warning
Non-clocked sequential cell  
The clock pin conv_2d_cl_array_ap_fixed_1u_array_ap_fixed_22_12_4_0_0_6u_config2_U0/grp_compute_output_buffer_2d_array_array_ap_fixed_22_12_4_0_0_6u_config2_s_fu_118/grp_dense_resource_rf_gt_nin_rem0_ap_fixed_ap_fixed_22_12_4_0_0_config2_mult_s_fu_195/ap_phi_reg_pp0_iter1_p_ZZN4nnet24compute_output_buffer_2dINS_5arrayI8ap_fixedILi22ELi12EL9ap_q_mode4EL_761_reg_668_reg[1]/C is not reached by a timing clock
Related violations: <none>

TIMING-17#772 Critical Warning
Non-clocked sequential cell  
The clock pin conv_2d_cl_array_ap_fixed_1u_array_ap_fixed_22_12_4_0_0_6u_config2_U0/grp_compute_output_buffer_2d_array_array_ap_fixed_22_12_4_0_0_6u_config2_s_fu_118/grp_dense_resource_rf_gt_nin_rem0_ap_fixed_ap_fixed_22_12_4_0_0_config2_mult_s_fu_195/ap_phi_reg_pp0_iter1_p_ZZN4nnet24compute_output_buffer_2dINS_5arrayI8ap_fixedILi22ELi12EL9ap_q_mode4EL_761_reg_668_reg[20]/C is not reached by a timing clock
Related violations: <none>

TIMING-17#773 Critical Warning
Non-clocked sequential cell  
The clock pin conv_2d_cl_array_ap_fixed_1u_array_ap_fixed_22_12_4_0_0_6u_config2_U0/grp_compute_output_buffer_2d_array_array_ap_fixed_22_12_4_0_0_6u_config2_s_fu_118/grp_dense_resource_rf_gt_nin_rem0_ap_fixed_ap_fixed_22_12_4_0_0_config2_mult_s_fu_195/ap_phi_reg_pp0_iter1_p_ZZN4nnet24compute_output_buffer_2dINS_5arrayI8ap_fixedILi22ELi12EL9ap_q_mode4EL_761_reg_668_reg[21]/C is not reached by a timing clock
Related violations: <none>

TIMING-17#774 Critical Warning
Non-clocked sequential cell  
The clock pin conv_2d_cl_array_ap_fixed_1u_array_ap_fixed_22_12_4_0_0_6u_config2_U0/grp_compute_output_buffer_2d_array_array_ap_fixed_22_12_4_0_0_6u_config2_s_fu_118/grp_dense_resource_rf_gt_nin_rem0_ap_fixed_ap_fixed_22_12_4_0_0_config2_mult_s_fu_195/ap_phi_reg_pp0_iter1_p_ZZN4nnet24compute_output_buffer_2dINS_5arrayI8ap_fixedILi22ELi12EL9ap_q_mode4EL_761_reg_668_reg[2]/C is not reached by a timing clock
Related violations: <none>

TIMING-17#775 Critical Warning
Non-clocked sequential cell  
The clock pin conv_2d_cl_array_ap_fixed_1u_array_ap_fixed_22_12_4_0_0_6u_config2_U0/grp_compute_output_buffer_2d_array_array_ap_fixed_22_12_4_0_0_6u_config2_s_fu_118/grp_dense_resource_rf_gt_nin_rem0_ap_fixed_ap_fixed_22_12_4_0_0_config2_mult_s_fu_195/ap_phi_reg_pp0_iter1_p_ZZN4nnet24compute_output_buffer_2dINS_5arrayI8ap_fixedILi22ELi12EL9ap_q_mode4EL_761_reg_668_reg[3]/C is not reached by a timing clock
Related violations: <none>

TIMING-17#776 Critical Warning
Non-clocked sequential cell  
The clock pin conv_2d_cl_array_ap_fixed_1u_array_ap_fixed_22_12_4_0_0_6u_config2_U0/grp_compute_output_buffer_2d_array_array_ap_fixed_22_12_4_0_0_6u_config2_s_fu_118/grp_dense_resource_rf_gt_nin_rem0_ap_fixed_ap_fixed_22_12_4_0_0_config2_mult_s_fu_195/ap_phi_reg_pp0_iter1_p_ZZN4nnet24compute_output_buffer_2dINS_5arrayI8ap_fixedILi22ELi12EL9ap_q_mode4EL_761_reg_668_reg[4]/C is not reached by a timing clock
Related violations: <none>

TIMING-17#777 Critical Warning
Non-clocked sequential cell  
The clock pin conv_2d_cl_array_ap_fixed_1u_array_ap_fixed_22_12_4_0_0_6u_config2_U0/grp_compute_output_buffer_2d_array_array_ap_fixed_22_12_4_0_0_6u_config2_s_fu_118/grp_dense_resource_rf_gt_nin_rem0_ap_fixed_ap_fixed_22_12_4_0_0_config2_mult_s_fu_195/ap_phi_reg_pp0_iter1_p_ZZN4nnet24compute_output_buffer_2dINS_5arrayI8ap_fixedILi22ELi12EL9ap_q_mode4EL_761_reg_668_reg[5]/C is not reached by a timing clock
Related violations: <none>

TIMING-17#778 Critical Warning
Non-clocked sequential cell  
The clock pin conv_2d_cl_array_ap_fixed_1u_array_ap_fixed_22_12_4_0_0_6u_config2_U0/grp_compute_output_buffer_2d_array_array_ap_fixed_22_12_4_0_0_6u_config2_s_fu_118/grp_dense_resource_rf_gt_nin_rem0_ap_fixed_ap_fixed_22_12_4_0_0_config2_mult_s_fu_195/ap_phi_reg_pp0_iter1_p_ZZN4nnet24compute_output_buffer_2dINS_5arrayI8ap_fixedILi22ELi12EL9ap_q_mode4EL_761_reg_668_reg[6]/C is not reached by a timing clock
Related violations: <none>

TIMING-17#779 Critical Warning
Non-clocked sequential cell  
The clock pin conv_2d_cl_array_ap_fixed_1u_array_ap_fixed_22_12_4_0_0_6u_config2_U0/grp_compute_output_buffer_2d_array_array_ap_fixed_22_12_4_0_0_6u_config2_s_fu_118/grp_dense_resource_rf_gt_nin_rem0_ap_fixed_ap_fixed_22_12_4_0_0_config2_mult_s_fu_195/ap_phi_reg_pp0_iter1_p_ZZN4nnet24compute_output_buffer_2dINS_5arrayI8ap_fixedILi22ELi12EL9ap_q_mode4EL_761_reg_668_reg[7]/C is not reached by a timing clock
Related violations: <none>

TIMING-17#780 Critical Warning
Non-clocked sequential cell  
The clock pin conv_2d_cl_array_ap_fixed_1u_array_ap_fixed_22_12_4_0_0_6u_config2_U0/grp_compute_output_buffer_2d_array_array_ap_fixed_22_12_4_0_0_6u_config2_s_fu_118/grp_dense_resource_rf_gt_nin_rem0_ap_fixed_ap_fixed_22_12_4_0_0_config2_mult_s_fu_195/ap_phi_reg_pp0_iter1_p_ZZN4nnet24compute_output_buffer_2dINS_5arrayI8ap_fixedILi22ELi12EL9ap_q_mode4EL_761_reg_668_reg[8]/C is not reached by a timing clock
Related violations: <none>

TIMING-17#781 Critical Warning
Non-clocked sequential cell  
The clock pin conv_2d_cl_array_ap_fixed_1u_array_ap_fixed_22_12_4_0_0_6u_config2_U0/grp_compute_output_buffer_2d_array_array_ap_fixed_22_12_4_0_0_6u_config2_s_fu_118/grp_dense_resource_rf_gt_nin_rem0_ap_fixed_ap_fixed_22_12_4_0_0_config2_mult_s_fu_195/ap_phi_reg_pp0_iter1_p_ZZN4nnet24compute_output_buffer_2dINS_5arrayI8ap_fixedILi22ELi12EL9ap_q_mode4EL_761_reg_668_reg[9]/C is not reached by a timing clock
Related violations: <none>

TIMING-17#782 Critical Warning
Non-clocked sequential cell  
The clock pin conv_2d_cl_array_ap_fixed_1u_array_ap_fixed_22_12_4_0_0_6u_config2_U0/grp_compute_output_buffer_2d_array_array_ap_fixed_22_12_4_0_0_6u_config2_s_fu_118/grp_dense_resource_rf_gt_nin_rem0_ap_fixed_ap_fixed_22_12_4_0_0_config2_mult_s_fu_195/ap_phi_reg_pp0_iter1_p_ZZN4nnet24compute_output_buffer_2dINS_5arrayI8ap_fixedILi22ELi12EL9ap_q_mode4EL_762_reg_680_reg[0]/C is not reached by a timing clock
Related violations: <none>

TIMING-17#783 Critical Warning
Non-clocked sequential cell  
The clock pin conv_2d_cl_array_ap_fixed_1u_array_ap_fixed_22_12_4_0_0_6u_config2_U0/grp_compute_output_buffer_2d_array_array_ap_fixed_22_12_4_0_0_6u_config2_s_fu_118/grp_dense_resource_rf_gt_nin_rem0_ap_fixed_ap_fixed_22_12_4_0_0_config2_mult_s_fu_195/ap_phi_reg_pp0_iter1_p_ZZN4nnet24compute_output_buffer_2dINS_5arrayI8ap_fixedILi22ELi12EL9ap_q_mode4EL_762_reg_680_reg[10]/C is not reached by a timing clock
Related violations: <none>

TIMING-17#784 Critical Warning
Non-clocked sequential cell  
The clock pin conv_2d_cl_array_ap_fixed_1u_array_ap_fixed_22_12_4_0_0_6u_config2_U0/grp_compute_output_buffer_2d_array_array_ap_fixed_22_12_4_0_0_6u_config2_s_fu_118/grp_dense_resource_rf_gt_nin_rem0_ap_fixed_ap_fixed_22_12_4_0_0_config2_mult_s_fu_195/ap_phi_reg_pp0_iter1_p_ZZN4nnet24compute_output_buffer_2dINS_5arrayI8ap_fixedILi22ELi12EL9ap_q_mode4EL_762_reg_680_reg[11]/C is not reached by a timing clock
Related violations: <none>

TIMING-17#785 Critical Warning
Non-clocked sequential cell  
The clock pin conv_2d_cl_array_ap_fixed_1u_array_ap_fixed_22_12_4_0_0_6u_config2_U0/grp_compute_output_buffer_2d_array_array_ap_fixed_22_12_4_0_0_6u_config2_s_fu_118/grp_dense_resource_rf_gt_nin_rem0_ap_fixed_ap_fixed_22_12_4_0_0_config2_mult_s_fu_195/ap_phi_reg_pp0_iter1_p_ZZN4nnet24compute_output_buffer_2dINS_5arrayI8ap_fixedILi22ELi12EL9ap_q_mode4EL_762_reg_680_reg[12]/C is not reached by a timing clock
Related violations: <none>

TIMING-17#786 Critical Warning
Non-clocked sequential cell  
The clock pin conv_2d_cl_array_ap_fixed_1u_array_ap_fixed_22_12_4_0_0_6u_config2_U0/grp_compute_output_buffer_2d_array_array_ap_fixed_22_12_4_0_0_6u_config2_s_fu_118/grp_dense_resource_rf_gt_nin_rem0_ap_fixed_ap_fixed_22_12_4_0_0_config2_mult_s_fu_195/ap_phi_reg_pp0_iter1_p_ZZN4nnet24compute_output_buffer_2dINS_5arrayI8ap_fixedILi22ELi12EL9ap_q_mode4EL_762_reg_680_reg[13]/C is not reached by a timing clock
Related violations: <none>

TIMING-17#787 Critical Warning
Non-clocked sequential cell  
The clock pin conv_2d_cl_array_ap_fixed_1u_array_ap_fixed_22_12_4_0_0_6u_config2_U0/grp_compute_output_buffer_2d_array_array_ap_fixed_22_12_4_0_0_6u_config2_s_fu_118/grp_dense_resource_rf_gt_nin_rem0_ap_fixed_ap_fixed_22_12_4_0_0_config2_mult_s_fu_195/ap_phi_reg_pp0_iter1_p_ZZN4nnet24compute_output_buffer_2dINS_5arrayI8ap_fixedILi22ELi12EL9ap_q_mode4EL_762_reg_680_reg[14]/C is not reached by a timing clock
Related violations: <none>

TIMING-17#788 Critical Warning
Non-clocked sequential cell  
The clock pin conv_2d_cl_array_ap_fixed_1u_array_ap_fixed_22_12_4_0_0_6u_config2_U0/grp_compute_output_buffer_2d_array_array_ap_fixed_22_12_4_0_0_6u_config2_s_fu_118/grp_dense_resource_rf_gt_nin_rem0_ap_fixed_ap_fixed_22_12_4_0_0_config2_mult_s_fu_195/ap_phi_reg_pp0_iter1_p_ZZN4nnet24compute_output_buffer_2dINS_5arrayI8ap_fixedILi22ELi12EL9ap_q_mode4EL_762_reg_680_reg[15]/C is not reached by a timing clock
Related violations: <none>

TIMING-17#789 Critical Warning
Non-clocked sequential cell  
The clock pin conv_2d_cl_array_ap_fixed_1u_array_ap_fixed_22_12_4_0_0_6u_config2_U0/grp_compute_output_buffer_2d_array_array_ap_fixed_22_12_4_0_0_6u_config2_s_fu_118/grp_dense_resource_rf_gt_nin_rem0_ap_fixed_ap_fixed_22_12_4_0_0_config2_mult_s_fu_195/ap_phi_reg_pp0_iter1_p_ZZN4nnet24compute_output_buffer_2dINS_5arrayI8ap_fixedILi22ELi12EL9ap_q_mode4EL_762_reg_680_reg[16]/C is not reached by a timing clock
Related violations: <none>

TIMING-17#790 Critical Warning
Non-clocked sequential cell  
The clock pin conv_2d_cl_array_ap_fixed_1u_array_ap_fixed_22_12_4_0_0_6u_config2_U0/grp_compute_output_buffer_2d_array_array_ap_fixed_22_12_4_0_0_6u_config2_s_fu_118/grp_dense_resource_rf_gt_nin_rem0_ap_fixed_ap_fixed_22_12_4_0_0_config2_mult_s_fu_195/ap_phi_reg_pp0_iter1_p_ZZN4nnet24compute_output_buffer_2dINS_5arrayI8ap_fixedILi22ELi12EL9ap_q_mode4EL_762_reg_680_reg[17]/C is not reached by a timing clock
Related violations: <none>

TIMING-17#791 Critical Warning
Non-clocked sequential cell  
The clock pin conv_2d_cl_array_ap_fixed_1u_array_ap_fixed_22_12_4_0_0_6u_config2_U0/grp_compute_output_buffer_2d_array_array_ap_fixed_22_12_4_0_0_6u_config2_s_fu_118/grp_dense_resource_rf_gt_nin_rem0_ap_fixed_ap_fixed_22_12_4_0_0_config2_mult_s_fu_195/ap_phi_reg_pp0_iter1_p_ZZN4nnet24compute_output_buffer_2dINS_5arrayI8ap_fixedILi22ELi12EL9ap_q_mode4EL_762_reg_680_reg[18]/C is not reached by a timing clock
Related violations: <none>

TIMING-17#792 Critical Warning
Non-clocked sequential cell  
The clock pin conv_2d_cl_array_ap_fixed_1u_array_ap_fixed_22_12_4_0_0_6u_config2_U0/grp_compute_output_buffer_2d_array_array_ap_fixed_22_12_4_0_0_6u_config2_s_fu_118/grp_dense_resource_rf_gt_nin_rem0_ap_fixed_ap_fixed_22_12_4_0_0_config2_mult_s_fu_195/ap_phi_reg_pp0_iter1_p_ZZN4nnet24compute_output_buffer_2dINS_5arrayI8ap_fixedILi22ELi12EL9ap_q_mode4EL_762_reg_680_reg[19]/C is not reached by a timing clock
Related violations: <none>

TIMING-17#793 Critical Warning
Non-clocked sequential cell  
The clock pin conv_2d_cl_array_ap_fixed_1u_array_ap_fixed_22_12_4_0_0_6u_config2_U0/grp_compute_output_buffer_2d_array_array_ap_fixed_22_12_4_0_0_6u_config2_s_fu_118/grp_dense_resource_rf_gt_nin_rem0_ap_fixed_ap_fixed_22_12_4_0_0_config2_mult_s_fu_195/ap_phi_reg_pp0_iter1_p_ZZN4nnet24compute_output_buffer_2dINS_5arrayI8ap_fixedILi22ELi12EL9ap_q_mode4EL_762_reg_680_reg[1]/C is not reached by a timing clock
Related violations: <none>

TIMING-17#794 Critical Warning
Non-clocked sequential cell  
The clock pin conv_2d_cl_array_ap_fixed_1u_array_ap_fixed_22_12_4_0_0_6u_config2_U0/grp_compute_output_buffer_2d_array_array_ap_fixed_22_12_4_0_0_6u_config2_s_fu_118/grp_dense_resource_rf_gt_nin_rem0_ap_fixed_ap_fixed_22_12_4_0_0_config2_mult_s_fu_195/ap_phi_reg_pp0_iter1_p_ZZN4nnet24compute_output_buffer_2dINS_5arrayI8ap_fixedILi22ELi12EL9ap_q_mode4EL_762_reg_680_reg[20]/C is not reached by a timing clock
Related violations: <none>

TIMING-17#795 Critical Warning
Non-clocked sequential cell  
The clock pin conv_2d_cl_array_ap_fixed_1u_array_ap_fixed_22_12_4_0_0_6u_config2_U0/grp_compute_output_buffer_2d_array_array_ap_fixed_22_12_4_0_0_6u_config2_s_fu_118/grp_dense_resource_rf_gt_nin_rem0_ap_fixed_ap_fixed_22_12_4_0_0_config2_mult_s_fu_195/ap_phi_reg_pp0_iter1_p_ZZN4nnet24compute_output_buffer_2dINS_5arrayI8ap_fixedILi22ELi12EL9ap_q_mode4EL_762_reg_680_reg[21]/C is not reached by a timing clock
Related violations: <none>

TIMING-17#796 Critical Warning
Non-clocked sequential cell  
The clock pin conv_2d_cl_array_ap_fixed_1u_array_ap_fixed_22_12_4_0_0_6u_config2_U0/grp_compute_output_buffer_2d_array_array_ap_fixed_22_12_4_0_0_6u_config2_s_fu_118/grp_dense_resource_rf_gt_nin_rem0_ap_fixed_ap_fixed_22_12_4_0_0_config2_mult_s_fu_195/ap_phi_reg_pp0_iter1_p_ZZN4nnet24compute_output_buffer_2dINS_5arrayI8ap_fixedILi22ELi12EL9ap_q_mode4EL_762_reg_680_reg[2]/C is not reached by a timing clock
Related violations: <none>

TIMING-17#797 Critical Warning
Non-clocked sequential cell  
The clock pin conv_2d_cl_array_ap_fixed_1u_array_ap_fixed_22_12_4_0_0_6u_config2_U0/grp_compute_output_buffer_2d_array_array_ap_fixed_22_12_4_0_0_6u_config2_s_fu_118/grp_dense_resource_rf_gt_nin_rem0_ap_fixed_ap_fixed_22_12_4_0_0_config2_mult_s_fu_195/ap_phi_reg_pp0_iter1_p_ZZN4nnet24compute_output_buffer_2dINS_5arrayI8ap_fixedILi22ELi12EL9ap_q_mode4EL_762_reg_680_reg[3]/C is not reached by a timing clock
Related violations: <none>

TIMING-17#798 Critical Warning
Non-clocked sequential cell  
The clock pin conv_2d_cl_array_ap_fixed_1u_array_ap_fixed_22_12_4_0_0_6u_config2_U0/grp_compute_output_buffer_2d_array_array_ap_fixed_22_12_4_0_0_6u_config2_s_fu_118/grp_dense_resource_rf_gt_nin_rem0_ap_fixed_ap_fixed_22_12_4_0_0_config2_mult_s_fu_195/ap_phi_reg_pp0_iter1_p_ZZN4nnet24compute_output_buffer_2dINS_5arrayI8ap_fixedILi22ELi12EL9ap_q_mode4EL_762_reg_680_reg[4]/C is not reached by a timing clock
Related violations: <none>

TIMING-17#799 Critical Warning
Non-clocked sequential cell  
The clock pin conv_2d_cl_array_ap_fixed_1u_array_ap_fixed_22_12_4_0_0_6u_config2_U0/grp_compute_output_buffer_2d_array_array_ap_fixed_22_12_4_0_0_6u_config2_s_fu_118/grp_dense_resource_rf_gt_nin_rem0_ap_fixed_ap_fixed_22_12_4_0_0_config2_mult_s_fu_195/ap_phi_reg_pp0_iter1_p_ZZN4nnet24compute_output_buffer_2dINS_5arrayI8ap_fixedILi22ELi12EL9ap_q_mode4EL_762_reg_680_reg[5]/C is not reached by a timing clock
Related violations: <none>

TIMING-17#800 Critical Warning
Non-clocked sequential cell  
The clock pin conv_2d_cl_array_ap_fixed_1u_array_ap_fixed_22_12_4_0_0_6u_config2_U0/grp_compute_output_buffer_2d_array_array_ap_fixed_22_12_4_0_0_6u_config2_s_fu_118/grp_dense_resource_rf_gt_nin_rem0_ap_fixed_ap_fixed_22_12_4_0_0_config2_mult_s_fu_195/ap_phi_reg_pp0_iter1_p_ZZN4nnet24compute_output_buffer_2dINS_5arrayI8ap_fixedILi22ELi12EL9ap_q_mode4EL_762_reg_680_reg[6]/C is not reached by a timing clock
Related violations: <none>

TIMING-17#801 Critical Warning
Non-clocked sequential cell  
The clock pin conv_2d_cl_array_ap_fixed_1u_array_ap_fixed_22_12_4_0_0_6u_config2_U0/grp_compute_output_buffer_2d_array_array_ap_fixed_22_12_4_0_0_6u_config2_s_fu_118/grp_dense_resource_rf_gt_nin_rem0_ap_fixed_ap_fixed_22_12_4_0_0_config2_mult_s_fu_195/ap_phi_reg_pp0_iter1_p_ZZN4nnet24compute_output_buffer_2dINS_5arrayI8ap_fixedILi22ELi12EL9ap_q_mode4EL_762_reg_680_reg[7]/C is not reached by a timing clock
Related violations: <none>

TIMING-17#802 Critical Warning
Non-clocked sequential cell  
The clock pin conv_2d_cl_array_ap_fixed_1u_array_ap_fixed_22_12_4_0_0_6u_config2_U0/grp_compute_output_buffer_2d_array_array_ap_fixed_22_12_4_0_0_6u_config2_s_fu_118/grp_dense_resource_rf_gt_nin_rem0_ap_fixed_ap_fixed_22_12_4_0_0_config2_mult_s_fu_195/ap_phi_reg_pp0_iter1_p_ZZN4nnet24compute_output_buffer_2dINS_5arrayI8ap_fixedILi22ELi12EL9ap_q_mode4EL_762_reg_680_reg[8]/C is not reached by a timing clock
Related violations: <none>

TIMING-17#803 Critical Warning
Non-clocked sequential cell  
The clock pin conv_2d_cl_array_ap_fixed_1u_array_ap_fixed_22_12_4_0_0_6u_config2_U0/grp_compute_output_buffer_2d_array_array_ap_fixed_22_12_4_0_0_6u_config2_s_fu_118/grp_dense_resource_rf_gt_nin_rem0_ap_fixed_ap_fixed_22_12_4_0_0_config2_mult_s_fu_195/ap_phi_reg_pp0_iter1_p_ZZN4nnet24compute_output_buffer_2dINS_5arrayI8ap_fixedILi22ELi12EL9ap_q_mode4EL_762_reg_680_reg[9]/C is not reached by a timing clock
Related violations: <none>

TIMING-17#804 Critical Warning
Non-clocked sequential cell  
The clock pin conv_2d_cl_array_ap_fixed_1u_array_ap_fixed_22_12_4_0_0_6u_config2_U0/grp_compute_output_buffer_2d_array_array_ap_fixed_22_12_4_0_0_6u_config2_s_fu_118/grp_dense_resource_rf_gt_nin_rem0_ap_fixed_ap_fixed_22_12_4_0_0_config2_mult_s_fu_195/ap_phi_reg_pp0_iter1_p_ZZN4nnet24compute_output_buffer_2dINS_5arrayI8ap_fixedILi22ELi12EL9ap_q_mode4EL_763_reg_692_reg[0]/C is not reached by a timing clock
Related violations: <none>

TIMING-17#805 Critical Warning
Non-clocked sequential cell  
The clock pin conv_2d_cl_array_ap_fixed_1u_array_ap_fixed_22_12_4_0_0_6u_config2_U0/grp_compute_output_buffer_2d_array_array_ap_fixed_22_12_4_0_0_6u_config2_s_fu_118/grp_dense_resource_rf_gt_nin_rem0_ap_fixed_ap_fixed_22_12_4_0_0_config2_mult_s_fu_195/ap_phi_reg_pp0_iter1_p_ZZN4nnet24compute_output_buffer_2dINS_5arrayI8ap_fixedILi22ELi12EL9ap_q_mode4EL_763_reg_692_reg[10]/C is not reached by a timing clock
Related violations: <none>

TIMING-17#806 Critical Warning
Non-clocked sequential cell  
The clock pin conv_2d_cl_array_ap_fixed_1u_array_ap_fixed_22_12_4_0_0_6u_config2_U0/grp_compute_output_buffer_2d_array_array_ap_fixed_22_12_4_0_0_6u_config2_s_fu_118/grp_dense_resource_rf_gt_nin_rem0_ap_fixed_ap_fixed_22_12_4_0_0_config2_mult_s_fu_195/ap_phi_reg_pp0_iter1_p_ZZN4nnet24compute_output_buffer_2dINS_5arrayI8ap_fixedILi22ELi12EL9ap_q_mode4EL_763_reg_692_reg[11]/C is not reached by a timing clock
Related violations: <none>

TIMING-17#807 Critical Warning
Non-clocked sequential cell  
The clock pin conv_2d_cl_array_ap_fixed_1u_array_ap_fixed_22_12_4_0_0_6u_config2_U0/grp_compute_output_buffer_2d_array_array_ap_fixed_22_12_4_0_0_6u_config2_s_fu_118/grp_dense_resource_rf_gt_nin_rem0_ap_fixed_ap_fixed_22_12_4_0_0_config2_mult_s_fu_195/ap_phi_reg_pp0_iter1_p_ZZN4nnet24compute_output_buffer_2dINS_5arrayI8ap_fixedILi22ELi12EL9ap_q_mode4EL_763_reg_692_reg[12]/C is not reached by a timing clock
Related violations: <none>

TIMING-17#808 Critical Warning
Non-clocked sequential cell  
The clock pin conv_2d_cl_array_ap_fixed_1u_array_ap_fixed_22_12_4_0_0_6u_config2_U0/grp_compute_output_buffer_2d_array_array_ap_fixed_22_12_4_0_0_6u_config2_s_fu_118/grp_dense_resource_rf_gt_nin_rem0_ap_fixed_ap_fixed_22_12_4_0_0_config2_mult_s_fu_195/ap_phi_reg_pp0_iter1_p_ZZN4nnet24compute_output_buffer_2dINS_5arrayI8ap_fixedILi22ELi12EL9ap_q_mode4EL_763_reg_692_reg[13]/C is not reached by a timing clock
Related violations: <none>

TIMING-17#809 Critical Warning
Non-clocked sequential cell  
The clock pin conv_2d_cl_array_ap_fixed_1u_array_ap_fixed_22_12_4_0_0_6u_config2_U0/grp_compute_output_buffer_2d_array_array_ap_fixed_22_12_4_0_0_6u_config2_s_fu_118/grp_dense_resource_rf_gt_nin_rem0_ap_fixed_ap_fixed_22_12_4_0_0_config2_mult_s_fu_195/ap_phi_reg_pp0_iter1_p_ZZN4nnet24compute_output_buffer_2dINS_5arrayI8ap_fixedILi22ELi12EL9ap_q_mode4EL_763_reg_692_reg[14]/C is not reached by a timing clock
Related violations: <none>

TIMING-17#810 Critical Warning
Non-clocked sequential cell  
The clock pin conv_2d_cl_array_ap_fixed_1u_array_ap_fixed_22_12_4_0_0_6u_config2_U0/grp_compute_output_buffer_2d_array_array_ap_fixed_22_12_4_0_0_6u_config2_s_fu_118/grp_dense_resource_rf_gt_nin_rem0_ap_fixed_ap_fixed_22_12_4_0_0_config2_mult_s_fu_195/ap_phi_reg_pp0_iter1_p_ZZN4nnet24compute_output_buffer_2dINS_5arrayI8ap_fixedILi22ELi12EL9ap_q_mode4EL_763_reg_692_reg[15]/C is not reached by a timing clock
Related violations: <none>

TIMING-17#811 Critical Warning
Non-clocked sequential cell  
The clock pin conv_2d_cl_array_ap_fixed_1u_array_ap_fixed_22_12_4_0_0_6u_config2_U0/grp_compute_output_buffer_2d_array_array_ap_fixed_22_12_4_0_0_6u_config2_s_fu_118/grp_dense_resource_rf_gt_nin_rem0_ap_fixed_ap_fixed_22_12_4_0_0_config2_mult_s_fu_195/ap_phi_reg_pp0_iter1_p_ZZN4nnet24compute_output_buffer_2dINS_5arrayI8ap_fixedILi22ELi12EL9ap_q_mode4EL_763_reg_692_reg[16]/C is not reached by a timing clock
Related violations: <none>

TIMING-17#812 Critical Warning
Non-clocked sequential cell  
The clock pin conv_2d_cl_array_ap_fixed_1u_array_ap_fixed_22_12_4_0_0_6u_config2_U0/grp_compute_output_buffer_2d_array_array_ap_fixed_22_12_4_0_0_6u_config2_s_fu_118/grp_dense_resource_rf_gt_nin_rem0_ap_fixed_ap_fixed_22_12_4_0_0_config2_mult_s_fu_195/ap_phi_reg_pp0_iter1_p_ZZN4nnet24compute_output_buffer_2dINS_5arrayI8ap_fixedILi22ELi12EL9ap_q_mode4EL_763_reg_692_reg[17]/C is not reached by a timing clock
Related violations: <none>

TIMING-17#813 Critical Warning
Non-clocked sequential cell  
The clock pin conv_2d_cl_array_ap_fixed_1u_array_ap_fixed_22_12_4_0_0_6u_config2_U0/grp_compute_output_buffer_2d_array_array_ap_fixed_22_12_4_0_0_6u_config2_s_fu_118/grp_dense_resource_rf_gt_nin_rem0_ap_fixed_ap_fixed_22_12_4_0_0_config2_mult_s_fu_195/ap_phi_reg_pp0_iter1_p_ZZN4nnet24compute_output_buffer_2dINS_5arrayI8ap_fixedILi22ELi12EL9ap_q_mode4EL_763_reg_692_reg[18]/C is not reached by a timing clock
Related violations: <none>

TIMING-17#814 Critical Warning
Non-clocked sequential cell  
The clock pin conv_2d_cl_array_ap_fixed_1u_array_ap_fixed_22_12_4_0_0_6u_config2_U0/grp_compute_output_buffer_2d_array_array_ap_fixed_22_12_4_0_0_6u_config2_s_fu_118/grp_dense_resource_rf_gt_nin_rem0_ap_fixed_ap_fixed_22_12_4_0_0_config2_mult_s_fu_195/ap_phi_reg_pp0_iter1_p_ZZN4nnet24compute_output_buffer_2dINS_5arrayI8ap_fixedILi22ELi12EL9ap_q_mode4EL_763_reg_692_reg[19]/C is not reached by a timing clock
Related violations: <none>

TIMING-17#815 Critical Warning
Non-clocked sequential cell  
The clock pin conv_2d_cl_array_ap_fixed_1u_array_ap_fixed_22_12_4_0_0_6u_config2_U0/grp_compute_output_buffer_2d_array_array_ap_fixed_22_12_4_0_0_6u_config2_s_fu_118/grp_dense_resource_rf_gt_nin_rem0_ap_fixed_ap_fixed_22_12_4_0_0_config2_mult_s_fu_195/ap_phi_reg_pp0_iter1_p_ZZN4nnet24compute_output_buffer_2dINS_5arrayI8ap_fixedILi22ELi12EL9ap_q_mode4EL_763_reg_692_reg[1]/C is not reached by a timing clock
Related violations: <none>

TIMING-17#816 Critical Warning
Non-clocked sequential cell  
The clock pin conv_2d_cl_array_ap_fixed_1u_array_ap_fixed_22_12_4_0_0_6u_config2_U0/grp_compute_output_buffer_2d_array_array_ap_fixed_22_12_4_0_0_6u_config2_s_fu_118/grp_dense_resource_rf_gt_nin_rem0_ap_fixed_ap_fixed_22_12_4_0_0_config2_mult_s_fu_195/ap_phi_reg_pp0_iter1_p_ZZN4nnet24compute_output_buffer_2dINS_5arrayI8ap_fixedILi22ELi12EL9ap_q_mode4EL_763_reg_692_reg[20]/C is not reached by a timing clock
Related violations: <none>

TIMING-17#817 Critical Warning
Non-clocked sequential cell  
The clock pin conv_2d_cl_array_ap_fixed_1u_array_ap_fixed_22_12_4_0_0_6u_config2_U0/grp_compute_output_buffer_2d_array_array_ap_fixed_22_12_4_0_0_6u_config2_s_fu_118/grp_dense_resource_rf_gt_nin_rem0_ap_fixed_ap_fixed_22_12_4_0_0_config2_mult_s_fu_195/ap_phi_reg_pp0_iter1_p_ZZN4nnet24compute_output_buffer_2dINS_5arrayI8ap_fixedILi22ELi12EL9ap_q_mode4EL_763_reg_692_reg[21]/C is not reached by a timing clock
Related violations: <none>

TIMING-17#818 Critical Warning
Non-clocked sequential cell  
The clock pin conv_2d_cl_array_ap_fixed_1u_array_ap_fixed_22_12_4_0_0_6u_config2_U0/grp_compute_output_buffer_2d_array_array_ap_fixed_22_12_4_0_0_6u_config2_s_fu_118/grp_dense_resource_rf_gt_nin_rem0_ap_fixed_ap_fixed_22_12_4_0_0_config2_mult_s_fu_195/ap_phi_reg_pp0_iter1_p_ZZN4nnet24compute_output_buffer_2dINS_5arrayI8ap_fixedILi22ELi12EL9ap_q_mode4EL_763_reg_692_reg[2]/C is not reached by a timing clock
Related violations: <none>

TIMING-17#819 Critical Warning
Non-clocked sequential cell  
The clock pin conv_2d_cl_array_ap_fixed_1u_array_ap_fixed_22_12_4_0_0_6u_config2_U0/grp_compute_output_buffer_2d_array_array_ap_fixed_22_12_4_0_0_6u_config2_s_fu_118/grp_dense_resource_rf_gt_nin_rem0_ap_fixed_ap_fixed_22_12_4_0_0_config2_mult_s_fu_195/ap_phi_reg_pp0_iter1_p_ZZN4nnet24compute_output_buffer_2dINS_5arrayI8ap_fixedILi22ELi12EL9ap_q_mode4EL_763_reg_692_reg[3]/C is not reached by a timing clock
Related violations: <none>

TIMING-17#820 Critical Warning
Non-clocked sequential cell  
The clock pin conv_2d_cl_array_ap_fixed_1u_array_ap_fixed_22_12_4_0_0_6u_config2_U0/grp_compute_output_buffer_2d_array_array_ap_fixed_22_12_4_0_0_6u_config2_s_fu_118/grp_dense_resource_rf_gt_nin_rem0_ap_fixed_ap_fixed_22_12_4_0_0_config2_mult_s_fu_195/ap_phi_reg_pp0_iter1_p_ZZN4nnet24compute_output_buffer_2dINS_5arrayI8ap_fixedILi22ELi12EL9ap_q_mode4EL_763_reg_692_reg[4]/C is not reached by a timing clock
Related violations: <none>

TIMING-17#821 Critical Warning
Non-clocked sequential cell  
The clock pin conv_2d_cl_array_ap_fixed_1u_array_ap_fixed_22_12_4_0_0_6u_config2_U0/grp_compute_output_buffer_2d_array_array_ap_fixed_22_12_4_0_0_6u_config2_s_fu_118/grp_dense_resource_rf_gt_nin_rem0_ap_fixed_ap_fixed_22_12_4_0_0_config2_mult_s_fu_195/ap_phi_reg_pp0_iter1_p_ZZN4nnet24compute_output_buffer_2dINS_5arrayI8ap_fixedILi22ELi12EL9ap_q_mode4EL_763_reg_692_reg[5]/C is not reached by a timing clock
Related violations: <none>

TIMING-17#822 Critical Warning
Non-clocked sequential cell  
The clock pin conv_2d_cl_array_ap_fixed_1u_array_ap_fixed_22_12_4_0_0_6u_config2_U0/grp_compute_output_buffer_2d_array_array_ap_fixed_22_12_4_0_0_6u_config2_s_fu_118/grp_dense_resource_rf_gt_nin_rem0_ap_fixed_ap_fixed_22_12_4_0_0_config2_mult_s_fu_195/ap_phi_reg_pp0_iter1_p_ZZN4nnet24compute_output_buffer_2dINS_5arrayI8ap_fixedILi22ELi12EL9ap_q_mode4EL_763_reg_692_reg[6]/C is not reached by a timing clock
Related violations: <none>

TIMING-17#823 Critical Warning
Non-clocked sequential cell  
The clock pin conv_2d_cl_array_ap_fixed_1u_array_ap_fixed_22_12_4_0_0_6u_config2_U0/grp_compute_output_buffer_2d_array_array_ap_fixed_22_12_4_0_0_6u_config2_s_fu_118/grp_dense_resource_rf_gt_nin_rem0_ap_fixed_ap_fixed_22_12_4_0_0_config2_mult_s_fu_195/ap_phi_reg_pp0_iter1_p_ZZN4nnet24compute_output_buffer_2dINS_5arrayI8ap_fixedILi22ELi12EL9ap_q_mode4EL_763_reg_692_reg[7]/C is not reached by a timing clock
Related violations: <none>

TIMING-17#824 Critical Warning
Non-clocked sequential cell  
The clock pin conv_2d_cl_array_ap_fixed_1u_array_ap_fixed_22_12_4_0_0_6u_config2_U0/grp_compute_output_buffer_2d_array_array_ap_fixed_22_12_4_0_0_6u_config2_s_fu_118/grp_dense_resource_rf_gt_nin_rem0_ap_fixed_ap_fixed_22_12_4_0_0_config2_mult_s_fu_195/ap_phi_reg_pp0_iter1_p_ZZN4nnet24compute_output_buffer_2dINS_5arrayI8ap_fixedILi22ELi12EL9ap_q_mode4EL_763_reg_692_reg[8]/C is not reached by a timing clock
Related violations: <none>

TIMING-17#825 Critical Warning
Non-clocked sequential cell  
The clock pin conv_2d_cl_array_ap_fixed_1u_array_ap_fixed_22_12_4_0_0_6u_config2_U0/grp_compute_output_buffer_2d_array_array_ap_fixed_22_12_4_0_0_6u_config2_s_fu_118/grp_dense_resource_rf_gt_nin_rem0_ap_fixed_ap_fixed_22_12_4_0_0_config2_mult_s_fu_195/ap_phi_reg_pp0_iter1_p_ZZN4nnet24compute_output_buffer_2dINS_5arrayI8ap_fixedILi22ELi12EL9ap_q_mode4EL_763_reg_692_reg[9]/C is not reached by a timing clock
Related violations: <none>

TIMING-17#826 Critical Warning
Non-clocked sequential cell  
The clock pin conv_2d_cl_array_ap_fixed_1u_array_ap_fixed_22_12_4_0_0_6u_config2_U0/grp_compute_output_buffer_2d_array_array_ap_fixed_22_12_4_0_0_6u_config2_s_fu_118/grp_dense_resource_rf_gt_nin_rem0_ap_fixed_ap_fixed_22_12_4_0_0_config2_mult_s_fu_195/ap_phi_reg_pp0_iter1_p_ZZN4nnet24compute_output_buffer_2dINS_5arrayI8ap_fixedILi22ELi12EL9ap_q_mode4EL_764_reg_704_reg[0]/C is not reached by a timing clock
Related violations: <none>

TIMING-17#827 Critical Warning
Non-clocked sequential cell  
The clock pin conv_2d_cl_array_ap_fixed_1u_array_ap_fixed_22_12_4_0_0_6u_config2_U0/grp_compute_output_buffer_2d_array_array_ap_fixed_22_12_4_0_0_6u_config2_s_fu_118/grp_dense_resource_rf_gt_nin_rem0_ap_fixed_ap_fixed_22_12_4_0_0_config2_mult_s_fu_195/ap_phi_reg_pp0_iter1_p_ZZN4nnet24compute_output_buffer_2dINS_5arrayI8ap_fixedILi22ELi12EL9ap_q_mode4EL_764_reg_704_reg[10]/C is not reached by a timing clock
Related violations: <none>

TIMING-17#828 Critical Warning
Non-clocked sequential cell  
The clock pin conv_2d_cl_array_ap_fixed_1u_array_ap_fixed_22_12_4_0_0_6u_config2_U0/grp_compute_output_buffer_2d_array_array_ap_fixed_22_12_4_0_0_6u_config2_s_fu_118/grp_dense_resource_rf_gt_nin_rem0_ap_fixed_ap_fixed_22_12_4_0_0_config2_mult_s_fu_195/ap_phi_reg_pp0_iter1_p_ZZN4nnet24compute_output_buffer_2dINS_5arrayI8ap_fixedILi22ELi12EL9ap_q_mode4EL_764_reg_704_reg[11]/C is not reached by a timing clock
Related violations: <none>

TIMING-17#829 Critical Warning
Non-clocked sequential cell  
The clock pin conv_2d_cl_array_ap_fixed_1u_array_ap_fixed_22_12_4_0_0_6u_config2_U0/grp_compute_output_buffer_2d_array_array_ap_fixed_22_12_4_0_0_6u_config2_s_fu_118/grp_dense_resource_rf_gt_nin_rem0_ap_fixed_ap_fixed_22_12_4_0_0_config2_mult_s_fu_195/ap_phi_reg_pp0_iter1_p_ZZN4nnet24compute_output_buffer_2dINS_5arrayI8ap_fixedILi22ELi12EL9ap_q_mode4EL_764_reg_704_reg[12]/C is not reached by a timing clock
Related violations: <none>

TIMING-17#830 Critical Warning
Non-clocked sequential cell  
The clock pin conv_2d_cl_array_ap_fixed_1u_array_ap_fixed_22_12_4_0_0_6u_config2_U0/grp_compute_output_buffer_2d_array_array_ap_fixed_22_12_4_0_0_6u_config2_s_fu_118/grp_dense_resource_rf_gt_nin_rem0_ap_fixed_ap_fixed_22_12_4_0_0_config2_mult_s_fu_195/ap_phi_reg_pp0_iter1_p_ZZN4nnet24compute_output_buffer_2dINS_5arrayI8ap_fixedILi22ELi12EL9ap_q_mode4EL_764_reg_704_reg[13]/C is not reached by a timing clock
Related violations: <none>

TIMING-17#831 Critical Warning
Non-clocked sequential cell  
The clock pin conv_2d_cl_array_ap_fixed_1u_array_ap_fixed_22_12_4_0_0_6u_config2_U0/grp_compute_output_buffer_2d_array_array_ap_fixed_22_12_4_0_0_6u_config2_s_fu_118/grp_dense_resource_rf_gt_nin_rem0_ap_fixed_ap_fixed_22_12_4_0_0_config2_mult_s_fu_195/ap_phi_reg_pp0_iter1_p_ZZN4nnet24compute_output_buffer_2dINS_5arrayI8ap_fixedILi22ELi12EL9ap_q_mode4EL_764_reg_704_reg[14]/C is not reached by a timing clock
Related violations: <none>

TIMING-17#832 Critical Warning
Non-clocked sequential cell  
The clock pin conv_2d_cl_array_ap_fixed_1u_array_ap_fixed_22_12_4_0_0_6u_config2_U0/grp_compute_output_buffer_2d_array_array_ap_fixed_22_12_4_0_0_6u_config2_s_fu_118/grp_dense_resource_rf_gt_nin_rem0_ap_fixed_ap_fixed_22_12_4_0_0_config2_mult_s_fu_195/ap_phi_reg_pp0_iter1_p_ZZN4nnet24compute_output_buffer_2dINS_5arrayI8ap_fixedILi22ELi12EL9ap_q_mode4EL_764_reg_704_reg[15]/C is not reached by a timing clock
Related violations: <none>

TIMING-17#833 Critical Warning
Non-clocked sequential cell  
The clock pin conv_2d_cl_array_ap_fixed_1u_array_ap_fixed_22_12_4_0_0_6u_config2_U0/grp_compute_output_buffer_2d_array_array_ap_fixed_22_12_4_0_0_6u_config2_s_fu_118/grp_dense_resource_rf_gt_nin_rem0_ap_fixed_ap_fixed_22_12_4_0_0_config2_mult_s_fu_195/ap_phi_reg_pp0_iter1_p_ZZN4nnet24compute_output_buffer_2dINS_5arrayI8ap_fixedILi22ELi12EL9ap_q_mode4EL_764_reg_704_reg[16]/C is not reached by a timing clock
Related violations: <none>

TIMING-17#834 Critical Warning
Non-clocked sequential cell  
The clock pin conv_2d_cl_array_ap_fixed_1u_array_ap_fixed_22_12_4_0_0_6u_config2_U0/grp_compute_output_buffer_2d_array_array_ap_fixed_22_12_4_0_0_6u_config2_s_fu_118/grp_dense_resource_rf_gt_nin_rem0_ap_fixed_ap_fixed_22_12_4_0_0_config2_mult_s_fu_195/ap_phi_reg_pp0_iter1_p_ZZN4nnet24compute_output_buffer_2dINS_5arrayI8ap_fixedILi22ELi12EL9ap_q_mode4EL_764_reg_704_reg[17]/C is not reached by a timing clock
Related violations: <none>

TIMING-17#835 Critical Warning
Non-clocked sequential cell  
The clock pin conv_2d_cl_array_ap_fixed_1u_array_ap_fixed_22_12_4_0_0_6u_config2_U0/grp_compute_output_buffer_2d_array_array_ap_fixed_22_12_4_0_0_6u_config2_s_fu_118/grp_dense_resource_rf_gt_nin_rem0_ap_fixed_ap_fixed_22_12_4_0_0_config2_mult_s_fu_195/ap_phi_reg_pp0_iter1_p_ZZN4nnet24compute_output_buffer_2dINS_5arrayI8ap_fixedILi22ELi12EL9ap_q_mode4EL_764_reg_704_reg[18]/C is not reached by a timing clock
Related violations: <none>

TIMING-17#836 Critical Warning
Non-clocked sequential cell  
The clock pin conv_2d_cl_array_ap_fixed_1u_array_ap_fixed_22_12_4_0_0_6u_config2_U0/grp_compute_output_buffer_2d_array_array_ap_fixed_22_12_4_0_0_6u_config2_s_fu_118/grp_dense_resource_rf_gt_nin_rem0_ap_fixed_ap_fixed_22_12_4_0_0_config2_mult_s_fu_195/ap_phi_reg_pp0_iter1_p_ZZN4nnet24compute_output_buffer_2dINS_5arrayI8ap_fixedILi22ELi12EL9ap_q_mode4EL_764_reg_704_reg[19]/C is not reached by a timing clock
Related violations: <none>

TIMING-17#837 Critical Warning
Non-clocked sequential cell  
The clock pin conv_2d_cl_array_ap_fixed_1u_array_ap_fixed_22_12_4_0_0_6u_config2_U0/grp_compute_output_buffer_2d_array_array_ap_fixed_22_12_4_0_0_6u_config2_s_fu_118/grp_dense_resource_rf_gt_nin_rem0_ap_fixed_ap_fixed_22_12_4_0_0_config2_mult_s_fu_195/ap_phi_reg_pp0_iter1_p_ZZN4nnet24compute_output_buffer_2dINS_5arrayI8ap_fixedILi22ELi12EL9ap_q_mode4EL_764_reg_704_reg[1]/C is not reached by a timing clock
Related violations: <none>

TIMING-17#838 Critical Warning
Non-clocked sequential cell  
The clock pin conv_2d_cl_array_ap_fixed_1u_array_ap_fixed_22_12_4_0_0_6u_config2_U0/grp_compute_output_buffer_2d_array_array_ap_fixed_22_12_4_0_0_6u_config2_s_fu_118/grp_dense_resource_rf_gt_nin_rem0_ap_fixed_ap_fixed_22_12_4_0_0_config2_mult_s_fu_195/ap_phi_reg_pp0_iter1_p_ZZN4nnet24compute_output_buffer_2dINS_5arrayI8ap_fixedILi22ELi12EL9ap_q_mode4EL_764_reg_704_reg[20]/C is not reached by a timing clock
Related violations: <none>

TIMING-17#839 Critical Warning
Non-clocked sequential cell  
The clock pin conv_2d_cl_array_ap_fixed_1u_array_ap_fixed_22_12_4_0_0_6u_config2_U0/grp_compute_output_buffer_2d_array_array_ap_fixed_22_12_4_0_0_6u_config2_s_fu_118/grp_dense_resource_rf_gt_nin_rem0_ap_fixed_ap_fixed_22_12_4_0_0_config2_mult_s_fu_195/ap_phi_reg_pp0_iter1_p_ZZN4nnet24compute_output_buffer_2dINS_5arrayI8ap_fixedILi22ELi12EL9ap_q_mode4EL_764_reg_704_reg[21]/C is not reached by a timing clock
Related violations: <none>

TIMING-17#840 Critical Warning
Non-clocked sequential cell  
The clock pin conv_2d_cl_array_ap_fixed_1u_array_ap_fixed_22_12_4_0_0_6u_config2_U0/grp_compute_output_buffer_2d_array_array_ap_fixed_22_12_4_0_0_6u_config2_s_fu_118/grp_dense_resource_rf_gt_nin_rem0_ap_fixed_ap_fixed_22_12_4_0_0_config2_mult_s_fu_195/ap_phi_reg_pp0_iter1_p_ZZN4nnet24compute_output_buffer_2dINS_5arrayI8ap_fixedILi22ELi12EL9ap_q_mode4EL_764_reg_704_reg[2]/C is not reached by a timing clock
Related violations: <none>

TIMING-17#841 Critical Warning
Non-clocked sequential cell  
The clock pin conv_2d_cl_array_ap_fixed_1u_array_ap_fixed_22_12_4_0_0_6u_config2_U0/grp_compute_output_buffer_2d_array_array_ap_fixed_22_12_4_0_0_6u_config2_s_fu_118/grp_dense_resource_rf_gt_nin_rem0_ap_fixed_ap_fixed_22_12_4_0_0_config2_mult_s_fu_195/ap_phi_reg_pp0_iter1_p_ZZN4nnet24compute_output_buffer_2dINS_5arrayI8ap_fixedILi22ELi12EL9ap_q_mode4EL_764_reg_704_reg[3]/C is not reached by a timing clock
Related violations: <none>

TIMING-17#842 Critical Warning
Non-clocked sequential cell  
The clock pin conv_2d_cl_array_ap_fixed_1u_array_ap_fixed_22_12_4_0_0_6u_config2_U0/grp_compute_output_buffer_2d_array_array_ap_fixed_22_12_4_0_0_6u_config2_s_fu_118/grp_dense_resource_rf_gt_nin_rem0_ap_fixed_ap_fixed_22_12_4_0_0_config2_mult_s_fu_195/ap_phi_reg_pp0_iter1_p_ZZN4nnet24compute_output_buffer_2dINS_5arrayI8ap_fixedILi22ELi12EL9ap_q_mode4EL_764_reg_704_reg[4]/C is not reached by a timing clock
Related violations: <none>

TIMING-17#843 Critical Warning
Non-clocked sequential cell  
The clock pin conv_2d_cl_array_ap_fixed_1u_array_ap_fixed_22_12_4_0_0_6u_config2_U0/grp_compute_output_buffer_2d_array_array_ap_fixed_22_12_4_0_0_6u_config2_s_fu_118/grp_dense_resource_rf_gt_nin_rem0_ap_fixed_ap_fixed_22_12_4_0_0_config2_mult_s_fu_195/ap_phi_reg_pp0_iter1_p_ZZN4nnet24compute_output_buffer_2dINS_5arrayI8ap_fixedILi22ELi12EL9ap_q_mode4EL_764_reg_704_reg[5]/C is not reached by a timing clock
Related violations: <none>

TIMING-17#844 Critical Warning
Non-clocked sequential cell  
The clock pin conv_2d_cl_array_ap_fixed_1u_array_ap_fixed_22_12_4_0_0_6u_config2_U0/grp_compute_output_buffer_2d_array_array_ap_fixed_22_12_4_0_0_6u_config2_s_fu_118/grp_dense_resource_rf_gt_nin_rem0_ap_fixed_ap_fixed_22_12_4_0_0_config2_mult_s_fu_195/ap_phi_reg_pp0_iter1_p_ZZN4nnet24compute_output_buffer_2dINS_5arrayI8ap_fixedILi22ELi12EL9ap_q_mode4EL_764_reg_704_reg[6]/C is not reached by a timing clock
Related violations: <none>

TIMING-17#845 Critical Warning
Non-clocked sequential cell  
The clock pin conv_2d_cl_array_ap_fixed_1u_array_ap_fixed_22_12_4_0_0_6u_config2_U0/grp_compute_output_buffer_2d_array_array_ap_fixed_22_12_4_0_0_6u_config2_s_fu_118/grp_dense_resource_rf_gt_nin_rem0_ap_fixed_ap_fixed_22_12_4_0_0_config2_mult_s_fu_195/ap_phi_reg_pp0_iter1_p_ZZN4nnet24compute_output_buffer_2dINS_5arrayI8ap_fixedILi22ELi12EL9ap_q_mode4EL_764_reg_704_reg[7]/C is not reached by a timing clock
Related violations: <none>

TIMING-17#846 Critical Warning
Non-clocked sequential cell  
The clock pin conv_2d_cl_array_ap_fixed_1u_array_ap_fixed_22_12_4_0_0_6u_config2_U0/grp_compute_output_buffer_2d_array_array_ap_fixed_22_12_4_0_0_6u_config2_s_fu_118/grp_dense_resource_rf_gt_nin_rem0_ap_fixed_ap_fixed_22_12_4_0_0_config2_mult_s_fu_195/ap_phi_reg_pp0_iter1_p_ZZN4nnet24compute_output_buffer_2dINS_5arrayI8ap_fixedILi22ELi12EL9ap_q_mode4EL_764_reg_704_reg[8]/C is not reached by a timing clock
Related violations: <none>

TIMING-17#847 Critical Warning
Non-clocked sequential cell  
The clock pin conv_2d_cl_array_ap_fixed_1u_array_ap_fixed_22_12_4_0_0_6u_config2_U0/grp_compute_output_buffer_2d_array_array_ap_fixed_22_12_4_0_0_6u_config2_s_fu_118/grp_dense_resource_rf_gt_nin_rem0_ap_fixed_ap_fixed_22_12_4_0_0_config2_mult_s_fu_195/ap_phi_reg_pp0_iter1_p_ZZN4nnet24compute_output_buffer_2dINS_5arrayI8ap_fixedILi22ELi12EL9ap_q_mode4EL_764_reg_704_reg[9]/C is not reached by a timing clock
Related violations: <none>

TIMING-17#848 Critical Warning
Non-clocked sequential cell  
The clock pin conv_2d_cl_array_ap_fixed_1u_array_ap_fixed_22_12_4_0_0_6u_config2_U0/grp_compute_output_buffer_2d_array_array_ap_fixed_22_12_4_0_0_6u_config2_s_fu_118/grp_dense_resource_rf_gt_nin_rem0_ap_fixed_ap_fixed_22_12_4_0_0_config2_mult_s_fu_195/ap_phi_reg_pp0_iter1_p_ZZN4nnet24compute_output_buffer_2dINS_5arrayI8ap_fixedILi22ELi12EL9ap_q_mode4EL_765_reg_716_reg[0]/C is not reached by a timing clock
Related violations: <none>

TIMING-17#849 Critical Warning
Non-clocked sequential cell  
The clock pin conv_2d_cl_array_ap_fixed_1u_array_ap_fixed_22_12_4_0_0_6u_config2_U0/grp_compute_output_buffer_2d_array_array_ap_fixed_22_12_4_0_0_6u_config2_s_fu_118/grp_dense_resource_rf_gt_nin_rem0_ap_fixed_ap_fixed_22_12_4_0_0_config2_mult_s_fu_195/ap_phi_reg_pp0_iter1_p_ZZN4nnet24compute_output_buffer_2dINS_5arrayI8ap_fixedILi22ELi12EL9ap_q_mode4EL_765_reg_716_reg[10]/C is not reached by a timing clock
Related violations: <none>

TIMING-17#850 Critical Warning
Non-clocked sequential cell  
The clock pin conv_2d_cl_array_ap_fixed_1u_array_ap_fixed_22_12_4_0_0_6u_config2_U0/grp_compute_output_buffer_2d_array_array_ap_fixed_22_12_4_0_0_6u_config2_s_fu_118/grp_dense_resource_rf_gt_nin_rem0_ap_fixed_ap_fixed_22_12_4_0_0_config2_mult_s_fu_195/ap_phi_reg_pp0_iter1_p_ZZN4nnet24compute_output_buffer_2dINS_5arrayI8ap_fixedILi22ELi12EL9ap_q_mode4EL_765_reg_716_reg[11]/C is not reached by a timing clock
Related violations: <none>

TIMING-17#851 Critical Warning
Non-clocked sequential cell  
The clock pin conv_2d_cl_array_ap_fixed_1u_array_ap_fixed_22_12_4_0_0_6u_config2_U0/grp_compute_output_buffer_2d_array_array_ap_fixed_22_12_4_0_0_6u_config2_s_fu_118/grp_dense_resource_rf_gt_nin_rem0_ap_fixed_ap_fixed_22_12_4_0_0_config2_mult_s_fu_195/ap_phi_reg_pp0_iter1_p_ZZN4nnet24compute_output_buffer_2dINS_5arrayI8ap_fixedILi22ELi12EL9ap_q_mode4EL_765_reg_716_reg[12]/C is not reached by a timing clock
Related violations: <none>

TIMING-17#852 Critical Warning
Non-clocked sequential cell  
The clock pin conv_2d_cl_array_ap_fixed_1u_array_ap_fixed_22_12_4_0_0_6u_config2_U0/grp_compute_output_buffer_2d_array_array_ap_fixed_22_12_4_0_0_6u_config2_s_fu_118/grp_dense_resource_rf_gt_nin_rem0_ap_fixed_ap_fixed_22_12_4_0_0_config2_mult_s_fu_195/ap_phi_reg_pp0_iter1_p_ZZN4nnet24compute_output_buffer_2dINS_5arrayI8ap_fixedILi22ELi12EL9ap_q_mode4EL_765_reg_716_reg[13]/C is not reached by a timing clock
Related violations: <none>

TIMING-17#853 Critical Warning
Non-clocked sequential cell  
The clock pin conv_2d_cl_array_ap_fixed_1u_array_ap_fixed_22_12_4_0_0_6u_config2_U0/grp_compute_output_buffer_2d_array_array_ap_fixed_22_12_4_0_0_6u_config2_s_fu_118/grp_dense_resource_rf_gt_nin_rem0_ap_fixed_ap_fixed_22_12_4_0_0_config2_mult_s_fu_195/ap_phi_reg_pp0_iter1_p_ZZN4nnet24compute_output_buffer_2dINS_5arrayI8ap_fixedILi22ELi12EL9ap_q_mode4EL_765_reg_716_reg[14]/C is not reached by a timing clock
Related violations: <none>

TIMING-17#854 Critical Warning
Non-clocked sequential cell  
The clock pin conv_2d_cl_array_ap_fixed_1u_array_ap_fixed_22_12_4_0_0_6u_config2_U0/grp_compute_output_buffer_2d_array_array_ap_fixed_22_12_4_0_0_6u_config2_s_fu_118/grp_dense_resource_rf_gt_nin_rem0_ap_fixed_ap_fixed_22_12_4_0_0_config2_mult_s_fu_195/ap_phi_reg_pp0_iter1_p_ZZN4nnet24compute_output_buffer_2dINS_5arrayI8ap_fixedILi22ELi12EL9ap_q_mode4EL_765_reg_716_reg[15]/C is not reached by a timing clock
Related violations: <none>

TIMING-17#855 Critical Warning
Non-clocked sequential cell  
The clock pin conv_2d_cl_array_ap_fixed_1u_array_ap_fixed_22_12_4_0_0_6u_config2_U0/grp_compute_output_buffer_2d_array_array_ap_fixed_22_12_4_0_0_6u_config2_s_fu_118/grp_dense_resource_rf_gt_nin_rem0_ap_fixed_ap_fixed_22_12_4_0_0_config2_mult_s_fu_195/ap_phi_reg_pp0_iter1_p_ZZN4nnet24compute_output_buffer_2dINS_5arrayI8ap_fixedILi22ELi12EL9ap_q_mode4EL_765_reg_716_reg[16]/C is not reached by a timing clock
Related violations: <none>

TIMING-17#856 Critical Warning
Non-clocked sequential cell  
The clock pin conv_2d_cl_array_ap_fixed_1u_array_ap_fixed_22_12_4_0_0_6u_config2_U0/grp_compute_output_buffer_2d_array_array_ap_fixed_22_12_4_0_0_6u_config2_s_fu_118/grp_dense_resource_rf_gt_nin_rem0_ap_fixed_ap_fixed_22_12_4_0_0_config2_mult_s_fu_195/ap_phi_reg_pp0_iter1_p_ZZN4nnet24compute_output_buffer_2dINS_5arrayI8ap_fixedILi22ELi12EL9ap_q_mode4EL_765_reg_716_reg[17]/C is not reached by a timing clock
Related violations: <none>

TIMING-17#857 Critical Warning
Non-clocked sequential cell  
The clock pin conv_2d_cl_array_ap_fixed_1u_array_ap_fixed_22_12_4_0_0_6u_config2_U0/grp_compute_output_buffer_2d_array_array_ap_fixed_22_12_4_0_0_6u_config2_s_fu_118/grp_dense_resource_rf_gt_nin_rem0_ap_fixed_ap_fixed_22_12_4_0_0_config2_mult_s_fu_195/ap_phi_reg_pp0_iter1_p_ZZN4nnet24compute_output_buffer_2dINS_5arrayI8ap_fixedILi22ELi12EL9ap_q_mode4EL_765_reg_716_reg[18]/C is not reached by a timing clock
Related violations: <none>

TIMING-17#858 Critical Warning
Non-clocked sequential cell  
The clock pin conv_2d_cl_array_ap_fixed_1u_array_ap_fixed_22_12_4_0_0_6u_config2_U0/grp_compute_output_buffer_2d_array_array_ap_fixed_22_12_4_0_0_6u_config2_s_fu_118/grp_dense_resource_rf_gt_nin_rem0_ap_fixed_ap_fixed_22_12_4_0_0_config2_mult_s_fu_195/ap_phi_reg_pp0_iter1_p_ZZN4nnet24compute_output_buffer_2dINS_5arrayI8ap_fixedILi22ELi12EL9ap_q_mode4EL_765_reg_716_reg[19]/C is not reached by a timing clock
Related violations: <none>

TIMING-17#859 Critical Warning
Non-clocked sequential cell  
The clock pin conv_2d_cl_array_ap_fixed_1u_array_ap_fixed_22_12_4_0_0_6u_config2_U0/grp_compute_output_buffer_2d_array_array_ap_fixed_22_12_4_0_0_6u_config2_s_fu_118/grp_dense_resource_rf_gt_nin_rem0_ap_fixed_ap_fixed_22_12_4_0_0_config2_mult_s_fu_195/ap_phi_reg_pp0_iter1_p_ZZN4nnet24compute_output_buffer_2dINS_5arrayI8ap_fixedILi22ELi12EL9ap_q_mode4EL_765_reg_716_reg[1]/C is not reached by a timing clock
Related violations: <none>

TIMING-17#860 Critical Warning
Non-clocked sequential cell  
The clock pin conv_2d_cl_array_ap_fixed_1u_array_ap_fixed_22_12_4_0_0_6u_config2_U0/grp_compute_output_buffer_2d_array_array_ap_fixed_22_12_4_0_0_6u_config2_s_fu_118/grp_dense_resource_rf_gt_nin_rem0_ap_fixed_ap_fixed_22_12_4_0_0_config2_mult_s_fu_195/ap_phi_reg_pp0_iter1_p_ZZN4nnet24compute_output_buffer_2dINS_5arrayI8ap_fixedILi22ELi12EL9ap_q_mode4EL_765_reg_716_reg[20]/C is not reached by a timing clock
Related violations: <none>

TIMING-17#861 Critical Warning
Non-clocked sequential cell  
The clock pin conv_2d_cl_array_ap_fixed_1u_array_ap_fixed_22_12_4_0_0_6u_config2_U0/grp_compute_output_buffer_2d_array_array_ap_fixed_22_12_4_0_0_6u_config2_s_fu_118/grp_dense_resource_rf_gt_nin_rem0_ap_fixed_ap_fixed_22_12_4_0_0_config2_mult_s_fu_195/ap_phi_reg_pp0_iter1_p_ZZN4nnet24compute_output_buffer_2dINS_5arrayI8ap_fixedILi22ELi12EL9ap_q_mode4EL_765_reg_716_reg[21]/C is not reached by a timing clock
Related violations: <none>

TIMING-17#862 Critical Warning
Non-clocked sequential cell  
The clock pin conv_2d_cl_array_ap_fixed_1u_array_ap_fixed_22_12_4_0_0_6u_config2_U0/grp_compute_output_buffer_2d_array_array_ap_fixed_22_12_4_0_0_6u_config2_s_fu_118/grp_dense_resource_rf_gt_nin_rem0_ap_fixed_ap_fixed_22_12_4_0_0_config2_mult_s_fu_195/ap_phi_reg_pp0_iter1_p_ZZN4nnet24compute_output_buffer_2dINS_5arrayI8ap_fixedILi22ELi12EL9ap_q_mode4EL_765_reg_716_reg[2]/C is not reached by a timing clock
Related violations: <none>

TIMING-17#863 Critical Warning
Non-clocked sequential cell  
The clock pin conv_2d_cl_array_ap_fixed_1u_array_ap_fixed_22_12_4_0_0_6u_config2_U0/grp_compute_output_buffer_2d_array_array_ap_fixed_22_12_4_0_0_6u_config2_s_fu_118/grp_dense_resource_rf_gt_nin_rem0_ap_fixed_ap_fixed_22_12_4_0_0_config2_mult_s_fu_195/ap_phi_reg_pp0_iter1_p_ZZN4nnet24compute_output_buffer_2dINS_5arrayI8ap_fixedILi22ELi12EL9ap_q_mode4EL_765_reg_716_reg[3]/C is not reached by a timing clock
Related violations: <none>

TIMING-17#864 Critical Warning
Non-clocked sequential cell  
The clock pin conv_2d_cl_array_ap_fixed_1u_array_ap_fixed_22_12_4_0_0_6u_config2_U0/grp_compute_output_buffer_2d_array_array_ap_fixed_22_12_4_0_0_6u_config2_s_fu_118/grp_dense_resource_rf_gt_nin_rem0_ap_fixed_ap_fixed_22_12_4_0_0_config2_mult_s_fu_195/ap_phi_reg_pp0_iter1_p_ZZN4nnet24compute_output_buffer_2dINS_5arrayI8ap_fixedILi22ELi12EL9ap_q_mode4EL_765_reg_716_reg[4]/C is not reached by a timing clock
Related violations: <none>

TIMING-17#865 Critical Warning
Non-clocked sequential cell  
The clock pin conv_2d_cl_array_ap_fixed_1u_array_ap_fixed_22_12_4_0_0_6u_config2_U0/grp_compute_output_buffer_2d_array_array_ap_fixed_22_12_4_0_0_6u_config2_s_fu_118/grp_dense_resource_rf_gt_nin_rem0_ap_fixed_ap_fixed_22_12_4_0_0_config2_mult_s_fu_195/ap_phi_reg_pp0_iter1_p_ZZN4nnet24compute_output_buffer_2dINS_5arrayI8ap_fixedILi22ELi12EL9ap_q_mode4EL_765_reg_716_reg[5]/C is not reached by a timing clock
Related violations: <none>

TIMING-17#866 Critical Warning
Non-clocked sequential cell  
The clock pin conv_2d_cl_array_ap_fixed_1u_array_ap_fixed_22_12_4_0_0_6u_config2_U0/grp_compute_output_buffer_2d_array_array_ap_fixed_22_12_4_0_0_6u_config2_s_fu_118/grp_dense_resource_rf_gt_nin_rem0_ap_fixed_ap_fixed_22_12_4_0_0_config2_mult_s_fu_195/ap_phi_reg_pp0_iter1_p_ZZN4nnet24compute_output_buffer_2dINS_5arrayI8ap_fixedILi22ELi12EL9ap_q_mode4EL_765_reg_716_reg[6]/C is not reached by a timing clock
Related violations: <none>

TIMING-17#867 Critical Warning
Non-clocked sequential cell  
The clock pin conv_2d_cl_array_ap_fixed_1u_array_ap_fixed_22_12_4_0_0_6u_config2_U0/grp_compute_output_buffer_2d_array_array_ap_fixed_22_12_4_0_0_6u_config2_s_fu_118/grp_dense_resource_rf_gt_nin_rem0_ap_fixed_ap_fixed_22_12_4_0_0_config2_mult_s_fu_195/ap_phi_reg_pp0_iter1_p_ZZN4nnet24compute_output_buffer_2dINS_5arrayI8ap_fixedILi22ELi12EL9ap_q_mode4EL_765_reg_716_reg[7]/C is not reached by a timing clock
Related violations: <none>

TIMING-17#868 Critical Warning
Non-clocked sequential cell  
The clock pin conv_2d_cl_array_ap_fixed_1u_array_ap_fixed_22_12_4_0_0_6u_config2_U0/grp_compute_output_buffer_2d_array_array_ap_fixed_22_12_4_0_0_6u_config2_s_fu_118/grp_dense_resource_rf_gt_nin_rem0_ap_fixed_ap_fixed_22_12_4_0_0_config2_mult_s_fu_195/ap_phi_reg_pp0_iter1_p_ZZN4nnet24compute_output_buffer_2dINS_5arrayI8ap_fixedILi22ELi12EL9ap_q_mode4EL_765_reg_716_reg[8]/C is not reached by a timing clock
Related violations: <none>

TIMING-17#869 Critical Warning
Non-clocked sequential cell  
The clock pin conv_2d_cl_array_ap_fixed_1u_array_ap_fixed_22_12_4_0_0_6u_config2_U0/grp_compute_output_buffer_2d_array_array_ap_fixed_22_12_4_0_0_6u_config2_s_fu_118/grp_dense_resource_rf_gt_nin_rem0_ap_fixed_ap_fixed_22_12_4_0_0_config2_mult_s_fu_195/ap_phi_reg_pp0_iter1_p_ZZN4nnet24compute_output_buffer_2dINS_5arrayI8ap_fixedILi22ELi12EL9ap_q_mode4EL_765_reg_716_reg[9]/C is not reached by a timing clock
Related violations: <none>

TIMING-17#870 Critical Warning
Non-clocked sequential cell  
The clock pin conv_2d_cl_array_ap_fixed_1u_array_ap_fixed_22_12_4_0_0_6u_config2_U0/grp_compute_output_buffer_2d_array_array_ap_fixed_22_12_4_0_0_6u_config2_s_fu_118/grp_dense_resource_rf_gt_nin_rem0_ap_fixed_ap_fixed_22_12_4_0_0_config2_mult_s_fu_195/ap_phi_reg_pp0_iter1_p_ZZN4nnet24compute_output_buffer_2dINS_5arrayI8ap_fixedILi22ELi12EL9ap_q_mode4EL_766_reg_728_reg[0]/C is not reached by a timing clock
Related violations: <none>

TIMING-17#871 Critical Warning
Non-clocked sequential cell  
The clock pin conv_2d_cl_array_ap_fixed_1u_array_ap_fixed_22_12_4_0_0_6u_config2_U0/grp_compute_output_buffer_2d_array_array_ap_fixed_22_12_4_0_0_6u_config2_s_fu_118/grp_dense_resource_rf_gt_nin_rem0_ap_fixed_ap_fixed_22_12_4_0_0_config2_mult_s_fu_195/ap_phi_reg_pp0_iter1_p_ZZN4nnet24compute_output_buffer_2dINS_5arrayI8ap_fixedILi22ELi12EL9ap_q_mode4EL_766_reg_728_reg[10]/C is not reached by a timing clock
Related violations: <none>

TIMING-17#872 Critical Warning
Non-clocked sequential cell  
The clock pin conv_2d_cl_array_ap_fixed_1u_array_ap_fixed_22_12_4_0_0_6u_config2_U0/grp_compute_output_buffer_2d_array_array_ap_fixed_22_12_4_0_0_6u_config2_s_fu_118/grp_dense_resource_rf_gt_nin_rem0_ap_fixed_ap_fixed_22_12_4_0_0_config2_mult_s_fu_195/ap_phi_reg_pp0_iter1_p_ZZN4nnet24compute_output_buffer_2dINS_5arrayI8ap_fixedILi22ELi12EL9ap_q_mode4EL_766_reg_728_reg[11]/C is not reached by a timing clock
Related violations: <none>

TIMING-17#873 Critical Warning
Non-clocked sequential cell  
The clock pin conv_2d_cl_array_ap_fixed_1u_array_ap_fixed_22_12_4_0_0_6u_config2_U0/grp_compute_output_buffer_2d_array_array_ap_fixed_22_12_4_0_0_6u_config2_s_fu_118/grp_dense_resource_rf_gt_nin_rem0_ap_fixed_ap_fixed_22_12_4_0_0_config2_mult_s_fu_195/ap_phi_reg_pp0_iter1_p_ZZN4nnet24compute_output_buffer_2dINS_5arrayI8ap_fixedILi22ELi12EL9ap_q_mode4EL_766_reg_728_reg[12]/C is not reached by a timing clock
Related violations: <none>

TIMING-17#874 Critical Warning
Non-clocked sequential cell  
The clock pin conv_2d_cl_array_ap_fixed_1u_array_ap_fixed_22_12_4_0_0_6u_config2_U0/grp_compute_output_buffer_2d_array_array_ap_fixed_22_12_4_0_0_6u_config2_s_fu_118/grp_dense_resource_rf_gt_nin_rem0_ap_fixed_ap_fixed_22_12_4_0_0_config2_mult_s_fu_195/ap_phi_reg_pp0_iter1_p_ZZN4nnet24compute_output_buffer_2dINS_5arrayI8ap_fixedILi22ELi12EL9ap_q_mode4EL_766_reg_728_reg[13]/C is not reached by a timing clock
Related violations: <none>

TIMING-17#875 Critical Warning
Non-clocked sequential cell  
The clock pin conv_2d_cl_array_ap_fixed_1u_array_ap_fixed_22_12_4_0_0_6u_config2_U0/grp_compute_output_buffer_2d_array_array_ap_fixed_22_12_4_0_0_6u_config2_s_fu_118/grp_dense_resource_rf_gt_nin_rem0_ap_fixed_ap_fixed_22_12_4_0_0_config2_mult_s_fu_195/ap_phi_reg_pp0_iter1_p_ZZN4nnet24compute_output_buffer_2dINS_5arrayI8ap_fixedILi22ELi12EL9ap_q_mode4EL_766_reg_728_reg[14]/C is not reached by a timing clock
Related violations: <none>

TIMING-17#876 Critical Warning
Non-clocked sequential cell  
The clock pin conv_2d_cl_array_ap_fixed_1u_array_ap_fixed_22_12_4_0_0_6u_config2_U0/grp_compute_output_buffer_2d_array_array_ap_fixed_22_12_4_0_0_6u_config2_s_fu_118/grp_dense_resource_rf_gt_nin_rem0_ap_fixed_ap_fixed_22_12_4_0_0_config2_mult_s_fu_195/ap_phi_reg_pp0_iter1_p_ZZN4nnet24compute_output_buffer_2dINS_5arrayI8ap_fixedILi22ELi12EL9ap_q_mode4EL_766_reg_728_reg[15]/C is not reached by a timing clock
Related violations: <none>

TIMING-17#877 Critical Warning
Non-clocked sequential cell  
The clock pin conv_2d_cl_array_ap_fixed_1u_array_ap_fixed_22_12_4_0_0_6u_config2_U0/grp_compute_output_buffer_2d_array_array_ap_fixed_22_12_4_0_0_6u_config2_s_fu_118/grp_dense_resource_rf_gt_nin_rem0_ap_fixed_ap_fixed_22_12_4_0_0_config2_mult_s_fu_195/ap_phi_reg_pp0_iter1_p_ZZN4nnet24compute_output_buffer_2dINS_5arrayI8ap_fixedILi22ELi12EL9ap_q_mode4EL_766_reg_728_reg[16]/C is not reached by a timing clock
Related violations: <none>

TIMING-17#878 Critical Warning
Non-clocked sequential cell  
The clock pin conv_2d_cl_array_ap_fixed_1u_array_ap_fixed_22_12_4_0_0_6u_config2_U0/grp_compute_output_buffer_2d_array_array_ap_fixed_22_12_4_0_0_6u_config2_s_fu_118/grp_dense_resource_rf_gt_nin_rem0_ap_fixed_ap_fixed_22_12_4_0_0_config2_mult_s_fu_195/ap_phi_reg_pp0_iter1_p_ZZN4nnet24compute_output_buffer_2dINS_5arrayI8ap_fixedILi22ELi12EL9ap_q_mode4EL_766_reg_728_reg[17]/C is not reached by a timing clock
Related violations: <none>

TIMING-17#879 Critical Warning
Non-clocked sequential cell  
The clock pin conv_2d_cl_array_ap_fixed_1u_array_ap_fixed_22_12_4_0_0_6u_config2_U0/grp_compute_output_buffer_2d_array_array_ap_fixed_22_12_4_0_0_6u_config2_s_fu_118/grp_dense_resource_rf_gt_nin_rem0_ap_fixed_ap_fixed_22_12_4_0_0_config2_mult_s_fu_195/ap_phi_reg_pp0_iter1_p_ZZN4nnet24compute_output_buffer_2dINS_5arrayI8ap_fixedILi22ELi12EL9ap_q_mode4EL_766_reg_728_reg[18]/C is not reached by a timing clock
Related violations: <none>

TIMING-17#880 Critical Warning
Non-clocked sequential cell  
The clock pin conv_2d_cl_array_ap_fixed_1u_array_ap_fixed_22_12_4_0_0_6u_config2_U0/grp_compute_output_buffer_2d_array_array_ap_fixed_22_12_4_0_0_6u_config2_s_fu_118/grp_dense_resource_rf_gt_nin_rem0_ap_fixed_ap_fixed_22_12_4_0_0_config2_mult_s_fu_195/ap_phi_reg_pp0_iter1_p_ZZN4nnet24compute_output_buffer_2dINS_5arrayI8ap_fixedILi22ELi12EL9ap_q_mode4EL_766_reg_728_reg[19]/C is not reached by a timing clock
Related violations: <none>

TIMING-17#881 Critical Warning
Non-clocked sequential cell  
The clock pin conv_2d_cl_array_ap_fixed_1u_array_ap_fixed_22_12_4_0_0_6u_config2_U0/grp_compute_output_buffer_2d_array_array_ap_fixed_22_12_4_0_0_6u_config2_s_fu_118/grp_dense_resource_rf_gt_nin_rem0_ap_fixed_ap_fixed_22_12_4_0_0_config2_mult_s_fu_195/ap_phi_reg_pp0_iter1_p_ZZN4nnet24compute_output_buffer_2dINS_5arrayI8ap_fixedILi22ELi12EL9ap_q_mode4EL_766_reg_728_reg[1]/C is not reached by a timing clock
Related violations: <none>

TIMING-17#882 Critical Warning
Non-clocked sequential cell  
The clock pin conv_2d_cl_array_ap_fixed_1u_array_ap_fixed_22_12_4_0_0_6u_config2_U0/grp_compute_output_buffer_2d_array_array_ap_fixed_22_12_4_0_0_6u_config2_s_fu_118/grp_dense_resource_rf_gt_nin_rem0_ap_fixed_ap_fixed_22_12_4_0_0_config2_mult_s_fu_195/ap_phi_reg_pp0_iter1_p_ZZN4nnet24compute_output_buffer_2dINS_5arrayI8ap_fixedILi22ELi12EL9ap_q_mode4EL_766_reg_728_reg[20]/C is not reached by a timing clock
Related violations: <none>

TIMING-17#883 Critical Warning
Non-clocked sequential cell  
The clock pin conv_2d_cl_array_ap_fixed_1u_array_ap_fixed_22_12_4_0_0_6u_config2_U0/grp_compute_output_buffer_2d_array_array_ap_fixed_22_12_4_0_0_6u_config2_s_fu_118/grp_dense_resource_rf_gt_nin_rem0_ap_fixed_ap_fixed_22_12_4_0_0_config2_mult_s_fu_195/ap_phi_reg_pp0_iter1_p_ZZN4nnet24compute_output_buffer_2dINS_5arrayI8ap_fixedILi22ELi12EL9ap_q_mode4EL_766_reg_728_reg[21]/C is not reached by a timing clock
Related violations: <none>

TIMING-17#884 Critical Warning
Non-clocked sequential cell  
The clock pin conv_2d_cl_array_ap_fixed_1u_array_ap_fixed_22_12_4_0_0_6u_config2_U0/grp_compute_output_buffer_2d_array_array_ap_fixed_22_12_4_0_0_6u_config2_s_fu_118/grp_dense_resource_rf_gt_nin_rem0_ap_fixed_ap_fixed_22_12_4_0_0_config2_mult_s_fu_195/ap_phi_reg_pp0_iter1_p_ZZN4nnet24compute_output_buffer_2dINS_5arrayI8ap_fixedILi22ELi12EL9ap_q_mode4EL_766_reg_728_reg[2]/C is not reached by a timing clock
Related violations: <none>

TIMING-17#885 Critical Warning
Non-clocked sequential cell  
The clock pin conv_2d_cl_array_ap_fixed_1u_array_ap_fixed_22_12_4_0_0_6u_config2_U0/grp_compute_output_buffer_2d_array_array_ap_fixed_22_12_4_0_0_6u_config2_s_fu_118/grp_dense_resource_rf_gt_nin_rem0_ap_fixed_ap_fixed_22_12_4_0_0_config2_mult_s_fu_195/ap_phi_reg_pp0_iter1_p_ZZN4nnet24compute_output_buffer_2dINS_5arrayI8ap_fixedILi22ELi12EL9ap_q_mode4EL_766_reg_728_reg[3]/C is not reached by a timing clock
Related violations: <none>

TIMING-17#886 Critical Warning
Non-clocked sequential cell  
The clock pin conv_2d_cl_array_ap_fixed_1u_array_ap_fixed_22_12_4_0_0_6u_config2_U0/grp_compute_output_buffer_2d_array_array_ap_fixed_22_12_4_0_0_6u_config2_s_fu_118/grp_dense_resource_rf_gt_nin_rem0_ap_fixed_ap_fixed_22_12_4_0_0_config2_mult_s_fu_195/ap_phi_reg_pp0_iter1_p_ZZN4nnet24compute_output_buffer_2dINS_5arrayI8ap_fixedILi22ELi12EL9ap_q_mode4EL_766_reg_728_reg[4]/C is not reached by a timing clock
Related violations: <none>

TIMING-17#887 Critical Warning
Non-clocked sequential cell  
The clock pin conv_2d_cl_array_ap_fixed_1u_array_ap_fixed_22_12_4_0_0_6u_config2_U0/grp_compute_output_buffer_2d_array_array_ap_fixed_22_12_4_0_0_6u_config2_s_fu_118/grp_dense_resource_rf_gt_nin_rem0_ap_fixed_ap_fixed_22_12_4_0_0_config2_mult_s_fu_195/ap_phi_reg_pp0_iter1_p_ZZN4nnet24compute_output_buffer_2dINS_5arrayI8ap_fixedILi22ELi12EL9ap_q_mode4EL_766_reg_728_reg[5]/C is not reached by a timing clock
Related violations: <none>

TIMING-17#888 Critical Warning
Non-clocked sequential cell  
The clock pin conv_2d_cl_array_ap_fixed_1u_array_ap_fixed_22_12_4_0_0_6u_config2_U0/grp_compute_output_buffer_2d_array_array_ap_fixed_22_12_4_0_0_6u_config2_s_fu_118/grp_dense_resource_rf_gt_nin_rem0_ap_fixed_ap_fixed_22_12_4_0_0_config2_mult_s_fu_195/ap_phi_reg_pp0_iter1_p_ZZN4nnet24compute_output_buffer_2dINS_5arrayI8ap_fixedILi22ELi12EL9ap_q_mode4EL_766_reg_728_reg[6]/C is not reached by a timing clock
Related violations: <none>

TIMING-17#889 Critical Warning
Non-clocked sequential cell  
The clock pin conv_2d_cl_array_ap_fixed_1u_array_ap_fixed_22_12_4_0_0_6u_config2_U0/grp_compute_output_buffer_2d_array_array_ap_fixed_22_12_4_0_0_6u_config2_s_fu_118/grp_dense_resource_rf_gt_nin_rem0_ap_fixed_ap_fixed_22_12_4_0_0_config2_mult_s_fu_195/ap_phi_reg_pp0_iter1_p_ZZN4nnet24compute_output_buffer_2dINS_5arrayI8ap_fixedILi22ELi12EL9ap_q_mode4EL_766_reg_728_reg[7]/C is not reached by a timing clock
Related violations: <none>

TIMING-17#890 Critical Warning
Non-clocked sequential cell  
The clock pin conv_2d_cl_array_ap_fixed_1u_array_ap_fixed_22_12_4_0_0_6u_config2_U0/grp_compute_output_buffer_2d_array_array_ap_fixed_22_12_4_0_0_6u_config2_s_fu_118/grp_dense_resource_rf_gt_nin_rem0_ap_fixed_ap_fixed_22_12_4_0_0_config2_mult_s_fu_195/ap_phi_reg_pp0_iter1_p_ZZN4nnet24compute_output_buffer_2dINS_5arrayI8ap_fixedILi22ELi12EL9ap_q_mode4EL_766_reg_728_reg[8]/C is not reached by a timing clock
Related violations: <none>

TIMING-17#891 Critical Warning
Non-clocked sequential cell  
The clock pin conv_2d_cl_array_ap_fixed_1u_array_ap_fixed_22_12_4_0_0_6u_config2_U0/grp_compute_output_buffer_2d_array_array_ap_fixed_22_12_4_0_0_6u_config2_s_fu_118/grp_dense_resource_rf_gt_nin_rem0_ap_fixed_ap_fixed_22_12_4_0_0_config2_mult_s_fu_195/ap_phi_reg_pp0_iter1_p_ZZN4nnet24compute_output_buffer_2dINS_5arrayI8ap_fixedILi22ELi12EL9ap_q_mode4EL_766_reg_728_reg[9]/C is not reached by a timing clock
Related violations: <none>

TIMING-17#892 Critical Warning
Non-clocked sequential cell  
The clock pin conv_2d_cl_array_ap_fixed_1u_array_ap_fixed_22_12_4_0_0_6u_config2_U0/grp_compute_output_buffer_2d_array_array_ap_fixed_22_12_4_0_0_6u_config2_s_fu_118/grp_dense_resource_rf_gt_nin_rem0_ap_fixed_ap_fixed_22_12_4_0_0_config2_mult_s_fu_195/ap_phi_reg_pp0_iter1_p_ZZN4nnet24compute_output_buffer_2dINS_5arrayI8ap_fixedILi22ELi12EL9ap_q_mode4EL_767_reg_740_reg[0]/C is not reached by a timing clock
Related violations: <none>

TIMING-17#893 Critical Warning
Non-clocked sequential cell  
The clock pin conv_2d_cl_array_ap_fixed_1u_array_ap_fixed_22_12_4_0_0_6u_config2_U0/grp_compute_output_buffer_2d_array_array_ap_fixed_22_12_4_0_0_6u_config2_s_fu_118/grp_dense_resource_rf_gt_nin_rem0_ap_fixed_ap_fixed_22_12_4_0_0_config2_mult_s_fu_195/ap_phi_reg_pp0_iter1_p_ZZN4nnet24compute_output_buffer_2dINS_5arrayI8ap_fixedILi22ELi12EL9ap_q_mode4EL_767_reg_740_reg[10]/C is not reached by a timing clock
Related violations: <none>

TIMING-17#894 Critical Warning
Non-clocked sequential cell  
The clock pin conv_2d_cl_array_ap_fixed_1u_array_ap_fixed_22_12_4_0_0_6u_config2_U0/grp_compute_output_buffer_2d_array_array_ap_fixed_22_12_4_0_0_6u_config2_s_fu_118/grp_dense_resource_rf_gt_nin_rem0_ap_fixed_ap_fixed_22_12_4_0_0_config2_mult_s_fu_195/ap_phi_reg_pp0_iter1_p_ZZN4nnet24compute_output_buffer_2dINS_5arrayI8ap_fixedILi22ELi12EL9ap_q_mode4EL_767_reg_740_reg[11]/C is not reached by a timing clock
Related violations: <none>

TIMING-17#895 Critical Warning
Non-clocked sequential cell  
The clock pin conv_2d_cl_array_ap_fixed_1u_array_ap_fixed_22_12_4_0_0_6u_config2_U0/grp_compute_output_buffer_2d_array_array_ap_fixed_22_12_4_0_0_6u_config2_s_fu_118/grp_dense_resource_rf_gt_nin_rem0_ap_fixed_ap_fixed_22_12_4_0_0_config2_mult_s_fu_195/ap_phi_reg_pp0_iter1_p_ZZN4nnet24compute_output_buffer_2dINS_5arrayI8ap_fixedILi22ELi12EL9ap_q_mode4EL_767_reg_740_reg[12]/C is not reached by a timing clock
Related violations: <none>

TIMING-17#896 Critical Warning
Non-clocked sequential cell  
The clock pin conv_2d_cl_array_ap_fixed_1u_array_ap_fixed_22_12_4_0_0_6u_config2_U0/grp_compute_output_buffer_2d_array_array_ap_fixed_22_12_4_0_0_6u_config2_s_fu_118/grp_dense_resource_rf_gt_nin_rem0_ap_fixed_ap_fixed_22_12_4_0_0_config2_mult_s_fu_195/ap_phi_reg_pp0_iter1_p_ZZN4nnet24compute_output_buffer_2dINS_5arrayI8ap_fixedILi22ELi12EL9ap_q_mode4EL_767_reg_740_reg[13]/C is not reached by a timing clock
Related violations: <none>

TIMING-17#897 Critical Warning
Non-clocked sequential cell  
The clock pin conv_2d_cl_array_ap_fixed_1u_array_ap_fixed_22_12_4_0_0_6u_config2_U0/grp_compute_output_buffer_2d_array_array_ap_fixed_22_12_4_0_0_6u_config2_s_fu_118/grp_dense_resource_rf_gt_nin_rem0_ap_fixed_ap_fixed_22_12_4_0_0_config2_mult_s_fu_195/ap_phi_reg_pp0_iter1_p_ZZN4nnet24compute_output_buffer_2dINS_5arrayI8ap_fixedILi22ELi12EL9ap_q_mode4EL_767_reg_740_reg[14]/C is not reached by a timing clock
Related violations: <none>

TIMING-17#898 Critical Warning
Non-clocked sequential cell  
The clock pin conv_2d_cl_array_ap_fixed_1u_array_ap_fixed_22_12_4_0_0_6u_config2_U0/grp_compute_output_buffer_2d_array_array_ap_fixed_22_12_4_0_0_6u_config2_s_fu_118/grp_dense_resource_rf_gt_nin_rem0_ap_fixed_ap_fixed_22_12_4_0_0_config2_mult_s_fu_195/ap_phi_reg_pp0_iter1_p_ZZN4nnet24compute_output_buffer_2dINS_5arrayI8ap_fixedILi22ELi12EL9ap_q_mode4EL_767_reg_740_reg[15]/C is not reached by a timing clock
Related violations: <none>

TIMING-17#899 Critical Warning
Non-clocked sequential cell  
The clock pin conv_2d_cl_array_ap_fixed_1u_array_ap_fixed_22_12_4_0_0_6u_config2_U0/grp_compute_output_buffer_2d_array_array_ap_fixed_22_12_4_0_0_6u_config2_s_fu_118/grp_dense_resource_rf_gt_nin_rem0_ap_fixed_ap_fixed_22_12_4_0_0_config2_mult_s_fu_195/ap_phi_reg_pp0_iter1_p_ZZN4nnet24compute_output_buffer_2dINS_5arrayI8ap_fixedILi22ELi12EL9ap_q_mode4EL_767_reg_740_reg[16]/C is not reached by a timing clock
Related violations: <none>

TIMING-17#900 Critical Warning
Non-clocked sequential cell  
The clock pin conv_2d_cl_array_ap_fixed_1u_array_ap_fixed_22_12_4_0_0_6u_config2_U0/grp_compute_output_buffer_2d_array_array_ap_fixed_22_12_4_0_0_6u_config2_s_fu_118/grp_dense_resource_rf_gt_nin_rem0_ap_fixed_ap_fixed_22_12_4_0_0_config2_mult_s_fu_195/ap_phi_reg_pp0_iter1_p_ZZN4nnet24compute_output_buffer_2dINS_5arrayI8ap_fixedILi22ELi12EL9ap_q_mode4EL_767_reg_740_reg[17]/C is not reached by a timing clock
Related violations: <none>

TIMING-17#901 Critical Warning
Non-clocked sequential cell  
The clock pin conv_2d_cl_array_ap_fixed_1u_array_ap_fixed_22_12_4_0_0_6u_config2_U0/grp_compute_output_buffer_2d_array_array_ap_fixed_22_12_4_0_0_6u_config2_s_fu_118/grp_dense_resource_rf_gt_nin_rem0_ap_fixed_ap_fixed_22_12_4_0_0_config2_mult_s_fu_195/ap_phi_reg_pp0_iter1_p_ZZN4nnet24compute_output_buffer_2dINS_5arrayI8ap_fixedILi22ELi12EL9ap_q_mode4EL_767_reg_740_reg[18]/C is not reached by a timing clock
Related violations: <none>

TIMING-17#902 Critical Warning
Non-clocked sequential cell  
The clock pin conv_2d_cl_array_ap_fixed_1u_array_ap_fixed_22_12_4_0_0_6u_config2_U0/grp_compute_output_buffer_2d_array_array_ap_fixed_22_12_4_0_0_6u_config2_s_fu_118/grp_dense_resource_rf_gt_nin_rem0_ap_fixed_ap_fixed_22_12_4_0_0_config2_mult_s_fu_195/ap_phi_reg_pp0_iter1_p_ZZN4nnet24compute_output_buffer_2dINS_5arrayI8ap_fixedILi22ELi12EL9ap_q_mode4EL_767_reg_740_reg[19]/C is not reached by a timing clock
Related violations: <none>

TIMING-17#903 Critical Warning
Non-clocked sequential cell  
The clock pin conv_2d_cl_array_ap_fixed_1u_array_ap_fixed_22_12_4_0_0_6u_config2_U0/grp_compute_output_buffer_2d_array_array_ap_fixed_22_12_4_0_0_6u_config2_s_fu_118/grp_dense_resource_rf_gt_nin_rem0_ap_fixed_ap_fixed_22_12_4_0_0_config2_mult_s_fu_195/ap_phi_reg_pp0_iter1_p_ZZN4nnet24compute_output_buffer_2dINS_5arrayI8ap_fixedILi22ELi12EL9ap_q_mode4EL_767_reg_740_reg[1]/C is not reached by a timing clock
Related violations: <none>

TIMING-17#904 Critical Warning
Non-clocked sequential cell  
The clock pin conv_2d_cl_array_ap_fixed_1u_array_ap_fixed_22_12_4_0_0_6u_config2_U0/grp_compute_output_buffer_2d_array_array_ap_fixed_22_12_4_0_0_6u_config2_s_fu_118/grp_dense_resource_rf_gt_nin_rem0_ap_fixed_ap_fixed_22_12_4_0_0_config2_mult_s_fu_195/ap_phi_reg_pp0_iter1_p_ZZN4nnet24compute_output_buffer_2dINS_5arrayI8ap_fixedILi22ELi12EL9ap_q_mode4EL_767_reg_740_reg[20]/C is not reached by a timing clock
Related violations: <none>

TIMING-17#905 Critical Warning
Non-clocked sequential cell  
The clock pin conv_2d_cl_array_ap_fixed_1u_array_ap_fixed_22_12_4_0_0_6u_config2_U0/grp_compute_output_buffer_2d_array_array_ap_fixed_22_12_4_0_0_6u_config2_s_fu_118/grp_dense_resource_rf_gt_nin_rem0_ap_fixed_ap_fixed_22_12_4_0_0_config2_mult_s_fu_195/ap_phi_reg_pp0_iter1_p_ZZN4nnet24compute_output_buffer_2dINS_5arrayI8ap_fixedILi22ELi12EL9ap_q_mode4EL_767_reg_740_reg[21]/C is not reached by a timing clock
Related violations: <none>

TIMING-17#906 Critical Warning
Non-clocked sequential cell  
The clock pin conv_2d_cl_array_ap_fixed_1u_array_ap_fixed_22_12_4_0_0_6u_config2_U0/grp_compute_output_buffer_2d_array_array_ap_fixed_22_12_4_0_0_6u_config2_s_fu_118/grp_dense_resource_rf_gt_nin_rem0_ap_fixed_ap_fixed_22_12_4_0_0_config2_mult_s_fu_195/ap_phi_reg_pp0_iter1_p_ZZN4nnet24compute_output_buffer_2dINS_5arrayI8ap_fixedILi22ELi12EL9ap_q_mode4EL_767_reg_740_reg[2]/C is not reached by a timing clock
Related violations: <none>

TIMING-17#907 Critical Warning
Non-clocked sequential cell  
The clock pin conv_2d_cl_array_ap_fixed_1u_array_ap_fixed_22_12_4_0_0_6u_config2_U0/grp_compute_output_buffer_2d_array_array_ap_fixed_22_12_4_0_0_6u_config2_s_fu_118/grp_dense_resource_rf_gt_nin_rem0_ap_fixed_ap_fixed_22_12_4_0_0_config2_mult_s_fu_195/ap_phi_reg_pp0_iter1_p_ZZN4nnet24compute_output_buffer_2dINS_5arrayI8ap_fixedILi22ELi12EL9ap_q_mode4EL_767_reg_740_reg[3]/C is not reached by a timing clock
Related violations: <none>

TIMING-17#908 Critical Warning
Non-clocked sequential cell  
The clock pin conv_2d_cl_array_ap_fixed_1u_array_ap_fixed_22_12_4_0_0_6u_config2_U0/grp_compute_output_buffer_2d_array_array_ap_fixed_22_12_4_0_0_6u_config2_s_fu_118/grp_dense_resource_rf_gt_nin_rem0_ap_fixed_ap_fixed_22_12_4_0_0_config2_mult_s_fu_195/ap_phi_reg_pp0_iter1_p_ZZN4nnet24compute_output_buffer_2dINS_5arrayI8ap_fixedILi22ELi12EL9ap_q_mode4EL_767_reg_740_reg[4]/C is not reached by a timing clock
Related violations: <none>

TIMING-17#909 Critical Warning
Non-clocked sequential cell  
The clock pin conv_2d_cl_array_ap_fixed_1u_array_ap_fixed_22_12_4_0_0_6u_config2_U0/grp_compute_output_buffer_2d_array_array_ap_fixed_22_12_4_0_0_6u_config2_s_fu_118/grp_dense_resource_rf_gt_nin_rem0_ap_fixed_ap_fixed_22_12_4_0_0_config2_mult_s_fu_195/ap_phi_reg_pp0_iter1_p_ZZN4nnet24compute_output_buffer_2dINS_5arrayI8ap_fixedILi22ELi12EL9ap_q_mode4EL_767_reg_740_reg[5]/C is not reached by a timing clock
Related violations: <none>

TIMING-17#910 Critical Warning
Non-clocked sequential cell  
The clock pin conv_2d_cl_array_ap_fixed_1u_array_ap_fixed_22_12_4_0_0_6u_config2_U0/grp_compute_output_buffer_2d_array_array_ap_fixed_22_12_4_0_0_6u_config2_s_fu_118/grp_dense_resource_rf_gt_nin_rem0_ap_fixed_ap_fixed_22_12_4_0_0_config2_mult_s_fu_195/ap_phi_reg_pp0_iter1_p_ZZN4nnet24compute_output_buffer_2dINS_5arrayI8ap_fixedILi22ELi12EL9ap_q_mode4EL_767_reg_740_reg[6]/C is not reached by a timing clock
Related violations: <none>

TIMING-17#911 Critical Warning
Non-clocked sequential cell  
The clock pin conv_2d_cl_array_ap_fixed_1u_array_ap_fixed_22_12_4_0_0_6u_config2_U0/grp_compute_output_buffer_2d_array_array_ap_fixed_22_12_4_0_0_6u_config2_s_fu_118/grp_dense_resource_rf_gt_nin_rem0_ap_fixed_ap_fixed_22_12_4_0_0_config2_mult_s_fu_195/ap_phi_reg_pp0_iter1_p_ZZN4nnet24compute_output_buffer_2dINS_5arrayI8ap_fixedILi22ELi12EL9ap_q_mode4EL_767_reg_740_reg[7]/C is not reached by a timing clock
Related violations: <none>

TIMING-17#912 Critical Warning
Non-clocked sequential cell  
The clock pin conv_2d_cl_array_ap_fixed_1u_array_ap_fixed_22_12_4_0_0_6u_config2_U0/grp_compute_output_buffer_2d_array_array_ap_fixed_22_12_4_0_0_6u_config2_s_fu_118/grp_dense_resource_rf_gt_nin_rem0_ap_fixed_ap_fixed_22_12_4_0_0_config2_mult_s_fu_195/ap_phi_reg_pp0_iter1_p_ZZN4nnet24compute_output_buffer_2dINS_5arrayI8ap_fixedILi22ELi12EL9ap_q_mode4EL_767_reg_740_reg[8]/C is not reached by a timing clock
Related violations: <none>

TIMING-17#913 Critical Warning
Non-clocked sequential cell  
The clock pin conv_2d_cl_array_ap_fixed_1u_array_ap_fixed_22_12_4_0_0_6u_config2_U0/grp_compute_output_buffer_2d_array_array_ap_fixed_22_12_4_0_0_6u_config2_s_fu_118/grp_dense_resource_rf_gt_nin_rem0_ap_fixed_ap_fixed_22_12_4_0_0_config2_mult_s_fu_195/ap_phi_reg_pp0_iter1_p_ZZN4nnet24compute_output_buffer_2dINS_5arrayI8ap_fixedILi22ELi12EL9ap_q_mode4EL_767_reg_740_reg[9]/C is not reached by a timing clock
Related violations: <none>

TIMING-17#914 Critical Warning
Non-clocked sequential cell  
The clock pin conv_2d_cl_array_ap_fixed_1u_array_ap_fixed_22_12_4_0_0_6u_config2_U0/grp_compute_output_buffer_2d_array_array_ap_fixed_22_12_4_0_0_6u_config2_s_fu_118/grp_dense_resource_rf_gt_nin_rem0_ap_fixed_ap_fixed_22_12_4_0_0_config2_mult_s_fu_195/ap_phi_reg_pp0_iter1_p_ZZN4nnet24compute_output_buffer_2dINS_5arrayI8ap_fixedILi22ELi12EL9ap_q_mode4EL_768_reg_752_reg[0]/C is not reached by a timing clock
Related violations: <none>

TIMING-17#915 Critical Warning
Non-clocked sequential cell  
The clock pin conv_2d_cl_array_ap_fixed_1u_array_ap_fixed_22_12_4_0_0_6u_config2_U0/grp_compute_output_buffer_2d_array_array_ap_fixed_22_12_4_0_0_6u_config2_s_fu_118/grp_dense_resource_rf_gt_nin_rem0_ap_fixed_ap_fixed_22_12_4_0_0_config2_mult_s_fu_195/ap_phi_reg_pp0_iter1_p_ZZN4nnet24compute_output_buffer_2dINS_5arrayI8ap_fixedILi22ELi12EL9ap_q_mode4EL_768_reg_752_reg[10]/C is not reached by a timing clock
Related violations: <none>

TIMING-17#916 Critical Warning
Non-clocked sequential cell  
The clock pin conv_2d_cl_array_ap_fixed_1u_array_ap_fixed_22_12_4_0_0_6u_config2_U0/grp_compute_output_buffer_2d_array_array_ap_fixed_22_12_4_0_0_6u_config2_s_fu_118/grp_dense_resource_rf_gt_nin_rem0_ap_fixed_ap_fixed_22_12_4_0_0_config2_mult_s_fu_195/ap_phi_reg_pp0_iter1_p_ZZN4nnet24compute_output_buffer_2dINS_5arrayI8ap_fixedILi22ELi12EL9ap_q_mode4EL_768_reg_752_reg[11]/C is not reached by a timing clock
Related violations: <none>

TIMING-17#917 Critical Warning
Non-clocked sequential cell  
The clock pin conv_2d_cl_array_ap_fixed_1u_array_ap_fixed_22_12_4_0_0_6u_config2_U0/grp_compute_output_buffer_2d_array_array_ap_fixed_22_12_4_0_0_6u_config2_s_fu_118/grp_dense_resource_rf_gt_nin_rem0_ap_fixed_ap_fixed_22_12_4_0_0_config2_mult_s_fu_195/ap_phi_reg_pp0_iter1_p_ZZN4nnet24compute_output_buffer_2dINS_5arrayI8ap_fixedILi22ELi12EL9ap_q_mode4EL_768_reg_752_reg[12]/C is not reached by a timing clock
Related violations: <none>

TIMING-17#918 Critical Warning
Non-clocked sequential cell  
The clock pin conv_2d_cl_array_ap_fixed_1u_array_ap_fixed_22_12_4_0_0_6u_config2_U0/grp_compute_output_buffer_2d_array_array_ap_fixed_22_12_4_0_0_6u_config2_s_fu_118/grp_dense_resource_rf_gt_nin_rem0_ap_fixed_ap_fixed_22_12_4_0_0_config2_mult_s_fu_195/ap_phi_reg_pp0_iter1_p_ZZN4nnet24compute_output_buffer_2dINS_5arrayI8ap_fixedILi22ELi12EL9ap_q_mode4EL_768_reg_752_reg[13]/C is not reached by a timing clock
Related violations: <none>

TIMING-17#919 Critical Warning
Non-clocked sequential cell  
The clock pin conv_2d_cl_array_ap_fixed_1u_array_ap_fixed_22_12_4_0_0_6u_config2_U0/grp_compute_output_buffer_2d_array_array_ap_fixed_22_12_4_0_0_6u_config2_s_fu_118/grp_dense_resource_rf_gt_nin_rem0_ap_fixed_ap_fixed_22_12_4_0_0_config2_mult_s_fu_195/ap_phi_reg_pp0_iter1_p_ZZN4nnet24compute_output_buffer_2dINS_5arrayI8ap_fixedILi22ELi12EL9ap_q_mode4EL_768_reg_752_reg[14]/C is not reached by a timing clock
Related violations: <none>

TIMING-17#920 Critical Warning
Non-clocked sequential cell  
The clock pin conv_2d_cl_array_ap_fixed_1u_array_ap_fixed_22_12_4_0_0_6u_config2_U0/grp_compute_output_buffer_2d_array_array_ap_fixed_22_12_4_0_0_6u_config2_s_fu_118/grp_dense_resource_rf_gt_nin_rem0_ap_fixed_ap_fixed_22_12_4_0_0_config2_mult_s_fu_195/ap_phi_reg_pp0_iter1_p_ZZN4nnet24compute_output_buffer_2dINS_5arrayI8ap_fixedILi22ELi12EL9ap_q_mode4EL_768_reg_752_reg[15]/C is not reached by a timing clock
Related violations: <none>

TIMING-17#921 Critical Warning
Non-clocked sequential cell  
The clock pin conv_2d_cl_array_ap_fixed_1u_array_ap_fixed_22_12_4_0_0_6u_config2_U0/grp_compute_output_buffer_2d_array_array_ap_fixed_22_12_4_0_0_6u_config2_s_fu_118/grp_dense_resource_rf_gt_nin_rem0_ap_fixed_ap_fixed_22_12_4_0_0_config2_mult_s_fu_195/ap_phi_reg_pp0_iter1_p_ZZN4nnet24compute_output_buffer_2dINS_5arrayI8ap_fixedILi22ELi12EL9ap_q_mode4EL_768_reg_752_reg[16]/C is not reached by a timing clock
Related violations: <none>

TIMING-17#922 Critical Warning
Non-clocked sequential cell  
The clock pin conv_2d_cl_array_ap_fixed_1u_array_ap_fixed_22_12_4_0_0_6u_config2_U0/grp_compute_output_buffer_2d_array_array_ap_fixed_22_12_4_0_0_6u_config2_s_fu_118/grp_dense_resource_rf_gt_nin_rem0_ap_fixed_ap_fixed_22_12_4_0_0_config2_mult_s_fu_195/ap_phi_reg_pp0_iter1_p_ZZN4nnet24compute_output_buffer_2dINS_5arrayI8ap_fixedILi22ELi12EL9ap_q_mode4EL_768_reg_752_reg[17]/C is not reached by a timing clock
Related violations: <none>

TIMING-17#923 Critical Warning
Non-clocked sequential cell  
The clock pin conv_2d_cl_array_ap_fixed_1u_array_ap_fixed_22_12_4_0_0_6u_config2_U0/grp_compute_output_buffer_2d_array_array_ap_fixed_22_12_4_0_0_6u_config2_s_fu_118/grp_dense_resource_rf_gt_nin_rem0_ap_fixed_ap_fixed_22_12_4_0_0_config2_mult_s_fu_195/ap_phi_reg_pp0_iter1_p_ZZN4nnet24compute_output_buffer_2dINS_5arrayI8ap_fixedILi22ELi12EL9ap_q_mode4EL_768_reg_752_reg[18]/C is not reached by a timing clock
Related violations: <none>

TIMING-17#924 Critical Warning
Non-clocked sequential cell  
The clock pin conv_2d_cl_array_ap_fixed_1u_array_ap_fixed_22_12_4_0_0_6u_config2_U0/grp_compute_output_buffer_2d_array_array_ap_fixed_22_12_4_0_0_6u_config2_s_fu_118/grp_dense_resource_rf_gt_nin_rem0_ap_fixed_ap_fixed_22_12_4_0_0_config2_mult_s_fu_195/ap_phi_reg_pp0_iter1_p_ZZN4nnet24compute_output_buffer_2dINS_5arrayI8ap_fixedILi22ELi12EL9ap_q_mode4EL_768_reg_752_reg[19]/C is not reached by a timing clock
Related violations: <none>

TIMING-17#925 Critical Warning
Non-clocked sequential cell  
The clock pin conv_2d_cl_array_ap_fixed_1u_array_ap_fixed_22_12_4_0_0_6u_config2_U0/grp_compute_output_buffer_2d_array_array_ap_fixed_22_12_4_0_0_6u_config2_s_fu_118/grp_dense_resource_rf_gt_nin_rem0_ap_fixed_ap_fixed_22_12_4_0_0_config2_mult_s_fu_195/ap_phi_reg_pp0_iter1_p_ZZN4nnet24compute_output_buffer_2dINS_5arrayI8ap_fixedILi22ELi12EL9ap_q_mode4EL_768_reg_752_reg[1]/C is not reached by a timing clock
Related violations: <none>

TIMING-17#926 Critical Warning
Non-clocked sequential cell  
The clock pin conv_2d_cl_array_ap_fixed_1u_array_ap_fixed_22_12_4_0_0_6u_config2_U0/grp_compute_output_buffer_2d_array_array_ap_fixed_22_12_4_0_0_6u_config2_s_fu_118/grp_dense_resource_rf_gt_nin_rem0_ap_fixed_ap_fixed_22_12_4_0_0_config2_mult_s_fu_195/ap_phi_reg_pp0_iter1_p_ZZN4nnet24compute_output_buffer_2dINS_5arrayI8ap_fixedILi22ELi12EL9ap_q_mode4EL_768_reg_752_reg[20]/C is not reached by a timing clock
Related violations: <none>

TIMING-17#927 Critical Warning
Non-clocked sequential cell  
The clock pin conv_2d_cl_array_ap_fixed_1u_array_ap_fixed_22_12_4_0_0_6u_config2_U0/grp_compute_output_buffer_2d_array_array_ap_fixed_22_12_4_0_0_6u_config2_s_fu_118/grp_dense_resource_rf_gt_nin_rem0_ap_fixed_ap_fixed_22_12_4_0_0_config2_mult_s_fu_195/ap_phi_reg_pp0_iter1_p_ZZN4nnet24compute_output_buffer_2dINS_5arrayI8ap_fixedILi22ELi12EL9ap_q_mode4EL_768_reg_752_reg[21]/C is not reached by a timing clock
Related violations: <none>

TIMING-17#928 Critical Warning
Non-clocked sequential cell  
The clock pin conv_2d_cl_array_ap_fixed_1u_array_ap_fixed_22_12_4_0_0_6u_config2_U0/grp_compute_output_buffer_2d_array_array_ap_fixed_22_12_4_0_0_6u_config2_s_fu_118/grp_dense_resource_rf_gt_nin_rem0_ap_fixed_ap_fixed_22_12_4_0_0_config2_mult_s_fu_195/ap_phi_reg_pp0_iter1_p_ZZN4nnet24compute_output_buffer_2dINS_5arrayI8ap_fixedILi22ELi12EL9ap_q_mode4EL_768_reg_752_reg[2]/C is not reached by a timing clock
Related violations: <none>

TIMING-17#929 Critical Warning
Non-clocked sequential cell  
The clock pin conv_2d_cl_array_ap_fixed_1u_array_ap_fixed_22_12_4_0_0_6u_config2_U0/grp_compute_output_buffer_2d_array_array_ap_fixed_22_12_4_0_0_6u_config2_s_fu_118/grp_dense_resource_rf_gt_nin_rem0_ap_fixed_ap_fixed_22_12_4_0_0_config2_mult_s_fu_195/ap_phi_reg_pp0_iter1_p_ZZN4nnet24compute_output_buffer_2dINS_5arrayI8ap_fixedILi22ELi12EL9ap_q_mode4EL_768_reg_752_reg[3]/C is not reached by a timing clock
Related violations: <none>

TIMING-17#930 Critical Warning
Non-clocked sequential cell  
The clock pin conv_2d_cl_array_ap_fixed_1u_array_ap_fixed_22_12_4_0_0_6u_config2_U0/grp_compute_output_buffer_2d_array_array_ap_fixed_22_12_4_0_0_6u_config2_s_fu_118/grp_dense_resource_rf_gt_nin_rem0_ap_fixed_ap_fixed_22_12_4_0_0_config2_mult_s_fu_195/ap_phi_reg_pp0_iter1_p_ZZN4nnet24compute_output_buffer_2dINS_5arrayI8ap_fixedILi22ELi12EL9ap_q_mode4EL_768_reg_752_reg[4]/C is not reached by a timing clock
Related violations: <none>

TIMING-17#931 Critical Warning
Non-clocked sequential cell  
The clock pin conv_2d_cl_array_ap_fixed_1u_array_ap_fixed_22_12_4_0_0_6u_config2_U0/grp_compute_output_buffer_2d_array_array_ap_fixed_22_12_4_0_0_6u_config2_s_fu_118/grp_dense_resource_rf_gt_nin_rem0_ap_fixed_ap_fixed_22_12_4_0_0_config2_mult_s_fu_195/ap_phi_reg_pp0_iter1_p_ZZN4nnet24compute_output_buffer_2dINS_5arrayI8ap_fixedILi22ELi12EL9ap_q_mode4EL_768_reg_752_reg[5]/C is not reached by a timing clock
Related violations: <none>

TIMING-17#932 Critical Warning
Non-clocked sequential cell  
The clock pin conv_2d_cl_array_ap_fixed_1u_array_ap_fixed_22_12_4_0_0_6u_config2_U0/grp_compute_output_buffer_2d_array_array_ap_fixed_22_12_4_0_0_6u_config2_s_fu_118/grp_dense_resource_rf_gt_nin_rem0_ap_fixed_ap_fixed_22_12_4_0_0_config2_mult_s_fu_195/ap_phi_reg_pp0_iter1_p_ZZN4nnet24compute_output_buffer_2dINS_5arrayI8ap_fixedILi22ELi12EL9ap_q_mode4EL_768_reg_752_reg[6]/C is not reached by a timing clock
Related violations: <none>

TIMING-17#933 Critical Warning
Non-clocked sequential cell  
The clock pin conv_2d_cl_array_ap_fixed_1u_array_ap_fixed_22_12_4_0_0_6u_config2_U0/grp_compute_output_buffer_2d_array_array_ap_fixed_22_12_4_0_0_6u_config2_s_fu_118/grp_dense_resource_rf_gt_nin_rem0_ap_fixed_ap_fixed_22_12_4_0_0_config2_mult_s_fu_195/ap_phi_reg_pp0_iter1_p_ZZN4nnet24compute_output_buffer_2dINS_5arrayI8ap_fixedILi22ELi12EL9ap_q_mode4EL_768_reg_752_reg[7]/C is not reached by a timing clock
Related violations: <none>

TIMING-17#934 Critical Warning
Non-clocked sequential cell  
The clock pin conv_2d_cl_array_ap_fixed_1u_array_ap_fixed_22_12_4_0_0_6u_config2_U0/grp_compute_output_buffer_2d_array_array_ap_fixed_22_12_4_0_0_6u_config2_s_fu_118/grp_dense_resource_rf_gt_nin_rem0_ap_fixed_ap_fixed_22_12_4_0_0_config2_mult_s_fu_195/ap_phi_reg_pp0_iter1_p_ZZN4nnet24compute_output_buffer_2dINS_5arrayI8ap_fixedILi22ELi12EL9ap_q_mode4EL_768_reg_752_reg[8]/C is not reached by a timing clock
Related violations: <none>

TIMING-17#935 Critical Warning
Non-clocked sequential cell  
The clock pin conv_2d_cl_array_ap_fixed_1u_array_ap_fixed_22_12_4_0_0_6u_config2_U0/grp_compute_output_buffer_2d_array_array_ap_fixed_22_12_4_0_0_6u_config2_s_fu_118/grp_dense_resource_rf_gt_nin_rem0_ap_fixed_ap_fixed_22_12_4_0_0_config2_mult_s_fu_195/ap_phi_reg_pp0_iter1_p_ZZN4nnet24compute_output_buffer_2dINS_5arrayI8ap_fixedILi22ELi12EL9ap_q_mode4EL_768_reg_752_reg[9]/C is not reached by a timing clock
Related violations: <none>

TIMING-17#936 Critical Warning
Non-clocked sequential cell  
The clock pin conv_2d_cl_array_ap_fixed_1u_array_ap_fixed_22_12_4_0_0_6u_config2_U0/grp_compute_output_buffer_2d_array_array_ap_fixed_22_12_4_0_0_6u_config2_s_fu_118/grp_dense_resource_rf_gt_nin_rem0_ap_fixed_ap_fixed_22_12_4_0_0_config2_mult_s_fu_195/ap_phi_reg_pp0_iter1_p_ZZN4nnet24compute_output_buffer_2dINS_5arrayI8ap_fixedILi22ELi12EL9ap_q_mode4EL_769_reg_764_reg[0]/C is not reached by a timing clock
Related violations: <none>

TIMING-17#937 Critical Warning
Non-clocked sequential cell  
The clock pin conv_2d_cl_array_ap_fixed_1u_array_ap_fixed_22_12_4_0_0_6u_config2_U0/grp_compute_output_buffer_2d_array_array_ap_fixed_22_12_4_0_0_6u_config2_s_fu_118/grp_dense_resource_rf_gt_nin_rem0_ap_fixed_ap_fixed_22_12_4_0_0_config2_mult_s_fu_195/ap_phi_reg_pp0_iter1_p_ZZN4nnet24compute_output_buffer_2dINS_5arrayI8ap_fixedILi22ELi12EL9ap_q_mode4EL_769_reg_764_reg[10]/C is not reached by a timing clock
Related violations: <none>

TIMING-17#938 Critical Warning
Non-clocked sequential cell  
The clock pin conv_2d_cl_array_ap_fixed_1u_array_ap_fixed_22_12_4_0_0_6u_config2_U0/grp_compute_output_buffer_2d_array_array_ap_fixed_22_12_4_0_0_6u_config2_s_fu_118/grp_dense_resource_rf_gt_nin_rem0_ap_fixed_ap_fixed_22_12_4_0_0_config2_mult_s_fu_195/ap_phi_reg_pp0_iter1_p_ZZN4nnet24compute_output_buffer_2dINS_5arrayI8ap_fixedILi22ELi12EL9ap_q_mode4EL_769_reg_764_reg[11]/C is not reached by a timing clock
Related violations: <none>

TIMING-17#939 Critical Warning
Non-clocked sequential cell  
The clock pin conv_2d_cl_array_ap_fixed_1u_array_ap_fixed_22_12_4_0_0_6u_config2_U0/grp_compute_output_buffer_2d_array_array_ap_fixed_22_12_4_0_0_6u_config2_s_fu_118/grp_dense_resource_rf_gt_nin_rem0_ap_fixed_ap_fixed_22_12_4_0_0_config2_mult_s_fu_195/ap_phi_reg_pp0_iter1_p_ZZN4nnet24compute_output_buffer_2dINS_5arrayI8ap_fixedILi22ELi12EL9ap_q_mode4EL_769_reg_764_reg[12]/C is not reached by a timing clock
Related violations: <none>

TIMING-17#940 Critical Warning
Non-clocked sequential cell  
The clock pin conv_2d_cl_array_ap_fixed_1u_array_ap_fixed_22_12_4_0_0_6u_config2_U0/grp_compute_output_buffer_2d_array_array_ap_fixed_22_12_4_0_0_6u_config2_s_fu_118/grp_dense_resource_rf_gt_nin_rem0_ap_fixed_ap_fixed_22_12_4_0_0_config2_mult_s_fu_195/ap_phi_reg_pp0_iter1_p_ZZN4nnet24compute_output_buffer_2dINS_5arrayI8ap_fixedILi22ELi12EL9ap_q_mode4EL_769_reg_764_reg[13]/C is not reached by a timing clock
Related violations: <none>

TIMING-17#941 Critical Warning
Non-clocked sequential cell  
The clock pin conv_2d_cl_array_ap_fixed_1u_array_ap_fixed_22_12_4_0_0_6u_config2_U0/grp_compute_output_buffer_2d_array_array_ap_fixed_22_12_4_0_0_6u_config2_s_fu_118/grp_dense_resource_rf_gt_nin_rem0_ap_fixed_ap_fixed_22_12_4_0_0_config2_mult_s_fu_195/ap_phi_reg_pp0_iter1_p_ZZN4nnet24compute_output_buffer_2dINS_5arrayI8ap_fixedILi22ELi12EL9ap_q_mode4EL_769_reg_764_reg[14]/C is not reached by a timing clock
Related violations: <none>

TIMING-17#942 Critical Warning
Non-clocked sequential cell  
The clock pin conv_2d_cl_array_ap_fixed_1u_array_ap_fixed_22_12_4_0_0_6u_config2_U0/grp_compute_output_buffer_2d_array_array_ap_fixed_22_12_4_0_0_6u_config2_s_fu_118/grp_dense_resource_rf_gt_nin_rem0_ap_fixed_ap_fixed_22_12_4_0_0_config2_mult_s_fu_195/ap_phi_reg_pp0_iter1_p_ZZN4nnet24compute_output_buffer_2dINS_5arrayI8ap_fixedILi22ELi12EL9ap_q_mode4EL_769_reg_764_reg[15]/C is not reached by a timing clock
Related violations: <none>

TIMING-17#943 Critical Warning
Non-clocked sequential cell  
The clock pin conv_2d_cl_array_ap_fixed_1u_array_ap_fixed_22_12_4_0_0_6u_config2_U0/grp_compute_output_buffer_2d_array_array_ap_fixed_22_12_4_0_0_6u_config2_s_fu_118/grp_dense_resource_rf_gt_nin_rem0_ap_fixed_ap_fixed_22_12_4_0_0_config2_mult_s_fu_195/ap_phi_reg_pp0_iter1_p_ZZN4nnet24compute_output_buffer_2dINS_5arrayI8ap_fixedILi22ELi12EL9ap_q_mode4EL_769_reg_764_reg[16]/C is not reached by a timing clock
Related violations: <none>

TIMING-17#944 Critical Warning
Non-clocked sequential cell  
The clock pin conv_2d_cl_array_ap_fixed_1u_array_ap_fixed_22_12_4_0_0_6u_config2_U0/grp_compute_output_buffer_2d_array_array_ap_fixed_22_12_4_0_0_6u_config2_s_fu_118/grp_dense_resource_rf_gt_nin_rem0_ap_fixed_ap_fixed_22_12_4_0_0_config2_mult_s_fu_195/ap_phi_reg_pp0_iter1_p_ZZN4nnet24compute_output_buffer_2dINS_5arrayI8ap_fixedILi22ELi12EL9ap_q_mode4EL_769_reg_764_reg[17]/C is not reached by a timing clock
Related violations: <none>

TIMING-17#945 Critical Warning
Non-clocked sequential cell  
The clock pin conv_2d_cl_array_ap_fixed_1u_array_ap_fixed_22_12_4_0_0_6u_config2_U0/grp_compute_output_buffer_2d_array_array_ap_fixed_22_12_4_0_0_6u_config2_s_fu_118/grp_dense_resource_rf_gt_nin_rem0_ap_fixed_ap_fixed_22_12_4_0_0_config2_mult_s_fu_195/ap_phi_reg_pp0_iter1_p_ZZN4nnet24compute_output_buffer_2dINS_5arrayI8ap_fixedILi22ELi12EL9ap_q_mode4EL_769_reg_764_reg[18]/C is not reached by a timing clock
Related violations: <none>

TIMING-17#946 Critical Warning
Non-clocked sequential cell  
The clock pin conv_2d_cl_array_ap_fixed_1u_array_ap_fixed_22_12_4_0_0_6u_config2_U0/grp_compute_output_buffer_2d_array_array_ap_fixed_22_12_4_0_0_6u_config2_s_fu_118/grp_dense_resource_rf_gt_nin_rem0_ap_fixed_ap_fixed_22_12_4_0_0_config2_mult_s_fu_195/ap_phi_reg_pp0_iter1_p_ZZN4nnet24compute_output_buffer_2dINS_5arrayI8ap_fixedILi22ELi12EL9ap_q_mode4EL_769_reg_764_reg[19]/C is not reached by a timing clock
Related violations: <none>

TIMING-17#947 Critical Warning
Non-clocked sequential cell  
The clock pin conv_2d_cl_array_ap_fixed_1u_array_ap_fixed_22_12_4_0_0_6u_config2_U0/grp_compute_output_buffer_2d_array_array_ap_fixed_22_12_4_0_0_6u_config2_s_fu_118/grp_dense_resource_rf_gt_nin_rem0_ap_fixed_ap_fixed_22_12_4_0_0_config2_mult_s_fu_195/ap_phi_reg_pp0_iter1_p_ZZN4nnet24compute_output_buffer_2dINS_5arrayI8ap_fixedILi22ELi12EL9ap_q_mode4EL_769_reg_764_reg[1]/C is not reached by a timing clock
Related violations: <none>

TIMING-17#948 Critical Warning
Non-clocked sequential cell  
The clock pin conv_2d_cl_array_ap_fixed_1u_array_ap_fixed_22_12_4_0_0_6u_config2_U0/grp_compute_output_buffer_2d_array_array_ap_fixed_22_12_4_0_0_6u_config2_s_fu_118/grp_dense_resource_rf_gt_nin_rem0_ap_fixed_ap_fixed_22_12_4_0_0_config2_mult_s_fu_195/ap_phi_reg_pp0_iter1_p_ZZN4nnet24compute_output_buffer_2dINS_5arrayI8ap_fixedILi22ELi12EL9ap_q_mode4EL_769_reg_764_reg[20]/C is not reached by a timing clock
Related violations: <none>

TIMING-17#949 Critical Warning
Non-clocked sequential cell  
The clock pin conv_2d_cl_array_ap_fixed_1u_array_ap_fixed_22_12_4_0_0_6u_config2_U0/grp_compute_output_buffer_2d_array_array_ap_fixed_22_12_4_0_0_6u_config2_s_fu_118/grp_dense_resource_rf_gt_nin_rem0_ap_fixed_ap_fixed_22_12_4_0_0_config2_mult_s_fu_195/ap_phi_reg_pp0_iter1_p_ZZN4nnet24compute_output_buffer_2dINS_5arrayI8ap_fixedILi22ELi12EL9ap_q_mode4EL_769_reg_764_reg[21]/C is not reached by a timing clock
Related violations: <none>

TIMING-17#950 Critical Warning
Non-clocked sequential cell  
The clock pin conv_2d_cl_array_ap_fixed_1u_array_ap_fixed_22_12_4_0_0_6u_config2_U0/grp_compute_output_buffer_2d_array_array_ap_fixed_22_12_4_0_0_6u_config2_s_fu_118/grp_dense_resource_rf_gt_nin_rem0_ap_fixed_ap_fixed_22_12_4_0_0_config2_mult_s_fu_195/ap_phi_reg_pp0_iter1_p_ZZN4nnet24compute_output_buffer_2dINS_5arrayI8ap_fixedILi22ELi12EL9ap_q_mode4EL_769_reg_764_reg[2]/C is not reached by a timing clock
Related violations: <none>

TIMING-17#951 Critical Warning
Non-clocked sequential cell  
The clock pin conv_2d_cl_array_ap_fixed_1u_array_ap_fixed_22_12_4_0_0_6u_config2_U0/grp_compute_output_buffer_2d_array_array_ap_fixed_22_12_4_0_0_6u_config2_s_fu_118/grp_dense_resource_rf_gt_nin_rem0_ap_fixed_ap_fixed_22_12_4_0_0_config2_mult_s_fu_195/ap_phi_reg_pp0_iter1_p_ZZN4nnet24compute_output_buffer_2dINS_5arrayI8ap_fixedILi22ELi12EL9ap_q_mode4EL_769_reg_764_reg[3]/C is not reached by a timing clock
Related violations: <none>

TIMING-17#952 Critical Warning
Non-clocked sequential cell  
The clock pin conv_2d_cl_array_ap_fixed_1u_array_ap_fixed_22_12_4_0_0_6u_config2_U0/grp_compute_output_buffer_2d_array_array_ap_fixed_22_12_4_0_0_6u_config2_s_fu_118/grp_dense_resource_rf_gt_nin_rem0_ap_fixed_ap_fixed_22_12_4_0_0_config2_mult_s_fu_195/ap_phi_reg_pp0_iter1_p_ZZN4nnet24compute_output_buffer_2dINS_5arrayI8ap_fixedILi22ELi12EL9ap_q_mode4EL_769_reg_764_reg[4]/C is not reached by a timing clock
Related violations: <none>

TIMING-17#953 Critical Warning
Non-clocked sequential cell  
The clock pin conv_2d_cl_array_ap_fixed_1u_array_ap_fixed_22_12_4_0_0_6u_config2_U0/grp_compute_output_buffer_2d_array_array_ap_fixed_22_12_4_0_0_6u_config2_s_fu_118/grp_dense_resource_rf_gt_nin_rem0_ap_fixed_ap_fixed_22_12_4_0_0_config2_mult_s_fu_195/ap_phi_reg_pp0_iter1_p_ZZN4nnet24compute_output_buffer_2dINS_5arrayI8ap_fixedILi22ELi12EL9ap_q_mode4EL_769_reg_764_reg[5]/C is not reached by a timing clock
Related violations: <none>

TIMING-17#954 Critical Warning
Non-clocked sequential cell  
The clock pin conv_2d_cl_array_ap_fixed_1u_array_ap_fixed_22_12_4_0_0_6u_config2_U0/grp_compute_output_buffer_2d_array_array_ap_fixed_22_12_4_0_0_6u_config2_s_fu_118/grp_dense_resource_rf_gt_nin_rem0_ap_fixed_ap_fixed_22_12_4_0_0_config2_mult_s_fu_195/ap_phi_reg_pp0_iter1_p_ZZN4nnet24compute_output_buffer_2dINS_5arrayI8ap_fixedILi22ELi12EL9ap_q_mode4EL_769_reg_764_reg[6]/C is not reached by a timing clock
Related violations: <none>

TIMING-17#955 Critical Warning
Non-clocked sequential cell  
The clock pin conv_2d_cl_array_ap_fixed_1u_array_ap_fixed_22_12_4_0_0_6u_config2_U0/grp_compute_output_buffer_2d_array_array_ap_fixed_22_12_4_0_0_6u_config2_s_fu_118/grp_dense_resource_rf_gt_nin_rem0_ap_fixed_ap_fixed_22_12_4_0_0_config2_mult_s_fu_195/ap_phi_reg_pp0_iter1_p_ZZN4nnet24compute_output_buffer_2dINS_5arrayI8ap_fixedILi22ELi12EL9ap_q_mode4EL_769_reg_764_reg[7]/C is not reached by a timing clock
Related violations: <none>

TIMING-17#956 Critical Warning
Non-clocked sequential cell  
The clock pin conv_2d_cl_array_ap_fixed_1u_array_ap_fixed_22_12_4_0_0_6u_config2_U0/grp_compute_output_buffer_2d_array_array_ap_fixed_22_12_4_0_0_6u_config2_s_fu_118/grp_dense_resource_rf_gt_nin_rem0_ap_fixed_ap_fixed_22_12_4_0_0_config2_mult_s_fu_195/ap_phi_reg_pp0_iter1_p_ZZN4nnet24compute_output_buffer_2dINS_5arrayI8ap_fixedILi22ELi12EL9ap_q_mode4EL_769_reg_764_reg[8]/C is not reached by a timing clock
Related violations: <none>

TIMING-17#957 Critical Warning
Non-clocked sequential cell  
The clock pin conv_2d_cl_array_ap_fixed_1u_array_ap_fixed_22_12_4_0_0_6u_config2_U0/grp_compute_output_buffer_2d_array_array_ap_fixed_22_12_4_0_0_6u_config2_s_fu_118/grp_dense_resource_rf_gt_nin_rem0_ap_fixed_ap_fixed_22_12_4_0_0_config2_mult_s_fu_195/ap_phi_reg_pp0_iter1_p_ZZN4nnet24compute_output_buffer_2dINS_5arrayI8ap_fixedILi22ELi12EL9ap_q_mode4EL_769_reg_764_reg[9]/C is not reached by a timing clock
Related violations: <none>

TIMING-17#958 Critical Warning
Non-clocked sequential cell  
The clock pin conv_2d_cl_array_ap_fixed_1u_array_ap_fixed_22_12_4_0_0_6u_config2_U0/grp_compute_output_buffer_2d_array_array_ap_fixed_22_12_4_0_0_6u_config2_s_fu_118/grp_dense_resource_rf_gt_nin_rem0_ap_fixed_ap_fixed_22_12_4_0_0_config2_mult_s_fu_195/ap_phi_reg_pp0_iter1_p_ZZN4nnet24compute_output_buffer_2dINS_5arrayI8ap_fixedILi22ELi12EL9ap_q_mode4EL_770_reg_776_reg[0]/C is not reached by a timing clock
Related violations: <none>

TIMING-17#959 Critical Warning
Non-clocked sequential cell  
The clock pin conv_2d_cl_array_ap_fixed_1u_array_ap_fixed_22_12_4_0_0_6u_config2_U0/grp_compute_output_buffer_2d_array_array_ap_fixed_22_12_4_0_0_6u_config2_s_fu_118/grp_dense_resource_rf_gt_nin_rem0_ap_fixed_ap_fixed_22_12_4_0_0_config2_mult_s_fu_195/ap_phi_reg_pp0_iter1_p_ZZN4nnet24compute_output_buffer_2dINS_5arrayI8ap_fixedILi22ELi12EL9ap_q_mode4EL_770_reg_776_reg[10]/C is not reached by a timing clock
Related violations: <none>

TIMING-17#960 Critical Warning
Non-clocked sequential cell  
The clock pin conv_2d_cl_array_ap_fixed_1u_array_ap_fixed_22_12_4_0_0_6u_config2_U0/grp_compute_output_buffer_2d_array_array_ap_fixed_22_12_4_0_0_6u_config2_s_fu_118/grp_dense_resource_rf_gt_nin_rem0_ap_fixed_ap_fixed_22_12_4_0_0_config2_mult_s_fu_195/ap_phi_reg_pp0_iter1_p_ZZN4nnet24compute_output_buffer_2dINS_5arrayI8ap_fixedILi22ELi12EL9ap_q_mode4EL_770_reg_776_reg[11]/C is not reached by a timing clock
Related violations: <none>

TIMING-17#961 Critical Warning
Non-clocked sequential cell  
The clock pin conv_2d_cl_array_ap_fixed_1u_array_ap_fixed_22_12_4_0_0_6u_config2_U0/grp_compute_output_buffer_2d_array_array_ap_fixed_22_12_4_0_0_6u_config2_s_fu_118/grp_dense_resource_rf_gt_nin_rem0_ap_fixed_ap_fixed_22_12_4_0_0_config2_mult_s_fu_195/ap_phi_reg_pp0_iter1_p_ZZN4nnet24compute_output_buffer_2dINS_5arrayI8ap_fixedILi22ELi12EL9ap_q_mode4EL_770_reg_776_reg[12]/C is not reached by a timing clock
Related violations: <none>

TIMING-17#962 Critical Warning
Non-clocked sequential cell  
The clock pin conv_2d_cl_array_ap_fixed_1u_array_ap_fixed_22_12_4_0_0_6u_config2_U0/grp_compute_output_buffer_2d_array_array_ap_fixed_22_12_4_0_0_6u_config2_s_fu_118/grp_dense_resource_rf_gt_nin_rem0_ap_fixed_ap_fixed_22_12_4_0_0_config2_mult_s_fu_195/ap_phi_reg_pp0_iter1_p_ZZN4nnet24compute_output_buffer_2dINS_5arrayI8ap_fixedILi22ELi12EL9ap_q_mode4EL_770_reg_776_reg[13]/C is not reached by a timing clock
Related violations: <none>

TIMING-17#963 Critical Warning
Non-clocked sequential cell  
The clock pin conv_2d_cl_array_ap_fixed_1u_array_ap_fixed_22_12_4_0_0_6u_config2_U0/grp_compute_output_buffer_2d_array_array_ap_fixed_22_12_4_0_0_6u_config2_s_fu_118/grp_dense_resource_rf_gt_nin_rem0_ap_fixed_ap_fixed_22_12_4_0_0_config2_mult_s_fu_195/ap_phi_reg_pp0_iter1_p_ZZN4nnet24compute_output_buffer_2dINS_5arrayI8ap_fixedILi22ELi12EL9ap_q_mode4EL_770_reg_776_reg[14]/C is not reached by a timing clock
Related violations: <none>

TIMING-17#964 Critical Warning
Non-clocked sequential cell  
The clock pin conv_2d_cl_array_ap_fixed_1u_array_ap_fixed_22_12_4_0_0_6u_config2_U0/grp_compute_output_buffer_2d_array_array_ap_fixed_22_12_4_0_0_6u_config2_s_fu_118/grp_dense_resource_rf_gt_nin_rem0_ap_fixed_ap_fixed_22_12_4_0_0_config2_mult_s_fu_195/ap_phi_reg_pp0_iter1_p_ZZN4nnet24compute_output_buffer_2dINS_5arrayI8ap_fixedILi22ELi12EL9ap_q_mode4EL_770_reg_776_reg[15]/C is not reached by a timing clock
Related violations: <none>

TIMING-17#965 Critical Warning
Non-clocked sequential cell  
The clock pin conv_2d_cl_array_ap_fixed_1u_array_ap_fixed_22_12_4_0_0_6u_config2_U0/grp_compute_output_buffer_2d_array_array_ap_fixed_22_12_4_0_0_6u_config2_s_fu_118/grp_dense_resource_rf_gt_nin_rem0_ap_fixed_ap_fixed_22_12_4_0_0_config2_mult_s_fu_195/ap_phi_reg_pp0_iter1_p_ZZN4nnet24compute_output_buffer_2dINS_5arrayI8ap_fixedILi22ELi12EL9ap_q_mode4EL_770_reg_776_reg[16]/C is not reached by a timing clock
Related violations: <none>

TIMING-17#966 Critical Warning
Non-clocked sequential cell  
The clock pin conv_2d_cl_array_ap_fixed_1u_array_ap_fixed_22_12_4_0_0_6u_config2_U0/grp_compute_output_buffer_2d_array_array_ap_fixed_22_12_4_0_0_6u_config2_s_fu_118/grp_dense_resource_rf_gt_nin_rem0_ap_fixed_ap_fixed_22_12_4_0_0_config2_mult_s_fu_195/ap_phi_reg_pp0_iter1_p_ZZN4nnet24compute_output_buffer_2dINS_5arrayI8ap_fixedILi22ELi12EL9ap_q_mode4EL_770_reg_776_reg[17]/C is not reached by a timing clock
Related violations: <none>

TIMING-17#967 Critical Warning
Non-clocked sequential cell  
The clock pin conv_2d_cl_array_ap_fixed_1u_array_ap_fixed_22_12_4_0_0_6u_config2_U0/grp_compute_output_buffer_2d_array_array_ap_fixed_22_12_4_0_0_6u_config2_s_fu_118/grp_dense_resource_rf_gt_nin_rem0_ap_fixed_ap_fixed_22_12_4_0_0_config2_mult_s_fu_195/ap_phi_reg_pp0_iter1_p_ZZN4nnet24compute_output_buffer_2dINS_5arrayI8ap_fixedILi22ELi12EL9ap_q_mode4EL_770_reg_776_reg[18]/C is not reached by a timing clock
Related violations: <none>

TIMING-17#968 Critical Warning
Non-clocked sequential cell  
The clock pin conv_2d_cl_array_ap_fixed_1u_array_ap_fixed_22_12_4_0_0_6u_config2_U0/grp_compute_output_buffer_2d_array_array_ap_fixed_22_12_4_0_0_6u_config2_s_fu_118/grp_dense_resource_rf_gt_nin_rem0_ap_fixed_ap_fixed_22_12_4_0_0_config2_mult_s_fu_195/ap_phi_reg_pp0_iter1_p_ZZN4nnet24compute_output_buffer_2dINS_5arrayI8ap_fixedILi22ELi12EL9ap_q_mode4EL_770_reg_776_reg[19]/C is not reached by a timing clock
Related violations: <none>

TIMING-17#969 Critical Warning
Non-clocked sequential cell  
The clock pin conv_2d_cl_array_ap_fixed_1u_array_ap_fixed_22_12_4_0_0_6u_config2_U0/grp_compute_output_buffer_2d_array_array_ap_fixed_22_12_4_0_0_6u_config2_s_fu_118/grp_dense_resource_rf_gt_nin_rem0_ap_fixed_ap_fixed_22_12_4_0_0_config2_mult_s_fu_195/ap_phi_reg_pp0_iter1_p_ZZN4nnet24compute_output_buffer_2dINS_5arrayI8ap_fixedILi22ELi12EL9ap_q_mode4EL_770_reg_776_reg[1]/C is not reached by a timing clock
Related violations: <none>

TIMING-17#970 Critical Warning
Non-clocked sequential cell  
The clock pin conv_2d_cl_array_ap_fixed_1u_array_ap_fixed_22_12_4_0_0_6u_config2_U0/grp_compute_output_buffer_2d_array_array_ap_fixed_22_12_4_0_0_6u_config2_s_fu_118/grp_dense_resource_rf_gt_nin_rem0_ap_fixed_ap_fixed_22_12_4_0_0_config2_mult_s_fu_195/ap_phi_reg_pp0_iter1_p_ZZN4nnet24compute_output_buffer_2dINS_5arrayI8ap_fixedILi22ELi12EL9ap_q_mode4EL_770_reg_776_reg[20]/C is not reached by a timing clock
Related violations: <none>

TIMING-17#971 Critical Warning
Non-clocked sequential cell  
The clock pin conv_2d_cl_array_ap_fixed_1u_array_ap_fixed_22_12_4_0_0_6u_config2_U0/grp_compute_output_buffer_2d_array_array_ap_fixed_22_12_4_0_0_6u_config2_s_fu_118/grp_dense_resource_rf_gt_nin_rem0_ap_fixed_ap_fixed_22_12_4_0_0_config2_mult_s_fu_195/ap_phi_reg_pp0_iter1_p_ZZN4nnet24compute_output_buffer_2dINS_5arrayI8ap_fixedILi22ELi12EL9ap_q_mode4EL_770_reg_776_reg[21]/C is not reached by a timing clock
Related violations: <none>

TIMING-17#972 Critical Warning
Non-clocked sequential cell  
The clock pin conv_2d_cl_array_ap_fixed_1u_array_ap_fixed_22_12_4_0_0_6u_config2_U0/grp_compute_output_buffer_2d_array_array_ap_fixed_22_12_4_0_0_6u_config2_s_fu_118/grp_dense_resource_rf_gt_nin_rem0_ap_fixed_ap_fixed_22_12_4_0_0_config2_mult_s_fu_195/ap_phi_reg_pp0_iter1_p_ZZN4nnet24compute_output_buffer_2dINS_5arrayI8ap_fixedILi22ELi12EL9ap_q_mode4EL_770_reg_776_reg[2]/C is not reached by a timing clock
Related violations: <none>

TIMING-17#973 Critical Warning
Non-clocked sequential cell  
The clock pin conv_2d_cl_array_ap_fixed_1u_array_ap_fixed_22_12_4_0_0_6u_config2_U0/grp_compute_output_buffer_2d_array_array_ap_fixed_22_12_4_0_0_6u_config2_s_fu_118/grp_dense_resource_rf_gt_nin_rem0_ap_fixed_ap_fixed_22_12_4_0_0_config2_mult_s_fu_195/ap_phi_reg_pp0_iter1_p_ZZN4nnet24compute_output_buffer_2dINS_5arrayI8ap_fixedILi22ELi12EL9ap_q_mode4EL_770_reg_776_reg[3]/C is not reached by a timing clock
Related violations: <none>

TIMING-17#974 Critical Warning
Non-clocked sequential cell  
The clock pin conv_2d_cl_array_ap_fixed_1u_array_ap_fixed_22_12_4_0_0_6u_config2_U0/grp_compute_output_buffer_2d_array_array_ap_fixed_22_12_4_0_0_6u_config2_s_fu_118/grp_dense_resource_rf_gt_nin_rem0_ap_fixed_ap_fixed_22_12_4_0_0_config2_mult_s_fu_195/ap_phi_reg_pp0_iter1_p_ZZN4nnet24compute_output_buffer_2dINS_5arrayI8ap_fixedILi22ELi12EL9ap_q_mode4EL_770_reg_776_reg[4]/C is not reached by a timing clock
Related violations: <none>

TIMING-17#975 Critical Warning
Non-clocked sequential cell  
The clock pin conv_2d_cl_array_ap_fixed_1u_array_ap_fixed_22_12_4_0_0_6u_config2_U0/grp_compute_output_buffer_2d_array_array_ap_fixed_22_12_4_0_0_6u_config2_s_fu_118/grp_dense_resource_rf_gt_nin_rem0_ap_fixed_ap_fixed_22_12_4_0_0_config2_mult_s_fu_195/ap_phi_reg_pp0_iter1_p_ZZN4nnet24compute_output_buffer_2dINS_5arrayI8ap_fixedILi22ELi12EL9ap_q_mode4EL_770_reg_776_reg[5]/C is not reached by a timing clock
Related violations: <none>

TIMING-17#976 Critical Warning
Non-clocked sequential cell  
The clock pin conv_2d_cl_array_ap_fixed_1u_array_ap_fixed_22_12_4_0_0_6u_config2_U0/grp_compute_output_buffer_2d_array_array_ap_fixed_22_12_4_0_0_6u_config2_s_fu_118/grp_dense_resource_rf_gt_nin_rem0_ap_fixed_ap_fixed_22_12_4_0_0_config2_mult_s_fu_195/ap_phi_reg_pp0_iter1_p_ZZN4nnet24compute_output_buffer_2dINS_5arrayI8ap_fixedILi22ELi12EL9ap_q_mode4EL_770_reg_776_reg[6]/C is not reached by a timing clock
Related violations: <none>

TIMING-17#977 Critical Warning
Non-clocked sequential cell  
The clock pin conv_2d_cl_array_ap_fixed_1u_array_ap_fixed_22_12_4_0_0_6u_config2_U0/grp_compute_output_buffer_2d_array_array_ap_fixed_22_12_4_0_0_6u_config2_s_fu_118/grp_dense_resource_rf_gt_nin_rem0_ap_fixed_ap_fixed_22_12_4_0_0_config2_mult_s_fu_195/ap_phi_reg_pp0_iter1_p_ZZN4nnet24compute_output_buffer_2dINS_5arrayI8ap_fixedILi22ELi12EL9ap_q_mode4EL_770_reg_776_reg[7]/C is not reached by a timing clock
Related violations: <none>

TIMING-17#978 Critical Warning
Non-clocked sequential cell  
The clock pin conv_2d_cl_array_ap_fixed_1u_array_ap_fixed_22_12_4_0_0_6u_config2_U0/grp_compute_output_buffer_2d_array_array_ap_fixed_22_12_4_0_0_6u_config2_s_fu_118/grp_dense_resource_rf_gt_nin_rem0_ap_fixed_ap_fixed_22_12_4_0_0_config2_mult_s_fu_195/ap_phi_reg_pp0_iter1_p_ZZN4nnet24compute_output_buffer_2dINS_5arrayI8ap_fixedILi22ELi12EL9ap_q_mode4EL_770_reg_776_reg[8]/C is not reached by a timing clock
Related violations: <none>

TIMING-17#979 Critical Warning
Non-clocked sequential cell  
The clock pin conv_2d_cl_array_ap_fixed_1u_array_ap_fixed_22_12_4_0_0_6u_config2_U0/grp_compute_output_buffer_2d_array_array_ap_fixed_22_12_4_0_0_6u_config2_s_fu_118/grp_dense_resource_rf_gt_nin_rem0_ap_fixed_ap_fixed_22_12_4_0_0_config2_mult_s_fu_195/ap_phi_reg_pp0_iter1_p_ZZN4nnet24compute_output_buffer_2dINS_5arrayI8ap_fixedILi22ELi12EL9ap_q_mode4EL_770_reg_776_reg[9]/C is not reached by a timing clock
Related violations: <none>

TIMING-17#980 Critical Warning
Non-clocked sequential cell  
The clock pin conv_2d_cl_array_ap_fixed_1u_array_ap_fixed_22_12_4_0_0_6u_config2_U0/grp_compute_output_buffer_2d_array_array_ap_fixed_22_12_4_0_0_6u_config2_s_fu_118/grp_dense_resource_rf_gt_nin_rem0_ap_fixed_ap_fixed_22_12_4_0_0_config2_mult_s_fu_195/ap_phi_reg_pp0_iter1_p_ZZN4nnet24compute_output_buffer_2dINS_5arrayI8ap_fixedILi22ELi12EL9ap_q_mode4EL_771_reg_788_reg[0]/C is not reached by a timing clock
Related violations: <none>

TIMING-17#981 Critical Warning
Non-clocked sequential cell  
The clock pin conv_2d_cl_array_ap_fixed_1u_array_ap_fixed_22_12_4_0_0_6u_config2_U0/grp_compute_output_buffer_2d_array_array_ap_fixed_22_12_4_0_0_6u_config2_s_fu_118/grp_dense_resource_rf_gt_nin_rem0_ap_fixed_ap_fixed_22_12_4_0_0_config2_mult_s_fu_195/ap_phi_reg_pp0_iter1_p_ZZN4nnet24compute_output_buffer_2dINS_5arrayI8ap_fixedILi22ELi12EL9ap_q_mode4EL_771_reg_788_reg[10]/C is not reached by a timing clock
Related violations: <none>

TIMING-17#982 Critical Warning
Non-clocked sequential cell  
The clock pin conv_2d_cl_array_ap_fixed_1u_array_ap_fixed_22_12_4_0_0_6u_config2_U0/grp_compute_output_buffer_2d_array_array_ap_fixed_22_12_4_0_0_6u_config2_s_fu_118/grp_dense_resource_rf_gt_nin_rem0_ap_fixed_ap_fixed_22_12_4_0_0_config2_mult_s_fu_195/ap_phi_reg_pp0_iter1_p_ZZN4nnet24compute_output_buffer_2dINS_5arrayI8ap_fixedILi22ELi12EL9ap_q_mode4EL_771_reg_788_reg[11]/C is not reached by a timing clock
Related violations: <none>

TIMING-17#983 Critical Warning
Non-clocked sequential cell  
The clock pin conv_2d_cl_array_ap_fixed_1u_array_ap_fixed_22_12_4_0_0_6u_config2_U0/grp_compute_output_buffer_2d_array_array_ap_fixed_22_12_4_0_0_6u_config2_s_fu_118/grp_dense_resource_rf_gt_nin_rem0_ap_fixed_ap_fixed_22_12_4_0_0_config2_mult_s_fu_195/ap_phi_reg_pp0_iter1_p_ZZN4nnet24compute_output_buffer_2dINS_5arrayI8ap_fixedILi22ELi12EL9ap_q_mode4EL_771_reg_788_reg[12]/C is not reached by a timing clock
Related violations: <none>

TIMING-17#984 Critical Warning
Non-clocked sequential cell  
The clock pin conv_2d_cl_array_ap_fixed_1u_array_ap_fixed_22_12_4_0_0_6u_config2_U0/grp_compute_output_buffer_2d_array_array_ap_fixed_22_12_4_0_0_6u_config2_s_fu_118/grp_dense_resource_rf_gt_nin_rem0_ap_fixed_ap_fixed_22_12_4_0_0_config2_mult_s_fu_195/ap_phi_reg_pp0_iter1_p_ZZN4nnet24compute_output_buffer_2dINS_5arrayI8ap_fixedILi22ELi12EL9ap_q_mode4EL_771_reg_788_reg[13]/C is not reached by a timing clock
Related violations: <none>

TIMING-17#985 Critical Warning
Non-clocked sequential cell  
The clock pin conv_2d_cl_array_ap_fixed_1u_array_ap_fixed_22_12_4_0_0_6u_config2_U0/grp_compute_output_buffer_2d_array_array_ap_fixed_22_12_4_0_0_6u_config2_s_fu_118/grp_dense_resource_rf_gt_nin_rem0_ap_fixed_ap_fixed_22_12_4_0_0_config2_mult_s_fu_195/ap_phi_reg_pp0_iter1_p_ZZN4nnet24compute_output_buffer_2dINS_5arrayI8ap_fixedILi22ELi12EL9ap_q_mode4EL_771_reg_788_reg[14]/C is not reached by a timing clock
Related violations: <none>

TIMING-17#986 Critical Warning
Non-clocked sequential cell  
The clock pin conv_2d_cl_array_ap_fixed_1u_array_ap_fixed_22_12_4_0_0_6u_config2_U0/grp_compute_output_buffer_2d_array_array_ap_fixed_22_12_4_0_0_6u_config2_s_fu_118/grp_dense_resource_rf_gt_nin_rem0_ap_fixed_ap_fixed_22_12_4_0_0_config2_mult_s_fu_195/ap_phi_reg_pp0_iter1_p_ZZN4nnet24compute_output_buffer_2dINS_5arrayI8ap_fixedILi22ELi12EL9ap_q_mode4EL_771_reg_788_reg[15]/C is not reached by a timing clock
Related violations: <none>

TIMING-17#987 Critical Warning
Non-clocked sequential cell  
The clock pin conv_2d_cl_array_ap_fixed_1u_array_ap_fixed_22_12_4_0_0_6u_config2_U0/grp_compute_output_buffer_2d_array_array_ap_fixed_22_12_4_0_0_6u_config2_s_fu_118/grp_dense_resource_rf_gt_nin_rem0_ap_fixed_ap_fixed_22_12_4_0_0_config2_mult_s_fu_195/ap_phi_reg_pp0_iter1_p_ZZN4nnet24compute_output_buffer_2dINS_5arrayI8ap_fixedILi22ELi12EL9ap_q_mode4EL_771_reg_788_reg[16]/C is not reached by a timing clock
Related violations: <none>

TIMING-17#988 Critical Warning
Non-clocked sequential cell  
The clock pin conv_2d_cl_array_ap_fixed_1u_array_ap_fixed_22_12_4_0_0_6u_config2_U0/grp_compute_output_buffer_2d_array_array_ap_fixed_22_12_4_0_0_6u_config2_s_fu_118/grp_dense_resource_rf_gt_nin_rem0_ap_fixed_ap_fixed_22_12_4_0_0_config2_mult_s_fu_195/ap_phi_reg_pp0_iter1_p_ZZN4nnet24compute_output_buffer_2dINS_5arrayI8ap_fixedILi22ELi12EL9ap_q_mode4EL_771_reg_788_reg[17]/C is not reached by a timing clock
Related violations: <none>

TIMING-17#989 Critical Warning
Non-clocked sequential cell  
The clock pin conv_2d_cl_array_ap_fixed_1u_array_ap_fixed_22_12_4_0_0_6u_config2_U0/grp_compute_output_buffer_2d_array_array_ap_fixed_22_12_4_0_0_6u_config2_s_fu_118/grp_dense_resource_rf_gt_nin_rem0_ap_fixed_ap_fixed_22_12_4_0_0_config2_mult_s_fu_195/ap_phi_reg_pp0_iter1_p_ZZN4nnet24compute_output_buffer_2dINS_5arrayI8ap_fixedILi22ELi12EL9ap_q_mode4EL_771_reg_788_reg[18]/C is not reached by a timing clock
Related violations: <none>

TIMING-17#990 Critical Warning
Non-clocked sequential cell  
The clock pin conv_2d_cl_array_ap_fixed_1u_array_ap_fixed_22_12_4_0_0_6u_config2_U0/grp_compute_output_buffer_2d_array_array_ap_fixed_22_12_4_0_0_6u_config2_s_fu_118/grp_dense_resource_rf_gt_nin_rem0_ap_fixed_ap_fixed_22_12_4_0_0_config2_mult_s_fu_195/ap_phi_reg_pp0_iter1_p_ZZN4nnet24compute_output_buffer_2dINS_5arrayI8ap_fixedILi22ELi12EL9ap_q_mode4EL_771_reg_788_reg[19]/C is not reached by a timing clock
Related violations: <none>

TIMING-17#991 Critical Warning
Non-clocked sequential cell  
The clock pin conv_2d_cl_array_ap_fixed_1u_array_ap_fixed_22_12_4_0_0_6u_config2_U0/grp_compute_output_buffer_2d_array_array_ap_fixed_22_12_4_0_0_6u_config2_s_fu_118/grp_dense_resource_rf_gt_nin_rem0_ap_fixed_ap_fixed_22_12_4_0_0_config2_mult_s_fu_195/ap_phi_reg_pp0_iter1_p_ZZN4nnet24compute_output_buffer_2dINS_5arrayI8ap_fixedILi22ELi12EL9ap_q_mode4EL_771_reg_788_reg[1]/C is not reached by a timing clock
Related violations: <none>

TIMING-17#992 Critical Warning
Non-clocked sequential cell  
The clock pin conv_2d_cl_array_ap_fixed_1u_array_ap_fixed_22_12_4_0_0_6u_config2_U0/grp_compute_output_buffer_2d_array_array_ap_fixed_22_12_4_0_0_6u_config2_s_fu_118/grp_dense_resource_rf_gt_nin_rem0_ap_fixed_ap_fixed_22_12_4_0_0_config2_mult_s_fu_195/ap_phi_reg_pp0_iter1_p_ZZN4nnet24compute_output_buffer_2dINS_5arrayI8ap_fixedILi22ELi12EL9ap_q_mode4EL_771_reg_788_reg[20]/C is not reached by a timing clock
Related violations: <none>

TIMING-17#993 Critical Warning
Non-clocked sequential cell  
The clock pin conv_2d_cl_array_ap_fixed_1u_array_ap_fixed_22_12_4_0_0_6u_config2_U0/grp_compute_output_buffer_2d_array_array_ap_fixed_22_12_4_0_0_6u_config2_s_fu_118/grp_dense_resource_rf_gt_nin_rem0_ap_fixed_ap_fixed_22_12_4_0_0_config2_mult_s_fu_195/ap_phi_reg_pp0_iter1_p_ZZN4nnet24compute_output_buffer_2dINS_5arrayI8ap_fixedILi22ELi12EL9ap_q_mode4EL_771_reg_788_reg[21]/C is not reached by a timing clock
Related violations: <none>

TIMING-17#994 Critical Warning
Non-clocked sequential cell  
The clock pin conv_2d_cl_array_ap_fixed_1u_array_ap_fixed_22_12_4_0_0_6u_config2_U0/grp_compute_output_buffer_2d_array_array_ap_fixed_22_12_4_0_0_6u_config2_s_fu_118/grp_dense_resource_rf_gt_nin_rem0_ap_fixed_ap_fixed_22_12_4_0_0_config2_mult_s_fu_195/ap_phi_reg_pp0_iter1_p_ZZN4nnet24compute_output_buffer_2dINS_5arrayI8ap_fixedILi22ELi12EL9ap_q_mode4EL_771_reg_788_reg[2]/C is not reached by a timing clock
Related violations: <none>

TIMING-17#995 Critical Warning
Non-clocked sequential cell  
The clock pin conv_2d_cl_array_ap_fixed_1u_array_ap_fixed_22_12_4_0_0_6u_config2_U0/grp_compute_output_buffer_2d_array_array_ap_fixed_22_12_4_0_0_6u_config2_s_fu_118/grp_dense_resource_rf_gt_nin_rem0_ap_fixed_ap_fixed_22_12_4_0_0_config2_mult_s_fu_195/ap_phi_reg_pp0_iter1_p_ZZN4nnet24compute_output_buffer_2dINS_5arrayI8ap_fixedILi22ELi12EL9ap_q_mode4EL_771_reg_788_reg[3]/C is not reached by a timing clock
Related violations: <none>

TIMING-17#996 Critical Warning
Non-clocked sequential cell  
The clock pin conv_2d_cl_array_ap_fixed_1u_array_ap_fixed_22_12_4_0_0_6u_config2_U0/grp_compute_output_buffer_2d_array_array_ap_fixed_22_12_4_0_0_6u_config2_s_fu_118/grp_dense_resource_rf_gt_nin_rem0_ap_fixed_ap_fixed_22_12_4_0_0_config2_mult_s_fu_195/ap_phi_reg_pp0_iter1_p_ZZN4nnet24compute_output_buffer_2dINS_5arrayI8ap_fixedILi22ELi12EL9ap_q_mode4EL_771_reg_788_reg[4]/C is not reached by a timing clock
Related violations: <none>

TIMING-17#997 Critical Warning
Non-clocked sequential cell  
The clock pin conv_2d_cl_array_ap_fixed_1u_array_ap_fixed_22_12_4_0_0_6u_config2_U0/grp_compute_output_buffer_2d_array_array_ap_fixed_22_12_4_0_0_6u_config2_s_fu_118/grp_dense_resource_rf_gt_nin_rem0_ap_fixed_ap_fixed_22_12_4_0_0_config2_mult_s_fu_195/ap_phi_reg_pp0_iter1_p_ZZN4nnet24compute_output_buffer_2dINS_5arrayI8ap_fixedILi22ELi12EL9ap_q_mode4EL_771_reg_788_reg[5]/C is not reached by a timing clock
Related violations: <none>

TIMING-17#998 Critical Warning
Non-clocked sequential cell  
The clock pin conv_2d_cl_array_ap_fixed_1u_array_ap_fixed_22_12_4_0_0_6u_config2_U0/grp_compute_output_buffer_2d_array_array_ap_fixed_22_12_4_0_0_6u_config2_s_fu_118/grp_dense_resource_rf_gt_nin_rem0_ap_fixed_ap_fixed_22_12_4_0_0_config2_mult_s_fu_195/ap_phi_reg_pp0_iter1_p_ZZN4nnet24compute_output_buffer_2dINS_5arrayI8ap_fixedILi22ELi12EL9ap_q_mode4EL_771_reg_788_reg[6]/C is not reached by a timing clock
Related violations: <none>

TIMING-17#999 Critical Warning
Non-clocked sequential cell  
The clock pin conv_2d_cl_array_ap_fixed_1u_array_ap_fixed_22_12_4_0_0_6u_config2_U0/grp_compute_output_buffer_2d_array_array_ap_fixed_22_12_4_0_0_6u_config2_s_fu_118/grp_dense_resource_rf_gt_nin_rem0_ap_fixed_ap_fixed_22_12_4_0_0_config2_mult_s_fu_195/ap_phi_reg_pp0_iter1_p_ZZN4nnet24compute_output_buffer_2dINS_5arrayI8ap_fixedILi22ELi12EL9ap_q_mode4EL_771_reg_788_reg[7]/C is not reached by a timing clock
Related violations: <none>

TIMING-17#1000 Critical Warning
Non-clocked sequential cell  
The clock pin conv_2d_cl_array_ap_fixed_1u_array_ap_fixed_22_12_4_0_0_6u_config2_U0/grp_compute_output_buffer_2d_array_array_ap_fixed_22_12_4_0_0_6u_config2_s_fu_118/grp_dense_resource_rf_gt_nin_rem0_ap_fixed_ap_fixed_22_12_4_0_0_config2_mult_s_fu_195/ap_phi_reg_pp0_iter1_p_ZZN4nnet24compute_output_buffer_2dINS_5arrayI8ap_fixedILi22ELi12EL9ap_q_mode4EL_771_reg_788_reg[8]/C is not reached by a timing clock
Related violations: <none>


