Copyright 1986-2022 Xilinx, Inc. All Rights Reserved. Copyright 2022-2024 Advanced Micro Devices, Inc. All Rights Reserved.
---------------------------------------------------------------------------------------------------------------------------------------------------------------------------------------------
| Tool Version      : Vivado v.2024.2 (lin64) Build 5239630 Fri Nov 08 22:34:34 MST 2024
| Date              : Thu Sep 10 08:30:56 2026
| Host              : ubuntu running 64-bit Ubuntu 24.04.3 LTS
| Command           : report_timing_summary -delay_type max -max_paths 10 -report_unconstrained -file {/home/miguel/Downloads/Plano testes TCC/H1/LeNet/RF128/vivado_ooc/timing_summary.rpt}
| Design            : lenet_mnist_cap64_hls
| Device            : xczu7ev-ffvc1156
| Speed File        : -2  PRODUCTION 1.30 05-15-2022
| Design State      : Optimized
| Temperature Grade : E
---------------------------------------------------------------------------------------------------------------------------------------------------------------------------------------------

Timing Summary Report

------------------------------------------------------------------------------------------------
| Timer Settings
| --------------
------------------------------------------------------------------------------------------------

  Enable Multi Corner Analysis               :  Yes
  Enable Pessimism Removal                   :  Yes
  Pessimism Removal Resolution               :  Nearest Common Node
  Enable Input Delay Default Clock           :  No
  Enable Preset / Clear Arcs                 :  No
  Disable Flight Delays                      :  No
  Ignore I/O Paths                           :  No
  Timing Early Launch at Borrowing Latches   :  No
  Borrow Time for Max Delay Exceptions       :  Yes
  Merge Timing Exceptions                    :  Yes
  Inter-SLR Compensation                     :  Conservative

  Corner  Analyze    Analyze    
  Name    Max Paths  Min Paths  
  ------  ---------  ---------  
  Slow    Yes        Yes        
  Fast    Yes        Yes        


------------------------------------------------------------------------------------------------
| Report Methodology
| ------------------
------------------------------------------------------------------------------------------------

Rule       Severity          Description                  Violations  
---------  ----------------  ---------------------------  ----------  
TIMING-17  Critical Warning  Non-clocked sequential cell  1000        

Note: This report is based on the most recent report_methodology run and may not be up-to-date. Run report_methodology on the current design for the latest report.



check_timing report

Table of Contents
-----------------
1. checking no_clock (0)
2. checking constant_clock (0)
3. checking pulse_width_clock (0)
4. checking unconstrained_internal_endpoints (0)
5. checking no_input_delay (26)
6. checking no_output_delay (225)
7. checking multiple_clock (0)
8. checking generated_clocks (0)
9. checking loops (0)
10. checking partial_input_delay (0)
11. checking partial_output_delay (0)
12. checking latch_loops (0)

1. checking no_clock (0)
------------------------
 There are 0 register/latch pins with no clock.


2. checking constant_clock (0)
------------------------------
 There are 0 register/latch pins with constant_clock.


3. checking pulse_width_clock (0)
---------------------------------
 There are 0 register/latch pins which need pulse_width check


4. checking unconstrained_internal_endpoints (0)
------------------------------------------------
 There are 0 pins that are not constrained for maximum delay.

 There are 0 pins that are not constrained for maximum delay due to constant clock.


5. checking no_input_delay (26)
-------------------------------
 There are 26 input ports with no input delay specified. (HIGH)

 There are 0 input ports with no input delay but user has a false path constraint.


6. checking no_output_delay (225)
---------------------------------
 There are 225 ports with no output delay specified. (HIGH)

 There are 0 ports with no output delay but user has a false path constraint

 There are 0 ports with no output delay but with a timing clock defined on it or propagating through it


7. checking multiple_clock (0)
------------------------------
 There are 0 register/latch pins with multiple clocks.


8. checking generated_clocks (0)
--------------------------------
 There are 0 generated clocks that are not connected to a clock source.


9. checking loops (0)
---------------------
 There are 0 combinational loops in the design.


10. checking partial_input_delay (0)
------------------------------------
 There are 0 input ports with partial input delay specified.


11. checking partial_output_delay (0)
-------------------------------------
 There are 0 ports with partial output delay specified.


12. checking latch_loops (0)
----------------------------
 There are 0 combinational latch loops in the design through latch input



------------------------------------------------------------------------------------------------
| Design Timing Summary
| ---------------------
------------------------------------------------------------------------------------------------

    WNS(ns)      TNS(ns)  TNS Failing Endpoints  TNS Total Endpoints     WPWS(ns)     TPWS(ns)  TPWS Failing Endpoints  TPWS Total Endpoints  
    -------      -------  ---------------------  -------------------     --------     --------  ----------------------  --------------------  
      4.990        0.000                      0               173435        4.458        0.000                       0                 75144  


All user specified timing constraints are met.


------------------------------------------------------------------------------------------------
| Clock Summary
| -------------
------------------------------------------------------------------------------------------------

Clock   Waveform(ns)       Period(ns)      Frequency(MHz)
-----   ------------       ----------      --------------
ap_clk  {0.000 5.000}      10.000          100.000         


------------------------------------------------------------------------------------------------
| Intra Clock Table
| -----------------
------------------------------------------------------------------------------------------------

Clock             WNS(ns)      TNS(ns)  TNS Failing Endpoints  TNS Total Endpoints     WPWS(ns)     TPWS(ns)  TPWS Failing Endpoints  TPWS Total Endpoints  
-----             -------      -------  ---------------------  -------------------     --------     --------  ----------------------  --------------------  
ap_clk              4.990        0.000                      0               173435        4.458        0.000                       0                 75144  


------------------------------------------------------------------------------------------------
| Inter Clock Table
| -----------------
------------------------------------------------------------------------------------------------

From Clock    To Clock          WNS(ns)      TNS(ns)  TNS Failing Endpoints  TNS Total Endpoints  
----------    --------          -------      -------  ---------------------  -------------------  


------------------------------------------------------------------------------------------------
| Other Path Groups Table
| -----------------------
------------------------------------------------------------------------------------------------

Path Group    From Clock    To Clock          WNS(ns)      TNS(ns)  TNS Failing Endpoints  TNS Total Endpoints  
----------    ----------    --------          -------      -------  ---------------------  -------------------  


------------------------------------------------------------------------------------------------
| User Ignored Path Table
| -----------------------
------------------------------------------------------------------------------------------------

Path Group    From Clock    To Clock    
----------    ----------    --------    


------------------------------------------------------------------------------------------------
| Unconstrained Path Table
| ------------------------
------------------------------------------------------------------------------------------------

Path Group    From Clock    To Clock    
----------    ----------    --------    
(none)                                    
(none)        ap_clk                      
(none)                      ap_clk        


------------------------------------------------------------------------------------------------
| Timing Details
| --------------
------------------------------------------------------------------------------------------------


---------------------------------------------------------------------------------------------------
From Clock:  ap_clk
  To Clock:  ap_clk

Setup :            0  Failing Endpoints,  Worst Slack        4.990ns,  Total Violation        0.000ns
Hold  :           NA  Failing Endpoints,  Worst Slack           NA  ,  Total Violation           NA
PW    :            0  Failing Endpoints,  Worst Slack        4.458ns,  Total Violation        0.000ns
---------------------------------------------------------------------------------------------------


Max Delay Paths
--------------------------------------------------------------------------------------
Slack (MET) :             4.990ns  (required time - arrival time)
  Source:                 dense_array_ap_fixed_16u_array_ap_fixed_22_12_4_0_0_120u_config9_U0/grp_dense_resource_rf_leq_nin_ap_fixed_ap_fixed_22_12_4_0_0_config9_s_fu_1321/do_init_reg_3495_reg[0]/C
                            (rising edge-triggered cell FDRE clocked by ap_clk  {rise@0.000ns fall@5.000ns period=10.000ns})
  Destination:            dense_array_ap_fixed_16u_array_ap_fixed_22_12_4_0_0_120u_config9_U0/grp_dense_resource_rf_leq_nin_ap_fixed_ap_fixed_22_12_4_0_0_config9_s_fu_1321/or_ln58_104_reg_95651_reg[0]/D
                            (rising edge-triggered cell FDRE clocked by ap_clk  {rise@0.000ns fall@5.000ns period=10.000ns})
  Path Group:             ap_clk
  Path Type:              Setup (Max at Slow Process Corner)
  Requirement:            10.000ns  (ap_clk rise@10.000ns - ap_clk rise@0.000ns)
  Data Path Delay:        4.991ns  (logic 2.611ns (52.319%)  route 2.380ns (47.681%))
  Logic Levels:           20  (CARRY8=3 DSP_A_B_DATA=1 DSP_ALU=1 DSP_M_DATA=1 DSP_MULTIPLIER=1 DSP_OUTPUT=1 DSP_PREADD_DATA=1 LUT3=1 LUT4=1 LUT5=1 LUT6=4 MUXF7=2 MUXF8=2)
  Clock Path Skew:        -0.009ns (DCD - SCD + CPR)
    Destination Clock Delay (DCD):    0.021ns = ( 10.021 - 10.000 ) 
    Source Clock Delay      (SCD):    0.030ns
    Clock Pessimism Removal (CPR):    0.000ns
  Clock Uncertainty:      0.035ns  ((TSJ^2 + TIJ^2)^1/2 + DJ) / 2 + PE
    Total System Jitter     (TSJ):    0.071ns
    Total Input Jitter      (TIJ):    0.000ns
    Discrete Jitter          (DJ):    0.000ns
    Phase Error              (PE):    0.000ns

    Location             Delay type                Incr(ns)  Path(ns)    Netlist Resource(s)
  -------------------------------------------------------------------    -------------------
                         (clock ap_clk rise edge)     0.000     0.000 r  
                                                      0.000     0.000 r  ap_clk (IN)
                         net (fo=76463, unset)        0.030     0.030    dense_array_ap_fixed_16u_array_ap_fixed_22_12_4_0_0_120u_config9_U0/grp_dense_resource_rf_leq_nin_ap_fixed_ap_fixed_22_12_4_0_0_config9_s_fu_1321/ap_clk
                         FDRE                                         r  dense_array_ap_fixed_16u_array_ap_fixed_22_12_4_0_0_120u_config9_U0/grp_dense_resource_rf_leq_nin_ap_fixed_ap_fixed_22_12_4_0_0_config9_s_fu_1321/do_init_reg_3495_reg[0]/C
  -------------------------------------------------------------------    -------------------
                         FDRE (Prop_FDRE_C_Q)         0.077     0.107 r  dense_array_ap_fixed_16u_array_ap_fixed_22_12_4_0_0_120u_config9_U0/grp_dense_resource_rf_leq_nin_ap_fixed_ap_fixed_22_12_4_0_0_config9_s_fu_1321/do_init_reg_3495_reg[0]/Q
                         net (fo=8449, unplaced)      0.323     0.430    dense_array_ap_fixed_16u_array_ap_fixed_22_12_4_0_0_120u_config9_U0/grp_dense_resource_rf_leq_nin_ap_fixed_ap_fixed_22_12_4_0_0_config9_s_fu_1321/mul_22s_22s_44_1_1_U781/do_init_reg_3495
                         LUT6 (Prop_LUT6_I5_O)        0.037     0.467 f  dense_array_ap_fixed_16u_array_ap_fixed_22_12_4_0_0_120u_config9_U0/grp_dense_resource_rf_leq_nin_ap_fixed_ap_fixed_22_12_4_0_0_config9_s_fu_1321/mul_22s_22s_44_1_1_U781/tmp_product_i_2555__0/O
                         net (fo=1, unplaced)         0.032     0.499    dense_array_ap_fixed_16u_array_ap_fixed_22_12_4_0_0_120u_config9_U0/grp_dense_resource_rf_leq_nin_ap_fixed_ap_fixed_22_12_4_0_0_config9_s_fu_1321/mul_22s_22s_44_1_1_U781/tmp_product_i_2555__0_n_0
                         MUXF7 (Prop_MUXF7_I0_O)      0.069     0.568 f  dense_array_ap_fixed_16u_array_ap_fixed_22_12_4_0_0_120u_config9_U0/grp_dense_resource_rf_leq_nin_ap_fixed_ap_fixed_22_12_4_0_0_config9_s_fu_1321/mul_22s_22s_44_1_1_U781/tmp_product_i_1179__0/O
                         net (fo=1, unplaced)         0.000     0.568    dense_array_ap_fixed_16u_array_ap_fixed_22_12_4_0_0_120u_config9_U0/grp_dense_resource_rf_leq_nin_ap_fixed_ap_fixed_22_12_4_0_0_config9_s_fu_1321/mul_22s_22s_44_1_1_U781/tmp_product_i_1179__0_n_0
                         MUXF8 (Prop_MUXF8_I0_O)      0.030     0.598 f  dense_array_ap_fixed_16u_array_ap_fixed_22_12_4_0_0_120u_config9_U0/grp_dense_resource_rf_leq_nin_ap_fixed_ap_fixed_22_12_4_0_0_config9_s_fu_1321/mul_22s_22s_44_1_1_U781/tmp_product_i_491__0/O
                         net (fo=1, unplaced)         0.186     0.784    dense_array_ap_fixed_16u_array_ap_fixed_22_12_4_0_0_120u_config9_U0/grp_dense_resource_rf_leq_nin_ap_fixed_ap_fixed_22_12_4_0_0_config9_s_fu_1321/mul_22s_22s_44_1_1_U781/tmp_product_i_491__0_n_0
                         LUT6 (Prop_LUT6_I0_O)        0.099     0.883 f  dense_array_ap_fixed_16u_array_ap_fixed_22_12_4_0_0_120u_config9_U0/grp_dense_resource_rf_leq_nin_ap_fixed_ap_fixed_22_12_4_0_0_config9_s_fu_1321/mul_22s_22s_44_1_1_U781/tmp_product_i_151__0/O
                         net (fo=1, unplaced)         0.032     0.915    dense_array_ap_fixed_16u_array_ap_fixed_22_12_4_0_0_120u_config9_U0/grp_dense_resource_rf_leq_nin_ap_fixed_ap_fixed_22_12_4_0_0_config9_s_fu_1321/mul_22s_22s_44_1_1_U781/tmp_product_i_151__0_n_0
                         MUXF7 (Prop_MUXF7_I0_O)      0.069     0.984 f  dense_array_ap_fixed_16u_array_ap_fixed_22_12_4_0_0_120u_config9_U0/grp_dense_resource_rf_leq_nin_ap_fixed_ap_fixed_22_12_4_0_0_config9_s_fu_1321/mul_22s_22s_44_1_1_U781/tmp_product_i_65__0/O
                         net (fo=1, unplaced)         0.000     0.984    dense_array_ap_fixed_16u_array_ap_fixed_22_12_4_0_0_120u_config9_U0/grp_dense_resource_rf_leq_nin_ap_fixed_ap_fixed_22_12_4_0_0_config9_s_fu_1321/mul_22s_22s_44_1_1_U781/tmp_product_i_65__0_n_0
                         MUXF8 (Prop_MUXF8_I0_O)      0.030     1.014 f  dense_array_ap_fixed_16u_array_ap_fixed_22_12_4_0_0_120u_config9_U0/grp_dense_resource_rf_leq_nin_ap_fixed_ap_fixed_22_12_4_0_0_config9_s_fu_1321/mul_22s_22s_44_1_1_U781/tmp_product_i_22__0/O
                         net (fo=1146, unplaced)      0.802     1.816    dense_array_ap_fixed_16u_array_ap_fixed_22_12_4_0_0_120u_config9_U0/grp_dense_resource_rf_leq_nin_ap_fixed_ap_fixed_22_12_4_0_0_config9_s_fu_1321/mul_22s_22s_44_1_1_U796/tmp_product/A[0]
                         DSP_A_B_DATA (Prop_DSP_A_B_DATA_A[0]_A2_DATA[0])
                                                      0.192     2.008 r  dense_array_ap_fixed_16u_array_ap_fixed_22_12_4_0_0_120u_config9_U0/grp_dense_resource_rf_leq_nin_ap_fixed_ap_fixed_22_12_4_0_0_config9_s_fu_1321/mul_22s_22s_44_1_1_U796/tmp_product/DSP_A_B_DATA_INST/A2_DATA[0]
                         net (fo=1, unplaced)         0.000     2.008    dense_array_ap_fixed_16u_array_ap_fixed_22_12_4_0_0_120u_config9_U0/grp_dense_resource_rf_leq_nin_ap_fixed_ap_fixed_22_12_4_0_0_config9_s_fu_1321/mul_22s_22s_44_1_1_U796/tmp_product/DSP_A_B_DATA.A2_DATA<0>
                         DSP_PREADD_DATA (Prop_DSP_PREADD_DATA_A2_DATA[0]_A2A1[0])
                                                      0.076     2.084 r  dense_array_ap_fixed_16u_array_ap_fixed_22_12_4_0_0_120u_config9_U0/grp_dense_resource_rf_leq_nin_ap_fixed_ap_fixed_22_12_4_0_0_config9_s_fu_1321/mul_22s_22s_44_1_1_U796/tmp_product/DSP_PREADD_DATA_INST/A2A1[0]
                         net (fo=1, unplaced)         0.000     2.084    dense_array_ap_fixed_16u_array_ap_fixed_22_12_4_0_0_120u_config9_U0/grp_dense_resource_rf_leq_nin_ap_fixed_ap_fixed_22_12_4_0_0_config9_s_fu_1321/mul_22s_22s_44_1_1_U796/tmp_product/DSP_PREADD_DATA.A2A1<0>
                         DSP_MULTIPLIER (Prop_DSP_MULTIPLIER_A2A1[0]_U[3])
                                                      0.505     2.589 f  dense_array_ap_fixed_16u_array_ap_fixed_22_12_4_0_0_120u_config9_U0/grp_dense_resource_rf_leq_nin_ap_fixed_ap_fixed_22_12_4_0_0_config9_s_fu_1321/mul_22s_22s_44_1_1_U796/tmp_product/DSP_MULTIPLIER_INST/U[3]
                         net (fo=1, unplaced)         0.000     2.589    dense_array_ap_fixed_16u_array_ap_fixed_22_12_4_0_0_120u_config9_U0/grp_dense_resource_rf_leq_nin_ap_fixed_ap_fixed_22_12_4_0_0_config9_s_fu_1321/mul_22s_22s_44_1_1_U796/tmp_product/DSP_MULTIPLIER.U<3>
                         DSP_M_DATA (Prop_DSP_M_DATA_U[3]_U_DATA[3])
                                                      0.047     2.636 r  dense_array_ap_fixed_16u_array_ap_fixed_22_12_4_0_0_120u_config9_U0/grp_dense_resource_rf_leq_nin_ap_fixed_ap_fixed_22_12_4_0_0_config9_s_fu_1321/mul_22s_22s_44_1_1_U796/tmp_product/DSP_M_DATA_INST/U_DATA[3]
                         net (fo=1, unplaced)         0.000     2.636    dense_array_ap_fixed_16u_array_ap_fixed_22_12_4_0_0_120u_config9_U0/grp_dense_resource_rf_leq_nin_ap_fixed_ap_fixed_22_12_4_0_0_config9_s_fu_1321/mul_22s_22s_44_1_1_U796/tmp_product/DSP_M_DATA.U_DATA<3>
                         DSP_ALU (Prop_DSP_ALU_U_DATA[3]_ALU_OUT[3])
                                                      0.585     3.221 f  dense_array_ap_fixed_16u_array_ap_fixed_22_12_4_0_0_120u_config9_U0/grp_dense_resource_rf_leq_nin_ap_fixed_ap_fixed_22_12_4_0_0_config9_s_fu_1321/mul_22s_22s_44_1_1_U796/tmp_product/DSP_ALU_INST/ALU_OUT[3]
                         net (fo=1, unplaced)         0.000     3.221    dense_array_ap_fixed_16u_array_ap_fixed_22_12_4_0_0_120u_config9_U0/grp_dense_resource_rf_leq_nin_ap_fixed_ap_fixed_22_12_4_0_0_config9_s_fu_1321/mul_22s_22s_44_1_1_U796/tmp_product/DSP_ALU.ALU_OUT<3>
                         DSP_OUTPUT (Prop_DSP_OUTPUT_ALU_OUT[3]_P[3])
                                                      0.109     3.330 r  dense_array_ap_fixed_16u_array_ap_fixed_22_12_4_0_0_120u_config9_U0/grp_dense_resource_rf_leq_nin_ap_fixed_ap_fixed_22_12_4_0_0_config9_s_fu_1321/mul_22s_22s_44_1_1_U796/tmp_product/DSP_OUTPUT_INST/P[3]
                         net (fo=1, unplaced)         0.222     3.552    dense_array_ap_fixed_16u_array_ap_fixed_22_12_4_0_0_120u_config9_U0/grp_dense_resource_rf_leq_nin_ap_fixed_ap_fixed_22_12_4_0_0_config9_s_fu_1321/mul_22s_22s_44_1_1_U796/mul_ln73_34_fu_11930_p2[3]
                         LUT6 (Prop_LUT6_I0_O)        0.150     3.702 r  dense_array_ap_fixed_16u_array_ap_fixed_22_12_4_0_0_120u_config9_U0/grp_dense_resource_rf_leq_nin_ap_fixed_ap_fixed_22_12_4_0_0_config9_s_fu_1321/mul_22s_22s_44_1_1_U796/add_ln58_68_reg_95641[7]_i_4/O
                         net (fo=1, unplaced)         0.186     3.888    dense_array_ap_fixed_16u_array_ap_fixed_22_12_4_0_0_120u_config9_U0/grp_dense_resource_rf_leq_nin_ap_fixed_ap_fixed_22_12_4_0_0_config9_s_fu_1321/mul_22s_22s_44_1_1_U796/add_ln58_68_reg_95641[7]_i_4_n_0
                         LUT4 (Prop_LUT4_I2_O)        0.038     3.926 r  dense_array_ap_fixed_16u_array_ap_fixed_22_12_4_0_0_120u_config9_U0/grp_dense_resource_rf_leq_nin_ap_fixed_ap_fixed_22_12_4_0_0_config9_s_fu_1321/mul_22s_22s_44_1_1_U796/add_ln58_68_reg_95641[7]_i_2/O
                         net (fo=1, unplaced)         0.020     3.946    dense_array_ap_fixed_16u_array_ap_fixed_22_12_4_0_0_120u_config9_U0/grp_dense_resource_rf_leq_nin_ap_fixed_ap_fixed_22_12_4_0_0_config9_s_fu_1321/mul_22s_22s_44_1_1_U796/add_ln58_68_reg_95641[7]_i_2_n_0
                         CARRY8 (Prop_CARRY8_S[0]_CO[7])
                                                      0.199     4.145 r  dense_array_ap_fixed_16u_array_ap_fixed_22_12_4_0_0_120u_config9_U0/grp_dense_resource_rf_leq_nin_ap_fixed_ap_fixed_22_12_4_0_0_config9_s_fu_1321/mul_22s_22s_44_1_1_U796/add_ln58_68_reg_95641_reg[7]_i_1/CO[7]
                         net (fo=1, unplaced)         0.005     4.150    dense_array_ap_fixed_16u_array_ap_fixed_22_12_4_0_0_120u_config9_U0/grp_dense_resource_rf_leq_nin_ap_fixed_ap_fixed_22_12_4_0_0_config9_s_fu_1321/mul_22s_22s_44_1_1_U796/add_ln58_68_reg_95641_reg[7]_i_1_n_0
                         CARRY8 (Prop_CARRY8_CI_CO[7])
                                                      0.022     4.172 r  dense_array_ap_fixed_16u_array_ap_fixed_22_12_4_0_0_120u_config9_U0/grp_dense_resource_rf_leq_nin_ap_fixed_ap_fixed_22_12_4_0_0_config9_s_fu_1321/mul_22s_22s_44_1_1_U796/add_ln58_68_reg_95641_reg[15]_i_1/CO[7]
                         net (fo=1, unplaced)         0.005     4.177    dense_array_ap_fixed_16u_array_ap_fixed_22_12_4_0_0_120u_config9_U0/grp_dense_resource_rf_leq_nin_ap_fixed_ap_fixed_22_12_4_0_0_config9_s_fu_1321/mul_22s_22s_44_1_1_U796/add_ln58_68_reg_95641_reg[15]_i_1_n_0
                         CARRY8 (Prop_CARRY8_CI_O[5])
                                                      0.116     4.293 r  dense_array_ap_fixed_16u_array_ap_fixed_22_12_4_0_0_120u_config9_U0/grp_dense_resource_rf_leq_nin_ap_fixed_ap_fixed_22_12_4_0_0_config9_s_fu_1321/mul_22s_22s_44_1_1_U796/add_ln58_68_reg_95641_reg[21]_i_1/O[5]
                         net (fo=3, unplaced)         0.147     4.440    dense_array_ap_fixed_16u_array_ap_fixed_22_12_4_0_0_120u_config9_U0/grp_dense_resource_rf_leq_nin_ap_fixed_ap_fixed_22_12_4_0_0_config9_s_fu_1321/mul_22s_22s_44_1_1_U796/D[21]
                         LUT6 (Prop_LUT6_I1_O)        0.053     4.493 f  dense_array_ap_fixed_16u_array_ap_fixed_22_12_4_0_0_120u_config9_U0/grp_dense_resource_rf_leq_nin_ap_fixed_ap_fixed_22_12_4_0_0_config9_s_fu_1321/mul_22s_22s_44_1_1_U796/and_ln58_276_reg_95646[0]_i_4/O
                         net (fo=1, unplaced)         0.186     4.679    dense_array_ap_fixed_16u_array_ap_fixed_22_12_4_0_0_120u_config9_U0/grp_dense_resource_rf_leq_nin_ap_fixed_ap_fixed_22_12_4_0_0_config9_s_fu_1321/mul_22s_22s_44_1_1_U796/and_ln58_276_reg_95646[0]_i_4_n_0
                         LUT5 (Prop_LUT5_I4_O)        0.038     4.717 r  dense_array_ap_fixed_16u_array_ap_fixed_22_12_4_0_0_120u_config9_U0/grp_dense_resource_rf_leq_nin_ap_fixed_ap_fixed_22_12_4_0_0_config9_s_fu_1321/mul_22s_22s_44_1_1_U796/and_ln58_276_reg_95646[0]_i_2/O
                         net (fo=2, unplaced)         0.186     4.903    dense_array_ap_fixed_16u_array_ap_fixed_22_12_4_0_0_120u_config9_U0/grp_dense_resource_rf_leq_nin_ap_fixed_ap_fixed_22_12_4_0_0_config9_s_fu_1321/mul_22s_22s_44_1_1_U796/and_ln58_276_reg_95646[0]_i_2_n_0
                         LUT3 (Prop_LUT3_I2_O)        0.070     4.973 r  dense_array_ap_fixed_16u_array_ap_fixed_22_12_4_0_0_120u_config9_U0/grp_dense_resource_rf_leq_nin_ap_fixed_ap_fixed_22_12_4_0_0_config9_s_fu_1321/mul_22s_22s_44_1_1_U796/or_ln58_104_reg_95651[0]_i_1/O
                         net (fo=1, unplaced)         0.048     5.021    dense_array_ap_fixed_16u_array_ap_fixed_22_12_4_0_0_120u_config9_U0/grp_dense_resource_rf_leq_nin_ap_fixed_ap_fixed_22_12_4_0_0_config9_s_fu_1321/or_ln58_104_fu_18459_p2
                         FDRE                                         r  dense_array_ap_fixed_16u_array_ap_fixed_22_12_4_0_0_120u_config9_U0/grp_dense_resource_rf_leq_nin_ap_fixed_ap_fixed_22_12_4_0_0_config9_s_fu_1321/or_ln58_104_reg_95651_reg[0]/D
  -------------------------------------------------------------------    -------------------

                         (clock ap_clk rise edge)    10.000    10.000 r  
                                                      0.000    10.000 r  ap_clk (IN)
                         net (fo=76463, unset)        0.021    10.021    dense_array_ap_fixed_16u_array_ap_fixed_22_12_4_0_0_120u_config9_U0/grp_dense_resource_rf_leq_nin_ap_fixed_ap_fixed_22_12_4_0_0_config9_s_fu_1321/ap_clk
                         FDRE                                         r  dense_array_ap_fixed_16u_array_ap_fixed_22_12_4_0_0_120u_config9_U0/grp_dense_resource_rf_leq_nin_ap_fixed_ap_fixed_22_12_4_0_0_config9_s_fu_1321/or_ln58_104_reg_95651_reg[0]/C
                         clock pessimism              0.000    10.021    
                         clock uncertainty           -0.035     9.986    
                         FDRE (Setup_FDRE_C_D)        0.025    10.011    dense_array_ap_fixed_16u_array_ap_fixed_22_12_4_0_0_120u_config9_U0/grp_dense_resource_rf_leq_nin_ap_fixed_ap_fixed_22_12_4_0_0_config9_s_fu_1321/or_ln58_104_reg_95651_reg[0]
  -------------------------------------------------------------------
                         required time                         10.011    
                         arrival time                          -5.021    
  -------------------------------------------------------------------
                         slack                                  4.990    

Slack (MET) :             4.990ns  (required time - arrival time)
  Source:                 dense_array_ap_fixed_16u_array_ap_fixed_22_12_4_0_0_120u_config9_U0/grp_dense_resource_rf_leq_nin_ap_fixed_ap_fixed_22_12_4_0_0_config9_s_fu_1321/do_init_reg_3495_reg[0]/C
                            (rising edge-triggered cell FDRE clocked by ap_clk  {rise@0.000ns fall@5.000ns period=10.000ns})
  Destination:            dense_array_ap_fixed_16u_array_ap_fixed_22_12_4_0_0_120u_config9_U0/grp_dense_resource_rf_leq_nin_ap_fixed_ap_fixed_22_12_4_0_0_config9_s_fu_1321/or_ln58_110_reg_95671_reg[0]/D
                            (rising edge-triggered cell FDRE clocked by ap_clk  {rise@0.000ns fall@5.000ns period=10.000ns})
  Path Group:             ap_clk
  Path Type:              Setup (Max at Slow Process Corner)
  Requirement:            10.000ns  (ap_clk rise@10.000ns - ap_clk rise@0.000ns)
  Data Path Delay:        4.991ns  (logic 2.611ns (52.319%)  route 2.380ns (47.681%))
  Logic Levels:           20  (CARRY8=3 DSP_A_B_DATA=1 DSP_ALU=1 DSP_M_DATA=1 DSP_MULTIPLIER=1 DSP_OUTPUT=1 DSP_PREADD_DATA=1 LUT3=1 LUT4=1 LUT5=1 LUT6=4 MUXF7=2 MUXF8=2)
  Clock Path Skew:        -0.009ns (DCD - SCD + CPR)
    Destination Clock Delay (DCD):    0.021ns = ( 10.021 - 10.000 ) 
    Source Clock Delay      (SCD):    0.030ns
    Clock Pessimism Removal (CPR):    0.000ns
  Clock Uncertainty:      0.035ns  ((TSJ^2 + TIJ^2)^1/2 + DJ) / 2 + PE
    Total System Jitter     (TSJ):    0.071ns
    Total Input Jitter      (TIJ):    0.000ns
    Discrete Jitter          (DJ):    0.000ns
    Phase Error              (PE):    0.000ns

    Location             Delay type                Incr(ns)  Path(ns)    Netlist Resource(s)
  -------------------------------------------------------------------    -------------------
                         (clock ap_clk rise edge)     0.000     0.000 r  
                                                      0.000     0.000 r  ap_clk (IN)
                         net (fo=76463, unset)        0.030     0.030    dense_array_ap_fixed_16u_array_ap_fixed_22_12_4_0_0_120u_config9_U0/grp_dense_resource_rf_leq_nin_ap_fixed_ap_fixed_22_12_4_0_0_config9_s_fu_1321/ap_clk
                         FDRE                                         r  dense_array_ap_fixed_16u_array_ap_fixed_22_12_4_0_0_120u_config9_U0/grp_dense_resource_rf_leq_nin_ap_fixed_ap_fixed_22_12_4_0_0_config9_s_fu_1321/do_init_reg_3495_reg[0]/C
  -------------------------------------------------------------------    -------------------
                         FDRE (Prop_FDRE_C_Q)         0.077     0.107 r  dense_array_ap_fixed_16u_array_ap_fixed_22_12_4_0_0_120u_config9_U0/grp_dense_resource_rf_leq_nin_ap_fixed_ap_fixed_22_12_4_0_0_config9_s_fu_1321/do_init_reg_3495_reg[0]/Q
                         net (fo=8449, unplaced)      0.323     0.430    dense_array_ap_fixed_16u_array_ap_fixed_22_12_4_0_0_120u_config9_U0/grp_dense_resource_rf_leq_nin_ap_fixed_ap_fixed_22_12_4_0_0_config9_s_fu_1321/mul_22s_22s_44_1_1_U781/do_init_reg_3495
                         LUT6 (Prop_LUT6_I5_O)        0.037     0.467 f  dense_array_ap_fixed_16u_array_ap_fixed_22_12_4_0_0_120u_config9_U0/grp_dense_resource_rf_leq_nin_ap_fixed_ap_fixed_22_12_4_0_0_config9_s_fu_1321/mul_22s_22s_44_1_1_U781/tmp_product_i_2555__0/O
                         net (fo=1, unplaced)         0.032     0.499    dense_array_ap_fixed_16u_array_ap_fixed_22_12_4_0_0_120u_config9_U0/grp_dense_resource_rf_leq_nin_ap_fixed_ap_fixed_22_12_4_0_0_config9_s_fu_1321/mul_22s_22s_44_1_1_U781/tmp_product_i_2555__0_n_0
                         MUXF7 (Prop_MUXF7_I0_O)      0.069     0.568 f  dense_array_ap_fixed_16u_array_ap_fixed_22_12_4_0_0_120u_config9_U0/grp_dense_resource_rf_leq_nin_ap_fixed_ap_fixed_22_12_4_0_0_config9_s_fu_1321/mul_22s_22s_44_1_1_U781/tmp_product_i_1179__0/O
                         net (fo=1, unplaced)         0.000     0.568    dense_array_ap_fixed_16u_array_ap_fixed_22_12_4_0_0_120u_config9_U0/grp_dense_resource_rf_leq_nin_ap_fixed_ap_fixed_22_12_4_0_0_config9_s_fu_1321/mul_22s_22s_44_1_1_U781/tmp_product_i_1179__0_n_0
                         MUXF8 (Prop_MUXF8_I0_O)      0.030     0.598 f  dense_array_ap_fixed_16u_array_ap_fixed_22_12_4_0_0_120u_config9_U0/grp_dense_resource_rf_leq_nin_ap_fixed_ap_fixed_22_12_4_0_0_config9_s_fu_1321/mul_22s_22s_44_1_1_U781/tmp_product_i_491__0/O
                         net (fo=1, unplaced)         0.186     0.784    dense_array_ap_fixed_16u_array_ap_fixed_22_12_4_0_0_120u_config9_U0/grp_dense_resource_rf_leq_nin_ap_fixed_ap_fixed_22_12_4_0_0_config9_s_fu_1321/mul_22s_22s_44_1_1_U781/tmp_product_i_491__0_n_0
                         LUT6 (Prop_LUT6_I0_O)        0.099     0.883 f  dense_array_ap_fixed_16u_array_ap_fixed_22_12_4_0_0_120u_config9_U0/grp_dense_resource_rf_leq_nin_ap_fixed_ap_fixed_22_12_4_0_0_config9_s_fu_1321/mul_22s_22s_44_1_1_U781/tmp_product_i_151__0/O
                         net (fo=1, unplaced)         0.032     0.915    dense_array_ap_fixed_16u_array_ap_fixed_22_12_4_0_0_120u_config9_U0/grp_dense_resource_rf_leq_nin_ap_fixed_ap_fixed_22_12_4_0_0_config9_s_fu_1321/mul_22s_22s_44_1_1_U781/tmp_product_i_151__0_n_0
                         MUXF7 (Prop_MUXF7_I0_O)      0.069     0.984 f  dense_array_ap_fixed_16u_array_ap_fixed_22_12_4_0_0_120u_config9_U0/grp_dense_resource_rf_leq_nin_ap_fixed_ap_fixed_22_12_4_0_0_config9_s_fu_1321/mul_22s_22s_44_1_1_U781/tmp_product_i_65__0/O
                         net (fo=1, unplaced)         0.000     0.984    dense_array_ap_fixed_16u_array_ap_fixed_22_12_4_0_0_120u_config9_U0/grp_dense_resource_rf_leq_nin_ap_fixed_ap_fixed_22_12_4_0_0_config9_s_fu_1321/mul_22s_22s_44_1_1_U781/tmp_product_i_65__0_n_0
                         MUXF8 (Prop_MUXF8_I0_O)      0.030     1.014 f  dense_array_ap_fixed_16u_array_ap_fixed_22_12_4_0_0_120u_config9_U0/grp_dense_resource_rf_leq_nin_ap_fixed_ap_fixed_22_12_4_0_0_config9_s_fu_1321/mul_22s_22s_44_1_1_U781/tmp_product_i_22__0/O
                         net (fo=1146, unplaced)      0.802     1.816    dense_array_ap_fixed_16u_array_ap_fixed_22_12_4_0_0_120u_config9_U0/grp_dense_resource_rf_leq_nin_ap_fixed_ap_fixed_22_12_4_0_0_config9_s_fu_1321/mul_22s_22s_44_1_1_U797/tmp_product/A[0]
                         DSP_A_B_DATA (Prop_DSP_A_B_DATA_A[0]_A2_DATA[0])
                                                      0.192     2.008 r  dense_array_ap_fixed_16u_array_ap_fixed_22_12_4_0_0_120u_config9_U0/grp_dense_resource_rf_leq_nin_ap_fixed_ap_fixed_22_12_4_0_0_config9_s_fu_1321/mul_22s_22s_44_1_1_U797/tmp_product/DSP_A_B_DATA_INST/A2_DATA[0]
                         net (fo=1, unplaced)         0.000     2.008    dense_array_ap_fixed_16u_array_ap_fixed_22_12_4_0_0_120u_config9_U0/grp_dense_resource_rf_leq_nin_ap_fixed_ap_fixed_22_12_4_0_0_config9_s_fu_1321/mul_22s_22s_44_1_1_U797/tmp_product/DSP_A_B_DATA.A2_DATA<0>
                         DSP_PREADD_DATA (Prop_DSP_PREADD_DATA_A2_DATA[0]_A2A1[0])
                                                      0.076     2.084 r  dense_array_ap_fixed_16u_array_ap_fixed_22_12_4_0_0_120u_config9_U0/grp_dense_resource_rf_leq_nin_ap_fixed_ap_fixed_22_12_4_0_0_config9_s_fu_1321/mul_22s_22s_44_1_1_U797/tmp_product/DSP_PREADD_DATA_INST/A2A1[0]
                         net (fo=1, unplaced)         0.000     2.084    dense_array_ap_fixed_16u_array_ap_fixed_22_12_4_0_0_120u_config9_U0/grp_dense_resource_rf_leq_nin_ap_fixed_ap_fixed_22_12_4_0_0_config9_s_fu_1321/mul_22s_22s_44_1_1_U797/tmp_product/DSP_PREADD_DATA.A2A1<0>
                         DSP_MULTIPLIER (Prop_DSP_MULTIPLIER_A2A1[0]_U[3])
                                                      0.505     2.589 f  dense_array_ap_fixed_16u_array_ap_fixed_22_12_4_0_0_120u_config9_U0/grp_dense_resource_rf_leq_nin_ap_fixed_ap_fixed_22_12_4_0_0_config9_s_fu_1321/mul_22s_22s_44_1_1_U797/tmp_product/DSP_MULTIPLIER_INST/U[3]
                         net (fo=1, unplaced)         0.000     2.589    dense_array_ap_fixed_16u_array_ap_fixed_22_12_4_0_0_120u_config9_U0/grp_dense_resource_rf_leq_nin_ap_fixed_ap_fixed_22_12_4_0_0_config9_s_fu_1321/mul_22s_22s_44_1_1_U797/tmp_product/DSP_MULTIPLIER.U<3>
                         DSP_M_DATA (Prop_DSP_M_DATA_U[3]_U_DATA[3])
                                                      0.047     2.636 r  dense_array_ap_fixed_16u_array_ap_fixed_22_12_4_0_0_120u_config9_U0/grp_dense_resource_rf_leq_nin_ap_fixed_ap_fixed_22_12_4_0_0_config9_s_fu_1321/mul_22s_22s_44_1_1_U797/tmp_product/DSP_M_DATA_INST/U_DATA[3]
                         net (fo=1, unplaced)         0.000     2.636    dense_array_ap_fixed_16u_array_ap_fixed_22_12_4_0_0_120u_config9_U0/grp_dense_resource_rf_leq_nin_ap_fixed_ap_fixed_22_12_4_0_0_config9_s_fu_1321/mul_22s_22s_44_1_1_U797/tmp_product/DSP_M_DATA.U_DATA<3>
                         DSP_ALU (Prop_DSP_ALU_U_DATA[3]_ALU_OUT[3])
                                                      0.585     3.221 f  dense_array_ap_fixed_16u_array_ap_fixed_22_12_4_0_0_120u_config9_U0/grp_dense_resource_rf_leq_nin_ap_fixed_ap_fixed_22_12_4_0_0_config9_s_fu_1321/mul_22s_22s_44_1_1_U797/tmp_product/DSP_ALU_INST/ALU_OUT[3]
                         net (fo=1, unplaced)         0.000     3.221    dense_array_ap_fixed_16u_array_ap_fixed_22_12_4_0_0_120u_config9_U0/grp_dense_resource_rf_leq_nin_ap_fixed_ap_fixed_22_12_4_0_0_config9_s_fu_1321/mul_22s_22s_44_1_1_U797/tmp_product/DSP_ALU.ALU_OUT<3>
                         DSP_OUTPUT (Prop_DSP_OUTPUT_ALU_OUT[3]_P[3])
                                                      0.109     3.330 r  dense_array_ap_fixed_16u_array_ap_fixed_22_12_4_0_0_120u_config9_U0/grp_dense_resource_rf_leq_nin_ap_fixed_ap_fixed_22_12_4_0_0_config9_s_fu_1321/mul_22s_22s_44_1_1_U797/tmp_product/DSP_OUTPUT_INST/P[3]
                         net (fo=1, unplaced)         0.222     3.552    dense_array_ap_fixed_16u_array_ap_fixed_22_12_4_0_0_120u_config9_U0/grp_dense_resource_rf_leq_nin_ap_fixed_ap_fixed_22_12_4_0_0_config9_s_fu_1321/mul_22s_22s_44_1_1_U797/mul_ln73_36_fu_11934_p2[3]
                         LUT6 (Prop_LUT6_I0_O)        0.150     3.702 r  dense_array_ap_fixed_16u_array_ap_fixed_22_12_4_0_0_120u_config9_U0/grp_dense_resource_rf_leq_nin_ap_fixed_ap_fixed_22_12_4_0_0_config9_s_fu_1321/mul_22s_22s_44_1_1_U797/add_ln58_72_reg_95661[7]_i_4/O
                         net (fo=1, unplaced)         0.186     3.888    dense_array_ap_fixed_16u_array_ap_fixed_22_12_4_0_0_120u_config9_U0/grp_dense_resource_rf_leq_nin_ap_fixed_ap_fixed_22_12_4_0_0_config9_s_fu_1321/mul_22s_22s_44_1_1_U797/add_ln58_72_reg_95661[7]_i_4_n_0
                         LUT4 (Prop_LUT4_I2_O)        0.038     3.926 r  dense_array_ap_fixed_16u_array_ap_fixed_22_12_4_0_0_120u_config9_U0/grp_dense_resource_rf_leq_nin_ap_fixed_ap_fixed_22_12_4_0_0_config9_s_fu_1321/mul_22s_22s_44_1_1_U797/add_ln58_72_reg_95661[7]_i_2/O
                         net (fo=1, unplaced)         0.020     3.946    dense_array_ap_fixed_16u_array_ap_fixed_22_12_4_0_0_120u_config9_U0/grp_dense_resource_rf_leq_nin_ap_fixed_ap_fixed_22_12_4_0_0_config9_s_fu_1321/mul_22s_22s_44_1_1_U797/add_ln58_72_reg_95661[7]_i_2_n_0
                         CARRY8 (Prop_CARRY8_S[0]_CO[7])
                                                      0.199     4.145 r  dense_array_ap_fixed_16u_array_ap_fixed_22_12_4_0_0_120u_config9_U0/grp_dense_resource_rf_leq_nin_ap_fixed_ap_fixed_22_12_4_0_0_config9_s_fu_1321/mul_22s_22s_44_1_1_U797/add_ln58_72_reg_95661_reg[7]_i_1/CO[7]
                         net (fo=1, unplaced)         0.005     4.150    dense_array_ap_fixed_16u_array_ap_fixed_22_12_4_0_0_120u_config9_U0/grp_dense_resource_rf_leq_nin_ap_fixed_ap_fixed_22_12_4_0_0_config9_s_fu_1321/mul_22s_22s_44_1_1_U797/add_ln58_72_reg_95661_reg[7]_i_1_n_0
                         CARRY8 (Prop_CARRY8_CI_CO[7])
                                                      0.022     4.172 r  dense_array_ap_fixed_16u_array_ap_fixed_22_12_4_0_0_120u_config9_U0/grp_dense_resource_rf_leq_nin_ap_fixed_ap_fixed_22_12_4_0_0_config9_s_fu_1321/mul_22s_22s_44_1_1_U797/add_ln58_72_reg_95661_reg[15]_i_1/CO[7]
                         net (fo=1, unplaced)         0.005     4.177    dense_array_ap_fixed_16u_array_ap_fixed_22_12_4_0_0_120u_config9_U0/grp_dense_resource_rf_leq_nin_ap_fixed_ap_fixed_22_12_4_0_0_config9_s_fu_1321/mul_22s_22s_44_1_1_U797/add_ln58_72_reg_95661_reg[15]_i_1_n_0
                         CARRY8 (Prop_CARRY8_CI_O[5])
                                                      0.116     4.293 r  dense_array_ap_fixed_16u_array_ap_fixed_22_12_4_0_0_120u_config9_U0/grp_dense_resource_rf_leq_nin_ap_fixed_ap_fixed_22_12_4_0_0_config9_s_fu_1321/mul_22s_22s_44_1_1_U797/add_ln58_72_reg_95661_reg[21]_i_1/O[5]
                         net (fo=3, unplaced)         0.147     4.440    dense_array_ap_fixed_16u_array_ap_fixed_22_12_4_0_0_120u_config9_U0/grp_dense_resource_rf_leq_nin_ap_fixed_ap_fixed_22_12_4_0_0_config9_s_fu_1321/mul_22s_22s_44_1_1_U797/D[21]
                         LUT6 (Prop_LUT6_I1_O)        0.053     4.493 f  dense_array_ap_fixed_16u_array_ap_fixed_22_12_4_0_0_120u_config9_U0/grp_dense_resource_rf_leq_nin_ap_fixed_ap_fixed_22_12_4_0_0_config9_s_fu_1321/mul_22s_22s_44_1_1_U797/and_ln58_292_reg_95666[0]_i_4/O
                         net (fo=1, unplaced)         0.186     4.679    dense_array_ap_fixed_16u_array_ap_fixed_22_12_4_0_0_120u_config9_U0/grp_dense_resource_rf_leq_nin_ap_fixed_ap_fixed_22_12_4_0_0_config9_s_fu_1321/mul_22s_22s_44_1_1_U797/and_ln58_292_reg_95666[0]_i_4_n_0
                         LUT5 (Prop_LUT5_I4_O)        0.038     4.717 r  dense_array_ap_fixed_16u_array_ap_fixed_22_12_4_0_0_120u_config9_U0/grp_dense_resource_rf_leq_nin_ap_fixed_ap_fixed_22_12_4_0_0_config9_s_fu_1321/mul_22s_22s_44_1_1_U797/and_ln58_292_reg_95666[0]_i_2/O
                         net (fo=2, unplaced)         0.186     4.903    dense_array_ap_fixed_16u_array_ap_fixed_22_12_4_0_0_120u_config9_U0/grp_dense_resource_rf_leq_nin_ap_fixed_ap_fixed_22_12_4_0_0_config9_s_fu_1321/mul_22s_22s_44_1_1_U797/and_ln58_292_reg_95666[0]_i_2_n_0
                         LUT3 (Prop_LUT3_I2_O)        0.070     4.973 r  dense_array_ap_fixed_16u_array_ap_fixed_22_12_4_0_0_120u_config9_U0/grp_dense_resource_rf_leq_nin_ap_fixed_ap_fixed_22_12_4_0_0_config9_s_fu_1321/mul_22s_22s_44_1_1_U797/or_ln58_110_reg_95671[0]_i_1/O
                         net (fo=1, unplaced)         0.048     5.021    dense_array_ap_fixed_16u_array_ap_fixed_22_12_4_0_0_120u_config9_U0/grp_dense_resource_rf_leq_nin_ap_fixed_ap_fixed_22_12_4_0_0_config9_s_fu_1321/or_ln58_110_fu_18708_p2
                         FDRE                                         r  dense_array_ap_fixed_16u_array_ap_fixed_22_12_4_0_0_120u_config9_U0/grp_dense_resource_rf_leq_nin_ap_fixed_ap_fixed_22_12_4_0_0_config9_s_fu_1321/or_ln58_110_reg_95671_reg[0]/D
  -------------------------------------------------------------------    -------------------

                         (clock ap_clk rise edge)    10.000    10.000 r  
                                                      0.000    10.000 r  ap_clk (IN)
                         net (fo=76463, unset)        0.021    10.021    dense_array_ap_fixed_16u_array_ap_fixed_22_12_4_0_0_120u_config9_U0/grp_dense_resource_rf_leq_nin_ap_fixed_ap_fixed_22_12_4_0_0_config9_s_fu_1321/ap_clk
                         FDRE                                         r  dense_array_ap_fixed_16u_array_ap_fixed_22_12_4_0_0_120u_config9_U0/grp_dense_resource_rf_leq_nin_ap_fixed_ap_fixed_22_12_4_0_0_config9_s_fu_1321/or_ln58_110_reg_95671_reg[0]/C
                         clock pessimism              0.000    10.021    
                         clock uncertainty           -0.035     9.986    
                         FDRE (Setup_FDRE_C_D)        0.025    10.011    dense_array_ap_fixed_16u_array_ap_fixed_22_12_4_0_0_120u_config9_U0/grp_dense_resource_rf_leq_nin_ap_fixed_ap_fixed_22_12_4_0_0_config9_s_fu_1321/or_ln58_110_reg_95671_reg[0]
  -------------------------------------------------------------------
                         required time                         10.011    
                         arrival time                          -5.021    
  -------------------------------------------------------------------
                         slack                                  4.990    

Slack (MET) :             4.990ns  (required time - arrival time)
  Source:                 dense_array_ap_fixed_16u_array_ap_fixed_22_12_4_0_0_120u_config9_U0/grp_dense_resource_rf_leq_nin_ap_fixed_ap_fixed_22_12_4_0_0_config9_s_fu_1321/do_init_reg_3495_reg[0]/C
                            (rising edge-triggered cell FDRE clocked by ap_clk  {rise@0.000ns fall@5.000ns period=10.000ns})
  Destination:            dense_array_ap_fixed_16u_array_ap_fixed_22_12_4_0_0_120u_config9_U0/grp_dense_resource_rf_leq_nin_ap_fixed_ap_fixed_22_12_4_0_0_config9_s_fu_1321/or_ln58_116_reg_95691_reg[0]/D
                            (rising edge-triggered cell FDRE clocked by ap_clk  {rise@0.000ns fall@5.000ns period=10.000ns})
  Path Group:             ap_clk
  Path Type:              Setup (Max at Slow Process Corner)
  Requirement:            10.000ns  (ap_clk rise@10.000ns - ap_clk rise@0.000ns)
  Data Path Delay:        4.991ns  (logic 2.611ns (52.319%)  route 2.380ns (47.681%))
  Logic Levels:           20  (CARRY8=3 DSP_A_B_DATA=1 DSP_ALU=1 DSP_M_DATA=1 DSP_MULTIPLIER=1 DSP_OUTPUT=1 DSP_PREADD_DATA=1 LUT3=1 LUT4=1 LUT5=1 LUT6=4 MUXF7=2 MUXF8=2)
  Clock Path Skew:        -0.009ns (DCD - SCD + CPR)
    Destination Clock Delay (DCD):    0.021ns = ( 10.021 - 10.000 ) 
    Source Clock Delay      (SCD):    0.030ns
    Clock Pessimism Removal (CPR):    0.000ns
  Clock Uncertainty:      0.035ns  ((TSJ^2 + TIJ^2)^1/2 + DJ) / 2 + PE
    Total System Jitter     (TSJ):    0.071ns
    Total Input Jitter      (TIJ):    0.000ns
    Discrete Jitter          (DJ):    0.000ns
    Phase Error              (PE):    0.000ns

    Location             Delay type                Incr(ns)  Path(ns)    Netlist Resource(s)
  -------------------------------------------------------------------    -------------------
                         (clock ap_clk rise edge)     0.000     0.000 r  
                                                      0.000     0.000 r  ap_clk (IN)
                         net (fo=76463, unset)        0.030     0.030    dense_array_ap_fixed_16u_array_ap_fixed_22_12_4_0_0_120u_config9_U0/grp_dense_resource_rf_leq_nin_ap_fixed_ap_fixed_22_12_4_0_0_config9_s_fu_1321/ap_clk
                         FDRE                                         r  dense_array_ap_fixed_16u_array_ap_fixed_22_12_4_0_0_120u_config9_U0/grp_dense_resource_rf_leq_nin_ap_fixed_ap_fixed_22_12_4_0_0_config9_s_fu_1321/do_init_reg_3495_reg[0]/C
  -------------------------------------------------------------------    -------------------
                         FDRE (Prop_FDRE_C_Q)         0.077     0.107 r  dense_array_ap_fixed_16u_array_ap_fixed_22_12_4_0_0_120u_config9_U0/grp_dense_resource_rf_leq_nin_ap_fixed_ap_fixed_22_12_4_0_0_config9_s_fu_1321/do_init_reg_3495_reg[0]/Q
                         net (fo=8449, unplaced)      0.323     0.430    dense_array_ap_fixed_16u_array_ap_fixed_22_12_4_0_0_120u_config9_U0/grp_dense_resource_rf_leq_nin_ap_fixed_ap_fixed_22_12_4_0_0_config9_s_fu_1321/mul_22s_22s_44_1_1_U781/do_init_reg_3495
                         LUT6 (Prop_LUT6_I5_O)        0.037     0.467 f  dense_array_ap_fixed_16u_array_ap_fixed_22_12_4_0_0_120u_config9_U0/grp_dense_resource_rf_leq_nin_ap_fixed_ap_fixed_22_12_4_0_0_config9_s_fu_1321/mul_22s_22s_44_1_1_U781/tmp_product_i_2555__0/O
                         net (fo=1, unplaced)         0.032     0.499    dense_array_ap_fixed_16u_array_ap_fixed_22_12_4_0_0_120u_config9_U0/grp_dense_resource_rf_leq_nin_ap_fixed_ap_fixed_22_12_4_0_0_config9_s_fu_1321/mul_22s_22s_44_1_1_U781/tmp_product_i_2555__0_n_0
                         MUXF7 (Prop_MUXF7_I0_O)      0.069     0.568 f  dense_array_ap_fixed_16u_array_ap_fixed_22_12_4_0_0_120u_config9_U0/grp_dense_resource_rf_leq_nin_ap_fixed_ap_fixed_22_12_4_0_0_config9_s_fu_1321/mul_22s_22s_44_1_1_U781/tmp_product_i_1179__0/O
                         net (fo=1, unplaced)         0.000     0.568    dense_array_ap_fixed_16u_array_ap_fixed_22_12_4_0_0_120u_config9_U0/grp_dense_resource_rf_leq_nin_ap_fixed_ap_fixed_22_12_4_0_0_config9_s_fu_1321/mul_22s_22s_44_1_1_U781/tmp_product_i_1179__0_n_0
                         MUXF8 (Prop_MUXF8_I0_O)      0.030     0.598 f  dense_array_ap_fixed_16u_array_ap_fixed_22_12_4_0_0_120u_config9_U0/grp_dense_resource_rf_leq_nin_ap_fixed_ap_fixed_22_12_4_0_0_config9_s_fu_1321/mul_22s_22s_44_1_1_U781/tmp_product_i_491__0/O
                         net (fo=1, unplaced)         0.186     0.784    dense_array_ap_fixed_16u_array_ap_fixed_22_12_4_0_0_120u_config9_U0/grp_dense_resource_rf_leq_nin_ap_fixed_ap_fixed_22_12_4_0_0_config9_s_fu_1321/mul_22s_22s_44_1_1_U781/tmp_product_i_491__0_n_0
                         LUT6 (Prop_LUT6_I0_O)        0.099     0.883 f  dense_array_ap_fixed_16u_array_ap_fixed_22_12_4_0_0_120u_config9_U0/grp_dense_resource_rf_leq_nin_ap_fixed_ap_fixed_22_12_4_0_0_config9_s_fu_1321/mul_22s_22s_44_1_1_U781/tmp_product_i_151__0/O
                         net (fo=1, unplaced)         0.032     0.915    dense_array_ap_fixed_16u_array_ap_fixed_22_12_4_0_0_120u_config9_U0/grp_dense_resource_rf_leq_nin_ap_fixed_ap_fixed_22_12_4_0_0_config9_s_fu_1321/mul_22s_22s_44_1_1_U781/tmp_product_i_151__0_n_0
                         MUXF7 (Prop_MUXF7_I0_O)      0.069     0.984 f  dense_array_ap_fixed_16u_array_ap_fixed_22_12_4_0_0_120u_config9_U0/grp_dense_resource_rf_leq_nin_ap_fixed_ap_fixed_22_12_4_0_0_config9_s_fu_1321/mul_22s_22s_44_1_1_U781/tmp_product_i_65__0/O
                         net (fo=1, unplaced)         0.000     0.984    dense_array_ap_fixed_16u_array_ap_fixed_22_12_4_0_0_120u_config9_U0/grp_dense_resource_rf_leq_nin_ap_fixed_ap_fixed_22_12_4_0_0_config9_s_fu_1321/mul_22s_22s_44_1_1_U781/tmp_product_i_65__0_n_0
                         MUXF8 (Prop_MUXF8_I0_O)      0.030     1.014 f  dense_array_ap_fixed_16u_array_ap_fixed_22_12_4_0_0_120u_config9_U0/grp_dense_resource_rf_leq_nin_ap_fixed_ap_fixed_22_12_4_0_0_config9_s_fu_1321/mul_22s_22s_44_1_1_U781/tmp_product_i_22__0/O
                         net (fo=1146, unplaced)      0.802     1.816    dense_array_ap_fixed_16u_array_ap_fixed_22_12_4_0_0_120u_config9_U0/grp_dense_resource_rf_leq_nin_ap_fixed_ap_fixed_22_12_4_0_0_config9_s_fu_1321/mul_22s_22s_44_1_1_U798/tmp_product/A[0]
                         DSP_A_B_DATA (Prop_DSP_A_B_DATA_A[0]_A2_DATA[0])
                                                      0.192     2.008 r  dense_array_ap_fixed_16u_array_ap_fixed_22_12_4_0_0_120u_config9_U0/grp_dense_resource_rf_leq_nin_ap_fixed_ap_fixed_22_12_4_0_0_config9_s_fu_1321/mul_22s_22s_44_1_1_U798/tmp_product/DSP_A_B_DATA_INST/A2_DATA[0]
                         net (fo=1, unplaced)         0.000     2.008    dense_array_ap_fixed_16u_array_ap_fixed_22_12_4_0_0_120u_config9_U0/grp_dense_resource_rf_leq_nin_ap_fixed_ap_fixed_22_12_4_0_0_config9_s_fu_1321/mul_22s_22s_44_1_1_U798/tmp_product/DSP_A_B_DATA.A2_DATA<0>
                         DSP_PREADD_DATA (Prop_DSP_PREADD_DATA_A2_DATA[0]_A2A1[0])
                                                      0.076     2.084 r  dense_array_ap_fixed_16u_array_ap_fixed_22_12_4_0_0_120u_config9_U0/grp_dense_resource_rf_leq_nin_ap_fixed_ap_fixed_22_12_4_0_0_config9_s_fu_1321/mul_22s_22s_44_1_1_U798/tmp_product/DSP_PREADD_DATA_INST/A2A1[0]
                         net (fo=1, unplaced)         0.000     2.084    dense_array_ap_fixed_16u_array_ap_fixed_22_12_4_0_0_120u_config9_U0/grp_dense_resource_rf_leq_nin_ap_fixed_ap_fixed_22_12_4_0_0_config9_s_fu_1321/mul_22s_22s_44_1_1_U798/tmp_product/DSP_PREADD_DATA.A2A1<0>
                         DSP_MULTIPLIER (Prop_DSP_MULTIPLIER_A2A1[0]_U[3])
                                                      0.505     2.589 f  dense_array_ap_fixed_16u_array_ap_fixed_22_12_4_0_0_120u_config9_U0/grp_dense_resource_rf_leq_nin_ap_fixed_ap_fixed_22_12_4_0_0_config9_s_fu_1321/mul_22s_22s_44_1_1_U798/tmp_product/DSP_MULTIPLIER_INST/U[3]
                         net (fo=1, unplaced)         0.000     2.589    dense_array_ap_fixed_16u_array_ap_fixed_22_12_4_0_0_120u_config9_U0/grp_dense_resource_rf_leq_nin_ap_fixed_ap_fixed_22_12_4_0_0_config9_s_fu_1321/mul_22s_22s_44_1_1_U798/tmp_product/DSP_MULTIPLIER.U<3>
                         DSP_M_DATA (Prop_DSP_M_DATA_U[3]_U_DATA[3])
                                                      0.047     2.636 r  dense_array_ap_fixed_16u_array_ap_fixed_22_12_4_0_0_120u_config9_U0/grp_dense_resource_rf_leq_nin_ap_fixed_ap_fixed_22_12_4_0_0_config9_s_fu_1321/mul_22s_22s_44_1_1_U798/tmp_product/DSP_M_DATA_INST/U_DATA[3]
                         net (fo=1, unplaced)         0.000     2.636    dense_array_ap_fixed_16u_array_ap_fixed_22_12_4_0_0_120u_config9_U0/grp_dense_resource_rf_leq_nin_ap_fixed_ap_fixed_22_12_4_0_0_config9_s_fu_1321/mul_22s_22s_44_1_1_U798/tmp_product/DSP_M_DATA.U_DATA<3>
                         DSP_ALU (Prop_DSP_ALU_U_DATA[3]_ALU_OUT[3])
                                                      0.585     3.221 f  dense_array_ap_fixed_16u_array_ap_fixed_22_12_4_0_0_120u_config9_U0/grp_dense_resource_rf_leq_nin_ap_fixed_ap_fixed_22_12_4_0_0_config9_s_fu_1321/mul_22s_22s_44_1_1_U798/tmp_product/DSP_ALU_INST/ALU_OUT[3]
                         net (fo=1, unplaced)         0.000     3.221    dense_array_ap_fixed_16u_array_ap_fixed_22_12_4_0_0_120u_config9_U0/grp_dense_resource_rf_leq_nin_ap_fixed_ap_fixed_22_12_4_0_0_config9_s_fu_1321/mul_22s_22s_44_1_1_U798/tmp_product/DSP_ALU.ALU_OUT<3>
                         DSP_OUTPUT (Prop_DSP_OUTPUT_ALU_OUT[3]_P[3])
                                                      0.109     3.330 r  dense_array_ap_fixed_16u_array_ap_fixed_22_12_4_0_0_120u_config9_U0/grp_dense_resource_rf_leq_nin_ap_fixed_ap_fixed_22_12_4_0_0_config9_s_fu_1321/mul_22s_22s_44_1_1_U798/tmp_product/DSP_OUTPUT_INST/P[3]
                         net (fo=1, unplaced)         0.222     3.552    dense_array_ap_fixed_16u_array_ap_fixed_22_12_4_0_0_120u_config9_U0/grp_dense_resource_rf_leq_nin_ap_fixed_ap_fixed_22_12_4_0_0_config9_s_fu_1321/mul_22s_22s_44_1_1_U798/mul_ln73_38_fu_11938_p2[3]
                         LUT6 (Prop_LUT6_I0_O)        0.150     3.702 r  dense_array_ap_fixed_16u_array_ap_fixed_22_12_4_0_0_120u_config9_U0/grp_dense_resource_rf_leq_nin_ap_fixed_ap_fixed_22_12_4_0_0_config9_s_fu_1321/mul_22s_22s_44_1_1_U798/add_ln58_76_reg_95681[7]_i_4/O
                         net (fo=1, unplaced)         0.186     3.888    dense_array_ap_fixed_16u_array_ap_fixed_22_12_4_0_0_120u_config9_U0/grp_dense_resource_rf_leq_nin_ap_fixed_ap_fixed_22_12_4_0_0_config9_s_fu_1321/mul_22s_22s_44_1_1_U798/add_ln58_76_reg_95681[7]_i_4_n_0
                         LUT4 (Prop_LUT4_I2_O)        0.038     3.926 r  dense_array_ap_fixed_16u_array_ap_fixed_22_12_4_0_0_120u_config9_U0/grp_dense_resource_rf_leq_nin_ap_fixed_ap_fixed_22_12_4_0_0_config9_s_fu_1321/mul_22s_22s_44_1_1_U798/add_ln58_76_reg_95681[7]_i_2/O
                         net (fo=1, unplaced)         0.020     3.946    dense_array_ap_fixed_16u_array_ap_fixed_22_12_4_0_0_120u_config9_U0/grp_dense_resource_rf_leq_nin_ap_fixed_ap_fixed_22_12_4_0_0_config9_s_fu_1321/mul_22s_22s_44_1_1_U798/add_ln58_76_reg_95681[7]_i_2_n_0
                         CARRY8 (Prop_CARRY8_S[0]_CO[7])
                                                      0.199     4.145 r  dense_array_ap_fixed_16u_array_ap_fixed_22_12_4_0_0_120u_config9_U0/grp_dense_resource_rf_leq_nin_ap_fixed_ap_fixed_22_12_4_0_0_config9_s_fu_1321/mul_22s_22s_44_1_1_U798/add_ln58_76_reg_95681_reg[7]_i_1/CO[7]
                         net (fo=1, unplaced)         0.005     4.150    dense_array_ap_fixed_16u_array_ap_fixed_22_12_4_0_0_120u_config9_U0/grp_dense_resource_rf_leq_nin_ap_fixed_ap_fixed_22_12_4_0_0_config9_s_fu_1321/mul_22s_22s_44_1_1_U798/add_ln58_76_reg_95681_reg[7]_i_1_n_0
                         CARRY8 (Prop_CARRY8_CI_CO[7])
                                                      0.022     4.172 r  dense_array_ap_fixed_16u_array_ap_fixed_22_12_4_0_0_120u_config9_U0/grp_dense_resource_rf_leq_nin_ap_fixed_ap_fixed_22_12_4_0_0_config9_s_fu_1321/mul_22s_22s_44_1_1_U798/add_ln58_76_reg_95681_reg[15]_i_1/CO[7]
                         net (fo=1, unplaced)         0.005     4.177    dense_array_ap_fixed_16u_array_ap_fixed_22_12_4_0_0_120u_config9_U0/grp_dense_resource_rf_leq_nin_ap_fixed_ap_fixed_22_12_4_0_0_config9_s_fu_1321/mul_22s_22s_44_1_1_U798/add_ln58_76_reg_95681_reg[15]_i_1_n_0
                         CARRY8 (Prop_CARRY8_CI_O[5])
                                                      0.116     4.293 r  dense_array_ap_fixed_16u_array_ap_fixed_22_12_4_0_0_120u_config9_U0/grp_dense_resource_rf_leq_nin_ap_fixed_ap_fixed_22_12_4_0_0_config9_s_fu_1321/mul_22s_22s_44_1_1_U798/add_ln58_76_reg_95681_reg[21]_i_1/O[5]
                         net (fo=3, unplaced)         0.147     4.440    dense_array_ap_fixed_16u_array_ap_fixed_22_12_4_0_0_120u_config9_U0/grp_dense_resource_rf_leq_nin_ap_fixed_ap_fixed_22_12_4_0_0_config9_s_fu_1321/mul_22s_22s_44_1_1_U798/D[21]
                         LUT6 (Prop_LUT6_I1_O)        0.053     4.493 f  dense_array_ap_fixed_16u_array_ap_fixed_22_12_4_0_0_120u_config9_U0/grp_dense_resource_rf_leq_nin_ap_fixed_ap_fixed_22_12_4_0_0_config9_s_fu_1321/mul_22s_22s_44_1_1_U798/and_ln58_308_reg_95686[0]_i_4/O
                         net (fo=1, unplaced)         0.186     4.679    dense_array_ap_fixed_16u_array_ap_fixed_22_12_4_0_0_120u_config9_U0/grp_dense_resource_rf_leq_nin_ap_fixed_ap_fixed_22_12_4_0_0_config9_s_fu_1321/mul_22s_22s_44_1_1_U798/and_ln58_308_reg_95686[0]_i_4_n_0
                         LUT5 (Prop_LUT5_I4_O)        0.038     4.717 r  dense_array_ap_fixed_16u_array_ap_fixed_22_12_4_0_0_120u_config9_U0/grp_dense_resource_rf_leq_nin_ap_fixed_ap_fixed_22_12_4_0_0_config9_s_fu_1321/mul_22s_22s_44_1_1_U798/and_ln58_308_reg_95686[0]_i_2/O
                         net (fo=2, unplaced)         0.186     4.903    dense_array_ap_fixed_16u_array_ap_fixed_22_12_4_0_0_120u_config9_U0/grp_dense_resource_rf_leq_nin_ap_fixed_ap_fixed_22_12_4_0_0_config9_s_fu_1321/mul_22s_22s_44_1_1_U798/and_ln58_308_reg_95686[0]_i_2_n_0
                         LUT3 (Prop_LUT3_I2_O)        0.070     4.973 r  dense_array_ap_fixed_16u_array_ap_fixed_22_12_4_0_0_120u_config9_U0/grp_dense_resource_rf_leq_nin_ap_fixed_ap_fixed_22_12_4_0_0_config9_s_fu_1321/mul_22s_22s_44_1_1_U798/or_ln58_116_reg_95691[0]_i_1/O
                         net (fo=1, unplaced)         0.048     5.021    dense_array_ap_fixed_16u_array_ap_fixed_22_12_4_0_0_120u_config9_U0/grp_dense_resource_rf_leq_nin_ap_fixed_ap_fixed_22_12_4_0_0_config9_s_fu_1321/or_ln58_116_fu_18957_p2
                         FDRE                                         r  dense_array_ap_fixed_16u_array_ap_fixed_22_12_4_0_0_120u_config9_U0/grp_dense_resource_rf_leq_nin_ap_fixed_ap_fixed_22_12_4_0_0_config9_s_fu_1321/or_ln58_116_reg_95691_reg[0]/D
  -------------------------------------------------------------------    -------------------

                         (clock ap_clk rise edge)    10.000    10.000 r  
                                                      0.000    10.000 r  ap_clk (IN)
                         net (fo=76463, unset)        0.021    10.021    dense_array_ap_fixed_16u_array_ap_fixed_22_12_4_0_0_120u_config9_U0/grp_dense_resource_rf_leq_nin_ap_fixed_ap_fixed_22_12_4_0_0_config9_s_fu_1321/ap_clk
                         FDRE                                         r  dense_array_ap_fixed_16u_array_ap_fixed_22_12_4_0_0_120u_config9_U0/grp_dense_resource_rf_leq_nin_ap_fixed_ap_fixed_22_12_4_0_0_config9_s_fu_1321/or_ln58_116_reg_95691_reg[0]/C
                         clock pessimism              0.000    10.021    
                         clock uncertainty           -0.035     9.986    
                         FDRE (Setup_FDRE_C_D)        0.025    10.011    dense_array_ap_fixed_16u_array_ap_fixed_22_12_4_0_0_120u_config9_U0/grp_dense_resource_rf_leq_nin_ap_fixed_ap_fixed_22_12_4_0_0_config9_s_fu_1321/or_ln58_116_reg_95691_reg[0]
  -------------------------------------------------------------------
                         required time                         10.011    
                         arrival time                          -5.021    
  -------------------------------------------------------------------
                         slack                                  4.990    

Slack (MET) :             4.990ns  (required time - arrival time)
  Source:                 dense_array_ap_fixed_16u_array_ap_fixed_22_12_4_0_0_120u_config9_U0/grp_dense_resource_rf_leq_nin_ap_fixed_ap_fixed_22_12_4_0_0_config9_s_fu_1321/do_init_reg_3495_reg[0]/C
                            (rising edge-triggered cell FDRE clocked by ap_clk  {rise@0.000ns fall@5.000ns period=10.000ns})
  Destination:            dense_array_ap_fixed_16u_array_ap_fixed_22_12_4_0_0_120u_config9_U0/grp_dense_resource_rf_leq_nin_ap_fixed_ap_fixed_22_12_4_0_0_config9_s_fu_1321/or_ln58_122_reg_95711_reg[0]/D
                            (rising edge-triggered cell FDRE clocked by ap_clk  {rise@0.000ns fall@5.000ns period=10.000ns})
  Path Group:             ap_clk
  Path Type:              Setup (Max at Slow Process Corner)
  Requirement:            10.000ns  (ap_clk rise@10.000ns - ap_clk rise@0.000ns)
  Data Path Delay:        4.991ns  (logic 2.611ns (52.319%)  route 2.380ns (47.681%))
  Logic Levels:           20  (CARRY8=3 DSP_A_B_DATA=1 DSP_ALU=1 DSP_M_DATA=1 DSP_MULTIPLIER=1 DSP_OUTPUT=1 DSP_PREADD_DATA=1 LUT3=1 LUT4=1 LUT5=1 LUT6=4 MUXF7=2 MUXF8=2)
  Clock Path Skew:        -0.009ns (DCD - SCD + CPR)
    Destination Clock Delay (DCD):    0.021ns = ( 10.021 - 10.000 ) 
    Source Clock Delay      (SCD):    0.030ns
    Clock Pessimism Removal (CPR):    0.000ns
  Clock Uncertainty:      0.035ns  ((TSJ^2 + TIJ^2)^1/2 + DJ) / 2 + PE
    Total System Jitter     (TSJ):    0.071ns
    Total Input Jitter      (TIJ):    0.000ns
    Discrete Jitter          (DJ):    0.000ns
    Phase Error              (PE):    0.000ns

    Location             Delay type                Incr(ns)  Path(ns)    Netlist Resource(s)
  -------------------------------------------------------------------    -------------------
                         (clock ap_clk rise edge)     0.000     0.000 r  
                                                      0.000     0.000 r  ap_clk (IN)
                         net (fo=76463, unset)        0.030     0.030    dense_array_ap_fixed_16u_array_ap_fixed_22_12_4_0_0_120u_config9_U0/grp_dense_resource_rf_leq_nin_ap_fixed_ap_fixed_22_12_4_0_0_config9_s_fu_1321/ap_clk
                         FDRE                                         r  dense_array_ap_fixed_16u_array_ap_fixed_22_12_4_0_0_120u_config9_U0/grp_dense_resource_rf_leq_nin_ap_fixed_ap_fixed_22_12_4_0_0_config9_s_fu_1321/do_init_reg_3495_reg[0]/C
  -------------------------------------------------------------------    -------------------
                         FDRE (Prop_FDRE_C_Q)         0.077     0.107 r  dense_array_ap_fixed_16u_array_ap_fixed_22_12_4_0_0_120u_config9_U0/grp_dense_resource_rf_leq_nin_ap_fixed_ap_fixed_22_12_4_0_0_config9_s_fu_1321/do_init_reg_3495_reg[0]/Q
                         net (fo=8449, unplaced)      0.323     0.430    dense_array_ap_fixed_16u_array_ap_fixed_22_12_4_0_0_120u_config9_U0/grp_dense_resource_rf_leq_nin_ap_fixed_ap_fixed_22_12_4_0_0_config9_s_fu_1321/mul_22s_22s_44_1_1_U781/do_init_reg_3495
                         LUT6 (Prop_LUT6_I5_O)        0.037     0.467 f  dense_array_ap_fixed_16u_array_ap_fixed_22_12_4_0_0_120u_config9_U0/grp_dense_resource_rf_leq_nin_ap_fixed_ap_fixed_22_12_4_0_0_config9_s_fu_1321/mul_22s_22s_44_1_1_U781/tmp_product_i_2555__0/O
                         net (fo=1, unplaced)         0.032     0.499    dense_array_ap_fixed_16u_array_ap_fixed_22_12_4_0_0_120u_config9_U0/grp_dense_resource_rf_leq_nin_ap_fixed_ap_fixed_22_12_4_0_0_config9_s_fu_1321/mul_22s_22s_44_1_1_U781/tmp_product_i_2555__0_n_0
                         MUXF7 (Prop_MUXF7_I0_O)      0.069     0.568 f  dense_array_ap_fixed_16u_array_ap_fixed_22_12_4_0_0_120u_config9_U0/grp_dense_resource_rf_leq_nin_ap_fixed_ap_fixed_22_12_4_0_0_config9_s_fu_1321/mul_22s_22s_44_1_1_U781/tmp_product_i_1179__0/O
                         net (fo=1, unplaced)         0.000     0.568    dense_array_ap_fixed_16u_array_ap_fixed_22_12_4_0_0_120u_config9_U0/grp_dense_resource_rf_leq_nin_ap_fixed_ap_fixed_22_12_4_0_0_config9_s_fu_1321/mul_22s_22s_44_1_1_U781/tmp_product_i_1179__0_n_0
                         MUXF8 (Prop_MUXF8_I0_O)      0.030     0.598 f  dense_array_ap_fixed_16u_array_ap_fixed_22_12_4_0_0_120u_config9_U0/grp_dense_resource_rf_leq_nin_ap_fixed_ap_fixed_22_12_4_0_0_config9_s_fu_1321/mul_22s_22s_44_1_1_U781/tmp_product_i_491__0/O
                         net (fo=1, unplaced)         0.186     0.784    dense_array_ap_fixed_16u_array_ap_fixed_22_12_4_0_0_120u_config9_U0/grp_dense_resource_rf_leq_nin_ap_fixed_ap_fixed_22_12_4_0_0_config9_s_fu_1321/mul_22s_22s_44_1_1_U781/tmp_product_i_491__0_n_0
                         LUT6 (Prop_LUT6_I0_O)        0.099     0.883 f  dense_array_ap_fixed_16u_array_ap_fixed_22_12_4_0_0_120u_config9_U0/grp_dense_resource_rf_leq_nin_ap_fixed_ap_fixed_22_12_4_0_0_config9_s_fu_1321/mul_22s_22s_44_1_1_U781/tmp_product_i_151__0/O
                         net (fo=1, unplaced)         0.032     0.915    dense_array_ap_fixed_16u_array_ap_fixed_22_12_4_0_0_120u_config9_U0/grp_dense_resource_rf_leq_nin_ap_fixed_ap_fixed_22_12_4_0_0_config9_s_fu_1321/mul_22s_22s_44_1_1_U781/tmp_product_i_151__0_n_0
                         MUXF7 (Prop_MUXF7_I0_O)      0.069     0.984 f  dense_array_ap_fixed_16u_array_ap_fixed_22_12_4_0_0_120u_config9_U0/grp_dense_resource_rf_leq_nin_ap_fixed_ap_fixed_22_12_4_0_0_config9_s_fu_1321/mul_22s_22s_44_1_1_U781/tmp_product_i_65__0/O
                         net (fo=1, unplaced)         0.000     0.984    dense_array_ap_fixed_16u_array_ap_fixed_22_12_4_0_0_120u_config9_U0/grp_dense_resource_rf_leq_nin_ap_fixed_ap_fixed_22_12_4_0_0_config9_s_fu_1321/mul_22s_22s_44_1_1_U781/tmp_product_i_65__0_n_0
                         MUXF8 (Prop_MUXF8_I0_O)      0.030     1.014 f  dense_array_ap_fixed_16u_array_ap_fixed_22_12_4_0_0_120u_config9_U0/grp_dense_resource_rf_leq_nin_ap_fixed_ap_fixed_22_12_4_0_0_config9_s_fu_1321/mul_22s_22s_44_1_1_U781/tmp_product_i_22__0/O
                         net (fo=1146, unplaced)      0.802     1.816    dense_array_ap_fixed_16u_array_ap_fixed_22_12_4_0_0_120u_config9_U0/grp_dense_resource_rf_leq_nin_ap_fixed_ap_fixed_22_12_4_0_0_config9_s_fu_1321/mul_22s_22s_44_1_1_U799/tmp_product/A[0]
                         DSP_A_B_DATA (Prop_DSP_A_B_DATA_A[0]_A2_DATA[0])
                                                      0.192     2.008 r  dense_array_ap_fixed_16u_array_ap_fixed_22_12_4_0_0_120u_config9_U0/grp_dense_resource_rf_leq_nin_ap_fixed_ap_fixed_22_12_4_0_0_config9_s_fu_1321/mul_22s_22s_44_1_1_U799/tmp_product/DSP_A_B_DATA_INST/A2_DATA[0]
                         net (fo=1, unplaced)         0.000     2.008    dense_array_ap_fixed_16u_array_ap_fixed_22_12_4_0_0_120u_config9_U0/grp_dense_resource_rf_leq_nin_ap_fixed_ap_fixed_22_12_4_0_0_config9_s_fu_1321/mul_22s_22s_44_1_1_U799/tmp_product/DSP_A_B_DATA.A2_DATA<0>
                         DSP_PREADD_DATA (Prop_DSP_PREADD_DATA_A2_DATA[0]_A2A1[0])
                                                      0.076     2.084 r  dense_array_ap_fixed_16u_array_ap_fixed_22_12_4_0_0_120u_config9_U0/grp_dense_resource_rf_leq_nin_ap_fixed_ap_fixed_22_12_4_0_0_config9_s_fu_1321/mul_22s_22s_44_1_1_U799/tmp_product/DSP_PREADD_DATA_INST/A2A1[0]
                         net (fo=1, unplaced)         0.000     2.084    dense_array_ap_fixed_16u_array_ap_fixed_22_12_4_0_0_120u_config9_U0/grp_dense_resource_rf_leq_nin_ap_fixed_ap_fixed_22_12_4_0_0_config9_s_fu_1321/mul_22s_22s_44_1_1_U799/tmp_product/DSP_PREADD_DATA.A2A1<0>
                         DSP_MULTIPLIER (Prop_DSP_MULTIPLIER_A2A1[0]_U[3])
                                                      0.505     2.589 f  dense_array_ap_fixed_16u_array_ap_fixed_22_12_4_0_0_120u_config9_U0/grp_dense_resource_rf_leq_nin_ap_fixed_ap_fixed_22_12_4_0_0_config9_s_fu_1321/mul_22s_22s_44_1_1_U799/tmp_product/DSP_MULTIPLIER_INST/U[3]
                         net (fo=1, unplaced)         0.000     2.589    dense_array_ap_fixed_16u_array_ap_fixed_22_12_4_0_0_120u_config9_U0/grp_dense_resource_rf_leq_nin_ap_fixed_ap_fixed_22_12_4_0_0_config9_s_fu_1321/mul_22s_22s_44_1_1_U799/tmp_product/DSP_MULTIPLIER.U<3>
                         DSP_M_DATA (Prop_DSP_M_DATA_U[3]_U_DATA[3])
                                                      0.047     2.636 r  dense_array_ap_fixed_16u_array_ap_fixed_22_12_4_0_0_120u_config9_U0/grp_dense_resource_rf_leq_nin_ap_fixed_ap_fixed_22_12_4_0_0_config9_s_fu_1321/mul_22s_22s_44_1_1_U799/tmp_product/DSP_M_DATA_INST/U_DATA[3]
                         net (fo=1, unplaced)         0.000     2.636    dense_array_ap_fixed_16u_array_ap_fixed_22_12_4_0_0_120u_config9_U0/grp_dense_resource_rf_leq_nin_ap_fixed_ap_fixed_22_12_4_0_0_config9_s_fu_1321/mul_22s_22s_44_1_1_U799/tmp_product/DSP_M_DATA.U_DATA<3>
                         DSP_ALU (Prop_DSP_ALU_U_DATA[3]_ALU_OUT[3])
                                                      0.585     3.221 f  dense_array_ap_fixed_16u_array_ap_fixed_22_12_4_0_0_120u_config9_U0/grp_dense_resource_rf_leq_nin_ap_fixed_ap_fixed_22_12_4_0_0_config9_s_fu_1321/mul_22s_22s_44_1_1_U799/tmp_product/DSP_ALU_INST/ALU_OUT[3]
                         net (fo=1, unplaced)         0.000     3.221    dense_array_ap_fixed_16u_array_ap_fixed_22_12_4_0_0_120u_config9_U0/grp_dense_resource_rf_leq_nin_ap_fixed_ap_fixed_22_12_4_0_0_config9_s_fu_1321/mul_22s_22s_44_1_1_U799/tmp_product/DSP_ALU.ALU_OUT<3>
                         DSP_OUTPUT (Prop_DSP_OUTPUT_ALU_OUT[3]_P[3])
                                                      0.109     3.330 r  dense_array_ap_fixed_16u_array_ap_fixed_22_12_4_0_0_120u_config9_U0/grp_dense_resource_rf_leq_nin_ap_fixed_ap_fixed_22_12_4_0_0_config9_s_fu_1321/mul_22s_22s_44_1_1_U799/tmp_product/DSP_OUTPUT_INST/P[3]
                         net (fo=1, unplaced)         0.222     3.552    dense_array_ap_fixed_16u_array_ap_fixed_22_12_4_0_0_120u_config9_U0/grp_dense_resource_rf_leq_nin_ap_fixed_ap_fixed_22_12_4_0_0_config9_s_fu_1321/mul_22s_22s_44_1_1_U799/mul_ln73_40_fu_11942_p2[3]
                         LUT6 (Prop_LUT6_I0_O)        0.150     3.702 r  dense_array_ap_fixed_16u_array_ap_fixed_22_12_4_0_0_120u_config9_U0/grp_dense_resource_rf_leq_nin_ap_fixed_ap_fixed_22_12_4_0_0_config9_s_fu_1321/mul_22s_22s_44_1_1_U799/add_ln58_80_reg_95701[7]_i_4/O
                         net (fo=1, unplaced)         0.186     3.888    dense_array_ap_fixed_16u_array_ap_fixed_22_12_4_0_0_120u_config9_U0/grp_dense_resource_rf_leq_nin_ap_fixed_ap_fixed_22_12_4_0_0_config9_s_fu_1321/mul_22s_22s_44_1_1_U799/add_ln58_80_reg_95701[7]_i_4_n_0
                         LUT4 (Prop_LUT4_I2_O)        0.038     3.926 r  dense_array_ap_fixed_16u_array_ap_fixed_22_12_4_0_0_120u_config9_U0/grp_dense_resource_rf_leq_nin_ap_fixed_ap_fixed_22_12_4_0_0_config9_s_fu_1321/mul_22s_22s_44_1_1_U799/add_ln58_80_reg_95701[7]_i_2/O
                         net (fo=1, unplaced)         0.020     3.946    dense_array_ap_fixed_16u_array_ap_fixed_22_12_4_0_0_120u_config9_U0/grp_dense_resource_rf_leq_nin_ap_fixed_ap_fixed_22_12_4_0_0_config9_s_fu_1321/mul_22s_22s_44_1_1_U799/add_ln58_80_reg_95701[7]_i_2_n_0
                         CARRY8 (Prop_CARRY8_S[0]_CO[7])
                                                      0.199     4.145 r  dense_array_ap_fixed_16u_array_ap_fixed_22_12_4_0_0_120u_config9_U0/grp_dense_resource_rf_leq_nin_ap_fixed_ap_fixed_22_12_4_0_0_config9_s_fu_1321/mul_22s_22s_44_1_1_U799/add_ln58_80_reg_95701_reg[7]_i_1/CO[7]
                         net (fo=1, unplaced)         0.005     4.150    dense_array_ap_fixed_16u_array_ap_fixed_22_12_4_0_0_120u_config9_U0/grp_dense_resource_rf_leq_nin_ap_fixed_ap_fixed_22_12_4_0_0_config9_s_fu_1321/mul_22s_22s_44_1_1_U799/add_ln58_80_reg_95701_reg[7]_i_1_n_0
                         CARRY8 (Prop_CARRY8_CI_CO[7])
                                                      0.022     4.172 r  dense_array_ap_fixed_16u_array_ap_fixed_22_12_4_0_0_120u_config9_U0/grp_dense_resource_rf_leq_nin_ap_fixed_ap_fixed_22_12_4_0_0_config9_s_fu_1321/mul_22s_22s_44_1_1_U799/add_ln58_80_reg_95701_reg[15]_i_1/CO[7]
                         net (fo=1, unplaced)         0.005     4.177    dense_array_ap_fixed_16u_array_ap_fixed_22_12_4_0_0_120u_config9_U0/grp_dense_resource_rf_leq_nin_ap_fixed_ap_fixed_22_12_4_0_0_config9_s_fu_1321/mul_22s_22s_44_1_1_U799/add_ln58_80_reg_95701_reg[15]_i_1_n_0
                         CARRY8 (Prop_CARRY8_CI_O[5])
                                                      0.116     4.293 r  dense_array_ap_fixed_16u_array_ap_fixed_22_12_4_0_0_120u_config9_U0/grp_dense_resource_rf_leq_nin_ap_fixed_ap_fixed_22_12_4_0_0_config9_s_fu_1321/mul_22s_22s_44_1_1_U799/add_ln58_80_reg_95701_reg[21]_i_1/O[5]
                         net (fo=3, unplaced)         0.147     4.440    dense_array_ap_fixed_16u_array_ap_fixed_22_12_4_0_0_120u_config9_U0/grp_dense_resource_rf_leq_nin_ap_fixed_ap_fixed_22_12_4_0_0_config9_s_fu_1321/mul_22s_22s_44_1_1_U799/D[21]
                         LUT6 (Prop_LUT6_I1_O)        0.053     4.493 f  dense_array_ap_fixed_16u_array_ap_fixed_22_12_4_0_0_120u_config9_U0/grp_dense_resource_rf_leq_nin_ap_fixed_ap_fixed_22_12_4_0_0_config9_s_fu_1321/mul_22s_22s_44_1_1_U799/and_ln58_324_reg_95706[0]_i_4/O
                         net (fo=1, unplaced)         0.186     4.679    dense_array_ap_fixed_16u_array_ap_fixed_22_12_4_0_0_120u_config9_U0/grp_dense_resource_rf_leq_nin_ap_fixed_ap_fixed_22_12_4_0_0_config9_s_fu_1321/mul_22s_22s_44_1_1_U799/and_ln58_324_reg_95706[0]_i_4_n_0
                         LUT5 (Prop_LUT5_I4_O)        0.038     4.717 r  dense_array_ap_fixed_16u_array_ap_fixed_22_12_4_0_0_120u_config9_U0/grp_dense_resource_rf_leq_nin_ap_fixed_ap_fixed_22_12_4_0_0_config9_s_fu_1321/mul_22s_22s_44_1_1_U799/and_ln58_324_reg_95706[0]_i_2/O
                         net (fo=2, unplaced)         0.186     4.903    dense_array_ap_fixed_16u_array_ap_fixed_22_12_4_0_0_120u_config9_U0/grp_dense_resource_rf_leq_nin_ap_fixed_ap_fixed_22_12_4_0_0_config9_s_fu_1321/mul_22s_22s_44_1_1_U799/and_ln58_324_reg_95706[0]_i_2_n_0
                         LUT3 (Prop_LUT3_I2_O)        0.070     4.973 r  dense_array_ap_fixed_16u_array_ap_fixed_22_12_4_0_0_120u_config9_U0/grp_dense_resource_rf_leq_nin_ap_fixed_ap_fixed_22_12_4_0_0_config9_s_fu_1321/mul_22s_22s_44_1_1_U799/or_ln58_122_reg_95711[0]_i_1/O
                         net (fo=1, unplaced)         0.048     5.021    dense_array_ap_fixed_16u_array_ap_fixed_22_12_4_0_0_120u_config9_U0/grp_dense_resource_rf_leq_nin_ap_fixed_ap_fixed_22_12_4_0_0_config9_s_fu_1321/or_ln58_122_fu_19206_p2
                         FDRE                                         r  dense_array_ap_fixed_16u_array_ap_fixed_22_12_4_0_0_120u_config9_U0/grp_dense_resource_rf_leq_nin_ap_fixed_ap_fixed_22_12_4_0_0_config9_s_fu_1321/or_ln58_122_reg_95711_reg[0]/D
  -------------------------------------------------------------------    -------------------

                         (clock ap_clk rise edge)    10.000    10.000 r  
                                                      0.000    10.000 r  ap_clk (IN)
                         net (fo=76463, unset)        0.021    10.021    dense_array_ap_fixed_16u_array_ap_fixed_22_12_4_0_0_120u_config9_U0/grp_dense_resource_rf_leq_nin_ap_fixed_ap_fixed_22_12_4_0_0_config9_s_fu_1321/ap_clk
                         FDRE                                         r  dense_array_ap_fixed_16u_array_ap_fixed_22_12_4_0_0_120u_config9_U0/grp_dense_resource_rf_leq_nin_ap_fixed_ap_fixed_22_12_4_0_0_config9_s_fu_1321/or_ln58_122_reg_95711_reg[0]/C
                         clock pessimism              0.000    10.021    
                         clock uncertainty           -0.035     9.986    
                         FDRE (Setup_FDRE_C_D)        0.025    10.011    dense_array_ap_fixed_16u_array_ap_fixed_22_12_4_0_0_120u_config9_U0/grp_dense_resource_rf_leq_nin_ap_fixed_ap_fixed_22_12_4_0_0_config9_s_fu_1321/or_ln58_122_reg_95711_reg[0]
  -------------------------------------------------------------------
                         required time                         10.011    
                         arrival time                          -5.021    
  -------------------------------------------------------------------
                         slack                                  4.990    

Slack (MET) :             4.990ns  (required time - arrival time)
  Source:                 dense_array_ap_fixed_16u_array_ap_fixed_22_12_4_0_0_120u_config9_U0/grp_dense_resource_rf_leq_nin_ap_fixed_ap_fixed_22_12_4_0_0_config9_s_fu_1321/do_init_reg_3495_reg[0]/C
                            (rising edge-triggered cell FDRE clocked by ap_clk  {rise@0.000ns fall@5.000ns period=10.000ns})
  Destination:            dense_array_ap_fixed_16u_array_ap_fixed_22_12_4_0_0_120u_config9_U0/grp_dense_resource_rf_leq_nin_ap_fixed_ap_fixed_22_12_4_0_0_config9_s_fu_1321/or_ln58_128_reg_95731_reg[0]/D
                            (rising edge-triggered cell FDRE clocked by ap_clk  {rise@0.000ns fall@5.000ns period=10.000ns})
  Path Group:             ap_clk
  Path Type:              Setup (Max at Slow Process Corner)
  Requirement:            10.000ns  (ap_clk rise@10.000ns - ap_clk rise@0.000ns)
  Data Path Delay:        4.991ns  (logic 2.611ns (52.319%)  route 2.380ns (47.681%))
  Logic Levels:           20  (CARRY8=3 DSP_A_B_DATA=1 DSP_ALU=1 DSP_M_DATA=1 DSP_MULTIPLIER=1 DSP_OUTPUT=1 DSP_PREADD_DATA=1 LUT3=1 LUT4=1 LUT5=1 LUT6=4 MUXF7=2 MUXF8=2)
  Clock Path Skew:        -0.009ns (DCD - SCD + CPR)
    Destination Clock Delay (DCD):    0.021ns = ( 10.021 - 10.000 ) 
    Source Clock Delay      (SCD):    0.030ns
    Clock Pessimism Removal (CPR):    0.000ns
  Clock Uncertainty:      0.035ns  ((TSJ^2 + TIJ^2)^1/2 + DJ) / 2 + PE
    Total System Jitter     (TSJ):    0.071ns
    Total Input Jitter      (TIJ):    0.000ns
    Discrete Jitter          (DJ):    0.000ns
    Phase Error              (PE):    0.000ns

    Location             Delay type                Incr(ns)  Path(ns)    Netlist Resource(s)
  -------------------------------------------------------------------    -------------------
                         (clock ap_clk rise edge)     0.000     0.000 r  
                                                      0.000     0.000 r  ap_clk (IN)
                         net (fo=76463, unset)        0.030     0.030    dense_array_ap_fixed_16u_array_ap_fixed_22_12_4_0_0_120u_config9_U0/grp_dense_resource_rf_leq_nin_ap_fixed_ap_fixed_22_12_4_0_0_config9_s_fu_1321/ap_clk
                         FDRE                                         r  dense_array_ap_fixed_16u_array_ap_fixed_22_12_4_0_0_120u_config9_U0/grp_dense_resource_rf_leq_nin_ap_fixed_ap_fixed_22_12_4_0_0_config9_s_fu_1321/do_init_reg_3495_reg[0]/C
  -------------------------------------------------------------------    -------------------
                         FDRE (Prop_FDRE_C_Q)         0.077     0.107 r  dense_array_ap_fixed_16u_array_ap_fixed_22_12_4_0_0_120u_config9_U0/grp_dense_resource_rf_leq_nin_ap_fixed_ap_fixed_22_12_4_0_0_config9_s_fu_1321/do_init_reg_3495_reg[0]/Q
                         net (fo=8449, unplaced)      0.323     0.430    dense_array_ap_fixed_16u_array_ap_fixed_22_12_4_0_0_120u_config9_U0/grp_dense_resource_rf_leq_nin_ap_fixed_ap_fixed_22_12_4_0_0_config9_s_fu_1321/mul_22s_22s_44_1_1_U781/do_init_reg_3495
                         LUT6 (Prop_LUT6_I5_O)        0.037     0.467 f  dense_array_ap_fixed_16u_array_ap_fixed_22_12_4_0_0_120u_config9_U0/grp_dense_resource_rf_leq_nin_ap_fixed_ap_fixed_22_12_4_0_0_config9_s_fu_1321/mul_22s_22s_44_1_1_U781/tmp_product_i_2555__0/O
                         net (fo=1, unplaced)         0.032     0.499    dense_array_ap_fixed_16u_array_ap_fixed_22_12_4_0_0_120u_config9_U0/grp_dense_resource_rf_leq_nin_ap_fixed_ap_fixed_22_12_4_0_0_config9_s_fu_1321/mul_22s_22s_44_1_1_U781/tmp_product_i_2555__0_n_0
                         MUXF7 (Prop_MUXF7_I0_O)      0.069     0.568 f  dense_array_ap_fixed_16u_array_ap_fixed_22_12_4_0_0_120u_config9_U0/grp_dense_resource_rf_leq_nin_ap_fixed_ap_fixed_22_12_4_0_0_config9_s_fu_1321/mul_22s_22s_44_1_1_U781/tmp_product_i_1179__0/O
                         net (fo=1, unplaced)         0.000     0.568    dense_array_ap_fixed_16u_array_ap_fixed_22_12_4_0_0_120u_config9_U0/grp_dense_resource_rf_leq_nin_ap_fixed_ap_fixed_22_12_4_0_0_config9_s_fu_1321/mul_22s_22s_44_1_1_U781/tmp_product_i_1179__0_n_0
                         MUXF8 (Prop_MUXF8_I0_O)      0.030     0.598 f  dense_array_ap_fixed_16u_array_ap_fixed_22_12_4_0_0_120u_config9_U0/grp_dense_resource_rf_leq_nin_ap_fixed_ap_fixed_22_12_4_0_0_config9_s_fu_1321/mul_22s_22s_44_1_1_U781/tmp_product_i_491__0/O
                         net (fo=1, unplaced)         0.186     0.784    dense_array_ap_fixed_16u_array_ap_fixed_22_12_4_0_0_120u_config9_U0/grp_dense_resource_rf_leq_nin_ap_fixed_ap_fixed_22_12_4_0_0_config9_s_fu_1321/mul_22s_22s_44_1_1_U781/tmp_product_i_491__0_n_0
                         LUT6 (Prop_LUT6_I0_O)        0.099     0.883 f  dense_array_ap_fixed_16u_array_ap_fixed_22_12_4_0_0_120u_config9_U0/grp_dense_resource_rf_leq_nin_ap_fixed_ap_fixed_22_12_4_0_0_config9_s_fu_1321/mul_22s_22s_44_1_1_U781/tmp_product_i_151__0/O
                         net (fo=1, unplaced)         0.032     0.915    dense_array_ap_fixed_16u_array_ap_fixed_22_12_4_0_0_120u_config9_U0/grp_dense_resource_rf_leq_nin_ap_fixed_ap_fixed_22_12_4_0_0_config9_s_fu_1321/mul_22s_22s_44_1_1_U781/tmp_product_i_151__0_n_0
                         MUXF7 (Prop_MUXF7_I0_O)      0.069     0.984 f  dense_array_ap_fixed_16u_array_ap_fixed_22_12_4_0_0_120u_config9_U0/grp_dense_resource_rf_leq_nin_ap_fixed_ap_fixed_22_12_4_0_0_config9_s_fu_1321/mul_22s_22s_44_1_1_U781/tmp_product_i_65__0/O
                         net (fo=1, unplaced)         0.000     0.984    dense_array_ap_fixed_16u_array_ap_fixed_22_12_4_0_0_120u_config9_U0/grp_dense_resource_rf_leq_nin_ap_fixed_ap_fixed_22_12_4_0_0_config9_s_fu_1321/mul_22s_22s_44_1_1_U781/tmp_product_i_65__0_n_0
                         MUXF8 (Prop_MUXF8_I0_O)      0.030     1.014 f  dense_array_ap_fixed_16u_array_ap_fixed_22_12_4_0_0_120u_config9_U0/grp_dense_resource_rf_leq_nin_ap_fixed_ap_fixed_22_12_4_0_0_config9_s_fu_1321/mul_22s_22s_44_1_1_U781/tmp_product_i_22__0/O
                         net (fo=1146, unplaced)      0.802     1.816    dense_array_ap_fixed_16u_array_ap_fixed_22_12_4_0_0_120u_config9_U0/grp_dense_resource_rf_leq_nin_ap_fixed_ap_fixed_22_12_4_0_0_config9_s_fu_1321/mul_22s_22s_44_1_1_U800/tmp_product/A[0]
                         DSP_A_B_DATA (Prop_DSP_A_B_DATA_A[0]_A2_DATA[0])
                                                      0.192     2.008 r  dense_array_ap_fixed_16u_array_ap_fixed_22_12_4_0_0_120u_config9_U0/grp_dense_resource_rf_leq_nin_ap_fixed_ap_fixed_22_12_4_0_0_config9_s_fu_1321/mul_22s_22s_44_1_1_U800/tmp_product/DSP_A_B_DATA_INST/A2_DATA[0]
                         net (fo=1, unplaced)         0.000     2.008    dense_array_ap_fixed_16u_array_ap_fixed_22_12_4_0_0_120u_config9_U0/grp_dense_resource_rf_leq_nin_ap_fixed_ap_fixed_22_12_4_0_0_config9_s_fu_1321/mul_22s_22s_44_1_1_U800/tmp_product/DSP_A_B_DATA.A2_DATA<0>
                         DSP_PREADD_DATA (Prop_DSP_PREADD_DATA_A2_DATA[0]_A2A1[0])
                                                      0.076     2.084 r  dense_array_ap_fixed_16u_array_ap_fixed_22_12_4_0_0_120u_config9_U0/grp_dense_resource_rf_leq_nin_ap_fixed_ap_fixed_22_12_4_0_0_config9_s_fu_1321/mul_22s_22s_44_1_1_U800/tmp_product/DSP_PREADD_DATA_INST/A2A1[0]
                         net (fo=1, unplaced)         0.000     2.084    dense_array_ap_fixed_16u_array_ap_fixed_22_12_4_0_0_120u_config9_U0/grp_dense_resource_rf_leq_nin_ap_fixed_ap_fixed_22_12_4_0_0_config9_s_fu_1321/mul_22s_22s_44_1_1_U800/tmp_product/DSP_PREADD_DATA.A2A1<0>
                         DSP_MULTIPLIER (Prop_DSP_MULTIPLIER_A2A1[0]_U[3])
                                                      0.505     2.589 f  dense_array_ap_fixed_16u_array_ap_fixed_22_12_4_0_0_120u_config9_U0/grp_dense_resource_rf_leq_nin_ap_fixed_ap_fixed_22_12_4_0_0_config9_s_fu_1321/mul_22s_22s_44_1_1_U800/tmp_product/DSP_MULTIPLIER_INST/U[3]
                         net (fo=1, unplaced)         0.000     2.589    dense_array_ap_fixed_16u_array_ap_fixed_22_12_4_0_0_120u_config9_U0/grp_dense_resource_rf_leq_nin_ap_fixed_ap_fixed_22_12_4_0_0_config9_s_fu_1321/mul_22s_22s_44_1_1_U800/tmp_product/DSP_MULTIPLIER.U<3>
                         DSP_M_DATA (Prop_DSP_M_DATA_U[3]_U_DATA[3])
                                                      0.047     2.636 r  dense_array_ap_fixed_16u_array_ap_fixed_22_12_4_0_0_120u_config9_U0/grp_dense_resource_rf_leq_nin_ap_fixed_ap_fixed_22_12_4_0_0_config9_s_fu_1321/mul_22s_22s_44_1_1_U800/tmp_product/DSP_M_DATA_INST/U_DATA[3]
                         net (fo=1, unplaced)         0.000     2.636    dense_array_ap_fixed_16u_array_ap_fixed_22_12_4_0_0_120u_config9_U0/grp_dense_resource_rf_leq_nin_ap_fixed_ap_fixed_22_12_4_0_0_config9_s_fu_1321/mul_22s_22s_44_1_1_U800/tmp_product/DSP_M_DATA.U_DATA<3>
                         DSP_ALU (Prop_DSP_ALU_U_DATA[3]_ALU_OUT[3])
                                                      0.585     3.221 f  dense_array_ap_fixed_16u_array_ap_fixed_22_12_4_0_0_120u_config9_U0/grp_dense_resource_rf_leq_nin_ap_fixed_ap_fixed_22_12_4_0_0_config9_s_fu_1321/mul_22s_22s_44_1_1_U800/tmp_product/DSP_ALU_INST/ALU_OUT[3]
                         net (fo=1, unplaced)         0.000     3.221    dense_array_ap_fixed_16u_array_ap_fixed_22_12_4_0_0_120u_config9_U0/grp_dense_resource_rf_leq_nin_ap_fixed_ap_fixed_22_12_4_0_0_config9_s_fu_1321/mul_22s_22s_44_1_1_U800/tmp_product/DSP_ALU.ALU_OUT<3>
                         DSP_OUTPUT (Prop_DSP_OUTPUT_ALU_OUT[3]_P[3])
                                                      0.109     3.330 r  dense_array_ap_fixed_16u_array_ap_fixed_22_12_4_0_0_120u_config9_U0/grp_dense_resource_rf_leq_nin_ap_fixed_ap_fixed_22_12_4_0_0_config9_s_fu_1321/mul_22s_22s_44_1_1_U800/tmp_product/DSP_OUTPUT_INST/P[3]
                         net (fo=1, unplaced)         0.222     3.552    dense_array_ap_fixed_16u_array_ap_fixed_22_12_4_0_0_120u_config9_U0/grp_dense_resource_rf_leq_nin_ap_fixed_ap_fixed_22_12_4_0_0_config9_s_fu_1321/mul_22s_22s_44_1_1_U800/mul_ln73_42_fu_11946_p2[3]
                         LUT6 (Prop_LUT6_I0_O)        0.150     3.702 r  dense_array_ap_fixed_16u_array_ap_fixed_22_12_4_0_0_120u_config9_U0/grp_dense_resource_rf_leq_nin_ap_fixed_ap_fixed_22_12_4_0_0_config9_s_fu_1321/mul_22s_22s_44_1_1_U800/add_ln58_84_reg_95721[7]_i_4/O
                         net (fo=1, unplaced)         0.186     3.888    dense_array_ap_fixed_16u_array_ap_fixed_22_12_4_0_0_120u_config9_U0/grp_dense_resource_rf_leq_nin_ap_fixed_ap_fixed_22_12_4_0_0_config9_s_fu_1321/mul_22s_22s_44_1_1_U800/add_ln58_84_reg_95721[7]_i_4_n_0
                         LUT4 (Prop_LUT4_I2_O)        0.038     3.926 r  dense_array_ap_fixed_16u_array_ap_fixed_22_12_4_0_0_120u_config9_U0/grp_dense_resource_rf_leq_nin_ap_fixed_ap_fixed_22_12_4_0_0_config9_s_fu_1321/mul_22s_22s_44_1_1_U800/add_ln58_84_reg_95721[7]_i_2/O
                         net (fo=1, unplaced)         0.020     3.946    dense_array_ap_fixed_16u_array_ap_fixed_22_12_4_0_0_120u_config9_U0/grp_dense_resource_rf_leq_nin_ap_fixed_ap_fixed_22_12_4_0_0_config9_s_fu_1321/mul_22s_22s_44_1_1_U800/add_ln58_84_reg_95721[7]_i_2_n_0
                         CARRY8 (Prop_CARRY8_S[0]_CO[7])
                                                      0.199     4.145 r  dense_array_ap_fixed_16u_array_ap_fixed_22_12_4_0_0_120u_config9_U0/grp_dense_resource_rf_leq_nin_ap_fixed_ap_fixed_22_12_4_0_0_config9_s_fu_1321/mul_22s_22s_44_1_1_U800/add_ln58_84_reg_95721_reg[7]_i_1/CO[7]
                         net (fo=1, unplaced)         0.005     4.150    dense_array_ap_fixed_16u_array_ap_fixed_22_12_4_0_0_120u_config9_U0/grp_dense_resource_rf_leq_nin_ap_fixed_ap_fixed_22_12_4_0_0_config9_s_fu_1321/mul_22s_22s_44_1_1_U800/add_ln58_84_reg_95721_reg[7]_i_1_n_0
                         CARRY8 (Prop_CARRY8_CI_CO[7])
                                                      0.022     4.172 r  dense_array_ap_fixed_16u_array_ap_fixed_22_12_4_0_0_120u_config9_U0/grp_dense_resource_rf_leq_nin_ap_fixed_ap_fixed_22_12_4_0_0_config9_s_fu_1321/mul_22s_22s_44_1_1_U800/add_ln58_84_reg_95721_reg[15]_i_1/CO[7]
                         net (fo=1, unplaced)         0.005     4.177    dense_array_ap_fixed_16u_array_ap_fixed_22_12_4_0_0_120u_config9_U0/grp_dense_resource_rf_leq_nin_ap_fixed_ap_fixed_22_12_4_0_0_config9_s_fu_1321/mul_22s_22s_44_1_1_U800/add_ln58_84_reg_95721_reg[15]_i_1_n_0
                         CARRY8 (Prop_CARRY8_CI_O[5])
                                                      0.116     4.293 r  dense_array_ap_fixed_16u_array_ap_fixed_22_12_4_0_0_120u_config9_U0/grp_dense_resource_rf_leq_nin_ap_fixed_ap_fixed_22_12_4_0_0_config9_s_fu_1321/mul_22s_22s_44_1_1_U800/add_ln58_84_reg_95721_reg[21]_i_1/O[5]
                         net (fo=3, unplaced)         0.147     4.440    dense_array_ap_fixed_16u_array_ap_fixed_22_12_4_0_0_120u_config9_U0/grp_dense_resource_rf_leq_nin_ap_fixed_ap_fixed_22_12_4_0_0_config9_s_fu_1321/mul_22s_22s_44_1_1_U800/D[21]
                         LUT6 (Prop_LUT6_I1_O)        0.053     4.493 f  dense_array_ap_fixed_16u_array_ap_fixed_22_12_4_0_0_120u_config9_U0/grp_dense_resource_rf_leq_nin_ap_fixed_ap_fixed_22_12_4_0_0_config9_s_fu_1321/mul_22s_22s_44_1_1_U800/and_ln58_340_reg_95726[0]_i_4/O
                         net (fo=1, unplaced)         0.186     4.679    dense_array_ap_fixed_16u_array_ap_fixed_22_12_4_0_0_120u_config9_U0/grp_dense_resource_rf_leq_nin_ap_fixed_ap_fixed_22_12_4_0_0_config9_s_fu_1321/mul_22s_22s_44_1_1_U800/and_ln58_340_reg_95726[0]_i_4_n_0
                         LUT5 (Prop_LUT5_I4_O)        0.038     4.717 r  dense_array_ap_fixed_16u_array_ap_fixed_22_12_4_0_0_120u_config9_U0/grp_dense_resource_rf_leq_nin_ap_fixed_ap_fixed_22_12_4_0_0_config9_s_fu_1321/mul_22s_22s_44_1_1_U800/and_ln58_340_reg_95726[0]_i_2/O
                         net (fo=2, unplaced)         0.186     4.903    dense_array_ap_fixed_16u_array_ap_fixed_22_12_4_0_0_120u_config9_U0/grp_dense_resource_rf_leq_nin_ap_fixed_ap_fixed_22_12_4_0_0_config9_s_fu_1321/mul_22s_22s_44_1_1_U800/and_ln58_340_reg_95726[0]_i_2_n_0
                         LUT3 (Prop_LUT3_I2_O)        0.070     4.973 r  dense_array_ap_fixed_16u_array_ap_fixed_22_12_4_0_0_120u_config9_U0/grp_dense_resource_rf_leq_nin_ap_fixed_ap_fixed_22_12_4_0_0_config9_s_fu_1321/mul_22s_22s_44_1_1_U800/or_ln58_128_reg_95731[0]_i_1/O
                         net (fo=1, unplaced)         0.048     5.021    dense_array_ap_fixed_16u_array_ap_fixed_22_12_4_0_0_120u_config9_U0/grp_dense_resource_rf_leq_nin_ap_fixed_ap_fixed_22_12_4_0_0_config9_s_fu_1321/or_ln58_128_fu_19455_p2
                         FDRE                                         r  dense_array_ap_fixed_16u_array_ap_fixed_22_12_4_0_0_120u_config9_U0/grp_dense_resource_rf_leq_nin_ap_fixed_ap_fixed_22_12_4_0_0_config9_s_fu_1321/or_ln58_128_reg_95731_reg[0]/D
  -------------------------------------------------------------------    -------------------

                         (clock ap_clk rise edge)    10.000    10.000 r  
                                                      0.000    10.000 r  ap_clk (IN)
                         net (fo=76463, unset)        0.021    10.021    dense_array_ap_fixed_16u_array_ap_fixed_22_12_4_0_0_120u_config9_U0/grp_dense_resource_rf_leq_nin_ap_fixed_ap_fixed_22_12_4_0_0_config9_s_fu_1321/ap_clk
                         FDRE                                         r  dense_array_ap_fixed_16u_array_ap_fixed_22_12_4_0_0_120u_config9_U0/grp_dense_resource_rf_leq_nin_ap_fixed_ap_fixed_22_12_4_0_0_config9_s_fu_1321/or_ln58_128_reg_95731_reg[0]/C
                         clock pessimism              0.000    10.021    
                         clock uncertainty           -0.035     9.986    
                         FDRE (Setup_FDRE_C_D)        0.025    10.011    dense_array_ap_fixed_16u_array_ap_fixed_22_12_4_0_0_120u_config9_U0/grp_dense_resource_rf_leq_nin_ap_fixed_ap_fixed_22_12_4_0_0_config9_s_fu_1321/or_ln58_128_reg_95731_reg[0]
  -------------------------------------------------------------------
                         required time                         10.011    
                         arrival time                          -5.021    
  -------------------------------------------------------------------
                         slack                                  4.990    

Slack (MET) :             4.990ns  (required time - arrival time)
  Source:                 dense_array_ap_fixed_16u_array_ap_fixed_22_12_4_0_0_120u_config9_U0/grp_dense_resource_rf_leq_nin_ap_fixed_ap_fixed_22_12_4_0_0_config9_s_fu_1321/do_init_reg_3495_reg[0]/C
                            (rising edge-triggered cell FDRE clocked by ap_clk  {rise@0.000ns fall@5.000ns period=10.000ns})
  Destination:            dense_array_ap_fixed_16u_array_ap_fixed_22_12_4_0_0_120u_config9_U0/grp_dense_resource_rf_leq_nin_ap_fixed_ap_fixed_22_12_4_0_0_config9_s_fu_1321/or_ln58_140_reg_95771_reg[0]/D
                            (rising edge-triggered cell FDRE clocked by ap_clk  {rise@0.000ns fall@5.000ns period=10.000ns})
  Path Group:             ap_clk
  Path Type:              Setup (Max at Slow Process Corner)
  Requirement:            10.000ns  (ap_clk rise@10.000ns - ap_clk rise@0.000ns)
  Data Path Delay:        4.991ns  (logic 2.611ns (52.319%)  route 2.380ns (47.681%))
  Logic Levels:           20  (CARRY8=3 DSP_A_B_DATA=1 DSP_ALU=1 DSP_M_DATA=1 DSP_MULTIPLIER=1 DSP_OUTPUT=1 DSP_PREADD_DATA=1 LUT3=1 LUT4=1 LUT5=1 LUT6=4 MUXF7=2 MUXF8=2)
  Clock Path Skew:        -0.009ns (DCD - SCD + CPR)
    Destination Clock Delay (DCD):    0.021ns = ( 10.021 - 10.000 ) 
    Source Clock Delay      (SCD):    0.030ns
    Clock Pessimism Removal (CPR):    0.000ns
  Clock Uncertainty:      0.035ns  ((TSJ^2 + TIJ^2)^1/2 + DJ) / 2 + PE
    Total System Jitter     (TSJ):    0.071ns
    Total Input Jitter      (TIJ):    0.000ns
    Discrete Jitter          (DJ):    0.000ns
    Phase Error              (PE):    0.000ns

    Location             Delay type                Incr(ns)  Path(ns)    Netlist Resource(s)
  -------------------------------------------------------------------    -------------------
                         (clock ap_clk rise edge)     0.000     0.000 r  
                                                      0.000     0.000 r  ap_clk (IN)
                         net (fo=76463, unset)        0.030     0.030    dense_array_ap_fixed_16u_array_ap_fixed_22_12_4_0_0_120u_config9_U0/grp_dense_resource_rf_leq_nin_ap_fixed_ap_fixed_22_12_4_0_0_config9_s_fu_1321/ap_clk
                         FDRE                                         r  dense_array_ap_fixed_16u_array_ap_fixed_22_12_4_0_0_120u_config9_U0/grp_dense_resource_rf_leq_nin_ap_fixed_ap_fixed_22_12_4_0_0_config9_s_fu_1321/do_init_reg_3495_reg[0]/C
  -------------------------------------------------------------------    -------------------
                         FDRE (Prop_FDRE_C_Q)         0.077     0.107 r  dense_array_ap_fixed_16u_array_ap_fixed_22_12_4_0_0_120u_config9_U0/grp_dense_resource_rf_leq_nin_ap_fixed_ap_fixed_22_12_4_0_0_config9_s_fu_1321/do_init_reg_3495_reg[0]/Q
                         net (fo=8449, unplaced)      0.323     0.430    dense_array_ap_fixed_16u_array_ap_fixed_22_12_4_0_0_120u_config9_U0/grp_dense_resource_rf_leq_nin_ap_fixed_ap_fixed_22_12_4_0_0_config9_s_fu_1321/mul_22s_22s_44_1_1_U781/do_init_reg_3495
                         LUT6 (Prop_LUT6_I5_O)        0.037     0.467 f  dense_array_ap_fixed_16u_array_ap_fixed_22_12_4_0_0_120u_config9_U0/grp_dense_resource_rf_leq_nin_ap_fixed_ap_fixed_22_12_4_0_0_config9_s_fu_1321/mul_22s_22s_44_1_1_U781/tmp_product_i_2555__0/O
                         net (fo=1, unplaced)         0.032     0.499    dense_array_ap_fixed_16u_array_ap_fixed_22_12_4_0_0_120u_config9_U0/grp_dense_resource_rf_leq_nin_ap_fixed_ap_fixed_22_12_4_0_0_config9_s_fu_1321/mul_22s_22s_44_1_1_U781/tmp_product_i_2555__0_n_0
                         MUXF7 (Prop_MUXF7_I0_O)      0.069     0.568 f  dense_array_ap_fixed_16u_array_ap_fixed_22_12_4_0_0_120u_config9_U0/grp_dense_resource_rf_leq_nin_ap_fixed_ap_fixed_22_12_4_0_0_config9_s_fu_1321/mul_22s_22s_44_1_1_U781/tmp_product_i_1179__0/O
                         net (fo=1, unplaced)         0.000     0.568    dense_array_ap_fixed_16u_array_ap_fixed_22_12_4_0_0_120u_config9_U0/grp_dense_resource_rf_leq_nin_ap_fixed_ap_fixed_22_12_4_0_0_config9_s_fu_1321/mul_22s_22s_44_1_1_U781/tmp_product_i_1179__0_n_0
                         MUXF8 (Prop_MUXF8_I0_O)      0.030     0.598 f  dense_array_ap_fixed_16u_array_ap_fixed_22_12_4_0_0_120u_config9_U0/grp_dense_resource_rf_leq_nin_ap_fixed_ap_fixed_22_12_4_0_0_config9_s_fu_1321/mul_22s_22s_44_1_1_U781/tmp_product_i_491__0/O
                         net (fo=1, unplaced)         0.186     0.784    dense_array_ap_fixed_16u_array_ap_fixed_22_12_4_0_0_120u_config9_U0/grp_dense_resource_rf_leq_nin_ap_fixed_ap_fixed_22_12_4_0_0_config9_s_fu_1321/mul_22s_22s_44_1_1_U781/tmp_product_i_491__0_n_0
                         LUT6 (Prop_LUT6_I0_O)        0.099     0.883 f  dense_array_ap_fixed_16u_array_ap_fixed_22_12_4_0_0_120u_config9_U0/grp_dense_resource_rf_leq_nin_ap_fixed_ap_fixed_22_12_4_0_0_config9_s_fu_1321/mul_22s_22s_44_1_1_U781/tmp_product_i_151__0/O
                         net (fo=1, unplaced)         0.032     0.915    dense_array_ap_fixed_16u_array_ap_fixed_22_12_4_0_0_120u_config9_U0/grp_dense_resource_rf_leq_nin_ap_fixed_ap_fixed_22_12_4_0_0_config9_s_fu_1321/mul_22s_22s_44_1_1_U781/tmp_product_i_151__0_n_0
                         MUXF7 (Prop_MUXF7_I0_O)      0.069     0.984 f  dense_array_ap_fixed_16u_array_ap_fixed_22_12_4_0_0_120u_config9_U0/grp_dense_resource_rf_leq_nin_ap_fixed_ap_fixed_22_12_4_0_0_config9_s_fu_1321/mul_22s_22s_44_1_1_U781/tmp_product_i_65__0/O
                         net (fo=1, unplaced)         0.000     0.984    dense_array_ap_fixed_16u_array_ap_fixed_22_12_4_0_0_120u_config9_U0/grp_dense_resource_rf_leq_nin_ap_fixed_ap_fixed_22_12_4_0_0_config9_s_fu_1321/mul_22s_22s_44_1_1_U781/tmp_product_i_65__0_n_0
                         MUXF8 (Prop_MUXF8_I0_O)      0.030     1.014 f  dense_array_ap_fixed_16u_array_ap_fixed_22_12_4_0_0_120u_config9_U0/grp_dense_resource_rf_leq_nin_ap_fixed_ap_fixed_22_12_4_0_0_config9_s_fu_1321/mul_22s_22s_44_1_1_U781/tmp_product_i_22__0/O
                         net (fo=1146, unplaced)      0.802     1.816    dense_array_ap_fixed_16u_array_ap_fixed_22_12_4_0_0_120u_config9_U0/grp_dense_resource_rf_leq_nin_ap_fixed_ap_fixed_22_12_4_0_0_config9_s_fu_1321/mul_22s_22s_44_1_1_U802/tmp_product/A[0]
                         DSP_A_B_DATA (Prop_DSP_A_B_DATA_A[0]_A2_DATA[0])
                                                      0.192     2.008 r  dense_array_ap_fixed_16u_array_ap_fixed_22_12_4_0_0_120u_config9_U0/grp_dense_resource_rf_leq_nin_ap_fixed_ap_fixed_22_12_4_0_0_config9_s_fu_1321/mul_22s_22s_44_1_1_U802/tmp_product/DSP_A_B_DATA_INST/A2_DATA[0]
                         net (fo=1, unplaced)         0.000     2.008    dense_array_ap_fixed_16u_array_ap_fixed_22_12_4_0_0_120u_config9_U0/grp_dense_resource_rf_leq_nin_ap_fixed_ap_fixed_22_12_4_0_0_config9_s_fu_1321/mul_22s_22s_44_1_1_U802/tmp_product/DSP_A_B_DATA.A2_DATA<0>
                         DSP_PREADD_DATA (Prop_DSP_PREADD_DATA_A2_DATA[0]_A2A1[0])
                                                      0.076     2.084 r  dense_array_ap_fixed_16u_array_ap_fixed_22_12_4_0_0_120u_config9_U0/grp_dense_resource_rf_leq_nin_ap_fixed_ap_fixed_22_12_4_0_0_config9_s_fu_1321/mul_22s_22s_44_1_1_U802/tmp_product/DSP_PREADD_DATA_INST/A2A1[0]
                         net (fo=1, unplaced)         0.000     2.084    dense_array_ap_fixed_16u_array_ap_fixed_22_12_4_0_0_120u_config9_U0/grp_dense_resource_rf_leq_nin_ap_fixed_ap_fixed_22_12_4_0_0_config9_s_fu_1321/mul_22s_22s_44_1_1_U802/tmp_product/DSP_PREADD_DATA.A2A1<0>
                         DSP_MULTIPLIER (Prop_DSP_MULTIPLIER_A2A1[0]_U[3])
                                                      0.505     2.589 f  dense_array_ap_fixed_16u_array_ap_fixed_22_12_4_0_0_120u_config9_U0/grp_dense_resource_rf_leq_nin_ap_fixed_ap_fixed_22_12_4_0_0_config9_s_fu_1321/mul_22s_22s_44_1_1_U802/tmp_product/DSP_MULTIPLIER_INST/U[3]
                         net (fo=1, unplaced)         0.000     2.589    dense_array_ap_fixed_16u_array_ap_fixed_22_12_4_0_0_120u_config9_U0/grp_dense_resource_rf_leq_nin_ap_fixed_ap_fixed_22_12_4_0_0_config9_s_fu_1321/mul_22s_22s_44_1_1_U802/tmp_product/DSP_MULTIPLIER.U<3>
                         DSP_M_DATA (Prop_DSP_M_DATA_U[3]_U_DATA[3])
                                                      0.047     2.636 r  dense_array_ap_fixed_16u_array_ap_fixed_22_12_4_0_0_120u_config9_U0/grp_dense_resource_rf_leq_nin_ap_fixed_ap_fixed_22_12_4_0_0_config9_s_fu_1321/mul_22s_22s_44_1_1_U802/tmp_product/DSP_M_DATA_INST/U_DATA[3]
                         net (fo=1, unplaced)         0.000     2.636    dense_array_ap_fixed_16u_array_ap_fixed_22_12_4_0_0_120u_config9_U0/grp_dense_resource_rf_leq_nin_ap_fixed_ap_fixed_22_12_4_0_0_config9_s_fu_1321/mul_22s_22s_44_1_1_U802/tmp_product/DSP_M_DATA.U_DATA<3>
                         DSP_ALU (Prop_DSP_ALU_U_DATA[3]_ALU_OUT[3])
                                                      0.585     3.221 f  dense_array_ap_fixed_16u_array_ap_fixed_22_12_4_0_0_120u_config9_U0/grp_dense_resource_rf_leq_nin_ap_fixed_ap_fixed_22_12_4_0_0_config9_s_fu_1321/mul_22s_22s_44_1_1_U802/tmp_product/DSP_ALU_INST/ALU_OUT[3]
                         net (fo=1, unplaced)         0.000     3.221    dense_array_ap_fixed_16u_array_ap_fixed_22_12_4_0_0_120u_config9_U0/grp_dense_resource_rf_leq_nin_ap_fixed_ap_fixed_22_12_4_0_0_config9_s_fu_1321/mul_22s_22s_44_1_1_U802/tmp_product/DSP_ALU.ALU_OUT<3>
                         DSP_OUTPUT (Prop_DSP_OUTPUT_ALU_OUT[3]_P[3])
                                                      0.109     3.330 r  dense_array_ap_fixed_16u_array_ap_fixed_22_12_4_0_0_120u_config9_U0/grp_dense_resource_rf_leq_nin_ap_fixed_ap_fixed_22_12_4_0_0_config9_s_fu_1321/mul_22s_22s_44_1_1_U802/tmp_product/DSP_OUTPUT_INST/P[3]
                         net (fo=1, unplaced)         0.222     3.552    dense_array_ap_fixed_16u_array_ap_fixed_22_12_4_0_0_120u_config9_U0/grp_dense_resource_rf_leq_nin_ap_fixed_ap_fixed_22_12_4_0_0_config9_s_fu_1321/mul_22s_22s_44_1_1_U802/mul_ln73_46_fu_11954_p2[3]
                         LUT6 (Prop_LUT6_I0_O)        0.150     3.702 r  dense_array_ap_fixed_16u_array_ap_fixed_22_12_4_0_0_120u_config9_U0/grp_dense_resource_rf_leq_nin_ap_fixed_ap_fixed_22_12_4_0_0_config9_s_fu_1321/mul_22s_22s_44_1_1_U802/add_ln58_92_reg_95761[7]_i_4/O
                         net (fo=1, unplaced)         0.186     3.888    dense_array_ap_fixed_16u_array_ap_fixed_22_12_4_0_0_120u_config9_U0/grp_dense_resource_rf_leq_nin_ap_fixed_ap_fixed_22_12_4_0_0_config9_s_fu_1321/mul_22s_22s_44_1_1_U802/add_ln58_92_reg_95761[7]_i_4_n_0
                         LUT4 (Prop_LUT4_I2_O)        0.038     3.926 r  dense_array_ap_fixed_16u_array_ap_fixed_22_12_4_0_0_120u_config9_U0/grp_dense_resource_rf_leq_nin_ap_fixed_ap_fixed_22_12_4_0_0_config9_s_fu_1321/mul_22s_22s_44_1_1_U802/add_ln58_92_reg_95761[7]_i_2/O
                         net (fo=1, unplaced)         0.020     3.946    dense_array_ap_fixed_16u_array_ap_fixed_22_12_4_0_0_120u_config9_U0/grp_dense_resource_rf_leq_nin_ap_fixed_ap_fixed_22_12_4_0_0_config9_s_fu_1321/mul_22s_22s_44_1_1_U802/add_ln58_92_reg_95761[7]_i_2_n_0
                         CARRY8 (Prop_CARRY8_S[0]_CO[7])
                                                      0.199     4.145 r  dense_array_ap_fixed_16u_array_ap_fixed_22_12_4_0_0_120u_config9_U0/grp_dense_resource_rf_leq_nin_ap_fixed_ap_fixed_22_12_4_0_0_config9_s_fu_1321/mul_22s_22s_44_1_1_U802/add_ln58_92_reg_95761_reg[7]_i_1/CO[7]
                         net (fo=1, unplaced)         0.005     4.150    dense_array_ap_fixed_16u_array_ap_fixed_22_12_4_0_0_120u_config9_U0/grp_dense_resource_rf_leq_nin_ap_fixed_ap_fixed_22_12_4_0_0_config9_s_fu_1321/mul_22s_22s_44_1_1_U802/add_ln58_92_reg_95761_reg[7]_i_1_n_0
                         CARRY8 (Prop_CARRY8_CI_CO[7])
                                                      0.022     4.172 r  dense_array_ap_fixed_16u_array_ap_fixed_22_12_4_0_0_120u_config9_U0/grp_dense_resource_rf_leq_nin_ap_fixed_ap_fixed_22_12_4_0_0_config9_s_fu_1321/mul_22s_22s_44_1_1_U802/add_ln58_92_reg_95761_reg[15]_i_1/CO[7]
                         net (fo=1, unplaced)         0.005     4.177    dense_array_ap_fixed_16u_array_ap_fixed_22_12_4_0_0_120u_config9_U0/grp_dense_resource_rf_leq_nin_ap_fixed_ap_fixed_22_12_4_0_0_config9_s_fu_1321/mul_22s_22s_44_1_1_U802/add_ln58_92_reg_95761_reg[15]_i_1_n_0
                         CARRY8 (Prop_CARRY8_CI_O[5])
                                                      0.116     4.293 r  dense_array_ap_fixed_16u_array_ap_fixed_22_12_4_0_0_120u_config9_U0/grp_dense_resource_rf_leq_nin_ap_fixed_ap_fixed_22_12_4_0_0_config9_s_fu_1321/mul_22s_22s_44_1_1_U802/add_ln58_92_reg_95761_reg[21]_i_1/O[5]
                         net (fo=3, unplaced)         0.147     4.440    dense_array_ap_fixed_16u_array_ap_fixed_22_12_4_0_0_120u_config9_U0/grp_dense_resource_rf_leq_nin_ap_fixed_ap_fixed_22_12_4_0_0_config9_s_fu_1321/mul_22s_22s_44_1_1_U802/D[21]
                         LUT6 (Prop_LUT6_I1_O)        0.053     4.493 f  dense_array_ap_fixed_16u_array_ap_fixed_22_12_4_0_0_120u_config9_U0/grp_dense_resource_rf_leq_nin_ap_fixed_ap_fixed_22_12_4_0_0_config9_s_fu_1321/mul_22s_22s_44_1_1_U802/and_ln58_372_reg_95766[0]_i_4/O
                         net (fo=1, unplaced)         0.186     4.679    dense_array_ap_fixed_16u_array_ap_fixed_22_12_4_0_0_120u_config9_U0/grp_dense_resource_rf_leq_nin_ap_fixed_ap_fixed_22_12_4_0_0_config9_s_fu_1321/mul_22s_22s_44_1_1_U802/and_ln58_372_reg_95766[0]_i_4_n_0
                         LUT5 (Prop_LUT5_I4_O)        0.038     4.717 r  dense_array_ap_fixed_16u_array_ap_fixed_22_12_4_0_0_120u_config9_U0/grp_dense_resource_rf_leq_nin_ap_fixed_ap_fixed_22_12_4_0_0_config9_s_fu_1321/mul_22s_22s_44_1_1_U802/and_ln58_372_reg_95766[0]_i_2/O
                         net (fo=2, unplaced)         0.186     4.903    dense_array_ap_fixed_16u_array_ap_fixed_22_12_4_0_0_120u_config9_U0/grp_dense_resource_rf_leq_nin_ap_fixed_ap_fixed_22_12_4_0_0_config9_s_fu_1321/mul_22s_22s_44_1_1_U802/and_ln58_372_reg_95766[0]_i_2_n_0
                         LUT3 (Prop_LUT3_I2_O)        0.070     4.973 r  dense_array_ap_fixed_16u_array_ap_fixed_22_12_4_0_0_120u_config9_U0/grp_dense_resource_rf_leq_nin_ap_fixed_ap_fixed_22_12_4_0_0_config9_s_fu_1321/mul_22s_22s_44_1_1_U802/or_ln58_140_reg_95771[0]_i_1/O
                         net (fo=1, unplaced)         0.048     5.021    dense_array_ap_fixed_16u_array_ap_fixed_22_12_4_0_0_120u_config9_U0/grp_dense_resource_rf_leq_nin_ap_fixed_ap_fixed_22_12_4_0_0_config9_s_fu_1321/or_ln58_140_fu_19953_p2
                         FDRE                                         r  dense_array_ap_fixed_16u_array_ap_fixed_22_12_4_0_0_120u_config9_U0/grp_dense_resource_rf_leq_nin_ap_fixed_ap_fixed_22_12_4_0_0_config9_s_fu_1321/or_ln58_140_reg_95771_reg[0]/D
  -------------------------------------------------------------------    -------------------

                         (clock ap_clk rise edge)    10.000    10.000 r  
                                                      0.000    10.000 r  ap_clk (IN)
                         net (fo=76463, unset)        0.021    10.021    dense_array_ap_fixed_16u_array_ap_fixed_22_12_4_0_0_120u_config9_U0/grp_dense_resource_rf_leq_nin_ap_fixed_ap_fixed_22_12_4_0_0_config9_s_fu_1321/ap_clk
                         FDRE                                         r  dense_array_ap_fixed_16u_array_ap_fixed_22_12_4_0_0_120u_config9_U0/grp_dense_resource_rf_leq_nin_ap_fixed_ap_fixed_22_12_4_0_0_config9_s_fu_1321/or_ln58_140_reg_95771_reg[0]/C
                         clock pessimism              0.000    10.021    
                         clock uncertainty           -0.035     9.986    
                         FDRE (Setup_FDRE_C_D)        0.025    10.011    dense_array_ap_fixed_16u_array_ap_fixed_22_12_4_0_0_120u_config9_U0/grp_dense_resource_rf_leq_nin_ap_fixed_ap_fixed_22_12_4_0_0_config9_s_fu_1321/or_ln58_140_reg_95771_reg[0]
  -------------------------------------------------------------------
                         required time                         10.011    
                         arrival time                          -5.021    
  -------------------------------------------------------------------
                         slack                                  4.990    

Slack (MET) :             4.990ns  (required time - arrival time)
  Source:                 dense_array_ap_fixed_16u_array_ap_fixed_22_12_4_0_0_120u_config9_U0/grp_dense_resource_rf_leq_nin_ap_fixed_ap_fixed_22_12_4_0_0_config9_s_fu_1321/do_init_reg_3495_reg[0]/C
                            (rising edge-triggered cell FDRE clocked by ap_clk  {rise@0.000ns fall@5.000ns period=10.000ns})
  Destination:            dense_array_ap_fixed_16u_array_ap_fixed_22_12_4_0_0_120u_config9_U0/grp_dense_resource_rf_leq_nin_ap_fixed_ap_fixed_22_12_4_0_0_config9_s_fu_1321/or_ln58_176_reg_95891_reg[0]/D
                            (rising edge-triggered cell FDRE clocked by ap_clk  {rise@0.000ns fall@5.000ns period=10.000ns})
  Path Group:             ap_clk
  Path Type:              Setup (Max at Slow Process Corner)
  Requirement:            10.000ns  (ap_clk rise@10.000ns - ap_clk rise@0.000ns)
  Data Path Delay:        4.991ns  (logic 2.611ns (52.319%)  route 2.380ns (47.681%))
  Logic Levels:           20  (CARRY8=3 DSP_A_B_DATA=1 DSP_ALU=1 DSP_M_DATA=1 DSP_MULTIPLIER=1 DSP_OUTPUT=1 DSP_PREADD_DATA=1 LUT3=1 LUT4=1 LUT5=1 LUT6=4 MUXF7=2 MUXF8=2)
  Clock Path Skew:        -0.009ns (DCD - SCD + CPR)
    Destination Clock Delay (DCD):    0.021ns = ( 10.021 - 10.000 ) 
    Source Clock Delay      (SCD):    0.030ns
    Clock Pessimism Removal (CPR):    0.000ns
  Clock Uncertainty:      0.035ns  ((TSJ^2 + TIJ^2)^1/2 + DJ) / 2 + PE
    Total System Jitter     (TSJ):    0.071ns
    Total Input Jitter      (TIJ):    0.000ns
    Discrete Jitter          (DJ):    0.000ns
    Phase Error              (PE):    0.000ns

    Location             Delay type                Incr(ns)  Path(ns)    Netlist Resource(s)
  -------------------------------------------------------------------    -------------------
                         (clock ap_clk rise edge)     0.000     0.000 r  
                                                      0.000     0.000 r  ap_clk (IN)
                         net (fo=76463, unset)        0.030     0.030    dense_array_ap_fixed_16u_array_ap_fixed_22_12_4_0_0_120u_config9_U0/grp_dense_resource_rf_leq_nin_ap_fixed_ap_fixed_22_12_4_0_0_config9_s_fu_1321/ap_clk
                         FDRE                                         r  dense_array_ap_fixed_16u_array_ap_fixed_22_12_4_0_0_120u_config9_U0/grp_dense_resource_rf_leq_nin_ap_fixed_ap_fixed_22_12_4_0_0_config9_s_fu_1321/do_init_reg_3495_reg[0]/C
  -------------------------------------------------------------------    -------------------
                         FDRE (Prop_FDRE_C_Q)         0.077     0.107 r  dense_array_ap_fixed_16u_array_ap_fixed_22_12_4_0_0_120u_config9_U0/grp_dense_resource_rf_leq_nin_ap_fixed_ap_fixed_22_12_4_0_0_config9_s_fu_1321/do_init_reg_3495_reg[0]/Q
                         net (fo=8449, unplaced)      0.323     0.430    dense_array_ap_fixed_16u_array_ap_fixed_22_12_4_0_0_120u_config9_U0/grp_dense_resource_rf_leq_nin_ap_fixed_ap_fixed_22_12_4_0_0_config9_s_fu_1321/mul_22s_22s_44_1_1_U781/do_init_reg_3495
                         LUT6 (Prop_LUT6_I5_O)        0.037     0.467 f  dense_array_ap_fixed_16u_array_ap_fixed_22_12_4_0_0_120u_config9_U0/grp_dense_resource_rf_leq_nin_ap_fixed_ap_fixed_22_12_4_0_0_config9_s_fu_1321/mul_22s_22s_44_1_1_U781/tmp_product_i_2555__0/O
                         net (fo=1, unplaced)         0.032     0.499    dense_array_ap_fixed_16u_array_ap_fixed_22_12_4_0_0_120u_config9_U0/grp_dense_resource_rf_leq_nin_ap_fixed_ap_fixed_22_12_4_0_0_config9_s_fu_1321/mul_22s_22s_44_1_1_U781/tmp_product_i_2555__0_n_0
                         MUXF7 (Prop_MUXF7_I0_O)      0.069     0.568 f  dense_array_ap_fixed_16u_array_ap_fixed_22_12_4_0_0_120u_config9_U0/grp_dense_resource_rf_leq_nin_ap_fixed_ap_fixed_22_12_4_0_0_config9_s_fu_1321/mul_22s_22s_44_1_1_U781/tmp_product_i_1179__0/O
                         net (fo=1, unplaced)         0.000     0.568    dense_array_ap_fixed_16u_array_ap_fixed_22_12_4_0_0_120u_config9_U0/grp_dense_resource_rf_leq_nin_ap_fixed_ap_fixed_22_12_4_0_0_config9_s_fu_1321/mul_22s_22s_44_1_1_U781/tmp_product_i_1179__0_n_0
                         MUXF8 (Prop_MUXF8_I0_O)      0.030     0.598 f  dense_array_ap_fixed_16u_array_ap_fixed_22_12_4_0_0_120u_config9_U0/grp_dense_resource_rf_leq_nin_ap_fixed_ap_fixed_22_12_4_0_0_config9_s_fu_1321/mul_22s_22s_44_1_1_U781/tmp_product_i_491__0/O
                         net (fo=1, unplaced)         0.186     0.784    dense_array_ap_fixed_16u_array_ap_fixed_22_12_4_0_0_120u_config9_U0/grp_dense_resource_rf_leq_nin_ap_fixed_ap_fixed_22_12_4_0_0_config9_s_fu_1321/mul_22s_22s_44_1_1_U781/tmp_product_i_491__0_n_0
                         LUT6 (Prop_LUT6_I0_O)        0.099     0.883 f  dense_array_ap_fixed_16u_array_ap_fixed_22_12_4_0_0_120u_config9_U0/grp_dense_resource_rf_leq_nin_ap_fixed_ap_fixed_22_12_4_0_0_config9_s_fu_1321/mul_22s_22s_44_1_1_U781/tmp_product_i_151__0/O
                         net (fo=1, unplaced)         0.032     0.915    dense_array_ap_fixed_16u_array_ap_fixed_22_12_4_0_0_120u_config9_U0/grp_dense_resource_rf_leq_nin_ap_fixed_ap_fixed_22_12_4_0_0_config9_s_fu_1321/mul_22s_22s_44_1_1_U781/tmp_product_i_151__0_n_0
                         MUXF7 (Prop_MUXF7_I0_O)      0.069     0.984 f  dense_array_ap_fixed_16u_array_ap_fixed_22_12_4_0_0_120u_config9_U0/grp_dense_resource_rf_leq_nin_ap_fixed_ap_fixed_22_12_4_0_0_config9_s_fu_1321/mul_22s_22s_44_1_1_U781/tmp_product_i_65__0/O
                         net (fo=1, unplaced)         0.000     0.984    dense_array_ap_fixed_16u_array_ap_fixed_22_12_4_0_0_120u_config9_U0/grp_dense_resource_rf_leq_nin_ap_fixed_ap_fixed_22_12_4_0_0_config9_s_fu_1321/mul_22s_22s_44_1_1_U781/tmp_product_i_65__0_n_0
                         MUXF8 (Prop_MUXF8_I0_O)      0.030     1.014 f  dense_array_ap_fixed_16u_array_ap_fixed_22_12_4_0_0_120u_config9_U0/grp_dense_resource_rf_leq_nin_ap_fixed_ap_fixed_22_12_4_0_0_config9_s_fu_1321/mul_22s_22s_44_1_1_U781/tmp_product_i_22__0/O
                         net (fo=1146, unplaced)      0.802     1.816    dense_array_ap_fixed_16u_array_ap_fixed_22_12_4_0_0_120u_config9_U0/grp_dense_resource_rf_leq_nin_ap_fixed_ap_fixed_22_12_4_0_0_config9_s_fu_1321/mul_22s_22s_44_1_1_U808/tmp_product/A[0]
                         DSP_A_B_DATA (Prop_DSP_A_B_DATA_A[0]_A2_DATA[0])
                                                      0.192     2.008 r  dense_array_ap_fixed_16u_array_ap_fixed_22_12_4_0_0_120u_config9_U0/grp_dense_resource_rf_leq_nin_ap_fixed_ap_fixed_22_12_4_0_0_config9_s_fu_1321/mul_22s_22s_44_1_1_U808/tmp_product/DSP_A_B_DATA_INST/A2_DATA[0]
                         net (fo=1, unplaced)         0.000     2.008    dense_array_ap_fixed_16u_array_ap_fixed_22_12_4_0_0_120u_config9_U0/grp_dense_resource_rf_leq_nin_ap_fixed_ap_fixed_22_12_4_0_0_config9_s_fu_1321/mul_22s_22s_44_1_1_U808/tmp_product/DSP_A_B_DATA.A2_DATA<0>
                         DSP_PREADD_DATA (Prop_DSP_PREADD_DATA_A2_DATA[0]_A2A1[0])
                                                      0.076     2.084 r  dense_array_ap_fixed_16u_array_ap_fixed_22_12_4_0_0_120u_config9_U0/grp_dense_resource_rf_leq_nin_ap_fixed_ap_fixed_22_12_4_0_0_config9_s_fu_1321/mul_22s_22s_44_1_1_U808/tmp_product/DSP_PREADD_DATA_INST/A2A1[0]
                         net (fo=1, unplaced)         0.000     2.084    dense_array_ap_fixed_16u_array_ap_fixed_22_12_4_0_0_120u_config9_U0/grp_dense_resource_rf_leq_nin_ap_fixed_ap_fixed_22_12_4_0_0_config9_s_fu_1321/mul_22s_22s_44_1_1_U808/tmp_product/DSP_PREADD_DATA.A2A1<0>
                         DSP_MULTIPLIER (Prop_DSP_MULTIPLIER_A2A1[0]_U[3])
                                                      0.505     2.589 f  dense_array_ap_fixed_16u_array_ap_fixed_22_12_4_0_0_120u_config9_U0/grp_dense_resource_rf_leq_nin_ap_fixed_ap_fixed_22_12_4_0_0_config9_s_fu_1321/mul_22s_22s_44_1_1_U808/tmp_product/DSP_MULTIPLIER_INST/U[3]
                         net (fo=1, unplaced)         0.000     2.589    dense_array_ap_fixed_16u_array_ap_fixed_22_12_4_0_0_120u_config9_U0/grp_dense_resource_rf_leq_nin_ap_fixed_ap_fixed_22_12_4_0_0_config9_s_fu_1321/mul_22s_22s_44_1_1_U808/tmp_product/DSP_MULTIPLIER.U<3>
                         DSP_M_DATA (Prop_DSP_M_DATA_U[3]_U_DATA[3])
                                                      0.047     2.636 r  dense_array_ap_fixed_16u_array_ap_fixed_22_12_4_0_0_120u_config9_U0/grp_dense_resource_rf_leq_nin_ap_fixed_ap_fixed_22_12_4_0_0_config9_s_fu_1321/mul_22s_22s_44_1_1_U808/tmp_product/DSP_M_DATA_INST/U_DATA[3]
                         net (fo=1, unplaced)         0.000     2.636    dense_array_ap_fixed_16u_array_ap_fixed_22_12_4_0_0_120u_config9_U0/grp_dense_resource_rf_leq_nin_ap_fixed_ap_fixed_22_12_4_0_0_config9_s_fu_1321/mul_22s_22s_44_1_1_U808/tmp_product/DSP_M_DATA.U_DATA<3>
                         DSP_ALU (Prop_DSP_ALU_U_DATA[3]_ALU_OUT[3])
                                                      0.585     3.221 f  dense_array_ap_fixed_16u_array_ap_fixed_22_12_4_0_0_120u_config9_U0/grp_dense_resource_rf_leq_nin_ap_fixed_ap_fixed_22_12_4_0_0_config9_s_fu_1321/mul_22s_22s_44_1_1_U808/tmp_product/DSP_ALU_INST/ALU_OUT[3]
                         net (fo=1, unplaced)         0.000     3.221    dense_array_ap_fixed_16u_array_ap_fixed_22_12_4_0_0_120u_config9_U0/grp_dense_resource_rf_leq_nin_ap_fixed_ap_fixed_22_12_4_0_0_config9_s_fu_1321/mul_22s_22s_44_1_1_U808/tmp_product/DSP_ALU.ALU_OUT<3>
                         DSP_OUTPUT (Prop_DSP_OUTPUT_ALU_OUT[3]_P[3])
                                                      0.109     3.330 r  dense_array_ap_fixed_16u_array_ap_fixed_22_12_4_0_0_120u_config9_U0/grp_dense_resource_rf_leq_nin_ap_fixed_ap_fixed_22_12_4_0_0_config9_s_fu_1321/mul_22s_22s_44_1_1_U808/tmp_product/DSP_OUTPUT_INST/P[3]
                         net (fo=1, unplaced)         0.222     3.552    dense_array_ap_fixed_16u_array_ap_fixed_22_12_4_0_0_120u_config9_U0/grp_dense_resource_rf_leq_nin_ap_fixed_ap_fixed_22_12_4_0_0_config9_s_fu_1321/mul_22s_22s_44_1_1_U808/mul_ln73_58_fu_11978_p2[3]
                         LUT6 (Prop_LUT6_I0_O)        0.150     3.702 r  dense_array_ap_fixed_16u_array_ap_fixed_22_12_4_0_0_120u_config9_U0/grp_dense_resource_rf_leq_nin_ap_fixed_ap_fixed_22_12_4_0_0_config9_s_fu_1321/mul_22s_22s_44_1_1_U808/add_ln58_116_reg_95881[7]_i_4/O
                         net (fo=1, unplaced)         0.186     3.888    dense_array_ap_fixed_16u_array_ap_fixed_22_12_4_0_0_120u_config9_U0/grp_dense_resource_rf_leq_nin_ap_fixed_ap_fixed_22_12_4_0_0_config9_s_fu_1321/mul_22s_22s_44_1_1_U808/add_ln58_116_reg_95881[7]_i_4_n_0
                         LUT4 (Prop_LUT4_I2_O)        0.038     3.926 r  dense_array_ap_fixed_16u_array_ap_fixed_22_12_4_0_0_120u_config9_U0/grp_dense_resource_rf_leq_nin_ap_fixed_ap_fixed_22_12_4_0_0_config9_s_fu_1321/mul_22s_22s_44_1_1_U808/add_ln58_116_reg_95881[7]_i_2/O
                         net (fo=1, unplaced)         0.020     3.946    dense_array_ap_fixed_16u_array_ap_fixed_22_12_4_0_0_120u_config9_U0/grp_dense_resource_rf_leq_nin_ap_fixed_ap_fixed_22_12_4_0_0_config9_s_fu_1321/mul_22s_22s_44_1_1_U808/add_ln58_116_reg_95881[7]_i_2_n_0
                         CARRY8 (Prop_CARRY8_S[0]_CO[7])
                                                      0.199     4.145 r  dense_array_ap_fixed_16u_array_ap_fixed_22_12_4_0_0_120u_config9_U0/grp_dense_resource_rf_leq_nin_ap_fixed_ap_fixed_22_12_4_0_0_config9_s_fu_1321/mul_22s_22s_44_1_1_U808/add_ln58_116_reg_95881_reg[7]_i_1/CO[7]
                         net (fo=1, unplaced)         0.005     4.150    dense_array_ap_fixed_16u_array_ap_fixed_22_12_4_0_0_120u_config9_U0/grp_dense_resource_rf_leq_nin_ap_fixed_ap_fixed_22_12_4_0_0_config9_s_fu_1321/mul_22s_22s_44_1_1_U808/add_ln58_116_reg_95881_reg[7]_i_1_n_0
                         CARRY8 (Prop_CARRY8_CI_CO[7])
                                                      0.022     4.172 r  dense_array_ap_fixed_16u_array_ap_fixed_22_12_4_0_0_120u_config9_U0/grp_dense_resource_rf_leq_nin_ap_fixed_ap_fixed_22_12_4_0_0_config9_s_fu_1321/mul_22s_22s_44_1_1_U808/add_ln58_116_reg_95881_reg[15]_i_1/CO[7]
                         net (fo=1, unplaced)         0.005     4.177    dense_array_ap_fixed_16u_array_ap_fixed_22_12_4_0_0_120u_config9_U0/grp_dense_resource_rf_leq_nin_ap_fixed_ap_fixed_22_12_4_0_0_config9_s_fu_1321/mul_22s_22s_44_1_1_U808/add_ln58_116_reg_95881_reg[15]_i_1_n_0
                         CARRY8 (Prop_CARRY8_CI_O[5])
                                                      0.116     4.293 r  dense_array_ap_fixed_16u_array_ap_fixed_22_12_4_0_0_120u_config9_U0/grp_dense_resource_rf_leq_nin_ap_fixed_ap_fixed_22_12_4_0_0_config9_s_fu_1321/mul_22s_22s_44_1_1_U808/add_ln58_116_reg_95881_reg[21]_i_1/O[5]
                         net (fo=3, unplaced)         0.147     4.440    dense_array_ap_fixed_16u_array_ap_fixed_22_12_4_0_0_120u_config9_U0/grp_dense_resource_rf_leq_nin_ap_fixed_ap_fixed_22_12_4_0_0_config9_s_fu_1321/mul_22s_22s_44_1_1_U808/D[21]
                         LUT6 (Prop_LUT6_I1_O)        0.053     4.493 f  dense_array_ap_fixed_16u_array_ap_fixed_22_12_4_0_0_120u_config9_U0/grp_dense_resource_rf_leq_nin_ap_fixed_ap_fixed_22_12_4_0_0_config9_s_fu_1321/mul_22s_22s_44_1_1_U808/and_ln58_468_reg_95886[0]_i_4/O
                         net (fo=1, unplaced)         0.186     4.679    dense_array_ap_fixed_16u_array_ap_fixed_22_12_4_0_0_120u_config9_U0/grp_dense_resource_rf_leq_nin_ap_fixed_ap_fixed_22_12_4_0_0_config9_s_fu_1321/mul_22s_22s_44_1_1_U808/and_ln58_468_reg_95886[0]_i_4_n_0
                         LUT5 (Prop_LUT5_I4_O)        0.038     4.717 r  dense_array_ap_fixed_16u_array_ap_fixed_22_12_4_0_0_120u_config9_U0/grp_dense_resource_rf_leq_nin_ap_fixed_ap_fixed_22_12_4_0_0_config9_s_fu_1321/mul_22s_22s_44_1_1_U808/and_ln58_468_reg_95886[0]_i_2/O
                         net (fo=2, unplaced)         0.186     4.903    dense_array_ap_fixed_16u_array_ap_fixed_22_12_4_0_0_120u_config9_U0/grp_dense_resource_rf_leq_nin_ap_fixed_ap_fixed_22_12_4_0_0_config9_s_fu_1321/mul_22s_22s_44_1_1_U808/and_ln58_468_reg_95886[0]_i_2_n_0
                         LUT3 (Prop_LUT3_I2_O)        0.070     4.973 r  dense_array_ap_fixed_16u_array_ap_fixed_22_12_4_0_0_120u_config9_U0/grp_dense_resource_rf_leq_nin_ap_fixed_ap_fixed_22_12_4_0_0_config9_s_fu_1321/mul_22s_22s_44_1_1_U808/or_ln58_176_reg_95891[0]_i_1/O
                         net (fo=1, unplaced)         0.048     5.021    dense_array_ap_fixed_16u_array_ap_fixed_22_12_4_0_0_120u_config9_U0/grp_dense_resource_rf_leq_nin_ap_fixed_ap_fixed_22_12_4_0_0_config9_s_fu_1321/or_ln58_176_fu_21447_p2
                         FDRE                                         r  dense_array_ap_fixed_16u_array_ap_fixed_22_12_4_0_0_120u_config9_U0/grp_dense_resource_rf_leq_nin_ap_fixed_ap_fixed_22_12_4_0_0_config9_s_fu_1321/or_ln58_176_reg_95891_reg[0]/D
  -------------------------------------------------------------------    -------------------

                         (clock ap_clk rise edge)    10.000    10.000 r  
                                                      0.000    10.000 r  ap_clk (IN)
                         net (fo=76463, unset)        0.021    10.021    dense_array_ap_fixed_16u_array_ap_fixed_22_12_4_0_0_120u_config9_U0/grp_dense_resource_rf_leq_nin_ap_fixed_ap_fixed_22_12_4_0_0_config9_s_fu_1321/ap_clk
                         FDRE                                         r  dense_array_ap_fixed_16u_array_ap_fixed_22_12_4_0_0_120u_config9_U0/grp_dense_resource_rf_leq_nin_ap_fixed_ap_fixed_22_12_4_0_0_config9_s_fu_1321/or_ln58_176_reg_95891_reg[0]/C
                         clock pessimism              0.000    10.021    
                         clock uncertainty           -0.035     9.986    
                         FDRE (Setup_FDRE_C_D)        0.025    10.011    dense_array_ap_fixed_16u_array_ap_fixed_22_12_4_0_0_120u_config9_U0/grp_dense_resource_rf_leq_nin_ap_fixed_ap_fixed_22_12_4_0_0_config9_s_fu_1321/or_ln58_176_reg_95891_reg[0]
  -------------------------------------------------------------------
                         required time                         10.011    
                         arrival time                          -5.021    
  -------------------------------------------------------------------
                         slack                                  4.990    

Slack (MET) :             4.990ns  (required time - arrival time)
  Source:                 dense_array_ap_fixed_16u_array_ap_fixed_22_12_4_0_0_120u_config9_U0/grp_dense_resource_rf_leq_nin_ap_fixed_ap_fixed_22_12_4_0_0_config9_s_fu_1321/do_init_reg_3495_reg[0]/C
                            (rising edge-triggered cell FDRE clocked by ap_clk  {rise@0.000ns fall@5.000ns period=10.000ns})
  Destination:            dense_array_ap_fixed_16u_array_ap_fixed_22_12_4_0_0_120u_config9_U0/grp_dense_resource_rf_leq_nin_ap_fixed_ap_fixed_22_12_4_0_0_config9_s_fu_1321/or_ln58_188_reg_95931_reg[0]/D
                            (rising edge-triggered cell FDRE clocked by ap_clk  {rise@0.000ns fall@5.000ns period=10.000ns})
  Path Group:             ap_clk
  Path Type:              Setup (Max at Slow Process Corner)
  Requirement:            10.000ns  (ap_clk rise@10.000ns - ap_clk rise@0.000ns)
  Data Path Delay:        4.991ns  (logic 2.611ns (52.319%)  route 2.380ns (47.681%))
  Logic Levels:           20  (CARRY8=3 DSP_A_B_DATA=1 DSP_ALU=1 DSP_M_DATA=1 DSP_MULTIPLIER=1 DSP_OUTPUT=1 DSP_PREADD_DATA=1 LUT3=1 LUT4=1 LUT5=1 LUT6=4 MUXF7=2 MUXF8=2)
  Clock Path Skew:        -0.009ns (DCD - SCD + CPR)
    Destination Clock Delay (DCD):    0.021ns = ( 10.021 - 10.000 ) 
    Source Clock Delay      (SCD):    0.030ns
    Clock Pessimism Removal (CPR):    0.000ns
  Clock Uncertainty:      0.035ns  ((TSJ^2 + TIJ^2)^1/2 + DJ) / 2 + PE
    Total System Jitter     (TSJ):    0.071ns
    Total Input Jitter      (TIJ):    0.000ns
    Discrete Jitter          (DJ):    0.000ns
    Phase Error              (PE):    0.000ns

    Location             Delay type                Incr(ns)  Path(ns)    Netlist Resource(s)
  -------------------------------------------------------------------    -------------------
                         (clock ap_clk rise edge)     0.000     0.000 r  
                                                      0.000     0.000 r  ap_clk (IN)
                         net (fo=76463, unset)        0.030     0.030    dense_array_ap_fixed_16u_array_ap_fixed_22_12_4_0_0_120u_config9_U0/grp_dense_resource_rf_leq_nin_ap_fixed_ap_fixed_22_12_4_0_0_config9_s_fu_1321/ap_clk
                         FDRE                                         r  dense_array_ap_fixed_16u_array_ap_fixed_22_12_4_0_0_120u_config9_U0/grp_dense_resource_rf_leq_nin_ap_fixed_ap_fixed_22_12_4_0_0_config9_s_fu_1321/do_init_reg_3495_reg[0]/C
  -------------------------------------------------------------------    -------------------
                         FDRE (Prop_FDRE_C_Q)         0.077     0.107 r  dense_array_ap_fixed_16u_array_ap_fixed_22_12_4_0_0_120u_config9_U0/grp_dense_resource_rf_leq_nin_ap_fixed_ap_fixed_22_12_4_0_0_config9_s_fu_1321/do_init_reg_3495_reg[0]/Q
                         net (fo=8449, unplaced)      0.323     0.430    dense_array_ap_fixed_16u_array_ap_fixed_22_12_4_0_0_120u_config9_U0/grp_dense_resource_rf_leq_nin_ap_fixed_ap_fixed_22_12_4_0_0_config9_s_fu_1321/mul_22s_22s_44_1_1_U781/do_init_reg_3495
                         LUT6 (Prop_LUT6_I5_O)        0.037     0.467 f  dense_array_ap_fixed_16u_array_ap_fixed_22_12_4_0_0_120u_config9_U0/grp_dense_resource_rf_leq_nin_ap_fixed_ap_fixed_22_12_4_0_0_config9_s_fu_1321/mul_22s_22s_44_1_1_U781/tmp_product_i_2555__0/O
                         net (fo=1, unplaced)         0.032     0.499    dense_array_ap_fixed_16u_array_ap_fixed_22_12_4_0_0_120u_config9_U0/grp_dense_resource_rf_leq_nin_ap_fixed_ap_fixed_22_12_4_0_0_config9_s_fu_1321/mul_22s_22s_44_1_1_U781/tmp_product_i_2555__0_n_0
                         MUXF7 (Prop_MUXF7_I0_O)      0.069     0.568 f  dense_array_ap_fixed_16u_array_ap_fixed_22_12_4_0_0_120u_config9_U0/grp_dense_resource_rf_leq_nin_ap_fixed_ap_fixed_22_12_4_0_0_config9_s_fu_1321/mul_22s_22s_44_1_1_U781/tmp_product_i_1179__0/O
                         net (fo=1, unplaced)         0.000     0.568    dense_array_ap_fixed_16u_array_ap_fixed_22_12_4_0_0_120u_config9_U0/grp_dense_resource_rf_leq_nin_ap_fixed_ap_fixed_22_12_4_0_0_config9_s_fu_1321/mul_22s_22s_44_1_1_U781/tmp_product_i_1179__0_n_0
                         MUXF8 (Prop_MUXF8_I0_O)      0.030     0.598 f  dense_array_ap_fixed_16u_array_ap_fixed_22_12_4_0_0_120u_config9_U0/grp_dense_resource_rf_leq_nin_ap_fixed_ap_fixed_22_12_4_0_0_config9_s_fu_1321/mul_22s_22s_44_1_1_U781/tmp_product_i_491__0/O
                         net (fo=1, unplaced)         0.186     0.784    dense_array_ap_fixed_16u_array_ap_fixed_22_12_4_0_0_120u_config9_U0/grp_dense_resource_rf_leq_nin_ap_fixed_ap_fixed_22_12_4_0_0_config9_s_fu_1321/mul_22s_22s_44_1_1_U781/tmp_product_i_491__0_n_0
                         LUT6 (Prop_LUT6_I0_O)        0.099     0.883 f  dense_array_ap_fixed_16u_array_ap_fixed_22_12_4_0_0_120u_config9_U0/grp_dense_resource_rf_leq_nin_ap_fixed_ap_fixed_22_12_4_0_0_config9_s_fu_1321/mul_22s_22s_44_1_1_U781/tmp_product_i_151__0/O
                         net (fo=1, unplaced)         0.032     0.915    dense_array_ap_fixed_16u_array_ap_fixed_22_12_4_0_0_120u_config9_U0/grp_dense_resource_rf_leq_nin_ap_fixed_ap_fixed_22_12_4_0_0_config9_s_fu_1321/mul_22s_22s_44_1_1_U781/tmp_product_i_151__0_n_0
                         MUXF7 (Prop_MUXF7_I0_O)      0.069     0.984 f  dense_array_ap_fixed_16u_array_ap_fixed_22_12_4_0_0_120u_config9_U0/grp_dense_resource_rf_leq_nin_ap_fixed_ap_fixed_22_12_4_0_0_config9_s_fu_1321/mul_22s_22s_44_1_1_U781/tmp_product_i_65__0/O
                         net (fo=1, unplaced)         0.000     0.984    dense_array_ap_fixed_16u_array_ap_fixed_22_12_4_0_0_120u_config9_U0/grp_dense_resource_rf_leq_nin_ap_fixed_ap_fixed_22_12_4_0_0_config9_s_fu_1321/mul_22s_22s_44_1_1_U781/tmp_product_i_65__0_n_0
                         MUXF8 (Prop_MUXF8_I0_O)      0.030     1.014 f  dense_array_ap_fixed_16u_array_ap_fixed_22_12_4_0_0_120u_config9_U0/grp_dense_resource_rf_leq_nin_ap_fixed_ap_fixed_22_12_4_0_0_config9_s_fu_1321/mul_22s_22s_44_1_1_U781/tmp_product_i_22__0/O
                         net (fo=1146, unplaced)      0.802     1.816    dense_array_ap_fixed_16u_array_ap_fixed_22_12_4_0_0_120u_config9_U0/grp_dense_resource_rf_leq_nin_ap_fixed_ap_fixed_22_12_4_0_0_config9_s_fu_1321/mul_22s_22s_44_1_1_U810/tmp_product/A[0]
                         DSP_A_B_DATA (Prop_DSP_A_B_DATA_A[0]_A2_DATA[0])
                                                      0.192     2.008 r  dense_array_ap_fixed_16u_array_ap_fixed_22_12_4_0_0_120u_config9_U0/grp_dense_resource_rf_leq_nin_ap_fixed_ap_fixed_22_12_4_0_0_config9_s_fu_1321/mul_22s_22s_44_1_1_U810/tmp_product/DSP_A_B_DATA_INST/A2_DATA[0]
                         net (fo=1, unplaced)         0.000     2.008    dense_array_ap_fixed_16u_array_ap_fixed_22_12_4_0_0_120u_config9_U0/grp_dense_resource_rf_leq_nin_ap_fixed_ap_fixed_22_12_4_0_0_config9_s_fu_1321/mul_22s_22s_44_1_1_U810/tmp_product/DSP_A_B_DATA.A2_DATA<0>
                         DSP_PREADD_DATA (Prop_DSP_PREADD_DATA_A2_DATA[0]_A2A1[0])
                                                      0.076     2.084 r  dense_array_ap_fixed_16u_array_ap_fixed_22_12_4_0_0_120u_config9_U0/grp_dense_resource_rf_leq_nin_ap_fixed_ap_fixed_22_12_4_0_0_config9_s_fu_1321/mul_22s_22s_44_1_1_U810/tmp_product/DSP_PREADD_DATA_INST/A2A1[0]
                         net (fo=1, unplaced)         0.000     2.084    dense_array_ap_fixed_16u_array_ap_fixed_22_12_4_0_0_120u_config9_U0/grp_dense_resource_rf_leq_nin_ap_fixed_ap_fixed_22_12_4_0_0_config9_s_fu_1321/mul_22s_22s_44_1_1_U810/tmp_product/DSP_PREADD_DATA.A2A1<0>
                         DSP_MULTIPLIER (Prop_DSP_MULTIPLIER_A2A1[0]_U[3])
                                                      0.505     2.589 f  dense_array_ap_fixed_16u_array_ap_fixed_22_12_4_0_0_120u_config9_U0/grp_dense_resource_rf_leq_nin_ap_fixed_ap_fixed_22_12_4_0_0_config9_s_fu_1321/mul_22s_22s_44_1_1_U810/tmp_product/DSP_MULTIPLIER_INST/U[3]
                         net (fo=1, unplaced)         0.000     2.589    dense_array_ap_fixed_16u_array_ap_fixed_22_12_4_0_0_120u_config9_U0/grp_dense_resource_rf_leq_nin_ap_fixed_ap_fixed_22_12_4_0_0_config9_s_fu_1321/mul_22s_22s_44_1_1_U810/tmp_product/DSP_MULTIPLIER.U<3>
                         DSP_M_DATA (Prop_DSP_M_DATA_U[3]_U_DATA[3])
                                                      0.047     2.636 r  dense_array_ap_fixed_16u_array_ap_fixed_22_12_4_0_0_120u_config9_U0/grp_dense_resource_rf_leq_nin_ap_fixed_ap_fixed_22_12_4_0_0_config9_s_fu_1321/mul_22s_22s_44_1_1_U810/tmp_product/DSP_M_DATA_INST/U_DATA[3]
                         net (fo=1, unplaced)         0.000     2.636    dense_array_ap_fixed_16u_array_ap_fixed_22_12_4_0_0_120u_config9_U0/grp_dense_resource_rf_leq_nin_ap_fixed_ap_fixed_22_12_4_0_0_config9_s_fu_1321/mul_22s_22s_44_1_1_U810/tmp_product/DSP_M_DATA.U_DATA<3>
                         DSP_ALU (Prop_DSP_ALU_U_DATA[3]_ALU_OUT[3])
                                                      0.585     3.221 f  dense_array_ap_fixed_16u_array_ap_fixed_22_12_4_0_0_120u_config9_U0/grp_dense_resource_rf_leq_nin_ap_fixed_ap_fixed_22_12_4_0_0_config9_s_fu_1321/mul_22s_22s_44_1_1_U810/tmp_product/DSP_ALU_INST/ALU_OUT[3]
                         net (fo=1, unplaced)         0.000     3.221    dense_array_ap_fixed_16u_array_ap_fixed_22_12_4_0_0_120u_config9_U0/grp_dense_resource_rf_leq_nin_ap_fixed_ap_fixed_22_12_4_0_0_config9_s_fu_1321/mul_22s_22s_44_1_1_U810/tmp_product/DSP_ALU.ALU_OUT<3>
                         DSP_OUTPUT (Prop_DSP_OUTPUT_ALU_OUT[3]_P[3])
                                                      0.109     3.330 r  dense_array_ap_fixed_16u_array_ap_fixed_22_12_4_0_0_120u_config9_U0/grp_dense_resource_rf_leq_nin_ap_fixed_ap_fixed_22_12_4_0_0_config9_s_fu_1321/mul_22s_22s_44_1_1_U810/tmp_product/DSP_OUTPUT_INST/P[3]
                         net (fo=1, unplaced)         0.222     3.552    dense_array_ap_fixed_16u_array_ap_fixed_22_12_4_0_0_120u_config9_U0/grp_dense_resource_rf_leq_nin_ap_fixed_ap_fixed_22_12_4_0_0_config9_s_fu_1321/mul_22s_22s_44_1_1_U810/mul_ln73_62_fu_11986_p2[3]
                         LUT6 (Prop_LUT6_I0_O)        0.150     3.702 r  dense_array_ap_fixed_16u_array_ap_fixed_22_12_4_0_0_120u_config9_U0/grp_dense_resource_rf_leq_nin_ap_fixed_ap_fixed_22_12_4_0_0_config9_s_fu_1321/mul_22s_22s_44_1_1_U810/add_ln58_124_reg_95921[7]_i_4/O
                         net (fo=1, unplaced)         0.186     3.888    dense_array_ap_fixed_16u_array_ap_fixed_22_12_4_0_0_120u_config9_U0/grp_dense_resource_rf_leq_nin_ap_fixed_ap_fixed_22_12_4_0_0_config9_s_fu_1321/mul_22s_22s_44_1_1_U810/add_ln58_124_reg_95921[7]_i_4_n_0
                         LUT4 (Prop_LUT4_I2_O)        0.038     3.926 r  dense_array_ap_fixed_16u_array_ap_fixed_22_12_4_0_0_120u_config9_U0/grp_dense_resource_rf_leq_nin_ap_fixed_ap_fixed_22_12_4_0_0_config9_s_fu_1321/mul_22s_22s_44_1_1_U810/add_ln58_124_reg_95921[7]_i_2/O
                         net (fo=1, unplaced)         0.020     3.946    dense_array_ap_fixed_16u_array_ap_fixed_22_12_4_0_0_120u_config9_U0/grp_dense_resource_rf_leq_nin_ap_fixed_ap_fixed_22_12_4_0_0_config9_s_fu_1321/mul_22s_22s_44_1_1_U810/add_ln58_124_reg_95921[7]_i_2_n_0
                         CARRY8 (Prop_CARRY8_S[0]_CO[7])
                                                      0.199     4.145 r  dense_array_ap_fixed_16u_array_ap_fixed_22_12_4_0_0_120u_config9_U0/grp_dense_resource_rf_leq_nin_ap_fixed_ap_fixed_22_12_4_0_0_config9_s_fu_1321/mul_22s_22s_44_1_1_U810/add_ln58_124_reg_95921_reg[7]_i_1/CO[7]
                         net (fo=1, unplaced)         0.005     4.150    dense_array_ap_fixed_16u_array_ap_fixed_22_12_4_0_0_120u_config9_U0/grp_dense_resource_rf_leq_nin_ap_fixed_ap_fixed_22_12_4_0_0_config9_s_fu_1321/mul_22s_22s_44_1_1_U810/add_ln58_124_reg_95921_reg[7]_i_1_n_0
                         CARRY8 (Prop_CARRY8_CI_CO[7])
                                                      0.022     4.172 r  dense_array_ap_fixed_16u_array_ap_fixed_22_12_4_0_0_120u_config9_U0/grp_dense_resource_rf_leq_nin_ap_fixed_ap_fixed_22_12_4_0_0_config9_s_fu_1321/mul_22s_22s_44_1_1_U810/add_ln58_124_reg_95921_reg[15]_i_1/CO[7]
                         net (fo=1, unplaced)         0.005     4.177    dense_array_ap_fixed_16u_array_ap_fixed_22_12_4_0_0_120u_config9_U0/grp_dense_resource_rf_leq_nin_ap_fixed_ap_fixed_22_12_4_0_0_config9_s_fu_1321/mul_22s_22s_44_1_1_U810/add_ln58_124_reg_95921_reg[15]_i_1_n_0
                         CARRY8 (Prop_CARRY8_CI_O[5])
                                                      0.116     4.293 r  dense_array_ap_fixed_16u_array_ap_fixed_22_12_4_0_0_120u_config9_U0/grp_dense_resource_rf_leq_nin_ap_fixed_ap_fixed_22_12_4_0_0_config9_s_fu_1321/mul_22s_22s_44_1_1_U810/add_ln58_124_reg_95921_reg[21]_i_1/O[5]
                         net (fo=3, unplaced)         0.147     4.440    dense_array_ap_fixed_16u_array_ap_fixed_22_12_4_0_0_120u_config9_U0/grp_dense_resource_rf_leq_nin_ap_fixed_ap_fixed_22_12_4_0_0_config9_s_fu_1321/mul_22s_22s_44_1_1_U810/D[21]
                         LUT6 (Prop_LUT6_I1_O)        0.053     4.493 f  dense_array_ap_fixed_16u_array_ap_fixed_22_12_4_0_0_120u_config9_U0/grp_dense_resource_rf_leq_nin_ap_fixed_ap_fixed_22_12_4_0_0_config9_s_fu_1321/mul_22s_22s_44_1_1_U810/and_ln58_500_reg_95926[0]_i_4/O
                         net (fo=1, unplaced)         0.186     4.679    dense_array_ap_fixed_16u_array_ap_fixed_22_12_4_0_0_120u_config9_U0/grp_dense_resource_rf_leq_nin_ap_fixed_ap_fixed_22_12_4_0_0_config9_s_fu_1321/mul_22s_22s_44_1_1_U810/and_ln58_500_reg_95926[0]_i_4_n_0
                         LUT5 (Prop_LUT5_I4_O)        0.038     4.717 r  dense_array_ap_fixed_16u_array_ap_fixed_22_12_4_0_0_120u_config9_U0/grp_dense_resource_rf_leq_nin_ap_fixed_ap_fixed_22_12_4_0_0_config9_s_fu_1321/mul_22s_22s_44_1_1_U810/and_ln58_500_reg_95926[0]_i_2/O
                         net (fo=2, unplaced)         0.186     4.903    dense_array_ap_fixed_16u_array_ap_fixed_22_12_4_0_0_120u_config9_U0/grp_dense_resource_rf_leq_nin_ap_fixed_ap_fixed_22_12_4_0_0_config9_s_fu_1321/mul_22s_22s_44_1_1_U810/and_ln58_500_reg_95926[0]_i_2_n_0
                         LUT3 (Prop_LUT3_I2_O)        0.070     4.973 r  dense_array_ap_fixed_16u_array_ap_fixed_22_12_4_0_0_120u_config9_U0/grp_dense_resource_rf_leq_nin_ap_fixed_ap_fixed_22_12_4_0_0_config9_s_fu_1321/mul_22s_22s_44_1_1_U810/or_ln58_188_reg_95931[0]_i_1/O
                         net (fo=1, unplaced)         0.048     5.021    dense_array_ap_fixed_16u_array_ap_fixed_22_12_4_0_0_120u_config9_U0/grp_dense_resource_rf_leq_nin_ap_fixed_ap_fixed_22_12_4_0_0_config9_s_fu_1321/or_ln58_188_fu_21945_p2
                         FDRE                                         r  dense_array_ap_fixed_16u_array_ap_fixed_22_12_4_0_0_120u_config9_U0/grp_dense_resource_rf_leq_nin_ap_fixed_ap_fixed_22_12_4_0_0_config9_s_fu_1321/or_ln58_188_reg_95931_reg[0]/D
  -------------------------------------------------------------------    -------------------

                         (clock ap_clk rise edge)    10.000    10.000 r  
                                                      0.000    10.000 r  ap_clk (IN)
                         net (fo=76463, unset)        0.021    10.021    dense_array_ap_fixed_16u_array_ap_fixed_22_12_4_0_0_120u_config9_U0/grp_dense_resource_rf_leq_nin_ap_fixed_ap_fixed_22_12_4_0_0_config9_s_fu_1321/ap_clk
                         FDRE                                         r  dense_array_ap_fixed_16u_array_ap_fixed_22_12_4_0_0_120u_config9_U0/grp_dense_resource_rf_leq_nin_ap_fixed_ap_fixed_22_12_4_0_0_config9_s_fu_1321/or_ln58_188_reg_95931_reg[0]/C
                         clock pessimism              0.000    10.021    
                         clock uncertainty           -0.035     9.986    
                         FDRE (Setup_FDRE_C_D)        0.025    10.011    dense_array_ap_fixed_16u_array_ap_fixed_22_12_4_0_0_120u_config9_U0/grp_dense_resource_rf_leq_nin_ap_fixed_ap_fixed_22_12_4_0_0_config9_s_fu_1321/or_ln58_188_reg_95931_reg[0]
  -------------------------------------------------------------------
                         required time                         10.011    
                         arrival time                          -5.021    
  -------------------------------------------------------------------
                         slack                                  4.990    

Slack (MET) :             4.990ns  (required time - arrival time)
  Source:                 dense_array_ap_fixed_16u_array_ap_fixed_22_12_4_0_0_120u_config9_U0/grp_dense_resource_rf_leq_nin_ap_fixed_ap_fixed_22_12_4_0_0_config9_s_fu_1321/do_init_reg_3495_reg[0]/C
                            (rising edge-triggered cell FDRE clocked by ap_clk  {rise@0.000ns fall@5.000ns period=10.000ns})
  Destination:            dense_array_ap_fixed_16u_array_ap_fixed_22_12_4_0_0_120u_config9_U0/grp_dense_resource_rf_leq_nin_ap_fixed_ap_fixed_22_12_4_0_0_config9_s_fu_1321/or_ln58_20_reg_95371_reg[0]/D
                            (rising edge-triggered cell FDRE clocked by ap_clk  {rise@0.000ns fall@5.000ns period=10.000ns})
  Path Group:             ap_clk
  Path Type:              Setup (Max at Slow Process Corner)
  Requirement:            10.000ns  (ap_clk rise@10.000ns - ap_clk rise@0.000ns)
  Data Path Delay:        4.991ns  (logic 2.611ns (52.319%)  route 2.380ns (47.681%))
  Logic Levels:           20  (CARRY8=3 DSP_A_B_DATA=1 DSP_ALU=1 DSP_M_DATA=1 DSP_MULTIPLIER=1 DSP_OUTPUT=1 DSP_PREADD_DATA=1 LUT3=1 LUT4=1 LUT5=1 LUT6=4 MUXF7=2 MUXF8=2)
  Clock Path Skew:        -0.009ns (DCD - SCD + CPR)
    Destination Clock Delay (DCD):    0.021ns = ( 10.021 - 10.000 ) 
    Source Clock Delay      (SCD):    0.030ns
    Clock Pessimism Removal (CPR):    0.000ns
  Clock Uncertainty:      0.035ns  ((TSJ^2 + TIJ^2)^1/2 + DJ) / 2 + PE
    Total System Jitter     (TSJ):    0.071ns
    Total Input Jitter      (TIJ):    0.000ns
    Discrete Jitter          (DJ):    0.000ns
    Phase Error              (PE):    0.000ns

    Location             Delay type                Incr(ns)  Path(ns)    Netlist Resource(s)
  -------------------------------------------------------------------    -------------------
                         (clock ap_clk rise edge)     0.000     0.000 r  
                                                      0.000     0.000 r  ap_clk (IN)
                         net (fo=76463, unset)        0.030     0.030    dense_array_ap_fixed_16u_array_ap_fixed_22_12_4_0_0_120u_config9_U0/grp_dense_resource_rf_leq_nin_ap_fixed_ap_fixed_22_12_4_0_0_config9_s_fu_1321/ap_clk
                         FDRE                                         r  dense_array_ap_fixed_16u_array_ap_fixed_22_12_4_0_0_120u_config9_U0/grp_dense_resource_rf_leq_nin_ap_fixed_ap_fixed_22_12_4_0_0_config9_s_fu_1321/do_init_reg_3495_reg[0]/C
  -------------------------------------------------------------------    -------------------
                         FDRE (Prop_FDRE_C_Q)         0.077     0.107 r  dense_array_ap_fixed_16u_array_ap_fixed_22_12_4_0_0_120u_config9_U0/grp_dense_resource_rf_leq_nin_ap_fixed_ap_fixed_22_12_4_0_0_config9_s_fu_1321/do_init_reg_3495_reg[0]/Q
                         net (fo=8449, unplaced)      0.323     0.430    dense_array_ap_fixed_16u_array_ap_fixed_22_12_4_0_0_120u_config9_U0/grp_dense_resource_rf_leq_nin_ap_fixed_ap_fixed_22_12_4_0_0_config9_s_fu_1321/mul_22s_22s_44_1_1_U781/do_init_reg_3495
                         LUT6 (Prop_LUT6_I5_O)        0.037     0.467 f  dense_array_ap_fixed_16u_array_ap_fixed_22_12_4_0_0_120u_config9_U0/grp_dense_resource_rf_leq_nin_ap_fixed_ap_fixed_22_12_4_0_0_config9_s_fu_1321/mul_22s_22s_44_1_1_U781/tmp_product_i_2555__0/O
                         net (fo=1, unplaced)         0.032     0.499    dense_array_ap_fixed_16u_array_ap_fixed_22_12_4_0_0_120u_config9_U0/grp_dense_resource_rf_leq_nin_ap_fixed_ap_fixed_22_12_4_0_0_config9_s_fu_1321/mul_22s_22s_44_1_1_U781/tmp_product_i_2555__0_n_0
                         MUXF7 (Prop_MUXF7_I0_O)      0.069     0.568 f  dense_array_ap_fixed_16u_array_ap_fixed_22_12_4_0_0_120u_config9_U0/grp_dense_resource_rf_leq_nin_ap_fixed_ap_fixed_22_12_4_0_0_config9_s_fu_1321/mul_22s_22s_44_1_1_U781/tmp_product_i_1179__0/O
                         net (fo=1, unplaced)         0.000     0.568    dense_array_ap_fixed_16u_array_ap_fixed_22_12_4_0_0_120u_config9_U0/grp_dense_resource_rf_leq_nin_ap_fixed_ap_fixed_22_12_4_0_0_config9_s_fu_1321/mul_22s_22s_44_1_1_U781/tmp_product_i_1179__0_n_0
                         MUXF8 (Prop_MUXF8_I0_O)      0.030     0.598 f  dense_array_ap_fixed_16u_array_ap_fixed_22_12_4_0_0_120u_config9_U0/grp_dense_resource_rf_leq_nin_ap_fixed_ap_fixed_22_12_4_0_0_config9_s_fu_1321/mul_22s_22s_44_1_1_U781/tmp_product_i_491__0/O
                         net (fo=1, unplaced)         0.186     0.784    dense_array_ap_fixed_16u_array_ap_fixed_22_12_4_0_0_120u_config9_U0/grp_dense_resource_rf_leq_nin_ap_fixed_ap_fixed_22_12_4_0_0_config9_s_fu_1321/mul_22s_22s_44_1_1_U781/tmp_product_i_491__0_n_0
                         LUT6 (Prop_LUT6_I0_O)        0.099     0.883 f  dense_array_ap_fixed_16u_array_ap_fixed_22_12_4_0_0_120u_config9_U0/grp_dense_resource_rf_leq_nin_ap_fixed_ap_fixed_22_12_4_0_0_config9_s_fu_1321/mul_22s_22s_44_1_1_U781/tmp_product_i_151__0/O
                         net (fo=1, unplaced)         0.032     0.915    dense_array_ap_fixed_16u_array_ap_fixed_22_12_4_0_0_120u_config9_U0/grp_dense_resource_rf_leq_nin_ap_fixed_ap_fixed_22_12_4_0_0_config9_s_fu_1321/mul_22s_22s_44_1_1_U781/tmp_product_i_151__0_n_0
                         MUXF7 (Prop_MUXF7_I0_O)      0.069     0.984 f  dense_array_ap_fixed_16u_array_ap_fixed_22_12_4_0_0_120u_config9_U0/grp_dense_resource_rf_leq_nin_ap_fixed_ap_fixed_22_12_4_0_0_config9_s_fu_1321/mul_22s_22s_44_1_1_U781/tmp_product_i_65__0/O
                         net (fo=1, unplaced)         0.000     0.984    dense_array_ap_fixed_16u_array_ap_fixed_22_12_4_0_0_120u_config9_U0/grp_dense_resource_rf_leq_nin_ap_fixed_ap_fixed_22_12_4_0_0_config9_s_fu_1321/mul_22s_22s_44_1_1_U781/tmp_product_i_65__0_n_0
                         MUXF8 (Prop_MUXF8_I0_O)      0.030     1.014 f  dense_array_ap_fixed_16u_array_ap_fixed_22_12_4_0_0_120u_config9_U0/grp_dense_resource_rf_leq_nin_ap_fixed_ap_fixed_22_12_4_0_0_config9_s_fu_1321/mul_22s_22s_44_1_1_U781/tmp_product_i_22__0/O
                         net (fo=1146, unplaced)      0.802     1.816    dense_array_ap_fixed_16u_array_ap_fixed_22_12_4_0_0_120u_config9_U0/grp_dense_resource_rf_leq_nin_ap_fixed_ap_fixed_22_12_4_0_0_config9_s_fu_1321/mul_22s_22s_44_1_1_U782/tmp_product/A[0]
                         DSP_A_B_DATA (Prop_DSP_A_B_DATA_A[0]_A2_DATA[0])
                                                      0.192     2.008 r  dense_array_ap_fixed_16u_array_ap_fixed_22_12_4_0_0_120u_config9_U0/grp_dense_resource_rf_leq_nin_ap_fixed_ap_fixed_22_12_4_0_0_config9_s_fu_1321/mul_22s_22s_44_1_1_U782/tmp_product/DSP_A_B_DATA_INST/A2_DATA[0]
                         net (fo=1, unplaced)         0.000     2.008    dense_array_ap_fixed_16u_array_ap_fixed_22_12_4_0_0_120u_config9_U0/grp_dense_resource_rf_leq_nin_ap_fixed_ap_fixed_22_12_4_0_0_config9_s_fu_1321/mul_22s_22s_44_1_1_U782/tmp_product/DSP_A_B_DATA.A2_DATA<0>
                         DSP_PREADD_DATA (Prop_DSP_PREADD_DATA_A2_DATA[0]_A2A1[0])
                                                      0.076     2.084 r  dense_array_ap_fixed_16u_array_ap_fixed_22_12_4_0_0_120u_config9_U0/grp_dense_resource_rf_leq_nin_ap_fixed_ap_fixed_22_12_4_0_0_config9_s_fu_1321/mul_22s_22s_44_1_1_U782/tmp_product/DSP_PREADD_DATA_INST/A2A1[0]
                         net (fo=1, unplaced)         0.000     2.084    dense_array_ap_fixed_16u_array_ap_fixed_22_12_4_0_0_120u_config9_U0/grp_dense_resource_rf_leq_nin_ap_fixed_ap_fixed_22_12_4_0_0_config9_s_fu_1321/mul_22s_22s_44_1_1_U782/tmp_product/DSP_PREADD_DATA.A2A1<0>
                         DSP_MULTIPLIER (Prop_DSP_MULTIPLIER_A2A1[0]_U[3])
                                                      0.505     2.589 f  dense_array_ap_fixed_16u_array_ap_fixed_22_12_4_0_0_120u_config9_U0/grp_dense_resource_rf_leq_nin_ap_fixed_ap_fixed_22_12_4_0_0_config9_s_fu_1321/mul_22s_22s_44_1_1_U782/tmp_product/DSP_MULTIPLIER_INST/U[3]
                         net (fo=1, unplaced)         0.000     2.589    dense_array_ap_fixed_16u_array_ap_fixed_22_12_4_0_0_120u_config9_U0/grp_dense_resource_rf_leq_nin_ap_fixed_ap_fixed_22_12_4_0_0_config9_s_fu_1321/mul_22s_22s_44_1_1_U782/tmp_product/DSP_MULTIPLIER.U<3>
                         DSP_M_DATA (Prop_DSP_M_DATA_U[3]_U_DATA[3])
                                                      0.047     2.636 r  dense_array_ap_fixed_16u_array_ap_fixed_22_12_4_0_0_120u_config9_U0/grp_dense_resource_rf_leq_nin_ap_fixed_ap_fixed_22_12_4_0_0_config9_s_fu_1321/mul_22s_22s_44_1_1_U782/tmp_product/DSP_M_DATA_INST/U_DATA[3]
                         net (fo=1, unplaced)         0.000     2.636    dense_array_ap_fixed_16u_array_ap_fixed_22_12_4_0_0_120u_config9_U0/grp_dense_resource_rf_leq_nin_ap_fixed_ap_fixed_22_12_4_0_0_config9_s_fu_1321/mul_22s_22s_44_1_1_U782/tmp_product/DSP_M_DATA.U_DATA<3>
                         DSP_ALU (Prop_DSP_ALU_U_DATA[3]_ALU_OUT[3])
                                                      0.585     3.221 f  dense_array_ap_fixed_16u_array_ap_fixed_22_12_4_0_0_120u_config9_U0/grp_dense_resource_rf_leq_nin_ap_fixed_ap_fixed_22_12_4_0_0_config9_s_fu_1321/mul_22s_22s_44_1_1_U782/tmp_product/DSP_ALU_INST/ALU_OUT[3]
                         net (fo=1, unplaced)         0.000     3.221    dense_array_ap_fixed_16u_array_ap_fixed_22_12_4_0_0_120u_config9_U0/grp_dense_resource_rf_leq_nin_ap_fixed_ap_fixed_22_12_4_0_0_config9_s_fu_1321/mul_22s_22s_44_1_1_U782/tmp_product/DSP_ALU.ALU_OUT<3>
                         DSP_OUTPUT (Prop_DSP_OUTPUT_ALU_OUT[3]_P[3])
                                                      0.109     3.330 r  dense_array_ap_fixed_16u_array_ap_fixed_22_12_4_0_0_120u_config9_U0/grp_dense_resource_rf_leq_nin_ap_fixed_ap_fixed_22_12_4_0_0_config9_s_fu_1321/mul_22s_22s_44_1_1_U782/tmp_product/DSP_OUTPUT_INST/P[3]
                         net (fo=1, unplaced)         0.222     3.552    dense_array_ap_fixed_16u_array_ap_fixed_22_12_4_0_0_120u_config9_U0/grp_dense_resource_rf_leq_nin_ap_fixed_ap_fixed_22_12_4_0_0_config9_s_fu_1321/mul_22s_22s_44_1_1_U782/mul_ln73_6_fu_11874_p2[3]
                         LUT6 (Prop_LUT6_I0_O)        0.150     3.702 r  dense_array_ap_fixed_16u_array_ap_fixed_22_12_4_0_0_120u_config9_U0/grp_dense_resource_rf_leq_nin_ap_fixed_ap_fixed_22_12_4_0_0_config9_s_fu_1321/mul_22s_22s_44_1_1_U782/add_ln58_12_reg_95361[7]_i_4/O
                         net (fo=1, unplaced)         0.186     3.888    dense_array_ap_fixed_16u_array_ap_fixed_22_12_4_0_0_120u_config9_U0/grp_dense_resource_rf_leq_nin_ap_fixed_ap_fixed_22_12_4_0_0_config9_s_fu_1321/mul_22s_22s_44_1_1_U782/add_ln58_12_reg_95361[7]_i_4_n_0
                         LUT4 (Prop_LUT4_I2_O)        0.038     3.926 r  dense_array_ap_fixed_16u_array_ap_fixed_22_12_4_0_0_120u_config9_U0/grp_dense_resource_rf_leq_nin_ap_fixed_ap_fixed_22_12_4_0_0_config9_s_fu_1321/mul_22s_22s_44_1_1_U782/add_ln58_12_reg_95361[7]_i_2/O
                         net (fo=1, unplaced)         0.020     3.946    dense_array_ap_fixed_16u_array_ap_fixed_22_12_4_0_0_120u_config9_U0/grp_dense_resource_rf_leq_nin_ap_fixed_ap_fixed_22_12_4_0_0_config9_s_fu_1321/mul_22s_22s_44_1_1_U782/add_ln58_12_reg_95361[7]_i_2_n_0
                         CARRY8 (Prop_CARRY8_S[0]_CO[7])
                                                      0.199     4.145 r  dense_array_ap_fixed_16u_array_ap_fixed_22_12_4_0_0_120u_config9_U0/grp_dense_resource_rf_leq_nin_ap_fixed_ap_fixed_22_12_4_0_0_config9_s_fu_1321/mul_22s_22s_44_1_1_U782/add_ln58_12_reg_95361_reg[7]_i_1/CO[7]
                         net (fo=1, unplaced)         0.005     4.150    dense_array_ap_fixed_16u_array_ap_fixed_22_12_4_0_0_120u_config9_U0/grp_dense_resource_rf_leq_nin_ap_fixed_ap_fixed_22_12_4_0_0_config9_s_fu_1321/mul_22s_22s_44_1_1_U782/add_ln58_12_reg_95361_reg[7]_i_1_n_0
                         CARRY8 (Prop_CARRY8_CI_CO[7])
                                                      0.022     4.172 r  dense_array_ap_fixed_16u_array_ap_fixed_22_12_4_0_0_120u_config9_U0/grp_dense_resource_rf_leq_nin_ap_fixed_ap_fixed_22_12_4_0_0_config9_s_fu_1321/mul_22s_22s_44_1_1_U782/add_ln58_12_reg_95361_reg[15]_i_1/CO[7]
                         net (fo=1, unplaced)         0.005     4.177    dense_array_ap_fixed_16u_array_ap_fixed_22_12_4_0_0_120u_config9_U0/grp_dense_resource_rf_leq_nin_ap_fixed_ap_fixed_22_12_4_0_0_config9_s_fu_1321/mul_22s_22s_44_1_1_U782/add_ln58_12_reg_95361_reg[15]_i_1_n_0
                         CARRY8 (Prop_CARRY8_CI_O[5])
                                                      0.116     4.293 r  dense_array_ap_fixed_16u_array_ap_fixed_22_12_4_0_0_120u_config9_U0/grp_dense_resource_rf_leq_nin_ap_fixed_ap_fixed_22_12_4_0_0_config9_s_fu_1321/mul_22s_22s_44_1_1_U782/add_ln58_12_reg_95361_reg[21]_i_1/O[5]
                         net (fo=3, unplaced)         0.147     4.440    dense_array_ap_fixed_16u_array_ap_fixed_22_12_4_0_0_120u_config9_U0/grp_dense_resource_rf_leq_nin_ap_fixed_ap_fixed_22_12_4_0_0_config9_s_fu_1321/mul_22s_22s_44_1_1_U782/D[21]
                         LUT6 (Prop_LUT6_I1_O)        0.053     4.493 f  dense_array_ap_fixed_16u_array_ap_fixed_22_12_4_0_0_120u_config9_U0/grp_dense_resource_rf_leq_nin_ap_fixed_ap_fixed_22_12_4_0_0_config9_s_fu_1321/mul_22s_22s_44_1_1_U782/and_ln58_52_reg_95366[0]_i_4/O
                         net (fo=1, unplaced)         0.186     4.679    dense_array_ap_fixed_16u_array_ap_fixed_22_12_4_0_0_120u_config9_U0/grp_dense_resource_rf_leq_nin_ap_fixed_ap_fixed_22_12_4_0_0_config9_s_fu_1321/mul_22s_22s_44_1_1_U782/and_ln58_52_reg_95366[0]_i_4_n_0
                         LUT5 (Prop_LUT5_I4_O)        0.038     4.717 r  dense_array_ap_fixed_16u_array_ap_fixed_22_12_4_0_0_120u_config9_U0/grp_dense_resource_rf_leq_nin_ap_fixed_ap_fixed_22_12_4_0_0_config9_s_fu_1321/mul_22s_22s_44_1_1_U782/and_ln58_52_reg_95366[0]_i_2/O
                         net (fo=2, unplaced)         0.186     4.903    dense_array_ap_fixed_16u_array_ap_fixed_22_12_4_0_0_120u_config9_U0/grp_dense_resource_rf_leq_nin_ap_fixed_ap_fixed_22_12_4_0_0_config9_s_fu_1321/mul_22s_22s_44_1_1_U782/and_ln58_52_reg_95366[0]_i_2_n_0
                         LUT3 (Prop_LUT3_I2_O)        0.070     4.973 r  dense_array_ap_fixed_16u_array_ap_fixed_22_12_4_0_0_120u_config9_U0/grp_dense_resource_rf_leq_nin_ap_fixed_ap_fixed_22_12_4_0_0_config9_s_fu_1321/mul_22s_22s_44_1_1_U782/or_ln58_20_reg_95371[0]_i_1/O
                         net (fo=1, unplaced)         0.048     5.021    dense_array_ap_fixed_16u_array_ap_fixed_22_12_4_0_0_120u_config9_U0/grp_dense_resource_rf_leq_nin_ap_fixed_ap_fixed_22_12_4_0_0_config9_s_fu_1321/or_ln58_20_fu_14973_p2
                         FDRE                                         r  dense_array_ap_fixed_16u_array_ap_fixed_22_12_4_0_0_120u_config9_U0/grp_dense_resource_rf_leq_nin_ap_fixed_ap_fixed_22_12_4_0_0_config9_s_fu_1321/or_ln58_20_reg_95371_reg[0]/D
  -------------------------------------------------------------------    -------------------

                         (clock ap_clk rise edge)    10.000    10.000 r  
                                                      0.000    10.000 r  ap_clk (IN)
                         net (fo=76463, unset)        0.021    10.021    dense_array_ap_fixed_16u_array_ap_fixed_22_12_4_0_0_120u_config9_U0/grp_dense_resource_rf_leq_nin_ap_fixed_ap_fixed_22_12_4_0_0_config9_s_fu_1321/ap_clk
                         FDRE                                         r  dense_array_ap_fixed_16u_array_ap_fixed_22_12_4_0_0_120u_config9_U0/grp_dense_resource_rf_leq_nin_ap_fixed_ap_fixed_22_12_4_0_0_config9_s_fu_1321/or_ln58_20_reg_95371_reg[0]/C
                         clock pessimism              0.000    10.021    
                         clock uncertainty           -0.035     9.986    
                         FDRE (Setup_FDRE_C_D)        0.025    10.011    dense_array_ap_fixed_16u_array_ap_fixed_22_12_4_0_0_120u_config9_U0/grp_dense_resource_rf_leq_nin_ap_fixed_ap_fixed_22_12_4_0_0_config9_s_fu_1321/or_ln58_20_reg_95371_reg[0]
  -------------------------------------------------------------------
                         required time                         10.011    
                         arrival time                          -5.021    
  -------------------------------------------------------------------
                         slack                                  4.990    

Slack (MET) :             4.990ns  (required time - arrival time)
  Source:                 dense_array_ap_fixed_16u_array_ap_fixed_22_12_4_0_0_120u_config9_U0/grp_dense_resource_rf_leq_nin_ap_fixed_ap_fixed_22_12_4_0_0_config9_s_fu_1321/do_init_reg_3495_reg[0]/C
                            (rising edge-triggered cell FDRE clocked by ap_clk  {rise@0.000ns fall@5.000ns period=10.000ns})
  Destination:            dense_array_ap_fixed_16u_array_ap_fixed_22_12_4_0_0_120u_config9_U0/grp_dense_resource_rf_leq_nin_ap_fixed_ap_fixed_22_12_4_0_0_config9_s_fu_1321/or_ln58_224_reg_96051_reg[0]/D
                            (rising edge-triggered cell FDRE clocked by ap_clk  {rise@0.000ns fall@5.000ns period=10.000ns})
  Path Group:             ap_clk
  Path Type:              Setup (Max at Slow Process Corner)
  Requirement:            10.000ns  (ap_clk rise@10.000ns - ap_clk rise@0.000ns)
  Data Path Delay:        4.991ns  (logic 2.611ns (52.319%)  route 2.380ns (47.681%))
  Logic Levels:           20  (CARRY8=3 DSP_A_B_DATA=1 DSP_ALU=1 DSP_M_DATA=1 DSP_MULTIPLIER=1 DSP_OUTPUT=1 DSP_PREADD_DATA=1 LUT3=1 LUT4=1 LUT5=1 LUT6=4 MUXF7=2 MUXF8=2)
  Clock Path Skew:        -0.009ns (DCD - SCD + CPR)
    Destination Clock Delay (DCD):    0.021ns = ( 10.021 - 10.000 ) 
    Source Clock Delay      (SCD):    0.030ns
    Clock Pessimism Removal (CPR):    0.000ns
  Clock Uncertainty:      0.035ns  ((TSJ^2 + TIJ^2)^1/2 + DJ) / 2 + PE
    Total System Jitter     (TSJ):    0.071ns
    Total Input Jitter      (TIJ):    0.000ns
    Discrete Jitter          (DJ):    0.000ns
    Phase Error              (PE):    0.000ns

    Location             Delay type                Incr(ns)  Path(ns)    Netlist Resource(s)
  -------------------------------------------------------------------    -------------------
                         (clock ap_clk rise edge)     0.000     0.000 r  
                                                      0.000     0.000 r  ap_clk (IN)
                         net (fo=76463, unset)        0.030     0.030    dense_array_ap_fixed_16u_array_ap_fixed_22_12_4_0_0_120u_config9_U0/grp_dense_resource_rf_leq_nin_ap_fixed_ap_fixed_22_12_4_0_0_config9_s_fu_1321/ap_clk
                         FDRE                                         r  dense_array_ap_fixed_16u_array_ap_fixed_22_12_4_0_0_120u_config9_U0/grp_dense_resource_rf_leq_nin_ap_fixed_ap_fixed_22_12_4_0_0_config9_s_fu_1321/do_init_reg_3495_reg[0]/C
  -------------------------------------------------------------------    -------------------
                         FDRE (Prop_FDRE_C_Q)         0.077     0.107 r  dense_array_ap_fixed_16u_array_ap_fixed_22_12_4_0_0_120u_config9_U0/grp_dense_resource_rf_leq_nin_ap_fixed_ap_fixed_22_12_4_0_0_config9_s_fu_1321/do_init_reg_3495_reg[0]/Q
                         net (fo=8449, unplaced)      0.323     0.430    dense_array_ap_fixed_16u_array_ap_fixed_22_12_4_0_0_120u_config9_U0/grp_dense_resource_rf_leq_nin_ap_fixed_ap_fixed_22_12_4_0_0_config9_s_fu_1321/mul_22s_22s_44_1_1_U781/do_init_reg_3495
                         LUT6 (Prop_LUT6_I5_O)        0.037     0.467 f  dense_array_ap_fixed_16u_array_ap_fixed_22_12_4_0_0_120u_config9_U0/grp_dense_resource_rf_leq_nin_ap_fixed_ap_fixed_22_12_4_0_0_config9_s_fu_1321/mul_22s_22s_44_1_1_U781/tmp_product_i_2555__0/O
                         net (fo=1, unplaced)         0.032     0.499    dense_array_ap_fixed_16u_array_ap_fixed_22_12_4_0_0_120u_config9_U0/grp_dense_resource_rf_leq_nin_ap_fixed_ap_fixed_22_12_4_0_0_config9_s_fu_1321/mul_22s_22s_44_1_1_U781/tmp_product_i_2555__0_n_0
                         MUXF7 (Prop_MUXF7_I0_O)      0.069     0.568 f  dense_array_ap_fixed_16u_array_ap_fixed_22_12_4_0_0_120u_config9_U0/grp_dense_resource_rf_leq_nin_ap_fixed_ap_fixed_22_12_4_0_0_config9_s_fu_1321/mul_22s_22s_44_1_1_U781/tmp_product_i_1179__0/O
                         net (fo=1, unplaced)         0.000     0.568    dense_array_ap_fixed_16u_array_ap_fixed_22_12_4_0_0_120u_config9_U0/grp_dense_resource_rf_leq_nin_ap_fixed_ap_fixed_22_12_4_0_0_config9_s_fu_1321/mul_22s_22s_44_1_1_U781/tmp_product_i_1179__0_n_0
                         MUXF8 (Prop_MUXF8_I0_O)      0.030     0.598 f  dense_array_ap_fixed_16u_array_ap_fixed_22_12_4_0_0_120u_config9_U0/grp_dense_resource_rf_leq_nin_ap_fixed_ap_fixed_22_12_4_0_0_config9_s_fu_1321/mul_22s_22s_44_1_1_U781/tmp_product_i_491__0/O
                         net (fo=1, unplaced)         0.186     0.784    dense_array_ap_fixed_16u_array_ap_fixed_22_12_4_0_0_120u_config9_U0/grp_dense_resource_rf_leq_nin_ap_fixed_ap_fixed_22_12_4_0_0_config9_s_fu_1321/mul_22s_22s_44_1_1_U781/tmp_product_i_491__0_n_0
                         LUT6 (Prop_LUT6_I0_O)        0.099     0.883 f  dense_array_ap_fixed_16u_array_ap_fixed_22_12_4_0_0_120u_config9_U0/grp_dense_resource_rf_leq_nin_ap_fixed_ap_fixed_22_12_4_0_0_config9_s_fu_1321/mul_22s_22s_44_1_1_U781/tmp_product_i_151__0/O
                         net (fo=1, unplaced)         0.032     0.915    dense_array_ap_fixed_16u_array_ap_fixed_22_12_4_0_0_120u_config9_U0/grp_dense_resource_rf_leq_nin_ap_fixed_ap_fixed_22_12_4_0_0_config9_s_fu_1321/mul_22s_22s_44_1_1_U781/tmp_product_i_151__0_n_0
                         MUXF7 (Prop_MUXF7_I0_O)      0.069     0.984 f  dense_array_ap_fixed_16u_array_ap_fixed_22_12_4_0_0_120u_config9_U0/grp_dense_resource_rf_leq_nin_ap_fixed_ap_fixed_22_12_4_0_0_config9_s_fu_1321/mul_22s_22s_44_1_1_U781/tmp_product_i_65__0/O
                         net (fo=1, unplaced)         0.000     0.984    dense_array_ap_fixed_16u_array_ap_fixed_22_12_4_0_0_120u_config9_U0/grp_dense_resource_rf_leq_nin_ap_fixed_ap_fixed_22_12_4_0_0_config9_s_fu_1321/mul_22s_22s_44_1_1_U781/tmp_product_i_65__0_n_0
                         MUXF8 (Prop_MUXF8_I0_O)      0.030     1.014 f  dense_array_ap_fixed_16u_array_ap_fixed_22_12_4_0_0_120u_config9_U0/grp_dense_resource_rf_leq_nin_ap_fixed_ap_fixed_22_12_4_0_0_config9_s_fu_1321/mul_22s_22s_44_1_1_U781/tmp_product_i_22__0/O
                         net (fo=1146, unplaced)      0.802     1.816    dense_array_ap_fixed_16u_array_ap_fixed_22_12_4_0_0_120u_config9_U0/grp_dense_resource_rf_leq_nin_ap_fixed_ap_fixed_22_12_4_0_0_config9_s_fu_1321/mul_22s_22s_44_1_1_U816/tmp_product/A[0]
                         DSP_A_B_DATA (Prop_DSP_A_B_DATA_A[0]_A2_DATA[0])
                                                      0.192     2.008 r  dense_array_ap_fixed_16u_array_ap_fixed_22_12_4_0_0_120u_config9_U0/grp_dense_resource_rf_leq_nin_ap_fixed_ap_fixed_22_12_4_0_0_config9_s_fu_1321/mul_22s_22s_44_1_1_U816/tmp_product/DSP_A_B_DATA_INST/A2_DATA[0]
                         net (fo=1, unplaced)         0.000     2.008    dense_array_ap_fixed_16u_array_ap_fixed_22_12_4_0_0_120u_config9_U0/grp_dense_resource_rf_leq_nin_ap_fixed_ap_fixed_22_12_4_0_0_config9_s_fu_1321/mul_22s_22s_44_1_1_U816/tmp_product/DSP_A_B_DATA.A2_DATA<0>
                         DSP_PREADD_DATA (Prop_DSP_PREADD_DATA_A2_DATA[0]_A2A1[0])
                                                      0.076     2.084 r  dense_array_ap_fixed_16u_array_ap_fixed_22_12_4_0_0_120u_config9_U0/grp_dense_resource_rf_leq_nin_ap_fixed_ap_fixed_22_12_4_0_0_config9_s_fu_1321/mul_22s_22s_44_1_1_U816/tmp_product/DSP_PREADD_DATA_INST/A2A1[0]
                         net (fo=1, unplaced)         0.000     2.084    dense_array_ap_fixed_16u_array_ap_fixed_22_12_4_0_0_120u_config9_U0/grp_dense_resource_rf_leq_nin_ap_fixed_ap_fixed_22_12_4_0_0_config9_s_fu_1321/mul_22s_22s_44_1_1_U816/tmp_product/DSP_PREADD_DATA.A2A1<0>
                         DSP_MULTIPLIER (Prop_DSP_MULTIPLIER_A2A1[0]_U[3])
                                                      0.505     2.589 f  dense_array_ap_fixed_16u_array_ap_fixed_22_12_4_0_0_120u_config9_U0/grp_dense_resource_rf_leq_nin_ap_fixed_ap_fixed_22_12_4_0_0_config9_s_fu_1321/mul_22s_22s_44_1_1_U816/tmp_product/DSP_MULTIPLIER_INST/U[3]
                         net (fo=1, unplaced)         0.000     2.589    dense_array_ap_fixed_16u_array_ap_fixed_22_12_4_0_0_120u_config9_U0/grp_dense_resource_rf_leq_nin_ap_fixed_ap_fixed_22_12_4_0_0_config9_s_fu_1321/mul_22s_22s_44_1_1_U816/tmp_product/DSP_MULTIPLIER.U<3>
                         DSP_M_DATA (Prop_DSP_M_DATA_U[3]_U_DATA[3])
                                                      0.047     2.636 r  dense_array_ap_fixed_16u_array_ap_fixed_22_12_4_0_0_120u_config9_U0/grp_dense_resource_rf_leq_nin_ap_fixed_ap_fixed_22_12_4_0_0_config9_s_fu_1321/mul_22s_22s_44_1_1_U816/tmp_product/DSP_M_DATA_INST/U_DATA[3]
                         net (fo=1, unplaced)         0.000     2.636    dense_array_ap_fixed_16u_array_ap_fixed_22_12_4_0_0_120u_config9_U0/grp_dense_resource_rf_leq_nin_ap_fixed_ap_fixed_22_12_4_0_0_config9_s_fu_1321/mul_22s_22s_44_1_1_U816/tmp_product/DSP_M_DATA.U_DATA<3>
                         DSP_ALU (Prop_DSP_ALU_U_DATA[3]_ALU_OUT[3])
                                                      0.585     3.221 f  dense_array_ap_fixed_16u_array_ap_fixed_22_12_4_0_0_120u_config9_U0/grp_dense_resource_rf_leq_nin_ap_fixed_ap_fixed_22_12_4_0_0_config9_s_fu_1321/mul_22s_22s_44_1_1_U816/tmp_product/DSP_ALU_INST/ALU_OUT[3]
                         net (fo=1, unplaced)         0.000     3.221    dense_array_ap_fixed_16u_array_ap_fixed_22_12_4_0_0_120u_config9_U0/grp_dense_resource_rf_leq_nin_ap_fixed_ap_fixed_22_12_4_0_0_config9_s_fu_1321/mul_22s_22s_44_1_1_U816/tmp_product/DSP_ALU.ALU_OUT<3>
                         DSP_OUTPUT (Prop_DSP_OUTPUT_ALU_OUT[3]_P[3])
                                                      0.109     3.330 r  dense_array_ap_fixed_16u_array_ap_fixed_22_12_4_0_0_120u_config9_U0/grp_dense_resource_rf_leq_nin_ap_fixed_ap_fixed_22_12_4_0_0_config9_s_fu_1321/mul_22s_22s_44_1_1_U816/tmp_product/DSP_OUTPUT_INST/P[3]
                         net (fo=1, unplaced)         0.222     3.552    dense_array_ap_fixed_16u_array_ap_fixed_22_12_4_0_0_120u_config9_U0/grp_dense_resource_rf_leq_nin_ap_fixed_ap_fixed_22_12_4_0_0_config9_s_fu_1321/mul_22s_22s_44_1_1_U816/mul_ln73_74_fu_12010_p2[3]
                         LUT6 (Prop_LUT6_I0_O)        0.150     3.702 r  dense_array_ap_fixed_16u_array_ap_fixed_22_12_4_0_0_120u_config9_U0/grp_dense_resource_rf_leq_nin_ap_fixed_ap_fixed_22_12_4_0_0_config9_s_fu_1321/mul_22s_22s_44_1_1_U816/add_ln58_148_reg_96041[7]_i_4/O
                         net (fo=1, unplaced)         0.186     3.888    dense_array_ap_fixed_16u_array_ap_fixed_22_12_4_0_0_120u_config9_U0/grp_dense_resource_rf_leq_nin_ap_fixed_ap_fixed_22_12_4_0_0_config9_s_fu_1321/mul_22s_22s_44_1_1_U816/add_ln58_148_reg_96041[7]_i_4_n_0
                         LUT4 (Prop_LUT4_I2_O)        0.038     3.926 r  dense_array_ap_fixed_16u_array_ap_fixed_22_12_4_0_0_120u_config9_U0/grp_dense_resource_rf_leq_nin_ap_fixed_ap_fixed_22_12_4_0_0_config9_s_fu_1321/mul_22s_22s_44_1_1_U816/add_ln58_148_reg_96041[7]_i_2/O
                         net (fo=1, unplaced)         0.020     3.946    dense_array_ap_fixed_16u_array_ap_fixed_22_12_4_0_0_120u_config9_U0/grp_dense_resource_rf_leq_nin_ap_fixed_ap_fixed_22_12_4_0_0_config9_s_fu_1321/mul_22s_22s_44_1_1_U816/add_ln58_148_reg_96041[7]_i_2_n_0
                         CARRY8 (Prop_CARRY8_S[0]_CO[7])
                                                      0.199     4.145 r  dense_array_ap_fixed_16u_array_ap_fixed_22_12_4_0_0_120u_config9_U0/grp_dense_resource_rf_leq_nin_ap_fixed_ap_fixed_22_12_4_0_0_config9_s_fu_1321/mul_22s_22s_44_1_1_U816/add_ln58_148_reg_96041_reg[7]_i_1/CO[7]
                         net (fo=1, unplaced)         0.005     4.150    dense_array_ap_fixed_16u_array_ap_fixed_22_12_4_0_0_120u_config9_U0/grp_dense_resource_rf_leq_nin_ap_fixed_ap_fixed_22_12_4_0_0_config9_s_fu_1321/mul_22s_22s_44_1_1_U816/add_ln58_148_reg_96041_reg[7]_i_1_n_0
                         CARRY8 (Prop_CARRY8_CI_CO[7])
                                                      0.022     4.172 r  dense_array_ap_fixed_16u_array_ap_fixed_22_12_4_0_0_120u_config9_U0/grp_dense_resource_rf_leq_nin_ap_fixed_ap_fixed_22_12_4_0_0_config9_s_fu_1321/mul_22s_22s_44_1_1_U816/add_ln58_148_reg_96041_reg[15]_i_1/CO[7]
                         net (fo=1, unplaced)         0.005     4.177    dense_array_ap_fixed_16u_array_ap_fixed_22_12_4_0_0_120u_config9_U0/grp_dense_resource_rf_leq_nin_ap_fixed_ap_fixed_22_12_4_0_0_config9_s_fu_1321/mul_22s_22s_44_1_1_U816/add_ln58_148_reg_96041_reg[15]_i_1_n_0
                         CARRY8 (Prop_CARRY8_CI_O[5])
                                                      0.116     4.293 r  dense_array_ap_fixed_16u_array_ap_fixed_22_12_4_0_0_120u_config9_U0/grp_dense_resource_rf_leq_nin_ap_fixed_ap_fixed_22_12_4_0_0_config9_s_fu_1321/mul_22s_22s_44_1_1_U816/add_ln58_148_reg_96041_reg[21]_i_1/O[5]
                         net (fo=3, unplaced)         0.147     4.440    dense_array_ap_fixed_16u_array_ap_fixed_22_12_4_0_0_120u_config9_U0/grp_dense_resource_rf_leq_nin_ap_fixed_ap_fixed_22_12_4_0_0_config9_s_fu_1321/mul_22s_22s_44_1_1_U816/D[21]
                         LUT6 (Prop_LUT6_I1_O)        0.053     4.493 f  dense_array_ap_fixed_16u_array_ap_fixed_22_12_4_0_0_120u_config9_U0/grp_dense_resource_rf_leq_nin_ap_fixed_ap_fixed_22_12_4_0_0_config9_s_fu_1321/mul_22s_22s_44_1_1_U816/and_ln58_596_reg_96046[0]_i_4/O
                         net (fo=1, unplaced)         0.186     4.679    dense_array_ap_fixed_16u_array_ap_fixed_22_12_4_0_0_120u_config9_U0/grp_dense_resource_rf_leq_nin_ap_fixed_ap_fixed_22_12_4_0_0_config9_s_fu_1321/mul_22s_22s_44_1_1_U816/and_ln58_596_reg_96046[0]_i_4_n_0
                         LUT5 (Prop_LUT5_I4_O)        0.038     4.717 r  dense_array_ap_fixed_16u_array_ap_fixed_22_12_4_0_0_120u_config9_U0/grp_dense_resource_rf_leq_nin_ap_fixed_ap_fixed_22_12_4_0_0_config9_s_fu_1321/mul_22s_22s_44_1_1_U816/and_ln58_596_reg_96046[0]_i_2/O
                         net (fo=2, unplaced)         0.186     4.903    dense_array_ap_fixed_16u_array_ap_fixed_22_12_4_0_0_120u_config9_U0/grp_dense_resource_rf_leq_nin_ap_fixed_ap_fixed_22_12_4_0_0_config9_s_fu_1321/mul_22s_22s_44_1_1_U816/and_ln58_596_reg_96046[0]_i_2_n_0
                         LUT3 (Prop_LUT3_I2_O)        0.070     4.973 r  dense_array_ap_fixed_16u_array_ap_fixed_22_12_4_0_0_120u_config9_U0/grp_dense_resource_rf_leq_nin_ap_fixed_ap_fixed_22_12_4_0_0_config9_s_fu_1321/mul_22s_22s_44_1_1_U816/or_ln58_224_reg_96051[0]_i_1/O
                         net (fo=1, unplaced)         0.048     5.021    dense_array_ap_fixed_16u_array_ap_fixed_22_12_4_0_0_120u_config9_U0/grp_dense_resource_rf_leq_nin_ap_fixed_ap_fixed_22_12_4_0_0_config9_s_fu_1321/or_ln58_224_fu_23439_p2
                         FDRE                                         r  dense_array_ap_fixed_16u_array_ap_fixed_22_12_4_0_0_120u_config9_U0/grp_dense_resource_rf_leq_nin_ap_fixed_ap_fixed_22_12_4_0_0_config9_s_fu_1321/or_ln58_224_reg_96051_reg[0]/D
  -------------------------------------------------------------------    -------------------

                         (clock ap_clk rise edge)    10.000    10.000 r  
                                                      0.000    10.000 r  ap_clk (IN)
                         net (fo=76463, unset)        0.021    10.021    dense_array_ap_fixed_16u_array_ap_fixed_22_12_4_0_0_120u_config9_U0/grp_dense_resource_rf_leq_nin_ap_fixed_ap_fixed_22_12_4_0_0_config9_s_fu_1321/ap_clk
                         FDRE                                         r  dense_array_ap_fixed_16u_array_ap_fixed_22_12_4_0_0_120u_config9_U0/grp_dense_resource_rf_leq_nin_ap_fixed_ap_fixed_22_12_4_0_0_config9_s_fu_1321/or_ln58_224_reg_96051_reg[0]/C
                         clock pessimism              0.000    10.021    
                         clock uncertainty           -0.035     9.986    
                         FDRE (Setup_FDRE_C_D)        0.025    10.011    dense_array_ap_fixed_16u_array_ap_fixed_22_12_4_0_0_120u_config9_U0/grp_dense_resource_rf_leq_nin_ap_fixed_ap_fixed_22_12_4_0_0_config9_s_fu_1321/or_ln58_224_reg_96051_reg[0]
  -------------------------------------------------------------------
                         required time                         10.011    
                         arrival time                          -5.021    
  -------------------------------------------------------------------
                         slack                                  4.990    





Pulse Width Checks
--------------------------------------------------------------------------------------
Clock Name:         ap_clk
Waveform(ns):       { 0.000 5.000 }
Period(ns):         10.000
Sources:            { ap_clk }

Check Type        Corner  Lib Pin             Reference Pin  Required(ns)  Actual(ns)  Slack(ns)  Location  Pin
Min Period        n/a     RAMB36E2/CLKARDCLK  n/a            1.569         10.000      8.431                layer2_out_U/U_lenet_mnist_cap64_hls_fifo_w132_d576_A_ram/mem_reg_bram_0/CLKARDCLK
Min Period        n/a     RAMB36E2/CLKARDCLK  n/a            1.569         10.000      8.431                layer2_out_U/U_lenet_mnist_cap64_hls_fifo_w132_d576_A_ram/mem_reg_bram_1/CLKARDCLK
Min Period        n/a     RAMB36E2/CLKARDCLK  n/a            1.569         10.000      8.431                layer2_out_U/U_lenet_mnist_cap64_hls_fifo_w132_d576_A_ram/mem_reg_bram_2/CLKARDCLK
Min Period        n/a     RAMB36E2/CLKARDCLK  n/a            1.569         10.000      8.431                layer2_out_U/U_lenet_mnist_cap64_hls_fifo_w132_d576_A_ram/mem_reg_bram_3/CLKARDCLK
Min Period        n/a     RAMB36E2/CLKARDCLK  n/a            1.569         10.000      8.431                layer3_out_U/U_lenet_mnist_cap64_hls_fifo_w132_d576_A_ram/mem_reg_bram_0/CLKARDCLK
Min Period        n/a     RAMB36E2/CLKARDCLK  n/a            1.569         10.000      8.431                layer3_out_U/U_lenet_mnist_cap64_hls_fifo_w132_d576_A_ram/mem_reg_bram_1/CLKARDCLK
Min Period        n/a     RAMB36E2/CLKARDCLK  n/a            1.569         10.000      8.431                layer3_out_U/U_lenet_mnist_cap64_hls_fifo_w132_d576_A_ram/mem_reg_bram_2/CLKARDCLK
Min Period        n/a     RAMB18E2/CLKARDCLK  n/a            1.569         10.000      8.431                layer3_out_U/U_lenet_mnist_cap64_hls_fifo_w132_d576_A_ram/mem_reg_bram_3/CLKARDCLK
Min Period        n/a     RAMB36E2/CLKARDCLK  n/a            1.569         10.000      8.431                layer4_out_U/U_lenet_mnist_cap64_hls_fifo_w132_d144_A_ram/mem_reg_0/CLKARDCLK
Min Period        n/a     RAMB36E2/CLKBWRCLK  n/a            1.569         10.000      8.431                layer4_out_U/U_lenet_mnist_cap64_hls_fifo_w132_d144_A_ram/mem_reg_0/CLKBWRCLK
Low Pulse Width   Slow    RAMB18E2/CLKARDCLK  n/a            0.542         5.000       4.458                conv_2d_cl_array_ap_fixed_1u_array_ap_fixed_22_12_4_0_0_6u_config2_U0/grp_compute_output_buffer_2d_array_array_ap_fixed_22_12_4_0_0_6u_config2_s_fu_118/grp_dense_resource_rf_gt_nin_rem0_ap_fixed_ap_fixed_22_12_4_0_0_config2_mult_s_fu_195/w2_U/q0_reg/CLKARDCLK
Low Pulse Width   Fast    RAMB18E2/CLKARDCLK  n/a            0.542         5.000       4.458                conv_2d_cl_array_ap_fixed_1u_array_ap_fixed_22_12_4_0_0_6u_config2_U0/grp_compute_output_buffer_2d_array_array_ap_fixed_22_12_4_0_0_6u_config2_s_fu_118/grp_dense_resource_rf_gt_nin_rem0_ap_fixed_ap_fixed_22_12_4_0_0_config2_mult_s_fu_195/w2_U/q0_reg/CLKARDCLK
Low Pulse Width   Slow    RAMB36E2/CLKARDCLK  n/a            0.542         5.000       4.458                conv_2d_cl_array_ap_fixed_6u_array_ap_fixed_22_12_4_0_0_16u_config5_U0/grp_compute_output_buffer_2d_array_array_ap_fixed_22_12_4_0_0_16u_config5_s_fu_424/grp_dense_resource_rf_leq_nin_ap_fixed_ap_fixed_22_12_4_0_0_config5_mult_s_fu_823/w5_U/q0_reg_0/CLKARDCLK
Low Pulse Width   Fast    RAMB36E2/CLKARDCLK  n/a            0.542         5.000       4.458                conv_2d_cl_array_ap_fixed_6u_array_ap_fixed_22_12_4_0_0_16u_config5_U0/grp_compute_output_buffer_2d_array_array_ap_fixed_22_12_4_0_0_16u_config5_s_fu_424/grp_dense_resource_rf_leq_nin_ap_fixed_ap_fixed_22_12_4_0_0_config5_mult_s_fu_823/w5_U/q0_reg_0/CLKARDCLK
Low Pulse Width   Slow    RAMB36E2/CLKBWRCLK  n/a            0.542         5.000       4.458                conv_2d_cl_array_ap_fixed_6u_array_ap_fixed_22_12_4_0_0_16u_config5_U0/grp_compute_output_buffer_2d_array_array_ap_fixed_22_12_4_0_0_16u_config5_s_fu_424/grp_dense_resource_rf_leq_nin_ap_fixed_ap_fixed_22_12_4_0_0_config5_mult_s_fu_823/w5_U/q0_reg_0/CLKBWRCLK
Low Pulse Width   Fast    RAMB36E2/CLKBWRCLK  n/a            0.542         5.000       4.458                conv_2d_cl_array_ap_fixed_6u_array_ap_fixed_22_12_4_0_0_16u_config5_U0/grp_compute_output_buffer_2d_array_array_ap_fixed_22_12_4_0_0_16u_config5_s_fu_424/grp_dense_resource_rf_leq_nin_ap_fixed_ap_fixed_22_12_4_0_0_config5_mult_s_fu_823/w5_U/q0_reg_0/CLKBWRCLK
Low Pulse Width   Slow    RAMB36E2/CLKARDCLK  n/a            0.542         5.000       4.458                conv_2d_cl_array_ap_fixed_6u_array_ap_fixed_22_12_4_0_0_16u_config5_U0/grp_compute_output_buffer_2d_array_array_ap_fixed_22_12_4_0_0_16u_config5_s_fu_424/grp_dense_resource_rf_leq_nin_ap_fixed_ap_fixed_22_12_4_0_0_config5_mult_s_fu_823/w5_U/q0_reg_1/CLKARDCLK
Low Pulse Width   Fast    RAMB36E2/CLKARDCLK  n/a            0.542         5.000       4.458                conv_2d_cl_array_ap_fixed_6u_array_ap_fixed_22_12_4_0_0_16u_config5_U0/grp_compute_output_buffer_2d_array_array_ap_fixed_22_12_4_0_0_16u_config5_s_fu_424/grp_dense_resource_rf_leq_nin_ap_fixed_ap_fixed_22_12_4_0_0_config5_mult_s_fu_823/w5_U/q0_reg_1/CLKARDCLK
Low Pulse Width   Slow    RAMB36E2/CLKBWRCLK  n/a            0.542         5.000       4.458                conv_2d_cl_array_ap_fixed_6u_array_ap_fixed_22_12_4_0_0_16u_config5_U0/grp_compute_output_buffer_2d_array_array_ap_fixed_22_12_4_0_0_16u_config5_s_fu_424/grp_dense_resource_rf_leq_nin_ap_fixed_ap_fixed_22_12_4_0_0_config5_mult_s_fu_823/w5_U/q0_reg_1/CLKBWRCLK
Low Pulse Width   Fast    RAMB36E2/CLKBWRCLK  n/a            0.542         5.000       4.458                conv_2d_cl_array_ap_fixed_6u_array_ap_fixed_22_12_4_0_0_16u_config5_U0/grp_compute_output_buffer_2d_array_array_ap_fixed_22_12_4_0_0_16u_config5_s_fu_424/grp_dense_resource_rf_leq_nin_ap_fixed_ap_fixed_22_12_4_0_0_config5_mult_s_fu_823/w5_U/q0_reg_1/CLKBWRCLK
High Pulse Width  Slow    RAMB18E2/CLKARDCLK  n/a            0.542         5.000       4.458                conv_2d_cl_array_ap_fixed_1u_array_ap_fixed_22_12_4_0_0_6u_config2_U0/grp_compute_output_buffer_2d_array_array_ap_fixed_22_12_4_0_0_6u_config2_s_fu_118/grp_dense_resource_rf_gt_nin_rem0_ap_fixed_ap_fixed_22_12_4_0_0_config2_mult_s_fu_195/w2_U/q0_reg/CLKARDCLK
High Pulse Width  Fast    RAMB18E2/CLKARDCLK  n/a            0.542         5.000       4.458                conv_2d_cl_array_ap_fixed_1u_array_ap_fixed_22_12_4_0_0_6u_config2_U0/grp_compute_output_buffer_2d_array_array_ap_fixed_22_12_4_0_0_6u_config2_s_fu_118/grp_dense_resource_rf_gt_nin_rem0_ap_fixed_ap_fixed_22_12_4_0_0_config2_mult_s_fu_195/w2_U/q0_reg/CLKARDCLK
High Pulse Width  Slow    RAMB36E2/CLKARDCLK  n/a            0.542         5.000       4.458                conv_2d_cl_array_ap_fixed_6u_array_ap_fixed_22_12_4_0_0_16u_config5_U0/grp_compute_output_buffer_2d_array_array_ap_fixed_22_12_4_0_0_16u_config5_s_fu_424/grp_dense_resource_rf_leq_nin_ap_fixed_ap_fixed_22_12_4_0_0_config5_mult_s_fu_823/w5_U/q0_reg_0/CLKARDCLK
High Pulse Width  Fast    RAMB36E2/CLKARDCLK  n/a            0.542         5.000       4.458                conv_2d_cl_array_ap_fixed_6u_array_ap_fixed_22_12_4_0_0_16u_config5_U0/grp_compute_output_buffer_2d_array_array_ap_fixed_22_12_4_0_0_16u_config5_s_fu_424/grp_dense_resource_rf_leq_nin_ap_fixed_ap_fixed_22_12_4_0_0_config5_mult_s_fu_823/w5_U/q0_reg_0/CLKARDCLK
High Pulse Width  Slow    RAMB36E2/CLKBWRCLK  n/a            0.542         5.000       4.458                conv_2d_cl_array_ap_fixed_6u_array_ap_fixed_22_12_4_0_0_16u_config5_U0/grp_compute_output_buffer_2d_array_array_ap_fixed_22_12_4_0_0_16u_config5_s_fu_424/grp_dense_resource_rf_leq_nin_ap_fixed_ap_fixed_22_12_4_0_0_config5_mult_s_fu_823/w5_U/q0_reg_0/CLKBWRCLK
High Pulse Width  Fast    RAMB36E2/CLKBWRCLK  n/a            0.542         5.000       4.458                conv_2d_cl_array_ap_fixed_6u_array_ap_fixed_22_12_4_0_0_16u_config5_U0/grp_compute_output_buffer_2d_array_array_ap_fixed_22_12_4_0_0_16u_config5_s_fu_424/grp_dense_resource_rf_leq_nin_ap_fixed_ap_fixed_22_12_4_0_0_config5_mult_s_fu_823/w5_U/q0_reg_0/CLKBWRCLK
High Pulse Width  Slow    RAMB36E2/CLKARDCLK  n/a            0.542         5.000       4.458                conv_2d_cl_array_ap_fixed_6u_array_ap_fixed_22_12_4_0_0_16u_config5_U0/grp_compute_output_buffer_2d_array_array_ap_fixed_22_12_4_0_0_16u_config5_s_fu_424/grp_dense_resource_rf_leq_nin_ap_fixed_ap_fixed_22_12_4_0_0_config5_mult_s_fu_823/w5_U/q0_reg_1/CLKARDCLK
High Pulse Width  Fast    RAMB36E2/CLKARDCLK  n/a            0.542         5.000       4.458                conv_2d_cl_array_ap_fixed_6u_array_ap_fixed_22_12_4_0_0_16u_config5_U0/grp_compute_output_buffer_2d_array_array_ap_fixed_22_12_4_0_0_16u_config5_s_fu_424/grp_dense_resource_rf_leq_nin_ap_fixed_ap_fixed_22_12_4_0_0_config5_mult_s_fu_823/w5_U/q0_reg_1/CLKARDCLK
High Pulse Width  Slow    RAMB36E2/CLKBWRCLK  n/a            0.542         5.000       4.458                conv_2d_cl_array_ap_fixed_6u_array_ap_fixed_22_12_4_0_0_16u_config5_U0/grp_compute_output_buffer_2d_array_array_ap_fixed_22_12_4_0_0_16u_config5_s_fu_424/grp_dense_resource_rf_leq_nin_ap_fixed_ap_fixed_22_12_4_0_0_config5_mult_s_fu_823/w5_U/q0_reg_1/CLKBWRCLK
High Pulse Width  Fast    RAMB36E2/CLKBWRCLK  n/a            0.542         5.000       4.458                conv_2d_cl_array_ap_fixed_6u_array_ap_fixed_22_12_4_0_0_16u_config5_U0/grp_compute_output_buffer_2d_array_array_ap_fixed_22_12_4_0_0_16u_config5_s_fu_424/grp_dense_resource_rf_leq_nin_ap_fixed_ap_fixed_22_12_4_0_0_config5_mult_s_fu_823/w5_U/q0_reg_1/CLKBWRCLK



--------------------------------------------------------------------------------------
Path Group:  (none)
From Clock:  
  To Clock:  

Max Delay             2 Endpoints
Min Delay             0 Endpoints
--------------------------------------------------------------------------------------


Max Delay Paths
--------------------------------------------------------------------------------------
Slack:                    inf
  Source:                 ap_start
                            (input port)
  Destination:            ap_idle
                            (output port)
  Path Group:             (none)
  Path Type:              Max at Slow Process Corner
  Data Path Delay:        0.727ns  (logic 0.214ns (29.436%)  route 0.513ns (70.564%))
  Logic Levels:           4  (LUT3=1 LUT6=3)

    Location             Delay type                Incr(ns)  Path(ns)    Netlist Resource(s)
  -------------------------------------------------------------------    -------------------
                                                      0.000     0.000 f  ap_start (IN)
                         net (fo=4, unset)            0.000     0.000    start_for_relu_array_ap_fixed_6u_array_ap_fixed_22_12_4_0_0_6u_relu_config3_U0_U/ap_start
                         LUT3 (Prop_LUT3_I2_O)        0.038     0.038 f  start_for_relu_array_ap_fixed_6u_array_ap_fixed_22_12_4_0_0_6u_relu_config3_U0_U/ap_CS_fsm[1]_i_2__4/O
                         net (fo=2, unplaced)         0.141     0.179    dense_array_ap_fixed_16u_array_ap_fixed_22_12_4_0_0_120u_config9_U0/ap_idle_INST_0_i_2_0
                         LUT6 (Prop_LUT6_I2_O)        0.100     0.279 r  dense_array_ap_fixed_16u_array_ap_fixed_22_12_4_0_0_120u_config9_U0/ap_idle_INST_0_i_5/O
                         net (fo=1, unplaced)         0.186     0.465    pooling2d_cl_array_ap_fixed_6u_array_ap_fixed_22_12_4_0_0_6u_config4_U0/ap_idle
                         LUT6 (Prop_LUT6_I3_O)        0.038     0.503 r  pooling2d_cl_array_ap_fixed_6u_array_ap_fixed_22_12_4_0_0_6u_config4_U0/ap_idle_INST_0_i_2/O
                         net (fo=1, unplaced)         0.186     0.689    relu_array_ap_fixed_6u_array_ap_fixed_22_12_4_0_0_6u_relu_config3_U0/ap_idle_0
                         LUT6 (Prop_LUT6_I1_O)        0.038     0.727 r  relu_array_ap_fixed_6u_array_ap_fixed_22_12_4_0_0_6u_relu_config3_U0/ap_idle_INST_0/O
                         net (fo=0)                   0.000     0.727    ap_idle
                                                                      r  ap_idle (OUT)
  -------------------------------------------------------------------    -------------------

Slack:                    inf
  Source:                 layer13_out_TREADY
                            (input port)
  Destination:            ap_done
                            (output port)
  Path Group:             (none)
  Path Type:              Max at Slow Process Corner
  Data Path Delay:        0.125ns  (logic 0.125ns (100.000%)  route 0.000ns (0.000%))
  Logic Levels:           1  (LUT5=1)

    Location             Delay type                Incr(ns)  Path(ns)    Netlist Resource(s)
  -------------------------------------------------------------------    -------------------
                                                      0.000     0.000 r  layer13_out_TREADY (IN)
                         net (fo=8, unset)            0.000     0.000    dense_array_ap_fixed_84u_array_ap_fixed_22_12_4_0_0_10u_config13_U0/regslice_both_layer13_out_U/layer13_out_TREADY
                         LUT5 (Prop_LUT5_I0_O)        0.125     0.125 r  dense_array_ap_fixed_84u_array_ap_fixed_22_12_4_0_0_10u_config13_U0/regslice_both_layer13_out_U/ap_done_INST_0/O
                         net (fo=4, unset)            0.000     0.125    ap_done
                                                                      r  ap_done (OUT)
  -------------------------------------------------------------------    -------------------





--------------------------------------------------------------------------------------
Path Group:  (none)
From Clock:  ap_clk
  To Clock:  

Max Delay           225 Endpoints
Min Delay             0 Endpoints
--------------------------------------------------------------------------------------


Max Delay Paths
--------------------------------------------------------------------------------------
Slack:                    inf
  Source:                 start_for_relu_array_ap_fixed_6u_array_ap_fixed_22_12_4_0_0_6u_relu_config3_U0_U/full_n_reg/C
                            (rising edge-triggered cell FDSE clocked by ap_clk  {rise@0.000ns fall@5.000ns period=10.000ns})
  Destination:            ap_idle
                            (output port)
  Path Group:             (none)
  Path Type:              Max at Slow Process Corner
  Data Path Delay:        0.978ns  (logic 0.343ns (35.072%)  route 0.635ns (64.928%))
  Logic Levels:           4  (LUT3=1 LUT6=3)
  Clock Uncertainty:      0.025ns  ((TSJ^2 + TIJ^2)^1/2 + DJ) / 2 + PE
    Total System Jitter     (TSJ):    0.050ns
    Total Input Jitter      (TIJ):    0.000ns
    Discrete Jitter          (DJ):    0.000ns
    Phase Error              (PE):    0.000ns

    Location             Delay type                Incr(ns)  Path(ns)    Netlist Resource(s)
  -------------------------------------------------------------------    -------------------
                         (clock ap_clk rise edge)     0.000     0.000 r  
                                                      0.000     0.000 r  ap_clk (IN)
                         net (fo=76463, unset)        0.030     0.030    start_for_relu_array_ap_fixed_6u_array_ap_fixed_22_12_4_0_0_6u_relu_config3_U0_U/ap_clk
                         FDSE                                         r  start_for_relu_array_ap_fixed_6u_array_ap_fixed_22_12_4_0_0_6u_relu_config3_U0_U/full_n_reg/C
  -------------------------------------------------------------------    -------------------
                         FDSE (Prop_FDSE_C_Q)         0.077     0.107 f  start_for_relu_array_ap_fixed_6u_array_ap_fixed_22_12_4_0_0_6u_relu_config3_U0_U/full_n_reg/Q
                         net (fo=9, unplaced)         0.122     0.229    start_for_relu_array_ap_fixed_6u_array_ap_fixed_22_12_4_0_0_6u_relu_config3_U0_U/start_for_relu_array_ap_fixed_6u_array_ap_fixed_22_12_4_0_0_6u_relu_config3_U0_full_n
                         LUT3 (Prop_LUT3_I0_O)        0.090     0.319 f  start_for_relu_array_ap_fixed_6u_array_ap_fixed_22_12_4_0_0_6u_relu_config3_U0_U/ap_CS_fsm[1]_i_2__4/O
                         net (fo=2, unplaced)         0.141     0.460    dense_array_ap_fixed_16u_array_ap_fixed_22_12_4_0_0_120u_config9_U0/ap_idle_INST_0_i_2_0
                         LUT6 (Prop_LUT6_I2_O)        0.100     0.560 r  dense_array_ap_fixed_16u_array_ap_fixed_22_12_4_0_0_120u_config9_U0/ap_idle_INST_0_i_5/O
                         net (fo=1, unplaced)         0.186     0.746    pooling2d_cl_array_ap_fixed_6u_array_ap_fixed_22_12_4_0_0_6u_config4_U0/ap_idle
                         LUT6 (Prop_LUT6_I3_O)        0.038     0.784 r  pooling2d_cl_array_ap_fixed_6u_array_ap_fixed_22_12_4_0_0_6u_config4_U0/ap_idle_INST_0_i_2/O
                         net (fo=1, unplaced)         0.186     0.970    relu_array_ap_fixed_6u_array_ap_fixed_22_12_4_0_0_6u_relu_config3_U0/ap_idle_0
                         LUT6 (Prop_LUT6_I1_O)        0.038     1.008 r  relu_array_ap_fixed_6u_array_ap_fixed_22_12_4_0_0_6u_relu_config3_U0/ap_idle_INST_0/O
                         net (fo=0)                   0.000     1.008    ap_idle
                                                                      r  ap_idle (OUT)
  -------------------------------------------------------------------    -------------------

Slack:                    inf
  Source:                 conv_2d_cl_array_ap_fixed_1u_array_ap_fixed_22_12_4_0_0_6u_config2_U0/indvar_flatten_fu_108_reg[4]/C
                            (rising edge-triggered cell FDRE clocked by ap_clk  {rise@0.000ns fall@5.000ns period=10.000ns})
  Destination:            ap_ready
                            (output port)
  Path Group:             (none)
  Path Type:              Max at Slow Process Corner
  Data Path Delay:        0.617ns  (logic 0.265ns (42.950%)  route 0.352ns (57.050%))
  Logic Levels:           2  (LUT6=2)
  Clock Uncertainty:      0.025ns  ((TSJ^2 + TIJ^2)^1/2 + DJ) / 2 + PE
    Total System Jitter     (TSJ):    0.050ns
    Total Input Jitter      (TIJ):    0.000ns
    Discrete Jitter          (DJ):    0.000ns
    Phase Error              (PE):    0.000ns

    Location             Delay type                Incr(ns)  Path(ns)    Netlist Resource(s)
  -------------------------------------------------------------------    -------------------
                         (clock ap_clk rise edge)     0.000     0.000 r  
                                                      0.000     0.000 r  ap_clk (IN)
                         net (fo=76463, unset)        0.030     0.030    conv_2d_cl_array_ap_fixed_1u_array_ap_fixed_22_12_4_0_0_6u_config2_U0/ap_clk
                         FDRE                                         r  conv_2d_cl_array_ap_fixed_1u_array_ap_fixed_22_12_4_0_0_6u_config2_U0/indvar_flatten_fu_108_reg[4]/C
  -------------------------------------------------------------------    -------------------
                         FDRE (Prop_FDRE_C_Q)         0.077     0.107 r  conv_2d_cl_array_ap_fixed_1u_array_ap_fixed_22_12_4_0_0_6u_config2_U0/indvar_flatten_fu_108_reg[4]/Q
                         net (fo=4, unplaced)         0.166     0.273    conv_2d_cl_array_ap_fixed_1u_array_ap_fixed_22_12_4_0_0_6u_config2_U0/regslice_both_input_layer_U/ap_ready_INST_0_i_1[4]
                         LUT6 (Prop_LUT6_I0_O)        0.150     0.423 r  conv_2d_cl_array_ap_fixed_1u_array_ap_fixed_22_12_4_0_0_6u_config2_U0/regslice_both_input_layer_U/ap_ready_INST_0_i_2/O
                         net (fo=2, unplaced)         0.186     0.609    conv_2d_cl_array_ap_fixed_1u_array_ap_fixed_22_12_4_0_0_6u_config2_U0/regslice_both_input_layer_U_n_6
                         LUT6 (Prop_LUT6_I5_O)        0.038     0.647 r  conv_2d_cl_array_ap_fixed_1u_array_ap_fixed_22_12_4_0_0_6u_config2_U0/ap_ready_INST_0_i_1/O
                         net (fo=3, unset)            0.000     0.647    ap_ready
                                                                      r  ap_ready (OUT)
  -------------------------------------------------------------------    -------------------

Slack:                    inf
  Source:                 dense_array_ap_fixed_84u_array_ap_fixed_22_12_4_0_0_10u_config13_U0/regslice_both_layer13_out_U/FSM_sequential_state_reg[0]/C
                            (rising edge-triggered cell FDSE clocked by ap_clk  {rise@0.000ns fall@5.000ns period=10.000ns})
  Destination:            ap_done
                            (output port)
  Path Group:             (none)
  Path Type:              Max at Slow Process Corner
  Data Path Delay:        0.373ns  (logic 0.177ns (47.453%)  route 0.196ns (52.547%))
  Logic Levels:           1  (LUT5=1)
  Clock Uncertainty:      0.025ns  ((TSJ^2 + TIJ^2)^1/2 + DJ) / 2 + PE
    Total System Jitter     (TSJ):    0.050ns
    Total Input Jitter      (TIJ):    0.000ns
    Discrete Jitter          (DJ):    0.000ns
    Phase Error              (PE):    0.000ns

    Location             Delay type                Incr(ns)  Path(ns)    Netlist Resource(s)
  -------------------------------------------------------------------    -------------------
                         (clock ap_clk rise edge)     0.000     0.000 r  
                                                      0.000     0.000 r  ap_clk (IN)
                         net (fo=76463, unset)        0.030     0.030    dense_array_ap_fixed_84u_array_ap_fixed_22_12_4_0_0_10u_config13_U0/regslice_both_layer13_out_U/ap_clk
                         FDSE                                         r  dense_array_ap_fixed_84u_array_ap_fixed_22_12_4_0_0_10u_config13_U0/regslice_both_layer13_out_U/FSM_sequential_state_reg[0]/C
  -------------------------------------------------------------------    -------------------
                         FDSE (Prop_FDSE_C_Q)         0.077     0.107 r  dense_array_ap_fixed_84u_array_ap_fixed_22_12_4_0_0_10u_config13_U0/regslice_both_layer13_out_U/FSM_sequential_state_reg[0]/Q
                         net (fo=227, unplaced)       0.196     0.303    dense_array_ap_fixed_84u_array_ap_fixed_22_12_4_0_0_10u_config13_U0/regslice_both_layer13_out_U/Q[0]
                         LUT5 (Prop_LUT5_I1_O)        0.100     0.403 r  dense_array_ap_fixed_84u_array_ap_fixed_22_12_4_0_0_10u_config13_U0/regslice_both_layer13_out_U/ap_done_INST_0/O
                         net (fo=4, unset)            0.000     0.403    ap_done
                                                                      r  ap_done (OUT)
  -------------------------------------------------------------------    -------------------

Slack:                    inf
  Source:                 conv_2d_cl_array_ap_fixed_1u_array_ap_fixed_22_12_4_0_0_6u_config2_U0/regslice_both_input_layer_U/ack_in_t_reg/C
                            (rising edge-triggered cell FDRE clocked by ap_clk  {rise@0.000ns fall@5.000ns period=10.000ns})
  Destination:            input_layer_TREADY
                            (output port)
  Path Group:             (none)
  Path Type:              Max at Slow Process Corner
  Data Path Delay:        0.077ns  (logic 0.077ns (100.000%)  route 0.000ns (0.000%))
  Logic Levels:           0  
  Clock Uncertainty:      0.025ns  ((TSJ^2 + TIJ^2)^1/2 + DJ) / 2 + PE
    Total System Jitter     (TSJ):    0.050ns
    Total Input Jitter      (TIJ):    0.000ns
    Discrete Jitter          (DJ):    0.000ns
    Phase Error              (PE):    0.000ns

    Location             Delay type                Incr(ns)  Path(ns)    Netlist Resource(s)
  -------------------------------------------------------------------    -------------------
                         (clock ap_clk rise edge)     0.000     0.000 r  
                                                      0.000     0.000 r  ap_clk (IN)
                         net (fo=76463, unset)        0.030     0.030    conv_2d_cl_array_ap_fixed_1u_array_ap_fixed_22_12_4_0_0_6u_config2_U0/regslice_both_input_layer_U/ap_clk
                         FDRE                                         r  conv_2d_cl_array_ap_fixed_1u_array_ap_fixed_22_12_4_0_0_6u_config2_U0/regslice_both_input_layer_U/ack_in_t_reg/C
  -------------------------------------------------------------------    -------------------
                         FDRE (Prop_FDRE_C_Q)         0.077     0.107 r  conv_2d_cl_array_ap_fixed_1u_array_ap_fixed_22_12_4_0_0_6u_config2_U0/regslice_both_input_layer_U/ack_in_t_reg/Q
                         net (fo=4, unset)            0.000     0.107    input_layer_TREADY
                                                                      r  input_layer_TREADY (OUT)
  -------------------------------------------------------------------    -------------------

Slack:                    inf
  Source:                 dense_array_ap_fixed_84u_array_ap_fixed_22_12_4_0_0_10u_config13_U0/regslice_both_layer13_out_U/data_p1_reg[0]/C
                            (rising edge-triggered cell FDRE clocked by ap_clk  {rise@0.000ns fall@5.000ns period=10.000ns})
  Destination:            layer13_out_TDATA[0]
                            (output port)
  Path Group:             (none)
  Path Type:              Max at Slow Process Corner
  Data Path Delay:        0.077ns  (logic 0.077ns (100.000%)  route 0.000ns (0.000%))
  Logic Levels:           0  
  Clock Uncertainty:      0.025ns  ((TSJ^2 + TIJ^2)^1/2 + DJ) / 2 + PE
    Total System Jitter     (TSJ):    0.050ns
    Total Input Jitter      (TIJ):    0.000ns
    Discrete Jitter          (DJ):    0.000ns
    Phase Error              (PE):    0.000ns

    Location             Delay type                Incr(ns)  Path(ns)    Netlist Resource(s)
  -------------------------------------------------------------------    -------------------
                         (clock ap_clk rise edge)     0.000     0.000 r  
                                                      0.000     0.000 r  ap_clk (IN)
                         net (fo=76463, unset)        0.030     0.030    dense_array_ap_fixed_84u_array_ap_fixed_22_12_4_0_0_10u_config13_U0/regslice_both_layer13_out_U/ap_clk
                         FDRE                                         r  dense_array_ap_fixed_84u_array_ap_fixed_22_12_4_0_0_10u_config13_U0/regslice_both_layer13_out_U/data_p1_reg[0]/C
  -------------------------------------------------------------------    -------------------
                         FDRE (Prop_FDRE_C_Q)         0.077     0.107 r  dense_array_ap_fixed_84u_array_ap_fixed_22_12_4_0_0_10u_config13_U0/regslice_both_layer13_out_U/data_p1_reg[0]/Q
                         net (fo=0)                   0.000     0.107    layer13_out_TDATA[0]
                                                                      r  layer13_out_TDATA[0] (OUT)
  -------------------------------------------------------------------    -------------------

Slack:                    inf
  Source:                 dense_array_ap_fixed_84u_array_ap_fixed_22_12_4_0_0_10u_config13_U0/regslice_both_layer13_out_U/data_p1_reg[100]/C
                            (rising edge-triggered cell FDRE clocked by ap_clk  {rise@0.000ns fall@5.000ns period=10.000ns})
  Destination:            layer13_out_TDATA[100]
                            (output port)
  Path Group:             (none)
  Path Type:              Max at Slow Process Corner
  Data Path Delay:        0.077ns  (logic 0.077ns (100.000%)  route 0.000ns (0.000%))
  Logic Levels:           0  
  Clock Uncertainty:      0.025ns  ((TSJ^2 + TIJ^2)^1/2 + DJ) / 2 + PE
    Total System Jitter     (TSJ):    0.050ns
    Total Input Jitter      (TIJ):    0.000ns
    Discrete Jitter          (DJ):    0.000ns
    Phase Error              (PE):    0.000ns

    Location             Delay type                Incr(ns)  Path(ns)    Netlist Resource(s)
  -------------------------------------------------------------------    -------------------
                         (clock ap_clk rise edge)     0.000     0.000 r  
                                                      0.000     0.000 r  ap_clk (IN)
                         net (fo=76463, unset)        0.030     0.030    dense_array_ap_fixed_84u_array_ap_fixed_22_12_4_0_0_10u_config13_U0/regslice_both_layer13_out_U/ap_clk
                         FDRE                                         r  dense_array_ap_fixed_84u_array_ap_fixed_22_12_4_0_0_10u_config13_U0/regslice_both_layer13_out_U/data_p1_reg[100]/C
  -------------------------------------------------------------------    -------------------
                         FDRE (Prop_FDRE_C_Q)         0.077     0.107 r  dense_array_ap_fixed_84u_array_ap_fixed_22_12_4_0_0_10u_config13_U0/regslice_both_layer13_out_U/data_p1_reg[100]/Q
                         net (fo=0)                   0.000     0.107    layer13_out_TDATA[100]
                                                                      r  layer13_out_TDATA[100] (OUT)
  -------------------------------------------------------------------    -------------------

Slack:                    inf
  Source:                 dense_array_ap_fixed_84u_array_ap_fixed_22_12_4_0_0_10u_config13_U0/regslice_both_layer13_out_U/data_p1_reg[101]/C
                            (rising edge-triggered cell FDRE clocked by ap_clk  {rise@0.000ns fall@5.000ns period=10.000ns})
  Destination:            layer13_out_TDATA[101]
                            (output port)
  Path Group:             (none)
  Path Type:              Max at Slow Process Corner
  Data Path Delay:        0.077ns  (logic 0.077ns (100.000%)  route 0.000ns (0.000%))
  Logic Levels:           0  
  Clock Uncertainty:      0.025ns  ((TSJ^2 + TIJ^2)^1/2 + DJ) / 2 + PE
    Total System Jitter     (TSJ):    0.050ns
    Total Input Jitter      (TIJ):    0.000ns
    Discrete Jitter          (DJ):    0.000ns
    Phase Error              (PE):    0.000ns

    Location             Delay type                Incr(ns)  Path(ns)    Netlist Resource(s)
  -------------------------------------------------------------------    -------------------
                         (clock ap_clk rise edge)     0.000     0.000 r  
                                                      0.000     0.000 r  ap_clk (IN)
                         net (fo=76463, unset)        0.030     0.030    dense_array_ap_fixed_84u_array_ap_fixed_22_12_4_0_0_10u_config13_U0/regslice_both_layer13_out_U/ap_clk
                         FDRE                                         r  dense_array_ap_fixed_84u_array_ap_fixed_22_12_4_0_0_10u_config13_U0/regslice_both_layer13_out_U/data_p1_reg[101]/C
  -------------------------------------------------------------------    -------------------
                         FDRE (Prop_FDRE_C_Q)         0.077     0.107 r  dense_array_ap_fixed_84u_array_ap_fixed_22_12_4_0_0_10u_config13_U0/regslice_both_layer13_out_U/data_p1_reg[101]/Q
                         net (fo=0)                   0.000     0.107    layer13_out_TDATA[101]
                                                                      r  layer13_out_TDATA[101] (OUT)
  -------------------------------------------------------------------    -------------------

Slack:                    inf
  Source:                 dense_array_ap_fixed_84u_array_ap_fixed_22_12_4_0_0_10u_config13_U0/regslice_both_layer13_out_U/data_p1_reg[102]/C
                            (rising edge-triggered cell FDRE clocked by ap_clk  {rise@0.000ns fall@5.000ns period=10.000ns})
  Destination:            layer13_out_TDATA[102]
                            (output port)
  Path Group:             (none)
  Path Type:              Max at Slow Process Corner
  Data Path Delay:        0.077ns  (logic 0.077ns (100.000%)  route 0.000ns (0.000%))
  Logic Levels:           0  
  Clock Uncertainty:      0.025ns  ((TSJ^2 + TIJ^2)^1/2 + DJ) / 2 + PE
    Total System Jitter     (TSJ):    0.050ns
    Total Input Jitter      (TIJ):    0.000ns
    Discrete Jitter          (DJ):    0.000ns
    Phase Error              (PE):    0.000ns

    Location             Delay type                Incr(ns)  Path(ns)    Netlist Resource(s)
  -------------------------------------------------------------------    -------------------
                         (clock ap_clk rise edge)     0.000     0.000 r  
                                                      0.000     0.000 r  ap_clk (IN)
                         net (fo=76463, unset)        0.030     0.030    dense_array_ap_fixed_84u_array_ap_fixed_22_12_4_0_0_10u_config13_U0/regslice_both_layer13_out_U/ap_clk
                         FDRE                                         r  dense_array_ap_fixed_84u_array_ap_fixed_22_12_4_0_0_10u_config13_U0/regslice_both_layer13_out_U/data_p1_reg[102]/C
  -------------------------------------------------------------------    -------------------
                         FDRE (Prop_FDRE_C_Q)         0.077     0.107 r  dense_array_ap_fixed_84u_array_ap_fixed_22_12_4_0_0_10u_config13_U0/regslice_both_layer13_out_U/data_p1_reg[102]/Q
                         net (fo=0)                   0.000     0.107    layer13_out_TDATA[102]
                                                                      r  layer13_out_TDATA[102] (OUT)
  -------------------------------------------------------------------    -------------------

Slack:                    inf
  Source:                 dense_array_ap_fixed_84u_array_ap_fixed_22_12_4_0_0_10u_config13_U0/regslice_both_layer13_out_U/data_p1_reg[103]/C
                            (rising edge-triggered cell FDRE clocked by ap_clk  {rise@0.000ns fall@5.000ns period=10.000ns})
  Destination:            layer13_out_TDATA[103]
                            (output port)
  Path Group:             (none)
  Path Type:              Max at Slow Process Corner
  Data Path Delay:        0.077ns  (logic 0.077ns (100.000%)  route 0.000ns (0.000%))
  Logic Levels:           0  
  Clock Uncertainty:      0.025ns  ((TSJ^2 + TIJ^2)^1/2 + DJ) / 2 + PE
    Total System Jitter     (TSJ):    0.050ns
    Total Input Jitter      (TIJ):    0.000ns
    Discrete Jitter          (DJ):    0.000ns
    Phase Error              (PE):    0.000ns

    Location             Delay type                Incr(ns)  Path(ns)    Netlist Resource(s)
  -------------------------------------------------------------------    -------------------
                         (clock ap_clk rise edge)     0.000     0.000 r  
                                                      0.000     0.000 r  ap_clk (IN)
                         net (fo=76463, unset)        0.030     0.030    dense_array_ap_fixed_84u_array_ap_fixed_22_12_4_0_0_10u_config13_U0/regslice_both_layer13_out_U/ap_clk
                         FDRE                                         r  dense_array_ap_fixed_84u_array_ap_fixed_22_12_4_0_0_10u_config13_U0/regslice_both_layer13_out_U/data_p1_reg[103]/C
  -------------------------------------------------------------------    -------------------
                         FDRE (Prop_FDRE_C_Q)         0.077     0.107 r  dense_array_ap_fixed_84u_array_ap_fixed_22_12_4_0_0_10u_config13_U0/regslice_both_layer13_out_U/data_p1_reg[103]/Q
                         net (fo=0)                   0.000     0.107    layer13_out_TDATA[103]
                                                                      r  layer13_out_TDATA[103] (OUT)
  -------------------------------------------------------------------    -------------------

Slack:                    inf
  Source:                 dense_array_ap_fixed_84u_array_ap_fixed_22_12_4_0_0_10u_config13_U0/regslice_both_layer13_out_U/data_p1_reg[104]/C
                            (rising edge-triggered cell FDRE clocked by ap_clk  {rise@0.000ns fall@5.000ns period=10.000ns})
  Destination:            layer13_out_TDATA[104]
                            (output port)
  Path Group:             (none)
  Path Type:              Max at Slow Process Corner
  Data Path Delay:        0.077ns  (logic 0.077ns (100.000%)  route 0.000ns (0.000%))
  Logic Levels:           0  
  Clock Uncertainty:      0.025ns  ((TSJ^2 + TIJ^2)^1/2 + DJ) / 2 + PE
    Total System Jitter     (TSJ):    0.050ns
    Total Input Jitter      (TIJ):    0.000ns
    Discrete Jitter          (DJ):    0.000ns
    Phase Error              (PE):    0.000ns

    Location             Delay type                Incr(ns)  Path(ns)    Netlist Resource(s)
  -------------------------------------------------------------------    -------------------
                         (clock ap_clk rise edge)     0.000     0.000 r  
                                                      0.000     0.000 r  ap_clk (IN)
                         net (fo=76463, unset)        0.030     0.030    dense_array_ap_fixed_84u_array_ap_fixed_22_12_4_0_0_10u_config13_U0/regslice_both_layer13_out_U/ap_clk
                         FDRE                                         r  dense_array_ap_fixed_84u_array_ap_fixed_22_12_4_0_0_10u_config13_U0/regslice_both_layer13_out_U/data_p1_reg[104]/C
  -------------------------------------------------------------------    -------------------
                         FDRE (Prop_FDRE_C_Q)         0.077     0.107 r  dense_array_ap_fixed_84u_array_ap_fixed_22_12_4_0_0_10u_config13_U0/regslice_both_layer13_out_U/data_p1_reg[104]/Q
                         net (fo=0)                   0.000     0.107    layer13_out_TDATA[104]
                                                                      r  layer13_out_TDATA[104] (OUT)
  -------------------------------------------------------------------    -------------------





--------------------------------------------------------------------------------------
Path Group:  (none)
From Clock:  
  To Clock:  ap_clk

Max Delay          6334 Endpoints
Min Delay             0 Endpoints
--------------------------------------------------------------------------------------


Max Delay Paths
--------------------------------------------------------------------------------------
Slack:                    inf
  Source:                 layer13_out_TREADY
                            (input port)
  Destination:            start_for_dense_array_ap_fixed_84u_array_ap_fixed_22_12_4_0_0_10u_config13_U0_U/mOutPtr_reg[0]/CE
                            (rising edge-triggered cell FDRE clocked by ap_clk  {rise@0.000ns fall@5.000ns period=10.000ns})
  Path Group:             (none)
  Path Type:              Setup (Max at Slow Process Corner)
  Data Path Delay:        0.501ns  (logic 0.163ns (32.535%)  route 0.338ns (67.465%))
  Logic Levels:           2  (LUT5=2)
  Clock Path Skew:        0.021ns (DCD - SCD + CPR)
    Destination Clock Delay (DCD):    0.021ns
    Source Clock Delay      (SCD):    0.000ns
    Clock Pessimism Removal (CPR):    0.000ns
  Clock Uncertainty:      0.025ns  ((TSJ^2 + TIJ^2)^1/2 + DJ) / 2 + PE
    Total System Jitter     (TSJ):    0.050ns
    Total Input Jitter      (TIJ):    0.000ns
    Discrete Jitter          (DJ):    0.000ns
    Phase Error              (PE):    0.000ns

    Location             Delay type                Incr(ns)  Path(ns)    Netlist Resource(s)
  -------------------------------------------------------------------    -------------------
                                                      0.000     0.000 r  layer13_out_TREADY (IN)
                         net (fo=8, unset)            0.000     0.000    dense_array_ap_fixed_84u_array_ap_fixed_22_12_4_0_0_10u_config13_U0/regslice_both_layer13_out_U/layer13_out_TREADY
                         LUT5 (Prop_LUT5_I0_O)        0.125     0.125 r  dense_array_ap_fixed_84u_array_ap_fixed_22_12_4_0_0_10u_config13_U0/regslice_both_layer13_out_U/ap_done_INST_0/O
                         net (fo=4, unplaced)         0.198     0.323    start_for_dense_array_ap_fixed_84u_array_ap_fixed_22_12_4_0_0_10u_config13_U0_U/mOutPtr_reg[1]_0
                         LUT5 (Prop_LUT5_I4_O)        0.038     0.361 r  start_for_dense_array_ap_fixed_84u_array_ap_fixed_22_12_4_0_0_10u_config13_U0_U/mOutPtr[1]_i_1/O
                         net (fo=2, unplaced)         0.140     0.501    start_for_dense_array_ap_fixed_84u_array_ap_fixed_22_12_4_0_0_10u_config13_U0_U/mOutPtr[1]_i_1_n_0
                         FDRE                                         r  start_for_dense_array_ap_fixed_84u_array_ap_fixed_22_12_4_0_0_10u_config13_U0_U/mOutPtr_reg[0]/CE
  -------------------------------------------------------------------    -------------------

                         (clock ap_clk rise edge)     0.000     0.000 r  
                                                      0.000     0.000 r  ap_clk (IN)
                         net (fo=76463, unset)        0.021     0.021    start_for_dense_array_ap_fixed_84u_array_ap_fixed_22_12_4_0_0_10u_config13_U0_U/ap_clk
                         FDRE                                         r  start_for_dense_array_ap_fixed_84u_array_ap_fixed_22_12_4_0_0_10u_config13_U0_U/mOutPtr_reg[0]/C

Slack:                    inf
  Source:                 layer13_out_TREADY
                            (input port)
  Destination:            start_for_dense_array_ap_fixed_84u_array_ap_fixed_22_12_4_0_0_10u_config13_U0_U/mOutPtr_reg[1]/CE
                            (rising edge-triggered cell FDRE clocked by ap_clk  {rise@0.000ns fall@5.000ns period=10.000ns})
  Path Group:             (none)
  Path Type:              Setup (Max at Slow Process Corner)
  Data Path Delay:        0.501ns  (logic 0.163ns (32.535%)  route 0.338ns (67.465%))
  Logic Levels:           2  (LUT5=2)
  Clock Path Skew:        0.021ns (DCD - SCD + CPR)
    Destination Clock Delay (DCD):    0.021ns
    Source Clock Delay      (SCD):    0.000ns
    Clock Pessimism Removal (CPR):    0.000ns
  Clock Uncertainty:      0.025ns  ((TSJ^2 + TIJ^2)^1/2 + DJ) / 2 + PE
    Total System Jitter     (TSJ):    0.050ns
    Total Input Jitter      (TIJ):    0.000ns
    Discrete Jitter          (DJ):    0.000ns
    Phase Error              (PE):    0.000ns

    Location             Delay type                Incr(ns)  Path(ns)    Netlist Resource(s)
  -------------------------------------------------------------------    -------------------
                                                      0.000     0.000 r  layer13_out_TREADY (IN)
                         net (fo=8, unset)            0.000     0.000    dense_array_ap_fixed_84u_array_ap_fixed_22_12_4_0_0_10u_config13_U0/regslice_both_layer13_out_U/layer13_out_TREADY
                         LUT5 (Prop_LUT5_I0_O)        0.125     0.125 r  dense_array_ap_fixed_84u_array_ap_fixed_22_12_4_0_0_10u_config13_U0/regslice_both_layer13_out_U/ap_done_INST_0/O
                         net (fo=4, unplaced)         0.198     0.323    start_for_dense_array_ap_fixed_84u_array_ap_fixed_22_12_4_0_0_10u_config13_U0_U/mOutPtr_reg[1]_0
                         LUT5 (Prop_LUT5_I4_O)        0.038     0.361 r  start_for_dense_array_ap_fixed_84u_array_ap_fixed_22_12_4_0_0_10u_config13_U0_U/mOutPtr[1]_i_1/O
                         net (fo=2, unplaced)         0.140     0.501    start_for_dense_array_ap_fixed_84u_array_ap_fixed_22_12_4_0_0_10u_config13_U0_U/mOutPtr[1]_i_1_n_0
                         FDRE                                         r  start_for_dense_array_ap_fixed_84u_array_ap_fixed_22_12_4_0_0_10u_config13_U0_U/mOutPtr_reg[1]/CE
  -------------------------------------------------------------------    -------------------

                         (clock ap_clk rise edge)     0.000     0.000 r  
                                                      0.000     0.000 r  ap_clk (IN)
                         net (fo=76463, unset)        0.021     0.021    start_for_dense_array_ap_fixed_84u_array_ap_fixed_22_12_4_0_0_10u_config13_U0_U/ap_clk
                         FDRE                                         r  start_for_dense_array_ap_fixed_84u_array_ap_fixed_22_12_4_0_0_10u_config13_U0_U/mOutPtr_reg[1]/C

Slack:                    inf
  Source:                 ap_start
                            (input port)
  Destination:            start_for_relu_array_ap_fixed_6u_array_ap_fixed_22_12_4_0_0_6u_relu_config3_U0_U/mOutPtr_reg[0]/CE
                            (rising edge-triggered cell FDRE clocked by ap_clk  {rise@0.000ns fall@5.000ns period=10.000ns})
  Path Group:             (none)
  Path Type:              Setup (Max at Slow Process Corner)
  Data Path Delay:        0.454ns  (logic 0.165ns (36.344%)  route 0.289ns (63.656%))
  Logic Levels:           2  (LUT3=1 LUT4=1)
  Clock Path Skew:        0.021ns (DCD - SCD + CPR)
    Destination Clock Delay (DCD):    0.021ns
    Source Clock Delay      (SCD):    0.000ns
    Clock Pessimism Removal (CPR):    0.000ns
  Clock Uncertainty:      0.025ns  ((TSJ^2 + TIJ^2)^1/2 + DJ) / 2 + PE
    Total System Jitter     (TSJ):    0.050ns
    Total Input Jitter      (TIJ):    0.000ns
    Discrete Jitter          (DJ):    0.000ns
    Phase Error              (PE):    0.000ns

    Location             Delay type                Incr(ns)  Path(ns)    Netlist Resource(s)
  -------------------------------------------------------------------    -------------------
                                                      0.000     0.000 r  ap_start (IN)
                         net (fo=4, unset)            0.000     0.000    start_for_relu_array_ap_fixed_6u_array_ap_fixed_22_12_4_0_0_6u_relu_config3_U0_U/ap_start
                         LUT3 (Prop_LUT3_I0_O)        0.112     0.112 r  start_for_relu_array_ap_fixed_6u_array_ap_fixed_22_12_4_0_0_6u_relu_config3_U0_U/mOutPtr[1]_i_3__7/O
                         net (fo=4, unplaced)         0.149     0.261    start_for_relu_array_ap_fixed_6u_array_ap_fixed_22_12_4_0_0_6u_relu_config3_U0_U/conv_2d_cl_array_ap_fixed_1u_array_ap_fixed_22_12_4_0_0_6u_config2_U0_start_write
                         LUT4 (Prop_LUT4_I1_O)        0.053     0.314 r  start_for_relu_array_ap_fixed_6u_array_ap_fixed_22_12_4_0_0_6u_relu_config3_U0_U/mOutPtr[1]_i_1__2/O
                         net (fo=2, unplaced)         0.140     0.454    start_for_relu_array_ap_fixed_6u_array_ap_fixed_22_12_4_0_0_6u_relu_config3_U0_U/mOutPtr[1]_i_1__2_n_0
                         FDRE                                         r  start_for_relu_array_ap_fixed_6u_array_ap_fixed_22_12_4_0_0_6u_relu_config3_U0_U/mOutPtr_reg[0]/CE
  -------------------------------------------------------------------    -------------------

                         (clock ap_clk rise edge)     0.000     0.000 r  
                                                      0.000     0.000 r  ap_clk (IN)
                         net (fo=76463, unset)        0.021     0.021    start_for_relu_array_ap_fixed_6u_array_ap_fixed_22_12_4_0_0_6u_relu_config3_U0_U/ap_clk
                         FDRE                                         r  start_for_relu_array_ap_fixed_6u_array_ap_fixed_22_12_4_0_0_6u_relu_config3_U0_U/mOutPtr_reg[0]/C

Slack:                    inf
  Source:                 ap_start
                            (input port)
  Destination:            start_for_relu_array_ap_fixed_6u_array_ap_fixed_22_12_4_0_0_6u_relu_config3_U0_U/mOutPtr_reg[1]/CE
                            (rising edge-triggered cell FDRE clocked by ap_clk  {rise@0.000ns fall@5.000ns period=10.000ns})
  Path Group:             (none)
  Path Type:              Setup (Max at Slow Process Corner)
  Data Path Delay:        0.454ns  (logic 0.165ns (36.344%)  route 0.289ns (63.656%))
  Logic Levels:           2  (LUT3=1 LUT4=1)
  Clock Path Skew:        0.021ns (DCD - SCD + CPR)
    Destination Clock Delay (DCD):    0.021ns
    Source Clock Delay      (SCD):    0.000ns
    Clock Pessimism Removal (CPR):    0.000ns
  Clock Uncertainty:      0.025ns  ((TSJ^2 + TIJ^2)^1/2 + DJ) / 2 + PE
    Total System Jitter     (TSJ):    0.050ns
    Total Input Jitter      (TIJ):    0.000ns
    Discrete Jitter          (DJ):    0.000ns
    Phase Error              (PE):    0.000ns

    Location             Delay type                Incr(ns)  Path(ns)    Netlist Resource(s)
  -------------------------------------------------------------------    -------------------
                                                      0.000     0.000 r  ap_start (IN)
                         net (fo=4, unset)            0.000     0.000    start_for_relu_array_ap_fixed_6u_array_ap_fixed_22_12_4_0_0_6u_relu_config3_U0_U/ap_start
                         LUT3 (Prop_LUT3_I0_O)        0.112     0.112 r  start_for_relu_array_ap_fixed_6u_array_ap_fixed_22_12_4_0_0_6u_relu_config3_U0_U/mOutPtr[1]_i_3__7/O
                         net (fo=4, unplaced)         0.149     0.261    start_for_relu_array_ap_fixed_6u_array_ap_fixed_22_12_4_0_0_6u_relu_config3_U0_U/conv_2d_cl_array_ap_fixed_1u_array_ap_fixed_22_12_4_0_0_6u_config2_U0_start_write
                         LUT4 (Prop_LUT4_I1_O)        0.053     0.314 r  start_for_relu_array_ap_fixed_6u_array_ap_fixed_22_12_4_0_0_6u_relu_config3_U0_U/mOutPtr[1]_i_1__2/O
                         net (fo=2, unplaced)         0.140     0.454    start_for_relu_array_ap_fixed_6u_array_ap_fixed_22_12_4_0_0_6u_relu_config3_U0_U/mOutPtr[1]_i_1__2_n_0
                         FDRE                                         r  start_for_relu_array_ap_fixed_6u_array_ap_fixed_22_12_4_0_0_6u_relu_config3_U0_U/mOutPtr_reg[1]/CE
  -------------------------------------------------------------------    -------------------

                         (clock ap_clk rise edge)     0.000     0.000 r  
                                                      0.000     0.000 r  ap_clk (IN)
                         net (fo=76463, unset)        0.021     0.021    start_for_relu_array_ap_fixed_6u_array_ap_fixed_22_12_4_0_0_6u_relu_config3_U0_U/ap_clk
                         FDRE                                         r  start_for_relu_array_ap_fixed_6u_array_ap_fixed_22_12_4_0_0_6u_relu_config3_U0_U/mOutPtr_reg[1]/C

Slack:                    inf
  Source:                 layer13_out_TREADY
                            (input port)
  Destination:            start_for_dense_array_ap_fixed_84u_array_ap_fixed_22_12_4_0_0_10u_config13_U0_U/full_n_reg/D
                            (rising edge-triggered cell FDSE clocked by ap_clk  {rise@0.000ns fall@5.000ns period=10.000ns})
  Path Group:             (none)
  Path Type:              Setup (Max at Slow Process Corner)
  Data Path Delay:        0.409ns  (logic 0.163ns (39.853%)  route 0.246ns (60.147%))
  Logic Levels:           2  (LUT5=1 LUT6=1)
  Clock Path Skew:        0.021ns (DCD - SCD + CPR)
    Destination Clock Delay (DCD):    0.021ns
    Source Clock Delay      (SCD):    0.000ns
    Clock Pessimism Removal (CPR):    0.000ns
  Clock Uncertainty:      0.025ns  ((TSJ^2 + TIJ^2)^1/2 + DJ) / 2 + PE
    Total System Jitter     (TSJ):    0.050ns
    Total Input Jitter      (TIJ):    0.000ns
    Discrete Jitter          (DJ):    0.000ns
    Phase Error              (PE):    0.000ns

    Location             Delay type                Incr(ns)  Path(ns)    Netlist Resource(s)
  -------------------------------------------------------------------    -------------------
                                                      0.000     0.000 r  layer13_out_TREADY (IN)
                         net (fo=8, unset)            0.000     0.000    dense_array_ap_fixed_84u_array_ap_fixed_22_12_4_0_0_10u_config13_U0/regslice_both_layer13_out_U/layer13_out_TREADY
                         LUT5 (Prop_LUT5_I0_O)        0.125     0.125 r  dense_array_ap_fixed_84u_array_ap_fixed_22_12_4_0_0_10u_config13_U0/regslice_both_layer13_out_U/ap_done_INST_0/O
                         net (fo=4, unplaced)         0.198     0.323    start_for_dense_array_ap_fixed_84u_array_ap_fixed_22_12_4_0_0_10u_config13_U0_U/mOutPtr_reg[1]_0
                         LUT6 (Prop_LUT6_I4_O)        0.038     0.361 r  start_for_dense_array_ap_fixed_84u_array_ap_fixed_22_12_4_0_0_10u_config13_U0_U/full_n_i_1__0/O
                         net (fo=1, unplaced)         0.048     0.409    start_for_dense_array_ap_fixed_84u_array_ap_fixed_22_12_4_0_0_10u_config13_U0_U/full_n_i_1__0_n_0
                         FDSE                                         r  start_for_dense_array_ap_fixed_84u_array_ap_fixed_22_12_4_0_0_10u_config13_U0_U/full_n_reg/D
  -------------------------------------------------------------------    -------------------

                         (clock ap_clk rise edge)     0.000     0.000 r  
                                                      0.000     0.000 r  ap_clk (IN)
                         net (fo=76463, unset)        0.021     0.021    start_for_dense_array_ap_fixed_84u_array_ap_fixed_22_12_4_0_0_10u_config13_U0_U/ap_clk
                         FDSE                                         r  start_for_dense_array_ap_fixed_84u_array_ap_fixed_22_12_4_0_0_10u_config13_U0_U/full_n_reg/C

Slack:                    inf
  Source:                 layer13_out_TREADY
                            (input port)
  Destination:            start_for_dense_array_ap_fixed_84u_array_ap_fixed_22_12_4_0_0_10u_config13_U0_U/empty_n_reg/D
                            (rising edge-triggered cell FDRE clocked by ap_clk  {rise@0.000ns fall@5.000ns period=10.000ns})
  Path Group:             (none)
  Path Type:              Setup (Max at Slow Process Corner)
  Data Path Delay:        0.375ns  (logic 0.178ns (47.467%)  route 0.197ns (52.533%))
  Logic Levels:           2  (LUT5=1 LUT6=1)
  Clock Path Skew:        0.021ns (DCD - SCD + CPR)
    Destination Clock Delay (DCD):    0.021ns
    Source Clock Delay      (SCD):    0.000ns
    Clock Pessimism Removal (CPR):    0.000ns
  Clock Uncertainty:      0.025ns  ((TSJ^2 + TIJ^2)^1/2 + DJ) / 2 + PE
    Total System Jitter     (TSJ):    0.050ns
    Total Input Jitter      (TIJ):    0.000ns
    Discrete Jitter          (DJ):    0.000ns
    Phase Error              (PE):    0.000ns

    Location             Delay type                Incr(ns)  Path(ns)    Netlist Resource(s)
  -------------------------------------------------------------------    -------------------
                                                      0.000     0.000 f  layer13_out_TREADY (IN)
                         net (fo=8, unset)            0.000     0.000    dense_array_ap_fixed_84u_array_ap_fixed_22_12_4_0_0_10u_config13_U0/regslice_both_layer13_out_U/layer13_out_TREADY
                         LUT5 (Prop_LUT5_I0_O)        0.125     0.125 f  dense_array_ap_fixed_84u_array_ap_fixed_22_12_4_0_0_10u_config13_U0/regslice_both_layer13_out_U/ap_done_INST_0/O
                         net (fo=4, unplaced)         0.149     0.274    start_for_dense_array_ap_fixed_84u_array_ap_fixed_22_12_4_0_0_10u_config13_U0_U/mOutPtr_reg[1]_0
                         LUT6 (Prop_LUT6_I3_O)        0.053     0.327 r  start_for_dense_array_ap_fixed_84u_array_ap_fixed_22_12_4_0_0_10u_config13_U0_U/empty_n_i_1__0/O
                         net (fo=1, unplaced)         0.048     0.375    start_for_dense_array_ap_fixed_84u_array_ap_fixed_22_12_4_0_0_10u_config13_U0_U/empty_n_i_1__0_n_0
                         FDRE                                         r  start_for_dense_array_ap_fixed_84u_array_ap_fixed_22_12_4_0_0_10u_config13_U0_U/empty_n_reg/D
  -------------------------------------------------------------------    -------------------

                         (clock ap_clk rise edge)     0.000     0.000 r  
                                                      0.000     0.000 r  ap_clk (IN)
                         net (fo=76463, unset)        0.021     0.021    start_for_dense_array_ap_fixed_84u_array_ap_fixed_22_12_4_0_0_10u_config13_U0_U/ap_clk
                         FDRE                                         r  start_for_dense_array_ap_fixed_84u_array_ap_fixed_22_12_4_0_0_10u_config13_U0_U/empty_n_reg/C

Slack:                    inf
  Source:                 layer13_out_TREADY
                            (input port)
  Destination:            start_for_dense_array_ap_fixed_84u_array_ap_fixed_22_12_4_0_0_10u_config13_U0_U/mOutPtr_reg[1]/D
                            (rising edge-triggered cell FDRE clocked by ap_clk  {rise@0.000ns fall@5.000ns period=10.000ns})
  Path Group:             (none)
  Path Type:              Setup (Max at Slow Process Corner)
  Data Path Delay:        0.375ns  (logic 0.178ns (47.467%)  route 0.197ns (52.533%))
  Logic Levels:           2  (LUT5=1 LUT6=1)
  Clock Path Skew:        0.021ns (DCD - SCD + CPR)
    Destination Clock Delay (DCD):    0.021ns
    Source Clock Delay      (SCD):    0.000ns
    Clock Pessimism Removal (CPR):    0.000ns
  Clock Uncertainty:      0.025ns  ((TSJ^2 + TIJ^2)^1/2 + DJ) / 2 + PE
    Total System Jitter     (TSJ):    0.050ns
    Total Input Jitter      (TIJ):    0.000ns
    Discrete Jitter          (DJ):    0.000ns
    Phase Error              (PE):    0.000ns

    Location             Delay type                Incr(ns)  Path(ns)    Netlist Resource(s)
  -------------------------------------------------------------------    -------------------
                                                      0.000     0.000 r  layer13_out_TREADY (IN)
                         net (fo=8, unset)            0.000     0.000    dense_array_ap_fixed_84u_array_ap_fixed_22_12_4_0_0_10u_config13_U0/regslice_both_layer13_out_U/layer13_out_TREADY
                         LUT5 (Prop_LUT5_I0_O)        0.125     0.125 r  dense_array_ap_fixed_84u_array_ap_fixed_22_12_4_0_0_10u_config13_U0/regslice_both_layer13_out_U/ap_done_INST_0/O
                         net (fo=4, unplaced)         0.149     0.274    start_for_dense_array_ap_fixed_84u_array_ap_fixed_22_12_4_0_0_10u_config13_U0_U/mOutPtr_reg[1]_0
                         LUT6 (Prop_LUT6_I0_O)        0.053     0.327 r  start_for_dense_array_ap_fixed_84u_array_ap_fixed_22_12_4_0_0_10u_config13_U0_U/mOutPtr[1]_i_2/O
                         net (fo=1, unplaced)         0.048     0.375    start_for_dense_array_ap_fixed_84u_array_ap_fixed_22_12_4_0_0_10u_config13_U0_U/mOutPtr[1]_i_2_n_0
                         FDRE                                         r  start_for_dense_array_ap_fixed_84u_array_ap_fixed_22_12_4_0_0_10u_config13_U0_U/mOutPtr_reg[1]/D
  -------------------------------------------------------------------    -------------------

                         (clock ap_clk rise edge)     0.000     0.000 r  
                                                      0.000     0.000 r  ap_clk (IN)
                         net (fo=76463, unset)        0.021     0.021    start_for_dense_array_ap_fixed_84u_array_ap_fixed_22_12_4_0_0_10u_config13_U0_U/ap_clk
                         FDRE                                         r  start_for_dense_array_ap_fixed_84u_array_ap_fixed_22_12_4_0_0_10u_config13_U0_U/mOutPtr_reg[1]/C

Slack:                    inf
  Source:                 ap_start
                            (input port)
  Destination:            start_for_relu_array_ap_fixed_6u_array_ap_fixed_22_12_4_0_0_6u_relu_config3_U0_U/empty_n_reg/D
                            (rising edge-triggered cell FDRE clocked by ap_clk  {rise@0.000ns fall@5.000ns period=10.000ns})
  Path Group:             (none)
  Path Type:              Setup (Max at Slow Process Corner)
  Data Path Delay:        0.362ns  (logic 0.165ns (45.580%)  route 0.197ns (54.420%))
  Logic Levels:           2  (LUT3=1 LUT6=1)
  Clock Path Skew:        0.021ns (DCD - SCD + CPR)
    Destination Clock Delay (DCD):    0.021ns
    Source Clock Delay      (SCD):    0.000ns
    Clock Pessimism Removal (CPR):    0.000ns
  Clock Uncertainty:      0.025ns  ((TSJ^2 + TIJ^2)^1/2 + DJ) / 2 + PE
    Total System Jitter     (TSJ):    0.050ns
    Total Input Jitter      (TIJ):    0.000ns
    Discrete Jitter          (DJ):    0.000ns
    Phase Error              (PE):    0.000ns

    Location             Delay type                Incr(ns)  Path(ns)    Netlist Resource(s)
  -------------------------------------------------------------------    -------------------
                                                      0.000     0.000 r  ap_start (IN)
                         net (fo=4, unset)            0.000     0.000    start_for_relu_array_ap_fixed_6u_array_ap_fixed_22_12_4_0_0_6u_relu_config3_U0_U/ap_start
                         LUT3 (Prop_LUT3_I0_O)        0.112     0.112 r  start_for_relu_array_ap_fixed_6u_array_ap_fixed_22_12_4_0_0_6u_relu_config3_U0_U/mOutPtr[1]_i_3__7/O
                         net (fo=4, unplaced)         0.149     0.261    start_for_relu_array_ap_fixed_6u_array_ap_fixed_22_12_4_0_0_6u_relu_config3_U0_U/conv_2d_cl_array_ap_fixed_1u_array_ap_fixed_22_12_4_0_0_6u_config2_U0_start_write
                         LUT6 (Prop_LUT6_I4_O)        0.053     0.314 r  start_for_relu_array_ap_fixed_6u_array_ap_fixed_22_12_4_0_0_6u_relu_config3_U0_U/empty_n_i_1__2/O
                         net (fo=1, unplaced)         0.048     0.362    start_for_relu_array_ap_fixed_6u_array_ap_fixed_22_12_4_0_0_6u_relu_config3_U0_U/empty_n_i_1__2_n_0
                         FDRE                                         r  start_for_relu_array_ap_fixed_6u_array_ap_fixed_22_12_4_0_0_6u_relu_config3_U0_U/empty_n_reg/D
  -------------------------------------------------------------------    -------------------

                         (clock ap_clk rise edge)     0.000     0.000 r  
                                                      0.000     0.000 r  ap_clk (IN)
                         net (fo=76463, unset)        0.021     0.021    start_for_relu_array_ap_fixed_6u_array_ap_fixed_22_12_4_0_0_6u_relu_config3_U0_U/ap_clk
                         FDRE                                         r  start_for_relu_array_ap_fixed_6u_array_ap_fixed_22_12_4_0_0_6u_relu_config3_U0_U/empty_n_reg/C

Slack:                    inf
  Source:                 ap_start
                            (input port)
  Destination:            start_for_relu_array_ap_fixed_6u_array_ap_fixed_22_12_4_0_0_6u_relu_config3_U0_U/full_n_reg/D
                            (rising edge-triggered cell FDSE clocked by ap_clk  {rise@0.000ns fall@5.000ns period=10.000ns})
  Path Group:             (none)
  Path Type:              Setup (Max at Slow Process Corner)
  Data Path Delay:        0.362ns  (logic 0.165ns (45.580%)  route 0.197ns (54.420%))
  Logic Levels:           2  (LUT3=1 LUT6=1)
  Clock Path Skew:        0.021ns (DCD - SCD + CPR)
    Destination Clock Delay (DCD):    0.021ns
    Source Clock Delay      (SCD):    0.000ns
    Clock Pessimism Removal (CPR):    0.000ns
  Clock Uncertainty:      0.025ns  ((TSJ^2 + TIJ^2)^1/2 + DJ) / 2 + PE
    Total System Jitter     (TSJ):    0.050ns
    Total Input Jitter      (TIJ):    0.000ns
    Discrete Jitter          (DJ):    0.000ns
    Phase Error              (PE):    0.000ns

    Location             Delay type                Incr(ns)  Path(ns)    Netlist Resource(s)
  -------------------------------------------------------------------    -------------------
                                                      0.000     0.000 f  ap_start (IN)
                         net (fo=4, unset)            0.000     0.000    start_for_relu_array_ap_fixed_6u_array_ap_fixed_22_12_4_0_0_6u_relu_config3_U0_U/ap_start
                         LUT3 (Prop_LUT3_I0_O)        0.112     0.112 f  start_for_relu_array_ap_fixed_6u_array_ap_fixed_22_12_4_0_0_6u_relu_config3_U0_U/mOutPtr[1]_i_3__7/O
                         net (fo=4, unplaced)         0.149     0.261    start_for_relu_array_ap_fixed_6u_array_ap_fixed_22_12_4_0_0_6u_relu_config3_U0_U/conv_2d_cl_array_ap_fixed_1u_array_ap_fixed_22_12_4_0_0_6u_config2_U0_start_write
                         LUT6 (Prop_LUT6_I3_O)        0.053     0.314 r  start_for_relu_array_ap_fixed_6u_array_ap_fixed_22_12_4_0_0_6u_relu_config3_U0_U/full_n_i_1__2/O
                         net (fo=1, unplaced)         0.048     0.362    start_for_relu_array_ap_fixed_6u_array_ap_fixed_22_12_4_0_0_6u_relu_config3_U0_U/full_n_i_1__2_n_0
                         FDSE                                         r  start_for_relu_array_ap_fixed_6u_array_ap_fixed_22_12_4_0_0_6u_relu_config3_U0_U/full_n_reg/D
  -------------------------------------------------------------------    -------------------

                         (clock ap_clk rise edge)     0.000     0.000 r  
                                                      0.000     0.000 r  ap_clk (IN)
                         net (fo=76463, unset)        0.021     0.021    start_for_relu_array_ap_fixed_6u_array_ap_fixed_22_12_4_0_0_6u_relu_config3_U0_U/ap_clk
                         FDSE                                         r  start_for_relu_array_ap_fixed_6u_array_ap_fixed_22_12_4_0_0_6u_relu_config3_U0_U/full_n_reg/C

Slack:                    inf
  Source:                 ap_start
                            (input port)
  Destination:            start_for_relu_array_ap_fixed_6u_array_ap_fixed_22_12_4_0_0_6u_relu_config3_U0_U/mOutPtr_reg[1]/D
                            (rising edge-triggered cell FDRE clocked by ap_clk  {rise@0.000ns fall@5.000ns period=10.000ns})
  Path Group:             (none)
  Path Type:              Setup (Max at Slow Process Corner)
  Data Path Delay:        0.362ns  (logic 0.165ns (45.580%)  route 0.197ns (54.420%))
  Logic Levels:           2  (LUT3=1 LUT6=1)
  Clock Path Skew:        0.021ns (DCD - SCD + CPR)
    Destination Clock Delay (DCD):    0.021ns
    Source Clock Delay      (SCD):    0.000ns
    Clock Pessimism Removal (CPR):    0.000ns
  Clock Uncertainty:      0.025ns  ((TSJ^2 + TIJ^2)^1/2 + DJ) / 2 + PE
    Total System Jitter     (TSJ):    0.050ns
    Total Input Jitter      (TIJ):    0.000ns
    Discrete Jitter          (DJ):    0.000ns
    Phase Error              (PE):    0.000ns

    Location             Delay type                Incr(ns)  Path(ns)    Netlist Resource(s)
  -------------------------------------------------------------------    -------------------
                                                      0.000     0.000 r  ap_start (IN)
                         net (fo=4, unset)            0.000     0.000    start_for_relu_array_ap_fixed_6u_array_ap_fixed_22_12_4_0_0_6u_relu_config3_U0_U/ap_start
                         LUT3 (Prop_LUT3_I0_O)        0.112     0.112 r  start_for_relu_array_ap_fixed_6u_array_ap_fixed_22_12_4_0_0_6u_relu_config3_U0_U/mOutPtr[1]_i_3__7/O
                         net (fo=4, unplaced)         0.149     0.261    start_for_relu_array_ap_fixed_6u_array_ap_fixed_22_12_4_0_0_6u_relu_config3_U0_U/conv_2d_cl_array_ap_fixed_1u_array_ap_fixed_22_12_4_0_0_6u_config2_U0_start_write
                         LUT6 (Prop_LUT6_I1_O)        0.053     0.314 r  start_for_relu_array_ap_fixed_6u_array_ap_fixed_22_12_4_0_0_6u_relu_config3_U0_U/mOutPtr[1]_i_2__2/O
                         net (fo=1, unplaced)         0.048     0.362    start_for_relu_array_ap_fixed_6u_array_ap_fixed_22_12_4_0_0_6u_relu_config3_U0_U/mOutPtr[1]_i_2__2_n_0
                         FDRE                                         r  start_for_relu_array_ap_fixed_6u_array_ap_fixed_22_12_4_0_0_6u_relu_config3_U0_U/mOutPtr_reg[1]/D
  -------------------------------------------------------------------    -------------------

                         (clock ap_clk rise edge)     0.000     0.000 r  
                                                      0.000     0.000 r  ap_clk (IN)
                         net (fo=76463, unset)        0.021     0.021    start_for_relu_array_ap_fixed_6u_array_ap_fixed_22_12_4_0_0_6u_relu_config3_U0_U/ap_clk
                         FDRE                                         r  start_for_relu_array_ap_fixed_6u_array_ap_fixed_22_12_4_0_0_6u_relu_config3_U0_U/mOutPtr_reg[1]/C





