Copyright 1986-2022 Xilinx, Inc. All Rights Reserved. Copyright 2022-2024 Advanced Micro Devices, Inc. All Rights Reserved.
---------------------------------------------------------------------------------------------------------------------------------------------------------
| Tool Version : Vivado v.2024.2 (lin64) Build 5239630 Fri Nov 08 22:34:34 MST 2024
| Date         : Wed Sep  9 17:43:40 2026
| Host         : ubuntu running 64-bit Ubuntu 24.04.3 LTS
| Command      : report_utilization -hierarchical -file {/home/miguel/Downloads/Plano testes TCC/H1/LeNet/RF128/vivado_ooc/utilization_hierarchical.rpt}
| Design       : lenet_mnist_cap64_hls
| Device       : xczu7ev-ffvc1156-2-e
| Speed File   : -2
| Design State : Optimized
---------------------------------------------------------------------------------------------------------------------------------------------------------

Utilization Design Information

Table of Contents
-----------------
1. Utilization by Hierarchy

1. Utilization by Hierarchy
---------------------------

+-------------------------------------------------------------------------------------------------------------------------+-----------------------------------------------------------------------------------------------------------------+------------+------------+---------+------+-------+--------+--------+------+------------+
|                                                         Instance                                                        |                                                      Module                                                     | Total LUTs | Logic LUTs | LUTRAMs | SRLs |  FFs  | RAMB36 | RAMB18 | URAM | DSP Blocks |
+-------------------------------------------------------------------------------------------------------------------------+-----------------------------------------------------------------------------------------------------------------+------------+------------+---------+------+-------+--------+--------+------+------------+
| lenet_mnist_cap64_hls                                                                                                   |                                                                                                           (top) |      80890 |      79608 |     204 | 1078 | 73523 |     63 |      7 |    0 |        346 |
|   (lenet_mnist_cap64_hls)                                                                                               |                                                                                                           (top) |          0 |          0 |       0 |    0 |     0 |      0 |      0 |    0 |          0 |
|   conv_2d_cl_array_ap_fixed_1u_array_ap_fixed_22_12_4_0_0_6u_config2_U0                                                 |                      lenet_mnist_cap64_hls_conv_2d_cl_array_ap_fixed_1u_array_ap_fixed_22_12_4_0_0_6u_config2_s |       1279 |       1191 |       0 |   88 |  2255 |      0 |      1 |    0 |          1 |
|     (conv_2d_cl_array_ap_fixed_1u_array_ap_fixed_22_12_4_0_0_6u_config2_U0)                                             |                      lenet_mnist_cap64_hls_conv_2d_cl_array_ap_fixed_1u_array_ap_fixed_22_12_4_0_0_6u_config2_s |         11 |         11 |       0 |    0 |    37 |      0 |      0 |    0 |          0 |
|     grp_compute_output_buffer_2d_array_array_ap_fixed_22_12_4_0_0_6u_config2_s_fu_118                                   |                    lenet_mnist_cap64_hls_compute_output_buffer_2d_array_array_ap_fixed_22_12_4_0_0_6u_config2_s |       1234 |       1146 |       0 |   88 |  2169 |      0 |      1 |    0 |          1 |
|       (grp_compute_output_buffer_2d_array_array_ap_fixed_22_12_4_0_0_6u_config2_s_fu_118)                               |                    lenet_mnist_cap64_hls_compute_output_buffer_2d_array_array_ap_fixed_22_12_4_0_0_6u_config2_s |        101 |        101 |       0 |    0 |   244 |      0 |      0 |    0 |          0 |
|       call_ln281_shift_line_buffer_array_ap_fixed_22_12_4_0_0_1u_config2_s_fu_131                                       |                                 lenet_mnist_cap64_hls_shift_line_buffer_array_ap_fixed_22_12_4_0_0_1u_config2_s |         89 |          1 |       0 |   88 |   440 |      0 |      0 |    0 |          0 |
|         void_conv_2d_buffer_resource_cl_stream_stream_weight_t_bias_t_line_buffer_1_U                                   |          lenet_mnist_cap64_hls_shift_line_buffer_array_ap_fixed_22_12_4_0_0_1u_config2_s_void_conv_2d_bufferbkb |         22 |          0 |       0 |   22 |   110 |      0 |      0 |    0 |          0 |
|           lenet_mnist_cap64_hls_shift_line_buffer_array_ap_fixed_22_12_4_0_0_1u_config2_s_void_conv_2d_bufferbkb_core_U | lenet_mnist_cap64_hls_shift_line_buffer_array_ap_fixed_22_12_4_0_0_1u_config2_s_void_conv_2d_bufferbkb_core_445 |         22 |          0 |       0 |   22 |   110 |      0 |      0 |    0 |          0 |
|         void_conv_2d_buffer_resource_cl_stream_stream_weight_t_bias_t_line_buffer_2_U                                   |      lenet_mnist_cap64_hls_shift_line_buffer_array_ap_fixed_22_12_4_0_0_1u_config2_s_void_conv_2d_bufferbkb_440 |         22 |          0 |       0 |   22 |   110 |      0 |      0 |    0 |          0 |
|           lenet_mnist_cap64_hls_shift_line_buffer_array_ap_fixed_22_12_4_0_0_1u_config2_s_void_conv_2d_bufferbkb_core_U | lenet_mnist_cap64_hls_shift_line_buffer_array_ap_fixed_22_12_4_0_0_1u_config2_s_void_conv_2d_bufferbkb_core_444 |         22 |          0 |       0 |   22 |   110 |      0 |      0 |    0 |          0 |
|         void_conv_2d_buffer_resource_cl_stream_stream_weight_t_bias_t_line_buffer_3_U                                   |      lenet_mnist_cap64_hls_shift_line_buffer_array_ap_fixed_22_12_4_0_0_1u_config2_s_void_conv_2d_bufferbkb_441 |         22 |          0 |       0 |   22 |   110 |      0 |      0 |    0 |          0 |
|           lenet_mnist_cap64_hls_shift_line_buffer_array_ap_fixed_22_12_4_0_0_1u_config2_s_void_conv_2d_bufferbkb_core_U | lenet_mnist_cap64_hls_shift_line_buffer_array_ap_fixed_22_12_4_0_0_1u_config2_s_void_conv_2d_bufferbkb_core_443 |         22 |          0 |       0 |   22 |   110 |      0 |      0 |    0 |          0 |
|         void_conv_2d_buffer_resource_cl_stream_stream_weight_t_bias_t_line_buffer_U                                     |      lenet_mnist_cap64_hls_shift_line_buffer_array_ap_fixed_22_12_4_0_0_1u_config2_s_void_conv_2d_bufferbkb_442 |         23 |          1 |       0 |   22 |   110 |      0 |      0 |    0 |          0 |
|           lenet_mnist_cap64_hls_shift_line_buffer_array_ap_fixed_22_12_4_0_0_1u_config2_s_void_conv_2d_bufferbkb_core_U |     lenet_mnist_cap64_hls_shift_line_buffer_array_ap_fixed_22_12_4_0_0_1u_config2_s_void_conv_2d_bufferbkb_core |         23 |          1 |       0 |   22 |   110 |      0 |      0 |    0 |          0 |
|       grp_dense_resource_rf_gt_nin_rem0_ap_fixed_ap_fixed_22_12_4_0_0_config2_mult_s_fu_195                             |                lenet_mnist_cap64_hls_dense_resource_rf_gt_nin_rem0_ap_fixed_ap_fixed_22_12_4_0_0_config2_mult_s |       1044 |       1044 |       0 |    0 |  1485 |      0 |      1 |    0 |          1 |
|         (grp_dense_resource_rf_gt_nin_rem0_ap_fixed_ap_fixed_22_12_4_0_0_config2_mult_s_fu_195)                         |                lenet_mnist_cap64_hls_dense_resource_rf_gt_nin_rem0_ap_fixed_ap_fixed_22_12_4_0_0_config2_mult_s |        677 |        677 |       0 |    0 |  1482 |      0 |      0 |    0 |          0 |
|         mul_22s_10s_32_1_1_U29                                                                                          |                                                                    lenet_mnist_cap64_hls_mul_22s_10s_32_1_1_439 |        353 |        353 |       0 |    0 |     0 |      0 |      0 |    0 |          1 |
|         outidx_U                                                                                                        |          lenet_mnist_cap64_hls_dense_resource_rf_gt_nin_rem0_ap_fixed_ap_fixed_22_12_4_0_0_config2_mult_s_oufYi |         10 |         10 |       0 |    0 |     3 |      0 |      0 |    0 |          0 |
|         w2_U                                                                                                            |          lenet_mnist_cap64_hls_dense_resource_rf_gt_nin_rem0_ap_fixed_ap_fixed_22_12_4_0_0_config2_mult_s_w2g8j |          4 |          4 |       0 |    0 |     0 |      0 |      1 |    0 |          0 |
|     regslice_both_input_layer_U                                                                                         |                                                                             lenet_mnist_cap64_hls_regslice_both |         34 |         34 |       0 |    0 |    49 |      0 |      0 |    0 |          0 |
|   conv_2d_cl_array_ap_fixed_6u_array_ap_fixed_22_12_4_0_0_16u_config5_U0                                                |                     lenet_mnist_cap64_hls_conv_2d_cl_array_ap_fixed_6u_array_ap_fixed_22_12_4_0_0_16u_config5_s |       7081 |       6553 |       0 |  528 | 11637 |      2 |      1 |    0 |         16 |
|     (conv_2d_cl_array_ap_fixed_6u_array_ap_fixed_22_12_4_0_0_16u_config5_U0)                                            |                     lenet_mnist_cap64_hls_conv_2d_cl_array_ap_fixed_6u_array_ap_fixed_22_12_4_0_0_16u_config5_s |         16 |         16 |       0 |    0 |    13 |      0 |      0 |    0 |          0 |
|     grp_compute_output_buffer_2d_array_array_ap_fixed_22_12_4_0_0_16u_config5_s_fu_424                                  |                   lenet_mnist_cap64_hls_compute_output_buffer_2d_array_array_ap_fixed_22_12_4_0_0_16u_config5_s |       7065 |       6537 |       0 |  528 | 11624 |      2 |      1 |    0 |         16 |
|       (grp_compute_output_buffer_2d_array_array_ap_fixed_22_12_4_0_0_16u_config5_s_fu_424)                              |                   lenet_mnist_cap64_hls_compute_output_buffer_2d_array_array_ap_fixed_22_12_4_0_0_16u_config5_s |        119 |        119 |       0 |    0 |  3787 |      0 |      0 |    0 |          0 |
|       call_ln281_shift_line_buffer_array_ap_fixed_22_12_4_0_0_6u_config5_s_fu_459                                       |                                 lenet_mnist_cap64_hls_shift_line_buffer_array_ap_fixed_22_12_4_0_0_6u_config5_s |        529 |          1 |       0 |  528 |   396 |      0 |      0 |    0 |          0 |
|         p_ZZN4nnet26conv_2d_buffer_resource_clINS_5arrayI8ap_fixedILi22ELi12EL9ap_q_mode4_10_U                          |          lenet_mnist_cap64_hls_shift_line_buffer_array_ap_fixed_22_12_4_0_0_6u_config5_s_p_ZZN4nnet26conv_2dncg |         22 |          0 |       0 |   22 |    22 |      0 |      0 |    0 |          0 |
|           lenet_mnist_cap64_hls_shift_line_buffer_array_ap_fixed_22_12_4_0_0_6u_config5_s_p_ZZN4nnet26conv_2dncg_core_U | lenet_mnist_cap64_hls_shift_line_buffer_array_ap_fixed_22_12_4_0_0_6u_config5_s_p_ZZN4nnet26conv_2dncg_core_438 |         22 |          0 |       0 |   22 |    22 |      0 |      0 |    0 |          0 |
|         p_ZZN4nnet26conv_2d_buffer_resource_clINS_5arrayI8ap_fixedILi22ELi12EL9ap_q_mode4_11_U                          |      lenet_mnist_cap64_hls_shift_line_buffer_array_ap_fixed_22_12_4_0_0_6u_config5_s_p_ZZN4nnet26conv_2dncg_393 |         22 |          0 |       0 |   22 |    22 |      0 |      0 |    0 |          0 |
|           lenet_mnist_cap64_hls_shift_line_buffer_array_ap_fixed_22_12_4_0_0_6u_config5_s_p_ZZN4nnet26conv_2dncg_core_U | lenet_mnist_cap64_hls_shift_line_buffer_array_ap_fixed_22_12_4_0_0_6u_config5_s_p_ZZN4nnet26conv_2dncg_core_437 |         22 |          0 |       0 |   22 |    22 |      0 |      0 |    0 |          0 |
|         p_ZZN4nnet26conv_2d_buffer_resource_clINS_5arrayI8ap_fixedILi22ELi12EL9ap_q_mode4_12_U                          |      lenet_mnist_cap64_hls_shift_line_buffer_array_ap_fixed_22_12_4_0_0_6u_config5_s_p_ZZN4nnet26conv_2dncg_394 |         22 |          0 |       0 |   22 |    22 |      0 |      0 |    0 |          0 |
|           lenet_mnist_cap64_hls_shift_line_buffer_array_ap_fixed_22_12_4_0_0_6u_config5_s_p_ZZN4nnet26conv_2dncg_core_U | lenet_mnist_cap64_hls_shift_line_buffer_array_ap_fixed_22_12_4_0_0_6u_config5_s_p_ZZN4nnet26conv_2dncg_core_436 |         22 |          0 |       0 |   22 |    22 |      0 |      0 |    0 |          0 |
|         p_ZZN4nnet26conv_2d_buffer_resource_clINS_5arrayI8ap_fixedILi22ELi12EL9ap_q_mode4_13_U                          |      lenet_mnist_cap64_hls_shift_line_buffer_array_ap_fixed_22_12_4_0_0_6u_config5_s_p_ZZN4nnet26conv_2dncg_395 |         22 |          0 |       0 |   22 |    22 |      0 |      0 |    0 |          0 |
|           lenet_mnist_cap64_hls_shift_line_buffer_array_ap_fixed_22_12_4_0_0_6u_config5_s_p_ZZN4nnet26conv_2dncg_core_U | lenet_mnist_cap64_hls_shift_line_buffer_array_ap_fixed_22_12_4_0_0_6u_config5_s_p_ZZN4nnet26conv_2dncg_core_435 |         22 |          0 |       0 |   22 |    22 |      0 |      0 |    0 |          0 |
|         p_ZZN4nnet26conv_2d_buffer_resource_clINS_5arrayI8ap_fixedILi22ELi12EL9ap_q_mode4_14_U                          |      lenet_mnist_cap64_hls_shift_line_buffer_array_ap_fixed_22_12_4_0_0_6u_config5_s_p_ZZN4nnet26conv_2dncg_396 |         22 |          0 |       0 |   22 |    22 |      0 |      0 |    0 |          0 |
|           lenet_mnist_cap64_hls_shift_line_buffer_array_ap_fixed_22_12_4_0_0_6u_config5_s_p_ZZN4nnet26conv_2dncg_core_U | lenet_mnist_cap64_hls_shift_line_buffer_array_ap_fixed_22_12_4_0_0_6u_config5_s_p_ZZN4nnet26conv_2dncg_core_434 |         22 |          0 |       0 |   22 |    22 |      0 |      0 |    0 |          0 |
|         p_ZZN4nnet26conv_2d_buffer_resource_clINS_5arrayI8ap_fixedILi22ELi12EL9ap_q_mode4_15_U                          |      lenet_mnist_cap64_hls_shift_line_buffer_array_ap_fixed_22_12_4_0_0_6u_config5_s_p_ZZN4nnet26conv_2dncg_397 |         22 |          0 |       0 |   22 |    22 |      0 |      0 |    0 |          0 |
|           lenet_mnist_cap64_hls_shift_line_buffer_array_ap_fixed_22_12_4_0_0_6u_config5_s_p_ZZN4nnet26conv_2dncg_core_U | lenet_mnist_cap64_hls_shift_line_buffer_array_ap_fixed_22_12_4_0_0_6u_config5_s_p_ZZN4nnet26conv_2dncg_core_433 |         22 |          0 |       0 |   22 |    22 |      0 |      0 |    0 |          0 |
|         p_ZZN4nnet26conv_2d_buffer_resource_clINS_5arrayI8ap_fixedILi22ELi12EL9ap_q_mode4_16_U                          |      lenet_mnist_cap64_hls_shift_line_buffer_array_ap_fixed_22_12_4_0_0_6u_config5_s_p_ZZN4nnet26conv_2dncg_398 |         22 |          0 |       0 |   22 |    22 |      0 |      0 |    0 |          0 |
|           lenet_mnist_cap64_hls_shift_line_buffer_array_ap_fixed_22_12_4_0_0_6u_config5_s_p_ZZN4nnet26conv_2dncg_core_U | lenet_mnist_cap64_hls_shift_line_buffer_array_ap_fixed_22_12_4_0_0_6u_config5_s_p_ZZN4nnet26conv_2dncg_core_432 |         22 |          0 |       0 |   22 |    22 |      0 |      0 |    0 |          0 |
|         p_ZZN4nnet26conv_2d_buffer_resource_clINS_5arrayI8ap_fixedILi22ELi12EL9ap_q_mode4_17_U                          |      lenet_mnist_cap64_hls_shift_line_buffer_array_ap_fixed_22_12_4_0_0_6u_config5_s_p_ZZN4nnet26conv_2dncg_399 |         22 |          0 |       0 |   22 |    22 |      0 |      0 |    0 |          0 |
|           lenet_mnist_cap64_hls_shift_line_buffer_array_ap_fixed_22_12_4_0_0_6u_config5_s_p_ZZN4nnet26conv_2dncg_core_U | lenet_mnist_cap64_hls_shift_line_buffer_array_ap_fixed_22_12_4_0_0_6u_config5_s_p_ZZN4nnet26conv_2dncg_core_431 |         22 |          0 |       0 |   22 |    22 |      0 |      0 |    0 |          0 |
|         p_ZZN4nnet26conv_2d_buffer_resource_clINS_5arrayI8ap_fixedILi22ELi12EL9ap_q_mode4_18_U                          |      lenet_mnist_cap64_hls_shift_line_buffer_array_ap_fixed_22_12_4_0_0_6u_config5_s_p_ZZN4nnet26conv_2dncg_400 |         22 |          0 |       0 |   22 |    22 |      0 |      0 |    0 |          0 |
|           lenet_mnist_cap64_hls_shift_line_buffer_array_ap_fixed_22_12_4_0_0_6u_config5_s_p_ZZN4nnet26conv_2dncg_core_U | lenet_mnist_cap64_hls_shift_line_buffer_array_ap_fixed_22_12_4_0_0_6u_config5_s_p_ZZN4nnet26conv_2dncg_core_430 |         22 |          0 |       0 |   22 |    22 |      0 |      0 |    0 |          0 |
|         p_ZZN4nnet26conv_2d_buffer_resource_clINS_5arrayI8ap_fixedILi22ELi12EL9ap_q_mode4_19_U                          |      lenet_mnist_cap64_hls_shift_line_buffer_array_ap_fixed_22_12_4_0_0_6u_config5_s_p_ZZN4nnet26conv_2dncg_401 |         22 |          0 |       0 |   22 |    22 |      0 |      0 |    0 |          0 |
|           lenet_mnist_cap64_hls_shift_line_buffer_array_ap_fixed_22_12_4_0_0_6u_config5_s_p_ZZN4nnet26conv_2dncg_core_U | lenet_mnist_cap64_hls_shift_line_buffer_array_ap_fixed_22_12_4_0_0_6u_config5_s_p_ZZN4nnet26conv_2dncg_core_429 |         22 |          0 |       0 |   22 |    22 |      0 |      0 |    0 |          0 |
|         p_ZZN4nnet26conv_2d_buffer_resource_clINS_5arrayI8ap_fixedILi22ELi12EL9ap_q_mode4_1_U                           |      lenet_mnist_cap64_hls_shift_line_buffer_array_ap_fixed_22_12_4_0_0_6u_config5_s_p_ZZN4nnet26conv_2dncg_402 |         22 |          0 |       0 |   22 |     0 |      0 |      0 |    0 |          0 |
|           lenet_mnist_cap64_hls_shift_line_buffer_array_ap_fixed_22_12_4_0_0_6u_config5_s_p_ZZN4nnet26conv_2dncg_core_U | lenet_mnist_cap64_hls_shift_line_buffer_array_ap_fixed_22_12_4_0_0_6u_config5_s_p_ZZN4nnet26conv_2dncg_core_428 |         22 |          0 |       0 |   22 |     0 |      0 |      0 |    0 |          0 |
|         p_ZZN4nnet26conv_2d_buffer_resource_clINS_5arrayI8ap_fixedILi22ELi12EL9ap_q_mode4_20_U                          |      lenet_mnist_cap64_hls_shift_line_buffer_array_ap_fixed_22_12_4_0_0_6u_config5_s_p_ZZN4nnet26conv_2dncg_403 |         22 |          0 |       0 |   22 |    22 |      0 |      0 |    0 |          0 |
|           lenet_mnist_cap64_hls_shift_line_buffer_array_ap_fixed_22_12_4_0_0_6u_config5_s_p_ZZN4nnet26conv_2dncg_core_U | lenet_mnist_cap64_hls_shift_line_buffer_array_ap_fixed_22_12_4_0_0_6u_config5_s_p_ZZN4nnet26conv_2dncg_core_427 |         22 |          0 |       0 |   22 |    22 |      0 |      0 |    0 |          0 |
|         p_ZZN4nnet26conv_2d_buffer_resource_clINS_5arrayI8ap_fixedILi22ELi12EL9ap_q_mode4_21_U                          |      lenet_mnist_cap64_hls_shift_line_buffer_array_ap_fixed_22_12_4_0_0_6u_config5_s_p_ZZN4nnet26conv_2dncg_404 |         22 |          0 |       0 |   22 |    22 |      0 |      0 |    0 |          0 |
|           lenet_mnist_cap64_hls_shift_line_buffer_array_ap_fixed_22_12_4_0_0_6u_config5_s_p_ZZN4nnet26conv_2dncg_core_U | lenet_mnist_cap64_hls_shift_line_buffer_array_ap_fixed_22_12_4_0_0_6u_config5_s_p_ZZN4nnet26conv_2dncg_core_426 |         22 |          0 |       0 |   22 |    22 |      0 |      0 |    0 |          0 |
|         p_ZZN4nnet26conv_2d_buffer_resource_clINS_5arrayI8ap_fixedILi22ELi12EL9ap_q_mode4_22_U                          |      lenet_mnist_cap64_hls_shift_line_buffer_array_ap_fixed_22_12_4_0_0_6u_config5_s_p_ZZN4nnet26conv_2dncg_405 |         22 |          0 |       0 |   22 |    22 |      0 |      0 |    0 |          0 |
|           lenet_mnist_cap64_hls_shift_line_buffer_array_ap_fixed_22_12_4_0_0_6u_config5_s_p_ZZN4nnet26conv_2dncg_core_U | lenet_mnist_cap64_hls_shift_line_buffer_array_ap_fixed_22_12_4_0_0_6u_config5_s_p_ZZN4nnet26conv_2dncg_core_425 |         22 |          0 |       0 |   22 |    22 |      0 |      0 |    0 |          0 |
|         p_ZZN4nnet26conv_2d_buffer_resource_clINS_5arrayI8ap_fixedILi22ELi12EL9ap_q_mode4_23_U                          |      lenet_mnist_cap64_hls_shift_line_buffer_array_ap_fixed_22_12_4_0_0_6u_config5_s_p_ZZN4nnet26conv_2dncg_406 |         22 |          0 |       0 |   22 |    22 |      0 |      0 |    0 |          0 |
|           lenet_mnist_cap64_hls_shift_line_buffer_array_ap_fixed_22_12_4_0_0_6u_config5_s_p_ZZN4nnet26conv_2dncg_core_U | lenet_mnist_cap64_hls_shift_line_buffer_array_ap_fixed_22_12_4_0_0_6u_config5_s_p_ZZN4nnet26conv_2dncg_core_424 |         22 |          0 |       0 |   22 |    22 |      0 |      0 |    0 |          0 |
|         p_ZZN4nnet26conv_2d_buffer_resource_clINS_5arrayI8ap_fixedILi22ELi12EL9ap_q_mode4_2_U                           |      lenet_mnist_cap64_hls_shift_line_buffer_array_ap_fixed_22_12_4_0_0_6u_config5_s_p_ZZN4nnet26conv_2dncg_407 |         22 |          0 |       0 |   22 |     0 |      0 |      0 |    0 |          0 |
|           lenet_mnist_cap64_hls_shift_line_buffer_array_ap_fixed_22_12_4_0_0_6u_config5_s_p_ZZN4nnet26conv_2dncg_core_U | lenet_mnist_cap64_hls_shift_line_buffer_array_ap_fixed_22_12_4_0_0_6u_config5_s_p_ZZN4nnet26conv_2dncg_core_423 |         22 |          0 |       0 |   22 |     0 |      0 |      0 |    0 |          0 |
|         p_ZZN4nnet26conv_2d_buffer_resource_clINS_5arrayI8ap_fixedILi22ELi12EL9ap_q_mode4_3_U                           |      lenet_mnist_cap64_hls_shift_line_buffer_array_ap_fixed_22_12_4_0_0_6u_config5_s_p_ZZN4nnet26conv_2dncg_408 |         22 |          0 |       0 |   22 |     0 |      0 |      0 |    0 |          0 |
|           lenet_mnist_cap64_hls_shift_line_buffer_array_ap_fixed_22_12_4_0_0_6u_config5_s_p_ZZN4nnet26conv_2dncg_core_U | lenet_mnist_cap64_hls_shift_line_buffer_array_ap_fixed_22_12_4_0_0_6u_config5_s_p_ZZN4nnet26conv_2dncg_core_422 |         22 |          0 |       0 |   22 |     0 |      0 |      0 |    0 |          0 |
|         p_ZZN4nnet26conv_2d_buffer_resource_clINS_5arrayI8ap_fixedILi22ELi12EL9ap_q_mode4_4_U                           |      lenet_mnist_cap64_hls_shift_line_buffer_array_ap_fixed_22_12_4_0_0_6u_config5_s_p_ZZN4nnet26conv_2dncg_409 |         22 |          0 |       0 |   22 |     0 |      0 |      0 |    0 |          0 |
|           lenet_mnist_cap64_hls_shift_line_buffer_array_ap_fixed_22_12_4_0_0_6u_config5_s_p_ZZN4nnet26conv_2dncg_core_U | lenet_mnist_cap64_hls_shift_line_buffer_array_ap_fixed_22_12_4_0_0_6u_config5_s_p_ZZN4nnet26conv_2dncg_core_421 |         22 |          0 |       0 |   22 |     0 |      0 |      0 |    0 |          0 |
|         p_ZZN4nnet26conv_2d_buffer_resource_clINS_5arrayI8ap_fixedILi22ELi12EL9ap_q_mode4_5_U                           |      lenet_mnist_cap64_hls_shift_line_buffer_array_ap_fixed_22_12_4_0_0_6u_config5_s_p_ZZN4nnet26conv_2dncg_410 |         22 |          0 |       0 |   22 |     0 |      0 |      0 |    0 |          0 |
|           lenet_mnist_cap64_hls_shift_line_buffer_array_ap_fixed_22_12_4_0_0_6u_config5_s_p_ZZN4nnet26conv_2dncg_core_U | lenet_mnist_cap64_hls_shift_line_buffer_array_ap_fixed_22_12_4_0_0_6u_config5_s_p_ZZN4nnet26conv_2dncg_core_420 |         22 |          0 |       0 |   22 |     0 |      0 |      0 |    0 |          0 |
|         p_ZZN4nnet26conv_2d_buffer_resource_clINS_5arrayI8ap_fixedILi22ELi12EL9ap_q_mode4_6_U                           |      lenet_mnist_cap64_hls_shift_line_buffer_array_ap_fixed_22_12_4_0_0_6u_config5_s_p_ZZN4nnet26conv_2dncg_411 |         23 |          1 |       0 |   22 |    22 |      0 |      0 |    0 |          0 |
|           lenet_mnist_cap64_hls_shift_line_buffer_array_ap_fixed_22_12_4_0_0_6u_config5_s_p_ZZN4nnet26conv_2dncg_core_U | lenet_mnist_cap64_hls_shift_line_buffer_array_ap_fixed_22_12_4_0_0_6u_config5_s_p_ZZN4nnet26conv_2dncg_core_419 |         23 |          1 |       0 |   22 |    22 |      0 |      0 |    0 |          0 |
|         p_ZZN4nnet26conv_2d_buffer_resource_clINS_5arrayI8ap_fixedILi22ELi12EL9ap_q_mode4_7_U                           |      lenet_mnist_cap64_hls_shift_line_buffer_array_ap_fixed_22_12_4_0_0_6u_config5_s_p_ZZN4nnet26conv_2dncg_412 |         22 |          0 |       0 |   22 |    22 |      0 |      0 |    0 |          0 |
|           lenet_mnist_cap64_hls_shift_line_buffer_array_ap_fixed_22_12_4_0_0_6u_config5_s_p_ZZN4nnet26conv_2dncg_core_U | lenet_mnist_cap64_hls_shift_line_buffer_array_ap_fixed_22_12_4_0_0_6u_config5_s_p_ZZN4nnet26conv_2dncg_core_418 |         22 |          0 |       0 |   22 |    22 |      0 |      0 |    0 |          0 |
|         p_ZZN4nnet26conv_2d_buffer_resource_clINS_5arrayI8ap_fixedILi22ELi12EL9ap_q_mode4_8_U                           |      lenet_mnist_cap64_hls_shift_line_buffer_array_ap_fixed_22_12_4_0_0_6u_config5_s_p_ZZN4nnet26conv_2dncg_413 |         22 |          0 |       0 |   22 |    22 |      0 |      0 |    0 |          0 |
|           lenet_mnist_cap64_hls_shift_line_buffer_array_ap_fixed_22_12_4_0_0_6u_config5_s_p_ZZN4nnet26conv_2dncg_core_U | lenet_mnist_cap64_hls_shift_line_buffer_array_ap_fixed_22_12_4_0_0_6u_config5_s_p_ZZN4nnet26conv_2dncg_core_417 |         22 |          0 |       0 |   22 |    22 |      0 |      0 |    0 |          0 |
|         p_ZZN4nnet26conv_2d_buffer_resource_clINS_5arrayI8ap_fixedILi22ELi12EL9ap_q_mode4_9_U                           |      lenet_mnist_cap64_hls_shift_line_buffer_array_ap_fixed_22_12_4_0_0_6u_config5_s_p_ZZN4nnet26conv_2dncg_414 |         22 |          0 |       0 |   22 |    22 |      0 |      0 |    0 |          0 |
|           lenet_mnist_cap64_hls_shift_line_buffer_array_ap_fixed_22_12_4_0_0_6u_config5_s_p_ZZN4nnet26conv_2dncg_core_U | lenet_mnist_cap64_hls_shift_line_buffer_array_ap_fixed_22_12_4_0_0_6u_config5_s_p_ZZN4nnet26conv_2dncg_core_416 |         22 |          0 |       0 |   22 |    22 |      0 |      0 |    0 |          0 |
|         p_ZZN4nnet26conv_2d_buffer_resource_clINS_5arrayI8ap_fixedILi22ELi12EL9ap_q_mode4_U                             |      lenet_mnist_cap64_hls_shift_line_buffer_array_ap_fixed_22_12_4_0_0_6u_config5_s_p_ZZN4nnet26conv_2dncg_415 |         22 |          0 |       0 |   22 |     0 |      0 |      0 |    0 |          0 |
|           lenet_mnist_cap64_hls_shift_line_buffer_array_ap_fixed_22_12_4_0_0_6u_config5_s_p_ZZN4nnet26conv_2dncg_core_U |     lenet_mnist_cap64_hls_shift_line_buffer_array_ap_fixed_22_12_4_0_0_6u_config5_s_p_ZZN4nnet26conv_2dncg_core |         22 |          0 |       0 |   22 |     0 |      0 |      0 |    0 |          0 |
|       grp_dense_resource_rf_leq_nin_ap_fixed_ap_fixed_22_12_4_0_0_config5_mult_s_fu_823                                 |                    lenet_mnist_cap64_hls_dense_resource_rf_leq_nin_ap_fixed_ap_fixed_22_12_4_0_0_config5_mult_s |       6417 |       6417 |       0 |    0 |  7441 |      2 |      1 |    0 |         16 |
|         (grp_dense_resource_rf_leq_nin_ap_fixed_ap_fixed_22_12_4_0_0_config5_mult_s_fu_823)                             |                    lenet_mnist_cap64_hls_dense_resource_rf_leq_nin_ap_fixed_ap_fixed_22_12_4_0_0_config5_mult_s |       1724 |       1724 |       0 |    0 |  7441 |      0 |      0 |    0 |          0 |
|         mul_22s_10s_32_1_1_U274                                                                                         |                                                                    lenet_mnist_cap64_hls_mul_22s_10s_32_1_1_377 |         81 |         81 |       0 |    0 |     0 |      0 |      0 |    0 |          1 |
|         mul_22s_22s_44_1_1_U258                                                                                         |                                                                    lenet_mnist_cap64_hls_mul_22s_22s_44_1_1_378 |        269 |        269 |       0 |    0 |     0 |      0 |      0 |    0 |          1 |
|         mul_22s_22s_44_1_1_U259                                                                                         |                                                                    lenet_mnist_cap64_hls_mul_22s_22s_44_1_1_379 |        188 |        188 |       0 |    0 |     0 |      0 |      0 |    0 |          1 |
|         mul_22s_22s_44_1_1_U260                                                                                         |                                                                    lenet_mnist_cap64_hls_mul_22s_22s_44_1_1_380 |        188 |        188 |       0 |    0 |     0 |      0 |      0 |    0 |          1 |
|         mul_22s_22s_44_1_1_U261                                                                                         |                                                                    lenet_mnist_cap64_hls_mul_22s_22s_44_1_1_381 |        188 |        188 |       0 |    0 |     0 |      0 |      0 |    0 |          1 |
|         mul_22s_22s_44_1_1_U262                                                                                         |                                                                    lenet_mnist_cap64_hls_mul_22s_22s_44_1_1_382 |        188 |        188 |       0 |    0 |     0 |      0 |      0 |    0 |          1 |
|         mul_22s_22s_44_1_1_U263                                                                                         |                                                                    lenet_mnist_cap64_hls_mul_22s_22s_44_1_1_383 |        188 |        188 |       0 |    0 |     0 |      0 |      0 |    0 |          1 |
|         mul_22s_22s_44_1_1_U264                                                                                         |                                                                    lenet_mnist_cap64_hls_mul_22s_22s_44_1_1_384 |        188 |        188 |       0 |    0 |     0 |      0 |      0 |    0 |          1 |
|         mul_22s_22s_44_1_1_U265                                                                                         |                                                                    lenet_mnist_cap64_hls_mul_22s_22s_44_1_1_385 |        188 |        188 |       0 |    0 |     0 |      0 |      0 |    0 |          1 |
|         mul_22s_22s_44_1_1_U266                                                                                         |                                                                    lenet_mnist_cap64_hls_mul_22s_22s_44_1_1_386 |        188 |        188 |       0 |    0 |     0 |      0 |      0 |    0 |          1 |
|         mul_22s_22s_44_1_1_U267                                                                                         |                                                                    lenet_mnist_cap64_hls_mul_22s_22s_44_1_1_387 |        188 |        188 |       0 |    0 |     0 |      0 |      0 |    0 |          1 |
|         mul_22s_22s_44_1_1_U268                                                                                         |                                                                    lenet_mnist_cap64_hls_mul_22s_22s_44_1_1_388 |        188 |        188 |       0 |    0 |     0 |      0 |      0 |    0 |          1 |
|         mul_22s_22s_44_1_1_U269                                                                                         |                                                                    lenet_mnist_cap64_hls_mul_22s_22s_44_1_1_389 |        188 |        188 |       0 |    0 |     0 |      0 |      0 |    0 |          1 |
|         mul_22s_22s_44_1_1_U270                                                                                         |                                                                    lenet_mnist_cap64_hls_mul_22s_22s_44_1_1_390 |        188 |        188 |       0 |    0 |     0 |      0 |      0 |    0 |          1 |
|         mul_22s_22s_44_1_1_U271                                                                                         |                                                                    lenet_mnist_cap64_hls_mul_22s_22s_44_1_1_391 |        188 |        188 |       0 |    0 |     0 |      0 |      0 |    0 |          1 |
|         mul_22s_22s_44_1_1_U272                                                                                         |                                                                    lenet_mnist_cap64_hls_mul_22s_22s_44_1_1_392 |       1890 |       1890 |       0 |    0 |     0 |      0 |      0 |    0 |          1 |
|         w5_U                                                                                                            |          lenet_mnist_cap64_hls_dense_resource_rf_leq_nin_ap_fixed_ap_fixed_22_12_4_0_0_config5_mult_s_w5_ROMLf8 |          9 |          9 |       0 |    0 |     0 |      2 |      1 |    0 |          0 |
|   dense_array_ap_fixed_120u_array_ap_fixed_22_12_4_0_0_84u_config11_U0                                                  |                       lenet_mnist_cap64_hls_dense_array_ap_fixed_120u_array_ap_fixed_22_12_4_0_0_84u_config11_s |      16861 |      16861 |       0 |    0 | 13435 |     11 |      1 |    0 |         84 |
|     (dense_array_ap_fixed_120u_array_ap_fixed_22_12_4_0_0_84u_config11_U0)                                              |                       lenet_mnist_cap64_hls_dense_array_ap_fixed_120u_array_ap_fixed_22_12_4_0_0_84u_config11_s |          4 |          4 |       0 |    0 |  4373 |      0 |      0 |    0 |          0 |
|     grp_dense_resource_rf_leq_nin_ap_fixed_ap_fixed_22_12_4_0_0_config11_s_fu_515                                       |                        lenet_mnist_cap64_hls_dense_resource_rf_leq_nin_ap_fixed_ap_fixed_22_12_4_0_0_config11_s |      16857 |      16857 |       0 |    0 |  9062 |     11 |      1 |    0 |         84 |
|       (grp_dense_resource_rf_leq_nin_ap_fixed_ap_fixed_22_12_4_0_0_config11_s_fu_515)                                   |                        lenet_mnist_cap64_hls_dense_resource_rf_leq_nin_ap_fixed_ap_fixed_22_12_4_0_0_config11_s |       1321 |       1321 |       0 |    0 |  9062 |      0 |      0 |    0 |          0 |
|       mul_22s_10s_32_1_1_U1368                                                                                          |                                                                    lenet_mnist_cap64_hls_mul_22s_10s_32_1_1_293 |         79 |         79 |       0 |    0 |     0 |      0 |      0 |    0 |          1 |
|       mul_22s_22s_44_1_1_U1284                                                                                          |                                                                    lenet_mnist_cap64_hls_mul_22s_22s_44_1_1_294 |        194 |        194 |       0 |    0 |     0 |      0 |      0 |    0 |          1 |
|       mul_22s_22s_44_1_1_U1285                                                                                          |                                                                    lenet_mnist_cap64_hls_mul_22s_22s_44_1_1_295 |        168 |        168 |       0 |    0 |     0 |      0 |      0 |    0 |          1 |
|       mul_22s_22s_44_1_1_U1286                                                                                          |                                                                    lenet_mnist_cap64_hls_mul_22s_22s_44_1_1_296 |        168 |        168 |       0 |    0 |     0 |      0 |      0 |    0 |          1 |
|       mul_22s_22s_44_1_1_U1287                                                                                          |                                                                    lenet_mnist_cap64_hls_mul_22s_22s_44_1_1_297 |        168 |        168 |       0 |    0 |     0 |      0 |      0 |    0 |          1 |
|       mul_22s_22s_44_1_1_U1288                                                                                          |                                                                    lenet_mnist_cap64_hls_mul_22s_22s_44_1_1_298 |        172 |        172 |       0 |    0 |     0 |      0 |      0 |    0 |          1 |
|       mul_22s_22s_44_1_1_U1289                                                                                          |                                                                    lenet_mnist_cap64_hls_mul_22s_22s_44_1_1_299 |        168 |        168 |       0 |    0 |     0 |      0 |      0 |    0 |          1 |
|       mul_22s_22s_44_1_1_U1290                                                                                          |                                                                    lenet_mnist_cap64_hls_mul_22s_22s_44_1_1_300 |        172 |        172 |       0 |    0 |     0 |      0 |      0 |    0 |          1 |
|       mul_22s_22s_44_1_1_U1291                                                                                          |                                                                    lenet_mnist_cap64_hls_mul_22s_22s_44_1_1_301 |        168 |        168 |       0 |    0 |     0 |      0 |      0 |    0 |          1 |
|       mul_22s_22s_44_1_1_U1292                                                                                          |                                                                    lenet_mnist_cap64_hls_mul_22s_22s_44_1_1_302 |        168 |        168 |       0 |    0 |     0 |      0 |      0 |    0 |          1 |
|       mul_22s_22s_44_1_1_U1293                                                                                          |                                                                    lenet_mnist_cap64_hls_mul_22s_22s_44_1_1_303 |        169 |        169 |       0 |    0 |     0 |      0 |      0 |    0 |          1 |
|       mul_22s_22s_44_1_1_U1294                                                                                          |                                                                    lenet_mnist_cap64_hls_mul_22s_22s_44_1_1_304 |        167 |        167 |       0 |    0 |     0 |      0 |      0 |    0 |          1 |
|       mul_22s_22s_44_1_1_U1295                                                                                          |                                                                    lenet_mnist_cap64_hls_mul_22s_22s_44_1_1_305 |        172 |        172 |       0 |    0 |     0 |      0 |      0 |    0 |          1 |
|       mul_22s_22s_44_1_1_U1296                                                                                          |                                                                    lenet_mnist_cap64_hls_mul_22s_22s_44_1_1_306 |        168 |        168 |       0 |    0 |     0 |      0 |      0 |    0 |          1 |
|       mul_22s_22s_44_1_1_U1297                                                                                          |                                                                    lenet_mnist_cap64_hls_mul_22s_22s_44_1_1_307 |        168 |        168 |       0 |    0 |     0 |      0 |      0 |    0 |          1 |
|       mul_22s_22s_44_1_1_U1298                                                                                          |                                                                    lenet_mnist_cap64_hls_mul_22s_22s_44_1_1_308 |        172 |        172 |       0 |    0 |     0 |      0 |      0 |    0 |          1 |
|       mul_22s_22s_44_1_1_U1299                                                                                          |                                                                    lenet_mnist_cap64_hls_mul_22s_22s_44_1_1_309 |        168 |        168 |       0 |    0 |     0 |      0 |      0 |    0 |          1 |
|       mul_22s_22s_44_1_1_U1300                                                                                          |                                                                    lenet_mnist_cap64_hls_mul_22s_22s_44_1_1_310 |        172 |        172 |       0 |    0 |     0 |      0 |      0 |    0 |          1 |
|       mul_22s_22s_44_1_1_U1301                                                                                          |                                                                    lenet_mnist_cap64_hls_mul_22s_22s_44_1_1_311 |       1512 |       1512 |       0 |    0 |     0 |      0 |      0 |    0 |          1 |
|       mul_22s_22s_44_1_1_U1302                                                                                          |                                                                    lenet_mnist_cap64_hls_mul_22s_22s_44_1_1_312 |        168 |        168 |       0 |    0 |     0 |      0 |      0 |    0 |          1 |
|       mul_22s_22s_44_1_1_U1303                                                                                          |                                                                    lenet_mnist_cap64_hls_mul_22s_22s_44_1_1_313 |        168 |        168 |       0 |    0 |     0 |      0 |      0 |    0 |          1 |
|       mul_22s_22s_44_1_1_U1304                                                                                          |                                                                    lenet_mnist_cap64_hls_mul_22s_22s_44_1_1_314 |        168 |        168 |       0 |    0 |     0 |      0 |      0 |    0 |          1 |
|       mul_22s_22s_44_1_1_U1305                                                                                          |                                                                    lenet_mnist_cap64_hls_mul_22s_22s_44_1_1_315 |        168 |        168 |       0 |    0 |     0 |      0 |      0 |    0 |          1 |
|       mul_22s_22s_44_1_1_U1306                                                                                          |                                                                    lenet_mnist_cap64_hls_mul_22s_22s_44_1_1_316 |        170 |        170 |       0 |    0 |     0 |      0 |      0 |    0 |          1 |
|       mul_22s_22s_44_1_1_U1307                                                                                          |                                                                    lenet_mnist_cap64_hls_mul_22s_22s_44_1_1_317 |        167 |        167 |       0 |    0 |     0 |      0 |      0 |    0 |          1 |
|       mul_22s_22s_44_1_1_U1308                                                                                          |                                                                    lenet_mnist_cap64_hls_mul_22s_22s_44_1_1_318 |        168 |        168 |       0 |    0 |     0 |      0 |      0 |    0 |          1 |
|       mul_22s_22s_44_1_1_U1309                                                                                          |                                                                    lenet_mnist_cap64_hls_mul_22s_22s_44_1_1_319 |        169 |        169 |       0 |    0 |     0 |      0 |      0 |    0 |          1 |
|       mul_22s_22s_44_1_1_U1310                                                                                          |                                                                    lenet_mnist_cap64_hls_mul_22s_22s_44_1_1_320 |        172 |        172 |       0 |    0 |     0 |      0 |      0 |    0 |          1 |
|       mul_22s_22s_44_1_1_U1311                                                                                          |                                                                    lenet_mnist_cap64_hls_mul_22s_22s_44_1_1_321 |        168 |        168 |       0 |    0 |     0 |      0 |      0 |    0 |          1 |
|       mul_22s_22s_44_1_1_U1312                                                                                          |                                                                    lenet_mnist_cap64_hls_mul_22s_22s_44_1_1_322 |        168 |        168 |       0 |    0 |     0 |      0 |      0 |    0 |          1 |
|       mul_22s_22s_44_1_1_U1313                                                                                          |                                                                    lenet_mnist_cap64_hls_mul_22s_22s_44_1_1_323 |        168 |        168 |       0 |    0 |     0 |      0 |      0 |    0 |          1 |
|       mul_22s_22s_44_1_1_U1314                                                                                          |                                                                    lenet_mnist_cap64_hls_mul_22s_22s_44_1_1_324 |        168 |        168 |       0 |    0 |     0 |      0 |      0 |    0 |          1 |
|       mul_22s_22s_44_1_1_U1315                                                                                          |                                                                    lenet_mnist_cap64_hls_mul_22s_22s_44_1_1_325 |        168 |        168 |       0 |    0 |     0 |      0 |      0 |    0 |          1 |
|       mul_22s_22s_44_1_1_U1316                                                                                          |                                                                    lenet_mnist_cap64_hls_mul_22s_22s_44_1_1_326 |        172 |        172 |       0 |    0 |     0 |      0 |      0 |    0 |          1 |
|       mul_22s_22s_44_1_1_U1317                                                                                          |                                                                    lenet_mnist_cap64_hls_mul_22s_22s_44_1_1_327 |        168 |        168 |       0 |    0 |     0 |      0 |      0 |    0 |          1 |
|       mul_22s_22s_44_1_1_U1318                                                                                          |                                                                    lenet_mnist_cap64_hls_mul_22s_22s_44_1_1_328 |        168 |        168 |       0 |    0 |     0 |      0 |      0 |    0 |          1 |
|       mul_22s_22s_44_1_1_U1319                                                                                          |                                                                    lenet_mnist_cap64_hls_mul_22s_22s_44_1_1_329 |        168 |        168 |       0 |    0 |     0 |      0 |      0 |    0 |          1 |
|       mul_22s_22s_44_1_1_U1320                                                                                          |                                                                    lenet_mnist_cap64_hls_mul_22s_22s_44_1_1_330 |        172 |        172 |       0 |    0 |     0 |      0 |      0 |    0 |          1 |
|       mul_22s_22s_44_1_1_U1321                                                                                          |                                                                    lenet_mnist_cap64_hls_mul_22s_22s_44_1_1_331 |        172 |        172 |       0 |    0 |     0 |      0 |      0 |    0 |          1 |
|       mul_22s_22s_44_1_1_U1322                                                                                          |                                                                    lenet_mnist_cap64_hls_mul_22s_22s_44_1_1_332 |        168 |        168 |       0 |    0 |     0 |      0 |      0 |    0 |          1 |
|       mul_22s_22s_44_1_1_U1323                                                                                          |                                                                    lenet_mnist_cap64_hls_mul_22s_22s_44_1_1_333 |        168 |        168 |       0 |    0 |     0 |      0 |      0 |    0 |          1 |
|       mul_22s_22s_44_1_1_U1324                                                                                          |                                                                    lenet_mnist_cap64_hls_mul_22s_22s_44_1_1_334 |        168 |        168 |       0 |    0 |     0 |      0 |      0 |    0 |          1 |
|       mul_22s_22s_44_1_1_U1325                                                                                          |                                                                    lenet_mnist_cap64_hls_mul_22s_22s_44_1_1_335 |        168 |        168 |       0 |    0 |     0 |      0 |      0 |    0 |          1 |
|       mul_22s_22s_44_1_1_U1326                                                                                          |                                                                    lenet_mnist_cap64_hls_mul_22s_22s_44_1_1_336 |        168 |        168 |       0 |    0 |     0 |      0 |      0 |    0 |          1 |
|       mul_22s_22s_44_1_1_U1327                                                                                          |                                                                    lenet_mnist_cap64_hls_mul_22s_22s_44_1_1_337 |        172 |        172 |       0 |    0 |     0 |      0 |      0 |    0 |          1 |
|       mul_22s_22s_44_1_1_U1328                                                                                          |                                                                    lenet_mnist_cap64_hls_mul_22s_22s_44_1_1_338 |        172 |        172 |       0 |    0 |     0 |      0 |      0 |    0 |          1 |
|       mul_22s_22s_44_1_1_U1329                                                                                          |                                                                    lenet_mnist_cap64_hls_mul_22s_22s_44_1_1_339 |        173 |        173 |       0 |    0 |     0 |      0 |      0 |    0 |          1 |
|       mul_22s_22s_44_1_1_U1330                                                                                          |                                                                    lenet_mnist_cap64_hls_mul_22s_22s_44_1_1_340 |        168 |        168 |       0 |    0 |     0 |      0 |      0 |    0 |          1 |
|       mul_22s_22s_44_1_1_U1331                                                                                          |                                                                    lenet_mnist_cap64_hls_mul_22s_22s_44_1_1_341 |        168 |        168 |       0 |    0 |     0 |      0 |      0 |    0 |          1 |
|       mul_22s_22s_44_1_1_U1332                                                                                          |                                                                    lenet_mnist_cap64_hls_mul_22s_22s_44_1_1_342 |        168 |        168 |       0 |    0 |     0 |      0 |      0 |    0 |          1 |
|       mul_22s_22s_44_1_1_U1333                                                                                          |                                                                    lenet_mnist_cap64_hls_mul_22s_22s_44_1_1_343 |        172 |        172 |       0 |    0 |     0 |      0 |      0 |    0 |          1 |
|       mul_22s_22s_44_1_1_U1334                                                                                          |                                                                    lenet_mnist_cap64_hls_mul_22s_22s_44_1_1_344 |        168 |        168 |       0 |    0 |     0 |      0 |      0 |    0 |          1 |
|       mul_22s_22s_44_1_1_U1335                                                                                          |                                                                    lenet_mnist_cap64_hls_mul_22s_22s_44_1_1_345 |        174 |        174 |       0 |    0 |     0 |      0 |      0 |    0 |          1 |
|       mul_22s_22s_44_1_1_U1336                                                                                          |                                                                    lenet_mnist_cap64_hls_mul_22s_22s_44_1_1_346 |        174 |        174 |       0 |    0 |     0 |      0 |      0 |    0 |          1 |
|       mul_22s_22s_44_1_1_U1337                                                                                          |                                                                    lenet_mnist_cap64_hls_mul_22s_22s_44_1_1_347 |        169 |        169 |       0 |    0 |     0 |      0 |      0 |    0 |          1 |
|       mul_22s_22s_44_1_1_U1338                                                                                          |                                                                    lenet_mnist_cap64_hls_mul_22s_22s_44_1_1_348 |        172 |        172 |       0 |    0 |     0 |      0 |      0 |    0 |          1 |
|       mul_22s_22s_44_1_1_U1339                                                                                          |                                                                    lenet_mnist_cap64_hls_mul_22s_22s_44_1_1_349 |        168 |        168 |       0 |    0 |     0 |      0 |      0 |    0 |          1 |
|       mul_22s_22s_44_1_1_U1340                                                                                          |                                                                    lenet_mnist_cap64_hls_mul_22s_22s_44_1_1_350 |        168 |        168 |       0 |    0 |     0 |      0 |      0 |    0 |          1 |
|       mul_22s_22s_44_1_1_U1341                                                                                          |                                                                    lenet_mnist_cap64_hls_mul_22s_22s_44_1_1_351 |        168 |        168 |       0 |    0 |     0 |      0 |      0 |    0 |          1 |
|       mul_22s_22s_44_1_1_U1342                                                                                          |                                                                    lenet_mnist_cap64_hls_mul_22s_22s_44_1_1_352 |        172 |        172 |       0 |    0 |     0 |      0 |      0 |    0 |          1 |
|       mul_22s_22s_44_1_1_U1343                                                                                          |                                                                    lenet_mnist_cap64_hls_mul_22s_22s_44_1_1_353 |        168 |        168 |       0 |    0 |     0 |      0 |      0 |    0 |          1 |
|       mul_22s_22s_44_1_1_U1344                                                                                          |                                                                    lenet_mnist_cap64_hls_mul_22s_22s_44_1_1_354 |        173 |        173 |       0 |    0 |     0 |      0 |      0 |    0 |          1 |
|       mul_22s_22s_44_1_1_U1345                                                                                          |                                                                    lenet_mnist_cap64_hls_mul_22s_22s_44_1_1_355 |        168 |        168 |       0 |    0 |     0 |      0 |      0 |    0 |          1 |
|       mul_22s_22s_44_1_1_U1346                                                                                          |                                                                    lenet_mnist_cap64_hls_mul_22s_22s_44_1_1_356 |        168 |        168 |       0 |    0 |     0 |      0 |      0 |    0 |          1 |
|       mul_22s_22s_44_1_1_U1347                                                                                          |                                                                    lenet_mnist_cap64_hls_mul_22s_22s_44_1_1_357 |        168 |        168 |       0 |    0 |     0 |      0 |      0 |    0 |          1 |
|       mul_22s_22s_44_1_1_U1348                                                                                          |                                                                    lenet_mnist_cap64_hls_mul_22s_22s_44_1_1_358 |        172 |        172 |       0 |    0 |     0 |      0 |      0 |    0 |          1 |
|       mul_22s_22s_44_1_1_U1349                                                                                          |                                                                    lenet_mnist_cap64_hls_mul_22s_22s_44_1_1_359 |        172 |        172 |       0 |    0 |     0 |      0 |      0 |    0 |          1 |
|       mul_22s_22s_44_1_1_U1350                                                                                          |                                                                    lenet_mnist_cap64_hls_mul_22s_22s_44_1_1_360 |        173 |        173 |       0 |    0 |     0 |      0 |      0 |    0 |          1 |
|       mul_22s_22s_44_1_1_U1351                                                                                          |                                                                    lenet_mnist_cap64_hls_mul_22s_22s_44_1_1_361 |        168 |        168 |       0 |    0 |     0 |      0 |      0 |    0 |          1 |
|       mul_22s_22s_44_1_1_U1352                                                                                          |                                                                    lenet_mnist_cap64_hls_mul_22s_22s_44_1_1_362 |        168 |        168 |       0 |    0 |     0 |      0 |      0 |    0 |          1 |
|       mul_22s_22s_44_1_1_U1353                                                                                          |                                                                    lenet_mnist_cap64_hls_mul_22s_22s_44_1_1_363 |        171 |        171 |       0 |    0 |     0 |      0 |      0 |    0 |          1 |
|       mul_22s_22s_44_1_1_U1354                                                                                          |                                                                    lenet_mnist_cap64_hls_mul_22s_22s_44_1_1_364 |        171 |        171 |       0 |    0 |     0 |      0 |      0 |    0 |          1 |
|       mul_22s_22s_44_1_1_U1355                                                                                          |                                                                    lenet_mnist_cap64_hls_mul_22s_22s_44_1_1_365 |        172 |        172 |       0 |    0 |     0 |      0 |      0 |    0 |          1 |
|       mul_22s_22s_44_1_1_U1356                                                                                          |                                                                    lenet_mnist_cap64_hls_mul_22s_22s_44_1_1_366 |        169 |        169 |       0 |    0 |     0 |      0 |      0 |    0 |          1 |
|       mul_22s_22s_44_1_1_U1357                                                                                          |                                                                    lenet_mnist_cap64_hls_mul_22s_22s_44_1_1_367 |        168 |        168 |       0 |    0 |     0 |      0 |      0 |    0 |          1 |
|       mul_22s_22s_44_1_1_U1358                                                                                          |                                                                    lenet_mnist_cap64_hls_mul_22s_22s_44_1_1_368 |        183 |        183 |       0 |    0 |     0 |      0 |      0 |    0 |          1 |
|       mul_22s_22s_44_1_1_U1359                                                                                          |                                                                    lenet_mnist_cap64_hls_mul_22s_22s_44_1_1_369 |        168 |        168 |       0 |    0 |     0 |      0 |      0 |    0 |          1 |
|       mul_22s_22s_44_1_1_U1360                                                                                          |                                                                    lenet_mnist_cap64_hls_mul_22s_22s_44_1_1_370 |        168 |        168 |       0 |    0 |     0 |      0 |      0 |    0 |          1 |
|       mul_22s_22s_44_1_1_U1361                                                                                          |                                                                    lenet_mnist_cap64_hls_mul_22s_22s_44_1_1_371 |        168 |        168 |       0 |    0 |     0 |      0 |      0 |    0 |          1 |
|       mul_22s_22s_44_1_1_U1362                                                                                          |                                                                    lenet_mnist_cap64_hls_mul_22s_22s_44_1_1_372 |        168 |        168 |       0 |    0 |     0 |      0 |      0 |    0 |          1 |
|       mul_22s_22s_44_1_1_U1363                                                                                          |                                                                    lenet_mnist_cap64_hls_mul_22s_22s_44_1_1_373 |        183 |        183 |       0 |    0 |     0 |      0 |      0 |    0 |          1 |
|       mul_22s_22s_44_1_1_U1364                                                                                          |                                                                    lenet_mnist_cap64_hls_mul_22s_22s_44_1_1_374 |        168 |        168 |       0 |    0 |     0 |      0 |      0 |    0 |          1 |
|       mul_22s_22s_44_1_1_U1365                                                                                          |                                                                    lenet_mnist_cap64_hls_mul_22s_22s_44_1_1_375 |        168 |        168 |       0 |    0 |     0 |      0 |      0 |    0 |          1 |
|       mul_22s_22s_44_1_1_U1366                                                                                          |                                                                    lenet_mnist_cap64_hls_mul_22s_22s_44_1_1_376 |        168 |        168 |       0 |    0 |     0 |      0 |      0 |    0 |          1 |
|       w11_U                                                                                                             |          lenet_mnist_cap64_hls_dense_resource_rf_leq_nin_ap_fixed_ap_fixed_22_12_4_0_0_config11_s_w11_ROM_NP3i2 |          8 |          8 |       0 |    0 |     0 |     11 |      1 |    0 |          0 |
|   dense_array_ap_fixed_16u_array_ap_fixed_22_12_4_0_0_120u_config9_U0                                                   |                        lenet_mnist_cap64_hls_dense_array_ap_fixed_16u_array_ap_fixed_22_12_4_0_0_120u_config9_s |      46348 |      46348 |       0 |    0 | 28163 |     31 |      1 |    0 |        240 |
|     (dense_array_ap_fixed_16u_array_ap_fixed_22_12_4_0_0_120u_config9_U0)                                               |                        lenet_mnist_cap64_hls_dense_array_ap_fixed_16u_array_ap_fixed_22_12_4_0_0_120u_config9_s |          5 |          5 |       0 |    0 |  2648 |      0 |      0 |    0 |          0 |
|     grp_dense_array_array_ap_fixed_22_12_4_0_0_120u_config9_Pipeline_DataPrepare_fu_1059                                |                  lenet_mnist_cap64_hls_dense_array_array_ap_fixed_22_12_4_0_0_120u_config9_Pipeline_DataPrepare |         18 |         18 |       0 |    0 |  5638 |      0 |      0 |    0 |          0 |
|       (grp_dense_array_array_ap_fixed_22_12_4_0_0_120u_config9_Pipeline_DataPrepare_fu_1059)                            |                  lenet_mnist_cap64_hls_dense_array_array_ap_fixed_22_12_4_0_0_120u_config9_Pipeline_DataPrepare |          1 |          1 |       0 |    0 |  5636 |      0 |      0 |    0 |          0 |
|       flow_control_loop_pipe_sequential_init_U                                                                          |                                                    lenet_mnist_cap64_hls_flow_control_loop_pipe_sequential_init |         17 |         17 |       0 |    0 |     2 |      0 |      0 |    0 |          0 |
|     grp_dense_resource_rf_leq_nin_ap_fixed_ap_fixed_22_12_4_0_0_config9_s_fu_1321                                       |                         lenet_mnist_cap64_hls_dense_resource_rf_leq_nin_ap_fixed_ap_fixed_22_12_4_0_0_config9_s |      46325 |      46325 |       0 |    0 | 19877 |     31 |      1 |    0 |        240 |
|       (grp_dense_resource_rf_leq_nin_ap_fixed_ap_fixed_22_12_4_0_0_config9_s_fu_1321)                                   |                         lenet_mnist_cap64_hls_dense_resource_rf_leq_nin_ap_fixed_ap_fixed_22_12_4_0_0_config9_s |       8118 |       8118 |       0 |    0 | 19877 |      0 |      0 |    0 |          0 |
|       mul_22s_22s_44_1_1_U1000                                                                                          |                                                                     lenet_mnist_cap64_hls_mul_22s_22s_44_1_1_54 |        192 |        192 |       0 |    0 |     0 |      0 |      0 |    0 |          1 |
|       mul_22s_22s_44_1_1_U1001                                                                                          |                                                                     lenet_mnist_cap64_hls_mul_22s_22s_44_1_1_55 |        192 |        192 |       0 |    0 |     0 |      0 |      0 |    0 |          1 |
|       mul_22s_22s_44_1_1_U1002                                                                                          |                                                                     lenet_mnist_cap64_hls_mul_22s_22s_44_1_1_56 |        194 |        194 |       0 |    0 |     0 |      0 |      0 |    0 |          1 |
|       mul_22s_22s_44_1_1_U1003                                                                                          |                                                                     lenet_mnist_cap64_hls_mul_22s_22s_44_1_1_57 |        192 |        192 |       0 |    0 |     0 |      0 |      0 |    0 |          1 |
|       mul_22s_22s_44_1_1_U1004                                                                                          |                                                                     lenet_mnist_cap64_hls_mul_22s_22s_44_1_1_58 |        209 |        209 |       0 |    0 |     0 |      0 |      0 |    0 |          1 |
|       mul_22s_22s_44_1_1_U1005                                                                                          |                                                                     lenet_mnist_cap64_hls_mul_22s_22s_44_1_1_59 |        192 |        192 |       0 |    0 |     0 |      0 |      0 |    0 |          1 |
|       mul_22s_22s_44_1_1_U1006                                                                                          |                                                                     lenet_mnist_cap64_hls_mul_22s_22s_44_1_1_60 |        192 |        192 |       0 |    0 |     0 |      0 |      0 |    0 |          1 |
|       mul_22s_22s_44_1_1_U1007                                                                                          |                                                                     lenet_mnist_cap64_hls_mul_22s_22s_44_1_1_61 |        192 |        192 |       0 |    0 |     0 |      0 |      0 |    0 |          1 |
|       mul_22s_22s_44_1_1_U1008                                                                                          |                                                                     lenet_mnist_cap64_hls_mul_22s_22s_44_1_1_62 |        192 |        192 |       0 |    0 |     0 |      0 |      0 |    0 |          1 |
|       mul_22s_22s_44_1_1_U1009                                                                                          |                                                                     lenet_mnist_cap64_hls_mul_22s_22s_44_1_1_63 |        192 |        192 |       0 |    0 |     0 |      0 |      0 |    0 |          1 |
|       mul_22s_22s_44_1_1_U1010                                                                                          |                                                                     lenet_mnist_cap64_hls_mul_22s_22s_44_1_1_64 |        192 |        192 |       0 |    0 |     0 |      0 |      0 |    0 |          1 |
|       mul_22s_22s_44_1_1_U1011                                                                                          |                                                                     lenet_mnist_cap64_hls_mul_22s_22s_44_1_1_65 |       1688 |       1688 |       0 |    0 |     0 |      0 |      0 |    0 |          1 |
|       mul_22s_22s_44_1_1_U1012                                                                                          |                                                                     lenet_mnist_cap64_hls_mul_22s_22s_44_1_1_66 |        192 |        192 |       0 |    0 |     0 |      0 |      0 |    0 |          1 |
|       mul_22s_22s_44_1_1_U1013                                                                                          |                                                                     lenet_mnist_cap64_hls_mul_22s_22s_44_1_1_67 |        192 |        192 |       0 |    0 |     0 |      0 |      0 |    0 |          1 |
|       mul_22s_22s_44_1_1_U1014                                                                                          |                                                                     lenet_mnist_cap64_hls_mul_22s_22s_44_1_1_68 |        192 |        192 |       0 |    0 |     0 |      0 |      0 |    0 |          1 |
|       mul_22s_22s_44_1_1_U1015                                                                                          |                                                                     lenet_mnist_cap64_hls_mul_22s_22s_44_1_1_69 |        192 |        192 |       0 |    0 |     0 |      0 |      0 |    0 |          1 |
|       mul_22s_22s_44_1_1_U1016                                                                                          |                                                                     lenet_mnist_cap64_hls_mul_22s_22s_44_1_1_70 |        192 |        192 |       0 |    0 |     0 |      0 |      0 |    0 |          1 |
|       mul_22s_22s_44_1_1_U1017                                                                                          |                                                                     lenet_mnist_cap64_hls_mul_22s_22s_44_1_1_71 |        192 |        192 |       0 |    0 |     0 |      0 |      0 |    0 |          1 |
|       mul_22s_22s_44_1_1_U779                                                                                           |                                                                     lenet_mnist_cap64_hls_mul_22s_22s_44_1_1_72 |         59 |         59 |       0 |    0 |     0 |      0 |      0 |    0 |          1 |
|       mul_22s_22s_44_1_1_U780                                                                                           |                                                                     lenet_mnist_cap64_hls_mul_22s_22s_44_1_1_73 |         59 |         59 |       0 |    0 |     0 |      0 |      0 |    0 |          1 |
|       mul_22s_22s_44_1_1_U781                                                                                           |                                                                     lenet_mnist_cap64_hls_mul_22s_22s_44_1_1_74 |       1204 |       1204 |       0 |    0 |     0 |      0 |      0 |    0 |          1 |
|       mul_22s_22s_44_1_1_U782                                                                                           |                                                                     lenet_mnist_cap64_hls_mul_22s_22s_44_1_1_75 |         58 |         58 |       0 |    0 |     0 |      0 |      0 |    0 |          1 |
|       mul_22s_22s_44_1_1_U783                                                                                           |                                                                     lenet_mnist_cap64_hls_mul_22s_22s_44_1_1_76 |         59 |         59 |       0 |    0 |     0 |      0 |      0 |    0 |          1 |
|       mul_22s_22s_44_1_1_U784                                                                                           |                                                                     lenet_mnist_cap64_hls_mul_22s_22s_44_1_1_77 |         59 |         59 |       0 |    0 |     0 |      0 |      0 |    0 |          1 |
|       mul_22s_22s_44_1_1_U785                                                                                           |                                                                     lenet_mnist_cap64_hls_mul_22s_22s_44_1_1_78 |         59 |         59 |       0 |    0 |     0 |      0 |      0 |    0 |          1 |
|       mul_22s_22s_44_1_1_U786                                                                                           |                                                                     lenet_mnist_cap64_hls_mul_22s_22s_44_1_1_79 |         53 |         53 |       0 |    0 |     0 |      0 |      0 |    0 |          1 |
|       mul_22s_22s_44_1_1_U787                                                                                           |                                                                     lenet_mnist_cap64_hls_mul_22s_22s_44_1_1_80 |         59 |         59 |       0 |    0 |     0 |      0 |      0 |    0 |          1 |
|       mul_22s_22s_44_1_1_U788                                                                                           |                                                                     lenet_mnist_cap64_hls_mul_22s_22s_44_1_1_81 |         48 |         48 |       0 |    0 |     0 |      0 |      0 |    0 |          1 |
|       mul_22s_22s_44_1_1_U789                                                                                           |                                                                     lenet_mnist_cap64_hls_mul_22s_22s_44_1_1_82 |         58 |         58 |       0 |    0 |     0 |      0 |      0 |    0 |          1 |
|       mul_22s_22s_44_1_1_U790                                                                                           |                                                                     lenet_mnist_cap64_hls_mul_22s_22s_44_1_1_83 |         59 |         59 |       0 |    0 |     0 |      0 |      0 |    0 |          1 |
|       mul_22s_22s_44_1_1_U791                                                                                           |                                                                     lenet_mnist_cap64_hls_mul_22s_22s_44_1_1_84 |         53 |         53 |       0 |    0 |     0 |      0 |      0 |    0 |          1 |
|       mul_22s_22s_44_1_1_U792                                                                                           |                                                                     lenet_mnist_cap64_hls_mul_22s_22s_44_1_1_85 |         59 |         59 |       0 |    0 |     0 |      0 |      0 |    0 |          1 |
|       mul_22s_22s_44_1_1_U793                                                                                           |                                                                     lenet_mnist_cap64_hls_mul_22s_22s_44_1_1_86 |         59 |         59 |       0 |    0 |     0 |      0 |      0 |    0 |          1 |
|       mul_22s_22s_44_1_1_U794                                                                                           |                                                                     lenet_mnist_cap64_hls_mul_22s_22s_44_1_1_87 |        331 |        331 |       0 |    0 |     0 |      0 |      0 |    0 |          1 |
|       mul_22s_22s_44_1_1_U795                                                                                           |                                                                     lenet_mnist_cap64_hls_mul_22s_22s_44_1_1_88 |         59 |         59 |       0 |    0 |     0 |      0 |      0 |    0 |          1 |
|       mul_22s_22s_44_1_1_U796                                                                                           |                                                                     lenet_mnist_cap64_hls_mul_22s_22s_44_1_1_89 |         58 |         58 |       0 |    0 |     0 |      0 |      0 |    0 |          1 |
|       mul_22s_22s_44_1_1_U797                                                                                           |                                                                     lenet_mnist_cap64_hls_mul_22s_22s_44_1_1_90 |         59 |         59 |       0 |    0 |     0 |      0 |      0 |    0 |          1 |
|       mul_22s_22s_44_1_1_U798                                                                                           |                                                                     lenet_mnist_cap64_hls_mul_22s_22s_44_1_1_91 |         59 |         59 |       0 |    0 |     0 |      0 |      0 |    0 |          1 |
|       mul_22s_22s_44_1_1_U799                                                                                           |                                                                     lenet_mnist_cap64_hls_mul_22s_22s_44_1_1_92 |         59 |         59 |       0 |    0 |     0 |      0 |      0 |    0 |          1 |
|       mul_22s_22s_44_1_1_U800                                                                                           |                                                                     lenet_mnist_cap64_hls_mul_22s_22s_44_1_1_93 |         59 |         59 |       0 |    0 |     0 |      0 |      0 |    0 |          1 |
|       mul_22s_22s_44_1_1_U801                                                                                           |                                                                     lenet_mnist_cap64_hls_mul_22s_22s_44_1_1_94 |         48 |         48 |       0 |    0 |     0 |      0 |      0 |    0 |          1 |
|       mul_22s_22s_44_1_1_U802                                                                                           |                                                                     lenet_mnist_cap64_hls_mul_22s_22s_44_1_1_95 |         53 |         53 |       0 |    0 |     0 |      0 |      0 |    0 |          1 |
|       mul_22s_22s_44_1_1_U803                                                                                           |                                                                     lenet_mnist_cap64_hls_mul_22s_22s_44_1_1_96 |         59 |         59 |       0 |    0 |     0 |      0 |      0 |    0 |          1 |
|       mul_22s_22s_44_1_1_U804                                                                                           |                                                                     lenet_mnist_cap64_hls_mul_22s_22s_44_1_1_97 |         48 |         48 |       0 |    0 |     0 |      0 |      0 |    0 |          1 |
|       mul_22s_22s_44_1_1_U805                                                                                           |                                                                     lenet_mnist_cap64_hls_mul_22s_22s_44_1_1_98 |         47 |         47 |       0 |    0 |     0 |      0 |      0 |    0 |          1 |
|       mul_22s_22s_44_1_1_U806                                                                                           |                                                                     lenet_mnist_cap64_hls_mul_22s_22s_44_1_1_99 |         59 |         59 |       0 |    0 |     0 |      0 |      0 |    0 |          1 |
|       mul_22s_22s_44_1_1_U807                                                                                           |                                                                    lenet_mnist_cap64_hls_mul_22s_22s_44_1_1_100 |         47 |         47 |       0 |    0 |     0 |      0 |      0 |    0 |          1 |
|       mul_22s_22s_44_1_1_U808                                                                                           |                                                                    lenet_mnist_cap64_hls_mul_22s_22s_44_1_1_101 |         59 |         59 |       0 |    0 |     0 |      0 |      0 |    0 |          1 |
|       mul_22s_22s_44_1_1_U809                                                                                           |                                                                    lenet_mnist_cap64_hls_mul_22s_22s_44_1_1_102 |         59 |         59 |       0 |    0 |     0 |      0 |      0 |    0 |          1 |
|       mul_22s_22s_44_1_1_U810                                                                                           |                                                                    lenet_mnist_cap64_hls_mul_22s_22s_44_1_1_103 |         59 |         59 |       0 |    0 |     0 |      0 |      0 |    0 |          1 |
|       mul_22s_22s_44_1_1_U811                                                                                           |                                                                    lenet_mnist_cap64_hls_mul_22s_22s_44_1_1_104 |         58 |         58 |       0 |    0 |     0 |      0 |      0 |    0 |          1 |
|       mul_22s_22s_44_1_1_U812                                                                                           |                                                                    lenet_mnist_cap64_hls_mul_22s_22s_44_1_1_105 |         59 |         59 |       0 |    0 |     0 |      0 |      0 |    0 |          1 |
|       mul_22s_22s_44_1_1_U813                                                                                           |                                                                    lenet_mnist_cap64_hls_mul_22s_22s_44_1_1_106 |         53 |         53 |       0 |    0 |     0 |      0 |      0 |    0 |          1 |
|       mul_22s_22s_44_1_1_U814                                                                                           |                                                                    lenet_mnist_cap64_hls_mul_22s_22s_44_1_1_107 |         53 |         53 |       0 |    0 |     0 |      0 |      0 |    0 |          1 |
|       mul_22s_22s_44_1_1_U815                                                                                           |                                                                    lenet_mnist_cap64_hls_mul_22s_22s_44_1_1_108 |         47 |         47 |       0 |    0 |     0 |      0 |      0 |    0 |          1 |
|       mul_22s_22s_44_1_1_U816                                                                                           |                                                                    lenet_mnist_cap64_hls_mul_22s_22s_44_1_1_109 |         59 |         59 |       0 |    0 |     0 |      0 |      0 |    0 |          1 |
|       mul_22s_22s_44_1_1_U817                                                                                           |                                                                    lenet_mnist_cap64_hls_mul_22s_22s_44_1_1_110 |         59 |         59 |       0 |    0 |     0 |      0 |      0 |    0 |          1 |
|       mul_22s_22s_44_1_1_U818                                                                                           |                                                                    lenet_mnist_cap64_hls_mul_22s_22s_44_1_1_111 |         47 |         47 |       0 |    0 |     0 |      0 |      0 |    0 |          1 |
|       mul_22s_22s_44_1_1_U819                                                                                           |                                                                    lenet_mnist_cap64_hls_mul_22s_22s_44_1_1_112 |         59 |         59 |       0 |    0 |     0 |      0 |      0 |    0 |          1 |
|       mul_22s_22s_44_1_1_U820                                                                                           |                                                                    lenet_mnist_cap64_hls_mul_22s_22s_44_1_1_113 |         58 |         58 |       0 |    0 |     0 |      0 |      0 |    0 |          1 |
|       mul_22s_22s_44_1_1_U821                                                                                           |                                                                    lenet_mnist_cap64_hls_mul_22s_22s_44_1_1_114 |         59 |         59 |       0 |    0 |     0 |      0 |      0 |    0 |          1 |
|       mul_22s_22s_44_1_1_U822                                                                                           |                                                                    lenet_mnist_cap64_hls_mul_22s_22s_44_1_1_115 |         47 |         47 |       0 |    0 |     0 |      0 |      0 |    0 |          1 |
|       mul_22s_22s_44_1_1_U823                                                                                           |                                                                    lenet_mnist_cap64_hls_mul_22s_22s_44_1_1_116 |         47 |         47 |       0 |    0 |     0 |      0 |      0 |    0 |          1 |
|       mul_22s_22s_44_1_1_U824                                                                                           |                                                                    lenet_mnist_cap64_hls_mul_22s_22s_44_1_1_117 |         53 |         53 |       0 |    0 |     0 |      0 |      0 |    0 |          1 |
|       mul_22s_22s_44_1_1_U825                                                                                           |                                                                    lenet_mnist_cap64_hls_mul_22s_22s_44_1_1_118 |         53 |         53 |       0 |    0 |     0 |      0 |      0 |    0 |          1 |
|       mul_22s_22s_44_1_1_U826                                                                                           |                                                                    lenet_mnist_cap64_hls_mul_22s_22s_44_1_1_119 |         47 |         47 |       0 |    0 |     0 |      0 |      0 |    0 |          1 |
|       mul_22s_22s_44_1_1_U827                                                                                           |                                                                    lenet_mnist_cap64_hls_mul_22s_22s_44_1_1_120 |         59 |         59 |       0 |    0 |     0 |      0 |      0 |    0 |          1 |
|       mul_22s_22s_44_1_1_U828                                                                                           |                                                                    lenet_mnist_cap64_hls_mul_22s_22s_44_1_1_121 |         47 |         47 |       0 |    0 |     0 |      0 |      0 |    0 |          1 |
|       mul_22s_22s_44_1_1_U829                                                                                           |                                                                    lenet_mnist_cap64_hls_mul_22s_22s_44_1_1_122 |         47 |         47 |       0 |    0 |     0 |      0 |      0 |    0 |          1 |
|       mul_22s_22s_44_1_1_U830                                                                                           |                                                                    lenet_mnist_cap64_hls_mul_22s_22s_44_1_1_123 |         59 |         59 |       0 |    0 |     0 |      0 |      0 |    0 |          1 |
|       mul_22s_22s_44_1_1_U831                                                                                           |                                                                    lenet_mnist_cap64_hls_mul_22s_22s_44_1_1_124 |         47 |         47 |       0 |    0 |     0 |      0 |      0 |    0 |          1 |
|       mul_22s_22s_44_1_1_U832                                                                                           |                                                                    lenet_mnist_cap64_hls_mul_22s_22s_44_1_1_125 |         59 |         59 |       0 |    0 |     0 |      0 |      0 |    0 |          1 |
|       mul_22s_22s_44_1_1_U833                                                                                           |                                                                    lenet_mnist_cap64_hls_mul_22s_22s_44_1_1_126 |         59 |         59 |       0 |    0 |     0 |      0 |      0 |    0 |          1 |
|       mul_22s_22s_44_1_1_U834                                                                                           |                                                                    lenet_mnist_cap64_hls_mul_22s_22s_44_1_1_127 |         47 |         47 |       0 |    0 |     0 |      0 |      0 |    0 |          1 |
|       mul_22s_22s_44_1_1_U835                                                                                           |                                                                    lenet_mnist_cap64_hls_mul_22s_22s_44_1_1_128 |         53 |         53 |       0 |    0 |     0 |      0 |      0 |    0 |          1 |
|       mul_22s_22s_44_1_1_U836                                                                                           |                                                                    lenet_mnist_cap64_hls_mul_22s_22s_44_1_1_129 |         59 |         59 |       0 |    0 |     0 |      0 |      0 |    0 |          1 |
|       mul_22s_22s_44_1_1_U837                                                                                           |                                                                    lenet_mnist_cap64_hls_mul_22s_22s_44_1_1_130 |         53 |         53 |       0 |    0 |     0 |      0 |      0 |    0 |          1 |
|       mul_22s_22s_44_1_1_U838                                                                                           |                                                                    lenet_mnist_cap64_hls_mul_22s_22s_44_1_1_131 |         47 |         47 |       0 |    0 |     0 |      0 |      0 |    0 |          1 |
|       mul_22s_22s_44_1_1_U839                                                                                           |                                                                    lenet_mnist_cap64_hls_mul_22s_22s_44_1_1_132 |         59 |         59 |       0 |    0 |     0 |      0 |      0 |    0 |          1 |
|       mul_22s_22s_44_1_1_U840                                                                                           |                                                                    lenet_mnist_cap64_hls_mul_22s_22s_44_1_1_133 |         59 |         59 |       0 |    0 |     0 |      0 |      0 |    0 |          1 |
|       mul_22s_22s_44_1_1_U841                                                                                           |                                                                    lenet_mnist_cap64_hls_mul_22s_22s_44_1_1_134 |         47 |         47 |       0 |    0 |     0 |      0 |      0 |    0 |          1 |
|       mul_22s_22s_44_1_1_U842                                                                                           |                                                                    lenet_mnist_cap64_hls_mul_22s_22s_44_1_1_135 |         53 |         53 |       0 |    0 |     0 |      0 |      0 |    0 |          1 |
|       mul_22s_22s_44_1_1_U843                                                                                           |                                                                    lenet_mnist_cap64_hls_mul_22s_22s_44_1_1_136 |         59 |         59 |       0 |    0 |     0 |      0 |      0 |    0 |          1 |
|       mul_22s_22s_44_1_1_U844                                                                                           |                                                                    lenet_mnist_cap64_hls_mul_22s_22s_44_1_1_137 |         53 |         53 |       0 |    0 |     0 |      0 |      0 |    0 |          1 |
|       mul_22s_22s_44_1_1_U845                                                                                           |                                                                    lenet_mnist_cap64_hls_mul_22s_22s_44_1_1_138 |         59 |         59 |       0 |    0 |     0 |      0 |      0 |    0 |          1 |
|       mul_22s_22s_44_1_1_U846                                                                                           |                                                                    lenet_mnist_cap64_hls_mul_22s_22s_44_1_1_139 |         59 |         59 |       0 |    0 |     0 |      0 |      0 |    0 |          1 |
|       mul_22s_22s_44_1_1_U847                                                                                           |                                                                    lenet_mnist_cap64_hls_mul_22s_22s_44_1_1_140 |         53 |         53 |       0 |    0 |     0 |      0 |      0 |    0 |          1 |
|       mul_22s_22s_44_1_1_U848                                                                                           |                                                                    lenet_mnist_cap64_hls_mul_22s_22s_44_1_1_141 |         59 |         59 |       0 |    0 |     0 |      0 |      0 |    0 |          1 |
|       mul_22s_22s_44_1_1_U849                                                                                           |                                                                    lenet_mnist_cap64_hls_mul_22s_22s_44_1_1_142 |         47 |         47 |       0 |    0 |     0 |      0 |      0 |    0 |          1 |
|       mul_22s_22s_44_1_1_U850                                                                                           |                                                                    lenet_mnist_cap64_hls_mul_22s_22s_44_1_1_143 |         53 |         53 |       0 |    0 |     0 |      0 |      0 |    0 |          1 |
|       mul_22s_22s_44_1_1_U851                                                                                           |                                                                    lenet_mnist_cap64_hls_mul_22s_22s_44_1_1_144 |         59 |         59 |       0 |    0 |     0 |      0 |      0 |    0 |          1 |
|       mul_22s_22s_44_1_1_U852                                                                                           |                                                                    lenet_mnist_cap64_hls_mul_22s_22s_44_1_1_145 |         59 |         59 |       0 |    0 |     0 |      0 |      0 |    0 |          1 |
|       mul_22s_22s_44_1_1_U853                                                                                           |                                                                    lenet_mnist_cap64_hls_mul_22s_22s_44_1_1_146 |         47 |         47 |       0 |    0 |     0 |      0 |      0 |    0 |          1 |
|       mul_22s_22s_44_1_1_U854                                                                                           |                                                                    lenet_mnist_cap64_hls_mul_22s_22s_44_1_1_147 |         59 |         59 |       0 |    0 |     0 |      0 |      0 |    0 |          1 |
|       mul_22s_22s_44_1_1_U855                                                                                           |                                                                    lenet_mnist_cap64_hls_mul_22s_22s_44_1_1_148 |         59 |         59 |       0 |    0 |     0 |      0 |      0 |    0 |          1 |
|       mul_22s_22s_44_1_1_U856                                                                                           |                                                                    lenet_mnist_cap64_hls_mul_22s_22s_44_1_1_149 |         59 |         59 |       0 |    0 |     0 |      0 |      0 |    0 |          1 |
|       mul_22s_22s_44_1_1_U857                                                                                           |                                                                    lenet_mnist_cap64_hls_mul_22s_22s_44_1_1_150 |         47 |         47 |       0 |    0 |     0 |      0 |      0 |    0 |          1 |
|       mul_22s_22s_44_1_1_U858                                                                                           |                                                                    lenet_mnist_cap64_hls_mul_22s_22s_44_1_1_151 |         53 |         53 |       0 |    0 |     0 |      0 |      0 |    0 |          1 |
|       mul_22s_22s_44_1_1_U859                                                                                           |                                                                    lenet_mnist_cap64_hls_mul_22s_22s_44_1_1_152 |         59 |         59 |       0 |    0 |     0 |      0 |      0 |    0 |          1 |
|       mul_22s_22s_44_1_1_U860                                                                                           |                                                                    lenet_mnist_cap64_hls_mul_22s_22s_44_1_1_153 |         59 |         59 |       0 |    0 |     0 |      0 |      0 |    0 |          1 |
|       mul_22s_22s_44_1_1_U861                                                                                           |                                                                    lenet_mnist_cap64_hls_mul_22s_22s_44_1_1_154 |         47 |         47 |       0 |    0 |     0 |      0 |      0 |    0 |          1 |
|       mul_22s_22s_44_1_1_U862                                                                                           |                                                                    lenet_mnist_cap64_hls_mul_22s_22s_44_1_1_155 |         58 |         58 |       0 |    0 |     0 |      0 |      0 |    0 |          1 |
|       mul_22s_22s_44_1_1_U863                                                                                           |                                                                    lenet_mnist_cap64_hls_mul_22s_22s_44_1_1_156 |         59 |         59 |       0 |    0 |     0 |      0 |      0 |    0 |          1 |
|       mul_22s_22s_44_1_1_U864                                                                                           |                                                                    lenet_mnist_cap64_hls_mul_22s_22s_44_1_1_157 |         59 |         59 |       0 |    0 |     0 |      0 |      0 |    0 |          1 |
|       mul_22s_22s_44_1_1_U865                                                                                           |                                                                    lenet_mnist_cap64_hls_mul_22s_22s_44_1_1_158 |         59 |         59 |       0 |    0 |     0 |      0 |      0 |    0 |          1 |
|       mul_22s_22s_44_1_1_U866                                                                                           |                                                                    lenet_mnist_cap64_hls_mul_22s_22s_44_1_1_159 |         59 |         59 |       0 |    0 |     0 |      0 |      0 |    0 |          1 |
|       mul_22s_22s_44_1_1_U867                                                                                           |                                                                    lenet_mnist_cap64_hls_mul_22s_22s_44_1_1_160 |         59 |         59 |       0 |    0 |     0 |      0 |      0 |    0 |          1 |
|       mul_22s_22s_44_1_1_U868                                                                                           |                                                                    lenet_mnist_cap64_hls_mul_22s_22s_44_1_1_161 |         59 |         59 |       0 |    0 |     0 |      0 |      0 |    0 |          1 |
|       mul_22s_22s_44_1_1_U869                                                                                           |                                                                    lenet_mnist_cap64_hls_mul_22s_22s_44_1_1_162 |         59 |         59 |       0 |    0 |     0 |      0 |      0 |    0 |          1 |
|       mul_22s_22s_44_1_1_U870                                                                                           |                                                                    lenet_mnist_cap64_hls_mul_22s_22s_44_1_1_163 |         58 |         58 |       0 |    0 |     0 |      0 |      0 |    0 |          1 |
|       mul_22s_22s_44_1_1_U871                                                                                           |                                                                    lenet_mnist_cap64_hls_mul_22s_22s_44_1_1_164 |         59 |         59 |       0 |    0 |     0 |      0 |      0 |    0 |          1 |
|       mul_22s_22s_44_1_1_U872                                                                                           |                                                                    lenet_mnist_cap64_hls_mul_22s_22s_44_1_1_165 |         58 |         58 |       0 |    0 |     0 |      0 |      0 |    0 |          1 |
|       mul_22s_22s_44_1_1_U873                                                                                           |                                                                    lenet_mnist_cap64_hls_mul_22s_22s_44_1_1_166 |         47 |         47 |       0 |    0 |     0 |      0 |      0 |    0 |          1 |
|       mul_22s_22s_44_1_1_U874                                                                                           |                                                                    lenet_mnist_cap64_hls_mul_22s_22s_44_1_1_167 |         59 |         59 |       0 |    0 |     0 |      0 |      0 |    0 |          1 |
|       mul_22s_22s_44_1_1_U875                                                                                           |                                                                    lenet_mnist_cap64_hls_mul_22s_22s_44_1_1_168 |         59 |         59 |       0 |    0 |     0 |      0 |      0 |    0 |          1 |
|       mul_22s_22s_44_1_1_U876                                                                                           |                                                                    lenet_mnist_cap64_hls_mul_22s_22s_44_1_1_169 |         59 |         59 |       0 |    0 |     0 |      0 |      0 |    0 |          1 |
|       mul_22s_22s_44_1_1_U877                                                                                           |                                                                    lenet_mnist_cap64_hls_mul_22s_22s_44_1_1_170 |         47 |         47 |       0 |    0 |     0 |      0 |      0 |    0 |          1 |
|       mul_22s_22s_44_1_1_U878                                                                                           |                                                                    lenet_mnist_cap64_hls_mul_22s_22s_44_1_1_171 |         59 |         59 |       0 |    0 |     0 |      0 |      0 |    0 |          1 |
|       mul_22s_22s_44_1_1_U879                                                                                           |                                                                    lenet_mnist_cap64_hls_mul_22s_22s_44_1_1_172 |         53 |         53 |       0 |    0 |     0 |      0 |      0 |    0 |          1 |
|       mul_22s_22s_44_1_1_U880                                                                                           |                                                                    lenet_mnist_cap64_hls_mul_22s_22s_44_1_1_173 |         59 |         59 |       0 |    0 |     0 |      0 |      0 |    0 |          1 |
|       mul_22s_22s_44_1_1_U881                                                                                           |                                                                    lenet_mnist_cap64_hls_mul_22s_22s_44_1_1_174 |         53 |         53 |       0 |    0 |     0 |      0 |      0 |    0 |          1 |
|       mul_22s_22s_44_1_1_U882                                                                                           |                                                                    lenet_mnist_cap64_hls_mul_22s_22s_44_1_1_175 |         47 |         47 |       0 |    0 |     0 |      0 |      0 |    0 |          1 |
|       mul_22s_22s_44_1_1_U883                                                                                           |                                                                    lenet_mnist_cap64_hls_mul_22s_22s_44_1_1_176 |         59 |         59 |       0 |    0 |     0 |      0 |      0 |    0 |          1 |
|       mul_22s_22s_44_1_1_U884                                                                                           |                                                                    lenet_mnist_cap64_hls_mul_22s_22s_44_1_1_177 |         48 |         48 |       0 |    0 |     0 |      0 |      0 |    0 |          1 |
|       mul_22s_22s_44_1_1_U885                                                                                           |                                                                    lenet_mnist_cap64_hls_mul_22s_22s_44_1_1_178 |         53 |         53 |       0 |    0 |     0 |      0 |      0 |    0 |          1 |
|       mul_22s_22s_44_1_1_U886                                                                                           |                                                                    lenet_mnist_cap64_hls_mul_22s_22s_44_1_1_179 |         59 |         59 |       0 |    0 |     0 |      0 |      0 |    0 |          1 |
|       mul_22s_22s_44_1_1_U887                                                                                           |                                                                    lenet_mnist_cap64_hls_mul_22s_22s_44_1_1_180 |         53 |         53 |       0 |    0 |     0 |      0 |      0 |    0 |          1 |
|       mul_22s_22s_44_1_1_U888                                                                                           |                                                                    lenet_mnist_cap64_hls_mul_22s_22s_44_1_1_181 |         53 |         53 |       0 |    0 |     0 |      0 |      0 |    0 |          1 |
|       mul_22s_22s_44_1_1_U889                                                                                           |                                                                    lenet_mnist_cap64_hls_mul_22s_22s_44_1_1_182 |         59 |         59 |       0 |    0 |     0 |      0 |      0 |    0 |          1 |
|       mul_22s_22s_44_1_1_U890                                                                                           |                                                                    lenet_mnist_cap64_hls_mul_22s_22s_44_1_1_183 |         59 |         59 |       0 |    0 |     0 |      0 |      0 |    0 |          1 |
|       mul_22s_22s_44_1_1_U891                                                                                           |                                                                    lenet_mnist_cap64_hls_mul_22s_22s_44_1_1_184 |        121 |        121 |       0 |    0 |     0 |      0 |      0 |    0 |          1 |
|       mul_22s_22s_44_1_1_U892                                                                                           |                                                                    lenet_mnist_cap64_hls_mul_22s_22s_44_1_1_185 |         59 |         59 |       0 |    0 |     0 |      0 |      0 |    0 |          1 |
|       mul_22s_22s_44_1_1_U893                                                                                           |                                                                    lenet_mnist_cap64_hls_mul_22s_22s_44_1_1_186 |         59 |         59 |       0 |    0 |     0 |      0 |      0 |    0 |          1 |
|       mul_22s_22s_44_1_1_U894                                                                                           |                                                                    lenet_mnist_cap64_hls_mul_22s_22s_44_1_1_187 |         53 |         53 |       0 |    0 |     0 |      0 |      0 |    0 |          1 |
|       mul_22s_22s_44_1_1_U895                                                                                           |                                                                    lenet_mnist_cap64_hls_mul_22s_22s_44_1_1_188 |         53 |         53 |       0 |    0 |     0 |      0 |      0 |    0 |          1 |
|       mul_22s_22s_44_1_1_U896                                                                                           |                                                                    lenet_mnist_cap64_hls_mul_22s_22s_44_1_1_189 |         59 |         59 |       0 |    0 |     0 |      0 |      0 |    0 |          1 |
|       mul_22s_22s_44_1_1_U897                                                                                           |                                                                    lenet_mnist_cap64_hls_mul_22s_22s_44_1_1_190 |         59 |         59 |       0 |    0 |     0 |      0 |      0 |    0 |          1 |
|       mul_22s_22s_44_1_1_U898                                                                                           |                                                                    lenet_mnist_cap64_hls_mul_22s_22s_44_1_1_191 |         48 |         48 |       0 |    0 |     0 |      0 |      0 |    0 |          1 |
|       mul_22s_22s_44_1_1_U899                                                                                           |                                                                    lenet_mnist_cap64_hls_mul_22s_22s_44_1_1_192 |        192 |        192 |       0 |    0 |     0 |      0 |      0 |    0 |          1 |
|       mul_22s_22s_44_1_1_U900                                                                                           |                                                                    lenet_mnist_cap64_hls_mul_22s_22s_44_1_1_193 |        192 |        192 |       0 |    0 |     0 |      0 |      0 |    0 |          1 |
|       mul_22s_22s_44_1_1_U901                                                                                           |                                                                    lenet_mnist_cap64_hls_mul_22s_22s_44_1_1_194 |        209 |        209 |       0 |    0 |     0 |      0 |      0 |    0 |          1 |
|       mul_22s_22s_44_1_1_U902                                                                                           |                                                                    lenet_mnist_cap64_hls_mul_22s_22s_44_1_1_195 |        192 |        192 |       0 |    0 |     0 |      0 |      0 |    0 |          1 |
|       mul_22s_22s_44_1_1_U903                                                                                           |                                                                    lenet_mnist_cap64_hls_mul_22s_22s_44_1_1_196 |        192 |        192 |       0 |    0 |     0 |      0 |      0 |    0 |          1 |
|       mul_22s_22s_44_1_1_U904                                                                                           |                                                                    lenet_mnist_cap64_hls_mul_22s_22s_44_1_1_197 |        192 |        192 |       0 |    0 |     0 |      0 |      0 |    0 |          1 |
|       mul_22s_22s_44_1_1_U905                                                                                           |                                                                    lenet_mnist_cap64_hls_mul_22s_22s_44_1_1_198 |        191 |        191 |       0 |    0 |     0 |      0 |      0 |    0 |          1 |
|       mul_22s_22s_44_1_1_U906                                                                                           |                                                                    lenet_mnist_cap64_hls_mul_22s_22s_44_1_1_199 |        192 |        192 |       0 |    0 |     0 |      0 |      0 |    0 |          1 |
|       mul_22s_22s_44_1_1_U907                                                                                           |                                                                    lenet_mnist_cap64_hls_mul_22s_22s_44_1_1_200 |        192 |        192 |       0 |    0 |     0 |      0 |      0 |    0 |          1 |
|       mul_22s_22s_44_1_1_U908                                                                                           |                                                                    lenet_mnist_cap64_hls_mul_22s_22s_44_1_1_201 |        209 |        209 |       0 |    0 |     0 |      0 |      0 |    0 |          1 |
|       mul_22s_22s_44_1_1_U909                                                                                           |                                                                    lenet_mnist_cap64_hls_mul_22s_22s_44_1_1_202 |        192 |        192 |       0 |    0 |     0 |      0 |      0 |    0 |          1 |
|       mul_22s_22s_44_1_1_U910                                                                                           |                                                                    lenet_mnist_cap64_hls_mul_22s_22s_44_1_1_203 |        192 |        192 |       0 |    0 |     0 |      0 |      0 |    0 |          1 |
|       mul_22s_22s_44_1_1_U911                                                                                           |                                                                    lenet_mnist_cap64_hls_mul_22s_22s_44_1_1_204 |        191 |        191 |       0 |    0 |     0 |      0 |      0 |    0 |          1 |
|       mul_22s_22s_44_1_1_U912                                                                                           |                                                                    lenet_mnist_cap64_hls_mul_22s_22s_44_1_1_205 |        209 |        209 |       0 |    0 |     0 |      0 |      0 |    0 |          1 |
|       mul_22s_22s_44_1_1_U913                                                                                           |                                                                    lenet_mnist_cap64_hls_mul_22s_22s_44_1_1_206 |        192 |        192 |       0 |    0 |     0 |      0 |      0 |    0 |          1 |
|       mul_22s_22s_44_1_1_U914                                                                                           |                                                                    lenet_mnist_cap64_hls_mul_22s_22s_44_1_1_207 |        193 |        193 |       0 |    0 |     0 |      0 |      0 |    0 |          1 |
|       mul_22s_22s_44_1_1_U915                                                                                           |                                                                    lenet_mnist_cap64_hls_mul_22s_22s_44_1_1_208 |        192 |        192 |       0 |    0 |     0 |      0 |      0 |    0 |          1 |
|       mul_22s_22s_44_1_1_U916                                                                                           |                                                                    lenet_mnist_cap64_hls_mul_22s_22s_44_1_1_209 |        193 |        193 |       0 |    0 |     0 |      0 |      0 |    0 |          1 |
|       mul_22s_22s_44_1_1_U917                                                                                           |                                                                    lenet_mnist_cap64_hls_mul_22s_22s_44_1_1_210 |        192 |        192 |       0 |    0 |     0 |      0 |      0 |    0 |          1 |
|       mul_22s_22s_44_1_1_U918                                                                                           |                                                                    lenet_mnist_cap64_hls_mul_22s_22s_44_1_1_211 |        192 |        192 |       0 |    0 |     0 |      0 |      0 |    0 |          1 |
|       mul_22s_22s_44_1_1_U919                                                                                           |                                                                    lenet_mnist_cap64_hls_mul_22s_22s_44_1_1_212 |        192 |        192 |       0 |    0 |     0 |      0 |      0 |    0 |          1 |
|       mul_22s_22s_44_1_1_U920                                                                                           |                                                                    lenet_mnist_cap64_hls_mul_22s_22s_44_1_1_213 |        192 |        192 |       0 |    0 |     0 |      0 |      0 |    0 |          1 |
|       mul_22s_22s_44_1_1_U921                                                                                           |                                                                    lenet_mnist_cap64_hls_mul_22s_22s_44_1_1_214 |        209 |        209 |       0 |    0 |     0 |      0 |      0 |    0 |          1 |
|       mul_22s_22s_44_1_1_U922                                                                                           |                                                                    lenet_mnist_cap64_hls_mul_22s_22s_44_1_1_215 |        192 |        192 |       0 |    0 |     0 |      0 |      0 |    0 |          1 |
|       mul_22s_22s_44_1_1_U923                                                                                           |                                                                    lenet_mnist_cap64_hls_mul_22s_22s_44_1_1_216 |        192 |        192 |       0 |    0 |     0 |      0 |      0 |    0 |          1 |
|       mul_22s_22s_44_1_1_U924                                                                                           |                                                                    lenet_mnist_cap64_hls_mul_22s_22s_44_1_1_217 |        209 |        209 |       0 |    0 |     0 |      0 |      0 |    0 |          1 |
|       mul_22s_22s_44_1_1_U925                                                                                           |                                                                    lenet_mnist_cap64_hls_mul_22s_22s_44_1_1_218 |        196 |        196 |       0 |    0 |     0 |      0 |      0 |    0 |          1 |
|       mul_22s_22s_44_1_1_U926                                                                                           |                                                                    lenet_mnist_cap64_hls_mul_22s_22s_44_1_1_219 |        192 |        192 |       0 |    0 |     0 |      0 |      0 |    0 |          1 |
|       mul_22s_22s_44_1_1_U927                                                                                           |                                                                    lenet_mnist_cap64_hls_mul_22s_22s_44_1_1_220 |        197 |        197 |       0 |    0 |     0 |      0 |      0 |    0 |          1 |
|       mul_22s_22s_44_1_1_U928                                                                                           |                                                                    lenet_mnist_cap64_hls_mul_22s_22s_44_1_1_221 |        192 |        192 |       0 |    0 |     0 |      0 |      0 |    0 |          1 |
|       mul_22s_22s_44_1_1_U929                                                                                           |                                                                    lenet_mnist_cap64_hls_mul_22s_22s_44_1_1_222 |        197 |        197 |       0 |    0 |     0 |      0 |      0 |    0 |          1 |
|       mul_22s_22s_44_1_1_U930                                                                                           |                                                                    lenet_mnist_cap64_hls_mul_22s_22s_44_1_1_223 |        193 |        193 |       0 |    0 |     0 |      0 |      0 |    0 |          1 |
|       mul_22s_22s_44_1_1_U931                                                                                           |                                                                    lenet_mnist_cap64_hls_mul_22s_22s_44_1_1_224 |        193 |        193 |       0 |    0 |     0 |      0 |      0 |    0 |          1 |
|       mul_22s_22s_44_1_1_U932                                                                                           |                                                                    lenet_mnist_cap64_hls_mul_22s_22s_44_1_1_225 |        193 |        193 |       0 |    0 |     0 |      0 |      0 |    0 |          1 |
|       mul_22s_22s_44_1_1_U933                                                                                           |                                                                    lenet_mnist_cap64_hls_mul_22s_22s_44_1_1_226 |        192 |        192 |       0 |    0 |     0 |      0 |      0 |    0 |          1 |
|       mul_22s_22s_44_1_1_U934                                                                                           |                                                                    lenet_mnist_cap64_hls_mul_22s_22s_44_1_1_227 |        192 |        192 |       0 |    0 |     0 |      0 |      0 |    0 |          1 |
|       mul_22s_22s_44_1_1_U935                                                                                           |                                                                    lenet_mnist_cap64_hls_mul_22s_22s_44_1_1_228 |        194 |        194 |       0 |    0 |     0 |      0 |      0 |    0 |          1 |
|       mul_22s_22s_44_1_1_U936                                                                                           |                                                                    lenet_mnist_cap64_hls_mul_22s_22s_44_1_1_229 |        192 |        192 |       0 |    0 |     0 |      0 |      0 |    0 |          1 |
|       mul_22s_22s_44_1_1_U937                                                                                           |                                                                    lenet_mnist_cap64_hls_mul_22s_22s_44_1_1_230 |        192 |        192 |       0 |    0 |     0 |      0 |      0 |    0 |          1 |
|       mul_22s_22s_44_1_1_U938                                                                                           |                                                                    lenet_mnist_cap64_hls_mul_22s_22s_44_1_1_231 |        194 |        194 |       0 |    0 |     0 |      0 |      0 |    0 |          1 |
|       mul_22s_22s_44_1_1_U939                                                                                           |                                                                    lenet_mnist_cap64_hls_mul_22s_22s_44_1_1_232 |        192 |        192 |       0 |    0 |     0 |      0 |      0 |    0 |          1 |
|       mul_22s_22s_44_1_1_U940                                                                                           |                                                                    lenet_mnist_cap64_hls_mul_22s_22s_44_1_1_233 |        192 |        192 |       0 |    0 |     0 |      0 |      0 |    0 |          1 |
|       mul_22s_22s_44_1_1_U941                                                                                           |                                                                    lenet_mnist_cap64_hls_mul_22s_22s_44_1_1_234 |        192 |        192 |       0 |    0 |     0 |      0 |      0 |    0 |          1 |
|       mul_22s_22s_44_1_1_U942                                                                                           |                                                                    lenet_mnist_cap64_hls_mul_22s_22s_44_1_1_235 |        194 |        194 |       0 |    0 |     0 |      0 |      0 |    0 |          1 |
|       mul_22s_22s_44_1_1_U943                                                                                           |                                                                    lenet_mnist_cap64_hls_mul_22s_22s_44_1_1_236 |        196 |        196 |       0 |    0 |     0 |      0 |      0 |    0 |          1 |
|       mul_22s_22s_44_1_1_U944                                                                                           |                                                                    lenet_mnist_cap64_hls_mul_22s_22s_44_1_1_237 |        192 |        192 |       0 |    0 |     0 |      0 |      0 |    0 |          1 |
|       mul_22s_22s_44_1_1_U945                                                                                           |                                                                    lenet_mnist_cap64_hls_mul_22s_22s_44_1_1_238 |        192 |        192 |       0 |    0 |     0 |      0 |      0 |    0 |          1 |
|       mul_22s_22s_44_1_1_U946                                                                                           |                                                                    lenet_mnist_cap64_hls_mul_22s_22s_44_1_1_239 |        194 |        194 |       0 |    0 |     0 |      0 |      0 |    0 |          1 |
|       mul_22s_22s_44_1_1_U947                                                                                           |                                                                    lenet_mnist_cap64_hls_mul_22s_22s_44_1_1_240 |        193 |        193 |       0 |    0 |     0 |      0 |      0 |    0 |          1 |
|       mul_22s_22s_44_1_1_U948                                                                                           |                                                                    lenet_mnist_cap64_hls_mul_22s_22s_44_1_1_241 |        194 |        194 |       0 |    0 |     0 |      0 |      0 |    0 |          1 |
|       mul_22s_22s_44_1_1_U949                                                                                           |                                                                    lenet_mnist_cap64_hls_mul_22s_22s_44_1_1_242 |        194 |        194 |       0 |    0 |     0 |      0 |      0 |    0 |          1 |
|       mul_22s_22s_44_1_1_U950                                                                                           |                                                                    lenet_mnist_cap64_hls_mul_22s_22s_44_1_1_243 |        192 |        192 |       0 |    0 |     0 |      0 |      0 |    0 |          1 |
|       mul_22s_22s_44_1_1_U951                                                                                           |                                                                    lenet_mnist_cap64_hls_mul_22s_22s_44_1_1_244 |        193 |        193 |       0 |    0 |     0 |      0 |      0 |    0 |          1 |
|       mul_22s_22s_44_1_1_U952                                                                                           |                                                                    lenet_mnist_cap64_hls_mul_22s_22s_44_1_1_245 |        192 |        192 |       0 |    0 |     0 |      0 |      0 |    0 |          1 |
|       mul_22s_22s_44_1_1_U953                                                                                           |                                                                    lenet_mnist_cap64_hls_mul_22s_22s_44_1_1_246 |        192 |        192 |       0 |    0 |     0 |      0 |      0 |    0 |          1 |
|       mul_22s_22s_44_1_1_U954                                                                                           |                                                                    lenet_mnist_cap64_hls_mul_22s_22s_44_1_1_247 |        197 |        197 |       0 |    0 |     0 |      0 |      0 |    0 |          1 |
|       mul_22s_22s_44_1_1_U955                                                                                           |                                                                    lenet_mnist_cap64_hls_mul_22s_22s_44_1_1_248 |        192 |        192 |       0 |    0 |     0 |      0 |      0 |    0 |          1 |
|       mul_22s_22s_44_1_1_U956                                                                                           |                                                                    lenet_mnist_cap64_hls_mul_22s_22s_44_1_1_249 |        192 |        192 |       0 |    0 |     0 |      0 |      0 |    0 |          1 |
|       mul_22s_22s_44_1_1_U957                                                                                           |                                                                    lenet_mnist_cap64_hls_mul_22s_22s_44_1_1_250 |        192 |        192 |       0 |    0 |     0 |      0 |      0 |    0 |          1 |
|       mul_22s_22s_44_1_1_U958                                                                                           |                                                                    lenet_mnist_cap64_hls_mul_22s_22s_44_1_1_251 |        192 |        192 |       0 |    0 |     0 |      0 |      0 |    0 |          1 |
|       mul_22s_22s_44_1_1_U959                                                                                           |                                                                    lenet_mnist_cap64_hls_mul_22s_22s_44_1_1_252 |        191 |        191 |       0 |    0 |     0 |      0 |      0 |    0 |          1 |
|       mul_22s_22s_44_1_1_U960                                                                                           |                                                                    lenet_mnist_cap64_hls_mul_22s_22s_44_1_1_253 |        192 |        192 |       0 |    0 |     0 |      0 |      0 |    0 |          1 |
|       mul_22s_22s_44_1_1_U961                                                                                           |                                                                    lenet_mnist_cap64_hls_mul_22s_22s_44_1_1_254 |        197 |        197 |       0 |    0 |     0 |      0 |      0 |    0 |          1 |
|       mul_22s_22s_44_1_1_U962                                                                                           |                                                                    lenet_mnist_cap64_hls_mul_22s_22s_44_1_1_255 |        192 |        192 |       0 |    0 |     0 |      0 |      0 |    0 |          1 |
|       mul_22s_22s_44_1_1_U963                                                                                           |                                                                    lenet_mnist_cap64_hls_mul_22s_22s_44_1_1_256 |        192 |        192 |       0 |    0 |     0 |      0 |      0 |    0 |          1 |
|       mul_22s_22s_44_1_1_U964                                                                                           |                                                                    lenet_mnist_cap64_hls_mul_22s_22s_44_1_1_257 |        192 |        192 |       0 |    0 |     0 |      0 |      0 |    0 |          1 |
|       mul_22s_22s_44_1_1_U965                                                                                           |                                                                    lenet_mnist_cap64_hls_mul_22s_22s_44_1_1_258 |        192 |        192 |       0 |    0 |     0 |      0 |      0 |    0 |          1 |
|       mul_22s_22s_44_1_1_U966                                                                                           |                                                                    lenet_mnist_cap64_hls_mul_22s_22s_44_1_1_259 |        192 |        192 |       0 |    0 |     0 |      0 |      0 |    0 |          1 |
|       mul_22s_22s_44_1_1_U967                                                                                           |                                                                    lenet_mnist_cap64_hls_mul_22s_22s_44_1_1_260 |        197 |        197 |       0 |    0 |     0 |      0 |      0 |    0 |          1 |
|       mul_22s_22s_44_1_1_U968                                                                                           |                                                                    lenet_mnist_cap64_hls_mul_22s_22s_44_1_1_261 |        192 |        192 |       0 |    0 |     0 |      0 |      0 |    0 |          1 |
|       mul_22s_22s_44_1_1_U969                                                                                           |                                                                    lenet_mnist_cap64_hls_mul_22s_22s_44_1_1_262 |        197 |        197 |       0 |    0 |     0 |      0 |      0 |    0 |          1 |
|       mul_22s_22s_44_1_1_U970                                                                                           |                                                                    lenet_mnist_cap64_hls_mul_22s_22s_44_1_1_263 |        192 |        192 |       0 |    0 |     0 |      0 |      0 |    0 |          1 |
|       mul_22s_22s_44_1_1_U971                                                                                           |                                                                    lenet_mnist_cap64_hls_mul_22s_22s_44_1_1_264 |        192 |        192 |       0 |    0 |     0 |      0 |      0 |    0 |          1 |
|       mul_22s_22s_44_1_1_U972                                                                                           |                                                                    lenet_mnist_cap64_hls_mul_22s_22s_44_1_1_265 |        192 |        192 |       0 |    0 |     0 |      0 |      0 |    0 |          1 |
|       mul_22s_22s_44_1_1_U973                                                                                           |                                                                    lenet_mnist_cap64_hls_mul_22s_22s_44_1_1_266 |        192 |        192 |       0 |    0 |     0 |      0 |      0 |    0 |          1 |
|       mul_22s_22s_44_1_1_U974                                                                                           |                                                                    lenet_mnist_cap64_hls_mul_22s_22s_44_1_1_267 |        193 |        193 |       0 |    0 |     0 |      0 |      0 |    0 |          1 |
|       mul_22s_22s_44_1_1_U975                                                                                           |                                                                    lenet_mnist_cap64_hls_mul_22s_22s_44_1_1_268 |        192 |        192 |       0 |    0 |     0 |      0 |      0 |    0 |          1 |
|       mul_22s_22s_44_1_1_U976                                                                                           |                                                                    lenet_mnist_cap64_hls_mul_22s_22s_44_1_1_269 |        192 |        192 |       0 |    0 |     0 |      0 |      0 |    0 |          1 |
|       mul_22s_22s_44_1_1_U977                                                                                           |                                                                    lenet_mnist_cap64_hls_mul_22s_22s_44_1_1_270 |        194 |        194 |       0 |    0 |     0 |      0 |      0 |    0 |          1 |
|       mul_22s_22s_44_1_1_U978                                                                                           |                                                                    lenet_mnist_cap64_hls_mul_22s_22s_44_1_1_271 |        192 |        192 |       0 |    0 |     0 |      0 |      0 |    0 |          1 |
|       mul_22s_22s_44_1_1_U979                                                                                           |                                                                    lenet_mnist_cap64_hls_mul_22s_22s_44_1_1_272 |        192 |        192 |       0 |    0 |     0 |      0 |      0 |    0 |          1 |
|       mul_22s_22s_44_1_1_U980                                                                                           |                                                                    lenet_mnist_cap64_hls_mul_22s_22s_44_1_1_273 |        192 |        192 |       0 |    0 |     0 |      0 |      0 |    0 |          1 |
|       mul_22s_22s_44_1_1_U981                                                                                           |                                                                    lenet_mnist_cap64_hls_mul_22s_22s_44_1_1_274 |        197 |        197 |       0 |    0 |     0 |      0 |      0 |    0 |          1 |
|       mul_22s_22s_44_1_1_U982                                                                                           |                                                                    lenet_mnist_cap64_hls_mul_22s_22s_44_1_1_275 |        192 |        192 |       0 |    0 |     0 |      0 |      0 |    0 |          1 |
|       mul_22s_22s_44_1_1_U983                                                                                           |                                                                    lenet_mnist_cap64_hls_mul_22s_22s_44_1_1_276 |        192 |        192 |       0 |    0 |     0 |      0 |      0 |    0 |          1 |
|       mul_22s_22s_44_1_1_U984                                                                                           |                                                                    lenet_mnist_cap64_hls_mul_22s_22s_44_1_1_277 |        192 |        192 |       0 |    0 |     0 |      0 |      0 |    0 |          1 |
|       mul_22s_22s_44_1_1_U985                                                                                           |                                                                    lenet_mnist_cap64_hls_mul_22s_22s_44_1_1_278 |        192 |        192 |       0 |    0 |     0 |      0 |      0 |    0 |          1 |
|       mul_22s_22s_44_1_1_U986                                                                                           |                                                                    lenet_mnist_cap64_hls_mul_22s_22s_44_1_1_279 |        192 |        192 |       0 |    0 |     0 |      0 |      0 |    0 |          1 |
|       mul_22s_22s_44_1_1_U987                                                                                           |                                                                    lenet_mnist_cap64_hls_mul_22s_22s_44_1_1_280 |        192 |        192 |       0 |    0 |     0 |      0 |      0 |    0 |          1 |
|       mul_22s_22s_44_1_1_U988                                                                                           |                                                                    lenet_mnist_cap64_hls_mul_22s_22s_44_1_1_281 |        192 |        192 |       0 |    0 |     0 |      0 |      0 |    0 |          1 |
|       mul_22s_22s_44_1_1_U989                                                                                           |                                                                    lenet_mnist_cap64_hls_mul_22s_22s_44_1_1_282 |        192 |        192 |       0 |    0 |     0 |      0 |      0 |    0 |          1 |
|       mul_22s_22s_44_1_1_U990                                                                                           |                                                                    lenet_mnist_cap64_hls_mul_22s_22s_44_1_1_283 |        191 |        191 |       0 |    0 |     0 |      0 |      0 |    0 |          1 |
|       mul_22s_22s_44_1_1_U991                                                                                           |                                                                    lenet_mnist_cap64_hls_mul_22s_22s_44_1_1_284 |        193 |        193 |       0 |    0 |     0 |      0 |      0 |    0 |          1 |
|       mul_22s_22s_44_1_1_U992                                                                                           |                                                                    lenet_mnist_cap64_hls_mul_22s_22s_44_1_1_285 |        192 |        192 |       0 |    0 |     0 |      0 |      0 |    0 |          1 |
|       mul_22s_22s_44_1_1_U993                                                                                           |                                                                    lenet_mnist_cap64_hls_mul_22s_22s_44_1_1_286 |        197 |        197 |       0 |    0 |     0 |      0 |      0 |    0 |          1 |
|       mul_22s_22s_44_1_1_U994                                                                                           |                                                                    lenet_mnist_cap64_hls_mul_22s_22s_44_1_1_287 |        192 |        192 |       0 |    0 |     0 |      0 |      0 |    0 |          1 |
|       mul_22s_22s_44_1_1_U995                                                                                           |                                                                    lenet_mnist_cap64_hls_mul_22s_22s_44_1_1_288 |        193 |        193 |       0 |    0 |     0 |      0 |      0 |    0 |          1 |
|       mul_22s_22s_44_1_1_U996                                                                                           |                                                                    lenet_mnist_cap64_hls_mul_22s_22s_44_1_1_289 |        192 |        192 |       0 |    0 |     0 |      0 |      0 |    0 |          1 |
|       mul_22s_22s_44_1_1_U997                                                                                           |                                                                    lenet_mnist_cap64_hls_mul_22s_22s_44_1_1_290 |        197 |        197 |       0 |    0 |     0 |      0 |      0 |    0 |          1 |
|       mul_22s_22s_44_1_1_U998                                                                                           |                                                                    lenet_mnist_cap64_hls_mul_22s_22s_44_1_1_291 |        192 |        192 |       0 |    0 |     0 |      0 |      0 |    0 |          1 |
|       mul_22s_22s_44_1_1_U999                                                                                           |                                                                    lenet_mnist_cap64_hls_mul_22s_22s_44_1_1_292 |        192 |        192 |       0 |    0 |     0 |      0 |      0 |    0 |          1 |
|       mul_22s_9s_31_1_1_U1020                                                                                           |                                                                         lenet_mnist_cap64_hls_mul_22s_9s_31_1_1 |        101 |        101 |       0 |    0 |     0 |      0 |      0 |    0 |          1 |
|       w9_U                                                                                                              |          lenet_mnist_cap64_hls_dense_resource_rf_leq_nin_ap_fixed_ap_fixed_22_12_4_0_0_config9_s_w9_ROM_NP_B2iS |       5715 |       5715 |       0 |    0 |     0 |     31 |      1 |    0 |          0 |
|   dense_array_ap_fixed_84u_array_ap_fixed_22_12_4_0_0_10u_config13_U0                                                   |                        lenet_mnist_cap64_hls_dense_array_ap_fixed_84u_array_ap_fixed_22_12_4_0_0_10u_config13_s |       3339 |       3339 |       0 |    0 |  6417 |      0 |      2 |    0 |          5 |
|     (dense_array_ap_fixed_84u_array_ap_fixed_22_12_4_0_0_10u_config13_U0)                                               |                        lenet_mnist_cap64_hls_dense_array_ap_fixed_84u_array_ap_fixed_22_12_4_0_0_10u_config13_s |          1 |          1 |       0 |    0 |  1768 |      0 |      0 |    0 |          0 |
|     grp_dense_resource_rf_gt_nin_rem0_ap_fixed_ap_fixed_22_12_4_0_0_config13_s_fu_381                                   |                    lenet_mnist_cap64_hls_dense_resource_rf_gt_nin_rem0_ap_fixed_ap_fixed_22_12_4_0_0_config13_s |       3218 |       3218 |       0 |    0 |  4204 |      0 |      2 |    0 |          5 |
|       (grp_dense_resource_rf_gt_nin_rem0_ap_fixed_ap_fixed_22_12_4_0_0_config13_s_fu_381)                               |                    lenet_mnist_cap64_hls_dense_resource_rf_gt_nin_rem0_ap_fixed_ap_fixed_22_12_4_0_0_config13_s |       1722 |       1722 |       0 |    0 |  4203 |      0 |      0 |    0 |          0 |
|       mul_22s_10s_32_1_1_U1500                                                                                          |                                                                        lenet_mnist_cap64_hls_mul_22s_10s_32_1_1 |         14 |         14 |       0 |    0 |     0 |      0 |      0 |    0 |          1 |
|       mul_22s_22s_44_1_1_U1495                                                                                          |                                                                        lenet_mnist_cap64_hls_mul_22s_22s_44_1_1 |         51 |         51 |       0 |    0 |     0 |      0 |      0 |    0 |          1 |
|       mul_22s_22s_44_1_1_U1496                                                                                          |                                                                     lenet_mnist_cap64_hls_mul_22s_22s_44_1_1_51 |         51 |         51 |       0 |    0 |     0 |      0 |      0 |    0 |          1 |
|       mul_22s_22s_44_1_1_U1497                                                                                          |                                                                     lenet_mnist_cap64_hls_mul_22s_22s_44_1_1_52 |         51 |         51 |       0 |    0 |     0 |      0 |      0 |    0 |          1 |
|       mul_22s_22s_44_1_1_U1498                                                                                          |                                                                     lenet_mnist_cap64_hls_mul_22s_22s_44_1_1_53 |       1192 |       1192 |       0 |    0 |     0 |      0 |      0 |    0 |          1 |
|       outidx_80_U                                                                                                       |          lenet_mnist_cap64_hls_dense_resource_rf_gt_nin_rem0_ap_fixed_ap_fixed_22_12_4_0_0_config13_s_outidx4jc |          0 |          0 |       0 |    0 |     1 |      0 |      0 |    0 |          0 |
|       w13_U                                                                                                             |          lenet_mnist_cap64_hls_dense_resource_rf_gt_nin_rem0_ap_fixed_ap_fixed_22_12_4_0_0_config13_s_w13_RO5jm |        141 |        141 |       0 |    0 |     0 |      0 |      2 |    0 |          0 |
|     regslice_both_layer13_out_U                                                                                         |                                                             lenet_mnist_cap64_hls_regslice_both__parameterized0 |        120 |        120 |       0 |    0 |   445 |      0 |      0 |    0 |          0 |
|   layer10_out_U                                                                                                         |                                                                           lenet_mnist_cap64_hls_fifo_w2640_d1_S |          3 |          3 |       0 |    0 |  2524 |      0 |      0 |    0 |          0 |
|     (layer10_out_U)                                                                                                     |                                                                           lenet_mnist_cap64_hls_fifo_w2640_d1_S |          3 |          3 |       0 |    0 |     4 |      0 |      0 |    0 |          0 |
|     U_lenet_mnist_cap64_hls_fifo_w2640_d1_S_ShiftReg                                                                    |                                                               lenet_mnist_cap64_hls_fifo_w2640_d1_S_ShiftReg_50 |          0 |          0 |       0 |    0 |  2520 |      0 |      0 |    0 |          0 |
|   layer11_out_U                                                                                                         |                                                                           lenet_mnist_cap64_hls_fifo_w1848_d1_S |        931 |        931 |       0 |    0 |  1852 |      0 |      0 |    0 |          0 |
|     (layer11_out_U)                                                                                                     |                                                                           lenet_mnist_cap64_hls_fifo_w1848_d1_S |          5 |          5 |       0 |    0 |     4 |      0 |      0 |    0 |          0 |
|     U_lenet_mnist_cap64_hls_fifo_w1848_d1_S_ShiftReg                                                                    |                                                               lenet_mnist_cap64_hls_fifo_w1848_d1_S_ShiftReg_49 |        926 |        926 |       0 |    0 |  1848 |      0 |      0 |    0 |          0 |
|   layer12_out_U                                                                                                         |                                                                         lenet_mnist_cap64_hls_fifo_w1848_d1_S_0 |          3 |          3 |       0 |    0 |  1768 |      0 |      0 |    0 |          0 |
|     (layer12_out_U)                                                                                                     |                                                                         lenet_mnist_cap64_hls_fifo_w1848_d1_S_0 |          3 |          3 |       0 |    0 |     4 |      0 |      0 |    0 |          0 |
|     U_lenet_mnist_cap64_hls_fifo_w1848_d1_S_ShiftReg                                                                    |                                                                  lenet_mnist_cap64_hls_fifo_w1848_d1_S_ShiftReg |          0 |          0 |       0 |    0 |  1764 |      0 |      0 |    0 |          0 |
|   layer2_out_U                                                                                                          |                                                                          lenet_mnist_cap64_hls_fifo_w132_d576_A |        186 |        186 |       0 |    0 |    45 |      4 |      0 |    0 |          0 |
|     (layer2_out_U)                                                                                                      |                                                                          lenet_mnist_cap64_hls_fifo_w132_d576_A |         53 |         53 |       0 |    0 |    45 |      0 |      0 |    0 |          0 |
|     U_lenet_mnist_cap64_hls_fifo_w132_d576_A_ram                                                                        |                                                                   lenet_mnist_cap64_hls_fifo_w132_d576_A_ram_48 |        133 |        133 |       0 |    0 |     0 |      4 |      0 |    0 |          0 |
|   layer3_out_U                                                                                                          |                                                                        lenet_mnist_cap64_hls_fifo_w132_d576_A_1 |         58 |         58 |       0 |    0 |    45 |      3 |      1 |    0 |          0 |
|     (layer3_out_U)                                                                                                      |                                                                        lenet_mnist_cap64_hls_fifo_w132_d576_A_1 |         56 |         56 |       0 |    0 |    45 |      0 |      0 |    0 |          0 |
|     U_lenet_mnist_cap64_hls_fifo_w132_d576_A_ram                                                                        |                                                                      lenet_mnist_cap64_hls_fifo_w132_d576_A_ram |          2 |          2 |       0 |    0 |     0 |      3 |      1 |    0 |          0 |
|   layer4_out_U                                                                                                          |                                                                          lenet_mnist_cap64_hls_fifo_w132_d144_A |         42 |         42 |       0 |    0 |    37 |      2 |      0 |    0 |          0 |
|     (layer4_out_U)                                                                                                      |                                                                          lenet_mnist_cap64_hls_fifo_w132_d144_A |         41 |         41 |       0 |    0 |    37 |      0 |      0 |    0 |          0 |
|     U_lenet_mnist_cap64_hls_fifo_w132_d144_A_ram                                                                        |                                                                      lenet_mnist_cap64_hls_fifo_w132_d144_A_ram |          1 |          1 |       0 |    0 |     0 |      2 |      0 |    0 |          0 |
|   layer5_out_U                                                                                                          |                                                                           lenet_mnist_cap64_hls_fifo_w352_d64_A |        390 |        390 |       0 |    0 |    29 |      5 |      0 |    0 |          0 |
|     (layer5_out_U)                                                                                                      |                                                                           lenet_mnist_cap64_hls_fifo_w352_d64_A |         36 |         36 |       0 |    0 |    29 |      0 |      0 |    0 |          0 |
|     U_lenet_mnist_cap64_hls_fifo_w352_d64_A_ram                                                                         |                                                                    lenet_mnist_cap64_hls_fifo_w352_d64_A_ram_47 |        354 |        354 |       0 |    0 |     0 |      5 |      0 |    0 |          0 |
|   layer6_out_U                                                                                                          |                                                                         lenet_mnist_cap64_hls_fifo_w352_d64_A_2 |         37 |         37 |       0 |    0 |    29 |      5 |      0 |    0 |          0 |
|     (layer6_out_U)                                                                                                      |                                                                         lenet_mnist_cap64_hls_fifo_w352_d64_A_2 |         36 |         36 |       0 |    0 |    29 |      0 |      0 |    0 |          0 |
|     U_lenet_mnist_cap64_hls_fifo_w352_d64_A_ram                                                                         |                                                                       lenet_mnist_cap64_hls_fifo_w352_d64_A_ram |          1 |          1 |       0 |    0 |     0 |      5 |      0 |    0 |          0 |
|   layer7_out_U                                                                                                          |                                                                           lenet_mnist_cap64_hls_fifo_w352_d16_A |        222 |         18 |     204 |    0 |   373 |      0 |      0 |    0 |          0 |
|     (layer7_out_U)                                                                                                      |                                                                           lenet_mnist_cap64_hls_fifo_w352_d16_A |         17 |         17 |       0 |    0 |    21 |      0 |      0 |    0 |          0 |
|     U_lenet_mnist_cap64_hls_fifo_w352_d16_A_ram                                                                         |                                                                       lenet_mnist_cap64_hls_fifo_w352_d16_A_ram |        205 |          1 |     204 |    0 |   352 |      0 |      0 |    0 |          0 |
|   layer9_out_U                                                                                                          |                                                                         lenet_mnist_cap64_hls_fifo_w2640_d1_S_3 |       1325 |       1325 |       0 |    0 |  2644 |      0 |      0 |    0 |          0 |
|     (layer9_out_U)                                                                                                      |                                                                         lenet_mnist_cap64_hls_fifo_w2640_d1_S_3 |          5 |          5 |       0 |    0 |     4 |      0 |      0 |    0 |          0 |
|     U_lenet_mnist_cap64_hls_fifo_w2640_d1_S_ShiftReg                                                                    |                                                                  lenet_mnist_cap64_hls_fifo_w2640_d1_S_ShiftReg |       1320 |       1320 |       0 |    0 |  2640 |      0 |      0 |    0 |          0 |
|   pooling2d_cl_array_ap_fixed_6u_array_ap_fixed_22_12_4_0_0_6u_config4_U0                                               |                    lenet_mnist_cap64_hls_pooling2d_cl_array_ap_fixed_6u_array_ap_fixed_22_12_4_0_0_6u_config4_s |        748 |        622 |       0 |  126 |   686 |      0 |      0 |    0 |          0 |
|     (pooling2d_cl_array_ap_fixed_6u_array_ap_fixed_22_12_4_0_0_6u_config4_U0)                                           |                    lenet_mnist_cap64_hls_pooling2d_cl_array_ap_fixed_6u_array_ap_fixed_22_12_4_0_0_6u_config4_s |        607 |        607 |       0 |    0 |   685 |      0 |      0 |    0 |          0 |
|     call_ln52_shift_line_buffer_array_ap_fixed_22_12_4_0_0_6u_config4_s_fu_162                                          |                                 lenet_mnist_cap64_hls_shift_line_buffer_array_ap_fixed_22_12_4_0_0_6u_config4_s |        127 |          1 |       0 |  126 |     0 |      0 |      0 |    0 |          0 |
|       void_pooling2d_cl_stream_stream_array_ap_fixed_6u_0_line_buffer_1_U                                               |          lenet_mnist_cap64_hls_shift_line_buffer_array_ap_fixed_22_12_4_0_0_6u_config4_s_void_pooling2d_cl_shbi |         21 |          0 |       0 |   21 |     0 |      0 |      0 |    0 |          0 |
|         lenet_mnist_cap64_hls_shift_line_buffer_array_ap_fixed_22_12_4_0_0_6u_config4_s_void_pooling2d_cl_shbi_core_U   |  lenet_mnist_cap64_hls_shift_line_buffer_array_ap_fixed_22_12_4_0_0_6u_config4_s_void_pooling2d_cl_shbi_core_46 |         21 |          0 |       0 |   21 |     0 |      0 |      0 |    0 |          0 |
|       void_pooling2d_cl_stream_stream_array_ap_fixed_6u_0_line_buffer_2_U                                               |       lenet_mnist_cap64_hls_shift_line_buffer_array_ap_fixed_22_12_4_0_0_6u_config4_s_void_pooling2d_cl_shbi_37 |         21 |          0 |       0 |   21 |     0 |      0 |      0 |    0 |          0 |
|         lenet_mnist_cap64_hls_shift_line_buffer_array_ap_fixed_22_12_4_0_0_6u_config4_s_void_pooling2d_cl_shbi_core_U   |  lenet_mnist_cap64_hls_shift_line_buffer_array_ap_fixed_22_12_4_0_0_6u_config4_s_void_pooling2d_cl_shbi_core_45 |         21 |          0 |       0 |   21 |     0 |      0 |      0 |    0 |          0 |
|       void_pooling2d_cl_stream_stream_array_ap_fixed_6u_0_line_buffer_3_U                                               |       lenet_mnist_cap64_hls_shift_line_buffer_array_ap_fixed_22_12_4_0_0_6u_config4_s_void_pooling2d_cl_shbi_38 |         21 |          0 |       0 |   21 |     0 |      0 |      0 |    0 |          0 |
|         lenet_mnist_cap64_hls_shift_line_buffer_array_ap_fixed_22_12_4_0_0_6u_config4_s_void_pooling2d_cl_shbi_core_U   |  lenet_mnist_cap64_hls_shift_line_buffer_array_ap_fixed_22_12_4_0_0_6u_config4_s_void_pooling2d_cl_shbi_core_44 |         21 |          0 |       0 |   21 |     0 |      0 |      0 |    0 |          0 |
|       void_pooling2d_cl_stream_stream_array_ap_fixed_6u_0_line_buffer_4_U                                               |       lenet_mnist_cap64_hls_shift_line_buffer_array_ap_fixed_22_12_4_0_0_6u_config4_s_void_pooling2d_cl_shbi_39 |         21 |          0 |       0 |   21 |     0 |      0 |      0 |    0 |          0 |
|         lenet_mnist_cap64_hls_shift_line_buffer_array_ap_fixed_22_12_4_0_0_6u_config4_s_void_pooling2d_cl_shbi_core_U   |  lenet_mnist_cap64_hls_shift_line_buffer_array_ap_fixed_22_12_4_0_0_6u_config4_s_void_pooling2d_cl_shbi_core_43 |         21 |          0 |       0 |   21 |     0 |      0 |      0 |    0 |          0 |
|       void_pooling2d_cl_stream_stream_array_ap_fixed_6u_0_line_buffer_5_U                                               |       lenet_mnist_cap64_hls_shift_line_buffer_array_ap_fixed_22_12_4_0_0_6u_config4_s_void_pooling2d_cl_shbi_40 |         21 |          0 |       0 |   21 |     0 |      0 |      0 |    0 |          0 |
|         lenet_mnist_cap64_hls_shift_line_buffer_array_ap_fixed_22_12_4_0_0_6u_config4_s_void_pooling2d_cl_shbi_core_U   |  lenet_mnist_cap64_hls_shift_line_buffer_array_ap_fixed_22_12_4_0_0_6u_config4_s_void_pooling2d_cl_shbi_core_42 |         21 |          0 |       0 |   21 |     0 |      0 |      0 |    0 |          0 |
|       void_pooling2d_cl_stream_stream_array_ap_fixed_6u_0_line_buffer_U                                                 |       lenet_mnist_cap64_hls_shift_line_buffer_array_ap_fixed_22_12_4_0_0_6u_config4_s_void_pooling2d_cl_shbi_41 |         22 |          1 |       0 |   21 |     0 |      0 |      0 |    0 |          0 |
|         lenet_mnist_cap64_hls_shift_line_buffer_array_ap_fixed_22_12_4_0_0_6u_config4_s_void_pooling2d_cl_shbi_core_U   |     lenet_mnist_cap64_hls_shift_line_buffer_array_ap_fixed_22_12_4_0_0_6u_config4_s_void_pooling2d_cl_shbi_core |         22 |          1 |       0 |   21 |     0 |      0 |      0 |    0 |          0 |
|     flow_control_loop_pipe_U                                                                                            |                                                                 lenet_mnist_cap64_hls_flow_control_loop_pipe_36 |         14 |         14 |       0 |    0 |     1 |      0 |      0 |    0 |          0 |
|   pooling2d_cl_array_array_ap_fixed_22_12_4_0_0_16u_config7_U0                                                          |                               lenet_mnist_cap64_hls_pooling2d_cl_array_array_ap_fixed_22_12_4_0_0_16u_config7_s |       1845 |       1509 |       0 |  336 |  1522 |      0 |      0 |    0 |          0 |
|     (pooling2d_cl_array_array_ap_fixed_22_12_4_0_0_16u_config7_U0)                                                      |                               lenet_mnist_cap64_hls_pooling2d_cl_array_array_ap_fixed_22_12_4_0_0_16u_config7_s |       1501 |       1501 |       0 |    0 |  1521 |      0 |      0 |    0 |          0 |
|     call_ln52_shift_line_buffer_array_ap_fixed_22_12_4_0_0_16u_config7_s_fu_302                                         |                                lenet_mnist_cap64_hls_shift_line_buffer_array_ap_fixed_22_12_4_0_0_16u_config7_s |        337 |          1 |       0 |  336 |     0 |      0 |      0 |    0 |          0 |
|       p_ZZN4nnet12pooling2d_clINS_5arrayI8ap_fixedILi22ELi12EL9ap_q_mode4EL9ap_o_mode0E_1_U                             |          lenet_mnist_cap64_hls_shift_line_buffer_array_ap_fixed_22_12_4_0_0_16u_config7_s_void_pooling2d_cl_Mgi |         21 |          0 |       0 |   21 |     0 |      0 |      0 |    0 |          0 |
|         lenet_mnist_cap64_hls_shift_line_buffer_array_ap_fixed_22_12_4_0_0_16u_config7_s_void_pooling2d_cl_Mgi_core_U   |  lenet_mnist_cap64_hls_shift_line_buffer_array_ap_fixed_22_12_4_0_0_16u_config7_s_void_pooling2d_cl_Mgi_core_35 |         21 |          0 |       0 |   21 |     0 |      0 |      0 |    0 |          0 |
|       p_ZZN4nnet12pooling2d_clINS_5arrayI8ap_fixedILi22ELi12EL9ap_q_mode4EL9ap_o_mode0E_2_U                             |        lenet_mnist_cap64_hls_shift_line_buffer_array_ap_fixed_22_12_4_0_0_16u_config7_s_void_pooling2d_cl_Mgi_6 |         21 |          0 |       0 |   21 |     0 |      0 |      0 |    0 |          0 |
|         lenet_mnist_cap64_hls_shift_line_buffer_array_ap_fixed_22_12_4_0_0_16u_config7_s_void_pooling2d_cl_Mgi_core_U   |  lenet_mnist_cap64_hls_shift_line_buffer_array_ap_fixed_22_12_4_0_0_16u_config7_s_void_pooling2d_cl_Mgi_core_34 |         21 |          0 |       0 |   21 |     0 |      0 |      0 |    0 |          0 |
|       p_ZZN4nnet12pooling2d_clINS_5arrayI8ap_fixedILi22ELi12EL9ap_q_mode4EL9ap_o_mode0E_3_U                             |        lenet_mnist_cap64_hls_shift_line_buffer_array_ap_fixed_22_12_4_0_0_16u_config7_s_void_pooling2d_cl_Mgi_7 |         21 |          0 |       0 |   21 |     0 |      0 |      0 |    0 |          0 |
|         lenet_mnist_cap64_hls_shift_line_buffer_array_ap_fixed_22_12_4_0_0_16u_config7_s_void_pooling2d_cl_Mgi_core_U   |  lenet_mnist_cap64_hls_shift_line_buffer_array_ap_fixed_22_12_4_0_0_16u_config7_s_void_pooling2d_cl_Mgi_core_33 |         21 |          0 |       0 |   21 |     0 |      0 |      0 |    0 |          0 |
|       p_ZZN4nnet12pooling2d_clINS_5arrayI8ap_fixedILi22ELi12EL9ap_q_mode4EL9ap_o_mode0E_4_U                             |        lenet_mnist_cap64_hls_shift_line_buffer_array_ap_fixed_22_12_4_0_0_16u_config7_s_void_pooling2d_cl_Mgi_8 |         21 |          0 |       0 |   21 |     0 |      0 |      0 |    0 |          0 |
|         lenet_mnist_cap64_hls_shift_line_buffer_array_ap_fixed_22_12_4_0_0_16u_config7_s_void_pooling2d_cl_Mgi_core_U   |  lenet_mnist_cap64_hls_shift_line_buffer_array_ap_fixed_22_12_4_0_0_16u_config7_s_void_pooling2d_cl_Mgi_core_32 |         21 |          0 |       0 |   21 |     0 |      0 |      0 |    0 |          0 |
|       p_ZZN4nnet12pooling2d_clINS_5arrayI8ap_fixedILi22ELi12EL9ap_q_mode4EL9ap_o_mode0E_5_U                             |        lenet_mnist_cap64_hls_shift_line_buffer_array_ap_fixed_22_12_4_0_0_16u_config7_s_void_pooling2d_cl_Mgi_9 |         21 |          0 |       0 |   21 |     0 |      0 |      0 |    0 |          0 |
|         lenet_mnist_cap64_hls_shift_line_buffer_array_ap_fixed_22_12_4_0_0_16u_config7_s_void_pooling2d_cl_Mgi_core_U   |  lenet_mnist_cap64_hls_shift_line_buffer_array_ap_fixed_22_12_4_0_0_16u_config7_s_void_pooling2d_cl_Mgi_core_31 |         21 |          0 |       0 |   21 |     0 |      0 |      0 |    0 |          0 |
|       p_ZZN4nnet12pooling2d_clINS_5arrayI8ap_fixedILi22ELi12EL9ap_q_mode4EL9ap_o_mode0E_U                               |       lenet_mnist_cap64_hls_shift_line_buffer_array_ap_fixed_22_12_4_0_0_16u_config7_s_void_pooling2d_cl_Mgi_10 |         22 |          1 |       0 |   21 |     0 |      0 |      0 |    0 |          0 |
|         lenet_mnist_cap64_hls_shift_line_buffer_array_ap_fixed_22_12_4_0_0_16u_config7_s_void_pooling2d_cl_Mgi_core_U   |  lenet_mnist_cap64_hls_shift_line_buffer_array_ap_fixed_22_12_4_0_0_16u_config7_s_void_pooling2d_cl_Mgi_core_30 |         22 |          1 |       0 |   21 |     0 |      0 |      0 |    0 |          0 |
|       void_pooling2d_cl_stream_stream_array_ap_fixed_16u_0_line_buffer_1_U                                              |       lenet_mnist_cap64_hls_shift_line_buffer_array_ap_fixed_22_12_4_0_0_16u_config7_s_void_pooling2d_cl_Mgi_11 |         21 |          0 |       0 |   21 |     0 |      0 |      0 |    0 |          0 |
|         lenet_mnist_cap64_hls_shift_line_buffer_array_ap_fixed_22_12_4_0_0_16u_config7_s_void_pooling2d_cl_Mgi_core_U   |  lenet_mnist_cap64_hls_shift_line_buffer_array_ap_fixed_22_12_4_0_0_16u_config7_s_void_pooling2d_cl_Mgi_core_29 |         21 |          0 |       0 |   21 |     0 |      0 |      0 |    0 |          0 |
|       void_pooling2d_cl_stream_stream_array_ap_fixed_16u_0_line_buffer_2_U                                              |       lenet_mnist_cap64_hls_shift_line_buffer_array_ap_fixed_22_12_4_0_0_16u_config7_s_void_pooling2d_cl_Mgi_12 |         21 |          0 |       0 |   21 |     0 |      0 |      0 |    0 |          0 |
|         lenet_mnist_cap64_hls_shift_line_buffer_array_ap_fixed_22_12_4_0_0_16u_config7_s_void_pooling2d_cl_Mgi_core_U   |  lenet_mnist_cap64_hls_shift_line_buffer_array_ap_fixed_22_12_4_0_0_16u_config7_s_void_pooling2d_cl_Mgi_core_28 |         21 |          0 |       0 |   21 |     0 |      0 |      0 |    0 |          0 |
|       void_pooling2d_cl_stream_stream_array_ap_fixed_16u_0_line_buffer_3_U                                              |       lenet_mnist_cap64_hls_shift_line_buffer_array_ap_fixed_22_12_4_0_0_16u_config7_s_void_pooling2d_cl_Mgi_13 |         21 |          0 |       0 |   21 |     0 |      0 |      0 |    0 |          0 |
|         lenet_mnist_cap64_hls_shift_line_buffer_array_ap_fixed_22_12_4_0_0_16u_config7_s_void_pooling2d_cl_Mgi_core_U   |  lenet_mnist_cap64_hls_shift_line_buffer_array_ap_fixed_22_12_4_0_0_16u_config7_s_void_pooling2d_cl_Mgi_core_27 |         21 |          0 |       0 |   21 |     0 |      0 |      0 |    0 |          0 |
|       void_pooling2d_cl_stream_stream_array_ap_fixed_16u_0_line_buffer_4_U                                              |       lenet_mnist_cap64_hls_shift_line_buffer_array_ap_fixed_22_12_4_0_0_16u_config7_s_void_pooling2d_cl_Mgi_14 |         21 |          0 |       0 |   21 |     0 |      0 |      0 |    0 |          0 |
|         lenet_mnist_cap64_hls_shift_line_buffer_array_ap_fixed_22_12_4_0_0_16u_config7_s_void_pooling2d_cl_Mgi_core_U   |  lenet_mnist_cap64_hls_shift_line_buffer_array_ap_fixed_22_12_4_0_0_16u_config7_s_void_pooling2d_cl_Mgi_core_26 |         21 |          0 |       0 |   21 |     0 |      0 |      0 |    0 |          0 |
|       void_pooling2d_cl_stream_stream_array_ap_fixed_16u_0_line_buffer_5_U                                              |       lenet_mnist_cap64_hls_shift_line_buffer_array_ap_fixed_22_12_4_0_0_16u_config7_s_void_pooling2d_cl_Mgi_15 |         21 |          0 |       0 |   21 |     0 |      0 |      0 |    0 |          0 |
|         lenet_mnist_cap64_hls_shift_line_buffer_array_ap_fixed_22_12_4_0_0_16u_config7_s_void_pooling2d_cl_Mgi_core_U   |  lenet_mnist_cap64_hls_shift_line_buffer_array_ap_fixed_22_12_4_0_0_16u_config7_s_void_pooling2d_cl_Mgi_core_25 |         21 |          0 |       0 |   21 |     0 |      0 |      0 |    0 |          0 |
|       void_pooling2d_cl_stream_stream_array_ap_fixed_16u_0_line_buffer_6_U                                              |       lenet_mnist_cap64_hls_shift_line_buffer_array_ap_fixed_22_12_4_0_0_16u_config7_s_void_pooling2d_cl_Mgi_16 |         21 |          0 |       0 |   21 |     0 |      0 |      0 |    0 |          0 |
|         lenet_mnist_cap64_hls_shift_line_buffer_array_ap_fixed_22_12_4_0_0_16u_config7_s_void_pooling2d_cl_Mgi_core_U   |  lenet_mnist_cap64_hls_shift_line_buffer_array_ap_fixed_22_12_4_0_0_16u_config7_s_void_pooling2d_cl_Mgi_core_24 |         21 |          0 |       0 |   21 |     0 |      0 |      0 |    0 |          0 |
|       void_pooling2d_cl_stream_stream_array_ap_fixed_16u_0_line_buffer_7_U                                              |       lenet_mnist_cap64_hls_shift_line_buffer_array_ap_fixed_22_12_4_0_0_16u_config7_s_void_pooling2d_cl_Mgi_17 |         21 |          0 |       0 |   21 |     0 |      0 |      0 |    0 |          0 |
|         lenet_mnist_cap64_hls_shift_line_buffer_array_ap_fixed_22_12_4_0_0_16u_config7_s_void_pooling2d_cl_Mgi_core_U   |  lenet_mnist_cap64_hls_shift_line_buffer_array_ap_fixed_22_12_4_0_0_16u_config7_s_void_pooling2d_cl_Mgi_core_23 |         21 |          0 |       0 |   21 |     0 |      0 |      0 |    0 |          0 |
|       void_pooling2d_cl_stream_stream_array_ap_fixed_16u_0_line_buffer_8_U                                              |       lenet_mnist_cap64_hls_shift_line_buffer_array_ap_fixed_22_12_4_0_0_16u_config7_s_void_pooling2d_cl_Mgi_18 |         21 |          0 |       0 |   21 |     0 |      0 |      0 |    0 |          0 |
|         lenet_mnist_cap64_hls_shift_line_buffer_array_ap_fixed_22_12_4_0_0_16u_config7_s_void_pooling2d_cl_Mgi_core_U   |  lenet_mnist_cap64_hls_shift_line_buffer_array_ap_fixed_22_12_4_0_0_16u_config7_s_void_pooling2d_cl_Mgi_core_22 |         21 |          0 |       0 |   21 |     0 |      0 |      0 |    0 |          0 |
|       void_pooling2d_cl_stream_stream_array_ap_fixed_16u_0_line_buffer_9_U                                              |       lenet_mnist_cap64_hls_shift_line_buffer_array_ap_fixed_22_12_4_0_0_16u_config7_s_void_pooling2d_cl_Mgi_19 |         21 |          0 |       0 |   21 |     0 |      0 |      0 |    0 |          0 |
|         lenet_mnist_cap64_hls_shift_line_buffer_array_ap_fixed_22_12_4_0_0_16u_config7_s_void_pooling2d_cl_Mgi_core_U   |  lenet_mnist_cap64_hls_shift_line_buffer_array_ap_fixed_22_12_4_0_0_16u_config7_s_void_pooling2d_cl_Mgi_core_21 |         21 |          0 |       0 |   21 |     0 |      0 |      0 |    0 |          0 |
|       void_pooling2d_cl_stream_stream_array_ap_fixed_16u_0_line_buffer_U                                                |       lenet_mnist_cap64_hls_shift_line_buffer_array_ap_fixed_22_12_4_0_0_16u_config7_s_void_pooling2d_cl_Mgi_20 |         21 |          0 |       0 |   21 |     0 |      0 |      0 |    0 |          0 |
|         lenet_mnist_cap64_hls_shift_line_buffer_array_ap_fixed_22_12_4_0_0_16u_config7_s_void_pooling2d_cl_Mgi_core_U   |     lenet_mnist_cap64_hls_shift_line_buffer_array_ap_fixed_22_12_4_0_0_16u_config7_s_void_pooling2d_cl_Mgi_core |         21 |          0 |       0 |   21 |     0 |      0 |      0 |    0 |          0 |
|     flow_control_loop_pipe_U                                                                                            |                                                                  lenet_mnist_cap64_hls_flow_control_loop_pipe_5 |          7 |          7 |       0 |    0 |     1 |      0 |      0 |    0 |          0 |
|   relu_array_ap_fixed_16u_array_ap_fixed_22_12_4_0_0_16u_relu_config6_U0                                                |                     lenet_mnist_cap64_hls_relu_array_ap_fixed_16u_array_ap_fixed_22_12_4_0_0_16u_relu_config6_s |          9 |          9 |       0 |    0 |     8 |      0 |      0 |    0 |          0 |
|     (relu_array_ap_fixed_16u_array_ap_fixed_22_12_4_0_0_16u_relu_config6_U0)                                            |                     lenet_mnist_cap64_hls_relu_array_ap_fixed_16u_array_ap_fixed_22_12_4_0_0_16u_relu_config6_s |          1 |          1 |       0 |    0 |     7 |      0 |      0 |    0 |          0 |
|     flow_control_loop_pipe_U                                                                                            |                                                                  lenet_mnist_cap64_hls_flow_control_loop_pipe_4 |          8 |          8 |       0 |    0 |     1 |      0 |      0 |    0 |          0 |
|   relu_array_ap_fixed_6u_array_ap_fixed_22_12_4_0_0_6u_relu_config3_U0                                                  |                       lenet_mnist_cap64_hls_relu_array_ap_fixed_6u_array_ap_fixed_22_12_4_0_0_6u_relu_config3_s |         14 |         14 |       0 |    0 |    12 |      0 |      0 |    0 |          0 |
|     (relu_array_ap_fixed_6u_array_ap_fixed_22_12_4_0_0_6u_relu_config3_U0)                                              |                       lenet_mnist_cap64_hls_relu_array_ap_fixed_6u_array_ap_fixed_22_12_4_0_0_6u_relu_config3_s |          5 |          5 |       0 |    0 |    11 |      0 |      0 |    0 |          0 |
|     flow_control_loop_pipe_U                                                                                            |                                                                    lenet_mnist_cap64_hls_flow_control_loop_pipe |          9 |          9 |       0 |    0 |     1 |      0 |      0 |    0 |          0 |
|   relu_array_ap_fixed_84u_array_ap_fixed_22_12_4_0_0_84u_relu_config12_U0                                               |                    lenet_mnist_cap64_hls_relu_array_ap_fixed_84u_array_ap_fixed_22_12_4_0_0_84u_relu_config12_s |          0 |          0 |       0 |    0 |     1 |      0 |      0 |    0 |          0 |
|   relu_array_array_ap_fixed_22_12_4_0_0_120u_relu_config10_U0                                                           |                                lenet_mnist_cap64_hls_relu_array_array_ap_fixed_22_12_4_0_0_120u_relu_config10_s |          0 |          0 |       0 |    0 |     1 |      0 |      0 |    0 |          0 |
|   start_for_conv_2d_cl_array_ap_fixed_6u_array_ap_fixed_22_12_4_0_0_16u_config57jG_U                                    |          lenet_mnist_cap64_hls_start_for_conv_2d_cl_array_ap_fixed_6u_array_ap_fixed_22_12_4_0_0_16u_config57jG |          7 |          7 |       0 |    0 |     4 |      0 |      0 |    0 |          0 |
|   start_for_dense_array_ap_fixed_120u_array_ap_fixed_22_12_4_0_0_84u_config11_U0_U                                      |            lenet_mnist_cap64_hls_start_for_dense_array_ap_fixed_120u_array_ap_fixed_22_12_4_0_0_84u_config11_U0 |          6 |          6 |       0 |    0 |     4 |      0 |      0 |    0 |          0 |
|   start_for_dense_array_ap_fixed_16u_array_ap_fixed_22_12_4_0_0_120u_config9_U0_U                                       |             lenet_mnist_cap64_hls_start_for_dense_array_ap_fixed_16u_array_ap_fixed_22_12_4_0_0_120u_config9_U0 |          7 |          7 |       0 |    0 |     4 |      0 |      0 |    0 |          0 |
|   start_for_dense_array_ap_fixed_84u_array_ap_fixed_22_12_4_0_0_10u_config13_U0_U                                       |             lenet_mnist_cap64_hls_start_for_dense_array_ap_fixed_84u_array_ap_fixed_22_12_4_0_0_10u_config13_U0 |         51 |         51 |       0 |    0 |     4 |      0 |      0 |    0 |          0 |
|   start_for_pooling2d_cl_array_ap_fixed_6u_array_ap_fixed_22_12_4_0_0_6u_config6jw_U                                    |          lenet_mnist_cap64_hls_start_for_pooling2d_cl_array_ap_fixed_6u_array_ap_fixed_22_12_4_0_0_6u_config6jw |          5 |          5 |       0 |    0 |     4 |      0 |      0 |    0 |          0 |
|   start_for_pooling2d_cl_array_array_ap_fixed_22_12_4_0_0_16u_config7_U0_U                                              |                    lenet_mnist_cap64_hls_start_for_pooling2d_cl_array_array_ap_fixed_22_12_4_0_0_16u_config7_U0 |          5 |          5 |       0 |    0 |     4 |      0 |      0 |    0 |          0 |
|   start_for_relu_array_ap_fixed_16u_array_ap_fixed_22_12_4_0_0_16u_relu_config68jQ_U                                    |          lenet_mnist_cap64_hls_start_for_relu_array_ap_fixed_16u_array_ap_fixed_22_12_4_0_0_16u_relu_config68jQ |          7 |          7 |       0 |    0 |     4 |      0 |      0 |    0 |          0 |
|   start_for_relu_array_ap_fixed_6u_array_ap_fixed_22_12_4_0_0_6u_relu_config3_U0_U                                      |            lenet_mnist_cap64_hls_start_for_relu_array_ap_fixed_6u_array_ap_fixed_22_12_4_0_0_6u_relu_config3_U0 |          6 |          6 |       0 |    0 |     4 |      0 |      0 |    0 |          0 |
|   start_for_relu_array_ap_fixed_84u_array_ap_fixed_22_12_4_0_0_84u_relu_config19j0_U                                    |          lenet_mnist_cap64_hls_start_for_relu_array_ap_fixed_84u_array_ap_fixed_22_12_4_0_0_84u_relu_config19j0 |          7 |          7 |       0 |    0 |     4 |      0 |      0 |    0 |          0 |
|   start_for_relu_array_array_ap_fixed_22_12_4_0_0_120u_relu_config10_U0_U                                               |                     lenet_mnist_cap64_hls_start_for_relu_array_array_ap_fixed_22_12_4_0_0_120u_relu_config10_U0 |         68 |         68 |       0 |    0 |     4 |      0 |      0 |    0 |          0 |
+-------------------------------------------------------------------------------------------------------------------------+-----------------------------------------------------------------------------------------------------------------+------------+------------+---------+------+-------+--------+--------+------+------------+


