complete,duration_s,n,passage,throughput_ips
True,0.0073159,30,0,4100.657472081357
True,0.0072878,30,1,4116.468618787563
True,0.00728749,30,2,4116.643727813006
True,0.00727858,30,3,4121.6830755449555
True,0.00726381,30,4,4130.063974690968
True,0.00728038,30,5,4120.664031273092
True,0.00728723,30,6,4116.790604934934
True,0.00729,30,7,4115.22633744856
True,0.00742633,30,8,4039.68043434644
True,0.00728768,30,9,4116.536401159216
True,0.00727515,30,10,4123.6263169831545
True,0.0072913,30,11,4114.492614485757
True,0.0072866,30,12,4117.146542969286
True,0.00731483,30,13,4101.257308782296
True,0.0072966,30,14,4111.503988158868
True,0.00729455,30,15,4112.659451234141
True,0.0072804,30,16,4120.652711389484
True,0.00728389,30,17,4118.678343577401
True,0.00728155,30,18,4120.001922667564
True,0.00729792,30,19,4110.760326229939
True,0.00733438,30,20,4090.3252899358913
True,0.0080023,30,21,3748.9221848718494
True,0.00800182,30,22,3749.147069041793
True,0.00800676,30,23,3746.8339253330937
True,0.00799651,30,24,3751.636651489212
True,0.00799917,30,25,3750.389102869423
True,0.00800577,30,26,3747.2972618498907
True,0.00801322,30,27,3743.8133484417003
True,0.00800249,30,28,3748.8331756740718
True,0.00800112,30,29,3749.475073489711
True,0.00800357,30,30,3748.3273089383865
True,0.00799535,30,31,3752.1809551801985
True,0.00800174,30,32,3749.1845523598618
True,0.00800177,30,33,3749.170496027754
True,0.00799881,30,34,3750.5578954869534
True,0.00799566,30,35,3752.035479247492
True,0.00800256,30,36,3748.800383877159
True,0.00889508,30,37,3372.6509486142904
True,0.00799039,30,38,3754.5101052639484
True,0.00797698,30,39,3760.821764627716
True,0.00800933,30,40,3745.6316570799304
True,0.00796534,30,41,3766.31757087582
True,0.00796414,30,42,3766.8850622917225
True,0.00796227,30,43,3767.769744055401
True,0.00795622,30,44,3770.634798937184
True,0.00796274,30,45,3767.547351790967
True,0.00796587,30,46,3766.0669832673643
True,0.00796395,30,47,3766.974930781836
True,0.00795599,30,48,3770.743804353701
True,0.00796852,30,49,3764.814545235502
True,0.00795782,30,50,3769.8766747677123
True,0.00795702,30,51,3770.2556987414882
True,0.00796276,30,52,3767.5378888727028
True,0.00798898,30,53,3755.172750463764
True,0.00796579,30,54,3766.104805675269
True,0.00796299,30,55,3767.4290687292087
True,0.00848924,30,56,3533.885247678237
True,0.00799207,30,57,3753.7208758181546
True,0.00798826,30,58,3755.5112127046436
True,0.00823374,30,59,3643.5447317986723
True,0.00811789,30,60,3695.541575458648
True,0.00803768,30,61,3732.420300385186
True,0.00800353,30,62,3748.3460423088313
True,0.00799407,30,63,3752.7817494717956
True,0.0079995,30,64,3750.234389649353
True,0.00800311,30,65,3748.5427540043806
True,0.00802498,30,66,3738.3270737123335
True,0.00799775,30,67,3751.0549842143105
True,0.00799184,30,68,3753.828905483593
True,0.00799491,30,69,3752.387456519211
True,0.00799422,30,70,3752.711333938771
True,0.00801539,30,71,3742.7997889060916
True,0.00801949,30,72,3740.8862658348594
True,0.00800785,30,73,3746.3239196538393
True,0.00800577,30,74,3747.2972618498907
True,0.00800267,30,75,3748.7488550696207
True,0.00800266,30,76,3748.7535394481333
True,0.00800098,30,77,3749.540681266545
True,0.00799717,30,78,3751.327031937548
True,0.00802144,30,79,3739.976862009814
True,0.00818826,30,80,3663.7820489334736
True,0.00728752,30,81,4116.626781127187
True,0.00728124,30,82,4120.1773324323885
True,0.00726983,30,83,4126.643951784292
True,0.00728729,30,84,4116.756709284247
True,0.00728425,30,85,4118.4747915022135
True,0.00728987,30,86,4115.299724137742
True,0.00728736,30,87,4116.717165063892
True,0.00727365,30,88,4124.476707017797
True,0.00727351,30,89,4124.556094650313
True,0.00726562,30,90,4129.035099551036
True,0.0072631,30,91,4130.467706626647
True,0.00727069,30,92,4126.155839404513
True,0.00730578,30,93,4106.337721639578
True,0.0072507,30,94,4137.531548678059
True,0.00726869,30,95,4127.291162506586
True,0.00727071,30,96,4126.144489327728
True,0.00727126,30,97,4125.832386684014
True,0.00727502,30,98,4123.700003573873
True,0.00727124,30,99,4125.843735043816
True,0.00726768,30,100,4127.864738128261
True,0.00727579,30,101,4123.2635906204005
True,0.00727323,30,102,4124.714879083983
True,0.00727221,30,103,4125.293411493893
True,0.00727521,30,104,4123.592308675626
True,0.00725713,30,105,4133.865591494158
True,0.00727025,30,106,4126.405556892817
True,0.00730029,30,107,4109.425789934372
True,0.00727162,30,108,4125.628126882318
True,0.00727796,30,109,4122.0341963956935
True,0.00726982,30,110,4126.6496281888685
True,0.00725246,30,111,4136.52746792123
True,0.00726733,30,112,4128.0635391539945
True,0.00726719,30,113,4128.143064926058
True,0.00727071,30,114,4126.144489327728
True,0.00726293,30,115,4130.56438654923
True,0.00725099,30,116,4137.366070012509
True,0.00727345,30,117,4124.590118856939
True,0.0072642,30,118,4129.842240026431
True,0.0072684,30,119,4127.4558362225525
True,0.00726429,30,120,4129.791073869573
True,0.00729366,30,121,4113.161293506963
True,0.00726327,30,122,4130.371031229735
True,0.00726446,30,123,4129.694430143465
True,0.00727892,30,124,4121.490550795997
True,0.00726766,30,125,4127.876097671053
True,0.00727608,30,126,4123.099251245176
True,0.00725564,30,127,4134.714511745346
True,0.00727252,30,128,4125.117565850626
True,0.00726891,30,129,4127.166246383571
True,0.00727639,30,130,4122.9235926056745
True,0.00726854,30,131,4127.376336925985
True,0.00726934,30,132,4126.922113974583
True,0.00725837,30,133,4133.159373247712
True,0.00726557,30,134,4129.063514631337
True,0.00727384,30,135,4124.368971547353
True,0.0073007,30,136,4109.195008697796
True,0.00727555,30,137,4123.399605528104
True,0.00726564,30,138,4129.023733628421
True,0.0072765,30,139,4122.8612657184085
True,0.00727438,30,140,4124.062806727171
True,0.00727859,30,141,4121.6774127956105
True,0.00742898,30,142,4038.2394352925976
True,0.00729172,30,143,4114.255621444598
True,0.00727625,30,144,4123.0029204604025
True,0.00728994,30,145,4115.260207902946
True,0.00729086,30,146,4114.740922195736
True,0.00728835,30,147,4116.157978143201
True,0.00729277,30,148,4113.66325826812
True,0.00730345,30,149,4107.647755512806
True,0.00730483,30,150,4106.871754715716
True,0.00728874,30,151,4115.937734093958
True,0.00728822,30,152,4116.231398064274
True,0.00728267,30,153,4119.368308601104
True,0.00728193,30,154,4119.786924620259
True,0.0072739,30,155,4124.334950989153
True,0.00727937,30,156,4121.235766281972
True,0.00728656,30,157,4117.169144287565
True,0.0072821,30,158,4119.69074854781
True,0.00728705,30,159,4116.89229523607
True,0.00729113,30,160,4114.588548002847
True,0.00726726,30,161,4128.103301657021
True,0.00729222,30,162,4113.973522466409
True,0.00731608,30,163,4100.556582213426
True,0.00731417,30,164,4101.627389027053
True,0.00728791,30,165,4116.406486907769
True,0.00726714,30,166,4128.171467730083
True,0.00728359,30,167,4118.847985677392
True,0.0072754,30,168,4123.48461940237
True,0.0072772,30,169,4122.464684219205
True,0.00728542,30,170,4117.813386187756
True,0.00727894,30,171,4121.479226370872
True,0.00726886,30,172,4127.194635747559
True,0.00728783,30,173,4116.451673543428
True,0.00727819,30,174,4121.903934906893
True,0.00728371,30,175,4118.780127160472
True,0.00727727,30,176,4122.425030265471
True,0.00727914,30,177,4121.365985542248
True,0.00727354,30,178,4124.539082757502
True,0.00730478,30,179,4106.899865567478
True,0.0072921,30,180,4114.041222693051
True,0.00729119,30,181,4114.554688603644
True,0.00729248,30,182,4113.8268462854885
True,0.00727526,30,183,4123.563968847849
True,0.00728738,30,184,4116.705866854754
True,0.00728117,30,185,4120.216943156113
True,0.00728793,30,186,4116.3951904038595
True,0.00729299,30,187,4113.539165691986
True,0.00729961,30,188,4109.808606213209
True,0.00727554,30,189,4123.405273010663
True,0.00728693,30,190,4116.960091561193
True,0.00739068,30,191,4059.1664095861274
True,0.00799491,30,192,3752.387456519211
True,0.00801169,30,193,3744.5283080099202
True,0.00799441,30,194,3752.6221447236253
True,0.00802728,30,195,3737.255957185996
True,0.00799284,30,196,3753.359256534599
True,0.00798421,30,197,3757.416200225194
True,0.0079941,30,198,3752.767666153788
True,0.00798432,30,199,3757.364434291211
True,0.00748529,30,200,4007.860750886071
True,0.00729978,30,201,4109.7128954571235
True,0.00729317,30,202,4113.437640970936
True,0.00728326,30,203,4119.034608128778
True,0.00729285,30,204,4113.618132828729
True,0.00729446,30,205,4112.710193763486
True,0.00731078,30,206,4103.529308774167
True,0.00729364,30,207,4113.172572268442
True,0.00727546,30,208,4123.450613432003
True,0.0072878,30,209,4116.468618787563
True,0.00729993,30,210,4109.628448491972
True,0.00728057,30,211,4120.556494889823
True,0.00729605,30,212,4111.813926713769
True,0.00727814,30,213,4121.9322519215075
True,0.00727142,30,214,4125.741602052969
True,0.00729087,30,215,4114.735278505857
True,0.00729185,30,216,4114.18227198859
True,0.00727748,30,217,4122.306072981307
True,0.00729222,30,218,4113.973522466409
True,0.00728195,30,219,4119.775609555133
True,0.00727407,30,220,4124.238562455407
True,0.007309,30,221,4104.528663291831
True,0.00727918,30,222,4121.343338123251
True,0.00729005,30,223,4115.198112495799
True,0.0072799,30,224,4120.935727139109
True,0.00727379,30,225,4124.397322441258
True,0.00729196,30,226,4114.120209107016
True,0.007289,30,227,4115.790917821375
True,0.00728281,30,228,4119.2891205455035
True,0.00728257,30,229,4119.424873362013
True,0.00728563,30,230,4117.694694899411
True,0.00726933,30,231,4126.927791144439
True,0.00728611,30,232,4117.423426217831
True,0.00728829,30,233,4116.191863935162
True,0.00727926,30,234,4121.298044031948
True,0.00730548,30,235,4106.506348658815
True,0.00727693,30,236,4122.6176423299385
True,0.00727794,30,237,4122.0455238707655
True,0.00729141,30,238,4114.4305422408015
True,0.00729632,30,239,4111.661769220648
True,0.00728895,30,240,4115.819150906509
True,0.00727164,30,241,4125.616779708566
True,0.00726818,30,242,4127.580769876366
True,0.00728035,30,243,4120.681011215121
True,0.00728418,30,244,4118.514369496635
True,0.00727992,30,245,4120.924405762701
True,0.00727416,30,246,4124.187535055594
True,0.00727839,30,247,4121.790670738996
True,0.00727352,30,248,4124.5504240037835
True,0.00730237,30,249,4108.255265071477
True,0.00728292,30,250,4119.226903494752
True,0.00728643,30,251,4117.242600285736
True,0.00729222,30,252,4113.973522466409
True,0.00727556,30,253,4123.393938061125
True,0.00728522,30,254,4117.926431871652
True,0.00729184,30,255,4114.187914161584
True,0.00729462,30,256,4112.619985688082
True,0.0072845,30,257,4118.333447731485
True,0.00728716,30,258,4116.830150566201
True,0.00726778,30,259,4127.8079413521045
True,0.00729252,30,260,4113.804281647496
True,0.00729015,30,261,4115.141663751775
True,0.00729066,30,262,4114.853799244513
True,0.00731209,30,263,4102.794139568851
True,0.00728233,30,264,4119.560635126395
True,0.00730766,30,265,4105.281307559465
True,0.00733676,30,266,4088.9984134686156
True,0.00732289,30,267,4096.743225693681
True,0.00732076,30,268,4097.935187057082
True,0.00730655,30,269,4105.904975672513
True,0.00729353,30,270,4113.234606562254
True,0.00730178,30,271,4108.587221198119
True,0.00731005,30,272,4103.939097543793
True,0.00730537,30,273,4106.568182035954
True,0.00731419,30,274,4101.6161734928955
True,0.00731009,30,275,4103.916641245183
True,0.00729575,30,276,4111.983003803584
True,0.007302,30,277,4108.463434675431
True,0.00732997,30,278,4092.7861914850946
True,0.00730821,30,279,4104.972353011202
True,0.00731544,30,280,4100.915324300384
True,0.00731208,30,281,4102.799750549775
True,0.00743442,30,282,4035.2845279120634
True,0.00730814,30,283,4105.011671916521
True,0.0072976,30,284,4110.940583205438
True,0.00730013,30,285,4109.515857936776
True,0.00730015,30,286,4109.504599220564
True,0.00729783,30,287,4110.811021906512
True,0.00728028,30,288,4120.720631624058
True,0.00729546,30,289,4112.146458208255
True,0.00728964,30,290,4115.429568538364
True,0.00729665,30,291,4111.475814243523
True,0.00731587,30,292,4100.674287542015
True,0.00727278,30,293,4124.970093966818
True,0.00730191,30,294,4108.5140737149595
True,0.00729134,30,295,4114.47004254362
True,0.00729688,30,296,4111.346219206017
True,0.00729582,30,297,4111.943551238929
True,0.00729803,30,298,4110.698366545493
True,0.00728131,30,299,4120.13772247027
True,0.00729994,30,300,4109.622818817688
True,0.00729926,30,301,4110.005671807827
True,0.00729394,30,302,4113.003397340806
True,0.00730194,30,303,4108.497193896416
True,0.00730457,30,304,4107.017935347324
True,0.0072805,30,305,4120.5961129043335
True,0.00732136,30,306,4097.599353125649
True,0.00728548,30,307,4117.779473692879
True,0.00729229,30,308,4113.934031696491
True,0.00729595,30,309,4111.870284198768
True,0.00728269,30,310,4119.35699583533
True,0.00730947,30,311,4104.264741492885
True,0.00731247,30,312,4102.580933665369
True,0.00730795,30,313,4105.118398456476
True,0.00729983,30,314,4109.684746083128
True,0.00730692,30,315,4105.697065247738
True,0.00728513,30,316,4117.977304454416
True,0.0073035,30,317,4107.619634421852
True,0.00729817,30,318,4110.619511466573
True,0.00729697,30,319,4111.295510328259
True,0.0073127,30,320,4102.4518987514875
True,0.00729673,30,321,4111.430736782093
True,0.00728244,30,322,4119.498409873614
True,0.00729844,30,323,4110.467442357545
True,0.00729735,30,324,4111.081419967522
True,0.00730091,30,325,4109.076813712263
True,0.00729285,30,326,4113.618132828729
True,0.00729571,30,327,4112.005548466153
True,0.00728812,30,328,4116.287876708945
True,0.00730455,30,329,4107.029180442327
True,0.00730246,30,330,4108.204632411544
True,0.00730013,30,331,4109.515857936776
True,0.00730224,30,332,4108.328403339249
True,0.00728829,30,333,4116.191863935162
True,0.00730194,30,334,4108.497193896416
True,0.00732866,30,335,4093.5177781477105
True,0.00729049,30,336,4114.949749605307
True,0.0076842,30,337,3904.114937143749
True,0.00800432,30,338,3747.9760929098284
True,0.00800116,30,339,3749.4563288323193
True,0.00799956,30,340,3750.206261344374
True,0.00801679,30,341,3742.146170724193
True,0.00800663,30,342,3746.8947609668485
True,0.00801375,30,343,3743.5657463734206
True,0.00800658,30,344,3746.9181598135538
True,0.00801602,30,345,3742.5056324709767
True,0.00799999,30,346,3750.0046875058592
True,0.00801127,30,347,3744.7246191927125
True,0.00803077,30,348,3735.6318260889057
True,0.00800814,30,349,3746.1882534521123
True,0.00791322,30,350,3791.1242199761914
True,0.00731577,30,351,4100.730340073567
True,0.0073081,30,352,4105.0341402006
True,0.00729244,30,353,4113.849411171021
True,0.00731555,30,354,4100.853661037106
True,0.00730693,30,355,4105.691446339297
True,0.00731532,30,356,4100.982595429865
True,0.00730179,30,357,4108.581594376174
True,0.00728847,30,358,4116.090208233004
True,0.00731566,30,359,4100.791999628195
True,0.00731112,30,360,4103.3384761842235
True,0.00731345,30,361,4102.031189110475
True,0.0073429,30,362,4085.579267047079
True,0.00731856,30,363,4099.167049255591
True,0.00729757,30,364,4110.9574831073905
True,0.00731671,30,365,4100.203506767386
True,0.00732348,30,366,4096.41318061905
True,0.00731254,30,367,4102.541661310571
True,0.00730975,30,368,4104.107527617223
True,0.00731596,30,369,4100.623841573765
True,0.00730744,30,370,4105.404902400841
True,0.00731428,30,371,4101.565704348206
True,0.00732089,30,372,4097.862418367165
True,0.00731263,30,373,4102.491169387758
True,0.0073244,30,374,4095.8986401616517
True,0.00731429,30,375,4101.560096742131
True,0.00732093,30,376,4097.840028520966
True,0.00731234,30,377,4102.653870033396
True,0.00731224,30,378,4102.709976696608
True,0.00732029,30,379,4098.198295422722
True,0.00730508,30,380,4106.731206229089
True,0.00730907,30,381,4104.489353638698
True,0.00729614,30,382,4111.763206298125
True,0.00731145,30,383,4103.153273290524
True,0.00730904,30,384,4104.5062005407
True,0.00730517,30,385,4106.680611128831
True,0.00731044,30,386,4103.72015911491
True,0.00730253,30,387,4108.165252316663
True,0.00729055,30,388,4114.915884261132
True,0.00730086,30,389,4109.1049547587545
True,0.00732412,30,390,4096.055225747257
True,0.00730271,30,391,4108.063992682169
True,0.00730173,30,392,4108.61535553903
True,0.00729062,30,393,4114.876375397428
True,0.00731215,30,394,4102.760474005593
True,0.00730107,30,395,4108.98676495363
True,0.00731032,30,396,4103.787522297245
True,0.00730048,30,397,4109.318839309196
True,0.00730252,30,398,4108.17087799828
True,0.0072896,30,399,4115.452151009657
True,0.00729904,30,400,4110.129551283457
True,0.00730205,30,401,4108.435302415075
True,0.00729987,30,402,4109.662226861575
True,0.00729163,30,403,4114.306403369343
True,0.00732517,30,404,4095.4680915255212
True,0.00729264,30,405,4113.736589218719
True,0.00731859,30,406,4099.150246153972
True,0.00731037,30,407,4103.759454035842
True,0.0073086,30,408,4104.75330432641
True,0.0073056,30,409,4106.438896189225
True,0.00729682,30,410,4111.380025819467
True,0.00730096,30,411,4109.048673051216
True,0.00730572,30,412,4106.371445935513
True,0.00730465,30,413,4106.972955583087
True,0.00729515,30,414,4112.321199701171
True,0.00731966,30,415,4098.551025594084
True,0.00733502,30,416,4089.96839817751
True,0.00732779,30,417,4094.003785588834
True,0.00732504,30,418,4095.540775203958
True,0.00732358,30,419,4096.357246046333
True,0.00730583,30,420,4106.309618482774
True,0.00743289,30,421,4036.1151584377003
True,0.00729093,30,422,4114.701416691698
True,0.00730347,30,423,4107.63650703022
True,0.00730343,30,424,4107.659004056998
True,0.00729501,30,425,4112.400120082083
True,0.00731422,30,426,4101.599350306663
True,0.00730406,30,427,4107.304704506809
True,0.00730004,30,428,4109.566522923162
True,0.00729583,30,429,4111.9379152200645
True,0.00731847,30,430,4099.217459387003
True,0.00730323,30,431,4107.771492887394
True,0.00730606,30,432,4106.180348915832
True,0.00732134,30,433,4097.610546703199
True,0.00729495,30,434,4112.4339440297745
True,0.00731079,30,435,4103.523695797581
True,0.00730099,30,436,4109.031788839596
True,0.00730442,30,437,4107.102275060854
True,0.00730942,30,438,4104.2928166667125
True,0.00730054,30,439,4109.285066584115
True,0.00729547,30,440,4112.14082163315
True,0.00729442,30,441,4112.732746400673
True,0.00731848,30,442,4099.211858200064
True,0.00730065,30,443,4109.223151363235
True,0.00730908,30,444,4104.48373803543
True,0.00728338,30,445,4118.9667434625135
True,0.0072978,30,446,4110.827920743238
True,0.00732623,30,447,4094.875536258075
True,0.0073042,30,448,4107.225979573396
True,0.00729825,30,449,4110.574452779776
True,0.007307,30,450,4105.652114410839
True,0.00728054,30,451,4120.573473945614
True,0.00730665,30,452,4105.848781589374
True,0.00729237,30,453,4113.888900316358
True,0.00730684,30,454,4105.742017068938
True,0.00730649,30,455,4105.938692860731
True,0.00729868,30,456,4110.332279261455
True,0.00728633,30,457,4117.299106683337
True,0.0072993,30,458,4109.9831490690885
True,0.00729911,30,459,4110.090134276645
True,0.00731574,30,460,4100.747156131847
True,0.00731593,30,461,4100.640656758607
True,0.00729339,30,462,4113.313562006145
True,0.00730415,30,463,4107.254095274604
True,0.00731702,30,464,4100.029793549833
True,0.00729559,30,465,4112.073183937146
True,0.00730986,30,466,4104.045768318409
True,0.0073074,30,467,4105.427374989737
True,0.00730022,30,468,4109.465194199627
True,0.00730714,30,469,4105.573452814644
True,0.00731263,30,470,4102.491169387758
True,0.00730103,30,471,4109.009276773278
True,0.00730646,30,472,4105.955551662501
True,0.00730929,30,473,4104.365813916263
True,0.0072862,30,474,4117.372567319042
True,0.00729169,30,475,4114.272548613559
True,0.00730937,30,476,4104.320892224638
True,0.00729411,30,477,4112.907537725644
True,0.00729778,30,478,4110.839186711575
True,0.00728846,30,479,4116.095855640286
True,0.0072865,30,480,4117.203046730255
True,0.00730542,30,481,4106.540075724599
True,0.00730481,30,482,4106.882999010241
True,0.00730279,30,483,4108.018990002452
True,0.00730375,30,484,4107.479034742427
True,0.00728272,30,485,4119.340026803172
True,0.0073032,30,486,4107.788366743345
True,0.00745237,30,487,4025.5650215971564
True,0.00803549,30,488,3733.4375377232755
True,0.00802844,30,489,3736.7159747099063
True,0.00807664,30,490,3714.415895719012
True,0.00803469,30,491,3733.809269554892
True,0.00802116,30,492,3740.1074158849847
True,0.00802985,30,493,3736.0598267713594
True,0.00803623,30,494,3733.0937516721146
True,0.00801525,30,495,3742.8651632824926
True,0.008029,30,496,3736.4553493585754
True,0.00803904,30,497,3731.788870312873
True,0.00802711,30,498,3737.335105660692
True,0.00803624,30,499,3733.0891063482422
True,0.00804088,30,500,3730.934922545791
True,0.00803426,30,501,3734.00910600354
True,0.00779295,30,502,3849.633322426039
True,0.00733131,30,503,4092.0381214271392
True,0.00729769,30,504,4110.889884333262
True,0.00729698,30,505,4111.289876085723
True,0.00731121,30,506,4103.287964646071
True,0.00728372,30,507,4118.77447238499
True,0.00729796,30,508,4110.737795219486
True,0.00730197,30,509,4108.480314216575
True,0.00731396,30,510,4101.74515583897
True,0.00729259,30,511,4113.764794126641
True,0.00729393,30,512,4113.009036280853
True,0.00730569,30,513,4106.388308291209
True,0.00731107,30,514,4103.3665386872235
True,0.00729998,30,515,4109.600300274795
True,0.00731031,30,516,4103.7931359956
True,0.00733338,30,517,4090.8830580169038
True,0.00729083,30,518,4114.75785335826
True,0.00729841,30,519,4110.48433836959
True,0.00731063,30,520,4103.61350526562
True,0.00730551,30,521,4106.489485333673
True,0.00730523,30,522,4106.646881754578
True,0.00730186,30,523,4108.542207054093
True,0.00728581,30,524,4117.592964955166
True,0.00729634,30,525,4111.650498743205
True,0.00730515,30,526,4106.691854376707
True,0.00730107,30,527,4108.98676495363
True,0.00729937,30,528,4109.9437348702695
True,0.00729037,30,529,4115.017481965936
True,0.00729709,30,530,4111.227900437024
True,0.00731774,30,531,4099.626387381897
True,0.00730419,30,532,4107.231602682844
True,0.00729871,30,533,4110.315384499453
True,0.00730235,30,534,4108.266516943176
True,0.00728207,30,535,4119.707720469592
True,0.00729739,30,536,4111.058885437122
True,0.00729367,30,537,4113.15565414942
True,0.00730394,30,538,4107.37218542321
True,0.00729263,30,539,4113.742230169363
True,0.00729435,30,540,4112.772214110922
True,0.007278,30,541,4122.011541632317
True,0.00729776,30,542,4110.850452741663
True,0.00729547,30,543,4112.14082163315
True,0.00729683,30,544,4111.374391345283
True,0.00731305,30,545,4102.255556847006
True,0.00730104,30,546,4109.00364879524
True,0.00728882,30,547,4115.892558740647
True,0.00730055,30,548,4109.279437850572
True,0.00729664,30,549,4111.4814489957025
True,0.00729896,30,550,4110.1746002170175
True,0.00729626,30,551,4111.695581023702
True,0.00728385,30,552,4118.700961716675
True,0.00730035,30,553,4109.392015451314
True,0.00732236,30,554,4097.039752211036
True,0.00734334,30,555,4085.3344663327584
True,0.00733492,30,556,4090.0241584093624
True,0.00733527,30,557,4089.8290042493327
True,0.00728101,30,558,4120.307484813234
True,0.00729838,30,559,4110.501234520538
True,0.00743684,30,560,4033.9714179678467
True,0.00729175,30,561,4114.238694414921
True,0.00729535,30,562,4112.208461554278
True,0.00729315,30,563,4113.44892124802
True,0.00729587,30,564,4111.915371299105
True,0.00729711,30,565,4111.216632338008
True,0.00729536,30,566,4112.202824809194
True,0.00730389,30,567,4107.400303126142
True,0.00730241,30,568,4108.23276151298
True,0.00730143,30,569,4108.784169676351
True,0.00727566,30,570,4123.337264248192
True,0.00730071,30,571,4109.189380210965
True,0.00730122,30,572,4108.902347826802
True,0.00729756,30,573,4110.963116438919
True,0.00732274,30,574,4096.827143937925
True,0.00729657,30,575,4111.5208926934165
True,0.00729241,30,576,4113.8663349976205
True,0.00729672,30,577,4111.436371410717
True,0.00730126,30,578,4108.879837178788
True,0.00730313,30,579,4107.827739613015
True,0.00730413,30,580,4107.265341662867
True,0.00729132,30,581,4114.481328483732
True,0.00730547,30,582,4106.5119697979735
True,0.00730992,30,583,4104.01208221157
True,0.00731162,30,584,4103.057872263603
True,0.00729969,30,585,4109.763565302088
True,0.00730825,30,586,4104.949885403483
True,0.00729109,30,587,4114.611121245246
True,0.00732719,30,588,4094.339030378631
True,0.00730392,30,589,4107.383432458187
True,0.00730558,30,590,4106.450138113606
True,0.00729689,30,591,4111.340584824494
True,0.00730096,30,592,4109.048673051216
True,0.00729259,30,593,4113.764794126641
True,0.0072965,30,594,4111.560337147947
True,0.00730645,30,595,4105.961171293857
True,0.00730293,30,596,4107.940237685422
True,0.00729911,30,597,4110.090134276645
True,0.00730627,30,598,4106.062327288753
True,0.00728614,30,599,4117.406473111963
True,0.00730841,30,600,4104.860017431972
True,0.007291,30,601,4114.661911946235
True,0.00732738,30,602,4094.2328635883496
True,0.00729879,30,603,4110.270332479767
True,0.00728522,30,604,4117.926431871652
True,0.00728558,30,605,4117.72295410935
True,0.00729431,30,606,4112.7947674283105
True,0.00730303,30,607,4107.883987879003
True,0.00730087,30,608,4109.099326518621
True,0.00729857,30,609,4110.3942279103985
True,0.00728398,30,610,4118.627453672306
True,0.00730857,30,611,4104.77015339526
True,0.00729944,30,612,4109.904321427397
True,0.0072929,30,613,4113.589929931852
True,0.00730344,30,614,4107.653379777201
True,0.0073048,30,615,4106.888621180594
True,0.00729058,30,616,4114.8989517980735
True,0.00731575,30,617,4100.741550763763
True,0.00729018,30,618,4115.1247294305485
True,0.00730199,30,619,4108.469061173734
True,0.0072921,30,620,4114.041222693051
True,0.00729202,30,621,4114.086357415366
True,0.0073027,30,622,4108.069618086462
True,0.00729831,30,623,4110.540659412933
True,0.00730633,30,624,4106.028608069989
True,0.0073024,30,625,4108.2383873794915
True,0.0073018,30,626,4108.575967569641
True,0.00728924,30,627,4115.6554044043005
True,0.00730866,30,628,4104.719606603673
True,0.00730314,30,629,4107.822114871138
True,0.00730398,30,630,4107.349691538038
True,0.00733245,30,631,4091.4019188675
True,0.0073134,30,632,4102.059233735335
True,0.00729909,30,633,4110.101396201444
True,0.00731449,30,634,4101.447947840519
True,0.00731496,30,635,4101.184422061091
True,0.00731421,30,636,4101.604958020073
True,0.00730829,30,637,4104.927418041703
True,0.00730411,30,638,4107.27658811272
True,0.00758762,30,639,3953.8089677659136
True,0.00821128,30,640,3653.510780292476
True,0.00822351,30,641,3648.077280869118
True,0.00812392,30,642,3692.798550453476
True,0.00806492,30,643,3719.8137117293168
True,0.00816174,30,644,3675.686802078968
True,0.00817663,30,645,3668.9932160315434
True,0.00814976,30,646,3681.0899952882046
True,0.00814802,30,647,3681.876087687561
True,0.00812579,30,648,3691.94872129356
True,0.00807466,30,649,3715.326713446758
True,0.00809168,30,650,3707.511913471615
True,0.00808723,30,651,3709.551972677913
True,0.0080537,30,652,3724.9959645877047
True,0.00794701,30,653,3775.004687297487
True,0.00739699,30,654,4055.703738953277
True,0.00739642,30,655,4056.0162889614166
True,0.00737221,30,656,4069.336060692791
True,0.00733281,30,657,4091.2010538933914
True,0.00734118,30,658,4086.5364968574536
True,0.00730891,30,659,4104.57920538083
True,0.00729979,30,660,4109.707265551475
True,0.0072999,30,661,4109.645337607365
True,0.00728999,30,662,4115.231982485573
True,0.00730279,30,663,4108.018990002452
True,0.007322,30,664,4097.24119093144
True,0.00730264,30,665,4108.103370835753
True,0.00730389,30,666,4107.400303126142
True,0.00729216,30,667,4114.007372301211
True,0.00730634,30,668,4106.022988254037
True,0.00730479,30,669,4106.894243366339
True,0.00729541,30,670,4112.174641315567
True,0.00729402,30,671,4112.958286377059
True,0.00732484,30,672,4095.652601285489
True,0.00730056,30,673,4109.27380913245
True,0.00730293,30,674,4107.940237685422
True,0.00730611,30,675,4106.152247913048
True,0.00731476,30,676,4101.296556551411
True,0.0072942,30,677,4112.856790326561
True,0.00730451,30,678,4107.051670817071
True,0.00729091,30,679,4114.712703901159
True,0.0073034,30,680,4107.6758769888
True,0.00731103,30,681,4103.388988965988
True,0.00730424,30,682,4107.203487289575
True,0.00730421,30,683,4107.220356479345
True,0.00730346,30,684,4107.642131263812
True,0.00729264,30,685,4113.736589218719
True,0.00732233,30,686,4097.056538014539
True,0.00731006,30,687,4103.933483446101
True,0.00730759,30,688,4105.32063238359
True,0.00730495,30,689,4106.804290241548
True,0.00729664,30,690,4111.4814489957025
True,0.00730067,30,691,4109.211894250801
True,0.00730197,30,692,4108.480314216575
True,0.00731246,30,693,4102.586544063147
True,0.00731108,30,694,4103.360926155917
True,0.00731268,30,695,4102.463118856562
True,0.00729365,30,696,4113.166932879971
True,0.00729803,30,697,4110.698366545493
True,0.00745132,30,698,4026.132282602277
True,0.00730514,30,699,4106.697476023732
True,0.0073277,30,700,4094.054068807402
True,0.00731183,30,701,4102.940030060874
True,0.00729962,30,702,4109.802976045328
True,0.00730719,30,703,4105.5453601179115
True,0.00731708,30,704,4099.996173336905
True,0.00732221,30,705,4097.123682604022
True,0.00731347,30,706,4102.0199713679
True,0.00731393,30,707,4101.761980221304
True,0.007306,30,708,4106.214070626882
True,0.00735438,30,709,4079.2017817953383
True,0.00735189,30,710,4080.583360197174
True,0.00735932,30,711,4076.4635863096046
True,0.0073536,30,712,4079.634464751958
True,0.00732716,30,713,4094.355794059363
True,0.0073189,30,714,4098.976622169998
True,0.00735098,30,715,4081.088507926834
True,0.0073239,30,716,4096.178265678122
True,0.00732165,30,717,4097.437053123272
True,0.0073391,30,718,4087.694676458966
True,0.00732777,30,719,4094.014959530662
True,0.00731344,30,720,4102.0367980047695
True,0.00732857,30,721,4093.5680494284693
True,0.00731834,30,722,4099.290276210179
True,0.00732836,30,723,4093.6853538854534
True,0.00734037,30,724,4086.987440687595
True,0.00732176,30,725,4097.375494416643
True,0.00731168,30,726,4103.024202372095
True,0.00731347,30,727,4102.0199713679
True,0.00732354,30,728,4096.379619692116
True,0.00735584,30,729,4078.392134684822
True,0.00733028,30,730,4092.6131061842116
True,0.00732138,30,731,4097.588159609254
True,0.00732234,30,732,4097.050942731422
True,0.00731727,30,733,4099.889712966721
True,0.00732642,30,734,4094.769341642985
True,0.00732672,30,735,4094.601677148847
True,0.00733258,30,736,4091.3293820183344
True,0.00731957,30,737,4098.601420575253
True,0.00732167,30,738,4097.425860493576
True,0.0073259,30,739,4095.0599926288924
True,0.0073284,30,740,4093.6630096610447
True,0.00732787,30,741,4093.9590904314623
True,0.00732919,30,742,4093.2217612041713
True,0.00735063,30,743,4081.2828288187543
True,0.0073114,30,744,4103.181333260388
True,0.00731948,30,745,4098.651816795729
True,0.00732365,30,746,4096.318092754296
True,0.00731377,30,747,4101.851712591454
True,0.00732501,30,748,4095.557548726896
True,0.00731611,30,749,4100.539767718091
True,0.0073037,30,750,4107.507153908293
True,0.00730544,30,751,4106.5288333077815
True,0.00731615,30,752,4100.517348605482
True,0.00731298,30,753,4102.294823724391
True,0.00732673,30,754,4094.5960885688432
True,0.00731386,30,755,4101.80123765016
True,0.00731849,30,756,4099.206257028431
True,0.0073419,30,757,4086.13574142933
True,0.00732816,30,758,4093.7970786664046
True,0.00731902,30,759,4098.909416834495
True,0.0073379,30,760,4088.363155671241
True,0.00731502,30,761,4101.1507829096845
True,0.00733164,30,762,4091.8539371818583
True,0.00733006,30,763,4092.7359394056803
True,0.00733988,30,764,4087.26028218445
True,0.00733835,30,765,4088.112450346467
True,0.00734035,30,766,4086.9985763621626
True,0.00731171,30,767,4103.007367633563
True,0.00733344,30,768,4090.8495876423617
True,0.00732835,30,769,4093.690939979668
True,0.00734011,30,770,4087.1322091903253
True,0.00735081,30,771,4081.1828900488517
True,0.00733408,30,772,4090.4926043893715
True,0.00731941,30,773,4098.691014712935
True,0.00732467,30,774,4095.7476582562763
True,0.00733222,30,775,4091.530259593956
True,0.00756621,30,776,3964.99700642726
True,0.00731381,30,777,4101.82927913085
True,0.00732092,30,778,4097.845625959579
True,0.00731569,30,779,4100.775183202131
True,0.00731307,30,780,4102.244337877253
True,0.00730501,30,781,4106.770558835648
True,0.00731882,30,782,4099.021426951339
True,0.00731855,30,783,4099.172650320077
True,0.00732058,30,784,4098.035947971335
True,0.00730686,30,785,4105.730779021358
True,0.00734278,30,786,4085.6460359700277
True,0.00731154,30,787,4103.102766311885
True,0.00731311,30,788,4102.2219001218355
True,0.00730307,30,789,4107.86148838776
True,0.00766904,30,790,3911.83251097921
True,0.00803479,30,791,3733.7627990277283
True,0.00803654,30,792,3732.949752007705
True,0.00802631,30,793,3737.7076140841805
True,0.00803295,30,794,3734.6180419397606
True,0.00803544,30,795,3733.4607687942416
True,0.00804138,30,796,3730.702939047775
True,0.00797166,30,797,3763.331602200796
True,0.00731721,30,798,4099.9233314337025
True,0.00732076,30,799,4097.935187057082
True,0.00732341,30,800,4096.452335728848
True,0.007309,30,801,4104.528663291831
True,0.00732097,30,802,4097.817638919432
True,0.00730598,30,803,4106.225311320316
True,0.00731882,30,804,4099.021426951339
True,0.00729984,30,805,4109.679116254602
True,0.00731606,30,806,4100.567791953593
True,0.00732136,30,807,4097.599353125649
True,0.0073117,30,808,4103.012979197724
True,0.00732365,30,809,4096.318092754296
True,0.00731331,30,810,4102.109715026438
True,0.00730813,30,811,4105.017288964482
True,0.00732189,30,812,4097.302745602569
True,0.00734154,30,813,4086.3361093176636
True,0.00732963,30,814,4092.9760438112153
True,0.00731828,30,815,4099.323884847259
True,0.00733353,30,816,4090.7993831074527
True,0.00730616,30,817,4106.124147294886
True,0.00732737,30,818,4094.238451176889
True,0.00732789,30,819,4093.9479167946024
True,0.00732031,30,820,4098.187098633801
True,0.00732349,30,821,4096.407587093039
True,0.00732633,30,822,4094.819643668795
True,0.00730749,30,823,4105.376812010691
True,0.0073233,30,824,4096.513866699439
True,0.00732142,30,825,4097.565772759929
True,0.00733817,30,826,4088.212728786605
True,0.00734645,30,827,4083.605006499738
True,0.00731604,30,828,4100.579001755048
True,0.00729592,30,829,4111.8871917455235
True,0.00730256,30,830,4108.148375364256
True,0.00730399,30,831,4107.344068105242
True,0.00730707,30,832,4105.612783235962
True,0.00731229,30,833,4102.681923173178
True,0.00729517,30,834,4112.309925608313
True,0.00731464,30,835,4101.363840188991
True,0.00731797,30,836,4099.497538251729
True,0.00743784,30,837,4033.4290600496915
True,0.00731398,30,838,4101.7339396607595
True,0.00731005,30,839,4103.939097543793
True,0.0072935,30,840,4113.251525330774
True,0.00729881,30,841,4110.259069629159
True,0.00733429,30,842,4090.375482834739
True,0.00730726,30,843,4105.506030988359
True,0.00731653,30,844,4100.304379261754
True,0.00730982,30,845,4104.068226030189
True,0.007292,30,846,4114.097641250686
True,0.00733874,30,847,4087.895197268196
True,0.00733625,30,848,4089.2826716646787
True,0.00731127,30,849,4103.254290978175
True,0.00733161,30,850,4091.870680519013
True,0.0072763,30,851,4122.974588733285
True,0.00726691,30,852,4128.302125662764
True,0.00728672,30,853,4117.078740503272
True,0.00727512,30,854,4123.6433213472765
True,0.00728774,30,855,4116.502509694364
True,0.00730189,30,856,4108.525327004379
True,0.00726484,30,857,4129.478419345781
True,0.00728107,30,858,4120.273531225493
True,0.00728692,30,859,4116.965741355744
True,0.0072865,30,860,4117.203046730255
True,0.00729221,30,861,4113.97916406686
True,0.00728102,30,862,4120.301825843082
True,0.00726801,30,863,4127.677314698246
True,0.0072799,30,864,4120.935727139109
True,0.00728539,30,865,4117.830342644663
True,0.00727295,30,866,4124.87367574368
True,0.00728329,30,867,4119.017641752559
True,0.00728328,30,868,4119.023297195769
True,0.00727228,30,869,4125.2537031027405
True,0.00729949,30,870,4109.876169431015
True,0.00727973,30,871,4121.031961350215
True,0.0072792,30,872,4121.332014507088
True,0.00728351,30,873,4118.893225930904
True,0.00727204,30,874,4125.389849340763
True,0.00728184,30,875,4119.837843182492
True,0.00727908,30,876,4121.399957137441
True,0.00728099,30,877,4120.318802800169
True,0.00728975,30,878,4115.367468020165
True,0.00728,30,879,4120.879120879121
True,0.00727246,30,880,4125.151599321275
True,0.00728293,30,881,4119.2212474924245
True,0.00727597,30,882,4123.161585328142
True,0.00726853,30,883,4127.382015345606
True,0.00730483,30,884,4106.871754715716
True,0.00727217,30,885,4125.316102346343
True,0.0072772,30,886,4122.464684219205
True,0.00728394,30,887,4118.650071252646
True,0.00727937,30,888,4121.235766281972
True,0.00727822,30,889,4121.886944884875
True,0.00728838,30,890,4116.141035456439
True,0.00726115,30,891,4131.57695406375
True,0.0072839,30,892,4118.672689081399
True,0.00728031,30,893,4120.703651355506
True,0.00727973,30,894,4121.031961350215
True,0.00727696,30,895,4122.600646423782
True,0.00727978,30,896,4121.0036567039115
True,0.00728865,30,897,4115.98855755181
True,0.00728122,30,898,4120.188649704308
True,0.00730875,30,899,4104.669061056952
True,0.00728823,30,900,4116.225750285049
True,0.00729786,30,901,4110.794123208721
True,0.0072782,30,902,4121.898271550658
True,0.00728349,30,903,4118.9045361495655
True,0.00728069,30,904,4120.4885800659
True,0.00727937,30,905,4121.235766281972
True,0.00728709,30,906,4116.869696957221
True,0.00727227,30,907,4125.259375683246
True,0.00726698,30,908,4128.26235932946
True,0.00727162,30,909,4125.628126882318
True,0.0072761,30,910,4123.087917978038
True,0.00728064,30,911,4120.516877637131
True,0.007282,30,912,4119.74732216424
True,0.00728688,30,913,4116.988340689019
True,0.00729667,30,914,4111.464544785498
True,0.00729159,30,915,4114.328973516064
True,0.00728925,30,916,4115.649758205577
True,0.00728689,30,917,4116.98269083244
True,0.00728927,30,918,4115.638465854606
True,0.00726719,30,919,4128.143064926058
True,0.0072818,30,920,4119.860474058612
True,0.00728461,30,921,4118.27125954581
True,0.00727764,30,922,4122.215443467937
True,0.00727989,30,923,4120.941387850641
True,0.00726976,30,924,4126.683686944273
True,0.00728367,30,925,4118.802746417671
True,0.00728523,30,926,4117.920779440045
True,0.00729834,30,927,4110.5237629378735
True,0.00728038,30,928,4120.664031273092
True,0.00728916,30,929,4115.7005745518
True,0.00726439,30,930,4129.73422407112
True,0.00728458,30,931,4118.288219773824
True,0.00728348,30,932,4118.910191282189
True,0.00727764,30,933,4122.215443467937
True,0.007285,30,934,4118.050789293068
True,0.00797992,30,935,3759.436184823908
True,0.00801297,30,936,3743.9301532390614
True,0.00800938,30,937,3745.6082742983854
True,0.00801348,30,938,3743.6918791835756
True,0.00805999,30,939,3722.088985222066
True,0.00805417,30,940,3724.7785929524707
True,0.00808772,30,941,3709.327226956423
True,0.00809416,30,942,3706.375955009538
True,0.00802637,30,943,3737.6796733766323
True,0.00802747,30,944,3737.1675010931212
True,0.00802418,30,945,3738.699779915206
True,0.008025,30,946,3738.317757009346
True,0.00802737,30,947,3737.2140564095084
True,0.00803596,30,948,3733.219179786858
True,0.00802742,30,949,3737.1907786063266
True,0.00805385,30,950,3724.9265879051636
True,0.00802615,30,951,3737.7821246799526
True,0.00803185,30,952,3735.129515615954
True,0.00804026,30,953,3731.2226221540095
True,0.00805914,30,954,3722.4815551038946
True,0.00793988,30,955,3778.3946356871893
True,0.00731907,30,956,4098.881415261775
True,0.00729864,30,957,4110.354805826839
True,0.0073056,30,958,4106.438896189225
True,0.00730989,30,959,4104.028925195865
True,0.00730141,30,960,4108.795424445415
True,0.00730178,30,961,4108.587221198119
True,0.00730469,30,962,4106.950466070429
True,0.00729585,30,963,4111.926643228685
True,0.00730725,30,964,4105.511649389305
True,0.00730264,30,965,4108.103370835753
True,0.00729963,30,966,4109.797345892875
True,0.00731011,30,967,4103.905413188037
True,0.0073211,30,968,4097.744874404119
True,0.00729309,30,969,4113.482762450484
True,0.00729963,30,970,4109.797345892875
True,0.00731173,30,971,4102.99614455129
True,0.00729896,30,972,4110.1746002170175
True,0.00731691,30,973,4100.091432038935
True,0.00729906,30,974,4110.1182892043635
True,0.00728485,30,975,4118.135582750503
True,0.00743995,30,976,4032.2851632067423
True,0.00729407,30,977,4112.930092527217
True,0.00729109,30,978,4114.611121245246
True,0.00729514,30,979,4112.3268367707815
True,0.00728052,30,980,4120.5847933938785
True,0.00729837,30,981,4110.5068666017205
True,0.00731442,30,982,4101.487199258451
True,0.00730689,30,983,4105.713922065338
True,0.00730415,30,984,4107.254095274604
True,0.0072981,30,985,4110.658938627862
True,0.00728158,30,986,4119.984948321656
True,0.00728766,30,987,4116.547698438182
True,0.0072988,30,988,4110.264701046747
True,0.0072997,30,989,4109.757935257613
True,0.00729502,30,990,4112.394482811562
True,0.00729092,30,991,4114.707060288688
True,0.00728104,30,992,4120.290507949414
True,0.00728966,30,993,4115.418277395654
True,0.00728663,30,994,4117.129592143419
True,0.00729275,30,995,4113.674539782661
True,0.00730829,30,996,4104.927418041703
True,0.00728351,30,997,4118.893225930904
True,0.00727528,30,998,4123.552633025808
True,0.00728563,30,999,4117.694694899411
True,0.00728566,30,1000,4117.677739559628
True,0.00729799,30,1001,4110.720897123729
True,0.0072998,30,1002,4109.701635661251
True,0.00729286,30,1003,4113.612492218416
True,0.0073041,30,1004,4107.282211360743
True,0.0073048,30,1005,4106.888621180594
True,0.00730007,30,1006,4109.54963445556
True,0.00729872,30,1007,4110.3097529429815
True,0.0073005,30,1008,4109.307581672489
True,0.00729354,30,1009,4113.228967003677
True,0.00730574,30,1010,4106.360204441987
True,0.00734927,30,1011,4082.038079972569
True,0.00732271,30,1012,4096.843927999334
True,0.00731681,30,1013,4100.1474686372885
True,0.00731021,30,1014,4103.849273823871
True,0.00731466,30,1015,4101.352626096087
True,0.00731748,30,1016,4099.772052673871
True,0.00732179,30,1017,4097.358705999489
True,0.00732335,30,1018,4096.485897847297
True,0.00732864,30,1019,4093.5289494367303
True,0.00732159,30,1020,4097.470631379249
True,0.00729952,30,1021,4109.8592784183065
True,0.00731983,30,1022,4098.455838455265
True,0.00731992,30,1023,4098.405447054066
True,0.00731729,30,1024,4099.878506933578
True,0.00733972,30,1025,4087.3493811753037
True,0.00731501,30,1026,4101.156389396597
True,0.0073256,30,1027,4095.227694659823
True,0.00732602,30,1028,4094.992915662256
True,0.0073201,30,1029,4098.304667969017
True,0.0073255,30,1030,4095.2835983891882
True,0.00745025,30,1031,4026.710513070031
True,0.00746094,30,1032,4020.941061045927
True,0.0073726,30,1033,4069.1207986327754
True,0.00747456,30,1034,4013.6141792961726
True,0.00748524,30,1035,4007.887522644565
True,0.00744154,30,1036,4031.423603178912
True,0.00743485,30,1037,4035.0511442732536
True,0.00751192,30,1038,3993.6527545554263
True,0.00755301,30,1039,3971.926424034921
True,0.00742802,30,1040,4038.761338822459
True,0.00736243,30,1041,4074.741627424641
True,0.00731585,30,1042,4100.685497925737
True,0.00732869,30,1043,4093.501021328505
True,0.007313,30,1044,4102.283604539861
True,0.00732336,30,1045,4096.480304122698
True,0.00730678,30,1046,4105.775731580806
True,0.00731645,30,1047,4100.349213074646
True,0.00732321,30,1048,4096.564211595734
True,0.00731234,30,1049,4102.653870033396
True,0.00731979,30,1050,4098.4782350313335
True,0.00731005,30,1051,4103.939097543793
True,0.00730357,30,1052,4107.580265541373
True,0.00735381,30,1053,4079.5179641573554
True,0.00731651,30,1054,4100.31558762306
True,0.00731498,30,1055,4101.173208949307
True,0.00731723,30,1056,4099.912125216782
True,0.00731341,30,1057,4102.053624779685
True,0.00730378,30,1058,4107.462163427705
True,0.00731108,30,1059,4103.360926155917
True,0.00731933,30,1060,4098.735813250666
True,0.00732022,30,1061,4098.237484665761
True,0.00732092,30,1062,4097.845625959579
True,0.00731386,30,1063,4101.80123765016
True,0.00729482,30,1064,4112.507231158548
True,0.00730584,30,1065,4106.303997897572
True,0.00731331,30,1066,4102.109715026438
True,0.00733766,30,1067,4088.4968777512177
True,0.00730941,30,1068,4104.298431747569
True,0.00730534,30,1069,4106.585046007442
True,0.00729797,30,1070,4110.732162505464
True,0.00731326,30,1071,4102.137760725039
True,0.00731251,30,1072,4102.558492227703
True,0.00730884,30,1073,4104.618516755053
True,0.00731701,30,1074,4100.035396972261
True,0.00729179,30,1075,4114.216125258681
True,0.00731393,30,1076,4101.761980221304
True,0.00731408,30,1077,4101.677859689804
True,0.00730445,30,1078,4107.085406841035
True,0.00731453,30,1079,4101.42551879615
True,0.00730874,30,1080,4104.674677167336
True,0.00731161,30,1081,4103.063483965912
True,0.00733919,30,1082,4087.644549330376
True,0.0073113,30,1083,4103.237454351483
True,0.00731162,30,1084,4103.057872263603
True,0.00731613,30,1085,4100.528558131144
True,0.0073081,30,1086,4105.0341402006
True,0.00730294,30,1087,4107.934612635459
True,0.00732246,30,1088,4096.983800526053
True,0.00731309,30,1089,4102.233118968862
True,0.00730647,30,1090,4105.949932046528
True,0.00731845,30,1091,4099.228661806804
True,0.00767968,30,1092,3906.412767198633
True,0.0080657,30,1093,3719.453984155126
True,0.00807403,30,1094,3715.6166127695838
True,0.00808219,30,1095,3711.86522464827
True,0.00804676,30,1096,3728.20862061252
True,0.00803238,30,1097,3734.883060811366
True,0.00801792,30,1098,3741.6187739463603
True,0.00802907,30,1099,3736.4227737459014
True,0.00802598,30,1100,3737.8612954430487
True,0.00803726,30,1101,3732.615344035157
True,0.00802423,30,1102,3738.6764836002953
True,0.00795993,30,1103,3768.877364499436
True,0.00730015,30,1104,4109.504599220564
True,0.00728745,30,1105,4116.66632361114
True,0.00730084,30,1106,4109.116211285276
True,0.00730339,30,1107,4107.681501330204
True,0.00728833,30,1108,4116.169273345197
True,0.00731956,30,1109,4098.607020094104
True,0.00729731,30,1110,4111.103954744967
True,0.00728325,30,1111,4119.040263618577
True,0.00728672,30,1112,4117.078740503272
True,0.0072966,30,1113,4111.503988158868
True,0.00742361,30,1114,4041.160567432826
True,0.00730286,30,1115,4107.979613466505
True,0.00729545,30,1116,4112.152094798813
True,0.00729263,30,1117,4113.742230169363
True,0.00730822,30,1118,4104.966736086215
True,0.00729908,30,1119,4110.107027186988
True,0.00729582,30,1120,4111.943551238929
True,0.00730398,30,1121,4107.349691538038
True,0.00727366,30,1122,4124.471036589557
True,0.00732389,30,1123,4096.183858577887
True,0.00728366,30,1124,4118.80840127079
True,0.00730488,30,1125,4106.843644248776
True,0.00729113,30,1126,4114.588548002847
True,0.0073044,30,1127,4107.11352061771
True,0.00728217,30,1128,4119.651147940793
True,0.00729608,30,1129,4111.79701976952
True,0.00729457,30,1130,4112.648175286548
True,0.00730162,30,1131,4108.677252445348
True,0.00730359,30,1132,4107.5690174284155
True,0.00729868,30,1133,4110.332279261455
True,0.0072819,30,1134,4119.8038973344865
True,0.00730391,30,1135,4107.389055998773
True,0.00729176,30,1136,4114.233052102647
True,0.00732151,30,1137,4097.51540324332
True,0.0072977,30,1138,4110.884251202434
True,0.00728807,30,1139,4116.316116612492
True,0.00729773,30,1140,4110.867351902578
True,0.00731522,30,1141,4101.038656390375
True,0.00729152,30,1142,4114.368471868691
True,0.00729185,30,1143,4114.18227198859
True,0.00728538,30,1144,4117.835994827998
True,0.00727003,30,1145,4126.530426972103
True,0.00728529,30,1146,4117.886865176266
True,0.00728976,30,1147,4115.361822611444
True,0.00728165,30,1148,4119.945342058462
True,0.0072907,30,1149,4114.831223339323
True,0.00728635,30,1150,4117.287805279736
True,0.00728653,30,1151,4117.186095439119
True,0.0073072,30,1152,4105.539741624699
True,0.00729251,30,1153,4113.809922783787
True,0.00728039,30,1154,4120.658371323514
True,0.0072907,30,1155,4114.831223339323
True,0.00727182,30,1156,4125.514657953579
True,0.00729172,30,1157,4114.255621444598
True,0.00728463,30,1158,4118.25995280474
True,0.00729814,30,1159,4110.636408728799
True,0.00728828,30,1160,4116.197511621397
True,0.00729658,30,1161,4111.515257833122
True,0.00727217,30,1162,4125.316102346343
True,0.00730037,30,1163,4109.380757413665
True,0.0072833,30,1164,4119.01198632488
True,0.00729265,30,1165,4113.730948283545
True,0.00731158,30,1166,4103.080319164941
True,0.00728738,30,1167,4116.705866854754
True,0.00729281,30,1168,4113.640695424671
True,0.00729833,30,1169,4110.529395080793
True,0.00729247,30,1170,4113.832487483664
True,0.00730455,30,1171,4107.029180442327
True,0.00729766,30,1172,4110.906783818375
True,0.00729334,30,1173,4113.341761113564
True,0.0072959,30,1174,4111.898463520607
True,0.00730176,30,1175,4108.5984748882465
True,0.00733648,30,1176,4089.1544718993305
True,0.00729837,30,1177,4110.5068666017205
True,0.00728824,30,1178,4116.220102521323
True,0.00727187,30,1179,4125.486291696634
True,0.00731513,30,1180,4101.089112565327
True,0.00730835,30,1181,4104.893717460165
True,0.00729558,30,1182,4112.078820326828
True,0.00729997,30,1183,4109.605929887383
True,0.00728162,30,1184,4119.962316078016
True,0.00728849,30,1185,4116.078913464929
True,0.00730403,30,1186,4107.321574528034
True,0.00730151,30,1187,4108.739151216666
True,0.00729764,30,1188,4110.918050218975
True,0.0072984,30,1189,4110.489970404472
True,0.00728694,30,1190,4116.954441782147
True,0.00730436,30,1191,4107.136011916171
True,0.00730627,30,1192,4106.062327288753
True,0.00729991,30,1193,4109.639707886809
True,0.00732273,30,1194,4096.832738609781
True,0.00730103,30,1195,4109.009276773278
True,0.00727803,30,1196,4121.994550723204
True,0.00729417,30,1197,4112.87370598711
True,0.00729045,30,1198,4114.972326811102
True,0.00731158,30,1199,4103.080319164941
True,0.00729775,30,1200,4110.856085779864
True,0.00729543,30,1201,4112.163368026285
True,0.00727464,30,1202,4123.915410247105
True,0.00730621,30,1203,4106.096047061335
True,0.00729706,30,1204,4111.244802701362
True,0.0073016,30,1205,4108.688506628684
True,0.00728454,30,1206,4118.310833628479
True,0.00727444,30,1207,4124.028791219668
True,0.00729818,30,1208,4110.613879076702
True,0.00731822,30,1209,4099.357494035435
True,0.00729955,30,1210,4109.842387544438
True,0.00730163,30,1211,4108.671625376799
True,0.00728845,30,1212,4116.101503063065
True,0.0072803,30,1213,4120.709311429474
True,0.00729488,30,1214,4112.473406005308
True,0.00729891,30,1215,4110.202756301968
True,0.00729789,30,1216,4110.777224649864
True,0.00728949,30,1217,4115.514254083619
True,0.00730193,30,1218,4108.502820487186
True,0.00728427,30,1219,4118.4634836435225
True,0.0073062,30,1220,4106.101667077277
True,0.00730259,30,1221,4108.131498550514
True,0.00729722,30,1222,4111.154658897498
True,0.00732394,30,1223,4096.155894231793
True,0.00728745,30,1224,4116.66632361114
True,0.00731229,30,1225,4102.681923173178
True,0.00729877,30,1226,4110.2815953921
True,0.00730246,30,1227,4108.204632411544
True,0.0073025,30,1228,4108.182129407737
True,0.00730682,30,1229,4105.753255178039
True,0.00728906,30,1230,4115.757038630496
True,0.00729798,30,1231,4110.726529806878
True,0.00730246,30,1232,4108.204632411544
True,0.00730292,30,1233,4107.94586275079
True,0.00729975,30,1234,4109.729785266619
True,0.0073009,30,1235,4109.082441890726
True,0.00728597,30,1236,4117.50254255782
True,0.00730898,30,1237,4104.539894759598
True,0.00729302,30,1238,4113.522244557124
True,0.00729483,30,1239,4112.5015935943675
True,0.0072864,30,1240,4117.259552042161
True,0.00799338,30,1241,3753.1056949625818
True,0.00801983,30,1242,3740.7276712848025
True,0.00803203,30,1243,3735.0458103368633
True,0.00802087,30,1244,3740.2426420076627
True,0.0080217,30,1245,3739.8556415722355
True,0.00803277,30,1246,3734.7017280464897
True,0.00807716,30,1247,3714.176765100605
True,0.00805695,30,1248,3723.4933814905144
True,0.0080656,30,1249,3719.5000991866696
True,0.00803993,30,1250,3731.3757706845704
True,0.00801572,30,1251,3742.6457011971474
True,0.008012,30,1252,3744.383424862706
True,0.00815323,30,1253,3679.523330017674
True,0.00804943,30,1254,3726.971971928447
True,0.008061,30,1255,3721.6226274655746
True,0.00803827,30,1256,3732.146344922477
True,0.00805307,30,1257,3725.28737487691
True,0.0080192,30,1258,3741.0215482841177
True,0.00801436,30,1259,3743.280810944355
True,0.00800119,30,1260,3749.442270462269
True,0.008014,30,1261,3743.448964312453
True,0.00800857,30,1262,3745.9871113070126
True,0.00802879,30,1263,3736.553079604773
True,0.00800035,30,1264,3749.8359446774202
True,0.00800839,30,1265,3746.0713077160326
True,0.00754364,30,1266,3976.8599774114355
True,0.0072851,30,1267,4117.994262261328
True,0.00726271,30,1268,4130.689508461717
True,0.00729408,30,1269,4112.924453803633
True,0.00727527,30,1270,4123.558300929038
True,0.00727794,30,1271,4122.0455238707655
True,0.00729078,30,1272,4114.7860722721025
True,0.00728605,30,1273,4117.457332848388
True,0.00728056,30,1274,4120.5621545595395
True,0.00729097,30,1275,4114.678842458548
True,0.00728215,30,1276,4119.662462322253
True,0.00731867,30,1277,4099.1054385564585
True,0.0072761,30,1278,4123.087917978038
True,0.00727146,30,1279,4125.718906519461
True,0.00728301,30,1280,4119.176000032953
True,0.00728777,30,1281,4116.485564171207
True,0.00728004,30,1282,4120.856478810556
True,0.00728491,30,1283,4118.101664948503
True,0.00728523,30,1284,4117.920779440045
True,0.00728411,30,1285,4118.553948251742
True,0.00729658,30,1286,4111.515257833122
True,0.00729908,30,1287,4110.107027186988
True,0.00728583,30,1288,4117.58166193831
True,0.00728943,30,1289,4115.548129277598
True,0.00727607,30,1290,4123.104917902109
True,0.00728294,30,1291,4119.215591505628
True,0.00730564,30,1292,4106.416412525117
True,0.00728308,30,1293,4119.1364093213315
True,0.0072838,30,1294,4118.729234740108
True,0.00728019,30,1295,4120.771573269379
True,0.00726938,30,1296,4126.899405451359
True,0.00728411,30,1297,4118.553948251742
True,0.00728338,30,1298,4118.9667434625135
True,0.00727787,30,1299,4122.085170523794
True,0.00727535,30,1300,4123.512958139471
True,0.00729781,30,1301,4110.822287782225
True,0.00726849,30,1302,4127.404729180339
True,0.00729618,30,1303,4111.740664292822
True,0.00727383,30,1304,4124.3746416949525
True,0.00728079,30,1305,4120.431986089422
True,0.00729943,30,1306,4109.9099518729545
True,0.00726207,30,1307,4131.053542584966
True,0.00727277,30,1308,4124.975765767376
True,0.00728021,30,1309,4120.760252794906
True,0.00728226,30,1310,4119.600233993294
True,0.00728082,30,1311,4120.415008199626
True,0.00727697,30,1312,4122.59498115287
True,0.00726293,30,1313,4130.56438654923
True,0.00727517,30,1314,4123.614980818317
True,0.00729225,30,1315,4113.956597757893
True,0.00726624,30,1316,4128.68278504426
True,0.00727269,30,1317,4125.021140733346
True,0.00725087,30,1318,4137.434542337678
True,0.00727617,30,1319,4123.048252033694
True,0.00729273,30,1320,4113.6858213590795
True,0.00727145,30,1321,4125.724580379429
True,0.00727425,30,1322,4124.136508918445
True,0.00727636,30,1323,4122.940591174708
True,0.00725696,30,1324,4133.962430549432
True,0.00726646,30,1325,4128.55778467094
True,0.00726559,30,1326,4129.052148552286
True,0.00728291,30,1327,4119.232559512612
True,0.00727264,30,1328,4125.0495005940065
True,0.0072687,30,1329,4127.285484336951
True,0.00729029,30,1330,4115.06263811179
True,0.00728712,30,1331,4116.8527484108945
True,0.00728108,30,1332,4120.267872348608
True,0.00729135,30,1333,4114.464399596783
True,0.0073093,30,1334,4104.360198651033
True,0.00728145,30,1335,4120.0585048307685
True,0.00729644,30,1336,4111.594147282784
True,0.00729654,30,1337,4111.537797366971
True,0.00728875,30,1338,4115.932087120563
True,0.00729429,30,1339,4112.8060441797625
True,0.00727121,30,1340,4125.860757700575
True,0.00728567,30,1341,4117.67208781073
True,0.00728396,30,1342,4118.638762431425
True,0.00728833,30,1343,4116.169273345197
True,0.00728002,30,1344,4120.867799813736
True,0.00728176,30,1345,4119.883105183362
True,0.00726519,30,1346,4129.279482023181
True,0.00728353,30,1347,4118.8819157743565
True,0.0072798,30,1348,4120.992334954257
True,0.00730511,30,1349,4106.714341057151
True,0.00727769,30,1350,4122.187122562242
True,0.00727159,30,1351,4125.645147759981
True,0.00726994,30,1352,4126.581512364613
True,0.00729134,30,1353,4114.47004254362
True,0.00728206,30,1354,4119.713377807928
True,0.00727876,30,1355,4121.581148437372
True,0.0072809,30,1356,4120.369734510844
True,0.00726843,30,1357,4127.438800401187
True,0.00727699,30,1358,4122.583650657758
True,0.00728447,30,1359,4118.3504084717215
True,0.00727226,30,1360,4125.2650482793515
True,0.0072848,30,1361,4118.163848012299
True,0.00726877,30,1362,4127.245737586964
True,0.00729299,30,1363,4113.539165691986
True,0.00728034,30,1364,4120.686671226894
True,0.00728452,30,1365,4118.322140648937
True,0.00728748,30,1366,4116.649376739285
True,0.00728845,30,1367,4116.101503063065
True,0.00726308,30,1368,4130.479080500284
True,0.00728585,30,1369,4117.570358983509
True,0.0072805,30,1370,4120.5961129043335
True,0.00729428,30,1371,4112.811682578678
True,0.0072732,30,1372,4124.731892426992
True,0.00728207,30,1373,4119.707720469592
True,0.00726704,30,1374,4128.228274510668
True,0.00728041,30,1375,4120.647051471003
True,0.00728286,30,1376,4119.2608398349
True,0.00730531,30,1377,4106.601910117435
True,0.0072744,30,1378,4124.051468162323
True,0.00727722,30,1379,4122.453354440295
True,0.00726893,30,1380,4127.154890747332
True,0.00728375,30,1381,4118.757508151707
True,0.00727888,30,1382,4121.513199832942
True,0.0072882,30,1383,4116.242693669219
True,0.00727705,30,1384,4122.549659546107
True,0.00726879,30,1385,4127.234381513292
True,0.00727748,30,1386,4122.306072981307
True,0.00728741,30,1387,4116.688919657327
True,0.00728609,30,1388,4117.434728365968
True,0.00728968,30,1389,4115.4069863149
True,0.0072737,30,1390,4124.448355032514
True,0.0072729,30,1391,4124.902033576703
True,0.00730384,30,1392,4107.4284212140465
True,0.0074245,30,1393,4040.6761398073945
True,0.00727708,30,1394,4122.532664200476
True,0.0072841,30,1395,4118.559602421713
True,0.00726865,30,1396,4127.313875341363
True,0.00728209,30,1397,4119.696405839532
True,0.00727607,30,1398,4123.104917902109
True,0.00728388,30,1399,4118.683998088931
True,0.00728227,30,1400,4119.594576965698
True,0.00728389,30,1401,4118.678343577401
True,0.00727655,30,1402,4122.832935938048
True,0.00747251,30,1403,4014.7152697018805
True,0.00800981,30,1404,3745.4071944278335
True,0.00803565,30,1405,3733.3632002389354
True,0.00803643,30,1406,3733.000847391192
True,0.00801582,30,1407,3742.599010456822
True,0.00801095,30,1408,3744.87420343405
True,0.00801838,30,1409,3741.404124025052
True,0.00801424,30,1410,3743.3368603885083
True,0.00802173,30,1411,3739.8416551043233
True,0.00775953,30,1412,3866.213546439024
True,0.00729428,30,1413,4112.811682578678
True,0.00728824,30,1414,4116.220102521323
True,0.00728891,30,1415,4115.8417376535035
True,0.00728077,30,1416,4120.443304760348
True,0.00727663,30,1417,4122.787609099267
True,0.00728168,30,1418,4119.928368178772
True,0.00731505,30,1419,4101.1339635409195
True,0.00727654,30,1420,4122.8386018629735
True,0.00729162,30,1421,4114.312045882808
True,0.00730676,30,1422,4105.786969874473
True,0.00732766,30,1423,4094.076417301021
True,0.00732944,30,1424,4093.0821454299376
True,0.00731541,30,1425,4100.932141875848
True,0.00733157,30,1426,4091.8930051817006
True,0.0075482,30,1427,3974.457486553086
True,0.00753693,30,1428,3980.400507899105
True,0.00733734,30,1429,4088.675187465757
True,0.00729247,30,1430,4113.832487483664
True,0.00728329,30,1431,4119.017641752559
True,0.00729882,30,1432,4110.253438227001
True,0.0073379,30,1433,4088.363155671241
True,0.00728804,30,1434,4116.333060740611
True,0.00727463,30,1435,4123.921079147668
True,0.00728208,30,1436,4119.702063146793
True,0.00728739,30,1437,4116.700217773441
True,0.0072972,30,1438,4111.1659266567995
True,0.00728867,30,1439,4115.977263341598
True,0.00726844,30,1440,4127.4331218253155
True,0.0072868,30,1441,4117.0335400999065
True,0.00728013,30,1442,4120.805535065994
True,0.00729107,30,1443,4114.622407959326
True,0.00728856,30,1444,4116.039382264809
True,0.00728575,30,1445,4117.6268743780665
True,0.00727046,30,1446,4126.2863697757775
True,0.00728139,30,1447,4120.092454874687
True,0.00731154,30,1448,4103.102766311885
True,0.00728839,30,1449,4116.13538792518
True,0.00728458,30,1450,4118.288219773824
True,0.00726908,30,1451,4127.069725467322
True,0.00727542,30,1452,4123.4732840165925
True,0.00727341,30,1453,4124.612801973215
True,0.00727726,30,1454,4122.430695069298
True,0.00730156,30,1455,4108.711015180317
True,0.00727884,30,1456,4121.535849118815
True,0.00727484,30,1457,4123.802035508685
True,0.00728538,30,1458,4117.835994827998
True,0.00728761,30,1459,4116.57594190688
True,0.00728405,30,1460,4118.587873504438
True,0.00728914,30,1461,4115.711867243598
True,0.00729619,30,1462,4111.735028830115
True,0.00726529,30,1463,4129.222646308682
True,0.00727849,30,1464,4121.734040989271
True,0.00728551,30,1465,4117.762517654906
True,0.00728452,30,1466,4118.322140648937
True,0.00728461,30,1467,4118.27125954581
True,0.00726706,30,1468,4128.216913029479
True,0.00728995,30,1469,4115.2545627884965
True,0.00727552,30,1470,4123.4166080225195
True,0.00727667,30,1471,4122.76494605362
True,0.00728566,30,1472,4117.677739559628
True,0.00727469,30,1473,4123.887065978069
True,0.0072617,30,1474,4131.264029084098
True,0.0072843,30,1475,4118.446521971912
True,0.00730213,30,1476,4108.390291599848
True,0.00727467,30,1477,4123.898403638928
True,0.00728209,30,1478,4119.696405839532
True,0.0072675,30,1479,4127.96697626419
True,0.0072729,30,1480,4124.902033576703
True,0.00728144,30,1481,4120.064163132567
True,0.00727052,30,1482,4126.252317578385
True,0.00727906,30,1483,4121.411281126959
True,0.00727529,30,1484,4123.546965138159
True,0.00727023,30,1485,4126.416908405924
True,0.00727246,30,1486,4125.151599321275
True,0.00728389,30,1487,4118.678343577401
True,0.00727752,30,1488,4122.2834152293635
True,0.00728507,30,1489,4118.011220207904
True,0.00726352,30,1490,4130.228869749102
True,0.00729753,30,1491,4110.9800165261395
True,0.00726888,30,1492,4127.183279955097
True,0.00727462,30,1493,4123.926748063816
True,0.00727145,30,1494,4125.724580379429
True,0.00727689,30,1495,4122.640303756138
True,0.00726855,30,1496,4127.370658521988
True,0.00728606,30,1497,4117.451681704515
True,0.00728632,30,1498,4117.304757408404
True,0.00729006,30,1499,4115.1924675517075
True,0.00729419,30,1500,4112.862428864617
True,0.00727698,30,1501,4122.589315897529
True,0.00729966,30,1502,4109.780455528065
True,0.00729418,30,1503,4112.868067418133
True,0.00730688,30,1504,4105.719541035298
True,0.00733201,30,1505,4091.647447289352
True,0.00730311,30,1506,4107.8389891429815
True,0.00728554,30,1507,4117.745561756576
True,0.00728687,30,1508,4116.993990561105
True,0.00730185,30,1509,4108.547833768154
True,0.00729611,30,1510,4111.780112964306
True,0.00729328,30,1511,4113.375600552838
True,0.00728857,30,1512,4116.033735012492
True,0.00727902,30,1513,4121.43392929268
True,0.0072914,30,1514,4114.436185094769
True,0.00729004,30,1515,4115.203757455377
True,0.00728496,30,1516,4118.073400540291
True,0.00729014,30,1517,4115.1473085564885
True,0.00727133,30,1518,4125.792667916323
True,0.00730781,30,1519,4105.197042616051
True,0.0072893,30,1520,4115.621527444336
True,0.0072896,30,1521,4115.452151009657
True,0.00728641,30,1522,4117.253901441176
True,0.00729722,30,1523,4111.154658897498
True,0.00727517,30,1524,4123.614980818317
True,0.00729107,30,1525,4114.622407959326
True,0.00728965,30,1526,4115.423922959264
True,0.00729008,30,1527,4115.181177709984
True,0.00728588,30,1528,4117.5534046676585
True,0.00729053,30,1529,4114.927172647256
True,0.00727862,30,1530,4121.660424640934
True,0.00728317,30,1531,4119.085508096063
True,0.007427,30,1532,4039.3160091557834
True,0.0073045,30,1533,4107.057293449244
True,0.00728242,30,1534,4119.509723416117
True,0.00728382,30,1535,4118.717925484156
True,0.00729008,30,1536,4115.181177709984
True,0.00728842,30,1537,4116.118445424386
True,0.00729067,30,1538,4114.848155244991
True,0.00728541,30,1539,4117.819038324542
True,0.00731126,30,1540,4103.259903217777
True,0.00728088,30,1541,4120.381052839766
True,0.00729045,30,1542,4114.972326811102
True,0.00730083,30,1543,4109.121839571665
True,0.00729855,30,1544,4110.405491501737
True,0.00729846,30,1545,4110.456178426682
True,0.00729427,30,1546,4112.817320993054
True,0.00729249,30,1547,4113.821205102784
True,0.00731554,30,1548,4100.859266711685
True,0.00745928,30,1549,4021.8358876459924
True,0.00804168,30,1550,3730.5637627958336
True,0.00803185,30,1551,3735.129515615954
True,0.00802675,30,1552,3737.502725262404
True,0.00749677,30,1553,4001.723408881425
True,0.00729496,30,1554,4112.42830666652
True,0.00729415,30,1555,4112.884983171445
True,0.00727121,30,1556,4125.860757700575
True,0.00729757,30,1557,4110.9574831073905
True,0.0072913,30,1558,4114.492614485757
True,0.00729302,30,1559,4113.522244557124
True,0.00729163,30,1560,4114.306403369343
True,0.00731457,30,1561,4101.403089997088
True,0.00728152,30,1562,4120.018897153342
True,0.00728648,30,1563,4117.214347668559
True,0.00727906,30,1564,4121.411281126959
True,0.00728381,30,1565,4118.723580104369
True,0.0072865,30,1566,4117.203046730255
True,0.00728129,30,1567,4120.14903952459
True,0.00729071,30,1568,4114.825579401732
True,0.00729504,30,1569,4112.383208316884
True,0.00728583,30,1570,4117.58166193831
True,0.00730079,30,1571,4109.144352871402
True,0.00728314,30,1572,4119.102475031374
True,0.00727691,30,1573,4122.628973011896
True,0.00729443,30,1574,4112.727108218189
True,0.00729115,30,1575,4114.577261474527
True,0.00733563,30,1576,4089.628293684387
True,0.00733017,30,1577,4092.674521873299
True,0.00730402,30,1578,4107.327197899239
True,0.00729833,30,1579,4110.529395080793
True,0.00728551,30,1580,4117.762517654906
True,0.00728983,30,1581,4115.322305184071
True,0.00728169,30,1582,4119.922710249955
True,0.0072848,30,1583,4118.163848012299
True,0.00726217,30,1584,4130.996658023703
True,0.00728236,30,1585,4119.54366441648
True,0.0072788,30,1586,4121.558498653624
True,0.00727823,30,1587,4121.881281575328
True,0.00727701,30,1588,4122.572320224927
True,0.00727031,30,1589,4126.371502728219
True,0.00728415,30,1590,4118.531331727107
True,0.00728286,30,1591,4119.2608398349
True,0.00728343,30,1592,4118.938467178239
True,0.00727971,30,1593,4121.043283317605
True,0.0072709,30,1594,4126.036666712512
True,0.00726423,30,1595,4129.82518449994
True,0.00727693,30,1596,4122.6176423299385
True,0.00728427,30,1597,4118.4634836435225
True,0.0072747,30,1598,4123.881397171017
True,0.00728076,30,1599,4120.44896411913
True,0.00726588,30,1600,4128.887347437612
True,0.00727078,30,1601,4126.104764550709
True,0.00726511,30,1602,4129.324951721309
True,0.00726756,30,1603,4127.932896322837
True,0.00728881,30,1604,4115.898205605579
True,0.00727459,30,1605,4123.943754905775
True,0.00726027,30,1606,4132.077732646307
True,0.00727228,30,1607,4125.2537031027405
True,0.0072645,30,1608,4129.671691100558
True,0.00728033,30,1609,4120.692331254215
True,0.00726788,30,1610,4127.751146138901
True,0.00727266,30,1611,4125.038156602948
True,0.00725244,30,1612,4136.538875192349
True,0.00727621,30,1613,4123.025586122446
True,0.00727152,30,1614,4125.684863687372
True,0.00727575,30,1615,4123.286259148541
True,0.0072752,30,1616,4123.597976687926
True,0.00725651,30,1617,4134.218791126864
True,0.00726584,30,1618,4128.910077843718
True,0.00729313,30,1619,4113.460201586973
True,0.00726708,30,1620,4128.205551610826
True,0.00727565,30,1621,4123.342931559379
True,0.00727698,30,1622,4122.589315897529
True,0.0072648,30,1623,4129.501156260324
True,0.0072709,30,1624,4126.036666712512
True,0.00727894,30,1625,4121.479226370872
True,0.00726443,30,1626,4129.711484589981
True,0.00727232,30,1627,4125.231012936724
True,0.00725407,30,1628,4135.609388936142
True,0.00726902,30,1629,4127.103791157542
True,0.00726765,30,1630,4127.881777465894
True,0.00727655,30,1631,4122.832935938048
True,0.00727423,30,1632,4124.147847950918
True,0.00730488,30,1633,4106.843644248776
True,0.00725426,30,1634,4135.501071094777
True,0.00727429,30,1635,4124.113831040555
True,0.0072662,30,1636,4128.705513198095
True,0.00725946,30,1637,4132.538783876487
True,0.00727284,30,1638,4124.936063491016
True,0.00725965,30,1639,4132.430626820852
True,0.00726718,30,1640,4128.148745455596
True,0.0072731,30,1641,4124.788604584015
True,0.00727885,30,1642,4121.53018677401
True,0.00727554,30,1643,4123.405273010663
True,0.00727449,30,1644,4124.000445392048
True,0.0072591,30,1645,4132.743728561391
True,0.00727607,30,1646,4123.104917902109
True,0.00729483,30,1647,4112.5015935943675
True,0.00727995,30,1648,4120.907423814724
True,0.00727708,30,1649,4122.532664200476
True,0.00725697,30,1650,4133.956734008822
True,0.00727425,30,1651,4124.136508918445
True,0.0072723,30,1652,4125.242357988532
True,0.00727397,30,1653,4124.2952610472685
True,0.00727042,30,1654,4126.309071552951
True,0.00727676,30,1655,4122.713955111891
True,0.00725867,30,1656,4132.988550244053
True,0.00729105,30,1657,4114.633694735326
True,0.00728145,30,1658,4120.0585048307685
True,0.00728882,30,1659,4115.892558740647
True,0.0072798,30,1660,4120.992334954257
True,0.00726872,30,1661,4127.2741280445525
True,0.00729867,30,1662,4110.3379108796535
True,0.00727654,30,1663,4122.8386018629735
True,0.00728043,30,1664,4120.635731680683
True,0.00728917,30,1665,4115.69492822914
True,0.00727646,30,1666,4122.883929823019
True,0.00726914,30,1667,4127.035660339462
True,0.00728268,30,1668,4119.3626522104505
True,0.00729077,30,1669,4114.791716101317
True,0.00728347,30,1670,4118.915846430342
True,0.00727992,30,1671,4120.924405762701
True,0.00726819,30,1672,4127.5750909098415
True,0.0074293,30,1673,4038.0654974223685
True,0.00728015,30,1674,4120.794214404923
True,0.00728581,30,1675,4117.592964955166
True,0.0073068,30,1676,4105.764493348662
True,0.00727846,30,1677,4121.751029750799
True,0.00726633,30,1678,4128.631647613031
True,0.00727932,30,1679,4121.264074116813
True,0.00727876,30,1680,4121.581148437372
True,0.00727842,30,1681,4121.773681650688
True,0.0072836,30,1682,4118.84233071558
True,0.00728827,30,1683,4116.203159323131
True,0.00727016,30,1684,4126.456639193635
True,0.00729057,30,1685,4114.904595936943
True,0.00729078,30,1686,4114.7860722721025
True,0.00729702,30,1687,4111.2673392700035
True,0.00728519,30,1688,4117.94338925958
True,0.00727327,30,1689,4124.69219484496
True,0.00753963,30,1690,3978.9750955948766
True,0.00801542,30,1691,3742.785780408263
True,0.00801574,30,1692,3742.636362955884
True,0.00802055,30,1693,3740.3918683880784
True,0.00801591,30,1694,3742.556989786562
True,0.00800807,30,1695,3746.2209995666867
True,0.00801857,30,1696,3741.3154714618695
True,0.00802278,30,1697,3739.352194625803
True,0.00799989,30,1698,3750.0515632089937
True,0.00800514,30,1699,3747.5921720294705
True,0.00800779,30,1700,3746.3519897499805
True,0.00800827,30,1701,3746.1274407581163
True,0.00800332,30,1702,3748.444395575836
True,0.00803557,30,1703,3733.4003686110627
True,0.00802014,30,1704,3740.5830820908363
True,0.00801999,30,1705,3740.6530432082836
True,0.00800852,30,1706,3746.010498818758
True,0.00801564,30,1707,3742.683054628202
True,0.00801254,30,1708,3744.131074540657
True,0.00801507,30,1709,3742.9492194079407
True,0.00802743,30,1710,3737.1861230804875
True,0.00801598,30,1711,3742.524307695378
True,0.00800739,30,1712,3746.5391344745294
True,0.00800273,30,1713,3748.720749044389
True,0.00800375,30,1714,3748.243011088552
True,0.00801043,30,1715,3745.1173033158016
True,0.00804303,30,1716,3729.9375981439835
True,0.00801163,30,1717,3744.5563512044364
True,0.00801062,30,1718,3745.0284746998364
True,0.00801621,30,1719,3742.4169277002475
True,0.00801256,30,1720,3744.1217288856496
True,0.00801597,30,1721,3742.5289765306006
True,0.00800473,30,1722,3747.784122637491
True,0.00802335,30,1723,3739.086541157995
True,0.00801103,30,1724,3744.8368062533777
True,0.00801318,30,1725,3743.8320367195047
True,0.00802263,30,1726,3739.4221097071663
True,0.00805052,30,1727,3726.4673586302497
True,0.00727879,30,1728,4121.564161076222
True,0.0073271,30,1729,4094.389321832649
True,0.0072975,30,1730,4110.996916752312
True,0.00729123,30,1731,4114.532115980432
True,0.00726939,30,1732,4126.8937283596015
True,0.00727751,30,1733,4122.289079643999
True,0.00728124,30,1734,4120.1773324323885
True,0.00727779,30,1735,4122.130481918274
True,0.00728237,30,1736,4119.538007544247
True,0.00728217,30,1737,4119.651147940793
True,0.00728217,30,1738,4119.651147940793
True,0.0072719,30,1739,4125.469272129704
True,0.00728142,30,1740,4120.075479782789
True,0.00728575,30,1741,4117.6268743780665
True,0.00729427,30,1742,4112.817320993054
True,0.0073123,30,1743,4102.676312514531
True,0.00726041,30,1744,4131.998055206249
True,0.00728248,30,1745,4119.475782975031
True,0.00731138,30,1746,4103.192557355793
True,0.00730992,30,1747,4104.01208221157
True,0.00731325,30,1748,4102.143369910778
True,0.00729874,30,1749,4110.298489876335
True,0.00725771,30,1750,4133.535233565409
True,0.00727802,30,1751,4122.0002143440115
True,0.00726917,30,1752,4127.018627986414
True,0.00727279,30,1753,4124.964422181859
True,0.00726979,30,1754,4126.6666574962965
True,0.00727692,30,1755,4122.623307663132
True,0.00725229,30,1756,4136.6244317312185
True,0.00727653,30,1757,4122.844267803473
True,0.00729273,30,1758,4113.6858213590795
True,0.00727887,30,1759,4121.518862131073
True,0.00727363,30,1760,4124.488047921052
True,0.00726699,30,1761,4128.2566784872415
True,0.00726732,30,1762,4128.069219464672
True,0.00727847,30,1763,4121.745366814729
True,0.00726372,30,1764,4130.115147610315
True,0.00726496,30,1765,4129.410210104392
True,0.0072654,30,1766,4129.160128829796
True,0.00725848,30,1767,4133.096736506816
True,0.00727101,30,1768,4125.974245668759
True,0.00728224,30,1769,4119.611548095092
True,0.00727567,30,1770,4123.331596952583
True,0.00728141,30,1771,4120.081138131213
True,0.00729562,30,1772,4112.056274860807
True,0.00728606,30,1773,4117.451681704515
True,0.00729577,30,1774,4111.971731565002
True,0.00729992,30,1775,4109.634078181679
True,0.00729259,30,1776,4113.764794126641
True,0.00729171,30,1777,4114.261263818775
True,0.00728059,30,1778,4120.5451755970325
True,0.00729569,30,1779,4112.016820890142
True,0.00730217,30,1780,4108.367786562077
True,0.00729245,30,1781,4113.8437699264305
True,0.00728956,30,1782,4115.474733728785
True,0.00727883,30,1783,4121.54151147918
True,0.00728578,30,1784,4117.609919596804
True,0.00729114,30,1785,4114.582904730947
True,0.00730662,30,1786,4105.865639652809
True,0.00729093,30,1787,4114.701416691698
True,0.00729486,30,1788,4112.484680994563
True,0.00728724,30,1789,4116.784955621058
True,0.00729015,30,1790,4115.141663751775
True,0.00729409,30,1791,4112.918815095509
True,0.00728823,30,1792,4116.225750285049
True,0.00729092,30,1793,4114.707060288688
True,0.00728029,30,1794,4120.714971518992
True,0.00727454,30,1795,4123.972099954086
True,0.00728282,30,1796,4119.283464372317
True,0.00728253,30,1797,4119.44749970134
True,0.00728486,30,1798,4118.129929744703
True,0.00729076,30,1799,4114.797359946014
True,0.00727131,30,1800,4125.804016057629
True,0.00730654,30,1801,4105.910595165427
True,0.00727739,30,1802,4122.357053833861
True,0.00727717,30,1803,4122.481679004338
True,0.00728149,30,1804,4120.03587177899
True,0.00728311,30,1805,4119.119442106463
True,0.00726446,30,1806,4129.694430143465
True,0.00727995,30,1807,4120.907423814724
True,0.00728496,30,1808,4118.073400540291
True,0.00742005,30,1809,4043.0994400307277
True,0.00727644,30,1810,4122.895261968764
True,0.00728167,30,1811,4119.934026123128
True,0.00726827,30,1812,4127.529659740213
True,0.00728549,30,1813,4117.773821664706
True,0.00728196,30,1814,4119.769952045878
True,0.0073111,30,1815,4103.349701139364
True,0.0072886,30,1816,4116.016793348517
True,0.00727725,30,1817,4122.436359888694
True,0.00728118,30,1818,4120.211284434666
True,0.00728952,30,1819,4115.49731669575
True,0.00728758,30,1820,4116.5928881741265
True,0.00727951,30,1821,4121.156506413206
True,0.00727779,30,1822,4122.130481918274
True,0.00726796,30,1823,4127.705711093622
True,0.00728499,30,1824,4118.056442081595
True,0.0072834,30,1825,4118.955432902216
True,0.00728291,30,1826,4119.232559512612
True,0.00728056,30,1827,4120.5621545595395
True,0.00726519,30,1828,4129.279482023181
True,0.00730408,30,1829,4107.29345790298
True,0.00729264,30,1830,4113.736589218719
True,0.00728834,30,1831,4116.163625736451
True,0.0072812,30,1832,4120.1999670384
True,0.00729493,30,1833,4112.445218802648
True,0.00727406,30,1834,4124.244232244441
True,0.00728158,30,1835,4119.984948321656
True,0.00728426,30,1836,4118.469137565106
True,0.00728416,30,1837,4118.525677634759
True,0.00728211,30,1838,4119.685091271624
True,0.00727703,30,1839,4122.560989854377
True,0.00728884,30,1840,4115.881265057265
True,0.00728878,30,1841,4115.915146293344
True,0.00729781,30,1842,4110.822287782225
True,0.00730177,30,1843,4108.592848035476
True,0.00727724,30,1844,4122.442024723659
True,0.00727084,30,1845,4126.070715350634
True,0.00728723,30,1846,4116.790604934934
True,0.00729239,30,1847,4113.877617626045
True,0.00729007,30,1848,4115.186822623103
True,0.00730465,30,1849,4106.972955583087
True,0.0072981,30,1850,4110.658938627862
True,0.00728594,30,1851,4117.519496454815
True,0.00728855,30,1852,4116.045029532623
True,0.00729766,30,1853,4110.906783818375
True,0.00729948,30,1854,4109.881799799438
True,0.00729068,30,1855,4114.842511260952
True,0.00727819,30,1856,4121.903934906893
True,0.00728665,30,1857,4117.118291670383
True,0.00730926,30,1858,4104.382659804139
True,0.00729619,30,1859,4111.735028830115
True,0.00728669,30,1860,4117.095690910413
True,0.00728584,30,1861,4117.576010453153
True,0.00727337,30,1862,4124.635485338983
True,0.00729584,30,1863,4111.9322792166495
True,0.00728383,30,1864,4118.712270879469
True,0.00773941,30,1865,3876.2644697722435
True,0.00801625,30,1866,3742.398253547481
True,0.00802455,30,1867,3738.52739405948
True,0.0080194,30,1868,3740.9282489961847
True,0.00803475,30,1869,3733.781387099785
True,0.0080236,30,1870,3738.970038386759
True,0.00804205,30,1871,3730.392126385685
True,0.00802273,30,1872,3739.375499362436
True,0.00785719,30,1873,3818.158909228363
True,0.00728501,30,1874,4118.04513652006
True,0.00729685,30,1875,4111.3631224432465
True,0.00727549,30,1876,4123.433610657152
True,0.00728986,30,1877,4115.305369376092
True,0.00728294,30,1878,4119.215591505628
True,0.0072868,30,1879,4117.0335400999065
True,0.00729812,30,1880,4110.64767364746
True,0.00728655,30,1881,4117.174794655907
True,0.00728025,30,1882,4120.737612032553
True,0.00728804,30,1883,4116.333060740611
True,0.00728151,30,1884,4120.02455534635
True,0.00731182,30,1885,4102.945641440845
True,0.0072964,30,1886,4111.616687681597
True,0.00728273,30,1887,4119.334370490187
True,0.00727289,30,1888,4124.907705190097
True,0.00729043,30,1889,4114.983615506904
True,0.00728801,30,1890,4116.350005008226
True,0.00729678,30,1891,4111.402563870639
True,0.00729353,30,1892,4113.234606562254
True,0.0072734,30,1893,4124.618472791267
True,0.00728415,30,1894,4118.531331727107
True,0.0072878,30,1895,4116.468618787563
True,0.00728302,30,1896,4119.170344170413
True,0.00728876,30,1897,4115.9264401626615
True,0.00727881,30,1898,4121.552836246584
True,0.00727715,30,1899,4122.493008938939
True,0.0073079,30,1900,4105.146485310417
True,0.00728511,30,1901,4117.988609643506
True,0.00728468,30,1902,4118.231686223691
True,0.00733266,30,1903,4091.2847452356987
True,0.00730309,30,1904,4107.850238734563
True,0.00732824,30,1905,4093.7523880222266
True,0.00727699,30,1906,4122.583650657758
True,0.00727655,30,1907,4122.832935938048
True,0.00728173,30,1908,4119.9000786900915
True,0.00732915,30,1909,4093.2441006119398
True,0.00730695,30,1910,4105.680208568554
True,0.00732548,30,1911,4095.2947793182157
True,0.00727737,30,1912,4122.368383083449
True,0.00729137,30,1913,4114.453113749542
True,0.00730053,30,1914,4109.2906953330785
True,0.00728534,30,1915,4117.858603716504
True,0.00726441,30,1916,4129.722854299248
True,0.0072937,30,1917,4113.138736169571
True,0.00728215,30,1918,4119.662462322253
True,0.00728077,30,1919,4120.443304760348
True,0.00727303,30,1920,4124.828304021845
True,0.00726651,30,1921,4128.529376550779
True,0.00727697,30,1922,4122.59498115287
True,0.00727744,30,1923,4122.328730982324
True,0.00726945,30,1924,4126.859666137053
True,0.00727662,30,1925,4122.79327489961
True,0.00727344,30,1926,4124.595789612618
True,0.00726201,30,1927,4131.087674073707
True,0.00730016,30,1928,4109.498969885592
True,0.00727517,30,1929,4123.614980818317
True,0.00727197,30,1930,4125.429560352972
True,0.00727728,30,1931,4122.419365477212
True,0.00726449,30,1932,4129.6773758378085
True,0.00728037,30,1933,4120.6696912382195
True,0.0072814,30,1934,4120.086796495179
True,0.00728268,30,1935,4119.3626522104505
True,0.00727062,30,1936,4126.195565165007
True,0.00729297,30,1937,4113.550446525901
True,0.00727166,30,1938,4125.605432597234
True,0.00728427,30,1939,4118.4634836435225
True,0.00728031,30,1940,4120.703651355506
True,0.0072869,30,1941,4116.977040991368
True,0.00730045,30,1942,4109.3357258799115
True,0.00728511,30,1943,4117.988609643506
True,0.00726905,30,1944,4127.086758242136
True,0.00728542,30,1945,4117.813386187756
True,0.0072826,30,1946,4119.4079037706315
True,0.00728415,30,1947,4118.531331727107
True,0.0072845,30,1948,4118.333447731485
True,0.00741189,30,1949,4047.5506247394387
True,0.00728257,30,1950,4119.424873362013
True,0.00728427,30,1951,4118.4634836435225
True,0.00728736,30,1952,4116.717165063892
True,0.00728318,30,1953,4119.07985248202
True,0.00727943,30,1954,4121.201797393477
True,0.00727667,30,1955,4122.76494605362
True,0.007278,30,1956,4122.011541632317
True,0.00731092,30,1957,4103.450728499286
True,0.00728733,30,1958,4116.734112493877
True,0.00728868,30,1959,4115.971616259734
True,0.00728034,30,1960,4120.686671226894
True,0.00728555,30,1961,4117.7399098214955
True,0.00728242,30,1962,4119.509723416117
True,0.00729459,30,1963,4112.636899400789
True,0.0072809,30,1964,4120.369734510844
True,0.00729131,30,1965,4114.486971477005
True,0.00727052,30,1966,4126.252317578385
True,0.00728922,30,1967,4115.666696848222
True,0.00729496,30,1968,4112.42830666652
True,0.0072895,30,1969,4115.508608272173
True,0.00728073,30,1970,4120.465942288754
True,0.0073041,30,1971,4107.282211360743
True,0.00727007,30,1972,4126.507722759203
True,0.00728254,30,1973,4119.441843093206
True,0.00728088,30,1974,4120.381052839766
True,0.0072777,30,1975,4122.1814584278
True,0.00728821,30,1976,4116.237045858997
True,0.00726748,30,1977,4127.978336369691
True,0.007296,30,1978,4111.8421052631575
True,0.00727895,30,1979,4121.473564181647
True,0.00729724,30,1980,4111.14339119996
True,0.00729804,30,1981,4110.692733939523
True,0.00728234,30,1982,4119.554978207554
True,0.00727302,30,1983,4124.833975432489
True,0.00728398,30,1984,4118.627453672306
True,0.00730639,30,1985,4105.994889405028
True,0.00728874,30,1986,4115.937734093958
True,0.00729056,30,1987,4114.910240091296
True,0.00728515,30,1988,4117.965999327399
True,0.00728647,30,1989,4117.219998160976
True,0.00729186,30,1990,4114.176629831072
True,0.00728924,30,1991,4115.6554044043005
True,0.00727906,30,1992,4121.411281126959
True,0.0072911,30,1993,4114.6054779114265
True,0.00727092,30,1994,4126.025317291347
True,0.00729464,30,1995,4112.6087099569
True,0.00728633,30,1996,4117.299106683337
True,0.00728464,30,1997,4118.254299457489
True,0.0072952,30,1998,4112.293014584932
True,0.00731152,30,1999,4103.11398997746
True,0.00728465,30,2000,4118.248646125758
True,0.00729336,30,2001,4113.3304814242
True,0.00727954,30,2002,4121.139522552249
True,0.00728161,30,2003,4119.967974115614
True,0.00729167,30,2004,4114.283833470247
True,0.00728138,30,2005,4120.098113269738
True,0.00727963,30,2006,4121.088571809281
True,0.00728396,30,2007,4118.638762431425
True,0.0072825,30,2008,4119.46446961895
True,0.00729256,30,2009,4113.78171725704
True,0.00728751,30,2010,4116.632430006957
True,0.0079585,30,2011,3769.5545643023183
True,0.00800543,30,2012,3747.4564139590257
True,0.00803647,30,2013,3732.982267089904
True,0.00802134,30,2014,3740.0234873475006
True,0.00802828,30,2015,3736.790445774188
True,0.00801689,30,2016,3742.0994924465717
True,0.00803385,30,2017,3734.1996676562294
True,0.00801092,30,2018,3744.888227569368
True,0.00801412,30,2019,3743.392911511183
True,0.0080098,30,2020,3745.4118704586886
True,0.00800352,30,2021,3748.3507256807006
True,0.00727313,30,2022,4124.771590773161
True,0.00729072,30,2023,4114.819935479623
True,0.00729303,30,2024,4113.516604209773
True,0.00728246,30,2025,4119.487096393252
True,0.00728795,30,2026,4116.383893961951
True,0.00731549,30,2027,4100.887295314463
True,0.00727406,30,2028,4124.244232244441
True,0.0072815,30,2029,4120.030213554899
True,0.00728567,30,2030,4117.67208781073
True,0.0072885,30,2031,4116.073266104137
True,0.00728191,30,2032,4119.798239747539
True,0.00727447,30,2033,4124.011783676337
True,0.00727897,30,2034,4121.462239849869
True,0.00729319,30,2035,4113.426360755719
True,0.00728001,30,2036,4120.873460338654
True,0.00728619,30,2037,4117.37821824575
True,0.0072796,30,2038,4121.1055552502885
True,0.00727978,30,2039,4121.0036567039115
True,0.00728843,30,2040,4116.112797955115
True,0.00731638,30,2041,4100.388443465211
True,0.0072882,30,2042,4116.242693669219
True,0.00728991,30,2043,4115.277143339218
True,0.00729158,30,2044,4114.334616091437
True,0.00727577,30,2045,4123.274924853315
True,0.00728417,30,2046,4118.520023557934
True,0.00728628,30,2047,4117.327360463776
True,0.00728412,30,2048,4118.548294097297
True,0.00729268,30,2049,4113.714025570846
True,0.0072782,30,2050,4121.898271550658
True,0.00729033,30,2051,4115.040059914983
True,0.00729176,30,2052,4114.233052102647
True,0.00730426,30,2053,4107.192241240044
True,0.00728858,30,2054,4116.02808777567
True,0.00731717,30,2055,4099.945744051321
True,0.00727985,30,2056,4120.964030852284
True,0.00728332,30,2057,4119.00067551611
True,0.00728733,30,2058,4116.734112493877
True,0.00729342,30,2059,4113.29664272728
True,0.00728434,30,2060,4118.423906627093
True,0.00728129,30,2061,4120.14903952459
True,0.00729897,30,2062,4110.168969046317
True,0.00734034,30,2063,4087.0041442222023
True,0.00732997,30,2064,4092.7861914850946
True,0.00732974,30,2065,4092.9146190724364
True,0.00731609,30,2066,4100.550977366325
True,0.00727166,30,2067,4125.605432597234
True,0.00728155,30,2068,4120.001922667564
True,0.00729255,30,2069,4113.787358331448
True,0.00730853,30,2070,4104.792619035566
True,0.00728591,30,2071,4117.536450491428
True,0.00728384,30,2072,4118.706616290308
True,0.00727452,30,2073,4123.983438082513
True,0.00729325,30,2074,4113.392520481267
True,0.00729529,30,2075,4112.242282349296
True,0.00728886,30,2076,4115.869971435863
True,0.00727658,30,2077,4122.815938256708
True,0.00728821,30,2078,4116.237045858997
True,0.00727797,30,2079,4122.028532681503
True,0.00728088,30,2080,4120.381052839766
True,0.00728801,30,2081,4116.350005008226
True,0.0072821,30,2082,4119.69074854781
True,0.0072783,30,2083,4121.841638844236
True,0.00729402,30,2084,4112.958286377059
True,0.00728954,30,2085,4115.486025181287
True,0.00728833,30,2086,4116.169273345197
True,0.0072902,30,2087,4115.113439960495
True,0.00741908,30,2088,4043.6280509173644
True,0.00728612,30,2089,4117.4177751670295
True,0.00727124,30,2090,4125.843735043816
True,0.0073033,30,2091,4107.732121095943
True,0.0072789,30,2092,4121.501875283354
True,0.00728725,30,2093,4116.779306322686
True,0.00727911,30,2094,4121.382971269839
True,0.00730281,30,2095,4108.007739486581
True,0.00727725,30,2096,4122.436359888694
True,0.00728958,30,2097,4115.463442338241
True,0.00731374,30,2098,4101.868537847941
True,0.00729357,30,2099,4113.212048420733
True,0.00728332,30,2100,4119.00067551611
True,0.0072782,30,2101,4121.898271550658
True,0.00728829,30,2102,4116.191863935162
True,0.00728963,30,2103,4115.435214132954
True,0.00728691,30,2104,4116.971391165803
True,0.0072822,30,2105,4119.634176485129
True,0.0072844,30,2106,4118.3899840755585
True,0.00727332,30,2107,4124.663839897048
True,0.00728923,30,2108,4115.661050618515
True,0.00728593,30,2109,4117.52514778484
True,0.00729146,30,2110,4114.402328203131
True,0.00728561,30,2111,4117.705998536842
True,0.00726615,30,2112,4128.733923742285
True,0.0073122,30,2113,4102.732419791581
True,0.00728609,30,2114,4117.434728365968
True,0.00728884,30,2115,4115.881265057265
True,0.00727333,30,2116,4124.658168954248
True,0.00728793,30,2117,4116.3951904038595
True,0.0072878,30,2118,4116.468618787563
True,0.00728135,30,2119,4120.11508854814
True,0.00727909,30,2120,4121.3942951660165
True,0.00728112,30,2121,4120.245236996506
True,0.00728092,30,2122,4120.358416244101
True,0.00727269,30,2123,4125.021140733346
True,0.00726692,30,2124,4128.296444711102
True,0.0072706,30,2125,4126.20691552279
True,0.00727516,30,2126,4123.620648892946
True,0.00730853,30,2127,4104.792619035566
True,0.00727356,30,2128,4124.52774157359
True,0.00726228,30,2129,4130.9340868157105
True,0.00727623,30,2130,4123.014253260274
True,0.00727301,30,2131,4124.839646858728
True,0.0072779,30,2132,4122.068179007681
True,0.00728013,30,2133,4120.805535065994
True,0.00727646,30,2134,4122.883929823019
True,0.00726266,30,2135,4130.71794631719
True,0.00727211,30,2136,4125.350139093055
True,0.00727692,30,2137,4122.623307663132
True,0.00727577,30,2138,4123.274924853315
True,0.00728355,30,2139,4118.870605679923
True,0.00726588,30,2140,4128.887347437612
True,0.00729993,30,2141,4109.628448491972
True,0.00727667,30,2142,4122.76494605362
True,0.00728686,30,2143,4116.999640448698
True,0.00727508,30,2144,4123.665994050924
True,0.00727881,30,2145,4121.552836246584
True,0.0072646,30,2146,4129.6148445888275
True,0.00728456,30,2147,4118.299526670108
True,0.00727118,30,2148,4125.877780497801
True,0.00727837,30,2149,4121.801996875674
True,0.0072768,30,2150,4122.691292875989
True,0.00727245,30,2151,4125.15727162098
True,0.00727835,30,2152,4121.813323074598
True,0.00728668,30,2153,4117.101341077143
True,0.00728594,30,2154,4117.519496454815
True,0.00731515,30,2155,4101.07789997471
True,0.00728245,30,2156,4119.492753125665
True,0.0072732,30,2157,4124.731892426992
True,0.00727607,30,2158,4123.104917902109
True,0.00778745,30,2159,3852.352182036482
True,0.00800913,30,2160,3745.725191125628
True,0.00801874,30,2161,3741.236154308532
True,0.00801057,30,2162,3745.0518502428667
True,0.00802843,30,2163,3736.720629064462
True,0.00800903,30,2164,3745.7719599002626
True,0.00801364,30,2165,3743.617132788595
True,0.00801334,30,2166,3743.757284727716
True,0.00801812,30,2167,3741.5254448673754
True,0.0080134,30,2168,3743.7292535003867
True,0.00803704,30,2169,3732.717517892159
True,0.00801799,30,2170,3741.586108239098
True,0.00801727,30,2171,3741.9221256113365
True,0.00800979,30,2172,3745.4165465012193
True,0.00802983,30,2173,3736.069132223223
True,0.00802518,30,2174,3738.23390877214
True,0.00802279,30,2175,3739.347533713334
True,0.00779528,30,2176,3848.4826715653576
True,0.00729789,30,2177,4110.777224649864
True,0.00729776,30,2178,4110.850452741663
True,0.00729202,30,2179,4114.086357415366
True,0.00726938,30,2180,4126.899405451359
True,0.00728376,30,2181,4118.751853438334
True,0.00730411,30,2182,4107.27658811272
True,0.00728832,30,2183,4116.174920969442
True,0.00728667,30,2184,4117.106991259382
True,0.00728316,30,2185,4119.091163725635
True,0.00727042,30,2186,4126.309071552951
True,0.0072896,30,2187,4115.452151009657
True,0.0072799,30,2188,4120.935727139109
True,0.00728787,30,2189,4116.429080101593
True,0.00728475,30,2190,4118.192113662102
True,0.00727402,30,2191,4124.26691155647
True,0.00728113,30,2192,4120.23957819734
True,0.00728588,30,2193,4117.5534046676585
True,0.00729278,30,2194,4113.657617534054
True,0.0072903,30,2195,4115.0569935393605
True,0.00730939,30,2196,4104.309661955375
True,0.00727072,30,2197,4126.138814312751
True,0.00728497,30,2198,4118.067747705207
True,0.00729364,30,2199,4113.172572268442
True,0.00728746,30,2200,4116.660674638351
True,0.00728739,30,2201,4116.700217773441
True,0.0072921,30,2202,4114.041222693051
True,0.00727149,30,2203,4125.7018850331915
True,0.00728756,30,2204,4116.604185763136
True,0.00729147,30,2205,4114.39668544203
True,0.00729188,30,2206,4114.165345562461
True,0.00729441,30,2207,4112.738384598617
True,0.0072679,30,2208,4127.73978728381
True,0.00728161,30,2209,4119.967974115614
True,0.00728028,30,2210,4120.720631624058
True,0.00730789,30,2211,4105.152102727327
True,0.00728466,30,2212,4118.242992809548
True,0.00729141,30,2213,4114.4305422408015
True,0.00726927,30,2214,4126.961854491578
True,0.0072856,30,2215,4117.711650378829
True,0.00729025,30,2216,4115.085216556359
True,0.00732538,30,2217,4095.3506848791462
True,0.00731428,30,2218,4101.565704348206
True,0.00732411,30,2219,4096.06081831103
True,0.00730744,30,2220,4105.404902400841
True,0.00728939,30,2221,4115.570713050063
True,0.00729255,30,2222,4113.787358331448
True,0.00732524,30,2223,4095.4289552287705
True,0.00731001,30,2224,4103.961554088161
True,0.00730687,30,2225,4105.725160020638
True,0.0072855,30,2226,4117.7681696520485
True,0.00741397,30,2227,4046.4150785611487
True,0.00727794,30,2228,4122.0455238707655
True,0.00726888,30,2229,4127.183279955097
True,0.00727833,30,2230,4121.824649335767
True,0.00726614,30,2231,4128.739605898042
True,0.00727006,30,2232,4126.513398789006
True,0.00727829,30,2233,4121.847302044848
True,0.00726882,30,2234,4127.217347519955
True,0.00727423,30,2235,4124.147847950918
True,0.00725834,30,2236,4133.176456324724
True,0.00726509,30,2237,4129.336319302307
True,0.0072731,30,2238,4124.788604584015
True,0.00729839,30,2239,4110.495602454788
True,0.00726674,30,2240,4128.39870423326
True,0.00727301,30,2241,4124.839646858728
True,0.00725252,30,2242,4136.493246485359
True,0.00727155,30,2243,4125.667842482002
True,0.00726756,30,2244,4127.932896322837
True,0.00726814,30,2245,4127.6034858987305
True,0.00727719,30,2246,4122.470349132013
True,0.00728268,30,2247,4119.3626522104505
True,0.00725858,30,2248,4133.039795662513
True,0.00727079,30,2249,4126.099089645004
True,0.00726968,30,2250,4126.729099492688
True,0.00727755,30,2251,4122.266422078859
True,0.00727466,30,2252,4123.904072492735
True,0.00726073,30,2253,4131.815946881375
True,0.0073006,30,2254,4109.251294414158
True,0.00728093,30,2255,4120.352757134047
True,0.00727642,30,2256,4122.906594176807
True,0.00727597,30,2257,4123.161585328142
True,0.00728173,30,2258,4119.9000786900915
True,0.00727567,30,2259,4123.331596952583
True,0.00729174,30,2260,4114.24433674267
True,0.00729332,30,2261,4113.353040864791
True,0.00729229,30,2262,4113.934031696491
True,0.00728811,30,2263,4116.293524658656
True,0.00728364,30,2264,4118.819711023609
True,0.00728675,30,2265,4117.061790235702
True,0.00728552,30,2266,4117.756865673281
True,0.00729579,30,2267,4111.960459388222
True,0.00731069,30,2268,4103.57982625443
True,0.00729131,30,2269,4114.486971477005
True,0.00727185,30,2270,4125.497638152602
True,0.00729232,30,2271,4113.917107312899
True,0.00728534,30,2272,4117.858603716504
True,0.00728759,30,2273,4116.587239402876
True,0.00727545,30,2274,4123.45628105478
True,0.00726556,30,2275,4129.069197694328
True,0.00728527,30,2276,4117.89816986879
True,0.00729459,30,2277,4112.636899400789
True,0.00728361,30,2278,4118.836675769296
True,0.00729164,30,2279,4114.300760871354
True,0.00727592,30,2280,4123.189919625284
True,0.00727599,30,2281,4123.150251718323
True,0.00729965,30,2282,4109.786085634242
True,0.00730325,30,2283,4107.760243727108
True,0.00727882,30,2284,4121.547173855103
True,0.00727918,30,2285,4121.343338123251
True,0.00727751,30,2286,4122.289079643999
True,0.00727385,30,2287,4124.363301415344
True,0.00727974,30,2288,4121.026300389849
True,0.0072809,30,2289,4120.369734510844
True,0.00728765,30,2290,4116.553347100918
True,0.00728033,30,2291,4120.692331254215
True,0.00726548,30,2292,4129.114662761442
True,0.0072888,30,2293,4115.903852486006
True,0.00727696,30,2294,4122.600646423782
True,0.00729275,30,2295,4113.674539782661
True,0.00728667,30,2296,4117.106991259382
True,0.00730723,30,2297,4105.52288623733
True,0.00727494,30,2298,4123.745350477117
True,0.00729071,30,2299,4114.825579401732
True,0.00728564,30,2300,4117.689043103968
True,0.00728554,30,2301,4117.745561756576
True,0.00727965,30,2302,4121.077249593043
True,0.00727297,30,2303,4124.862332719646
True,0.00728143,30,2304,4120.069821449907
True,0.00728699,30,2305,4116.926193119519
True,0.00727645,30,2306,4122.889595888105
True,0.00728626,30,2307,4117.338662084526
True,0.00728635,30,2308,4117.287805279736
True,0.00726831,30,2309,4127.506944530434
True,0.00727372,30,2310,4124.437014347542
True,0.00730739,30,2311,4105.432993175402
True,0.0072788,30,2312,4121.558498653624
True,0.00727823,30,2313,4121.881281575328
True,0.00799087,30,2314,3754.2845772738133
True,0.00801768,30,2315,3741.7307749872784
True,0.00802444,30,2316,3738.5786422479323
True,0.00801712,30,2317,3741.9921368271894
True,0.00801558,30,2318,3742.7110701908036
True,0.00801316,30,2319,3743.841380928373
True,0.00801587,30,2320,3742.5756655235177
True,0.00803135,30,2321,3735.362049966693
True,0.00801924,30,2322,3741.0028880542295
True,0.00802108,30,2323,3740.1447186663145
True,0.00803643,30,2324,3733.000847391192
True,0.00803186,30,2325,3735.1248652242443
True,0.00801611,30,2326,3742.463613897514
True,0.00802246,30,2327,3739.5013499599872
True,0.00760348,30,2328,3945.561769084682
True,0.00727394,30,2329,4124.312270928823
True,0.00728178,30,2330,4119.871789589908
True,0.00729901,30,2331,4110.146444517818
True,0.00728495,30,2332,4118.079053390895
True,0.00728643,30,2333,4117.242600285736
True,0.00728169,30,2334,4119.922710249955
True,0.00726666,30,2335,4128.444154535921
True,0.0072818,30,2336,4119.860474058612
True,0.00730055,30,2337,4109.279437850572
True,0.00734776,30,2338,4082.876958419981
True,0.00730472,30,2339,4106.93359909757
True,0.00730424,30,2340,4107.203487289575
True,0.00725094,30,2341,4137.3945998725685
True,0.00725926,30,2342,4132.652639525241
True,0.00725819,30,2343,4133.261873828048
True,0.00725901,30,2344,4132.794967908847
True,0.00725232,30,2345,4136.607320140314
True,0.00723828,30,2346,4144.631044944379
True,0.00726666,30,2347,4128.444154535921
True,0.00726486,30,2348,4129.4670509824
True,0.00725884,30,2349,4132.891756809628
True,0.00726495,30,2350,4129.415894121777
True,0.007253,30,2351,4136.219495381221
True,0.00726323,30,2352,4130.393777974813
True,0.00729114,30,2353,4114.582904730947
True,0.00726319,30,2354,4130.416524970433
True,0.00727212,30,2355,4125.344466262933
True,0.00727148,30,2356,4125.707558846342
True,0.00725652,30,2357,4134.213093879711
True,0.00726185,30,2358,4131.178694134414
True,0.0072672,30,2359,4128.137384412154
True,0.00726853,30,2360,4127.382015345606
True,0.0072663,30,2361,4128.648693282688
True,0.00724447,30,2362,4141.089686340063
True,0.00727211,30,2363,4125.350139093055
True,0.00726574,30,2364,4128.966904953934
True,0.00727964,30,2365,4121.082910693386
True,0.00740554,30,2366,4051.021262460266
True,0.00729159,30,2367,4114.328973516064
True,0.00724638,30,2368,4139.998178400801
True,0.0072669,30,2369,4128.307806630062
True,0.00727474,30,2370,4123.858722098659
True,0.00726454,30,2371,4129.648952308061
True,0.00726566,30,2372,4129.012367768379
True,0.00725769,30,2373,4133.546624339149
True,0.00726715,30,2374,4128.165787138011
True,0.0072687,30,2375,4127.285484336951
True,0.00726228,30,2376,4130.9340868157105
True,0.00726337,30,2377,4130.314165463139
True,0.00726482,30,2378,4129.489787771755
True,0.00726698,30,2379,4128.26235932946
True,0.00727372,30,2380,4124.437014347542
True,0.00730183,30,2381,4108.559087242514
True,0.0072893,30,2382,4115.621527444336
True,0.00728962,30,2383,4115.440859743032
True,0.0072758,30,2384,4123.25792352731
True,0.00727921,30,2385,4121.326352722342
True,0.00728997,30,2386,4115.243272606061
True,0.00728968,30,2387,4115.4069863149
True,0.00728966,30,2388,4115.418277395654
True,0.00728414,30,2389,4118.536985834979
True,0.00727633,30,2390,4122.957589883911
True,0.00729337,30,2391,4113.324841602715
True,0.00728663,30,2392,4117.129592143419
True,0.00728218,30,2393,4119.645490773367
True,0.00728517,30,2394,4117.954694262454
True,0.00729774,30,2395,4110.861718833502
True,0.00726983,30,2396,4126.643951784292
True,0.00727866,30,2397,4121.637773985871
True,0.00728063,30,2398,4120.522537198018
True,0.00728158,30,2399,4119.984948321656
True,0.00728088,30,2400,4120.381052839766
True,0.0072631,30,2401,4130.467706626647
True,0.00727012,30,2402,4126.47934284441
True,0.00727291,30,2403,4124.896361978906
True,0.00727872,30,2404,4121.603798470061
True,0.00727322,30,2405,4124.720550182725
True,0.00727424,30,2406,4124.142178426887
True,0.00725884,30,2407,4132.891756809628
True,0.00726865,30,2408,4127.313875341363
True,0.00727928,30,2409,4121.2867206646815
True,0.00729068,30,2410,4114.842511260952
True,0.00726371,30,2411,4130.1208335685205
True,0.00724639,30,2412,4139.992465213713
True,0.00726171,30,2413,4131.258339977774
True,0.00726444,30,2414,4129.705799758825
True,0.00726856,30,2415,4127.364980133616
True,0.00727206,30,2416,4125.378503477694
True,0.00727153,30,2417,4125.6791899366435
True,0.00725728,30,2418,4133.780149036554
True,0.00727459,30,2419,4123.943754905775
True,0.00726842,30,2420,4127.444478992683
True,0.00727842,30,2421,4121.773681650688
True,0.00727453,30,2422,4123.977769010507
True,0.0072647,30,2423,4129.557999642105
True,0.00730114,30,2424,4108.947369862788
True,0.00727791,30,2425,4122.062515200106
True,0.00727692,30,2426,4122.623307663132
True,0.00726875,30,2427,4127.257093723129
True,0.00726548,30,2428,4129.114662761442
True,0.00725954,30,2429,4132.493243373547
True,0.0072678,30,2430,4127.79658218443
True,0.00727058,30,2431,4126.21826594302
True,0.00726892,30,2432,4127.16056855764
True,0.00727896,30,2433,4121.467902007979
True,0.00725399,30,2434,4135.654998145848
True,0.0072726,30,2435,4125.0721887633035
True,0.00727432,30,2436,4124.096822795807
True,0.00726753,30,2437,4127.949936223174
True,0.0072941,30,2438,4112.913176402846
True,0.00728506,30,2439,4118.016872887801
True,0.00726763,30,2440,4127.893137102466
True,0.00728338,30,2441,4118.9667434625135
True,0.00727518,30,2442,4123.609312759272
True,0.0072759,30,2443,4123.201253453181
True,0.00727892,30,2444,4121.490550795997
True,0.00726021,30,2445,4132.111881061292
True,0.00726553,30,2446,4129.086246977165
True,0.0072749,30,2447,4123.76802430274
True,0.00727376,30,2448,4124.414333164691
True,0.00727612,30,2449,4123.076584773204
True,0.00727444,30,2450,4124.028791219668
True,0.00726013,30,2451,4132.157413159269
True,0.00727367,30,2452,4124.465366176909
True,0.0073037,30,2453,4107.507153908293
True,0.00728058,30,2454,4120.550835235655
True,0.00728279,30,2455,4119.300432938476
True,0.00725926,30,2456,4132.652639525241
True,0.0072789,30,2457,4121.501875283354
True,0.00727858,30,2458,4121.6830755449555
True,0.00727397,30,2459,4124.2952610472685
True,0.00726737,30,2460,4128.040818067609
True,0.00727476,30,2461,4123.847384655989
True,0.00725734,30,2462,4133.745973042464
True,0.0072796,30,2463,4121.1055552502885
True,0.00727384,30,2464,4124.368971547353
True,0.00729557,30,2465,4112.084456731962
True,0.00799675,30,2466,3751.524056648013
True,0.00803089,30,2467,3735.576007142421
True,0.00800445,30,2468,3747.915222157675
True,0.00800305,30,2469,3748.5708573606316
True,0.00800394,30,2470,3748.1540341381874
True,0.00756027,30,2471,3968.1122499593266
True,0.00726789,30,2472,4127.745466703541
True,0.00726305,30,2473,4130.496141428188
True,0.00727278,30,2474,4124.970093966818
True,0.0072762,30,2475,4123.031252576894
True,0.00727266,30,2476,4125.038156602948
True,0.00727593,30,2477,4123.184252734702
True,0.00725926,30,2478,4132.652639525241
True,0.00727749,30,2479,4122.30040851997
True,0.00728252,30,2480,4119.453156325008
True,0.00730439,30,2481,4107.1191434192315
True,0.00727249,30,2482,4125.134582515754
True,0.00728877,30,2483,4115.920793220255
True,0.00726594,30,2484,4128.853252297707
True,0.00727772,30,2485,4122.170130205614
True,0.00728173,30,2486,4119.9000786900915
True,0.00728159,30,2487,4119.979290237435
True,0.00727247,30,2488,4125.145927037169
True,0.00726762,30,2489,4127.898816944199
True,0.00727614,30,2490,4123.065251630672
True,0.00727914,30,2491,4121.365985542248
True,0.00727447,30,2492,4124.011783676337
True,0.00728374,30,2493,4118.7631628806075
True,0.00727694,30,2494,4122.611977012316
True,0.00729058,30,2495,4114.8989517980735
True,0.00727643,30,2496,4122.900928064999
True,0.00728427,30,2497,4118.4634836435225
True,0.00727937,30,2498,4121.235766281972
True,0.00727205,30,2499,4125.384176401427
True,0.00725914,30,2500,4132.720955925909
True,0.00728827,30,2501,4116.203159323131
True,0.0072749,30,2502,4123.76802430274
True,0.00727146,30,2503,4125.718906519461
True,0.00726677,30,2504,4128.381660627762
True,0.00727888,30,2505,4121.513199832942
True,0.00725611,30,2506,4134.446693889701
True,0.00741144,30,2507,4047.796379650918
True,0.0073139,30,2508,4101.778804741656
True,0.00733015,30,2509,4092.6856885602615
True,0.00731333,30,2510,4102.098496854374
True,0.00728262,30,2511,4119.396590787382
True,0.00726571,30,2512,4128.983953392029
True,0.00728541,30,2513,4117.819038324542
True,0.00727258,30,2514,4125.083532941542
True,0.0072812,30,2515,4120.1999670384
True,0.00727195,30,2516,4125.440906496882
True,0.00726206,30,2517,4131.059231127256
True,0.00727913,30,2518,4121.371647435889
True,0.00728155,30,2519,4120.001922667564
True,0.00728155,30,2520,4120.001922667564
True,0.00727977,30,2521,4121.009317602067
True,0.00727294,30,2522,4124.879347279092
True,0.00726269,30,2523,4130.7008835569195
True,0.00729956,30,2524,4109.836757284001
True,0.00727931,30,2525,4121.269735730447
True,0.00730772,30,2526,4105.247601166985
True,0.00727882,30,2527,4121.547173855103
True,0.00725311,30,2528,4136.156765856302
True,0.00727144,30,2529,4125.730254255003
True,0.00728167,30,2530,4119.934026123128
True,0.00726773,30,2531,4127.83633954481
True,0.00727558,30,2532,4123.3826031739045
True,0.0072747,30,2533,4123.881397171017
True,0.00725103,30,2534,4137.343246407751
True,0.00728243,30,2535,4119.504066637098
True,0.00728013,30,2536,4120.805535065994
True,0.00726911,30,2537,4127.052692833098
True,0.0072874,30,2538,4116.694568707632
True,0.00725509,30,2539,4135.027959680721
True,0.00727013,30,2540,4126.473666908295
True,0.00726791,30,2541,4127.734107879707
True,0.00726925,30,2542,4126.973209065584
True,0.00727646,30,2543,4122.883929823019
True,0.00726436,30,2544,4129.751278846313
True,0.00725832,30,2545,4133.187845121185
True,0.00727009,30,2546,4126.496370746442
True,0.00727188,30,2547,4125.480618492054
True,0.00727996,30,2548,4120.901763196501
True,0.00727193,30,2549,4125.452252703202
True,0.00726137,30,2550,4131.451778383418
True,0.00728319,30,2551,4119.074196883508
True,0.00730762,30,2552,4105.303778795285
True,0.00729031,30,2553,4115.051348982416
True,0.00729101,30,2554,4114.6562684730925
True,0.00728976,30,2555,4115.361822611444
True,0.00727833,30,2556,4121.824649335767
True,0.00728308,30,2557,4119.1364093213315
True,0.00728786,30,2558,4116.4347284388
True,0.00728634,30,2559,4117.293455973781
True,0.00729301,30,2560,4113.527884919944
True,0.00728438,30,2561,4118.401291530645
True,0.00728586,30,2562,4117.564707529379
True,0.00728895,30,2563,4115.819150906509
True,0.00728459,30,2564,4118.282566348964
True,0.00728409,30,2565,4118.5652566072085
True,0.00730771,30,2566,4105.253218860628
True,0.00727262,30,2567,4125.060844647459
True,0.007295,30,2568,4112.40575736806
True,0.00729011,30,2569,4115.1642430635475
True,0.00727986,30,2570,4120.958370078545
True,0.0072828,30,2571,4119.294776734223
True,0.00727647,30,2572,4122.878263773506
True,0.00726774,30,2573,4127.83065987501
True,0.00728429,30,2574,4118.4521758469255
True,0.00728333,30,2575,4118.99502013502
True,0.00728281,30,2576,4119.2891205455035
True,0.00729089,30,2577,4114.7239911725455
True,0.00726324,30,2578,4130.388091265056
True,0.00727633,30,2579,4122.957589883911
True,0.00727621,30,2580,4123.025586122446
True,0.00730543,30,2581,4106.534454508495
True,0.00727652,30,2582,4122.849933759545
True,0.00728083,30,2583,4120.4093489341185
True,0.00727116,30,2584,4125.889129107323
True,0.00728652,30,2585,4117.191745853987
True,0.00728904,30,2586,4115.768331632149
True,0.00728612,30,2587,4117.4177751670295
True,0.00728494,30,2588,4118.084706257017
True,0.007268,30,2589,4127.682993946065
True,0.00729578,30,2590,4111.966095468888
True,0.00727917,30,2591,4121.3489999546655
True,0.00727997,30,2592,4120.89610259383
True,0.00729133,30,2593,4114.475685505936
True,0.00728807,30,2594,4116.316116612492
True,0.00729697,30,2595,4111.295510328259
True,0.00728338,30,2596,4118.9667434625135
True,0.00727621,30,2597,4123.025586122446
True,0.00727935,30,2598,4121.2470893692425
True,0.00728154,30,2599,4120.007580813948
True,0.00727889,30,2600,4121.507537550368
True,0.00726776,30,2601,4127.819300582298
True,0.00727338,30,2602,4124.62981447415
True,0.00728651,30,2603,4117.197396284367
True,0.00727894,30,2604,4121.479226370872
True,0.00727445,30,2605,4124.023122022971
True,0.00725863,30,2606,4133.011325828703
True,0.00728126,30,2607,4120.1660152226395
True,0.00731513,30,2608,4101.089112565327
True,0.00730206,30,2609,4108.429676009236
True,0.00728372,30,2610,4118.77447238499
True,0.00728377,30,2611,4118.746198740488
True,0.00727024,30,2612,4126.411232641563
True,0.00728531,30,2613,4117.875560545811
True,0.00728123,30,2614,4120.182991060577
True,0.00727555,30,2615,4123.399605528104
True,0.0072826,30,2616,4119.4079037706315
True,0.0072725,30,2617,4125.128910278446
True,0.00727892,30,2618,4121.490550795997
True,0.00727476,30,2619,4123.847384655989
True,0.00727755,30,2620,4122.266422078859
True,0.00727955,30,2621,4121.133861296371
True,0.00728139,30,2622,4120.092454874687
True,0.00726567,30,2623,4129.006684861823
True,0.00729971,30,2624,4109.752305228564
True,0.00729235,30,2625,4113.900183068558
True,0.00729302,30,2626,4113.522244557124
True,0.00728941,30,2627,4115.559421132849
True,0.0072654,30,2628,4129.160128829796
True,0.00727997,30,2629,4120.89610259383
True,0.00727822,30,2630,4121.886944884875
True,0.00727367,30,2631,4124.465366176909
True,0.00728466,30,2632,4118.242992809548
True,0.00728335,30,2633,4118.983709419429
True,0.00727081,30,2634,4126.087739880426
True,0.00727137,30,2635,4125.7699718209915
True,0.00727665,30,2636,4122.776277545299
True,0.00728858,30,2637,4116.02808777567
True,0.00730549,30,2638,4106.500727535045
True,0.00727651,30,2639,4122.85559973119
True,0.00726801,30,2640,4127.677314698246
True,0.00727648,30,2641,4122.872597739566
True,0.00727943,30,2642,4121.201797393477
True,0.00727825,30,2643,4121.86995500292
True,0.00729111,30,2644,4114.599834593087
True,0.00726124,30,2645,4131.525744914092
True,0.00726419,30,2646,4129.847925233233
True,0.00742407,30,2647,4040.910174607729
True,0.00727732,30,2648,4122.396706479858
True,0.00727689,30,2649,4122.640303756138
True,0.00728165,30,2650,4119.945342058462
True,0.00726584,30,2651,4128.910077843718
True,0.00730792,30,2652,4105.1352505227205
True,0.00727967,30,2653,4121.065927439018
True,0.00728488,30,2654,4118.118623779665
True,0.00728117,30,2655,4120.216943156113
True,0.00726269,30,2656,4130.7008835569195
True,0.00728571,30,2657,4117.649480970283
True,0.00728126,30,2658,4120.1660152226395
True,0.00728126,30,2659,4120.1660152226395
True,0.00727858,30,2660,4121.6830755449555
True,0.00727811,30,2661,4121.94924231703
True,0.00727098,30,2662,4125.991269402474
True,0.0072883,30,2663,4116.186216264424
True,0.00727295,30,2664,4124.87367574368
True,0.00728495,30,2665,4118.079053390895
True,0.00729866,30,2666,4110.343542513283
True,0.007266,30,2667,4128.819157720892
True,0.00728353,30,2668,4118.8819157743565
True,0.00727927,30,2669,4121.292382340537
True,0.00727704,30,2670,4122.555324692457
True,0.0072825,30,2671,4119.46446961895
True,0.00727763,30,2672,4122.221107695775
True,0.00726208,30,2673,4131.047854058342
True,0.00726863,30,2674,4127.325231852495
True,0.00727983,30,2675,4120.975352446417
True,0.00727774,30,2676,4122.15880204569
True,0.00729165,30,2677,4114.295118388842
True,0.00732161,30,2678,4097.459438566108
True,0.00729202,30,2679,4114.086357415366
True,0.00729797,30,2680,4110.732162505464
True,0.00728386,30,2681,4118.695307158568
True,0.00726509,30,2682,4129.336319302307
True,0.00726029,30,2683,4132.066349966737
True,0.00724934,30,2684,4138.307763189477
True,0.0072693,30,2685,4126.94482274772
True,0.00726314,30,2686,4130.44495906729
True,0.00726725,30,2687,4128.108982077127
True,0.0072771,30,2688,4122.521334047904
True,0.00726243,30,2689,4130.848765495846
True,0.00724995,30,2690,4137.959572134981
True,0.00726545,30,2691,4129.13171241974
True,0.00726693,30,2692,4128.290763775074
True,0.00726319,30,2693,4130.416524970433
True,0.00726457,30,2694,4129.631898378018
True,0.00727193,30,2695,4125.452252703202
True,0.00726536,30,2696,4129.182862239449
True,0.00726974,30,2697,4126.695039987675
True,0.00726617,30,2698,4128.722559477689
True,0.00727059,30,2699,4126.212590725099
True,0.00725393,30,2700,4135.689205713317
True,0.00727038,30,2701,4126.331773579923
True,0.00727385,30,2702,4124.363301415344
True,0.00725666,30,2703,4134.13333406829
True,0.0072654,30,2704,4129.160128829796
True,0.00727114,30,2705,4125.900477779275
True,0.00726007,30,2706,4132.191562891267
True,0.00726683,30,2707,4128.347573838936
True,0.00726698,30,2708,4128.26235932946
True,0.00728591,30,2709,4117.536450491428
True,0.00726719,30,2710,4128.143064926058
True,0.00725677,30,2711,4134.070667803995
True,0.00736701,30,2712,4072.2083993370443
True,0.00742835,30,2713,4038.5819192687472
True,0.00735682,30,2714,4077.848853172974
True,0.00743099,30,2715,4037.1471365188218
True,0.00742935,30,2716,4038.038320983666
True,0.00739647,30,2717,4055.98887036654
True,0.00736056,30,2718,4075.776843066288
True,0.00745202,30,2719,4025.754090837115
True,0.00746842,30,2720,4016.913885400125
True,0.00743726,30,2721,4033.743609877831
True,0.00730382,30,2722,4107.439668557002
True,0.00731633,30,2723,4100.416465632359
True,0.00725987,30,2724,4132.305399407978
True,0.00727635,30,2725,4122.946257395535
True,0.00727119,30,2726,4125.872106216451
True,0.0072784,30,2727,4121.7850076939985
True,0.0072762,30,2728,4123.031252576894
True,0.00727777,30,2729,4122.141809922545
True,0.00726204,30,2730,4131.070608258837
True,0.00727721,30,2731,4122.459019321966
True,0.00727383,30,2732,4124.3746416949525
True,0.00727557,30,2733,4123.388270609726
True,0.00727799,30,2734,4122.017205299815
True,0.00727189,30,2735,4125.474945303078
True,0.00727484,30,2736,4123.802035508685
True,0.00727841,30,2737,4121.779344664563
True,0.00729349,30,2738,4113.25716495121
True,0.00728076,30,2739,4120.44896411913
True,0.00728017,30,2740,4120.782893806051
True,0.00726755,30,2741,4127.938576273985
True,0.0072786,30,2742,4121.671750061825
True,0.00727822,30,2743,4121.886944884875
True,0.00727537,30,2744,4123.501622597889
True,0.0072807,30,2745,4120.482920598294
True,0.00787687,30,2746,3808.619413548783
True,0.00800525,30,2747,3747.540676431092
True,0.00800594,30,2748,3747.2176908645333
True,0.00800298,30,2749,3748.6036451421846
True,0.0080048,30,2750,3747.751349190486
True,0.00803161,30,2751,3735.24112849105
True,0.00801663,30,2752,3742.2208583906204
True,0.00801384,30,2753,3743.523703992094
True,0.00802348,30,2754,3739.02595881089
True,0.00801136,30,2755,3744.6825507778954
True,0.00801217,30,2756,3744.303977574115
True,0.00801757,30,2757,3741.7821110386312
True,0.00801489,30,2758,3743.0332793088864
True,0.0080128,30,2759,3744.0095846645363
True,0.00801677,30,2760,3742.155506519459
True,0.00800815,30,2761,3746.183575482477
True,0.00800161,30,2762,3749.2454643502997
True,0.00761422,30,2763,3939.996480269811
True,0.00727681,30,2764,4122.685627355943
True,0.00730487,30,2765,4106.849266311378
True,0.00728219,30,2766,4119.639833621479
True,0.00728092,30,2767,4120.358416244101
True,0.00728158,30,2768,4119.984948321656
True,0.00727705,30,2769,4122.549659546107
True,0.00726033,30,2770,4132.043584795732
True,0.00727584,30,2771,4123.235255310727
True,0.00726841,30,2772,4127.450157599805
True,0.00726744,30,2773,4128.00105676827
True,0.00726899,30,2774,4127.120824213543
True,0.00725409,30,2775,4135.5979867909
True,0.00727045,30,2776,4126.292045196652
True,0.00727316,30,2777,4124.754577102663
True,0.00727191,30,2778,4125.4635989719345
True,0.00729176,30,2779,4114.233052102647
True,0.00727402,30,2780,4124.26691155647
True,0.00726109,30,2781,4131.61109420211
True,0.00727475,30,2782,4123.853053369532
True,0.00727035,30,2783,4126.348800264086
True,0.00727727,30,2784,4122.425030265471
True,0.00726963,30,2785,4126.757482843006
True,0.00740141,30,2786,4053.281739560435
True,0.00727771,30,2787,4122.175794308924
True,0.00728703,30,2788,4116.903594468528
True,0.007277,30,2789,4122.577985433558
True,0.00726687,30,2790,4128.3248496257675
True,0.00727754,30,2791,4122.272086446794
True,0.00726113,30,2792,4131.58833404718
True,0.00728917,30,2793,4115.69492822914
True,0.00727537,30,2794,4123.501622597889
True,0.00727301,30,2795,4124.839646858728
True,0.00727297,30,2796,4124.862332719646
True,0.00726761,30,2797,4127.904496801562
True,0.00727472,30,2798,4123.870059603669
True,0.00727884,30,2799,4121.535849118815
True,0.0072819,30,2800,4119.8038973344865
True,0.00727678,30,2801,4122.702623962797
True,0.00727283,30,2802,4124.94173519799
True,0.00726236,30,2803,4130.888581673175
True,0.00728389,30,2804,4118.678343577401
True,0.00728668,30,2805,4117.101341077143
True,0.00726529,30,2806,4129.222646308682
True,0.00730245,30,2807,4108.210258201015
True,0.00727046,30,2808,4126.2863697757775
True,0.00727496,30,2809,4123.734013657808
True,0.00726629,30,2810,4128.654375203852
True,0.00727273,30,2811,4124.99845312558
True,0.00726813,30,2812,4127.609164943389
True,0.00726927,30,2813,4126.961854491578
True,0.00725429,30,2814,4135.483968796395
True,0.00726812,30,2815,4127.614844003676
True,0.0072788,30,2816,4121.558498653624
True,0.00727995,30,2817,4120.907423814724
True,0.00727186,30,2818,4125.491964916817
True,0.00726412,30,2819,4129.887722119128
True,0.00727742,30,2820,4122.340060076236
True,0.00728087,30,2821,4120.386712027546
True,0.00731329,30,2822,4102.12093325986
True,0.00727115,30,2823,4125.894803435495
True,0.0072757,30,2824,4123.314595159229
True,0.00726131,30,2825,4131.485916453092
True,0.00726975,30,2826,4126.689363458166
True,0.00728196,30,2827,4119.769952045878
True,0.00728151,30,2828,4120.02455534635
True,0.00727759,30,2829,4122.243764762786
True,0.00726344,30,2830,4130.274360358178
True,0.00727957,30,2831,4121.122538831277
True,0.00727579,30,2832,4123.2635906204005
True,0.00727821,30,2833,4121.892608209985
True,0.00727281,30,2834,4124.95307865873
True,0.00727292,30,2835,4124.8906903967045
True,0.00728034,30,2836,4120.686671226894
True,0.00727248,30,2837,4125.140254768662
True,0.00727493,30,2838,4123.751018910148
True,0.00727474,30,2839,4123.858722098659
True,0.00727561,30,2840,4123.36560095992
True,0.00725554,30,2841,4134.771498744408
True,0.00726509,30,2842,4129.336319302307
True,0.00725901,30,2843,4132.794967908847
True,0.00726844,30,2844,4127.4331218253155
True,0.00727097,30,2845,4125.9969440115965
True,0.00726893,30,2846,4127.154890747332
True,0.00727242,30,2847,4125.1742886136935
True,0.00731581,30,2848,4100.707918877062
True,0.0073165,30,2849,4100.321191826693
True,0.00733199,30,2850,4091.658608372352
True,0.00727543,30,2851,4123.467616347075
True,0.00727559,30,2852,4123.376935753664
True,0.00727556,30,2853,4123.393938061125
True,0.00727557,30,2854,4123.388270609726
True,0.00727809,30,2855,4121.960569325194
True,0.00728086,30,2856,4120.392371230871
True,0.0073227,30,2857,4096.849522717031
True,0.00726406,30,2858,4129.921834346082
True,0.00727897,30,2859,4121.462239849869
True,0.00727936,30,2860,4121.24142781783
True,0.00728178,30,2861,4119.871789589908
True,0.00727932,30,2862,4121.264074116813
True,0.00727751,30,2863,4122.289079643999
True,0.00725983,30,2864,4132.328167463977
True,0.00729867,30,2865,4110.3379108796535
True,0.00726905,30,2866,4127.086758242136
True,0.00727707,30,2867,4122.538329300117
True,0.00726584,30,2868,4128.910077843718
True,0.00725968,30,2869,4132.413549908536
True,0.0072725,30,2870,4125.128910278446
True,0.00727272,30,2871,4125.004125004125
True,0.00727023,30,2872,4126.416908405924
True,0.00728746,30,2873,4116.660674638351
True,0.00727481,30,2874,4123.819041322042
True,0.00726052,30,2875,4131.935453658966
True,0.00727184,30,2876,4125.503311403992
True,0.00728473,30,2877,4118.203420030667
True,0.00728365,30,2878,4118.814056139436
True,0.00729643,30,2879,4111.599782359319
True,0.00725839,30,2880,4133.147984608157
True,0.00728222,30,2881,4119.622862259036
True,0.00728001,30,2882,4120.873460338654
True,0.00728284,30,2883,4119.272152072544
True,0.00728286,30,2884,4119.2608398349
True,0.00728737,30,2885,4116.7115159515715
True,0.00726718,30,2886,4128.148745455596
True,0.00729331,30,2887,4113.358680763604
True,0.00729549,30,2888,4112.129548529297
True,0.00729523,30,2889,4112.276103700638
True,0.00729883,30,2890,4110.247806840274
True,0.00728142,30,2891,4120.075479782789
True,0.00729114,30,2892,4114.582904730947
True,0.00731249,30,2893,4102.569712915847
True,0.00729429,30,2894,4112.8060441797625
True,0.00729574,30,2895,4111.98863994605
True,0.00729872,30,2896,4110.3097529429815
True,0.00728033,30,2897,4120.692331254215
True,0.00729429,30,2898,4112.8060441797625
True,0.00729353,30,2899,4113.234606562254
True,0.00734488,30,2900,4084.4778948056332
True,0.00801656,30,2901,3742.2535351821725
True,0.00801968,30,2902,3740.797637810985
True,0.00802394,30,2903,3738.811606268242
True,0.00802447,30,2904,3738.564665329922
True,0.00802617,30,2905,3737.772810693021
True,0.00801156,30,2906,3744.5890687955907
True,0.00804777,30,2907,3727.740728176874
True,0.00801956,30,2908,3740.853612916419
True,0.00801603,30,2909,3742.500963693998
True,0.00787632,30,2910,3808.8853677859715
True,0.00728975,30,2911,4115.367468020165
True,0.00727986,30,2912,4120.958370078545
True,0.00726256,30,2913,4130.774823202837
True,0.00728576,30,2914,4117.621222768798
True,0.00729353,30,2915,4113.234606562254
True,0.00729086,30,2916,4114.740922195736
True,0.00728126,30,2917,4120.1660152226395
True,0.0072755,30,2918,4123.427943096694
True,0.00727321,30,2919,4124.726221297062
True,0.00728712,30,2920,4116.8527484108945
True,0.00731058,30,2921,4103.641571530577
True,0.00727806,30,2922,4121.977559954164
True,0.00729784,30,2923,4110.805388991811
True,0.00728377,30,2924,4118.746198740488
True,0.0072894,30,2925,4115.56506708371
True,0.00743215,30,2926,4036.5170240105485
True,0.00729399,30,2927,4112.9752028725015
True,0.00728866,30,2928,4115.982910438956
True,0.00728956,30,2929,4115.474733728785
True,0.00727863,30,2930,4121.654761953829
True,0.0072949,30,2931,4112.462131077877
True,0.00728768,30,2932,4116.536401159216
True,0.00728564,30,2933,4117.689043103968
True,0.0072872,30,2934,4116.807552969591
True,0.00733399,30,2935,4090.542801394602
True,0.0072788,30,2936,4121.558498653624
True,0.00728344,30,2937,4118.932811967971
True,0.00728252,30,2938,4119.453156325008
True,0.00728675,30,2939,4117.061790235702
True,0.00728828,30,2940,4116.197511621397
True,0.0072737,30,2941,4124.448355032514
True,0.00728339,30,2942,4118.9610881746
True,0.00728244,30,2943,4119.498409873614
True,0.00729181,30,2944,4114.2048407734155
True,0.00728998,30,2945,4115.237627538073
True,0.00728229,30,2946,4119.583262957119
True,0.00727744,30,2947,4122.328730982324
True,0.00728862,30,2948,4116.005498983347
True,0.00731863,30,2949,4099.127842232768
True,0.00728376,30,2950,4118.751853438334
True,0.00727821,30,2951,4121.892608209985
True,0.00726966,30,2952,4126.740452785963
True,0.00729598,30,2953,4111.853376791055
True,0.00729102,30,2954,4114.65062501543
True,0.00729372,30,2955,4113.127457593656
True,0.00729612,30,2956,4111.774477393464
True,0.00729139,30,2957,4114.441827964215
True,0.00727071,30,2958,4126.144489327728
True,0.00728059,30,2959,4120.5451755970325
True,0.00728734,30,2960,4116.728463335045
True,0.00729542,30,2961,4112.169004663199
True,0.0072822,30,2962,4119.634176485129
True,0.00730325,30,2963,4107.760243727108
True,0.00726831,30,2964,4127.506944530434
True,0.00729045,30,2965,4114.972326811102
True,0.00729087,30,2966,4114.735278505857
True,0.00729405,30,2967,4112.941370020771
True,0.00729329,30,2968,4113.369960607627
True,0.00728523,30,2969,4117.920779440045
True,0.00729516,30,2970,4112.315562647015
True,0.00729655,30,2971,4111.532162460341
True,0.007306,30,2972,4106.214070626882
True,0.00730597,30,2973,4106.230931690111
True,0.00730129,30,2974,4108.862954354641
True,0.00729056,30,2975,4114.910240091296
True,0.00729299,30,2976,4113.539165691986
True,0.00729515,30,2977,4112.321199701171
True,0.00731633,30,2978,4100.416465632359
True,0.00730639,30,2979,4105.994889405028
True,0.00729148,30,2980,4114.391042696408
True,0.00728603,30,2981,4117.468635182671
True,0.00728599,30,2982,4117.491240037387
True,0.00729981,30,2983,4109.696005786452
True,0.00729776,30,2984,4110.850452741663
True,0.00729655,30,2985,4111.532162460341
True,0.00728238,30,2986,4119.53235068755
True,0.00729472,30,2987,4112.563607650465
True,0.00729096,30,2988,4114.684485993614
True,0.00729295,30,2989,4113.5617274216875
True,0.00728831,30,2990,4116.180568609184
True,0.00729831,30,2991,4110.540659412933
True,0.00730027,30,2992,4109.437048218764
True,0.00728497,30,2993,4118.067747705207
True,0.00728227,30,2994,4119.594576965698
True,0.00728736,30,2995,4116.717165063892
True,0.00728373,30,2996,4118.768817625035
True,0.00729114,30,2997,4114.582904730947
True,0.00727827,30,2998,4121.85862849276
True,0.00728707,30,2999,4116.8809960656345
True,0.00729054,30,3000,4114.921528446453
True,0.00729797,30,3001,4110.732162505464
True,0.00728314,30,3002,4119.102475031374
True,0.00727937,30,3003,4121.235766281972
True,0.00728728,30,3004,4116.7623585206
True,0.00729475,30,3005,4112.546694540594
True,0.00731404,30,3006,4101.700291494168
True,0.00729333,30,3007,4113.3474009814445
True,0.00728613,30,3008,4117.412124131741
True,0.00727631,30,3009,4122.968922434586
True,0.00728817,30,3010,4116.259637192876
True,0.0072852,30,3011,4117.9377367814195
True,0.0072865,30,3012,4117.203046730255
True,0.00728575,30,3013,4117.6268743780665
True,0.00727686,30,3014,4122.6572999892815
True,0.00729485,30,3015,4112.490318512375
True,0.00728402,30,3016,4118.6048363403725
True,0.00730937,30,3017,4104.320892224638
True,0.00734216,30,3018,4085.9910435076326
True,0.00731265,30,3019,4102.479949129249
True,0.00728899,30,3020,4115.796564407414
True,0.00729358,30,3021,4113.206408924013
True,0.00726902,30,3022,4127.103791157542
True,0.00727577,30,3023,4123.274924853315
True,0.0072648,30,3024,4129.501156260324
True,0.00727144,30,3025,4125.730254255003
True,0.00725562,30,3026,4134.725909019491
True,0.00726342,30,3027,4130.285733167021
True,0.0072621,30,3028,4131.036477052093
True,0.0072695,30,3029,4126.831281381113
True,0.00726845,30,3030,4127.42744326507
True,0.00726257,30,3031,4130.769135443789
True,0.0072626,30,3032,4130.752072260623
True,0.00727116,30,3033,4125.889129107323
True,0.00726613,30,3034,4128.74528806944
True,0.00730528,30,3035,4106.618774365938
True,0.00726288,30,3036,4130.5928226819115
True,0.00725349,30,3037,4135.940078500143
True,0.00727209,30,3038,4125.361484800105
True,0.00727355,30,3039,4124.53341215775
True,0.0072735,30,3040,4124.561765312435
True,0.00728414,30,3041,4118.536985834979
True,0.00726096,30,3042,4131.685066437496
True,0.00727845,30,3043,4121.75669270243
True,0.00727455,30,3044,4123.966430913252
True,0.00727215,30,3045,4125.327447866174
True,0.00727068,30,3046,4126.161514466322
True,0.00726019,30,3047,4132.123263991714
True,0.00755892,30,3048,3968.82094267435
True,0.00729088,30,3049,4114.729634831461
True,0.00727228,30,3050,4125.2537031027405
True,0.00727568,30,3051,4123.325929672553
True,0.00727493,30,3052,4123.751018910148
True,0.00727907,30,3053,4121.405619124421
True,0.00726482,30,3054,4129.489787771755
True,0.00727712,30,3055,4122.51000395761
True,0.00726806,30,3056,4127.648918693571
True,0.00728407,30,3057,4118.576565024773
True,0.00727045,30,3058,4126.292045196652
True,0.00726722,30,3059,4128.126023431244
True,0.00727866,30,3060,4121.637773985871
True,0.00727974,30,3061,4121.026300389849
True,0.00727636,30,3062,4122.940591174708
True,0.00730423,30,3063,4107.209110337434
True,0.00727936,30,3064,4121.24142781783
True,0.00726034,30,3065,4132.037893542176
True,0.00741461,30,3066,4046.065807911677
True,0.00728137,30,3067,4120.103771680329
True,0.00727962,30,3068,4121.094232940731
True,0.00728529,30,3069,4117.886865176266
True,0.00726849,30,3070,4127.404729180339
True,0.00728132,30,3071,4120.132063966424
True,0.00728166,30,3072,4119.939684083025
True,0.00728033,30,3073,4120.692331254215
True,0.00727091,30,3074,4126.030991994125
True,0.0072816,30,3075,4119.973632168754
True,0.00726096,30,3076,4131.685066437496
True,0.0072818,30,3077,4119.860474058612
True,0.0073034,30,3078,4107.6758769888
True,0.00728427,30,3079,4118.4634836435225
True,0.00727849,30,3080,4121.734040989271
True,0.00727254,30,3081,4125.106221485204
True,0.00728142,30,3082,4120.075479782789
True,0.00728728,30,3083,4116.7623585206
True,0.00727751,30,3084,4122.289079643999
True,0.00728407,30,3085,4118.576565024773
True,0.00726959,30,3086,4126.780189804376
True,0.00726934,30,3087,4126.922113974583
True,0.00727078,30,3088,4126.104764550709
True,0.00727616,30,3089,4123.053918550444
True,0.00727242,30,3090,4125.1742886136935
True,0.00728385,30,3091,4118.700961716675
True,0.00729204,30,3092,4114.075073641944
True,0.00726593,30,3093,4128.858934781921
True,0.00728078,30,3094,4120.437645417112
True,0.00729028,30,3095,4115.0682826997045
True,0.00727585,30,3096,4123.229588295525
True,0.00728894,30,3097,4115.824797570017
True,0.00727036,30,3098,4126.343124687086
True,0.00728595,30,3099,4117.5138451403045
True,0.00728628,30,3100,4117.327360463776
True,0.00728658,30,3101,4117.157843597408
True,0.00727926,30,3102,4121.298044031948
True,0.00728545,30,3103,4117.796429870496
True,0.00725836,30,3104,4133.165067591026
True,0.00728241,30,3105,4119.515380210672
True,0.00730215,30,3106,4108.379039050143
True,0.00728868,30,3107,4115.971616259734
True,0.00727238,30,3108,4125.196978155707
True,0.00727347,30,3109,4124.578777392359
True,0.007277,30,3110,4122.577985433558
True,0.00728547,30,3111,4117.785125736569
True,0.0072753,30,3112,4123.541297266092
True,0.00728242,30,3113,4119.509723416117
True,0.00726914,30,3114,4127.035660339462
True,0.00726173,30,3115,4131.24696181213
True,0.0072681,30,3116,4127.626202171131
True,0.00728133,30,3117,4120.12640547812
True,0.00727632,30,3118,4122.963256151461
True,0.00729083,30,3119,4114.75785335826
True,0.00725608,30,3120,4134.463787609839
True,0.00729453,30,3121,4112.670727243565
True,0.00728244,30,3122,4119.498409873614
True,0.00728244,30,3123,4119.498409873614
True,0.00727717,30,3124,4122.481679004338
True,0.00728807,30,3125,4116.316116612492
True,0.00726926,30,3126,4126.9675317707715
True,0.00728024,30,3127,4120.7432721998175
True,0.00728182,30,3128,4119.8491585894735
True,0.00728158,30,3129,4119.984948321656
True,0.00727588,30,3130,4123.212587343387
True,0.00727239,30,3131,4125.191305746804
True,0.0072747,30,3132,4123.881397171017
True,0.00728079,30,3133,4120.431986089422
True,0.00726969,30,3134,4126.723422869476
True,0.00730958,30,3135,4104.202977462453
True,0.00728068,30,3136,4120.4942395490525
True,0.0072732,30,3137,4124.731892426992
True,0.0072778,30,3138,4122.124817939487
True,0.00728358,30,3139,4118.853640654733
True,0.0072802,30,3140,4120.765913024367
True,0.00728738,30,3141,4116.705866854754
True,0.00727949,30,3142,4121.167829064949
True,0.00728129,30,3143,4120.14903952459
True,0.00727709,30,3144,4122.526999116405
True,0.00729369,30,3145,4113.144375480723
True,0.00728086,30,3146,4120.392371230871
True,0.00728229,30,3147,4119.583262957119
True,0.00725497,30,3148,4135.09635463689
True,0.0073029,30,3149,4107.957112927741
True,0.00728489,30,3150,4118.112970820424
True,0.00727567,30,3151,4123.331596952583
True,0.00726995,30,3152,4126.575836147429
True,0.00728108,30,3153,4120.267872348608
True,0.00725683,30,3154,4134.036487006035
True,0.0072688,30,3155,4127.22870349989
True,0.0072743,30,3156,4124.108161610052
True,0.00727433,30,3157,4124.091153412067
True,0.00726936,30,3158,4126.910759681733
True,0.00725788,30,3159,4133.438414523249
True,0.00726881,30,3160,4127.223025502111
True,0.00727844,30,3161,4121.762355669622
True,0.00727357,30,3162,4124.522071005023
True,0.00730016,30,3163,4109.498969885592
True,0.00726944,30,3164,4126.865343135097
True,0.00726513,30,3165,4129.313584202898
True,0.00726439,30,3166,4129.73422407112
True,0.00727031,30,3167,4126.371502728219
True,0.0072704,30,3168,4126.320422535211
True,0.00726826,30,3169,4127.535338581723
True,0.00725951,30,3170,4132.510320944526
True,0.00731587,30,3171,4100.674287542015
True,0.00727327,30,3172,4124.69219484496
True,0.00727671,30,3173,4122.742283257132
True,0.00726825,30,3174,4127.541017438861
True,0.00727816,30,3175,4121.920925068974
True,0.00726592,30,3176,4128.864617281775
True,0.00728257,30,3177,4119.424873362013
True,0.00729908,30,3178,4110.107027186988
True,0.00728879,30,3179,4115.909499381928
True,0.00726762,30,3180,4127.898816944199
True,0.00726095,30,3181,4131.690756719162
True,0.00726489,30,3182,4129.449998554693
True,0.00727717,30,3183,4122.481679004338
True,0.00726931,30,3184,4126.939145531006
True,0.00727235,30,3185,4125.213995476015
True,0.00798891,30,3186,3755.2056538376323
True,0.00802134,30,3187,3740.0234873475006
True,0.00805924,30,3188,3722.435366113926
True,0.00804668,30,3189,3728.2456864197407
True,0.00804407,30,3190,3729.4553627703385
True,0.00802902,30,3191,3736.446041982708
True,0.00799415,30,3192,3752.744194192003
True,0.00800536,30,3193,3747.489182247894
True,0.00799941,30,3194,3750.2765828979886
True,0.008007,30,3195,3746.721618583739
True,0.00799921,30,3196,3750.370349071971
True,0.00800051,30,3197,3749.7609527392624
True,0.00800398,30,3198,3748.135302686913
True,0.00799221,30,3199,3753.655121674731
True,0.0079317,30,3200,3782.2913120768562
True,0.00726687,30,3201,4128.3248496257675
True,0.00725014,30,3202,4137.851131150571
True,0.00727209,30,3203,4125.361484800105
True,0.00726344,30,3204,4130.274360358178
True,0.00745053,30,3205,4026.5591843801712
True,0.00729801,30,3206,4110.709631803738
True,0.00727044,30,3207,4126.297720633139
True,0.00724844,30,3208,4138.821594715552
True,0.00727213,30,3209,4125.338793448412
True,0.0072675,30,3210,4127.96697626419
True,0.00727931,30,3211,4121.269735730447
True,0.00726661,30,3212,4128.472561483278
True,0.00725509,30,3213,4135.027959680721
True,0.00726325,30,3214,4130.382404570957
True,0.00726681,30,3215,4128.358936039335
True,0.00726691,30,3216,4128.302125662764
True,0.00726683,30,3217,4128.347573838936
True,0.00724631,30,3218,4140.0381711519385
True,0.00728123,30,3219,4120.182991060577
True,0.00725965,30,3220,4132.430626820852
True,0.00727357,30,3221,4124.522071005023
True,0.00727215,30,3222,4125.327447866174
True,0.00728323,30,3223,4119.051574644766
True,0.00726482,30,3224,4129.489787771755
True,0.00729066,30,3225,4114.853799244513
True,0.00728632,30,3226,4117.304757408404
True,0.00728887,30,3227,4115.8643246484025
True,0.00729155,30,3228,4114.351543910417
True,0.00728012,30,3229,4120.811195419856
True,0.00726822,30,3230,4127.558054104031
True,0.00728156,30,3231,4119.9962645367195
True,0.00727144,30,3232,4125.730254255003
True,0.00731193,30,3233,4102.883917105333
True,0.00728164,30,3234,4119.951000049439
True,0.00726877,30,3235,4127.245737586964
True,0.00728612,30,3236,4117.4177751670295
True,0.00728505,30,3237,4118.022525583215
True,0.00727947,30,3238,4121.179151778907
True,0.00728788,30,3239,4116.423431779886
True,0.00727772,30,3240,4122.170130205614
True,0.00726899,30,3241,4127.120824213543
True,0.0072836,30,3242,4118.84233071558
True,0.00728261,30,3243,4119.4022472712395
True,0.00727944,30,3244,4121.196135966503
True,0.00728211,30,3245,4119.685091271624
True,0.00726326,30,3246,4130.376717892516
True,0.00727452,30,3247,4123.983438082513
True,0.00730462,30,3248,4106.989822879219
True,0.00728619,30,3249,4117.37821824575
True,0.00728778,30,3250,4116.479915694492
True,0.00727922,30,3251,4121.320690953152
True,0.00726138,30,3252,4131.446088759988
True,0.00727958,30,3253,4121.116877622061
True,0.00727102,30,3254,4125.968571122071
True,0.00728591,30,3255,4117.536450491428
True,0.00729411,30,3256,4112.907537725644
True,0.00726966,30,3257,4126.740452785963
True,0.00727878,30,3258,4121.56982351438
True,0.00728034,30,3259,4120.686671226894
True,0.00727274,30,3260,4124.992781262633
True,0.00728406,30,3261,4118.582219256843
True,0.00730364,30,3262,4107.540897415535
True,0.00726974,30,3263,4126.695039987675
True,0.00727678,30,3264,4122.702623962797
True,0.00728128,30,3265,4120.154698075064
True,0.00728312,30,3266,4119.113786399235
True,0.00728844,30,3267,4116.1071505013415
True,0.00726978,30,3268,4126.672333963339
True,0.00728422,30,3269,4118.491753406679
True,0.00727572,30,3270,4123.303260708219
True,0.00727815,30,3271,4121.926588487459
True,0.00728949,30,3272,4115.514254083619
True,0.00728575,30,3273,4117.6268743780665
True,0.00726916,30,3274,4127.024305421809
True,0.00728558,30,3275,4117.72295410935
True,0.0072929,30,3276,4113.589929931852
True,0.00728332,30,3277,4119.00067551611
True,0.00727231,30,3278,4125.236685454828
True,0.00728796,30,3279,4116.378245764247
True,0.00726758,30,3280,4127.921536467435
True,0.00728294,30,3281,4119.215591505628
True,0.00728333,30,3282,4118.99502013502
True,0.00729036,30,3283,4115.023126429971
True,0.00728625,30,3284,4117.344312918168
True,0.00726761,30,3285,4127.904496801562
True,0.00729219,30,3286,4113.990447314181
True,0.00728219,30,3287,4119.639833621479
True,0.00727577,30,3288,4123.274924853315
True,0.00728792,30,3289,4116.400838648065
True,0.00730013,30,3290,4109.515857936776
True,0.00727352,30,3291,4124.5504240037835
True,0.00728013,30,3292,4120.805535065994
True,0.00728314,30,3293,4119.102475031374
True,0.00727992,30,3294,4120.924405762701
True,0.00729042,30,3295,4114.989259878032
True,0.00727123,30,3296,4125.849409247128
True,0.0072936,30,3297,4113.195129976966
True,0.00728262,30,3298,4119.396590787382
True,0.00728053,30,3299,4120.579133661972
True,0.00728075,30,3300,4120.454623493459
True,0.00728116,30,3301,4120.222601893105
True,0.00725356,30,3302,4135.900164884553
True,0.00727659,30,3303,4122.810272394075
True,0.00727671,30,3304,4122.742283257132
True,0.00730171,30,3305,4108.626609383281
True,0.0072755,30,3306,4123.427943096694
True,0.00726278,30,3307,4130.649696121871
True,0.00727514,30,3308,4123.631985088947
True,0.00727922,30,3309,4121.320690953152
True,0.00728146,30,3310,4120.052846544511
True,0.00729415,30,3311,4112.884983171445
True,0.00727541,30,3312,4123.478951701691
True,0.00727688,30,3313,4122.645969151614
True,0.00728294,30,3314,4119.215591505628
True,0.00728851,30,3315,4116.0676187588415
True,0.00728499,30,3316,4118.056442081595
True,0.00728193,30,3317,4119.786924620259
True,0.00727519,30,3318,4123.6036447158085
True,0.00729905,30,3319,4110.123920236196
True,0.00727815,30,3320,4121.926588487459
True,0.00726442,30,3321,4129.717169436789
True,0.00727065,30,3322,4126.178539745415
True,0.00727941,30,3323,4121.21312029409
True,0.00725864,30,3324,4133.005631909007
True,0.00726805,30,3325,4127.654597863251
True,0.00727791,30,3326,4122.062515200106
True,0.00727478,30,3327,4123.836047275657
True,0.00727449,30,3328,4124.000445392048
True,0.00726902,30,3329,4127.103791157542
True,0.00726289,30,3330,4130.587135424053
True,0.00728264,30,3331,4119.385277866269
True,0.00727754,30,3332,4122.272086446794
False,0.00244009,10,3333,4098.2094922728265
