Copyright 1986-2022 Xilinx, Inc. All Rights Reserved. Copyright 2022-2024 Advanced Micro Devices, Inc. All Rights Reserved.
-----------------------------------------------------------------------------------------------------------------------------------------------------------------------------------------
| Tool Version      : Vivado v.2024.2 (lin64) Build 5239630 Fri Nov 08 22:34:34 MST 2024
| Date              : Thu Sep 10 09:01:06 2026
| Host              : ubuntu running 64-bit Ubuntu 24.04.3 LTS
| Command           : report_timing_summary -delay_type max -max_paths 10 -report_unconstrained -file {/home/miguel/Downloads/Plano testes TCC/H1/MLP/RF4/vivado_ooc/timing_summary.rpt}
| Design            : mlp_iris
| Device            : xczu7ev-ffvc1156
| Speed File        : -2  PRODUCTION 1.30 05-15-2022
| Design State      : Optimized
| Temperature Grade : E
-----------------------------------------------------------------------------------------------------------------------------------------------------------------------------------------

Timing Summary Report

------------------------------------------------------------------------------------------------
| Timer Settings
| --------------
------------------------------------------------------------------------------------------------

  Enable Multi Corner Analysis               :  Yes
  Enable Pessimism Removal                   :  Yes
  Pessimism Removal Resolution               :  Nearest Common Node
  Enable Input Delay Default Clock           :  No
  Enable Preset / Clear Arcs                 :  No
  Disable Flight Delays                      :  No
  Ignore I/O Paths                           :  No
  Timing Early Launch at Borrowing Latches   :  No
  Borrow Time for Max Delay Exceptions       :  Yes
  Merge Timing Exceptions                    :  Yes
  Inter-SLR Compensation                     :  Conservative

  Corner  Analyze    Analyze    
  Name    Max Paths  Min Paths  
  ------  ---------  ---------  
  Slow    Yes        Yes        
  Fast    Yes        Yes        


------------------------------------------------------------------------------------------------
| Report Methodology
| ------------------
------------------------------------------------------------------------------------------------

No report available as report_methodology has not been run prior. Run report_methodology on the current design for the summary of methodology violations.



check_timing report

Table of Contents
-----------------
1. checking no_clock (0)
2. checking constant_clock (0)
3. checking pulse_width_clock (0)
4. checking unconstrained_internal_endpoints (0)
5. checking no_input_delay (67)
6. checking no_output_delay (54)
7. checking multiple_clock (0)
8. checking generated_clocks (0)
9. checking loops (0)
10. checking partial_input_delay (0)
11. checking partial_output_delay (0)
12. checking latch_loops (0)

1. checking no_clock (0)
------------------------
 There are 0 register/latch pins with no clock.


2. checking constant_clock (0)
------------------------------
 There are 0 register/latch pins with constant_clock.


3. checking pulse_width_clock (0)
---------------------------------
 There are 0 register/latch pins which need pulse_width check


4. checking unconstrained_internal_endpoints (0)
------------------------------------------------
 There are 0 pins that are not constrained for maximum delay.

 There are 0 pins that are not constrained for maximum delay due to constant clock.


5. checking no_input_delay (67)
-------------------------------
 There are 67 input ports with no input delay specified. (HIGH)

 There are 0 input ports with no input delay but user has a false path constraint.


6. checking no_output_delay (54)
--------------------------------
 There are 54 ports with no output delay specified. (HIGH)

 There are 0 ports with no output delay but user has a false path constraint

 There are 0 ports with no output delay but with a timing clock defined on it or propagating through it


7. checking multiple_clock (0)
------------------------------
 There are 0 register/latch pins with multiple clocks.


8. checking generated_clocks (0)
--------------------------------
 There are 0 generated clocks that are not connected to a clock source.


9. checking loops (0)
---------------------
 There are 0 combinational loops in the design.


10. checking partial_input_delay (0)
------------------------------------
 There are 0 input ports with partial input delay specified.


11. checking partial_output_delay (0)
-------------------------------------
 There are 0 ports with partial output delay specified.


12. checking latch_loops (0)
----------------------------
 There are 0 combinational latch loops in the design through latch input



------------------------------------------------------------------------------------------------
| Design Timing Summary
| ---------------------
------------------------------------------------------------------------------------------------

    WNS(ns)      TNS(ns)  TNS Failing Endpoints  TNS Total Endpoints     WPWS(ns)     TPWS(ns)  TPWS Failing Endpoints  TPWS Total Endpoints  
    -------      -------  ---------------------  -------------------     --------     --------  ----------------------  --------------------  
      4.646        0.000                      0                 3737        4.458        0.000                       0                  1790  


All user specified timing constraints are met.


------------------------------------------------------------------------------------------------
| Clock Summary
| -------------
------------------------------------------------------------------------------------------------

Clock   Waveform(ns)       Period(ns)      Frequency(MHz)
-----   ------------       ----------      --------------
ap_clk  {0.000 5.000}      10.000          100.000         


------------------------------------------------------------------------------------------------
| Intra Clock Table
| -----------------
------------------------------------------------------------------------------------------------

Clock             WNS(ns)      TNS(ns)  TNS Failing Endpoints  TNS Total Endpoints     WPWS(ns)     TPWS(ns)  TPWS Failing Endpoints  TPWS Total Endpoints  
-----             -------      -------  ---------------------  -------------------     --------     --------  ----------------------  --------------------  
ap_clk              4.646        0.000                      0                 3737        4.458        0.000                       0                  1790  


------------------------------------------------------------------------------------------------
| Inter Clock Table
| -----------------
------------------------------------------------------------------------------------------------

From Clock    To Clock          WNS(ns)      TNS(ns)  TNS Failing Endpoints  TNS Total Endpoints  
----------    --------          -------      -------  ---------------------  -------------------  


------------------------------------------------------------------------------------------------
| Other Path Groups Table
| -----------------------
------------------------------------------------------------------------------------------------

Path Group    From Clock    To Clock          WNS(ns)      TNS(ns)  TNS Failing Endpoints  TNS Total Endpoints  
----------    ----------    --------          -------      -------  ---------------------  -------------------  


------------------------------------------------------------------------------------------------
| User Ignored Path Table
| -----------------------
------------------------------------------------------------------------------------------------

Path Group    From Clock    To Clock    
----------    ----------    --------    


------------------------------------------------------------------------------------------------
| Unconstrained Path Table
| ------------------------
------------------------------------------------------------------------------------------------

Path Group    From Clock    To Clock    
----------    ----------    --------    
(none)                                    
(none)        ap_clk                      
(none)                      ap_clk        


------------------------------------------------------------------------------------------------
| Timing Details
| --------------
------------------------------------------------------------------------------------------------


---------------------------------------------------------------------------------------------------
From Clock:  ap_clk
  To Clock:  ap_clk

Setup :            0  Failing Endpoints,  Worst Slack        4.646ns,  Total Violation        0.000ns
Hold  :           NA  Failing Endpoints,  Worst Slack           NA  ,  Total Violation           NA
PW    :            0  Failing Endpoints,  Worst Slack        4.458ns,  Total Violation        0.000ns
---------------------------------------------------------------------------------------------------


Max Delay Paths
--------------------------------------------------------------------------------------
Slack (MET) :             4.646ns  (required time - arrival time)
  Source:                 layer2_out_reg_309_reg[1]/C
                            (rising edge-triggered cell FDRE clocked by ap_clk  {rise@0.000ns fall@5.000ns period=10.000ns})
  Destination:            layer4_out_5_reg_399_reg[15]/D
                            (rising edge-triggered cell FDRE clocked by ap_clk  {rise@0.000ns fall@5.000ns period=10.000ns})
  Path Group:             ap_clk
  Path Type:              Setup (Max at Slow Process Corner)
  Requirement:            10.000ns  (ap_clk rise@10.000ns - ap_clk rise@0.000ns)
  Data Path Delay:        5.335ns  (logic 2.583ns (48.416%)  route 2.752ns (51.584%))
  Logic Levels:           20  (CARRY8=3 DSP_A_B_DATA=1 DSP_ALU=1 DSP_M_DATA=1 DSP_MULTIPLIER=1 DSP_OUTPUT=1 DSP_PREADD_DATA=1 LUT2=2 LUT3=1 LUT4=1 LUT5=4 LUT6=3)
  Clock Path Skew:        -0.009ns (DCD - SCD + CPR)
    Destination Clock Delay (DCD):    0.021ns = ( 10.021 - 10.000 ) 
    Source Clock Delay      (SCD):    0.030ns
    Clock Pessimism Removal (CPR):    0.000ns
  Clock Uncertainty:      0.035ns  ((TSJ^2 + TIJ^2)^1/2 + DJ) / 2 + PE
    Total System Jitter     (TSJ):    0.071ns
    Total Input Jitter      (TIJ):    0.000ns
    Discrete Jitter          (DJ):    0.000ns
    Phase Error              (PE):    0.000ns

    Location             Delay type                Incr(ns)  Path(ns)    Netlist Resource(s)
  -------------------------------------------------------------------    -------------------
                         (clock ap_clk rise edge)     0.000     0.000 r  
                                                      0.000     0.000 r  ap_clk (IN)
                         net (fo=1807, unset)         0.030     0.030    ap_clk
                         FDRE                                         r  layer2_out_reg_309_reg[1]/C
  -------------------------------------------------------------------    -------------------
                         FDRE (Prop_FDRE_C_Q)         0.077     0.107 f  layer2_out_reg_309_reg[1]/Q
                         net (fo=8, unplaced)         0.165     0.272    grp_dense_latency_ap_fixed_16_6_5_3_0_ap_fixed_16_6_5_3_0_config4_s_fu_91/mul_16s_12s_26_1_1_U25/tmp_product_i_17__2_0[1]
                         LUT2 (Prop_LUT2_I1_O)        0.070     0.342 f  grp_dense_latency_ap_fixed_16_6_5_3_0_ap_fixed_16_6_5_3_0_config4_s_fu_91/mul_16s_12s_26_1_1_U25/tmp_product_i_25__0/O
                         net (fo=1, unplaced)         0.260     0.602    grp_dense_latency_ap_fixed_16_6_5_3_0_ap_fixed_16_6_5_3_0_config4_s_fu_91/mul_16s_12s_26_1_1_U25/tmp_product_i_25__0_n_0
                         CARRY8 (Prop_CARRY8_DI[0]_CO[7])
                                                      0.140     0.742 f  grp_dense_latency_ap_fixed_16_6_5_3_0_ap_fixed_16_6_5_3_0_config4_s_fu_91/mul_16s_12s_26_1_1_U25/tmp_product_i_17__2/CO[7]
                         net (fo=75, unplaced)        0.195     0.937    grp_dense_latency_ap_fixed_16_6_5_3_0_ap_fixed_16_6_5_3_0_config4_s_fu_91/mul_16s_12s_26_1_1_U25/CO[0]
                         LUT2 (Prop_LUT2_I0_O)        0.038     0.975 f  grp_dense_latency_ap_fixed_16_6_5_3_0_ap_fixed_16_6_5_3_0_config4_s_fu_91/mul_16s_12s_26_1_1_U25/tmp_product_i_39/O
                         net (fo=1, unplaced)         0.186     1.161    grp_dense_latency_ap_fixed_16_6_5_3_0_ap_fixed_16_6_5_3_0_config4_s_fu_91/mul_16s_12s_26_1_1_U25/tmp_product_i_39_n_0
                         LUT6 (Prop_LUT6_I1_O)        0.038     1.199 f  grp_dense_latency_ap_fixed_16_6_5_3_0_ap_fixed_16_6_5_3_0_config4_s_fu_91/mul_16s_12s_26_1_1_U25/tmp_product_i_24__2/O
                         net (fo=2, unplaced)         0.186     1.385    grp_dense_latency_ap_fixed_16_6_5_3_0_ap_fixed_16_6_5_3_0_config4_s_fu_91/mul_16s_12s_26_1_1_U25/ap_CS_fsm_reg[1]_5
                         LUT5 (Prop_LUT5_I4_O)        0.038     1.423 f  grp_dense_latency_ap_fixed_16_6_5_3_0_ap_fixed_16_6_5_3_0_config4_s_fu_91/mul_16s_12s_26_1_1_U25/tmp_product_i_8__5/O
                         net (fo=2, unplaced)         0.228     1.651    grp_dense_latency_ap_fixed_16_6_5_3_0_ap_fixed_16_6_5_3_0_config4_s_fu_91/mul_16s_11ns_26_1_1_U30/tmp_product/A[8]
                         DSP_A_B_DATA (Prop_DSP_A_B_DATA_A[8]_A2_DATA[8])
                                                      0.192     1.843 r  grp_dense_latency_ap_fixed_16_6_5_3_0_ap_fixed_16_6_5_3_0_config4_s_fu_91/mul_16s_11ns_26_1_1_U30/tmp_product/DSP_A_B_DATA_INST/A2_DATA[8]
                         net (fo=1, unplaced)         0.000     1.843    grp_dense_latency_ap_fixed_16_6_5_3_0_ap_fixed_16_6_5_3_0_config4_s_fu_91/mul_16s_11ns_26_1_1_U30/tmp_product/DSP_A_B_DATA.A2_DATA<8>
                         DSP_PREADD_DATA (Prop_DSP_PREADD_DATA_A2_DATA[8]_A2A1[8])
                                                      0.076     1.919 r  grp_dense_latency_ap_fixed_16_6_5_3_0_ap_fixed_16_6_5_3_0_config4_s_fu_91/mul_16s_11ns_26_1_1_U30/tmp_product/DSP_PREADD_DATA_INST/A2A1[8]
                         net (fo=1, unplaced)         0.000     1.919    grp_dense_latency_ap_fixed_16_6_5_3_0_ap_fixed_16_6_5_3_0_config4_s_fu_91/mul_16s_11ns_26_1_1_U30/tmp_product/DSP_PREADD_DATA.A2A1<8>
                         DSP_MULTIPLIER (Prop_DSP_MULTIPLIER_A2A1[8]_U[15])
                                                      0.505     2.424 f  grp_dense_latency_ap_fixed_16_6_5_3_0_ap_fixed_16_6_5_3_0_config4_s_fu_91/mul_16s_11ns_26_1_1_U30/tmp_product/DSP_MULTIPLIER_INST/U[15]
                         net (fo=1, unplaced)         0.000     2.424    grp_dense_latency_ap_fixed_16_6_5_3_0_ap_fixed_16_6_5_3_0_config4_s_fu_91/mul_16s_11ns_26_1_1_U30/tmp_product/DSP_MULTIPLIER.U<15>
                         DSP_M_DATA (Prop_DSP_M_DATA_U[15]_U_DATA[15])
                                                      0.047     2.471 r  grp_dense_latency_ap_fixed_16_6_5_3_0_ap_fixed_16_6_5_3_0_config4_s_fu_91/mul_16s_11ns_26_1_1_U30/tmp_product/DSP_M_DATA_INST/U_DATA[15]
                         net (fo=1, unplaced)         0.000     2.471    grp_dense_latency_ap_fixed_16_6_5_3_0_ap_fixed_16_6_5_3_0_config4_s_fu_91/mul_16s_11ns_26_1_1_U30/tmp_product/DSP_M_DATA.U_DATA<15>
                         DSP_ALU (Prop_DSP_ALU_U_DATA[15]_ALU_OUT[15])
                                                      0.585     3.056 f  grp_dense_latency_ap_fixed_16_6_5_3_0_ap_fixed_16_6_5_3_0_config4_s_fu_91/mul_16s_11ns_26_1_1_U30/tmp_product/DSP_ALU_INST/ALU_OUT[15]
                         net (fo=1, unplaced)         0.000     3.056    grp_dense_latency_ap_fixed_16_6_5_3_0_ap_fixed_16_6_5_3_0_config4_s_fu_91/mul_16s_11ns_26_1_1_U30/tmp_product/DSP_ALU.ALU_OUT<15>
                         DSP_OUTPUT (Prop_DSP_OUTPUT_ALU_OUT[15]_P[15])
                                                      0.109     3.165 r  grp_dense_latency_ap_fixed_16_6_5_3_0_ap_fixed_16_6_5_3_0_config4_s_fu_91/mul_16s_11ns_26_1_1_U30/tmp_product/DSP_OUTPUT_INST/P[15]
                         net (fo=7, unplaced)         0.240     3.405    grp_dense_latency_ap_fixed_16_6_5_3_0_ap_fixed_16_6_5_3_0_config4_s_fu_91/mul_16s_11ns_26_1_1_U30/sext_ln42_20_fu_2813_p1[5]
                         LUT5 (Prop_LUT5_I0_O)        0.125     3.530 r  grp_dense_latency_ap_fixed_16_6_5_3_0_ap_fixed_16_6_5_3_0_config4_s_fu_91/mul_16s_11ns_26_1_1_U30/layer4_out_5_reg_399[15]_i_62/O
                         net (fo=8, unplaced)         0.214     3.744    grp_dense_latency_ap_fixed_16_6_5_3_0_ap_fixed_16_6_5_3_0_config4_s_fu_91/mul_16s_11ns_26_1_1_U30/layer4_out_5_reg_399[15]_i_62_n_0
                         LUT5 (Prop_LUT5_I0_O)        0.038     3.782 r  grp_dense_latency_ap_fixed_16_6_5_3_0_ap_fixed_16_6_5_3_0_config4_s_fu_91/mul_16s_11ns_26_1_1_U30/layer4_out_5_reg_399[15]_i_60/O
                         net (fo=9, unplaced)         0.217     3.999    grp_dense_latency_ap_fixed_16_6_5_3_0_ap_fixed_16_6_5_3_0_config4_s_fu_91/mul_16s_11ns_26_1_1_U30/layer4_out_5_reg_399[15]_i_60_n_0
                         LUT4 (Prop_LUT4_I3_O)        0.068     4.067 r  grp_dense_latency_ap_fixed_16_6_5_3_0_ap_fixed_16_6_5_3_0_config4_s_fu_91/mul_16s_11ns_26_1_1_U30/layer4_out_5_reg_399[15]_i_32/O
                         net (fo=2, unplaced)         0.212     4.279    grp_dense_latency_ap_fixed_16_6_5_3_0_ap_fixed_16_6_5_3_0_config4_s_fu_91/mul_16s_11ns_26_1_1_U30/layer4_out_5_reg_399[15]_i_32_n_0
                         LUT6 (Prop_LUT6_I0_O)        0.037     4.316 r  grp_dense_latency_ap_fixed_16_6_5_3_0_ap_fixed_16_6_5_3_0_config4_s_fu_91/mul_16s_11ns_26_1_1_U30/layer4_out_5_reg_399[15]_i_40/O
                         net (fo=1, unplaced)         0.032     4.348    grp_dense_latency_ap_fixed_16_6_5_3_0_ap_fixed_16_6_5_3_0_config4_s_fu_91/mul_16s_11ns_26_1_1_U30/layer4_out_5_reg_399[15]_i_40_n_0
                         CARRY8 (Prop_CARRY8_S[3]_O[4])
                                                      0.149     4.497 r  grp_dense_latency_ap_fixed_16_6_5_3_0_ap_fixed_16_6_5_3_0_config4_s_fu_91/mul_16s_11ns_26_1_1_U30/layer4_out_5_reg_399_reg[15]_i_18/O[4]
                         net (fo=3, unplaced)         0.190     4.687    grp_dense_latency_ap_fixed_16_6_5_3_0_ap_fixed_16_6_5_3_0_config4_s_fu_91/mul_16s_11ns_26_1_1_U30/layer4_out_5_reg_399_reg[15]_i_18_n_11
                         LUT3 (Prop_LUT3_I1_O)        0.038     4.725 r  grp_dense_latency_ap_fixed_16_6_5_3_0_ap_fixed_16_6_5_3_0_config4_s_fu_91/mul_16s_11ns_26_1_1_U30/layer4_out_5_reg_399[15]_i_19/O
                         net (fo=2, unplaced)         0.186     4.911    grp_dense_latency_ap_fixed_16_6_5_3_0_ap_fixed_16_6_5_3_0_config4_s_fu_91/mul_16s_11ns_26_1_1_U30/layer4_out_5_reg_399[15]_i_19_n_0
                         LUT5 (Prop_LUT5_I0_O)        0.038     4.949 r  grp_dense_latency_ap_fixed_16_6_5_3_0_ap_fixed_16_6_5_3_0_config4_s_fu_91/mul_16s_11ns_26_1_1_U30/layer4_out_5_reg_399[15]_i_3/O
                         net (fo=2, unplaced)         0.186     5.135    grp_dense_latency_ap_fixed_16_6_5_3_0_ap_fixed_16_6_5_3_0_config4_s_fu_91/mul_16s_11ns_26_1_1_U30/layer4_out_5_reg_399[15]_i_3_n_0
                         LUT6 (Prop_LUT6_I0_O)        0.037     5.172 r  grp_dense_latency_ap_fixed_16_6_5_3_0_ap_fixed_16_6_5_3_0_config4_s_fu_91/mul_16s_11ns_26_1_1_U30/layer4_out_5_reg_399[15]_i_11/O
                         net (fo=1, unplaced)         0.029     5.201    grp_dense_latency_ap_fixed_16_6_5_3_0_ap_fixed_16_6_5_3_0_config4_s_fu_91/mul_16s_11ns_26_1_1_U30/layer4_out_5_reg_399[15]_i_11_n_0
                         CARRY8 (Prop_CARRY8_S[5]_O[7])
                                                      0.138     5.339 r  grp_dense_latency_ap_fixed_16_6_5_3_0_ap_fixed_16_6_5_3_0_config4_s_fu_91/mul_16s_11ns_26_1_1_U30/layer4_out_5_reg_399_reg[15]_i_1/O[7]
                         net (fo=1, unplaced)         0.026     5.365    grp_dense_latency_ap_fixed_16_6_5_3_0_ap_fixed_16_6_5_3_0_config4_s_fu_91_ap_return_5[15]
                         FDRE                                         r  layer4_out_5_reg_399_reg[15]/D
  -------------------------------------------------------------------    -------------------

                         (clock ap_clk rise edge)    10.000    10.000 r  
                                                      0.000    10.000 r  ap_clk (IN)
                         net (fo=1807, unset)         0.021    10.021    ap_clk
                         FDRE                                         r  layer4_out_5_reg_399_reg[15]/C
                         clock pessimism              0.000    10.021    
                         clock uncertainty           -0.035     9.986    
                         FDRE (Setup_FDRE_C_D)        0.025    10.011    layer4_out_5_reg_399_reg[15]
  -------------------------------------------------------------------
                         required time                         10.011    
                         arrival time                          -5.365    
  -------------------------------------------------------------------
                         slack                                  4.646    

Slack (MET) :             4.653ns  (required time - arrival time)
  Source:                 layer2_out_reg_309_reg[1]/C
                            (rising edge-triggered cell FDRE clocked by ap_clk  {rise@0.000ns fall@5.000ns period=10.000ns})
  Destination:            layer4_out_5_reg_399_reg[14]/D
                            (rising edge-triggered cell FDRE clocked by ap_clk  {rise@0.000ns fall@5.000ns period=10.000ns})
  Path Group:             ap_clk
  Path Type:              Setup (Max at Slow Process Corner)
  Requirement:            10.000ns  (ap_clk rise@10.000ns - ap_clk rise@0.000ns)
  Data Path Delay:        5.328ns  (logic 2.576ns (48.348%)  route 2.752ns (51.652%))
  Logic Levels:           20  (CARRY8=3 DSP_A_B_DATA=1 DSP_ALU=1 DSP_M_DATA=1 DSP_MULTIPLIER=1 DSP_OUTPUT=1 DSP_PREADD_DATA=1 LUT2=2 LUT3=1 LUT4=1 LUT5=4 LUT6=3)
  Clock Path Skew:        -0.009ns (DCD - SCD + CPR)
    Destination Clock Delay (DCD):    0.021ns = ( 10.021 - 10.000 ) 
    Source Clock Delay      (SCD):    0.030ns
    Clock Pessimism Removal (CPR):    0.000ns
  Clock Uncertainty:      0.035ns  ((TSJ^2 + TIJ^2)^1/2 + DJ) / 2 + PE
    Total System Jitter     (TSJ):    0.071ns
    Total Input Jitter      (TIJ):    0.000ns
    Discrete Jitter          (DJ):    0.000ns
    Phase Error              (PE):    0.000ns

    Location             Delay type                Incr(ns)  Path(ns)    Netlist Resource(s)
  -------------------------------------------------------------------    -------------------
                         (clock ap_clk rise edge)     0.000     0.000 r  
                                                      0.000     0.000 r  ap_clk (IN)
                         net (fo=1807, unset)         0.030     0.030    ap_clk
                         FDRE                                         r  layer2_out_reg_309_reg[1]/C
  -------------------------------------------------------------------    -------------------
                         FDRE (Prop_FDRE_C_Q)         0.077     0.107 f  layer2_out_reg_309_reg[1]/Q
                         net (fo=8, unplaced)         0.165     0.272    grp_dense_latency_ap_fixed_16_6_5_3_0_ap_fixed_16_6_5_3_0_config4_s_fu_91/mul_16s_12s_26_1_1_U25/tmp_product_i_17__2_0[1]
                         LUT2 (Prop_LUT2_I1_O)        0.070     0.342 f  grp_dense_latency_ap_fixed_16_6_5_3_0_ap_fixed_16_6_5_3_0_config4_s_fu_91/mul_16s_12s_26_1_1_U25/tmp_product_i_25__0/O
                         net (fo=1, unplaced)         0.260     0.602    grp_dense_latency_ap_fixed_16_6_5_3_0_ap_fixed_16_6_5_3_0_config4_s_fu_91/mul_16s_12s_26_1_1_U25/tmp_product_i_25__0_n_0
                         CARRY8 (Prop_CARRY8_DI[0]_CO[7])
                                                      0.140     0.742 f  grp_dense_latency_ap_fixed_16_6_5_3_0_ap_fixed_16_6_5_3_0_config4_s_fu_91/mul_16s_12s_26_1_1_U25/tmp_product_i_17__2/CO[7]
                         net (fo=75, unplaced)        0.195     0.937    grp_dense_latency_ap_fixed_16_6_5_3_0_ap_fixed_16_6_5_3_0_config4_s_fu_91/mul_16s_12s_26_1_1_U25/CO[0]
                         LUT2 (Prop_LUT2_I0_O)        0.038     0.975 f  grp_dense_latency_ap_fixed_16_6_5_3_0_ap_fixed_16_6_5_3_0_config4_s_fu_91/mul_16s_12s_26_1_1_U25/tmp_product_i_39/O
                         net (fo=1, unplaced)         0.186     1.161    grp_dense_latency_ap_fixed_16_6_5_3_0_ap_fixed_16_6_5_3_0_config4_s_fu_91/mul_16s_12s_26_1_1_U25/tmp_product_i_39_n_0
                         LUT6 (Prop_LUT6_I1_O)        0.038     1.199 f  grp_dense_latency_ap_fixed_16_6_5_3_0_ap_fixed_16_6_5_3_0_config4_s_fu_91/mul_16s_12s_26_1_1_U25/tmp_product_i_24__2/O
                         net (fo=2, unplaced)         0.186     1.385    grp_dense_latency_ap_fixed_16_6_5_3_0_ap_fixed_16_6_5_3_0_config4_s_fu_91/mul_16s_12s_26_1_1_U25/ap_CS_fsm_reg[1]_5
                         LUT5 (Prop_LUT5_I4_O)        0.038     1.423 f  grp_dense_latency_ap_fixed_16_6_5_3_0_ap_fixed_16_6_5_3_0_config4_s_fu_91/mul_16s_12s_26_1_1_U25/tmp_product_i_8__5/O
                         net (fo=2, unplaced)         0.228     1.651    grp_dense_latency_ap_fixed_16_6_5_3_0_ap_fixed_16_6_5_3_0_config4_s_fu_91/mul_16s_11ns_26_1_1_U30/tmp_product/A[8]
                         DSP_A_B_DATA (Prop_DSP_A_B_DATA_A[8]_A2_DATA[8])
                                                      0.192     1.843 r  grp_dense_latency_ap_fixed_16_6_5_3_0_ap_fixed_16_6_5_3_0_config4_s_fu_91/mul_16s_11ns_26_1_1_U30/tmp_product/DSP_A_B_DATA_INST/A2_DATA[8]
                         net (fo=1, unplaced)         0.000     1.843    grp_dense_latency_ap_fixed_16_6_5_3_0_ap_fixed_16_6_5_3_0_config4_s_fu_91/mul_16s_11ns_26_1_1_U30/tmp_product/DSP_A_B_DATA.A2_DATA<8>
                         DSP_PREADD_DATA (Prop_DSP_PREADD_DATA_A2_DATA[8]_A2A1[8])
                                                      0.076     1.919 r  grp_dense_latency_ap_fixed_16_6_5_3_0_ap_fixed_16_6_5_3_0_config4_s_fu_91/mul_16s_11ns_26_1_1_U30/tmp_product/DSP_PREADD_DATA_INST/A2A1[8]
                         net (fo=1, unplaced)         0.000     1.919    grp_dense_latency_ap_fixed_16_6_5_3_0_ap_fixed_16_6_5_3_0_config4_s_fu_91/mul_16s_11ns_26_1_1_U30/tmp_product/DSP_PREADD_DATA.A2A1<8>
                         DSP_MULTIPLIER (Prop_DSP_MULTIPLIER_A2A1[8]_U[15])
                                                      0.505     2.424 f  grp_dense_latency_ap_fixed_16_6_5_3_0_ap_fixed_16_6_5_3_0_config4_s_fu_91/mul_16s_11ns_26_1_1_U30/tmp_product/DSP_MULTIPLIER_INST/U[15]
                         net (fo=1, unplaced)         0.000     2.424    grp_dense_latency_ap_fixed_16_6_5_3_0_ap_fixed_16_6_5_3_0_config4_s_fu_91/mul_16s_11ns_26_1_1_U30/tmp_product/DSP_MULTIPLIER.U<15>
                         DSP_M_DATA (Prop_DSP_M_DATA_U[15]_U_DATA[15])
                                                      0.047     2.471 r  grp_dense_latency_ap_fixed_16_6_5_3_0_ap_fixed_16_6_5_3_0_config4_s_fu_91/mul_16s_11ns_26_1_1_U30/tmp_product/DSP_M_DATA_INST/U_DATA[15]
                         net (fo=1, unplaced)         0.000     2.471    grp_dense_latency_ap_fixed_16_6_5_3_0_ap_fixed_16_6_5_3_0_config4_s_fu_91/mul_16s_11ns_26_1_1_U30/tmp_product/DSP_M_DATA.U_DATA<15>
                         DSP_ALU (Prop_DSP_ALU_U_DATA[15]_ALU_OUT[15])
                                                      0.585     3.056 f  grp_dense_latency_ap_fixed_16_6_5_3_0_ap_fixed_16_6_5_3_0_config4_s_fu_91/mul_16s_11ns_26_1_1_U30/tmp_product/DSP_ALU_INST/ALU_OUT[15]
                         net (fo=1, unplaced)         0.000     3.056    grp_dense_latency_ap_fixed_16_6_5_3_0_ap_fixed_16_6_5_3_0_config4_s_fu_91/mul_16s_11ns_26_1_1_U30/tmp_product/DSP_ALU.ALU_OUT<15>
                         DSP_OUTPUT (Prop_DSP_OUTPUT_ALU_OUT[15]_P[15])
                                                      0.109     3.165 r  grp_dense_latency_ap_fixed_16_6_5_3_0_ap_fixed_16_6_5_3_0_config4_s_fu_91/mul_16s_11ns_26_1_1_U30/tmp_product/DSP_OUTPUT_INST/P[15]
                         net (fo=7, unplaced)         0.240     3.405    grp_dense_latency_ap_fixed_16_6_5_3_0_ap_fixed_16_6_5_3_0_config4_s_fu_91/mul_16s_11ns_26_1_1_U30/sext_ln42_20_fu_2813_p1[5]
                         LUT5 (Prop_LUT5_I0_O)        0.125     3.530 r  grp_dense_latency_ap_fixed_16_6_5_3_0_ap_fixed_16_6_5_3_0_config4_s_fu_91/mul_16s_11ns_26_1_1_U30/layer4_out_5_reg_399[15]_i_62/O
                         net (fo=8, unplaced)         0.214     3.744    grp_dense_latency_ap_fixed_16_6_5_3_0_ap_fixed_16_6_5_3_0_config4_s_fu_91/mul_16s_11ns_26_1_1_U30/layer4_out_5_reg_399[15]_i_62_n_0
                         LUT5 (Prop_LUT5_I0_O)        0.038     3.782 r  grp_dense_latency_ap_fixed_16_6_5_3_0_ap_fixed_16_6_5_3_0_config4_s_fu_91/mul_16s_11ns_26_1_1_U30/layer4_out_5_reg_399[15]_i_60/O
                         net (fo=9, unplaced)         0.217     3.999    grp_dense_latency_ap_fixed_16_6_5_3_0_ap_fixed_16_6_5_3_0_config4_s_fu_91/mul_16s_11ns_26_1_1_U30/layer4_out_5_reg_399[15]_i_60_n_0
                         LUT4 (Prop_LUT4_I3_O)        0.068     4.067 r  grp_dense_latency_ap_fixed_16_6_5_3_0_ap_fixed_16_6_5_3_0_config4_s_fu_91/mul_16s_11ns_26_1_1_U30/layer4_out_5_reg_399[15]_i_32/O
                         net (fo=2, unplaced)         0.212     4.279    grp_dense_latency_ap_fixed_16_6_5_3_0_ap_fixed_16_6_5_3_0_config4_s_fu_91/mul_16s_11ns_26_1_1_U30/layer4_out_5_reg_399[15]_i_32_n_0
                         LUT6 (Prop_LUT6_I0_O)        0.037     4.316 r  grp_dense_latency_ap_fixed_16_6_5_3_0_ap_fixed_16_6_5_3_0_config4_s_fu_91/mul_16s_11ns_26_1_1_U30/layer4_out_5_reg_399[15]_i_40/O
                         net (fo=1, unplaced)         0.032     4.348    grp_dense_latency_ap_fixed_16_6_5_3_0_ap_fixed_16_6_5_3_0_config4_s_fu_91/mul_16s_11ns_26_1_1_U30/layer4_out_5_reg_399[15]_i_40_n_0
                         CARRY8 (Prop_CARRY8_S[3]_O[4])
                                                      0.149     4.497 r  grp_dense_latency_ap_fixed_16_6_5_3_0_ap_fixed_16_6_5_3_0_config4_s_fu_91/mul_16s_11ns_26_1_1_U30/layer4_out_5_reg_399_reg[15]_i_18/O[4]
                         net (fo=3, unplaced)         0.190     4.687    grp_dense_latency_ap_fixed_16_6_5_3_0_ap_fixed_16_6_5_3_0_config4_s_fu_91/mul_16s_11ns_26_1_1_U30/layer4_out_5_reg_399_reg[15]_i_18_n_11
                         LUT3 (Prop_LUT3_I1_O)        0.038     4.725 r  grp_dense_latency_ap_fixed_16_6_5_3_0_ap_fixed_16_6_5_3_0_config4_s_fu_91/mul_16s_11ns_26_1_1_U30/layer4_out_5_reg_399[15]_i_19/O
                         net (fo=2, unplaced)         0.186     4.911    grp_dense_latency_ap_fixed_16_6_5_3_0_ap_fixed_16_6_5_3_0_config4_s_fu_91/mul_16s_11ns_26_1_1_U30/layer4_out_5_reg_399[15]_i_19_n_0
                         LUT5 (Prop_LUT5_I0_O)        0.038     4.949 r  grp_dense_latency_ap_fixed_16_6_5_3_0_ap_fixed_16_6_5_3_0_config4_s_fu_91/mul_16s_11ns_26_1_1_U30/layer4_out_5_reg_399[15]_i_3/O
                         net (fo=2, unplaced)         0.186     5.135    grp_dense_latency_ap_fixed_16_6_5_3_0_ap_fixed_16_6_5_3_0_config4_s_fu_91/mul_16s_11ns_26_1_1_U30/layer4_out_5_reg_399[15]_i_3_n_0
                         LUT6 (Prop_LUT6_I0_O)        0.037     5.172 r  grp_dense_latency_ap_fixed_16_6_5_3_0_ap_fixed_16_6_5_3_0_config4_s_fu_91/mul_16s_11ns_26_1_1_U30/layer4_out_5_reg_399[15]_i_11/O
                         net (fo=1, unplaced)         0.029     5.201    grp_dense_latency_ap_fixed_16_6_5_3_0_ap_fixed_16_6_5_3_0_config4_s_fu_91/mul_16s_11ns_26_1_1_U30/layer4_out_5_reg_399[15]_i_11_n_0
                         CARRY8 (Prop_CARRY8_S[5]_O[6])
                                                      0.131     5.332 r  grp_dense_latency_ap_fixed_16_6_5_3_0_ap_fixed_16_6_5_3_0_config4_s_fu_91/mul_16s_11ns_26_1_1_U30/layer4_out_5_reg_399_reg[15]_i_1/O[6]
                         net (fo=1, unplaced)         0.026     5.358    grp_dense_latency_ap_fixed_16_6_5_3_0_ap_fixed_16_6_5_3_0_config4_s_fu_91_ap_return_5[14]
                         FDRE                                         r  layer4_out_5_reg_399_reg[14]/D
  -------------------------------------------------------------------    -------------------

                         (clock ap_clk rise edge)    10.000    10.000 r  
                                                      0.000    10.000 r  ap_clk (IN)
                         net (fo=1807, unset)         0.021    10.021    ap_clk
                         FDRE                                         r  layer4_out_5_reg_399_reg[14]/C
                         clock pessimism              0.000    10.021    
                         clock uncertainty           -0.035     9.986    
                         FDRE (Setup_FDRE_C_D)        0.025    10.011    layer4_out_5_reg_399_reg[14]
  -------------------------------------------------------------------
                         required time                         10.011    
                         arrival time                          -5.358    
  -------------------------------------------------------------------
                         slack                                  4.653    

Slack (MET) :             4.661ns  (required time - arrival time)
  Source:                 layer2_out_reg_309_reg[1]/C
                            (rising edge-triggered cell FDRE clocked by ap_clk  {rise@0.000ns fall@5.000ns period=10.000ns})
  Destination:            layer4_out_7_reg_409_reg[15]/D
                            (rising edge-triggered cell FDRE clocked by ap_clk  {rise@0.000ns fall@5.000ns period=10.000ns})
  Path Group:             ap_clk
  Path Type:              Setup (Max at Slow Process Corner)
  Requirement:            10.000ns  (ap_clk rise@10.000ns - ap_clk rise@0.000ns)
  Data Path Delay:        5.320ns  (logic 2.608ns (49.023%)  route 2.712ns (50.977%))
  Logic Levels:           20  (CARRY8=3 DSP_A_B_DATA=1 DSP_ALU=1 DSP_M_DATA=1 DSP_MULTIPLIER=1 DSP_OUTPUT=1 DSP_PREADD_DATA=1 LUT2=2 LUT3=1 LUT4=1 LUT5=3 LUT6=4)
  Clock Path Skew:        -0.009ns (DCD - SCD + CPR)
    Destination Clock Delay (DCD):    0.021ns = ( 10.021 - 10.000 ) 
    Source Clock Delay      (SCD):    0.030ns
    Clock Pessimism Removal (CPR):    0.000ns
  Clock Uncertainty:      0.035ns  ((TSJ^2 + TIJ^2)^1/2 + DJ) / 2 + PE
    Total System Jitter     (TSJ):    0.071ns
    Total Input Jitter      (TIJ):    0.000ns
    Discrete Jitter          (DJ):    0.000ns
    Phase Error              (PE):    0.000ns

    Location             Delay type                Incr(ns)  Path(ns)    Netlist Resource(s)
  -------------------------------------------------------------------    -------------------
                         (clock ap_clk rise edge)     0.000     0.000 r  
                                                      0.000     0.000 r  ap_clk (IN)
                         net (fo=1807, unset)         0.030     0.030    ap_clk
                         FDRE                                         r  layer2_out_reg_309_reg[1]/C
  -------------------------------------------------------------------    -------------------
                         FDRE (Prop_FDRE_C_Q)         0.077     0.107 f  layer2_out_reg_309_reg[1]/Q
                         net (fo=8, unplaced)         0.165     0.272    grp_dense_latency_ap_fixed_16_6_5_3_0_ap_fixed_16_6_5_3_0_config4_s_fu_91/mul_16s_12s_26_1_1_U25/tmp_product_i_17__2_0[1]
                         LUT2 (Prop_LUT2_I1_O)        0.070     0.342 f  grp_dense_latency_ap_fixed_16_6_5_3_0_ap_fixed_16_6_5_3_0_config4_s_fu_91/mul_16s_12s_26_1_1_U25/tmp_product_i_25__0/O
                         net (fo=1, unplaced)         0.260     0.602    grp_dense_latency_ap_fixed_16_6_5_3_0_ap_fixed_16_6_5_3_0_config4_s_fu_91/mul_16s_12s_26_1_1_U25/tmp_product_i_25__0_n_0
                         CARRY8 (Prop_CARRY8_DI[0]_CO[7])
                                                      0.140     0.742 f  grp_dense_latency_ap_fixed_16_6_5_3_0_ap_fixed_16_6_5_3_0_config4_s_fu_91/mul_16s_12s_26_1_1_U25/tmp_product_i_17__2/CO[7]
                         net (fo=75, unplaced)        0.195     0.937    grp_dense_latency_ap_fixed_16_6_5_3_0_ap_fixed_16_6_5_3_0_config4_s_fu_91/mul_16s_12s_26_1_1_U25/CO[0]
                         LUT2 (Prop_LUT2_I0_O)        0.038     0.975 f  grp_dense_latency_ap_fixed_16_6_5_3_0_ap_fixed_16_6_5_3_0_config4_s_fu_91/mul_16s_12s_26_1_1_U25/tmp_product_i_39/O
                         net (fo=1, unplaced)         0.186     1.161    grp_dense_latency_ap_fixed_16_6_5_3_0_ap_fixed_16_6_5_3_0_config4_s_fu_91/mul_16s_12s_26_1_1_U25/tmp_product_i_39_n_0
                         LUT6 (Prop_LUT6_I1_O)        0.038     1.199 f  grp_dense_latency_ap_fixed_16_6_5_3_0_ap_fixed_16_6_5_3_0_config4_s_fu_91/mul_16s_12s_26_1_1_U25/tmp_product_i_24__2/O
                         net (fo=2, unplaced)         0.186     1.385    grp_dense_latency_ap_fixed_16_6_5_3_0_ap_fixed_16_6_5_3_0_config4_s_fu_91/mul_16s_12s_26_1_1_U27/tmp_product_9
                         LUT5 (Prop_LUT5_I4_O)        0.038     1.423 f  grp_dense_latency_ap_fixed_16_6_5_3_0_ap_fixed_16_6_5_3_0_config4_s_fu_91/mul_16s_12s_26_1_1_U27/tmp_product_i_9__4/O
                         net (fo=1, unplaced)         0.228     1.651    grp_dense_latency_ap_fixed_16_6_5_3_0_ap_fixed_16_6_5_3_0_config4_s_fu_91/mul_16s_12s_26_1_1_U27/tmp_product/A[8]
                         DSP_A_B_DATA (Prop_DSP_A_B_DATA_A[8]_A2_DATA[8])
                                                      0.192     1.843 r  grp_dense_latency_ap_fixed_16_6_5_3_0_ap_fixed_16_6_5_3_0_config4_s_fu_91/mul_16s_12s_26_1_1_U27/tmp_product/DSP_A_B_DATA_INST/A2_DATA[8]
                         net (fo=1, unplaced)         0.000     1.843    grp_dense_latency_ap_fixed_16_6_5_3_0_ap_fixed_16_6_5_3_0_config4_s_fu_91/mul_16s_12s_26_1_1_U27/tmp_product/DSP_A_B_DATA.A2_DATA<8>
                         DSP_PREADD_DATA (Prop_DSP_PREADD_DATA_A2_DATA[8]_A2A1[8])
                                                      0.076     1.919 r  grp_dense_latency_ap_fixed_16_6_5_3_0_ap_fixed_16_6_5_3_0_config4_s_fu_91/mul_16s_12s_26_1_1_U27/tmp_product/DSP_PREADD_DATA_INST/A2A1[8]
                         net (fo=1, unplaced)         0.000     1.919    grp_dense_latency_ap_fixed_16_6_5_3_0_ap_fixed_16_6_5_3_0_config4_s_fu_91/mul_16s_12s_26_1_1_U27/tmp_product/DSP_PREADD_DATA.A2A1<8>
                         DSP_MULTIPLIER (Prop_DSP_MULTIPLIER_A2A1[8]_U[14])
                                                      0.505     2.424 f  grp_dense_latency_ap_fixed_16_6_5_3_0_ap_fixed_16_6_5_3_0_config4_s_fu_91/mul_16s_12s_26_1_1_U27/tmp_product/DSP_MULTIPLIER_INST/U[14]
                         net (fo=1, unplaced)         0.000     2.424    grp_dense_latency_ap_fixed_16_6_5_3_0_ap_fixed_16_6_5_3_0_config4_s_fu_91/mul_16s_12s_26_1_1_U27/tmp_product/DSP_MULTIPLIER.U<14>
                         DSP_M_DATA (Prop_DSP_M_DATA_U[14]_U_DATA[14])
                                                      0.047     2.471 r  grp_dense_latency_ap_fixed_16_6_5_3_0_ap_fixed_16_6_5_3_0_config4_s_fu_91/mul_16s_12s_26_1_1_U27/tmp_product/DSP_M_DATA_INST/U_DATA[14]
                         net (fo=1, unplaced)         0.000     2.471    grp_dense_latency_ap_fixed_16_6_5_3_0_ap_fixed_16_6_5_3_0_config4_s_fu_91/mul_16s_12s_26_1_1_U27/tmp_product/DSP_M_DATA.U_DATA<14>
                         DSP_ALU (Prop_DSP_ALU_U_DATA[14]_ALU_OUT[14])
                                                      0.585     3.056 f  grp_dense_latency_ap_fixed_16_6_5_3_0_ap_fixed_16_6_5_3_0_config4_s_fu_91/mul_16s_12s_26_1_1_U27/tmp_product/DSP_ALU_INST/ALU_OUT[14]
                         net (fo=1, unplaced)         0.000     3.056    grp_dense_latency_ap_fixed_16_6_5_3_0_ap_fixed_16_6_5_3_0_config4_s_fu_91/mul_16s_12s_26_1_1_U27/tmp_product/DSP_ALU.ALU_OUT<14>
                         DSP_OUTPUT (Prop_DSP_OUTPUT_ALU_OUT[14]_P[14])
                                                      0.109     3.165 r  grp_dense_latency_ap_fixed_16_6_5_3_0_ap_fixed_16_6_5_3_0_config4_s_fu_91/mul_16s_12s_26_1_1_U27/tmp_product/DSP_OUTPUT_INST/P[14]
                         net (fo=9, unplaced)         0.203     3.368    grp_dense_latency_ap_fixed_16_6_5_3_0_ap_fixed_16_6_5_3_0_config4_s_fu_91/mul_16s_12s_26_1_1_U27/P[4]
                         LUT6 (Prop_LUT6_I0_O)        0.150     3.518 r  grp_dense_latency_ap_fixed_16_6_5_3_0_ap_fixed_16_6_5_3_0_config4_s_fu_91/mul_16s_12s_26_1_1_U27/layer4_out_7_reg_409[15]_i_61/O
                         net (fo=8, unplaced)         0.214     3.732    grp_dense_latency_ap_fixed_16_6_5_3_0_ap_fixed_16_6_5_3_0_config4_s_fu_91/mul_16s_12s_26_1_1_U27/layer4_out_7_reg_409[15]_i_61_n_0
                         LUT5 (Prop_LUT5_I0_O)        0.038     3.770 r  grp_dense_latency_ap_fixed_16_6_5_3_0_ap_fixed_16_6_5_3_0_config4_s_fu_91/mul_16s_12s_26_1_1_U27/layer4_out_7_reg_409[15]_i_59/O
                         net (fo=8, unplaced)         0.214     3.984    grp_dense_latency_ap_fixed_16_6_5_3_0_ap_fixed_16_6_5_3_0_config4_s_fu_91/mul_16s_12s_26_1_1_U27/layer4_out_7_reg_409[15]_i_59_n_0
                         LUT4 (Prop_LUT4_I3_O)        0.068     4.052 r  grp_dense_latency_ap_fixed_16_6_5_3_0_ap_fixed_16_6_5_3_0_config4_s_fu_91/mul_16s_12s_26_1_1_U27/layer4_out_7_reg_409[15]_i_31/O
                         net (fo=2, unplaced)         0.212     4.264    grp_dense_latency_ap_fixed_16_6_5_3_0_ap_fixed_16_6_5_3_0_config4_s_fu_91/mul_16s_12s_26_1_1_U27/layer4_out_7_reg_409[15]_i_31_n_0
                         LUT6 (Prop_LUT6_I0_O)        0.037     4.301 r  grp_dense_latency_ap_fixed_16_6_5_3_0_ap_fixed_16_6_5_3_0_config4_s_fu_91/mul_16s_12s_26_1_1_U27/layer4_out_7_reg_409[15]_i_39/O
                         net (fo=1, unplaced)         0.032     4.333    grp_dense_latency_ap_fixed_16_6_5_3_0_ap_fixed_16_6_5_3_0_config4_s_fu_91/mul_16s_12s_26_1_1_U27/layer4_out_7_reg_409[15]_i_39_n_0
                         CARRY8 (Prop_CARRY8_S[3]_O[4])
                                                      0.149     4.482 r  grp_dense_latency_ap_fixed_16_6_5_3_0_ap_fixed_16_6_5_3_0_config4_s_fu_91/mul_16s_12s_26_1_1_U27/layer4_out_7_reg_409_reg[15]_i_18/O[4]
                         net (fo=3, unplaced)         0.190     4.672    grp_dense_latency_ap_fixed_16_6_5_3_0_ap_fixed_16_6_5_3_0_config4_s_fu_91/mul_16s_12s_26_1_1_U27/layer4_out_7_reg_409_reg[15]_i_18_n_11
                         LUT3 (Prop_LUT3_I1_O)        0.038     4.710 r  grp_dense_latency_ap_fixed_16_6_5_3_0_ap_fixed_16_6_5_3_0_config4_s_fu_91/mul_16s_12s_26_1_1_U27/layer4_out_7_reg_409[15]_i_19/O
                         net (fo=2, unplaced)         0.186     4.896    grp_dense_latency_ap_fixed_16_6_5_3_0_ap_fixed_16_6_5_3_0_config4_s_fu_91/mul_16s_12s_26_1_1_U27/layer4_out_7_reg_409[15]_i_19_n_0
                         LUT5 (Prop_LUT5_I0_O)        0.038     4.934 r  grp_dense_latency_ap_fixed_16_6_5_3_0_ap_fixed_16_6_5_3_0_config4_s_fu_91/mul_16s_12s_26_1_1_U27/layer4_out_7_reg_409[15]_i_3/O
                         net (fo=2, unplaced)         0.186     5.120    grp_dense_latency_ap_fixed_16_6_5_3_0_ap_fixed_16_6_5_3_0_config4_s_fu_91/mul_16s_12s_26_1_1_U27/layer4_out_7_reg_409[15]_i_3_n_0
                         LUT6 (Prop_LUT6_I0_O)        0.037     5.157 r  grp_dense_latency_ap_fixed_16_6_5_3_0_ap_fixed_16_6_5_3_0_config4_s_fu_91/mul_16s_12s_26_1_1_U27/layer4_out_7_reg_409[15]_i_11/O
                         net (fo=1, unplaced)         0.029     5.186    grp_dense_latency_ap_fixed_16_6_5_3_0_ap_fixed_16_6_5_3_0_config4_s_fu_91/mul_16s_12s_26_1_1_U27/layer4_out_7_reg_409[15]_i_11_n_0
                         CARRY8 (Prop_CARRY8_S[5]_O[7])
                                                      0.138     5.324 r  grp_dense_latency_ap_fixed_16_6_5_3_0_ap_fixed_16_6_5_3_0_config4_s_fu_91/mul_16s_12s_26_1_1_U27/layer4_out_7_reg_409_reg[15]_i_1/O[7]
                         net (fo=1, unplaced)         0.026     5.350    grp_dense_latency_ap_fixed_16_6_5_3_0_ap_fixed_16_6_5_3_0_config4_s_fu_91_ap_return_7[15]
                         FDRE                                         r  layer4_out_7_reg_409_reg[15]/D
  -------------------------------------------------------------------    -------------------

                         (clock ap_clk rise edge)    10.000    10.000 r  
                                                      0.000    10.000 r  ap_clk (IN)
                         net (fo=1807, unset)         0.021    10.021    ap_clk
                         FDRE                                         r  layer4_out_7_reg_409_reg[15]/C
                         clock pessimism              0.000    10.021    
                         clock uncertainty           -0.035     9.986    
                         FDRE (Setup_FDRE_C_D)        0.025    10.011    layer4_out_7_reg_409_reg[15]
  -------------------------------------------------------------------
                         required time                         10.011    
                         arrival time                          -5.350    
  -------------------------------------------------------------------
                         slack                                  4.661    

Slack (MET) :             4.668ns  (required time - arrival time)
  Source:                 layer2_out_reg_309_reg[1]/C
                            (rising edge-triggered cell FDRE clocked by ap_clk  {rise@0.000ns fall@5.000ns period=10.000ns})
  Destination:            layer4_out_7_reg_409_reg[14]/D
                            (rising edge-triggered cell FDRE clocked by ap_clk  {rise@0.000ns fall@5.000ns period=10.000ns})
  Path Group:             ap_clk
  Path Type:              Setup (Max at Slow Process Corner)
  Requirement:            10.000ns  (ap_clk rise@10.000ns - ap_clk rise@0.000ns)
  Data Path Delay:        5.313ns  (logic 2.601ns (48.955%)  route 2.712ns (51.045%))
  Logic Levels:           20  (CARRY8=3 DSP_A_B_DATA=1 DSP_ALU=1 DSP_M_DATA=1 DSP_MULTIPLIER=1 DSP_OUTPUT=1 DSP_PREADD_DATA=1 LUT2=2 LUT3=1 LUT4=1 LUT5=3 LUT6=4)
  Clock Path Skew:        -0.009ns (DCD - SCD + CPR)
    Destination Clock Delay (DCD):    0.021ns = ( 10.021 - 10.000 ) 
    Source Clock Delay      (SCD):    0.030ns
    Clock Pessimism Removal (CPR):    0.000ns
  Clock Uncertainty:      0.035ns  ((TSJ^2 + TIJ^2)^1/2 + DJ) / 2 + PE
    Total System Jitter     (TSJ):    0.071ns
    Total Input Jitter      (TIJ):    0.000ns
    Discrete Jitter          (DJ):    0.000ns
    Phase Error              (PE):    0.000ns

    Location             Delay type                Incr(ns)  Path(ns)    Netlist Resource(s)
  -------------------------------------------------------------------    -------------------
                         (clock ap_clk rise edge)     0.000     0.000 r  
                                                      0.000     0.000 r  ap_clk (IN)
                         net (fo=1807, unset)         0.030     0.030    ap_clk
                         FDRE                                         r  layer2_out_reg_309_reg[1]/C
  -------------------------------------------------------------------    -------------------
                         FDRE (Prop_FDRE_C_Q)         0.077     0.107 f  layer2_out_reg_309_reg[1]/Q
                         net (fo=8, unplaced)         0.165     0.272    grp_dense_latency_ap_fixed_16_6_5_3_0_ap_fixed_16_6_5_3_0_config4_s_fu_91/mul_16s_12s_26_1_1_U25/tmp_product_i_17__2_0[1]
                         LUT2 (Prop_LUT2_I1_O)        0.070     0.342 f  grp_dense_latency_ap_fixed_16_6_5_3_0_ap_fixed_16_6_5_3_0_config4_s_fu_91/mul_16s_12s_26_1_1_U25/tmp_product_i_25__0/O
                         net (fo=1, unplaced)         0.260     0.602    grp_dense_latency_ap_fixed_16_6_5_3_0_ap_fixed_16_6_5_3_0_config4_s_fu_91/mul_16s_12s_26_1_1_U25/tmp_product_i_25__0_n_0
                         CARRY8 (Prop_CARRY8_DI[0]_CO[7])
                                                      0.140     0.742 f  grp_dense_latency_ap_fixed_16_6_5_3_0_ap_fixed_16_6_5_3_0_config4_s_fu_91/mul_16s_12s_26_1_1_U25/tmp_product_i_17__2/CO[7]
                         net (fo=75, unplaced)        0.195     0.937    grp_dense_latency_ap_fixed_16_6_5_3_0_ap_fixed_16_6_5_3_0_config4_s_fu_91/mul_16s_12s_26_1_1_U25/CO[0]
                         LUT2 (Prop_LUT2_I0_O)        0.038     0.975 f  grp_dense_latency_ap_fixed_16_6_5_3_0_ap_fixed_16_6_5_3_0_config4_s_fu_91/mul_16s_12s_26_1_1_U25/tmp_product_i_39/O
                         net (fo=1, unplaced)         0.186     1.161    grp_dense_latency_ap_fixed_16_6_5_3_0_ap_fixed_16_6_5_3_0_config4_s_fu_91/mul_16s_12s_26_1_1_U25/tmp_product_i_39_n_0
                         LUT6 (Prop_LUT6_I1_O)        0.038     1.199 f  grp_dense_latency_ap_fixed_16_6_5_3_0_ap_fixed_16_6_5_3_0_config4_s_fu_91/mul_16s_12s_26_1_1_U25/tmp_product_i_24__2/O
                         net (fo=2, unplaced)         0.186     1.385    grp_dense_latency_ap_fixed_16_6_5_3_0_ap_fixed_16_6_5_3_0_config4_s_fu_91/mul_16s_12s_26_1_1_U27/tmp_product_9
                         LUT5 (Prop_LUT5_I4_O)        0.038     1.423 f  grp_dense_latency_ap_fixed_16_6_5_3_0_ap_fixed_16_6_5_3_0_config4_s_fu_91/mul_16s_12s_26_1_1_U27/tmp_product_i_9__4/O
                         net (fo=1, unplaced)         0.228     1.651    grp_dense_latency_ap_fixed_16_6_5_3_0_ap_fixed_16_6_5_3_0_config4_s_fu_91/mul_16s_12s_26_1_1_U27/tmp_product/A[8]
                         DSP_A_B_DATA (Prop_DSP_A_B_DATA_A[8]_A2_DATA[8])
                                                      0.192     1.843 r  grp_dense_latency_ap_fixed_16_6_5_3_0_ap_fixed_16_6_5_3_0_config4_s_fu_91/mul_16s_12s_26_1_1_U27/tmp_product/DSP_A_B_DATA_INST/A2_DATA[8]
                         net (fo=1, unplaced)         0.000     1.843    grp_dense_latency_ap_fixed_16_6_5_3_0_ap_fixed_16_6_5_3_0_config4_s_fu_91/mul_16s_12s_26_1_1_U27/tmp_product/DSP_A_B_DATA.A2_DATA<8>
                         DSP_PREADD_DATA (Prop_DSP_PREADD_DATA_A2_DATA[8]_A2A1[8])
                                                      0.076     1.919 r  grp_dense_latency_ap_fixed_16_6_5_3_0_ap_fixed_16_6_5_3_0_config4_s_fu_91/mul_16s_12s_26_1_1_U27/tmp_product/DSP_PREADD_DATA_INST/A2A1[8]
                         net (fo=1, unplaced)         0.000     1.919    grp_dense_latency_ap_fixed_16_6_5_3_0_ap_fixed_16_6_5_3_0_config4_s_fu_91/mul_16s_12s_26_1_1_U27/tmp_product/DSP_PREADD_DATA.A2A1<8>
                         DSP_MULTIPLIER (Prop_DSP_MULTIPLIER_A2A1[8]_U[14])
                                                      0.505     2.424 f  grp_dense_latency_ap_fixed_16_6_5_3_0_ap_fixed_16_6_5_3_0_config4_s_fu_91/mul_16s_12s_26_1_1_U27/tmp_product/DSP_MULTIPLIER_INST/U[14]
                         net (fo=1, unplaced)         0.000     2.424    grp_dense_latency_ap_fixed_16_6_5_3_0_ap_fixed_16_6_5_3_0_config4_s_fu_91/mul_16s_12s_26_1_1_U27/tmp_product/DSP_MULTIPLIER.U<14>
                         DSP_M_DATA (Prop_DSP_M_DATA_U[14]_U_DATA[14])
                                                      0.047     2.471 r  grp_dense_latency_ap_fixed_16_6_5_3_0_ap_fixed_16_6_5_3_0_config4_s_fu_91/mul_16s_12s_26_1_1_U27/tmp_product/DSP_M_DATA_INST/U_DATA[14]
                         net (fo=1, unplaced)         0.000     2.471    grp_dense_latency_ap_fixed_16_6_5_3_0_ap_fixed_16_6_5_3_0_config4_s_fu_91/mul_16s_12s_26_1_1_U27/tmp_product/DSP_M_DATA.U_DATA<14>
                         DSP_ALU (Prop_DSP_ALU_U_DATA[14]_ALU_OUT[14])
                                                      0.585     3.056 f  grp_dense_latency_ap_fixed_16_6_5_3_0_ap_fixed_16_6_5_3_0_config4_s_fu_91/mul_16s_12s_26_1_1_U27/tmp_product/DSP_ALU_INST/ALU_OUT[14]
                         net (fo=1, unplaced)         0.000     3.056    grp_dense_latency_ap_fixed_16_6_5_3_0_ap_fixed_16_6_5_3_0_config4_s_fu_91/mul_16s_12s_26_1_1_U27/tmp_product/DSP_ALU.ALU_OUT<14>
                         DSP_OUTPUT (Prop_DSP_OUTPUT_ALU_OUT[14]_P[14])
                                                      0.109     3.165 r  grp_dense_latency_ap_fixed_16_6_5_3_0_ap_fixed_16_6_5_3_0_config4_s_fu_91/mul_16s_12s_26_1_1_U27/tmp_product/DSP_OUTPUT_INST/P[14]
                         net (fo=9, unplaced)         0.203     3.368    grp_dense_latency_ap_fixed_16_6_5_3_0_ap_fixed_16_6_5_3_0_config4_s_fu_91/mul_16s_12s_26_1_1_U27/P[4]
                         LUT6 (Prop_LUT6_I0_O)        0.150     3.518 r  grp_dense_latency_ap_fixed_16_6_5_3_0_ap_fixed_16_6_5_3_0_config4_s_fu_91/mul_16s_12s_26_1_1_U27/layer4_out_7_reg_409[15]_i_61/O
                         net (fo=8, unplaced)         0.214     3.732    grp_dense_latency_ap_fixed_16_6_5_3_0_ap_fixed_16_6_5_3_0_config4_s_fu_91/mul_16s_12s_26_1_1_U27/layer4_out_7_reg_409[15]_i_61_n_0
                         LUT5 (Prop_LUT5_I0_O)        0.038     3.770 r  grp_dense_latency_ap_fixed_16_6_5_3_0_ap_fixed_16_6_5_3_0_config4_s_fu_91/mul_16s_12s_26_1_1_U27/layer4_out_7_reg_409[15]_i_59/O
                         net (fo=8, unplaced)         0.214     3.984    grp_dense_latency_ap_fixed_16_6_5_3_0_ap_fixed_16_6_5_3_0_config4_s_fu_91/mul_16s_12s_26_1_1_U27/layer4_out_7_reg_409[15]_i_59_n_0
                         LUT4 (Prop_LUT4_I3_O)        0.068     4.052 r  grp_dense_latency_ap_fixed_16_6_5_3_0_ap_fixed_16_6_5_3_0_config4_s_fu_91/mul_16s_12s_26_1_1_U27/layer4_out_7_reg_409[15]_i_31/O
                         net (fo=2, unplaced)         0.212     4.264    grp_dense_latency_ap_fixed_16_6_5_3_0_ap_fixed_16_6_5_3_0_config4_s_fu_91/mul_16s_12s_26_1_1_U27/layer4_out_7_reg_409[15]_i_31_n_0
                         LUT6 (Prop_LUT6_I0_O)        0.037     4.301 r  grp_dense_latency_ap_fixed_16_6_5_3_0_ap_fixed_16_6_5_3_0_config4_s_fu_91/mul_16s_12s_26_1_1_U27/layer4_out_7_reg_409[15]_i_39/O
                         net (fo=1, unplaced)         0.032     4.333    grp_dense_latency_ap_fixed_16_6_5_3_0_ap_fixed_16_6_5_3_0_config4_s_fu_91/mul_16s_12s_26_1_1_U27/layer4_out_7_reg_409[15]_i_39_n_0
                         CARRY8 (Prop_CARRY8_S[3]_O[4])
                                                      0.149     4.482 r  grp_dense_latency_ap_fixed_16_6_5_3_0_ap_fixed_16_6_5_3_0_config4_s_fu_91/mul_16s_12s_26_1_1_U27/layer4_out_7_reg_409_reg[15]_i_18/O[4]
                         net (fo=3, unplaced)         0.190     4.672    grp_dense_latency_ap_fixed_16_6_5_3_0_ap_fixed_16_6_5_3_0_config4_s_fu_91/mul_16s_12s_26_1_1_U27/layer4_out_7_reg_409_reg[15]_i_18_n_11
                         LUT3 (Prop_LUT3_I1_O)        0.038     4.710 r  grp_dense_latency_ap_fixed_16_6_5_3_0_ap_fixed_16_6_5_3_0_config4_s_fu_91/mul_16s_12s_26_1_1_U27/layer4_out_7_reg_409[15]_i_19/O
                         net (fo=2, unplaced)         0.186     4.896    grp_dense_latency_ap_fixed_16_6_5_3_0_ap_fixed_16_6_5_3_0_config4_s_fu_91/mul_16s_12s_26_1_1_U27/layer4_out_7_reg_409[15]_i_19_n_0
                         LUT5 (Prop_LUT5_I0_O)        0.038     4.934 r  grp_dense_latency_ap_fixed_16_6_5_3_0_ap_fixed_16_6_5_3_0_config4_s_fu_91/mul_16s_12s_26_1_1_U27/layer4_out_7_reg_409[15]_i_3/O
                         net (fo=2, unplaced)         0.186     5.120    grp_dense_latency_ap_fixed_16_6_5_3_0_ap_fixed_16_6_5_3_0_config4_s_fu_91/mul_16s_12s_26_1_1_U27/layer4_out_7_reg_409[15]_i_3_n_0
                         LUT6 (Prop_LUT6_I0_O)        0.037     5.157 r  grp_dense_latency_ap_fixed_16_6_5_3_0_ap_fixed_16_6_5_3_0_config4_s_fu_91/mul_16s_12s_26_1_1_U27/layer4_out_7_reg_409[15]_i_11/O
                         net (fo=1, unplaced)         0.029     5.186    grp_dense_latency_ap_fixed_16_6_5_3_0_ap_fixed_16_6_5_3_0_config4_s_fu_91/mul_16s_12s_26_1_1_U27/layer4_out_7_reg_409[15]_i_11_n_0
                         CARRY8 (Prop_CARRY8_S[5]_O[6])
                                                      0.131     5.317 r  grp_dense_latency_ap_fixed_16_6_5_3_0_ap_fixed_16_6_5_3_0_config4_s_fu_91/mul_16s_12s_26_1_1_U27/layer4_out_7_reg_409_reg[15]_i_1/O[6]
                         net (fo=1, unplaced)         0.026     5.343    grp_dense_latency_ap_fixed_16_6_5_3_0_ap_fixed_16_6_5_3_0_config4_s_fu_91_ap_return_7[14]
                         FDRE                                         r  layer4_out_7_reg_409_reg[14]/D
  -------------------------------------------------------------------    -------------------

                         (clock ap_clk rise edge)    10.000    10.000 r  
                                                      0.000    10.000 r  ap_clk (IN)
                         net (fo=1807, unset)         0.021    10.021    ap_clk
                         FDRE                                         r  layer4_out_7_reg_409_reg[14]/C
                         clock pessimism              0.000    10.021    
                         clock uncertainty           -0.035     9.986    
                         FDRE (Setup_FDRE_C_D)        0.025    10.011    layer4_out_7_reg_409_reg[14]
  -------------------------------------------------------------------
                         required time                         10.011    
                         arrival time                          -5.343    
  -------------------------------------------------------------------
                         slack                                  4.668    

Slack (MET) :             4.727ns  (required time - arrival time)
  Source:                 layer2_out_reg_309_reg[1]/C
                            (rising edge-triggered cell FDRE clocked by ap_clk  {rise@0.000ns fall@5.000ns period=10.000ns})
  Destination:            layer4_out_5_reg_399_reg[13]/D
                            (rising edge-triggered cell FDRE clocked by ap_clk  {rise@0.000ns fall@5.000ns period=10.000ns})
  Path Group:             ap_clk
  Path Type:              Setup (Max at Slow Process Corner)
  Requirement:            10.000ns  (ap_clk rise@10.000ns - ap_clk rise@0.000ns)
  Data Path Delay:        5.254ns  (logic 2.503ns (47.640%)  route 2.751ns (52.360%))
  Logic Levels:           20  (CARRY8=3 DSP_A_B_DATA=1 DSP_ALU=1 DSP_M_DATA=1 DSP_MULTIPLIER=1 DSP_OUTPUT=1 DSP_PREADD_DATA=1 LUT2=2 LUT3=1 LUT4=1 LUT5=4 LUT6=3)
  Clock Path Skew:        -0.009ns (DCD - SCD + CPR)
    Destination Clock Delay (DCD):    0.021ns = ( 10.021 - 10.000 ) 
    Source Clock Delay      (SCD):    0.030ns
    Clock Pessimism Removal (CPR):    0.000ns
  Clock Uncertainty:      0.035ns  ((TSJ^2 + TIJ^2)^1/2 + DJ) / 2 + PE
    Total System Jitter     (TSJ):    0.071ns
    Total Input Jitter      (TIJ):    0.000ns
    Discrete Jitter          (DJ):    0.000ns
    Phase Error              (PE):    0.000ns

    Location             Delay type                Incr(ns)  Path(ns)    Netlist Resource(s)
  -------------------------------------------------------------------    -------------------
                         (clock ap_clk rise edge)     0.000     0.000 r  
                                                      0.000     0.000 r  ap_clk (IN)
                         net (fo=1807, unset)         0.030     0.030    ap_clk
                         FDRE                                         r  layer2_out_reg_309_reg[1]/C
  -------------------------------------------------------------------    -------------------
                         FDRE (Prop_FDRE_C_Q)         0.077     0.107 f  layer2_out_reg_309_reg[1]/Q
                         net (fo=8, unplaced)         0.165     0.272    grp_dense_latency_ap_fixed_16_6_5_3_0_ap_fixed_16_6_5_3_0_config4_s_fu_91/mul_16s_12s_26_1_1_U25/tmp_product_i_17__2_0[1]
                         LUT2 (Prop_LUT2_I1_O)        0.070     0.342 f  grp_dense_latency_ap_fixed_16_6_5_3_0_ap_fixed_16_6_5_3_0_config4_s_fu_91/mul_16s_12s_26_1_1_U25/tmp_product_i_25__0/O
                         net (fo=1, unplaced)         0.260     0.602    grp_dense_latency_ap_fixed_16_6_5_3_0_ap_fixed_16_6_5_3_0_config4_s_fu_91/mul_16s_12s_26_1_1_U25/tmp_product_i_25__0_n_0
                         CARRY8 (Prop_CARRY8_DI[0]_CO[7])
                                                      0.140     0.742 f  grp_dense_latency_ap_fixed_16_6_5_3_0_ap_fixed_16_6_5_3_0_config4_s_fu_91/mul_16s_12s_26_1_1_U25/tmp_product_i_17__2/CO[7]
                         net (fo=75, unplaced)        0.195     0.937    grp_dense_latency_ap_fixed_16_6_5_3_0_ap_fixed_16_6_5_3_0_config4_s_fu_91/mul_16s_12s_26_1_1_U25/CO[0]
                         LUT2 (Prop_LUT2_I0_O)        0.038     0.975 f  grp_dense_latency_ap_fixed_16_6_5_3_0_ap_fixed_16_6_5_3_0_config4_s_fu_91/mul_16s_12s_26_1_1_U25/tmp_product_i_39/O
                         net (fo=1, unplaced)         0.186     1.161    grp_dense_latency_ap_fixed_16_6_5_3_0_ap_fixed_16_6_5_3_0_config4_s_fu_91/mul_16s_12s_26_1_1_U25/tmp_product_i_39_n_0
                         LUT6 (Prop_LUT6_I1_O)        0.038     1.199 f  grp_dense_latency_ap_fixed_16_6_5_3_0_ap_fixed_16_6_5_3_0_config4_s_fu_91/mul_16s_12s_26_1_1_U25/tmp_product_i_24__2/O
                         net (fo=2, unplaced)         0.186     1.385    grp_dense_latency_ap_fixed_16_6_5_3_0_ap_fixed_16_6_5_3_0_config4_s_fu_91/mul_16s_12s_26_1_1_U25/ap_CS_fsm_reg[1]_5
                         LUT5 (Prop_LUT5_I4_O)        0.038     1.423 f  grp_dense_latency_ap_fixed_16_6_5_3_0_ap_fixed_16_6_5_3_0_config4_s_fu_91/mul_16s_12s_26_1_1_U25/tmp_product_i_8__5/O
                         net (fo=2, unplaced)         0.228     1.651    grp_dense_latency_ap_fixed_16_6_5_3_0_ap_fixed_16_6_5_3_0_config4_s_fu_91/mul_16s_11ns_26_1_1_U30/tmp_product/A[8]
                         DSP_A_B_DATA (Prop_DSP_A_B_DATA_A[8]_A2_DATA[8])
                                                      0.192     1.843 r  grp_dense_latency_ap_fixed_16_6_5_3_0_ap_fixed_16_6_5_3_0_config4_s_fu_91/mul_16s_11ns_26_1_1_U30/tmp_product/DSP_A_B_DATA_INST/A2_DATA[8]
                         net (fo=1, unplaced)         0.000     1.843    grp_dense_latency_ap_fixed_16_6_5_3_0_ap_fixed_16_6_5_3_0_config4_s_fu_91/mul_16s_11ns_26_1_1_U30/tmp_product/DSP_A_B_DATA.A2_DATA<8>
                         DSP_PREADD_DATA (Prop_DSP_PREADD_DATA_A2_DATA[8]_A2A1[8])
                                                      0.076     1.919 r  grp_dense_latency_ap_fixed_16_6_5_3_0_ap_fixed_16_6_5_3_0_config4_s_fu_91/mul_16s_11ns_26_1_1_U30/tmp_product/DSP_PREADD_DATA_INST/A2A1[8]
                         net (fo=1, unplaced)         0.000     1.919    grp_dense_latency_ap_fixed_16_6_5_3_0_ap_fixed_16_6_5_3_0_config4_s_fu_91/mul_16s_11ns_26_1_1_U30/tmp_product/DSP_PREADD_DATA.A2A1<8>
                         DSP_MULTIPLIER (Prop_DSP_MULTIPLIER_A2A1[8]_U[15])
                                                      0.505     2.424 f  grp_dense_latency_ap_fixed_16_6_5_3_0_ap_fixed_16_6_5_3_0_config4_s_fu_91/mul_16s_11ns_26_1_1_U30/tmp_product/DSP_MULTIPLIER_INST/U[15]
                         net (fo=1, unplaced)         0.000     2.424    grp_dense_latency_ap_fixed_16_6_5_3_0_ap_fixed_16_6_5_3_0_config4_s_fu_91/mul_16s_11ns_26_1_1_U30/tmp_product/DSP_MULTIPLIER.U<15>
                         DSP_M_DATA (Prop_DSP_M_DATA_U[15]_U_DATA[15])
                                                      0.047     2.471 r  grp_dense_latency_ap_fixed_16_6_5_3_0_ap_fixed_16_6_5_3_0_config4_s_fu_91/mul_16s_11ns_26_1_1_U30/tmp_product/DSP_M_DATA_INST/U_DATA[15]
                         net (fo=1, unplaced)         0.000     2.471    grp_dense_latency_ap_fixed_16_6_5_3_0_ap_fixed_16_6_5_3_0_config4_s_fu_91/mul_16s_11ns_26_1_1_U30/tmp_product/DSP_M_DATA.U_DATA<15>
                         DSP_ALU (Prop_DSP_ALU_U_DATA[15]_ALU_OUT[15])
                                                      0.585     3.056 f  grp_dense_latency_ap_fixed_16_6_5_3_0_ap_fixed_16_6_5_3_0_config4_s_fu_91/mul_16s_11ns_26_1_1_U30/tmp_product/DSP_ALU_INST/ALU_OUT[15]
                         net (fo=1, unplaced)         0.000     3.056    grp_dense_latency_ap_fixed_16_6_5_3_0_ap_fixed_16_6_5_3_0_config4_s_fu_91/mul_16s_11ns_26_1_1_U30/tmp_product/DSP_ALU.ALU_OUT<15>
                         DSP_OUTPUT (Prop_DSP_OUTPUT_ALU_OUT[15]_P[15])
                                                      0.109     3.165 r  grp_dense_latency_ap_fixed_16_6_5_3_0_ap_fixed_16_6_5_3_0_config4_s_fu_91/mul_16s_11ns_26_1_1_U30/tmp_product/DSP_OUTPUT_INST/P[15]
                         net (fo=7, unplaced)         0.240     3.405    grp_dense_latency_ap_fixed_16_6_5_3_0_ap_fixed_16_6_5_3_0_config4_s_fu_91/mul_16s_11ns_26_1_1_U30/sext_ln42_20_fu_2813_p1[5]
                         LUT5 (Prop_LUT5_I0_O)        0.125     3.530 r  grp_dense_latency_ap_fixed_16_6_5_3_0_ap_fixed_16_6_5_3_0_config4_s_fu_91/mul_16s_11ns_26_1_1_U30/layer4_out_5_reg_399[15]_i_62/O
                         net (fo=8, unplaced)         0.214     3.744    grp_dense_latency_ap_fixed_16_6_5_3_0_ap_fixed_16_6_5_3_0_config4_s_fu_91/mul_16s_11ns_26_1_1_U30/layer4_out_5_reg_399[15]_i_62_n_0
                         LUT5 (Prop_LUT5_I0_O)        0.038     3.782 r  grp_dense_latency_ap_fixed_16_6_5_3_0_ap_fixed_16_6_5_3_0_config4_s_fu_91/mul_16s_11ns_26_1_1_U30/layer4_out_5_reg_399[15]_i_60/O
                         net (fo=9, unplaced)         0.217     3.999    grp_dense_latency_ap_fixed_16_6_5_3_0_ap_fixed_16_6_5_3_0_config4_s_fu_91/mul_16s_11ns_26_1_1_U30/layer4_out_5_reg_399[15]_i_60_n_0
                         LUT4 (Prop_LUT4_I3_O)        0.068     4.067 r  grp_dense_latency_ap_fixed_16_6_5_3_0_ap_fixed_16_6_5_3_0_config4_s_fu_91/mul_16s_11ns_26_1_1_U30/layer4_out_5_reg_399[15]_i_32/O
                         net (fo=2, unplaced)         0.212     4.279    grp_dense_latency_ap_fixed_16_6_5_3_0_ap_fixed_16_6_5_3_0_config4_s_fu_91/mul_16s_11ns_26_1_1_U30/layer4_out_5_reg_399[15]_i_32_n_0
                         LUT6 (Prop_LUT6_I0_O)        0.037     4.316 r  grp_dense_latency_ap_fixed_16_6_5_3_0_ap_fixed_16_6_5_3_0_config4_s_fu_91/mul_16s_11ns_26_1_1_U30/layer4_out_5_reg_399[15]_i_40/O
                         net (fo=1, unplaced)         0.032     4.348    grp_dense_latency_ap_fixed_16_6_5_3_0_ap_fixed_16_6_5_3_0_config4_s_fu_91/mul_16s_11ns_26_1_1_U30/layer4_out_5_reg_399[15]_i_40_n_0
                         CARRY8 (Prop_CARRY8_S[3]_O[4])
                                                      0.149     4.497 r  grp_dense_latency_ap_fixed_16_6_5_3_0_ap_fixed_16_6_5_3_0_config4_s_fu_91/mul_16s_11ns_26_1_1_U30/layer4_out_5_reg_399_reg[15]_i_18/O[4]
                         net (fo=3, unplaced)         0.190     4.687    grp_dense_latency_ap_fixed_16_6_5_3_0_ap_fixed_16_6_5_3_0_config4_s_fu_91/mul_16s_11ns_26_1_1_U30/layer4_out_5_reg_399_reg[15]_i_18_n_11
                         LUT3 (Prop_LUT3_I1_O)        0.038     4.725 r  grp_dense_latency_ap_fixed_16_6_5_3_0_ap_fixed_16_6_5_3_0_config4_s_fu_91/mul_16s_11ns_26_1_1_U30/layer4_out_5_reg_399[15]_i_19/O
                         net (fo=2, unplaced)         0.186     4.911    grp_dense_latency_ap_fixed_16_6_5_3_0_ap_fixed_16_6_5_3_0_config4_s_fu_91/mul_16s_11ns_26_1_1_U30/layer4_out_5_reg_399[15]_i_19_n_0
                         LUT5 (Prop_LUT5_I0_O)        0.038     4.949 r  grp_dense_latency_ap_fixed_16_6_5_3_0_ap_fixed_16_6_5_3_0_config4_s_fu_91/mul_16s_11ns_26_1_1_U30/layer4_out_5_reg_399[15]_i_3/O
                         net (fo=2, unplaced)         0.186     5.135    grp_dense_latency_ap_fixed_16_6_5_3_0_ap_fixed_16_6_5_3_0_config4_s_fu_91/mul_16s_11ns_26_1_1_U30/layer4_out_5_reg_399[15]_i_3_n_0
                         LUT6 (Prop_LUT6_I0_O)        0.037     5.172 r  grp_dense_latency_ap_fixed_16_6_5_3_0_ap_fixed_16_6_5_3_0_config4_s_fu_91/mul_16s_11ns_26_1_1_U30/layer4_out_5_reg_399[15]_i_11/O
                         net (fo=1, unplaced)         0.029     5.201    grp_dense_latency_ap_fixed_16_6_5_3_0_ap_fixed_16_6_5_3_0_config4_s_fu_91/mul_16s_11ns_26_1_1_U30/layer4_out_5_reg_399[15]_i_11_n_0
                         CARRY8 (Prop_CARRY8_S[5]_O[5])
                                                      0.058     5.259 r  grp_dense_latency_ap_fixed_16_6_5_3_0_ap_fixed_16_6_5_3_0_config4_s_fu_91/mul_16s_11ns_26_1_1_U30/layer4_out_5_reg_399_reg[15]_i_1/O[5]
                         net (fo=1, unplaced)         0.025     5.284    grp_dense_latency_ap_fixed_16_6_5_3_0_ap_fixed_16_6_5_3_0_config4_s_fu_91_ap_return_5[13]
                         FDRE                                         r  layer4_out_5_reg_399_reg[13]/D
  -------------------------------------------------------------------    -------------------

                         (clock ap_clk rise edge)    10.000    10.000 r  
                                                      0.000    10.000 r  ap_clk (IN)
                         net (fo=1807, unset)         0.021    10.021    ap_clk
                         FDRE                                         r  layer4_out_5_reg_399_reg[13]/C
                         clock pessimism              0.000    10.021    
                         clock uncertainty           -0.035     9.986    
                         FDRE (Setup_FDRE_C_D)        0.025    10.011    layer4_out_5_reg_399_reg[13]
  -------------------------------------------------------------------
                         required time                         10.011    
                         arrival time                          -5.284    
  -------------------------------------------------------------------
                         slack                                  4.727    

Slack (MET) :             4.728ns  (required time - arrival time)
  Source:                 layer4_out_reg_374_reg[1]/C
                            (rising edge-triggered cell FDRE clocked by ap_clk  {rise@0.000ns fall@5.000ns period=10.000ns})
  Destination:            layer6_out_1_reg_449_reg[15]/D
                            (rising edge-triggered cell FDRE clocked by ap_clk  {rise@0.000ns fall@5.000ns period=10.000ns})
  Path Group:             ap_clk
  Path Type:              Setup (Max at Slow Process Corner)
  Requirement:            10.000ns  (ap_clk rise@10.000ns - ap_clk rise@0.000ns)
  Data Path Delay:        5.253ns  (logic 2.562ns (48.772%)  route 2.691ns (51.228%))
  Logic Levels:           20  (CARRY8=3 DSP_A_B_DATA=1 DSP_ALU=1 DSP_M_DATA=1 DSP_MULTIPLIER=1 DSP_OUTPUT=1 DSP_PREADD_DATA=1 LUT2=3 LUT3=2 LUT4=2 LUT5=1 LUT6=3)
  Clock Path Skew:        -0.009ns (DCD - SCD + CPR)
    Destination Clock Delay (DCD):    0.021ns = ( 10.021 - 10.000 ) 
    Source Clock Delay      (SCD):    0.030ns
    Clock Pessimism Removal (CPR):    0.000ns
  Clock Uncertainty:      0.035ns  ((TSJ^2 + TIJ^2)^1/2 + DJ) / 2 + PE
    Total System Jitter     (TSJ):    0.071ns
    Total Input Jitter      (TIJ):    0.000ns
    Discrete Jitter          (DJ):    0.000ns
    Phase Error              (PE):    0.000ns

    Location             Delay type                Incr(ns)  Path(ns)    Netlist Resource(s)
  -------------------------------------------------------------------    -------------------
                         (clock ap_clk rise edge)     0.000     0.000 r  
                                                      0.000     0.000 r  ap_clk (IN)
                         net (fo=1807, unset)         0.030     0.030    ap_clk
                         FDRE                                         r  layer4_out_reg_374_reg[1]/C
  -------------------------------------------------------------------    -------------------
                         FDRE (Prop_FDRE_C_Q)         0.077     0.107 f  layer4_out_reg_374_reg[1]/Q
                         net (fo=4, unplaced)         0.149     0.256    grp_dense_latency_ap_fixed_16_6_5_3_0_ap_fixed_16_6_5_3_0_config6_s_fu_115/mul_16s_12s_26_1_1_U59/tmp_product_i_19__6_0[1]
                         LUT2 (Prop_LUT2_I1_O)        0.070     0.326 f  grp_dense_latency_ap_fixed_16_6_5_3_0_ap_fixed_16_6_5_3_0_config6_s_fu_115/mul_16s_12s_26_1_1_U59/tmp_product_i_27__3/O
                         net (fo=1, unplaced)         0.260     0.586    grp_dense_latency_ap_fixed_16_6_5_3_0_ap_fixed_16_6_5_3_0_config6_s_fu_115/mul_16s_12s_26_1_1_U59/tmp_product_i_27__3_n_0
                         CARRY8 (Prop_CARRY8_DI[0]_CO[7])
                                                      0.140     0.726 f  grp_dense_latency_ap_fixed_16_6_5_3_0_ap_fixed_16_6_5_3_0_config6_s_fu_115/mul_16s_12s_26_1_1_U59/tmp_product_i_19__6/CO[7]
                         net (fo=30, unplaced)        0.174     0.900    grp_dense_latency_ap_fixed_16_6_5_3_0_ap_fixed_16_6_5_3_0_config6_s_fu_115/mul_16s_12s_26_1_1_U59/CO[0]
                         LUT2 (Prop_LUT2_I0_O)        0.070     0.970 f  grp_dense_latency_ap_fixed_16_6_5_3_0_ap_fixed_16_6_5_3_0_config6_s_fu_115/mul_16s_12s_26_1_1_U59/tmp_product_i_42__1/O
                         net (fo=1, unplaced)         0.186     1.156    grp_dense_latency_ap_fixed_16_6_5_3_0_ap_fixed_16_6_5_3_0_config6_s_fu_115/mul_16s_12s_26_1_1_U59/tmp_product_i_42__1_n_0
                         LUT6 (Prop_LUT6_I1_O)        0.038     1.194 f  grp_dense_latency_ap_fixed_16_6_5_3_0_ap_fixed_16_6_5_3_0_config6_s_fu_115/mul_16s_12s_26_1_1_U59/tmp_product_i_27__5/O
                         net (fo=2, unplaced)         0.186     1.380    grp_dense_latency_ap_fixed_16_6_5_3_0_ap_fixed_16_6_5_3_0_config6_s_fu_115/mul_16s_12s_26_1_1_U60/tmp_product_11
                         LUT3 (Prop_LUT3_I2_O)        0.070     1.450 f  grp_dense_latency_ap_fixed_16_6_5_3_0_ap_fixed_16_6_5_3_0_config6_s_fu_115/mul_16s_12s_26_1_1_U60/tmp_product_i_8__15/O
                         net (fo=1, unplaced)         0.196     1.646    grp_dense_latency_ap_fixed_16_6_5_3_0_ap_fixed_16_6_5_3_0_config6_s_fu_115/mul_16s_12s_26_1_1_U60/tmp_product/A[7]
                         DSP_A_B_DATA (Prop_DSP_A_B_DATA_A[7]_A2_DATA[7])
                                                      0.192     1.838 r  grp_dense_latency_ap_fixed_16_6_5_3_0_ap_fixed_16_6_5_3_0_config6_s_fu_115/mul_16s_12s_26_1_1_U60/tmp_product/DSP_A_B_DATA_INST/A2_DATA[7]
                         net (fo=1, unplaced)         0.000     1.838    grp_dense_latency_ap_fixed_16_6_5_3_0_ap_fixed_16_6_5_3_0_config6_s_fu_115/mul_16s_12s_26_1_1_U60/tmp_product/DSP_A_B_DATA.A2_DATA<7>
                         DSP_PREADD_DATA (Prop_DSP_PREADD_DATA_A2_DATA[7]_A2A1[7])
                                                      0.076     1.914 r  grp_dense_latency_ap_fixed_16_6_5_3_0_ap_fixed_16_6_5_3_0_config6_s_fu_115/mul_16s_12s_26_1_1_U60/tmp_product/DSP_PREADD_DATA_INST/A2A1[7]
                         net (fo=1, unplaced)         0.000     1.914    grp_dense_latency_ap_fixed_16_6_5_3_0_ap_fixed_16_6_5_3_0_config6_s_fu_115/mul_16s_12s_26_1_1_U60/tmp_product/DSP_PREADD_DATA.A2A1<7>
                         DSP_MULTIPLIER (Prop_DSP_MULTIPLIER_A2A1[7]_U[13])
                                                      0.505     2.419 f  grp_dense_latency_ap_fixed_16_6_5_3_0_ap_fixed_16_6_5_3_0_config6_s_fu_115/mul_16s_12s_26_1_1_U60/tmp_product/DSP_MULTIPLIER_INST/U[13]
                         net (fo=1, unplaced)         0.000     2.419    grp_dense_latency_ap_fixed_16_6_5_3_0_ap_fixed_16_6_5_3_0_config6_s_fu_115/mul_16s_12s_26_1_1_U60/tmp_product/DSP_MULTIPLIER.U<13>
                         DSP_M_DATA (Prop_DSP_M_DATA_U[13]_U_DATA[13])
                                                      0.047     2.466 r  grp_dense_latency_ap_fixed_16_6_5_3_0_ap_fixed_16_6_5_3_0_config6_s_fu_115/mul_16s_12s_26_1_1_U60/tmp_product/DSP_M_DATA_INST/U_DATA[13]
                         net (fo=1, unplaced)         0.000     2.466    grp_dense_latency_ap_fixed_16_6_5_3_0_ap_fixed_16_6_5_3_0_config6_s_fu_115/mul_16s_12s_26_1_1_U60/tmp_product/DSP_M_DATA.U_DATA<13>
                         DSP_ALU (Prop_DSP_ALU_U_DATA[13]_ALU_OUT[13])
                                                      0.585     3.051 f  grp_dense_latency_ap_fixed_16_6_5_3_0_ap_fixed_16_6_5_3_0_config6_s_fu_115/mul_16s_12s_26_1_1_U60/tmp_product/DSP_ALU_INST/ALU_OUT[13]
                         net (fo=1, unplaced)         0.000     3.051    grp_dense_latency_ap_fixed_16_6_5_3_0_ap_fixed_16_6_5_3_0_config6_s_fu_115/mul_16s_12s_26_1_1_U60/tmp_product/DSP_ALU.ALU_OUT<13>
                         DSP_OUTPUT (Prop_DSP_OUTPUT_ALU_OUT[13]_P[13])
                                                      0.109     3.160 r  grp_dense_latency_ap_fixed_16_6_5_3_0_ap_fixed_16_6_5_3_0_config6_s_fu_115/mul_16s_12s_26_1_1_U60/tmp_product/DSP_OUTPUT_INST/P[13]
                         net (fo=15, unplaced)        0.294     3.454    grp_dense_latency_ap_fixed_16_6_5_3_0_ap_fixed_16_6_5_3_0_config6_s_fu_115/mul_16s_12s_26_1_1_U60/D[3]
                         LUT2 (Prop_LUT2_I1_O)        0.038     3.492 r  grp_dense_latency_ap_fixed_16_6_5_3_0_ap_fixed_16_6_5_3_0_config6_s_fu_115/mul_16s_12s_26_1_1_U60/layer6_out_1_reg_449[15]_i_67/O
                         net (fo=3, unplaced)         0.192     3.684    grp_dense_latency_ap_fixed_16_6_5_3_0_ap_fixed_16_6_5_3_0_config6_s_fu_115/mul_16s_12s_26_1_1_U60/layer6_out_1_reg_449[15]_i_67_n_0
                         LUT6 (Prop_LUT6_I1_O)        0.038     3.722 r  grp_dense_latency_ap_fixed_16_6_5_3_0_ap_fixed_16_6_5_3_0_config6_s_fu_115/mul_16s_12s_26_1_1_U60/layer6_out_1_reg_449[15]_i_61/O
                         net (fo=10, unplaced)        0.219     3.941    grp_dense_latency_ap_fixed_16_6_5_3_0_ap_fixed_16_6_5_3_0_config6_s_fu_115/mul_16s_12s_26_1_1_U60/layer6_out_1_reg_449[15]_i_61_n_0
                         LUT4 (Prop_LUT4_I2_O)        0.070     4.011 r  grp_dense_latency_ap_fixed_16_6_5_3_0_ap_fixed_16_6_5_3_0_config6_s_fu_115/mul_16s_12s_26_1_1_U60/layer6_out_1_reg_449[15]_i_66/O
                         net (fo=1, unplaced)         0.186     4.197    grp_dense_latency_ap_fixed_16_6_5_3_0_ap_fixed_16_6_5_3_0_config6_s_fu_115/mul_16s_12s_26_1_1_U60/sext_ln58_fu_867_p1[11]
                         LUT4 (Prop_LUT4_I3_O)        0.037     4.234 r  grp_dense_latency_ap_fixed_16_6_5_3_0_ap_fixed_16_6_5_3_0_config6_s_fu_115/mul_16s_12s_26_1_1_U60/layer6_out_1_reg_449[15]_i_40/O
                         net (fo=1, unplaced)         0.032     4.266    grp_dense_latency_ap_fixed_16_6_5_3_0_ap_fixed_16_6_5_3_0_config6_s_fu_115/mul_16s_12s_26_1_1_U60/layer6_out_1_reg_449[15]_i_40_n_0
                         CARRY8 (Prop_CARRY8_S[3]_O[4])
                                                      0.149     4.415 r  grp_dense_latency_ap_fixed_16_6_5_3_0_ap_fixed_16_6_5_3_0_config6_s_fu_115/mul_16s_12s_26_1_1_U60/layer6_out_1_reg_449_reg[15]_i_18/O[4]
                         net (fo=3, unplaced)         0.190     4.605    grp_dense_latency_ap_fixed_16_6_5_3_0_ap_fixed_16_6_5_3_0_config6_s_fu_115/mul_16s_12s_26_1_1_U60/layer6_out_1_reg_449_reg[15]_i_18_n_11
                         LUT3 (Prop_LUT3_I1_O)        0.038     4.643 r  grp_dense_latency_ap_fixed_16_6_5_3_0_ap_fixed_16_6_5_3_0_config6_s_fu_115/mul_16s_12s_26_1_1_U60/layer6_out_1_reg_449[15]_i_19/O
                         net (fo=2, unplaced)         0.186     4.829    grp_dense_latency_ap_fixed_16_6_5_3_0_ap_fixed_16_6_5_3_0_config6_s_fu_115/mul_16s_12s_26_1_1_U60/layer6_out_1_reg_449[15]_i_19_n_0
                         LUT5 (Prop_LUT5_I0_O)        0.038     4.867 r  grp_dense_latency_ap_fixed_16_6_5_3_0_ap_fixed_16_6_5_3_0_config6_s_fu_115/mul_16s_12s_26_1_1_U60/layer6_out_1_reg_449[15]_i_3/O
                         net (fo=2, unplaced)         0.186     5.053    grp_dense_latency_ap_fixed_16_6_5_3_0_ap_fixed_16_6_5_3_0_config6_s_fu_115/mul_16s_12s_26_1_1_U60/layer6_out_1_reg_449[15]_i_3_n_0
                         LUT6 (Prop_LUT6_I0_O)        0.037     5.090 r  grp_dense_latency_ap_fixed_16_6_5_3_0_ap_fixed_16_6_5_3_0_config6_s_fu_115/mul_16s_12s_26_1_1_U60/layer6_out_1_reg_449[15]_i_11/O
                         net (fo=1, unplaced)         0.029     5.119    grp_dense_latency_ap_fixed_16_6_5_3_0_ap_fixed_16_6_5_3_0_config6_s_fu_115/mul_16s_12s_26_1_1_U60/layer6_out_1_reg_449[15]_i_11_n_0
                         CARRY8 (Prop_CARRY8_S[5]_O[7])
                                                      0.138     5.257 r  grp_dense_latency_ap_fixed_16_6_5_3_0_ap_fixed_16_6_5_3_0_config6_s_fu_115/mul_16s_12s_26_1_1_U60/layer6_out_1_reg_449_reg[15]_i_1/O[7]
                         net (fo=1, unplaced)         0.026     5.283    grp_dense_latency_ap_fixed_16_6_5_3_0_ap_fixed_16_6_5_3_0_config6_s_fu_115_ap_return_1[15]
                         FDRE                                         r  layer6_out_1_reg_449_reg[15]/D
  -------------------------------------------------------------------    -------------------

                         (clock ap_clk rise edge)    10.000    10.000 r  
                                                      0.000    10.000 r  ap_clk (IN)
                         net (fo=1807, unset)         0.021    10.021    ap_clk
                         FDRE                                         r  layer6_out_1_reg_449_reg[15]/C
                         clock pessimism              0.000    10.021    
                         clock uncertainty           -0.035     9.986    
                         FDRE (Setup_FDRE_C_D)        0.025    10.011    layer6_out_1_reg_449_reg[15]
  -------------------------------------------------------------------
                         required time                         10.011    
                         arrival time                          -5.283    
  -------------------------------------------------------------------
                         slack                                  4.728    

Slack (MET) :             4.735ns  (required time - arrival time)
  Source:                 layer4_out_reg_374_reg[1]/C
                            (rising edge-triggered cell FDRE clocked by ap_clk  {rise@0.000ns fall@5.000ns period=10.000ns})
  Destination:            layer6_out_1_reg_449_reg[14]/D
                            (rising edge-triggered cell FDRE clocked by ap_clk  {rise@0.000ns fall@5.000ns period=10.000ns})
  Path Group:             ap_clk
  Path Type:              Setup (Max at Slow Process Corner)
  Requirement:            10.000ns  (ap_clk rise@10.000ns - ap_clk rise@0.000ns)
  Data Path Delay:        5.246ns  (logic 2.555ns (48.704%)  route 2.691ns (51.296%))
  Logic Levels:           20  (CARRY8=3 DSP_A_B_DATA=1 DSP_ALU=1 DSP_M_DATA=1 DSP_MULTIPLIER=1 DSP_OUTPUT=1 DSP_PREADD_DATA=1 LUT2=3 LUT3=2 LUT4=2 LUT5=1 LUT6=3)
  Clock Path Skew:        -0.009ns (DCD - SCD + CPR)
    Destination Clock Delay (DCD):    0.021ns = ( 10.021 - 10.000 ) 
    Source Clock Delay      (SCD):    0.030ns
    Clock Pessimism Removal (CPR):    0.000ns
  Clock Uncertainty:      0.035ns  ((TSJ^2 + TIJ^2)^1/2 + DJ) / 2 + PE
    Total System Jitter     (TSJ):    0.071ns
    Total Input Jitter      (TIJ):    0.000ns
    Discrete Jitter          (DJ):    0.000ns
    Phase Error              (PE):    0.000ns

    Location             Delay type                Incr(ns)  Path(ns)    Netlist Resource(s)
  -------------------------------------------------------------------    -------------------
                         (clock ap_clk rise edge)     0.000     0.000 r  
                                                      0.000     0.000 r  ap_clk (IN)
                         net (fo=1807, unset)         0.030     0.030    ap_clk
                         FDRE                                         r  layer4_out_reg_374_reg[1]/C
  -------------------------------------------------------------------    -------------------
                         FDRE (Prop_FDRE_C_Q)         0.077     0.107 f  layer4_out_reg_374_reg[1]/Q
                         net (fo=4, unplaced)         0.149     0.256    grp_dense_latency_ap_fixed_16_6_5_3_0_ap_fixed_16_6_5_3_0_config6_s_fu_115/mul_16s_12s_26_1_1_U59/tmp_product_i_19__6_0[1]
                         LUT2 (Prop_LUT2_I1_O)        0.070     0.326 f  grp_dense_latency_ap_fixed_16_6_5_3_0_ap_fixed_16_6_5_3_0_config6_s_fu_115/mul_16s_12s_26_1_1_U59/tmp_product_i_27__3/O
                         net (fo=1, unplaced)         0.260     0.586    grp_dense_latency_ap_fixed_16_6_5_3_0_ap_fixed_16_6_5_3_0_config6_s_fu_115/mul_16s_12s_26_1_1_U59/tmp_product_i_27__3_n_0
                         CARRY8 (Prop_CARRY8_DI[0]_CO[7])
                                                      0.140     0.726 f  grp_dense_latency_ap_fixed_16_6_5_3_0_ap_fixed_16_6_5_3_0_config6_s_fu_115/mul_16s_12s_26_1_1_U59/tmp_product_i_19__6/CO[7]
                         net (fo=30, unplaced)        0.174     0.900    grp_dense_latency_ap_fixed_16_6_5_3_0_ap_fixed_16_6_5_3_0_config6_s_fu_115/mul_16s_12s_26_1_1_U59/CO[0]
                         LUT2 (Prop_LUT2_I0_O)        0.070     0.970 f  grp_dense_latency_ap_fixed_16_6_5_3_0_ap_fixed_16_6_5_3_0_config6_s_fu_115/mul_16s_12s_26_1_1_U59/tmp_product_i_42__1/O
                         net (fo=1, unplaced)         0.186     1.156    grp_dense_latency_ap_fixed_16_6_5_3_0_ap_fixed_16_6_5_3_0_config6_s_fu_115/mul_16s_12s_26_1_1_U59/tmp_product_i_42__1_n_0
                         LUT6 (Prop_LUT6_I1_O)        0.038     1.194 f  grp_dense_latency_ap_fixed_16_6_5_3_0_ap_fixed_16_6_5_3_0_config6_s_fu_115/mul_16s_12s_26_1_1_U59/tmp_product_i_27__5/O
                         net (fo=2, unplaced)         0.186     1.380    grp_dense_latency_ap_fixed_16_6_5_3_0_ap_fixed_16_6_5_3_0_config6_s_fu_115/mul_16s_12s_26_1_1_U60/tmp_product_11
                         LUT3 (Prop_LUT3_I2_O)        0.070     1.450 f  grp_dense_latency_ap_fixed_16_6_5_3_0_ap_fixed_16_6_5_3_0_config6_s_fu_115/mul_16s_12s_26_1_1_U60/tmp_product_i_8__15/O
                         net (fo=1, unplaced)         0.196     1.646    grp_dense_latency_ap_fixed_16_6_5_3_0_ap_fixed_16_6_5_3_0_config6_s_fu_115/mul_16s_12s_26_1_1_U60/tmp_product/A[7]
                         DSP_A_B_DATA (Prop_DSP_A_B_DATA_A[7]_A2_DATA[7])
                                                      0.192     1.838 r  grp_dense_latency_ap_fixed_16_6_5_3_0_ap_fixed_16_6_5_3_0_config6_s_fu_115/mul_16s_12s_26_1_1_U60/tmp_product/DSP_A_B_DATA_INST/A2_DATA[7]
                         net (fo=1, unplaced)         0.000     1.838    grp_dense_latency_ap_fixed_16_6_5_3_0_ap_fixed_16_6_5_3_0_config6_s_fu_115/mul_16s_12s_26_1_1_U60/tmp_product/DSP_A_B_DATA.A2_DATA<7>
                         DSP_PREADD_DATA (Prop_DSP_PREADD_DATA_A2_DATA[7]_A2A1[7])
                                                      0.076     1.914 r  grp_dense_latency_ap_fixed_16_6_5_3_0_ap_fixed_16_6_5_3_0_config6_s_fu_115/mul_16s_12s_26_1_1_U60/tmp_product/DSP_PREADD_DATA_INST/A2A1[7]
                         net (fo=1, unplaced)         0.000     1.914    grp_dense_latency_ap_fixed_16_6_5_3_0_ap_fixed_16_6_5_3_0_config6_s_fu_115/mul_16s_12s_26_1_1_U60/tmp_product/DSP_PREADD_DATA.A2A1<7>
                         DSP_MULTIPLIER (Prop_DSP_MULTIPLIER_A2A1[7]_U[13])
                                                      0.505     2.419 f  grp_dense_latency_ap_fixed_16_6_5_3_0_ap_fixed_16_6_5_3_0_config6_s_fu_115/mul_16s_12s_26_1_1_U60/tmp_product/DSP_MULTIPLIER_INST/U[13]
                         net (fo=1, unplaced)         0.000     2.419    grp_dense_latency_ap_fixed_16_6_5_3_0_ap_fixed_16_6_5_3_0_config6_s_fu_115/mul_16s_12s_26_1_1_U60/tmp_product/DSP_MULTIPLIER.U<13>
                         DSP_M_DATA (Prop_DSP_M_DATA_U[13]_U_DATA[13])
                                                      0.047     2.466 r  grp_dense_latency_ap_fixed_16_6_5_3_0_ap_fixed_16_6_5_3_0_config6_s_fu_115/mul_16s_12s_26_1_1_U60/tmp_product/DSP_M_DATA_INST/U_DATA[13]
                         net (fo=1, unplaced)         0.000     2.466    grp_dense_latency_ap_fixed_16_6_5_3_0_ap_fixed_16_6_5_3_0_config6_s_fu_115/mul_16s_12s_26_1_1_U60/tmp_product/DSP_M_DATA.U_DATA<13>
                         DSP_ALU (Prop_DSP_ALU_U_DATA[13]_ALU_OUT[13])
                                                      0.585     3.051 f  grp_dense_latency_ap_fixed_16_6_5_3_0_ap_fixed_16_6_5_3_0_config6_s_fu_115/mul_16s_12s_26_1_1_U60/tmp_product/DSP_ALU_INST/ALU_OUT[13]
                         net (fo=1, unplaced)         0.000     3.051    grp_dense_latency_ap_fixed_16_6_5_3_0_ap_fixed_16_6_5_3_0_config6_s_fu_115/mul_16s_12s_26_1_1_U60/tmp_product/DSP_ALU.ALU_OUT<13>
                         DSP_OUTPUT (Prop_DSP_OUTPUT_ALU_OUT[13]_P[13])
                                                      0.109     3.160 r  grp_dense_latency_ap_fixed_16_6_5_3_0_ap_fixed_16_6_5_3_0_config6_s_fu_115/mul_16s_12s_26_1_1_U60/tmp_product/DSP_OUTPUT_INST/P[13]
                         net (fo=15, unplaced)        0.294     3.454    grp_dense_latency_ap_fixed_16_6_5_3_0_ap_fixed_16_6_5_3_0_config6_s_fu_115/mul_16s_12s_26_1_1_U60/D[3]
                         LUT2 (Prop_LUT2_I1_O)        0.038     3.492 r  grp_dense_latency_ap_fixed_16_6_5_3_0_ap_fixed_16_6_5_3_0_config6_s_fu_115/mul_16s_12s_26_1_1_U60/layer6_out_1_reg_449[15]_i_67/O
                         net (fo=3, unplaced)         0.192     3.684    grp_dense_latency_ap_fixed_16_6_5_3_0_ap_fixed_16_6_5_3_0_config6_s_fu_115/mul_16s_12s_26_1_1_U60/layer6_out_1_reg_449[15]_i_67_n_0
                         LUT6 (Prop_LUT6_I1_O)        0.038     3.722 r  grp_dense_latency_ap_fixed_16_6_5_3_0_ap_fixed_16_6_5_3_0_config6_s_fu_115/mul_16s_12s_26_1_1_U60/layer6_out_1_reg_449[15]_i_61/O
                         net (fo=10, unplaced)        0.219     3.941    grp_dense_latency_ap_fixed_16_6_5_3_0_ap_fixed_16_6_5_3_0_config6_s_fu_115/mul_16s_12s_26_1_1_U60/layer6_out_1_reg_449[15]_i_61_n_0
                         LUT4 (Prop_LUT4_I2_O)        0.070     4.011 r  grp_dense_latency_ap_fixed_16_6_5_3_0_ap_fixed_16_6_5_3_0_config6_s_fu_115/mul_16s_12s_26_1_1_U60/layer6_out_1_reg_449[15]_i_66/O
                         net (fo=1, unplaced)         0.186     4.197    grp_dense_latency_ap_fixed_16_6_5_3_0_ap_fixed_16_6_5_3_0_config6_s_fu_115/mul_16s_12s_26_1_1_U60/sext_ln58_fu_867_p1[11]
                         LUT4 (Prop_LUT4_I3_O)        0.037     4.234 r  grp_dense_latency_ap_fixed_16_6_5_3_0_ap_fixed_16_6_5_3_0_config6_s_fu_115/mul_16s_12s_26_1_1_U60/layer6_out_1_reg_449[15]_i_40/O
                         net (fo=1, unplaced)         0.032     4.266    grp_dense_latency_ap_fixed_16_6_5_3_0_ap_fixed_16_6_5_3_0_config6_s_fu_115/mul_16s_12s_26_1_1_U60/layer6_out_1_reg_449[15]_i_40_n_0
                         CARRY8 (Prop_CARRY8_S[3]_O[4])
                                                      0.149     4.415 r  grp_dense_latency_ap_fixed_16_6_5_3_0_ap_fixed_16_6_5_3_0_config6_s_fu_115/mul_16s_12s_26_1_1_U60/layer6_out_1_reg_449_reg[15]_i_18/O[4]
                         net (fo=3, unplaced)         0.190     4.605    grp_dense_latency_ap_fixed_16_6_5_3_0_ap_fixed_16_6_5_3_0_config6_s_fu_115/mul_16s_12s_26_1_1_U60/layer6_out_1_reg_449_reg[15]_i_18_n_11
                         LUT3 (Prop_LUT3_I1_O)        0.038     4.643 r  grp_dense_latency_ap_fixed_16_6_5_3_0_ap_fixed_16_6_5_3_0_config6_s_fu_115/mul_16s_12s_26_1_1_U60/layer6_out_1_reg_449[15]_i_19/O
                         net (fo=2, unplaced)         0.186     4.829    grp_dense_latency_ap_fixed_16_6_5_3_0_ap_fixed_16_6_5_3_0_config6_s_fu_115/mul_16s_12s_26_1_1_U60/layer6_out_1_reg_449[15]_i_19_n_0
                         LUT5 (Prop_LUT5_I0_O)        0.038     4.867 r  grp_dense_latency_ap_fixed_16_6_5_3_0_ap_fixed_16_6_5_3_0_config6_s_fu_115/mul_16s_12s_26_1_1_U60/layer6_out_1_reg_449[15]_i_3/O
                         net (fo=2, unplaced)         0.186     5.053    grp_dense_latency_ap_fixed_16_6_5_3_0_ap_fixed_16_6_5_3_0_config6_s_fu_115/mul_16s_12s_26_1_1_U60/layer6_out_1_reg_449[15]_i_3_n_0
                         LUT6 (Prop_LUT6_I0_O)        0.037     5.090 r  grp_dense_latency_ap_fixed_16_6_5_3_0_ap_fixed_16_6_5_3_0_config6_s_fu_115/mul_16s_12s_26_1_1_U60/layer6_out_1_reg_449[15]_i_11/O
                         net (fo=1, unplaced)         0.029     5.119    grp_dense_latency_ap_fixed_16_6_5_3_0_ap_fixed_16_6_5_3_0_config6_s_fu_115/mul_16s_12s_26_1_1_U60/layer6_out_1_reg_449[15]_i_11_n_0
                         CARRY8 (Prop_CARRY8_S[5]_O[6])
                                                      0.131     5.250 r  grp_dense_latency_ap_fixed_16_6_5_3_0_ap_fixed_16_6_5_3_0_config6_s_fu_115/mul_16s_12s_26_1_1_U60/layer6_out_1_reg_449_reg[15]_i_1/O[6]
                         net (fo=1, unplaced)         0.026     5.276    grp_dense_latency_ap_fixed_16_6_5_3_0_ap_fixed_16_6_5_3_0_config6_s_fu_115_ap_return_1[14]
                         FDRE                                         r  layer6_out_1_reg_449_reg[14]/D
  -------------------------------------------------------------------    -------------------

                         (clock ap_clk rise edge)    10.000    10.000 r  
                                                      0.000    10.000 r  ap_clk (IN)
                         net (fo=1807, unset)         0.021    10.021    ap_clk
                         FDRE                                         r  layer6_out_1_reg_449_reg[14]/C
                         clock pessimism              0.000    10.021    
                         clock uncertainty           -0.035     9.986    
                         FDRE (Setup_FDRE_C_D)        0.025    10.011    layer6_out_1_reg_449_reg[14]
  -------------------------------------------------------------------
                         required time                         10.011    
                         arrival time                          -5.276    
  -------------------------------------------------------------------
                         slack                                  4.735    

Slack (MET) :             4.742ns  (required time - arrival time)
  Source:                 layer2_out_reg_309_reg[1]/C
                            (rising edge-triggered cell FDRE clocked by ap_clk  {rise@0.000ns fall@5.000ns period=10.000ns})
  Destination:            layer4_out_7_reg_409_reg[13]/D
                            (rising edge-triggered cell FDRE clocked by ap_clk  {rise@0.000ns fall@5.000ns period=10.000ns})
  Path Group:             ap_clk
  Path Type:              Setup (Max at Slow Process Corner)
  Requirement:            10.000ns  (ap_clk rise@10.000ns - ap_clk rise@0.000ns)
  Data Path Delay:        5.239ns  (logic 2.528ns (48.253%)  route 2.711ns (51.747%))
  Logic Levels:           20  (CARRY8=3 DSP_A_B_DATA=1 DSP_ALU=1 DSP_M_DATA=1 DSP_MULTIPLIER=1 DSP_OUTPUT=1 DSP_PREADD_DATA=1 LUT2=2 LUT3=1 LUT4=1 LUT5=3 LUT6=4)
  Clock Path Skew:        -0.009ns (DCD - SCD + CPR)
    Destination Clock Delay (DCD):    0.021ns = ( 10.021 - 10.000 ) 
    Source Clock Delay      (SCD):    0.030ns
    Clock Pessimism Removal (CPR):    0.000ns
  Clock Uncertainty:      0.035ns  ((TSJ^2 + TIJ^2)^1/2 + DJ) / 2 + PE
    Total System Jitter     (TSJ):    0.071ns
    Total Input Jitter      (TIJ):    0.000ns
    Discrete Jitter          (DJ):    0.000ns
    Phase Error              (PE):    0.000ns

    Location             Delay type                Incr(ns)  Path(ns)    Netlist Resource(s)
  -------------------------------------------------------------------    -------------------
                         (clock ap_clk rise edge)     0.000     0.000 r  
                                                      0.000     0.000 r  ap_clk (IN)
                         net (fo=1807, unset)         0.030     0.030    ap_clk
                         FDRE                                         r  layer2_out_reg_309_reg[1]/C
  -------------------------------------------------------------------    -------------------
                         FDRE (Prop_FDRE_C_Q)         0.077     0.107 f  layer2_out_reg_309_reg[1]/Q
                         net (fo=8, unplaced)         0.165     0.272    grp_dense_latency_ap_fixed_16_6_5_3_0_ap_fixed_16_6_5_3_0_config4_s_fu_91/mul_16s_12s_26_1_1_U25/tmp_product_i_17__2_0[1]
                         LUT2 (Prop_LUT2_I1_O)        0.070     0.342 f  grp_dense_latency_ap_fixed_16_6_5_3_0_ap_fixed_16_6_5_3_0_config4_s_fu_91/mul_16s_12s_26_1_1_U25/tmp_product_i_25__0/O
                         net (fo=1, unplaced)         0.260     0.602    grp_dense_latency_ap_fixed_16_6_5_3_0_ap_fixed_16_6_5_3_0_config4_s_fu_91/mul_16s_12s_26_1_1_U25/tmp_product_i_25__0_n_0
                         CARRY8 (Prop_CARRY8_DI[0]_CO[7])
                                                      0.140     0.742 f  grp_dense_latency_ap_fixed_16_6_5_3_0_ap_fixed_16_6_5_3_0_config4_s_fu_91/mul_16s_12s_26_1_1_U25/tmp_product_i_17__2/CO[7]
                         net (fo=75, unplaced)        0.195     0.937    grp_dense_latency_ap_fixed_16_6_5_3_0_ap_fixed_16_6_5_3_0_config4_s_fu_91/mul_16s_12s_26_1_1_U25/CO[0]
                         LUT2 (Prop_LUT2_I0_O)        0.038     0.975 f  grp_dense_latency_ap_fixed_16_6_5_3_0_ap_fixed_16_6_5_3_0_config4_s_fu_91/mul_16s_12s_26_1_1_U25/tmp_product_i_39/O
                         net (fo=1, unplaced)         0.186     1.161    grp_dense_latency_ap_fixed_16_6_5_3_0_ap_fixed_16_6_5_3_0_config4_s_fu_91/mul_16s_12s_26_1_1_U25/tmp_product_i_39_n_0
                         LUT6 (Prop_LUT6_I1_O)        0.038     1.199 f  grp_dense_latency_ap_fixed_16_6_5_3_0_ap_fixed_16_6_5_3_0_config4_s_fu_91/mul_16s_12s_26_1_1_U25/tmp_product_i_24__2/O
                         net (fo=2, unplaced)         0.186     1.385    grp_dense_latency_ap_fixed_16_6_5_3_0_ap_fixed_16_6_5_3_0_config4_s_fu_91/mul_16s_12s_26_1_1_U27/tmp_product_9
                         LUT5 (Prop_LUT5_I4_O)        0.038     1.423 f  grp_dense_latency_ap_fixed_16_6_5_3_0_ap_fixed_16_6_5_3_0_config4_s_fu_91/mul_16s_12s_26_1_1_U27/tmp_product_i_9__4/O
                         net (fo=1, unplaced)         0.228     1.651    grp_dense_latency_ap_fixed_16_6_5_3_0_ap_fixed_16_6_5_3_0_config4_s_fu_91/mul_16s_12s_26_1_1_U27/tmp_product/A[8]
                         DSP_A_B_DATA (Prop_DSP_A_B_DATA_A[8]_A2_DATA[8])
                                                      0.192     1.843 r  grp_dense_latency_ap_fixed_16_6_5_3_0_ap_fixed_16_6_5_3_0_config4_s_fu_91/mul_16s_12s_26_1_1_U27/tmp_product/DSP_A_B_DATA_INST/A2_DATA[8]
                         net (fo=1, unplaced)         0.000     1.843    grp_dense_latency_ap_fixed_16_6_5_3_0_ap_fixed_16_6_5_3_0_config4_s_fu_91/mul_16s_12s_26_1_1_U27/tmp_product/DSP_A_B_DATA.A2_DATA<8>
                         DSP_PREADD_DATA (Prop_DSP_PREADD_DATA_A2_DATA[8]_A2A1[8])
                                                      0.076     1.919 r  grp_dense_latency_ap_fixed_16_6_5_3_0_ap_fixed_16_6_5_3_0_config4_s_fu_91/mul_16s_12s_26_1_1_U27/tmp_product/DSP_PREADD_DATA_INST/A2A1[8]
                         net (fo=1, unplaced)         0.000     1.919    grp_dense_latency_ap_fixed_16_6_5_3_0_ap_fixed_16_6_5_3_0_config4_s_fu_91/mul_16s_12s_26_1_1_U27/tmp_product/DSP_PREADD_DATA.A2A1<8>
                         DSP_MULTIPLIER (Prop_DSP_MULTIPLIER_A2A1[8]_U[14])
                                                      0.505     2.424 f  grp_dense_latency_ap_fixed_16_6_5_3_0_ap_fixed_16_6_5_3_0_config4_s_fu_91/mul_16s_12s_26_1_1_U27/tmp_product/DSP_MULTIPLIER_INST/U[14]
                         net (fo=1, unplaced)         0.000     2.424    grp_dense_latency_ap_fixed_16_6_5_3_0_ap_fixed_16_6_5_3_0_config4_s_fu_91/mul_16s_12s_26_1_1_U27/tmp_product/DSP_MULTIPLIER.U<14>
                         DSP_M_DATA (Prop_DSP_M_DATA_U[14]_U_DATA[14])
                                                      0.047     2.471 r  grp_dense_latency_ap_fixed_16_6_5_3_0_ap_fixed_16_6_5_3_0_config4_s_fu_91/mul_16s_12s_26_1_1_U27/tmp_product/DSP_M_DATA_INST/U_DATA[14]
                         net (fo=1, unplaced)         0.000     2.471    grp_dense_latency_ap_fixed_16_6_5_3_0_ap_fixed_16_6_5_3_0_config4_s_fu_91/mul_16s_12s_26_1_1_U27/tmp_product/DSP_M_DATA.U_DATA<14>
                         DSP_ALU (Prop_DSP_ALU_U_DATA[14]_ALU_OUT[14])
                                                      0.585     3.056 f  grp_dense_latency_ap_fixed_16_6_5_3_0_ap_fixed_16_6_5_3_0_config4_s_fu_91/mul_16s_12s_26_1_1_U27/tmp_product/DSP_ALU_INST/ALU_OUT[14]
                         net (fo=1, unplaced)         0.000     3.056    grp_dense_latency_ap_fixed_16_6_5_3_0_ap_fixed_16_6_5_3_0_config4_s_fu_91/mul_16s_12s_26_1_1_U27/tmp_product/DSP_ALU.ALU_OUT<14>
                         DSP_OUTPUT (Prop_DSP_OUTPUT_ALU_OUT[14]_P[14])
                                                      0.109     3.165 r  grp_dense_latency_ap_fixed_16_6_5_3_0_ap_fixed_16_6_5_3_0_config4_s_fu_91/mul_16s_12s_26_1_1_U27/tmp_product/DSP_OUTPUT_INST/P[14]
                         net (fo=9, unplaced)         0.203     3.368    grp_dense_latency_ap_fixed_16_6_5_3_0_ap_fixed_16_6_5_3_0_config4_s_fu_91/mul_16s_12s_26_1_1_U27/P[4]
                         LUT6 (Prop_LUT6_I0_O)        0.150     3.518 r  grp_dense_latency_ap_fixed_16_6_5_3_0_ap_fixed_16_6_5_3_0_config4_s_fu_91/mul_16s_12s_26_1_1_U27/layer4_out_7_reg_409[15]_i_61/O
                         net (fo=8, unplaced)         0.214     3.732    grp_dense_latency_ap_fixed_16_6_5_3_0_ap_fixed_16_6_5_3_0_config4_s_fu_91/mul_16s_12s_26_1_1_U27/layer4_out_7_reg_409[15]_i_61_n_0
                         LUT5 (Prop_LUT5_I0_O)        0.038     3.770 r  grp_dense_latency_ap_fixed_16_6_5_3_0_ap_fixed_16_6_5_3_0_config4_s_fu_91/mul_16s_12s_26_1_1_U27/layer4_out_7_reg_409[15]_i_59/O
                         net (fo=8, unplaced)         0.214     3.984    grp_dense_latency_ap_fixed_16_6_5_3_0_ap_fixed_16_6_5_3_0_config4_s_fu_91/mul_16s_12s_26_1_1_U27/layer4_out_7_reg_409[15]_i_59_n_0
                         LUT4 (Prop_LUT4_I3_O)        0.068     4.052 r  grp_dense_latency_ap_fixed_16_6_5_3_0_ap_fixed_16_6_5_3_0_config4_s_fu_91/mul_16s_12s_26_1_1_U27/layer4_out_7_reg_409[15]_i_31/O
                         net (fo=2, unplaced)         0.212     4.264    grp_dense_latency_ap_fixed_16_6_5_3_0_ap_fixed_16_6_5_3_0_config4_s_fu_91/mul_16s_12s_26_1_1_U27/layer4_out_7_reg_409[15]_i_31_n_0
                         LUT6 (Prop_LUT6_I0_O)        0.037     4.301 r  grp_dense_latency_ap_fixed_16_6_5_3_0_ap_fixed_16_6_5_3_0_config4_s_fu_91/mul_16s_12s_26_1_1_U27/layer4_out_7_reg_409[15]_i_39/O
                         net (fo=1, unplaced)         0.032     4.333    grp_dense_latency_ap_fixed_16_6_5_3_0_ap_fixed_16_6_5_3_0_config4_s_fu_91/mul_16s_12s_26_1_1_U27/layer4_out_7_reg_409[15]_i_39_n_0
                         CARRY8 (Prop_CARRY8_S[3]_O[4])
                                                      0.149     4.482 r  grp_dense_latency_ap_fixed_16_6_5_3_0_ap_fixed_16_6_5_3_0_config4_s_fu_91/mul_16s_12s_26_1_1_U27/layer4_out_7_reg_409_reg[15]_i_18/O[4]
                         net (fo=3, unplaced)         0.190     4.672    grp_dense_latency_ap_fixed_16_6_5_3_0_ap_fixed_16_6_5_3_0_config4_s_fu_91/mul_16s_12s_26_1_1_U27/layer4_out_7_reg_409_reg[15]_i_18_n_11
                         LUT3 (Prop_LUT3_I1_O)        0.038     4.710 r  grp_dense_latency_ap_fixed_16_6_5_3_0_ap_fixed_16_6_5_3_0_config4_s_fu_91/mul_16s_12s_26_1_1_U27/layer4_out_7_reg_409[15]_i_19/O
                         net (fo=2, unplaced)         0.186     4.896    grp_dense_latency_ap_fixed_16_6_5_3_0_ap_fixed_16_6_5_3_0_config4_s_fu_91/mul_16s_12s_26_1_1_U27/layer4_out_7_reg_409[15]_i_19_n_0
                         LUT5 (Prop_LUT5_I0_O)        0.038     4.934 r  grp_dense_latency_ap_fixed_16_6_5_3_0_ap_fixed_16_6_5_3_0_config4_s_fu_91/mul_16s_12s_26_1_1_U27/layer4_out_7_reg_409[15]_i_3/O
                         net (fo=2, unplaced)         0.186     5.120    grp_dense_latency_ap_fixed_16_6_5_3_0_ap_fixed_16_6_5_3_0_config4_s_fu_91/mul_16s_12s_26_1_1_U27/layer4_out_7_reg_409[15]_i_3_n_0
                         LUT6 (Prop_LUT6_I0_O)        0.037     5.157 r  grp_dense_latency_ap_fixed_16_6_5_3_0_ap_fixed_16_6_5_3_0_config4_s_fu_91/mul_16s_12s_26_1_1_U27/layer4_out_7_reg_409[15]_i_11/O
                         net (fo=1, unplaced)         0.029     5.186    grp_dense_latency_ap_fixed_16_6_5_3_0_ap_fixed_16_6_5_3_0_config4_s_fu_91/mul_16s_12s_26_1_1_U27/layer4_out_7_reg_409[15]_i_11_n_0
                         CARRY8 (Prop_CARRY8_S[5]_O[5])
                                                      0.058     5.244 r  grp_dense_latency_ap_fixed_16_6_5_3_0_ap_fixed_16_6_5_3_0_config4_s_fu_91/mul_16s_12s_26_1_1_U27/layer4_out_7_reg_409_reg[15]_i_1/O[5]
                         net (fo=1, unplaced)         0.025     5.269    grp_dense_latency_ap_fixed_16_6_5_3_0_ap_fixed_16_6_5_3_0_config4_s_fu_91_ap_return_7[13]
                         FDRE                                         r  layer4_out_7_reg_409_reg[13]/D
  -------------------------------------------------------------------    -------------------

                         (clock ap_clk rise edge)    10.000    10.000 r  
                                                      0.000    10.000 r  ap_clk (IN)
                         net (fo=1807, unset)         0.021    10.021    ap_clk
                         FDRE                                         r  layer4_out_7_reg_409_reg[13]/C
                         clock pessimism              0.000    10.021    
                         clock uncertainty           -0.035     9.986    
                         FDRE (Setup_FDRE_C_D)        0.025    10.011    layer4_out_7_reg_409_reg[13]
  -------------------------------------------------------------------
                         required time                         10.011    
                         arrival time                          -5.269    
  -------------------------------------------------------------------
                         slack                                  4.742    

Slack (MET) :             4.766ns  (required time - arrival time)
  Source:                 layer2_out_reg_309_reg[1]/C
                            (rising edge-triggered cell FDRE clocked by ap_clk  {rise@0.000ns fall@5.000ns period=10.000ns})
  Destination:            layer4_out_5_reg_399_reg[12]/D
                            (rising edge-triggered cell FDRE clocked by ap_clk  {rise@0.000ns fall@5.000ns period=10.000ns})
  Path Group:             ap_clk
  Path Type:              Setup (Max at Slow Process Corner)
  Requirement:            10.000ns  (ap_clk rise@10.000ns - ap_clk rise@0.000ns)
  Data Path Delay:        5.215ns  (logic 2.539ns (48.686%)  route 2.676ns (51.314%))
  Logic Levels:           20  (CARRY8=3 DSP_A_B_DATA=1 DSP_ALU=1 DSP_M_DATA=1 DSP_MULTIPLIER=1 DSP_OUTPUT=1 DSP_PREADD_DATA=1 LUT2=2 LUT3=2 LUT5=5 LUT6=2)
  Clock Path Skew:        -0.009ns (DCD - SCD + CPR)
    Destination Clock Delay (DCD):    0.021ns = ( 10.021 - 10.000 ) 
    Source Clock Delay      (SCD):    0.030ns
    Clock Pessimism Removal (CPR):    0.000ns
  Clock Uncertainty:      0.035ns  ((TSJ^2 + TIJ^2)^1/2 + DJ) / 2 + PE
    Total System Jitter     (TSJ):    0.071ns
    Total Input Jitter      (TIJ):    0.000ns
    Discrete Jitter          (DJ):    0.000ns
    Phase Error              (PE):    0.000ns

    Location             Delay type                Incr(ns)  Path(ns)    Netlist Resource(s)
  -------------------------------------------------------------------    -------------------
                         (clock ap_clk rise edge)     0.000     0.000 r  
                                                      0.000     0.000 r  ap_clk (IN)
                         net (fo=1807, unset)         0.030     0.030    ap_clk
                         FDRE                                         r  layer2_out_reg_309_reg[1]/C
  -------------------------------------------------------------------    -------------------
                         FDRE (Prop_FDRE_C_Q)         0.077     0.107 f  layer2_out_reg_309_reg[1]/Q
                         net (fo=8, unplaced)         0.165     0.272    grp_dense_latency_ap_fixed_16_6_5_3_0_ap_fixed_16_6_5_3_0_config4_s_fu_91/mul_16s_12s_26_1_1_U25/tmp_product_i_17__2_0[1]
                         LUT2 (Prop_LUT2_I1_O)        0.070     0.342 f  grp_dense_latency_ap_fixed_16_6_5_3_0_ap_fixed_16_6_5_3_0_config4_s_fu_91/mul_16s_12s_26_1_1_U25/tmp_product_i_25__0/O
                         net (fo=1, unplaced)         0.260     0.602    grp_dense_latency_ap_fixed_16_6_5_3_0_ap_fixed_16_6_5_3_0_config4_s_fu_91/mul_16s_12s_26_1_1_U25/tmp_product_i_25__0_n_0
                         CARRY8 (Prop_CARRY8_DI[0]_CO[7])
                                                      0.140     0.742 f  grp_dense_latency_ap_fixed_16_6_5_3_0_ap_fixed_16_6_5_3_0_config4_s_fu_91/mul_16s_12s_26_1_1_U25/tmp_product_i_17__2/CO[7]
                         net (fo=75, unplaced)        0.195     0.937    grp_dense_latency_ap_fixed_16_6_5_3_0_ap_fixed_16_6_5_3_0_config4_s_fu_91/mul_16s_12s_26_1_1_U25/CO[0]
                         LUT2 (Prop_LUT2_I0_O)        0.038     0.975 f  grp_dense_latency_ap_fixed_16_6_5_3_0_ap_fixed_16_6_5_3_0_config4_s_fu_91/mul_16s_12s_26_1_1_U25/tmp_product_i_39/O
                         net (fo=1, unplaced)         0.186     1.161    grp_dense_latency_ap_fixed_16_6_5_3_0_ap_fixed_16_6_5_3_0_config4_s_fu_91/mul_16s_12s_26_1_1_U25/tmp_product_i_39_n_0
                         LUT6 (Prop_LUT6_I1_O)        0.038     1.199 f  grp_dense_latency_ap_fixed_16_6_5_3_0_ap_fixed_16_6_5_3_0_config4_s_fu_91/mul_16s_12s_26_1_1_U25/tmp_product_i_24__2/O
                         net (fo=2, unplaced)         0.186     1.385    grp_dense_latency_ap_fixed_16_6_5_3_0_ap_fixed_16_6_5_3_0_config4_s_fu_91/mul_16s_12s_26_1_1_U25/ap_CS_fsm_reg[1]_5
                         LUT5 (Prop_LUT5_I4_O)        0.038     1.423 f  grp_dense_latency_ap_fixed_16_6_5_3_0_ap_fixed_16_6_5_3_0_config4_s_fu_91/mul_16s_12s_26_1_1_U25/tmp_product_i_8__5/O
                         net (fo=2, unplaced)         0.228     1.651    grp_dense_latency_ap_fixed_16_6_5_3_0_ap_fixed_16_6_5_3_0_config4_s_fu_91/mul_16s_11ns_26_1_1_U30/tmp_product/A[8]
                         DSP_A_B_DATA (Prop_DSP_A_B_DATA_A[8]_A2_DATA[8])
                                                      0.192     1.843 r  grp_dense_latency_ap_fixed_16_6_5_3_0_ap_fixed_16_6_5_3_0_config4_s_fu_91/mul_16s_11ns_26_1_1_U30/tmp_product/DSP_A_B_DATA_INST/A2_DATA[8]
                         net (fo=1, unplaced)         0.000     1.843    grp_dense_latency_ap_fixed_16_6_5_3_0_ap_fixed_16_6_5_3_0_config4_s_fu_91/mul_16s_11ns_26_1_1_U30/tmp_product/DSP_A_B_DATA.A2_DATA<8>
                         DSP_PREADD_DATA (Prop_DSP_PREADD_DATA_A2_DATA[8]_A2A1[8])
                                                      0.076     1.919 r  grp_dense_latency_ap_fixed_16_6_5_3_0_ap_fixed_16_6_5_3_0_config4_s_fu_91/mul_16s_11ns_26_1_1_U30/tmp_product/DSP_PREADD_DATA_INST/A2A1[8]
                         net (fo=1, unplaced)         0.000     1.919    grp_dense_latency_ap_fixed_16_6_5_3_0_ap_fixed_16_6_5_3_0_config4_s_fu_91/mul_16s_11ns_26_1_1_U30/tmp_product/DSP_PREADD_DATA.A2A1<8>
                         DSP_MULTIPLIER (Prop_DSP_MULTIPLIER_A2A1[8]_U[15])
                                                      0.505     2.424 f  grp_dense_latency_ap_fixed_16_6_5_3_0_ap_fixed_16_6_5_3_0_config4_s_fu_91/mul_16s_11ns_26_1_1_U30/tmp_product/DSP_MULTIPLIER_INST/U[15]
                         net (fo=1, unplaced)         0.000     2.424    grp_dense_latency_ap_fixed_16_6_5_3_0_ap_fixed_16_6_5_3_0_config4_s_fu_91/mul_16s_11ns_26_1_1_U30/tmp_product/DSP_MULTIPLIER.U<15>
                         DSP_M_DATA (Prop_DSP_M_DATA_U[15]_U_DATA[15])
                                                      0.047     2.471 r  grp_dense_latency_ap_fixed_16_6_5_3_0_ap_fixed_16_6_5_3_0_config4_s_fu_91/mul_16s_11ns_26_1_1_U30/tmp_product/DSP_M_DATA_INST/U_DATA[15]
                         net (fo=1, unplaced)         0.000     2.471    grp_dense_latency_ap_fixed_16_6_5_3_0_ap_fixed_16_6_5_3_0_config4_s_fu_91/mul_16s_11ns_26_1_1_U30/tmp_product/DSP_M_DATA.U_DATA<15>
                         DSP_ALU (Prop_DSP_ALU_U_DATA[15]_ALU_OUT[15])
                                                      0.585     3.056 f  grp_dense_latency_ap_fixed_16_6_5_3_0_ap_fixed_16_6_5_3_0_config4_s_fu_91/mul_16s_11ns_26_1_1_U30/tmp_product/DSP_ALU_INST/ALU_OUT[15]
                         net (fo=1, unplaced)         0.000     3.056    grp_dense_latency_ap_fixed_16_6_5_3_0_ap_fixed_16_6_5_3_0_config4_s_fu_91/mul_16s_11ns_26_1_1_U30/tmp_product/DSP_ALU.ALU_OUT<15>
                         DSP_OUTPUT (Prop_DSP_OUTPUT_ALU_OUT[15]_P[15])
                                                      0.109     3.165 r  grp_dense_latency_ap_fixed_16_6_5_3_0_ap_fixed_16_6_5_3_0_config4_s_fu_91/mul_16s_11ns_26_1_1_U30/tmp_product/DSP_OUTPUT_INST/P[15]
                         net (fo=7, unplaced)         0.240     3.405    grp_dense_latency_ap_fixed_16_6_5_3_0_ap_fixed_16_6_5_3_0_config4_s_fu_91/mul_16s_11ns_26_1_1_U30/sext_ln42_20_fu_2813_p1[5]
                         LUT5 (Prop_LUT5_I0_O)        0.125     3.530 r  grp_dense_latency_ap_fixed_16_6_5_3_0_ap_fixed_16_6_5_3_0_config4_s_fu_91/mul_16s_11ns_26_1_1_U30/layer4_out_5_reg_399[15]_i_62/O
                         net (fo=8, unplaced)         0.214     3.744    grp_dense_latency_ap_fixed_16_6_5_3_0_ap_fixed_16_6_5_3_0_config4_s_fu_91/mul_16s_11ns_26_1_1_U30/layer4_out_5_reg_399[15]_i_62_n_0
                         LUT5 (Prop_LUT5_I3_O)        0.070     3.814 f  grp_dense_latency_ap_fixed_16_6_5_3_0_ap_fixed_16_6_5_3_0_config4_s_fu_91/mul_16s_11ns_26_1_1_U30/layer4_out_5_reg_399[15]_i_61/O
                         net (fo=2, unplaced)         0.186     4.000    grp_dense_latency_ap_fixed_16_6_5_3_0_ap_fixed_16_6_5_3_0_config4_s_fu_91/mul_16s_11ns_26_1_1_U30/layer4_out_5_reg_399[15]_i_61_n_0
                         LUT3 (Prop_LUT3_I2_O)        0.072     4.072 r  grp_dense_latency_ap_fixed_16_6_5_3_0_ap_fixed_16_6_5_3_0_config4_s_fu_91/mul_16s_11ns_26_1_1_U30/layer4_out_5_reg_399[15]_i_33/O
                         net (fo=2, unplaced)         0.167     4.239    grp_dense_latency_ap_fixed_16_6_5_3_0_ap_fixed_16_6_5_3_0_config4_s_fu_91/mul_16s_11ns_26_1_1_U30/layer4_out_5_reg_399[15]_i_33_n_0
                         LUT5 (Prop_LUT5_I4_O)        0.037     4.276 r  grp_dense_latency_ap_fixed_16_6_5_3_0_ap_fixed_16_6_5_3_0_config4_s_fu_91/mul_16s_11ns_26_1_1_U30/layer4_out_5_reg_399[15]_i_41/O
                         net (fo=1, unplaced)         0.028     4.304    grp_dense_latency_ap_fixed_16_6_5_3_0_ap_fixed_16_6_5_3_0_config4_s_fu_91/mul_16s_11ns_26_1_1_U30/layer4_out_5_reg_399[15]_i_41_n_0
                         CARRY8 (Prop_CARRY8_S[2]_O[2])
                                                      0.058     4.362 r  grp_dense_latency_ap_fixed_16_6_5_3_0_ap_fixed_16_6_5_3_0_config4_s_fu_91/mul_16s_11ns_26_1_1_U30/layer4_out_5_reg_399_reg[15]_i_18/O[2]
                         net (fo=3, unplaced)         0.192     4.554    grp_dense_latency_ap_fixed_16_6_5_3_0_ap_fixed_16_6_5_3_0_config4_s_fu_91/mul_16s_11ns_26_1_1_U30/layer4_out_5_reg_399_reg[15]_i_18_n_13
                         LUT3 (Prop_LUT3_I1_O)        0.038     4.592 r  grp_dense_latency_ap_fixed_16_6_5_3_0_ap_fixed_16_6_5_3_0_config4_s_fu_91/mul_16s_11ns_26_1_1_U30/layer4_out_5_reg_399[15]_i_21/O
                         net (fo=2, unplaced)         0.186     4.778    grp_dense_latency_ap_fixed_16_6_5_3_0_ap_fixed_16_6_5_3_0_config4_s_fu_91/mul_16s_11ns_26_1_1_U30/layer4_out_5_reg_399[15]_i_21_n_0
                         LUT5 (Prop_LUT5_I0_O)        0.038     4.816 r  grp_dense_latency_ap_fixed_16_6_5_3_0_ap_fixed_16_6_5_3_0_config4_s_fu_91/mul_16s_11ns_26_1_1_U30/layer4_out_5_reg_399[15]_i_5/O
                         net (fo=2, unplaced)         0.186     5.002    grp_dense_latency_ap_fixed_16_6_5_3_0_ap_fixed_16_6_5_3_0_config4_s_fu_91/mul_16s_11ns_26_1_1_U30/layer4_out_5_reg_399[15]_i_5_n_0
                         LUT6 (Prop_LUT6_I0_O)        0.037     5.039 r  grp_dense_latency_ap_fixed_16_6_5_3_0_ap_fixed_16_6_5_3_0_config4_s_fu_91/mul_16s_11ns_26_1_1_U30/layer4_out_5_reg_399[15]_i_13/O
                         net (fo=1, unplaced)         0.032     5.071    grp_dense_latency_ap_fixed_16_6_5_3_0_ap_fixed_16_6_5_3_0_config4_s_fu_91/mul_16s_11ns_26_1_1_U30/layer4_out_5_reg_399[15]_i_13_n_0
                         CARRY8 (Prop_CARRY8_S[3]_O[4])
                                                      0.149     5.220 r  grp_dense_latency_ap_fixed_16_6_5_3_0_ap_fixed_16_6_5_3_0_config4_s_fu_91/mul_16s_11ns_26_1_1_U30/layer4_out_5_reg_399_reg[15]_i_1/O[4]
                         net (fo=1, unplaced)         0.025     5.245    grp_dense_latency_ap_fixed_16_6_5_3_0_ap_fixed_16_6_5_3_0_config4_s_fu_91_ap_return_5[12]
                         FDRE                                         r  layer4_out_5_reg_399_reg[12]/D
  -------------------------------------------------------------------    -------------------

                         (clock ap_clk rise edge)    10.000    10.000 r  
                                                      0.000    10.000 r  ap_clk (IN)
                         net (fo=1807, unset)         0.021    10.021    ap_clk
                         FDRE                                         r  layer4_out_5_reg_399_reg[12]/C
                         clock pessimism              0.000    10.021    
                         clock uncertainty           -0.035     9.986    
                         FDRE (Setup_FDRE_C_D)        0.025    10.011    layer4_out_5_reg_399_reg[12]
  -------------------------------------------------------------------
                         required time                         10.011    
                         arrival time                          -5.245    
  -------------------------------------------------------------------
                         slack                                  4.766    

Slack (MET) :             4.778ns  (required time - arrival time)
  Source:                 layer2_out_reg_309_reg[1]/C
                            (rising edge-triggered cell FDRE clocked by ap_clk  {rise@0.000ns fall@5.000ns period=10.000ns})
  Destination:            layer4_out_7_reg_409_reg[12]/D
                            (rising edge-triggered cell FDRE clocked by ap_clk  {rise@0.000ns fall@5.000ns period=10.000ns})
  Path Group:             ap_clk
  Path Type:              Setup (Max at Slow Process Corner)
  Requirement:            10.000ns  (ap_clk rise@10.000ns - ap_clk rise@0.000ns)
  Data Path Delay:        5.203ns  (logic 2.564ns (49.279%)  route 2.639ns (50.721%))
  Logic Levels:           20  (CARRY8=3 DSP_A_B_DATA=1 DSP_ALU=1 DSP_M_DATA=1 DSP_MULTIPLIER=1 DSP_OUTPUT=1 DSP_PREADD_DATA=1 LUT2=2 LUT3=2 LUT5=4 LUT6=3)
  Clock Path Skew:        -0.009ns (DCD - SCD + CPR)
    Destination Clock Delay (DCD):    0.021ns = ( 10.021 - 10.000 ) 
    Source Clock Delay      (SCD):    0.030ns
    Clock Pessimism Removal (CPR):    0.000ns
  Clock Uncertainty:      0.035ns  ((TSJ^2 + TIJ^2)^1/2 + DJ) / 2 + PE
    Total System Jitter     (TSJ):    0.071ns
    Total Input Jitter      (TIJ):    0.000ns
    Discrete Jitter          (DJ):    0.000ns
    Phase Error              (PE):    0.000ns

    Location             Delay type                Incr(ns)  Path(ns)    Netlist Resource(s)
  -------------------------------------------------------------------    -------------------
                         (clock ap_clk rise edge)     0.000     0.000 r  
                                                      0.000     0.000 r  ap_clk (IN)
                         net (fo=1807, unset)         0.030     0.030    ap_clk
                         FDRE                                         r  layer2_out_reg_309_reg[1]/C
  -------------------------------------------------------------------    -------------------
                         FDRE (Prop_FDRE_C_Q)         0.077     0.107 f  layer2_out_reg_309_reg[1]/Q
                         net (fo=8, unplaced)         0.165     0.272    grp_dense_latency_ap_fixed_16_6_5_3_0_ap_fixed_16_6_5_3_0_config4_s_fu_91/mul_16s_12s_26_1_1_U25/tmp_product_i_17__2_0[1]
                         LUT2 (Prop_LUT2_I1_O)        0.070     0.342 f  grp_dense_latency_ap_fixed_16_6_5_3_0_ap_fixed_16_6_5_3_0_config4_s_fu_91/mul_16s_12s_26_1_1_U25/tmp_product_i_25__0/O
                         net (fo=1, unplaced)         0.260     0.602    grp_dense_latency_ap_fixed_16_6_5_3_0_ap_fixed_16_6_5_3_0_config4_s_fu_91/mul_16s_12s_26_1_1_U25/tmp_product_i_25__0_n_0
                         CARRY8 (Prop_CARRY8_DI[0]_CO[7])
                                                      0.140     0.742 f  grp_dense_latency_ap_fixed_16_6_5_3_0_ap_fixed_16_6_5_3_0_config4_s_fu_91/mul_16s_12s_26_1_1_U25/tmp_product_i_17__2/CO[7]
                         net (fo=75, unplaced)        0.195     0.937    grp_dense_latency_ap_fixed_16_6_5_3_0_ap_fixed_16_6_5_3_0_config4_s_fu_91/mul_16s_12s_26_1_1_U25/CO[0]
                         LUT2 (Prop_LUT2_I0_O)        0.038     0.975 f  grp_dense_latency_ap_fixed_16_6_5_3_0_ap_fixed_16_6_5_3_0_config4_s_fu_91/mul_16s_12s_26_1_1_U25/tmp_product_i_39/O
                         net (fo=1, unplaced)         0.186     1.161    grp_dense_latency_ap_fixed_16_6_5_3_0_ap_fixed_16_6_5_3_0_config4_s_fu_91/mul_16s_12s_26_1_1_U25/tmp_product_i_39_n_0
                         LUT6 (Prop_LUT6_I1_O)        0.038     1.199 f  grp_dense_latency_ap_fixed_16_6_5_3_0_ap_fixed_16_6_5_3_0_config4_s_fu_91/mul_16s_12s_26_1_1_U25/tmp_product_i_24__2/O
                         net (fo=2, unplaced)         0.186     1.385    grp_dense_latency_ap_fixed_16_6_5_3_0_ap_fixed_16_6_5_3_0_config4_s_fu_91/mul_16s_12s_26_1_1_U27/tmp_product_9
                         LUT5 (Prop_LUT5_I4_O)        0.038     1.423 f  grp_dense_latency_ap_fixed_16_6_5_3_0_ap_fixed_16_6_5_3_0_config4_s_fu_91/mul_16s_12s_26_1_1_U27/tmp_product_i_9__4/O
                         net (fo=1, unplaced)         0.228     1.651    grp_dense_latency_ap_fixed_16_6_5_3_0_ap_fixed_16_6_5_3_0_config4_s_fu_91/mul_16s_12s_26_1_1_U27/tmp_product/A[8]
                         DSP_A_B_DATA (Prop_DSP_A_B_DATA_A[8]_A2_DATA[8])
                                                      0.192     1.843 r  grp_dense_latency_ap_fixed_16_6_5_3_0_ap_fixed_16_6_5_3_0_config4_s_fu_91/mul_16s_12s_26_1_1_U27/tmp_product/DSP_A_B_DATA_INST/A2_DATA[8]
                         net (fo=1, unplaced)         0.000     1.843    grp_dense_latency_ap_fixed_16_6_5_3_0_ap_fixed_16_6_5_3_0_config4_s_fu_91/mul_16s_12s_26_1_1_U27/tmp_product/DSP_A_B_DATA.A2_DATA<8>
                         DSP_PREADD_DATA (Prop_DSP_PREADD_DATA_A2_DATA[8]_A2A1[8])
                                                      0.076     1.919 r  grp_dense_latency_ap_fixed_16_6_5_3_0_ap_fixed_16_6_5_3_0_config4_s_fu_91/mul_16s_12s_26_1_1_U27/tmp_product/DSP_PREADD_DATA_INST/A2A1[8]
                         net (fo=1, unplaced)         0.000     1.919    grp_dense_latency_ap_fixed_16_6_5_3_0_ap_fixed_16_6_5_3_0_config4_s_fu_91/mul_16s_12s_26_1_1_U27/tmp_product/DSP_PREADD_DATA.A2A1<8>
                         DSP_MULTIPLIER (Prop_DSP_MULTIPLIER_A2A1[8]_U[14])
                                                      0.505     2.424 f  grp_dense_latency_ap_fixed_16_6_5_3_0_ap_fixed_16_6_5_3_0_config4_s_fu_91/mul_16s_12s_26_1_1_U27/tmp_product/DSP_MULTIPLIER_INST/U[14]
                         net (fo=1, unplaced)         0.000     2.424    grp_dense_latency_ap_fixed_16_6_5_3_0_ap_fixed_16_6_5_3_0_config4_s_fu_91/mul_16s_12s_26_1_1_U27/tmp_product/DSP_MULTIPLIER.U<14>
                         DSP_M_DATA (Prop_DSP_M_DATA_U[14]_U_DATA[14])
                                                      0.047     2.471 r  grp_dense_latency_ap_fixed_16_6_5_3_0_ap_fixed_16_6_5_3_0_config4_s_fu_91/mul_16s_12s_26_1_1_U27/tmp_product/DSP_M_DATA_INST/U_DATA[14]
                         net (fo=1, unplaced)         0.000     2.471    grp_dense_latency_ap_fixed_16_6_5_3_0_ap_fixed_16_6_5_3_0_config4_s_fu_91/mul_16s_12s_26_1_1_U27/tmp_product/DSP_M_DATA.U_DATA<14>
                         DSP_ALU (Prop_DSP_ALU_U_DATA[14]_ALU_OUT[14])
                                                      0.585     3.056 f  grp_dense_latency_ap_fixed_16_6_5_3_0_ap_fixed_16_6_5_3_0_config4_s_fu_91/mul_16s_12s_26_1_1_U27/tmp_product/DSP_ALU_INST/ALU_OUT[14]
                         net (fo=1, unplaced)         0.000     3.056    grp_dense_latency_ap_fixed_16_6_5_3_0_ap_fixed_16_6_5_3_0_config4_s_fu_91/mul_16s_12s_26_1_1_U27/tmp_product/DSP_ALU.ALU_OUT<14>
                         DSP_OUTPUT (Prop_DSP_OUTPUT_ALU_OUT[14]_P[14])
                                                      0.109     3.165 r  grp_dense_latency_ap_fixed_16_6_5_3_0_ap_fixed_16_6_5_3_0_config4_s_fu_91/mul_16s_12s_26_1_1_U27/tmp_product/DSP_OUTPUT_INST/P[14]
                         net (fo=9, unplaced)         0.203     3.368    grp_dense_latency_ap_fixed_16_6_5_3_0_ap_fixed_16_6_5_3_0_config4_s_fu_91/mul_16s_12s_26_1_1_U27/P[4]
                         LUT6 (Prop_LUT6_I0_O)        0.150     3.518 r  grp_dense_latency_ap_fixed_16_6_5_3_0_ap_fixed_16_6_5_3_0_config4_s_fu_91/mul_16s_12s_26_1_1_U27/layer4_out_7_reg_409[15]_i_61/O
                         net (fo=8, unplaced)         0.214     3.732    grp_dense_latency_ap_fixed_16_6_5_3_0_ap_fixed_16_6_5_3_0_config4_s_fu_91/mul_16s_12s_26_1_1_U27/layer4_out_7_reg_409[15]_i_61_n_0
                         LUT5 (Prop_LUT5_I0_O)        0.070     3.802 f  grp_dense_latency_ap_fixed_16_6_5_3_0_ap_fixed_16_6_5_3_0_config4_s_fu_91/mul_16s_12s_26_1_1_U27/layer4_out_7_reg_409[15]_i_60/O
                         net (fo=2, unplaced)         0.186     3.988    grp_dense_latency_ap_fixed_16_6_5_3_0_ap_fixed_16_6_5_3_0_config4_s_fu_91/mul_16s_12s_26_1_1_U27/layer4_out_7_reg_409[15]_i_60_n_0
                         LUT3 (Prop_LUT3_I2_O)        0.072     4.060 r  grp_dense_latency_ap_fixed_16_6_5_3_0_ap_fixed_16_6_5_3_0_config4_s_fu_91/mul_16s_12s_26_1_1_U27/layer4_out_7_reg_409[15]_i_32/O
                         net (fo=2, unplaced)         0.167     4.227    grp_dense_latency_ap_fixed_16_6_5_3_0_ap_fixed_16_6_5_3_0_config4_s_fu_91/mul_16s_12s_26_1_1_U27/layer4_out_7_reg_409[15]_i_32_n_0
                         LUT5 (Prop_LUT5_I4_O)        0.037     4.264 r  grp_dense_latency_ap_fixed_16_6_5_3_0_ap_fixed_16_6_5_3_0_config4_s_fu_91/mul_16s_12s_26_1_1_U27/layer4_out_7_reg_409[15]_i_40/O
                         net (fo=1, unplaced)         0.028     4.292    grp_dense_latency_ap_fixed_16_6_5_3_0_ap_fixed_16_6_5_3_0_config4_s_fu_91/mul_16s_12s_26_1_1_U27/layer4_out_7_reg_409[15]_i_40_n_0
                         CARRY8 (Prop_CARRY8_S[2]_O[2])
                                                      0.058     4.350 r  grp_dense_latency_ap_fixed_16_6_5_3_0_ap_fixed_16_6_5_3_0_config4_s_fu_91/mul_16s_12s_26_1_1_U27/layer4_out_7_reg_409_reg[15]_i_18/O[2]
                         net (fo=3, unplaced)         0.192     4.542    grp_dense_latency_ap_fixed_16_6_5_3_0_ap_fixed_16_6_5_3_0_config4_s_fu_91/mul_16s_12s_26_1_1_U27/layer4_out_7_reg_409_reg[15]_i_18_n_13
                         LUT3 (Prop_LUT3_I1_O)        0.038     4.580 r  grp_dense_latency_ap_fixed_16_6_5_3_0_ap_fixed_16_6_5_3_0_config4_s_fu_91/mul_16s_12s_26_1_1_U27/layer4_out_7_reg_409[15]_i_21/O
                         net (fo=2, unplaced)         0.186     4.766    grp_dense_latency_ap_fixed_16_6_5_3_0_ap_fixed_16_6_5_3_0_config4_s_fu_91/mul_16s_12s_26_1_1_U27/layer4_out_7_reg_409[15]_i_21_n_0
                         LUT5 (Prop_LUT5_I0_O)        0.038     4.804 r  grp_dense_latency_ap_fixed_16_6_5_3_0_ap_fixed_16_6_5_3_0_config4_s_fu_91/mul_16s_12s_26_1_1_U27/layer4_out_7_reg_409[15]_i_5/O
                         net (fo=2, unplaced)         0.186     4.990    grp_dense_latency_ap_fixed_16_6_5_3_0_ap_fixed_16_6_5_3_0_config4_s_fu_91/mul_16s_12s_26_1_1_U27/layer4_out_7_reg_409[15]_i_5_n_0
                         LUT6 (Prop_LUT6_I0_O)        0.037     5.027 r  grp_dense_latency_ap_fixed_16_6_5_3_0_ap_fixed_16_6_5_3_0_config4_s_fu_91/mul_16s_12s_26_1_1_U27/layer4_out_7_reg_409[15]_i_13/O
                         net (fo=1, unplaced)         0.032     5.059    grp_dense_latency_ap_fixed_16_6_5_3_0_ap_fixed_16_6_5_3_0_config4_s_fu_91/mul_16s_12s_26_1_1_U27/layer4_out_7_reg_409[15]_i_13_n_0
                         CARRY8 (Prop_CARRY8_S[3]_O[4])
                                                      0.149     5.208 r  grp_dense_latency_ap_fixed_16_6_5_3_0_ap_fixed_16_6_5_3_0_config4_s_fu_91/mul_16s_12s_26_1_1_U27/layer4_out_7_reg_409_reg[15]_i_1/O[4]
                         net (fo=1, unplaced)         0.025     5.233    grp_dense_latency_ap_fixed_16_6_5_3_0_ap_fixed_16_6_5_3_0_config4_s_fu_91_ap_return_7[12]
                         FDRE                                         r  layer4_out_7_reg_409_reg[12]/D
  -------------------------------------------------------------------    -------------------

                         (clock ap_clk rise edge)    10.000    10.000 r  
                                                      0.000    10.000 r  ap_clk (IN)
                         net (fo=1807, unset)         0.021    10.021    ap_clk
                         FDRE                                         r  layer4_out_7_reg_409_reg[12]/C
                         clock pessimism              0.000    10.021    
                         clock uncertainty           -0.035     9.986    
                         FDRE (Setup_FDRE_C_D)        0.025    10.011    layer4_out_7_reg_409_reg[12]
  -------------------------------------------------------------------
                         required time                         10.011    
                         arrival time                          -5.233    
  -------------------------------------------------------------------
                         slack                                  4.778    





Pulse Width Checks
--------------------------------------------------------------------------------------
Clock Name:         ap_clk
Waveform(ns):       { 0.000 5.000 }
Period(ns):         10.000
Sources:            { ap_clk }

Check Type        Corner  Lib Pin             Reference Pin  Required(ns)  Actual(ns)  Slack(ns)  Location  Pin
Min Period        n/a     RAMB18E2/CLKARDCLK  n/a            1.355         10.000      8.645                grp_softmax_stable_ap_fixed_ap_fixed_16_6_5_3_0_softmax_config7_s_fu_127/exp_table_U/q0_reg/CLKARDCLK
Min Period        n/a     RAMB18E2/CLKBWRCLK  n/a            1.355         10.000      8.645                grp_softmax_stable_ap_fixed_ap_fixed_16_6_5_3_0_softmax_config7_s_fu_127/exp_table_U/q0_reg/CLKBWRCLK
Min Period        n/a     RAMB18E2/CLKARDCLK  n/a            1.355         10.000      8.645                grp_softmax_stable_ap_fixed_ap_fixed_16_6_5_3_0_softmax_config7_s_fu_127/exp_table_U/q2_reg/CLKARDCLK
Min Period        n/a     RAMB18E2/CLKARDCLK  n/a            1.355         10.000      8.645                grp_softmax_stable_ap_fixed_ap_fixed_16_6_5_3_0_softmax_config7_s_fu_127/invert_table_U/q0_reg/CLKARDCLK
Min Period        n/a     FDSE/C              n/a            0.550         10.000      9.450                ap_CS_fsm_reg[0]/C
Min Period        n/a     FDRE/C              n/a            0.550         10.000      9.450                ap_CS_fsm_reg[1]/C
Min Period        n/a     FDRE/C              n/a            0.550         10.000      9.450                ap_CS_fsm_reg[2]/C
Min Period        n/a     FDRE/C              n/a            0.550         10.000      9.450                ap_CS_fsm_reg[3]/C
Min Period        n/a     FDRE/C              n/a            0.550         10.000      9.450                ap_block_pp0_stage0_subdone_grp0_done_reg_reg/C
Min Period        n/a     FDRE/C              n/a            0.550         10.000      9.450                ap_enable_reg_pp0_iter0_reg_reg/C
Low Pulse Width   Slow    RAMB18E2/CLKARDCLK  n/a            0.542         5.000       4.458                grp_softmax_stable_ap_fixed_ap_fixed_16_6_5_3_0_softmax_config7_s_fu_127/exp_table_U/q0_reg/CLKARDCLK
Low Pulse Width   Fast    RAMB18E2/CLKARDCLK  n/a            0.542         5.000       4.458                grp_softmax_stable_ap_fixed_ap_fixed_16_6_5_3_0_softmax_config7_s_fu_127/exp_table_U/q0_reg/CLKARDCLK
Low Pulse Width   Slow    RAMB18E2/CLKBWRCLK  n/a            0.542         5.000       4.458                grp_softmax_stable_ap_fixed_ap_fixed_16_6_5_3_0_softmax_config7_s_fu_127/exp_table_U/q0_reg/CLKBWRCLK
Low Pulse Width   Fast    RAMB18E2/CLKBWRCLK  n/a            0.542         5.000       4.458                grp_softmax_stable_ap_fixed_ap_fixed_16_6_5_3_0_softmax_config7_s_fu_127/exp_table_U/q0_reg/CLKBWRCLK
Low Pulse Width   Slow    RAMB18E2/CLKARDCLK  n/a            0.542         5.000       4.458                grp_softmax_stable_ap_fixed_ap_fixed_16_6_5_3_0_softmax_config7_s_fu_127/exp_table_U/q2_reg/CLKARDCLK
Low Pulse Width   Fast    RAMB18E2/CLKARDCLK  n/a            0.542         5.000       4.458                grp_softmax_stable_ap_fixed_ap_fixed_16_6_5_3_0_softmax_config7_s_fu_127/exp_table_U/q2_reg/CLKARDCLK
Low Pulse Width   Slow    RAMB18E2/CLKARDCLK  n/a            0.542         5.000       4.458                grp_softmax_stable_ap_fixed_ap_fixed_16_6_5_3_0_softmax_config7_s_fu_127/invert_table_U/q0_reg/CLKARDCLK
Low Pulse Width   Fast    RAMB18E2/CLKARDCLK  n/a            0.542         5.000       4.458                grp_softmax_stable_ap_fixed_ap_fixed_16_6_5_3_0_softmax_config7_s_fu_127/invert_table_U/q0_reg/CLKARDCLK
Low Pulse Width   Slow    FDSE/C              n/a            0.275         5.000       4.725                ap_CS_fsm_reg[0]/C
Low Pulse Width   Fast    FDSE/C              n/a            0.275         5.000       4.725                ap_CS_fsm_reg[0]/C
High Pulse Width  Slow    RAMB18E2/CLKARDCLK  n/a            0.542         5.000       4.458                grp_softmax_stable_ap_fixed_ap_fixed_16_6_5_3_0_softmax_config7_s_fu_127/exp_table_U/q0_reg/CLKARDCLK
High Pulse Width  Fast    RAMB18E2/CLKARDCLK  n/a            0.542         5.000       4.458                grp_softmax_stable_ap_fixed_ap_fixed_16_6_5_3_0_softmax_config7_s_fu_127/exp_table_U/q0_reg/CLKARDCLK
High Pulse Width  Slow    RAMB18E2/CLKBWRCLK  n/a            0.542         5.000       4.458                grp_softmax_stable_ap_fixed_ap_fixed_16_6_5_3_0_softmax_config7_s_fu_127/exp_table_U/q0_reg/CLKBWRCLK
High Pulse Width  Fast    RAMB18E2/CLKBWRCLK  n/a            0.542         5.000       4.458                grp_softmax_stable_ap_fixed_ap_fixed_16_6_5_3_0_softmax_config7_s_fu_127/exp_table_U/q0_reg/CLKBWRCLK
High Pulse Width  Slow    RAMB18E2/CLKARDCLK  n/a            0.542         5.000       4.458                grp_softmax_stable_ap_fixed_ap_fixed_16_6_5_3_0_softmax_config7_s_fu_127/exp_table_U/q2_reg/CLKARDCLK
High Pulse Width  Fast    RAMB18E2/CLKARDCLK  n/a            0.542         5.000       4.458                grp_softmax_stable_ap_fixed_ap_fixed_16_6_5_3_0_softmax_config7_s_fu_127/exp_table_U/q2_reg/CLKARDCLK
High Pulse Width  Slow    RAMB18E2/CLKARDCLK  n/a            0.542         5.000       4.458                grp_softmax_stable_ap_fixed_ap_fixed_16_6_5_3_0_softmax_config7_s_fu_127/invert_table_U/q0_reg/CLKARDCLK
High Pulse Width  Fast    RAMB18E2/CLKARDCLK  n/a            0.542         5.000       4.458                grp_softmax_stable_ap_fixed_ap_fixed_16_6_5_3_0_softmax_config7_s_fu_127/invert_table_U/q0_reg/CLKARDCLK
High Pulse Width  Slow    FDSE/C              n/a            0.275         5.000       4.725                ap_CS_fsm_reg[0]/C
High Pulse Width  Fast    FDSE/C              n/a            0.275         5.000       4.725                ap_CS_fsm_reg[0]/C



--------------------------------------------------------------------------------------
Path Group:  (none)
From Clock:  
  To Clock:  

Max Delay             1 Endpoint
Min Delay             0 Endpoints
--------------------------------------------------------------------------------------


Max Delay Paths
--------------------------------------------------------------------------------------
Slack:                    inf
  Source:                 ap_start
                            (input port)
  Destination:            ap_idle
                            (output port)
  Path Group:             (none)
  Path Type:              Max at Slow Process Corner
  Data Path Delay:        0.125ns  (logic 0.125ns (100.000%)  route 0.000ns (0.000%))
  Logic Levels:           1  (LUT5=1)

    Location             Delay type                Incr(ns)  Path(ns)    Netlist Resource(s)
  -------------------------------------------------------------------    -------------------
                                                      0.000     0.000 f  ap_start (IN)
                         net (fo=8, unset)            0.000     0.000    ap_start
                         LUT5 (Prop_LUT5_I0_O)        0.125     0.125 r  ap_idle_INST_0/O
                         net (fo=0)                   0.000     0.125    ap_idle
                                                                      r  ap_idle (OUT)
  -------------------------------------------------------------------    -------------------





--------------------------------------------------------------------------------------
Path Group:  (none)
From Clock:  ap_clk
  To Clock:  

Max Delay            54 Endpoints
Min Delay             0 Endpoints
--------------------------------------------------------------------------------------


Max Delay Paths
--------------------------------------------------------------------------------------
Slack:                    inf
  Source:                 grp_softmax_stable_ap_fixed_ap_fixed_16_6_5_3_0_softmax_config7_s_fu_127/invert_table_U/q0_reg/CLKARDCLK
                            (rising edge-triggered cell RAMB18E2 clocked by ap_clk  {rise@0.000ns fall@5.000ns period=10.000ns})
  Destination:            layer7_out_0[11]
                            (output port)
  Path Group:             (none)
  Path Type:              Max at Slow Process Corner
  Data Path Delay:        2.770ns  (logic 2.394ns (86.426%)  route 0.376ns (13.574%))
  Logic Levels:           6  (DSP_A_B_DATA=1 DSP_ALU=1 DSP_M_DATA=1 DSP_MULTIPLIER=1 DSP_OUTPUT=1 DSP_PREADD_DATA=1)
  Clock Uncertainty:      0.025ns  ((TSJ^2 + TIJ^2)^1/2 + DJ) / 2 + PE
    Total System Jitter     (TSJ):    0.050ns
    Total Input Jitter      (TIJ):    0.000ns
    Discrete Jitter          (DJ):    0.000ns
    Phase Error              (PE):    0.000ns

    Location             Delay type                Incr(ns)  Path(ns)    Netlist Resource(s)
  -------------------------------------------------------------------    -------------------
                         (clock ap_clk rise edge)     0.000     0.000 r  
                                                      0.000     0.000 r  ap_clk (IN)
                         net (fo=1807, unset)         0.076     0.076    grp_softmax_stable_ap_fixed_ap_fixed_16_6_5_3_0_softmax_config7_s_fu_127/invert_table_U/ap_clk
                         RAMB18E2                                     r  grp_softmax_stable_ap_fixed_ap_fixed_16_6_5_3_0_softmax_config7_s_fu_127/invert_table_U/q0_reg/CLKARDCLK
  -------------------------------------------------------------------    -------------------
                         RAMB18E2 (Prop_RAMB18E2_CLKARDCLK_DOUTADOUT[14])
                                                      0.880     0.956 f  grp_softmax_stable_ap_fixed_ap_fixed_16_6_5_3_0_softmax_config7_s_fu_127/invert_table_U/q0_reg/DOUTADOUT[14]
                         net (fo=39, unplaced)        0.376     1.332    grp_softmax_stable_ap_fixed_ap_fixed_16_6_5_3_0_softmax_config7_s_fu_127/mul_18s_11ns_26_1_1_U70/tmp_product/A[20]
                         DSP_A_B_DATA (Prop_DSP_A_B_DATA_A[20]_A2_DATA[20])
                                                      0.192     1.524 r  grp_softmax_stable_ap_fixed_ap_fixed_16_6_5_3_0_softmax_config7_s_fu_127/mul_18s_11ns_26_1_1_U70/tmp_product/DSP_A_B_DATA_INST/A2_DATA[20]
                         net (fo=1, unplaced)         0.000     1.524    grp_softmax_stable_ap_fixed_ap_fixed_16_6_5_3_0_softmax_config7_s_fu_127/mul_18s_11ns_26_1_1_U70/tmp_product/DSP_A_B_DATA.A2_DATA<20>
                         DSP_PREADD_DATA (Prop_DSP_PREADD_DATA_A2_DATA[20]_A2A1[20])
                                                      0.076     1.600 r  grp_softmax_stable_ap_fixed_ap_fixed_16_6_5_3_0_softmax_config7_s_fu_127/mul_18s_11ns_26_1_1_U70/tmp_product/DSP_PREADD_DATA_INST/A2A1[20]
                         net (fo=1, unplaced)         0.000     1.600    grp_softmax_stable_ap_fixed_ap_fixed_16_6_5_3_0_softmax_config7_s_fu_127/mul_18s_11ns_26_1_1_U70/tmp_product/DSP_PREADD_DATA.A2A1<20>
                         DSP_MULTIPLIER (Prop_DSP_MULTIPLIER_A2A1[20]_U[21])
                                                      0.505     2.105 f  grp_softmax_stable_ap_fixed_ap_fixed_16_6_5_3_0_softmax_config7_s_fu_127/mul_18s_11ns_26_1_1_U70/tmp_product/DSP_MULTIPLIER_INST/U[21]
                         net (fo=1, unplaced)         0.000     2.105    grp_softmax_stable_ap_fixed_ap_fixed_16_6_5_3_0_softmax_config7_s_fu_127/mul_18s_11ns_26_1_1_U70/tmp_product/DSP_MULTIPLIER.U<21>
                         DSP_M_DATA (Prop_DSP_M_DATA_U[21]_U_DATA[21])
                                                      0.047     2.152 r  grp_softmax_stable_ap_fixed_ap_fixed_16_6_5_3_0_softmax_config7_s_fu_127/mul_18s_11ns_26_1_1_U70/tmp_product/DSP_M_DATA_INST/U_DATA[21]
                         net (fo=1, unplaced)         0.000     2.152    grp_softmax_stable_ap_fixed_ap_fixed_16_6_5_3_0_softmax_config7_s_fu_127/mul_18s_11ns_26_1_1_U70/tmp_product/DSP_M_DATA.U_DATA<21>
                         DSP_ALU (Prop_DSP_ALU_U_DATA[21]_ALU_OUT[21])
                                                      0.585     2.737 f  grp_softmax_stable_ap_fixed_ap_fixed_16_6_5_3_0_softmax_config7_s_fu_127/mul_18s_11ns_26_1_1_U70/tmp_product/DSP_ALU_INST/ALU_OUT[21]
                         net (fo=1, unplaced)         0.000     2.737    grp_softmax_stable_ap_fixed_ap_fixed_16_6_5_3_0_softmax_config7_s_fu_127/mul_18s_11ns_26_1_1_U70/tmp_product/DSP_ALU.ALU_OUT<21>
                         DSP_OUTPUT (Prop_DSP_OUTPUT_ALU_OUT[21]_P[21])
                                                      0.109     2.846 r  grp_softmax_stable_ap_fixed_ap_fixed_16_6_5_3_0_softmax_config7_s_fu_127/mul_18s_11ns_26_1_1_U70/tmp_product/DSP_OUTPUT_INST/P[21]
                         net (fo=0)                   0.000     2.846    layer7_out_0[11]
                                                                      r  layer7_out_0[11] (OUT)
  -------------------------------------------------------------------    -------------------

Slack:                    inf
  Source:                 grp_softmax_stable_ap_fixed_ap_fixed_16_6_5_3_0_softmax_config7_s_fu_127/invert_table_U/q0_reg/CLKARDCLK
                            (rising edge-triggered cell RAMB18E2 clocked by ap_clk  {rise@0.000ns fall@5.000ns period=10.000ns})
  Destination:            layer7_out_0[12]
                            (output port)
  Path Group:             (none)
  Path Type:              Max at Slow Process Corner
  Data Path Delay:        2.770ns  (logic 2.394ns (86.426%)  route 0.376ns (13.574%))
  Logic Levels:           6  (DSP_A_B_DATA=1 DSP_ALU=1 DSP_M_DATA=1 DSP_MULTIPLIER=1 DSP_OUTPUT=1 DSP_PREADD_DATA=1)
  Clock Uncertainty:      0.025ns  ((TSJ^2 + TIJ^2)^1/2 + DJ) / 2 + PE
    Total System Jitter     (TSJ):    0.050ns
    Total Input Jitter      (TIJ):    0.000ns
    Discrete Jitter          (DJ):    0.000ns
    Phase Error              (PE):    0.000ns

    Location             Delay type                Incr(ns)  Path(ns)    Netlist Resource(s)
  -------------------------------------------------------------------    -------------------
                         (clock ap_clk rise edge)     0.000     0.000 r  
                                                      0.000     0.000 r  ap_clk (IN)
                         net (fo=1807, unset)         0.076     0.076    grp_softmax_stable_ap_fixed_ap_fixed_16_6_5_3_0_softmax_config7_s_fu_127/invert_table_U/ap_clk
                         RAMB18E2                                     r  grp_softmax_stable_ap_fixed_ap_fixed_16_6_5_3_0_softmax_config7_s_fu_127/invert_table_U/q0_reg/CLKARDCLK
  -------------------------------------------------------------------    -------------------
                         RAMB18E2 (Prop_RAMB18E2_CLKARDCLK_DOUTADOUT[14])
                                                      0.880     0.956 f  grp_softmax_stable_ap_fixed_ap_fixed_16_6_5_3_0_softmax_config7_s_fu_127/invert_table_U/q0_reg/DOUTADOUT[14]
                         net (fo=39, unplaced)        0.376     1.332    grp_softmax_stable_ap_fixed_ap_fixed_16_6_5_3_0_softmax_config7_s_fu_127/mul_18s_11ns_26_1_1_U70/tmp_product/A[20]
                         DSP_A_B_DATA (Prop_DSP_A_B_DATA_A[20]_A2_DATA[20])
                                                      0.192     1.524 r  grp_softmax_stable_ap_fixed_ap_fixed_16_6_5_3_0_softmax_config7_s_fu_127/mul_18s_11ns_26_1_1_U70/tmp_product/DSP_A_B_DATA_INST/A2_DATA[20]
                         net (fo=1, unplaced)         0.000     1.524    grp_softmax_stable_ap_fixed_ap_fixed_16_6_5_3_0_softmax_config7_s_fu_127/mul_18s_11ns_26_1_1_U70/tmp_product/DSP_A_B_DATA.A2_DATA<20>
                         DSP_PREADD_DATA (Prop_DSP_PREADD_DATA_A2_DATA[20]_A2A1[20])
                                                      0.076     1.600 r  grp_softmax_stable_ap_fixed_ap_fixed_16_6_5_3_0_softmax_config7_s_fu_127/mul_18s_11ns_26_1_1_U70/tmp_product/DSP_PREADD_DATA_INST/A2A1[20]
                         net (fo=1, unplaced)         0.000     1.600    grp_softmax_stable_ap_fixed_ap_fixed_16_6_5_3_0_softmax_config7_s_fu_127/mul_18s_11ns_26_1_1_U70/tmp_product/DSP_PREADD_DATA.A2A1<20>
                         DSP_MULTIPLIER (Prop_DSP_MULTIPLIER_A2A1[20]_U[22])
                                                      0.505     2.105 f  grp_softmax_stable_ap_fixed_ap_fixed_16_6_5_3_0_softmax_config7_s_fu_127/mul_18s_11ns_26_1_1_U70/tmp_product/DSP_MULTIPLIER_INST/U[22]
                         net (fo=1, unplaced)         0.000     2.105    grp_softmax_stable_ap_fixed_ap_fixed_16_6_5_3_0_softmax_config7_s_fu_127/mul_18s_11ns_26_1_1_U70/tmp_product/DSP_MULTIPLIER.U<22>
                         DSP_M_DATA (Prop_DSP_M_DATA_U[22]_U_DATA[22])
                                                      0.047     2.152 r  grp_softmax_stable_ap_fixed_ap_fixed_16_6_5_3_0_softmax_config7_s_fu_127/mul_18s_11ns_26_1_1_U70/tmp_product/DSP_M_DATA_INST/U_DATA[22]
                         net (fo=1, unplaced)         0.000     2.152    grp_softmax_stable_ap_fixed_ap_fixed_16_6_5_3_0_softmax_config7_s_fu_127/mul_18s_11ns_26_1_1_U70/tmp_product/DSP_M_DATA.U_DATA<22>
                         DSP_ALU (Prop_DSP_ALU_U_DATA[22]_ALU_OUT[22])
                                                      0.585     2.737 f  grp_softmax_stable_ap_fixed_ap_fixed_16_6_5_3_0_softmax_config7_s_fu_127/mul_18s_11ns_26_1_1_U70/tmp_product/DSP_ALU_INST/ALU_OUT[22]
                         net (fo=1, unplaced)         0.000     2.737    grp_softmax_stable_ap_fixed_ap_fixed_16_6_5_3_0_softmax_config7_s_fu_127/mul_18s_11ns_26_1_1_U70/tmp_product/DSP_ALU.ALU_OUT<22>
                         DSP_OUTPUT (Prop_DSP_OUTPUT_ALU_OUT[22]_P[22])
                                                      0.109     2.846 r  grp_softmax_stable_ap_fixed_ap_fixed_16_6_5_3_0_softmax_config7_s_fu_127/mul_18s_11ns_26_1_1_U70/tmp_product/DSP_OUTPUT_INST/P[22]
                         net (fo=0)                   0.000     2.846    layer7_out_0[12]
                                                                      r  layer7_out_0[12] (OUT)
  -------------------------------------------------------------------    -------------------

Slack:                    inf
  Source:                 grp_softmax_stable_ap_fixed_ap_fixed_16_6_5_3_0_softmax_config7_s_fu_127/invert_table_U/q0_reg/CLKARDCLK
                            (rising edge-triggered cell RAMB18E2 clocked by ap_clk  {rise@0.000ns fall@5.000ns period=10.000ns})
  Destination:            layer7_out_0[13]
                            (output port)
  Path Group:             (none)
  Path Type:              Max at Slow Process Corner
  Data Path Delay:        2.770ns  (logic 2.394ns (86.426%)  route 0.376ns (13.574%))
  Logic Levels:           6  (DSP_A_B_DATA=1 DSP_ALU=1 DSP_M_DATA=1 DSP_MULTIPLIER=1 DSP_OUTPUT=1 DSP_PREADD_DATA=1)
  Clock Uncertainty:      0.025ns  ((TSJ^2 + TIJ^2)^1/2 + DJ) / 2 + PE
    Total System Jitter     (TSJ):    0.050ns
    Total Input Jitter      (TIJ):    0.000ns
    Discrete Jitter          (DJ):    0.000ns
    Phase Error              (PE):    0.000ns

    Location             Delay type                Incr(ns)  Path(ns)    Netlist Resource(s)
  -------------------------------------------------------------------    -------------------
                         (clock ap_clk rise edge)     0.000     0.000 r  
                                                      0.000     0.000 r  ap_clk (IN)
                         net (fo=1807, unset)         0.076     0.076    grp_softmax_stable_ap_fixed_ap_fixed_16_6_5_3_0_softmax_config7_s_fu_127/invert_table_U/ap_clk
                         RAMB18E2                                     r  grp_softmax_stable_ap_fixed_ap_fixed_16_6_5_3_0_softmax_config7_s_fu_127/invert_table_U/q0_reg/CLKARDCLK
  -------------------------------------------------------------------    -------------------
                         RAMB18E2 (Prop_RAMB18E2_CLKARDCLK_DOUTADOUT[14])
                                                      0.880     0.956 f  grp_softmax_stable_ap_fixed_ap_fixed_16_6_5_3_0_softmax_config7_s_fu_127/invert_table_U/q0_reg/DOUTADOUT[14]
                         net (fo=39, unplaced)        0.376     1.332    grp_softmax_stable_ap_fixed_ap_fixed_16_6_5_3_0_softmax_config7_s_fu_127/mul_18s_11ns_26_1_1_U70/tmp_product/A[20]
                         DSP_A_B_DATA (Prop_DSP_A_B_DATA_A[20]_A2_DATA[20])
                                                      0.192     1.524 r  grp_softmax_stable_ap_fixed_ap_fixed_16_6_5_3_0_softmax_config7_s_fu_127/mul_18s_11ns_26_1_1_U70/tmp_product/DSP_A_B_DATA_INST/A2_DATA[20]
                         net (fo=1, unplaced)         0.000     1.524    grp_softmax_stable_ap_fixed_ap_fixed_16_6_5_3_0_softmax_config7_s_fu_127/mul_18s_11ns_26_1_1_U70/tmp_product/DSP_A_B_DATA.A2_DATA<20>
                         DSP_PREADD_DATA (Prop_DSP_PREADD_DATA_A2_DATA[20]_A2A1[20])
                                                      0.076     1.600 r  grp_softmax_stable_ap_fixed_ap_fixed_16_6_5_3_0_softmax_config7_s_fu_127/mul_18s_11ns_26_1_1_U70/tmp_product/DSP_PREADD_DATA_INST/A2A1[20]
                         net (fo=1, unplaced)         0.000     1.600    grp_softmax_stable_ap_fixed_ap_fixed_16_6_5_3_0_softmax_config7_s_fu_127/mul_18s_11ns_26_1_1_U70/tmp_product/DSP_PREADD_DATA.A2A1<20>
                         DSP_MULTIPLIER (Prop_DSP_MULTIPLIER_A2A1[20]_U[23])
                                                      0.505     2.105 f  grp_softmax_stable_ap_fixed_ap_fixed_16_6_5_3_0_softmax_config7_s_fu_127/mul_18s_11ns_26_1_1_U70/tmp_product/DSP_MULTIPLIER_INST/U[23]
                         net (fo=1, unplaced)         0.000     2.105    grp_softmax_stable_ap_fixed_ap_fixed_16_6_5_3_0_softmax_config7_s_fu_127/mul_18s_11ns_26_1_1_U70/tmp_product/DSP_MULTIPLIER.U<23>
                         DSP_M_DATA (Prop_DSP_M_DATA_U[23]_U_DATA[23])
                                                      0.047     2.152 r  grp_softmax_stable_ap_fixed_ap_fixed_16_6_5_3_0_softmax_config7_s_fu_127/mul_18s_11ns_26_1_1_U70/tmp_product/DSP_M_DATA_INST/U_DATA[23]
                         net (fo=1, unplaced)         0.000     2.152    grp_softmax_stable_ap_fixed_ap_fixed_16_6_5_3_0_softmax_config7_s_fu_127/mul_18s_11ns_26_1_1_U70/tmp_product/DSP_M_DATA.U_DATA<23>
                         DSP_ALU (Prop_DSP_ALU_U_DATA[23]_ALU_OUT[23])
                                                      0.585     2.737 f  grp_softmax_stable_ap_fixed_ap_fixed_16_6_5_3_0_softmax_config7_s_fu_127/mul_18s_11ns_26_1_1_U70/tmp_product/DSP_ALU_INST/ALU_OUT[23]
                         net (fo=1, unplaced)         0.000     2.737    grp_softmax_stable_ap_fixed_ap_fixed_16_6_5_3_0_softmax_config7_s_fu_127/mul_18s_11ns_26_1_1_U70/tmp_product/DSP_ALU.ALU_OUT<23>
                         DSP_OUTPUT (Prop_DSP_OUTPUT_ALU_OUT[23]_P[23])
                                                      0.109     2.846 r  grp_softmax_stable_ap_fixed_ap_fixed_16_6_5_3_0_softmax_config7_s_fu_127/mul_18s_11ns_26_1_1_U70/tmp_product/DSP_OUTPUT_INST/P[23]
                         net (fo=0)                   0.000     2.846    layer7_out_0[13]
                                                                      r  layer7_out_0[13] (OUT)
  -------------------------------------------------------------------    -------------------

Slack:                    inf
  Source:                 grp_softmax_stable_ap_fixed_ap_fixed_16_6_5_3_0_softmax_config7_s_fu_127/invert_table_U/q0_reg/CLKARDCLK
                            (rising edge-triggered cell RAMB18E2 clocked by ap_clk  {rise@0.000ns fall@5.000ns period=10.000ns})
  Destination:            layer7_out_0[14]
                            (output port)
  Path Group:             (none)
  Path Type:              Max at Slow Process Corner
  Data Path Delay:        2.770ns  (logic 2.394ns (86.426%)  route 0.376ns (13.574%))
  Logic Levels:           6  (DSP_A_B_DATA=1 DSP_ALU=1 DSP_M_DATA=1 DSP_MULTIPLIER=1 DSP_OUTPUT=1 DSP_PREADD_DATA=1)
  Clock Uncertainty:      0.025ns  ((TSJ^2 + TIJ^2)^1/2 + DJ) / 2 + PE
    Total System Jitter     (TSJ):    0.050ns
    Total Input Jitter      (TIJ):    0.000ns
    Discrete Jitter          (DJ):    0.000ns
    Phase Error              (PE):    0.000ns

    Location             Delay type                Incr(ns)  Path(ns)    Netlist Resource(s)
  -------------------------------------------------------------------    -------------------
                         (clock ap_clk rise edge)     0.000     0.000 r  
                                                      0.000     0.000 r  ap_clk (IN)
                         net (fo=1807, unset)         0.076     0.076    grp_softmax_stable_ap_fixed_ap_fixed_16_6_5_3_0_softmax_config7_s_fu_127/invert_table_U/ap_clk
                         RAMB18E2                                     r  grp_softmax_stable_ap_fixed_ap_fixed_16_6_5_3_0_softmax_config7_s_fu_127/invert_table_U/q0_reg/CLKARDCLK
  -------------------------------------------------------------------    -------------------
                         RAMB18E2 (Prop_RAMB18E2_CLKARDCLK_DOUTADOUT[14])
                                                      0.880     0.956 f  grp_softmax_stable_ap_fixed_ap_fixed_16_6_5_3_0_softmax_config7_s_fu_127/invert_table_U/q0_reg/DOUTADOUT[14]
                         net (fo=39, unplaced)        0.376     1.332    grp_softmax_stable_ap_fixed_ap_fixed_16_6_5_3_0_softmax_config7_s_fu_127/mul_18s_11ns_26_1_1_U70/tmp_product/A[20]
                         DSP_A_B_DATA (Prop_DSP_A_B_DATA_A[20]_A2_DATA[20])
                                                      0.192     1.524 r  grp_softmax_stable_ap_fixed_ap_fixed_16_6_5_3_0_softmax_config7_s_fu_127/mul_18s_11ns_26_1_1_U70/tmp_product/DSP_A_B_DATA_INST/A2_DATA[20]
                         net (fo=1, unplaced)         0.000     1.524    grp_softmax_stable_ap_fixed_ap_fixed_16_6_5_3_0_softmax_config7_s_fu_127/mul_18s_11ns_26_1_1_U70/tmp_product/DSP_A_B_DATA.A2_DATA<20>
                         DSP_PREADD_DATA (Prop_DSP_PREADD_DATA_A2_DATA[20]_A2A1[20])
                                                      0.076     1.600 r  grp_softmax_stable_ap_fixed_ap_fixed_16_6_5_3_0_softmax_config7_s_fu_127/mul_18s_11ns_26_1_1_U70/tmp_product/DSP_PREADD_DATA_INST/A2A1[20]
                         net (fo=1, unplaced)         0.000     1.600    grp_softmax_stable_ap_fixed_ap_fixed_16_6_5_3_0_softmax_config7_s_fu_127/mul_18s_11ns_26_1_1_U70/tmp_product/DSP_PREADD_DATA.A2A1<20>
                         DSP_MULTIPLIER (Prop_DSP_MULTIPLIER_A2A1[20]_U[24])
                                                      0.505     2.105 f  grp_softmax_stable_ap_fixed_ap_fixed_16_6_5_3_0_softmax_config7_s_fu_127/mul_18s_11ns_26_1_1_U70/tmp_product/DSP_MULTIPLIER_INST/U[24]
                         net (fo=1, unplaced)         0.000     2.105    grp_softmax_stable_ap_fixed_ap_fixed_16_6_5_3_0_softmax_config7_s_fu_127/mul_18s_11ns_26_1_1_U70/tmp_product/DSP_MULTIPLIER.U<24>
                         DSP_M_DATA (Prop_DSP_M_DATA_U[24]_U_DATA[24])
                                                      0.047     2.152 r  grp_softmax_stable_ap_fixed_ap_fixed_16_6_5_3_0_softmax_config7_s_fu_127/mul_18s_11ns_26_1_1_U70/tmp_product/DSP_M_DATA_INST/U_DATA[24]
                         net (fo=1, unplaced)         0.000     2.152    grp_softmax_stable_ap_fixed_ap_fixed_16_6_5_3_0_softmax_config7_s_fu_127/mul_18s_11ns_26_1_1_U70/tmp_product/DSP_M_DATA.U_DATA<24>
                         DSP_ALU (Prop_DSP_ALU_U_DATA[24]_ALU_OUT[24])
                                                      0.585     2.737 f  grp_softmax_stable_ap_fixed_ap_fixed_16_6_5_3_0_softmax_config7_s_fu_127/mul_18s_11ns_26_1_1_U70/tmp_product/DSP_ALU_INST/ALU_OUT[24]
                         net (fo=1, unplaced)         0.000     2.737    grp_softmax_stable_ap_fixed_ap_fixed_16_6_5_3_0_softmax_config7_s_fu_127/mul_18s_11ns_26_1_1_U70/tmp_product/DSP_ALU.ALU_OUT<24>
                         DSP_OUTPUT (Prop_DSP_OUTPUT_ALU_OUT[24]_P[24])
                                                      0.109     2.846 r  grp_softmax_stable_ap_fixed_ap_fixed_16_6_5_3_0_softmax_config7_s_fu_127/mul_18s_11ns_26_1_1_U70/tmp_product/DSP_OUTPUT_INST/P[24]
                         net (fo=0)                   0.000     2.846    layer7_out_0[14]
                                                                      r  layer7_out_0[14] (OUT)
  -------------------------------------------------------------------    -------------------

Slack:                    inf
  Source:                 grp_softmax_stable_ap_fixed_ap_fixed_16_6_5_3_0_softmax_config7_s_fu_127/invert_table_U/q0_reg/CLKARDCLK
                            (rising edge-triggered cell RAMB18E2 clocked by ap_clk  {rise@0.000ns fall@5.000ns period=10.000ns})
  Destination:            layer7_out_0[15]
                            (output port)
  Path Group:             (none)
  Path Type:              Max at Slow Process Corner
  Data Path Delay:        2.770ns  (logic 2.394ns (86.426%)  route 0.376ns (13.574%))
  Logic Levels:           6  (DSP_A_B_DATA=1 DSP_ALU=1 DSP_M_DATA=1 DSP_MULTIPLIER=1 DSP_OUTPUT=1 DSP_PREADD_DATA=1)
  Clock Uncertainty:      0.025ns  ((TSJ^2 + TIJ^2)^1/2 + DJ) / 2 + PE
    Total System Jitter     (TSJ):    0.050ns
    Total Input Jitter      (TIJ):    0.000ns
    Discrete Jitter          (DJ):    0.000ns
    Phase Error              (PE):    0.000ns

    Location             Delay type                Incr(ns)  Path(ns)    Netlist Resource(s)
  -------------------------------------------------------------------    -------------------
                         (clock ap_clk rise edge)     0.000     0.000 r  
                                                      0.000     0.000 r  ap_clk (IN)
                         net (fo=1807, unset)         0.076     0.076    grp_softmax_stable_ap_fixed_ap_fixed_16_6_5_3_0_softmax_config7_s_fu_127/invert_table_U/ap_clk
                         RAMB18E2                                     r  grp_softmax_stable_ap_fixed_ap_fixed_16_6_5_3_0_softmax_config7_s_fu_127/invert_table_U/q0_reg/CLKARDCLK
  -------------------------------------------------------------------    -------------------
                         RAMB18E2 (Prop_RAMB18E2_CLKARDCLK_DOUTADOUT[14])
                                                      0.880     0.956 f  grp_softmax_stable_ap_fixed_ap_fixed_16_6_5_3_0_softmax_config7_s_fu_127/invert_table_U/q0_reg/DOUTADOUT[14]
                         net (fo=39, unplaced)        0.376     1.332    grp_softmax_stable_ap_fixed_ap_fixed_16_6_5_3_0_softmax_config7_s_fu_127/mul_18s_11ns_26_1_1_U70/tmp_product/A[20]
                         DSP_A_B_DATA (Prop_DSP_A_B_DATA_A[20]_A2_DATA[20])
                                                      0.192     1.524 r  grp_softmax_stable_ap_fixed_ap_fixed_16_6_5_3_0_softmax_config7_s_fu_127/mul_18s_11ns_26_1_1_U70/tmp_product/DSP_A_B_DATA_INST/A2_DATA[20]
                         net (fo=1, unplaced)         0.000     1.524    grp_softmax_stable_ap_fixed_ap_fixed_16_6_5_3_0_softmax_config7_s_fu_127/mul_18s_11ns_26_1_1_U70/tmp_product/DSP_A_B_DATA.A2_DATA<20>
                         DSP_PREADD_DATA (Prop_DSP_PREADD_DATA_A2_DATA[20]_A2A1[20])
                                                      0.076     1.600 r  grp_softmax_stable_ap_fixed_ap_fixed_16_6_5_3_0_softmax_config7_s_fu_127/mul_18s_11ns_26_1_1_U70/tmp_product/DSP_PREADD_DATA_INST/A2A1[20]
                         net (fo=1, unplaced)         0.000     1.600    grp_softmax_stable_ap_fixed_ap_fixed_16_6_5_3_0_softmax_config7_s_fu_127/mul_18s_11ns_26_1_1_U70/tmp_product/DSP_PREADD_DATA.A2A1<20>
                         DSP_MULTIPLIER (Prop_DSP_MULTIPLIER_A2A1[20]_U[25])
                                                      0.505     2.105 f  grp_softmax_stable_ap_fixed_ap_fixed_16_6_5_3_0_softmax_config7_s_fu_127/mul_18s_11ns_26_1_1_U70/tmp_product/DSP_MULTIPLIER_INST/U[25]
                         net (fo=1, unplaced)         0.000     2.105    grp_softmax_stable_ap_fixed_ap_fixed_16_6_5_3_0_softmax_config7_s_fu_127/mul_18s_11ns_26_1_1_U70/tmp_product/DSP_MULTIPLIER.U<25>
                         DSP_M_DATA (Prop_DSP_M_DATA_U[25]_U_DATA[25])
                                                      0.047     2.152 r  grp_softmax_stable_ap_fixed_ap_fixed_16_6_5_3_0_softmax_config7_s_fu_127/mul_18s_11ns_26_1_1_U70/tmp_product/DSP_M_DATA_INST/U_DATA[25]
                         net (fo=1, unplaced)         0.000     2.152    grp_softmax_stable_ap_fixed_ap_fixed_16_6_5_3_0_softmax_config7_s_fu_127/mul_18s_11ns_26_1_1_U70/tmp_product/DSP_M_DATA.U_DATA<25>
                         DSP_ALU (Prop_DSP_ALU_U_DATA[25]_ALU_OUT[25])
                                                      0.585     2.737 f  grp_softmax_stable_ap_fixed_ap_fixed_16_6_5_3_0_softmax_config7_s_fu_127/mul_18s_11ns_26_1_1_U70/tmp_product/DSP_ALU_INST/ALU_OUT[25]
                         net (fo=1, unplaced)         0.000     2.737    grp_softmax_stable_ap_fixed_ap_fixed_16_6_5_3_0_softmax_config7_s_fu_127/mul_18s_11ns_26_1_1_U70/tmp_product/DSP_ALU.ALU_OUT<25>
                         DSP_OUTPUT (Prop_DSP_OUTPUT_ALU_OUT[25]_P[25])
                                                      0.109     2.846 r  grp_softmax_stable_ap_fixed_ap_fixed_16_6_5_3_0_softmax_config7_s_fu_127/mul_18s_11ns_26_1_1_U70/tmp_product/DSP_OUTPUT_INST/P[25]
                         net (fo=0)                   0.000     2.846    layer7_out_0[15]
                                                                      r  layer7_out_0[15] (OUT)
  -------------------------------------------------------------------    -------------------

Slack:                    inf
  Source:                 grp_softmax_stable_ap_fixed_ap_fixed_16_6_5_3_0_softmax_config7_s_fu_127/invert_table_U/q0_reg/CLKARDCLK
                            (rising edge-triggered cell RAMB18E2 clocked by ap_clk  {rise@0.000ns fall@5.000ns period=10.000ns})
  Destination:            layer7_out_1[11]
                            (output port)
  Path Group:             (none)
  Path Type:              Max at Slow Process Corner
  Data Path Delay:        2.770ns  (logic 2.394ns (86.426%)  route 0.376ns (13.574%))
  Logic Levels:           6  (DSP_A_B_DATA=1 DSP_ALU=1 DSP_M_DATA=1 DSP_MULTIPLIER=1 DSP_OUTPUT=1 DSP_PREADD_DATA=1)
  Clock Uncertainty:      0.025ns  ((TSJ^2 + TIJ^2)^1/2 + DJ) / 2 + PE
    Total System Jitter     (TSJ):    0.050ns
    Total Input Jitter      (TIJ):    0.000ns
    Discrete Jitter          (DJ):    0.000ns
    Phase Error              (PE):    0.000ns

    Location             Delay type                Incr(ns)  Path(ns)    Netlist Resource(s)
  -------------------------------------------------------------------    -------------------
                         (clock ap_clk rise edge)     0.000     0.000 r  
                                                      0.000     0.000 r  ap_clk (IN)
                         net (fo=1807, unset)         0.076     0.076    grp_softmax_stable_ap_fixed_ap_fixed_16_6_5_3_0_softmax_config7_s_fu_127/invert_table_U/ap_clk
                         RAMB18E2                                     r  grp_softmax_stable_ap_fixed_ap_fixed_16_6_5_3_0_softmax_config7_s_fu_127/invert_table_U/q0_reg/CLKARDCLK
  -------------------------------------------------------------------    -------------------
                         RAMB18E2 (Prop_RAMB18E2_CLKARDCLK_DOUTADOUT[14])
                                                      0.880     0.956 f  grp_softmax_stable_ap_fixed_ap_fixed_16_6_5_3_0_softmax_config7_s_fu_127/invert_table_U/q0_reg/DOUTADOUT[14]
                         net (fo=39, unplaced)        0.376     1.332    grp_softmax_stable_ap_fixed_ap_fixed_16_6_5_3_0_softmax_config7_s_fu_127/mul_18s_11ns_26_1_1_U71/tmp_product/A[20]
                         DSP_A_B_DATA (Prop_DSP_A_B_DATA_A[20]_A2_DATA[20])
                                                      0.192     1.524 r  grp_softmax_stable_ap_fixed_ap_fixed_16_6_5_3_0_softmax_config7_s_fu_127/mul_18s_11ns_26_1_1_U71/tmp_product/DSP_A_B_DATA_INST/A2_DATA[20]
                         net (fo=1, unplaced)         0.000     1.524    grp_softmax_stable_ap_fixed_ap_fixed_16_6_5_3_0_softmax_config7_s_fu_127/mul_18s_11ns_26_1_1_U71/tmp_product/DSP_A_B_DATA.A2_DATA<20>
                         DSP_PREADD_DATA (Prop_DSP_PREADD_DATA_A2_DATA[20]_A2A1[20])
                                                      0.076     1.600 r  grp_softmax_stable_ap_fixed_ap_fixed_16_6_5_3_0_softmax_config7_s_fu_127/mul_18s_11ns_26_1_1_U71/tmp_product/DSP_PREADD_DATA_INST/A2A1[20]
                         net (fo=1, unplaced)         0.000     1.600    grp_softmax_stable_ap_fixed_ap_fixed_16_6_5_3_0_softmax_config7_s_fu_127/mul_18s_11ns_26_1_1_U71/tmp_product/DSP_PREADD_DATA.A2A1<20>
                         DSP_MULTIPLIER (Prop_DSP_MULTIPLIER_A2A1[20]_U[21])
                                                      0.505     2.105 f  grp_softmax_stable_ap_fixed_ap_fixed_16_6_5_3_0_softmax_config7_s_fu_127/mul_18s_11ns_26_1_1_U71/tmp_product/DSP_MULTIPLIER_INST/U[21]
                         net (fo=1, unplaced)         0.000     2.105    grp_softmax_stable_ap_fixed_ap_fixed_16_6_5_3_0_softmax_config7_s_fu_127/mul_18s_11ns_26_1_1_U71/tmp_product/DSP_MULTIPLIER.U<21>
                         DSP_M_DATA (Prop_DSP_M_DATA_U[21]_U_DATA[21])
                                                      0.047     2.152 r  grp_softmax_stable_ap_fixed_ap_fixed_16_6_5_3_0_softmax_config7_s_fu_127/mul_18s_11ns_26_1_1_U71/tmp_product/DSP_M_DATA_INST/U_DATA[21]
                         net (fo=1, unplaced)         0.000     2.152    grp_softmax_stable_ap_fixed_ap_fixed_16_6_5_3_0_softmax_config7_s_fu_127/mul_18s_11ns_26_1_1_U71/tmp_product/DSP_M_DATA.U_DATA<21>
                         DSP_ALU (Prop_DSP_ALU_U_DATA[21]_ALU_OUT[21])
                                                      0.585     2.737 f  grp_softmax_stable_ap_fixed_ap_fixed_16_6_5_3_0_softmax_config7_s_fu_127/mul_18s_11ns_26_1_1_U71/tmp_product/DSP_ALU_INST/ALU_OUT[21]
                         net (fo=1, unplaced)         0.000     2.737    grp_softmax_stable_ap_fixed_ap_fixed_16_6_5_3_0_softmax_config7_s_fu_127/mul_18s_11ns_26_1_1_U71/tmp_product/DSP_ALU.ALU_OUT<21>
                         DSP_OUTPUT (Prop_DSP_OUTPUT_ALU_OUT[21]_P[21])
                                                      0.109     2.846 r  grp_softmax_stable_ap_fixed_ap_fixed_16_6_5_3_0_softmax_config7_s_fu_127/mul_18s_11ns_26_1_1_U71/tmp_product/DSP_OUTPUT_INST/P[21]
                         net (fo=0)                   0.000     2.846    layer7_out_1[11]
                                                                      r  layer7_out_1[11] (OUT)
  -------------------------------------------------------------------    -------------------

Slack:                    inf
  Source:                 grp_softmax_stable_ap_fixed_ap_fixed_16_6_5_3_0_softmax_config7_s_fu_127/invert_table_U/q0_reg/CLKARDCLK
                            (rising edge-triggered cell RAMB18E2 clocked by ap_clk  {rise@0.000ns fall@5.000ns period=10.000ns})
  Destination:            layer7_out_1[12]
                            (output port)
  Path Group:             (none)
  Path Type:              Max at Slow Process Corner
  Data Path Delay:        2.770ns  (logic 2.394ns (86.426%)  route 0.376ns (13.574%))
  Logic Levels:           6  (DSP_A_B_DATA=1 DSP_ALU=1 DSP_M_DATA=1 DSP_MULTIPLIER=1 DSP_OUTPUT=1 DSP_PREADD_DATA=1)
  Clock Uncertainty:      0.025ns  ((TSJ^2 + TIJ^2)^1/2 + DJ) / 2 + PE
    Total System Jitter     (TSJ):    0.050ns
    Total Input Jitter      (TIJ):    0.000ns
    Discrete Jitter          (DJ):    0.000ns
    Phase Error              (PE):    0.000ns

    Location             Delay type                Incr(ns)  Path(ns)    Netlist Resource(s)
  -------------------------------------------------------------------    -------------------
                         (clock ap_clk rise edge)     0.000     0.000 r  
                                                      0.000     0.000 r  ap_clk (IN)
                         net (fo=1807, unset)         0.076     0.076    grp_softmax_stable_ap_fixed_ap_fixed_16_6_5_3_0_softmax_config7_s_fu_127/invert_table_U/ap_clk
                         RAMB18E2                                     r  grp_softmax_stable_ap_fixed_ap_fixed_16_6_5_3_0_softmax_config7_s_fu_127/invert_table_U/q0_reg/CLKARDCLK
  -------------------------------------------------------------------    -------------------
                         RAMB18E2 (Prop_RAMB18E2_CLKARDCLK_DOUTADOUT[14])
                                                      0.880     0.956 f  grp_softmax_stable_ap_fixed_ap_fixed_16_6_5_3_0_softmax_config7_s_fu_127/invert_table_U/q0_reg/DOUTADOUT[14]
                         net (fo=39, unplaced)        0.376     1.332    grp_softmax_stable_ap_fixed_ap_fixed_16_6_5_3_0_softmax_config7_s_fu_127/mul_18s_11ns_26_1_1_U71/tmp_product/A[20]
                         DSP_A_B_DATA (Prop_DSP_A_B_DATA_A[20]_A2_DATA[20])
                                                      0.192     1.524 r  grp_softmax_stable_ap_fixed_ap_fixed_16_6_5_3_0_softmax_config7_s_fu_127/mul_18s_11ns_26_1_1_U71/tmp_product/DSP_A_B_DATA_INST/A2_DATA[20]
                         net (fo=1, unplaced)         0.000     1.524    grp_softmax_stable_ap_fixed_ap_fixed_16_6_5_3_0_softmax_config7_s_fu_127/mul_18s_11ns_26_1_1_U71/tmp_product/DSP_A_B_DATA.A2_DATA<20>
                         DSP_PREADD_DATA (Prop_DSP_PREADD_DATA_A2_DATA[20]_A2A1[20])
                                                      0.076     1.600 r  grp_softmax_stable_ap_fixed_ap_fixed_16_6_5_3_0_softmax_config7_s_fu_127/mul_18s_11ns_26_1_1_U71/tmp_product/DSP_PREADD_DATA_INST/A2A1[20]
                         net (fo=1, unplaced)         0.000     1.600    grp_softmax_stable_ap_fixed_ap_fixed_16_6_5_3_0_softmax_config7_s_fu_127/mul_18s_11ns_26_1_1_U71/tmp_product/DSP_PREADD_DATA.A2A1<20>
                         DSP_MULTIPLIER (Prop_DSP_MULTIPLIER_A2A1[20]_U[22])
                                                      0.505     2.105 f  grp_softmax_stable_ap_fixed_ap_fixed_16_6_5_3_0_softmax_config7_s_fu_127/mul_18s_11ns_26_1_1_U71/tmp_product/DSP_MULTIPLIER_INST/U[22]
                         net (fo=1, unplaced)         0.000     2.105    grp_softmax_stable_ap_fixed_ap_fixed_16_6_5_3_0_softmax_config7_s_fu_127/mul_18s_11ns_26_1_1_U71/tmp_product/DSP_MULTIPLIER.U<22>
                         DSP_M_DATA (Prop_DSP_M_DATA_U[22]_U_DATA[22])
                                                      0.047     2.152 r  grp_softmax_stable_ap_fixed_ap_fixed_16_6_5_3_0_softmax_config7_s_fu_127/mul_18s_11ns_26_1_1_U71/tmp_product/DSP_M_DATA_INST/U_DATA[22]
                         net (fo=1, unplaced)         0.000     2.152    grp_softmax_stable_ap_fixed_ap_fixed_16_6_5_3_0_softmax_config7_s_fu_127/mul_18s_11ns_26_1_1_U71/tmp_product/DSP_M_DATA.U_DATA<22>
                         DSP_ALU (Prop_DSP_ALU_U_DATA[22]_ALU_OUT[22])
                                                      0.585     2.737 f  grp_softmax_stable_ap_fixed_ap_fixed_16_6_5_3_0_softmax_config7_s_fu_127/mul_18s_11ns_26_1_1_U71/tmp_product/DSP_ALU_INST/ALU_OUT[22]
                         net (fo=1, unplaced)         0.000     2.737    grp_softmax_stable_ap_fixed_ap_fixed_16_6_5_3_0_softmax_config7_s_fu_127/mul_18s_11ns_26_1_1_U71/tmp_product/DSP_ALU.ALU_OUT<22>
                         DSP_OUTPUT (Prop_DSP_OUTPUT_ALU_OUT[22]_P[22])
                                                      0.109     2.846 r  grp_softmax_stable_ap_fixed_ap_fixed_16_6_5_3_0_softmax_config7_s_fu_127/mul_18s_11ns_26_1_1_U71/tmp_product/DSP_OUTPUT_INST/P[22]
                         net (fo=0)                   0.000     2.846    layer7_out_1[12]
                                                                      r  layer7_out_1[12] (OUT)
  -------------------------------------------------------------------    -------------------

Slack:                    inf
  Source:                 grp_softmax_stable_ap_fixed_ap_fixed_16_6_5_3_0_softmax_config7_s_fu_127/invert_table_U/q0_reg/CLKARDCLK
                            (rising edge-triggered cell RAMB18E2 clocked by ap_clk  {rise@0.000ns fall@5.000ns period=10.000ns})
  Destination:            layer7_out_1[13]
                            (output port)
  Path Group:             (none)
  Path Type:              Max at Slow Process Corner
  Data Path Delay:        2.770ns  (logic 2.394ns (86.426%)  route 0.376ns (13.574%))
  Logic Levels:           6  (DSP_A_B_DATA=1 DSP_ALU=1 DSP_M_DATA=1 DSP_MULTIPLIER=1 DSP_OUTPUT=1 DSP_PREADD_DATA=1)
  Clock Uncertainty:      0.025ns  ((TSJ^2 + TIJ^2)^1/2 + DJ) / 2 + PE
    Total System Jitter     (TSJ):    0.050ns
    Total Input Jitter      (TIJ):    0.000ns
    Discrete Jitter          (DJ):    0.000ns
    Phase Error              (PE):    0.000ns

    Location             Delay type                Incr(ns)  Path(ns)    Netlist Resource(s)
  -------------------------------------------------------------------    -------------------
                         (clock ap_clk rise edge)     0.000     0.000 r  
                                                      0.000     0.000 r  ap_clk (IN)
                         net (fo=1807, unset)         0.076     0.076    grp_softmax_stable_ap_fixed_ap_fixed_16_6_5_3_0_softmax_config7_s_fu_127/invert_table_U/ap_clk
                         RAMB18E2                                     r  grp_softmax_stable_ap_fixed_ap_fixed_16_6_5_3_0_softmax_config7_s_fu_127/invert_table_U/q0_reg/CLKARDCLK
  -------------------------------------------------------------------    -------------------
                         RAMB18E2 (Prop_RAMB18E2_CLKARDCLK_DOUTADOUT[14])
                                                      0.880     0.956 f  grp_softmax_stable_ap_fixed_ap_fixed_16_6_5_3_0_softmax_config7_s_fu_127/invert_table_U/q0_reg/DOUTADOUT[14]
                         net (fo=39, unplaced)        0.376     1.332    grp_softmax_stable_ap_fixed_ap_fixed_16_6_5_3_0_softmax_config7_s_fu_127/mul_18s_11ns_26_1_1_U71/tmp_product/A[20]
                         DSP_A_B_DATA (Prop_DSP_A_B_DATA_A[20]_A2_DATA[20])
                                                      0.192     1.524 r  grp_softmax_stable_ap_fixed_ap_fixed_16_6_5_3_0_softmax_config7_s_fu_127/mul_18s_11ns_26_1_1_U71/tmp_product/DSP_A_B_DATA_INST/A2_DATA[20]
                         net (fo=1, unplaced)         0.000     1.524    grp_softmax_stable_ap_fixed_ap_fixed_16_6_5_3_0_softmax_config7_s_fu_127/mul_18s_11ns_26_1_1_U71/tmp_product/DSP_A_B_DATA.A2_DATA<20>
                         DSP_PREADD_DATA (Prop_DSP_PREADD_DATA_A2_DATA[20]_A2A1[20])
                                                      0.076     1.600 r  grp_softmax_stable_ap_fixed_ap_fixed_16_6_5_3_0_softmax_config7_s_fu_127/mul_18s_11ns_26_1_1_U71/tmp_product/DSP_PREADD_DATA_INST/A2A1[20]
                         net (fo=1, unplaced)         0.000     1.600    grp_softmax_stable_ap_fixed_ap_fixed_16_6_5_3_0_softmax_config7_s_fu_127/mul_18s_11ns_26_1_1_U71/tmp_product/DSP_PREADD_DATA.A2A1<20>
                         DSP_MULTIPLIER (Prop_DSP_MULTIPLIER_A2A1[20]_U[23])
                                                      0.505     2.105 f  grp_softmax_stable_ap_fixed_ap_fixed_16_6_5_3_0_softmax_config7_s_fu_127/mul_18s_11ns_26_1_1_U71/tmp_product/DSP_MULTIPLIER_INST/U[23]
                         net (fo=1, unplaced)         0.000     2.105    grp_softmax_stable_ap_fixed_ap_fixed_16_6_5_3_0_softmax_config7_s_fu_127/mul_18s_11ns_26_1_1_U71/tmp_product/DSP_MULTIPLIER.U<23>
                         DSP_M_DATA (Prop_DSP_M_DATA_U[23]_U_DATA[23])
                                                      0.047     2.152 r  grp_softmax_stable_ap_fixed_ap_fixed_16_6_5_3_0_softmax_config7_s_fu_127/mul_18s_11ns_26_1_1_U71/tmp_product/DSP_M_DATA_INST/U_DATA[23]
                         net (fo=1, unplaced)         0.000     2.152    grp_softmax_stable_ap_fixed_ap_fixed_16_6_5_3_0_softmax_config7_s_fu_127/mul_18s_11ns_26_1_1_U71/tmp_product/DSP_M_DATA.U_DATA<23>
                         DSP_ALU (Prop_DSP_ALU_U_DATA[23]_ALU_OUT[23])
                                                      0.585     2.737 f  grp_softmax_stable_ap_fixed_ap_fixed_16_6_5_3_0_softmax_config7_s_fu_127/mul_18s_11ns_26_1_1_U71/tmp_product/DSP_ALU_INST/ALU_OUT[23]
                         net (fo=1, unplaced)         0.000     2.737    grp_softmax_stable_ap_fixed_ap_fixed_16_6_5_3_0_softmax_config7_s_fu_127/mul_18s_11ns_26_1_1_U71/tmp_product/DSP_ALU.ALU_OUT<23>
                         DSP_OUTPUT (Prop_DSP_OUTPUT_ALU_OUT[23]_P[23])
                                                      0.109     2.846 r  grp_softmax_stable_ap_fixed_ap_fixed_16_6_5_3_0_softmax_config7_s_fu_127/mul_18s_11ns_26_1_1_U71/tmp_product/DSP_OUTPUT_INST/P[23]
                         net (fo=0)                   0.000     2.846    layer7_out_1[13]
                                                                      r  layer7_out_1[13] (OUT)
  -------------------------------------------------------------------    -------------------

Slack:                    inf
  Source:                 grp_softmax_stable_ap_fixed_ap_fixed_16_6_5_3_0_softmax_config7_s_fu_127/invert_table_U/q0_reg/CLKARDCLK
                            (rising edge-triggered cell RAMB18E2 clocked by ap_clk  {rise@0.000ns fall@5.000ns period=10.000ns})
  Destination:            layer7_out_1[14]
                            (output port)
  Path Group:             (none)
  Path Type:              Max at Slow Process Corner
  Data Path Delay:        2.770ns  (logic 2.394ns (86.426%)  route 0.376ns (13.574%))
  Logic Levels:           6  (DSP_A_B_DATA=1 DSP_ALU=1 DSP_M_DATA=1 DSP_MULTIPLIER=1 DSP_OUTPUT=1 DSP_PREADD_DATA=1)
  Clock Uncertainty:      0.025ns  ((TSJ^2 + TIJ^2)^1/2 + DJ) / 2 + PE
    Total System Jitter     (TSJ):    0.050ns
    Total Input Jitter      (TIJ):    0.000ns
    Discrete Jitter          (DJ):    0.000ns
    Phase Error              (PE):    0.000ns

    Location             Delay type                Incr(ns)  Path(ns)    Netlist Resource(s)
  -------------------------------------------------------------------    -------------------
                         (clock ap_clk rise edge)     0.000     0.000 r  
                                                      0.000     0.000 r  ap_clk (IN)
                         net (fo=1807, unset)         0.076     0.076    grp_softmax_stable_ap_fixed_ap_fixed_16_6_5_3_0_softmax_config7_s_fu_127/invert_table_U/ap_clk
                         RAMB18E2                                     r  grp_softmax_stable_ap_fixed_ap_fixed_16_6_5_3_0_softmax_config7_s_fu_127/invert_table_U/q0_reg/CLKARDCLK
  -------------------------------------------------------------------    -------------------
                         RAMB18E2 (Prop_RAMB18E2_CLKARDCLK_DOUTADOUT[14])
                                                      0.880     0.956 f  grp_softmax_stable_ap_fixed_ap_fixed_16_6_5_3_0_softmax_config7_s_fu_127/invert_table_U/q0_reg/DOUTADOUT[14]
                         net (fo=39, unplaced)        0.376     1.332    grp_softmax_stable_ap_fixed_ap_fixed_16_6_5_3_0_softmax_config7_s_fu_127/mul_18s_11ns_26_1_1_U71/tmp_product/A[20]
                         DSP_A_B_DATA (Prop_DSP_A_B_DATA_A[20]_A2_DATA[20])
                                                      0.192     1.524 r  grp_softmax_stable_ap_fixed_ap_fixed_16_6_5_3_0_softmax_config7_s_fu_127/mul_18s_11ns_26_1_1_U71/tmp_product/DSP_A_B_DATA_INST/A2_DATA[20]
                         net (fo=1, unplaced)         0.000     1.524    grp_softmax_stable_ap_fixed_ap_fixed_16_6_5_3_0_softmax_config7_s_fu_127/mul_18s_11ns_26_1_1_U71/tmp_product/DSP_A_B_DATA.A2_DATA<20>
                         DSP_PREADD_DATA (Prop_DSP_PREADD_DATA_A2_DATA[20]_A2A1[20])
                                                      0.076     1.600 r  grp_softmax_stable_ap_fixed_ap_fixed_16_6_5_3_0_softmax_config7_s_fu_127/mul_18s_11ns_26_1_1_U71/tmp_product/DSP_PREADD_DATA_INST/A2A1[20]
                         net (fo=1, unplaced)         0.000     1.600    grp_softmax_stable_ap_fixed_ap_fixed_16_6_5_3_0_softmax_config7_s_fu_127/mul_18s_11ns_26_1_1_U71/tmp_product/DSP_PREADD_DATA.A2A1<20>
                         DSP_MULTIPLIER (Prop_DSP_MULTIPLIER_A2A1[20]_U[24])
                                                      0.505     2.105 f  grp_softmax_stable_ap_fixed_ap_fixed_16_6_5_3_0_softmax_config7_s_fu_127/mul_18s_11ns_26_1_1_U71/tmp_product/DSP_MULTIPLIER_INST/U[24]
                         net (fo=1, unplaced)         0.000     2.105    grp_softmax_stable_ap_fixed_ap_fixed_16_6_5_3_0_softmax_config7_s_fu_127/mul_18s_11ns_26_1_1_U71/tmp_product/DSP_MULTIPLIER.U<24>
                         DSP_M_DATA (Prop_DSP_M_DATA_U[24]_U_DATA[24])
                                                      0.047     2.152 r  grp_softmax_stable_ap_fixed_ap_fixed_16_6_5_3_0_softmax_config7_s_fu_127/mul_18s_11ns_26_1_1_U71/tmp_product/DSP_M_DATA_INST/U_DATA[24]
                         net (fo=1, unplaced)         0.000     2.152    grp_softmax_stable_ap_fixed_ap_fixed_16_6_5_3_0_softmax_config7_s_fu_127/mul_18s_11ns_26_1_1_U71/tmp_product/DSP_M_DATA.U_DATA<24>
                         DSP_ALU (Prop_DSP_ALU_U_DATA[24]_ALU_OUT[24])
                                                      0.585     2.737 f  grp_softmax_stable_ap_fixed_ap_fixed_16_6_5_3_0_softmax_config7_s_fu_127/mul_18s_11ns_26_1_1_U71/tmp_product/DSP_ALU_INST/ALU_OUT[24]
                         net (fo=1, unplaced)         0.000     2.737    grp_softmax_stable_ap_fixed_ap_fixed_16_6_5_3_0_softmax_config7_s_fu_127/mul_18s_11ns_26_1_1_U71/tmp_product/DSP_ALU.ALU_OUT<24>
                         DSP_OUTPUT (Prop_DSP_OUTPUT_ALU_OUT[24]_P[24])
                                                      0.109     2.846 r  grp_softmax_stable_ap_fixed_ap_fixed_16_6_5_3_0_softmax_config7_s_fu_127/mul_18s_11ns_26_1_1_U71/tmp_product/DSP_OUTPUT_INST/P[24]
                         net (fo=0)                   0.000     2.846    layer7_out_1[14]
                                                                      r  layer7_out_1[14] (OUT)
  -------------------------------------------------------------------    -------------------

Slack:                    inf
  Source:                 grp_softmax_stable_ap_fixed_ap_fixed_16_6_5_3_0_softmax_config7_s_fu_127/invert_table_U/q0_reg/CLKARDCLK
                            (rising edge-triggered cell RAMB18E2 clocked by ap_clk  {rise@0.000ns fall@5.000ns period=10.000ns})
  Destination:            layer7_out_1[15]
                            (output port)
  Path Group:             (none)
  Path Type:              Max at Slow Process Corner
  Data Path Delay:        2.770ns  (logic 2.394ns (86.426%)  route 0.376ns (13.574%))
  Logic Levels:           6  (DSP_A_B_DATA=1 DSP_ALU=1 DSP_M_DATA=1 DSP_MULTIPLIER=1 DSP_OUTPUT=1 DSP_PREADD_DATA=1)
  Clock Uncertainty:      0.025ns  ((TSJ^2 + TIJ^2)^1/2 + DJ) / 2 + PE
    Total System Jitter     (TSJ):    0.050ns
    Total Input Jitter      (TIJ):    0.000ns
    Discrete Jitter          (DJ):    0.000ns
    Phase Error              (PE):    0.000ns

    Location             Delay type                Incr(ns)  Path(ns)    Netlist Resource(s)
  -------------------------------------------------------------------    -------------------
                         (clock ap_clk rise edge)     0.000     0.000 r  
                                                      0.000     0.000 r  ap_clk (IN)
                         net (fo=1807, unset)         0.076     0.076    grp_softmax_stable_ap_fixed_ap_fixed_16_6_5_3_0_softmax_config7_s_fu_127/invert_table_U/ap_clk
                         RAMB18E2                                     r  grp_softmax_stable_ap_fixed_ap_fixed_16_6_5_3_0_softmax_config7_s_fu_127/invert_table_U/q0_reg/CLKARDCLK
  -------------------------------------------------------------------    -------------------
                         RAMB18E2 (Prop_RAMB18E2_CLKARDCLK_DOUTADOUT[14])
                                                      0.880     0.956 f  grp_softmax_stable_ap_fixed_ap_fixed_16_6_5_3_0_softmax_config7_s_fu_127/invert_table_U/q0_reg/DOUTADOUT[14]
                         net (fo=39, unplaced)        0.376     1.332    grp_softmax_stable_ap_fixed_ap_fixed_16_6_5_3_0_softmax_config7_s_fu_127/mul_18s_11ns_26_1_1_U71/tmp_product/A[20]
                         DSP_A_B_DATA (Prop_DSP_A_B_DATA_A[20]_A2_DATA[20])
                                                      0.192     1.524 r  grp_softmax_stable_ap_fixed_ap_fixed_16_6_5_3_0_softmax_config7_s_fu_127/mul_18s_11ns_26_1_1_U71/tmp_product/DSP_A_B_DATA_INST/A2_DATA[20]
                         net (fo=1, unplaced)         0.000     1.524    grp_softmax_stable_ap_fixed_ap_fixed_16_6_5_3_0_softmax_config7_s_fu_127/mul_18s_11ns_26_1_1_U71/tmp_product/DSP_A_B_DATA.A2_DATA<20>
                         DSP_PREADD_DATA (Prop_DSP_PREADD_DATA_A2_DATA[20]_A2A1[20])
                                                      0.076     1.600 r  grp_softmax_stable_ap_fixed_ap_fixed_16_6_5_3_0_softmax_config7_s_fu_127/mul_18s_11ns_26_1_1_U71/tmp_product/DSP_PREADD_DATA_INST/A2A1[20]
                         net (fo=1, unplaced)         0.000     1.600    grp_softmax_stable_ap_fixed_ap_fixed_16_6_5_3_0_softmax_config7_s_fu_127/mul_18s_11ns_26_1_1_U71/tmp_product/DSP_PREADD_DATA.A2A1<20>
                         DSP_MULTIPLIER (Prop_DSP_MULTIPLIER_A2A1[20]_U[25])
                                                      0.505     2.105 f  grp_softmax_stable_ap_fixed_ap_fixed_16_6_5_3_0_softmax_config7_s_fu_127/mul_18s_11ns_26_1_1_U71/tmp_product/DSP_MULTIPLIER_INST/U[25]
                         net (fo=1, unplaced)         0.000     2.105    grp_softmax_stable_ap_fixed_ap_fixed_16_6_5_3_0_softmax_config7_s_fu_127/mul_18s_11ns_26_1_1_U71/tmp_product/DSP_MULTIPLIER.U<25>
                         DSP_M_DATA (Prop_DSP_M_DATA_U[25]_U_DATA[25])
                                                      0.047     2.152 r  grp_softmax_stable_ap_fixed_ap_fixed_16_6_5_3_0_softmax_config7_s_fu_127/mul_18s_11ns_26_1_1_U71/tmp_product/DSP_M_DATA_INST/U_DATA[25]
                         net (fo=1, unplaced)         0.000     2.152    grp_softmax_stable_ap_fixed_ap_fixed_16_6_5_3_0_softmax_config7_s_fu_127/mul_18s_11ns_26_1_1_U71/tmp_product/DSP_M_DATA.U_DATA<25>
                         DSP_ALU (Prop_DSP_ALU_U_DATA[25]_ALU_OUT[25])
                                                      0.585     2.737 f  grp_softmax_stable_ap_fixed_ap_fixed_16_6_5_3_0_softmax_config7_s_fu_127/mul_18s_11ns_26_1_1_U71/tmp_product/DSP_ALU_INST/ALU_OUT[25]
                         net (fo=1, unplaced)         0.000     2.737    grp_softmax_stable_ap_fixed_ap_fixed_16_6_5_3_0_softmax_config7_s_fu_127/mul_18s_11ns_26_1_1_U71/tmp_product/DSP_ALU.ALU_OUT<25>
                         DSP_OUTPUT (Prop_DSP_OUTPUT_ALU_OUT[25]_P[25])
                                                      0.109     2.846 r  grp_softmax_stable_ap_fixed_ap_fixed_16_6_5_3_0_softmax_config7_s_fu_127/mul_18s_11ns_26_1_1_U71/tmp_product/DSP_OUTPUT_INST/P[25]
                         net (fo=0)                   0.000     2.846    layer7_out_1[15]
                                                                      r  layer7_out_1[15] (OUT)
  -------------------------------------------------------------------    -------------------





--------------------------------------------------------------------------------------
Path Group:  (none)
From Clock:  
  To Clock:  ap_clk

Max Delay           718 Endpoints
Min Delay             0 Endpoints
--------------------------------------------------------------------------------------


Max Delay Paths
--------------------------------------------------------------------------------------
Slack:                    inf
  Source:                 features[31]
                            (input port)
  Destination:            layer2_out_4_reg_329_reg[15]/D
                            (rising edge-triggered cell FDRE clocked by ap_clk  {rise@0.000ns fall@5.000ns period=10.000ns})
  Path Group:             (none)
  Path Type:              Setup (Max at Slow Process Corner)
  Data Path Delay:        3.618ns  (logic 2.090ns (57.767%)  route 1.528ns (42.233%))
  Logic Levels:           14  (CARRY8=1 DSP_A_B_DATA=1 DSP_ALU=1 DSP_M_DATA=1 DSP_MULTIPLIER=1 DSP_OUTPUT=1 DSP_PREADD_DATA=1 LUT2=1 LUT3=1 LUT5=1 LUT6=4)
  Clock Path Skew:        0.021ns (DCD - SCD + CPR)
    Destination Clock Delay (DCD):    0.021ns
    Source Clock Delay      (SCD):    0.000ns
    Clock Pessimism Removal (CPR):    0.000ns
  Clock Uncertainty:      0.025ns  ((TSJ^2 + TIJ^2)^1/2 + DJ) / 2 + PE
    Total System Jitter     (TSJ):    0.050ns
    Total Input Jitter      (TIJ):    0.000ns
    Discrete Jitter          (DJ):    0.000ns
    Phase Error              (PE):    0.000ns

    Location             Delay type                Incr(ns)  Path(ns)    Netlist Resource(s)
  -------------------------------------------------------------------    -------------------
                                                      0.000     0.000 f  features[31] (IN)
                         net (fo=1, unset)            0.000     0.000    grp_dense_latency_ap_fixed_16_6_5_3_0_ap_fixed_16_6_5_3_0_config2_s_fu_73/mul_16s_12s_26_1_1_U2/features[15]
                         LUT3 (Prop_LUT3_I0_O)        0.112     0.112 f  grp_dense_latency_ap_fixed_16_6_5_3_0_ap_fixed_16_6_5_3_0_config2_s_fu_73/mul_16s_12s_26_1_1_U2/sext_ln70_29_reg_1329[15]_i_1/O
                         net (fo=2, unplaced)         0.186     0.298    grp_dense_latency_ap_fixed_16_6_5_3_0_ap_fixed_16_6_5_3_0_config2_s_fu_73/mul_16s_12s_26_1_1_U2/features[31][15]
                         LUT6 (Prop_LUT6_I0_O)        0.038     0.336 f  grp_dense_latency_ap_fixed_16_6_5_3_0_ap_fixed_16_6_5_3_0_config2_s_fu_73/mul_16s_12s_26_1_1_U2/tmp_product_i_5__0/O
                         net (fo=15, unplaced)        0.262     0.598    grp_dense_latency_ap_fixed_16_6_5_3_0_ap_fixed_16_6_5_3_0_config2_s_fu_73/mul_16s_12s_26_1_1_U2/tmp_product/A[16]
                         DSP_A_B_DATA (Prop_DSP_A_B_DATA_A[16]_A2_DATA[16])
                                                      0.192     0.790 r  grp_dense_latency_ap_fixed_16_6_5_3_0_ap_fixed_16_6_5_3_0_config2_s_fu_73/mul_16s_12s_26_1_1_U2/tmp_product/DSP_A_B_DATA_INST/A2_DATA[16]
                         net (fo=1, unplaced)         0.000     0.790    grp_dense_latency_ap_fixed_16_6_5_3_0_ap_fixed_16_6_5_3_0_config2_s_fu_73/mul_16s_12s_26_1_1_U2/tmp_product/DSP_A_B_DATA.A2_DATA<16>
                         DSP_PREADD_DATA (Prop_DSP_PREADD_DATA_A2_DATA[16]_A2A1[16])
                                                      0.076     0.866 r  grp_dense_latency_ap_fixed_16_6_5_3_0_ap_fixed_16_6_5_3_0_config2_s_fu_73/mul_16s_12s_26_1_1_U2/tmp_product/DSP_PREADD_DATA_INST/A2A1[16]
                         net (fo=1, unplaced)         0.000     0.866    grp_dense_latency_ap_fixed_16_6_5_3_0_ap_fixed_16_6_5_3_0_config2_s_fu_73/mul_16s_12s_26_1_1_U2/tmp_product/DSP_PREADD_DATA.A2A1<16>
                         DSP_MULTIPLIER (Prop_DSP_MULTIPLIER_A2A1[16]_V[16])
                                                      0.507     1.373 f  grp_dense_latency_ap_fixed_16_6_5_3_0_ap_fixed_16_6_5_3_0_config2_s_fu_73/mul_16s_12s_26_1_1_U2/tmp_product/DSP_MULTIPLIER_INST/V[16]
                         net (fo=1, unplaced)         0.000     1.373    grp_dense_latency_ap_fixed_16_6_5_3_0_ap_fixed_16_6_5_3_0_config2_s_fu_73/mul_16s_12s_26_1_1_U2/tmp_product/DSP_MULTIPLIER.V<16>
                         DSP_M_DATA (Prop_DSP_M_DATA_V[16]_V_DATA[16])
                                                      0.046     1.419 r  grp_dense_latency_ap_fixed_16_6_5_3_0_ap_fixed_16_6_5_3_0_config2_s_fu_73/mul_16s_12s_26_1_1_U2/tmp_product/DSP_M_DATA_INST/V_DATA[16]
                         net (fo=1, unplaced)         0.000     1.419    grp_dense_latency_ap_fixed_16_6_5_3_0_ap_fixed_16_6_5_3_0_config2_s_fu_73/mul_16s_12s_26_1_1_U2/tmp_product/DSP_M_DATA.V_DATA<16>
                         DSP_ALU (Prop_DSP_ALU_V_DATA[16]_ALU_OUT[16])
                                                      0.571     1.990 f  grp_dense_latency_ap_fixed_16_6_5_3_0_ap_fixed_16_6_5_3_0_config2_s_fu_73/mul_16s_12s_26_1_1_U2/tmp_product/DSP_ALU_INST/ALU_OUT[16]
                         net (fo=1, unplaced)         0.000     1.990    grp_dense_latency_ap_fixed_16_6_5_3_0_ap_fixed_16_6_5_3_0_config2_s_fu_73/mul_16s_12s_26_1_1_U2/tmp_product/DSP_ALU.ALU_OUT<16>
                         DSP_OUTPUT (Prop_DSP_OUTPUT_ALU_OUT[16]_P[16])
                                                      0.109     2.099 r  grp_dense_latency_ap_fixed_16_6_5_3_0_ap_fixed_16_6_5_3_0_config2_s_fu_73/mul_16s_12s_26_1_1_U2/tmp_product/DSP_OUTPUT_INST/P[16]
                         net (fo=7, unplaced)         0.244     2.343    grp_dense_latency_ap_fixed_16_6_5_3_0_ap_fixed_16_6_5_3_0_config2_s_fu_73/mul_16s_12s_26_1_1_U2/D[6]
                         LUT6 (Prop_LUT6_I0_O)        0.150     2.493 f  grp_dense_latency_ap_fixed_16_6_5_3_0_ap_fixed_16_6_5_3_0_config2_s_fu_73/mul_16s_12s_26_1_1_U2/layer2_out_4_reg_329[15]_i_29/O
                         net (fo=7, unplaced)         0.211     2.704    grp_dense_latency_ap_fixed_16_6_5_3_0_ap_fixed_16_6_5_3_0_config2_s_fu_73/mul_16s_12s_26_1_1_U2/layer2_out_4_reg_329[15]_i_29_n_0
                         LUT6 (Prop_LUT6_I3_O)        0.038     2.742 r  grp_dense_latency_ap_fixed_16_6_5_3_0_ap_fixed_16_6_5_3_0_config2_s_fu_73/mul_16s_12s_26_1_1_U2/layer2_out_4_reg_329[15]_i_35/O
                         net (fo=4, unplaced)         0.198     2.940    grp_dense_latency_ap_fixed_16_6_5_3_0_ap_fixed_16_6_5_3_0_config2_s_fu_73/mul_16s_12s_26_1_1_U2/layer2_out_4_reg_329[15]_i_35_n_0
                         LUT2 (Prop_LUT2_I1_O)        0.038     2.978 f  grp_dense_latency_ap_fixed_16_6_5_3_0_ap_fixed_16_6_5_3_0_config2_s_fu_73/mul_16s_12s_26_1_1_U2/layer2_out_4_reg_329[15]_i_18/O
                         net (fo=2, unplaced)         0.186     3.164    grp_dense_latency_ap_fixed_16_6_5_3_0_ap_fixed_16_6_5_3_0_config2_s_fu_73/mul_16s_12s_26_1_1_U2/layer2_out_4_reg_329[15]_i_18_n_0
                         LUT5 (Prop_LUT5_I3_O)        0.038     3.202 r  grp_dense_latency_ap_fixed_16_6_5_3_0_ap_fixed_16_6_5_3_0_config2_s_fu_73/mul_16s_12s_26_1_1_U2/layer2_out_4_reg_329[15]_i_3/O
                         net (fo=2, unplaced)         0.186     3.388    grp_dense_latency_ap_fixed_16_6_5_3_0_ap_fixed_16_6_5_3_0_config2_s_fu_73/mul_16s_12s_26_1_1_U2/layer2_out_4_reg_329[15]_i_3_n_0
                         LUT6 (Prop_LUT6_I0_O)        0.037     3.425 r  grp_dense_latency_ap_fixed_16_6_5_3_0_ap_fixed_16_6_5_3_0_config2_s_fu_73/mul_16s_12s_26_1_1_U2/layer2_out_4_reg_329[15]_i_11/O
                         net (fo=1, unplaced)         0.029     3.454    grp_dense_latency_ap_fixed_16_6_5_3_0_ap_fixed_16_6_5_3_0_config2_s_fu_73/mul_16s_12s_26_1_1_U2/layer2_out_4_reg_329[15]_i_11_n_0
                         CARRY8 (Prop_CARRY8_S[5]_O[7])
                                                      0.138     3.592 r  grp_dense_latency_ap_fixed_16_6_5_3_0_ap_fixed_16_6_5_3_0_config2_s_fu_73/mul_16s_12s_26_1_1_U2/layer2_out_4_reg_329_reg[15]_i_1/O[7]
                         net (fo=1, unplaced)         0.026     3.618    grp_dense_latency_ap_fixed_16_6_5_3_0_ap_fixed_16_6_5_3_0_config2_s_fu_73_ap_return_4[15]
                         FDRE                                         r  layer2_out_4_reg_329_reg[15]/D
  -------------------------------------------------------------------    -------------------

                         (clock ap_clk rise edge)     0.000     0.000 r  
                                                      0.000     0.000 r  ap_clk (IN)
                         net (fo=1807, unset)         0.021     0.021    ap_clk
                         FDRE                                         r  layer2_out_4_reg_329_reg[15]/C

Slack:                    inf
  Source:                 features[31]
                            (input port)
  Destination:            layer2_out_4_reg_329_reg[14]/D
                            (rising edge-triggered cell FDRE clocked by ap_clk  {rise@0.000ns fall@5.000ns period=10.000ns})
  Path Group:             (none)
  Path Type:              Setup (Max at Slow Process Corner)
  Data Path Delay:        3.611ns  (logic 2.083ns (57.685%)  route 1.528ns (42.315%))
  Logic Levels:           14  (CARRY8=1 DSP_A_B_DATA=1 DSP_ALU=1 DSP_M_DATA=1 DSP_MULTIPLIER=1 DSP_OUTPUT=1 DSP_PREADD_DATA=1 LUT2=1 LUT3=1 LUT5=1 LUT6=4)
  Clock Path Skew:        0.021ns (DCD - SCD + CPR)
    Destination Clock Delay (DCD):    0.021ns
    Source Clock Delay      (SCD):    0.000ns
    Clock Pessimism Removal (CPR):    0.000ns
  Clock Uncertainty:      0.025ns  ((TSJ^2 + TIJ^2)^1/2 + DJ) / 2 + PE
    Total System Jitter     (TSJ):    0.050ns
    Total Input Jitter      (TIJ):    0.000ns
    Discrete Jitter          (DJ):    0.000ns
    Phase Error              (PE):    0.000ns

    Location             Delay type                Incr(ns)  Path(ns)    Netlist Resource(s)
  -------------------------------------------------------------------    -------------------
                                                      0.000     0.000 f  features[31] (IN)
                         net (fo=1, unset)            0.000     0.000    grp_dense_latency_ap_fixed_16_6_5_3_0_ap_fixed_16_6_5_3_0_config2_s_fu_73/mul_16s_12s_26_1_1_U2/features[15]
                         LUT3 (Prop_LUT3_I0_O)        0.112     0.112 f  grp_dense_latency_ap_fixed_16_6_5_3_0_ap_fixed_16_6_5_3_0_config2_s_fu_73/mul_16s_12s_26_1_1_U2/sext_ln70_29_reg_1329[15]_i_1/O
                         net (fo=2, unplaced)         0.186     0.298    grp_dense_latency_ap_fixed_16_6_5_3_0_ap_fixed_16_6_5_3_0_config2_s_fu_73/mul_16s_12s_26_1_1_U2/features[31][15]
                         LUT6 (Prop_LUT6_I0_O)        0.038     0.336 f  grp_dense_latency_ap_fixed_16_6_5_3_0_ap_fixed_16_6_5_3_0_config2_s_fu_73/mul_16s_12s_26_1_1_U2/tmp_product_i_5__0/O
                         net (fo=15, unplaced)        0.262     0.598    grp_dense_latency_ap_fixed_16_6_5_3_0_ap_fixed_16_6_5_3_0_config2_s_fu_73/mul_16s_12s_26_1_1_U2/tmp_product/A[16]
                         DSP_A_B_DATA (Prop_DSP_A_B_DATA_A[16]_A2_DATA[16])
                                                      0.192     0.790 r  grp_dense_latency_ap_fixed_16_6_5_3_0_ap_fixed_16_6_5_3_0_config2_s_fu_73/mul_16s_12s_26_1_1_U2/tmp_product/DSP_A_B_DATA_INST/A2_DATA[16]
                         net (fo=1, unplaced)         0.000     0.790    grp_dense_latency_ap_fixed_16_6_5_3_0_ap_fixed_16_6_5_3_0_config2_s_fu_73/mul_16s_12s_26_1_1_U2/tmp_product/DSP_A_B_DATA.A2_DATA<16>
                         DSP_PREADD_DATA (Prop_DSP_PREADD_DATA_A2_DATA[16]_A2A1[16])
                                                      0.076     0.866 r  grp_dense_latency_ap_fixed_16_6_5_3_0_ap_fixed_16_6_5_3_0_config2_s_fu_73/mul_16s_12s_26_1_1_U2/tmp_product/DSP_PREADD_DATA_INST/A2A1[16]
                         net (fo=1, unplaced)         0.000     0.866    grp_dense_latency_ap_fixed_16_6_5_3_0_ap_fixed_16_6_5_3_0_config2_s_fu_73/mul_16s_12s_26_1_1_U2/tmp_product/DSP_PREADD_DATA.A2A1<16>
                         DSP_MULTIPLIER (Prop_DSP_MULTIPLIER_A2A1[16]_V[16])
                                                      0.507     1.373 f  grp_dense_latency_ap_fixed_16_6_5_3_0_ap_fixed_16_6_5_3_0_config2_s_fu_73/mul_16s_12s_26_1_1_U2/tmp_product/DSP_MULTIPLIER_INST/V[16]
                         net (fo=1, unplaced)         0.000     1.373    grp_dense_latency_ap_fixed_16_6_5_3_0_ap_fixed_16_6_5_3_0_config2_s_fu_73/mul_16s_12s_26_1_1_U2/tmp_product/DSP_MULTIPLIER.V<16>
                         DSP_M_DATA (Prop_DSP_M_DATA_V[16]_V_DATA[16])
                                                      0.046     1.419 r  grp_dense_latency_ap_fixed_16_6_5_3_0_ap_fixed_16_6_5_3_0_config2_s_fu_73/mul_16s_12s_26_1_1_U2/tmp_product/DSP_M_DATA_INST/V_DATA[16]
                         net (fo=1, unplaced)         0.000     1.419    grp_dense_latency_ap_fixed_16_6_5_3_0_ap_fixed_16_6_5_3_0_config2_s_fu_73/mul_16s_12s_26_1_1_U2/tmp_product/DSP_M_DATA.V_DATA<16>
                         DSP_ALU (Prop_DSP_ALU_V_DATA[16]_ALU_OUT[16])
                                                      0.571     1.990 f  grp_dense_latency_ap_fixed_16_6_5_3_0_ap_fixed_16_6_5_3_0_config2_s_fu_73/mul_16s_12s_26_1_1_U2/tmp_product/DSP_ALU_INST/ALU_OUT[16]
                         net (fo=1, unplaced)         0.000     1.990    grp_dense_latency_ap_fixed_16_6_5_3_0_ap_fixed_16_6_5_3_0_config2_s_fu_73/mul_16s_12s_26_1_1_U2/tmp_product/DSP_ALU.ALU_OUT<16>
                         DSP_OUTPUT (Prop_DSP_OUTPUT_ALU_OUT[16]_P[16])
                                                      0.109     2.099 r  grp_dense_latency_ap_fixed_16_6_5_3_0_ap_fixed_16_6_5_3_0_config2_s_fu_73/mul_16s_12s_26_1_1_U2/tmp_product/DSP_OUTPUT_INST/P[16]
                         net (fo=7, unplaced)         0.244     2.343    grp_dense_latency_ap_fixed_16_6_5_3_0_ap_fixed_16_6_5_3_0_config2_s_fu_73/mul_16s_12s_26_1_1_U2/D[6]
                         LUT6 (Prop_LUT6_I0_O)        0.150     2.493 f  grp_dense_latency_ap_fixed_16_6_5_3_0_ap_fixed_16_6_5_3_0_config2_s_fu_73/mul_16s_12s_26_1_1_U2/layer2_out_4_reg_329[15]_i_29/O
                         net (fo=7, unplaced)         0.211     2.704    grp_dense_latency_ap_fixed_16_6_5_3_0_ap_fixed_16_6_5_3_0_config2_s_fu_73/mul_16s_12s_26_1_1_U2/layer2_out_4_reg_329[15]_i_29_n_0
                         LUT6 (Prop_LUT6_I3_O)        0.038     2.742 r  grp_dense_latency_ap_fixed_16_6_5_3_0_ap_fixed_16_6_5_3_0_config2_s_fu_73/mul_16s_12s_26_1_1_U2/layer2_out_4_reg_329[15]_i_35/O
                         net (fo=4, unplaced)         0.198     2.940    grp_dense_latency_ap_fixed_16_6_5_3_0_ap_fixed_16_6_5_3_0_config2_s_fu_73/mul_16s_12s_26_1_1_U2/layer2_out_4_reg_329[15]_i_35_n_0
                         LUT2 (Prop_LUT2_I1_O)        0.038     2.978 f  grp_dense_latency_ap_fixed_16_6_5_3_0_ap_fixed_16_6_5_3_0_config2_s_fu_73/mul_16s_12s_26_1_1_U2/layer2_out_4_reg_329[15]_i_18/O
                         net (fo=2, unplaced)         0.186     3.164    grp_dense_latency_ap_fixed_16_6_5_3_0_ap_fixed_16_6_5_3_0_config2_s_fu_73/mul_16s_12s_26_1_1_U2/layer2_out_4_reg_329[15]_i_18_n_0
                         LUT5 (Prop_LUT5_I3_O)        0.038     3.202 r  grp_dense_latency_ap_fixed_16_6_5_3_0_ap_fixed_16_6_5_3_0_config2_s_fu_73/mul_16s_12s_26_1_1_U2/layer2_out_4_reg_329[15]_i_3/O
                         net (fo=2, unplaced)         0.186     3.388    grp_dense_latency_ap_fixed_16_6_5_3_0_ap_fixed_16_6_5_3_0_config2_s_fu_73/mul_16s_12s_26_1_1_U2/layer2_out_4_reg_329[15]_i_3_n_0
                         LUT6 (Prop_LUT6_I0_O)        0.037     3.425 r  grp_dense_latency_ap_fixed_16_6_5_3_0_ap_fixed_16_6_5_3_0_config2_s_fu_73/mul_16s_12s_26_1_1_U2/layer2_out_4_reg_329[15]_i_11/O
                         net (fo=1, unplaced)         0.029     3.454    grp_dense_latency_ap_fixed_16_6_5_3_0_ap_fixed_16_6_5_3_0_config2_s_fu_73/mul_16s_12s_26_1_1_U2/layer2_out_4_reg_329[15]_i_11_n_0
                         CARRY8 (Prop_CARRY8_S[5]_O[6])
                                                      0.131     3.585 r  grp_dense_latency_ap_fixed_16_6_5_3_0_ap_fixed_16_6_5_3_0_config2_s_fu_73/mul_16s_12s_26_1_1_U2/layer2_out_4_reg_329_reg[15]_i_1/O[6]
                         net (fo=1, unplaced)         0.026     3.611    grp_dense_latency_ap_fixed_16_6_5_3_0_ap_fixed_16_6_5_3_0_config2_s_fu_73_ap_return_4[14]
                         FDRE                                         r  layer2_out_4_reg_329_reg[14]/D
  -------------------------------------------------------------------    -------------------

                         (clock ap_clk rise edge)     0.000     0.000 r  
                                                      0.000     0.000 r  ap_clk (IN)
                         net (fo=1807, unset)         0.021     0.021    ap_clk
                         FDRE                                         r  layer2_out_4_reg_329_reg[14]/C

Slack:                    inf
  Source:                 features[31]
                            (input port)
  Destination:            layer2_out_4_reg_329_reg[13]/D
                            (rising edge-triggered cell FDRE clocked by ap_clk  {rise@0.000ns fall@5.000ns period=10.000ns})
  Path Group:             (none)
  Path Type:              Setup (Max at Slow Process Corner)
  Data Path Delay:        3.537ns  (logic 2.010ns (56.828%)  route 1.527ns (43.172%))
  Logic Levels:           14  (CARRY8=1 DSP_A_B_DATA=1 DSP_ALU=1 DSP_M_DATA=1 DSP_MULTIPLIER=1 DSP_OUTPUT=1 DSP_PREADD_DATA=1 LUT2=1 LUT3=1 LUT5=1 LUT6=4)
  Clock Path Skew:        0.021ns (DCD - SCD + CPR)
    Destination Clock Delay (DCD):    0.021ns
    Source Clock Delay      (SCD):    0.000ns
    Clock Pessimism Removal (CPR):    0.000ns
  Clock Uncertainty:      0.025ns  ((TSJ^2 + TIJ^2)^1/2 + DJ) / 2 + PE
    Total System Jitter     (TSJ):    0.050ns
    Total Input Jitter      (TIJ):    0.000ns
    Discrete Jitter          (DJ):    0.000ns
    Phase Error              (PE):    0.000ns

    Location             Delay type                Incr(ns)  Path(ns)    Netlist Resource(s)
  -------------------------------------------------------------------    -------------------
                                                      0.000     0.000 f  features[31] (IN)
                         net (fo=1, unset)            0.000     0.000    grp_dense_latency_ap_fixed_16_6_5_3_0_ap_fixed_16_6_5_3_0_config2_s_fu_73/mul_16s_12s_26_1_1_U2/features[15]
                         LUT3 (Prop_LUT3_I0_O)        0.112     0.112 f  grp_dense_latency_ap_fixed_16_6_5_3_0_ap_fixed_16_6_5_3_0_config2_s_fu_73/mul_16s_12s_26_1_1_U2/sext_ln70_29_reg_1329[15]_i_1/O
                         net (fo=2, unplaced)         0.186     0.298    grp_dense_latency_ap_fixed_16_6_5_3_0_ap_fixed_16_6_5_3_0_config2_s_fu_73/mul_16s_12s_26_1_1_U2/features[31][15]
                         LUT6 (Prop_LUT6_I0_O)        0.038     0.336 f  grp_dense_latency_ap_fixed_16_6_5_3_0_ap_fixed_16_6_5_3_0_config2_s_fu_73/mul_16s_12s_26_1_1_U2/tmp_product_i_5__0/O
                         net (fo=15, unplaced)        0.262     0.598    grp_dense_latency_ap_fixed_16_6_5_3_0_ap_fixed_16_6_5_3_0_config2_s_fu_73/mul_16s_12s_26_1_1_U2/tmp_product/A[16]
                         DSP_A_B_DATA (Prop_DSP_A_B_DATA_A[16]_A2_DATA[16])
                                                      0.192     0.790 r  grp_dense_latency_ap_fixed_16_6_5_3_0_ap_fixed_16_6_5_3_0_config2_s_fu_73/mul_16s_12s_26_1_1_U2/tmp_product/DSP_A_B_DATA_INST/A2_DATA[16]
                         net (fo=1, unplaced)         0.000     0.790    grp_dense_latency_ap_fixed_16_6_5_3_0_ap_fixed_16_6_5_3_0_config2_s_fu_73/mul_16s_12s_26_1_1_U2/tmp_product/DSP_A_B_DATA.A2_DATA<16>
                         DSP_PREADD_DATA (Prop_DSP_PREADD_DATA_A2_DATA[16]_A2A1[16])
                                                      0.076     0.866 r  grp_dense_latency_ap_fixed_16_6_5_3_0_ap_fixed_16_6_5_3_0_config2_s_fu_73/mul_16s_12s_26_1_1_U2/tmp_product/DSP_PREADD_DATA_INST/A2A1[16]
                         net (fo=1, unplaced)         0.000     0.866    grp_dense_latency_ap_fixed_16_6_5_3_0_ap_fixed_16_6_5_3_0_config2_s_fu_73/mul_16s_12s_26_1_1_U2/tmp_product/DSP_PREADD_DATA.A2A1<16>
                         DSP_MULTIPLIER (Prop_DSP_MULTIPLIER_A2A1[16]_V[16])
                                                      0.507     1.373 f  grp_dense_latency_ap_fixed_16_6_5_3_0_ap_fixed_16_6_5_3_0_config2_s_fu_73/mul_16s_12s_26_1_1_U2/tmp_product/DSP_MULTIPLIER_INST/V[16]
                         net (fo=1, unplaced)         0.000     1.373    grp_dense_latency_ap_fixed_16_6_5_3_0_ap_fixed_16_6_5_3_0_config2_s_fu_73/mul_16s_12s_26_1_1_U2/tmp_product/DSP_MULTIPLIER.V<16>
                         DSP_M_DATA (Prop_DSP_M_DATA_V[16]_V_DATA[16])
                                                      0.046     1.419 r  grp_dense_latency_ap_fixed_16_6_5_3_0_ap_fixed_16_6_5_3_0_config2_s_fu_73/mul_16s_12s_26_1_1_U2/tmp_product/DSP_M_DATA_INST/V_DATA[16]
                         net (fo=1, unplaced)         0.000     1.419    grp_dense_latency_ap_fixed_16_6_5_3_0_ap_fixed_16_6_5_3_0_config2_s_fu_73/mul_16s_12s_26_1_1_U2/tmp_product/DSP_M_DATA.V_DATA<16>
                         DSP_ALU (Prop_DSP_ALU_V_DATA[16]_ALU_OUT[16])
                                                      0.571     1.990 f  grp_dense_latency_ap_fixed_16_6_5_3_0_ap_fixed_16_6_5_3_0_config2_s_fu_73/mul_16s_12s_26_1_1_U2/tmp_product/DSP_ALU_INST/ALU_OUT[16]
                         net (fo=1, unplaced)         0.000     1.990    grp_dense_latency_ap_fixed_16_6_5_3_0_ap_fixed_16_6_5_3_0_config2_s_fu_73/mul_16s_12s_26_1_1_U2/tmp_product/DSP_ALU.ALU_OUT<16>
                         DSP_OUTPUT (Prop_DSP_OUTPUT_ALU_OUT[16]_P[16])
                                                      0.109     2.099 r  grp_dense_latency_ap_fixed_16_6_5_3_0_ap_fixed_16_6_5_3_0_config2_s_fu_73/mul_16s_12s_26_1_1_U2/tmp_product/DSP_OUTPUT_INST/P[16]
                         net (fo=7, unplaced)         0.244     2.343    grp_dense_latency_ap_fixed_16_6_5_3_0_ap_fixed_16_6_5_3_0_config2_s_fu_73/mul_16s_12s_26_1_1_U2/D[6]
                         LUT6 (Prop_LUT6_I0_O)        0.150     2.493 f  grp_dense_latency_ap_fixed_16_6_5_3_0_ap_fixed_16_6_5_3_0_config2_s_fu_73/mul_16s_12s_26_1_1_U2/layer2_out_4_reg_329[15]_i_29/O
                         net (fo=7, unplaced)         0.211     2.704    grp_dense_latency_ap_fixed_16_6_5_3_0_ap_fixed_16_6_5_3_0_config2_s_fu_73/mul_16s_12s_26_1_1_U2/layer2_out_4_reg_329[15]_i_29_n_0
                         LUT6 (Prop_LUT6_I3_O)        0.038     2.742 r  grp_dense_latency_ap_fixed_16_6_5_3_0_ap_fixed_16_6_5_3_0_config2_s_fu_73/mul_16s_12s_26_1_1_U2/layer2_out_4_reg_329[15]_i_35/O
                         net (fo=4, unplaced)         0.198     2.940    grp_dense_latency_ap_fixed_16_6_5_3_0_ap_fixed_16_6_5_3_0_config2_s_fu_73/mul_16s_12s_26_1_1_U2/layer2_out_4_reg_329[15]_i_35_n_0
                         LUT2 (Prop_LUT2_I1_O)        0.038     2.978 f  grp_dense_latency_ap_fixed_16_6_5_3_0_ap_fixed_16_6_5_3_0_config2_s_fu_73/mul_16s_12s_26_1_1_U2/layer2_out_4_reg_329[15]_i_18/O
                         net (fo=2, unplaced)         0.186     3.164    grp_dense_latency_ap_fixed_16_6_5_3_0_ap_fixed_16_6_5_3_0_config2_s_fu_73/mul_16s_12s_26_1_1_U2/layer2_out_4_reg_329[15]_i_18_n_0
                         LUT5 (Prop_LUT5_I3_O)        0.038     3.202 r  grp_dense_latency_ap_fixed_16_6_5_3_0_ap_fixed_16_6_5_3_0_config2_s_fu_73/mul_16s_12s_26_1_1_U2/layer2_out_4_reg_329[15]_i_3/O
                         net (fo=2, unplaced)         0.186     3.388    grp_dense_latency_ap_fixed_16_6_5_3_0_ap_fixed_16_6_5_3_0_config2_s_fu_73/mul_16s_12s_26_1_1_U2/layer2_out_4_reg_329[15]_i_3_n_0
                         LUT6 (Prop_LUT6_I0_O)        0.037     3.425 r  grp_dense_latency_ap_fixed_16_6_5_3_0_ap_fixed_16_6_5_3_0_config2_s_fu_73/mul_16s_12s_26_1_1_U2/layer2_out_4_reg_329[15]_i_11/O
                         net (fo=1, unplaced)         0.029     3.454    grp_dense_latency_ap_fixed_16_6_5_3_0_ap_fixed_16_6_5_3_0_config2_s_fu_73/mul_16s_12s_26_1_1_U2/layer2_out_4_reg_329[15]_i_11_n_0
                         CARRY8 (Prop_CARRY8_S[5]_O[5])
                                                      0.058     3.512 r  grp_dense_latency_ap_fixed_16_6_5_3_0_ap_fixed_16_6_5_3_0_config2_s_fu_73/mul_16s_12s_26_1_1_U2/layer2_out_4_reg_329_reg[15]_i_1/O[5]
                         net (fo=1, unplaced)         0.025     3.537    grp_dense_latency_ap_fixed_16_6_5_3_0_ap_fixed_16_6_5_3_0_config2_s_fu_73_ap_return_4[13]
                         FDRE                                         r  layer2_out_4_reg_329_reg[13]/D
  -------------------------------------------------------------------    -------------------

                         (clock ap_clk rise edge)     0.000     0.000 r  
                                                      0.000     0.000 r  ap_clk (IN)
                         net (fo=1807, unset)         0.021     0.021    ap_clk
                         FDRE                                         r  layer2_out_4_reg_329_reg[13]/C

Slack:                    inf
  Source:                 features[15]
                            (input port)
  Destination:            layer2_out_5_reg_334_reg[15]/D
                            (rising edge-triggered cell FDRE clocked by ap_clk  {rise@0.000ns fall@5.000ns period=10.000ns})
  Path Group:             (none)
  Path Type:              Setup (Max at Slow Process Corner)
  Data Path Delay:        3.490ns  (logic 2.158ns (61.834%)  route 1.332ns (38.166%))
  Logic Levels:           13  (CARRY8=1 DSP_A_B_DATA=1 DSP_ALU=1 DSP_M_DATA=1 DSP_MULTIPLIER=1 DSP_OUTPUT=1 DSP_PREADD_DATA=1 LUT3=2 LUT5=2 LUT6=2)
  Clock Path Skew:        0.021ns (DCD - SCD + CPR)
    Destination Clock Delay (DCD):    0.021ns
    Source Clock Delay      (SCD):    0.000ns
    Clock Pessimism Removal (CPR):    0.000ns
  Clock Uncertainty:      0.025ns  ((TSJ^2 + TIJ^2)^1/2 + DJ) / 2 + PE
    Total System Jitter     (TSJ):    0.050ns
    Total Input Jitter      (TIJ):    0.000ns
    Discrete Jitter          (DJ):    0.000ns
    Phase Error              (PE):    0.000ns

    Location             Delay type                Incr(ns)  Path(ns)    Netlist Resource(s)
  -------------------------------------------------------------------    -------------------
                                                      0.000     0.000 f  features[15] (IN)
                         net (fo=5, unset)            0.000     0.000    grp_dense_latency_ap_fixed_16_6_5_3_0_ap_fixed_16_6_5_3_0_config2_s_fu_73/mul_16s_11s_26_1_1_U1/features[15]
                         LUT3 (Prop_LUT3_I0_O)        0.090     0.090 f  grp_dense_latency_ap_fixed_16_6_5_3_0_ap_fixed_16_6_5_3_0_config2_s_fu_73/mul_16s_11s_26_1_1_U1/tmp_product_i_22__7/O
                         net (fo=2, unplaced)         0.186     0.276    grp_dense_latency_ap_fixed_16_6_5_3_0_ap_fixed_16_6_5_3_0_config2_s_fu_73/mul_16s_11s_26_1_1_U1/features_in_sig[15]
                         LUT5 (Prop_LUT5_I4_O)        0.038     0.314 f  grp_dense_latency_ap_fixed_16_6_5_3_0_ap_fixed_16_6_5_3_0_config2_s_fu_73/mul_16s_11s_26_1_1_U1/tmp_product_i_1__3/O
                         net (fo=16, unplaced)        0.230     0.544    grp_dense_latency_ap_fixed_16_6_5_3_0_ap_fixed_16_6_5_3_0_config2_s_fu_73/mul_16s_12s_26_1_1_U7/tmp_product_2[0]
                         LUT3 (Prop_LUT3_I2_O)        0.038     0.582 f  grp_dense_latency_ap_fixed_16_6_5_3_0_ap_fixed_16_6_5_3_0_config2_s_fu_73/mul_16s_12s_26_1_1_U7/tmp_product_i_6__1/O
                         net (fo=45, unplaced)        0.287     0.869    grp_dense_latency_ap_fixed_16_6_5_3_0_ap_fixed_16_6_5_3_0_config2_s_fu_73/mul_16s_11ns_26_1_1_U8/tmp_product/A[16]
                         DSP_A_B_DATA (Prop_DSP_A_B_DATA_A[16]_A2_DATA[16])
                                                      0.192     1.061 r  grp_dense_latency_ap_fixed_16_6_5_3_0_ap_fixed_16_6_5_3_0_config2_s_fu_73/mul_16s_11ns_26_1_1_U8/tmp_product/DSP_A_B_DATA_INST/A2_DATA[16]
                         net (fo=1, unplaced)         0.000     1.061    grp_dense_latency_ap_fixed_16_6_5_3_0_ap_fixed_16_6_5_3_0_config2_s_fu_73/mul_16s_11ns_26_1_1_U8/tmp_product/DSP_A_B_DATA.A2_DATA<16>
                         DSP_PREADD_DATA (Prop_DSP_PREADD_DATA_A2_DATA[16]_A2A1[16])
                                                      0.076     1.137 r  grp_dense_latency_ap_fixed_16_6_5_3_0_ap_fixed_16_6_5_3_0_config2_s_fu_73/mul_16s_11ns_26_1_1_U8/tmp_product/DSP_PREADD_DATA_INST/A2A1[16]
                         net (fo=1, unplaced)         0.000     1.137    grp_dense_latency_ap_fixed_16_6_5_3_0_ap_fixed_16_6_5_3_0_config2_s_fu_73/mul_16s_11ns_26_1_1_U8/tmp_product/DSP_PREADD_DATA.A2A1<16>
                         DSP_MULTIPLIER (Prop_DSP_MULTIPLIER_A2A1[16]_U[17])
                                                      0.505     1.642 f  grp_dense_latency_ap_fixed_16_6_5_3_0_ap_fixed_16_6_5_3_0_config2_s_fu_73/mul_16s_11ns_26_1_1_U8/tmp_product/DSP_MULTIPLIER_INST/U[17]
                         net (fo=1, unplaced)         0.000     1.642    grp_dense_latency_ap_fixed_16_6_5_3_0_ap_fixed_16_6_5_3_0_config2_s_fu_73/mul_16s_11ns_26_1_1_U8/tmp_product/DSP_MULTIPLIER.U<17>
                         DSP_M_DATA (Prop_DSP_M_DATA_U[17]_U_DATA[17])
                                                      0.047     1.689 r  grp_dense_latency_ap_fixed_16_6_5_3_0_ap_fixed_16_6_5_3_0_config2_s_fu_73/mul_16s_11ns_26_1_1_U8/tmp_product/DSP_M_DATA_INST/U_DATA[17]
                         net (fo=1, unplaced)         0.000     1.689    grp_dense_latency_ap_fixed_16_6_5_3_0_ap_fixed_16_6_5_3_0_config2_s_fu_73/mul_16s_11ns_26_1_1_U8/tmp_product/DSP_M_DATA.U_DATA<17>
                         DSP_ALU (Prop_DSP_ALU_U_DATA[17]_ALU_OUT[17])
                                                      0.585     2.274 f  grp_dense_latency_ap_fixed_16_6_5_3_0_ap_fixed_16_6_5_3_0_config2_s_fu_73/mul_16s_11ns_26_1_1_U8/tmp_product/DSP_ALU_INST/ALU_OUT[17]
                         net (fo=1, unplaced)         0.000     2.274    grp_dense_latency_ap_fixed_16_6_5_3_0_ap_fixed_16_6_5_3_0_config2_s_fu_73/mul_16s_11ns_26_1_1_U8/tmp_product/DSP_ALU.ALU_OUT<17>
                         DSP_OUTPUT (Prop_DSP_OUTPUT_ALU_OUT[17]_P[17])
                                                      0.109     2.383 r  grp_dense_latency_ap_fixed_16_6_5_3_0_ap_fixed_16_6_5_3_0_config2_s_fu_73/mul_16s_11ns_26_1_1_U8/tmp_product/DSP_OUTPUT_INST/P[17]
                         net (fo=10, unplaced)        0.257     2.640    grp_dense_latency_ap_fixed_16_6_5_3_0_ap_fixed_16_6_5_3_0_config2_s_fu_73/mul_16s_11ns_26_1_1_U8/D[7]
                         LUT6 (Prop_LUT6_I0_O)        0.150     2.790 r  grp_dense_latency_ap_fixed_16_6_5_3_0_ap_fixed_16_6_5_3_0_config2_s_fu_73/mul_16s_11ns_26_1_1_U8/layer2_out_5_reg_334[15]_i_27/O
                         net (fo=2, unplaced)         0.137     2.927    grp_dense_latency_ap_fixed_16_6_5_3_0_ap_fixed_16_6_5_3_0_config2_s_fu_73/mul_16s_11ns_26_1_1_U8/layer2_out_5_reg_334[15]_i_27_n_0
                         LUT5 (Prop_LUT5_I0_O)        0.053     2.980 r  grp_dense_latency_ap_fixed_16_6_5_3_0_ap_fixed_16_6_5_3_0_config2_s_fu_73/mul_16s_11ns_26_1_1_U8/layer2_out_5_reg_334[15]_i_7/O
                         net (fo=2, unplaced)         0.186     3.166    grp_dense_latency_ap_fixed_16_6_5_3_0_ap_fixed_16_6_5_3_0_config2_s_fu_73/mul_16s_11ns_26_1_1_U8/layer2_out_5_reg_334[15]_i_7_n_0
                         LUT6 (Prop_LUT6_I0_O)        0.037     3.203 r  grp_dense_latency_ap_fixed_16_6_5_3_0_ap_fixed_16_6_5_3_0_config2_s_fu_73/mul_16s_11ns_26_1_1_U8/layer2_out_5_reg_334[15]_i_15/O
                         net (fo=1, unplaced)         0.023     3.226    grp_dense_latency_ap_fixed_16_6_5_3_0_ap_fixed_16_6_5_3_0_config2_s_fu_73/mul_16s_11ns_26_1_1_U8/layer2_out_5_reg_334[15]_i_15_n_0
                         CARRY8 (Prop_CARRY8_S[1]_O[7])
                                                      0.238     3.464 r  grp_dense_latency_ap_fixed_16_6_5_3_0_ap_fixed_16_6_5_3_0_config2_s_fu_73/mul_16s_11ns_26_1_1_U8/layer2_out_5_reg_334_reg[15]_i_1/O[7]
                         net (fo=1, unplaced)         0.026     3.490    grp_dense_latency_ap_fixed_16_6_5_3_0_ap_fixed_16_6_5_3_0_config2_s_fu_73_ap_return_5[15]
                         FDRE                                         r  layer2_out_5_reg_334_reg[15]/D
  -------------------------------------------------------------------    -------------------

                         (clock ap_clk rise edge)     0.000     0.000 r  
                                                      0.000     0.000 r  ap_clk (IN)
                         net (fo=1807, unset)         0.021     0.021    ap_clk
                         FDRE                                         r  layer2_out_5_reg_334_reg[15]/C

Slack:                    inf
  Source:                 features[15]
                            (input port)
  Destination:            layer2_out_5_reg_334_reg[13]/D
                            (rising edge-triggered cell FDRE clocked by ap_clk  {rise@0.000ns fall@5.000ns period=10.000ns})
  Path Group:             (none)
  Path Type:              Setup (Max at Slow Process Corner)
  Data Path Delay:        3.488ns  (logic 2.157ns (61.841%)  route 1.331ns (38.159%))
  Logic Levels:           13  (CARRY8=1 DSP_A_B_DATA=1 DSP_ALU=1 DSP_M_DATA=1 DSP_MULTIPLIER=1 DSP_OUTPUT=1 DSP_PREADD_DATA=1 LUT3=2 LUT5=2 LUT6=2)
  Clock Path Skew:        0.021ns (DCD - SCD + CPR)
    Destination Clock Delay (DCD):    0.021ns
    Source Clock Delay      (SCD):    0.000ns
    Clock Pessimism Removal (CPR):    0.000ns
  Clock Uncertainty:      0.025ns  ((TSJ^2 + TIJ^2)^1/2 + DJ) / 2 + PE
    Total System Jitter     (TSJ):    0.050ns
    Total Input Jitter      (TIJ):    0.000ns
    Discrete Jitter          (DJ):    0.000ns
    Phase Error              (PE):    0.000ns

    Location             Delay type                Incr(ns)  Path(ns)    Netlist Resource(s)
  -------------------------------------------------------------------    -------------------
                                                      0.000     0.000 f  features[15] (IN)
                         net (fo=5, unset)            0.000     0.000    grp_dense_latency_ap_fixed_16_6_5_3_0_ap_fixed_16_6_5_3_0_config2_s_fu_73/mul_16s_11s_26_1_1_U1/features[15]
                         LUT3 (Prop_LUT3_I0_O)        0.090     0.090 f  grp_dense_latency_ap_fixed_16_6_5_3_0_ap_fixed_16_6_5_3_0_config2_s_fu_73/mul_16s_11s_26_1_1_U1/tmp_product_i_22__7/O
                         net (fo=2, unplaced)         0.186     0.276    grp_dense_latency_ap_fixed_16_6_5_3_0_ap_fixed_16_6_5_3_0_config2_s_fu_73/mul_16s_11s_26_1_1_U1/features_in_sig[15]
                         LUT5 (Prop_LUT5_I4_O)        0.038     0.314 f  grp_dense_latency_ap_fixed_16_6_5_3_0_ap_fixed_16_6_5_3_0_config2_s_fu_73/mul_16s_11s_26_1_1_U1/tmp_product_i_1__3/O
                         net (fo=16, unplaced)        0.230     0.544    grp_dense_latency_ap_fixed_16_6_5_3_0_ap_fixed_16_6_5_3_0_config2_s_fu_73/mul_16s_12s_26_1_1_U7/tmp_product_2[0]
                         LUT3 (Prop_LUT3_I2_O)        0.038     0.582 f  grp_dense_latency_ap_fixed_16_6_5_3_0_ap_fixed_16_6_5_3_0_config2_s_fu_73/mul_16s_12s_26_1_1_U7/tmp_product_i_6__1/O
                         net (fo=45, unplaced)        0.287     0.869    grp_dense_latency_ap_fixed_16_6_5_3_0_ap_fixed_16_6_5_3_0_config2_s_fu_73/mul_16s_11ns_26_1_1_U8/tmp_product/A[16]
                         DSP_A_B_DATA (Prop_DSP_A_B_DATA_A[16]_A2_DATA[16])
                                                      0.192     1.061 r  grp_dense_latency_ap_fixed_16_6_5_3_0_ap_fixed_16_6_5_3_0_config2_s_fu_73/mul_16s_11ns_26_1_1_U8/tmp_product/DSP_A_B_DATA_INST/A2_DATA[16]
                         net (fo=1, unplaced)         0.000     1.061    grp_dense_latency_ap_fixed_16_6_5_3_0_ap_fixed_16_6_5_3_0_config2_s_fu_73/mul_16s_11ns_26_1_1_U8/tmp_product/DSP_A_B_DATA.A2_DATA<16>
                         DSP_PREADD_DATA (Prop_DSP_PREADD_DATA_A2_DATA[16]_A2A1[16])
                                                      0.076     1.137 r  grp_dense_latency_ap_fixed_16_6_5_3_0_ap_fixed_16_6_5_3_0_config2_s_fu_73/mul_16s_11ns_26_1_1_U8/tmp_product/DSP_PREADD_DATA_INST/A2A1[16]
                         net (fo=1, unplaced)         0.000     1.137    grp_dense_latency_ap_fixed_16_6_5_3_0_ap_fixed_16_6_5_3_0_config2_s_fu_73/mul_16s_11ns_26_1_1_U8/tmp_product/DSP_PREADD_DATA.A2A1<16>
                         DSP_MULTIPLIER (Prop_DSP_MULTIPLIER_A2A1[16]_U[17])
                                                      0.505     1.642 f  grp_dense_latency_ap_fixed_16_6_5_3_0_ap_fixed_16_6_5_3_0_config2_s_fu_73/mul_16s_11ns_26_1_1_U8/tmp_product/DSP_MULTIPLIER_INST/U[17]
                         net (fo=1, unplaced)         0.000     1.642    grp_dense_latency_ap_fixed_16_6_5_3_0_ap_fixed_16_6_5_3_0_config2_s_fu_73/mul_16s_11ns_26_1_1_U8/tmp_product/DSP_MULTIPLIER.U<17>
                         DSP_M_DATA (Prop_DSP_M_DATA_U[17]_U_DATA[17])
                                                      0.047     1.689 r  grp_dense_latency_ap_fixed_16_6_5_3_0_ap_fixed_16_6_5_3_0_config2_s_fu_73/mul_16s_11ns_26_1_1_U8/tmp_product/DSP_M_DATA_INST/U_DATA[17]
                         net (fo=1, unplaced)         0.000     1.689    grp_dense_latency_ap_fixed_16_6_5_3_0_ap_fixed_16_6_5_3_0_config2_s_fu_73/mul_16s_11ns_26_1_1_U8/tmp_product/DSP_M_DATA.U_DATA<17>
                         DSP_ALU (Prop_DSP_ALU_U_DATA[17]_ALU_OUT[17])
                                                      0.585     2.274 f  grp_dense_latency_ap_fixed_16_6_5_3_0_ap_fixed_16_6_5_3_0_config2_s_fu_73/mul_16s_11ns_26_1_1_U8/tmp_product/DSP_ALU_INST/ALU_OUT[17]
                         net (fo=1, unplaced)         0.000     2.274    grp_dense_latency_ap_fixed_16_6_5_3_0_ap_fixed_16_6_5_3_0_config2_s_fu_73/mul_16s_11ns_26_1_1_U8/tmp_product/DSP_ALU.ALU_OUT<17>
                         DSP_OUTPUT (Prop_DSP_OUTPUT_ALU_OUT[17]_P[17])
                                                      0.109     2.383 r  grp_dense_latency_ap_fixed_16_6_5_3_0_ap_fixed_16_6_5_3_0_config2_s_fu_73/mul_16s_11ns_26_1_1_U8/tmp_product/DSP_OUTPUT_INST/P[17]
                         net (fo=10, unplaced)        0.257     2.640    grp_dense_latency_ap_fixed_16_6_5_3_0_ap_fixed_16_6_5_3_0_config2_s_fu_73/mul_16s_11ns_26_1_1_U8/D[7]
                         LUT6 (Prop_LUT6_I0_O)        0.150     2.790 r  grp_dense_latency_ap_fixed_16_6_5_3_0_ap_fixed_16_6_5_3_0_config2_s_fu_73/mul_16s_11ns_26_1_1_U8/layer2_out_5_reg_334[15]_i_27/O
                         net (fo=2, unplaced)         0.137     2.927    grp_dense_latency_ap_fixed_16_6_5_3_0_ap_fixed_16_6_5_3_0_config2_s_fu_73/mul_16s_11ns_26_1_1_U8/layer2_out_5_reg_334[15]_i_27_n_0
                         LUT5 (Prop_LUT5_I0_O)        0.053     2.980 r  grp_dense_latency_ap_fixed_16_6_5_3_0_ap_fixed_16_6_5_3_0_config2_s_fu_73/mul_16s_11ns_26_1_1_U8/layer2_out_5_reg_334[15]_i_7/O
                         net (fo=2, unplaced)         0.186     3.166    grp_dense_latency_ap_fixed_16_6_5_3_0_ap_fixed_16_6_5_3_0_config2_s_fu_73/mul_16s_11ns_26_1_1_U8/layer2_out_5_reg_334[15]_i_7_n_0
                         LUT6 (Prop_LUT6_I0_O)        0.037     3.203 r  grp_dense_latency_ap_fixed_16_6_5_3_0_ap_fixed_16_6_5_3_0_config2_s_fu_73/mul_16s_11ns_26_1_1_U8/layer2_out_5_reg_334[15]_i_15/O
                         net (fo=1, unplaced)         0.023     3.226    grp_dense_latency_ap_fixed_16_6_5_3_0_ap_fixed_16_6_5_3_0_config2_s_fu_73/mul_16s_11ns_26_1_1_U8/layer2_out_5_reg_334[15]_i_15_n_0
                         CARRY8 (Prop_CARRY8_S[1]_O[5])
                                                      0.237     3.463 r  grp_dense_latency_ap_fixed_16_6_5_3_0_ap_fixed_16_6_5_3_0_config2_s_fu_73/mul_16s_11ns_26_1_1_U8/layer2_out_5_reg_334_reg[15]_i_1/O[5]
                         net (fo=1, unplaced)         0.025     3.488    grp_dense_latency_ap_fixed_16_6_5_3_0_ap_fixed_16_6_5_3_0_config2_s_fu_73_ap_return_5[13]
                         FDRE                                         r  layer2_out_5_reg_334_reg[13]/D
  -------------------------------------------------------------------    -------------------

                         (clock ap_clk rise edge)     0.000     0.000 r  
                                                      0.000     0.000 r  ap_clk (IN)
                         net (fo=1807, unset)         0.021     0.021    ap_clk
                         FDRE                                         r  layer2_out_5_reg_334_reg[13]/C

Slack:                    inf
  Source:                 features[15]
                            (input port)
  Destination:            layer2_out_5_reg_334_reg[14]/D
                            (rising edge-triggered cell FDRE clocked by ap_clk  {rise@0.000ns fall@5.000ns period=10.000ns})
  Path Group:             (none)
  Path Type:              Setup (Max at Slow Process Corner)
  Data Path Delay:        3.476ns  (logic 2.144ns (61.680%)  route 1.332ns (38.320%))
  Logic Levels:           13  (CARRY8=1 DSP_A_B_DATA=1 DSP_ALU=1 DSP_M_DATA=1 DSP_MULTIPLIER=1 DSP_OUTPUT=1 DSP_PREADD_DATA=1 LUT3=2 LUT5=2 LUT6=2)
  Clock Path Skew:        0.021ns (DCD - SCD + CPR)
    Destination Clock Delay (DCD):    0.021ns
    Source Clock Delay      (SCD):    0.000ns
    Clock Pessimism Removal (CPR):    0.000ns
  Clock Uncertainty:      0.025ns  ((TSJ^2 + TIJ^2)^1/2 + DJ) / 2 + PE
    Total System Jitter     (TSJ):    0.050ns
    Total Input Jitter      (TIJ):    0.000ns
    Discrete Jitter          (DJ):    0.000ns
    Phase Error              (PE):    0.000ns

    Location             Delay type                Incr(ns)  Path(ns)    Netlist Resource(s)
  -------------------------------------------------------------------    -------------------
                                                      0.000     0.000 f  features[15] (IN)
                         net (fo=5, unset)            0.000     0.000    grp_dense_latency_ap_fixed_16_6_5_3_0_ap_fixed_16_6_5_3_0_config2_s_fu_73/mul_16s_11s_26_1_1_U1/features[15]
                         LUT3 (Prop_LUT3_I0_O)        0.090     0.090 f  grp_dense_latency_ap_fixed_16_6_5_3_0_ap_fixed_16_6_5_3_0_config2_s_fu_73/mul_16s_11s_26_1_1_U1/tmp_product_i_22__7/O
                         net (fo=2, unplaced)         0.186     0.276    grp_dense_latency_ap_fixed_16_6_5_3_0_ap_fixed_16_6_5_3_0_config2_s_fu_73/mul_16s_11s_26_1_1_U1/features_in_sig[15]
                         LUT5 (Prop_LUT5_I4_O)        0.038     0.314 f  grp_dense_latency_ap_fixed_16_6_5_3_0_ap_fixed_16_6_5_3_0_config2_s_fu_73/mul_16s_11s_26_1_1_U1/tmp_product_i_1__3/O
                         net (fo=16, unplaced)        0.230     0.544    grp_dense_latency_ap_fixed_16_6_5_3_0_ap_fixed_16_6_5_3_0_config2_s_fu_73/mul_16s_12s_26_1_1_U7/tmp_product_2[0]
                         LUT3 (Prop_LUT3_I2_O)        0.038     0.582 f  grp_dense_latency_ap_fixed_16_6_5_3_0_ap_fixed_16_6_5_3_0_config2_s_fu_73/mul_16s_12s_26_1_1_U7/tmp_product_i_6__1/O
                         net (fo=45, unplaced)        0.287     0.869    grp_dense_latency_ap_fixed_16_6_5_3_0_ap_fixed_16_6_5_3_0_config2_s_fu_73/mul_16s_11ns_26_1_1_U8/tmp_product/A[16]
                         DSP_A_B_DATA (Prop_DSP_A_B_DATA_A[16]_A2_DATA[16])
                                                      0.192     1.061 r  grp_dense_latency_ap_fixed_16_6_5_3_0_ap_fixed_16_6_5_3_0_config2_s_fu_73/mul_16s_11ns_26_1_1_U8/tmp_product/DSP_A_B_DATA_INST/A2_DATA[16]
                         net (fo=1, unplaced)         0.000     1.061    grp_dense_latency_ap_fixed_16_6_5_3_0_ap_fixed_16_6_5_3_0_config2_s_fu_73/mul_16s_11ns_26_1_1_U8/tmp_product/DSP_A_B_DATA.A2_DATA<16>
                         DSP_PREADD_DATA (Prop_DSP_PREADD_DATA_A2_DATA[16]_A2A1[16])
                                                      0.076     1.137 r  grp_dense_latency_ap_fixed_16_6_5_3_0_ap_fixed_16_6_5_3_0_config2_s_fu_73/mul_16s_11ns_26_1_1_U8/tmp_product/DSP_PREADD_DATA_INST/A2A1[16]
                         net (fo=1, unplaced)         0.000     1.137    grp_dense_latency_ap_fixed_16_6_5_3_0_ap_fixed_16_6_5_3_0_config2_s_fu_73/mul_16s_11ns_26_1_1_U8/tmp_product/DSP_PREADD_DATA.A2A1<16>
                         DSP_MULTIPLIER (Prop_DSP_MULTIPLIER_A2A1[16]_U[17])
                                                      0.505     1.642 f  grp_dense_latency_ap_fixed_16_6_5_3_0_ap_fixed_16_6_5_3_0_config2_s_fu_73/mul_16s_11ns_26_1_1_U8/tmp_product/DSP_MULTIPLIER_INST/U[17]
                         net (fo=1, unplaced)         0.000     1.642    grp_dense_latency_ap_fixed_16_6_5_3_0_ap_fixed_16_6_5_3_0_config2_s_fu_73/mul_16s_11ns_26_1_1_U8/tmp_product/DSP_MULTIPLIER.U<17>
                         DSP_M_DATA (Prop_DSP_M_DATA_U[17]_U_DATA[17])
                                                      0.047     1.689 r  grp_dense_latency_ap_fixed_16_6_5_3_0_ap_fixed_16_6_5_3_0_config2_s_fu_73/mul_16s_11ns_26_1_1_U8/tmp_product/DSP_M_DATA_INST/U_DATA[17]
                         net (fo=1, unplaced)         0.000     1.689    grp_dense_latency_ap_fixed_16_6_5_3_0_ap_fixed_16_6_5_3_0_config2_s_fu_73/mul_16s_11ns_26_1_1_U8/tmp_product/DSP_M_DATA.U_DATA<17>
                         DSP_ALU (Prop_DSP_ALU_U_DATA[17]_ALU_OUT[17])
                                                      0.585     2.274 f  grp_dense_latency_ap_fixed_16_6_5_3_0_ap_fixed_16_6_5_3_0_config2_s_fu_73/mul_16s_11ns_26_1_1_U8/tmp_product/DSP_ALU_INST/ALU_OUT[17]
                         net (fo=1, unplaced)         0.000     2.274    grp_dense_latency_ap_fixed_16_6_5_3_0_ap_fixed_16_6_5_3_0_config2_s_fu_73/mul_16s_11ns_26_1_1_U8/tmp_product/DSP_ALU.ALU_OUT<17>
                         DSP_OUTPUT (Prop_DSP_OUTPUT_ALU_OUT[17]_P[17])
                                                      0.109     2.383 r  grp_dense_latency_ap_fixed_16_6_5_3_0_ap_fixed_16_6_5_3_0_config2_s_fu_73/mul_16s_11ns_26_1_1_U8/tmp_product/DSP_OUTPUT_INST/P[17]
                         net (fo=10, unplaced)        0.257     2.640    grp_dense_latency_ap_fixed_16_6_5_3_0_ap_fixed_16_6_5_3_0_config2_s_fu_73/mul_16s_11ns_26_1_1_U8/D[7]
                         LUT6 (Prop_LUT6_I0_O)        0.150     2.790 r  grp_dense_latency_ap_fixed_16_6_5_3_0_ap_fixed_16_6_5_3_0_config2_s_fu_73/mul_16s_11ns_26_1_1_U8/layer2_out_5_reg_334[15]_i_27/O
                         net (fo=2, unplaced)         0.137     2.927    grp_dense_latency_ap_fixed_16_6_5_3_0_ap_fixed_16_6_5_3_0_config2_s_fu_73/mul_16s_11ns_26_1_1_U8/layer2_out_5_reg_334[15]_i_27_n_0
                         LUT5 (Prop_LUT5_I0_O)        0.053     2.980 r  grp_dense_latency_ap_fixed_16_6_5_3_0_ap_fixed_16_6_5_3_0_config2_s_fu_73/mul_16s_11ns_26_1_1_U8/layer2_out_5_reg_334[15]_i_7/O
                         net (fo=2, unplaced)         0.186     3.166    grp_dense_latency_ap_fixed_16_6_5_3_0_ap_fixed_16_6_5_3_0_config2_s_fu_73/mul_16s_11ns_26_1_1_U8/layer2_out_5_reg_334[15]_i_7_n_0
                         LUT6 (Prop_LUT6_I0_O)        0.037     3.203 r  grp_dense_latency_ap_fixed_16_6_5_3_0_ap_fixed_16_6_5_3_0_config2_s_fu_73/mul_16s_11ns_26_1_1_U8/layer2_out_5_reg_334[15]_i_15/O
                         net (fo=1, unplaced)         0.023     3.226    grp_dense_latency_ap_fixed_16_6_5_3_0_ap_fixed_16_6_5_3_0_config2_s_fu_73/mul_16s_11ns_26_1_1_U8/layer2_out_5_reg_334[15]_i_15_n_0
                         CARRY8 (Prop_CARRY8_S[1]_O[6])
                                                      0.224     3.450 r  grp_dense_latency_ap_fixed_16_6_5_3_0_ap_fixed_16_6_5_3_0_config2_s_fu_73/mul_16s_11ns_26_1_1_U8/layer2_out_5_reg_334_reg[15]_i_1/O[6]
                         net (fo=1, unplaced)         0.026     3.476    grp_dense_latency_ap_fixed_16_6_5_3_0_ap_fixed_16_6_5_3_0_config2_s_fu_73_ap_return_5[14]
                         FDRE                                         r  layer2_out_5_reg_334_reg[14]/D
  -------------------------------------------------------------------    -------------------

                         (clock ap_clk rise edge)     0.000     0.000 r  
                                                      0.000     0.000 r  ap_clk (IN)
                         net (fo=1807, unset)         0.021     0.021    ap_clk
                         FDRE                                         r  layer2_out_5_reg_334_reg[14]/C

Slack:                    inf
  Source:                 features[15]
                            (input port)
  Destination:            layer2_out_5_reg_334_reg[12]/D
                            (rising edge-triggered cell FDRE clocked by ap_clk  {rise@0.000ns fall@5.000ns period=10.000ns})
  Path Group:             (none)
  Path Type:              Setup (Max at Slow Process Corner)
  Data Path Delay:        3.455ns  (logic 2.124ns (61.476%)  route 1.331ns (38.524%))
  Logic Levels:           13  (CARRY8=1 DSP_A_B_DATA=1 DSP_ALU=1 DSP_M_DATA=1 DSP_MULTIPLIER=1 DSP_OUTPUT=1 DSP_PREADD_DATA=1 LUT3=2 LUT5=2 LUT6=2)
  Clock Path Skew:        0.021ns (DCD - SCD + CPR)
    Destination Clock Delay (DCD):    0.021ns
    Source Clock Delay      (SCD):    0.000ns
    Clock Pessimism Removal (CPR):    0.000ns
  Clock Uncertainty:      0.025ns  ((TSJ^2 + TIJ^2)^1/2 + DJ) / 2 + PE
    Total System Jitter     (TSJ):    0.050ns
    Total Input Jitter      (TIJ):    0.000ns
    Discrete Jitter          (DJ):    0.000ns
    Phase Error              (PE):    0.000ns

    Location             Delay type                Incr(ns)  Path(ns)    Netlist Resource(s)
  -------------------------------------------------------------------    -------------------
                                                      0.000     0.000 f  features[15] (IN)
                         net (fo=5, unset)            0.000     0.000    grp_dense_latency_ap_fixed_16_6_5_3_0_ap_fixed_16_6_5_3_0_config2_s_fu_73/mul_16s_11s_26_1_1_U1/features[15]
                         LUT3 (Prop_LUT3_I0_O)        0.090     0.090 f  grp_dense_latency_ap_fixed_16_6_5_3_0_ap_fixed_16_6_5_3_0_config2_s_fu_73/mul_16s_11s_26_1_1_U1/tmp_product_i_22__7/O
                         net (fo=2, unplaced)         0.186     0.276    grp_dense_latency_ap_fixed_16_6_5_3_0_ap_fixed_16_6_5_3_0_config2_s_fu_73/mul_16s_11s_26_1_1_U1/features_in_sig[15]
                         LUT5 (Prop_LUT5_I4_O)        0.038     0.314 f  grp_dense_latency_ap_fixed_16_6_5_3_0_ap_fixed_16_6_5_3_0_config2_s_fu_73/mul_16s_11s_26_1_1_U1/tmp_product_i_1__3/O
                         net (fo=16, unplaced)        0.230     0.544    grp_dense_latency_ap_fixed_16_6_5_3_0_ap_fixed_16_6_5_3_0_config2_s_fu_73/mul_16s_12s_26_1_1_U7/tmp_product_2[0]
                         LUT3 (Prop_LUT3_I2_O)        0.038     0.582 f  grp_dense_latency_ap_fixed_16_6_5_3_0_ap_fixed_16_6_5_3_0_config2_s_fu_73/mul_16s_12s_26_1_1_U7/tmp_product_i_6__1/O
                         net (fo=45, unplaced)        0.287     0.869    grp_dense_latency_ap_fixed_16_6_5_3_0_ap_fixed_16_6_5_3_0_config2_s_fu_73/mul_16s_11ns_26_1_1_U8/tmp_product/A[16]
                         DSP_A_B_DATA (Prop_DSP_A_B_DATA_A[16]_A2_DATA[16])
                                                      0.192     1.061 r  grp_dense_latency_ap_fixed_16_6_5_3_0_ap_fixed_16_6_5_3_0_config2_s_fu_73/mul_16s_11ns_26_1_1_U8/tmp_product/DSP_A_B_DATA_INST/A2_DATA[16]
                         net (fo=1, unplaced)         0.000     1.061    grp_dense_latency_ap_fixed_16_6_5_3_0_ap_fixed_16_6_5_3_0_config2_s_fu_73/mul_16s_11ns_26_1_1_U8/tmp_product/DSP_A_B_DATA.A2_DATA<16>
                         DSP_PREADD_DATA (Prop_DSP_PREADD_DATA_A2_DATA[16]_A2A1[16])
                                                      0.076     1.137 r  grp_dense_latency_ap_fixed_16_6_5_3_0_ap_fixed_16_6_5_3_0_config2_s_fu_73/mul_16s_11ns_26_1_1_U8/tmp_product/DSP_PREADD_DATA_INST/A2A1[16]
                         net (fo=1, unplaced)         0.000     1.137    grp_dense_latency_ap_fixed_16_6_5_3_0_ap_fixed_16_6_5_3_0_config2_s_fu_73/mul_16s_11ns_26_1_1_U8/tmp_product/DSP_PREADD_DATA.A2A1<16>
                         DSP_MULTIPLIER (Prop_DSP_MULTIPLIER_A2A1[16]_U[17])
                                                      0.505     1.642 f  grp_dense_latency_ap_fixed_16_6_5_3_0_ap_fixed_16_6_5_3_0_config2_s_fu_73/mul_16s_11ns_26_1_1_U8/tmp_product/DSP_MULTIPLIER_INST/U[17]
                         net (fo=1, unplaced)         0.000     1.642    grp_dense_latency_ap_fixed_16_6_5_3_0_ap_fixed_16_6_5_3_0_config2_s_fu_73/mul_16s_11ns_26_1_1_U8/tmp_product/DSP_MULTIPLIER.U<17>
                         DSP_M_DATA (Prop_DSP_M_DATA_U[17]_U_DATA[17])
                                                      0.047     1.689 r  grp_dense_latency_ap_fixed_16_6_5_3_0_ap_fixed_16_6_5_3_0_config2_s_fu_73/mul_16s_11ns_26_1_1_U8/tmp_product/DSP_M_DATA_INST/U_DATA[17]
                         net (fo=1, unplaced)         0.000     1.689    grp_dense_latency_ap_fixed_16_6_5_3_0_ap_fixed_16_6_5_3_0_config2_s_fu_73/mul_16s_11ns_26_1_1_U8/tmp_product/DSP_M_DATA.U_DATA<17>
                         DSP_ALU (Prop_DSP_ALU_U_DATA[17]_ALU_OUT[17])
                                                      0.585     2.274 f  grp_dense_latency_ap_fixed_16_6_5_3_0_ap_fixed_16_6_5_3_0_config2_s_fu_73/mul_16s_11ns_26_1_1_U8/tmp_product/DSP_ALU_INST/ALU_OUT[17]
                         net (fo=1, unplaced)         0.000     2.274    grp_dense_latency_ap_fixed_16_6_5_3_0_ap_fixed_16_6_5_3_0_config2_s_fu_73/mul_16s_11ns_26_1_1_U8/tmp_product/DSP_ALU.ALU_OUT<17>
                         DSP_OUTPUT (Prop_DSP_OUTPUT_ALU_OUT[17]_P[17])
                                                      0.109     2.383 r  grp_dense_latency_ap_fixed_16_6_5_3_0_ap_fixed_16_6_5_3_0_config2_s_fu_73/mul_16s_11ns_26_1_1_U8/tmp_product/DSP_OUTPUT_INST/P[17]
                         net (fo=10, unplaced)        0.257     2.640    grp_dense_latency_ap_fixed_16_6_5_3_0_ap_fixed_16_6_5_3_0_config2_s_fu_73/mul_16s_11ns_26_1_1_U8/D[7]
                         LUT6 (Prop_LUT6_I0_O)        0.150     2.790 r  grp_dense_latency_ap_fixed_16_6_5_3_0_ap_fixed_16_6_5_3_0_config2_s_fu_73/mul_16s_11ns_26_1_1_U8/layer2_out_5_reg_334[15]_i_27/O
                         net (fo=2, unplaced)         0.137     2.927    grp_dense_latency_ap_fixed_16_6_5_3_0_ap_fixed_16_6_5_3_0_config2_s_fu_73/mul_16s_11ns_26_1_1_U8/layer2_out_5_reg_334[15]_i_27_n_0
                         LUT5 (Prop_LUT5_I0_O)        0.053     2.980 r  grp_dense_latency_ap_fixed_16_6_5_3_0_ap_fixed_16_6_5_3_0_config2_s_fu_73/mul_16s_11ns_26_1_1_U8/layer2_out_5_reg_334[15]_i_7/O
                         net (fo=2, unplaced)         0.186     3.166    grp_dense_latency_ap_fixed_16_6_5_3_0_ap_fixed_16_6_5_3_0_config2_s_fu_73/mul_16s_11ns_26_1_1_U8/layer2_out_5_reg_334[15]_i_7_n_0
                         LUT6 (Prop_LUT6_I0_O)        0.037     3.203 r  grp_dense_latency_ap_fixed_16_6_5_3_0_ap_fixed_16_6_5_3_0_config2_s_fu_73/mul_16s_11ns_26_1_1_U8/layer2_out_5_reg_334[15]_i_15/O
                         net (fo=1, unplaced)         0.023     3.226    grp_dense_latency_ap_fixed_16_6_5_3_0_ap_fixed_16_6_5_3_0_config2_s_fu_73/mul_16s_11ns_26_1_1_U8/layer2_out_5_reg_334[15]_i_15_n_0
                         CARRY8 (Prop_CARRY8_S[1]_O[4])
                                                      0.204     3.430 r  grp_dense_latency_ap_fixed_16_6_5_3_0_ap_fixed_16_6_5_3_0_config2_s_fu_73/mul_16s_11ns_26_1_1_U8/layer2_out_5_reg_334_reg[15]_i_1/O[4]
                         net (fo=1, unplaced)         0.025     3.455    grp_dense_latency_ap_fixed_16_6_5_3_0_ap_fixed_16_6_5_3_0_config2_s_fu_73_ap_return_5[12]
                         FDRE                                         r  layer2_out_5_reg_334_reg[12]/D
  -------------------------------------------------------------------    -------------------

                         (clock ap_clk rise edge)     0.000     0.000 r  
                                                      0.000     0.000 r  ap_clk (IN)
                         net (fo=1807, unset)         0.021     0.021    ap_clk
                         FDRE                                         r  layer2_out_5_reg_334_reg[12]/C

Slack:                    inf
  Source:                 features[31]
                            (input port)
  Destination:            layer2_out_4_reg_329_reg[12]/D
                            (rising edge-triggered cell FDRE clocked by ap_clk  {rise@0.000ns fall@5.000ns period=10.000ns})
  Path Group:             (none)
  Path Type:              Setup (Max at Slow Process Corner)
  Data Path Delay:        3.441ns  (logic 2.113ns (61.407%)  route 1.328ns (38.593%))
  Logic Levels:           13  (CARRY8=1 DSP_A_B_DATA=1 DSP_ALU=1 DSP_M_DATA=1 DSP_MULTIPLIER=1 DSP_OUTPUT=1 DSP_PREADD_DATA=1 LUT3=1 LUT4=1 LUT5=1 LUT6=3)
  Clock Path Skew:        0.021ns (DCD - SCD + CPR)
    Destination Clock Delay (DCD):    0.021ns
    Source Clock Delay      (SCD):    0.000ns
    Clock Pessimism Removal (CPR):    0.000ns
  Clock Uncertainty:      0.025ns  ((TSJ^2 + TIJ^2)^1/2 + DJ) / 2 + PE
    Total System Jitter     (TSJ):    0.050ns
    Total Input Jitter      (TIJ):    0.000ns
    Discrete Jitter          (DJ):    0.000ns
    Phase Error              (PE):    0.000ns

    Location             Delay type                Incr(ns)  Path(ns)    Netlist Resource(s)
  -------------------------------------------------------------------    -------------------
                                                      0.000     0.000 f  features[31] (IN)
                         net (fo=1, unset)            0.000     0.000    grp_dense_latency_ap_fixed_16_6_5_3_0_ap_fixed_16_6_5_3_0_config2_s_fu_73/mul_16s_12s_26_1_1_U2/features[15]
                         LUT3 (Prop_LUT3_I0_O)        0.112     0.112 f  grp_dense_latency_ap_fixed_16_6_5_3_0_ap_fixed_16_6_5_3_0_config2_s_fu_73/mul_16s_12s_26_1_1_U2/sext_ln70_29_reg_1329[15]_i_1/O
                         net (fo=2, unplaced)         0.186     0.298    grp_dense_latency_ap_fixed_16_6_5_3_0_ap_fixed_16_6_5_3_0_config2_s_fu_73/mul_16s_12s_26_1_1_U2/features[31][15]
                         LUT6 (Prop_LUT6_I0_O)        0.038     0.336 f  grp_dense_latency_ap_fixed_16_6_5_3_0_ap_fixed_16_6_5_3_0_config2_s_fu_73/mul_16s_12s_26_1_1_U2/tmp_product_i_5__0/O
                         net (fo=15, unplaced)        0.262     0.598    grp_dense_latency_ap_fixed_16_6_5_3_0_ap_fixed_16_6_5_3_0_config2_s_fu_73/mul_16s_12s_26_1_1_U2/tmp_product/A[16]
                         DSP_A_B_DATA (Prop_DSP_A_B_DATA_A[16]_A2_DATA[16])
                                                      0.192     0.790 r  grp_dense_latency_ap_fixed_16_6_5_3_0_ap_fixed_16_6_5_3_0_config2_s_fu_73/mul_16s_12s_26_1_1_U2/tmp_product/DSP_A_B_DATA_INST/A2_DATA[16]
                         net (fo=1, unplaced)         0.000     0.790    grp_dense_latency_ap_fixed_16_6_5_3_0_ap_fixed_16_6_5_3_0_config2_s_fu_73/mul_16s_12s_26_1_1_U2/tmp_product/DSP_A_B_DATA.A2_DATA<16>
                         DSP_PREADD_DATA (Prop_DSP_PREADD_DATA_A2_DATA[16]_A2A1[16])
                                                      0.076     0.866 r  grp_dense_latency_ap_fixed_16_6_5_3_0_ap_fixed_16_6_5_3_0_config2_s_fu_73/mul_16s_12s_26_1_1_U2/tmp_product/DSP_PREADD_DATA_INST/A2A1[16]
                         net (fo=1, unplaced)         0.000     0.866    grp_dense_latency_ap_fixed_16_6_5_3_0_ap_fixed_16_6_5_3_0_config2_s_fu_73/mul_16s_12s_26_1_1_U2/tmp_product/DSP_PREADD_DATA.A2A1<16>
                         DSP_MULTIPLIER (Prop_DSP_MULTIPLIER_A2A1[16]_V[16])
                                                      0.507     1.373 f  grp_dense_latency_ap_fixed_16_6_5_3_0_ap_fixed_16_6_5_3_0_config2_s_fu_73/mul_16s_12s_26_1_1_U2/tmp_product/DSP_MULTIPLIER_INST/V[16]
                         net (fo=1, unplaced)         0.000     1.373    grp_dense_latency_ap_fixed_16_6_5_3_0_ap_fixed_16_6_5_3_0_config2_s_fu_73/mul_16s_12s_26_1_1_U2/tmp_product/DSP_MULTIPLIER.V<16>
                         DSP_M_DATA (Prop_DSP_M_DATA_V[16]_V_DATA[16])
                                                      0.046     1.419 r  grp_dense_latency_ap_fixed_16_6_5_3_0_ap_fixed_16_6_5_3_0_config2_s_fu_73/mul_16s_12s_26_1_1_U2/tmp_product/DSP_M_DATA_INST/V_DATA[16]
                         net (fo=1, unplaced)         0.000     1.419    grp_dense_latency_ap_fixed_16_6_5_3_0_ap_fixed_16_6_5_3_0_config2_s_fu_73/mul_16s_12s_26_1_1_U2/tmp_product/DSP_M_DATA.V_DATA<16>
                         DSP_ALU (Prop_DSP_ALU_V_DATA[16]_ALU_OUT[16])
                                                      0.571     1.990 r  grp_dense_latency_ap_fixed_16_6_5_3_0_ap_fixed_16_6_5_3_0_config2_s_fu_73/mul_16s_12s_26_1_1_U2/tmp_product/DSP_ALU_INST/ALU_OUT[16]
                         net (fo=1, unplaced)         0.000     1.990    grp_dense_latency_ap_fixed_16_6_5_3_0_ap_fixed_16_6_5_3_0_config2_s_fu_73/mul_16s_12s_26_1_1_U2/tmp_product/DSP_ALU.ALU_OUT<16>
                         DSP_OUTPUT (Prop_DSP_OUTPUT_ALU_OUT[16]_P[16])
                                                      0.109     2.099 f  grp_dense_latency_ap_fixed_16_6_5_3_0_ap_fixed_16_6_5_3_0_config2_s_fu_73/mul_16s_12s_26_1_1_U2/tmp_product/DSP_OUTPUT_INST/P[16]
                         net (fo=7, unplaced)         0.244     2.343    grp_dense_latency_ap_fixed_16_6_5_3_0_ap_fixed_16_6_5_3_0_config2_s_fu_73/mul_16s_12s_26_1_1_U2/D[6]
                         LUT6 (Prop_LUT6_I0_O)        0.150     2.493 r  grp_dense_latency_ap_fixed_16_6_5_3_0_ap_fixed_16_6_5_3_0_config2_s_fu_73/mul_16s_12s_26_1_1_U2/layer2_out_4_reg_329[15]_i_29/O
                         net (fo=7, unplaced)         0.211     2.704    grp_dense_latency_ap_fixed_16_6_5_3_0_ap_fixed_16_6_5_3_0_config2_s_fu_73/mul_16s_12s_26_1_1_U2/layer2_out_4_reg_329[15]_i_29_n_0
                         LUT4 (Prop_LUT4_I1_O)        0.070     2.774 f  grp_dense_latency_ap_fixed_16_6_5_3_0_ap_fixed_16_6_5_3_0_config2_s_fu_73/mul_16s_12s_26_1_1_U2/layer2_out_4_reg_329[15]_i_24/O
                         net (fo=2, unplaced)         0.186     2.960    grp_dense_latency_ap_fixed_16_6_5_3_0_ap_fixed_16_6_5_3_0_config2_s_fu_73/mul_16s_12s_26_1_1_U2/layer2_out_4_reg_329[15]_i_24_n_0
                         LUT5 (Prop_LUT5_I0_O)        0.038     2.998 r  grp_dense_latency_ap_fixed_16_6_5_3_0_ap_fixed_16_6_5_3_0_config2_s_fu_73/mul_16s_12s_26_1_1_U2/layer2_out_4_reg_329[15]_i_6/O
                         net (fo=2, unplaced)         0.186     3.184    grp_dense_latency_ap_fixed_16_6_5_3_0_ap_fixed_16_6_5_3_0_config2_s_fu_73/mul_16s_12s_26_1_1_U2/layer2_out_4_reg_329[15]_i_6_n_0
                         LUT6 (Prop_LUT6_I0_O)        0.037     3.221 r  grp_dense_latency_ap_fixed_16_6_5_3_0_ap_fixed_16_6_5_3_0_config2_s_fu_73/mul_16s_12s_26_1_1_U2/layer2_out_4_reg_329[15]_i_14/O
                         net (fo=1, unplaced)         0.028     3.249    grp_dense_latency_ap_fixed_16_6_5_3_0_ap_fixed_16_6_5_3_0_config2_s_fu_73/mul_16s_12s_26_1_1_U2/layer2_out_4_reg_329[15]_i_14_n_0
                         CARRY8 (Prop_CARRY8_S[2]_O[4])
                                                      0.167     3.416 r  grp_dense_latency_ap_fixed_16_6_5_3_0_ap_fixed_16_6_5_3_0_config2_s_fu_73/mul_16s_12s_26_1_1_U2/layer2_out_4_reg_329_reg[15]_i_1/O[4]
                         net (fo=1, unplaced)         0.025     3.441    grp_dense_latency_ap_fixed_16_6_5_3_0_ap_fixed_16_6_5_3_0_config2_s_fu_73_ap_return_4[12]
                         FDRE                                         r  layer2_out_4_reg_329_reg[12]/D
  -------------------------------------------------------------------    -------------------

                         (clock ap_clk rise edge)     0.000     0.000 r  
                                                      0.000     0.000 r  ap_clk (IN)
                         net (fo=1807, unset)         0.021     0.021    ap_clk
                         FDRE                                         r  layer2_out_4_reg_329_reg[12]/C

Slack:                    inf
  Source:                 features[15]
                            (input port)
  Destination:            grp_dense_latency_ap_fixed_16_6_5_3_0_ap_fixed_16_6_5_3_0_config2_s_fu_73/add_ln58_97_reg_1427_reg[15]/D
                            (rising edge-triggered cell FDRE clocked by ap_clk  {rise@0.000ns fall@5.000ns period=10.000ns})
  Path Group:             (none)
  Path Type:              Setup (Max at Slow Process Corner)
  Data Path Delay:        3.437ns  (logic 2.084ns (60.634%)  route 1.353ns (39.366%))
  Logic Levels:           14  (CARRY8=2 DSP_A_B_DATA=1 DSP_ALU=1 DSP_M_DATA=1 DSP_MULTIPLIER=1 DSP_OUTPUT=1 DSP_PREADD_DATA=1 LUT3=2 LUT5=2 LUT6=2)
  Clock Path Skew:        0.021ns (DCD - SCD + CPR)
    Destination Clock Delay (DCD):    0.021ns
    Source Clock Delay      (SCD):    0.000ns
    Clock Pessimism Removal (CPR):    0.000ns
  Clock Uncertainty:      0.025ns  ((TSJ^2 + TIJ^2)^1/2 + DJ) / 2 + PE
    Total System Jitter     (TSJ):    0.050ns
    Total Input Jitter      (TIJ):    0.000ns
    Discrete Jitter          (DJ):    0.000ns
    Phase Error              (PE):    0.000ns

    Location             Delay type                Incr(ns)  Path(ns)    Netlist Resource(s)
  -------------------------------------------------------------------    -------------------
                                                      0.000     0.000 f  features[15] (IN)
                         net (fo=5, unset)            0.000     0.000    grp_dense_latency_ap_fixed_16_6_5_3_0_ap_fixed_16_6_5_3_0_config2_s_fu_73/mul_16s_11s_26_1_1_U1/features[15]
                         LUT3 (Prop_LUT3_I0_O)        0.090     0.090 f  grp_dense_latency_ap_fixed_16_6_5_3_0_ap_fixed_16_6_5_3_0_config2_s_fu_73/mul_16s_11s_26_1_1_U1/tmp_product_i_22__7/O
                         net (fo=2, unplaced)         0.186     0.276    grp_dense_latency_ap_fixed_16_6_5_3_0_ap_fixed_16_6_5_3_0_config2_s_fu_73/mul_16s_11s_26_1_1_U1/features_in_sig[15]
                         LUT5 (Prop_LUT5_I4_O)        0.038     0.314 f  grp_dense_latency_ap_fixed_16_6_5_3_0_ap_fixed_16_6_5_3_0_config2_s_fu_73/mul_16s_11s_26_1_1_U1/tmp_product_i_1__3/O
                         net (fo=16, unplaced)        0.230     0.544    grp_dense_latency_ap_fixed_16_6_5_3_0_ap_fixed_16_6_5_3_0_config2_s_fu_73/mul_16s_12s_26_1_1_U7/tmp_product_2[0]
                         LUT3 (Prop_LUT3_I2_O)        0.038     0.582 f  grp_dense_latency_ap_fixed_16_6_5_3_0_ap_fixed_16_6_5_3_0_config2_s_fu_73/mul_16s_12s_26_1_1_U7/tmp_product_i_6__1/O
                         net (fo=45, unplaced)        0.287     0.869    grp_dense_latency_ap_fixed_16_6_5_3_0_ap_fixed_16_6_5_3_0_config2_s_fu_73/mul_16s_11ns_26_1_1_U8/tmp_product/A[16]
                         DSP_A_B_DATA (Prop_DSP_A_B_DATA_A[16]_A2_DATA[16])
                                                      0.192     1.061 r  grp_dense_latency_ap_fixed_16_6_5_3_0_ap_fixed_16_6_5_3_0_config2_s_fu_73/mul_16s_11ns_26_1_1_U8/tmp_product/DSP_A_B_DATA_INST/A2_DATA[16]
                         net (fo=1, unplaced)         0.000     1.061    grp_dense_latency_ap_fixed_16_6_5_3_0_ap_fixed_16_6_5_3_0_config2_s_fu_73/mul_16s_11ns_26_1_1_U8/tmp_product/DSP_A_B_DATA.A2_DATA<16>
                         DSP_PREADD_DATA (Prop_DSP_PREADD_DATA_A2_DATA[16]_A2A1[16])
                                                      0.076     1.137 r  grp_dense_latency_ap_fixed_16_6_5_3_0_ap_fixed_16_6_5_3_0_config2_s_fu_73/mul_16s_11ns_26_1_1_U8/tmp_product/DSP_PREADD_DATA_INST/A2A1[16]
                         net (fo=1, unplaced)         0.000     1.137    grp_dense_latency_ap_fixed_16_6_5_3_0_ap_fixed_16_6_5_3_0_config2_s_fu_73/mul_16s_11ns_26_1_1_U8/tmp_product/DSP_PREADD_DATA.A2A1<16>
                         DSP_MULTIPLIER (Prop_DSP_MULTIPLIER_A2A1[16]_V[16])
                                                      0.507     1.644 f  grp_dense_latency_ap_fixed_16_6_5_3_0_ap_fixed_16_6_5_3_0_config2_s_fu_73/mul_16s_11ns_26_1_1_U8/tmp_product/DSP_MULTIPLIER_INST/V[16]
                         net (fo=1, unplaced)         0.000     1.644    grp_dense_latency_ap_fixed_16_6_5_3_0_ap_fixed_16_6_5_3_0_config2_s_fu_73/mul_16s_11ns_26_1_1_U8/tmp_product/DSP_MULTIPLIER.V<16>
                         DSP_M_DATA (Prop_DSP_M_DATA_V[16]_V_DATA[16])
                                                      0.046     1.690 r  grp_dense_latency_ap_fixed_16_6_5_3_0_ap_fixed_16_6_5_3_0_config2_s_fu_73/mul_16s_11ns_26_1_1_U8/tmp_product/DSP_M_DATA_INST/V_DATA[16]
                         net (fo=1, unplaced)         0.000     1.690    grp_dense_latency_ap_fixed_16_6_5_3_0_ap_fixed_16_6_5_3_0_config2_s_fu_73/mul_16s_11ns_26_1_1_U8/tmp_product/DSP_M_DATA.V_DATA<16>
                         DSP_ALU (Prop_DSP_ALU_V_DATA[16]_ALU_OUT[16])
                                                      0.571     2.261 f  grp_dense_latency_ap_fixed_16_6_5_3_0_ap_fixed_16_6_5_3_0_config2_s_fu_73/mul_16s_11ns_26_1_1_U8/tmp_product/DSP_ALU_INST/ALU_OUT[16]
                         net (fo=1, unplaced)         0.000     2.261    grp_dense_latency_ap_fixed_16_6_5_3_0_ap_fixed_16_6_5_3_0_config2_s_fu_73/mul_16s_11ns_26_1_1_U8/tmp_product/DSP_ALU.ALU_OUT<16>
                         DSP_OUTPUT (Prop_DSP_OUTPUT_ALU_OUT[16]_P[16])
                                                      0.109     2.370 r  grp_dense_latency_ap_fixed_16_6_5_3_0_ap_fixed_16_6_5_3_0_config2_s_fu_73/mul_16s_11ns_26_1_1_U8/tmp_product/DSP_OUTPUT_INST/P[16]
                         net (fo=9, unplaced)         0.225     2.595    grp_dense_latency_ap_fixed_16_6_5_3_0_ap_fixed_16_6_5_3_0_config2_s_fu_73/mul_16s_11ns_26_1_1_U8/D[6]
                         LUT6 (Prop_LUT6_I2_O)        0.100     2.695 f  grp_dense_latency_ap_fixed_16_6_5_3_0_ap_fixed_16_6_5_3_0_config2_s_fu_73/mul_16s_11ns_26_1_1_U8/add_ln58_97_reg_1427[7]_i_18/O
                         net (fo=2, unplaced)         0.186     2.881    grp_dense_latency_ap_fixed_16_6_5_3_0_ap_fixed_16_6_5_3_0_config2_s_fu_73/mul_16s_12s_26_1_1_U4/add_ln58_97_reg_1427_reg[7]
                         LUT5 (Prop_LUT5_I4_O)        0.038     2.919 r  grp_dense_latency_ap_fixed_16_6_5_3_0_ap_fixed_16_6_5_3_0_config2_s_fu_73/mul_16s_12s_26_1_1_U4/add_ln58_97_reg_1427[7]_i_2/O
                         net (fo=2, unplaced)         0.186     3.105    grp_dense_latency_ap_fixed_16_6_5_3_0_ap_fixed_16_6_5_3_0_config2_s_fu_73/mul_16s_12s_26_1_1_U4/DI[2]
                         LUT6 (Prop_LUT6_I0_O)        0.039     3.144 r  grp_dense_latency_ap_fixed_16_6_5_3_0_ap_fixed_16_6_5_3_0_config2_s_fu_73/mul_16s_12s_26_1_1_U4/add_ln58_97_reg_1427[7]_i_10/O
                         net (fo=1, unplaced)         0.022     3.166    grp_dense_latency_ap_fixed_16_6_5_3_0_ap_fixed_16_6_5_3_0_config2_s_fu_73/mul_16s_11ns_26_1_1_U8/S[3]
                         CARRY8 (Prop_CARRY8_S[7]_CO[7])
                                                      0.124     3.290 r  grp_dense_latency_ap_fixed_16_6_5_3_0_ap_fixed_16_6_5_3_0_config2_s_fu_73/mul_16s_11ns_26_1_1_U8/add_ln58_97_reg_1427_reg[7]_i_1/CO[7]
                         net (fo=1, unplaced)         0.005     3.295    grp_dense_latency_ap_fixed_16_6_5_3_0_ap_fixed_16_6_5_3_0_config2_s_fu_73/mul_16s_11ns_26_1_1_U8/add_ln58_97_reg_1427_reg[7]_i_1_n_0
                         CARRY8 (Prop_CARRY8_CI_O[7])
                                                      0.116     3.411 r  grp_dense_latency_ap_fixed_16_6_5_3_0_ap_fixed_16_6_5_3_0_config2_s_fu_73/mul_16s_11ns_26_1_1_U8/add_ln58_97_reg_1427_reg[15]_i_1/O[7]
                         net (fo=1, unplaced)         0.026     3.437    grp_dense_latency_ap_fixed_16_6_5_3_0_ap_fixed_16_6_5_3_0_config2_s_fu_73/add_ln58_97_fu_1064_p2[15]
                         FDRE                                         r  grp_dense_latency_ap_fixed_16_6_5_3_0_ap_fixed_16_6_5_3_0_config2_s_fu_73/add_ln58_97_reg_1427_reg[15]/D
  -------------------------------------------------------------------    -------------------

                         (clock ap_clk rise edge)     0.000     0.000 r  
                                                      0.000     0.000 r  ap_clk (IN)
                         net (fo=1807, unset)         0.021     0.021    grp_dense_latency_ap_fixed_16_6_5_3_0_ap_fixed_16_6_5_3_0_config2_s_fu_73/ap_clk
                         FDRE                                         r  grp_dense_latency_ap_fixed_16_6_5_3_0_ap_fixed_16_6_5_3_0_config2_s_fu_73/add_ln58_97_reg_1427_reg[15]/C

Slack:                    inf
  Source:                 features[15]
                            (input port)
  Destination:            grp_dense_latency_ap_fixed_16_6_5_3_0_ap_fixed_16_6_5_3_0_config2_s_fu_73/add_ln58_97_reg_1427_reg[13]/D
                            (rising edge-triggered cell FDRE clocked by ap_clk  {rise@0.000ns fall@5.000ns period=10.000ns})
  Path Group:             (none)
  Path Type:              Setup (Max at Slow Process Corner)
  Data Path Delay:        3.436ns  (logic 2.084ns (60.652%)  route 1.352ns (39.348%))
  Logic Levels:           14  (CARRY8=2 DSP_A_B_DATA=1 DSP_ALU=1 DSP_M_DATA=1 DSP_MULTIPLIER=1 DSP_OUTPUT=1 DSP_PREADD_DATA=1 LUT3=2 LUT5=2 LUT6=2)
  Clock Path Skew:        0.021ns (DCD - SCD + CPR)
    Destination Clock Delay (DCD):    0.021ns
    Source Clock Delay      (SCD):    0.000ns
    Clock Pessimism Removal (CPR):    0.000ns
  Clock Uncertainty:      0.025ns  ((TSJ^2 + TIJ^2)^1/2 + DJ) / 2 + PE
    Total System Jitter     (TSJ):    0.050ns
    Total Input Jitter      (TIJ):    0.000ns
    Discrete Jitter          (DJ):    0.000ns
    Phase Error              (PE):    0.000ns

    Location             Delay type                Incr(ns)  Path(ns)    Netlist Resource(s)
  -------------------------------------------------------------------    -------------------
                                                      0.000     0.000 f  features[15] (IN)
                         net (fo=5, unset)            0.000     0.000    grp_dense_latency_ap_fixed_16_6_5_3_0_ap_fixed_16_6_5_3_0_config2_s_fu_73/mul_16s_11s_26_1_1_U1/features[15]
                         LUT3 (Prop_LUT3_I0_O)        0.090     0.090 f  grp_dense_latency_ap_fixed_16_6_5_3_0_ap_fixed_16_6_5_3_0_config2_s_fu_73/mul_16s_11s_26_1_1_U1/tmp_product_i_22__7/O
                         net (fo=2, unplaced)         0.186     0.276    grp_dense_latency_ap_fixed_16_6_5_3_0_ap_fixed_16_6_5_3_0_config2_s_fu_73/mul_16s_11s_26_1_1_U1/features_in_sig[15]
                         LUT5 (Prop_LUT5_I4_O)        0.038     0.314 f  grp_dense_latency_ap_fixed_16_6_5_3_0_ap_fixed_16_6_5_3_0_config2_s_fu_73/mul_16s_11s_26_1_1_U1/tmp_product_i_1__3/O
                         net (fo=16, unplaced)        0.230     0.544    grp_dense_latency_ap_fixed_16_6_5_3_0_ap_fixed_16_6_5_3_0_config2_s_fu_73/mul_16s_12s_26_1_1_U7/tmp_product_2[0]
                         LUT3 (Prop_LUT3_I2_O)        0.038     0.582 f  grp_dense_latency_ap_fixed_16_6_5_3_0_ap_fixed_16_6_5_3_0_config2_s_fu_73/mul_16s_12s_26_1_1_U7/tmp_product_i_6__1/O
                         net (fo=45, unplaced)        0.287     0.869    grp_dense_latency_ap_fixed_16_6_5_3_0_ap_fixed_16_6_5_3_0_config2_s_fu_73/mul_16s_11ns_26_1_1_U8/tmp_product/A[16]
                         DSP_A_B_DATA (Prop_DSP_A_B_DATA_A[16]_A2_DATA[16])
                                                      0.192     1.061 r  grp_dense_latency_ap_fixed_16_6_5_3_0_ap_fixed_16_6_5_3_0_config2_s_fu_73/mul_16s_11ns_26_1_1_U8/tmp_product/DSP_A_B_DATA_INST/A2_DATA[16]
                         net (fo=1, unplaced)         0.000     1.061    grp_dense_latency_ap_fixed_16_6_5_3_0_ap_fixed_16_6_5_3_0_config2_s_fu_73/mul_16s_11ns_26_1_1_U8/tmp_product/DSP_A_B_DATA.A2_DATA<16>
                         DSP_PREADD_DATA (Prop_DSP_PREADD_DATA_A2_DATA[16]_A2A1[16])
                                                      0.076     1.137 r  grp_dense_latency_ap_fixed_16_6_5_3_0_ap_fixed_16_6_5_3_0_config2_s_fu_73/mul_16s_11ns_26_1_1_U8/tmp_product/DSP_PREADD_DATA_INST/A2A1[16]
                         net (fo=1, unplaced)         0.000     1.137    grp_dense_latency_ap_fixed_16_6_5_3_0_ap_fixed_16_6_5_3_0_config2_s_fu_73/mul_16s_11ns_26_1_1_U8/tmp_product/DSP_PREADD_DATA.A2A1<16>
                         DSP_MULTIPLIER (Prop_DSP_MULTIPLIER_A2A1[16]_V[16])
                                                      0.507     1.644 f  grp_dense_latency_ap_fixed_16_6_5_3_0_ap_fixed_16_6_5_3_0_config2_s_fu_73/mul_16s_11ns_26_1_1_U8/tmp_product/DSP_MULTIPLIER_INST/V[16]
                         net (fo=1, unplaced)         0.000     1.644    grp_dense_latency_ap_fixed_16_6_5_3_0_ap_fixed_16_6_5_3_0_config2_s_fu_73/mul_16s_11ns_26_1_1_U8/tmp_product/DSP_MULTIPLIER.V<16>
                         DSP_M_DATA (Prop_DSP_M_DATA_V[16]_V_DATA[16])
                                                      0.046     1.690 r  grp_dense_latency_ap_fixed_16_6_5_3_0_ap_fixed_16_6_5_3_0_config2_s_fu_73/mul_16s_11ns_26_1_1_U8/tmp_product/DSP_M_DATA_INST/V_DATA[16]
                         net (fo=1, unplaced)         0.000     1.690    grp_dense_latency_ap_fixed_16_6_5_3_0_ap_fixed_16_6_5_3_0_config2_s_fu_73/mul_16s_11ns_26_1_1_U8/tmp_product/DSP_M_DATA.V_DATA<16>
                         DSP_ALU (Prop_DSP_ALU_V_DATA[16]_ALU_OUT[16])
                                                      0.571     2.261 f  grp_dense_latency_ap_fixed_16_6_5_3_0_ap_fixed_16_6_5_3_0_config2_s_fu_73/mul_16s_11ns_26_1_1_U8/tmp_product/DSP_ALU_INST/ALU_OUT[16]
                         net (fo=1, unplaced)         0.000     2.261    grp_dense_latency_ap_fixed_16_6_5_3_0_ap_fixed_16_6_5_3_0_config2_s_fu_73/mul_16s_11ns_26_1_1_U8/tmp_product/DSP_ALU.ALU_OUT<16>
                         DSP_OUTPUT (Prop_DSP_OUTPUT_ALU_OUT[16]_P[16])
                                                      0.109     2.370 r  grp_dense_latency_ap_fixed_16_6_5_3_0_ap_fixed_16_6_5_3_0_config2_s_fu_73/mul_16s_11ns_26_1_1_U8/tmp_product/DSP_OUTPUT_INST/P[16]
                         net (fo=9, unplaced)         0.225     2.595    grp_dense_latency_ap_fixed_16_6_5_3_0_ap_fixed_16_6_5_3_0_config2_s_fu_73/mul_16s_11ns_26_1_1_U8/D[6]
                         LUT6 (Prop_LUT6_I2_O)        0.100     2.695 f  grp_dense_latency_ap_fixed_16_6_5_3_0_ap_fixed_16_6_5_3_0_config2_s_fu_73/mul_16s_11ns_26_1_1_U8/add_ln58_97_reg_1427[7]_i_18/O
                         net (fo=2, unplaced)         0.186     2.881    grp_dense_latency_ap_fixed_16_6_5_3_0_ap_fixed_16_6_5_3_0_config2_s_fu_73/mul_16s_12s_26_1_1_U4/add_ln58_97_reg_1427_reg[7]
                         LUT5 (Prop_LUT5_I4_O)        0.038     2.919 r  grp_dense_latency_ap_fixed_16_6_5_3_0_ap_fixed_16_6_5_3_0_config2_s_fu_73/mul_16s_12s_26_1_1_U4/add_ln58_97_reg_1427[7]_i_2/O
                         net (fo=2, unplaced)         0.186     3.105    grp_dense_latency_ap_fixed_16_6_5_3_0_ap_fixed_16_6_5_3_0_config2_s_fu_73/mul_16s_12s_26_1_1_U4/DI[2]
                         LUT6 (Prop_LUT6_I0_O)        0.039     3.144 r  grp_dense_latency_ap_fixed_16_6_5_3_0_ap_fixed_16_6_5_3_0_config2_s_fu_73/mul_16s_12s_26_1_1_U4/add_ln58_97_reg_1427[7]_i_10/O
                         net (fo=1, unplaced)         0.022     3.166    grp_dense_latency_ap_fixed_16_6_5_3_0_ap_fixed_16_6_5_3_0_config2_s_fu_73/mul_16s_11ns_26_1_1_U8/S[3]
                         CARRY8 (Prop_CARRY8_S[7]_CO[7])
                                                      0.124     3.290 r  grp_dense_latency_ap_fixed_16_6_5_3_0_ap_fixed_16_6_5_3_0_config2_s_fu_73/mul_16s_11ns_26_1_1_U8/add_ln58_97_reg_1427_reg[7]_i_1/CO[7]
                         net (fo=1, unplaced)         0.005     3.295    grp_dense_latency_ap_fixed_16_6_5_3_0_ap_fixed_16_6_5_3_0_config2_s_fu_73/mul_16s_11ns_26_1_1_U8/add_ln58_97_reg_1427_reg[7]_i_1_n_0
                         CARRY8 (Prop_CARRY8_CI_O[5])
                                                      0.116     3.411 r  grp_dense_latency_ap_fixed_16_6_5_3_0_ap_fixed_16_6_5_3_0_config2_s_fu_73/mul_16s_11ns_26_1_1_U8/add_ln58_97_reg_1427_reg[15]_i_1/O[5]
                         net (fo=1, unplaced)         0.025     3.436    grp_dense_latency_ap_fixed_16_6_5_3_0_ap_fixed_16_6_5_3_0_config2_s_fu_73/add_ln58_97_fu_1064_p2[13]
                         FDRE                                         r  grp_dense_latency_ap_fixed_16_6_5_3_0_ap_fixed_16_6_5_3_0_config2_s_fu_73/add_ln58_97_reg_1427_reg[13]/D
  -------------------------------------------------------------------    -------------------

                         (clock ap_clk rise edge)     0.000     0.000 r  
                                                      0.000     0.000 r  ap_clk (IN)
                         net (fo=1807, unset)         0.021     0.021    grp_dense_latency_ap_fixed_16_6_5_3_0_ap_fixed_16_6_5_3_0_config2_s_fu_73/ap_clk
                         FDRE                                         r  grp_dense_latency_ap_fixed_16_6_5_3_0_ap_fixed_16_6_5_3_0_config2_s_fu_73/add_ln58_97_reg_1427_reg[13]/C





