cycle,inferences,correct_unique,latency_mean_ms,latency_median_ms,latency_std_sample_ms,latency_p95_ms,latency_min_ms,latency_max_ms,cycle_duration_s,throughput_fps
1,30,29,0.5721155000000001,0.5630435,0.20503067785119547,0.9119545499999996,0.384921,1.327895,0.022325854,1343.7335924529473
2,30,29,0.42257523333333347,0.3943365,0.08385875950203141,0.6087172999999999,0.341765,0.727794,0.016243677,1846.8724784419192
3,30,29,0.2439133,0.228572,0.0656942253196974,0.3613053999999999,0.171102,0.431321,0.009285919,3230.698006303953
4,30,29,0.21205293333333333,0.20577499999999999,0.046152149466836274,0.29410765,0.156849,0.316329,0.008046319,3728.4129550419266
5,30,29,0.3707589,0.3969625,0.06950558348911309,0.44776465,0.260469,0.505817,0.013904231,2157.6166276293884
6,30,29,0.24827410000000003,0.23690699999999998,0.05819894899296899,0.3531291,0.181674,0.423843,0.009451322,3174.1591282150794
7,30,29,0.27641676666666665,0.2739785,0.04534034868725217,0.34359635,0.200136,0.355986,0.010530571,2848.848367291764
8,30,29,0.19963353333333336,0.1767775,0.05189837520194923,0.30332929999999997,0.148803,0.328578,0.007881688,3806.2912411655984
9,30,29,0.16691959999999997,0.1580495,0.02524125556825708,0.21969645,0.144598,0.256388,0.006366477,4712.182263440204
10,30,29,0.21515453333333337,0.21780149999999998,0.031122630924084512,0.27144494999999996,0.170031,0.28542,0.008190677,3662.7008976181087
11,30,29,0.20517349999999998,0.1912335,0.04270216399083307,0.30039839999999984,0.161204,0.333704,0.007794065,3849.0826032372065
12,30,29,0.1996417,0.1598215,0.08458871826511194,0.33113279999999995,0.146068,0.525337,0.007727225,3882.376920563333
13,30,29,0.16351746666666667,0.15621600000000002,0.02108132741638395,0.21578069999999994,0.146364,0.227418,0.006299435,4762.3318599207705
14,30,29,0.1602777666666667,0.155246,0.014566077333129627,0.18213405,0.147237,0.221289,0.006167038,4864.571938749202
15,30,29,0.1816902,0.16318,0.05362508619743896,0.2953363499999998,0.147533,0.383296,0.007140918,4201.140525629899
16,30,29,0.16016899999999995,0.15739350000000002,0.015360468219785308,0.18772959999999997,0.145135,0.215656,0.006063089,4947.972889726672
17,30,29,0.2798181,0.29201900000000003,0.09945810225047287,0.40133009999999997,0.149157,0.406326,0.011096429,2703.572473630931
18,30,29,0.3543860666666667,0.33585,0.09229063442151883,0.4839422999999999,0.246727,0.643261,0.01374436,2182.713491206575
19,30,29,0.37529153333333337,0.38609,0.0632461945551331,0.45652099999999995,0.259128,0.520754,0.014128443,2123.3762276565085
20,30,29,0.20940860000000006,0.1966735,0.057899851752892216,0.30191694999999985,0.153219,0.440177,0.008171351,3671.3635236082746
21,30,29,0.1784077666666667,0.1627905,0.03610713613743309,0.2550495499999999,0.145827,0.280517,0.00847389,3540.2866924163523
22,30,29,0.15735229999999997,0.153782,0.013527508887448568,0.18947424999999996,0.146024,0.197444,0.007586506,3954.3895437504434
23,30,29,0.162608,0.15489,0.01965669510405534,0.19740674999999996,0.147576,0.236755,0.007835514,3828.721383179202
24,30,29,0.1633998,0.1543285,0.027841030844965937,0.21080034999999997,0.144795,0.2854,0.007913638,3790.923972008828
25,30,29,0.16394213333333332,0.1545395,0.023400997153427302,0.20272165,0.144127,0.245848,0.008044029,3729.47437161154
26,30,29,0.15435773333333333,0.1515455,0.010540926459097032,0.17099489999999998,0.145767,0.19715,0.007611423,3941.4443265076716
27,30,29,0.16470086666666664,0.15682449999999998,0.025908627705222374,0.20921189999999998,0.144578,0.266587,0.007852109,3820.629591362015
28,30,29,0.18322393333333334,0.1565145,0.05273837481244062,0.28590365,0.145367,0.360253,0.008479982,3537.743358417506
29,30,29,0.15685759999999999,0.1542755,0.011075407312818232,0.17249254999999997,0.145606,0.203743,0.007687691,3902.342068639335
30,30,29,0.15622406666666666,0.15180349999999998,0.016243278391136255,0.1910499499999999,0.144376,0.218753,0.007633159,3930.220764430559
31,30,29,0.1755226,0.15701500000000002,0.04638248083177898,0.2869768,0.146467,0.333716,0.008379585,3580.129564888953
32,30,29,0.16549669999999997,0.15414899999999998,0.027873103341257387,0.21758314999999995,0.145638,0.266849,0.0079603,3768.702184591033
33,30,29,0.15380393333333328,0.15129900000000002,0.00846682414479305,0.16632799999999998,0.144314,0.188101,0.007590665,3952.2228948320076
34,30,29,0.18292833333333333,0.166298,0.04014515898872347,0.26366344999999985,0.15076,0.317125,0.008673365,3458.865157871253
35,30,29,0.2570424,0.2040825,0.12969545750814973,0.512574,0.146835,0.574217,0.010642064,2819.0020281779925
36,30,29,0.3345343333333333,0.328491,0.06450448453339923,0.44119974999999995,0.246432,0.458589,0.012904038,2324.85366208624
37,30,29,0.2171736,0.20358500000000002,0.03665210536136622,0.29457429999999984,0.183982,0.336407,0.009201388,3260.3776734553526
38,30,29,0.28217469999999995,0.268068,0.05917243377717188,0.35354949999999996,0.224458,0.520102,0.010510734,2854.2250236757964
39,30,29,0.24394069999999998,0.2348865,0.03592471192517619,0.3253394,0.195836,0.336049,0.009916439,3025.2795383504094
40,30,29,0.31184833333333334,0.268961,0.1047585114133464,0.4867297499999999,0.18327,0.504722,0.012297446,2439.530940001688
41,30,29,0.4875619000000001,0.42101299999999997,0.145409497414134,0.68326455,0.368081,1.038682,0.019386522,1547.4668432016842
42,30,29,0.34324323333333334,0.324337,0.08549033011931347,0.48853774999999994,0.241298,0.543209,0.013087645,2292.238213979673
43,30,29,0.5337426999999999,0.5720475,0.17904841209151534,0.7419926499999999,0.246377,0.778006,0.021137924,1419.2500644812612
44,30,29,0.4204058333333333,0.402604,0.05496210678720845,0.5459221499999998,0.368617,0.582459,0.015896583,1887.1980223674486
45,30,29,0.31979853333333336,0.2872175,0.09251291360808757,0.48300569999999987,0.219289,0.59486,0.012798932,2343.9455729587435
46,30,29,0.3607530333333333,0.357761,0.04815139400530396,0.40834954999999995,0.280667,0.536221,0.013819325,2170.873034681506
47,30,29,0.44052279999999994,0.413365,0.09140460263986559,0.6155706499999996,0.373738,0.791383,0.016665305,1800.1470720157838
48,30,29,0.3722701333333333,0.32170299999999996,0.14514964937435726,0.6473779999999997,0.224985,0.754681,0.013838106,2167.9267379509884
49,30,29,0.20605409999999996,0.205365,0.025586898663115695,0.24452624999999997,0.175402,0.297605,0.008874348,3380.5300400660417
50,30,29,0.34869636666666676,0.332002,0.06786621490869617,0.47530609999999995,0.249944,0.503942,0.013722284,2186.224975375819
51,30,29,0.40406196666666666,0.38549,0.07095795092796439,0.49307229999999996,0.321538,0.71661,0.015389633,1949.3642246049662
52,30,29,0.2556030666666667,0.23285250000000002,0.07881185713082262,0.4284005999999999,0.176223,0.485892,0.009864975,3041.0619388290393
53,30,29,0.18673843333333331,0.172599,0.03963071030947254,0.28122799999999987,0.152057,0.307644,0.007218625,4155.9161197596495
54,30,29,0.29991723333333337,0.286155,0.042671915304697355,0.37838305,0.24241,0.404934,0.011400325,2631.5039264231505
55,30,29,0.20471086666666666,0.203006,0.03920786410449798,0.26423244999999995,0.151127,0.317753,0.007885584,3804.410681567783
56,30,29,0.17627073333333332,0.1604115,0.03900441223399656,0.26889789999999986,0.148446,0.30252,0.006607793,4540.093795311082
57,30,29,0.16642890000000002,0.15888200000000002,0.02280279704463075,0.21760205,0.145389,0.239695,0.006589223,4552.8888610994045
58,30,29,0.15935803333333334,0.155123,0.015726070284246395,0.18077874999999993,0.146099,0.227942,0.00607794,4935.882881370991
59,30,29,0.17502776666666667,0.162405,0.03304101304354451,0.2507005999999999,0.148102,0.279149,0.006645536,4514.308552387648
60,30,29,0.1660420333333333,0.16072150000000002,0.022218519056584667,0.2164056499999999,0.146284,0.240312,0.00682675,4394.47760647453
61,30,29,0.1923617333333333,0.1878185,0.02073479144009816,0.2233007,0.163425,0.263309,0.007448066,4027.8912673437644
62,30,29,0.16628590000000001,0.1525615,0.04214436082811489,0.2482549499999998,0.147269,0.342866,0.006379915,4702.257004991446
63,30,29,0.15647596666666666,0.153403,0.012063481782760252,0.1720802,0.143698,0.2103,0.005985589,5012.038080128789
64,30,29,0.15991309999999997,0.15475650000000002,0.019096449872902443,0.20416494999999987,0.146016,0.227001,0.006083295,4931.537924759526
65,30,29,0.18698763333333332,0.1579775,0.09401089391513619,0.34286249999999946,0.145731,0.601136,0.007275746,4123.288526015064
66,30,29,0.16248433333333337,0.1559035,0.019994178294647696,0.2035084499999999,0.147414,0.233741,0.006147941,4879.682482313998
67,30,29,0.18765270000000003,0.186931,0.02059291478949948,0.21358159999999998,0.158712,0.263292,0.007402065,4052.9230694407574
68,30,29,0.16738853333333337,0.160631,0.022541926437171483,0.2207542,0.146425,0.237296,0.006451835,4649.839929260435
69,30,29,0.18500409999999998,0.181311,0.0225897332758139,0.21657655,0.154359,0.227041,0.007180274,4178.113537171423
70,30,29,0.22046600000000002,0.219174,0.03480291968627999,0.2623244999999999,0.183297,0.370556,0.008728521,3437.0084003922316
71,30,29,0.17617933333333335,0.16007749999999998,0.04679579698879048,0.22300954999999997,0.146274,0.397422,0.006675047,4494.35037685877
72,30,29,0.16482743333333336,0.1597045,0.022499011516498676,0.1970336999999999,0.146786,0.262277,0.0064688,4637.6453128864705
73,30,29,0.15948106666666667,0.1540985,0.015302789042464153,0.1934093499999999,0.147554,0.21272,0.006046302,4961.710480224111
74,30,29,0.16990686666666663,0.15680650000000002,0.030456916677478216,0.20860245,0.149188,0.298201,0.006630018,4524.874593100652
75,30,29,0.16049203333333337,0.155557,0.015435091839775325,0.17412329999999998,0.148689,0.231813,0.00623547,4811.185042987939
76,30,29,0.18942730000000002,0.186528,0.021404092085635044,0.20662619999999998,0.157799,0.280059,0.007163982,4187.615211763514
77,30,29,0.17682403333333335,0.1659695,0.02474523171550477,0.22586784999999998,0.151392,0.231649,0.006900539,4347.48647895476
78,30,29,0.24329666666666666,0.233311,0.048528860663159694,0.3130752,0.179791,0.336228,0.009224837,3252.08998272815
79,30,29,0.2503118333333334,0.2316125,0.07065410812620308,0.3968761,0.179368,0.492255,0.009772578,3069.814331489603
80,30,29,0.22178336666666668,0.211246,0.04041691405620222,0.28676589999999996,0.171456,0.3343,0.00845816,3546.870714197887
81,30,29,0.3408317666666667,0.27678250000000004,0.12955293148726385,0.6347098499999997,0.236536,0.718911,0.013647109,2198.267779644759
82,30,29,0.25072600000000006,0.22647499999999998,0.06860017112776483,0.4039983999999999,0.182668,0.431231,0.009643471,3110.9130726892836
83,30,29,0.2762850333333333,0.26941950000000003,0.05004632497960633,0.3745724499999998,0.211043,0.429088,0.01052262,2851.0009864463414
84,30,29,0.17557886666666667,0.1627815,0.031867889995106834,0.2381392,0.142411,0.271979,0.00681845,4399.826940140354
85,30,29,0.1580386,0.1538035,0.014081101062943465,0.17605459999999998,0.142902,0.218308,0.006146345,4880.949572469492
86,30,29,0.1608172333333333,0.150307,0.042366506039301394,0.19119529999999993,0.143666,0.376892,0.006204039,4835.5595443548955
87,30,29,0.15574743333333335,0.15377000000000002,0.010397091170406613,0.17053374999999998,0.14318,0.196378,0.006077423,4936.30277175046
88,30,29,0.16694783333333335,0.1597105,0.02455539786024068,0.22303489999999995,0.145205,0.248673,0.006416211,4675.656707673735
89,30,29,0.16742643333333337,0.157115,0.035804513212609856,0.19850189999999998,0.145907,0.342317,0.006627322,4526.715315779134
90,30,29,0.21565866666666664,0.212123,0.037992774266125684,0.25097909999999996,0.181612,0.391042,0.008395084,3573.5199314265346
91,30,29,0.22728086666666666,0.2275725,0.019710284575585775,0.25484809999999997,0.196129,0.289668,0.008753944,3427.0267207558104
92,30,29,0.16912826666666667,0.1597265,0.02687895934707312,0.20234474999999993,0.142843,0.280828,0.006571617,4565.086492411228
93,30,29,0.1783483,0.16208450000000002,0.042385960398543476,0.2652742999999998,0.148326,0.335339,0.006969791,4304.289755603862
94,30,29,0.16143159999999998,0.15575450000000002,0.01762509378718016,0.20617989999999997,0.146358,0.210929,0.006153643,4875.160941250573
95,30,29,0.1730608666666667,0.1601585,0.03151859448745086,0.21550555,0.148398,0.301561,0.006814953,4402.084651207426
96,30,29,0.1831316,0.181009,0.027290960177697846,0.2182209,0.149298,0.275228,0.006973626,4301.922701332133
97,30,29,0.1913144666666666,0.1787095,0.04679320393901406,0.26982319999999993,0.146889,0.385948,0.007312249,4102.704927034077
98,30,29,0.3088895333333334,0.311044,0.04378556392373564,0.36593605,0.249031,0.431374,0.012443504,2410.8964806054632
99,30,29,0.2669348333333333,0.2453495,0.06877333168138265,0.3810717999999999,0.193372,0.479014,0.010435201,2874.8847291010493
100,30,29,0.24866219999999997,0.2255915,0.06578947014237,0.3787075,0.176063,0.404053,0.009740557,3079.9060053752573
101,30,29,0.18001796666666667,0.166808,0.038825261743890525,0.2617125,0.150826,0.317318,0.00719564,4169.191343646987
102,30,29,0.22011736666666665,0.204644,0.059713801994053746,0.33660159999999956,0.179329,0.452461,0.008802514,3408.1172719520805
103,30,29,0.18566420000000003,0.1767485,0.03408068031982444,0.24806699999999995,0.150696,0.294939,0.007124892,4210.5901394715875
104,30,29,0.16068190000000004,0.153447,0.019642633084871703,0.1933837999999999,0.144691,0.239612,0.006086782,4928.712741806755
105,30,29,0.1633259333333333,0.1540435,0.031720000074937305,0.21893584999999996,0.145527,0.301409,0.006654967,4507.911158687939
106,30,29,0.16847956666666664,0.1572865,0.033080821642303346,0.23476134999999984,0.14856,0.297433,0.008020919,3740.2197927693824
107,30,29,0.16930393333333335,0.153764,0.04404570870007604,0.2151553499999999,0.145224,0.380921,0.008156862,3677.8849513452597
108,30,29,0.17248820000000004,0.156443,0.04010113346183794,0.2633675,0.14435,0.293071,0.00822422,3647.7623409879598
109,30,29,0.15991479999999997,0.15808149999999999,0.012008181872775544,0.17489225,0.143484,0.202824,0.007769625,3861.190211882813
110,30,29,0.15838860000000002,0.15344049999999998,0.016494263566255496,0.19371794999999992,0.144362,0.214967,0.007684114,3904.158631691305
111,30,29,0.17371313333333332,0.156388,0.05009365997996658,0.2705985999999997,0.145287,0.375361,0.008360744,3588.197414010045
112,30,29,0.18241463333333333,0.17165750000000002,0.04110146189990321,0.2697491999999997,0.15243,0.327808,0.008286963,3620.144074493877
113,30,29,0.18742629999999996,0.1810115,0.0383123198373668,0.21566659999999999,0.152404,0.363095,0.008202682,3657.340367455425
114,30,29,0.15831923333333334,0.1543095,0.014296491980331337,0.17877854999999995,0.147562,0.221062,0.007736785,3877.579640638844
115,30,29,0.18759403333333333,0.159361,0.06478487502894555,0.3229472999999998,0.145878,0.403366,0.009104336,3295.133220039331
116,30,29,0.24576406666666664,0.235462,0.058189366143079214,0.34348359999999994,0.169665,0.361635,0.010249898,2926.858394103044
117,30,29,0.2379828333333333,0.22572,0.0547417700670586,0.33852069999999995,0.176013,0.397143,0.009519079,3151.565398291158
118,30,29,0.2880525666666667,0.25571,0.11092726614525808,0.5265567999999996,0.182786,0.603741,0.011072278,2709.469541859408
119,30,29,0.3170349666666666,0.2988725,0.07188728697951198,0.4470580499999999,0.230574,0.518283,0.012189369,2461.1610330280428
120,30,29,0.17617583333333334,0.16892849999999998,0.028425964107731207,0.22172339999999996,0.142863,0.261306,0.007534905,3981.470237514607
121,30,29,0.15338886666666665,0.150169,0.010355486574203345,0.1684384,0.143384,0.195652,0.007579414,3958.0896359533867
122,30,29,0.1679449333333333,0.150758,0.043224251080194294,0.2630491499999999,0.144573,0.318152,0.008217842,3650.5934282990597
123,30,29,0.19351676666666667,0.1780825,0.05155433353247971,0.26062889999999994,0.145973,0.395535,0.008774313,3419.0710999254297
124,30,29,0.2758509333333333,0.28755,0.035337468886519695,0.3278288,0.213241,0.329225,0.010512881,2853.642117703035
125,30,29,0.3041707999999999,0.30402850000000003,0.0703259777859137,0.44125079999999994,0.211443,0.454007,0.011762718,2550.4309463169993
126,30,29,0.1766736,0.1675045,0.02604516393339158,0.22814099999999995,0.148574,0.252244,0.008575708,3498.253438666522
127,30,29,0.15927626666666667,0.15506599999999998,0.017971151978759686,0.19106554999999992,0.138017,0.21385,0.00783989,3826.5843015654555
128,30,29,0.17958606666666663,0.16612,0.0326081327320542,0.21993619999999994,0.15186,0.31339,0.008045324,3728.874063990462
129,30,29,0.30133346666666666,0.27547299999999997,0.06932237283915328,0.436335,0.224527,0.501878,0.011752941,2552.5525908791683
130,30,29,0.3035306,0.29861150000000003,0.038894772499212756,0.3622271999999999,0.23898,0.401557,0.011525687,2602.881719762128
131,30,29,0.2005922333333333,0.18448150000000002,0.04348499710100844,0.2769940499999998,0.159167,0.361886,0.008581887,3495.7346793310144
132,30,29,0.1642063666666667,0.1523545,0.02807385756017857,0.22174539999999995,0.144343,0.263104,0.00797879,3759.9686167952786
133,30,29,0.15976829999999997,0.154196,0.023024822770144216,0.1931590999999999,0.144068,0.26291,0.007759274,3866.3411035620084
134,30,29,0.15947393333333335,0.1541925,0.022907889109293294,0.1757727,0.144754,0.271907,0.007930221,3782.996715980551
135,30,29,0.2021409,0.1991945,0.013373356420703534,0.22417869999999998,0.180551,0.237964,0.00855563,3506.462995711596
136,30,29,0.1667354,0.15973,0.02180355776188515,0.21807069999999992,0.145544,0.233328,0.008101804,3702.8790131185597
137,30,29,0.18991306666666669,0.1821235,0.03312969879327811,0.25910764999999997,0.155265,0.291882,0.00881098,3404.842594126874
138,30,29,0.23885133333333336,0.2278,0.04248416255202786,0.30506915,0.178887,0.310162,0.00939301,3193.8643736139957
139,30,29,0.22525640000000002,0.2153805,0.04457422267649536,0.29738149999999997,0.170459,0.337517,0.009087293,3301.313163336981
140,30,29,0.16269216666666664,0.152699,0.026561403895545486,0.22546124999999997,0.144035,0.244708,0.007972922,3762.735920406596
141,30,29,0.16076196666666664,0.153876,0.0198806703912556,0.21179909999999996,0.144737,0.222206,0.007926341,3784.848519638507
142,30,29,0.15585183333333333,0.1518815,0.014055607888284144,0.17171719999999996,0.143648,0.219456,0.00768534,3903.5358227482457
143,30,29,0.1720147333333333,0.153464,0.05335231233132122,0.2829437999999999,0.142719,0.384688,0.007898581,3798.1505791989725
144,30,29,0.1648725666666667,0.156187,0.024464801456847932,0.22463999999999998,0.145512,0.2316,0.008132126,3689.072205718406
145,30,29,0.21321573333333335,0.21246900000000002,0.038018128564050124,0.27799129999999994,0.172888,0.353178,0.009256672,3240.9055868026867
146,30,29,0.2572529666666667,0.259267,0.02590263677229543,0.29960814999999996,0.217232,0.303561,0.009783088,3066.516420991
147,30,29,0.3102791,0.310631,0.061506530954233946,0.42226094999999997,0.22379,0.461575,0.011996068,2500.819435168257
148,30,29,0.19870479999999996,0.185941,0.04063992486281406,0.27348654999999994,0.153421,0.310654,0.008949302,3352.216742713566
149,30,29,0.1538484333333333,0.15178599999999998,0.011189735064144597,0.1698999,0.144118,0.20298,0.007595782,3949.5604270896665
150,30,29,0.1571988666666667,0.1520555,0.016073154154190392,0.19276579999999993,0.141479,0.210116,0.007739223,3876.358130525506
151,30,29,0.15467726666666665,0.152349,0.010533133548010764,0.17172249999999994,0.144105,0.197644,0.007724009,3883.9934029077385
152,30,29,0.15819306666666663,0.14908749999999998,0.04519355174780589,0.16661664999999998,0.143024,0.395368,0.007803314,3844.520417863487
153,30,29,0.1552189,0.1505435,0.014218135142158752,0.18824954999999996,0.143776,0.204183,0.007749294,3871.320406736407
154,30,29,0.17088916666666662,0.154536,0.04163809559069123,0.2543663999999998,0.144487,0.329039,0.008135136,3687.7072491474023
155,30,29,0.16103806666666667,0.15246900000000002,0.024643068707158756,0.22007619999999994,0.143275,0.246115,0.00793431,3781.047123190296
156,30,29,0.19377433333333335,0.1866035,0.023859207091969155,0.22644954999999997,0.164479,0.261034,0.008452373,3549.2991139884625
157,30,29,0.22676653333333335,0.2198735,0.02494998437803855,0.2804173499999999,0.209403,0.321496,0.008788236,3413.654344284792
158,30,29,0.19065800000000002,0.1823105,0.031180592245155007,0.24889484999999997,0.152571,0.272626,0.008315723,3607.623774865998
159,30,29,0.18749753333333333,0.1849535,0.02506886680895364,0.2223661,0.156177,0.240109,0.008142835,3684.2205448102536
160,30,29,0.24488306666666662,0.23197299999999998,0.05598492443256077,0.35013550000000004,0.179987,0.394744,0.009970561,3008.857776407968
161,30,29,0.16143456666666664,0.1527535,0.021697033907701623,0.20104414999999992,0.141175,0.239751,0.007807611,3842.4045460256666
162,30,29,0.16919326666666665,0.16039350000000002,0.02220912297160372,0.20790229999999996,0.144967,0.246775,0.007856573,3818.4587605817446
163,30,29,0.22631203333333338,0.2252515,0.022733241120140274,0.2598512,0.192483,0.276804,0.008735129,3434.408352755867
164,30,29,0.17134376666666667,0.163402,0.023383092783378592,0.21258244999999992,0.153609,0.264963,0.007972101,3763.1234225457
165,30,29,0.1648304,0.161897,0.01127955921002296,0.1844847,0.154524,0.2077,0.007640602,3926.3921874218813
166,30,29,0.17679426666666667,0.163833,0.0317870476722759,0.24938094999999993,0.151716,0.262805,0.008001152,3749.4600777488045
167,30,29,0.15690563333333332,0.152827,0.012715396365154667,0.17867425,0.145429,0.208262,0.007625101,3934.374115175655
168,30,29,0.17210450000000002,0.163072,0.02341482742541719,0.2296915499999999,0.152999,0.243928,0.008380928,3579.5558677988884
169,30,29,0.1641193,0.160906,0.011235408898379852,0.18415789999999996,0.152212,0.208328,0.007734731,3878.609353059596
170,30,29,0.1656621,0.1616245,0.011967718482622756,0.1854818,0.152484,0.208677,0.007664485,3914.1573112870597
171,30,29,0.1655627333333333,0.1621935,0.011725413731200113,0.1805906,0.153587,0.209239,0.007574568,3960.6219126952187
172,30,29,0.17058636666666668,0.1632385,0.027204235608960164,0.22139424999999982,0.154016,0.284013,0.008084216,3710.934987387769
173,30,29,0.17027853333333334,0.164667,0.02626556451894477,0.1986923499999999,0.153896,0.297323,0.007663326,3914.7492877113673
174,30,29,0.1664715,0.1647805,0.011267398817858973,0.18122499999999997,0.153801,0.20974,0.007586128,3954.58658224591
175,30,29,0.16548210000000002,0.1623985,0.013883462182109655,0.18050025,0.152972,0.228016,0.007881152,3806.5501084105467
176,30,29,0.16908396666666667,0.163238,0.02231987309703655,0.22144459999999996,0.150414,0.2492,0.007932778,3781.777329455079
177,30,29,0.16661093333333332,0.16458699999999998,0.01288817905581361,0.1794817,0.154091,0.223892,0.008037888,3732.3237148862986
178,30,29,0.16231626666666668,0.16041,0.008170785839610631,0.17749179999999998,0.154124,0.190302,0.007709616,3891.244388825591
179,30,29,0.19518843333333333,0.170566,0.06632838078503325,0.32276495,0.14859,0.442022,0.008805122,3407.1078174726026
180,30,29,0.16112916666666668,0.1536795,0.023359913359079016,0.2054400999999999,0.144984,0.255413,0.00769653,3897.860464391096
181,30,29,0.16206433333333337,0.15809299999999998,0.0124590064648813,0.18225365,0.152476,0.21457,0.006910215,4341.398928976884
182,30,29,0.16426756666666664,0.15927000000000002,0.015165354496768075,0.1830133,0.154233,0.233297,0.00678008,4424.726551899093
183,30,29,0.17641213333333336,0.165233,0.028960190607980718,0.22916864999999997,0.154851,0.277037,0.007668372,3912.173274848951
184,30,29,0.16605326666666667,0.1641825,0.010499297923763952,0.18442564999999997,0.154313,0.206093,0.007607247,3943.607983282257
185,30,29,0.17064036666666665,0.16252,0.03139490515714989,0.21315514999999996,0.151528,0.318754,0.008062966,3720.7151809892293
186,30,29,0.16623946666666667,0.1644645,0.011446439770945597,0.17882149999999997,0.15397,0.215033,0.007744511,3873.711329224014
187,30,29,0.17542766666666665,0.1636265,0.030308299863959345,0.24987700000000002,0.152352,0.262916,0.007520336,3989.183462015527
188,30,29,0.18906630000000005,0.16825849999999998,0.052769677786258254,0.2964758999999998,0.151963,0.384007,0.008070862,3717.075078225845
189,30,29,0.1701920666666666,0.16233150000000002,0.03758685766643418,0.19222064999999994,0.151974,0.362414,0.008036753,3732.850816741537
190,30,29,0.1680070666666667,0.16236299999999998,0.021364765159959744,0.20044509999999996,0.152698,0.263881,0.008118554,3695.239324638353
191,30,29,0.16488803333333332,0.1614445,0.012065870540305092,0.18144394999999996,0.152044,0.21363,0.007891292,3801.6588411631456
192,30,29,0.1899141666666667,0.16892849999999998,0.04838371225375356,0.28300174999999994,0.154073,0.352542,0.008266902,3628.928950651647
193,30,29,0.1687604666666666,0.165301,0.014682815490914195,0.18690165,0.154989,0.228406,0.007915588,3789.99008033263
194,30,29,0.17405773333333333,0.161662,0.04058996186160362,0.2222816,0.15318,0.369913,0.007737307,3877.318038433786
195,30,29,0.15936196666666666,0.15767550000000002,0.010116915740594996,0.17560715,0.145749,0.195036,0.00756473,3965.7727374275087
196,30,29,0.16552676666666669,0.165048,0.008214772570920879,0.17574275,0.154814,0.195694,0.007832899,3829.9995952967092
197,30,29,0.1721854666666666,0.1629325,0.03071547274890142,0.22298154999999995,0.152603,0.30222,0.008002605,3748.7793037392203
198,30,29,0.16797223333333333,0.16471249999999998,0.013363130390751633,0.19448744999999992,0.154193,0.215078,0.007683535,3904.4528332336613
199,30,29,0.164728,0.16148400000000002,0.012271845874700912,0.18127824999999997,0.153103,0.215888,0.007659603,3916.6520771376795
200,30,29,0.16333666666666666,0.1611705,0.011813152256272878,0.17706975,0.151726,0.214439,0.007702237,3894.9723307657246
201,30,29,0.16700096666666664,0.162884,0.014857120894531102,0.19478315,0.150651,0.222965,0.007529628,3984.2605770165537
202,30,29,0.1625963333333333,0.1601825,0.009493929393740684,0.17646064999999997,0.155283,0.203063,0.007644294,3924.49583964196
203,30,29,0.17548536666666664,0.16233350000000002,0.033456137371586044,0.2555973999999999,0.155391,0.289342,0.008113784,3697.411713203112
204,30,29,0.18400543333333336,0.165493,0.04509283142790057,0.29146539999999993,0.153517,0.334457,0.008392913,3574.444296038813
205,30,29,0.17680626666666666,0.1655885,0.03285095645165458,0.23386279999999987,0.154512,0.309215,0.007712504,3889.7872856856866
206,30,29,0.16383233333333339,0.1592495,0.013558821320793172,0.1791504,0.151662,0.223645,0.007366409,4072.5406368286094
207,30,29,0.16850539999999997,0.1611055,0.02277676918386742,0.2183269999999999,0.152881,0.253867,0.007741683,3875.126377558988
208,30,29,0.16343813333333335,0.1601385,0.011868936822308647,0.1825569,0.152113,0.209743,0.007476327,4012.665577629229
209,30,29,0.1630028,0.159642,0.012468027801900568,0.17965849999999997,0.15145,0.216833,0.007992265,3753.6292903200783
210,30,29,0.1647966666666667,0.1619735,0.011881146671507975,0.18149409999999996,0.153418,0.211918,0.00746429,4019.136448342709
211,30,29,0.16731130000000002,0.160635,0.019793198462847158,0.21307729999999994,0.152696,0.235261,0.007841944,3825.582024049139
212,30,29,0.16551996666666666,0.163027,0.013680831713684696,0.18579154999999994,0.154489,0.223619,0.007632162,3930.734174667676
213,30,29,0.16665036666666666,0.1624945,0.01488804742873389,0.19626769999999993,0.151846,0.218132,0.007528607,3984.8009067281637
214,30,29,0.1655362,0.162904,0.014298616162605292,0.18331119999999998,0.153502,0.228527,0.007601904,3946.37974907339
215,30,29,0.16552,0.1607005,0.016052993211064494,0.2026343999999999,0.15083,0.218792,0.007819568,3836.529076798104
216,30,29,0.16506366666666672,0.163465,0.011555190836345708,0.17966914999999997,0.153482,0.213968,0.007657818,3917.565029620709
217,30,29,0.18633333333333332,0.16683399999999998,0.04635124044639517,0.29144459999999983,0.155253,0.337813,0.008334846,3599.34664659671
218,30,29,0.16154953333333336,0.156476,0.024807821109249107,0.17692375,0.147934,0.286948,0.00784975,3821.777763623045
219,30,29,0.15908166666666665,0.1567055,0.011872686473244123,0.17827259999999995,0.146314,0.205258,0.007813521,3839.498223656147
220,30,29,0.16786583333333335,0.159191,0.04543301518612097,0.17300534999999997,0.15259,0.406447,0.00809944,3703.9597799354033
221,30,29,0.16303306666666667,0.16116049999999998,0.010996563243478214,0.1798435,0.152418,0.206378,0.007637664,3927.9025628778645
222,30,29,0.16582909999999998,0.161841,0.014083082280058456,0.19181494999999996,0.154631,0.22154,0.007806255,3843.0719980323474
223,30,29,0.1642411666666667,0.160714,0.011481834534672983,0.18205964999999996,0.153778,0.210995,0.007795768,3848.2417639929768
224,30,29,0.16961849999999998,0.1641775,0.021544289519018964,0.21208394999999997,0.151956,0.254356,0.00825777,3632.9420654728824
225,30,29,0.16729449999999998,0.161018,0.02757204889982757,0.19502009999999992,0.15125,0.301791,0.007929759,3783.217119208793
226,30,29,0.16365326666666666,0.15918149999999998,0.012322801427836328,0.18774705,0.148592,0.20613,0.007860183,3816.7050309134024
227,30,29,0.16348556666666667,0.1594315,0.015008205584769707,0.1900864499999999,0.151427,0.222944,0.00776423,3863.873172226995
228,30,29,0.16762373333333333,0.1610465,0.018202069986364346,0.2118251,0.152912,0.228258,0.007916084,3789.7526100026225
229,30,29,0.16300513333333333,0.160777,0.010834401935130246,0.18581794999999993,0.152267,0.200184,0.007604683,3944.9376127841224
230,30,29,0.17143266666666665,0.1634265,0.02485256146284258,0.22018774999999993,0.152351,0.265091,0.007963594,3767.1433274976102
231,30,29,0.16400693333333333,0.161103,0.011394551577423953,0.17782175,0.152766,0.209061,0.007414859,4045.9299360918394
232,30,29,0.16828923333333334,0.161352,0.0258030514884595,0.19372234999999993,0.151349,0.2921,0.008009445,3745.5778771188266
233,30,29,0.1627541,0.160033,0.008600416727473552,0.1723231,0.151868,0.198494,0.007672135,3910.254446773942
234,30,29,0.1724614,0.161759,0.03455550604721787,0.22708645,0.150821,0.322887,0.008377233,3581.134725511395
235,30,29,0.16484913333333337,0.1618595,0.014016984349619257,0.18513529999999995,0.150874,0.222126,0.007735715,3878.115985400186
236,30,29,0.17059083333333333,0.1609125,0.04160672192134619,0.18821084999999999,0.152542,0.386204,0.007690493,3900.920266099976
237,30,29,0.16595109999999996,0.16155,0.014306464879014756,0.18287345,0.153803,0.230532,0.00773922,3876.3596331413246
238,30,29,0.17124413333333335,0.1630125,0.028369337092802458,0.2078998,0.154243,0.304945,0.007666052,3913.357227422929
239,30,29,0.16348780000000002,0.1614845,0.012429566462326003,0.17906755,0.152307,0.217012,0.007513571,3992.7752063566045
240,30,29,0.16336519999999996,0.1612035,0.010237637595892309,0.1833823,0.153465,0.204365,0.007558727,3968.9222801670176
241,30,29,0.1719214,0.163568,0.033442401763278784,0.19894779999999992,0.153909,0.337503,0.008113445,3697.5662003008583
242,30,29,0.16151120000000002,0.157552,0.01066220023356763,0.18396059999999997,0.152544,0.199655,0.007630891,3931.388877131124
243,30,29,0.18732383333333338,0.1592965,0.052878508791433854,0.29774404999999987,0.144753,0.339904,0.008466237,3543.486911599569
244,30,29,0.1581597,0.15623350000000003,0.012844687486701827,0.17389134999999997,0.14428,0.215584,0.007726736,3882.622623576113
245,30,29,0.1662526666666667,0.16202450000000002,0.020850403699611705,0.19518139999999992,0.151252,0.260659,0.007669043,3911.830980736449
246,30,29,0.1648434,0.161586,0.016395880465783955,0.20283219999999993,0.148434,0.221045,0.007265759,4128.956107682625
247,30,29,0.16078583333333332,0.158743,0.008445502112768764,0.16893195,0.153892,0.199001,0.00736456,4073.563118502667
248,30,29,0.16424503333333332,0.1613885,0.010927808839531069,0.18396334999999997,0.152674,0.205813,0.007654891,3919.062988617343
249,30,29,0.1676773666666667,0.1588485,0.02594243116180628,0.21943729999999986,0.151422,0.271368,0.007778972,3856.550711327923
250,30,29,0.16271650000000004,0.160434,0.01049487000708047,0.18250134999999995,0.151515,0.201498,0.007523836,3987.3277407960513
251,30,29,0.1647369333333333,0.160495,0.014866196104454289,0.17840609999999998,0.151501,0.232007,0.007904671,3795.2243679717976
252,30,29,0.16122679999999998,0.158428,0.011137805904773788,0.175392,0.149579,0.207045,0.007686867,3902.760383391569
253,30,29,0.1720187333333333,0.163724,0.02493440456675977,0.22647234999999993,0.15137,0.256413,0.0081695,3672.195360793194
254,30,29,0.1628742333333333,0.16055000000000003,0.011750549230548338,0.17659414999999998,0.150668,0.213639,0.007905358,3794.8945512651044
255,30,29,0.17536813333333334,0.162676,0.037329881195237884,0.26477524999999996,0.15227,0.304053,0.008366741,3585.6255141637585
256,30,29,0.16981263333333332,0.1531225,0.04698407831895407,0.2537341,0.14293,0.35715,0.008105469,3701.204705119469
257,30,29,0.16172656666666668,0.15210200000000001,0.030476193604169973,0.1816783,0.146776,0.314516,0.00786605,3813.8582897388146
258,30,29,0.16585220000000003,0.1596745,0.022018023533084168,0.2249407999999999,0.150413,0.237976,0.007531026,3983.520970449445
259,30,29,0.16501913333333332,0.1585025,0.01593779949491867,0.19887174999999993,0.152122,0.218285,0.007403593,4052.0866017351304
260,30,29,0.16605836666666668,0.163716,0.011492877717970812,0.18188285,0.150261,0.211738,0.007747607,3872.1633660561256
261,30,29,0.16154853333333336,0.159709,0.010839385749657822,0.17299625,0.15011,0.208283,0.00753948,3979.0542583838674
262,30,29,0.16757616666666664,0.1612445,0.01914910888371127,0.21699459999999995,0.150448,0.223651,0.007600321,3947.2017037175137
263,30,29,0.17066773333333332,0.162859,0.0252187121084562,0.21305734999999995,0.152532,0.280702,0.007858365,3817.5880097195786
264,30,29,0.1640484666666667,0.1601995,0.011405896604867133,0.18120874999999997,0.153746,0.21096,0.00751169,3993.775035977257
265,30,29,0.16631390000000001,0.162871,0.011897672604482283,0.18378265,0.153288,0.210914,0.007614893,3939.648265576417
266,30,29,0.16640766666666665,0.1597,0.023060017081869038,0.20614479999999996,0.152092,0.267846,0.007854369,3819.5302512525195
267,30,29,0.20242703333333337,0.174818,0.06030486050662076,0.29179225,0.156133,0.417736,0.009113611,3291.7797347286382
268,30,29,0.16396133333333332,0.16112749999999998,0.012217329877405017,0.17893515,0.150707,0.212645,0.00759449,3950.2323394987684
269,30,29,0.1690456,0.1617885,0.027526916248997273,0.19758124999999993,0.150801,0.300129,0.007786973,3852.5881623064574
270,30,29,0.1732831333333333,0.161924,0.043495340353471974,0.2201156,0.151612,0.386413,0.007824962,3833.884432921208
271,30,29,0.1643458666666667,0.1614965,0.011599482279568469,0.18046534999999997,0.149958,0.208446,0.007600796,3946.955029446916
272,30,29,0.164825,0.15932049999999998,0.01714166584469066,0.1953312499999999,0.151087,0.233801,0.007640072,3926.664565464828
273,30,29,0.16121796666666668,0.158516,0.010615368444182574,0.17830084999999998,0.150399,0.201051,0.007386582,4061.4183935140773
274,30,29,0.16408026666666667,0.16141250000000001,0.012242741370757794,0.17822984999999997,0.151798,0.215933,0.007531876,3983.071415408326
275,30,29,0.17402913333333334,0.1635585,0.02980115654401553,0.24417554999999994,0.151992,0.267778,0.007876665,3808.7185376044304
276,30,29,0.1673333,0.160597,0.02055748248398403,0.21237165,0.149985,0.241968,0.00831161,3609.409007400491
277,30,29,0.16274383333333334,0.159943,0.01285233496854475,0.17889534999999998,0.151819,0.220195,0.007730799,3880.58207178844
278,30,29,0.16716640000000002,0.163269,0.01580409976185795,0.2027384999999999,0.150761,0.217725,0.007963001,3767.423864445075
279,30,29,0.16766693333333332,0.1620305,0.01731215452822656,0.20418069999999994,0.154011,0.231044,0.007904189,3795.455801980443
280,30,29,0.1761457666666667,0.1642795,0.0274983786866054,0.23354284999999997,0.152541,0.244593,0.00831436,3608.2151843316865
281,30,29,0.16343696666666668,0.16089199999999998,0.011480618403635102,0.18431159999999996,0.153471,0.207529,0.007416107,4045.2490774472376
282,30,29,0.1628706333333333,0.158721,0.012773124642654262,0.19346409999999994,0.150577,0.202874,0.007579542,3958.0227934616632
283,30,29,0.17030176666666666,0.16128199999999998,0.029165551545336465,0.2138676,0.151541,0.302124,0.007820566,3836.039488701969
284,30,29,0.18101589999999998,0.163651,0.04788186500224383,0.3101692999999999,0.14924,0.326563,0.007962397,3767.709648237836
285,30,29,0.1592871,0.1571925,0.0087533612671027,0.17571214999999996,0.150282,0.190456,0.007474442,4013.677542751686
286,30,29,0.16467240000000002,0.16176200000000002,0.01299374545986884,0.18179549999999997,0.150881,0.220007,0.007871321,3811.3043541230245
287,30,29,0.17378149999999995,0.16321,0.035256608539490815,0.2641933499999998,0.152027,0.289863,0.008125867,3691.9137367126486
288,30,29,0.16762490000000002,0.161956,0.01930248068272305,0.21258399999999994,0.149703,0.234979,0.008250766,3636.026036855245
289,30,29,0.16127389999999997,0.158574,0.009989971531318382,0.1731306,0.148855,0.200841,0.007539312,3979.1429244472174
290,30,29,0.16785670000000003,0.1611245,0.028019299081968985,0.1962816499999999,0.15104,0.30409,0.007887978,3803.2560435640157
291,30,29,0.16555076666666668,0.15942800000000001,0.016798770210906824,0.2033446,0.151191,0.219833,0.00795246,3772.417591537713
292,30,29,0.1829133,0.1686705,0.0341661229826493,0.24925264999999996,0.150698,0.281076,0.008157959,3677.390386492504
293,30,29,0.16318696666666666,0.1600625,0.012447190261767658,0.17918974999999995,0.15109,0.218892,0.007414611,4046.0652622234666
294,30,29,0.1636045333333333,0.161027,0.010607307229983695,0.1766209,0.151823,0.205438,0.007543168,3977.1088221818736
295,30,29,0.16304623333333332,0.16057700000000003,0.013857535121129349,0.17765019999999998,0.14958,0.224717,0.007272436,4125.165212866776
296,30,29,0.16543383333333334,0.160908,0.018712672816484064,0.2045174999999999,0.149593,0.234187,0.007964436,3766.74506518729
297,30,29,0.17088359999999997,0.1602295,0.030905294277618633,0.23269124999999993,0.150541,0.291813,0.00788699,3803.732475887506
298,30,29,0.16240113333333334,0.1595515,0.011198844613229722,0.18034944999999997,0.152583,0.20723,0.007440636,4031.913400951209
299,30,29,0.1628669666666667,0.158968,0.012866878391846826,0.18794144999999995,0.152934,0.212815,0.007626572,3933.615259909695
300,30,29,0.16960646666666665,0.163441,0.0214669785207233,0.21881739999999997,0.152577,0.246596,0.007890172,3802.1984818581896
301,30,29,0.16587693333333334,0.161458,0.015592596107599036,0.2001055999999999,0.152495,0.218913,0.007805483,3843.4520964301632
302,30,29,0.16800883333333333,0.160492,0.02880373458674548,0.22248154999999986,0.149138,0.290645,0.008021218,3740.080371833804
303,30,29,0.16696576666666665,0.16264099999999998,0.023921129263049852,0.1978265499999999,0.15225,0.277676,0.007885012,3804.6866637615767
304,30,29,0.1641103,0.15978599999999998,0.01277623125357504,0.1791841,0.151609,0.219829,0.007576174,3959.7823386844075
305,30,29,0.17312839999999993,0.159745,0.03399432644407309,0.24248109999999995,0.150199,0.303759,0.00813574,3687.4334725544322
306,30,29,0.1742652333333333,0.1624285,0.028520544520946028,0.23888424999999996,0.151732,0.245964,0.008271294,3627.0020144369187
307,30,29,0.16408640000000002,0.15941100000000002,0.014821948419082125,0.19911454999999995,0.151008,0.213732,0.007786467,3852.8385209877597
308,30,29,0.1736150333333333,0.1581775,0.03556368486540374,0.25274575,0.149583,0.270949,0.007982786,3758.0864625457825
309,30,29,0.16541029999999998,0.15727750000000001,0.023796620352840893,0.2190531999999999,0.148254,0.251036,0.007925941,3785.0395303220143
310,30,29,0.1675991333333333,0.160621,0.02489408386681093,0.19772324999999993,0.152753,0.284596,0.007732057,3879.9507039329897
311,30,29,0.1658877666666667,0.160512,0.01566437558257443,0.19989194999999998,0.153769,0.221561,0.00726166,4131.286785666088
312,30,29,0.1655886,0.1617005,0.016423884837176238,0.2029742499999999,0.148479,0.219103,0.007358857,4076.7200667168827
313,30,29,0.1761306,0.1621475,0.04554809785846318,0.2715979999999997,0.151019,0.351519,0.007608539,3942.9383223244304
314,30,29,0.16197693333333335,0.15809250000000002,0.01174024575297425,0.1785961,0.148066,0.206464,0.007195996,4168.9850855948225
315,30,29,0.18466866666666662,0.1637835,0.05864250008920702,0.2510814,0.150953,0.448068,0.008276663,3624.6492094700484
316,30,29,0.16830453333333326,0.1598735,0.027422334212039316,0.20503089999999988,0.150634,0.291723,0.007645729,3923.759264813074
317,30,29,0.17080393333333338,0.1630905,0.027345630092718946,0.2386053999999999,0.152503,0.266013,0.008332935,3600.1720882258173
318,30,29,0.16209696666666668,0.157563,0.015480764347794785,0.19865454999999993,0.148625,0.212212,0.007890455,3802.0621117540118
319,30,29,0.1755206,0.164107,0.03708332305312011,0.2566269499999998,0.153418,0.315922,0.007854655,3819.3911763151914
320,30,29,0.17271703333333333,0.1651195,0.021978439269497472,0.21231724999999999,0.150277,0.250232,0.007543064,3977.1636565724484
321,30,29,0.16616476666666666,0.158856,0.021250220509498225,0.21092934999999988,0.150997,0.245303,0.007853728,3819.841990962763
322,30,29,0.16823503333333328,0.1610415,0.02265332779311461,0.20289829999999995,0.152449,0.26894,0.007351143,4080.9980162268644
323,30,29,0.16842900000000002,0.161686,0.02453285901215643,0.21296179999999998,0.149203,0.270315,0.007596475,3949.2001224252035
324,30,29,0.16650706666666665,0.16080299999999997,0.02081173842832923,0.19245289999999993,0.149393,0.261701,0.00752664,3985.8422881923407
325,30,29,0.16292159999999994,0.161275,0.012536070672401632,0.17475079999999998,0.15042,0.219837,0.007206644,4162.82530398338
326,30,29,0.16661056666666668,0.161265,0.016920554867162117,0.20801899999999995,0.150533,0.222991,0.007986134,3756.510972643334
327,30,29,0.1633744666666667,0.161069,0.011777085377189434,0.1837072,0.14997,0.209526,0.007527381,3985.44991943413
328,30,29,0.16981866666666665,0.16201100000000002,0.02543902156724686,0.21801799999999993,0.150467,0.275753,0.008193683,3661.3571699075983
329,30,29,0.16372763333333337,0.1612525,0.01096136805734146,0.17931494999999997,0.154657,0.209807,0.007484469,4008.300388444391
330,30,29,0.16549356666666667,0.16333999999999999,0.012010674906194856,0.18053904999999998,0.153618,0.21482,0.007614056,3940.0813442927133
331,30,29,0.1612007,0.157469,0.0127483167412205,0.18199279999999998,0.151603,0.214208,0.007473997,4013.916516155947
332,30,29,0.19284709999999997,0.1670375,0.05337853914704311,0.30200629999999995,0.145407,0.313611,0.009100251,3296.6123681643508
333,30,29,0.15693173333333332,0.1539235,0.01367862721215822,0.18322154999999996,0.142829,0.207352,0.007751573,3870.1822197894544
334,30,29,0.21425013333333334,0.21648499999999998,0.019066509084550962,0.2413024,0.1819,0.246349,0.009309707,3222.4429834365355
335,30,29,0.17517256666666667,0.16693049999999998,0.026460562574731176,0.21981744999999994,0.145542,0.265686,0.008430467,3558.521728392982
336,30,29,0.16302333333333333,0.15189049999999998,0.035826991681126956,0.24191039999999978,0.144231,0.300651,0.007865389,3814.17880285387
337,30,29,0.1509389666666667,0.1476385,0.011988969865969572,0.16483189999999998,0.141904,0.206483,0.007529853,3984.141523081526
338,30,29,0.15436406666666666,0.151239,0.012019521529100307,0.17301754999999996,0.14217,0.204404,0.007578261,3958.6918423633074
339,30,29,0.15578639999999994,0.152226,0.012784279353686836,0.17592339999999995,0.144979,0.21007,0.00763244,3930.591003663311
340,30,29,0.17266360000000003,0.166542,0.018827307703219914,0.20702159999999997,0.156493,0.244832,0.008031378,3735.3490272777594
341,30,29,0.20571246666666668,0.20148850000000001,0.03345327711046983,0.25868905,0.15346,0.277434,0.008077014,3714.2439025114973
342,30,29,0.1689465666666667,0.161296,0.026144478398636706,0.22439004999999979,0.153923,0.268063,0.008211105,3653.5886461079235
343,30,29,0.16724566666666665,0.16239399999999998,0.01892949461651794,0.20608969999999988,0.152934,0.236979,0.007923341,3786.2815698579675
344,30,29,0.16442503333333336,0.162323,0.016247635306955166,0.1853162499999999,0.152445,0.237897,0.00819795,3659.4514482279105
345,30,29,0.16687703333333334,0.1586105,0.020457895074051963,0.20781834999999999,0.150788,0.236236,0.007272037,4125.391551225605
346,30,29,0.16028093333333338,0.1584485,0.008545102670569543,0.17433809999999997,0.150051,0.192008,0.007477365,4012.1085435845384
347,30,29,0.16451633333333335,0.1589775,0.0163869995051446,0.20135714999999998,0.149802,0.210119,0.007878817,3807.6782339277584
348,30,29,0.18033903333333337,0.15821,0.05498537367868893,0.3067893999999998,0.1475,0.377214,0.008565543,3502.404926342673
349,30,29,0.16308296666666663,0.1561475,0.020804393348162243,0.2143842,0.145826,0.231072,0.007885694,3804.357612659076
350,30,29,0.16343000000000002,0.156561,0.021312396717921452,0.21711814999999998,0.148026,0.231605,0.008087051,3709.634080457759
351,30,29,0.16163876666666666,0.1561035,0.016699578728288294,0.18847224999999992,0.145729,0.23001,0.007878635,3807.7661930017066
352,30,29,0.1558963333333333,0.15397450000000001,0.007129015458132972,0.16603159999999997,0.146487,0.181434,0.007617983,3938.0502686866066
353,30,29,0.17015190000000002,0.155614,0.05369209224788296,0.2536242999999997,0.147015,0.411968,0.008236959,3642.1208360998276
354,30,29,0.16238116666666666,0.15509450000000002,0.02086342012509195,0.21212569999999994,0.147568,0.233141,0.008014906,3743.0258071648
355,30,29,0.16277419999999998,0.1564855,0.023682324829668457,0.19187099999999993,0.146872,0.27281,0.007984518,3757.2712592043754
356,30,29,0.1860716666666667,0.15950999999999999,0.05393312306176421,0.28683165,0.148407,0.368583,0.008651307,3467.6841314266153
357,30,29,0.1729717,0.1613785,0.0350209678248568,0.25043799999999994,0.14864,0.294299,0.008299343,3614.743962263037
358,30,29,0.1583224,0.155738,0.01020691186233707,0.17884279999999997,0.146566,0.191211,0.007797322,3847.47481250614
359,30,29,0.1598179,0.159104,0.008443822183029479,0.17546045,0.149568,0.185132,0.007742937,3874.498785150906
360,30,29,0.1633424333333333,0.156602,0.023619583271285622,0.2007714,0.148114,0.267641,0.008103247,3702.2196164080897
361,30,29,0.1802738333333333,0.1571195,0.04635552027468553,0.28308914999999996,0.147963,0.310069,0.008781195,3416.391504800884
362,30,29,0.16888890000000004,0.158647,0.03068349131817326,0.22260544999999995,0.150832,0.303193,0.008316647,3607.2229589641115
363,30,29,0.17863963333333333,0.159236,0.04215090497861335,0.2633624499999999,0.147492,0.31831,0.008445242,3552.296073931333
364,30,29,0.16237723333333334,0.1606665,0.007921078969883234,0.17528139999999998,0.153585,0.191218,0.007617093,3938.5104002274884
365,30,29,0.16840856666666668,0.1637065,0.019284480057331313,0.21753884999999995,0.151875,0.23141,0.008365661,3586.088415488029
366,30,29,0.1656627666666667,0.1617215,0.01763071509822312,0.18825859999999994,0.150509,0.247544,0.008068172,3718.3143839769405
367,30,29,0.1725135,0.16420649999999998,0.023182411600994643,0.2178478,0.150841,0.243589,0.008251442,3635.7281551515484
368,30,29,0.15843390000000002,0.156246,0.009012053209930614,0.17271634999999996,0.147663,0.189799,0.007641114,3926.129095836026
369,30,29,0.17086623333333334,0.16148,0.025780732041562563,0.22672994999999999,0.147635,0.246229,0.008099758,3703.8143608734977
370,30,29,0.16319496666666664,0.160443,0.010731344619556217,0.1774026,0.149262,0.205066,0.007619726,3937.1494460561967
371,30,29,0.1652250333333333,0.15859600000000001,0.028637438009666148,0.18793264999999995,0.150669,0.308929,0.007930529,3782.849794761484
372,30,29,0.16342800000000002,0.1606805,0.013587961817168447,0.18584839999999994,0.150823,0.217454,0.007447447,4028.2260484700328
373,30,29,0.16615400000000005,0.1616725,0.013728336923664684,0.19913469999999994,0.154709,0.211413,0.008185872,3664.8508552295953
374,30,29,0.163629,0.160392,0.011607783452910166,0.17704824999999996,0.152466,0.212493,0.007885753,3804.3291490362426
375,30,29,0.16333983333333338,0.1595895,0.01242763439936852,0.18075874999999997,0.15093,0.213884,0.007795852,3848.200299338674
376,30,29,0.1645812333333333,0.162769,0.013104823617551152,0.18442505,0.150248,0.213621,0.007808798,3841.820469680481
377,30,29,0.16911993333333336,0.1623125,0.019940221544325468,0.21157499999999999,0.154123,0.245229,0.008309225,3610.4450174354406
378,30,29,0.16865336666666667,0.161956,0.02001774951091179,0.21198559999999994,0.153729,0.244073,0.008127484,3691.179213641023
379,30,29,0.17787646666666668,0.1609615,0.040037145815917725,0.2674172999999998,0.151589,0.307798,0.00827381,3625.899071890701
380,30,29,0.1656825666666667,0.16186450000000002,0.012909667905350497,0.19102259999999993,0.149847,0.207534,0.007478886,4011.2925909019073
381,30,29,0.16851603333333331,0.159164,0.03221891808098458,0.21733149999999984,0.152645,0.314057,0.007261978,4131.105877764984
382,30,29,0.17296446666666662,0.1648125,0.03003904139011066,0.21899029999999997,0.15323,0.303423,0.007557,3969.829297340214
383,30,29,0.161469,0.1588475,0.01052348916177192,0.17934264999999996,0.150966,0.20177,0.007294722,4112.562480105479
384,30,29,0.1644537,0.1623165,0.010585413748042225,0.17747939999999998,0.152996,0.209084,0.007345688,4084.028616516247
385,30,29,0.16279576666666667,0.1594275,0.011217324076019056,0.18257854999999995,0.152822,0.205911,0.007179383,4178.632063507407
386,30,29,0.19043970000000002,0.172982,0.05228634667644093,0.26867444999999995,0.154186,0.421127,0.008725981,3438.0088611240385
387,30,29,0.18173393333333332,0.1714135,0.035767885598708506,0.2476765,0.154014,0.330448,0.008046649,3728.2600496181703
388,30,29,0.17560613333333333,0.1679195,0.028234689195767836,0.21788744999999987,0.153921,0.298751,0.007948271,3774.4057795714316
389,30,29,0.16410929999999999,0.159341,0.016452094511138944,0.1780427,0.152862,0.244551,0.00746231,4020.2028594362873
390,30,29,0.1966130666666667,0.18183,0.04378553422034405,0.28307194999999996,0.160011,0.350042,0.008807646,3406.1314453373807
391,30,29,0.17966373333333335,0.17441600000000002,0.01863667641106039,0.2058649,0.158319,0.245246,0.007654311,3919.3599528422615
392,30,29,0.18893433333333334,0.1664315,0.05088380433574283,0.2799615,0.15163,0.389949,0.008691785,3451.5349838957127
393,30,29,0.1658253666666667,0.1622655,0.0126813511394878,0.18495499999999998,0.154524,0.219633,0.007350169,4081.5388054342693
394,30,29,0.17220573333333328,0.1627855,0.026750346386327513,0.20302009999999993,0.155042,0.296214,0.007784956,3853.5863272701863
395,30,29,0.17755026666666665,0.1595065,0.04404632952803166,0.28010769999999996,0.151736,0.321024,0.008194407,3661.033678214909
396,30,29,0.1832154666666667,0.1654815,0.03948060548721082,0.26394235,0.151444,0.300295,0.008673871,3458.663381090173
397,30,29,0.16442593333333336,0.1624055,0.010372707756526203,0.17819394999999996,0.153974,0.207121,0.007465523,4018.472650877909
398,30,29,0.16548486666666662,0.16269250000000002,0.0133728328485554,0.18799894999999997,0.152114,0.216428,0.007679807,3906.3481673432675
399,30,29,0.1627846,0.160108,0.009308553569627277,0.17870679999999994,0.151122,0.199129,0.007431546,4036.8450925285265
400,30,29,0.16861050000000002,0.16201549999999998,0.021164402145812083,0.22428764999999995,0.151285,0.236341,0.007978213,3760.240545094497
401,30,29,0.1651962333333333,0.159761,0.020307579333636833,0.18306165,0.151062,0.26252,0.007538023,3979.8233568669134
402,30,29,0.17486373333333333,0.161407,0.04061125924559154,0.25267764999999986,0.152146,0.347732,0.00815323,3679.523330017674
403,30,29,0.17056183333333327,0.161142,0.022859006552286374,0.22186304999999998,0.150389,0.227648,0.007889095,3802.717548717565
404,30,29,0.16992643333333335,0.16604649999999999,0.018353520531745278,0.2075563499999999,0.151215,0.228368,0.00745297,4025.2409442141857
405,30,29,0.16385613333333332,0.1615525,0.012129423105744185,0.18460384999999999,0.147968,0.208727,0.007472466,4014.7389094845
406,30,29,0.16345909999999997,0.16193400000000002,0.01070795715521551,0.18229639999999997,0.15367,0.203166,0.007535508,3981.151635695961
407,30,29,0.18869736666666673,0.1767445,0.03194818706688878,0.24633585,0.155414,0.282705,0.008476539,3539.180318759815
408,30,29,0.17408183333333332,0.1662555,0.030599233555967435,0.25150729999999993,0.14737,0.264947,0.008542864,3511.702866860575
409,30,29,0.1600888666666666,0.15501399999999999,0.017531673143855623,0.20253784999999996,0.142452,0.211005,0.00777349,3859.2704177917512
410,30,29,0.17417796666666668,0.1643865,0.026651712506902334,0.2321354999999999,0.145652,0.249414,0.007932128,3782.0872280427143
411,30,29,0.17227733333333328,0.160545,0.028556794842526725,0.23740874999999995,0.146876,0.249876,0.008332876,3600.1975788431273
412,30,29,0.20158119999999996,0.1956485,0.03924577512109007,0.23194555,0.166497,0.381396,0.008581222,3496.005580557175
413,30,29,0.23893660000000005,0.1849835,0.15613596539965657,0.6254893499999994,0.146047,0.778559,0.009724766,3084.907132983971
414,30,29,0.16988883333333335,0.1654695,0.019225109995799107,0.20789765,0.144588,0.223547,0.00804429,3729.353367419623
415,30,29,0.16615346666666664,0.15489599999999998,0.030879563135347055,0.23295759999999993,0.142835,0.278012,0.008088655,3708.898450978562
416,30,29,0.15758756666666668,0.1511525,0.018732394155733193,0.1888056,0.141584,0.230469,0.007666524,3913.116296251078
417,30,29,0.1547047666666667,0.1524485,0.010240903430928797,0.16541524999999999,0.145444,0.199022,0.00761446,3939.872295605992
418,30,29,0.15512816666666668,0.15139,0.01210202998954374,0.17436964999999996,0.144265,0.203834,0.007609221,3942.5849242649147
419,30,29,0.1891772,0.16971350000000002,0.041999155769347686,0.24236495,0.151895,0.343975,0.009117976,3290.203878580071
420,30,29,0.21189630000000007,0.216345,0.025096544558344393,0.2403909,0.166457,0.266768,0.008644413,3470.449641866949
421,30,29,0.16913746666666668,0.1632715,0.017032093300252488,0.20606119999999994,0.151083,0.214665,0.00811623,3696.2974188755124
422,30,29,0.16575410000000002,0.1595155,0.01710446191505153,0.2005527,0.146341,0.212603,0.008241243,3640.2275724669203
423,30,29,0.17546106666666664,0.1655075,0.03189170345785371,0.24605754999999996,0.151621,0.296231,0.008160885,3676.071896614154
424,30,29,0.17516916666666665,0.1661915,0.0328998059108449,0.23255114999999996,0.15271,0.311043,0.008124752,3692.4203963394816
425,30,29,0.16684540000000006,0.163769,0.013313525354004629,0.1807673,0.154088,0.225286,0.007451728,4025.9118421928442
426,30,29,0.16282770000000005,0.1603645,0.011288276509816234,0.18200389999999997,0.152072,0.203497,0.007729699,3881.1343106633262
427,30,29,0.17671663333333332,0.16334100000000001,0.04490317311611065,0.22835194999999986,0.154116,0.391369,0.008200897,3658.1364209305393
428,30,29,0.16143119999999997,0.160388,0.008189642413144326,0.16855799999999999,0.150001,0.193865,0.007685496,3903.4565888785837
429,30,29,0.1635491666666667,0.16116750000000002,0.010672719231707099,0.18092964999999997,0.152061,0.205172,0.007738989,3876.475338057723
430,30,29,0.17758446666666663,0.1622025,0.03247032275121108,0.2541725999999999,0.155833,0.269199,0.008098064,3704.5891462453246
431,30,29,0.17974760000000004,0.16489399999999999,0.03539776800736805,0.25699215,0.150405,0.284233,0.008376611,3581.400640426062
432,30,29,0.2092711,0.168295,0.06868374510622757,0.31960079999999985,0.149858,0.424311,0.008757121,3425.7834281380833
433,30,29,0.1604513,0.15884700000000002,0.010891928451365038,0.1745408,0.147479,0.203262,0.006109105,4910.702958944068
434,30,29,0.16981436666666666,0.1635565,0.021195236493923186,0.21127949999999998,0.149212,0.236132,0.006479958,4629.659636682831
435,30,29,0.16038153333333333,0.1576435,0.01152968957243783,0.17907834999999997,0.148219,0.20524,0.006095174,4921.926757136055
436,30,29,0.16966963333333335,0.1562835,0.038138751982622,0.2531381,0.148231,0.321313,0.006659705,4504.704037190836
437,30,29,0.17153846666666664,0.16187600000000002,0.022155992040347773,0.2252543,0.150746,0.2265,0.006564068,4570.336565678478
438,30,29,0.16873566666666667,0.1631335,0.02485050775216132,0.2011671999999999,0.152856,0.283125,0.006395853,4690.539322901886
439,30,29,0.1711244333333334,0.1640095,0.024431892123549938,0.22401585,0.151376,0.249084,0.006521702,4600.026189482439
440,30,29,0.16411283333333335,0.1601405,0.013342709855258383,0.18212634999999996,0.152507,0.221269,0.006256307,4795.16110702368
441,30,29,0.16909729999999998,0.157169,0.033034386793732544,0.24717344999999996,0.148741,0.274999,0.008201375,3657.923214095197
442,30,29,0.17479636666666667,0.16110449999999998,0.04370181544598248,0.27371744999999975,0.148576,0.333146,0.008524897,3519.1041017856287
443,30,29,0.1585606333333333,0.155271,0.01314164316205742,0.18281934999999994,0.145708,0.212304,0.007667702,3912.515118610504
444,30,29,0.15891059999999999,0.155221,0.010740564242546847,0.17391659999999998,0.148965,0.203332,0.007704636,3893.759549445295
445,30,29,0.1710631666666666,0.1568795,0.04051722782419191,0.2457315999999998,0.146616,0.338539,0.008255816,3633.8019161279763
446,30,29,0.17506896666666671,0.15696100000000002,0.04518195474582771,0.2647459,0.143979,0.328993,0.008195247,3660.658427988809
447,30,29,0.15533443333333333,0.1510125,0.012751103802614796,0.17417994999999997,0.143661,0.206404,0.007667602,3912.5661451911565
448,30,29,0.15904710000000002,0.15478550000000002,0.014272790415018166,0.17612004999999997,0.145874,0.224343,0.007793594,3849.3152196534743
449,30,29,0.16850789999999996,0.1590875,0.030011877661731842,0.23280574999999987,0.149977,0.286234,0.008168093,3672.827917116027
450,30,29,0.15687723333333337,0.1539725,0.010906403739541508,0.17313349999999997,0.146955,0.201752,0.007614917,3939.6358489527856
451,30,29,0.1626644,0.15758149999999999,0.014812881485499313,0.19610999999999995,0.149316,0.211957,0.007921334,3787.2408864466515
452,30,29,0.1612446,0.15917350000000002,0.012779204525996186,0.18685509999999997,0.14815,0.203453,0.007807439,3842.48919524059
453,30,29,0.16420253333333337,0.157881,0.021553140242814663,0.21760885,0.148426,0.23486,0.00782295,3834.8704772496308
454,30,29,0.16746756666666665,0.1575425,0.026503581212387307,0.21831209999999995,0.148012,0.258406,0.008091043,3707.8038023033623
455,30,29,0.1616521,0.15803450000000002,0.013822989761812472,0.19438909999999995,0.149392,0.206335,0.007850725,3821.3031280550526
456,30,29,0.15866373333333333,0.155345,0.011791937917809409,0.17398799999999998,0.146234,0.204381,0.007774593,3858.7228939186916
457,30,29,0.16366899999999998,0.15717599999999998,0.018640295459771722,0.2087686,0.147711,0.222112,0.007919575,3788.0820624844137
458,30,29,0.17132730000000002,0.15743649999999998,0.03113421736128917,0.23823445,0.148173,0.258589,0.008012808,3744.0058466395303
459,30,29,0.16637793333333334,0.15626649999999997,0.02593300807310136,0.21263579999999999,0.14146,0.245783,0.008152583,3679.81534195972
460,30,29,0.15545076666666666,0.1528275,0.012376399960334223,0.1818579,0.141622,0.200149,0.007577299,3959.194430627589
461,30,29,0.16172036666666667,0.151899,0.03399266162234526,0.19285694999999997,0.142656,0.328775,0.007991472,3754.001765882431
462,30,29,0.15609319999999996,0.15322449999999999,0.011236570207478177,0.17030859999999998,0.145962,0.204784,0.007644973,3924.147279526036
463,30,29,0.1584695333333333,0.15406199999999998,0.014316155565950858,0.1889669999999999,0.144824,0.203866,0.007743213,3874.360682057952
464,30,29,0.15462290000000004,0.152095,0.011350403381408506,0.1700543,0.145646,0.202731,0.007558477,3969.0535540426995
465,30,29,0.1568213,0.1526215,0.013129935373294743,0.17319814999999994,0.147322,0.216561,0.007601246,3946.721366470708
466,30,29,0.1599825666666667,0.1536325,0.022631859164009047,0.21367754999999988,0.143173,0.239014,0.007841852,3825.6269054810014
467,30,29,0.15447600000000003,0.15149600000000002,0.010400095646111909,0.1692163,0.145407,0.198308,0.007607562,3943.444693582517
468,30,29,0.1595719666666667,0.15324949999999998,0.02068237174167701,0.19298329999999994,0.145863,0.249595,0.007797761,3847.2582065544198
469,30,29,0.15665236666666668,0.1531765,0.013275272672005343,0.18023049999999996,0.144393,0.209012,0.00762518,3934.3333534421486
470,30,29,0.1607871,0.15272750000000002,0.02908577018281597,0.1912454999999999,0.144755,0.301924,0.007873489,3810.2548946216857
471,30,29,0.17880450000000003,0.16218349999999998,0.03530309130329758,0.25202465,0.146634,0.258965,0.008623465,3478.8800093697832
472,30,29,0.16075903333333333,0.1566235,0.015171458422116937,0.1938864499999999,0.147037,0.213385,0.00777365,3859.190984929859
473,30,29,0.15445006666666666,0.1511615,0.009321696715221685,0.17059835,0.144565,0.187669,0.007643228,3925.0431885585513
474,30,29,0.1632738,0.1536035,0.03357760338883541,0.21117894999999987,0.146713,0.317514,0.008032949,3734.6185068522163
475,30,29,0.16446329999999995,0.160306,0.013630665825187375,0.1938197499999999,0.152794,0.211022,0.008198544,3659.1863140577157
476,30,29,0.1622857,0.15734,0.015124451823979014,0.19741539999999994,0.148901,0.209921,0.007847489,3822.87888520774
477,30,29,0.1727264,0.15936899999999998,0.03452089969419325,0.24906584999999987,0.149973,0.295892,0.008086232,3710.0098043192424
478,30,29,0.16778893333333336,0.1573975,0.029643663507288254,0.2251616999999999,0.148564,0.290203,0.008104501,3701.6467762790085
479,30,29,0.15440129999999996,0.1536645,0.006698104235914253,0.16421294999999997,0.146226,0.179465,0.007592635,3951.1974433118407
480,30,29,0.16384119999999996,0.159012,0.022010417551382503,0.20519319999999988,0.147124,0.253029,0.007994597,3752.534367898719
481,30,29,0.15803346666666668,0.155056,0.010929044816556424,0.17359924999999998,0.147911,0.204091,0.007710569,3890.7634443061206
482,30,29,0.16375263333333331,0.155167,0.025547661838466622,0.22215119999999988,0.146849,0.25782,0.00805525,3724.2791967971198
483,30,29,0.16611256666666666,0.1554605,0.034849562790196034,0.22482394999999986,0.148588,0.320801,0.007921909,3786.965995191311
484,30,29,0.17191253333333334,0.15189,0.05237455973495037,0.25457775,0.144443,0.394037,0.008203264,3657.0808887779303
485,30,29,0.15533403333333332,0.15145399999999998,0.011880742675274643,0.17620495,0.144484,0.201022,0.007621503,3936.2314756026467
486,30,29,0.15596196666666665,0.152787,0.013961756816842346,0.17263549999999997,0.143899,0.217041,0.007601666,3946.503305985819
487,30,29,0.16205343333333336,0.1521865,0.03789013719606702,0.20595074999999982,0.144059,0.342942,0.007852035,3820.6655981538543
488,30,29,0.1606275666666667,0.1538775,0.020483387564465307,0.19187054999999995,0.14745,0.252641,0.007745565,3873.18420283091
489,30,29,0.15577146666666664,0.152138,0.010613772161623342,0.1736893,0.144148,0.198504,0.007710639,3890.7281225330353
490,30,29,0.15735586666666668,0.153887,0.013161338336552076,0.18254234999999996,0.145218,0.206424,0.007663969,3914.420843821263
491,30,29,0.16232403333333334,0.15390700000000002,0.027536238350873054,0.21308214999999994,0.142452,0.276932,0.007941733,3777.5130440673342
492,30,29,0.15595636666666668,0.1519255,0.015235670050752681,0.17004334999999998,0.144696,0.228731,0.007679887,3906.3074756178053
493,30,29,0.15818436666666666,0.15245999999999998,0.015445678260597203,0.1915807999999999,0.145429,0.211641,0.007748897,3871.518746474498
494,30,29,0.157895,0.1527135,0.015070187825752153,0.17763825,0.144574,0.218874,0.007751611,3870.1632473559366
495,30,29,0.16194336666666667,0.152733,0.03331791055613237,0.20375239999999994,0.145955,0.321474,0.007830418,3831.2130974361776
496,30,29,0.1703729333333333,0.15645599999999998,0.03271614170925768,0.245511,0.146767,0.249191,0.00811403,3697.2996156040836
497,30,29,0.15912303333333339,0.15232,0.026057524198274833,0.18004119999999998,0.144999,0.290125,0.007790433,3850.8770950215476
498,30,29,0.1558459,0.153064,0.012967911395254534,0.17799215,0.144386,0.208894,0.007611338,3941.4883427854606
499,30,29,0.16675849999999998,0.1568855,0.04343060078724885,0.20221774999999997,0.143453,0.383379,0.008086137,3710.053391378355
500,30,29,0.1563928,0.1540165,0.010781983885646688,0.17012144999999998,0.145748,0.200327,0.007651832,3920.629726319135
501,30,29,0.15970816666666668,0.151212,0.019507972601996083,0.20085234999999987,0.143758,0.221566,0.007826954,3832.9086896383956
502,30,29,0.16246466666666667,0.155418,0.021739480196071904,0.2099642,0.145115,0.241961,0.007830285,3831.2781718673077
503,30,29,0.15567266666666668,0.1510465,0.014849477019313722,0.19180424999999993,0.145101,0.204557,0.007575505,3960.132030801907
504,30,29,0.16227353333333336,0.157328,0.018805690321399206,0.20098194999999996,0.146299,0.230341,0.007830235,3831.3026365109095
505,30,29,0.16044186666666665,0.1565585,0.010222748472227847,0.17588664999999995,0.15086,0.201573,0.007643213,3925.0508915556848
506,30,29,0.16498563333333333,0.15737600000000002,0.0338871539484063,0.18360089999999993,0.149449,0.338614,0.007852532,3820.4237817814683
507,30,29,0.15931323333333333,0.1571715,0.012648067702176904,0.18007834999999994,0.145169,0.210542,0.007832521,3830.184432317513
508,30,29,0.1564102666666667,0.1524295,0.011190480775882791,0.17461084999999998,0.148638,0.202825,0.007605937,3944.2872061653943
509,30,29,0.16463440000000001,0.1580025,0.02157166565691655,0.21589549999999996,0.146204,0.234208,0.007910932,3792.2206890414427
510,30,29,0.1550253666666667,0.15146700000000002,0.01255249211548031,0.1702975,0.144225,0.210699,0.007509516,3994.9312312537854
511,30,29,0.16414056666666668,0.15540900000000002,0.028042189866875327,0.2345585499999999,0.143495,0.255016,0.008004606,3747.8421798649433
512,30,29,0.16774556666666665,0.1600155,0.03133905971641771,0.19936899999999988,0.15292,0.321614,0.008215328,3651.710558604599
513,30,29,0.16284373333333335,0.16095199999999998,0.013159905449648115,0.18569585,0.148585,0.212714,0.007965609,3766.190381677032
514,30,29,0.153373,0.150642,0.01034337612794478,0.16825359999999998,0.1452,0.199102,0.007572608,3961.6470309832494
515,30,29,0.16883293333333332,0.155697,0.05161718209848833,0.20137444999999998,0.145077,0.428284,0.008139675,3685.6508398676847
516,30,29,0.1580071,0.151776,0.01982144155192936,0.18805539999999998,0.143823,0.246318,0.007643449,3924.929701238276
517,30,29,0.17429983333333338,0.1663715,0.023117369688528403,0.219238,0.155306,0.261121,0.008704859,3446.351055198022
518,30,29,0.16880063333333334,0.162119,0.02064784982791409,0.20974759999999998,0.14749,0.236097,0.008458331,3546.799007983963
519,30,29,0.16744700000000004,0.1595085,0.026699568153552726,0.22143489999999993,0.146871,0.274534,0.007966596,3765.723779641895
520,30,29,0.1618717,0.1572415,0.015106333826098151,0.18952834999999996,0.148543,0.216789,0.008039747,3731.460703925136
521,30,29,0.1629821333333333,0.1594115,0.013502217914190942,0.1911108,0.150375,0.208675,0.007889102,3802.7141745663826
522,30,29,0.17769789999999996,0.15924,0.053533942205148115,0.2444515999999999,0.148567,0.421335,0.006902701,4346.124799553103
523,30,29,0.18566933333333333,0.16264499999999998,0.05098776065599119,0.2810136,0.151139,0.351684,0.007053711,4253.08039980657
524,30,29,0.16144103333333332,0.1585765,0.013372322439002273,0.18142864999999997,0.146972,0.204082,0.006335765,4735.024105218549
525,30,29,0.15743980000000005,0.154081,0.013529349482029673,0.1840657499999999,0.147357,0.208459,0.005974171,5021.6172252183605
526,30,29,0.16022506666666664,0.1554815,0.021251946234498692,0.17589614999999997,0.14482,0.265201,0.006120283,4901.734119157562
527,30,29,0.16409596666666665,0.16127350000000001,0.013708821822369393,0.19003535,0.147641,0.20271,0.00625651,4795.005522248027
528,30,29,0.1676973,0.158673,0.0315073269860115,0.2265085499999999,0.148226,0.300671,0.006682294,4489.476218795521
529,30,29,0.16002073333333336,0.1565365,0.015342621555728308,0.19242839999999997,0.147716,0.219478,0.006061855,4948.980138917873
530,30,29,0.1629753333333333,0.16008,0.011432128279043484,0.17994834999999998,0.151439,0.208336,0.006244064,4804.563181927668
531,30,29,0.1772923333333333,0.1622185,0.045233438823685426,0.2788121999999999,0.15162,0.3508,0.006973169,4302.204636084397
532,30,29,0.16877966666666666,0.161634,0.02392257174696119,0.2074163499999999,0.1505,0.269177,0.0064701,4636.713497472991
533,30,29,0.16775913333333334,0.164033,0.017882089709969646,0.2062548499999999,0.153173,0.229963,0.006812814,4403.466761311845
534,30,29,0.1683314666666667,0.1626015,0.018703155790757167,0.2101187,0.148996,0.22419,0.008034989,3733.670326119924
535,30,29,0.17473419999999998,0.1621435,0.04590995632337057,0.26930304999999977,0.15054,0.361474,0.00837749,3581.0248654429906
536,30,29,0.16532203333333334,0.16030899999999998,0.020167599461347236,0.1876971,0.149658,0.258928,0.007927415,3784.3357513136375
537,30,29,0.16171556666666667,0.1557715,0.021972278204487633,0.18902894999999995,0.146639,0.264677,0.007691527,3900.3958511749356
538,30,29,0.16784750000000004,0.1602305,0.022566922242521242,0.21333354999999998,0.148052,0.246001,0.008202897,3657.2445076416293
539,30,29,0.17326240000000004,0.15919250000000001,0.04503415215114428,0.22418154999999995,0.151349,0.392194,0.008206506,3655.636150147212
540,30,29,0.1637175,0.159509,0.01972666034574914,0.19187654999999992,0.14952,0.251349,0.007951885,3772.6903746721687
541,30,29,0.16755916666666665,0.15857,0.026479451873537497,0.22925869999999987,0.150937,0.263785,0.008027449,3737.1772776133485
542,30,29,0.16718393333333334,0.159019,0.025164334258729312,0.2121369499999999,0.150914,0.27395,0.008351574,3592.137242632347
543,30,29,0.16536803333333336,0.1631425,0.012907889964811374,0.17899645,0.152264,0.223364,0.008038858,3731.8733581312176
544,30,29,0.16276989999999997,0.1588925,0.012540803478493989,0.17872744999999998,0.152165,0.218724,0.007941613,3777.570123348997
545,30,29,0.16276286666666667,0.1591745,0.0105511062852991,0.1777037,0.153491,0.207789,0.007985836,3756.651150862602
546,30,29,0.16861743333333337,0.161589,0.018035748464308766,0.21311074999999996,0.152765,0.221463,0.008335269,3599.163986189288
547,30,29,0.17396646666666665,0.1633205,0.027851009037293466,0.23414059999999998,0.148938,0.253211,0.008790181,3412.8990062889493
548,30,29,0.16894103333333332,0.1613035,0.028917089418666022,0.21134329999999998,0.148421,0.301205,0.008115558,3696.6034867842727
549,30,29,0.1582086,0.15508149999999998,0.011009645202714536,0.17432374999999997,0.148285,0.203469,0.007589259,3952.955090872508
550,30,29,0.1704934,0.156431,0.033488999435841514,0.24500955,0.150016,0.28652,0.008270211,3627.4769773104945
551,30,29,0.16231739999999997,0.160873,0.012300486681148167,0.18065889999999998,0.149694,0.210152,0.007861262,3816.18116785829
552,30,29,0.15937503333333336,0.15549649999999998,0.011335374327157512,0.1769784,0.146273,0.202624,0.00769945,3896.382209118833
553,30,29,0.16082936666666667,0.1566025,0.013407897151803235,0.18018409999999996,0.149223,0.216589,0.007833354,3829.7771299496994
554,30,29,0.16835930000000002,0.1592925,0.04241531006780778,0.19266344999999993,0.149201,0.386441,0.008076951,3714.27287351378
555,30,29,0.17076860000000005,0.15890700000000002,0.03509984575523629,0.22644034999999998,0.151003,0.320966,0.008175696,3669.4123656261195
556,30,29,0.17215636666666667,0.159314,0.03044962042058113,0.2378458,0.146246,0.254037,0.008286287,3620.4394079036847
557,30,29,0.15888340000000006,0.1510595,0.028443449829078586,0.19930549999999989,0.142477,0.289086,0.007771488,3860.264597976604
558,30,29,0.17401503333333335,0.158816,0.0398865005402038,0.25974889999999984,0.144612,0.310178,0.008591472,3491.83469375213
559,30,29,0.15879809999999997,0.150751,0.023751537623329017,0.22140269999999998,0.145033,0.238646,0.007847146,3823.0459838519637
560,30,29,0.15681753333333331,0.153672,0.014919759863865175,0.17541659999999995,0.145396,0.2241,0.007626746,3933.5255166489087
561,30,29,0.16900989999999996,0.154886,0.0366664988759118,0.23379705,0.146801,0.323328,0.008091026,3707.811592744851
562,30,29,0.16559876666666667,0.156169,0.03239874624509447,0.2022155999999999,0.144777,0.31696,0.008084972,3710.5879896677443
563,30,29,0.1606192,0.1532705,0.02487126209572973,0.18529684999999996,0.146082,0.280035,0.007846527,3823.3475778519587
564,30,29,0.1745027,0.1604285,0.04519502716324227,0.2238001,0.145379,0.391974,0.008411682,3566.4686325517296
565,30,29,0.16221066666666667,0.1563185,0.016826342127815502,0.18799449999999998,0.146607,0.218407,0.007774286,3858.8752716326617
566,30,29,0.17626983333333335,0.167968,0.03156836354488935,0.21383989999999997,0.150041,0.318348,0.008420981,3562.530303773397
567,30,29,0.16498496666666668,0.1599025,0.027738397502980107,0.19577714999999993,0.147327,0.297106,0.007999383,3750.2892410577165
568,30,29,0.18262189999999998,0.163579,0.04705261432023693,0.29490049999999995,0.150171,0.332092,0.008689476,3452.452138656002
569,30,29,0.16979049999999998,0.162505,0.022373928680574817,0.21831425,0.147847,0.245345,0.008261167,3631.4481961204756
570,30,29,0.16387716666666666,0.16078900000000002,0.012823999693686765,0.18796564999999998,0.148499,0.203499,0.007905472,3794.839827400565
571,30,29,0.16138690000000003,0.154546,0.01837808605724726,0.20703039999999998,0.147126,0.221767,0.007855637,3818.9137303569396
572,30,29,0.16739146666666663,0.15783799999999998,0.035591941391017276,0.21325659999999994,0.147828,0.336358,0.008148181,3681.8033374565443
573,30,29,0.16790133333333335,0.1636285,0.01873809184767633,0.19594334999999996,0.150154,0.242852,0.008315931,3607.533540141206
574,30,29,0.15776283333333335,0.1564845,0.007953213959250006,0.17239905,0.148797,0.18585,0.007591733,3951.6668987173284
575,30,29,0.16942813333333331,0.162518,0.026687107554712285,0.20945004999999986,0.150751,0.287329,0.008056145,3723.8654468110985
576,30,29,0.16909919999999998,0.162744,0.025222379513111924,0.21336714999999995,0.151163,0.271251,0.008135223,3687.6678119333665
577,30,29,0.17470170000000002,0.161893,0.04310596589172571,0.24309229999999982,0.150982,0.367886,0.008309416,3610.3620278488884
578,30,29,0.1641871666666667,0.1621185,0.012814353727520673,0.1805714,0.151477,0.213888,0.00789575,3799.5123959091916
579,30,29,0.16415853333333338,0.1594795,0.01494816557476451,0.19798284999999993,0.150972,0.215172,0.007862439,3815.609888992461
580,30,29,0.16693246666666664,0.1625955,0.017423726791130367,0.20421264999999997,0.150095,0.224145,0.008025364,3738.1482011283224
581,30,29,0.1633927333333333,0.1585145,0.016993230788054755,0.20378344999999998,0.148718,0.222881,0.007864675,3814.525075734217
582,30,29,0.1623717666666667,0.1577105,0.014485255301532477,0.1768495,0.149864,0.227157,0.007863178,3815.251288982648
583,30,29,0.16105383333333334,0.1582355,0.012141604916022496,0.18619124999999995,0.148084,0.202742,0.007860634,3816.4860493441115
584,30,29,0.16295493333333333,0.1573195,0.019387436641099407,0.20054069999999993,0.148637,0.241372,0.008089647,3708.4436440798963
585,30,29,0.15994646666666665,0.1565045,0.012460330271079005,0.18340824999999997,0.150254,0.210043,0.007753185,3869.3775525800042
586,30,29,0.17155143333333334,0.16121449999999998,0.02997276568381339,0.2414277499999999,0.149685,0.267634,0.008471102,3541.45186777352
587,30,29,0.16364283333333332,0.159718,0.016163143418845265,0.19545124999999994,0.149414,0.226462,0.007847019,3823.107857901198
588,30,29,0.16144646666666665,0.157893,0.011192738485696671,0.17519019999999996,0.147365,0.208382,0.007822775,3834.956265519588
589,30,29,0.16130506666666664,0.155449,0.02256091298582624,0.17994789999999997,0.147901,0.272826,0.007762675,3864.647173815727
590,30,29,0.16193526666666666,0.157582,0.013128486684157161,0.17726044999999999,0.150768,0.217329,0.007951631,3772.810886219443
591,30,29,0.16552889999999998,0.1583075,0.026866953774620346,0.19501664999999993,0.149857,0.294466,0.007999334,3750.312213491773
592,30,29,0.16846643333333328,0.1578485,0.023562119733228346,0.21720314999999998,0.151155,0.236941,0.00828515,3620.9362534172587
593,30,29,0.16014403333333332,0.155079,0.01522488238895366,0.19640394999999994,0.149292,0.210656,0.007754211,3868.8655751049337
594,30,29,0.16194063333333333,0.150538,0.02539417766893839,0.2176792,0.143591,0.235166,0.007819144,3836.737115980982
595,30,29,0.15927813333333335,0.1555425,0.01730245785756011,0.19706894999999994,0.145369,0.222626,0.007701288,3895.452293174856
596,30,29,0.15589266666666665,0.151748,0.012661318211409691,0.17532574999999997,0.144378,0.205892,0.00750402,3997.8571485683674
597,30,29,0.16120393333333335,0.1569575,0.01454992445278013,0.19180115,0.145487,0.205289,0.00782244,3835.120499486094
598,30,29,0.1696059,0.16172999999999998,0.02370256379752752,0.2190230499999999,0.147704,0.250742,0.008202546,3657.4010069556452
599,30,29,0.15918506666666665,0.15336100000000003,0.016495450530443198,0.18498349999999997,0.144302,0.222361,0.007653171,3919.9437723265296
600,30,29,0.1610569,0.154493,0.02049153832826176,0.21250674999999994,0.14339,0.223744,0.007960745,3768.491516811555
601,30,29,0.16913450000000002,0.161983,0.022267926112731488,0.22273159999999995,0.151313,0.231334,0.008273771,3625.916163258568
602,30,29,0.17518516666666667,0.16408450000000002,0.029701891686050662,0.21716699999999997,0.150629,0.298866,0.00865663,3465.551837146788
603,30,29,0.16141273333333334,0.16061150000000002,0.007996084295726742,0.17286689999999996,0.152056,0.193613,0.007842586,3825.2688590217563
604,30,29,0.17454856666666668,0.15956150000000002,0.030429074619269275,0.24536164999999996,0.152225,0.258811,0.008376077,3581.62896544528
605,30,29,0.1587037333333333,0.1566855,0.008223883837622748,0.1705547,0.150636,0.190898,0.007616527,3938.803079146178
606,30,29,0.1639218333333333,0.157441,0.022919558506735646,0.21127335,0.147118,0.256278,0.008110881,3698.7350695935497
607,30,29,0.16122146666666667,0.1593945,0.010913291348194397,0.17660539999999997,0.149818,0.207782,0.007863298,3815.193065301608
608,30,29,0.1727133333333333,0.1587175,0.03932746679755313,0.2623607999999998,0.151325,0.314153,0.00806212,3721.105614900299
609,30,29,0.16261303333333335,0.158947,0.011716033345107815,0.18019664999999999,0.151311,0.209688,0.007628391,3932.677284108798
610,30,29,0.17112546666666667,0.160119,0.02855777092592262,0.23710454999999986,0.151171,0.265161,0.008077845,3713.8618034884303
611,30,29,0.16254836666666667,0.15861,0.01242880344473337,0.18855124999999998,0.150551,0.204472,0.007961532,3768.1190002125218
612,30,29,0.16900883333333333,0.1574575,0.036643746339571376,0.2544845499999998,0.147315,0.302005,0.008104497,3701.648603238424
613,30,29,0.17746583333333332,0.1652275,0.0352513101053518,0.23623429999999995,0.149571,0.315169,0.008495711,3531.1935634345377
614,30,29,0.16247846666666665,0.1569045,0.017493942846780904,0.19956719999999994,0.146969,0.226261,0.007998489,3750.708415051893
615,30,29,0.16244443333333333,0.158727,0.011937417792988892,0.17859549999999996,0.14991,0.214079,0.007890338,3802.118489727563
616,30,29,0.16286593333333332,0.160743,0.011585021872595051,0.18055704999999997,0.150919,0.209508,0.008024633,3738.4887259018574
617,30,29,0.17430466666666666,0.159285,0.053721145976770364,0.23963664999999978,0.152541,0.433092,0.008242045,3639.87335667301
618,30,29,0.17004066666666667,0.1614165,0.026162262529140678,0.22357159999999998,0.151122,0.264645,0.008073387,3715.912540796075
619,30,29,0.16242356666666663,0.15952650000000002,0.013543858462311485,0.17724274999999998,0.151405,0.224913,0.007951175,3773.0272569777426
620,30,29,0.1656455666666667,0.159117,0.02402873607347056,0.19507254999999993,0.148236,0.278205,0.008034597,3733.852488183291
621,30,29,0.16978399999999996,0.1575675,0.042080200156859746,0.23342169999999982,0.148226,0.360334,0.008192868,3661.7213898722644
622,30,29,0.1687264,0.15921449999999998,0.026884342871410973,0.22246914999999995,0.150956,0.277418,0.008352165,3591.883062655012
623,30,29,0.16398303333333333,0.16143249999999998,0.011554135385916679,0.18271619999999997,0.149456,0.205793,0.007926758,3784.6494115248624
624,30,29,0.1607007,0.1568045,0.013392417368640436,0.18529284999999993,0.14847,0.214938,0.007830287,3831.277193288062
625,30,29,0.1612075,0.157462,0.012447105301898577,0.17972129999999994,0.149383,0.211934,0.007847465,3822.890576765873
626,30,29,0.1618604,0.1570535,0.01656802128863582,0.19227924999999996,0.149117,0.226906,0.00814054,3685.259208848553
627,30,29,0.16266716666666664,0.160666,0.009934066893283428,0.17564319999999997,0.153325,0.205277,0.007906623,3794.2873967811543
628,30,29,0.16821246666666667,0.1613695,0.028308833166045336,0.20996949999999995,0.14866,0.295133,0.008081266,3712.289633827175
629,30,29,0.16659956666666664,0.1574845,0.02100714118265063,0.21257804999999994,0.148844,0.233187,0.008079423,3713.136445511022
630,30,29,0.1657320333333333,0.1599335,0.019283809302255275,0.21512335,0.150345,0.225393,0.008102676,3702.4805138450556
631,30,29,0.1601224,0.1562835,0.01242498374272162,0.17961074999999996,0.147004,0.211164,0.007861915,3815.8642010248136
632,30,29,0.16468449999999998,0.15865849999999998,0.0261728565393813,0.2178637999999999,0.147429,0.271596,0.008003496,3748.361965820936
633,30,29,0.1616299333333333,0.158588,0.012454365662865686,0.17674624999999997,0.148628,0.212895,0.007869147,3812.357298700863
634,30,29,0.1678798333333333,0.159652,0.026654039875053076,0.2215002,0.149406,0.276501,0.008393672,3574.121075972471
635,30,29,0.16401090000000002,0.161244,0.010551643935817577,0.17905934999999998,0.15106,0.203899,0.00787568,3809.1948885683523
636,30,29,0.1628421333333333,0.1569655,0.0153363231324522,0.1983245,0.150795,0.215258,0.007838578,3827.224784903588
637,30,29,0.16582206666666668,0.157116,0.025217028003032934,0.2361431,0.145471,0.240135,0.008116296,3696.267361367796
638,30,29,0.1759732,0.1582515,0.04098127676138341,0.26789039999999986,0.147114,0.307097,0.008371025,3583.7905154984005
639,30,29,0.16208066666666668,0.158934,0.013945686969721906,0.1781798,0.148417,0.222169,0.007824691,3834.017215504101
640,30,29,0.17788843333333335,0.15747,0.04609852425469735,0.27623834999999985,0.145502,0.311379,0.008213591,3652.4828178077046
641,30,29,0.1663924,0.1557345,0.029551690098817557,0.21754389999999998,0.147655,0.29107,0.00820493,3656.3383234226258
642,30,29,0.16452229999999998,0.153973,0.02948157986356437,0.22082189999999996,0.145099,0.280098,0.008022017,3739.707856515388
643,30,29,0.15451953333333338,0.15080949999999999,0.013401019579670518,0.16954254999999996,0.14258,0.21703,0.007669752,3911.4693669365056
644,30,29,0.15721976666666665,0.1546345,0.013400003524660708,0.17474464999999997,0.145718,0.216108,0.00780048,3845.9171743277334
645,30,29,0.1643162,0.15435,0.02756290880800901,0.22249439999999993,0.145069,0.267681,0.008117189,3695.8607222278547
646,30,29,0.15875486666666666,0.1539275,0.014452674175016727,0.19112219999999994,0.146606,0.207422,0.007844101,3824.530051308621
647,30,29,0.1636849333333333,0.155042,0.034646560700020854,0.22132734999999976,0.144038,0.312073,0.00813586,3687.379084694181
648,30,29,0.1543556666666666,0.152756,0.008880419306399403,0.1661807,0.14415,0.188052,0.00758008,3957.7418707981974
649,30,29,0.15908756666666665,0.15235549999999998,0.016408682255363207,0.19808159999999997,0.145113,0.211326,0.007787612,3852.272044369956
650,30,29,0.1539958333333333,0.1523205,0.00821017547413525,0.1640449,0.145877,0.190841,0.007618759,3937.6491630723585
651,30,29,0.16292663333333335,0.15271600000000002,0.02515093956630281,0.21157959999999998,0.145973,0.260297,0.00815607,3678.2420945381787
652,30,29,0.15322943333333336,0.1509885,0.007951579143460287,0.1671358,0.144787,0.181082,0.00761189,3941.2025134362166
653,30,29,0.15965463333333335,0.1555885,0.015982255747921007,0.19588034999999993,0.146185,0.215903,0.007786937,3852.6059733114575
654,30,29,0.15984219999999996,0.1539465,0.023684449221464662,0.17804204999999995,0.145394,0.278644,0.007672047,3910.2992982185847
655,30,29,0.16316133333333335,0.1565035,0.01989044421988528,0.21440369999999997,0.145439,0.222704,0.007858874,3817.3407539044397
656,30,29,0.15639856666666666,0.15441749999999999,0.011675182248251417,0.17284589999999997,0.14611,0.206087,0.007614472,3939.866086578295
657,30,29,0.1582409,0.1542445,0.015709231813238637,0.1934837999999999,0.145311,0.212383,0.007608984,3942.7077254992255
658,30,29,0.1687649333333333,0.158503,0.03138674630008258,0.23197259999999986,0.148044,0.286753,0.008294836,3616.7080337694442
659,30,29,0.1824262666666667,0.1563,0.05813766988079086,0.32026889999999997,0.146688,0.339145,0.008206123,3655.8067677026047
660,30,29,0.15626173333333332,0.155192,0.009342974992984846,0.16855235,0.147648,0.197507,0.005964963,5029.369000277118
661,30,29,0.16170916666666665,0.15734949999999998,0.015796317923389033,0.18128334999999998,0.148911,0.228928,0.006190441,4846.18139483116
662,30,29,0.16728333333333334,0.157217,0.033004429363483856,0.21700984999999998,0.14807,0.319235,0.006515159,4604.6458728021835
663,30,29,0.1700317,0.153729,0.0391223334771841,0.25696959999999996,0.144256,0.291614,0.008106683,3700.6504386566
664,30,29,0.1749217,0.15244249999999998,0.05507907452716472,0.3094778999999998,0.145681,0.370057,0.008360099,3588.474251321665
665,30,29,0.1566244,0.15351599999999999,0.01266686477443385,0.16866479999999998,0.147499,0.217222,0.007640435,3926.478008123883
666,30,29,0.16412406666666665,0.1555965,0.01959762118381636,0.20747754999999996,0.146774,0.223511,0.007804611,3843.8815208086603
667,30,29,0.15659946666666666,0.1525655,0.012999691597756527,0.17295955,0.146571,0.215459,0.007605376,3944.578151034216
668,30,29,0.17039076666666667,0.1562885,0.034639081214106575,0.2233065,0.144164,0.303179,0.008279828,3623.2636716608126
669,30,29,0.16790990000000003,0.1574775,0.03237910804222909,0.22581534999999994,0.147552,0.30095,0.008106503,3700.732609363125
670,30,29,0.15806526666666665,0.15381250000000002,0.014858623540309639,0.17354549999999996,0.147789,0.228144,0.007672591,3910.022051221028
671,30,29,0.1626861,0.1552085,0.020487790612022296,0.20138144999999993,0.148297,0.243701,0.007856728,3818.38342882686
672,30,29,0.17033370000000003,0.1605045,0.0336080309431007,0.23650895,0.145821,0.294681,0.00826436,3630.0451577617623
673,30,29,0.15817460000000005,0.1555465,0.012351740013120584,0.17757705,0.144234,0.206554,0.007771125,3860.444916276601
674,30,29,0.15724846666666667,0.1541865,0.01328149253072403,0.17772754999999996,0.145099,0.214391,0.007738291,3876.824999214943
675,30,29,0.16143600000000005,0.1526435,0.01789522914075145,0.20106134999999994,0.14671,0.212836,0.007859973,3816.80700429887
676,30,29,0.16826236666666672,0.156503,0.033099615866594156,0.23399414999999993,0.145812,0.293406,0.00807528,3715.0414598626917
677,30,29,0.15865436666666669,0.15499200000000002,0.012258801714752104,0.17693769999999998,0.146839,0.205619,0.007703673,3894.2462900489154
678,30,29,0.15925253333333333,0.1550285,0.01268220955058926,0.17628339999999998,0.145416,0.212364,0.007683061,3904.6937151741995
679,30,29,0.16237323333333334,0.156262,0.01876911857038565,0.20454589999999995,0.146332,0.226252,0.00793373,3781.3235388650737
680,30,29,0.19672586666666667,0.15673900000000002,0.08302087919883243,0.3664837999999999,0.146992,0.455209,0.008905256,3368.7970340212564
681,30,29,0.1618132,0.1526055,0.03698469920013057,0.17637579999999997,0.145931,0.353201,0.007798689,3846.8004045295306
682,30,29,0.1569439,0.1533565,0.01268174457799002,0.17546464999999994,0.145881,0.211127,0.007566425,3964.8843410197023
683,30,29,0.16249816666666667,0.15500150000000001,0.027538359440885403,0.19240659999999993,0.146116,0.294575,0.00785311,3820.142593189195
684,30,29,0.16415316666666666,0.155964,0.025381412099086967,0.2249734999999999,0.146055,0.241207,0.007930926,3782.6604358683967
685,30,29,0.15282306666666667,0.1507215,0.0074516107952360315,0.16312035,0.145876,0.183939,0.007502841,3998.4853737404273
686,30,29,0.159047,0.1556455,0.01275907322869386,0.18242735,0.145689,0.206438,0.007860215,3816.689492590215
687,30,29,0.18720016666666667,0.16019450000000002,0.06646652447613598,0.33528514999999987,0.149574,0.395535,0.008623102,3479.0264570684653
688,30,29,0.16227353333333333,0.153556,0.025983334321529408,0.21802154999999995,0.145168,0.264431,0.007910692,3792.3357400338678
689,30,29,0.15510960000000001,0.15231050000000002,0.011178929621822261,0.17507425,0.143878,0.196385,0.007579085,3958.2614524048745
690,30,29,0.15294779999999994,0.1509035,0.01075565736428653,0.16297024999999998,0.143488,0.204082,0.00752781,3985.2227938802916
691,30,29,0.1552564,0.150824,0.01176947464212928,0.17115049999999998,0.145331,0.20541,0.007679072,3906.722062249188
692,30,29,0.15789040000000001,0.1552465,0.011782323471463806,0.17387874999999997,0.146544,0.207068,0.007765229,3863.376083306751
693,30,29,0.16712473333333333,0.1554325,0.03240935885366675,0.23672455,0.146342,0.277232,0.008128016,3690.937616264535
694,30,29,0.16193226666666669,0.1559295,0.024494410248946153,0.21054464999999983,0.146059,0.260016,0.007719154,3886.436259724835
695,30,29,0.16615486666666668,0.15722150000000001,0.03147822648438598,0.20041139999999996,0.145575,0.314748,0.008068333,3718.2401866655723
696,30,29,0.1539776333333333,0.15221400000000002,0.007080745706313087,0.16385249999999998,0.145909,0.181364,0.007636806,3928.3438652232358
697,30,29,0.16625073333333332,0.154606,0.03340395683658194,0.22360525,0.146116,0.301109,0.007981589,3758.650063289402
698,30,29,0.16012346666666666,0.1578615,0.014600931828396132,0.17908205,0.147812,0.224712,0.007796114,3848.0709748472123
699,30,29,0.17577109999999999,0.164138,0.035694122777450696,0.25604684999999994,0.147237,0.2976,0.008621741,3479.575644872654
700,30,29,0.15769146666666664,0.1534925,0.013431495250762827,0.18250809999999995,0.145072,0.206569,0.007605151,3944.694852212665
701,30,29,0.1736851,0.1564645,0.04347692716463883,0.27538049999999986,0.144829,0.310118,0.008284548,3621.199370201006
702,30,29,0.15706023333333333,0.1546745,0.010647205460405651,0.17888569999999995,0.144514,0.187697,0.007609295,3942.5465828306037
703,30,29,0.16561940000000003,0.1634755,0.01712637525633167,0.19614329999999994,0.14376,0.222928,0.00787019,3811.8520645626086
704,30,29,0.1577641,0.15479300000000001,0.01104944029897848,0.18292639999999996,0.147904,0.193902,0.007794104,3849.0633432656277
705,30,29,0.16451800000000003,0.155668,0.028104414618249616,0.22347814999999988,0.146434,0.274748,0.008032591,3734.7849529498017
706,30,29,0.15955936666666667,0.1572415,0.012027672929636008,0.1782232,0.147907,0.205768,0.007721201,3885.405910298152
707,30,29,0.15536996666666666,0.154354,0.009938143039210898,0.17041934999999997,0.145505,0.195343,0.007586568,3954.3572271414428
708,30,29,0.16170736666666666,0.1532115,0.01771701317842169,0.19956889999999994,0.145011,0.219658,0.007839779,3826.6384804979834
709,30,29,0.17371696666666664,0.1598115,0.03215485037631164,0.2379889999999999,0.149816,0.280428,0.008439987,3554.5078446210878
710,30,29,0.16369583333333332,0.157301,0.02215130298974935,0.20905184999999993,0.14619,0.249957,0.008016238,3742.403855773743
711,30,29,0.16045126666666665,0.1574175,0.012019247620991618,0.1800602,0.145027,0.200431,0.007819731,3836.4491054743444
712,30,29,0.1602905,0.1553805,0.017373567467117476,0.20011294999999993,0.143691,0.21138,0.007683016,3904.7165852576645
713,30,29,0.16104026666666665,0.15410400000000002,0.02065814680397815,0.2015365499999999,0.146627,0.240988,0.008116437,3696.203149239007
714,30,29,0.1643549,0.1547515,0.03621954820959114,0.22659804999999977,0.14502,0.318968,0.00794245,3777.1720313001656
715,30,29,0.16020126666666668,0.152507,0.024814348286665792,0.19684764999999993,0.144158,0.270792,0.007787785,3852.1864689382155
716,30,29,0.16120423333333328,0.156574,0.015019053824101717,0.19386184999999992,0.146166,0.207117,0.007928386,3783.872278670589
717,30,29,0.15693129999999997,0.15109650000000002,0.015902173065881323,0.18688094999999996,0.146084,0.222363,0.007710236,3890.9314838093155
718,30,29,0.15818966666666665,0.1497575,0.021626798410103707,0.20239939999999998,0.144391,0.242942,0.007818575,3837.0163360970514
719,30,29,0.1536383666666667,0.1508405,0.009857007447822932,0.17217904999999997,0.144035,0.191992,0.007531078,3983.493465344536
720,30,29,0.16024886666666668,0.1552595,0.014603811882479537,0.19382789999999991,0.147757,0.208035,0.007850017,3821.6477747755193
721,30,29,0.1559311,0.1504675,0.014997329542403485,0.17366304999999999,0.145041,0.225279,0.007596454,3949.211039782509
722,30,29,0.16708610000000004,0.1516035,0.045573043805294706,0.23029969999999997,0.142619,0.377869,0.008077542,3714.001115685935
723,30,29,0.15640870000000004,0.1527395,0.014897878981528744,0.17380244999999997,0.146277,0.224839,0.007631832,3930.904139399295
724,30,29,0.15643459999999998,0.15261,0.012124676640124723,0.17775629999999998,0.14181,0.201706,0.007686749,3902.8202950297978
725,30,29,0.15355133333333335,0.1510085,0.009133078497996976,0.17411549999999998,0.143932,0.184457,0.007491258,4004.6678408352777
726,30,29,0.17059053333333332,0.1576565,0.038738520252597664,0.24232084999999984,0.146235,0.326503,0.008194807,3660.8549780367007
727,30,29,0.1562191666666667,0.154015,0.00970604739354528,0.17175429999999997,0.146692,0.196306,0.00751039,3994.4663326405157
728,30,29,0.15657973333333336,0.15118749999999997,0.014340923179857518,0.19011814999999993,0.144253,0.200954,0.007694399,3898.9399951835094
729,30,29,0.15497083333333336,0.15179399999999998,0.009690418243289865,0.17725614999999997,0.146122,0.185538,0.007641377,3925.9939667942044
730,30,29,0.1722254333333333,0.157416,0.045351431627544195,0.2570310999999998,0.146192,0.36216,0.008203886,3656.803617212623
731,30,29,0.15758613333333335,0.1540415,0.011844502541870123,0.17668989999999996,0.145939,0.203421,0.007771507,3860.255160292592
732,30,29,0.1573403333333334,0.1535165,0.01281981044115421,0.17539834999999998,0.147047,0.211787,0.007699095,3896.5618686352095
733,30,29,0.16005083333333328,0.154345,0.01544603573531997,0.19628839999999995,0.147218,0.207783,0.007854272,3819.5774223250733
734,30,29,0.1648646666666667,0.1576165,0.02305833664834707,0.22021379999999993,0.147572,0.24558,0.008023201,3739.1559802627403
735,30,29,0.15862613333333334,0.1527095,0.018606214928931924,0.19209834999999992,0.14606,0.234544,0.007673574,3909.521169666182
736,30,29,0.17796676666666666,0.157076,0.04075296895356073,0.2646383,0.145362,0.284176,0.008446194,3551.8956822445707
737,30,29,0.24073536666666662,0.22242250000000002,0.03216098009580847,0.28669585,0.204534,0.311426,0.010521883,2851.20068337578
738,30,29,0.23654856666666663,0.218606,0.03455690671988925,0.3038964999999999,0.206302,0.335243,0.010446738,2871.7098102776195
739,30,29,0.24396913333333334,0.2245165,0.04167253482002789,0.29602085,0.204923,0.402783,0.010656937,2815.067781671225
740,30,29,0.16763749999999997,0.15961150000000002,0.02021347509707324,0.21134374999999994,0.150993,0.237036,0.008177332,3668.6782437107845
741,30,29,0.17071609999999998,0.1583225,0.036367868688179816,0.21178745,0.150032,0.340107,0.008243083,3639.4150101363775
742,30,29,0.15881276666666666,0.155459,0.01465562159691475,0.18944959999999994,0.14396,0.206323,0.00778742,3852.367022710988
743,30,29,0.1576839666666667,0.154146,0.015397793530877734,0.19003965,0.144631,0.214803,0.00774964,3871.147562983571
744,30,29,0.15620760000000003,0.15279700000000002,0.010930085362950247,0.1689712,0.146143,0.202038,0.007703149,3894.5111927602593
745,30,29,0.15806286666666666,0.154079,0.012985706156978999,0.17554579999999997,0.146258,0.212241,0.007761894,3865.0360337309426
746,30,29,0.16872893333333333,0.157457,0.03844786928487879,0.24467949999999994,0.145879,0.330702,0.0083667,3585.6430850873107
747,30,29,0.15582303333333333,0.1529485,0.009095884220760029,0.16635875,0.146118,0.193963,0.007600757,3946.975281541036
748,30,29,0.1627437,0.159443,0.01145268631686094,0.18081629999999999,0.149383,0.204809,0.007919698,3788.023230178727
749,30,29,0.15680713333333335,0.15317599999999998,0.01131172081098836,0.17183135,0.145819,0.203405,0.007659255,3916.8300311192143
750,30,29,0.1660085666666667,0.1548835,0.02494312534227076,0.22345799999999993,0.147057,0.239137,0.008189089,3663.4111559906114
751,30,29,0.1566053,0.151444,0.013454113887324705,0.1797383,0.142721,0.207496,0.0075899,3952.6212466567413
752,30,29,0.15899980000000002,0.155945,0.013446996360936315,0.17324869999999998,0.148092,0.222542,0.007808369,3842.031543335106
753,30,29,0.1710223333333333,0.1609625,0.026703243345994554,0.21568274999999992,0.147663,0.2701,0.008148635,3681.598206325354
754,30,29,0.1593961,0.15454299999999999,0.012901353370199526,0.19004295,0.145269,0.19484,0.007698112,3897.0594348328527
755,30,29,0.18482490000000004,0.1679365,0.055463027000193,0.30062114999999956,0.155646,0.396435,0.008974174,3342.926045338546
756,30,29,0.1683039,0.1635855,0.01574502566078,0.2028696999999999,0.153198,0.219972,0.008123794,3692.855825738565
757,30,29,0.15616073333333333,0.154333,0.008607001912770602,0.17455769999999998,0.144562,0.177307,0.007648103,3922.541315147037
758,30,29,0.16348296666666665,0.16073749999999998,0.010501144195402882,0.17667365,0.15054,0.207283,0.008048456,3727.4229988956886
759,30,29,0.1709723,0.16338750000000002,0.022681028467756315,0.22480059999999993,0.151978,0.244722,0.008449962,3550.311823887492
760,30,29,0.17058576666666667,0.1646175,0.029048351439582096,0.20287119999999992,0.150059,0.307707,0.008285145,3620.9384386151355
761,30,29,0.15650786666666672,0.15257900000000002,0.010957436721188516,0.17677109999999996,0.146272,0.196158,0.007597109,3948.8705506265605
762,30,29,0.15823313333333333,0.15365099999999998,0.015341328766649802,0.17547125,0.144955,0.227353,0.007765982,3863.001485195304
763,30,29,0.16652250000000002,0.1567645,0.040288126826090745,0.20272169999999998,0.145862,0.365974,0.008173093,3670.581015045345
764,30,29,0.17021416666666667,0.1549095,0.04282472369384329,0.2671903999999997,0.145968,0.317629,0.008062346,3721.001306567592
765,30,29,0.16035783333333337,0.156733,0.01647177708747724,0.18211064999999996,0.148365,0.233008,0.007840081,3826.4910783447262
766,30,29,0.17228159999999998,0.1583325,0.03363565652245473,0.22763789999999992,0.145147,0.292195,0.008174912,3669.76427391512
767,30,29,0.16923296666666668,0.159747,0.024790560765497342,0.21338169999999995,0.150272,0.266975,0.008140023,3685.4932719477574
768,30,29,0.1646229666666667,0.1553905,0.027874131018443132,0.20023944999999996,0.148054,0.293096,0.007944558,3776.169800761729
769,30,29,0.15905933333333336,0.155007,0.012200054158538167,0.17854379999999995,0.144982,0.208493,0.007796622,3847.8202483075365
770,30,29,0.1639253333333333,0.15668349999999998,0.021573192196340116,0.2056654,0.146969,0.245866,0.00789118,3801.712798339412
771,30,29,0.17390613333333332,0.15689999999999998,0.052204843306644114,0.2746107999999996,0.148401,0.384302,0.008231122,3644.703601768993
772,30,29,0.15854160000000003,0.1547555,0.014884892328384048,0.1718495,0.145797,0.227253,0.007761054,3865.454357101497
773,30,29,0.16376406666666662,0.1578195,0.019826952239284042,0.2010674499999999,0.147516,0.240219,0.007833079,3829.9115839378105
774,30,29,0.16001216666666665,0.15518500000000002,0.012467827059754799,0.18035135,0.147179,0.209892,0.007814184,3839.1724586981827
775,30,29,0.1643935,0.1548095,0.03143775113672228,0.22015199999999993,0.145157,0.301864,0.00799278,3753.387432157522
776,30,29,0.1604256,0.156175,0.011835511764644337,0.17445239999999998,0.149637,0.212064,0.007750987,3870.4748182392773
777,30,29,0.17586426666666669,0.1620145,0.03655636257553564,0.23476994999999998,0.151588,0.320314,0.00860894,3484.74957427976
778,30,29,0.16735726666666667,0.162807,0.01583787056379115,0.20676309999999998,0.152513,0.217979,0.008134563,3687.9670118726726
779,30,29,0.1736396666666667,0.1675015,0.021453797749700576,0.22394909999999998,0.155153,0.246921,0.00869169,3451.5727091049034
780,30,29,0.16805876666666666,0.1655895,0.01283847683704739,0.18658404999999995,0.154216,0.221921,0.008255679,3633.8622177533794
781,30,29,0.17729166666666665,0.1643665,0.031342680584625894,0.23896749999999997,0.15014,0.27925,0.008785643,3414.6618522969807
782,30,29,0.1870342666666667,0.18669950000000002,0.024537280082712328,0.23438435,0.149395,0.248909,0.008616367,3481.7458448554944
783,30,29,0.23895329999999998,0.232572,0.04497867141300763,0.31967089999999987,0.169502,0.346638,0.009588341,3128.7998622493715
784,30,29,0.26842116666666666,0.252158,0.06803613793347105,0.3700707999999999,0.180502,0.425683,0.010957032,2737.967727026808
785,30,29,0.2912986666666667,0.2671435,0.0628519120463734,0.40422174999999994,0.23019,0.470885,0.011440858,2622.180958805712
786,30,29,0.26672186666666664,0.260366,0.03179743565754009,0.31254969999999993,0.21556,0.350964,0.0107044,2802.5858525466165
787,30,29,0.17735723333333334,0.1689185,0.02979225564689396,0.22966949999999994,0.147582,0.283537,0.007027782,4268.772138919506
788,30,29,0.16554406666666668,0.1569915,0.025336153470585415,0.22088759999999982,0.148551,0.257075,0.006657252,4506.3638870813365
789,30,29,0.16090306666666662,0.1581015,0.012125362353443253,0.18226185,0.146948,0.202483,0.006103901,4914.889674652325
790,30,29,0.16021479999999996,0.15491300000000002,0.019009565395093728,0.19301485000000002,0.145927,0.24148,0.006063701,4947.4734984459155
791,30,29,0.17481956666666665,0.1562215,0.0399787575755989,0.27841954999999996,0.148589,0.285094,0.006745822,4447.197094735082
792,30,29,0.16441419999999998,0.160841,0.013062041925708456,0.18827074999999996,0.15137,0.212802,0.006424269,4669.792002794404
793,30,29,0.16999093333333332,0.156211,0.042014826950144336,0.28821969999999997,0.147237,0.299668,0.006502725,4613.450514976414
794,30,29,0.15937146666666668,0.1558955,0.01409694307467313,0.17579199999999998,0.146941,0.221407,0.006113461,4907.203955337247
795,30,29,0.16051696666666668,0.158734,0.011284145904407386,0.17684875,0.149957,0.206858,0.00622891,4816.251960615902
796,30,29,0.17134103333333336,0.1592885,0.03452448711145751,0.24378304999999986,0.147731,0.303343,0.007029773,4267.563120459225
797,30,29,0.17060900000000007,0.1614265,0.03638207734870147,0.20704459999999994,0.150043,0.348725,0.006828931,4393.074113649706
798,30,29,0.1609816,0.1573305,0.02032306651209833,0.17465164999999996,0.147884,0.261759,0.006091983,4924.5048779683075
799,30,29,0.15895116666666667,0.15587499999999999,0.011887621844136671,0.17502525,0.145542,0.199199,0.006014471,4987.9698480547995
800,30,29,0.1555691333333333,0.15156399999999998,0.01182917898667742,0.1784034,0.146121,0.202213,0.005924032,5064.1184922701295
801,30,29,0.16927516666666667,0.158018,0.035232681365638965,0.23507214999999995,0.144532,0.309434,0.006568114,4567.521209284735
802,30,29,0.16243923333333338,0.155335,0.019374539271377805,0.19537429999999997,0.145215,0.239422,0.006188493,4847.706864983123
803,30,29,0.1629360333333333,0.1539755,0.025555987299670492,0.21504469999999995,0.145675,0.258706,0.006389237,4695.396336057029
804,30,29,0.1583033,0.1555695,0.01448915968661185,0.17307279999999997,0.147952,0.22692,0.006095042,4922.033351041716
805,30,29,0.15837933333333334,0.1540355,0.013545938470902309,0.17307814999999996,0.147419,0.217932,0.006234706,4811.774604929246
806,30,29,0.17113456666666668,0.157107,0.040381523777574944,0.25817069999999986,0.145476,0.317882,0.006633792,4522.300367572574
807,30,29,0.1662497,0.15595799999999999,0.03018024853094578,0.20988129999999994,0.146897,0.301044,0.006456925,4646.174456107203
808,30,29,0.1724717,0.1564065,0.041319794940698575,0.2376339999999999,0.147213,0.343931,0.006784598,4421.7800376676705
809,30,29,0.17916086666666667,0.1593735,0.049142706699018386,0.30377519999999997,0.1469,0.334226,0.006854413,4376.742399385622
810,30,29,0.1550591666666667,0.15191300000000002,0.012210019630821954,0.17540604999999995,0.146029,0.206564,0.005915832,5071.137922780768
811,30,29,0.24704413333333333,0.2102415,0.10383375050157338,0.40960834999999995,0.160796,0.670965,0.010777653,2783.537380541014
812,30,29,0.3713547666666667,0.3335895,0.12504465786785338,0.6399146,0.238432,0.654468,0.014258438,2104.0172843617233
813,30,29,0.19063599999999997,0.18095450000000002,0.03961593700206678,0.25414669999999995,0.148786,0.321802,0.008094193,3706.3608441261536
814,30,29,0.20241746666666666,0.182682,0.058511601154273514,0.3288390999999999,0.147897,0.410479,0.009196902,3261.9679974843702
815,30,29,0.28759769999999996,0.284096,0.04904046708597243,0.3788999999999999,0.227108,0.407417,0.01105249,2714.320483438574
816,30,29,0.35849963333333335,0.28872149999999996,0.12593988710861181,0.5942902,0.267251,0.653474,0.0133401,2248.8587042076147
817,30,29,0.2038780333333333,0.18533149999999998,0.049861115750606734,0.31338099999999985,0.163119,0.376641,0.009222645,3252.8629259827308
818,30,29,0.19927873333333335,0.160559,0.0685916645448256,0.3090365,0.147509,0.428013,0.009023482,3324.6589287815946
819,30,29,0.16025416666666667,0.1562625,0.014614666818393214,0.18976284999999993,0.142135,0.206765,0.007846559,3823.3319853964013
820,30,29,0.2017101,0.20268350000000002,0.02227971713333406,0.24203374999999994,0.169529,0.253597,0.009036378,3319.914239975353
821,30,29,0.18874246666666666,0.176761,0.04303676738976708,0.2679352499999999,0.151995,0.351522,0.008697241,3449.36974840642
822,30,29,0.22476619999999997,0.218423,0.0478990602214339,0.3073057999999999,0.164157,0.356162,0.009596993,3125.9791478434963
823,30,29,0.22994236666666668,0.21322950000000002,0.050190708076353605,0.30978089999999997,0.175916,0.391642,0.009440697,3177.731474699379
824,30,29,0.17070576666666668,0.15777049999999998,0.03359363265990306,0.23912484999999994,0.1463,0.293243,0.008248225,3637.146173873773
825,30,29,0.1814642333333333,0.1523405,0.06661902906863118,0.30002225,0.142718,0.422311,0.008322744,3604.5804124216725
826,30,29,0.16139233333333333,0.150778,0.03858502529196539,0.22999694999999967,0.143197,0.321128,0.007843579,3824.7845785705736
827,30,29,0.1641422333333333,0.1524655,0.032199257647989483,0.24067054999999984,0.144358,0.277399,0.007881492,3806.385897492505
828,30,29,0.16886696666666665,0.15385549999999998,0.03541105909222899,0.25320174999999995,0.143,0.271565,0.008173554,3670.3739890872444
829,30,29,0.159156,0.1518525,0.029125338849590204,0.19142164999999994,0.144605,0.300244,0.007766034,3862.975619215677
830,30,29,0.16063633333333333,0.15025650000000002,0.023717633170183786,0.22077494999999997,0.144329,0.223959,0.007853292,3820.0540614050774
831,30,29,0.15518286666666667,0.153031,0.012622746825865006,0.17314719999999997,0.142916,0.206903,0.007586689,3954.2941591516405
832,30,29,0.1649183,0.15520499999999998,0.035992154219908194,0.20105329999999996,0.148224,0.342129,0.008069573,3717.6688283258604
833,30,29,0.15363463333333333,0.151809,0.009599691196482109,0.1614679,0.143968,0.198043,0.007666173,3913.295460459867
834,30,29,0.15793096666666667,0.1533385,0.022062991555502193,0.18781009999999992,0.143568,0.260427,0.007709358,3891.374612516373
835,30,29,0.19648006666666662,0.16192499999999999,0.07077159671639821,0.3220491,0.145168,0.436312,0.00895066,3351.7081421928665
836,30,29,0.17520036666666666,0.1648675,0.04511241410343975,0.25678964999999965,0.14986,0.358346,0.008506243,3526.8214181043263
837,30,29,0.22559210000000002,0.219223,0.02311205840121946,0.24966154999999998,0.200914,0.328746,0.008877585,3379.2974102754297
838,30,29,0.19003499999999998,0.1670575,0.06935118234280385,0.3065179499999999,0.149026,0.486437,0.008562188,3503.777305520505
839,30,29,0.15566976666666665,0.151953,0.010966868401229455,0.17170544999999998,0.145858,0.201833,0.007604811,3944.8712137619195
840,30,29,0.16124789999999997,0.153457,0.022588411449618172,0.21067509999999998,0.14404,0.227256,0.007868355,3812.741036722415
841,30,29,0.179773,0.1723005,0.019955106434884937,0.22294454999999996,0.15839,0.235699,0.008595845,3490.0582781564817
842,30,29,0.17336650000000003,0.1606225,0.031545140082274874,0.2506451999999999,0.148135,0.264348,0.008406941,3568.479902499613
843,30,29,0.2430935,0.23479650000000002,0.04541760086418724,0.35282525,0.195974,0.381908,0.009534786,3146.3737099081195
844,30,29,0.30533399999999994,0.3004985,0.08812318626590378,0.4396971499999998,0.162284,0.474883,0.012347616,2429.6188025283586
845,30,29,0.1866844333333333,0.181761,0.019412908928895977,0.20961694999999997,0.170581,0.277426,0.008614354,3482.5594583180587
846,30,29,0.23826576666666666,0.24439850000000002,0.054185989789118344,0.32251294999999996,0.145987,0.336711,0.010585353,2834.1048239014794
847,30,29,0.22916723333333333,0.215938,0.028064714738572905,0.26851549999999996,0.173772,0.284376,0.010323097,2906.1046311974014
848,30,29,0.17177903333333333,0.152372,0.041506206303256694,0.25949115,0.144717,0.276301,0.00854229,3511.9388360732314
849,30,29,0.15917413333333333,0.1552535,0.01447027405248508,0.19002509999999997,0.144429,0.206423,0.007684549,3903.937628610345
850,30,29,0.16984966666666662,0.16560999999999998,0.019285686014696792,0.20742549999999987,0.156049,0.244241,0.00818316,3666.065431935829
851,30,29,0.19259039999999997,0.191809,0.009047810646209123,0.20145105,0.180125,0.227638,0.009112847,3292.055709922486
852,30,29,0.2086145333333333,0.178103,0.05810825972253523,0.3026443,0.149887,0.336384,0.009566695,3135.87921429501
853,30,29,0.16225606666666667,0.16008,0.009786604021378632,0.17581315,0.151858,0.201306,0.007853066,3820.163997093619
854,30,29,0.22505636666666667,0.190446,0.10522906860043993,0.47851369999999993,0.157299,0.538688,0.010294932,2914.0551875427636
855,30,29,0.19570353333333332,0.178579,0.041298526131948884,0.2913083999999999,0.165767,0.329973,0.009063155,3310.105586851378
856,30,29,0.19118710000000003,0.18639899999999998,0.03296412644841202,0.22403079999999986,0.156688,0.341951,0.008792852,3411.862271763473
857,30,29,0.18770336666666668,0.18196299999999999,0.02659661323589039,0.24698684999999995,0.157166,0.253447,0.008740248,3432.3968839328127
858,30,29,0.1870766,0.17878850000000002,0.022895755820524975,0.23478059999999995,0.162029,0.259381,0.008880507,3378.1855022466625
859,30,29,0.17992893333333332,0.167535,0.029803896881209133,0.24118019999999993,0.149003,0.261006,0.008376083,3581.626399833908
860,30,29,0.17362490000000003,0.164692,0.03659418693081711,0.20316055,0.14908,0.350966,0.008123553,3692.9653810346285
861,30,29,0.16736863333333335,0.160251,0.029472443456128858,0.19958199999999993,0.149209,0.309632,0.008063405,3720.512612227713
862,30,29,0.16855790000000004,0.1591805,0.028091871186924494,0.21160234999999988,0.149841,0.292615,0.008145881,3682.8428993745424
863,30,29,0.16638176666666663,0.1560065,0.02659394206060825,0.21553174999999997,0.149029,0.273221,0.008021612,3739.8966691482965
864,30,29,0.16751643333333333,0.159482,0.022615103695331016,0.2093343499999999,0.149987,0.254794,0.008051327,3726.0938476353026
865,30,29,0.16159550000000003,0.1569525,0.013228521531667594,0.17927479999999998,0.151099,0.218667,0.007926058,3784.9836577022274
866,30,29,0.16243713333333334,0.155935,0.01970650422949556,0.19915299999999989,0.149374,0.240683,0.008064347,3720.0780174761826
867,30,29,0.1814851,0.16476449999999998,0.04462688332689629,0.2713730499999999,0.149952,0.350881,0.008342508,3596.0409028076447
868,30,29,0.1682765333333333,0.1603505,0.030437911859971637,0.19999749999999997,0.149712,0.315763,0.007975588,3761.478150576484
869,30,29,0.19338060000000004,0.17085050000000002,0.0642514039688816,0.3042191499999998,0.155386,0.461165,0.009103222,3295.5364595085125
870,30,29,0.18630493333333337,0.175417,0.04037911934867715,0.2569422999999999,0.15421,0.348594,0.007362551,4074.6746609972547
871,30,29,0.19308293333333335,0.176758,0.047893659467280386,0.2884761999999998,0.156901,0.374215,0.007797414,3847.4294169836307
872,30,29,0.18067796666666666,0.1666865,0.033649208026221865,0.24327234999999992,0.155698,0.304826,0.006992833,4290.106742145851
873,30,29,0.15929316666666665,0.15631899999999999,0.00969145111046002,0.17394169999999998,0.150867,0.20051,0.006129189,4894.611668852111
874,30,29,0.1699552,0.162534,0.027513200413494303,0.21163834999999998,0.152749,0.295749,0.006767745,4432.791129098392
875,30,29,0.16365730000000003,0.16018949999999998,0.015557469265320093,0.18263124999999997,0.150851,0.234554,0.006273155,4782.282599425648
876,30,29,0.1811652,0.16779850000000002,0.03913004012211872,0.24383664999999988,0.157057,0.351104,0.007089608,4231.5456651482
877,30,29,0.16852806666666667,0.1649585,0.011963847279179896,0.18920819999999997,0.15586,0.215769,0.006595307,4548.688938968269
878,30,29,0.1941914,0.172966,0.052647656312639346,0.26784884999999986,0.160604,0.421362,0.007528392,3984.9147068856137
879,30,29,0.17569473333333332,0.163032,0.027932852346337616,0.23172225,0.15275,0.252719,0.006958448,4311.306199313411
880,30,29,0.16479816666666666,0.1617365,0.013388517911547047,0.1801777,0.14848,0.223577,0.006287332,4771.499262326214
881,30,29,0.16829853333333328,0.1620935,0.01801037775883926,0.20720655,0.153801,0.227429,0.006425057,4669.219276965169
882,30,29,0.1622946,0.1603755,0.010507473969217966,0.17753929999999998,0.151948,0.204688,0.006167418,4864.272212455845
883,30,29,0.16459549999999998,0.16119699999999998,0.011993857792277648,0.1848785,0.151641,0.210244,0.006283608,4774.327106337632
884,30,29,0.1973959,0.17251450000000002,0.050271241704446655,0.29136559999999995,0.152832,0.347528,0.007752469,3869.734919288294
885,30,29,0.17488576666666666,0.165081,0.03521884877368479,0.22151184999999995,0.151495,0.334728,0.006762298,4436.361722006336
886,30,29,0.16728426666666663,0.162234,0.019344917204541734,0.20156289999999996,0.150677,0.247514,0.006348655,4725.4103428206445
887,30,29,0.1632221,0.15975050000000002,0.013208178240693567,0.18563895,0.149771,0.211809,0.00622933,4815.927234550104
888,30,29,0.16333519999999996,0.1602805,0.012667475472846685,0.18464469999999997,0.150595,0.214167,0.006250274,4799.789577224934
889,30,29,0.17065446666666667,0.159026,0.028205227471875316,0.22142024999999999,0.153335,0.281742,0.006577698,4560.866126720929
890,30,29,0.16292136666666665,0.158825,0.012550580853389663,0.19124379999999996,0.151869,0.205028,0.006230502,4815.021325729452
891,30,29,0.1623978,0.158787,0.01083150549092784,0.17854249999999997,0.152661,0.207363,0.006257962,4793.89296387546
892,30,29,0.16147296666666672,0.1574795,0.0116465682187807,0.18136294999999997,0.150672,0.207895,0.006175518,4857.892082898957
893,30,29,0.16222183333333332,0.158904,0.013357414678832833,0.18013624999999997,0.15084,0.220574,0.006263072,4789.981657563573
894,30,29,0.17137776666666663,0.162628,0.03633453086934524,0.20159234999999992,0.150568,0.351257,0.006858472,4374.1521435095165
895,30,29,0.16595453333333332,0.1590455,0.022863204436059645,0.21719809999999987,0.149031,0.249798,0.00647342,4634.335482635145
896,30,29,0.16086416666666672,0.15860449999999998,0.008456606240637871,0.16863904999999998,0.151803,0.19807,0.006145466,4881.647705804572
897,30,29,0.1654426,0.16070600000000002,0.017035682795744977,0.20172619999999988,0.15196,0.226122,0.00630426,4758.686983087627
898,30,29,0.16115896666666665,0.1604535,0.008603419791123692,0.17466355,0.152103,0.194122,0.00615294,4875.7179494680595
899,30,29,0.19826019999999994,0.17169299999999998,0.05322056253794367,0.30909705,0.153093,0.357773,0.007676592,3907.9841679745387
900,30,29,0.1847771333333333,0.16702299999999998,0.04067833236056736,0.27033884999999996,0.15396,0.30339,0.006966515,4306.313845588505
901,30,29,0.16685450000000002,0.1602995,0.025551369901530285,0.18341619999999997,0.152525,0.293835,0.00637467,4706.125964167557
902,30,29,0.1646652666666667,0.1620835,0.012779980281495046,0.18293,0.152208,0.220796,0.006289387,4769.940218339244
903,30,29,0.16016433333333335,0.15829949999999998,0.009359236847511453,0.17417834999999998,0.151235,0.198446,0.006123202,4899.397406781615
904,30,29,0.17114449999999998,0.16380850000000002,0.030615078703993624,0.21031505,0.152297,0.314685,0.006934859,4325.9711552895305
905,30,29,0.23492256666666664,0.17747400000000002,0.1009198840117431,0.4601051499999999,0.152686,0.480733,0.009164239,3273.594239521689
906,30,29,0.1702285,0.16321449999999998,0.022275925719763338,0.21828559999999997,0.152385,0.255263,0.006508461,4609.38461488822
907,30,29,0.1648555666666667,0.1626775,0.010403733811451554,0.18194559999999999,0.15216,0.205834,0.006306988,4756.628679173006
908,30,29,0.16038156666666667,0.15821449999999998,0.007911613304605401,0.17251940000000002,0.15089,0.187475,0.006106767,4912.583041075581
909,30,29,0.17320530000000003,0.1599235,0.03503897339579221,0.2518310999999999,0.151543,0.297579,0.006838845,4386.705649857542
910,30,29,0.1870074333333333,0.16591499999999998,0.04186241171832689,0.2768265,0.152842,0.294275,0.007074033,4240.862319980695
911,30,29,0.16234053333333331,0.16054649999999998,0.008199588171884348,0.17582184999999997,0.149958,0.190904,0.006200537,4838.290619022191
912,30,29,0.16032156666666667,0.158194,0.010040633699204908,0.17846920000000002,0.148717,0.186459,0.006134155,4890.649160316295
913,30,29,0.1646518333333333,0.1622945,0.011331720799667152,0.18051364999999997,0.151399,0.208637,0.006299937,4761.952381428576
914,30,29,0.1740924666666667,0.1618735,0.03944103866640758,0.24247885,0.151015,0.347372,0.006931503,4328.065644637245
915,30,29,0.17496203333333332,0.16378700000000002,0.030612813275718763,0.2342577999999999,0.15161,0.290148,0.006624387,4528.720921649052
916,30,29,0.16480796666666667,0.1616205,0.013415713333260738,0.19294084999999994,0.153724,0.215503,0.006300368,4761.626622444911
917,30,29,0.16068413333333334,0.1583795,0.010464080514602894,0.1775445,0.149177,0.202189,0.0061543,4874.640495263475
918,30,29,0.16484059999999998,0.16003450000000002,0.014520079119191679,0.18147509999999997,0.153102,0.230466,0.006313589,4751.655516379036
919,30,29,0.16661883333333335,0.1589625,0.021535004234618984,0.21477374999999999,0.151553,0.237438,0.006444054,4655.454470120828
920,30,29,0.1646703666666667,0.159888,0.014920596219674828,0.18701674999999998,0.151471,0.226278,0.006295804,4765.078455428409
921,30,29,0.16187463333333335,0.160364,0.008243279881560928,0.17680404999999996,0.152644,0.18947,0.006185277,4850.227402911785
922,30,29,0.1716438,0.1602735,0.025843037380735054,0.22519725,0.151852,0.250827,0.006756046,4440.467101615353
923,30,29,0.16130733333333333,0.15906900000000002,0.009277497538383538,0.17422774999999996,0.150901,0.199866,0.006165716,4865.614958587129
924,30,29,0.1723259,0.15905550000000002,0.033560612777840296,0.23319974999999998,0.149616,0.300408,0.006826181,4394.843910526252
925,30,29,0.16669513333333336,0.1627405,0.016689345543527596,0.1879769,0.149665,0.236687,0.006402485,4685.680638064751
926,30,29,0.16320539999999997,0.1602675,0.012271831149649885,0.18279759999999998,0.151532,0.211022,0.006250556,4799.573029983253
927,30,29,0.1617214,0.1596775,0.009092985415446198,0.17421585,0.150278,0.1961,0.0061726,4860.188575316722
928,30,29,0.16327816666666667,0.15956399999999998,0.01243474398356402,0.18277404999999997,0.151746,0.212694,0.006330631,4738.864103752059
929,30,29,0.18719010000000003,0.163457,0.05273021995242419,0.2940101499999999,0.152097,0.340836,0.007087584,4232.754066830107
930,30,29,0.1737916,0.15862949999999998,0.03679285589350194,0.25262719999999983,0.148416,0.30297,0.006618683,4532.623786333324
931,30,29,0.1582174666666667,0.1555175,0.009108117450870435,0.17683614999999997,0.148509,0.187905,0.00605893,4951.369301180242
932,30,29,0.15897263333333334,0.15741149999999998,0.007263281245217372,0.17103165,0.149352,0.180191,0.006100227,4917.8497783771
933,30,29,0.15747743333333333,0.155417,0.008169938971972015,0.1715199,0.146587,0.185043,0.006027719,4977.007056898306
934,30,29,0.16394266666666665,0.157094,0.02377957796141447,0.2014096499999999,0.146332,0.269166,0.006639468,4518.434308290965
935,30,29,0.16310830000000004,0.159099,0.013722029944707462,0.18895294999999995,0.150244,0.213587,0.0062597,4792.561943863125
936,30,29,0.16432466666666665,0.1618005,0.011996989913661918,0.18264404999999997,0.151499,0.214129,0.00628324,4774.606731558877
937,30,29,0.16428550000000006,0.15987200000000001,0.012625642234945025,0.18263,0.15265,0.216058,0.006295788,4765.090565311284
938,30,29,0.16197946666666665,0.1592665,0.011308275726769474,0.17755795,0.14932,0.207214,0.006189043,4847.276065136403
939,30,29,0.17238500000000004,0.16259800000000002,0.0308279950649428,0.22706499999999996,0.150349,0.296695,0.00686694,4368.75813681203
940,30,29,0.1692368333333333,0.1649875,0.016916310399226794,0.20588884999999998,0.150059,0.223061,0.006471698,4635.568594208197
941,30,29,0.1618460666666667,0.15978,0.010242223202671054,0.17496489999999998,0.151461,0.206685,0.006189886,4846.6159150588555
942,30,29,0.16334626666666668,0.159685,0.012809984793480257,0.18294504999999997,0.153251,0.217662,0.00628107,4776.256274806681
943,30,29,0.17282813333333333,0.162581,0.023138538043904058,0.22203355,0.152411,0.233312,0.006608664,4539.495426004409
944,30,29,0.16659113333333336,0.1625275,0.015619198398198891,0.20221114999999992,0.151182,0.215465,0.006825955,4394.989419062974
945,30,29,0.1682567333333333,0.16302250000000001,0.015744420434648857,0.19744749999999994,0.150103,0.213911,0.006456161,4646.724268493304
946,30,29,0.16287313333333328,0.160308,0.011261064816845493,0.17697424999999997,0.151247,0.209487,0.006235235,4811.366371917016
947,30,29,0.16456313333333336,0.160831,0.012371508219969851,0.18031759999999997,0.151856,0.217983,0.006300087,4761.83900317567
948,30,29,0.16188973333333337,0.159194,0.01100287442673844,0.17867254999999996,0.150197,0.207987,0.006206384,4833.732492220914
949,30,29,0.17389380000000004,0.164888,0.03728473122671365,0.2217977,0.149922,0.346943,0.006723325,4462.077915317198
950,30,29,0.17214796666666665,0.16237449999999998,0.027163144105359117,0.23833585,0.151773,0.251321,0.006967811,4305.512879152434
951,30,29,0.16323936666666672,0.159349,0.012244486605825083,0.18499529999999997,0.152145,0.20844,0.006272622,4782.68896164953
952,30,29,0.16386556666666668,0.160024,0.011357077564485818,0.18000714999999998,0.152435,0.209485,0.00640522,4683.679873603092
953,30,29,0.1650466,0.16104649999999998,0.013203753864350277,0.18601829999999997,0.149715,0.216714,0.006336507,4734.469637609491
954,30,29,0.17858056666666666,0.166154,0.03602969934764387,0.2598210999999998,0.152658,0.306013,0.006888531,4355.064962326511
955,30,29,0.1906297333333333,0.16883399999999998,0.04372737056363205,0.2830345999999999,0.154827,0.331125,0.007187404,4173.968793183186
956,30,29,0.16380386666666663,0.1607915,0.010943267279027311,0.18146634999999997,0.150238,0.204724,0.006266208,4787.584452989751
957,30,29,0.16674876666666666,0.163079,0.01382598064535558,0.18752814999999998,0.152616,0.222291,0.006374528,4706.230798578342
958,30,29,0.16254973333333336,0.160551,0.009374189016631796,0.17657974999999998,0.153599,0.202067,0.006207607,4832.780167945554
959,30,29,0.1717392333333333,0.1617965,0.02959600652078184,0.23348264999999999,0.151761,0.284733,0.006830436,4392.106155448935
960,30,29,0.16653440000000003,0.1627645,0.013441159939682956,0.19241859999999997,0.15082,0.209645,0.006367168,4711.67087157116
961,30,29,0.1636882,0.1593985,0.015249806532181496,0.18146439999999997,0.150793,0.233169,0.006279954,4777.105055228111
962,30,29,0.16484049999999995,0.1607875,0.013329659389160496,0.18797305,0.149653,0.213238,0.006312323,4752.608508785118
963,30,29,0.1645239666666667,0.1619935,0.010786959692732872,0.18024874999999999,0.152329,0.205804,0.006279813,4777.212315080083
964,30,29,0.1745174666666667,0.16454249999999998,0.03908398452469292,0.2624759999999997,0.151345,0.318007,0.006743698,4448.597787148831
965,30,29,0.1646026333333333,0.158982,0.020940923357574668,0.19391769999999994,0.147728,0.259261,0.00628584,4772.631820090871
966,30,29,0.16357066666666667,0.160036,0.01371878403512129,0.18210919999999997,0.152601,0.223844,0.006244805,4803.9930790473045
967,30,29,0.16532209999999994,0.161509,0.01179166821969853,0.1806458,0.152162,0.213654,0.006305396,4757.829643054933
968,30,29,0.16448073333333335,0.16068100000000002,0.014942854091812426,0.18626444999999997,0.149898,0.226301,0.006326638,4741.854994706509
969,30,29,0.17036056666666666,0.163906,0.018929047989036964,0.21455515,0.15404,0.231665,0.006607239,4540.474470501218
970,30,29,0.16482939999999996,0.16058850000000002,0.014180983260982855,0.19698174999999993,0.151526,0.213588,0.006403083,4685.243030583861
971,30,29,0.16292276666666666,0.1605915,0.01244166179354902,0.17957969999999998,0.15039,0.217797,0.006237307,4809.76806176127
972,30,29,0.1633975666666667,0.16107349999999998,0.014526386136443484,0.17927224999999997,0.150373,0.231159,0.006237537,4809.590708640286
973,30,29,0.1625236,0.1597575,0.011141499263316531,0.18585694999999997,0.151511,0.202829,0.006213266,4828.378504960193
974,30,29,0.1717420666666666,0.16275450000000002,0.027787049120462367,0.22860694999999992,0.149976,0.280284,0.006827041,4394.2902935547045
975,30,29,0.16701200000000002,0.162025,0.015857787641930122,0.19820184999999996,0.151374,0.221492,0.006352421,4722.60890769047
976,30,29,0.1987104666666667,0.17158800000000002,0.046197129623277294,0.2801395,0.156849,0.31581,0.007420237,4042.997548461053
977,30,29,0.16399213333333332,0.161733,0.01076055536232899,0.18190744999999997,0.151507,0.206574,0.006269877,4784.782859376667
978,30,29,0.16426373333333333,0.15987600000000002,0.014886504272114333,0.17797724999999998,0.152589,0.232966,0.00628163,4775.830477121384
979,30,29,0.1701214666666667,0.15950199999999998,0.03992289179261765,0.23107194999999978,0.150049,0.350941,0.006554131,4577.265849584025
980,30,29,0.1664832666666667,0.161079,0.016242987951162472,0.19975574999999995,0.150256,0.21915,0.006360136,4716.8802679691125
981,30,29,0.1643243,0.1617915,0.011046315597800331,0.18078384999999997,0.154223,0.20878,0.006297048,4764.137100431821
982,30,29,0.16462896666666663,0.1613935,0.014320277697854822,0.17987919999999996,0.151955,0.231384,0.006294496,4766.068641556051
983,30,29,0.1642785,0.160177,0.013733388739077503,0.1871183,0.153257,0.221394,0.006262032,4790.7771790370925
984,30,29,0.1709511,0.1671735,0.01844462501156479,0.21723439999999997,0.150804,0.22663,0.006634605,4521.746207950587
985,30,29,0.16413666666666665,0.162033,0.011420696522431162,0.18198939999999997,0.152283,0.210217,0.006459185,4644.54880917639
986,30,29,0.1604963333333333,0.1570945,0.011164143305562074,0.18124459999999998,0.150205,0.203444,0.006150809,4877.407183347751
987,30,29,0.16601886666666668,0.1639195,0.012518118514937575,0.17903599999999997,0.153087,0.219252,0.006347739,4726.092235361284
988,30,29,0.17620589999999997,0.1738455,0.017399465135160195,0.20409804999999998,0.153129,0.220708,0.006756525,4440.152297223794
989,30,29,0.17396373333333331,0.167157,0.023161782024428226,0.21259464999999989,0.154585,0.267407,0.006813668,4402.914847039803
990,30,29,0.17300993333333334,0.1636165,0.02858215545783928,0.22732669999999994,0.153107,0.283693,0.006611665,4537.434972885045
991,30,29,0.20952003333333336,0.18399300000000002,0.06426798250777396,0.32959834999999993,0.156735,0.433281,0.007822153,3835.2612126098784
992,30,29,0.16189100000000003,0.15977999999999998,0.00997117717257579,0.17736575,0.150082,0.199958,0.006208904,4831.770631338478
993,30,29,0.16391086666666663,0.15828399999999998,0.014733244771565108,0.17988154999999997,0.1513,0.231083,0.006286764,4771.9303603570925
994,30,29,0.17636993333333334,0.162738,0.04298657064867274,0.2699958499999997,0.152473,0.337799,0.006805051,4408.4901053643825
995,30,29,0.16486560000000003,0.1585405,0.021275307524176373,0.19003764999999995,0.151767,0.266121,0.006240285,4807.472735620248
996,30,29,0.16009396666666664,0.15721400000000002,0.00799143867537622,0.1730415,0.151161,0.191078,0.006148893,4878.926987345527
997,30,29,0.16549166666666665,0.16225250000000002,0.013503805043160174,0.18178144999999998,0.153645,0.223058,0.006348226,4725.729676290667
998,30,29,0.16697043333333336,0.1627385,0.016443071333382724,0.2025963499999999,0.153383,0.223767,0.006370696,4709.061615873681
999,30,29,0.1736982,0.162358,0.03807667928725965,0.23656214999999992,0.152037,0.341376,0.006656442,4506.912251319849
1000,30,29,0.16952033333333333,0.162385,0.023352201360210476,0.20811354999999998,0.154024,0.271862,0.0064507,4650.658068116639
