  **** HLS Build v2024.2 5238294
Sourcing Tcl script '/tmp/lenet_cap64_hls.KmvPAz/build_prj.tcl'
INFO: [HLS 200-1510] Running: open_project -reset lenet_mnist_cap64_hls_prj 
INFO: [HLS 200-10] Creating and opening project '/tmp/lenet_cap64_hls.KmvPAz/lenet_mnist_cap64_hls_prj'.
INFO: [HLS 200-1510] Running: set_top lenet_mnist_cap64_hls 
INFO: [HLS 200-1510] Running: add_files firmware/lenet_mnist_cap64_hls.cpp -cflags -std=c++0x 
INFO: [HLS 200-10] Adding design file 'firmware/lenet_mnist_cap64_hls.cpp' to the project
INFO: [HLS 200-1510] Running: add_files -tb lenet_mnist_cap64_hls_test.cpp -cflags -std=c++0x 
INFO: [HLS 200-10] Adding test bench file 'lenet_mnist_cap64_hls_test.cpp' to the project
INFO: [HLS 200-1510] Running: add_files -tb firmware/weights 
INFO: [HLS 200-10] Adding test bench file 'firmware/weights' to the project
INFO: [HLS 200-1510] Running: add_files -tb tb_data 
INFO: [HLS 200-10] Adding test bench file 'tb_data' to the project
INFO: [HLS 200-1510] Running: open_solution -reset solution1 
INFO: [HLS 200-10] Creating and opening solution '/tmp/lenet_cap64_hls.KmvPAz/lenet_mnist_cap64_hls_prj/solution1'.
INFO: [HLS 200-10] Cleaning up the solution database.
INFO: [HLS 200-1505] Using default flow_target 'vivado'
Resolution: For help on HLS 200-1505 see docs.xilinx.com/access/sources/dita/topic?Doc_Version=2024.2%20English&url=ug1448-hls-guidance&resourceid=200-1505.html
INFO: [HLS 200-1510] Running: config_array_partition -maximum_size 4096 
ERROR: [HLS 200-101] config_array_partition: Unknown option '-maximum_size'.
ERROR: [HLS 200-101] config_array_partition: Unknown option '4096'.
[1msyn.array_partition.complete_threshold[0m=[1msyn.array_partition.throughput_driven[0m=
INFO: [HLS 200-1510] Running: config_compile -name_max_length 80 
INFO: [XFORM 203-1161] The maximum of name length is set to 80.
INFO: [HLS 200-1510] Running: set_part xczu7ev-ffvc1156-2-e 
INFO: [HLS 200-1611] Setting target device to 'xczu7ev-ffvc1156-2-e'
INFO: [XFORM 203-1161] The maximum of name length is set to 80.
INFO: [HLS 200-1510] Running: config_schedule -enable_dsp_full_reg=false 
INFO: [HLS 200-1510] Running: create_clock -period 10.0 -name default 
INFO: [SYN 201-201] Setting up clock 'default' with a period of 10ns.
INFO: [HLS 200-1510] Running: set_clock_uncertainty 27% default 
INFO: [SYN 201-201] Setting up clock 'default' with an uncertainty of 2.7ns.
***** C/RTL SYNTHESIS *****
INFO: [HLS 200-1510] Running: csynth_design 
INFO: [HLS 200-111] Finished File checks and directory preparation: CPU user time: 0.03 seconds. CPU system time: 0 seconds. Elapsed time: 0.03 seconds; current allocated memory: 316.918 MB.
INFO: [HLS 200-10] Analyzing design file 'firmware/lenet_mnist_cap64_hls.cpp' ... 
WARNING: [HLS 207-5570] unexpected pragma argument 'softmax', expects function/operation (firmware/nnet_utils/nnet_activation.h:402:36)
WARNING: [HLS 207-5538] 'Resource pragma' is deprecated, use 'bind_op/bind_storage pragma' instead (firmware/nnet_utils/nnet_dense_resource.h:33:9)
WARNING: [HLS 207-5538] 'Resource pragma' is deprecated, use 'bind_op/bind_storage pragma' instead (firmware/nnet_utils/nnet_dense_resource.h:107:9)
WARNING: [HLS 207-5538] 'Resource pragma' is deprecated, use 'bind_op/bind_storage pragma' instead (firmware/nnet_utils/nnet_dense_resource.h:189:9)
WARNING: [HLS 214-113] Either use an argument of the function or declare the variable inside the dataflow loop body (firmware/lenet_mnist_cap64_hls.cpp:69:72)
Resolution: For help on HLS 214-113 see docs.xilinx.com/access/sources/dita/topic?Doc_Version=2024.2%20English&url=ug1448-hls-guidance&resourceid=214-113.html
WARNING: [HLS 214-113] Either use an argument of the function or declare the variable inside the dataflow loop body (firmware/lenet_mnist_cap64_hls.cpp:69:76)
Resolution: For help on HLS 214-113 see docs.xilinx.com/access/sources/dita/topic?Doc_Version=2024.2%20English&url=ug1448-hls-guidance&resourceid=214-113.html
WARNING: [HLS 214-113] Either use an argument of the function or declare the variable inside the dataflow loop body (firmware/lenet_mnist_cap64_hls.cpp:75:75)
Resolution: For help on HLS 214-113 see docs.xilinx.com/access/sources/dita/topic?Doc_Version=2024.2%20English&url=ug1448-hls-guidance&resourceid=214-113.html
WARNING: [HLS 214-113] Either use an argument of the function or declare the variable inside the dataflow loop body (firmware/lenet_mnist_cap64_hls.cpp:75:79)
Resolution: For help on HLS 214-113 see docs.xilinx.com/access/sources/dita/topic?Doc_Version=2024.2%20English&url=ug1448-hls-guidance&resourceid=214-113.html
WARNING: [HLS 214-113] Either use an argument of the function or declare the variable inside the dataflow loop body (firmware/lenet_mnist_cap64_hls.cpp:81:70)
Resolution: For help on HLS 214-113 see docs.xilinx.com/access/sources/dita/topic?Doc_Version=2024.2%20English&url=ug1448-hls-guidance&resourceid=214-113.html
WARNING: [HLS 214-113] Either use an argument of the function or declare the variable inside the dataflow loop body (firmware/lenet_mnist_cap64_hls.cpp:81:74)
Resolution: For help on HLS 214-113 see docs.xilinx.com/access/sources/dita/topic?Doc_Version=2024.2%20English&url=ug1448-hls-guidance&resourceid=214-113.html
WARNING: [HLS 214-113] Either use an argument of the function or declare the variable inside the dataflow loop body (firmware/lenet_mnist_cap64_hls.cpp:85:75)
Resolution: For help on HLS 214-113 see docs.xilinx.com/access/sources/dita/topic?Doc_Version=2024.2%20English&url=ug1448-hls-guidance&resourceid=214-113.html
WARNING: [HLS 214-113] Either use an argument of the function or declare the variable inside the dataflow loop body (firmware/lenet_mnist_cap64_hls.cpp:85:80)
Resolution: For help on HLS 214-113 see docs.xilinx.com/access/sources/dita/topic?Doc_Version=2024.2%20English&url=ug1448-hls-guidance&resourceid=214-113.html
WARNING: [HLS 214-113] Either use an argument of the function or declare the variable inside the dataflow loop body (firmware/lenet_mnist_cap64_hls.cpp:89:74)
Resolution: For help on HLS 214-113 see docs.xilinx.com/access/sources/dita/topic?Doc_Version=2024.2%20English&url=ug1448-hls-guidance&resourceid=214-113.html
WARNING: [HLS 214-113] Either use an argument of the function or declare the variable inside the dataflow loop body (firmware/lenet_mnist_cap64_hls.cpp:89:79)
Resolution: For help on HLS 214-113 see docs.xilinx.com/access/sources/dita/topic?Doc_Version=2024.2%20English&url=ug1448-hls-guidance&resourceid=214-113.html
WARNING: [HLS 200-471] Dataflow form checks found 10 issue(s) in file firmware/lenet_mnist_cap64_hls.cpp
Resolution: For help on HLS 200-471 see docs.xilinx.com/access/sources/dita/topic?Doc_Version=2024.2%20English&url=ug1448-hls-guidance&resourceid=200-471.html
WARNING: [HLS 207-5292] unused parameter 'keep' (firmware/nnet_utils/nnet_helpers.h:285:99)
WARNING: [HLS 207-5292] unused parameter 'data' (firmware/nnet_utils/nnet_function_stubs.h:14:36)
WARNING: [HLS 207-5292] unused parameter 'buffer' (firmware/nnet_utils/nnet_function_stubs.h:15:36)
WARNING: [HLS 207-5292] unused parameter 'partition' (firmware/nnet_utils/nnet_function_stubs.h:16:44)
WARNING: [HLS 207-5292] unused parameter 'data' (firmware/nnet_utils/nnet_function_stubs.h:24:24)
WARNING: [HLS 207-5292] unused parameter 'buffer' (firmware/nnet_utils/nnet_function_stubs.h:25:24)
WARNING: [HLS 207-5292] unused parameter 'partition' (firmware/nnet_utils/nnet_function_stubs.h:26:32)
WARNING: [HLS 207-5292] unused parameter 'data' (firmware/nnet_utils/nnet_function_stubs.h:33:30)
WARNING: [HLS 207-5292] unused parameter 'res' (firmware/nnet_utils/nnet_function_stubs.h:33:58)
WARNING: [HLS 207-5292] unused parameter 'weights' (firmware/nnet_utils/nnet_function_stubs.h:34:51)
WARNING: [HLS 207-5292] unused parameter 'biases' (firmware/nnet_utils/nnet_function_stubs.h:35:49)
WARNING: [HLS 207-5292] unused parameter 'data' (firmware/nnet_utils/nnet_function_stubs.h:42:30)
WARNING: [HLS 207-5292] unused parameter 'res' (firmware/nnet_utils/nnet_function_stubs.h:42:58)
WARNING: [HLS 207-5292] unused parameter 'weights' (firmware/nnet_utils/nnet_function_stubs.h:43:51)
WARNING: [HLS 207-5292] unused parameter 'biases' (firmware/nnet_utils/nnet_function_stubs.h:44:49)
WARNING: [HLS 207-5292] unused parameter 'data' (firmware/nnet_utils/nnet_function_stubs.h:51:29)
WARNING: [HLS 207-5292] unused parameter 'res' (firmware/nnet_utils/nnet_function_stubs.h:51:80)
WARNING: [HLS 207-5292] unused parameter 'weights' (firmware/nnet_utils/nnet_function_stubs.h:52:50)
WARNING: [HLS 207-5292] unused parameter 'biases' (firmware/nnet_utils/nnet_function_stubs.h:53:48)
WARNING: [HLS 207-5292] unused parameter 'data' (firmware/nnet_utils/nnet_code_gen.h:16:39)
WARNING: [HLS 207-5292] unused parameter 'res' (firmware/nnet_utils/nnet_code_gen.h:17:38)
WARNING: [HLS 207-5292] unused parameter 'weights' (firmware/nnet_utils/nnet_code_gen.h:18:60)
WARNING: [HLS 207-5292] unused parameter 'biases' (firmware/nnet_utils/nnet_code_gen.h:19:58)
WARNING: [HLS 207-5584] there are more than one pragma inline in the function scope, ignore the pragma  (/opt/Xilinx/Vitis/2024.2/common/technology/autopilot/ap_shift_reg.h:47:9)
INFO: [HLS 200-111] Finished Source Code Analysis and Preprocessing: CPU user time: 9.15 seconds. CPU system time: 0.66 seconds. Elapsed time: 10.23 seconds; current allocated memory: 325.656 MB.
INFO: [HLS 200-777] Using interface defaults for 'Vivado' flow target.
INFO: [HLS 200-1995] There were 8,735 instructions in the design after the 'Compile/Link' phase of compilation. See the Design Size Report for more details: /tmp/lenet_cap64_hls.KmvPAz/lenet_mnist_cap64_hls_prj/solution1/syn/report/csynth_design_size.rpt
WARNING: [HLS 200-1995] There were 141,300 instructions in the design after the 'Unroll/Inline (step 1)' phase of compilation. See the Design Size Report for more details: /tmp/lenet_cap64_hls.KmvPAz/lenet_mnist_cap64_hls_prj/solution1/syn/report/csynth_design_size.rpt
INFO: [HLS 200-1995] There were 80,572 instructions in the design after the 'Unroll/Inline (step 2)' phase of compilation. See the Design Size Report for more details: /tmp/lenet_cap64_hls.KmvPAz/lenet_mnist_cap64_hls_prj/solution1/syn/report/csynth_design_size.rpt
INFO: [HLS 200-1995] There were 70,646 instructions in the design after the 'Unroll/Inline (step 3)' phase of compilation. See the Design Size Report for more details: /tmp/lenet_cap64_hls.KmvPAz/lenet_mnist_cap64_hls_prj/solution1/syn/report/csynth_design_size.rpt
INFO: [HLS 200-1995] There were 62,300 instructions in the design after the 'Unroll/Inline (step 4)' phase of compilation. See the Design Size Report for more details: /tmp/lenet_cap64_hls.KmvPAz/lenet_mnist_cap64_hls_prj/solution1/syn/report/csynth_design_size.rpt
INFO: [HLS 200-1995] There were 57,984 instructions in the design after the 'Array/Struct (step 1)' phase of compilation. See the Design Size Report for more details: /tmp/lenet_cap64_hls.KmvPAz/lenet_mnist_cap64_hls_prj/solution1/syn/report/csynth_design_size.rpt
INFO: [HLS 200-1995] There were 57,645 instructions in the design after the 'Array/Struct (step 2)' phase of compilation. See the Design Size Report for more details: /tmp/lenet_cap64_hls.KmvPAz/lenet_mnist_cap64_hls_prj/solution1/syn/report/csynth_design_size.rpt
INFO: [HLS 200-1995] There were 57,694 instructions in the design after the 'Array/Struct (step 3)' phase of compilation. See the Design Size Report for more details: /tmp/lenet_cap64_hls.KmvPAz/lenet_mnist_cap64_hls_prj/solution1/syn/report/csynth_design_size.rpt
INFO: [HLS 200-1995] There were 67,897 instructions in the design after the 'Array/Struct (step 4)' phase of compilation. See the Design Size Report for more details: /tmp/lenet_cap64_hls.KmvPAz/lenet_mnist_cap64_hls_prj/solution1/syn/report/csynth_design_size.rpt
INFO: [HLS 200-1995] There were 63,890 instructions in the design after the 'Array/Struct (step 5)' phase of compilation. See the Design Size Report for more details: /tmp/lenet_cap64_hls.KmvPAz/lenet_mnist_cap64_hls_prj/solution1/syn/report/csynth_design_size.rpt
INFO: [HLS 200-1995] There were 62,353 instructions in the design after the 'Performance (step 1)' phase of compilation. See the Design Size Report for more details: /tmp/lenet_cap64_hls.KmvPAz/lenet_mnist_cap64_hls_prj/solution1/syn/report/csynth_design_size.rpt
INFO: [HLS 200-1995] There were 61,707 instructions in the design after the 'Performance (step 2)' phase of compilation. See the Design Size Report for more details: /tmp/lenet_cap64_hls.KmvPAz/lenet_mnist_cap64_hls_prj/solution1/syn/report/csynth_design_size.rpt
INFO: [HLS 200-1995] There were 61,547 instructions in the design after the 'Performance (step 3)' phase of compilation. See the Design Size Report for more details: /tmp/lenet_cap64_hls.KmvPAz/lenet_mnist_cap64_hls_prj/solution1/syn/report/csynth_design_size.rpt
INFO: [HLS 200-1995] There were 61,547 instructions in the design after the 'Performance (step 4)' phase of compilation. See the Design Size Report for more details: /tmp/lenet_cap64_hls.KmvPAz/lenet_mnist_cap64_hls_prj/solution1/syn/report/csynth_design_size.rpt
INFO: [HLS 200-1995] There were 60,444 instructions in the design after the 'HW Transforms (step 1)' phase of compilation. See the Design Size Report for more details: /tmp/lenet_cap64_hls.KmvPAz/lenet_mnist_cap64_hls_prj/solution1/syn/report/csynth_design_size.rpt
INFO: [HLS 200-1995] There were 61,621 instructions in the design after the 'HW Transforms (step 2)' phase of compilation. See the Design Size Report for more details: /tmp/lenet_cap64_hls.KmvPAz/lenet_mnist_cap64_hls_prj/solution1/syn/report/csynth_design_size.rpt
INFO: [HLS 214-415] Performing recursive inline in function 'nnet::conv_2d_cl<nnet::array<ap_fixed<22, 12, (ap_q_mode)4, (ap_o_mode)0, 0>, 1u>, nnet::array<ap_fixed<22, 12, (ap_q_mode)4, (ap_o_mode)0, 0>, 6u>, config2>' (firmware/nnet_utils/nnet_conv2d_stream.h:74:9)
INFO: [HLS 214-415] Performing recursive inline in function 'nnet::pooling2d_cl<nnet::array<ap_fixed<22, 12, (ap_q_mode)4, (ap_o_mode)0, 0>, 6u>, nnet::array<ap_fixed<22, 12, (ap_q_mode)4, (ap_o_mode)0, 0>, 6u>, config4>' (firmware/nnet_utils/nnet_pooling_stream.h:100:9)
INFO: [HLS 214-415] Performing recursive inline in function 'nnet::conv_2d_cl<nnet::array<ap_fixed<22, 12, (ap_q_mode)4, (ap_o_mode)0, 0>, 6u>, nnet::array<ap_fixed<22, 12, (ap_q_mode)4, (ap_o_mode)0, 0>, 16u>, config5>' (firmware/nnet_utils/nnet_conv2d_stream.h:74:9)
INFO: [HLS 214-415] Performing recursive inline in function 'nnet::pooling2d_cl<nnet::array<ap_fixed<22, 12, (ap_q_mode)4, (ap_o_mode)0, 0>, 16u>, nnet::array<ap_fixed<22, 12, (ap_q_mode)4, (ap_o_mode)0, 0>, 16u>, config7>' (firmware/nnet_utils/nnet_pooling_stream.h:100:9)
INFO: [HLS 214-415] Performing recursive inline in function 'nnet::dense_resource<ap_fixed<22, 12, (ap_q_mode)4, (ap_o_mode)0, 0>, ap_fixed<22, 12, (ap_q_mode)4, (ap_o_mode)0, 0>, config9>' (firmware/nnet_utils/nnet_dense_resource.h:259:9)
WARNING: [HLS 214-273] In function 'void nnet::dense_resource_rf_leq_nin<ap_fixed<22, 12, (ap_q_mode)4, (ap_o_mode)0, 0>, ap_fixed<22, 12, (ap_q_mode)4, (ap_o_mode)0, 0>, config9>(ap_fixed<22, 12, (ap_q_mode)4, (ap_o_mode)0, 0>*, ap_fixed<22, 12, (ap_q_mode)4, (ap_o_mode)0, 0>*, config9::weight_t*, config9::bias_t*)', Pragma conflict happens on 'INLINE' and 'FUNCTION_INSTANTIATE' pragmas: same function (firmware/nnet_utils/nnet_dense_resource.h:15:0)
INFO: [HLS 214-415] Performing recursive inline in function 'nnet::dense<nnet::array<ap_fixed<22, 12, (ap_q_mode)4, (ap_o_mode)0, 0>, 16u>, nnet::array<ap_fixed<22, 12, (ap_q_mode)4, (ap_o_mode)0, 0>, 120u>, config9>' (firmware/nnet_utils/nnet_dense_stream.h:85:9)
INFO: [HLS 214-415] Performing recursive inline in function 'nnet::dense_resource<ap_fixed<22, 12, (ap_q_mode)4, (ap_o_mode)0, 0>, ap_fixed<22, 12, (ap_q_mode)4, (ap_o_mode)0, 0>, config11>' (firmware/nnet_utils/nnet_dense_resource.h:259:9)
WARNING: [HLS 214-273] In function 'void nnet::dense_resource_rf_leq_nin<ap_fixed<22, 12, (ap_q_mode)4, (ap_o_mode)0, 0>, ap_fixed<22, 12, (ap_q_mode)4, (ap_o_mode)0, 0>, config11>(ap_fixed<22, 12, (ap_q_mode)4, (ap_o_mode)0, 0>*, ap_fixed<22, 12, (ap_q_mode)4, (ap_o_mode)0, 0>*, config11::weight_t*, config11::bias_t*)', Pragma conflict happens on 'INLINE' and 'FUNCTION_INSTANTIATE' pragmas: same function (firmware/nnet_utils/nnet_dense_resource.h:15:0)
INFO: [HLS 214-415] Performing recursive inline in function 'nnet::dense<nnet::array<ap_fixed<22, 12, (ap_q_mode)4, (ap_o_mode)0, 0>, 120u>, nnet::array<ap_fixed<22, 12, (ap_q_mode)4, (ap_o_mode)0, 0>, 84u>, config11>' (firmware/nnet_utils/nnet_dense_stream.h:85:9)
INFO: [HLS 214-415] Performing recursive inline in function 'nnet::dense_resource<ap_fixed<22, 12, (ap_q_mode)4, (ap_o_mode)0, 0>, ap_fixed<22, 12, (ap_q_mode)4, (ap_o_mode)0, 0>, config13>' (firmware/nnet_utils/nnet_dense_resource.h:259:9)
WARNING: [HLS 214-273] In function 'void nnet::dense_resource_rf_leq_nin<ap_fixed<22, 12, (ap_q_mode)4, (ap_o_mode)0, 0>, ap_fixed<22, 12, (ap_q_mode)4, (ap_o_mode)0, 0>, config13>(ap_fixed<22, 12, (ap_q_mode)4, (ap_o_mode)0, 0>*, ap_fixed<22, 12, (ap_q_mode)4, (ap_o_mode)0, 0>*, config13::weight_t*, config13::bias_t*)', Pragma conflict happens on 'INLINE' and 'FUNCTION_INSTANTIATE' pragmas: same function (firmware/nnet_utils/nnet_dense_resource.h:15:0)
INFO: [HLS 214-415] Performing recursive inline in function 'nnet::dense<nnet::array<ap_fixed<22, 12, (ap_q_mode)4, (ap_o_mode)0, 0>, 84u>, nnet::array<ap_fixed<22, 12, (ap_q_mode)4, (ap_o_mode)0, 0>, 10u>, config13>' (firmware/nnet_utils/nnet_dense_stream.h:85:9)
WARNING: [HLS 214-273] In function 'void nnet::shift_line_buffer<nnet::array<ap_fixed<22, 12, (ap_q_mode)4, (ap_o_mode)0, 0>, 16u>, config7>(nnet::array<ap_fixed<22, 12, (ap_q_mode)4, (ap_o_mode)0, 0>, 16u> const&, ap_shift_reg<nnet::array<ap_fixed<22, 12, (ap_q_mode)4, (ap_o_mode)0, 0>, 16u>::value_type, config7::in_width> (*) [config7::n_chan], nnet::array<ap_fixed<22, 12, (ap_q_mode)4, (ap_o_mode)0, 0>, 16u>::value_type*)', Pragma conflict happens on 'INLINE' and 'PIPELINE' pragmas: same function (firmware/nnet_utils/nnet_conv_stream.h:219:0)
WARNING: [HLS 214-273] In function 'void nnet::shift_line_buffer<nnet::array<ap_fixed<22, 12, (ap_q_mode)4, (ap_o_mode)0, 0>, 6u>, config4>(nnet::array<ap_fixed<22, 12, (ap_q_mode)4, (ap_o_mode)0, 0>, 6u> const&, ap_shift_reg<nnet::array<ap_fixed<22, 12, (ap_q_mode)4, (ap_o_mode)0, 0>, 6u>::value_type, config4::in_width> (*) [config4::n_chan], nnet::array<ap_fixed<22, 12, (ap_q_mode)4, (ap_o_mode)0, 0>, 6u>::value_type*)', Pragma conflict happens on 'INLINE' and 'PIPELINE' pragmas: same function (firmware/nnet_utils/nnet_conv_stream.h:219:0)
INFO: [HLS 214-131] Inlining function 'void nnet::kernel_shift_2d<nnet::array<ap_fixed<22, 12, (ap_q_mode)4, (ap_o_mode)0, 0>, 1u>, config2>(nnet::array<ap_fixed<22, 12, (ap_q_mode)4, (ap_o_mode)0, 0>, 1u>::value_type (*) [config2::n_chan], nnet::array<ap_fixed<22, 12, (ap_q_mode)4, (ap_o_mode)0, 0>, 1u>::value_type*)' into 'void nnet::shift_line_buffer<nnet::array<ap_fixed<22, 12, (ap_q_mode)4, (ap_o_mode)0, 0>, 1u>, config2>(nnet::array<ap_fixed<22, 12, (ap_q_mode)4, (ap_o_mode)0, 0>, 1u> const&, ap_shift_reg<nnet::array<ap_fixed<22, 12, (ap_q_mode)4, (ap_o_mode)0, 0>, 1u>::value_type, config2::in_width> (*) [config2::n_chan], nnet::array<ap_fixed<22, 12, (ap_q_mode)4, (ap_o_mode)0, 0>, 1u>::value_type*)' (firmware/nnet_utils/nnet_conv_stream.h:247:5)
INFO: [HLS 214-131] Inlining function 'nnet::product::mult<ap_fixed<22, 12, (ap_q_mode)4, (ap_o_mode)0, 0>, ap_fixed<22, 12, (ap_q_mode)4, (ap_o_mode)0, 0> >::product(ap_fixed<22, 12, (ap_q_mode)4, (ap_o_mode)0, 0>, ap_fixed<22, 12, (ap_q_mode)4, (ap_o_mode)0, 0>)' into 'void nnet::dense_resource_rf_leq_nin<ap_fixed<22, 12, (ap_q_mode)4, (ap_o_mode)0, 0>, ap_fixed<22, 12, (ap_q_mode)4, (ap_o_mode)0, 0>, config2_mult>(ap_fixed<22, 12, (ap_q_mode)4, (ap_o_mode)0, 0>*, ap_fixed<22, 12, (ap_q_mode)4, (ap_o_mode)0, 0>*, config2_mult::weight_t*, config2_mult::bias_t*)' (firmware/nnet_utils/nnet_dense_resource.h:59:17)
INFO: [HLS 214-131] Inlining function 'nnet::DenseResource_rf_leq_nin<ap_fixed<22, 12, (ap_q_mode)4, (ap_o_mode)0, 0>, ap_fixed<22, 12, (ap_q_mode)4, (ap_o_mode)0, 0>, config2_mult>::dense(ap_fixed<22, 12, (ap_q_mode)4, (ap_o_mode)0, 0>*, ap_fixed<22, 12, (ap_q_mode)4, (ap_o_mode)0, 0>*, ap_fixed<22, 12, (ap_q_mode)4, (ap_o_mode)0, 0>*, ap_fixed<22, 12, (ap_q_mode)4, (ap_o_mode)0, 0>*)' into 'void nnet::compute_output_buffer_2d<nnet::array<ap_fixed<22, 12, (ap_q_mode)4, (ap_o_mode)0, 0>, 1u>, nnet::array<ap_fixed<22, 12, (ap_q_mode)4, (ap_o_mode)0, 0>, 6u>, config2>(nnet::array<ap_fixed<22, 12, (ap_q_mode)4, (ap_o_mode)0, 0>, 1u> const&, ap_shift_reg<nnet::array<ap_fixed<22, 12, (ap_q_mode)4, (ap_o_mode)0, 0>, 1u>::value_type, config2::in_width> (*) [config2::n_chan], hls::stream<nnet::array<ap_fixed<22, 12, (ap_q_mode)4, (ap_o_mode)0, 0>, 6u>, 0>&, config2::weight_t*, config2::bias_t*)' (firmware/nnet_utils/nnet_conv_stream.h:288:9)
INFO: [HLS 214-131] Inlining function 'void nnet::conv_2d_buffer_resource_cl<nnet::array<ap_fixed<22, 12, (ap_q_mode)4, (ap_o_mode)0, 0>, 1u>, nnet::array<ap_fixed<22, 12, (ap_q_mode)4, (ap_o_mode)0, 0>, 6u>, config2>(hls::stream<nnet::array<ap_fixed<22, 12, (ap_q_mode)4, (ap_o_mode)0, 0>, 1u>, 0>&, hls::stream<nnet::array<ap_fixed<22, 12, (ap_q_mode)4, (ap_o_mode)0, 0>, 6u>, 0>&, config2::weight_t*, config2::bias_t*) (.43)' into 'void nnet::conv_2d_cl<nnet::array<ap_fixed<22, 12, (ap_q_mode)4, (ap_o_mode)0, 0>, 1u>, nnet::array<ap_fixed<22, 12, (ap_q_mode)4, (ap_o_mode)0, 0>, 6u>, config2>(hls::stream<nnet::array<ap_fixed<22, 12, (ap_q_mode)4, (ap_o_mode)0, 0>, 1u>, 0>&, hls::stream<nnet::array<ap_fixed<22, 12, (ap_q_mode)4, (ap_o_mode)0, 0>, 6u>, 0>&, config2::weight_t*, config2::bias_t*)' (firmware/nnet_utils/nnet_conv2d_stream.h:78:9)
INFO: [HLS 214-131] Inlining function 'void nnet::kernel_shift_2d<nnet::array<ap_fixed<22, 12, (ap_q_mode)4, (ap_o_mode)0, 0>, 6u>, config4>(nnet::array<ap_fixed<22, 12, (ap_q_mode)4, (ap_o_mode)0, 0>, 6u>::value_type (*) [config4::n_chan], nnet::array<ap_fixed<22, 12, (ap_q_mode)4, (ap_o_mode)0, 0>, 6u>::value_type*)' into 'void nnet::shift_line_buffer<nnet::array<ap_fixed<22, 12, (ap_q_mode)4, (ap_o_mode)0, 0>, 6u>, config4>(nnet::array<ap_fixed<22, 12, (ap_q_mode)4, (ap_o_mode)0, 0>, 6u> const&, ap_shift_reg<nnet::array<ap_fixed<22, 12, (ap_q_mode)4, (ap_o_mode)0, 0>, 6u>::value_type, config4::in_width> (*) [config4::n_chan], nnet::array<ap_fixed<22, 12, (ap_q_mode)4, (ap_o_mode)0, 0>, 6u>::value_type*)' (firmware/nnet_utils/nnet_conv_stream.h:247:5)
INFO: [HLS 214-131] Inlining function 'nnet::Op_max<ap_fixed<22, 12, (ap_q_mode)4, (ap_o_mode)0, 0> >::operator()(ap_fixed<22, 12, (ap_q_mode)4, (ap_o_mode)0, 0>, ap_fixed<22, 12, (ap_q_mode)4, (ap_o_mode)0, 0>) (.30)' into 'ap_fixed<22, 12, (ap_q_mode)4, (ap_o_mode)0, 0> nnet::reduce<ap_fixed<22, 12, (ap_q_mode)4, (ap_o_mode)0, 0>, 2, nnet::Op_max<ap_fixed<22, 12, (ap_q_mode)4, (ap_o_mode)0, 0> > >(ap_fixed<22, 12, (ap_q_mode)4, (ap_o_mode)0, 0> const*, nnet::Op_max<ap_fixed<22, 12, (ap_q_mode)4, (ap_o_mode)0, 0> >) (.32)' (firmware/nnet_utils/nnet_common.h:44:16)
INFO: [HLS 214-131] Inlining function 'ap_fixed<22, 12, (ap_q_mode)4, (ap_o_mode)0, 0> nnet::reduce<ap_fixed<22, 12, (ap_q_mode)4, (ap_o_mode)0, 0>, 2, nnet::Op_max<ap_fixed<22, 12, (ap_q_mode)4, (ap_o_mode)0, 0> > >(ap_fixed<22, 12, (ap_q_mode)4, (ap_o_mode)0, 0> const*, nnet::Op_max<ap_fixed<22, 12, (ap_q_mode)4, (ap_o_mode)0, 0> >) (.32)' into 'ap_fixed<22, 12, (ap_q_mode)4, (ap_o_mode)0, 0> nnet::reduce<ap_fixed<22, 12, (ap_q_mode)4, (ap_o_mode)0, 0>, 4, nnet::Op_max<ap_fixed<22, 12, (ap_q_mode)4, (ap_o_mode)0, 0> > >(ap_fixed<22, 12, (ap_q_mode)4, (ap_o_mode)0, 0> const*, nnet::Op_max<ap_fixed<22, 12, (ap_q_mode)4, (ap_o_mode)0, 0> >) (.29)' (firmware/nnet_utils/nnet_common.h:46:15)
INFO: [HLS 214-131] Inlining function 'nnet::Op_max<ap_fixed<22, 12, (ap_q_mode)4, (ap_o_mode)0, 0> >::operator()(ap_fixed<22, 12, (ap_q_mode)4, (ap_o_mode)0, 0>, ap_fixed<22, 12, (ap_q_mode)4, (ap_o_mode)0, 0>) (.30)' into 'ap_fixed<22, 12, (ap_q_mode)4, (ap_o_mode)0, 0> nnet::reduce<ap_fixed<22, 12, (ap_q_mode)4, (ap_o_mode)0, 0>, 4, nnet::Op_max<ap_fixed<22, 12, (ap_q_mode)4, (ap_o_mode)0, 0> > >(ap_fixed<22, 12, (ap_q_mode)4, (ap_o_mode)0, 0> const*, nnet::Op_max<ap_fixed<22, 12, (ap_q_mode)4, (ap_o_mode)0, 0> >) (.29)' (firmware/nnet_utils/nnet_common.h:46:12)
INFO: [HLS 214-131] Inlining function 'ap_fixed<22, 12, (ap_q_mode)4, (ap_o_mode)0, 0> nnet::reduce<ap_fixed<22, 12, (ap_q_mode)4, (ap_o_mode)0, 0>, 4, nnet::Op_max<ap_fixed<22, 12, (ap_q_mode)4, (ap_o_mode)0, 0> > >(ap_fixed<22, 12, (ap_q_mode)4, (ap_o_mode)0, 0> const*, nnet::Op_max<ap_fixed<22, 12, (ap_q_mode)4, (ap_o_mode)0, 0> >) (.29)' into 'ap_fixed<22, 12, (ap_q_mode)4, (ap_o_mode)0, 0> nnet::reduce_pool<ap_fixed<22, 12, (ap_q_mode)4, (ap_o_mode)0, 0>, 4, config4>(ap_fixed<22, 12, (ap_q_mode)4, (ap_o_mode)0, 0>*) (.41)' (firmware/nnet_utils/nnet_pooling_stream.h:21:16)
INFO: [HLS 214-131] Inlining function 'ap_fixed<22, 12, (ap_q_mode)4, (ap_o_mode)0, 0> nnet::reduce_pool<ap_fixed<22, 12, (ap_q_mode)4, (ap_o_mode)0, 0>, 4, config4>(ap_fixed<22, 12, (ap_q_mode)4, (ap_o_mode)0, 0>*) (.41)' into 'void nnet::compute_pool_buffer_2d<nnet::array<ap_fixed<22, 12, (ap_q_mode)4, (ap_o_mode)0, 0>, 6u>, nnet::array<ap_fixed<22, 12, (ap_q_mode)4, (ap_o_mode)0, 0>, 6u>, config4>(nnet::array<ap_fixed<22, 12, (ap_q_mode)4, (ap_o_mode)0, 0>, 6u> const&, ap_shift_reg<nnet::array<ap_fixed<22, 12, (ap_q_mode)4, (ap_o_mode)0, 0>, 6u>::value_type, config4::in_width> (*) [config4::n_filt], hls::stream<nnet::array<ap_fixed<22, 12, (ap_q_mode)4, (ap_o_mode)0, 0>, 6u>, 0>&) (.38)' (firmware/nnet_utils/nnet_pooling_stream.h:68:17)
INFO: [HLS 214-131] Inlining function 'nnet::array<ap_fixed<22, 12, (ap_q_mode)4, (ap_o_mode)0, 0>, 6u>::operator[](unsigned long) (.40)' into 'void nnet::compute_pool_buffer_2d<nnet::array<ap_fixed<22, 12, (ap_q_mode)4, (ap_o_mode)0, 0>, 6u>, nnet::array<ap_fixed<22, 12, (ap_q_mode)4, (ap_o_mode)0, 0>, 6u>, config4>(nnet::array<ap_fixed<22, 12, (ap_q_mode)4, (ap_o_mode)0, 0>, 6u> const&, ap_shift_reg<nnet::array<ap_fixed<22, 12, (ap_q_mode)4, (ap_o_mode)0, 0>, 6u>::value_type, config4::in_width> (*) [config4::n_filt], hls::stream<nnet::array<ap_fixed<22, 12, (ap_q_mode)4, (ap_o_mode)0, 0>, 6u>, 0>&) (.38)' (firmware/nnet_utils/nnet_pooling_stream.h:67:13)
INFO: [HLS 214-131] Inlining function 'void nnet::compute_pool_buffer_2d<nnet::array<ap_fixed<22, 12, (ap_q_mode)4, (ap_o_mode)0, 0>, 6u>, nnet::array<ap_fixed<22, 12, (ap_q_mode)4, (ap_o_mode)0, 0>, 6u>, config4>(nnet::array<ap_fixed<22, 12, (ap_q_mode)4, (ap_o_mode)0, 0>, 6u> const&, ap_shift_reg<nnet::array<ap_fixed<22, 12, (ap_q_mode)4, (ap_o_mode)0, 0>, 6u>::value_type, config4::in_width> (*) [config4::n_filt], hls::stream<nnet::array<ap_fixed<22, 12, (ap_q_mode)4, (ap_o_mode)0, 0>, 6u>, 0>&) (.38)' into 'void nnet::pooling2d_cl<nnet::array<ap_fixed<22, 12, (ap_q_mode)4, (ap_o_mode)0, 0>, 6u>, nnet::array<ap_fixed<22, 12, (ap_q_mode)4, (ap_o_mode)0, 0>, 6u>, config4>(hls::stream<nnet::array<ap_fixed<22, 12, (ap_q_mode)4, (ap_o_mode)0, 0>, 6u>, 0>&, hls::stream<nnet::array<ap_fixed<22, 12, (ap_q_mode)4, (ap_o_mode)0, 0>, 6u>, 0>&)' (firmware/nnet_utils/nnet_pooling_stream.h:115:2)
INFO: [HLS 214-131] Inlining function 'void nnet::kernel_shift_2d<nnet::array<ap_fixed<22, 12, (ap_q_mode)4, (ap_o_mode)0, 0>, 6u>, config5>(nnet::array<ap_fixed<22, 12, (ap_q_mode)4, (ap_o_mode)0, 0>, 6u>::value_type (*) [config5::n_chan], nnet::array<ap_fixed<22, 12, (ap_q_mode)4, (ap_o_mode)0, 0>, 6u>::value_type*)' into 'void nnet::shift_line_buffer<nnet::array<ap_fixed<22, 12, (ap_q_mode)4, (ap_o_mode)0, 0>, 6u>, config5>(nnet::array<ap_fixed<22, 12, (ap_q_mode)4, (ap_o_mode)0, 0>, 6u> const&, ap_shift_reg<nnet::array<ap_fixed<22, 12, (ap_q_mode)4, (ap_o_mode)0, 0>, 6u>::value_type, config5::in_width> (*) [config5::n_chan], nnet::array<ap_fixed<22, 12, (ap_q_mode)4, (ap_o_mode)0, 0>, 6u>::value_type*)' (firmware/nnet_utils/nnet_conv_stream.h:247:5)
INFO: [HLS 214-131] Inlining function 'nnet::product::mult<ap_fixed<22, 12, (ap_q_mode)4, (ap_o_mode)0, 0>, ap_fixed<22, 12, (ap_q_mode)4, (ap_o_mode)0, 0> >::product(ap_fixed<22, 12, (ap_q_mode)4, (ap_o_mode)0, 0>, ap_fixed<22, 12, (ap_q_mode)4, (ap_o_mode)0, 0>)' into 'void nnet::dense_resource_rf_leq_nin<ap_fixed<22, 12, (ap_q_mode)4, (ap_o_mode)0, 0>, ap_fixed<22, 12, (ap_q_mode)4, (ap_o_mode)0, 0>, config5_mult>(ap_fixed<22, 12, (ap_q_mode)4, (ap_o_mode)0, 0>*, ap_fixed<22, 12, (ap_q_mode)4, (ap_o_mode)0, 0>*, config5_mult::weight_t*, config5_mult::bias_t*)' (firmware/nnet_utils/nnet_dense_resource.h:59:17)
INFO: [HLS 214-131] Inlining function 'nnet::DenseResource_rf_leq_nin<ap_fixed<22, 12, (ap_q_mode)4, (ap_o_mode)0, 0>, ap_fixed<22, 12, (ap_q_mode)4, (ap_o_mode)0, 0>, config5_mult>::dense(ap_fixed<22, 12, (ap_q_mode)4, (ap_o_mode)0, 0>*, ap_fixed<22, 12, (ap_q_mode)4, (ap_o_mode)0, 0>*, ap_fixed<22, 12, (ap_q_mode)4, (ap_o_mode)0, 0>*, ap_fixed<22, 12, (ap_q_mode)4, (ap_o_mode)0, 0>*)' into 'void nnet::compute_output_buffer_2d<nnet::array<ap_fixed<22, 12, (ap_q_mode)4, (ap_o_mode)0, 0>, 6u>, nnet::array<ap_fixed<22, 12, (ap_q_mode)4, (ap_o_mode)0, 0>, 16u>, config5>(nnet::array<ap_fixed<22, 12, (ap_q_mode)4, (ap_o_mode)0, 0>, 6u> const&, ap_shift_reg<nnet::array<ap_fixed<22, 12, (ap_q_mode)4, (ap_o_mode)0, 0>, 6u>::value_type, config5::in_width> (*) [config5::n_chan], hls::stream<nnet::array<ap_fixed<22, 12, (ap_q_mode)4, (ap_o_mode)0, 0>, 16u>, 0>&, config5::weight_t*, config5::bias_t*)' (firmware/nnet_utils/nnet_conv_stream.h:288:9)
INFO: [HLS 214-131] Inlining function 'void nnet::conv_2d_buffer_resource_cl<nnet::array<ap_fixed<22, 12, (ap_q_mode)4, (ap_o_mode)0, 0>, 6u>, nnet::array<ap_fixed<22, 12, (ap_q_mode)4, (ap_o_mode)0, 0>, 16u>, config5>(hls::stream<nnet::array<ap_fixed<22, 12, (ap_q_mode)4, (ap_o_mode)0, 0>, 6u>, 0>&, hls::stream<nnet::array<ap_fixed<22, 12, (ap_q_mode)4, (ap_o_mode)0, 0>, 16u>, 0>&, config5::weight_t*, config5::bias_t*) (.34)' into 'void nnet::conv_2d_cl<nnet::array<ap_fixed<22, 12, (ap_q_mode)4, (ap_o_mode)0, 0>, 6u>, nnet::array<ap_fixed<22, 12, (ap_q_mode)4, (ap_o_mode)0, 0>, 16u>, config5>(hls::stream<nnet::array<ap_fixed<22, 12, (ap_q_mode)4, (ap_o_mode)0, 0>, 6u>, 0>&, hls::stream<nnet::array<ap_fixed<22, 12, (ap_q_mode)4, (ap_o_mode)0, 0>, 16u>, 0>&, config5::weight_t*, config5::bias_t*)' (firmware/nnet_utils/nnet_conv2d_stream.h:78:9)
INFO: [HLS 214-131] Inlining function 'void nnet::kernel_shift_2d<nnet::array<ap_fixed<22, 12, (ap_q_mode)4, (ap_o_mode)0, 0>, 16u>, config7>(nnet::array<ap_fixed<22, 12, (ap_q_mode)4, (ap_o_mode)0, 0>, 16u>::value_type (*) [config7::n_chan], nnet::array<ap_fixed<22, 12, (ap_q_mode)4, (ap_o_mode)0, 0>, 16u>::value_type*)' into 'void nnet::shift_line_buffer<nnet::array<ap_fixed<22, 12, (ap_q_mode)4, (ap_o_mode)0, 0>, 16u>, config7>(nnet::array<ap_fixed<22, 12, (ap_q_mode)4, (ap_o_mode)0, 0>, 16u> const&, ap_shift_reg<nnet::array<ap_fixed<22, 12, (ap_q_mode)4, (ap_o_mode)0, 0>, 16u>::value_type, config7::in_width> (*) [config7::n_chan], nnet::array<ap_fixed<22, 12, (ap_q_mode)4, (ap_o_mode)0, 0>, 16u>::value_type*)' (firmware/nnet_utils/nnet_conv_stream.h:247:5)
INFO: [HLS 214-131] Inlining function 'ap_fixed<22, 12, (ap_q_mode)4, (ap_o_mode)0, 0> nnet::reduce<ap_fixed<22, 12, (ap_q_mode)4, (ap_o_mode)0, 0>, 4, nnet::Op_max<ap_fixed<22, 12, (ap_q_mode)4, (ap_o_mode)0, 0> > >(ap_fixed<22, 12, (ap_q_mode)4, (ap_o_mode)0, 0> const*, nnet::Op_max<ap_fixed<22, 12, (ap_q_mode)4, (ap_o_mode)0, 0> >) (.29)' into 'ap_fixed<22, 12, (ap_q_mode)4, (ap_o_mode)0, 0> nnet::reduce_pool<ap_fixed<22, 12, (ap_q_mode)4, (ap_o_mode)0, 0>, 4, config7>(ap_fixed<22, 12, (ap_q_mode)4, (ap_o_mode)0, 0>*) (.28)' (firmware/nnet_utils/nnet_pooling_stream.h:21:16)
INFO: [HLS 214-131] Inlining function 'ap_fixed<22, 12, (ap_q_mode)4, (ap_o_mode)0, 0> nnet::reduce_pool<ap_fixed<22, 12, (ap_q_mode)4, (ap_o_mode)0, 0>, 4, config7>(ap_fixed<22, 12, (ap_q_mode)4, (ap_o_mode)0, 0>*) (.28)' into 'void nnet::compute_pool_buffer_2d<nnet::array<ap_fixed<22, 12, (ap_q_mode)4, (ap_o_mode)0, 0>, 16u>, nnet::array<ap_fixed<22, 12, (ap_q_mode)4, (ap_o_mode)0, 0>, 16u>, config7>(nnet::array<ap_fixed<22, 12, (ap_q_mode)4, (ap_o_mode)0, 0>, 16u> const&, ap_shift_reg<nnet::array<ap_fixed<22, 12, (ap_q_mode)4, (ap_o_mode)0, 0>, 16u>::value_type, config7::in_width> (*) [config7::n_filt], hls::stream<nnet::array<ap_fixed<22, 12, (ap_q_mode)4, (ap_o_mode)0, 0>, 16u>, 0>&) (.26)' (firmware/nnet_utils/nnet_pooling_stream.h:68:17)
INFO: [HLS 214-131] Inlining function 'nnet::array<ap_fixed<22, 12, (ap_q_mode)4, (ap_o_mode)0, 0>, 16u>::operator[](unsigned long) (.23)' into 'void nnet::compute_pool_buffer_2d<nnet::array<ap_fixed<22, 12, (ap_q_mode)4, (ap_o_mode)0, 0>, 16u>, nnet::array<ap_fixed<22, 12, (ap_q_mode)4, (ap_o_mode)0, 0>, 16u>, config7>(nnet::array<ap_fixed<22, 12, (ap_q_mode)4, (ap_o_mode)0, 0>, 16u> const&, ap_shift_reg<nnet::array<ap_fixed<22, 12, (ap_q_mode)4, (ap_o_mode)0, 0>, 16u>::value_type, config7::in_width> (*) [config7::n_filt], hls::stream<nnet::array<ap_fixed<22, 12, (ap_q_mode)4, (ap_o_mode)0, 0>, 16u>, 0>&) (.26)' (firmware/nnet_utils/nnet_pooling_stream.h:67:13)
INFO: [HLS 214-131] Inlining function 'void nnet::compute_pool_buffer_2d<nnet::array<ap_fixed<22, 12, (ap_q_mode)4, (ap_o_mode)0, 0>, 16u>, nnet::array<ap_fixed<22, 12, (ap_q_mode)4, (ap_o_mode)0, 0>, 16u>, config7>(nnet::array<ap_fixed<22, 12, (ap_q_mode)4, (ap_o_mode)0, 0>, 16u> const&, ap_shift_reg<nnet::array<ap_fixed<22, 12, (ap_q_mode)4, (ap_o_mode)0, 0>, 16u>::value_type, config7::in_width> (*) [config7::n_filt], hls::stream<nnet::array<ap_fixed<22, 12, (ap_q_mode)4, (ap_o_mode)0, 0>, 16u>, 0>&) (.26)' into 'void nnet::pooling2d_cl<nnet::array<ap_fixed<22, 12, (ap_q_mode)4, (ap_o_mode)0, 0>, 16u>, nnet::array<ap_fixed<22, 12, (ap_q_mode)4, (ap_o_mode)0, 0>, 16u>, config7>(hls::stream<nnet::array<ap_fixed<22, 12, (ap_q_mode)4, (ap_o_mode)0, 0>, 16u>, 0>&, hls::stream<nnet::array<ap_fixed<22, 12, (ap_q_mode)4, (ap_o_mode)0, 0>, 16u>, 0>&)' (firmware/nnet_utils/nnet_pooling_stream.h:115:2)
INFO: [HLS 214-131] Inlining function 'nnet::array<ap_fixed<22, 12, (ap_q_mode)4, (ap_o_mode)0, 0>, 16u>::operator[](unsigned long) (.23)' into 'void nnet::data_prepare<nnet::array<ap_fixed<22, 12, (ap_q_mode)4, (ap_o_mode)0, 0>, 16u>, config9>(hls::stream<nnet::array<ap_fixed<22, 12, (ap_q_mode)4, (ap_o_mode)0, 0>, 16u>, 0>&, nnet::array<ap_fixed<22, 12, (ap_q_mode)4, (ap_o_mode)0, 0>, 16u>::value_type*) (.22)' (firmware/nnet_utils/nnet_dense_stream.h:39:39)
INFO: [HLS 214-131] Inlining function 'nnet::product::mult<ap_fixed<22, 12, (ap_q_mode)4, (ap_o_mode)0, 0>, ap_fixed<22, 12, (ap_q_mode)4, (ap_o_mode)0, 0> >::product(ap_fixed<22, 12, (ap_q_mode)4, (ap_o_mode)0, 0>, ap_fixed<22, 12, (ap_q_mode)4, (ap_o_mode)0, 0>)' into 'void nnet::dense_resource_rf_leq_nin<ap_fixed<22, 12, (ap_q_mode)4, (ap_o_mode)0, 0>, ap_fixed<22, 12, (ap_q_mode)4, (ap_o_mode)0, 0>, config9>(ap_fixed<22, 12, (ap_q_mode)4, (ap_o_mode)0, 0>*, ap_fixed<22, 12, (ap_q_mode)4, (ap_o_mode)0, 0>*, config9::weight_t*, config9::bias_t*)' (firmware/nnet_utils/nnet_dense_resource.h:59:17)
INFO: [HLS 214-131] Inlining function 'void nnet::dense_resource<ap_fixed<22, 12, (ap_q_mode)4, (ap_o_mode)0, 0>, ap_fixed<22, 12, (ap_q_mode)4, (ap_o_mode)0, 0>, config9>(ap_fixed<22, 12, (ap_q_mode)4, (ap_o_mode)0, 0>*, ap_fixed<22, 12, (ap_q_mode)4, (ap_o_mode)0, 0>*, config9::weight_t*, config9::bias_t*) (.21)' into 'void nnet::dense_resource_wrapper<ap_fixed<22, 12, (ap_q_mode)4, (ap_o_mode)0, 0>, ap_fixed<22, 12, (ap_q_mode)4, (ap_o_mode)0, 0>, config9>(ap_fixed<22, 12, (ap_q_mode)4, (ap_o_mode)0, 0>*, ap_fixed<22, 12, (ap_q_mode)4, (ap_o_mode)0, 0>*, config9::weight_t*, config9::bias_t*) (.20)' (firmware/nnet_utils/nnet_dense_stream.h:24:5)
INFO: [HLS 214-131] Inlining function 'nnet::array<ap_fixed<22, 12, (ap_q_mode)4, (ap_o_mode)0, 0>, 120u>::operator[](unsigned long) (.15)' into 'void nnet::res_write<nnet::array<ap_fixed<22, 12, (ap_q_mode)4, (ap_o_mode)0, 0>, 120u>, config9>(nnet::array<ap_fixed<22, 12, (ap_q_mode)4, (ap_o_mode)0, 0>, 120u>::value_type*, hls::stream<nnet::array<ap_fixed<22, 12, (ap_q_mode)4, (ap_o_mode)0, 0>, 120u>, 0>&) (.18)' (firmware/nnet_utils/nnet_dense_stream.h:75:2)
INFO: [HLS 214-131] Inlining function 'void nnet::data_prepare<nnet::array<ap_fixed<22, 12, (ap_q_mode)4, (ap_o_mode)0, 0>, 16u>, config9>(hls::stream<nnet::array<ap_fixed<22, 12, (ap_q_mode)4, (ap_o_mode)0, 0>, 16u>, 0>&, nnet::array<ap_fixed<22, 12, (ap_q_mode)4, (ap_o_mode)0, 0>, 16u>::value_type*) (.22)' into 'void nnet::dense<nnet::array<ap_fixed<22, 12, (ap_q_mode)4, (ap_o_mode)0, 0>, 16u>, nnet::array<ap_fixed<22, 12, (ap_q_mode)4, (ap_o_mode)0, 0>, 120u>, config9>(hls::stream<nnet::array<ap_fixed<22, 12, (ap_q_mode)4, (ap_o_mode)0, 0>, 16u>, 0>&, hls::stream<nnet::array<ap_fixed<22, 12, (ap_q_mode)4, (ap_o_mode)0, 0>, 120u>, 0>&, config9::weight_t*, config9::bias_t*)' (firmware/nnet_utils/nnet_dense_stream.h:93:2)
INFO: [HLS 214-131] Inlining function 'void nnet::res_write<nnet::array<ap_fixed<22, 12, (ap_q_mode)4, (ap_o_mode)0, 0>, 120u>, config9>(nnet::array<ap_fixed<22, 12, (ap_q_mode)4, (ap_o_mode)0, 0>, 120u>::value_type*, hls::stream<nnet::array<ap_fixed<22, 12, (ap_q_mode)4, (ap_o_mode)0, 0>, 120u>, 0>&) (.18)' into 'void nnet::dense<nnet::array<ap_fixed<22, 12, (ap_q_mode)4, (ap_o_mode)0, 0>, 16u>, nnet::array<ap_fixed<22, 12, (ap_q_mode)4, (ap_o_mode)0, 0>, 120u>, config9>(hls::stream<nnet::array<ap_fixed<22, 12, (ap_q_mode)4, (ap_o_mode)0, 0>, 16u>, 0>&, hls::stream<nnet::array<ap_fixed<22, 12, (ap_q_mode)4, (ap_o_mode)0, 0>, 120u>, 0>&, config9::weight_t*, config9::bias_t*)' (firmware/nnet_utils/nnet_dense_stream.h:100:5)
INFO: [HLS 214-131] Inlining function 'void nnet::dense_resource_wrapper<ap_fixed<22, 12, (ap_q_mode)4, (ap_o_mode)0, 0>, ap_fixed<22, 12, (ap_q_mode)4, (ap_o_mode)0, 0>, config9>(ap_fixed<22, 12, (ap_q_mode)4, (ap_o_mode)0, 0>*, ap_fixed<22, 12, (ap_q_mode)4, (ap_o_mode)0, 0>*, config9::weight_t*, config9::bias_t*) (.20)' into 'void nnet::dense<nnet::array<ap_fixed<22, 12, (ap_q_mode)4, (ap_o_mode)0, 0>, 16u>, nnet::array<ap_fixed<22, 12, (ap_q_mode)4, (ap_o_mode)0, 0>, 120u>, config9>(hls::stream<nnet::array<ap_fixed<22, 12, (ap_q_mode)4, (ap_o_mode)0, 0>, 16u>, 0>&, hls::stream<nnet::array<ap_fixed<22, 12, (ap_q_mode)4, (ap_o_mode)0, 0>, 120u>, 0>&, config9::weight_t*, config9::bias_t*)' (firmware/nnet_utils/nnet_dense_stream.h:97:9)
INFO: [HLS 214-131] Inlining function 'nnet::array<ap_fixed<22, 12, (ap_q_mode)4, (ap_o_mode)0, 0>, 120u>::operator[](unsigned long) (.15)' into 'void nnet::data_prepare<nnet::array<ap_fixed<22, 12, (ap_q_mode)4, (ap_o_mode)0, 0>, 120u>, config11>(hls::stream<nnet::array<ap_fixed<22, 12, (ap_q_mode)4, (ap_o_mode)0, 0>, 120u>, 0>&, nnet::array<ap_fixed<22, 12, (ap_q_mode)4, (ap_o_mode)0, 0>, 120u>::value_type*) (.14)' (firmware/nnet_utils/nnet_dense_stream.h:47:17)
INFO: [HLS 214-131] Inlining function 'nnet::product::mult<ap_fixed<22, 12, (ap_q_mode)4, (ap_o_mode)0, 0>, ap_fixed<22, 12, (ap_q_mode)4, (ap_o_mode)0, 0> >::product(ap_fixed<22, 12, (ap_q_mode)4, (ap_o_mode)0, 0>, ap_fixed<22, 12, (ap_q_mode)4, (ap_o_mode)0, 0>)' into 'void nnet::dense_resource_rf_leq_nin<ap_fixed<22, 12, (ap_q_mode)4, (ap_o_mode)0, 0>, ap_fixed<22, 12, (ap_q_mode)4, (ap_o_mode)0, 0>, config11>(ap_fixed<22, 12, (ap_q_mode)4, (ap_o_mode)0, 0>*, ap_fixed<22, 12, (ap_q_mode)4, (ap_o_mode)0, 0>*, config11::weight_t*, config11::bias_t*)' (firmware/nnet_utils/nnet_dense_resource.h:59:17)
INFO: [HLS 214-131] Inlining function 'void nnet::dense_resource<ap_fixed<22, 12, (ap_q_mode)4, (ap_o_mode)0, 0>, ap_fixed<22, 12, (ap_q_mode)4, (ap_o_mode)0, 0>, config11>(ap_fixed<22, 12, (ap_q_mode)4, (ap_o_mode)0, 0>*, ap_fixed<22, 12, (ap_q_mode)4, (ap_o_mode)0, 0>*, config11::weight_t*, config11::bias_t*) (.13)' into 'void nnet::dense_resource_wrapper<ap_fixed<22, 12, (ap_q_mode)4, (ap_o_mode)0, 0>, ap_fixed<22, 12, (ap_q_mode)4, (ap_o_mode)0, 0>, config11>(ap_fixed<22, 12, (ap_q_mode)4, (ap_o_mode)0, 0>*, ap_fixed<22, 12, (ap_q_mode)4, (ap_o_mode)0, 0>*, config11::weight_t*, config11::bias_t*) (.12)' (firmware/nnet_utils/nnet_dense_stream.h:24:5)
INFO: [HLS 214-131] Inlining function 'nnet::array<ap_fixed<22, 12, (ap_q_mode)4, (ap_o_mode)0, 0>, 84u>::operator[](unsigned long) (.7)' into 'void nnet::res_write<nnet::array<ap_fixed<22, 12, (ap_q_mode)4, (ap_o_mode)0, 0>, 84u>, config11>(nnet::array<ap_fixed<22, 12, (ap_q_mode)4, (ap_o_mode)0, 0>, 84u>::value_type*, hls::stream<nnet::array<ap_fixed<22, 12, (ap_q_mode)4, (ap_o_mode)0, 0>, 84u>, 0>&) (.10)' (firmware/nnet_utils/nnet_dense_stream.h:75:2)
INFO: [HLS 214-131] Inlining function 'void nnet::data_prepare<nnet::array<ap_fixed<22, 12, (ap_q_mode)4, (ap_o_mode)0, 0>, 120u>, config11>(hls::stream<nnet::array<ap_fixed<22, 12, (ap_q_mode)4, (ap_o_mode)0, 0>, 120u>, 0>&, nnet::array<ap_fixed<22, 12, (ap_q_mode)4, (ap_o_mode)0, 0>, 120u>::value_type*) (.14)' into 'void nnet::dense<nnet::array<ap_fixed<22, 12, (ap_q_mode)4, (ap_o_mode)0, 0>, 120u>, nnet::array<ap_fixed<22, 12, (ap_q_mode)4, (ap_o_mode)0, 0>, 84u>, config11>(hls::stream<nnet::array<ap_fixed<22, 12, (ap_q_mode)4, (ap_o_mode)0, 0>, 120u>, 0>&, hls::stream<nnet::array<ap_fixed<22, 12, (ap_q_mode)4, (ap_o_mode)0, 0>, 84u>, 0>&, config11::weight_t*, config11::bias_t*)' (firmware/nnet_utils/nnet_dense_stream.h:93:2)
INFO: [HLS 214-131] Inlining function 'void nnet::res_write<nnet::array<ap_fixed<22, 12, (ap_q_mode)4, (ap_o_mode)0, 0>, 84u>, config11>(nnet::array<ap_fixed<22, 12, (ap_q_mode)4, (ap_o_mode)0, 0>, 84u>::value_type*, hls::stream<nnet::array<ap_fixed<22, 12, (ap_q_mode)4, (ap_o_mode)0, 0>, 84u>, 0>&) (.10)' into 'void nnet::dense<nnet::array<ap_fixed<22, 12, (ap_q_mode)4, (ap_o_mode)0, 0>, 120u>, nnet::array<ap_fixed<22, 12, (ap_q_mode)4, (ap_o_mode)0, 0>, 84u>, config11>(hls::stream<nnet::array<ap_fixed<22, 12, (ap_q_mode)4, (ap_o_mode)0, 0>, 120u>, 0>&, hls::stream<nnet::array<ap_fixed<22, 12, (ap_q_mode)4, (ap_o_mode)0, 0>, 84u>, 0>&, config11::weight_t*, config11::bias_t*)' (firmware/nnet_utils/nnet_dense_stream.h:100:5)
INFO: [HLS 214-131] Inlining function 'void nnet::dense_resource_wrapper<ap_fixed<22, 12, (ap_q_mode)4, (ap_o_mode)0, 0>, ap_fixed<22, 12, (ap_q_mode)4, (ap_o_mode)0, 0>, config11>(ap_fixed<22, 12, (ap_q_mode)4, (ap_o_mode)0, 0>*, ap_fixed<22, 12, (ap_q_mode)4, (ap_o_mode)0, 0>*, config11::weight_t*, config11::bias_t*) (.12)' into 'void nnet::dense<nnet::array<ap_fixed<22, 12, (ap_q_mode)4, (ap_o_mode)0, 0>, 120u>, nnet::array<ap_fixed<22, 12, (ap_q_mode)4, (ap_o_mode)0, 0>, 84u>, config11>(hls::stream<nnet::array<ap_fixed<22, 12, (ap_q_mode)4, (ap_o_mode)0, 0>, 120u>, 0>&, hls::stream<nnet::array<ap_fixed<22, 12, (ap_q_mode)4, (ap_o_mode)0, 0>, 84u>, 0>&, config11::weight_t*, config11::bias_t*)' (firmware/nnet_utils/nnet_dense_stream.h:97:9)
INFO: [HLS 214-131] Inlining function 'nnet::array<ap_fixed<22, 12, (ap_q_mode)4, (ap_o_mode)0, 0>, 84u>::operator[](unsigned long) (.7)' into 'void nnet::data_prepare<nnet::array<ap_fixed<22, 12, (ap_q_mode)4, (ap_o_mode)0, 0>, 84u>, config13>(hls::stream<nnet::array<ap_fixed<22, 12, (ap_q_mode)4, (ap_o_mode)0, 0>, 84u>, 0>&, nnet::array<ap_fixed<22, 12, (ap_q_mode)4, (ap_o_mode)0, 0>, 84u>::value_type*) (.6)' (firmware/nnet_utils/nnet_dense_stream.h:47:17)
INFO: [HLS 214-131] Inlining function 'nnet::product::mult<ap_fixed<22, 12, (ap_q_mode)4, (ap_o_mode)0, 0>, ap_fixed<22, 12, (ap_q_mode)4, (ap_o_mode)0, 0> >::product(ap_fixed<22, 12, (ap_q_mode)4, (ap_o_mode)0, 0>, ap_fixed<22, 12, (ap_q_mode)4, (ap_o_mode)0, 0>)' into 'void nnet::dense_resource_rf_leq_nin<ap_fixed<22, 12, (ap_q_mode)4, (ap_o_mode)0, 0>, ap_fixed<22, 12, (ap_q_mode)4, (ap_o_mode)0, 0>, config13>(ap_fixed<22, 12, (ap_q_mode)4, (ap_o_mode)0, 0>*, ap_fixed<22, 12, (ap_q_mode)4, (ap_o_mode)0, 0>*, config13::weight_t*, config13::bias_t*)' (firmware/nnet_utils/nnet_dense_resource.h:59:17)
INFO: [HLS 214-131] Inlining function 'void nnet::dense_resource<ap_fixed<22, 12, (ap_q_mode)4, (ap_o_mode)0, 0>, ap_fixed<22, 12, (ap_q_mode)4, (ap_o_mode)0, 0>, config13>(ap_fixed<22, 12, (ap_q_mode)4, (ap_o_mode)0, 0>*, ap_fixed<22, 12, (ap_q_mode)4, (ap_o_mode)0, 0>*, config13::weight_t*, config13::bias_t*) (.5)' into 'void nnet::dense_resource_wrapper<ap_fixed<22, 12, (ap_q_mode)4, (ap_o_mode)0, 0>, ap_fixed<22, 12, (ap_q_mode)4, (ap_o_mode)0, 0>, config13>(ap_fixed<22, 12, (ap_q_mode)4, (ap_o_mode)0, 0>*, ap_fixed<22, 12, (ap_q_mode)4, (ap_o_mode)0, 0>*, config13::weight_t*, config13::bias_t*) (.4)' (firmware/nnet_utils/nnet_dense_stream.h:24:5)
INFO: [HLS 214-131] Inlining function 'nnet::array<ap_fixed<22, 12, (ap_q_mode)4, (ap_o_mode)0, 0>, 10u>::operator[](unsigned long) (.3)' into 'void nnet::res_write<nnet::array<ap_fixed<22, 12, (ap_q_mode)4, (ap_o_mode)0, 0>, 10u>, config13>(nnet::array<ap_fixed<22, 12, (ap_q_mode)4, (ap_o_mode)0, 0>, 10u>::value_type*, hls::stream<nnet::array<ap_fixed<22, 12, (ap_q_mode)4, (ap_o_mode)0, 0>, 10u>, 0>&) (.1)' (firmware/nnet_utils/nnet_dense_stream.h:75:2)
INFO: [HLS 214-131] Inlining function 'void nnet::data_prepare<nnet::array<ap_fixed<22, 12, (ap_q_mode)4, (ap_o_mode)0, 0>, 84u>, config13>(hls::stream<nnet::array<ap_fixed<22, 12, (ap_q_mode)4, (ap_o_mode)0, 0>, 84u>, 0>&, nnet::array<ap_fixed<22, 12, (ap_q_mode)4, (ap_o_mode)0, 0>, 84u>::value_type*) (.6)' into 'void nnet::dense<nnet::array<ap_fixed<22, 12, (ap_q_mode)4, (ap_o_mode)0, 0>, 84u>, nnet::array<ap_fixed<22, 12, (ap_q_mode)4, (ap_o_mode)0, 0>, 10u>, config13>(hls::stream<nnet::array<ap_fixed<22, 12, (ap_q_mode)4, (ap_o_mode)0, 0>, 84u>, 0>&, hls::stream<nnet::array<ap_fixed<22, 12, (ap_q_mode)4, (ap_o_mode)0, 0>, 10u>, 0>&, config13::weight_t*, config13::bias_t*)' (firmware/nnet_utils/nnet_dense_stream.h:93:2)
INFO: [HLS 214-131] Inlining function 'void nnet::res_write<nnet::array<ap_fixed<22, 12, (ap_q_mode)4, (ap_o_mode)0, 0>, 10u>, config13>(nnet::array<ap_fixed<22, 12, (ap_q_mode)4, (ap_o_mode)0, 0>, 10u>::value_type*, hls::stream<nnet::array<ap_fixed<22, 12, (ap_q_mode)4, (ap_o_mode)0, 0>, 10u>, 0>&) (.1)' into 'void nnet::dense<nnet::array<ap_fixed<22, 12, (ap_q_mode)4, (ap_o_mode)0, 0>, 84u>, nnet::array<ap_fixed<22, 12, (ap_q_mode)4, (ap_o_mode)0, 0>, 10u>, config13>(hls::stream<nnet::array<ap_fixed<22, 12, (ap_q_mode)4, (ap_o_mode)0, 0>, 84u>, 0>&, hls::stream<nnet::array<ap_fixed<22, 12, (ap_q_mode)4, (ap_o_mode)0, 0>, 10u>, 0>&, config13::weight_t*, config13::bias_t*)' (firmware/nnet_utils/nnet_dense_stream.h:100:5)
INFO: [HLS 214-131] Inlining function 'void nnet::dense_resource_wrapper<ap_fixed<22, 12, (ap_q_mode)4, (ap_o_mode)0, 0>, ap_fixed<22, 12, (ap_q_mode)4, (ap_o_mode)0, 0>, config13>(ap_fixed<22, 12, (ap_q_mode)4, (ap_o_mode)0, 0>*, ap_fixed<22, 12, (ap_q_mode)4, (ap_o_mode)0, 0>*, config13::weight_t*, config13::bias_t*) (.4)' into 'void nnet::dense<nnet::array<ap_fixed<22, 12, (ap_q_mode)4, (ap_o_mode)0, 0>, 84u>, nnet::array<ap_fixed<22, 12, (ap_q_mode)4, (ap_o_mode)0, 0>, 10u>, config13>(hls::stream<nnet::array<ap_fixed<22, 12, (ap_q_mode)4, (ap_o_mode)0, 0>, 84u>, 0>&, hls::stream<nnet::array<ap_fixed<22, 12, (ap_q_mode)4, (ap_o_mode)0, 0>, 10u>, 0>&, config13::weight_t*, config13::bias_t*)' (firmware/nnet_utils/nnet_dense_stream.h:97:9)
INFO: [HLS 214-291] Loop 'MultLoop' is marked as complete unroll implied by the pipeline pragma (firmware/nnet_utils/nnet_dense_resource.h:55:9)
INFO: [HLS 214-291] Loop 'ReLUPackLoop' is marked as complete unroll implied by the pipeline pragma (firmware/nnet_utils/nnet_activation_stream.h:49:9)
INFO: [HLS 214-291] Loop 'DataPackPipeline' is marked as complete unroll implied by the pipeline pragma (firmware/nnet_utils/nnet_dense_stream.h:37:13)
INFO: [HLS 214-291] Loop 'FiltLoop' is marked as complete unroll implied by the pipeline pragma (firmware/nnet_utils/nnet_pooling_stream.h:57:9)
INFO: [HLS 214-291] Loop 'PoolLoop' is marked as complete unroll implied by the pipeline pragma (firmware/nnet_utils/nnet_pooling_stream.h:62:13)
INFO: [HLS 214-291] Loop 'KernelPushHeight' is marked as complete unroll implied by the pipeline pragma (firmware/nnet_utils/nnet_conv_stream.h:205:5)
INFO: [HLS 214-291] Loop 'KernelPushChannel' is marked as complete unroll implied by the pipeline pragma (firmware/nnet_utils/nnet_conv_stream.h:208:9)
INFO: [HLS 214-291] Loop 'KernelShiftWidth' is marked as complete unroll implied by the pipeline pragma (firmware/nnet_utils/nnet_conv_stream.h:189:5)
INFO: [HLS 214-291] Loop 'KernelShiftHeight' is marked as complete unroll implied by the pipeline pragma (firmware/nnet_utils/nnet_conv_stream.h:192:9)
INFO: [HLS 214-291] Loop 'KernelShiftChannel' is marked as complete unroll implied by the pipeline pragma (firmware/nnet_utils/nnet_conv_stream.h:194:13)
INFO: [HLS 214-291] Loop 'LineBufferDataIn' is marked as complete unroll implied by the pipeline pragma (firmware/nnet_utils/nnet_conv_stream.h:236:5)
INFO: [HLS 214-291] Loop 'LineBufferShift' is marked as complete unroll implied by the pipeline pragma (firmware/nnet_utils/nnet_conv_stream.h:239:9)
INFO: [HLS 214-291] Loop 'UpdateBuffer' is marked as complete unroll implied by the pipeline pragma (firmware/nnet_utils/nnet_conv_stream.h:228:5)
INFO: [HLS 214-186] Unrolling loop 'ResPackSingle' (firmware/nnet_utils/nnet_dense_stream.h:73:9) in function 'nnet::dense<nnet::array<ap_fixed<22, 12, (ap_q_mode)4, (ap_o_mode)0, 0>, 84u>, nnet::array<ap_fixed<22, 12, (ap_q_mode)4, (ap_o_mode)0, 0>, 10u>, config13>' completely with a factor of 10 (firmware/nnet_utils/nnet_dense_stream.h:84:0)
INFO: [HLS 214-186] Unrolling loop 'DataPackSingle' (firmware/nnet_utils/nnet_dense_stream.h:45:9) in function 'nnet::dense<nnet::array<ap_fixed<22, 12, (ap_q_mode)4, (ap_o_mode)0, 0>, 84u>, nnet::array<ap_fixed<22, 12, (ap_q_mode)4, (ap_o_mode)0, 0>, 10u>, config13>' completely with a factor of 84 (firmware/nnet_utils/nnet_dense_stream.h:84:0)
INFO: [HLS 214-186] Unrolling loop 'Result' (firmware/nnet_utils/nnet_dense_resource.h:80:5) in function 'nnet::dense_resource_rf_leq_nin<ap_fixed<22, 12, (ap_q_mode)4, (ap_o_mode)0, 0>, ap_fixed<22, 12, (ap_q_mode)4, (ap_o_mode)0, 0>, config13>' completely with a factor of 10 (firmware/nnet_utils/nnet_dense_resource.h:15:0)
INFO: [HLS 214-186] Unrolling loop 'MultLoop' (firmware/nnet_utils/nnet_dense_resource.h:55:9) in function 'nnet::dense_resource_rf_leq_nin<ap_fixed<22, 12, (ap_q_mode)4, (ap_o_mode)0, 0>, ap_fixed<22, 12, (ap_q_mode)4, (ap_o_mode)0, 0>, config13>' completely with a factor of 20 (firmware/nnet_utils/nnet_dense_resource.h:15:0)
INFO: [HLS 214-186] Unrolling loop 'InitAccum' (firmware/nnet_utils/nnet_dense_resource.h:40:5) in function 'nnet::dense_resource_rf_leq_nin<ap_fixed<22, 12, (ap_q_mode)4, (ap_o_mode)0, 0>, ap_fixed<22, 12, (ap_q_mode)4, (ap_o_mode)0, 0>, config13>' completely with a factor of 10 (firmware/nnet_utils/nnet_dense_resource.h:15:0)
INFO: [HLS 214-186] Unrolling loop 'ReLUPackLoop' (firmware/nnet_utils/nnet_activation_stream.h:49:9) in function 'nnet::relu<nnet::array<ap_fixed<22, 12, (ap_q_mode)4, (ap_o_mode)0, 0>, 84u>, nnet::array<ap_fixed<22, 12, (ap_q_mode)4, (ap_o_mode)0, 0>, 84u>, relu_config12>' completely with a factor of 84 (firmware/nnet_utils/nnet_activation_stream.h:39:0)
INFO: [HLS 214-186] Unrolling loop 'ResPackSingle' (firmware/nnet_utils/nnet_dense_stream.h:73:9) in function 'nnet::dense<nnet::array<ap_fixed<22, 12, (ap_q_mode)4, (ap_o_mode)0, 0>, 120u>, nnet::array<ap_fixed<22, 12, (ap_q_mode)4, (ap_o_mode)0, 0>, 84u>, config11>' completely with a factor of 84 (firmware/nnet_utils/nnet_dense_stream.h:84:0)
INFO: [HLS 214-186] Unrolling loop 'DataPackSingle' (firmware/nnet_utils/nnet_dense_stream.h:45:9) in function 'nnet::dense<nnet::array<ap_fixed<22, 12, (ap_q_mode)4, (ap_o_mode)0, 0>, 120u>, nnet::array<ap_fixed<22, 12, (ap_q_mode)4, (ap_o_mode)0, 0>, 84u>, config11>' completely with a factor of 120 (firmware/nnet_utils/nnet_dense_stream.h:84:0)
INFO: [HLS 214-186] Unrolling loop 'Result' (firmware/nnet_utils/nnet_dense_resource.h:80:5) in function 'nnet::dense_resource_rf_leq_nin<ap_fixed<22, 12, (ap_q_mode)4, (ap_o_mode)0, 0>, ap_fixed<22, 12, (ap_q_mode)4, (ap_o_mode)0, 0>, config11>' completely with a factor of 84 (firmware/nnet_utils/nnet_dense_resource.h:15:0)
INFO: [HLS 214-186] Unrolling loop 'MultLoop' (firmware/nnet_utils/nnet_dense_resource.h:55:9) in function 'nnet::dense_resource_rf_leq_nin<ap_fixed<22, 12, (ap_q_mode)4, (ap_o_mode)0, 0>, ap_fixed<22, 12, (ap_q_mode)4, (ap_o_mode)0, 0>, config11>' completely with a factor of 168 (firmware/nnet_utils/nnet_dense_resource.h:15:0)
INFO: [HLS 214-186] Unrolling loop 'InitAccum' (firmware/nnet_utils/nnet_dense_resource.h:40:5) in function 'nnet::dense_resource_rf_leq_nin<ap_fixed<22, 12, (ap_q_mode)4, (ap_o_mode)0, 0>, ap_fixed<22, 12, (ap_q_mode)4, (ap_o_mode)0, 0>, config11>' completely with a factor of 84 (firmware/nnet_utils/nnet_dense_resource.h:15:0)
INFO: [HLS 214-186] Unrolling loop 'ReLUPackLoop' (firmware/nnet_utils/nnet_activation_stream.h:49:9) in function 'nnet::relu<nnet::array<ap_fixed<22, 12, (ap_q_mode)4, (ap_o_mode)0, 0>, 120u>, nnet::array<ap_fixed<22, 12, (ap_q_mode)4, (ap_o_mode)0, 0>, 120u>, relu_config10>' completely with a factor of 120 (firmware/nnet_utils/nnet_activation_stream.h:39:0)
INFO: [HLS 214-186] Unrolling loop 'ResPackSingle' (firmware/nnet_utils/nnet_dense_stream.h:73:9) in function 'nnet::dense<nnet::array<ap_fixed<22, 12, (ap_q_mode)4, (ap_o_mode)0, 0>, 16u>, nnet::array<ap_fixed<22, 12, (ap_q_mode)4, (ap_o_mode)0, 0>, 120u>, config9>' completely with a factor of 120 (firmware/nnet_utils/nnet_dense_stream.h:84:0)
INFO: [HLS 214-186] Unrolling loop 'DataPackPipeline' (firmware/nnet_utils/nnet_dense_stream.h:37:13) in function 'nnet::dense<nnet::array<ap_fixed<22, 12, (ap_q_mode)4, (ap_o_mode)0, 0>, 16u>, nnet::array<ap_fixed<22, 12, (ap_q_mode)4, (ap_o_mode)0, 0>, 120u>, config9>' completely with a factor of 16 (firmware/nnet_utils/nnet_dense_stream.h:84:0)
INFO: [HLS 214-186] Unrolling loop 'Result' (firmware/nnet_utils/nnet_dense_resource.h:80:5) in function 'nnet::dense_resource_rf_leq_nin<ap_fixed<22, 12, (ap_q_mode)4, (ap_o_mode)0, 0>, ap_fixed<22, 12, (ap_q_mode)4, (ap_o_mode)0, 0>, config9>' completely with a factor of 120 (firmware/nnet_utils/nnet_dense_resource.h:15:0)
INFO: [HLS 214-186] Unrolling loop 'MultLoop' (firmware/nnet_utils/nnet_dense_resource.h:55:9) in function 'nnet::dense_resource_rf_leq_nin<ap_fixed<22, 12, (ap_q_mode)4, (ap_o_mode)0, 0>, ap_fixed<22, 12, (ap_q_mode)4, (ap_o_mode)0, 0>, config9>' completely with a factor of 480 (firmware/nnet_utils/nnet_dense_resource.h:15:0)
INFO: [HLS 214-186] Unrolling loop 'InitAccum' (firmware/nnet_utils/nnet_dense_resource.h:40:5) in function 'nnet::dense_resource_rf_leq_nin<ap_fixed<22, 12, (ap_q_mode)4, (ap_o_mode)0, 0>, ap_fixed<22, 12, (ap_q_mode)4, (ap_o_mode)0, 0>, config9>' completely with a factor of 120 (firmware/nnet_utils/nnet_dense_resource.h:15:0)
INFO: [HLS 214-186] Unrolling loop 'FiltLoop' (firmware/nnet_utils/nnet_pooling_stream.h:57:9) in function 'nnet::pooling2d_cl<nnet::array<ap_fixed<22, 12, (ap_q_mode)4, (ap_o_mode)0, 0>, 16u>, nnet::array<ap_fixed<22, 12, (ap_q_mode)4, (ap_o_mode)0, 0>, 16u>, config7>' completely with a factor of 16 (firmware/nnet_utils/nnet_pooling_stream.h:96:0)
WARNING: [HLS 214-189] Pipeline directive for loop 'FiltLoop' (firmware/nnet_utils/nnet_pooling_stream.h:57:9) in function 'nnet::pooling2d_cl<nnet::array<ap_fixed<22, 12, (ap_q_mode)4, (ap_o_mode)0, 0>, 16u>, nnet::array<ap_fixed<22, 12, (ap_q_mode)4, (ap_o_mode)0, 0>, 16u>, config7>' has been removed because the loop is unrolled completely (firmware/nnet_utils/nnet_pooling_stream.h:96:0)
INFO: [HLS 214-186] Unrolling loop 'PoolLoop' (firmware/nnet_utils/nnet_pooling_stream.h:62:13) in function 'nnet::pooling2d_cl<nnet::array<ap_fixed<22, 12, (ap_q_mode)4, (ap_o_mode)0, 0>, 16u>, nnet::array<ap_fixed<22, 12, (ap_q_mode)4, (ap_o_mode)0, 0>, 16u>, config7>' completely with a factor of 4 (firmware/nnet_utils/nnet_pooling_stream.h:96:0)
INFO: [HLS 214-186] Unrolling loop 'KernelPushHeight' (firmware/nnet_utils/nnet_conv_stream.h:205:5) in function 'nnet::shift_line_buffer<nnet::array<ap_fixed<22, 12, (ap_q_mode)4, (ap_o_mode)0, 0>, 16u>, config7>' completely with a factor of 2 (firmware/nnet_utils/nnet_conv_stream.h:219:0)
INFO: [HLS 214-186] Unrolling loop 'KernelPushChannel' (firmware/nnet_utils/nnet_conv_stream.h:208:9) in function 'nnet::shift_line_buffer<nnet::array<ap_fixed<22, 12, (ap_q_mode)4, (ap_o_mode)0, 0>, 16u>, config7>' completely with a factor of 16 (firmware/nnet_utils/nnet_conv_stream.h:219:0)
INFO: [HLS 214-186] Unrolling loop 'KernelShiftWidth' (firmware/nnet_utils/nnet_conv_stream.h:189:5) in function 'nnet::shift_line_buffer<nnet::array<ap_fixed<22, 12, (ap_q_mode)4, (ap_o_mode)0, 0>, 16u>, config7>' completely with a factor of 1 (firmware/nnet_utils/nnet_conv_stream.h:219:0)
WARNING: [HLS 214-189] Pipeline directive for loop 'KernelShiftWidth' (firmware/nnet_utils/nnet_conv_stream.h:189:5) in function 'nnet::shift_line_buffer<nnet::array<ap_fixed<22, 12, (ap_q_mode)4, (ap_o_mode)0, 0>, 16u>, config7>' has been removed because the loop is unrolled completely (firmware/nnet_utils/nnet_conv_stream.h:219:0)
INFO: [HLS 214-186] Unrolling loop 'KernelShiftHeight' (firmware/nnet_utils/nnet_conv_stream.h:192:9) in function 'nnet::shift_line_buffer<nnet::array<ap_fixed<22, 12, (ap_q_mode)4, (ap_o_mode)0, 0>, 16u>, config7>' completely with a factor of 2 (firmware/nnet_utils/nnet_conv_stream.h:219:0)
INFO: [HLS 214-186] Unrolling loop 'KernelShiftChannel' (firmware/nnet_utils/nnet_conv_stream.h:194:13) in function 'nnet::shift_line_buffer<nnet::array<ap_fixed<22, 12, (ap_q_mode)4, (ap_o_mode)0, 0>, 16u>, config7>' completely with a factor of 16 (firmware/nnet_utils/nnet_conv_stream.h:219:0)
INFO: [HLS 214-186] Unrolling loop 'LineBufferDataIn' (firmware/nnet_utils/nnet_conv_stream.h:236:5) in function 'nnet::shift_line_buffer<nnet::array<ap_fixed<22, 12, (ap_q_mode)4, (ap_o_mode)0, 0>, 16u>, config7>' completely with a factor of 16 (firmware/nnet_utils/nnet_conv_stream.h:219:0)
INFO: [HLS 214-186] Unrolling loop 'LineBufferShift' (firmware/nnet_utils/nnet_conv_stream.h:239:9) in function 'nnet::shift_line_buffer<nnet::array<ap_fixed<22, 12, (ap_q_mode)4, (ap_o_mode)0, 0>, 16u>, config7>' completely with a factor of 1 (firmware/nnet_utils/nnet_conv_stream.h:219:0)
INFO: [HLS 214-186] Unrolling loop 'UpdateBuffer' (firmware/nnet_utils/nnet_conv_stream.h:228:5) in function 'nnet::shift_line_buffer<nnet::array<ap_fixed<22, 12, (ap_q_mode)4, (ap_o_mode)0, 0>, 16u>, config7>' completely with a factor of 16 (firmware/nnet_utils/nnet_conv_stream.h:219:0)
INFO: [HLS 214-186] Unrolling loop 'ReLUPackLoop' (firmware/nnet_utils/nnet_activation_stream.h:49:9) in function 'nnet::relu<nnet::array<ap_fixed<22, 12, (ap_q_mode)4, (ap_o_mode)0, 0>, 16u>, nnet::array<ap_fixed<22, 12, (ap_q_mode)4, (ap_o_mode)0, 0>, 16u>, relu_config6>' completely with a factor of 16 (firmware/nnet_utils/nnet_activation_stream.h:39:0)
INFO: [HLS 214-186] Unrolling loop 'CastLoop' (firmware/nnet_utils/nnet_conv_stream.h:293:9) in function 'nnet::compute_output_buffer_2d<nnet::array<ap_fixed<22, 12, (ap_q_mode)4, (ap_o_mode)0, 0>, 6u>, nnet::array<ap_fixed<22, 12, (ap_q_mode)4, (ap_o_mode)0, 0>, 16u>, config5>' completely with a factor of 16 (firmware/nnet_utils/nnet_conv_stream.h:257:0)
INFO: [HLS 214-186] Unrolling loop 'Result' (firmware/nnet_utils/nnet_dense_resource.h:80:5) in function 'nnet::dense_resource_rf_leq_nin<ap_fixed<22, 12, (ap_q_mode)4, (ap_o_mode)0, 0>, ap_fixed<22, 12, (ap_q_mode)4, (ap_o_mode)0, 0>, config5_mult>' completely with a factor of 16 (firmware/nnet_utils/nnet_dense_resource.h:15:0)
INFO: [HLS 214-186] Unrolling loop 'MultLoop' (firmware/nnet_utils/nnet_dense_resource.h:55:9) in function 'nnet::dense_resource_rf_leq_nin<ap_fixed<22, 12, (ap_q_mode)4, (ap_o_mode)0, 0>, ap_fixed<22, 12, (ap_q_mode)4, (ap_o_mode)0, 0>, config5_mult>' completely with a factor of 48 (firmware/nnet_utils/nnet_dense_resource.h:15:0)
INFO: [HLS 214-186] Unrolling loop 'InitAccum' (firmware/nnet_utils/nnet_dense_resource.h:40:5) in function 'nnet::dense_resource_rf_leq_nin<ap_fixed<22, 12, (ap_q_mode)4, (ap_o_mode)0, 0>, ap_fixed<22, 12, (ap_q_mode)4, (ap_o_mode)0, 0>, config5_mult>' completely with a factor of 16 (firmware/nnet_utils/nnet_dense_resource.h:15:0)
INFO: [HLS 214-186] Unrolling loop 'KernelPushHeight' (firmware/nnet_utils/nnet_conv_stream.h:205:5) in function 'nnet::shift_line_buffer<nnet::array<ap_fixed<22, 12, (ap_q_mode)4, (ap_o_mode)0, 0>, 6u>, config5>' completely with a factor of 5 (firmware/nnet_utils/nnet_conv_stream.h:219:0)
INFO: [HLS 214-186] Unrolling loop 'KernelPushChannel' (firmware/nnet_utils/nnet_conv_stream.h:208:9) in function 'nnet::shift_line_buffer<nnet::array<ap_fixed<22, 12, (ap_q_mode)4, (ap_o_mode)0, 0>, 6u>, config5>' completely with a factor of 6 (firmware/nnet_utils/nnet_conv_stream.h:219:0)
INFO: [HLS 214-186] Unrolling loop 'KernelShiftWidth' (firmware/nnet_utils/nnet_conv_stream.h:189:5) in function 'nnet::shift_line_buffer<nnet::array<ap_fixed<22, 12, (ap_q_mode)4, (ap_o_mode)0, 0>, 6u>, config5>' completely with a factor of 4 (firmware/nnet_utils/nnet_conv_stream.h:219:0)
WARNING: [HLS 214-189] Pipeline directive for loop 'KernelShiftWidth' (firmware/nnet_utils/nnet_conv_stream.h:189:5) in function 'nnet::shift_line_buffer<nnet::array<ap_fixed<22, 12, (ap_q_mode)4, (ap_o_mode)0, 0>, 6u>, config5>' has been removed because the loop is unrolled completely (firmware/nnet_utils/nnet_conv_stream.h:219:0)
INFO: [HLS 214-186] Unrolling loop 'KernelShiftHeight' (firmware/nnet_utils/nnet_conv_stream.h:192:9) in function 'nnet::shift_line_buffer<nnet::array<ap_fixed<22, 12, (ap_q_mode)4, (ap_o_mode)0, 0>, 6u>, config5>' completely with a factor of 5 (firmware/nnet_utils/nnet_conv_stream.h:219:0)
INFO: [HLS 214-186] Unrolling loop 'KernelShiftChannel' (firmware/nnet_utils/nnet_conv_stream.h:194:13) in function 'nnet::shift_line_buffer<nnet::array<ap_fixed<22, 12, (ap_q_mode)4, (ap_o_mode)0, 0>, 6u>, config5>' completely with a factor of 6 (firmware/nnet_utils/nnet_conv_stream.h:219:0)
INFO: [HLS 214-186] Unrolling loop 'LineBufferDataIn' (firmware/nnet_utils/nnet_conv_stream.h:236:5) in function 'nnet::shift_line_buffer<nnet::array<ap_fixed<22, 12, (ap_q_mode)4, (ap_o_mode)0, 0>, 6u>, config5>' completely with a factor of 6 (firmware/nnet_utils/nnet_conv_stream.h:219:0)
INFO: [HLS 214-186] Unrolling loop 'LineBufferShift' (firmware/nnet_utils/nnet_conv_stream.h:239:9) in function 'nnet::shift_line_buffer<nnet::array<ap_fixed<22, 12, (ap_q_mode)4, (ap_o_mode)0, 0>, 6u>, config5>' completely with a factor of 4 (firmware/nnet_utils/nnet_conv_stream.h:219:0)
INFO: [HLS 214-186] Unrolling loop 'UpdateBuffer' (firmware/nnet_utils/nnet_conv_stream.h:228:5) in function 'nnet::shift_line_buffer<nnet::array<ap_fixed<22, 12, (ap_q_mode)4, (ap_o_mode)0, 0>, 6u>, config5>' completely with a factor of 6 (firmware/nnet_utils/nnet_conv_stream.h:219:0)
INFO: [HLS 214-186] Unrolling loop 'FiltLoop' (firmware/nnet_utils/nnet_pooling_stream.h:57:9) in function 'nnet::pooling2d_cl<nnet::array<ap_fixed<22, 12, (ap_q_mode)4, (ap_o_mode)0, 0>, 6u>, nnet::array<ap_fixed<22, 12, (ap_q_mode)4, (ap_o_mode)0, 0>, 6u>, config4>' completely with a factor of 6 (firmware/nnet_utils/nnet_pooling_stream.h:96:0)
WARNING: [HLS 214-189] Pipeline directive for loop 'FiltLoop' (firmware/nnet_utils/nnet_pooling_stream.h:57:9) in function 'nnet::pooling2d_cl<nnet::array<ap_fixed<22, 12, (ap_q_mode)4, (ap_o_mode)0, 0>, 6u>, nnet::array<ap_fixed<22, 12, (ap_q_mode)4, (ap_o_mode)0, 0>, 6u>, config4>' has been removed because the loop is unrolled completely (firmware/nnet_utils/nnet_pooling_stream.h:96:0)
INFO: [HLS 214-186] Unrolling loop 'PoolLoop' (firmware/nnet_utils/nnet_pooling_stream.h:62:13) in function 'nnet::pooling2d_cl<nnet::array<ap_fixed<22, 12, (ap_q_mode)4, (ap_o_mode)0, 0>, 6u>, nnet::array<ap_fixed<22, 12, (ap_q_mode)4, (ap_o_mode)0, 0>, 6u>, config4>' completely with a factor of 4 (firmware/nnet_utils/nnet_pooling_stream.h:96:0)
INFO: [HLS 214-186] Unrolling loop 'KernelPushHeight' (firmware/nnet_utils/nnet_conv_stream.h:205:5) in function 'nnet::shift_line_buffer<nnet::array<ap_fixed<22, 12, (ap_q_mode)4, (ap_o_mode)0, 0>, 6u>, config4>' completely with a factor of 2 (firmware/nnet_utils/nnet_conv_stream.h:219:0)
INFO: [HLS 214-186] Unrolling loop 'KernelPushChannel' (firmware/nnet_utils/nnet_conv_stream.h:208:9) in function 'nnet::shift_line_buffer<nnet::array<ap_fixed<22, 12, (ap_q_mode)4, (ap_o_mode)0, 0>, 6u>, config4>' completely with a factor of 6 (firmware/nnet_utils/nnet_conv_stream.h:219:0)
INFO: [HLS 214-186] Unrolling loop 'KernelShiftWidth' (firmware/nnet_utils/nnet_conv_stream.h:189:5) in function 'nnet::shift_line_buffer<nnet::array<ap_fixed<22, 12, (ap_q_mode)4, (ap_o_mode)0, 0>, 6u>, config4>' completely with a factor of 1 (firmware/nnet_utils/nnet_conv_stream.h:219:0)
WARNING: [HLS 214-189] Pipeline directive for loop 'KernelShiftWidth' (firmware/nnet_utils/nnet_conv_stream.h:189:5) in function 'nnet::shift_line_buffer<nnet::array<ap_fixed<22, 12, (ap_q_mode)4, (ap_o_mode)0, 0>, 6u>, config4>' has been removed because the loop is unrolled completely (firmware/nnet_utils/nnet_conv_stream.h:219:0)
INFO: [HLS 214-186] Unrolling loop 'KernelShiftHeight' (firmware/nnet_utils/nnet_conv_stream.h:192:9) in function 'nnet::shift_line_buffer<nnet::array<ap_fixed<22, 12, (ap_q_mode)4, (ap_o_mode)0, 0>, 6u>, config4>' completely with a factor of 2 (firmware/nnet_utils/nnet_conv_stream.h:219:0)
INFO: [HLS 214-186] Unrolling loop 'KernelShiftChannel' (firmware/nnet_utils/nnet_conv_stream.h:194:13) in function 'nnet::shift_line_buffer<nnet::array<ap_fixed<22, 12, (ap_q_mode)4, (ap_o_mode)0, 0>, 6u>, config4>' completely with a factor of 6 (firmware/nnet_utils/nnet_conv_stream.h:219:0)
INFO: [HLS 214-186] Unrolling loop 'LineBufferDataIn' (firmware/nnet_utils/nnet_conv_stream.h:236:5) in function 'nnet::shift_line_buffer<nnet::array<ap_fixed<22, 12, (ap_q_mode)4, (ap_o_mode)0, 0>, 6u>, config4>' completely with a factor of 6 (firmware/nnet_utils/nnet_conv_stream.h:219:0)
INFO: [HLS 214-186] Unrolling loop 'LineBufferShift' (firmware/nnet_utils/nnet_conv_stream.h:239:9) in function 'nnet::shift_line_buffer<nnet::array<ap_fixed<22, 12, (ap_q_mode)4, (ap_o_mode)0, 0>, 6u>, config4>' completely with a factor of 1 (firmware/nnet_utils/nnet_conv_stream.h:219:0)
INFO: [HLS 214-186] Unrolling loop 'UpdateBuffer' (firmware/nnet_utils/nnet_conv_stream.h:228:5) in function 'nnet::shift_line_buffer<nnet::array<ap_fixed<22, 12, (ap_q_mode)4, (ap_o_mode)0, 0>, 6u>, config4>' completely with a factor of 6 (firmware/nnet_utils/nnet_conv_stream.h:219:0)
INFO: [HLS 214-186] Unrolling loop 'ReLUPackLoop' (firmware/nnet_utils/nnet_activation_stream.h:49:9) in function 'nnet::relu<nnet::array<ap_fixed<22, 12, (ap_q_mode)4, (ap_o_mode)0, 0>, 6u>, nnet::array<ap_fixed<22, 12, (ap_q_mode)4, (ap_o_mode)0, 0>, 6u>, relu_config3>' completely with a factor of 6 (firmware/nnet_utils/nnet_activation_stream.h:39:0)
INFO: [HLS 214-186] Unrolling loop 'CastLoop' (firmware/nnet_utils/nnet_conv_stream.h:293:9) in function 'nnet::compute_output_buffer_2d<nnet::array<ap_fixed<22, 12, (ap_q_mode)4, (ap_o_mode)0, 0>, 1u>, nnet::array<ap_fixed<22, 12, (ap_q_mode)4, (ap_o_mode)0, 0>, 6u>, config2>' completely with a factor of 6 (firmware/nnet_utils/nnet_conv_stream.h:257:0)
INFO: [HLS 214-186] Unrolling loop 'Result' (firmware/nnet_utils/nnet_dense_resource.h:80:5) in function 'nnet::dense_resource_rf_leq_nin<ap_fixed<22, 12, (ap_q_mode)4, (ap_o_mode)0, 0>, ap_fixed<22, 12, (ap_q_mode)4, (ap_o_mode)0, 0>, config2_mult>' completely with a factor of 6 (firmware/nnet_utils/nnet_dense_resource.h:15:0)
INFO: [HLS 214-186] Unrolling loop 'MultLoop' (firmware/nnet_utils/nnet_dense_resource.h:55:9) in function 'nnet::dense_resource_rf_leq_nin<ap_fixed<22, 12, (ap_q_mode)4, (ap_o_mode)0, 0>, ap_fixed<22, 12, (ap_q_mode)4, (ap_o_mode)0, 0>, config2_mult>' completely with a factor of 30 (firmware/nnet_utils/nnet_dense_resource.h:15:0)
INFO: [HLS 214-186] Unrolling loop 'InitAccum' (firmware/nnet_utils/nnet_dense_resource.h:40:5) in function 'nnet::dense_resource_rf_leq_nin<ap_fixed<22, 12, (ap_q_mode)4, (ap_o_mode)0, 0>, ap_fixed<22, 12, (ap_q_mode)4, (ap_o_mode)0, 0>, config2_mult>' completely with a factor of 6 (firmware/nnet_utils/nnet_dense_resource.h:15:0)
INFO: [HLS 214-186] Unrolling loop 'KernelPushHeight' (firmware/nnet_utils/nnet_conv_stream.h:205:5) in function 'nnet::shift_line_buffer<nnet::array<ap_fixed<22, 12, (ap_q_mode)4, (ap_o_mode)0, 0>, 1u>, config2>' completely with a factor of 5 (firmware/nnet_utils/nnet_conv_stream.h:219:0)
INFO: [HLS 214-186] Unrolling loop 'KernelPushChannel' (firmware/nnet_utils/nnet_conv_stream.h:208:9) in function 'nnet::shift_line_buffer<nnet::array<ap_fixed<22, 12, (ap_q_mode)4, (ap_o_mode)0, 0>, 1u>, config2>' completely with a factor of 1 (firmware/nnet_utils/nnet_conv_stream.h:219:0)
INFO: [HLS 214-186] Unrolling loop 'KernelShiftWidth' (firmware/nnet_utils/nnet_conv_stream.h:189:5) in function 'nnet::shift_line_buffer<nnet::array<ap_fixed<22, 12, (ap_q_mode)4, (ap_o_mode)0, 0>, 1u>, config2>' completely with a factor of 4 (firmware/nnet_utils/nnet_conv_stream.h:219:0)
WARNING: [HLS 214-189] Pipeline directive for loop 'KernelShiftWidth' (firmware/nnet_utils/nnet_conv_stream.h:189:5) in function 'nnet::shift_line_buffer<nnet::array<ap_fixed<22, 12, (ap_q_mode)4, (ap_o_mode)0, 0>, 1u>, config2>' has been removed because the loop is unrolled completely (firmware/nnet_utils/nnet_conv_stream.h:219:0)
INFO: [HLS 214-186] Unrolling loop 'KernelShiftHeight' (firmware/nnet_utils/nnet_conv_stream.h:192:9) in function 'nnet::shift_line_buffer<nnet::array<ap_fixed<22, 12, (ap_q_mode)4, (ap_o_mode)0, 0>, 1u>, config2>' completely with a factor of 5 (firmware/nnet_utils/nnet_conv_stream.h:219:0)
INFO: [HLS 214-186] Unrolling loop 'KernelShiftChannel' (firmware/nnet_utils/nnet_conv_stream.h:194:13) in function 'nnet::shift_line_buffer<nnet::array<ap_fixed<22, 12, (ap_q_mode)4, (ap_o_mode)0, 0>, 1u>, config2>' completely with a factor of 1 (firmware/nnet_utils/nnet_conv_stream.h:219:0)
INFO: [HLS 214-186] Unrolling loop 'LineBufferDataIn' (firmware/nnet_utils/nnet_conv_stream.h:236:5) in function 'nnet::shift_line_buffer<nnet::array<ap_fixed<22, 12, (ap_q_mode)4, (ap_o_mode)0, 0>, 1u>, config2>' completely with a factor of 1 (firmware/nnet_utils/nnet_conv_stream.h:219:0)
INFO: [HLS 214-186] Unrolling loop 'LineBufferShift' (firmware/nnet_utils/nnet_conv_stream.h:239:9) in function 'nnet::shift_line_buffer<nnet::array<ap_fixed<22, 12, (ap_q_mode)4, (ap_o_mode)0, 0>, 1u>, config2>' completely with a factor of 4 (firmware/nnet_utils/nnet_conv_stream.h:219:0)
INFO: [HLS 214-186] Unrolling loop 'UpdateBuffer' (firmware/nnet_utils/nnet_conv_stream.h:228:5) in function 'nnet::shift_line_buffer<nnet::array<ap_fixed<22, 12, (ap_q_mode)4, (ap_o_mode)0, 0>, 1u>, config2>' completely with a factor of 1 (firmware/nnet_utils/nnet_conv_stream.h:219:0)
INFO: [HLS 214-178] Inlining function 'nnet::array<ap_fixed<22, 12, (ap_q_mode)4, (ap_o_mode)0, 0>, 1u>::operator[](unsigned long) const' into 'void nnet::shift_line_buffer<nnet::array<ap_fixed<22, 12, (ap_q_mode)4, (ap_o_mode)0, 0>, 1u>, config2>(nnet::array<ap_fixed<22, 12, (ap_q_mode)4, (ap_o_mode)0, 0>, 1u> const&, ap_shift_reg<nnet::array<ap_fixed<22, 12, (ap_q_mode)4, (ap_o_mode)0, 0>, 1u>::value_type, config2::in_width> (*) [config2::n_chan], nnet::array<ap_fixed<22, 12, (ap_q_mode)4, (ap_o_mode)0, 0>, 1u>::value_type*)' (firmware/nnet_utils/nnet_conv_stream.h:219:0)
INFO: [HLS 214-178] Inlining function 'std::enable_if<!(std::is_same<ap_fixed<22, 12, (ap_q_mode)4, (ap_o_mode)0, 0>, ap_uint<1> >::value), ap_fixed<22, 12, (ap_q_mode)4, (ap_o_mode)0, 0> >::type nnet::cast<ap_fixed<22, 12, (ap_q_mode)4, (ap_o_mode)0, 0>, ap_fixed<22, 12, (ap_q_mode)4, (ap_o_mode)0, 0>, config2_mult>(config2_mult::accum_t)' into 'void nnet::dense_resource_rf_leq_nin<ap_fixed<22, 12, (ap_q_mode)4, (ap_o_mode)0, 0>, ap_fixed<22, 12, (ap_q_mode)4, (ap_o_mode)0, 0>, config2_mult>(ap_fixed<22, 12, (ap_q_mode)4, (ap_o_mode)0, 0>*, ap_fixed<22, 12, (ap_q_mode)4, (ap_o_mode)0, 0>*, config2_mult::weight_t*, config2_mult::bias_t*)' (firmware/nnet_utils/nnet_dense_resource.h:15:0)
INFO: [HLS 214-178] Inlining function 'nnet::array<ap_fixed<22, 12, (ap_q_mode)4, (ap_o_mode)0, 0>, 6u>::operator[](unsigned long)' into 'void nnet::compute_output_buffer_2d<nnet::array<ap_fixed<22, 12, (ap_q_mode)4, (ap_o_mode)0, 0>, 1u>, nnet::array<ap_fixed<22, 12, (ap_q_mode)4, (ap_o_mode)0, 0>, 6u>, config2>(nnet::array<ap_fixed<22, 12, (ap_q_mode)4, (ap_o_mode)0, 0>, 1u> const&, ap_shift_reg<nnet::array<ap_fixed<22, 12, (ap_q_mode)4, (ap_o_mode)0, 0>, 1u>::value_type, config2::in_width> (*) [config2::n_chan], hls::stream<nnet::array<ap_fixed<22, 12, (ap_q_mode)4, (ap_o_mode)0, 0>, 6u>, 0>&, config2::weight_t*, config2::bias_t*)' (firmware/nnet_utils/nnet_conv_stream.h:257:0)
INFO: [HLS 214-178] Inlining function 'nnet::array<ap_fixed<22, 12, (ap_q_mode)4, (ap_o_mode)0, 0>, 6u>::operator[](unsigned long)' into 'void nnet::relu<nnet::array<ap_fixed<22, 12, (ap_q_mode)4, (ap_o_mode)0, 0>, 6u>, nnet::array<ap_fixed<22, 12, (ap_q_mode)4, (ap_o_mode)0, 0>, 6u>, relu_config3>(hls::stream<nnet::array<ap_fixed<22, 12, (ap_q_mode)4, (ap_o_mode)0, 0>, 6u>, 0>&, hls::stream<nnet::array<ap_fixed<22, 12, (ap_q_mode)4, (ap_o_mode)0, 0>, 6u>, 0>&)' (firmware/nnet_utils/nnet_activation_stream.h:39:0)
INFO: [HLS 214-178] Inlining function 'nnet::array<ap_fixed<22, 12, (ap_q_mode)4, (ap_o_mode)0, 0>, 6u>::operator[](unsigned long) const' into 'void nnet::shift_line_buffer<nnet::array<ap_fixed<22, 12, (ap_q_mode)4, (ap_o_mode)0, 0>, 6u>, config4>(nnet::array<ap_fixed<22, 12, (ap_q_mode)4, (ap_o_mode)0, 0>, 6u> const&, ap_shift_reg<nnet::array<ap_fixed<22, 12, (ap_q_mode)4, (ap_o_mode)0, 0>, 6u>::value_type, config4::in_width> (*) [config4::n_chan], nnet::array<ap_fixed<22, 12, (ap_q_mode)4, (ap_o_mode)0, 0>, 6u>::value_type*)' (firmware/nnet_utils/nnet_conv_stream.h:219:0)
INFO: [HLS 214-178] Inlining function 'nnet::array<ap_fixed<22, 12, (ap_q_mode)4, (ap_o_mode)0, 0>, 6u>::operator[](unsigned long) const' into 'void nnet::shift_line_buffer<nnet::array<ap_fixed<22, 12, (ap_q_mode)4, (ap_o_mode)0, 0>, 6u>, config5>(nnet::array<ap_fixed<22, 12, (ap_q_mode)4, (ap_o_mode)0, 0>, 6u> const&, ap_shift_reg<nnet::array<ap_fixed<22, 12, (ap_q_mode)4, (ap_o_mode)0, 0>, 6u>::value_type, config5::in_width> (*) [config5::n_chan], nnet::array<ap_fixed<22, 12, (ap_q_mode)4, (ap_o_mode)0, 0>, 6u>::value_type*)' (firmware/nnet_utils/nnet_conv_stream.h:219:0)
INFO: [HLS 214-178] Inlining function 'std::enable_if<!(std::is_same<ap_fixed<22, 12, (ap_q_mode)4, (ap_o_mode)0, 0>, ap_uint<1> >::value), ap_fixed<22, 12, (ap_q_mode)4, (ap_o_mode)0, 0> >::type nnet::cast<ap_fixed<22, 12, (ap_q_mode)4, (ap_o_mode)0, 0>, ap_fixed<22, 12, (ap_q_mode)4, (ap_o_mode)0, 0>, config5_mult>(config5_mult::accum_t)' into 'void nnet::dense_resource_rf_leq_nin<ap_fixed<22, 12, (ap_q_mode)4, (ap_o_mode)0, 0>, ap_fixed<22, 12, (ap_q_mode)4, (ap_o_mode)0, 0>, config5_mult>(ap_fixed<22, 12, (ap_q_mode)4, (ap_o_mode)0, 0>*, ap_fixed<22, 12, (ap_q_mode)4, (ap_o_mode)0, 0>*, config5_mult::weight_t*, config5_mult::bias_t*)' (firmware/nnet_utils/nnet_dense_resource.h:15:0)
INFO: [HLS 214-178] Inlining function 'nnet::array<ap_fixed<22, 12, (ap_q_mode)4, (ap_o_mode)0, 0>, 16u>::operator[](unsigned long)' into 'void nnet::compute_output_buffer_2d<nnet::array<ap_fixed<22, 12, (ap_q_mode)4, (ap_o_mode)0, 0>, 6u>, nnet::array<ap_fixed<22, 12, (ap_q_mode)4, (ap_o_mode)0, 0>, 16u>, config5>(nnet::array<ap_fixed<22, 12, (ap_q_mode)4, (ap_o_mode)0, 0>, 6u> const&, ap_shift_reg<nnet::array<ap_fixed<22, 12, (ap_q_mode)4, (ap_o_mode)0, 0>, 6u>::value_type, config5::in_width> (*) [config5::n_chan], hls::stream<nnet::array<ap_fixed<22, 12, (ap_q_mode)4, (ap_o_mode)0, 0>, 16u>, 0>&, config5::weight_t*, config5::bias_t*)' (firmware/nnet_utils/nnet_conv_stream.h:257:0)
INFO: [HLS 214-178] Inlining function 'nnet::array<ap_fixed<22, 12, (ap_q_mode)4, (ap_o_mode)0, 0>, 16u>::operator[](unsigned long)' into 'void nnet::relu<nnet::array<ap_fixed<22, 12, (ap_q_mode)4, (ap_o_mode)0, 0>, 16u>, nnet::array<ap_fixed<22, 12, (ap_q_mode)4, (ap_o_mode)0, 0>, 16u>, relu_config6>(hls::stream<nnet::array<ap_fixed<22, 12, (ap_q_mode)4, (ap_o_mode)0, 0>, 16u>, 0>&, hls::stream<nnet::array<ap_fixed<22, 12, (ap_q_mode)4, (ap_o_mode)0, 0>, 16u>, 0>&)' (firmware/nnet_utils/nnet_activation_stream.h:39:0)
INFO: [HLS 214-178] Inlining function 'nnet::array<ap_fixed<22, 12, (ap_q_mode)4, (ap_o_mode)0, 0>, 16u>::operator[](unsigned long) const' into 'void nnet::shift_line_buffer<nnet::array<ap_fixed<22, 12, (ap_q_mode)4, (ap_o_mode)0, 0>, 16u>, config7>(nnet::array<ap_fixed<22, 12, (ap_q_mode)4, (ap_o_mode)0, 0>, 16u> const&, ap_shift_reg<nnet::array<ap_fixed<22, 12, (ap_q_mode)4, (ap_o_mode)0, 0>, 16u>::value_type, config7::in_width> (*) [config7::n_chan], nnet::array<ap_fixed<22, 12, (ap_q_mode)4, (ap_o_mode)0, 0>, 16u>::value_type*)' (firmware/nnet_utils/nnet_conv_stream.h:219:0)
INFO: [HLS 214-178] Inlining function 'nnet::array<ap_fixed<22, 12, (ap_q_mode)4, (ap_o_mode)0, 0>, 120u>::operator[](unsigned long)' into 'void nnet::relu<nnet::array<ap_fixed<22, 12, (ap_q_mode)4, (ap_o_mode)0, 0>, 120u>, nnet::array<ap_fixed<22, 12, (ap_q_mode)4, (ap_o_mode)0, 0>, 120u>, relu_config10>(hls::stream<nnet::array<ap_fixed<22, 12, (ap_q_mode)4, (ap_o_mode)0, 0>, 120u>, 0>&, hls::stream<nnet::array<ap_fixed<22, 12, (ap_q_mode)4, (ap_o_mode)0, 0>, 120u>, 0>&)' (firmware/nnet_utils/nnet_activation_stream.h:39:0)
INFO: [HLS 214-178] Inlining function 'nnet::array<ap_fixed<22, 12, (ap_q_mode)4, (ap_o_mode)0, 0>, 84u>::operator[](unsigned long)' into 'void nnet::relu<nnet::array<ap_fixed<22, 12, (ap_q_mode)4, (ap_o_mode)0, 0>, 84u>, nnet::array<ap_fixed<22, 12, (ap_q_mode)4, (ap_o_mode)0, 0>, 84u>, relu_config12>(hls::stream<nnet::array<ap_fixed<22, 12, (ap_q_mode)4, (ap_o_mode)0, 0>, 84u>, 0>&, hls::stream<nnet::array<ap_fixed<22, 12, (ap_q_mode)4, (ap_o_mode)0, 0>, 84u>, 0>&)' (firmware/nnet_utils/nnet_activation_stream.h:39:0)
INFO: [HLS 214-178] Inlining function 'std::enable_if<!(std::is_same<ap_fixed<22, 12, (ap_q_mode)4, (ap_o_mode)0, 0>, ap_uint<1> >::value), ap_fixed<22, 12, (ap_q_mode)4, (ap_o_mode)0, 0> >::type nnet::cast<ap_fixed<22, 12, (ap_q_mode)4, (ap_o_mode)0, 0>, ap_fixed<22, 12, (ap_q_mode)4, (ap_o_mode)0, 0>, config13>(config13::accum_t)' into 'void nnet::dense_resource_rf_leq_nin<ap_fixed<22, 12, (ap_q_mode)4, (ap_o_mode)0, 0>, ap_fixed<22, 12, (ap_q_mode)4, (ap_o_mode)0, 0>, config13>(ap_fixed<22, 12, (ap_q_mode)4, (ap_o_mode)0, 0>*, ap_fixed<22, 12, (ap_q_mode)4, (ap_o_mode)0, 0>*, config13::weight_t*, config13::bias_t*)' (firmware/nnet_utils/nnet_dense_resource.h:15:0)
INFO: [HLS 214-248] Applying array_partition to '_ZZN4nnet26conv_2d_buffer_resource_clINS_5arrayI8ap_fixedILi22ELi12EL9ap_q_mode4EL9ap_o_mode0ELi0EELj1EEENS1_IS5_Lj6EEE7config2EEvRN3hls6streamIT_Li0EEERNSA_IT0_Li0EEEPNT1_8weight_tEPNSH_6bias_tEE11line_buffer': Complete partitioning on dimension 1. Complete partitioning on dimension 2. (firmware/nnet_utils/nnet_conv2d_stream.h:47:0)
INFO: [HLS 214-248] Applying array_partition to '_ZZN4nnet12pooling2d_clINS_5arrayI8ap_fixedILi22ELi12EL9ap_q_mode4EL9ap_o_mode0ELi0EELj6EEES6_7config4EEvRN3hls6streamIT_Li0EEERNS9_IT0_Li0EEEE11line_buffer': Complete partitioning on dimension 1. Complete partitioning on dimension 2. (firmware/nnet_utils/nnet_pooling_stream.h:104:0)
INFO: [HLS 214-248] Applying array_partition to '_ZZN4nnet26conv_2d_buffer_resource_clINS_5arrayI8ap_fixedILi22ELi12EL9ap_q_mode4EL9ap_o_mode0ELi0EELj6EEENS1_IS5_Lj16EEE7config5EEvRN3hls6streamIT_Li0EEERNSA_IT0_Li0EEEPNT1_8weight_tEPNSH_6bias_tEE11line_buffer': Complete partitioning on dimension 1. Complete partitioning on dimension 2. (firmware/nnet_utils/nnet_conv2d_stream.h:47:0)
INFO: [HLS 214-248] Applying array_partition to '_ZZN4nnet12pooling2d_clINS_5arrayI8ap_fixedILi22ELi12EL9ap_q_mode4EL9ap_o_mode0ELi0EELj16EEES6_7config7EEvRN3hls6streamIT_Li0EEERNS9_IT0_Li0EEEE11line_buffer': Complete partitioning on dimension 1. Complete partitioning on dimension 2. (firmware/nnet_utils/nnet_pooling_stream.h:104:0)
INFO: [HLS 214-248] Applying array_partition to 'b2': Complete partitioning on dimension 1. (firmware/weights/b2.h:12:0)
INFO: [HLS 214-248] Applying array_partition to 'b5': Complete partitioning on dimension 1. (firmware/weights/b5.h:12:0)
INFO: [HLS 214-248] Applying array_partition to 'b9': Complete partitioning on dimension 1. (firmware/weights/b9.h:12:0)
INFO: [HLS 214-248] Applying array_partition to 'b11': Complete partitioning on dimension 1. (firmware/weights/b11.h:12:0)
INFO: [HLS 214-248] Applying array_partition to 'b13': Complete partitioning on dimension 1. (firmware/weights/b13.h:12:0)
INFO: [HLS 214-248] Applying array_partition to '_ZZN4nnet22compute_pool_buffer_2dINS_5arrayI8ap_fixedILi22ELi12EL9ap_q_mode4EL9ap_o_mode0ELi0EELj16EEES6_7config7EEvRKT_PAsrT1_6n_filt_12ap_shift_regINS8_10value_typeEXsrSB_8in_widthEERN3hls6streamIT0_Li0EEEE11kernel_data': Complete partitioning on dimension 1. (firmware/nnet_utils/nnet_pooling_stream.h:45:0)
INFO: [HLS 214-248] Applying array_partition to '_ZZN4nnet24compute_output_buffer_2dINS_5arrayI8ap_fixedILi22ELi12EL9ap_q_mode4EL9ap_o_mode0ELi0EELj6EEENS1_IS5_Lj16EEE7config5EEvRKT_PAsrT1_6n_chan_12ap_shift_regINS9_10value_typeEXsrSC_8in_widthEERN3hls6streamIT0_Li0EEEPNSC_8weight_tEPNSC_6bias_tEE11kernel_data': Complete partitioning on dimension 1. (firmware/nnet_utils/nnet_conv_stream.h:271:0)
INFO: [HLS 214-248] Applying array_partition to '_ZZN4nnet22compute_pool_buffer_2dINS_5arrayI8ap_fixedILi22ELi12EL9ap_q_mode4EL9ap_o_mode0ELi0EELj6EEES6_7config4EEvRKT_PAsrT1_6n_filt_12ap_shift_regINS8_10value_typeEXsrSB_8in_widthEERN3hls6streamIT0_Li0EEEE11kernel_data': Complete partitioning on dimension 1. (firmware/nnet_utils/nnet_pooling_stream.h:45:0)
INFO: [HLS 214-248] Applying array_partition to '_ZZN4nnet24compute_output_buffer_2dINS_5arrayI8ap_fixedILi22ELi12EL9ap_q_mode4EL9ap_o_mode0ELi0EELj1EEENS1_IS5_Lj6EEE7config2EEvRKT_PAsrT1_6n_chan_12ap_shift_regINS9_10value_typeEXsrSC_8in_widthEERN3hls6streamIT0_Li0EEEPNSC_8weight_tEPNSC_6bias_tEE11kernel_data': Complete partitioning on dimension 1. (firmware/nnet_utils/nnet_conv_stream.h:271:0)
INFO: [HLS 214-248] Applying array_partition to 'res_out': Complete partitioning on dimension 1. (firmware/nnet_utils/nnet_conv_stream.h:274:29)
INFO: [HLS 214-248] Applying array_partition to 'data': Complete partitioning on dimension 1. (firmware/nnet_utils/nnet_dense_stream.h:87:30)
INFO: [HLS 214-248] Applying array_partition to 'res': Complete partitioning on dimension 1. (firmware/nnet_utils/nnet_dense_stream.h:90:29)
INFO: [HLS 214-241] Aggregating fifo (hls::stream) variable 'layer12_out' with compact=bit mode in 1848-bits (firmware/lenet_mnist_cap64_hls.cpp:66:25)
INFO: [HLS 214-241] Aggregating fifo (hls::stream) variable 'layer11_out' with compact=bit mode in 1848-bits (firmware/lenet_mnist_cap64_hls.cpp:63:25)
INFO: [HLS 214-241] Aggregating fifo (hls::stream) variable 'layer10_out' with compact=bit mode in 2640-bits (firmware/lenet_mnist_cap64_hls.cpp:60:25)
INFO: [HLS 214-241] Aggregating fifo (hls::stream) variable 'layer9_out' with compact=bit mode in 2640-bits (firmware/lenet_mnist_cap64_hls.cpp:57:27)
INFO: [HLS 214-241] Aggregating fifo (hls::stream) variable 'layer7_out' with compact=bit mode in 352-bits (firmware/lenet_mnist_cap64_hls.cpp:53:24)
INFO: [HLS 214-241] Aggregating fifo (hls::stream) variable 'layer6_out' with compact=bit mode in 352-bits (firmware/lenet_mnist_cap64_hls.cpp:50:24)
INFO: [HLS 214-241] Aggregating fifo (hls::stream) variable 'layer5_out' with compact=bit mode in 352-bits (firmware/lenet_mnist_cap64_hls.cpp:47:24)
INFO: [HLS 214-241] Aggregating fifo (hls::stream) variable 'layer4_out' with compact=bit mode in 132-bits (firmware/lenet_mnist_cap64_hls.cpp:44:24)
INFO: [HLS 214-241] Aggregating fifo (hls::stream) variable 'layer3_out' with compact=bit mode in 132-bits (firmware/lenet_mnist_cap64_hls.cpp:41:24)
INFO: [HLS 214-241] Aggregating fifo (hls::stream) variable 'layer2_out' with compact=bit mode in 132-bits (firmware/lenet_mnist_cap64_hls.cpp:38:24)
INFO: [HLS 214-241] Aggregating bram variable 'void nnet::conv_2d_buffer_resource_cl<nnet::array<ap_fixed<22, 12, (ap_q_mode)4, (ap_o_mode)0, 0>, 1u>, nnet::array<ap_fixed<22, 12, (ap_q_mode)4, (ap_o_mode)0, 0>, 6u>, config2>(hls::stream<nnet::array<ap_fixed<22, 12, (ap_q_mode)4, (ap_o_mode)0, 0>, 1u>, 0>&, hls::stream<nnet::array<ap_fixed<22, 12, (ap_q_mode)4, (ap_o_mode)0, 0>, 6u>, 0>&, config2::weight_t*, config2::bias_t*)::line_buffer' with compact=bit mode in 22-bits
INFO: [HLS 214-241] Aggregating bram variable 'void nnet::pooling2d_cl<nnet::array<ap_fixed<22, 12, (ap_q_mode)4, (ap_o_mode)0, 0>, 6u>, nnet::array<ap_fixed<22, 12, (ap_q_mode)4, (ap_o_mode)0, 0>, 6u>, config4>(hls::stream<nnet::array<ap_fixed<22, 12, (ap_q_mode)4, (ap_o_mode)0, 0>, 6u>, 0>&, hls::stream<nnet::array<ap_fixed<22, 12, (ap_q_mode)4, (ap_o_mode)0, 0>, 6u>, 0>&)::line_buffer' with compact=bit mode in 22-bits
INFO: [HLS 214-241] Aggregating bram variable '_ZZN4nnet26conv_2d_buffer_resource_clINS_5arrayI8ap_fixedILi22ELi12EL9ap_q_mode4EL9ap_o_mode0ELi0EELj6EEENS1_IS5_Lj16EEE7config5EEvRN3hls6streamIT_Li0EEERNSA_IT0_Li0EEEPNT1_8weight_tEPNSH_6bias_tEE11line_buffer_0_0' with compact=bit mode in 22-bits
INFO: [HLS 214-241] Aggregating bram variable '_ZZN4nnet26conv_2d_buffer_resource_clINS_5arrayI8ap_fixedILi22ELi12EL9ap_q_mode4EL9ap_o_mode0ELi0EELj6EEENS1_IS5_Lj16EEE7config5EEvRN3hls6streamIT_Li0EEERNSA_IT0_Li0EEEPNT1_8weight_tEPNSH_6bias_tEE11line_buffer_0_1' with compact=bit mode in 22-bits
INFO: [HLS 214-241] Aggregating bram variable '_ZZN4nnet26conv_2d_buffer_resource_clINS_5arrayI8ap_fixedILi22ELi12EL9ap_q_mode4EL9ap_o_mode0ELi0EELj6EEENS1_IS5_Lj16EEE7config5EEvRN3hls6streamIT_Li0EEERNSA_IT0_Li0EEEPNT1_8weight_tEPNSH_6bias_tEE11line_buffer_0_2' with compact=bit mode in 22-bits
INFO: [HLS 214-241] Aggregating bram variable '_ZZN4nnet26conv_2d_buffer_resource_clINS_5arrayI8ap_fixedILi22ELi12EL9ap_q_mode4EL9ap_o_mode0ELi0EELj6EEENS1_IS5_Lj16EEE7config5EEvRN3hls6streamIT_Li0EEERNSA_IT0_Li0EEEPNT1_8weight_tEPNSH_6bias_tEE11line_buffer_0_3' with compact=bit mode in 22-bits
INFO: [HLS 214-241] Aggregating bram variable '_ZZN4nnet26conv_2d_buffer_resource_clINS_5arrayI8ap_fixedILi22ELi12EL9ap_q_mode4EL9ap_o_mode0ELi0EELj6EEENS1_IS5_Lj16EEE7config5EEvRN3hls6streamIT_Li0EEERNSA_IT0_Li0EEEPNT1_8weight_tEPNSH_6bias_tEE11line_buffer_0_4' with compact=bit mode in 22-bits
INFO: [HLS 214-241] Aggregating bram variable '_ZZN4nnet26conv_2d_buffer_resource_clINS_5arrayI8ap_fixedILi22ELi12EL9ap_q_mode4EL9ap_o_mode0ELi0EELj6EEENS1_IS5_Lj16EEE7config5EEvRN3hls6streamIT_Li0EEERNSA_IT0_Li0EEEPNT1_8weight_tEPNSH_6bias_tEE11line_buffer_0_5' with compact=bit mode in 22-bits
INFO: [HLS 214-241] Aggregating bram variable '_ZZN4nnet26conv_2d_buffer_resource_clINS_5arrayI8ap_fixedILi22ELi12EL9ap_q_mode4EL9ap_o_mode0ELi0EELj6EEENS1_IS5_Lj16EEE7config5EEvRN3hls6streamIT_Li0EEERNSA_IT0_Li0EEEPNT1_8weight_tEPNSH_6bias_tEE11line_buffer_1_0' with compact=bit mode in 22-bits
INFO: [HLS 214-241] Aggregating bram variable '_ZZN4nnet26conv_2d_buffer_resource_clINS_5arrayI8ap_fixedILi22ELi12EL9ap_q_mode4EL9ap_o_mode0ELi0EELj6EEENS1_IS5_Lj16EEE7config5EEvRN3hls6streamIT_Li0EEERNSA_IT0_Li0EEEPNT1_8weight_tEPNSH_6bias_tEE11line_buffer_1_1' with compact=bit mode in 22-bits
INFO: [HLS 214-241] Aggregating bram variable '_ZZN4nnet26conv_2d_buffer_resource_clINS_5arrayI8ap_fixedILi22ELi12EL9ap_q_mode4EL9ap_o_mode0ELi0EELj6EEENS1_IS5_Lj16EEE7config5EEvRN3hls6streamIT_Li0EEERNSA_IT0_Li0EEEPNT1_8weight_tEPNSH_6bias_tEE11line_buffer_1_2' with compact=bit mode in 22-bits
INFO: [HLS 214-241] Aggregating bram variable '_ZZN4nnet26conv_2d_buffer_resource_clINS_5arrayI8ap_fixedILi22ELi12EL9ap_q_mode4EL9ap_o_mode0ELi0EELj6EEENS1_IS5_Lj16EEE7config5EEvRN3hls6streamIT_Li0EEERNSA_IT0_Li0EEEPNT1_8weight_tEPNSH_6bias_tEE11line_buffer_1_3' with compact=bit mode in 22-bits
INFO: [HLS 214-241] Aggregating bram variable '_ZZN4nnet26conv_2d_buffer_resource_clINS_5arrayI8ap_fixedILi22ELi12EL9ap_q_mode4EL9ap_o_mode0ELi0EELj6EEENS1_IS5_Lj16EEE7config5EEvRN3hls6streamIT_Li0EEERNSA_IT0_Li0EEEPNT1_8weight_tEPNSH_6bias_tEE11line_buffer_1_4' with compact=bit mode in 22-bits
INFO: [HLS 214-241] Aggregating bram variable '_ZZN4nnet26conv_2d_buffer_resource_clINS_5arrayI8ap_fixedILi22ELi12EL9ap_q_mode4EL9ap_o_mode0ELi0EELj6EEENS1_IS5_Lj16EEE7config5EEvRN3hls6streamIT_Li0EEERNSA_IT0_Li0EEEPNT1_8weight_tEPNSH_6bias_tEE11line_buffer_1_5' with compact=bit mode in 22-bits
INFO: [HLS 214-241] Aggregating bram variable '_ZZN4nnet26conv_2d_buffer_resource_clINS_5arrayI8ap_fixedILi22ELi12EL9ap_q_mode4EL9ap_o_mode0ELi0EELj6EEENS1_IS5_Lj16EEE7config5EEvRN3hls6streamIT_Li0EEERNSA_IT0_Li0EEEPNT1_8weight_tEPNSH_6bias_tEE11line_buffer_2_0' with compact=bit mode in 22-bits
INFO: [HLS 214-241] Aggregating bram variable '_ZZN4nnet26conv_2d_buffer_resource_clINS_5arrayI8ap_fixedILi22ELi12EL9ap_q_mode4EL9ap_o_mode0ELi0EELj6EEENS1_IS5_Lj16EEE7config5EEvRN3hls6streamIT_Li0EEERNSA_IT0_Li0EEEPNT1_8weight_tEPNSH_6bias_tEE11line_buffer_2_1' with compact=bit mode in 22-bits
INFO: [HLS 214-241] Aggregating bram variable '_ZZN4nnet26conv_2d_buffer_resource_clINS_5arrayI8ap_fixedILi22ELi12EL9ap_q_mode4EL9ap_o_mode0ELi0EELj6EEENS1_IS5_Lj16EEE7config5EEvRN3hls6streamIT_Li0EEERNSA_IT0_Li0EEEPNT1_8weight_tEPNSH_6bias_tEE11line_buffer_2_2' with compact=bit mode in 22-bits
INFO: [HLS 214-241] Aggregating bram variable '_ZZN4nnet26conv_2d_buffer_resource_clINS_5arrayI8ap_fixedILi22ELi12EL9ap_q_mode4EL9ap_o_mode0ELi0EELj6EEENS1_IS5_Lj16EEE7config5EEvRN3hls6streamIT_Li0EEERNSA_IT0_Li0EEEPNT1_8weight_tEPNSH_6bias_tEE11line_buffer_2_3' with compact=bit mode in 22-bits
INFO: [HLS 214-241] Aggregating bram variable '_ZZN4nnet26conv_2d_buffer_resource_clINS_5arrayI8ap_fixedILi22ELi12EL9ap_q_mode4EL9ap_o_mode0ELi0EELj6EEENS1_IS5_Lj16EEE7config5EEvRN3hls6streamIT_Li0EEERNSA_IT0_Li0EEEPNT1_8weight_tEPNSH_6bias_tEE11line_buffer_2_4' with compact=bit mode in 22-bits
INFO: [HLS 214-241] Aggregating bram variable '_ZZN4nnet26conv_2d_buffer_resource_clINS_5arrayI8ap_fixedILi22ELi12EL9ap_q_mode4EL9ap_o_mode0ELi0EELj6EEENS1_IS5_Lj16EEE7config5EEvRN3hls6streamIT_Li0EEERNSA_IT0_Li0EEEPNT1_8weight_tEPNSH_6bias_tEE11line_buffer_2_5' with compact=bit mode in 22-bits
INFO: [HLS 214-241] Aggregating bram variable '_ZZN4nnet26conv_2d_buffer_resource_clINS_5arrayI8ap_fixedILi22ELi12EL9ap_q_mode4EL9ap_o_mode0ELi0EELj6EEENS1_IS5_Lj16EEE7config5EEvRN3hls6streamIT_Li0EEERNSA_IT0_Li0EEEPNT1_8weight_tEPNSH_6bias_tEE11line_buffer_3_0' with compact=bit mode in 22-bits
INFO: [HLS 214-241] Aggregating bram variable '_ZZN4nnet26conv_2d_buffer_resource_clINS_5arrayI8ap_fixedILi22ELi12EL9ap_q_mode4EL9ap_o_mode0ELi0EELj6EEENS1_IS5_Lj16EEE7config5EEvRN3hls6streamIT_Li0EEERNSA_IT0_Li0EEEPNT1_8weight_tEPNSH_6bias_tEE11line_buffer_3_1' with compact=bit mode in 22-bits
INFO: [HLS 214-241] Aggregating bram variable '_ZZN4nnet26conv_2d_buffer_resource_clINS_5arrayI8ap_fixedILi22ELi12EL9ap_q_mode4EL9ap_o_mode0ELi0EELj6EEENS1_IS5_Lj16EEE7config5EEvRN3hls6streamIT_Li0EEERNSA_IT0_Li0EEEPNT1_8weight_tEPNSH_6bias_tEE11line_buffer_3_2' with compact=bit mode in 22-bits
INFO: [HLS 214-241] Aggregating bram variable '_ZZN4nnet26conv_2d_buffer_resource_clINS_5arrayI8ap_fixedILi22ELi12EL9ap_q_mode4EL9ap_o_mode0ELi0EELj6EEENS1_IS5_Lj16EEE7config5EEvRN3hls6streamIT_Li0EEERNSA_IT0_Li0EEEPNT1_8weight_tEPNSH_6bias_tEE11line_buffer_3_3' with compact=bit mode in 22-bits
INFO: [HLS 214-241] Aggregating bram variable '_ZZN4nnet26conv_2d_buffer_resource_clINS_5arrayI8ap_fixedILi22ELi12EL9ap_q_mode4EL9ap_o_mode0ELi0EELj6EEENS1_IS5_Lj16EEE7config5EEvRN3hls6streamIT_Li0EEERNSA_IT0_Li0EEEPNT1_8weight_tEPNSH_6bias_tEE11line_buffer_3_4' with compact=bit mode in 22-bits
INFO: [HLS 214-241] Aggregating bram variable '_ZZN4nnet26conv_2d_buffer_resource_clINS_5arrayI8ap_fixedILi22ELi12EL9ap_q_mode4EL9ap_o_mode0ELi0EELj6EEENS1_IS5_Lj16EEE7config5EEvRN3hls6streamIT_Li0EEERNSA_IT0_Li0EEEPNT1_8weight_tEPNSH_6bias_tEE11line_buffer_3_5' with compact=bit mode in 22-bits
INFO: [HLS 214-241] Aggregating bram variable 'void nnet::pooling2d_cl<nnet::array<ap_fixed<22, 12, (ap_q_mode)4, (ap_o_mode)0, 0>, 16u>, nnet::array<ap_fixed<22, 12, (ap_q_mode)4, (ap_o_mode)0, 0>, 16u>, config7>(hls::stream<nnet::array<ap_fixed<22, 12, (ap_q_mode)4, (ap_o_mode)0, 0>, 16u>, 0>&, hls::stream<nnet::array<ap_fixed<22, 12, (ap_q_mode)4, (ap_o_mode)0, 0>, 16u>, 0>&)::line_buffer' with compact=bit mode in 22-bits
INFO: [HLS 214-241] Aggregating bram variable '_ZZN4nnet12pooling2d_clINS_5arrayI8ap_fixedILi22ELi12EL9ap_q_mode4EL9ap_o_mode0ELi0EELj16EEES6_7config7EEvRN3hls6streamIT_Li0EEERNS9_IT0_Li0EEEE11line_buffer_10' with compact=bit mode in 22-bits
INFO: [HLS 214-241] Aggregating bram variable '_ZZN4nnet12pooling2d_clINS_5arrayI8ap_fixedILi22ELi12EL9ap_q_mode4EL9ap_o_mode0ELi0EELj16EEES6_7config7EEvRN3hls6streamIT_Li0EEERNS9_IT0_Li0EEEE11line_buffer_11' with compact=bit mode in 22-bits
INFO: [HLS 214-241] Aggregating bram variable '_ZZN4nnet12pooling2d_clINS_5arrayI8ap_fixedILi22ELi12EL9ap_q_mode4EL9ap_o_mode0ELi0EELj16EEES6_7config7EEvRN3hls6streamIT_Li0EEERNS9_IT0_Li0EEEE11line_buffer_12' with compact=bit mode in 22-bits
INFO: [HLS 214-241] Aggregating bram variable '_ZZN4nnet12pooling2d_clINS_5arrayI8ap_fixedILi22ELi12EL9ap_q_mode4EL9ap_o_mode0ELi0EELj16EEES6_7config7EEvRN3hls6streamIT_Li0EEERNS9_IT0_Li0EEEE11line_buffer_13' with compact=bit mode in 22-bits
INFO: [HLS 214-241] Aggregating bram variable '_ZZN4nnet12pooling2d_clINS_5arrayI8ap_fixedILi22ELi12EL9ap_q_mode4EL9ap_o_mode0ELi0EELj16EEES6_7config7EEvRN3hls6streamIT_Li0EEERNS9_IT0_Li0EEEE11line_buffer_14' with compact=bit mode in 22-bits
INFO: [HLS 214-241] Aggregating bram variable '_ZZN4nnet12pooling2d_clINS_5arrayI8ap_fixedILi22ELi12EL9ap_q_mode4EL9ap_o_mode0ELi0EELj16EEES6_7config7EEvRN3hls6streamIT_Li0EEERNS9_IT0_Li0EEEE11line_buffer_15' with compact=bit mode in 22-bits
INFO: [HLS 214-248] Applying array_reshape to 'w2': Block reshaping with factor 30 on dimension 1. (firmware/weights/w2.h:12:0)
INFO: [HLS 214-248] Applying array_reshape to 'w5': Block reshaping with factor 48 on dimension 1. (firmware/weights/w5.h:12:0)
INFO: [HLS 214-248] Applying array_reshape to 'w9': Block reshaping with factor 480 on dimension 1. (firmware/weights/w9.h:12:0)
INFO: [HLS 214-248] Applying array_reshape to 'w11': Block reshaping with factor 168 on dimension 1. (firmware/weights/w11.h:12:0)
INFO: [HLS 214-248] Applying array_reshape to 'w13': Block reshaping with factor 20 on dimension 1. (firmware/weights/w13.h:12:0)
INFO: [HLS 214-449] Automatically partitioning array 'in_elem' dimension 1 completely based on constant index.
INFO: [HLS 214-449] Automatically partitioning array 'alloca' dimension 1 completely based on constant index.
INFO: [HLS 214-270] Inferring pragma 'array_partition type=complete dim=1' for array 'ref.tmp' due to pipeline pragma
INFO: [HLS 214-270] Inferring pragma 'array_partition type=complete dim=1' for array 'ref.tmp.i' due to pipeline pragma
INFO: [HLS 214-248] Applying array_partition to 'ref.tmp': Complete partitioning on dimension 1.
INFO: [HLS 214-248] Applying array_partition to 'ref.tmp.i': Complete partitioning on dimension 1.
INFO: [HLS 200-111] Finished Compiling Optimization and Transform: CPU user time: 42.61 seconds. CPU system time: 0.91 seconds. Elapsed time: 44.35 seconds; current allocated memory: 342.070 MB.
INFO: [HLS 200-111] Finished Checking Pragmas: CPU user time: 0 seconds. CPU system time: 0 seconds. Elapsed time: 0 seconds; current allocated memory: 342.070 MB.
INFO: [HLS 200-10] Starting code transformations ...
INFO: [HLS 200-111] Finished Standard Transforms: CPU user time: 1.43 seconds. CPU system time: 0.02 seconds. Elapsed time: 1.48 seconds; current allocated memory: 380.906 MB.
INFO: [HLS 200-10] Checking synthesizability ...
INFO: [XFORM 203-602] Inlining function 'nnet::cast<ap_fixed<22, 12, (ap_q_mode)4, (ap_o_mode)0, 0>, ap_fixed<22, 12, (ap_q_mode)4, (ap_o_mode)0, 0>, config9>' into 'nnet::dense_resource_rf_leq_nin<ap_fixed<22, 12, (ap_q_mode)4, (ap_o_mode)0, 0>, ap_fixed<22, 12, (ap_q_mode)4, (ap_o_mode)0, 0>, config9>' (firmware/nnet_utils/nnet_dense_resource.h:82) automatically.
INFO: [XFORM 203-602] Inlining function 'nnet::cast<ap_fixed<22, 12, (ap_q_mode)4, (ap_o_mode)0, 0>, ap_fixed<22, 12, (ap_q_mode)4, (ap_o_mode)0, 0>, config11>' into 'nnet::dense_resource_rf_leq_nin<ap_fixed<22, 12, (ap_q_mode)4, (ap_o_mode)0, 0>, ap_fixed<22, 12, (ap_q_mode)4, (ap_o_mode)0, 0>, config11>' (firmware/nnet_utils/nnet_dense_resource.h:82) automatically.
INFO: [HLS 200-111] Finished Checking Synthesizability: CPU user time: 4.92 seconds. CPU system time: 0.02 seconds. Elapsed time: 4.99 seconds; current allocated memory: 413.523 MB.
INFO: [XFORM 203-602] Inlining function 'nnet::cast<ap_fixed<22, 12, (ap_q_mode)4, (ap_o_mode)0, 0>, ap_fixed<22, 12, (ap_q_mode)4, (ap_o_mode)0, 0>, config9>' into 'nnet::dense_resource_rf_leq_nin<ap_fixed<22, 12, (ap_q_mode)4, (ap_o_mode)0, 0>, ap_fixed<22, 12, (ap_q_mode)4, (ap_o_mode)0, 0>, config9>' (firmware/nnet_utils/nnet_dense_resource.h:82) automatically.
INFO: [XFORM 203-602] Inlining function 'nnet::cast<ap_fixed<22, 12, (ap_q_mode)4, (ap_o_mode)0, 0>, ap_fixed<22, 12, (ap_q_mode)4, (ap_o_mode)0, 0>, config11>' into 'nnet::dense_resource_rf_leq_nin<ap_fixed<22, 12, (ap_q_mode)4, (ap_o_mode)0, 0>, ap_fixed<22, 12, (ap_q_mode)4, (ap_o_mode)0, 0>, config11>' (firmware/nnet_utils/nnet_dense_resource.h:82) automatically.
INFO: [XFORM 203-712] Applying dataflow to function 'lenet_mnist_cap64_hls' (firmware/lenet_mnist_cap64_hls.cpp:8), detected/extracted 11 process function(s): 
	 'nnet::conv_2d_cl<nnet::array<ap_fixed<22, 12, (ap_q_mode)4, (ap_o_mode)0, 0>, 1u>, nnet::array<ap_fixed<22, 12, (ap_q_mode)4, (ap_o_mode)0, 0>, 6u>, config2>'
	 'nnet::relu<nnet::array<ap_fixed<22, 12, (ap_q_mode)4, (ap_o_mode)0, 0>, 6u>, nnet::array<ap_fixed<22, 12, (ap_q_mode)4, (ap_o_mode)0, 0>, 6u>, relu_config3>'
	 'nnet::pooling2d_cl<nnet::array<ap_fixed<22, 12, (ap_q_mode)4, (ap_o_mode)0, 0>, 6u>, nnet::array<ap_fixed<22, 12, (ap_q_mode)4, (ap_o_mode)0, 0>, 6u>, config4>'
	 'nnet::conv_2d_cl<nnet::array<ap_fixed<22, 12, (ap_q_mode)4, (ap_o_mode)0, 0>, 6u>, nnet::array<ap_fixed<22, 12, (ap_q_mode)4, (ap_o_mode)0, 0>, 16u>, config5>'
	 'nnet::relu<nnet::array<ap_fixed<22, 12, (ap_q_mode)4, (ap_o_mode)0, 0>, 16u>, nnet::array<ap_fixed<22, 12, (ap_q_mode)4, (ap_o_mode)0, 0>, 16u>, relu_config6>'
	 'nnet::pooling2d_cl<nnet::array<ap_fixed<22, 12, (ap_q_mode)4, (ap_o_mode)0, 0>, 16u>, nnet::array<ap_fixed<22, 12, (ap_q_mode)4, (ap_o_mode)0, 0>, 16u>, config7>'
	 'nnet::dense<nnet::array<ap_fixed<22, 12, (ap_q_mode)4, (ap_o_mode)0, 0>, 16u>, nnet::array<ap_fixed<22, 12, (ap_q_mode)4, (ap_o_mode)0, 0>, 120u>, config9>'
	 'nnet::relu<nnet::array<ap_fixed<22, 12, (ap_q_mode)4, (ap_o_mode)0, 0>, 120u>, nnet::array<ap_fixed<22, 12, (ap_q_mode)4, (ap_o_mode)0, 0>, 120u>, relu_config10>'
	 'nnet::dense<nnet::array<ap_fixed<22, 12, (ap_q_mode)4, (ap_o_mode)0, 0>, 120u>, nnet::array<ap_fixed<22, 12, (ap_q_mode)4, (ap_o_mode)0, 0>, 84u>, config11>'
	 'nnet::relu<nnet::array<ap_fixed<22, 12, (ap_q_mode)4, (ap_o_mode)0, 0>, 84u>, nnet::array<ap_fixed<22, 12, (ap_q_mode)4, (ap_o_mode)0, 0>, 84u>, relu_config12>'
	 'nnet::dense<nnet::array<ap_fixed<22, 12, (ap_q_mode)4, (ap_o_mode)0, 0>, 84u>, nnet::array<ap_fixed<22, 12, (ap_q_mode)4, (ap_o_mode)0, 0>, 10u>, config13>'.
INFO: [HLS 200-111] Finished Loop, function and other optimizations: CPU user time: 12.42 seconds. CPU system time: 0.04 seconds. Elapsed time: 12.48 seconds; current allocated memory: 477.539 MB.
INFO: [XFORM 203-541] Flattening a loop nest 'ReadInputHeight' (firmware/nnet_utils/nnet_pooling_stream.h:109:5) in function 'nnet::pooling2d_cl<nnet::array<ap_fixed<22, 12, (ap_q_mode)4, (ap_o_mode)0, 0>, 6u>, nnet::array<ap_fixed<22, 12, (ap_q_mode)4, (ap_o_mode)0, 0>, 6u>, config4>'.
INFO: [XFORM 203-541] Flattening a loop nest 'ReadInputHeight' (firmware/nnet_utils/nnet_pooling_stream.h:109:5) in function 'nnet::pooling2d_cl<nnet::array<ap_fixed<22, 12, (ap_q_mode)4, (ap_o_mode)0, 0>, 16u>, nnet::array<ap_fixed<22, 12, (ap_q_mode)4, (ap_o_mode)0, 0>, 16u>, config7>'.
INFO: [XFORM 203-541] Flattening a loop nest 'ReadInputHeight' (firmware/nnet_utils/nnet_conv2d_stream.h:52:5) in function 'nnet::conv_2d_cl<nnet::array<ap_fixed<22, 12, (ap_q_mode)4, (ap_o_mode)0, 0>, 6u>, nnet::array<ap_fixed<22, 12, (ap_q_mode)4, (ap_o_mode)0, 0>, 16u>, config5>'.
INFO: [XFORM 203-541] Flattening a loop nest 'ReadInputHeight' (firmware/nnet_utils/nnet_conv2d_stream.h:52:5) in function 'nnet::conv_2d_cl<nnet::array<ap_fixed<22, 12, (ap_q_mode)4, (ap_o_mode)0, 0>, 1u>, nnet::array<ap_fixed<22, 12, (ap_q_mode)4, (ap_o_mode)0, 0>, 6u>, config2>'.
WARNING: [HLS 200-1992] Performance of loop 'ReuseLoop'(firmware/nnet_utils/nnet_dense_resource.h:46:5) in function 'dense_resource_rf_leq_nin<ap_fixed,ap_fixed<22,12,4,0,0>,config9>' can be improved with loop rewind inference if the loop is called from a region that can be executed in overlapped fashion such as a dataflow region or the top function.
WARNING: [HLS 200-1992] Performance of loop 'ReuseLoop'(firmware/nnet_utils/nnet_dense_resource.h:46:5) in function 'dense_resource_rf_leq_nin<ap_fixed,ap_fixed<22,12,4,0,0>,config5_mult>' can be improved with loop rewind inference if the loop is called from a region that can be executed in overlapped fashion such as a dataflow region or the top function.
WARNING: [HLS 200-1992] Performance of loop 'ReuseLoop'(firmware/nnet_utils/nnet_dense_resource.h:46:5) in function 'dense_resource_rf_leq_nin<ap_fixed,ap_fixed<22,12,4,0,0>,config2_mult>' can be improved with loop rewind inference if the loop is called from a region that can be executed in overlapped fashion such as a dataflow region or the top function.
WARNING: [HLS 200-1992] Performance of loop 'ReuseLoop'(firmware/nnet_utils/nnet_dense_resource.h:46:5) in function 'dense_resource_rf_leq_nin<ap_fixed,ap_fixed<22,12,4,0,0>,config13>' can be improved with loop rewind inference if the loop is called from a region that can be executed in overlapped fashion such as a dataflow region or the top function.
WARNING: [HLS 200-1992] Performance of loop 'ReuseLoop'(firmware/nnet_utils/nnet_dense_resource.h:46:5) in function 'dense_resource_rf_leq_nin<ap_fixed,ap_fixed<22,12,4,0,0>,config11>' can be improved with loop rewind inference if the loop is called from a region that can be executed in overlapped fashion such as a dataflow region or the top function.
INFO: [XFORM 203-531] Rewinding loop 'ReuseLoop' (firmware/nnet_utils/nnet_dense_resource.h:46) in function 'dense_resource_rf_leq_nin<ap_fixed,ap_fixed<22,12,4,0,0>,config9>'.
INFO: [XFORM 203-531] Rewinding loop 'ReuseLoop' (firmware/nnet_utils/nnet_dense_resource.h:46) in function 'dense_resource_rf_leq_nin<ap_fixed,ap_fixed<22,12,4,0,0>,config5_mult>'.
INFO: [XFORM 203-531] Rewinding loop 'ReuseLoop' (firmware/nnet_utils/nnet_dense_resource.h:46) in function 'dense_resource_rf_leq_nin<ap_fixed,ap_fixed<22,12,4,0,0>,config2_mult>'.
INFO: [XFORM 203-531] Rewinding loop 'ReuseLoop' (firmware/nnet_utils/nnet_dense_resource.h:46) in function 'dense_resource_rf_leq_nin<ap_fixed,ap_fixed<22,12,4,0,0>,config13>'.
INFO: [XFORM 203-531] Rewinding loop 'ReuseLoop' (firmware/nnet_utils/nnet_dense_resource.h:46) in function 'dense_resource_rf_leq_nin<ap_fixed,ap_fixed<22,12,4,0,0>,config11>'.
INFO: [HLS 200-111] Finished Architecture Synthesis: CPU user time: 13.76 seconds. CPU system time: 0.08 seconds. Elapsed time: 13.9 seconds; current allocated memory: 853.066 MB.
INFO: [HLS 200-10] Starting hardware synthesis ...
INFO: [HLS 200-10] Synthesizing 'lenet_mnist_cap64_hls' ...
WARNING: [SYN 201-103] Legalizing function name 'shift_line_buffer<array<ap_fixed<22, 12, 4, 0, 0>, 1u>, config2>' to 'shift_line_buffer_array_ap_fixed_22_12_4_0_0_1u_config2_s'.
WARNING: [SYN 201-103] Legalizing function name 'dense_resource_rf_leq_nin<ap_fixed,ap_fixed<22,12,4,0,0>,config2_mult>' to 'dense_resource_rf_leq_nin_ap_fixed_ap_fixed_22_12_4_0_0_config2_mult_s'.
WARNING: [SYN 201-103] Legalizing function name 'compute_output_buffer_2d<array,array<ap_fixed<22,12,4,0,0>,6u>,config2>' to 'compute_output_buffer_2d_array_array_ap_fixed_22_12_4_0_0_6u_config2_s'.
WARNING: [SYN 201-103] Legalizing function name 'conv_2d_cl<array<ap_fixed,1u>,array<ap_fixed<22,12,4,0,0>,6u>,config2>' to 'conv_2d_cl_array_ap_fixed_1u_array_ap_fixed_22_12_4_0_0_6u_config2_s'.
WARNING: [SYN 201-103] Legalizing function name 'relu<array<ap_fixed,6u>,array<ap_fixed<22,12,4,0,0>,6u>,relu_config3>' to 'relu_array_ap_fixed_6u_array_ap_fixed_22_12_4_0_0_6u_relu_config3_s'.
WARNING: [SYN 201-103] Legalizing function name 'shift_line_buffer<array<ap_fixed<22, 12, 4, 0, 0>, 6u>, config4>' to 'shift_line_buffer_array_ap_fixed_22_12_4_0_0_6u_config4_s'.
WARNING: [SYN 201-103] Legalizing function name 'pooling2d_cl<array<ap_fixed,6u>,array<ap_fixed<22,12,4,0,0>,6u>,config4>' to 'pooling2d_cl_array_ap_fixed_6u_array_ap_fixed_22_12_4_0_0_6u_config4_s'.
WARNING: [SYN 201-103] Legalizing function name 'shift_line_buffer<array<ap_fixed<22, 12, 4, 0, 0>, 6u>, config5>' to 'shift_line_buffer_array_ap_fixed_22_12_4_0_0_6u_config5_s'.
WARNING: [SYN 201-103] Legalizing function name 'dense_resource_rf_leq_nin<ap_fixed,ap_fixed<22,12,4,0,0>,config5_mult>' to 'dense_resource_rf_leq_nin_ap_fixed_ap_fixed_22_12_4_0_0_config5_mult_s'.
WARNING: [SYN 201-103] Legalizing function name 'compute_output_buffer_2d<array,array<ap_fixed<22,12,4,0,0>,16u>,config5>' to 'compute_output_buffer_2d_array_array_ap_fixed_22_12_4_0_0_16u_config5_s'.
WARNING: [SYN 201-103] Legalizing function name 'conv_2d_cl<array<ap_fixed,6u>,array<ap_fixed<22,12,4,0,0>,16u>,config5>' to 'conv_2d_cl_array_ap_fixed_6u_array_ap_fixed_22_12_4_0_0_16u_config5_s'.
WARNING: [SYN 201-103] Legalizing function name 'relu<array<ap_fixed,16u>,array<ap_fixed<22,12,4,0,0>,16u>,relu_config6>' to 'relu_array_ap_fixed_16u_array_ap_fixed_22_12_4_0_0_16u_relu_config6_s'.
WARNING: [SYN 201-103] Legalizing function name 'shift_line_buffer<array<ap_fixed<22, 12, 4, 0, 0>, 16u>, config7>' to 'shift_line_buffer_array_ap_fixed_22_12_4_0_0_16u_config7_s'.
WARNING: [SYN 201-103] Legalizing function name 'pooling2d_cl<array,array<ap_fixed<22,12,4,0,0>,16u>,config7>' to 'pooling2d_cl_array_array_ap_fixed_22_12_4_0_0_16u_config7_s'.
WARNING: [SYN 201-103] Legalizing function name 'dense<array,array<ap_fixed<22,12,4,0,0>,120u>,config9>_Pipeline_DataPrepare' to 'dense_array_array_ap_fixed_22_12_4_0_0_120u_config9_Pipeline_DataPrepare'.
WARNING: [SYN 201-103] Legalizing function name 'dense_resource_rf_leq_nin<ap_fixed,ap_fixed<22,12,4,0,0>,config9>' to 'dense_resource_rf_leq_nin_ap_fixed_ap_fixed_22_12_4_0_0_config9_s'.
WARNING: [SYN 201-103] Legalizing function name 'dense<array<ap_fixed,16u>,array<ap_fixed<22,12,4,0,0>,120u>,config9>' to 'dense_array_ap_fixed_16u_array_ap_fixed_22_12_4_0_0_120u_config9_s'.
WARNING: [SYN 201-103] Legalizing function name 'relu<array,array<ap_fixed<22,12,4,0,0>,120u>,relu_config10>' to 'relu_array_array_ap_fixed_22_12_4_0_0_120u_relu_config10_s'.
WARNING: [SYN 201-103] Legalizing function name 'dense_resource_rf_leq_nin<ap_fixed,ap_fixed<22,12,4,0,0>,config11>' to 'dense_resource_rf_leq_nin_ap_fixed_ap_fixed_22_12_4_0_0_config11_s'.
WARNING: [SYN 201-103] Legalizing function name 'dense<array<ap_fixed,120u>,array<ap_fixed<22,12,4,0,0>,84u>,config11>' to 'dense_array_ap_fixed_120u_array_ap_fixed_22_12_4_0_0_84u_config11_s'.
WARNING: [SYN 201-103] Legalizing function name 'relu<array<ap_fixed,84u>,array<ap_fixed<22,12,4,0,0>,84u>,relu_config12>' to 'relu_array_ap_fixed_84u_array_ap_fixed_22_12_4_0_0_84u_relu_config12_s'.
WARNING: [SYN 201-103] Legalizing function name 'dense_resource_rf_leq_nin<ap_fixed,ap_fixed<22,12,4,0,0>,config13>' to 'dense_resource_rf_leq_nin_ap_fixed_ap_fixed_22_12_4_0_0_config13_s'.
WARNING: [SYN 201-103] Legalizing function name 'dense<array<ap_fixed,84u>,array<ap_fixed<22,12,4,0,0>,10u>,config13>' to 'dense_array_ap_fixed_84u_array_ap_fixed_22_12_4_0_0_10u_config13_s'.
INFO: [HLS 200-10] ----------------------------------------------------------------
INFO: [HLS 200-42] -- Implementing module 'shift_line_buffer_array_ap_fixed_22_12_4_0_0_1u_config2_s' 
INFO: [HLS 200-10] ----------------------------------------------------------------
INFO: [SCHED 204-11] Starting scheduling ...
INFO: [SCHED 204-61] Pipelining function 'shift_line_buffer<array<ap_fixed<22, 12, 4, 0, 0>, 1u>, config2>'.
INFO: [HLS 200-1470] Pipelining result : Target II = NA, Final II = 1, Depth = 1, function 'shift_line_buffer<array<ap_fixed<22, 12, 4, 0, 0>, 1u>, config2>'
INFO: [SCHED 204-11] Finished scheduling.
INFO: [HLS 200-111] Finished Scheduling: CPU user time: 0.48 seconds. CPU system time: 0.04 seconds. Elapsed time: 0.54 seconds; current allocated memory: 861.797 MB.
INFO: [BIND 205-100] Starting micro-architecture generation ...
INFO: [BIND 205-101] Performing variable lifetime analysis.
INFO: [BIND 205-101] Exploring resource sharing.
INFO: [BIND 205-101] Binding ...
INFO: [BIND 205-100] Finished micro-architecture generation.
INFO: [HLS 200-111] Finished Binding: CPU user time: 0.02 seconds. CPU system time: 0 seconds. Elapsed time: 0.02 seconds; current allocated memory: 861.895 MB.
INFO: [HLS 200-10] ----------------------------------------------------------------
INFO: [HLS 200-42] -- Implementing module 'dense_resource_rf_leq_nin_ap_fixed_ap_fixed_22_12_4_0_0_config2_mult_s' 
INFO: [HLS 200-10] ----------------------------------------------------------------
INFO: [SCHED 204-11] Starting scheduling ...
INFO: [SCHED 204-61] Pipelining loop 'ReuseLoop'.
INFO: [HLS 200-1470] Pipelining result : Target II = 1, Final II = 1, Depth = 3, loop 'ReuseLoop'
INFO: [SCHED 204-11] Finished scheduling.
INFO: [HLS 200-111] Finished Scheduling: CPU user time: 0.41 seconds. CPU system time: 0 seconds. Elapsed time: 0.42 seconds; current allocated memory: 881.016 MB.
INFO: [BIND 205-100] Starting micro-architecture generation ...
INFO: [BIND 205-101] Performing variable lifetime analysis.
INFO: [BIND 205-101] Exploring resource sharing.
INFO: [BIND 205-101] Binding ...
INFO: [BIND 205-100] Finished micro-architecture generation.
INFO: [HLS 200-111] Finished Binding: CPU user time: 0.13 seconds. CPU system time: 0.01 seconds. Elapsed time: 0.14 seconds; current allocated memory: 881.016 MB.
INFO: [HLS 200-10] ----------------------------------------------------------------
INFO: [HLS 200-42] -- Implementing module 'compute_output_buffer_2d_array_array_ap_fixed_22_12_4_0_0_6u_config2_s' 
INFO: [HLS 200-10] ----------------------------------------------------------------
INFO: [SCHED 204-11] Starting scheduling ...
INFO: [SCHED 204-11] Finished scheduling.
INFO: [HLS 200-111] Finished Scheduling: CPU user time: 0.11 seconds. CPU system time: 0 seconds. Elapsed time: 0.11 seconds; current allocated memory: 881.016 MB.
INFO: [BIND 205-100] Starting micro-architecture generation ...
INFO: [BIND 205-101] Performing variable lifetime analysis.
INFO: [BIND 205-101] Exploring resource sharing.
INFO: [BIND 205-101] Binding ...
INFO: [BIND 205-100] Finished micro-architecture generation.
INFO: [HLS 200-111] Finished Binding: CPU user time: 0.02 seconds. CPU system time: 0 seconds. Elapsed time: 0.02 seconds; current allocated memory: 881.016 MB.
INFO: [HLS 200-10] ----------------------------------------------------------------
INFO: [HLS 200-42] -- Implementing module 'conv_2d_cl_array_ap_fixed_1u_array_ap_fixed_22_12_4_0_0_6u_config2_s' 
INFO: [HLS 200-10] ----------------------------------------------------------------
INFO: [SCHED 204-11] Starting scheduling ...
INFO: [SCHED 204-11] Finished scheduling.
INFO: [HLS 200-111] Finished Scheduling: CPU user time: 0.03 seconds. CPU system time: 0 seconds. Elapsed time: 0.03 seconds; current allocated memory: 881.016 MB.
INFO: [BIND 205-100] Starting micro-architecture generation ...
INFO: [BIND 205-101] Performing variable lifetime analysis.
INFO: [BIND 205-101] Exploring resource sharing.
INFO: [BIND 205-101] Binding ...
INFO: [BIND 205-100] Finished micro-architecture generation.
INFO: [HLS 200-111] Finished Binding: CPU user time: 0.01 seconds. CPU system time: 0 seconds. Elapsed time: 0.02 seconds; current allocated memory: 881.016 MB.
INFO: [HLS 200-10] ----------------------------------------------------------------
INFO: [HLS 200-42] -- Implementing module 'relu_array_ap_fixed_6u_array_ap_fixed_22_12_4_0_0_6u_relu_config3_s' 
INFO: [HLS 200-10] ----------------------------------------------------------------
INFO: [SCHED 204-11] Starting scheduling ...
INFO: [SCHED 204-61] Pipelining loop 'ReLUActLoop'.
INFO: [HLS 200-1470] Pipelining result : Target II = NA, Final II = 1, Depth = 1, loop 'ReLUActLoop'
INFO: [SCHED 204-11] Finished scheduling.
INFO: [HLS 200-111] Finished Scheduling: CPU user time: 0.02 seconds. CPU system time: 0 seconds. Elapsed time: 0.03 seconds; current allocated memory: 881.016 MB.
INFO: [BIND 205-100] Starting micro-architecture generation ...
INFO: [BIND 205-101] Performing variable lifetime analysis.
INFO: [BIND 205-101] Exploring resource sharing.
INFO: [BIND 205-101] Binding ...
INFO: [BIND 205-100] Finished micro-architecture generation.
INFO: [HLS 200-111] Finished Binding: CPU user time: 0.01 seconds. CPU system time: 0 seconds. Elapsed time: 0.01 seconds; current allocated memory: 881.016 MB.
INFO: [HLS 200-10] ----------------------------------------------------------------
INFO: [HLS 200-42] -- Implementing module 'shift_line_buffer_array_ap_fixed_22_12_4_0_0_6u_config4_s' 
INFO: [HLS 200-10] ----------------------------------------------------------------
INFO: [SCHED 204-11] Starting scheduling ...
INFO: [SCHED 204-61] Pipelining function 'shift_line_buffer<array<ap_fixed<22, 12, 4, 0, 0>, 6u>, config4>'.
INFO: [HLS 200-1470] Pipelining result : Target II = NA, Final II = 1, Depth = 1, function 'shift_line_buffer<array<ap_fixed<22, 12, 4, 0, 0>, 6u>, config4>'
INFO: [SCHED 204-11] Finished scheduling.
INFO: [HLS 200-111] Finished Scheduling: CPU user time: 0.03 seconds. CPU system time: 0 seconds. Elapsed time: 0.02 seconds; current allocated memory: 881.016 MB.
INFO: [BIND 205-100] Starting micro-architecture generation ...
INFO: [BIND 205-101] Performing variable lifetime analysis.
INFO: [BIND 205-101] Exploring resource sharing.
INFO: [BIND 205-101] Binding ...
INFO: [BIND 205-100] Finished micro-architecture generation.
INFO: [HLS 200-111] Finished Binding: CPU user time: 0.01 seconds. CPU system time: 0 seconds. Elapsed time: 0.02 seconds; current allocated memory: 881.016 MB.
INFO: [HLS 200-10] ----------------------------------------------------------------
INFO: [HLS 200-42] -- Implementing module 'pooling2d_cl_array_ap_fixed_6u_array_ap_fixed_22_12_4_0_0_6u_config4_s' 
INFO: [HLS 200-10] ----------------------------------------------------------------
INFO: [SCHED 204-11] Starting scheduling ...
INFO: [SCHED 204-61] Pipelining loop 'ReadInputHeight_ReadInputWidth'.
WARNING: [HLS 200-880] The II Violation in module 'pooling2d_cl_array_ap_fixed_6u_array_ap_fixed_22_12_4_0_0_6u_config4_s' (loop 'ReadInputHeight_ReadInputWidth'): Unable to enforce a carried dependence constraint (II = 1, distance = 1, offset = 1) between 'load' operation 22 bit ('void_compute_pool_buffer_2d_array_const_ap_shift_reg_n_filt_stream_kernel_24', firmware/nnet_utils/nnet_pooling_stream.h:63->firmware/nnet_utils/nnet_pooling_stream.h:115) on static variable 'void_compute_pool_buffer_2d_array_const_ap_shift_reg_n_filt_stream_kernel_9' and 'call' operation 0 bit ('_ln52', firmware/nnet_utils/nnet_pooling_stream.h:52->firmware/nnet_utils/nnet_pooling_stream.h:115) to 'shift_line_buffer<array<ap_fixed<22, 12, 4, 0, 0>, 6u>, config4>'.
Resolution: For help on HLS 200-880 see docs.xilinx.com/access/sources/dita/topic?Doc_Version=2024.2%20English&url=ug1448-hls-guidance&resourceid=200-880.html
INFO: [HLS 200-1470] Pipelining result : Target II = NA, Final II = 2, Depth = 3, loop 'ReadInputHeight_ReadInputWidth'
INFO: [SCHED 204-11] Finished scheduling.
INFO: [HLS 200-111] Finished Scheduling: CPU user time: 0.05 seconds. CPU system time: 0 seconds. Elapsed time: 0.04 seconds; current allocated memory: 881.836 MB.
INFO: [BIND 205-100] Starting micro-architecture generation ...
INFO: [BIND 205-101] Performing variable lifetime analysis.
INFO: [BIND 205-101] Exploring resource sharing.
INFO: [BIND 205-101] Binding ...
INFO: [BIND 205-100] Finished micro-architecture generation.
INFO: [HLS 200-111] Finished Binding: CPU user time: 0.02 seconds. CPU system time: 0 seconds. Elapsed time: 0.02 seconds; current allocated memory: 881.836 MB.
INFO: [HLS 200-10] ----------------------------------------------------------------
INFO: [HLS 200-42] -- Implementing module 'shift_line_buffer_array_ap_fixed_22_12_4_0_0_6u_config5_s' 
INFO: [HLS 200-10] ----------------------------------------------------------------
INFO: [SCHED 204-11] Starting scheduling ...
INFO: [SCHED 204-61] Pipelining function 'shift_line_buffer<array<ap_fixed<22, 12, 4, 0, 0>, 6u>, config5>'.
INFO: [HLS 200-1470] Pipelining result : Target II = NA, Final II = 1, Depth = 1, function 'shift_line_buffer<array<ap_fixed<22, 12, 4, 0, 0>, 6u>, config5>'
INFO: [SCHED 204-11] Finished scheduling.
INFO: [HLS 200-111] Finished Scheduling: CPU user time: 0.07 seconds. CPU system time: 0 seconds. Elapsed time: 0.07 seconds; current allocated memory: 882.828 MB.
INFO: [BIND 205-100] Starting micro-architecture generation ...
INFO: [BIND 205-101] Performing variable lifetime analysis.
INFO: [BIND 205-101] Exploring resource sharing.
INFO: [BIND 205-101] Binding ...
INFO: [BIND 205-100] Finished micro-architecture generation.
INFO: [HLS 200-111] Finished Binding: CPU user time: 0.02 seconds. CPU system time: 0.01 seconds. Elapsed time: 0.02 seconds; current allocated memory: 883.520 MB.
INFO: [HLS 200-10] ----------------------------------------------------------------
INFO: [HLS 200-42] -- Implementing module 'dense_resource_rf_leq_nin_ap_fixed_ap_fixed_22_12_4_0_0_config5_mult_s' 
INFO: [HLS 200-10] ----------------------------------------------------------------
INFO: [SCHED 204-11] Starting scheduling ...
INFO: [SCHED 204-61] Pipelining loop 'ReuseLoop'.
INFO: [HLS 200-1470] Pipelining result : Target II = 1, Final II = 1, Depth = 3, loop 'ReuseLoop'
INFO: [SCHED 204-11] Finished scheduling.
INFO: [HLS 200-111] Finished Scheduling: CPU user time: 1.02 seconds. CPU system time: 0 seconds. Elapsed time: 1.02 seconds; current allocated memory: 929.309 MB.
INFO: [BIND 205-100] Starting micro-architecture generation ...
INFO: [BIND 205-101] Performing variable lifetime analysis.
INFO: [BIND 205-101] Exploring resource sharing.
INFO: [BIND 205-101] Binding ...
INFO: [BIND 205-100] Finished micro-architecture generation.
INFO: [HLS 200-111] Finished Binding: CPU user time: 0.3 seconds. CPU system time: 0.01 seconds. Elapsed time: 0.3 seconds; current allocated memory: 939.500 MB.
INFO: [HLS 200-10] ----------------------------------------------------------------
INFO: [HLS 200-42] -- Implementing module 'compute_output_buffer_2d_array_array_ap_fixed_22_12_4_0_0_16u_config5_s' 
INFO: [HLS 200-10] ----------------------------------------------------------------
INFO: [SCHED 204-11] Starting scheduling ...
INFO: [SCHED 204-11] Finished scheduling.
INFO: [HLS 200-111] Finished Scheduling: CPU user time: 0.25 seconds. CPU system time: 0 seconds. Elapsed time: 0.26 seconds; current allocated memory: 939.500 MB.
INFO: [BIND 205-100] Starting micro-architecture generation ...
INFO: [BIND 205-101] Performing variable lifetime analysis.
INFO: [BIND 205-101] Exploring resource sharing.
INFO: [BIND 205-101] Binding ...
INFO: [BIND 205-100] Finished micro-architecture generation.
INFO: [HLS 200-111] Finished Binding: CPU user time: 0.02 seconds. CPU system time: 0.01 seconds. Elapsed time: 0.02 seconds; current allocated memory: 939.500 MB.
INFO: [HLS 200-10] ----------------------------------------------------------------
INFO: [HLS 200-42] -- Implementing module 'conv_2d_cl_array_ap_fixed_6u_array_ap_fixed_22_12_4_0_0_16u_config5_s' 
INFO: [HLS 200-10] ----------------------------------------------------------------
INFO: [SCHED 204-11] Starting scheduling ...
INFO: [SCHED 204-11] Finished scheduling.
INFO: [HLS 200-111] Finished Scheduling: CPU user time: 0.04 seconds. CPU system time: 0 seconds. Elapsed time: 0.03 seconds; current allocated memory: 939.500 MB.
INFO: [BIND 205-100] Starting micro-architecture generation ...
INFO: [BIND 205-101] Performing variable lifetime analysis.
INFO: [BIND 205-101] Exploring resource sharing.
INFO: [BIND 205-101] Binding ...
INFO: [BIND 205-100] Finished micro-architecture generation.
INFO: [HLS 200-111] Finished Binding: CPU user time: 0.02 seconds. CPU system time: 0 seconds. Elapsed time: 0.03 seconds; current allocated memory: 939.500 MB.
INFO: [HLS 200-10] ----------------------------------------------------------------
INFO: [HLS 200-42] -- Implementing module 'relu_array_ap_fixed_16u_array_ap_fixed_22_12_4_0_0_16u_relu_config6_s' 
INFO: [HLS 200-10] ----------------------------------------------------------------
INFO: [SCHED 204-11] Starting scheduling ...
INFO: [SCHED 204-61] Pipelining loop 'ReLUActLoop'.
INFO: [HLS 200-1470] Pipelining result : Target II = NA, Final II = 1, Depth = 1, loop 'ReLUActLoop'
INFO: [SCHED 204-11] Finished scheduling.
INFO: [HLS 200-111] Finished Scheduling: CPU user time: 0.04 seconds. CPU system time: 0 seconds. Elapsed time: 0.05 seconds; current allocated memory: 939.500 MB.
INFO: [BIND 205-100] Starting micro-architecture generation ...
INFO: [BIND 205-101] Performing variable lifetime analysis.
INFO: [BIND 205-101] Exploring resource sharing.
INFO: [BIND 205-101] Binding ...
INFO: [BIND 205-100] Finished micro-architecture generation.
INFO: [HLS 200-111] Finished Binding: CPU user time: 0.01 seconds. CPU system time: 0 seconds. Elapsed time: 0.02 seconds; current allocated memory: 939.500 MB.
INFO: [HLS 200-10] ----------------------------------------------------------------
INFO: [HLS 200-42] -- Implementing module 'shift_line_buffer_array_ap_fixed_22_12_4_0_0_16u_config7_s' 
INFO: [HLS 200-10] ----------------------------------------------------------------
INFO: [SCHED 204-11] Starting scheduling ...
INFO: [SCHED 204-61] Pipelining function 'shift_line_buffer<array<ap_fixed<22, 12, 4, 0, 0>, 16u>, config7>'.
INFO: [HLS 200-1470] Pipelining result : Target II = NA, Final II = 1, Depth = 1, function 'shift_line_buffer<array<ap_fixed<22, 12, 4, 0, 0>, 16u>, config7>'
INFO: [SCHED 204-11] Finished scheduling.
INFO: [HLS 200-111] Finished Scheduling: CPU user time: 0.04 seconds. CPU system time: 0 seconds. Elapsed time: 0.04 seconds; current allocated memory: 939.500 MB.
INFO: [BIND 205-100] Starting micro-architecture generation ...
INFO: [BIND 205-101] Performing variable lifetime analysis.
INFO: [BIND 205-101] Exploring resource sharing.
INFO: [BIND 205-101] Binding ...
INFO: [BIND 205-100] Finished micro-architecture generation.
INFO: [HLS 200-111] Finished Binding: CPU user time: 0.02 seconds. CPU system time: 0 seconds. Elapsed time: 0.02 seconds; current allocated memory: 939.500 MB.
INFO: [HLS 200-10] ----------------------------------------------------------------
INFO: [HLS 200-42] -- Implementing module 'pooling2d_cl_array_array_ap_fixed_22_12_4_0_0_16u_config7_s' 
INFO: [HLS 200-10] ----------------------------------------------------------------
INFO: [SCHED 204-11] Starting scheduling ...
INFO: [SCHED 204-61] Pipelining loop 'ReadInputHeight_ReadInputWidth'.
WARNING: [HLS 200-880] The II Violation in module 'pooling2d_cl_array_array_ap_fixed_22_12_4_0_0_16u_config7_s' (loop 'ReadInputHeight_ReadInputWidth'): Unable to enforce a carried dependence constraint (II = 1, distance = 1, offset = 1) between 'load' operation 22 bit ('void_compute_pool_buffer_2d_array_const_ap_shift_reg_n_filt_stream_kernel_34', firmware/nnet_utils/nnet_pooling_stream.h:63->firmware/nnet_utils/nnet_pooling_stream.h:115) on static variable 'void_compute_pool_buffer_2d_array_const_ap_shift_reg_n_filt_stream_kernel_19' and 'call' operation 0 bit ('_ln52', firmware/nnet_utils/nnet_pooling_stream.h:52->firmware/nnet_utils/nnet_pooling_stream.h:115) to 'shift_line_buffer<array<ap_fixed<22, 12, 4, 0, 0>, 16u>, config7>'.
Resolution: For help on HLS 200-880 see docs.xilinx.com/access/sources/dita/topic?Doc_Version=2024.2%20English&url=ug1448-hls-guidance&resourceid=200-880.html
INFO: [HLS 200-1470] Pipelining result : Target II = NA, Final II = 2, Depth = 3, loop 'ReadInputHeight_ReadInputWidth'
INFO: [SCHED 204-11] Finished scheduling.
INFO: [HLS 200-111] Finished Scheduling: CPU user time: 0.08 seconds. CPU system time: 0 seconds. Elapsed time: 0.08 seconds; current allocated memory: 939.500 MB.
INFO: [BIND 205-100] Starting micro-architecture generation ...
INFO: [BIND 205-101] Performing variable lifetime analysis.
INFO: [BIND 205-101] Exploring resource sharing.
INFO: [BIND 205-101] Binding ...
INFO: [BIND 205-100] Finished micro-architecture generation.
INFO: [HLS 200-111] Finished Binding: CPU user time: 0.03 seconds. CPU system time: 0 seconds. Elapsed time: 0.03 seconds; current allocated memory: 939.500 MB.
INFO: [HLS 200-10] ----------------------------------------------------------------
INFO: [HLS 200-42] -- Implementing module 'dense_array_array_ap_fixed_22_12_4_0_0_120u_config9_Pipeline_DataPrepare' 
INFO: [HLS 200-10] ----------------------------------------------------------------
INFO: [SCHED 204-11] Starting scheduling ...
INFO: [SCHED 204-61] Pipelining loop 'DataPrepare'.
INFO: [HLS 200-1470] Pipelining result : Target II = NA, Final II = 1, Depth = 1, loop 'DataPrepare'
INFO: [SCHED 204-11] Finished scheduling.
INFO: [HLS 200-111] Finished Scheduling: CPU user time: 0.2 seconds. CPU system time: 0 seconds. Elapsed time: 0.21 seconds; current allocated memory: 939.500 MB.
INFO: [BIND 205-100] Starting micro-architecture generation ...
INFO: [BIND 205-101] Performing variable lifetime analysis.
INFO: [BIND 205-101] Exploring resource sharing.
INFO: [BIND 205-101] Binding ...
INFO: [BIND 205-100] Finished micro-architecture generation.
INFO: [HLS 200-111] Finished Binding: CPU user time: 0.06 seconds. CPU system time: 0 seconds. Elapsed time: 0.06 seconds; current allocated memory: 939.500 MB.
INFO: [HLS 200-10] ----------------------------------------------------------------
INFO: [HLS 200-42] -- Implementing module 'dense_resource_rf_leq_nin_ap_fixed_ap_fixed_22_12_4_0_0_config9_s' 
INFO: [HLS 200-10] ----------------------------------------------------------------
INFO: [SCHED 204-11] Starting scheduling ...
INFO: [SCHED 204-61] Pipelining loop 'ReuseLoop'.
INFO: [HLS 200-1470] Pipelining result : Target II = 1, Final II = 1, Depth = 3, loop 'ReuseLoop'
INFO: [SCHED 204-11] Finished scheduling.
INFO: [HLS 200-111] Finished Scheduling: CPU user time: 17.7 seconds. CPU system time: 0.18 seconds. Elapsed time: 17.89 seconds; current allocated memory: 1.563 GB.
INFO: [BIND 205-100] Starting micro-architecture generation ...
INFO: [BIND 205-101] Performing variable lifetime analysis.
INFO: [BIND 205-101] Exploring resource sharing.
INFO: [BIND 205-101] Binding ...
INFO: [BIND 205-100] Finished micro-architecture generation.
INFO: [HLS 200-111] Finished Binding: CPU user time: 16 seconds. CPU system time: 0.01 seconds. Elapsed time: 16.02 seconds; current allocated memory: 1.563 GB.
INFO: [HLS 200-10] ----------------------------------------------------------------
INFO: [HLS 200-42] -- Implementing module 'dense_array_ap_fixed_16u_array_ap_fixed_22_12_4_0_0_120u_config9_s' 
INFO: [HLS 200-10] ----------------------------------------------------------------
INFO: [SCHED 204-11] Starting scheduling ...
INFO: [SCHED 204-11] Finished scheduling.
INFO: [HLS 200-111] Finished Scheduling: CPU user time: 12.85 seconds. CPU system time: 0.04 seconds. Elapsed time: 12.9 seconds; current allocated memory: 1.563 GB.
INFO: [BIND 205-100] Starting micro-architecture generation ...
INFO: [BIND 205-101] Performing variable lifetime analysis.
INFO: [BIND 205-101] Exploring resource sharing.
INFO: [BIND 205-101] Binding ...
INFO: [BIND 205-100] Finished micro-architecture generation.
INFO: [HLS 200-111] Finished Binding: CPU user time: 0.09 seconds. CPU system time: 0 seconds. Elapsed time: 0.1 seconds; current allocated memory: 1.563 GB.
INFO: [HLS 200-10] ----------------------------------------------------------------
INFO: [HLS 200-42] -- Implementing module 'relu_array_array_ap_fixed_22_12_4_0_0_120u_relu_config10_s' 
INFO: [HLS 200-10] ----------------------------------------------------------------
INFO: [SCHED 204-11] Starting scheduling ...
INFO: [SCHED 204-11] Finished scheduling.
INFO: [HLS 200-111] Finished Scheduling: CPU user time: 0.23 seconds. CPU system time: 0 seconds. Elapsed time: 0.22 seconds; current allocated memory: 1.563 GB.
INFO: [BIND 205-100] Starting micro-architecture generation ...
INFO: [BIND 205-101] Performing variable lifetime analysis.
INFO: [BIND 205-101] Exploring resource sharing.
INFO: [BIND 205-101] Binding ...
INFO: [BIND 205-100] Finished micro-architecture generation.
INFO: [HLS 200-111] Finished Binding: CPU user time: 0.06 seconds. CPU system time: 0 seconds. Elapsed time: 0.06 seconds; current allocated memory: 1.563 GB.
INFO: [HLS 200-10] ----------------------------------------------------------------
INFO: [HLS 200-42] -- Implementing module 'dense_resource_rf_leq_nin_ap_fixed_ap_fixed_22_12_4_0_0_config11_s' 
INFO: [HLS 200-10] ----------------------------------------------------------------
INFO: [SCHED 204-11] Starting scheduling ...
INFO: [SCHED 204-61] Pipelining loop 'ReuseLoop'.
INFO: [HLS 200-1470] Pipelining result : Target II = 1, Final II = 1, Depth = 3, loop 'ReuseLoop'
INFO: [SCHED 204-11] Finished scheduling.
INFO: [HLS 200-111] Finished Scheduling: CPU user time: 4.94 seconds. CPU system time: 0 seconds. Elapsed time: 4.95 seconds; current allocated memory: 1.563 GB.
INFO: [BIND 205-100] Starting micro-architecture generation ...
INFO: [BIND 205-101] Performing variable lifetime analysis.
INFO: [BIND 205-101] Exploring resource sharing.
INFO: [BIND 205-101] Binding ...
INFO: [BIND 205-100] Finished micro-architecture generation.
INFO: [HLS 200-111] Finished Binding: CPU user time: 2.23 seconds. CPU system time: 0.01 seconds. Elapsed time: 2.25 seconds; current allocated memory: 1.563 GB.
INFO: [HLS 200-10] ----------------------------------------------------------------
INFO: [HLS 200-42] -- Implementing module 'dense_array_ap_fixed_120u_array_ap_fixed_22_12_4_0_0_84u_config11_s' 
INFO: [HLS 200-10] ----------------------------------------------------------------
INFO: [SCHED 204-11] Starting scheduling ...
INFO: [SCHED 204-11] Finished scheduling.
INFO: [HLS 200-111] Finished Scheduling: CPU user time: 1.84 seconds. CPU system time: 0.01 seconds. Elapsed time: 1.85 seconds; current allocated memory: 1.563 GB.
INFO: [BIND 205-100] Starting micro-architecture generation ...
INFO: [BIND 205-101] Performing variable lifetime analysis.
INFO: [BIND 205-101] Exploring resource sharing.
INFO: [BIND 205-101] Binding ...
INFO: [BIND 205-100] Finished micro-architecture generation.
INFO: [HLS 200-111] Finished Binding: CPU user time: 0.04 seconds. CPU system time: 0 seconds. Elapsed time: 0.04 seconds; current allocated memory: 1.563 GB.
INFO: [HLS 200-10] ----------------------------------------------------------------
INFO: [HLS 200-42] -- Implementing module 'relu_array_ap_fixed_84u_array_ap_fixed_22_12_4_0_0_84u_relu_config12_s' 
INFO: [HLS 200-10] ----------------------------------------------------------------
INFO: [SCHED 204-11] Starting scheduling ...
INFO: [SCHED 204-11] Finished scheduling.
INFO: [HLS 200-111] Finished Scheduling: CPU user time: 0.13 seconds. CPU system time: 0 seconds. Elapsed time: 0.12 seconds; current allocated memory: 1.563 GB.
INFO: [BIND 205-100] Starting micro-architecture generation ...
INFO: [BIND 205-101] Performing variable lifetime analysis.
INFO: [BIND 205-101] Exploring resource sharing.
INFO: [BIND 205-101] Binding ...
INFO: [BIND 205-100] Finished micro-architecture generation.
INFO: [HLS 200-111] Finished Binding: CPU user time: 0.04 seconds. CPU system time: 0 seconds. Elapsed time: 0.04 seconds; current allocated memory: 1.563 GB.
INFO: [HLS 200-10] ----------------------------------------------------------------
INFO: [HLS 200-42] -- Implementing module 'dense_resource_rf_leq_nin_ap_fixed_ap_fixed_22_12_4_0_0_config13_s' 
INFO: [HLS 200-10] ----------------------------------------------------------------
INFO: [SCHED 204-11] Starting scheduling ...
INFO: [SCHED 204-61] Pipelining loop 'ReuseLoop'.
INFO: [HLS 200-1470] Pipelining result : Target II = 1, Final II = 1, Depth = 3, loop 'ReuseLoop'
INFO: [SCHED 204-11] Finished scheduling.
INFO: [HLS 200-111] Finished Scheduling: CPU user time: 0.48 seconds. CPU system time: 0 seconds. Elapsed time: 0.48 seconds; current allocated memory: 1.563 GB.
INFO: [BIND 205-100] Starting micro-architecture generation ...
INFO: [BIND 205-101] Performing variable lifetime analysis.
INFO: [BIND 205-101] Exploring resource sharing.
INFO: [BIND 205-101] Binding ...
INFO: [BIND 205-100] Finished micro-architecture generation.
INFO: [HLS 200-111] Finished Binding: CPU user time: 0.09 seconds. CPU system time: 0 seconds. Elapsed time: 0.09 seconds; current allocated memory: 1.563 GB.
INFO: [HLS 200-10] ----------------------------------------------------------------
INFO: [HLS 200-42] -- Implementing module 'dense_array_ap_fixed_84u_array_ap_fixed_22_12_4_0_0_10u_config13_s' 
INFO: [HLS 200-10] ----------------------------------------------------------------
INFO: [SCHED 204-11] Starting scheduling ...
INFO: [SCHED 204-11] Finished scheduling.
INFO: [HLS 200-111] Finished Scheduling: CPU user time: 0.1 seconds. CPU system time: 0.01 seconds. Elapsed time: 0.1 seconds; current allocated memory: 1.563 GB.
INFO: [BIND 205-100] Starting micro-architecture generation ...
INFO: [BIND 205-101] Performing variable lifetime analysis.
INFO: [BIND 205-101] Exploring resource sharing.
INFO: [BIND 205-101] Binding ...
INFO: [BIND 205-100] Finished micro-architecture generation.
INFO: [HLS 200-111] Finished Binding: CPU user time: 0.02 seconds. CPU system time: 0 seconds. Elapsed time: 0.03 seconds; current allocated memory: 1.563 GB.
INFO: [HLS 200-10] ----------------------------------------------------------------
INFO: [HLS 200-42] -- Implementing module 'lenet_mnist_cap64_hls' 
INFO: [HLS 200-10] ----------------------------------------------------------------
INFO: [SCHED 204-11] Starting scheduling ...
INFO: [SCHED 204-11] Finished scheduling.
WARNING: [HLS 200-1018] Consider increasing the depth of FIFO layer9_out (from dense_array_ap_fixed_16u_array_ap_fixed_22_12_4_0_0_120u_config9_U0 to relu_array_array_ap_fixed_22_12_4_0_0_120u_relu_config10_U0) to 2 to improve performance and/or avoid deadlocks.
WARNING: [HLS 200-1018] Consider increasing the depth of FIFO layer10_out (from relu_array_array_ap_fixed_22_12_4_0_0_120u_relu_config10_U0 to dense_array_ap_fixed_120u_array_ap_fixed_22_12_4_0_0_84u_config11_U0) to 2 to improve performance and/or avoid deadlocks.
WARNING: [HLS 200-1018] Consider increasing the depth of FIFO layer11_out (from dense_array_ap_fixed_120u_array_ap_fixed_22_12_4_0_0_84u_config11_U0 to relu_array_ap_fixed_84u_array_ap_fixed_22_12_4_0_0_84u_relu_config12_U0) to 2 to improve performance and/or avoid deadlocks.
WARNING: [HLS 200-1018] Consider increasing the depth of FIFO layer12_out (from relu_array_ap_fixed_84u_array_ap_fixed_22_12_4_0_0_84u_relu_config12_U0 to dense_array_ap_fixed_84u_array_ap_fixed_22_12_4_0_0_10u_config13_U0) to 2 to improve performance and/or avoid deadlocks.
INFO: [HLS 200-111] Finished Scheduling: CPU user time: 0.04 seconds. CPU system time: 0 seconds. Elapsed time: 0.05 seconds; current allocated memory: 1.563 GB.
INFO: [BIND 205-100] Starting micro-architecture generation ...
INFO: [BIND 205-101] Performing variable lifetime analysis.
INFO: [BIND 205-101] Exploring resource sharing.
INFO: [BIND 205-101] Binding ...
INFO: [BIND 205-100] Finished micro-architecture generation.
INFO: [HLS 200-111] Finished Binding: CPU user time: 0.08 seconds. CPU system time: 0 seconds. Elapsed time: 0.08 seconds; current allocated memory: 1.563 GB.
INFO: [HLS 200-10] ----------------------------------------------------------------
INFO: [HLS 200-10] -- Generating RTL for module 'shift_line_buffer_array_ap_fixed_22_12_4_0_0_1u_config2_s' 
INFO: [HLS 200-10] ----------------------------------------------------------------
INFO: [SYN 201-210] Renamed object name 'shift_line_buffer_array_ap_fixed_22_12_4_0_0_1u_config2_s_void_conv_2d_buffer_resource_cl_stream_stream_weight_t_bias_t_line_buffer_3_SHIFTREG_AUTO_0R0W' to 'shift_line_buffer_array_ap_fixed_22_12_4_0_0_1u_config2_s_void_conv_2d_bufferbkb' due to the length limit 80
INFO: [SYN 201-210] Renamed object name 'shift_line_buffer_array_ap_fixed_22_12_4_0_0_1u_config2_s_void_conv_2d_buffer_resource_cl_stream_stream_weight_t_bias_t_line_buffer_2_SHIFTREG_AUTO_0R0W' to 'shift_line_buffer_array_ap_fixed_22_12_4_0_0_1u_config2_s_void_conv_2d_buffercud' due to the length limit 80
INFO: [SYN 201-210] Renamed object name 'shift_line_buffer_array_ap_fixed_22_12_4_0_0_1u_config2_s_void_conv_2d_buffer_resource_cl_stream_stream_weight_t_bias_t_line_buffer_1_SHIFTREG_AUTO_0R0W' to 'shift_line_buffer_array_ap_fixed_22_12_4_0_0_1u_config2_s_void_conv_2d_bufferdEe' due to the length limit 80
INFO: [SYN 201-210] Renamed object name 'shift_line_buffer_array_ap_fixed_22_12_4_0_0_1u_config2_s_void_conv_2d_buffer_resource_cl_stream_stream_weight_t_bias_t_line_buffer_SHIFTREG_AUTO_0R0W' to 'shift_line_buffer_array_ap_fixed_22_12_4_0_0_1u_config2_s_void_conv_2d_buffereOg' due to the length limit 80
INFO: [RTGEN 206-100] Finished creating RTL model for 'shift_line_buffer_array_ap_fixed_22_12_4_0_0_1u_config2_s'.
INFO: [HLS 200-111] Finished Creating RTL model: CPU user time: 0.22 seconds. CPU system time: 0 seconds. Elapsed time: 0.23 seconds; current allocated memory: 1.563 GB.
INFO: [HLS 200-10] ----------------------------------------------------------------
INFO: [HLS 200-10] -- Generating RTL for module 'dense_resource_rf_leq_nin_ap_fixed_ap_fixed_22_12_4_0_0_config2_mult_s' 
INFO: [HLS 200-10] ----------------------------------------------------------------
INFO: [SYN 201-210] Renamed object name 'dense_resource_rf_leq_nin_ap_fixed_ap_fixed_22_12_4_0_0_config2_mult_s_w2_ROM_NP_BRAM_1R' to 'dense_resource_rf_leq_nin_ap_fixed_ap_fixed_22_12_4_0_0_config2_mult_s_w2_ROMfYi' due to the length limit 80
INFO: [RTGEN 206-100] Generating core module 'mul_22s_22s_44_1_1': 29 instance(s).
INFO: [RTGEN 206-100] Generating core module 'mul_22s_9s_31_1_1': 1 instance(s).
INFO: [RTGEN 206-100] Generating core module 'sparsemux_11_3_22_1_1': 5 instance(s).
INFO: [RTGEN 206-100] Finished creating RTL model for 'dense_resource_rf_leq_nin_ap_fixed_ap_fixed_22_12_4_0_0_config2_mult_s'.
INFO: [RTMG 210-279] Implementing memory 'lenet_mnist_cap64_hls_dense_resource_rf_leq_nin_ap_fixed_ap_fixed_22_12_4_0_0_config2_mult_s_w2_ROMfYi' using block ROMs.
INFO: [HLS 200-111] Finished Creating RTL model: CPU user time: 0.17 seconds. CPU system time: 0 seconds. Elapsed time: 0.18 seconds; current allocated memory: 1.563 GB.
INFO: [HLS 200-10] ----------------------------------------------------------------
INFO: [HLS 200-10] -- Generating RTL for module 'compute_output_buffer_2d_array_array_ap_fixed_22_12_4_0_0_6u_config2_s' 
INFO: [HLS 200-10] ----------------------------------------------------------------
WARNING: [RTGEN 206-101] Register 'void_compute_output_buffer_2d_array_const_ap_shift_reg_n_chan_stream_weig_18' is power-on initialization.
WARNING: [RTGEN 206-101] Register 'void_compute_output_buffer_2d_array_const_ap_shift_reg_n_chan_stream_weig_19' is power-on initialization.
WARNING: [RTGEN 206-101] Register 'void_compute_output_buffer_2d_array_const_ap_shift_reg_n_chan_stream_weig_13' is power-on initialization.
WARNING: [RTGEN 206-101] Register 'void_compute_output_buffer_2d_array_const_ap_shift_reg_n_chan_stream_weig_14' is power-on initialization.
WARNING: [RTGEN 206-101] Register 'p_ZZN4nnet24compute_output_buffer_2dINS_5arrayI8ap_fixedILi22ELi12EL9ap_q_mode4EL_155' is power-on initialization.
WARNING: [RTGEN 206-101] Register 'p_ZZN4nnet24compute_output_buffer_2dINS_5arrayI8ap_fixedILi22ELi12EL9ap_q_mode4EL_154' is power-on initialization.
WARNING: [RTGEN 206-101] Register 'p_ZZN4nnet24compute_output_buffer_2dINS_5arrayI8ap_fixedILi22ELi12EL9ap_q_mode4EL_160' is power-on initialization.
WARNING: [RTGEN 206-101] Register 'p_ZZN4nnet24compute_output_buffer_2dINS_5arrayI8ap_fixedILi22ELi12EL9ap_q_mode4EL_159' is power-on initialization.
WARNING: [RTGEN 206-101] Register 'p_ZZN4nnet24compute_output_buffer_2dINS_5arrayI8ap_fixedILi22ELi12EL9ap_q_mode4EL_165' is power-on initialization.
WARNING: [RTGEN 206-101] Register 'p_ZZN4nnet24compute_output_buffer_2dINS_5arrayI8ap_fixedILi22ELi12EL9ap_q_mode4EL_164' is power-on initialization.
WARNING: [RTGEN 206-101] Register 'void_compute_output_buffer_2d_array_const_ap_shift_reg_n_chan_stream_weig_17' is power-on initialization.
WARNING: [RTGEN 206-101] Register 'void_compute_output_buffer_2d_array_const_ap_shift_reg_n_chan_stream_weig_12' is power-on initialization.
WARNING: [RTGEN 206-101] Register 'p_ZZN4nnet24compute_output_buffer_2dINS_5arrayI8ap_fixedILi22ELi12EL9ap_q_mode4EL_156' is power-on initialization.
WARNING: [RTGEN 206-101] Register 'p_ZZN4nnet24compute_output_buffer_2dINS_5arrayI8ap_fixedILi22ELi12EL9ap_q_mode4EL_161' is power-on initialization.
WARNING: [RTGEN 206-101] Register 'p_ZZN4nnet24compute_output_buffer_2dINS_5arrayI8ap_fixedILi22ELi12EL9ap_q_mode4EL_166' is power-on initialization.
WARNING: [RTGEN 206-101] Register 'void_compute_output_buffer_2d_array_const_ap_shift_reg_n_chan_stream_weig_16' is power-on initialization.
WARNING: [RTGEN 206-101] Register 'void_compute_output_buffer_2d_array_const_ap_shift_reg_n_chan_stream_weig_11' is power-on initialization.
WARNING: [RTGEN 206-101] Register 'p_ZZN4nnet24compute_output_buffer_2dINS_5arrayI8ap_fixedILi22ELi12EL9ap_q_mode4EL_157' is power-on initialization.
WARNING: [RTGEN 206-101] Register 'p_ZZN4nnet24compute_output_buffer_2dINS_5arrayI8ap_fixedILi22ELi12EL9ap_q_mode4EL_162' is power-on initialization.
WARNING: [RTGEN 206-101] Register 'p_ZZN4nnet24compute_output_buffer_2dINS_5arrayI8ap_fixedILi22ELi12EL9ap_q_mode4EL_167' is power-on initialization.
WARNING: [RTGEN 206-101] Register 'void_compute_output_buffer_2d_array_const_ap_shift_reg_n_chan_stream_weig_15' is power-on initialization.
WARNING: [RTGEN 206-101] Register 'void_compute_output_buffer_2d_array_const_ap_shift_reg_n_chan_stream_weig_10' is power-on initialization.
WARNING: [RTGEN 206-101] Register 'p_ZZN4nnet24compute_output_buffer_2dINS_5arrayI8ap_fixedILi22ELi12EL9ap_q_mode4EL_158' is power-on initialization.
WARNING: [RTGEN 206-101] Register 'p_ZZN4nnet24compute_output_buffer_2dINS_5arrayI8ap_fixedILi22ELi12EL9ap_q_mode4EL_163' is power-on initialization.
WARNING: [RTGEN 206-101] Register 'p_ZZN4nnet24compute_output_buffer_2dINS_5arrayI8ap_fixedILi22ELi12EL9ap_q_mode4EL_168' is power-on initialization.
WARNING: [RTGEN 206-101] Register 'sX_3' is power-on initialization.
WARNING: [RTGEN 206-101] Register 'sY_3' is power-on initialization.
WARNING: [RTGEN 206-101] Register 'pY_3' is power-on initialization.
WARNING: [RTGEN 206-101] Register 'pX_3' is power-on initialization.
INFO: [RTGEN 206-100] Finished creating RTL model for 'compute_output_buffer_2d_array_array_ap_fixed_22_12_4_0_0_6u_config2_s'.
INFO: [HLS 200-111] Finished Creating RTL model: CPU user time: 0.4 seconds. CPU system time: 0.02 seconds. Elapsed time: 0.42 seconds; current allocated memory: 1.563 GB.
INFO: [HLS 200-10] ----------------------------------------------------------------
INFO: [HLS 200-10] -- Generating RTL for module 'conv_2d_cl_array_ap_fixed_1u_array_ap_fixed_22_12_4_0_0_6u_config2_s' 
INFO: [HLS 200-10] ----------------------------------------------------------------
INFO: [RTGEN 206-100] Finished creating RTL model for 'conv_2d_cl_array_ap_fixed_1u_array_ap_fixed_22_12_4_0_0_6u_config2_s'.
INFO: [HLS 200-111] Finished Creating RTL model: CPU user time: 0.05 seconds. CPU system time: 0 seconds. Elapsed time: 0.05 seconds; current allocated memory: 1.563 GB.
INFO: [HLS 200-10] ----------------------------------------------------------------
INFO: [HLS 200-10] -- Generating RTL for module 'relu_array_ap_fixed_6u_array_ap_fixed_22_12_4_0_0_6u_relu_config3_s' 
INFO: [HLS 200-10] ----------------------------------------------------------------
INFO: [RTGEN 206-100] Finished creating RTL model for 'relu_array_ap_fixed_6u_array_ap_fixed_22_12_4_0_0_6u_relu_config3_s'.
INFO: [HLS 200-111] Finished Creating RTL model: CPU user time: 0.05 seconds. CPU system time: 0 seconds. Elapsed time: 0.04 seconds; current allocated memory: 1.563 GB.
INFO: [HLS 200-10] ----------------------------------------------------------------
INFO: [HLS 200-10] -- Generating RTL for module 'shift_line_buffer_array_ap_fixed_22_12_4_0_0_6u_config4_s' 
INFO: [HLS 200-10] ----------------------------------------------------------------
INFO: [SYN 201-210] Renamed object name 'shift_line_buffer_array_ap_fixed_22_12_4_0_0_6u_config4_s_void_pooling2d_cl_stream_stream_array_ap_fixed_6u_0_line_buffer_5_SHIFTREG_AUTO_0R0W' to 'shift_line_buffer_array_ap_fixed_22_12_4_0_0_6u_config4_s_void_pooling2d_cl_sg8j' due to the length limit 80
INFO: [SYN 201-210] Renamed object name 'shift_line_buffer_array_ap_fixed_22_12_4_0_0_6u_config4_s_void_pooling2d_cl_stream_stream_array_ap_fixed_6u_0_line_buffer_4_SHIFTREG_AUTO_0R0W' to 'shift_line_buffer_array_ap_fixed_22_12_4_0_0_6u_config4_s_void_pooling2d_cl_shbi' due to the length limit 80
INFO: [SYN 201-210] Renamed object name 'shift_line_buffer_array_ap_fixed_22_12_4_0_0_6u_config4_s_void_pooling2d_cl_stream_stream_array_ap_fixed_6u_0_line_buffer_3_SHIFTREG_AUTO_0R0W' to 'shift_line_buffer_array_ap_fixed_22_12_4_0_0_6u_config4_s_void_pooling2d_cl_sibs' due to the length limit 80
INFO: [SYN 201-210] Renamed object name 'shift_line_buffer_array_ap_fixed_22_12_4_0_0_6u_config4_s_void_pooling2d_cl_stream_stream_array_ap_fixed_6u_0_line_buffer_2_SHIFTREG_AUTO_0R0W' to 'shift_line_buffer_array_ap_fixed_22_12_4_0_0_6u_config4_s_void_pooling2d_cl_sjbC' due to the length limit 80
INFO: [SYN 201-210] Renamed object name 'shift_line_buffer_array_ap_fixed_22_12_4_0_0_6u_config4_s_void_pooling2d_cl_stream_stream_array_ap_fixed_6u_0_line_buffer_1_SHIFTREG_AUTO_0R0W' to 'shift_line_buffer_array_ap_fixed_22_12_4_0_0_6u_config4_s_void_pooling2d_cl_skbM' due to the length limit 80
INFO: [SYN 201-210] Renamed object name 'shift_line_buffer_array_ap_fixed_22_12_4_0_0_6u_config4_s_void_pooling2d_cl_stream_stream_array_ap_fixed_6u_0_line_buffer_SHIFTREG_AUTO_0R0W' to 'shift_line_buffer_array_ap_fixed_22_12_4_0_0_6u_config4_s_void_pooling2d_cl_slbW' due to the length limit 80
INFO: [RTGEN 206-100] Finished creating RTL model for 'shift_line_buffer_array_ap_fixed_22_12_4_0_0_6u_config4_s'.
INFO: [HLS 200-111] Finished Creating RTL model: CPU user time: 0.06 seconds. CPU system time: 0 seconds. Elapsed time: 0.06 seconds; current allocated memory: 1.563 GB.
INFO: [HLS 200-10] ----------------------------------------------------------------
INFO: [HLS 200-10] -- Generating RTL for module 'pooling2d_cl_array_ap_fixed_6u_array_ap_fixed_22_12_4_0_0_6u_config4_s' 
INFO: [HLS 200-10] ----------------------------------------------------------------
WARNING: [RTGEN 206-101] Register 'sY' is power-on initialization.
WARNING: [RTGEN 206-101] Register 'pY' is power-on initialization.
WARNING: [RTGEN 206-101] Register 'void_compute_pool_buffer_2d_array_const_ap_shift_reg_n_filt_stream_kernel_9' is power-on initialization.
WARNING: [RTGEN 206-101] Register 'void_compute_pool_buffer_2d_array_const_ap_shift_reg_n_filt_stream_kernel_3' is power-on initialization.
WARNING: [RTGEN 206-101] Register 'p_ZZN4nnet22compute_pool_buffer_2dINS_5arrayI8ap_fixedILi22ELi12EL9ap_q_mode4EL9a_11' is power-on initialization.
WARNING: [RTGEN 206-101] Register 'p_ZZN4nnet22compute_pool_buffer_2dINS_5arrayI8ap_fixedILi22ELi12EL9ap_q_mode4EL9a_5' is power-on initialization.
WARNING: [RTGEN 206-101] Register 'void_compute_pool_buffer_2d_array_const_ap_shift_reg_n_filt_stream_kernel_8' is power-on initialization.
WARNING: [RTGEN 206-101] Register 'void_compute_pool_buffer_2d_array_const_ap_shift_reg_n_filt_stream_kernel_2' is power-on initialization.
WARNING: [RTGEN 206-101] Register 'p_ZZN4nnet22compute_pool_buffer_2dINS_5arrayI8ap_fixedILi22ELi12EL9ap_q_mode4EL9a_10' is power-on initialization.
WARNING: [RTGEN 206-101] Register 'p_ZZN4nnet22compute_pool_buffer_2dINS_5arrayI8ap_fixedILi22ELi12EL9ap_q_mode4EL9a_4' is power-on initialization.
WARNING: [RTGEN 206-101] Register 'void_compute_pool_buffer_2d_array_const_ap_shift_reg_n_filt_stream_kernel_7' is power-on initialization.
WARNING: [RTGEN 206-101] Register 'void_compute_pool_buffer_2d_array_const_ap_shift_reg_n_filt_stream_kernel_1' is power-on initialization.
WARNING: [RTGEN 206-101] Register 'p_ZZN4nnet22compute_pool_buffer_2dINS_5arrayI8ap_fixedILi22ELi12EL9ap_q_mode4EL9a_9' is power-on initialization.
WARNING: [RTGEN 206-101] Register 'p_ZZN4nnet22compute_pool_buffer_2dINS_5arrayI8ap_fixedILi22ELi12EL9ap_q_mode4EL9a_3' is power-on initialization.
WARNING: [RTGEN 206-101] Register 'void_compute_pool_buffer_2d_array_const_ap_shift_reg_n_filt_stream_kernel_6' is power-on initialization.
WARNING: [RTGEN 206-101] Register 'void_compute_pool_buffer_2d_array_const_ap_shift_reg_n_filt_stream_kernel' is power-on initialization.
WARNING: [RTGEN 206-101] Register 'p_ZZN4nnet22compute_pool_buffer_2dINS_5arrayI8ap_fixedILi22ELi12EL9ap_q_mode4EL9a_8' is power-on initialization.
WARNING: [RTGEN 206-101] Register 'p_ZZN4nnet22compute_pool_buffer_2dINS_5arrayI8ap_fixedILi22ELi12EL9ap_q_mode4EL9a_2' is power-on initialization.
WARNING: [RTGEN 206-101] Register 'void_compute_pool_buffer_2d_array_const_ap_shift_reg_n_filt_stream_kernel_5' is power-on initialization.
WARNING: [RTGEN 206-101] Register 'p_ZZN4nnet22compute_pool_buffer_2dINS_5arrayI8ap_fixedILi22ELi12EL9ap_q_mode4EL9a_13' is power-on initialization.
WARNING: [RTGEN 206-101] Register 'p_ZZN4nnet22compute_pool_buffer_2dINS_5arrayI8ap_fixedILi22ELi12EL9ap_q_mode4EL9a_7' is power-on initialization.
WARNING: [RTGEN 206-101] Register 'p_ZZN4nnet22compute_pool_buffer_2dINS_5arrayI8ap_fixedILi22ELi12EL9ap_q_mode4EL9a_1' is power-on initialization.
WARNING: [RTGEN 206-101] Register 'void_compute_pool_buffer_2d_array_const_ap_shift_reg_n_filt_stream_kernel_4' is power-on initialization.
WARNING: [RTGEN 206-101] Register 'p_ZZN4nnet22compute_pool_buffer_2dINS_5arrayI8ap_fixedILi22ELi12EL9ap_q_mode4EL9a_12' is power-on initialization.
WARNING: [RTGEN 206-101] Register 'p_ZZN4nnet22compute_pool_buffer_2dINS_5arrayI8ap_fixedILi22ELi12EL9ap_q_mode4EL9a_6' is power-on initialization.
WARNING: [RTGEN 206-101] Register 'p_ZZN4nnet22compute_pool_buffer_2dINS_5arrayI8ap_fixedILi22ELi12EL9ap_q_mode4EL9a' is power-on initialization.
WARNING: [RTGEN 206-101] Register 'pX' is power-on initialization.
WARNING: [RTGEN 206-101] Register 'sX' is power-on initialization.
INFO: [HLS 200-1030] Apply Unified Pipeline Control on module 'pooling2d_cl_array_ap_fixed_6u_array_ap_fixed_22_12_4_0_0_6u_config4_s' pipeline 'ReadInputHeight_ReadInputWidth' pipeline type 'loop pipeline'
INFO: [RTGEN 206-100] Finished creating RTL model for 'pooling2d_cl_array_ap_fixed_6u_array_ap_fixed_22_12_4_0_0_6u_config4_s'.
INFO: [HLS 200-111] Finished Creating RTL model: CPU user time: 0.18 seconds. CPU system time: 0 seconds. Elapsed time: 0.18 seconds; current allocated memory: 1.563 GB.
INFO: [HLS 200-10] ----------------------------------------------------------------
INFO: [HLS 200-10] -- Generating RTL for module 'shift_line_buffer_array_ap_fixed_22_12_4_0_0_6u_config5_s' 
INFO: [HLS 200-10] ----------------------------------------------------------------
INFO: [SYN 201-210] Renamed object name 'shift_line_buffer_array_ap_fixed_22_12_4_0_0_6u_config5_s_p_ZZN4nnet26conv_2d_buffer_resource_clINS_5arrayI8ap_fixedILi22ELi12EL9ap_q_mode4_23_SHIFTREG_AUTO_0R0W' to 'shift_line_buffer_array_ap_fixed_22_12_4_0_0_6u_config5_s_p_ZZN4nnet26conv_2dmb6' due to the length limit 80
INFO: [SYN 201-210] Renamed object name 'shift_line_buffer_array_ap_fixed_22_12_4_0_0_6u_config5_s_p_ZZN4nnet26conv_2d_buffer_resource_clINS_5arrayI8ap_fixedILi22ELi12EL9ap_q_mode4_17_SHIFTREG_AUTO_0R0W' to 'shift_line_buffer_array_ap_fixed_22_12_4_0_0_6u_config5_s_p_ZZN4nnet26conv_2dncg' due to the length limit 80
INFO: [SYN 201-210] Renamed object name 'shift_line_buffer_array_ap_fixed_22_12_4_0_0_6u_config5_s_p_ZZN4nnet26conv_2d_buffer_resource_clINS_5arrayI8ap_fixedILi22ELi12EL9ap_q_mode4_11_SHIFTREG_AUTO_0R0W' to 'shift_line_buffer_array_ap_fixed_22_12_4_0_0_6u_config5_s_p_ZZN4nnet26conv_2docq' due to the length limit 80
INFO: [SYN 201-210] Renamed object name 'shift_line_buffer_array_ap_fixed_22_12_4_0_0_6u_config5_s_p_ZZN4nnet26conv_2d_buffer_resource_clINS_5arrayI8ap_fixedILi22ELi12EL9ap_q_mode4_5_SHIFTREG_AUTO_0R0W' to 'shift_line_buffer_array_ap_fixed_22_12_4_0_0_6u_config5_s_p_ZZN4nnet26conv_2dpcA' due to the length limit 80
INFO: [SYN 201-210] Renamed object name 'shift_line_buffer_array_ap_fixed_22_12_4_0_0_6u_config5_s_p_ZZN4nnet26conv_2d_buffer_resource_clINS_5arrayI8ap_fixedILi22ELi12EL9ap_q_mode4_22_SHIFTREG_AUTO_0R0W' to 'shift_line_buffer_array_ap_fixed_22_12_4_0_0_6u_config5_s_p_ZZN4nnet26conv_2dqcK' due to the length limit 80
INFO: [SYN 201-210] Renamed object name 'shift_line_buffer_array_ap_fixed_22_12_4_0_0_6u_config5_s_p_ZZN4nnet26conv_2d_buffer_resource_clINS_5arrayI8ap_fixedILi22ELi12EL9ap_q_mode4_16_SHIFTREG_AUTO_0R0W' to 'shift_line_buffer_array_ap_fixed_22_12_4_0_0_6u_config5_s_p_ZZN4nnet26conv_2drcU' due to the length limit 80
INFO: [SYN 201-210] Renamed object name 'shift_line_buffer_array_ap_fixed_22_12_4_0_0_6u_config5_s_p_ZZN4nnet26conv_2d_buffer_resource_clINS_5arrayI8ap_fixedILi22ELi12EL9ap_q_mode4_10_SHIFTREG_AUTO_0R0W' to 'shift_line_buffer_array_ap_fixed_22_12_4_0_0_6u_config5_s_p_ZZN4nnet26conv_2dsc4' due to the length limit 80
INFO: [SYN 201-210] Renamed object name 'shift_line_buffer_array_ap_fixed_22_12_4_0_0_6u_config5_s_p_ZZN4nnet26conv_2d_buffer_resource_clINS_5arrayI8ap_fixedILi22ELi12EL9ap_q_mode4_4_SHIFTREG_AUTO_0R0W' to 'shift_line_buffer_array_ap_fixed_22_12_4_0_0_6u_config5_s_p_ZZN4nnet26conv_2dtde' due to the length limit 80
INFO: [SYN 201-210] Renamed object name 'shift_line_buffer_array_ap_fixed_22_12_4_0_0_6u_config5_s_p_ZZN4nnet26conv_2d_buffer_resource_clINS_5arrayI8ap_fixedILi22ELi12EL9ap_q_mode4_21_SHIFTREG_AUTO_0R0W' to 'shift_line_buffer_array_ap_fixed_22_12_4_0_0_6u_config5_s_p_ZZN4nnet26conv_2dudo' due to the length limit 80
INFO: [SYN 201-210] Renamed object name 'shift_line_buffer_array_ap_fixed_22_12_4_0_0_6u_config5_s_p_ZZN4nnet26conv_2d_buffer_resource_clINS_5arrayI8ap_fixedILi22ELi12EL9ap_q_mode4_15_SHIFTREG_AUTO_0R0W' to 'shift_line_buffer_array_ap_fixed_22_12_4_0_0_6u_config5_s_p_ZZN4nnet26conv_2dvdy' due to the length limit 80
INFO: [SYN 201-210] Renamed object name 'shift_line_buffer_array_ap_fixed_22_12_4_0_0_6u_config5_s_p_ZZN4nnet26conv_2d_buffer_resource_clINS_5arrayI8ap_fixedILi22ELi12EL9ap_q_mode4_9_SHIFTREG_AUTO_0R0W' to 'shift_line_buffer_array_ap_fixed_22_12_4_0_0_6u_config5_s_p_ZZN4nnet26conv_2dwdI' due to the length limit 80
INFO: [SYN 201-210] Renamed object name 'shift_line_buffer_array_ap_fixed_22_12_4_0_0_6u_config5_s_p_ZZN4nnet26conv_2d_buffer_resource_clINS_5arrayI8ap_fixedILi22ELi12EL9ap_q_mode4_3_SHIFTREG_AUTO_0R0W' to 'shift_line_buffer_array_ap_fixed_22_12_4_0_0_6u_config5_s_p_ZZN4nnet26conv_2dxdS' due to the length limit 80
INFO: [SYN 201-210] Renamed object name 'shift_line_buffer_array_ap_fixed_22_12_4_0_0_6u_config5_s_p_ZZN4nnet26conv_2d_buffer_resource_clINS_5arrayI8ap_fixedILi22ELi12EL9ap_q_mode4_20_SHIFTREG_AUTO_0R0W' to 'shift_line_buffer_array_ap_fixed_22_12_4_0_0_6u_config5_s_p_ZZN4nnet26conv_2dyd2' due to the length limit 80
INFO: [SYN 201-210] Renamed object name 'shift_line_buffer_array_ap_fixed_22_12_4_0_0_6u_config5_s_p_ZZN4nnet26conv_2d_buffer_resource_clINS_5arrayI8ap_fixedILi22ELi12EL9ap_q_mode4_14_SHIFTREG_AUTO_0R0W' to 'shift_line_buffer_array_ap_fixed_22_12_4_0_0_6u_config5_s_p_ZZN4nnet26conv_2dzec' due to the length limit 80
INFO: [SYN 201-210] Renamed object name 'shift_line_buffer_array_ap_fixed_22_12_4_0_0_6u_config5_s_p_ZZN4nnet26conv_2d_buffer_resource_clINS_5arrayI8ap_fixedILi22ELi12EL9ap_q_mode4_8_SHIFTREG_AUTO_0R0W' to 'shift_line_buffer_array_ap_fixed_22_12_4_0_0_6u_config5_s_p_ZZN4nnet26conv_2dAem' due to the length limit 80
INFO: [SYN 201-210] Renamed object name 'shift_line_buffer_array_ap_fixed_22_12_4_0_0_6u_config5_s_p_ZZN4nnet26conv_2d_buffer_resource_clINS_5arrayI8ap_fixedILi22ELi12EL9ap_q_mode4_2_SHIFTREG_AUTO_0R0W' to 'shift_line_buffer_array_ap_fixed_22_12_4_0_0_6u_config5_s_p_ZZN4nnet26conv_2dBew' due to the length limit 80
INFO: [SYN 201-210] Renamed object name 'shift_line_buffer_array_ap_fixed_22_12_4_0_0_6u_config5_s_p_ZZN4nnet26conv_2d_buffer_resource_clINS_5arrayI8ap_fixedILi22ELi12EL9ap_q_mode4_19_SHIFTREG_AUTO_0R0W' to 'shift_line_buffer_array_ap_fixed_22_12_4_0_0_6u_config5_s_p_ZZN4nnet26conv_2dCeG' due to the length limit 80
INFO: [SYN 201-210] Renamed object name 'shift_line_buffer_array_ap_fixed_22_12_4_0_0_6u_config5_s_p_ZZN4nnet26conv_2d_buffer_resource_clINS_5arrayI8ap_fixedILi22ELi12EL9ap_q_mode4_13_SHIFTREG_AUTO_0R0W' to 'shift_line_buffer_array_ap_fixed_22_12_4_0_0_6u_config5_s_p_ZZN4nnet26conv_2dDeQ' due to the length limit 80
INFO: [SYN 201-210] Renamed object name 'shift_line_buffer_array_ap_fixed_22_12_4_0_0_6u_config5_s_p_ZZN4nnet26conv_2d_buffer_resource_clINS_5arrayI8ap_fixedILi22ELi12EL9ap_q_mode4_7_SHIFTREG_AUTO_0R0W' to 'shift_line_buffer_array_ap_fixed_22_12_4_0_0_6u_config5_s_p_ZZN4nnet26conv_2dEe0' due to the length limit 80
INFO: [SYN 201-210] Renamed object name 'shift_line_buffer_array_ap_fixed_22_12_4_0_0_6u_config5_s_p_ZZN4nnet26conv_2d_buffer_resource_clINS_5arrayI8ap_fixedILi22ELi12EL9ap_q_mode4_1_SHIFTREG_AUTO_0R0W' to 'shift_line_buffer_array_ap_fixed_22_12_4_0_0_6u_config5_s_p_ZZN4nnet26conv_2dFfa' due to the length limit 80
INFO: [SYN 201-210] Renamed object name 'shift_line_buffer_array_ap_fixed_22_12_4_0_0_6u_config5_s_p_ZZN4nnet26conv_2d_buffer_resource_clINS_5arrayI8ap_fixedILi22ELi12EL9ap_q_mode4_18_SHIFTREG_AUTO_0R0W' to 'shift_line_buffer_array_ap_fixed_22_12_4_0_0_6u_config5_s_p_ZZN4nnet26conv_2dGfk' due to the length limit 80
INFO: [SYN 201-210] Renamed object name 'shift_line_buffer_array_ap_fixed_22_12_4_0_0_6u_config5_s_p_ZZN4nnet26conv_2d_buffer_resource_clINS_5arrayI8ap_fixedILi22ELi12EL9ap_q_mode4_12_SHIFTREG_AUTO_0R0W' to 'shift_line_buffer_array_ap_fixed_22_12_4_0_0_6u_config5_s_p_ZZN4nnet26conv_2dHfu' due to the length limit 80
INFO: [SYN 201-210] Renamed object name 'shift_line_buffer_array_ap_fixed_22_12_4_0_0_6u_config5_s_p_ZZN4nnet26conv_2d_buffer_resource_clINS_5arrayI8ap_fixedILi22ELi12EL9ap_q_mode4_6_SHIFTREG_AUTO_0R0W' to 'shift_line_buffer_array_ap_fixed_22_12_4_0_0_6u_config5_s_p_ZZN4nnet26conv_2dIfE' due to the length limit 80
INFO: [SYN 201-210] Renamed object name 'shift_line_buffer_array_ap_fixed_22_12_4_0_0_6u_config5_s_p_ZZN4nnet26conv_2d_buffer_resource_clINS_5arrayI8ap_fixedILi22ELi12EL9ap_q_mode4_SHIFTREG_AUTO_0R0W' to 'shift_line_buffer_array_ap_fixed_22_12_4_0_0_6u_config5_s_p_ZZN4nnet26conv_2dJfO' due to the length limit 80
INFO: [RTGEN 206-100] Finished creating RTL model for 'shift_line_buffer_array_ap_fixed_22_12_4_0_0_6u_config5_s'.
INFO: [HLS 200-111] Finished Creating RTL model: CPU user time: 0.14 seconds. CPU system time: 0 seconds. Elapsed time: 0.14 seconds; current allocated memory: 1.563 GB.
INFO: [HLS 200-10] ----------------------------------------------------------------
INFO: [HLS 200-10] -- Generating RTL for module 'dense_resource_rf_leq_nin_ap_fixed_ap_fixed_22_12_4_0_0_config5_mult_s' 
INFO: [HLS 200-10] ----------------------------------------------------------------
INFO: [SYN 201-210] Renamed object name 'dense_resource_rf_leq_nin_ap_fixed_ap_fixed_22_12_4_0_0_config5_mult_s_w5_ROM_NP_BRAM_1R' to 'dense_resource_rf_leq_nin_ap_fixed_ap_fixed_22_12_4_0_0_config5_mult_s_w5_ROMKfY' due to the length limit 80
INFO: [RTGEN 206-104] Estimated max fanout for 'dense_resource_rf_leq_nin_ap_fixed_ap_fixed_22_12_4_0_0_config5_mult_s' is 6600 from HDL expression: (do_init_reg_715 == 1'd0)
INFO: [RTGEN 206-100] Generating core module 'mul_22s_10s_32_1_1': 1 instance(s).
INFO: [RTGEN 206-100] Generating core module 'mul_22s_22s_44_1_1': 47 instance(s).
INFO: [RTGEN 206-100] Generating core module 'sparsemux_101_6_22_1_1': 3 instance(s).
INFO: [RTGEN 206-100] Finished creating RTL model for 'dense_resource_rf_leq_nin_ap_fixed_ap_fixed_22_12_4_0_0_config5_mult_s'.
INFO: [RTMG 210-279] Implementing memory 'lenet_mnist_cap64_hls_dense_resource_rf_leq_nin_ap_fixed_ap_fixed_22_12_4_0_0_config5_mult_s_w5_ROMKfY' using block ROMs.
INFO: [HLS 200-111] Finished Creating RTL model: CPU user time: 0.39 seconds. CPU system time: 0.01 seconds. Elapsed time: 0.39 seconds; current allocated memory: 1.563 GB.
INFO: [HLS 200-10] ----------------------------------------------------------------
INFO: [HLS 200-10] -- Generating RTL for module 'compute_output_buffer_2d_array_array_ap_fixed_22_12_4_0_0_16u_config5_s' 
INFO: [HLS 200-10] ----------------------------------------------------------------
WARNING: [RTGEN 206-101] Register 'void_compute_output_buffer_2d_array_const_ap_shift_reg_n_chan_stream_weig_3' is power-on initialization.
WARNING: [RTGEN 206-101] Register 'void_compute_output_buffer_2d_array_const_ap_shift_reg_n_chan_stream_weig_9' is power-on initialization.
WARNING: [RTGEN 206-101] Register 'void_compute_output_buffer_2d_array_const_ap_shift_reg_n_chan_stream_weig_2' is power-on initialization.
WARNING: [RTGEN 206-101] Register 'void_compute_output_buffer_2d_array_const_ap_shift_reg_n_chan_stream_weig_8' is power-on initialization.
WARNING: [RTGEN 206-101] Register 'void_compute_output_buffer_2d_array_const_ap_shift_reg_n_chan_stream_weig_1' is power-on initialization.
WARNING: [RTGEN 206-101] Register 'void_compute_output_buffer_2d_array_const_ap_shift_reg_n_chan_stream_weig_7' is power-on initialization.
WARNING: [RTGEN 206-101] Register 'void_compute_output_buffer_2d_array_const_ap_shift_reg_n_chan_stream_weig' is power-on initialization.
WARNING: [RTGEN 206-101] Register 'void_compute_output_buffer_2d_array_const_ap_shift_reg_n_chan_stream_weig_6' is power-on initialization.
WARNING: [RTGEN 206-101] Register 'p_ZZN4nnet24compute_output_buffer_2dINS_5arrayI8ap_fixedILi22ELi12EL9ap_q_mode4EL_169' is power-on initialization.
WARNING: [RTGEN 206-101] Register 'void_compute_output_buffer_2d_array_const_ap_shift_reg_n_chan_stream_weig_5' is power-on initialization.
WARNING: [RTGEN 206-101] Register 'p_ZZN4nnet24compute_output_buffer_2dINS_5arrayI8ap_fixedILi22ELi12EL9ap_q_mode4EL_180' is power-on initialization.
WARNING: [RTGEN 206-101] Register 'void_compute_output_buffer_2d_array_const_ap_shift_reg_n_chan_stream_weig_4' is power-on initialization.
WARNING: [RTGEN 206-101] Register 'p_ZZN4nnet24compute_output_buffer_2dINS_5arrayI8ap_fixedILi22ELi12EL9ap_q_mode4EL_63' is power-on initialization.
WARNING: [RTGEN 206-101] Register 'p_ZZN4nnet24compute_output_buffer_2dINS_5arrayI8ap_fixedILi22ELi12EL9ap_q_mode4EL_69' is power-on initialization.
WARNING: [RTGEN 206-101] Register 'p_ZZN4nnet24compute_output_buffer_2dINS_5arrayI8ap_fixedILi22ELi12EL9ap_q_mode4EL_62' is power-on initialization.
WARNING: [RTGEN 206-101] Register 'p_ZZN4nnet24compute_output_buffer_2dINS_5arrayI8ap_fixedILi22ELi12EL9ap_q_mode4EL_68' is power-on initialization.
WARNING: [RTGEN 206-101] Register 'p_ZZN4nnet24compute_output_buffer_2dINS_5arrayI8ap_fixedILi22ELi12EL9ap_q_mode4EL_61' is power-on initialization.
WARNING: [RTGEN 206-101] Register 'p_ZZN4nnet24compute_output_buffer_2dINS_5arrayI8ap_fixedILi22ELi12EL9ap_q_mode4EL_67' is power-on initialization.
WARNING: [RTGEN 206-101] Register 'p_ZZN4nnet24compute_output_buffer_2dINS_5arrayI8ap_fixedILi22ELi12EL9ap_q_mode4EL_60' is power-on initialization.
WARNING: [RTGEN 206-101] Register 'p_ZZN4nnet24compute_output_buffer_2dINS_5arrayI8ap_fixedILi22ELi12EL9ap_q_mode4EL_66' is power-on initialization.
WARNING: [RTGEN 206-101] Register 'p_ZZN4nnet24compute_output_buffer_2dINS_5arrayI8ap_fixedILi22ELi12EL9ap_q_mode4EL_59' is power-on initialization.
WARNING: [RTGEN 206-101] Register 'p_ZZN4nnet24compute_output_buffer_2dINS_5arrayI8ap_fixedILi22ELi12EL9ap_q_mode4EL_65' is power-on initialization.
WARNING: [RTGEN 206-101] Register 'p_ZZN4nnet24compute_output_buffer_2dINS_5arrayI8ap_fixedILi22ELi12EL9ap_q_mode4EL_58' is power-on initialization.
WARNING: [RTGEN 206-101] Register 'p_ZZN4nnet24compute_output_buffer_2dINS_5arrayI8ap_fixedILi22ELi12EL9ap_q_mode4EL_64' is power-on initialization.
WARNING: [RTGEN 206-101] Register 'p_ZZN4nnet24compute_output_buffer_2dINS_5arrayI8ap_fixedILi22ELi12EL9ap_q_mode4EL_33' is power-on initialization.
WARNING: [RTGEN 206-101] Register 'p_ZZN4nnet24compute_output_buffer_2dINS_5arrayI8ap_fixedILi22ELi12EL9ap_q_mode4EL_39' is power-on initialization.
WARNING: [RTGEN 206-101] Register 'p_ZZN4nnet24compute_output_buffer_2dINS_5arrayI8ap_fixedILi22ELi12EL9ap_q_mode4EL_32' is power-on initialization.
WARNING: [RTGEN 206-101] Register 'p_ZZN4nnet24compute_output_buffer_2dINS_5arrayI8ap_fixedILi22ELi12EL9ap_q_mode4EL_38' is power-on initialization.
WARNING: [RTGEN 206-101] Register 'p_ZZN4nnet24compute_output_buffer_2dINS_5arrayI8ap_fixedILi22ELi12EL9ap_q_mode4EL_31' is power-on initialization.
WARNING: [RTGEN 206-101] Register 'p_ZZN4nnet24compute_output_buffer_2dINS_5arrayI8ap_fixedILi22ELi12EL9ap_q_mode4EL_37' is power-on initialization.
WARNING: [RTGEN 206-101] Register 'p_ZZN4nnet24compute_output_buffer_2dINS_5arrayI8ap_fixedILi22ELi12EL9ap_q_mode4EL_30' is power-on initialization.
WARNING: [RTGEN 206-101] Register 'p_ZZN4nnet24compute_output_buffer_2dINS_5arrayI8ap_fixedILi22ELi12EL9ap_q_mode4EL_36' is power-on initialization.
WARNING: [RTGEN 206-101] Register 'p_ZZN4nnet24compute_output_buffer_2dINS_5arrayI8ap_fixedILi22ELi12EL9ap_q_mode4EL_29' is power-on initialization.
WARNING: [RTGEN 206-101] Register 'p_ZZN4nnet24compute_output_buffer_2dINS_5arrayI8ap_fixedILi22ELi12EL9ap_q_mode4EL_35' is power-on initialization.
WARNING: [RTGEN 206-101] Register 'p_ZZN4nnet24compute_output_buffer_2dINS_5arrayI8ap_fixedILi22ELi12EL9ap_q_mode4EL_28' is power-on initialization.
WARNING: [RTGEN 206-101] Register 'p_ZZN4nnet24compute_output_buffer_2dINS_5arrayI8ap_fixedILi22ELi12EL9ap_q_mode4EL_34' is power-on initialization.
WARNING: [RTGEN 206-101] Register 'p_ZZN4nnet24compute_output_buffer_2dINS_5arrayI8ap_fixedILi22ELi12EL9ap_q_mode4EL_3' is power-on initialization.
WARNING: [RTGEN 206-101] Register 'p_ZZN4nnet24compute_output_buffer_2dINS_5arrayI8ap_fixedILi22ELi12EL9ap_q_mode4EL_9' is power-on initialization.
WARNING: [RTGEN 206-101] Register 'p_ZZN4nnet24compute_output_buffer_2dINS_5arrayI8ap_fixedILi22ELi12EL9ap_q_mode4EL_2' is power-on initialization.
WARNING: [RTGEN 206-101] Register 'p_ZZN4nnet24compute_output_buffer_2dINS_5arrayI8ap_fixedILi22ELi12EL9ap_q_mode4EL_8' is power-on initialization.
WARNING: [RTGEN 206-101] Register 'p_ZZN4nnet24compute_output_buffer_2dINS_5arrayI8ap_fixedILi22ELi12EL9ap_q_mode4EL_1' is power-on initialization.
WARNING: [RTGEN 206-101] Register 'p_ZZN4nnet24compute_output_buffer_2dINS_5arrayI8ap_fixedILi22ELi12EL9ap_q_mode4EL_7' is power-on initialization.
WARNING: [RTGEN 206-101] Register 'p_ZZN4nnet24compute_output_buffer_2dINS_5arrayI8ap_fixedILi22ELi12EL9ap_q_mode4EL' is power-on initialization.
WARNING: [RTGEN 206-101] Register 'p_ZZN4nnet24compute_output_buffer_2dINS_5arrayI8ap_fixedILi22ELi12EL9ap_q_mode4EL_6' is power-on initialization.
WARNING: [RTGEN 206-101] Register 'p_ZZN4nnet24compute_output_buffer_2dINS_5arrayI8ap_fixedILi22ELi12EL9ap_q_mode4EL_170' is power-on initialization.
WARNING: [RTGEN 206-101] Register 'p_ZZN4nnet24compute_output_buffer_2dINS_5arrayI8ap_fixedILi22ELi12EL9ap_q_mode4EL_5' is power-on initialization.
WARNING: [RTGEN 206-101] Register 'p_ZZN4nnet24compute_output_buffer_2dINS_5arrayI8ap_fixedILi22ELi12EL9ap_q_mode4EL_171' is power-on initialization.
WARNING: [RTGEN 206-101] Register 'p_ZZN4nnet24compute_output_buffer_2dINS_5arrayI8ap_fixedILi22ELi12EL9ap_q_mode4EL_4' is power-on initialization.
WARNING: [RTGEN 206-101] Register 'p_ZZN4nnet24compute_output_buffer_2dINS_5arrayI8ap_fixedILi22ELi12EL9ap_q_mode4EL_198' is power-on initialization.
WARNING: [RTGEN 206-101] Register 'p_ZZN4nnet24compute_output_buffer_2dINS_5arrayI8ap_fixedILi22ELi12EL9ap_q_mode4EL_192' is power-on initialization.
WARNING: [RTGEN 206-101] Register 'p_ZZN4nnet24compute_output_buffer_2dINS_5arrayI8ap_fixedILi22ELi12EL9ap_q_mode4EL_199' is power-on initialization.
WARNING: [RTGEN 206-101] Register 'p_ZZN4nnet24compute_output_buffer_2dINS_5arrayI8ap_fixedILi22ELi12EL9ap_q_mode4EL_193' is power-on initialization.
WARNING: [RTGEN 206-101] Register 'p_ZZN4nnet24compute_output_buffer_2dINS_5arrayI8ap_fixedILi22ELi12EL9ap_q_mode4EL_200' is power-on initialization.
WARNING: [RTGEN 206-101] Register 'p_ZZN4nnet24compute_output_buffer_2dINS_5arrayI8ap_fixedILi22ELi12EL9ap_q_mode4EL_194' is power-on initialization.
WARNING: [RTGEN 206-101] Register 'p_ZZN4nnet24compute_output_buffer_2dINS_5arrayI8ap_fixedILi22ELi12EL9ap_q_mode4EL_201' is power-on initialization.
WARNING: [RTGEN 206-101] Register 'p_ZZN4nnet24compute_output_buffer_2dINS_5arrayI8ap_fixedILi22ELi12EL9ap_q_mode4EL_195' is power-on initialization.
WARNING: [RTGEN 206-101] Register 'p_ZZN4nnet24compute_output_buffer_2dINS_5arrayI8ap_fixedILi22ELi12EL9ap_q_mode4EL_203' is power-on initialization.
WARNING: [RTGEN 206-101] Register 'p_ZZN4nnet24compute_output_buffer_2dINS_5arrayI8ap_fixedILi22ELi12EL9ap_q_mode4EL_196' is power-on initialization.
WARNING: [RTGEN 206-101] Register 'p_ZZN4nnet24compute_output_buffer_2dINS_5arrayI8ap_fixedILi22ELi12EL9ap_q_mode4EL_204' is power-on initialization.
WARNING: [RTGEN 206-101] Register 'p_ZZN4nnet24compute_output_buffer_2dINS_5arrayI8ap_fixedILi22ELi12EL9ap_q_mode4EL_197' is power-on initialization.
WARNING: [RTGEN 206-101] Register 'p_ZZN4nnet24compute_output_buffer_2dINS_5arrayI8ap_fixedILi22ELi12EL9ap_q_mode4EL_191' is power-on initialization.
WARNING: [RTGEN 206-101] Register 'p_ZZN4nnet24compute_output_buffer_2dINS_5arrayI8ap_fixedILi22ELi12EL9ap_q_mode4EL_202' is power-on initialization.
WARNING: [RTGEN 206-101] Register 'p_ZZN4nnet24compute_output_buffer_2dINS_5arrayI8ap_fixedILi22ELi12EL9ap_q_mode4EL_95' is power-on initialization.
WARNING: [RTGEN 206-101] Register 'p_ZZN4nnet24compute_output_buffer_2dINS_5arrayI8ap_fixedILi22ELi12EL9ap_q_mode4EL_84' is power-on initialization.
WARNING: [RTGEN 206-101] Register 'p_ZZN4nnet24compute_output_buffer_2dINS_5arrayI8ap_fixedILi22ELi12EL9ap_q_mode4EL_83' is power-on initialization.
WARNING: [RTGEN 206-101] Register 'p_ZZN4nnet24compute_output_buffer_2dINS_5arrayI8ap_fixedILi22ELi12EL9ap_q_mode4EL_82' is power-on initialization.
WARNING: [RTGEN 206-101] Register 'p_ZZN4nnet24compute_output_buffer_2dINS_5arrayI8ap_fixedILi22ELi12EL9ap_q_mode4EL_57' is power-on initialization.
WARNING: [RTGEN 206-101] Register 'p_ZZN4nnet24compute_output_buffer_2dINS_5arrayI8ap_fixedILi22ELi12EL9ap_q_mode4EL_56' is power-on initialization.
WARNING: [RTGEN 206-101] Register 'p_ZZN4nnet24compute_output_buffer_2dINS_5arrayI8ap_fixedILi22ELi12EL9ap_q_mode4EL_55' is power-on initialization.
WARNING: [RTGEN 206-101] Register 'p_ZZN4nnet24compute_output_buffer_2dINS_5arrayI8ap_fixedILi22ELi12EL9ap_q_mode4EL_54' is power-on initialization.
WARNING: [RTGEN 206-101] Register 'p_ZZN4nnet24compute_output_buffer_2dINS_5arrayI8ap_fixedILi22ELi12EL9ap_q_mode4EL_53' is power-on initialization.
WARNING: [RTGEN 206-101] Register 'p_ZZN4nnet24compute_output_buffer_2dINS_5arrayI8ap_fixedILi22ELi12EL9ap_q_mode4EL_52' is power-on initialization.
WARNING: [RTGEN 206-101] Register 'p_ZZN4nnet24compute_output_buffer_2dINS_5arrayI8ap_fixedILi22ELi12EL9ap_q_mode4EL_27' is power-on initialization.
WARNING: [RTGEN 206-101] Register 'p_ZZN4nnet24compute_output_buffer_2dINS_5arrayI8ap_fixedILi22ELi12EL9ap_q_mode4EL_26' is power-on initialization.
WARNING: [RTGEN 206-101] Register 'p_ZZN4nnet24compute_output_buffer_2dINS_5arrayI8ap_fixedILi22ELi12EL9ap_q_mode4EL_25' is power-on initialization.
WARNING: [RTGEN 206-101] Register 'p_ZZN4nnet24compute_output_buffer_2dINS_5arrayI8ap_fixedILi22ELi12EL9ap_q_mode4EL_24' is power-on initialization.
WARNING: [RTGEN 206-101] Register 'p_ZZN4nnet24compute_output_buffer_2dINS_5arrayI8ap_fixedILi22ELi12EL9ap_q_mode4EL_23' is power-on initialization.
WARNING: [RTGEN 206-101] Register 'p_ZZN4nnet24compute_output_buffer_2dINS_5arrayI8ap_fixedILi22ELi12EL9ap_q_mode4EL_22' is power-on initialization.
WARNING: [RTGEN 206-101] Register 'p_ZZN4nnet24compute_output_buffer_2dINS_5arrayI8ap_fixedILi22ELi12EL9ap_q_mode4EL_172' is power-on initialization.
WARNING: [RTGEN 206-101] Register 'p_ZZN4nnet24compute_output_buffer_2dINS_5arrayI8ap_fixedILi22ELi12EL9ap_q_mode4EL_173' is power-on initialization.
WARNING: [RTGEN 206-101] Register 'p_ZZN4nnet24compute_output_buffer_2dINS_5arrayI8ap_fixedILi22ELi12EL9ap_q_mode4EL_174' is power-on initialization.
WARNING: [RTGEN 206-101] Register 'p_ZZN4nnet24compute_output_buffer_2dINS_5arrayI8ap_fixedILi22ELi12EL9ap_q_mode4EL_175' is power-on initialization.
WARNING: [RTGEN 206-101] Register 'p_ZZN4nnet24compute_output_buffer_2dINS_5arrayI8ap_fixedILi22ELi12EL9ap_q_mode4EL_176' is power-on initialization.
WARNING: [RTGEN 206-101] Register 'p_ZZN4nnet24compute_output_buffer_2dINS_5arrayI8ap_fixedILi22ELi12EL9ap_q_mode4EL_177' is power-on initialization.
WARNING: [RTGEN 206-101] Register 'p_ZZN4nnet24compute_output_buffer_2dINS_5arrayI8ap_fixedILi22ELi12EL9ap_q_mode4EL_205' is power-on initialization.
WARNING: [RTGEN 206-101] Register 'p_ZZN4nnet24compute_output_buffer_2dINS_5arrayI8ap_fixedILi22ELi12EL9ap_q_mode4EL_206' is power-on initialization.
WARNING: [RTGEN 206-101] Register 'p_ZZN4nnet24compute_output_buffer_2dINS_5arrayI8ap_fixedILi22ELi12EL9ap_q_mode4EL_207' is power-on initialization.
WARNING: [RTGEN 206-101] Register 'p_ZZN4nnet24compute_output_buffer_2dINS_5arrayI8ap_fixedILi22ELi12EL9ap_q_mode4EL_208' is power-on initialization.
WARNING: [RTGEN 206-101] Register 'p_ZZN4nnet24compute_output_buffer_2dINS_5arrayI8ap_fixedILi22ELi12EL9ap_q_mode4EL_99' is power-on initialization.
WARNING: [RTGEN 206-101] Register 'p_ZZN4nnet24compute_output_buffer_2dINS_5arrayI8ap_fixedILi22ELi12EL9ap_q_mode4EL_98' is power-on initialization.
WARNING: [RTGEN 206-101] Register 'p_ZZN4nnet24compute_output_buffer_2dINS_5arrayI8ap_fixedILi22ELi12EL9ap_q_mode4EL_81' is power-on initialization.
WARNING: [RTGEN 206-101] Register 'p_ZZN4nnet24compute_output_buffer_2dINS_5arrayI8ap_fixedILi22ELi12EL9ap_q_mode4EL_80' is power-on initialization.
WARNING: [RTGEN 206-101] Register 'p_ZZN4nnet24compute_output_buffer_2dINS_5arrayI8ap_fixedILi22ELi12EL9ap_q_mode4EL_79' is power-on initialization.
WARNING: [RTGEN 206-101] Register 'p_ZZN4nnet24compute_output_buffer_2dINS_5arrayI8ap_fixedILi22ELi12EL9ap_q_mode4EL_78' is power-on initialization.
WARNING: [RTGEN 206-101] Register 'p_ZZN4nnet24compute_output_buffer_2dINS_5arrayI8ap_fixedILi22ELi12EL9ap_q_mode4EL_77' is power-on initialization.
WARNING: [RTGEN 206-101] Register 'p_ZZN4nnet24compute_output_buffer_2dINS_5arrayI8ap_fixedILi22ELi12EL9ap_q_mode4EL_76' is power-on initialization.
WARNING: [RTGEN 206-101] Register 'p_ZZN4nnet24compute_output_buffer_2dINS_5arrayI8ap_fixedILi22ELi12EL9ap_q_mode4EL_51' is power-on initialization.
WARNING: [RTGEN 206-101] Register 'p_ZZN4nnet24compute_output_buffer_2dINS_5arrayI8ap_fixedILi22ELi12EL9ap_q_mode4EL_50' is power-on initialization.
WARNING: [RTGEN 206-101] Register 'p_ZZN4nnet24compute_output_buffer_2dINS_5arrayI8ap_fixedILi22ELi12EL9ap_q_mode4EL_49' is power-on initialization.
WARNING: [RTGEN 206-101] Register 'p_ZZN4nnet24compute_output_buffer_2dINS_5arrayI8ap_fixedILi22ELi12EL9ap_q_mode4EL_48' is power-on initialization.
WARNING: [RTGEN 206-101] Register 'p_ZZN4nnet24compute_output_buffer_2dINS_5arrayI8ap_fixedILi22ELi12EL9ap_q_mode4EL_47' is power-on initialization.
WARNING: [RTGEN 206-101] Register 'p_ZZN4nnet24compute_output_buffer_2dINS_5arrayI8ap_fixedILi22ELi12EL9ap_q_mode4EL_46' is power-on initialization.
WARNING: [RTGEN 206-101] Register 'p_ZZN4nnet24compute_output_buffer_2dINS_5arrayI8ap_fixedILi22ELi12EL9ap_q_mode4EL_21' is power-on initialization.
WARNING: [RTGEN 206-101] Register 'p_ZZN4nnet24compute_output_buffer_2dINS_5arrayI8ap_fixedILi22ELi12EL9ap_q_mode4EL_20' is power-on initialization.
WARNING: [RTGEN 206-101] Register 'p_ZZN4nnet24compute_output_buffer_2dINS_5arrayI8ap_fixedILi22ELi12EL9ap_q_mode4EL_19' is power-on initialization.
WARNING: [RTGEN 206-101] Register 'p_ZZN4nnet24compute_output_buffer_2dINS_5arrayI8ap_fixedILi22ELi12EL9ap_q_mode4EL_18' is power-on initialization.
WARNING: [RTGEN 206-101] Register 'p_ZZN4nnet24compute_output_buffer_2dINS_5arrayI8ap_fixedILi22ELi12EL9ap_q_mode4EL_17' is power-on initialization.
WARNING: [RTGEN 206-101] Register 'p_ZZN4nnet24compute_output_buffer_2dINS_5arrayI8ap_fixedILi22ELi12EL9ap_q_mode4EL_16' is power-on initialization.
WARNING: [RTGEN 206-101] Register 'p_ZZN4nnet24compute_output_buffer_2dINS_5arrayI8ap_fixedILi22ELi12EL9ap_q_mode4EL_178' is power-on initialization.
WARNING: [RTGEN 206-101] Register 'p_ZZN4nnet24compute_output_buffer_2dINS_5arrayI8ap_fixedILi22ELi12EL9ap_q_mode4EL_179' is power-on initialization.
WARNING: [RTGEN 206-101] Register 'p_ZZN4nnet24compute_output_buffer_2dINS_5arrayI8ap_fixedILi22ELi12EL9ap_q_mode4EL_181' is power-on initialization.
WARNING: [RTGEN 206-101] Register 'p_ZZN4nnet24compute_output_buffer_2dINS_5arrayI8ap_fixedILi22ELi12EL9ap_q_mode4EL_182' is power-on initialization.
WARNING: [RTGEN 206-101] Register 'p_ZZN4nnet24compute_output_buffer_2dINS_5arrayI8ap_fixedILi22ELi12EL9ap_q_mode4EL_183' is power-on initialization.
WARNING: [RTGEN 206-101] Register 'p_ZZN4nnet24compute_output_buffer_2dINS_5arrayI8ap_fixedILi22ELi12EL9ap_q_mode4EL_184' is power-on initialization.
WARNING: [RTGEN 206-101] Register 'p_ZZN4nnet24compute_output_buffer_2dINS_5arrayI8ap_fixedILi22ELi12EL9ap_q_mode4EL_97' is power-on initialization.
WARNING: [RTGEN 206-101] Register 'p_ZZN4nnet24compute_output_buffer_2dINS_5arrayI8ap_fixedILi22ELi12EL9ap_q_mode4EL_96' is power-on initialization.
WARNING: [RTGEN 206-101] Register 'p_ZZN4nnet24compute_output_buffer_2dINS_5arrayI8ap_fixedILi22ELi12EL9ap_q_mode4EL_94' is power-on initialization.
WARNING: [RTGEN 206-101] Register 'p_ZZN4nnet24compute_output_buffer_2dINS_5arrayI8ap_fixedILi22ELi12EL9ap_q_mode4EL_93' is power-on initialization.
WARNING: [RTGEN 206-101] Register 'p_ZZN4nnet24compute_output_buffer_2dINS_5arrayI8ap_fixedILi22ELi12EL9ap_q_mode4EL_92' is power-on initialization.
WARNING: [RTGEN 206-101] Register 'p_ZZN4nnet24compute_output_buffer_2dINS_5arrayI8ap_fixedILi22ELi12EL9ap_q_mode4EL_91' is power-on initialization.
WARNING: [RTGEN 206-101] Register 'p_ZZN4nnet24compute_output_buffer_2dINS_5arrayI8ap_fixedILi22ELi12EL9ap_q_mode4EL_75' is power-on initialization.
WARNING: [RTGEN 206-101] Register 'p_ZZN4nnet24compute_output_buffer_2dINS_5arrayI8ap_fixedILi22ELi12EL9ap_q_mode4EL_74' is power-on initialization.
WARNING: [RTGEN 206-101] Register 'p_ZZN4nnet24compute_output_buffer_2dINS_5arrayI8ap_fixedILi22ELi12EL9ap_q_mode4EL_73' is power-on initialization.
WARNING: [RTGEN 206-101] Register 'p_ZZN4nnet24compute_output_buffer_2dINS_5arrayI8ap_fixedILi22ELi12EL9ap_q_mode4EL_72' is power-on initialization.
WARNING: [RTGEN 206-101] Register 'p_ZZN4nnet24compute_output_buffer_2dINS_5arrayI8ap_fixedILi22ELi12EL9ap_q_mode4EL_71' is power-on initialization.
WARNING: [RTGEN 206-101] Register 'p_ZZN4nnet24compute_output_buffer_2dINS_5arrayI8ap_fixedILi22ELi12EL9ap_q_mode4EL_70' is power-on initialization.
WARNING: [RTGEN 206-101] Register 'p_ZZN4nnet24compute_output_buffer_2dINS_5arrayI8ap_fixedILi22ELi12EL9ap_q_mode4EL_45' is power-on initialization.
WARNING: [RTGEN 206-101] Register 'p_ZZN4nnet24compute_output_buffer_2dINS_5arrayI8ap_fixedILi22ELi12EL9ap_q_mode4EL_44' is power-on initialization.
WARNING: [RTGEN 206-101] Register 'p_ZZN4nnet24compute_output_buffer_2dINS_5arrayI8ap_fixedILi22ELi12EL9ap_q_mode4EL_43' is power-on initialization.
WARNING: [RTGEN 206-101] Register 'p_ZZN4nnet24compute_output_buffer_2dINS_5arrayI8ap_fixedILi22ELi12EL9ap_q_mode4EL_42' is power-on initialization.
WARNING: [RTGEN 206-101] Register 'p_ZZN4nnet24compute_output_buffer_2dINS_5arrayI8ap_fixedILi22ELi12EL9ap_q_mode4EL_41' is power-on initialization.
WARNING: [RTGEN 206-101] Register 'p_ZZN4nnet24compute_output_buffer_2dINS_5arrayI8ap_fixedILi22ELi12EL9ap_q_mode4EL_40' is power-on initialization.
WARNING: [RTGEN 206-101] Register 'p_ZZN4nnet24compute_output_buffer_2dINS_5arrayI8ap_fixedILi22ELi12EL9ap_q_mode4EL_15' is power-on initialization.
WARNING: [RTGEN 206-101] Register 'p_ZZN4nnet24compute_output_buffer_2dINS_5arrayI8ap_fixedILi22ELi12EL9ap_q_mode4EL_14' is power-on initialization.
WARNING: [RTGEN 206-101] Register 'p_ZZN4nnet24compute_output_buffer_2dINS_5arrayI8ap_fixedILi22ELi12EL9ap_q_mode4EL_13' is power-on initialization.
WARNING: [RTGEN 206-101] Register 'p_ZZN4nnet24compute_output_buffer_2dINS_5arrayI8ap_fixedILi22ELi12EL9ap_q_mode4EL_12' is power-on initialization.
WARNING: [RTGEN 206-101] Register 'p_ZZN4nnet24compute_output_buffer_2dINS_5arrayI8ap_fixedILi22ELi12EL9ap_q_mode4EL_11' is power-on initialization.
WARNING: [RTGEN 206-101] Register 'p_ZZN4nnet24compute_output_buffer_2dINS_5arrayI8ap_fixedILi22ELi12EL9ap_q_mode4EL_10' is power-on initialization.
WARNING: [RTGEN 206-101] Register 'p_ZZN4nnet24compute_output_buffer_2dINS_5arrayI8ap_fixedILi22ELi12EL9ap_q_mode4EL_185' is power-on initialization.
WARNING: [RTGEN 206-101] Register 'p_ZZN4nnet24compute_output_buffer_2dINS_5arrayI8ap_fixedILi22ELi12EL9ap_q_mode4EL_186' is power-on initialization.
WARNING: [RTGEN 206-101] Register 'p_ZZN4nnet24compute_output_buffer_2dINS_5arrayI8ap_fixedILi22ELi12EL9ap_q_mode4EL_187' is power-on initialization.
WARNING: [RTGEN 206-101] Register 'p_ZZN4nnet24compute_output_buffer_2dINS_5arrayI8ap_fixedILi22ELi12EL9ap_q_mode4EL_188' is power-on initialization.
WARNING: [RTGEN 206-101] Register 'p_ZZN4nnet24compute_output_buffer_2dINS_5arrayI8ap_fixedILi22ELi12EL9ap_q_mode4EL_189' is power-on initialization.
WARNING: [RTGEN 206-101] Register 'p_ZZN4nnet24compute_output_buffer_2dINS_5arrayI8ap_fixedILi22ELi12EL9ap_q_mode4EL_190' is power-on initialization.
WARNING: [RTGEN 206-101] Register 'p_ZZN4nnet24compute_output_buffer_2dINS_5arrayI8ap_fixedILi22ELi12EL9ap_q_mode4EL_90' is power-on initialization.
WARNING: [RTGEN 206-101] Register 'p_ZZN4nnet24compute_output_buffer_2dINS_5arrayI8ap_fixedILi22ELi12EL9ap_q_mode4EL_89' is power-on initialization.
WARNING: [RTGEN 206-101] Register 'p_ZZN4nnet24compute_output_buffer_2dINS_5arrayI8ap_fixedILi22ELi12EL9ap_q_mode4EL_88' is power-on initialization.
WARNING: [RTGEN 206-101] Register 'p_ZZN4nnet24compute_output_buffer_2dINS_5arrayI8ap_fixedILi22ELi12EL9ap_q_mode4EL_87' is power-on initialization.
WARNING: [RTGEN 206-101] Register 'p_ZZN4nnet24compute_output_buffer_2dINS_5arrayI8ap_fixedILi22ELi12EL9ap_q_mode4EL_86' is power-on initialization.
WARNING: [RTGEN 206-101] Register 'p_ZZN4nnet24compute_output_buffer_2dINS_5arrayI8ap_fixedILi22ELi12EL9ap_q_mode4EL_85' is power-on initialization.
WARNING: [RTGEN 206-101] Register 'sX_2' is power-on initialization.
WARNING: [RTGEN 206-101] Register 'sY_2' is power-on initialization.
WARNING: [RTGEN 206-101] Register 'pY_2' is power-on initialization.
WARNING: [RTGEN 206-101] Register 'pX_2' is power-on initialization.
INFO: [RTGEN 206-100] Finished creating RTL model for 'compute_output_buffer_2d_array_array_ap_fixed_22_12_4_0_0_16u_config5_s'.
INFO: [HLS 200-111] Finished Creating RTL model: CPU user time: 1.16 seconds. CPU system time: 0.02 seconds. Elapsed time: 1.18 seconds; current allocated memory: 1.563 GB.
INFO: [HLS 200-10] ----------------------------------------------------------------
INFO: [HLS 200-10] -- Generating RTL for module 'conv_2d_cl_array_ap_fixed_6u_array_ap_fixed_22_12_4_0_0_16u_config5_s' 
INFO: [HLS 200-10] ----------------------------------------------------------------
INFO: [RTGEN 206-100] Finished creating RTL model for 'conv_2d_cl_array_ap_fixed_6u_array_ap_fixed_22_12_4_0_0_16u_config5_s'.
INFO: [HLS 200-111] Finished Creating RTL model: CPU user time: 0.1 seconds. CPU system time: 0 seconds. Elapsed time: 0.11 seconds; current allocated memory: 1.563 GB.
INFO: [HLS 200-10] ----------------------------------------------------------------
INFO: [HLS 200-10] -- Generating RTL for module 'relu_array_ap_fixed_16u_array_ap_fixed_22_12_4_0_0_16u_relu_config6_s' 
INFO: [HLS 200-10] ----------------------------------------------------------------
INFO: [RTGEN 206-100] Finished creating RTL model for 'relu_array_ap_fixed_16u_array_ap_fixed_22_12_4_0_0_16u_relu_config6_s'.
INFO: [HLS 200-111] Finished Creating RTL model: CPU user time: 0.07 seconds. CPU system time: 0 seconds. Elapsed time: 0.08 seconds; current allocated memory: 1.563 GB.
INFO: [HLS 200-10] ----------------------------------------------------------------
INFO: [HLS 200-10] -- Generating RTL for module 'shift_line_buffer_array_ap_fixed_22_12_4_0_0_16u_config7_s' 
INFO: [HLS 200-10] ----------------------------------------------------------------
INFO: [SYN 201-210] Renamed object name 'shift_line_buffer_array_ap_fixed_22_12_4_0_0_16u_config7_s_void_pooling2d_cl_stream_stream_array_ap_fixed_16u_0_line_buffer_9_SHIFTREG_AUTO_0R0W' to 'shift_line_buffer_array_ap_fixed_22_12_4_0_0_16u_config7_s_void_pooling2d_cl_Lf8' due to the length limit 80
INFO: [SYN 201-210] Renamed object name 'shift_line_buffer_array_ap_fixed_22_12_4_0_0_16u_config7_s_void_pooling2d_cl_stream_stream_array_ap_fixed_16u_0_line_buffer_8_SHIFTREG_AUTO_0R0W' to 'shift_line_buffer_array_ap_fixed_22_12_4_0_0_16u_config7_s_void_pooling2d_cl_Mgi' due to the length limit 80
INFO: [SYN 201-210] Renamed object name 'shift_line_buffer_array_ap_fixed_22_12_4_0_0_16u_config7_s_void_pooling2d_cl_stream_stream_array_ap_fixed_16u_0_line_buffer_7_SHIFTREG_AUTO_0R0W' to 'shift_line_buffer_array_ap_fixed_22_12_4_0_0_16u_config7_s_void_pooling2d_cl_Ngs' due to the length limit 80
INFO: [SYN 201-210] Renamed object name 'shift_line_buffer_array_ap_fixed_22_12_4_0_0_16u_config7_s_void_pooling2d_cl_stream_stream_array_ap_fixed_16u_0_line_buffer_6_SHIFTREG_AUTO_0R0W' to 'shift_line_buffer_array_ap_fixed_22_12_4_0_0_16u_config7_s_void_pooling2d_cl_OgC' due to the length limit 80
INFO: [SYN 201-210] Renamed object name 'shift_line_buffer_array_ap_fixed_22_12_4_0_0_16u_config7_s_void_pooling2d_cl_stream_stream_array_ap_fixed_16u_0_line_buffer_5_SHIFTREG_AUTO_0R0W' to 'shift_line_buffer_array_ap_fixed_22_12_4_0_0_16u_config7_s_void_pooling2d_cl_PgM' due to the length limit 80
INFO: [SYN 201-210] Renamed object name 'shift_line_buffer_array_ap_fixed_22_12_4_0_0_16u_config7_s_void_pooling2d_cl_stream_stream_array_ap_fixed_16u_0_line_buffer_4_SHIFTREG_AUTO_0R0W' to 'shift_line_buffer_array_ap_fixed_22_12_4_0_0_16u_config7_s_void_pooling2d_cl_QgW' due to the length limit 80
INFO: [SYN 201-210] Renamed object name 'shift_line_buffer_array_ap_fixed_22_12_4_0_0_16u_config7_s_void_pooling2d_cl_stream_stream_array_ap_fixed_16u_0_line_buffer_3_SHIFTREG_AUTO_0R0W' to 'shift_line_buffer_array_ap_fixed_22_12_4_0_0_16u_config7_s_void_pooling2d_cl_Rg6' due to the length limit 80
INFO: [SYN 201-210] Renamed object name 'shift_line_buffer_array_ap_fixed_22_12_4_0_0_16u_config7_s_void_pooling2d_cl_stream_stream_array_ap_fixed_16u_0_line_buffer_2_SHIFTREG_AUTO_0R0W' to 'shift_line_buffer_array_ap_fixed_22_12_4_0_0_16u_config7_s_void_pooling2d_cl_Shg' due to the length limit 80
INFO: [SYN 201-210] Renamed object name 'shift_line_buffer_array_ap_fixed_22_12_4_0_0_16u_config7_s_void_pooling2d_cl_stream_stream_array_ap_fixed_16u_0_line_buffer_1_SHIFTREG_AUTO_0R0W' to 'shift_line_buffer_array_ap_fixed_22_12_4_0_0_16u_config7_s_void_pooling2d_cl_Thq' due to the length limit 80
INFO: [SYN 201-210] Renamed object name 'shift_line_buffer_array_ap_fixed_22_12_4_0_0_16u_config7_s_void_pooling2d_cl_stream_stream_array_ap_fixed_16u_0_line_buffer_SHIFTREG_AUTO_0R0W' to 'shift_line_buffer_array_ap_fixed_22_12_4_0_0_16u_config7_s_void_pooling2d_cl_UhA' due to the length limit 80
INFO: [SYN 201-210] Renamed object name 'shift_line_buffer_array_ap_fixed_22_12_4_0_0_16u_config7_s_p_ZZN4nnet12pooling2d_clINS_5arrayI8ap_fixedILi22ELi12EL9ap_q_mode4EL9ap_o_mode0E_5_SHIFTREG_AUTO_0R0W' to 'shift_line_buffer_array_ap_fixed_22_12_4_0_0_16u_config7_s_p_ZZN4nnet12poolinVhK' due to the length limit 80
INFO: [SYN 201-210] Renamed object name 'shift_line_buffer_array_ap_fixed_22_12_4_0_0_16u_config7_s_p_ZZN4nnet12pooling2d_clINS_5arrayI8ap_fixedILi22ELi12EL9ap_q_mode4EL9ap_o_mode0E_4_SHIFTREG_AUTO_0R0W' to 'shift_line_buffer_array_ap_fixed_22_12_4_0_0_16u_config7_s_p_ZZN4nnet12poolinWhU' due to the length limit 80
INFO: [SYN 201-210] Renamed object name 'shift_line_buffer_array_ap_fixed_22_12_4_0_0_16u_config7_s_p_ZZN4nnet12pooling2d_clINS_5arrayI8ap_fixedILi22ELi12EL9ap_q_mode4EL9ap_o_mode0E_3_SHIFTREG_AUTO_0R0W' to 'shift_line_buffer_array_ap_fixed_22_12_4_0_0_16u_config7_s_p_ZZN4nnet12poolinXh4' due to the length limit 80
INFO: [SYN 201-210] Renamed object name 'shift_line_buffer_array_ap_fixed_22_12_4_0_0_16u_config7_s_p_ZZN4nnet12pooling2d_clINS_5arrayI8ap_fixedILi22ELi12EL9ap_q_mode4EL9ap_o_mode0E_2_SHIFTREG_AUTO_0R0W' to 'shift_line_buffer_array_ap_fixed_22_12_4_0_0_16u_config7_s_p_ZZN4nnet12poolinYie' due to the length limit 80
INFO: [SYN 201-210] Renamed object name 'shift_line_buffer_array_ap_fixed_22_12_4_0_0_16u_config7_s_p_ZZN4nnet12pooling2d_clINS_5arrayI8ap_fixedILi22ELi12EL9ap_q_mode4EL9ap_o_mode0E_1_SHIFTREG_AUTO_0R0W' to 'shift_line_buffer_array_ap_fixed_22_12_4_0_0_16u_config7_s_p_ZZN4nnet12poolinZio' due to the length limit 80
INFO: [SYN 201-210] Renamed object name 'shift_line_buffer_array_ap_fixed_22_12_4_0_0_16u_config7_s_p_ZZN4nnet12pooling2d_clINS_5arrayI8ap_fixedILi22ELi12EL9ap_q_mode4EL9ap_o_mode0E_SHIFTREG_AUTO_0R0W' to 'shift_line_buffer_array_ap_fixed_22_12_4_0_0_16u_config7_s_p_ZZN4nnet12poolin0iy' due to the length limit 80
INFO: [RTGEN 206-100] Finished creating RTL model for 'shift_line_buffer_array_ap_fixed_22_12_4_0_0_16u_config7_s'.
INFO: [HLS 200-111] Finished Creating RTL model: CPU user time: 0.11 seconds. CPU system time: 0.01 seconds. Elapsed time: 0.12 seconds; current allocated memory: 1.563 GB.
INFO: [HLS 200-10] ----------------------------------------------------------------
INFO: [HLS 200-10] -- Generating RTL for module 'pooling2d_cl_array_array_ap_fixed_22_12_4_0_0_16u_config7_s' 
INFO: [HLS 200-10] ----------------------------------------------------------------
WARNING: [RTGEN 206-101] Register 'sY_1' is power-on initialization.
WARNING: [RTGEN 206-101] Register 'pY_1' is power-on initialization.
WARNING: [RTGEN 206-101] Register 'void_compute_pool_buffer_2d_array_const_ap_shift_reg_n_filt_stream_kernel_19' is power-on initialization.
WARNING: [RTGEN 206-101] Register 'p_ZZN4nnet22compute_pool_buffer_2dINS_5arrayI8ap_fixedILi22ELi12EL9ap_q_mode4EL9a_61' is power-on initialization.
WARNING: [RTGEN 206-101] Register 'p_ZZN4nnet22compute_pool_buffer_2dINS_5arrayI8ap_fixedILi22ELi12EL9ap_q_mode4EL9a_45' is power-on initialization.
WARNING: [RTGEN 206-101] Register 'p_ZZN4nnet22compute_pool_buffer_2dINS_5arrayI8ap_fixedILi22ELi12EL9ap_q_mode4EL9a_29' is power-on initialization.
WARNING: [RTGEN 206-101] Register 'void_compute_pool_buffer_2d_array_const_ap_shift_reg_n_filt_stream_kernel_18' is power-on initialization.
WARNING: [RTGEN 206-101] Register 'p_ZZN4nnet22compute_pool_buffer_2dINS_5arrayI8ap_fixedILi22ELi12EL9ap_q_mode4EL9a_60' is power-on initialization.
WARNING: [RTGEN 206-101] Register 'p_ZZN4nnet22compute_pool_buffer_2dINS_5arrayI8ap_fixedILi22ELi12EL9ap_q_mode4EL9a_44' is power-on initialization.
WARNING: [RTGEN 206-101] Register 'p_ZZN4nnet22compute_pool_buffer_2dINS_5arrayI8ap_fixedILi22ELi12EL9ap_q_mode4EL9a_28' is power-on initialization.
WARNING: [RTGEN 206-101] Register 'void_compute_pool_buffer_2d_array_const_ap_shift_reg_n_filt_stream_kernel_17' is power-on initialization.
WARNING: [RTGEN 206-101] Register 'p_ZZN4nnet22compute_pool_buffer_2dINS_5arrayI8ap_fixedILi22ELi12EL9ap_q_mode4EL9a_59' is power-on initialization.
WARNING: [RTGEN 206-101] Register 'p_ZZN4nnet22compute_pool_buffer_2dINS_5arrayI8ap_fixedILi22ELi12EL9ap_q_mode4EL9a_43' is power-on initialization.
WARNING: [RTGEN 206-101] Register 'p_ZZN4nnet22compute_pool_buffer_2dINS_5arrayI8ap_fixedILi22ELi12EL9ap_q_mode4EL9a_27' is power-on initialization.
WARNING: [RTGEN 206-101] Register 'void_compute_pool_buffer_2d_array_const_ap_shift_reg_n_filt_stream_kernel_16' is power-on initialization.
WARNING: [RTGEN 206-101] Register 'p_ZZN4nnet22compute_pool_buffer_2dINS_5arrayI8ap_fixedILi22ELi12EL9ap_q_mode4EL9a_58' is power-on initialization.
WARNING: [RTGEN 206-101] Register 'p_ZZN4nnet22compute_pool_buffer_2dINS_5arrayI8ap_fixedILi22ELi12EL9ap_q_mode4EL9a_42' is power-on initialization.
WARNING: [RTGEN 206-101] Register 'p_ZZN4nnet22compute_pool_buffer_2dINS_5arrayI8ap_fixedILi22ELi12EL9ap_q_mode4EL9a_26' is power-on initialization.
WARNING: [RTGEN 206-101] Register 'void_compute_pool_buffer_2d_array_const_ap_shift_reg_n_filt_stream_kernel_15' is power-on initialization.
WARNING: [RTGEN 206-101] Register 'p_ZZN4nnet22compute_pool_buffer_2dINS_5arrayI8ap_fixedILi22ELi12EL9ap_q_mode4EL9a_57' is power-on initialization.
WARNING: [RTGEN 206-101] Register 'p_ZZN4nnet22compute_pool_buffer_2dINS_5arrayI8ap_fixedILi22ELi12EL9ap_q_mode4EL9a_41' is power-on initialization.
WARNING: [RTGEN 206-101] Register 'p_ZZN4nnet22compute_pool_buffer_2dINS_5arrayI8ap_fixedILi22ELi12EL9ap_q_mode4EL9a_25' is power-on initialization.
WARNING: [RTGEN 206-101] Register 'void_compute_pool_buffer_2d_array_const_ap_shift_reg_n_filt_stream_kernel_14' is power-on initialization.
WARNING: [RTGEN 206-101] Register 'p_ZZN4nnet22compute_pool_buffer_2dINS_5arrayI8ap_fixedILi22ELi12EL9ap_q_mode4EL9a_56' is power-on initialization.
WARNING: [RTGEN 206-101] Register 'p_ZZN4nnet22compute_pool_buffer_2dINS_5arrayI8ap_fixedILi22ELi12EL9ap_q_mode4EL9a_40' is power-on initialization.
WARNING: [RTGEN 206-101] Register 'p_ZZN4nnet22compute_pool_buffer_2dINS_5arrayI8ap_fixedILi22ELi12EL9ap_q_mode4EL9a_24' is power-on initialization.
WARNING: [RTGEN 206-101] Register 'void_compute_pool_buffer_2d_array_const_ap_shift_reg_n_filt_stream_kernel_13' is power-on initialization.
WARNING: [RTGEN 206-101] Register 'p_ZZN4nnet22compute_pool_buffer_2dINS_5arrayI8ap_fixedILi22ELi12EL9ap_q_mode4EL9a_55' is power-on initialization.
WARNING: [RTGEN 206-101] Register 'p_ZZN4nnet22compute_pool_buffer_2dINS_5arrayI8ap_fixedILi22ELi12EL9ap_q_mode4EL9a_39' is power-on initialization.
WARNING: [RTGEN 206-101] Register 'p_ZZN4nnet22compute_pool_buffer_2dINS_5arrayI8ap_fixedILi22ELi12EL9ap_q_mode4EL9a_23' is power-on initialization.
WARNING: [RTGEN 206-101] Register 'void_compute_pool_buffer_2d_array_const_ap_shift_reg_n_filt_stream_kernel_12' is power-on initialization.
WARNING: [RTGEN 206-101] Register 'p_ZZN4nnet22compute_pool_buffer_2dINS_5arrayI8ap_fixedILi22ELi12EL9ap_q_mode4EL9a_54' is power-on initialization.
WARNING: [RTGEN 206-101] Register 'p_ZZN4nnet22compute_pool_buffer_2dINS_5arrayI8ap_fixedILi22ELi12EL9ap_q_mode4EL9a_38' is power-on initialization.
WARNING: [RTGEN 206-101] Register 'p_ZZN4nnet22compute_pool_buffer_2dINS_5arrayI8ap_fixedILi22ELi12EL9ap_q_mode4EL9a_22' is power-on initialization.
WARNING: [RTGEN 206-101] Register 'void_compute_pool_buffer_2d_array_const_ap_shift_reg_n_filt_stream_kernel_11' is power-on initialization.
WARNING: [RTGEN 206-101] Register 'p_ZZN4nnet22compute_pool_buffer_2dINS_5arrayI8ap_fixedILi22ELi12EL9ap_q_mode4EL9a_53' is power-on initialization.
WARNING: [RTGEN 206-101] Register 'p_ZZN4nnet22compute_pool_buffer_2dINS_5arrayI8ap_fixedILi22ELi12EL9ap_q_mode4EL9a_37' is power-on initialization.
WARNING: [RTGEN 206-101] Register 'p_ZZN4nnet22compute_pool_buffer_2dINS_5arrayI8ap_fixedILi22ELi12EL9ap_q_mode4EL9a_21' is power-on initialization.
WARNING: [RTGEN 206-101] Register 'void_compute_pool_buffer_2d_array_const_ap_shift_reg_n_filt_stream_kernel_10' is power-on initialization.
WARNING: [RTGEN 206-101] Register 'p_ZZN4nnet22compute_pool_buffer_2dINS_5arrayI8ap_fixedILi22ELi12EL9ap_q_mode4EL9a_52' is power-on initialization.
WARNING: [RTGEN 206-101] Register 'p_ZZN4nnet22compute_pool_buffer_2dINS_5arrayI8ap_fixedILi22ELi12EL9ap_q_mode4EL9a_36' is power-on initialization.
WARNING: [RTGEN 206-101] Register 'p_ZZN4nnet22compute_pool_buffer_2dINS_5arrayI8ap_fixedILi22ELi12EL9ap_q_mode4EL9a_20' is power-on initialization.
WARNING: [RTGEN 206-101] Register 'p_ZZN4nnet22compute_pool_buffer_2dINS_5arrayI8ap_fixedILi22ELi12EL9ap_q_mode4EL9a_67' is power-on initialization.
WARNING: [RTGEN 206-101] Register 'p_ZZN4nnet22compute_pool_buffer_2dINS_5arrayI8ap_fixedILi22ELi12EL9ap_q_mode4EL9a_51' is power-on initialization.
WARNING: [RTGEN 206-101] Register 'p_ZZN4nnet22compute_pool_buffer_2dINS_5arrayI8ap_fixedILi22ELi12EL9ap_q_mode4EL9a_35' is power-on initialization.
WARNING: [RTGEN 206-101] Register 'p_ZZN4nnet22compute_pool_buffer_2dINS_5arrayI8ap_fixedILi22ELi12EL9ap_q_mode4EL9a_19' is power-on initialization.
WARNING: [RTGEN 206-101] Register 'p_ZZN4nnet22compute_pool_buffer_2dINS_5arrayI8ap_fixedILi22ELi12EL9ap_q_mode4EL9a_66' is power-on initialization.
WARNING: [RTGEN 206-101] Register 'p_ZZN4nnet22compute_pool_buffer_2dINS_5arrayI8ap_fixedILi22ELi12EL9ap_q_mode4EL9a_50' is power-on initialization.
WARNING: [RTGEN 206-101] Register 'p_ZZN4nnet22compute_pool_buffer_2dINS_5arrayI8ap_fixedILi22ELi12EL9ap_q_mode4EL9a_34' is power-on initialization.
WARNING: [RTGEN 206-101] Register 'p_ZZN4nnet22compute_pool_buffer_2dINS_5arrayI8ap_fixedILi22ELi12EL9ap_q_mode4EL9a_18' is power-on initialization.
WARNING: [RTGEN 206-101] Register 'p_ZZN4nnet22compute_pool_buffer_2dINS_5arrayI8ap_fixedILi22ELi12EL9ap_q_mode4EL9a_65' is power-on initialization.
WARNING: [RTGEN 206-101] Register 'p_ZZN4nnet22compute_pool_buffer_2dINS_5arrayI8ap_fixedILi22ELi12EL9ap_q_mode4EL9a_49' is power-on initialization.
WARNING: [RTGEN 206-101] Register 'p_ZZN4nnet22compute_pool_buffer_2dINS_5arrayI8ap_fixedILi22ELi12EL9ap_q_mode4EL9a_33' is power-on initialization.
WARNING: [RTGEN 206-101] Register 'p_ZZN4nnet22compute_pool_buffer_2dINS_5arrayI8ap_fixedILi22ELi12EL9ap_q_mode4EL9a_17' is power-on initialization.
WARNING: [RTGEN 206-101] Register 'p_ZZN4nnet22compute_pool_buffer_2dINS_5arrayI8ap_fixedILi22ELi12EL9ap_q_mode4EL9a_64' is power-on initialization.
WARNING: [RTGEN 206-101] Register 'p_ZZN4nnet22compute_pool_buffer_2dINS_5arrayI8ap_fixedILi22ELi12EL9ap_q_mode4EL9a_48' is power-on initialization.
WARNING: [RTGEN 206-101] Register 'p_ZZN4nnet22compute_pool_buffer_2dINS_5arrayI8ap_fixedILi22ELi12EL9ap_q_mode4EL9a_32' is power-on initialization.
WARNING: [RTGEN 206-101] Register 'p_ZZN4nnet22compute_pool_buffer_2dINS_5arrayI8ap_fixedILi22ELi12EL9ap_q_mode4EL9a_16' is power-on initialization.
WARNING: [RTGEN 206-101] Register 'p_ZZN4nnet22compute_pool_buffer_2dINS_5arrayI8ap_fixedILi22ELi12EL9ap_q_mode4EL9a_63' is power-on initialization.
WARNING: [RTGEN 206-101] Register 'p_ZZN4nnet22compute_pool_buffer_2dINS_5arrayI8ap_fixedILi22ELi12EL9ap_q_mode4EL9a_47' is power-on initialization.
WARNING: [RTGEN 206-101] Register 'p_ZZN4nnet22compute_pool_buffer_2dINS_5arrayI8ap_fixedILi22ELi12EL9ap_q_mode4EL9a_31' is power-on initialization.
WARNING: [RTGEN 206-101] Register 'p_ZZN4nnet22compute_pool_buffer_2dINS_5arrayI8ap_fixedILi22ELi12EL9ap_q_mode4EL9a_15' is power-on initialization.
WARNING: [RTGEN 206-101] Register 'p_ZZN4nnet22compute_pool_buffer_2dINS_5arrayI8ap_fixedILi22ELi12EL9ap_q_mode4EL9a_62' is power-on initialization.
WARNING: [RTGEN 206-101] Register 'p_ZZN4nnet22compute_pool_buffer_2dINS_5arrayI8ap_fixedILi22ELi12EL9ap_q_mode4EL9a_46' is power-on initialization.
WARNING: [RTGEN 206-101] Register 'p_ZZN4nnet22compute_pool_buffer_2dINS_5arrayI8ap_fixedILi22ELi12EL9ap_q_mode4EL9a_30' is power-on initialization.
WARNING: [RTGEN 206-101] Register 'p_ZZN4nnet22compute_pool_buffer_2dINS_5arrayI8ap_fixedILi22ELi12EL9ap_q_mode4EL9a_14' is power-on initialization.
WARNING: [RTGEN 206-101] Register 'pX_1' is power-on initialization.
WARNING: [RTGEN 206-101] Register 'sX_1' is power-on initialization.
INFO: [HLS 200-1030] Apply Unified Pipeline Control on module 'pooling2d_cl_array_array_ap_fixed_22_12_4_0_0_16u_config7_s' pipeline 'ReadInputHeight_ReadInputWidth' pipeline type 'loop pipeline'
INFO: [RTGEN 206-100] Finished creating RTL model for 'pooling2d_cl_array_array_ap_fixed_22_12_4_0_0_16u_config7_s'.
INFO: [HLS 200-111] Finished Creating RTL model: CPU user time: 0.37 seconds. CPU system time: 0 seconds. Elapsed time: 0.38 seconds; current allocated memory: 1.563 GB.
INFO: [HLS 200-10] ----------------------------------------------------------------
INFO: [HLS 200-10] -- Generating RTL for module 'dense_array_array_ap_fixed_22_12_4_0_0_120u_config9_Pipeline_DataPrepare' 
INFO: [HLS 200-10] ----------------------------------------------------------------
INFO: [RTGEN 206-104] Estimated max fanout for 'dense_array_array_ap_fixed_22_12_4_0_0_120u_config9_Pipeline_DataPrepare' is 5888 from HDL expression: ((ap_loop_exit_ready == 1'b1) & (icmp_ln33_fu_4908_p2 == 1'd1) & (1'b0 == ap_block_state1_pp0_stage0_iter0) & (1'b1 == ap_CS_fsm_state1))
INFO: [RTGEN 206-100] Finished creating RTL model for 'dense_array_array_ap_fixed_22_12_4_0_0_120u_config9_Pipeline_DataPrepare'.
INFO: [HLS 200-111] Finished Creating RTL model: CPU user time: 0.15 seconds. CPU system time: 0 seconds. Elapsed time: 0.16 seconds; current allocated memory: 1.563 GB.
INFO: [HLS 200-10] ----------------------------------------------------------------
INFO: [HLS 200-10] -- Generating RTL for module 'dense_resource_rf_leq_nin_ap_fixed_ap_fixed_22_12_4_0_0_config9_s' 
INFO: [HLS 200-10] ----------------------------------------------------------------
INFO: [SYN 201-210] Renamed object name 'dense_resource_rf_leq_nin_ap_fixed_ap_fixed_22_12_4_0_0_config9_s_w9_ROM_NP_BRAM_1R' to 'dense_resource_rf_leq_nin_ap_fixed_ap_fixed_22_12_4_0_0_config9_s_w9_ROM_NP_B1iI' due to the length limit 80
INFO: [RTGEN 206-104] Estimated max fanout for 'dense_resource_rf_leq_nin_ap_fixed_ap_fixed_22_12_4_0_0_config9_s' is 21195 from HDL expression: ((1'b0 == ap_block_pp0_stage0) & (ap_enable_reg_pp0_iter1 == 1'b1) & (1'b1 == ap_CS_fsm_pp0_stage0))
INFO: [RTGEN 206-100] Generating core module 'mul_22s_22s_44_1_1': 479 instance(s).
INFO: [RTGEN 206-100] Generating core module 'mul_22s_9s_31_1_1': 1 instance(s).
INFO: [RTGEN 206-100] Generating core module 'sparsemux_129_6_22_1_1': 4 instance(s).
INFO: [RTGEN 206-100] Finished creating RTL model for 'dense_resource_rf_leq_nin_ap_fixed_ap_fixed_22_12_4_0_0_config9_s'.
INFO: [RTMG 210-279] Implementing memory 'lenet_mnist_cap64_hls_dense_resource_rf_leq_nin_ap_fixed_ap_fixed_22_12_4_0_0_config9_s_w9_ROM_NP_B1iI' using block ROMs.
INFO: [HLS 200-111] Finished Creating RTL model: CPU user time: 5.54 seconds. CPU system time: 0.06 seconds. Elapsed time: 5.6 seconds; current allocated memory: 1.743 GB.
INFO: [HLS 200-10] ----------------------------------------------------------------
INFO: [HLS 200-10] -- Generating RTL for module 'dense_array_ap_fixed_16u_array_ap_fixed_22_12_4_0_0_120u_config9_s' 
INFO: [HLS 200-10] ----------------------------------------------------------------
INFO: [RTGEN 206-100] Finished creating RTL model for 'dense_array_ap_fixed_16u_array_ap_fixed_22_12_4_0_0_120u_config9_s'.
INFO: [HLS 200-111] Finished Creating RTL model: CPU user time: 21.06 seconds. CPU system time: 0.2 seconds. Elapsed time: 21.27 seconds; current allocated memory: 2.128 GB.
INFO: [HLS 200-10] ----------------------------------------------------------------
INFO: [HLS 200-10] -- Generating RTL for module 'relu_array_array_ap_fixed_22_12_4_0_0_120u_relu_config10_s' 
INFO: [HLS 200-10] ----------------------------------------------------------------
INFO: [RTGEN 206-100] Finished creating RTL model for 'relu_array_array_ap_fixed_22_12_4_0_0_120u_relu_config10_s'.
INFO: [HLS 200-111] Finished Creating RTL model: CPU user time: 0.47 seconds. CPU system time: 0.04 seconds. Elapsed time: 0.52 seconds; current allocated memory: 2.264 GB.
INFO: [HLS 200-10] ----------------------------------------------------------------
INFO: [HLS 200-10] -- Generating RTL for module 'dense_resource_rf_leq_nin_ap_fixed_ap_fixed_22_12_4_0_0_config11_s' 
INFO: [HLS 200-10] ----------------------------------------------------------------
INFO: [SYN 201-210] Renamed object name 'dense_resource_rf_leq_nin_ap_fixed_ap_fixed_22_12_4_0_0_config11_s_w11_ROM_NP_BRAM_1R' to 'dense_resource_rf_leq_nin_ap_fixed_ap_fixed_22_12_4_0_0_config11_s_w11_ROM_NP2iS' due to the length limit 80
INFO: [RTGEN 206-104] Estimated max fanout for 'dense_resource_rf_leq_nin_ap_fixed_ap_fixed_22_12_4_0_0_config11_s' is 5280 from HDL expression: (do_init_reg_1961 == 1'd0)
INFO: [RTGEN 206-100] Generating core module 'mul_22s_10s_32_1_1': 1 instance(s).
INFO: [RTGEN 206-100] Generating core module 'mul_22s_22s_44_1_1': 167 instance(s).
INFO: [RTGEN 206-100] Generating core module 'sparsemux_121_6_22_1_1': 2 instance(s).
INFO: [RTGEN 206-100] Finished creating RTL model for 'dense_resource_rf_leq_nin_ap_fixed_ap_fixed_22_12_4_0_0_config11_s'.
INFO: [RTMG 210-279] Implementing memory 'lenet_mnist_cap64_hls_dense_resource_rf_leq_nin_ap_fixed_ap_fixed_22_12_4_0_0_config11_s_w11_ROM_NP2iS' using block ROMs.
INFO: [HLS 200-111] Finished Creating RTL model: CPU user time: 1.6 seconds. CPU system time: 0 seconds. Elapsed time: 1.6 seconds; current allocated memory: 2.277 GB.
INFO: [HLS 200-10] ----------------------------------------------------------------
INFO: [HLS 200-10] -- Generating RTL for module 'dense_array_ap_fixed_120u_array_ap_fixed_22_12_4_0_0_84u_config11_s' 
INFO: [HLS 200-10] ----------------------------------------------------------------
INFO: [RTGEN 206-100] Finished creating RTL model for 'dense_array_ap_fixed_120u_array_ap_fixed_22_12_4_0_0_84u_config11_s'.
INFO: [HLS 200-111] Finished Creating RTL model: CPU user time: 3.89 seconds. CPU system time: 0.08 seconds. Elapsed time: 3.96 seconds; current allocated memory: 2.388 GB.
INFO: [HLS 200-10] ----------------------------------------------------------------
INFO: [HLS 200-10] -- Generating RTL for module 'relu_array_ap_fixed_84u_array_ap_fixed_22_12_4_0_0_84u_relu_config12_s' 
INFO: [HLS 200-10] ----------------------------------------------------------------
INFO: [RTGEN 206-100] Finished creating RTL model for 'relu_array_ap_fixed_84u_array_ap_fixed_22_12_4_0_0_84u_relu_config12_s'.
INFO: [HLS 200-111] Finished Creating RTL model: CPU user time: 0.38 seconds. CPU system time: 0.05 seconds. Elapsed time: 0.43 seconds; current allocated memory: 2.580 GB.
INFO: [HLS 200-10] ----------------------------------------------------------------
INFO: [HLS 200-10] -- Generating RTL for module 'dense_resource_rf_leq_nin_ap_fixed_ap_fixed_22_12_4_0_0_config13_s' 
INFO: [HLS 200-10] ----------------------------------------------------------------
INFO: [SYN 201-210] Renamed object name 'dense_resource_rf_leq_nin_ap_fixed_ap_fixed_22_12_4_0_0_config13_s_w13_ROM_NP_BRAM_1R' to 'dense_resource_rf_leq_nin_ap_fixed_ap_fixed_22_12_4_0_0_config13_s_w13_ROM_NP3i2' due to the length limit 80
INFO: [RTGEN 206-100] Generating core module 'mul_22s_10s_32_1_1': 1 instance(s).
INFO: [RTGEN 206-100] Generating core module 'mul_22s_22s_44_1_1': 19 instance(s).
INFO: [RTGEN 206-100] Generating core module 'sparsemux_85_6_22_1_1': 2 instance(s).
INFO: [RTGEN 206-100] Finished creating RTL model for 'dense_resource_rf_leq_nin_ap_fixed_ap_fixed_22_12_4_0_0_config13_s'.
INFO: [RTMG 210-279] Implementing memory 'lenet_mnist_cap64_hls_dense_resource_rf_leq_nin_ap_fixed_ap_fixed_22_12_4_0_0_config13_s_w13_ROM_NP3i2' using block ROMs.
INFO: [HLS 200-111] Finished Creating RTL model: CPU user time: 0.41 seconds. CPU system time: 0.01 seconds. Elapsed time: 0.42 seconds; current allocated memory: 2.588 GB.
INFO: [HLS 200-10] ----------------------------------------------------------------
INFO: [HLS 200-10] -- Generating RTL for module 'dense_array_ap_fixed_84u_array_ap_fixed_22_12_4_0_0_10u_config13_s' 
INFO: [HLS 200-10] ----------------------------------------------------------------
INFO: [RTGEN 206-100] Finished creating RTL model for 'dense_array_ap_fixed_84u_array_ap_fixed_22_12_4_0_0_10u_config13_s'.
INFO: [HLS 200-111] Finished Creating RTL model: CPU user time: 0.49 seconds. CPU system time: 0.01 seconds. Elapsed time: 0.51 seconds; current allocated memory: 2.606 GB.
INFO: [HLS 200-10] ----------------------------------------------------------------
INFO: [HLS 200-10] -- Generating RTL for module 'lenet_mnist_cap64_hls' 
INFO: [HLS 200-10] ----------------------------------------------------------------
WARNING: [RTGEN 206-101] Design contains AXI ports. Reset is fixed to synchronous and active low.
INFO: [RTGEN 206-500] Setting interface mode on port 'lenet_mnist_cap64_hls/input_layer' to 'axis' (register, both mode).
INFO: [RTGEN 206-500] Setting interface mode on port 'lenet_mnist_cap64_hls/layer13_out' to 'axis' (register, both mode).
INFO: [RTGEN 206-500] Setting interface mode on function 'lenet_mnist_cap64_hls' to 'ap_ctrl_hs'.
INFO: [SYN 201-210] Renamed object name 'start_for_pooling2d_cl_array_ap_fixed_6u_array_ap_fixed_22_12_4_0_0_6u_config4_U0' to 'start_for_pooling2d_cl_array_ap_fixed_6u_array_ap_fixed_22_12_4_0_0_6u_config4jc' due to the length limit 80
INFO: [SYN 201-210] Renamed object name 'start_for_conv_2d_cl_array_ap_fixed_6u_array_ap_fixed_22_12_4_0_0_16u_config5_U0' to 'start_for_conv_2d_cl_array_ap_fixed_6u_array_ap_fixed_22_12_4_0_0_16u_config55jm' due to the length limit 80
INFO: [SYN 201-210] Renamed object name 'start_for_relu_array_ap_fixed_16u_array_ap_fixed_22_12_4_0_0_16u_relu_config6_U0' to 'start_for_relu_array_ap_fixed_16u_array_ap_fixed_22_12_4_0_0_16u_relu_config66jw' due to the length limit 80
INFO: [SYN 201-210] Renamed object name 'start_for_relu_array_ap_fixed_84u_array_ap_fixed_22_12_4_0_0_84u_relu_config12_U0' to 'start_for_relu_array_ap_fixed_84u_array_ap_fixed_22_12_4_0_0_84u_relu_config17jG' due to the length limit 80
INFO: [RTGEN 206-100] Finished creating RTL model for 'lenet_mnist_cap64_hls'.
INFO: [RTMG 210-285] Implementing FIFO 'layer2_out_U(lenet_mnist_cap64_hls_fifo_w132_d576_A)' using Vivado Default RAMs.
INFO: [RTMG 210-285] Implementing FIFO 'layer3_out_U(lenet_mnist_cap64_hls_fifo_w132_d576_A)' using Vivado Default RAMs.
INFO: [RTMG 210-285] Implementing FIFO 'layer4_out_U(lenet_mnist_cap64_hls_fifo_w132_d144_A)' using Vivado Default RAMs.
INFO: [RTMG 210-285] Implementing FIFO 'layer5_out_U(lenet_mnist_cap64_hls_fifo_w352_d64_A)' using Vivado Default RAMs.
INFO: [RTMG 210-285] Implementing FIFO 'layer6_out_U(lenet_mnist_cap64_hls_fifo_w352_d64_A)' using Vivado Default RAMs.
INFO: [RTMG 210-285] Implementing FIFO 'layer7_out_U(lenet_mnist_cap64_hls_fifo_w352_d16_A)' using Vivado Default RAMs.
INFO: [RTMG 210-285] Implementing FIFO 'layer9_out_U(lenet_mnist_cap64_hls_fifo_w2640_d1_S)' using Shift Registers.
INFO: [RTMG 210-285] Implementing FIFO 'layer10_out_U(lenet_mnist_cap64_hls_fifo_w2640_d1_S)' using Shift Registers.
INFO: [RTMG 210-285] Implementing FIFO 'layer11_out_U(lenet_mnist_cap64_hls_fifo_w1848_d1_S)' using Shift Registers.
INFO: [RTMG 210-285] Implementing FIFO 'layer12_out_U(lenet_mnist_cap64_hls_fifo_w1848_d1_S)' using Shift Registers.
INFO: [RTMG 210-285] Implementing FIFO 'start_for_relu_array_ap_fixed_6u_array_ap_fixed_22_12_4_0_0_6u_relu_config3_U0_U(lenet_mnist_cap64_hls_start_for_relu_array_ap_fixed_6u_array_ap_fixed_22_12_4_0_0_6u_relu_config3_U0)' using Shift Registers.
INFO: [RTMG 210-285] Implementing FIFO 'start_for_pooling2d_cl_array_ap_fixed_6u_array_ap_fixed_22_12_4_0_0_6u_config4jc_U(lenet_mnist_cap64_hls_start_for_pooling2d_cl_array_ap_fixed_6u_array_ap_fixed_22_12_4_0_0_6u_config4jc)' using Shift Registers.
INFO: [RTMG 210-285] Implementing FIFO 'start_for_conv_2d_cl_array_ap_fixed_6u_array_ap_fixed_22_12_4_0_0_16u_config55jm_U(lenet_mnist_cap64_hls_start_for_conv_2d_cl_array_ap_fixed_6u_array_ap_fixed_22_12_4_0_0_16u_config55jm)' using Shift Registers.
INFO: [RTMG 210-285] Implementing FIFO 'start_for_relu_array_ap_fixed_16u_array_ap_fixed_22_12_4_0_0_16u_relu_config66jw_U(lenet_mnist_cap64_hls_start_for_relu_array_ap_fixed_16u_array_ap_fixed_22_12_4_0_0_16u_relu_config66jw)' using Shift Registers.
INFO: [RTMG 210-285] Implementing FIFO 'start_for_pooling2d_cl_array_array_ap_fixed_22_12_4_0_0_16u_config7_U0_U(lenet_mnist_cap64_hls_start_for_pooling2d_cl_array_array_ap_fixed_22_12_4_0_0_16u_config7_U0)' using Shift Registers.
INFO: [RTMG 210-285] Implementing FIFO 'start_for_dense_array_ap_fixed_16u_array_ap_fixed_22_12_4_0_0_120u_config9_U0_U(lenet_mnist_cap64_hls_start_for_dense_array_ap_fixed_16u_array_ap_fixed_22_12_4_0_0_120u_config9_U0)' using Shift Registers.
INFO: [RTMG 210-285] Implementing FIFO 'start_for_relu_array_array_ap_fixed_22_12_4_0_0_120u_relu_config10_U0_U(lenet_mnist_cap64_hls_start_for_relu_array_array_ap_fixed_22_12_4_0_0_120u_relu_config10_U0)' using Shift Registers.
INFO: [RTMG 210-285] Implementing FIFO 'start_for_dense_array_ap_fixed_120u_array_ap_fixed_22_12_4_0_0_84u_config11_U0_U(lenet_mnist_cap64_hls_start_for_dense_array_ap_fixed_120u_array_ap_fixed_22_12_4_0_0_84u_config11_U0)' using Shift Registers.
INFO: [RTMG 210-285] Implementing FIFO 'start_for_relu_array_ap_fixed_84u_array_ap_fixed_22_12_4_0_0_84u_relu_config17jG_U(lenet_mnist_cap64_hls_start_for_relu_array_ap_fixed_84u_array_ap_fixed_22_12_4_0_0_84u_relu_config17jG)' using Shift Registers.
INFO: [RTMG 210-285] Implementing FIFO 'start_for_dense_array_ap_fixed_84u_array_ap_fixed_22_12_4_0_0_10u_config13_U0_U(lenet_mnist_cap64_hls_start_for_dense_array_ap_fixed_84u_array_ap_fixed_22_12_4_0_0_10u_config13_U0)' using Shift Registers.
INFO: [HLS 200-111] Finished Creating RTL model: CPU user time: 0.36 seconds. CPU system time: 0.02 seconds. Elapsed time: 0.38 seconds; current allocated memory: 2.636 GB.
INFO: [HLS 200-111] Finished Generating all RTL models: CPU user time: 1.52 seconds. CPU system time: 0.02 seconds. Elapsed time: 1.54 seconds; current allocated memory: 2.640 GB.
INFO: [HLS 200-111] Finished Updating report files: CPU user time: 5.15 seconds. CPU system time: 0.09 seconds. Elapsed time: 5.24 seconds; current allocated memory: 2.928 GB.
INFO: [VHDL 208-304] Generating VHDL RTL for lenet_mnist_cap64_hls.
INFO: [VLOG 209-307] Generating Verilog RTL for lenet_mnist_cap64_hls.
INFO: [HLS 200-790] **** Loop Constraint Status: All loop constraints were NOT satisfied.
INFO: [HLS 200-789] **** Estimated Fmax: 138.80 MHz
INFO: [HLS 200-2161] Finished Command csynth_design Elapsed time: 00:03:13; Allocated memory: 2.618 GB.
***** C/RTL SYNTHESIS COMPLETED IN 0h3m13s *****
***** EXPORT IP *****
INFO: [HLS 200-1510] Running: export_design -format ip_catalog -version 1.0.0 
INFO: [IMPL 213-8] Exporting RTL as a Vivado IP.

****** Vivado v2024.2 (64-bit)
  **** SW Build 5239630 on Fri Nov 08 22:34:34 MST 2024
  **** IP Build 5239520 on Sun Nov 10 16:12:51 MST 2024
  **** SharedData Build 5239561 on Fri Nov 08 14:39:27 MST 2024
  **** Start of session at: Fri Sep  4 15:58:55 2026
    ** Copyright 1986-2022 Xilinx, Inc. All Rights Reserved.
    ** Copyright 2022-2024 Advanced Micro Devices, Inc. All Rights Reserved.

source run_ippack.tcl -notrace
INFO: calling package_hls_ip ip_types=vitis sysgen json_file=/tmp/lenet_cap64_hls.KmvPAz/lenet_mnist_cap64_hls_prj/solution1/solution1_data.json outdir=/tmp/lenet_cap64_hls.KmvPAz/lenet_mnist_cap64_hls_prj/solution1/impl/ip srcdir=/tmp/lenet_cap64_hls.KmvPAz/lenet_mnist_cap64_hls_prj/solution1 sort_interfaces_ports=false
INFO: Copied 1 ipmisc file(s) to /tmp/lenet_cap64_hls.KmvPAz/lenet_mnist_cap64_hls_prj/solution1/impl/ip/misc
INFO: Copied 70 verilog file(s) to /tmp/lenet_cap64_hls.KmvPAz/lenet_mnist_cap64_hls_prj/solution1/impl/ip/hdl/verilog
INFO: Copied 60 vhdl file(s) to /tmp/lenet_cap64_hls.KmvPAz/lenet_mnist_cap64_hls_prj/solution1/impl/ip/hdl/vhdl
INFO: Import ports from HDL: /tmp/lenet_cap64_hls.KmvPAz/lenet_mnist_cap64_hls_prj/solution1/impl/ip/hdl/vhdl/lenet_mnist_cap64_hls.vhd (lenet_mnist_cap64_hls)
INFO: Add axi4stream interface input_layer
INFO: Add axi4stream interface layer13_out
INFO: [IP_Flow 19-234] Refreshing IP repositories
INFO: [IP_Flow 19-1704] No user IP repositories specified
INFO: [IP_Flow 19-2313] Loaded Vivado IP repository '/opt/Xilinx/Vivado/2024.2/data/ip'.
INFO: Add clock interface ap_clk
INFO: Add reset interface ap_rst_n
INFO: Add ap_ctrl interface ap_ctrl
INFO: Calling post_process_vitis to specialize IP
INFO: Calling post_process_sysgen to specialize IP
Generating sysgen info xml from json file
INFO: Created IP /tmp/lenet_cap64_hls.KmvPAz/lenet_mnist_cap64_hls_prj/solution1/impl/ip/component.xml
INFO: Created IP archive /tmp/lenet_cap64_hls.KmvPAz/lenet_mnist_cap64_hls_prj/solution1/impl/ip/xilinx_com_hls_lenet_mnist_cap64_hls_1_0.zip
INFO: [Common 17-206] Exiting Vivado at Fri Sep  4 15:59:03 2026...
INFO: [HLS 200-802] Generated output file lenet_mnist_cap64_hls_prj/solution1/impl/export.zip
INFO: [HLS 200-2161] Finished Command export_design Elapsed time: 00:01:16; Allocated memory: 18.543 MB.
***** EXPORT IP COMPLETED IN 0h1m16s *****
INFO: [HLS 200-112] Total CPU user time: 258.87 seconds. Total CPU system time: 3.39 seconds. Total elapsed time: 273.07 seconds; peak allocated memory: 2.946 GB.
INFO: [vitis-run 60-791] Total elapsed time: 0h 4m 33s
INFO: [vitis-run 60-1662] Stopping dispatch session having empty uuid.
