passage,inferences,inference_only_mean_ms,inference_only_median_ms,inference_only_p95_ms,end_to_end_mean_ms,end_to_end_median_ms,end_to_end_p95_ms,passage_duration_s,throughput_effective_fps
1,30,0.3471140333333334,0.2955135,0.5670033499999999,0.417526,0.3540685,0.6529306999999999,0.012596002,2381.7081007132265
2,30,0.3502831,0.30316750000000003,0.51929695,0.4287223333333333,0.3758245,0.6409050499999999,0.012938323,2318.6930794663267
3,30,0.2799018999999999,0.262717,0.39634684999999986,0.33834766666666666,0.3199605,0.4660673499999998,0.010209353,2938.481997830813
4,30,0.2310479,0.189495,0.4332368999999998,0.28469936666666673,0.22603800000000002,0.5850147999999997,0.008591376,3491.8737114986006
5,30,0.10859843333333333,0.104516,0.12861034999999998,0.13204253333333335,0.126849,0.16123454999999998,0.003986201,7525.9626897891
6,30,0.12304323333333335,0.1094425,0.1878004,0.14824436666666668,0.134629,0.22568184999999993,0.00447387,6705.603873156798
7,30,0.12005899999999999,0.1028575,0.20956554999999996,0.14615733333333333,0.1240485,0.25347985,0.004409143,6804.043325426279
8,30,0.143214,0.129468,0.2050597999999999,0.17336333333333334,0.156034,0.24737504999999999,0.005230552,5735.532310930089
9,30,0.17812220000000004,0.1750645,0.20637114999999998,0.21473456666666665,0.21308100000000002,0.2513784,0.00648209,4628.136912631574
10,30,0.16151716666666668,0.149811,0.23387044999999995,0.19576933333333332,0.180753,0.28748219999999997,0.005908031,5077.833884080838
11,30,0.10883250000000001,0.102046,0.14225669999999996,0.13144666666666666,0.12348500000000001,0.17388959999999995,0.003967273,7561.869324344455
12,30,0.1071113,0.103917,0.12235594999999999,0.12949833333333333,0.1249095,0.14826394999999998,0.003908217,7676.1346670361445
13,30,0.11006620000000003,0.104897,0.13930104999999995,0.13248573333333333,0.12607249999999998,0.17014374999999995,0.003997813,7504.102868243212
14,30,0.10890260000000002,0.1073915,0.12083609999999999,0.13160506666666666,0.129002,0.14663544999999997,0.003971688,7553.463414044608
15,30,0.10676806666666665,0.10384750000000001,0.12122469999999998,0.1292517,0.124792,0.14949249999999997,0.003900847,7690.637443611606
16,30,0.12060826666666667,0.1153385,0.15506684999999998,0.1457107,0.14023249999999998,0.18075815,0.004394862,6826.152903094568
17,30,0.10238346666666667,0.100395,0.11611134999999999,0.1233365,0.120255,0.13817069999999998,0.00372148,8061.308941603877
18,30,0.10510123333333331,0.1006975,0.12400045,0.12735443333333335,0.12220400000000001,0.15099469999999998,0.003843007,7806.387029739993
19,30,0.10708276666666668,0.10243,0.1252586,0.12903420000000002,0.1229645,0.1506081,0.003893995,7704.170138893347
20,30,0.10501936666666666,0.101924,0.12216759999999996,0.1271125,0.1222705,0.15052289999999996,0.00383626,7820.116467601257
21,30,0.1417604333333333,0.104132,0.26577949999999995,0.16974529999999996,0.1281755,0.3095653999999999,0.005119231,5860.255182858519
22,30,0.10549773333333333,0.10280800000000001,0.12183514999999998,0.12744056666666664,0.12389349999999999,0.15139564999999996,0.003845736,7800.847484070669
23,30,0.10581986666666666,0.10198750000000001,0.12267479999999997,0.12792706666666664,0.122806,0.15023539999999996,0.0038605,7771.014117342313
24,30,0.11674280000000001,0.1072635,0.17419139999999989,0.13963296666666666,0.129379,0.20286624999999994,0.004213888,7119.315938154978
25,30,0.10695833333333331,0.101989,0.12930884999999995,0.1304386333333333,0.124089,0.16349254999999993,0.003937443,7619.157915428872
26,30,0.14056596666666668,0.1400845,0.16150994999999999,0.17019839999999997,0.169528,0.19441014999999998,0.005139069,5837.633236681586
27,30,0.12266949999999999,0.1155225,0.15890714999999997,0.14909689999999998,0.1394075,0.19580744999999997,0.004499116,6667.97655361631
28,30,0.10504350000000001,0.100248,0.12169069999999998,0.12715143333333334,0.12196399999999999,0.15096694999999996,0.003836523,7819.580385677344
29,30,0.10483916666666668,0.1007485,0.12283464999999999,0.12685836666666667,0.12074599999999999,0.15111914999999998,0.003827918,7837.158476226502
30,30,0.10334273333333331,0.100288,0.12058474999999995,0.1251963666666667,0.1209885,0.14837974999999995,0.003778006,7940.696759084025
31,30,0.12935423333333335,0.1089115,0.2051240499999999,0.1582155666666667,0.131811,0.24091184999999996,0.004773308,6284.949556994855
32,30,0.1043816,0.1012325,0.12050549999999999,0.12623599999999996,0.12206800000000001,0.14356895,0.00380902,7876.041606502459
33,30,0.10539096666666666,0.10197200000000001,0.1245394,0.12723023333333333,0.122805,0.15359669999999997,0.003839007,7814.520786234565
34,30,0.10802013333333332,0.1052255,0.12462154999999998,0.13052286666666665,0.1265095,0.15333179999999996,0.003938709,7616.708926706694
35,30,0.1029026,0.0994665,0.11589279999999999,0.1249067,0.119557,0.1419876,0.003769104,7959.4513709359035
36,30,0.1046277,0.101568,0.11976585,0.12686323333333335,0.1224845,0.14691379999999998,0.00382818,7836.622102408977
37,30,0.10587743333333335,0.1025985,0.13074594999999997,0.12749663333333333,0.1230395,0.1540915,0.003846519,7799.259538299434
38,30,0.10499490000000002,0.1023415,0.11804714999999999,0.12648146666666668,0.122835,0.143283,0.003816371,7860.870968781599
39,30,0.13446429999999998,0.1103815,0.22699324999999998,0.15787416666666665,0.13325700000000001,0.24922275,0.004758673,6304.278524706363
40,30,0.1034846,0.1001225,0.11533859999999997,0.12526006666666667,0.12136,0.14058329999999997,0.003779241,7938.101856960167
41,30,0.11449780000000002,0.1063965,0.1451862,0.13896106666666663,0.129369,0.18696079999999998,0.004193092,7154.624797166387
42,30,0.1151864,0.1039255,0.17688105,0.1374239,0.1256445,0.1989744,0.004146009,7235.874307074587
43,30,0.10642950000000002,0.10434650000000001,0.12003494999999997,0.12864896666666667,0.1250045,0.14817389999999997,0.003881927,7728.120595776273
44,30,0.10997933333333333,0.1073575,0.12776054999999997,0.13414979999999999,0.12937300000000002,0.16156385,0.004047379,7412.2042931981405
45,30,0.10485226666666667,0.1014975,0.12186864999999998,0.12660023333333334,0.1217885,0.14881134999999998,0.003819962,7853.481264996877
46,30,0.10662273333333333,0.102006,0.12147674999999997,0.12931596666666667,0.1241635,0.14857244999999997,0.003902855,7686.680647884689
47,30,0.11097943333333335,0.1044165,0.16051314999999985,0.1334771,0.1242785,0.18289584999999986,0.004027175,7449.390701918839
48,30,0.10498716666666667,0.10083500000000001,0.12359824999999995,0.12682476666666667,0.121767,0.15136484999999994,0.003827406,7838.206869090971
49,30,0.10560386666666668,0.1017865,0.12330939999999996,0.12808473333333334,0.1236595,0.15120324999999996,0.003865903,7760.15331993586
50,30,0.10606256666666665,0.101914,0.12323544999999995,0.1283814,0.1221895,0.15126934999999994,0.003875444,7741.04850953852
51,30,0.10550836666666667,0.102103,0.12058594999999997,0.12764203333333335,0.122027,0.14903909999999995,0.003853379,7785.374861906913
52,30,0.10511569999999999,0.10164999999999999,0.12071744999999998,0.1275555,0.1235725,0.14895599999999998,0.003850373,7791.452931962696
53,30,0.10451669999999999,0.101167,0.12205654999999996,0.1264712666666667,0.1222075,0.15041764999999996,0.003817331,7858.894080707174
54,30,0.10219056666666665,0.09996,0.11184229999999998,0.12376473333333335,0.1200885,0.14179219999999995,0.003735283,8031.5199678310855
55,30,0.10455110000000002,0.100833,0.12285204999999996,0.1262777333333333,0.121041,0.15015464999999995,0.003809484,7875.082294609979
56,30,0.12505723333333335,0.1140305,0.1787255,0.1472627,0.13692,0.21002744999999995,0.004439367,6757.7201884863325
57,30,0.10391713333333333,0.099592,0.12062004999999998,0.12602766666666668,0.119924,0.14711599999999997,0.003802715,7889.100287557706
58,30,0.1257331,0.1082485,0.22387974999999993,0.16134206666666667,0.13122499999999998,0.2569891999999999,0.004867143,6163.780271095384
59,30,0.10402763333333334,0.100802,0.12049914999999996,0.1268067,0.122588,0.14832394999999995,0.003826951,7839.138781761251
60,30,0.10366700000000001,0.10161,0.11531729999999997,0.12563493333333334,0.122819,0.14083084999999995,0.003790927,7913.6316790062165
61,30,0.10597383333333332,0.1015835,0.13422389999999995,0.12823283333333335,0.122475,0.15915295,0.003869663,7752.613082844681
62,30,0.104843,0.0999785,0.12387779999999997,0.12719003333333334,0.1208385,0.15561139999999996,0.003838408,7815.740275655949
63,30,0.1598104,0.106585,0.3796277999999999,0.1988914333333333,0.1295155,0.46628634999999985,0.005998424,5001.3136783928585
64,30,0.11866116666666662,0.10108500000000001,0.21012254999999988,0.14517563333333336,0.12152199999999999,0.2608192999999999,0.004379429,6850.2080979050015
65,30,0.11556036666666666,0.1119635,0.13893869999999997,0.13912966666666668,0.1357315,0.16523934999999998,0.004197112,7147.772087092267
66,30,0.1025959,0.0997195,0.11150735,0.12397233333333331,0.119778,0.1363452,0.003740475,8020.371744230345
67,30,0.10710886666666664,0.100731,0.14974844999999984,0.1287024333333333,0.1210665,0.17612714999999984,0.003883407,7725.175342167328
68,30,0.10420499999999998,0.10003899999999999,0.11913779999999999,0.12591663333333333,0.11992,0.14521969999999998,0.003799935,7894.8718859664705
69,30,0.10105746666666665,0.09984950000000001,0.11151729999999997,0.12175106666666666,0.119731,0.13559824999999995,0.003674117,8165.227182476769
70,30,0.10387146666666666,0.0999395,0.11885169999999996,0.12586146666666667,0.1200655,0.14623259999999996,0.003798319,7898.230769980089
71,30,0.10425216666666665,0.100949,0.12145024999999998,0.12582516666666668,0.12062049999999999,0.14803814999999998,0.00379683,7901.328213272651
72,30,0.10469256666666667,0.100242,0.12001769999999996,0.12645863333333332,0.120874,0.14884309999999995,0.003815993,7861.649641390852
73,30,0.20842363333333333,0.2188835,0.3748945499999998,0.25530573333333334,0.2754145,0.4430496499999999,0.007700556,3895.82258735603
74,30,0.1271628,0.1197625,0.16001814999999997,0.1550974333333333,0.144952,0.20138144999999993,0.004688071,6399.220489621424
75,30,0.1172775,0.10864850000000001,0.14904819999999996,0.1423508666666667,0.130474,0.18404039999999994,0.0042949,6985.028755035041
76,30,0.11423996666666665,0.1068765,0.14790324999999993,0.13929043333333332,0.13226949999999998,0.17489344999999995,0.00420293,7137.877623467439
77,30,0.10710363333333332,0.102691,0.128988,0.12958026666666667,0.1244345,0.15629539999999997,0.003909839,7672.950216108643
78,30,0.1130078,0.10873050000000001,0.14203419999999994,0.14088399999999998,0.1315045,0.1817533499999999,0.004250868,7057.382162890027
79,30,0.11519299999999998,0.11166200000000001,0.14125929999999998,0.13974846666666665,0.13494050000000002,0.16957849999999994,0.004218757,7111.099311953734
80,30,0.1345686,0.1325885,0.1596389,0.16305503333333335,0.157749,0.19666594999999998,0.00491868,6099.197345629315
81,30,0.10622493333333334,0.101852,0.12786034999999998,0.12859953333333335,0.1231855,0.15800859999999997,0.003879823,7732.31149977718
82,30,0.10679543333333334,0.10475,0.12462274999999998,0.12968073333333333,0.12738,0.15432524999999997,0.003915009,7662.8176333694255
83,30,0.10902760000000003,0.10119600000000001,0.14072049999999994,0.13202276666666665,0.12188550000000001,0.1700949499999999,0.003983297,7531.449450041008
84,30,0.1056045,0.101909,0.12188279999999997,0.1280727666666667,0.123196,0.14872994999999994,0.003863966,7764.043472432211
85,30,0.11778870000000001,0.1061715,0.19726384999999988,0.1405617,0.12783499999999998,0.22014629999999988,0.004239376,7076.513147217892
86,30,0.11879500000000003,0.11398549999999999,0.14985954999999998,0.1442901,0.1387915,0.18820629999999994,0.004354809,6888.935886740383
87,30,0.1029471,0.099572,0.12277189999999993,0.12427256666666667,0.11963,0.14935149999999991,0.003749655,8000.73606771823
88,30,0.1038881,0.100129,0.12276744999999999,0.1257103,0.1206515,0.14976394999999995,0.003792994,7909.319128899228
89,30,0.1050442,0.10114,0.12065594999999997,0.12703973333333335,0.1219215,0.14806394999999994,0.003832997,7826.773670837729
90,30,0.10391023333333335,0.1008435,0.11845849999999997,0.12581260000000002,0.121527,0.14582134999999996,0.003796704,7901.590432122177
91,30,0.10680529999999999,0.10193250000000001,0.1265797,0.12903743333333334,0.12346850000000001,0.15385204999999996,0.00389601,7700.185574472344
92,30,0.1048123,0.101911,0.11982929999999997,0.1270344,0.122488,0.14820979999999997,0.003833286,7826.183592875668
93,30,0.10418236666666666,0.100655,0.12080544999999998,0.12622493333333334,0.121528,0.14813044999999994,0.003808624,7876.860514453514
94,30,0.12355156666666665,0.102887,0.22233339999999988,0.14600586666666665,0.1227395,0.2457394999999999,0.004403633,6812.556813885263
95,30,0.10706126666666664,0.1009845,0.13168329999999992,0.130456,0.1209115,0.17181319999999986,0.003936637,7620.717886866379
96,30,0.10605379999999999,0.1024955,0.12448274999999999,0.12909746666666666,0.1244725,0.15182509999999996,0.003897126,7697.980511792536
97,30,0.1055814,0.10151299999999999,0.12052334999999996,0.12796713333333334,0.1227415,0.14920829999999996,0.00386625,7759.456838021339
98,30,0.10546466666666666,0.101571,0.11957184999999998,0.12804476666666667,0.1225825,0.14733789999999997,0.003865628,7760.7053756854
99,30,0.10606356666666666,0.100319,0.12500694999999998,0.1285009,0.1210765,0.15436934999999996,0.003878911,7734.129501811204
100,30,0.10226149999999999,0.0997005,0.11338784999999997,0.12427826666666664,0.121004,0.13967304999999997,0.003751902,7995.944456971424
101,30,0.10826329999999999,0.104079,0.13546649999999996,0.13165436666666666,0.125779,0.16604419999999992,0.003973647,7549.739571733472
102,30,0.10487033333333333,0.1000295,0.12114704999999998,0.12689920000000002,0.1202375,0.14869939999999995,0.003829002,7834.939757148207
103,30,0.11351939999999998,0.102109,0.16784815,0.13623063333333332,0.12285650000000001,0.1964356,0.00410968,7299.838430242744
104,30,0.12503123333333335,0.1027265,0.22890194999999977,0.15103346666666667,0.124214,0.27216814999999983,0.004555765,6585.063101367169
105,30,0.10569800000000003,0.100737,0.11934729999999996,0.12750526666666667,0.12067800000000001,0.14843144999999996,0.003847113,7798.0553209640575
106,30,0.10407333333333332,0.1006155,0.11866044999999997,0.12598776666666667,0.12047150000000001,0.14606589999999997,0.003801345,7891.9435094683595
107,30,0.11671993333333334,0.1116235,0.14417694999999997,0.1426375,0.135226,0.18718474999999998,0.00430911,6961.9944721763895
108,30,0.16134406666666667,0.16008050000000001,0.18819365,0.19563353333333336,0.1946305,0.2283361,0.005904118,5081.199257873911
109,30,0.17187909999999995,0.1639985,0.22281879999999993,0.21006956666666665,0.1968885,0.2781095999999999,0.006337442,4733.771133526744
110,30,0.11775063333333333,0.10610900000000001,0.1901393499999999,0.14323790000000003,0.12747550000000002,0.2289196,0.004322613,6940.246559199261
111,30,0.10573553333333334,0.101435,0.12367859999999997,0.12860660000000002,0.1228335,0.15368284999999995,0.003880542,7730.878830843733
112,30,0.12927239999999998,0.127658,0.14378185,0.15615253333333332,0.1537685,0.172677,0.004712853,6365.570918507324
113,30,0.10997966666666666,0.102537,0.13796864999999997,0.13333849999999997,0.1237785,0.16944179999999995,0.004023271,7456.619253338888
114,30,0.10653549999999999,0.10243250000000001,0.12768369999999993,0.1292925666666667,0.123527,0.15772774999999992,0.003901925,7688.512721285007
115,30,0.10106219999999998,0.09876599999999999,0.11487154999999996,0.12235116666666664,0.1193785,0.14133534999999994,0.003692458,8124.669258255612
116,30,0.10483283333333335,0.10213749999999999,0.11950749999999997,0.1273562,0.1238435,0.14786864999999996,0.003843572,7805.239501172347
117,30,0.10338870000000001,0.09940199999999999,0.11662579999999997,0.125586,0.1205545,0.14397054999999995,0.003790518,7914.485566352672
118,30,0.10564149999999999,0.10161600000000001,0.12399379999999996,0.1286389,0.122985,0.15330064999999993,0.003882991,7726.002970390608
119,30,0.10422126666666666,0.100582,0.12428844999999995,0.12624243333333332,0.1205985,0.15272944999999993,0.003810044,7873.9248155664345
120,30,0.11069256666666667,0.100354,0.14707879999999987,0.13315116666666665,0.1216555,0.18483549999999985,0.004018495,7465.481480006818
121,30,0.12046336666666667,0.1015835,0.24989309999999998,0.1464009333333333,0.121684,0.30596344999999997,0.004415679,6793.9721161796415
122,30,0.10412846666666667,0.09890650000000001,0.12053654999999996,0.1260474,0.1193485,0.14876124999999996,0.003802532,7889.4799570391515
123,30,0.10358966666666666,0.1002365,0.12045714999999997,0.12535843333333335,0.1210135,0.14817404999999997,0.003782119,7932.0613655995485
124,30,0.1296318,0.108128,0.22768814999999998,0.15843206666666668,0.13197350000000002,0.2710895,0.004779474,6276.841342792115
125,30,0.102525,0.098497,0.11397969999999998,0.12388163333333332,0.11932000000000001,0.13862419999999998,0.003737803,8026.105174617282
126,30,0.1048753333333333,0.1007565,0.12318659999999995,0.1268507,0.12110399999999999,0.15083259999999993,0.003826897,7839.249397096394
127,30,0.10448186666666667,0.0999505,0.12184324999999999,0.1262842,0.119839,0.14917869999999997,0.003809541,7874.964464222855
128,30,0.10405389999999999,0.100737,0.12175444999999996,0.12563383333333336,0.12114549999999999,0.14822554999999996,0.003790163,7915.2268649131975
129,30,0.10382196666666667,0.099935,0.12104129999999998,0.12578443333333336,0.11953549999999999,0.14847794999999997,0.003795386,7904.334368098528
130,30,0.10235076666666668,0.100797,0.11215175,0.12374363333333332,0.12094450000000001,0.13757745,0.003733522,8035.308215674101
131,30,0.10425836666666664,0.1002865,0.12179829999999998,0.12636256666666665,0.1214385,0.14914894999999997,0.003812224,7869.422153577544
132,30,0.10955763333333333,0.1025225,0.15735314999999986,0.13143246666666666,0.123447,0.18016124999999986,0.003964854,7566.482902018586
133,30,0.11349196666666668,0.1086095,0.13626825,0.13722273333333332,0.1310345,0.16524399999999997,0.004139604,7247.070009595121
134,30,0.10616273333333333,0.10310849999999999,0.12124844999999998,0.12965893333333336,0.126211,0.15106434999999996,0.003911287,7670.109608423007
135,30,0.10193136666666666,0.09947900000000001,0.11321579999999996,0.12296749999999998,0.1197135,0.13709604999999994,0.003710294,8085.6126226115775
136,30,0.10228266666666667,0.099715,0.11419659999999998,0.12342076666666667,0.11933949999999999,0.13828529999999997,0.003723998,8055.858246970058
137,30,0.10493543333333334,0.100806,0.11986344999999997,0.1267310333333333,0.1211615,0.14753764999999996,0.003823402,7846.415312854887
138,30,0.10388109999999999,0.10034799999999999,0.12106164999999998,0.1255976,0.12137300000000001,0.14858394999999996,0.003789833,7915.916083901323
139,30,0.1044836,0.10054099999999999,0.12032049999999997,0.12598396666666667,0.120697,0.14816999999999997,0.003800678,7893.328506124433
140,30,0.1058358666666667,0.102069,0.12096984999999998,0.1282691,0.1225565,0.15144114999999994,0.003869262,7753.416542999673
141,30,0.10471176666666665,0.100733,0.12437839999999996,0.12680160000000001,0.12122,0.15455019999999992,0.003826502,7840.058622731675
142,30,0.103357,0.099619,0.12103779999999995,0.1252329,0.121619,0.14862474999999994,0.003779221,7938.1438661565435
143,30,0.10562740000000001,0.10055449999999999,0.12320784999999995,0.1276786,0.1211825,0.15103604999999995,0.00385248,7787.191627211562
144,30,0.1038682,0.100284,0.12209679999999995,0.12595759999999998,0.1213545,0.14945454999999994,0.003801463,7891.698538168068
145,30,0.10383389999999999,0.10014200000000001,0.12239019999999995,0.12581413333333333,0.1214355,0.15012959999999995,0.003797016,7900.941160110992
146,30,0.10506563333333334,0.10115350000000001,0.12221914999999997,0.1270051,0.1214375,0.14992109999999997,0.003833307,7826.140718705807
147,30,0.10412003333333333,0.100452,0.12035219999999996,0.12591053333333332,0.1207335,0.14774599999999996,0.003800323,7894.06584650831
148,30,0.10474480000000001,0.102078,0.11870684999999997,0.12631696666666667,0.1219205,0.14804169999999997,0.003811909,7870.07244926361
149,30,0.10461533333333334,0.101408,0.12469799999999999,0.1261488,0.122085,0.1495207,0.003806958,7880.3075841656255
150,30,0.10490533333333334,0.101332,0.12060095,0.12669703333333335,0.12209700000000001,0.14712539999999996,0.003821979,7849.336691802859
151,30,0.10515593333333334,0.10019349999999999,0.12533894999999998,0.1269408,0.1204735,0.15709704999999996,0.003829675,7833.562900246105
152,30,0.1048011,0.101146,0.12045234999999999,0.12628810000000001,0.12137,0.14713659999999998,0.003810211,7873.579704641029
153,30,0.10383533333333332,0.10077900000000001,0.11952489999999998,0.12511999999999998,0.12042800000000001,0.14690669999999997,0.003774633,7947.792540360878
154,30,0.10412239999999998,0.10124449999999999,0.11945999999999997,0.12631593333333335,0.12228900000000001,0.14581429999999998,0.003810962,7872.028112586795
155,30,0.1038391,0.0988745,0.11868544999999998,0.12552303333333334,0.1194515,0.14415319999999998,0.003786564,7922.750018222325
156,30,0.10398166666666665,0.0997335,0.11753239999999998,0.1256366,0.120448,0.14336664999999996,0.003790773,7913.953169973513
157,30,0.10192646666666666,0.09954350000000001,0.10822789999999999,0.12272103333333334,0.11973400000000001,0.13047179999999997,0.003702389,8102.876277992399
158,30,0.11238463333333333,0.109125,0.1289379,0.1355391,0.13105650000000002,0.1526012,0.004088506,7337.6436282593195
159,30,0.10055799999999998,0.0981995,0.11029644999999999,0.12205226666666666,0.1188775,0.1373277,0.003683568,8144.27750485399
160,30,0.10519336666666665,0.10150200000000001,0.12001449999999998,0.1273615333333333,0.1221055,0.15139935,0.003843408,7805.572554358007
161,30,0.10142016666666666,0.098635,0.10819199999999998,0.12259623333333335,0.119108,0.13330019999999998,0.003699544,8109.107500816317
162,30,0.10528613333333334,0.101359,0.11662649999999997,0.1274397,0.1215465,0.14447249999999995,0.003845945,7800.423562999471
163,30,0.10331733333333333,0.09918650000000001,0.11679059999999997,0.12485293333333332,0.11961350000000001,0.14357719999999996,0.003766815,7964.2881320160395
164,30,0.1049009,0.100227,0.12078454999999998,0.1266142,0.1203335,0.14845114999999995,0.003820379,7852.624045938897
165,30,0.10327503333333334,0.098696,0.12055734999999997,0.12461459999999996,0.11892150000000001,0.14683279999999996,0.003760014,7978.693696353259
166,30,0.10516406666666667,0.09959000000000001,0.12312664999999998,0.12727533333333332,0.12127550000000001,0.15105649999999995,0.003839816,7812.874366896747
167,30,0.10338806666666665,0.09891549999999999,0.11667694999999997,0.12499026666666666,0.11961050000000001,0.14291224999999996,0.003770999,7955.451592535559
168,30,0.1024661,0.100715,0.11911214999999996,0.12360240000000002,0.12060699999999999,0.14406459999999996,0.003729346,8044.305891703263
169,30,0.10308129999999999,0.1002825,0.11811104999999997,0.12456203333333334,0.12027650000000001,0.14540634999999996,0.0037579,7983.182096383618
170,30,0.10235419999999998,0.0995065,0.1136679,0.12375276666666668,0.1200175,0.13893655,0.003734114,8034.034311753739
171,30,0.10284013333333336,0.09968949999999999,0.11783079999999996,0.12449333333333332,0.120272,0.14517764999999996,0.003756114,7986.978031018228
172,30,0.10312180000000001,0.098329,0.12281154999999996,0.12499786666666668,0.1189045,0.14963319999999994,0.003770716,7956.048665558477
173,30,0.12540976666666667,0.1070915,0.17498475,0.14787163333333334,0.1296135,0.19963045,0.004458575,6728.607234374211
174,30,0.10677156666666665,0.101578,0.13516419999999993,0.12860833333333332,0.1224815,0.15914814999999996,0.003880178,7731.604065586682
175,30,0.10378663333333335,0.10004550000000001,0.11995894999999998,0.1252997,0.11997050000000001,0.14736124999999997,0.003780734,7934.9671254312
176,30,0.10503966666666667,0.10117,0.12014224999999998,0.12714419999999999,0.121501,0.14900074999999996,0.003836618,7819.386761986729
177,30,0.10321820000000001,0.100252,0.12058259999999997,0.12425626666666667,0.1203965,0.14575444999999995,0.003749152,8001.809475849473
178,30,0.10192633333333334,0.099663,0.10799379999999999,0.12331196666666666,0.11976049999999999,0.1329907,0.003721157,8062.008670959059
179,30,0.10395793333333334,0.100832,0.11961419999999998,0.12571553333333335,0.121286,0.14643329999999996,0.003793602,7908.051503557832
180,30,0.10347606666666667,0.099474,0.11870959999999997,0.12525493333333332,0.11960699999999999,0.14588169999999995,0.003779456,7937.650286178751
181,30,0.10329680000000001,0.09948599999999999,0.12073039999999999,0.1247938,0.1190365,0.14737689999999998,0.003765602,7966.853639869535
182,30,0.10437763333333333,0.10163849999999999,0.11802499999999998,0.12623133333333333,0.122311,0.14508079999999995,0.003808837,7876.42002007437
183,30,0.11038286666666668,0.10742,0.13611519999999996,0.1340400333333333,0.12942700000000001,0.16288009999999997,0.004043968,7418.45632804216
184,30,0.10305336666666667,0.09888849999999999,0.11609444999999999,0.12445769999999999,0.11902750000000001,0.14235919999999996,0.003754971,7989.409239112632
185,30,0.10106410000000002,0.0986195,0.1078612,0.12224749999999998,0.1185965,0.13304435,0.003688465,8133.464733974702
186,30,0.10521100000000001,0.09964049999999999,0.12173469999999999,0.1270256,0.12001,0.14657754999999995,0.00383239,7828.01332849736
187,30,0.1032708,0.099049,0.11785319999999998,0.12497830000000001,0.119165,0.14498474999999997,0.003770846,7955.774380603186
188,30,0.11487616666666667,0.1052785,0.16629539999999993,0.13708246666666665,0.1256275,0.19338834999999996,0.004135176,7254.830265991097
189,30,0.10383096666666666,0.1006895,0.12030194999999998,0.12602426666666666,0.12132699999999999,0.14929384999999995,0.003803692,7887.073927121333
190,30,0.10427623333333333,0.101345,0.11847054999999997,0.12653816666666667,0.12153,0.14617594999999994,0.003819107,7855.239457810425
191,30,0.10331860000000001,0.0991075,0.1320237,0.12524043333333335,0.119392,0.15611685,0.003779606,7937.335267220975
192,30,0.10316813333333334,0.098944,0.12042484999999997,0.12509313333333333,0.1196545,0.14818744999999994,0.003775953,7945.014146097687
193,30,0.10322756666666667,0.10054750000000001,0.11732254999999997,0.12515696666666667,0.1216155,0.14435029999999996,0.00377756,7941.63428244687
194,30,0.10146036666666666,0.09974949999999999,0.11419429999999998,0.12312120000000001,0.12033250000000001,0.1408419,0.003716533,8072.0391827544645
195,30,0.10445946666666667,0.0995805,0.11866789999999998,0.12663720000000003,0.12065200000000001,0.14591539999999997,0.003822261,7848.757580918728
196,30,0.13443816666666664,0.101053,0.24937719999999985,0.1617265333333333,0.1219445,0.29527319999999996,0.00491894,6098.874960865553
197,30,0.11908066666666667,0.1008435,0.24073974999999964,0.14241143333333336,0.122229,0.26727179999999967,0.004295726,6983.68564475481
198,30,0.11268726666666667,0.1060585,0.13298844999999998,0.13809586666666665,0.1301365,0.1627746,0.004167143,7199.176990086494
199,30,0.10561103333333331,0.10021,0.12460579999999996,0.12810576666666668,0.12093999999999999,0.15605399999999994,0.003865195,7761.574771777362
200,30,0.10641953333333334,0.1045165,0.12250564999999998,0.12917733333333334,0.126255,0.15183544999999996,0.003897773,7696.702706904686
201,30,0.11504340000000002,0.1119475,0.1425068,0.13940153333333333,0.1338815,0.1709915,0.004204724,7134.832155451821
202,30,0.11642456666666666,0.1084425,0.1803002499999999,0.1420402,0.13165,0.2213254499999999,0.004285869,6999.74730912214
203,30,0.1096565,0.10376450000000001,0.14852349999999992,0.13277789999999998,0.126512,0.1758330499999999,0.004009627,7481.992714035495
204,30,0.22579159999999998,0.2277765,0.2503453,0.2880582333333333,0.2908345,0.31920909999999997,0.008692726,3451.1613503059916
205,30,0.11508793333333332,0.100463,0.21132084999999998,0.14035883333333332,0.121283,0.27043734999999997,0.004235797,7082.4923857304775
206,30,0.11616016666666668,0.1136805,0.1310962,0.14091060000000002,0.1386675,0.16015975,0.004251086,7057.020253177659
207,30,0.11114959999999999,0.107843,0.12614184999999997,0.13463213333333332,0.130634,0.15540039999999997,0.004062358,7384.87351434807
208,30,0.10773540000000001,0.1023905,0.13055619999999996,0.130896,0.125876,0.16289834999999997,0.00394942,7596.05207853305
209,30,0.10402003333333333,0.10122049999999999,0.12068904999999998,0.1261478,0.122188,0.14795209999999998,0.003806567,7881.117027494854
210,30,0.1098354,0.1080025,0.12223505,0.13287200000000002,0.13030999999999998,0.14954954999999998,0.00400928,7482.640274563015
211,30,0.12002433333333332,0.10734949999999999,0.1726920999999999,0.1457372666666667,0.12980550000000002,0.2253819999999998,0.004396621,6823.421896042439
212,30,0.10758709999999999,0.1044495,0.12526329999999997,0.131033,0.1248595,0.15508034999999998,0.003953547,7588.1227667206185
213,30,0.13247566666666669,0.106427,0.24909329999999996,0.16068099999999996,0.129154,0.29237719999999995,0.004846354,6190.22052454278
214,30,0.10510046666666666,0.1014495,0.11951539999999998,0.12654866666666664,0.1215975,0.14617064999999996,0.003817796,7857.936882955506
215,30,0.10214619999999999,0.10002649999999999,0.11443409999999998,0.12369600000000001,0.120786,0.13962285,0.003732223,8038.104904235358
216,30,0.10749276666666667,0.10180149999999999,0.13438519999999995,0.12960910000000003,0.12192900000000001,0.16504999999999992,0.00390994,7672.752011539819
217,30,0.10511023333333332,0.1014605,0.12990579999999996,0.12732063333333332,0.122496,0.15676129999999996,0.003841098,7810.266751850643
218,30,0.16893816666666667,0.110123,0.3518464499999999,0.20544143333333334,0.13374,0.39665409999999995,0.006198152,4840.152355089065
219,30,0.19503263333333332,0.1458215,0.357153,0.22316516666666666,0.167969,0.3860973,0.006722971,4462.312867332017
220,30,0.15954403333333333,0.1216995,0.27708215,0.18539109999999998,0.14890599999999998,0.30226855,0.005587212,5369.40427533446
221,30,0.11143516666666667,0.10816100000000001,0.13254524999999998,0.13431659999999998,0.13,0.1609571,0.004051798,7404.120343610418
222,30,0.11674146666666668,0.10913600000000001,0.13944059999999997,0.14091269999999997,0.133641,0.17229299999999995,0.00425082,7057.461854418677
223,30,0.1065017,0.1024635,0.12299119999999998,0.12900316666666664,0.12415100000000001,0.15035649999999998,0.003892557,7707.016236371105
224,30,0.1163318,0.1072775,0.16664324999999994,0.14258933333333335,0.13013550000000002,0.21441634999999992,0.004302321,6972.980398254803
225,30,0.10501673333333333,0.102332,0.12495625,0.1274409666666667,0.124901,0.15058539999999998,0.003845404,7801.520984531144
226,30,0.12048356666666665,0.108754,0.17759924999999996,0.14988373333333332,0.1321965,0.22934299999999994,0.004522103,6634.081532419761
227,30,0.10832106666666669,0.10252649999999999,0.14556119999999992,0.12994156666666667,0.1230115,0.1653179999999999,0.003920807,7651.486033359969
228,30,0.11562826666666666,0.11357700000000001,0.13150495,0.13948453333333335,0.1379265,0.15841444999999998,0.004207258,7130.534899452327
229,30,0.10527553333333334,0.102256,0.12012884999999998,0.12693179999999998,0.123276,0.14601099999999995,0.00382926,7834.4118707008665
230,30,0.10940306666666667,0.1045475,0.13694519999999996,0.1322225,0.125767,0.16651339999999998,0.003988782,7521.092905052219
231,30,0.10567193333333333,0.1017045,0.12291034999999996,0.12759413333333333,0.1213535,0.15110714999999994,0.003849331,7793.562050132867
232,30,0.1071426,0.103158,0.12431714999999999,0.1291614,0.12389700000000001,0.151425,0.003897399,7697.441293539614
233,30,0.14112926666666667,0.1048785,0.3820948999999995,0.16974533333333333,0.126963,0.43336229999999965,0.00511906,5860.450942165163
234,30,0.10346166666666666,0.10165199999999999,0.11342775,0.12626626666666665,0.1223545,0.14281714999999998,0.003810576,7872.825525589832
235,30,0.10556760000000003,0.10293,0.1155826,0.1279762,0.1240885,0.14155379999999998,0.003861682,7768.635532392362
236,30,0.1027517,0.0994875,0.11728104999999996,0.12467110000000002,0.120064,0.14324974999999995,0.003763046,7972.2650214746245
237,30,0.10767783333333332,0.1039335,0.13208364999999997,0.1311050666666667,0.124799,0.15835635,0.003964558,7567.047827273557
238,30,0.11001520000000002,0.1062475,0.1313529,0.1333904333333333,0.1276135,0.15872909999999998,0.004025252,7452.949529619512
239,30,0.10409323333333333,0.101472,0.11993904999999996,0.12640663333333332,0.1224395,0.15042499999999995,0.003815811,7862.024612854253
240,30,0.11460616666666666,0.1077475,0.1480609,0.14024240000000002,0.130916,0.1839322,0.004233481,7086.366987356268
241,30,0.10760696666666668,0.1028685,0.12720064999999997,0.12988013333333334,0.1236555,0.15327759999999999,0.003920337,7652.403352058764
242,30,0.12169783333333332,0.1072015,0.18945189999999995,0.14491723333333334,0.13107950000000002,0.20979374999999995,0.004372623,6860.870466079514
243,30,0.12635423333333334,0.1032815,0.22613104999999997,0.15865013333333333,0.125539,0.27054705,0.004796957,6253.964753071583
244,30,0.10801086666666665,0.10622899999999999,0.12113269999999995,0.13058166666666665,0.128154,0.15147474999999994,0.003941242,7611.813737902925
245,30,0.11255586666666668,0.10563700000000001,0.13738115,0.13594399999999998,0.126557,0.16655664999999997,0.00410196,7313.576924202089
246,30,0.11028453333333332,0.10309750000000001,0.15885759999999988,0.1323705,0.12297749999999999,0.1823173999999999,0.003993019,7513.112259170316
247,30,0.10254503333333333,0.099841,0.11250584999999998,0.12350026666666665,0.1192365,0.13691214999999995,0.003726367,8050.736816851373
248,30,0.10713749999999998,0.0994745,0.14290484999999986,0.12855563333333336,0.1200125,0.17632844999999983,0.003879673,7732.610454540885
249,30,0.10647466666666666,0.1006055,0.13114609999999993,0.12951283333333335,0.1217965,0.1632788999999999,0.003908715,7675.156669135508
250,30,0.10543959999999998,0.1023675,0.12343499999999999,0.12806383333333338,0.12345300000000001,0.15103379999999997,0.003863756,7764.465457963702
251,30,0.10792983333333334,0.102342,0.14136849999999998,0.13070910000000002,0.1236365,0.16580604999999998,0.003943569,7607.3221997637165
252,30,0.11927716666666664,0.1160155,0.15150085,0.14458433333333334,0.14020300000000002,0.17693424999999996,0.004362317,6877.079313584959
253,30,0.1096735,0.1044815,0.13085535,0.13305153333333333,0.1255615,0.1616699,0.004015487,7471.073869744816
254,30,0.11462513333333334,0.10651250000000001,0.1578767999999999,0.13846556666666665,0.1294425,0.19384724999999986,0.004177652,7181.067259790907
255,30,0.10575999999999999,0.1010235,0.12261084999999995,0.12841153333333333,0.12195600000000001,0.15285934999999995,0.003875612,7740.712950625604
256,30,0.1066525333333333,0.10224150000000001,0.1320723499999999,0.1294104,0.1238795,0.16454879999999988,0.003904807,7682.838101857531
257,30,0.10711243333333333,0.1053085,0.12410539999999999,0.1295821,0.128336,0.1485128,0.003910703,7671.255014763331
258,30,0.10427893333333335,0.09997349999999999,0.11870879999999995,0.1267179,0.122062,0.14480239999999994,0.003823614,7845.98026892882
259,30,0.10400013333333331,0.1003415,0.12048229999999996,0.126379,0.12113499999999999,0.14895564999999994,0.003813992,7865.774233401643
260,30,0.10493919999999998,0.10135949999999999,0.11975644999999997,0.12717253333333337,0.12207,0.14790204999999995,0.003837591,7817.404199665884
261,30,0.10919063333333331,0.106584,0.12144299999999998,0.13343396666666668,0.1292365,0.14961499999999997,0.004026063,7451.448226220007
262,30,0.10338186666666666,0.1005975,0.11422799999999997,0.1254564,0.12146799999999999,0.14066039999999996,0.00378579,7924.369814490503
263,30,0.10446466666666666,0.101419,0.11994839999999998,0.12625076666666665,0.12192,0.14593584999999995,0.003809758,7874.515914134179
264,30,0.10571726666666667,0.10118350000000001,0.12212759999999998,0.12847303333333332,0.122219,0.15022409999999997,0.00387646,7739.019620994412
265,30,0.11068966666666667,0.1097475,0.12298324999999997,0.1343547333333333,0.13275599999999999,0.15134114999999995,0.004055279,7397.764740724374
266,30,0.10546733333333337,0.1020305,0.11813154999999996,0.1282748,0.124274,0.14534349999999996,0.003870482,7750.972617880667
267,30,0.10403570000000001,0.10042899999999999,0.12068309999999996,0.12647536666666667,0.1208515,0.14829169999999994,0.0038169,7859.781498074354
268,30,0.1032654,0.099713,0.11911034999999998,0.1252419,0.11994350000000001,0.14716164999999995,0.003779635,7937.274366440146
269,30,0.10437796666666666,0.10323199999999999,0.1148193,0.12654253333333332,0.12519999999999998,0.1359931,0.003818132,7857.2453754872795
270,30,0.10579603333333333,0.101191,0.12341789999999997,0.1282522,0.1220135,0.15068919999999997,0.003869757,7752.424764655765
271,30,0.10416296666666666,0.1008035,0.12254639999999997,0.12672083333333334,0.1217125,0.15055004999999996,0.003828231,7836.517702301663
272,30,0.1030133,0.099616,0.11426984999999999,0.12491250000000001,0.1202415,0.1399751,0.003769824,7957.931192543736
273,30,0.10215506666666667,0.10051850000000001,0.10850525,0.12361646666666666,0.12149650000000001,0.1316646,0.003730575,8041.655776924469
274,30,0.10814393333333332,0.1005975,0.13419844999999997,0.13117203333333333,0.121133,0.16823384999999996,0.003959416,7576.874973480937
275,30,0.10553760000000002,0.102163,0.12117279999999998,0.12788609999999997,0.1229035,0.14914394999999997,0.003859055,7773.923926971758
276,30,0.11103796666666668,0.108833,0.12185479999999999,0.13488173333333334,0.1314015,0.14963624999999997,0.004069541,7371.8387405360945
277,30,0.11155683333333334,0.104607,0.14972719999999992,0.13492213333333333,0.126786,0.18031999999999992,0.004071423,7368.431135747869
278,30,0.10533273333333333,0.1021425,0.11958399999999997,0.12813703333333334,0.12275050000000001,0.14799024999999996,0.003866965,7758.022118121059
279,30,0.1051478,0.1026995,0.11491184999999998,0.12736626666666667,0.12367500000000001,0.14167989999999997,0.003843731,7804.916629181386
280,30,0.10431083333333335,0.10034799999999999,0.12295619999999999,0.12637040000000002,0.1210665,0.15164074999999996,0.003813198,7867.412077736326
281,30,0.10653409999999999,0.103685,0.12101304999999998,0.1292802666666667,0.125062,0.14964429999999995,0.003901165,7690.010548131136
282,30,0.10560953333333332,0.1009825,0.12480224999999996,0.1286059,0.122019,0.15627869999999994,0.003881121,7729.725509717425
283,30,0.10583546666666667,0.101911,0.12049074999999997,0.12854953333333333,0.1232215,0.15003984999999995,0.00388028,7731.400826744462
284,30,0.10416293333333333,0.10056699999999999,0.12050129999999996,0.12642110000000004,0.1214565,0.14912934999999997,0.003815116,7863.456838533874
285,30,0.10341753333333335,0.09951750000000001,0.11969989999999997,0.1252902666666667,0.1202715,0.14735869999999995,0.003782199,7931.893588888369
286,30,0.10503023333333333,0.10037,0.12489839999999997,0.1276121,0.1210725,0.15317629999999996,0.003852969,7786.203314898199
287,30,0.12453966666666666,0.104408,0.22411254999999997,0.15157696666666665,0.12631799999999999,0.26127354999999997,0.004575414,6556.78371399834
288,30,0.10637553333333336,0.101095,0.13570284999999996,0.12964750000000003,0.12140899999999999,0.17263219999999993,0.003913092,7666.571601178812
289,30,0.10781636666666666,0.1041225,0.1208571,0.13062636666666666,0.12574649999999998,0.14806804999999998,0.003942062,7610.230381967611
290,30,0.10568586666666666,0.10136200000000001,0.12385629999999997,0.12768183333333333,0.12163299999999999,0.15289744999999993,0.003852599,7786.951094572781
291,30,0.10565613333333333,0.102705,0.12293604999999996,0.12799476666666665,0.12357,0.15103539999999996,0.003861292,7769.42018371053
292,30,0.1031292,0.099351,0.11325044999999999,0.12508650000000002,0.120185,0.13982419999999995,0.003774639,7947.779906899706
293,30,0.10475220000000002,0.102774,0.11405359999999999,0.12648613333333333,0.1229655,0.13927114999999995,0.003816809,7859.968890243133
294,30,0.10358929999999998,0.099866,0.11445239999999998,0.12548539999999997,0.1202915,0.14139919999999995,0.003786317,7923.2668580047575
295,30,0.10197876666666666,0.10129550000000001,0.10828855,0.12306876666666665,0.1211025,0.13359695,0.003713534,8078.558052787453
296,30,0.10197323333333336,0.099661,0.11402244999999997,0.12288620000000001,0.1201865,0.13845949999999996,0.003707702,8091.265155613909
297,30,0.10422619999999999,0.100243,0.12117164999999998,0.12637843333333335,0.121037,0.15094529999999995,0.003812851,7868.128075290642
298,30,0.10437286666666665,0.1000505,0.12107029999999996,0.1260376,0.1203515,0.15108409999999994,0.003802345,7889.867963059638
299,30,0.10601196666666665,0.1021995,0.12364059999999996,0.12848293333333333,0.1236315,0.15200739999999996,0.003876298,7739.343053604238
300,30,0.1029456,0.100582,0.11751029999999997,0.12439686666666666,0.1210985,0.14271284999999995,0.003753197,7993.185542885173
301,30,0.11609373333333334,0.11247599999999999,0.1382387,0.1404473333333333,0.13606449999999998,0.16975315,0.004236853,7080.727134030849
302,30,0.10215603333333334,0.100498,0.11232464999999998,0.12371306666666668,0.1204305,0.13847324999999996,0.003732738,8036.995899524692
303,30,0.10692920000000002,0.101755,0.12577624999999998,0.12922666666666668,0.123198,0.15056595,0.003898726,7694.821333943447
304,30,0.10726906666666669,0.104351,0.12297554999999998,0.12995643333333334,0.1260755,0.15105874999999996,0.003920083,7652.899186063151
305,30,0.10474636666666666,0.101727,0.12260929999999999,0.1268854,0.1240425,0.14877854999999998,0.003828578,7835.807446002145
306,30,0.10531426666666668,0.1027335,0.12035049999999997,0.12751526666666665,0.123901,0.14792784999999994,0.003847202,7797.87492312595
307,30,0.10711816666666665,0.10233049999999999,0.12056554999999998,0.12948306666666667,0.1240635,0.14771809999999996,0.003906695,7679.125194057893
308,30,0.1273612,0.10239100000000001,0.2541953,0.1545154333333333,0.122781,0.3086678,0.004661321,6435.943802196844
309,30,0.112469,0.1036855,0.16190079999999996,0.13840733333333333,0.125776,0.2091280499999999,0.004176573,7182.922458197187
310,30,0.11399770000000001,0.106445,0.17582859999999997,0.13668270000000002,0.12782149999999998,0.19655764999999997,0.004122423,7277.273584006299
311,30,0.10581199999999999,0.102064,0.12703799999999996,0.12823396666666667,0.123721,0.15697439999999993,0.0038694,7753.140021708792
312,30,0.10635126666666667,0.103201,0.12102659999999997,0.1291049333333333,0.1240285,0.15020694999999995,0.003897954,7696.345313464449
313,30,0.10482243333333335,0.101199,0.11603914999999997,0.12754906666666666,0.122199,0.14396509999999993,0.003849561,7793.096407616349
314,30,0.10332083333333333,0.100844,0.11181039999999999,0.12463529999999999,0.12123249999999999,0.13606175,0.003761177,7976.226590771984
315,30,0.10255109999999998,0.101024,0.11094764999999998,0.1243739,0.12187049999999999,0.13679984999999997,0.003753485,7992.572236201823
316,30,0.10555656666666667,0.10202800000000001,0.12270894999999997,0.12818266666666667,0.1238615,0.14969274999999996,0.003868529,7754.885642578872
317,30,0.10398356666666667,0.10038949999999999,0.11892624999999996,0.12652956666666668,0.12156600000000001,0.15159959999999992,0.00381824,7857.023131076097
318,30,0.10746566666666665,0.1046825,0.12274839999999998,0.1298645333333333,0.125163,0.15122419999999998,0.003918601,7655.793483439626
319,30,0.10331323333333332,0.10137399999999999,0.11798464999999997,0.12579846666666666,0.122224,0.14659819999999996,0.003796288,7902.456294148389
320,30,0.10713686666666669,0.1026685,0.12565155,0.12996583333333334,0.1239415,0.15201835,0.003921685,7649.772992986433
321,30,0.1053775,0.1019385,0.12378954999999998,0.12775069999999997,0.12412000000000001,0.15082589999999996,0.003854734,7782.63817944377
322,30,0.10506953333333333,0.10047,0.12135229999999997,0.12783043333333335,0.122398,0.14944664999999996,0.003857237,7777.587947020108
323,30,0.1310133666666667,0.10438,0.23942664999999996,0.15991916666666664,0.12653999999999999,0.28001064999999997,0.004823839,6219.1130342451315
324,30,0.10490569999999999,0.100415,0.12308969999999998,0.126799,0.1210465,0.14978004999999997,0.003825949,7841.191819336849
325,30,0.11186253333333333,0.1083935,0.12581314999999998,0.1349906,0.131465,0.1483256,0.004072553,7366.386637571077
326,30,0.1056636,0.09999649999999999,0.1378526499999999,0.12748653333333332,0.121549,0.16637784999999988,0.003845526,7801.273479882856
327,30,0.10610136666666667,0.10154550000000001,0.12085224999999998,0.12817146666666665,0.121972,0.14872484999999996,0.003866888,7758.176600925602
328,30,0.10946056666666665,0.10378699999999999,0.15163975,0.132869,0.125512,0.18636904999999995,0.004008618,7483.875989181309
329,30,0.10699873333333332,0.101971,0.13534199999999996,0.1300931,0.122813,0.1647651,0.003926354,7640.676311916857
330,30,0.10554436666666667,0.1024785,0.12475719999999996,0.12765690000000002,0.12328449999999999,0.15336589999999994,0.003852411,7787.33110252255
331,30,0.11530410000000003,0.112865,0.12711184999999997,0.139716,0.1365515,0.15466664999999996,0.004216505,7114.897290528531
332,30,0.11787533333333333,0.106809,0.18306674999999986,0.14430733333333334,0.13099149999999998,0.23396299999999987,0.004356497,6886.26664955812
333,30,0.16218890000000002,0.1555365,0.20772145,0.19588976666666666,0.186629,0.25517825,0.005912598,5073.911671316061
334,30,0.17637786666666672,0.1685375,0.2272237,0.21489443333333336,0.2053845,0.2784529499999999,0.006486894,4624.709452628638
335,30,0.13188296666666666,0.123515,0.17137824999999995,0.16042416666666665,0.15082099999999998,0.21318894999999993,0.004842581,6195.043510888098
336,30,0.10905413333333334,0.10301550000000001,0.1480999999999999,0.13258753333333334,0.1229005,0.18732939999999987,0.004002403,7495.497080129113
337,30,0.10352806666666667,0.101696,0.11735989999999998,0.12536456666666665,0.1222955,0.14570389999999997,0.003783836,7928.462015795611
338,30,0.1131031333333333,0.11159450000000001,0.12401264999999999,0.1370383,0.13339499999999999,0.15000624999999998,0.004135817,7253.705857875239
339,30,0.12678283333333334,0.1205825,0.16469589999999995,0.15412626666666665,0.145866,0.20177844999999997,0.004650001,6451.61151578247
340,30,0.10248740000000002,0.100123,0.11447264999999998,0.12390286666666665,0.12054000000000001,0.13942619999999997,0.003739086,8023.3511612196135
341,30,0.10440223333333334,0.1006735,0.12093829999999997,0.12641853333333336,0.12095700000000001,0.14920879999999995,0.00381483,7864.046366417377
342,30,0.10966136666666666,0.1038935,0.13653129999999997,0.13288183333333334,0.124886,0.16972259999999992,0.004008848,7483.44661608522
343,30,0.1050437,0.101368,0.11979944999999997,0.1272543,0.1227375,0.14757464999999995,0.003839709,7813.092085884633
344,30,0.10204823333333334,0.0987805,0.11284049999999997,0.12330693333333335,0.1193705,0.13711804999999996,0.003720778,8062.829870527078
345,30,0.10215953333333334,0.099527,0.11635309999999997,0.12366499999999997,0.1197305,0.14147474999999995,0.003731415,8039.845474169986
346,30,0.10408159999999998,0.1007235,0.12207589999999997,0.12595243333333334,0.120848,0.15036259999999996,0.003800171,7894.38159493349
347,30,0.10376653333333331,0.100417,0.12029814999999996,0.12577686666666668,0.120769,0.14864544999999996,0.003795156,7904.813398974904
348,30,0.11451823333333334,0.1106325,0.14314494999999994,0.1393671,0.1335345,0.17909844999999994,0.004204215,7135.69596226644
349,30,0.10581596666666666,0.1008085,0.11665004999999999,0.12776283333333333,0.12207,0.14198684999999997,0.003855885,7780.315024955361
350,30,0.10846686666666668,0.1021865,0.13995664999999993,0.13048883333333333,0.12372949999999999,0.17366364999999992,0.003936403,7621.170901454958
351,30,0.10504493333333335,0.1018855,0.11963319999999997,0.12691356666666667,0.122226,0.14542454999999996,0.003829396,7834.133633606971
352,30,0.10548319999999999,0.1004905,0.12118339999999998,0.12752576666666665,0.12121,0.14661289999999996,0.003847347,7797.581034411504
353,30,0.10324293333333333,0.100287,0.11430339999999997,0.12505743333333333,0.12053349999999999,0.14077329999999996,0.003773718,7949.719613389236
354,30,0.10630093333333333,0.10227,0.13533659999999995,0.1299734333333333,0.12325549999999999,0.16909374999999993,0.003922438,7648.304447387058
355,30,0.10570070000000001,0.102937,0.12020954999999997,0.1277865,0.1233905,0.14814224999999998,0.003855248,7781.600561105278
356,30,0.10494280000000002,0.100855,0.12060279999999998,0.12682639999999998,0.120863,0.14737989999999995,0.00382671,7839.63247802943
357,30,0.10440166666666667,0.10235949999999999,0.1173013,0.12617096666666666,0.122422,0.14326614999999998,0.003806927,7880.3717539107
358,30,0.10588823333333335,0.101793,0.11933549999999997,0.12781146666666668,0.12184249999999999,0.14690414999999996,0.003855884,7780.317042732613
359,30,0.10513586666666667,0.101204,0.12036249999999998,0.1271404333333333,0.1216555,0.14832639999999997,0.003835771,7821.113408490757
360,30,0.10432466666666666,0.1012165,0.12013024999999998,0.12622836666666667,0.12175849999999999,0.14789819999999995,0.003809072,7875.934085782574
361,30,0.1039829,0.1009475,0.11840719999999998,0.12557929999999998,0.1216215,0.14553294999999994,0.003789307,7917.0149053639625
362,30,0.1055253,0.101115,0.11743409999999999,0.12747216666666666,0.12188199999999999,0.14352489999999996,0.003845947,7800.419506561063
363,30,0.10232649999999999,0.09900900000000001,0.11448419999999997,0.12351326666666666,0.11937800000000001,0.13950109999999996,0.003726919,8049.544409202346
364,30,0.10306173333333334,0.1008975,0.11650249999999998,0.1249863,0.12084349999999999,0.14279794999999998,0.003771538,7954.314658900427
365,30,0.10380750000000001,0.1006075,0.11868424999999998,0.12569143333333332,0.1215705,0.14614439999999995,0.003792834,7909.652782062173
366,30,0.10532483333333337,0.10128799999999999,0.12227319999999998,0.12743233333333331,0.1224435,0.14923814999999996,0.003844908,7802.5273946736825
367,30,0.10482423333333336,0.10105,0.11973549999999997,0.12634773333333335,0.12135,0.14732814999999994,0.00381191,7870.070384662807
368,30,0.10631586666666668,0.10184199999999999,0.12267779999999999,0.12818046666666666,0.122627,0.14970764999999997,0.003867402,7757.145494572325
369,30,0.10882056666666667,0.10425200000000001,0.142943,0.13188103333333331,0.1262175,0.1753968,0.003979326,7538.965141332979
370,30,0.10502613333333334,0.101222,0.12287759999999998,0.12720879999999998,0.122063,0.15124354999999995,0.003838581,7815.388030108001
371,30,0.10115923333333333,0.099538,0.11015265,0.1219911,0.1195065,0.13338305,0.003684038,8143.23847908192
372,30,0.10509623333333334,0.10195499999999999,0.1184213,0.12744876666666669,0.12315799999999999,0.14415319999999998,0.003846985,7798.31478417514
373,30,0.11128873333333335,0.1087935,0.13885994999999995,0.1354628,0.13170300000000001,0.1741228999999999,0.004089075,7336.62258579263
374,30,0.10536753333333332,0.1019525,0.1314859499999999,0.12735433333333332,0.1228375,0.1623037999999999,0.003844029,7804.311569969946
375,30,0.10522513333333333,0.10275899999999999,0.12337889999999996,0.12722063333333333,0.1236805,0.15128789999999995,0.003839517,7813.482789632133
376,30,0.10639793333333333,0.101543,0.12133324999999998,0.12879483333333333,0.12261050000000001,0.14950499999999997,0.003887577,7716.888951652919
377,30,0.10658323333333336,0.10229150000000001,0.12964749999999997,0.12889633333333333,0.123045,0.15782785,0.003890521,7711.049496969686
378,30,0.10523203333333334,0.1013165,0.12448684999999995,0.1275077,0.121701,0.15325874999999994,0.003851722,7788.724108333882
379,30,0.10619246666666667,0.1020205,0.12709564999999995,0.1285051333333333,0.122837,0.15565999999999994,0.003878034,7735.878540518212
380,30,0.10544863333333335,0.102277,0.13318289999999994,0.12732236666666666,0.12221,0.16086094999999992,0.003841654,7809.136377195864
381,30,0.10459740000000003,0.101798,0.12317769999999996,0.1262234,0.12210199999999999,0.15116299999999994,0.003808322,7877.485149627579
382,30,0.10345113333333332,0.100256,0.11691249999999995,0.12489126666666664,0.121529,0.14334114999999992,0.003768641,7960.429236958362
383,30,0.11066060000000001,0.10543949999999999,0.14576365,0.13434493333333333,0.12813750000000002,0.17566244999999994,0.004053598,7400.832544322352
384,30,0.10702106666666666,0.102651,0.12195364999999997,0.12923586666666667,0.123886,0.15070854999999997,0.00389974,7692.820547010826
385,30,0.10506996666666664,0.1011225,0.11995819999999996,0.12732993333333334,0.122549,0.14780834999999995,0.003842246,7807.933172420506
386,30,0.10491116666666667,0.1018965,0.12090864999999996,0.1270897666666667,0.1229465,0.14906694999999995,0.003834821,7823.050932494632
387,30,0.10864199999999999,0.10311000000000001,0.14403134999999992,0.13079726666666666,0.1231395,0.18171549999999986,0.003946445,7601.778309339165
388,30,0.10449883333333335,0.100857,0.11800789999999999,0.1262846333333333,0.12170049999999999,0.14232894999999995,0.003810934,7872.085950583242
389,30,0.11087943333333333,0.104791,0.15033795,0.13428896666666665,0.125665,0.18404164999999997,0.004052187,7403.409566241638
390,30,0.10411269999999997,0.10187750000000001,0.11664374999999996,0.1256248,0.1220155,0.14256239999999998,0.0037906,7914.314356566243
391,30,0.10522253333333334,0.10201550000000001,0.12118879999999997,0.1274898,0.1231855,0.15000814999999995,0.00384677,7798.750640147448
392,30,0.10534926666666665,0.102245,0.11743114999999997,0.12729206666666668,0.1226695,0.14413439999999997,0.003840925,7810.618535899556
393,30,0.10676396666666665,0.10297,0.13057634999999998,0.12882856666666667,0.1232225,0.15481935,0.003887219,7717.599651576102
394,30,0.10747693333333333,0.1030745,0.12225565,0.1304708,0.1241215,0.14889044999999998,0.003936193,7621.57749886756
395,30,0.12010106666666669,0.1032265,0.21472584999999977,0.14578839999999998,0.1234485,0.25776489999999985,0.004397801,6821.591063351889
396,30,0.1136043,0.100582,0.1979534499999998,0.1377586,0.1215735,0.2423267499999998,0.00415629,7217.975646550169
397,30,0.1087978,0.1071,0.12376519999999998,0.13214106666666664,0.129645,0.15167169999999996,0.003987273,7523.939293848201
398,30,0.10895583333333332,0.1030935,0.13745105,0.131685,0.12418799999999999,0.1669855,0.003972848,7551.257938889179
399,30,0.11773553333333332,0.11091300000000001,0.15461214999999998,0.1437678666666667,0.13412049999999998,0.19703589999999993,0.004337872,6915.833385586296
400,30,0.10622839999999999,0.10100899999999999,0.13184329999999997,0.12865726666666666,0.12196950000000001,0.1573195,0.003881978,7728.019066568641
401,30,0.10572366666666667,0.1020315,0.11915904999999996,0.1278954,0.12335650000000001,0.14634584999999994,0.003859368,7773.293451155733
402,30,0.10561523333333335,0.1029635,0.12202104999999998,0.12757456666666667,0.1230585,0.14979594999999996,0.00384924,7793.746297970509
403,30,0.10656816666666666,0.10291800000000001,0.12215414999999996,0.12942653333333334,0.1245125,0.15072664999999993,0.00390538,7681.71087064511
404,30,0.10571706666666668,0.10328999999999999,0.11612244999999999,0.12746380000000002,0.124039,0.14149349999999997,0.003846284,7799.736056931833
405,30,0.10509220000000001,0.1019345,0.12196169999999998,0.12717436666666668,0.1225785,0.14979909999999994,0.003837501,7817.587539390869
406,30,0.10654509999999998,0.1020925,0.12423479999999999,0.12870553333333337,0.123395,0.15122879999999997,0.003883682,7724.628329507926
407,30,0.10487766666666667,0.1012965,0.12181474999999997,0.1270469,0.121809,0.14982869999999995,0.003833728,7825.281292778205
408,30,0.10523103333333333,0.102691,0.12082264999999998,0.1271706,0.12363450000000001,0.14904245,0.003838282,7815.99684442154
409,30,0.10563816666666666,0.10177,0.12025394999999997,0.12806779999999998,0.122581,0.14790839999999997,0.003864997,7761.972389629281
410,30,0.10633143333333334,0.1023425,0.12326069999999997,0.12849553333333336,0.1227315,0.15154244999999997,0.003877624,7736.696492491278
411,30,0.10742113333333334,0.10424,0.12844389999999997,0.13012136666666665,0.12524,0.15643719999999997,0.00392618,7641.014930543175
412,30,0.10678766666666667,0.1041975,0.12075419999999999,0.12877806666666664,0.124944,0.14497239999999997,0.003885808,7720.402037362628
413,30,0.10678593333333335,0.103696,0.12370139999999996,0.12934406666666667,0.125105,0.15252674999999996,0.00390317,7686.060304829151
414,30,0.10526910000000002,0.1024715,0.11836799999999996,0.12735863333333333,0.123672,0.14611349999999995,0.003844621,7803.109851400177
415,30,0.10596563333333332,0.102481,0.12111264999999997,0.12822443333333333,0.1243315,0.14916674999999996,0.003870736,7750.463994444467
416,30,0.10738176666666667,0.104295,0.12056549999999999,0.13012563333333332,0.12533,0.1518619,0.003927269,7638.896138767169
417,30,0.1115602,0.1019625,0.15171729999999997,0.13493833333333333,0.12367349999999999,0.18636774999999997,0.00407345,7364.764511654739
418,30,0.10825743333333333,0.1039535,0.13322009999999998,0.13087486666666667,0.124413,0.15872509999999998,0.003955073,7585.195014099613
419,30,0.10484679999999999,0.10221250000000001,0.12198754999999997,0.1271308333333333,0.1236165,0.15170494999999995,0.0038394,7813.72089388967
420,30,0.10690783333333333,0.103438,0.12679069999999995,0.1290508,0.1256135,0.15012069999999997,0.00389598,7700.244867786796
421,30,0.10849606666666664,0.10489,0.12369234999999998,0.13151373333333333,0.12778099999999998,0.15074094999999996,0.003970215,7556.265844544942
422,30,0.10867373333333336,0.10449,0.1283301,0.13118596666666665,0.125532,0.15442289999999997,0.003959813,7576.115336759589
423,30,0.10254170000000001,0.09977849999999999,0.11337209999999999,0.12432196666666667,0.1203225,0.1391364,0.003754857,7989.651802984774
424,30,0.10736169999999999,0.103605,0.12791609999999998,0.13017340000000002,0.12535449999999998,0.15628815,0.003928997,7635.536499518834
425,30,0.1054257,0.101821,0.12506769999999995,0.12787266666666666,0.12272749999999999,0.15328274999999994,0.003859882,7772.258322922826
426,30,0.10627306666666667,0.10288800000000001,0.12630369999999996,0.1284652,0.123463,0.15468139999999994,0.003877418,7737.107528773013
427,30,0.10459123333333332,0.1011475,0.12121614999999997,0.12678109999999998,0.1224375,0.15191144999999995,0.003826284,7840.505304885889
428,30,0.10853253333333333,0.104268,0.1453079999999999,0.13076636666666666,0.125257,0.16961034999999994,0.00394606,7602.519981956685
429,30,0.1057987,0.1030215,0.12262479999999999,0.127822,0.1243465,0.15088435,0.00385641,7779.255836386692
430,30,0.10779486666666667,0.1031075,0.13255039999999998,0.1302176,0.1238495,0.15715075,0.003928398,7636.700761990003
431,30,0.1054952,0.100998,0.12227614999999996,0.12789293333333335,0.121472,0.15034689999999998,0.003858546,7774.949423953997
432,30,0.1051051,0.10157,0.12003739999999997,0.12757116666666665,0.122229,0.14827429999999997,0.003849119,7793.991300346911
433,30,0.10611696666666667,0.101962,0.12089054999999997,0.12826146666666666,0.122821,0.14884459999999997,0.003870236,7751.465285321102
434,30,0.10619086666666669,0.1017555,0.12228369999999997,0.1284139333333333,0.1221115,0.15057039999999997,0.003874822,7742.291129760283
435,30,0.10635233333333331,0.1025215,0.12270449999999997,0.12880623333333333,0.12317600000000001,0.15075379999999997,0.00388671,7718.6103413941355
436,30,0.10519403333333331,0.1010795,0.12221179999999997,0.1272366333333333,0.1221845,0.15082009999999996,0.003839774,7812.959825239715
437,30,0.10661786666666666,0.10256699999999999,0.12417565,0.1294494,0.12393,0.16267479999999995,0.003909265,7674.076840531404
438,30,0.10276546666666664,0.099411,0.11066305,0.12449949999999999,0.12052,0.1364114,0.00375738,7984.286923334877
439,30,0.10497773333333332,0.1019775,0.11899509999999998,0.12687926666666666,0.1224595,0.14633384999999996,0.003828376,7836.220893663527
440,30,0.10775923333333332,0.101351,0.1425444499999999,0.13138276666666665,0.122127,0.18677689999999983,0.003963596,7568.884417079844
441,30,0.1060859,0.1014735,0.12107889999999998,0.12832273333333333,0.12216,0.14907544999999997,0.003872556,7746.8214791471055
442,30,0.10467876666666666,0.101744,0.11815699999999997,0.12646243333333335,0.123119,0.14515689999999995,0.003816312,7860.99249746876
443,30,0.11068723333333333,0.10539100000000001,0.13875154999999997,0.1344425,0.127392,0.1695890999999999,0.004056846,7394.907275257675
444,30,0.10499583333333334,0.101515,0.11930264999999998,0.12730723333333333,0.122774,0.14683684999999996,0.003841204,7810.051223522625
445,30,0.10767823333333333,0.1019015,0.12880379999999997,0.13027396666666669,0.122431,0.15802524999999998,0.003930724,7632.181755829206
446,30,0.11241153333333333,0.1071745,0.14269529999999997,0.13712549999999998,0.129333,0.17621064999999994,0.004138142,7249.6303896773
447,30,0.10932796666666666,0.10419149999999999,0.13051039999999997,0.13261806666666665,0.126208,0.15661239999999998,0.004001735,7496.748285431194
448,30,0.10331546666666667,0.10062950000000001,0.11577404999999999,0.12489886666666668,0.121709,0.14113119999999998,0.003768954,7959.768147873388
449,30,0.10402366666666667,0.10058049999999999,0.12291134999999996,0.12535056666666666,0.1210345,0.14956889999999995,0.003782553,7931.151262123756
450,30,0.10616769999999999,0.10164000000000001,0.12228229999999998,0.128549,0.122817,0.15023054999999996,0.003878146,7735.655130054413
451,30,0.10585163333333333,0.1029735,0.12081374999999997,0.12832076666666667,0.1237985,0.14756589999999994,0.003871729,7748.47619758511
452,30,0.10803720000000001,0.103838,0.1431704999999999,0.13072709999999998,0.1246785,0.17668209999999987,0.003944142,7606.217017541457
453,30,0.10506746666666665,0.100948,0.12251039999999998,0.1270455,0.12185,0.15065064999999997,0.00383317,7826.420430087891
454,30,0.10617736666666668,0.1028905,0.12107214999999996,0.12879743333333332,0.124365,0.14900309999999997,0.003886889,7718.254881989169
455,30,0.10487313333333333,0.101072,0.13170609999999996,0.1265037,0.1214745,0.15652524999999998,0.003817751,7858.029504805317
456,30,0.1046976,0.1015575,0.11613979999999997,0.12641576666666665,0.122331,0.14297594999999996,0.003814551,7864.621550478681
457,30,0.10422013333333333,0.10034850000000001,0.11977499999999996,0.12642563333333331,0.12113399999999999,0.14749334999999997,0.00381527,7863.139437051637
458,30,0.10900943333333331,0.10559199999999999,0.12330449999999997,0.13176196666666667,0.1271925,0.15141689999999997,0.003977026,7543.325087640866
459,30,0.10510583333333333,0.10274900000000001,0.1206332,0.12710813333333335,0.12348049999999999,0.14761955,0.003836483,7819.661914310581
460,30,0.10602433333333332,0.10260849999999999,0.12321859999999997,0.12849386666666668,0.1242105,0.15043544999999994,0.00387834,7735.268181747861
461,30,0.10817349999999999,0.103353,0.12838924999999998,0.1315899,0.1253475,0.16589869999999995,0.003971058,7554.661755129237
462,30,0.1028566,0.099881,0.11382674999999998,0.12466126666666666,0.120979,0.14240904999999998,0.003764075,7970.085612002949
463,30,0.1031257,0.101055,0.11211635,0.12499063333333332,0.1221965,0.13891825,0.00377278,7951.696096777443
464,30,0.11010446666666665,0.1042645,0.15230114999999986,0.13275393333333332,0.1255555,0.18068004999999987,0.004006396,7488.026645394016
465,30,0.10391183333333333,0.1017235,0.11717289999999997,0.12549116666666668,0.12318100000000001,0.14226699999999998,0.003787247,7921.32121300776
466,30,0.10448096666666665,0.1009535,0.12339069999999995,0.1268043,0.1215535,0.15175584999999994,0.003826645,7839.765643272371
467,30,0.10532226666666666,0.099923,0.1278347,0.1280010666666667,0.12045,0.16201834999999995,0.0038625,7766.9902912621355
468,30,0.10463386666666667,0.0999585,0.12448014999999996,0.12687523333333334,0.120659,0.15304324999999996,0.003828828,7835.295813758153
469,30,0.10375586666666665,0.100886,0.12002004999999998,0.1260397,0.1219875,0.14821224999999996,0.003803997,7886.441550821412
470,30,0.10562566666666666,0.101664,0.13737514999999995,0.12868680000000002,0.1224635,0.17156334999999992,0.003882775,7726.432770376857
471,30,0.1131481,0.11089199999999999,0.13356595,0.13695656666666664,0.134235,0.15915964999999999,0.004132451,7259.614209581675
472,30,0.1067621,0.103882,0.12251499999999999,0.12936326666666667,0.1251535,0.15093184999999998,0.003904816,7682.820394097955
473,30,0.10531493333333333,0.102613,0.12280839999999996,0.12849906666666666,0.1243915,0.15282544999999995,0.003877839,7736.267544887758
474,30,0.10315910000000002,0.10050049999999999,0.11378615,0.1249871,0.121557,0.13790235,0.003771619,7954.143830540678
475,30,0.10697740000000001,0.10333200000000001,0.12372414999999996,0.13023799999999996,0.124279,0.15191384999999996,0.00392922,7635.10315024356
476,30,0.11108653333333335,0.1046275,0.14150959999999993,0.1344621,0.1263215,0.16905835,0.004057128,7394.393275242979
477,30,0.1040676,0.10074849999999999,0.11669989999999997,0.12587049999999997,0.1211295,0.14235804999999996,0.003798818,7897.193284858607
478,30,0.10449153333333333,0.1007355,0.12205569999999996,0.1265673,0.122271,0.14928529999999995,0.003819144,7855.163355977151
479,30,0.10640126666666666,0.10330600000000001,0.12201679999999997,0.12820576666666667,0.124371,0.14968129999999996,0.003868444,7755.056038034931
480,30,0.10347873333333334,0.0990885,0.11953889999999998,0.12538716666666666,0.1192355,0.14722399999999994,0.003784054,7928.005255738951
481,30,0.10304636666666665,0.1008835,0.11199369999999999,0.12508456666666665,0.1212835,0.1395886,0.003773962,7949.205635880806
482,30,0.10255006666666668,0.09945,0.11423289999999998,0.12421766666666668,0.120396,0.13808299999999998,0.003748436,8003.337925470783
483,30,0.10251743333333332,0.10011,0.11374514999999998,0.12412873333333332,0.120694,0.13737429999999995,0.003745772,8009.029914260665
484,30,0.104167,0.1010525,0.11999249999999996,0.1263902,0.122584,0.14799409999999996,0.003813816,7866.137223190632
485,30,0.10436680000000001,0.09982150000000001,0.11776469999999997,0.12609293333333332,0.12016199999999999,0.14347309999999996,0.003804555,7885.284875629344
486,30,0.10619193333333334,0.101764,0.13059494999999996,0.12780890000000003,0.12267549999999999,0.15221439999999997,0.003856365,7779.346612678001
487,30,0.10421773333333335,0.1007875,0.12050344999999998,0.12581376666666666,0.1218945,0.14652529999999997,0.003796312,7902.406335411842
488,30,0.10578789999999999,0.1010405,0.13669969999999992,0.12767730000000005,0.122055,0.16047474999999994,0.003852569,7787.011731652307
489,30,0.10317613333333334,0.1000145,0.11854594999999997,0.12502346666666667,0.1201715,0.14664299999999997,0.003776479,7943.9075392713685
490,30,0.10594256666666667,0.1023285,0.1253003,0.12839046666666667,0.12382399999999999,0.15219244999999998,0.003873829,7744.275754040769
491,30,0.10663533333333335,0.1013835,0.13311444999999997,0.12872776666666666,0.121755,0.15897894999999998,0.00388358,7724.831212438008
492,30,0.1071249,0.103479,0.12441714999999998,0.12941063333333333,0.1247895,0.15282309999999996,0.003904588,7683.269015834705
493,30,0.10541883333333331,0.1022685,0.11971574999999997,0.12761546666666668,0.1227,0.14744719999999994,0.003851117,7789.947695694522
494,30,0.10981709999999999,0.10176199999999999,0.1425183999999999,0.13176413333333334,0.12241,0.1763550499999999,0.003975616,7546.000418551489
495,30,0.10553103333333332,0.1014545,0.12248354999999998,0.12767159999999997,0.1229145,0.15007739999999997,0.003852658,7786.831844404564
496,30,0.11323836666666669,0.110335,0.13075175,0.1372082,0.134087,0.15930084999999997,0.004140188,7246.04776401458
497,30,0.10691713333333332,0.10243150000000001,0.13416424999999998,0.13009026666666668,0.12363299999999999,0.1732627999999999,0.003924507,7644.272261458574
498,30,0.10682263333333333,0.10289000000000001,0.12307749999999998,0.1291582,0.12300900000000001,0.15050424999999995,0.003897634,7696.977191804053
499,30,0.10619730000000002,0.1011775,0.12329444999999997,0.12878133333333333,0.1221925,0.15153424999999995,0.003885232,7721.546615491688
500,30,0.10822076666666665,0.104463,0.14000134999999994,0.13084773333333333,0.12587399999999999,0.16692244999999994,0.003948141,7598.512819071052
501,30,0.10678886666666668,0.1035295,0.12418794999999998,0.12928353333333337,0.12476799999999999,0.15326684999999995,0.003901266,7689.811461202594
502,30,0.10858340000000001,0.1060025,0.12366864999999999,0.1312133,0.128403,0.15075809999999998,0.003960295,7575.1932621180995
503,30,0.10357096666666665,0.1008465,0.11160445,0.12488563333333332,0.121275,0.13587775,0.00376899,7959.692119108833
504,30,0.10639746666666666,0.10333200000000001,0.12362259999999999,0.12896796666666666,0.12404950000000001,0.15010694999999996,0.003892686,7706.760833008365
505,30,0.11718306666666667,0.10926050000000001,0.16557609999999992,0.14393669999999997,0.1350395,0.20181629999999987,0.004346105,6902.732446639002
506,30,0.12305796666666666,0.10873250000000001,0.19759109999999994,0.1505544666666667,0.132019,0.24838844999999996,0.004545135,6600.4640126200875
507,30,0.1075252,0.1055605,0.12430244999999997,0.12998236666666668,0.1265985,0.15375004999999997,0.003923662,7645.918532228312
508,30,0.1065003,0.1031595,0.12354134999999995,0.12938829999999998,0.12562299999999998,0.15368249999999994,0.003905928,7680.633129950168
509,30,0.10560416666666667,0.102786,0.12687694999999996,0.12799973333333334,0.123441,0.15578909999999993,0.003862965,7766.05534867647
510,30,0.10593440000000001,0.1,0.12365434999999997,0.1287548,0.120895,0.15423219999999996,0.003884513,7722.9758273430925
511,30,0.11064453333333334,0.1030545,0.16312409999999983,0.13298953333333333,0.12380050000000001,0.18853449999999985,0.004011849,7477.848742562345
512,30,0.11348676666666666,0.1040355,0.17727089999999998,0.1366499,0.12569950000000002,0.21668869999999993,0.004121611,7278.7072821768
513,30,0.12626803333333333,0.109268,0.19012544999999997,0.14970996666666667,0.13187300000000002,0.21957509999999997,0.004513908,6646.125707480082
514,30,0.11381936666666669,0.1031195,0.17078595,0.1386054333333333,0.1239,0.2117498,0.004183117,7171.685611471064
515,30,0.1345716,0.12855250000000001,0.19139429999999996,0.15778550000000002,0.1520015,0.22211199999999998,0.004756521,6307.130778987415
516,30,0.11158359999999998,0.1044255,0.16312134999999997,0.1344268666666667,0.1265395,0.1918341,0.004055825,7396.768844809626
517,30,0.21620606666666664,0.1989795,0.381857,0.25902716666666664,0.2475105,0.4353675999999999,0.007811869,3840.3101741721475
518,30,0.14523656666666665,0.13057600000000003,0.21084419999999995,0.1765441,0.157186,0.27580469999999996,0.005325144,5633.650470297141
519,30,0.13248016666666668,0.123172,0.17241499999999998,0.15948806666666662,0.1469085,0.2021948,0.004810366,6236.531690104246
520,30,0.13210573333333334,0.126608,0.18088554999999998,0.16086546666666662,0.154676,0.22649109999999995,0.004852957,6181.798025410075
521,30,0.15096260000000003,0.14989,0.1687281,0.18240706666666665,0.180588,0.20390059999999996,0.005503528,5451.048854480254
522,30,0.11486643333333334,0.1058915,0.15259594999999998,0.13905503333333336,0.12684600000000001,0.18812229999999994,0.004195847,7149.927058827455
523,30,0.11084000000000001,0.10871800000000001,0.1211206,0.13387970000000002,0.13118849999999999,0.14711979999999997,0.004038938,7427.695102029296
524,30,0.11415456666666667,0.111462,0.13808469999999992,0.13786033333333333,0.135058,0.1694666999999999,0.004158702,7213.789302527567
525,30,0.10657923333333331,0.102255,0.12036429999999997,0.12900796666666667,0.1228245,0.14832259999999994,0.00389271,7706.713317971285
526,30,0.1061162,0.1024715,0.11926754999999997,0.12808733333333333,0.12321950000000001,0.14630679999999996,0.003864449,7763.073079758589
527,30,0.10932013333333335,0.10607,0.12298034999999997,0.13271903333333335,0.128309,0.15018049999999997,0.004004308,7491.931190108254
528,30,0.10664653333333333,0.102507,0.12432564999999998,0.12875543333333334,0.12357000000000001,0.15149869999999996,0.003884601,7722.800874529971
529,30,0.10536063333333333,0.1022805,0.12032719999999997,0.12769759999999997,0.123406,0.14778199999999997,0.003853341,7785.451637942243
530,30,0.10705063333333335,0.1020535,0.12641424999999995,0.12910756666666667,0.122938,0.15952044999999992,0.003895242,7701.7037709082
531,30,0.10689533333333333,0.104221,0.12034964999999996,0.13048353333333332,0.12671,0.15491560000000001,0.003936512,7620.959875138194
532,30,0.10812730000000001,0.1034655,0.13201239999999997,0.13114796666666667,0.1248385,0.15850509999999998,0.003956257,7582.924971759923
533,30,0.10506020000000003,0.1010665,0.12290409999999997,0.12728846666666666,0.122092,0.15221714999999997,0.00384071,7811.055768334501
534,30,0.10602326666666667,0.103377,0.12381489999999999,0.12802929999999998,0.1243625,0.15186544999999999,0.003863105,7765.773904669948
535,30,0.10631136666666664,0.102625,0.12377194999999999,0.12956313333333333,0.1263625,0.15192684999999997,0.003909248,7674.1102125012285
536,30,0.10826933333333334,0.10323399999999999,0.13035369999999993,0.13159603333333333,0.12439800000000001,0.15999144999999992,0.003970258,7556.184006177936
537,30,0.10585046666666668,0.101785,0.12339574999999996,0.1282422,0.122253,0.15202069999999995,0.003869423,7753.093936744574
538,30,0.10523653333333334,0.1031575,0.11051875,0.12732670000000001,0.124414,0.1365815,0.003841926,7808.5835073346025
539,30,0.10385883333333333,0.1018925,0.11503954999999998,0.12542293333333332,0.1225405,0.13980544999999994,0.003784649,7926.758861918238
540,30,0.10622046666666664,0.1024295,0.12258319999999996,0.12914386666666666,0.123367,0.15147009999999994,0.003897026,7698.178046541131
541,30,0.10583746666666667,0.1035775,0.11988019999999999,0.12828219999999999,0.124263,0.14736215,0.003870624,7750.688261117587
542,30,0.11540469999999999,0.10883799999999999,0.1342397,0.13950569999999995,0.133096,0.16396054999999998,0.004209021,7127.548187571409
543,30,0.10468449999999999,0.1005225,0.12008529999999998,0.12705740000000001,0.1213085,0.14773484999999995,0.003833496,7825.754872314983
544,30,0.10999290000000002,0.103346,0.13613355,0.13317009999999999,0.1252165,0.16466384999999997,0.004017401,7467.514445284401
545,30,0.10682360000000002,0.1029745,0.12291699999999998,0.12897829999999996,0.12382750000000001,0.14930554999999995,0.003891209,7709.686115549178
546,30,0.10574549999999999,0.102499,0.12519855,0.12828326666666665,0.123384,0.15389465,0.003872528,7746.87749191226
547,30,0.1047934,0.1015185,0.11535659999999999,0.12757403333333334,0.122188,0.1443949,0.003851081,7790.020516317366
548,30,0.10701393333333331,0.1029495,0.12300849999999997,0.13010706666666666,0.126999,0.15165759999999998,0.003926581,7640.2345959500135
549,30,0.10717073333333335,0.10211,0.12992384999999995,0.1299225,0.12334149999999999,0.15861349999999994,0.003920559,7651.97003794612
550,30,0.10750963333333334,0.10234950000000001,0.12538674999999996,0.13056196666666667,0.123583,0.15432949999999995,0.003940986,7612.308188864412
551,30,0.139585,0.122829,0.23626224999999998,0.17082986666666666,0.146426,0.2758932,0.005158763,5815.347593987163
552,30,0.10624490000000002,0.1009685,0.13236879999999995,0.12875029999999998,0.1216935,0.16223359999999995,0.003887444,7717.152967348212
553,30,0.1308868,0.11387800000000001,0.21315129999999982,0.15970366666666666,0.1385185,0.2605389499999999,0.004819751,6224.387940372853
554,30,0.10385356666666669,0.102554,0.11477384999999997,0.12528043333333333,0.123571,0.14049004999999995,0.003782263,7931.759372629561
555,30,0.12093706666666668,0.1122615,0.17525849999999993,0.14746326666666668,0.1373655,0.2148398,0.004451152,6739.828251203284
556,30,0.1619712,0.1559595,0.24584204999999987,0.1959852,0.18926300000000001,0.30202469999999987,0.005915192,5071.686599522044
557,30,0.1564682666666667,0.14640150000000002,0.22012974999999996,0.18961060000000002,0.17694,0.2719523,0.00571994,5244.8102602474855
558,30,0.13954166666666667,0.112304,0.30367249999999957,0.16881279999999999,0.1373445,0.3817312499999996,0.005092133,5891.440777371682
559,30,0.10312420000000001,0.09983349999999999,0.11806124999999995,0.12449930000000001,0.1201865,0.14389904999999995,0.003756511,7986.133941841245
560,30,0.10494663333333334,0.1007645,0.12273559999999999,0.12687123333333333,0.1217985,0.1515377,0.00382845,7836.0694275751275
561,30,0.10416650000000001,0.100606,0.11756574999999997,0.12604456666666666,0.12081900000000001,0.14496299999999995,0.003803514,7887.443032942694
562,30,0.1130843,0.10619100000000001,0.1651126999999999,0.1388872,0.12903199999999998,0.21144354999999987,0.00419078,7158.571912627244
563,30,0.10556639999999999,0.1026485,0.12482639999999995,0.1278034,0.123154,0.15359569999999995,0.003856884,7778.299788119113
564,30,0.10737276666666666,0.10520750000000001,0.12062964999999999,0.12983276666666665,0.1278735,0.14318745,0.003917874,7657.214091111659
565,30,0.10803056666666669,0.10374900000000001,0.12606424999999996,0.13036736666666668,0.12465599999999999,0.1510647,0.003933599,7626.603525168681
566,30,0.11587513333333334,0.1081,0.15619124999999995,0.14062373333333333,0.1292865,0.20428109999999988,0.004243324,7069.9291404568685
567,30,0.14459063333333333,0.10355600000000001,0.41532069999999977,0.17458186666666667,0.1251,0.4931961499999997,0.005268076,5694.678664468774
568,30,0.13746966666666666,0.1040015,0.2986059999999998,0.16514843333333337,0.1256855,0.3504635999999999,0.004980377,6023.640379031547
569,30,0.10614706666666666,0.10270850000000001,0.12018909999999998,0.12802763333333333,0.12326799999999999,0.14747044999999995,0.00386318,7765.623139486123
570,30,0.11163023333333334,0.10587150000000001,0.14869719999999986,0.13389923333333334,0.12855250000000001,0.1828525499999998,0.004042568,7421.025447190994
571,30,0.10688173333333334,0.102578,0.12676289999999998,0.12885456666666667,0.12254899999999999,0.1554118,0.003890175,7711.735333243363
572,30,0.10524073333333334,0.1012455,0.11866619999999997,0.1268402,0.120837,0.14696854999999998,0.003826812,7839.423520152021
573,30,0.11102676666666667,0.1035665,0.14821299999999998,0.13502036666666667,0.1248965,0.1906087,0.004074423,7363.005755661599
574,30,0.10718349999999997,0.1034565,0.12271929999999998,0.12994253333333336,0.1246225,0.15178459999999996,0.00392099,7651.1289240727465
575,30,0.14044430000000002,0.13823249999999998,0.1574845,0.17056576666666662,0.167391,0.19211489999999998,0.005146032,5829.73444393661
576,30,0.11231809999999999,0.104008,0.14481449999999998,0.1362366,0.1252055,0.17741419999999997,0.004110728,7297.9773898929825
577,30,0.10316246666666666,0.101469,0.10929449999999999,0.12503426666666667,0.1220765,0.1348374,0.00377302,7951.19029318689
578,30,0.10580396666666667,0.102661,0.12299944999999997,0.12870786666666667,0.12336349999999999,0.15164829999999999,0.003883613,7724.7655726767825
579,30,0.12389846666666668,0.122545,0.1515361,0.15098890000000006,0.149094,0.18425374999999997,0.004556647,6583.788474288222
580,30,0.128455,0.12469,0.14626389999999997,0.15700006666666663,0.15175149999999998,0.17913439999999997,0.004737633,6332.276054308133
581,30,0.1300199333333333,0.1256805,0.15558764999999997,0.1580797666666667,0.152868,0.18852464999999993,0.004769907,6289.430800223148
582,30,0.12907723333333332,0.1251295,0.154385,0.1569651,0.15179900000000002,0.18705304999999997,0.004736098,6334.328385941338
583,30,0.1283963333333333,0.1239815,0.15269544999999998,0.15686629999999996,0.15400750000000002,0.18432929999999995,0.00473357,6337.711283449911
584,30,0.14346173333333334,0.1108765,0.2516254,0.17433650000000003,0.135578,0.2995144,0.005258003,5705.588224274501
585,30,0.1163526,0.105891,0.16721484999999991,0.14272893333333334,0.126633,0.2061938999999999,0.004306991,6965.419709490919
586,30,0.11654379999999999,0.11482,0.13097395,0.14189279999999999,0.1391095,0.16169109999999998,0.004281401,7007.052130832875
587,30,0.11377830000000003,0.10907800000000001,0.13518755,0.1380508666666667,0.13475700000000002,0.1619013,0.004166257,7200.707973607966
588,30,0.11064256666666666,0.1087035,0.13024059999999996,0.13384313333333336,0.13058350000000002,0.16053209999999996,0.004039371,7426.898890941189
589,30,0.11915326666666666,0.1092635,0.16604444999999993,0.1445539,0.132119,0.21095014999999995,0.004362749,6876.398344254964
590,30,0.1100442,0.106849,0.12655924999999998,0.13347003333333332,0.1292795,0.15549169999999995,0.004029169,7445.704064535392
591,30,0.10886853333333331,0.10433049999999999,0.12672909999999998,0.13262836666666666,0.1268545,0.15852375,0.004003648,7493.1662323960545
592,30,0.10906973333333332,0.105699,0.12432559999999997,0.1332498,0.128576,0.16134384999999998,0.004022754,7457.577569993095
593,30,0.10968003333333334,0.105727,0.12614114999999998,0.13369336666666667,0.127991,0.15672859999999997,0.004035771,7433.523854549726
594,30,0.10683083333333335,0.1051865,0.1174728,0.12983573333333334,0.1264255,0.1454166,0.003919253,7654.519879170852
595,30,0.10931303333333335,0.10620750000000001,0.12644564999999997,0.1329685666666667,0.12852400000000003,0.15441844999999996,0.004012992,7475.71886512607
596,30,0.1082576,0.1059585,0.12259744999999997,0.13158883333333335,0.12826500000000002,0.15268614999999996,0.003971563,7553.701149899926
597,30,0.1092255,0.105493,0.12776069999999995,0.13263106666666666,0.126966,0.15769394999999994,0.004003369,7493.688440910643
598,30,0.10728379999999998,0.1031705,0.12132134999999997,0.13025126666666667,0.125093,0.14958834999999995,0.003930114,7633.366360365118
599,30,0.1097064333333333,0.105522,0.12480934999999997,0.13286366666666666,0.1268795,0.15365824999999997,0.004009472,7482.281956327417
600,30,0.10838780000000002,0.104108,0.12502359999999998,0.1316823666666667,0.1256555,0.15481114999999995,0.003973446,7550.1214814546365
601,30,0.1061166,0.10461699999999999,0.11732664999999999,0.12932273333333336,0.126297,0.14598555,0.003901851,7688.65853667913
602,30,0.10807243333333334,0.1034785,0.12412399999999998,0.1311539,0.1254865,0.1538156,0.003956959,7581.579692890424
603,30,0.10948153333333334,0.10543,0.12553989999999998,0.1334507666666667,0.127947,0.15488409999999994,0.004026633,7450.393418024439
604,30,0.1271493,0.117145,0.19229915,0.1525755,0.14234449999999998,0.2203978,0.004601504,6519.607502242745
605,30,0.13196336666666666,0.105422,0.24189734999999987,0.15765526666666668,0.12835049999999998,0.28786514999999985,0.004754368,6309.9869425336865
606,30,0.13518676666666668,0.128176,0.19301639999999992,0.1631542333333333,0.1561795,0.22747679999999995,0.004922039,6095.035004801873
607,30,0.1874600333333333,0.14939049999999998,0.32728595,0.23275576666666664,0.179637,0.40432445,0.007028167,4268.538297396746
608,30,0.10722523333333332,0.1045015,0.12455349999999997,0.1299384,0.125575,0.1556544,0.003920289,7652.497048049263
609,30,0.11323203333333334,0.109163,0.13724345000000002,0.1370128,0.131687,0.16493154999999995,0.00413412,7256.683405416389
610,30,0.10530483333333335,0.1012585,0.11930029999999998,0.12743563333333333,0.121493,0.14485119999999996,0.003845095,7802.147931325493
611,30,0.1046849,0.101298,0.12208129999999996,0.1264147,0.1217405,0.14935799999999996,0.0038146,7864.520526398574
612,30,0.10501636666666664,0.10081499999999999,0.12057894999999996,0.12763183333333333,0.12257399999999999,0.14863809999999997,0.003851009,7790.166161647506
613,30,0.1027637,0.1000365,0.11458569999999997,0.12424573333333334,0.12051300000000001,0.14107474999999994,0.003749389,8001.303679079444
614,30,0.10392646666666665,0.10076399999999999,0.12021814999999997,0.1257154,0.121108,0.14818869999999995,0.003794194,7906.817627142946
615,30,0.10191876666666669,0.0988505,0.11576599999999997,0.12287983333333334,0.11922849999999999,0.14158699999999996,0.003708287,8089.988719859061
616,30,0.1043877,0.1007295,0.12360909999999996,0.12617156666666668,0.120939,0.15107474999999995,0.003807156,7879.89775044679
617,30,0.10676756666666667,0.1021165,0.12689714999999996,0.12893573333333333,0.1225765,0.15543764999999993,0.003890666,7710.762116306051
618,30,0.10475496666666667,0.101717,0.12468579999999996,0.12657993333333334,0.12257950000000001,0.15261199999999994,0.003819124,7855.204491920136
619,30,0.10539839999999999,0.1013945,0.12639994999999996,0.12748083333333332,0.121747,0.15407999999999997,0.003846149,7800.009828012383
620,30,0.10298996666666668,0.099211,0.11759039999999998,0.1250821,0.12048049999999999,0.14516909999999997,0.003774712,7947.626203005686
621,30,0.10422336666666668,0.0999515,0.12406529999999996,0.12609706666666665,0.1200795,0.1514343999999999,0.003805187,7883.975215935511
622,30,0.10622786666666664,0.1032585,0.12316239999999998,0.12810533333333332,0.123724,0.15030114999999994,0.003865345,7761.273573251547
623,30,0.10458853333333333,0.10078899999999999,0.12209264999999996,0.12666750000000002,0.121889,0.14947904999999995,0.003822314,7848.648750468957
624,30,0.10403116666666667,0.1002085,0.12326514999999998,0.12598193333333332,0.12109500000000001,0.15161014999999994,0.0038018,7890.99900047346
625,30,0.10393439999999998,0.100799,0.12024089999999997,0.12579873333333333,0.1213005,0.14994109999999997,0.003795451,7904.199000329605
626,30,0.10432356666666666,0.1004495,0.12461744999999998,0.12621340000000003,0.121504,0.15234759999999997,0.0038078,7878.565050685435
627,30,0.10465763333333333,0.101341,0.11810799999999999,0.1261101,0.122065,0.14406049999999998,0.00380508,7884.196915702166
628,30,0.12256416666666667,0.1088945,0.2126201999999999,0.14584686666666669,0.1310555,0.2415354999999999,0.00439835,6820.739595530143
629,30,0.10834350000000001,0.1015675,0.1435476999999999,0.1308578333333333,0.122998,0.17991879999999988,0.003948133,7598.528215741465
630,30,0.10544253333333334,0.101167,0.12160719999999998,0.12796443333333332,0.12189549999999999,0.14908054999999995,0.003861694,7768.611391788163
631,30,0.10597466666666669,0.1032325,0.12211939999999998,0.1280497333333333,0.1239155,0.15055184999999996,0.003863825,7764.326800515034
632,30,0.14125639999999998,0.1240305,0.22467469999999992,0.17093186666666668,0.1493725,0.29183979999999987,0.005156292,5818.1344268323055
633,30,0.13018663333333333,0.13062600000000002,0.14416175,0.15857423333333334,0.1582165,0.17458405,0.004785624,6268.7749810683
634,30,0.12711553333333334,0.11136850000000001,0.2300555499999999,0.15565276666666664,0.13493650000000001,0.2887518499999999,0.004697721,6386.0752905504605
635,30,0.14426819999999999,0.1286065,0.21582544999999992,0.17948086666666668,0.156478,0.26270045,0.005417059,5538.0604124858155
636,30,0.11887406666666668,0.113707,0.13881559999999998,0.1453144333333333,0.137108,0.17204444999999996,0.004387874,6837.024034874293
637,30,0.12115446666666665,0.115945,0.15558634999999993,0.15031793333333335,0.139685,0.19487154999999992,0.004537734,6611.2293051994675
638,30,0.12226043333333333,0.115949,0.15634699999999999,0.14706563333333333,0.140052,0.19221694999999997,0.004437314,6760.846764506636
639,30,0.13164613333333333,0.119739,0.19545815,0.16020223333333336,0.143783,0.2436096999999999,0.004836017,6203.452138402326
640,30,0.11647279999999997,0.11218449999999999,0.14347384999999996,0.1415244333333333,0.1346295,0.17794774999999996,0.004270784,7024.4713851133665
641,30,0.13039346666666668,0.12432750000000001,0.17087964999999997,0.1586431,0.151889,0.2168039499999999,0.00478687,6267.143248093221
642,30,0.1247683,0.11086399999999999,0.19008249999999982,0.15114176666666665,0.1339495,0.23115894999999978,0.004560135,6578.752602718999
643,30,0.10954723333333334,0.104457,0.1351847,0.13309683333333333,0.12532500000000002,0.16592094999999998,0.004015598,7470.867352757919
644,30,0.11268936666666667,0.1096695,0.12916675,0.13639893333333333,0.1324105,0.1569446,0.004115258,7289.943911171547
645,30,0.11501423333333333,0.10889399999999999,0.14734894999999995,0.13945776666666668,0.132058,0.1887014499999999,0.004207799,7129.618121017663
646,30,0.11275890000000001,0.1036325,0.14052194999999995,0.1366547,0.1247665,0.17497004999999993,0.004122543,7277.061755329174
647,30,0.10848946666666666,0.106983,0.12232124999999998,0.1312337,0.128701,0.14776944999999997,0.003959279,7577.1371504761355
648,30,0.11399970000000001,0.10707749999999999,0.1534322,0.1382125333333333,0.1296255,0.18575624999999998,0.004177799,7180.814586819519
649,30,0.10477223333333335,0.1022355,0.11185149999999999,0.12627773333333334,0.12280150000000001,0.1383404,0.003809474,7875.1029669712925
650,30,0.19362853333333332,0.132465,0.39274949999999986,0.23459410000000006,0.166512,0.4346014999999998,0.007071295,4242.50437861806
651,30,0.10532809999999998,0.10314999999999999,0.11906249999999997,0.12674050000000003,0.12345149999999999,0.14465314999999995,0.003823235,7846.758046523429
652,30,0.10659696666666665,0.10425799999999999,0.11821514999999998,0.12837199999999999,0.12514150000000002,0.14297529999999997,0.003872917,7746.099387102796
653,30,0.15219370000000002,0.116908,0.33268204999999984,0.18141050000000006,0.14132899999999998,0.3933613999999999,0.005469998,5484.462699986362
654,30,0.11402650000000002,0.112288,0.1312455,0.13823589999999994,0.137608,0.1580893,0.004171208,7192.16111975236
655,30,0.1264780666666667,0.1213385,0.17300004999999985,0.15233326666666666,0.146046,0.2062668499999999,0.004596097,6527.277383397261
656,30,0.1088897,0.105887,0.12619994999999995,0.13110353333333333,0.12697550000000002,0.15460539999999995,0.003955237,7584.8805014718455
657,30,0.11035743333333332,0.10692650000000001,0.12410819999999997,0.13314813333333334,0.1286355,0.15079194999999998,0.004016993,7468.272909611742
658,30,0.10526496666666668,0.10266600000000001,0.11833719999999999,0.1273182,0.1236215,0.14372814999999997,0.003841427,7809.597839552854
659,30,0.10541563333333334,0.1026385,0.12277324999999999,0.12705513333333332,0.1231415,0.15016204999999996,0.003833162,7826.436764217114
660,30,0.12636346666666667,0.107539,0.22086054999999988,0.15335126666666668,0.1306745,0.2522359499999999,0.004626075,6484.979167004425
661,30,0.10591556666666667,0.10232949999999999,0.12414209999999999,0.12746446666666666,0.12228,0.15094719999999998,0.003846297,7799.709694805159
662,30,0.11382123333333334,0.107798,0.14450529999999998,0.1385386,0.12964,0.17636949999999993,0.004181093,7175.157309344709
663,30,0.10726916666666668,0.103395,0.12783155,0.129775,0.1241295,0.15936255,0.003915744,7661.379293436957
664,30,0.1074261,0.1035105,0.1260184,0.12991446666666664,0.12574000000000002,0.15529484999999998,0.003919914,7653.229126965541
665,30,0.1064412,0.102024,0.1293706,0.1281357,0.1226365,0.15537694999999999,0.003866154,7759.649512150835
666,30,0.10602713333333331,0.1015965,0.12863214999999997,0.12741976666666666,0.122074,0.152363,0.003848215,7795.822218872906
667,30,0.10631203333333333,0.10178300000000001,0.12024559999999997,0.12839720000000002,0.1227005,0.14802774999999996,0.003874013,7743.907932162334
668,30,0.11441980000000003,0.10801,0.15174099999999993,0.1391933,0.1297995,0.19217709999999988,0.004200519,7141.974598853142
669,30,0.10689823333333334,0.10256499999999999,0.13074539999999996,0.12890553333333332,0.12356249999999999,0.15493184999999998,0.003890098,7711.887978143482
670,30,0.10626673333333335,0.1027775,0.12401039999999998,0.12824363333333333,0.123545,0.15148614999999996,0.003869817,7752.304566339959
671,30,0.10288300000000002,0.101156,0.11059395,0.12402140000000002,0.12163650000000001,0.13492864999999998,0.003742845,8015.293179386269
672,30,0.1093819,0.102654,0.14544994999999988,0.1319547666666667,0.1227395,0.1784568499999999,0.003981658,7534.549677546389
673,30,0.11806226666666665,0.1102435,0.17617724999999998,0.14295016666666668,0.13362849999999998,0.22442964999999998,0.004313237,6955.333082786779
674,30,0.10569903333333333,0.102462,0.11835534999999996,0.1277847666666667,0.12300549999999999,0.14552234999999997,0.003855378,7781.338172288165
675,30,0.10823906666666666,0.10565250000000001,0.12565749999999998,0.13056913333333334,0.12593949999999998,0.15350584999999994,0.003939354,7615.46182445142
676,30,0.11062893333333332,0.1074775,0.1275847,0.13355229999999998,0.1290945,0.15520279999999997,0.004030191,7443.815938252058
677,30,0.11930386666666666,0.10479150000000001,0.18568434999999997,0.1447621,0.126261,0.22116949999999996,0.004368671,6867.076966885353
678,30,0.1157362,0.1140015,0.12567559999999997,0.13943329999999995,0.13723950000000001,0.15338479999999996,0.004207356,7130.368811196391
679,30,0.10891163333333333,0.1044035,0.13679639999999993,0.13189556666666669,0.12673099999999998,0.1614030499999999,0.003979973,7537.7395776303
680,30,0.11087816666666667,0.104672,0.1420057999999999,0.13360503333333332,0.126295,0.17910849999999984,0.004031831,7440.788068745937
681,30,0.10749143333333334,0.10374349999999999,0.12469069999999996,0.1300533,0.125125,0.15305974999999997,0.003924857,7643.590581771514
682,30,0.11179523333333335,0.10491149999999999,0.14781144999999998,0.13552306666666664,0.1262905,0.17950194999999994,0.004091588,7332.116527861554
683,30,0.10973316666666667,0.10428950000000001,0.13545179999999996,0.1331767,0.125687,0.16732734999999996,0.004020594,7461.584034597873
684,30,0.10814846666666668,0.10444999999999999,0.12431074999999997,0.13102543333333333,0.125177,0.15230124999999997,0.003954564,7586.171320024155
685,30,0.10631243333333336,0.1026975,0.12102684999999998,0.12898633333333334,0.1243335,0.14859834999999996,0.003892966,7706.206527362428
686,30,0.10673103333333334,0.103646,0.12108079999999996,0.12947613333333333,0.124597,0.15029339999999997,0.00390648,7679.547828223874
687,30,0.10539026666666668,0.10207150000000001,0.12252994999999996,0.12768980000000002,0.12274499999999999,0.14994869999999996,0.003852913,7786.316483138861
688,30,0.104621,0.101491,0.12155859999999999,0.12653076666666668,0.122055,0.14897454999999996,0.003817418,7858.714974362252
689,30,0.10401936666666665,0.101135,0.1134098,0.1260873666666667,0.1214845,0.14062745,0.003804414,7885.577121732808
690,30,0.11610373333333333,0.1048305,0.18201149999999994,0.1383762,0.1256155,0.20911844999999996,0.00417328,7188.590269524212
691,30,0.10211976666666668,0.1001645,0.11329239999999997,0.12396496666666668,0.12045900000000001,0.14033099999999998,0.003740693,8019.904333234511
692,30,0.10806096666666667,0.1044445,0.1303773,0.13052253333333333,0.1263555,0.15554254999999997,0.003938062,7617.9603063638915
693,30,0.10561833333333334,0.1018935,0.12428924999999998,0.12823453333333334,0.123017,0.15397854999999994,0.003869458,7753.023808502379
694,30,0.1058651333333333,0.1029955,0.11894239999999998,0.1280953,0.1232655,0.14657589999999995,0.00386497,7762.026613401915
695,30,0.10519733333333334,0.10251450000000001,0.12114364999999996,0.1281357,0.1234165,0.15226224999999996,0.003866299,7759.358497622662
696,30,0.10755126666666667,0.1029005,0.12646759999999999,0.13059086666666667,0.124626,0.1542747,0.003940082,7614.054732871042
697,30,0.10751916666666665,0.1034775,0.1245255,0.13008766666666666,0.12498699999999999,0.15448844999999997,0.003924688,7643.919720497527
698,30,0.10939573333333333,0.102725,0.15483214999999997,0.1315534,0.12432750000000001,0.18465584999999995,0.003968585,7559.369397404868
699,30,0.11244499999999999,0.1030865,0.17147539999999994,0.13519686666666667,0.1247865,0.19645269999999998,0.004078518,7355.612994720142
700,30,0.10232970000000001,0.099577,0.11229449999999999,0.12464136666666667,0.1211195,0.14242394999999997,0.003761187,7976.205384098158
701,30,0.11854776666666665,0.115131,0.15364239999999996,0.14342333333333332,0.1398,0.18809104999999995,0.0043271,6933.049848628411
702,30,0.11205413333333333,0.109824,0.12752984999999997,0.13651533333333335,0.1336935,0.1547232,0.004119222,7282.928669540025
703,30,0.1125504,0.1068,0.14493874999999995,0.13626383333333333,0.1278435,0.17259214999999997,0.00411233,7295.134388533994
704,30,0.1090363,0.104682,0.12716159999999999,0.13209833333333332,0.126416,0.15355904999999997,0.003985916,7526.500809349721
705,30,0.1088255,0.10264999999999999,0.12918015,0.13221390000000002,0.1232095,0.1583702,0.003991829,7515.3519852679065
706,30,0.10670523333333334,0.102719,0.12155524999999998,0.12896936666666667,0.1235765,0.14924179999999995,0.003891607,7708.8976353470425
707,30,0.10650720000000002,0.102178,0.12260254999999999,0.12919643333333333,0.12381400000000001,0.14938369999999998,0.003898195,7695.869498575623
708,30,0.10452313333333334,0.102057,0.1104124,0.12658453333333333,0.12287999999999999,0.13562614999999997,0.003819764,7853.88835540625
709,30,0.11361113333333334,0.1044235,0.1611579499999999,0.13743566666666668,0.125116,0.19525779999999995,0.004149234,7230.250210038769
710,30,0.10570093333333334,0.101931,0.12184715,0.1274275,0.1225265,0.14962414999999998,0.003844986,7802.369111356973
711,30,0.10884613333333334,0.1012635,0.1339097,0.1311665,0.12207000000000001,0.1588232,0.003957257,7581.008764404233
712,30,0.10554239999999998,0.10201199999999999,0.12212524999999996,0.12771566666666667,0.1225,0.14971914999999997,0.003853224,7785.68803682319
713,30,0.11066883333333331,0.10394999999999999,0.13756879999999996,0.13454826666666667,0.12604700000000002,0.17762930000000002,0.004058726,7391.481957638924
714,30,0.10321886666666669,0.100193,0.11291689999999999,0.12502316666666666,0.1211415,0.13826234999999998,0.003772575,7952.128188306396
715,30,0.10561496666666666,0.10243150000000001,0.12158929999999997,0.12769343333333333,0.123138,0.14994359999999995,0.003852881,7786.381152181965
716,30,0.10565053333333332,0.1025125,0.12145754999999998,0.12772036666666667,0.12294849999999999,0.14928434999999998,0.003853792,7784.540525280036
717,30,0.10819546666666667,0.101441,0.1351175,0.13027153333333333,0.1226455,0.15900705,0.003930792,7632.049724330364
718,30,0.1067209,0.10256699999999999,0.12378964999999999,0.12886333333333333,0.123428,0.15206879999999998,0.003887947,7716.154566921822
719,30,0.10568846666666667,0.10246150000000001,0.12274004999999996,0.12828636666666668,0.123167,0.15202419999999994,0.003870715,7750.506043457088
720,30,0.10671120000000002,0.1039745,0.12188289999999996,0.12937666666666667,0.126122,0.15020264999999997,0.003904814,7682.824329148584
721,30,0.11320996666666666,0.109276,0.1300394,0.13859243333333332,0.132854,0.1718797,0.004184896,7168.63692670021
722,30,0.11015789999999998,0.10547000000000001,0.13795469999999999,0.13301386666666665,0.1269595,0.16021729999999998,0.004015148,7471.704654473509
723,30,0.10695600000000001,0.10316349999999999,0.13555499999999995,0.12935493333333334,0.124203,0.16634484999999996,0.003905184,7682.0964133828265
724,30,0.10579549999999999,0.101523,0.12416299999999995,0.12860146666666666,0.1238595,0.15218869999999993,0.003882617,7726.747191391785
725,30,0.11537256666666666,0.110629,0.14410794999999996,0.13950053333333334,0.1345615,0.17126304999999997,0.004210112,7125.701168995029
726,30,0.11456933333333333,0.1139835,0.12650694999999998,0.13917569999999999,0.138127,0.1553061,0.004200285,7142.372481867303
727,30,0.12030010000000001,0.1169665,0.1382832,0.14545113333333334,0.140445,0.17372669999999998,0.004389165,6835.013037787369
728,30,0.1121222,0.10989550000000001,0.12630755,0.13610846666666668,0.13298700000000002,0.15362484999999998,0.004108071,7302.697543445574
729,30,0.11242663333333332,0.10552800000000001,0.14688919999999994,0.13657550000000002,0.12765549999999998,0.18374084999999996,0.0041207,7280.316451088408
730,30,0.10261089999999999,0.09937950000000001,0.11149874999999998,0.12386706666666666,0.1193105,0.13664544999999995,0.003737387,8026.998542029498
731,30,0.10904399999999999,0.104561,0.14033259999999995,0.13129383333333336,0.125803,0.17293564999999994,0.003961014,7573.818219274156
732,30,0.10655076666666669,0.10208,0.12532414999999997,0.12893073333333332,0.123236,0.15426124999999996,0.003889456,7713.160915048275
733,30,0.11451766666666667,0.104677,0.14026539999999996,0.1389726666666667,0.125308,0.17779969999999992,0.004192521,7155.599220612133
734,30,0.10918526666666667,0.10454050000000001,0.12905969999999997,0.1318918,0.12589099999999998,0.15197235,0.003979486,7538.662028211684
735,30,0.111718,0.1057915,0.13298159999999998,0.13598063333333332,0.12707849999999998,0.16336064999999994,0.004102262,7313.0385138735655
736,30,0.10910369999999997,0.1058595,0.12502934999999996,0.13167196666666667,0.127207,0.15462604999999996,0.00397523,7546.733145000416
737,30,0.13085386666666665,0.11420949999999999,0.20832179999999983,0.15718433333333331,0.139115,0.24880294999999975,0.004741088,6327.661498795213
738,30,0.1407729666666667,0.115495,0.24916969999999994,0.16478849999999998,0.1383075,0.27363689999999996,0.004967362,6039.422937164635
739,30,0.1095813,0.106151,0.12859744999999997,0.13318180000000002,0.127658,0.15790784999999996,0.004018208,7466.014701080681
740,30,0.11175036666666666,0.109195,0.12853825,0.13539256666666669,0.132242,0.1576862,0.004085538,7342.974168885469
741,30,0.10405613333333334,0.1011685,0.12258594999999999,0.12580819999999998,0.12150050000000001,0.15668874999999996,0.003797043,7900.8849781264
742,30,0.10550673333333331,0.1027265,0.1176014,0.12769740000000002,0.1233215,0.1447794,0.003852663,7786.821738625984
743,30,0.11227380000000002,0.107379,0.1315316,0.13619036666666667,0.13153350000000003,0.16591924999999996,0.004109653,7299.886389434827
744,30,0.11382493333333335,0.1104465,0.13245135,0.1380558,0.132915,0.1594445,0.004164703,7203.394815908842
745,30,0.1215689,0.1105295,0.17549005,0.14700336666666663,0.13354500000000002,0.21473874999999995,0.004435718,6763.279360861083
746,30,0.12736513333333332,0.115345,0.16656454999999998,0.1548538333333333,0.1407625,0.21331564999999997,0.004671899,6421.371694893232
747,30,0.12740266666666666,0.1205365,0.15502149999999998,0.15478866666666666,0.1470435,0.18336375,0.00467278,6420.161017638323
748,30,0.12239613333333335,0.1173965,0.14475749999999996,0.14814336666666664,0.1410565,0.17669004999999993,0.004469828,6711.66765253607
749,30,0.12846923333333332,0.12616349999999998,0.14396019999999995,0.15531680000000003,0.15123150000000002,0.17647364999999995,0.004685658,6402.515932660899
750,30,0.1252989333333333,0.11779200000000001,0.16271109999999997,0.15359033333333336,0.1425145,0.20894499999999994,0.0046329,6475.425759243671
751,30,0.12990346666666666,0.1212955,0.16518469999999996,0.15692573333333334,0.14786100000000002,0.20121,0.00473478,6336.091645229557
752,30,0.11712336666666667,0.11457500000000001,0.138202,0.14083969999999998,0.1378355,0.1659958,0.004249477,7059.692286839063
753,30,0.11855873333333332,0.11493,0.13607745,0.1435247,0.137935,0.16561309999999999,0.004330074,6928.28806158971
754,30,0.11688030000000002,0.11335600000000001,0.14387475,0.1412073,0.1351965,0.1731324,0.004260233,7041.868367293525
755,30,0.12750243333333336,0.11916399999999999,0.1738046999999999,0.15482066666666666,0.14366,0.21890269999999987,0.004670475,6423.329532863359
756,30,0.11716053333333336,0.1140755,0.13692469999999998,0.1412919333333333,0.1359525,0.17062674999999997,0.00426177,7039.328729612344
757,30,0.10999566666666666,0.10611899999999999,0.12754574999999999,0.13227046666666667,0.127643,0.15418354999999997,0.00399085,7517.19558490046
758,30,0.10630896666666666,0.103957,0.11633914999999997,0.12886730000000002,0.1252765,0.14226389999999997,0.003887888,7716.271662146646
759,30,0.13457959999999997,0.12901,0.16483064999999997,0.16279856666666664,0.1555925,0.20212439999999998,0.004911155,6108.542695150122
760,30,0.1291111666666667,0.125048,0.14737589999999998,0.1561959,0.1515225,0.18021734999999997,0.004713908,6364.146266749372
761,30,0.15021679999999998,0.137677,0.22833089999999998,0.18302866666666662,0.167127,0.2790998,0.00552392,5430.925864241336
762,30,0.12805909999999998,0.12890649999999998,0.15050724999999998,0.1549837,0.1562335,0.18434774999999998,0.004677141,6414.1748132031935
763,30,0.11779370000000002,0.11601800000000001,0.13812449999999998,0.14334946666666668,0.1406425,0.16753819999999997,0.004325659,6935.359444653404
764,30,0.11707569999999998,0.11642,0.1277962,0.14231050000000003,0.1413225,0.15796504999999997,0.00429483,6985.142601686213
765,30,0.10913833333333334,0.1077295,0.11952564999999997,0.13211340000000002,0.130187,0.14526494999999995,0.003995179,7509.05028285341
766,30,0.11340236666666666,0.1074725,0.14585764999999995,0.13753996666666668,0.129811,0.17877534999999994,0.004151093,7227.012259180896
767,30,0.10739976666666667,0.1048555,0.12057219999999998,0.13035750000000002,0.1272185,0.14873489999999995,0.003934965,7623.955994525999
768,30,0.10949606666666667,0.10621749999999999,0.12861654999999997,0.1335646,0.12895099999999998,0.15791654999999996,0.004032782,7439.033401755909
769,30,0.1101930666666667,0.106018,0.12392254999999996,0.1338221,0.12819599999999998,0.15511704999999995,0.004039718,7426.260941976642
770,30,0.11512713333333334,0.1111875,0.14079084999999997,0.13924906666666667,0.13289450000000003,0.17054934999999996,0.004202892,7137.942159827091
771,30,0.111627,0.108601,0.12352134999999997,0.1360753,0.131687,0.15249339999999997,0.004107151,7304.333344452152
772,30,0.11295686666666666,0.10624800000000001,0.14520434999999993,0.13760286666666666,0.1296455,0.17483194999999993,0.004152412,7224.716622531675
773,30,0.10803546666666668,0.1056695,0.12021994999999999,0.13118970000000005,0.1277375,0.14768175,0.003959317,7577.0644280314
774,30,0.11420316666666665,0.108846,0.14750955,0.13804416666666666,0.1304015,0.1756284,0.004166293,7200.645753911212
775,30,0.1100203,0.104201,0.13320444999999995,0.1335920333333333,0.1251495,0.16357979999999991,0.004032398,7439.741811200183
776,30,0.13062183333333333,0.11170749999999999,0.19624939999999994,0.15956933333333334,0.13511050000000002,0.24172149999999995,0.004818439,6226.082762488018
777,30,0.10852706666666666,0.1064215,0.12862079999999998,0.13225190000000003,0.1309845,0.154997,0.003990703,7517.472485424248
778,30,0.1060241,0.1027255,0.12536239999999998,0.12834843333333332,0.123016,0.15598239999999997,0.003872345,7747.243595289159
779,30,0.1079339,0.1027645,0.14359129999999992,0.13167030000000002,0.123512,0.18701849999999998,0.003972326,7552.250243308329
780,30,0.10908883333333336,0.10614799999999999,0.12828949999999995,0.1320641,0.1278375,0.15697074999999994,0.003984327,7529.502473065087
781,30,0.1123746,0.10653850000000001,0.13458294999999998,0.1365111,0.128089,0.16990864999999994,0.004118489,7284.224869849111
782,30,0.10727056666666666,0.1018945,0.12468474999999997,0.12984223333333336,0.122903,0.15365234999999997,0.003917166,7658.598078304571
783,30,0.10536373333333333,0.100605,0.12190279999999995,0.1276014,0.1210205,0.14976599999999995,0.003850132,7791.940639957279
784,30,0.11279876666666665,0.109258,0.12313054999999998,0.1366195,0.1328485,0.15024584999999996,0.004126179,7270.649188995437
785,30,0.11213666666666668,0.1089055,0.13482869999999997,0.13613316666666667,0.1316565,0.16380184999999997,0.004110177,7298.955738402507
786,30,0.10606513333333335,0.1011165,0.12114379999999995,0.1286419,0.121336,0.14883679999999994,0.003881099,7729.769325647195
787,30,0.1081188,0.102922,0.12814309999999995,0.13243870000000002,0.1237745,0.16338219999999998,0.003995659,7508.148217853425
788,30,0.1084035,0.1062195,0.12292719999999997,0.13146936666666667,0.1271315,0.15153429999999996,0.003966533,7563.280073555419
789,30,0.11382706666666667,0.109825,0.13567405,0.13738716666666667,0.133477,0.1582123,0.004144923,7237.770158818391
790,30,0.10579103333333334,0.101661,0.1257102,0.12791296666666668,0.12193200000000001,0.15495939999999997,0.00385953,7772.967174759621
791,30,0.10304803333333332,0.1009805,0.11188909999999998,0.12415093333333335,0.121305,0.1349939,0.003749229,8001.645138240422
792,30,0.10582880000000001,0.100923,0.12270309999999998,0.12808236666666664,0.122135,0.15078064999999996,0.003864922,7762.123013090562
793,30,0.11194843333333333,0.1102625,0.12788895,0.1354308,0.1329095,0.15340915,0.004086267,7341.664164382797
794,30,0.10639723333333333,0.1022145,0.12693099999999996,0.12873283333333332,0.1228475,0.15533774999999994,0.003884529,7722.944017151114
795,30,0.11829776666666668,0.11380950000000001,0.1506158999999999,0.14402693333333333,0.1389995,0.1768338999999999,0.004346268,6902.473570428699
796,30,0.10660483333333332,0.101538,0.12852694999999995,0.12904823333333335,0.12231449999999999,0.15985274999999993,0.003894426,7703.317510719166
797,30,0.10999579999999999,0.1050715,0.13643694999999997,0.13328886666666664,0.126757,0.16987979999999997,0.004021343,7460.194268432213
798,30,0.10621906666666667,0.1018715,0.12657399999999994,0.12880116666666666,0.12336549999999999,0.15396714999999994,0.003886333,7719.359097637799
799,30,0.10687723333333334,0.1025375,0.12594749999999996,0.12906706666666665,0.123096,0.15454869999999996,0.003894087,7703.988123531909
800,30,0.10677323333333336,0.101475,0.12172964999999997,0.12924423333333335,0.121998,0.15080894999999994,0.003899897,7692.510853491772
801,30,0.11798689999999999,0.114116,0.14523074999999994,0.14294703333333333,0.137546,0.17970684999999992,0.00431207,6957.215444090657
802,30,0.10591533333333333,0.1022295,0.12287574999999996,0.12809126666666665,0.1238695,0.15135789999999996,0.003864692,7762.584961492404
803,30,0.10495513333333334,0.1011975,0.12195694999999997,0.12709693333333333,0.122406,0.14946714999999994,0.00383502,7822.64499272494
804,30,0.10811676666666667,0.103129,0.12348379999999999,0.13063903333333332,0.1236015,0.15031414999999995,0.003941811,7610.714973396746
805,30,0.10477953333333331,0.09986,0.1184271,0.12713316666666669,0.12121599999999999,0.1449287,0.003835782,7821.09097962293
806,30,0.10862736666666666,0.1048115,0.13499089999999994,0.13132966666666665,0.126277,0.16635074999999996,0.003962425,7571.121219959999
807,30,0.10568883333333333,0.101494,0.12285234999999996,0.12796453333333335,0.122554,0.15109239999999993,0.00386277,7766.447393968577
808,30,0.1096536,0.104286,0.13277709999999998,0.13273539999999998,0.126535,0.16060775,0.004006367,7488.080847311292
809,30,0.1094321333333333,0.1047585,0.1261559,0.13308406666666667,0.12647999999999998,0.15291984999999994,0.004016933,7468.384461478446
810,30,0.10776716666666666,0.1021745,0.12816649999999993,0.13015873333333333,0.1227245,0.15786499999999992,0.003928288,7636.914605039141
811,30,0.10550143333333332,0.10243,0.12030939999999996,0.12788973333333337,0.123616,0.14889494999999997,0.003861155,7769.695855255746
812,30,0.1055466333333333,0.10088349999999999,0.12244044999999998,0.12830123333333335,0.1220025,0.14951954999999995,0.003873031,7745.871386002333
813,30,0.10211383333333333,0.09962499999999999,0.11443699999999997,0.12318456666666666,0.1198935,0.14149999999999996,0.00371801,8068.832520622592
814,30,0.107119,0.1011395,0.12885444999999995,0.12955146666666664,0.1229025,0.15825019999999995,0.003909529,7673.5586307199665
815,30,0.10410689999999999,0.09953799999999999,0.12116534999999998,0.12632703333333334,0.12012049999999999,0.14969964999999996,0.003811802,7870.2933678087165
816,30,0.10572516666666668,0.101813,0.12256959999999997,0.12753883333333332,0.122695,0.14947074999999996,0.003847694,7796.877818246461
817,30,0.10243013333333333,0.099878,0.11726034999999996,0.12412906666666666,0.1204355,0.14472759999999996,0.00374564,8009.312160271676
818,30,0.10601859999999999,0.10182749999999999,0.12308369999999998,0.12853833333333334,0.1222125,0.15283049999999998,0.003878517,7734.915175052733
819,30,0.10790353333333332,0.1041595,0.12165119999999999,0.13121113333333334,0.126333,0.14737409999999998,0.003959902,7575.945061266667
820,30,0.11064823333333333,0.10482,0.14005209999999998,0.13331303333333333,0.1253675,0.16291234999999998,0.004022502,7458.044769151141
821,30,0.10423589999999999,0.1002275,0.12314974999999997,0.1262482,0.1205975,0.15194439999999995,0.00380882,7876.455175093598
822,30,0.10646850000000001,0.1019545,0.12153209999999998,0.12912723333333334,0.1228525,0.14943204999999998,0.003896897,7698.432881341231
823,30,0.1048989333333333,0.1005425,0.12254704999999998,0.12714093333333334,0.1212005,0.15307205,0.003836429,7819.771980662225
824,30,0.10557346666666666,0.1011395,0.12612664999999995,0.12768513333333334,0.121571,0.15460154999999995,0.003853028,7786.084087631857
825,30,0.10438853333333335,0.1003585,0.12354924999999996,0.1260669,0.120254,0.15089634999999996,0.003804051,7886.3295996820225
826,30,0.10423536666666666,0.10112650000000001,0.11368904999999999,0.12668626666666669,0.1223435,0.14027664999999997,0.003823311,7846.602068207373
827,30,0.10548483333333333,0.100186,0.12775149999999993,0.1274966666666667,0.1205975,0.1595580499999999,0.003849674,7792.867655806699
828,30,0.10489606666666668,0.1013195,0.12089699999999998,0.12724713333333332,0.12156800000000001,0.15139319999999998,0.003839192,7814.144226180925
829,30,0.10437679999999999,0.09919549999999999,0.12396504999999997,0.12640723333333334,0.11946699999999999,0.15175679999999997,0.003814374,7864.986495818186
830,30,0.10475083333333333,0.10035150000000001,0.12334509999999999,0.12672003333333332,0.1209765,0.15124739999999998,0.003826879,7839.286269568492
831,30,0.10498163333333335,0.101376,0.12470439999999998,0.12696196666666665,0.121931,0.15281664999999997,0.003830892,7831.074329425105
832,30,0.10406486666666666,0.1007725,0.12133494999999998,0.12573416666666665,0.1212965,0.14886124999999997,0.00379394,7907.346979657032
833,30,0.10405653333333334,0.1001915,0.11997349999999998,0.12563236666666666,0.12051,0.14676309999999998,0.003790889,7913.711005518759
834,30,0.10599306666666665,0.10133249999999999,0.1284358,0.1281571,0.12170149999999999,0.15692594999999995,0.003867513,7756.922859729237
835,30,0.10472713333333333,0.1004245,0.12411389999999999,0.1266463666666667,0.121235,0.15222194999999997,0.003821214,7850.908114541609
836,30,0.10279206666666665,0.10041,0.11744469999999999,0.12410273333333333,0.1207925,0.14320799999999997,0.003744719,8011.282021428043
837,30,0.10454626666666665,0.10133500000000001,0.12082394999999997,0.1263665,0.1217065,0.14764969999999997,0.003812865,7868.099185258329
838,30,0.1071603,0.102874,0.12415494999999999,0.12995183333333332,0.12387699999999999,0.15150429999999998,0.003921072,7650.968918703864
839,30,0.10487056666666666,0.10177649999999999,0.12188449999999997,0.12717746666666666,0.1229715,0.14960774999999996,0.00383786,7816.856268858166
840,30,0.10763033333333331,0.10302249999999999,0.12740039999999997,0.131077,0.1253175,0.15754994999999997,0.003955652,7584.084747596604
841,30,0.10514633333333334,0.10313449999999999,0.11823099999999999,0.12785713333333332,0.1247955,0.1456259,0.003858554,7774.933304030474
842,30,0.10769406666666667,0.1040795,0.12644624999999995,0.13093673333333333,0.1261505,0.15592484999999998,0.00395174,7591.5925642881375
843,30,0.10811740000000002,0.103993,0.12370934999999997,0.13178326666666668,0.12567899999999999,0.15317079999999997,0.003977255,7542.890762598828
844,30,0.11167866666666668,0.1093605,0.12365514999999998,0.1355138,0.132845,0.15241334999999998,0.004089504,7335.852954294702
845,30,0.1109904,0.10651050000000001,0.14166235,0.13473853333333335,0.1294475,0.16974794999999998,0.00406578,7378.657969688474
846,30,0.10463803333333331,0.1026445,0.1138612,0.1269622,0.1242615,0.13900115,0.003831746,7829.32897953048
847,30,0.1151788,0.10655500000000001,0.16676684999999997,0.13838403333333332,0.1282085,0.19880404999999995,0.004174704,7186.138226806021
848,30,0.10998523333333335,0.1011875,0.16574389999999992,0.13170310000000002,0.1219705,0.19540064999999995,0.003973103,7550.773287276971
849,30,0.10548663333333336,0.101744,0.12220494999999998,0.1272071,0.12236649999999999,0.15004229999999996,0.003838113,7816.3409988189505
850,30,0.10647439999999998,0.101568,0.13412924999999992,0.1285427,0.12254799999999999,0.16575984999999988,0.003878239,7735.469629385915
851,30,0.1055557666666667,0.101192,0.12893245,0.1288251,0.12304200000000001,0.15957069999999998,0.003888732,7714.596943168107
852,30,0.10452643333333334,0.1009175,0.12184229999999996,0.1266150666666667,0.1217645,0.15003929999999996,0.003820905,7851.543024492888
853,30,0.10495929999999999,0.102436,0.12286334999999995,0.12722836666666668,0.1224475,0.15047584999999994,0.003840485,7811.513389584909
854,30,0.10446069999999999,0.099719,0.11990529999999996,0.12655880000000003,0.1199655,0.14765674999999995,0.003820559,7852.254081143624
855,30,0.10619263333333334,0.10149,0.12263044999999997,0.12880793333333332,0.122657,0.14994819999999998,0.003888157,7715.737816142712
856,30,0.10483133333333333,0.1012255,0.12126749999999997,0.12683986666666666,0.121476,0.14865554999999994,0.003829082,7834.776063818952
857,30,0.10440036666666666,0.0999305,0.12076649999999996,0.12660169999999998,0.120643,0.14856239999999996,0.003822382,7848.509123368622
858,30,0.10387566666666667,0.1011775,0.11976044999999998,0.12567093333333335,0.1217005,0.14546704999999996,0.00379315,7908.993844166458
859,30,0.10271050000000001,0.09890650000000001,0.11885109999999997,0.12418030000000001,0.1189895,0.14611729999999995,0.003747284,8005.798332872555
860,30,0.10564743333333333,0.10055800000000001,0.12059884999999997,0.1278632,0.1209945,0.14903034999999995,0.003858107,7775.834107244823
861,30,0.10401256666666668,0.100344,0.12032934999999996,0.1254848,0.12032899999999999,0.14832069999999994,0.003786218,7923.474031342093
862,30,0.10171413333333335,0.099074,0.11448809999999997,0.12316673333333333,0.119759,0.14152514999999996,0.003717374,8070.213005202059
863,30,0.10790696666666665,0.105971,0.12066104999999998,0.13082203333333334,0.127278,0.15014849999999996,0.003948318,7598.172183699489
864,30,0.10952476666666665,0.105092,0.12584234999999996,0.13289306666666667,0.1268505,0.15594239999999995,0.004010007,7481.283698507259
865,30,0.11103586666666666,0.1060615,0.14426925,0.13469746666666668,0.127539,0.17076845,0.004065195,7379.7197920394965
866,30,0.10572673333333332,0.103143,0.12042679999999997,0.12781413333333333,0.123906,0.14803104999999994,0.003856885,7778.29777138805
867,30,0.10476289999999998,0.102396,0.11488759999999998,0.1270965,0.1235545,0.1424459,0.003835207,7822.263570128027
868,30,0.10800676666666666,0.1045005,0.1250769,0.1305481,0.12559399999999998,0.15279974999999998,0.003939138,7615.879413211723
869,30,0.11386256666666668,0.109955,0.13181615,0.13868943333333333,0.1348275,0.16213884999999997,0.004185957,7166.819917165896
870,30,0.10660756666666667,0.10342499999999999,0.12292784999999996,0.12976116666666665,0.12666850000000002,0.15275394999999994,0.003916031,7660.817802514842
871,30,0.10739570000000001,0.10299349999999999,0.12436914999999997,0.13027789999999997,0.1243315,0.15398574999999995,0.003931274,7631.113984932111
872,30,0.1045098,0.10253699999999999,0.11160335,0.1274448,0.12412400000000001,0.13850344999999997,0.003846337,7799.62858168694
873,30,0.1054119333333333,0.102961,0.11781929999999999,0.12782846666666664,0.1246505,0.1452413,0.003857215,7777.632307247586
874,30,0.10891179999999999,0.105051,0.12861279999999994,0.13223996666666665,0.126384,0.16144214999999992,0.003990284,7518.261858053211
875,30,0.10693253333333333,0.1033915,0.12495604999999997,0.1299928333333333,0.1253245,0.15336304999999997,0.003922593,7648.002227098248
876,30,0.10502596666666666,0.1018065,0.12079369999999996,0.12760810000000003,0.12356600000000001,0.14423139999999998,0.003851324,7789.529003532291
877,30,0.10591066666666665,0.103162,0.12384264999999997,0.12834303333333336,0.12445149999999999,0.15180789999999997,0.003873037,7745.859386316216
878,30,0.10652746666666667,0.101653,0.12794249999999993,0.12859063333333334,0.12214449999999999,0.1596897499999999,0.003880147,7731.665836371663
879,30,0.10356123333333332,0.10084599999999999,0.11743459999999996,0.12495183333333332,0.1212125,0.14282834999999997,0.00377056,7956.377832470508
880,30,0.1067326,0.10281799999999999,0.12352434999999999,0.13028083333333335,0.12370600000000001,0.15356089999999997,0.003934992,7623.903682650435
881,30,0.10673850000000003,0.10497300000000001,0.12064364999999996,0.1294515,0.1264025,0.14903819999999998,0.003906226,7680.047186209912
882,30,0.13561569999999998,0.1160555,0.19575165,0.16279836666666667,0.1388055,0.22596215,0.004909161,6111.023859270454
883,30,0.10714293333333334,0.1025085,0.12720089999999998,0.1306628333333333,0.12484999999999999,0.15662084999999998,0.003942673,7609.051016911623
884,30,0.10740796666666666,0.10288749999999999,0.12970904999999996,0.13070100000000004,0.1245825,0.15999934999999996,0.003944354,7605.8082007852245
885,30,0.10632186666666667,0.10177900000000001,0.12649694999999997,0.1296435333333333,0.123412,0.15956074999999995,0.00391238,7667.966813039633
886,30,0.10525939999999999,0.1023405,0.11612819999999997,0.12786383333333334,0.1240115,0.14257284999999995,0.00385904,7773.954144035822
887,30,0.10822046666666665,0.10334650000000001,0.12178204999999996,0.13109053333333334,0.125254,0.15055969999999996,0.003955762,7583.873852875881
888,30,0.10391846666666667,0.102054,0.11261594999999999,0.12618716666666668,0.12319,0.1404479,0.003807668,7878.838176017446
889,30,0.10796423333333333,0.10327549999999999,0.12533419999999998,0.13086703333333333,0.124477,0.15413704999999997,0.003949207,7596.461770679532
890,30,0.10545580000000002,0.1019185,0.11487214999999999,0.1276874,0.12307599999999999,0.14169994999999996,0.003852949,7786.243731749369
891,30,0.1085213666666667,0.102939,0.12650424999999996,0.13165816666666666,0.1243345,0.15863654999999993,0.003973005,7550.959538183315
892,30,0.10708749999999999,0.1040005,0.12239354999999996,0.1297864,0.12656099999999998,0.15093614999999996,0.003916511,7659.878907527644
893,30,0.11504056666666668,0.11213100000000001,0.130218,0.13938416666666661,0.1359945,0.1572181,0.004205688,7133.196756392771
894,30,0.10711816666666668,0.1028095,0.13052295,0.13022070000000002,0.1253145,0.16035860000000002,0.003933084,7627.602156475682
895,30,0.1085974,0.1053975,0.1250942,0.13191903333333335,0.1270705,0.15500279999999997,0.003982093,7533.7266106040215
896,30,0.10758663333333333,0.103664,0.12572974999999997,0.1309746,0.1259495,0.15469089999999996,0.003953911,7587.424198470831
897,30,0.10639409999999999,0.1024115,0.12236744999999996,0.12938593333333334,0.12391150000000001,0.15100554999999996,0.003905642,7681.195562726947
898,30,0.11570649999999999,0.10151550000000001,0.17912569999999994,0.13830926666666665,0.12205099999999999,0.21109319999999995,0.004172654,7189.668733616543
899,30,0.1056491666666667,0.102202,0.12483004999999997,0.12780763333333334,0.1228145,0.15280649999999996,0.003857792,7776.469026842297
900,30,0.10454586666666663,0.10078599999999999,0.11903539999999999,0.12678416666666667,0.121528,0.14827395,0.00382636,7840.349575053053
901,30,0.10661290000000002,0.102709,0.12548014999999996,0.1288645,0.12359300000000001,0.15570904999999996,0.003889957,7712.167512391526
902,30,0.10575013333333333,0.101336,0.1290403,0.1273728,0.12231700000000001,0.15439604999999998,0.003844503,7803.349353609557
903,30,0.10452736666666668,0.10131799999999999,0.12281104999999996,0.12640800000000002,0.122505,0.15036434999999995,0.003815019,7863.65677340008
904,30,0.1061243,0.102039,0.12550469999999997,0.12877533333333332,0.123318,0.15449489999999996,0.003886812,7718.407785094829
905,30,0.10548189999999999,0.101496,0.12391314999999996,0.1276264,0.1223255,0.15222854999999993,0.003851541,7789.090133014292
906,30,0.10427880000000002,0.100485,0.12443669999999996,0.1266525,0.1207575,0.15541964999999994,0.003821713,7849.883023659809
907,30,0.10459523333333333,0.1014805,0.12275224999999997,0.12629790000000002,0.12187049999999999,0.15053844999999993,0.003810952,7872.048768916534
908,30,0.10541906666666666,0.101687,0.12257954999999995,0.12763193333333334,0.12224199999999999,0.15054104999999995,0.003851063,7790.056927139338
909,30,0.10595493333333335,0.10095799999999999,0.12537714999999997,0.128007,0.121614,0.15354249999999994,0.003863023,7765.938747970177
910,30,0.10172436666666665,0.099866,0.11497779999999995,0.12308359999999999,0.1199025,0.14056729999999995,0.003714592,8076.257096337902
911,30,0.10527496666666668,0.1010115,0.12444179999999995,0.12772963333333334,0.1225925,0.15364164999999996,0.003853783,7784.558705043849
912,30,0.10469673333333333,0.09993550000000001,0.12215409999999996,0.12671693333333336,0.1206655,0.15020159999999994,0.003823702,7845.799698825902
913,30,0.10471690000000002,0.10093450000000001,0.12467304999999995,0.12714543333333334,0.121614,0.15277384999999996,0.003836447,7819.735291534067
914,30,0.10547633333333334,0.101053,0.12391079999999996,0.1276995,0.121593,0.15319404999999994,0.003853268,7785.5991329956805
915,30,0.10505533333333332,0.1002625,0.12390159999999995,0.12732609999999997,0.12084400000000001,0.15273984999999995,0.003842043,7808.345716068248
916,30,0.10383083333333332,0.100786,0.12113679999999995,0.12585663333333333,0.12130099999999999,0.14855174999999993,0.003798153,7898.575965739137
917,30,0.10331483333333334,0.0994805,0.12046784999999996,0.1248973,0.1198585,0.14795114999999995,0.003768805,7960.082837928733
918,30,0.11193750000000002,0.10968649999999999,0.13398074999999998,0.13494693333333335,0.1311155,0.16238545,0.004071232,7368.776822347633
919,30,0.10564983333333332,0.1003,0.13465594999999994,0.12734906666666668,0.12077,0.15963844999999993,0.003842757,7806.8948934319815
920,30,0.10340876666666667,0.1011305,0.11411884999999998,0.12527723333333332,0.12234700000000001,0.14164199999999996,0.003780035,7936.43445100376
921,30,0.10514666666666667,0.10125100000000001,0.12156074999999997,0.12695626666666668,0.121545,0.14965294999999998,0.003829731,7833.448354466672
922,30,0.10521926666666667,0.1011765,0.12139254999999997,0.12745503333333336,0.1224285,0.14967864999999997,0.00384554,7801.245078714563
923,30,0.10414433333333334,0.099983,0.12058659999999996,0.12579146666666668,0.12031900000000001,0.14813109999999993,0.003795858,7903.35149523507
924,30,0.10294053333333332,0.1001635,0.11830574999999996,0.12453863333333333,0.1203485,0.14522284999999996,0.00375821,7982.523595009326
925,30,0.10369760000000001,0.0996215,0.12016819999999996,0.12579363333333335,0.1206565,0.15014084999999994,0.003795715,7903.649246584636
926,30,0.10440733333333332,0.1018625,0.12132534999999997,0.1261391,0.122119,0.14889899999999995,0.003805651,7883.013970540125
927,30,0.10523973333333331,0.1021845,0.12151399999999996,0.1271169,0.1226485,0.14919354999999995,0.003834833,7823.026452520879
928,30,0.10400273333333332,0.0998545,0.12357089999999996,0.12584143333333334,0.1206505,0.15133264999999996,0.003797049,7900.872493349441
929,30,0.1057791,0.101007,0.12350229999999995,0.12823273333333335,0.121674,0.15116994999999994,0.003868902,7754.137995741427
930,30,0.1050978,0.101841,0.12317174999999995,0.1269548,0.1224115,0.15081894999999995,0.003830382,7832.11700556237
931,30,0.10495319999999998,0.1010935,0.12681759999999995,0.12703063333333334,0.121858,0.15584909999999993,0.003832769,7827.239262267045
932,30,0.10567779999999999,0.102626,0.12055414999999998,0.12759156666666666,0.122891,0.14793734999999997,0.00385327,7785.595091960855
933,30,0.10477270000000001,0.1017435,0.12565639999999997,0.12655853333333333,0.121876,0.15650644999999994,0.003818608,7856.265948219875
934,30,0.10479213333333334,0.09970699999999999,0.12113204999999996,0.12670356666666666,0.12063850000000001,0.14831529999999996,0.003822473,7848.322277227335
935,30,0.10444483333333335,0.099967,0.12086154999999996,0.12646993333333334,0.121017,0.15074859999999993,0.003815851,7861.942198476828
936,30,0.10626056666666668,0.10371,0.12281849999999996,0.12866143333333332,0.124285,0.15307594999999993,0.003882806,7726.371083180566
937,30,0.10689610000000002,0.1028685,0.12472504999999996,0.1298722,0.1249435,0.15494004999999994,0.003923086,7647.041130375424
938,30,0.11190006666666666,0.10784250000000001,0.13612825,0.13560106666666666,0.1312105,0.15939345,0.004092665,7330.187054156644
939,30,0.10763776666666666,0.104156,0.12449079999999997,0.13097116666666667,0.1267655,0.15417124999999995,0.003953722,7587.786900545866
940,30,0.10722073333333335,0.1035075,0.12405109999999997,0.13083866666666666,0.126093,0.15393354999999995,0.003949091,7596.684907995283
941,30,0.10790340000000002,0.104188,0.12461834999999997,0.1313615333333333,0.1267405,0.15406059999999996,0.003965401,7565.4391573512985
942,30,0.10950673333333333,0.10656299999999999,0.12424294999999999,0.13326323333333334,0.12966850000000002,0.15287384999999998,0.004023365,7456.445040407718
943,30,0.11207416666666664,0.1095645,0.12842379999999998,0.13650403333333333,0.13467800000000002,0.15808019999999995,0.00412138,7279.115247805346
944,30,0.11025243333333333,0.104127,0.12772074999999997,0.13424426666666667,0.125996,0.15921889999999994,0.004052727,7402.42310918056
945,30,0.1072323,0.10471150000000001,0.11709829999999999,0.1299135,0.12675350000000002,0.14423329999999998,0.00392186,7649.431647228611
946,30,0.10807189999999998,0.10278799999999999,0.12656389999999998,0.13135453333333333,0.12482399999999999,0.15624689999999997,0.003964433,7567.286419016288
947,30,0.10344586666666666,0.1020285,0.11269114999999999,0.12666563333333333,0.124212,0.14116159999999997,0.00382304,7847.158282413995
948,30,0.1089427,0.10535800000000001,0.1262725,0.13293456666666667,0.12799899999999997,0.15581355,0.00401171,7478.107839300448
949,30,0.10840080000000002,0.1047525,0.12747009999999995,0.1314681666666667,0.1263245,0.15705894999999995,0.003966867,7562.6432648233485
950,30,0.10798216666666666,0.1043045,0.12478814999999996,0.13095966666666664,0.125836,0.15422999999999995,0.003951724,7591.62330162734
951,30,0.10766759999999999,0.1028155,0.12520019999999998,0.1305855,0.12375900000000001,0.15437944999999997,0.003940589,7613.075101209489
952,30,0.1047149,0.1025665,0.11150809999999999,0.12730426666666667,0.1239725,0.13881839999999998,0.003841533,7809.3823481407035
953,30,0.10605579999999998,0.101952,0.12361624999999997,0.12939003333333335,0.1234355,0.15233719999999995,0.003904318,7683.800346180818
954,30,0.10784079999999997,0.10396949999999999,0.12256819999999997,0.13094276666666668,0.12563000000000002,0.15158879999999997,0.003951369,7592.305350373504
955,30,0.10801056666666667,0.1043085,0.12347229999999997,0.13160253333333333,0.125501,0.15151194999999995,0.003971097,7554.587561069397
956,30,0.1072346,0.1039475,0.1241611,0.12940806666666668,0.125544,0.1496177,0.003904731,7682.987637304594
957,30,0.12165343333333332,0.1053955,0.2134416499999999,0.14519103333333336,0.127665,0.23679759999999994,0.004379443,6850.186199477878
958,30,0.10729563333333333,0.105048,0.12565139999999997,0.1303752,0.126367,0.15626994999999996,0.003933908,7626.004471889022
959,30,0.10690780000000001,0.102652,0.12292409999999998,0.13005509999999998,0.1250625,0.15060649999999995,0.003924312,7644.652107171906
960,30,0.10716900000000001,0.102746,0.12546354999999998,0.13006643333333334,0.125163,0.15303534999999996,0.003924923,7643.46205008353
961,30,0.10682003333333333,0.102985,0.12304604999999996,0.12935406666666666,0.1245675,0.15187304999999995,0.003903685,7685.046308808216
962,30,0.10989026666666667,0.10574700000000001,0.13942269999999996,0.13298346666666666,0.12757200000000002,0.16427529999999996,0.004011973,7477.617621055774
963,30,0.10702936666666667,0.1035095,0.12602424999999998,0.13007153333333335,0.125492,0.15499034999999997,0.003924316,7644.644315085738
964,30,0.10776990000000002,0.1036815,0.12834634999999994,0.13052503333333332,0.1256155,0.15790884999999993,0.003938138,7617.813291459061
965,30,0.10780843333333331,0.103698,0.12361419999999997,0.13069096666666669,0.12543949999999998,0.15250964999999994,0.003943785,7606.905548857253
966,30,0.10868083333333335,0.10424349999999999,0.12528214999999998,0.13194863333333337,0.12689450000000002,0.15458004999999997,0.003981669,7534.528862142985
967,30,0.11495066666666667,0.111833,0.13278184999999998,0.13967913333333334,0.135017,0.16186214999999995,0.004214185,7118.814195390094
968,30,0.10986286666666668,0.10754949999999999,0.12818875,0.1329429,0.12963449999999999,0.15751749999999998,0.004011052,7479.3345985043325
969,30,0.11033250000000001,0.10618,0.12751579999999996,0.13369993333333333,0.128593,0.15691804999999995,0.0040337,7437.340407070431
970,30,0.10764500000000002,0.10475300000000001,0.12054354999999997,0.13036873333333335,0.12585200000000002,0.14851469999999994,0.003933408,7626.973860835184
971,30,0.10830036666666668,0.1036655,0.12575734999999996,0.13171606666666666,0.1258375,0.15499179999999996,0.003974309,7548.4820128480205
972,30,0.10752786666666665,0.104595,0.12277409999999998,0.13014886666666667,0.1261335,0.148934,0.003926965,7639.487492249103
973,30,0.10742689999999996,0.103645,0.12275309999999998,0.13047226666666667,0.125355,0.15188174999999995,0.003937133,7619.757828856684
974,30,0.10722586666666668,0.1026785,0.12825285,0.13040946666666667,0.12425900000000001,0.15667364999999997,0.003935007,7623.874620807536
975,30,0.10838879999999998,0.103959,0.12708044999999998,0.1314392,0.1256645,0.15645449999999997,0.003965971,7564.351832123834
976,30,0.10789296666666665,0.103673,0.12789089999999995,0.13139826666666668,0.12649749999999998,0.15763354999999996,0.003964904,7566.38748378271
977,30,0.10665793333333334,0.10259599999999999,0.12603049999999996,0.12984333333333334,0.1239435,0.15892124999999993,0.003918303,7656.375732045225
978,30,0.10667953333333333,0.1021225,0.12273344999999997,0.12920576666666667,0.12240799999999999,0.15164679999999997,0.003899056,7694.170076038918
979,30,0.10613093333333334,0.1023285,0.12218699999999998,0.12872116666666666,0.1234055,0.15105974999999996,0.003883901,7724.192763924724
980,30,0.10396849999999998,0.0998205,0.12334714999999996,0.12633073333333333,0.120619,0.15274839999999995,0.003811939,7870.010511710707
981,30,0.10879876666666664,0.10500999999999999,0.13055279999999997,0.13208776666666666,0.12596849999999998,0.16492909999999994,0.003985055,7528.126964370629
982,30,0.1190338,0.1089955,0.16286579999999998,0.14471573333333332,0.13198749999999998,0.21505775000000002,0.00436737,6869.122606969412
983,30,0.11385310000000001,0.10556499999999999,0.1668904,0.13693453333333333,0.12715100000000001,0.19270905,0.00413155,7261.197371446551
984,30,0.11013556666666667,0.1004245,0.16068514999999983,0.13291263333333334,0.122264,0.18809524999999983,0.004011136,7479.177968535597
985,30,0.10850243333333333,0.1028435,0.12911975,0.13139373333333335,0.1241535,0.1548646,0.00396539,7565.460143895052
986,30,0.10275666666666665,0.1013955,0.11228689999999997,0.12428109999999999,0.1220015,0.13942614999999994,0.00375151,7996.779963268124
987,30,0.10438693333333335,0.1006235,0.11507925,0.12658323333333335,0.12227650000000001,0.14012015,0.003824337,7844.496967709697
988,30,0.10482166666666666,0.1006795,0.12243994999999999,0.12686713333333335,0.120962,0.14871709999999996,0.003829528,7833.863598856047
989,30,0.10513416666666671,0.10044800000000001,0.12292184999999999,0.12702823333333335,0.12067800000000001,0.15020374999999997,0.00383354,7825.665051101593
990,30,0.1063881,0.10198099999999999,0.12234589999999997,0.12856116666666667,0.12213450000000001,0.15108254999999995,0.003878506,7734.937112382964
991,30,0.11461586666666669,0.11022799999999999,0.13674785,0.13982866666666668,0.13494050000000002,0.16726484999999996,0.0042193,7110.184153769584
992,30,0.11149759999999999,0.1079835,0.13110129999999998,0.13637983333333334,0.1316985,0.1625795,0.004114597,7291.115022929341
993,30,0.10614,0.104156,0.11801709999999997,0.12861916666666667,0.12521749999999998,0.14705749999999995,0.003882194,7727.589090086688
994,30,0.10959736666666667,0.10358200000000001,0.12808825,0.1328732,0.125098,0.15612724999999997,0.004010505,7480.354718420747
995,30,0.10756946666666667,0.1042295,0.12366139999999996,0.1308792666666667,0.125636,0.15366724999999995,0.003949659,7595.592429624937
996,30,0.10729836666666666,0.1031485,0.12296869999999997,0.13012286666666667,0.12426000000000001,0.15207659999999998,0.003927228,7638.975888336507
997,30,0.10766353333333334,0.103588,0.12716264999999996,0.13054953333333333,0.12486249999999999,0.15610344999999995,0.003939053,7616.043754679107
998,30,0.10903983333333334,0.1058895,0.12628979999999998,0.13202866666666666,0.126938,0.15582719999999997,0.003983961,7530.194196178125
999,30,0.10799620000000001,0.1043225,0.12653369999999994,0.1307196,0.1252905,0.15532429999999994,0.003943965,7606.5583746306065
1000,30,0.10840226666666668,0.103933,0.12285154999999998,0.13128326666666668,0.12523499999999999,0.15168279999999995,0.003961967,7571.996435104078
