complete,duration_s,n,passage,throughput_ips
True,0.00458759,30,0,6539.381243746717
True,0.00460623,30,1,6512.918373594023
True,0.00455925,30,2,6580.029610133246
True,0.00456401,30,3,6573.16701760075
True,0.004625,30,4,6486.486486486487
True,0.00457181,30,5,6561.952487089358
True,0.00457797,30,6,6553.12289071357
True,0.00456241,30,7,6575.472173697673
True,0.00455668,30,8,6583.74079373579
True,0.00457051,30,9,6563.818917363708
True,0.00456995,30,10,6564.623245330912
True,0.00456588,30,11,6570.47491392678
True,0.00457191,30,12,6561.808959493953
True,0.00458081,30,13,6549.060100724544
True,0.0045651,30,14,6571.59755536571
True,0.00456758,30,15,6568.029459801471
True,0.00457054,30,16,6563.77583392772
True,0.00457081,30,17,6563.388108453425
True,0.00456981,30,18,6564.824358124299
True,0.0045682,30,19,6567.138041241627
True,0.00458728,30,20,6539.823163181668
True,0.00456953,30,21,6565.226620680902
True,0.00456797,30,22,6567.468700538751
True,0.00456945,30,23,6565.341561894757
True,0.00459849,30,24,6523.880665174872
True,0.00457576,30,25,6556.287917198455
True,0.0045741,30,26,6558.667278808945
True,0.00458232,30,27,6546.902005970775
True,0.00457439,30,28,6558.2514827113555
True,0.00456498,30,29,6571.770303484353
True,0.00456169,30,30,6576.510021505187
True,0.0045721,30,31,6561.536274359703
True,0.00458423,30,32,6544.174266997948
True,0.00457123,30,33,6562.785070976521
True,0.00458478,30,34,6543.38921387722
True,0.00457155,30,35,6562.325688223907
True,0.00457538,30,36,6556.832437961437
True,0.00476783,30,37,6292.1706520576445
True,0.00488378,30,38,6142.782844436072
True,0.00487821,30,39,6149.796749217438
True,0.004889,30,40,6136.224176723256
True,0.00487922,30,41,6148.523739450158
True,0.00488028,30,42,6147.18827608252
True,0.00487973,30,43,6147.881132767592
True,0.0048926,30,44,6131.70911171974
True,0.0048773,30,45,6150.944169930084
True,0.00490656,30,46,6114.263353551164
True,0.00488001,30,47,6147.528386212323
True,0.00488354,30,48,6143.08472951998
True,0.00490612,30,49,6114.8117045649105
True,0.00491952,30,50,6098.1559176505025
True,0.00491316,30,51,6106.049874215373
True,0.00490199,30,52,6119.963525017391
True,0.00489994,30,53,6122.523949272848
True,0.00488543,30,54,6140.708187406227
True,0.00488828,30,55,6137.127987758476
True,0.0048855,30,56,6140.620202640466
True,0.00490971,30,57,6110.340529277696
True,0.00488992,30,58,6135.069694391728
True,0.00488422,30,59,6142.229465503192
True,0.00489752,30,60,6125.5492575834305
True,0.00489283,30,61,6131.420875035511
True,0.00490746,30,62,6113.142032741989
True,0.00489153,30,63,6133.050395275098
True,0.0048968,30,64,6126.449926482601
True,0.00489888,30,65,6123.848716441308
True,0.00491693,30,66,6101.368130113709
True,0.00491203,30,67,6107.454555448561
True,0.00489406,30,68,6129.8798952199195
True,0.00489053,30,69,6134.304461888589
True,0.00489964,30,70,6122.898825219811
True,0.0049091,30,71,6111.0997942596405
True,0.00489554,30,72,6128.026734537967
True,0.00489648,30,73,6126.850308793256
True,0.00489425,30,74,6129.641926750779
True,0.00491331,30,75,6105.863460681293
True,0.00489911,30,76,6123.561218262093
True,0.0049066,30,77,6114.213508335712
True,0.00492581,30,78,6090.3688936438875
True,0.00489111,30,79,6133.577040794421
True,0.00491457,30,80,6104.298036247322
True,0.00490062,30,81,6121.674400381993
True,0.0049036,30,82,6117.95415613019
True,0.00490423,30,83,6117.168240478118
True,0.00491008,30,84,6109.880083420229
True,0.00489904,30,85,6123.648714850256
True,0.00490541,30,86,6115.69675113803
True,0.00489729,30,87,6125.836942472265
True,0.0048912,30,88,6133.464180569185
True,0.00494313,30,89,6069.029137408889
True,0.00489834,30,90,6124.523818273129
True,0.00489379,30,91,6130.218092725679
True,0.0048936,30,92,6130.456105934282
True,0.00491286,30,93,6106.422735433129
True,0.00489497,30,94,6128.740319143937
True,0.00489226,30,95,6132.135250375082
True,0.004898,30,96,6124.948958758678
True,0.00490189,30,97,6120.088374076122
True,0.00489664,30,98,6126.650111096589
True,0.00489994,30,99,6122.523949272848
True,0.0048954,30,100,6128.201985537443
True,0.00489581,30,101,6127.6887787720525
True,0.0049122,30,102,6107.243190423842
True,0.00489898,30,103,6123.723713915958
True,0.00490416,30,104,6117.255554468043
True,0.0048981,30,105,6124.82391131255
True,0.00490201,30,106,6119.9385558169
True,0.00489813,30,107,6124.786398074368
True,0.00490003,30,108,6122.411495439825
True,0.00490192,30,109,6120.050918823645
True,0.00491541,30,110,6103.254865819941
True,0.00491098,30,111,6108.760369620728
True,0.00490378,30,112,6117.729588195229
True,0.0048914,30,113,6133.213394938055
True,0.00489771,30,114,6125.311625228933
True,0.00490875,30,115,6111.535523300229
True,0.0048931,30,116,6131.082544807995
True,0.00488981,30,117,6135.207707456936
True,0.00489176,30,118,6132.762032479108
True,0.00488539,30,119,6140.758465547275
True,0.00490202,30,120,6119.926071293059
True,0.00489128,30,121,6133.363863855679
True,0.00489281,30,122,6131.445938019257
True,0.00488607,30,123,6139.903849105723
True,0.0049055,30,124,6115.584547956375
True,0.00489596,30,125,6127.501041675177
True,0.00489535,30,126,6128.264577609364
True,0.00489578,30,127,6127.726327571909
True,0.00583926,30,128,5137.6373033569325
True,0.00539007,30,129,5565.790425727309
True,0.00490151,30,130,6120.562846959406
True,0.00494188,30,131,6070.564238710774
True,0.00513975,30,132,5836.859769444039
True,0.00497974,30,133,6024.410913019556
True,0.00493238,30,134,6082.256436041019
True,0.0049184,30,135,6099.544567338972
True,0.00489852,30,136,6124.298767791088
True,0.00489592,30,137,6127.551103776205
True,0.00489777,30,138,6125.236587263183
True,0.0048997,30,139,6122.82384635794
True,0.00491415,30,140,6104.819755196728
True,0.00489757,30,141,6125.486720965703
True,0.00489972,30,142,6122.798853812054
True,0.00490327,30,143,6118.365906833603
True,0.00492061,30,144,6096.805070916004
True,0.00490681,30,145,6113.951834287449
True,0.00490219,30,146,6119.713842180739
True,0.00489953,30,147,6123.036291236098
True,0.00490786,30,148,6112.643799945394
True,0.00492084,30,149,6096.520106323311
True,0.00489584,30,150,6127.651230432367
True,0.00490065,30,151,6121.636925713936
True,0.00493167,30,152,6083.132083046919
True,0.00490558,30,153,6115.484815251204
True,0.00490049,30,154,6121.836795912245
True,0.00490143,30,155,6120.662745362068
True,0.00489533,30,156,6128.289614796143
True,0.00490966,30,157,6110.402757013724
True,0.00491151,30,158,6108.101174587856
True,0.00490554,30,159,6115.534681197178
True,0.00490326,30,160,6118.378384992841
True,0.00490242,30,161,6119.426732103736
True,0.00491215,30,162,6107.305355088913
True,0.00490021,30,163,6122.186600166115
True,0.00489773,30,164,6125.286612369403
True,0.00490496,30,165,6116.257828810021
True,0.00491268,30,166,6106.6464740223255
True,0.00490747,30,167,6113.129575932202
True,0.00511984,30,168,5859.558111190975
True,0.00476177,30,169,6300.178295045749
True,0.00461139,30,170,6505.63062330447
True,0.00463138,30,171,6477.550967530196
True,0.00460634,30,172,6512.76284425379
True,0.00464064,30,173,6464.625568887051
True,0.00460109,30,174,6520.194127913168
True,0.0046058,30,175,6513.526423205523
True,0.00460663,30,176,6512.35284796044
True,0.0046082,30,177,6510.134108762641
True,0.00461377,30,178,6502.274712436902
True,0.00460432,30,179,6515.620113284915
True,0.00460784,30,180,6510.642730650369
True,0.00461217,30,181,6504.530405427381
True,0.00459925,30,182,6522.802630863728
True,0.00460697,30,183,6511.872228384383
True,0.00461631,30,184,6498.6970112492445
True,0.00460323,30,185,6517.162948625205
True,0.00460501,30,186,6514.6438335638795
True,0.00460939,30,187,6508.453396219456
True,0.00460525,30,188,6514.3043265837905
True,0.00460128,30,189,6519.924890465261
True,0.00459872,30,190,6523.554380349315
True,0.00461994,30,191,6493.590825854881
True,0.00460358,30,192,6516.667463148245
True,0.00460432,30,193,6515.620113284915
True,0.00459539,30,194,6528.281603955267
True,0.00459855,30,195,6523.795544247643
True,0.00462332,30,196,6488.843515049791
True,0.00461137,30,197,6505.658838913381
True,0.00459774,30,198,6524.944864215897
True,0.00460404,30,199,6516.016368233117
True,0.00459531,30,200,6528.395255162329
True,0.00460114,30,201,6520.123273797363
True,0.00460682,30,202,6512.084257687515
True,0.00460471,30,203,6515.068267056992
True,0.00461316,30,204,6503.134510834222
True,0.00460235,30,205,6518.409073625431
True,0.00459889,30,206,6523.3132342804465
True,0.0046062,30,207,6512.960791976032
True,0.00460298,30,208,6517.51691295639
True,0.00460203,30,209,6518.862328146492
True,0.00460002,30,210,6521.7107751705435
True,0.00462409,30,211,6487.762997692519
True,0.00460646,30,212,6512.593184354147
True,0.00459865,30,213,6523.653680971589
True,0.00459894,30,214,6523.242312358935
True,0.00460616,30,215,6513.017350678222
True,0.00460312,30,216,6517.318688194095
True,0.00462054,30,217,6492.747600929762
True,0.00462504,30,218,6486.43038762908
True,0.00460381,30,219,6516.3418994267795
True,0.00460027,30,220,6521.356355170457
True,0.00461352,30,221,6502.627061332778
True,0.00460634,30,222,6512.76284425379
True,0.0046032,30,223,6517.205422314912
True,0.0046132,30,224,6503.078123645193
True,0.0045995,30,225,6522.448092183932
True,0.00459656,30,226,6526.619907060932
True,0.00460638,30,227,6512.706289971735
True,0.00460323,30,228,6517.162948625205
True,0.00460131,30,229,6519.882381321841
True,0.00460017,30,230,6521.498118547793
True,0.00461366,30,231,6502.429741246646
True,0.00460357,30,232,6516.681618830603
True,0.00461455,30,233,6501.175629259624
True,0.00460763,30,234,6510.939463455183
True,0.00460879,30,235,6509.300705825173
True,0.004622,30,236,6490.6966681090435
True,0.00463491,30,237,6472.61759128009
True,0.00461113,30,238,6505.99744531167
True,0.00460118,30,239,6520.066591613456
True,0.00460321,30,240,6517.191264356829
True,0.00463263,30,241,6475.803161487102
True,0.0045978,30,242,6524.859715516116
True,0.00460056,30,243,6520.945276227242
True,0.00461469,30,244,6500.978397248786
True,0.00459843,30,245,6523.965788323407
True,0.00459981,30,246,6522.008517743124
True,0.00459604,30,247,6527.358334566279
True,0.0045897,30,248,6536.374926465782
True,0.00460181,30,249,6519.17397719593
True,0.00461122,30,250,6505.870463781819
True,0.00460826,30,251,6510.049346174043
True,0.00460022,30,252,6521.427236088708
True,0.00459168,30,253,6533.556345389923
True,0.0045982,30,254,6524.292114305597
True,0.00460183,30,255,6519.145644232837
True,0.0045982,30,256,6524.292114305597
True,0.00461586,30,257,6499.330568951397
True,0.00459961,30,258,6522.292107374321
True,0.00460154,30,259,6519.556496303411
True,0.00463156,30,260,6477.299225315013
True,0.00463214,30,261,6476.488189044373
True,0.00460409,30,262,6515.94560488609
True,0.00463437,30,263,6473.3717851617375
True,0.0046057,30,264,6513.6678463642875
True,0.00460748,30,265,6511.151432019239
True,0.00460002,30,266,6521.7107751705435
True,0.00459912,30,267,6522.9870062098835
True,0.00460226,30,268,6518.536545088717
True,0.00460871,30,269,6509.413697108301
True,0.00461306,30,270,6503.27548308498
True,0.00459914,30,271,6522.958640093583
True,0.00460861,30,272,6509.554941728634
True,0.00459891,30,273,6523.284865326784
True,0.00459281,30,274,6531.948850485868
True,0.00460966,30,275,6508.072178859178
True,0.0045952,30,276,6528.551532033426
True,0.00461231,30,277,6504.332969813391
True,0.00459625,30,278,6527.0601033451185
True,0.0045994,30,279,6522.58990303083
True,0.0045959,30,280,6527.557170521552
True,0.00459795,30,281,6524.646853489055
True,0.0046033,30,282,6517.063845502139
True,0.00461878,30,283,6495.221681916003
True,0.0045973,30,284,6525.5693559263045
True,0.0045992,30,285,6522.873543224909
True,0.00462766,30,286,6482.7580245739755
True,0.00463735,30,287,6469.211942165245
True,0.00460487,30,288,6514.841895645263
True,0.00460816,30,289,6510.190618381306
True,0.00461471,30,290,6500.950222224148
True,0.00460704,30,291,6511.773286101272
True,0.00460501,30,292,6514.6438335638795
True,0.0045984,30,293,6524.008350730689
True,0.00460183,30,294,6519.145644232837
True,0.0046081,30,295,6510.27538464877
True,0.00460727,30,296,6511.448211196652
True,0.00459543,30,297,6528.224779835619
True,0.00459318,30,298,6531.4226744869575
True,0.00458946,30,299,6536.716737916879
True,0.00459153,30,300,6533.769789155249
True,0.00459872,30,301,6523.554380349315
True,0.00459573,30,302,6527.798630467847
True,0.00461175,30,303,6505.122784192551
True,0.00459432,30,304,6529.802016402863
True,0.0045987,30,305,6523.5827516472045
True,0.00459068,30,306,6534.97956729722
True,0.00459201,30,307,6533.086818190727
True,0.00459066,30,308,6535.0080380598865
True,0.00462871,30,309,6481.287442937664
True,0.00461651,30,310,6498.41546969464
True,0.00459871,30,311,6523.568565967413
True,0.00459614,30,312,6527.2163163002
True,0.00459519,30,313,6528.565739392713
True,0.00459506,30,314,6528.7504406906555
True,0.00459444,30,315,6529.631467599968
True,0.00460427,30,316,6515.690869562385
True,0.00460414,30,317,6515.874843076015
True,0.00459938,30,318,6522.618265940192
True,0.00460258,30,319,6518.083335868143
True,0.00459124,30,320,6534.182486648488
True,0.00459169,30,321,6533.542116301405
True,0.00459549,30,322,6528.139545510925
True,0.00460831,30,323,6509.978712369611
True,0.0045974,30,324,6525.427415495716
True,0.00459478,30,325,6529.148294368828
True,0.00458863,30,326,6537.8991114995115
True,0.00460382,30,327,6516.327745220274
True,0.00459668,30,328,6526.449524439378
True,0.00459403,30,329,6530.21421279356
True,0.004611,30,330,6506.180871828237
True,0.00461561,30,331,6499.68259883309
True,0.00458661,30,332,6540.778483455101
True,0.00459171,30,333,6533.513658310303
True,0.0045939,30,334,6530.399007379351
True,0.00459594,30,335,6527.50035901252
True,0.00459004,30,336,6535.890754764664
True,0.00461316,30,337,6503.134510834222
True,0.00459919,30,338,6522.887725882166
True,0.00460287,30,339,6517.6726694431945
True,0.00459829,30,340,6524.1644176422105
True,0.00459959,30,341,6522.32046769386
True,0.00460904,30,342,6508.947633346641
True,0.00462188,30,343,6490.865189057266
True,0.00461086,30,344,6506.378419644058
True,0.0046103,30,345,6507.1687308851915
True,0.00460813,30,346,6510.233001239114
True,0.00460506,30,347,6514.573100024755
True,0.00460105,30,348,6520.250812314581
True,0.00460912,30,349,6508.834658242788
True,0.00461419,30,350,6501.682852244923
True,0.00461059,30,351,6506.759438596795
True,0.00460598,30,352,6513.27187699469
True,0.00460504,30,353,6514.6013932560845
True,0.00462365,30,354,6488.380392114455
True,0.00461056,30,355,6506.801776790672
True,0.00461894,30,356,6494.996687551689
True,0.00460674,30,357,6512.197345628362
True,0.00460134,30,358,6519.839872732726
True,0.00460616,30,359,6513.017350678222
True,0.0046078,30,360,6510.699249099353
True,0.00460014,30,361,6521.540648762863
True,0.00459822,30,362,6524.263736837298
True,0.00461957,30,363,6494.110923743985
True,0.00460232,30,364,6518.451563559248
True,0.00460421,30,365,6515.775779123888
True,0.00460132,30,366,6519.868211730547
True,0.00461269,30,367,6503.79713355981
True,0.00459826,30,368,6524.20698264126
True,0.00461089,30,369,6506.33608695935
True,0.00460303,30,370,6517.446117014228
True,0.00460313,30,371,6517.304529743891
True,0.00460269,30,372,6517.9275597531005
True,0.00460786,30,373,6510.614471793848
True,0.00459867,30,374,6523.625309056749
True,0.00460519,30,375,6514.389200011291
True,0.00463647,30,376,6470.4397957929195
True,0.00460897,30,377,6509.046489779712
True,0.00461025,30,378,6507.239303725395
True,0.00460462,30,379,6515.195607889467
True,0.00460502,30,380,6514.629686733174
True,0.00460676,30,381,6512.169073274927
True,0.00460843,30,382,6509.809197492421
True,0.00462318,30,383,6489.0400114207105
True,0.00460899,30,384,6509.01824477814
True,0.0046449,30,385,6458.696635019052
True,0.00492268,30,386,6094.2413482086995
True,0.00492576,30,387,6090.430715260182
True,0.00494671,30,388,6064.636900081064
True,0.00492058,30,389,6096.842242174703
True,0.00491293,30,390,6106.335730409348
True,0.00507344,30,391,5913.147686776625
True,0.0049376,30,392,6075.826312378483
True,0.00492353,30,393,6093.189236178108
True,0.00491975,30,394,6097.870826769653
True,0.00493761,30,395,6075.8140071816115
True,0.00493539,30,396,6078.546984128914
True,0.00492537,30,397,6090.912966944616
True,0.00494671,30,398,6064.636900081064
True,0.00492279,30,399,6094.105172067059
True,0.00492401,30,400,6092.595262804096
True,0.00493745,30,401,6076.010896312873
True,0.00492039,30,402,6097.077670672446
True,0.00479404,30,403,6257.77006449675
True,0.0046142,30,404,6501.668761648823
True,0.00461539,30,405,6499.9924166755145
True,0.00462851,30,406,6481.567502284753
True,0.00461303,30,407,6503.317775952032
True,0.00460786,30,408,6510.614471793848
True,0.00461251,30,409,6504.05093972696
True,0.00459612,30,410,6527.244719459021
True,0.00460537,30,411,6514.1345863633105
True,0.00461739,30,412,6497.176976603666
True,0.00460384,30,413,6516.299436991729
True,0.00461906,30,414,6494.827952007551
True,0.00463518,30,415,6472.240560237143
True,0.00462751,30,416,6482.9681621433565
True,0.00461299,30,417,6503.374167297133
True,0.00460633,30,418,6512.776982977773
True,0.00462338,30,419,6488.759305962305
True,0.0046333,30,420,6474.866725659897
True,0.00460983,30,421,6507.832176023845
True,0.00460661,30,422,6512.381121909604
True,0.00460952,30,423,6508.269841545324
True,0.00461605,30,424,6499.063051743374
True,0.00462588,30,425,6485.252535733742
True,0.00461113,30,426,6505.99744531167
True,0.0046032,30,427,6517.205422314912
True,0.00460651,30,428,6512.5224953381185
True,0.00460853,30,429,6509.667941838287
True,0.00460329,30,430,6517.078002906616
True,0.0046107,30,431,6506.604203266315
True,0.00467878,30,432,6411.927895733504
True,0.00461523,30,433,6500.217757294869
True,0.00461589,30,434,6499.288327928091
True,0.00461945,30,435,6494.279622032926
True,0.0046209,30,436,6492.241771083555
True,0.00461541,30,437,6499.964250196624
True,0.0046243,30,438,6487.46837359168
True,0.00461374,30,439,6502.316992288253
True,0.00460765,30,440,6510.911202022724
True,0.004611,30,441,6506.180871828237
True,0.00460899,30,442,6509.01824477814
True,0.00462774,30,443,6482.6459567737165
True,0.00461022,30,444,6507.281648164296
True,0.00462149,30,445,6491.412942579125
True,0.00461308,30,446,6503.247288145881
True,0.00460776,30,447,6510.7557685296115
True,0.00460743,30,448,6511.222091274311
True,0.00461345,30,449,6502.72572586676
True,0.00460471,30,450,6515.068267056992
True,0.00461882,30,451,6495.165431863549
True,0.00462141,30,452,6491.52531370296
True,0.00461279,30,453,6503.656138692635
True,0.0046151,30,454,6500.4008580529135
True,0.00460766,30,455,6510.897071398496
True,0.00460969,30,456,6508.029824131341
True,0.00461048,30,457,6506.914681334698
True,0.00462227,30,458,6490.31752796786
True,0.00461305,30,459,6503.289580646211
True,0.00460531,30,460,6514.2194553678255
True,0.00460412,30,461,6515.903147615614
True,0.0045997,30,462,6522.164488988412
True,0.00460064,30,463,6520.831884259582
True,0.00459986,30,464,6521.937624188562
True,0.00463457,30,465,6473.0924336022545
True,0.0045985,30,466,6523.866478199413
True,0.00460882,30,467,6509.258335105299
True,0.00460449,30,468,6515.379553435885
True,0.00460352,30,469,6516.752398164883
True,0.0046103,30,470,6507.1687308851915
True,0.00461803,30,471,6496.276550823619
True,0.00460425,30,472,6515.7191725036655
True,0.00459665,30,473,6526.492119260766
True,0.00460703,30,474,6511.787420529061
True,0.00460811,30,475,6510.261256784234
True,0.00460287,30,476,6517.6726694431945
True,0.0045988,30,477,6523.440897625467
True,0.00461014,30,478,6507.394569362318
True,0.00460779,30,479,6510.713378864923
True,0.00460301,30,480,6517.474435206527
True,0.00459659,30,481,6526.5773105715325
True,0.00459765,30,482,6525.072591432579
True,0.00460331,30,483,6517.049688159173
True,0.00461383,30,484,6502.190154383668
True,0.00460128,30,485,6519.924890465261
True,0.00460114,30,486,6520.123273797363
True,0.00459954,30,487,6522.39136957174
True,0.00462565,30,488,6485.575000270232
True,0.00460051,30,489,6521.016148209655
True,0.00460631,30,490,6512.805260609903
True,0.00462063,30,491,6492.621136078847
True,0.00460526,30,492,6514.290181227553
True,0.00460571,30,493,6513.653703772057
True,0.00460513,30,494,6514.474075650416
True,0.00460913,30,495,6508.8205366305565
True,0.00460727,30,496,6511.448211196652
True,0.00461294,30,497,6503.444657853776
True,0.00460511,30,498,6514.502368021611
True,0.00460703,30,499,6511.787420529061
True,0.00460611,30,500,6513.088050437354
True,0.00460741,30,501,6511.250355405748
True,0.0046129,30,502,6503.5010513993375
True,0.00460284,30,503,6517.715149777094
True,0.00461858,30,504,6495.502946793171
True,0.00460475,30,505,6515.011672729246
True,0.00461011,30,506,6507.436915821965
True,0.00460121,30,507,6520.024080622272
True,0.00460618,30,508,6512.989071204339
True,0.00460997,30,509,6507.634539921084
True,0.00460993,30,510,6507.691006154107
True,0.00464437,30,511,6459.433679917835
True,0.00460882,30,512,6509.258335105299
True,0.00461179,30,513,6505.066362518674
True,0.00460839,30,514,6509.865701470578
True,0.00461126,30,515,6505.814029137373
True,0.00461088,30,516,6506.3501977930455
True,0.00462694,30,517,6483.766809165452
True,0.00461801,30,518,6496.304685351483
True,0.00462177,30,519,6491.019674280633
True,0.00461538,30,520,6500.006500006501
True,0.00461521,30,521,6500.245925970866
True,0.00461099,30,522,6506.194981988684
True,0.0046138,30,523,6502.232433135376
True,0.00462887,30,524,6481.063412884786
True,0.00461082,30,525,6506.434864080576
True,0.00461925,30,526,6494.56080532554
True,0.00461207,30,527,6504.671438204537
True,0.00461083,30,528,6506.420752879633
True,0.00460952,30,529,6508.269841545324
True,0.0046124,30,530,6504.206053247767
True,0.00461109,30,531,6506.05388313826
True,0.00461259,30,532,6503.9381345404645
True,0.0046327,30,533,6475.705312236924
True,0.00461169,30,534,6505.20741853854
True,0.00460915,30,535,6508.792293589924
True,0.00461036,30,536,6507.084045497531
True,0.00462575,30,537,6485.434794357672
True,0.00461106,30,538,6506.0962121507855
True,0.00461159,30,539,6505.348480675862
True,0.00461294,30,540,6503.444657853776
True,0.00461509,30,541,6500.414943153872
True,0.00460951,30,542,6508.283960768064
True,0.00461805,30,543,6496.248416539448
True,0.0046156,30,544,6499.696680821561
True,0.00460801,30,545,6510.402538188936
True,0.00461071,30,546,6506.590091330837
True,0.0046145,30,547,6501.246072163832
True,0.00462049,30,548,6492.817861309082
True,0.00460923,30,549,6508.679323878392
True,0.0046158,30,550,6499.415052645262
True,0.00461299,30,551,6503.374167297133
True,0.00461016,30,552,6507.366338695403
True,0.00460444,30,553,6515.4503044887115
True,0.00461219,30,554,6504.502199605827
True,0.00460981,30,555,6507.860410732764
True,0.0046404,30,556,6464.959917248512
True,0.00460875,30,557,6509.357200976404
True,0.00460491,30,558,6514.785305250265
True,0.00460501,30,559,6514.6438335638795
True,0.004613,30,560,6503.360069369174
True,0.0046123,30,561,6504.34707195976
True,0.00460156,30,562,6519.528160015298
True,0.00462404,30,563,6487.833150232264
True,0.00460806,30,564,6510.331896720095
True,0.00461118,30,565,6505.926899405358
True,0.0046011,30,566,6520.179956966812
True,0.00460983,30,567,6507.832176023845
True,0.00461995,30,568,6493.576770311367
True,0.00465969,30,569,6438.196532387347
True,0.0046333,30,570,6474.866725659897
True,0.00462338,30,571,6488.759305962305
True,0.00462298,30,572,6489.320741166954
True,0.00462104,30,573,6492.045080761041
True,0.00462165,30,574,6491.188212002207
True,0.00462438,30,575,6487.356142877532
True,0.00463451,30,576,6473.176236538491
True,0.00461849,30,577,6495.629523935312
True,0.00463925,30,578,6466.5624831599935
True,0.00462487,30,579,6486.668814474786
True,0.00461806,30,580,6496.234349488746
True,0.00462455,30,581,6487.117665502589
True,0.00462884,30,582,6481.105417339981
True,0.00462434,30,583,6487.4122577492135
True,0.00461706,30,584,6497.641356187703
True,0.00461889,30,585,6495.06699661607
True,0.00461249,30,586,6504.079141634995
True,0.00462269,30,587,6489.727842446714
True,0.00462438,30,588,6487.356142877532
True,0.00461867,30,589,6495.376374584025
True,0.00462657,30,590,6484.285334491859
True,0.00462649,30,591,6484.397458980783
True,0.00461415,30,592,6501.739215240077
True,0.00462679,30,593,6483.977012140166
True,0.00462276,30,594,6489.629571944033
True,0.00464191,30,595,6462.8568843428675
True,0.00461948,30,596,6494.2374466390165
True,0.00463304,30,597,6475.230086509075
True,0.00462976,30,598,6479.817528338402
True,0.00462689,30,599,6483.836875309334
True,0.00462161,30,600,6491.244393187655
True,0.00465396,30,601,6446.12330144651
True,0.00460922,30,602,6508.693444877876
True,0.00461819,30,603,6496.051483373356
True,0.00461883,30,604,6495.151369502666
True,0.00462088,30,605,6492.269870673984
True,0.0046165,30,606,6498.429546193003
True,0.00462224,30,607,6490.359652462876
True,0.00462654,30,608,6484.327380720798
True,0.00461845,30,609,6495.685782026438
True,0.00460821,30,610,6510.1199815112595
True,0.00461144,30,611,6505.560085352949
True,0.00474181,30,612,6326.698033029582
True,0.00461374,30,613,6502.316992288253
True,0.00463186,30,614,6476.879698436482
True,0.00460826,30,615,6510.049346174043
True,0.00461774,30,616,6496.684525330573
True,0.00461907,30,617,6494.8138911079495
True,0.00460815,30,618,6510.20474593926
True,0.00461665,30,619,6498.218405120596
True,0.00483707,30,620,6202.101685524502
True,0.00493968,30,621,6073.267903993781
True,0.00492238,30,622,6094.612768620058
True,0.00494964,30,623,6061.046864014353
True,0.00494432,30,624,6067.568442172027
True,0.00493906,30,625,6074.030281065628
True,0.00492853,30,626,6087.007687890709
True,0.0049257,30,627,6090.504902856447
True,0.00493885,30,628,6074.288548953704
True,0.00494492,30,629,6066.832223777129
True,0.00492839,30,630,6087.180600561238
True,0.00492955,30,631,6085.7481920256405
True,0.00493053,30,632,6084.53857901686
True,0.00493259,30,633,6081.997490162369
True,0.00491954,30,634,6098.131126080893
True,0.00492359,30,635,6093.114983172847
True,0.00492669,30,636,6089.281038587774
True,0.00469424,30,637,6390.810866082689
True,0.00462689,30,638,6483.836875309334
True,0.00462155,30,639,6491.32866678928
True,0.0046126,30,640,6503.924034167281
True,0.00461696,30,641,6497.782090379817
True,0.00461394,30,642,6502.03513699788
True,0.00461683,30,643,6497.96505394394
True,0.00465261,30,644,6447.993706758142
True,0.00462536,30,645,6485.981631700019
True,0.0046176,30,646,6496.881496881497
True,0.00462322,30,647,6488.9838683861035
True,0.0046157,30,648,6499.555863682648
True,0.00462148,30,649,6491.426988756849
True,0.0046165,30,650,6498.429546193003
True,0.00463952,30,651,6466.186157188674
True,0.0046177,30,652,6496.740801697815
True,0.00461563,30,653,6499.654435039204
True,0.00461862,30,654,6495.446691869
True,0.00462203,30,655,6490.654539239252
True,0.00461664,30,656,6498.232480765232
True,0.00463356,30,657,6474.503405588791
True,0.00462078,30,658,6492.410372274811
True,0.00461659,30,659,6498.302859903089
True,0.00461677,30,660,6498.049502141107
True,0.00462511,30,661,6486.3322169634885
True,0.00462653,30,662,6484.341396251618
True,0.00464028,30,663,6465.127104398873
True,0.00462447,30,664,6487.229887965539
True,0.0046153,30,665,6500.119168851429
True,0.00462631,30,666,6484.649753259077
True,0.00464807,30,667,6454.291781319989
True,0.00462231,30,668,6490.261362825081
True,0.00462098,30,669,6492.129375154188
True,0.00463556,30,670,6471.709998360499
True,0.00462004,30,671,6493.450273157809
True,0.00461712,30,672,6497.556918598607
True,0.00463183,30,673,6476.921648678816
True,0.00462502,30,674,6486.458436936489
True,0.0046246,30,675,6487.047528434891
True,0.00462844,30,676,6481.665528774273
True,0.00462449,30,677,6487.201831985797
True,0.00462546,30,678,6485.841408205887
True,0.00462701,30,679,6483.66871910802
True,0.00463262,30,680,6475.8171401928075
True,0.00462908,30,681,6480.7693969428055
True,0.00461977,30,682,6493.829779404603
True,0.00464938,30,683,6452.473232990205
True,0.00462276,30,684,6489.629571944033
True,0.00461877,30,685,6495.2357445813495
True,0.00462163,30,686,6491.21630247337
True,0.00462159,30,687,6491.272484145067
True,0.00462444,30,688,6487.271972390171
True,0.00466133,30,689,6435.93137580905
True,0.00462372,30,690,6488.28216241468
True,0.00461918,30,691,6494.659225230453
True,0.00462339,30,692,6488.745271326884
True,0.00463105,30,693,6478.012545750963
True,0.00461932,30,694,6494.462388403488
True,0.0046341,30,695,6473.748948015796
True,0.00462419,30,696,6487.62269716426
True,0.00462061,30,697,6492.649238953299
True,0.00461747,30,698,6497.06440973087
True,0.00462249,30,699,6490.00863171148
True,0.00462083,30,700,6492.340120714243
True,0.00462106,30,701,6492.0169831164285
True,0.00463028,30,702,6479.0898174624435
True,0.00461881,30,703,6495.179494285325
True,0.00462436,30,704,6487.384200192027
True,0.00462179,30,705,6490.991585511241
True,0.00461756,30,706,6496.937776661267
True,0.00462567,30,707,6485.546958602754
True,0.0046367,30,708,6470.118834515928
True,0.00462552,30,709,6485.757277019665
True,0.00461905,30,710,6494.842012968034
True,0.0046203,30,711,6493.084864619181
True,0.00464316,30,712,6461.116997906598
True,0.00461796,30,713,6496.375022737313
True,0.00461538,30,714,6500.006500006501
True,0.00463487,30,715,6472.673451466815
True,0.00462378,30,716,6488.197967896396
True,0.00462134,30,717,6491.623641627753
True,0.00461588,30,718,6499.302408208186
True,0.00462916,30,719,6480.657397886442
True,0.00462595,30,720,6485.15440071769
True,0.0046408,30,721,6464.402689191519
True,0.00462667,30,722,6484.145184333441
True,0.00465186,30,723,6449.033289909843
True,0.00463559,30,724,6471.66811560125
True,0.00460884,30,725,6509.23008826516
True,0.0046039,30,726,6516.214513781793
True,0.00462186,30,727,6490.893276732743
True,0.00461132,30,728,6505.729379006444
True,0.00460911,30,729,6508.848779916297
True,0.00459981,30,730,6522.008517743124
True,0.00460162,30,731,6519.443152628857
True,0.00459661,30,732,6526.54891322083
True,0.0045967,30,733,6526.421128200666
True,0.00463473,30,734,6472.868969713446
True,0.00460032,30,735,6521.285475792989
True,0.00459652,30,736,6526.676703245064
True,0.00460107,30,737,6520.2224699906765
True,0.00459961,30,738,6522.292107374321
True,0.00459738,30,739,6525.455803087846
True,0.00459856,30,740,6523.781357642392
True,0.00461067,30,741,6506.646539440038
True,0.00459099,30,742,6534.538302196259
True,0.00459986,30,743,6521.937624188562
True,0.00460008,30,744,6521.625710857202
True,0.00460429,30,745,6515.662566866988
True,0.00460007,30,746,6521.639888088659
True,0.00462776,30,747,6482.617940429063
True,0.00459781,30,748,6524.845524282213
True,0.00460485,30,749,6514.87019121144
True,0.00459532,30,750,6528.381048545041
True,0.0046032,30,751,6517.205422314912
True,0.00460184,30,752,6519.1314778436445
True,0.00460071,30,753,6520.7326695227475
True,0.00461893,30,754,6495.01074924279
True,0.00459811,30,755,6524.419815967865
True,0.00460876,30,756,6509.34307709666
True,0.00462462,30,757,6487.0194740324605
True,0.00459831,30,758,6524.1360412847325
True,0.00459999,30,759,6521.753308159366
True,0.00460294,30,760,6517.573550817521
True,0.00460031,30,761,6521.299651545222
True,0.00458987,30,762,6536.132831648826
True,0.00459275,30,763,6532.034184312231
True,0.00458962,30,764,6536.488859644153
True,0.00459495,30,765,6528.906734567297
True,0.00459338,30,766,6531.138290322159
True,0.00461149,30,767,6505.489548931039
True,0.00459074,30,768,6534.894156497645
True,0.00459208,30,769,6532.987230187628
True,0.00478466,30,770,6270.037996430259
True,0.00458907,30,771,6537.27225777772
True,0.00458716,30,772,6539.994244805065
True,0.00459419,30,773,6529.9867876600665
True,0.0046125,30,774,6504.065040650406
True,0.00458835,30,775,6538.298081009513
True,0.00459131,30,776,6534.082865238896
True,0.00458856,30,777,6537.998849312202
True,0.00458374,30,778,6544.873836648675
True,0.00458051,30,779,6549.489030697455
True,0.00462592,30,780,6485.196458218041
True,0.00458136,30,781,6548.273875006549
True,0.00459249,30,782,6532.403989992356
True,0.0045828,30,783,6546.216286986122
True,0.00458701,30,784,6540.208109422042
True,0.00459038,30,785,6535.40665478675
True,0.00458634,30,786,6541.163542170881
True,0.00461177,30,787,6505.09457323327
True,0.00459855,30,788,6523.795544247643
True,0.0045895,30,789,6536.659766859135
True,0.00459126,30,790,6534.154023078632
True,0.00458848,30,791,6538.112839110119
True,0.00459214,30,792,6532.901871458623
True,0.0045864,30,793,6541.077969649398
True,0.00460506,30,794,6514.573100024755
True,0.00458715,30,795,6540.008502011053
True,0.00458738,30,796,6539.680601999398
True,0.00459274,30,797,6532.048406833394
True,0.00460169,30,798,6519.343980146424
True,0.00459789,30,799,6524.731996633238
True,0.00459478,30,800,6529.148294368828
True,0.00461804,30,801,6496.262483651072
True,0.00462265,30,802,6489.7839983559215
True,0.00460253,30,803,6518.154145654673
True,0.00459518,30,804,6528.579946813836
True,0.00460052,30,805,6521.00197368993
True,0.00459893,30,806,6523.256496619866
True,0.004611,30,807,6506.180871828237
True,0.00459548,30,808,6528.153751077146
True,0.0045906,30,809,6535.093451836361
True,0.00460046,30,810,6521.08702173261
True,0.00459527,30,811,6528.452082249792
True,0.00459181,30,812,6533.371372073322
True,0.0045993,30,813,6522.731720044355
True,0.00460369,30,814,6516.5117547011205
True,0.00459222,30,815,6532.78806328965
True,0.00459077,30,816,6534.851451935078
True,0.0045941,30,817,6530.114712348446
True,0.0045936,30,818,6530.825496342738
True,0.00459696,30,819,6526.051999582333
True,0.00459162,30,820,6533.641721222574
True,0.00460835,30,821,6509.922206429634
True,0.00458924,30,822,6537.030096486565
True,0.00459842,30,823,6523.979975730795
True,0.00459628,30,824,6527.017501109593
True,0.00461549,30,825,6499.851586722103
True,0.00458777,30,826,6539.124672771303
True,0.00461508,30,827,6500.429028315869
True,0.00459991,30,828,6521.8667321751955
True,0.00459898,30,829,6523.185575932054
True,0.00459954,30,830,6522.39136957174
True,0.00460077,30,831,6520.647630722684
True,0.00459948,30,832,6522.476453860001
True,0.00473091,30,833,6341.274723044827
True,0.00461782,30,834,6496.571975520917
True,0.00460307,30,835,6517.38948136787
True,0.00459837,30,836,6524.050913693331
True,0.00460281,30,837,6517.757630664746
True,0.00460137,30,838,6519.797364697905
True,0.0046003,30,839,6521.313827359086
True,0.00461372,30,840,6502.345179161284
True,0.00460698,30,841,6511.858093588425
True,0.00459856,30,842,6523.781357642392
True,0.00459918,30,843,6522.901908601099
True,0.00459745,30,844,6525.356447595949
True,0.00460071,30,845,6520.7326695227475
True,0.00460366,30,846,6516.554219903294
True,0.00464125,30,847,6463.775922434688
True,0.00460179,30,848,6519.2023104053
True,0.00460488,30,849,6514.827747954343
True,0.00460576,30,850,6513.582991732092
True,0.00459703,30,851,6525.95262593457
True,0.0045962,30,852,6527.131108306862
True,0.00460926,30,853,6508.636961247576
True,0.00465795,30,854,6440.601552184974
True,0.00459337,30,855,6531.152508942236
True,0.00459422,30,856,6529.94414721106
True,0.00459695,30,857,6526.066196064782
True,0.00459906,30,858,6523.07210603906
True,0.004598,30,859,6524.575902566334
True,0.00461101,30,860,6506.166761728993
True,0.00460029,30,861,6521.328003234579
True,0.00459745,30,862,6525.356447595949
True,0.00459329,30,863,6531.266260131627
True,0.00459602,30,864,6527.3867389611005
True,0.0045907,30,865,6534.951096782626
True,0.00459159,30,866,6533.684409975629
True,0.00470084,30,867,6381.838139566545
True,0.00459836,30,868,6524.065101470959
True,0.00459014,30,869,6535.748364973617
True,0.00462176,30,870,6491.033718756491
True,0.00459295,30,871,6531.749746894697
True,0.00459025,30,872,6535.591743369098
True,0.00461214,30,873,6504.572714618377
True,0.00460405,30,874,6516.002215440753
True,0.00458977,30,875,6536.275238192764
True,0.00462453,30,876,6487.145720754325
True,0.00461977,30,877,6493.829779404603
True,0.00460641,30,878,6512.663874904752
True,0.00459687,30,879,6526.179770147948
True,0.00461579,30,880,6499.429133474443
True,0.00460642,30,881,6512.649736671862
True,0.00459762,30,882,6525.11516828272
True,0.00459618,30,883,6527.159510724123
True,0.00459876,30,884,6523.4976384938545
True,0.00459944,30,885,6522.533177952098
True,0.00459565,30,886,6527.912264859161
True,0.00461052,30,887,6506.858228572916
True,0.00459853,30,888,6523.823917643247
True,0.00460696,30,889,6511.886363241703
True,0.00461133,30,890,6505.715270865455
True,0.00461175,30,891,6505.122784192551
True,0.00459332,30,892,6531.223602971272
True,0.00464447,30,893,6459.294601967501
True,0.00460833,30,894,6509.950459277005
True,0.00460233,30,895,6518.437400186427
True,0.00460062,30,896,6520.86023188179
True,0.00460796,30,897,6510.473181190809
True,0.00461132,30,898,6505.729379006444
True,0.00460696,30,899,6511.886363241703
True,0.00461868,30,900,6495.362311309725
True,0.00460333,30,901,6517.021373657765
True,0.00460392,30,902,6516.186206537038
True,0.00459776,30,903,6524.916481069042
True,0.00460118,30,904,6520.066591613456
True,0.00460736,30,905,6511.32101680789
True,0.00461371,30,906,6502.35927268944
True,0.0046083,30,907,6509.992839007877
True,0.00460934,30,908,6508.523996927976
True,0.00460138,30,909,6519.78319547614
True,0.00460437,30,910,6515.549358544165
True,0.00460763,30,911,6510.939463455183
True,0.00459879,30,912,6523.455082750027
True,0.00461122,30,913,6505.870463781819
True,0.00460335,30,914,6516.993059402392
True,0.00462012,30,915,6493.337835380899
True,0.00460298,30,916,6517.51691295639
True,0.00459622,30,917,6527.102706136782
True,0.00459633,30,918,6526.946498619551
True,0.0046063,30,919,6512.819399518052
True,0.00460311,30,920,6517.3328467058145
True,0.00460415,30,921,6515.860690898428
True,0.00460015,30,922,6521.526471962871
True,0.00459336,30,923,6531.166727624222
True,0.0046023,30,924,6518.479890489538
True,0.00459732,30,925,6525.540967346193
True,0.00461173,30,926,6505.150995396522
True,0.00461416,30,927,6501.725124399674
True,0.0045985,30,928,6523.866478199413
True,0.00459733,30,929,6525.526773148762
True,0.00459476,30,930,6529.176714344167
True,0.004592,30,931,6533.101045296167
True,0.00459739,30,932,6525.441609260907
True,0.00460433,30,933,6515.605962213829
True,0.00459468,30,934,6529.290396719684
True,0.00459843,30,935,6523.965788323407
True,0.00458803,30,936,6538.754105792683
True,0.00459241,30,937,6532.5177847796695
True,0.00461458,30,938,6501.133364249834
True,0.00459404,30,939,6530.199998258614
True,0.0045956,30,940,6527.983288362781
True,0.00459243,30,941,6532.48933571116
True,0.00458727,30,942,6539.837419641748
True,0.00459082,30,943,6534.780278904423
True,0.00458477,30,944,6543.40348588915
True,0.00459956,30,945,6522.363008635609
True,0.00460281,30,946,6517.757630664746
True,0.00459125,30,947,6534.1682548325625
True,0.00458608,30,948,6541.534382304713
True,0.00459199,30,949,6533.115272463573
True,0.00460137,30,950,6519.797364697905
True,0.00459751,30,951,6525.2712881538055
True,0.00460128,30,952,6519.924890465261
True,0.0046203,30,953,6493.084864619181
True,0.00460705,30,954,6511.759151734842
True,0.00460549,30,955,6513.964854988285
True,0.00460796,30,956,6510.473181190809
True,0.00461302,30,957,6503.331873696624
True,0.0046084,30,958,6509.851575384081
True,0.00462447,30,959,6487.229887965539
True,0.00462819,30,960,6482.015647585773
True,0.00460814,30,961,6510.218873558529
True,0.00461259,30,962,6503.9381345404645
True,0.00461063,30,963,6506.702988528683
True,0.00459953,30,964,6522.405550132296
True,0.00461138,30,965,6505.644731078332
True,0.00461263,30,966,6503.881733414559
True,0.00461043,30,967,6506.98524866444
True,0.00460624,30,968,6512.90423425614
True,0.00461604,30,969,6499.077131047391
True,0.00460735,30,970,6511.335149272359
True,0.00460486,30,971,6514.856043397628
True,0.00460428,30,972,6515.676718183951
True,0.00463434,30,973,6473.413689975272
True,0.00460214,30,974,6518.706514795291
True,0.00460741,30,975,6511.250355405748
True,0.00459972,30,976,6522.136130025306
True,0.00460439,30,977,6515.521057078136
True,0.00460403,30,978,6516.03052108696
True,0.00461685,30,979,6497.936905032652
True,0.00460212,30,980,6518.734843941487
True,0.00460743,30,981,6511.222091274311
True,0.00461222,30,982,6504.459891332156
True,0.004632,30,983,6476.683937823835
True,0.00460253,30,984,6518.154145654673
True,0.0046047,30,985,6515.08241579256
True,0.00462092,30,986,6492.213671736365
True,0.00460607,30,987,6513.144611349805
True,0.00460982,30,988,6507.84629334768
True,0.00461517,30,989,6500.302264055278
True,0.00460422,30,990,6515.761627376624
True,0.00461172,30,991,6505.165101090266
True,0.00462323,30,992,6488.969832779248
True,0.00461124,30,993,6505.842246337211
True,0.0046161,30,994,6498.992656138299
True,0.00461402,30,995,6501.922401723443
True,0.00461658,30,996,6498.316935913598
True,0.00461287,30,997,6503.543347200333
True,0.00460739,30,998,6511.278619782566
True,0.0046245,30,999,6487.187804086928
True,0.00460542,30,1000,6514.063863882122
True,0.00460543,30,1001,6514.04971957016
True,0.0046007,30,1002,6520.746842871737
True,0.00460732,30,1003,6511.3775470338505
True,0.00461147,30,1004,6505.517763316252
True,0.00464058,30,1005,6464.709152735219
True,0.0046023,30,1006,6518.479890489538
True,0.00460427,30,1007,6515.690869562385
True,0.004601,30,1008,6520.321669202347
True,0.00460094,30,1009,6520.406699500536
True,0.00460035,30,1010,6521.242948906062
True,0.00460004,30,1011,6521.682420152869
True,0.00461794,30,1012,6496.403158118122
True,0.00459954,30,1013,6522.39136957174
True,0.00459478,30,1014,6529.148294368828
True,0.00460158,30,1015,6519.499823973505
True,0.00460706,30,1016,6511.745017429771
True,0.00459815,30,1017,6524.36305905636
True,0.00460194,30,1018,6518.989817337906
True,0.0046201,30,1019,6493.365944460076
True,0.00460205,30,1020,6518.833997892244
True,0.0046052,30,1021,6514.375054286458
True,0.00460214,30,1022,6518.706514795291
True,0.00460611,30,1023,6513.088050437354
True,0.0046054,30,1024,6514.09215269032
True,0.00461472,30,1025,6500.936134803412
True,0.00460261,30,1026,6518.040850734692
True,0.00459758,30,1027,6525.171938280573
True,0.00461971,30,1028,6493.914120150399
True,0.00460185,30,1029,6519.11731151602
True,0.00464924,30,1030,6452.667532758042
True,0.00463387,30,1031,6474.070269558706
True,0.00461952,30,1032,6494.181213632585
True,0.00459711,30,1033,6525.839059757109
True,0.00459693,30,1034,6526.094589214976
True,0.00460414,30,1035,6515.874843076015
True,0.00459633,30,1036,6526.946498619551
True,0.00460915,30,1037,6508.792293589924
True,0.00461939,30,1038,6494.3639744641605
True,0.00460669,30,1039,6512.2680275859675
True,0.00460471,30,1040,6515.068267056992
True,0.0046034,30,1041,6516.922274840336
True,0.00460388,30,1042,6516.242821272492
True,0.00461038,30,1043,6507.0558175248025
True,0.00460095,30,1044,6520.3925276301625
True,0.00462138,30,1045,6491.567453877414
True,0.00459711,30,1046,6525.839059757109
True,0.00460057,30,1047,6520.93110201562
True,0.00460234,30,1048,6518.4232368751545
True,0.00459088,30,1049,6534.694873314048
True,0.00459013,30,1050,6535.762603673534
True,0.00462889,30,1051,6481.035410217136
True,0.00460235,30,1052,6518.409073625431
True,0.00459493,30,1053,6528.935152439754
True,0.00460277,30,1054,6517.814272709695
True,0.00474202,30,1055,6326.417855681756
True,0.00460506,30,1056,6514.573100024755
True,0.00459717,30,1057,6525.753887717879
True,0.00461047,30,1058,6506.9287946782
True,0.00458926,30,1059,6537.001608102395
True,0.00459654,30,1060,6526.6483050294355
True,0.00459289,30,1061,6531.8350755189
True,0.00459949,30,1062,6522.462272991135
True,0.00459677,30,1063,6526.321743311064
True,0.0045993,30,1064,6522.731720044355
True,0.00461086,30,1065,6506.378419644058
True,0.00459947,30,1066,6522.490634790531
True,0.00460295,30,1067,6517.559391259953
True,0.00460351,30,1068,6516.7665542162395
True,0.00460425,30,1069,6515.7191725036655
True,0.00460001,30,1070,6521.724952771842
True,0.00475733,30,1071,6306.058230141697
True,0.00490951,30,1072,6110.589447826769
True,0.00493563,30,1073,6078.251408634764
True,0.00490398,30,1074,6117.4800876023155
True,0.00492144,30,1075,6095.776845801229
True,0.00491307,30,1076,6106.161727799522
True,0.00491613,30,1077,6102.361003472243
True,0.00490779,30,1078,6112.730984822088
True,0.00491413,30,1079,6104.844601180677
True,0.00491823,30,1080,6099.755399808468
True,0.00489977,30,1081,6122.7363733399725
True,0.00489889,30,1082,6123.836215959125
True,0.00490652,30,1083,6114.313199579335
True,0.00491489,30,1084,6103.900595944162
True,0.00490223,30,1085,6119.66390805817
True,0.00490702,30,1086,6113.690182636305
True,0.00490782,30,1087,6112.693619570399
True,0.00490044,30,1088,6121.89925802581
True,0.00492461,30,1089,6091.852958914513
True,0.00491169,30,1090,6107.877329391717
True,0.0049032,30,1091,6118.453255017132
True,0.00490628,30,1092,6114.612292816553
True,0.00491573,30,1093,6102.857561338804
True,0.00492595,30,1094,6090.195799794963
True,0.00490866,30,1095,6111.647577954065
True,0.00490621,30,1096,6114.699533856072
True,0.00492219,30,1097,6094.848024964497
True,0.0049061,30,1098,6114.836631947983
True,0.0049015,30,1099,6120.575334081404
True,0.0049028,30,1100,6118.95243534307
True,0.00492071,30,1101,6096.681169993761
True,0.00491878,30,1102,6099.073347456077
True,0.00490342,30,1103,6118.178740552512
True,0.00490949,30,1104,6110.614340797109
True,0.00490652,30,1105,6114.313199579335
True,0.00492054,30,1106,6096.891804558036
True,0.00491006,30,1107,6109.904970611357
True,0.00490767,30,1108,6112.880450397031
True,0.00492284,30,1109,6094.043275832649
True,0.00491432,30,1110,6104.608572498331
True,0.00492467,30,1111,6091.778738473847
True,0.00491341,30,1112,6105.739191315197
True,0.00491319,30,1113,6106.012590597962
True,0.00491563,30,1114,6102.981713432459
True,0.00494503,30,1115,6066.697269784005
True,0.00491526,30,1116,6103.441120103514
True,0.00491325,30,1117,6105.938024729049
True,0.00491533,30,1118,6103.354200023193
True,0.00492572,30,1119,6090.4801734568755
True,0.00492359,30,1120,6093.114983172847
True,0.00491663,30,1121,6101.740419759063
True,0.00491408,30,1122,6104.906717025364
True,0.00491004,30,1123,6109.92985800523
True,0.00491978,30,1124,6097.833642967775
True,0.00491422,30,1125,6104.732795845525
True,0.00491116,30,1126,6108.536476107477
True,0.00490671,30,1127,6114.076438183631
True,0.00491441,30,1128,6104.496775808286
True,0.00490035,30,1129,6122.011693042333
True,0.00489913,30,1130,6123.5362196961505
True,0.00489916,30,1131,6123.498722229934
True,0.00495373,30,1132,6056.0426183905865
True,0.00461397,30,1133,6501.992860811839
True,0.00460015,30,1134,6521.526471962871
True,0.00460129,30,1135,6519.910720689198
True,0.00459145,30,1136,6533.883631532522
True,0.00462,30,1137,6493.506493506494
True,0.0045908,30,1138,6534.808747930644
True,0.00461139,30,1139,6505.63062330447
True,0.0045988,30,1140,6523.440897625467
True,0.00459457,30,1141,6529.44671645007
True,0.00460074,30,1142,6520.69014984546
True,0.00460342,30,1143,6516.893961446055
True,0.00460174,30,1144,6519.273144506208
True,0.00460698,30,1145,6511.858093588425
True,0.00462124,30,1146,6491.764115259108
True,0.00460791,30,1147,6510.543825725763
True,0.00459468,30,1148,6529.290396719684
True,0.00459792,30,1149,6524.68942478338
True,0.00460049,30,1150,6521.04449743397
True,0.00459613,30,1151,6527.230517848711
True,0.00460769,30,1152,6510.85467989383
True,0.00459905,30,1153,6523.0862895598
True,0.00460006,30,1154,6521.654065381756
True,0.00459772,30,1155,6524.973247609685
True,0.00460278,30,1156,6517.8001121061625
True,0.0045907,30,1157,6534.951096782626
True,0.0046016,30,1158,6519.4714881780255
True,0.00463249,30,1159,6475.998868858864
True,0.00460299,30,1160,6517.502753644912
True,0.00459814,30,1161,6524.37724819166
True,0.00459388,30,1162,6530.427438243924
True,0.00459848,30,1163,6523.8948522120345
True,0.0046014,30,1164,6519.754857217368
True,0.00459368,30,1165,6530.711760505738
True,0.00461158,30,1166,6505.362587226071
True,0.00459785,30,1167,6524.788759963897
True,0.00459545,30,1168,6528.196368146754
True,0.00460186,30,1169,6519.103145249964
True,0.00459643,30,1170,6526.80449827366
True,0.00459565,30,1171,6527.912264859161
True,0.00461194,30,1172,6504.854789958239
True,0.00460298,30,1173,6517.51691295639
True,0.00459726,30,1174,6525.626133827541
True,0.00460352,30,1175,6516.752398164883
True,0.004597,30,1176,6525.995214270176
True,0.00459343,30,1177,6531.067198150402
True,0.00459908,30,1178,6523.043739182619
True,0.00461208,30,1179,6504.657334651611
True,0.00459583,30,1180,6527.656593041953
True,0.00460112,30,1181,6520.151615258893
True,0.0046232,30,1182,6489.011939781969
True,0.00460008,30,1183,6521.625710857202
True,0.00462071,30,1184,6492.508727013814
True,0.00464757,30,1185,6454.986154054699
True,0.00462557,30,1186,6485.687169365073
True,0.00460389,30,1187,6516.2286674964
True,0.00459143,30,1188,6533.912092746705
True,0.00459382,30,1189,6530.51273232299
True,0.00458992,30,1190,6536.0616307038035
True,0.00462659,30,1191,6484.257303975498
True,0.00461827,30,1192,6495.938955496323
True,0.00459489,30,1193,6528.991988926829
True,0.00458476,30,1194,6543.417757963339
True,0.00458328,30,1195,6545.530711630098
True,0.00458076,30,1196,6549.131585151809
True,0.00457631,30,1197,6555.499955204084
True,0.00458234,30,1198,6546.8734314782405
True,0.00458878,30,1199,6537.685397861741
True,0.00457616,30,1200,6555.714835145624
True,0.0045837,30,1201,6544.930950978468
True,0.0045876,30,1202,6539.366989275439
True,0.00457572,30,1203,6556.345230914479
True,0.00458357,30,1204,6545.116579434807
True,0.00460403,30,1205,6516.03052108696
True,0.00459,30,1206,6535.9477124183
True,0.004581,30,1207,6548.788474132286
True,0.00457755,30,1208,6553.724153750369
True,0.00458529,30,1209,6542.661423813979
True,0.0045824,30,1210,6546.787709497206
True,0.00458296,30,1211,6545.98774591094
True,0.00458703,30,1212,6540.179593331633
True,0.00459836,30,1213,6524.065101470959
True,0.00458617,30,1214,6541.406009807749
True,0.00458272,30,1215,6546.330563508134
True,0.00458528,30,1216,6542.675692651267
True,0.00458264,30,1217,6546.444844020041
True,0.00458063,30,1218,6549.317451966215
True,0.00459685,30,1219,6526.208164286413
True,0.0045847,30,1220,6543.503391715925
True,0.0045863,30,1221,6541.220591762423
True,0.00458672,30,1222,6540.6216206788295
True,0.00457532,30,1223,6556.918423192258
True,0.00458196,30,1224,6547.416389492706
True,0.00458503,30,1225,6543.032433811773
True,0.00459054,30,1226,6535.178867845613
True,0.00460625,30,1227,6512.890094979647
True,0.00458381,30,1228,6544.773888970093
True,0.00457955,30,1229,6550.861984256095
True,0.0045778,30,1230,6553.366245794923
True,0.00458712,30,1231,6540.051274001988
True,0.00457764,30,1232,6553.595302382887
True,0.00459383,30,1233,6530.49851648842
True,0.00458054,30,1234,6549.4461351718355
True,0.00458243,30,1235,6546.74484934849
True,0.00457996,30,1236,6550.275548258063
True,0.0045849,30,1237,6543.217954590067
True,0.00458668,30,1238,6540.678660817846
True,0.00458727,30,1239,6539.837419641748
True,0.00460435,30,1240,6515.577660256062
True,0.00458736,30,1241,6539.7091137386205
True,0.00459365,30,1242,6530.754410980375
True,0.00458691,30,1243,6540.350693604191
True,0.0045862,30,1244,6541.363220095067
True,0.00459241,30,1245,6532.5177847796695
True,0.00459507,30,1246,6528.73623252747
True,0.00460206,30,1247,6518.81983285746
True,0.00458874,30,1248,6537.742386798991
True,0.00458912,30,1249,6537.201032006135
True,0.00459985,30,1250,6521.951802776178
True,0.00458511,30,1251,6542.918272407859
True,0.00458077,30,1252,6549.117288141514
True,0.00459655,30,1253,6526.634106014294
True,0.00459153,30,1254,6533.769789155249
True,0.004592,30,1255,6533.101045296167
True,0.00458493,30,1256,6543.175141169004
True,0.00458633,30,1257,6541.177804475475
True,0.00458876,30,1258,6537.713892206173
True,0.00459519,30,1259,6528.565739392713
True,0.00459595,30,1260,6527.486156289778
True,0.00459467,30,1261,6529.304607294974
True,0.00458691,30,1262,6540.350693604191
True,0.00458855,30,1263,6538.013097819572
True,0.00458499,30,1264,6543.089516007669
True,0.00458709,30,1265,6540.094046552389
True,0.00459459,30,1266,6529.418294124176
True,0.00460683,30,1267,6512.070121971074
True,0.00459125,30,1268,6534.1682548325625
True,0.00459097,30,1269,6534.5667691141525
True,0.00459226,30,1270,6532.731160692121
True,0.00458577,30,1271,6541.97659280775
True,0.00458888,30,1272,6537.54292986524
True,0.00460336,30,1273,6516.978902366967
True,0.00473234,30,1274,6339.358541440387
True,0.00458694,30,1275,6540.307917696765
True,0.00458801,30,1276,6538.782609453772
True,0.00458724,30,1277,6539.88018939493
True,0.00459344,30,1278,6531.052979901773
True,0.00459696,30,1279,6526.051999582333
True,0.00460371,30,1280,6516.483444873809
True,0.00460186,30,1281,6519.103145249964
True,0.00459671,30,1282,6526.406930173972
True,0.00459031,30,1283,6535.506316566854
True,0.00459777,30,1284,6524.9022895882135
True,0.00459284,30,1285,6531.9061844087755
True,0.00458344,30,1286,6545.302218421099
True,0.0046087,30,1287,6509.427821294508
True,0.00458938,30,1288,6536.830683011649
True,0.00459729,30,1289,6525.583550308986
True,0.00459689,30,1290,6526.1513762565555
True,0.00459182,30,1291,6533.357143790479
True,0.00459408,30,1292,6530.143140737644
True,0.00459328,30,1293,6531.2804793089035
True,0.00460016,30,1294,6521.512295224514
True,0.00461753,30,1295,6496.97998713598
True,0.00459442,30,1296,6529.65989178177
True,0.00459041,30,1297,6535.363943525742
True,0.00458779,30,1298,6539.096166127918
True,0.00458644,30,1299,6541.020922545591
True,0.00460521,30,1300,6514.360908623059
True,0.00466765,30,1301,6427.217122106414
True,0.0045904,30,1302,6535.378180550715
True,0.00458951,30,1303,6536.645524249866
True,0.00459412,30,1304,6530.086284206768
True,0.00458928,30,1305,6536.97311996653
True,0.00458424,30,1306,6544.159991623475
True,0.00459794,30,1307,6524.661043858771
True,0.00459653,30,1308,6526.662504106359
True,0.00458417,30,1309,6544.259920552684
True,0.00459337,30,1310,6531.152508942236
True,0.0046101,30,1311,6507.451031430989
True,0.00462168,30,1312,6491.146076751311
True,0.0046077,30,1313,6510.840549514942
True,0.00459933,30,1314,6522.689174292776
True,0.00459389,30,1315,6530.413222780694
True,0.00459562,30,1316,6527.954878775878
True,0.00459629,30,1317,6527.0033004880015
True,0.00461026,30,1318,6507.2251890348925
True,0.00459292,30,1319,6531.792410928124
True,0.00460449,30,1320,6515.379553435885
True,0.00459096,30,1321,6534.581002666109
True,0.00459493,30,1322,6528.935152439754
True,0.00459351,30,1323,6530.953453894734
True,0.00458857,30,1324,6537.9846008669365
True,0.00458877,30,1325,6537.699645002909
True,0.00458515,30,1326,6542.861193199787
True,0.00460983,30,1327,6507.832176023845
True,0.00459055,30,1328,6535.164631689014
True,0.00459083,30,1329,6534.766044484331
True,0.00459408,30,1330,6530.143140737644
True,0.00459355,30,1331,6530.896583252604
True,0.00459308,30,1332,6531.564875856723
True,0.00458095,30,1333,6548.859952629912
True,0.00460563,30,1334,6513.766846229506
True,0.00459134,30,1335,6534.040171278973
True,0.00459003,30,1336,6535.9049940850055
True,0.00458144,30,1337,6548.159530627925
True,0.00458893,30,1338,6537.471698195441
True,0.00458941,30,1339,6536.7879531355875
True,0.00459524,30,1340,6528.494703214631
True,0.00462852,30,1341,6481.553498742579
True,0.00458715,30,1342,6540.008502011053
True,0.00458134,30,1343,6548.302461725172
True,0.00459071,30,1344,6534.936861618356
True,0.00458532,30,1345,6542.618617675538
True,0.00458715,30,1346,6540.008502011053
True,0.00459851,30,1347,6523.852291285655
True,0.00458982,30,1348,6536.20403414513
True,0.0045891,30,1349,6537.229522128522
True,0.00465474,30,1350,6445.043117338455
True,0.00490772,30,1351,6112.818172185863
True,0.00490556,30,1352,6115.509748122538
True,0.00491806,30,1353,6099.966246853434
True,0.00490676,30,1354,6114.014135600682
True,0.00490349,30,1355,6118.091400206791
True,0.0048982,30,1356,6124.698868972276
True,0.00491691,30,1357,6101.3929480100305
True,0.00490476,30,1358,6116.507229711545
True,0.00490773,30,1359,6112.805716695906
True,0.00490729,30,1360,6113.353806275969
True,0.00490553,30,1361,6115.5471478107365
True,0.00493972,30,1362,6073.218724947973
True,0.00490682,30,1363,6113.9393741771655
True,0.00490385,30,1364,6117.6422606727365
True,0.00490375,30,1365,6117.767015039511
True,0.0049152,30,1366,6103.515625
True,0.00491192,30,1367,6107.591328849004
True,0.00490605,30,1368,6114.898951294829
True,0.00490762,30,1369,6112.942729877212
True,0.00492178,30,1370,6095.355745279147
True,0.00490777,30,1371,6112.755895243665
True,0.00489948,30,1372,6123.098777829484
True,0.00491184,30,1373,6107.690804260726
True,0.00490878,30,1374,6111.498172662046
True,0.00492313,30,1375,6093.684302466114
True,0.00491197,30,1376,6107.529158362124
True,0.00490212,30,1377,6119.801228856087
True,0.00490896,30,1378,6111.274078419869
True,0.00491765,30,1379,6100.474820290179
True,0.00491084,30,1380,6108.934520367188
True,0.00491259,30,1381,6106.758349465354
True,0.0049093,30,1382,6110.850834131139
True,0.00490886,30,1383,6111.398573192147
True,0.00494733,30,1384,6063.876879043848
True,0.00491361,30,1385,6105.4906677575145
True,0.00491399,30,1386,6105.018528731234
True,0.00491403,30,1387,6104.968834134102
True,0.00492276,30,1388,6094.142310411233
True,0.00490785,30,1389,6112.656254775513
True,0.00491054,30,1390,6109.307733976304
True,0.00490477,30,1391,6116.494759183407
True,0.00491867,30,1392,6099.209745723946
True,0.00490922,30,1393,6110.950415748327
True,0.00490788,30,1394,6112.618890437419
True,0.00491176,30,1395,6107.790282912845
True,0.00491322,30,1396,6105.975307435857
True,0.00493222,30,1397,6082.453742939285
True,0.00490974,30,1398,6110.303193244448
True,0.00491145,30,1399,6108.1757932993305
True,0.00492308,30,1400,6093.746191408631
True,0.00492024,30,1401,6097.263548119604
True,0.00490812,30,1402,6112.31999217623
True,0.00491151,30,1403,6108.101174587856
True,0.00490757,30,1404,6113.005010626441
True,0.00495207,30,1405,6058.072684756072
True,0.00491191,30,1406,6107.603763098265
True,0.00490526,30,1407,6115.883765590407
True,0.00491163,30,1408,6107.951942634115
True,0.00490302,30,1409,6118.6778760845355
True,0.0049168,30,1410,6101.529450048813
True,0.00490363,30,1411,6117.9167269961235
True,0.00491075,30,1412,6109.046479661966
True,0.00490586,30,1413,6115.135776398022
True,0.00491744,30,1414,6100.7353419665515
True,0.00490487,30,1415,6116.37005669875
True,0.00490593,30,1416,6115.048522910029
True,0.00490755,30,1417,6113.029923281474
True,0.00489758,30,1418,6125.4742137953845
True,0.00491768,30,1419,6100.437604724179
True,0.00490015,30,1420,6122.261563421528
True,0.00490028,30,1421,6122.09914535496
True,0.00489615,30,1422,6127.263257865874
True,0.00490877,30,1423,6111.5106228240475
True,0.00489978,30,1424,6122.723877398576
True,0.0049022,30,1425,6119.701358573702
True,0.00492529,30,1426,6091.011899806916
True,0.0049176,30,1427,6100.536847242557
True,0.00487494,30,1428,6153.921894423315
True,0.00460261,30,1429,6518.040850734692
True,0.00459938,30,1430,6522.618265940192
True,0.00459573,30,1431,6527.798630467847
True,0.0045929,30,1432,6531.820853926713
True,0.00460944,30,1433,6508.382797042591
True,0.00459636,30,1434,6526.903897867008
True,0.00459125,30,1435,6534.1682548325625
True,0.00459755,30,1436,6525.214516427228
True,0.00460353,30,1437,6516.738242175027
True,0.00460637,30,1438,6512.720428450168
True,0.00459756,30,1439,6525.200323649937
True,0.00461336,30,1440,6502.85258466714
True,0.00459973,30,1441,6522.121950636233
True,0.00459425,30,1442,6529.901507318931
True,0.00459038,30,1443,6535.40665478675
True,0.00458965,30,1444,6536.446134236816
True,0.00459116,30,1445,6534.296343407766
True,0.00458779,30,1446,6539.096166127918
True,0.00460527,30,1447,6514.276035932747
True,0.00461492,30,1448,6500.65439920952
True,0.00458818,30,1449,6538.540336255334
True,0.00459243,30,1450,6532.48933571116
True,0.00459209,30,1451,6532.973003577891
True,0.00459593,30,1452,6527.514561797068
True,0.0045991,30,1453,6523.015372572894
True,0.00460809,30,1454,6510.2895125746245
True,0.00459454,30,1455,6529.489350402869
True,0.00459578,30,1456,6527.727610982249
True,0.00459292,30,1457,6531.792410928124
True,0.00459429,30,1458,6529.844654995658
True,0.0045923,30,1459,6532.674259085861
True,0.00461302,30,1460,6503.331873696624
True,0.00460376,30,1461,6516.412671381653
True,0.00459453,30,1462,6529.5035618441925
True,0.0045918,30,1463,6533.385600418136
True,0.00459341,30,1464,6531.095634833381
True,0.00459672,30,1465,6526.392732209053
True,0.0046001,30,1466,6521.597356579205
True,0.00460571,30,1467,6513.653703772057
True,0.00459779,30,1468,6524.873906811751
True,0.00459514,30,1469,6528.636777116692
True,0.00460079,30,1470,6520.61928494889
True,0.00462256,30,1471,6489.910352704994
True,0.00460681,30,1472,6512.098393465326
True,0.00460036,30,1473,6521.228773400342
True,0.00460942,30,1474,6508.411036529541
True,0.00460062,30,1475,6520.86023188179
True,0.00459634,30,1476,6526.932298306914
True,0.00459604,30,1477,6527.358334566279
True,0.00459786,30,1478,6524.77456903864
True,0.00459015,30,1479,6535.73412633574
True,0.00460086,30,1480,6520.520076681316
True,0.00460901,30,1481,6508.990000021697
True,0.00462248,30,1482,6490.022671812533
True,0.00460537,30,1483,6514.1345863633105
True,0.00457765,30,1484,6553.580985877033
True,0.00457489,30,1485,6557.534716681713
True,0.00457354,30,1486,6559.470344634572
True,0.00458879,30,1487,6537.6711507826685
True,0.00457705,30,1488,6554.440086955572
True,0.00457541,30,1489,6556.789446191707
True,0.00458341,30,1490,6545.345059682639
True,0.00470876,30,1491,6371.10406986128
True,0.00457948,30,1492,6550.962117969725
True,0.0045824,30,1493,6546.787709497206
True,0.00461408,30,1494,6501.837852833068
True,0.00458141,30,1495,6548.20240930194
True,0.00459274,30,1496,6532.048406833394
True,0.00458554,30,1497,6542.304723107856
True,0.00458255,30,1498,6546.5734143653635
True,0.00459855,30,1499,6523.795544247643
True,0.00459458,30,1500,6529.4325052561935
True,0.00458184,30,1501,6547.587868629197
True,0.00458505,30,1502,6543.003893087316
True,0.00458317,30,1503,6545.687809965591
True,0.00457567,30,1504,6556.416874468657
True,0.00458485,30,1505,6543.28931153691
True,0.0045788,30,1506,6551.935004804753
True,0.00460094,30,1507,6520.406699500536
True,0.00458906,30,1508,6537.2865031182855
True,0.00458093,30,1509,6548.888544465861
True,0.00457986,30,1510,6550.418571746734
True,0.00458262,30,1511,6546.473414771463
True,0.00458302,30,1512,6545.902047121766
True,0.00458652,30,1513,6540.906831323095
True,0.00460173,30,1514,6519.287311511105
True,0.00458092,30,1515,6548.902840477459
True,0.00461,30,1516,6507.592190889371
True,0.00458016,30,1517,6549.989520016768
True,0.00459116,30,1518,6534.296343407766
True,0.00459638,30,1519,6526.875497674257
True,0.00458732,30,1520,6539.766137962907
True,0.00460504,30,1521,6514.6013932560845
True,0.00458596,30,1522,6541.705553471901
True,0.00458662,30,1523,6540.764222891803
True,0.00458368,30,1524,6544.959508517174
True,0.00458776,30,1525,6539.1389261862005
True,0.00458478,30,1526,6543.38921387722
True,0.0045827,30,1527,6546.35913326205
True,0.0045939,30,1528,6530.399007379351
True,0.00458634,30,1529,6541.163542170881
True,0.00458651,30,1530,6540.921092508247
True,0.00458863,30,1531,6537.8991114995115
True,0.00459558,30,1532,6528.011698196963
True,0.00459041,30,1533,6535.363943525742
True,0.00460284,30,1534,6517.715149777094
True,0.00458963,30,1535,6536.474617779647
True,0.00459071,30,1536,6534.936861618356
True,0.00458721,30,1537,6539.922959707534
True,0.00458686,30,1538,6540.421988026667
True,0.00461399,30,1539,6501.9646769932315
True,0.00458922,30,1540,6537.05858511904
True,0.00460142,30,1541,6519.726519204941
True,0.0045917,30,1542,6533.527887274866
True,0.00459309,30,1543,6531.550655441108
True,0.00459557,30,1544,6528.025903206783
True,0.00459383,30,1545,6530.49851648842
True,0.00459415,30,1546,6530.043642458344
True,0.00458887,30,1547,6537.557176385471
True,0.00460187,30,1548,6519.088979045475
True,0.00459716,30,1549,6525.768082903357
True,0.0045863,30,1550,6541.220591762423
True,0.00458797,30,1551,6538.839617521474
True,0.00458887,30,1552,6537.557176385471
True,0.0045935,30,1553,6530.967671710025
True,0.00458846,30,1554,6538.141337180667
True,0.00459792,30,1555,6524.68942478338
True,0.0045962,30,1556,6527.131108306862
True,0.00458788,30,1557,6538.967889308352
True,0.00459156,30,1558,6533.727099286517
True,0.00458423,30,1559,6544.174266997948
True,0.00458853,30,1560,6538.041595020627
True,0.00463059,30,1561,6478.65606758534
True,0.0045934,30,1562,6531.1098532677315
True,0.00458512,30,1563,6542.904002512475
True,0.00459347,30,1564,6531.010325527325
True,0.00458979,30,1565,6536.246756387547
True,0.00459379,30,1566,6530.5553801980495
True,0.00459198,30,1567,6533.129499692943
True,0.00460392,30,1568,6516.186206537038
True,0.00458701,30,1569,6540.208109422042
True,0.00459055,30,1570,6535.164631689014
True,0.00459004,30,1571,6535.890754764664
True,0.00459182,30,1572,6533.357143790479
True,0.0046002,30,1573,6521.45558888744
True,0.00459662,30,1574,6526.534714638147
True,0.00460771,30,1575,6510.8264191973885
True,0.00459014,30,1576,6535.748364973617
True,0.00458317,30,1577,6545.687809965591
True,0.0045868,30,1578,6540.507543385366
True,0.00458741,30,1579,6539.637834856706
True,0.00458649,30,1580,6540.949615065115
True,0.0045835,30,1581,6545.216537580452
True,0.00459952,30,1582,6522.419730754514
True,0.0045852,30,1583,6542.7898455901595
True,0.00461001,30,1584,6507.57807466795
True,0.00459491,30,1585,6528.963570559597
True,0.00459143,30,1586,6533.912092746705
True,0.00458989,30,1587,6536.104351084667
True,0.00459819,30,1588,6524.306303132319
True,0.00459006,30,1589,6535.862276310114
True,0.004585,30,1590,6543.075245365322
True,0.00459183,30,1591,6533.342915569609
True,0.00459253,30,1592,6532.347094085395
True,0.00458584,30,1593,6541.876733597334
True,0.00459197,30,1594,6533.143726984279
True,0.00459509,30,1595,6528.707816386622
True,0.00458417,30,1596,6544.259920552684
True,0.00458662,30,1597,6540.764222891803
True,0.00458865,30,1598,6537.870615540519
True,0.00458987,30,1599,6536.132831648826
True,0.00459395,30,1600,6530.32793130095
True,0.00458782,30,1601,6539.0534066288565
True,0.004605,30,1602,6514.657980456026
True,0.00458699,30,1603,6540.23662576112
True,0.00459361,30,1604,6530.811279146467
True,0.00458928,30,1605,6536.97311996653
True,0.00459154,30,1606,6533.755559137022
True,0.00461041,30,1607,6507.013476024909
True,0.00459748,30,1608,6525.313867597031
True,0.00460395,30,1609,6516.14374613104
True,0.00459316,30,1610,6531.45111426556
True,0.00459168,30,1611,6533.556345389923
True,0.00459055,30,1612,6535.164631689014
True,0.00459422,30,1613,6529.94414721106
True,0.00459988,30,1614,6521.909267198275
True,0.00461234,30,1615,6504.290663741181
True,0.00459241,30,1616,6532.5177847796695
True,0.00459009,30,1617,6535.819559093613
True,0.00458722,30,1618,6539.908702874507
True,0.00458523,30,1619,6542.747037771279
True,0.00458658,30,1620,6540.821265518099
True,0.00458001,30,1621,6550.204038855811
True,0.00459555,30,1622,6528.054313411887
True,0.00458284,30,1623,6546.15915022126
True,0.0045828,30,1624,6546.216286986122
True,0.00458644,30,1625,6541.020922545591
True,0.00458499,30,1626,6543.089516007669
True,0.00458583,30,1627,6541.890999012175
True,0.00458284,30,1628,6546.15915022126
True,0.00461989,30,1629,6493.6611044851725
True,0.00458075,30,1630,6549.145882224527
True,0.00458814,30,1631,6538.597340098602
True,0.00457605,30,1632,6555.872422722654
True,0.00458604,30,1633,6541.591438365125
True,0.00459036,30,1634,6535.435129270907
True,0.00458155,30,1635,6548.002313627484
True,0.00460871,30,1636,6509.413697108301
True,0.00458556,30,1637,6542.276188731584
True,0.00458271,30,1638,6546.344848353921
True,0.00459191,30,1639,6533.229092033598
True,0.0045932,30,1640,6531.394234956021
True,0.00458745,30,1641,6539.580812869895
True,0.00459535,30,1642,6528.338429064163
True,0.00459277,30,1643,6532.005739455709
True,0.0045882,30,1644,6538.511834706421
True,0.00459134,30,1645,6534.040171278973
True,0.00469099,30,1646,6395.238531738503
True,0.00490717,30,1647,6113.503302310701
True,0.00491188,30,1648,6107.641066149824
True,0.00491244,30,1649,6106.9448176466285
True,0.00489705,30,1650,6126.137164211107
True,0.00492533,30,1651,6090.962432974034
True,0.00495308,30,1652,6056.83736180316
True,0.00494186,30,1653,6070.588806643652
True,0.00480919,30,1654,6238.056720570408
True,0.0045903,30,1655,6535.520554212143
True,0.00458453,30,1656,6543.746032853967
True,0.00459206,30,1657,6533.015683592984
True,0.00459766,30,1658,6525.058399272673
True,0.00459177,30,1659,6533.4282858244205
True,0.00458481,30,1660,6543.346398214975
True,0.00459677,30,1661,6526.321743311064
True,0.0045995,30,1662,6522.448092183932
True,0.00459506,30,1663,6528.7504406906555
True,0.00459346,30,1664,6531.024543590235
True,0.00461039,30,1665,6507.041703630279
True,0.0045957,30,1666,6527.841242900972
True,0.00458584,30,1667,6541.876733597334
True,0.0045962,30,1668,6527.131108306862
True,0.00458741,30,1669,6539.637834856706
True,0.00459253,30,1670,6532.347094085395
True,0.00458747,30,1671,6539.552302249388
True,0.00461184,30,1672,6504.995836802665
True,0.00458862,30,1673,6537.91335957216
True,0.00460968,30,1674,6508.043942312699
True,0.00458297,30,1675,6545.973462623583
True,0.00458929,30,1676,6536.958875991711
True,0.00458548,30,1677,6542.390327730139
True,0.00459635,30,1678,6526.918098056066
True,0.00460244,30,1679,6518.281607147513
True,0.00459466,30,1680,6529.3188179321205
True,0.0045837,30,1681,6544.930950978468
True,0.00458437,30,1682,6543.974417422678
True,0.00458765,30,1683,6539.295717851187
True,0.00458239,30,1684,6546.801996338155
True,0.00459853,30,1685,6523.823917643247
True,0.00458265,30,1686,6546.4305587378485
True,0.00459032,30,1687,6535.4920789836
True,0.00458403,30,1688,6544.459787566835
True,0.00458635,30,1689,6541.149279928483
True,0.00459084,30,1690,6534.751810126252
True,0.00458716,30,1691,6539.994244805065
True,0.00460141,30,1692,6519.740688180362
True,0.00458681,30,1693,6540.493284003479
True,0.00459627,30,1694,6527.031701792975
True,0.00458739,30,1695,6539.666346223015
True,0.00459046,30,1696,6535.292759331309
True,0.00461252,30,1697,6504.036838864655
True,0.00459361,30,1698,6530.811279146467
True,0.00460604,30,1699,6513.187032678831
True,0.00459228,30,1700,6532.702709765084
True,0.00460207,30,1701,6518.805667884235
True,0.00459166,30,1702,6533.584803752891
True,0.00459305,30,1703,6531.607537475098
True,0.00459449,30,1704,6529.560408228117
True,0.00459467,30,1705,6529.304607294974
True,0.00461224,30,1706,6504.431686122144
True,0.0045972,30,1707,6525.711302531976
True,0.00459465,30,1708,6529.333028631126
True,0.00459464,30,1709,6529.347239391987
True,0.00459248,30,1710,6532.418214123959
True,0.00459206,30,1711,6533.015683592984
True,0.00461457,30,1712,6501.147452525371
True,0.00472642,30,1713,6347.298801206833
True,0.00459802,30,1714,6524.547522629305
True,0.00459103,30,1715,6534.4813691045365
True,0.00459859,30,1716,6523.7387981968395
True,0.00459224,30,1717,6532.759611866975
True,0.00459235,30,1718,6532.603133471969
True,0.00462485,30,1719,6486.696865844298
True,0.00459772,30,1720,6524.973247609685
True,0.00459795,30,1721,6524.646853489055
True,0.00459745,30,1722,6525.356447595949
True,0.00459253,30,1723,6532.347094085395
True,0.00459955,30,1724,6522.377189072844
True,0.00460916,30,1725,6508.778172161522
True,0.00459028,30,1726,6535.54902968882
True,0.00459358,30,1727,6530.853930920981
True,0.00459587,30,1728,6527.599779802301
True,0.0045997,30,1729,6522.164488988412
True,0.00459743,30,1730,6525.384834570619
True,0.00459512,30,1731,6528.665192639147
True,0.00461481,30,1732,6500.809350764171
True,0.00459486,30,1733,6529.034616941539
True,0.00466118,30,1734,6436.138488537237
True,0.00459839,30,1735,6524.0225383231955
True,0.00459929,30,1736,6522.745902084887
True,0.00459916,30,1737,6522.930274223989
True,0.00460079,30,1738,6520.61928494889
True,0.00461361,30,1739,6502.500211331258
True,0.00459841,30,1740,6523.994163199889
True,0.00459676,30,1741,6526.335940967116
True,0.00461739,30,1742,6497.176976603666
True,0.00459164,30,1743,6533.613262363774
True,0.00459503,30,1744,6528.793065551259
True,0.00460932,30,1745,6508.55223764026
True,0.00459672,30,1746,6526.392732209053
True,0.00459461,30,1747,6529.389872045724
True,0.00459651,30,1748,6526.690902445552
True,0.00459242,30,1749,6532.503560214441
True,0.00459033,30,1750,6535.477841462379
True,0.00459231,30,1751,6532.66003383918
True,0.00460666,30,1752,6512.310437497014
True,0.00459963,30,1753,6522.263747301413
True,0.00459833,30,1754,6524.107665174095
True,0.00459791,30,1755,6524.703615338273
True,0.00460352,30,1756,6516.752398164883
True,0.00459059,30,1757,6535.1076876828465
True,0.00459442,30,1758,6529.65989178177
True,0.00461016,30,1759,6507.366338695403
True,0.00459259,30,1760,6532.261752083247
True,0.00459552,30,1761,6528.096929183205
True,0.00459624,30,1762,6527.074304213879
True,0.00459547,30,1763,6528.167956705191
True,0.00460047,30,1764,6521.0728469047735
True,0.00463687,30,1765,6469.881622732575
True,0.00460429,30,1766,6515.662566866988
True,0.00459741,30,1767,6525.413221792271
True,0.00460366,30,1768,6516.554219903294
True,0.00460444,30,1769,6515.4503044887115
True,0.00461613,30,1770,6498.950419507249
True,0.00462077,30,1771,6492.424422769365
True,0.0046164,30,1772,6498.570314530803
True,0.00460232,30,1773,6518.451563559248
True,0.00460297,30,1774,6517.531072329388
True,0.00459857,30,1775,6523.767171098842
True,0.00460223,30,1776,6518.57903668439
True,0.00459882,30,1777,6523.412527561418
True,0.00461634,30,1778,6498.654778460858
True,0.00460123,30,1779,6519.995740269449
True,0.00460215,30,1780,6518.692350314526
True,0.00461223,30,1781,6504.445788696574
True,0.00460313,30,1782,6517.304529743891
True,0.00460926,30,1783,6508.636961247576
True,0.00460437,30,1784,6515.549358544165
True,0.00462041,30,1785,6492.930281078951
True,0.00461044,30,1786,6506.971135076044
True,0.0046353,30,1787,6472.073004983496
True,0.004613,30,1788,6503.360069369174
True,0.00460929,30,1789,6508.594599168201
True,0.00460621,30,1790,6512.946652453969
True,0.00460746,30,1791,6511.179695537237
True,0.0046184,30,1792,6495.75610601074
True,0.00460143,30,1793,6519.712350291105
True,0.0046035,30,1794,6516.780710329098
True,0.00459802,30,1795,6524.547522629305
True,0.00459237,30,1796,6532.574683660071
True,0.00459997,30,1797,6521.781663793459
True,0.00461139,30,1798,6505.63062330447
True,0.00459595,30,1799,6527.486156289778
True,0.00460073,30,1800,6520.70432300961
True,0.00459764,30,1801,6525.086783654223
True,0.00459669,30,1802,6526.4353262891345
True,0.00459393,30,1803,6530.356361546649
True,0.00460019,30,1804,6521.469765379256
True,0.00460811,30,1805,6510.261256784234
True,0.00460177,30,1806,6519.230643860949
True,0.00459259,30,1807,6532.261752083247
True,0.00459746,30,1808,6525.342254201232
True,0.00459216,30,1809,6532.873419044633
True,0.00462265,30,1810,6489.7839983559215
True,0.00460127,30,1811,6519.939060302916
True,0.00461026,30,1812,6507.2251890348925
True,0.00459547,30,1813,6528.167956705191
True,0.00460029,30,1814,6521.328003234579
True,0.00460168,30,1815,6519.358147459188
True,0.00459666,30,1816,6526.477920925194
True,0.0045968,30,1817,6526.27915071354
True,0.0046106,30,1818,6506.74532598794
True,0.00460041,30,1819,6521.157896796155
True,0.00459293,30,1820,6531.778189521721
True,0.00461832,30,1821,6495.868627552876
True,0.0046239,30,1822,6488.029585414909
True,0.00460015,30,1823,6521.526471962871
True,0.00457959,30,1824,6550.804766365549
True,0.00459934,30,1825,6522.6749924989235
True,0.00458001,30,1826,6550.204038855811
True,0.00458144,30,1827,6548.159530627925
True,0.00457318,30,1828,6559.986705093612
True,0.00457697,30,1829,6554.554650784253
True,0.00457537,30,1830,6556.846768676633
True,0.00458078,30,1831,6549.10299119364
True,0.00460735,30,1832,6511.335149272359
True,0.00457891,30,1833,6551.777606460926
True,0.00457663,30,1834,6555.0415917389
True,0.00457604,30,1835,6555.886749241702
True,0.00457668,30,1836,6554.9699782375
True,0.00457941,30,1837,6551.062254744607
True,0.00458122,30,1838,6548.473987278498
True,0.00459412,30,1839,6530.086284206768
True,0.00457405,30,1840,6558.738973120102
True,0.00457741,30,1841,6553.924599282127
True,0.00458876,30,1842,6537.713892206173
True,0.00458234,30,1843,6546.8734314782405
True,0.00458233,30,1844,6546.887718693329
True,0.00458682,30,1845,6540.479024683767
True,0.00458825,30,1846,6538.440581921212
True,0.00458055,30,1847,6549.431836788159
True,0.00459084,30,1848,6534.751810126252
True,0.00458324,30,1849,6545.587837425053
True,0.0045787,30,1850,6552.078100770961
True,0.00457995,30,1851,6550.289850325877
True,0.00459156,30,1852,6533.727099286517
True,0.00459125,30,1853,6534.1682548325625
True,0.00457998,30,1854,6550.246944309801
True,0.00460537,30,1855,6514.1345863633105
True,0.00458012,30,1856,6550.046723666629
True,0.00457256,30,1857,6560.876183144672
True,0.00458735,30,1858,6539.723369701463
True,0.00459795,30,1859,6524.646853489055
True,0.00458021,30,1860,6549.9180168594885
True,0.00458016,30,1861,6549.989520016768
True,0.00458979,30,1862,6536.246756387547
True,0.00457601,30,1863,6555.929729174542
True,0.00458621,30,1864,6541.3489569819085
True,0.00457866,30,1865,6552.135340907602
True,0.00459463,30,1866,6529.3614502147075
True,0.00458444,30,1867,6543.874497212309
True,0.00458986,30,1868,6536.147072023983
True,0.00459435,30,1869,6529.759378366908
True,0.00457766,30,1870,6553.566669433729
True,0.00458525,30,1871,6542.718499536558
True,0.00479719,30,1872,6253.660997375548
True,0.00489394,30,1873,6130.030200615454
True,0.00489475,30,1874,6129.01578221564
True,0.00489572,30,1875,6127.801426552172
True,0.00489524,30,1876,6128.402284668371
True,0.00493188,30,1877,6082.87306260493
True,0.0048958,30,1878,6127.701294987541
True,0.00490116,30,1879,6120.999926548001
True,0.00493417,30,1880,6080.04993747682
True,0.00490909,30,1881,6111.112242798564
True,0.00490625,30,1882,6114.649681528663
True,0.00490299,30,1883,6118.71531453256
True,0.00489393,30,1884,6130.042726397803
True,0.00489347,30,1885,6130.618967726378
True,0.00490775,30,1886,6112.780805868269
True,0.00489822,30,1887,6124.673861116896
True,0.00490228,30,1888,6119.60149155087
True,0.00490323,30,1889,6118.415819775944
True,0.00490882,30,1890,6111.448372521298
True,0.00490244,30,1891,6119.401767283231
True,0.00489604,30,1892,6127.400919927125
True,0.00489493,30,1893,6128.79040149706
True,0.00489937,30,1894,6123.236252824343
True,0.00491448,30,1895,6104.4098256580555
True,0.00490256,30,1896,6119.251982637642
True,0.00476377,30,1897,6297.533256223538
True,0.00459246,30,1898,6532.446662573001
True,0.00461049,30,1899,6506.90056805242
True,0.00460243,30,1900,6518.295769843322
True,0.00459381,30,1901,6530.526948219452
True,0.00459055,30,1902,6535.164631689014
True,0.00459078,30,1903,6534.837217204919
True,0.00459765,30,1904,6525.072591432579
True,0.00460051,30,1905,6521.016148209655
True,0.00459239,30,1906,6532.546234095972
True,0.00460516,30,1907,6514.431637554396
True,0.00459242,30,1908,6532.503560214441
True,0.00459735,30,1909,6525.498384939149
True,0.00460024,30,1910,6521.398883536511
True,0.00459986,30,1911,6521.937624188562
True,0.0045996,30,1912,6522.306287503262
True,0.00460582,30,1913,6513.498139310698
True,0.00460065,30,1914,6520.817710540901
True,0.00459497,30,1915,6528.878316942221
True,0.00459208,30,1916,6532.987230187628
True,0.00459915,30,1917,6522.944457127948
True,0.00458867,30,1918,6537.842119829928
True,0.00459692,30,1919,6526.108785882721
True,0.00460161,30,1920,6519.457320372652
True,0.00461649,30,1921,6498.443622752351
True,0.00458979,30,1922,6536.246756387547
True,0.00459425,30,1923,6529.901507318931
True,0.00459053,30,1924,6535.193104064237
True,0.0045948,30,1925,6529.119874640899
True,0.00459415,30,1926,6530.043642458344
True,0.00460508,30,1927,6514.544807039183
True,0.00459943,30,1928,6522.547359129284
True,0.00459465,30,1929,6529.333028631126
True,0.00459478,30,1930,6529.148294368828
True,0.0045994,30,1931,6522.58990303083
True,0.00460077,30,1932,6520.647630722684
True,0.00460868,30,1933,6509.456069850803
True,0.00473923,30,1934,6330.142238296095
True,0.00460156,30,1935,6519.528160015298
True,0.00459496,30,1936,6528.892525723836
True,0.00459509,30,1937,6528.707816386622
True,0.00458993,30,1938,6536.047390700947
True,0.00459367,30,1939,6530.725977268719
True,0.00461244,30,1940,6504.149647475089
True,0.0045985,30,1941,6523.866478199413
True,0.00458694,30,1942,6540.307917696765
True,0.00459484,30,1943,6529.063035927257
True,0.00462147,30,1944,6491.441034995359
True,0.00459551,30,1945,6528.111134563956
True,0.00459674,30,1946,6526.364336464538
True,0.00461148,30,1947,6505.503656093054
True,0.00460826,30,1948,6510.049346174043
True,0.00459334,30,1949,6531.195165173926
True,0.00459978,30,1950,6522.051054615655
True,0.00460099,30,1951,6520.335840764705
True,0.00459984,30,1952,6521.965981425441
True,0.00460674,30,1953,6512.197345628362
True,0.00459634,30,1954,6526.932298306914
True,0.00459587,30,1955,6527.599779802301
True,0.00460139,30,1956,6519.76902631596
True,0.00459092,30,1957,6534.63793749401
True,0.0045982,30,1958,6524.292114305597
True,0.00458272,30,1959,6546.330563508134
True,0.00460745,30,1960,6511.1938273882515
True,0.00459695,30,1961,6526.066196064782
True,0.00459157,30,1962,6533.71286945424
True,0.00458689,30,1963,6540.379211186665
True,0.00459425,30,1964,6529.901507318931
True,0.00459456,30,1965,6529.460927705808
True,0.00459428,30,1966,6529.858867983667
True,0.00462042,30,1967,6492.916228394821
True,0.00458676,30,1968,6540.564581534679
True,0.00458132,30,1969,6548.33104869339
True,0.00458881,30,1970,6537.642656810808
True,0.00458483,30,1971,6543.317854751431
True,0.004584,30,1972,6544.502617801047
True,0.00458772,30,1973,6539.19594046716
True,0.00458573,30,1974,6542.0336565824855
True,0.00459557,30,1975,6528.025903206783
True,0.00458987,30,1976,6536.132831648826
True,0.00459192,30,1977,6533.2148643704595
True,0.00458163,30,1978,6547.88797873246
True,0.00458372,30,1979,6544.902393688968
True,0.00459209,30,1980,6532.973003577891
True,0.00458723,30,1981,6539.89444610364
True,0.00458534,30,1982,6542.590080561092
True,0.00458033,30,1983,6549.746415651274
True,0.00458561,30,1984,6542.204853879854
True,0.00458573,30,1985,6542.0336565824855
True,0.00462786,30,1986,6482.4778623381
True,0.00471768,30,1987,6359.05784199013
True,0.0046676,30,1988,6427.285971377153
True,0.00468817,30,1989,6399.085357399582
True,0.00462369,30,1990,6488.324260493243
True,0.00470759,30,1991,6372.687511019439
True,0.0047284,30,1992,6344.640893325438
True,0.004735,30,1993,6335.797254487857
True,0.00466526,30,1994,6430.509767944337
True,0.00462016,30,1995,6493.281617952625
True,0.0046712,30,1996,6422.332591197122
True,0.00468657,30,1997,6401.270011970375
True,0.00469609,30,1998,6388.293239695151
True,0.00472983,30,1999,6342.722677136388
True,0.00468486,30,2000,6403.6065111871
True,0.00463259,30,2001,6475.8590766720135
True,0.00460025,30,2002,6521.384707352861
True,0.0045904,30,2003,6535.378180550715
True,0.00459115,30,2004,6534.3105757816675
True,0.00460344,30,2005,6516.865648297794
True,0.00459204,30,2006,6533.044137246191
True,0.00458352,30,2007,6545.187977798722
True,0.00458869,30,2008,6537.813624367738
True,0.00459318,30,2009,6531.4226744869575
True,0.0046028,30,2010,6517.771791083688
True,0.0045972,30,2011,6525.711302531976
True,0.00465376,30,2012,6446.400330055697
True,0.00459605,30,2013,6527.344132461571
True,0.00458828,30,2014,6538.397830995493
True,0.00459586,30,2015,6527.6139830195
True,0.00459207,30,2016,6533.001456859324
True,0.00461365,30,2017,6502.443835141374
True,0.00464128,30,2018,6463.7341423055705
True,0.00459241,30,2019,6532.5177847796695
True,0.00459446,30,2020,6529.603043665632
True,0.00458891,30,2021,6537.500190677089
True,0.00459105,30,2022,6534.452902930702
True,0.00459057,30,2023,6535.136159561884
True,0.00458974,30,2024,6536.317961366003
True,0.00460536,30,2025,6514.148731043827
True,0.00459365,30,2026,6530.754410980375
True,0.00459342,30,2027,6531.081416460937
True,0.00459636,30,2028,6526.903897867008
True,0.00459184,30,2029,6533.328687410712
True,0.00459525,30,2030,6528.480496164517
True,0.0045929,30,2031,6531.820853926713
True,0.00460456,30,2032,6515.280504543322
True,0.00458753,30,2033,6539.466771879421
True,0.00461109,30,2034,6506.05388313826
True,0.00459224,30,2035,6532.759611866975
True,0.00459537,30,2036,6528.310016386059
True,0.00459028,30,2037,6535.54902968882
True,0.0046035,30,2038,6516.780710329098
True,0.00458938,30,2039,6536.830683011649
True,0.00460397,30,2040,6516.115439501126
True,0.00460063,30,2041,6520.846058039878
True,0.00460221,30,2042,6518.607364722601
True,0.00459698,30,2043,6526.023606802728
True,0.00460608,30,2044,6513.130471029595
True,0.00461349,30,2045,6502.669345766438
True,0.0045985,30,2046,6523.866478199413
True,0.00459548,30,2047,6528.153751077146
True,0.00459699,30,2048,6526.0094105055705
True,0.0046053,30,2049,6514.233600416911
True,0.00459694,30,2050,6526.080392608997
True,0.00459735,30,2051,6525.498384939149
True,0.00460958,30,2052,6508.185127495346
True,0.00459602,30,2053,6527.3867389611005
True,0.00459908,30,2054,6523.043739182619
True,0.00459555,30,2055,6528.054313411887
True,0.00459724,30,2056,6525.654523148672
True,0.00462462,30,2057,6487.0194740324605
True,0.00460796,30,2058,6510.473181190809
True,0.00459916,30,2059,6522.930274223989
True,0.00459678,30,2060,6526.307545716784
True,0.0045958,30,2061,6527.6992036206975
True,0.00459784,30,2062,6524.8029509508815
True,0.00459666,30,2063,6526.477920925194
True,0.00459811,30,2064,6524.419815967865
True,0.00460858,30,2065,6509.5973163100125
True,0.00460111,30,2066,6520.165786082054
True,0.00460169,30,2067,6519.343980146424
True,0.00459836,30,2068,6524.065101470959
True,0.00459362,30,2069,6530.797062012096
True,0.004594,30,2070,6530.2568567697
True,0.00459149,30,2071,6533.826709848001
True,0.0045961,30,2072,6527.273122865038
True,0.00459064,30,2073,6535.036509070631
True,0.00458899,30,2074,6537.386222240623
True,0.00459348,30,2075,6530.996107526321
True,0.00460076,30,2076,6520.661803701997
True,0.00459209,30,2077,6532.973003577891
True,0.00460724,30,2078,6511.490610430539
True,0.00461298,30,2079,6503.388265286214
True,0.0045923,30,2080,6532.674259085861
True,0.00459678,30,2081,6526.307545716784
True,0.00459389,30,2082,6530.413222780694
True,0.00460208,30,2083,6518.791502972569
True,0.00460465,30,2084,6515.153160392212
True,0.00461647,30,2085,6498.471776053998
True,0.00459355,30,2086,6530.896583252604
True,0.00459219,30,2087,6532.830740888334
True,0.00459103,30,2088,6534.4813691045365
True,0.00459283,30,2089,6531.920406372542
True,0.00459771,30,2090,6524.9874393991795
True,0.0045893,30,2091,6536.944632078966
True,0.00460807,30,2092,6510.317768610286
True,0.00459409,30,2093,6530.128926512105
True,0.00459584,30,2094,6527.642389639325
True,0.00458592,30,2095,6541.762612518317
True,0.00459809,30,2096,6524.448194793926
True,0.00459027,30,2097,6535.563267520211
True,0.0046049,30,2098,6514.799452756845
True,0.00459151,30,2099,6533.798249377655
True,0.00458893,30,2100,6537.471698195441
True,0.00459372,30,2101,6530.654894072778
True,0.00462074,30,2102,6492.466574617918
True,0.00459618,30,2103,6527.159510724123
True,0.00459782,30,2104,6524.831333110039
True,0.00460814,30,2105,6510.218873558529
True,0.00459478,30,2106,6529.148294368828
True,0.00459585,30,2107,6527.628186298508
True,0.00459364,30,2108,6530.768627929049
True,0.00458637,30,2109,6541.12075563027
True,0.0045976,30,2110,6525.143553158169
True,0.00458998,30,2111,6535.976191617393
True,0.00460701,30,2112,6511.8156895687225
True,0.00459453,30,2113,6529.5035618441925
True,0.00463586,30,2114,6471.2911951611995
True,0.0049036,30,2115,6117.95415613019
True,0.00490686,30,2116,6113.8895342438955
True,0.00491545,30,2117,6103.2051999308305
True,0.00491273,30,2118,6106.584322769621
True,0.00490278,30,2119,6118.9773964974975
True,0.00491334,30,2120,6105.826179340326
True,0.00491096,30,2121,6108.785247690879
True,0.00491827,30,2122,6099.705790857354
True,0.00490562,30,2123,6115.434950118435
True,0.00492493,30,2124,6091.457137461852
True,0.00491094,30,2125,6108.810125963665
True,0.00492699,30,2126,6088.910267729384
True,0.00490713,30,2127,6113.5531359470815
True,0.00490831,30,2128,6112.083385116262
True,0.00489741,30,2129,6125.686842637231
True,0.00491376,30,2130,6105.304288365733
True,0.00490875,30,2131,6111.535523300229
True,0.00490437,30,2132,6116.993619975655
True,0.00491017,30,2133,6109.768093569061
True,0.0049022,30,2134,6119.701358573702
True,0.00491933,30,2135,6098.391447615833
True,0.00490048,30,2136,6121.84928823299
True,0.00489948,30,2137,6123.098777829484
True,0.00490319,30,2138,6118.465733532659
True,0.00491536,30,2139,6103.316949318057
True,0.00490964,30,2140,6110.427648463024
True,0.00490473,30,2141,6116.544641601066
True,0.00490792,30,2142,6112.569072030515
True,0.00490587,30,2143,6115.123311461576
True,0.00491937,30,2144,6098.341860848035
True,0.00492721,30,2145,6088.638397795102
True,0.00491115,30,2146,6108.54891420543
True,0.00491346,30,2147,6105.6770585290205
True,0.00492015,30,2148,6097.375080028048
True,0.00491029,30,2149,6109.618780153514
True,0.00490809,30,2150,6112.357352860277
True,0.00490693,30,2151,6113.802316315904
True,0.0049194,30,2152,6098.304671301378
True,0.00490705,30,2153,6113.652805657167
True,0.00505233,30,2154,5937.854415685437
True,0.0049066,30,2155,6114.213508335712
True,0.00492561,30,2156,6090.616187639703
True,0.00490769,30,2157,6112.855538960284
True,0.0049041,30,2158,6117.330397014743
True,0.0049046,30,2159,6116.706765077682
True,0.00489492,30,2160,6128.802922213234
True,0.00494449,30,2161,6067.359828819554
True,0.00493178,30,2162,6082.99640292146
True,0.00491046,30,2163,6109.40726530712
True,0.00488126,30,2164,6145.954118403854
True,0.0048964,30,2165,6126.950412547994
True,0.00490166,30,2166,6120.375546243517
True,0.00502046,30,2167,5975.548057349327
True,0.00488418,30,2168,6142.2797685588985
True,0.0048965,30,2169,6126.82528336567
True,0.00463068,30,2170,6478.530151079323
True,0.00458212,30,2171,6547.187764615505
True,0.00458579,30,2172,6541.948061293691
True,0.00458129,30,2173,6548.373929613711
True,0.0045761,30,2174,6555.800791066629
True,0.00458024,30,2175,6549.87511571446
True,0.00458505,30,2176,6543.003893087316
True,0.00459093,30,2177,6534.623703694023
True,0.00458745,30,2178,6539.580812869895
True,0.00458306,30,2179,6545.844915842254
True,0.00458186,30,2180,6547.559288149354
True,0.00458169,30,2181,6547.802230181439
True,0.00458107,30,2182,6548.688406856914
True,0.00459362,30,2183,6530.797062012096
True,0.00457799,30,2184,6553.094261892228
True,0.00457695,30,2185,6554.583292367188
True,0.0045765,30,2186,6555.227794165848
True,0.00458388,30,2187,6544.673944344092
True,0.00458116,30,2188,6548.559753424897
True,0.00460137,30,2189,6519.797364697905
True,0.00458886,30,2190,6537.571422967796
True,0.00457451,30,2191,6558.079444574391
True,0.00457614,30,2192,6555.743486868845
True,0.00458401,30,2193,6544.48834099402
True,0.00458913,30,2194,6537.186787038066
True,0.00458032,30,2195,6549.760715408531
True,0.00458728,30,2196,6539.823163181668
True,0.00459553,30,2197,6528.082723864278
True,0.00458801,30,2198,6538.782609453772
True,0.00458539,30,2199,6542.518738864088
True,0.00458113,30,2200,6548.602637340568
True,0.00458363,30,2201,6545.030903454249
True,0.004577,30,2202,6554.511688879178
True,0.00458493,30,2203,6543.175141169004
True,0.00460151,30,2204,6519.599001197434
True,0.00459353,30,2205,6530.925018449863
True,0.00459149,30,2206,6533.826709848001
True,0.00459353,30,2207,6530.925018449863
True,0.00459715,30,2208,6525.782278150593
True,0.00460031,30,2209,6521.299651545222
True,0.00459886,30,2210,6523.3557881735915
True,0.00463058,30,2211,6478.670058610369
True,0.0045978,30,2212,6524.859715516116
True,0.0045995,30,2213,6522.448092183932
True,0.00459586,30,2214,6527.6139830195
True,0.00463066,30,2215,6478.558132102119
True,0.00460788,30,2216,6510.586213182635
True,0.00461388,30,2217,6502.119691019272
True,0.00460152,30,2218,6519.584832837845
True,0.00459693,30,2219,6526.094589214976
True,0.00459851,30,2220,6523.852291285655
True,0.00459615,30,2221,6527.2021148134845
True,0.00459757,30,2222,6525.186130934386
True,0.00461675,30,2223,6498.077652027941
True,0.00461003,30,2224,6507.549842408835
True,0.00459462,30,2225,6529.375661099286
True,0.0045963,30,2226,6526.989099928202
True,0.00459597,30,2227,6527.457751029707
True,0.0046009,30,2228,6520.463387598079
True,0.00458979,30,2229,6536.246756387547
True,0.00460349,30,2230,6516.794866503457
True,0.00459639,30,2231,6526.8612976705635
True,0.00459486,30,2232,6529.034616941539
True,0.00458993,30,2233,6536.047390700947
True,0.00461625,30,2234,6498.781478472787
True,0.00458672,30,2235,6540.6216206788295
True,0.00459089,30,2236,6534.680639266025
True,0.00460249,30,2237,6518.210794591623
True,0.00458278,30,2238,6546.244855742584
True,0.00458758,30,2239,6539.395498280139
True,0.00458513,30,2240,6542.889732679336
True,0.00459154,30,2241,6533.755559137022
True,0.00457994,30,2242,6550.304152456145
True,0.00458925,30,2243,6537.015852263442
True,0.00460261,30,2244,6518.040850734692
True,0.00458862,30,2245,6537.91335957216
True,0.00459141,30,2246,6533.940554208838
True,0.00459551,30,2247,6528.111134563956
True,0.00459735,30,2248,6525.498384939149
True,0.004598,30,2249,6524.575902566334
True,0.00458905,30,2250,6537.3007485209355
True,0.00460589,30,2251,6513.399147613165
True,0.00459139,30,2252,6533.969015918927
True,0.0045915,30,2253,6533.812479581836
True,0.00459333,30,2254,6531.209384041644
True,0.00458508,30,2255,6542.961082467481
True,0.0045927,30,2256,6532.105297537397
True,0.00462129,30,2257,6491.693877683504
True,0.00458745,30,2258,6539.580812869895
True,0.00459264,30,2259,6532.190635451505
True,0.00459591,30,2260,6527.542967551584
True,0.00459054,30,2261,6535.178867845613
True,0.00458949,30,2262,6536.674009530471
True,0.00459751,30,2263,6525.2712881538055
True,0.00460722,30,2264,6511.518876893224
True,0.00460088,30,2265,6520.491732016484
True,0.00460271,30,2266,6517.899237623052
True,0.00459466,30,2267,6529.3188179321205
True,0.00459243,30,2268,6532.48933571116
True,0.00459092,30,2269,6534.63793749401
True,0.00458727,30,2270,6539.837419641748
True,0.00460739,30,2271,6511.278619782566
True,0.00459017,30,2272,6535.705649246106
True,0.00459883,30,2273,6523.398342621927
True,0.00458693,30,2274,6540.322176270402
True,0.00459037,30,2275,6535.420891997813
True,0.00459434,30,2276,6529.773590983689
True,0.00459938,30,2277,6522.618265940192
True,0.00460382,30,2278,6516.327745220274
True,0.00462386,30,2279,6488.085711937646
True,0.00459608,30,2280,6527.30152651825
True,0.00460063,30,2281,6520.846058039878
True,0.00458724,30,2282,6539.88018939493
True,0.00458585,30,2283,6541.86246824471
True,0.00459979,30,2284,6522.036875596495
True,0.00459558,30,2285,6528.011698196963
True,0.00458865,30,2286,6537.870615540519
True,0.00459639,30,2287,6526.8612976705635
True,0.00458463,30,2288,6543.603300593505
True,0.0045882,30,2289,6538.511834706421
True,0.00458334,30,2290,6545.445024807236
True,0.00460403,30,2291,6516.03052108696
True,0.00458717,30,2292,6539.979987661238
True,0.00459499,30,2293,6528.849899564525
True,0.00458945,30,2294,6536.7309808364835
True,0.00459998,30,2295,6521.767485945591
True,0.00459147,30,2296,6533.8551705662885
True,0.00458796,30,2297,6538.853869693719
True,0.00459849,30,2298,6523.880665174872
True,0.00459205,30,2299,6533.029910388606
True,0.0045839,30,2300,6544.645389297323
True,0.00458366,30,2301,6544.988066305093
True,0.00460817,30,2302,6510.176490884668
True,0.00459357,30,2303,6530.868148302954
True,0.0045954,30,2304,6528.267397832615
True,0.00458835,30,2305,6538.298081009513
True,0.00458889,30,2306,6537.5286834070985
True,0.00458424,30,2307,6544.159991623475
True,0.00458377,30,2308,6544.831001555488
True,0.00458745,30,2309,6539.580812869895
True,0.00458628,30,2310,6541.24911693137
True,0.00460131,30,2311,6519.882381321841
True,0.00459405,30,2312,6530.18578378555
True,0.00459228,30,2313,6532.702709765084
True,0.00458759,30,2314,6539.381243746717
True,0.00458752,30,2315,6539.481026785714
True,0.0045844,30,2316,6543.931594101737
True,0.00458635,30,2317,6541.149279928483
True,0.00460584,30,2318,6513.4698556615085
True,0.00460296,30,2319,6517.545231763909
True,0.00460255,30,2320,6518.125821555442
True,0.00459124,30,2321,6534.182486648488
True,0.00459761,30,2322,6525.129360689575
True,0.00458653,30,2323,6540.89257020013
True,0.00459004,30,2324,6535.890754764664
True,0.00462905,30,2325,6480.811397586978
True,0.00459361,30,2326,6530.811279146467
True,0.00458935,30,2327,6536.873413446348
True,0.00458996,30,2328,6536.004671064672
True,0.00459228,30,2329,6532.702709765084
True,0.00458436,30,2330,6543.98869198754
True,0.00461853,30,2331,6495.573266818663
True,0.004628,30,2332,6482.281763180639
True,0.00460989,30,2333,6507.747473367043
True,0.00459109,30,2334,6534.395971327071
True,0.00458906,30,2335,6537.2865031182855
True,0.00459431,30,2336,6529.816229205257
True,0.0045897,30,2337,6536.374926465782
True,0.00459765,30,2338,6525.072591432579
True,0.00458628,30,2339,6541.24911693137
True,0.00458529,30,2340,6542.661423813979
True,0.00458684,30,2341,6540.450506230869
True,0.00458954,30,2342,6536.602796794451
True,0.00458881,30,2343,6537.642656810808
True,0.00459015,30,2344,6535.73412633574
True,0.00459906,30,2345,6523.07210603906
True,0.00458982,30,2346,6536.20403414513
True,0.00460411,30,2347,6515.917299977629
True,0.0045885,30,2348,6538.084341288003
True,0.00460266,30,2349,6517.970043409681
True,0.00459094,30,2350,6534.6094699560435
True,0.00458454,30,2351,6543.731759347721
True,0.00460818,30,2352,6510.162363449344
True,0.00458827,30,2353,6538.41208124195
True,0.00459359,30,2354,6530.839713600909
True,0.00458458,30,2355,6543.6746659454075
True,0.00458158,30,2356,6547.959437573937
True,0.00458872,30,2357,6537.7708816401955
True,0.00460182,30,2358,6519.159810683598
True,0.0045886,30,2359,6537.941855903761
True,0.00458821,30,2360,6538.497584025143
True,0.00458239,30,2361,6546.801996338155
True,0.00458684,30,2362,6540.450506230869
True,0.00459368,30,2363,6530.711760505738
True,0.00458824,30,2364,6538.4548323540175
True,0.00460221,30,2365,6518.607364722601
True,0.00459257,30,2366,6532.290199169528
True,0.00458225,30,2367,6547.002018658955
True,0.00459121,30,2368,6534.225182468238
True,0.00458647,30,2369,6540.978137870738
True,0.00461008,30,2370,6507.47926283275
True,0.00459208,30,2371,6532.987230187628
True,0.00460111,30,2372,6520.165786082054
True,0.00459175,30,2373,6533.456743071813
True,0.00459019,30,2374,6535.677172404628
True,0.004589,30,2375,6537.371976465461
True,0.00473986,30,2376,6329.300865426405
True,0.00458712,30,2377,6540.051274001988
True,0.0046022,30,2378,6518.621528834036
True,0.00458772,30,2379,6539.19594046716
True,0.00458182,30,2380,6547.616449358551
True,0.00459472,30,2381,6529.233555037086
True,0.00459701,30,2382,6525.981018096545
True,0.00459743,30,2383,6525.384834570619
True,0.00460354,30,2384,6516.7240862466715
True,0.00461257,30,2385,6503.966335470248
True,0.00459415,30,2386,6530.043642458344
True,0.00462839,30,2387,6481.735549510738
True,0.00490958,30,2388,6110.502324027717
True,0.00490361,30,2389,6117.941679701281
True,0.00491956,30,2390,6098.10633471286
True,0.00489642,30,2391,6126.925386302645
True,0.00492404,30,2392,6092.558143313214
True,0.00489408,30,2393,6129.854845037269
True,0.004892,30,2394,6132.461161079314
True,0.00490635,30,2395,6114.52505426641
True,0.0048945,30,2396,6129.328838492184
True,0.00489617,30,2397,6127.238229064758
True,0.00489532,30,2398,6128.30213346625
True,0.00491371,30,2399,6105.36641356531
True,0.00489902,30,2400,6123.6737143347045
True,0.00490009,30,2401,6122.336528512741
True,0.00490008,30,2402,6122.349022873095
True,0.00489692,30,2403,6126.299796606847
True,0.00490607,30,2404,6114.874023403661
True,0.00489417,30,2405,6129.742121748938
True,0.00489885,30,2406,6123.886218194067
True,0.00489564,30,2407,6127.901561389318
True,0.00491008,30,2408,6109.880083420229
True,0.00489622,30,2409,6127.175657956546
True,0.00489684,30,2410,6126.399882373122
True,0.00489982,30,2411,6122.67389414305
True,0.0048984,30,2412,6124.448799608035
True,0.00493021,30,2413,6084.933501818381
True,0.00489377,30,2414,6130.243145877309
True,0.00490608,30,2415,6114.861559534292
True,0.00490179,30,2416,6120.213228228872
True,0.00491128,30,2417,6108.387222882833
True,0.00489802,30,2418,6124.923948860968
True,0.0049026,30,2419,6119.20205605189
True,0.00489803,30,2420,6124.911443988705
True,0.00467357,30,2421,6419.075781468984
True,0.00461106,30,2422,6506.0962121507855
True,0.00459918,30,2423,6522.901908601099
True,0.0045991,30,2424,6523.015372572894
True,0.00460637,30,2425,6512.720428450168
True,0.00461052,30,2426,6506.858228572916
True,0.00459342,30,2427,6531.081416460937
True,0.00461738,30,2428,6497.191047737028
True,0.00460011,30,2429,6521.583179532663
True,0.00459183,30,2430,6533.342915569609
True,0.00458966,30,2431,6536.43189255849
True,0.00459386,30,2432,6530.455869356054
True,0.00459311,30,2433,6531.522214795639
True,0.00459234,30,2434,6532.617358470845
True,0.00463225,30,2435,6476.334394732581
True,0.00459971,30,2436,6522.150309476032
True,0.00459744,30,2437,6525.370641052411
True,0.00460129,30,2438,6519.910720689198
True,0.0045946,30,2439,6529.40408305402
True,0.00459861,30,2440,6523.710425541631
True,0.00459734,30,2441,6525.512579013081
True,0.00460502,30,2442,6514.629686733174
True,0.0045833,30,2443,6545.502149106539
True,0.00459148,30,2444,6533.840940176152
True,0.00459118,30,2445,6534.267878845961
True,0.00459292,30,2446,6531.792410928124
True,0.00458898,30,2447,6537.4004680778735
True,0.00460733,30,2448,6511.363414385339
True,0.0045846,30,2449,6543.646119617851
True,0.0045893,30,2450,6536.944632078966
True,0.00459416,30,2451,6530.029428665958
True,0.00458662,30,2452,6540.764222891803
True,0.0045859,30,2453,6541.791142414792
True,0.0045923,30,2454,6532.674259085861
True,0.00460731,30,2455,6511.391679743711
True,0.00458836,30,2456,6538.2838312599715
True,0.00458636,30,2457,6541.135017748279
True,0.00461347,30,2458,6502.697535694391
True,0.00459143,30,2459,6533.912092746705
True,0.00459673,30,2460,6526.378534305908
True,0.00459403,30,2461,6530.21421279356
True,0.00461047,30,2462,6506.9287946782
True,0.00459279,30,2463,6531.977294846923
True,0.00459578,30,2464,6527.727610982249
True,0.00459007,30,2465,6535.848037175904
True,0.0045909,30,2466,6534.666405280011
True,0.00459443,30,2467,6529.645679659936
True,0.00459777,30,2468,6524.9022895882135
True,0.00461239,30,2469,6504.220154843801
True,0.00459698,30,2470,6526.023606802728
True,0.00459593,30,2471,6527.514561797068
True,0.00459536,30,2472,6528.324222694197
True,0.00459659,30,2473,6526.5773105715325
True,0.00459988,30,2474,6521.909267198275
True,0.00460353,30,2475,6516.738242175027
True,0.00459545,30,2476,6528.196368146754
True,0.00459519,30,2477,6528.565739392713
True,0.0045936,30,2478,6530.825496342738
True,0.00459196,30,2479,6533.157954337581
True,0.00459049,30,2480,6535.250049558979
True,0.00461615,30,2481,6498.922262058209
True,0.00461409,30,2482,6501.823761565119
True,0.00459455,30,2483,6529.475139023408
True,0.00459529,30,2484,6528.423668582396
True,0.00459597,30,2485,6527.457751029707
True,0.00460372,30,2486,6516.469290052391
True,0.00460612,30,2487,6513.073910362735
True,0.00460041,30,2488,6521.157896796155
True,0.00461261,30,2489,6503.909933855237
True,0.00459509,30,2490,6528.707816386622
True,0.00459429,30,2491,6529.844654995658
True,0.00459201,30,2492,6533.086818190727
True,0.00459087,30,2493,6534.7091074240825
True,0.00459868,30,2494,6523.611123191872
True,0.00460854,30,2495,6509.653816610032
True,0.00459561,30,2496,6527.969083538421
True,0.00459439,30,2497,6529.702528518475
True,0.00459129,30,2498,6534.11132818881
True,0.00459004,30,2499,6535.890754764664
True,0.00459681,30,2500,6526.264953304574
True,0.00461186,30,2501,6504.9676269444435
True,0.00463427,30,2502,6473.511469983406
True,0.00462153,30,2503,6491.3567584760885
True,0.00458215,30,2504,6547.144899228528
True,0.00458368,30,2505,6544.959508517174
True,0.00458823,30,2506,6538.469082848941
True,0.00458802,30,2507,6538.768357592164
True,0.00458842,30,2508,6538.198334067064
True,0.00461075,30,2509,6506.533644201051
True,0.0045904,30,2510,6535.378180550715
True,0.00459278,30,2511,6531.991517120349
True,0.00458742,30,2512,6539.623579266778
True,0.00459405,30,2513,6530.18578378555
True,0.00458609,30,2514,6541.520118445124
True,0.00459788,30,2515,6524.746187373311
True,0.00458823,30,2516,6538.469082848941
True,0.00458783,30,2517,6539.039153586772
True,0.00458367,30,2518,6544.973787379982
True,0.00458329,30,2519,6545.516430337159
True,0.00458286,30,2520,6546.130582212853
True,0.00458971,30,2521,6536.360685097751
True,0.00460099,30,2522,6520.335840764705
True,0.00458303,30,2523,6545.887764208394
True,0.00458143,30,2524,6548.173823456868
True,0.00458278,30,2525,6546.244855742584
True,0.00461017,30,2526,6507.352223453799
True,0.00458583,30,2527,6541.890999012175
True,0.00458316,30,2528,6545.702092006389
True,0.00460044,30,2529,6521.115371573154
True,0.00458545,30,2530,6542.433130881375
True,0.0045864,30,2531,6541.077969649398
True,0.00458883,30,2532,6537.614163087323
True,0.00458424,30,2533,6544.159991623475
True,0.00458934,30,2534,6536.887657048726
True,0.00458709,30,2535,6540.094046552389
True,0.00460458,30,2536,6515.252205412872
True,0.00459056,30,2537,6535.150395594438
True,0.00459027,30,2538,6535.563267520211
True,0.0045812,30,2539,6548.502575744347
True,0.00458442,30,2540,6543.903045532478
True,0.00458561,30,2541,6542.204853879854
True,0.00458562,30,2542,6542.190587096183
True,0.00460335,30,2543,6516.993059402392
True,0.0045923,30,2544,6532.674259085861
True,0.00459346,30,2545,6531.024543590235
True,0.00459576,30,2546,6527.756018591049
True,0.00459471,30,2547,6529.247765364952
True,0.00459933,30,2548,6522.689174292776
True,0.00464207,30,2549,6462.634126585769
True,0.00460054,30,2550,6520.973624835345
True,0.00459891,30,2551,6523.284865326784
True,0.00460006,30,2552,6521.654065381756
True,0.00460103,30,2553,6520.2791548848845
True,0.00459631,30,2554,6526.9748994301945
True,0.00459517,30,2555,6528.594154296794
True,0.00461819,30,2556,6496.051483373356
True,0.00459034,30,2557,6535.463604003189
True,0.00460154,30,2558,6519.556496303411
True,0.00459039,30,2559,6535.392417637718
True,0.00459151,30,2560,6533.798249377655
True,0.00460052,30,2561,6521.00197368993
True,0.00459359,30,2562,6530.839713600909
True,0.00461307,30,2563,6503.26138558487
True,0.00459354,30,2564,6530.910800820282
True,0.00459419,30,2565,6529.9867876600665
True,0.00458887,30,2566,6537.557176385471
True,0.00458823,30,2567,6538.469082848941
True,0.00458885,30,2568,6537.585669612212
True,0.00460444,30,2569,6515.4503044887115
True,0.00459244,30,2570,6532.475111269827
True,0.0046137,30,2571,6502.373366278692
True,0.00458453,30,2572,6543.746032853967
True,0.00458508,30,2573,6542.961082467481
True,0.00458958,30,2574,6536.545827722798
True,0.00458635,30,2575,6541.149279928483
True,0.00459759,30,2576,6525.157745688502
True,0.00458889,30,2577,6537.5286834070985
True,0.00459354,30,2578,6530.910800820282
True,0.0045885,30,2579,6538.084341288003
True,0.00458267,30,2580,6546.401988360498
True,0.00458472,30,2581,6543.474846882689
True,0.00459005,30,2582,6535.876515506367
True,0.00459924,30,2583,6522.8168132126175
True,0.00458578,30,2584,6541.9623270196125
True,0.00458757,30,2585,6539.409752875706
True,0.00458568,30,2586,6542.104987700843
True,0.00458868,30,2587,6537.827872067784
True,0.0045859,30,2588,6541.791142414792
True,0.00459638,30,2589,6526.875497674257
True,0.0046134,30,2590,6502.796202367018
True,0.00458876,30,2591,6537.713892206173
True,0.00458888,30,2592,6537.54292986524
True,0.0045901,30,2593,6535.805320145531
True,0.00461101,30,2594,6506.166761728993
True,0.00458939,30,2595,6536.8164396575585
True,0.00474773,30,2596,6318.809199343686
True,0.00459893,30,2597,6523.256496619866
True,0.00458877,30,2598,6537.699645002909
True,0.00459223,30,2599,6532.7738375473355
True,0.004595,30,2600,6528.8356909684435
True,0.0045918,30,2601,6533.385600418136
True,0.00459561,30,2602,6527.969083538421
True,0.00464509,30,2603,6458.432452331386
True,0.0045901,30,2604,6535.805320145531
True,0.00458768,30,2605,6539.252955742336
True,0.00459473,30,2606,6529.219344771074
True,0.00459891,30,2607,6523.284865326784
True,0.00459793,30,2608,6524.675234290213
True,0.00460086,30,2609,6520.520076681316
True,0.00458946,30,2610,6536.716737916879
True,0.00458589,30,2611,6541.805407456351
True,0.00459332,30,2612,6531.223602971272
True,0.004593,30,2613,6531.678641410843
True,0.00459683,30,2614,6526.236558671955
True,0.00459188,30,2615,6533.271775394828
True,0.00463334,30,2616,6474.81082761032
True,0.00459583,30,2617,6527.656593041953
True,0.00458706,30,2618,6540.136819662268
True,0.00459064,30,2619,6535.036509070631
True,0.0045962,30,2620,6527.131108306862
True,0.00459565,30,2621,6527.912264859161
True,0.00459316,30,2622,6531.45111426556
True,0.00460961,30,2623,6508.142771297355
True,0.00459078,30,2624,6534.837217204919
True,0.00458991,30,2625,6536.075870768708
True,0.00459428,30,2626,6529.858867983667
True,0.00458995,30,2627,6536.018910881383
True,0.00459417,30,2628,6530.015214935451
True,0.00459227,30,2629,6532.716935197625
True,0.00460643,30,2630,6512.635598500357
True,0.00458929,30,2631,6536.958875991711
True,0.00459708,30,2632,6525.881646610457
True,0.00458988,30,2633,6536.118591335721
True,0.0045931,30,2634,6531.536435087413
True,0.00459008,30,2635,6535.833798103737
True,0.00460531,30,2636,6514.2194553678255
True,0.00458885,30,2637,6537.585669612212
True,0.00461839,30,2638,6495.770170990323
True,0.00491578,30,2639,6102.795487186164
True,0.00489339,30,2640,6130.719194668726
True,0.00489839,30,2641,6124.4613025912595
True,0.00489602,30,2642,6127.4259500573935
True,0.00490026,30,2643,6122.124132188904
True,0.00489653,30,2644,6126.787745607604
True,0.00489001,30,2645,6134.95677922949
True,0.00490088,30,2646,6121.349635167562
True,0.00488586,30,2647,6140.167749382914
True,0.0048924,30,2648,6131.959774343881
True,0.00489026,30,2649,6134.643147808092
True,0.00490485,30,2650,6116.394996788893
True,0.00489134,30,2651,6133.288628473997
True,0.00489399,30,2652,6129.967572471542
True,0.00489656,30,2653,6126.750208309507
True,0.00489681,30,2654,6126.437415378584
True,0.0049019,30,2655,6120.075888941023
True,0.00489361,30,2656,6130.443578462526
True,0.00488522,30,2657,6140.972156832241
True,0.0048906,30,2658,6134.21666053245
True,0.0049034,30,2659,6118.203695395033
True,0.00491178,30,2660,6107.76541294602
True,0.0048896,30,2661,6135.471204188481
True,0.00488815,30,2662,6137.2912042388225
True,0.00489723,30,2663,6125.911995148278
True,0.00491448,30,2664,6104.4098256580555
True,0.00489595,30,2665,6127.513557123746
True,0.00489009,30,2666,6134.8564136856385
True,0.00489367,30,2667,6130.368414707163
True,0.00491121,30,2668,6108.474286377492
True,0.00488861,30,2669,6136.713707986524
True,0.00479427,30,2670,6257.469854638975
True,0.00461293,30,2671,6503.458756148478
True,0.0046209,30,2672,6492.241771083555
True,0.00459736,30,2673,6525.484190926967
True,0.00458799,30,2674,6538.811113363368
True,0.00458006,30,2675,6550.132531014877
True,0.00457171,30,2676,6562.09602096371
True,0.00457122,30,2677,6562.7994277238895
True,0.00457772,30,2678,6553.480772087414
True,0.00457289,30,2679,6560.402721255049
True,0.00457443,30,2680,6558.194135662804
True,0.00458923,30,2681,6537.044340771764
True,0.00459304,30,2682,6531.621758138402
True,0.00457622,30,2683,6555.6288814786
True,0.0045746,30,2684,6557.9504218948105
True,0.0045823,30,2685,6546.930580712742
True,0.0045782,30,2686,6552.793674369839
True,0.00458146,30,2687,6548.130945157221
True,0.00458601,30,2688,6541.634231063605
True,0.00457553,30,2689,6556.6174847504
True,0.00457603,30,2690,6555.901075823366
True,0.00457641,30,2691,6555.35670973536
True,0.00457835,30,2692,6552.578985879192
True,0.00459547,30,2693,6528.167956705191
True,0.00458878,30,2694,6537.685397861741
True,0.00459457,30,2695,6529.44671645007
True,0.0045795,30,2696,6550.933508024893
True,0.00458352,30,2697,6545.187977798722
True,0.00457594,30,2698,6556.030017876109
True,0.00457516,30,2699,6557.147728166884
True,0.00457934,30,2700,6551.162394580878
True,0.00458851,30,2701,6538.070092470105
True,0.00457788,30,2702,6553.251723505203
True,0.00458405,30,2703,6544.431234388804
True,0.00457528,30,2704,6556.975747932367
True,0.00460507,30,2705,6514.55895350125
True,0.00458104,30,2706,6548.731292457608
True,0.00458131,30,2707,6548.345342271097
True,0.00458791,30,2708,6538.925131486886
True,0.00457196,30,2709,6561.737198050727
True,0.00457252,30,2710,6560.933577108465
True,0.00457702,30,2711,6554.48304792201
True,0.00457981,30,2712,6550.490085833255
True,0.00458396,30,2713,6544.559725652057
True,0.00458129,30,2714,6548.373929613711
True,0.00459594,30,2715,6527.50035901252
True,0.00458055,30,2716,6549.431836788159
True,0.00457798,30,2717,6553.108576271631
True,0.00457786,30,2718,6553.280353702386
True,0.00457764,30,2719,6553.595302382887
True,0.00457364,30,2720,6559.32692559974
True,0.00457803,30,2721,6553.0370049999665
True,0.0045948,30,2722,6529.119874640899
True,0.00458148,30,2723,6548.102359936091
True,0.00458166,30,2724,6547.845104176215
True,0.00458091,30,2725,6548.917136551472
True,0.00457532,30,2726,6556.918423192258
True,0.00457918,30,2727,6551.3912971318005
True,0.00460232,30,2728,6518.451563559248
True,0.00460141,30,2729,6519.740688180362
True,0.00457887,30,2730,6551.8348413473195
True,0.0045734,30,2731,6559.67114182009
True,0.00458128,30,2732,6548.388223378619
True,0.00458093,30,2733,6548.888544465861
True,0.00457595,30,2734,6556.015690730887
True,0.00457792,30,2735,6553.194463861317
True,0.00460566,30,2736,6513.724417347351
True,0.00458817,30,2737,6538.554587122971
True,0.00458707,30,2738,6540.122561896809
True,0.00458578,30,2739,6541.9623270196125
True,0.00458638,30,2740,6541.1064935744525
True,0.00458424,30,2741,6544.159991623475
True,0.00458565,30,2742,6542.147787118511
True,0.00460181,30,2743,6519.17397719593
True,0.00459218,30,2744,6532.844966878475
True,0.00458864,30,2745,6537.884863488965
True,0.00458704,30,2746,6540.165335379679
True,0.00457991,30,2747,6550.347059221687
True,0.0045823,30,2748,6546.930580712742
True,0.00460535,30,2749,6514.162875785771
True,0.00461296,30,2750,6503.416461447747
True,0.00458508,30,2751,6542.961082467481
True,0.00458847,30,2752,6538.127088114339
True,0.00458447,30,2753,6543.831675199096
True,0.00458732,30,2754,6539.766137962907
True,0.00459158,30,2755,6533.698639683944
True,0.00460401,30,2756,6516.05882697909
True,0.00458359,30,2757,6545.088020525396
True,0.00458831,30,2758,6538.355080628816
True,0.00459125,30,2759,6534.1682548325625
True,0.00458889,30,2760,6537.5286834070985
True,0.0045893,30,2761,6536.944632078966
True,0.00458703,30,2762,6540.179593331633
True,0.00459197,30,2763,6533.143726984279
True,0.00458624,30,2764,6541.306168015629
True,0.00458466,30,2765,6543.5604821295365
True,0.00459063,30,2766,6535.050744669033
True,0.00458618,30,2767,6541.391746507988
True,0.0045878,30,2768,6539.081912899428
True,0.0045852,30,2769,6542.7898455901595
True,0.0046009,30,2770,6520.463387598079
True,0.00459059,30,2771,6535.1076876828465
True,0.0045864,30,2772,6541.077969649398
True,0.00460964,30,2773,6508.10041565068
True,0.00458334,30,2774,6545.445024807236
True,0.004584,30,2775,6544.502617801047
True,0.0045778,30,2776,6553.366245794923
True,0.00459637,30,2777,6526.889697739738
True,0.00457521,30,2778,6557.076068639472
True,0.00458615,30,2779,6541.434536593875
True,0.00458337,30,2780,6545.402182237088
True,0.00458039,30,2781,6549.660618418955
True,0.00458066,30,2782,6549.274558688049
True,0.00460082,30,2783,6520.576766750274
True,0.00457714,30,2784,6554.31120743521
True,0.00458303,30,2785,6545.887764208394
True,0.00458228,30,2786,6546.959155704147
True,0.00458442,30,2787,6543.903045532478
True,0.00458336,30,2788,6545.416463031488
True,0.00458354,30,2789,6545.159418266231
True,0.00460006,30,2790,6521.654065381756
True,0.00458443,30,2791,6543.888771341258
True,0.00458602,30,2792,6541.619966768571
True,0.00458673,30,2793,6540.607360799524
True,0.00458331,30,2794,6545.487867938236
True,0.00458275,30,2795,6546.287709344826
True,0.00460802,30,2796,6510.388409772527
True,0.00460167,30,2797,6519.3723148335275
True,0.0045807,30,2798,6549.217368524462
True,0.00458801,30,2799,6538.782609453772
True,0.00459356,30,2800,6530.882365746828
True,0.00459528,30,2801,6528.437875385178
True,0.00458827,30,2802,6538.41208124195
True,0.00458892,30,2803,6537.48594440522
True,0.00459995,30,2804,6521.810019674127
True,0.00459613,30,2805,6527.230517848711
True,0.0045868,30,2806,6540.507543385366
True,0.0045975,30,2807,6525.2854812398045
True,0.00458831,30,2808,6538.355080628816
True,0.00458734,30,2809,6539.737625726456
True,0.0046003,30,2810,6521.313827359086
True,0.00459046,30,2811,6535.292759331309
True,0.00458393,30,2812,6544.602557194373
True,0.00459232,30,2813,6532.645808654449
True,0.00458974,30,2814,6536.317961366003
True,0.00458965,30,2815,6536.446134236816
True,0.00459215,30,2816,6532.887645220649
True,0.00474874,30,2817,6317.465264470154
True,0.00461284,30,2818,6503.585643551478
True,0.004594,30,2819,6530.2568567697
True,0.00458514,30,2820,6542.87546290844
True,0.00458496,30,2821,6543.132328308207
True,0.00458505,30,2822,6543.003893087316
True,0.00458739,30,2823,6539.666346223015
True,0.0046043,30,2824,6515.648415611493
True,0.00459209,30,2825,6532.973003577891
True,0.00458686,30,2826,6540.421988026667
True,0.00458974,30,2827,6536.317961366003
True,0.0045932,30,2828,6531.394234956021
True,0.00458689,30,2829,6540.379211186665
True,0.00458856,30,2830,6537.998849312202
True,0.00460954,30,2831,6508.241603283625
True,0.00458228,30,2832,6546.959155704147
True,0.00459379,30,2833,6530.5553801980495
True,0.00458385,30,2834,6544.716777381458
True,0.00458478,30,2835,6543.38921387722
True,0.00460611,30,2836,6513.088050437354
True,0.00462167,30,2837,6491.1601217741645
True,0.0045906,30,2838,6535.093451836361
True,0.00458907,30,2839,6537.27225777772
True,0.00458646,30,2840,6540.992399366833
True,0.00463003,30,2841,6479.439658058371
True,0.00462266,30,2842,6489.76995928751
True,0.00460298,30,2843,6517.51691295639
True,0.00460691,30,2844,6511.957038448765
True,0.00458251,30,2845,6546.630558362121
True,0.004592,30,2846,6533.101045296167
True,0.00458873,30,2847,6537.756634188544
True,0.00459077,30,2848,6534.851451935078
True,0.00459024,30,2849,6535.605981386594
True,0.00459592,30,2850,6527.528764643423
True,0.00460312,30,2851,6517.318688194095
True,0.0045874,30,2852,6539.652090508785
True,0.00459022,30,2853,6535.634457607696
True,0.00458611,30,2854,6541.49159091256
True,0.00459358,30,2855,6530.853930920981
True,0.00459554,30,2856,6528.0685186071705
True,0.00460892,30,2857,6509.117103356101
True,0.00458014,30,2858,6550.018121716804
True,0.00458772,30,2859,6539.19594046716
True,0.00458571,30,2860,6542.062188843168
True,0.00458063,30,2861,6549.317451966215
True,0.00458931,30,2862,6536.930388228296
True,0.00458487,30,2863,6543.26076857141
True,0.00463499,30,2864,6472.50587379908
True,0.00459012,30,2865,6535.776842435493
True,0.00457921,30,2866,6551.348376685061
True,0.00457993,30,2867,6550.31845464887
True,0.00458243,30,2868,6546.74484934849
True,0.00458603,30,2869,6541.605702535745
True,0.0045849,30,2870,6543.217954590067
True,0.00460364,30,2871,6516.582530345553
True,0.00458888,30,2872,6537.54292986524
True,0.00458373,30,2873,6544.888115137672
True,0.00458373,30,2874,6544.888115137672
True,0.00458172,30,2875,6547.759356748121
True,0.00458307,30,2876,6545.830633178198
True,0.00458406,30,2877,6544.4169578932215
True,0.00459564,30,2878,6527.926469436248
True,0.00458366,30,2879,6544.988066305093
True,0.00458042,30,2880,6549.617720645705
True,0.00458765,30,2881,6539.295717851187
True,0.00458189,30,2882,6547.516417897418
True,0.0045837,30,2883,6544.930950978468
True,0.00458014,30,2884,6550.018121716804
True,0.00461093,30,2885,6506.279644236629
True,0.00460701,30,2886,6511.8156895687225
True,0.00459224,30,2887,6532.759611866975
True,0.00468362,30,2888,6405.301881877693
True,0.00488962,30,2889,6135.446108286534
True,0.00490202,30,2890,6119.926071293059
True,0.00488783,30,2891,6137.693004871282
True,0.00488817,30,2892,6137.266093446014
True,0.00489807,30,2893,6124.861425010259
True,0.00488617,30,2894,6139.778190279913
True,0.00490026,30,2895,6122.124132188904
True,0.00488589,30,2896,6140.130047954415
True,0.00489089,30,2897,6133.852938831174
True,0.00489541,30,2898,6128.189467276489
True,0.00490367,30,2899,6117.866822196437
True,0.00489403,30,2900,6129.917470877784
True,0.00489184,30,2901,6132.661738732257
True,0.0048915,30,2902,6133.088009812941
True,0.00489689,30,2903,6126.3373283859755
True,0.00490436,30,2904,6117.0060925380685
True,0.00489499,30,2905,6128.715278274317
True,0.0048883,30,2906,6137.10287830125
True,0.00489543,30,2907,6128.16443090801
True,0.00493003,30,2908,6085.155668423924
True,0.00489005,30,2909,6134.906596047075
True,0.00489511,30,2910,6128.565037353604
True,0.00489227,30,2911,6132.122716039794
True,0.00489679,30,2912,6126.462437637718
True,0.00490817,30,2913,6112.25772538441
True,0.00489524,30,2914,6128.402284668371
True,0.00489044,30,2915,6134.417353039808
True,0.00489471,30,2916,6129.065869070895
True,0.00490988,30,2917,6110.128964455343
True,0.00488994,30,2918,6135.044601774255
True,0.00489205,30,2919,6132.398483253442
True,0.00488616,30,2920,6139.790755931038
True,0.00490431,30,2921,6117.068456113092
True,0.00489785,30,2922,6125.136539502027
True,0.0048907,30,2923,6134.091234383625
True,0.00488307,30,2924,6143.67600710209
True,0.00488916,30,2925,6136.023365976977
True,0.00489962,30,2926,6122.9238185818485
True,0.0048891,30,2927,6136.098668466589
True,0.00489741,30,2928,6125.686842637231
True,0.00490697,30,2929,6113.752478617151
True,0.00493009,30,2930,6085.081611086208
True,0.00460589,30,2931,6513.399147613165
True,0.00459411,30,2932,6530.1004982466675
True,0.0045927,30,2933,6532.105297537397
True,0.00458538,30,2934,6542.5330070790205
True,0.00458929,30,2935,6536.958875991711
True,0.00460269,30,2936,6517.9275597531005
True,0.00461208,30,2937,6504.657334651611
True,0.00459259,30,2938,6532.261752083247
True,0.00459557,30,2939,6528.025903206783
True,0.00459279,30,2940,6531.977294846923
True,0.00459426,30,2941,6529.887294145303
True,0.00459055,30,2942,6535.164631689014
True,0.00460027,30,2943,6521.356355170457
True,0.00461081,30,2944,6506.448975342727
True,0.00459984,30,2945,6521.965981425441
True,0.0045966,30,2946,6526.563111865292
True,0.00459615,30,2947,6527.2021148134845
True,0.00459652,30,2948,6526.676703245064
True,0.00460287,30,2949,6517.6726694431945
True,0.00460371,30,2950,6516.483444873809
True,0.00461718,30,2951,6497.472483204033
True,0.00459315,30,2952,6531.465334247739
True,0.00459478,30,2953,6529.148294368828
True,0.00458529,30,2954,6542.661423813979
True,0.00459346,30,2955,6531.024543590235
True,0.00459128,30,2956,6534.125559756757
True,0.00460649,30,2957,6512.550770760383
True,0.00458867,30,2958,6537.842119829928
True,0.00459645,30,2959,6526.776098945926
True,0.00459129,30,2960,6534.11132818881
True,0.00459395,30,2961,6530.32793130095
True,0.00458849,30,2962,6538.098590168008
True,0.00459601,30,2963,6527.400941251215
True,0.0046077,30,2964,6510.840549514942
True,0.00459235,30,2965,6532.603133471969
True,0.00459684,30,2966,6526.2223614483
True,0.00459736,30,2967,6525.484190926967
True,0.00459139,30,2968,6533.969015918927
True,0.00459436,30,2969,6529.745165811996
True,0.00459202,30,2970,6533.072591147252
True,0.0046097,30,2971,6508.015706011237
True,0.00459895,30,2972,6523.228128159689
True,0.00459033,30,2973,6535.477841462379
True,0.00461402,30,2974,6501.922401723443
True,0.00459113,30,2975,6534.339040715467
True,0.00459175,30,2976,6533.456743071813
True,0.00459435,30,2977,6529.759378366908
True,0.00459114,30,2978,6534.324808217568
True,0.00458464,30,2979,6543.589027709918
True,0.00459884,30,2980,6523.384157744127
True,0.00459273,30,2981,6532.062629416491
True,0.00458684,30,2982,6540.450506230869
True,0.00459175,30,2983,6533.456743071813
True,0.00460968,30,2984,6508.043942312699
True,0.00459712,30,2985,6525.824864262843
True,0.00459371,30,2986,6530.669110588174
True,0.00459775,30,2987,6524.930672611603
True,0.00460103,30,2988,6520.2791548848845
True,0.00459141,30,2989,6533.940554208838
True,0.00460257,30,2990,6518.097497702371
True,0.00460869,30,2991,6509.441945542008
True,0.00459573,30,2992,6527.798630467847
True,0.00459361,30,2993,6530.811279146467
True,0.00458904,30,2994,6537.31499398567
True,0.00459194,30,2995,6533.186409230086
True,0.00459352,30,2996,6530.939236141347
True,0.00463068,30,2997,6478.530151079323
True,0.00459178,30,2998,6533.414057293686
True,0.00459062,30,2999,6535.064980329455
True,0.00458287,30,3000,6546.116298302155
True,0.00459451,30,3001,6529.531984912429
True,0.00458921,30,3002,6537.072829528394
True,0.00459618,30,3003,6527.159510724123
True,0.00460698,30,3004,6511.858093588425
True,0.00458892,30,3005,6537.48594440522
True,0.00458863,30,3006,6537.8991114995115
True,0.0045867,30,3007,6540.650140623978
True,0.00459285,30,3008,6531.89196250694
True,0.0046025,30,3009,6518.196632265073
True,0.00459242,30,3010,6532.503560214441
True,0.00462544,30,3011,6485.869452419662
True,0.00463232,30,3012,6476.236529428019
True,0.00461501,30,3013,6500.52762615899
True,0.00459034,30,3014,6535.463604003189
True,0.00459098,30,3015,6534.552535624202
True,0.00459703,30,3016,6525.95262593457
True,0.00461097,30,3017,6506.2232024931845
True,0.00459824,30,3018,6524.235359615853
True,0.0046182,30,3019,6496.037417175523
True,0.00459289,30,3020,6531.8350755189
True,0.00459564,30,3021,6527.926469436248
True,0.004595,30,3022,6528.8356909684435
True,0.00459622,30,3023,6527.102706136782
True,0.00460821,30,3024,6510.1199815112595
True,0.00458555,30,3025,6542.290455888607
True,0.0045869,30,3026,6540.364952364343
True,0.00458607,30,3027,6541.548646226507
True,0.00458596,30,3028,6541.705553471901
True,0.00459106,30,3029,6534.43866993679
True,0.00459223,30,3030,6532.7738375473355
True,0.0045995,30,3031,6522.448092183932
True,0.00458519,30,3032,6542.804114987601
True,0.00457806,30,3033,6552.994062987379
True,0.00458173,30,3034,6547.745065728447
True,0.00459045,30,3035,6535.306996046139
True,0.00458172,30,3036,6547.759356748121
True,0.00460045,30,3037,6521.101196622069
True,0.00484314,30,3038,6194.328472850259
True,0.00459292,30,3039,6531.792410928124
True,0.00458639,30,3040,6541.092231580829
True,0.0045828,30,3041,6546.216286986122
True,0.0046118,30,3042,6505.052257253134
True,0.00458614,30,3043,6541.448800080242
True,0.0046032,30,3044,6517.205422314912
True,0.00459064,30,3045,6535.036509070631
True,0.00458578,30,3046,6541.9623270196125
True,0.00458218,30,3047,6547.102034402839
True,0.00458478,30,3048,6543.38921387722
True,0.00458856,30,3049,6537.998849312202
True,0.0045951,30,3050,6528.693608408957
True,0.00461428,30,3051,6501.556039078686
True,0.00460327,30,3052,6517.106317900102
True,0.00460302,30,3053,6517.460276079617
True,0.00460916,30,3054,6508.778172161522
True,0.00460224,30,3055,6518.5648727576145
True,0.00460198,30,3056,6518.93315485943
True,0.0046186,30,3057,6495.474819209285
True,0.00459755,30,3058,6525.214516427228
True,0.00459932,30,3059,6522.7033561483
True,0.00460537,30,3060,6514.1345863633105
True,0.004602,30,3061,6518.904823989569
True,0.00460186,30,3062,6519.103145249964
True,0.00460154,30,3063,6519.556496303411
True,0.00464369,30,3064,6460.379568834268
True,0.00460787,30,3065,6510.600342457578
True,0.00460496,30,3066,6514.714568639033
True,0.00460232,30,3067,6518.451563559248
True,0.00460017,30,3068,6521.498118547793
True,0.00459953,30,3069,6522.405550132296
True,0.00460709,30,3070,6511.702614882713
True,0.00461288,30,3071,6503.5292485388745
True,0.00459521,30,3072,6528.537324735976
True,0.00459256,30,3073,6532.304422805581
True,0.0045998,30,3074,6522.022696638984
True,0.00460033,30,3075,6521.271300102384
True,0.00459645,30,3076,6526.776098945926
True,0.00461023,30,3077,6507.267533290096
True,0.00459796,30,3078,6524.632663181063
True,0.0045961,30,3079,6527.273122865038
True,0.00459743,30,3080,6525.384834570619
True,0.00459695,30,3081,6526.066196064782
True,0.0046005,30,3082,6521.030322791001
True,0.00459537,30,3083,6528.310016386059
True,0.00461068,30,3084,6506.632427320916
True,0.00458784,30,3085,6539.024900606822
True,0.00459865,30,3086,6523.653680971589
True,0.0046224,30,3087,6490.134994807892
True,0.00459593,30,3088,6527.514561797068
True,0.00459527,30,3089,6528.452082249792
True,0.00459893,30,3090,6523.256496619866
True,0.00461245,30,3091,6504.1355461847825
True,0.00459548,30,3092,6528.153751077146
True,0.00459899,30,3093,6523.171391979544
True,0.00460364,30,3094,6516.582530345553
True,0.00459359,30,3095,6530.839713600909
True,0.00460217,30,3096,6518.664021537666
True,0.00461569,30,3097,6499.569945121963
True,0.00460629,30,3098,6512.83353848759
True,0.00459789,30,3099,6524.731996633238
True,0.00459546,30,3100,6528.182162395059
True,0.0045953,30,3101,6528.4094618414465
True,0.00459892,30,3102,6523.270680942482
True,0.00459534,30,3103,6528.3526354959595
True,0.00460954,30,3104,6508.241603283625
True,0.00459708,30,3105,6525.881646610457
True,0.00459458,30,3106,6529.4325052561935
True,0.00459633,30,3107,6526.946498619551
True,0.00459727,30,3108,6525.611939259605
True,0.00458917,30,3109,6537.129807786593
True,0.0046146,30,3110,6501.10518788194
True,0.0046081,30,3111,6510.27538464877
True,0.00458835,30,3112,6538.298081009513
True,0.00459656,30,3113,6526.619907060932
True,0.00459548,30,3114,6528.153751077146
True,0.00460469,30,3115,6515.096564589582
True,0.00459285,30,3116,6531.89196250694
True,0.00461303,30,3117,6503.317775952032
True,0.00459784,30,3118,6524.8029509508815
True,0.00459912,30,3119,6522.9870062098835
True,0.00459415,30,3120,6530.043642458344
True,0.00459093,30,3121,6534.623703694023
True,0.00458886,30,3122,6537.571422967796
True,0.00459639,30,3123,6526.8612976705635
True,0.0046189,30,3124,6495.052934681418
True,0.00458771,30,3125,6539.210194192745
True,0.00459476,30,3126,6529.176714344167
True,0.00459803,30,3127,6524.533332753374
True,0.00459975,30,3128,6522.093592043047
True,0.00459588,30,3129,6527.585576646909
True,0.00459507,30,3130,6528.73623252747
True,0.0046201,30,3131,6493.365944460076
True,0.0046192,30,3132,6494.631104953238
True,0.00458944,30,3133,6536.745223818156
True,0.00459552,30,3134,6528.096929183205
True,0.00459127,30,3135,6534.139791386698
True,0.0045963,30,3136,6526.989099928202
True,0.00461453,30,3137,6501.203806238122
True,0.00459362,30,3138,6530.797062012096
True,0.00459822,30,3139,6524.263736837298
True,0.00459876,30,3140,6523.4976384938545
True,0.00459514,30,3141,6528.636777116692
True,0.00459373,30,3142,6530.640677619277
True,0.00458641,30,3143,6541.063707780159
True,0.00460319,30,3144,6517.219580334507
True,0.00459373,30,3145,6530.640677619277
True,0.00458819,30,3146,6538.526085449818
True,0.00459266,30,3147,6532.162189232384
True,0.00471457,30,3148,6363.2526402195745
True,0.00490633,30,3149,6114.549979312439
True,0.00492182,30,3150,6095.306207866195
True,0.00490885,30,3151,6111.411022948349
True,0.00489972,30,3152,6122.798853812054
True,0.00490582,30,3153,6115.185636651977
True,0.00493479,30,3154,6079.286048646447
True,0.00490171,30,3155,6120.313115218974
True,0.00490419,30,3156,6117.218133881436
True,0.00489983,30,3157,6122.661398456681
True,0.00490038,30,3158,6121.974214244609
True,0.00491342,30,3159,6105.726764656797
True,0.00490575,30,3160,6115.272894052897
True,0.0049092,30,3161,6110.975311659741
True,0.00490562,30,3162,6115.434950118435
True,0.00492508,30,3163,6091.27161386211
True,0.00490764,30,3164,6112.917817932856
True,0.00490532,30,3165,6115.808958436962
True,0.00490488,30,3166,6116.3575867299505
True,0.00491273,30,3167,6106.584322769621
True,0.00490148,30,3168,6120.600308478256
True,0.00491198,30,3169,6107.5167244166305
True,0.00490704,30,3170,6113.665264599433
True,0.00491294,30,3171,6106.323301322629
True,0.00491837,30,3172,6099.581772009832
True,0.00489755,30,3173,6125.511735459567
True,0.00489914,30,3174,6123.5237204897185
True,0.00490216,30,3175,6119.75129330744
True,0.00493925,30,3176,6073.796629042871
True,0.00490104,30,3177,6121.149796777827
True,0.00490458,30,3178,6116.7317079138265
True,0.00489242,30,3179,6131.934707159238
True,0.00489896,30,3180,6123.7487140127705
True,0.00493952,30,3181,6073.4646281420055
True,0.00494042,30,3182,6072.358220556147
True,0.00491085,30,3183,6108.9220806988615
True,0.00489498,30,3184,6128.727798683549
True,0.0049064,30,3185,6114.462742540355
True,0.00489541,30,3186,6128.189467276489
True,0.00489716,30,3187,6125.999558928032
True,0.00489898,30,3188,6123.723713915958
True,0.0049116,30,3189,6107.98924993892
True,0.00490068,30,3190,6121.599451504689
True,0.00489304,30,3191,6131.157726076222
True,0.00489562,30,3192,6127.926595609953
True,0.00489764,30,3193,6125.399171846032
True,0.00491019,30,3194,6109.743207492989
True,0.00489634,30,3195,6127.025492510733
True,0.00489574,30,3196,6127.776393354222
True,0.00491611,30,3197,6102.3858294464535
True,0.00490361,30,3198,6117.941679701281
True,0.00489493,30,3199,6128.79040149706
True,0.00489082,30,3200,6133.940729775375
True,0.00489709,30,3201,6126.087125211095
True,0.0048984,30,3202,6124.448799608035
True,0.00491104,30,3203,6108.68573662605
True,0.0048915,30,3204,6133.088009812941
True,0.00489519,30,3205,6128.464880832001
True,0.00489354,30,3206,6130.531271840017
True,0.00490706,30,3207,6113.64034676568
True,0.00489982,30,3208,6122.67389414305
True,0.0048961,30,3209,6127.325830763261
True,0.00489388,30,3210,6130.105356077387
True,0.00489316,30,3211,6131.007365383515
True,0.00490648,30,3212,6114.363046420243
True,0.00489702,30,3213,6126.174693997574
True,0.00489802,30,3214,6124.923948860968
True,0.0048884,30,3215,6136.977334097046
True,0.00490558,30,3216,6115.484815251204
True,0.00489079,30,3217,6133.978355235044
True,0.00491538,30,3218,6103.292115767245
True,0.0048914,30,3219,6133.213394938055
True,0.00467567,30,3220,6416.192759540344
True,0.00460649,30,3221,6512.550770760383
True,0.00458559,30,3222,6542.233387633871
True,0.00459262,30,3223,6532.219081918382
True,0.00458695,30,3224,6540.293659185297
True,0.00459157,30,3225,6533.71286945424
True,0.00459268,30,3226,6532.133743261015
True,0.00458581,30,3227,6541.919530028501
True,0.00461731,30,3228,6497.289547377152
True,0.0045919,30,3229,6533.243319758705
True,0.0045897,30,3230,6536.374926465782
True,0.00459492,30,3231,6528.949361468753
True,0.00459665,30,3232,6526.492119260766
True,0.00458602,30,3233,6541.619966768571
True,0.00460035,30,3234,6521.242948906062
True,0.00459153,30,3235,6533.769789155249
True,0.00459002,30,3236,6535.919233467392
True,0.00458611,30,3237,6541.49159091256
True,0.00458134,30,3238,6548.302461725172
True,0.00458322,30,3239,6545.616400696454
True,0.0045838,30,3240,6544.7881670229945
True,0.00462328,30,3241,6488.899655655726
True,0.004586,30,3242,6541.648495420846
True,0.0045893,30,3243,6536.944632078966
True,0.00458423,30,3244,6544.174266997948
True,0.00458172,30,3245,6547.759356748121
True,0.00459138,30,3246,6533.983246866955
True,0.00458859,30,3247,6537.956104162717
True,0.00460315,30,3248,6517.276213028034
True,0.00459662,30,3249,6526.534714638147
True,0.00458905,30,3250,6537.3007485209355
True,0.0045818,30,3251,6547.645030337422
True,0.00459103,30,3252,6534.4813691045365
True,0.00458475,30,3253,6543.432030099787
True,0.00458773,30,3254,6539.181686803713
True,0.00473598,30,3255,6334.486209823522
True,0.0045896,30,3256,6536.5173435593515
True,0.00458206,30,3257,6547.273497073369
True,0.00458318,30,3258,6545.673527987118
True,0.00458175,30,3259,6547.716483876248
True,0.00458496,30,3260,6543.132328308207
True,0.00459956,30,3261,6522.363008635609
True,0.00458299,30,3262,6545.944896235863
True,0.0046059,30,3263,6513.3850061877165
True,0.00458629,30,3264,6541.234854315798
True,0.00459401,30,3265,6530.242642049103
True,0.00459534,30,3266,6528.3526354959595
True,0.00459595,30,3267,6527.486156289778
True,0.00461685,30,3268,6497.936905032652
True,0.00459713,30,3269,6525.810668830336
True,0.00459317,30,3270,6531.4368943453
True,0.00459244,30,3271,6532.475111269827
True,0.0045919,30,3272,6533.243319758705
True,0.00458869,30,3273,6537.813624367738
True,0.0045911,30,3274,6534.381738581168
True,0.00461178,30,3275,6505.080467845387
True,0.00459239,30,3276,6532.546234095972
True,0.00459524,30,3277,6528.494703214631
True,0.00459725,30,3278,6525.64032845723
True,0.00459534,30,3279,6528.3526354959595
True,0.00459907,30,3280,6523.057922579999
True,0.00461155,30,3281,6505.404907243768
True,0.00459537,30,3282,6528.310016386059
True,0.00459066,30,3283,6535.0080380598865
True,0.0045942,30,3284,6529.972574115189
True,0.0045937,30,3285,6530.683327165466
True,0.00461086,30,3286,6506.378419644058
True,0.00459679,30,3287,6526.2933481842765
True,0.00460034,30,3288,6521.257124473409
True,0.00458557,30,3289,6542.261921636787
True,0.00458594,30,3290,6541.734082870687
True,0.00459106,30,3291,6534.43866993679
True,0.00458864,30,3292,6537.884863488965
True,0.00459014,30,3293,6535.748364973617
True,0.00459027,30,3294,6535.563267520211
True,0.00460875,30,3295,6509.357200976404
True,0.00459288,30,3296,6531.849297173016
True,0.0045927,30,3297,6532.105297537397
True,0.00459203,30,3298,6533.058364165739
True,0.00458974,30,3299,6536.317961366003
True,0.00459327,30,3300,6531.294698548093
True,0.00459511,30,3301,6528.679400493133
True,0.00460514,30,3302,6514.459929556973
True,0.00458763,30,3303,6539.324226234461
True,0.00458283,30,3304,6546.173434318968
True,0.00459215,30,3305,6532.887645220649
True,0.00459398,30,3306,6530.2852863965445
True,0.00459112,30,3307,6534.3532732753665
True,0.00462061,30,3308,6492.649238953299
True,0.00459058,30,3309,6535.121923591354
True,0.00458582,30,3310,6541.90526448923
True,0.00458832,30,3311,6538.340830630819
True,0.00459225,30,3312,6532.745386248571
True,0.00458808,30,3313,6538.682847727155
True,0.00458535,30,3314,6542.575812097222
True,0.00460051,30,3315,6521.016148209655
True,0.00458433,30,3316,6544.031516055781
True,0.00458402,30,3317,6544.474064249283
True,0.00458528,30,3318,6542.675692651267
True,0.00459059,30,3319,6535.1076876828465
True,0.00458634,30,3320,6541.163542170881
True,0.00459162,30,3321,6533.641721222574
True,0.00460039,30,3322,6521.18624725295
True,0.00459192,30,3323,6533.2148643704595
True,0.00458524,30,3324,6542.732768622798
True,0.00459701,30,3325,6525.981018096545
True,0.00459331,30,3326,6531.237821962812
True,0.00458878,30,3327,6537.685397861741
True,0.0045924,30,3328,6532.532009406847
True,0.00460545,30,3329,6514.021431130509
True,0.00459436,30,3330,6529.745165811996
True,0.00462167,30,3331,6491.1601217741645
True,0.00460028,30,3332,6521.342179171703
False,0.00153072,10,3333,6532.873419044633
